부재ID,유형,체적(m³),면적(m²),거푸집(m²),길이(m)
COL-sheet_1-0001,column,1.1186,0.0,8.393,0.0
COL-sheet_1-0002,column,1.7752,0.0,10.178,0.0
COL-sheet_1-0003,column,1.7752,0.0,10.178,0.0
COL-sheet_1-0004,column,4.2,0.0,15.4,0.0
COL-sheet_1-0005,column,1.7752,0.0,10.178,0.0
COL-sheet_1-0006,column,1.12,0.0,8.4,0.0
COL-sheet_1-0007,column,1.12,0.0,8.4,0.0
COL-sheet_1-0008,column,1.225,0.0,8.4,0.0
COL-sheet_1-0009,column,1.12,0.0,8.4,0.0
COL-sheet_1-0010,column,1.12,0.0,8.4,0.0
COL-sheet_1-0011,column,1.12,0.0,8.4,0.0
COL-sheet_1-0012,column,1.12,0.0,8.4,0.0
COL-sheet_1-0013,column,1.12,0.0,8.4,0.0
COL-sheet_1-0014,column,1.12,0.0,8.4,0.0
COL-sheet_1-0015,column,2.1,0.0,11.2,0.0
COL-sheet_1-0016,column,2.45,0.0,11.9,0.0
COL-sheet_1-0017,column,2.1,0.0,11.2,0.0
COL-sheet_1-0018,column,1.7752,0.0,10.178,0.0
COL-sheet_1-0019,column,2.52,0.0,12.6,0.0
COL-sheet_1-0020,column,2.1,0.0,11.2,0.0
COL-sheet_1-0021,column,1.12,0.0,8.4,0.0
COL-sheet_1-0022,column,1.7752,0.0,10.178,0.0
COL-sheet_1-0023,column,1.7752,0.0,10.178,0.0
COL-sheet_1-0024,column,1.7752,0.0,10.178,0.0
COL-sheet_1-0025,column,1.7752,0.0,10.178,0.0
COL-sheet_1-0026,column,1.7752,0.0,10.178,0.0
COL-sheet_1-0027,column,1.7752,0.0,10.178,0.0
COL-sheet_1-0028,column,1.7752,0.0,10.178,0.0
COL-sheet_1-0029,column,1.7752,0.0,10.178,0.0
COL-sheet_1-0030,column,1.12,0.0,8.4,0.0
COL-sheet_1-0031,column,1.12,0.0,8.4,0.0
COL-sheet_1-0032,column,1.12,0.0,8.4,0.0
COL-sheet_1-0033,column,1.12,0.0,8.4,0.0
COL-sheet_1-0034,column,1.7752,0.0,10.178,0.0
COL-sheet_1-0035,column,1.12,0.0,8.4,0.0
COL-sheet_1-0036,column,1.12,0.0,8.4,0.0
COL-sheet_1-0037,column,1.12,0.0,8.4,0.0
COL-sheet_1-0038,column,1.7752,0.0,10.178,0.0
COL-sheet_1-0039,column,1.7752,0.0,10.178,0.0
COL-sheet_1-0040,column,1.7752,0.0,10.178,0.0
COL-sheet_1-0041,column,1.7752,0.0,10.178,0.0
COL-sheet_1-0042,column,1.7752,0.0,10.178,0.0
COL-sheet_1-0043,column,1.7752,0.0,10.178,0.0
COL-sheet_1-0044,column,1.7752,0.0,10.178,0.0
COL-sheet_1-0045,column,1.7752,0.0,10.178,0.0
COL-sheet_1-0046,column,1.7752,0.0,10.178,0.0
COL-sheet_1-0047,column,1.7752,0.0,10.178,0.0
COL-sheet_1-0048,column,1.7752,0.0,10.178,0.0
COL-sheet_1-0049,column,1.7752,0.0,10.178,0.0
COL-sheet_1-0050,column,1.7752,0.0,10.178,0.0
COL-sheet_1-0051,column,1.7752,0.0,10.178,0.0
COL-sheet_1-0052,column,1.7752,0.0,10.178,0.0
COL-sheet_1-0053,column,1.12,0.0,8.4,0.0
COL-sheet_1-0054,column,1.12,0.0,8.4,0.0
COL-sheet_1-0055,column,1.12,0.0,8.4,0.0
COL-sheet_1-0056,column,1.12,0.0,8.4,0.0
COL-sheet_1-0057,column,1.12,0.0,8.4,0.0
COL-sheet_1-0058,column,1.12,0.0,8.4,0.0
COL-sheet_1-0059,column,1.12,0.0,8.4,0.0
COL-sheet_1-0060,column,1.12,0.0,8.4,0.0
COL-sheet_1-0061,column,1.12,0.0,8.4,0.0
COL-sheet_1-0062,column,1.7752,0.0,10.178,0.0
COL-sheet_1-0063,column,2.5138,0.0,11.865,0.0
COL-sheet_1-0064,column,1.7752,0.0,10.178,0.0
COL-sheet_1-0065,column,1.7752,0.0,10.178,0.0
COL-sheet_1-0066,column,1.7752,0.0,10.178,0.0
COL-sheet_1-0067,column,1.12,0.0,8.4,0.0
COL-sheet_1-0068,column,1.12,0.0,8.4,0.0
COL-sheet_1-0069,column,1.12,0.0,8.4,0.0
COL-sheet_1-0070,column,1.12,0.0,8.4,0.0
COL-sheet_1-0071,column,1.12,0.0,8.4,0.0
COL-sheet_1-0072,column,1.12,0.0,8.4,0.0
COL-sheet_1-0073,column,1.12,0.0,8.4,0.0
COL-sheet_1-0074,column,1.12,0.0,8.4,0.0
COL-sheet_1-0075,column,1.12,0.0,8.4,0.0
COL-sheet_1-0076,column,1.7752,0.0,10.178,0.0
COL-sheet_1-0077,column,1.7752,0.0,10.178,0.0
COL-sheet_1-0078,column,1.7752,0.0,10.178,0.0
COL-sheet_1-0079,column,1.7752,0.0,10.178,0.0
COL-sheet_1-0080,column,1.12,0.0,8.4,0.0
COL-sheet_1-0081,column,1.12,0.0,8.4,0.0
COL-sheet_1-0082,column,1.7752,0.0,10.178,0.0
COL-sheet_1-0083,column,1.12,0.0,8.4,0.0
COL-sheet_1-0084,column,1.12,0.0,8.4,0.0
COL-sheet_1-0085,column,1.12,0.0,8.4,0.0
COL-sheet_1-0086,column,1.12,0.0,8.4,0.0
COL-sheet_1-0087,column,1.12,0.0,8.4,0.0
COL-sheet_1-0088,column,1.12,0.0,8.4,0.0
COL-sheet_1-0089,column,1.12,0.0,8.4,0.0
COL-sheet_1-0090,column,1.12,0.0,8.4,0.0
COL-sheet_1-0091,column,1.12,0.0,8.4,0.0
COL-sheet_1-0092,column,1.12,0.0,8.4,0.0
COL-sheet_1-0093,column,1.12,0.0,8.4,0.0
COL-sheet_1-0094,column,1.12,0.0,8.4,0.0
COL-sheet_1-0095,column,1.7752,0.0,10.178,0.0
COL-sheet_1-0096,column,1.7752,0.0,10.178,0.0
COL-sheet_1-0097,column,1.7752,0.0,10.178,0.0
COL-sheet_1-0098,column,1.7752,0.0,10.178,0.0
COL-sheet_1-0099,column,1.7752,0.0,10.178,0.0
COL-sheet_1-0100,column,1.7752,0.0,10.178,0.0
COL-sheet_1-0101,column,1.7752,0.0,10.178,0.0
COL-sheet_1-0102,column,1.7752,0.0,10.178,0.0
COL-sheet_1-0103,column,1.7752,0.0,10.178,0.0
COL-sheet_1-0104,column,1.7752,0.0,10.178,0.0
COL-sheet_1-0105,column,1.7752,0.0,10.178,0.0
COL-sheet_1-0106,column,1.7752,0.0,10.178,0.0
COL-sheet_1-0107,column,1.12,0.0,8.4,0.0
COL-sheet_1-0108,column,1.12,0.0,8.4,0.0
COL-sheet_1-0109,column,1.12,0.0,8.4,0.0
COL-sheet_1-0110,column,1.12,0.0,8.4,0.0
COL-sheet_1-0111,column,1.12,0.0,8.4,0.0
COL-sheet_1-0112,column,1.12,0.0,8.4,0.0
COL-sheet_1-0113,column,1.12,0.0,8.4,0.0
COL-sheet_1-0114,column,1.12,0.0,8.4,0.0
COL-sheet_1-0115,column,1.12,0.0,8.4,0.0
COL-sheet_1-0116,column,1.12,0.0,8.4,0.0
COL-sheet_1-0117,column,1.12,0.0,8.4,0.0
COL-sheet_1-0118,column,1.12,0.0,8.4,0.0
COL-sheet_1-0119,column,1.12,0.0,8.4,0.0
COL-sheet_1-0120,column,1.12,0.0,8.4,0.0
COL-sheet_1-0121,column,1.12,0.0,8.4,0.0
COL-sheet_1-0122,column,1.7752,0.0,10.178,0.0
COL-sheet_1-0123,column,1.7752,0.0,10.178,0.0
COL-sheet_1-0124,column,1.12,0.0,8.4,0.0
COL-sheet_1-0125,column,1.12,0.0,8.4,0.0
COL-sheet_1-0126,column,2.313,0.0,11.452,0.0
COL-sheet_1-0127,column,1.225,0.0,8.4,0.0
COL-sheet_1-0128,column,1.225,0.0,8.4,0.0
COL-sheet_1-0129,column,1.225,0.0,8.4,0.0
COL-sheet_1-0130,column,1.225,0.0,8.4,0.0
COL-sheet_1-0131,column,1.225,0.0,8.4,0.0
COL-sheet_1-0132,column,1.225,0.0,8.4,0.0
COL-sheet_1-0133,column,1.225,0.0,8.4,0.0
COL-sheet_1-0134,column,1.225,0.0,8.4,0.0
COL-sheet_1-0135,column,1.225,0.0,8.4,0.0
COL-sheet_1-0136,column,1.225,0.0,8.4,0.0
COL-sheet_1-0137,column,1.8312,0.0,10.178,0.0
COL-sheet_1-0138,column,1.8312,0.0,10.178,0.0
COL-sheet_1-0139,column,1.8312,0.0,10.178,0.0
COL-sheet_1-0140,column,1.8312,0.0,10.178,0.0
COL-sheet_1-0141,column,1.8312,0.0,10.178,0.0
COL-sheet_1-0142,column,1.225,0.0,8.4,0.0
COL-sheet_1-0143,column,2.3963,0.0,11.613,0.0
COL-sheet_1-0144,column,1.12,0.0,8.4,0.0
COL-sheet_1-0145,column,1.12,0.0,8.4,0.0
COL-sheet_1-0146,column,1.12,0.0,8.4,0.0
COL-sheet_1-0147,column,1.12,0.0,8.4,0.0
COL-sheet_1-0148,column,1.12,0.0,8.4,0.0
COL-sheet_1-0149,column,1.12,0.0,8.4,0.0
COL-sheet_1-0150,column,1.12,0.0,8.4,0.0
COL-sheet_1-0151,column,1.12,0.0,8.4,0.0
COL-sheet_1-0152,column,1.12,0.0,8.4,0.0
COL-sheet_1-0153,column,1.12,0.0,8.4,0.0
COL-sheet_1-0154,column,1.12,0.0,8.4,0.0
COL-sheet_1-0155,column,1.12,0.0,8.4,0.0
COL-sheet_1-0156,column,1.12,0.0,8.4,0.0
COL-sheet_1-0157,column,1.7752,0.0,10.178,0.0
COL-sheet_1-0158,column,1.7752,0.0,10.178,0.0
COL-sheet_1-0159,column,1.7752,0.0,10.178,0.0
COL-sheet_1-0160,column,1.7752,0.0,10.178,0.0
COL-sheet_1-0161,column,1.12,0.0,8.4,0.0
COL-sheet_1-0162,column,1.12,0.0,8.4,0.0
COL-sheet_1-0163,column,1.12,0.0,8.4,0.0
COL-sheet_1-0164,column,1.12,0.0,8.4,0.0
COL-sheet_1-0165,column,1.7752,0.0,10.178,0.0
COL-sheet_1-0166,column,1.7752,0.0,10.178,0.0
COL-sheet_1-0167,column,1.7752,0.0,10.178,0.0
COL-sheet_1-0168,column,1.7752,0.0,10.178,0.0
COL-sheet_1-0169,column,1.7752,0.0,10.178,0.0
COL-sheet_1-0170,column,1.7752,0.0,10.178,0.0
COL-sheet_1-0171,column,1.12,0.0,8.4,0.0
COL-sheet_1-0172,column,1.12,0.0,8.4,0.0
COL-sheet_1-0173,column,1.7752,0.0,10.178,0.0
COL-sheet_1-0174,column,1.12,0.0,8.4,0.0
COL-sheet_1-0175,column,1.12,0.0,8.4,0.0
COL-sheet_1-0176,column,1.12,0.0,8.4,0.0
COL-sheet_1-0177,column,1.12,0.0,8.4,0.0
COL-sheet_1-0178,column,1.12,0.0,8.4,0.0
COL-sheet_1-0179,column,1.12,0.0,8.4,0.0
COL-sheet_1-0180,column,1.12,0.0,8.4,0.0
COL-sheet_1-0181,column,1.12,0.0,8.4,0.0
COL-sheet_1-0182,column,1.12,0.0,8.4,0.0
COL-sheet_1-0183,column,1.12,0.0,8.4,0.0
COL-sheet_1-0184,column,1.12,0.0,8.4,0.0
COL-sheet_1-0185,column,1.12,0.0,8.4,0.0
COL-sheet_1-0186,column,1.12,0.0,8.4,0.0
COL-sheet_1-0187,column,1.12,0.0,8.4,0.0
COL-sheet_1-0188,column,1.12,0.0,8.4,0.0
COL-sheet_1-0189,column,1.12,0.0,8.4,0.0
COL-sheet_1-0190,column,1.12,0.0,8.4,0.0
COL-sheet_1-0191,column,1.12,0.0,8.4,0.0
COL-sheet_1-0192,column,1.12,0.0,8.4,0.0
COL-sheet_1-0193,column,1.12,0.0,8.4,0.0
COL-sheet_1-0194,column,1.12,0.0,8.4,0.0
COL-sheet_1-0195,column,1.12,0.0,8.4,0.0
COL-sheet_1-0196,column,1.12,0.0,8.4,0.0
COL-sheet_1-0197,column,1.12,0.0,8.4,0.0
COL-sheet_1-0198,column,1.12,0.0,8.4,0.0
COL-sheet_1-0199,column,1.12,0.0,8.4,0.0
COL-sheet_1-0200,column,1.12,0.0,8.4,0.0
COL-sheet_1-0201,column,1.12,0.0,8.4,0.0
COL-sheet_1-0202,column,1.12,0.0,8.4,0.0
COL-sheet_1-0203,column,1.12,0.0,8.4,0.0
COL-sheet_1-0204,column,1.12,0.0,8.4,0.0
COL-sheet_1-0205,column,1.12,0.0,8.4,0.0
COL-sheet_1-0206,column,1.7752,0.0,10.178,0.0
COL-sheet_1-0207,column,1.7752,0.0,10.178,0.0
COL-sheet_1-0208,column,1.7752,0.0,10.178,0.0
COL-sheet_1-0209,column,1.7752,0.0,10.178,0.0
COL-sheet_1-0210,column,1.7752,0.0,10.178,0.0
COL-sheet_1-0211,column,1.7752,0.0,10.178,0.0
COL-sheet_1-0212,column,1.7752,0.0,10.178,0.0
COL-sheet_1-0213,column,1.7752,0.0,10.178,0.0
COL-sheet_1-0214,column,1.7752,0.0,10.178,0.0
COL-sheet_1-0215,column,1.12,0.0,8.4,0.0
COL-sheet_1-0216,column,1.12,0.0,8.4,0.0
COL-sheet_1-0217,column,1.12,0.0,8.4,0.0
COL-sheet_1-0218,column,1.12,0.0,8.4,0.0
COL-sheet_1-0219,column,1.12,0.0,8.4,0.0
COL-sheet_1-0220,column,1.12,0.0,8.4,0.0
COL-sheet_1-0221,column,1.12,0.0,8.4,0.0
COL-sheet_1-0222,column,1.12,0.0,8.4,0.0
COL-sheet_1-0223,column,1.12,0.0,8.4,0.0
COL-sheet_1-0224,column,1.12,0.0,8.4,0.0
COL-sheet_1-0225,column,1.12,0.0,8.4,0.0
COL-sheet_1-0226,column,1.12,0.0,8.4,0.0
COL-sheet_1-0227,column,1.12,0.0,8.4,0.0
COL-sheet_1-0228,column,1.12,0.0,8.4,0.0
COL-sheet_1-0229,column,1.12,0.0,8.4,0.0
COL-sheet_1-0230,column,1.12,0.0,8.4,0.0
COL-sheet_1-0231,column,1.12,0.0,8.4,0.0
COL-sheet_1-0232,column,1.12,0.0,8.4,0.0
COL-sheet_1-0233,column,1.12,0.0,8.4,0.0
COL-sheet_1-0234,column,1.12,0.0,8.4,0.0
COL-sheet_1-0235,column,1.12,0.0,8.4,0.0
COL-sheet_1-0236,column,1.12,0.0,8.4,0.0
COL-sheet_1-0237,column,1.12,0.0,8.4,0.0
COL-sheet_1-0238,column,1.12,0.0,8.4,0.0
COL-sheet_1-0239,column,1.12,0.0,8.4,0.0
COL-sheet_1-0240,column,1.12,0.0,8.4,0.0
COL-sheet_1-0241,column,1.12,0.0,8.4,0.0
COL-sheet_1-0242,column,1.12,0.0,8.4,0.0
COL-sheet_1-0243,column,1.12,0.0,8.4,0.0
COL-sheet_1-0244,column,1.12,0.0,8.4,0.0
COL-sheet_1-0245,column,1.12,0.0,8.4,0.0
COL-sheet_1-0246,column,1.12,0.0,8.4,0.0
COL-sheet_1-0247,column,1.12,0.0,8.4,0.0
COL-sheet_1-0248,column,1.12,0.0,8.4,0.0
COL-sheet_1-0249,column,1.12,0.0,8.4,0.0
COL-sheet_1-0250,column,1.12,0.0,8.4,0.0
COL-sheet_1-0251,column,1.12,0.0,8.4,0.0
COL-sheet_1-0252,column,1.12,0.0,8.4,0.0
COL-sheet_1-0253,column,1.12,0.0,8.4,0.0
COL-sheet_1-0254,column,1.12,0.0,8.4,0.0
COL-sheet_1-0255,column,1.12,0.0,8.4,0.0
COL-sheet_1-0256,column,1.12,0.0,8.4,0.0
COL-sheet_1-0257,column,1.12,0.0,8.4,0.0
COL-sheet_1-0258,column,1.12,0.0,8.4,0.0
COL-sheet_1-0259,column,1.12,0.0,8.4,0.0
COL-sheet_1-0260,column,1.12,0.0,8.4,0.0
COL-sheet_1-0261,column,1.12,0.0,8.4,0.0
COL-sheet_1-0262,column,1.12,0.0,8.4,0.0
COL-sheet_1-0263,column,1.12,0.0,8.4,0.0
COL-sheet_1-0264,column,1.12,0.0,8.4,0.0
COL-sheet_1-0265,column,1.12,0.0,8.4,0.0
COL-sheet_1-0266,column,1.12,0.0,8.4,0.0
COL-sheet_1-0267,column,1.12,0.0,8.4,0.0
COL-sheet_1-0268,column,1.12,0.0,8.4,0.0
COL-sheet_1-0269,column,1.12,0.0,8.4,0.0
COL-sheet_1-0270,column,1.12,0.0,8.4,0.0
COL-sheet_1-0271,column,1.12,0.0,8.4,0.0
COL-sheet_1-0272,column,1.12,0.0,8.4,0.0
COL-sheet_1-0273,column,1.12,0.0,8.4,0.0
COL-sheet_1-0274,column,1.12,0.0,8.4,0.0
COL-sheet_1-0275,column,1.12,0.0,8.4,0.0
COL-sheet_1-0276,column,1.12,0.0,8.4,0.0
COL-sheet_1-0277,column,1.12,0.0,8.4,0.0
COL-sheet_1-0278,column,1.12,0.0,8.4,0.0
COL-sheet_1-0279,column,1.12,0.0,8.4,0.0
COL-sheet_1-0280,column,1.12,0.0,8.4,0.0
COL-sheet_1-0281,column,1.12,0.0,8.4,0.0
COL-sheet_1-0282,column,1.12,0.0,8.4,0.0
COL-sheet_1-0283,column,1.12,0.0,8.4,0.0
COL-sheet_1-0284,column,1.12,0.0,8.4,0.0
COL-sheet_1-0285,column,1.12,0.0,8.4,0.0
COL-sheet_1-0286,column,1.12,0.0,8.4,0.0
COL-sheet_1-0287,column,1.12,0.0,8.4,0.0
COL-sheet_1-0288,column,1.12,0.0,8.4,0.0
COL-sheet_1-0289,column,1.12,0.0,8.4,0.0
COL-sheet_1-0290,column,1.12,0.0,8.4,0.0
COL-sheet_1-0291,column,1.12,0.0,8.4,0.0
COL-sheet_1-0292,column,1.12,0.0,8.4,0.0
COL-sheet_1-0293,column,1.12,0.0,8.4,0.0
COL-sheet_1-0294,column,1.12,0.0,8.4,0.0
COL-sheet_1-0295,column,1.12,0.0,8.4,0.0
COL-sheet_1-0296,column,1.12,0.0,8.4,0.0
COL-sheet_1-0297,column,1.12,0.0,8.4,0.0
COL-sheet_1-0298,column,1.12,0.0,8.4,0.0
COL-sheet_1-0299,column,1.12,0.0,8.4,0.0
COL-sheet_1-0300,column,1.12,0.0,8.4,0.0
COL-sheet_1-0301,column,1.12,0.0,8.4,0.0
COL-sheet_1-0302,column,1.12,0.0,8.4,0.0
COL-sheet_1-0303,column,1.12,0.0,8.4,0.0
COL-sheet_1-0304,column,1.12,0.0,8.4,0.0
COL-sheet_1-0305,column,1.12,0.0,8.4,0.0
COL-sheet_1-0306,column,1.12,0.0,8.4,0.0
COL-sheet_1-0307,column,1.12,0.0,8.4,0.0
COL-sheet_1-0308,column,1.12,0.0,8.4,0.0
COL-sheet_1-0309,column,1.12,0.0,8.4,0.0
COL-sheet_1-0310,column,1.12,0.0,8.4,0.0
COL-sheet_1-0311,column,1.12,0.0,8.4,0.0
COL-sheet_1-0312,column,1.12,0.0,8.4,0.0
COL-sheet_1-0313,column,1.12,0.0,8.4,0.0
COL-sheet_1-0314,column,1.12,0.0,8.4,0.0
COL-sheet_1-0315,column,1.12,0.0,8.4,0.0
COL-sheet_1-0316,column,1.12,0.0,8.4,0.0
COL-sheet_1-0317,column,1.7752,0.0,10.178,0.0
COL-sheet_1-0318,column,1.7752,0.0,10.178,0.0
COL-sheet_1-0319,column,1.7752,0.0,10.178,0.0
COL-sheet_1-0320,column,1.7752,0.0,10.178,0.0
COL-sheet_1-0321,column,1.7752,0.0,10.178,0.0
COL-sheet_1-0322,column,1.7752,0.0,10.178,0.0
COL-sheet_1-0323,column,1.7752,0.0,10.178,0.0
COL-sheet_1-0324,column,1.7752,0.0,10.178,0.0
COL-sheet_1-0325,column,1.7752,0.0,10.178,0.0
COL-sheet_1-0326,column,1.7752,0.0,10.178,0.0
COL-sheet_1-0327,column,1.7752,0.0,10.178,0.0
COL-sheet_1-0328,column,1.7752,0.0,10.178,0.0
COL-sheet_1-0329,column,1.7752,0.0,10.178,0.0
COL-sheet_1-0330,column,1.7752,0.0,10.178,0.0
COL-sheet_1-0331,column,1.7752,0.0,10.178,0.0
COL-sheet_1-0332,column,1.7752,0.0,10.178,0.0
COL-sheet_1-0333,column,1.7752,0.0,10.178,0.0
COL-sheet_1-0334,column,1.7752,0.0,10.178,0.0
COL-sheet_1-0335,column,1.7752,0.0,10.178,0.0
COL-sheet_1-0336,column,1.7752,0.0,10.178,0.0
COL-sheet_1-0337,column,1.7752,0.0,10.178,0.0
COL-sheet_1-0338,column,1.7752,0.0,10.178,0.0
COL-sheet_1-0339,column,1.7752,0.0,10.178,0.0
COL-sheet_1-0340,column,1.7752,0.0,10.178,0.0
COL-sheet_1-0341,column,1.7752,0.0,10.178,0.0
COL-sheet_1-0342,column,1.7752,0.0,10.178,0.0
COL-sheet_1-0343,column,1.7752,0.0,10.178,0.0
COL-sheet_1-0344,column,1.7752,0.0,10.178,0.0
COL-sheet_1-0345,column,1.12,0.0,8.4,0.0
COL-sheet_1-0346,column,1.12,0.0,8.4,0.0
COL-sheet_1-0347,column,1.12,0.0,8.4,0.0
COL-sheet_1-0348,column,1.12,0.0,8.4,0.0
COL-sheet_1-0349,column,1.12,0.0,8.4,0.0
COL-sheet_1-0350,column,1.12,0.0,8.4,0.0
COL-sheet_1-0351,column,1.12,0.0,8.4,0.0
COL-sheet_1-0352,column,1.12,0.0,8.4,0.0
COL-sheet_1-0353,column,1.12,0.0,8.4,0.0
COL-sheet_1-0354,column,1.12,0.0,8.4,0.0
COL-sheet_1-0355,column,1.12,0.0,8.4,0.0
COL-sheet_1-0356,column,1.12,0.0,8.4,0.0
COL-sheet_1-0357,column,1.12,0.0,8.4,0.0
COL-sheet_1-0358,column,1.12,0.0,8.4,0.0
COL-sheet_1-0359,column,1.12,0.0,8.4,0.0
COL-sheet_1-0360,column,1.12,0.0,8.4,0.0
COL-sheet_1-0361,column,1.12,0.0,8.4,0.0
COL-sheet_1-0362,column,1.12,0.0,8.4,0.0
COL-sheet_1-0363,column,1.12,0.0,8.4,0.0
COL-sheet_1-0364,column,1.12,0.0,8.4,0.0
COL-sheet_1-0365,column,2.52,0.0,12.6,0.0
COL-sheet_1-0366,column,2.1,0.0,11.2,0.0
COL-sheet_1-0367,column,3.15,0.0,14.7,0.0
COL-sheet_1-0368,column,2.52,0.0,12.6,0.0
COL-sheet_1-0369,column,2.73,0.0,13.3,0.0
COL-sheet_1-0370,column,4.2,0.0,16.1,0.0
COL-sheet_1-0371,column,3.675,0.0,15.4,0.0
COL-sheet_1-0372,column,6.8728,0.0,19.642,0.0
COL-sheet_1-0373,column,9.0859,0.0,22.596,0.0
COL-sheet_1-0374,column,3.15,0.0,14.7,0.0
COL-sheet_1-0375,column,2.52,0.0,12.6,0.0
COL-sheet_1-0376,column,3.36,0.0,15.4,0.0
COL-sheet_1-0377,column,3.78,0.0,16.8,0.0
COL-sheet_1-0378,column,6.8728,0.0,19.642,0.0
COL-sheet_1-0379,column,12.5114,0.0,26.516,0.0
COL-sheet_1-0380,column,5.8304,0.0,18.158,0.0
COL-sheet_1-0381,column,8.0138,0.0,22.05,0.0
COL-sheet_1-0382,column,5.292,0.0,17.815,0.0
COL-sheet_1-0383,column,8.4555,0.0,21.763,0.0
COL-sheet_1-0384,column,7.7009,0.0,20.769,0.0
COL-sheet_1-0385,column,4.4092,0.0,16.114,0.0
COL-sheet_1-0386,column,5.9227,0.0,18.662,0.0
COL-sheet_1-0387,column,5.6377,0.0,17.773,0.0
COL-sheet_1-0388,column,2.52,0.0,12.6,0.0
COL-sheet_1-0389,column,3.15,0.0,14.7,0.0
COL-sheet_1-0390,column,3.15,0.0,14.7,0.0
COL-sheet_1-0391,column,2.52,0.0,12.6,0.0
COL-sheet_1-0392,column,5.2442,0.0,17.206,0.0
COL-sheet_1-0393,column,9.8821,0.0,23.569,0.0
COL-sheet_1-0394,column,9.8821,0.0,23.569,0.0
COL-sheet_1-0395,column,7.5782,0.0,20.629,0.0
COL-sheet_1-0396,column,3.15,0.0,14.7,0.0
COL-sheet_1-0397,column,5.145,0.0,19.6,0.0
COL-sheet_1-0398,column,5.292,0.0,17.815,0.0
COL-sheet_1-0399,column,7.7009,0.0,20.769,0.0
COL-sheet_1-0400,column,7.7009,0.0,20.769,0.0
COL-sheet_1-0401,column,7.7009,0.0,20.769,0.0
COL-sheet_1-0402,column,7.7009,0.0,20.769,0.0
COL-sheet_1-0403,column,9.7613,0.0,24.598,0.0
COL-sheet_1-0404,column,8.0138,0.0,22.05,0.0
COL-sheet_1-0405,column,5.292,0.0,17.815,0.0
COL-sheet_1-0406,column,5.292,0.0,17.815,0.0
COL-sheet_1-0407,column,3.9951,0.0,15.267,0.0
COL-sheet_1-0408,column,3.9951,0.0,15.267,0.0
COL-sheet_1-0409,column,3.9951,0.0,15.267,0.0
COL-sheet_1-0410,column,10.0205,0.0,23.695,0.0
COL-sheet_1-0411,column,4.2,0.0,18.2,0.0
COL-sheet_1-0412,column,4.9,0.0,18.9,0.0
COL-sheet_1-0413,column,4.9,0.0,18.9,0.0
COL-sheet_1-0414,column,4.2,0.0,18.2,0.0
COL-sheet_1-0415,column,4.2,0.0,16.1,0.0
COL-sheet_1-0416,column,4.2,0.0,16.1,0.0
COL-sheet_1-0417,column,4.2,0.0,16.1,0.0
COL-sheet_1-0418,column,4.48,0.0,16.8,0.0
COL-sheet_1-0419,column,7.4456,0.0,20.629,0.0
COL-sheet_1-0420,column,7.4456,0.0,20.629,0.0
COL-sheet_1-0421,column,7.4456,0.0,20.629,0.0
COL-sheet_1-0422,column,7.4456,0.0,20.629,0.0
COL-sheet_1-0423,column,7.6401,0.0,20.699,0.0
COL-sheet_1-0424,column,14.5718,0.0,28.588,0.0
COL-sheet_1-0425,column,7.6401,0.0,20.699,0.0
COL-sheet_1-0426,column,7.6401,0.0,20.699,0.0
COL-sheet_1-0427,column,2.1,0.0,11.2,0.0
COL-sheet_1-0428,column,3.9951,0.0,15.267,0.0
COL-sheet_1-0429,column,3.9951,0.0,15.267,0.0
COL-sheet_1-0430,column,1.89,0.0,10.5,0.0
COL-sheet_1-0431,column,1.89,0.0,10.5,0.0
COL-sheet_1-0432,column,2.52,0.0,12.6,0.0
COL-sheet_1-0433,column,3.78,0.0,16.8,0.0
COL-sheet_1-0434,column,2.94,0.0,14.0,0.0
COL-sheet_1-0435,column,2.1,0.0,11.2,0.0
COL-sheet_1-0436,column,2.52,0.0,12.6,0.0
COL-sheet_1-0437,column,2.1,0.0,11.2,0.0
COL-sheet_1-0438,column,2.1,0.0,11.2,0.0
COL-sheet_1-0439,column,2.52,0.0,12.6,0.0
COL-sheet_1-0440,column,3.78,0.0,16.8,0.0
COL-sheet_1-0441,column,4.62,0.0,19.6,0.0
COL-sheet_1-0442,column,5.25,0.0,17.5,0.0
COL-sheet_1-0443,column,5.25,0.0,17.5,0.0
COL-sheet_1-0444,column,2.94,0.0,14.0,0.0
COL-sheet_1-0445,column,5.25,0.0,17.5,0.0
COL-sheet_1-0446,column,5.25,0.0,17.5,0.0
COL-sheet_1-0447,column,3.465,0.0,14.0,0.0
COL-sheet_1-0448,column,5.915,0.0,18.2,0.0
COL-sheet_1-0449,column,5.915,0.0,18.2,0.0
COL-sheet_1-0450,column,3.78,0.0,16.8,0.0
COL-sheet_1-0451,column,2.45,0.0,11.9,0.0
COL-sheet_1-0452,column,2.52,0.0,12.6,0.0
COL-sheet_1-0453,column,2.52,0.0,12.6,0.0
COL-sheet_1-0454,column,1.7752,0.0,10.178,0.0
COL-sheet_1-0455,column,1.12,0.0,8.4,0.0
COL-sheet_1-0456,column,1.12,0.0,8.4,0.0
COL-sheet_1-0457,column,1.12,0.0,8.4,0.0
COL-sheet_1-0458,column,1.1172,0.0,8.393,0.0
COL-sheet_1-0459,column,5.4782,0.0,18.41,0.0
COL-sheet_1-0460,column,10.6894,0.0,24.486,0.0
COL-sheet_1-0461,column,4.7376,0.0,16.66,0.0
COL-sheet_1-0462,column,4.942,0.0,17.955,0.0
COL-sheet_1-0463,column,5.2145,0.0,17.836,0.0
COL-sheet_1-0464,column,4.9276,0.0,21.28,0.0
COL-sheet_1-0465,column,4.8594,0.0,17.15,0.0
COL-sheet_1-0466,column,7.4633,0.0,20.566,0.0
COL-sheet_1-0467,column,8.4029,0.0,23.562,0.0
COL-sheet_1-0468,column,5.2416,0.0,17.36,0.0
COL-sheet_1-0469,column,6.7414,0.0,19.901,0.0
COL-sheet_1-0470,column,15.5853,0.0,29.834,0.0
COL-sheet_1-0471,column,13.4436,0.0,27.937,0.0
COL-sheet_1-0472,column,20.8885,0.0,34.209,0.0
COL-sheet_1-0473,column,3.9582,0.0,15.33,0.0
BM-sheet_1-0001,beam,6.3877,0.0,32.648,14.195
BM-sheet_1-0002,beam,0.9728,0.0,6.08,3.04
BM-sheet_1-0003,beam,1.28,0.0,8.0,4.0
BM-sheet_1-0004,beam,1.2806,0.0,8.004,4.002
BM-sheet_1-0005,beam,0.7105,0.0,4.441,2.22
BM-sheet_1-0006,beam,0.7105,0.0,4.441,2.22
BM-sheet_1-0007,beam,1.1328,0.0,7.08,3.54
BM-sheet_1-0008,beam,1.6384,0.0,10.24,5.12
BM-sheet_1-0009,beam,2.5167,0.0,15.729,7.865
BM-sheet_1-0010,beam,2.5431,0.0,15.894,7.947
BM-sheet_1-0011,beam,2.3646,0.0,14.779,7.389
BM-sheet_1-0012,beam,2.3883,0.0,14.927,7.464
BM-sheet_1-0013,beam,2.416,0.0,15.1,7.55
BM-sheet_1-0014,beam,2.3219,0.0,14.512,7.256
BM-sheet_1-0015,beam,1.9568,0.0,12.23,6.115
BM-sheet_1-0016,beam,1.256,0.0,7.85,3.925
BM-sheet_1-0017,beam,0.9792,0.0,6.12,3.06
BM-sheet_1-0018,beam,1.9568,0.0,12.23,6.115
BM-sheet_1-0019,beam,1.256,0.0,7.85,3.925
BM-sheet_1-0020,beam,0.9792,0.0,6.12,3.06
BM-sheet_1-0021,beam,1.28,0.0,8.0,4.0
BM-sheet_1-0022,beam,1.2806,0.0,8.004,4.002
BM-sheet_1-0023,beam,1.28,0.0,8.0,4.0
BM-sheet_1-0024,beam,1.2806,0.0,8.004,4.002
BM-sheet_1-0025,beam,1.28,0.0,8.0,4.0
BM-sheet_1-0026,beam,1.28,0.0,8.0,4.0
BM-sheet_1-0027,beam,0.8064,0.0,5.04,2.52
BM-sheet_1-0028,beam,2.432,0.0,15.2,7.6
BM-sheet_1-0029,beam,5.616,0.0,20.28,7.8
BM-sheet_1-0030,beam,2.496,0.0,15.6,7.8
BM-sheet_1-0031,beam,2.5088,0.0,15.68,7.84
BM-sheet_1-0032,beam,1.696,0.0,10.6,5.3
BM-sheet_1-0033,beam,2.496,0.0,15.6,7.8
BM-sheet_1-0034,beam,2.496,0.0,15.6,7.8
BM-sheet_1-0035,beam,1.696,0.0,10.6,5.3
BM-sheet_1-0036,beam,2.496,0.0,15.6,7.8
BM-sheet_1-0037,beam,2.496,0.0,15.6,7.8
BM-sheet_1-0038,beam,2.432,0.0,15.2,7.6
BM-sheet_1-0039,beam,5.616,0.0,20.28,7.8
BM-sheet_1-0040,beam,5.472,0.0,19.76,7.6
BM-sheet_1-0041,beam,5.616,0.0,20.28,7.8
BM-sheet_1-0042,beam,5.472,0.0,19.76,7.6
BM-sheet_1-0043,beam,5.616,0.0,20.28,7.8
BM-sheet_1-0044,beam,2.3643,0.0,14.777,7.388
BM-sheet_1-0045,beam,2.496,0.0,15.6,7.8
BM-sheet_1-0046,beam,2.916,0.0,12.96,5.4
BM-sheet_1-0047,beam,1.696,0.0,10.6,5.3
BM-sheet_1-0048,beam,2.496,0.0,15.6,7.8
BM-sheet_1-0049,beam,2.496,0.0,15.6,7.8
BM-sheet_1-0050,beam,0.3997,0.0,1.776,0.74
BM-sheet_1-0051,beam,2.496,0.0,15.6,7.8
BM-sheet_1-0052,beam,2.5088,0.0,15.68,7.84
BM-sheet_1-0053,beam,2.496,0.0,15.6,7.8
BM-sheet_1-0054,beam,7.056,0.0,21.952,7.84
BM-sheet_1-0055,beam,2.7,0.0,12.0,5.0
BM-sheet_1-0056,beam,7.056,0.0,21.952,7.84
BM-sheet_1-0057,beam,2.4768,0.0,15.48,7.74
BM-sheet_1-0058,beam,3.2687,0.0,16.707,7.264
BM-sheet_1-0059,beam,2.4768,0.0,15.48,7.74
BM-sheet_1-0060,beam,2.592,0.0,16.2,8.1
BM-sheet_1-0061,beam,3.645,0.0,18.63,8.1
BM-sheet_1-0062,beam,1.809,0.0,9.246,4.02
BM-sheet_1-0063,beam,1.7203,0.0,10.752,5.376
BM-sheet_1-0064,beam,3.555,0.0,18.17,7.9
BM-sheet_1-0065,beam,3.555,0.0,18.17,7.9
BM-sheet_1-0066,beam,3.2957,0.0,14.647,6.103
BM-sheet_1-0067,beam,3.4875,0.0,17.825,7.75
BM-sheet_1-0068,beam,1.6291,0.0,8.326,3.62
BM-sheet_1-0069,beam,7.7229,0.0,22.623,7.801
BM-sheet_1-0070,beam,2.693,0.0,16.831,8.416
BM-sheet_1-0071,beam,2.7063,0.0,16.914,8.457
BM-sheet_1-0072,beam,5.976,0.0,21.58,8.3
BM-sheet_1-0073,beam,1.1995,0.0,5.331,2.221
BM-sheet_1-0074,beam,1.3984,0.0,8.74,4.37
BM-sheet_1-0075,beam,1.1322,0.0,5.032,2.097
BM-sheet_1-0076,beam,3.4875,0.0,17.825,7.75
BM-sheet_1-0077,beam,1.809,0.0,9.246,4.02
BM-sheet_1-0078,beam,1.6804,0.0,10.502,5.251
BM-sheet_1-0079,beam,2.619,0.0,11.64,4.85
BM-sheet_1-0080,beam,1.6291,0.0,8.326,3.62
BM-sheet_1-0081,beam,7.7229,0.0,22.623,7.801
BM-sheet_1-0082,beam,2.0039,0.0,10.242,4.453
BM-sheet_1-0083,beam,3.5235,0.0,18.009,7.83
BM-sheet_1-0084,beam,3.2032,0.0,20.02,10.01
BM-sheet_1-0085,beam,1.536,0.0,9.6,4.8
BM-sheet_1-0086,beam,3.15,0.0,16.1,7.0
BM-sheet_1-0087,beam,3.15,0.0,16.1,7.0
BM-sheet_1-0088,beam,3.33,0.0,17.02,7.4
BM-sheet_1-0089,beam,1.856,0.0,11.6,5.8
BM-sheet_1-0090,beam,1.84,0.0,11.5,5.75
BM-sheet_1-0091,beam,3.5235,0.0,18.009,7.83
BM-sheet_1-0092,beam,0.592,0.0,3.7,1.85
BM-sheet_1-0093,beam,2.5875,0.0,13.225,5.75
BM-sheet_1-0094,beam,2.5056,0.0,15.66,7.83
BM-sheet_1-0095,beam,1.7984,0.0,11.24,5.62
BM-sheet_1-0096,beam,4.914,0.0,19.5,7.8
BM-sheet_1-0097,beam,0.8064,0.0,5.04,2.52
BM-sheet_1-0098,beam,6.1803,0.0,24.525,9.81
BM-sheet_1-0099,beam,1.5718,0.0,9.824,4.912
BM-sheet_1-0100,beam,3.2571,0.0,12.925,5.17
BM-sheet_1-0101,beam,3.33,0.0,17.02,7.4
BM-sheet_1-0102,beam,2.496,0.0,15.6,7.8
BM-sheet_1-0103,beam,4.6596,0.0,18.491,7.396
BM-sheet_1-0104,beam,0.4008,0.0,2.049,0.891
BM-sheet_1-0105,beam,2.067,0.0,12.919,6.459
BM-sheet_1-0106,beam,6.723,0.0,22.41,8.3
BM-sheet_1-0107,beam,1.3984,0.0,8.74,4.37
BM-sheet_1-0108,beam,6.723,0.0,22.41,8.3
BM-sheet_1-0109,beam,1.6544,0.0,10.34,5.17
BM-sheet_1-0110,beam,2.464,0.0,15.4,7.7
BM-sheet_1-0111,beam,3.5672,0.0,14.155,5.662
BM-sheet_1-0112,beam,2.592,0.0,16.2,8.1
BM-sheet_1-0113,beam,2.464,0.0,15.4,7.7
BM-sheet_1-0114,beam,2.4343,0.0,10.819,4.508
BM-sheet_1-0115,beam,1.5773,0.0,9.858,4.929
BM-sheet_1-0116,beam,4.6579,0.0,18.484,7.394
BM-sheet_1-0117,beam,3.15,0.0,16.1,7.0
BM-sheet_1-0118,beam,1.2607,0.0,7.88,3.94
BM-sheet_1-0119,beam,1.2719,0.0,7.95,3.975
BM-sheet_1-0120,beam,1.0191,0.0,6.369,3.185
BM-sheet_1-0121,beam,1.1101,0.0,6.938,3.469
BM-sheet_1-0122,beam,1.9317,0.0,12.073,6.036
BM-sheet_1-0123,beam,1.1213,0.0,7.008,3.504
BM-sheet_1-0124,beam,0.9797,0.0,6.123,3.061
BM-sheet_1-0125,beam,1.6014,0.0,10.009,5.005
BM-sheet_1-0126,beam,2.464,0.0,15.4,7.7
BM-sheet_1-0127,beam,2.464,0.0,15.4,7.7
BM-sheet_1-0128,beam,1.056,0.0,6.6,3.3
BM-sheet_1-0129,beam,1.632,0.0,10.2,5.1
BM-sheet_1-0130,beam,1.4442,0.0,9.026,4.513
BM-sheet_1-0131,beam,1.056,0.0,6.6,3.3
BM-sheet_1-0132,beam,1.2488,0.0,7.805,3.903
BM-sheet_1-0133,beam,2.464,0.0,15.4,7.7
BM-sheet_1-0134,beam,6.3504,0.0,21.168,7.84
BM-sheet_1-0135,beam,1.7891,0.0,11.182,5.591
BM-sheet_1-0136,beam,6.3504,0.0,21.168,7.84
BM-sheet_1-0137,beam,1.056,0.0,6.6,3.3
BM-sheet_1-0138,beam,2.464,0.0,15.4,7.7
BM-sheet_1-0139,beam,3.735,0.0,19.09,8.3
BM-sheet_1-0140,beam,2.5875,0.0,13.225,5.75
BM-sheet_1-0141,beam,2.432,0.0,15.2,7.6
BM-sheet_1-0142,beam,5.9661,0.0,23.675,9.47
BM-sheet_1-0143,beam,2.3712,0.0,14.82,7.41
BM-sheet_1-0144,beam,2.368,0.0,14.8,7.4
BM-sheet_1-0145,beam,1.9899,0.0,12.437,6.218
BM-sheet_1-0146,beam,3.15,0.0,16.1,7.0
BM-sheet_1-0147,beam,5.9661,0.0,23.675,9.47
BM-sheet_1-0148,beam,3.33,0.0,17.02,7.4
BM-sheet_1-0149,beam,2.5056,0.0,15.66,7.83
BM-sheet_1-0150,beam,2.8944,0.0,10.452,4.02
BM-sheet_1-0151,beam,2.24,0.0,14.0,7.0
BM-sheet_1-0152,beam,1.84,0.0,11.5,5.75
BM-sheet_1-0153,beam,1.2864,0.0,8.04,4.02
BM-sheet_1-0154,beam,2.0412,0.0,12.757,6.379
BM-sheet_1-0155,beam,0.5556,0.0,2.469,1.029
BM-sheet_1-0156,beam,2.24,0.0,14.0,7.0
BM-sheet_1-0157,beam,2.0428,0.0,12.768,6.384
BM-sheet_1-0158,beam,0.592,0.0,3.7,1.85
BM-sheet_1-0159,beam,2.3741,0.0,14.838,7.419
BM-sheet_1-0160,beam,6.723,0.0,22.41,8.3
BM-sheet_1-0161,beam,2.3741,0.0,14.838,7.419
BM-sheet_1-0162,beam,6.723,0.0,22.41,8.3
BM-sheet_1-0163,beam,0.592,0.0,3.7,1.85
BM-sheet_1-0164,beam,0.592,0.0,3.7,1.85
BM-sheet_1-0165,beam,1.9948,0.0,12.467,6.234
BM-sheet_1-0166,beam,1.7984,0.0,11.24,5.62
BM-sheet_1-0167,beam,2.416,0.0,15.1,7.55
BM-sheet_1-0168,beam,5.976,0.0,21.58,8.3
BM-sheet_1-0169,beam,1.7984,0.0,11.24,5.62
BM-sheet_1-0170,beam,6.723,0.0,22.41,8.3
BM-sheet_1-0171,beam,4.3772,0.0,19.454,8.106
BM-sheet_1-0172,beam,2.3146,0.0,14.466,7.233
BM-sheet_1-0173,beam,2.589,0.0,11.507,4.795
BM-sheet_1-0174,beam,2.2094,0.0,9.82,4.092
BM-sheet_1-0175,beam,6.723,0.0,22.41,8.3
BM-sheet_1-0176,beam,4.32,0.0,19.2,8.0
BM-sheet_1-0177,beam,1.7191,0.0,5.73,2.122
BM-sheet_1-0178,beam,2.916,0.0,12.96,5.4
BM-sheet_1-0179,beam,5.4875,0.0,18.292,6.775
BM-sheet_1-0180,beam,0.9186,0.0,5.741,2.871
BM-sheet_1-0181,beam,5.4937,0.0,18.312,6.782
BM-sheet_1-0182,beam,6.3585,0.0,21.195,7.85
BM-sheet_1-0183,beam,0.9024,0.0,5.64,2.82
BM-sheet_1-0184,beam,4.104,0.0,18.24,7.6
BM-sheet_1-0185,beam,4.428,0.0,19.68,8.2
BM-sheet_1-0186,beam,0.8544,0.0,5.34,2.67
BM-sheet_1-0187,beam,4.104,0.0,18.24,7.6
BM-sheet_1-0188,beam,6.237,0.0,20.79,7.7
BM-sheet_1-0189,beam,2.464,0.0,15.4,7.7
BM-sheet_1-0190,beam,2.368,0.0,14.8,7.4
BM-sheet_1-0191,beam,1.9866,0.0,12.416,6.208
BM-sheet_1-0192,beam,2.368,0.0,14.8,7.4
BM-sheet_1-0193,beam,1.6976,0.0,5.659,2.096
BM-sheet_1-0194,beam,2.3552,0.0,14.72,7.36
BM-sheet_1-0195,beam,2.3552,0.0,14.72,7.36
BM-sheet_1-0196,beam,0.8446,0.0,5.279,2.639
BM-sheet_1-0197,beam,2.368,0.0,14.8,7.4
BM-sheet_1-0198,beam,6.1803,0.0,24.525,9.81
BM-sheet_1-0199,beam,0.8064,0.0,5.04,2.52
BM-sheet_1-0200,beam,6.1803,0.0,24.525,9.81
BM-sheet_1-0201,beam,1.5486,0.0,9.678,4.839
BM-sheet_1-0202,beam,0.8064,0.0,5.04,2.52
BM-sheet_1-0203,beam,4.914,0.0,19.5,7.8
BM-sheet_1-0204,beam,4.788,0.0,19.0,7.6
BM-sheet_1-0205,beam,6.1803,0.0,24.525,9.81
BM-sheet_1-0206,beam,7.5597,0.0,22.144,7.636
BM-sheet_1-0207,beam,1.856,0.0,11.6,5.8
BM-sheet_1-0208,beam,0.7904,0.0,4.94,2.47
BM-sheet_1-0209,beam,1.5561,0.0,6.175,2.47
BM-sheet_1-0210,beam,3.973,0.0,15.766,6.306
BM-sheet_1-0211,beam,3.33,0.0,17.02,7.4
BM-sheet_1-0212,beam,3.51,0.0,17.94,7.8
BM-sheet_1-0213,beam,0.9902,0.0,6.189,3.094
BM-sheet_1-0214,beam,1.2864,0.0,8.04,4.02
BM-sheet_1-0215,beam,1.2864,0.0,8.04,4.02
BM-sheet_1-0216,beam,4.8662,0.0,19.31,7.724
BM-sheet_1-0217,beam,2.745,0.0,14.03,6.1
BM-sheet_1-0218,beam,1.0238,0.0,4.063,1.625
BM-sheet_1-0219,beam,1.512,0.0,6.72,2.8
BM-sheet_1-0220,beam,3.087,0.0,12.25,4.9
BM-sheet_1-0221,beam,7.4275,0.0,21.757,7.503
BM-sheet_1-0222,beam,2.4798,0.0,15.499,7.749
BM-sheet_1-0223,beam,2.817,0.0,12.52,5.217
BM-sheet_1-0224,beam,2.5438,0.0,15.899,7.949
BM-sheet_1-0225,beam,2.8603,0.0,12.712,5.297
BM-sheet_1-0226,beam,1.7694,0.0,11.058,5.529
BM-sheet_1-0227,beam,1.7295,0.0,10.809,5.405
BM-sheet_1-0228,beam,4.859,0.0,19.282,7.713
BM-sheet_1-0229,beam,2.48,0.0,15.5,7.75
BM-sheet_1-0230,beam,0.9902,0.0,6.188,3.094
BM-sheet_1-0231,beam,5.0715,0.0,20.125,8.05
BM-sheet_1-0232,beam,2.5947,0.0,16.217,8.108
BM-sheet_1-0233,beam,4.7382,0.0,18.802,7.521
BM-sheet_1-0234,beam,0.4569,0.0,2.335,1.015
BM-sheet_1-0235,beam,5.0715,0.0,20.125,8.05
BM-sheet_1-0236,beam,1.1501,0.0,7.188,3.594
BM-sheet_1-0237,beam,5.0715,0.0,20.125,8.05
BM-sheet_1-0238,beam,3.465,0.0,17.71,7.7
BM-sheet_1-0239,beam,1.149,0.0,7.181,3.591
BM-sheet_1-0240,beam,5.0715,0.0,20.125,8.05
BM-sheet_1-0241,beam,2.1111,0.0,13.194,6.597
BM-sheet_1-0242,beam,2.2524,0.0,14.077,7.039
BM-sheet_1-0243,beam,4.3494,0.0,17.259,6.904
BM-sheet_1-0244,beam,1.3097,0.0,8.186,4.093
BM-sheet_1-0245,beam,4.914,0.0,19.5,7.8
BM-sheet_1-0246,beam,1.3097,0.0,8.186,4.093
BM-sheet_1-0247,beam,1.149,0.0,7.181,3.591
BM-sheet_1-0248,beam,4.7565,0.0,18.875,7.55
BM-sheet_1-0249,beam,2.464,0.0,15.4,7.7
BM-sheet_1-0250,beam,2.6194,0.0,11.642,4.851
BM-sheet_1-0251,beam,1.1493,0.0,7.183,3.591
BM-sheet_1-0252,beam,4.914,0.0,19.5,7.8
BM-sheet_1-0253,beam,4.914,0.0,19.5,7.8
BM-sheet_1-0254,beam,2.592,0.0,16.2,8.1
BM-sheet_1-0255,beam,1.7839,0.0,9.118,3.964
BM-sheet_1-0256,beam,0.9378,0.0,5.861,2.931
BM-sheet_1-0257,beam,0.9266,0.0,5.791,2.896
BM-sheet_1-0258,beam,1.2376,0.0,7.735,3.868
BM-sheet_1-0259,beam,1.4554,0.0,9.096,4.548
BM-sheet_1-0260,beam,1.1873,0.0,7.421,3.71
BM-sheet_1-0261,beam,6.66,0.0,20.72,7.4
BM-sheet_1-0262,beam,1.1873,0.0,7.421,3.71
BM-sheet_1-0263,beam,3.51,0.0,17.94,7.8
BM-sheet_1-0264,beam,1.5816,0.0,9.885,4.943
BM-sheet_1-0265,beam,2.144,0.0,13.4,6.7
BM-sheet_1-0266,beam,5.616,0.0,20.28,7.8
BM-sheet_1-0267,beam,5.4,0.0,19.5,7.5
BM-sheet_1-0268,beam,2.464,0.0,15.4,7.7
BM-sheet_1-0269,beam,2.464,0.0,15.4,7.7
BM-sheet_1-0270,beam,4.977,0.0,19.75,7.9
BM-sheet_1-0271,beam,2.464,0.0,15.4,7.7
BM-sheet_1-0272,beam,1.6396,0.0,10.247,5.124
BM-sheet_1-0273,beam,2.464,0.0,15.4,7.7
BM-sheet_1-0274,beam,1.056,0.0,6.6,3.3
BM-sheet_1-0275,beam,1.056,0.0,6.6,3.3
BM-sheet_1-0276,beam,1.088,0.0,6.8,3.4
BM-sheet_1-0277,beam,2.464,0.0,15.4,7.7
BM-sheet_1-0278,beam,2.432,0.0,15.2,7.6
BM-sheet_1-0279,beam,1.9281,0.0,12.051,6.025
BM-sheet_1-0280,beam,1.8994,0.0,11.871,5.936
BM-sheet_1-0281,beam,1.632,0.0,10.2,5.1
BM-sheet_1-0282,beam,1.8178,0.0,11.362,5.681
BM-sheet_1-0283,beam,0.3408,0.0,2.13,1.065
BM-sheet_1-0284,beam,2.3146,0.0,14.466,7.233
BM-sheet_1-0285,beam,0.3643,0.0,2.277,1.138
BM-sheet_1-0286,beam,2.4926,0.0,15.579,7.789
BM-sheet_1-0287,beam,4.32,0.0,19.2,8.0
BM-sheet_1-0288,beam,2.214,0.0,9.84,4.1
BM-sheet_1-0289,beam,4.3774,0.0,19.455,8.106
BM-sheet_1-0290,beam,2.048,0.0,12.8,6.4
BM-sheet_1-0291,beam,4.428,0.0,19.68,8.2
BM-sheet_1-0292,beam,4.428,0.0,19.68,8.2
BM-sheet_1-0293,beam,4.428,0.0,19.68,8.2
BM-sheet_1-0294,beam,4.104,0.0,18.24,7.6
BM-sheet_1-0295,beam,3.8268,0.0,19.559,8.504
BM-sheet_1-0296,beam,4.104,0.0,18.24,7.6
BM-sheet_1-0297,beam,1.3752,0.0,8.595,4.297
BM-sheet_1-0298,beam,2.2094,0.0,9.82,4.092
BM-sheet_1-0299,beam,0.5532,0.0,2.459,1.025
BM-sheet_1-0300,beam,2.7495,0.0,17.184,8.592
BM-sheet_1-0301,beam,2.214,0.0,9.84,4.1
BM-sheet_1-0302,beam,1.845,0.0,9.43,4.1
BM-sheet_1-0303,beam,0.461,0.0,2.356,1.025
BM-sheet_1-0304,beam,1.8412,0.0,9.411,4.092
BM-sheet_1-0305,beam,0.463,0.0,2.366,1.029
BM-sheet_1-0306,beam,1.5068,0.0,7.701,3.348
BM-sheet_1-0307,beam,1.71,0.0,8.74,3.8
BM-sheet_1-0308,beam,1.4249,0.0,7.283,3.166
BM-sheet_1-0309,beam,1.71,0.0,8.74,3.8
BM-sheet_1-0310,beam,1.28,0.0,8.0,4.0
BM-sheet_1-0311,beam,0.7127,0.0,4.454,2.227
BM-sheet_1-0312,beam,2.464,0.0,15.4,7.7
BM-sheet_1-0313,beam,0.6544,0.0,4.09,2.045
BM-sheet_1-0314,beam,3.555,0.0,18.17,7.9
BM-sheet_1-0315,beam,1.216,0.0,7.6,3.8
BM-sheet_1-0316,beam,2.336,0.0,14.6,7.3
BM-sheet_1-0317,beam,3.375,0.0,17.25,7.5
BM-sheet_1-0318,beam,0.648,0.0,3.312,1.44
BM-sheet_1-0319,beam,1.71,0.0,8.74,3.8
BM-sheet_1-0320,beam,0.5661,0.0,2.894,1.258
BM-sheet_1-0321,beam,1.71,0.0,8.74,3.8
BM-sheet_1-0322,beam,3.645,0.0,18.63,8.1
BM-sheet_1-0323,beam,3.645,0.0,18.63,8.1
BM-sheet_1-0324,beam,1.3762,0.0,7.034,3.058
BM-sheet_1-0325,beam,3.51,0.0,17.94,7.8
BM-sheet_1-0326,beam,3.51,0.0,17.94,7.8
BM-sheet_1-0327,beam,0.9768,0.0,6.105,3.052
BM-sheet_1-0328,beam,1.6031,0.0,10.019,5.01
BM-sheet_1-0329,beam,1.5448,0.0,9.655,4.828
BM-sheet_1-0330,beam,7.722,0.0,22.62,7.8
BM-sheet_1-0331,beam,7.722,0.0,22.62,7.8
BM-sheet_1-0332,beam,3.285,0.0,16.79,7.3
BM-sheet_1-0333,beam,1.8861,0.0,11.788,5.894
BM-sheet_1-0334,beam,2.5934,0.0,16.209,8.104
BM-sheet_1-0335,beam,2.7427,0.0,17.142,8.571
BM-sheet_1-0336,beam,1.5203,0.0,9.502,4.751
BM-sheet_1-0337,beam,2.3031,0.0,14.394,7.197
BM-sheet_1-0338,beam,1.9776,0.0,12.36,6.18
BM-sheet_1-0339,beam,1.1732,0.0,4.656,1.862
BM-sheet_1-0340,beam,2.592,0.0,16.2,8.1
BM-sheet_1-0341,beam,4.914,0.0,19.5,7.8
BM-sheet_1-0342,beam,1.1165,0.0,4.43,1.772
BM-sheet_1-0343,beam,3.647,0.0,18.64,8.104
BM-sheet_1-0344,beam,3.339,0.0,13.25,5.3
BM-sheet_1-0345,beam,3.339,0.0,13.25,5.3
BM-sheet_1-0346,beam,3.51,0.0,17.94,7.8
BM-sheet_1-0347,beam,0.9902,0.0,6.189,3.094
BM-sheet_1-0348,beam,1.9776,0.0,12.36,6.18
BM-sheet_1-0349,beam,4.788,0.0,19.0,7.6
BM-sheet_1-0350,beam,5.6881,0.0,22.572,9.029
BM-sheet_1-0351,beam,1.515,0.0,6.733,2.805
BM-sheet_1-0352,beam,4.8158,0.0,19.11,7.644
BM-sheet_1-0353,beam,0.96,0.0,6.0,3.0
BM-sheet_1-0354,beam,2.464,0.0,15.4,7.7
BM-sheet_1-0355,beam,3.465,0.0,17.71,7.7
BM-sheet_1-0356,beam,2.464,0.0,15.4,7.7
BM-sheet_1-0357,beam,2.5226,0.0,15.766,7.883
BM-sheet_1-0358,beam,1.8104,0.0,11.315,5.658
BM-sheet_1-0359,beam,1.26,0.0,6.44,2.8
BM-sheet_1-0360,beam,5.5067,0.0,17.132,6.119
BM-sheet_1-0361,beam,2.4684,0.0,15.427,7.714
BM-sheet_1-0362,beam,2.336,0.0,14.6,7.3
BM-sheet_1-0363,beam,2.4,0.0,15.0,7.5
BM-sheet_1-0364,beam,2.4402,0.0,15.251,7.626
BM-sheet_1-0365,beam,5.5857,0.0,17.378,6.206
BM-sheet_1-0366,beam,2.507,0.0,11.142,4.643
BM-sheet_1-0367,beam,0.9902,0.0,6.188,3.094
BM-sheet_1-0368,beam,2.5543,0.0,11.353,4.73
BM-sheet_1-0369,beam,1.1497,0.0,7.186,3.593
BM-sheet_1-0370,beam,1.1497,0.0,7.186,3.593
BM-sheet_1-0371,beam,1.3097,0.0,8.186,4.093
BM-sheet_1-0372,beam,1.3097,0.0,8.186,4.093
BM-sheet_1-0373,beam,2.464,0.0,15.4,7.7
BM-sheet_1-0374,beam,5.4,0.0,19.5,7.5
BM-sheet_1-0375,beam,5.616,0.0,20.28,7.8
BM-sheet_1-0376,beam,2.192,0.0,13.7,6.85
BM-sheet_1-0377,beam,1.696,0.0,10.6,5.3
BM-sheet_1-0378,beam,5.0715,0.0,20.125,8.05
BM-sheet_1-0379,beam,6.66,0.0,20.72,7.4
BM-sheet_1-0380,beam,3.5775,0.0,18.285,7.95
BM-sheet_1-0381,beam,1.8295,0.0,11.434,5.717
BM-sheet_1-0382,beam,5.2731,0.0,20.925,8.37
BM-sheet_1-0383,beam,4.8076,0.0,19.078,7.631
BM-sheet_1-0384,beam,3.554,0.0,18.165,7.898
BM-sheet_1-0385,beam,3.6096,0.0,18.449,8.021
BM-sheet_1-0386,beam,1.8053,0.0,11.283,5.642
BM-sheet_1-0387,beam,5.369,0.0,21.305,8.522
BM-sheet_1-0388,beam,4.8631,0.0,19.298,7.719
BM-sheet_1-0389,beam,1.8062,0.0,9.231,4.014
BM-sheet_1-0390,beam,2.384,0.0,14.9,7.45
BM-sheet_1-0391,beam,1.5705,0.0,8.027,3.49
BM-sheet_1-0392,beam,1.6675,0.0,8.523,3.706
BM-sheet_1-0393,beam,2.496,0.0,15.6,7.8
BM-sheet_1-0394,beam,2.56,0.0,16.0,8.0
BM-sheet_1-0395,beam,2.624,0.0,16.4,8.2
BM-sheet_1-0396,beam,2.496,0.0,15.6,7.8
BM-sheet_1-0397,beam,2.5053,0.0,15.658,7.829
BM-sheet_1-0398,beam,2.56,0.0,16.0,8.0
BM-sheet_1-0399,beam,2.496,0.0,15.6,7.8
BM-sheet_1-0400,beam,2.624,0.0,16.4,8.2
BM-sheet_1-0401,beam,2.496,0.0,15.6,7.8
BM-sheet_1-0402,beam,2.727,0.0,12.12,5.05
BM-sheet_1-0403,beam,2.4771,0.0,15.482,7.741
BM-sheet_1-0404,beam,5.04,0.0,20.0,8.0
BM-sheet_1-0405,beam,0.4915,0.0,2.185,0.91
BM-sheet_1-0406,beam,5.04,0.0,20.0,8.0
BM-sheet_1-0407,beam,0.4439,0.0,1.973,0.822
BM-sheet_1-0408,beam,4.212,0.0,18.72,7.8
BM-sheet_1-0409,beam,3.51,0.0,17.94,7.8
BM-sheet_1-0410,beam,4.212,0.0,18.72,7.8
BM-sheet_1-0411,beam,3.51,0.0,17.94,7.8
BM-sheet_1-0412,beam,1.711,0.0,8.745,3.802
BM-sheet_1-0413,beam,3.554,0.0,18.165,7.898
BM-sheet_1-0414,beam,0.9975,0.0,6.235,3.117
BM-sheet_1-0415,beam,3.168,0.0,11.44,4.4
BM-sheet_1-0416,beam,1.711,0.0,8.745,3.802
BM-sheet_1-0417,beam,3.554,0.0,18.165,7.898
BM-sheet_1-0418,beam,2.5937,0.0,16.211,8.105
BM-sheet_1-0419,beam,2.464,0.0,15.4,7.7
BM-sheet_1-0420,beam,0.148,0.0,0.925,0.462
BM-sheet_1-0421,beam,2.464,0.0,15.4,7.7
BM-sheet_1-0422,beam,0.148,0.0,0.925,0.463
BM-sheet_1-0423,beam,2.4628,0.0,15.393,7.696
BM-sheet_1-0424,beam,0.3091,0.0,1.932,0.966
BM-sheet_1-0425,beam,0.3092,0.0,1.933,0.966
BM-sheet_1-0426,beam,2.4628,0.0,15.393,7.696
BM-sheet_1-0427,beam,1.9662,0.0,12.289,6.144
BM-sheet_1-0428,beam,2.932,0.0,18.325,9.162
BM-sheet_1-0429,beam,1.9662,0.0,12.289,6.144
BM-sheet_1-0430,beam,2.932,0.0,18.325,9.163
BM-sheet_1-0431,beam,4.788,0.0,19.0,7.6
BM-sheet_1-0432,beam,2.496,0.0,15.6,7.8
BM-sheet_1-0433,beam,1.1269,0.0,7.043,3.521
BM-sheet_1-0434,beam,2.1339,0.0,13.337,6.669
BM-sheet_1-0435,beam,1.1269,0.0,7.043,3.521
BM-sheet_1-0436,beam,2.496,0.0,15.6,7.8
BM-sheet_1-0437,beam,1.9294,0.0,12.059,6.029
BM-sheet_1-0438,beam,1.9294,0.0,12.059,6.029
BM-sheet_1-0439,beam,2.464,0.0,15.4,7.7
BM-sheet_1-0440,beam,2.4501,0.0,15.313,7.657
BM-sheet_1-0441,beam,2.392,0.0,14.95,7.475
BM-sheet_1-0442,beam,2.56,0.0,16.0,8.0
BM-sheet_1-0443,beam,2.464,0.0,15.4,7.7
BM-sheet_1-0444,beam,2.464,0.0,15.4,7.7
BM-sheet_1-0445,beam,2.464,0.0,15.4,7.7
BM-sheet_1-0446,beam,2.464,0.0,15.4,7.7
BM-sheet_1-0447,beam,1.632,0.0,10.2,5.1
BM-sheet_1-0448,beam,2.56,0.0,16.0,8.0
BM-sheet_1-0449,beam,2.464,0.0,15.4,7.7
BM-sheet_1-0450,beam,2.464,0.0,15.4,7.7
BM-sheet_1-0451,beam,2.464,0.0,15.4,7.7
BM-sheet_1-0452,beam,2.464,0.0,15.4,7.7
BM-sheet_1-0453,beam,2.464,0.0,15.4,7.7
BM-sheet_1-0454,beam,2.432,0.0,15.2,7.6
BM-sheet_1-0455,beam,1.632,0.0,10.2,5.1
BM-sheet_1-0456,beam,2.496,0.0,15.6,7.8
BM-sheet_1-0457,beam,2.6452,0.0,16.533,8.266
BM-sheet_1-0458,beam,2.0477,0.0,12.798,6.399
BM-sheet_1-0459,beam,1.6396,0.0,10.247,5.124
BM-sheet_1-0460,beam,2.048,0.0,12.8,6.4
BM-sheet_1-0461,beam,2.5813,0.0,16.133,8.067
BM-sheet_1-0462,beam,2.4625,0.0,15.39,7.695
BM-sheet_1-0463,beam,2.5813,0.0,16.133,8.067
BM-sheet_1-0464,beam,2.464,0.0,15.4,7.7
BM-sheet_1-0465,beam,1.3271,0.0,8.295,4.147
BM-sheet_1-0466,beam,1.3748,0.0,8.593,4.296
BM-sheet_1-0467,beam,1.3268,0.0,8.293,4.146
BM-sheet_1-0468,beam,2.6452,0.0,16.533,8.266
BM-sheet_1-0469,beam,2.6452,0.0,16.533,8.266
BM-sheet_1-0470,beam,2.0479,0.0,12.799,6.4
BM-sheet_1-0471,beam,2.5914,0.0,11.517,4.799
BM-sheet_1-0472,beam,1.2943,0.0,6.616,2.876
BM-sheet_1-0473,beam,3.2882,0.0,13.048,5.219
BM-sheet_1-0474,beam,2.7843,0.0,12.375,5.156
BM-sheet_1-0475,beam,2.8506,0.0,12.669,5.279
BM-sheet_1-0476,beam,5.8258,0.0,23.118,9.247
BM-sheet_1-0477,beam,2.4092,0.0,15.058,7.529
BM-sheet_1-0478,beam,2.4092,0.0,15.058,7.529
BM-sheet_1-0479,beam,0.7402,0.0,4.626,2.313
BM-sheet_1-0480,beam,1.5527,0.0,6.901,2.875
BM-sheet_1-0481,beam,0.7545,0.0,4.715,2.358
BM-sheet_1-0482,beam,1.5584,0.0,6.926,2.886
BM-sheet_1-0483,beam,0.9953,0.0,6.221,3.11
BM-sheet_1-0484,beam,0.9953,0.0,6.221,3.11
BM-sheet_1-0485,beam,6.8391,0.0,27.139,10.856
BM-sheet_1-0486,beam,2.1339,0.0,13.337,6.669
BM-sheet_1-0487,beam,3.465,0.0,17.71,7.7
BM-sheet_1-0488,beam,2.4,0.0,15.0,7.5
BM-sheet_1-0489,beam,4.977,0.0,19.75,7.9
BM-sheet_1-0490,beam,2.336,0.0,14.6,7.3
BM-sheet_1-0491,beam,2.6452,0.0,16.533,8.266
BM-sheet_1-0492,beam,3.4875,0.0,17.825,7.75
BM-sheet_1-0493,beam,7.7616,0.0,22.736,7.84
BM-sheet_1-0494,beam,7.7616,0.0,22.736,7.84
BM-sheet_1-0495,beam,2.464,0.0,15.4,7.7
BM-sheet_1-0496,beam,2.4624,0.0,15.39,7.695
BM-sheet_1-0497,beam,0.9771,0.0,4.994,2.171
BM-sheet_1-0498,beam,5.688,0.0,20.54,7.9
BM-sheet_1-0499,beam,6.48,0.0,21.6,8.0
BM-sheet_1-0500,beam,5.6864,0.0,20.534,7.898
BM-sheet_1-0501,beam,2.7376,0.0,9.886,3.802
BM-sheet_1-0502,beam,6.318,0.0,21.06,7.8
BM-sheet_1-0503,beam,1.0498,0.0,5.365,2.333
BM-sheet_1-0504,beam,2.4466,0.0,15.291,7.646
BM-sheet_1-0505,beam,7.1163,0.0,22.14,7.907
BM-sheet_1-0506,beam,3.555,0.0,18.17,7.9
BM-sheet_1-0507,beam,3.168,0.0,11.44,4.4
BM-sheet_1-0508,beam,3.555,0.0,18.17,7.9
BM-sheet_1-0509,beam,2.7376,0.0,9.886,3.802
BM-sheet_1-0510,beam,3.554,0.0,18.165,7.898
BM-sheet_1-0511,beam,2.7376,0.0,9.886,3.802
BM-sheet_1-0512,beam,6.318,0.0,21.06,7.8
BM-sheet_1-0513,beam,2.4466,0.0,15.291,7.646
BM-sheet_1-0514,beam,3.554,0.0,18.165,7.898
BM-sheet_1-0515,beam,3.6,0.0,18.4,8.0
BM-sheet_1-0516,beam,2.4466,0.0,15.291,7.646
BM-sheet_1-0517,beam,3.168,0.0,11.44,4.4
BM-sheet_1-0518,beam,2.4466,0.0,15.291,7.646
BM-sheet_1-0519,beam,3.554,0.0,18.165,7.898
BM-sheet_1-0520,beam,1.6022,0.0,10.014,5.007
BM-sheet_1-0521,beam,2.7376,0.0,9.886,3.802
BM-sheet_1-0522,beam,7.1141,0.0,22.133,7.905
BM-sheet_1-0523,beam,1.574,0.0,9.837,4.919
BM-sheet_1-0524,beam,5.04,0.0,20.0,8.0
BM-sheet_1-0525,beam,1.7554,0.0,10.971,5.486
BM-sheet_1-0526,beam,1.7272,0.0,10.795,5.398
BM-sheet_1-0527,beam,7.2108,0.0,22.434,8.012
BM-sheet_1-0528,beam,1.5579,0.0,9.737,4.868
BM-sheet_1-0529,beam,7.1979,0.0,22.393,7.998
BM-sheet_1-0530,beam,1.566,0.0,9.787,4.894
BM-sheet_1-0531,beam,6.48,0.0,21.6,8.0
BM-sheet_1-0532,beam,5.688,0.0,20.54,7.9
BM-sheet_1-0533,beam,3.1725,0.0,16.215,7.05
BM-sheet_1-0534,beam,2.8032,0.0,11.124,4.45
BM-sheet_1-0535,beam,1.664,0.0,10.4,5.2
BM-sheet_1-0536,beam,0.4262,0.0,2.664,1.332
BM-sheet_1-0537,beam,2.6471,0.0,16.544,8.272
BM-sheet_1-0538,beam,1.8588,0.0,11.617,5.809
BM-sheet_1-0539,beam,2.1375,0.0,10.925,4.75
BM-sheet_1-0540,beam,4.212,0.0,18.72,7.8
BM-sheet_1-0541,beam,2.56,0.0,16.0,8.0
BM-sheet_1-0542,beam,2.862,0.0,12.72,5.3
BM-sheet_1-0543,beam,2.754,0.0,12.24,5.1
BM-sheet_1-0544,beam,0.3184,0.0,1.99,0.995
BM-sheet_1-0545,beam,0.2355,0.0,1.472,0.736
BM-sheet_1-0546,beam,2.772,0.0,11.0,4.4
BM-sheet_1-0547,beam,3.15,0.0,16.1,7.0
BM-sheet_1-0548,beam,0.1176,0.0,0.735,0.368
BM-sheet_1-0549,beam,4.212,0.0,18.72,7.8
BM-sheet_1-0550,beam,2.862,0.0,12.72,5.3
BM-sheet_1-0551,beam,1.664,0.0,10.4,5.2
BM-sheet_1-0552,beam,3.15,0.0,16.1,7.0
BM-sheet_1-0553,beam,3.3075,0.0,16.905,7.35
BM-sheet_1-0554,beam,2.2772,0.0,11.639,5.06
BM-sheet_1-0555,beam,1.632,0.0,10.2,5.1
BM-sheet_1-0556,beam,2.56,0.0,16.0,8.0
BM-sheet_1-0557,beam,2.1375,0.0,10.925,4.75
BM-sheet_1-0558,beam,1.632,0.0,10.2,5.1
BM-sheet_1-0559,beam,4.7565,0.0,18.875,7.55
BM-sheet_1-0560,beam,4.6305,0.0,18.375,7.35
BM-sheet_1-0561,beam,2.376,0.0,10.56,4.4
BM-sheet_1-0562,beam,2.416,0.0,15.1,7.55
BM-sheet_1-0563,beam,2.754,0.0,12.24,5.1
BM-sheet_1-0564,beam,2.268,0.0,10.08,4.2
BM-sheet_1-0565,beam,1.344,0.0,8.4,4.2
BM-sheet_1-0566,beam,2.7672,0.0,12.299,5.124
BM-sheet_1-0567,beam,2.416,0.0,15.1,7.55
BM-sheet_1-0568,beam,3.6,0.0,18.4,8.0
BM-sheet_1-0569,beam,2.7566,0.0,12.251,5.105
BM-sheet_1-0570,beam,2.2997,0.0,14.373,7.187
BM-sheet_1-0571,beam,2.772,0.0,11.0,4.4
BM-sheet_1-0572,beam,3.3548,0.0,17.147,7.455
BM-sheet_1-0573,beam,5.6385,0.0,22.375,8.95
BM-sheet_1-0574,beam,0.944,0.0,5.9,2.95
BM-sheet_1-0575,beam,4.0005,0.0,15.875,6.35
BM-sheet_1-0576,beam,4.1043,0.0,16.287,6.515
BM-sheet_1-0577,beam,0.1842,0.0,1.151,0.576
BM-sheet_1-0578,beam,4.221,0.0,16.75,6.7
BM-sheet_1-0579,beam,2.0025,0.0,10.235,4.45
BM-sheet_1-0580,beam,3.7327,0.0,16.59,6.912
BM-sheet_1-0581,beam,1.2174,0.0,7.609,3.804
BM-sheet_1-0582,beam,3.1337,0.0,13.927,5.803
BM-sheet_1-0583,beam,3.4644,0.0,15.397,6.416
BM-sheet_1-0584,beam,2.687,0.0,16.794,8.397
BM-sheet_1-0585,beam,4.032,0.0,16.0,6.4
BM-sheet_1-0586,beam,1.3517,0.0,8.448,4.224
BM-sheet_1-0587,beam,5.616,0.0,20.28,7.8
BM-sheet_1-0588,beam,2.2772,0.0,11.639,5.06
BM-sheet_1-0589,beam,0.944,0.0,5.9,2.95
BM-sheet_1-0590,beam,1.8833,0.0,11.77,5.885
BM-sheet_1-0591,beam,1.344,0.0,8.4,4.2
BM-sheet_1-0592,beam,2.1801,0.0,13.626,6.813
BM-sheet_1-0593,beam,3.339,0.0,13.25,5.3
BM-sheet_1-0594,beam,3.6,0.0,18.4,8.0
BM-sheet_1-0595,beam,0.944,0.0,5.9,2.95
BM-sheet_1-0596,beam,3.285,0.0,16.79,7.3
BM-sheet_1-0597,beam,0.944,0.0,5.9,2.95
BM-sheet_1-0598,beam,0.944,0.0,5.9,2.95
BM-sheet_1-0599,beam,2.862,0.0,12.72,5.3
BM-sheet_1-0600,beam,0.3424,0.0,2.14,1.07
BM-sheet_1-0601,beam,2.052,0.0,9.12,3.8
BM-sheet_1-0602,beam,4.41,0.0,17.5,7.0
BM-sheet_1-0603,beam,1.8434,0.0,11.521,5.761
BM-sheet_1-0604,beam,4.41,0.0,17.5,7.0
BM-sheet_1-0605,beam,0.3424,0.0,2.14,1.07
BM-sheet_1-0606,beam,4.599,0.0,18.25,7.3
BM-sheet_1-0607,beam,2.862,0.0,12.72,5.3
BM-sheet_1-0608,beam,4.599,0.0,18.25,7.3
BM-sheet_1-0609,beam,5.616,0.0,20.28,7.8
BM-sheet_1-0610,beam,2.8309,0.0,14.469,6.291
BM-sheet_1-0611,beam,0.6624,0.0,4.14,2.07
BM-sheet_1-0612,beam,1.1592,0.0,4.6,1.84
BM-sheet_1-0613,beam,0.6624,0.0,4.14,2.07
BM-sheet_1-0614,beam,4.599,0.0,18.25,7.3
BM-sheet_1-0615,beam,5.04,0.0,20.0,8.0
BM-sheet_1-0616,beam,4.221,0.0,16.75,6.7
BM-sheet_1-0617,beam,4.977,0.0,19.75,7.9
BM-sheet_1-0618,beam,2.9563,0.0,11.732,4.693
BM-sheet_1-0619,beam,2.862,0.0,12.72,5.3
BM-sheet_1-0620,beam,3.555,0.0,18.17,7.9
BM-sheet_1-0621,beam,2.862,0.0,12.72,5.3
BM-sheet_1-0622,beam,5.616,0.0,20.28,7.8
BM-sheet_1-0623,beam,3.213,0.0,12.75,5.1
BM-sheet_1-0624,beam,5.616,0.0,20.28,7.8
BM-sheet_1-0625,beam,4.41,0.0,17.5,7.0
BM-sheet_1-0626,beam,2.464,0.0,15.4,7.7
BM-sheet_1-0627,beam,5.04,0.0,20.0,8.0
BM-sheet_1-0628,beam,0.6407,0.0,4.005,2.002
BM-sheet_1-0629,beam,1.664,0.0,10.4,5.2
BM-sheet_1-0630,beam,2.376,0.0,10.56,4.4
BM-sheet_1-0631,beam,3.554,0.0,18.165,7.898
BM-sheet_1-0632,beam,2.352,0.0,14.7,7.35
BM-sheet_1-0633,beam,5.103,0.0,20.25,8.1
BM-sheet_1-0634,beam,3.645,0.0,18.63,8.1
BM-sheet_1-0635,beam,1.664,0.0,10.4,5.2
BM-sheet_1-0636,beam,3.4875,0.0,17.825,7.75
BM-sheet_1-0637,beam,3.555,0.0,18.17,7.9
BM-sheet_1-0638,beam,3.555,0.0,18.17,7.9
BM-sheet_1-0639,beam,3.3356,0.0,17.049,7.412
BM-sheet_1-0640,beam,4.977,0.0,19.75,7.9
BM-sheet_1-0641,beam,5.1106,0.0,20.28,8.112
BM-sheet_1-0642,beam,4.5675,0.0,18.125,7.25
BM-sheet_1-0643,beam,5.103,0.0,20.25,8.1
BM-sheet_1-0644,beam,0.5209,0.0,2.662,1.158
BM-sheet_1-0645,beam,4.977,0.0,19.75,7.9
BM-sheet_1-0646,beam,2.336,0.0,14.6,7.3
BM-sheet_1-0647,beam,0.577,0.0,2.949,1.282
BM-sheet_1-0648,beam,2.566,0.0,13.115,5.702
BM-sheet_1-0649,beam,3.5151,0.0,17.966,7.811
BM-sheet_1-0650,beam,2.6219,0.0,13.401,5.826
BM-sheet_1-0651,beam,3.4592,0.0,17.68,7.687
BM-sheet_1-0652,beam,3.3269,0.0,17.004,7.393
BM-sheet_1-0653,beam,3.3303,0.0,17.022,7.401
BM-sheet_1-0654,beam,1.0418,0.0,5.325,2.315
BM-sheet_1-0655,beam,1.164,0.0,5.949,2.587
BM-sheet_1-0656,beam,0.6407,0.0,4.005,2.002
BM-sheet_1-0657,beam,4.8265,0.0,19.153,7.661
BM-sheet_1-0658,beam,4.7497,0.0,18.848,7.539
BM-sheet_1-0659,beam,1.2537,0.0,4.975,1.99
BM-sheet_1-0660,beam,1.664,0.0,10.4,5.2
BM-sheet_1-0661,beam,0.6418,0.0,4.011,2.005
BM-sheet_1-0662,beam,3.3903,0.0,17.328,7.534
BM-sheet_1-0663,beam,1.664,0.0,10.4,5.2
BM-sheet_1-0664,beam,2.7578,0.0,17.236,8.618
BM-sheet_1-0665,beam,0.6418,0.0,4.011,2.005
BM-sheet_1-0666,beam,3.213,0.0,12.75,5.1
BM-sheet_1-0667,beam,3.0487,0.0,19.054,9.527
BM-sheet_1-0668,beam,3.0375,0.0,18.985,9.492
BM-sheet_1-0669,beam,3.213,0.0,12.75,5.1
BM-sheet_1-0670,beam,4.4415,0.0,17.625,7.05
BM-sheet_1-0671,beam,3.213,0.0,12.75,5.1
BM-sheet_1-0672,beam,4.5045,0.0,17.875,7.15
BM-sheet_1-0673,beam,2.336,0.0,14.6,7.3
BM-sheet_1-0674,beam,0.1472,0.0,0.92,0.46
BM-sheet_1-0675,beam,4.131,0.0,13.77,5.1
BM-sheet_1-0676,beam,0.1297,0.0,0.81,0.405
BM-sheet_1-0677,beam,4.599,0.0,18.25,7.3
BM-sheet_1-0678,beam,1.664,0.0,10.4,5.2
BM-sheet_1-0679,beam,2.464,0.0,15.4,7.7
BM-sheet_1-0680,beam,1.664,0.0,10.4,5.2
BM-sheet_1-0681,beam,4.131,0.0,13.77,5.1
BM-sheet_1-0682,beam,4.599,0.0,18.25,7.3
BM-sheet_1-0683,beam,2.464,0.0,15.4,7.7
BM-sheet_1-0684,beam,0.2417,0.0,1.511,0.755
BM-sheet_1-0685,beam,2.352,0.0,14.7,7.35
BM-sheet_1-0686,beam,2.464,0.0,15.4,7.7
BM-sheet_1-0687,beam,2.464,0.0,15.4,7.7
BM-sheet_1-0688,beam,2.727,0.0,12.12,5.05
BM-sheet_1-0689,beam,5.103,0.0,20.25,8.1
BM-sheet_1-0690,beam,1.8,0.0,9.2,4.0
BM-sheet_1-0691,beam,4.914,0.0,19.5,7.8
BM-sheet_1-0692,beam,1.7907,0.0,9.153,3.979
BM-sheet_1-0693,beam,2.9472,0.0,18.42,9.21
BM-sheet_1-0694,beam,2.9472,0.0,18.42,9.21
BM-sheet_1-0695,beam,2.544,0.0,15.9,7.95
BM-sheet_1-0696,beam,2.9472,0.0,18.42,9.21
BM-sheet_1-0697,beam,2.727,0.0,12.12,5.05
BM-sheet_1-0698,beam,2.0256,0.0,12.66,6.33
BM-sheet_1-0699,beam,0.2012,0.0,1.257,0.629
BM-sheet_1-0700,beam,0.4297,0.0,2.685,1.343
BM-sheet_1-0701,beam,2.56,0.0,16.0,8.0
BM-sheet_1-0702,beam,4.6305,0.0,18.375,7.35
BM-sheet_1-0703,beam,2.56,0.0,16.0,8.0
BM-sheet_1-0704,beam,1.3149,0.0,8.218,4.109
BM-sheet_1-0705,beam,0.5369,0.0,3.356,1.678
BM-sheet_1-0706,beam,0.3938,0.0,2.462,1.231
BM-sheet_1-0707,beam,2.991,0.0,18.694,9.347
BM-sheet_1-0708,beam,1.2509,0.0,7.818,3.909
BM-sheet_1-0709,beam,1.2676,0.0,7.923,3.961
BM-sheet_1-0710,beam,1.3472,0.0,8.42,4.21
BM-sheet_1-0711,beam,1.4505,0.0,9.066,4.533
BM-sheet_1-0712,beam,4.6305,0.0,18.375,7.35
BM-sheet_1-0713,beam,2.565,0.0,11.4,4.75
BM-sheet_1-0714,beam,2.4768,0.0,15.48,7.74
BM-sheet_1-0715,beam,1.664,0.0,10.4,5.2
BM-sheet_1-0716,beam,1.664,0.0,10.4,5.2
BM-sheet_1-0717,beam,2.464,0.0,15.4,7.7
BM-sheet_1-0718,beam,2.464,0.0,15.4,7.7
BM-sheet_1-0719,beam,4.6305,0.0,18.375,7.35
BM-sheet_1-0720,beam,5.8725,0.0,19.575,7.25
BM-sheet_1-0721,beam,2.7,0.0,12.0,5.0
BM-sheet_1-0722,beam,2.727,0.0,12.12,5.05
BM-sheet_1-0723,beam,2.32,0.0,14.5,7.25
BM-sheet_1-0724,beam,5.8725,0.0,19.575,7.25
BM-sheet_1-0725,beam,2.3554,0.0,14.721,7.361
BM-sheet_1-0726,beam,5.8725,0.0,19.575,7.25
BM-sheet_1-0727,beam,2.808,0.0,12.48,5.2
BM-sheet_1-0728,beam,0.3997,0.0,1.776,0.74
BM-sheet_1-0729,beam,3.4875,0.0,17.825,7.75
BM-sheet_1-0730,beam,2.916,0.0,12.96,5.4
BM-sheet_1-0731,beam,2.646,0.0,11.76,4.9
BM-sheet_1-0732,beam,2.0256,0.0,12.66,6.33
BM-sheet_1-0733,beam,2.0256,0.0,12.66,6.33
BM-sheet_1-0734,beam,2.992,0.0,18.7,9.35
BM-sheet_1-0735,beam,2.992,0.0,18.7,9.35
BM-sheet_1-0736,beam,2.484,0.0,11.04,4.6
BM-sheet_1-0737,beam,2.9941,0.0,18.713,9.357
BM-sheet_1-0738,beam,2.727,0.0,12.12,5.05
BM-sheet_1-0739,beam,2.1375,0.0,10.925,4.75
BM-sheet_1-0740,beam,2.7,0.0,13.8,6.0
BM-sheet_1-0741,beam,2.727,0.0,12.12,5.05
BM-sheet_1-0742,beam,2.32,0.0,14.5,7.25
BM-sheet_1-0743,beam,2.727,0.0,12.12,5.05
BM-sheet_1-0744,beam,2.565,0.0,11.4,4.75
BM-sheet_1-0745,beam,2.32,0.0,14.5,7.25
BM-sheet_1-0746,beam,3.4875,0.0,17.825,7.75
BM-sheet_1-0747,beam,4.5675,0.0,18.125,7.25
BM-sheet_1-0748,beam,2.916,0.0,12.96,5.4
BM-sheet_1-0749,beam,2.727,0.0,12.12,5.05
BM-sheet_1-0750,beam,2.7,0.0,12.0,5.0
BM-sheet_1-0751,beam,2.727,0.0,12.12,5.05
BM-sheet_1-0752,beam,2.48,0.0,15.5,7.75
BM-sheet_1-0753,beam,3.42,0.0,17.48,7.6
BM-sheet_1-0754,beam,4.2197,0.0,16.745,6.698
BM-sheet_1-0755,beam,4.41,0.0,17.5,7.0
BM-sheet_1-0756,beam,2.727,0.0,12.12,5.05
BM-sheet_1-0757,beam,2.32,0.0,14.5,7.25
BM-sheet_1-0758,beam,2.727,0.0,12.12,5.05
BM-sheet_1-0759,beam,2.56,0.0,16.0,8.0
BM-sheet_1-0760,beam,5.0715,0.0,20.125,8.05
BM-sheet_1-0761,beam,3.4875,0.0,17.825,7.75
BM-sheet_1-0762,beam,2.88,0.0,14.72,6.4
BM-sheet_1-0763,beam,2.646,0.0,11.76,4.9
BM-sheet_1-0764,beam,2.727,0.0,12.12,5.05
BM-sheet_1-0765,beam,5.8725,0.0,19.575,7.25
BM-sheet_1-0766,beam,7.424,0.0,46.4,23.2
BM-sheet_1-0767,beam,3.51,0.0,17.94,7.8
BM-sheet_1-0768,beam,3.51,0.0,17.94,7.8
BM-sheet_1-0769,beam,3.213,0.0,12.75,5.1
BM-sheet_1-0770,beam,4.158,0.0,18.48,7.7
BM-sheet_1-0771,beam,3.1185,0.0,12.375,4.95
BM-sheet_1-0772,beam,2.754,0.0,12.24,5.1
BM-sheet_1-0773,beam,3.1185,0.0,12.375,4.95
BM-sheet_1-0774,beam,2.808,0.0,12.48,5.2
BM-sheet_1-0775,beam,2.7,0.0,13.8,6.0
BM-sheet_1-0776,beam,1.552,0.0,9.7,4.85
BM-sheet_1-0777,beam,4.212,0.0,18.72,7.8
BM-sheet_1-0778,beam,2.565,0.0,11.4,4.75
BM-sheet_1-0779,beam,3.6,0.0,18.4,8.0
BM-sheet_1-0780,beam,4.977,0.0,19.75,7.9
BM-sheet_1-0781,beam,4.032,0.0,16.0,6.4
BM-sheet_1-0782,beam,2.56,0.0,16.0,8.0
BM-sheet_1-0783,beam,3.6,0.0,18.4,8.0
BM-sheet_1-0784,beam,1.552,0.0,9.7,4.85
BM-sheet_1-0785,beam,2.624,0.0,16.4,8.2
BM-sheet_1-0786,beam,3.4875,0.0,17.825,7.75
BM-sheet_1-0787,beam,13.4055,0.0,44.685,16.55
BM-sheet_1-0788,beam,4.914,0.0,19.5,7.8
BM-sheet_1-0789,beam,3.51,0.0,17.94,7.8
BM-sheet_1-0790,beam,2.538,0.0,11.28,4.7
BM-sheet_1-0791,beam,3.51,0.0,17.94,7.8
BM-sheet_1-0792,beam,4.914,0.0,19.5,7.8
BM-sheet_1-0793,beam,3.51,0.0,17.94,7.8
BM-sheet_1-0794,beam,2.432,0.0,15.2,7.6
BM-sheet_1-0795,beam,3.4875,0.0,17.825,7.75
BM-sheet_1-0796,beam,2.619,0.0,11.64,4.85
BM-sheet_1-0797,beam,2.538,0.0,11.28,4.7
BM-sheet_1-0798,beam,4.8195,0.0,19.125,7.65
BM-sheet_1-0799,beam,0.5779,0.0,3.612,1.806
BM-sheet_1-0800,beam,2.443,0.0,15.269,7.634
BM-sheet_1-0801,beam,4.7635,0.0,18.903,7.561
BM-sheet_1-0802,beam,0.736,0.0,4.6,2.3
BM-sheet_1-0803,beam,2.448,0.0,15.3,7.65
BM-sheet_1-0804,beam,1.876,0.0,11.725,5.863
BM-sheet_1-0805,beam,1.9715,0.0,12.322,6.161
BM-sheet_1-0806,beam,1.552,0.0,9.7,4.85
BM-sheet_1-0807,beam,3.78,0.0,19.32,8.4
BM-sheet_1-0808,beam,4.212,0.0,18.72,7.8
BM-sheet_1-0809,beam,3.78,0.0,19.32,8.4
BM-sheet_1-0810,beam,4.212,0.0,18.72,7.8
BM-sheet_1-0811,beam,2.565,0.0,11.4,4.75
BM-sheet_1-0812,beam,7.6725,0.0,22.475,7.75
BM-sheet_1-0813,beam,2.565,0.0,11.4,4.75
BM-sheet_1-0814,beam,2.646,0.0,11.76,4.9
BM-sheet_1-0815,beam,0.2229,0.0,1.393,0.696
BM-sheet_1-0816,beam,1.52,0.0,9.5,4.75
BM-sheet_1-0817,beam,2.464,0.0,15.4,7.7
BM-sheet_1-0818,beam,5.103,0.0,20.25,8.1
BM-sheet_1-0819,beam,1.52,0.0,9.5,4.75
BM-sheet_1-0820,beam,1.4512,0.0,9.07,4.535
BM-sheet_1-0821,beam,2.464,0.0,15.4,7.7
BM-sheet_1-0822,beam,2.464,0.0,15.4,7.7
BM-sheet_1-0823,beam,3.4875,0.0,17.825,7.75
BM-sheet_1-0824,beam,2.48,0.0,15.5,7.75
BM-sheet_1-0825,beam,1.728,0.0,10.8,5.4
BM-sheet_1-0826,beam,2.464,0.0,15.4,7.7
BM-sheet_1-0827,beam,0.2432,0.0,1.52,0.76
BM-sheet_1-0828,beam,3.4537,0.0,17.652,7.675
BM-sheet_1-0829,beam,3.4313,0.0,17.538,7.625
BM-sheet_1-0830,beam,0.2034,0.0,1.271,0.635
BM-sheet_1-0831,beam,4.5045,0.0,17.875,7.15
BM-sheet_1-0832,beam,2.464,0.0,15.4,7.7
BM-sheet_1-0833,beam,3.4537,0.0,17.652,7.675
BM-sheet_1-0834,beam,3.42,0.0,17.48,7.6
BM-sheet_1-0835,beam,4.212,0.0,18.72,7.8
BM-sheet_1-0836,beam,4.212,0.0,18.72,7.8
BM-sheet_1-0837,beam,3.4875,0.0,17.825,7.75
BM-sheet_1-0838,beam,3.3601,0.0,13.334,5.333
BM-sheet_1-0839,beam,2.464,0.0,15.4,7.7
BM-sheet_1-0840,beam,4.914,0.0,19.5,7.8
BM-sheet_1-0841,beam,3.51,0.0,17.94,7.8
BM-sheet_1-0842,beam,3.78,0.0,19.32,8.4
BM-sheet_1-0843,beam,2.754,0.0,12.24,5.1
BM-sheet_1-0844,beam,2.4768,0.0,15.48,7.74
BM-sheet_1-0845,beam,4.914,0.0,19.5,7.8
BM-sheet_1-0846,beam,2.97,0.0,13.2,5.5
BM-sheet_1-0847,beam,3.244,0.0,12.873,5.149
BM-sheet_1-0848,beam,3.51,0.0,17.94,7.8
BM-sheet_1-0849,beam,3.78,0.0,19.32,8.4
BM-sheet_1-0850,beam,2.754,0.0,12.24,5.1
BM-sheet_1-0851,beam,2.97,0.0,13.2,5.5
BM-sheet_1-0852,beam,6.5296,0.0,20.314,7.255
BM-sheet_1-0853,beam,4.914,0.0,19.5,7.8
BM-sheet_1-0854,beam,6.4154,0.0,19.959,7.128
BM-sheet_1-0855,beam,1.664,0.0,10.4,5.2
BM-sheet_1-0856,beam,4.212,0.0,18.72,7.8
BM-sheet_1-0857,beam,2.288,0.0,14.3,7.15
BM-sheet_1-0858,beam,2.0423,0.0,10.439,4.538
BM-sheet_1-0859,beam,2.496,0.0,15.6,7.8
BM-sheet_1-0860,beam,3.51,0.0,17.94,7.8
BM-sheet_1-0861,beam,3.51,0.0,17.94,7.8
BM-sheet_1-0862,beam,2.528,0.0,15.8,7.9
BM-sheet_1-0863,beam,2.0256,0.0,12.66,6.33
BM-sheet_1-0864,beam,3.51,0.0,17.94,7.8
BM-sheet_1-0865,beam,1.7536,0.0,10.96,5.48
BM-sheet_1-0866,beam,1.4239,0.0,8.899,4.45
BM-sheet_1-0867,beam,4.8825,0.0,19.375,7.75
BM-sheet_1-0868,beam,1.664,0.0,10.4,5.2
BM-sheet_1-0869,beam,2.256,0.0,14.1,7.05
BM-sheet_1-0870,beam,2.496,0.0,15.6,7.8
BM-sheet_1-0871,beam,1.664,0.0,10.4,5.2
BM-sheet_1-0872,beam,2.496,0.0,15.6,7.8
BM-sheet_1-0873,beam,3.51,0.0,17.94,7.8
BM-sheet_1-0874,beam,3.51,0.0,17.94,7.8
BM-sheet_1-0875,beam,3.51,0.0,17.94,7.8
BM-sheet_1-0876,beam,3.51,0.0,17.94,7.8
BM-sheet_1-0877,beam,1.8786,0.0,11.741,5.871
BM-sheet_1-0878,beam,0.3785,0.0,2.365,1.183
BM-sheet_1-0879,beam,3.2625,0.0,16.675,7.25
BM-sheet_1-0880,beam,2.496,0.0,15.6,7.8
BM-sheet_1-0881,beam,4.86,0.0,15.12,5.4
BM-sheet_1-0882,beam,0.41,0.0,2.096,0.911
BM-sheet_1-0883,beam,3.51,0.0,17.94,7.8
BM-sheet_1-0884,beam,2.496,0.0,15.6,7.8
BM-sheet_1-0885,beam,0.41,0.0,2.096,0.911
BM-sheet_1-0886,beam,3.51,0.0,17.94,7.8
BM-sheet_1-0887,beam,3.51,0.0,17.94,7.8
BM-sheet_1-0888,beam,1.7763,0.0,11.102,5.551
BM-sheet_1-0889,beam,3.1729,0.0,14.102,5.876
BM-sheet_1-0890,beam,1.024,0.0,6.4,3.2
BM-sheet_1-0891,beam,1.024,0.0,6.4,3.2
BM-sheet_1-0892,beam,2.256,0.0,14.1,7.05
BM-sheet_1-0893,beam,1.9942,0.0,12.464,6.232
BM-sheet_1-0894,beam,1.0203,0.0,6.377,3.188
BM-sheet_1-0895,beam,1.0203,0.0,6.377,3.188
BM-sheet_1-0896,beam,1.4203,0.0,8.877,4.438
BM-sheet_1-0897,beam,1.4203,0.0,8.877,4.438
BM-sheet_1-0898,beam,1.4203,0.0,8.877,4.438
BM-sheet_1-0899,beam,1.4203,0.0,8.877,4.438
BM-sheet_1-0900,beam,1.4203,0.0,8.877,4.438
BM-sheet_1-0901,beam,1.4203,0.0,8.877,4.438
BM-sheet_1-0902,beam,2.496,0.0,15.6,7.8
BM-sheet_1-0903,beam,2.0423,0.0,10.439,4.538
BM-sheet_1-0904,beam,0.63,0.0,3.22,1.4
BM-sheet_1-0905,beam,2.0423,0.0,10.439,4.538
BM-sheet_1-0906,beam,0.63,0.0,3.22,1.4
BM-sheet_1-0907,beam,2.0423,0.0,10.439,4.538
BM-sheet_1-0908,beam,0.63,0.0,3.22,1.4
BM-sheet_1-0909,beam,0.63,0.0,3.22,1.4
BM-sheet_1-0910,beam,0.63,0.0,3.22,1.4
BM-sheet_1-0911,beam,2.0423,0.0,10.439,4.538
BM-sheet_1-0912,beam,0.63,0.0,3.22,1.4
BM-sheet_1-0913,beam,2.0423,0.0,10.439,4.538
BM-sheet_1-0914,beam,2.4508,0.0,10.892,4.538
BM-sheet_1-0915,beam,1.4816,0.0,9.26,4.63
BM-sheet_1-0916,beam,1.4587,0.0,9.117,4.558
BM-sheet_1-0917,beam,0.7927,0.0,3.523,1.468
BM-sheet_1-0918,beam,0.7977,0.0,3.545,1.477
BM-sheet_1-0919,beam,1.4985,0.0,9.366,4.683
BM-sheet_1-0920,beam,1.4061,0.0,6.249,2.604
BM-sheet_1-0921,beam,1.4734,0.0,6.548,2.728
BM-sheet_1-0922,beam,2.496,0.0,15.6,7.8
BM-sheet_1-0923,beam,1.4733,0.0,9.208,4.604
BM-sheet_1-0924,beam,1.3413,0.0,8.383,4.191
BM-sheet_1-0925,beam,0.8316,0.0,5.198,2.599
BM-sheet_1-0926,beam,1.3014,0.0,8.134,4.067
BM-sheet_1-0927,beam,1.904,0.0,11.9,5.95
BM-sheet_1-0928,beam,1.664,0.0,10.4,5.2
BM-sheet_1-0929,beam,1.573,0.0,9.831,4.916
BM-sheet_1-0930,beam,1.5536,0.0,9.71,4.855
BM-sheet_1-0931,beam,7.6725,0.0,22.475,7.75
BM-sheet_1-0932,beam,1.648,0.0,10.3,5.15
BM-sheet_1-0933,beam,2.1782,0.0,13.614,6.807
BM-sheet_1-0934,beam,1.648,0.0,10.3,5.15
BM-sheet_1-0935,beam,1.472,0.0,9.2,4.6
BM-sheet_1-0936,beam,1.648,0.0,10.3,5.15
BM-sheet_1-0937,beam,0.4064,0.0,2.54,1.27
BM-sheet_1-0938,beam,1.648,0.0,10.3,5.15
BM-sheet_1-0939,beam,2.8032,0.0,11.124,4.45
BM-sheet_1-0940,beam,1.648,0.0,10.3,5.15
BM-sheet_1-0941,beam,1.648,0.0,10.3,5.15
BM-sheet_1-0942,beam,1.648,0.0,10.3,5.15
BM-sheet_1-0943,beam,1.7243,0.0,10.777,5.388
BM-sheet_1-0944,beam,0.2361,0.0,1.476,0.738
BM-sheet_1-0945,beam,2.8032,0.0,11.124,4.45
BM-sheet_1-0946,beam,2.48,0.0,15.5,7.75
BM-sheet_1-0947,beam,1.615,0.0,10.094,5.047
BM-sheet_1-0948,beam,2.385,0.0,12.19,5.3
BM-sheet_1-0949,beam,2.496,0.0,15.6,7.8
BM-sheet_1-0950,beam,2.496,0.0,15.6,7.8
BM-sheet_1-0951,beam,1.664,0.0,10.4,5.2
BM-sheet_1-0952,beam,2.256,0.0,14.1,7.05
BM-sheet_1-0953,beam,2.8034,0.0,11.125,4.45
BM-sheet_1-0954,beam,2.496,0.0,15.6,7.8
BM-sheet_1-0955,beam,1.664,0.0,10.4,5.2
BM-sheet_1-0956,beam,5.616,0.0,20.28,7.8
BM-sheet_1-0957,beam,1.456,0.0,9.1,4.55
BM-sheet_1-0958,beam,0.6684,0.0,4.178,2.089
BM-sheet_1-0959,beam,0.96,0.0,6.0,3.0
BM-sheet_1-0960,beam,2.432,0.0,15.2,7.6
BM-sheet_1-0961,beam,2.496,0.0,15.6,7.8
BM-sheet_1-0962,beam,2.496,0.0,15.6,7.8
BM-sheet_1-0963,beam,0.4723,0.0,2.952,1.476
BM-sheet_1-0964,beam,2.496,0.0,15.6,7.8
BM-sheet_1-0965,beam,2.8032,0.0,11.124,4.45
BM-sheet_1-0966,beam,4.032,0.0,16.0,6.4
BM-sheet_1-0967,beam,0.2816,0.0,1.76,0.88
BM-sheet_1-0968,beam,2.385,0.0,12.19,5.3
BM-sheet_1-0969,beam,0.7767,0.0,4.854,2.427
BM-sheet_1-0970,beam,0.7767,0.0,4.854,2.427
BM-sheet_1-0971,beam,0.2816,0.0,1.76,0.88
BM-sheet_1-0972,beam,1.264,0.0,7.9,3.95
BM-sheet_1-0973,beam,1.264,0.0,7.9,3.95
BM-sheet_1-0974,beam,1.264,0.0,7.9,3.95
BM-sheet_1-0975,beam,3.339,0.0,13.25,5.3
BM-sheet_1-0976,beam,1.264,0.0,7.9,3.95
BM-sheet_1-0977,beam,1.4816,0.0,9.26,4.63
BM-sheet_1-0978,beam,0.864,0.0,5.4,2.7
BM-sheet_1-0979,beam,1.5213,0.0,9.508,4.754
BM-sheet_1-0980,beam,2.496,0.0,15.6,7.8
BM-sheet_1-0981,beam,0.768,0.0,4.8,2.4
BM-sheet_1-0982,beam,0.7659,0.0,4.787,2.393
BM-sheet_1-0983,beam,1.52,0.0,9.5,4.75
BM-sheet_1-0984,beam,3.51,0.0,17.94,7.8
BM-sheet_1-0985,beam,0.3993,0.0,2.496,1.248
BM-sheet_1-0986,beam,1.0308,0.0,6.442,3.221
BM-sheet_1-0987,beam,1.0308,0.0,6.442,3.221
BM-sheet_1-0988,beam,4.851,0.0,19.25,7.7
BM-sheet_1-0989,beam,1.8001,0.0,11.251,5.625
BM-sheet_1-0990,beam,0.24,0.0,1.5,0.75
BM-sheet_1-0991,beam,1.472,0.0,9.2,4.6
BM-sheet_1-0992,beam,0.4064,0.0,2.54,1.27
BM-sheet_1-0993,beam,1.44,0.0,9.0,4.5
BM-sheet_1-0994,beam,1.6897,0.0,8.636,3.755
BM-sheet_1-0995,beam,6.795,0.0,21.14,7.55
BM-sheet_1-0996,beam,1.664,0.0,10.4,5.2
BM-sheet_1-0997,beam,1.44,0.0,9.0,4.5
BM-sheet_1-0998,beam,1.4595,0.0,9.122,4.561
BM-sheet_1-0999,beam,2.464,0.0,15.4,7.7
BM-sheet_1-1000,beam,3.339,0.0,13.25,5.3
BM-sheet_1-1001,beam,1.575,0.0,8.05,3.5
BM-sheet_1-1002,beam,1.664,0.0,10.4,5.2
BM-sheet_1-1003,beam,4.914,0.0,19.5,7.8
BM-sheet_1-1004,beam,3.465,0.0,17.71,7.7
BM-sheet_1-1005,beam,1.4012,0.0,8.758,4.379
BM-sheet_1-1006,beam,2.496,0.0,15.6,7.8
BM-sheet_1-1007,beam,2.862,0.0,12.72,5.3
BM-sheet_1-1008,beam,4.914,0.0,19.5,7.8
BM-sheet_1-1009,beam,2.496,0.0,15.6,7.8
BM-sheet_1-1010,beam,0.6684,0.0,4.178,2.089
BM-sheet_1-1011,beam,2.0925,0.0,10.695,4.65
BM-sheet_1-1012,beam,2.862,0.0,12.72,5.3
BM-sheet_1-1013,beam,2.0925,0.0,10.695,4.65
BM-sheet_1-1014,beam,2.479,0.0,11.018,4.591
BM-sheet_1-1015,beam,1.0464,0.0,6.54,3.27
BM-sheet_1-1016,beam,2.496,0.0,15.6,7.8
BM-sheet_1-1017,beam,1.0464,0.0,6.54,3.27
BM-sheet_1-1018,beam,2.48,0.0,15.5,7.75
BM-sheet_1-1019,beam,2.496,0.0,15.6,7.8
BM-sheet_1-1020,beam,0.5647,0.0,3.529,1.765
BM-sheet_1-1021,beam,3.51,0.0,17.94,7.8
BM-sheet_1-1022,beam,4.851,0.0,19.25,7.7
BM-sheet_1-1023,beam,5.616,0.0,20.28,7.8
BM-sheet_1-1024,beam,2.48,0.0,15.5,7.75
BM-sheet_1-1025,beam,1.0464,0.0,6.54,3.27
BM-sheet_1-1026,beam,3.465,0.0,17.71,7.7
BM-sheet_1-1027,beam,2.0925,0.0,10.695,4.65
BM-sheet_1-1028,beam,0.5824,0.0,3.64,1.82
BM-sheet_1-1029,beam,2.464,0.0,15.4,7.7
BM-sheet_1-1030,beam,0.2496,0.0,1.56,0.78
BM-sheet_1-1031,beam,1.488,0.0,9.3,4.65
BM-sheet_1-1032,beam,2.0925,0.0,10.695,4.65
BM-sheet_1-1033,beam,0.8672,0.0,5.42,2.71
BM-sheet_1-1034,beam,0.192,0.0,1.2,0.6
BM-sheet_1-1035,beam,2.464,0.0,15.4,7.7
BM-sheet_1-1036,beam,2.0925,0.0,10.695,4.65
BM-sheet_1-1037,beam,4.851,0.0,19.25,7.7
BM-sheet_1-1038,beam,2.0925,0.0,10.695,4.65
BM-sheet_1-1039,beam,0.192,0.0,1.2,0.6
BM-sheet_1-1040,beam,4.851,0.0,19.25,7.7
BM-sheet_1-1041,beam,4.851,0.0,19.25,7.7
BM-sheet_1-1042,beam,2.07,0.0,10.58,4.6
BM-sheet_1-1043,beam,5.832,0.0,21.06,8.1
BM-sheet_1-1044,beam,2.0925,0.0,10.695,4.65
BM-sheet_1-1045,beam,4.9455,0.0,19.625,7.85
BM-sheet_1-1046,beam,7.7715,0.0,22.765,7.85
BM-sheet_1-1047,beam,0.2404,0.0,1.502,0.751
BM-sheet_1-1048,beam,8.6953,0.0,24.154,8.051
BM-sheet_1-1049,beam,2.772,0.0,11.0,4.4
BM-sheet_1-1050,beam,2.772,0.0,11.0,4.4
BM-sheet_1-1051,beam,0.6756,0.0,4.222,2.111
BM-sheet_1-1052,beam,4.914,0.0,19.5,7.8
BM-sheet_1-1053,beam,2.416,0.0,15.1,7.55
BM-sheet_1-1054,beam,2.416,0.0,15.1,7.55
BM-sheet_1-1055,beam,5.832,0.0,21.06,8.1
BM-sheet_1-1056,beam,3.285,0.0,16.79,7.3
BM-sheet_1-1057,beam,2.8032,0.0,11.124,4.45
BM-sheet_1-1058,beam,0.2404,0.0,1.502,0.751
BM-sheet_1-1059,beam,5.616,0.0,20.28,7.8
BM-sheet_1-1060,beam,3.51,0.0,17.94,7.8
BM-sheet_1-1061,beam,3.51,0.0,17.94,7.8
BM-sheet_1-1062,beam,5.616,0.0,20.28,7.8
BM-sheet_1-1063,beam,2.496,0.0,15.6,7.8
BM-sheet_1-1064,beam,0.1558,0.0,0.974,0.487
BM-sheet_1-1065,beam,3.51,0.0,17.94,7.8
BM-sheet_1-1066,beam,3.339,0.0,13.25,5.3
BM-sheet_1-1067,beam,5.616,0.0,20.28,7.8
BM-sheet_1-1068,beam,5.616,0.0,20.28,7.8
BM-sheet_1-1069,beam,3.51,0.0,17.94,7.8
BM-sheet_1-1070,beam,3.1236,0.0,11.28,4.338
BM-sheet_1-1071,beam,2.7424,0.0,12.188,5.078
BM-sheet_1-1072,beam,2.6117,0.0,16.323,8.162
BM-sheet_1-1073,beam,2.7424,0.0,12.188,5.078
BM-sheet_1-1074,beam,2.4387,0.0,15.242,7.621
BM-sheet_1-1075,beam,1.2992,0.0,8.12,4.06
BM-sheet_1-1076,beam,0.8672,0.0,5.42,2.71
BM-sheet_1-1077,beam,0.96,0.0,6.0,3.0
BM-sheet_1-1078,beam,4.851,0.0,19.25,7.7
BM-sheet_1-1079,beam,2.56,0.0,16.0,8.0
BM-sheet_1-1080,beam,2.56,0.0,16.0,8.0
BM-sheet_1-1081,beam,2.496,0.0,15.6,7.8
BM-sheet_1-1082,beam,0.3592,0.0,2.245,1.123
BM-sheet_1-1083,beam,1.0464,0.0,6.54,3.27
BM-sheet_1-1084,beam,1.35,0.0,6.9,3.0
BM-sheet_1-1085,beam,6.795,0.0,21.14,7.55
BM-sheet_1-1086,beam,1.3936,0.0,8.71,4.355
BM-sheet_1-1087,beam,1.368,0.0,6.992,3.04
BM-sheet_1-1088,beam,3.465,0.0,17.71,7.7
BM-sheet_1-1089,beam,4.473,0.0,17.75,7.1
BM-sheet_1-1090,beam,4.5983,0.0,18.247,7.299
BM-sheet_1-1091,beam,5.724,0.0,15.9,5.3
BM-sheet_1-1092,beam,1.2826,0.0,8.016,4.008
BM-sheet_1-1093,beam,2.496,0.0,15.6,7.8
BM-sheet_1-1094,beam,0.1508,0.0,0.942,0.471
BM-sheet_1-1095,beam,3.51,0.0,17.94,7.8
BM-sheet_1-1096,beam,2.464,0.0,15.4,7.7
BM-sheet_1-1097,beam,0.8064,0.0,5.04,2.52
BM-sheet_1-1098,beam,2.496,0.0,15.6,7.8
BM-sheet_1-1099,beam,2.496,0.0,15.6,7.8
BM-sheet_1-1100,beam,2.0025,0.0,10.235,4.45
BM-sheet_1-1101,beam,2.4638,0.0,15.399,7.699
BM-sheet_1-1102,beam,2.496,0.0,15.6,7.8
BM-sheet_1-1103,beam,4.8825,0.0,19.375,7.75
BM-sheet_1-1104,beam,1.584,0.0,9.9,4.95
BM-sheet_1-1105,beam,3.132,0.0,11.31,4.35
BM-sheet_1-1106,beam,2.448,0.0,15.3,7.65
BM-sheet_1-1107,beam,2.808,0.0,12.48,5.2
BM-sheet_1-1108,beam,2.496,0.0,15.6,7.8
BM-sheet_1-1109,beam,8.6739,0.0,24.094,8.031
BM-sheet_1-1110,beam,0.432,0.0,2.7,1.35
BM-sheet_1-1111,beam,8.8614,0.0,24.615,8.205
BM-sheet_1-1112,beam,3.51,0.0,17.94,7.8
BM-sheet_1-1113,beam,8.6739,0.0,24.094,8.031
BM-sheet_1-1114,beam,1.35,0.0,6.9,3.0
BM-sheet_1-1115,beam,2.496,0.0,15.6,7.8
BM-sheet_1-1116,beam,2.385,0.0,12.19,5.3
BM-sheet_1-1117,beam,6.795,0.0,21.14,7.55
BM-sheet_1-1118,beam,2.385,0.0,12.19,5.3
BM-sheet_1-1119,beam,1.632,0.0,10.2,5.1
BM-sheet_1-1120,beam,6.795,0.0,21.14,7.55
BM-sheet_1-1121,beam,1.9575,0.0,10.005,4.35
BM-sheet_1-1122,beam,6.1155,0.0,20.385,7.55
BM-sheet_1-1123,beam,4.4408,0.0,17.622,7.049
BM-sheet_1-1124,beam,1.575,0.0,8.05,3.5
BM-sheet_1-1125,beam,4.7257,0.0,18.753,7.501
BM-sheet_1-1126,beam,1.9125,0.0,9.775,4.25
BM-sheet_1-1127,beam,6.3981,0.0,21.327,7.899
BM-sheet_1-1128,beam,4.5983,0.0,18.247,7.299
BM-sheet_1-1129,beam,1.89,0.0,9.66,4.2
BM-sheet_1-1130,beam,1.9125,0.0,9.775,4.25
BM-sheet_1-1131,beam,1.2388,0.0,7.742,3.871
BM-sheet_1-1132,beam,8.2092,0.0,22.803,7.601
BM-sheet_1-1133,beam,2.295,0.0,11.73,5.1
BM-sheet_1-1134,beam,4.9763,0.0,19.747,7.899
BM-sheet_1-1135,beam,1.2388,0.0,7.742,3.871
BM-sheet_1-1136,beam,2.496,0.0,15.6,7.8
BM-sheet_1-1137,beam,0.432,0.0,2.7,1.35
BM-sheet_1-1138,beam,2.655,0.0,13.57,5.9
BM-sheet_1-1139,beam,3.465,0.0,17.71,7.7
BM-sheet_1-1140,beam,2.496,0.0,15.6,7.8
BM-sheet_1-1141,beam,0.464,0.0,2.9,1.45
BM-sheet_1-1142,beam,0.464,0.0,2.9,1.45
BM-sheet_1-1143,beam,1.424,0.0,8.9,4.45
BM-sheet_1-1144,beam,0.4764,0.0,2.978,1.489
BM-sheet_1-1145,beam,2.385,0.0,12.19,5.3
BM-sheet_1-1146,beam,1.017,0.0,6.356,3.178
BM-sheet_1-1147,beam,0.6505,0.0,4.066,2.033
BM-sheet_1-1148,beam,2.496,0.0,15.6,7.8
BM-sheet_1-1149,beam,0.7755,0.0,4.847,2.424
BM-sheet_1-1150,beam,0.6756,0.0,4.222,2.111
BM-sheet_1-1151,beam,0.8676,0.0,5.422,2.711
BM-sheet_1-1152,beam,1.184,0.0,7.4,3.7
BM-sheet_1-1153,beam,2.0025,0.0,10.235,4.45
BM-sheet_1-1154,beam,0.6414,0.0,4.009,2.005
BM-sheet_1-1155,beam,2.8961,0.0,18.101,9.05
BM-sheet_1-1156,beam,1.824,0.0,11.4,5.7
BM-sheet_1-1157,beam,2.496,0.0,15.6,7.8
BM-sheet_1-1158,beam,0.1508,0.0,0.942,0.471
BM-sheet_1-1159,beam,2.6615,0.0,16.634,8.317
BM-sheet_1-1160,beam,0.8064,0.0,5.04,2.52
BM-sheet_1-1161,beam,2.4933,0.0,15.583,7.791
BM-sheet_1-1162,beam,2.528,0.0,15.8,7.9
BM-sheet_1-1163,beam,1.824,0.0,11.4,5.7
BM-sheet_1-1164,beam,0.864,0.0,5.4,2.7
BM-sheet_1-1165,beam,2.4933,0.0,15.583,7.791
BM-sheet_1-1166,beam,2.6586,0.0,16.616,8.308
BM-sheet_1-1167,beam,3.132,0.0,11.31,4.35
BM-sheet_1-1168,beam,2.448,0.0,15.3,7.65
BM-sheet_1-1169,beam,2.808,0.0,12.48,5.2
BM-sheet_1-1170,beam,2.496,0.0,15.6,7.8
BM-sheet_1-1171,beam,2.512,0.0,15.7,7.85
BM-sheet_1-1172,beam,8.424,0.0,23.4,7.8
BM-sheet_1-1173,beam,2.6586,0.0,16.616,8.308
BM-sheet_1-1174,beam,2.862,0.0,12.72,5.3
BM-sheet_1-1175,beam,1.9772,0.0,12.358,6.179
BM-sheet_1-1176,beam,2.0025,0.0,10.235,4.45
BM-sheet_1-1177,beam,8.424,0.0,23.4,7.8
BM-sheet_1-1178,beam,2.4324,0.0,15.202,7.601
BM-sheet_1-1179,beam,2.4964,0.0,15.602,7.801
BM-sheet_1-1180,beam,2.34,0.0,11.96,5.2
BM-sheet_1-1181,beam,2.5875,0.0,13.225,5.75
BM-sheet_1-1182,beam,2.4324,0.0,15.202,7.601
BM-sheet_1-1183,beam,1.8881,0.0,11.801,5.9
BM-sheet_1-1184,beam,3.555,0.0,18.17,7.9
BM-sheet_1-1185,beam,1.9125,0.0,9.775,4.25
BM-sheet_1-1186,beam,0.183,0.0,1.144,0.572
BM-sheet_1-1187,beam,0.5209,0.0,3.256,1.628
BM-sheet_1-1188,beam,2.5984,0.0,16.24,8.12
BM-sheet_1-1189,beam,1.4231,0.0,8.895,4.447
BM-sheet_1-1190,beam,0.3024,0.0,1.89,0.945
BM-sheet_1-1191,beam,2.0025,0.0,10.235,4.45
BM-sheet_1-1192,beam,1.9575,0.0,10.005,4.35
BM-sheet_1-1193,beam,0.432,0.0,2.7,1.35
BM-sheet_1-1194,beam,1.9125,0.0,9.775,4.25
BM-sheet_1-1195,beam,0.88,0.0,5.5,2.75
BM-sheet_1-1196,beam,4.8196,0.0,19.125,7.65
BM-sheet_1-1197,beam,2.496,0.0,15.6,7.8
BM-sheet_1-1198,beam,1.9125,0.0,9.775,4.25
BM-sheet_1-1199,beam,1.9125,0.0,9.775,4.25
BM-sheet_1-1200,beam,1.9125,0.0,9.775,4.25
BM-sheet_1-1201,beam,0.8644,0.0,5.402,2.701
BM-sheet_1-1202,beam,2.304,0.0,14.4,7.2
BM-sheet_1-1203,beam,0.8644,0.0,5.402,2.701
BM-sheet_1-1204,beam,2.432,0.0,15.2,7.6
BM-sheet_1-1205,beam,2.496,0.0,15.6,7.8
BM-sheet_1-1206,beam,1.136,0.0,7.1,3.55
BM-sheet_1-1207,beam,0.8005,0.0,5.003,2.502
BM-sheet_1-1208,beam,2.528,0.0,15.8,7.9
BM-sheet_1-1209,beam,0.8122,0.0,5.076,2.538
BM-sheet_1-1210,beam,2.395,0.0,14.969,7.484
BM-sheet_1-1211,beam,1.328,0.0,8.3,4.15
BM-sheet_1-1212,beam,4.131,0.0,13.77,5.1
BM-sheet_1-1213,beam,2.3946,0.0,14.966,7.483
BM-sheet_1-1214,beam,4.212,0.0,18.72,7.8
BM-sheet_1-1215,beam,2.8779,0.0,10.392,3.997
BM-sheet_1-1216,beam,2.496,0.0,15.6,7.8
BM-sheet_1-1217,beam,3.0555,0.0,12.125,4.85
BM-sheet_1-1218,beam,5.544,0.0,20.02,7.7
BM-sheet_1-1219,beam,4.914,0.0,19.5,7.8
BM-sheet_1-1220,beam,1.2184,0.0,7.615,3.807
BM-sheet_1-1221,beam,2.496,0.0,15.6,7.8
BM-sheet_1-1222,beam,0.4764,0.0,2.978,1.489
BM-sheet_1-1223,beam,1.088,0.0,6.8,3.4
BM-sheet_1-1224,beam,1.52,0.0,9.5,4.75
BM-sheet_1-1225,beam,2.528,0.0,15.8,7.9
BM-sheet_1-1226,beam,4.9455,0.0,19.625,7.85
BM-sheet_1-1227,beam,1.68,0.0,10.5,5.25
BM-sheet_1-1228,beam,0.9325,0.0,5.828,2.914
BM-sheet_1-1229,beam,0.3913,0.0,2.445,1.223
BM-sheet_1-1230,beam,6.795,0.0,21.14,7.55
BM-sheet_1-1231,beam,0.502,0.0,2.566,1.116
BM-sheet_1-1232,beam,0.7104,0.0,4.44,2.22
BM-sheet_1-1233,beam,3.51,0.0,17.94,7.8
BM-sheet_1-1234,beam,0.9679,0.0,6.049,3.025
BM-sheet_1-1235,beam,4.131,0.0,13.77,5.1
BM-sheet_1-1236,beam,3.0,0.0,18.75,9.375
BM-sheet_1-1237,beam,1.36,0.0,8.5,4.25
BM-sheet_1-1238,beam,1.632,0.0,10.2,5.1
BM-sheet_1-1239,beam,2.496,0.0,15.6,7.8
BM-sheet_1-1240,beam,4.131,0.0,18.36,7.65
BM-sheet_1-1241,beam,0.8676,0.0,5.422,2.711
BM-sheet_1-1242,beam,1.184,0.0,7.4,3.7
BM-sheet_1-1243,beam,0.3386,0.0,2.116,1.058
BM-sheet_1-1244,beam,2.385,0.0,12.19,5.3
BM-sheet_1-1245,beam,3.5932,0.0,18.365,7.985
BM-sheet_1-1246,beam,2.4576,0.0,15.36,7.68
BM-sheet_1-1247,beam,2.4576,0.0,15.36,7.68
BM-sheet_1-1248,beam,2.496,0.0,15.6,7.8
BM-sheet_1-1249,beam,6.1965,0.0,20.655,7.65
BM-sheet_1-1250,beam,3.555,0.0,18.17,7.9
BM-sheet_1-1251,beam,2.496,0.0,15.6,7.8
BM-sheet_1-1252,beam,2.5552,0.0,15.97,7.985
BM-sheet_1-1253,beam,1.0203,0.0,6.377,3.188
BM-sheet_1-1254,beam,2.655,0.0,13.57,5.9
BM-sheet_1-1255,beam,2.496,0.0,15.6,7.8
BM-sheet_1-1256,beam,0.6038,0.0,3.086,1.342
BM-sheet_1-1257,beam,2.4584,0.0,15.365,7.683
BM-sheet_1-1258,beam,1.0929,0.0,6.83,3.415
BM-sheet_1-1259,beam,1.8488,0.0,11.555,5.778
BM-sheet_1-1260,beam,2.7404,0.0,10.875,4.35
BM-sheet_1-1261,beam,0.7665,0.0,4.79,2.395
BM-sheet_1-1262,beam,2.496,0.0,15.6,7.8
BM-sheet_1-1263,beam,2.496,0.0,15.6,7.8
BM-sheet_1-1264,beam,1.5284,0.0,9.552,4.776
BM-sheet_1-1265,beam,2.1496,0.0,13.435,6.718
BM-sheet_1-1266,beam,0.2976,0.0,1.86,0.93
BM-sheet_1-1267,beam,1.4876,0.0,9.298,4.649
BM-sheet_1-1268,beam,0.7104,0.0,4.44,2.22
BM-sheet_1-1269,beam,1.328,0.0,8.3,4.15
BM-sheet_1-1270,beam,8.4779,0.0,23.55,7.85
BM-sheet_1-1271,beam,2.3242,0.0,10.33,4.304
BM-sheet_1-1272,beam,8.478,0.0,23.55,7.85
BM-sheet_1-1273,beam,3.51,0.0,17.94,7.8
BM-sheet_1-1274,beam,4.914,0.0,19.5,7.8
BM-sheet_1-1275,beam,4.2121,0.0,18.72,7.8
BM-sheet_1-1276,beam,2.688,0.0,16.8,8.4
BM-sheet_1-1277,beam,2.655,0.0,13.57,5.9
BM-sheet_1-1278,beam,6.3317,0.0,21.106,7.817
BM-sheet_1-1279,beam,2.464,0.0,15.4,7.7
BM-sheet_1-1280,beam,3.213,0.0,12.75,5.1
BM-sheet_1-1281,beam,1.9125,0.0,9.775,4.25
BM-sheet_1-1282,beam,3.339,0.0,13.25,5.3
BM-sheet_1-1283,beam,2.34,0.0,11.96,5.2
BM-sheet_1-1284,beam,3.3963,0.0,17.359,7.547
BM-sheet_1-1285,beam,3.1263,0.0,12.406,4.962
BM-sheet_1-1286,beam,4.185,0.0,18.6,7.75
BM-sheet_1-1287,beam,5.166,0.0,20.5,8.2
BM-sheet_1-1288,beam,4.977,0.0,19.75,7.9
BM-sheet_1-1289,beam,5.1418,0.0,20.404,8.162
BM-sheet_1-1290,beam,4.977,0.0,19.75,7.9
BM-sheet_1-1291,beam,3.339,0.0,13.25,5.3
BM-sheet_1-1292,beam,2.0039,0.0,10.242,4.453
BM-sheet_1-1293,beam,5.04,0.0,20.0,8.0
BM-sheet_1-1294,beam,4.7943,0.0,19.025,7.61
BM-sheet_1-1295,beam,4.7943,0.0,19.025,7.61
BM-sheet_1-1296,beam,1.1701,0.0,7.313,3.657
BM-sheet_1-1297,beam,4.977,0.0,19.75,7.9
BM-sheet_1-1298,beam,6.307,0.0,21.023,7.786
BM-sheet_1-1299,beam,2.496,0.0,15.6,7.8
BM-sheet_1-1300,beam,4.914,0.0,19.5,7.8
BM-sheet_1-1301,beam,1.424,0.0,8.9,4.45
BM-sheet_1-1302,beam,2.565,0.0,11.4,4.75
BM-sheet_1-1303,beam,8.2092,0.0,22.803,7.601
BM-sheet_1-1304,beam,3.9147,0.0,15.534,6.214
BM-sheet_1-1305,beam,3.1815,0.0,12.625,5.05
BM-sheet_1-1306,beam,0.1601,0.0,1.001,0.5
BM-sheet_1-1307,beam,3.339,0.0,13.25,5.3
BM-sheet_1-1308,beam,5.616,0.0,20.28,7.8
BM-sheet_1-1309,beam,2.862,0.0,12.72,5.3
BM-sheet_1-1310,beam,3.0686,0.0,15.684,6.819
BM-sheet_1-1311,beam,3.1815,0.0,12.625,5.05
BM-sheet_1-1312,beam,3.339,0.0,13.25,5.3
BM-sheet_1-1313,beam,2.34,0.0,11.96,5.2
BM-sheet_1-1314,beam,2.862,0.0,12.72,5.3
BM-sheet_1-1315,beam,1.9772,0.0,12.358,6.179
BM-sheet_1-1316,beam,0.864,0.0,5.4,2.7
BM-sheet_1-1317,beam,4.7943,0.0,19.025,7.61
BM-sheet_1-1318,beam,2.4376,0.0,15.235,7.618
BM-sheet_1-1319,beam,4.0005,0.0,15.875,6.35
BM-sheet_1-1320,beam,2.4376,0.0,15.235,7.618
BM-sheet_1-1321,beam,5.04,0.0,20.0,8.0
BM-sheet_1-1322,beam,8.613,0.0,38.28,15.95
BM-sheet_1-1323,beam,5.5347,0.0,21.963,8.785
BM-sheet_1-1324,beam,2.9945,0.0,18.716,9.358
BM-sheet_1-1325,beam,4.914,0.0,19.5,7.8
BM-sheet_1-1326,beam,4.725,0.0,18.75,7.5
BM-sheet_1-1327,beam,5.103,0.0,20.25,8.1
BM-sheet_1-1328,beam,4.914,0.0,19.5,7.8
BM-sheet_1-1329,beam,2.565,0.0,11.4,4.75
BM-sheet_1-1330,beam,0.3993,0.0,2.496,1.248
BM-sheet_1-1331,beam,4.914,0.0,19.5,7.8
BM-sheet_1-1332,beam,4.914,0.0,19.5,7.8
BM-sheet_1-1333,beam,2.565,0.0,11.4,4.75
BM-sheet_1-1334,beam,3.3491,0.0,13.29,5.316
BM-sheet_1-1335,beam,5.616,0.0,20.28,7.8
BM-sheet_1-1336,beam,4.977,0.0,19.75,7.9
BM-sheet_1-1337,beam,3.3491,0.0,13.29,5.316
BM-sheet_1-1338,beam,5.04,0.0,20.0,8.0
BM-sheet_1-1339,beam,2.7,0.0,12.0,5.0
BM-sheet_1-1340,beam,2.565,0.0,11.4,4.75
BM-sheet_1-1341,beam,4.32,0.0,19.2,8.0
BM-sheet_1-1342,beam,2.052,0.0,9.12,3.8
BM-sheet_1-1343,beam,4.599,0.0,18.25,7.3
BM-sheet_1-1344,beam,2.052,0.0,9.12,3.8
BM-sheet_1-1345,beam,2.4693,0.0,15.433,7.717
BM-sheet_1-1346,beam,5.04,0.0,20.0,8.0
BM-sheet_1-1347,beam,3.555,0.0,18.17,7.9
BM-sheet_1-1348,beam,4.977,0.0,19.75,7.9
BM-sheet_1-1349,beam,4.158,0.0,18.48,7.7
BM-sheet_1-1350,beam,4.599,0.0,18.25,7.3
BM-sheet_1-1351,beam,3.168,0.0,11.44,4.4
BM-sheet_1-1352,beam,3.554,0.0,18.165,7.898
BM-sheet_1-1353,beam,4.977,0.0,19.75,7.9
BM-sheet_1-1354,beam,2.496,0.0,15.6,7.8
BM-sheet_1-1355,beam,5.688,0.0,20.54,7.9
BM-sheet_1-1356,beam,3.0627,0.0,15.654,6.806
BM-sheet_1-1357,beam,1.5738,0.0,9.836,4.918
BM-sheet_1-1358,beam,2.7376,0.0,9.886,3.802
BM-sheet_1-1359,beam,2.496,0.0,15.6,7.8
BM-sheet_1-1360,beam,4.158,0.0,18.48,7.7
BM-sheet_1-1361,beam,5.6864,0.0,20.534,7.898
BM-sheet_1-1362,beam,4.6138,0.0,18.309,7.324
BM-sheet_1-1363,beam,5.1178,0.0,20.309,8.124
BM-sheet_1-1364,beam,2.496,0.0,15.6,7.8
BM-sheet_1-1365,beam,4.5212,0.0,17.941,7.176
BM-sheet_1-1366,beam,2.916,0.0,12.96,5.4
BM-sheet_1-1367,beam,3.735,0.0,19.09,8.3
BM-sheet_1-1368,beam,3.4875,0.0,17.825,7.75
BM-sheet_1-1369,beam,3.465,0.0,17.71,7.7
BM-sheet_1-1370,beam,5.0252,0.0,19.941,7.976
BM-sheet_1-1371,beam,3.735,0.0,19.09,8.3
BM-sheet_1-1372,beam,2.2662,0.0,14.163,7.082
BM-sheet_1-1373,beam,3.555,0.0,18.17,7.9
BM-sheet_1-1374,beam,2.4004,0.0,15.003,7.501
BM-sheet_1-1375,beam,4.0005,0.0,15.875,6.35
BM-sheet_1-1376,beam,3.0125,0.0,15.397,6.695
BM-sheet_1-1377,beam,3.0066,0.0,15.367,6.681
BM-sheet_1-1378,beam,1.9851,0.0,12.407,6.203
BM-sheet_1-1379,beam,2.464,0.0,15.4,7.7
BM-sheet_1-1380,beam,3.0555,0.0,12.125,4.85
BM-sheet_1-1381,beam,5.544,0.0,20.02,7.7
BM-sheet_1-1382,beam,3.2826,0.0,14.589,6.079
BM-sheet_1-1383,beam,2.368,0.0,14.8,7.4
BM-sheet_1-1384,beam,2.4336,0.0,15.21,7.605
BM-sheet_1-1385,beam,7.3371,0.0,20.381,6.794
BM-sheet_1-1386,beam,2.4735,0.0,15.46,7.73
BM-sheet_1-1387,beam,4.32,0.0,19.2,8.0
BM-sheet_1-1388,beam,4.0005,0.0,15.875,6.35
BM-sheet_1-1389,beam,2.2641,0.0,14.151,7.075
BM-sheet_1-1390,beam,4.0005,0.0,15.875,6.35
BM-sheet_1-1391,beam,3.555,0.0,18.17,7.9
BM-sheet_1-1392,beam,4.7308,0.0,18.773,7.509
BM-sheet_1-1393,beam,2.9669,0.0,18.543,9.272
BM-sheet_1-1394,beam,2.52,0.0,10.0,4.0
BM-sheet_1-1395,beam,2.5921,0.0,16.201,8.1
BM-sheet_1-1396,beam,2.9945,0.0,18.716,9.358
BM-sheet_1-1397,beam,1.6,0.0,10.0,5.0
BM-sheet_1-1398,beam,2.9669,0.0,18.543,9.272
BM-sheet_1-1399,beam,2.9928,0.0,18.705,9.353
BM-sheet_1-1400,beam,4.851,0.0,19.25,7.7
BM-sheet_1-1401,beam,2.416,0.0,15.1,7.55
BM-sheet_1-1402,beam,2.9928,0.0,18.705,9.353
BM-sheet_1-1403,beam,1.7879,0.0,11.175,5.587
BM-sheet_1-1404,beam,2.416,0.0,15.1,7.55
BM-sheet_1-1405,beam,7.9695,0.0,23.345,8.05
BM-sheet_1-1406,beam,1.7303,0.0,10.814,5.407
BM-sheet_1-1407,beam,1.4122,0.0,8.826,4.413
BM-sheet_1-1408,beam,1.8065,0.0,11.291,5.645
BM-sheet_1-1409,beam,2.427,0.0,15.169,7.584
BM-sheet_1-1410,beam,1.7284,0.0,10.802,5.401
BM-sheet_1-1411,beam,1.2719,0.0,7.95,3.975
BM-sheet_1-1412,beam,4.914,0.0,19.5,7.8
BM-sheet_1-1413,beam,4.914,0.0,19.5,7.8
BM-sheet_1-1414,beam,2.464,0.0,15.4,7.7
BM-sheet_1-1415,beam,2.8929,0.0,18.081,9.04
BM-sheet_1-1416,beam,5.103,0.0,20.25,8.1
BM-sheet_1-1417,beam,2.464,0.0,15.4,7.7
BM-sheet_1-1418,beam,4.8195,0.0,19.125,7.65
BM-sheet_1-1419,beam,1.0606,0.0,6.629,3.314
BM-sheet_1-1420,beam,3.4875,0.0,17.825,7.75
BM-sheet_1-1421,beam,3.465,0.0,17.71,7.7
BM-sheet_1-1422,beam,0.834,0.0,5.213,2.606
BM-sheet_1-1423,beam,0.4501,0.0,2.813,1.406
BM-sheet_1-1424,beam,3.555,0.0,18.17,7.9
BM-sheet_1-1425,beam,5.103,0.0,20.25,8.1
BM-sheet_1-1426,beam,1.0113,0.0,6.32,3.16
BM-sheet_1-1427,beam,1.0156,0.0,6.348,3.174
BM-sheet_1-1428,beam,4.788,0.0,19.0,7.6
BM-sheet_1-1429,beam,1.7081,0.0,10.676,5.338
BM-sheet_1-1430,beam,2.496,0.0,15.6,7.8
BM-sheet_1-1431,beam,1.536,0.0,9.6,4.8
BM-sheet_1-1432,beam,2.48,0.0,15.5,7.75
BM-sheet_1-1433,beam,2.916,0.0,12.96,5.4
BM-sheet_1-1434,beam,1.696,0.0,10.6,5.3
BM-sheet_1-1435,beam,4.7943,0.0,19.025,7.61
BM-sheet_1-1436,beam,2.464,0.0,15.4,7.7
BM-sheet_1-1437,beam,1.5379,0.0,9.612,4.806
BM-sheet_1-1438,beam,5.103,0.0,20.25,8.1
BM-sheet_1-1439,beam,5.7332,0.0,17.837,6.37
BM-sheet_1-1440,beam,3.384,0.0,15.04,6.267
BM-sheet_1-1441,beam,2.464,0.0,15.4,7.7
BM-sheet_1-1442,beam,3.057,0.0,19.106,9.553
BM-sheet_1-1443,beam,5.103,0.0,20.25,8.1
BM-sheet_1-1444,beam,2.496,0.0,15.6,7.8
BM-sheet_1-1445,beam,2.7,0.0,12.0,5.0
BM-sheet_1-1446,beam,5.5937,0.0,17.403,6.215
BM-sheet_1-1447,beam,3.465,0.0,17.71,7.7
BM-sheet_1-1448,beam,4.977,0.0,19.75,7.9
BM-sheet_1-1449,beam,3.4875,0.0,17.825,7.75
BM-sheet_1-1450,beam,4.8195,0.0,19.125,7.65
BM-sheet_1-1451,beam,2.3975,0.0,14.984,7.492
BM-sheet_1-1452,beam,4.8195,0.0,19.125,7.65
BM-sheet_1-1453,beam,3.285,0.0,16.79,7.3
BM-sheet_1-1454,beam,0.7828,0.0,4.892,2.446
BM-sheet_1-1455,beam,2.544,0.0,15.9,7.95
BM-sheet_1-1456,beam,2.3975,0.0,14.984,7.492
BM-sheet_1-1457,beam,2.736,0.0,8.512,3.04
BM-sheet_1-1458,beam,4.8195,0.0,19.125,7.65
BM-sheet_1-1459,beam,3.4875,0.0,17.825,7.75
BM-sheet_1-1460,beam,5.4748,0.0,21.725,8.69
BM-sheet_1-1461,beam,5.3927,0.0,21.4,8.56
BM-sheet_1-1462,beam,1.6,0.0,10.0,5.0
BM-sheet_1-1463,beam,6.723,0.0,22.41,8.3
BM-sheet_1-1464,beam,1.632,0.0,10.2,5.1
BM-sheet_1-1465,beam,5.04,0.0,20.0,8.0
BM-sheet_1-1466,beam,2.3796,0.0,14.873,7.436
BM-sheet_1-1467,beam,2.5386,0.0,15.866,7.933
BM-sheet_1-1468,beam,5.0399,0.0,20.0,8.0
BM-sheet_1-1469,beam,8.1729,0.0,22.703,7.568
BM-sheet_1-1470,beam,7.623,0.0,22.33,7.7
BM-sheet_1-1471,beam,3.492,0.0,12.61,4.85
BM-sheet_1-1472,beam,1.5641,0.0,9.776,4.888
BM-sheet_1-1473,beam,7.623,0.0,22.33,7.7
BM-sheet_1-1474,beam,2.6841,0.0,16.775,8.388
BM-sheet_1-1475,beam,2.7232,0.0,17.02,8.51
BM-sheet_1-1476,beam,3.492,0.0,12.61,4.85
BM-sheet_1-1477,beam,3.465,0.0,17.71,7.7
BM-sheet_1-1478,beam,0.8064,0.0,5.04,2.52
BM-sheet_1-1479,beam,2.3867,0.0,14.917,7.458
BM-sheet_1-1480,beam,3.0074,0.0,18.796,9.398
BM-sheet_1-1481,beam,2.464,0.0,15.4,7.7
BM-sheet_1-1482,beam,4.851,0.0,19.25,7.7
BM-sheet_1-1483,beam,2.433,0.0,15.206,7.603
BM-sheet_1-1484,beam,2.464,0.0,15.4,7.7
BM-sheet_1-1485,beam,3.51,0.0,17.94,7.8
BM-sheet_1-1486,beam,0.9223,0.0,5.764,2.882
BM-sheet_1-1487,beam,3.4513,0.0,15.339,6.391
BM-sheet_1-1488,beam,2.4359,0.0,15.225,7.612
BM-sheet_1-1489,beam,1.6286,0.0,10.179,5.089
BM-sheet_1-1490,beam,2.464,0.0,15.4,7.7
BM-sheet_1-1491,beam,4.851,0.0,19.25,7.7
BM-sheet_1-1492,beam,4.7308,0.0,18.773,7.509
BM-sheet_1-1493,beam,2.6615,0.0,16.634,8.317
BM-sheet_1-1494,beam,3.4425,0.0,17.595,7.65
BM-sheet_1-1495,beam,4.212,0.0,18.72,7.8
BM-sheet_1-1496,beam,3.7125,0.0,18.975,8.25
BM-sheet_1-1497,beam,4.977,0.0,19.75,7.9
BM-sheet_1-1498,beam,1.3208,0.0,8.255,4.128
BM-sheet_1-1499,beam,2.6062,0.0,16.289,8.144
BM-sheet_1-1500,beam,2.528,0.0,15.8,7.9
BM-sheet_1-1501,beam,4.851,0.0,19.25,7.7
BM-sheet_1-1502,beam,2.1442,0.0,13.401,6.701
BM-sheet_1-1503,beam,2.4275,0.0,15.172,7.586
BM-sheet_1-1504,beam,2.655,0.0,13.57,5.9
BM-sheet_1-1505,beam,4.851,0.0,19.25,7.7
BM-sheet_1-1506,beam,1.3126,0.0,8.204,4.102
BM-sheet_1-1507,beam,7.623,0.0,22.33,7.7
BM-sheet_1-1508,beam,2.736,0.0,8.512,3.04
BM-sheet_1-1509,beam,1.6575,0.0,10.36,5.18
BM-sheet_1-1510,beam,4.851,0.0,19.25,7.7
BM-sheet_1-1511,beam,1.2474,0.0,6.375,2.772
BM-sheet_1-1512,beam,2.3851,0.0,14.907,7.453
BM-sheet_1-1513,beam,2.3892,0.0,14.933,7.466
BM-sheet_1-1514,beam,1.6587,0.0,10.367,5.184
BM-sheet_1-1515,beam,3.465,0.0,17.71,7.7
BM-sheet_1-1516,beam,4.914,0.0,19.5,7.8
BM-sheet_1-1517,beam,3.465,0.0,17.71,7.7
BM-sheet_1-1518,beam,4.914,0.0,19.5,7.8
BM-sheet_1-1519,beam,1.3023,0.0,8.139,4.07
BM-sheet_1-1520,beam,4.914,0.0,19.5,7.8
BM-sheet_1-1521,beam,1.472,0.0,9.2,4.6
BM-sheet_1-1522,beam,2.5504,0.0,15.94,7.97
BM-sheet_1-1523,beam,1.632,0.0,10.2,5.1
BM-sheet_1-1524,beam,7.11,0.0,22.12,7.9
BM-sheet_1-1525,beam,2.0051,0.0,12.532,6.266
BM-sheet_1-1526,beam,1.472,0.0,9.2,4.6
BM-sheet_1-1527,beam,6.237,0.0,20.79,7.7
BM-sheet_1-1528,beam,1.328,0.0,8.3,4.15
BM-sheet_1-1529,beam,4.914,0.0,19.5,7.8
BM-sheet_1-1530,beam,6.237,0.0,20.79,7.7
BM-sheet_1-1531,beam,4.8195,0.0,19.125,7.65
BM-sheet_1-1532,beam,7.11,0.0,22.12,7.9
BM-sheet_1-1533,beam,3.348,0.0,12.09,4.65
BM-sheet_1-1534,beam,4.851,0.0,19.25,7.7
BM-sheet_1-1535,beam,1.4871,0.0,9.294,4.647
BM-sheet_1-1536,beam,4.851,0.0,19.25,7.7
BM-sheet_1-1537,beam,8.0277,0.0,22.299,7.433
BM-sheet_1-1538,beam,1.2169,0.0,7.606,3.803
BM-sheet_1-1539,beam,2.5491,0.0,15.932,7.966
BM-sheet_1-1540,beam,4.851,0.0,19.25,7.7
BM-sheet_1-1541,beam,8.0632,0.0,22.398,7.466
BM-sheet_1-1542,beam,3.465,0.0,17.71,7.7
BM-sheet_1-1543,beam,2.342,0.0,14.637,7.319
BM-sheet_1-1544,beam,4.8195,0.0,19.125,7.65
BM-sheet_1-1545,beam,3.4425,0.0,17.595,7.65
BM-sheet_1-1546,beam,1.4112,0.0,8.82,4.41
BM-sheet_1-1547,beam,3.465,0.0,17.71,7.7
BM-sheet_1-1548,beam,3.7125,0.0,18.975,8.25
BM-sheet_1-1549,beam,2.862,0.0,12.72,5.3
BM-sheet_1-1550,beam,3.4855,0.0,15.491,6.455
BM-sheet_1-1551,beam,1.5225,0.0,9.516,4.758
BM-sheet_1-1552,beam,3.4425,0.0,17.595,7.65
BM-sheet_1-1553,beam,4.212,0.0,18.72,7.8
BM-sheet_1-1554,beam,2.6207,0.0,16.379,8.19
BM-sheet_1-1555,beam,3.7125,0.0,18.975,8.25
BM-sheet_1-1556,beam,2.528,0.0,15.8,7.9
BM-sheet_1-1557,beam,2.754,0.0,12.24,5.1
BM-sheet_1-1558,beam,1.4537,0.0,9.086,4.543
BM-sheet_1-1559,beam,2.655,0.0,13.57,5.9
BM-sheet_1-1560,beam,3.735,0.0,19.09,8.3
BM-sheet_1-1561,beam,1.1735,0.0,7.334,3.667
BM-sheet_1-1562,beam,4.851,0.0,19.25,7.7
BM-sheet_1-1563,beam,0.6605,0.0,4.128,2.064
BM-sheet_1-1564,beam,4.914,0.0,19.5,7.8
BM-sheet_1-1565,beam,3.51,0.0,17.94,7.8
BM-sheet_1-1566,beam,4.914,0.0,19.5,7.8
BM-sheet_1-1567,beam,2.656,0.0,16.6,8.3
BM-sheet_1-1568,beam,2.528,0.0,15.8,7.9
BM-sheet_1-1569,beam,5.544,0.0,20.02,7.7
BM-sheet_1-1570,beam,2.656,0.0,16.6,8.3
BM-sheet_1-1571,beam,2.4402,0.0,15.251,7.626
BM-sheet_1-1572,beam,3.3864,0.0,17.308,7.525
BM-sheet_1-1573,beam,8.856,0.0,24.6,8.2
BM-sheet_1-1574,beam,3.441,0.0,11.47,4.248
BM-sheet_1-1575,beam,4.851,0.0,19.25,7.7
BM-sheet_1-1576,beam,2.464,0.0,15.4,7.7
BM-sheet_1-1577,beam,4.914,0.0,19.5,7.8
BM-sheet_1-1578,beam,2.7376,0.0,9.886,3.802
BM-sheet_1-1579,beam,5.688,0.0,20.54,7.9
BM-sheet_1-1580,beam,4.914,0.0,19.5,7.8
BM-sheet_1-1581,beam,3.465,0.0,17.71,7.7
BM-sheet_1-1582,beam,6.1965,0.0,20.655,7.65
BM-sheet_1-1583,beam,1.2474,0.0,6.375,2.772
BM-sheet_1-1584,beam,4.914,0.0,19.5,7.8
BM-sheet_1-1585,beam,0.2816,0.0,1.76,0.88
BM-sheet_1-1586,beam,3.348,0.0,12.09,4.65
BM-sheet_1-1587,beam,6.9047,0.0,21.481,7.672
BM-sheet_1-1588,beam,3.465,0.0,17.71,7.7
BM-sheet_1-1589,beam,5.544,0.0,20.02,7.7
BM-sheet_1-1590,beam,4.914,0.0,19.5,7.8
BM-sheet_1-1591,beam,2.464,0.0,15.4,7.7
BM-sheet_1-1592,beam,4.914,0.0,19.5,7.8
BM-sheet_1-1593,beam,3.465,0.0,17.71,7.7
BM-sheet_1-1594,beam,4.914,0.0,19.5,7.8
BM-sheet_1-1595,beam,2.256,0.0,14.1,7.05
BM-sheet_1-1596,beam,1.4491,0.0,9.057,4.528
BM-sheet_1-1597,beam,2.0925,0.0,10.695,4.65
BM-sheet_1-1598,beam,3.348,0.0,12.09,4.65
BM-sheet_1-1599,beam,3.348,0.0,12.09,4.65
BM-sheet_1-1600,beam,2.464,0.0,15.4,7.7
BM-sheet_1-1601,beam,1.4876,0.0,9.298,4.649
BM-sheet_1-1602,beam,4.914,0.0,19.5,7.8
BM-sheet_1-1603,beam,2.07,0.0,10.58,4.6
BM-sheet_1-1604,beam,4.914,0.0,19.5,7.8
BM-sheet_1-1605,beam,6.795,0.0,21.14,7.55
BM-sheet_1-1606,beam,1.6988,0.0,10.617,5.309
BM-sheet_1-1607,beam,8.532,0.0,23.7,7.9
BM-sheet_1-1608,beam,8.856,0.0,24.6,8.2
BM-sheet_1-1609,beam,2.3522,0.0,14.701,7.351
BM-sheet_1-1610,beam,8.532,0.0,23.7,7.9
BM-sheet_1-1611,beam,4.977,0.0,19.75,7.9
BM-sheet_1-1612,beam,4.8825,0.0,19.375,7.75
BM-sheet_1-1613,beam,3.4875,0.0,17.825,7.75
BM-sheet_1-1614,beam,1.5918,0.0,9.949,4.974
BM-sheet_1-1615,beam,3.276,0.0,13.0,5.2
BM-sheet_1-1616,beam,1.424,0.0,8.9,4.45
BM-sheet_1-1617,beam,4.788,0.0,19.0,7.6
BM-sheet_1-1618,beam,3.02,0.0,15.436,6.711
BM-sheet_1-1619,beam,1.36,0.0,8.5,4.25
BM-sheet_1-1620,beam,2.634,0.0,16.462,8.231
BM-sheet_1-1621,beam,1.7187,0.0,10.742,5.371
BM-sheet_1-1622,beam,2.2026,0.0,13.767,6.883
BM-sheet_1-1623,beam,2.4311,0.0,15.194,7.597
BM-sheet_1-1624,beam,3.5178,0.0,11.726,4.343
BM-sheet_1-1625,beam,4.788,0.0,19.0,7.6
BM-sheet_1-1626,beam,1.36,0.0,8.5,4.25
BM-sheet_1-1627,beam,2.2932,0.0,9.1,3.64
BM-sheet_1-1628,beam,2.5724,0.0,16.077,8.039
BM-sheet_1-1629,beam,2.656,0.0,16.6,8.3
BM-sheet_1-1630,beam,2.464,0.0,15.4,7.7
BM-sheet_1-1631,beam,0.2816,0.0,1.76,0.88
BM-sheet_1-1632,beam,0.3296,0.0,2.06,1.03
BM-sheet_1-1633,beam,3.555,0.0,18.17,7.9
BM-sheet_1-1634,beam,2.384,0.0,14.9,7.45
BM-sheet_1-1635,beam,2.0025,0.0,10.235,4.45
BM-sheet_1-1636,beam,2.4423,0.0,15.264,7.632
BM-sheet_1-1637,beam,2.56,0.0,16.0,8.0
BM-sheet_1-1638,beam,3.554,0.0,18.165,7.898
BM-sheet_1-1639,beam,2.528,0.0,15.8,7.9
BM-sheet_1-1640,beam,2.34,0.0,11.96,5.2
BM-sheet_1-1641,beam,3.276,0.0,13.0,5.2
BM-sheet_1-1642,beam,2.7376,0.0,9.886,3.802
BM-sheet_1-1643,beam,1.1648,0.0,7.28,3.64
BM-sheet_1-1644,beam,1.98,0.0,10.12,4.4
BM-sheet_1-1645,beam,2.528,0.0,15.8,7.9
BM-sheet_1-1646,beam,0.4323,0.0,2.209,0.961
BM-sheet_1-1647,beam,3.553,0.0,18.16,7.896
BM-sheet_1-1648,beam,1.98,0.0,10.12,4.4
BM-sheet_1-1649,beam,4.851,0.0,19.25,7.7
BM-sheet_1-1650,beam,0.4719,0.0,2.412,1.049
BM-sheet_1-1651,beam,1.5729,0.0,6.991,2.913
BM-sheet_1-1652,beam,2.464,0.0,15.4,7.7
BM-sheet_1-1653,beam,1.0432,0.0,6.52,3.26
BM-sheet_1-1654,beam,4.914,0.0,19.5,7.8
BM-sheet_1-1655,beam,3.153,0.0,16.115,7.007
BM-sheet_1-1656,beam,1.8675,0.0,9.545,4.15
BM-sheet_1-1657,beam,3.276,0.0,13.0,5.2
BM-sheet_1-1658,beam,1.648,0.0,10.3,5.15
BM-sheet_1-1659,beam,1.8675,0.0,9.545,4.15
BM-sheet_1-1660,beam,3.276,0.0,13.0,5.2
BM-sheet_1-1661,beam,4.9763,0.0,19.747,7.899
BM-sheet_1-1662,beam,3.276,0.0,13.0,5.2
BM-sheet_1-1663,beam,1.8675,0.0,9.545,4.15
BM-sheet_1-1664,beam,1.8675,0.0,9.545,4.15
BM-sheet_1-1665,beam,3.276,0.0,13.0,5.2
BM-sheet_1-1666,beam,3.4425,0.0,17.595,7.65
BM-sheet_1-1667,beam,1.8675,0.0,9.545,4.15
BM-sheet_1-1668,beam,1.424,0.0,8.9,4.45
BM-sheet_1-1669,beam,2.34,0.0,11.96,5.2
BM-sheet_1-1670,beam,2.704,0.0,16.9,8.45
BM-sheet_1-1671,beam,2.448,0.0,15.3,7.65
BM-sheet_1-1672,beam,1.1648,0.0,7.28,3.64
BM-sheet_1-1673,beam,3.465,0.0,17.71,7.7
BM-sheet_1-1674,beam,0.8064,0.0,5.04,2.52
BM-sheet_1-1675,beam,3.465,0.0,17.71,7.7
BM-sheet_1-1676,beam,2.0925,0.0,10.695,4.65
BM-sheet_1-1677,beam,1.368,0.0,6.992,3.04
BM-sheet_1-1678,beam,2.656,0.0,16.6,8.3
BM-sheet_1-1679,beam,1.1648,0.0,7.28,3.64
BM-sheet_1-1680,beam,1.1815,0.0,7.384,3.692
BM-sheet_1-1681,beam,1.1815,0.0,7.384,3.692
BM-sheet_1-1682,beam,1.1648,0.0,7.28,3.64
BM-sheet_1-1683,beam,1.238,0.0,7.738,3.869
BM-sheet_1-1684,beam,0.8064,0.0,5.04,2.52
BM-sheet_1-1685,beam,3.465,0.0,17.71,7.7
BM-sheet_1-1686,beam,2.704,0.0,16.9,8.45
BM-sheet_1-1687,beam,1.368,0.0,6.992,3.04
BM-sheet_1-1688,beam,3.465,0.0,17.71,7.7
BM-sheet_1-1689,beam,3.555,0.0,18.17,7.9
BM-sheet_1-1690,beam,1.2992,0.0,8.12,4.06
BM-sheet_1-1691,beam,1.3952,0.0,8.72,4.36
BM-sheet_1-1692,beam,1.3952,0.0,8.72,4.36
BM-sheet_1-1693,beam,1.2992,0.0,8.12,4.06
BM-sheet_1-1694,beam,4.8195,0.0,19.125,7.65
BM-sheet_1-1695,beam,1.3952,0.0,8.72,4.36
BM-sheet_1-1696,beam,1.8001,0.0,11.251,5.625
BM-sheet_1-1697,beam,4.8195,0.0,19.125,7.65
BM-sheet_1-1698,beam,4.8195,0.0,19.125,7.65
BM-sheet_1-1699,beam,3.168,0.0,11.44,4.4
BM-sheet_1-1700,beam,2.656,0.0,16.6,8.3
BM-sheet_1-1701,beam,4.8195,0.0,19.125,7.65
BM-sheet_1-1702,beam,2.704,0.0,16.9,8.45
BM-sheet_1-1703,beam,2.688,0.0,16.8,8.4
BM-sheet_1-1704,beam,2.704,0.0,16.9,8.45
BM-sheet_1-1705,beam,0.4792,0.0,2.995,1.497
BM-sheet_1-1706,beam,2.704,0.0,16.9,8.45
BM-sheet_1-1707,beam,2.704,0.0,16.9,8.45
BM-sheet_1-1708,beam,2.464,0.0,15.4,7.7
BM-sheet_1-1709,beam,3.8779,0.0,15.389,6.155
BM-sheet_1-1710,beam,1.9042,0.0,11.901,5.95
BM-sheet_1-1711,beam,2.956,0.0,15.109,6.569
BM-sheet_1-1712,beam,3.555,0.0,18.17,7.9
BM-sheet_1-1713,beam,3.465,0.0,17.71,7.7
BM-sheet_1-1714,beam,3.465,0.0,17.71,7.7
BM-sheet_1-1715,beam,2.5534,0.0,15.959,7.979
BM-sheet_1-1716,beam,3.555,0.0,18.17,7.9
BM-sheet_1-1717,beam,2.592,0.0,16.2,8.1
BM-sheet_1-1718,beam,1.5187,0.0,6.75,2.812
BM-sheet_1-1719,beam,3.645,0.0,18.63,8.1
BM-sheet_1-1720,beam,0.3296,0.0,2.06,1.03
BM-sheet_1-1721,beam,3.465,0.0,17.71,7.7
BM-sheet_1-1722,beam,3.465,0.0,17.71,7.7
BM-sheet_1-1723,beam,7.821,0.0,22.91,7.9
BM-sheet_1-1724,beam,2.368,0.0,14.8,7.4
BM-sheet_1-1725,beam,3.645,0.0,18.63,8.1
BM-sheet_1-1726,beam,2.0025,0.0,10.235,4.45
BM-sheet_1-1727,beam,2.2375,0.0,13.984,6.992
BM-sheet_1-1728,beam,1.586,0.0,7.049,2.937
BM-sheet_1-1729,beam,2.4089,0.0,15.055,7.528
BM-sheet_1-1730,beam,1.7181,0.0,10.738,5.369
BM-sheet_1-1731,beam,2.2959,0.0,14.349,7.175
BM-sheet_1-1732,beam,5.103,0.0,20.25,8.1
BM-sheet_1-1733,beam,2.3162,0.0,14.476,7.238
BM-sheet_1-1734,beam,3.7629,0.0,19.233,8.362
BM-sheet_1-1735,beam,3.645,0.0,18.63,8.1
BM-sheet_1-1736,beam,3.4266,0.0,17.514,7.615
BM-sheet_1-1737,beam,4.8118,0.0,19.094,7.638
BM-sheet_1-1738,beam,4.806,0.0,19.071,7.628
BM-sheet_1-1739,beam,3.2957,0.0,14.647,6.103
BM-sheet_1-1740,beam,2.8543,0.0,17.839,8.92
BM-sheet_1-1741,beam,3.4313,0.0,17.538,7.625
BM-sheet_1-1742,beam,4.8825,0.0,19.375,7.75
BM-sheet_1-1743,beam,4.977,0.0,19.75,7.9
BM-sheet_1-1744,beam,5.103,0.0,20.25,8.1
BM-sheet_1-1745,beam,3.465,0.0,17.71,7.7
BM-sheet_1-1746,beam,4.8195,0.0,19.125,7.65
BM-sheet_1-1747,beam,4.977,0.0,19.75,7.9
BM-sheet_1-1748,beam,4.032,0.0,16.0,6.4
BM-sheet_1-1749,beam,2.656,0.0,16.6,8.3
BM-sheet_1-1750,beam,1.9739,0.0,12.337,6.169
BM-sheet_1-1751,beam,1.4528,0.0,9.08,4.54
BM-sheet_1-1752,beam,2.2439,0.0,14.024,7.012
BM-sheet_1-1753,beam,2.4502,0.0,15.314,7.657
BM-sheet_1-1754,beam,2.592,0.0,16.2,8.1
BM-sheet_1-1755,beam,2.464,0.0,15.4,7.7
BM-sheet_1-1756,beam,2.52,0.0,10.0,4.0
BM-sheet_1-1757,beam,2.1639,0.0,11.06,4.809
BM-sheet_1-1758,beam,2.2413,0.0,14.008,7.004
BM-sheet_1-1759,beam,2.553,0.0,15.956,7.978
BM-sheet_1-1760,beam,2.464,0.0,15.4,7.7
BM-sheet_1-1761,beam,2.5669,0.0,16.043,8.022
BM-sheet_1-1762,beam,2.2131,0.0,13.832,6.916
BM-sheet_1-1763,beam,2.448,0.0,15.3,7.65
BM-sheet_1-1764,beam,2.5669,0.0,16.043,8.022
BM-sheet_1-1765,beam,1.9538,0.0,8.684,3.618
BM-sheet_1-1766,beam,2.2009,0.0,13.755,6.878
BM-sheet_1-1767,beam,1.9193,0.0,8.53,3.554
BM-sheet_1-1768,beam,2.0447,0.0,12.779,6.39
BM-sheet_1-1769,beam,2.2213,0.0,13.883,6.942
BM-sheet_1-1770,beam,2.214,0.0,9.84,4.1
BM-sheet_1-1771,beam,2.214,0.0,9.84,4.1
BM-sheet_1-1772,beam,1.5983,0.0,9.989,4.995
BM-sheet_1-1773,beam,2.214,0.0,9.84,4.1
BM-sheet_1-1774,beam,1.6211,0.0,10.132,5.066
BM-sheet_1-1775,beam,2.3337,0.0,14.586,7.293
BM-sheet_1-1776,beam,2.0974,0.0,13.108,6.554
BM-sheet_1-1777,beam,7.4601,0.0,20.723,6.908
BM-sheet_1-1778,beam,1.6278,0.0,10.174,5.087
BM-sheet_1-1779,beam,2.1261,0.0,13.288,6.644
BM-sheet_1-1780,beam,2.704,0.0,16.9,8.45
BM-sheet_1-1781,beam,1.92,0.0,12.0,6.0
BM-sheet_1-1782,beam,6.8773,0.0,21.396,7.641
BM-sheet_1-1783,beam,0.6209,0.0,3.881,1.94
BM-sheet_1-1784,beam,1.0473,0.0,6.546,3.273
BM-sheet_1-1785,beam,2.6248,0.0,16.405,8.202
BM-sheet_1-1786,beam,2.439,0.0,15.244,7.622
BM-sheet_1-1787,beam,2.3861,0.0,14.913,7.457
BM-sheet_1-1788,beam,1.6619,0.0,10.387,5.193
BM-sheet_1-1789,beam,0.9051,0.0,5.657,2.829
BM-sheet_1-1790,beam,3.7914,0.0,19.378,8.425
BM-sheet_1-1791,beam,4.8195,0.0,19.125,7.65
BM-sheet_1-1792,beam,4.167,0.0,12.964,4.63
BM-sheet_1-1793,beam,4.1052,0.0,12.772,4.561
BM-sheet_1-1794,beam,1.5983,0.0,9.989,4.995
BM-sheet_1-1795,beam,3.7125,0.0,18.975,8.25
BM-sheet_1-1796,beam,3.4425,0.0,17.595,7.65
BM-sheet_1-1797,beam,4.8195,0.0,19.125,7.65
BM-sheet_1-1798,beam,1.5225,0.0,9.516,4.758
BM-sheet_1-1799,beam,2.7246,0.0,17.029,8.514
BM-sheet_1-1800,beam,2.4522,0.0,15.326,7.663
BM-sheet_1-1801,beam,3.2508,0.0,14.448,6.02
BM-sheet_1-1802,beam,2.754,0.0,12.24,5.1
BM-sheet_1-1803,beam,2.256,0.0,14.1,7.05
BM-sheet_1-1804,beam,2.9295,0.0,11.625,4.65
BM-sheet_1-1805,beam,2.9295,0.0,11.625,4.65
BM-sheet_1-1806,beam,4.851,0.0,19.25,7.7
BM-sheet_1-1807,beam,4.914,0.0,19.5,7.8
BM-sheet_1-1808,beam,1.3406,0.0,8.379,4.189
BM-sheet_1-1809,beam,2.4376,0.0,15.235,7.618
BM-sheet_1-1810,beam,2.07,0.0,10.58,4.6
BM-sheet_1-1811,beam,1.4403,0.0,9.002,4.501
BM-sheet_1-1812,beam,1.424,0.0,8.9,4.45
BM-sheet_1-1813,beam,6.8545,0.0,22.848,8.462
BM-sheet_1-1814,beam,1.36,0.0,8.5,4.25
BM-sheet_1-1815,beam,2.6105,0.0,16.316,8.158
BM-sheet_1-1816,beam,1.7086,0.0,10.679,5.339
BM-sheet_1-1817,beam,2.2331,0.0,13.957,6.978
BM-sheet_1-1818,beam,2.4551,0.0,15.344,7.672
BM-sheet_1-1819,beam,1.5091,0.0,9.432,4.716
BM-sheet_1-1820,beam,6.9314,0.0,23.105,8.557
BM-sheet_1-1821,beam,3.42,0.0,17.48,7.6
BM-sheet_1-1822,beam,1.3838,0.0,6.15,2.563
BM-sheet_1-1823,beam,3.996,0.0,17.76,7.4
BM-sheet_1-1824,beam,2.464,0.0,15.4,7.7
BM-sheet_1-1825,beam,1.8675,0.0,9.545,4.15
BM-sheet_1-1826,beam,2.384,0.0,14.9,7.45
BM-sheet_1-1827,beam,2.704,0.0,16.9,8.45
BM-sheet_1-1828,beam,2.592,0.0,16.2,8.1
BM-sheet_1-1829,beam,1.238,0.0,7.738,3.869
BM-sheet_1-1830,beam,2.704,0.0,16.9,8.45
BM-sheet_1-1831,beam,4.914,0.0,19.5,7.8
BM-sheet_1-1832,beam,2.656,0.0,16.6,8.3
BM-sheet_1-1833,beam,3.1171,0.0,15.932,6.927
BM-sheet_1-1834,beam,6.399,0.0,21.33,7.9
BM-sheet_1-1835,beam,2.704,0.0,16.9,8.45
BM-sheet_1-1836,beam,2.465,0.0,15.406,7.703
BM-sheet_1-1837,beam,4.8825,0.0,19.375,7.75
BM-sheet_1-1838,beam,3.4209,0.0,17.485,7.602
BM-sheet_1-1839,beam,1.841,0.0,9.409,4.091
BM-sheet_1-1840,beam,2.5418,0.0,15.886,7.943
BM-sheet_1-1841,beam,1.974,0.0,12.337,6.169
BM-sheet_1-1842,beam,2.592,0.0,16.2,8.1
BM-sheet_1-1843,beam,1.5579,0.0,9.737,4.868
BM-sheet_1-1844,beam,2.214,0.0,9.84,4.1
BM-sheet_1-1845,beam,2.0447,0.0,12.779,6.39
BM-sheet_1-1846,beam,2.3404,0.0,14.627,7.314
BM-sheet_1-1847,beam,0.6097,0.0,3.811,1.905
BM-sheet_1-1848,beam,1.7278,0.0,8.831,3.84
BM-sheet_1-1849,beam,2.6548,0.0,16.592,8.296
BM-sheet_1-1850,beam,2.6213,0.0,16.383,8.191
BM-sheet_1-1851,beam,1.6262,0.0,10.164,5.082
BM-sheet_1-1852,beam,1.5803,0.0,9.877,4.939
BM-sheet_1-1853,beam,2.6921,0.0,16.825,8.413
BM-sheet_1-1854,beam,2.6853,0.0,16.783,8.392
BM-sheet_1-1855,beam,0.4858,0.0,2.483,1.08
BM-sheet_1-1856,beam,0.774,0.0,4.838,2.419
BM-sheet_1-1857,beam,2.1375,0.0,13.359,6.68
BM-sheet_1-1858,beam,2.9804,0.0,18.628,9.314
BM-sheet_1-1859,beam,2.4182,0.0,15.114,7.557
BM-sheet_1-1860,beam,2.8191,0.0,17.619,8.81
BM-sheet_1-1861,beam,2.0438,0.0,12.773,6.387
BM-sheet_1-1862,beam,3.0799,0.0,19.25,9.625
BM-sheet_1-1863,beam,2.3812,0.0,14.882,7.441
BM-sheet_1-1864,beam,2.8562,0.0,17.851,8.926
BM-sheet_1-1865,beam,1.5528,0.0,9.705,4.852
BM-sheet_1-1866,beam,5.408,0.0,21.46,8.584
BM-sheet_1-1867,beam,1.6219,0.0,10.137,5.068
BM-sheet_1-1868,beam,5.3505,0.0,21.232,8.493
BM-sheet_1-1869,beam,0.5214,0.0,3.258,1.629
BM-sheet_1-1870,beam,3.465,0.0,17.71,7.7
BM-sheet_1-1871,beam,5.0715,0.0,20.125,8.05
BM-sheet_1-1872,beam,0.4815,0.0,3.009,1.505
BM-sheet_1-1873,beam,3.465,0.0,17.71,7.7
BM-sheet_1-1874,beam,5.0715,0.0,20.125,8.05
BM-sheet_1-1875,beam,2.6734,0.0,16.709,8.355
BM-sheet_1-1876,beam,2.6342,0.0,16.464,8.232
BM-sheet_1-1877,beam,5.3823,0.0,21.358,8.543
BM-sheet_1-1878,beam,5.3037,0.0,21.046,8.419
BM-sheet_1-1879,beam,4.2788,0.0,16.979,6.792
BM-sheet_1-1880,beam,4.2002,0.0,16.668,6.667
BM-sheet_1-1881,beam,1.52,0.0,9.5,4.75
BM-sheet_1-1882,beam,2.352,0.0,14.7,7.35
BM-sheet_1-1883,beam,3.2625,0.0,16.675,7.25
BM-sheet_1-1884,beam,3.285,0.0,16.79,7.3
BM-sheet_1-1885,beam,5.9031,0.0,23.425,9.37
BM-sheet_1-1886,beam,3.105,0.0,15.87,6.9
BM-sheet_1-1887,beam,3.105,0.0,15.87,6.9
BM-sheet_1-1888,beam,4.5765,0.0,15.255,5.65
BM-sheet_1-1889,beam,2.8224,0.0,10.192,3.92
BM-sheet_1-1890,beam,3.456,0.0,17.664,7.68
BM-sheet_1-1891,beam,1.52,0.0,9.5,4.75
BM-sheet_1-1892,beam,2.352,0.0,14.7,7.35
BM-sheet_1-1893,beam,3.2625,0.0,16.675,7.25
BM-sheet_1-1894,beam,5.913,0.0,19.71,7.3
BM-sheet_1-1895,beam,5.9031,0.0,23.425,9.37
BM-sheet_1-1896,beam,5.589,0.0,18.63,6.9
BM-sheet_1-1897,beam,5.589,0.0,18.63,6.9
BM-sheet_1-1898,beam,4.5765,0.0,15.255,5.65
BM-sheet_1-1899,beam,2.8224,0.0,10.192,3.92
BM-sheet_1-1900,beam,3.456,0.0,17.664,7.68
BM-sheet_1-1901,beam,2.4899,0.0,15.562,7.781
BM-sheet_1-1902,beam,2.7446,0.0,17.154,8.577
BM-sheet_1-1903,beam,1.9575,0.0,10.005,4.35
BM-sheet_1-1904,beam,2.448,0.0,15.3,7.65
BM-sheet_1-1905,beam,1.664,0.0,10.4,5.2
BM-sheet_1-1906,beam,1.9575,0.0,10.005,4.35
BM-sheet_1-1907,beam,2.448,0.0,15.3,7.65
BM-sheet_1-1908,beam,2.808,0.0,12.48,5.2
BM-sheet_1-1909,beam,1.0304,0.0,6.44,3.22
BM-sheet_1-1910,beam,2.6272,0.0,16.42,8.21
BM-sheet_1-1911,beam,4.266,0.0,18.96,7.9
BM-sheet_1-1912,beam,1.0304,0.0,6.44,3.22
BM-sheet_1-1913,beam,2.6272,0.0,16.42,8.21
BM-sheet_1-1914,beam,4.266,0.0,18.96,7.9
BM-sheet_1-1915,beam,2.6272,0.0,16.42,8.21
BM-sheet_1-1916,beam,5.688,0.0,20.54,7.9
BM-sheet_1-1917,beam,2.6272,0.0,16.42,8.21
BM-sheet_1-1918,beam,5.688,0.0,20.54,7.9
BM-sheet_1-1919,beam,0.8256,0.0,5.16,2.58
BM-sheet_1-1920,beam,2.656,0.0,16.6,8.3
BM-sheet_1-1921,beam,5.76,0.0,20.8,8.0
BM-sheet_1-1922,beam,2.5088,0.0,15.68,7.84
BM-sheet_1-1923,beam,0.8256,0.0,5.16,2.58
BM-sheet_1-1924,beam,2.656,0.0,16.6,8.3
BM-sheet_1-1925,beam,5.76,0.0,20.8,8.0
BM-sheet_1-1926,beam,2.5088,0.0,15.68,7.84
BM-sheet_1-1927,beam,1.392,0.0,8.7,4.35
BM-sheet_1-1928,beam,0.774,0.0,4.838,2.419
BM-sheet_1-1929,beam,1.392,0.0,8.7,4.35
BM-sheet_1-1930,beam,2.368,0.0,14.8,7.4
BM-sheet_1-1931,beam,2.5194,0.0,15.746,7.873
BM-sheet_1-1932,beam,2.5194,0.0,15.746,7.873
BM-sheet_1-1933,beam,2.5468,0.0,15.917,7.959
BM-sheet_1-1934,beam,2.5468,0.0,15.918,7.959
BM-sheet_1-1935,beam,2.4928,0.0,15.58,7.79
BM-sheet_1-1936,beam,5.688,0.0,20.54,7.9
BM-sheet_1-1937,beam,3.6945,0.0,18.883,8.21
BM-sheet_1-1938,beam,0.8064,0.0,5.04,2.52
BM-sheet_1-1939,beam,3.06,0.0,11.05,4.25
BM-sheet_1-1940,beam,5.472,0.0,19.76,7.6
BM-sheet_1-1941,beam,2.754,0.0,12.24,5.1
BM-sheet_1-1942,beam,3.06,0.0,11.05,4.25
BM-sheet_1-1943,beam,5.472,0.0,19.76,7.6
BM-sheet_1-1944,beam,2.754,0.0,12.24,5.1
BM-sheet_1-1945,beam,1.9125,0.0,9.775,4.25
BM-sheet_1-1946,beam,2.432,0.0,15.2,7.6
BM-sheet_1-1947,beam,1.632,0.0,10.2,5.1
BM-sheet_1-1948,beam,1.9125,0.0,9.775,4.25
BM-sheet_1-1949,beam,2.432,0.0,15.2,7.6
BM-sheet_1-1950,beam,1.632,0.0,10.2,5.1
BM-sheet_1-1951,beam,3.465,0.0,17.71,7.7
BM-sheet_1-1952,beam,3.465,0.0,17.71,7.7
BM-sheet_1-1953,beam,1.9152,0.0,7.6,3.04
BM-sheet_1-1954,beam,3.555,0.0,18.17,7.9
BM-sheet_1-1955,beam,3.465,0.0,17.71,7.7
BM-sheet_1-1956,beam,3.465,0.0,17.71,7.7
BM-sheet_1-1957,beam,1.9152,0.0,7.6,3.04
BM-sheet_1-1958,beam,3.555,0.0,18.17,7.9
BM-sheet_1-1959,beam,2.384,0.0,14.9,7.45
BM-sheet_1-1960,beam,2.384,0.0,14.9,7.45
BM-sheet_1-1961,beam,2.1792,0.0,13.62,6.81
BM-sheet_1-1962,beam,2.1792,0.0,13.62,6.81
BM-sheet_1-1963,beam,2.368,0.0,14.8,7.4
BM-sheet_1-1964,beam,1.7984,0.0,11.24,5.62
BM-sheet_1-1965,beam,1.7984,0.0,11.24,5.62
BM-sheet_1-1966,beam,4.8196,0.0,19.125,7.65
BM-sheet_1-1967,beam,5.166,0.0,20.5,8.2
BM-sheet_1-1968,beam,5.1418,0.0,20.404,8.162
BM-sheet_1-1969,beam,4.8196,0.0,19.125,7.65
BM-sheet_1-1970,beam,5.166,0.0,20.5,8.2
BM-sheet_1-1971,beam,5.1418,0.0,20.404,8.162
BM-sheet_1-1972,beam,1.3406,0.0,6.852,2.979
BM-sheet_1-1973,beam,3.701,0.0,18.916,8.224
BM-sheet_1-1974,beam,2.6593,0.0,13.592,5.91
BM-sheet_1-1975,beam,1.3406,0.0,6.852,2.979
BM-sheet_1-1976,beam,3.7658,0.0,19.247,8.368
BM-sheet_1-1977,beam,2.6056,0.0,13.318,5.79
BM-sheet_1-1978,beam,3.6615,0.0,18.715,8.137
BM-sheet_1-1979,beam,8.0752,0.0,41.273,17.945
BM-sheet_1-1980,beam,0.7636,0.0,3.903,1.697
BM-sheet_1-1981,beam,2.1904,0.0,9.735,4.056
BM-sheet_1-1982,beam,2.1168,0.0,9.408,3.92
BM-sheet_1-1983,beam,2.053,0.0,12.832,6.416
BM-sheet_1-1984,beam,2.2408,0.0,14.005,7.003
BM-sheet_1-1985,beam,1.4937,0.0,6.639,2.766
BM-sheet_1-1986,beam,3.3818,0.0,17.285,7.515
BM-sheet_1-1987,beam,1.3398,0.0,5.955,2.481
BM-sheet_1-1988,beam,1.509,0.0,6.707,2.794
BM-sheet_1-1989,beam,3.4227,0.0,17.494,7.606
BM-sheet_1-1990,beam,1.9652,0.0,10.044,4.367
BM-sheet_1-1991,beam,0.8358,0.0,5.224,2.612
BM-sheet_1-1992,beam,4.1437,0.0,18.416,7.673
BM-sheet_1-1993,beam,0.8311,0.0,5.194,2.597
BM-sheet_1-1994,beam,4.0763,0.0,18.117,7.549
BM-sheet_1-1995,beam,2.464,0.0,15.4,7.7
BM-sheet_1-1996,beam,2.5278,0.0,15.799,7.899
BM-sheet_1-1997,beam,2.3864,0.0,10.606,4.419
BM-sheet_1-1998,beam,2.464,0.0,15.4,7.7
BM-sheet_1-1999,beam,2.5278,0.0,15.799,7.899
BM-sheet_1-2000,beam,2.4537,0.0,10.906,4.544
BM-sheet_1-2001,beam,1.1443,0.0,7.152,3.576
BM-sheet_1-2002,beam,1.1443,0.0,7.152,3.576
BM-sheet_1-2003,beam,1.5504,0.0,9.69,4.845
BM-sheet_1-2004,beam,1.5497,0.0,9.686,4.843
BM-sheet_1-2005,beam,2.9634,0.0,18.521,9.261
BM-sheet_1-2006,beam,2.8982,0.0,18.113,9.057
BM-sheet_1-2007,beam,2.1414,0.0,13.384,6.692
BM-sheet_1-2008,beam,3.0959,0.0,19.349,9.675
BM-sheet_1-2009,beam,2.1043,0.0,13.152,6.576
BM-sheet_1-2010,beam,2.6933,0.0,16.833,8.417
BM-sheet_1-2011,beam,0.3603,0.0,2.252,1.126
BM-sheet_1-2012,beam,0.2267,0.0,1.417,0.708
BM-sheet_1-2013,beam,0.2267,0.0,1.417,0.708
BM-sheet_1-2014,beam,0.4265,0.0,2.666,1.333
BM-sheet_1-2015,beam,2.496,0.0,15.6,7.8
BM-sheet_1-2016,beam,6.1173,0.0,24.275,9.71
BM-sheet_1-2017,beam,2.496,0.0,15.6,7.8
BM-sheet_1-2018,beam,5.0715,0.0,20.125,8.05
BM-sheet_1-2019,beam,1.2864,0.0,8.04,4.02
BM-sheet_1-2020,beam,6.1173,0.0,24.275,9.71
BM-sheet_1-2021,beam,1.2864,0.0,8.04,4.02
BM-sheet_1-2022,beam,6.1173,0.0,24.275,9.71
BM-sheet_1-2023,beam,6.1173,0.0,24.275,9.71
BM-sheet_1-2024,beam,6.1173,0.0,24.275,9.71
BM-sheet_1-2025,beam,6.1173,0.0,24.275,9.71
BM-sheet_1-2026,beam,5.0715,0.0,20.125,8.05
BM-sheet_1-2027,beam,1.9776,0.0,12.36,6.18
BM-sheet_1-2028,beam,1.9776,0.0,12.36,6.18
BM-sheet_1-2029,beam,4.7943,0.0,19.025,7.61
BM-sheet_1-2030,beam,4.7943,0.0,19.025,7.61
BM-sheet_1-2031,beam,3.1256,0.0,19.535,9.767
BM-sheet_1-2032,beam,3.249,0.0,10.108,3.61
BM-sheet_1-2033,beam,0.3844,0.0,2.402,1.201
BM-sheet_1-2034,beam,0.3844,0.0,2.402,1.201
BM-sheet_1-2035,beam,6.8588,0.0,21.338,7.621
BM-sheet_1-2036,beam,2.496,0.0,15.6,7.8
BM-sheet_1-2037,beam,2.496,0.0,15.6,7.8
BM-sheet_1-2038,beam,2.496,0.0,15.6,7.8
BM-sheet_1-2039,beam,2.496,0.0,15.6,7.8
BM-sheet_1-2040,beam,4.914,0.0,19.5,7.8
BM-sheet_1-2041,beam,4.914,0.0,19.5,7.8
BM-sheet_1-2042,beam,2.496,0.0,15.6,7.8
BM-sheet_1-2043,beam,2.496,0.0,15.6,7.8
BM-sheet_1-2044,beam,4.212,0.0,18.72,7.8
BM-sheet_1-2045,beam,4.212,0.0,18.72,7.8
BM-sheet_1-2046,beam,2.496,0.0,15.6,7.8
BM-sheet_1-2047,beam,2.496,0.0,15.6,7.8
BM-sheet_1-2048,beam,2.496,0.0,15.6,7.8
BM-sheet_1-2049,beam,2.496,0.0,15.6,7.8
BM-sheet_1-2050,beam,2.496,0.0,15.6,7.8
BM-sheet_1-2051,beam,2.496,0.0,15.6,7.8
BM-sheet_1-2052,beam,4.914,0.0,19.5,7.8
BM-sheet_1-2053,beam,4.914,0.0,19.5,7.8
BM-sheet_1-2054,beam,2.496,0.0,15.6,7.8
BM-sheet_1-2055,beam,2.496,0.0,15.6,7.8
BM-sheet_1-2056,beam,2.496,0.0,15.6,7.8
BM-sheet_1-2057,beam,2.496,0.0,15.6,7.8
BM-sheet_1-2058,beam,4.914,0.0,19.5,7.8
BM-sheet_1-2059,beam,4.914,0.0,19.5,7.8
BM-sheet_1-2060,beam,1.2923,0.0,8.077,4.038
BM-sheet_1-2061,beam,1.2923,0.0,8.077,4.038
BM-sheet_1-2062,beam,1.6384,0.0,10.24,5.12
BM-sheet_1-2063,beam,2.6213,0.0,16.383,8.191
BM-sheet_1-2064,beam,2.5812,0.0,16.133,8.066
BM-sheet_1-2065,beam,5.1003,0.0,20.239,8.096
BM-sheet_1-2066,beam,2.5812,0.0,16.133,8.066
BM-sheet_1-2067,beam,5.1003,0.0,20.239,8.096
BM-sheet_1-2068,beam,2.5013,0.0,15.633,7.817
BM-sheet_1-2069,beam,2.5148,0.0,15.717,7.859
BM-sheet_1-2070,beam,2.3929,0.0,14.955,7.478
BM-sheet_1-2071,beam,2.3883,0.0,14.927,7.464
BM-sheet_1-2072,beam,2.416,0.0,15.1,7.55
BM-sheet_1-2073,beam,2.3678,0.0,14.799,7.399
BM-sheet_1-2074,beam,2.6548,0.0,16.592,8.296
BM-sheet_1-2075,beam,2.2438,0.0,14.024,7.012
BM-sheet_1-2076,beam,2.2897,0.0,14.311,7.155
BM-sheet_1-2077,beam,1.0378,0.0,6.487,3.243
BM-sheet_1-2078,beam,1.0532,0.0,6.583,3.291
BM-sheet_1-2079,beam,2.364,0.0,14.775,7.387
BM-sheet_1-2080,beam,2.3776,0.0,14.86,7.43
BM-sheet_1-2081,beam,1.8144,0.0,11.34,5.67
BM-sheet_1-2082,beam,1.8144,0.0,11.34,5.67
BM-sheet_1-2083,beam,2.6452,0.0,16.532,8.266
BM-sheet_1-2084,beam,2.6452,0.0,16.532,8.266
BM-sheet_1-2085,beam,2.6027,0.0,16.267,8.133
BM-sheet_1-2086,beam,2.4848,0.0,11.044,4.601
BM-sheet_1-2087,beam,2.2219,0.0,9.875,4.115
BM-sheet_1-2088,beam,4.131,0.0,18.36,7.65
BM-sheet_1-2089,beam,4.212,0.0,18.72,7.8
BM-sheet_1-2090,beam,4.455,0.0,19.8,8.25
BM-sheet_1-2091,beam,3.16,0.0,19.75,9.875
BM-sheet_1-2092,beam,0.6837,0.0,4.273,2.137
BM-sheet_1-2093,beam,2.5931,0.0,16.207,8.104
BM-sheet_1-2094,beam,2.5929,0.0,16.206,8.103
BM-sheet_1-2095,beam,2.5084,0.0,15.678,7.839
BM-sheet_1-2096,beam,1.7356,0.0,10.847,5.424
BM-sheet_1-2097,beam,2.528,0.0,15.8,7.9
BM-sheet_1-2098,beam,2.384,0.0,14.9,7.45
BM-sheet_1-2099,beam,2.56,0.0,16.0,8.0
BM-sheet_1-2100,beam,2.7376,0.0,9.886,3.802
BM-sheet_1-2101,beam,1.1104,0.0,6.94,3.47
BM-sheet_1-2102,beam,0.9217,0.0,5.761,2.88
BM-sheet_1-2103,beam,1.8495,0.0,11.559,5.78
BM-sheet_1-2104,beam,1.1104,0.0,6.94,3.47
BM-sheet_1-2105,beam,1.192,0.0,7.45,3.725
BM-sheet_1-2106,beam,1.2592,0.0,7.87,3.935
BM-sheet_1-2107,beam,0.912,0.0,5.7,2.85
BM-sheet_1-2108,beam,0.816,0.0,5.1,2.55
BM-sheet_1-2109,beam,1.5776,0.0,9.86,4.93
BM-sheet_1-2110,beam,0.6528,0.0,4.08,2.04
BM-sheet_1-2111,beam,0.5776,0.0,3.61,1.805
BM-sheet_1-2112,beam,0.8096,0.0,5.06,2.53
BM-sheet_1-2113,beam,0.6369,0.0,3.981,1.99
BM-sheet_1-2114,beam,1.2704,0.0,7.94,3.97
BM-sheet_1-2115,beam,1.0817,0.0,6.761,3.38
BM-sheet_1-2116,beam,2.0095,0.0,12.559,6.28
BM-sheet_1-2117,beam,1.2704,0.0,7.94,3.97
BM-sheet_1-2118,beam,1.408,0.0,8.8,4.4
BM-sheet_1-2119,beam,2.1888,0.0,13.68,6.84
BM-sheet_1-2120,beam,1.2416,0.0,7.76,3.88
BM-sheet_1-2121,beam,1.2697,0.0,7.935,3.968
BM-sheet_1-2122,beam,1.4209,0.0,8.881,4.44
BM-sheet_1-2123,beam,1.6703,0.0,10.439,5.22
BM-sheet_1-2124,beam,1.2704,0.0,7.94,3.97
BM-sheet_1-2125,beam,1.4144,0.0,8.84,4.42
BM-sheet_1-2126,beam,0.8736,0.0,5.46,2.73
BM-sheet_1-2127,beam,2.5584,0.0,15.99,7.995
BM-sheet_1-2128,beam,2.5584,0.0,15.99,7.995
BM-sheet_1-2129,beam,0.8736,0.0,5.46,2.73
BM-sheet_1-2130,beam,1.2544,0.0,7.84,3.92
BM-sheet_1-2131,beam,1.2704,0.0,7.94,3.97
BM-sheet_1-2132,beam,1.2609,0.0,7.881,3.94
BM-sheet_1-2133,beam,1.5103,0.0,9.439,4.72
BM-sheet_1-2134,beam,1.2697,0.0,7.936,3.968
BM-sheet_1-2135,beam,1.0816,0.0,6.76,3.38
BM-sheet_1-2136,beam,2.1834,0.0,13.646,6.823
BM-sheet_1-2137,beam,1.408,0.0,8.8,4.4
BM-sheet_1-2138,beam,0.6369,0.0,3.981,1.99
BM-sheet_1-2139,beam,0.6815,0.0,4.259,2.13
BM-sheet_1-2140,beam,0.8096,0.0,5.06,2.53
BM-sheet_1-2141,beam,0.5776,0.0,3.61,1.805
BM-sheet_1-2142,beam,0.6528,0.0,4.08,2.04
BM-sheet_1-2143,beam,0.816,0.0,5.1,2.55
BM-sheet_1-2144,beam,1.5776,0.0,9.86,4.93
BM-sheet_1-2145,beam,0.912,0.0,5.7,2.85
BM-sheet_1-2146,beam,1.192,0.0,7.45,3.725
BM-sheet_1-2147,beam,1.2592,0.0,7.87,3.935
BM-sheet_1-2148,beam,0.6815,0.0,4.259,2.13
BM-sheet_1-2149,beam,0.544,0.0,3.4,1.7
BM-sheet_1-2150,beam,1.6816,0.0,10.51,5.255
BM-sheet_1-2151,beam,0.544,0.0,3.4,1.7
BM-sheet_1-2152,beam,1.1904,0.0,7.44,3.72
BM-sheet_1-2153,beam,3.3152,0.0,20.72,10.36
BM-sheet_1-2154,beam,1.1904,0.0,7.44,3.72
BM-sheet_1-2155,beam,0.9632,0.0,6.02,3.01
BM-sheet_1-2156,beam,1.1072,0.0,6.92,3.46
BM-sheet_1-2157,beam,2.448,0.0,15.3,7.65
BM-sheet_1-2158,beam,0.9984,0.0,6.24,3.12
BM-sheet_1-2159,beam,1.2544,0.0,7.84,3.92
BM-sheet_1-2160,beam,0.3936,0.0,2.46,1.23
BM-sheet_1-2161,beam,0.4992,0.0,3.12,1.56
BM-sheet_1-2162,beam,0.4,0.0,2.5,1.25
BM-sheet_1-2163,beam,0.432,0.0,2.7,1.35
BM-sheet_1-2164,beam,1.1265,0.0,7.041,3.52
BM-sheet_1-2165,beam,1.3472,0.0,8.42,4.21
BM-sheet_1-2166,beam,1.472,0.0,9.2,4.6
BM-sheet_1-2167,beam,0.5664,0.0,3.54,1.77
BM-sheet_1-2168,beam,0.6581,0.0,4.113,2.057
BM-sheet_1-2169,beam,2.1824,0.0,13.64,6.82
BM-sheet_1-2170,beam,0.4352,0.0,2.72,1.36
BM-sheet_1-2171,beam,2.56,0.0,16.0,8.0
BM-sheet_1-2172,beam,1.0134,0.0,6.334,3.167
BM-sheet_1-2173,beam,0.3375,0.0,1.725,0.75
BM-sheet_1-2174,beam,0.702,0.0,3.588,1.56
BM-sheet_1-2175,beam,0.3296,0.0,2.06,1.03
BM-sheet_1-2176,beam,0.225,0.0,1.15,0.5
BM-sheet_1-2177,beam,0.16,0.0,1.0,0.5
BM-sheet_1-2178,beam,1.072,0.0,6.7,3.35
BM-sheet_1-2179,beam,0.368,0.0,2.3,1.15
BM-sheet_1-2180,beam,1.5232,0.0,9.52,4.76
BM-sheet_1-2181,beam,0.448,0.0,2.8,1.4
BM-sheet_1-2182,beam,1.44,0.0,9.0,4.5
BM-sheet_1-2183,beam,1.3904,0.0,8.69,4.345
BM-sheet_1-2184,beam,1.2192,0.0,7.62,3.81
BM-sheet_1-2185,beam,1.1833,0.0,7.396,3.698
BM-sheet_1-2186,beam,1.9621,0.0,12.263,6.131
BM-sheet_1-2187,beam,1.1152,0.0,6.97,3.485
BM-sheet_1-2188,beam,0.384,0.0,2.4,1.2
BM-sheet_1-2189,beam,1.1904,0.0,7.44,3.72
BM-sheet_1-2190,beam,2.9952,0.0,18.72,9.36
BM-sheet_1-2191,beam,1.1904,0.0,7.44,3.72
BM-sheet_1-2192,beam,0.384,0.0,2.4,1.2
BM-sheet_1-2193,beam,0.224,0.0,1.4,0.7
BM-sheet_1-2194,beam,2.4864,0.0,15.54,7.77
BM-sheet_1-2195,beam,1.888,0.0,11.8,5.9
BM-sheet_1-2196,beam,0.912,0.0,5.7,2.85
BM-sheet_1-2197,beam,1.2544,0.0,7.84,3.92
BM-sheet_1-2198,beam,1.9136,0.0,11.96,5.98
BM-sheet_1-2199,beam,1.7536,0.0,10.96,5.48
BM-sheet_1-2200,beam,1.12,0.0,7.0,3.5
BM-sheet_1-2201,beam,1.0784,0.0,6.74,3.37
BM-sheet_1-2202,beam,0.3959,0.0,2.474,1.237
BM-sheet_1-2203,beam,0.9184,0.0,5.74,2.87
BM-sheet_1-2204,beam,1.6864,0.0,10.54,5.27
BM-sheet_1-2205,beam,3.3152,0.0,20.72,10.36
BM-sheet_1-2206,beam,0.432,0.0,2.7,1.35
BM-sheet_1-2207,beam,0.4,0.0,2.5,1.25
BM-sheet_1-2208,beam,0.4992,0.0,3.12,1.56
BM-sheet_1-2209,beam,0.2336,0.0,1.46,0.73
BM-sheet_1-2210,beam,0.3936,0.0,2.46,1.23
BM-sheet_1-2211,beam,0.4992,0.0,3.12,1.56
BM-sheet_1-2212,beam,0.4,0.0,2.5,1.25
BM-sheet_1-2213,beam,0.432,0.0,2.7,1.35
BM-sheet_1-2214,beam,0.4792,0.0,2.995,1.498
BM-sheet_1-2215,beam,0.9184,0.0,5.74,2.87
BM-sheet_1-2216,beam,1.6864,0.0,10.54,5.27
BM-sheet_1-2217,beam,3.1552,0.0,19.72,9.86
BM-sheet_1-2218,beam,0.912,0.0,5.7,2.85
BM-sheet_1-2219,beam,1.2544,0.0,7.84,3.92
BM-sheet_1-2220,beam,1.9136,0.0,11.96,5.98
BM-sheet_1-2221,beam,1.7536,0.0,10.96,5.48
BM-sheet_1-2222,beam,1.12,0.0,7.0,3.5
BM-sheet_1-2223,beam,1.0784,0.0,6.74,3.37
BM-sheet_1-2224,beam,0.1173,0.0,0.733,0.367
BM-sheet_1-2225,beam,1.888,0.0,11.8,5.9
BM-sheet_1-2226,beam,0.1519,0.0,0.949,0.475
BM-sheet_1-2227,beam,1.9505,0.0,12.19,6.095
BM-sheet_1-2228,beam,0.224,0.0,1.4,0.7
BM-sheet_1-2229,beam,0.704,0.0,4.4,2.2
BM-sheet_1-2230,beam,1.1904,0.0,7.44,3.72
BM-sheet_1-2231,beam,3.3152,0.0,20.72,10.36
BM-sheet_1-2232,beam,1.1904,0.0,7.44,3.72
BM-sheet_1-2233,beam,0.544,0.0,3.4,1.7
BM-sheet_1-2234,beam,2.0418,0.0,12.762,6.381
BM-sheet_1-2235,beam,1.1152,0.0,6.97,3.485
BM-sheet_1-2236,beam,1.1031,0.0,6.894,3.447
BM-sheet_1-2237,beam,1.5392,0.0,9.62,4.81
BM-sheet_1-2238,beam,1.3904,0.0,8.69,4.345
BM-sheet_1-2239,beam,1.44,0.0,9.0,4.5
BM-sheet_1-2240,beam,0.448,0.0,2.8,1.4
BM-sheet_1-2241,beam,1.8432,0.0,11.52,5.76
BM-sheet_1-2242,beam,0.368,0.0,2.3,1.15
BM-sheet_1-2243,beam,1.232,0.0,7.7,3.85
BM-sheet_1-2244,beam,1.1298,0.0,7.062,3.531
BM-sheet_1-2245,beam,2.6229,0.0,16.393,8.197
BM-sheet_1-2246,beam,3.0715,0.0,8.997,3.103
BM-sheet_1-2247,beam,1.7248,0.0,10.78,5.39
BM-sheet_1-2248,beam,3.664,0.0,22.9,11.45
BM-sheet_1-2249,beam,0.9824,0.0,6.14,3.07
BM-sheet_1-2250,beam,1.9013,0.0,11.883,5.941
BM-sheet_1-2251,beam,5.216,0.0,32.6,16.3
BM-sheet_1-2252,beam,0.4379,0.0,2.737,1.369
BM-sheet_1-2253,beam,0.16,0.0,1.0,0.5
BM-sheet_1-2254,beam,1.088,0.0,6.8,3.4
BM-sheet_1-2255,beam,1.8208,0.0,11.38,5.69
BM-sheet_1-2256,beam,2.2643,0.0,14.152,7.076
BM-sheet_1-2257,beam,2.1152,0.0,13.22,6.61
BM-sheet_1-2258,beam,1.2197,0.0,6.234,2.71
BM-sheet_1-2259,beam,2.1745,0.0,13.591,6.795
BM-sheet_1-2260,beam,1.168,0.0,7.3,3.65
BM-sheet_1-2261,beam,0.7648,0.0,4.78,2.39
BM-sheet_1-2262,beam,1.8848,0.0,11.78,5.89
BM-sheet_1-2263,beam,1.1835,0.0,6.049,2.63
BM-sheet_1-2264,beam,1.28,0.0,8.0,4.0
BM-sheet_1-2265,beam,0.096,0.0,0.6,0.3
BM-sheet_1-2266,beam,0.8416,0.0,5.26,2.63
BM-sheet_1-2267,beam,1.4449,0.0,7.385,3.211
BM-sheet_1-2268,beam,2.7619,0.0,17.262,8.631
BM-sheet_1-2269,beam,0.3143,0.0,1.964,0.982
BM-sheet_1-2270,beam,0.5345,0.0,3.341,1.67
BM-sheet_1-2271,beam,0.1626,0.0,1.016,0.508
BM-sheet_1-2272,beam,2.5737,0.0,16.085,8.043
BM-sheet_1-2273,beam,0.5025,0.0,3.141,1.57
BM-sheet_1-2274,beam,2.5081,0.0,15.676,7.838
BM-sheet_1-2275,beam,1.5296,0.0,9.56,4.78
BM-sheet_1-2276,beam,2.24,0.0,14.0,7.0
BM-sheet_1-2277,beam,0.8464,0.0,5.29,2.645
BM-sheet_1-2278,beam,0.912,0.0,5.7,2.85
BM-sheet_1-2279,beam,0.1624,0.0,1.015,0.507
BM-sheet_1-2280,beam,2.464,0.0,15.4,7.7
BM-sheet_1-2281,beam,2.464,0.0,15.4,7.7
BM-sheet_1-2282,beam,1.2544,0.0,7.84,3.92
BM-sheet_1-2283,beam,1.1456,0.0,7.16,3.58
BM-sheet_1-2284,beam,0.384,0.0,2.4,1.2
BM-sheet_1-2285,beam,1.1904,0.0,7.44,3.72
BM-sheet_1-2286,beam,2.4624,0.0,15.39,7.695
BM-sheet_1-2287,beam,0.9056,0.0,5.66,2.83
BM-sheet_1-2288,beam,1.5744,0.0,9.84,4.92
BM-sheet_1-2289,beam,2.1438,0.0,9.528,3.97
BM-sheet_1-2290,beam,5.5944,0.0,24.864,10.36
BM-sheet_1-2291,beam,1.7865,0.0,9.131,3.97
BM-sheet_1-2292,beam,1.5744,0.0,9.84,4.92
BM-sheet_1-2293,beam,1.1456,0.0,7.16,3.58
BM-sheet_1-2294,beam,2.3901,0.0,14.938,7.469
BM-sheet_1-2295,beam,0.4737,0.0,2.961,1.48
BM-sheet_1-2296,beam,0.224,0.0,1.4,0.7
BM-sheet_1-2297,beam,0.704,0.0,4.4,2.2
BM-sheet_1-2298,beam,1.0304,0.0,6.44,3.22
BM-sheet_1-2299,beam,2.9952,0.0,18.72,9.36
BM-sheet_1-2300,beam,1.1897,0.0,7.435,3.718
BM-sheet_1-2301,beam,0.384,0.0,2.4,1.2
BM-sheet_1-2302,beam,0.704,0.0,4.4,2.2
BM-sheet_1-2303,beam,0.224,0.0,1.4,0.7
BM-sheet_1-2304,beam,2.5664,0.0,16.04,8.02
BM-sheet_1-2305,beam,0.16,0.0,1.0,0.5
BM-sheet_1-2306,beam,2.3584,0.0,14.74,7.37
BM-sheet_1-2307,beam,0.224,0.0,1.4,0.7
BM-sheet_1-2308,beam,1.1904,0.0,7.44,3.72
BM-sheet_1-2309,beam,3.3152,0.0,20.72,10.36
BM-sheet_1-2310,beam,1.1904,0.0,7.44,3.72
BM-sheet_1-2311,beam,2.72,0.0,17.0,8.5
BM-sheet_1-2312,beam,2.3584,0.0,14.74,7.37
BM-sheet_1-2313,beam,0.224,0.0,1.4,0.7
BM-sheet_1-2314,beam,0.704,0.0,4.4,2.2
BM-sheet_1-2315,beam,2.512,0.0,15.7,7.85
BM-sheet_1-2316,beam,1.6832,0.0,10.52,5.26
BM-sheet_1-2317,beam,1.2928,0.0,8.08,4.04
BM-sheet_1-2318,beam,0.096,0.0,0.6,0.3
BM-sheet_1-2319,beam,1.088,0.0,6.8,3.4
BM-sheet_1-2320,beam,0.3264,0.0,2.04,1.02
BM-sheet_1-2321,beam,1.6448,0.0,10.28,5.14
BM-sheet_1-2322,beam,0.976,0.0,6.1,3.05
BM-sheet_1-2323,beam,6.2035,0.0,38.772,19.386
BM-sheet_1-2324,beam,8.129,0.0,50.806,25.403
BM-sheet_1-2325,beam,0.16,0.0,1.0,0.5
BM-sheet_1-2326,beam,1.92,0.0,12.0,6.0
BM-sheet_1-2327,beam,0.9173,0.0,5.733,2.867
BM-sheet_1-2328,beam,1.1247,0.0,7.029,3.515
BM-sheet_1-2329,beam,0.4518,0.0,2.824,1.412
BM-sheet_1-2330,beam,1.3441,0.0,8.4,4.2
BM-sheet_1-2331,beam,2.0784,0.0,12.99,6.495
BM-sheet_1-2332,beam,1.7584,0.0,10.99,5.495
BM-sheet_1-2333,beam,0.7427,0.0,4.642,2.321
BM-sheet_1-2334,beam,0.9058,0.0,5.661,2.831
BM-sheet_1-2335,beam,0.4381,0.0,2.738,1.369
BM-sheet_1-2336,beam,0.3548,0.0,2.217,1.109
BM-sheet_1-2337,beam,1.0608,0.0,6.63,3.315
BM-sheet_1-2338,beam,0.224,0.0,1.4,0.7
BM-sheet_1-2339,beam,0.9984,0.0,6.24,3.12
BM-sheet_1-2340,beam,2.7744,0.0,17.34,8.67
BM-sheet_1-2341,beam,3.04,0.0,19.0,9.5
BM-sheet_1-2342,beam,2.0384,0.0,12.74,6.37
BM-sheet_1-2343,beam,1.056,0.0,6.6,3.3
BM-sheet_1-2344,beam,0.32,0.0,2.0,1.0
BM-sheet_1-2345,beam,0.9664,0.0,6.04,3.02
BM-sheet_1-2346,beam,1.2256,0.0,7.66,3.83
BM-sheet_1-2347,beam,2.0704,0.0,12.94,6.47
BM-sheet_1-2348,beam,0.7904,0.0,4.94,2.47
BM-sheet_1-2349,beam,2.128,0.0,13.3,6.65
BM-sheet_1-2350,beam,0.9664,0.0,6.04,3.02
BM-sheet_1-2351,beam,0.6257,0.0,3.911,1.955
BM-sheet_1-2352,beam,2.4655,0.0,15.409,7.705
BM-sheet_1-2353,beam,1.1904,0.0,7.44,3.72
BM-sheet_1-2354,beam,2.1728,0.0,13.58,6.79
BM-sheet_1-2355,beam,1.0144,0.0,6.34,3.17
BM-sheet_1-2356,beam,0.576,0.0,3.6,1.8
BM-sheet_1-2357,beam,0.7039,0.0,4.399,2.2
BM-sheet_1-2358,beam,0.704,0.0,4.4,2.2
BM-sheet_1-2359,beam,0.224,0.0,1.4,0.7
BM-sheet_1-2360,beam,3.4289,0.0,13.607,5.443
BM-sheet_1-2361,beam,2.0544,0.0,12.84,6.42
BM-sheet_1-2362,beam,1.684,0.0,10.525,5.262
BM-sheet_1-2363,beam,0.6784,0.0,4.24,2.12
BM-sheet_1-2364,beam,1.1488,0.0,7.18,3.59
BM-sheet_1-2365,beam,1.1393,0.0,7.121,3.56
BM-sheet_1-2366,beam,0.5388,0.0,3.367,1.684
BM-sheet_1-2367,beam,1.312,0.0,8.2,4.1
BM-sheet_1-2368,beam,3.2544,0.0,20.34,10.17
BM-sheet_1-2369,beam,1.1488,0.0,7.18,3.59
BM-sheet_1-2370,beam,1.1392,0.0,7.12,3.56
BM-sheet_1-2371,beam,0.768,0.0,4.8,2.4
BM-sheet_1-2372,beam,10.1709,0.0,63.568,31.784
BM-sheet_1-2373,beam,0.16,0.0,1.0,0.5
BM-sheet_1-2374,beam,1.44,0.0,9.0,4.5
BM-sheet_1-2375,beam,1.1904,0.0,7.44,3.72
BM-sheet_1-2376,beam,2.9952,0.0,18.72,9.36
BM-sheet_1-2377,beam,1.1904,0.0,7.44,3.72
BM-sheet_1-2378,beam,0.368,0.0,2.3,1.15
BM-sheet_1-2379,beam,1.8432,0.0,11.52,5.76
BM-sheet_1-2380,beam,0.448,0.0,2.8,1.4
BM-sheet_1-2381,beam,1.44,0.0,9.0,4.5
BM-sheet_1-2382,beam,1.3904,0.0,8.69,4.345
BM-sheet_1-2383,beam,1.5392,0.0,9.62,4.81
BM-sheet_1-2384,beam,1.1665,0.0,7.291,3.645
BM-sheet_1-2385,beam,2.6216,0.0,16.385,8.193
BM-sheet_1-2386,beam,0.224,0.0,1.4,0.7
BM-sheet_1-2387,beam,0.704,0.0,4.4,2.2
BM-sheet_1-2388,beam,1.0765,0.0,6.728,3.364
BM-sheet_1-2389,beam,3.2868,0.0,20.543,10.271
BM-sheet_1-2390,beam,1.1904,0.0,7.44,3.72
BM-sheet_1-2391,beam,0.704,0.0,4.4,2.2
BM-sheet_1-2392,beam,0.224,0.0,1.4,0.7
BM-sheet_1-2393,beam,1.1232,0.0,7.02,3.51
BM-sheet_1-2394,beam,0.9792,0.0,6.12,3.06
BM-sheet_1-2395,beam,1.232,0.0,7.7,3.85
BM-sheet_1-2396,beam,0.16,0.0,1.0,0.5
BM-sheet_1-2397,beam,9.2609,0.0,57.881,28.94
BM-sheet_1-2398,beam,2.368,0.0,14.8,7.4
BM-sheet_1-2399,beam,0.4513,0.0,2.821,1.41
BM-sheet_1-2400,beam,0.4992,0.0,3.12,1.56
BM-sheet_1-2401,beam,0.4,0.0,2.5,1.25
BM-sheet_1-2402,beam,2.3488,0.0,14.68,7.34
BM-sheet_1-2403,beam,1.6192,0.0,10.12,5.06
BM-sheet_1-2404,beam,0.896,0.0,5.6,2.8
BM-sheet_1-2405,beam,1.0144,0.0,6.34,3.17
BM-sheet_1-2406,beam,0.4224,0.0,2.64,1.32
BM-sheet_1-2407,beam,0.16,0.0,1.0,0.5
BM-sheet_1-2408,beam,0.2239,0.0,1.4,0.7
BM-sheet_1-2409,beam,1.2256,0.0,7.66,3.83
BM-sheet_1-2410,beam,1.2544,0.0,7.84,3.92
BM-sheet_1-2411,beam,1.2704,0.0,7.94,3.97
BM-sheet_1-2412,beam,2.9952,0.0,18.72,9.36
BM-sheet_1-2413,beam,1.0464,0.0,6.54,3.27
BM-sheet_1-2414,beam,0.9616,0.0,6.01,3.005
BM-sheet_1-2415,beam,0.4,0.0,2.5,1.25
BM-sheet_1-2416,beam,1.2256,0.0,7.66,3.83
BM-sheet_1-2417,beam,1.2544,0.0,7.84,3.92
BM-sheet_1-2418,beam,1.2704,0.0,7.94,3.97
BM-sheet_1-2419,beam,2.9952,0.0,18.72,9.36
BM-sheet_1-2420,beam,1.2704,0.0,7.94,3.97
BM-sheet_1-2421,beam,1.2544,0.0,7.84,3.92
BM-sheet_1-2422,beam,1.1136,0.0,6.96,3.48
BM-sheet_1-2423,beam,0.64,0.0,4.0,2.0
BM-sheet_1-2424,beam,1.2256,0.0,7.66,3.83
BM-sheet_1-2425,beam,1.2544,0.0,7.84,3.92
BM-sheet_1-2426,beam,1.1104,0.0,6.94,3.47
BM-sheet_1-2427,beam,2.304,0.0,14.4,7.2
BM-sheet_1-2428,beam,0.4672,0.0,2.92,1.46
BM-sheet_1-2429,beam,1.2704,0.0,7.94,3.97
BM-sheet_1-2430,beam,1.2544,0.0,7.84,3.92
BM-sheet_1-2431,beam,1.2256,0.0,7.66,3.83
BM-sheet_1-2432,beam,2.7824,0.0,17.39,8.695
BM-sheet_1-2433,beam,8.1632,0.0,51.02,25.51
BM-sheet_1-2434,beam,0.9,0.0,4.6,2.0
BM-sheet_1-2435,beam,2.1884,0.0,13.678,6.839
BM-sheet_1-2436,beam,2.464,0.0,15.4,7.7
BM-sheet_1-2437,beam,2.464,0.0,15.4,7.7
BM-sheet_1-2438,beam,0.5508,0.0,3.442,1.721
BM-sheet_1-2439,beam,0.992,0.0,6.2,3.1
BM-sheet_1-2440,beam,6.9472,0.0,43.42,21.71
BM-sheet_1-2441,beam,2.7824,0.0,17.39,8.695
BM-sheet_1-2442,beam,0.9056,0.0,5.66,2.83
BM-sheet_1-2443,beam,2.4624,0.0,15.39,7.695
BM-sheet_1-2444,beam,1.5744,0.0,9.84,4.92
BM-sheet_1-2445,beam,1.2704,0.0,7.94,3.97
BM-sheet_1-2446,beam,0.992,0.0,6.2,3.1
BM-sheet_1-2447,beam,6.7872,0.0,42.42,21.21
BM-sheet_1-2448,beam,2.0284,0.0,12.678,6.339
BM-sheet_1-2449,beam,2.464,0.0,15.4,7.7
BM-sheet_1-2450,beam,2.464,0.0,15.4,7.7
BM-sheet_1-2451,beam,0.5508,0.0,3.442,1.721
BM-sheet_1-2452,beam,3.3152,0.0,20.72,10.36
BM-sheet_1-2453,beam,1.2064,0.0,7.54,3.77
BM-sheet_1-2454,beam,1.3104,0.0,8.19,4.095
BM-sheet_1-2455,beam,0.8976,0.0,5.61,2.805
BM-sheet_1-2456,beam,0.4,0.0,2.5,1.25
BM-sheet_1-2457,beam,0.9055,0.0,5.66,2.83
BM-sheet_1-2458,beam,1.5745,0.0,9.841,4.92
BM-sheet_1-2459,beam,1.2704,0.0,7.94,3.97
BM-sheet_1-2460,beam,3.3152,0.0,20.72,10.36
BM-sheet_1-2461,beam,1.2704,0.0,7.94,3.97
BM-sheet_1-2462,beam,1.5744,0.0,9.84,4.92
BM-sheet_1-2463,beam,1.1136,0.0,6.96,3.48
BM-sheet_1-2464,beam,0.64,0.0,4.0,2.0
BM-sheet_1-2465,beam,0.9056,0.0,5.66,2.83
BM-sheet_1-2466,beam,1.5744,0.0,9.84,4.92
BM-sheet_1-2467,beam,0.9,0.0,4.6,2.0
BM-sheet_1-2468,beam,8.1632,0.0,51.02,25.51
BM-sheet_1-2469,beam,2.4624,0.0,15.39,7.695
BM-sheet_1-2470,beam,0.9056,0.0,5.66,2.83
BM-sheet_1-2471,beam,1.5744,0.0,9.84,4.92
BM-sheet_1-2472,beam,1.2704,0.0,7.94,3.97
BM-sheet_1-2473,beam,2.32,0.0,14.5,7.25
BM-sheet_1-2474,beam,0.6112,0.0,3.82,1.91
BM-sheet_1-2475,beam,0.9664,0.0,6.04,3.02
BM-sheet_1-2476,beam,3.2413,0.0,20.258,10.129
BM-sheet_1-2477,beam,1.1904,0.0,7.44,3.72
BM-sheet_1-2478,beam,0.224,0.0,1.4,0.7
BM-sheet_1-2479,beam,1.3312,0.0,8.32,4.16
BM-sheet_1-2480,beam,5.264,0.0,32.9,16.45
BM-sheet_1-2481,beam,0.16,0.0,1.0,0.5
BM-sheet_1-2482,beam,0.096,0.0,0.6,0.3
BM-sheet_1-2483,beam,1.424,0.0,8.9,4.45
BM-sheet_1-2484,beam,0.528,0.0,3.3,1.65
BM-sheet_1-2485,beam,0.304,0.0,1.9,0.95
BM-sheet_1-2486,beam,0.4992,0.0,3.12,1.56
BM-sheet_1-2487,beam,0.2336,0.0,1.46,0.73
BM-sheet_1-2488,beam,1.1392,0.0,7.12,3.56
BM-sheet_1-2489,beam,0.3936,0.0,2.46,1.23
BM-sheet_1-2490,beam,1.7984,0.0,11.24,5.62
BM-sheet_1-2491,beam,1.072,0.0,6.7,3.35
BM-sheet_1-2492,beam,0.368,0.0,2.3,1.15
BM-sheet_1-2493,beam,1.8432,0.0,11.52,5.76
BM-sheet_1-2494,beam,1.4432,0.0,9.02,4.51
BM-sheet_1-2495,beam,1.0016,0.0,6.26,3.13
BM-sheet_1-2496,beam,0.7536,0.0,4.71,2.355
BM-sheet_1-2497,beam,2.5664,0.0,16.04,8.02
BM-sheet_1-2498,beam,0.704,0.0,4.4,2.2
BM-sheet_1-2499,beam,0.224,0.0,1.4,0.7
BM-sheet_1-2500,beam,1.1904,0.0,7.44,3.72
BM-sheet_1-2501,beam,3.3152,0.0,20.72,10.36
BM-sheet_1-2502,beam,1.1904,0.0,7.44,3.72
BM-sheet_1-2503,beam,0.704,0.0,4.4,2.2
BM-sheet_1-2504,beam,0.224,0.0,1.4,0.7
BM-sheet_1-2505,beam,2.3584,0.0,14.74,7.37
BM-sheet_1-2506,beam,0.4,0.0,2.5,1.25
BM-sheet_1-2507,beam,2.5664,0.0,16.04,8.02
BM-sheet_1-2508,beam,0.224,0.0,1.4,0.7
BM-sheet_1-2509,beam,0.704,0.0,4.4,2.2
BM-sheet_1-2510,beam,1.1904,0.0,7.44,3.72
BM-sheet_1-2511,beam,3.4013,0.0,21.258,10.629
BM-sheet_1-2512,beam,0.9504,0.0,5.94,2.97
BM-sheet_1-2513,beam,0.832,0.0,5.2,2.6
BM-sheet_1-2514,beam,0.56,0.0,3.5,1.75
BM-sheet_1-2515,beam,1.4656,0.0,9.16,4.58
BM-sheet_1-2516,beam,1.0784,0.0,6.74,3.37
BM-sheet_1-2517,beam,0.736,0.0,4.6,2.3
BM-sheet_1-2518,beam,1.7024,0.0,10.64,5.32
BM-sheet_1-2519,beam,1.2394,0.0,7.746,3.873
BM-sheet_1-2520,beam,1.3179,0.0,8.237,4.118
BM-sheet_1-2521,beam,0.1066,0.0,0.667,0.333
BM-sheet_1-2522,beam,0.9344,0.0,5.84,2.92
BM-sheet_1-2523,beam,1.2304,0.0,7.69,3.845
BM-sheet_1-2524,beam,1.44,0.0,9.0,4.5
BM-sheet_1-2525,beam,0.448,0.0,2.8,1.4
BM-sheet_1-2526,beam,1.5232,0.0,9.52,4.76
BM-sheet_1-2527,beam,0.368,0.0,2.3,1.15
BM-sheet_1-2528,beam,1.072,0.0,6.7,3.35
BM-sheet_1-2529,beam,1.232,0.0,7.7,3.85
BM-sheet_1-2530,beam,0.368,0.0,2.3,1.15
BM-sheet_1-2531,beam,1.8432,0.0,11.52,5.76
BM-sheet_1-2532,beam,0.448,0.0,2.8,1.4
BM-sheet_1-2533,beam,1.44,0.0,9.0,4.5
BM-sheet_1-2534,beam,1.3904,0.0,8.69,4.345
BM-sheet_1-2535,beam,1.0304,0.0,6.44,3.22
BM-sheet_1-2536,beam,0.2721,0.0,1.701,0.85
BM-sheet_1-2537,beam,1.2502,0.0,7.814,3.907
BM-sheet_1-2538,beam,1.3318,0.0,8.324,4.162
BM-sheet_1-2539,beam,1.7024,0.0,10.64,5.32
BM-sheet_1-2540,beam,0.896,0.0,5.6,2.8
BM-sheet_1-2541,beam,1.0784,0.0,6.74,3.37
BM-sheet_1-2542,beam,1.4656,0.0,9.16,4.58
BM-sheet_1-2543,beam,0.56,0.0,3.5,1.75
BM-sheet_1-2544,beam,1.152,0.0,7.2,3.6
BM-sheet_1-2545,beam,0.9504,0.0,5.94,2.97
BM-sheet_1-2546,beam,1.1232,0.0,7.02,3.51
BM-sheet_1-2547,beam,0.3328,0.0,2.08,1.04
BM-sheet_1-2548,beam,1.04,0.0,6.5,3.25
BM-sheet_1-2549,beam,1.9328,0.0,12.08,6.04
BM-sheet_1-2550,beam,0.544,0.0,3.4,1.7
BM-sheet_1-2551,beam,1.728,0.0,10.8,5.4
BM-sheet_1-2552,beam,0.6304,0.0,3.94,1.97
BM-sheet_1-2553,beam,0.128,0.0,0.8,0.4
BM-sheet_1-2554,beam,1.232,0.0,7.7,3.85
BM-sheet_1-2555,beam,1.7248,0.0,10.78,5.39
BM-sheet_1-2556,beam,2.56,0.0,16.0,8.0
BM-sheet_1-2557,beam,1.744,0.0,10.9,5.45
BM-sheet_1-2558,beam,0.6028,0.0,3.768,1.884
BM-sheet_1-2559,beam,1.1724,0.0,7.328,3.664
BM-sheet_1-2560,beam,0.9664,0.0,6.04,3.02
BM-sheet_1-2561,beam,0.5984,0.0,3.74,1.87
BM-sheet_1-2562,beam,0.8608,0.0,5.38,2.69
BM-sheet_1-2563,beam,2.0704,0.0,12.94,6.47
BM-sheet_1-2564,beam,0.432,0.0,2.7,1.35
BM-sheet_1-2565,beam,0.4,0.0,2.5,1.25
BM-sheet_1-2566,beam,0.4992,0.0,3.12,1.56
BM-sheet_1-2567,beam,0.3936,0.0,2.46,1.23
BM-sheet_1-2568,beam,0.16,0.0,1.0,0.5
BM-sheet_1-2569,beam,1.1904,0.0,7.44,3.72
BM-sheet_1-2570,beam,2.4,0.0,15.0,7.5
BM-sheet_1-2571,beam,0.1692,0.0,1.058,0.529
BM-sheet_1-2572,beam,1.1904,0.0,7.44,3.72
BM-sheet_1-2573,beam,0.6336,0.0,3.96,1.98
BM-sheet_1-2574,beam,0.832,0.0,5.2,2.6
BM-sheet_1-2575,beam,0.4608,0.0,2.88,1.44
BM-sheet_1-2576,beam,1.0624,0.0,6.64,3.32
BM-sheet_1-2577,beam,1.2796,0.0,7.998,3.999
BM-sheet_1-2578,beam,1.488,0.0,9.3,4.65
BM-sheet_1-2579,beam,1.344,0.0,8.4,4.2
BM-sheet_1-2580,beam,1.68,0.0,10.5,5.25
BM-sheet_1-2581,beam,0.96,0.0,6.0,3.0
BM-sheet_1-2582,beam,0.4608,0.0,2.88,1.44
BM-sheet_1-2583,beam,1.0624,0.0,6.64,3.32
BM-sheet_1-2584,beam,0.992,0.0,6.2,3.1
BM-sheet_1-2585,beam,0.6336,0.0,3.96,1.98
BM-sheet_1-2586,beam,2.5184,0.0,15.74,7.87
BM-sheet_1-2587,beam,0.224,0.0,1.4,0.7
BM-sheet_1-2588,beam,0.704,0.0,4.4,2.2
BM-sheet_1-2589,beam,1.1904,0.0,7.44,3.72
BM-sheet_1-2590,beam,0.138,0.0,0.862,0.431
BM-sheet_1-2591,beam,2.4,0.0,15.0,7.5
BM-sheet_1-2592,beam,0.2973,0.0,1.858,0.929
BM-sheet_1-2593,beam,1.1904,0.0,7.44,3.72
BM-sheet_1-2594,beam,0.704,0.0,4.4,2.2
BM-sheet_1-2595,beam,0.224,0.0,1.4,0.7
BM-sheet_1-2596,beam,0.854,0.0,5.338,2.669
BM-sheet_1-2597,beam,0.3936,0.0,2.46,1.23
BM-sheet_1-2598,beam,0.6912,0.0,4.32,2.16
BM-sheet_1-2599,beam,1.152,0.0,7.2,3.6
BM-sheet_1-2600,beam,0.4,0.0,2.5,1.25
BM-sheet_1-2601,beam,1.44,0.0,9.0,4.5
BM-sheet_1-2602,beam,1.3216,0.0,8.26,4.13
BM-sheet_1-2603,beam,0.7056,0.0,4.41,2.205
BM-sheet_1-2604,beam,0.224,0.0,1.4,0.7
BM-sheet_1-2605,beam,1.9504,0.0,12.19,6.095
BM-sheet_1-2606,beam,0.16,0.0,1.0,0.5
BM-sheet_1-2607,beam,1.6929,0.0,10.581,5.29
BM-sheet_1-2608,beam,1.5392,0.0,9.62,4.81
BM-sheet_1-2609,beam,1.3904,0.0,8.69,4.345
BM-sheet_1-2610,beam,0.5057,0.0,3.161,1.58
BM-sheet_1-2611,beam,0.7817,0.0,4.886,2.443
BM-sheet_1-2612,beam,0.3521,0.0,2.201,1.1
BM-sheet_1-2613,beam,1.6956,0.0,10.597,5.299
BM-sheet_1-2614,beam,0.5936,0.0,3.71,1.855
BM-sheet_1-2615,beam,1.248,0.0,7.8,3.9
BM-sheet_1-2616,beam,0.6304,0.0,3.94,1.97
BM-sheet_1-2617,beam,0.448,0.0,2.8,1.4
BM-sheet_1-2618,beam,1.456,0.0,9.1,4.55
BM-sheet_1-2619,beam,1.6288,0.0,10.18,5.09
BM-sheet_1-2620,beam,1.8656,0.0,11.66,5.83
BM-sheet_1-2621,beam,1.904,0.0,11.9,5.95
BM-sheet_1-2622,beam,0.4224,0.0,2.64,1.32
BM-sheet_1-2623,beam,2.2208,0.0,13.88,6.94
BM-sheet_1-2624,beam,1.4912,0.0,9.32,4.66
BM-sheet_1-2625,beam,2.3904,0.0,14.94,7.47
BM-sheet_1-2626,beam,0.4224,0.0,2.64,1.32
BM-sheet_1-2627,beam,0.4,0.0,2.5,1.25
BM-sheet_1-2628,beam,0.4992,0.0,3.12,1.56
BM-sheet_1-2629,beam,0.3552,0.0,2.22,1.11
BM-sheet_1-2630,beam,0.5152,0.0,3.22,1.61
BM-sheet_1-2631,beam,0.4992,0.0,3.12,1.56
BM-sheet_1-2632,beam,0.4,0.0,2.5,1.25
BM-sheet_1-2633,beam,0.4224,0.0,2.64,1.32
BM-sheet_1-2634,beam,2.2988,0.0,14.368,7.184
BM-sheet_1-2635,beam,1.4912,0.0,9.32,4.66
BM-sheet_1-2636,beam,2.2304,0.0,13.94,6.97
BM-sheet_1-2637,beam,1.8656,0.0,11.66,5.83
BM-sheet_1-2638,beam,1.904,0.0,11.9,5.95
BM-sheet_1-2639,beam,0.5004,0.0,3.128,1.564
BM-sheet_1-2640,beam,1.296,0.0,8.1,4.05
BM-sheet_1-2641,beam,1.6288,0.0,10.18,5.09
BM-sheet_1-2642,beam,0.448,0.0,2.8,1.4
BM-sheet_1-2643,beam,0.6304,0.0,3.94,1.97
BM-sheet_1-2644,beam,1.456,0.0,9.1,4.55
BM-sheet_1-2645,beam,0.544,0.0,3.4,1.7
BM-sheet_1-2646,beam,0.16,0.0,1.0,0.5
BM-sheet_1-2647,beam,2.88,0.0,18.0,9.0
BM-sheet_1-2648,beam,0.9952,0.0,6.22,3.11
BM-sheet_1-2649,beam,1.1072,0.0,6.92,3.46
BM-sheet_1-2650,beam,0.704,0.0,4.4,2.2
BM-sheet_1-2651,beam,1.1904,0.0,7.44,3.72
BM-sheet_1-2652,beam,1.626,0.0,10.162,5.081
BM-sheet_1-2653,beam,1.4652,0.0,9.158,4.579
BM-sheet_1-2654,beam,1.1904,0.0,7.44,3.72
BM-sheet_1-2655,beam,0.704,0.0,4.4,2.2
BM-sheet_1-2656,beam,0.224,0.0,1.4,0.7
BM-sheet_1-2657,beam,2.5184,0.0,15.74,7.87
BM-sheet_1-2658,beam,0.16,0.0,1.0,0.5
BM-sheet_1-2659,beam,1.466,0.0,9.162,4.581
BM-sheet_1-2660,beam,1.3052,0.0,8.158,4.079
BM-sheet_1-2661,beam,1.6,0.0,10.0,5.0
BM-sheet_1-2662,beam,2.432,0.0,15.2,7.6
BM-sheet_1-2663,beam,2.432,0.0,15.2,7.6
BM-sheet_1-2664,beam,2.432,0.0,15.2,7.6
BM-sheet_1-2665,beam,2.24,0.0,14.0,7.0
BM-sheet_1-2666,beam,1.92,0.0,12.0,6.0
BM-sheet_1-2667,beam,1.328,0.0,8.3,4.15
BM-sheet_1-2668,beam,1.472,0.0,9.2,4.6
BM-sheet_1-2669,beam,1.344,0.0,8.4,4.2
BM-sheet_1-2670,beam,1.6,0.0,10.0,5.0
BM-sheet_1-2671,beam,1.584,0.0,9.9,4.95
BM-sheet_1-2672,beam,2.8464,0.0,17.79,8.895
BM-sheet_1-2673,beam,1.5168,0.0,9.48,4.74
BM-sheet_1-2674,beam,1.408,0.0,8.8,4.4
BM-sheet_1-2675,beam,1.472,0.0,9.2,4.6
BM-sheet_1-2676,beam,1.312,0.0,8.2,4.1
BM-sheet_1-2677,beam,2.24,0.0,14.0,7.0
BM-sheet_1-2678,beam,1.92,0.0,12.0,6.0
BM-sheet_1-2679,beam,1.6,0.0,10.0,5.0
BM-sheet_1-2680,beam,1.584,0.0,9.9,4.95
BM-sheet_1-2681,beam,1.344,0.0,8.4,4.2
BM-sheet_1-2682,beam,1.44,0.0,9.0,4.5
BM-sheet_1-2683,beam,1.376,0.0,8.6,4.3
BM-sheet_1-2684,beam,0.1193,0.0,0.746,0.373
BM-sheet_1-2685,beam,1.3125,0.0,8.203,4.102
BM-sheet_1-2686,beam,1.4272,0.0,8.92,4.46
BM-sheet_1-2687,beam,0.8608,0.0,5.38,2.69
BM-sheet_1-2688,beam,0.4736,0.0,2.96,1.48
BM-sheet_1-2689,beam,1.6,0.0,10.0,5.0
BM-sheet_1-2690,beam,1.5498,0.0,9.686,4.843
BM-sheet_1-2691,beam,1.3376,0.0,8.36,4.18
BM-sheet_1-2692,beam,0.96,0.0,6.0,3.0
BM-sheet_1-2693,beam,1.4596,0.0,9.123,4.561
BM-sheet_1-2694,beam,1.3509,0.0,8.443,4.222
BM-sheet_1-2695,beam,2.24,0.0,14.0,7.0
BM-sheet_1-2696,beam,1.584,0.0,9.9,4.95
BM-sheet_1-2697,beam,2.432,0.0,15.2,7.6
BM-sheet_1-2698,beam,2.432,0.0,15.2,7.6
BM-sheet_1-2699,beam,2.24,0.0,14.0,7.0
BM-sheet_1-2700,beam,0.992,0.0,6.2,3.1
BM-sheet_1-2701,beam,1.6162,0.0,10.101,5.051
BM-sheet_1-2702,beam,1.92,0.0,12.0,6.0
BM-sheet_1-2703,beam,1.584,0.0,9.9,4.95
BM-sheet_1-2704,beam,1.0866,0.0,6.791,3.396
BM-sheet_1-2705,beam,1.7353,0.0,10.846,5.423
BM-sheet_1-2706,beam,1.4272,0.0,8.92,4.46
BM-sheet_1-2707,beam,1.6054,0.0,10.034,5.017
BM-sheet_1-2708,beam,1.4758,0.0,9.224,4.612
BM-sheet_1-2709,beam,1.6461,0.0,10.288,5.144
BM-sheet_1-2710,beam,0.8608,0.0,5.38,2.69
BM-sheet_1-2711,beam,0.4416,0.0,2.76,1.38
BM-sheet_1-2712,beam,1.3408,0.0,8.38,4.19
BM-sheet_1-2713,beam,1.6,0.0,10.0,5.0
BM-sheet_1-2714,beam,1.6,0.0,10.0,5.0
BM-sheet_1-2715,beam,1.6162,0.0,10.101,5.051
BM-sheet_1-2716,beam,1.3509,0.0,8.443,4.222
BM-sheet_1-2717,beam,0.912,0.0,5.7,2.85
BM-sheet_1-2718,beam,0.124,0.0,0.775,0.387
BM-sheet_1-2719,beam,0.96,0.0,6.0,3.0
BM-sheet_1-2720,beam,1.28,0.0,8.0,4.0
BM-sheet_1-2721,beam,1.92,0.0,12.0,6.0
BM-sheet_1-2722,beam,0.992,0.0,6.2,3.1
BM-sheet_1-2723,beam,2.24,0.0,14.0,7.0
BM-sheet_1-2724,beam,2.272,0.0,14.2,7.1
BM-sheet_1-2725,beam,4.473,0.0,17.75,7.1
BM-sheet_1-2726,beam,1.638,0.0,6.5,2.6
BM-sheet_1-2727,beam,1.638,0.0,6.5,2.6
BM-sheet_1-2728,beam,1.9968,0.0,12.48,6.24
BM-sheet_1-2729,beam,1.9968,0.0,12.48,6.24
BM-sheet_1-2730,beam,2.4832,0.0,15.52,7.76
BM-sheet_1-2731,beam,1.9968,0.0,12.48,6.24
BM-sheet_1-2732,beam,2.4832,0.0,15.52,7.76
BM-sheet_1-2733,beam,1.9968,0.0,12.48,6.24
BM-sheet_1-2734,beam,1.2494,0.0,7.809,3.904
BM-sheet_1-2735,beam,2.24,0.0,14.0,7.0
BM-sheet_1-2736,beam,2.1084,0.0,9.371,3.904
BM-sheet_1-2737,beam,2.2112,0.0,13.82,6.91
BM-sheet_1-2738,beam,2.24,0.0,14.0,7.0
BM-sheet_1-2739,beam,3.9616,0.0,24.76,12.38
BM-sheet_1-2740,beam,1.2784,0.0,7.99,3.995
BM-sheet_1-2741,beam,1.5456,0.0,9.66,4.83
BM-sheet_1-2742,beam,0.9728,0.0,6.08,3.04
BM-sheet_1-2743,beam,0.768,0.0,4.8,2.4
BM-sheet_1-2744,beam,1.0048,0.0,6.28,3.14
BM-sheet_1-2745,beam,0.768,0.0,4.8,2.4
BM-sheet_1-2746,beam,1.0048,0.0,6.28,3.14
BM-sheet_1-2747,beam,1.5216,0.0,9.51,4.755
BM-sheet_1-2748,beam,1.0751,0.0,6.719,3.36
BM-sheet_1-2749,beam,0.544,0.0,3.4,1.7
BM-sheet_1-2750,beam,1.616,0.0,10.1,5.05
BM-sheet_1-2751,beam,0.208,0.0,1.3,0.65
BM-sheet_1-2752,beam,0.704,0.0,4.4,2.2
BM-sheet_1-2753,beam,2.24,0.0,14.0,7.0
BM-sheet_1-2754,beam,0.704,0.0,4.4,2.2
BM-sheet_1-2755,beam,2.24,0.0,14.0,7.0
BM-sheet_1-2756,beam,1.9968,0.0,12.48,6.24
BM-sheet_1-2757,beam,2.4832,0.0,15.52,7.76
BM-sheet_1-2758,beam,2.4832,0.0,15.52,7.76
BM-sheet_1-2759,beam,1.9968,0.0,12.48,6.24
BM-sheet_1-2760,beam,0.16,0.0,1.0,0.5
BM-sheet_1-2761,beam,0.16,0.0,1.0,0.5
BM-sheet_1-2762,beam,1.014,0.0,6.338,3.169
BM-sheet_1-2763,beam,0.224,0.0,1.4,0.7
BM-sheet_1-2764,beam,0.384,0.0,2.4,1.2
BM-sheet_1-2765,beam,0.384,0.0,2.4,1.2
BM-sheet_1-2766,beam,0.224,0.0,1.4,0.7
BM-sheet_1-2767,beam,2.5184,0.0,15.74,7.87
BM-sheet_1-2768,beam,0.6304,0.0,3.94,1.97
BM-sheet_1-2769,beam,2.128,0.0,13.3,6.65
BM-sheet_1-2770,beam,0.2385,0.0,1.219,0.53
BM-sheet_1-2771,beam,0.702,0.0,3.588,1.56
BM-sheet_1-2772,beam,0.5625,0.0,2.875,1.25
BM-sheet_1-2773,beam,2.1824,0.0,13.64,6.82
BM-sheet_1-2774,beam,0.4352,0.0,2.72,1.36
BM-sheet_1-2775,beam,2.56,0.0,16.0,8.0
BM-sheet_1-2776,beam,0.9552,0.0,5.97,2.985
BM-sheet_1-2777,beam,0.5359,0.0,3.349,1.675
BM-sheet_1-2778,beam,0.432,0.0,2.7,1.35
BM-sheet_1-2779,beam,0.4,0.0,2.5,1.25
BM-sheet_1-2780,beam,1.12,0.0,7.0,3.5
BM-sheet_1-2781,beam,1.3472,0.0,8.42,4.21
BM-sheet_1-2782,beam,1.472,0.0,9.2,4.6
BM-sheet_1-2783,beam,0.7264,0.0,4.54,2.27
BM-sheet_1-2784,beam,0.4992,0.0,3.12,1.56
BM-sheet_1-2785,beam,0.2336,0.0,1.46,0.73
BM-sheet_1-2786,beam,1.363,0.0,8.519,4.259
BM-sheet_1-2787,beam,0.928,0.0,5.8,2.9
BM-sheet_1-2788,beam,1.8208,0.0,11.38,5.69
BM-sheet_1-2789,beam,2.0547,0.0,12.842,6.421
BM-sheet_1-2790,beam,0.16,0.0,1.0,0.5
BM-sheet_1-2791,beam,2.0613,0.0,12.883,6.441
BM-sheet_1-2792,beam,5.8779,0.0,36.737,18.368
BM-sheet_1-2793,beam,0.9824,0.0,6.14,3.07
BM-sheet_1-2794,beam,3.664,0.0,22.9,11.45
BM-sheet_1-2795,beam,1.7248,0.0,10.78,5.39
BM-sheet_1-2796,beam,3.5665,0.0,10.447,3.603
BM-sheet_1-2797,beam,2.7829,0.0,17.393,8.697
BM-sheet_1-2798,beam,1.168,0.0,7.3,3.65
BM-sheet_1-2799,beam,0.7329,0.0,4.581,2.29
BM-sheet_1-2800,beam,1.7248,0.0,10.78,5.39
BM-sheet_1-2801,beam,1.1835,0.0,6.049,2.63
BM-sheet_1-2802,beam,1.12,0.0,7.0,3.5
BM-sheet_1-2803,beam,0.8416,0.0,5.26,2.63
BM-sheet_1-2804,beam,2.268,0.0,11.592,5.04
BM-sheet_1-2805,beam,2.24,0.0,14.0,7.0
BM-sheet_1-2806,beam,0.3139,0.0,1.962,0.981
BM-sheet_1-2807,beam,0.3425,0.0,2.141,1.07
BM-sheet_1-2808,beam,2.24,0.0,14.0,7.0
BM-sheet_1-2809,beam,1.5297,0.0,9.561,4.78
BM-sheet_1-2810,beam,2.5156,0.0,15.722,7.861
BM-sheet_1-2811,beam,2.7824,0.0,17.39,8.695
BM-sheet_1-2812,beam,1.2256,0.0,7.66,3.83
BM-sheet_1-2813,beam,1.2544,0.0,7.84,3.92
BM-sheet_1-2814,beam,1.2704,0.0,7.94,3.97
BM-sheet_1-2815,beam,5.0544,0.0,22.464,9.36
BM-sheet_1-2816,beam,1.2704,0.0,7.94,3.97
BM-sheet_1-2817,beam,0.448,0.0,2.8,1.4
BM-sheet_1-2818,beam,2.6843,0.0,16.777,8.389
BM-sheet_1-2819,beam,0.224,0.0,1.4,0.7
BM-sheet_1-2820,beam,2.9952,0.0,18.72,9.36
BM-sheet_1-2821,beam,1.1897,0.0,7.436,3.718
BM-sheet_1-2822,beam,0.224,0.0,1.4,0.7
BM-sheet_1-2823,beam,2.5664,0.0,16.04,8.02
BM-sheet_1-2824,beam,0.16,0.0,1.0,0.5
BM-sheet_1-2825,beam,2.6784,0.0,16.74,8.37
BM-sheet_1-2826,beam,0.224,0.0,1.4,0.7
BM-sheet_1-2827,beam,0.384,0.0,2.4,1.2
BM-sheet_1-2828,beam,0.704,0.0,4.4,2.2
BM-sheet_1-2829,beam,1.1904,0.0,7.44,3.72
BM-sheet_1-2830,beam,2.9952,0.0,18.72,9.36
BM-sheet_1-2831,beam,1.1904,0.0,7.44,3.72
BM-sheet_1-2832,beam,0.384,0.0,2.4,1.2
BM-sheet_1-2833,beam,0.224,0.0,1.4,0.7
BM-sheet_1-2834,beam,2.6784,0.0,16.74,8.37
BM-sheet_1-2835,beam,2.88,0.0,18.0,9.0
BM-sheet_1-2836,beam,2.464,0.0,15.4,7.7
BM-sheet_1-2837,beam,6.2175,0.0,38.859,19.43
BM-sheet_1-2838,beam,0.976,0.0,6.1,3.05
BM-sheet_1-2839,beam,1.6448,0.0,10.28,5.14
BM-sheet_1-2840,beam,0.4864,0.0,3.04,1.52
BM-sheet_1-2841,beam,0.16,0.0,1.0,0.5
BM-sheet_1-2842,beam,1.216,0.0,7.6,3.8
BM-sheet_1-2843,beam,1.2928,0.0,8.08,4.04
BM-sheet_1-2844,beam,1.6832,0.0,10.52,5.26
BM-sheet_1-2845,beam,2.512,0.0,15.7,7.85
BM-sheet_1-2846,beam,1.664,0.0,10.4,5.2
BM-sheet_1-2847,beam,1.664,0.0,10.4,5.2
BM-sheet_1-2848,beam,0.2367,0.0,1.479,0.74
BM-sheet_1-2849,beam,0.8464,0.0,5.29,2.645
BM-sheet_1-2850,beam,0.912,0.0,5.7,2.85
BM-sheet_1-2851,beam,1.184,0.0,7.4,3.7
BM-sheet_1-2852,beam,1.0687,0.0,6.679,3.34
BM-sheet_1-2853,beam,0.7589,0.0,4.743,2.372
BM-sheet_1-2854,beam,0.2834,0.0,1.771,0.886
BM-sheet_1-2855,beam,1.125,0.0,7.032,3.516
BM-sheet_1-2856,beam,0.8352,0.0,5.22,2.61
BM-sheet_1-2857,beam,1.568,0.0,9.8,4.9
BM-sheet_1-2858,beam,0.8352,0.0,5.22,2.61
BM-sheet_1-2859,beam,0.4382,0.0,2.738,1.369
BM-sheet_1-2860,beam,0.5759,0.0,3.599,1.8
BM-sheet_1-2861,beam,1.0845,0.0,6.778,3.389
BM-sheet_1-2862,beam,1.5216,0.0,9.51,4.755
BM-sheet_1-2863,beam,1.0144,0.0,6.34,3.17
BM-sheet_1-2864,beam,0.576,0.0,3.6,1.8
BM-sheet_1-2865,beam,2.1728,0.0,13.58,6.79
BM-sheet_1-2866,beam,0.3776,0.0,2.36,1.18
BM-sheet_1-2867,beam,1.184,0.0,7.4,3.7
BM-sheet_1-2868,beam,2.9952,0.0,18.72,9.36
BM-sheet_1-2869,beam,1.0944,0.0,6.84,3.42
BM-sheet_1-2870,beam,1.2256,0.0,7.66,3.83
BM-sheet_1-2871,beam,2.2624,0.0,14.14,7.07
BM-sheet_1-2872,beam,0.416,0.0,2.6,1.3
BM-sheet_1-2873,beam,0.8832,0.0,5.52,2.76
BM-sheet_1-2874,beam,1.0432,0.0,6.52,3.26
BM-sheet_1-2875,beam,0.848,0.0,5.3,2.65
BM-sheet_1-2876,beam,0.736,0.0,4.6,2.3
BM-sheet_1-2877,beam,2.0384,0.0,12.74,6.37
BM-sheet_1-2878,beam,0.384,0.0,2.4,1.2
BM-sheet_1-2879,beam,0.224,0.0,1.4,0.7
BM-sheet_1-2880,beam,2.88,0.0,18.0,9.0
BM-sheet_1-2881,beam,0.225,0.0,1.15,0.5
BM-sheet_1-2882,beam,0.384,0.0,2.4,1.2
BM-sheet_1-2883,beam,1.1904,0.0,7.44,3.72
BM-sheet_1-2884,beam,2.9952,0.0,18.72,9.36
BM-sheet_1-2885,beam,1.1904,0.0,7.44,3.72
BM-sheet_1-2886,beam,0.384,0.0,2.4,1.2
BM-sheet_1-2887,beam,1.6816,0.0,10.51,5.255
BM-sheet_1-2888,beam,2.528,0.0,15.8,7.9
BM-sheet_1-2889,beam,1.0432,0.0,6.52,3.26
BM-sheet_1-2890,beam,1.1232,0.0,7.02,3.51
BM-sheet_1-2891,beam,0.6278,0.0,3.924,1.962
BM-sheet_1-2892,beam,1.1695,0.0,7.309,3.655
BM-sheet_1-2893,beam,1.1712,0.0,7.32,3.66
BM-sheet_1-2894,beam,0.8384,0.0,5.24,2.62
BM-sheet_1-2895,beam,2.0128,0.0,12.58,6.29
BM-sheet_1-2896,beam,3.3768,0.0,13.4,5.36
BM-sheet_1-2897,beam,1.9744,0.0,12.34,6.17
BM-sheet_1-2898,beam,1.312,0.0,8.2,4.1
BM-sheet_1-2899,beam,3.2544,0.0,20.34,10.17
BM-sheet_1-2900,beam,2.464,0.0,15.4,7.7
BM-sheet_1-2901,beam,2.464,0.0,15.4,7.7
BM-sheet_1-2902,beam,1.584,0.0,9.9,4.95
BM-sheet_1-2903,beam,1.824,0.0,11.4,5.7
BM-sheet_1-2904,beam,0.9223,0.0,5.764,2.882
BM-sheet_1-2905,beam,0.8156,0.0,5.097,2.549
BM-sheet_1-2906,beam,1.1392,0.0,7.12,3.56
BM-sheet_1-2907,beam,1.1488,0.0,7.18,3.59
BM-sheet_1-2908,beam,1.3904,0.0,8.69,4.345
BM-sheet_1-2909,beam,1.2192,0.0,7.62,3.81
BM-sheet_1-2910,beam,1.2285,0.0,7.678,3.839
BM-sheet_1-2911,beam,2.6836,0.0,16.772,8.386
BM-sheet_1-2912,beam,0.224,0.0,1.4,0.7
BM-sheet_1-2913,beam,0.384,0.0,2.4,1.2
BM-sheet_1-2914,beam,0.384,0.0,2.4,1.2
BM-sheet_1-2915,beam,0.224,0.0,1.4,0.7
BM-sheet_1-2916,beam,1.2832,0.0,8.02,4.01
BM-sheet_1-2917,beam,0.996,0.0,6.225,3.113
BM-sheet_1-2918,beam,2.528,0.0,15.8,7.9
BM-sheet_1-2919,beam,0.368,0.0,2.3,1.15
BM-sheet_1-2920,beam,1.5232,0.0,9.52,4.76
BM-sheet_1-2921,beam,0.448,0.0,2.8,1.4
BM-sheet_1-2922,beam,1.072,0.0,6.7,3.35
BM-sheet_1-2923,beam,1.346,0.0,8.412,4.206
BM-sheet_1-2924,beam,2.4784,0.0,15.49,7.745
BM-sheet_1-2925,beam,2.464,0.0,15.4,7.7
BM-sheet_1-2926,beam,2.464,0.0,15.4,7.7
BM-sheet_1-2927,beam,0.1156,0.0,0.723,0.361
BM-sheet_1-2928,beam,0.119,0.0,0.744,0.372
BM-sheet_1-2929,beam,2.1888,0.0,13.68,6.84
BM-sheet_1-2930,beam,1.6192,0.0,10.12,5.06
BM-sheet_1-2931,beam,0.896,0.0,5.6,2.8
BM-sheet_1-2932,beam,1.1744,0.0,7.34,3.67
BM-sheet_1-2933,beam,0.4224,0.0,2.64,1.32
BM-sheet_1-2934,beam,0.4,0.0,2.5,1.25
BM-sheet_1-2935,beam,0.4992,0.0,3.12,1.56
BM-sheet_1-2936,beam,0.2913,0.0,1.821,0.91
BM-sheet_1-2937,beam,0.384,0.0,2.4,1.2
BM-sheet_1-2938,beam,2.5664,0.0,16.04,8.02
BM-sheet_1-2939,beam,2.6784,0.0,16.74,8.37
BM-sheet_1-2940,beam,0.4,0.0,2.5,1.25
BM-sheet_1-2941,beam,0.224,0.0,1.4,0.7
BM-sheet_1-2942,beam,0.384,0.0,2.4,1.2
BM-sheet_1-2943,beam,1.1904,0.0,7.44,3.72
BM-sheet_1-2944,beam,2.9952,0.0,18.72,9.36
BM-sheet_1-2945,beam,1.1904,0.0,7.44,3.72
BM-sheet_1-2946,beam,0.384,0.0,2.4,1.2
BM-sheet_1-2947,beam,0.224,0.0,1.4,0.7
BM-sheet_1-2948,beam,2.5664,0.0,16.04,8.02
BM-sheet_1-2949,beam,0.7536,0.0,4.71,2.355
BM-sheet_1-2950,beam,0.6528,0.0,4.08,2.04
BM-sheet_1-2951,beam,0.4768,0.0,2.98,1.49
BM-sheet_1-2952,beam,1.0912,0.0,6.82,3.41
BM-sheet_1-2953,beam,1.0224,0.0,6.39,3.195
BM-sheet_1-2954,beam,1.44,0.0,9.0,4.5
BM-sheet_1-2955,beam,0.448,0.0,2.8,1.4
BM-sheet_1-2956,beam,1.5232,0.0,9.52,4.76
BM-sheet_1-2957,beam,0.368,0.0,2.3,1.15
BM-sheet_1-2958,beam,0.448,0.0,2.8,1.4
BM-sheet_1-2959,beam,1.44,0.0,9.0,4.5
BM-sheet_1-2960,beam,1.1824,0.0,7.39,3.695
BM-sheet_1-2961,beam,1.072,0.0,6.7,3.35
BM-sheet_1-2962,beam,1.7984,0.0,11.24,5.62
BM-sheet_1-2963,beam,0.3936,0.0,2.46,1.23
BM-sheet_1-2964,beam,1.4592,0.0,9.12,4.56
BM-sheet_1-2965,beam,0.2336,0.0,1.46,0.73
BM-sheet_1-2966,beam,0.4992,0.0,3.12,1.56
BM-sheet_1-2967,beam,0.304,0.0,1.9,0.95
BM-sheet_1-2968,beam,0.528,0.0,3.3,1.65
BM-sheet_1-2969,beam,1.2064,0.0,7.54,3.77
BM-sheet_1-2970,beam,5.12,0.0,32.0,16.0
BM-sheet_1-2971,beam,1.1712,0.0,7.32,3.66
BM-sheet_1-2972,beam,1.9328,0.0,12.08,6.04
BM-sheet_1-2973,beam,0.544,0.0,3.4,1.7
BM-sheet_1-2974,beam,2.048,0.0,12.8,6.4
BM-sheet_1-2975,beam,1.36,0.0,8.5,4.25
BM-sheet_1-2976,beam,0.3328,0.0,2.08,1.04
BM-sheet_1-2977,beam,0.8032,0.0,5.02,2.51
BM-sheet_1-2978,beam,0.6304,0.0,3.94,1.97
BM-sheet_1-2979,beam,1.232,0.0,7.7,3.85
BM-sheet_1-2980,beam,1.7248,0.0,10.78,5.39
BM-sheet_1-2981,beam,2.56,0.0,16.0,8.0
BM-sheet_1-2982,beam,1.744,0.0,10.9,5.45
BM-sheet_1-2983,beam,0.5248,0.0,3.28,1.64
BM-sheet_1-2984,beam,1.0944,0.0,6.84,3.42
BM-sheet_1-2985,beam,0.9664,0.0,6.04,3.02
BM-sheet_1-2986,beam,0.5984,0.0,3.74,1.87
BM-sheet_1-2987,beam,0.8608,0.0,5.38,2.69
BM-sheet_1-2988,beam,2.2304,0.0,13.94,6.97
BM-sheet_1-2989,beam,0.432,0.0,2.7,1.35
BM-sheet_1-2990,beam,0.4,0.0,2.5,1.25
BM-sheet_1-2991,beam,0.4992,0.0,3.12,1.56
BM-sheet_1-2992,beam,0.2336,0.0,1.46,0.73
BM-sheet_1-2993,beam,0.96,0.0,6.0,3.0
BM-sheet_1-2994,beam,1.68,0.0,10.5,5.25
BM-sheet_1-2995,beam,1.344,0.0,8.4,4.2
BM-sheet_1-2996,beam,1.2796,0.0,7.998,3.999
BM-sheet_1-2997,beam,1.488,0.0,9.3,4.65
BM-sheet_1-2998,beam,1.9504,0.0,12.19,6.095
BM-sheet_1-2999,beam,0.312,0.0,1.95,0.975
BM-sheet_1-3000,beam,0.224,0.0,1.4,0.7
BM-sheet_1-3001,beam,1.3216,0.0,8.26,4.13
BM-sheet_1-3002,beam,1.44,0.0,9.0,4.5
BM-sheet_1-3003,beam,0.6016,0.0,3.76,1.88
BM-sheet_1-3004,beam,1.088,0.0,6.8,3.4
BM-sheet_1-3005,beam,1.5232,0.0,9.52,4.76
BM-sheet_1-3006,beam,0.448,0.0,2.8,1.4
BM-sheet_1-3007,beam,1.44,0.0,9.0,4.5
BM-sheet_1-3008,beam,1.3904,0.0,8.69,4.345
BM-sheet_1-3009,beam,1.2192,0.0,7.62,3.81
BM-sheet_1-3010,beam,1.6325,0.0,10.203,5.101
BM-sheet_1-3011,beam,0.4,0.0,2.5,1.25
BM-sheet_1-3012,beam,0.832,0.0,5.2,2.6
BM-sheet_1-3013,beam,0.7232,0.0,4.52,2.26
BM-sheet_1-3014,beam,1.1072,0.0,6.92,3.46
BM-sheet_1-3015,beam,0.9952,0.0,6.22,3.11
BM-sheet_1-3016,beam,1.536,0.0,9.6,4.8
BM-sheet_1-3017,beam,2.6784,0.0,16.74,8.37
BM-sheet_1-3018,beam,1.088,0.0,6.8,3.4
BM-sheet_1-3019,beam,1.1904,0.0,7.44,3.72
BM-sheet_1-3020,beam,0.224,0.0,1.4,0.7
BM-sheet_1-3021,beam,0.384,0.0,2.4,1.2
BM-sheet_1-3022,beam,1.1904,0.0,7.44,3.72
BM-sheet_1-3023,beam,0.384,0.0,2.4,1.2
BM-sheet_1-3024,beam,0.576,0.0,3.6,1.8
BM-sheet_1-3025,beam,2.24,0.0,14.0,7.0
BM-sheet_1-3026,beam,0.704,0.0,4.4,2.2
BM-sheet_1-3027,beam,2.24,0.0,14.0,7.0
BM-sheet_1-3028,beam,0.704,0.0,4.4,2.2
BM-sheet_1-3029,beam,0.9151,0.0,5.719,2.86
BM-sheet_1-3030,beam,0.4672,0.0,2.92,1.46
BM-sheet_1-3031,beam,1.712,0.0,10.7,5.35
BM-sheet_1-3032,beam,0.6272,0.0,3.92,1.96
BM-sheet_1-3033,beam,1.68,0.0,10.5,5.25
BM-sheet_1-3034,beam,0.3233,0.0,2.021,1.01
BM-sheet_1-3035,beam,0.3233,0.0,2.021,1.01
BM-sheet_1-3036,beam,2.24,0.0,14.0,7.0
BM-sheet_1-3037,beam,2.24,0.0,14.0,7.0
BM-sheet_1-3038,beam,0.0975,0.0,0.609,0.305
BM-sheet_1-3039,beam,2.24,0.0,14.0,7.0
BM-sheet_1-3040,beam,1.28,0.0,8.0,4.0
BM-sheet_1-3041,beam,0.768,0.0,4.8,2.4
BM-sheet_1-3042,beam,0.768,0.0,4.8,2.4
BM-sheet_1-3043,beam,0.8575,0.0,5.36,2.68
BM-sheet_1-3044,beam,0.7984,0.0,4.99,2.495
BM-sheet_1-3045,beam,0.8645,0.0,5.403,2.701
BM-sheet_1-3046,beam,0.16,0.0,1.0,0.5
BM-sheet_1-3047,beam,2.304,0.0,14.4,7.2
BM-sheet_1-3048,beam,1.6136,0.0,10.085,5.043
BM-sheet_1-3049,beam,0.16,0.0,1.0,0.5
BM-sheet_1-3050,beam,1.3104,0.0,8.19,4.095
BM-sheet_1-3051,beam,0.736,0.0,4.6,2.3
BM-sheet_1-3052,beam,0.736,0.0,4.6,2.3
BM-sheet_1-3053,beam,1.1436,0.0,7.148,3.574
BM-sheet_1-3054,beam,1.1436,0.0,7.148,3.574
BM-sheet_1-3055,beam,1.1497,0.0,7.186,3.593
BM-sheet_1-3056,beam,1.1497,0.0,7.186,3.593
BM-sheet_1-3057,beam,2.9938,0.0,18.711,9.356
BM-sheet_1-3058,beam,2.9938,0.0,18.711,9.355
BM-sheet_1-3059,beam,2.3899,0.0,12.215,5.311
BM-sheet_1-3060,beam,2.3899,0.0,12.215,5.311
BM-sheet_1-3061,beam,0.7072,0.0,4.42,2.21
BM-sheet_1-3062,beam,0.7654,0.0,4.784,2.392
BM-sheet_1-3063,beam,0.9416,0.0,5.885,2.943
BM-sheet_1-3064,beam,0.9416,0.0,5.885,2.943
BM-sheet_1-3065,beam,0.692,0.0,4.325,2.162
BM-sheet_1-3066,beam,0.6089,0.0,3.805,1.903
BM-sheet_1-3067,beam,2.0148,0.0,8.955,3.731
BM-sheet_1-3068,beam,2.069,0.0,9.195,3.831
BM-sheet_1-3069,beam,1.971,0.0,8.76,3.65
BM-sheet_1-3070,beam,1.971,0.0,8.76,3.65
BM-sheet_1-3071,beam,1.5095,0.0,9.434,4.717
BM-sheet_1-3072,beam,1.2292,0.0,7.682,3.841
BM-sheet_1-3073,beam,1.0203,0.0,6.377,3.188
BM-sheet_1-3074,beam,1.0203,0.0,6.377,3.188
BM-sheet_1-3075,beam,3.7259,0.0,10.35,3.45
BM-sheet_1-3076,beam,3.7259,0.0,10.35,3.45
BM-sheet_1-3077,beam,1.701,0.0,6.75,2.7
BM-sheet_1-3078,beam,1.701,0.0,6.75,2.7
BM-sheet_1-3079,beam,1.1428,0.0,7.142,3.571
BM-sheet_1-3080,beam,1.168,0.0,7.3,3.65
BM-sheet_1-3081,beam,1.36,0.0,8.5,4.25
BM-sheet_1-3082,beam,1.36,0.0,8.5,4.25
BM-sheet_1-3083,beam,1.341,0.0,6.854,2.98
BM-sheet_1-3084,beam,1.3936,0.0,8.71,4.355
BM-sheet_1-3085,beam,1.3936,0.0,8.71,4.355
BM-sheet_1-3086,beam,2.2016,0.0,13.76,6.88
BM-sheet_1-3087,beam,1.4656,0.0,9.16,4.58
BM-sheet_1-3088,beam,0.4,0.0,2.5,1.25
BM-sheet_1-3089,beam,0.1856,0.0,1.16,0.58
BM-sheet_1-3090,beam,0.368,0.0,2.3,1.15
BM-sheet_1-3091,beam,0.288,0.0,1.8,0.9
BM-sheet_1-3092,beam,0.2656,0.0,1.66,0.83
BM-sheet_1-3093,beam,0.1856,0.0,1.16,0.58
BM-sheet_1-3094,beam,0.336,0.0,2.1,1.05
BM-sheet_1-3095,beam,0.352,0.0,2.2,1.1
BM-sheet_1-3096,beam,0.1984,0.0,1.24,0.62
BM-sheet_1-3097,beam,0.352,0.0,2.2,1.1
BM-sheet_1-3098,beam,0.288,0.0,1.8,0.9
BM-sheet_1-3099,beam,0.1344,0.0,0.84,0.42
BM-sheet_1-3100,beam,0.4736,0.0,2.96,1.48
BM-sheet_1-3101,beam,0.4736,0.0,2.96,1.48
BM-sheet_1-3102,beam,1.6192,0.0,10.12,5.06
BM-sheet_1-3103,beam,0.832,0.0,5.2,2.6
BM-sheet_1-3104,beam,1.5552,0.0,9.72,4.86
BM-sheet_1-3105,beam,1.2672,0.0,7.92,3.96
BM-sheet_1-3106,beam,0.288,0.0,1.8,0.9
BM-sheet_1-3107,beam,1.0944,0.0,6.84,3.42
BM-sheet_1-3108,beam,0.5457,0.0,3.411,1.705
BM-sheet_1-3109,beam,0.8655,0.0,5.409,2.705
BM-sheet_1-3110,beam,0.232,0.0,1.45,0.725
BM-sheet_1-3111,beam,0.232,0.0,1.45,0.725
BM-sheet_1-3112,beam,0.312,0.0,1.95,0.975
BM-sheet_1-3113,beam,0.232,0.0,1.45,0.725
BM-sheet_1-3114,beam,0.9568,0.0,5.98,2.99
BM-sheet_1-3115,beam,0.736,0.0,4.6,2.3
BM-sheet_1-3116,beam,0.8,0.0,5.0,2.5
BM-sheet_1-3117,beam,0.736,0.0,4.6,2.3
BM-sheet_1-3118,beam,0.1664,0.0,1.04,0.52
BM-sheet_1-3119,beam,1.1744,0.0,7.34,3.67
BM-sheet_1-3120,beam,0.784,0.0,4.9,2.45
BM-sheet_1-3121,beam,0.1344,0.0,0.84,0.42
BM-sheet_1-3122,beam,0.1344,0.0,0.84,0.42
BM-sheet_1-3123,beam,0.4736,0.0,2.96,1.48
BM-sheet_1-3124,beam,0.4736,0.0,2.96,1.48
BM-sheet_1-3125,beam,1.6192,0.0,10.12,5.06
BM-sheet_1-3126,beam,0.832,0.0,5.2,2.6
BM-sheet_1-3127,beam,1.5552,0.0,9.72,4.86
BM-sheet_1-3128,beam,1.2672,0.0,7.92,3.96
BM-sheet_1-3129,beam,0.288,0.0,1.8,0.9
BM-sheet_1-3130,beam,1.1584,0.0,7.24,3.62
BM-sheet_1-3131,beam,0.232,0.0,1.45,0.725
BM-sheet_1-3132,beam,0.312,0.0,1.95,0.975
BM-sheet_1-3133,beam,0.232,0.0,1.45,0.725
BM-sheet_1-3134,beam,0.8,0.0,5.0,2.5
BM-sheet_1-3135,beam,0.736,0.0,4.6,2.3
BM-sheet_1-3136,beam,0.1664,0.0,1.04,0.52
BM-sheet_1-3137,beam,1.3264,0.0,8.29,4.145
BM-sheet_1-3138,beam,0.9632,0.0,6.02,3.01
BM-sheet_1-3139,beam,0.6528,0.0,4.08,2.04
BM-sheet_1-3140,beam,1.08,0.0,6.75,3.375
BM-sheet_1-3141,beam,0.832,0.0,5.2,2.6
BM-sheet_1-3142,beam,0.864,0.0,5.4,2.7
BM-sheet_1-3143,beam,0.736,0.0,4.6,2.3
BM-sheet_1-3144,beam,0.232,0.0,1.45,0.725
BM-sheet_1-3145,beam,1.08,0.0,6.75,3.375
BM-sheet_1-3146,beam,0.296,0.0,1.85,0.925
BM-sheet_1-3147,beam,0.1344,0.0,0.84,0.42
BM-sheet_1-3148,beam,0.448,0.0,2.8,1.4
BM-sheet_1-3149,beam,0.352,0.0,2.2,1.1
BM-sheet_1-3150,beam,0.5664,0.0,3.54,1.77
BM-sheet_1-3151,beam,0.4864,0.0,3.04,1.52
BM-sheet_1-3152,beam,0.1808,0.0,1.13,0.565
BM-sheet_1-3153,beam,1.728,0.0,10.8,5.4
BM-sheet_1-3154,beam,0.7872,0.0,4.92,2.46
BM-sheet_1-3155,beam,0.736,0.0,4.6,2.3
BM-sheet_1-3156,beam,0.2352,0.0,1.47,0.735
BM-sheet_1-3157,beam,0.736,0.0,4.6,2.3
BM-sheet_1-3158,beam,0.3152,0.0,1.97,0.985
BM-sheet_1-3159,beam,0.144,0.0,0.9,0.45
BM-sheet_1-3160,beam,0.2418,0.0,1.511,0.756
BM-sheet_1-3161,beam,0.232,0.0,1.45,0.725
BM-sheet_1-3162,beam,1.9585,0.0,12.241,6.12
BM-sheet_1-3163,beam,0.1694,0.0,1.058,0.529
BM-sheet_1-3164,beam,0.6304,0.0,3.94,1.97
BM-sheet_1-3165,beam,0.1024,0.0,0.64,0.32
BM-sheet_1-3166,beam,0.1088,0.0,0.68,0.34
BM-sheet_1-3167,beam,0.1888,0.0,1.18,0.59
BM-sheet_1-3168,beam,0.3344,0.0,2.09,1.045
BM-sheet_1-3169,beam,0.736,0.0,4.6,2.3
BM-sheet_1-3170,beam,0.88,0.0,5.5,2.75
BM-sheet_1-3171,beam,0.736,0.0,4.6,2.3
BM-sheet_1-3172,beam,1.04,0.0,6.5,3.25
BM-sheet_1-3173,beam,0.7904,0.0,4.94,2.47
BM-sheet_1-3174,beam,0.7008,0.0,4.38,2.19
BM-sheet_1-3175,beam,0.8096,0.0,5.06,2.53
BM-sheet_1-3176,beam,0.232,0.0,1.45,0.725
BM-sheet_1-3177,beam,0.3184,0.0,1.99,0.995
BM-sheet_1-3178,beam,0.2384,0.0,1.49,0.745
BM-sheet_1-3179,beam,0.296,0.0,1.85,0.925
BM-sheet_1-3180,beam,1.0848,0.0,6.78,3.39
BM-sheet_1-3181,beam,1.1968,0.0,7.48,3.74
BM-sheet_1-3182,beam,0.8352,0.0,5.22,2.61
BM-sheet_1-3183,beam,0.6544,0.0,4.09,2.045
BM-sheet_1-3184,beam,1.5552,0.0,9.72,4.86
BM-sheet_1-3185,beam,0.7424,0.0,4.64,2.32
BM-sheet_1-3186,beam,0.8224,0.0,5.14,2.57
BM-sheet_1-3187,beam,1.2608,0.0,7.88,3.94
BM-sheet_1-3188,beam,0.8992,0.0,5.62,2.81
BM-sheet_1-3189,beam,0.3312,0.0,2.07,1.035
BM-sheet_1-3190,beam,0.1712,0.0,1.07,0.535
BM-sheet_1-3191,beam,0.3984,0.0,2.49,1.245
BM-sheet_1-3192,beam,1.2992,0.0,8.12,4.06
BM-sheet_1-3193,beam,0.3264,0.0,2.04,1.02
BM-sheet_1-3194,beam,0.608,0.0,3.8,1.9
BM-sheet_1-3195,beam,1.2784,0.0,7.99,3.995
BM-sheet_1-3196,beam,4.9312,0.0,30.82,15.41
BM-sheet_1-3197,beam,2.2064,0.0,13.79,6.895
BM-sheet_1-3198,beam,0.336,0.0,2.1,1.05
BM-sheet_1-3199,beam,0.7744,0.0,4.84,2.42
BM-sheet_1-3200,beam,1.1248,0.0,7.03,3.515
BM-sheet_1-3201,beam,0.16,0.0,1.0,0.5
BM-sheet_1-3202,beam,2.5424,0.0,15.89,7.945
BM-sheet_1-3203,beam,0.3264,0.0,2.04,1.02
BM-sheet_1-3204,beam,0.7248,0.0,4.53,2.265
BM-sheet_1-3205,beam,1.1776,0.0,7.36,3.68
BM-sheet_1-3206,beam,0.1024,0.0,0.64,0.32
BM-sheet_1-3207,beam,0.448,0.0,2.8,1.4
BM-sheet_1-3208,beam,0.3744,0.0,2.34,1.17
BM-sheet_1-3209,beam,1.5543,0.0,4.553,1.57
BM-sheet_1-3210,beam,0.512,0.0,3.2,1.6
BM-sheet_1-3211,beam,0.3904,0.0,2.44,1.22
BM-sheet_1-3212,beam,0.7248,0.0,4.53,2.265
BM-sheet_1-3213,beam,2.016,0.0,12.6,6.3
BM-sheet_1-3214,beam,0.1024,0.0,0.64,0.32
BM-sheet_1-3215,beam,0.3744,0.0,2.34,1.17
BM-sheet_1-3216,beam,0.2811,0.0,1.757,0.878
BM-sheet_1-3217,beam,0.2432,0.0,1.52,0.76
BM-sheet_1-3218,beam,0.5664,0.0,3.54,1.77
BM-sheet_1-3219,beam,0.512,0.0,3.2,1.6
BM-sheet_1-3220,beam,0.512,0.0,3.2,1.6
BM-sheet_1-3221,beam,2.48,0.0,15.5,7.75
BM-sheet_1-3222,beam,0.3904,0.0,2.44,1.22
BM-sheet_1-3223,beam,0.7248,0.0,4.53,2.265
BM-sheet_1-3224,beam,1.1776,0.0,7.36,3.68
BM-sheet_1-3225,beam,2.016,0.0,12.6,6.3
BM-sheet_1-3226,beam,0.1024,0.0,0.64,0.32
BM-sheet_1-3227,beam,0.448,0.0,2.8,1.4
BM-sheet_1-3228,beam,0.1824,0.0,1.14,0.57
BM-sheet_1-3229,beam,0.4544,0.0,2.84,1.42
BM-sheet_1-3230,beam,0.672,0.0,4.2,2.1
BM-sheet_1-3231,beam,2.5584,0.0,15.99,7.995
BM-sheet_1-3232,beam,0.3904,0.0,2.44,1.22
BM-sheet_1-3233,beam,0.7248,0.0,4.53,2.265
BM-sheet_1-3234,beam,0.1024,0.0,0.64,0.32
BM-sheet_1-3235,beam,0.3744,0.0,2.34,1.17
BM-sheet_1-3236,beam,0.272,0.0,1.7,0.85
BM-sheet_1-3237,beam,0.7936,0.0,4.96,2.48
BM-sheet_1-3238,beam,0.672,0.0,4.2,2.1
BM-sheet_1-3239,beam,0.1024,0.0,0.64,0.32
BM-sheet_1-3240,beam,0.3904,0.0,2.44,1.22
BM-sheet_1-3241,beam,0.7248,0.0,4.53,2.265
BM-sheet_1-3242,beam,0.1024,0.0,0.64,0.32
BM-sheet_1-3243,beam,0.3744,0.0,2.34,1.17
BM-sheet_1-3244,beam,0.1024,0.0,0.64,0.32
BM-sheet_1-3245,beam,1.5552,0.0,9.72,4.86
BM-sheet_1-3246,beam,0.2144,0.0,1.34,0.67
BM-sheet_1-3247,beam,1.6192,0.0,10.12,5.06
BM-sheet_1-3248,beam,0.3264,0.0,2.04,1.02
BM-sheet_1-3249,beam,1.2288,0.0,7.68,3.84
BM-sheet_1-3250,beam,0.4736,0.0,2.96,1.48
BM-sheet_1-3251,beam,0.312,0.0,1.95,0.975
BM-sheet_1-3252,beam,0.232,0.0,1.45,0.725
BM-sheet_1-3253,beam,0.2464,0.0,1.54,0.77
BM-sheet_1-3254,beam,0.736,0.0,4.6,2.3
BM-sheet_1-3255,beam,0.576,0.0,3.6,1.8
BM-sheet_1-3256,beam,0.736,0.0,4.6,2.3
BM-sheet_1-3257,beam,0.4543,0.0,2.839,1.42
BM-sheet_1-3258,beam,0.784,0.0,4.9,2.45
BM-sheet_1-3259,beam,0.832,0.0,5.2,2.6
BM-sheet_1-3260,beam,0.232,0.0,1.45,0.725
BM-sheet_1-3261,beam,0.232,0.0,1.45,0.725
BM-sheet_1-3262,beam,0.4736,0.0,2.96,1.48
BM-sheet_1-3263,beam,0.2144,0.0,1.34,0.67
BM-sheet_1-3264,beam,0.2144,0.0,1.34,0.67
BM-sheet_1-3265,beam,0.3264,0.0,2.04,1.02
BM-sheet_1-3266,beam,0.7248,0.0,4.53,2.265
BM-sheet_1-3267,beam,1.1776,0.0,7.36,3.68
BM-sheet_1-3268,beam,0.1024,0.0,0.64,0.32
BM-sheet_1-3269,beam,0.4544,0.0,2.84,1.42
BM-sheet_1-3270,beam,0.448,0.0,2.8,1.4
BM-sheet_1-3271,beam,0.1851,0.0,1.157,0.578
BM-sheet_1-3272,beam,0.272,0.0,1.7,0.85
BM-sheet_1-3273,beam,0.2432,0.0,1.52,0.76
BM-sheet_1-3274,beam,0.1024,0.0,0.64,0.32
BM-sheet_1-3275,beam,1.5552,0.0,9.72,4.86
BM-sheet_1-3276,beam,0.2144,0.0,1.34,0.67
BM-sheet_1-3277,beam,1.6192,0.0,10.12,5.06
BM-sheet_1-3278,beam,0.3264,0.0,2.04,1.02
BM-sheet_1-3279,beam,1.2288,0.0,7.68,3.84
BM-sheet_1-3280,beam,0.4736,0.0,2.96,1.48
BM-sheet_1-3281,beam,0.312,0.0,1.95,0.975
BM-sheet_1-3282,beam,0.232,0.0,1.45,0.725
BM-sheet_1-3283,beam,0.2464,0.0,1.54,0.77
BM-sheet_1-3284,beam,0.736,0.0,4.6,2.3
BM-sheet_1-3285,beam,0.576,0.0,3.6,1.8
BM-sheet_1-3286,beam,0.736,0.0,4.6,2.3
BM-sheet_1-3287,beam,0.784,0.0,4.9,2.45
BM-sheet_1-3288,beam,0.832,0.0,5.2,2.6
BM-sheet_1-3289,beam,0.232,0.0,1.45,0.725
BM-sheet_1-3290,beam,0.232,0.0,1.45,0.725
BM-sheet_1-3291,beam,0.4736,0.0,2.96,1.48
BM-sheet_1-3292,beam,2.3984,0.0,14.99,7.495
BM-sheet_1-3293,beam,0.2144,0.0,1.34,0.67
BM-sheet_1-3294,beam,0.2144,0.0,1.34,0.67
BM-sheet_1-3295,beam,1.5552,0.0,9.72,4.86
BM-sheet_1-3296,beam,0.2144,0.0,1.34,0.67
BM-sheet_1-3297,beam,1.6192,0.0,10.12,5.06
BM-sheet_1-3298,beam,0.3264,0.0,2.04,1.02
BM-sheet_1-3299,beam,1.2288,0.0,7.68,3.84
BM-sheet_1-3300,beam,0.4736,0.0,2.96,1.48
BM-sheet_1-3301,beam,0.312,0.0,1.95,0.975
BM-sheet_1-3302,beam,0.232,0.0,1.45,0.725
BM-sheet_1-3303,beam,0.2464,0.0,1.54,0.77
BM-sheet_1-3304,beam,0.736,0.0,4.6,2.3
BM-sheet_1-3305,beam,0.576,0.0,3.6,1.8
BM-sheet_1-3306,beam,0.736,0.0,4.6,2.3
BM-sheet_1-3307,beam,0.784,0.0,4.9,2.45
BM-sheet_1-3308,beam,0.832,0.0,5.2,2.6
BM-sheet_1-3309,beam,0.232,0.0,1.45,0.725
BM-sheet_1-3310,beam,0.232,0.0,1.45,0.725
BM-sheet_1-3311,beam,0.4736,0.0,2.96,1.48
BM-sheet_1-3312,beam,2.1744,0.0,13.59,6.795
BM-sheet_1-3313,beam,0.2144,0.0,1.34,0.67
BM-sheet_1-3314,beam,0.2144,0.0,1.34,0.67
BM-sheet_1-3315,beam,0.1008,0.0,0.63,0.315
BM-sheet_1-3316,beam,0.1008,0.0,0.63,0.315
BM-sheet_1-3317,beam,0.1008,0.0,0.63,0.315
BM-sheet_1-3318,beam,0.1008,0.0,0.63,0.315
BM-sheet_1-3319,beam,0.1008,0.0,0.63,0.315
BM-sheet_1-3320,beam,0.1008,0.0,0.63,0.315
BM-sheet_1-3321,beam,2.0854,0.0,13.034,6.517
BM-sheet_1-3322,beam,18.4167,0.0,115.104,57.552
BM-sheet_1-3323,beam,3.0624,0.0,19.14,9.57
BM-sheet_1-3324,beam,0.2944,0.0,1.84,0.92
BM-sheet_1-3325,beam,0.9631,0.0,6.019,3.01
BM-sheet_1-3326,beam,2.0465,0.0,12.791,6.395
BM-sheet_1-3327,beam,0.3328,0.0,2.08,1.04
BM-sheet_1-3328,beam,0.6624,0.0,4.14,2.07
BM-sheet_1-3329,beam,0.7008,0.0,4.38,2.19
BM-sheet_1-3330,beam,0.7296,0.0,4.56,2.28
BM-sheet_1-3331,beam,0.208,0.0,1.3,0.65
BM-sheet_1-3332,beam,0.7904,0.0,4.94,2.47
BM-sheet_1-3333,beam,0.736,0.0,4.6,2.3
BM-sheet_1-3334,beam,0.2544,0.0,1.59,0.795
BM-sheet_1-3335,beam,0.5904,0.0,3.69,1.845
BM-sheet_1-3336,beam,0.2384,0.0,1.49,0.745
BM-sheet_1-3337,beam,0.232,0.0,1.45,0.725
BM-sheet_1-3338,beam,0.736,0.0,4.6,2.3
BM-sheet_1-3339,beam,0.2384,0.0,1.49,0.745
BM-sheet_1-3340,beam,0.312,0.0,1.95,0.975
BM-sheet_1-3341,beam,1.2896,0.0,8.06,4.03
BM-sheet_1-3342,beam,1.5552,0.0,9.72,4.86
BM-sheet_1-3343,beam,0.8352,0.0,5.22,2.61
BM-sheet_1-3344,beam,1.5552,0.0,9.72,4.86
BM-sheet_1-3345,beam,1.2112,0.0,7.57,3.785
BM-sheet_1-3346,beam,0.4448,0.0,2.78,1.39
BM-sheet_1-3347,beam,1.1664,0.0,7.29,3.645
BM-sheet_1-3348,beam,0.7568,0.0,4.73,2.365
BM-sheet_1-3349,beam,0.5824,0.0,3.64,1.82
BM-sheet_1-3350,beam,0.8096,0.0,5.06,2.53
BM-sheet_1-3351,beam,0.7904,0.0,4.94,2.47
BM-sheet_1-3352,beam,0.3328,0.0,2.08,1.04
BM-sheet_1-3353,beam,1.3984,0.0,8.74,4.37
BM-sheet_1-3354,beam,0.4448,0.0,2.78,1.39
BM-sheet_1-3355,beam,0.6944,0.0,4.34,2.17
BM-sheet_1-3356,beam,0.1024,0.0,0.64,0.32
BM-sheet_1-3357,beam,0.5184,0.0,3.24,1.62
BM-sheet_1-3358,beam,1.5552,0.0,9.72,4.86
BM-sheet_1-3359,beam,1.1745,0.0,6.003,2.61
BM-sheet_1-3360,beam,0.6128,0.0,3.83,1.915
BM-sheet_1-3361,beam,0.8352,0.0,5.22,2.61
BM-sheet_1-3362,beam,0.8352,0.0,5.22,2.61
BM-sheet_1-3363,beam,0.8992,0.0,5.62,2.81
BM-sheet_1-3364,beam,0.8352,0.0,5.22,2.61
BM-sheet_1-3365,beam,1.1648,0.0,7.28,3.64
BM-sheet_1-3366,beam,1.1648,0.0,7.28,3.64
BM-sheet_1-3367,beam,0.7904,0.0,4.94,2.47
BM-sheet_1-3368,beam,0.1001,0.0,0.625,0.313
BM-sheet_1-3369,beam,0.232,0.0,1.45,0.725
BM-sheet_1-3370,beam,0.3024,0.0,1.89,0.945
BM-sheet_1-3371,beam,0.2384,0.0,1.49,0.745
BM-sheet_1-3372,beam,0.328,0.0,2.05,1.025
BM-sheet_1-3373,beam,0.9136,0.0,5.71,2.855
BM-sheet_1-3374,beam,0.4064,0.0,2.54,1.27
BM-sheet_1-3375,beam,0.367,0.0,2.294,1.147
BM-sheet_1-3376,beam,1.4323,0.0,8.952,4.476
BM-sheet_1-3377,beam,0.976,0.0,6.1,3.05
BM-sheet_1-3378,beam,0.1024,0.0,0.64,0.32
BM-sheet_1-3379,beam,0.112,0.0,0.7,0.35
BM-sheet_1-3380,beam,0.8678,0.0,5.424,2.712
BM-sheet_1-3381,beam,0.5799,0.0,3.625,1.812
BM-sheet_1-3382,beam,1.9621,0.0,12.263,6.132
BM-sheet_1-3383,beam,0.7008,0.0,4.38,2.19
BM-sheet_1-3384,beam,1.1764,0.0,7.353,3.676
BM-sheet_1-3385,beam,0.4003,0.0,2.502,1.251
BM-sheet_1-3386,beam,0.8905,0.0,5.566,2.783
BM-sheet_1-3387,beam,0.864,0.0,5.4,2.7
BM-sheet_1-3388,beam,0.112,0.0,0.7,0.35
BM-sheet_1-3389,beam,0.1152,0.0,0.72,0.36
BM-sheet_1-3390,beam,0.16,0.0,1.0,0.5
BM-sheet_1-3391,beam,0.1312,0.0,0.82,0.41
BM-sheet_1-3392,beam,2.64,0.0,16.5,8.25
BM-sheet_1-3393,beam,0.1648,0.0,1.03,0.515
BM-sheet_1-3394,beam,0.464,0.0,2.9,1.45
BM-sheet_1-3395,beam,0.3904,0.0,2.44,1.22
BM-sheet_1-3396,beam,0.9232,0.0,5.77,2.885
BM-sheet_1-3397,beam,1.1776,0.0,7.36,3.68
BM-sheet_1-3398,beam,0.1008,0.0,0.63,0.315
BM-sheet_1-3399,beam,0.448,0.0,2.8,1.4
BM-sheet_1-3400,beam,0.3744,0.0,2.34,1.17
BM-sheet_1-3401,beam,0.272,0.0,1.7,0.85
BM-sheet_1-3402,beam,0.2432,0.0,1.52,0.76
BM-sheet_1-3403,beam,0.1464,0.0,0.915,0.457
BM-sheet_1-3404,beam,0.26,0.0,1.625,0.813
BM-sheet_1-3405,beam,0.512,0.0,3.2,1.6
BM-sheet_1-3406,beam,0.176,0.0,1.1,0.55
BM-sheet_1-3407,beam,0.168,0.0,1.05,0.525
BM-sheet_1-3408,beam,0.2848,0.0,1.78,0.89
BM-sheet_1-3409,beam,0.1648,0.0,1.03,0.515
BM-sheet_1-3410,beam,0.464,0.0,2.9,1.45
BM-sheet_1-3411,beam,0.3904,0.0,2.44,1.22
BM-sheet_1-3412,beam,0.6448,0.0,4.03,2.015
BM-sheet_1-3413,beam,0.1024,0.0,0.64,0.32
BM-sheet_1-3414,beam,0.3744,0.0,2.34,1.17
BM-sheet_1-3415,beam,0.272,0.0,1.7,0.85
BM-sheet_1-3416,beam,0.2432,0.0,1.52,0.76
BM-sheet_1-3417,beam,0.5942,0.0,3.714,1.857
BM-sheet_1-3418,beam,0.128,0.0,0.8,0.4
BM-sheet_1-3419,beam,0.168,0.0,1.05,0.525
BM-sheet_1-3420,beam,0.2848,0.0,1.78,0.89
BM-sheet_1-3421,beam,0.16,0.0,1.0,0.5
BM-sheet_1-3422,beam,0.6144,0.0,3.84,1.92
BM-sheet_1-3423,beam,0.224,0.0,1.4,0.7
BM-sheet_1-3424,beam,0.6112,0.0,3.82,1.91
BM-sheet_1-3425,beam,0.288,0.0,1.8,0.9
BM-sheet_1-3426,beam,0.3936,0.0,2.46,1.23
BM-sheet_1-3427,beam,0.6048,0.0,3.78,1.89
BM-sheet_1-3428,beam,0.504,0.0,3.15,1.575
BM-sheet_1-3429,beam,1.4272,0.0,8.92,4.46
BM-sheet_1-3430,beam,0.448,0.0,2.8,1.4
BM-sheet_1-3431,beam,0.4224,0.0,2.64,1.32
BM-sheet_1-3432,beam,0.4224,0.0,2.64,1.32
BM-sheet_1-3433,beam,0.3232,0.0,2.02,1.01
BM-sheet_1-3434,beam,0.5664,0.0,3.54,1.77
BM-sheet_1-3435,beam,0.224,0.0,1.4,0.7
BM-sheet_1-3436,beam,0.6112,0.0,3.82,1.91
BM-sheet_1-3437,beam,0.352,0.0,2.2,1.1
BM-sheet_1-3438,beam,0.3936,0.0,2.46,1.23
BM-sheet_1-3439,beam,0.6048,0.0,3.78,1.89
BM-sheet_1-3440,beam,0.504,0.0,3.15,1.575
BM-sheet_1-3441,beam,0.2304,0.0,1.44,0.72
BM-sheet_1-3442,beam,0.3744,0.0,2.34,1.17
BM-sheet_1-3443,beam,0.6144,0.0,3.84,1.92
BM-sheet_1-3444,beam,0.224,0.0,1.4,0.7
BM-sheet_1-3445,beam,0.6112,0.0,3.82,1.91
BM-sheet_1-3446,beam,0.288,0.0,1.8,0.9
BM-sheet_1-3447,beam,0.3936,0.0,2.46,1.23
BM-sheet_1-3448,beam,0.6048,0.0,3.78,1.89
BM-sheet_1-3449,beam,0.504,0.0,3.15,1.575
BM-sheet_1-3450,beam,0.6944,0.0,4.34,2.17
BM-sheet_1-3451,beam,0.6928,0.0,4.33,2.165
BM-sheet_1-3452,beam,0.24,0.0,1.5,0.75
BM-sheet_1-3453,beam,2.7824,0.0,17.39,8.695
BM-sheet_1-3454,beam,0.1211,0.0,0.757,0.379
BM-sheet_1-3455,beam,2.373,0.0,14.831,7.415
BM-sheet_1-3456,beam,0.5759,0.0,3.599,1.8
BM-sheet_1-3457,beam,2.4059,0.0,15.037,7.518
BM-sheet_1-3458,beam,0.448,0.0,2.8,1.4
BM-sheet_1-3459,beam,0.224,0.0,1.4,0.7
BM-sheet_1-3460,beam,0.6912,0.0,4.32,2.16
BM-sheet_1-3461,beam,0.352,0.0,2.2,1.1
BM-sheet_1-3462,beam,0.5535,0.0,2.829,1.23
BM-sheet_1-3463,beam,0.56,0.0,3.5,1.75
BM-sheet_1-3464,beam,0.4592,0.0,2.87,1.435
BM-sheet_1-3465,beam,0.7296,0.0,4.56,2.28
BM-sheet_1-3466,beam,0.1344,0.0,0.84,0.42
BM-sheet_1-3467,beam,0.4736,0.0,2.96,1.48
BM-sheet_1-3468,beam,0.4736,0.0,2.96,1.48
BM-sheet_1-3469,beam,1.6192,0.0,10.12,5.06
BM-sheet_1-3470,beam,0.832,0.0,5.2,2.6
BM-sheet_1-3471,beam,1.5552,0.0,9.72,4.86
BM-sheet_1-3472,beam,1.2672,0.0,7.92,3.96
BM-sheet_1-3473,beam,0.288,0.0,1.8,0.9
BM-sheet_1-3474,beam,0.232,0.0,1.45,0.725
BM-sheet_1-3475,beam,0.232,0.0,1.45,0.725
BM-sheet_1-3476,beam,0.312,0.0,1.95,0.975
BM-sheet_1-3477,beam,0.232,0.0,1.45,0.725
BM-sheet_1-3478,beam,0.736,0.0,4.6,2.3
BM-sheet_1-3479,beam,0.576,0.0,3.6,1.8
BM-sheet_1-3480,beam,0.736,0.0,4.6,2.3
BM-sheet_1-3481,beam,0.1664,0.0,1.04,0.52
BM-sheet_1-3482,beam,0.784,0.0,4.9,2.45
BM-sheet_1-3483,beam,0.162,0.0,0.828,0.36
BM-sheet_1-3484,beam,2.496,0.0,15.6,7.8
BM-sheet_1-3485,beam,0.1344,0.0,0.84,0.42
BM-sheet_1-3486,beam,0.1344,0.0,0.84,0.42
BM-sheet_1-3487,beam,2.6244,0.0,11.664,4.86
BM-sheet_1-3488,beam,0.2144,0.0,1.34,0.67
BM-sheet_1-3489,beam,1.6192,0.0,10.12,5.06
BM-sheet_1-3490,beam,0.3264,0.0,2.04,1.02
BM-sheet_1-3491,beam,1.2288,0.0,7.68,3.84
BM-sheet_1-3492,beam,0.4736,0.0,2.96,1.48
BM-sheet_1-3493,beam,0.312,0.0,1.95,0.975
BM-sheet_1-3494,beam,0.232,0.0,1.45,0.725
BM-sheet_1-3495,beam,0.2464,0.0,1.54,0.77
BM-sheet_1-3496,beam,0.8,0.0,5.0,2.5
BM-sheet_1-3497,beam,0.736,0.0,4.6,2.3
BM-sheet_1-3498,beam,0.81,0.0,4.14,1.8
BM-sheet_1-3499,beam,1.035,0.0,5.29,2.3
BM-sheet_1-3500,beam,1.1025,0.0,5.635,2.45
BM-sheet_1-3501,beam,1.404,0.0,6.24,2.6
BM-sheet_1-3502,beam,0.3262,0.0,1.667,0.725
BM-sheet_1-3503,beam,0.3262,0.0,1.667,0.725
BM-sheet_1-3504,beam,0.4736,0.0,2.96,1.48
BM-sheet_1-3505,beam,0.2144,0.0,1.34,0.67
BM-sheet_1-3506,beam,0.1344,0.0,0.84,0.42
BM-sheet_1-3507,beam,0.4736,0.0,2.96,1.48
BM-sheet_1-3508,beam,0.4736,0.0,2.96,1.48
BM-sheet_1-3509,beam,1.6192,0.0,10.12,5.06
BM-sheet_1-3510,beam,0.832,0.0,5.2,2.6
BM-sheet_1-3511,beam,1.5552,0.0,9.72,4.86
BM-sheet_1-3512,beam,0.576,0.0,3.6,1.8
BM-sheet_1-3513,beam,1.2672,0.0,7.92,3.96
BM-sheet_1-3514,beam,0.288,0.0,1.8,0.9
BM-sheet_1-3515,beam,0.232,0.0,1.45,0.725
BM-sheet_1-3516,beam,0.232,0.0,1.45,0.725
BM-sheet_1-3517,beam,0.312,0.0,1.95,0.975
BM-sheet_1-3518,beam,0.232,0.0,1.45,0.725
BM-sheet_1-3519,beam,0.362,0.0,2.262,1.131
BM-sheet_1-3520,beam,0.736,0.0,4.6,2.3
BM-sheet_1-3521,beam,0.736,0.0,4.6,2.3
BM-sheet_1-3522,beam,0.1664,0.0,1.04,0.52
BM-sheet_1-3523,beam,0.784,0.0,4.9,2.45
BM-sheet_1-3524,beam,0.1344,0.0,0.84,0.42
BM-sheet_1-3525,beam,0.1344,0.0,0.84,0.42
BM-sheet_1-3526,beam,0.224,0.0,1.4,0.7
BM-sheet_1-3527,beam,0.7456,0.0,4.66,2.33
BM-sheet_1-3528,beam,0.288,0.0,1.8,0.9
BM-sheet_1-3529,beam,0.1484,0.0,0.928,0.464
BM-sheet_1-3530,beam,0.6048,0.0,3.78,1.89
BM-sheet_1-3531,beam,0.504,0.0,3.15,1.575
BM-sheet_1-3532,beam,1.4272,0.0,8.92,4.46
BM-sheet_1-3533,beam,41.6664,0.0,212.961,92.592
BM-sheet_1-3534,beam,0.6112,0.0,3.82,1.91
BM-sheet_1-3535,beam,0.352,0.0,2.2,1.1
BM-sheet_1-3536,beam,0.1344,0.0,0.84,0.42
BM-sheet_1-3537,beam,0.4736,0.0,2.96,1.48
BM-sheet_1-3538,beam,0.4736,0.0,2.96,1.48
BM-sheet_1-3539,beam,1.6192,0.0,10.12,5.06
BM-sheet_1-3540,beam,0.832,0.0,5.2,2.6
BM-sheet_1-3541,beam,1.5552,0.0,9.72,4.86
BM-sheet_1-3542,beam,1.2672,0.0,7.92,3.96
BM-sheet_1-3543,beam,0.288,0.0,1.8,0.9
BM-sheet_1-3544,beam,0.232,0.0,1.45,0.725
BM-sheet_1-3545,beam,0.232,0.0,1.45,0.725
BM-sheet_1-3546,beam,0.312,0.0,1.95,0.975
BM-sheet_1-3547,beam,0.232,0.0,1.45,0.725
BM-sheet_1-3548,beam,0.736,0.0,4.6,2.3
BM-sheet_1-3549,beam,0.576,0.0,3.6,1.8
BM-sheet_1-3550,beam,0.8,0.0,5.0,2.5
BM-sheet_1-3551,beam,0.736,0.0,4.6,2.3
BM-sheet_1-3552,beam,0.1664,0.0,1.04,0.52
BM-sheet_1-3553,beam,0.784,0.0,4.9,2.45
BM-sheet_1-3554,beam,0.1344,0.0,0.84,0.42
BM-sheet_1-3555,beam,2.784,0.0,17.4,8.7
BM-sheet_1-3556,beam,0.224,0.0,1.4,0.7
BM-sheet_1-3557,beam,0.7456,0.0,4.66,2.33
BM-sheet_1-3558,beam,0.288,0.0,1.8,0.9
BM-sheet_1-3559,beam,1.6644,0.0,10.402,5.201
BM-sheet_1-3560,beam,0.504,0.0,3.15,1.575
BM-sheet_1-3561,beam,1.4272,0.0,8.92,4.46
BM-sheet_1-3562,beam,0.968,0.0,6.05,3.025
BM-sheet_1-3563,beam,0.9488,0.0,5.93,2.965
BM-sheet_1-3564,beam,0.224,0.0,1.4,0.7
BM-sheet_1-3565,beam,0.4224,0.0,2.64,1.32
BM-sheet_1-3566,beam,0.4224,0.0,2.64,1.32
BM-sheet_1-3567,beam,1.6964,0.0,10.602,5.301
BM-sheet_1-3568,beam,0.224,0.0,1.4,0.7
BM-sheet_1-3569,beam,0.6112,0.0,3.82,1.91
BM-sheet_1-3570,beam,0.352,0.0,2.2,1.1
BM-sheet_1-3571,beam,0.8,0.0,5.0,2.5
BM-sheet_1-3572,beam,0.3936,0.0,2.46,1.23
BM-sheet_1-3573,beam,0.6048,0.0,3.78,1.89
BM-sheet_1-3574,beam,0.504,0.0,3.15,1.575
BM-sheet_1-3575,beam,3.2,0.0,20.0,10.0
BM-sheet_1-3576,beam,0.7904,0.0,4.94,2.47
BM-sheet_1-3577,beam,1.6192,0.0,10.12,5.06
BM-sheet_1-3578,beam,0.2464,0.0,1.54,0.77
BM-sheet_1-3579,beam,0.1344,0.0,0.84,0.42
BM-sheet_1-3580,beam,0.4736,0.0,2.96,1.48
BM-sheet_1-3581,beam,0.4736,0.0,2.96,1.48
BM-sheet_1-3582,beam,1.6192,0.0,10.12,5.06
BM-sheet_1-3583,beam,0.832,0.0,5.2,2.6
BM-sheet_1-3584,beam,1.5552,0.0,9.72,4.86
BM-sheet_1-3585,beam,1.2672,0.0,7.92,3.96
BM-sheet_1-3586,beam,0.288,0.0,1.8,0.9
BM-sheet_1-3587,beam,0.232,0.0,1.45,0.725
BM-sheet_1-3588,beam,0.232,0.0,1.45,0.725
BM-sheet_1-3589,beam,0.312,0.0,1.95,0.975
BM-sheet_1-3590,beam,0.232,0.0,1.45,0.725
BM-sheet_1-3591,beam,0.2492,0.0,1.558,0.779
BM-sheet_1-3592,beam,2.4,0.0,15.0,7.5
BM-sheet_1-3593,beam,0.736,0.0,4.6,2.3
BM-sheet_1-3594,beam,0.576,0.0,3.6,1.8
BM-sheet_1-3595,beam,0.8,0.0,5.0,2.5
BM-sheet_1-3596,beam,0.736,0.0,4.6,2.3
BM-sheet_1-3597,beam,0.1664,0.0,1.04,0.52
BM-sheet_1-3598,beam,0.784,0.0,4.9,2.45
BM-sheet_1-3599,beam,0.1344,0.0,0.84,0.42
BM-sheet_1-3600,beam,0.28,0.0,1.75,0.875
BM-sheet_1-3601,beam,0.784,0.0,4.9,2.45
BM-sheet_1-3602,beam,0.736,0.0,4.6,2.3
BM-sheet_1-3603,beam,0.232,0.0,1.45,0.725
BM-sheet_1-3604,beam,0.736,0.0,4.6,2.3
BM-sheet_1-3605,beam,0.232,0.0,1.45,0.725
BM-sheet_1-3606,beam,0.296,0.0,1.85,0.925
BM-sheet_1-3607,beam,0.4736,0.0,2.96,1.48
BM-sheet_1-3608,beam,0.4736,0.0,2.96,1.48
BM-sheet_1-3609,beam,0.832,0.0,5.2,2.6
BM-sheet_1-3610,beam,0.832,0.0,5.2,2.6
BM-sheet_1-3611,beam,2.8096,0.0,17.56,8.78
BM-sheet_1-3612,beam,0.128,0.0,0.8,0.4
BM-sheet_1-3613,beam,0.976,0.0,6.1,3.05
BM-sheet_1-3614,beam,0.7456,0.0,4.66,2.33
BM-sheet_1-3615,beam,1.4272,0.0,8.92,4.46
BM-sheet_1-3616,beam,9.44,0.0,59.0,29.5
BM-sheet_1-3617,beam,0.224,0.0,1.4,0.7
BM-sheet_1-3618,beam,0.6112,0.0,3.82,1.91
BM-sheet_1-3619,beam,0.6112,0.0,3.82,1.91
BM-sheet_1-3620,beam,0.368,0.0,2.3,1.15
BM-sheet_1-3621,beam,0.352,0.0,2.2,1.1
BM-sheet_1-3622,beam,0.3936,0.0,2.46,1.23
BM-sheet_1-3623,beam,0.6048,0.0,3.78,1.89
BM-sheet_1-3624,beam,0.504,0.0,3.15,1.575
BM-sheet_1-3625,beam,0.224,0.0,1.4,0.7
BM-sheet_1-3626,beam,0.7456,0.0,4.66,2.33
BM-sheet_1-3627,beam,0.288,0.0,1.8,0.9
BM-sheet_1-3628,beam,0.3936,0.0,2.46,1.23
BM-sheet_1-3629,beam,0.6048,0.0,3.78,1.89
BM-sheet_1-3630,beam,0.504,0.0,3.15,1.575
BM-sheet_1-3631,beam,1.4272,0.0,8.92,4.46
BM-sheet_1-3632,beam,10.3044,0.0,64.402,32.201
BM-sheet_1-3633,beam,0.224,0.0,1.4,0.7
BM-sheet_1-3634,beam,0.6112,0.0,3.82,1.91
BM-sheet_1-3635,beam,0.352,0.0,2.2,1.1
BM-sheet_1-3636,beam,0.3936,0.0,2.46,1.23
BM-sheet_1-3637,beam,0.6048,0.0,3.78,1.89
BM-sheet_1-3638,beam,0.504,0.0,3.15,1.575
BM-sheet_1-3639,beam,0.1648,0.0,1.03,0.515
BM-sheet_1-3640,beam,0.4256,0.0,2.66,1.33
BM-sheet_1-3641,beam,0.7088,0.0,4.43,2.215
BM-sheet_1-3642,beam,0.5568,0.0,3.48,1.74
BM-sheet_1-3643,beam,2.016,0.0,12.6,6.3
BM-sheet_1-3644,beam,0.1008,0.0,0.63,0.315
BM-sheet_1-3645,beam,0.7232,0.0,4.52,2.26
BM-sheet_1-3646,beam,0.3744,0.0,2.34,1.17
BM-sheet_1-3647,beam,0.272,0.0,1.7,0.85
BM-sheet_1-3648,beam,0.2432,0.0,1.52,0.76
BM-sheet_1-3649,beam,0.4544,0.0,2.84,1.42
BM-sheet_1-3650,beam,0.512,0.0,3.2,1.6
BM-sheet_1-3651,beam,0.176,0.0,1.1,0.55
BM-sheet_1-3652,beam,2.6784,0.0,16.74,8.37
BM-sheet_1-3653,beam,3.2,0.0,20.0,10.0
BM-sheet_1-3654,beam,0.1152,0.0,0.72,0.36
BM-sheet_1-3655,beam,0.4,0.0,2.5,1.25
BM-sheet_1-3656,beam,0.1024,0.0,0.64,0.32
BM-sheet_1-3657,beam,0.4736,0.0,2.96,1.48
BM-sheet_1-3658,beam,0.4736,0.0,2.96,1.48
BM-sheet_1-3659,beam,1.6192,0.0,10.12,5.06
BM-sheet_1-3660,beam,0.832,0.0,5.2,2.6
BM-sheet_1-3661,beam,1.2672,0.0,7.92,3.96
BM-sheet_1-3662,beam,0.232,0.0,1.45,0.725
BM-sheet_1-3663,beam,0.232,0.0,1.45,0.725
BM-sheet_1-3664,beam,0.312,0.0,1.95,0.975
BM-sheet_1-3665,beam,0.232,0.0,1.45,0.725
BM-sheet_1-3666,beam,0.736,0.0,4.6,2.3
BM-sheet_1-3667,beam,0.576,0.0,3.6,1.8
BM-sheet_1-3668,beam,0.8,0.0,5.0,2.5
BM-sheet_1-3669,beam,0.736,0.0,4.6,2.3
BM-sheet_1-3670,beam,0.1664,0.0,1.04,0.52
BM-sheet_1-3671,beam,1.5552,0.0,9.72,4.86
BM-sheet_1-3672,beam,0.784,0.0,4.9,2.45
BM-sheet_1-3673,beam,0.1344,0.0,0.84,0.42
BM-sheet_1-3674,beam,0.4736,0.0,2.96,1.48
BM-sheet_1-3675,beam,0.4736,0.0,2.96,1.48
BM-sheet_1-3676,beam,1.6192,0.0,10.12,5.06
BM-sheet_1-3677,beam,0.832,0.0,5.2,2.6
BM-sheet_1-3678,beam,1.5552,0.0,9.72,4.86
BM-sheet_1-3679,beam,1.2672,0.0,7.92,3.96
BM-sheet_1-3680,beam,0.288,0.0,1.8,0.9
BM-sheet_1-3681,beam,3.1552,0.0,19.72,9.86
BM-sheet_1-3682,beam,0.232,0.0,1.45,0.725
BM-sheet_1-3683,beam,0.232,0.0,1.45,0.725
BM-sheet_1-3684,beam,0.312,0.0,1.95,0.975
BM-sheet_1-3685,beam,0.232,0.0,1.45,0.725
BM-sheet_1-3686,beam,0.736,0.0,4.6,2.3
BM-sheet_1-3687,beam,0.576,0.0,3.6,1.8
BM-sheet_1-3688,beam,0.8,0.0,5.0,2.5
BM-sheet_1-3689,beam,0.736,0.0,4.6,2.3
BM-sheet_1-3690,beam,0.1664,0.0,1.04,0.52
BM-sheet_1-3691,beam,0.784,0.0,4.9,2.45
BM-sheet_1-3692,beam,0.1344,0.0,0.84,0.42
BM-sheet_1-3693,beam,1.2704,0.0,7.94,3.97
BM-sheet_1-3694,beam,1.4048,0.0,8.78,4.39
BM-sheet_1-3695,beam,1.68,0.0,10.5,5.25
BM-sheet_1-3696,beam,0.4,0.0,2.5,1.25
BM-sheet_1-3697,beam,0.1008,0.0,0.63,0.315
BM-sheet_1-3698,beam,0.2336,0.0,1.46,0.73
BM-sheet_1-3699,beam,0.1984,0.0,1.24,0.62
BM-sheet_1-3700,beam,0.3936,0.0,2.46,1.23
BM-sheet_1-3701,beam,0.2048,0.0,1.28,0.64
BM-sheet_1-3702,beam,0.7328,0.0,4.58,2.29
BM-sheet_1-3703,beam,1.2064,0.0,7.54,3.77
BM-sheet_1-3704,beam,0.1584,0.0,0.99,0.495
BM-sheet_1-3705,beam,0.1152,0.0,0.72,0.36
BM-sheet_1-3706,beam,0.4608,0.0,2.88,1.44
BM-sheet_1-3707,beam,0.3664,0.0,2.29,1.145
BM-sheet_1-3708,beam,0.3712,0.0,2.32,1.16
BM-sheet_1-3709,beam,2.0384,0.0,12.74,6.37
BM-sheet_1-3710,beam,0.3392,0.0,2.12,1.06
BM-sheet_1-3711,beam,0.4672,0.0,2.92,1.46
BM-sheet_1-3712,beam,0.4736,0.0,2.96,1.48
BM-sheet_1-3713,beam,0.576,0.0,3.6,1.8
BM-sheet_1-3714,beam,0.736,0.0,4.6,2.3
BM-sheet_1-3715,beam,1.5872,0.0,9.92,4.96
BM-sheet_1-3716,beam,0.832,0.0,5.2,2.6
BM-sheet_1-3717,beam,1.5232,0.0,9.52,4.76
BM-sheet_1-3718,beam,0.3664,0.0,2.29,1.145
BM-sheet_1-3719,beam,0.784,0.0,4.9,2.45
BM-sheet_1-3720,beam,0.232,0.0,1.45,0.725
BM-sheet_1-3721,beam,0.232,0.0,1.45,0.725
BM-sheet_1-3722,beam,0.232,0.0,1.45,0.725
BM-sheet_1-3723,beam,0.312,0.0,1.95,0.975
BM-sheet_1-3724,beam,0.736,0.0,4.6,2.3
BM-sheet_1-3725,beam,0.7344,0.0,4.59,2.295
BM-sheet_1-3726,beam,0.24,0.0,1.5,0.75
BM-sheet_1-3727,beam,0.7536,0.0,4.71,2.355
BM-sheet_1-3728,beam,1.9488,0.0,12.18,6.09
BM-sheet_1-3729,beam,1.0432,0.0,6.52,3.26
BM-sheet_1-3730,beam,1.1044,0.0,6.902,3.451
BM-sheet_1-3731,beam,2.7824,0.0,17.39,8.695
BM-sheet_1-3732,beam,1.6192,0.0,10.12,5.06
BM-sheet_1-3733,beam,1.2288,0.0,7.68,3.84
BM-sheet_1-3734,beam,0.4736,0.0,2.96,1.48
BM-sheet_1-3735,beam,0.312,0.0,1.95,0.975
BM-sheet_1-3736,beam,0.232,0.0,1.45,0.725
BM-sheet_1-3737,beam,0.8,0.0,5.0,2.5
BM-sheet_1-3738,beam,0.736,0.0,4.6,2.3
BM-sheet_1-3739,beam,0.232,0.0,1.45,0.725
BM-sheet_1-3740,beam,0.232,0.0,1.45,0.725
BM-sheet_1-3741,beam,0.4736,0.0,2.96,1.48
BM-sheet_1-3742,beam,2.368,0.0,14.8,7.4
BM-sheet_1-3743,beam,0.5312,0.0,3.32,1.66
BM-sheet_1-3744,beam,0.3264,0.0,2.04,1.02
BM-sheet_1-3745,beam,0.8432,0.0,5.27,2.635
BM-sheet_1-3746,beam,1.1776,0.0,7.36,3.68
BM-sheet_1-3747,beam,0.144,0.0,0.9,0.45
BM-sheet_1-3748,beam,0.448,0.0,2.8,1.4
BM-sheet_1-3749,beam,0.3292,0.0,2.058,1.029
BM-sheet_1-3750,beam,0.4736,0.0,2.96,1.48
BM-sheet_1-3751,beam,0.208,0.0,1.3,0.65
BM-sheet_1-3752,beam,0.2624,0.0,1.64,0.82
BM-sheet_1-3753,beam,0.7088,0.0,4.43,2.215
BM-sheet_1-3754,beam,0.1008,0.0,0.63,0.315
BM-sheet_1-3755,beam,0.3744,0.0,2.34,1.17
BM-sheet_1-3756,beam,0.272,0.0,1.7,0.85
BM-sheet_1-3757,beam,0.176,0.0,1.1,0.55
BM-sheet_1-3758,beam,0.9232,0.0,5.77,2.885
BM-sheet_1-3759,beam,1.1776,0.0,7.36,3.68
BM-sheet_1-3760,beam,0.1008,0.0,0.63,0.315
BM-sheet_1-3761,beam,0.448,0.0,2.8,1.4
BM-sheet_1-3762,beam,0.3744,0.0,2.34,1.17
BM-sheet_1-3763,beam,0.272,0.0,1.7,0.85
BM-sheet_1-3764,beam,0.2432,0.0,1.52,0.76
BM-sheet_1-3765,beam,0.2432,0.0,1.52,0.76
BM-sheet_1-3766,beam,0.4384,0.0,2.74,1.37
BM-sheet_1-3767,beam,0.512,0.0,3.2,1.6
BM-sheet_1-3768,beam,0.176,0.0,1.1,0.55
BM-sheet_1-3769,beam,0.3264,0.0,2.04,1.02
BM-sheet_1-3770,beam,0.3904,0.0,2.44,1.22
BM-sheet_1-3771,beam,0.6448,0.0,4.03,2.015
BM-sheet_1-3772,beam,0.1024,0.0,0.64,0.32
BM-sheet_1-3773,beam,0.3744,0.0,2.34,1.17
BM-sheet_1-3774,beam,0.218,0.0,1.362,0.681
BM-sheet_1-3775,beam,0.2432,0.0,1.52,0.76
BM-sheet_1-3776,beam,0.7965,0.0,4.071,1.77
BM-sheet_1-3777,beam,0.128,0.0,0.8,0.4
BM-sheet_1-3778,beam,0.3104,0.0,1.94,0.97
BM-sheet_1-3779,beam,0.8592,0.0,5.37,2.685
BM-sheet_1-3780,beam,1.1776,0.0,7.36,3.68
BM-sheet_1-3781,beam,0.1024,0.0,0.64,0.32
BM-sheet_1-3782,beam,0.448,0.0,2.8,1.4
BM-sheet_1-3783,beam,0.3744,0.0,2.34,1.17
BM-sheet_1-3784,beam,0.272,0.0,1.7,0.85
BM-sheet_1-3785,beam,0.2432,0.0,1.52,0.76
BM-sheet_1-3786,beam,0.4544,0.0,2.84,1.42
BM-sheet_1-3787,beam,0.128,0.0,0.8,0.4
BM-sheet_1-3788,beam,1.2256,0.0,7.66,3.83
BM-sheet_1-3789,beam,0.4,0.0,2.5,1.25
BM-sheet_1-3790,beam,1.8864,0.0,11.79,5.895
BM-sheet_1-3791,beam,2.0624,0.0,12.89,6.445
BM-sheet_1-3792,beam,0.9,0.0,4.6,2.0
BM-sheet_1-3793,beam,1.6192,0.0,10.12,5.06
BM-sheet_1-3794,beam,0.3264,0.0,2.04,1.02
BM-sheet_1-3795,beam,1.2288,0.0,7.68,3.84
BM-sheet_1-3796,beam,0.4736,0.0,2.96,1.48
BM-sheet_1-3797,beam,0.312,0.0,1.95,0.975
BM-sheet_1-3798,beam,0.232,0.0,1.45,0.725
BM-sheet_1-3799,beam,1.0464,0.0,6.54,3.27
BM-sheet_1-3800,beam,1.2384,0.0,7.74,3.87
BM-sheet_1-3801,beam,0.8,0.0,5.0,2.5
BM-sheet_1-3802,beam,0.736,0.0,4.6,2.3
BM-sheet_1-3803,beam,0.232,0.0,1.45,0.725
BM-sheet_1-3804,beam,0.232,0.0,1.45,0.725
BM-sheet_1-3805,beam,0.4736,0.0,2.96,1.48
BM-sheet_1-3806,beam,0.2144,0.0,1.34,0.67
BM-sheet_1-3807,beam,1.6192,0.0,10.12,5.06
BM-sheet_1-3808,beam,0.3264,0.0,2.04,1.02
BM-sheet_1-3809,beam,1.2288,0.0,7.68,3.84
BM-sheet_1-3810,beam,0.4736,0.0,2.96,1.48
BM-sheet_1-3811,beam,0.312,0.0,1.95,0.975
BM-sheet_1-3812,beam,0.232,0.0,1.45,0.725
BM-sheet_1-3813,beam,0.8,0.0,5.0,2.5
BM-sheet_1-3814,beam,0.736,0.0,4.6,2.3
BM-sheet_1-3815,beam,0.232,0.0,1.45,0.725
BM-sheet_1-3816,beam,0.232,0.0,1.45,0.725
BM-sheet_1-3817,beam,0.4736,0.0,2.96,1.48
BM-sheet_1-3818,beam,0.2144,0.0,1.34,0.67
BM-sheet_1-3819,beam,1.2256,0.0,7.66,3.83
BM-sheet_1-3820,beam,0.3904,0.0,2.44,1.22
BM-sheet_1-3821,beam,0.7088,0.0,4.43,2.215
BM-sheet_1-3822,beam,0.1008,0.0,0.63,0.315
BM-sheet_1-3823,beam,0.5664,0.0,3.54,1.77
BM-sheet_1-3824,beam,0.3744,0.0,2.34,1.17
BM-sheet_1-3825,beam,0.272,0.0,1.7,0.85
BM-sheet_1-3826,beam,0.2432,0.0,1.52,0.76
BM-sheet_1-3827,beam,0.512,0.0,3.2,1.6
BM-sheet_1-3828,beam,0.176,0.0,1.1,0.55
BM-sheet_1-3829,beam,8.1936,0.0,51.21,25.605
BM-sheet_1-3830,beam,0.4256,0.0,2.66,1.33
BM-sheet_1-3831,beam,0.7088,0.0,4.43,2.215
BM-sheet_1-3832,beam,0.5568,0.0,3.48,1.74
BM-sheet_1-3833,beam,1.936,0.0,12.1,6.05
BM-sheet_1-3834,beam,0.1008,0.0,0.63,0.315
BM-sheet_1-3835,beam,0.32,0.0,2.0,1.0
BM-sheet_1-3836,beam,0.384,0.0,2.4,1.2
BM-sheet_1-3837,beam,0.176,0.0,1.1,0.55
BM-sheet_1-3838,beam,0.4256,0.0,2.66,1.33
BM-sheet_1-3839,beam,0.7088,0.0,4.43,2.215
BM-sheet_1-3840,beam,0.5568,0.0,3.48,1.74
BM-sheet_1-3841,beam,1.456,0.0,9.1,4.55
BM-sheet_1-3842,beam,0.1008,0.0,0.63,0.315
BM-sheet_1-3843,beam,0.1216,0.0,0.76,0.38
BM-sheet_1-3844,beam,0.1216,0.0,0.76,0.38
BM-sheet_1-3845,beam,0.416,0.0,2.6,1.3
BM-sheet_1-3846,beam,0.176,0.0,1.1,0.55
BM-sheet_1-3847,beam,0.1776,0.0,1.11,0.555
BM-sheet_1-3848,beam,0.4992,0.0,3.12,1.56
BM-sheet_1-3849,beam,0.208,0.0,1.3,0.65
BM-sheet_1-3850,beam,0.432,0.0,2.7,1.35
BM-sheet_1-3851,beam,0.4,0.0,2.5,1.25
BM-sheet_1-3852,beam,0.1008,0.0,0.63,0.315
BM-sheet_1-3853,beam,0.1056,0.0,0.66,0.33
BM-sheet_1-3854,beam,0.8096,0.0,5.06,2.53
BM-sheet_1-3855,beam,0.6528,0.0,4.08,2.04
BM-sheet_1-3856,beam,0.5472,0.0,3.42,1.71
BM-sheet_1-3857,beam,0.6496,0.0,4.06,2.03
BM-sheet_1-3858,beam,0.3904,0.0,2.44,1.22
BM-sheet_1-3859,beam,0.8096,0.0,5.06,2.53
BM-sheet_1-3860,beam,0.6368,0.0,3.98,1.99
BM-sheet_1-3861,beam,0.1184,0.0,0.74,0.37
BM-sheet_1-3862,beam,0.1776,0.0,1.11,0.555
BM-sheet_1-3863,beam,0.4032,0.0,2.52,1.26
BM-sheet_1-3864,beam,0.4256,0.0,2.66,1.33
BM-sheet_1-3865,beam,0.7088,0.0,4.43,2.215
BM-sheet_1-3866,beam,0.5408,0.0,3.38,1.69
BM-sheet_1-3867,beam,0.1008,0.0,0.63,0.315
BM-sheet_1-3868,beam,1.1023,0.0,6.889,3.445
BM-sheet_1-3869,beam,0.3744,0.0,2.34,1.17
BM-sheet_1-3870,beam,2.0304,0.0,12.69,6.345
BM-sheet_1-3871,beam,0.176,0.0,1.1,0.55
BM-sheet_1-3872,beam,0.1575,0.0,0.805,0.35
BM-sheet_1-3873,beam,0.5625,0.0,2.875,1.25
BM-sheet_1-3874,beam,0.1418,0.0,0.724,0.315
BM-sheet_1-3875,beam,0.1485,0.0,0.759,0.33
BM-sheet_1-3876,beam,0.832,0.0,5.2,2.6
BM-sheet_1-3877,beam,0.7328,0.0,4.58,2.29
BM-sheet_1-3878,beam,0.1584,0.0,0.99,0.495
BM-sheet_1-3879,beam,0.702,0.0,3.588,1.56
BM-sheet_1-3880,beam,0.4736,0.0,2.96,1.48
BM-sheet_1-3881,beam,0.736,0.0,4.6,2.3
BM-sheet_1-3882,beam,1.5872,0.0,9.92,4.96
BM-sheet_1-3883,beam,0.7776,0.0,4.86,2.43
BM-sheet_1-3884,beam,1.5232,0.0,9.52,4.76
BM-sheet_1-3885,beam,0.576,0.0,3.6,1.8
BM-sheet_1-3886,beam,0.3664,0.0,2.29,1.145
BM-sheet_1-3887,beam,0.784,0.0,4.9,2.45
BM-sheet_1-3888,beam,0.232,0.0,1.45,0.725
BM-sheet_1-3889,beam,0.232,0.0,1.45,0.725
BM-sheet_1-3890,beam,0.232,0.0,1.45,0.725
BM-sheet_1-3891,beam,0.312,0.0,1.95,0.975
BM-sheet_1-3892,beam,0.736,0.0,4.6,2.3
BM-sheet_1-3893,beam,0.8,0.0,5.0,2.5
BM-sheet_1-3894,beam,0.7344,0.0,4.59,2.295
BM-sheet_1-3895,beam,2.0144,0.0,12.59,6.295
BM-sheet_1-3896,beam,0.416,0.0,2.6,1.3
BM-sheet_1-3897,beam,0.7088,0.0,4.43,2.215
BM-sheet_1-3898,beam,0.9376,0.0,5.86,2.93
BM-sheet_1-3899,beam,0.7408,0.0,4.63,2.315
BM-sheet_1-3900,beam,0.813,0.0,5.081,2.54
BM-sheet_1-3901,beam,0.4736,0.0,2.96,1.48
BM-sheet_1-3902,beam,0.736,0.0,4.6,2.3
BM-sheet_1-3903,beam,0.832,0.0,5.2,2.6
BM-sheet_1-3904,beam,0.576,0.0,3.6,1.8
BM-sheet_1-3905,beam,0.3664,0.0,2.29,1.145
BM-sheet_1-3906,beam,0.784,0.0,4.9,2.45
BM-sheet_1-3907,beam,0.232,0.0,1.45,0.725
BM-sheet_1-3908,beam,0.232,0.0,1.45,0.725
BM-sheet_1-3909,beam,0.232,0.0,1.45,0.725
BM-sheet_1-3910,beam,0.312,0.0,1.95,0.975
BM-sheet_1-3911,beam,0.736,0.0,4.6,2.3
BM-sheet_1-3912,beam,2.7664,0.0,17.29,8.645
BM-sheet_1-3913,beam,1.5232,0.0,9.52,4.76
BM-sheet_1-3914,beam,1.5872,0.0,9.92,4.96
BM-sheet_1-3915,beam,0.4736,0.0,2.96,1.48
BM-sheet_1-3916,beam,0.576,0.0,3.6,1.8
BM-sheet_1-3917,beam,0.736,0.0,4.6,2.3
BM-sheet_1-3918,beam,1.5872,0.0,9.92,4.96
BM-sheet_1-3919,beam,0.832,0.0,5.2,2.6
BM-sheet_1-3920,beam,1.008,0.0,6.3,3.15
BM-sheet_1-3921,beam,1.5232,0.0,9.52,4.76
BM-sheet_1-3922,beam,0.3664,0.0,2.29,1.145
BM-sheet_1-3923,beam,0.784,0.0,4.9,2.45
BM-sheet_1-3924,beam,0.232,0.0,1.45,0.725
BM-sheet_1-3925,beam,0.232,0.0,1.45,0.725
BM-sheet_1-3926,beam,0.232,0.0,1.45,0.725
BM-sheet_1-3927,beam,0.312,0.0,1.95,0.975
BM-sheet_1-3928,beam,0.736,0.0,4.6,2.3
BM-sheet_1-3929,beam,0.7344,0.0,4.59,2.295
BM-sheet_1-3930,beam,0.912,0.0,5.7,2.85
BM-sheet_1-3931,beam,0.512,0.0,3.2,1.6
BM-sheet_1-3932,beam,0.6144,0.0,3.84,1.92
BM-sheet_1-3933,beam,0.224,0.0,1.4,0.7
BM-sheet_1-3934,beam,0.6912,0.0,4.32,2.16
BM-sheet_1-3935,beam,0.288,0.0,1.8,0.9
BM-sheet_1-3936,beam,0.8,0.0,5.0,2.5
BM-sheet_1-3937,beam,0.504,0.0,3.15,1.575
BM-sheet_1-3938,beam,1.4528,0.0,9.08,4.54
BM-sheet_1-3939,beam,0.968,0.0,6.05,3.025
BM-sheet_1-3940,beam,0.7568,0.0,4.73,2.365
BM-sheet_1-3941,beam,0.5344,0.0,3.34,1.67
BM-sheet_1-3942,beam,0.224,0.0,1.4,0.7
BM-sheet_1-3943,beam,0.6112,0.0,3.82,1.91
BM-sheet_1-3944,beam,0.352,0.0,2.2,1.1
BM-sheet_1-3945,beam,0.8,0.0,5.0,2.5
BM-sheet_1-3946,beam,0.3936,0.0,2.46,1.23
BM-sheet_1-3947,beam,0.1648,0.0,1.03,0.515
BM-sheet_1-3948,beam,0.464,0.0,2.9,1.45
BM-sheet_1-3949,beam,0.4256,0.0,2.66,1.33
BM-sheet_1-3950,beam,0.7088,0.0,4.43,2.215
BM-sheet_1-3951,beam,0.5568,0.0,3.48,1.74
BM-sheet_1-3952,beam,1.936,0.0,12.1,6.05
BM-sheet_1-3953,beam,0.1008,0.0,0.63,0.315
BM-sheet_1-3954,beam,0.512,0.0,3.2,1.6
BM-sheet_1-3955,beam,0.176,0.0,1.1,0.55
BM-sheet_1-3956,beam,0.168,0.0,1.05,0.525
BM-sheet_1-3957,beam,0.2848,0.0,1.78,0.89
BM-sheet_1-3958,beam,0.16,0.0,1.0,0.5
BM-sheet_1-3959,beam,0.4,0.0,2.5,1.25
BM-sheet_1-3960,beam,0.1776,0.0,1.11,0.555
BM-sheet_1-3961,beam,0.4032,0.0,2.52,1.26
BM-sheet_1-3962,beam,0.2656,0.0,1.66,0.83
BM-sheet_1-3963,beam,0.6528,0.0,4.08,2.04
BM-sheet_1-3964,beam,0.1776,0.0,1.11,0.555
BM-sheet_1-3965,beam,0.672,0.0,4.2,2.1
BM-sheet_1-3966,beam,0.4992,0.0,3.12,1.56
BM-sheet_1-3967,beam,3.0403,0.0,19.002,9.501
BM-sheet_1-3968,beam,1.0112,0.0,6.32,3.16
BM-sheet_1-3969,beam,0.2304,0.0,1.44,0.72
BM-sheet_1-3970,beam,0.208,0.0,1.3,0.65
BM-sheet_1-3971,beam,0.432,0.0,2.7,1.35
BM-sheet_1-3972,beam,0.4,0.0,2.5,1.25
BM-sheet_1-3973,beam,0.1008,0.0,0.63,0.315
BM-sheet_1-3974,beam,0.1056,0.0,0.66,0.33
BM-sheet_1-3975,beam,0.8096,0.0,5.06,2.53
BM-sheet_1-3976,beam,0.6528,0.0,4.08,2.04
BM-sheet_1-3977,beam,2.496,0.0,15.6,7.8
BM-sheet_1-3978,beam,0.1152,0.0,0.72,0.36
BM-sheet_1-3979,beam,0.5111,0.0,3.194,1.597
BM-sheet_1-3980,beam,0.8981,0.0,5.613,2.807
BM-sheet_1-3981,beam,2.4854,0.0,15.534,7.767
BM-sheet_1-3982,beam,0.7231,0.0,4.519,2.26
BM-sheet_1-3983,beam,1.7748,0.0,11.092,5.546
BM-sheet_1-3984,beam,0.9857,0.0,6.161,3.08
BM-sheet_1-3985,beam,1.6782,0.0,10.488,5.244
BM-sheet_1-3986,beam,0.1492,0.0,0.933,0.466
BM-sheet_1-3987,beam,0.4736,0.0,2.96,1.48
BM-sheet_1-3988,beam,0.576,0.0,3.6,1.8
BM-sheet_1-3989,beam,0.736,0.0,4.6,2.3
BM-sheet_1-3990,beam,1.5872,0.0,9.92,4.96
BM-sheet_1-3991,beam,0.832,0.0,5.2,2.6
BM-sheet_1-3992,beam,1.5232,0.0,9.52,4.76
BM-sheet_1-3993,beam,0.3664,0.0,2.29,1.145
BM-sheet_1-3994,beam,0.784,0.0,4.9,2.45
BM-sheet_1-3995,beam,0.232,0.0,1.45,0.725
BM-sheet_1-3996,beam,0.232,0.0,1.45,0.725
BM-sheet_1-3997,beam,0.232,0.0,1.45,0.725
BM-sheet_1-3998,beam,0.312,0.0,1.95,0.975
BM-sheet_1-3999,beam,0.736,0.0,4.6,2.3
BM-sheet_1-4000,beam,0.7344,0.0,4.59,2.295
BM-sheet_1-4001,beam,0.4256,0.0,2.66,1.33
BM-sheet_1-4002,beam,0.7088,0.0,4.43,2.215
BM-sheet_1-4003,beam,0.5568,0.0,3.48,1.74
BM-sheet_1-4004,beam,2.016,0.0,12.6,6.3
BM-sheet_1-4005,beam,0.1008,0.0,0.63,0.315
BM-sheet_1-4006,beam,0.7232,0.0,4.52,2.26
BM-sheet_1-4007,beam,0.672,0.0,4.2,2.1
BM-sheet_1-4008,beam,0.176,0.0,1.1,0.55
BM-sheet_1-4009,beam,0.4736,0.0,2.96,1.48
BM-sheet_1-4010,beam,0.736,0.0,4.6,2.3
BM-sheet_1-4011,beam,0.832,0.0,5.2,2.6
BM-sheet_1-4012,beam,0.576,0.0,3.6,1.8
BM-sheet_1-4013,beam,0.3664,0.0,2.29,1.145
BM-sheet_1-4014,beam,0.784,0.0,4.9,2.45
BM-sheet_1-4015,beam,0.232,0.0,1.45,0.725
BM-sheet_1-4016,beam,0.232,0.0,1.45,0.725
BM-sheet_1-4017,beam,0.232,0.0,1.45,0.725
BM-sheet_1-4018,beam,0.312,0.0,1.95,0.975
BM-sheet_1-4019,beam,0.736,0.0,4.6,2.3
BM-sheet_1-4020,beam,0.7344,0.0,4.59,2.295
BM-sheet_1-4021,beam,1.5232,0.0,9.52,4.76
BM-sheet_1-4022,beam,1.5872,0.0,9.92,4.96
BM-sheet_1-4023,beam,0.1344,0.0,0.84,0.42
BM-sheet_1-4024,beam,0.4736,0.0,2.96,1.48
BM-sheet_1-4025,beam,0.4736,0.0,2.96,1.48
BM-sheet_1-4026,beam,1.6192,0.0,10.12,5.06
BM-sheet_1-4027,beam,0.832,0.0,5.2,2.6
BM-sheet_1-4028,beam,1.5552,0.0,9.72,4.86
BM-sheet_1-4029,beam,1.2672,0.0,7.92,3.96
BM-sheet_1-4030,beam,0.288,0.0,1.8,0.9
BM-sheet_1-4031,beam,1.1456,0.0,7.16,3.58
BM-sheet_1-4032,beam,1.7536,0.0,10.96,5.48
BM-sheet_1-4033,beam,0.232,0.0,1.45,0.725
BM-sheet_1-4034,beam,0.232,0.0,1.45,0.725
BM-sheet_1-4035,beam,0.312,0.0,1.95,0.975
BM-sheet_1-4036,beam,0.232,0.0,1.45,0.725
BM-sheet_1-4037,beam,0.736,0.0,4.6,2.3
BM-sheet_1-4038,beam,0.736,0.0,4.6,2.3
BM-sheet_1-4039,beam,0.576,0.0,3.6,1.8
BM-sheet_1-4040,beam,0.1664,0.0,1.04,0.52
BM-sheet_1-4041,beam,0.784,0.0,4.9,2.45
BM-sheet_1-4042,beam,0.1344,0.0,0.84,0.42
BM-sheet_1-4043,beam,0.1344,0.0,0.84,0.42
BM-sheet_1-4044,beam,1.7047,0.0,10.654,5.327
BM-sheet_1-4045,beam,0.48,0.0,3.0,1.5
BM-sheet_1-4046,beam,0.224,0.0,1.4,0.7
BM-sheet_1-4047,beam,0.7456,0.0,4.66,2.33
BM-sheet_1-4048,beam,0.352,0.0,2.2,1.1
BM-sheet_1-4049,beam,0.8576,0.0,5.36,2.68
BM-sheet_1-4050,beam,0.4208,0.0,2.63,1.315
BM-sheet_1-4051,beam,0.504,0.0,3.15,1.575
BM-sheet_1-4052,beam,1.424,0.0,8.9,4.45
BM-sheet_1-4053,beam,1.1456,0.0,7.16,3.58
BM-sheet_1-4054,beam,0.448,0.0,2.8,1.4
BM-sheet_1-4055,beam,0.4224,0.0,2.64,1.32
BM-sheet_1-4056,beam,0.4224,0.0,2.64,1.32
BM-sheet_1-4057,beam,0.1316,0.0,0.822,0.411
BM-sheet_1-4058,beam,0.17,0.0,1.062,0.531
BM-sheet_1-4059,beam,0.224,0.0,1.4,0.7
BM-sheet_1-4060,beam,0.6112,0.0,3.82,1.91
BM-sheet_1-4061,beam,0.6112,0.0,3.82,1.91
BM-sheet_1-4062,beam,0.368,0.0,2.3,1.15
BM-sheet_1-4063,beam,0.352,0.0,2.2,1.1
BM-sheet_1-4064,beam,0.672,0.0,4.2,2.1
BM-sheet_1-4065,beam,0.608,0.0,3.8,1.9
BM-sheet_1-4066,beam,0.3936,0.0,2.46,1.23
BM-sheet_1-4067,beam,0.6048,0.0,3.78,1.89
BM-sheet_1-4068,beam,0.504,0.0,3.15,1.575
BM-sheet_1-4069,beam,1.1456,0.0,7.16,3.58
BM-sheet_1-4070,beam,0.4224,0.0,2.64,1.32
BM-sheet_1-4071,beam,0.1412,0.0,0.882,0.441
BM-sheet_1-4072,beam,0.1212,0.0,0.758,0.379
BM-sheet_1-4073,beam,0.3232,0.0,2.02,1.01
BM-sheet_1-4074,beam,0.4564,0.0,2.852,1.426
BM-sheet_1-4075,beam,0.208,0.0,1.3,0.65
BM-sheet_1-4076,beam,0.4224,0.0,2.64,1.32
BM-sheet_1-4077,beam,0.4,0.0,2.5,1.25
BM-sheet_1-4078,beam,0.1008,0.0,0.63,0.315
BM-sheet_1-4079,beam,0.1633,0.0,1.021,0.51
BM-sheet_1-4080,beam,0.3904,0.0,2.44,1.22
BM-sheet_1-4081,beam,0.8096,0.0,5.06,2.53
BM-sheet_1-4082,beam,0.6528,0.0,4.08,2.04
BM-sheet_1-4083,beam,0.1776,0.0,1.11,0.555
BM-sheet_1-4084,beam,0.4992,0.0,3.12,1.56
BM-sheet_1-4085,beam,0.1648,0.0,1.03,0.515
BM-sheet_1-4086,beam,0.464,0.0,2.9,1.45
BM-sheet_1-4087,beam,0.4256,0.0,2.66,1.33
BM-sheet_1-4088,beam,0.7088,0.0,4.43,2.215
BM-sheet_1-4089,beam,0.5568,0.0,3.48,1.74
BM-sheet_1-4090,beam,1.936,0.0,12.1,6.05
BM-sheet_1-4091,beam,0.1008,0.0,0.63,0.315
BM-sheet_1-4092,beam,0.512,0.0,3.2,1.6
BM-sheet_1-4093,beam,0.176,0.0,1.1,0.55
BM-sheet_1-4094,beam,0.168,0.0,1.05,0.525
BM-sheet_1-4095,beam,0.2428,0.0,1.518,0.759
BM-sheet_1-4096,beam,0.5097,0.0,3.186,1.593
BM-sheet_1-4097,beam,0.1776,0.0,1.11,0.555
BM-sheet_1-4098,beam,0.4032,0.0,2.52,1.26
BM-sheet_1-4099,beam,0.2656,0.0,1.66,0.83
BM-sheet_1-4100,beam,0.624,0.0,3.9,1.95
BM-sheet_1-4101,beam,0.8096,0.0,5.06,2.53
BM-sheet_1-4102,beam,0.6528,0.0,4.08,2.04
BM-sheet_1-4103,beam,0.1152,0.0,0.72,0.36
BM-sheet_1-4104,beam,3.2,0.0,20.0,10.0
BM-sheet_1-4105,beam,0.6784,0.0,4.24,2.12
BM-sheet_1-4106,beam,0.4256,0.0,2.66,1.33
BM-sheet_1-4107,beam,0.7088,0.0,4.43,2.215
BM-sheet_1-4108,beam,0.5568,0.0,3.48,1.74
BM-sheet_1-4109,beam,2.032,0.0,12.7,6.35
BM-sheet_1-4110,beam,0.096,0.0,0.6,0.3
BM-sheet_1-4111,beam,0.4544,0.0,2.84,1.42
BM-sheet_1-4112,beam,0.2432,0.0,1.52,0.76
BM-sheet_1-4113,beam,0.512,0.0,3.2,1.6
BM-sheet_1-4114,beam,0.176,0.0,1.1,0.55
BM-sheet_1-4115,beam,0.4736,0.0,2.96,1.48
BM-sheet_1-4116,beam,0.736,0.0,4.6,2.3
BM-sheet_1-4117,beam,0.832,0.0,5.2,2.6
BM-sheet_1-4118,beam,0.576,0.0,3.6,1.8
BM-sheet_1-4119,beam,0.3664,0.0,2.29,1.145
BM-sheet_1-4120,beam,0.784,0.0,4.9,2.45
BM-sheet_1-4121,beam,0.232,0.0,1.45,0.725
BM-sheet_1-4122,beam,0.232,0.0,1.45,0.725
BM-sheet_1-4123,beam,0.232,0.0,1.45,0.725
BM-sheet_1-4124,beam,0.312,0.0,1.95,0.975
BM-sheet_1-4125,beam,0.736,0.0,4.6,2.3
BM-sheet_1-4126,beam,0.7344,0.0,4.59,2.295
BM-sheet_1-4127,beam,1.5232,0.0,9.52,4.76
BM-sheet_1-4128,beam,1.5872,0.0,9.92,4.96
BM-sheet_1-4129,beam,0.1344,0.0,0.84,0.42
BM-sheet_1-4130,beam,0.4736,0.0,2.96,1.48
BM-sheet_1-4131,beam,0.4736,0.0,2.96,1.48
BM-sheet_1-4132,beam,1.6192,0.0,10.12,5.06
BM-sheet_1-4133,beam,0.832,0.0,5.2,2.6
BM-sheet_1-4134,beam,1.5552,0.0,9.72,4.86
BM-sheet_1-4135,beam,1.2672,0.0,7.92,3.96
BM-sheet_1-4136,beam,0.288,0.0,1.8,0.9
BM-sheet_1-4137,beam,1.0546,0.0,6.591,3.295
BM-sheet_1-4138,beam,1.9882,0.0,12.426,6.213
BM-sheet_1-4139,beam,0.232,0.0,1.45,0.725
BM-sheet_1-4140,beam,0.232,0.0,1.45,0.725
BM-sheet_1-4141,beam,0.312,0.0,1.95,0.975
BM-sheet_1-4142,beam,0.232,0.0,1.45,0.725
BM-sheet_1-4143,beam,0.736,0.0,4.6,2.3
BM-sheet_1-4144,beam,0.576,0.0,3.6,1.8
BM-sheet_1-4145,beam,0.8,0.0,5.0,2.5
BM-sheet_1-4146,beam,0.736,0.0,4.6,2.3
BM-sheet_1-4147,beam,0.1664,0.0,1.04,0.52
BM-sheet_1-4148,beam,1.0944,0.0,6.84,3.42
BM-sheet_1-4149,beam,0.784,0.0,4.9,2.45
BM-sheet_1-4150,beam,0.1344,0.0,0.84,0.42
BM-sheet_1-4151,beam,2.446,0.0,15.288,7.644
BM-sheet_1-4152,beam,1.244,0.0,7.775,3.888
BM-sheet_1-4153,beam,1.4486,0.0,9.054,4.527
BM-sheet_1-4154,beam,0.1661,0.0,1.038,0.519
BM-sheet_1-4155,beam,0.1156,0.0,0.723,0.361
BM-sheet_1-4156,beam,2.5424,0.0,15.89,7.945
BM-sheet_1-4157,beam,0.119,0.0,0.744,0.372
BM-sheet_1-4158,beam,0.1178,0.0,0.736,0.368
BM-sheet_1-4159,beam,0.4736,0.0,2.96,1.48
BM-sheet_1-4160,beam,0.576,0.0,3.6,1.8
BM-sheet_1-4161,beam,0.736,0.0,4.6,2.3
BM-sheet_1-4162,beam,1.5872,0.0,9.92,4.96
BM-sheet_1-4163,beam,0.832,0.0,5.2,2.6
BM-sheet_1-4164,beam,1.5232,0.0,9.52,4.76
BM-sheet_1-4165,beam,0.3664,0.0,2.29,1.145
BM-sheet_1-4166,beam,0.784,0.0,4.9,2.45
BM-sheet_1-4167,beam,0.232,0.0,1.45,0.725
BM-sheet_1-4168,beam,0.232,0.0,1.45,0.725
BM-sheet_1-4169,beam,0.232,0.0,1.45,0.725
BM-sheet_1-4170,beam,0.312,0.0,1.95,0.975
BM-sheet_1-4171,beam,0.736,0.0,4.6,2.3
BM-sheet_1-4172,beam,0.7344,0.0,4.59,2.295
BM-sheet_1-4173,beam,0.179,0.0,1.119,0.559
BM-sheet_1-4174,beam,0.6112,0.0,3.82,1.91
BM-sheet_1-4175,beam,0.288,0.0,1.8,0.9
BM-sheet_1-4176,beam,0.672,0.0,4.2,2.1
BM-sheet_1-4177,beam,0.608,0.0,3.8,1.9
BM-sheet_1-4178,beam,1.4272,0.0,8.92,4.46
BM-sheet_1-4179,beam,0.9792,0.0,6.12,3.06
BM-sheet_1-4180,beam,1.1616,0.0,7.26,3.63
BM-sheet_1-4181,beam,0.6144,0.0,3.84,1.92
BM-sheet_1-4182,beam,8.3392,0.0,52.12,26.06
BM-sheet_1-4183,beam,0.4384,0.0,2.74,1.37
BM-sheet_1-4184,beam,0.6112,0.0,3.82,1.91
BM-sheet_1-4185,beam,0.352,0.0,2.2,1.1
BM-sheet_1-4186,beam,0.656,0.0,4.1,2.05
BM-sheet_1-4187,beam,0.608,0.0,3.8,1.9
BM-sheet_1-4188,beam,1.7728,0.0,11.08,5.54
BM-sheet_1-4189,beam,0.8,0.0,5.0,2.5
BM-sheet_1-4190,beam,1.0496,0.0,6.56,3.28
BM-sheet_1-4191,beam,0.448,0.0,2.8,1.4
BM-sheet_1-4192,beam,0.3528,0.0,2.205,1.102
BM-sheet_1-4193,beam,0.2752,0.0,1.72,0.86
BM-sheet_1-4194,beam,0.6496,0.0,4.06,2.03
BM-sheet_1-4195,beam,0.5984,0.0,3.74,1.87
BM-sheet_1-4196,beam,2.592,0.0,16.2,8.1
BM-sheet_1-4197,beam,0.232,0.0,1.45,0.725
BM-sheet_1-4198,beam,0.232,0.0,1.45,0.725
BM-sheet_1-4199,beam,0.784,0.0,4.9,2.45
BM-sheet_1-4200,beam,0.736,0.0,4.6,2.3
BM-sheet_1-4201,beam,0.312,0.0,1.95,0.975
BM-sheet_1-4202,beam,0.3168,0.0,1.98,0.99
BM-sheet_1-4203,beam,0.736,0.0,4.6,2.3
BM-sheet_1-4204,beam,0.232,0.0,1.45,0.725
BM-sheet_1-4205,beam,1.3568,0.0,8.48,4.24
BM-sheet_1-4206,beam,1.638,0.0,6.5,2.6
BM-sheet_1-4207,beam,3.3768,0.0,13.4,5.36
BM-sheet_1-4208,beam,0.1344,0.0,0.84,0.42
BM-sheet_1-4209,beam,0.4736,0.0,2.96,1.48
BM-sheet_1-4210,beam,0.4736,0.0,2.96,1.48
BM-sheet_1-4211,beam,1.6192,0.0,10.12,5.06
BM-sheet_1-4212,beam,0.832,0.0,5.2,2.6
BM-sheet_1-4213,beam,1.5552,0.0,9.72,4.86
BM-sheet_1-4214,beam,1.2672,0.0,7.92,3.96
BM-sheet_1-4215,beam,0.288,0.0,1.8,0.9
BM-sheet_1-4216,beam,3.1552,0.0,19.72,9.86
BM-sheet_1-4217,beam,0.232,0.0,1.45,0.725
BM-sheet_1-4218,beam,0.232,0.0,1.45,0.725
BM-sheet_1-4219,beam,0.312,0.0,1.95,0.975
BM-sheet_1-4220,beam,0.232,0.0,1.45,0.725
BM-sheet_1-4221,beam,0.736,0.0,4.6,2.3
BM-sheet_1-4222,beam,0.576,0.0,3.6,1.8
BM-sheet_1-4223,beam,0.736,0.0,4.6,2.3
BM-sheet_1-4224,beam,0.1664,0.0,1.04,0.52
BM-sheet_1-4225,beam,0.784,0.0,4.9,2.45
BM-sheet_1-4226,beam,0.1344,0.0,0.84,0.42
BM-sheet_1-4227,beam,0.1344,0.0,0.84,0.42
BM-sheet_1-4228,beam,0.6912,0.0,4.32,2.16
BM-sheet_1-4229,beam,0.384,0.0,2.4,1.2
BM-sheet_1-4230,beam,0.672,0.0,4.2,2.1
BM-sheet_1-4231,beam,0.8576,0.0,5.36,2.68
BM-sheet_1-4232,beam,0.608,0.0,3.8,1.9
BM-sheet_1-4233,beam,0.6432,0.0,4.02,2.01
BM-sheet_1-4234,beam,0.9792,0.0,6.12,3.06
BM-sheet_1-4235,beam,1.1616,0.0,7.26,3.63
BM-sheet_1-4236,beam,0.224,0.0,1.4,0.7
BM-sheet_1-4237,beam,0.4224,0.0,2.64,1.32
BM-sheet_1-4238,beam,0.2688,0.0,1.68,0.84
BM-sheet_1-4239,beam,2.9606,0.0,18.503,9.252
BM-sheet_1-4240,beam,0.9146,0.0,5.716,2.858
BM-sheet_1-4241,beam,3.072,0.0,19.2,9.6
BM-sheet_1-4242,beam,0.8,0.0,5.0,2.5
BM-sheet_1-4243,beam,0.464,0.0,2.9,1.45
BM-sheet_1-4244,beam,0.5952,0.0,3.72,1.86
BM-sheet_1-4245,beam,0.448,0.0,2.8,1.4
BM-sheet_1-4246,beam,0.4,0.0,2.5,1.25
BM-sheet_1-4247,beam,0.304,0.0,1.9,0.95
BM-sheet_1-4248,beam,0.544,0.0,3.4,1.7
BM-sheet_1-4249,beam,0.0976,0.0,0.61,0.305
BM-sheet_1-4250,beam,0.3408,0.0,2.13,1.065
BM-sheet_1-4251,beam,0.528,0.0,3.3,1.65
BM-sheet_1-4252,beam,1.5232,0.0,9.52,4.76
BM-sheet_1-4253,beam,0.2544,0.0,1.59,0.795
BM-sheet_1-4254,beam,0.2704,0.0,1.69,0.845
BM-sheet_1-4255,beam,0.3328,0.0,2.08,1.04
BM-sheet_1-4256,beam,1.36,0.0,8.5,4.25
BM-sheet_1-4257,beam,0.3296,0.0,2.06,1.03
BM-sheet_1-4258,beam,1.104,0.0,6.9,3.45
BM-sheet_1-4259,beam,0.2672,0.0,1.67,0.835
BM-sheet_1-4260,beam,0.8122,0.0,5.077,2.538
BM-sheet_1-4261,beam,0.224,0.0,1.4,0.7
BM-sheet_1-4262,beam,0.6112,0.0,3.82,1.91
BM-sheet_1-4263,beam,0.368,0.0,2.3,1.15
BM-sheet_1-4264,beam,0.672,0.0,4.2,2.1
BM-sheet_1-4265,beam,0.672,0.0,4.2,2.1
BM-sheet_1-4266,beam,0.608,0.0,3.8,1.9
BM-sheet_1-4267,beam,0.608,0.0,3.8,1.9
BM-sheet_1-4268,beam,0.2336,0.0,1.46,0.73
BM-sheet_1-4269,beam,0.1056,0.0,0.66,0.33
BM-sheet_1-4270,beam,0.6656,0.0,4.16,2.08
BM-sheet_1-4271,beam,0.968,0.0,6.05,3.025
BM-sheet_1-4272,beam,0.7568,0.0,4.73,2.365
BM-sheet_1-4273,beam,0.1776,0.0,1.11,0.555
BM-sheet_1-4274,beam,0.3712,0.0,2.32,1.16
BM-sheet_1-4275,beam,0.2304,0.0,1.44,0.72
BM-sheet_1-4276,beam,0.208,0.0,1.3,0.65
BM-sheet_1-4277,beam,0.432,0.0,2.7,1.35
BM-sheet_1-4278,beam,0.4,0.0,2.5,1.25
BM-sheet_1-4279,beam,0.1008,0.0,0.63,0.315
BM-sheet_1-4280,beam,0.1056,0.0,0.66,0.33
BM-sheet_1-4281,beam,0.624,0.0,3.9,1.95
BM-sheet_1-4282,beam,0.8096,0.0,5.06,2.53
BM-sheet_1-4283,beam,0.6528,0.0,4.08,2.04
BM-sheet_1-4284,beam,0.1648,0.0,1.03,0.515
BM-sheet_1-4285,beam,0.3296,0.0,2.06,1.03
BM-sheet_1-4286,beam,0.6448,0.0,4.03,2.015
BM-sheet_1-4287,beam,0.5568,0.0,3.48,1.74
BM-sheet_1-4288,beam,1.936,0.0,12.1,6.05
BM-sheet_1-4289,beam,0.1024,0.0,0.64,0.32
BM-sheet_1-4290,beam,0.128,0.0,0.8,0.4
BM-sheet_1-4291,beam,0.168,0.0,1.05,0.525
BM-sheet_1-4292,beam,0.1248,0.0,0.78,0.39
BM-sheet_1-4293,beam,0.16,0.0,1.0,0.5
BM-sheet_1-4294,beam,0.368,0.0,2.3,1.15
BM-sheet_1-4295,beam,0.152,0.0,0.95,0.475
BM-sheet_1-4296,beam,0.4032,0.0,2.52,1.26
BM-sheet_1-4297,beam,1.7707,0.0,11.067,5.533
BM-sheet_1-4298,beam,0.2656,0.0,1.66,0.83
BM-sheet_1-4299,beam,0.832,0.0,5.2,2.6
BM-sheet_1-4300,beam,0.8096,0.0,5.06,2.53
BM-sheet_1-4301,beam,0.7168,0.0,4.48,2.24
BM-sheet_1-4302,beam,0.4736,0.0,2.96,1.48
BM-sheet_1-4303,beam,0.576,0.0,3.6,1.8
BM-sheet_1-4304,beam,0.736,0.0,4.6,2.3
BM-sheet_1-4305,beam,1.5872,0.0,9.92,4.96
BM-sheet_1-4306,beam,1.5232,0.0,9.52,4.76
BM-sheet_1-4307,beam,0.3664,0.0,2.29,1.145
BM-sheet_1-4308,beam,0.784,0.0,4.9,2.45
BM-sheet_1-4309,beam,0.232,0.0,1.45,0.725
BM-sheet_1-4310,beam,0.232,0.0,1.45,0.725
BM-sheet_1-4311,beam,0.232,0.0,1.45,0.725
BM-sheet_1-4312,beam,0.312,0.0,1.95,0.975
BM-sheet_1-4313,beam,0.736,0.0,4.6,2.3
BM-sheet_1-4314,beam,0.7344,0.0,4.59,2.295
BM-sheet_1-4315,beam,0.232,0.0,1.45,0.725
BM-sheet_1-4316,beam,0.232,0.0,1.45,0.725
BM-sheet_1-4317,beam,0.784,0.0,4.9,2.45
BM-sheet_1-4318,beam,0.296,0.0,1.85,0.925
BM-sheet_1-4319,beam,0.736,0.0,4.6,2.3
BM-sheet_1-4320,beam,0.6016,0.0,3.76,1.88
BM-sheet_1-4321,beam,0.6048,0.0,3.78,1.89
BM-sheet_1-4322,beam,1.1648,0.0,7.28,3.64
BM-sheet_1-4323,beam,0.896,0.0,5.6,2.8
BM-sheet_1-4324,beam,0.832,0.0,5.2,2.6
BM-sheet_1-4325,beam,0.896,0.0,5.6,2.8
BM-sheet_1-4326,beam,0.232,0.0,1.45,0.725
BM-sheet_1-4327,beam,0.4544,0.0,2.84,1.42
BM-sheet_1-4328,beam,0.992,0.0,6.2,3.1
BM-sheet_1-4329,beam,0.736,0.0,4.6,2.3
BM-sheet_1-4330,beam,0.8,0.0,5.0,2.5
BM-sheet_1-4331,beam,0.7456,0.0,4.66,2.33
BM-sheet_1-4332,beam,2.2091,0.0,13.807,6.903
BM-sheet_1-4333,beam,2.5424,0.0,15.89,7.945
BM-sheet_1-4334,beam,0.2075,0.0,1.297,0.648
BM-sheet_1-4335,beam,0.9017,0.0,5.636,2.818
BM-sheet_1-4336,beam,1.5758,0.0,9.849,4.924
BM-sheet_1-4337,beam,0.6368,0.0,3.98,1.99
BM-sheet_1-4338,beam,0.1058,0.0,0.661,0.331
BM-sheet_1-4339,beam,0.4736,0.0,2.96,1.48
BM-sheet_1-4340,beam,0.736,0.0,4.6,2.3
BM-sheet_1-4341,beam,0.832,0.0,5.2,2.6
BM-sheet_1-4342,beam,0.576,0.0,3.6,1.8
BM-sheet_1-4343,beam,0.3664,0.0,2.29,1.145
BM-sheet_1-4344,beam,0.784,0.0,4.9,2.45
BM-sheet_1-4345,beam,0.232,0.0,1.45,0.725
BM-sheet_1-4346,beam,0.232,0.0,1.45,0.725
BM-sheet_1-4347,beam,0.232,0.0,1.45,0.725
BM-sheet_1-4348,beam,0.312,0.0,1.95,0.975
BM-sheet_1-4349,beam,0.736,0.0,4.6,2.3
BM-sheet_1-4350,beam,0.7344,0.0,4.59,2.295
BM-sheet_1-4351,beam,1.5232,0.0,9.52,4.76
BM-sheet_1-4352,beam,1.5872,0.0,9.92,4.96
BM-sheet_1-4353,beam,0.4256,0.0,2.66,1.33
BM-sheet_1-4354,beam,0.7088,0.0,4.43,2.215
BM-sheet_1-4355,beam,0.5568,0.0,3.48,1.74
BM-sheet_1-4356,beam,2.032,0.0,12.7,6.35
BM-sheet_1-4357,beam,0.1008,0.0,0.63,0.315
BM-sheet_1-4358,beam,0.4544,0.0,2.84,1.42
BM-sheet_1-4359,beam,0.2432,0.0,1.52,0.76
BM-sheet_1-4360,beam,0.512,0.0,3.2,1.6
BM-sheet_1-4361,beam,0.176,0.0,1.1,0.55
BM-sheet_1-4362,beam,0.3035,0.0,1.897,0.948
BM-sheet_1-4363,beam,0.6912,0.0,4.32,2.16
BM-sheet_1-4364,beam,0.6112,0.0,3.82,1.91
BM-sheet_1-4365,beam,0.3424,0.0,2.14,1.07
BM-sheet_1-4366,beam,0.672,0.0,4.2,2.1
BM-sheet_1-4367,beam,0.672,0.0,4.2,2.1
BM-sheet_1-4368,beam,0.608,0.0,3.8,1.9
BM-sheet_1-4369,beam,0.608,0.0,3.8,1.9
BM-sheet_1-4370,beam,0.352,0.0,2.2,1.1
BM-sheet_1-4371,beam,0.6912,0.0,4.32,2.16
BM-sheet_1-4372,beam,0.8128,0.0,5.08,2.54
BM-sheet_1-4373,beam,0.5936,0.0,3.71,1.855
BM-sheet_1-4374,beam,0.8208,0.0,5.13,2.565
BM-sheet_1-4375,beam,0.4064,0.0,2.54,1.27
BM-sheet_1-4376,beam,1.0848,0.0,6.78,3.39
BM-sheet_1-4377,beam,0.144,0.0,0.9,0.45
BM-sheet_1-4378,beam,0.2336,0.0,1.46,0.73
BM-sheet_1-4379,beam,0.2624,0.0,1.64,0.82
BM-sheet_1-4380,beam,0.3904,0.0,2.44,1.22
BM-sheet_1-4381,beam,0.3232,0.0,2.02,1.01
BM-sheet_1-4382,beam,0.5792,0.0,3.62,1.81
BM-sheet_1-4383,beam,0.1216,0.0,0.76,0.38
BM-sheet_1-4384,beam,0.304,0.0,1.9,0.95
BM-sheet_1-4385,beam,0.448,0.0,2.8,1.4
BM-sheet_1-4386,beam,0.608,0.0,3.8,1.9
BM-sheet_1-4387,beam,0.2672,0.0,1.67,0.835
BM-sheet_1-4388,beam,0.352,0.0,2.2,1.1
BM-sheet_1-4389,beam,0.544,0.0,3.4,1.7
BM-sheet_1-4390,beam,0.3008,0.0,1.88,0.94
BM-sheet_1-4391,beam,0.4544,0.0,2.84,1.42
BM-sheet_1-4392,beam,0.096,0.0,0.6,0.3
BM-sheet_1-4393,beam,0.4256,0.0,2.66,1.33
BM-sheet_1-4394,beam,0.7088,0.0,4.43,2.215
BM-sheet_1-4395,beam,0.5408,0.0,3.38,1.69
BM-sheet_1-4396,beam,0.1008,0.0,0.63,0.315
BM-sheet_1-4397,beam,0.2432,0.0,1.52,0.76
BM-sheet_1-4398,beam,0.4928,0.0,3.08,1.54
BM-sheet_1-4399,beam,0.512,0.0,3.2,1.6
BM-sheet_1-4400,beam,0.16,0.0,1.0,0.5
BM-sheet_1-4401,beam,0.4992,0.0,3.12,1.56
BM-sheet_1-4402,beam,0.2304,0.0,1.44,0.72
BM-sheet_1-4403,beam,0.208,0.0,1.3,0.65
BM-sheet_1-4404,beam,0.4224,0.0,2.64,1.32
BM-sheet_1-4405,beam,0.3613,0.0,2.258,1.129
BM-sheet_1-4406,beam,0.2272,0.0,1.42,0.71
BM-sheet_1-4407,beam,0.1589,0.0,0.993,0.497
BM-sheet_1-4408,beam,0.3904,0.0,2.44,1.22
BM-sheet_1-4409,beam,0.8096,0.0,5.06,2.53
BM-sheet_1-4410,beam,0.6688,0.0,4.18,2.09
BM-sheet_1-4411,beam,0.1776,0.0,1.11,0.555
BM-sheet_1-4412,beam,0.4832,0.0,3.02,1.51
BM-sheet_1-4413,beam,0.3904,0.0,2.44,1.22
BM-sheet_1-4414,beam,0.8096,0.0,5.06,2.53
BM-sheet_1-4415,beam,0.6528,0.0,4.08,2.04
BM-sheet_1-4416,beam,0.1776,0.0,1.11,0.555
BM-sheet_1-4417,beam,0.4032,0.0,2.52,1.26
BM-sheet_1-4418,beam,0.5216,0.0,3.26,1.63
BM-sheet_1-4419,beam,0.16,0.0,1.0,0.5
BM-sheet_1-4420,beam,0.304,0.0,1.9,0.95
BM-sheet_1-4421,beam,0.168,0.0,1.05,0.525
BM-sheet_1-4422,beam,0.4192,0.0,2.62,1.31
BM-sheet_1-4423,beam,0.4256,0.0,2.66,1.33
BM-sheet_1-4424,beam,0.7088,0.0,4.43,2.215
BM-sheet_1-4425,beam,0.5568,0.0,3.48,1.74
BM-sheet_1-4426,beam,1.936,0.0,12.1,6.05
BM-sheet_1-4427,beam,0.512,0.0,3.2,1.6
BM-sheet_1-4428,beam,0.176,0.0,1.1,0.55
BM-sheet_1-4429,beam,0.4736,0.0,2.96,1.48
BM-sheet_1-4430,beam,0.576,0.0,3.6,1.8
BM-sheet_1-4431,beam,0.736,0.0,4.6,2.3
BM-sheet_1-4432,beam,0.832,0.0,5.2,2.6
BM-sheet_1-4433,beam,0.3664,0.0,2.29,1.145
BM-sheet_1-4434,beam,0.784,0.0,4.9,2.45
BM-sheet_1-4435,beam,0.232,0.0,1.45,0.725
BM-sheet_1-4436,beam,0.232,0.0,1.45,0.725
BM-sheet_1-4437,beam,0.232,0.0,1.45,0.725
BM-sheet_1-4438,beam,0.312,0.0,1.95,0.975
BM-sheet_1-4439,beam,0.736,0.0,4.6,2.3
BM-sheet_1-4440,beam,0.7344,0.0,4.59,2.295
BM-sheet_1-4441,beam,1.5232,0.0,9.52,4.76
BM-sheet_1-4442,beam,1.5872,0.0,9.92,4.96
BM-sheet_1-4443,beam,0.8,0.0,5.0,2.5
BM-sheet_1-4444,beam,0.232,0.0,1.45,0.725
BM-sheet_1-4445,beam,0.232,0.0,1.45,0.725
BM-sheet_1-4446,beam,0.784,0.0,4.9,2.45
BM-sheet_1-4447,beam,0.736,0.0,4.6,2.3
BM-sheet_1-4448,beam,0.312,0.0,1.95,0.975
BM-sheet_1-4449,beam,0.736,0.0,4.6,2.3
BM-sheet_1-4450,beam,0.232,0.0,1.45,0.725
BM-sheet_1-4451,beam,0.576,0.0,3.6,1.8
BM-sheet_1-4452,beam,0.7968,0.0,4.98,2.49
BM-sheet_1-4453,beam,0.896,0.0,5.6,2.8
BM-sheet_1-4454,beam,1.1968,0.0,7.48,3.74
BM-sheet_1-4455,beam,1.5552,0.0,9.72,4.86
BM-sheet_1-4456,beam,0.896,0.0,5.6,2.8
BM-sheet_1-4457,beam,0.2976,0.0,1.86,0.93
BM-sheet_1-4458,beam,0.3744,0.0,2.34,1.17
BM-sheet_1-4459,beam,0.4544,0.0,2.84,1.42
BM-sheet_1-4460,beam,0.7296,0.0,4.56,2.28
BM-sheet_1-4461,beam,0.832,0.0,5.2,2.6
BM-sheet_1-4462,beam,0.992,0.0,6.2,3.1
BM-sheet_1-4463,beam,2.5424,0.0,15.89,7.945
BM-sheet_1-4464,beam,0.4709,0.0,2.943,1.471
BM-sheet_1-4465,beam,0.9545,0.0,5.965,2.983
BM-sheet_1-4466,beam,1.8516,0.0,11.572,5.786
BM-sheet_1-4467,beam,0.1612,0.0,1.007,0.504
BM-sheet_1-4468,beam,0.1152,0.0,0.72,0.36
BM-sheet_1-4469,beam,0.4736,0.0,2.96,1.48
BM-sheet_1-4470,beam,0.576,0.0,3.6,1.8
BM-sheet_1-4471,beam,0.736,0.0,4.6,2.3
BM-sheet_1-4472,beam,1.5872,0.0,9.92,4.96
BM-sheet_1-4473,beam,0.832,0.0,5.2,2.6
BM-sheet_1-4474,beam,0.3664,0.0,2.29,1.145
BM-sheet_1-4475,beam,0.784,0.0,4.9,2.45
BM-sheet_1-4476,beam,0.232,0.0,1.45,0.725
BM-sheet_1-4477,beam,0.232,0.0,1.45,0.725
BM-sheet_1-4478,beam,0.232,0.0,1.45,0.725
BM-sheet_1-4479,beam,0.312,0.0,1.95,0.975
BM-sheet_1-4480,beam,0.736,0.0,4.6,2.3
BM-sheet_1-4481,beam,1.5232,0.0,9.52,4.76
BM-sheet_1-4482,beam,2.7664,0.0,17.29,8.645
BM-sheet_1-4483,beam,1.6686,0.0,10.429,5.214
BM-sheet_1-4484,beam,1.0464,0.0,6.54,3.27
BM-sheet_1-4485,beam,0.1216,0.0,0.76,0.38
BM-sheet_1-4486,beam,0.7184,0.0,4.49,2.245
BM-sheet_1-4487,beam,0.416,0.0,2.6,1.3
BM-sheet_1-4488,beam,1.5552,0.0,9.72,4.86
BM-sheet_1-4489,beam,0.2144,0.0,1.34,0.67
BM-sheet_1-4490,beam,1.6192,0.0,10.12,5.06
BM-sheet_1-4491,beam,0.3264,0.0,2.04,1.02
BM-sheet_1-4492,beam,1.2288,0.0,7.68,3.84
BM-sheet_1-4493,beam,0.4736,0.0,2.96,1.48
BM-sheet_1-4494,beam,0.312,0.0,1.95,0.975
BM-sheet_1-4495,beam,0.232,0.0,1.45,0.725
BM-sheet_1-4496,beam,0.2464,0.0,1.54,0.77
BM-sheet_1-4497,beam,1.1744,0.0,7.34,3.67
BM-sheet_1-4498,beam,0.8,0.0,5.0,2.5
BM-sheet_1-4499,beam,0.736,0.0,4.6,2.3
BM-sheet_1-4500,beam,0.736,0.0,4.6,2.3
BM-sheet_1-4501,beam,0.784,0.0,4.9,2.45
BM-sheet_1-4502,beam,0.832,0.0,5.2,2.6
BM-sheet_1-4503,beam,0.232,0.0,1.45,0.725
BM-sheet_1-4504,beam,0.232,0.0,1.45,0.725
BM-sheet_1-4505,beam,0.4736,0.0,2.96,1.48
BM-sheet_1-4506,beam,0.9568,0.0,5.98,2.99
BM-sheet_1-4507,beam,1.3409,0.0,8.381,4.19
BM-sheet_1-4508,beam,0.1951,0.0,1.219,0.61
BM-sheet_1-4509,beam,0.3264,0.0,2.04,1.02
BM-sheet_1-4510,beam,2.6048,0.0,16.28,8.14
BM-sheet_1-4511,beam,0.2144,0.0,1.34,0.67
BM-sheet_1-4512,beam,0.2144,0.0,1.34,0.67
BM-sheet_1-4513,beam,0.2144,0.0,1.34,0.67
BM-sheet_1-4514,beam,1.6192,0.0,10.12,5.06
BM-sheet_1-4515,beam,0.3264,0.0,2.04,1.02
BM-sheet_1-4516,beam,1.2288,0.0,7.68,3.84
BM-sheet_1-4517,beam,0.4736,0.0,2.96,1.48
BM-sheet_1-4518,beam,0.312,0.0,1.95,0.975
BM-sheet_1-4519,beam,0.232,0.0,1.45,0.725
BM-sheet_1-4520,beam,0.2464,0.0,1.54,0.77
BM-sheet_1-4521,beam,0.8,0.0,5.0,2.5
BM-sheet_1-4522,beam,0.736,0.0,4.6,2.3
BM-sheet_1-4523,beam,0.736,0.0,4.6,2.3
BM-sheet_1-4524,beam,0.784,0.0,4.9,2.45
BM-sheet_1-4525,beam,0.832,0.0,5.2,2.6
BM-sheet_1-4526,beam,0.232,0.0,1.45,0.725
BM-sheet_1-4527,beam,0.232,0.0,1.45,0.725
BM-sheet_1-4528,beam,0.4736,0.0,2.96,1.48
BM-sheet_1-4529,beam,0.9728,0.0,6.08,3.04
BM-sheet_1-4530,beam,1.5552,0.0,9.72,4.86
BM-sheet_1-4531,beam,1.0017,0.0,6.261,3.13
BM-sheet_1-4532,beam,0.5343,0.0,3.339,1.67
BM-sheet_1-4533,beam,2.2144,0.0,13.84,6.92
BM-sheet_1-4534,beam,0.2144,0.0,1.34,0.67
BM-sheet_1-4535,beam,0.6912,0.0,4.32,2.16
BM-sheet_1-4536,beam,0.448,0.0,2.8,1.4
BM-sheet_1-4537,beam,1.6896,0.0,10.56,5.28
BM-sheet_1-4538,beam,0.3824,0.0,2.39,1.195
BM-sheet_1-4539,beam,1.336,0.0,8.35,4.175
BM-sheet_1-4540,beam,1.1616,0.0,7.26,3.63
BM-sheet_1-4541,beam,0.2848,0.0,1.78,0.89
BM-sheet_1-4542,beam,0.408,0.0,2.55,1.275
BM-sheet_1-4543,beam,1.296,0.0,8.1,4.05
BM-sheet_1-4544,beam,0.1984,0.0,1.24,0.62
BM-sheet_1-4545,beam,0.408,0.0,2.55,1.275
BM-sheet_1-4546,beam,0.8368,0.0,5.23,2.615
BM-sheet_1-4547,beam,0.8896,0.0,5.56,2.78
BM-sheet_1-4548,beam,0.784,0.0,4.9,2.45
BM-sheet_1-4549,beam,0.4672,0.0,2.92,1.46
BM-sheet_1-4550,beam,0.8688,0.0,5.43,2.715
BM-sheet_1-4551,beam,0.8032,0.0,5.02,2.51
BM-sheet_1-4552,beam,0.3264,0.0,2.04,1.02
BM-sheet_1-4553,beam,0.4528,0.0,2.83,1.415
BM-sheet_1-4554,beam,0.3424,0.0,2.14,1.07
BM-sheet_1-4555,beam,0.5568,0.0,3.48,1.74
BM-sheet_1-4556,beam,0.1024,0.0,0.64,0.32
BM-sheet_1-4557,beam,0.5184,0.0,3.24,1.62
BM-sheet_1-4558,beam,0.1824,0.0,1.14,0.57
BM-sheet_1-4559,beam,3.2448,0.0,20.28,10.14
BM-sheet_1-4560,beam,3.2128,0.0,20.08,10.04
BM-sheet_1-4561,beam,4.9584,0.0,30.99,15.495
BM-sheet_1-4562,beam,3.072,0.0,19.2,9.6
BM-sheet_1-4563,beam,6.6148,0.0,29.399,12.25
BM-sheet_1-4564,beam,4.212,0.0,18.72,7.8
BM-sheet_1-4565,beam,4.536,0.0,20.16,8.4
BM-sheet_1-4566,beam,3.1967,0.0,19.979,9.99
BM-sheet_1-4567,beam,2.496,0.0,15.6,7.8
BM-sheet_1-4568,beam,3.2402,0.0,14.401,6.0
BM-sheet_1-4569,beam,1.35,0.0,6.9,3.0
BM-sheet_1-4570,beam,2.496,0.0,15.6,7.8
BM-sheet_1-4571,beam,4.2157,0.0,18.736,7.807
BM-sheet_1-4572,beam,1.44,0.0,7.36,3.2
BM-sheet_1-4573,beam,2.688,0.0,16.8,8.4
BM-sheet_1-4574,beam,2.7333,0.0,17.083,8.542
BM-sheet_1-4575,beam,3.498,0.0,21.862,10.931
BM-sheet_1-4576,beam,2.656,0.0,16.6,8.3
BM-sheet_1-4577,beam,2.52,0.0,9.1,3.5
BM-sheet_1-4578,beam,2.432,0.0,15.2,7.6
BM-sheet_1-4579,beam,2.464,0.0,15.4,7.7
BM-sheet_1-4580,beam,2.336,0.0,14.6,7.3
BM-sheet_1-4581,beam,2.52,0.0,9.1,3.5
BM-sheet_1-4582,beam,2.432,0.0,15.2,7.6
BM-sheet_1-4583,beam,2.464,0.0,15.4,7.7
BM-sheet_1-4584,beam,2.3346,0.0,14.591,7.296
BM-sheet_1-4585,beam,1.8912,0.0,8.405,3.502
BM-sheet_1-4586,beam,5.2605,0.0,20.875,8.35
BM-sheet_1-4587,beam,2.464,0.0,15.4,7.7
BM-sheet_1-4588,beam,2.72,0.0,17.0,8.5
BM-sheet_1-4589,beam,1.8912,0.0,8.405,3.502
BM-sheet_1-4590,beam,4.788,0.0,19.0,7.6
BM-sheet_1-4591,beam,2.464,0.0,15.4,7.7
BM-sheet_1-4592,beam,2.464,0.0,15.4,7.7
BM-sheet_1-4593,beam,3.78,0.0,15.0,6.0
BM-sheet_1-4594,beam,1.35,0.0,6.9,3.0
BM-sheet_1-4595,beam,3.9026,0.0,15.486,6.195
BM-sheet_1-4596,beam,1.35,0.0,6.9,3.0
BM-sheet_1-4597,beam,4.212,0.0,18.72,7.8
BM-sheet_1-4598,beam,1.35,0.0,6.9,3.0
BM-sheet_1-4599,beam,4.212,0.0,18.72,7.8
BM-sheet_1-4600,beam,1.44,0.0,7.36,3.2
BM-sheet_1-4601,beam,2.496,0.0,15.6,7.8
BM-sheet_1-4602,beam,3.2322,0.0,20.201,10.101
BM-sheet_1-4603,beam,3.3584,0.0,20.99,10.495
BM-sheet_1-4604,beam,8.2304,0.0,51.44,25.72
BM-sheet_1-4605,beam,12.789,0.0,65.366,28.42
BM-sheet_1-4606,beam,1.696,0.0,10.6,5.3
BM-sheet_1-4607,beam,2.496,0.0,15.6,7.8
BM-sheet_1-4608,beam,2.496,0.0,15.6,7.8
BM-sheet_1-4609,beam,2.496,0.0,15.6,7.8
BM-sheet_1-4610,beam,2.385,0.0,12.19,5.3
BM-sheet_1-4611,beam,2.496,0.0,15.6,7.8
BM-sheet_1-4612,beam,2.496,0.0,15.6,7.8
BM-sheet_1-4613,beam,3.0958,0.0,19.349,9.675
BM-sheet_1-4614,beam,2.0017,0.0,12.51,6.255
BM-sheet_1-4615,beam,9.7734,0.0,61.084,30.542
BM-sheet_1-4616,beam,0.5589,0.0,2.856,1.242
BM-sheet_1-4617,beam,2.385,0.0,12.19,5.3
BM-sheet_1-4618,beam,4.212,0.0,18.72,7.8
BM-sheet_1-4619,beam,2.4319,0.0,15.2,7.6
BM-sheet_1-4620,beam,2.2399,0.0,14.0,7.0
BM-sheet_1-4621,beam,1.538,0.0,9.612,4.806
BM-sheet_1-4622,beam,2.1426,0.0,13.391,6.696
BM-sheet_1-4623,beam,2.238,0.0,13.988,6.994
BM-sheet_1-4624,beam,2.1012,0.0,13.132,6.566
BM-sheet_1-4625,beam,1.3302,0.0,8.314,4.157
BM-sheet_1-4626,beam,12.564,0.0,64.216,27.92
BM-sheet_1-4627,beam,16.29,0.0,83.26,36.2
BM-sheet_1-4628,beam,16.695,0.0,85.33,37.1
BM-sheet_1-4629,beam,22.4784,0.0,89.2,35.68
BM-sheet_1-4630,beam,22.1949,0.0,88.075,35.23
BM-sheet_1-4631,beam,21.6924,0.0,96.411,40.171
BM-sheet_1-4632,beam,2.688,0.0,16.8,8.4
BM-sheet_1-4633,beam,2.688,0.0,16.8,8.4
BM-sheet_1-4634,beam,0.1123,0.0,0.702,0.351
BM-sheet_1-4635,beam,7.47,0.0,38.18,16.6
BM-sheet_1-4636,beam,4.41,0.0,17.5,7.0
BM-sheet_1-4637,beam,15.246,0.0,60.5,24.2
BM-sheet_1-4638,beam,2.432,0.0,15.2,7.6
BM-sheet_1-4639,beam,1.008,0.0,4.0,1.6
BM-sheet_1-4640,beam,2.432,0.0,15.2,7.6
BM-sheet_1-4641,beam,2.432,0.0,15.2,7.6
BM-sheet_1-4642,beam,1.536,0.0,9.6,4.8
BM-sheet_1-4643,beam,2.432,0.0,15.2,7.6
BM-sheet_1-4644,beam,2.432,0.0,15.2,7.6
BM-sheet_1-4645,beam,1.856,0.0,11.6,5.8
BM-sheet_1-4646,beam,1.472,0.0,9.2,4.6
BM-sheet_1-4647,beam,1.6,0.0,10.0,5.0
BM-sheet_1-4648,beam,2.432,0.0,15.2,7.6
BM-sheet_1-4649,beam,2.432,0.0,15.2,7.6
BM-sheet_1-4650,beam,1.856,0.0,11.6,5.8
BM-sheet_1-4651,beam,1.472,0.0,9.2,4.6
BM-sheet_1-4652,beam,1.2853,0.0,8.033,4.016
BM-sheet_1-4653,beam,3.024,0.0,12.0,4.8
BM-sheet_1-4654,beam,3.024,0.0,12.0,4.8
BM-sheet_1-4655,beam,0.864,0.0,3.84,1.6
BM-sheet_1-4656,beam,1.856,0.0,11.6,5.8
BM-sheet_1-4657,beam,0.896,0.0,5.6,2.8
BM-sheet_1-4658,beam,0.896,0.0,5.6,2.8
BM-sheet_1-4659,beam,0.4932,0.0,1.957,0.783
BM-sheet_1-4660,beam,0.4882,0.0,3.051,1.526
BM-sheet_1-4661,beam,0.704,0.0,4.4,2.2
BM-sheet_1-4662,beam,1.088,0.0,6.8,3.4
BM-sheet_1-4663,beam,0.512,0.0,3.2,1.6
BM-sheet_1-4664,beam,0.576,0.0,3.6,1.8
BM-sheet_1-4665,beam,1.26,0.0,6.44,2.8
BM-sheet_1-4666,beam,0.896,0.0,5.6,2.8
BM-sheet_1-4667,beam,2.16,0.0,9.6,4.0
BM-sheet_1-4668,beam,0.896,0.0,5.6,2.8
BM-sheet_1-4669,beam,2.24,0.0,14.0,7.0
BM-sheet_1-4670,beam,0.576,0.0,3.6,1.8
BM-sheet_1-4671,beam,0.576,0.0,3.6,1.8
BM-sheet_1-4672,beam,0.576,0.0,3.6,1.8
BM-sheet_1-4673,beam,0.576,0.0,3.6,1.8
BM-sheet_1-4674,beam,0.81,0.0,4.14,1.8
BM-sheet_1-4675,beam,0.9,0.0,4.6,2.0
BM-sheet_1-4676,beam,1.92,0.0,12.0,6.0
BM-sheet_1-4677,beam,0.3136,0.0,1.96,0.98
BM-sheet_1-4678,beam,12.6096,0.0,78.81,39.405
BM-sheet_1-4679,beam,2.6459,0.0,16.537,8.268
BM-sheet_1-4680,beam,2.1649,0.0,13.531,6.765
BM-sheet_1-4681,beam,1.4592,0.0,9.12,4.56
BM-sheet_1-4682,beam,3.2,0.0,20.0,10.0
BM-sheet_1-4683,beam,0.3082,0.0,1.926,0.963
BM-sheet_1-4684,beam,0.3045,0.0,1.903,0.952
BM-sheet_1-4685,beam,0.1824,0.0,1.14,0.57
BM-sheet_1-4686,beam,0.112,0.0,0.7,0.35
BM-sheet_1-4687,beam,0.64,0.0,4.0,2.0
BM-sheet_1-4688,beam,1.92,0.0,12.0,6.0
BM-sheet_1-4689,beam,0.9552,0.0,5.97,2.985
BM-sheet_1-4690,beam,1.184,0.0,7.4,3.7
BM-sheet_1-4691,beam,0.8416,0.0,5.26,2.63
BM-sheet_1-4692,beam,0.5184,0.0,3.24,1.62
BM-sheet_1-4693,beam,0.2848,0.0,1.78,0.89
BM-sheet_1-4694,beam,0.124,0.0,0.775,0.387
BM-sheet_1-4695,beam,0.912,0.0,5.7,2.85
BM-sheet_1-4696,beam,1.408,0.0,8.8,4.4
BM-sheet_1-4697,beam,1.344,0.0,8.4,4.2
BM-sheet_1-4698,beam,1.472,0.0,9.2,4.6
BM-sheet_1-4699,beam,1.376,0.0,8.6,4.3
BM-sheet_1-4700,beam,4.3792,0.0,27.37,13.685
BM-sheet_1-4701,beam,1.4752,0.0,9.22,4.61
BM-sheet_1-4702,beam,1.344,0.0,8.4,4.2
BM-sheet_1-4703,beam,1.328,0.0,8.3,4.15
BM-sheet_1-4704,beam,2.3712,0.0,14.82,7.41
BM-sheet_1-4705,beam,0.1317,0.0,0.823,0.411
BM-sheet_1-4706,beam,0.8893,0.0,5.558,2.779
BM-sheet_1-4707,beam,0.897,0.0,5.606,2.803
BM-sheet_1-4708,beam,0.7984,0.0,4.99,2.495
BM-sheet_1-4709,beam,1.5008,0.0,9.38,4.69
BM-sheet_1-4710,beam,1.2256,0.0,7.66,3.83
BM-sheet_1-4711,beam,0.4992,0.0,3.12,1.56
BM-sheet_1-4712,beam,0.4992,0.0,3.12,1.56
BM-sheet_1-4713,beam,1.568,0.0,9.8,4.9
BM-sheet_1-4714,beam,1.568,0.0,9.8,4.9
BM-sheet_1-4715,beam,1.056,0.0,6.6,3.3
BM-sheet_1-4716,beam,1.008,0.0,6.3,3.15
BM-sheet_1-4717,beam,0.4022,0.0,2.514,1.257
BM-sheet_1-4718,beam,0.5001,0.0,3.125,1.563
BM-sheet_1-4719,beam,6.6287,0.0,41.429,20.715
BM-sheet_1-4720,beam,4.0416,0.0,25.26,12.63
BM-sheet_1-4721,beam,2.2144,0.0,13.84,6.92
BM-sheet_1-4722,beam,0.4224,0.0,2.64,1.32
BM-sheet_1-4723,beam,0.4224,0.0,2.64,1.32
BM-sheet_1-4724,beam,0.4,0.0,2.5,1.25
BM-sheet_1-4725,beam,0.24,0.0,1.5,0.75
BM-sheet_1-4726,beam,0.4992,0.0,3.12,1.56
BM-sheet_1-4727,beam,0.4992,0.0,3.12,1.56
BM-sheet_1-4728,beam,0.2912,0.0,1.82,0.91
BM-sheet_1-4729,beam,0.2912,0.0,1.82,0.91
BM-sheet_1-4730,beam,1.1456,0.0,7.16,3.58
BM-sheet_1-4731,beam,1.4656,0.0,9.16,4.58
BM-sheet_1-4732,beam,0.4352,0.0,2.72,1.36
BM-sheet_1-4733,beam,0.4352,0.0,2.72,1.36
BM-sheet_1-4734,beam,1.656,0.0,10.35,5.175
BM-sheet_1-4735,beam,0.6584,0.0,4.115,2.057
BM-sheet_1-4736,beam,1.2192,0.0,7.62,3.81
BM-sheet_1-4737,beam,0.3936,0.0,2.46,1.23
BM-sheet_1-4738,beam,0.3936,0.0,2.46,1.23
BM-sheet_1-4739,beam,1.7984,0.0,11.24,5.62
BM-sheet_1-4740,beam,1.7984,0.0,11.24,5.62
BM-sheet_1-4741,beam,0.992,0.0,6.2,3.1
BM-sheet_1-4742,beam,1.04,0.0,6.5,3.25
BM-sheet_1-4743,beam,4.0256,0.0,25.16,12.58
BM-sheet_1-4744,beam,2.2144,0.0,13.84,6.92
BM-sheet_1-4745,beam,6.582,0.0,41.138,20.569
BM-sheet_1-4746,beam,0.3238,0.0,2.024,1.012
BM-sheet_1-4747,beam,0.432,0.0,2.7,1.35
BM-sheet_1-4748,beam,0.432,0.0,2.7,1.35
BM-sheet_1-4749,beam,0.24,0.0,1.5,0.75
BM-sheet_1-4750,beam,0.4,0.0,2.5,1.25
BM-sheet_1-4751,beam,0.4992,0.0,3.12,1.56
BM-sheet_1-4752,beam,0.4992,0.0,3.12,1.56
BM-sheet_1-4753,beam,0.2336,0.0,1.46,0.73
BM-sheet_1-4754,beam,0.2336,0.0,1.46,0.73
BM-sheet_1-4755,beam,1.1392,0.0,7.12,3.56
BM-sheet_1-4756,beam,1.4592,0.0,9.12,4.56
BM-sheet_1-4757,beam,0.3936,0.0,2.46,1.23
BM-sheet_1-4758,beam,0.3936,0.0,2.46,1.23
BM-sheet_1-4759,beam,1.8784,0.0,11.74,5.87
BM-sheet_1-4760,beam,1.2256,0.0,7.66,3.83
BM-sheet_1-4761,beam,0.4353,0.0,2.721,1.36
BM-sheet_1-4762,beam,0.4353,0.0,2.721,1.36
BM-sheet_1-4763,beam,1.568,0.0,9.8,4.9
BM-sheet_1-4764,beam,1.568,0.0,9.8,4.9
BM-sheet_1-4765,beam,1.008,0.0,6.3,3.15
BM-sheet_1-4766,beam,1.056,0.0,6.6,3.3
BM-sheet_1-4767,beam,0.2021,0.0,1.263,0.632
BM-sheet_1-4768,beam,4.0256,0.0,25.16,12.58
BM-sheet_1-4769,beam,2.2144,0.0,13.84,6.92
BM-sheet_1-4770,beam,6.6085,0.0,41.303,20.652
BM-sheet_1-4771,beam,0.432,0.0,2.7,1.35
BM-sheet_1-4772,beam,0.432,0.0,2.7,1.35
BM-sheet_1-4773,beam,0.24,0.0,1.5,0.75
BM-sheet_1-4774,beam,0.4,0.0,2.5,1.25
BM-sheet_1-4775,beam,0.4992,0.0,3.12,1.56
BM-sheet_1-4776,beam,0.4992,0.0,3.12,1.56
BM-sheet_1-4777,beam,0.2336,0.0,1.46,0.73
BM-sheet_1-4778,beam,1.1392,0.0,7.12,3.56
BM-sheet_1-4779,beam,0.2336,0.0,1.46,0.73
BM-sheet_1-4780,beam,1.4592,0.0,9.12,4.56
BM-sheet_1-4781,beam,0.3936,0.0,2.46,1.23
BM-sheet_1-4782,beam,1.8784,0.0,11.74,5.87
BM-sheet_1-4783,beam,1.6447,0.0,10.279,5.14
BM-sheet_1-4784,beam,0.3936,0.0,2.46,1.23
BM-sheet_1-4785,beam,2.6032,0.0,16.27,8.135
BM-sheet_1-4786,beam,2.301,0.0,14.381,7.19
BM-sheet_1-4787,beam,0.4384,0.0,2.74,1.37
BM-sheet_1-4788,beam,0.4384,0.0,2.74,1.37
BM-sheet_1-4789,beam,0.464,0.0,2.9,1.45
BM-sheet_1-4790,beam,0.624,0.0,3.9,1.95
BM-sheet_1-4791,beam,1.7408,0.0,10.88,5.44
BM-sheet_1-4792,beam,2.0608,0.0,12.88,6.44
BM-sheet_1-4793,beam,0.5376,0.0,3.36,1.68
BM-sheet_1-4794,beam,1.5488,0.0,9.68,4.84
BM-sheet_1-4795,beam,0.5376,0.0,3.36,1.68
BM-sheet_1-4796,beam,1.5488,0.0,9.68,4.84
BM-sheet_1-4797,beam,0.2688,0.0,1.68,0.84
BM-sheet_1-4798,beam,0.2688,0.0,1.68,0.84
BM-sheet_1-4799,beam,1.1008,0.0,6.88,3.44
BM-sheet_1-4800,beam,3.3587,0.0,20.992,10.496
BM-sheet_1-4801,beam,1.2192,0.0,7.62,3.81
BM-sheet_1-4802,beam,2.4615,0.0,15.384,7.692
BM-sheet_1-4803,beam,0.3936,0.0,2.46,1.23
BM-sheet_1-4804,beam,0.3936,0.0,2.46,1.23
BM-sheet_1-4805,beam,1.7984,0.0,11.24,5.62
BM-sheet_1-4806,beam,1.7984,0.0,11.24,5.62
BM-sheet_1-4807,beam,0.992,0.0,6.2,3.1
BM-sheet_1-4808,beam,1.04,0.0,6.5,3.25
BM-sheet_1-4809,beam,4.0256,0.0,25.16,12.58
BM-sheet_1-4810,beam,2.2144,0.0,13.84,6.92
BM-sheet_1-4811,beam,6.5664,0.0,41.04,20.52
BM-sheet_1-4812,beam,0.5421,0.0,3.388,1.694
BM-sheet_1-4813,beam,0.432,0.0,2.7,1.35
BM-sheet_1-4814,beam,0.432,0.0,2.7,1.35
BM-sheet_1-4815,beam,0.24,0.0,1.5,0.75
BM-sheet_1-4816,beam,0.4,0.0,2.5,1.25
BM-sheet_1-4817,beam,0.4992,0.0,3.12,1.56
BM-sheet_1-4818,beam,0.4992,0.0,3.12,1.56
BM-sheet_1-4819,beam,0.2336,0.0,1.46,0.73
BM-sheet_1-4820,beam,0.2336,0.0,1.46,0.73
BM-sheet_1-4821,beam,1.1392,0.0,7.12,3.56
BM-sheet_1-4822,beam,0.3936,0.0,2.46,1.23
BM-sheet_1-4823,beam,1.8784,0.0,11.74,5.87
BM-sheet_1-4824,beam,3.1302,0.0,19.564,9.782
BM-sheet_1-4825,beam,0.3936,0.0,2.46,1.23
BM-sheet_1-4826,beam,2.3904,0.0,10.624,4.427
BM-sheet_1-4827,beam,1.2192,0.0,7.62,3.81
BM-sheet_1-4828,beam,3.9538,0.0,24.711,12.356
BM-sheet_1-4829,beam,2.5412,0.0,15.883,7.941
BM-sheet_1-4830,beam,0.3936,0.0,2.46,1.23
BM-sheet_1-4831,beam,1.7984,0.0,11.24,5.62
BM-sheet_1-4832,beam,0.3936,0.0,2.46,1.23
BM-sheet_1-4833,beam,1.7984,0.0,11.24,5.62
BM-sheet_1-4834,beam,0.992,0.0,6.2,3.1
BM-sheet_1-4835,beam,1.04,0.0,6.5,3.25
BM-sheet_1-4836,beam,0.4632,0.0,2.895,1.448
BM-sheet_1-4837,beam,0.4004,0.0,2.502,1.251
BM-sheet_1-4838,beam,4.0256,0.0,25.16,12.58
BM-sheet_1-4839,beam,2.2144,0.0,13.84,6.92
BM-sheet_1-4840,beam,6.5535,0.0,40.959,20.48
BM-sheet_1-4841,beam,0.4224,0.0,2.64,1.32
BM-sheet_1-4842,beam,0.4224,0.0,2.64,1.32
BM-sheet_1-4843,beam,0.24,0.0,1.5,0.75
BM-sheet_1-4844,beam,0.4,0.0,2.5,1.25
BM-sheet_1-4845,beam,0.4992,0.0,3.12,1.56
BM-sheet_1-4846,beam,0.2912,0.0,1.82,0.91
BM-sheet_1-4847,beam,0.4992,0.0,3.12,1.56
BM-sheet_1-4848,beam,0.2912,0.0,1.82,0.91
BM-sheet_1-4849,beam,1.1456,0.0,7.16,3.58
BM-sheet_1-4850,beam,0.4352,0.0,2.72,1.36
BM-sheet_1-4851,beam,0.4352,0.0,2.72,1.36
BM-sheet_1-4852,beam,1.648,0.0,10.3,5.15
BM-sheet_1-4853,beam,0.4416,0.0,2.76,1.38
BM-sheet_1-4854,beam,0.992,0.0,6.2,3.1
BM-sheet_1-4855,beam,1.04,0.0,6.5,3.25
BM-sheet_1-4856,beam,1.7984,0.0,11.24,5.62
BM-sheet_1-4857,beam,1.7984,0.0,11.24,5.62
BM-sheet_1-4858,beam,0.3936,0.0,2.46,1.23
BM-sheet_1-4859,beam,0.3936,0.0,2.46,1.23
BM-sheet_1-4860,beam,1.2352,0.0,7.72,3.86
BM-sheet_1-4861,beam,1.6544,0.0,10.34,5.17
BM-sheet_1-4862,beam,0.4545,0.0,2.323,1.01
BM-sheet_1-4863,beam,3.5228,0.0,22.018,11.009
BM-sheet_1-4864,beam,1.2064,0.0,7.54,3.77
BM-sheet_1-4865,beam,2.48,0.0,15.5,7.75
BM-sheet_1-4866,beam,0.16,0.0,1.0,0.5
BM-sheet_1-4867,beam,2.368,0.0,14.8,7.4
BM-sheet_1-4868,beam,1.2064,0.0,7.54,3.77
BM-sheet_1-4869,beam,3.3152,0.0,20.72,10.36
BM-sheet_1-4870,beam,1.2064,0.0,7.54,3.77
BM-sheet_1-4871,beam,0.16,0.0,1.0,0.5
BM-sheet_1-4872,beam,1.2064,0.0,7.54,3.77
BM-sheet_1-4873,beam,3.3152,0.0,20.72,10.36
BM-sheet_1-4874,beam,1.2064,0.0,7.54,3.77
BM-sheet_1-4875,beam,1.8756,0.0,11.723,5.861
BM-sheet_1-4876,beam,0.1181,0.0,0.738,0.369
BM-sheet_1-4877,beam,1.5136,0.0,9.46,4.73
BM-sheet_1-4878,beam,0.9728,0.0,6.08,3.04
BM-sheet_1-4879,beam,1.6032,0.0,10.02,5.01
BM-sheet_1-4880,beam,2.0784,0.0,12.99,6.495
BM-sheet_1-4881,beam,2.6741,0.0,16.713,8.357
BM-sheet_1-4882,beam,2.1888,0.0,13.68,6.84
BM-sheet_1-4883,beam,1.7472,0.0,10.92,5.46
BM-sheet_1-4884,beam,0.728,0.0,4.55,2.275
BM-sheet_1-4885,beam,1.1504,0.0,7.19,3.595
BM-sheet_1-4886,beam,1.3248,0.0,8.28,4.14
BM-sheet_1-4887,beam,1.0944,0.0,6.84,3.42
BM-sheet_1-4888,beam,2.048,0.0,12.8,6.4
BM-sheet_1-4889,beam,1.5216,0.0,9.51,4.755
BM-sheet_1-4890,beam,1.376,0.0,8.6,4.3
BM-sheet_1-4891,beam,3.034,0.0,18.962,9.481
BM-sheet_1-4892,beam,3.034,0.0,18.962,9.481
BM-sheet_1-4893,beam,0.352,0.0,2.2,1.1
BM-sheet_1-4894,beam,0.128,0.0,0.8,0.4
BM-sheet_1-4895,beam,2.3904,0.0,14.94,7.47
BM-sheet_1-4896,beam,2.88,0.0,18.0,9.0
BM-sheet_1-4897,beam,4.52,0.0,28.25,14.125
BM-sheet_1-4898,beam,4.552,0.0,28.45,14.225
BM-sheet_1-4899,beam,0.4,0.0,2.5,1.25
BM-sheet_1-4900,beam,0.4,0.0,2.5,1.25
BM-sheet_1-4901,beam,4.6,0.0,28.75,14.375
BM-sheet_1-4902,beam,4.56,0.0,28.5,14.25
BM-sheet_1-4903,beam,1.6644,0.0,10.402,5.201
BM-sheet_1-4904,beam,1.6964,0.0,10.602,5.301
BM-sheet_1-4905,beam,0.5764,0.0,3.602,1.801
BM-sheet_1-4906,beam,0.6084,0.0,3.802,1.901
BM-sheet_1-4907,beam,2.912,0.0,18.2,9.1
BM-sheet_1-4908,beam,2.881,0.0,18.006,9.003
BM-sheet_1-4909,beam,2.655,0.0,13.57,5.9
BM-sheet_1-4910,beam,3.555,0.0,18.17,7.9
BM-sheet_1-4911,beam,2.5875,0.0,13.225,5.75
BM-sheet_1-4912,beam,2.34,0.0,11.96,5.2
BM-sheet_1-4913,beam,2.295,0.0,11.73,5.1
BM-sheet_1-4914,beam,3.51,0.0,17.94,7.8
BM-sheet_1-4915,beam,2.385,0.0,12.19,5.3
BM-sheet_1-4916,beam,2.4964,0.0,15.602,7.801
BM-sheet_1-4917,beam,0.5406,0.0,2.403,1.001
BM-sheet_1-4918,beam,0.6304,0.0,2.802,1.167
BM-sheet_1-4919,beam,0.16,0.0,1.0,0.5
BM-sheet_1-4920,beam,2.576,0.0,16.1,8.05
BM-sheet_1-4921,beam,2.48,0.0,15.5,7.75
BM-sheet_1-4922,beam,2.48,0.0,15.5,7.75
BM-sheet_1-4923,beam,0.16,0.0,1.0,0.5
BM-sheet_1-4924,beam,2.368,0.0,14.8,7.4
BM-sheet_1-4925,beam,2.56,0.0,16.0,8.0
BM-sheet_1-4926,beam,4.3942,0.0,27.464,13.732
BM-sheet_1-4927,beam,2.576,0.0,16.1,8.05
BM-sheet_1-4928,beam,2.3488,0.0,14.68,7.34
BM-sheet_1-4929,beam,2.5328,0.0,15.83,7.915
BM-sheet_1-4930,beam,2.3008,0.0,14.38,7.19
BM-sheet_1-4931,beam,2.5408,0.0,15.88,7.94
BM-sheet_1-4932,beam,2.3067,0.0,14.417,7.208
BM-sheet_1-4933,beam,2.5408,0.0,15.88,7.94
BM-sheet_1-4934,beam,2.3392,0.0,14.62,7.31
BM-sheet_1-4935,beam,2.5248,0.0,15.78,7.89
BM-sheet_1-4936,beam,2.6314,0.0,16.446,8.223
BM-sheet_1-4937,beam,2.5248,0.0,15.78,7.89
BM-sheet_1-4938,beam,2.6437,0.0,16.523,8.261
BM-sheet_1-4939,beam,2.5408,0.0,15.88,7.94
BM-sheet_1-4940,beam,0.6336,0.0,3.96,1.98
BM-sheet_1-4941,beam,1.9072,0.0,11.92,5.96
BM-sheet_1-4942,beam,0.448,0.0,2.8,1.4
BM-sheet_1-4943,beam,1.44,0.0,9.0,4.5
BM-sheet_1-4944,beam,1.3584,0.0,8.49,4.245
BM-sheet_1-4945,beam,0.4,0.0,2.5,1.25
BM-sheet_1-4946,beam,1.9072,0.0,11.92,5.96
BM-sheet_1-4947,beam,0.448,0.0,2.8,1.4
BM-sheet_1-4948,beam,1.44,0.0,9.0,4.5
BM-sheet_1-4949,beam,1.3584,0.0,8.49,4.245
BM-sheet_1-4950,beam,0.6336,0.0,3.96,1.98
BM-sheet_1-4951,beam,1.9072,0.0,11.92,5.96
BM-sheet_1-4952,beam,0.448,0.0,2.8,1.4
BM-sheet_1-4953,beam,1.44,0.0,9.0,4.5
BM-sheet_1-4954,beam,1.3584,0.0,8.49,4.245
BM-sheet_1-4955,beam,0.4,0.0,2.5,1.25
BM-sheet_1-4956,beam,1.9072,0.0,11.92,5.96
BM-sheet_1-4957,beam,0.448,0.0,2.8,1.4
BM-sheet_1-4958,beam,1.44,0.0,9.0,4.5
BM-sheet_1-4959,beam,1.3584,0.0,8.49,4.245
BM-sheet_1-4960,beam,0.4,0.0,2.5,1.25
BM-sheet_1-4961,beam,1.9072,0.0,11.92,5.96
BM-sheet_1-4962,beam,0.448,0.0,2.8,1.4
BM-sheet_1-4963,beam,1.44,0.0,9.0,4.5
BM-sheet_1-4964,beam,1.3584,0.0,8.49,4.245
BM-sheet_1-4965,beam,1.1104,0.0,6.94,3.47
BM-sheet_1-4966,beam,1.3504,0.0,8.44,4.22
BM-sheet_1-4967,beam,2.3328,0.0,14.58,7.29
BM-sheet_1-4968,beam,2.9632,0.0,18.52,9.26
BM-sheet_1-4969,beam,0.448,0.0,2.8,1.4
BM-sheet_1-4970,beam,1.44,0.0,9.0,4.5
BM-sheet_1-4971,beam,1.3584,0.0,8.49,4.245
BM-sheet_1-4972,beam,1.3584,0.0,8.49,4.245
BM-sheet_1-4973,beam,1.44,0.0,9.0,4.5
BM-sheet_1-4974,beam,0.448,0.0,2.8,1.4
BM-sheet_1-4975,beam,1.9072,0.0,11.92,5.96
BM-sheet_1-4976,beam,0.4,0.0,2.5,1.25
BM-sheet_1-4977,beam,2.5424,0.0,15.89,7.945
BM-sheet_1-4978,beam,0.8704,0.0,5.44,2.72
BM-sheet_1-4979,beam,2.88,0.0,18.0,9.0
BM-sheet_1-4980,beam,4.52,0.0,28.25,14.125
BM-sheet_1-4981,beam,4.6,0.0,28.75,14.375
BM-sheet_1-4982,beam,0.128,0.0,0.8,0.4
BM-sheet_1-4983,beam,0.9056,0.0,5.66,2.83
BM-sheet_1-4984,beam,0.32,0.0,2.0,1.0
BM-sheet_1-4985,beam,0.2752,0.0,1.72,0.86
BM-sheet_1-4986,beam,0.152,0.0,0.95,0.475
BM-sheet_1-4987,beam,0.5472,0.0,3.42,1.71
BM-sheet_1-4988,beam,0.5472,0.0,3.42,1.71
BM-sheet_1-4989,beam,0.2304,0.0,1.44,0.72
BM-sheet_1-4990,beam,0.672,0.0,4.2,2.1
BM-sheet_1-4991,beam,0.672,0.0,4.2,2.1
BM-sheet_1-4992,beam,1.0112,0.0,6.32,3.16
BM-sheet_1-4993,beam,1.0112,0.0,6.32,3.16
BM-sheet_1-4994,beam,0.4672,0.0,2.92,1.46
BM-sheet_1-4995,beam,1.552,0.0,9.7,4.85
BM-sheet_1-4996,beam,0.4768,0.0,2.98,1.49
BM-sheet_1-4997,beam,0.7344,0.0,4.59,2.295
BM-sheet_1-4998,beam,0.6688,0.0,4.18,2.09
BM-sheet_1-4999,beam,0.3456,0.0,2.16,1.08
BM-sheet_1-5000,beam,0.5488,0.0,3.43,1.715
BM-sheet_1-5001,beam,0.096,0.0,0.6,0.3
BM-sheet_1-5002,beam,0.1008,0.0,0.63,0.315
BM-sheet_1-5003,beam,0.5216,0.0,3.26,1.63
BM-sheet_1-5004,beam,0.4416,0.0,2.76,1.38
BM-sheet_1-5005,beam,0.512,0.0,3.2,1.6
BM-sheet_1-5006,beam,0.7936,0.0,4.96,2.48
BM-sheet_1-5007,beam,0.7936,0.0,4.96,2.48
BM-sheet_1-5008,beam,0.672,0.0,4.2,2.1
BM-sheet_1-5009,beam,0.672,0.0,4.2,2.1
BM-sheet_1-5010,beam,0.2432,0.0,1.52,0.76
BM-sheet_1-5011,beam,0.4944,0.0,3.09,1.545
BM-sheet_1-5012,beam,0.7437,0.0,4.648,2.324
BM-sheet_1-5013,beam,1.5495,0.0,9.684,4.842
BM-sheet_1-5014,beam,2.5424,0.0,15.89,7.945
BM-sheet_1-5015,beam,0.3424,0.0,2.14,1.07
BM-sheet_1-5016,beam,2.64,0.0,16.5,8.25
BM-sheet_1-5017,beam,0.8,0.0,5.0,2.5
BM-sheet_1-5018,beam,0.8,0.0,5.0,2.5
BM-sheet_1-5019,beam,0.8576,0.0,5.36,2.68
BM-sheet_1-5020,beam,0.8576,0.0,5.36,2.68
BM-sheet_1-5021,beam,0.24,0.0,1.5,0.75
BM-sheet_1-5022,beam,0.224,0.0,1.4,0.7
BM-sheet_1-5023,beam,0.144,0.0,0.9,0.45
BM-sheet_1-5024,beam,0.1008,0.0,0.63,0.315
BM-sheet_1-5025,beam,0.6944,0.0,4.34,2.17
BM-sheet_1-5026,beam,0.6144,0.0,3.84,1.92
BM-sheet_1-5027,beam,0.224,0.0,1.4,0.7
BM-sheet_1-5028,beam,0.8,0.0,5.0,2.5
BM-sheet_1-5029,beam,0.1872,0.0,1.17,0.585
BM-sheet_1-5030,beam,0.128,0.0,0.8,0.4
BM-sheet_1-5031,beam,0.176,0.0,1.1,0.55
BM-sheet_1-5032,beam,0.4544,0.0,2.84,1.42
BM-sheet_1-5033,beam,0.2208,0.0,1.38,0.69
BM-sheet_1-5034,beam,0.544,0.0,3.4,1.7
BM-sheet_1-5035,beam,0.176,0.0,1.1,0.55
BM-sheet_1-5036,beam,0.2336,0.0,1.46,0.73
BM-sheet_1-5037,beam,0.5472,0.0,3.42,1.71
BM-sheet_1-5038,beam,1.2512,0.0,7.82,3.91
BM-sheet_1-5039,beam,0.3904,0.0,2.44,1.22
BM-sheet_1-5040,beam,0.3424,0.0,2.14,1.07
BM-sheet_1-5041,beam,1.2064,0.0,7.54,3.77
BM-sheet_1-5042,beam,1.4144,0.0,8.84,4.42
BM-sheet_1-5043,beam,0.5696,0.0,3.56,1.78
BM-sheet_1-5044,beam,0.5696,0.0,3.56,1.78
BM-sheet_1-5045,beam,0.8704,0.0,5.44,2.72
BM-sheet_1-5046,beam,0.8704,0.0,5.44,2.72
BM-sheet_1-5047,beam,0.4635,0.0,2.897,1.449
BM-sheet_1-5048,beam,2.4923,0.0,15.577,7.789
BM-sheet_1-5049,beam,0.176,0.0,1.1,0.55
BM-sheet_1-5050,beam,0.168,0.0,1.05,0.525
BM-sheet_1-5051,beam,0.24,0.0,1.5,0.75
BM-sheet_1-5052,beam,0.7936,0.0,4.96,2.48
BM-sheet_1-5053,beam,0.7936,0.0,4.96,2.48
BM-sheet_1-5054,beam,0.672,0.0,4.2,2.1
BM-sheet_1-5055,beam,0.672,0.0,4.2,2.1
BM-sheet_1-5056,beam,0.4192,0.0,2.62,1.31
BM-sheet_1-5057,beam,0.4512,0.0,2.82,1.41
BM-sheet_1-5058,beam,0.5488,0.0,3.43,1.715
BM-sheet_1-5059,beam,0.4416,0.0,2.76,1.38
BM-sheet_1-5060,beam,0.512,0.0,3.2,1.6
BM-sheet_1-5061,beam,0.4768,0.0,2.98,1.49
BM-sheet_1-5062,beam,2.6704,0.0,16.69,8.345
BM-sheet_1-5063,beam,0.6528,0.0,4.08,2.04
BM-sheet_1-5064,beam,0.1184,0.0,0.74,0.37
BM-sheet_1-5065,beam,0.1776,0.0,1.11,0.555
BM-sheet_1-5066,beam,0.672,0.0,4.2,2.1
BM-sheet_1-5067,beam,0.672,0.0,4.2,2.1
BM-sheet_1-5068,beam,1.0112,0.0,6.32,3.16
BM-sheet_1-5069,beam,1.0112,0.0,6.32,3.16
BM-sheet_1-5070,beam,0.5472,0.0,3.42,1.71
BM-sheet_1-5071,beam,0.5472,0.0,3.42,1.71
BM-sheet_1-5072,beam,1.2416,0.0,7.76,3.88
BM-sheet_1-5073,beam,1.44,0.0,9.0,4.5
BM-sheet_1-5074,beam,0.384,0.0,2.4,1.2
BM-sheet_1-5075,beam,0.5952,0.0,3.72,1.86
BM-sheet_1-5076,beam,1.3104,0.0,8.19,4.095
BM-sheet_1-5077,beam,1.44,0.0,9.0,4.5
BM-sheet_1-5078,beam,0.448,0.0,2.8,1.4
BM-sheet_1-5079,beam,1.6832,0.0,10.52,5.26
BM-sheet_1-5080,beam,0.5136,0.0,3.21,1.605
BM-sheet_1-5081,beam,1.008,0.0,6.3,3.15
BM-sheet_1-5082,beam,1.04,0.0,6.5,3.25
BM-sheet_1-5083,beam,0.32,0.0,2.0,1.0
BM-sheet_1-5084,beam,0.4832,0.0,3.02,1.51
BM-sheet_1-5085,beam,0.128,0.0,0.8,0.4
BM-sheet_1-5086,beam,0.9152,0.0,5.72,2.86
BM-sheet_1-5087,beam,0.1536,0.0,0.96,0.48
BM-sheet_1-5088,beam,0.152,0.0,0.95,0.475
BM-sheet_1-5089,beam,0.5472,0.0,3.42,1.71
BM-sheet_1-5090,beam,0.5472,0.0,3.42,1.71
BM-sheet_1-5091,beam,0.672,0.0,4.2,2.1
BM-sheet_1-5092,beam,0.672,0.0,4.2,2.1
BM-sheet_1-5093,beam,0.2304,0.0,1.44,0.72
BM-sheet_1-5094,beam,0.3072,0.0,1.92,0.96
BM-sheet_1-5095,beam,1.0112,0.0,6.32,3.16
BM-sheet_1-5096,beam,1.0112,0.0,6.32,3.16
BM-sheet_1-5097,beam,0.544,0.0,3.4,1.7
BM-sheet_1-5098,beam,0.8096,0.0,5.06,2.53
BM-sheet_1-5099,beam,0.6528,0.0,4.08,2.04
BM-sheet_1-5100,beam,0.1776,0.0,1.11,0.555
BM-sheet_1-5101,beam,0.1184,0.0,0.74,0.37
BM-sheet_1-5102,beam,2.1904,0.0,13.69,6.845
BM-sheet_1-5103,beam,0.3456,0.0,2.16,1.08
BM-sheet_1-5104,beam,0.5488,0.0,3.43,1.715
BM-sheet_1-5105,beam,0.1008,0.0,0.63,0.315
BM-sheet_1-5106,beam,0.096,0.0,0.6,0.3
BM-sheet_1-5107,beam,0.4768,0.0,2.98,1.49
BM-sheet_1-5108,beam,0.4416,0.0,2.76,1.38
BM-sheet_1-5109,beam,0.5216,0.0,3.26,1.63
BM-sheet_1-5110,beam,0.512,0.0,3.2,1.6
BM-sheet_1-5111,beam,0.7936,0.0,4.96,2.48
BM-sheet_1-5112,beam,0.7936,0.0,4.96,2.48
BM-sheet_1-5113,beam,0.672,0.0,4.2,2.1
BM-sheet_1-5114,beam,0.672,0.0,4.2,2.1
BM-sheet_1-5115,beam,0.5024,0.0,3.14,1.57
BM-sheet_1-5116,beam,0.93,0.0,5.813,2.906
BM-sheet_1-5117,beam,1.615,0.0,10.094,5.047
BM-sheet_1-5118,beam,0.4817,0.0,3.011,1.505
BM-sheet_1-5119,beam,2.544,0.0,15.9,7.95
BM-sheet_1-5120,beam,0.1008,0.0,0.63,0.315
BM-sheet_1-5121,beam,0.8576,0.0,5.36,2.68
BM-sheet_1-5122,beam,0.8576,0.0,5.36,2.68
BM-sheet_1-5123,beam,0.8,0.0,5.0,2.5
BM-sheet_1-5124,beam,0.8,0.0,5.0,2.5
BM-sheet_1-5125,beam,0.544,0.0,3.4,1.7
BM-sheet_1-5126,beam,1.4656,0.0,9.16,4.58
BM-sheet_1-5127,beam,0.9824,0.0,6.14,3.07
BM-sheet_1-5128,beam,0.368,0.0,2.3,1.15
BM-sheet_1-5129,beam,0.6272,0.0,3.92,1.96
BM-sheet_1-5130,beam,1.184,0.0,7.4,3.7
BM-sheet_1-5131,beam,1.3504,0.0,8.44,4.22
BM-sheet_1-5132,beam,0.5632,0.0,3.52,1.76
BM-sheet_1-5133,beam,0.5632,0.0,3.52,1.76
BM-sheet_1-5134,beam,0.8,0.0,5.0,2.5
BM-sheet_1-5135,beam,0.352,0.0,2.2,1.1
BM-sheet_1-5136,beam,0.1872,0.0,1.17,0.585
BM-sheet_1-5137,beam,0.5152,0.0,3.22,1.61
BM-sheet_1-5138,beam,0.464,0.0,2.9,1.45
BM-sheet_1-5139,beam,0.224,0.0,1.4,0.7
BM-sheet_1-5140,beam,0.544,0.0,3.4,1.7
BM-sheet_1-5141,beam,0.1776,0.0,1.11,0.555
BM-sheet_1-5142,beam,0.8576,0.0,5.36,2.68
BM-sheet_1-5143,beam,0.8576,0.0,5.36,2.68
BM-sheet_1-5144,beam,0.5728,0.0,3.58,1.79
BM-sheet_1-5145,beam,0.5728,0.0,3.58,1.79
BM-sheet_1-5146,beam,0.3408,0.0,2.13,1.065
BM-sheet_1-5147,beam,0.2496,0.0,1.56,0.78
BM-sheet_1-5148,beam,1.2,0.0,7.5,3.75
BM-sheet_1-5149,beam,0.3328,0.0,2.08,1.04
BM-sheet_1-5150,beam,0.3504,0.0,2.19,1.095
BM-sheet_1-5151,beam,0.2544,0.0,1.59,0.795
BM-sheet_1-5152,beam,1.2448,0.0,7.78,3.89
BM-sheet_1-5153,beam,0.1504,0.0,0.94,0.47
BM-sheet_1-5154,beam,0.8544,0.0,5.34,2.67
BM-sheet_1-5155,beam,2.5424,0.0,15.89,7.945
BM-sheet_1-5156,beam,0.16,0.0,1.0,0.5
BM-sheet_1-5157,beam,0.168,0.0,1.05,0.525
BM-sheet_1-5158,beam,0.1728,0.0,1.08,0.54
BM-sheet_1-5159,beam,0.7936,0.0,4.96,2.48
BM-sheet_1-5160,beam,0.7936,0.0,4.96,2.48
BM-sheet_1-5161,beam,0.672,0.0,4.2,2.1
BM-sheet_1-5162,beam,0.672,0.0,4.2,2.1
BM-sheet_1-5163,beam,0.512,0.0,3.2,1.6
BM-sheet_1-5164,beam,0.512,0.0,3.2,1.6
BM-sheet_1-5165,beam,0.5184,0.0,3.24,1.62
BM-sheet_1-5166,beam,0.5184,0.0,3.24,1.62
BM-sheet_1-5167,beam,0.2176,0.0,1.36,0.68
BM-sheet_1-5168,beam,0.6448,0.0,4.03,2.015
BM-sheet_1-5169,beam,0.112,0.0,0.7,0.35
BM-sheet_1-5170,beam,0.208,0.0,1.3,0.65
BM-sheet_1-5171,beam,0.1024,0.0,0.64,0.32
BM-sheet_1-5172,beam,0.4768,0.0,2.98,1.49
BM-sheet_1-5173,beam,2.6704,0.0,16.69,8.345
BM-sheet_1-5174,beam,0.6368,0.0,3.98,1.99
BM-sheet_1-5175,beam,0.656,0.0,4.1,2.05
BM-sheet_1-5176,beam,0.656,0.0,4.1,2.05
BM-sheet_1-5177,beam,0.9952,0.0,6.22,3.11
BM-sheet_1-5178,beam,0.9952,0.0,6.22,3.11
BM-sheet_1-5179,beam,0.4032,0.0,2.52,1.26
BM-sheet_1-5180,beam,0.5472,0.0,3.42,1.71
BM-sheet_1-5181,beam,0.5472,0.0,3.42,1.71
BM-sheet_1-5182,beam,0.336,0.0,2.1,1.05
BM-sheet_1-5183,beam,0.2656,0.0,1.66,0.83
BM-sheet_1-5184,beam,0.152,0.0,0.95,0.475
BM-sheet_1-5185,beam,1.44,0.0,9.0,4.5
BM-sheet_1-5186,beam,0.448,0.0,2.8,1.4
BM-sheet_1-5187,beam,1.6832,0.0,10.52,5.26
BM-sheet_1-5188,beam,0.288,0.0,1.8,0.9
BM-sheet_1-5189,beam,0.624,0.0,3.9,1.95
BM-sheet_1-5190,beam,2.385,0.0,12.19,5.3
BM-sheet_1-5191,beam,5.616,0.0,20.28,7.8
BM-sheet_1-5192,beam,3.51,0.0,17.94,7.8
BM-sheet_1-5193,beam,5.616,0.0,20.28,7.8
BM-sheet_1-5194,beam,5.724,0.0,15.9,5.3
BM-sheet_1-5195,beam,2.496,0.0,15.6,7.8
BM-sheet_1-5196,beam,2.496,0.0,15.6,7.8
BM-sheet_1-5197,beam,2.496,0.0,15.6,7.8
BM-sheet_1-5198,beam,0.32,0.0,2.0,1.0
BM-sheet_1-5199,beam,0.9056,0.0,5.66,2.83
BM-sheet_1-5200,beam,0.128,0.0,0.8,0.4
BM-sheet_1-5201,beam,0.152,0.0,0.95,0.475
BM-sheet_1-5202,beam,0.2113,0.0,1.321,0.66
BM-sheet_1-5203,beam,0.5472,0.0,3.42,1.71
BM-sheet_1-5204,beam,0.5472,0.0,3.42,1.71
BM-sheet_1-5205,beam,0.6336,0.0,3.96,1.98
BM-sheet_1-5206,beam,0.6336,0.0,3.96,1.98
BM-sheet_1-5207,beam,1.0112,0.0,6.32,3.16
BM-sheet_1-5208,beam,1.0112,0.0,6.32,3.16
BM-sheet_1-5209,beam,0.3104,0.0,1.94,0.97
BM-sheet_1-5210,beam,0.8096,0.0,5.06,2.53
BM-sheet_1-5211,beam,0.6528,0.0,4.08,2.04
BM-sheet_1-5212,beam,0.1184,0.0,0.74,0.37
BM-sheet_1-5213,beam,0.1776,0.0,1.11,0.555
BM-sheet_1-5214,beam,2.2544,0.0,14.09,7.045
BM-sheet_1-5215,beam,0.4768,0.0,2.98,1.49
BM-sheet_1-5216,beam,0.096,0.0,0.6,0.3
BM-sheet_1-5217,beam,0.1056,0.0,0.66,0.33
BM-sheet_1-5218,beam,0.5216,0.0,3.26,1.63
BM-sheet_1-5219,beam,0.4416,0.0,2.76,1.38
BM-sheet_1-5220,beam,0.512,0.0,3.2,1.6
BM-sheet_1-5221,beam,0.5488,0.0,3.43,1.715
BM-sheet_1-5222,beam,0.3456,0.0,2.16,1.08
BM-sheet_1-5223,beam,0.7936,0.0,4.96,2.48
BM-sheet_1-5224,beam,0.7936,0.0,4.96,2.48
BM-sheet_1-5225,beam,0.672,0.0,4.2,2.1
BM-sheet_1-5226,beam,0.672,0.0,4.2,2.1
BM-sheet_1-5227,beam,0.5024,0.0,3.14,1.57
BM-sheet_1-5228,beam,1.0767,0.0,6.73,3.365
BM-sheet_1-5229,beam,1.341,0.0,8.381,4.191
BM-sheet_1-5230,beam,2.5472,0.0,15.92,7.96
BM-sheet_1-5231,beam,3.04,0.0,19.0,9.5
BM-sheet_1-5232,beam,0.5984,0.0,3.74,1.87
BM-sheet_1-5233,beam,0.3232,0.0,2.02,1.01
BM-sheet_1-5234,beam,0.4224,0.0,2.64,1.32
BM-sheet_1-5235,beam,0.4224,0.0,2.64,1.32
BM-sheet_1-5236,beam,0.192,0.0,1.2,0.6
BM-sheet_1-5237,beam,0.176,0.0,1.1,0.55
BM-sheet_1-5238,beam,0.4224,0.0,2.64,1.32
BM-sheet_1-5239,beam,0.4224,0.0,2.64,1.32
BM-sheet_1-5240,beam,0.3232,0.0,2.02,1.01
BM-sheet_1-5241,beam,0.5984,0.0,3.74,1.87
BM-sheet_1-5242,beam,2.448,0.0,15.3,7.65
BM-sheet_1-5243,beam,0.8,0.0,5.0,2.5
BM-sheet_1-5244,beam,0.8,0.0,5.0,2.5
BM-sheet_1-5245,beam,0.8576,0.0,5.36,2.68
BM-sheet_1-5246,beam,0.3888,0.0,2.43,1.215
BM-sheet_1-5247,beam,0.424,0.0,2.65,1.325
BM-sheet_1-5248,beam,0.224,0.0,1.4,0.7
BM-sheet_1-5249,beam,0.1376,0.0,0.86,0.43
BM-sheet_1-5250,beam,0.5824,0.0,3.64,1.82
BM-sheet_1-5251,beam,0.5824,0.0,3.64,1.82
BM-sheet_1-5252,beam,1.0944,0.0,6.84,3.42
BM-sheet_1-5253,beam,0.368,0.0,2.3,1.15
BM-sheet_1-5254,beam,0.6112,0.0,3.82,1.91
BM-sheet_1-5255,beam,0.1376,0.0,0.86,0.43
BM-sheet_1-5256,beam,0.6816,0.0,4.26,2.13
BM-sheet_1-5257,beam,0.608,0.0,3.8,1.9
BM-sheet_1-5258,beam,0.608,0.0,3.8,1.9
BM-sheet_1-5259,beam,0.656,0.0,4.1,2.05
BM-sheet_1-5260,beam,0.656,0.0,4.1,2.05
BM-sheet_1-5261,beam,0.6624,0.0,4.14,2.07
BM-sheet_1-5262,beam,0.1088,0.0,0.68,0.34
BM-sheet_1-5263,beam,0.9792,0.0,6.12,3.06
BM-sheet_1-5264,beam,0.9792,0.0,6.12,3.06
BM-sheet_1-5265,beam,0.672,0.0,4.2,2.1
BM-sheet_1-5266,beam,0.608,0.0,3.8,1.9
BM-sheet_1-5267,beam,0.144,0.0,0.9,0.45
BM-sheet_1-5268,beam,0.1008,0.0,0.63,0.315
BM-sheet_1-5269,beam,0.424,0.0,2.65,1.325
BM-sheet_1-5270,beam,0.6048,0.0,3.78,1.89
BM-sheet_1-5271,beam,0.3936,0.0,2.46,1.23
BM-sheet_1-5272,beam,0.8,0.0,5.0,2.5
BM-sheet_1-5273,beam,0.8,0.0,5.0,2.5
BM-sheet_1-5274,beam,0.8576,0.0,5.36,2.68
BM-sheet_1-5275,beam,0.8576,0.0,5.36,2.68
BM-sheet_1-5276,beam,0.6144,0.0,3.84,1.92
BM-sheet_1-5277,beam,0.6944,0.0,4.34,2.17
BM-sheet_1-5278,beam,0.16,0.0,1.0,0.5
BM-sheet_1-5279,beam,0.168,0.0,1.05,0.525
BM-sheet_1-5280,beam,0.2848,0.0,1.78,0.89
BM-sheet_1-5281,beam,0.36,0.0,2.25,1.125
BM-sheet_1-5282,beam,0.7936,0.0,4.96,2.48
BM-sheet_1-5283,beam,0.7936,0.0,4.96,2.48
BM-sheet_1-5284,beam,0.672,0.0,4.2,2.1
BM-sheet_1-5285,beam,0.672,0.0,4.2,2.1
BM-sheet_1-5286,beam,0.512,0.0,3.2,1.6
BM-sheet_1-5287,beam,0.464,0.0,2.9,1.45
BM-sheet_1-5288,beam,0.4512,0.0,2.82,1.41
BM-sheet_1-5289,beam,0.5488,0.0,3.43,1.715
BM-sheet_1-5290,beam,0.1008,0.0,0.63,0.315
BM-sheet_1-5291,beam,0.096,0.0,0.6,0.3
BM-sheet_1-5292,beam,0.4416,0.0,2.76,1.38
BM-sheet_1-5293,beam,0.5216,0.0,3.26,1.63
BM-sheet_1-5294,beam,0.4768,0.0,2.98,1.49
BM-sheet_1-5295,beam,2.6704,0.0,16.69,8.345
BM-sheet_1-5296,beam,0.6528,0.0,4.08,2.04
BM-sheet_1-5297,beam,0.1184,0.0,0.74,0.37
BM-sheet_1-5298,beam,0.1776,0.0,1.11,0.555
BM-sheet_1-5299,beam,1.3104,0.0,8.19,4.095
BM-sheet_1-5300,beam,1.44,0.0,9.0,4.5
BM-sheet_1-5301,beam,0.448,0.0,2.8,1.4
BM-sheet_1-5302,beam,1.6832,0.0,10.52,5.26
BM-sheet_1-5303,beam,0.288,0.0,1.8,0.9
BM-sheet_1-5304,beam,0.624,0.0,3.9,1.95
BM-sheet_1-5305,beam,0.8096,0.0,5.06,2.53
BM-sheet_1-5306,beam,1.0112,0.0,6.32,3.16
BM-sheet_1-5307,beam,1.0112,0.0,6.32,3.16
BM-sheet_1-5308,beam,0.672,0.0,4.2,2.1
BM-sheet_1-5309,beam,0.672,0.0,4.2,2.1
BM-sheet_1-5310,beam,0.5472,0.0,3.42,1.71
BM-sheet_1-5311,beam,0.5472,0.0,3.42,1.71
BM-sheet_1-5312,beam,0.2656,0.0,1.66,0.83
BM-sheet_1-5313,beam,0.368,0.0,2.3,1.15
BM-sheet_1-5314,beam,2.528,0.0,15.8,7.9
BM-sheet_1-5315,beam,1.584,0.0,9.9,4.95
BM-sheet_1-5316,beam,2.464,0.0,15.4,7.7
BM-sheet_1-5317,beam,2.464,0.0,15.4,7.7
BM-sheet_1-5318,beam,0.9952,0.0,6.22,3.11
BM-sheet_1-5319,beam,0.4704,0.0,2.94,1.47
BM-sheet_1-5320,beam,0.9223,0.0,5.764,2.882
BM-sheet_1-5321,beam,0.7918,0.0,4.949,2.474
BM-sheet_1-5322,beam,0.957,0.0,5.981,2.991
BM-sheet_1-5323,beam,0.8,0.0,5.0,2.5
BM-sheet_1-5324,beam,0.8,0.0,5.0,2.5
BM-sheet_1-5325,beam,0.8576,0.0,5.36,2.68
BM-sheet_1-5326,beam,0.8576,0.0,5.36,2.68
BM-sheet_1-5327,beam,0.5344,0.0,3.34,1.67
BM-sheet_1-5328,beam,0.5344,0.0,3.34,1.67
BM-sheet_1-5329,beam,0.608,0.0,3.8,1.9
BM-sheet_1-5330,beam,0.672,0.0,4.2,2.1
BM-sheet_1-5331,beam,0.368,0.0,2.3,1.15
BM-sheet_1-5332,beam,0.6112,0.0,3.82,1.91
BM-sheet_1-5333,beam,1.0944,0.0,6.84,3.42
BM-sheet_1-5334,beam,1.0944,0.0,6.84,3.42
BM-sheet_1-5335,beam,0.368,0.0,2.3,1.15
BM-sheet_1-5336,beam,0.6112,0.0,3.82,1.91
BM-sheet_1-5337,beam,0.1376,0.0,0.86,0.43
BM-sheet_1-5338,beam,0.6816,0.0,4.26,2.13
BM-sheet_1-5339,beam,0.6656,0.0,4.16,2.08
BM-sheet_1-5340,beam,0.1056,0.0,0.66,0.33
BM-sheet_1-5341,beam,0.9792,0.0,6.12,3.06
BM-sheet_1-5342,beam,1.168,0.0,7.3,3.65
BM-sheet_1-5343,beam,0.4384,0.0,2.74,1.37
BM-sheet_1-5344,beam,0.656,0.0,4.1,2.05
BM-sheet_1-5345,beam,0.608,0.0,3.8,1.9
BM-sheet_1-5346,beam,0.8,0.0,5.0,2.5
BM-sheet_1-5347,beam,0.8,0.0,5.0,2.5
BM-sheet_1-5348,beam,0.7616,0.0,4.76,2.38
BM-sheet_1-5349,beam,0.7616,0.0,4.76,2.38
BM-sheet_1-5350,beam,1.7184,0.0,10.74,5.37
BM-sheet_1-5351,beam,0.9066,0.0,5.666,2.833
BM-sheet_1-5352,beam,1.6711,0.0,10.445,5.222
BM-sheet_1-5353,beam,0.4765,0.0,2.978,1.489
BM-sheet_1-5354,beam,0.8576,0.0,5.36,2.68
BM-sheet_1-5355,beam,0.8,0.0,5.0,2.5
BM-sheet_1-5356,beam,0.8,0.0,5.0,2.5
BM-sheet_1-5357,beam,0.464,0.0,2.9,1.45
BM-sheet_1-5358,beam,0.464,0.0,2.9,1.45
BM-sheet_1-5359,beam,0.2688,0.0,1.68,0.84
BM-sheet_1-5360,beam,0.4224,0.0,2.64,1.32
BM-sheet_1-5361,beam,0.192,0.0,1.2,0.6
BM-sheet_1-5362,beam,0.608,0.0,3.8,1.9
BM-sheet_1-5363,beam,0.672,0.0,4.2,2.1
BM-sheet_1-5364,beam,2.2048,0.0,13.78,6.89
BM-sheet_1-5365,beam,0.368,0.0,2.3,1.15
BM-sheet_1-5366,beam,0.6912,0.0,4.32,2.16
BM-sheet_1-5367,beam,0.6544,0.0,4.09,2.045
BM-sheet_1-5368,beam,0.8,0.0,5.0,2.5
BM-sheet_1-5369,beam,1.0496,0.0,6.56,3.28
BM-sheet_1-5370,beam,0.624,0.0,3.9,1.95
BM-sheet_1-5371,beam,0.624,0.0,3.9,1.95
BM-sheet_1-5372,beam,0.5984,0.0,3.74,1.87
BM-sheet_1-5373,beam,1.536,0.0,9.6,4.8
BM-sheet_1-5374,beam,0.2485,0.0,1.553,0.777
BM-sheet_1-5375,beam,1.2078,0.0,7.549,3.774
BM-sheet_1-5376,beam,1.2398,0.0,7.749,3.874
BM-sheet_1-5377,beam,4.181,0.0,16.591,6.637
BM-sheet_1-5378,beam,2.0928,0.0,13.08,6.54
BM-sheet_1-5379,beam,0.6112,0.0,3.82,1.91
BM-sheet_1-5380,beam,0.368,0.0,2.3,1.15
BM-sheet_1-5381,beam,0.128,0.0,0.8,0.4
BM-sheet_1-5382,beam,0.9152,0.0,5.72,2.86
BM-sheet_1-5383,beam,0.32,0.0,2.0,1.0
BM-sheet_1-5384,beam,0.152,0.0,0.95,0.475
BM-sheet_1-5385,beam,0.1536,0.0,0.96,0.48
BM-sheet_1-5386,beam,0.5472,0.0,3.42,1.71
BM-sheet_1-5387,beam,0.5472,0.0,3.42,1.71
BM-sheet_1-5388,beam,0.2304,0.0,1.44,0.72
BM-sheet_1-5389,beam,0.4512,0.0,2.82,1.41
BM-sheet_1-5390,beam,0.192,0.0,1.2,0.6
BM-sheet_1-5391,beam,0.672,0.0,4.2,2.1
BM-sheet_1-5392,beam,1.0112,0.0,6.32,3.16
BM-sheet_1-5393,beam,2.7504,0.0,17.19,8.595
BM-sheet_1-5394,beam,0.544,0.0,3.4,1.7
BM-sheet_1-5395,beam,0.8096,0.0,5.06,2.53
BM-sheet_1-5396,beam,0.1776,0.0,1.11,0.555
BM-sheet_1-5397,beam,0.1184,0.0,0.74,0.37
BM-sheet_1-5398,beam,0.6528,0.0,4.08,2.04
BM-sheet_1-5399,beam,0.1824,0.0,1.14,0.57
BM-sheet_1-5400,beam,0.4768,0.0,2.98,1.49
BM-sheet_1-5401,beam,0.096,0.0,0.6,0.3
BM-sheet_1-5402,beam,0.1008,0.0,0.63,0.315
BM-sheet_1-5403,beam,0.5488,0.0,3.43,1.715
BM-sheet_1-5404,beam,0.3456,0.0,2.16,1.08
BM-sheet_1-5405,beam,0.4416,0.0,2.76,1.38
BM-sheet_1-5406,beam,0.5216,0.0,3.26,1.63
BM-sheet_1-5407,beam,0.512,0.0,3.2,1.6
BM-sheet_1-5408,beam,0.512,0.0,3.2,1.6
BM-sheet_1-5409,beam,0.7936,0.0,4.96,2.48
BM-sheet_1-5410,beam,0.7936,0.0,4.96,2.48
BM-sheet_1-5411,beam,0.672,0.0,4.2,2.1
BM-sheet_1-5412,beam,2.1104,0.0,13.19,6.595
BM-sheet_1-5413,beam,0.4376,0.0,2.735,1.367
BM-sheet_1-5414,beam,2.736,0.0,17.1,8.55
BM-sheet_1-5415,beam,0.3936,0.0,2.46,1.23
BM-sheet_1-5416,beam,0.8,0.0,5.0,2.5
BM-sheet_1-5417,beam,0.8576,0.0,5.36,2.68
BM-sheet_1-5418,beam,0.8576,0.0,5.36,2.68
BM-sheet_1-5419,beam,0.5344,0.0,3.34,1.67
BM-sheet_1-5420,beam,0.368,0.0,2.3,1.15
BM-sheet_1-5421,beam,0.6112,0.0,3.82,1.91
BM-sheet_1-5422,beam,1.0944,0.0,6.84,3.42
BM-sheet_1-5423,beam,0.1376,0.0,0.86,0.43
BM-sheet_1-5424,beam,0.6816,0.0,4.26,2.13
BM-sheet_1-5425,beam,0.7568,0.0,4.73,2.365
BM-sheet_1-5426,beam,0.968,0.0,6.05,3.025
BM-sheet_1-5427,beam,0.608,0.0,3.8,1.9
BM-sheet_1-5428,beam,0.608,0.0,3.8,1.9
BM-sheet_1-5429,beam,0.656,0.0,4.1,2.05
BM-sheet_1-5430,beam,0.656,0.0,4.1,2.05
BM-sheet_1-5431,beam,0.672,0.0,4.2,2.1
BM-sheet_1-5432,beam,0.672,0.0,4.2,2.1
BM-sheet_1-5433,beam,0.608,0.0,3.8,1.9
BM-sheet_1-5434,beam,0.608,0.0,3.8,1.9
BM-sheet_1-5435,beam,0.6912,0.0,4.32,2.16
BM-sheet_1-5436,beam,1.888,0.0,11.8,5.9
BM-sheet_1-5437,beam,0.8576,0.0,5.36,2.68
BM-sheet_1-5438,beam,0.8576,0.0,5.36,2.68
BM-sheet_1-5439,beam,0.8,0.0,5.0,2.5
BM-sheet_1-5440,beam,0.2319,0.0,1.449,0.725
BM-sheet_1-5441,beam,0.144,0.0,0.9,0.45
BM-sheet_1-5442,beam,0.112,0.0,0.7,0.35
BM-sheet_1-5443,beam,0.6944,0.0,4.34,2.17
BM-sheet_1-5444,beam,1.0944,0.0,6.84,3.42
BM-sheet_1-5445,beam,0.368,0.0,2.3,1.15
BM-sheet_1-5446,beam,0.6112,0.0,3.82,1.91
BM-sheet_1-5447,beam,0.8188,0.0,5.117,2.559
BM-sheet_1-5448,beam,2.5424,0.0,15.89,7.945
BM-sheet_1-5449,beam,0.16,0.0,1.0,0.5
BM-sheet_1-5450,beam,0.168,0.0,1.05,0.525
BM-sheet_1-5451,beam,0.3648,0.0,2.28,1.14
BM-sheet_1-5452,beam,0.7936,0.0,4.96,2.48
BM-sheet_1-5453,beam,0.7936,0.0,4.96,2.48
BM-sheet_1-5454,beam,0.672,0.0,4.2,2.1
BM-sheet_1-5455,beam,0.672,0.0,4.2,2.1
BM-sheet_1-5456,beam,0.464,0.0,2.9,1.45
BM-sheet_1-5457,beam,0.4512,0.0,2.82,1.41
BM-sheet_1-5458,beam,0.512,0.0,3.2,1.6
BM-sheet_1-5459,beam,0.5488,0.0,3.43,1.715
BM-sheet_1-5460,beam,0.1008,0.0,0.63,0.315
BM-sheet_1-5461,beam,0.4416,0.0,2.76,1.38
BM-sheet_1-5462,beam,0.5216,0.0,3.26,1.63
BM-sheet_1-5463,beam,0.096,0.0,0.6,0.3
BM-sheet_1-5464,beam,0.4768,0.0,2.98,1.49
BM-sheet_1-5465,beam,2.6704,0.0,16.69,8.345
BM-sheet_1-5466,beam,0.6528,0.0,4.08,2.04
BM-sheet_1-5467,beam,0.1776,0.0,1.11,0.555
BM-sheet_1-5468,beam,0.1184,0.0,0.74,0.37
BM-sheet_1-5469,beam,0.8096,0.0,5.06,2.53
BM-sheet_1-5470,beam,1.0112,0.0,6.32,3.16
BM-sheet_1-5471,beam,1.0112,0.0,6.32,3.16
BM-sheet_1-5472,beam,0.672,0.0,4.2,2.1
BM-sheet_1-5473,beam,0.672,0.0,4.2,2.1
BM-sheet_1-5474,beam,0.5472,0.0,3.42,1.71
BM-sheet_1-5475,beam,0.5472,0.0,3.42,1.71
BM-sheet_1-5476,beam,0.4032,0.0,2.52,1.26
BM-sheet_1-5477,beam,1.3104,0.0,8.19,4.095
BM-sheet_1-5478,beam,1.44,0.0,9.0,4.5
BM-sheet_1-5479,beam,0.448,0.0,2.8,1.4
BM-sheet_1-5480,beam,1.6832,0.0,10.52,5.26
BM-sheet_1-5481,beam,0.288,0.0,1.8,0.9
BM-sheet_1-5482,beam,0.624,0.0,3.9,1.95
BM-sheet_1-5483,beam,0.128,0.0,0.8,0.4
BM-sheet_1-5484,beam,0.9152,0.0,5.72,2.86
BM-sheet_1-5485,beam,0.32,0.0,2.0,1.0
BM-sheet_1-5486,beam,0.152,0.0,0.95,0.475
BM-sheet_1-5487,beam,0.1536,0.0,0.96,0.48
BM-sheet_1-5488,beam,0.672,0.0,4.2,2.1
BM-sheet_1-5489,beam,0.672,0.0,4.2,2.1
BM-sheet_1-5490,beam,1.0112,0.0,6.32,3.16
BM-sheet_1-5491,beam,1.0112,0.0,6.32,3.16
BM-sheet_1-5492,beam,0.5472,0.0,3.42,1.71
BM-sheet_1-5493,beam,0.5472,0.0,3.42,1.71
BM-sheet_1-5494,beam,1.424,0.0,8.9,4.45
BM-sheet_1-5495,beam,0.7344,0.0,4.59,2.295
BM-sheet_1-5496,beam,0.4608,0.0,2.88,1.44
BM-sheet_1-5497,beam,0.544,0.0,3.4,1.7
BM-sheet_1-5498,beam,0.8096,0.0,5.06,2.53
BM-sheet_1-5499,beam,0.1776,0.0,1.11,0.555
BM-sheet_1-5500,beam,0.1184,0.0,0.74,0.37
BM-sheet_1-5501,beam,0.6688,0.0,4.18,2.09
BM-sheet_1-5502,beam,0.096,0.0,0.6,0.3
BM-sheet_1-5503,beam,0.1008,0.0,0.63,0.315
BM-sheet_1-5504,beam,0.5488,0.0,3.43,1.715
BM-sheet_1-5505,beam,0.3456,0.0,2.16,1.08
BM-sheet_1-5506,beam,0.3744,0.0,2.34,1.17
BM-sheet_1-5507,beam,0.512,0.0,3.2,1.6
BM-sheet_1-5508,beam,0.512,0.0,3.2,1.6
BM-sheet_1-5509,beam,0.4416,0.0,2.76,1.38
BM-sheet_1-5510,beam,0.5216,0.0,3.26,1.63
BM-sheet_1-5511,beam,2.1424,0.0,13.39,6.695
BM-sheet_1-5512,beam,0.112,0.0,0.7,0.35
BM-sheet_1-5513,beam,0.64,0.0,4.0,2.0
BM-sheet_1-5514,beam,0.4864,0.0,3.04,1.52
BM-sheet_1-5515,beam,0.4179,0.0,2.612,1.306
BM-sheet_1-5516,beam,0.549,0.0,3.431,1.716
BM-sheet_1-5517,beam,0.6392,0.0,3.995,1.997
BM-sheet_1-5518,beam,1.8308,0.0,11.443,5.721
BM-sheet_1-5519,beam,0.5024,0.0,3.14,1.57
BM-sheet_1-5520,beam,0.8736,0.0,5.46,2.73
BM-sheet_1-5521,beam,0.416,0.0,2.6,1.3
BM-sheet_1-5522,beam,0.6768,0.0,4.23,2.115
BM-sheet_1-5523,beam,0.7616,0.0,4.76,2.38
BM-sheet_1-5524,beam,0.384,0.0,2.4,1.2
BM-sheet_1-5525,beam,0.32,0.0,2.0,1.0
BM-sheet_1-5526,beam,0.6448,0.0,4.03,2.015
BM-sheet_1-5527,beam,0.3456,0.0,2.16,1.08
BM-sheet_1-5528,beam,0.5488,0.0,3.43,1.715
BM-sheet_1-5529,beam,0.512,0.0,3.2,1.6
BM-sheet_1-5530,beam,0.4768,0.0,2.98,1.49
BM-sheet_1-5531,beam,0.4416,0.0,2.76,1.38
BM-sheet_1-5532,beam,0.5216,0.0,3.26,1.63
BM-sheet_1-5533,beam,0.1008,0.0,0.63,0.315
BM-sheet_1-5534,beam,0.096,0.0,0.6,0.3
BM-sheet_1-5535,beam,2.6704,0.0,16.69,8.345
BM-sheet_1-5536,beam,0.6368,0.0,3.98,1.99
BM-sheet_1-5537,beam,0.1776,0.0,1.11,0.555
BM-sheet_1-5538,beam,1.0112,0.0,6.32,3.16
BM-sheet_1-5539,beam,1.0112,0.0,6.32,3.16
BM-sheet_1-5540,beam,0.672,0.0,4.2,2.1
BM-sheet_1-5541,beam,0.672,0.0,4.2,2.1
BM-sheet_1-5542,beam,0.4032,0.0,2.52,1.26
BM-sheet_1-5543,beam,0.5472,0.0,3.42,1.71
BM-sheet_1-5544,beam,0.6496,0.0,4.06,2.03
BM-sheet_1-5545,beam,0.8256,0.0,5.16,2.58
BM-sheet_1-5546,beam,0.3456,0.0,2.16,1.08
BM-sheet_1-5547,beam,0.5488,0.0,3.43,1.715
BM-sheet_1-5548,beam,0.1008,0.0,0.63,0.315
BM-sheet_1-5549,beam,0.096,0.0,0.6,0.3
BM-sheet_1-5550,beam,0.4768,0.0,2.98,1.49
BM-sheet_1-5551,beam,0.4736,0.0,2.96,1.48
BM-sheet_1-5552,beam,0.5536,0.0,3.46,1.73
BM-sheet_1-5553,beam,0.512,0.0,3.2,1.6
BM-sheet_1-5554,beam,0.512,0.0,3.2,1.6
BM-sheet_1-5555,beam,2.1904,0.0,13.69,6.845
BM-sheet_1-5556,beam,0.6528,0.0,4.08,2.04
BM-sheet_1-5557,beam,0.1584,0.0,0.99,0.495
BM-sheet_1-5558,beam,0.8096,0.0,5.06,2.53
BM-sheet_1-5559,beam,0.544,0.0,3.4,1.7
BM-sheet_1-5560,beam,0.7104,0.0,4.44,2.22
BM-sheet_1-5561,beam,0.7104,0.0,4.44,2.22
BM-sheet_1-5562,beam,1.0112,0.0,6.32,3.16
BM-sheet_1-5563,beam,1.0112,0.0,6.32,3.16
BM-sheet_1-5564,beam,0.672,0.0,4.2,2.1
BM-sheet_1-5565,beam,0.672,0.0,4.2,2.1
BM-sheet_1-5566,beam,0.3552,0.0,2.22,1.11
BM-sheet_1-5567,beam,0.216,0.0,1.104,0.48
BM-sheet_1-5568,beam,0.2137,0.0,1.092,0.475
BM-sheet_1-5569,beam,0.45,0.0,2.3,1.0
BM-sheet_1-5570,beam,1.088,0.0,6.8,3.4
BM-sheet_1-5571,beam,1.408,0.0,8.8,4.4
BM-sheet_1-5572,beam,0.8,0.0,5.0,2.5
BM-sheet_1-5573,beam,0.8,0.0,5.0,2.5
BM-sheet_1-5574,beam,0.8576,0.0,5.36,2.68
BM-sheet_1-5575,beam,0.8576,0.0,5.36,2.68
BM-sheet_1-5576,beam,0.5824,0.0,3.64,1.82
BM-sheet_1-5577,beam,0.5824,0.0,3.64,1.82
BM-sheet_1-5578,beam,0.608,0.0,3.8,1.9
BM-sheet_1-5579,beam,0.608,0.0,3.8,1.9
BM-sheet_1-5580,beam,0.664,0.0,4.15,2.075
BM-sheet_1-5581,beam,0.664,0.0,4.15,2.075
BM-sheet_1-5582,beam,0.384,0.0,2.4,1.2
BM-sheet_1-5583,beam,1.1104,0.0,6.94,3.47
BM-sheet_1-5584,beam,1.3852,0.0,8.658,4.329
BM-sheet_1-5585,beam,1.546,0.0,9.662,4.831
BM-sheet_1-5586,beam,1.1104,0.0,6.94,3.47
BM-sheet_1-5587,beam,0.6112,0.0,3.82,1.91
BM-sheet_1-5588,beam,0.1376,0.0,0.86,0.43
BM-sheet_1-5589,beam,0.6896,0.0,4.31,2.155
BM-sheet_1-5590,beam,0.968,0.0,6.05,3.025
BM-sheet_1-5591,beam,0.968,0.0,6.05,3.025
BM-sheet_1-5592,beam,1.1088,0.0,6.93,3.465
BM-sheet_1-5593,beam,1.1088,0.0,6.93,3.465
BM-sheet_1-5594,beam,0.6576,0.0,4.11,2.055
BM-sheet_1-5595,beam,0.1056,0.0,0.66,0.33
BM-sheet_1-5596,beam,0.664,0.0,4.15,2.075
BM-sheet_1-5597,beam,0.664,0.0,4.15,2.075
BM-sheet_1-5598,beam,0.608,0.0,3.8,1.9
BM-sheet_1-5599,beam,0.608,0.0,3.8,1.9
BM-sheet_1-5600,beam,0.6112,0.0,3.82,1.91
BM-sheet_1-5601,beam,0.368,0.0,2.3,1.15
BM-sheet_1-5602,beam,0.8,0.0,5.0,2.5
BM-sheet_1-5603,beam,0.8,0.0,5.0,2.5
BM-sheet_1-5604,beam,0.8576,0.0,5.36,2.68
BM-sheet_1-5605,beam,0.8576,0.0,5.36,2.68
BM-sheet_1-5606,beam,0.1484,0.0,0.928,0.464
BM-sheet_1-5607,beam,0.6048,0.0,3.78,1.89
BM-sheet_1-5608,beam,0.424,0.0,2.65,1.325
BM-sheet_1-5609,beam,0.144,0.0,0.9,0.45
BM-sheet_1-5610,beam,0.1008,0.0,0.63,0.315
BM-sheet_1-5611,beam,0.6144,0.0,3.84,1.92
BM-sheet_1-5612,beam,0.6944,0.0,4.34,2.17
BM-sheet_1-5613,beam,0.8,0.0,5.0,2.5
BM-sheet_1-5614,beam,0.8,0.0,5.0,2.5
BM-sheet_1-5615,beam,0.8576,0.0,5.36,2.68
BM-sheet_1-5616,beam,0.8576,0.0,5.36,2.68
BM-sheet_1-5617,beam,0.4224,0.0,2.64,1.32
BM-sheet_1-5618,beam,0.4224,0.0,2.64,1.32
BM-sheet_1-5619,beam,0.192,0.0,1.2,0.6
BM-sheet_1-5620,beam,0.424,0.0,2.65,1.325
BM-sheet_1-5621,beam,0.224,0.0,1.4,0.7
BM-sheet_1-5622,beam,0.1376,0.0,0.86,0.43
BM-sheet_1-5623,beam,0.368,0.0,2.3,1.15
BM-sheet_1-5624,beam,1.0944,0.0,6.84,3.42
BM-sheet_1-5625,beam,0.5824,0.0,3.64,1.82
BM-sheet_1-5626,beam,0.5824,0.0,3.64,1.82
BM-sheet_1-5627,beam,0.608,0.0,3.8,1.9
BM-sheet_1-5628,beam,0.608,0.0,3.8,1.9
BM-sheet_1-5629,beam,0.672,0.0,4.2,2.1
BM-sheet_1-5630,beam,0.672,0.0,4.2,2.1
BM-sheet_1-5631,beam,0.6112,0.0,3.82,1.91
BM-sheet_1-5632,beam,0.1376,0.0,0.86,0.43
BM-sheet_1-5633,beam,0.6976,0.0,4.36,2.18
BM-sheet_1-5634,beam,0.6928,0.0,4.33,2.165
BM-sheet_1-5635,beam,0.968,0.0,6.05,3.025
BM-sheet_1-5636,beam,0.6496,0.0,4.06,2.03
BM-sheet_1-5637,beam,0.1056,0.0,0.66,0.33
BM-sheet_1-5638,beam,0.656,0.0,4.1,2.05
BM-sheet_1-5639,beam,0.656,0.0,4.1,2.05
BM-sheet_1-5640,beam,0.608,0.0,3.8,1.9
BM-sheet_1-5641,beam,0.608,0.0,3.8,1.9
BM-sheet_1-5642,beam,0.368,0.0,2.3,1.15
BM-sheet_1-5643,beam,0.6112,0.0,3.82,1.91
BM-sheet_1-5644,beam,1.0944,0.0,6.84,3.42
BM-sheet_1-5645,beam,0.1008,0.0,0.63,0.315
BM-sheet_1-5646,beam,0.6144,0.0,3.84,1.92
BM-sheet_1-5647,beam,0.6944,0.0,4.34,2.17
BM-sheet_1-5648,beam,0.144,0.0,0.9,0.45
BM-sheet_1-5649,beam,0.424,0.0,2.65,1.325
BM-sheet_1-5650,beam,0.6048,0.0,3.78,1.89
BM-sheet_1-5651,beam,0.3936,0.0,2.46,1.23
BM-sheet_1-5652,beam,0.8,0.0,5.0,2.5
BM-sheet_1-5653,beam,1.0624,0.0,6.64,3.32
BM-sheet_1-5654,beam,0.4608,0.0,2.88,1.44
BM-sheet_1-5655,beam,1.9136,0.0,11.96,5.98
BM-sheet_1-5656,beam,0.5536,0.0,3.46,1.73
BM-sheet_1-5657,beam,0.944,0.0,5.9,2.95
BM-sheet_1-5658,beam,0.5024,0.0,3.14,1.57
BM-sheet_1-5659,beam,0.8576,0.0,5.36,2.68
BM-sheet_1-5660,beam,0.8576,0.0,5.36,2.68
BM-sheet_1-5661,beam,0.8576,0.0,5.36,2.68
BM-sheet_1-5662,beam,0.8576,0.0,5.36,2.68
BM-sheet_1-5663,beam,0.8,0.0,5.0,2.5
BM-sheet_1-5664,beam,0.8,0.0,5.0,2.5
BM-sheet_1-5665,beam,0.5824,0.0,3.64,1.82
BM-sheet_1-5666,beam,0.5824,0.0,3.64,1.82
BM-sheet_1-5667,beam,0.608,0.0,3.8,1.9
BM-sheet_1-5668,beam,0.608,0.0,3.8,1.9
BM-sheet_1-5669,beam,0.664,0.0,4.15,2.075
BM-sheet_1-5670,beam,0.664,0.0,4.15,2.075
BM-sheet_1-5671,beam,0.1024,0.0,0.64,0.32
BM-sheet_1-5672,beam,0.6272,0.0,3.92,1.96
BM-sheet_1-5673,beam,0.272,0.0,1.7,0.85
BM-sheet_1-5674,beam,0.272,0.0,1.7,0.85
BM-sheet_1-5675,beam,0.1376,0.0,0.86,0.43
BM-sheet_1-5676,beam,0.6896,0.0,4.31,2.155
BM-sheet_1-5677,beam,1.0768,0.0,6.73,3.365
BM-sheet_1-5678,beam,1.0768,0.0,6.73,3.365
BM-sheet_1-5679,beam,0.968,0.0,6.05,3.025
BM-sheet_1-5680,beam,0.968,0.0,6.05,3.025
BM-sheet_1-5681,beam,0.664,0.0,4.15,2.075
BM-sheet_1-5682,beam,0.664,0.0,4.15,2.075
BM-sheet_1-5683,beam,0.608,0.0,3.8,1.9
BM-sheet_1-5684,beam,0.608,0.0,3.8,1.9
BM-sheet_1-5685,beam,0.6576,0.0,4.11,2.055
BM-sheet_1-5686,beam,0.8,0.0,5.0,2.5
BM-sheet_1-5687,beam,0.8,0.0,5.0,2.5
BM-sheet_1-5688,beam,0.8576,0.0,5.36,2.68
BM-sheet_1-5689,beam,0.8576,0.0,5.36,2.68
BM-sheet_1-5690,beam,0.6144,0.0,3.84,1.92
BM-sheet_1-5691,beam,0.6944,0.0,4.34,2.17
BM-sheet_1-5692,beam,0.1056,0.0,0.66,0.33
BM-sheet_1-5693,beam,1.1104,0.0,6.94,3.47
BM-sheet_1-5694,beam,3.1932,0.0,19.958,9.979
BM-sheet_1-5695,beam,0.1008,0.0,0.63,0.315
BM-sheet_1-5696,beam,0.144,0.0,0.9,0.45
BM-sheet_1-5697,beam,0.424,0.0,2.65,1.325
BM-sheet_1-5698,beam,0.6048,0.0,3.78,1.89
BM-sheet_1-5699,beam,0.3936,0.0,2.46,1.23
BM-sheet_1-5700,beam,2.56,0.0,16.0,8.0
BM-sheet_1-5701,beam,2.64,0.0,16.5,8.25
BM-sheet_1-5702,beam,0.32,0.0,2.0,1.0
BM-sheet_1-5703,beam,0.3936,0.0,2.46,1.23
BM-sheet_1-5704,beam,0.6048,0.0,3.78,1.89
BM-sheet_1-5705,beam,0.8576,0.0,5.36,2.68
BM-sheet_1-5706,beam,0.8576,0.0,5.36,2.68
BM-sheet_1-5707,beam,0.8,0.0,5.0,2.5
BM-sheet_1-5708,beam,0.8,0.0,5.0,2.5
BM-sheet_1-5709,beam,0.5824,0.0,3.64,1.82
BM-sheet_1-5710,beam,0.5824,0.0,3.64,1.82
BM-sheet_1-5711,beam,0.4288,0.0,2.68,1.34
BM-sheet_1-5712,beam,0.224,0.0,1.4,0.7
BM-sheet_1-5713,beam,0.1328,0.0,0.83,0.415
BM-sheet_1-5714,beam,0.608,0.0,3.8,1.9
BM-sheet_1-5715,beam,0.608,0.0,3.8,1.9
BM-sheet_1-5716,beam,1.0944,0.0,6.84,3.42
BM-sheet_1-5717,beam,0.368,0.0,2.3,1.15
BM-sheet_1-5718,beam,0.6112,0.0,3.82,1.91
BM-sheet_1-5719,beam,0.1376,0.0,0.86,0.43
BM-sheet_1-5720,beam,0.6896,0.0,4.31,2.155
BM-sheet_1-5721,beam,0.968,0.0,6.05,3.025
BM-sheet_1-5722,beam,0.664,0.0,4.15,2.075
BM-sheet_1-5723,beam,0.664,0.0,4.15,2.075
BM-sheet_1-5724,beam,1.0768,0.0,6.73,3.365
BM-sheet_1-5725,beam,1.0768,0.0,6.73,3.365
BM-sheet_1-5726,beam,0.968,0.0,6.05,3.025
BM-sheet_1-5727,beam,0.6576,0.0,4.11,2.055
BM-sheet_1-5728,beam,0.664,0.0,4.15,2.075
BM-sheet_1-5729,beam,0.664,0.0,4.15,2.075
BM-sheet_1-5730,beam,0.608,0.0,3.8,1.9
BM-sheet_1-5731,beam,0.608,0.0,3.8,1.9
BM-sheet_1-5732,beam,0.1056,0.0,0.66,0.33
BM-sheet_1-5733,beam,0.368,0.0,2.3,1.15
BM-sheet_1-5734,beam,0.6112,0.0,3.82,1.91
BM-sheet_1-5735,beam,1.0944,0.0,6.84,3.42
BM-sheet_1-5736,beam,0.8,0.0,5.0,2.5
BM-sheet_1-5737,beam,0.8,0.0,5.0,2.5
BM-sheet_1-5738,beam,0.1008,0.0,0.63,0.315
BM-sheet_1-5739,beam,0.144,0.0,0.9,0.45
BM-sheet_1-5740,beam,0.424,0.0,2.65,1.325
BM-sheet_1-5741,beam,0.6144,0.0,3.84,1.92
BM-sheet_1-5742,beam,0.6944,0.0,4.34,2.17
BM-sheet_1-5743,beam,0.6048,0.0,3.78,1.89
BM-sheet_1-5744,beam,0.3936,0.0,2.46,1.23
BM-sheet_1-5745,beam,0.8576,0.0,5.36,2.68
BM-sheet_1-5746,beam,0.8576,0.0,5.36,2.68
BM-sheet_1-5747,beam,2.96,0.0,18.5,9.25
BM-sheet_1-5748,beam,0.4544,0.0,2.84,1.42
BM-sheet_1-5749,beam,0.6736,0.0,4.21,2.105
BM-sheet_1-5750,beam,0.16,0.0,1.0,0.5
BM-sheet_1-5751,beam,0.3648,0.0,2.28,1.14
BM-sheet_1-5752,beam,0.7936,0.0,4.96,2.48
BM-sheet_1-5753,beam,0.7936,0.0,4.96,2.48
BM-sheet_1-5754,beam,0.672,0.0,4.2,2.1
BM-sheet_1-5755,beam,0.672,0.0,4.2,2.1
BM-sheet_1-5756,beam,0.2432,0.0,1.52,0.76
BM-sheet_1-5757,beam,0.272,0.0,1.7,0.85
BM-sheet_1-5758,beam,0.3744,0.0,2.34,1.17
BM-sheet_1-5759,beam,1.1024,0.0,6.89,3.445
BM-sheet_1-5760,beam,1.44,0.0,9.0,4.5
BM-sheet_1-5761,beam,0.448,0.0,2.8,1.4
BM-sheet_1-5762,beam,1.6832,0.0,10.52,5.26
BM-sheet_1-5763,beam,0.288,0.0,1.8,0.9
BM-sheet_1-5764,beam,0.5056,0.0,3.16,1.58
BM-sheet_1-5765,beam,0.5488,0.0,3.43,1.715
BM-sheet_1-5766,beam,0.1008,0.0,0.63,0.315
BM-sheet_1-5767,beam,0.096,0.0,0.6,0.3
BM-sheet_1-5768,beam,0.4416,0.0,2.76,1.38
BM-sheet_1-5769,beam,0.5216,0.0,3.26,1.63
BM-sheet_1-5770,beam,0.512,0.0,3.2,1.6
BM-sheet_1-5771,beam,0.192,0.0,1.2,0.6
BM-sheet_1-5772,beam,0.4768,0.0,2.98,1.49
BM-sheet_1-5773,beam,2.7504,0.0,17.19,8.595
BM-sheet_1-5774,beam,0.4512,0.0,2.82,1.41
BM-sheet_1-5775,beam,2.4352,0.0,15.22,7.61
BM-sheet_1-5776,beam,0.6528,0.0,4.08,2.04
BM-sheet_1-5777,beam,0.1584,0.0,0.99,0.495
BM-sheet_1-5778,beam,0.8096,0.0,5.06,2.53
BM-sheet_1-5779,beam,0.624,0.0,3.9,1.95
BM-sheet_1-5780,beam,0.2048,0.0,1.28,0.64
BM-sheet_1-5781,beam,0.3872,0.0,2.42,1.21
BM-sheet_1-5782,beam,0.2912,0.0,1.82,0.91
BM-sheet_1-5783,beam,0.3664,0.0,2.29,1.145
BM-sheet_1-5784,beam,1.2864,0.0,8.04,4.02
BM-sheet_1-5785,beam,1.664,0.0,10.4,5.2
BM-sheet_1-5786,beam,0.304,0.0,1.9,0.95
BM-sheet_1-5787,beam,0.152,0.0,0.95,0.475
BM-sheet_1-5788,beam,0.2336,0.0,1.46,0.73
BM-sheet_1-5789,beam,0.1184,0.0,0.74,0.37
BM-sheet_1-5790,beam,0.1152,0.0,0.72,0.36
BM-sheet_1-5791,beam,0.3808,0.0,2.38,1.19
BM-sheet_1-5792,beam,0.3936,0.0,2.46,1.23
BM-sheet_1-5793,beam,0.168,0.0,1.05,0.525
BM-sheet_1-5794,beam,1.0816,0.0,6.76,3.38
BM-sheet_1-5795,beam,1.0496,0.0,6.56,3.28
BM-sheet_1-5796,beam,0.5488,0.0,3.43,1.715
BM-sheet_1-5797,beam,0.112,0.0,0.7,0.35
BM-sheet_1-5798,beam,0.128,0.0,0.8,0.4
BM-sheet_1-5799,beam,0.5536,0.0,3.46,1.73
BM-sheet_1-5800,beam,0.4688,0.0,2.93,1.465
BM-sheet_1-5801,beam,0.7936,0.0,4.96,2.48
BM-sheet_1-5802,beam,0.7936,0.0,4.96,2.48
BM-sheet_1-5803,beam,0.672,0.0,4.2,2.1
BM-sheet_1-5804,beam,0.672,0.0,4.2,2.1
BM-sheet_1-5805,beam,0.3292,0.0,2.058,1.029
BM-sheet_1-5806,beam,0.512,0.0,3.2,1.6
BM-sheet_1-5807,beam,0.512,0.0,3.2,1.6
BM-sheet_1-5808,beam,0.184,0.0,1.15,0.575
BM-sheet_1-5809,beam,0.184,0.0,1.15,0.575
BM-sheet_1-5810,beam,2.016,0.0,12.6,6.3
BM-sheet_1-5811,beam,2.016,0.0,12.6,6.3
BM-sheet_1-5812,beam,0.4688,0.0,2.93,1.465
BM-sheet_1-5813,beam,0.3744,0.0,2.34,1.17
BM-sheet_1-5814,beam,0.272,0.0,1.7,0.85
BM-sheet_1-5815,beam,0.096,0.0,0.6,0.3
BM-sheet_1-5816,beam,0.1008,0.0,0.63,0.315
BM-sheet_1-5817,beam,0.1824,0.0,1.14,0.57
BM-sheet_1-5818,beam,0.5488,0.0,3.43,1.715
BM-sheet_1-5819,beam,0.4736,0.0,2.96,1.48
BM-sheet_1-5820,beam,0.5536,0.0,3.46,1.73
BM-sheet_1-5821,beam,0.4384,0.0,2.74,1.37
BM-sheet_1-5822,beam,1.0656,0.0,6.66,3.33
BM-sheet_1-5823,beam,1.8048,0.0,11.28,5.64
BM-sheet_1-5824,beam,2.3024,0.0,14.39,7.195
BM-sheet_1-5825,beam,0.272,0.0,1.7,0.85
BM-sheet_1-5826,beam,0.25,0.0,1.562,0.781
BM-sheet_1-5827,beam,0.5488,0.0,3.43,1.715
BM-sheet_1-5828,beam,0.1008,0.0,0.63,0.315
BM-sheet_1-5829,beam,0.5216,0.0,3.26,1.63
BM-sheet_1-5830,beam,0.4416,0.0,2.76,1.38
BM-sheet_1-5831,beam,0.512,0.0,3.2,1.6
BM-sheet_1-5832,beam,0.184,0.0,1.15,0.575
BM-sheet_1-5833,beam,0.096,0.0,0.6,0.3
BM-sheet_1-5834,beam,0.4688,0.0,2.93,1.465
BM-sheet_1-5835,beam,2.016,0.0,12.6,6.3
BM-sheet_1-5836,beam,2.016,0.0,12.6,6.3
BM-sheet_1-5837,beam,0.184,0.0,1.15,0.575
BM-sheet_1-5838,beam,0.4688,0.0,2.93,1.465
BM-sheet_1-5839,beam,0.1024,0.0,0.64,0.32
BM-sheet_1-5840,beam,0.208,0.0,1.3,0.65
BM-sheet_1-5841,beam,0.112,0.0,0.7,0.35
BM-sheet_1-5842,beam,0.6448,0.0,4.03,2.015
BM-sheet_1-5843,beam,0.512,0.0,3.2,1.6
BM-sheet_1-5844,beam,0.512,0.0,3.2,1.6
BM-sheet_1-5845,beam,0.3744,0.0,2.34,1.17
BM-sheet_1-5846,beam,0.218,0.0,1.362,0.681
BM-sheet_1-5847,beam,0.2432,0.0,1.52,0.76
BM-sheet_1-5848,beam,0.684,0.0,3.496,1.52
BM-sheet_1-5849,beam,0.5184,0.0,3.24,1.62
BM-sheet_1-5850,beam,0.5184,0.0,3.24,1.62
BM-sheet_1-5851,beam,0.672,0.0,4.2,2.1
BM-sheet_1-5852,beam,0.672,0.0,4.2,2.1
BM-sheet_1-5853,beam,0.7936,0.0,4.96,2.48
BM-sheet_1-5854,beam,0.7936,0.0,4.96,2.48
BM-sheet_1-5855,beam,1.8048,0.0,11.28,5.64
BM-sheet_1-5856,beam,1.1136,0.0,6.96,3.48
BM-sheet_1-5857,beam,2.6224,0.0,16.39,8.195
BM-sheet_1-5858,beam,0.4544,0.0,2.84,1.42
BM-sheet_1-5859,beam,0.2432,0.0,1.52,0.76
BM-sheet_1-5860,beam,1.8048,0.0,11.28,5.64
BM-sheet_1-5861,beam,0.7936,0.0,4.96,2.48
BM-sheet_1-5862,beam,0.7936,0.0,4.96,2.48
BM-sheet_1-5863,beam,0.672,0.0,4.2,2.1
BM-sheet_1-5864,beam,0.672,0.0,4.2,2.1
BM-sheet_1-5865,beam,0.272,0.0,1.7,0.85
BM-sheet_1-5866,beam,0.3744,0.0,2.34,1.17
BM-sheet_1-5867,beam,0.184,0.0,1.15,0.575
BM-sheet_1-5868,beam,0.512,0.0,3.2,1.6
BM-sheet_1-5869,beam,0.512,0.0,3.2,1.6
BM-sheet_1-5870,beam,0.5184,0.0,3.24,1.62
BM-sheet_1-5871,beam,0.5184,0.0,3.24,1.62
BM-sheet_1-5872,beam,0.6448,0.0,4.03,2.015
BM-sheet_1-5873,beam,0.1984,0.0,1.24,0.62
BM-sheet_1-5874,beam,0.3104,0.0,1.94,0.97
BM-sheet_1-5875,beam,0.112,0.0,0.7,0.35
BM-sheet_1-5876,beam,0.208,0.0,1.3,0.65
BM-sheet_1-5877,beam,0.1024,0.0,0.64,0.32
BM-sheet_1-5878,beam,0.4688,0.0,2.93,1.465
BM-sheet_1-5879,beam,2.016,0.0,12.6,6.3
BM-sheet_1-5880,beam,2.016,0.0,12.6,6.3
BM-sheet_1-5881,beam,0.184,0.0,1.15,0.575
BM-sheet_1-5882,beam,0.3744,0.0,2.34,1.17
BM-sheet_1-5883,beam,0.272,0.0,1.7,0.85
BM-sheet_1-5884,beam,0.4688,0.0,2.93,1.465
BM-sheet_1-5885,beam,0.1008,0.0,0.63,0.315
BM-sheet_1-5886,beam,0.096,0.0,0.6,0.3
BM-sheet_1-5887,beam,0.512,0.0,3.2,1.6
BM-sheet_1-5888,beam,0.4416,0.0,2.76,1.38
BM-sheet_1-5889,beam,0.5216,0.0,3.26,1.63
BM-sheet_1-5890,beam,0.5488,0.0,3.43,1.715
BM-sheet_1-5891,beam,1.8048,0.0,11.28,5.64
BM-sheet_1-5892,beam,1.0656,0.0,6.66,3.33
BM-sheet_1-5893,beam,2.6224,0.0,16.39,8.195
BM-sheet_1-5894,beam,0.2432,0.0,1.52,0.76
BM-sheet_1-5895,beam,0.4864,0.0,3.04,1.52
BM-sheet_1-5896,beam,0.7936,0.0,4.96,2.48
BM-sheet_1-5897,beam,0.7936,0.0,4.96,2.48
BM-sheet_1-5898,beam,0.672,0.0,4.2,2.1
BM-sheet_1-5899,beam,0.672,0.0,4.2,2.1
BM-sheet_1-5900,beam,2.0287,0.0,12.679,6.34
BM-sheet_1-5901,beam,0.26,0.0,1.625,0.813
BM-sheet_1-5902,beam,0.3697,0.0,2.311,1.155
BM-sheet_1-5903,beam,0.16,0.0,1.0,0.5
BM-sheet_1-5904,beam,0.168,0.0,1.05,0.525
BM-sheet_1-5905,beam,0.3648,0.0,2.28,1.14
BM-sheet_1-5906,beam,0.2432,0.0,1.52,0.76
BM-sheet_1-5907,beam,0.672,0.0,4.2,2.1
BM-sheet_1-5908,beam,0.672,0.0,4.2,2.1
BM-sheet_1-5909,beam,0.7936,0.0,4.96,2.48
BM-sheet_1-5910,beam,0.7936,0.0,4.96,2.48
BM-sheet_1-5911,beam,0.464,0.0,2.9,1.45
BM-sheet_1-5912,beam,0.4512,0.0,2.82,1.41
BM-sheet_1-5913,beam,0.5488,0.0,3.43,1.715
BM-sheet_1-5914,beam,0.1008,0.0,0.63,0.315
BM-sheet_1-5915,beam,0.096,0.0,0.6,0.3
BM-sheet_1-5916,beam,0.4416,0.0,2.76,1.38
BM-sheet_1-5917,beam,0.5216,0.0,3.26,1.63
BM-sheet_1-5918,beam,0.512,0.0,3.2,1.6
BM-sheet_1-5919,beam,0.272,0.0,1.7,0.85
BM-sheet_1-5920,beam,0.3744,0.0,2.34,1.17
BM-sheet_1-5921,beam,0.184,0.0,1.15,0.575
BM-sheet_1-5922,beam,0.4688,0.0,2.93,1.465
BM-sheet_1-5923,beam,2.016,0.0,12.6,6.3
BM-sheet_1-5924,beam,2.016,0.0,12.6,6.3
BM-sheet_1-5925,beam,0.184,0.0,1.15,0.575
BM-sheet_1-5926,beam,0.4688,0.0,2.93,1.465
BM-sheet_1-5927,beam,0.1024,0.0,0.64,0.32
BM-sheet_1-5928,beam,0.208,0.0,1.3,0.65
BM-sheet_1-5929,beam,0.112,0.0,0.7,0.35
BM-sheet_1-5930,beam,0.6448,0.0,4.03,2.015
BM-sheet_1-5931,beam,0.5184,0.0,3.24,1.62
BM-sheet_1-5932,beam,0.5184,0.0,3.24,1.62
BM-sheet_1-5933,beam,0.512,0.0,3.2,1.6
BM-sheet_1-5934,beam,0.512,0.0,3.2,1.6
BM-sheet_1-5935,beam,0.3744,0.0,2.34,1.17
BM-sheet_1-5936,beam,0.272,0.0,1.7,0.85
BM-sheet_1-5937,beam,0.2432,0.0,1.52,0.76
BM-sheet_1-5938,beam,0.4864,0.0,3.04,1.52
BM-sheet_1-5939,beam,0.672,0.0,4.2,2.1
BM-sheet_1-5940,beam,0.672,0.0,4.2,2.1
BM-sheet_1-5941,beam,0.7936,0.0,4.96,2.48
BM-sheet_1-5942,beam,0.7936,0.0,4.96,2.48
BM-sheet_1-5943,beam,0.4512,0.0,2.82,1.41
BM-sheet_1-5944,beam,0.464,0.0,2.9,1.45
BM-sheet_1-5945,beam,0.3648,0.0,2.28,1.14
BM-sheet_1-5946,beam,0.168,0.0,1.05,0.525
BM-sheet_1-5947,beam,0.16,0.0,1.0,0.5
BM-sheet_1-5948,beam,2.6224,0.0,16.39,8.195
BM-sheet_1-5949,beam,0.4537,0.0,2.836,1.418
BM-sheet_1-5950,beam,0.5984,0.0,3.74,1.87
BM-sheet_1-5951,beam,3.04,0.0,19.0,9.5
BM-sheet_1-5952,beam,0.2613,0.0,1.633,0.817
BM-sheet_1-5953,beam,0.6048,0.0,3.78,1.89
BM-sheet_1-5954,beam,0.424,0.0,2.65,1.325
BM-sheet_1-5955,beam,0.144,0.0,0.9,0.45
BM-sheet_1-5956,beam,0.3232,0.0,2.02,1.01
BM-sheet_1-5957,beam,0.8,0.0,5.0,2.5
BM-sheet_1-5958,beam,0.8,0.0,5.0,2.5
BM-sheet_1-5959,beam,0.8576,0.0,5.36,2.68
BM-sheet_1-5960,beam,0.8576,0.0,5.36,2.68
BM-sheet_1-5961,beam,0.2976,0.0,1.86,0.93
BM-sheet_1-5962,beam,0.4224,0.0,2.64,1.32
BM-sheet_1-5963,beam,0.1168,0.0,0.73,0.365
BM-sheet_1-5964,beam,0.6944,0.0,4.34,2.17
BM-sheet_1-5965,beam,0.112,0.0,0.7,0.35
BM-sheet_1-5966,beam,0.368,0.0,2.3,1.15
BM-sheet_1-5967,beam,0.6112,0.0,3.82,1.91
BM-sheet_1-5968,beam,0.1056,0.0,0.66,0.33
BM-sheet_1-5969,beam,0.6576,0.0,4.11,2.055
BM-sheet_1-5970,beam,0.968,0.0,6.05,3.025
BM-sheet_1-5971,beam,0.968,0.0,6.05,3.025
BM-sheet_1-5972,beam,1.1568,0.0,7.23,3.615
BM-sheet_1-5973,beam,1.1568,0.0,7.23,3.615
BM-sheet_1-5974,beam,0.608,0.0,3.8,1.9
BM-sheet_1-5975,beam,0.608,0.0,3.8,1.9
BM-sheet_1-5976,beam,0.664,0.0,4.15,2.075
BM-sheet_1-5977,beam,0.664,0.0,4.15,2.075
BM-sheet_1-5978,beam,0.184,0.0,1.15,0.575
BM-sheet_1-5979,beam,0.2304,0.0,1.44,0.72
BM-sheet_1-5980,beam,0.664,0.0,4.15,2.075
BM-sheet_1-5981,beam,0.664,0.0,4.15,2.075
BM-sheet_1-5982,beam,0.608,0.0,3.8,1.9
BM-sheet_1-5983,beam,0.608,0.0,3.8,1.9
BM-sheet_1-5984,beam,0.6896,0.0,4.31,2.155
BM-sheet_1-5985,beam,0.1376,0.0,0.86,0.43
BM-sheet_1-5986,beam,0.6112,0.0,3.82,1.91
BM-sheet_1-5987,beam,0.368,0.0,2.3,1.15
BM-sheet_1-5988,beam,1.1104,0.0,6.94,3.47
BM-sheet_1-5989,beam,0.1376,0.0,0.86,0.43
BM-sheet_1-5990,beam,0.224,0.0,1.4,0.7
BM-sheet_1-5991,beam,0.424,0.0,2.65,1.325
BM-sheet_1-5992,beam,0.6048,0.0,3.78,1.89
BM-sheet_1-5993,beam,0.3936,0.0,2.46,1.23
BM-sheet_1-5994,beam,0.5824,0.0,3.64,1.82
BM-sheet_1-5995,beam,0.5824,0.0,3.64,1.82
BM-sheet_1-5996,beam,0.4224,0.0,2.64,1.32
BM-sheet_1-5997,beam,0.16,0.0,1.0,0.5
BM-sheet_1-5998,beam,2.56,0.0,16.0,8.0
BM-sheet_1-5999,beam,0.1008,0.0,0.63,0.315
BM-sheet_1-6000,beam,0.8576,0.0,5.36,2.68
BM-sheet_1-6001,beam,0.8576,0.0,5.36,2.68
BM-sheet_1-6002,beam,0.8,0.0,5.0,2.5
BM-sheet_1-6003,beam,0.8,0.0,5.0,2.5
BM-sheet_1-6004,beam,0.3936,0.0,2.46,1.23
BM-sheet_1-6005,beam,0.6048,0.0,3.78,1.89
BM-sheet_1-6006,beam,0.8576,0.0,5.36,2.68
BM-sheet_1-6007,beam,0.8576,0.0,5.36,2.68
BM-sheet_1-6008,beam,0.8,0.0,5.0,2.5
BM-sheet_1-6009,beam,0.8,0.0,5.0,2.5
BM-sheet_1-6010,beam,0.4288,0.0,2.68,1.34
BM-sheet_1-6011,beam,0.1488,0.0,0.93,0.465
BM-sheet_1-6012,beam,0.6944,0.0,4.34,2.17
BM-sheet_1-6013,beam,0.112,0.0,0.7,0.35
BM-sheet_1-6014,beam,0.368,0.0,2.3,1.15
BM-sheet_1-6015,beam,0.6112,0.0,3.82,1.91
BM-sheet_1-6016,beam,0.1088,0.0,0.68,0.34
BM-sheet_1-6017,beam,0.6624,0.0,4.14,2.07
BM-sheet_1-6018,beam,0.608,0.0,3.8,1.9
BM-sheet_1-6019,beam,0.608,0.0,3.8,1.9
BM-sheet_1-6020,beam,0.672,0.0,4.2,2.1
BM-sheet_1-6021,beam,0.672,0.0,4.2,2.1
BM-sheet_1-6022,beam,0.968,0.0,6.05,3.025
BM-sheet_1-6023,beam,0.6928,0.0,4.33,2.165
BM-sheet_1-6024,beam,0.968,0.0,6.05,3.025
BM-sheet_1-6025,beam,0.6816,0.0,4.26,2.13
BM-sheet_1-6026,beam,0.6112,0.0,3.82,1.91
BM-sheet_1-6027,beam,0.656,0.0,4.1,2.05
BM-sheet_1-6028,beam,0.656,0.0,4.1,2.05
BM-sheet_1-6029,beam,0.608,0.0,3.8,1.9
BM-sheet_1-6030,beam,0.608,0.0,3.8,1.9
BM-sheet_1-6031,beam,0.368,0.0,2.3,1.15
BM-sheet_1-6032,beam,1.1104,0.0,6.94,3.47
BM-sheet_1-6033,beam,3.1552,0.0,19.72,9.86
BM-sheet_1-6034,beam,1.1104,0.0,6.94,3.47
BM-sheet_1-6035,beam,0.144,0.0,0.9,0.45
BM-sheet_1-6036,beam,0.1008,0.0,0.63,0.315
BM-sheet_1-6037,beam,0.3792,0.0,2.37,1.185
BM-sheet_1-6038,beam,0.64,0.0,4.0,2.0
BM-sheet_1-6039,beam,0.72,0.0,4.5,2.25
BM-sheet_1-6040,beam,0.56,0.0,3.5,1.75
BM-sheet_1-6041,beam,0.5535,0.0,2.829,1.23
BM-sheet_1-6042,beam,0.8576,0.0,5.36,2.68
BM-sheet_1-6043,beam,0.8576,0.0,5.36,2.68
BM-sheet_1-6044,beam,0.8,0.0,5.0,2.5
BM-sheet_1-6045,beam,0.8,0.0,5.0,2.5
BM-sheet_1-6046,beam,2.416,0.0,15.1,7.55
BM-sheet_1-6047,beam,1.1104,0.0,6.94,3.47
BM-sheet_1-6048,beam,0.4399,0.0,2.749,1.375
BM-sheet_1-6049,beam,0.5648,0.0,3.53,1.765
BM-sheet_1-6050,beam,0.4576,0.0,2.86,1.43
BM-sheet_1-6051,beam,0.5376,0.0,3.36,1.68
BM-sheet_1-6052,beam,0.1024,0.0,0.64,0.32
BM-sheet_1-6053,beam,0.1824,0.0,1.14,0.57
BM-sheet_1-6054,beam,0.1008,0.0,0.63,0.315
BM-sheet_1-6055,beam,0.4608,0.0,2.88,1.44
BM-sheet_1-6056,beam,0.3744,0.0,2.34,1.17
BM-sheet_1-6057,beam,0.176,0.0,1.1,0.55
BM-sheet_1-6058,beam,0.192,0.0,1.2,0.6
BM-sheet_1-6059,beam,0.1824,0.0,1.14,0.57
BM-sheet_1-6060,beam,2.016,0.0,12.6,6.3
BM-sheet_1-6061,beam,0.4768,0.0,2.98,1.49
BM-sheet_1-6062,beam,0.1024,0.0,0.64,0.32
BM-sheet_1-6063,beam,0.176,0.0,1.1,0.55
BM-sheet_1-6064,beam,0.1008,0.0,0.63,0.315
BM-sheet_1-6065,beam,0.3104,0.0,1.94,0.97
BM-sheet_1-6066,beam,0.5648,0.0,3.53,1.765
BM-sheet_1-6067,beam,0.5376,0.0,3.36,1.68
BM-sheet_1-6068,beam,0.4576,0.0,2.86,1.43
BM-sheet_1-6069,beam,0.512,0.0,3.2,1.6
BM-sheet_1-6070,beam,0.512,0.0,3.2,1.6
BM-sheet_1-6071,beam,0.7936,0.0,4.96,2.48
BM-sheet_1-6072,beam,0.7936,0.0,4.96,2.48
BM-sheet_1-6073,beam,0.672,0.0,4.2,2.1
BM-sheet_1-6074,beam,0.4384,0.0,2.74,1.37
BM-sheet_1-6075,beam,2.3824,0.0,14.89,7.445
BM-sheet_1-6076,beam,0.5024,0.0,3.14,1.57
BM-sheet_1-6077,beam,0.7936,0.0,4.96,2.48
BM-sheet_1-6078,beam,0.7936,0.0,4.96,2.48
BM-sheet_1-6079,beam,0.672,0.0,4.2,2.1
BM-sheet_1-6080,beam,0.672,0.0,4.2,2.1
BM-sheet_1-6081,beam,0.2432,0.0,1.52,0.76
BM-sheet_1-6082,beam,0.2811,0.0,1.757,0.878
BM-sheet_1-6083,beam,0.3744,0.0,2.34,1.17
BM-sheet_1-6084,beam,0.5648,0.0,3.53,1.765
BM-sheet_1-6085,beam,0.3104,0.0,1.94,0.97
BM-sheet_1-6086,beam,0.1008,0.0,0.63,0.315
BM-sheet_1-6087,beam,0.176,0.0,1.1,0.55
BM-sheet_1-6088,beam,0.5376,0.0,3.36,1.68
BM-sheet_1-6089,beam,0.4576,0.0,2.86,1.43
BM-sheet_1-6090,beam,0.192,0.0,1.2,0.6
BM-sheet_1-6091,beam,0.1024,0.0,0.64,0.32
BM-sheet_1-6092,beam,0.4768,0.0,2.98,1.49
BM-sheet_1-6093,beam,2.016,0.0,12.6,6.3
BM-sheet_1-6094,beam,0.4608,0.0,2.88,1.44
BM-sheet_1-6095,beam,0.176,0.0,1.1,0.55
BM-sheet_1-6096,beam,0.3104,0.0,1.94,0.97
BM-sheet_1-6097,beam,0.5648,0.0,3.53,1.765
BM-sheet_1-6098,beam,0.1024,0.0,0.64,0.32
BM-sheet_1-6099,beam,0.1824,0.0,1.14,0.57
BM-sheet_1-6100,beam,0.1008,0.0,0.63,0.315
BM-sheet_1-6101,beam,0.4576,0.0,2.86,1.43
BM-sheet_1-6102,beam,0.5376,0.0,3.36,1.68
BM-sheet_1-6103,beam,0.512,0.0,3.2,1.6
BM-sheet_1-6104,beam,0.512,0.0,3.2,1.6
BM-sheet_1-6105,beam,0.1851,0.0,1.157,0.578
BM-sheet_1-6106,beam,0.272,0.0,1.7,0.85
BM-sheet_1-6107,beam,0.2432,0.0,1.52,0.76
BM-sheet_1-6108,beam,0.4379,0.0,2.737,1.368
BM-sheet_1-6109,beam,0.7936,0.0,4.96,2.48
BM-sheet_1-6110,beam,0.7936,0.0,4.96,2.48
BM-sheet_1-6111,beam,0.672,0.0,4.2,2.1
BM-sheet_1-6112,beam,0.672,0.0,4.2,2.1
BM-sheet_1-6113,beam,2.1744,0.0,13.59,6.795
BM-sheet_1-6114,beam,0.672,0.0,4.2,2.1
BM-sheet_1-6115,beam,0.7936,0.0,4.96,2.48
BM-sheet_1-6116,beam,0.272,0.0,1.7,0.85
BM-sheet_1-6117,beam,0.3744,0.0,2.34,1.17
BM-sheet_1-6118,beam,0.184,0.0,1.15,0.575
BM-sheet_1-6119,beam,0.512,0.0,3.2,1.6
BM-sheet_1-6120,beam,0.512,0.0,3.2,1.6
BM-sheet_1-6121,beam,0.3104,0.0,1.94,0.97
BM-sheet_1-6122,beam,0.5648,0.0,3.53,1.765
BM-sheet_1-6123,beam,0.1008,0.0,0.63,0.315
BM-sheet_1-6124,beam,0.4688,0.0,2.93,1.465
BM-sheet_1-6125,beam,0.1024,0.0,0.64,0.32
BM-sheet_1-6126,beam,0.1824,0.0,1.14,0.57
BM-sheet_1-6127,beam,0.4576,0.0,2.86,1.43
BM-sheet_1-6128,beam,0.5376,0.0,3.36,1.68
BM-sheet_1-6129,beam,0.4688,0.0,2.93,1.465
BM-sheet_1-6130,beam,0.1024,0.0,0.64,0.32
BM-sheet_1-6131,beam,0.176,0.0,1.1,0.55
BM-sheet_1-6132,beam,0.3104,0.0,1.94,0.97
BM-sheet_1-6133,beam,0.5648,0.0,3.53,1.765
BM-sheet_1-6134,beam,0.1008,0.0,0.63,0.315
BM-sheet_1-6135,beam,0.4224,0.0,2.64,1.32
BM-sheet_1-6136,beam,0.5024,0.0,3.14,1.57
BM-sheet_1-6137,beam,0.096,0.0,0.6,0.3
BM-sheet_1-6138,beam,2.016,0.0,12.6,6.3
BM-sheet_1-6139,beam,2.016,0.0,12.6,6.3
BM-sheet_1-6140,beam,0.184,0.0,1.15,0.575
BM-sheet_1-6141,beam,0.1824,0.0,1.14,0.57
BM-sheet_1-6142,beam,0.512,0.0,3.2,1.6
BM-sheet_1-6143,beam,0.7936,0.0,4.96,2.48
BM-sheet_1-6144,beam,0.7936,0.0,4.96,2.48
BM-sheet_1-6145,beam,0.672,0.0,4.2,2.1
BM-sheet_1-6146,beam,0.672,0.0,4.2,2.1
BM-sheet_1-6147,beam,2.7024,0.0,16.89,8.445
BM-sheet_1-6148,beam,1.8018,0.0,5.278,1.82
BM-sheet_1-6149,beam,0.8726,0.0,5.454,2.727
BM-sheet_1-6150,beam,0.768,0.0,4.8,2.4
BM-sheet_1-6151,beam,0.7264,0.0,4.54,2.27
BM-sheet_1-6152,beam,0.7264,0.0,4.54,2.27
BM-sheet_1-6153,beam,1.2384,0.0,7.74,3.87
BM-sheet_1-6154,beam,1.232,0.0,7.7,3.85
BM-sheet_1-6155,beam,0.3328,0.0,2.08,1.04
BM-sheet_1-6156,beam,0.8096,0.0,5.06,2.53
BM-sheet_1-6157,beam,0.8752,0.0,5.47,2.735
BM-sheet_1-6158,beam,1.5104,0.0,9.44,4.72
BM-sheet_1-6159,beam,0.8096,0.0,5.06,2.53
BM-sheet_1-6160,beam,0.7296,0.0,4.56,2.28
BM-sheet_1-6161,beam,0.5824,0.0,3.64,1.82
BM-sheet_1-6162,beam,2.8464,0.0,17.79,8.895
BM-sheet_1-6163,beam,0.9952,0.0,6.22,3.11
BM-sheet_1-6164,beam,0.904,0.0,5.65,2.825
BM-sheet_1-6165,beam,0.7152,0.0,4.47,2.235
BM-sheet_1-6166,beam,0.6224,0.0,3.89,1.945
BM-sheet_1-6167,beam,0.5424,0.0,3.39,1.695
BM-sheet_1-6168,beam,0.1024,0.0,0.64,0.32
BM-sheet_1-6169,beam,0.1024,0.0,0.64,0.32
BM-sheet_1-6170,beam,0.5104,0.0,3.19,1.595
BM-sheet_1-6171,beam,0.6704,0.0,4.19,2.095
BM-sheet_1-6172,beam,0.3968,0.0,2.48,1.24
BM-sheet_1-6173,beam,0.7328,0.0,4.58,2.29
BM-sheet_1-6174,beam,1.248,0.0,7.8,3.9
BM-sheet_1-6175,beam,1.248,0.0,7.8,3.9
BM-sheet_1-6176,beam,0.5104,0.0,3.19,1.595
BM-sheet_1-6177,beam,0.224,0.0,1.4,0.7
BM-sheet_1-6178,beam,1.5136,0.0,9.46,4.73
BM-sheet_1-6179,beam,1.44,0.0,9.0,4.5
BM-sheet_1-6180,beam,0.8416,0.0,5.26,2.63
BM-sheet_1-6181,beam,0.4864,0.0,3.04,1.52
BM-sheet_1-6182,beam,0.4864,0.0,3.04,1.52
BM-sheet_1-6183,beam,1.332,0.0,6.808,2.96
BM-sheet_1-6184,beam,0.3248,0.0,2.03,1.015
BM-sheet_1-6185,beam,0.576,0.0,3.6,1.8
BM-sheet_1-6186,beam,0.1024,0.0,0.64,0.32
BM-sheet_1-6187,beam,0.5344,0.0,3.34,1.67
BM-sheet_1-6188,beam,0.9536,0.0,5.96,2.98
BM-sheet_1-6189,beam,1.0832,0.0,6.77,3.385
BM-sheet_1-6190,beam,0.7008,0.0,4.38,2.19
BM-sheet_1-6191,beam,2.8586,0.0,17.866,8.933
BM-sheet_1-6192,beam,1.92,0.0,12.0,6.0
BM-sheet_1-6193,beam,0.6928,0.0,4.33,2.165
BM-sheet_1-6194,beam,0.5504,0.0,3.44,1.72
BM-sheet_1-6195,beam,0.9072,0.0,5.67,2.835
BM-sheet_1-6196,beam,0.1024,0.0,0.64,0.32
BM-sheet_1-6197,beam,0.192,0.0,1.2,0.6
BM-sheet_1-6198,beam,0.6336,0.0,3.96,1.98
BM-sheet_1-6199,beam,0.624,0.0,3.9,1.95
BM-sheet_1-6200,beam,0.9792,0.0,6.12,3.06
BM-sheet_1-6201,beam,0.6228,0.0,3.893,1.946
BM-sheet_1-6202,beam,2.0506,0.0,12.816,6.408
BM-sheet_1-6203,beam,0.8989,0.0,5.618,2.809
BM-sheet_1-6204,beam,0.6304,0.0,3.94,1.97
BM-sheet_1-6205,beam,0.1024,0.0,0.64,0.32
BM-sheet_1-6206,beam,0.5984,0.0,3.74,1.87
BM-sheet_1-6207,beam,0.3629,0.0,2.268,1.134
BM-sheet_1-6208,beam,1.1712,0.0,7.32,3.66
BM-sheet_1-6209,beam,2.7824,0.0,17.39,8.695
BM-sheet_1-6210,beam,0.1712,0.0,1.07,0.535
BM-sheet_1-6211,beam,0.3984,0.0,2.49,1.245
BM-sheet_1-6212,beam,1.2992,0.0,8.12,4.06
BM-sheet_1-6213,beam,0.4864,0.0,3.04,1.52
BM-sheet_1-6214,beam,0.2729,0.0,1.706,0.853
BM-sheet_1-6215,beam,0.4516,0.0,2.822,1.411
BM-sheet_1-6216,beam,0.6544,0.0,4.09,2.045
BM-sheet_1-6217,beam,0.713,0.0,4.456,2.228
BM-sheet_1-6218,beam,0.16,0.0,1.0,0.5
BM-sheet_1-6219,beam,1.616,0.0,10.1,5.05
BM-sheet_1-6220,beam,1.472,0.0,9.2,4.6
BM-sheet_1-6221,beam,1.3472,0.0,8.42,4.21
BM-sheet_1-6222,beam,0.7008,0.0,4.38,2.19
BM-sheet_1-6223,beam,0.96,0.0,6.0,3.0
BM-sheet_1-6224,beam,0.6574,0.0,4.109,2.054
BM-sheet_1-6225,beam,0.1554,0.0,0.971,0.486
BM-sheet_1-6226,beam,1.1824,0.0,7.39,3.695
BM-sheet_1-6227,beam,0.608,0.0,3.8,1.9
BM-sheet_1-6228,beam,1.0608,0.0,6.63,3.315
BM-sheet_1-6229,beam,0.296,0.0,1.85,0.925
BM-sheet_1-6230,beam,0.5264,0.0,3.29,1.645
BM-sheet_1-6231,beam,1.0848,0.0,6.78,3.39
BM-sheet_1-6232,beam,0.2512,0.0,1.57,0.785
BM-sheet_1-6233,beam,0.3134,0.0,1.959,0.979
BM-sheet_1-6234,beam,0.3275,0.0,2.047,1.024
BM-sheet_1-6235,beam,0.1441,0.0,0.901,0.45
BM-sheet_1-6236,beam,0.1582,0.0,0.989,0.494
BM-sheet_1-6237,beam,0.576,0.0,3.6,1.8
BM-sheet_1-6238,beam,1.1824,0.0,7.39,3.695
BM-sheet_1-6239,beam,0.8736,0.0,5.46,2.73
BM-sheet_1-6240,beam,1.4656,0.0,9.16,4.58
BM-sheet_1-6241,beam,0.3504,0.0,2.19,1.095
BM-sheet_1-6242,beam,1.304,0.0,8.15,4.075
BM-sheet_1-6243,beam,0.624,0.0,3.9,1.95
BM-sheet_1-6244,beam,0.256,0.0,1.6,0.8
BM-sheet_1-6245,beam,1.1744,0.0,7.34,3.67
BM-sheet_1-6246,beam,1.0896,0.0,6.81,3.405
BM-sheet_1-6247,beam,0.6368,0.0,3.98,1.99
BM-sheet_1-6248,beam,0.5568,0.0,3.48,1.74
BM-sheet_1-6249,beam,1.0592,0.0,6.62,3.31
BM-sheet_1-6250,beam,0.104,0.0,0.65,0.325
BM-sheet_1-6251,beam,0.12,0.0,0.75,0.375
BM-sheet_1-6252,beam,0.2,0.0,1.25,0.625
BM-sheet_1-6253,beam,0.1024,0.0,0.64,0.32
BM-sheet_1-6254,beam,0.1024,0.0,0.64,0.32
BM-sheet_1-6255,beam,0.5568,0.0,3.48,1.74
BM-sheet_1-6256,beam,0.4768,0.0,2.98,1.49
BM-sheet_1-6257,beam,0.7575,0.0,4.734,2.367
BM-sheet_1-6258,beam,1.3744,0.0,8.59,4.295
BM-sheet_1-6259,beam,1.2944,0.0,8.09,4.045
BM-sheet_1-6260,beam,1.528,0.0,9.55,4.775
BM-sheet_1-6261,beam,1.528,0.0,9.55,4.775
BM-sheet_1-6262,beam,1.4496,0.0,9.06,4.53
BM-sheet_1-6263,beam,0.9488,0.0,5.93,2.965
BM-sheet_1-6264,beam,0.9152,0.0,5.72,2.86
BM-sheet_1-6265,beam,0.9488,0.0,5.93,2.965
BM-sheet_1-6266,beam,0.4544,0.0,2.84,1.42
BM-sheet_1-6267,beam,0.568,0.0,3.55,1.775
BM-sheet_1-6268,beam,1.7472,0.0,10.92,5.46
BM-sheet_1-6269,beam,0.8576,0.0,5.36,2.68
BM-sheet_1-6270,beam,0.6128,0.0,3.83,1.915
BM-sheet_1-6271,beam,0.112,0.0,0.7,0.35
BM-sheet_1-6272,beam,0.584,0.0,3.65,1.825
BM-sheet_1-6273,beam,0.12,0.0,0.75,0.375
BM-sheet_1-6274,beam,2.1584,0.0,13.49,6.745
BM-sheet_1-6275,beam,2.1584,0.0,13.49,6.745
BM-sheet_1-6276,beam,0.1312,0.0,0.82,0.41
BM-sheet_1-6277,beam,0.3657,0.0,2.286,1.143
BM-sheet_1-6278,beam,0.3513,0.0,2.196,1.098
BM-sheet_1-6279,beam,0.304,0.0,1.9,0.95
BM-sheet_1-6280,beam,0.304,0.0,1.9,0.95
BM-sheet_1-6281,beam,0.488,0.0,3.05,1.525
BM-sheet_1-6282,beam,0.488,0.0,3.05,1.525
BM-sheet_1-6283,beam,0.112,0.0,0.7,0.35
BM-sheet_1-6284,beam,0.112,0.0,0.7,0.35
BM-sheet_1-6285,beam,0.6432,0.0,4.02,2.01
BM-sheet_1-6286,beam,1.2544,0.0,7.84,3.92
BM-sheet_1-6287,beam,0.2464,0.0,1.54,0.77
BM-sheet_1-6288,beam,0.3728,0.0,2.33,1.165
BM-sheet_1-6289,beam,0.6784,0.0,4.24,2.12
BM-sheet_1-6290,beam,0.1024,0.0,0.64,0.32
BM-sheet_1-6291,beam,0.4768,0.0,2.98,1.49
BM-sheet_1-6292,beam,2.2144,0.0,13.84,6.92
BM-sheet_1-6293,beam,0.3904,0.0,2.44,1.22
BM-sheet_1-6294,beam,0.3904,0.0,2.44,1.22
BM-sheet_1-6295,beam,0.6815,0.0,4.259,2.13
BM-sheet_1-6296,beam,0.6369,0.0,3.981,1.99
BM-sheet_1-6297,beam,1.1744,0.0,7.34,3.67
BM-sheet_1-6298,beam,0.2592,0.0,1.62,0.81
BM-sheet_1-6299,beam,0.2592,0.0,1.62,0.81
BM-sheet_1-6300,beam,0.2656,0.0,1.66,0.83
BM-sheet_1-6301,beam,0.368,0.0,2.3,1.15
BM-sheet_1-6302,beam,1.7053,0.0,10.658,5.329
BM-sheet_1-6303,beam,1.6481,0.0,10.301,5.15
BM-sheet_1-6304,beam,2.2116,0.0,13.822,6.911
BM-sheet_1-6305,beam,2.155,0.0,13.469,6.734
BM-sheet_1-6306,beam,0.9705,0.0,6.066,3.033
BM-sheet_1-6307,beam,1.4286,0.0,8.929,4.464
BM-sheet_1-6308,beam,1.3724,0.0,8.578,4.289
BM-sheet_1-6309,beam,0.1716,0.0,1.072,0.536
BM-sheet_1-6310,beam,1.2313,0.0,7.696,3.848
BM-sheet_1-6311,beam,1.1972,0.0,7.482,3.741
BM-sheet_1-6312,beam,2.2751,0.0,14.219,7.11
BM-sheet_1-6313,beam,2.2129,0.0,13.831,6.915
BM-sheet_1-6314,beam,1.6824,0.0,10.515,5.258
BM-sheet_1-6315,beam,1.6153,0.0,10.096,5.048
BM-sheet_1-6316,beam,0.8,0.0,5.0,2.5
BM-sheet_1-6317,beam,0.8,0.0,5.0,2.5
BM-sheet_1-6318,beam,0.368,0.0,2.3,1.15
BM-sheet_1-6319,beam,0.4032,0.0,2.52,1.26
BM-sheet_1-6320,beam,0.3984,0.0,2.49,1.245
BM-sheet_1-6321,beam,0.8096,0.0,5.06,2.53
BM-sheet_1-6322,beam,1.7264,0.0,10.79,5.395
BM-sheet_1-6323,beam,0.8256,0.0,5.16,2.58
BM-sheet_1-6324,beam,0.8,0.0,5.0,2.5
BM-sheet_1-6325,beam,0.7776,0.0,4.86,2.43
BM-sheet_1-6326,beam,0.3104,0.0,1.94,0.97
BM-sheet_1-6327,beam,0.8096,0.0,5.06,2.53
BM-sheet_1-6328,beam,0.1776,0.0,1.11,0.555
BM-sheet_1-6329,beam,0.1184,0.0,0.74,0.37
BM-sheet_1-6330,beam,0.7776,0.0,4.86,2.43
BM-sheet_1-6331,beam,0.8,0.0,5.0,2.5
BM-sheet_1-6332,beam,0.7776,0.0,4.86,2.43
BM-sheet_1-6333,beam,0.8,0.0,5.0,2.5
BM-sheet_1-6334,beam,0.5344,0.0,3.34,1.67
BM-sheet_1-6335,beam,0.5344,0.0,3.34,1.67
BM-sheet_1-6336,beam,0.8,0.0,5.0,2.5
BM-sheet_1-6337,beam,0.7616,0.0,4.76,2.38
BM-sheet_1-6338,beam,0.7776,0.0,4.86,2.43
BM-sheet_1-6339,beam,0.8,0.0,5.0,2.5
BM-sheet_1-6340,beam,0.2432,0.0,1.52,0.76
BM-sheet_1-6341,beam,0.8,0.0,5.0,2.5
BM-sheet_1-6342,beam,0.7776,0.0,4.86,2.43
BM-sheet_1-6343,beam,0.4032,0.0,2.52,1.26
BM-sheet_1-6344,beam,0.784,0.0,4.9,2.45
BM-sheet_1-6345,beam,0.4928,0.0,3.08,1.54
BM-sheet_1-6346,beam,0.1568,0.0,0.98,0.49
BM-sheet_1-6347,beam,0.1248,0.0,0.78,0.39
BM-sheet_1-6348,beam,0.2752,0.0,1.72,0.86
BM-sheet_1-6349,beam,0.7776,0.0,4.86,2.43
BM-sheet_1-6350,beam,0.8,0.0,5.0,2.5
BM-sheet_1-6351,beam,0.8,0.0,5.0,2.5
BM-sheet_1-6352,beam,0.7776,0.0,4.86,2.43
BM-sheet_1-6353,beam,0.7776,0.0,4.86,2.43
BM-sheet_1-6354,beam,0.8,0.0,5.0,2.5
BM-sheet_1-6355,beam,0.7616,0.0,4.76,2.38
BM-sheet_1-6356,beam,0.8,0.0,5.0,2.5
BM-sheet_1-6357,beam,0.7776,0.0,4.86,2.43
BM-sheet_1-6358,beam,0.8,0.0,5.0,2.5
BM-sheet_1-6359,beam,0.8,0.0,5.0,2.5
BM-sheet_1-6360,beam,0.8,0.0,5.0,2.5
BM-sheet_1-6361,beam,0.8,0.0,5.0,2.5
BM-sheet_1-6362,beam,1.1905,0.0,7.441,3.72
BM-sheet_1-6363,beam,2.3292,0.0,14.558,7.279
BM-sheet_1-6364,beam,0.8,0.0,5.0,2.5
BM-sheet_1-6365,beam,1.1904,0.0,7.44,3.72
BM-sheet_1-6366,beam,5.3244,0.0,23.664,9.86
BM-sheet_1-6367,beam,2.0088,0.0,8.928,3.72
BM-sheet_1-6368,beam,0.8,0.0,5.0,2.5
BM-sheet_1-6369,beam,0.8,0.0,5.0,2.5
BM-sheet_1-6370,beam,0.8,0.0,5.0,2.5
BM-sheet_1-6371,beam,0.8864,0.0,5.54,2.77
BM-sheet_1-6372,beam,0.7904,0.0,4.94,2.47
BM-sheet_1-6373,beam,0.9552,0.0,5.97,2.985
BM-sheet_1-6374,beam,0.4448,0.0,2.78,1.39
BM-sheet_1-6375,beam,2.6678,0.0,16.673,8.337
BM-sheet_1-6376,beam,0.3011,0.0,1.882,0.941
BM-sheet_1-6377,beam,0.5184,0.0,3.24,1.62
BM-sheet_1-6378,beam,0.3712,0.0,2.32,1.16
BM-sheet_1-6379,beam,0.3488,0.0,2.18,1.09
BM-sheet_1-6380,beam,0.1424,0.0,0.89,0.445
BM-sheet_1-6381,beam,0.88,0.0,5.5,2.75
BM-sheet_1-6382,beam,0.352,0.0,2.2,1.1
BM-sheet_1-6383,beam,3.996,0.0,17.76,7.4
BM-sheet_1-6384,beam,3.5005,0.0,21.878,10.939
BM-sheet_1-6385,beam,1.5336,0.0,6.816,2.84
BM-sheet_1-6386,beam,3.996,0.0,17.76,7.4
BM-sheet_1-6387,beam,1.5336,0.0,6.816,2.84
BM-sheet_1-6388,beam,3.996,0.0,17.76,7.4
BM-sheet_1-6389,beam,1.3264,0.0,8.29,4.145
BM-sheet_1-6390,beam,0.704,0.0,4.4,2.2
BM-sheet_1-6391,beam,0.624,0.0,3.9,1.95
BM-sheet_1-6392,beam,1.4592,0.0,9.12,4.56
BM-sheet_1-6393,beam,1.4592,0.0,9.12,4.56
BM-sheet_1-6394,beam,0.1376,0.0,0.86,0.43
BM-sheet_1-6395,beam,0.192,0.0,1.2,0.6
BM-sheet_1-6396,beam,0.4224,0.0,2.64,1.32
BM-sheet_1-6397,beam,0.4224,0.0,2.64,1.32
BM-sheet_1-6398,beam,0.9824,0.0,6.14,3.07
BM-sheet_1-6399,beam,1.2544,0.0,7.84,3.92
BM-sheet_1-6400,beam,0.5856,0.0,3.66,1.83
BM-sheet_1-6401,beam,0.3296,0.0,2.06,1.03
BM-sheet_1-6402,beam,0.9632,0.0,6.02,3.01
BM-sheet_1-6403,beam,0.192,0.0,1.2,0.6
BM-sheet_1-6404,beam,0.48,0.0,3.0,1.5
BM-sheet_1-6405,beam,1.0144,0.0,6.34,3.17
BM-sheet_1-6406,beam,0.9824,0.0,6.14,3.07
BM-sheet_1-6407,beam,0.4544,0.0,2.84,1.42
BM-sheet_1-6408,beam,0.192,0.0,1.2,0.6
BM-sheet_1-6409,beam,0.1712,0.0,1.07,0.535
BM-sheet_1-6410,beam,0.1808,0.0,1.13,0.565
BM-sheet_1-6411,beam,0.1808,0.0,1.13,0.565
BM-sheet_1-6412,beam,1.0464,0.0,6.54,3.27
BM-sheet_1-6413,beam,1.8144,0.0,11.34,5.67
BM-sheet_1-6414,beam,1.7904,0.0,11.19,5.595
BM-sheet_1-6415,beam,2.2592,0.0,14.12,7.06
BM-sheet_1-6416,beam,0.9152,0.0,5.72,2.86
BM-sheet_1-6417,beam,5.232,0.0,26.741,11.627
BM-sheet_1-6418,beam,6.3877,0.0,32.648,14.195
BM-sheet_1-6419,beam,3.9681,0.0,20.281,8.818
BM-sheet_1-6420,beam,1.2443,0.0,6.36,2.765
BM-sheet_1-6421,beam,1.9687,0.0,10.062,4.375
BM-sheet_1-6422,beam,2.6208,0.0,16.38,8.19
BM-sheet_1-6423,beam,2.3137,0.0,14.46,7.23
BM-sheet_1-6424,beam,0.9504,0.0,5.94,2.97
BM-sheet_1-6425,beam,1.1744,0.0,7.34,3.67
BM-sheet_1-6426,beam,2.9952,0.0,18.72,9.36
BM-sheet_1-6427,beam,1.1904,0.0,7.44,3.72
BM-sheet_1-6428,beam,1.1904,0.0,7.44,3.72
BM-sheet_1-6429,beam,0.3168,0.0,1.98,0.99
BM-sheet_1-6430,beam,0.6592,0.0,4.12,2.06
BM-sheet_1-6431,beam,1.1616,0.0,7.26,3.63
BM-sheet_1-6432,beam,0.3968,0.0,2.48,1.24
BM-sheet_1-6433,beam,1.5664,0.0,9.79,4.895
BM-sheet_1-6434,beam,0.8944,0.0,5.59,2.795
BM-sheet_1-6435,beam,1.3504,0.0,8.44,4.22
BM-sheet_1-6436,beam,1.2256,0.0,7.66,3.83
BM-sheet_1-6437,beam,1.3504,0.0,8.44,4.22
BM-sheet_1-6438,beam,1.1136,0.0,6.96,3.48
BM-sheet_1-6439,beam,1.3504,0.0,8.44,4.22
BM-sheet_1-6440,beam,0.4,0.0,2.5,1.25
BM-sheet_1-6441,beam,0.32,0.0,2.0,1.0
BM-sheet_1-6442,beam,1.0656,0.0,6.66,3.33
BM-sheet_1-6443,beam,0.64,0.0,4.0,2.0
BM-sheet_1-6444,beam,0.64,0.0,4.0,2.0
BM-sheet_1-6445,beam,1.1744,0.0,7.34,3.67
BM-sheet_1-6446,beam,2.9952,0.0,18.72,9.36
BM-sheet_1-6447,beam,0.2144,0.0,1.34,0.67
BM-sheet_1-6448,beam,0.832,0.0,5.2,2.6
BM-sheet_1-6449,beam,3.1392,0.0,19.62,9.81
BM-sheet_1-6450,beam,1.1744,0.0,7.34,3.67
BM-sheet_1-6451,beam,1.1744,0.0,7.34,3.67
BM-sheet_1-6452,beam,2.9952,0.0,18.72,9.36
BM-sheet_1-6453,beam,1.1904,0.0,7.44,3.72
BM-sheet_1-6454,beam,1.1904,0.0,7.44,3.72
BM-sheet_1-6455,beam,3.1232,0.0,19.52,9.76
BM-sheet_1-6456,beam,1.0656,0.0,6.66,3.33
BM-sheet_1-6457,beam,1.4944,0.0,9.34,4.67
BM-sheet_1-6458,beam,1.3504,0.0,8.44,4.22
BM-sheet_1-6459,beam,0.2656,0.0,1.66,0.83
BM-sheet_1-6460,beam,0.1856,0.0,1.16,0.58
BM-sheet_1-6461,beam,0.8096,0.0,5.06,2.53
BM-sheet_1-6462,beam,0.8896,0.0,5.56,2.78
BM-sheet_1-6463,beam,1.3344,0.0,8.34,4.17
BM-sheet_1-6464,beam,0.448,0.0,2.8,1.4
BM-sheet_1-6465,beam,0.128,0.0,0.8,0.4
BM-sheet_1-6466,beam,0.4224,0.0,2.64,1.32
BM-sheet_1-6467,beam,0.4224,0.0,2.64,1.32
BM-sheet_1-6468,beam,0.512,0.0,3.2,1.6
BM-sheet_1-6469,beam,0.32,0.0,2.0,1.0
BM-sheet_1-6470,beam,0.3232,0.0,2.02,1.01
BM-sheet_1-6471,beam,0.3232,0.0,2.02,1.01
BM-sheet_1-6472,beam,0.192,0.0,1.2,0.6
BM-sheet_1-6473,beam,0.192,0.0,1.2,0.6
BM-sheet_1-6474,beam,0.2656,0.0,1.66,0.83
BM-sheet_1-6475,beam,0.1856,0.0,1.16,0.58
BM-sheet_1-6476,beam,0.256,0.0,1.6,0.8
BM-sheet_1-6477,beam,0.416,0.0,2.6,1.3
BM-sheet_1-6478,beam,1.3344,0.0,8.34,4.17
BM-sheet_1-6479,beam,0.128,0.0,0.8,0.4
BM-sheet_1-6480,beam,0.4224,0.0,2.64,1.32
BM-sheet_1-6481,beam,0.4224,0.0,2.64,1.32
BM-sheet_1-6482,beam,0.3232,0.0,2.02,1.01
BM-sheet_1-6483,beam,0.3232,0.0,2.02,1.01
BM-sheet_1-6484,beam,0.2656,0.0,1.66,0.83
BM-sheet_1-6485,beam,0.6112,0.0,3.82,1.91
BM-sheet_1-6486,beam,0.6816,0.0,4.26,2.13
BM-sheet_1-6487,beam,0.352,0.0,2.2,1.1
BM-sheet_1-6488,beam,0.192,0.0,1.2,0.6
BM-sheet_1-6489,beam,0.4224,0.0,2.64,1.32
BM-sheet_1-6490,beam,0.4224,0.0,2.64,1.32
BM-sheet_1-6491,beam,0.5504,0.0,3.44,1.72
BM-sheet_1-6492,beam,0.3584,0.0,2.24,1.12
BM-sheet_1-6493,beam,0.3232,0.0,2.02,1.01
BM-sheet_1-6494,beam,0.3232,0.0,2.02,1.01
BM-sheet_1-6495,beam,0.5664,0.0,3.54,1.77
BM-sheet_1-6496,beam,0.1488,0.0,0.93,0.465
BM-sheet_1-6497,beam,0.4,0.0,2.5,1.25
BM-sheet_1-6498,beam,1.0304,0.0,6.44,3.22
BM-sheet_1-6499,beam,0.1856,0.0,1.16,0.58
BM-sheet_1-6500,beam,0.4736,0.0,2.96,1.48
BM-sheet_1-6501,beam,0.4736,0.0,2.96,1.48
BM-sheet_1-6502,beam,1.0304,0.0,6.44,3.22
BM-sheet_1-6503,beam,1.1744,0.0,7.34,3.67
BM-sheet_1-6504,beam,1.3264,0.0,8.29,4.145
BM-sheet_1-6505,beam,0.6528,0.0,4.08,2.04
BM-sheet_1-6506,beam,0.784,0.0,4.9,2.45
BM-sheet_1-6507,beam,0.912,0.0,5.7,2.85
BM-sheet_1-6508,beam,1.504,0.0,9.4,4.7
BM-sheet_1-6509,beam,0.64,0.0,4.0,2.0
BM-sheet_1-6510,beam,0.736,0.0,4.6,2.3
BM-sheet_1-6511,beam,0.232,0.0,1.45,0.725
BM-sheet_1-6512,beam,0.224,0.0,1.4,0.7
BM-sheet_1-6513,beam,0.112,0.0,0.7,0.35
BM-sheet_1-6514,beam,0.144,0.0,0.9,0.45
BM-sheet_1-6515,beam,0.6112,0.0,3.82,1.91
BM-sheet_1-6516,beam,0.5952,0.0,3.72,1.86
BM-sheet_1-6517,beam,0.368,0.0,2.3,1.15
BM-sheet_1-6518,beam,0.352,0.0,2.2,1.1
BM-sheet_1-6519,beam,1.1936,0.0,7.46,3.73
BM-sheet_1-6520,beam,1.2736,0.0,7.96,3.98
BM-sheet_1-6521,beam,1.488,0.0,9.3,4.65
BM-sheet_1-6522,beam,1.408,0.0,8.8,4.4
BM-sheet_1-6523,beam,1.5008,0.0,9.38,4.69
BM-sheet_1-6524,beam,0.1312,0.0,0.82,0.41
BM-sheet_1-6525,beam,1.5808,0.0,9.88,4.94
BM-sheet_1-6526,beam,0.4032,0.0,2.52,1.26
BM-sheet_1-6527,beam,0.3232,0.0,2.02,1.01
BM-sheet_1-6528,beam,0.192,0.0,1.2,0.6
BM-sheet_1-6529,beam,2.8748,0.0,14.694,6.389
BM-sheet_1-6530,beam,0.6144,0.0,3.84,1.92
BM-sheet_1-6531,beam,3.136,0.0,19.6,9.8
BM-sheet_1-6532,beam,3.04,0.0,19.0,9.5
BM-sheet_1-6533,beam,0.2624,0.0,1.64,0.82
BM-sheet_1-6534,beam,1.1744,0.0,7.34,3.67
BM-sheet_1-6535,beam,0.7648,0.0,4.78,2.39
BM-sheet_1-6536,beam,2.2144,0.0,13.84,6.92
BM-sheet_1-6537,beam,1.5424,0.0,9.64,4.82
BM-sheet_1-6538,beam,0.6815,0.0,4.259,2.13
BM-sheet_1-6539,beam,0.6369,0.0,3.981,1.99
BM-sheet_1-6540,beam,0.6176,0.0,3.86,1.93
BM-sheet_1-6541,beam,1.288,0.0,8.05,4.025
BM-sheet_1-6542,beam,1.9568,0.0,12.23,6.115
BM-sheet_1-6543,beam,4.0224,0.0,25.14,12.57
BM-sheet_1-6544,beam,1.2105,0.0,6.187,2.69
BM-sheet_1-6545,beam,0.8976,0.0,5.61,2.805
BM-sheet_1-6546,beam,0.8976,0.0,5.61,2.805
BM-sheet_1-6547,beam,0.486,0.0,1.62,0.6
BM-sheet_1-6548,beam,0.486,0.0,1.62,0.6
BM-sheet_1-6549,beam,4.2372,0.0,26.482,13.241
BM-sheet_1-6550,beam,2.368,0.0,14.8,7.4
BM-sheet_1-6551,beam,1.632,0.0,10.2,5.1
BM-sheet_1-6552,beam,3.3584,0.0,20.99,10.495
BM-sheet_1-6553,beam,0.232,0.0,1.45,0.725
BM-sheet_1-6554,beam,0.848,0.0,5.3,2.65
BM-sheet_1-6555,beam,0.232,0.0,1.45,0.725
BM-sheet_1-6556,beam,0.296,0.0,1.85,0.925
BM-sheet_1-6557,beam,0.736,0.0,4.6,2.3
BM-sheet_1-6558,beam,0.864,0.0,5.4,2.7
BM-sheet_1-6559,beam,0.912,0.0,5.7,2.85
BM-sheet_1-6560,beam,0.5376,0.0,3.36,1.68
BM-sheet_1-6561,beam,0.5376,0.0,3.36,1.68
BM-sheet_1-6562,beam,0.5088,0.0,3.18,1.59
BM-sheet_1-6563,beam,0.5088,0.0,3.18,1.59
BM-sheet_1-6564,beam,2.1649,0.0,9.622,4.009
BM-sheet_1-6565,beam,1.5372,0.0,6.832,2.847
BM-sheet_1-6566,beam,3.4845,0.0,21.778,10.889
BM-sheet_1-6567,beam,8.2304,0.0,51.44,25.72
BM-sheet_1-6568,beam,0.32,0.0,2.0,1.0
BM-sheet_1-6569,beam,0.4896,0.0,3.06,1.53
BM-sheet_1-6570,beam,0.32,0.0,2.0,1.0
BM-sheet_1-6571,beam,0.4896,0.0,3.06,1.53
BM-sheet_1-6572,beam,0.192,0.0,1.2,0.6
BM-sheet_1-6573,beam,0.48,0.0,3.0,1.5
BM-sheet_1-6574,beam,0.192,0.0,1.2,0.6
BM-sheet_1-6575,beam,0.48,0.0,3.0,1.5
BM-sheet_1-6576,beam,0.192,0.0,1.2,0.6
BM-sheet_1-6577,beam,0.64,0.0,4.0,2.0
BM-sheet_1-6578,beam,0.192,0.0,1.2,0.6
BM-sheet_1-6579,beam,0.64,0.0,4.0,2.0
BM-sheet_1-6580,beam,0.192,0.0,1.2,0.6
BM-sheet_1-6581,beam,0.32,0.0,2.0,1.0
BM-sheet_1-6582,beam,0.192,0.0,1.2,0.6
BM-sheet_1-6583,beam,0.32,0.0,2.0,1.0
BM-sheet_1-6584,beam,0.192,0.0,1.2,0.6
BM-sheet_1-6585,beam,0.32,0.0,2.0,1.0
BM-sheet_1-6586,beam,0.192,0.0,1.2,0.6
BM-sheet_1-6587,beam,0.32,0.0,2.0,1.0
BM-sheet_1-6588,beam,0.192,0.0,1.2,0.6
BM-sheet_1-6589,beam,0.32,0.0,2.0,1.0
BM-sheet_1-6590,beam,0.192,0.0,1.2,0.6
BM-sheet_1-6591,beam,0.32,0.0,2.0,1.0
BM-sheet_1-6592,beam,0.192,0.0,1.2,0.6
BM-sheet_1-6593,beam,0.352,0.0,2.2,1.1
BM-sheet_1-6594,beam,0.192,0.0,1.2,0.6
BM-sheet_1-6595,beam,0.352,0.0,2.2,1.1
BM-sheet_1-6596,beam,0.192,0.0,1.2,0.6
BM-sheet_1-6597,beam,0.32,0.0,2.0,1.0
BM-sheet_1-6598,beam,0.192,0.0,1.2,0.6
BM-sheet_1-6599,beam,0.32,0.0,2.0,1.0
BM-sheet_1-6600,beam,0.192,0.0,1.2,0.6
BM-sheet_1-6601,beam,0.48,0.0,3.0,1.5
BM-sheet_1-6602,beam,0.192,0.0,1.2,0.6
BM-sheet_1-6603,beam,0.48,0.0,3.0,1.5
BM-sheet_1-6604,beam,0.192,0.0,1.2,0.6
BM-sheet_1-6605,beam,0.32,0.0,2.0,1.0
BM-sheet_1-6606,beam,0.192,0.0,1.2,0.6
BM-sheet_1-6607,beam,0.32,0.0,2.0,1.0
BM-sheet_1-6608,beam,0.32,0.0,2.0,1.0
BM-sheet_1-6609,beam,0.224,0.0,1.4,0.7
BM-sheet_1-6610,beam,0.32,0.0,2.0,1.0
BM-sheet_1-6611,beam,0.224,0.0,1.4,0.7
BM-sheet_1-6612,beam,0.32,0.0,2.0,1.0
BM-sheet_1-6613,beam,0.224,0.0,1.4,0.7
BM-sheet_1-6614,beam,0.32,0.0,2.0,1.0
BM-sheet_1-6615,beam,0.224,0.0,1.4,0.7
BM-sheet_1-6616,beam,0.384,0.0,2.4,1.2
BM-sheet_1-6617,beam,0.32,0.0,2.0,1.0
BM-sheet_1-6618,beam,0.384,0.0,2.4,1.2
BM-sheet_1-6619,beam,0.32,0.0,2.0,1.0
BM-sheet_1-6620,beam,0.224,0.0,1.4,0.7
BM-sheet_1-6621,beam,0.352,0.0,2.2,1.1
BM-sheet_1-6622,beam,0.224,0.0,1.4,0.7
BM-sheet_1-6623,beam,0.352,0.0,2.2,1.1
BM-sheet_1-6624,beam,0.224,0.0,1.4,0.7
BM-sheet_1-6625,beam,0.32,0.0,2.0,1.0
BM-sheet_1-6626,beam,0.224,0.0,1.4,0.7
BM-sheet_1-6627,beam,0.32,0.0,2.0,1.0
BM-sheet_1-6628,beam,0.192,0.0,1.2,0.6
BM-sheet_1-6629,beam,0.32,0.0,2.0,1.0
BM-sheet_1-6630,beam,0.192,0.0,1.2,0.6
BM-sheet_1-6631,beam,0.32,0.0,2.0,1.0
BM-sheet_1-6632,beam,0.192,0.0,1.2,0.6
BM-sheet_1-6633,beam,0.352,0.0,2.2,1.1
BM-sheet_1-6634,beam,0.192,0.0,1.2,0.6
BM-sheet_1-6635,beam,0.352,0.0,2.2,1.1
BM-sheet_1-6636,beam,0.192,0.0,1.2,0.6
BM-sheet_1-6637,beam,0.32,0.0,2.0,1.0
BM-sheet_1-6638,beam,0.192,0.0,1.2,0.6
BM-sheet_1-6639,beam,0.32,0.0,2.0,1.0
BM-sheet_1-6640,beam,0.32,0.0,2.0,1.0
BM-sheet_1-6641,beam,0.224,0.0,1.4,0.7
BM-sheet_1-6642,beam,0.32,0.0,2.0,1.0
BM-sheet_1-6643,beam,0.224,0.0,1.4,0.7
BM-sheet_1-6644,beam,0.256,0.0,1.6,0.8
BM-sheet_1-6645,beam,0.384,0.0,2.4,1.2
BM-sheet_1-6646,beam,0.256,0.0,1.6,0.8
BM-sheet_1-6647,beam,0.384,0.0,2.4,1.2
BM-sheet_1-6648,beam,0.224,0.0,1.4,0.7
BM-sheet_1-6649,beam,0.544,0.0,3.4,1.7
BM-sheet_1-6650,beam,0.224,0.0,1.4,0.7
BM-sheet_1-6651,beam,0.544,0.0,3.4,1.7
BM-sheet_1-6652,beam,0.192,0.0,1.2,0.6
BM-sheet_1-6653,beam,0.384,0.0,2.4,1.2
BM-sheet_1-6654,beam,0.192,0.0,1.2,0.6
BM-sheet_1-6655,beam,0.384,0.0,2.4,1.2
BM-sheet_1-6656,beam,0.192,0.0,1.2,0.6
BM-sheet_1-6657,beam,0.32,0.0,2.0,1.0
BM-sheet_1-6658,beam,0.192,0.0,1.2,0.6
BM-sheet_1-6659,beam,0.32,0.0,2.0,1.0
BM-sheet_1-6660,beam,0.192,0.0,1.2,0.6
BM-sheet_1-6661,beam,0.32,0.0,2.0,1.0
BM-sheet_1-6662,beam,0.192,0.0,1.2,0.6
BM-sheet_1-6663,beam,0.32,0.0,2.0,1.0
BM-sheet_1-6664,beam,0.192,0.0,1.2,0.6
BM-sheet_1-6665,beam,0.576,0.0,3.6,1.8
BM-sheet_1-6666,beam,0.192,0.0,1.2,0.6
BM-sheet_1-6667,beam,0.576,0.0,3.6,1.8
BM-sheet_1-6668,beam,0.192,0.0,1.2,0.6
BM-sheet_1-6669,beam,0.448,0.0,2.8,1.4
BM-sheet_1-6670,beam,0.192,0.0,1.2,0.6
BM-sheet_1-6671,beam,0.448,0.0,2.8,1.4
BM-sheet_1-6672,beam,0.192,0.0,1.2,0.6
BM-sheet_1-6673,beam,0.32,0.0,2.0,1.0
BM-sheet_1-6674,beam,0.192,0.0,1.2,0.6
BM-sheet_1-6675,beam,0.32,0.0,2.0,1.0
BM-sheet_1-6676,beam,0.192,0.0,1.2,0.6
BM-sheet_1-6677,beam,0.384,0.0,2.4,1.2
BM-sheet_1-6678,beam,0.192,0.0,1.2,0.6
BM-sheet_1-6679,beam,0.384,0.0,2.4,1.2
BM-sheet_1-6680,beam,0.192,0.0,1.2,0.6
BM-sheet_1-6681,beam,0.32,0.0,2.0,1.0
BM-sheet_1-6682,beam,0.192,0.0,1.2,0.6
BM-sheet_1-6683,beam,0.32,0.0,2.0,1.0
BM-sheet_1-6684,beam,0.216,0.0,0.96,0.4
BM-sheet_1-6685,beam,0.432,0.0,1.92,0.8
BM-sheet_1-6686,beam,0.216,0.0,0.96,0.4
BM-sheet_1-6687,beam,0.432,0.0,1.92,0.8
BM-sheet_1-6688,beam,0.128,0.0,0.8,0.4
BM-sheet_1-6689,beam,0.256,0.0,1.6,0.8
BM-sheet_1-6690,beam,0.128,0.0,0.8,0.4
BM-sheet_1-6691,beam,0.256,0.0,1.6,0.8
BM-sheet_1-6692,beam,0.216,0.0,0.96,0.4
BM-sheet_1-6693,beam,0.432,0.0,1.92,0.8
BM-sheet_1-6694,beam,0.216,0.0,0.96,0.4
BM-sheet_1-6695,beam,0.432,0.0,1.92,0.8
BM-sheet_1-6696,beam,0.216,0.0,0.96,0.4
BM-sheet_1-6697,beam,0.432,0.0,1.92,0.8
BM-sheet_1-6698,beam,0.216,0.0,0.96,0.4
BM-sheet_1-6699,beam,0.432,0.0,1.92,0.8
BM-sheet_1-6700,beam,0.16,0.0,1.0,0.5
BM-sheet_1-6701,beam,0.224,0.0,1.4,0.7
BM-sheet_1-6702,beam,0.16,0.0,1.0,0.5
BM-sheet_1-6703,beam,0.224,0.0,1.4,0.7
BM-sheet_1-6704,beam,0.16,0.0,1.0,0.5
BM-sheet_1-6705,beam,0.224,0.0,1.4,0.7
BM-sheet_1-6706,beam,0.16,0.0,1.0,0.5
BM-sheet_1-6707,beam,0.224,0.0,1.4,0.7
BM-sheet_1-6708,beam,0.128,0.0,0.8,0.4
BM-sheet_1-6709,beam,0.256,0.0,1.6,0.8
BM-sheet_1-6710,beam,0.128,0.0,0.8,0.4
BM-sheet_1-6711,beam,0.256,0.0,1.6,0.8
BM-sheet_1-6712,beam,0.128,0.0,0.8,0.4
BM-sheet_1-6713,beam,0.256,0.0,1.6,0.8
BM-sheet_1-6714,beam,0.128,0.0,0.8,0.4
BM-sheet_1-6715,beam,0.256,0.0,1.6,0.8
BM-sheet_1-6716,beam,0.18,0.0,0.92,0.4
BM-sheet_1-6717,beam,0.36,0.0,1.84,0.8
BM-sheet_1-6718,beam,0.18,0.0,0.92,0.4
BM-sheet_1-6719,beam,0.36,0.0,1.84,0.8
BM-sheet_1-6720,beam,0.18,0.0,0.92,0.4
BM-sheet_1-6721,beam,0.36,0.0,1.84,0.8
BM-sheet_1-6722,beam,0.18,0.0,0.92,0.4
BM-sheet_1-6723,beam,0.36,0.0,1.84,0.8
BM-sheet_1-6724,beam,0.324,0.0,1.08,0.4
BM-sheet_1-6725,beam,0.648,0.0,2.16,0.8
BM-sheet_1-6726,beam,0.324,0.0,1.08,0.4
BM-sheet_1-6727,beam,0.648,0.0,2.16,0.8
BM-sheet_1-6728,beam,0.324,0.0,1.08,0.4
BM-sheet_1-6729,beam,0.648,0.0,2.16,0.8
BM-sheet_1-6730,beam,0.324,0.0,1.08,0.4
BM-sheet_1-6731,beam,0.648,0.0,2.16,0.8
BM-sheet_1-6732,beam,0.18,0.0,0.92,0.4
BM-sheet_1-6733,beam,0.36,0.0,1.84,0.8
BM-sheet_1-6734,beam,0.18,0.0,0.92,0.4
BM-sheet_1-6735,beam,0.36,0.0,1.84,0.8
BM-sheet_1-6736,beam,0.18,0.0,0.92,0.4
BM-sheet_1-6737,beam,0.36,0.0,1.84,0.8
BM-sheet_1-6738,beam,0.18,0.0,0.92,0.4
BM-sheet_1-6739,beam,0.36,0.0,1.84,0.8
BM-sheet_1-6740,beam,0.18,0.0,0.92,0.4
BM-sheet_1-6741,beam,0.36,0.0,1.84,0.8
BM-sheet_1-6742,beam,0.18,0.0,0.92,0.4
BM-sheet_1-6743,beam,0.36,0.0,1.84,0.8
BM-sheet_1-6744,beam,0.18,0.0,0.92,0.4
BM-sheet_1-6745,beam,0.36,0.0,1.84,0.8
BM-sheet_1-6746,beam,0.18,0.0,0.92,0.4
BM-sheet_1-6747,beam,0.36,0.0,1.84,0.8
BM-sheet_1-6748,beam,0.18,0.0,0.92,0.4
BM-sheet_1-6749,beam,0.36,0.0,1.84,0.8
BM-sheet_1-6750,beam,0.18,0.0,0.92,0.4
BM-sheet_1-6751,beam,0.36,0.0,1.84,0.8
BM-sheet_1-6752,beam,0.324,0.0,1.08,0.4
BM-sheet_1-6753,beam,0.648,0.0,2.16,0.8
BM-sheet_1-6754,beam,0.324,0.0,1.08,0.4
BM-sheet_1-6755,beam,0.648,0.0,2.16,0.8
BM-sheet_1-6756,beam,0.324,0.0,1.08,0.4
BM-sheet_1-6757,beam,0.648,0.0,2.16,0.8
BM-sheet_1-6758,beam,0.324,0.0,1.08,0.4
BM-sheet_1-6759,beam,0.648,0.0,2.16,0.8
BM-sheet_1-6760,beam,0.128,0.0,0.8,0.4
BM-sheet_1-6761,beam,0.648,0.0,2.16,0.8
BM-sheet_1-6762,beam,0.324,0.0,1.08,0.4
BM-sheet_1-6763,beam,0.648,0.0,2.16,0.8
BM-sheet_1-6764,beam,0.128,0.0,0.8,0.4
BM-sheet_1-6765,beam,0.648,0.0,2.16,0.8
BM-sheet_1-6766,beam,0.324,0.0,1.08,0.4
BM-sheet_1-6767,beam,0.648,0.0,2.16,0.8
BM-sheet_1-6768,beam,0.128,0.0,0.8,0.4
BM-sheet_1-6769,beam,0.648,0.0,2.16,0.8
BM-sheet_1-6770,beam,0.324,0.0,1.08,0.4
BM-sheet_1-6771,beam,0.648,0.0,2.16,0.8
BM-sheet_1-6772,beam,0.128,0.0,0.8,0.4
BM-sheet_1-6773,beam,0.576,0.0,2.08,0.8
BM-sheet_1-6774,beam,0.288,0.0,1.04,0.4
BM-sheet_1-6775,beam,0.576,0.0,2.08,0.8
BM-sheet_1-6776,beam,0.128,0.0,0.8,0.4
BM-sheet_1-6777,beam,0.256,0.0,1.6,0.8
BM-sheet_1-6778,beam,0.128,0.0,0.8,0.4
BM-sheet_1-6779,beam,0.256,0.0,1.6,0.8
BM-sheet_1-6780,beam,0.18,0.0,0.92,0.4
BM-sheet_1-6781,beam,0.36,0.0,1.84,0.8
BM-sheet_1-6782,beam,0.18,0.0,0.92,0.4
BM-sheet_1-6783,beam,0.36,0.0,1.84,0.8
BM-sheet_1-6784,beam,0.16,0.0,1.0,0.5
BM-sheet_1-6785,beam,0.16,0.0,1.0,0.5
BM-sheet_1-6786,beam,0.16,0.0,1.0,0.5
BM-sheet_1-6787,beam,0.16,0.0,1.0,0.5
BM-sheet_1-6788,beam,0.16,0.0,1.0,0.5
BM-sheet_1-6789,beam,0.16,0.0,1.0,0.5
BM-sheet_1-6790,beam,0.16,0.0,1.0,0.5
BM-sheet_1-6791,beam,0.16,0.0,1.0,0.5
BM-sheet_1-6792,beam,0.224,0.0,1.4,0.7
BM-sheet_1-6793,beam,0.16,0.0,1.0,0.5
BM-sheet_1-6794,beam,0.224,0.0,1.4,0.7
BM-sheet_1-6795,beam,0.224,0.0,1.4,0.7
BM-sheet_1-6796,beam,0.416,0.0,2.6,1.3
BM-sheet_1-6797,beam,0.224,0.0,1.4,0.7
BM-sheet_1-6798,beam,0.416,0.0,2.6,1.3
BM-sheet_1-6799,beam,0.224,0.0,1.4,0.7
BM-sheet_1-6800,beam,0.352,0.0,2.2,1.1
BM-sheet_1-6801,beam,0.224,0.0,1.4,0.7
BM-sheet_1-6802,beam,0.352,0.0,2.2,1.1
BM-sheet_1-6803,beam,0.224,0.0,1.4,0.7
BM-sheet_1-6804,beam,0.512,0.0,3.2,1.6
BM-sheet_1-6805,beam,0.224,0.0,1.4,0.7
BM-sheet_1-6806,beam,0.512,0.0,3.2,1.6
BM-sheet_1-6807,beam,0.224,0.0,1.4,0.7
BM-sheet_1-6808,beam,0.416,0.0,2.6,1.3
BM-sheet_1-6809,beam,0.224,0.0,1.4,0.7
BM-sheet_1-6810,beam,0.416,0.0,2.6,1.3
BM-sheet_1-6811,beam,0.224,0.0,1.4,0.7
BM-sheet_1-6812,beam,0.416,0.0,2.6,1.3
BM-sheet_1-6813,beam,0.224,0.0,1.4,0.7
BM-sheet_1-6814,beam,0.416,0.0,2.6,1.3
BM-sheet_1-6815,beam,0.224,0.0,1.4,0.7
BM-sheet_1-6816,beam,0.512,0.0,3.2,1.6
BM-sheet_1-6817,beam,0.224,0.0,1.4,0.7
BM-sheet_1-6818,beam,0.512,0.0,3.2,1.6
BM-sheet_1-6819,beam,0.224,0.0,1.4,0.7
BM-sheet_1-6820,beam,0.384,0.0,2.4,1.2
BM-sheet_1-6821,beam,0.224,0.0,1.4,0.7
BM-sheet_1-6822,beam,0.384,0.0,2.4,1.2
BM-sheet_1-6823,beam,0.224,0.0,1.4,0.7
BM-sheet_1-6824,beam,0.384,0.0,2.4,1.2
BM-sheet_1-6825,beam,0.224,0.0,1.4,0.7
BM-sheet_1-6826,beam,0.384,0.0,2.4,1.2
BM-sheet_1-6827,beam,0.224,0.0,1.4,0.7
BM-sheet_1-6828,beam,0.576,0.0,3.6,1.8
BM-sheet_1-6829,beam,0.224,0.0,1.4,0.7
BM-sheet_1-6830,beam,0.576,0.0,3.6,1.8
BM-sheet_1-6831,beam,0.192,0.0,1.2,0.6
BM-sheet_1-6832,beam,0.32,0.0,2.0,1.0
BM-sheet_1-6833,beam,0.192,0.0,1.2,0.6
BM-sheet_1-6834,beam,0.32,0.0,2.0,1.0
BM-sheet_1-6835,beam,0.224,0.0,1.4,0.7
BM-sheet_1-6836,beam,0.672,0.0,4.2,2.1
BM-sheet_1-6837,beam,0.224,0.0,1.4,0.7
BM-sheet_1-6838,beam,0.672,0.0,4.2,2.1
BM-sheet_1-6839,beam,1.7504,0.0,10.94,5.47
BM-sheet_1-6840,beam,3.5325,0.0,18.055,7.85
BM-sheet_1-6841,beam,0.672,0.0,4.2,2.1
BM-sheet_1-6842,beam,0.672,0.0,4.2,2.1
BM-sheet_1-6843,beam,0.7936,0.0,4.96,2.48
BM-sheet_1-6844,beam,0.7936,0.0,4.96,2.48
BM-sheet_1-6845,beam,0.672,0.0,4.2,2.1
BM-sheet_1-6846,beam,2.2144,0.0,13.84,6.92
BM-sheet_1-6847,beam,0.9152,0.0,5.72,2.86
BM-sheet_1-6848,beam,1.0144,0.0,6.34,3.17
BM-sheet_1-6849,beam,0.252,0.0,1.0,0.4
BM-sheet_1-6850,beam,0.504,0.0,2.0,0.8
BM-sheet_1-6851,beam,0.252,0.0,1.0,0.4
BM-sheet_1-6852,beam,0.504,0.0,2.0,0.8
BM-sheet_1-6853,beam,0.252,0.0,1.0,0.4
BM-sheet_1-6854,beam,0.504,0.0,2.0,0.8
BM-sheet_1-6855,beam,0.252,0.0,1.0,0.4
BM-sheet_1-6856,beam,0.504,0.0,2.0,0.8
BM-sheet_1-6857,beam,0.16,0.0,1.0,0.5
BM-sheet_1-6858,beam,0.224,0.0,1.4,0.7
BM-sheet_1-6859,beam,0.16,0.0,1.0,0.5
BM-sheet_1-6860,beam,0.224,0.0,1.4,0.7
BM-sheet_1-6861,beam,0.216,0.0,0.96,0.4
BM-sheet_1-6862,beam,0.504,0.0,2.0,0.8
BM-sheet_1-6863,beam,0.252,0.0,1.0,0.4
BM-sheet_1-6864,beam,0.504,0.0,2.0,0.8
BM-sheet_1-6865,beam,0.252,0.0,1.0,0.4
BM-sheet_1-6866,beam,0.504,0.0,2.0,0.8
BM-sheet_1-6867,beam,0.252,0.0,1.0,0.4
BM-sheet_1-6868,beam,0.504,0.0,2.0,0.8
BM-sheet_1-6869,beam,0.252,0.0,1.0,0.4
BM-sheet_1-6870,beam,0.504,0.0,2.0,0.8
BM-sheet_1-6871,beam,0.252,0.0,1.0,0.4
BM-sheet_1-6872,beam,0.504,0.0,2.0,0.8
BM-sheet_1-6873,beam,0.18,0.0,0.92,0.4
BM-sheet_1-6874,beam,0.36,0.0,1.84,0.8
BM-sheet_1-6875,beam,0.18,0.0,0.92,0.4
BM-sheet_1-6876,beam,0.36,0.0,1.84,0.8
BM-sheet_1-6877,beam,0.18,0.0,0.92,0.4
BM-sheet_1-6878,beam,0.36,0.0,1.84,0.8
BM-sheet_1-6879,beam,0.18,0.0,0.92,0.4
BM-sheet_1-6880,beam,0.36,0.0,1.84,0.8
BM-sheet_1-6881,beam,0.128,0.0,0.8,0.4
BM-sheet_1-6882,beam,0.256,0.0,1.6,0.8
BM-sheet_1-6883,beam,0.128,0.0,0.8,0.4
BM-sheet_1-6884,beam,0.256,0.0,1.6,0.8
BM-sheet_1-6885,beam,1.5552,0.0,9.72,4.86
BM-sheet_1-6886,beam,11.6235,0.0,46.125,18.45
BM-sheet_1-6887,beam,5.4108,0.0,24.048,10.02
BM-sheet_1-6888,beam,5.1948,0.0,23.088,9.62
BM-sheet_1-6889,beam,11.214,0.0,44.5,17.8
BM-sheet_1-6890,beam,0.18,0.0,0.92,0.4
BM-sheet_1-6891,beam,0.9632,0.0,6.02,3.01
BM-sheet_1-6892,beam,3.0752,0.0,19.22,9.61
BM-sheet_1-6893,beam,3.8295,0.0,19.573,8.51
BM-sheet_1-6894,beam,0.5074,0.0,3.172,1.586
BM-sheet_1-6895,beam,1.1296,0.0,7.06,3.53
BM-sheet_1-6896,beam,0.8352,0.0,5.22,2.61
BM-sheet_1-6897,beam,1.568,0.0,9.8,4.9
BM-sheet_1-6898,beam,0.8352,0.0,5.22,2.61
BM-sheet_1-6899,beam,0.8736,0.0,5.46,2.73
BM-sheet_1-6900,beam,2.4996,0.0,15.623,7.811
BM-sheet_1-6901,beam,1.8044,0.0,11.277,5.639
BM-sheet_1-6902,beam,1.6284,0.0,10.178,5.089
BM-sheet_1-6903,beam,1.1306,0.0,7.066,3.533
BM-sheet_1-6904,beam,2.8123,0.0,17.577,8.788
BM-sheet_1-6905,beam,3.4354,0.0,21.471,10.736
BM-sheet_1-6906,beam,1.5435,0.0,9.647,4.823
BM-sheet_1-6907,beam,0.5033,0.0,3.146,1.573
BM-sheet_1-6908,beam,0.8104,0.0,5.065,2.532
BM-sheet_1-6909,beam,0.767,0.0,4.794,2.397
BM-sheet_1-6910,beam,0.7089,0.0,4.431,2.215
BM-sheet_1-6911,beam,0.7249,0.0,4.531,2.265
BM-sheet_1-6912,beam,0.7023,0.0,4.39,2.195
BM-sheet_1-6913,beam,0.2337,0.0,1.46,0.73
BM-sheet_1-6914,beam,1.1936,0.0,7.46,3.73
BM-sheet_1-6915,beam,1.4241,0.0,8.901,4.45
BM-sheet_1-6916,beam,0.2627,0.0,1.642,0.821
BM-sheet_1-6917,beam,1.1029,0.0,6.893,3.446
BM-sheet_1-6918,beam,1.4597,0.0,9.123,4.562
BM-sheet_1-6919,beam,0.8736,0.0,5.46,2.73
BM-sheet_1-6920,beam,0.128,0.0,0.8,0.4
BM-sheet_1-6921,beam,0.256,0.0,1.6,0.8
BM-sheet_1-6922,beam,0.128,0.0,0.8,0.4
BM-sheet_1-6923,beam,0.256,0.0,1.6,0.8
BM-sheet_1-6924,beam,0.16,0.0,1.0,0.5
BM-sheet_1-6925,beam,0.16,0.0,1.0,0.5
BM-sheet_1-6926,beam,0.16,0.0,1.0,0.5
BM-sheet_1-6927,beam,0.16,0.0,1.0,0.5
BM-sheet_1-6928,beam,0.16,0.0,1.0,0.5
BM-sheet_1-6929,beam,0.224,0.0,1.4,0.7
BM-sheet_1-6930,beam,0.16,0.0,1.0,0.5
BM-sheet_1-6931,beam,0.224,0.0,1.4,0.7
BM-sheet_1-6932,beam,0.128,0.0,0.8,0.4
BM-sheet_1-6933,beam,0.256,0.0,1.6,0.8
BM-sheet_1-6934,beam,0.128,0.0,0.8,0.4
BM-sheet_1-6935,beam,0.256,0.0,1.6,0.8
BM-sheet_1-6936,beam,0.16,0.0,1.0,0.5
BM-sheet_1-6937,beam,0.224,0.0,1.4,0.7
BM-sheet_1-6938,beam,0.16,0.0,1.0,0.5
BM-sheet_1-6939,beam,0.224,0.0,1.4,0.7
BM-sheet_1-6940,beam,0.18,0.0,0.92,0.4
BM-sheet_1-6941,beam,0.36,0.0,1.84,0.8
BM-sheet_1-6942,beam,0.18,0.0,0.92,0.4
BM-sheet_1-6943,beam,0.36,0.0,1.84,0.8
BM-sheet_1-6944,beam,0.128,0.0,0.8,0.4
BM-sheet_1-6945,beam,0.256,0.0,1.6,0.8
BM-sheet_1-6946,beam,0.128,0.0,0.8,0.4
BM-sheet_1-6947,beam,0.256,0.0,1.6,0.8
BM-sheet_1-6948,beam,0.252,0.0,1.0,0.4
BM-sheet_1-6949,beam,0.504,0.0,2.0,0.8
BM-sheet_1-6950,beam,0.252,0.0,1.0,0.4
BM-sheet_1-6951,beam,0.504,0.0,2.0,0.8
BM-sheet_1-6952,beam,0.324,0.0,1.08,0.4
BM-sheet_1-6953,beam,0.648,0.0,2.16,0.8
BM-sheet_1-6954,beam,0.324,0.0,1.08,0.4
BM-sheet_1-6955,beam,0.648,0.0,2.16,0.8
BM-sheet_1-6956,beam,0.216,0.0,0.96,0.4
BM-sheet_1-6957,beam,0.432,0.0,1.92,0.8
BM-sheet_1-6958,beam,0.216,0.0,0.96,0.4
BM-sheet_1-6959,beam,0.432,0.0,1.92,0.8
BM-sheet_1-6960,beam,0.216,0.0,0.96,0.4
BM-sheet_1-6961,beam,0.432,0.0,1.92,0.8
BM-sheet_1-6962,beam,0.216,0.0,0.96,0.4
BM-sheet_1-6963,beam,0.432,0.0,1.92,0.8
BM-sheet_1-6964,beam,0.216,0.0,0.96,0.4
BM-sheet_1-6965,beam,0.432,0.0,1.92,0.8
BM-sheet_1-6966,beam,0.216,0.0,0.96,0.4
BM-sheet_1-6967,beam,0.432,0.0,1.92,0.8
BM-sheet_1-6968,beam,0.216,0.0,0.96,0.4
BM-sheet_1-6969,beam,0.432,0.0,1.92,0.8
BM-sheet_1-6970,beam,0.216,0.0,0.96,0.4
BM-sheet_1-6971,beam,0.432,0.0,1.92,0.8
BM-sheet_1-6972,beam,0.128,0.0,0.8,0.4
BM-sheet_1-6973,beam,0.256,0.0,1.6,0.8
BM-sheet_1-6974,beam,0.128,0.0,0.8,0.4
BM-sheet_1-6975,beam,0.256,0.0,1.6,0.8
BM-sheet_1-6976,beam,0.18,0.0,0.92,0.4
BM-sheet_1-6977,beam,0.36,0.0,1.84,0.8
BM-sheet_1-6978,beam,0.18,0.0,0.92,0.4
BM-sheet_1-6979,beam,0.36,0.0,1.84,0.8
BM-sheet_1-6980,beam,0.128,0.0,0.8,0.4
BM-sheet_1-6981,beam,0.256,0.0,1.6,0.8
BM-sheet_1-6982,beam,0.128,0.0,0.8,0.4
BM-sheet_1-6983,beam,0.256,0.0,1.6,0.8
BM-sheet_1-6984,beam,0.216,0.0,0.96,0.4
BM-sheet_1-6985,beam,0.432,0.0,1.92,0.8
BM-sheet_1-6986,beam,0.216,0.0,0.96,0.4
BM-sheet_1-6987,beam,0.432,0.0,1.92,0.8
BM-sheet_1-6988,beam,0.216,0.0,0.96,0.4
BM-sheet_1-6989,beam,0.432,0.0,1.92,0.8
BM-sheet_1-6990,beam,0.216,0.0,0.96,0.4
BM-sheet_1-6991,beam,0.432,0.0,1.92,0.8
BM-sheet_1-6992,beam,0.128,0.0,0.8,0.4
BM-sheet_1-6993,beam,0.256,0.0,1.6,0.8
BM-sheet_1-6994,beam,0.128,0.0,0.8,0.4
BM-sheet_1-6995,beam,0.256,0.0,1.6,0.8
BM-sheet_1-6996,beam,0.216,0.0,0.96,0.4
BM-sheet_1-6997,beam,0.432,0.0,1.92,0.8
BM-sheet_1-6998,beam,0.216,0.0,0.96,0.4
BM-sheet_1-6999,beam,0.432,0.0,1.92,0.8
BM-sheet_1-7000,beam,0.18,0.0,0.92,0.4
BM-sheet_1-7001,beam,0.36,0.0,1.84,0.8
BM-sheet_1-7002,beam,0.18,0.0,0.92,0.4
BM-sheet_1-7003,beam,0.36,0.0,1.84,0.8
BM-sheet_1-7004,beam,0.216,0.0,0.96,0.4
BM-sheet_1-7005,beam,0.432,0.0,1.92,0.8
BM-sheet_1-7006,beam,0.216,0.0,0.96,0.4
BM-sheet_1-7007,beam,0.432,0.0,1.92,0.8
BM-sheet_1-7008,beam,0.128,0.0,0.8,0.4
BM-sheet_1-7009,beam,0.256,0.0,1.6,0.8
BM-sheet_1-7010,beam,0.128,0.0,0.8,0.4
BM-sheet_1-7011,beam,0.256,0.0,1.6,0.8
BM-sheet_1-7012,beam,0.128,0.0,0.8,0.4
BM-sheet_1-7013,beam,0.256,0.0,1.6,0.8
BM-sheet_1-7014,beam,0.128,0.0,0.8,0.4
BM-sheet_1-7015,beam,0.256,0.0,1.6,0.8
BM-sheet_1-7016,beam,0.252,0.0,1.0,0.4
BM-sheet_1-7017,beam,0.256,0.0,1.6,0.8
BM-sheet_1-7018,beam,0.252,0.0,1.0,0.4
BM-sheet_1-7019,beam,0.504,0.0,2.0,0.8
BM-sheet_1-7020,beam,0.216,0.0,0.96,0.4
BM-sheet_1-7021,beam,0.432,0.0,1.92,0.8
BM-sheet_1-7022,beam,0.216,0.0,0.96,0.4
BM-sheet_1-7023,beam,0.432,0.0,1.92,0.8
BM-sheet_1-7024,beam,0.128,0.0,0.8,0.4
BM-sheet_1-7025,beam,0.256,0.0,1.6,0.8
BM-sheet_1-7026,beam,0.128,0.0,0.8,0.4
BM-sheet_1-7027,beam,0.256,0.0,1.6,0.8
BM-sheet_1-7028,beam,0.128,0.0,0.8,0.4
BM-sheet_1-7029,beam,0.256,0.0,1.6,0.8
BM-sheet_1-7030,beam,0.128,0.0,0.8,0.4
BM-sheet_1-7031,beam,0.256,0.0,1.6,0.8
BM-sheet_1-7032,beam,0.128,0.0,0.8,0.4
BM-sheet_1-7033,beam,0.256,0.0,1.6,0.8
BM-sheet_1-7034,beam,0.128,0.0,0.8,0.4
BM-sheet_1-7035,beam,0.256,0.0,1.6,0.8
BM-sheet_1-7036,beam,0.128,0.0,0.8,0.4
BM-sheet_1-7037,beam,0.256,0.0,1.6,0.8
BM-sheet_1-7038,beam,0.128,0.0,0.8,0.4
BM-sheet_1-7039,beam,0.256,0.0,1.6,0.8
BM-sheet_1-7040,beam,0.216,0.0,0.96,0.4
BM-sheet_1-7041,beam,0.432,0.0,1.92,0.8
BM-sheet_1-7042,beam,0.216,0.0,0.96,0.4
BM-sheet_1-7043,beam,0.432,0.0,1.92,0.8
BM-sheet_1-7044,beam,0.128,0.0,0.8,0.4
BM-sheet_1-7045,beam,0.256,0.0,1.6,0.8
BM-sheet_1-7046,beam,0.128,0.0,0.8,0.4
BM-sheet_1-7047,beam,0.256,0.0,1.6,0.8
BM-sheet_1-7048,beam,0.252,0.0,1.0,0.4
BM-sheet_1-7049,beam,0.504,0.0,2.0,0.8
BM-sheet_1-7050,beam,0.252,0.0,1.0,0.4
BM-sheet_1-7051,beam,0.504,0.0,2.0,0.8
BM-sheet_1-7052,beam,0.128,0.0,0.8,0.4
BM-sheet_1-7053,beam,0.256,0.0,1.6,0.8
BM-sheet_1-7054,beam,0.128,0.0,0.8,0.4
BM-sheet_1-7055,beam,0.256,0.0,1.6,0.8
BM-sheet_1-7056,beam,0.128,0.0,0.8,0.4
BM-sheet_1-7057,beam,0.256,0.0,1.6,0.8
BM-sheet_1-7058,beam,0.128,0.0,0.8,0.4
BM-sheet_1-7059,beam,0.256,0.0,1.6,0.8
BM-sheet_1-7060,beam,0.252,0.0,1.0,0.4
BM-sheet_1-7061,beam,0.504,0.0,2.0,0.8
BM-sheet_1-7062,beam,0.252,0.0,1.0,0.4
BM-sheet_1-7063,beam,0.504,0.0,2.0,0.8
BM-sheet_1-7064,beam,0.18,0.0,0.92,0.4
BM-sheet_1-7065,beam,0.36,0.0,1.84,0.8
BM-sheet_1-7066,beam,0.18,0.0,0.92,0.4
BM-sheet_1-7067,beam,0.36,0.0,1.84,0.8
BM-sheet_1-7068,beam,0.18,0.0,0.92,0.4
BM-sheet_1-7069,beam,0.36,0.0,1.84,0.8
BM-sheet_1-7070,beam,0.18,0.0,0.92,0.4
BM-sheet_1-7071,beam,0.36,0.0,1.84,0.8
BM-sheet_1-7072,beam,0.252,0.0,1.0,0.4
BM-sheet_1-7073,beam,0.504,0.0,2.0,0.8
BM-sheet_1-7074,beam,0.252,0.0,1.0,0.4
BM-sheet_1-7075,beam,0.504,0.0,2.0,0.8
BM-sheet_1-7076,beam,0.128,0.0,0.8,0.4
BM-sheet_1-7077,beam,0.256,0.0,1.6,0.8
BM-sheet_1-7078,beam,0.128,0.0,0.8,0.4
BM-sheet_1-7079,beam,0.256,0.0,1.6,0.8
BM-sheet_1-7080,beam,0.128,0.0,0.8,0.4
BM-sheet_1-7081,beam,0.256,0.0,1.6,0.8
BM-sheet_1-7082,beam,0.128,0.0,0.8,0.4
BM-sheet_1-7083,beam,0.256,0.0,1.6,0.8
BM-sheet_1-7084,beam,0.252,0.0,1.0,0.4
BM-sheet_1-7085,beam,0.504,0.0,2.0,0.8
BM-sheet_1-7086,beam,0.252,0.0,1.0,0.4
BM-sheet_1-7087,beam,0.504,0.0,2.0,0.8
BM-sheet_1-7088,beam,0.216,0.0,0.96,0.4
BM-sheet_1-7089,beam,0.432,0.0,1.92,0.8
BM-sheet_1-7090,beam,0.216,0.0,0.96,0.4
BM-sheet_1-7091,beam,0.432,0.0,1.92,0.8
BM-sheet_1-7092,beam,0.128,0.0,0.8,0.4
BM-sheet_1-7093,beam,0.256,0.0,1.6,0.8
BM-sheet_1-7094,beam,0.128,0.0,0.8,0.4
BM-sheet_1-7095,beam,0.36,0.0,1.84,0.8
BM-sheet_1-7096,beam,0.216,0.0,0.96,0.4
BM-sheet_1-7097,beam,0.432,0.0,1.92,0.8
BM-sheet_1-7098,beam,0.216,0.0,0.96,0.4
BM-sheet_1-7099,beam,0.432,0.0,1.92,0.8
BM-sheet_1-7100,beam,0.128,0.0,0.8,0.4
BM-sheet_1-7101,beam,0.256,0.0,1.6,0.8
BM-sheet_1-7102,beam,0.128,0.0,0.8,0.4
BM-sheet_1-7103,beam,0.256,0.0,1.6,0.8
BM-sheet_1-7104,beam,0.128,0.0,0.8,0.4
BM-sheet_1-7105,beam,0.256,0.0,1.6,0.8
BM-sheet_1-7106,beam,0.128,0.0,0.8,0.4
BM-sheet_1-7107,beam,0.256,0.0,1.6,0.8
BM-sheet_1-7108,beam,0.128,0.0,0.8,0.4
BM-sheet_1-7109,beam,0.256,0.0,1.6,0.8
BM-sheet_1-7110,beam,0.128,0.0,0.8,0.4
BM-sheet_1-7111,beam,0.256,0.0,1.6,0.8
BM-sheet_1-7112,beam,0.128,0.0,0.8,0.4
BM-sheet_1-7113,beam,0.256,0.0,1.6,0.8
BM-sheet_1-7114,beam,0.128,0.0,0.8,0.4
BM-sheet_1-7115,beam,0.256,0.0,1.6,0.8
BM-sheet_1-7116,beam,0.128,0.0,0.8,0.4
BM-sheet_1-7117,beam,0.256,0.0,1.6,0.8
BM-sheet_1-7118,beam,0.128,0.0,0.8,0.4
BM-sheet_1-7119,beam,0.256,0.0,1.6,0.8
BM-sheet_1-7120,beam,0.288,0.0,1.04,0.4
BM-sheet_1-7121,beam,0.576,0.0,2.08,0.8
BM-sheet_1-7122,beam,0.288,0.0,1.04,0.4
BM-sheet_1-7123,beam,0.576,0.0,2.08,0.8
BM-sheet_1-7124,beam,0.288,0.0,1.04,0.4
BM-sheet_1-7125,beam,0.576,0.0,2.08,0.8
BM-sheet_1-7126,beam,0.252,0.0,1.0,0.4
BM-sheet_1-7127,beam,0.576,0.0,2.08,0.8
BM-sheet_1-7128,beam,0.128,0.0,0.8,0.4
BM-sheet_1-7129,beam,0.256,0.0,1.6,0.8
BM-sheet_1-7130,beam,0.128,0.0,0.8,0.4
BM-sheet_1-7131,beam,0.256,0.0,1.6,0.8
BM-sheet_1-7132,beam,0.18,0.0,0.92,0.4
BM-sheet_1-7133,beam,0.36,0.0,1.84,0.8
BM-sheet_1-7134,beam,0.18,0.0,0.92,0.4
BM-sheet_1-7135,beam,0.36,0.0,1.84,0.8
BM-sheet_1-7136,beam,0.128,0.0,0.8,0.4
BM-sheet_1-7137,beam,0.256,0.0,1.6,0.8
BM-sheet_1-7138,beam,0.128,0.0,0.8,0.4
BM-sheet_1-7139,beam,0.256,0.0,1.6,0.8
BM-sheet_1-7140,beam,0.216,0.0,0.96,0.4
BM-sheet_1-7141,beam,0.432,0.0,1.92,0.8
BM-sheet_1-7142,beam,0.216,0.0,0.96,0.4
BM-sheet_1-7143,beam,0.432,0.0,1.92,0.8
BM-sheet_1-7144,beam,0.128,0.0,0.8,0.4
BM-sheet_1-7145,beam,0.256,0.0,1.6,0.8
BM-sheet_1-7146,beam,0.128,0.0,0.8,0.4
BM-sheet_1-7147,beam,0.256,0.0,1.6,0.8
BM-sheet_1-7148,beam,0.128,0.0,0.8,0.4
BM-sheet_1-7149,beam,0.256,0.0,1.6,0.8
BM-sheet_1-7150,beam,0.128,0.0,0.8,0.4
BM-sheet_1-7151,beam,0.256,0.0,1.6,0.8
BM-sheet_1-7152,beam,0.128,0.0,0.8,0.4
BM-sheet_1-7153,beam,0.256,0.0,1.6,0.8
BM-sheet_1-7154,beam,0.128,0.0,0.8,0.4
BM-sheet_1-7155,beam,0.256,0.0,1.6,0.8
BM-sheet_1-7156,beam,0.128,0.0,0.8,0.4
BM-sheet_1-7157,beam,0.256,0.0,1.6,0.8
BM-sheet_1-7158,beam,0.128,0.0,0.8,0.4
BM-sheet_1-7159,beam,0.256,0.0,1.6,0.8
BM-sheet_1-7160,beam,0.16,0.0,1.0,0.5
BM-sheet_1-7161,beam,0.224,0.0,1.4,0.7
BM-sheet_1-7162,beam,0.16,0.0,1.0,0.5
BM-sheet_1-7163,beam,0.224,0.0,1.4,0.7
BM-sheet_1-7164,beam,0.18,0.0,0.92,0.4
BM-sheet_1-7165,beam,0.36,0.0,1.84,0.8
BM-sheet_1-7166,beam,0.18,0.0,0.92,0.4
BM-sheet_1-7167,beam,0.36,0.0,1.84,0.8
BM-sheet_1-7168,beam,0.216,0.0,0.96,0.4
BM-sheet_1-7169,beam,0.432,0.0,1.92,0.8
BM-sheet_1-7170,beam,0.216,0.0,0.96,0.4
BM-sheet_1-7171,beam,0.432,0.0,1.92,0.8
BM-sheet_1-7172,beam,0.216,0.0,0.96,0.4
BM-sheet_1-7173,beam,0.432,0.0,1.92,0.8
BM-sheet_1-7174,beam,0.216,0.0,0.96,0.4
BM-sheet_1-7175,beam,0.432,0.0,1.92,0.8
BM-sheet_1-7176,beam,0.18,0.0,0.92,0.4
BM-sheet_1-7177,beam,0.36,0.0,1.84,0.8
BM-sheet_1-7178,beam,0.18,0.0,0.92,0.4
BM-sheet_1-7179,beam,0.36,0.0,1.84,0.8
BM-sheet_1-7180,beam,0.18,0.0,0.92,0.4
BM-sheet_1-7181,beam,0.36,0.0,1.84,0.8
BM-sheet_1-7182,beam,0.18,0.0,0.92,0.4
BM-sheet_1-7183,beam,0.36,0.0,1.84,0.8
BM-sheet_1-7184,beam,0.18,0.0,0.92,0.4
BM-sheet_1-7185,beam,0.36,0.0,1.84,0.8
BM-sheet_1-7186,beam,0.252,0.0,1.0,0.4
BM-sheet_1-7187,beam,0.36,0.0,1.84,0.8
BM-sheet_1-7188,beam,0.18,0.0,0.92,0.4
BM-sheet_1-7189,beam,0.36,0.0,1.84,0.8
BM-sheet_1-7190,beam,0.252,0.0,1.0,0.4
BM-sheet_1-7191,beam,0.36,0.0,1.84,0.8
BM-sheet_1-7192,beam,0.18,0.0,0.92,0.4
BM-sheet_1-7193,beam,0.36,0.0,1.84,0.8
BM-sheet_1-7194,beam,0.252,0.0,1.0,0.4
BM-sheet_1-7195,beam,0.36,0.0,1.84,0.8
BM-sheet_1-7196,beam,0.252,0.0,1.0,0.4
BM-sheet_1-7197,beam,0.504,0.0,2.0,0.8
BM-sheet_1-7198,beam,0.252,0.0,1.0,0.4
BM-sheet_1-7199,beam,0.504,0.0,2.0,0.8
BM-sheet_1-7200,beam,0.252,0.0,1.0,0.4
BM-sheet_1-7201,beam,0.864,0.0,2.4,0.8
BM-sheet_1-7202,beam,0.432,0.0,1.2,0.4
BM-sheet_1-7203,beam,0.864,0.0,2.4,0.8
BM-sheet_1-7204,beam,0.252,0.0,1.0,0.4
BM-sheet_1-7205,beam,0.864,0.0,2.4,0.8
BM-sheet_1-7206,beam,0.432,0.0,1.2,0.4
BM-sheet_1-7207,beam,0.864,0.0,2.4,0.8
BM-sheet_1-7208,beam,0.252,0.0,1.0,0.4
BM-sheet_1-7209,beam,0.864,0.0,2.4,0.8
BM-sheet_1-7210,beam,0.432,0.0,1.2,0.4
BM-sheet_1-7211,beam,0.864,0.0,2.4,0.8
BM-sheet_1-7212,beam,0.18,0.0,0.92,0.4
BM-sheet_1-7213,beam,0.36,0.0,1.84,0.8
BM-sheet_1-7214,beam,0.18,0.0,0.92,0.4
BM-sheet_1-7215,beam,0.36,0.0,1.84,0.8
BM-sheet_1-7216,beam,0.216,0.0,0.96,0.4
BM-sheet_1-7217,beam,0.432,0.0,1.92,0.8
BM-sheet_1-7218,beam,0.18,0.0,0.92,0.4
BM-sheet_1-7219,beam,0.36,0.0,1.84,0.8
BM-sheet_1-7220,beam,0.216,0.0,0.96,0.4
BM-sheet_1-7221,beam,0.432,0.0,1.92,0.8
BM-sheet_1-7222,beam,0.216,0.0,0.96,0.4
BM-sheet_1-7223,beam,0.432,0.0,1.92,0.8
BM-sheet_1-7224,beam,0.216,0.0,0.96,0.4
BM-sheet_1-7225,beam,0.432,0.0,1.92,0.8
BM-sheet_1-7226,beam,0.216,0.0,0.96,0.4
BM-sheet_1-7227,beam,0.432,0.0,1.92,0.8
BM-sheet_1-7228,beam,0.216,0.0,0.96,0.4
BM-sheet_1-7229,beam,0.432,0.0,1.92,0.8
BM-sheet_1-7230,beam,0.216,0.0,0.96,0.4
BM-sheet_1-7231,beam,0.432,0.0,1.92,0.8
BM-sheet_1-7232,beam,0.18,0.0,0.92,0.4
BM-sheet_1-7233,beam,0.36,0.0,1.84,0.8
BM-sheet_1-7234,beam,0.18,0.0,0.92,0.4
BM-sheet_1-7235,beam,0.36,0.0,1.84,0.8
BM-sheet_1-7236,beam,0.18,0.0,0.92,0.4
BM-sheet_1-7237,beam,0.36,0.0,1.84,0.8
BM-sheet_1-7238,beam,0.18,0.0,0.92,0.4
BM-sheet_1-7239,beam,0.36,0.0,1.84,0.8
BM-sheet_1-7240,beam,0.216,0.0,0.96,0.4
BM-sheet_1-7241,beam,0.432,0.0,1.92,0.8
BM-sheet_1-7242,beam,0.216,0.0,0.96,0.4
BM-sheet_1-7243,beam,0.432,0.0,1.92,0.8
BM-sheet_1-7244,beam,0.18,0.0,0.92,0.4
BM-sheet_1-7245,beam,0.36,0.0,1.84,0.8
BM-sheet_1-7246,beam,0.18,0.0,0.92,0.4
BM-sheet_1-7247,beam,0.36,0.0,1.84,0.8
BM-sheet_1-7248,beam,0.18,0.0,0.92,0.4
BM-sheet_1-7249,beam,0.36,0.0,1.84,0.8
BM-sheet_1-7250,beam,0.18,0.0,0.92,0.4
BM-sheet_1-7251,beam,0.36,0.0,1.84,0.8
BM-sheet_1-7252,beam,0.18,0.0,0.92,0.4
BM-sheet_1-7253,beam,0.36,0.0,1.84,0.8
BM-sheet_1-7254,beam,0.18,0.0,0.92,0.4
BM-sheet_1-7255,beam,0.36,0.0,1.84,0.8
BM-sheet_1-7256,beam,0.18,0.0,0.92,0.4
BM-sheet_1-7257,beam,0.36,0.0,1.84,0.8
BM-sheet_1-7258,beam,0.18,0.0,0.92,0.4
BM-sheet_1-7259,beam,0.36,0.0,1.84,0.8
BM-sheet_1-7260,beam,0.18,0.0,0.92,0.4
BM-sheet_1-7261,beam,0.36,0.0,1.84,0.8
BM-sheet_1-7262,beam,0.18,0.0,0.92,0.4
BM-sheet_1-7263,beam,0.36,0.0,1.84,0.8
BM-sheet_1-7264,beam,0.18,0.0,0.92,0.4
BM-sheet_1-7265,beam,0.36,0.0,1.84,0.8
BM-sheet_1-7266,beam,0.18,0.0,0.92,0.4
BM-sheet_1-7267,beam,0.36,0.0,1.84,0.8
BM-sheet_1-7268,beam,0.18,0.0,0.92,0.4
BM-sheet_1-7269,beam,0.36,0.0,1.84,0.8
BM-sheet_1-7270,beam,0.18,0.0,0.92,0.4
BM-sheet_1-7271,beam,0.36,0.0,1.84,0.8
BM-sheet_1-7272,beam,0.252,0.0,1.0,0.4
BM-sheet_1-7273,beam,0.504,0.0,2.0,0.8
BM-sheet_1-7274,beam,0.252,0.0,1.0,0.4
BM-sheet_1-7275,beam,0.504,0.0,2.0,0.8
BM-sheet_1-7276,beam,0.18,0.0,0.92,0.4
BM-sheet_1-7277,beam,0.36,0.0,1.84,0.8
BM-sheet_1-7278,beam,0.18,0.0,0.92,0.4
BM-sheet_1-7279,beam,0.36,0.0,1.84,0.8
BM-sheet_1-7280,beam,0.252,0.0,1.0,0.4
BM-sheet_1-7281,beam,0.504,0.0,2.0,0.8
BM-sheet_1-7282,beam,0.252,0.0,1.0,0.4
BM-sheet_1-7283,beam,0.504,0.0,2.0,0.8
BM-sheet_1-7284,beam,0.252,0.0,1.0,0.4
BM-sheet_1-7285,beam,0.504,0.0,2.0,0.8
BM-sheet_1-7286,beam,0.252,0.0,1.0,0.4
BM-sheet_1-7287,beam,0.504,0.0,2.0,0.8
BM-sheet_1-7288,beam,0.252,0.0,1.0,0.4
BM-sheet_1-7289,beam,0.504,0.0,2.0,0.8
BM-sheet_1-7290,beam,0.252,0.0,1.0,0.4
BM-sheet_1-7291,beam,0.504,0.0,2.0,0.8
BM-sheet_1-7292,beam,0.216,0.0,0.96,0.4
BM-sheet_1-7293,beam,0.432,0.0,1.92,0.8
BM-sheet_1-7294,beam,0.216,0.0,0.96,0.4
BM-sheet_1-7295,beam,0.432,0.0,1.92,0.8
BM-sheet_1-7296,beam,0.216,0.0,0.96,0.4
BM-sheet_1-7297,beam,0.432,0.0,1.92,0.8
BM-sheet_1-7298,beam,0.216,0.0,0.96,0.4
BM-sheet_1-7299,beam,0.432,0.0,1.92,0.8
BM-sheet_1-7300,beam,0.252,0.0,1.0,0.4
BM-sheet_1-7301,beam,0.504,0.0,2.0,0.8
BM-sheet_1-7302,beam,0.252,0.0,1.0,0.4
BM-sheet_1-7303,beam,0.504,0.0,2.0,0.8
BM-sheet_1-7304,beam,0.252,0.0,1.0,0.4
BM-sheet_1-7305,beam,0.432,0.0,1.92,0.8
BM-sheet_1-7306,beam,0.216,0.0,0.96,0.4
BM-sheet_1-7307,beam,0.432,0.0,1.92,0.8
BM-sheet_1-7308,beam,0.216,0.0,0.96,0.4
BM-sheet_1-7309,beam,0.432,0.0,1.92,0.8
BM-sheet_1-7310,beam,0.216,0.0,0.96,0.4
BM-sheet_1-7311,beam,0.432,0.0,1.92,0.8
BM-sheet_1-7312,beam,0.18,0.0,0.92,0.4
BM-sheet_1-7313,beam,0.36,0.0,1.84,0.8
BM-sheet_1-7314,beam,0.324,0.0,1.08,0.4
BM-sheet_1-7315,beam,0.648,0.0,2.16,0.8
BM-sheet_1-7316,beam,0.252,0.0,1.0,0.4
BM-sheet_1-7317,beam,0.504,0.0,2.0,0.8
BM-sheet_1-7318,beam,0.252,0.0,1.0,0.4
BM-sheet_1-7319,beam,0.504,0.0,2.0,0.8
BM-sheet_1-7320,beam,0.252,0.0,1.0,0.4
BM-sheet_1-7321,beam,0.504,0.0,2.0,0.8
BM-sheet_1-7322,beam,0.252,0.0,1.0,0.4
BM-sheet_1-7323,beam,0.504,0.0,2.0,0.8
BM-sheet_1-7324,beam,0.128,0.0,0.8,0.4
BM-sheet_1-7325,beam,0.256,0.0,1.6,0.8
BM-sheet_1-7326,beam,0.128,0.0,0.8,0.4
BM-sheet_1-7327,beam,0.256,0.0,1.6,0.8
BM-sheet_1-7328,beam,0.216,0.0,0.96,0.4
BM-sheet_1-7329,beam,0.432,0.0,1.92,0.8
BM-sheet_1-7330,beam,0.216,0.0,0.96,0.4
BM-sheet_1-7331,beam,0.432,0.0,1.92,0.8
BM-sheet_1-7332,beam,0.216,0.0,0.96,0.4
BM-sheet_1-7333,beam,0.432,0.0,1.92,0.8
BM-sheet_1-7334,beam,0.216,0.0,0.96,0.4
BM-sheet_1-7335,beam,0.432,0.0,1.92,0.8
BM-sheet_1-7336,beam,0.252,0.0,1.0,0.4
BM-sheet_1-7337,beam,0.504,0.0,2.0,0.8
BM-sheet_1-7338,beam,0.252,0.0,1.0,0.4
BM-sheet_1-7339,beam,0.504,0.0,2.0,0.8
BM-sheet_1-7340,beam,0.18,0.0,0.92,0.4
BM-sheet_1-7341,beam,0.36,0.0,1.84,0.8
BM-sheet_1-7342,beam,0.18,0.0,0.92,0.4
BM-sheet_1-7343,beam,0.36,0.0,1.84,0.8
BM-sheet_1-7344,beam,0.216,0.0,0.96,0.4
BM-sheet_1-7345,beam,0.432,0.0,1.92,0.8
BM-sheet_1-7346,beam,0.216,0.0,0.96,0.4
BM-sheet_1-7347,beam,0.432,0.0,1.92,0.8
BM-sheet_1-7348,beam,0.288,0.0,1.04,0.4
BM-sheet_1-7349,beam,0.576,0.0,2.08,0.8
BM-sheet_1-7350,beam,0.288,0.0,1.04,0.4
BM-sheet_1-7351,beam,0.576,0.0,2.08,0.8
BM-sheet_1-7352,beam,0.216,0.0,0.96,0.4
BM-sheet_1-7353,beam,0.432,0.0,1.92,0.8
BM-sheet_1-7354,beam,0.216,0.0,0.96,0.4
BM-sheet_1-7355,beam,0.432,0.0,1.92,0.8
BM-sheet_1-7356,beam,0.288,0.0,1.04,0.4
BM-sheet_1-7357,beam,0.576,0.0,2.08,0.8
BM-sheet_1-7358,beam,0.288,0.0,1.04,0.4
BM-sheet_1-7359,beam,0.576,0.0,2.08,0.8
BM-sheet_1-7360,beam,0.252,0.0,1.0,0.4
BM-sheet_1-7361,beam,0.504,0.0,2.0,0.8
BM-sheet_1-7362,beam,0.252,0.0,1.0,0.4
BM-sheet_1-7363,beam,0.504,0.0,2.0,0.8
BM-sheet_1-7364,beam,0.128,0.0,0.8,0.4
BM-sheet_1-7365,beam,0.256,0.0,1.6,0.8
BM-sheet_1-7366,beam,0.128,0.0,0.8,0.4
BM-sheet_1-7367,beam,0.256,0.0,1.6,0.8
BM-sheet_1-7368,beam,0.252,0.0,1.0,0.4
BM-sheet_1-7369,beam,0.504,0.0,2.0,0.8
BM-sheet_1-7370,beam,0.252,0.0,1.0,0.4
BM-sheet_1-7371,beam,0.504,0.0,2.0,0.8
BM-sheet_1-7372,beam,0.252,0.0,1.0,0.4
BM-sheet_1-7373,beam,0.504,0.0,2.0,0.8
BM-sheet_1-7374,beam,0.252,0.0,1.0,0.4
BM-sheet_1-7375,beam,0.504,0.0,2.0,0.8
BM-sheet_1-7376,beam,0.18,0.0,0.92,0.4
BM-sheet_1-7377,beam,0.36,0.0,1.84,0.8
BM-sheet_1-7378,beam,0.18,0.0,0.92,0.4
BM-sheet_1-7379,beam,0.36,0.0,1.84,0.8
BM-sheet_1-7380,beam,0.18,0.0,0.92,0.4
BM-sheet_1-7381,beam,0.36,0.0,1.84,0.8
BM-sheet_1-7382,beam,0.18,0.0,0.92,0.4
BM-sheet_1-7383,beam,0.36,0.0,1.84,0.8
BM-sheet_1-7384,beam,0.252,0.0,1.0,0.4
BM-sheet_1-7385,beam,0.504,0.0,2.0,0.8
BM-sheet_1-7386,beam,0.252,0.0,1.0,0.4
BM-sheet_1-7387,beam,0.504,0.0,2.0,0.8
BM-sheet_1-7388,beam,0.252,0.0,1.0,0.4
BM-sheet_1-7389,beam,0.504,0.0,2.0,0.8
BM-sheet_1-7390,beam,0.252,0.0,1.0,0.4
BM-sheet_1-7391,beam,0.504,0.0,2.0,0.8
BM-sheet_1-7392,beam,0.18,0.0,0.92,0.4
BM-sheet_1-7393,beam,0.36,0.0,1.84,0.8
BM-sheet_1-7394,beam,0.252,0.0,1.0,0.4
BM-sheet_1-7395,beam,0.36,0.0,1.84,0.8
BM-sheet_1-7396,beam,0.18,0.0,0.92,0.4
BM-sheet_1-7397,beam,0.72,0.0,2.24,0.8
BM-sheet_1-7398,beam,0.36,0.0,1.12,0.4
BM-sheet_1-7399,beam,0.72,0.0,2.24,0.8
BM-sheet_1-7400,beam,0.252,0.0,1.0,0.4
BM-sheet_1-7401,beam,0.504,0.0,2.0,0.8
BM-sheet_1-7402,beam,0.252,0.0,1.0,0.4
BM-sheet_1-7403,beam,0.504,0.0,2.0,0.8
BM-sheet_1-7404,beam,0.252,0.0,1.0,0.4
BM-sheet_1-7405,beam,0.504,0.0,2.0,0.8
BM-sheet_1-7406,beam,0.252,0.0,1.0,0.4
BM-sheet_1-7407,beam,0.504,0.0,2.0,0.8
BM-sheet_1-7408,beam,0.18,0.0,0.92,0.4
BM-sheet_1-7409,beam,0.36,0.0,1.84,0.8
BM-sheet_1-7410,beam,0.18,0.0,0.92,0.4
BM-sheet_1-7411,beam,0.36,0.0,1.84,0.8
BM-sheet_1-7412,beam,0.432,0.0,1.2,0.4
BM-sheet_1-7413,beam,0.864,0.0,2.4,0.8
BM-sheet_1-7414,beam,0.216,0.0,0.96,0.4
BM-sheet_1-7415,beam,0.432,0.0,1.92,0.8
BM-sheet_1-7416,beam,0.3465,0.0,1.375,0.55
BM-sheet_1-7417,beam,0.504,0.0,2.0,0.8
BM-sheet_1-7418,beam,0.3465,0.0,1.375,0.55
BM-sheet_1-7419,beam,0.504,0.0,2.0,0.8
BM-sheet_1-7420,beam,0.16,0.0,1.0,0.5
BM-sheet_1-7421,beam,0.224,0.0,1.4,0.7
BM-sheet_1-7422,beam,0.16,0.0,1.0,0.5
BM-sheet_1-7423,beam,0.224,0.0,1.4,0.7
BM-sheet_1-7424,beam,0.16,0.0,1.0,0.5
BM-sheet_1-7425,beam,0.224,0.0,1.4,0.7
BM-sheet_1-7426,beam,0.16,0.0,1.0,0.5
BM-sheet_1-7427,beam,0.224,0.0,1.4,0.7
BM-sheet_1-7428,beam,0.16,0.0,1.0,0.5
BM-sheet_1-7429,beam,0.224,0.0,1.4,0.7
BM-sheet_1-7430,beam,0.16,0.0,1.0,0.5
BM-sheet_1-7431,beam,0.224,0.0,1.4,0.7
BM-sheet_1-7432,beam,0.16,0.0,1.0,0.5
BM-sheet_1-7433,beam,0.224,0.0,1.4,0.7
BM-sheet_1-7434,beam,0.16,0.0,1.0,0.5
BM-sheet_1-7435,beam,0.224,0.0,1.4,0.7
BM-sheet_1-7436,beam,0.16,0.0,1.0,0.5
BM-sheet_1-7437,beam,0.224,0.0,1.4,0.7
BM-sheet_1-7438,beam,0.16,0.0,1.0,0.5
BM-sheet_1-7439,beam,0.224,0.0,1.4,0.7
BM-sheet_1-7440,beam,0.16,0.0,1.0,0.5
BM-sheet_1-7441,beam,0.224,0.0,1.4,0.7
BM-sheet_1-7442,beam,0.16,0.0,1.0,0.5
BM-sheet_1-7443,beam,0.224,0.0,1.4,0.7
BM-sheet_1-7444,beam,0.16,0.0,1.0,0.5
BM-sheet_1-7445,beam,0.224,0.0,1.4,0.7
BM-sheet_1-7446,beam,0.16,0.0,1.0,0.5
BM-sheet_1-7447,beam,0.224,0.0,1.4,0.7
BM-sheet_1-7448,beam,0.16,0.0,1.0,0.5
BM-sheet_1-7449,beam,0.224,0.0,1.4,0.7
BM-sheet_1-7450,beam,0.16,0.0,1.0,0.5
BM-sheet_1-7451,beam,0.224,0.0,1.4,0.7
BM-sheet_1-7452,beam,0.16,0.0,1.0,0.5
BM-sheet_1-7453,beam,0.224,0.0,1.4,0.7
BM-sheet_1-7454,beam,0.16,0.0,1.0,0.5
BM-sheet_1-7455,beam,0.224,0.0,1.4,0.7
BM-sheet_1-7456,beam,0.16,0.0,1.0,0.5
BM-sheet_1-7457,beam,0.224,0.0,1.4,0.7
BM-sheet_1-7458,beam,0.16,0.0,1.0,0.5
BM-sheet_1-7459,beam,0.224,0.0,1.4,0.7
BM-sheet_1-7460,beam,0.16,0.0,1.0,0.5
BM-sheet_1-7461,beam,0.224,0.0,1.4,0.7
BM-sheet_1-7462,beam,0.16,0.0,1.0,0.5
BM-sheet_1-7463,beam,0.224,0.0,1.4,0.7
BM-sheet_1-7464,beam,0.16,0.0,1.0,0.5
BM-sheet_1-7465,beam,0.224,0.0,1.4,0.7
BM-sheet_1-7466,beam,0.16,0.0,1.0,0.5
BM-sheet_1-7467,beam,0.224,0.0,1.4,0.7
BM-sheet_1-7468,beam,0.16,0.0,1.0,0.5
BM-sheet_1-7469,beam,0.224,0.0,1.4,0.7
BM-sheet_1-7470,beam,0.16,0.0,1.0,0.5
BM-sheet_1-7471,beam,0.224,0.0,1.4,0.7
BM-sheet_1-7472,beam,0.16,0.0,1.0,0.5
BM-sheet_1-7473,beam,0.224,0.0,1.4,0.7
BM-sheet_1-7474,beam,0.16,0.0,1.0,0.5
BM-sheet_1-7475,beam,0.224,0.0,1.4,0.7
BM-sheet_1-7476,beam,0.16,0.0,1.0,0.5
BM-sheet_1-7477,beam,0.224,0.0,1.4,0.7
BM-sheet_1-7478,beam,0.16,0.0,1.0,0.5
BM-sheet_1-7479,beam,0.224,0.0,1.4,0.7
BM-sheet_1-7480,beam,0.16,0.0,1.0,0.5
BM-sheet_1-7481,beam,0.224,0.0,1.4,0.7
BM-sheet_1-7482,beam,0.16,0.0,1.0,0.5
BM-sheet_1-7483,beam,0.224,0.0,1.4,0.7
BM-sheet_1-7484,beam,0.128,0.0,0.8,0.4
BM-sheet_1-7485,beam,0.256,0.0,1.6,0.8
BM-sheet_1-7486,beam,0.128,0.0,0.8,0.4
BM-sheet_1-7487,beam,0.256,0.0,1.6,0.8
BM-sheet_1-7488,beam,0.128,0.0,0.8,0.4
BM-sheet_1-7489,beam,0.256,0.0,1.6,0.8
BM-sheet_1-7490,beam,0.128,0.0,0.8,0.4
BM-sheet_1-7491,beam,0.256,0.0,1.6,0.8
BM-sheet_1-7492,beam,0.128,0.0,0.8,0.4
BM-sheet_1-7493,beam,0.648,0.0,2.16,0.8
BM-sheet_1-7494,beam,0.324,0.0,1.08,0.4
BM-sheet_1-7495,beam,0.648,0.0,2.16,0.8
BM-sheet_1-7496,beam,0.128,0.0,0.8,0.4
BM-sheet_1-7497,beam,0.256,0.0,1.6,0.8
BM-sheet_1-7498,beam,0.128,0.0,0.8,0.4
BM-sheet_1-7499,beam,0.256,0.0,1.6,0.8
BM-sheet_1-7500,beam,0.128,0.0,0.8,0.4
BM-sheet_1-7501,beam,0.256,0.0,1.6,0.8
BM-sheet_1-7502,beam,0.128,0.0,0.8,0.4
BM-sheet_1-7503,beam,0.256,0.0,1.6,0.8
BM-sheet_1-7504,beam,0.252,0.0,1.0,0.4
BM-sheet_1-7505,beam,0.504,0.0,2.0,0.8
BM-sheet_1-7506,beam,0.252,0.0,1.0,0.4
BM-sheet_1-7507,beam,0.504,0.0,2.0,0.8
BM-sheet_1-7508,beam,0.128,0.0,0.8,0.4
BM-sheet_1-7509,beam,0.256,0.0,1.6,0.8
BM-sheet_1-7510,beam,0.128,0.0,0.8,0.4
BM-sheet_1-7511,beam,0.256,0.0,1.6,0.8
BM-sheet_1-7512,beam,0.128,0.0,0.8,0.4
BM-sheet_1-7513,beam,0.256,0.0,1.6,0.8
BM-sheet_1-7514,beam,0.128,0.0,0.8,0.4
BM-sheet_1-7515,beam,0.256,0.0,1.6,0.8
BM-sheet_1-7516,beam,0.18,0.0,0.92,0.4
BM-sheet_1-7517,beam,0.36,0.0,1.84,0.8
BM-sheet_1-7518,beam,0.18,0.0,0.92,0.4
BM-sheet_1-7519,beam,0.36,0.0,1.84,0.8
BM-sheet_1-7520,beam,0.128,0.0,0.8,0.4
BM-sheet_1-7521,beam,0.256,0.0,1.6,0.8
BM-sheet_1-7522,beam,0.128,0.0,0.8,0.4
BM-sheet_1-7523,beam,0.256,0.0,1.6,0.8
BM-sheet_1-7524,beam,0.18,0.0,0.92,0.4
BM-sheet_1-7525,beam,0.36,0.0,1.84,0.8
BM-sheet_1-7526,beam,0.18,0.0,0.92,0.4
BM-sheet_1-7527,beam,0.36,0.0,1.84,0.8
BM-sheet_1-7528,beam,0.18,0.0,0.92,0.4
BM-sheet_1-7529,beam,0.36,0.0,1.84,0.8
BM-sheet_1-7530,beam,0.18,0.0,0.92,0.4
BM-sheet_1-7531,beam,0.36,0.0,1.84,0.8
BM-sheet_1-7532,beam,0.18,0.0,0.92,0.4
BM-sheet_1-7533,beam,0.36,0.0,1.84,0.8
BM-sheet_1-7534,beam,0.18,0.0,0.92,0.4
BM-sheet_1-7535,beam,0.36,0.0,1.84,0.8
BM-sheet_1-7536,beam,0.216,0.0,0.96,0.4
BM-sheet_1-7537,beam,0.432,0.0,1.92,0.8
BM-sheet_1-7538,beam,0.216,0.0,0.96,0.4
BM-sheet_1-7539,beam,0.432,0.0,1.92,0.8
BM-sheet_1-7540,beam,0.128,0.0,0.8,0.4
BM-sheet_1-7541,beam,0.256,0.0,1.6,0.8
BM-sheet_1-7542,beam,0.128,0.0,0.8,0.4
BM-sheet_1-7543,beam,0.256,0.0,1.6,0.8
BM-sheet_1-7544,beam,0.216,0.0,0.96,0.4
BM-sheet_1-7545,beam,0.432,0.0,1.92,0.8
BM-sheet_1-7546,beam,0.216,0.0,0.96,0.4
BM-sheet_1-7547,beam,0.432,0.0,1.92,0.8
BM-sheet_1-7548,beam,0.216,0.0,0.96,0.4
BM-sheet_1-7549,beam,0.432,0.0,1.92,0.8
BM-sheet_1-7550,beam,0.216,0.0,0.96,0.4
BM-sheet_1-7551,beam,0.432,0.0,1.92,0.8
BM-sheet_1-7552,beam,0.128,0.0,0.8,0.4
BM-sheet_1-7553,beam,0.256,0.0,1.6,0.8
BM-sheet_1-7554,beam,0.128,0.0,0.8,0.4
BM-sheet_1-7555,beam,0.256,0.0,1.6,0.8
BM-sheet_1-7556,beam,0.252,0.0,1.0,0.4
BM-sheet_1-7557,beam,0.504,0.0,2.0,0.8
BM-sheet_1-7558,beam,0.252,0.0,1.0,0.4
BM-sheet_1-7559,beam,0.504,0.0,2.0,0.8
BM-sheet_1-7560,beam,0.128,0.0,0.8,0.4
BM-sheet_1-7561,beam,0.256,0.0,1.6,0.8
BM-sheet_1-7562,beam,0.128,0.0,0.8,0.4
BM-sheet_1-7563,beam,0.256,0.0,1.6,0.8
BM-sheet_1-7564,beam,0.128,0.0,0.8,0.4
BM-sheet_1-7565,beam,0.256,0.0,1.6,0.8
BM-sheet_1-7566,beam,0.128,0.0,0.8,0.4
BM-sheet_1-7567,beam,0.256,0.0,1.6,0.8
BM-sheet_1-7568,beam,0.128,0.0,0.8,0.4
BM-sheet_1-7569,beam,0.256,0.0,1.6,0.8
BM-sheet_1-7570,beam,0.128,0.0,0.8,0.4
BM-sheet_1-7571,beam,0.256,0.0,1.6,0.8
BM-sheet_1-7572,beam,0.324,0.0,1.08,0.4
BM-sheet_1-7573,beam,0.648,0.0,2.16,0.8
BM-sheet_1-7574,beam,0.324,0.0,1.08,0.4
BM-sheet_1-7575,beam,0.648,0.0,2.16,0.8
BM-sheet_1-7576,beam,0.252,0.0,1.0,0.4
BM-sheet_1-7577,beam,0.256,0.0,1.6,0.8
BM-sheet_1-7578,beam,0.252,0.0,1.0,0.4
BM-sheet_1-7579,beam,0.504,0.0,2.0,0.8
BM-sheet_1-7580,beam,0.128,0.0,0.8,0.4
BM-sheet_1-7581,beam,0.256,0.0,1.6,0.8
BM-sheet_1-7582,beam,0.128,0.0,0.8,0.4
BM-sheet_1-7583,beam,0.256,0.0,1.6,0.8
BM-sheet_1-7584,beam,0.128,0.0,0.8,0.4
BM-sheet_1-7585,beam,0.256,0.0,1.6,0.8
BM-sheet_1-7586,beam,0.128,0.0,0.8,0.4
BM-sheet_1-7587,beam,0.256,0.0,1.6,0.8
BM-sheet_1-7588,beam,0.252,0.0,1.0,0.4
BM-sheet_1-7589,beam,0.504,0.0,2.0,0.8
BM-sheet_1-7590,beam,0.252,0.0,1.0,0.4
BM-sheet_1-7591,beam,0.504,0.0,2.0,0.8
BM-sheet_1-7592,beam,0.216,0.0,0.96,0.4
BM-sheet_1-7593,beam,0.432,0.0,1.92,0.8
BM-sheet_1-7594,beam,0.216,0.0,0.96,0.4
BM-sheet_1-7595,beam,0.432,0.0,1.92,0.8
BM-sheet_1-7596,beam,0.18,0.0,0.92,0.4
BM-sheet_1-7597,beam,0.36,0.0,1.84,0.8
BM-sheet_1-7598,beam,0.18,0.0,0.92,0.4
BM-sheet_1-7599,beam,0.36,0.0,1.84,0.8
BM-sheet_1-7600,beam,0.252,0.0,1.0,0.4
BM-sheet_1-7601,beam,0.504,0.0,2.0,0.8
BM-sheet_1-7602,beam,0.252,0.0,1.0,0.4
BM-sheet_1-7603,beam,0.504,0.0,2.0,0.8
BM-sheet_1-7604,beam,0.252,0.0,1.0,0.4
BM-sheet_1-7605,beam,0.504,0.0,2.0,0.8
BM-sheet_1-7606,beam,0.252,0.0,1.0,0.4
BM-sheet_1-7607,beam,0.504,0.0,2.0,0.8
BM-sheet_1-7608,beam,0.16,0.0,1.0,0.5
BM-sheet_1-7609,beam,0.224,0.0,1.4,0.7
BM-sheet_1-7610,beam,0.16,0.0,1.0,0.5
BM-sheet_1-7611,beam,0.224,0.0,1.4,0.7
BM-sheet_1-7612,beam,0.216,0.0,0.96,0.4
BM-sheet_1-7613,beam,0.504,0.0,2.0,0.8
BM-sheet_1-7614,beam,0.252,0.0,1.0,0.4
BM-sheet_1-7615,beam,0.504,0.0,2.0,0.8
BM-sheet_1-7616,beam,0.252,0.0,1.0,0.4
BM-sheet_1-7617,beam,0.504,0.0,2.0,0.8
BM-sheet_1-7618,beam,0.252,0.0,1.0,0.4
BM-sheet_1-7619,beam,0.504,0.0,2.0,0.8
BM-sheet_1-7620,beam,0.252,0.0,1.0,0.4
BM-sheet_1-7621,beam,0.504,0.0,2.0,0.8
BM-sheet_1-7622,beam,0.252,0.0,1.0,0.4
BM-sheet_1-7623,beam,0.504,0.0,2.0,0.8
BM-sheet_1-7624,beam,0.18,0.0,0.92,0.4
BM-sheet_1-7625,beam,0.36,0.0,1.84,0.8
BM-sheet_1-7626,beam,0.18,0.0,0.92,0.4
BM-sheet_1-7627,beam,0.36,0.0,1.84,0.8
BM-sheet_1-7628,beam,0.18,0.0,0.92,0.4
BM-sheet_1-7629,beam,0.36,0.0,1.84,0.8
BM-sheet_1-7630,beam,0.18,0.0,0.92,0.4
BM-sheet_1-7631,beam,0.36,0.0,1.84,0.8
BM-sheet_1-7632,beam,0.128,0.0,0.8,0.4
BM-sheet_1-7633,beam,0.256,0.0,1.6,0.8
BM-sheet_1-7634,beam,0.128,0.0,0.8,0.4
BM-sheet_1-7635,beam,0.256,0.0,1.6,0.8
BM-sheet_1-7636,beam,0.128,0.0,0.8,0.4
BM-sheet_1-7637,beam,0.256,0.0,1.6,0.8
BM-sheet_1-7638,beam,0.128,0.0,0.8,0.4
BM-sheet_1-7639,beam,0.256,0.0,1.6,0.8
BM-sheet_1-7640,beam,0.18,0.0,0.92,0.4
BM-sheet_1-7641,beam,0.36,0.0,1.84,0.8
BM-sheet_1-7642,beam,0.18,0.0,0.92,0.4
BM-sheet_1-7643,beam,0.36,0.0,1.84,0.8
BM-sheet_1-7644,beam,0.18,0.0,0.92,0.4
BM-sheet_1-7645,beam,0.36,0.0,1.84,0.8
BM-sheet_1-7646,beam,0.18,0.0,0.92,0.4
BM-sheet_1-7647,beam,0.36,0.0,1.84,0.8
BM-sheet_1-7648,beam,0.288,0.0,1.04,0.4
BM-sheet_1-7649,beam,0.576,0.0,2.08,0.8
BM-sheet_1-7650,beam,0.288,0.0,1.04,0.4
BM-sheet_1-7651,beam,0.576,0.0,2.08,0.8
BM-sheet_1-7652,beam,0.288,0.0,1.04,0.4
BM-sheet_1-7653,beam,0.576,0.0,2.08,0.8
BM-sheet_1-7654,beam,0.288,0.0,1.04,0.4
BM-sheet_1-7655,beam,0.576,0.0,2.08,0.8
BM-sheet_1-7656,beam,0.288,0.0,1.04,0.4
BM-sheet_1-7657,beam,0.576,0.0,2.08,0.8
BM-sheet_1-7658,beam,0.288,0.0,1.04,0.4
BM-sheet_1-7659,beam,0.576,0.0,2.08,0.8
BM-sheet_1-7660,beam,0.128,0.0,0.8,0.4
BM-sheet_1-7661,beam,0.256,0.0,1.6,0.8
BM-sheet_1-7662,beam,0.128,0.0,0.8,0.4
BM-sheet_1-7663,beam,0.256,0.0,1.6,0.8
BM-sheet_1-7664,beam,0.128,0.0,0.8,0.4
BM-sheet_1-7665,beam,0.256,0.0,1.6,0.8
BM-sheet_1-7666,beam,0.128,0.0,0.8,0.4
BM-sheet_1-7667,beam,0.256,0.0,1.6,0.8
BM-sheet_1-7668,beam,0.16,0.0,1.0,0.5
BM-sheet_1-7669,beam,0.224,0.0,1.4,0.7
BM-sheet_1-7670,beam,0.16,0.0,1.0,0.5
BM-sheet_1-7671,beam,0.224,0.0,1.4,0.7
BM-sheet_1-7672,beam,0.16,0.0,1.0,0.5
BM-sheet_1-7673,beam,0.224,0.0,1.4,0.7
BM-sheet_1-7674,beam,0.16,0.0,1.0,0.5
BM-sheet_1-7675,beam,0.224,0.0,1.4,0.7
BM-sheet_1-7676,beam,0.16,0.0,1.0,0.5
BM-sheet_1-7677,beam,0.224,0.0,1.4,0.7
BM-sheet_1-7678,beam,0.16,0.0,1.0,0.5
BM-sheet_1-7679,beam,0.224,0.0,1.4,0.7
BM-sheet_1-7680,beam,0.128,0.0,0.8,0.4
BM-sheet_1-7681,beam,0.256,0.0,1.6,0.8
BM-sheet_1-7682,beam,0.128,0.0,0.8,0.4
BM-sheet_1-7683,beam,0.256,0.0,1.6,0.8
BM-sheet_1-7684,beam,0.128,0.0,0.8,0.4
BM-sheet_1-7685,beam,0.256,0.0,1.6,0.8
BM-sheet_1-7686,beam,0.128,0.0,0.8,0.4
BM-sheet_1-7687,beam,0.256,0.0,1.6,0.8
BM-sheet_1-7688,beam,0.18,0.0,0.92,0.4
BM-sheet_1-7689,beam,0.36,0.0,1.84,0.8
BM-sheet_1-7690,beam,0.18,0.0,0.92,0.4
BM-sheet_1-7691,beam,0.36,0.0,1.84,0.8
BM-sheet_1-7692,beam,0.18,0.0,0.92,0.4
BM-sheet_1-7693,beam,0.36,0.0,1.84,0.8
BM-sheet_1-7694,beam,0.18,0.0,0.92,0.4
BM-sheet_1-7695,beam,0.36,0.0,1.84,0.8
BM-sheet_1-7696,beam,0.18,0.0,0.92,0.4
BM-sheet_1-7697,beam,0.36,0.0,1.84,0.8
BM-sheet_1-7698,beam,0.18,0.0,0.92,0.4
BM-sheet_1-7699,beam,0.36,0.0,1.84,0.8
BM-sheet_1-7700,beam,0.128,0.0,0.8,0.4
BM-sheet_1-7701,beam,0.256,0.0,1.6,0.8
BM-sheet_1-7702,beam,0.128,0.0,0.8,0.4
BM-sheet_1-7703,beam,0.256,0.0,1.6,0.8
BM-sheet_1-7704,beam,0.396,0.0,1.16,0.4
BM-sheet_1-7705,beam,0.567,0.0,2.25,0.9
BM-sheet_1-7706,beam,0.252,0.0,1.0,0.4
BM-sheet_1-7707,beam,0.891,0.0,2.61,0.9
BM-sheet_1-7708,beam,0.18,0.0,0.92,0.4
BM-sheet_1-7709,beam,0.36,0.0,1.84,0.8
BM-sheet_1-7710,beam,0.18,0.0,0.92,0.4
BM-sheet_1-7711,beam,0.36,0.0,1.84,0.8
BM-sheet_1-7712,beam,0.128,0.0,0.8,0.4
BM-sheet_1-7713,beam,0.256,0.0,1.6,0.8
BM-sheet_1-7714,beam,0.128,0.0,0.8,0.4
BM-sheet_1-7715,beam,0.256,0.0,1.6,0.8
BM-sheet_1-7716,beam,0.16,0.0,1.0,0.5
BM-sheet_1-7717,beam,0.224,0.0,1.4,0.7
BM-sheet_1-7718,beam,0.16,0.0,1.0,0.5
BM-sheet_1-7719,beam,0.224,0.0,1.4,0.7
BM-sheet_1-7720,beam,0.128,0.0,0.8,0.4
BM-sheet_1-7721,beam,0.256,0.0,1.6,0.8
BM-sheet_1-7722,beam,0.128,0.0,0.8,0.4
BM-sheet_1-7723,beam,0.256,0.0,1.6,0.8
BM-sheet_1-7724,beam,0.18,0.0,0.92,0.4
BM-sheet_1-7725,beam,0.36,0.0,1.84,0.8
BM-sheet_1-7726,beam,0.18,0.0,0.92,0.4
BM-sheet_1-7727,beam,0.36,0.0,1.84,0.8
BM-sheet_1-7728,beam,0.18,0.0,0.92,0.4
BM-sheet_1-7729,beam,0.36,0.0,1.84,0.8
BM-sheet_1-7730,beam,0.18,0.0,0.92,0.4
BM-sheet_1-7731,beam,0.36,0.0,1.84,0.8
BM-sheet_1-7732,beam,0.324,0.0,1.08,0.4
BM-sheet_1-7733,beam,0.648,0.0,2.16,0.8
BM-sheet_1-7734,beam,0.324,0.0,1.08,0.4
BM-sheet_1-7735,beam,0.648,0.0,2.16,0.8
BM-sheet_1-7736,beam,0.324,0.0,1.08,0.4
BM-sheet_1-7737,beam,0.648,0.0,2.16,0.8
BM-sheet_1-7738,beam,0.324,0.0,1.08,0.4
BM-sheet_1-7739,beam,0.648,0.0,2.16,0.8
BM-sheet_1-7740,beam,0.18,0.0,0.92,0.4
BM-sheet_1-7741,beam,0.36,0.0,1.84,0.8
BM-sheet_1-7742,beam,0.18,0.0,0.92,0.4
BM-sheet_1-7743,beam,0.36,0.0,1.84,0.8
BM-sheet_1-7744,beam,0.18,0.0,0.92,0.4
BM-sheet_1-7745,beam,0.36,0.0,1.84,0.8
BM-sheet_1-7746,beam,0.18,0.0,0.92,0.4
BM-sheet_1-7747,beam,0.36,0.0,1.84,0.8
BM-sheet_1-7748,beam,0.18,0.0,0.92,0.4
BM-sheet_1-7749,beam,0.36,0.0,1.84,0.8
BM-sheet_1-7750,beam,0.18,0.0,0.92,0.4
BM-sheet_1-7751,beam,0.36,0.0,1.84,0.8
BM-sheet_1-7752,beam,0.18,0.0,0.92,0.4
BM-sheet_1-7753,beam,0.36,0.0,1.84,0.8
BM-sheet_1-7754,beam,0.18,0.0,0.92,0.4
BM-sheet_1-7755,beam,0.36,0.0,1.84,0.8
BM-sheet_1-7756,beam,0.18,0.0,0.92,0.4
BM-sheet_1-7757,beam,0.36,0.0,1.84,0.8
BM-sheet_1-7758,beam,0.18,0.0,0.92,0.4
BM-sheet_1-7759,beam,0.36,0.0,1.84,0.8
BM-sheet_1-7760,beam,0.324,0.0,1.08,0.4
BM-sheet_1-7761,beam,0.648,0.0,2.16,0.8
BM-sheet_1-7762,beam,0.324,0.0,1.08,0.4
BM-sheet_1-7763,beam,0.648,0.0,2.16,0.8
BM-sheet_1-7764,beam,0.324,0.0,1.08,0.4
BM-sheet_1-7765,beam,0.648,0.0,2.16,0.8
BM-sheet_1-7766,beam,0.324,0.0,1.08,0.4
BM-sheet_1-7767,beam,0.648,0.0,2.16,0.8
BM-sheet_1-7768,beam,0.128,0.0,0.8,0.4
BM-sheet_1-7769,beam,0.648,0.0,2.16,0.8
BM-sheet_1-7770,beam,0.324,0.0,1.08,0.4
BM-sheet_1-7771,beam,0.648,0.0,2.16,0.8
BM-sheet_1-7772,beam,0.128,0.0,0.8,0.4
BM-sheet_1-7773,beam,0.648,0.0,2.16,0.8
BM-sheet_1-7774,beam,0.324,0.0,1.08,0.4
BM-sheet_1-7775,beam,0.648,0.0,2.16,0.8
BM-sheet_1-7776,beam,0.128,0.0,0.8,0.4
BM-sheet_1-7777,beam,0.648,0.0,2.16,0.8
BM-sheet_1-7778,beam,0.324,0.0,1.08,0.4
BM-sheet_1-7779,beam,0.648,0.0,2.16,0.8
BM-sheet_1-7780,beam,0.128,0.0,0.8,0.4
BM-sheet_1-7781,beam,0.576,0.0,2.08,0.8
BM-sheet_1-7782,beam,0.288,0.0,1.04,0.4
BM-sheet_1-7783,beam,0.576,0.0,2.08,0.8
BM-sheet_1-7784,beam,0.128,0.0,0.8,0.4
BM-sheet_1-7785,beam,0.256,0.0,1.6,0.8
BM-sheet_1-7786,beam,0.128,0.0,0.8,0.4
BM-sheet_1-7787,beam,0.256,0.0,1.6,0.8
BM-sheet_1-7788,beam,0.18,0.0,0.92,0.4
BM-sheet_1-7789,beam,0.36,0.0,1.84,0.8
BM-sheet_1-7790,beam,0.18,0.0,0.92,0.4
BM-sheet_1-7791,beam,0.36,0.0,1.84,0.8
BM-sheet_1-7792,beam,0.252,0.0,1.0,0.4
BM-sheet_1-7793,beam,0.567,0.0,2.25,0.9
BM-sheet_1-7794,beam,0.252,0.0,1.0,0.4
BM-sheet_1-7795,beam,0.567,0.0,2.25,0.9
BM-sheet_1-7796,beam,0.16,0.0,1.0,0.5
BM-sheet_1-7797,beam,0.224,0.0,1.4,0.7
BM-sheet_1-7798,beam,0.16,0.0,1.0,0.5
BM-sheet_1-7799,beam,0.224,0.0,1.4,0.7
BM-sheet_1-7800,beam,0.16,0.0,1.0,0.5
BM-sheet_1-7801,beam,0.16,0.0,1.0,0.5
BM-sheet_1-7802,beam,0.16,0.0,1.0,0.5
BM-sheet_1-7803,beam,0.16,0.0,1.0,0.5
BM-sheet_1-7804,beam,0.16,0.0,1.0,0.5
BM-sheet_1-7805,beam,0.16,0.0,1.0,0.5
BM-sheet_1-7806,beam,0.16,0.0,1.0,0.5
BM-sheet_1-7807,beam,0.16,0.0,1.0,0.5
BM-sheet_1-7808,beam,0.16,0.0,1.0,0.5
BM-sheet_1-7809,beam,0.16,0.0,1.0,0.5
BM-sheet_1-7810,beam,0.16,0.0,1.0,0.5
BM-sheet_1-7811,beam,0.16,0.0,1.0,0.5
BM-sheet_1-7812,beam,0.224,0.0,1.4,0.7
BM-sheet_1-7813,beam,0.16,0.0,1.0,0.5
BM-sheet_1-7814,beam,0.224,0.0,1.4,0.7
BM-sheet_1-7815,beam,0.16,0.0,1.0,0.5
BM-sheet_1-7816,beam,0.224,0.0,1.4,0.7
BM-sheet_1-7817,beam,0.16,0.0,1.0,0.5
BM-sheet_1-7818,beam,0.224,0.0,1.4,0.7
BM-sheet_1-7819,beam,0.16,0.0,1.0,0.5
BM-sheet_1-7820,beam,0.224,0.0,1.4,0.7
BM-sheet_1-7821,beam,0.16,0.0,1.0,0.5
BM-sheet_1-7822,beam,0.224,0.0,1.4,0.7
BM-sheet_1-7823,beam,0.16,0.0,1.0,0.5
BM-sheet_1-7824,beam,0.224,0.0,1.4,0.7
BM-sheet_1-7825,beam,0.16,0.0,1.0,0.5
BM-sheet_1-7826,beam,0.224,0.0,1.4,0.7
BM-sheet_1-7827,beam,0.16,0.0,1.0,0.5
BM-sheet_1-7828,beam,0.224,0.0,1.4,0.7
BM-sheet_1-7829,beam,0.16,0.0,1.0,0.5
BM-sheet_1-7830,beam,0.224,0.0,1.4,0.7
BM-sheet_1-7831,beam,0.16,0.0,1.0,0.5
BM-sheet_1-7832,beam,0.224,0.0,1.4,0.7
BM-sheet_1-7833,beam,0.16,0.0,1.0,0.5
BM-sheet_1-7834,beam,0.224,0.0,1.4,0.7
BM-sheet_1-7835,beam,0.16,0.0,1.0,0.5
BM-sheet_1-7836,beam,0.224,0.0,1.4,0.7
BM-sheet_1-7837,beam,0.16,0.0,1.0,0.5
BM-sheet_1-7838,beam,0.224,0.0,1.4,0.7
BM-sheet_1-7839,beam,0.16,0.0,1.0,0.5
BM-sheet_1-7840,beam,0.224,0.0,1.4,0.7
BM-sheet_1-7841,beam,0.16,0.0,1.0,0.5
BM-sheet_1-7842,beam,0.224,0.0,1.4,0.7
BM-sheet_1-7843,beam,0.216,0.0,0.96,0.4
BM-sheet_1-7844,beam,0.432,0.0,1.92,0.8
BM-sheet_1-7845,beam,0.216,0.0,0.96,0.4
BM-sheet_1-7846,beam,0.432,0.0,1.92,0.8
BM-sheet_1-7847,beam,0.216,0.0,0.96,0.4
BM-sheet_1-7848,beam,0.432,0.0,1.92,0.8
BM-sheet_1-7849,beam,0.216,0.0,0.96,0.4
BM-sheet_1-7850,beam,0.432,0.0,1.92,0.8
BM-sheet_1-7851,beam,0.18,0.0,0.92,0.4
BM-sheet_1-7852,beam,0.36,0.0,1.84,0.8
BM-sheet_1-7853,beam,0.18,0.0,0.92,0.4
BM-sheet_1-7854,beam,0.36,0.0,1.84,0.8
BM-sheet_1-7855,beam,0.16,0.0,1.0,0.5
BM-sheet_1-7856,beam,0.224,0.0,1.4,0.7
BM-sheet_1-7857,beam,0.16,0.0,1.0,0.5
BM-sheet_1-7858,beam,0.224,0.0,1.4,0.7
BM-sheet_1-7859,beam,0.16,0.0,1.0,0.5
BM-sheet_1-7860,beam,0.224,0.0,1.4,0.7
BM-sheet_1-7861,beam,0.16,0.0,1.0,0.5
BM-sheet_1-7862,beam,0.224,0.0,1.4,0.7
BM-sheet_1-7863,beam,0.16,0.0,1.0,0.5
BM-sheet_1-7864,beam,0.224,0.0,1.4,0.7
BM-sheet_1-7865,beam,0.16,0.0,1.0,0.5
BM-sheet_1-7866,beam,0.224,0.0,1.4,0.7
BM-sheet_1-7867,beam,0.128,0.0,0.8,0.4
BM-sheet_1-7868,beam,0.256,0.0,1.6,0.8
BM-sheet_1-7869,beam,0.128,0.0,0.8,0.4
BM-sheet_1-7870,beam,0.256,0.0,1.6,0.8
BM-sheet_1-7871,beam,0.128,0.0,0.8,0.4
BM-sheet_1-7872,beam,0.256,0.0,1.6,0.8
BM-sheet_1-7873,beam,0.128,0.0,0.8,0.4
BM-sheet_1-7874,beam,0.256,0.0,1.6,0.8
BM-sheet_1-7875,beam,0.128,0.0,0.8,0.4
BM-sheet_1-7876,beam,0.256,0.0,1.6,0.8
BM-sheet_1-7877,beam,0.128,0.0,0.8,0.4
BM-sheet_1-7878,beam,0.256,0.0,1.6,0.8
BM-sheet_1-7879,beam,0.128,0.0,0.8,0.4
BM-sheet_1-7880,beam,0.256,0.0,1.6,0.8
BM-sheet_1-7881,beam,0.128,0.0,0.8,0.4
BM-sheet_1-7882,beam,0.256,0.0,1.6,0.8
BM-sheet_1-7883,beam,0.18,0.0,0.92,0.4
BM-sheet_1-7884,beam,0.36,0.0,1.84,0.8
BM-sheet_1-7885,beam,0.18,0.0,0.92,0.4
BM-sheet_1-7886,beam,0.36,0.0,1.84,0.8
BM-sheet_1-7887,beam,0.128,0.0,0.8,0.4
BM-sheet_1-7888,beam,0.36,0.0,1.84,0.8
BM-sheet_1-7889,beam,0.18,0.0,0.92,0.4
BM-sheet_1-7890,beam,0.36,0.0,1.84,0.8
BM-sheet_1-7891,beam,0.18,0.0,0.92,0.4
BM-sheet_1-7892,beam,0.36,0.0,1.84,0.8
BM-sheet_1-7893,beam,0.18,0.0,0.92,0.4
BM-sheet_1-7894,beam,0.36,0.0,1.84,0.8
BM-sheet_1-7895,beam,0.18,0.0,0.92,0.4
BM-sheet_1-7896,beam,0.36,0.0,1.84,0.8
BM-sheet_1-7897,beam,0.18,0.0,0.92,0.4
BM-sheet_1-7898,beam,0.36,0.0,1.84,0.8
BM-sheet_1-7899,beam,0.128,0.0,0.8,0.4
BM-sheet_1-7900,beam,0.256,0.0,1.6,0.8
BM-sheet_1-7901,beam,0.128,0.0,0.8,0.4
BM-sheet_1-7902,beam,0.256,0.0,1.6,0.8
BM-sheet_1-7903,beam,0.396,0.0,1.16,0.4
BM-sheet_1-7904,beam,0.792,0.0,2.32,0.8
BM-sheet_1-7905,beam,0.396,0.0,1.16,0.4
BM-sheet_1-7906,beam,0.792,0.0,2.32,0.8
BM-sheet_1-7907,beam,0.252,0.0,1.0,0.4
BM-sheet_1-7908,beam,0.504,0.0,2.0,0.8
BM-sheet_1-7909,beam,0.252,0.0,1.0,0.4
BM-sheet_1-7910,beam,0.504,0.0,2.0,0.8
BM-sheet_1-7911,beam,0.16,0.0,1.0,0.5
BM-sheet_1-7912,beam,0.224,0.0,1.4,0.7
BM-sheet_1-7913,beam,0.16,0.0,1.0,0.5
BM-sheet_1-7914,beam,0.224,0.0,1.4,0.7
BM-sheet_1-7915,beam,0.16,0.0,1.0,0.5
BM-sheet_1-7916,beam,0.224,0.0,1.4,0.7
BM-sheet_1-7917,beam,0.16,0.0,1.0,0.5
BM-sheet_1-7918,beam,0.224,0.0,1.4,0.7
BM-sheet_1-7919,beam,0.16,0.0,1.0,0.5
BM-sheet_1-7920,beam,0.224,0.0,1.4,0.7
BM-sheet_1-7921,beam,0.16,0.0,1.0,0.5
BM-sheet_1-7922,beam,0.224,0.0,1.4,0.7
BM-sheet_1-7923,beam,0.216,0.0,0.96,0.4
BM-sheet_1-7924,beam,0.432,0.0,1.92,0.8
BM-sheet_1-7925,beam,0.216,0.0,0.96,0.4
BM-sheet_1-7926,beam,0.432,0.0,1.92,0.8
BM-sheet_1-7927,beam,0.18,0.0,0.92,0.4
BM-sheet_1-7928,beam,0.36,0.0,1.84,0.8
BM-sheet_1-7929,beam,0.18,0.0,0.92,0.4
BM-sheet_1-7930,beam,0.36,0.0,1.84,0.8
BM-sheet_1-7931,beam,0.18,0.0,0.92,0.4
BM-sheet_1-7932,beam,0.36,0.0,1.84,0.8
BM-sheet_1-7933,beam,0.18,0.0,0.92,0.4
BM-sheet_1-7934,beam,0.36,0.0,1.84,0.8
BM-sheet_1-7935,beam,0.252,0.0,1.0,0.4
BM-sheet_1-7936,beam,0.504,0.0,2.0,0.8
BM-sheet_1-7937,beam,0.252,0.0,1.0,0.4
BM-sheet_1-7938,beam,0.504,0.0,2.0,0.8
BM-sheet_1-7939,beam,0.18,0.0,0.92,0.4
BM-sheet_1-7940,beam,0.36,0.0,1.84,0.8
BM-sheet_1-7941,beam,0.18,0.0,0.92,0.4
BM-sheet_1-7942,beam,0.36,0.0,1.84,0.8
BM-sheet_1-7943,beam,0.18,0.0,0.92,0.4
BM-sheet_1-7944,beam,0.36,0.0,1.84,0.8
BM-sheet_1-7945,beam,0.18,0.0,0.92,0.4
BM-sheet_1-7946,beam,0.36,0.0,1.84,0.8
BM-sheet_1-7947,beam,0.252,0.0,1.0,0.4
BM-sheet_1-7948,beam,0.567,0.0,2.25,0.9
BM-sheet_1-7949,beam,0.36,0.0,1.12,0.4
BM-sheet_1-7950,beam,0.81,0.0,2.52,0.9
BM-sheet_1-7951,beam,0.315,0.0,1.25,0.5
BM-sheet_1-7952,beam,0.504,0.0,2.0,0.8
BM-sheet_1-7953,beam,0.16,0.0,1.0,0.5
BM-sheet_1-7954,beam,0.504,0.0,2.0,0.8
BM-sheet_1-7955,beam,0.252,0.0,1.0,0.4
BM-sheet_1-7956,beam,0.504,0.0,2.0,0.8
BM-sheet_1-7957,beam,0.252,0.0,1.0,0.4
BM-sheet_1-7958,beam,0.504,0.0,2.0,0.8
BM-sheet_1-7959,beam,0.432,0.0,1.2,0.4
BM-sheet_1-7960,beam,0.864,0.0,2.4,0.8
BM-sheet_1-7961,beam,0.432,0.0,1.2,0.4
BM-sheet_1-7962,beam,0.864,0.0,2.4,0.8
BM-sheet_1-7963,beam,0.288,0.0,1.04,0.4
BM-sheet_1-7964,beam,0.576,0.0,2.08,0.8
BM-sheet_1-7965,beam,0.288,0.0,1.04,0.4
BM-sheet_1-7966,beam,0.576,0.0,2.08,0.8
BM-sheet_1-7967,beam,0.252,0.0,1.0,0.4
BM-sheet_1-7968,beam,0.504,0.0,2.0,0.8
BM-sheet_1-7969,beam,0.252,0.0,1.0,0.4
BM-sheet_1-7970,beam,0.504,0.0,2.0,0.8
BM-sheet_1-7971,beam,0.18,0.0,0.92,0.4
BM-sheet_1-7972,beam,0.36,0.0,1.84,0.8
BM-sheet_1-7973,beam,0.18,0.0,0.92,0.4
BM-sheet_1-7974,beam,0.36,0.0,1.84,0.8
BM-sheet_1-7975,beam,0.252,0.0,1.0,0.4
BM-sheet_1-7976,beam,0.504,0.0,2.0,0.8
BM-sheet_1-7977,beam,0.252,0.0,1.0,0.4
BM-sheet_1-7978,beam,0.504,0.0,2.0,0.8
BM-sheet_1-7979,beam,0.324,0.0,1.08,0.4
BM-sheet_1-7980,beam,0.648,0.0,2.16,0.8
BM-sheet_1-7981,beam,0.324,0.0,1.08,0.4
BM-sheet_1-7982,beam,0.648,0.0,2.16,0.8
BM-sheet_1-7983,beam,0.396,0.0,1.16,0.4
BM-sheet_1-7984,beam,0.504,0.0,2.0,0.8
BM-sheet_1-7985,beam,0.252,0.0,1.0,0.4
BM-sheet_1-7986,beam,0.504,0.0,2.0,0.8
BM-sheet_1-7987,beam,0.252,0.0,1.0,0.4
BM-sheet_1-7988,beam,0.504,0.0,2.0,0.8
BM-sheet_1-7989,beam,0.252,0.0,1.0,0.4
BM-sheet_1-7990,beam,0.504,0.0,2.0,0.8
BM-sheet_1-7991,beam,0.128,0.0,0.8,0.4
BM-sheet_1-7992,beam,0.256,0.0,1.6,0.8
BM-sheet_1-7993,beam,0.128,0.0,0.8,0.4
BM-sheet_1-7994,beam,0.256,0.0,1.6,0.8
BM-sheet_1-7995,beam,0.252,0.0,1.0,0.4
BM-sheet_1-7996,beam,0.504,0.0,2.0,0.8
BM-sheet_1-7997,beam,0.252,0.0,1.0,0.4
BM-sheet_1-7998,beam,0.504,0.0,2.0,0.8
BM-sheet_1-7999,beam,0.252,0.0,1.0,0.4
BM-sheet_1-8000,beam,0.504,0.0,2.0,0.8
BM-sheet_1-8001,beam,0.252,0.0,1.0,0.4
BM-sheet_1-8002,beam,0.504,0.0,2.0,0.8
BM-sheet_1-8003,beam,0.288,0.0,1.04,0.4
BM-sheet_1-8004,beam,0.576,0.0,2.08,0.8
BM-sheet_1-8005,beam,0.288,0.0,1.04,0.4
BM-sheet_1-8006,beam,0.576,0.0,2.08,0.8
BM-sheet_1-8007,beam,0.288,0.0,1.04,0.4
BM-sheet_1-8008,beam,0.576,0.0,2.08,0.8
BM-sheet_1-8009,beam,0.288,0.0,1.04,0.4
BM-sheet_1-8010,beam,0.576,0.0,2.08,0.8
BM-sheet_1-8011,beam,0.128,0.0,0.8,0.4
BM-sheet_1-8012,beam,0.256,0.0,1.6,0.8
BM-sheet_1-8013,beam,0.128,0.0,0.8,0.4
BM-sheet_1-8014,beam,0.256,0.0,1.6,0.8
BM-sheet_1-8015,beam,0.18,0.0,0.92,0.4
BM-sheet_1-8016,beam,0.36,0.0,1.84,0.8
BM-sheet_1-8017,beam,0.18,0.0,0.92,0.4
BM-sheet_1-8018,beam,0.36,0.0,1.84,0.8
BM-sheet_1-8019,beam,0.128,0.0,0.8,0.4
BM-sheet_1-8020,beam,0.256,0.0,1.6,0.8
BM-sheet_1-8021,beam,0.128,0.0,0.8,0.4
BM-sheet_1-8022,beam,0.256,0.0,1.6,0.8
BM-sheet_1-8023,beam,0.128,0.0,0.8,0.4
BM-sheet_1-8024,beam,0.256,0.0,1.6,0.8
BM-sheet_1-8025,beam,0.128,0.0,0.8,0.4
BM-sheet_1-8026,beam,0.256,0.0,1.6,0.8
BM-sheet_1-8027,beam,0.128,0.0,0.8,0.4
BM-sheet_1-8028,beam,0.256,0.0,1.6,0.8
BM-sheet_1-8029,beam,0.128,0.0,0.8,0.4
BM-sheet_1-8030,beam,0.256,0.0,1.6,0.8
BM-sheet_1-8031,beam,0.216,0.0,0.96,0.4
BM-sheet_1-8032,beam,0.432,0.0,1.92,0.8
BM-sheet_1-8033,beam,0.216,0.0,0.96,0.4
BM-sheet_1-8034,beam,0.432,0.0,1.92,0.8
BM-sheet_1-8035,beam,0.252,0.0,1.0,0.4
BM-sheet_1-8036,beam,0.504,0.0,2.0,0.8
BM-sheet_1-8037,beam,0.252,0.0,1.0,0.4
BM-sheet_1-8038,beam,0.504,0.0,2.0,0.8
BM-sheet_1-8039,beam,0.128,0.0,0.8,0.4
BM-sheet_1-8040,beam,0.256,0.0,1.6,0.8
BM-sheet_1-8041,beam,0.128,0.0,0.8,0.4
BM-sheet_1-8042,beam,0.256,0.0,1.6,0.8
BM-sheet_1-8043,beam,0.18,0.0,0.92,0.4
BM-sheet_1-8044,beam,0.36,0.0,1.84,0.8
BM-sheet_1-8045,beam,0.18,0.0,0.92,0.4
BM-sheet_1-8046,beam,0.36,0.0,1.84,0.8
BM-sheet_1-8047,beam,0.18,0.0,0.92,0.4
BM-sheet_1-8048,beam,0.36,0.0,1.84,0.8
BM-sheet_1-8049,beam,0.18,0.0,0.92,0.4
BM-sheet_1-8050,beam,0.36,0.0,1.84,0.8
BM-sheet_1-8051,beam,0.252,0.0,1.0,0.4
BM-sheet_1-8052,beam,0.504,0.0,2.0,0.8
BM-sheet_1-8053,beam,0.252,0.0,1.0,0.4
BM-sheet_1-8054,beam,0.504,0.0,2.0,0.8
BM-sheet_1-8055,beam,0.252,0.0,1.0,0.4
BM-sheet_1-8056,beam,0.504,0.0,2.0,0.8
BM-sheet_1-8057,beam,0.252,0.0,1.0,0.4
BM-sheet_1-8058,beam,0.504,0.0,2.0,0.8
BM-sheet_1-8059,beam,0.128,0.0,0.8,0.4
BM-sheet_1-8060,beam,0.256,0.0,1.6,0.8
BM-sheet_1-8061,beam,0.128,0.0,0.8,0.4
BM-sheet_1-8062,beam,0.256,0.0,1.6,0.8
BM-sheet_1-8063,beam,0.128,0.0,0.8,0.4
BM-sheet_1-8064,beam,0.256,0.0,1.6,0.8
BM-sheet_1-8065,beam,0.128,0.0,0.8,0.4
BM-sheet_1-8066,beam,0.256,0.0,1.6,0.8
BM-sheet_1-8067,beam,0.192,0.0,1.2,0.6
BM-sheet_1-8068,beam,0.32,0.0,2.0,1.0
BM-sheet_1-8069,beam,0.192,0.0,1.2,0.6
BM-sheet_1-8070,beam,0.32,0.0,2.0,1.0
BM-sheet_1-8071,beam,0.128,0.0,0.8,0.4
BM-sheet_1-8072,beam,0.256,0.0,1.6,0.8
BM-sheet_1-8073,beam,0.128,0.0,0.8,0.4
BM-sheet_1-8074,beam,0.256,0.0,1.6,0.8
BM-sheet_1-8075,beam,0.16,0.0,1.0,0.5
BM-sheet_1-8076,beam,0.224,0.0,1.4,0.7
BM-sheet_1-8077,beam,0.16,0.0,1.0,0.5
BM-sheet_1-8078,beam,0.224,0.0,1.4,0.7
BM-sheet_1-8079,beam,0.16,0.0,1.0,0.5
BM-sheet_1-8080,beam,0.288,0.0,1.8,0.9
BM-sheet_1-8081,beam,0.16,0.0,1.0,0.5
BM-sheet_1-8082,beam,0.288,0.0,1.8,0.9
BM-sheet_1-8083,beam,0.18,0.0,0.92,0.4
BM-sheet_1-8084,beam,0.36,0.0,1.84,0.8
BM-sheet_1-8085,beam,0.18,0.0,0.92,0.4
BM-sheet_1-8086,beam,0.504,0.0,2.0,0.8
BM-sheet_1-8087,beam,0.324,0.0,1.08,0.4
BM-sheet_1-8088,beam,0.36,0.0,1.84,0.8
BM-sheet_1-8089,beam,0.18,0.0,0.92,0.4
BM-sheet_1-8090,beam,0.648,0.0,2.16,0.8
BM-sheet_1-8091,beam,0.324,0.0,1.08,0.4
BM-sheet_1-8092,beam,0.36,0.0,1.84,0.8
BM-sheet_1-8093,beam,0.18,0.0,0.92,0.4
BM-sheet_1-8094,beam,0.648,0.0,2.16,0.8
BM-sheet_1-8095,beam,0.324,0.0,1.08,0.4
BM-sheet_1-8096,beam,0.36,0.0,1.84,0.8
BM-sheet_1-8097,beam,0.18,0.0,0.92,0.4
BM-sheet_1-8098,beam,0.648,0.0,2.16,0.8
BM-sheet_1-8099,beam,0.324,0.0,1.08,0.4
BM-sheet_1-8100,beam,0.36,0.0,1.84,0.8
BM-sheet_1-8101,beam,0.18,0.0,0.92,0.4
BM-sheet_1-8102,beam,0.648,0.0,2.16,0.8
BM-sheet_1-8103,beam,0.128,0.0,0.8,0.4
BM-sheet_1-8104,beam,0.256,0.0,1.6,0.8
BM-sheet_1-8105,beam,0.128,0.0,0.8,0.4
BM-sheet_1-8106,beam,0.256,0.0,1.6,0.8
BM-sheet_1-8107,beam,0.128,0.0,0.8,0.4
BM-sheet_1-8108,beam,0.256,0.0,1.6,0.8
BM-sheet_1-8109,beam,0.128,0.0,0.8,0.4
BM-sheet_1-8110,beam,0.256,0.0,1.6,0.8
BM-sheet_1-8111,beam,0.128,0.0,0.8,0.4
BM-sheet_1-8112,beam,0.256,0.0,1.6,0.8
BM-sheet_1-8113,beam,0.128,0.0,0.8,0.4
BM-sheet_1-8114,beam,0.256,0.0,1.6,0.8
BM-sheet_1-8115,beam,0.128,0.0,0.8,0.4
BM-sheet_1-8116,beam,0.256,0.0,1.6,0.8
BM-sheet_1-8117,beam,0.128,0.0,0.8,0.4
BM-sheet_1-8118,beam,0.256,0.0,1.6,0.8
BM-sheet_1-8119,beam,0.128,0.0,0.8,0.4
BM-sheet_1-8120,beam,0.256,0.0,1.6,0.8
BM-sheet_1-8121,beam,0.128,0.0,0.8,0.4
BM-sheet_1-8122,beam,0.256,0.0,1.6,0.8
BM-sheet_1-8123,beam,0.128,0.0,0.8,0.4
BM-sheet_1-8124,beam,0.256,0.0,1.6,0.8
BM-sheet_1-8125,beam,0.128,0.0,0.8,0.4
BM-sheet_1-8126,beam,0.256,0.0,1.6,0.8
BM-sheet_1-8127,beam,0.128,0.0,0.8,0.4
BM-sheet_1-8128,beam,0.256,0.0,1.6,0.8
BM-sheet_1-8129,beam,0.128,0.0,0.8,0.4
BM-sheet_1-8130,beam,0.256,0.0,1.6,0.8
BM-sheet_1-8131,beam,0.128,0.0,0.8,0.4
BM-sheet_1-8132,beam,0.256,0.0,1.6,0.8
BM-sheet_1-8133,beam,0.128,0.0,0.8,0.4
BM-sheet_1-8134,beam,0.256,0.0,1.6,0.8
BM-sheet_1-8135,beam,0.128,0.0,0.8,0.4
BM-sheet_1-8136,beam,0.256,0.0,1.6,0.8
BM-sheet_1-8137,beam,0.128,0.0,0.8,0.4
BM-sheet_1-8138,beam,0.256,0.0,1.6,0.8
BM-sheet_1-8139,beam,0.128,0.0,0.8,0.4
BM-sheet_1-8140,beam,0.256,0.0,1.6,0.8
BM-sheet_1-8141,beam,0.128,0.0,0.8,0.4
BM-sheet_1-8142,beam,0.256,0.0,1.6,0.8
BM-sheet_1-8143,beam,0.128,0.0,0.8,0.4
BM-sheet_1-8144,beam,0.256,0.0,1.6,0.8
BM-sheet_1-8145,beam,0.128,0.0,0.8,0.4
BM-sheet_1-8146,beam,0.256,0.0,1.6,0.8
BM-sheet_1-8147,beam,0.128,0.0,0.8,0.4
BM-sheet_1-8148,beam,0.256,0.0,1.6,0.8
BM-sheet_1-8149,beam,0.128,0.0,0.8,0.4
BM-sheet_1-8150,beam,0.256,0.0,1.6,0.8
BM-sheet_1-8151,beam,0.128,0.0,0.8,0.4
BM-sheet_1-8152,beam,0.256,0.0,1.6,0.8
BM-sheet_1-8153,beam,0.128,0.0,0.8,0.4
BM-sheet_1-8154,beam,0.256,0.0,1.6,0.8
BM-sheet_1-8155,beam,0.128,0.0,0.8,0.4
BM-sheet_1-8156,beam,0.256,0.0,1.6,0.8
BM-sheet_1-8157,beam,0.128,0.0,0.8,0.4
BM-sheet_1-8158,beam,0.256,0.0,1.6,0.8
BM-sheet_1-8159,beam,0.128,0.0,0.8,0.4
BM-sheet_1-8160,beam,0.256,0.0,1.6,0.8
BM-sheet_1-8161,beam,0.128,0.0,0.8,0.4
BM-sheet_1-8162,beam,0.256,0.0,1.6,0.8
BM-sheet_1-8163,beam,0.128,0.0,0.8,0.4
BM-sheet_1-8164,beam,0.256,0.0,1.6,0.8
BM-sheet_1-8165,beam,0.128,0.0,0.8,0.4
BM-sheet_1-8166,beam,0.256,0.0,1.6,0.8
BM-sheet_1-8167,beam,0.128,0.0,0.8,0.4
BM-sheet_1-8168,beam,0.256,0.0,1.6,0.8
BM-sheet_1-8169,beam,0.128,0.0,0.8,0.4
BM-sheet_1-8170,beam,0.256,0.0,1.6,0.8
BM-sheet_1-8171,beam,0.128,0.0,0.8,0.4
BM-sheet_1-8172,beam,0.256,0.0,1.6,0.8
BM-sheet_1-8173,beam,0.128,0.0,0.8,0.4
BM-sheet_1-8174,beam,0.256,0.0,1.6,0.8
BM-sheet_1-8175,beam,0.128,0.0,0.8,0.4
BM-sheet_1-8176,beam,0.256,0.0,1.6,0.8
BM-sheet_1-8177,beam,0.128,0.0,0.8,0.4
BM-sheet_1-8178,beam,0.256,0.0,1.6,0.8
BM-sheet_1-8179,beam,0.128,0.0,0.8,0.4
BM-sheet_1-8180,beam,0.256,0.0,1.6,0.8
BM-sheet_1-8181,beam,0.128,0.0,0.8,0.4
BM-sheet_1-8182,beam,0.256,0.0,1.6,0.8
BM-sheet_1-8183,beam,0.128,0.0,0.8,0.4
BM-sheet_1-8184,beam,0.256,0.0,1.6,0.8
BM-sheet_1-8185,beam,0.128,0.0,0.8,0.4
BM-sheet_1-8186,beam,0.256,0.0,1.6,0.8
BM-sheet_1-8187,beam,0.128,0.0,0.8,0.4
BM-sheet_1-8188,beam,0.256,0.0,1.6,0.8
BM-sheet_1-8189,beam,0.128,0.0,0.8,0.4
BM-sheet_1-8190,beam,0.256,0.0,1.6,0.8
BM-sheet_1-8191,beam,0.128,0.0,0.8,0.4
BM-sheet_1-8192,beam,0.256,0.0,1.6,0.8
BM-sheet_1-8193,beam,0.128,0.0,0.8,0.4
BM-sheet_1-8194,beam,0.256,0.0,1.6,0.8
BM-sheet_1-8195,beam,0.128,0.0,0.8,0.4
BM-sheet_1-8196,beam,0.256,0.0,1.6,0.8
BM-sheet_1-8197,beam,0.128,0.0,0.8,0.4
BM-sheet_1-8198,beam,0.256,0.0,1.6,0.8
BM-sheet_1-8199,beam,0.128,0.0,0.8,0.4
BM-sheet_1-8200,beam,0.256,0.0,1.6,0.8
BM-sheet_1-8201,beam,0.128,0.0,0.8,0.4
BM-sheet_1-8202,beam,0.256,0.0,1.6,0.8
BM-sheet_1-8203,beam,0.128,0.0,0.8,0.4
BM-sheet_1-8204,beam,0.256,0.0,1.6,0.8
BM-sheet_1-8205,beam,0.128,0.0,0.8,0.4
BM-sheet_1-8206,beam,0.256,0.0,1.6,0.8
BM-sheet_1-8207,beam,0.128,0.0,0.8,0.4
BM-sheet_1-8208,beam,0.256,0.0,1.6,0.8
BM-sheet_1-8209,beam,0.128,0.0,0.8,0.4
BM-sheet_1-8210,beam,0.256,0.0,1.6,0.8
BM-sheet_1-8211,beam,0.128,0.0,0.8,0.4
BM-sheet_1-8212,beam,0.256,0.0,1.6,0.8
BM-sheet_1-8213,beam,0.128,0.0,0.8,0.4
BM-sheet_1-8214,beam,0.256,0.0,1.6,0.8
BM-sheet_1-8215,beam,0.128,0.0,0.8,0.4
BM-sheet_1-8216,beam,0.256,0.0,1.6,0.8
BM-sheet_1-8217,beam,0.128,0.0,0.8,0.4
BM-sheet_1-8218,beam,0.256,0.0,1.6,0.8
BM-sheet_1-8219,beam,0.128,0.0,0.8,0.4
BM-sheet_1-8220,beam,0.256,0.0,1.6,0.8
BM-sheet_1-8221,beam,0.128,0.0,0.8,0.4
BM-sheet_1-8222,beam,0.256,0.0,1.6,0.8
BM-sheet_1-8223,beam,0.128,0.0,0.8,0.4
BM-sheet_1-8224,beam,0.256,0.0,1.6,0.8
BM-sheet_1-8225,beam,0.128,0.0,0.8,0.4
BM-sheet_1-8226,beam,0.256,0.0,1.6,0.8
BM-sheet_1-8227,beam,0.128,0.0,0.8,0.4
BM-sheet_1-8228,beam,0.256,0.0,1.6,0.8
BM-sheet_1-8229,beam,0.128,0.0,0.8,0.4
BM-sheet_1-8230,beam,0.256,0.0,1.6,0.8
BM-sheet_1-8231,beam,0.252,0.0,1.0,0.4
BM-sheet_1-8232,beam,0.504,0.0,2.0,0.8
BM-sheet_1-8233,beam,0.252,0.0,1.0,0.4
BM-sheet_1-8234,beam,0.504,0.0,2.0,0.8
BM-sheet_1-8235,beam,0.18,0.0,0.92,0.4
BM-sheet_1-8236,beam,0.36,0.0,1.84,0.8
BM-sheet_1-8237,beam,0.18,0.0,0.92,0.4
BM-sheet_1-8238,beam,0.36,0.0,1.84,0.8
BM-sheet_1-8239,beam,0.252,0.0,1.0,0.4
BM-sheet_1-8240,beam,0.504,0.0,2.0,0.8
BM-sheet_1-8241,beam,0.252,0.0,1.0,0.4
BM-sheet_1-8242,beam,0.504,0.0,2.0,0.8
BM-sheet_1-8243,beam,0.18,0.0,0.92,0.4
BM-sheet_1-8244,beam,0.36,0.0,1.84,0.8
BM-sheet_1-8245,beam,0.18,0.0,0.92,0.4
BM-sheet_1-8246,beam,0.36,0.0,1.84,0.8
BM-sheet_1-8247,beam,0.252,0.0,1.0,0.4
BM-sheet_1-8248,beam,0.504,0.0,2.0,0.8
BM-sheet_1-8249,beam,0.252,0.0,1.0,0.4
BM-sheet_1-8250,beam,0.504,0.0,2.0,0.8
BM-sheet_1-8251,beam,0.18,0.0,0.92,0.4
BM-sheet_1-8252,beam,0.36,0.0,1.84,0.8
BM-sheet_1-8253,beam,0.18,0.0,0.92,0.4
BM-sheet_1-8254,beam,0.36,0.0,1.84,0.8
BM-sheet_1-8255,beam,0.128,0.0,0.8,0.4
BM-sheet_1-8256,beam,0.256,0.0,1.6,0.8
BM-sheet_1-8257,beam,0.128,0.0,0.8,0.4
BM-sheet_1-8258,beam,0.256,0.0,1.6,0.8
BM-sheet_1-8259,beam,0.128,0.0,0.8,0.4
BM-sheet_1-8260,beam,0.256,0.0,1.6,0.8
BM-sheet_1-8261,beam,0.128,0.0,0.8,0.4
BM-sheet_1-8262,beam,0.256,0.0,1.6,0.8
BM-sheet_1-8263,beam,0.252,0.0,1.0,0.4
BM-sheet_1-8264,beam,0.504,0.0,2.0,0.8
BM-sheet_1-8265,beam,0.252,0.0,1.0,0.4
BM-sheet_1-8266,beam,0.504,0.0,2.0,0.8
BM-sheet_1-8267,beam,0.252,0.0,1.0,0.4
BM-sheet_1-8268,beam,0.504,0.0,2.0,0.8
BM-sheet_1-8269,beam,0.252,0.0,1.0,0.4
BM-sheet_1-8270,beam,0.504,0.0,2.0,0.8
BM-sheet_1-8271,beam,0.216,0.0,0.96,0.4
BM-sheet_1-8272,beam,0.432,0.0,1.92,0.8
BM-sheet_1-8273,beam,0.216,0.0,0.96,0.4
BM-sheet_1-8274,beam,0.432,0.0,1.92,0.8
BM-sheet_1-8275,beam,0.252,0.0,1.0,0.4
BM-sheet_1-8276,beam,0.504,0.0,2.0,0.8
BM-sheet_1-8277,beam,0.252,0.0,1.0,0.4
BM-sheet_1-8278,beam,0.504,0.0,2.0,0.8
BM-sheet_1-8279,beam,0.36,0.0,1.12,0.4
BM-sheet_1-8280,beam,0.72,0.0,2.24,0.8
BM-sheet_1-8281,beam,0.36,0.0,1.12,0.4
BM-sheet_1-8282,beam,0.72,0.0,2.24,0.8
BM-sheet_1-8283,beam,0.216,0.0,0.96,0.4
BM-sheet_1-8284,beam,0.432,0.0,1.92,0.8
BM-sheet_1-8285,beam,0.216,0.0,0.96,0.4
BM-sheet_1-8286,beam,0.432,0.0,1.92,0.8
BM-sheet_1-8287,beam,0.216,0.0,0.96,0.4
BM-sheet_1-8288,beam,0.432,0.0,1.92,0.8
BM-sheet_1-8289,beam,0.216,0.0,0.96,0.4
BM-sheet_1-8290,beam,0.432,0.0,1.92,0.8
BM-sheet_1-8291,beam,0.128,0.0,0.8,0.4
BM-sheet_1-8292,beam,0.256,0.0,1.6,0.8
BM-sheet_1-8293,beam,0.128,0.0,0.8,0.4
BM-sheet_1-8294,beam,0.256,0.0,1.6,0.8
BM-sheet_1-8295,beam,0.128,0.0,0.8,0.4
BM-sheet_1-8296,beam,0.256,0.0,1.6,0.8
BM-sheet_1-8297,beam,0.128,0.0,0.8,0.4
BM-sheet_1-8298,beam,0.256,0.0,1.6,0.8
BM-sheet_1-8299,beam,0.128,0.0,0.8,0.4
BM-sheet_1-8300,beam,0.256,0.0,1.6,0.8
BM-sheet_1-8301,beam,0.128,0.0,0.8,0.4
BM-sheet_1-8302,beam,0.256,0.0,1.6,0.8
BM-sheet_1-8303,beam,0.128,0.0,0.8,0.4
BM-sheet_1-8304,beam,0.256,0.0,1.6,0.8
BM-sheet_1-8305,beam,0.128,0.0,0.8,0.4
BM-sheet_1-8306,beam,0.256,0.0,1.6,0.8
BM-sheet_1-8307,beam,0.128,0.0,0.8,0.4
BM-sheet_1-8308,beam,0.256,0.0,1.6,0.8
BM-sheet_1-8309,beam,0.128,0.0,0.8,0.4
BM-sheet_1-8310,beam,0.256,0.0,1.6,0.8
BM-sheet_1-8311,beam,0.128,0.0,0.8,0.4
BM-sheet_1-8312,beam,0.256,0.0,1.6,0.8
BM-sheet_1-8313,beam,0.128,0.0,0.8,0.4
BM-sheet_1-8314,beam,0.256,0.0,1.6,0.8
BM-sheet_1-8315,beam,0.128,0.0,0.8,0.4
BM-sheet_1-8316,beam,0.256,0.0,1.6,0.8
BM-sheet_1-8317,beam,0.128,0.0,0.8,0.4
BM-sheet_1-8318,beam,0.256,0.0,1.6,0.8
BM-sheet_1-8319,beam,0.128,0.0,0.8,0.4
BM-sheet_1-8320,beam,0.256,0.0,1.6,0.8
BM-sheet_1-8321,beam,0.128,0.0,0.8,0.4
BM-sheet_1-8322,beam,0.256,0.0,1.6,0.8
BM-sheet_1-8323,beam,0.128,0.0,0.8,0.4
BM-sheet_1-8324,beam,0.256,0.0,1.6,0.8
BM-sheet_1-8325,beam,0.128,0.0,0.8,0.4
BM-sheet_1-8326,beam,0.256,0.0,1.6,0.8
BM-sheet_1-8327,beam,0.128,0.0,0.8,0.4
BM-sheet_1-8328,beam,0.256,0.0,1.6,0.8
BM-sheet_1-8329,beam,0.128,0.0,0.8,0.4
BM-sheet_1-8330,beam,0.256,0.0,1.6,0.8
BM-sheet_1-8331,beam,0.252,0.0,1.0,0.4
BM-sheet_1-8332,beam,0.504,0.0,2.0,0.8
BM-sheet_1-8333,beam,0.252,0.0,1.0,0.4
BM-sheet_1-8334,beam,0.504,0.0,2.0,0.8
BM-sheet_1-8335,beam,0.252,0.0,1.0,0.4
BM-sheet_1-8336,beam,0.504,0.0,2.0,0.8
BM-sheet_1-8337,beam,0.252,0.0,1.0,0.4
BM-sheet_1-8338,beam,0.504,0.0,2.0,0.8
BM-sheet_1-8339,beam,0.216,0.0,0.96,0.4
BM-sheet_1-8340,beam,0.432,0.0,1.92,0.8
BM-sheet_1-8341,beam,0.216,0.0,0.96,0.4
BM-sheet_1-8342,beam,0.432,0.0,1.92,0.8
BM-sheet_1-8343,beam,0.432,0.0,1.2,0.4
BM-sheet_1-8344,beam,0.864,0.0,2.4,0.8
BM-sheet_1-8345,beam,0.432,0.0,1.2,0.4
BM-sheet_1-8346,beam,0.36,0.0,1.84,0.8
BM-sheet_1-8347,beam,0.216,0.0,0.96,0.4
BM-sheet_1-8348,beam,0.432,0.0,1.92,0.8
BM-sheet_1-8349,beam,0.216,0.0,0.96,0.4
BM-sheet_1-8350,beam,0.432,0.0,1.92,0.8
BM-sheet_1-8351,beam,0.128,0.0,0.8,0.4
BM-sheet_1-8352,beam,0.256,0.0,1.6,0.8
BM-sheet_1-8353,beam,0.128,0.0,0.8,0.4
BM-sheet_1-8354,beam,0.256,0.0,1.6,0.8
BM-sheet_1-8355,beam,0.128,0.0,0.8,0.4
BM-sheet_1-8356,beam,0.256,0.0,1.6,0.8
BM-sheet_1-8357,beam,0.128,0.0,0.8,0.4
BM-sheet_1-8358,beam,0.256,0.0,1.6,0.8
BM-sheet_1-8359,beam,0.128,0.0,0.8,0.4
BM-sheet_1-8360,beam,0.256,0.0,1.6,0.8
BM-sheet_1-8361,beam,0.128,0.0,0.8,0.4
BM-sheet_1-8362,beam,0.256,0.0,1.6,0.8
BM-sheet_1-8363,beam,0.128,0.0,0.8,0.4
BM-sheet_1-8364,beam,0.256,0.0,1.6,0.8
BM-sheet_1-8365,beam,0.128,0.0,0.8,0.4
BM-sheet_1-8366,beam,0.256,0.0,1.6,0.8
BM-sheet_1-8367,beam,0.128,0.0,0.8,0.4
BM-sheet_1-8368,beam,0.256,0.0,1.6,0.8
BM-sheet_1-8369,beam,0.128,0.0,0.8,0.4
BM-sheet_1-8370,beam,0.256,0.0,1.6,0.8
BM-sheet_1-8371,beam,0.128,0.0,0.8,0.4
BM-sheet_1-8372,beam,0.256,0.0,1.6,0.8
BM-sheet_1-8373,beam,0.128,0.0,0.8,0.4
BM-sheet_1-8374,beam,0.256,0.0,1.6,0.8
BM-sheet_1-8375,beam,0.128,0.0,0.8,0.4
BM-sheet_1-8376,beam,0.256,0.0,1.6,0.8
BM-sheet_1-8377,beam,0.128,0.0,0.8,0.4
BM-sheet_1-8378,beam,0.256,0.0,1.6,0.8
BM-sheet_1-8379,beam,0.128,0.0,0.8,0.4
BM-sheet_1-8380,beam,0.256,0.0,1.6,0.8
BM-sheet_1-8381,beam,0.324,0.0,1.08,0.4
BM-sheet_1-8382,beam,0.256,0.0,1.6,0.8
BM-sheet_1-8383,beam,0.128,0.0,0.8,0.4
BM-sheet_1-8384,beam,0.256,0.0,1.6,0.8
BM-sheet_1-8385,beam,0.324,0.0,1.08,0.4
BM-sheet_1-8386,beam,0.256,0.0,1.6,0.8
BM-sheet_1-8387,beam,0.128,0.0,0.8,0.4
BM-sheet_1-8388,beam,0.256,0.0,1.6,0.8
BM-sheet_1-8389,beam,0.324,0.0,1.08,0.4
BM-sheet_1-8390,beam,0.256,0.0,1.6,0.8
BM-sheet_1-8391,beam,0.128,0.0,0.8,0.4
BM-sheet_1-8392,beam,0.256,0.0,1.6,0.8
BM-sheet_1-8393,beam,0.324,0.0,1.08,0.4
BM-sheet_1-8394,beam,0.256,0.0,1.6,0.8
BM-sheet_1-8395,beam,0.252,0.0,1.0,0.4
BM-sheet_1-8396,beam,0.504,0.0,2.0,0.8
BM-sheet_1-8397,beam,0.252,0.0,1.0,0.4
BM-sheet_1-8398,beam,0.504,0.0,2.0,0.8
BM-sheet_1-8399,beam,0.128,0.0,0.8,0.4
BM-sheet_1-8400,beam,0.256,0.0,1.6,0.8
BM-sheet_1-8401,beam,0.128,0.0,0.8,0.4
BM-sheet_1-8402,beam,0.256,0.0,1.6,0.8
BM-sheet_1-8403,beam,0.128,0.0,0.8,0.4
BM-sheet_1-8404,beam,0.256,0.0,1.6,0.8
BM-sheet_1-8405,beam,0.128,0.0,0.8,0.4
BM-sheet_1-8406,beam,0.256,0.0,1.6,0.8
BM-sheet_1-8407,beam,0.128,0.0,0.8,0.4
BM-sheet_1-8408,beam,0.256,0.0,1.6,0.8
BM-sheet_1-8409,beam,0.128,0.0,0.8,0.4
BM-sheet_1-8410,beam,0.256,0.0,1.6,0.8
BM-sheet_1-8411,beam,0.128,0.0,0.8,0.4
BM-sheet_1-8412,beam,0.256,0.0,1.6,0.8
BM-sheet_1-8413,beam,0.128,0.0,0.8,0.4
BM-sheet_1-8414,beam,0.256,0.0,1.6,0.8
BM-sheet_1-8415,beam,0.128,0.0,0.8,0.4
BM-sheet_1-8416,beam,0.256,0.0,1.6,0.8
BM-sheet_1-8417,beam,0.128,0.0,0.8,0.4
BM-sheet_1-8418,beam,0.256,0.0,1.6,0.8
BM-sheet_1-8419,beam,0.128,0.0,0.8,0.4
BM-sheet_1-8420,beam,0.256,0.0,1.6,0.8
BM-sheet_1-8421,beam,0.128,0.0,0.8,0.4
BM-sheet_1-8422,beam,0.256,0.0,1.6,0.8
BM-sheet_1-8423,beam,0.128,0.0,0.8,0.4
BM-sheet_1-8424,beam,0.256,0.0,1.6,0.8
BM-sheet_1-8425,beam,0.128,0.0,0.8,0.4
BM-sheet_1-8426,beam,0.256,0.0,1.6,0.8
BM-sheet_1-8427,beam,0.128,0.0,0.8,0.4
BM-sheet_1-8428,beam,0.256,0.0,1.6,0.8
BM-sheet_1-8429,beam,0.128,0.0,0.8,0.4
BM-sheet_1-8430,beam,0.256,0.0,1.6,0.8
BM-sheet_1-8431,beam,0.216,0.0,0.96,0.4
BM-sheet_1-8432,beam,0.432,0.0,1.92,0.8
BM-sheet_1-8433,beam,0.216,0.0,0.96,0.4
BM-sheet_1-8434,beam,0.432,0.0,1.92,0.8
BM-sheet_1-8435,beam,0.216,0.0,0.96,0.4
BM-sheet_1-8436,beam,0.432,0.0,1.92,0.8
BM-sheet_1-8437,beam,0.216,0.0,0.96,0.4
BM-sheet_1-8438,beam,0.432,0.0,1.92,0.8
BM-sheet_1-8439,beam,0.216,0.0,0.96,0.4
BM-sheet_1-8440,beam,0.432,0.0,1.92,0.8
BM-sheet_1-8441,beam,0.216,0.0,0.96,0.4
BM-sheet_1-8442,beam,0.432,0.0,1.92,0.8
BM-sheet_1-8443,beam,0.128,0.0,0.8,0.4
BM-sheet_1-8444,beam,0.256,0.0,1.6,0.8
BM-sheet_1-8445,beam,0.128,0.0,0.8,0.4
BM-sheet_1-8446,beam,0.256,0.0,1.6,0.8
BM-sheet_1-8447,beam,0.18,0.0,0.92,0.4
BM-sheet_1-8448,beam,0.36,0.0,1.84,0.8
BM-sheet_1-8449,beam,0.18,0.0,0.92,0.4
BM-sheet_1-8450,beam,0.36,0.0,1.84,0.8
BM-sheet_1-8451,beam,0.18,0.0,0.92,0.4
BM-sheet_1-8452,beam,0.36,0.0,1.84,0.8
BM-sheet_1-8453,beam,0.18,0.0,0.92,0.4
BM-sheet_1-8454,beam,0.36,0.0,1.84,0.8
BM-sheet_1-8455,beam,0.36,0.0,1.12,0.4
BM-sheet_1-8456,beam,0.72,0.0,2.24,0.8
BM-sheet_1-8457,beam,0.36,0.0,1.12,0.4
BM-sheet_1-8458,beam,0.72,0.0,2.24,0.8
BM-sheet_1-8459,beam,0.216,0.0,0.96,0.4
BM-sheet_1-8460,beam,0.432,0.0,1.92,0.8
BM-sheet_1-8461,beam,0.216,0.0,0.96,0.4
BM-sheet_1-8462,beam,0.432,0.0,1.92,0.8
BM-sheet_1-8463,beam,0.252,0.0,1.0,0.4
BM-sheet_1-8464,beam,0.504,0.0,2.0,0.8
BM-sheet_1-8465,beam,0.252,0.0,1.0,0.4
BM-sheet_1-8466,beam,0.504,0.0,2.0,0.8
BM-sheet_1-8467,beam,0.18,0.0,0.92,0.4
BM-sheet_1-8468,beam,0.36,0.0,1.84,0.8
BM-sheet_1-8469,beam,0.18,0.0,0.92,0.4
BM-sheet_1-8470,beam,0.36,0.0,1.84,0.8
BM-sheet_1-8471,beam,0.128,0.0,0.8,0.4
BM-sheet_1-8472,beam,0.256,0.0,1.6,0.8
BM-sheet_1-8473,beam,0.128,0.0,0.8,0.4
BM-sheet_1-8474,beam,0.256,0.0,1.6,0.8
BM-sheet_1-8475,beam,0.18,0.0,0.92,0.4
BM-sheet_1-8476,beam,0.36,0.0,1.84,0.8
BM-sheet_1-8477,beam,0.18,0.0,0.92,0.4
BM-sheet_1-8478,beam,0.36,0.0,1.84,0.8
BM-sheet_1-8479,beam,0.18,0.0,0.92,0.4
BM-sheet_1-8480,beam,0.36,0.0,1.84,0.8
BM-sheet_1-8481,beam,0.18,0.0,0.92,0.4
BM-sheet_1-8482,beam,0.36,0.0,1.84,0.8
BM-sheet_1-8483,beam,0.396,0.0,1.16,0.4
BM-sheet_1-8484,beam,0.792,0.0,2.32,0.8
BM-sheet_1-8485,beam,0.252,0.0,1.0,0.4
BM-sheet_1-8486,beam,0.792,0.0,2.32,0.8
BM-sheet_1-8487,beam,0.128,0.0,0.8,0.4
BM-sheet_1-8488,beam,0.256,0.0,1.6,0.8
BM-sheet_1-8489,beam,0.128,0.0,0.8,0.4
BM-sheet_1-8490,beam,0.256,0.0,1.6,0.8
BM-sheet_1-8491,beam,0.128,0.0,0.8,0.4
BM-sheet_1-8492,beam,0.256,0.0,1.6,0.8
BM-sheet_1-8493,beam,0.128,0.0,0.8,0.4
BM-sheet_1-8494,beam,0.256,0.0,1.6,0.8
BM-sheet_1-8495,beam,0.128,0.0,0.8,0.4
BM-sheet_1-8496,beam,0.256,0.0,1.6,0.8
BM-sheet_1-8497,beam,0.128,0.0,0.8,0.4
BM-sheet_1-8498,beam,0.256,0.0,1.6,0.8
BM-sheet_1-8499,beam,0.128,0.0,0.8,0.4
BM-sheet_1-8500,beam,0.256,0.0,1.6,0.8
BM-sheet_1-8501,beam,0.128,0.0,0.8,0.4
BM-sheet_1-8502,beam,0.256,0.0,1.6,0.8
BM-sheet_1-8503,beam,0.128,0.0,0.8,0.4
BM-sheet_1-8504,beam,0.256,0.0,1.6,0.8
BM-sheet_1-8505,beam,0.128,0.0,0.8,0.4
BM-sheet_1-8506,beam,0.256,0.0,1.6,0.8
BM-sheet_1-8507,beam,0.36,0.0,1.12,0.4
BM-sheet_1-8508,beam,0.72,0.0,2.24,0.8
BM-sheet_1-8509,beam,0.36,0.0,1.12,0.4
BM-sheet_1-8510,beam,0.72,0.0,2.24,0.8
BM-sheet_1-8511,beam,0.252,0.0,1.0,0.4
BM-sheet_1-8512,beam,0.504,0.0,2.0,0.8
BM-sheet_1-8513,beam,0.252,0.0,1.0,0.4
BM-sheet_1-8514,beam,0.504,0.0,2.0,0.8
BM-sheet_1-8515,beam,0.216,0.0,0.96,0.4
BM-sheet_1-8516,beam,0.432,0.0,1.92,0.8
BM-sheet_1-8517,beam,0.216,0.0,0.96,0.4
BM-sheet_1-8518,beam,0.432,0.0,1.92,0.8
BM-sheet_1-8519,beam,0.18,0.0,0.92,0.4
BM-sheet_1-8520,beam,0.36,0.0,1.84,0.8
BM-sheet_1-8521,beam,0.18,0.0,0.92,0.4
BM-sheet_1-8522,beam,0.36,0.0,1.84,0.8
BM-sheet_1-8523,beam,0.216,0.0,0.96,0.4
BM-sheet_1-8524,beam,0.432,0.0,1.92,0.8
BM-sheet_1-8525,beam,0.216,0.0,0.96,0.4
BM-sheet_1-8526,beam,0.432,0.0,1.92,0.8
BM-sheet_1-8527,beam,0.18,0.0,0.92,0.4
BM-sheet_1-8528,beam,0.36,0.0,1.84,0.8
BM-sheet_1-8529,beam,0.18,0.0,0.92,0.4
BM-sheet_1-8530,beam,0.36,0.0,1.84,0.8
BM-sheet_1-8531,beam,0.216,0.0,0.96,0.4
BM-sheet_1-8532,beam,0.432,0.0,1.92,0.8
BM-sheet_1-8533,beam,0.216,0.0,0.96,0.4
BM-sheet_1-8534,beam,0.432,0.0,1.92,0.8
BM-sheet_1-8535,beam,0.216,0.0,0.96,0.4
BM-sheet_1-8536,beam,0.432,0.0,1.92,0.8
BM-sheet_1-8537,beam,0.216,0.0,0.96,0.4
BM-sheet_1-8538,beam,0.432,0.0,1.92,0.8
BM-sheet_1-8539,beam,0.128,0.0,0.8,0.4
BM-sheet_1-8540,beam,0.256,0.0,1.6,0.8
BM-sheet_1-8541,beam,0.128,0.0,0.8,0.4
BM-sheet_1-8542,beam,0.256,0.0,1.6,0.8
BM-sheet_1-8543,beam,0.18,0.0,0.92,0.4
BM-sheet_1-8544,beam,0.36,0.0,1.84,0.8
BM-sheet_1-8545,beam,0.18,0.0,0.92,0.4
BM-sheet_1-8546,beam,0.36,0.0,1.84,0.8
BM-sheet_1-8547,beam,0.128,0.0,0.8,0.4
BM-sheet_1-8548,beam,0.256,0.0,1.6,0.8
BM-sheet_1-8549,beam,0.128,0.0,0.8,0.4
BM-sheet_1-8550,beam,0.256,0.0,1.6,0.8
BM-sheet_1-8551,beam,0.128,0.0,0.8,0.4
BM-sheet_1-8552,beam,0.256,0.0,1.6,0.8
BM-sheet_1-8553,beam,0.128,0.0,0.8,0.4
BM-sheet_1-8554,beam,0.256,0.0,1.6,0.8
BM-sheet_1-8555,beam,0.128,0.0,0.8,0.4
BM-sheet_1-8556,beam,0.256,0.0,1.6,0.8
BM-sheet_1-8557,beam,0.128,0.0,0.8,0.4
BM-sheet_1-8558,beam,0.256,0.0,1.6,0.8
BM-sheet_1-8559,beam,0.128,0.0,0.8,0.4
BM-sheet_1-8560,beam,0.256,0.0,1.6,0.8
BM-sheet_1-8561,beam,0.128,0.0,0.8,0.4
BM-sheet_1-8562,beam,0.256,0.0,1.6,0.8
BM-sheet_1-8563,beam,0.128,0.0,0.8,0.4
BM-sheet_1-8564,beam,0.256,0.0,1.6,0.8
BM-sheet_1-8565,beam,0.128,0.0,0.8,0.4
BM-sheet_1-8566,beam,0.256,0.0,1.6,0.8
BM-sheet_1-8567,beam,0.216,0.0,0.96,0.4
BM-sheet_1-8568,beam,0.432,0.0,1.92,0.8
BM-sheet_1-8569,beam,0.216,0.0,0.96,0.4
BM-sheet_1-8570,beam,0.432,0.0,1.92,0.8
BM-sheet_1-8571,beam,0.128,0.0,0.8,0.4
BM-sheet_1-8572,beam,0.256,0.0,1.6,0.8
BM-sheet_1-8573,beam,0.128,0.0,0.8,0.4
BM-sheet_1-8574,beam,0.256,0.0,1.6,0.8
BM-sheet_1-8575,beam,0.128,0.0,0.8,0.4
BM-sheet_1-8576,beam,0.256,0.0,1.6,0.8
BM-sheet_1-8577,beam,0.128,0.0,0.8,0.4
BM-sheet_1-8578,beam,0.256,0.0,1.6,0.8
BM-sheet_1-8579,beam,0.128,0.0,0.8,0.4
BM-sheet_1-8580,beam,0.256,0.0,1.6,0.8
BM-sheet_1-8581,beam,0.128,0.0,0.8,0.4
BM-sheet_1-8582,beam,0.256,0.0,1.6,0.8
BM-sheet_1-8583,beam,0.128,0.0,0.8,0.4
BM-sheet_1-8584,beam,0.256,0.0,1.6,0.8
BM-sheet_1-8585,beam,0.128,0.0,0.8,0.4
BM-sheet_1-8586,beam,0.256,0.0,1.6,0.8
BM-sheet_1-8587,beam,0.128,0.0,0.8,0.4
BM-sheet_1-8588,beam,0.256,0.0,1.6,0.8
BM-sheet_1-8589,beam,0.128,0.0,0.8,0.4
BM-sheet_1-8590,beam,0.256,0.0,1.6,0.8
BM-sheet_1-8591,beam,0.128,0.0,0.8,0.4
BM-sheet_1-8592,beam,0.256,0.0,1.6,0.8
BM-sheet_1-8593,beam,0.128,0.0,0.8,0.4
BM-sheet_1-8594,beam,0.256,0.0,1.6,0.8
BM-sheet_1-8595,beam,0.128,0.0,0.8,0.4
BM-sheet_1-8596,beam,0.256,0.0,1.6,0.8
BM-sheet_1-8597,beam,0.128,0.0,0.8,0.4
BM-sheet_1-8598,beam,0.256,0.0,1.6,0.8
BM-sheet_1-8599,beam,0.128,0.0,0.8,0.4
BM-sheet_1-8600,beam,0.256,0.0,1.6,0.8
BM-sheet_1-8601,beam,0.128,0.0,0.8,0.4
BM-sheet_1-8602,beam,0.256,0.0,1.6,0.8
BM-sheet_1-8603,beam,0.128,0.0,0.8,0.4
BM-sheet_1-8604,beam,0.256,0.0,1.6,0.8
BM-sheet_1-8605,beam,0.128,0.0,0.8,0.4
BM-sheet_1-8606,beam,0.256,0.0,1.6,0.8
BM-sheet_1-8607,beam,0.128,0.0,0.8,0.4
BM-sheet_1-8608,beam,0.256,0.0,1.6,0.8
BM-sheet_1-8609,beam,0.128,0.0,0.8,0.4
BM-sheet_1-8610,beam,0.256,0.0,1.6,0.8
BM-sheet_1-8611,beam,0.128,0.0,0.8,0.4
BM-sheet_1-8612,beam,0.256,0.0,1.6,0.8
BM-sheet_1-8613,beam,0.128,0.0,0.8,0.4
BM-sheet_1-8614,beam,0.256,0.0,1.6,0.8
BM-sheet_1-8615,beam,0.128,0.0,0.8,0.4
BM-sheet_1-8616,beam,0.256,0.0,1.6,0.8
BM-sheet_1-8617,beam,0.128,0.0,0.8,0.4
BM-sheet_1-8618,beam,0.256,0.0,1.6,0.8
BM-sheet_1-8619,beam,0.128,0.0,0.8,0.4
BM-sheet_1-8620,beam,0.256,0.0,1.6,0.8
BM-sheet_1-8621,beam,0.128,0.0,0.8,0.4
BM-sheet_1-8622,beam,0.256,0.0,1.6,0.8
BM-sheet_1-8623,beam,0.128,0.0,0.8,0.4
BM-sheet_1-8624,beam,0.256,0.0,1.6,0.8
BM-sheet_1-8625,beam,0.128,0.0,0.8,0.4
BM-sheet_1-8626,beam,0.256,0.0,1.6,0.8
BM-sheet_1-8627,beam,0.128,0.0,0.8,0.4
BM-sheet_1-8628,beam,0.256,0.0,1.6,0.8
BM-sheet_1-8629,beam,0.128,0.0,0.8,0.4
BM-sheet_1-8630,beam,0.256,0.0,1.6,0.8
BM-sheet_1-8631,beam,0.128,0.0,0.8,0.4
BM-sheet_1-8632,beam,0.256,0.0,1.6,0.8
BM-sheet_1-8633,beam,0.128,0.0,0.8,0.4
BM-sheet_1-8634,beam,0.256,0.0,1.6,0.8
BM-sheet_1-8635,beam,0.128,0.0,0.8,0.4
BM-sheet_1-8636,beam,0.256,0.0,1.6,0.8
BM-sheet_1-8637,beam,0.128,0.0,0.8,0.4
BM-sheet_1-8638,beam,0.256,0.0,1.6,0.8
BM-sheet_1-8639,beam,0.128,0.0,0.8,0.4
BM-sheet_1-8640,beam,0.256,0.0,1.6,0.8
BM-sheet_1-8641,beam,0.128,0.0,0.8,0.4
BM-sheet_1-8642,beam,0.256,0.0,1.6,0.8
BM-sheet_1-8643,beam,0.288,0.0,1.04,0.4
BM-sheet_1-8644,beam,0.576,0.0,2.08,0.8
BM-sheet_1-8645,beam,0.288,0.0,1.04,0.4
BM-sheet_1-8646,beam,0.576,0.0,2.08,0.8
BM-sheet_1-8647,beam,0.288,0.0,1.04,0.4
BM-sheet_1-8648,beam,0.576,0.0,2.08,0.8
BM-sheet_1-8649,beam,0.288,0.0,1.04,0.4
BM-sheet_1-8650,beam,0.576,0.0,2.08,0.8
BM-sheet_1-8651,beam,0.128,0.0,0.8,0.4
BM-sheet_1-8652,beam,0.256,0.0,1.6,0.8
BM-sheet_1-8653,beam,0.128,0.0,0.8,0.4
BM-sheet_1-8654,beam,0.256,0.0,1.6,0.8
BM-sheet_1-8655,beam,0.128,0.0,0.8,0.4
BM-sheet_1-8656,beam,0.256,0.0,1.6,0.8
BM-sheet_1-8657,beam,0.128,0.0,0.8,0.4
BM-sheet_1-8658,beam,0.256,0.0,1.6,0.8
BM-sheet_1-8659,beam,0.128,0.0,0.8,0.4
BM-sheet_1-8660,beam,0.256,0.0,1.6,0.8
BM-sheet_1-8661,beam,0.128,0.0,0.8,0.4
BM-sheet_1-8662,beam,0.256,0.0,1.6,0.8
BM-sheet_1-8663,beam,0.216,0.0,0.96,0.4
BM-sheet_1-8664,beam,0.432,0.0,1.92,0.8
BM-sheet_1-8665,beam,0.216,0.0,0.96,0.4
BM-sheet_1-8666,beam,0.432,0.0,1.92,0.8
BM-sheet_1-8667,beam,0.288,0.0,1.04,0.4
BM-sheet_1-8668,beam,0.576,0.0,2.08,0.8
BM-sheet_1-8669,beam,0.288,0.0,1.04,0.4
BM-sheet_1-8670,beam,0.576,0.0,2.08,0.8
BM-sheet_1-8671,beam,0.288,0.0,1.04,0.4
BM-sheet_1-8672,beam,0.576,0.0,2.08,0.8
BM-sheet_1-8673,beam,0.288,0.0,1.04,0.4
BM-sheet_1-8674,beam,0.576,0.0,2.08,0.8
BM-sheet_1-8675,beam,0.128,0.0,0.8,0.4
BM-sheet_1-8676,beam,0.256,0.0,1.6,0.8
BM-sheet_1-8677,beam,0.128,0.0,0.8,0.4
BM-sheet_1-8678,beam,0.256,0.0,1.6,0.8
BM-sheet_1-8679,beam,0.128,0.0,0.8,0.4
BM-sheet_1-8680,beam,0.256,0.0,1.6,0.8
BM-sheet_1-8681,beam,0.128,0.0,0.8,0.4
BM-sheet_1-8682,beam,0.256,0.0,1.6,0.8
BM-sheet_1-8683,beam,0.128,0.0,0.8,0.4
BM-sheet_1-8684,beam,0.256,0.0,1.6,0.8
BM-sheet_1-8685,beam,0.128,0.0,0.8,0.4
BM-sheet_1-8686,beam,0.256,0.0,1.6,0.8
BM-sheet_1-8687,beam,0.128,0.0,0.8,0.4
BM-sheet_1-8688,beam,0.256,0.0,1.6,0.8
BM-sheet_1-8689,beam,0.128,0.0,0.8,0.4
BM-sheet_1-8690,beam,0.256,0.0,1.6,0.8
BM-sheet_1-8691,beam,0.128,0.0,0.8,0.4
BM-sheet_1-8692,beam,0.256,0.0,1.6,0.8
BM-sheet_1-8693,beam,0.128,0.0,0.8,0.4
BM-sheet_1-8694,beam,0.256,0.0,1.6,0.8
BM-sheet_1-8695,beam,0.128,0.0,0.8,0.4
BM-sheet_1-8696,beam,0.256,0.0,1.6,0.8
BM-sheet_1-8697,beam,0.128,0.0,0.8,0.4
BM-sheet_1-8698,beam,0.256,0.0,1.6,0.8
BM-sheet_1-8699,beam,0.216,0.0,0.96,0.4
BM-sheet_1-8700,beam,0.432,0.0,1.92,0.8
BM-sheet_1-8701,beam,0.216,0.0,0.96,0.4
BM-sheet_1-8702,beam,0.432,0.0,1.92,0.8
BM-sheet_1-8703,beam,0.216,0.0,0.96,0.4
BM-sheet_1-8704,beam,0.432,0.0,1.92,0.8
BM-sheet_1-8705,beam,0.216,0.0,0.96,0.4
BM-sheet_1-8706,beam,0.432,0.0,1.92,0.8
BM-sheet_1-8707,beam,0.128,0.0,0.8,0.4
BM-sheet_1-8708,beam,0.256,0.0,1.6,0.8
BM-sheet_1-8709,beam,0.128,0.0,0.8,0.4
BM-sheet_1-8710,beam,0.256,0.0,1.6,0.8
BM-sheet_1-8711,beam,0.128,0.0,0.8,0.4
BM-sheet_1-8712,beam,0.256,0.0,1.6,0.8
BM-sheet_1-8713,beam,0.128,0.0,0.8,0.4
BM-sheet_1-8714,beam,0.256,0.0,1.6,0.8
BM-sheet_1-8715,beam,0.128,0.0,0.8,0.4
BM-sheet_1-8716,beam,0.256,0.0,1.6,0.8
BM-sheet_1-8717,beam,0.128,0.0,0.8,0.4
BM-sheet_1-8718,beam,0.256,0.0,1.6,0.8
BM-sheet_1-8719,beam,0.18,0.0,0.92,0.4
BM-sheet_1-8720,beam,0.36,0.0,1.84,0.8
BM-sheet_1-8721,beam,0.18,0.0,0.92,0.4
BM-sheet_1-8722,beam,0.36,0.0,1.84,0.8
BM-sheet_1-8723,beam,0.18,0.0,0.92,0.4
BM-sheet_1-8724,beam,0.36,0.0,1.84,0.8
BM-sheet_1-8725,beam,0.18,0.0,0.92,0.4
BM-sheet_1-8726,beam,0.36,0.0,1.84,0.8
BM-sheet_1-8727,beam,0.18,0.0,0.92,0.4
BM-sheet_1-8728,beam,0.36,0.0,1.84,0.8
BM-sheet_1-8729,beam,0.18,0.0,0.92,0.4
BM-sheet_1-8730,beam,0.36,0.0,1.84,0.8
BM-sheet_1-8731,beam,0.18,0.0,0.92,0.4
BM-sheet_1-8732,beam,0.36,0.0,1.84,0.8
BM-sheet_1-8733,beam,0.18,0.0,0.92,0.4
BM-sheet_1-8734,beam,0.36,0.0,1.84,0.8
BM-sheet_1-8735,beam,0.18,0.0,0.92,0.4
BM-sheet_1-8736,beam,0.36,0.0,1.84,0.8
BM-sheet_1-8737,beam,0.18,0.0,0.92,0.4
BM-sheet_1-8738,beam,0.36,0.0,1.84,0.8
BM-sheet_1-8739,beam,0.18,0.0,0.92,0.4
BM-sheet_1-8740,beam,0.36,0.0,1.84,0.8
BM-sheet_1-8741,beam,0.18,0.0,0.92,0.4
BM-sheet_1-8742,beam,0.36,0.0,1.84,0.8
BM-sheet_1-8743,beam,0.18,0.0,0.92,0.4
BM-sheet_1-8744,beam,0.36,0.0,1.84,0.8
BM-sheet_1-8745,beam,0.18,0.0,0.92,0.4
BM-sheet_1-8746,beam,0.36,0.0,1.84,0.8
BM-sheet_1-8747,beam,0.18,0.0,0.92,0.4
BM-sheet_1-8748,beam,0.36,0.0,1.84,0.8
BM-sheet_1-8749,beam,0.18,0.0,0.92,0.4
BM-sheet_1-8750,beam,0.36,0.0,1.84,0.8
BM-sheet_1-8751,beam,0.18,0.0,0.92,0.4
BM-sheet_1-8752,beam,0.36,0.0,1.84,0.8
BM-sheet_1-8753,beam,0.18,0.0,0.92,0.4
BM-sheet_1-8754,beam,0.36,0.0,1.84,0.8
BM-sheet_1-8755,beam,0.18,0.0,0.92,0.4
BM-sheet_1-8756,beam,0.36,0.0,1.84,0.8
BM-sheet_1-8757,beam,0.18,0.0,0.92,0.4
BM-sheet_1-8758,beam,0.36,0.0,1.84,0.8
BM-sheet_1-8759,beam,0.18,0.0,0.92,0.4
BM-sheet_1-8760,beam,0.36,0.0,1.84,0.8
BM-sheet_1-8761,beam,0.18,0.0,0.92,0.4
BM-sheet_1-8762,beam,0.36,0.0,1.84,0.8
BM-sheet_1-8763,beam,0.128,0.0,0.8,0.4
BM-sheet_1-8764,beam,0.256,0.0,1.6,0.8
BM-sheet_1-8765,beam,0.128,0.0,0.8,0.4
BM-sheet_1-8766,beam,0.256,0.0,1.6,0.8
BM-sheet_1-8767,beam,0.128,0.0,0.8,0.4
BM-sheet_1-8768,beam,0.256,0.0,1.6,0.8
BM-sheet_1-8769,beam,0.128,0.0,0.8,0.4
BM-sheet_1-8770,beam,0.256,0.0,1.6,0.8
BM-sheet_1-8771,beam,0.128,0.0,0.8,0.4
BM-sheet_1-8772,beam,0.256,0.0,1.6,0.8
BM-sheet_1-8773,beam,0.128,0.0,0.8,0.4
BM-sheet_1-8774,beam,0.256,0.0,1.6,0.8
BM-sheet_1-8775,beam,0.128,0.0,0.8,0.4
BM-sheet_1-8776,beam,0.256,0.0,1.6,0.8
BM-sheet_1-8777,beam,0.128,0.0,0.8,0.4
BM-sheet_1-8778,beam,0.256,0.0,1.6,0.8
BM-sheet_1-8779,beam,0.128,0.0,0.8,0.4
BM-sheet_1-8780,beam,0.256,0.0,1.6,0.8
BM-sheet_1-8781,beam,0.128,0.0,0.8,0.4
BM-sheet_1-8782,beam,0.256,0.0,1.6,0.8
BM-sheet_1-8783,beam,0.128,0.0,0.8,0.4
BM-sheet_1-8784,beam,0.256,0.0,1.6,0.8
BM-sheet_1-8785,beam,0.216,0.0,0.96,0.4
BM-sheet_1-8786,beam,0.256,0.0,1.6,0.8
BM-sheet_1-8787,beam,0.128,0.0,0.8,0.4
BM-sheet_1-8788,beam,0.256,0.0,1.6,0.8
BM-sheet_1-8789,beam,0.128,0.0,0.8,0.4
BM-sheet_1-8790,beam,0.256,0.0,1.6,0.8
BM-sheet_1-8791,beam,0.128,0.0,0.8,0.4
BM-sheet_1-8792,beam,0.256,0.0,1.6,0.8
BM-sheet_1-8793,beam,0.128,0.0,0.8,0.4
BM-sheet_1-8794,beam,0.256,0.0,1.6,0.8
BM-sheet_1-8795,beam,0.216,0.0,0.96,0.4
BM-sheet_1-8796,beam,0.432,0.0,1.92,0.8
BM-sheet_1-8797,beam,0.216,0.0,0.96,0.4
BM-sheet_1-8798,beam,0.432,0.0,1.92,0.8
BM-sheet_1-8799,beam,0.216,0.0,0.96,0.4
BM-sheet_1-8800,beam,0.432,0.0,1.92,0.8
BM-sheet_1-8801,beam,0.216,0.0,0.96,0.4
BM-sheet_1-8802,beam,0.432,0.0,1.92,0.8
BM-sheet_1-8803,beam,0.432,0.0,1.2,0.4
BM-sheet_1-8804,beam,0.864,0.0,2.4,0.8
BM-sheet_1-8805,beam,0.432,0.0,1.2,0.4
BM-sheet_1-8806,beam,0.864,0.0,2.4,0.8
BM-sheet_1-8807,beam,0.128,0.0,0.8,0.4
BM-sheet_1-8808,beam,0.256,0.0,1.6,0.8
BM-sheet_1-8809,beam,0.128,0.0,0.8,0.4
BM-sheet_1-8810,beam,0.256,0.0,1.6,0.8
BM-sheet_1-8811,beam,0.216,0.0,0.96,0.4
BM-sheet_1-8812,beam,0.432,0.0,1.92,0.8
BM-sheet_1-8813,beam,0.216,0.0,0.96,0.4
BM-sheet_1-8814,beam,0.432,0.0,1.92,0.8
BM-sheet_1-8815,beam,0.128,0.0,0.8,0.4
BM-sheet_1-8816,beam,0.256,0.0,1.6,0.8
BM-sheet_1-8817,beam,0.128,0.0,0.8,0.4
BM-sheet_1-8818,beam,0.256,0.0,1.6,0.8
BM-sheet_1-8819,beam,0.216,0.0,0.96,0.4
BM-sheet_1-8820,beam,0.432,0.0,1.92,0.8
BM-sheet_1-8821,beam,0.216,0.0,0.96,0.4
BM-sheet_1-8822,beam,0.432,0.0,1.92,0.8
BM-sheet_1-8823,beam,0.18,0.0,0.92,0.4
BM-sheet_1-8824,beam,0.36,0.0,1.84,0.8
BM-sheet_1-8825,beam,0.18,0.0,0.92,0.4
BM-sheet_1-8826,beam,0.36,0.0,1.84,0.8
BM-sheet_1-8827,beam,0.18,0.0,0.92,0.4
BM-sheet_1-8828,beam,0.36,0.0,1.84,0.8
BM-sheet_1-8829,beam,0.18,0.0,0.92,0.4
BM-sheet_1-8830,beam,0.36,0.0,1.84,0.8
BM-sheet_1-8831,beam,0.128,0.0,0.8,0.4
BM-sheet_1-8832,beam,0.256,0.0,1.6,0.8
BM-sheet_1-8833,beam,0.128,0.0,0.8,0.4
BM-sheet_1-8834,beam,0.256,0.0,1.6,0.8
BM-sheet_1-8835,beam,0.324,0.0,1.08,0.4
BM-sheet_1-8836,beam,0.648,0.0,2.16,0.8
BM-sheet_1-8837,beam,0.324,0.0,1.08,0.4
BM-sheet_1-8838,beam,0.648,0.0,2.16,0.8
BM-sheet_1-8839,beam,0.128,0.0,0.8,0.4
BM-sheet_1-8840,beam,0.256,0.0,1.6,0.8
BM-sheet_1-8841,beam,0.128,0.0,0.8,0.4
BM-sheet_1-8842,beam,0.256,0.0,1.6,0.8
BM-sheet_1-8843,beam,0.252,0.0,1.0,0.4
BM-sheet_1-8844,beam,0.504,0.0,2.0,0.8
BM-sheet_1-8845,beam,0.252,0.0,1.0,0.4
BM-sheet_1-8846,beam,0.504,0.0,2.0,0.8
BM-sheet_1-8847,beam,0.252,0.0,1.0,0.4
BM-sheet_1-8848,beam,0.504,0.0,2.0,0.8
BM-sheet_1-8849,beam,0.252,0.0,1.0,0.4
BM-sheet_1-8850,beam,0.504,0.0,2.0,0.8
BM-sheet_1-8851,beam,0.128,0.0,0.8,0.4
BM-sheet_1-8852,beam,0.256,0.0,1.6,0.8
BM-sheet_1-8853,beam,0.128,0.0,0.8,0.4
BM-sheet_1-8854,beam,0.256,0.0,1.6,0.8
BM-sheet_1-8855,beam,0.252,0.0,1.0,0.4
BM-sheet_1-8856,beam,0.504,0.0,2.0,0.8
BM-sheet_1-8857,beam,0.252,0.0,1.0,0.4
BM-sheet_1-8858,beam,0.504,0.0,2.0,0.8
BM-sheet_1-8859,beam,0.128,0.0,0.8,0.4
BM-sheet_1-8860,beam,0.256,0.0,1.6,0.8
BM-sheet_1-8861,beam,0.128,0.0,0.8,0.4
BM-sheet_1-8862,beam,0.256,0.0,1.6,0.8
BM-sheet_1-8863,beam,0.128,0.0,0.8,0.4
BM-sheet_1-8864,beam,0.256,0.0,1.6,0.8
BM-sheet_1-8865,beam,0.128,0.0,0.8,0.4
BM-sheet_1-8866,beam,0.256,0.0,1.6,0.8
BM-sheet_1-8867,beam,0.128,0.0,0.8,0.4
BM-sheet_1-8868,beam,0.256,0.0,1.6,0.8
BM-sheet_1-8869,beam,0.128,0.0,0.8,0.4
BM-sheet_1-8870,beam,0.256,0.0,1.6,0.8
BM-sheet_1-8871,beam,0.128,0.0,0.8,0.4
BM-sheet_1-8872,beam,0.256,0.0,1.6,0.8
BM-sheet_1-8873,beam,0.128,0.0,0.8,0.4
BM-sheet_1-8874,beam,0.256,0.0,1.6,0.8
BM-sheet_1-8875,beam,0.128,0.0,0.8,0.4
BM-sheet_1-8876,beam,0.256,0.0,1.6,0.8
BM-sheet_1-8877,beam,0.128,0.0,0.8,0.4
BM-sheet_1-8878,beam,0.256,0.0,1.6,0.8
BM-sheet_1-8879,beam,0.128,0.0,0.8,0.4
BM-sheet_1-8880,beam,0.256,0.0,1.6,0.8
BM-sheet_1-8881,beam,0.128,0.0,0.8,0.4
BM-sheet_1-8882,beam,0.256,0.0,1.6,0.8
BM-sheet_1-8883,beam,0.18,0.0,0.92,0.4
BM-sheet_1-8884,beam,0.36,0.0,1.84,0.8
BM-sheet_1-8885,beam,0.18,0.0,0.92,0.4
BM-sheet_1-8886,beam,0.36,0.0,1.84,0.8
BM-sheet_1-8887,beam,0.18,0.0,0.92,0.4
BM-sheet_1-8888,beam,0.36,0.0,1.84,0.8
BM-sheet_1-8889,beam,0.18,0.0,0.92,0.4
BM-sheet_1-8890,beam,0.36,0.0,1.84,0.8
BM-sheet_1-8891,beam,0.252,0.0,1.0,0.4
BM-sheet_1-8892,beam,0.648,0.0,2.16,0.8
BM-sheet_1-8893,beam,0.324,0.0,1.08,0.4
BM-sheet_1-8894,beam,0.648,0.0,2.16,0.8
BM-sheet_1-8895,beam,0.128,0.0,0.8,0.4
BM-sheet_1-8896,beam,0.256,0.0,1.6,0.8
BM-sheet_1-8897,beam,0.128,0.0,0.8,0.4
BM-sheet_1-8898,beam,0.256,0.0,1.6,0.8
BM-sheet_1-8899,beam,0.128,0.0,0.8,0.4
BM-sheet_1-8900,beam,0.256,0.0,1.6,0.8
BM-sheet_1-8901,beam,0.128,0.0,0.8,0.4
BM-sheet_1-8902,beam,0.256,0.0,1.6,0.8
BM-sheet_1-8903,beam,0.36,0.0,1.12,0.4
BM-sheet_1-8904,beam,0.72,0.0,2.24,0.8
BM-sheet_1-8905,beam,0.36,0.0,1.12,0.4
BM-sheet_1-8906,beam,0.72,0.0,2.24,0.8
BM-sheet_1-8907,beam,0.36,0.0,1.12,0.4
BM-sheet_1-8908,beam,0.72,0.0,2.24,0.8
BM-sheet_1-8909,beam,0.36,0.0,1.12,0.4
BM-sheet_1-8910,beam,0.72,0.0,2.24,0.8
BM-sheet_1-8911,beam,0.128,0.0,0.8,0.4
BM-sheet_1-8912,beam,0.256,0.0,1.6,0.8
BM-sheet_1-8913,beam,0.128,0.0,0.8,0.4
BM-sheet_1-8914,beam,0.256,0.0,1.6,0.8
BM-sheet_1-8915,beam,0.128,0.0,0.8,0.4
BM-sheet_1-8916,beam,0.256,0.0,1.6,0.8
BM-sheet_1-8917,beam,0.128,0.0,0.8,0.4
BM-sheet_1-8918,beam,0.256,0.0,1.6,0.8
BM-sheet_1-8919,beam,0.36,0.0,1.12,0.4
BM-sheet_1-8920,beam,0.72,0.0,2.24,0.8
BM-sheet_1-8921,beam,0.36,0.0,1.12,0.4
BM-sheet_1-8922,beam,0.72,0.0,2.24,0.8
BM-sheet_1-8923,beam,0.18,0.0,0.92,0.4
BM-sheet_1-8924,beam,0.36,0.0,1.84,0.8
BM-sheet_1-8925,beam,0.18,0.0,0.92,0.4
BM-sheet_1-8926,beam,0.36,0.0,1.84,0.8
BM-sheet_1-8927,beam,0.18,0.0,0.92,0.4
BM-sheet_1-8928,beam,0.36,0.0,1.84,0.8
BM-sheet_1-8929,beam,0.18,0.0,0.92,0.4
BM-sheet_1-8930,beam,0.36,0.0,1.84,0.8
BM-sheet_1-8931,beam,0.128,0.0,0.8,0.4
BM-sheet_1-8932,beam,0.256,0.0,1.6,0.8
BM-sheet_1-8933,beam,0.128,0.0,0.8,0.4
BM-sheet_1-8934,beam,0.256,0.0,1.6,0.8
BM-sheet_1-8935,beam,0.216,0.0,0.96,0.4
BM-sheet_1-8936,beam,0.432,0.0,1.92,0.8
BM-sheet_1-8937,beam,0.216,0.0,0.96,0.4
BM-sheet_1-8938,beam,0.432,0.0,1.92,0.8
BM-sheet_1-8939,beam,0.252,0.0,1.0,0.4
BM-sheet_1-8940,beam,0.504,0.0,2.0,0.8
BM-sheet_1-8941,beam,0.252,0.0,1.0,0.4
BM-sheet_1-8942,beam,0.504,0.0,2.0,0.8
BM-sheet_1-8943,beam,0.128,0.0,0.8,0.4
BM-sheet_1-8944,beam,0.256,0.0,1.6,0.8
BM-sheet_1-8945,beam,0.128,0.0,0.8,0.4
BM-sheet_1-8946,beam,0.256,0.0,1.6,0.8
BM-sheet_1-8947,beam,0.128,0.0,0.8,0.4
BM-sheet_1-8948,beam,0.256,0.0,1.6,0.8
BM-sheet_1-8949,beam,0.128,0.0,0.8,0.4
BM-sheet_1-8950,beam,0.256,0.0,1.6,0.8
BM-sheet_1-8951,beam,0.128,0.0,0.8,0.4
BM-sheet_1-8952,beam,0.256,0.0,1.6,0.8
BM-sheet_1-8953,beam,0.128,0.0,0.8,0.4
BM-sheet_1-8954,beam,0.256,0.0,1.6,0.8
BM-sheet_1-8955,beam,0.128,0.0,0.8,0.4
BM-sheet_1-8956,beam,0.256,0.0,1.6,0.8
BM-sheet_1-8957,beam,0.128,0.0,0.8,0.4
BM-sheet_1-8958,beam,0.256,0.0,1.6,0.8
BM-sheet_1-8959,beam,0.128,0.0,0.8,0.4
BM-sheet_1-8960,beam,0.256,0.0,1.6,0.8
BM-sheet_1-8961,beam,0.128,0.0,0.8,0.4
BM-sheet_1-8962,beam,0.256,0.0,1.6,0.8
BM-sheet_1-8963,beam,0.128,0.0,0.8,0.4
BM-sheet_1-8964,beam,0.256,0.0,1.6,0.8
BM-sheet_1-8965,beam,0.128,0.0,0.8,0.4
BM-sheet_1-8966,beam,0.256,0.0,1.6,0.8
BM-sheet_1-8967,beam,0.128,0.0,0.8,0.4
BM-sheet_1-8968,beam,0.256,0.0,1.6,0.8
BM-sheet_1-8969,beam,0.128,0.0,0.8,0.4
BM-sheet_1-8970,beam,0.256,0.0,1.6,0.8
BM-sheet_1-8971,beam,0.128,0.0,0.8,0.4
BM-sheet_1-8972,beam,0.256,0.0,1.6,0.8
BM-sheet_1-8973,beam,0.128,0.0,0.8,0.4
BM-sheet_1-8974,beam,0.256,0.0,1.6,0.8
BM-sheet_1-8975,beam,0.128,0.0,0.8,0.4
BM-sheet_1-8976,beam,0.256,0.0,1.6,0.8
BM-sheet_1-8977,beam,0.128,0.0,0.8,0.4
BM-sheet_1-8978,beam,0.256,0.0,1.6,0.8
BM-sheet_1-8979,beam,0.128,0.0,0.8,0.4
BM-sheet_1-8980,beam,0.256,0.0,1.6,0.8
BM-sheet_1-8981,beam,0.128,0.0,0.8,0.4
BM-sheet_1-8982,beam,0.256,0.0,1.6,0.8
BM-sheet_1-8983,beam,0.128,0.0,0.8,0.4
BM-sheet_1-8984,beam,0.256,0.0,1.6,0.8
BM-sheet_1-8985,beam,0.128,0.0,0.8,0.4
BM-sheet_1-8986,beam,0.256,0.0,1.6,0.8
BM-sheet_1-8987,beam,0.128,0.0,0.8,0.4
BM-sheet_1-8988,beam,0.256,0.0,1.6,0.8
BM-sheet_1-8989,beam,0.128,0.0,0.8,0.4
BM-sheet_1-8990,beam,0.256,0.0,1.6,0.8
BM-sheet_1-8991,beam,0.128,0.0,0.8,0.4
BM-sheet_1-8992,beam,0.256,0.0,1.6,0.8
BM-sheet_1-8993,beam,0.128,0.0,0.8,0.4
BM-sheet_1-8994,beam,0.256,0.0,1.6,0.8
BM-sheet_1-8995,beam,0.128,0.0,0.8,0.4
BM-sheet_1-8996,beam,0.256,0.0,1.6,0.8
BM-sheet_1-8997,beam,0.128,0.0,0.8,0.4
BM-sheet_1-8998,beam,0.256,0.0,1.6,0.8
BM-sheet_1-8999,beam,0.252,0.0,1.0,0.4
BM-sheet_1-9000,beam,0.504,0.0,2.0,0.8
BM-sheet_1-9001,beam,0.252,0.0,1.0,0.4
BM-sheet_1-9002,beam,0.504,0.0,2.0,0.8
BM-sheet_1-9003,beam,0.252,0.0,1.0,0.4
BM-sheet_1-9004,beam,0.504,0.0,2.0,0.8
BM-sheet_1-9005,beam,0.252,0.0,1.0,0.4
BM-sheet_1-9006,beam,0.504,0.0,2.0,0.8
BM-sheet_1-9007,beam,0.18,0.0,0.92,0.4
BM-sheet_1-9008,beam,0.36,0.0,1.84,0.8
BM-sheet_1-9009,beam,0.18,0.0,0.92,0.4
BM-sheet_1-9010,beam,0.36,0.0,1.84,0.8
BM-sheet_1-9011,beam,0.18,0.0,0.92,0.4
BM-sheet_1-9012,beam,0.36,0.0,1.84,0.8
BM-sheet_1-9013,beam,0.18,0.0,0.92,0.4
BM-sheet_1-9014,beam,0.36,0.0,1.84,0.8
BM-sheet_1-9015,beam,0.18,0.0,0.92,0.4
BM-sheet_1-9016,beam,0.36,0.0,1.84,0.8
BM-sheet_1-9017,beam,0.18,0.0,0.92,0.4
BM-sheet_1-9018,beam,0.36,0.0,1.84,0.8
BM-sheet_1-9019,beam,0.252,0.0,1.0,0.4
BM-sheet_1-9020,beam,0.504,0.0,2.0,0.8
BM-sheet_1-9021,beam,0.252,0.0,1.0,0.4
BM-sheet_1-9022,beam,0.504,0.0,2.0,0.8
BM-sheet_1-9023,beam,0.128,0.0,0.8,0.4
BM-sheet_1-9024,beam,0.256,0.0,1.6,0.8
BM-sheet_1-9025,beam,0.128,0.0,0.8,0.4
BM-sheet_1-9026,beam,0.256,0.0,1.6,0.8
BM-sheet_1-9027,beam,0.252,0.0,1.0,0.4
BM-sheet_1-9028,beam,0.504,0.0,2.0,0.8
BM-sheet_1-9029,beam,0.252,0.0,1.0,0.4
BM-sheet_1-9030,beam,0.504,0.0,2.0,0.8
BM-sheet_1-9031,beam,0.252,0.0,1.0,0.4
BM-sheet_1-9032,beam,0.504,0.0,2.0,0.8
BM-sheet_1-9033,beam,0.252,0.0,1.0,0.4
BM-sheet_1-9034,beam,0.504,0.0,2.0,0.8
BM-sheet_1-9035,beam,0.18,0.0,0.92,0.4
BM-sheet_1-9036,beam,0.864,0.0,2.4,0.8
BM-sheet_1-9037,beam,0.432,0.0,1.2,0.4
BM-sheet_1-9038,beam,0.36,0.0,1.84,0.8
BM-sheet_1-9039,beam,0.432,0.0,1.2,0.4
BM-sheet_1-9040,beam,0.864,0.0,2.4,0.8
BM-sheet_1-9041,beam,0.432,0.0,1.2,0.4
BM-sheet_1-9042,beam,0.864,0.0,2.4,0.8
BM-sheet_1-9043,beam,0.432,0.0,1.2,0.4
BM-sheet_1-9044,beam,0.864,0.0,2.4,0.8
BM-sheet_1-9045,beam,0.432,0.0,1.2,0.4
BM-sheet_1-9046,beam,0.864,0.0,2.4,0.8
BM-sheet_1-9047,beam,0.432,0.0,1.2,0.4
BM-sheet_1-9048,beam,0.864,0.0,2.4,0.8
BM-sheet_1-9049,beam,0.432,0.0,1.2,0.4
BM-sheet_1-9050,beam,0.864,0.0,2.4,0.8
BM-sheet_1-9051,beam,0.432,0.0,1.2,0.4
BM-sheet_1-9052,beam,0.864,0.0,2.4,0.8
BM-sheet_1-9053,beam,0.432,0.0,1.2,0.4
BM-sheet_1-9054,beam,0.864,0.0,2.4,0.8
BM-sheet_1-9055,beam,0.432,0.0,1.2,0.4
BM-sheet_1-9056,beam,0.864,0.0,2.4,0.8
BM-sheet_1-9057,beam,0.432,0.0,1.2,0.4
BM-sheet_1-9058,beam,0.864,0.0,2.4,0.8
BM-sheet_1-9059,beam,0.396,0.0,1.16,0.4
BM-sheet_1-9060,beam,0.792,0.0,2.32,0.8
BM-sheet_1-9061,beam,0.396,0.0,1.16,0.4
BM-sheet_1-9062,beam,0.792,0.0,2.32,0.8
BM-sheet_1-9063,beam,0.36,0.0,1.12,0.4
BM-sheet_1-9064,beam,0.72,0.0,2.24,0.8
BM-sheet_1-9065,beam,0.36,0.0,1.12,0.4
BM-sheet_1-9066,beam,0.72,0.0,2.24,0.8
BM-sheet_1-9067,beam,0.128,0.0,0.8,0.4
BM-sheet_1-9068,beam,0.256,0.0,1.6,0.8
BM-sheet_1-9069,beam,0.128,0.0,0.8,0.4
BM-sheet_1-9070,beam,0.256,0.0,1.6,0.8
BM-sheet_1-9071,beam,0.128,0.0,0.8,0.4
BM-sheet_1-9072,beam,0.256,0.0,1.6,0.8
BM-sheet_1-9073,beam,0.128,0.0,0.8,0.4
BM-sheet_1-9074,beam,0.256,0.0,1.6,0.8
BM-sheet_1-9075,beam,0.128,0.0,0.8,0.4
BM-sheet_1-9076,beam,0.256,0.0,1.6,0.8
BM-sheet_1-9077,beam,0.128,0.0,0.8,0.4
BM-sheet_1-9078,beam,0.256,0.0,1.6,0.8
BM-sheet_1-9079,beam,0.128,0.0,0.8,0.4
BM-sheet_1-9080,beam,0.256,0.0,1.6,0.8
BM-sheet_1-9081,beam,0.128,0.0,0.8,0.4
BM-sheet_1-9082,beam,0.256,0.0,1.6,0.8
BM-sheet_1-9083,beam,0.252,0.0,1.0,0.4
BM-sheet_1-9084,beam,0.504,0.0,2.0,0.8
BM-sheet_1-9085,beam,0.252,0.0,1.0,0.4
BM-sheet_1-9086,beam,0.504,0.0,2.0,0.8
BM-sheet_1-9087,beam,0.216,0.0,0.96,0.4
BM-sheet_1-9088,beam,0.432,0.0,1.92,0.8
BM-sheet_1-9089,beam,0.216,0.0,0.96,0.4
BM-sheet_1-9090,beam,0.432,0.0,1.92,0.8
BM-sheet_1-9091,beam,0.18,0.0,0.92,0.4
BM-sheet_1-9092,beam,0.36,0.0,1.84,0.8
BM-sheet_1-9093,beam,0.18,0.0,0.92,0.4
BM-sheet_1-9094,beam,0.36,0.0,1.84,0.8
BM-sheet_1-9095,beam,0.18,0.0,0.92,0.4
BM-sheet_1-9096,beam,0.36,0.0,1.84,0.8
BM-sheet_1-9097,beam,0.18,0.0,0.92,0.4
BM-sheet_1-9098,beam,0.36,0.0,1.84,0.8
BM-sheet_1-9099,beam,0.18,0.0,0.92,0.4
BM-sheet_1-9100,beam,0.36,0.0,1.84,0.8
BM-sheet_1-9101,beam,0.18,0.0,0.92,0.4
BM-sheet_1-9102,beam,0.36,0.0,1.84,0.8
BM-sheet_1-9103,beam,0.128,0.0,0.8,0.4
BM-sheet_1-9104,beam,0.256,0.0,1.6,0.8
BM-sheet_1-9105,beam,0.128,0.0,0.8,0.4
BM-sheet_1-9106,beam,0.256,0.0,1.6,0.8
BM-sheet_1-9107,beam,0.128,0.0,0.8,0.4
BM-sheet_1-9108,beam,0.256,0.0,1.6,0.8
BM-sheet_1-9109,beam,0.128,0.0,0.8,0.4
BM-sheet_1-9110,beam,0.256,0.0,1.6,0.8
BM-sheet_1-9111,beam,0.128,0.0,0.8,0.4
BM-sheet_1-9112,beam,0.256,0.0,1.6,0.8
BM-sheet_1-9113,beam,0.128,0.0,0.8,0.4
BM-sheet_1-9114,beam,0.256,0.0,1.6,0.8
BM-sheet_1-9115,beam,0.128,0.0,0.8,0.4
BM-sheet_1-9116,beam,0.256,0.0,1.6,0.8
BM-sheet_1-9117,beam,0.128,0.0,0.8,0.4
BM-sheet_1-9118,beam,0.256,0.0,1.6,0.8
BM-sheet_1-9119,beam,0.252,0.0,1.0,0.4
BM-sheet_1-9120,beam,0.504,0.0,2.0,0.8
BM-sheet_1-9121,beam,0.252,0.0,1.0,0.4
BM-sheet_1-9122,beam,0.504,0.0,2.0,0.8
BM-sheet_1-9123,beam,0.252,0.0,1.0,0.4
BM-sheet_1-9124,beam,0.504,0.0,2.0,0.8
BM-sheet_1-9125,beam,0.252,0.0,1.0,0.4
BM-sheet_1-9126,beam,0.504,0.0,2.0,0.8
BM-sheet_1-9127,beam,0.18,0.0,0.92,0.4
BM-sheet_1-9128,beam,0.36,0.0,1.84,0.8
BM-sheet_1-9129,beam,0.18,0.0,0.92,0.4
BM-sheet_1-9130,beam,0.36,0.0,1.84,0.8
BM-sheet_1-9131,beam,0.36,0.0,1.12,0.4
BM-sheet_1-9132,beam,0.72,0.0,2.24,0.8
BM-sheet_1-9133,beam,0.36,0.0,1.12,0.4
BM-sheet_1-9134,beam,0.72,0.0,2.24,0.8
BM-sheet_1-9135,beam,0.128,0.0,0.8,0.4
BM-sheet_1-9136,beam,0.256,0.0,1.6,0.8
BM-sheet_1-9137,beam,0.128,0.0,0.8,0.4
BM-sheet_1-9138,beam,0.256,0.0,1.6,0.8
BM-sheet_1-9139,beam,0.216,0.0,0.96,0.4
BM-sheet_1-9140,beam,0.432,0.0,1.92,0.8
BM-sheet_1-9141,beam,0.216,0.0,0.96,0.4
BM-sheet_1-9142,beam,0.432,0.0,1.92,0.8
BM-sheet_1-9143,beam,0.128,0.0,0.8,0.4
BM-sheet_1-9144,beam,0.256,0.0,1.6,0.8
BM-sheet_1-9145,beam,0.128,0.0,0.8,0.4
BM-sheet_1-9146,beam,0.256,0.0,1.6,0.8
BM-sheet_1-9147,beam,0.128,0.0,0.8,0.4
BM-sheet_1-9148,beam,0.256,0.0,1.6,0.8
BM-sheet_1-9149,beam,0.128,0.0,0.8,0.4
BM-sheet_1-9150,beam,0.256,0.0,1.6,0.8
BM-sheet_1-9151,beam,0.252,0.0,1.0,0.4
BM-sheet_1-9152,beam,0.504,0.0,2.0,0.8
BM-sheet_1-9153,beam,0.252,0.0,1.0,0.4
BM-sheet_1-9154,beam,0.504,0.0,2.0,0.8
BM-sheet_1-9155,beam,0.252,0.0,1.0,0.4
BM-sheet_1-9156,beam,0.504,0.0,2.0,0.8
BM-sheet_1-9157,beam,0.252,0.0,1.0,0.4
BM-sheet_1-9158,beam,0.504,0.0,2.0,0.8
BM-sheet_1-9159,beam,0.216,0.0,0.96,0.4
BM-sheet_1-9160,beam,0.432,0.0,1.92,0.8
BM-sheet_1-9161,beam,0.216,0.0,0.96,0.4
BM-sheet_1-9162,beam,0.432,0.0,1.92,0.8
BM-sheet_1-9163,beam,0.216,0.0,0.96,0.4
BM-sheet_1-9164,beam,0.432,0.0,1.92,0.8
BM-sheet_1-9165,beam,0.252,0.0,1.0,0.4
BM-sheet_1-9166,beam,0.432,0.0,1.92,0.8
BM-sheet_1-9167,beam,0.216,0.0,0.96,0.4
BM-sheet_1-9168,beam,0.432,0.0,1.92,0.8
BM-sheet_1-9169,beam,0.216,0.0,0.96,0.4
BM-sheet_1-9170,beam,0.432,0.0,1.92,0.8
BM-sheet_1-9171,beam,0.252,0.0,1.0,0.4
BM-sheet_1-9172,beam,0.504,0.0,2.0,0.8
BM-sheet_1-9173,beam,0.252,0.0,1.0,0.4
BM-sheet_1-9174,beam,0.504,0.0,2.0,0.8
BM-sheet_1-9175,beam,0.128,0.0,0.8,0.4
BM-sheet_1-9176,beam,0.256,0.0,1.6,0.8
BM-sheet_1-9177,beam,0.128,0.0,0.8,0.4
BM-sheet_1-9178,beam,0.256,0.0,1.6,0.8
BM-sheet_1-9179,beam,0.128,0.0,0.8,0.4
BM-sheet_1-9180,beam,0.256,0.0,1.6,0.8
BM-sheet_1-9181,beam,0.128,0.0,0.8,0.4
BM-sheet_1-9182,beam,0.256,0.0,1.6,0.8
BM-sheet_1-9183,beam,0.128,0.0,0.8,0.4
BM-sheet_1-9184,beam,0.256,0.0,1.6,0.8
BM-sheet_1-9185,beam,0.128,0.0,0.8,0.4
BM-sheet_1-9186,beam,0.256,0.0,1.6,0.8
BM-sheet_1-9187,beam,0.128,0.0,0.8,0.4
BM-sheet_1-9188,beam,0.256,0.0,1.6,0.8
BM-sheet_1-9189,beam,0.128,0.0,0.8,0.4
BM-sheet_1-9190,beam,0.256,0.0,1.6,0.8
BM-sheet_1-9191,beam,0.252,0.0,1.0,0.4
BM-sheet_1-9192,beam,0.504,0.0,2.0,0.8
BM-sheet_1-9193,beam,0.252,0.0,1.0,0.4
BM-sheet_1-9194,beam,0.504,0.0,2.0,0.8
BM-sheet_1-9195,beam,0.252,0.0,1.0,0.4
BM-sheet_1-9196,beam,0.504,0.0,2.0,0.8
BM-sheet_1-9197,beam,0.252,0.0,1.0,0.4
BM-sheet_1-9198,beam,0.504,0.0,2.0,0.8
BM-sheet_1-9199,beam,0.128,0.0,0.8,0.4
BM-sheet_1-9200,beam,0.256,0.0,1.6,0.8
BM-sheet_1-9201,beam,0.128,0.0,0.8,0.4
BM-sheet_1-9202,beam,0.256,0.0,1.6,0.8
BM-sheet_1-9203,beam,0.128,0.0,0.8,0.4
BM-sheet_1-9204,beam,0.256,0.0,1.6,0.8
BM-sheet_1-9205,beam,0.128,0.0,0.8,0.4
BM-sheet_1-9206,beam,0.256,0.0,1.6,0.8
BM-sheet_1-9207,beam,0.128,0.0,0.8,0.4
BM-sheet_1-9208,beam,0.256,0.0,1.6,0.8
BM-sheet_1-9209,beam,0.128,0.0,0.8,0.4
BM-sheet_1-9210,beam,0.256,0.0,1.6,0.8
BM-sheet_1-9211,beam,0.128,0.0,0.8,0.4
BM-sheet_1-9212,beam,0.256,0.0,1.6,0.8
BM-sheet_1-9213,beam,0.128,0.0,0.8,0.4
BM-sheet_1-9214,beam,0.256,0.0,1.6,0.8
BM-sheet_1-9215,beam,0.252,0.0,1.0,0.4
BM-sheet_1-9216,beam,0.504,0.0,2.0,0.8
BM-sheet_1-9217,beam,0.252,0.0,1.0,0.4
BM-sheet_1-9218,beam,0.504,0.0,2.0,0.8
BM-sheet_1-9219,beam,0.252,0.0,1.0,0.4
BM-sheet_1-9220,beam,0.504,0.0,2.0,0.8
BM-sheet_1-9221,beam,0.252,0.0,1.0,0.4
BM-sheet_1-9222,beam,0.504,0.0,2.0,0.8
BM-sheet_1-9223,beam,0.252,0.0,1.0,0.4
BM-sheet_1-9224,beam,0.504,0.0,2.0,0.8
BM-sheet_1-9225,beam,0.252,0.0,1.0,0.4
BM-sheet_1-9226,beam,0.504,0.0,2.0,0.8
BM-sheet_1-9227,beam,0.324,0.0,1.08,0.4
BM-sheet_1-9228,beam,0.648,0.0,2.16,0.8
BM-sheet_1-9229,beam,0.324,0.0,1.08,0.4
BM-sheet_1-9230,beam,0.648,0.0,2.16,0.8
BM-sheet_1-9231,beam,0.18,0.0,0.92,0.4
BM-sheet_1-9232,beam,0.36,0.0,1.84,0.8
BM-sheet_1-9233,beam,0.18,0.0,0.92,0.4
BM-sheet_1-9234,beam,0.36,0.0,1.84,0.8
BM-sheet_1-9235,beam,0.216,0.0,0.96,0.4
BM-sheet_1-9236,beam,0.432,0.0,1.92,0.8
BM-sheet_1-9237,beam,0.216,0.0,0.96,0.4
BM-sheet_1-9238,beam,0.432,0.0,1.92,0.8
BM-sheet_1-9239,beam,0.216,0.0,0.96,0.4
BM-sheet_1-9240,beam,0.36,0.0,1.84,0.8
BM-sheet_1-9241,beam,0.18,0.0,0.92,0.4
BM-sheet_1-9242,beam,0.432,0.0,1.92,0.8
BM-sheet_1-9243,beam,0.128,0.0,0.8,0.4
BM-sheet_1-9244,beam,0.36,0.0,1.84,0.8
BM-sheet_1-9245,beam,0.18,0.0,0.92,0.4
BM-sheet_1-9246,beam,0.36,0.0,1.84,0.8
BM-sheet_1-9247,beam,0.18,0.0,0.92,0.4
BM-sheet_1-9248,beam,0.36,0.0,1.84,0.8
BM-sheet_1-9249,beam,0.18,0.0,0.92,0.4
BM-sheet_1-9250,beam,0.36,0.0,1.84,0.8
BM-sheet_1-9251,beam,0.252,0.0,1.0,0.4
BM-sheet_1-9252,beam,0.504,0.0,2.0,0.8
BM-sheet_1-9253,beam,0.252,0.0,1.0,0.4
BM-sheet_1-9254,beam,0.504,0.0,2.0,0.8
BM-sheet_1-9255,beam,0.216,0.0,0.96,0.4
BM-sheet_1-9256,beam,0.432,0.0,1.92,0.8
BM-sheet_1-9257,beam,0.216,0.0,0.96,0.4
BM-sheet_1-9258,beam,0.432,0.0,1.92,0.8
BM-sheet_1-9259,beam,0.252,0.0,1.0,0.4
BM-sheet_1-9260,beam,0.504,0.0,2.0,0.8
BM-sheet_1-9261,beam,0.252,0.0,1.0,0.4
BM-sheet_1-9262,beam,0.504,0.0,2.0,0.8
BM-sheet_1-9263,beam,0.216,0.0,0.96,0.4
BM-sheet_1-9264,beam,0.432,0.0,1.92,0.8
BM-sheet_1-9265,beam,0.216,0.0,0.96,0.4
BM-sheet_1-9266,beam,0.432,0.0,1.92,0.8
BM-sheet_1-9267,beam,0.216,0.0,0.96,0.4
BM-sheet_1-9268,beam,0.432,0.0,1.92,0.8
BM-sheet_1-9269,beam,0.216,0.0,0.96,0.4
BM-sheet_1-9270,beam,0.432,0.0,1.92,0.8
BM-sheet_1-9271,beam,0.252,0.0,1.0,0.4
BM-sheet_1-9272,beam,0.504,0.0,2.0,0.8
BM-sheet_1-9273,beam,0.252,0.0,1.0,0.4
BM-sheet_1-9274,beam,0.504,0.0,2.0,0.8
BM-sheet_1-9275,beam,0.252,0.0,1.0,0.4
BM-sheet_1-9276,beam,0.504,0.0,2.0,0.8
BM-sheet_1-9277,beam,0.252,0.0,1.0,0.4
BM-sheet_1-9278,beam,0.504,0.0,2.0,0.8
BM-sheet_1-9279,beam,0.252,0.0,1.0,0.4
BM-sheet_1-9280,beam,0.504,0.0,2.0,0.8
BM-sheet_1-9281,beam,0.252,0.0,1.0,0.4
BM-sheet_1-9282,beam,0.504,0.0,2.0,0.8
BM-sheet_1-9283,beam,0.252,0.0,1.0,0.4
BM-sheet_1-9284,beam,0.504,0.0,2.0,0.8
BM-sheet_1-9285,beam,0.252,0.0,1.0,0.4
BM-sheet_1-9286,beam,0.504,0.0,2.0,0.8
BM-sheet_1-9287,beam,0.252,0.0,1.0,0.4
BM-sheet_1-9288,beam,0.504,0.0,2.0,0.8
BM-sheet_1-9289,beam,0.252,0.0,1.0,0.4
BM-sheet_1-9290,beam,0.504,0.0,2.0,0.8
BM-sheet_1-9291,beam,0.216,0.0,0.96,0.4
BM-sheet_1-9292,beam,0.432,0.0,1.92,0.8
BM-sheet_1-9293,beam,0.252,0.0,1.0,0.4
BM-sheet_1-9294,beam,0.432,0.0,1.92,0.8
BM-sheet_1-9295,beam,0.128,0.0,0.8,0.4
BM-sheet_1-9296,beam,0.256,0.0,1.6,0.8
BM-sheet_1-9297,beam,0.128,0.0,0.8,0.4
BM-sheet_1-9298,beam,0.256,0.0,1.6,0.8
BM-sheet_1-9299,beam,0.128,0.0,0.8,0.4
BM-sheet_1-9300,beam,0.256,0.0,1.6,0.8
BM-sheet_1-9301,beam,0.128,0.0,0.8,0.4
BM-sheet_1-9302,beam,0.256,0.0,1.6,0.8
BM-sheet_1-9303,beam,0.18,0.0,0.92,0.4
BM-sheet_1-9304,beam,0.36,0.0,1.84,0.8
BM-sheet_1-9305,beam,0.18,0.0,0.92,0.4
BM-sheet_1-9306,beam,0.36,0.0,1.84,0.8
BM-sheet_1-9307,beam,0.18,0.0,0.92,0.4
BM-sheet_1-9308,beam,0.36,0.0,1.84,0.8
BM-sheet_1-9309,beam,0.18,0.0,0.92,0.4
BM-sheet_1-9310,beam,0.36,0.0,1.84,0.8
BM-sheet_1-9311,beam,0.128,0.0,0.8,0.4
BM-sheet_1-9312,beam,0.256,0.0,1.6,0.8
BM-sheet_1-9313,beam,0.128,0.0,0.8,0.4
BM-sheet_1-9314,beam,0.256,0.0,1.6,0.8
BM-sheet_1-9315,beam,0.128,0.0,0.8,0.4
BM-sheet_1-9316,beam,0.256,0.0,1.6,0.8
BM-sheet_1-9317,beam,0.128,0.0,0.8,0.4
BM-sheet_1-9318,beam,0.256,0.0,1.6,0.8
BM-sheet_1-9319,beam,0.128,0.0,0.8,0.4
BM-sheet_1-9320,beam,0.256,0.0,1.6,0.8
BM-sheet_1-9321,beam,0.128,0.0,0.8,0.4
BM-sheet_1-9322,beam,0.256,0.0,1.6,0.8
BM-sheet_1-9323,beam,0.128,0.0,0.8,0.4
BM-sheet_1-9324,beam,0.256,0.0,1.6,0.8
BM-sheet_1-9325,beam,0.128,0.0,0.8,0.4
BM-sheet_1-9326,beam,0.256,0.0,1.6,0.8
BM-sheet_1-9327,beam,0.192,0.0,1.2,0.6
BM-sheet_1-9328,beam,0.32,0.0,2.0,1.0
BM-sheet_1-9329,beam,0.192,0.0,1.2,0.6
BM-sheet_1-9330,beam,0.32,0.0,2.0,1.0
BM-sheet_1-9331,beam,0.192,0.0,1.2,0.6
BM-sheet_1-9332,beam,0.32,0.0,2.0,1.0
BM-sheet_1-9333,beam,0.192,0.0,1.2,0.6
BM-sheet_1-9334,beam,0.32,0.0,2.0,1.0
BM-sheet_1-9335,beam,0.192,0.0,1.2,0.6
BM-sheet_1-9336,beam,0.32,0.0,2.0,1.0
BM-sheet_1-9337,beam,0.192,0.0,1.2,0.6
BM-sheet_1-9338,beam,0.32,0.0,2.0,1.0
BM-sheet_1-9339,beam,0.192,0.0,1.2,0.6
BM-sheet_1-9340,beam,0.32,0.0,2.0,1.0
BM-sheet_1-9341,beam,0.192,0.0,1.2,0.6
BM-sheet_1-9342,beam,0.32,0.0,2.0,1.0
BM-sheet_1-9343,beam,0.192,0.0,1.2,0.6
BM-sheet_1-9344,beam,0.32,0.0,2.0,1.0
BM-sheet_1-9345,beam,0.192,0.0,1.2,0.6
BM-sheet_1-9346,beam,0.32,0.0,2.0,1.0
BM-sheet_1-9347,beam,0.192,0.0,1.2,0.6
BM-sheet_1-9348,beam,0.32,0.0,2.0,1.0
BM-sheet_1-9349,beam,0.192,0.0,1.2,0.6
BM-sheet_1-9350,beam,0.32,0.0,2.0,1.0
BM-sheet_1-9351,beam,0.192,0.0,1.2,0.6
BM-sheet_1-9352,beam,0.32,0.0,2.0,1.0
BM-sheet_1-9353,beam,0.192,0.0,1.2,0.6
BM-sheet_1-9354,beam,0.32,0.0,2.0,1.0
BM-sheet_1-9355,beam,0.192,0.0,1.2,0.6
BM-sheet_1-9356,beam,0.32,0.0,2.0,1.0
BM-sheet_1-9357,beam,0.192,0.0,1.2,0.6
BM-sheet_1-9358,beam,0.32,0.0,2.0,1.0
BM-sheet_1-9359,beam,0.192,0.0,1.2,0.6
BM-sheet_1-9360,beam,0.32,0.0,2.0,1.0
BM-sheet_1-9361,beam,0.192,0.0,1.2,0.6
BM-sheet_1-9362,beam,0.32,0.0,2.0,1.0
BM-sheet_1-9363,beam,0.192,0.0,1.2,0.6
BM-sheet_1-9364,beam,0.32,0.0,2.0,1.0
BM-sheet_1-9365,beam,0.192,0.0,1.2,0.6
BM-sheet_1-9366,beam,0.32,0.0,2.0,1.0
BM-sheet_1-9367,beam,0.192,0.0,1.2,0.6
BM-sheet_1-9368,beam,0.32,0.0,2.0,1.0
BM-sheet_1-9369,beam,0.192,0.0,1.2,0.6
BM-sheet_1-9370,beam,0.32,0.0,2.0,1.0
BM-sheet_1-9371,beam,0.192,0.0,1.2,0.6
BM-sheet_1-9372,beam,0.32,0.0,2.0,1.0
BM-sheet_1-9373,beam,0.192,0.0,1.2,0.6
BM-sheet_1-9374,beam,0.32,0.0,2.0,1.0
BM-sheet_1-9375,beam,0.192,0.0,1.2,0.6
BM-sheet_1-9376,beam,0.32,0.0,2.0,1.0
BM-sheet_1-9377,beam,0.192,0.0,1.2,0.6
BM-sheet_1-9378,beam,0.32,0.0,2.0,1.0
BM-sheet_1-9379,beam,0.192,0.0,1.2,0.6
BM-sheet_1-9380,beam,0.32,0.0,2.0,1.0
BM-sheet_1-9381,beam,0.192,0.0,1.2,0.6
BM-sheet_1-9382,beam,0.32,0.0,2.0,1.0
BM-sheet_1-9383,beam,0.192,0.0,1.2,0.6
BM-sheet_1-9384,beam,0.32,0.0,2.0,1.0
BM-sheet_1-9385,beam,0.192,0.0,1.2,0.6
BM-sheet_1-9386,beam,0.32,0.0,2.0,1.0
BM-sheet_1-9387,beam,0.192,0.0,1.2,0.6
BM-sheet_1-9388,beam,0.32,0.0,2.0,1.0
BM-sheet_1-9389,beam,0.192,0.0,1.2,0.6
BM-sheet_1-9390,beam,0.32,0.0,2.0,1.0
BM-sheet_1-9391,beam,0.192,0.0,1.2,0.6
BM-sheet_1-9392,beam,0.32,0.0,2.0,1.0
BM-sheet_1-9393,beam,0.192,0.0,1.2,0.6
BM-sheet_1-9394,beam,0.32,0.0,2.0,1.0
BM-sheet_1-9395,beam,0.192,0.0,1.2,0.6
BM-sheet_1-9396,beam,0.32,0.0,2.0,1.0
BM-sheet_1-9397,beam,0.192,0.0,1.2,0.6
BM-sheet_1-9398,beam,0.32,0.0,2.0,1.0
BM-sheet_1-9399,beam,0.192,0.0,1.2,0.6
BM-sheet_1-9400,beam,0.32,0.0,2.0,1.0
BM-sheet_1-9401,beam,0.192,0.0,1.2,0.6
BM-sheet_1-9402,beam,0.32,0.0,2.0,1.0
BM-sheet_1-9403,beam,0.192,0.0,1.2,0.6
BM-sheet_1-9404,beam,0.32,0.0,2.0,1.0
BM-sheet_1-9405,beam,0.192,0.0,1.2,0.6
BM-sheet_1-9406,beam,0.32,0.0,2.0,1.0
BM-sheet_1-9407,beam,0.192,0.0,1.2,0.6
BM-sheet_1-9408,beam,0.32,0.0,2.0,1.0
BM-sheet_1-9409,beam,0.192,0.0,1.2,0.6
BM-sheet_1-9410,beam,0.32,0.0,2.0,1.0
BM-sheet_1-9411,beam,0.192,0.0,1.2,0.6
BM-sheet_1-9412,beam,0.32,0.0,2.0,1.0
BM-sheet_1-9413,beam,0.192,0.0,1.2,0.6
BM-sheet_1-9414,beam,0.32,0.0,2.0,1.0
BM-sheet_1-9415,beam,0.192,0.0,1.2,0.6
BM-sheet_1-9416,beam,0.32,0.0,2.0,1.0
BM-sheet_1-9417,beam,0.192,0.0,1.2,0.6
BM-sheet_1-9418,beam,0.32,0.0,2.0,1.0
BM-sheet_1-9419,beam,0.192,0.0,1.2,0.6
BM-sheet_1-9420,beam,0.32,0.0,2.0,1.0
BM-sheet_1-9421,beam,0.192,0.0,1.2,0.6
BM-sheet_1-9422,beam,0.32,0.0,2.0,1.0
BM-sheet_1-9423,beam,0.192,0.0,1.2,0.6
BM-sheet_1-9424,beam,0.32,0.0,2.0,1.0
BM-sheet_1-9425,beam,0.192,0.0,1.2,0.6
BM-sheet_1-9426,beam,0.32,0.0,2.0,1.0
BM-sheet_1-9427,beam,0.192,0.0,1.2,0.6
BM-sheet_1-9428,beam,0.32,0.0,2.0,1.0
BM-sheet_1-9429,beam,0.192,0.0,1.2,0.6
BM-sheet_1-9430,beam,0.32,0.0,2.0,1.0
BM-sheet_1-9431,beam,0.192,0.0,1.2,0.6
BM-sheet_1-9432,beam,0.32,0.0,2.0,1.0
BM-sheet_1-9433,beam,0.192,0.0,1.2,0.6
BM-sheet_1-9434,beam,0.32,0.0,2.0,1.0
BM-sheet_1-9435,beam,0.192,0.0,1.2,0.6
BM-sheet_1-9436,beam,0.32,0.0,2.0,1.0
BM-sheet_1-9437,beam,0.192,0.0,1.2,0.6
BM-sheet_1-9438,beam,0.32,0.0,2.0,1.0
BM-sheet_1-9439,beam,0.192,0.0,1.2,0.6
BM-sheet_1-9440,beam,0.32,0.0,2.0,1.0
BM-sheet_1-9441,beam,0.192,0.0,1.2,0.6
BM-sheet_1-9442,beam,0.32,0.0,2.0,1.0
BM-sheet_1-9443,beam,0.192,0.0,1.2,0.6
BM-sheet_1-9444,beam,0.32,0.0,2.0,1.0
BM-sheet_1-9445,beam,0.192,0.0,1.2,0.6
BM-sheet_1-9446,beam,0.32,0.0,2.0,1.0
BM-sheet_1-9447,beam,0.192,0.0,1.2,0.6
BM-sheet_1-9448,beam,0.32,0.0,2.0,1.0
BM-sheet_1-9449,beam,0.192,0.0,1.2,0.6
BM-sheet_1-9450,beam,0.32,0.0,2.0,1.0
BM-sheet_1-9451,beam,0.192,0.0,1.2,0.6
BM-sheet_1-9452,beam,0.32,0.0,2.0,1.0
BM-sheet_1-9453,beam,0.192,0.0,1.2,0.6
BM-sheet_1-9454,beam,0.32,0.0,2.0,1.0
BM-sheet_1-9455,beam,0.192,0.0,1.2,0.6
BM-sheet_1-9456,beam,0.32,0.0,2.0,1.0
BM-sheet_1-9457,beam,0.192,0.0,1.2,0.6
BM-sheet_1-9458,beam,0.32,0.0,2.0,1.0
BM-sheet_1-9459,beam,0.192,0.0,1.2,0.6
BM-sheet_1-9460,beam,0.32,0.0,2.0,1.0
BM-sheet_1-9461,beam,0.192,0.0,1.2,0.6
BM-sheet_1-9462,beam,0.32,0.0,2.0,1.0
BM-sheet_1-9463,beam,0.192,0.0,1.2,0.6
BM-sheet_1-9464,beam,0.32,0.0,2.0,1.0
BM-sheet_1-9465,beam,0.192,0.0,1.2,0.6
BM-sheet_1-9466,beam,0.32,0.0,2.0,1.0
BM-sheet_1-9467,beam,0.192,0.0,1.2,0.6
BM-sheet_1-9468,beam,0.32,0.0,2.0,1.0
BM-sheet_1-9469,beam,0.192,0.0,1.2,0.6
BM-sheet_1-9470,beam,0.32,0.0,2.0,1.0
BM-sheet_1-9471,beam,0.192,0.0,1.2,0.6
BM-sheet_1-9472,beam,0.32,0.0,2.0,1.0
BM-sheet_1-9473,beam,0.192,0.0,1.2,0.6
BM-sheet_1-9474,beam,0.32,0.0,2.0,1.0
BM-sheet_1-9475,beam,0.192,0.0,1.2,0.6
BM-sheet_1-9476,beam,0.32,0.0,2.0,1.0
BM-sheet_1-9477,beam,0.192,0.0,1.2,0.6
BM-sheet_1-9478,beam,0.32,0.0,2.0,1.0
BM-sheet_1-9479,beam,0.192,0.0,1.2,0.6
BM-sheet_1-9480,beam,0.32,0.0,2.0,1.0
BM-sheet_1-9481,beam,0.192,0.0,1.2,0.6
BM-sheet_1-9482,beam,0.32,0.0,2.0,1.0
BM-sheet_1-9483,beam,0.192,0.0,1.2,0.6
BM-sheet_1-9484,beam,0.32,0.0,2.0,1.0
BM-sheet_1-9485,beam,0.192,0.0,1.2,0.6
BM-sheet_1-9486,beam,0.32,0.0,2.0,1.0
BM-sheet_1-9487,beam,0.192,0.0,1.2,0.6
BM-sheet_1-9488,beam,0.32,0.0,2.0,1.0
BM-sheet_1-9489,beam,0.192,0.0,1.2,0.6
BM-sheet_1-9490,beam,0.32,0.0,2.0,1.0
BM-sheet_1-9491,beam,0.192,0.0,1.2,0.6
BM-sheet_1-9492,beam,0.32,0.0,2.0,1.0
BM-sheet_1-9493,beam,0.192,0.0,1.2,0.6
BM-sheet_1-9494,beam,0.32,0.0,2.0,1.0
BM-sheet_1-9495,beam,0.192,0.0,1.2,0.6
BM-sheet_1-9496,beam,0.32,0.0,2.0,1.0
BM-sheet_1-9497,beam,0.192,0.0,1.2,0.6
BM-sheet_1-9498,beam,0.32,0.0,2.0,1.0
BM-sheet_1-9499,beam,0.192,0.0,1.2,0.6
BM-sheet_1-9500,beam,0.32,0.0,2.0,1.0
BM-sheet_1-9501,beam,0.192,0.0,1.2,0.6
BM-sheet_1-9502,beam,0.32,0.0,2.0,1.0
BM-sheet_1-9503,beam,0.192,0.0,1.2,0.6
BM-sheet_1-9504,beam,0.32,0.0,2.0,1.0
BM-sheet_1-9505,beam,0.192,0.0,1.2,0.6
BM-sheet_1-9506,beam,0.32,0.0,2.0,1.0
BM-sheet_1-9507,beam,0.192,0.0,1.2,0.6
BM-sheet_1-9508,beam,0.32,0.0,2.0,1.0
BM-sheet_1-9509,beam,0.192,0.0,1.2,0.6
BM-sheet_1-9510,beam,0.32,0.0,2.0,1.0
BM-sheet_1-9511,beam,0.192,0.0,1.2,0.6
BM-sheet_1-9512,beam,0.32,0.0,2.0,1.0
BM-sheet_1-9513,beam,0.192,0.0,1.2,0.6
BM-sheet_1-9514,beam,0.32,0.0,2.0,1.0
BM-sheet_1-9515,beam,0.192,0.0,1.2,0.6
BM-sheet_1-9516,beam,0.32,0.0,2.0,1.0
BM-sheet_1-9517,beam,0.192,0.0,1.2,0.6
BM-sheet_1-9518,beam,0.32,0.0,2.0,1.0
BM-sheet_1-9519,beam,0.192,0.0,1.2,0.6
BM-sheet_1-9520,beam,0.32,0.0,2.0,1.0
BM-sheet_1-9521,beam,0.192,0.0,1.2,0.6
BM-sheet_1-9522,beam,0.32,0.0,2.0,1.0
BM-sheet_1-9523,beam,0.192,0.0,1.2,0.6
BM-sheet_1-9524,beam,0.32,0.0,2.0,1.0
BM-sheet_1-9525,beam,0.192,0.0,1.2,0.6
BM-sheet_1-9526,beam,0.32,0.0,2.0,1.0
BM-sheet_1-9527,beam,0.192,0.0,1.2,0.6
BM-sheet_1-9528,beam,0.32,0.0,2.0,1.0
BM-sheet_1-9529,beam,0.192,0.0,1.2,0.6
BM-sheet_1-9530,beam,0.32,0.0,2.0,1.0
BM-sheet_1-9531,beam,0.192,0.0,1.2,0.6
BM-sheet_1-9532,beam,0.32,0.0,2.0,1.0
BM-sheet_1-9533,beam,0.192,0.0,1.2,0.6
BM-sheet_1-9534,beam,0.32,0.0,2.0,1.0
BM-sheet_1-9535,beam,0.192,0.0,1.2,0.6
BM-sheet_1-9536,beam,0.32,0.0,2.0,1.0
BM-sheet_1-9537,beam,0.192,0.0,1.2,0.6
BM-sheet_1-9538,beam,0.32,0.0,2.0,1.0
BM-sheet_1-9539,beam,0.192,0.0,1.2,0.6
BM-sheet_1-9540,beam,0.32,0.0,2.0,1.0
BM-sheet_1-9541,beam,0.192,0.0,1.2,0.6
BM-sheet_1-9542,beam,0.32,0.0,2.0,1.0
BM-sheet_1-9543,beam,0.192,0.0,1.2,0.6
BM-sheet_1-9544,beam,0.32,0.0,2.0,1.0
BM-sheet_1-9545,beam,0.192,0.0,1.2,0.6
BM-sheet_1-9546,beam,0.32,0.0,2.0,1.0
BM-sheet_1-9547,beam,0.192,0.0,1.2,0.6
BM-sheet_1-9548,beam,0.32,0.0,2.0,1.0
BM-sheet_1-9549,beam,0.192,0.0,1.2,0.6
BM-sheet_1-9550,beam,0.32,0.0,2.0,1.0
BM-sheet_1-9551,beam,0.192,0.0,1.2,0.6
BM-sheet_1-9552,beam,0.32,0.0,2.0,1.0
BM-sheet_1-9553,beam,0.192,0.0,1.2,0.6
BM-sheet_1-9554,beam,0.32,0.0,2.0,1.0
BM-sheet_1-9555,beam,0.192,0.0,1.2,0.6
BM-sheet_1-9556,beam,0.32,0.0,2.0,1.0
BM-sheet_1-9557,beam,0.192,0.0,1.2,0.6
BM-sheet_1-9558,beam,0.32,0.0,2.0,1.0
BM-sheet_1-9559,beam,0.192,0.0,1.2,0.6
BM-sheet_1-9560,beam,0.32,0.0,2.0,1.0
BM-sheet_1-9561,beam,0.192,0.0,1.2,0.6
BM-sheet_1-9562,beam,0.32,0.0,2.0,1.0
BM-sheet_1-9563,beam,0.192,0.0,1.2,0.6
BM-sheet_1-9564,beam,0.32,0.0,2.0,1.0
BM-sheet_1-9565,beam,0.192,0.0,1.2,0.6
BM-sheet_1-9566,beam,0.32,0.0,2.0,1.0
BM-sheet_1-9567,beam,0.192,0.0,1.2,0.6
BM-sheet_1-9568,beam,0.32,0.0,2.0,1.0
BM-sheet_1-9569,beam,0.192,0.0,1.2,0.6
BM-sheet_1-9570,beam,0.32,0.0,2.0,1.0
BM-sheet_1-9571,beam,0.192,0.0,1.2,0.6
BM-sheet_1-9572,beam,0.32,0.0,2.0,1.0
BM-sheet_1-9573,beam,0.192,0.0,1.2,0.6
BM-sheet_1-9574,beam,0.32,0.0,2.0,1.0
BM-sheet_1-9575,beam,0.192,0.0,1.2,0.6
BM-sheet_1-9576,beam,0.32,0.0,2.0,1.0
BM-sheet_1-9577,beam,0.192,0.0,1.2,0.6
BM-sheet_1-9578,beam,0.32,0.0,2.0,1.0
BM-sheet_1-9579,beam,0.192,0.0,1.2,0.6
BM-sheet_1-9580,beam,0.32,0.0,2.0,1.0
BM-sheet_1-9581,beam,0.192,0.0,1.2,0.6
BM-sheet_1-9582,beam,0.32,0.0,2.0,1.0
BM-sheet_1-9583,beam,0.192,0.0,1.2,0.6
BM-sheet_1-9584,beam,0.32,0.0,2.0,1.0
BM-sheet_1-9585,beam,0.192,0.0,1.2,0.6
BM-sheet_1-9586,beam,0.32,0.0,2.0,1.0
BM-sheet_1-9587,beam,0.192,0.0,1.2,0.6
BM-sheet_1-9588,beam,0.32,0.0,2.0,1.0
BM-sheet_1-9589,beam,0.192,0.0,1.2,0.6
BM-sheet_1-9590,beam,0.32,0.0,2.0,1.0
BM-sheet_1-9591,beam,0.192,0.0,1.2,0.6
BM-sheet_1-9592,beam,0.32,0.0,2.0,1.0
BM-sheet_1-9593,beam,0.192,0.0,1.2,0.6
BM-sheet_1-9594,beam,0.32,0.0,2.0,1.0
BM-sheet_1-9595,beam,0.27,0.0,1.38,0.6
BM-sheet_1-9596,beam,0.45,0.0,2.3,1.0
BM-sheet_1-9597,beam,0.27,0.0,1.38,0.6
BM-sheet_1-9598,beam,0.45,0.0,2.3,1.0
BM-sheet_1-9599,beam,0.27,0.0,1.38,0.6
BM-sheet_1-9600,beam,0.45,0.0,2.3,1.0
BM-sheet_1-9601,beam,0.27,0.0,1.38,0.6
BM-sheet_1-9602,beam,0.45,0.0,2.3,1.0
BM-sheet_1-9603,beam,0.192,0.0,1.2,0.6
BM-sheet_1-9604,beam,0.32,0.0,2.0,1.0
BM-sheet_1-9605,beam,0.192,0.0,1.2,0.6
BM-sheet_1-9606,beam,0.32,0.0,2.0,1.0
BM-sheet_1-9607,beam,0.192,0.0,1.2,0.6
BM-sheet_1-9608,beam,0.32,0.0,2.0,1.0
BM-sheet_1-9609,beam,0.192,0.0,1.2,0.6
BM-sheet_1-9610,beam,0.32,0.0,2.0,1.0
BM-sheet_1-9611,beam,0.192,0.0,1.2,0.6
BM-sheet_1-9612,beam,0.32,0.0,2.0,1.0
BM-sheet_1-9613,beam,0.192,0.0,1.2,0.6
BM-sheet_1-9614,beam,0.32,0.0,2.0,1.0
BM-sheet_1-9615,beam,0.192,0.0,1.2,0.6
BM-sheet_1-9616,beam,0.32,0.0,2.0,1.0
BM-sheet_1-9617,beam,0.192,0.0,1.2,0.6
BM-sheet_1-9618,beam,0.32,0.0,2.0,1.0
BM-sheet_1-9619,beam,0.192,0.0,1.2,0.6
BM-sheet_1-9620,beam,0.32,0.0,2.0,1.0
BM-sheet_1-9621,beam,0.192,0.0,1.2,0.6
BM-sheet_1-9622,beam,0.32,0.0,2.0,1.0
BM-sheet_1-9623,beam,0.192,0.0,1.2,0.6
BM-sheet_1-9624,beam,0.32,0.0,2.0,1.0
BM-sheet_1-9625,beam,0.192,0.0,1.2,0.6
BM-sheet_1-9626,beam,0.32,0.0,2.0,1.0
BM-sheet_1-9627,beam,0.192,0.0,1.2,0.6
BM-sheet_1-9628,beam,0.32,0.0,2.0,1.0
BM-sheet_1-9629,beam,0.192,0.0,1.2,0.6
BM-sheet_1-9630,beam,0.32,0.0,2.0,1.0
BM-sheet_1-9631,beam,0.192,0.0,1.2,0.6
BM-sheet_1-9632,beam,0.32,0.0,2.0,1.0
BM-sheet_1-9633,beam,0.192,0.0,1.2,0.6
BM-sheet_1-9634,beam,0.32,0.0,2.0,1.0
BM-sheet_1-9635,beam,0.192,0.0,1.2,0.6
BM-sheet_1-9636,beam,0.32,0.0,2.0,1.0
BM-sheet_1-9637,beam,0.192,0.0,1.2,0.6
BM-sheet_1-9638,beam,0.32,0.0,2.0,1.0
BM-sheet_1-9639,beam,0.192,0.0,1.2,0.6
BM-sheet_1-9640,beam,0.32,0.0,2.0,1.0
BM-sheet_1-9641,beam,0.192,0.0,1.2,0.6
BM-sheet_1-9642,beam,0.32,0.0,2.0,1.0
BM-sheet_1-9643,beam,0.192,0.0,1.2,0.6
BM-sheet_1-9644,beam,0.32,0.0,2.0,1.0
BM-sheet_1-9645,beam,0.192,0.0,1.2,0.6
BM-sheet_1-9646,beam,0.32,0.0,2.0,1.0
BM-sheet_1-9647,beam,0.192,0.0,1.2,0.6
BM-sheet_1-9648,beam,0.32,0.0,2.0,1.0
BM-sheet_1-9649,beam,0.192,0.0,1.2,0.6
BM-sheet_1-9650,beam,0.32,0.0,2.0,1.0
BM-sheet_1-9651,beam,0.192,0.0,1.2,0.6
BM-sheet_1-9652,beam,0.32,0.0,2.0,1.0
BM-sheet_1-9653,beam,0.192,0.0,1.2,0.6
BM-sheet_1-9654,beam,0.32,0.0,2.0,1.0
BM-sheet_1-9655,beam,0.192,0.0,1.2,0.6
BM-sheet_1-9656,beam,0.32,0.0,2.0,1.0
BM-sheet_1-9657,beam,0.192,0.0,1.2,0.6
BM-sheet_1-9658,beam,0.32,0.0,2.0,1.0
BM-sheet_1-9659,beam,0.192,0.0,1.2,0.6
BM-sheet_1-9660,beam,0.32,0.0,2.0,1.0
BM-sheet_1-9661,beam,0.192,0.0,1.2,0.6
BM-sheet_1-9662,beam,0.32,0.0,2.0,1.0
BM-sheet_1-9663,beam,0.192,0.0,1.2,0.6
BM-sheet_1-9664,beam,0.32,0.0,2.0,1.0
BM-sheet_1-9665,beam,0.192,0.0,1.2,0.6
BM-sheet_1-9666,beam,0.32,0.0,2.0,1.0
BM-sheet_1-9667,beam,0.192,0.0,1.2,0.6
BM-sheet_1-9668,beam,0.32,0.0,2.0,1.0
BM-sheet_1-9669,beam,0.192,0.0,1.2,0.6
BM-sheet_1-9670,beam,0.32,0.0,2.0,1.0
BM-sheet_1-9671,beam,0.192,0.0,1.2,0.6
BM-sheet_1-9672,beam,0.32,0.0,2.0,1.0
BM-sheet_1-9673,beam,0.192,0.0,1.2,0.6
BM-sheet_1-9674,beam,0.32,0.0,2.0,1.0
BM-sheet_1-9675,beam,0.192,0.0,1.2,0.6
BM-sheet_1-9676,beam,0.32,0.0,2.0,1.0
BM-sheet_1-9677,beam,0.192,0.0,1.2,0.6
BM-sheet_1-9678,beam,0.32,0.0,2.0,1.0
BM-sheet_1-9679,beam,0.192,0.0,1.2,0.6
BM-sheet_1-9680,beam,0.32,0.0,2.0,1.0
BM-sheet_1-9681,beam,0.192,0.0,1.2,0.6
BM-sheet_1-9682,beam,0.32,0.0,2.0,1.0
BM-sheet_1-9683,beam,0.192,0.0,1.2,0.6
BM-sheet_1-9684,beam,0.32,0.0,2.0,1.0
BM-sheet_1-9685,beam,0.192,0.0,1.2,0.6
BM-sheet_1-9686,beam,0.32,0.0,2.0,1.0
BM-sheet_1-9687,beam,0.192,0.0,1.2,0.6
BM-sheet_1-9688,beam,0.32,0.0,2.0,1.0
BM-sheet_1-9689,beam,0.192,0.0,1.2,0.6
BM-sheet_1-9690,beam,0.32,0.0,2.0,1.0
BM-sheet_1-9691,beam,0.192,0.0,1.2,0.6
BM-sheet_1-9692,beam,0.32,0.0,2.0,1.0
BM-sheet_1-9693,beam,0.192,0.0,1.2,0.6
BM-sheet_1-9694,beam,0.32,0.0,2.0,1.0
BM-sheet_1-9695,beam,0.192,0.0,1.2,0.6
BM-sheet_1-9696,beam,0.32,0.0,2.0,1.0
BM-sheet_1-9697,beam,0.192,0.0,1.2,0.6
BM-sheet_1-9698,beam,0.32,0.0,2.0,1.0
BM-sheet_1-9699,beam,0.256,0.0,1.6,0.8
BM-sheet_1-9700,beam,0.704,0.0,4.4,2.2
BM-sheet_1-9701,beam,0.256,0.0,1.6,0.8
BM-sheet_1-9702,beam,0.704,0.0,4.4,2.2
BM-sheet_1-9703,beam,0.192,0.0,1.2,0.6
BM-sheet_1-9704,beam,0.32,0.0,2.0,1.0
BM-sheet_1-9705,beam,0.192,0.0,1.2,0.6
BM-sheet_1-9706,beam,0.32,0.0,2.0,1.0
BM-sheet_1-9707,beam,0.192,0.0,1.2,0.6
BM-sheet_1-9708,beam,0.32,0.0,2.0,1.0
BM-sheet_1-9709,beam,0.192,0.0,1.2,0.6
BM-sheet_1-9710,beam,0.32,0.0,2.0,1.0
BM-sheet_1-9711,beam,0.192,0.0,1.2,0.6
BM-sheet_1-9712,beam,0.48,0.0,3.0,1.5
BM-sheet_1-9713,beam,0.192,0.0,1.2,0.6
BM-sheet_1-9714,beam,0.48,0.0,3.0,1.5
BM-sheet_1-9715,beam,0.192,0.0,1.2,0.6
BM-sheet_1-9716,beam,0.48,0.0,3.0,1.5
BM-sheet_1-9717,beam,0.192,0.0,1.2,0.6
BM-sheet_1-9718,beam,0.48,0.0,3.0,1.5
BM-sheet_1-9719,beam,0.192,0.0,1.2,0.6
BM-sheet_1-9720,beam,0.48,0.0,3.0,1.5
BM-sheet_1-9721,beam,0.192,0.0,1.2,0.6
BM-sheet_1-9722,beam,0.48,0.0,3.0,1.5
BM-sheet_1-9723,beam,0.192,0.0,1.2,0.6
BM-sheet_1-9724,beam,0.48,0.0,3.0,1.5
BM-sheet_1-9725,beam,0.192,0.0,1.2,0.6
BM-sheet_1-9726,beam,0.48,0.0,3.0,1.5
BM-sheet_1-9727,beam,0.192,0.0,1.2,0.6
BM-sheet_1-9728,beam,0.544,0.0,3.4,1.7
BM-sheet_1-9729,beam,0.192,0.0,1.2,0.6
BM-sheet_1-9730,beam,0.544,0.0,3.4,1.7
BM-sheet_1-9731,beam,0.192,0.0,1.2,0.6
BM-sheet_1-9732,beam,0.48,0.0,3.0,1.5
BM-sheet_1-9733,beam,0.192,0.0,1.2,0.6
BM-sheet_1-9734,beam,0.48,0.0,3.0,1.5
BM-sheet_1-9735,beam,0.192,0.0,1.2,0.6
BM-sheet_1-9736,beam,0.32,0.0,2.0,1.0
BM-sheet_1-9737,beam,0.192,0.0,1.2,0.6
BM-sheet_1-9738,beam,0.32,0.0,2.0,1.0
BM-sheet_1-9739,beam,0.192,0.0,1.2,0.6
BM-sheet_1-9740,beam,0.32,0.0,2.0,1.0
BM-sheet_1-9741,beam,0.192,0.0,1.2,0.6
BM-sheet_1-9742,beam,0.32,0.0,2.0,1.0
BM-sheet_1-9743,beam,0.192,0.0,1.2,0.6
BM-sheet_1-9744,beam,0.32,0.0,2.0,1.0
BM-sheet_1-9745,beam,0.192,0.0,1.2,0.6
BM-sheet_1-9746,beam,0.32,0.0,2.0,1.0
BM-sheet_1-9747,beam,0.192,0.0,1.2,0.6
BM-sheet_1-9748,beam,0.32,0.0,2.0,1.0
BM-sheet_1-9749,beam,0.192,0.0,1.2,0.6
BM-sheet_1-9750,beam,0.32,0.0,2.0,1.0
BM-sheet_1-9751,beam,0.192,0.0,1.2,0.6
BM-sheet_1-9752,beam,0.32,0.0,2.0,1.0
BM-sheet_1-9753,beam,0.192,0.0,1.2,0.6
BM-sheet_1-9754,beam,0.32,0.0,2.0,1.0
BM-sheet_1-9755,beam,0.192,0.0,1.2,0.6
BM-sheet_1-9756,beam,0.32,0.0,2.0,1.0
BM-sheet_1-9757,beam,0.192,0.0,1.2,0.6
BM-sheet_1-9758,beam,0.32,0.0,2.0,1.0
BM-sheet_1-9759,beam,0.192,0.0,1.2,0.6
BM-sheet_1-9760,beam,0.32,0.0,2.0,1.0
BM-sheet_1-9761,beam,0.192,0.0,1.2,0.6
BM-sheet_1-9762,beam,0.32,0.0,2.0,1.0
BM-sheet_1-9763,beam,0.16,0.0,1.0,0.5
BM-sheet_1-9764,beam,0.224,0.0,1.4,0.7
BM-sheet_1-9765,beam,0.16,0.0,1.0,0.5
BM-sheet_1-9766,beam,0.224,0.0,1.4,0.7
BM-sheet_1-9767,beam,0.192,0.0,1.2,0.6
BM-sheet_1-9768,beam,0.32,0.0,2.0,1.0
BM-sheet_1-9769,beam,0.192,0.0,1.2,0.6
BM-sheet_1-9770,beam,0.32,0.0,2.0,1.0
BM-sheet_1-9771,beam,0.192,0.0,1.2,0.6
BM-sheet_1-9772,beam,0.32,0.0,2.0,1.0
BM-sheet_1-9773,beam,0.192,0.0,1.2,0.6
BM-sheet_1-9774,beam,0.32,0.0,2.0,1.0
BM-sheet_1-9775,beam,0.192,0.0,1.2,0.6
BM-sheet_1-9776,beam,0.32,0.0,2.0,1.0
BM-sheet_1-9777,beam,0.192,0.0,1.2,0.6
BM-sheet_1-9778,beam,0.32,0.0,2.0,1.0
BM-sheet_1-9779,beam,0.192,0.0,1.2,0.6
BM-sheet_1-9780,beam,0.448,0.0,2.8,1.4
BM-sheet_1-9781,beam,0.192,0.0,1.2,0.6
BM-sheet_1-9782,beam,0.448,0.0,2.8,1.4
BM-sheet_1-9783,beam,0.192,0.0,1.2,0.6
BM-sheet_1-9784,beam,0.32,0.0,2.0,1.0
BM-sheet_1-9785,beam,0.192,0.0,1.2,0.6
BM-sheet_1-9786,beam,0.32,0.0,2.0,1.0
BM-sheet_1-9787,beam,0.192,0.0,1.2,0.6
BM-sheet_1-9788,beam,0.32,0.0,2.0,1.0
BM-sheet_1-9789,beam,0.192,0.0,1.2,0.6
BM-sheet_1-9790,beam,0.32,0.0,2.0,1.0
BM-sheet_1-9791,beam,0.192,0.0,1.2,0.6
BM-sheet_1-9792,beam,0.384,0.0,2.4,1.2
BM-sheet_1-9793,beam,0.192,0.0,1.2,0.6
BM-sheet_1-9794,beam,0.384,0.0,2.4,1.2
BM-sheet_1-9795,beam,0.192,0.0,1.2,0.6
BM-sheet_1-9796,beam,0.576,0.0,3.6,1.8
BM-sheet_1-9797,beam,0.192,0.0,1.2,0.6
BM-sheet_1-9798,beam,0.576,0.0,3.6,1.8
BM-sheet_1-9799,beam,0.192,0.0,1.2,0.6
BM-sheet_1-9800,beam,0.384,0.0,2.4,1.2
BM-sheet_1-9801,beam,0.192,0.0,1.2,0.6
BM-sheet_1-9802,beam,0.384,0.0,2.4,1.2
BM-sheet_1-9803,beam,0.192,0.0,1.2,0.6
BM-sheet_1-9804,beam,0.384,0.0,2.4,1.2
BM-sheet_1-9805,beam,0.192,0.0,1.2,0.6
BM-sheet_1-9806,beam,0.384,0.0,2.4,1.2
BM-sheet_1-9807,beam,0.192,0.0,1.2,0.6
BM-sheet_1-9808,beam,0.512,0.0,3.2,1.6
BM-sheet_1-9809,beam,0.192,0.0,1.2,0.6
BM-sheet_1-9810,beam,0.512,0.0,3.2,1.6
BM-sheet_1-9811,beam,0.324,0.0,1.44,0.6
BM-sheet_1-9812,beam,0.54,0.0,2.4,1.0
BM-sheet_1-9813,beam,0.324,0.0,1.44,0.6
BM-sheet_1-9814,beam,0.54,0.0,2.4,1.0
BM-sheet_1-9815,beam,0.192,0.0,1.2,0.6
BM-sheet_1-9816,beam,0.32,0.0,2.0,1.0
BM-sheet_1-9817,beam,0.192,0.0,1.2,0.6
BM-sheet_1-9818,beam,0.32,0.0,2.0,1.0
BM-sheet_1-9819,beam,0.192,0.0,1.2,0.6
BM-sheet_1-9820,beam,0.384,0.0,2.4,1.2
BM-sheet_1-9821,beam,0.192,0.0,1.2,0.6
BM-sheet_1-9822,beam,0.384,0.0,2.4,1.2
BM-sheet_1-9823,beam,0.192,0.0,1.2,0.6
BM-sheet_1-9824,beam,0.32,0.0,2.0,1.0
BM-sheet_1-9825,beam,0.192,0.0,1.2,0.6
BM-sheet_1-9826,beam,0.32,0.0,2.0,1.0
BM-sheet_1-9827,beam,0.192,0.0,1.2,0.6
BM-sheet_1-9828,beam,0.48,0.0,3.0,1.5
BM-sheet_1-9829,beam,0.192,0.0,1.2,0.6
BM-sheet_1-9830,beam,0.48,0.0,3.0,1.5
BM-sheet_1-9831,beam,0.192,0.0,1.2,0.6
BM-sheet_1-9832,beam,0.384,0.0,2.4,1.2
BM-sheet_1-9833,beam,0.192,0.0,1.2,0.6
BM-sheet_1-9834,beam,0.384,0.0,2.4,1.2
BM-sheet_1-9835,beam,0.192,0.0,1.2,0.6
BM-sheet_1-9836,beam,0.848,0.0,5.3,2.65
BM-sheet_1-9837,beam,0.192,0.0,1.2,0.6
BM-sheet_1-9838,beam,0.848,0.0,5.3,2.65
BM-sheet_1-9839,beam,0.192,0.0,1.2,0.6
BM-sheet_1-9840,beam,0.416,0.0,2.6,1.3
BM-sheet_1-9841,beam,0.192,0.0,1.2,0.6
BM-sheet_1-9842,beam,0.416,0.0,2.6,1.3
BM-sheet_1-9843,beam,0.256,0.0,1.6,0.8
BM-sheet_1-9844,beam,0.48,0.0,3.0,1.5
BM-sheet_1-9845,beam,0.256,0.0,1.6,0.8
BM-sheet_1-9846,beam,0.48,0.0,3.0,1.5
BM-sheet_1-9847,beam,0.224,0.0,1.4,0.7
BM-sheet_1-9848,beam,0.48,0.0,3.0,1.5
BM-sheet_1-9849,beam,0.224,0.0,1.4,0.7
BM-sheet_1-9850,beam,0.48,0.0,3.0,1.5
BM-sheet_1-9851,beam,0.192,0.0,1.2,0.6
BM-sheet_1-9852,beam,0.448,0.0,2.8,1.4
BM-sheet_1-9853,beam,0.192,0.0,1.2,0.6
BM-sheet_1-9854,beam,0.448,0.0,2.8,1.4
BM-sheet_1-9855,beam,0.192,0.0,1.2,0.6
BM-sheet_1-9856,beam,0.544,0.0,3.4,1.7
BM-sheet_1-9857,beam,0.192,0.0,1.2,0.6
BM-sheet_1-9858,beam,0.544,0.0,3.4,1.7
BM-sheet_1-9859,beam,0.192,0.0,1.2,0.6
BM-sheet_1-9860,beam,0.48,0.0,3.0,1.5
BM-sheet_1-9861,beam,0.192,0.0,1.2,0.6
BM-sheet_1-9862,beam,0.48,0.0,3.0,1.5
BM-sheet_1-9863,beam,0.192,0.0,1.2,0.6
BM-sheet_1-9864,beam,0.912,0.0,5.7,2.85
BM-sheet_1-9865,beam,0.192,0.0,1.2,0.6
BM-sheet_1-9866,beam,0.912,0.0,5.7,2.85
BM-sheet_1-9867,beam,0.192,0.0,1.2,0.6
BM-sheet_1-9868,beam,0.384,0.0,2.4,1.2
BM-sheet_1-9869,beam,0.192,0.0,1.2,0.6
BM-sheet_1-9870,beam,0.384,0.0,2.4,1.2
BM-sheet_1-9871,beam,0.192,0.0,1.2,0.6
BM-sheet_1-9872,beam,0.512,0.0,3.2,1.6
BM-sheet_1-9873,beam,0.192,0.0,1.2,0.6
BM-sheet_1-9874,beam,0.512,0.0,3.2,1.6
BM-sheet_1-9875,beam,0.192,0.0,1.2,0.6
BM-sheet_1-9876,beam,0.576,0.0,3.6,1.8
BM-sheet_1-9877,beam,0.192,0.0,1.2,0.6
BM-sheet_1-9878,beam,0.576,0.0,3.6,1.8
BM-sheet_1-9879,beam,0.192,0.0,1.2,0.6
BM-sheet_1-9880,beam,0.448,0.0,2.8,1.4
BM-sheet_1-9881,beam,0.192,0.0,1.2,0.6
BM-sheet_1-9882,beam,0.448,0.0,2.8,1.4
BM-sheet_1-9883,beam,0.224,0.0,1.4,0.7
BM-sheet_1-9884,beam,0.64,0.0,4.0,2.0
BM-sheet_1-9885,beam,0.224,0.0,1.4,0.7
BM-sheet_1-9886,beam,0.64,0.0,4.0,2.0
BM-sheet_1-9887,beam,0.192,0.0,1.2,0.6
BM-sheet_1-9888,beam,0.416,0.0,2.6,1.3
BM-sheet_1-9889,beam,0.192,0.0,1.2,0.6
BM-sheet_1-9890,beam,0.416,0.0,2.6,1.3
BM-sheet_1-9891,beam,0.224,0.0,1.4,0.7
BM-sheet_1-9892,beam,0.608,0.0,3.8,1.9
BM-sheet_1-9893,beam,0.224,0.0,1.4,0.7
BM-sheet_1-9894,beam,0.608,0.0,3.8,1.9
BM-sheet_1-9895,beam,0.192,0.0,1.2,0.6
BM-sheet_1-9896,beam,0.384,0.0,2.4,1.2
BM-sheet_1-9897,beam,0.192,0.0,1.2,0.6
BM-sheet_1-9898,beam,0.384,0.0,2.4,1.2
BM-sheet_1-9899,beam,0.192,0.0,1.2,0.6
BM-sheet_1-9900,beam,0.48,0.0,3.0,1.5
BM-sheet_1-9901,beam,0.192,0.0,1.2,0.6
BM-sheet_1-9902,beam,0.48,0.0,3.0,1.5
BM-sheet_1-9903,beam,0.192,0.0,1.2,0.6
BM-sheet_1-9904,beam,0.512,0.0,3.2,1.6
BM-sheet_1-9905,beam,0.192,0.0,1.2,0.6
BM-sheet_1-9906,beam,0.512,0.0,3.2,1.6
BM-sheet_1-9907,beam,0.192,0.0,1.2,0.6
BM-sheet_1-9908,beam,0.48,0.0,3.0,1.5
BM-sheet_1-9909,beam,0.192,0.0,1.2,0.6
BM-sheet_1-9910,beam,0.48,0.0,3.0,1.5
BM-sheet_1-9911,beam,0.192,0.0,1.2,0.6
BM-sheet_1-9912,beam,0.416,0.0,2.6,1.3
BM-sheet_1-9913,beam,0.192,0.0,1.2,0.6
BM-sheet_1-9914,beam,0.416,0.0,2.6,1.3
BM-sheet_1-9915,beam,0.224,0.0,1.4,0.7
BM-sheet_1-9916,beam,0.48,0.0,3.0,1.5
BM-sheet_1-9917,beam,0.224,0.0,1.4,0.7
BM-sheet_1-9918,beam,0.48,0.0,3.0,1.5
BM-sheet_1-9919,beam,0.192,0.0,1.2,0.6
BM-sheet_1-9920,beam,0.384,0.0,2.4,1.2
BM-sheet_1-9921,beam,0.192,0.0,1.2,0.6
BM-sheet_1-9922,beam,0.384,0.0,2.4,1.2
BM-sheet_1-9923,beam,0.192,0.0,1.2,0.6
BM-sheet_1-9924,beam,0.384,0.0,2.4,1.2
BM-sheet_1-9925,beam,0.192,0.0,1.2,0.6
BM-sheet_1-9926,beam,0.384,0.0,2.4,1.2
BM-sheet_1-9927,beam,0.192,0.0,1.2,0.6
BM-sheet_1-9928,beam,0.48,0.0,3.0,1.5
BM-sheet_1-9929,beam,0.192,0.0,1.2,0.6
BM-sheet_1-9930,beam,0.48,0.0,3.0,1.5
BM-sheet_1-9931,beam,0.192,0.0,1.2,0.6
BM-sheet_1-9932,beam,0.48,0.0,3.0,1.5
BM-sheet_1-9933,beam,0.192,0.0,1.2,0.6
BM-sheet_1-9934,beam,0.48,0.0,3.0,1.5
BM-sheet_1-9935,beam,0.192,0.0,1.2,0.6
BM-sheet_1-9936,beam,0.384,0.0,2.4,1.2
BM-sheet_1-9937,beam,0.192,0.0,1.2,0.6
BM-sheet_1-9938,beam,0.384,0.0,2.4,1.2
BM-sheet_1-9939,beam,0.192,0.0,1.2,0.6
BM-sheet_1-9940,beam,0.384,0.0,2.4,1.2
BM-sheet_1-9941,beam,0.192,0.0,1.2,0.6
BM-sheet_1-9942,beam,0.384,0.0,2.4,1.2
BM-sheet_1-9943,beam,0.192,0.0,1.2,0.6
BM-sheet_1-9944,beam,0.576,0.0,3.6,1.8
BM-sheet_1-9945,beam,0.192,0.0,1.2,0.6
BM-sheet_1-9946,beam,0.576,0.0,3.6,1.8
BM-sheet_1-9947,beam,0.192,0.0,1.2,0.6
BM-sheet_1-9948,beam,0.576,0.0,3.6,1.8
BM-sheet_1-9949,beam,0.192,0.0,1.2,0.6
BM-sheet_1-9950,beam,0.576,0.0,3.6,1.8
BM-sheet_1-9951,beam,0.192,0.0,1.2,0.6
BM-sheet_1-9952,beam,0.48,0.0,3.0,1.5
BM-sheet_1-9953,beam,0.192,0.0,1.2,0.6
BM-sheet_1-9954,beam,0.48,0.0,3.0,1.5
BM-sheet_1-9955,beam,0.192,0.0,1.2,0.6
BM-sheet_1-9956,beam,0.48,0.0,3.0,1.5
BM-sheet_1-9957,beam,0.192,0.0,1.2,0.6
BM-sheet_1-9958,beam,0.48,0.0,3.0,1.5
BM-sheet_1-9959,beam,0.224,0.0,1.4,0.7
BM-sheet_1-9960,beam,0.672,0.0,4.2,2.1
BM-sheet_1-9961,beam,0.224,0.0,1.4,0.7
BM-sheet_1-9962,beam,0.672,0.0,4.2,2.1
BM-sheet_1-9963,beam,0.192,0.0,1.2,0.6
BM-sheet_1-9964,beam,0.384,0.0,2.4,1.2
BM-sheet_1-9965,beam,0.192,0.0,1.2,0.6
BM-sheet_1-9966,beam,0.384,0.0,2.4,1.2
BM-sheet_1-9967,beam,0.192,0.0,1.2,0.6
BM-sheet_1-9968,beam,0.48,0.0,3.0,1.5
BM-sheet_1-9969,beam,0.192,0.0,1.2,0.6
BM-sheet_1-9970,beam,0.48,0.0,3.0,1.5
BM-sheet_1-9971,beam,0.192,0.0,1.2,0.6
BM-sheet_1-9972,beam,0.48,0.0,3.0,1.5
BM-sheet_1-9973,beam,0.192,0.0,1.2,0.6
BM-sheet_1-9974,beam,0.48,0.0,3.0,1.5
BM-sheet_1-9975,beam,0.192,0.0,1.2,0.6
BM-sheet_1-9976,beam,0.48,0.0,3.0,1.5
BM-sheet_1-9977,beam,0.192,0.0,1.2,0.6
BM-sheet_1-9978,beam,0.48,0.0,3.0,1.5
BM-sheet_1-9979,beam,0.192,0.0,1.2,0.6
BM-sheet_1-9980,beam,0.48,0.0,3.0,1.5
BM-sheet_1-9981,beam,0.192,0.0,1.2,0.6
BM-sheet_1-9982,beam,0.48,0.0,3.0,1.5
BM-sheet_1-9983,beam,0.192,0.0,1.2,0.6
BM-sheet_1-9984,beam,0.48,0.0,3.0,1.5
BM-sheet_1-9985,beam,0.192,0.0,1.2,0.6
BM-sheet_1-9986,beam,0.48,0.0,3.0,1.5
BM-sheet_1-9987,beam,0.224,0.0,1.4,0.7
BM-sheet_1-9988,beam,0.704,0.0,4.4,2.2
BM-sheet_1-9989,beam,0.441,0.0,1.75,0.7
BM-sheet_1-9990,beam,1.386,0.0,5.5,2.2
BM-sheet_1-9991,beam,0.224,0.0,1.4,0.7
BM-sheet_1-9992,beam,0.608,0.0,3.8,1.9
BM-sheet_1-9993,beam,0.224,0.0,1.4,0.7
BM-sheet_1-9994,beam,0.608,0.0,3.8,1.9
BM-sheet_1-9995,beam,0.192,0.0,1.2,0.6
BM-sheet_1-9996,beam,0.48,0.0,3.0,1.5
BM-sheet_1-9997,beam,0.192,0.0,1.2,0.6
BM-sheet_1-9998,beam,0.48,0.0,3.0,1.5
BM-sheet_1-9999,beam,0.192,0.0,1.2,0.6
BM-sheet_1-10000,beam,0.48,0.0,3.0,1.5
BM-sheet_1-10001,beam,0.192,0.0,1.2,0.6
BM-sheet_1-10002,beam,0.48,0.0,3.0,1.5
BM-sheet_1-10003,beam,0.192,0.0,1.2,0.6
BM-sheet_1-10004,beam,0.384,0.0,2.4,1.2
BM-sheet_1-10005,beam,0.192,0.0,1.2,0.6
BM-sheet_1-10006,beam,0.384,0.0,2.4,1.2
BM-sheet_1-10007,beam,0.192,0.0,1.2,0.6
BM-sheet_1-10008,beam,0.384,0.0,2.4,1.2
BM-sheet_1-10009,beam,0.192,0.0,1.2,0.6
BM-sheet_1-10010,beam,0.384,0.0,2.4,1.2
BM-sheet_1-10011,beam,0.192,0.0,1.2,0.6
BM-sheet_1-10012,beam,0.384,0.0,2.4,1.2
BM-sheet_1-10013,beam,0.192,0.0,1.2,0.6
BM-sheet_1-10014,beam,0.384,0.0,2.4,1.2
BM-sheet_1-10015,beam,0.256,0.0,1.6,0.8
BM-sheet_1-10016,beam,0.512,0.0,3.2,1.6
BM-sheet_1-10017,beam,0.256,0.0,1.6,0.8
BM-sheet_1-10018,beam,0.512,0.0,3.2,1.6
BM-sheet_1-10019,beam,0.27,0.0,1.38,0.6
BM-sheet_1-10020,beam,0.9,0.0,4.6,2.0
BM-sheet_1-10021,beam,0.27,0.0,1.38,0.6
BM-sheet_1-10022,beam,0.9,0.0,4.6,2.0
BM-sheet_1-10023,beam,0.224,0.0,1.4,0.7
BM-sheet_1-10024,beam,0.64,0.0,4.0,2.0
BM-sheet_1-10025,beam,0.224,0.0,1.4,0.7
BM-sheet_1-10026,beam,0.64,0.0,4.0,2.0
BM-sheet_1-10027,beam,0.224,0.0,1.4,0.7
BM-sheet_1-10028,beam,0.64,0.0,4.0,2.0
BM-sheet_1-10029,beam,0.224,0.0,1.4,0.7
BM-sheet_1-10030,beam,0.64,0.0,4.0,2.0
BM-sheet_1-10031,beam,0.192,0.0,1.2,0.6
BM-sheet_1-10032,beam,0.64,0.0,4.0,2.0
BM-sheet_1-10033,beam,0.192,0.0,1.2,0.6
BM-sheet_1-10034,beam,0.64,0.0,4.0,2.0
BM-sheet_1-10035,beam,0.48,0.0,3.0,1.5
BM-sheet_1-10036,beam,0.256,0.0,1.6,0.8
BM-sheet_1-10037,beam,0.48,0.0,3.0,1.5
BM-sheet_1-10038,beam,0.256,0.0,1.6,0.8
BM-sheet_1-10039,beam,0.48,0.0,3.0,1.5
BM-sheet_1-10040,beam,0.256,0.0,1.6,0.8
BM-sheet_1-10041,beam,0.48,0.0,3.0,1.5
BM-sheet_1-10042,beam,0.256,0.0,1.6,0.8
BM-sheet_1-10043,beam,0.48,0.0,3.0,1.5
BM-sheet_1-10044,beam,0.256,0.0,1.6,0.8
BM-sheet_1-10045,beam,0.48,0.0,3.0,1.5
BM-sheet_1-10046,beam,0.256,0.0,1.6,0.8
BM-sheet_1-10047,beam,0.512,0.0,3.2,1.6
BM-sheet_1-10048,beam,0.256,0.0,1.6,0.8
BM-sheet_1-10049,beam,0.512,0.0,3.2,1.6
BM-sheet_1-10050,beam,0.256,0.0,1.6,0.8
BM-sheet_1-10051,beam,0.48,0.0,3.0,1.5
BM-sheet_1-10052,beam,0.256,0.0,1.6,0.8
BM-sheet_1-10053,beam,0.48,0.0,3.0,1.5
BM-sheet_1-10054,beam,0.256,0.0,1.6,0.8
BM-sheet_1-10055,beam,0.48,0.0,3.0,1.5
BM-sheet_1-10056,beam,0.256,0.0,1.6,0.8
BM-sheet_1-10057,beam,0.48,0.0,3.0,1.5
BM-sheet_1-10058,beam,0.256,0.0,1.6,0.8
BM-sheet_1-10059,beam,0.48,0.0,3.0,1.5
BM-sheet_1-10060,beam,0.256,0.0,1.6,0.8
BM-sheet_1-10061,beam,0.48,0.0,3.0,1.5
BM-sheet_1-10062,beam,0.256,0.0,1.6,0.8
BM-sheet_1-10063,beam,0.48,0.0,3.0,1.5
BM-sheet_1-10064,beam,0.256,0.0,1.6,0.8
BM-sheet_1-10065,beam,0.48,0.0,3.0,1.5
BM-sheet_1-10066,beam,0.256,0.0,1.6,0.8
BM-sheet_1-10067,beam,0.192,0.0,1.2,0.6
BM-sheet_1-10068,beam,0.48,0.0,3.0,1.5
BM-sheet_1-10069,beam,0.192,0.0,1.2,0.6
BM-sheet_1-10070,beam,0.48,0.0,3.0,1.5
BM-sheet_1-10071,beam,0.256,0.0,1.6,0.8
BM-sheet_1-10072,beam,0.672,0.0,4.2,2.1
BM-sheet_1-10073,beam,0.256,0.0,1.6,0.8
BM-sheet_1-10074,beam,0.672,0.0,4.2,2.1
BM-sheet_1-10075,beam,0.192,0.0,1.2,0.6
BM-sheet_1-10076,beam,0.48,0.0,3.0,1.5
BM-sheet_1-10077,beam,0.192,0.0,1.2,0.6
BM-sheet_1-10078,beam,0.48,0.0,3.0,1.5
BM-sheet_1-10079,beam,0.192,0.0,1.2,0.6
BM-sheet_1-10080,beam,0.48,0.0,3.0,1.5
BM-sheet_1-10081,beam,0.192,0.0,1.2,0.6
BM-sheet_1-10082,beam,0.48,0.0,3.0,1.5
BM-sheet_1-10083,beam,0.192,0.0,1.2,0.6
BM-sheet_1-10084,beam,0.32,0.0,2.0,1.0
BM-sheet_1-10085,beam,0.192,0.0,1.2,0.6
BM-sheet_1-10086,beam,0.32,0.0,2.0,1.0
BM-sheet_1-10087,beam,0.192,0.0,1.2,0.6
BM-sheet_1-10088,beam,0.32,0.0,2.0,1.0
BM-sheet_1-10089,beam,0.192,0.0,1.2,0.6
BM-sheet_1-10090,beam,0.32,0.0,2.0,1.0
BM-sheet_1-10091,beam,0.192,0.0,1.2,0.6
BM-sheet_1-10092,beam,0.32,0.0,2.0,1.0
BM-sheet_1-10093,beam,0.192,0.0,1.2,0.6
BM-sheet_1-10094,beam,0.32,0.0,2.0,1.0
BM-sheet_1-10095,beam,0.192,0.0,1.2,0.6
BM-sheet_1-10096,beam,0.384,0.0,2.4,1.2
BM-sheet_1-10097,beam,0.192,0.0,1.2,0.6
BM-sheet_1-10098,beam,0.384,0.0,2.4,1.2
BM-sheet_1-10099,beam,0.192,0.0,1.2,0.6
BM-sheet_1-10100,beam,0.384,0.0,2.4,1.2
BM-sheet_1-10101,beam,0.192,0.0,1.2,0.6
BM-sheet_1-10102,beam,0.384,0.0,2.4,1.2
BM-sheet_1-10103,beam,0.192,0.0,1.2,0.6
BM-sheet_1-10104,beam,0.288,0.0,1.8,0.9
BM-sheet_1-10105,beam,0.192,0.0,1.2,0.6
BM-sheet_1-10106,beam,0.288,0.0,1.8,0.9
BM-sheet_1-10107,beam,0.192,0.0,1.2,0.6
BM-sheet_1-10108,beam,0.288,0.0,1.8,0.9
BM-sheet_1-10109,beam,0.192,0.0,1.2,0.6
BM-sheet_1-10110,beam,0.288,0.0,1.8,0.9
BM-sheet_1-10111,beam,0.192,0.0,1.2,0.6
BM-sheet_1-10112,beam,0.384,0.0,2.4,1.2
BM-sheet_1-10113,beam,0.192,0.0,1.2,0.6
BM-sheet_1-10114,beam,0.384,0.0,2.4,1.2
BM-sheet_1-10115,beam,0.192,0.0,1.2,0.6
BM-sheet_1-10116,beam,0.576,0.0,3.6,1.8
BM-sheet_1-10117,beam,0.192,0.0,1.2,0.6
BM-sheet_1-10118,beam,0.576,0.0,3.6,1.8
BM-sheet_1-10119,beam,0.192,0.0,1.2,0.6
BM-sheet_1-10120,beam,0.448,0.0,2.8,1.4
BM-sheet_1-10121,beam,0.192,0.0,1.2,0.6
BM-sheet_1-10122,beam,0.448,0.0,2.8,1.4
BM-sheet_1-10123,beam,0.192,0.0,1.2,0.6
BM-sheet_1-10124,beam,0.32,0.0,2.0,1.0
BM-sheet_1-10125,beam,0.192,0.0,1.2,0.6
BM-sheet_1-10126,beam,0.32,0.0,2.0,1.0
BM-sheet_1-10127,beam,0.192,0.0,1.2,0.6
BM-sheet_1-10128,beam,0.384,0.0,2.4,1.2
BM-sheet_1-10129,beam,0.192,0.0,1.2,0.6
BM-sheet_1-10130,beam,0.384,0.0,2.4,1.2
BM-sheet_1-10131,beam,0.192,0.0,1.2,0.6
BM-sheet_1-10132,beam,0.32,0.0,2.0,1.0
BM-sheet_1-10133,beam,0.192,0.0,1.2,0.6
BM-sheet_1-10134,beam,0.32,0.0,2.0,1.0
BM-sheet_1-10135,beam,0.192,0.0,1.2,0.6
BM-sheet_1-10136,beam,0.32,0.0,2.0,1.0
BM-sheet_1-10137,beam,0.192,0.0,1.2,0.6
BM-sheet_1-10138,beam,0.32,0.0,2.0,1.0
BM-sheet_1-10139,beam,0.224,0.0,1.4,0.7
BM-sheet_1-10140,beam,0.352,0.0,2.2,1.1
BM-sheet_1-10141,beam,0.224,0.0,1.4,0.7
BM-sheet_1-10142,beam,0.352,0.0,2.2,1.1
BM-sheet_1-10143,beam,0.192,0.0,1.2,0.6
BM-sheet_1-10144,beam,0.32,0.0,2.0,1.0
BM-sheet_1-10145,beam,0.192,0.0,1.2,0.6
BM-sheet_1-10146,beam,0.32,0.0,2.0,1.0
BM-sheet_1-10147,beam,0.224,0.0,1.4,0.7
BM-sheet_1-10148,beam,0.352,0.0,2.2,1.1
BM-sheet_1-10149,beam,0.224,0.0,1.4,0.7
BM-sheet_1-10150,beam,0.352,0.0,2.2,1.1
BM-sheet_1-10151,beam,0.224,0.0,1.4,0.7
BM-sheet_1-10152,beam,0.384,0.0,2.4,1.2
BM-sheet_1-10153,beam,0.224,0.0,1.4,0.7
BM-sheet_1-10154,beam,0.384,0.0,2.4,1.2
BM-sheet_1-10155,beam,0.192,0.0,1.2,0.6
BM-sheet_1-10156,beam,0.384,0.0,2.4,1.2
BM-sheet_1-10157,beam,0.192,0.0,1.2,0.6
BM-sheet_1-10158,beam,0.384,0.0,2.4,1.2
BM-sheet_1-10159,beam,0.224,0.0,1.4,0.7
BM-sheet_1-10160,beam,0.352,0.0,2.2,1.1
BM-sheet_1-10161,beam,0.224,0.0,1.4,0.7
BM-sheet_1-10162,beam,0.352,0.0,2.2,1.1
BM-sheet_1-10163,beam,0.224,0.0,1.4,0.7
BM-sheet_1-10164,beam,0.352,0.0,2.2,1.1
BM-sheet_1-10165,beam,0.224,0.0,1.4,0.7
BM-sheet_1-10166,beam,0.352,0.0,2.2,1.1
BM-sheet_1-10167,beam,0.224,0.0,1.4,0.7
BM-sheet_1-10168,beam,0.384,0.0,2.4,1.2
BM-sheet_1-10169,beam,0.224,0.0,1.4,0.7
BM-sheet_1-10170,beam,0.384,0.0,2.4,1.2
BM-sheet_1-10171,beam,0.224,0.0,1.4,0.7
BM-sheet_1-10172,beam,0.352,0.0,2.2,1.1
BM-sheet_1-10173,beam,0.224,0.0,1.4,0.7
BM-sheet_1-10174,beam,0.352,0.0,2.2,1.1
BM-sheet_1-10175,beam,0.224,0.0,1.4,0.7
BM-sheet_1-10176,beam,0.416,0.0,2.6,1.3
BM-sheet_1-10177,beam,0.224,0.0,1.4,0.7
BM-sheet_1-10178,beam,0.416,0.0,2.6,1.3
BM-sheet_1-10179,beam,0.224,0.0,1.4,0.7
BM-sheet_1-10180,beam,0.352,0.0,2.2,1.1
BM-sheet_1-10181,beam,0.224,0.0,1.4,0.7
BM-sheet_1-10182,beam,0.352,0.0,2.2,1.1
BM-sheet_1-10183,beam,0.224,0.0,1.4,0.7
BM-sheet_1-10184,beam,0.512,0.0,3.2,1.6
BM-sheet_1-10185,beam,0.224,0.0,1.4,0.7
BM-sheet_1-10186,beam,0.512,0.0,3.2,1.6
BM-sheet_1-10187,beam,0.224,0.0,1.4,0.7
BM-sheet_1-10188,beam,0.416,0.0,2.6,1.3
BM-sheet_1-10189,beam,0.224,0.0,1.4,0.7
BM-sheet_1-10190,beam,0.416,0.0,2.6,1.3
BM-sheet_1-10191,beam,0.224,0.0,1.4,0.7
BM-sheet_1-10192,beam,0.416,0.0,2.6,1.3
BM-sheet_1-10193,beam,0.224,0.0,1.4,0.7
BM-sheet_1-10194,beam,0.416,0.0,2.6,1.3
BM-sheet_1-10195,beam,0.224,0.0,1.4,0.7
BM-sheet_1-10196,beam,0.512,0.0,3.2,1.6
BM-sheet_1-10197,beam,0.224,0.0,1.4,0.7
BM-sheet_1-10198,beam,0.512,0.0,3.2,1.6
BM-sheet_1-10199,beam,0.224,0.0,1.4,0.7
BM-sheet_1-10200,beam,0.384,0.0,2.4,1.2
BM-sheet_1-10201,beam,0.224,0.0,1.4,0.7
BM-sheet_1-10202,beam,0.384,0.0,2.4,1.2
BM-sheet_1-10203,beam,0.224,0.0,1.4,0.7
BM-sheet_1-10204,beam,0.384,0.0,2.4,1.2
BM-sheet_1-10205,beam,0.224,0.0,1.4,0.7
BM-sheet_1-10206,beam,0.384,0.0,2.4,1.2
BM-sheet_1-10207,beam,0.224,0.0,1.4,0.7
BM-sheet_1-10208,beam,0.576,0.0,3.6,1.8
BM-sheet_1-10209,beam,0.224,0.0,1.4,0.7
BM-sheet_1-10210,beam,0.576,0.0,3.6,1.8
BM-sheet_1-10211,beam,0.192,0.0,1.2,0.6
BM-sheet_1-10212,beam,0.32,0.0,2.0,1.0
BM-sheet_1-10213,beam,0.192,0.0,1.2,0.6
BM-sheet_1-10214,beam,0.32,0.0,2.0,1.0
BM-sheet_1-10215,beam,0.224,0.0,1.4,0.7
BM-sheet_1-10216,beam,0.672,0.0,4.2,2.1
BM-sheet_1-10217,beam,0.224,0.0,1.4,0.7
BM-sheet_1-10218,beam,0.672,0.0,4.2,2.1
BM-sheet_1-10219,beam,0.192,0.0,1.2,0.6
BM-sheet_1-10220,beam,0.544,0.0,3.4,1.7
BM-sheet_1-10221,beam,0.192,0.0,1.2,0.6
BM-sheet_1-10222,beam,0.544,0.0,3.4,1.7
BM-sheet_1-10223,beam,0.192,0.0,1.2,0.6
BM-sheet_1-10224,beam,0.384,0.0,2.4,1.2
BM-sheet_1-10225,beam,0.192,0.0,1.2,0.6
BM-sheet_1-10226,beam,0.384,0.0,2.4,1.2
BM-sheet_1-10227,beam,0.192,0.0,1.2,0.6
BM-sheet_1-10228,beam,0.384,0.0,2.4,1.2
BM-sheet_1-10229,beam,0.192,0.0,1.2,0.6
BM-sheet_1-10230,beam,0.384,0.0,2.4,1.2
BM-sheet_1-10231,beam,0.192,0.0,1.2,0.6
BM-sheet_1-10232,beam,0.576,0.0,3.6,1.8
BM-sheet_1-10233,beam,0.192,0.0,1.2,0.6
BM-sheet_1-10234,beam,0.576,0.0,3.6,1.8
BM-sheet_1-10235,beam,0.192,0.0,1.2,0.6
BM-sheet_1-10236,beam,0.704,0.0,4.4,2.2
BM-sheet_1-10237,beam,0.192,0.0,1.2,0.6
BM-sheet_1-10238,beam,0.704,0.0,4.4,2.2
BM-sheet_1-10239,beam,0.48,0.0,3.0,1.5
BM-sheet_1-10240,beam,0.32,0.0,2.0,1.0
BM-sheet_1-10241,beam,0.48,0.0,3.0,1.5
BM-sheet_1-10242,beam,0.32,0.0,2.0,1.0
BM-sheet_1-10243,beam,0.48,0.0,3.0,1.5
BM-sheet_1-10244,beam,0.32,0.0,2.0,1.0
BM-sheet_1-10245,beam,0.48,0.0,3.0,1.5
BM-sheet_1-10246,beam,0.32,0.0,2.0,1.0
BM-sheet_1-10247,beam,0.192,0.0,1.2,0.6
BM-sheet_1-10248,beam,0.448,0.0,2.8,1.4
BM-sheet_1-10249,beam,0.192,0.0,1.2,0.6
BM-sheet_1-10250,beam,0.448,0.0,2.8,1.4
BM-sheet_1-10251,beam,0.48,0.0,3.0,1.5
BM-sheet_1-10252,beam,0.32,0.0,2.0,1.0
BM-sheet_1-10253,beam,0.48,0.0,3.0,1.5
BM-sheet_1-10254,beam,0.32,0.0,2.0,1.0
BM-sheet_1-10255,beam,0.48,0.0,3.0,1.5
BM-sheet_1-10256,beam,0.32,0.0,2.0,1.0
BM-sheet_1-10257,beam,0.48,0.0,3.0,1.5
BM-sheet_1-10258,beam,0.32,0.0,2.0,1.0
BM-sheet_1-10259,beam,0.693,0.0,2.75,1.1
BM-sheet_1-10260,beam,0.567,0.0,2.25,0.9
BM-sheet_1-10261,beam,0.693,0.0,2.75,1.1
BM-sheet_1-10262,beam,0.567,0.0,2.25,0.9
BM-sheet_1-10263,beam,0.819,0.0,3.25,1.3
BM-sheet_1-10264,beam,0.819,0.0,3.25,1.3
BM-sheet_1-10265,beam,0.819,0.0,3.25,1.3
BM-sheet_1-10266,beam,0.819,0.0,3.25,1.3
BM-sheet_1-10267,beam,0.819,0.0,3.25,1.3
BM-sheet_1-10268,beam,0.819,0.0,3.25,1.3
BM-sheet_1-10269,beam,0.819,0.0,3.25,1.3
BM-sheet_1-10270,beam,0.819,0.0,3.25,1.3
BM-sheet_1-10271,beam,0.192,0.0,1.2,0.6
BM-sheet_1-10272,beam,0.576,0.0,3.6,1.8
BM-sheet_1-10273,beam,0.192,0.0,1.2,0.6
BM-sheet_1-10274,beam,0.576,0.0,3.6,1.8
BM-sheet_1-10275,beam,0.32,0.0,2.0,1.0
BM-sheet_1-10276,beam,0.4896,0.0,3.06,1.53
BM-sheet_1-10277,beam,0.32,0.0,2.0,1.0
BM-sheet_1-10278,beam,0.4896,0.0,3.06,1.53
BM-sheet_1-10279,beam,0.192,0.0,1.2,0.6
BM-sheet_1-10280,beam,0.48,0.0,3.0,1.5
BM-sheet_1-10281,beam,0.192,0.0,1.2,0.6
BM-sheet_1-10282,beam,0.48,0.0,3.0,1.5
BM-sheet_1-10283,beam,0.192,0.0,1.2,0.6
BM-sheet_1-10284,beam,0.64,0.0,4.0,2.0
BM-sheet_1-10285,beam,0.192,0.0,1.2,0.6
BM-sheet_1-10286,beam,0.64,0.0,4.0,2.0
BM-sheet_1-10287,beam,0.192,0.0,1.2,0.6
BM-sheet_1-10288,beam,0.32,0.0,2.0,1.0
BM-sheet_1-10289,beam,0.192,0.0,1.2,0.6
BM-sheet_1-10290,beam,0.32,0.0,2.0,1.0
BM-sheet_1-10291,beam,0.192,0.0,1.2,0.6
BM-sheet_1-10292,beam,0.32,0.0,2.0,1.0
BM-sheet_1-10293,beam,0.192,0.0,1.2,0.6
BM-sheet_1-10294,beam,0.32,0.0,2.0,1.0
BM-sheet_1-10295,beam,0.192,0.0,1.2,0.6
BM-sheet_1-10296,beam,0.32,0.0,2.0,1.0
BM-sheet_1-10297,beam,0.192,0.0,1.2,0.6
BM-sheet_1-10298,beam,0.32,0.0,2.0,1.0
BM-sheet_1-10299,beam,0.192,0.0,1.2,0.6
BM-sheet_1-10300,beam,0.352,0.0,2.2,1.1
BM-sheet_1-10301,beam,0.192,0.0,1.2,0.6
BM-sheet_1-10302,beam,0.352,0.0,2.2,1.1
BM-sheet_1-10303,beam,0.192,0.0,1.2,0.6
BM-sheet_1-10304,beam,0.32,0.0,2.0,1.0
BM-sheet_1-10305,beam,0.192,0.0,1.2,0.6
BM-sheet_1-10306,beam,0.32,0.0,2.0,1.0
BM-sheet_1-10307,beam,0.192,0.0,1.2,0.6
BM-sheet_1-10308,beam,0.48,0.0,3.0,1.5
BM-sheet_1-10309,beam,0.192,0.0,1.2,0.6
BM-sheet_1-10310,beam,0.48,0.0,3.0,1.5
BM-sheet_1-10311,beam,0.192,0.0,1.2,0.6
BM-sheet_1-10312,beam,0.32,0.0,2.0,1.0
BM-sheet_1-10313,beam,0.192,0.0,1.2,0.6
BM-sheet_1-10314,beam,0.32,0.0,2.0,1.0
BM-sheet_1-10315,beam,0.32,0.0,2.0,1.0
BM-sheet_1-10316,beam,0.224,0.0,1.4,0.7
BM-sheet_1-10317,beam,0.32,0.0,2.0,1.0
BM-sheet_1-10318,beam,0.224,0.0,1.4,0.7
BM-sheet_1-10319,beam,0.32,0.0,2.0,1.0
BM-sheet_1-10320,beam,0.224,0.0,1.4,0.7
BM-sheet_1-10321,beam,0.32,0.0,2.0,1.0
BM-sheet_1-10322,beam,0.224,0.0,1.4,0.7
BM-sheet_1-10323,beam,0.384,0.0,2.4,1.2
BM-sheet_1-10324,beam,0.32,0.0,2.0,1.0
BM-sheet_1-10325,beam,0.384,0.0,2.4,1.2
BM-sheet_1-10326,beam,0.32,0.0,2.0,1.0
BM-sheet_1-10327,beam,0.224,0.0,1.4,0.7
BM-sheet_1-10328,beam,0.352,0.0,2.2,1.1
BM-sheet_1-10329,beam,0.224,0.0,1.4,0.7
BM-sheet_1-10330,beam,0.352,0.0,2.2,1.1
BM-sheet_1-10331,beam,0.224,0.0,1.4,0.7
BM-sheet_1-10332,beam,0.32,0.0,2.0,1.0
BM-sheet_1-10333,beam,0.224,0.0,1.4,0.7
BM-sheet_1-10334,beam,0.32,0.0,2.0,1.0
BM-sheet_1-10335,beam,0.192,0.0,1.2,0.6
BM-sheet_1-10336,beam,0.32,0.0,2.0,1.0
BM-sheet_1-10337,beam,0.192,0.0,1.2,0.6
BM-sheet_1-10338,beam,0.32,0.0,2.0,1.0
BM-sheet_1-10339,beam,0.192,0.0,1.2,0.6
BM-sheet_1-10340,beam,0.352,0.0,2.2,1.1
BM-sheet_1-10341,beam,0.192,0.0,1.2,0.6
BM-sheet_1-10342,beam,0.352,0.0,2.2,1.1
BM-sheet_1-10343,beam,0.192,0.0,1.2,0.6
BM-sheet_1-10344,beam,0.32,0.0,2.0,1.0
BM-sheet_1-10345,beam,0.192,0.0,1.2,0.6
BM-sheet_1-10346,beam,0.32,0.0,2.0,1.0
BM-sheet_1-10347,beam,0.32,0.0,2.0,1.0
BM-sheet_1-10348,beam,0.224,0.0,1.4,0.7
BM-sheet_1-10349,beam,0.32,0.0,2.0,1.0
BM-sheet_1-10350,beam,0.224,0.0,1.4,0.7
BM-sheet_1-10351,beam,0.256,0.0,1.6,0.8
BM-sheet_1-10352,beam,0.384,0.0,2.4,1.2
BM-sheet_1-10353,beam,0.256,0.0,1.6,0.8
BM-sheet_1-10354,beam,0.384,0.0,2.4,1.2
BM-sheet_1-10355,beam,0.224,0.0,1.4,0.7
BM-sheet_1-10356,beam,0.544,0.0,3.4,1.7
BM-sheet_1-10357,beam,0.224,0.0,1.4,0.7
BM-sheet_1-10358,beam,0.544,0.0,3.4,1.7
BM-sheet_1-10359,beam,0.192,0.0,1.2,0.6
BM-sheet_1-10360,beam,0.384,0.0,2.4,1.2
BM-sheet_1-10361,beam,0.192,0.0,1.2,0.6
BM-sheet_1-10362,beam,0.384,0.0,2.4,1.2
BM-sheet_1-10363,beam,0.192,0.0,1.2,0.6
BM-sheet_1-10364,beam,0.32,0.0,2.0,1.0
BM-sheet_1-10365,beam,0.192,0.0,1.2,0.6
BM-sheet_1-10366,beam,0.32,0.0,2.0,1.0
BM-sheet_1-10367,beam,0.192,0.0,1.2,0.6
BM-sheet_1-10368,beam,0.32,0.0,2.0,1.0
BM-sheet_1-10369,beam,0.192,0.0,1.2,0.6
BM-sheet_1-10370,beam,0.32,0.0,2.0,1.0
BM-sheet_1-10371,beam,0.192,0.0,1.2,0.6
BM-sheet_1-10372,beam,0.384,0.0,2.4,1.2
BM-sheet_1-10373,beam,0.192,0.0,1.2,0.6
BM-sheet_1-10374,beam,0.384,0.0,2.4,1.2
BM-sheet_1-10375,beam,0.192,0.0,1.2,0.6
BM-sheet_1-10376,beam,0.576,0.0,3.6,1.8
BM-sheet_1-10377,beam,0.192,0.0,1.2,0.6
BM-sheet_1-10378,beam,0.576,0.0,3.6,1.8
BM-sheet_1-10379,beam,0.192,0.0,1.2,0.6
BM-sheet_1-10380,beam,0.448,0.0,2.8,1.4
BM-sheet_1-10381,beam,0.192,0.0,1.2,0.6
BM-sheet_1-10382,beam,0.448,0.0,2.8,1.4
BM-sheet_1-10383,beam,0.192,0.0,1.2,0.6
BM-sheet_1-10384,beam,0.32,0.0,2.0,1.0
BM-sheet_1-10385,beam,0.192,0.0,1.2,0.6
BM-sheet_1-10386,beam,0.32,0.0,2.0,1.0
BM-sheet_1-10387,beam,0.192,0.0,1.2,0.6
BM-sheet_1-10388,beam,0.384,0.0,2.4,1.2
BM-sheet_1-10389,beam,0.192,0.0,1.2,0.6
BM-sheet_1-10390,beam,0.384,0.0,2.4,1.2
BM-sheet_1-10391,beam,0.192,0.0,1.2,0.6
BM-sheet_1-10392,beam,0.32,0.0,2.0,1.0
BM-sheet_1-10393,beam,0.192,0.0,1.2,0.6
BM-sheet_1-10394,beam,0.32,0.0,2.0,1.0
BM-sheet_1-10395,beam,0.192,0.0,1.2,0.6
BM-sheet_1-10396,beam,0.32,0.0,2.0,1.0
BM-sheet_1-10397,beam,0.192,0.0,1.2,0.6
BM-sheet_1-10398,beam,0.32,0.0,2.0,1.0
BM-sheet_1-10399,beam,1.6666,0.0,10.416,5.208
BM-sheet_1-10400,beam,0.224,0.0,1.4,0.7
BM-sheet_1-10401,beam,1.1904,0.0,7.44,3.72
BM-sheet_1-10402,beam,0.9792,0.0,6.12,3.06
BM-sheet_1-10403,beam,1.312,0.0,8.2,4.1
BM-sheet_1-10404,beam,3.2544,0.0,20.34,10.17
BM-sheet_1-10405,beam,0.448,0.0,2.8,1.4
BM-sheet_1-10406,beam,0.704,0.0,4.4,2.2
BM-sheet_1-10407,beam,1.0624,0.0,6.64,3.32
BM-sheet_1-10408,beam,0.368,0.0,2.3,1.15
BM-sheet_1-10409,beam,0.16,0.0,1.0,0.5
BM-sheet_1-10410,beam,0.368,0.0,2.3,1.15
BM-sheet_1-10411,beam,2.496,0.0,15.6,7.8
BM-sheet_1-10412,beam,1.3904,0.0,8.69,4.345
BM-sheet_1-10413,beam,2.1884,0.0,13.678,6.839
BM-sheet_1-10414,beam,2.464,0.0,15.4,7.7
BM-sheet_1-10415,beam,2.464,0.0,15.4,7.7
BM-sheet_1-10416,beam,0.5508,0.0,3.442,1.721
BM-sheet_1-10417,beam,0.384,0.0,2.4,1.2
BM-sheet_1-10418,beam,0.544,0.0,3.4,1.7
BM-sheet_1-10419,beam,1.1904,0.0,7.44,3.72
BM-sheet_1-10420,beam,2.9952,0.0,18.72,9.36
BM-sheet_1-10421,beam,1.1904,0.0,7.44,3.72
BM-sheet_1-10422,beam,0.384,0.0,2.4,1.2
BM-sheet_1-10423,beam,1.6016,0.0,10.01,5.005
BM-sheet_1-10424,beam,1.6016,0.0,10.01,5.005
BM-sheet_1-10425,beam,0.544,0.0,3.4,1.7
BM-sheet_1-10426,beam,1.1904,0.0,7.44,3.72
BM-sheet_1-10427,beam,3.3152,0.0,20.72,10.36
BM-sheet_1-10428,beam,1.1904,0.0,7.44,3.72
BM-sheet_1-10429,beam,2.464,0.0,15.4,7.7
BM-sheet_1-10430,beam,2.464,0.0,15.4,7.7
BM-sheet_1-10431,beam,2.528,0.0,15.8,7.9
BM-sheet_1-10432,beam,1.0432,0.0,6.52,3.26
BM-sheet_1-10433,beam,1.1552,0.0,7.22,3.61
BM-sheet_1-10434,beam,0.9632,0.0,6.02,3.01
BM-sheet_1-10435,beam,1.1072,0.0,6.92,3.46
BM-sheet_1-10436,beam,2.448,0.0,15.3,7.65
BM-sheet_1-10437,beam,1.584,0.0,9.9,4.95
BM-sheet_1-10438,beam,0.2336,0.0,1.46,0.73
BM-sheet_1-10439,beam,0.4992,0.0,3.12,1.56
BM-sheet_1-10440,beam,0.4,0.0,2.5,1.25
BM-sheet_1-10441,beam,0.432,0.0,2.7,1.35
BM-sheet_1-10442,beam,6.9648,0.0,43.53,21.765
BM-sheet_1-10443,beam,0.5359,0.0,3.349,1.675
BM-sheet_1-10444,beam,0.432,0.0,2.7,1.35
BM-sheet_1-10445,beam,0.4,0.0,2.5,1.25
BM-sheet_1-10446,beam,5.328,0.0,33.3,16.65
BM-sheet_1-10447,beam,1.232,0.0,7.7,3.85
BM-sheet_1-10448,beam,2.5024,0.0,15.64,7.82
BM-sheet_1-10449,beam,0.4992,0.0,3.12,1.56
BM-sheet_1-10450,beam,0.2336,0.0,1.46,0.73
BM-sheet_1-10451,beam,0.3936,0.0,2.46,1.23
BM-sheet_1-10452,beam,0.4992,0.0,3.12,1.56
BM-sheet_1-10453,beam,0.4,0.0,2.5,1.25
BM-sheet_1-10454,beam,0.432,0.0,2.7,1.35
BM-sheet_1-10455,beam,1.1265,0.0,7.041,3.52
BM-sheet_1-10456,beam,1.3472,0.0,8.42,4.21
BM-sheet_1-10457,beam,1.472,0.0,9.2,4.6
BM-sheet_1-10458,beam,0.5664,0.0,3.54,1.77
BM-sheet_1-10459,beam,0.5941,0.0,3.713,1.857
BM-sheet_1-10460,beam,2.1824,0.0,13.64,6.82
BM-sheet_1-10461,beam,0.4352,0.0,2.72,1.36
BM-sheet_1-10462,beam,2.56,0.0,16.0,8.0
BM-sheet_1-10463,beam,1.0134,0.0,6.334,3.167
BM-sheet_1-10464,beam,0.432,0.0,2.7,1.35
BM-sheet_1-10465,beam,0.432,0.0,2.7,1.35
BM-sheet_1-10466,beam,0.4992,0.0,3.12,1.56
BM-sheet_1-10467,beam,0.3936,0.0,2.46,1.23
BM-sheet_1-10468,beam,1.072,0.0,6.7,3.35
BM-sheet_1-10469,beam,0.448,0.0,2.8,1.4
BM-sheet_1-10470,beam,1.5232,0.0,9.52,4.76
BM-sheet_1-10471,beam,0.3936,0.0,2.46,1.23
BM-sheet_1-10472,beam,1.44,0.0,9.0,4.5
BM-sheet_1-10473,beam,1.3904,0.0,8.69,4.345
BM-sheet_1-10474,beam,1.2192,0.0,7.62,3.81
BM-sheet_1-10475,beam,1.1833,0.0,7.396,3.698
BM-sheet_1-10476,beam,3.2693,0.0,20.433,10.217
BM-sheet_1-10477,beam,0.384,0.0,2.4,1.2
BM-sheet_1-10478,beam,1.1904,0.0,7.44,3.72
BM-sheet_1-10479,beam,2.9952,0.0,18.72,9.36
BM-sheet_1-10480,beam,1.1904,0.0,7.44,3.72
BM-sheet_1-10481,beam,0.384,0.0,2.4,1.2
BM-sheet_1-10482,beam,0.224,0.0,1.4,0.7
BM-sheet_1-10483,beam,2.4864,0.0,15.54,7.77
BM-sheet_1-10484,beam,2.272,0.0,14.2,7.1
BM-sheet_1-10485,beam,2.3904,0.0,14.94,7.47
BM-sheet_1-10486,beam,1.9136,0.0,11.96,5.98
BM-sheet_1-10487,beam,1.7536,0.0,10.96,5.48
BM-sheet_1-10488,beam,1.12,0.0,7.0,3.5
BM-sheet_1-10489,beam,1.0784,0.0,6.74,3.37
BM-sheet_1-10490,beam,0.3959,0.0,2.474,1.237
BM-sheet_1-10491,beam,0.9824,0.0,6.14,3.07
BM-sheet_1-10492,beam,1.6864,0.0,10.54,5.27
BM-sheet_1-10493,beam,3.3152,0.0,20.72,10.36
BM-sheet_1-10494,beam,0.432,0.0,2.7,1.35
BM-sheet_1-10495,beam,0.4,0.0,2.5,1.25
BM-sheet_1-10496,beam,0.4992,0.0,3.12,1.56
BM-sheet_1-10497,beam,0.2336,0.0,1.46,0.73
BM-sheet_1-10498,beam,0.3936,0.0,2.46,1.23
BM-sheet_1-10499,beam,0.4992,0.0,3.12,1.56
BM-sheet_1-10500,beam,0.4,0.0,2.5,1.25
BM-sheet_1-10501,beam,0.432,0.0,2.7,1.35
BM-sheet_1-10502,beam,0.4792,0.0,2.995,1.498
BM-sheet_1-10503,beam,0.9184,0.0,5.74,2.87
BM-sheet_1-10504,beam,1.6864,0.0,10.54,5.27
BM-sheet_1-10505,beam,3.1552,0.0,19.72,9.86
BM-sheet_1-10506,beam,0.912,0.0,5.7,2.85
BM-sheet_1-10507,beam,1.2544,0.0,7.84,3.92
BM-sheet_1-10508,beam,1.9136,0.0,11.96,5.98
BM-sheet_1-10509,beam,1.7536,0.0,10.96,5.48
BM-sheet_1-10510,beam,1.12,0.0,7.0,3.5
BM-sheet_1-10511,beam,1.0784,0.0,6.74,3.37
BM-sheet_1-10512,beam,0.1173,0.0,0.733,0.367
BM-sheet_1-10513,beam,1.888,0.0,11.8,5.9
BM-sheet_1-10514,beam,0.1519,0.0,0.949,0.475
BM-sheet_1-10515,beam,1.9825,0.0,12.391,6.195
BM-sheet_1-10516,beam,0.224,0.0,1.4,0.7
BM-sheet_1-10517,beam,0.704,0.0,4.4,2.2
BM-sheet_1-10518,beam,1.1904,0.0,7.44,3.72
BM-sheet_1-10519,beam,3.3152,0.0,20.72,10.36
BM-sheet_1-10520,beam,1.1904,0.0,7.44,3.72
BM-sheet_1-10521,beam,0.544,0.0,3.4,1.7
BM-sheet_1-10522,beam,2.0418,0.0,12.762,6.381
BM-sheet_1-10523,beam,1.1152,0.0,6.97,3.485
BM-sheet_1-10524,beam,1.1031,0.0,6.894,3.447
BM-sheet_1-10525,beam,1.5392,0.0,9.62,4.81
BM-sheet_1-10526,beam,1.3904,0.0,8.69,4.345
BM-sheet_1-10527,beam,1.44,0.0,9.0,4.5
BM-sheet_1-10528,beam,0.448,0.0,2.8,1.4
BM-sheet_1-10529,beam,1.8432,0.0,11.52,5.76
BM-sheet_1-10530,beam,0.368,0.0,2.3,1.15
BM-sheet_1-10531,beam,1.232,0.0,7.7,3.85
BM-sheet_1-10532,beam,0.7399,0.0,4.624,2.312
BM-sheet_1-10533,beam,1.1695,0.0,7.309,3.655
BM-sheet_1-10534,beam,1.1712,0.0,7.32,3.66
BM-sheet_1-10535,beam,0.8384,0.0,5.24,2.62
BM-sheet_1-10536,beam,2.0128,0.0,12.58,6.29
BM-sheet_1-10537,beam,1.7152,0.0,10.72,5.36
BM-sheet_1-10538,beam,2.0544,0.0,12.84,6.42
BM-sheet_1-10539,beam,0.096,0.0,0.6,0.3
BM-sheet_1-10540,beam,1.742,0.0,10.887,5.444
BM-sheet_1-10541,beam,2.0544,0.0,12.84,6.42
BM-sheet_1-10542,beam,1.684,0.0,10.525,5.262
BM-sheet_1-10543,beam,0.6784,0.0,4.24,2.12
BM-sheet_1-10544,beam,1.1488,0.0,7.18,3.59
BM-sheet_1-10545,beam,1.1392,0.0,7.12,3.56
BM-sheet_1-10546,beam,0.6508,0.0,4.067,2.034
BM-sheet_1-10547,beam,1.824,0.0,11.4,5.7
BM-sheet_1-10548,beam,0.9223,0.0,5.764,2.882
BM-sheet_1-10549,beam,0.8155,0.0,5.097,2.549
BM-sheet_1-10550,beam,1.1392,0.0,7.12,3.56
BM-sheet_1-10551,beam,1.1488,0.0,7.18,3.59
BM-sheet_1-10552,beam,1.312,0.0,8.2,4.1
BM-sheet_1-10553,beam,3.2544,0.0,20.34,10.17
BM-sheet_1-10554,beam,1.1488,0.0,7.18,3.59
BM-sheet_1-10555,beam,1.1392,0.0,7.12,3.56
BM-sheet_1-10556,beam,0.768,0.0,4.8,2.4
BM-sheet_1-10557,beam,10.1709,0.0,63.568,31.784
BM-sheet_1-10558,beam,0.16,0.0,1.0,0.5
BM-sheet_1-10559,beam,1.072,0.0,6.7,3.35
BM-sheet_1-10560,beam,0.368,0.0,2.3,1.15
BM-sheet_1-10561,beam,1.5232,0.0,9.52,4.76
BM-sheet_1-10562,beam,0.448,0.0,2.8,1.4
BM-sheet_1-10563,beam,1.44,0.0,9.0,4.5
BM-sheet_1-10564,beam,1.3904,0.0,8.69,4.345
BM-sheet_1-10565,beam,1.2192,0.0,7.62,3.81
BM-sheet_1-10566,beam,1.2285,0.0,7.678,3.839
BM-sheet_1-10567,beam,2.6836,0.0,16.772,8.386
BM-sheet_1-10568,beam,0.224,0.0,1.4,0.7
BM-sheet_1-10569,beam,0.384,0.0,2.4,1.2
BM-sheet_1-10570,beam,1.1904,0.0,7.44,3.72
BM-sheet_1-10571,beam,2.9952,0.0,18.72,9.36
BM-sheet_1-10572,beam,1.1904,0.0,7.44,3.72
BM-sheet_1-10573,beam,0.224,0.0,1.4,0.7
BM-sheet_1-10574,beam,0.384,0.0,2.4,1.2
BM-sheet_1-10575,beam,1.3152,0.0,8.22,4.11
BM-sheet_1-10576,beam,1.8432,0.0,11.52,5.76
BM-sheet_1-10577,beam,1.6928,0.0,10.58,5.29
BM-sheet_1-10578,beam,1.44,0.0,9.0,4.5
BM-sheet_1-10579,beam,1.3904,0.0,8.69,4.345
BM-sheet_1-10580,beam,1.5392,0.0,9.62,4.81
BM-sheet_1-10581,beam,1.1665,0.0,7.291,3.645
BM-sheet_1-10582,beam,2.6216,0.0,16.385,8.193
BM-sheet_1-10583,beam,0.224,0.0,1.4,0.7
BM-sheet_1-10584,beam,0.704,0.0,4.4,2.2
BM-sheet_1-10585,beam,1.1904,0.0,7.44,3.72
BM-sheet_1-10586,beam,1.1904,0.0,7.44,3.72
BM-sheet_1-10587,beam,1.9247,0.0,12.03,6.015
BM-sheet_1-10588,beam,1.1266,0.0,7.041,3.521
BM-sheet_1-10589,beam,0.224,0.0,1.4,0.7
BM-sheet_1-10590,beam,1.232,0.0,7.7,3.85
BM-sheet_1-10591,beam,1.1232,0.0,7.02,3.51
BM-sheet_1-10592,beam,0.9792,0.0,6.12,3.06
BM-sheet_1-10593,beam,0.16,0.0,1.0,0.5
BM-sheet_1-10594,beam,2.528,0.0,15.8,7.9
BM-sheet_1-10595,beam,1.346,0.0,8.412,4.206
BM-sheet_1-10596,beam,9.2609,0.0,57.881,28.94
BM-sheet_1-10597,beam,2.368,0.0,14.8,7.4
BM-sheet_1-10598,beam,2.496,0.0,15.6,7.8
BM-sheet_1-10599,beam,2.496,0.0,15.6,7.8
BM-sheet_1-10600,beam,6.4544,0.0,40.34,20.17
BM-sheet_1-10601,beam,0.13,0.0,0.813,0.406
BM-sheet_1-10602,beam,0.119,0.0,0.744,0.372
BM-sheet_1-10603,beam,1.152,0.0,7.2,3.6
BM-sheet_1-10604,beam,0.4224,0.0,2.64,1.32
BM-sheet_1-10605,beam,0.4,0.0,2.5,1.25
BM-sheet_1-10606,beam,0.4992,0.0,3.12,1.56
BM-sheet_1-10607,beam,0.2913,0.0,1.821,0.91
BM-sheet_1-10608,beam,0.4513,0.0,2.821,1.41
BM-sheet_1-10609,beam,0.4992,0.0,3.12,1.56
BM-sheet_1-10610,beam,0.4,0.0,2.5,1.25
BM-sheet_1-10611,beam,6.4544,0.0,40.34,20.17
BM-sheet_1-10612,beam,0.4224,0.0,2.64,1.32
BM-sheet_1-10613,beam,0.16,0.0,1.0,0.5
BM-sheet_1-10614,beam,0.2239,0.0,1.4,0.7
BM-sheet_1-10615,beam,0.16,0.0,1.0,0.5
BM-sheet_1-10616,beam,1.2256,0.0,7.66,3.83
BM-sheet_1-10617,beam,2.7824,0.0,17.39,8.695
BM-sheet_1-10618,beam,8.1632,0.0,51.02,25.51
BM-sheet_1-10619,beam,0.64,0.0,4.0,2.0
BM-sheet_1-10620,beam,0.6304,0.0,3.94,1.97
BM-sheet_1-10621,beam,1.008,0.0,6.3,3.15
BM-sheet_1-10622,beam,3.9772,0.0,24.858,12.429
BM-sheet_1-10623,beam,0.992,0.0,6.2,3.1
BM-sheet_1-10624,beam,3.9772,0.0,24.858,12.429
BM-sheet_1-10625,beam,2.0284,0.0,12.678,6.339
BM-sheet_1-10626,beam,2.464,0.0,15.4,7.7
BM-sheet_1-10627,beam,2.464,0.0,15.4,7.7
BM-sheet_1-10628,beam,0.5508,0.0,3.442,1.721
BM-sheet_1-10629,beam,0.64,0.0,4.0,2.0
BM-sheet_1-10630,beam,8.1632,0.0,51.02,25.51
BM-sheet_1-10631,beam,2.4624,0.0,15.39,7.695
BM-sheet_1-10632,beam,1.0656,0.0,6.66,3.33
BM-sheet_1-10633,beam,3.2413,0.0,20.258,10.129
BM-sheet_1-10634,beam,1.1904,0.0,7.44,3.72
BM-sheet_1-10635,beam,0.224,0.0,1.4,0.7
BM-sheet_1-10636,beam,0.384,0.0,2.4,1.2
BM-sheet_1-10637,beam,0.4,0.0,2.5,1.25
BM-sheet_1-10638,beam,2.7424,0.0,17.14,8.57
BM-sheet_1-10639,beam,0.224,0.0,1.4,0.7
BM-sheet_1-10640,beam,0.384,0.0,2.4,1.2
BM-sheet_1-10641,beam,1.1904,0.0,7.44,3.72
BM-sheet_1-10642,beam,2.9952,0.0,18.72,9.36
BM-sheet_1-10643,beam,1.1904,0.0,7.44,3.72
BM-sheet_1-10644,beam,0.384,0.0,2.4,1.2
BM-sheet_1-10645,beam,0.224,0.0,1.4,0.7
BM-sheet_1-10646,beam,0.7536,0.0,4.71,2.355
BM-sheet_1-10647,beam,2.5024,0.0,15.64,7.82
BM-sheet_1-10648,beam,1.0224,0.0,6.39,3.195
BM-sheet_1-10649,beam,1.072,0.0,6.7,3.35
BM-sheet_1-10650,beam,1.7984,0.0,11.24,5.62
BM-sheet_1-10651,beam,1.4592,0.0,9.12,4.56
BM-sheet_1-10652,beam,0.2336,0.0,1.46,0.73
BM-sheet_1-10653,beam,0.4,0.0,2.5,1.25
BM-sheet_1-10654,beam,0.1536,0.0,0.96,0.48
BM-sheet_1-10655,beam,1.1392,0.0,7.12,3.56
BM-sheet_1-10656,beam,0.3936,0.0,2.46,1.23
BM-sheet_1-10657,beam,1.7984,0.0,11.24,5.62
BM-sheet_1-10658,beam,1.072,0.0,6.7,3.35
BM-sheet_1-10659,beam,0.368,0.0,2.3,1.15
BM-sheet_1-10660,beam,1.8432,0.0,11.52,5.76
BM-sheet_1-10661,beam,0.448,0.0,2.8,1.4
BM-sheet_1-10662,beam,1.44,0.0,9.0,4.5
BM-sheet_1-10663,beam,1.1824,0.0,7.39,3.695
BM-sheet_1-10664,beam,2.5088,0.0,15.68,7.84
BM-sheet_1-10665,beam,0.7536,0.0,4.71,2.355
BM-sheet_1-10666,beam,2.5024,0.0,15.64,7.82
BM-sheet_1-10667,beam,0.704,0.0,4.4,2.2
BM-sheet_1-10668,beam,0.224,0.0,1.4,0.7
BM-sheet_1-10669,beam,1.1904,0.0,7.44,3.72
BM-sheet_1-10670,beam,3.3152,0.0,20.72,10.36
BM-sheet_1-10671,beam,0.704,0.0,4.4,2.2
BM-sheet_1-10672,beam,0.224,0.0,1.4,0.7
BM-sheet_1-10673,beam,2.4224,0.0,15.14,7.57
BM-sheet_1-10674,beam,0.4,0.0,2.5,1.25
BM-sheet_1-10675,beam,2.5024,0.0,15.64,7.82
BM-sheet_1-10676,beam,0.224,0.0,1.4,0.7
BM-sheet_1-10677,beam,0.704,0.0,4.4,2.2
BM-sheet_1-10678,beam,1.1904,0.0,7.44,3.72
BM-sheet_1-10679,beam,3.4013,0.0,21.258,10.629
BM-sheet_1-10680,beam,1.9328,0.0,12.08,6.04
BM-sheet_1-10681,beam,0.544,0.0,3.4,1.7
BM-sheet_1-10682,beam,2.048,0.0,12.8,6.4
BM-sheet_1-10683,beam,0.6304,0.0,3.94,1.97
BM-sheet_1-10684,beam,1.264,0.0,7.9,3.95
BM-sheet_1-10685,beam,1.6928,0.0,10.58,5.29
BM-sheet_1-10686,beam,2.56,0.0,16.0,8.0
BM-sheet_1-10687,beam,1.744,0.0,10.9,5.45
BM-sheet_1-10688,beam,0.5248,0.0,3.28,1.64
BM-sheet_1-10689,beam,1.0944,0.0,6.84,3.42
BM-sheet_1-10690,beam,1.7248,0.0,10.78,5.39
BM-sheet_1-10691,beam,0.8608,0.0,5.38,2.69
BM-sheet_1-10692,beam,2.2304,0.0,13.94,6.97
BM-sheet_1-10693,beam,0.432,0.0,2.7,1.35
BM-sheet_1-10694,beam,0.4992,0.0,3.12,1.56
BM-sheet_1-10695,beam,0.4,0.0,2.5,1.25
BM-sheet_1-10696,beam,0.2336,0.0,1.46,0.73
BM-sheet_1-10697,beam,1.36,0.0,8.5,4.25
BM-sheet_1-10698,beam,0.3328,0.0,2.08,1.04
BM-sheet_1-10699,beam,0.8032,0.0,5.02,2.51
BM-sheet_1-10700,beam,0.9504,0.0,5.94,2.97
BM-sheet_1-10701,beam,0.832,0.0,5.2,2.6
BM-sheet_1-10702,beam,0.56,0.0,3.5,1.75
BM-sheet_1-10703,beam,1.4656,0.0,9.16,4.58
BM-sheet_1-10704,beam,1.0624,0.0,6.64,3.32
BM-sheet_1-10705,beam,0.736,0.0,4.6,2.3
BM-sheet_1-10706,beam,1.7024,0.0,10.64,5.32
BM-sheet_1-10707,beam,1.2394,0.0,7.746,3.873
BM-sheet_1-10708,beam,1.3179,0.0,8.237,4.118
BM-sheet_1-10709,beam,1.2304,0.0,7.69,3.845
BM-sheet_1-10710,beam,0.9344,0.0,5.84,2.92
BM-sheet_1-10711,beam,1.44,0.0,9.0,4.5
BM-sheet_1-10712,beam,1.5232,0.0,9.52,4.76
BM-sheet_1-10713,beam,0.448,0.0,2.8,1.4
BM-sheet_1-10714,beam,0.368,0.0,2.3,1.15
BM-sheet_1-10715,beam,1.072,0.0,6.7,3.35
BM-sheet_1-10716,beam,1.232,0.0,7.7,3.85
BM-sheet_1-10717,beam,0.368,0.0,2.3,1.15
BM-sheet_1-10718,beam,0.3461,0.0,2.163,1.081
BM-sheet_1-10719,beam,0.2528,0.0,1.58,0.79
BM-sheet_1-10720,beam,1.44,0.0,9.0,4.5
BM-sheet_1-10721,beam,1.0304,0.0,6.44,3.22
BM-sheet_1-10722,beam,1.2502,0.0,7.814,3.907
BM-sheet_1-10723,beam,1.3318,0.0,8.324,4.162
BM-sheet_1-10724,beam,1.7024,0.0,10.64,5.32
BM-sheet_1-10725,beam,0.896,0.0,5.6,2.8
BM-sheet_1-10726,beam,1.0624,0.0,6.64,3.32
BM-sheet_1-10727,beam,0.56,0.0,3.5,1.75
BM-sheet_1-10728,beam,1.4656,0.0,9.16,4.58
BM-sheet_1-10729,beam,1.152,0.0,7.2,3.6
BM-sheet_1-10730,beam,0.9504,0.0,5.94,2.97
BM-sheet_1-10731,beam,1.1232,0.0,7.02,3.51
BM-sheet_1-10732,beam,0.3328,0.0,2.08,1.04
BM-sheet_1-10733,beam,1.9328,0.0,12.08,6.04
BM-sheet_1-10734,beam,1.04,0.0,6.5,3.25
BM-sheet_1-10735,beam,0.544,0.0,3.4,1.7
BM-sheet_1-10736,beam,1.728,0.0,10.8,5.4
BM-sheet_1-10737,beam,0.6304,0.0,3.94,1.97
BM-sheet_1-10738,beam,0.128,0.0,0.8,0.4
BM-sheet_1-10739,beam,1.232,0.0,7.7,3.85
BM-sheet_1-10740,beam,2.56,0.0,16.0,8.0
BM-sheet_1-10741,beam,1.744,0.0,10.9,5.45
BM-sheet_1-10742,beam,0.6029,0.0,3.768,1.884
BM-sheet_1-10743,beam,1.1724,0.0,7.328,3.664
BM-sheet_1-10744,beam,1.7248,0.0,10.78,5.39
BM-sheet_1-10745,beam,0.8608,0.0,5.38,2.69
BM-sheet_1-10746,beam,2.0704,0.0,12.94,6.47
BM-sheet_1-10747,beam,0.432,0.0,2.7,1.35
BM-sheet_1-10748,beam,0.4,0.0,2.5,1.25
BM-sheet_1-10749,beam,0.4992,0.0,3.12,1.56
BM-sheet_1-10750,beam,0.3936,0.0,2.46,1.23
BM-sheet_1-10751,beam,0.16,0.0,1.0,0.5
BM-sheet_1-10752,beam,1.088,0.0,6.8,3.4
BM-sheet_1-10753,beam,0.5936,0.0,3.71,1.855
BM-sheet_1-10754,beam,1.5232,0.0,9.52,4.76
BM-sheet_1-10755,beam,0.448,0.0,2.8,1.4
BM-sheet_1-10756,beam,1.44,0.0,9.0,4.5
BM-sheet_1-10757,beam,1.3904,0.0,8.69,4.345
BM-sheet_1-10758,beam,1.2192,0.0,7.62,3.81
BM-sheet_1-10759,beam,1.6325,0.0,10.203,5.101
BM-sheet_1-10760,beam,2.4624,0.0,15.39,7.695
BM-sheet_1-10761,beam,0.3856,0.0,2.41,1.205
BM-sheet_1-10762,beam,1.3216,0.0,8.26,4.13
BM-sheet_1-10763,beam,1.44,0.0,9.0,4.5
BM-sheet_1-10764,beam,0.4,0.0,2.5,1.25
BM-sheet_1-10765,beam,0.832,0.0,5.2,2.6
BM-sheet_1-10766,beam,0.6912,0.0,4.32,2.16
BM-sheet_1-10767,beam,0.6912,0.0,4.32,2.16
BM-sheet_1-10768,beam,0.4,0.0,2.5,1.25
BM-sheet_1-10769,beam,1.44,0.0,9.0,4.5
BM-sheet_1-10770,beam,1.3216,0.0,8.26,4.13
BM-sheet_1-10771,beam,0.7056,0.0,4.41,2.205
BM-sheet_1-10772,beam,0.224,0.0,1.4,0.7
BM-sheet_1-10773,beam,1.9504,0.0,12.19,6.095
BM-sheet_1-10774,beam,0.16,0.0,1.0,0.5
BM-sheet_1-10775,beam,1.6929,0.0,10.581,5.29
BM-sheet_1-10776,beam,1.5392,0.0,9.62,4.81
BM-sheet_1-10777,beam,1.3904,0.0,8.69,4.345
BM-sheet_1-10778,beam,0.5057,0.0,3.161,1.58
BM-sheet_1-10779,beam,0.7817,0.0,4.886,2.443
BM-sheet_1-10780,beam,0.3521,0.0,2.201,1.1
BM-sheet_1-10781,beam,1.6956,0.0,10.597,5.299
BM-sheet_1-10782,beam,0.5936,0.0,3.71,1.855
BM-sheet_1-10783,beam,1.248,0.0,7.8,3.9
BM-sheet_1-10784,beam,0.544,0.0,3.4,1.7
BM-sheet_1-10785,beam,1.616,0.0,10.1,5.05
BM-sheet_1-10786,beam,0.208,0.0,1.3,0.65
BM-sheet_1-10787,beam,0.6304,0.0,3.94,1.97
BM-sheet_1-10788,beam,0.448,0.0,2.8,1.4
BM-sheet_1-10789,beam,1.456,0.0,9.1,4.55
BM-sheet_1-10790,beam,1.6608,0.0,10.38,5.19
BM-sheet_1-10791,beam,1.8656,0.0,11.66,5.83
BM-sheet_1-10792,beam,1.904,0.0,11.9,5.95
BM-sheet_1-10793,beam,0.4224,0.0,2.64,1.32
BM-sheet_1-10794,beam,2.2208,0.0,13.88,6.94
BM-sheet_1-10795,beam,1.4912,0.0,9.32,4.66
BM-sheet_1-10796,beam,2.3904,0.0,14.94,7.47
BM-sheet_1-10797,beam,0.4224,0.0,2.64,1.32
BM-sheet_1-10798,beam,0.4,0.0,2.5,1.25
BM-sheet_1-10799,beam,0.4992,0.0,3.12,1.56
BM-sheet_1-10800,beam,0.3552,0.0,2.22,1.11
BM-sheet_1-10801,beam,0.5152,0.0,3.22,1.61
BM-sheet_1-10802,beam,0.4992,0.0,3.12,1.56
BM-sheet_1-10803,beam,0.4,0.0,2.5,1.25
BM-sheet_1-10804,beam,0.4224,0.0,2.64,1.32
BM-sheet_1-10805,beam,2.2988,0.0,14.368,7.184
BM-sheet_1-10806,beam,1.4912,0.0,9.32,4.66
BM-sheet_1-10807,beam,2.2304,0.0,13.94,6.97
BM-sheet_1-10808,beam,1.8656,0.0,11.66,5.83
BM-sheet_1-10809,beam,1.904,0.0,11.9,5.95
BM-sheet_1-10810,beam,0.5004,0.0,3.128,1.564
BM-sheet_1-10811,beam,1.296,0.0,8.1,4.05
BM-sheet_1-10812,beam,1.6288,0.0,10.18,5.09
BM-sheet_1-10813,beam,0.448,0.0,2.8,1.4
BM-sheet_1-10814,beam,0.544,0.0,3.4,1.7
BM-sheet_1-10815,beam,1.456,0.0,9.1,4.55
BM-sheet_1-10816,beam,0.16,0.0,1.0,0.5
BM-sheet_1-10817,beam,1.536,0.0,9.6,4.8
BM-sheet_1-10818,beam,2.88,0.0,18.0,9.0
BM-sheet_1-10819,beam,2.272,0.0,14.2,7.1
BM-sheet_1-10820,beam,2.272,0.0,14.2,7.1
BM-sheet_1-10821,beam,0.832,0.0,5.2,2.6
BM-sheet_1-10822,beam,0.704,0.0,4.4,2.2
BM-sheet_1-10823,beam,1.344,0.0,8.4,4.2
BM-sheet_1-10824,beam,2.272,0.0,14.2,7.1
BM-sheet_1-10825,beam,2.24,0.0,14.0,7.0
BM-sheet_1-10826,beam,1.9968,0.0,12.48,6.24
BM-sheet_1-10827,beam,1.9968,0.0,12.48,6.24
BM-sheet_1-10828,beam,0.704,0.0,4.4,2.2
BM-sheet_1-10829,beam,2.24,0.0,14.0,7.0
BM-sheet_1-10830,beam,0.704,0.0,4.4,2.2
BM-sheet_1-10831,beam,2.24,0.0,14.0,7.0
BM-sheet_1-10832,beam,1.9968,0.0,12.48,6.24
BM-sheet_1-10833,beam,2.4832,0.0,15.52,7.76
BM-sheet_1-10834,beam,0.832,0.0,5.2,2.6
BM-sheet_1-10835,beam,2.0992,0.0,13.12,6.56
BM-sheet_1-10836,beam,2.4832,0.0,15.52,7.76
BM-sheet_1-10837,beam,2.4832,0.0,15.52,7.76
BM-sheet_1-10838,beam,1.9968,0.0,12.48,6.24
BM-sheet_1-10839,beam,1.9968,0.0,12.48,6.24
BM-sheet_1-10840,beam,1.9968,0.0,12.48,6.24
BM-sheet_1-10841,beam,2.0992,0.0,13.12,6.56
BM-sheet_1-10842,beam,2.4832,0.0,15.52,7.76
BM-sheet_1-10843,beam,0.224,0.0,1.4,0.7
BM-sheet_1-10844,beam,0.448,0.0,2.8,1.4
BM-sheet_1-10845,beam,1.44,0.0,9.0,4.5
BM-sheet_1-10846,beam,1.5232,0.0,9.52,4.76
BM-sheet_1-10847,beam,0.368,0.0,2.3,1.15
BM-sheet_1-10848,beam,0.16,0.0,1.0,0.5
BM-sheet_1-10849,beam,0.16,0.0,1.0,0.5
BM-sheet_1-10850,beam,0.16,0.0,1.0,0.5
BM-sheet_1-10851,beam,1.68,0.0,10.5,5.25
BM-sheet_1-10852,beam,1.68,0.0,10.5,5.25
BM-sheet_1-10853,beam,0.6272,0.0,3.92,1.96
BM-sheet_1-10854,beam,0.3233,0.0,2.021,1.01
BM-sheet_1-10855,beam,0.3233,0.0,2.021,1.01
BM-sheet_1-10856,beam,0.9151,0.0,5.719,2.86
BM-sheet_1-10857,beam,1.0751,0.0,6.719,3.36
BM-sheet_1-10858,beam,0.4672,0.0,2.92,1.46
BM-sheet_1-10859,beam,0.7168,0.0,4.48,2.24
BM-sheet_1-10860,beam,1.568,0.0,9.8,4.9
BM-sheet_1-10861,beam,2.9632,0.0,18.52,9.26
BM-sheet_1-10862,beam,0.448,0.0,2.8,1.4
BM-sheet_1-10863,beam,1.44,0.0,9.0,4.5
BM-sheet_1-10864,beam,0.4768,0.0,2.98,1.49
BM-sheet_1-10865,beam,2.6704,0.0,16.69,8.345
BM-sheet_1-10866,beam,0.6368,0.0,3.98,1.99
BM-sheet_1-10867,beam,0.1776,0.0,1.11,0.555
BM-sheet_1-10868,beam,1.0112,0.0,6.32,3.16
BM-sheet_1-10869,beam,1.0112,0.0,6.32,3.16
BM-sheet_1-10870,beam,0.672,0.0,4.2,2.1
BM-sheet_1-10871,beam,0.672,0.0,4.2,2.1
BM-sheet_1-10872,beam,0.4032,0.0,2.52,1.26
BM-sheet_1-10873,beam,0.5472,0.0,3.42,1.71
BM-sheet_1-10874,beam,0.6496,0.0,4.06,2.03
BM-sheet_1-10875,beam,0.8256,0.0,5.16,2.58
BM-sheet_1-10876,beam,0.7616,0.0,4.76,2.38
BM-sheet_1-10877,beam,0.8,0.0,5.0,2.5
BM-sheet_1-10878,beam,2.2016,0.0,13.76,6.88
BM-sheet_1-10879,beam,1.4656,0.0,9.16,4.58
BM-sheet_1-10880,beam,0.5568,0.0,3.48,1.74
BM-sheet_1-10881,beam,1.936,0.0,12.1,6.05
BM-sheet_1-10882,beam,0.176,0.0,1.1,0.55
BM-sheet_1-10883,beam,0.5472,0.0,3.42,1.71
BM-sheet_1-10884,beam,0.6496,0.0,4.06,2.03
BM-sheet_1-10885,beam,0.3904,0.0,2.44,1.22
BM-sheet_1-10886,beam,0.8096,0.0,5.06,2.53
BM-sheet_1-10887,beam,0.6368,0.0,3.98,1.99
BM-sheet_1-10888,beam,0.1184,0.0,0.74,0.37
BM-sheet_1-10889,beam,0.1776,0.0,1.11,0.555
BM-sheet_1-10890,beam,0.4032,0.0,2.52,1.26
BM-sheet_1-10891,beam,0.4736,0.0,2.96,1.48
BM-sheet_1-10892,beam,0.576,0.0,3.6,1.8
BM-sheet_1-10893,beam,0.736,0.0,4.6,2.3
BM-sheet_1-10894,beam,1.5872,0.0,9.92,4.96
BM-sheet_1-10895,beam,0.832,0.0,5.2,2.6
BM-sheet_1-10896,beam,1.008,0.0,6.3,3.15
BM-sheet_1-10897,beam,1.5232,0.0,9.52,4.76
BM-sheet_1-10898,beam,0.232,0.0,1.45,0.725
BM-sheet_1-10899,beam,0.232,0.0,1.45,0.725
BM-sheet_1-10900,beam,0.232,0.0,1.45,0.725
BM-sheet_1-10901,beam,0.312,0.0,1.95,0.975
BM-sheet_1-10902,beam,0.736,0.0,4.6,2.3
BM-sheet_1-10903,beam,0.7344,0.0,4.59,2.295
BM-sheet_1-10904,beam,0.912,0.0,5.7,2.85
BM-sheet_1-10905,beam,2.2144,0.0,13.84,6.92
BM-sheet_1-10906,beam,6.5535,0.0,40.959,20.48
BM-sheet_1-10907,beam,0.4224,0.0,2.64,1.32
BM-sheet_1-10908,beam,0.4224,0.0,2.64,1.32
BM-sheet_1-10909,beam,0.24,0.0,1.5,0.75
BM-sheet_1-10910,beam,0.4,0.0,2.5,1.25
BM-sheet_1-10911,beam,0.4992,0.0,3.12,1.56
BM-sheet_1-10912,beam,0.2912,0.0,1.82,0.91
BM-sheet_1-10913,beam,0.4992,0.0,3.12,1.56
BM-sheet_1-10914,beam,0.2912,0.0,1.82,0.91
BM-sheet_1-10915,beam,1.1456,0.0,7.16,3.58
BM-sheet_1-10916,beam,0.4352,0.0,2.72,1.36
BM-sheet_1-10917,beam,0.4352,0.0,2.72,1.36
BM-sheet_1-10918,beam,1.648,0.0,10.3,5.15
BM-sheet_1-10919,beam,0.4416,0.0,2.76,1.38
BM-sheet_1-10920,beam,0.8412,0.0,5.258,2.629
BM-sheet_1-10921,beam,2.24,0.0,14.0,7.0
BM-sheet_1-10922,beam,1.664,0.0,10.4,5.2
BM-sheet_1-10923,beam,1.696,0.0,10.6,5.3
BM-sheet_1-10924,beam,2.496,0.0,15.6,7.8
BM-sheet_1-10925,beam,2.56,0.0,16.0,8.0
BM-sheet_1-10926,beam,1.3516,0.0,8.448,4.224
BM-sheet_1-10927,beam,1.632,0.0,10.2,5.1
BM-sheet_1-10928,beam,0.3848,0.0,2.405,1.203
BM-sheet_1-10929,beam,0.4437,0.0,2.773,1.387
BM-sheet_1-10930,beam,2.416,0.0,15.1,7.55
BM-sheet_1-10931,beam,1.408,0.0,8.8,4.4
BM-sheet_1-10932,beam,1.3793,0.0,8.621,4.31
BM-sheet_1-10933,beam,2.864,0.0,17.9,8.95
BM-sheet_1-10934,beam,2.1819,0.0,13.637,6.818
BM-sheet_1-10935,beam,2.24,0.0,14.0,7.0
BM-sheet_1-10936,beam,0.944,0.0,5.9,2.95
BM-sheet_1-10937,beam,2.496,0.0,15.6,7.8
BM-sheet_1-10938,beam,1.696,0.0,10.6,5.3
BM-sheet_1-10939,beam,2.576,0.0,16.1,8.05
BM-sheet_1-10940,beam,1.664,0.0,10.4,5.2
BM-sheet_1-10941,beam,2.56,0.0,16.0,8.0
BM-sheet_1-10942,beam,1.632,0.0,10.2,5.1
BM-sheet_1-10943,beam,1.632,0.0,10.2,5.1
BM-sheet_1-10944,beam,2.6471,0.0,16.544,8.272
BM-sheet_1-10945,beam,0.5755,0.0,3.597,1.798
BM-sheet_1-10946,beam,2.416,0.0,15.1,7.55
BM-sheet_1-10947,beam,1.408,0.0,8.8,4.4
BM-sheet_1-10948,beam,2.3875,0.0,14.922,7.461
BM-sheet_1-10949,beam,1.632,0.0,10.2,5.1
BM-sheet_1-10950,beam,1.3793,0.0,8.621,4.31
BM-sheet_1-10951,beam,2.214,0.0,13.838,6.919
BM-sheet_1-10952,beam,2.416,0.0,15.1,7.55
BM-sheet_1-10953,beam,1.408,0.0,8.8,4.4
BM-sheet_1-10954,beam,0.944,0.0,5.9,2.95
BM-sheet_1-10955,beam,2.368,0.0,14.8,7.4
BM-sheet_1-10956,beam,0.944,0.0,5.9,2.95
BM-sheet_1-10957,beam,2.032,0.0,12.7,6.35
BM-sheet_1-10958,beam,2.0847,0.0,13.029,6.515
BM-sheet_1-10959,beam,0.3095,0.0,1.934,0.967
BM-sheet_1-10960,beam,1.8564,0.0,11.603,5.801
BM-sheet_1-10961,beam,1.2167,0.0,7.604,3.802
BM-sheet_1-10962,beam,1.52,0.0,9.5,4.75
BM-sheet_1-10963,beam,1.2174,0.0,7.609,3.804
BM-sheet_1-10964,beam,1.52,0.0,9.5,4.75
BM-sheet_1-10965,beam,1.857,0.0,11.606,5.803
BM-sheet_1-10966,beam,2.687,0.0,16.794,8.397
BM-sheet_1-10967,beam,2.048,0.0,12.8,6.4
BM-sheet_1-10968,beam,2.048,0.0,12.8,6.4
BM-sheet_1-10969,beam,0.944,0.0,5.9,2.95
BM-sheet_1-10970,beam,1.52,0.0,9.5,4.75
BM-sheet_1-10971,beam,1.3793,0.0,8.621,4.31
BM-sheet_1-10972,beam,2.496,0.0,15.6,7.8
BM-sheet_1-10973,beam,0.1176,0.0,0.735,0.368
BM-sheet_1-10974,beam,2.1801,0.0,13.626,6.813
BM-sheet_1-10975,beam,1.6193,0.0,10.121,5.06
BM-sheet_1-10976,beam,1.696,0.0,10.6,5.3
BM-sheet_1-10977,beam,1.312,0.0,8.2,4.1
BM-sheet_1-10978,beam,2.3873,0.0,14.921,7.46
BM-sheet_1-10979,beam,2.56,0.0,16.0,8.0
BM-sheet_1-10980,beam,1.456,0.0,9.1,4.55
BM-sheet_1-10981,beam,1.6193,0.0,10.121,5.06
BM-sheet_1-10982,beam,1.696,0.0,10.6,5.3
BM-sheet_1-10983,beam,1.696,0.0,10.6,5.3
BM-sheet_1-10984,beam,2.56,0.0,16.0,8.0
BM-sheet_1-10985,beam,0.944,0.0,5.9,2.95
BM-sheet_1-10986,beam,2.432,0.0,15.2,7.6
BM-sheet_1-10987,beam,2.5273,0.0,15.796,7.898
BM-sheet_1-10988,beam,1.52,0.0,9.5,4.75
BM-sheet_1-10989,beam,0.944,0.0,5.9,2.95
BM-sheet_1-10990,beam,2.528,0.0,15.8,7.9
BM-sheet_1-10991,beam,2.56,0.0,16.0,8.0
BM-sheet_1-10992,beam,2.464,0.0,15.4,7.7
BM-sheet_1-10993,beam,2.528,0.0,15.8,7.9
BM-sheet_1-10994,beam,2.56,0.0,16.0,8.0
BM-sheet_1-10995,beam,2.336,0.0,14.6,7.3
BM-sheet_1-10996,beam,0.6368,0.0,3.98,1.99
BM-sheet_1-10997,beam,1.52,0.0,9.5,4.75
BM-sheet_1-10998,beam,0.3424,0.0,2.14,1.07
BM-sheet_1-10999,beam,1.8833,0.0,11.77,5.885
BM-sheet_1-11000,beam,0.3424,0.0,2.14,1.07
BM-sheet_1-11001,beam,1.8434,0.0,11.521,5.761
BM-sheet_1-11002,beam,0.6624,0.0,4.14,2.07
BM-sheet_1-11003,beam,2.144,0.0,13.4,6.7
BM-sheet_1-11004,beam,2.336,0.0,14.6,7.3
BM-sheet_1-11005,beam,2.0131,0.0,12.582,6.291
BM-sheet_1-11006,beam,0.6624,0.0,4.14,2.07
BM-sheet_1-11007,beam,2.144,0.0,13.4,6.7
BM-sheet_1-11008,beam,2.336,0.0,14.6,7.3
BM-sheet_1-11009,beam,2.1434,0.0,13.396,6.698
BM-sheet_1-11010,beam,2.4746,0.0,15.467,7.733
BM-sheet_1-11011,beam,2.496,0.0,15.6,7.8
BM-sheet_1-11012,beam,1.5016,0.0,9.385,4.693
BM-sheet_1-11013,beam,1.696,0.0,10.6,5.3
BM-sheet_1-11014,beam,1.632,0.0,10.2,5.1
BM-sheet_1-11015,beam,2.496,0.0,15.6,7.8
BM-sheet_1-11016,beam,2.24,0.0,14.0,7.0
BM-sheet_1-11017,beam,1.696,0.0,10.6,5.3
BM-sheet_1-11018,beam,2.24,0.0,14.0,7.0
BM-sheet_1-11019,beam,2.336,0.0,14.6,7.3
BM-sheet_1-11020,beam,2.496,0.0,15.6,7.8
BM-sheet_1-11021,beam,2.528,0.0,15.8,7.9
BM-sheet_1-11022,beam,2.56,0.0,16.0,8.0
BM-sheet_1-11023,beam,2.9472,0.0,18.42,9.21
BM-sheet_1-11024,beam,2.464,0.0,15.4,7.7
BM-sheet_1-11025,beam,1.216,0.0,7.6,3.8
BM-sheet_1-11026,beam,2.352,0.0,14.7,7.35
BM-sheet_1-11027,beam,2.528,0.0,15.8,7.9
BM-sheet_1-11028,beam,2.24,0.0,14.0,7.0
BM-sheet_1-11029,beam,2.336,0.0,14.6,7.3
BM-sheet_1-11030,beam,1.664,0.0,10.4,5.2
BM-sheet_1-11031,beam,0.6828,0.0,4.267,2.134
BM-sheet_1-11032,beam,0.2417,0.0,1.511,0.755
BM-sheet_1-11033,beam,1.2761,0.0,7.976,3.988
BM-sheet_1-11034,beam,1.3149,0.0,8.218,4.109
BM-sheet_1-11035,beam,0.5369,0.0,3.356,1.678
BM-sheet_1-11036,beam,0.3939,0.0,2.462,1.231
BM-sheet_1-11037,beam,2.592,0.0,16.2,8.1
BM-sheet_1-11038,beam,2.592,0.0,16.2,8.1
BM-sheet_1-11039,beam,0.584,0.0,3.65,1.825
BM-sheet_1-11040,beam,2.528,0.0,15.8,7.9
BM-sheet_1-11041,beam,2.496,0.0,15.6,7.8
BM-sheet_1-11042,beam,2.592,0.0,16.2,8.1
BM-sheet_1-11043,beam,2.5959,0.0,16.224,8.112
BM-sheet_1-11044,beam,2.528,0.0,15.8,7.9
BM-sheet_1-11045,beam,2.528,0.0,15.8,7.9
BM-sheet_1-11046,beam,0.3704,0.0,2.315,1.158
BM-sheet_1-11047,beam,0.4103,0.0,2.564,1.282
BM-sheet_1-11048,beam,1.8247,0.0,11.404,5.702
BM-sheet_1-11049,beam,1.8644,0.0,11.653,5.826
BM-sheet_1-11050,beam,2.4996,0.0,15.622,7.811
BM-sheet_1-11051,beam,2.4598,0.0,15.374,7.687
BM-sheet_1-11052,beam,2.3682,0.0,14.801,7.401
BM-sheet_1-11053,beam,0.6407,0.0,4.005,2.002
BM-sheet_1-11054,beam,0.6407,0.0,4.005,2.002
BM-sheet_1-11055,beam,2.4126,0.0,15.079,7.539
BM-sheet_1-11056,beam,2.4516,0.0,15.322,7.661
BM-sheet_1-11057,beam,0.5888,0.0,3.68,1.84
BM-sheet_1-11058,beam,2.464,0.0,15.4,7.7
BM-sheet_1-11059,beam,2.3885,0.0,14.928,7.464
BM-sheet_1-11060,beam,0.6418,0.0,4.011,2.005
BM-sheet_1-11061,beam,0.6418,0.0,4.011,2.005
BM-sheet_1-11062,beam,1.632,0.0,10.2,5.1
BM-sheet_1-11063,beam,2.336,0.0,14.6,7.3
BM-sheet_1-11064,beam,2.288,0.0,14.3,7.15
BM-sheet_1-11065,beam,1.632,0.0,10.2,5.1
BM-sheet_1-11066,beam,2.336,0.0,14.6,7.3
BM-sheet_1-11067,beam,1.664,0.0,10.4,5.2
BM-sheet_1-11068,beam,1.632,0.0,10.2,5.1
BM-sheet_1-11069,beam,0.1472,0.0,0.92,0.46
BM-sheet_1-11070,beam,1.632,0.0,10.2,5.1
BM-sheet_1-11071,beam,2.336,0.0,14.6,7.3
BM-sheet_1-11072,beam,1.664,0.0,10.4,5.2
BM-sheet_1-11073,beam,0.1297,0.0,0.81,0.405
BM-sheet_1-11074,beam,1.664,0.0,10.4,5.2
BM-sheet_1-11075,beam,2.464,0.0,15.4,7.7
BM-sheet_1-11076,beam,1.632,0.0,10.2,5.1
BM-sheet_1-11077,beam,1.664,0.0,10.4,5.2
BM-sheet_1-11078,beam,2.464,0.0,15.4,7.7
BM-sheet_1-11079,beam,2.464,0.0,15.4,7.7
BM-sheet_1-11080,beam,2.32,0.0,14.5,7.25
BM-sheet_1-11081,beam,2.592,0.0,16.2,8.1
BM-sheet_1-11082,beam,2.592,0.0,16.2,8.1
BM-sheet_1-11083,beam,1.2734,0.0,7.959,3.979
BM-sheet_1-11084,beam,2.496,0.0,15.6,7.8
BM-sheet_1-11085,beam,2.9472,0.0,18.42,9.21
BM-sheet_1-11086,beam,0.6709,0.0,4.193,2.097
BM-sheet_1-11087,beam,2.9472,0.0,18.42,9.21
BM-sheet_1-11088,beam,1.616,0.0,10.1,5.05
BM-sheet_1-11089,beam,2.0256,0.0,12.66,6.33
BM-sheet_1-11090,beam,0.2012,0.0,1.257,0.629
BM-sheet_1-11091,beam,2.56,0.0,16.0,8.0
BM-sheet_1-11092,beam,0.4297,0.0,2.685,1.343
BM-sheet_1-11093,beam,2.56,0.0,16.0,8.0
BM-sheet_1-11094,beam,2.352,0.0,14.7,7.35
BM-sheet_1-11095,beam,2.32,0.0,14.5,7.25
BM-sheet_1-11096,beam,1.2829,0.0,8.018,4.009
BM-sheet_1-11097,beam,1.2677,0.0,7.923,3.961
BM-sheet_1-11098,beam,2.32,0.0,14.5,7.25
BM-sheet_1-11099,beam,2.352,0.0,14.7,7.35
BM-sheet_1-11100,beam,1.3469,0.0,8.418,4.209
BM-sheet_1-11101,beam,1.584,0.0,9.9,4.95
BM-sheet_1-11102,beam,2.464,0.0,15.4,7.7
BM-sheet_1-11103,beam,2.32,0.0,14.5,7.25
BM-sheet_1-11104,beam,2.56,0.0,16.0,8.0
BM-sheet_1-11105,beam,1.664,0.0,10.4,5.2
BM-sheet_1-11106,beam,1.616,0.0,10.1,5.05
BM-sheet_1-11107,beam,2.496,0.0,15.6,7.8
BM-sheet_1-11108,beam,2.352,0.0,14.7,7.35
BM-sheet_1-11109,beam,1.472,0.0,9.2,4.6
BM-sheet_1-11110,beam,1.664,0.0,10.4,5.2
BM-sheet_1-11111,beam,1.616,0.0,10.1,5.05
BM-sheet_1-11112,beam,2.464,0.0,15.4,7.7
BM-sheet_1-11113,beam,2.464,0.0,15.4,7.7
BM-sheet_1-11114,beam,1.616,0.0,10.1,5.05
BM-sheet_1-11115,beam,2.32,0.0,14.5,7.25
BM-sheet_1-11116,beam,1.616,0.0,10.1,5.05
BM-sheet_1-11117,beam,2.3554,0.0,14.721,7.361
BM-sheet_1-11118,beam,2.496,0.0,15.6,7.8
BM-sheet_1-11119,beam,2.32,0.0,14.5,7.25
BM-sheet_1-11120,beam,1.5536,0.0,9.71,4.855
BM-sheet_1-11121,beam,1.552,0.0,9.7,4.85
BM-sheet_1-11122,beam,1.456,0.0,9.1,4.55
BM-sheet_1-11123,beam,1.664,0.0,10.4,5.2
BM-sheet_1-11124,beam,2.528,0.0,15.8,7.9
BM-sheet_1-11125,beam,2.0256,0.0,12.66,6.33
BM-sheet_1-11126,beam,2.48,0.0,15.5,7.75
BM-sheet_1-11127,beam,2.0256,0.0,12.66,6.33
BM-sheet_1-11128,beam,2.0256,0.0,12.66,6.33
BM-sheet_1-11129,beam,2.944,0.0,18.4,9.2
BM-sheet_1-11130,beam,2.992,0.0,18.7,9.35
BM-sheet_1-11131,beam,2.9941,0.0,18.713,9.357
BM-sheet_1-11132,beam,2.991,0.0,18.694,9.347
BM-sheet_1-11133,beam,1.616,0.0,10.1,5.05
BM-sheet_1-11134,beam,2.448,0.0,15.3,7.65
BM-sheet_1-11135,beam,1.92,0.0,12.0,6.0
BM-sheet_1-11136,beam,2.32,0.0,14.5,7.25
BM-sheet_1-11137,beam,0.7108,0.0,4.442,2.221
BM-sheet_1-11138,beam,1.616,0.0,10.1,5.05
BM-sheet_1-11139,beam,2.496,0.0,15.6,7.8
BM-sheet_1-11140,beam,1.616,0.0,10.1,5.05
BM-sheet_1-11141,beam,2.3658,0.0,14.786,7.393
BM-sheet_1-11142,beam,2.32,0.0,14.5,7.25
BM-sheet_1-11143,beam,1.728,0.0,10.8,5.4
BM-sheet_1-11144,beam,1.6,0.0,10.0,5.0
BM-sheet_1-11145,beam,0.2409,0.0,1.505,0.753
BM-sheet_1-11146,beam,1.616,0.0,10.1,5.05
BM-sheet_1-11147,beam,1.616,0.0,10.1,5.05
BM-sheet_1-11148,beam,2.32,0.0,14.5,7.25
BM-sheet_1-11149,beam,2.432,0.0,15.2,7.6
BM-sheet_1-11150,beam,2.32,0.0,14.5,7.25
BM-sheet_1-11151,beam,1.616,0.0,10.1,5.05
BM-sheet_1-11152,beam,2.2461,0.0,14.038,7.019
BM-sheet_1-11153,beam,7.424,0.0,46.4,23.2
BM-sheet_1-11154,beam,2.688,0.0,16.8,8.4
BM-sheet_1-11155,beam,2.464,0.0,15.4,7.7
BM-sheet_1-11156,beam,1.616,0.0,10.1,5.05
BM-sheet_1-11157,beam,1.6807,0.0,10.504,5.252
BM-sheet_1-11158,beam,2.32,0.0,14.5,7.25
BM-sheet_1-11159,beam,1.632,0.0,10.2,5.1
BM-sheet_1-11160,beam,2.32,0.0,14.5,7.25
BM-sheet_1-11161,beam,2.496,0.0,15.6,7.8
BM-sheet_1-11162,beam,4.0039,0.0,25.025,12.512
BM-sheet_1-11163,beam,1.6833,0.0,10.521,5.26
BM-sheet_1-11164,beam,1.52,0.0,9.5,4.75
BM-sheet_1-11165,beam,1.568,0.0,9.8,4.9
BM-sheet_1-11166,beam,2.496,0.0,15.6,7.8
BM-sheet_1-11167,beam,2.48,0.0,15.5,7.75
BM-sheet_1-11168,beam,1.632,0.0,10.2,5.1
BM-sheet_1-11169,beam,1.5873,0.0,9.921,4.96
BM-sheet_1-11170,beam,2.48,0.0,15.5,7.75
BM-sheet_1-11171,beam,1.5873,0.0,9.921,4.96
BM-sheet_1-11172,beam,1.6199,0.0,10.124,5.062
BM-sheet_1-11173,beam,1.5873,0.0,9.921,4.96
BM-sheet_1-11174,beam,2.56,0.0,16.0,8.0
BM-sheet_1-11175,beam,2.352,0.0,14.7,7.35
BM-sheet_1-11176,beam,2.56,0.0,16.0,8.0
BM-sheet_1-11177,beam,1.568,0.0,9.8,4.9
BM-sheet_1-11178,beam,2.496,0.0,15.6,7.8
BM-sheet_1-11179,beam,2.56,0.0,16.0,8.0
BM-sheet_1-11180,beam,1.6833,0.0,10.521,5.26
BM-sheet_1-11181,beam,1.664,0.0,10.4,5.2
BM-sheet_1-11182,beam,1.92,0.0,12.0,6.0
BM-sheet_1-11183,beam,2.528,0.0,15.8,7.9
BM-sheet_1-11184,beam,1.76,0.0,11.0,5.5
BM-sheet_1-11185,beam,2.672,0.0,16.7,8.35
BM-sheet_1-11186,beam,2.496,0.0,15.6,7.8
BM-sheet_1-11187,beam,2.496,0.0,15.6,7.8
BM-sheet_1-11188,beam,2.496,0.0,15.6,7.8
BM-sheet_1-11189,beam,1.504,0.0,9.4,4.7
BM-sheet_1-11190,beam,2.48,0.0,15.5,7.75
BM-sheet_1-11191,beam,2.496,0.0,15.6,7.8
BM-sheet_1-11192,beam,1.488,0.0,9.3,4.65
BM-sheet_1-11193,beam,1.728,0.0,10.8,5.4
BM-sheet_1-11194,beam,2.496,0.0,15.6,7.8
BM-sheet_1-11195,beam,2.496,0.0,15.6,7.8
BM-sheet_1-11196,beam,2.432,0.0,15.2,7.6
BM-sheet_1-11197,beam,2.496,0.0,15.6,7.8
BM-sheet_1-11198,beam,1.664,0.0,10.4,5.2
BM-sheet_1-11199,beam,2.48,0.0,15.5,7.75
BM-sheet_1-11200,beam,2.496,0.0,15.6,7.8
BM-sheet_1-11201,beam,2.496,0.0,15.6,7.8
BM-sheet_1-11202,beam,3.1724,0.0,19.828,9.914
BM-sheet_1-11203,beam,1.552,0.0,9.7,4.85
BM-sheet_1-11204,beam,2.496,0.0,15.6,7.8
BM-sheet_1-11205,beam,2.448,0.0,15.3,7.65
BM-sheet_1-11206,beam,1.504,0.0,9.4,4.7
BM-sheet_1-11207,beam,2.443,0.0,15.269,7.634
BM-sheet_1-11208,beam,2.4,0.0,15.0,7.5
BM-sheet_1-11209,beam,2.448,0.0,15.3,7.65
BM-sheet_1-11210,beam,1.876,0.0,11.725,5.863
BM-sheet_1-11211,beam,1.9715,0.0,12.322,6.161
BM-sheet_1-11212,beam,2.688,0.0,16.8,8.4
BM-sheet_1-11213,beam,1.664,0.0,10.4,5.2
BM-sheet_1-11214,beam,2.688,0.0,16.8,8.4
BM-sheet_1-11215,beam,1.52,0.0,9.5,4.75
BM-sheet_1-11216,beam,2.48,0.0,15.5,7.75
BM-sheet_1-11217,beam,1.52,0.0,9.5,4.75
BM-sheet_1-11218,beam,2.48,0.0,15.5,7.75
BM-sheet_1-11219,beam,1.568,0.0,9.8,4.9
BM-sheet_1-11220,beam,2.64,0.0,16.5,8.25
BM-sheet_1-11221,beam,1.4203,0.0,8.877,4.438
BM-sheet_1-11222,beam,1.4203,0.0,8.877,4.438
BM-sheet_1-11223,beam,2.496,0.0,15.6,7.8
BM-sheet_1-11224,beam,1.2946,0.0,8.091,4.046
BM-sheet_1-11225,beam,0.2229,0.0,1.393,0.696
BM-sheet_1-11226,beam,2.464,0.0,15.4,7.7
BM-sheet_1-11227,beam,1.52,0.0,9.5,4.75
BM-sheet_1-11228,beam,0.183,0.0,1.144,0.572
BM-sheet_1-11229,beam,2.464,0.0,15.4,7.7
BM-sheet_1-11230,beam,1.52,0.0,9.5,4.75
BM-sheet_1-11231,beam,1.4257,0.0,8.91,4.455
BM-sheet_1-11232,beam,2.464,0.0,15.4,7.7
BM-sheet_1-11233,beam,0.448,0.0,2.8,1.4
BM-sheet_1-11234,beam,1.619,0.0,10.119,5.059
BM-sheet_1-11235,beam,1.36,0.0,8.5,4.25
BM-sheet_1-11236,beam,2.48,0.0,15.5,7.75
BM-sheet_1-11237,beam,0.448,0.0,2.8,1.4
BM-sheet_1-11238,beam,1.36,0.0,8.5,4.25
BM-sheet_1-11239,beam,0.2432,0.0,1.52,0.76
BM-sheet_1-11240,beam,0.2034,0.0,1.271,0.635
BM-sheet_1-11241,beam,2.464,0.0,15.4,7.7
BM-sheet_1-11242,beam,1.36,0.0,8.5,4.25
BM-sheet_1-11243,beam,2.464,0.0,15.4,7.7
BM-sheet_1-11244,beam,0.448,0.0,2.8,1.4
BM-sheet_1-11245,beam,1.36,0.0,8.5,4.25
BM-sheet_1-11246,beam,1.68,0.0,10.5,5.25
BM-sheet_1-11247,beam,2.432,0.0,15.2,7.6
BM-sheet_1-11248,beam,2.496,0.0,15.6,7.8
BM-sheet_1-11249,beam,1.68,0.0,10.5,5.25
BM-sheet_1-11250,beam,2.48,0.0,15.5,7.75
BM-sheet_1-11251,beam,2.496,0.0,15.6,7.8
BM-sheet_1-11252,beam,0.8316,0.0,5.198,2.599
BM-sheet_1-11253,beam,1.7206,0.0,10.754,5.377
BM-sheet_1-11254,beam,2.496,0.0,15.6,7.8
BM-sheet_1-11255,beam,1.632,0.0,10.2,5.1
BM-sheet_1-11256,beam,2.496,0.0,15.6,7.8
BM-sheet_1-11257,beam,1.76,0.0,11.0,5.5
BM-sheet_1-11258,beam,2.496,0.0,15.6,7.8
BM-sheet_1-11259,beam,1.664,0.0,10.4,5.2
BM-sheet_1-11260,beam,2.688,0.0,16.8,8.4
BM-sheet_1-11261,beam,2.3551,0.0,14.72,7.36
BM-sheet_1-11262,beam,1.632,0.0,10.2,5.1
BM-sheet_1-11263,beam,2.496,0.0,15.6,7.8
BM-sheet_1-11264,beam,2.3145,0.0,14.466,7.233
BM-sheet_1-11265,beam,2.496,0.0,15.6,7.8
BM-sheet_1-11266,beam,1.488,0.0,9.3,4.65
BM-sheet_1-11267,beam,1.488,0.0,9.3,4.65
BM-sheet_1-11268,beam,2.496,0.0,15.6,7.8
BM-sheet_1-11269,beam,1.52,0.0,9.5,4.75
BM-sheet_1-11270,beam,2.288,0.0,14.3,7.15
BM-sheet_1-11271,beam,2.496,0.0,15.6,7.8
BM-sheet_1-11272,beam,2.496,0.0,15.6,7.8
BM-sheet_1-11273,beam,2.496,0.0,15.6,7.8
BM-sheet_1-11274,beam,2.624,0.0,16.4,8.2
BM-sheet_1-11275,beam,2.496,0.0,15.6,7.8
BM-sheet_1-11276,beam,2.496,0.0,15.6,7.8
BM-sheet_1-11277,beam,2.496,0.0,15.6,7.8
BM-sheet_1-11278,beam,1.7536,0.0,10.96,5.48
BM-sheet_1-11279,beam,2.256,0.0,14.1,7.05
BM-sheet_1-11280,beam,1.664,0.0,10.4,5.2
BM-sheet_1-11281,beam,2.496,0.0,15.6,7.8
BM-sheet_1-11282,beam,2.496,0.0,15.6,7.8
BM-sheet_1-11283,beam,2.496,0.0,15.6,7.8
BM-sheet_1-11284,beam,2.496,0.0,15.6,7.8
BM-sheet_1-11285,beam,1.8786,0.0,11.741,5.871
BM-sheet_1-11286,beam,2.2913,0.0,14.321,7.16
BM-sheet_1-11287,beam,1.264,0.0,7.9,3.95
BM-sheet_1-11288,beam,1.728,0.0,10.8,5.4
BM-sheet_1-11289,beam,0.3785,0.0,2.365,1.183
BM-sheet_1-11290,beam,2.32,0.0,14.5,7.25
BM-sheet_1-11291,beam,0.3386,0.0,2.116,1.058
BM-sheet_1-11292,beam,0.2916,0.0,1.822,0.911
BM-sheet_1-11293,beam,2.496,0.0,15.6,7.8
BM-sheet_1-11294,beam,2.496,0.0,15.6,7.8
BM-sheet_1-11295,beam,0.2916,0.0,1.822,0.911
BM-sheet_1-11296,beam,2.496,0.0,15.6,7.8
BM-sheet_1-11297,beam,1.264,0.0,7.9,3.95
BM-sheet_1-11298,beam,2.496,0.0,15.6,7.8
BM-sheet_1-11299,beam,2.496,0.0,15.6,7.8
BM-sheet_1-11300,beam,1.812,0.0,11.325,5.662
BM-sheet_1-11301,beam,1.8802,0.0,11.752,5.876
BM-sheet_1-11302,beam,1.024,0.0,6.4,3.2
BM-sheet_1-11303,beam,1.024,0.0,6.4,3.2
BM-sheet_1-11304,beam,1.0203,0.0,6.377,3.188
BM-sheet_1-11305,beam,1.0203,0.0,6.377,3.188
BM-sheet_1-11306,beam,1.4203,0.0,8.877,4.438
BM-sheet_1-11307,beam,1.4203,0.0,8.877,4.438
BM-sheet_1-11308,beam,1.4816,0.0,9.26,4.63
BM-sheet_1-11309,beam,1.4203,0.0,8.877,4.438
BM-sheet_1-11310,beam,1.4203,0.0,8.877,4.438
BM-sheet_1-11311,beam,0.864,0.0,5.4,2.7
BM-sheet_1-11312,beam,1.4523,0.0,9.077,4.538
BM-sheet_1-11313,beam,1.4523,0.0,9.077,4.538
BM-sheet_1-11314,beam,0.448,0.0,2.8,1.4
BM-sheet_1-11315,beam,0.768,0.0,4.8,2.4
BM-sheet_1-11316,beam,1.4523,0.0,9.077,4.538
BM-sheet_1-11317,beam,0.448,0.0,2.8,1.4
BM-sheet_1-11318,beam,0.3993,0.0,2.496,1.248
BM-sheet_1-11319,beam,1.4523,0.0,9.077,4.538
BM-sheet_1-11320,beam,1.4523,0.0,9.077,4.538
BM-sheet_1-11321,beam,1.5213,0.0,9.508,4.754
BM-sheet_1-11322,beam,1.4093,0.0,8.808,4.404
BM-sheet_1-11323,beam,1.7364,0.0,10.853,5.426
BM-sheet_1-11324,beam,1.4523,0.0,9.077,4.538
BM-sheet_1-11325,beam,0.448,0.0,2.8,1.4
BM-sheet_1-11326,beam,1.472,0.0,9.2,4.6
BM-sheet_1-11327,beam,1.4523,0.0,9.077,4.538
BM-sheet_1-11328,beam,0.4698,0.0,2.936,1.468
BM-sheet_1-11329,beam,0.4727,0.0,2.954,1.477
BM-sheet_1-11330,beam,0.8731,0.0,5.457,2.728
BM-sheet_1-11331,beam,1.5339,0.0,9.587,4.793
BM-sheet_1-11332,beam,2.48,0.0,15.5,7.75
BM-sheet_1-11333,beam,0.8332,0.0,5.208,2.604
BM-sheet_1-11334,beam,2.496,0.0,15.6,7.8
BM-sheet_1-11335,beam,1.4733,0.0,9.208,4.604
BM-sheet_1-11336,beam,1.2816,0.0,8.01,4.005
BM-sheet_1-11337,beam,1.4595,0.0,9.122,4.561
BM-sheet_1-11338,beam,1.3413,0.0,8.383,4.191
BM-sheet_1-11339,beam,1.904,0.0,11.9,5.95
BM-sheet_1-11340,beam,1.3014,0.0,8.134,4.067
BM-sheet_1-11341,beam,1.573,0.0,9.831,4.916
BM-sheet_1-11342,beam,1.9942,0.0,12.464,6.232
BM-sheet_1-11343,beam,1.696,0.0,10.6,5.3
BM-sheet_1-11344,beam,2.1782,0.0,13.614,6.807
BM-sheet_1-11345,beam,1.664,0.0,10.4,5.2
BM-sheet_1-11346,beam,1.68,0.0,10.5,5.25
BM-sheet_1-11347,beam,1.488,0.0,9.3,4.65
BM-sheet_1-11348,beam,1.68,0.0,10.5,5.25
BM-sheet_1-11349,beam,2.496,0.0,15.6,7.8
BM-sheet_1-11350,beam,1.68,0.0,10.5,5.25
BM-sheet_1-11351,beam,1.7243,0.0,10.777,5.388
BM-sheet_1-11352,beam,1.68,0.0,10.5,5.25
BM-sheet_1-11353,beam,1.68,0.0,10.5,5.25
BM-sheet_1-11354,beam,1.488,0.0,9.3,4.65
BM-sheet_1-11355,beam,2.496,0.0,15.6,7.8
BM-sheet_1-11356,beam,2.496,0.0,15.6,7.8
BM-sheet_1-11357,beam,1.488,0.0,9.3,4.65
BM-sheet_1-11358,beam,2.464,0.0,15.4,7.7
BM-sheet_1-11359,beam,2.5421,0.0,15.888,7.944
BM-sheet_1-11360,beam,1.488,0.0,9.3,4.65
BM-sheet_1-11361,beam,2.496,0.0,15.6,7.8
BM-sheet_1-11362,beam,0.2496,0.0,1.56,0.78
BM-sheet_1-11363,beam,2.496,0.0,15.6,7.8
BM-sheet_1-11364,beam,1.664,0.0,10.4,5.2
BM-sheet_1-11365,beam,2.464,0.0,15.4,7.7
BM-sheet_1-11366,beam,2.496,0.0,15.6,7.8
BM-sheet_1-11367,beam,2.256,0.0,14.1,7.05
BM-sheet_1-11368,beam,1.488,0.0,9.3,4.65
BM-sheet_1-11369,beam,1.664,0.0,10.4,5.2
BM-sheet_1-11370,beam,2.496,0.0,15.6,7.8
BM-sheet_1-11371,beam,2.256,0.0,14.1,7.05
BM-sheet_1-11372,beam,2.496,0.0,15.6,7.8
BM-sheet_1-11373,beam,2.4,0.0,15.0,7.5
BM-sheet_1-11374,beam,2.4,0.0,15.0,7.5
BM-sheet_1-11375,beam,1.456,0.0,9.1,4.55
BM-sheet_1-11376,beam,2.448,0.0,15.3,7.65
BM-sheet_1-11377,beam,1.488,0.0,9.3,4.65
BM-sheet_1-11378,beam,2.4,0.0,15.0,7.5
BM-sheet_1-11379,beam,2.496,0.0,15.6,7.8
BM-sheet_1-11380,beam,0.2404,0.0,1.502,0.751
BM-sheet_1-11381,beam,1.488,0.0,9.3,4.65
BM-sheet_1-11382,beam,0.96,0.0,6.0,3.0
BM-sheet_1-11383,beam,0.7767,0.0,4.854,2.427
BM-sheet_1-11384,beam,0.7767,0.0,4.854,2.427
BM-sheet_1-11385,beam,0.2816,0.0,1.76,0.88
BM-sheet_1-11386,beam,0.2816,0.0,1.76,0.88
BM-sheet_1-11387,beam,1.264,0.0,7.9,3.95
BM-sheet_1-11388,beam,1.4816,0.0,9.26,4.63
BM-sheet_1-11389,beam,0.7659,0.0,4.787,2.393
BM-sheet_1-11390,beam,2.496,0.0,15.6,7.8
BM-sheet_1-11391,beam,1.52,0.0,9.5,4.75
BM-sheet_1-11392,beam,2.496,0.0,15.6,7.8
BM-sheet_1-11393,beam,0.1558,0.0,0.974,0.487
BM-sheet_1-11394,beam,1.5673,0.0,9.796,4.898
BM-sheet_1-11395,beam,1.5504,0.0,9.69,4.845
BM-sheet_1-11396,beam,0.3993,0.0,2.496,1.248
BM-sheet_1-11397,beam,0.8672,0.0,5.42,2.71
BM-sheet_1-11398,beam,1.0308,0.0,6.442,3.221
BM-sheet_1-11399,beam,1.0308,0.0,6.442,3.221
BM-sheet_1-11400,beam,1.7364,0.0,10.853,5.426
BM-sheet_1-11401,beam,2.496,0.0,15.6,7.8
BM-sheet_1-11402,beam,0.24,0.0,1.5,0.75
BM-sheet_1-11403,beam,0.2361,0.0,1.476,0.738
BM-sheet_1-11404,beam,1.494,0.0,9.337,4.669
BM-sheet_1-11405,beam,0.4064,0.0,2.54,1.27
BM-sheet_1-11406,beam,0.4064,0.0,2.54,1.27
BM-sheet_1-11407,beam,1.248,0.0,7.8,3.9
BM-sheet_1-11408,beam,2.448,0.0,15.3,7.65
BM-sheet_1-11409,beam,2.4491,0.0,15.307,7.653
BM-sheet_1-11410,beam,1.4322,0.0,8.951,4.476
BM-sheet_1-11411,beam,0.6684,0.0,4.178,2.089
BM-sheet_1-11412,beam,0.6684,0.0,4.178,2.089
BM-sheet_1-11413,beam,1.696,0.0,10.6,5.3
BM-sheet_1-11414,beam,1.488,0.0,9.3,4.65
BM-sheet_1-11415,beam,2.432,0.0,15.2,7.6
BM-sheet_1-11416,beam,1.536,0.0,9.6,4.8
BM-sheet_1-11417,beam,1.696,0.0,10.6,5.3
BM-sheet_1-11418,beam,2.496,0.0,15.6,7.8
BM-sheet_1-11419,beam,2.496,0.0,15.6,7.8
BM-sheet_1-11420,beam,0.5647,0.0,3.529,1.765
BM-sheet_1-11421,beam,1.696,0.0,10.6,5.3
BM-sheet_1-11422,beam,2.496,0.0,15.6,7.8
BM-sheet_1-11423,beam,2.496,0.0,15.6,7.8
BM-sheet_1-11424,beam,2.496,0.0,15.6,7.8
BM-sheet_1-11425,beam,2.48,0.0,15.5,7.75
BM-sheet_1-11426,beam,0.4723,0.0,2.952,1.476
BM-sheet_1-11427,beam,0.5824,0.0,3.64,1.82
BM-sheet_1-11428,beam,2.464,0.0,15.4,7.7
BM-sheet_1-11429,beam,1.488,0.0,9.3,4.65
BM-sheet_1-11430,beam,2.336,0.0,14.6,7.3
BM-sheet_1-11431,beam,1.488,0.0,9.3,4.65
BM-sheet_1-11432,beam,0.192,0.0,1.2,0.6
BM-sheet_1-11433,beam,2.6584,0.0,16.615,8.308
BM-sheet_1-11434,beam,2.464,0.0,15.4,7.7
BM-sheet_1-11435,beam,2.464,0.0,15.4,7.7
BM-sheet_1-11436,beam,2.496,0.0,15.6,7.8
BM-sheet_1-11437,beam,0.96,0.0,6.0,3.0
BM-sheet_1-11438,beam,2.448,0.0,15.3,7.65
BM-sheet_1-11439,beam,2.24,0.0,14.0,7.0
BM-sheet_1-11440,beam,2.512,0.0,15.7,7.85
BM-sheet_1-11441,beam,2.448,0.0,15.3,7.65
BM-sheet_1-11442,beam,0.96,0.0,6.0,3.0
BM-sheet_1-11443,beam,2.5276,0.0,15.798,7.899
BM-sheet_1-11444,beam,2.5276,0.0,15.798,7.899
BM-sheet_1-11445,beam,2.464,0.0,15.4,7.7
BM-sheet_1-11446,beam,1.488,0.0,9.3,4.65
BM-sheet_1-11447,beam,2.496,0.0,15.6,7.8
BM-sheet_1-11448,beam,2.544,0.0,15.9,7.95
BM-sheet_1-11449,beam,1.408,0.0,8.8,4.4
BM-sheet_1-11450,beam,0.6756,0.0,4.222,2.111
BM-sheet_1-11451,beam,2.496,0.0,15.6,7.8
BM-sheet_1-11452,beam,0.6756,0.0,4.222,2.111
BM-sheet_1-11453,beam,1.408,0.0,8.8,4.4
BM-sheet_1-11454,beam,2.496,0.0,15.6,7.8
BM-sheet_1-11455,beam,2.448,0.0,15.3,7.65
BM-sheet_1-11456,beam,0.2404,0.0,1.502,0.751
BM-sheet_1-11457,beam,2.448,0.0,15.3,7.65
BM-sheet_1-11458,beam,2.464,0.0,15.4,7.7
BM-sheet_1-11459,beam,0.9728,0.0,6.08,3.04
BM-sheet_1-11460,beam,2.4933,0.0,15.583,7.791
BM-sheet_1-11461,beam,1.696,0.0,10.6,5.3
BM-sheet_1-11462,beam,2.528,0.0,15.8,7.9
BM-sheet_1-11463,beam,2.496,0.0,15.6,7.8
BM-sheet_1-11464,beam,1.888,0.0,11.8,5.9
BM-sheet_1-11465,beam,2.496,0.0,15.6,7.8
BM-sheet_1-11466,beam,0.864,0.0,5.4,2.7
BM-sheet_1-11467,beam,1.696,0.0,10.6,5.3
BM-sheet_1-11468,beam,1.696,0.0,10.6,5.3
BM-sheet_1-11469,beam,2.496,0.0,15.6,7.8
BM-sheet_1-11470,beam,2.496,0.0,15.6,7.8
BM-sheet_1-11471,beam,2.496,0.0,15.6,7.8
BM-sheet_1-11472,beam,2.496,0.0,15.6,7.8
BM-sheet_1-11473,beam,2.464,0.0,15.4,7.7
BM-sheet_1-11474,beam,2.464,0.0,15.4,7.7
BM-sheet_1-11475,beam,1.6251,0.0,10.157,5.078
BM-sheet_1-11476,beam,1.6251,0.0,10.157,5.078
BM-sheet_1-11477,beam,2.471,0.0,15.444,7.722
BM-sheet_1-11478,beam,2.464,0.0,15.4,7.7
BM-sheet_1-11479,beam,2.5015,0.0,15.634,7.817
BM-sheet_1-11480,beam,0.8672,0.0,5.42,2.71
BM-sheet_1-11481,beam,1.888,0.0,11.8,5.9
BM-sheet_1-11482,beam,1.0464,0.0,6.54,3.27
BM-sheet_1-11483,beam,2.496,0.0,15.6,7.8
BM-sheet_1-11484,beam,1.0464,0.0,6.54,3.27
BM-sheet_1-11485,beam,1.0464,0.0,6.54,3.27
BM-sheet_1-11486,beam,1.0464,0.0,6.54,3.27
BM-sheet_1-11487,beam,2.592,0.0,16.2,8.1
BM-sheet_1-11488,beam,1.488,0.0,9.3,4.65
BM-sheet_1-11489,beam,2.56,0.0,16.0,8.0
BM-sheet_1-11490,beam,0.3592,0.0,2.245,1.123
BM-sheet_1-11491,beam,1.3936,0.0,8.71,4.355
BM-sheet_1-11492,beam,2.592,0.0,16.2,8.1
BM-sheet_1-11493,beam,2.56,0.0,16.0,8.0
BM-sheet_1-11494,beam,1.488,0.0,9.3,4.65
BM-sheet_1-11495,beam,0.5209,0.0,3.256,1.628
BM-sheet_1-11496,beam,1.2826,0.0,8.016,4.008
BM-sheet_1-11497,beam,1.84,0.0,11.5,5.75
BM-sheet_1-11498,beam,1.616,0.0,10.1,5.05
BM-sheet_1-11499,beam,1.168,0.0,7.3,3.65
BM-sheet_1-11500,beam,1.392,0.0,8.7,4.35
BM-sheet_1-11501,beam,1.664,0.0,10.4,5.2
BM-sheet_1-11502,beam,2.496,0.0,15.6,7.8
BM-sheet_1-11503,beam,1.424,0.0,8.9,4.45
BM-sheet_1-11504,beam,2.464,0.0,15.4,7.7
BM-sheet_1-11505,beam,1.328,0.0,8.3,4.15
BM-sheet_1-11506,beam,0.464,0.0,2.9,1.45
BM-sheet_1-11507,beam,2.496,0.0,15.6,7.8
BM-sheet_1-11508,beam,2.48,0.0,15.5,7.75
BM-sheet_1-11509,beam,1.584,0.0,9.9,4.95
BM-sheet_1-11510,beam,2.4819,0.0,15.512,7.756
BM-sheet_1-11511,beam,1.2772,0.0,7.983,3.991
BM-sheet_1-11512,beam,1.424,0.0,8.9,4.45
BM-sheet_1-11513,beam,2.48,0.0,15.5,7.75
BM-sheet_1-11514,beam,1.4041,0.0,8.775,4.388
BM-sheet_1-11515,beam,0.192,0.0,1.2,0.6
BM-sheet_1-11516,beam,2.6117,0.0,16.323,8.162
BM-sheet_1-11517,beam,2.56,0.0,16.0,8.0
BM-sheet_1-11518,beam,2.57,0.0,16.063,8.031
BM-sheet_1-11519,beam,2.57,0.0,16.063,8.031
BM-sheet_1-11520,beam,2.6092,0.0,16.308,8.154
BM-sheet_1-11521,beam,2.496,0.0,15.6,7.8
BM-sheet_1-11522,beam,0.896,0.0,5.6,2.8
BM-sheet_1-11523,beam,2.336,0.0,14.6,7.3
BM-sheet_1-11524,beam,0.8122,0.0,5.076,2.538
BM-sheet_1-11525,beam,2.496,0.0,15.6,7.8
BM-sheet_1-11526,beam,0.96,0.0,6.0,3.0
BM-sheet_1-11527,beam,2.496,0.0,15.6,7.8
BM-sheet_1-11528,beam,2.448,0.0,15.3,7.65
BM-sheet_1-11529,beam,2.448,0.0,15.3,7.65
BM-sheet_1-11530,beam,2.272,0.0,14.2,7.1
BM-sheet_1-11531,beam,1.392,0.0,8.7,4.35
BM-sheet_1-11532,beam,2.448,0.0,15.3,7.65
BM-sheet_1-11533,beam,2.496,0.0,15.6,7.8
BM-sheet_1-11534,beam,2.5212,0.0,15.758,7.879
BM-sheet_1-11535,beam,1.824,0.0,11.4,5.7
BM-sheet_1-11536,beam,1.344,0.0,8.4,4.2
BM-sheet_1-11537,beam,2.4324,0.0,15.202,7.601
BM-sheet_1-11538,beam,2.3356,0.0,14.598,7.299
BM-sheet_1-11539,beam,2.3356,0.0,14.598,7.299
BM-sheet_1-11540,beam,2.4324,0.0,15.202,7.601
BM-sheet_1-11541,beam,2.4956,0.0,15.598,7.799
BM-sheet_1-11542,beam,2.5276,0.0,15.798,7.899
BM-sheet_1-11543,beam,1.696,0.0,10.6,5.3
BM-sheet_1-11544,beam,1.9772,0.0,12.358,6.179
BM-sheet_1-11545,beam,0.8676,0.0,5.422,2.711
BM-sheet_1-11546,beam,1.184,0.0,7.4,3.7
BM-sheet_1-11547,beam,0.2624,0.0,1.64,0.82
BM-sheet_1-11548,beam,0.448,0.0,2.8,1.4
BM-sheet_1-11549,beam,1.1392,0.0,7.12,3.56
BM-sheet_1-11550,beam,2.464,0.0,15.4,7.7
BM-sheet_1-11551,beam,2.496,0.0,15.6,7.8
BM-sheet_1-11552,beam,0.8676,0.0,5.422,2.711
BM-sheet_1-11553,beam,1.3036,0.0,8.147,4.074
BM-sheet_1-11554,beam,2.5984,0.0,16.24,8.12
BM-sheet_1-11555,beam,0.4764,0.0,2.978,1.489
BM-sheet_1-11556,beam,0.6505,0.0,4.066,2.033
BM-sheet_1-11557,beam,2.4576,0.0,15.36,7.68
BM-sheet_1-11558,beam,1.696,0.0,10.6,5.3
BM-sheet_1-11559,beam,2.448,0.0,15.3,7.65
BM-sheet_1-11560,beam,0.7665,0.0,4.79,2.395
BM-sheet_1-11561,beam,0.6414,0.0,4.009,2.005
BM-sheet_1-11562,beam,2.496,0.0,15.6,7.8
BM-sheet_1-11563,beam,2.9343,0.0,18.339,9.17
BM-sheet_1-11564,beam,2.5552,0.0,15.97,7.985
BM-sheet_1-11565,beam,2.6615,0.0,16.634,8.317
BM-sheet_1-11566,beam,2.4693,0.0,15.433,7.717
BM-sheet_1-11567,beam,1.1456,0.0,7.16,3.58
BM-sheet_1-11568,beam,2.4933,0.0,15.583,7.791
BM-sheet_1-11569,beam,2.496,0.0,15.6,7.8
BM-sheet_1-11570,beam,2.496,0.0,15.6,7.8
BM-sheet_1-11571,beam,2.4584,0.0,15.365,7.683
BM-sheet_1-11572,beam,2.6586,0.0,16.616,8.308
BM-sheet_1-11573,beam,2.496,0.0,15.6,7.8
BM-sheet_1-11574,beam,2.6586,0.0,16.616,8.308
BM-sheet_1-11575,beam,1.424,0.0,8.9,4.45
BM-sheet_1-11576,beam,1.424,0.0,8.9,4.45
BM-sheet_1-11577,beam,2.528,0.0,15.8,7.9
BM-sheet_1-11578,beam,1.632,0.0,10.2,5.1
BM-sheet_1-11579,beam,2.496,0.0,15.6,7.8
BM-sheet_1-11580,beam,2.496,0.0,15.6,7.8
BM-sheet_1-11581,beam,2.496,0.0,15.6,7.8
BM-sheet_1-11582,beam,2.4964,0.0,15.602,7.801
BM-sheet_1-11583,beam,1.696,0.0,10.6,5.3
BM-sheet_1-11584,beam,1.632,0.0,10.2,5.1
BM-sheet_1-11585,beam,1.888,0.0,11.8,5.9
BM-sheet_1-11586,beam,2.496,0.0,15.6,7.8
BM-sheet_1-11587,beam,2.528,0.0,15.8,7.9
BM-sheet_1-11588,beam,1.4231,0.0,8.895,4.447
BM-sheet_1-11589,beam,1.8881,0.0,11.801,5.9
BM-sheet_1-11590,beam,1.392,0.0,8.7,4.35
BM-sheet_1-11591,beam,1.632,0.0,10.2,5.1
BM-sheet_1-11592,beam,1.392,0.0,8.7,4.35
BM-sheet_1-11593,beam,0.3024,0.0,1.89,0.945
BM-sheet_1-11594,beam,0.912,0.0,5.7,2.85
BM-sheet_1-11595,beam,1.392,0.0,8.7,4.35
BM-sheet_1-11596,beam,0.464,0.0,2.9,1.45
BM-sheet_1-11597,beam,1.5738,0.0,9.836,4.918
BM-sheet_1-11598,beam,1.5196,0.0,9.498,4.749
BM-sheet_1-11599,beam,1.392,0.0,8.7,4.35
BM-sheet_1-11600,beam,1.392,0.0,8.7,4.35
BM-sheet_1-11601,beam,1.392,0.0,8.7,4.35
BM-sheet_1-11602,beam,0.8964,0.0,5.602,2.801
BM-sheet_1-11603,beam,2.496,0.0,15.6,7.8
BM-sheet_1-11604,beam,1.36,0.0,8.5,4.25
BM-sheet_1-11605,beam,1.392,0.0,8.7,4.35
BM-sheet_1-11606,beam,1.392,0.0,8.7,4.35
BM-sheet_1-11607,beam,1.424,0.0,8.9,4.45
BM-sheet_1-11608,beam,0.8964,0.0,5.602,2.801
BM-sheet_1-11609,beam,0.3552,0.0,2.22,1.11
BM-sheet_1-11610,beam,2.432,0.0,15.2,7.6
BM-sheet_1-11611,beam,2.368,0.0,14.8,7.4
BM-sheet_1-11612,beam,1.584,0.0,9.9,4.95
BM-sheet_1-11613,beam,2.464,0.0,15.4,7.7
BM-sheet_1-11614,beam,0.8005,0.0,5.003,2.502
BM-sheet_1-11615,beam,2.512,0.0,15.7,7.85
BM-sheet_1-11616,beam,2.496,0.0,15.6,7.8
BM-sheet_1-11617,beam,1.424,0.0,8.9,4.45
BM-sheet_1-11618,beam,1.017,0.0,6.356,3.178
BM-sheet_1-11619,beam,2.5212,0.0,15.758,7.879
BM-sheet_1-11620,beam,10.944,0.0,68.4,34.2
BM-sheet_1-11621,beam,1.632,0.0,10.2,5.1
BM-sheet_1-11622,beam,2.688,0.0,16.8,8.4
BM-sheet_1-11623,beam,1.1424,0.0,7.14,3.57
BM-sheet_1-11624,beam,1.696,0.0,10.6,5.3
BM-sheet_1-11625,beam,0.464,0.0,2.9,1.45
BM-sheet_1-11626,beam,1.696,0.0,10.6,5.3
BM-sheet_1-11627,beam,0.464,0.0,2.9,1.45
BM-sheet_1-11628,beam,1.696,0.0,10.6,5.3
BM-sheet_1-11629,beam,2.48,0.0,15.5,7.75
BM-sheet_1-11630,beam,1.824,0.0,11.4,5.7
BM-sheet_1-11631,beam,2.496,0.0,15.6,7.8
BM-sheet_1-11632,beam,0.4764,0.0,2.978,1.489
BM-sheet_1-11633,beam,0.9325,0.0,5.828,2.914
BM-sheet_1-11634,beam,1.696,0.0,10.6,5.3
BM-sheet_1-11635,beam,1.9772,0.0,12.358,6.179
BM-sheet_1-11636,beam,2.496,0.0,15.6,7.8
BM-sheet_1-11637,beam,0.3913,0.0,2.445,1.223
BM-sheet_1-11638,beam,2.4324,0.0,15.202,7.601
BM-sheet_1-11639,beam,2.496,0.0,15.6,7.8
BM-sheet_1-11640,beam,2.496,0.0,15.6,7.8
BM-sheet_1-11641,beam,1.632,0.0,10.2,5.1
BM-sheet_1-11642,beam,2.512,0.0,15.7,7.85
BM-sheet_1-11643,beam,2.448,0.0,15.3,7.65
BM-sheet_1-11644,beam,0.7104,0.0,4.44,2.22
BM-sheet_1-11645,beam,2.4324,0.0,15.202,7.601
BM-sheet_1-11646,beam,2.496,0.0,15.6,7.8
BM-sheet_1-11647,beam,1.632,0.0,10.2,5.1
BM-sheet_1-11648,beam,2.528,0.0,15.8,7.9
BM-sheet_1-11649,beam,2.496,0.0,15.6,7.8
BM-sheet_1-11650,beam,1.392,0.0,8.7,4.35
BM-sheet_1-11651,beam,1.184,0.0,7.4,3.7
BM-sheet_1-11652,beam,2.3946,0.0,14.966,7.483
BM-sheet_1-11653,beam,3.0382,0.0,18.989,9.494
BM-sheet_1-11654,beam,2.4576,0.0,15.36,7.68
BM-sheet_1-11655,beam,2.395,0.0,14.969,7.484
BM-sheet_1-11656,beam,2.448,0.0,15.3,7.65
BM-sheet_1-11657,beam,0.3107,0.0,1.942,0.971
BM-sheet_1-11658,beam,1.088,0.0,6.8,3.4
BM-sheet_1-11659,beam,2.5552,0.0,15.97,7.985
BM-sheet_1-11660,beam,1.2184,0.0,7.615,3.807
BM-sheet_1-11661,beam,1.36,0.0,8.5,4.25
BM-sheet_1-11662,beam,2.019,0.0,12.619,6.309
BM-sheet_1-11663,beam,2.528,0.0,15.8,7.9
BM-sheet_1-11664,beam,1.0929,0.0,6.83,3.415
BM-sheet_1-11665,beam,2.496,0.0,15.6,7.8
BM-sheet_1-11666,beam,0.9679,0.0,6.049,3.025
BM-sheet_1-11667,beam,2.496,0.0,15.6,7.8
BM-sheet_1-11668,beam,1.6988,0.0,10.617,5.309
BM-sheet_1-11669,beam,2.48,0.0,15.5,7.75
BM-sheet_1-11670,beam,1.5196,0.0,9.498,4.749
BM-sheet_1-11671,beam,1.328,0.0,8.3,4.15
BM-sheet_1-11672,beam,1.36,0.0,8.5,4.25
BM-sheet_1-11673,beam,2.464,0.0,15.4,7.7
BM-sheet_1-11674,beam,1.5879,0.0,9.925,4.962
BM-sheet_1-11675,beam,2.464,0.0,15.4,7.7
BM-sheet_1-11676,beam,0.4294,0.0,2.684,1.342
BM-sheet_1-11677,beam,1.632,0.0,10.2,5.1
BM-sheet_1-11678,beam,2.464,0.0,15.4,7.7
BM-sheet_1-11679,beam,2.448,0.0,15.3,7.65
BM-sheet_1-11680,beam,2.4151,0.0,15.095,7.547
BM-sheet_1-11681,beam,1.0203,0.0,6.377,3.188
BM-sheet_1-11682,beam,2.624,0.0,16.4,8.2
BM-sheet_1-11683,beam,0.2976,0.0,1.86,0.93
BM-sheet_1-11684,beam,2.672,0.0,16.7,8.35
BM-sheet_1-11685,beam,2.1496,0.0,13.435,6.718
BM-sheet_1-11686,beam,0.2267,0.0,1.417,0.708
BM-sheet_1-11687,beam,0.2267,0.0,1.417,0.708
BM-sheet_1-11688,beam,1.329,0.0,8.306,4.153
BM-sheet_1-11689,beam,1.1701,0.0,7.313,3.657
BM-sheet_1-11690,beam,2.43,0.0,15.187,7.594
BM-sheet_1-11691,beam,1.264,0.0,7.9,3.95
BM-sheet_1-11692,beam,1.472,0.0,9.2,4.6
BM-sheet_1-11693,beam,1.1424,0.0,7.14,3.57
BM-sheet_1-11694,beam,1.472,0.0,9.2,4.6
BM-sheet_1-11695,beam,0.7755,0.0,4.847,2.424
BM-sheet_1-11696,beam,2.496,0.0,15.6,7.8
BM-sheet_1-11697,beam,0.7104,0.0,4.44,2.22
BM-sheet_1-11698,beam,2.6117,0.0,16.323,8.162
BM-sheet_1-11699,beam,2.4608,0.0,15.38,7.69
BM-sheet_1-11700,beam,2.56,0.0,16.0,8.0
BM-sheet_1-11701,beam,2.576,0.0,16.1,8.05
BM-sheet_1-11702,beam,2.4917,0.0,15.573,7.786
BM-sheet_1-11703,beam,2.4917,0.0,15.573,7.786
BM-sheet_1-11704,beam,1.28,0.0,8.0,4.0
BM-sheet_1-11705,beam,1.28,0.0,8.0,4.0
BM-sheet_1-11706,beam,2.496,0.0,15.6,7.8
BM-sheet_1-11707,beam,1.28,0.0,8.0,4.0
BM-sheet_1-11708,beam,2.496,0.0,15.6,7.8
BM-sheet_1-11709,beam,2.544,0.0,15.9,7.95
BM-sheet_1-11710,beam,2.544,0.0,15.9,7.95
BM-sheet_1-11711,beam,2.496,0.0,15.6,7.8
BM-sheet_1-11712,beam,0.9848,0.0,6.155,3.078
BM-sheet_1-11713,beam,0.7359,0.0,4.6,2.3
BM-sheet_1-11714,beam,0.1601,0.0,1.001,0.5
BM-sheet_1-11715,beam,1.6437,0.0,10.273,5.137
BM-sheet_1-11716,beam,1.6255,0.0,10.159,5.08
BM-sheet_1-11717,beam,2.496,0.0,15.6,7.8
BM-sheet_1-11718,beam,1.696,0.0,10.6,5.3
BM-sheet_1-11719,beam,1.664,0.0,10.4,5.2
BM-sheet_1-11720,beam,2.496,0.0,15.6,7.8
BM-sheet_1-11721,beam,1.696,0.0,10.6,5.3
BM-sheet_1-11722,beam,1.664,0.0,10.4,5.2
BM-sheet_1-11723,beam,2.4961,0.0,15.6,7.8
BM-sheet_1-11724,beam,1.696,0.0,10.6,5.3
BM-sheet_1-11725,beam,1.664,0.0,10.4,5.2
BM-sheet_1-11726,beam,2.4961,0.0,15.6,7.8
BM-sheet_1-11727,beam,1.696,0.0,10.6,5.3
BM-sheet_1-11728,beam,1.664,0.0,10.4,5.2
BM-sheet_1-11729,beam,2.4352,0.0,15.22,7.61
BM-sheet_1-11730,beam,2.4352,0.0,15.22,7.61
BM-sheet_1-11731,beam,1.28,0.0,8.0,4.0
BM-sheet_1-11732,beam,2.6248,0.0,16.405,8.202
BM-sheet_1-11733,beam,2.64,0.0,16.5,8.25
BM-sheet_1-11734,beam,2.4352,0.0,15.22,7.61
BM-sheet_1-11735,beam,1.248,0.0,7.8,3.9
BM-sheet_1-11736,beam,2.448,0.0,15.3,7.65
BM-sheet_1-11737,beam,2.4352,0.0,15.22,7.61
BM-sheet_1-11738,beam,2.4324,0.0,15.202,7.601
BM-sheet_1-11739,beam,2.464,0.0,15.4,7.7
BM-sheet_1-11740,beam,2.4376,0.0,15.235,7.618
BM-sheet_1-11741,beam,2.464,0.0,15.4,7.7
BM-sheet_1-11742,beam,2.4376,0.0,15.235,7.618
BM-sheet_1-11743,beam,2.4,0.0,15.0,7.5
BM-sheet_1-11744,beam,0.8704,0.0,5.44,2.72
BM-sheet_1-11745,beam,2.336,0.0,14.6,7.3
BM-sheet_1-11746,beam,2.496,0.0,15.6,7.8
BM-sheet_1-11747,beam,2.48,0.0,15.5,7.75
BM-sheet_1-11748,beam,2.496,0.0,15.6,7.8
BM-sheet_1-11749,beam,2.528,0.0,15.8,7.9
BM-sheet_1-11750,beam,2.496,0.0,15.6,7.8
BM-sheet_1-11751,beam,2.496,0.0,15.6,7.8
BM-sheet_1-11752,beam,2.464,0.0,15.4,7.7
BM-sheet_1-11753,beam,2.528,0.0,15.8,7.9
BM-sheet_1-11754,beam,2.464,0.0,15.4,7.7
BM-sheet_1-11755,beam,2.56,0.0,16.0,8.0
BM-sheet_1-11756,beam,2.496,0.0,15.6,7.8
BM-sheet_1-11757,beam,2.528,0.0,15.8,7.9
BM-sheet_1-11758,beam,2.053,0.0,12.831,6.416
BM-sheet_1-11759,beam,2.336,0.0,14.6,7.3
BM-sheet_1-11760,beam,2.464,0.0,15.4,7.7
BM-sheet_1-11761,beam,1.456,0.0,9.1,4.55
BM-sheet_1-11762,beam,2.528,0.0,15.8,7.9
BM-sheet_1-11763,beam,2.464,0.0,15.4,7.7
BM-sheet_1-11764,beam,0.3623,0.0,2.265,1.132
BM-sheet_1-11765,beam,2.3435,0.0,14.647,7.324
BM-sheet_1-11766,beam,2.5525,0.0,15.953,7.976
BM-sheet_1-11767,beam,2.528,0.0,15.8,7.9
BM-sheet_1-11768,beam,2.032,0.0,12.7,6.35
BM-sheet_1-11769,beam,2.8113,0.0,17.571,8.785
BM-sheet_1-11770,beam,2.56,0.0,16.0,8.0
BM-sheet_1-11771,beam,2.2661,0.0,14.163,7.082
BM-sheet_1-11772,beam,1.52,0.0,9.5,4.75
BM-sheet_1-11773,beam,1.52,0.0,9.5,4.75
BM-sheet_1-11774,beam,2.464,0.0,15.4,7.7
BM-sheet_1-11775,beam,1.9452,0.0,12.158,6.079
BM-sheet_1-11776,beam,2.528,0.0,15.8,7.9
BM-sheet_1-11777,beam,2.1821,0.0,13.638,6.819
BM-sheet_1-11778,beam,1.7011,0.0,10.632,5.316
BM-sheet_1-11779,beam,1.9697,0.0,12.311,6.155
BM-sheet_1-11780,beam,2.352,0.0,14.7,7.35
BM-sheet_1-11781,beam,2.56,0.0,16.0,8.0
BM-sheet_1-11782,beam,1.216,0.0,7.6,3.8
BM-sheet_1-11783,beam,2.032,0.0,12.7,6.35
BM-sheet_1-11784,beam,1.9851,0.0,12.407,6.203
BM-sheet_1-11785,beam,1.52,0.0,9.5,4.75
BM-sheet_1-11786,beam,2.336,0.0,14.6,7.3
BM-sheet_1-11787,beam,1.52,0.0,9.5,4.75
BM-sheet_1-11788,beam,2.56,0.0,16.0,8.0
BM-sheet_1-11789,beam,2.56,0.0,16.0,8.0
BM-sheet_1-11790,beam,2.4895,0.0,15.56,7.78
BM-sheet_1-11791,beam,2.1779,0.0,13.612,6.806
BM-sheet_1-11792,beam,1.456,0.0,9.1,4.55
BM-sheet_1-11793,beam,2.5273,0.0,15.796,7.898
BM-sheet_1-11794,beam,2.5855,0.0,16.16,8.08
BM-sheet_1-11795,beam,2.5273,0.0,15.796,7.898
BM-sheet_1-11796,beam,2.2965,0.0,14.353,7.176
BM-sheet_1-11797,beam,1.9884,0.0,12.427,6.214
BM-sheet_1-11798,beam,2.5995,0.0,16.247,8.124
BM-sheet_1-11799,beam,2.032,0.0,12.7,6.35
BM-sheet_1-11800,beam,1.9201,0.0,12.001,6.0
BM-sheet_1-11801,beam,2.9669,0.0,18.543,9.272
BM-sheet_1-11802,beam,2.9945,0.0,18.716,9.358
BM-sheet_1-11803,beam,2.9928,0.0,18.705,9.353
BM-sheet_1-11804,beam,2.1422,0.0,13.389,6.695
BM-sheet_1-11805,beam,2.138,0.0,13.362,6.681
BM-sheet_1-11806,beam,2.4496,0.0,15.31,7.655
BM-sheet_1-11807,beam,2.496,0.0,15.6,7.8
BM-sheet_1-11808,beam,1.216,0.0,7.6,3.8
BM-sheet_1-11809,beam,2.352,0.0,14.7,7.35
BM-sheet_1-11810,beam,2.032,0.0,12.7,6.35
BM-sheet_1-11811,beam,2.56,0.0,16.0,8.0
BM-sheet_1-11812,beam,2.5921,0.0,16.201,8.1
BM-sheet_1-11813,beam,2.4029,0.0,15.018,7.509
BM-sheet_1-11814,beam,2.4029,0.0,15.018,7.509
BM-sheet_1-11815,beam,2.9945,0.0,18.716,9.358
BM-sheet_1-11816,beam,2.9669,0.0,18.543,9.272
BM-sheet_1-11817,beam,2.9928,0.0,18.705,9.353
BM-sheet_1-11818,beam,1.8065,0.0,11.291,5.645
BM-sheet_1-11819,beam,1.7081,0.0,10.676,5.338
BM-sheet_1-11820,beam,2.592,0.0,16.2,8.1
BM-sheet_1-11821,beam,2.336,0.0,14.6,7.3
BM-sheet_1-11822,beam,1.4122,0.0,8.826,4.413
BM-sheet_1-11823,beam,2.592,0.0,16.2,8.1
BM-sheet_1-11824,beam,2.528,0.0,15.8,7.9
BM-sheet_1-11825,beam,1.7303,0.0,10.814,5.407
BM-sheet_1-11826,beam,1.7284,0.0,10.802,5.401
BM-sheet_1-11827,beam,2.528,0.0,15.8,7.9
BM-sheet_1-11828,beam,2.448,0.0,15.3,7.65
BM-sheet_1-11829,beam,1.7181,0.0,10.738,5.369
BM-sheet_1-11830,beam,1.696,0.0,10.6,5.3
BM-sheet_1-11831,beam,1.728,0.0,10.8,5.4
BM-sheet_1-11832,beam,2.416,0.0,15.1,7.55
BM-sheet_1-11833,beam,2.464,0.0,15.4,7.7
BM-sheet_1-11834,beam,2.464,0.0,15.4,7.7
BM-sheet_1-11835,beam,1.728,0.0,10.8,5.4
BM-sheet_1-11836,beam,2.528,0.0,15.8,7.9
BM-sheet_1-11837,beam,2.4004,0.0,15.003,7.501
BM-sheet_1-11838,beam,1.7879,0.0,11.175,5.587
BM-sheet_1-11839,beam,2.48,0.0,15.5,7.75
BM-sheet_1-11840,beam,2.48,0.0,15.5,7.75
BM-sheet_1-11841,beam,2.4275,0.0,15.172,7.586
BM-sheet_1-11842,beam,2.592,0.0,16.2,8.1
BM-sheet_1-11843,beam,2.427,0.0,15.169,7.584
BM-sheet_1-11844,beam,2.416,0.0,15.1,7.55
BM-sheet_1-11845,beam,2.592,0.0,16.2,8.1
BM-sheet_1-11846,beam,1.2719,0.0,7.95,3.975
BM-sheet_1-11847,beam,2.8929,0.0,18.081,9.04
BM-sheet_1-11848,beam,2.464,0.0,15.4,7.7
BM-sheet_1-11849,beam,2.464,0.0,15.4,7.7
BM-sheet_1-11850,beam,2.8543,0.0,17.839,8.92
BM-sheet_1-11851,beam,2.464,0.0,15.4,7.7
BM-sheet_1-11852,beam,2.656,0.0,16.6,8.3
BM-sheet_1-11853,beam,1.4528,0.0,9.08,4.54
BM-sheet_1-11854,beam,1.6,0.0,10.0,5.0
BM-sheet_1-11855,beam,2.464,0.0,15.4,7.7
BM-sheet_1-11856,beam,2.464,0.0,15.4,7.7
BM-sheet_1-11857,beam,2.448,0.0,15.3,7.65
BM-sheet_1-11858,beam,2.3975,0.0,14.984,7.492
BM-sheet_1-11859,beam,2.464,0.0,15.4,7.7
BM-sheet_1-11860,beam,1.28,0.0,8.0,4.0
BM-sheet_1-11861,beam,1.6,0.0,10.0,5.0
BM-sheet_1-11862,beam,2.448,0.0,15.3,7.65
BM-sheet_1-11863,beam,2.592,0.0,16.2,8.1
BM-sheet_1-11864,beam,2.448,0.0,15.3,7.65
BM-sheet_1-11865,beam,2.656,0.0,16.6,8.3
BM-sheet_1-11866,beam,2.656,0.0,16.6,8.3
BM-sheet_1-11867,beam,1.28,0.0,8.0,4.0
BM-sheet_1-11868,beam,2.592,0.0,16.2,8.1
BM-sheet_1-11869,beam,1.4112,0.0,8.82,4.41
BM-sheet_1-11870,beam,2.48,0.0,15.5,7.75
BM-sheet_1-11871,beam,2.3975,0.0,14.984,7.492
BM-sheet_1-11872,beam,2.7808,0.0,17.38,8.69
BM-sheet_1-11873,beam,2.3867,0.0,14.917,7.458
BM-sheet_1-11874,beam,2.656,0.0,16.6,8.3
BM-sheet_1-11875,beam,2.48,0.0,15.5,7.75
BM-sheet_1-11876,beam,2.7392,0.0,17.12,8.56
BM-sheet_1-11877,beam,1.6,0.0,10.0,5.0
BM-sheet_1-11878,beam,2.0053,0.0,12.533,6.267
BM-sheet_1-11879,beam,2.0452,0.0,12.783,6.391
BM-sheet_1-11880,beam,2.464,0.0,15.4,7.7
BM-sheet_1-11881,beam,2.455,0.0,15.344,7.672
BM-sheet_1-11882,beam,1.552,0.0,9.7,4.85
BM-sheet_1-11883,beam,2.464,0.0,15.4,7.7
BM-sheet_1-11884,beam,2.6062,0.0,16.289,8.144
BM-sheet_1-11885,beam,2.464,0.0,15.4,7.7
BM-sheet_1-11886,beam,2.592,0.0,16.2,8.1
BM-sheet_1-11887,beam,1.4491,0.0,9.057,4.528
BM-sheet_1-11888,beam,1.5379,0.0,9.612,4.806
BM-sheet_1-11889,beam,0.8773,0.0,5.483,2.742
BM-sheet_1-11890,beam,2.464,0.0,15.4,7.7
BM-sheet_1-11891,beam,1.152,0.0,7.2,3.6
BM-sheet_1-11892,beam,4.16,0.0,26.0,13.0
BM-sheet_1-11893,beam,1.7437,0.0,10.898,5.449
BM-sheet_1-11894,beam,1.9889,0.0,12.43,6.215
BM-sheet_1-11895,beam,0.9223,0.0,5.764,2.882
BM-sheet_1-11896,beam,1.5641,0.0,9.776,4.888
BM-sheet_1-11897,beam,2.592,0.0,16.2,8.1
BM-sheet_1-11898,beam,2.174,0.0,13.587,6.794
BM-sheet_1-11899,beam,2.528,0.0,15.8,7.9
BM-sheet_1-11900,beam,2.4453,0.0,15.283,7.641
BM-sheet_1-11901,beam,3.057,0.0,19.106,9.553
BM-sheet_1-11902,beam,2.464,0.0,15.4,7.7
BM-sheet_1-11903,beam,1.8307,0.0,11.442,5.721
BM-sheet_1-11904,beam,2.496,0.0,15.6,7.8
BM-sheet_1-11905,beam,2.4216,0.0,15.135,7.568
BM-sheet_1-11906,beam,2.464,0.0,15.4,7.7
BM-sheet_1-11907,beam,1.0113,0.0,6.32,3.16
BM-sheet_1-11908,beam,2.2104,0.0,13.815,6.908
BM-sheet_1-11909,beam,2.5504,0.0,15.94,7.97
BM-sheet_1-11910,beam,1.552,0.0,9.7,4.85
BM-sheet_1-11911,beam,2.3796,0.0,14.873,7.436
BM-sheet_1-11912,beam,2.4081,0.0,15.051,7.525
BM-sheet_1-11913,beam,2.464,0.0,15.4,7.7
BM-sheet_1-11914,beam,0.7828,0.0,4.892,2.446
BM-sheet_1-11915,beam,2.464,0.0,15.4,7.7
BM-sheet_1-11916,beam,2.5386,0.0,15.866,7.933
BM-sheet_1-11917,beam,2.3851,0.0,14.907,7.453
BM-sheet_1-11918,beam,2.528,0.0,15.8,7.9
BM-sheet_1-11919,beam,2.464,0.0,15.4,7.7
BM-sheet_1-11920,beam,2.464,0.0,15.4,7.7
BM-sheet_1-11921,beam,1.6286,0.0,10.179,5.089
BM-sheet_1-11922,beam,2.464,0.0,15.4,7.7
BM-sheet_1-11923,beam,3.0074,0.0,18.796,9.398
BM-sheet_1-11924,beam,2.464,0.0,15.4,7.7
BM-sheet_1-11925,beam,2.464,0.0,15.4,7.7
BM-sheet_1-11926,beam,2.448,0.0,15.3,7.65
BM-sheet_1-11927,beam,2.464,0.0,15.4,7.7
BM-sheet_1-11928,beam,1.0473,0.0,6.546,3.273
BM-sheet_1-11929,beam,2.464,0.0,15.4,7.7
BM-sheet_1-11930,beam,2.464,0.0,15.4,7.7
BM-sheet_1-11931,beam,2.464,0.0,15.4,7.7
BM-sheet_1-11932,beam,1.9889,0.0,12.43,6.215
BM-sheet_1-11933,beam,2.464,0.0,15.4,7.7
BM-sheet_1-11934,beam,1.4596,0.0,9.123,4.561
BM-sheet_1-11935,beam,2.528,0.0,15.8,7.9
BM-sheet_1-11936,beam,1.472,0.0,9.2,4.6
BM-sheet_1-11937,beam,1.6575,0.0,10.36,5.18
BM-sheet_1-11938,beam,2.496,0.0,15.6,7.8
BM-sheet_1-11939,beam,1.632,0.0,10.2,5.1
BM-sheet_1-11940,beam,2.448,0.0,15.3,7.65
BM-sheet_1-11941,beam,2.3861,0.0,14.913,7.457
BM-sheet_1-11942,beam,1.6619,0.0,10.387,5.193
BM-sheet_1-11943,beam,1.632,0.0,10.2,5.1
BM-sheet_1-11944,beam,2.3892,0.0,14.933,7.466
BM-sheet_1-11945,beam,1.6587,0.0,10.367,5.184
BM-sheet_1-11946,beam,2.496,0.0,15.6,7.8
BM-sheet_1-11947,beam,2.6841,0.0,16.775,8.388
BM-sheet_1-11948,beam,1.4816,0.0,9.26,4.63
BM-sheet_1-11949,beam,2.496,0.0,15.6,7.8
BM-sheet_1-11950,beam,2.7232,0.0,17.02,8.51
BM-sheet_1-11951,beam,2.448,0.0,15.3,7.65
BM-sheet_1-11952,beam,2.448,0.0,15.3,7.65
BM-sheet_1-11953,beam,2.464,0.0,15.4,7.7
BM-sheet_1-11954,beam,2.464,0.0,15.4,7.7
BM-sheet_1-11955,beam,2.496,0.0,15.6,7.8
BM-sheet_1-11956,beam,2.448,0.0,15.3,7.65
BM-sheet_1-11957,beam,2.528,0.0,15.8,7.9
BM-sheet_1-11958,beam,2.64,0.0,16.5,8.25
BM-sheet_1-11959,beam,2.528,0.0,15.8,7.9
BM-sheet_1-11960,beam,2.448,0.0,15.3,7.65
BM-sheet_1-11961,beam,1.472,0.0,9.2,4.6
BM-sheet_1-11962,beam,2.448,0.0,15.3,7.65
BM-sheet_1-11963,beam,2.464,0.0,15.4,7.7
BM-sheet_1-11964,beam,0.9728,0.0,6.08,3.04
BM-sheet_1-11965,beam,2.464,0.0,15.4,7.7
BM-sheet_1-11966,beam,2.3891,0.0,14.932,7.466
BM-sheet_1-11967,beam,2.5724,0.0,16.077,8.039
BM-sheet_1-11968,beam,1.632,0.0,10.2,5.1
BM-sheet_1-11969,beam,1.3208,0.0,8.255,4.128
BM-sheet_1-11970,beam,0.9728,0.0,6.08,3.04
BM-sheet_1-11971,beam,2.464,0.0,15.4,7.7
BM-sheet_1-11972,beam,2.496,0.0,15.6,7.8
BM-sheet_1-11973,beam,2.6207,0.0,16.379,8.19
BM-sheet_1-11974,beam,2.0655,0.0,12.909,6.455
BM-sheet_1-11975,beam,2.464,0.0,15.4,7.7
BM-sheet_1-11976,beam,2.5491,0.0,15.932,7.966
BM-sheet_1-11977,beam,2.496,0.0,15.6,7.8
BM-sheet_1-11978,beam,2.496,0.0,15.6,7.8
BM-sheet_1-11979,beam,1.888,0.0,11.8,5.9
BM-sheet_1-11980,beam,2.496,0.0,15.6,7.8
BM-sheet_1-11981,beam,2.64,0.0,16.5,8.25
BM-sheet_1-11982,beam,2.464,0.0,15.4,7.7
BM-sheet_1-11983,beam,1.2169,0.0,7.606,3.803
BM-sheet_1-11984,beam,2.496,0.0,15.6,7.8
BM-sheet_1-11985,beam,2.4478,0.0,15.298,7.649
BM-sheet_1-11986,beam,1.9264,0.0,12.04,6.02
BM-sheet_1-11987,beam,2.7246,0.0,17.029,8.514
BM-sheet_1-11988,beam,2.64,0.0,16.5,8.25
BM-sheet_1-11989,beam,2.464,0.0,15.4,7.7
BM-sheet_1-11990,beam,2.496,0.0,15.6,7.8
BM-sheet_1-11991,beam,1.5225,0.0,9.516,4.758
BM-sheet_1-11992,beam,2.448,0.0,15.3,7.65
BM-sheet_1-11993,beam,1.152,0.0,7.2,3.6
BM-sheet_1-11994,beam,2.496,0.0,15.6,7.8
BM-sheet_1-11995,beam,2.528,0.0,15.8,7.9
BM-sheet_1-11996,beam,0.887,0.0,5.544,2.772
BM-sheet_1-11997,beam,2.464,0.0,15.4,7.7
BM-sheet_1-11998,beam,2.0051,0.0,12.532,6.266
BM-sheet_1-11999,beam,1.1755,0.0,7.347,3.673
BM-sheet_1-12000,beam,0.6697,0.0,4.186,2.093
BM-sheet_1-12001,beam,1.488,0.0,9.3,4.65
BM-sheet_1-12002,beam,1.632,0.0,10.2,5.1
BM-sheet_1-12003,beam,1.888,0.0,11.8,5.9
BM-sheet_1-12004,beam,2.528,0.0,15.8,7.9
BM-sheet_1-12005,beam,2.1442,0.0,13.401,6.701
BM-sheet_1-12006,beam,2.3908,0.0,14.943,7.471
BM-sheet_1-12007,beam,2.464,0.0,15.4,7.7
BM-sheet_1-12008,beam,2.256,0.0,14.1,7.05
BM-sheet_1-12009,beam,1.3115,0.0,8.197,4.098
BM-sheet_1-12010,beam,1.5225,0.0,9.516,4.758
BM-sheet_1-12011,beam,2.496,0.0,15.6,7.8
BM-sheet_1-12012,beam,1.3146,0.0,8.216,4.108
BM-sheet_1-12013,beam,2.496,0.0,15.6,7.8
BM-sheet_1-12014,beam,2.672,0.0,16.7,8.35
BM-sheet_1-12015,beam,2.496,0.0,15.6,7.8
BM-sheet_1-12016,beam,2.464,0.0,15.4,7.7
BM-sheet_1-12017,beam,2.464,0.0,15.4,7.7
BM-sheet_1-12018,beam,1.7011,0.0,10.632,5.316
BM-sheet_1-12019,beam,2.496,0.0,15.6,7.8
BM-sheet_1-12020,beam,2.464,0.0,15.4,7.7
BM-sheet_1-12021,beam,2.496,0.0,15.6,7.8
BM-sheet_1-12022,beam,2.496,0.0,15.6,7.8
BM-sheet_1-12023,beam,1.488,0.0,9.3,4.65
BM-sheet_1-12024,beam,1.488,0.0,9.3,4.65
BM-sheet_1-12025,beam,1.488,0.0,9.3,4.65
BM-sheet_1-12026,beam,2.416,0.0,15.1,7.55
BM-sheet_1-12027,beam,0.887,0.0,5.544,2.772
BM-sheet_1-12028,beam,2.528,0.0,15.8,7.9
BM-sheet_1-12029,beam,1.488,0.0,9.3,4.65
BM-sheet_1-12030,beam,2.416,0.0,15.1,7.55
BM-sheet_1-12031,beam,1.488,0.0,9.3,4.65
BM-sheet_1-12032,beam,2.528,0.0,15.8,7.9
BM-sheet_1-12033,beam,2.256,0.0,14.1,7.05
BM-sheet_1-12034,beam,2.464,0.0,15.4,7.7
BM-sheet_1-12035,beam,1.488,0.0,9.3,4.65
BM-sheet_1-12036,beam,2.496,0.0,15.6,7.8
BM-sheet_1-12037,beam,1.472,0.0,9.2,4.6
BM-sheet_1-12038,beam,1.472,0.0,9.2,4.6
BM-sheet_1-12039,beam,2.496,0.0,15.6,7.8
BM-sheet_1-12040,beam,1.4403,0.0,9.002,4.501
BM-sheet_1-12041,beam,2.496,0.0,15.6,7.8
BM-sheet_1-12042,beam,2.1021,0.0,13.138,6.569
BM-sheet_1-12043,beam,2.4608,0.0,15.38,7.69
BM-sheet_1-12044,beam,1.3406,0.0,8.379,4.189
BM-sheet_1-12045,beam,2.4608,0.0,15.38,7.69
BM-sheet_1-12046,beam,1.3594,0.0,8.496,4.248
BM-sheet_1-12047,beam,1.424,0.0,8.9,4.45
BM-sheet_1-12048,beam,1.424,0.0,8.9,4.45
BM-sheet_1-12049,beam,2.342,0.0,14.637,7.319
BM-sheet_1-12050,beam,2.3522,0.0,14.701,7.351
BM-sheet_1-12051,beam,2.464,0.0,15.4,7.7
BM-sheet_1-12052,beam,2.464,0.0,15.4,7.7
BM-sheet_1-12053,beam,2.708,0.0,16.925,8.462
BM-sheet_1-12054,beam,2.4311,0.0,15.194,7.597
BM-sheet_1-12055,beam,2.464,0.0,15.4,7.7
BM-sheet_1-12056,beam,1.4537,0.0,9.086,4.543
BM-sheet_1-12057,beam,0.2816,0.0,1.76,0.88
BM-sheet_1-12058,beam,0.3296,0.0,2.06,1.03
BM-sheet_1-12059,beam,0.2816,0.0,1.76,0.88
BM-sheet_1-12060,beam,1.3897,0.0,8.686,4.343
BM-sheet_1-12061,beam,1.4871,0.0,9.294,4.647
BM-sheet_1-12062,beam,2.4376,0.0,15.235,7.618
BM-sheet_1-12063,beam,2.1476,0.0,13.422,6.711
BM-sheet_1-12064,beam,1.488,0.0,9.3,4.65
BM-sheet_1-12065,beam,2.4402,0.0,15.251,7.626
BM-sheet_1-12066,beam,2.464,0.0,15.4,7.7
BM-sheet_1-12067,beam,1.5091,0.0,9.432,4.716
BM-sheet_1-12068,beam,2.4551,0.0,15.344,7.672
BM-sheet_1-12069,beam,2.464,0.0,15.4,7.7
BM-sheet_1-12070,beam,2.464,0.0,15.4,7.7
BM-sheet_1-12071,beam,2.3786,0.0,14.866,7.433
BM-sheet_1-12072,beam,0.3296,0.0,2.06,1.03
BM-sheet_1-12073,beam,2.464,0.0,15.4,7.7
BM-sheet_1-12074,beam,2.7383,0.0,17.114,8.557
BM-sheet_1-12075,beam,2.464,0.0,15.4,7.7
BM-sheet_1-12076,beam,2.464,0.0,15.4,7.7
BM-sheet_1-12077,beam,1.424,0.0,8.9,4.45
BM-sheet_1-12078,beam,2.1024,0.0,13.14,6.57
BM-sheet_1-12079,beam,1.424,0.0,8.9,4.45
BM-sheet_1-12080,beam,2.3071,0.0,14.42,7.21
BM-sheet_1-12081,beam,1.6,0.0,10.0,5.0
BM-sheet_1-12082,beam,2.672,0.0,16.7,8.35
BM-sheet_1-12083,beam,1.5918,0.0,9.949,4.974
BM-sheet_1-12084,beam,0.8905,0.0,5.565,2.783
BM-sheet_1-12085,beam,1.856,0.0,11.6,5.8
BM-sheet_1-12086,beam,1.664,0.0,10.4,5.2
BM-sheet_1-12087,beam,1.856,0.0,11.6,5.8
BM-sheet_1-12088,beam,1.664,0.0,10.4,5.2
BM-sheet_1-12089,beam,10.3889,0.0,64.93,32.465
BM-sheet_1-12090,beam,1.0019,0.0,6.262,3.131
BM-sheet_1-12091,beam,2.5088,0.0,15.68,7.84
BM-sheet_1-12092,beam,2.5088,0.0,15.68,7.84
BM-sheet_1-12093,beam,0.962,0.0,6.012,3.006
BM-sheet_1-12094,beam,2.464,0.0,15.4,7.7
BM-sheet_1-12095,beam,0.7808,0.0,4.88,2.44
BM-sheet_1-12096,beam,3.1072,0.0,19.42,9.71
BM-sheet_1-12097,beam,0.9664,0.0,6.04,3.02
BM-sheet_1-12098,beam,0.7808,0.0,4.88,2.44
BM-sheet_1-12099,beam,3.0432,0.0,19.02,9.51
BM-sheet_1-12100,beam,3.0432,0.0,19.02,9.51
BM-sheet_1-12101,beam,0.6504,0.0,4.065,2.033
BM-sheet_1-12102,beam,2.3306,0.0,14.566,7.283
BM-sheet_1-12103,beam,2.4192,0.0,15.12,7.56
BM-sheet_1-12104,beam,0.8864,0.0,5.54,2.77
BM-sheet_1-12105,beam,2.112,0.0,13.2,6.6
BM-sheet_1-12106,beam,0.848,0.0,5.3,2.65
BM-sheet_1-12107,beam,3.12,0.0,19.5,9.75
BM-sheet_1-12108,beam,1.7224,0.0,10.765,5.382
BM-sheet_1-12109,beam,1.3199,0.0,8.25,4.125
BM-sheet_1-12110,beam,3.2023,0.0,20.015,10.007
BM-sheet_1-12111,beam,0.9984,0.0,6.24,3.12
BM-sheet_1-12112,beam,0.8064,0.0,5.04,2.52
BM-sheet_1-12113,beam,0.9984,0.0,6.24,3.12
BM-sheet_1-12114,beam,0.9984,0.0,6.24,3.12
BM-sheet_1-12115,beam,2.0471,0.0,12.794,6.397
BM-sheet_1-12116,beam,2.0072,0.0,12.545,6.273
BM-sheet_1-12117,beam,1.4624,0.0,9.14,4.57
BM-sheet_1-12118,beam,1.6636,0.0,10.398,5.199
BM-sheet_1-12119,beam,2.448,0.0,15.3,7.65
BM-sheet_1-12120,beam,2.624,0.0,16.4,8.2
BM-sheet_1-12121,beam,2.6117,0.0,16.323,8.162
BM-sheet_1-12122,beam,2.448,0.0,15.3,7.65
BM-sheet_1-12123,beam,2.624,0.0,16.4,8.2
BM-sheet_1-12124,beam,2.6117,0.0,16.323,8.162
BM-sheet_1-12125,beam,2.053,0.0,12.832,6.416
BM-sheet_1-12126,beam,2.2408,0.0,14.005,7.003
BM-sheet_1-12127,beam,2.496,0.0,15.6,7.8
BM-sheet_1-12128,beam,2.496,0.0,15.6,7.8
BM-sheet_1-12129,beam,2.496,0.0,15.6,7.8
BM-sheet_1-12130,beam,1.1065,0.0,6.916,3.458
BM-sheet_1-12131,beam,2.496,0.0,15.6,7.8
BM-sheet_1-12132,beam,2.496,0.0,15.6,7.8
BM-sheet_1-12133,beam,2.471,0.0,15.444,7.722
BM-sheet_1-12134,beam,2.4352,0.0,15.22,7.61
BM-sheet_1-12135,beam,2.4352,0.0,15.22,7.61
BM-sheet_1-12136,beam,2.6026,0.0,16.267,8.133
BM-sheet_1-12137,beam,1.4725,0.0,9.203,4.601
BM-sheet_1-12138,beam,1.6433,0.0,10.27,5.135
BM-sheet_1-12139,beam,1.6433,0.0,10.27,5.135
BM-sheet_1-12140,beam,2.7898,0.0,17.436,8.718
BM-sheet_1-12141,beam,1.4505,0.0,9.066,4.533
BM-sheet_1-12142,beam,2.544,0.0,15.9,7.95
BM-sheet_1-12143,beam,2.544,0.0,15.9,7.95
BM-sheet_1-12144,beam,2.5084,0.0,15.678,7.839
BM-sheet_1-12145,beam,1.7356,0.0,10.847,5.424
BM-sheet_1-12146,beam,0.6758,0.0,4.223,2.112
BM-sheet_1-12147,beam,2.496,0.0,15.6,7.8
BM-sheet_1-12148,beam,0.736,0.0,4.6,2.3
BM-sheet_1-12149,beam,0.096,0.0,0.6,0.3
BM-sheet_1-12150,beam,0.2848,0.0,1.78,0.89
BM-sheet_1-12151,beam,0.1312,0.0,0.82,0.41
BM-sheet_1-12152,beam,1.008,0.0,6.3,3.15
BM-sheet_1-12153,beam,0.7488,0.0,4.68,2.34
BM-sheet_1-12154,beam,0.4736,0.0,2.96,1.48
BM-sheet_1-12155,beam,0.4736,0.0,2.96,1.48
BM-sheet_1-12156,beam,1.6192,0.0,10.12,5.06
BM-sheet_1-12157,beam,0.232,0.0,1.45,0.725
BM-sheet_1-12158,beam,1.08,0.0,6.75,3.375
BM-sheet_1-12159,beam,0.296,0.0,1.85,0.925
BM-sheet_1-12160,beam,0.232,0.0,1.45,0.725
BM-sheet_1-12161,beam,0.832,0.0,5.2,2.6
BM-sheet_1-12162,beam,0.8,0.0,5.0,2.5
BM-sheet_1-12163,beam,1.1392,0.0,7.12,3.56
BM-sheet_1-12164,beam,2.8232,0.0,17.645,8.822
BM-sheet_1-12165,beam,1.1392,0.0,7.12,3.56
BM-sheet_1-12166,beam,1.334,0.0,8.338,4.169
BM-sheet_1-12167,beam,0.776,0.0,4.85,2.425
BM-sheet_1-12168,beam,2.152,0.0,13.45,6.725
BM-sheet_1-12169,beam,0.776,0.0,4.85,2.425
BM-sheet_1-12170,beam,2.152,0.0,13.45,6.725
BM-sheet_1-12171,beam,3.072,0.0,19.2,9.6
BM-sheet_1-12172,beam,1.1392,0.0,7.12,3.56
BM-sheet_1-12173,beam,1.8752,0.0,11.72,5.86
BM-sheet_1-12174,beam,0.736,0.0,4.6,2.3
BM-sheet_1-12175,beam,1.2736,0.0,7.96,3.98
BM-sheet_1-12176,beam,1.2736,0.0,7.96,3.98
BM-sheet_1-12177,beam,0.48,0.0,3.0,1.5
BM-sheet_1-12178,beam,0.1312,0.0,0.82,0.41
BM-sheet_1-12179,beam,1.008,0.0,6.3,3.15
BM-sheet_1-12180,beam,1.6192,0.0,10.12,5.06
BM-sheet_1-12181,beam,0.864,0.0,5.4,2.7
BM-sheet_1-12182,beam,1.0944,0.0,6.84,3.42
BM-sheet_1-12183,beam,0.232,0.0,1.45,0.725
BM-sheet_1-12184,beam,0.296,0.0,1.85,0.925
BM-sheet_1-12185,beam,0.2464,0.0,1.54,0.77
BM-sheet_1-12186,beam,1.08,0.0,6.75,3.375
BM-sheet_1-12187,beam,0.232,0.0,1.45,0.725
BM-sheet_1-12188,beam,0.736,0.0,4.6,2.3
BM-sheet_1-12189,beam,0.208,0.0,1.3,0.65
BM-sheet_1-12190,beam,0.8064,0.0,5.04,2.52
BM-sheet_1-12191,beam,0.8704,0.0,5.44,2.72
BM-sheet_1-12192,beam,0.9152,0.0,5.72,2.86
BM-sheet_1-12193,beam,0.512,0.0,3.2,1.6
BM-sheet_1-12194,beam,2.3552,0.0,14.72,7.36
BM-sheet_1-12195,beam,0.9632,0.0,6.02,3.01
BM-sheet_1-12196,beam,0.6656,0.0,4.16,2.08
BM-sheet_1-12197,beam,2.4192,0.0,15.12,7.56
BM-sheet_1-12198,beam,1.0784,0.0,6.74,3.37
BM-sheet_1-12199,beam,0.832,0.0,5.2,2.6
BM-sheet_1-12200,beam,0.1024,0.0,0.64,0.32
BM-sheet_1-12201,beam,3.04,0.0,19.0,9.5
BM-sheet_1-12202,beam,2.3072,0.0,14.42,7.21
BM-sheet_1-12203,beam,0.6009,0.0,3.756,1.878
BM-sheet_1-12204,beam,1.4912,0.0,9.32,4.66
BM-sheet_1-12205,beam,1.5872,0.0,9.92,4.96
BM-sheet_1-12206,beam,5.696,0.0,35.6,17.8
BM-sheet_1-12207,beam,4.7188,0.0,29.493,14.746
BM-sheet_1-12208,beam,10.509,0.0,65.681,32.841
BM-sheet_1-12209,beam,0.128,0.0,0.8,0.4
BM-sheet_1-12210,beam,0.496,0.0,3.1,1.55
BM-sheet_1-12211,beam,2.0704,0.0,12.94,6.47
BM-sheet_1-12212,beam,1.4944,0.0,9.34,4.67
BM-sheet_1-12213,beam,0.288,0.0,1.8,0.9
BM-sheet_1-12214,beam,0.208,0.0,1.3,0.65
BM-sheet_1-12215,beam,4.5536,0.0,28.46,14.23
BM-sheet_1-12216,beam,4.4256,0.0,27.66,13.83
BM-sheet_1-12217,beam,2.592,0.0,16.2,8.1
BM-sheet_1-12218,beam,4.8864,0.0,30.54,15.27
BM-sheet_1-12219,beam,3.0304,0.0,18.94,9.47
BM-sheet_1-12220,beam,0.192,0.0,1.2,0.6
BM-sheet_1-12221,beam,1.6224,0.0,10.14,5.07
BM-sheet_1-12222,beam,2.5022,0.0,15.639,7.819
BM-sheet_1-12223,beam,0.5072,0.0,3.17,1.585
BM-sheet_1-12224,beam,0.9072,0.0,5.67,2.835
BM-sheet_1-12225,beam,1.632,0.0,10.2,5.1
BM-sheet_1-12226,beam,13.6306,0.0,85.191,42.596
BM-sheet_1-12227,beam,3.3071,0.0,20.669,10.335
BM-sheet_1-12228,beam,13.1985,0.0,82.49,41.245
BM-sheet_1-12229,beam,11.2147,0.0,70.092,35.046
BM-sheet_1-12230,beam,0.6674,0.0,4.171,2.086
BM-sheet_1-12231,beam,1.632,0.0,10.2,5.1
BM-sheet_1-12232,beam,0.2019,0.0,1.262,0.631
BM-sheet_1-12233,beam,1.504,0.0,9.4,4.7
BM-sheet_1-12234,beam,1.504,0.0,9.4,4.7
BM-sheet_1-12235,beam,11.5645,0.0,72.278,36.139
BM-sheet_1-12236,beam,1.6188,0.0,10.117,5.059
BM-sheet_1-12237,beam,1.6028,0.0,10.018,5.009
BM-sheet_1-12238,beam,1.2485,0.0,7.803,3.902
BM-sheet_1-12239,beam,2.2409,0.0,14.006,7.003
BM-sheet_1-12240,beam,1.2485,0.0,7.803,3.902
BM-sheet_1-12241,beam,2.2409,0.0,14.006,7.003
BM-sheet_1-12242,beam,2.3346,0.0,14.591,7.296
BM-sheet_1-12243,beam,0.463,0.0,2.894,1.447
BM-sheet_1-12244,beam,1.12,0.0,7.0,3.5
BM-sheet_1-12245,beam,2.432,0.0,15.2,7.6
BM-sheet_1-12246,beam,2.464,0.0,15.4,7.7
BM-sheet_1-12247,beam,2.432,0.0,15.2,7.6
BM-sheet_1-12248,beam,1.312,0.0,8.2,4.1
BM-sheet_1-12249,beam,1.3584,0.0,8.49,4.245
BM-sheet_1-12250,beam,0.4,0.0,2.5,1.25
BM-sheet_1-12251,beam,1.9072,0.0,11.92,5.96
BM-sheet_1-12252,beam,0.448,0.0,2.8,1.4
BM-sheet_1-12253,beam,1.44,0.0,9.0,4.5
BM-sheet_1-12254,beam,1.3584,0.0,8.49,4.245
BM-sheet_1-12255,beam,0.6336,0.0,3.96,1.98
BM-sheet_1-12256,beam,1.9072,0.0,11.92,5.96
BM-sheet_1-12257,beam,0.448,0.0,2.8,1.4
BM-sheet_1-12258,beam,1.44,0.0,9.0,4.5
BM-sheet_1-12259,beam,1.3584,0.0,8.49,4.245
BM-sheet_1-12260,beam,0.4,0.0,2.5,1.25
BM-sheet_1-12261,beam,1.9072,0.0,11.92,5.96
BM-sheet_1-12262,beam,0.448,0.0,2.8,1.4
BM-sheet_1-12263,beam,1.44,0.0,9.0,4.5
BM-sheet_1-12264,beam,1.3584,0.0,8.49,4.245
BM-sheet_1-12265,beam,0.4,0.0,2.5,1.25
BM-sheet_1-12266,beam,1.9072,0.0,11.92,5.96
BM-sheet_1-12267,beam,0.448,0.0,2.8,1.4
BM-sheet_1-12268,beam,1.44,0.0,9.0,4.5
BM-sheet_1-12269,beam,1.3584,0.0,8.49,4.245
BM-sheet_1-12270,beam,1.1104,0.0,6.94,3.47
BM-sheet_1-12271,beam,1.3504,0.0,8.44,4.22
BM-sheet_1-12272,beam,2.3328,0.0,14.58,7.29
BM-sheet_1-12273,beam,1.3584,0.0,8.49,4.245
BM-sheet_1-12274,beam,1.3584,0.0,8.49,4.245
BM-sheet_1-12275,beam,1.44,0.0,9.0,4.5
BM-sheet_1-12276,beam,0.448,0.0,2.8,1.4
BM-sheet_1-12277,beam,1.9072,0.0,11.92,5.96
BM-sheet_1-12278,beam,0.4,0.0,2.5,1.25
BM-sheet_1-12279,beam,2.4784,0.0,15.49,7.745
BM-sheet_1-12280,beam,1.2864,0.0,8.04,4.02
BM-sheet_1-12281,beam,0.128,0.0,0.8,0.4
BM-sheet_1-12282,beam,0.9056,0.0,5.66,2.83
BM-sheet_1-12283,beam,0.32,0.0,2.0,1.0
BM-sheet_1-12284,beam,0.2752,0.0,1.72,0.86
BM-sheet_1-12285,beam,0.152,0.0,0.95,0.475
BM-sheet_1-12286,beam,0.5472,0.0,3.42,1.71
BM-sheet_1-12287,beam,0.5472,0.0,3.42,1.71
BM-sheet_1-12288,beam,0.2304,0.0,1.44,0.72
BM-sheet_1-12289,beam,0.672,0.0,4.2,2.1
BM-sheet_1-12290,beam,0.672,0.0,4.2,2.1
BM-sheet_1-12291,beam,1.0112,0.0,6.32,3.16
BM-sheet_1-12292,beam,1.0112,0.0,6.32,3.16
BM-sheet_1-12293,beam,0.4672,0.0,2.92,1.46
BM-sheet_1-12294,beam,1.552,0.0,9.7,4.85
BM-sheet_1-12295,beam,0.4768,0.0,2.98,1.49
BM-sheet_1-12296,beam,0.7344,0.0,4.59,2.295
BM-sheet_1-12297,beam,0.6688,0.0,4.18,2.09
BM-sheet_1-12298,beam,0.3456,0.0,2.16,1.08
BM-sheet_1-12299,beam,0.5488,0.0,3.43,1.715
BM-sheet_1-12300,beam,0.096,0.0,0.6,0.3
BM-sheet_1-12301,beam,0.1008,0.0,0.63,0.315
BM-sheet_1-12302,beam,0.5216,0.0,3.26,1.63
BM-sheet_1-12303,beam,0.4416,0.0,2.76,1.38
BM-sheet_1-12304,beam,0.512,0.0,3.2,1.6
BM-sheet_1-12305,beam,0.7936,0.0,4.96,2.48
BM-sheet_1-12306,beam,0.7936,0.0,4.96,2.48
BM-sheet_1-12307,beam,0.672,0.0,4.2,2.1
BM-sheet_1-12308,beam,0.672,0.0,4.2,2.1
BM-sheet_1-12309,beam,0.2432,0.0,1.52,0.76
BM-sheet_1-12310,beam,0.4944,0.0,3.09,1.545
BM-sheet_1-12311,beam,0.7437,0.0,4.648,2.324
BM-sheet_1-12312,beam,1.5495,0.0,9.684,4.842
BM-sheet_1-12313,beam,2.5424,0.0,15.89,7.945
BM-sheet_1-12314,beam,0.3424,0.0,2.14,1.07
BM-sheet_1-12315,beam,2.64,0.0,16.5,8.25
BM-sheet_1-12316,beam,0.8,0.0,5.0,2.5
BM-sheet_1-12317,beam,0.8,0.0,5.0,2.5
BM-sheet_1-12318,beam,0.8576,0.0,5.36,2.68
BM-sheet_1-12319,beam,0.8576,0.0,5.36,2.68
BM-sheet_1-12320,beam,0.24,0.0,1.5,0.75
BM-sheet_1-12321,beam,0.224,0.0,1.4,0.7
BM-sheet_1-12322,beam,0.144,0.0,0.9,0.45
BM-sheet_1-12323,beam,0.1008,0.0,0.63,0.315
BM-sheet_1-12324,beam,0.6944,0.0,4.34,2.17
BM-sheet_1-12325,beam,0.6144,0.0,3.84,1.92
BM-sheet_1-12326,beam,0.224,0.0,1.4,0.7
BM-sheet_1-12327,beam,0.8,0.0,5.0,2.5
BM-sheet_1-12328,beam,0.1872,0.0,1.17,0.585
BM-sheet_1-12329,beam,0.128,0.0,0.8,0.4
BM-sheet_1-12330,beam,0.176,0.0,1.1,0.55
BM-sheet_1-12331,beam,0.4544,0.0,2.84,1.42
BM-sheet_1-12332,beam,0.2208,0.0,1.38,0.69
BM-sheet_1-12333,beam,0.544,0.0,3.4,1.7
BM-sheet_1-12334,beam,0.176,0.0,1.1,0.55
BM-sheet_1-12335,beam,0.2336,0.0,1.46,0.73
BM-sheet_1-12336,beam,0.5472,0.0,3.42,1.71
BM-sheet_1-12337,beam,1.2512,0.0,7.82,3.91
BM-sheet_1-12338,beam,0.3904,0.0,2.44,1.22
BM-sheet_1-12339,beam,0.3424,0.0,2.14,1.07
BM-sheet_1-12340,beam,1.2064,0.0,7.54,3.77
BM-sheet_1-12341,beam,1.4144,0.0,8.84,4.42
BM-sheet_1-12342,beam,0.5696,0.0,3.56,1.78
BM-sheet_1-12343,beam,0.5696,0.0,3.56,1.78
BM-sheet_1-12344,beam,0.8704,0.0,5.44,2.72
BM-sheet_1-12345,beam,0.8704,0.0,5.44,2.72
BM-sheet_1-12346,beam,0.4635,0.0,2.897,1.449
BM-sheet_1-12347,beam,2.4923,0.0,15.577,7.789
BM-sheet_1-12348,beam,0.176,0.0,1.1,0.55
BM-sheet_1-12349,beam,0.168,0.0,1.05,0.525
BM-sheet_1-12350,beam,0.24,0.0,1.5,0.75
BM-sheet_1-12351,beam,0.7936,0.0,4.96,2.48
BM-sheet_1-12352,beam,0.7936,0.0,4.96,2.48
BM-sheet_1-12353,beam,0.672,0.0,4.2,2.1
BM-sheet_1-12354,beam,0.672,0.0,4.2,2.1
BM-sheet_1-12355,beam,0.4192,0.0,2.62,1.31
BM-sheet_1-12356,beam,0.4512,0.0,2.82,1.41
BM-sheet_1-12357,beam,0.5488,0.0,3.43,1.715
BM-sheet_1-12358,beam,0.4416,0.0,2.76,1.38
BM-sheet_1-12359,beam,0.512,0.0,3.2,1.6
BM-sheet_1-12360,beam,0.4768,0.0,2.98,1.49
BM-sheet_1-12361,beam,2.6704,0.0,16.69,8.345
BM-sheet_1-12362,beam,0.6528,0.0,4.08,2.04
BM-sheet_1-12363,beam,0.1184,0.0,0.74,0.37
BM-sheet_1-12364,beam,0.1776,0.0,1.11,0.555
BM-sheet_1-12365,beam,0.672,0.0,4.2,2.1
BM-sheet_1-12366,beam,0.672,0.0,4.2,2.1
BM-sheet_1-12367,beam,1.0112,0.0,6.32,3.16
BM-sheet_1-12368,beam,1.0112,0.0,6.32,3.16
BM-sheet_1-12369,beam,0.5472,0.0,3.42,1.71
BM-sheet_1-12370,beam,0.5472,0.0,3.42,1.71
BM-sheet_1-12371,beam,1.2416,0.0,7.76,3.88
BM-sheet_1-12372,beam,1.44,0.0,9.0,4.5
BM-sheet_1-12373,beam,0.384,0.0,2.4,1.2
BM-sheet_1-12374,beam,0.5952,0.0,3.72,1.86
BM-sheet_1-12375,beam,1.3104,0.0,8.19,4.095
BM-sheet_1-12376,beam,1.44,0.0,9.0,4.5
BM-sheet_1-12377,beam,0.448,0.0,2.8,1.4
BM-sheet_1-12378,beam,1.6832,0.0,10.52,5.26
BM-sheet_1-12379,beam,0.5136,0.0,3.21,1.605
BM-sheet_1-12380,beam,1.008,0.0,6.3,3.15
BM-sheet_1-12381,beam,1.04,0.0,6.5,3.25
BM-sheet_1-12382,beam,0.32,0.0,2.0,1.0
BM-sheet_1-12383,beam,0.4832,0.0,3.02,1.51
BM-sheet_1-12384,beam,0.128,0.0,0.8,0.4
BM-sheet_1-12385,beam,0.9152,0.0,5.72,2.86
BM-sheet_1-12386,beam,0.1536,0.0,0.96,0.48
BM-sheet_1-12387,beam,0.152,0.0,0.95,0.475
BM-sheet_1-12388,beam,0.5472,0.0,3.42,1.71
BM-sheet_1-12389,beam,0.5472,0.0,3.42,1.71
BM-sheet_1-12390,beam,0.672,0.0,4.2,2.1
BM-sheet_1-12391,beam,0.672,0.0,4.2,2.1
BM-sheet_1-12392,beam,0.2304,0.0,1.44,0.72
BM-sheet_1-12393,beam,0.3072,0.0,1.92,0.96
BM-sheet_1-12394,beam,1.0112,0.0,6.32,3.16
BM-sheet_1-12395,beam,1.0112,0.0,6.32,3.16
BM-sheet_1-12396,beam,0.544,0.0,3.4,1.7
BM-sheet_1-12397,beam,0.8096,0.0,5.06,2.53
BM-sheet_1-12398,beam,0.6528,0.0,4.08,2.04
BM-sheet_1-12399,beam,0.1776,0.0,1.11,0.555
BM-sheet_1-12400,beam,0.1184,0.0,0.74,0.37
BM-sheet_1-12401,beam,2.1904,0.0,13.69,6.845
BM-sheet_1-12402,beam,0.3456,0.0,2.16,1.08
BM-sheet_1-12403,beam,0.5488,0.0,3.43,1.715
BM-sheet_1-12404,beam,0.1008,0.0,0.63,0.315
BM-sheet_1-12405,beam,0.096,0.0,0.6,0.3
BM-sheet_1-12406,beam,0.4768,0.0,2.98,1.49
BM-sheet_1-12407,beam,0.4416,0.0,2.76,1.38
BM-sheet_1-12408,beam,0.5216,0.0,3.26,1.63
BM-sheet_1-12409,beam,0.512,0.0,3.2,1.6
BM-sheet_1-12410,beam,0.7936,0.0,4.96,2.48
BM-sheet_1-12411,beam,0.7936,0.0,4.96,2.48
BM-sheet_1-12412,beam,0.672,0.0,4.2,2.1
BM-sheet_1-12413,beam,0.672,0.0,4.2,2.1
BM-sheet_1-12414,beam,0.5024,0.0,3.14,1.57
BM-sheet_1-12415,beam,0.93,0.0,5.813,2.906
BM-sheet_1-12416,beam,1.615,0.0,10.094,5.047
BM-sheet_1-12417,beam,0.4817,0.0,3.011,1.505
BM-sheet_1-12418,beam,2.544,0.0,15.9,7.95
BM-sheet_1-12419,beam,0.1008,0.0,0.63,0.315
BM-sheet_1-12420,beam,0.8576,0.0,5.36,2.68
BM-sheet_1-12421,beam,0.8576,0.0,5.36,2.68
BM-sheet_1-12422,beam,0.8,0.0,5.0,2.5
BM-sheet_1-12423,beam,0.8,0.0,5.0,2.5
BM-sheet_1-12424,beam,0.544,0.0,3.4,1.7
BM-sheet_1-12425,beam,1.4656,0.0,9.16,4.58
BM-sheet_1-12426,beam,0.9824,0.0,6.14,3.07
BM-sheet_1-12427,beam,0.368,0.0,2.3,1.15
BM-sheet_1-12428,beam,0.6272,0.0,3.92,1.96
BM-sheet_1-12429,beam,1.184,0.0,7.4,3.7
BM-sheet_1-12430,beam,1.3504,0.0,8.44,4.22
BM-sheet_1-12431,beam,0.5632,0.0,3.52,1.76
BM-sheet_1-12432,beam,0.5632,0.0,3.52,1.76
BM-sheet_1-12433,beam,0.8,0.0,5.0,2.5
BM-sheet_1-12434,beam,0.352,0.0,2.2,1.1
BM-sheet_1-12435,beam,0.1872,0.0,1.17,0.585
BM-sheet_1-12436,beam,0.5152,0.0,3.22,1.61
BM-sheet_1-12437,beam,0.464,0.0,2.9,1.45
BM-sheet_1-12438,beam,0.224,0.0,1.4,0.7
BM-sheet_1-12439,beam,0.544,0.0,3.4,1.7
BM-sheet_1-12440,beam,0.1776,0.0,1.11,0.555
BM-sheet_1-12441,beam,0.8576,0.0,5.36,2.68
BM-sheet_1-12442,beam,0.8576,0.0,5.36,2.68
BM-sheet_1-12443,beam,0.5728,0.0,3.58,1.79
BM-sheet_1-12444,beam,0.5728,0.0,3.58,1.79
BM-sheet_1-12445,beam,0.3408,0.0,2.13,1.065
BM-sheet_1-12446,beam,0.2496,0.0,1.56,0.78
BM-sheet_1-12447,beam,1.2,0.0,7.5,3.75
BM-sheet_1-12448,beam,0.3328,0.0,2.08,1.04
BM-sheet_1-12449,beam,0.3504,0.0,2.19,1.095
BM-sheet_1-12450,beam,0.2544,0.0,1.59,0.795
BM-sheet_1-12451,beam,1.2448,0.0,7.78,3.89
BM-sheet_1-12452,beam,0.1504,0.0,0.94,0.47
BM-sheet_1-12453,beam,0.8544,0.0,5.34,2.67
BM-sheet_1-12454,beam,2.5424,0.0,15.89,7.945
BM-sheet_1-12455,beam,0.16,0.0,1.0,0.5
BM-sheet_1-12456,beam,0.168,0.0,1.05,0.525
BM-sheet_1-12457,beam,0.1728,0.0,1.08,0.54
BM-sheet_1-12458,beam,0.7936,0.0,4.96,2.48
BM-sheet_1-12459,beam,0.7936,0.0,4.96,2.48
BM-sheet_1-12460,beam,0.672,0.0,4.2,2.1
BM-sheet_1-12461,beam,0.672,0.0,4.2,2.1
BM-sheet_1-12462,beam,0.512,0.0,3.2,1.6
BM-sheet_1-12463,beam,0.512,0.0,3.2,1.6
BM-sheet_1-12464,beam,0.5184,0.0,3.24,1.62
BM-sheet_1-12465,beam,0.5184,0.0,3.24,1.62
BM-sheet_1-12466,beam,0.2176,0.0,1.36,0.68
BM-sheet_1-12467,beam,0.6448,0.0,4.03,2.015
BM-sheet_1-12468,beam,0.112,0.0,0.7,0.35
BM-sheet_1-12469,beam,0.208,0.0,1.3,0.65
BM-sheet_1-12470,beam,0.1024,0.0,0.64,0.32
BM-sheet_1-12471,beam,0.4768,0.0,2.98,1.49
BM-sheet_1-12472,beam,2.6704,0.0,16.69,8.345
BM-sheet_1-12473,beam,0.6368,0.0,3.98,1.99
BM-sheet_1-12474,beam,0.656,0.0,4.1,2.05
BM-sheet_1-12475,beam,0.656,0.0,4.1,2.05
BM-sheet_1-12476,beam,0.9952,0.0,6.22,3.11
BM-sheet_1-12477,beam,0.9952,0.0,6.22,3.11
BM-sheet_1-12478,beam,0.4032,0.0,2.52,1.26
BM-sheet_1-12479,beam,0.5472,0.0,3.42,1.71
BM-sheet_1-12480,beam,0.5472,0.0,3.42,1.71
BM-sheet_1-12481,beam,0.336,0.0,2.1,1.05
BM-sheet_1-12482,beam,0.2656,0.0,1.66,0.83
BM-sheet_1-12483,beam,0.152,0.0,0.95,0.475
BM-sheet_1-12484,beam,1.44,0.0,9.0,4.5
BM-sheet_1-12485,beam,0.448,0.0,2.8,1.4
BM-sheet_1-12486,beam,1.6832,0.0,10.52,5.26
BM-sheet_1-12487,beam,0.288,0.0,1.8,0.9
BM-sheet_1-12488,beam,0.624,0.0,3.9,1.95
BM-sheet_1-12489,beam,1.696,0.0,10.6,5.3
BM-sheet_1-12490,beam,2.496,0.0,15.6,7.8
BM-sheet_1-12491,beam,2.496,0.0,15.6,7.8
BM-sheet_1-12492,beam,2.496,0.0,15.6,7.8
BM-sheet_1-12493,beam,1.696,0.0,10.6,5.3
BM-sheet_1-12494,beam,2.496,0.0,15.6,7.8
BM-sheet_1-12495,beam,2.496,0.0,15.6,7.8
BM-sheet_1-12496,beam,2.496,0.0,15.6,7.8
BM-sheet_1-12497,beam,0.32,0.0,2.0,1.0
BM-sheet_1-12498,beam,0.9056,0.0,5.66,2.83
BM-sheet_1-12499,beam,0.128,0.0,0.8,0.4
BM-sheet_1-12500,beam,0.152,0.0,0.95,0.475
BM-sheet_1-12501,beam,0.2113,0.0,1.321,0.66
BM-sheet_1-12502,beam,0.5472,0.0,3.42,1.71
BM-sheet_1-12503,beam,0.5472,0.0,3.42,1.71
BM-sheet_1-12504,beam,0.6336,0.0,3.96,1.98
BM-sheet_1-12505,beam,0.6336,0.0,3.96,1.98
BM-sheet_1-12506,beam,1.0112,0.0,6.32,3.16
BM-sheet_1-12507,beam,1.0112,0.0,6.32,3.16
BM-sheet_1-12508,beam,0.3104,0.0,1.94,0.97
BM-sheet_1-12509,beam,0.8096,0.0,5.06,2.53
BM-sheet_1-12510,beam,0.6528,0.0,4.08,2.04
BM-sheet_1-12511,beam,0.1184,0.0,0.74,0.37
BM-sheet_1-12512,beam,0.1776,0.0,1.11,0.555
BM-sheet_1-12513,beam,2.2544,0.0,14.09,7.045
BM-sheet_1-12514,beam,0.4768,0.0,2.98,1.49
BM-sheet_1-12515,beam,0.096,0.0,0.6,0.3
BM-sheet_1-12516,beam,0.1056,0.0,0.66,0.33
BM-sheet_1-12517,beam,0.5216,0.0,3.26,1.63
BM-sheet_1-12518,beam,0.4416,0.0,2.76,1.38
BM-sheet_1-12519,beam,0.512,0.0,3.2,1.6
BM-sheet_1-12520,beam,0.5488,0.0,3.43,1.715
BM-sheet_1-12521,beam,0.3456,0.0,2.16,1.08
BM-sheet_1-12522,beam,0.7936,0.0,4.96,2.48
BM-sheet_1-12523,beam,0.7936,0.0,4.96,2.48
BM-sheet_1-12524,beam,0.672,0.0,4.2,2.1
BM-sheet_1-12525,beam,0.672,0.0,4.2,2.1
BM-sheet_1-12526,beam,0.5024,0.0,3.14,1.57
BM-sheet_1-12527,beam,1.0767,0.0,6.73,3.365
BM-sheet_1-12528,beam,1.341,0.0,8.381,4.191
BM-sheet_1-12529,beam,2.5472,0.0,15.92,7.96
BM-sheet_1-12530,beam,3.04,0.0,19.0,9.5
BM-sheet_1-12531,beam,0.5984,0.0,3.74,1.87
BM-sheet_1-12532,beam,0.3232,0.0,2.02,1.01
BM-sheet_1-12533,beam,0.4224,0.0,2.64,1.32
BM-sheet_1-12534,beam,0.4224,0.0,2.64,1.32
BM-sheet_1-12535,beam,0.192,0.0,1.2,0.6
BM-sheet_1-12536,beam,0.176,0.0,1.1,0.55
BM-sheet_1-12537,beam,0.4224,0.0,2.64,1.32
BM-sheet_1-12538,beam,0.4224,0.0,2.64,1.32
BM-sheet_1-12539,beam,0.3232,0.0,2.02,1.01
BM-sheet_1-12540,beam,0.5984,0.0,3.74,1.87
BM-sheet_1-12541,beam,2.448,0.0,15.3,7.65
BM-sheet_1-12542,beam,0.8,0.0,5.0,2.5
BM-sheet_1-12543,beam,0.8,0.0,5.0,2.5
BM-sheet_1-12544,beam,0.8576,0.0,5.36,2.68
BM-sheet_1-12545,beam,0.3888,0.0,2.43,1.215
BM-sheet_1-12546,beam,0.424,0.0,2.65,1.325
BM-sheet_1-12547,beam,0.224,0.0,1.4,0.7
BM-sheet_1-12548,beam,0.1376,0.0,0.86,0.43
BM-sheet_1-12549,beam,0.5824,0.0,3.64,1.82
BM-sheet_1-12550,beam,0.5824,0.0,3.64,1.82
BM-sheet_1-12551,beam,1.0944,0.0,6.84,3.42
BM-sheet_1-12552,beam,0.368,0.0,2.3,1.15
BM-sheet_1-12553,beam,0.6112,0.0,3.82,1.91
BM-sheet_1-12554,beam,0.1376,0.0,0.86,0.43
BM-sheet_1-12555,beam,0.6816,0.0,4.26,2.13
BM-sheet_1-12556,beam,0.608,0.0,3.8,1.9
BM-sheet_1-12557,beam,0.608,0.0,3.8,1.9
BM-sheet_1-12558,beam,0.656,0.0,4.1,2.05
BM-sheet_1-12559,beam,0.656,0.0,4.1,2.05
BM-sheet_1-12560,beam,0.6624,0.0,4.14,2.07
BM-sheet_1-12561,beam,0.1088,0.0,0.68,0.34
BM-sheet_1-12562,beam,0.9792,0.0,6.12,3.06
BM-sheet_1-12563,beam,0.9792,0.0,6.12,3.06
BM-sheet_1-12564,beam,0.672,0.0,4.2,2.1
BM-sheet_1-12565,beam,0.608,0.0,3.8,1.9
BM-sheet_1-12566,beam,0.144,0.0,0.9,0.45
BM-sheet_1-12567,beam,0.1008,0.0,0.63,0.315
BM-sheet_1-12568,beam,0.424,0.0,2.65,1.325
BM-sheet_1-12569,beam,0.6048,0.0,3.78,1.89
BM-sheet_1-12570,beam,0.3936,0.0,2.46,1.23
BM-sheet_1-12571,beam,0.8,0.0,5.0,2.5
BM-sheet_1-12572,beam,0.8,0.0,5.0,2.5
BM-sheet_1-12573,beam,0.8576,0.0,5.36,2.68
BM-sheet_1-12574,beam,0.8576,0.0,5.36,2.68
BM-sheet_1-12575,beam,0.6144,0.0,3.84,1.92
BM-sheet_1-12576,beam,0.6944,0.0,4.34,2.17
BM-sheet_1-12577,beam,0.16,0.0,1.0,0.5
BM-sheet_1-12578,beam,0.168,0.0,1.05,0.525
BM-sheet_1-12579,beam,0.2848,0.0,1.78,0.89
BM-sheet_1-12580,beam,0.36,0.0,2.25,1.125
BM-sheet_1-12581,beam,0.7936,0.0,4.96,2.48
BM-sheet_1-12582,beam,0.7936,0.0,4.96,2.48
BM-sheet_1-12583,beam,0.672,0.0,4.2,2.1
BM-sheet_1-12584,beam,0.672,0.0,4.2,2.1
BM-sheet_1-12585,beam,0.512,0.0,3.2,1.6
BM-sheet_1-12586,beam,0.464,0.0,2.9,1.45
BM-sheet_1-12587,beam,0.4512,0.0,2.82,1.41
BM-sheet_1-12588,beam,0.5488,0.0,3.43,1.715
BM-sheet_1-12589,beam,0.1008,0.0,0.63,0.315
BM-sheet_1-12590,beam,0.096,0.0,0.6,0.3
BM-sheet_1-12591,beam,0.4416,0.0,2.76,1.38
BM-sheet_1-12592,beam,0.5216,0.0,3.26,1.63
BM-sheet_1-12593,beam,0.4768,0.0,2.98,1.49
BM-sheet_1-12594,beam,2.6704,0.0,16.69,8.345
BM-sheet_1-12595,beam,0.6528,0.0,4.08,2.04
BM-sheet_1-12596,beam,0.1184,0.0,0.74,0.37
BM-sheet_1-12597,beam,0.1776,0.0,1.11,0.555
BM-sheet_1-12598,beam,1.3104,0.0,8.19,4.095
BM-sheet_1-12599,beam,1.44,0.0,9.0,4.5
BM-sheet_1-12600,beam,0.448,0.0,2.8,1.4
BM-sheet_1-12601,beam,1.6832,0.0,10.52,5.26
BM-sheet_1-12602,beam,0.288,0.0,1.8,0.9
BM-sheet_1-12603,beam,0.624,0.0,3.9,1.95
BM-sheet_1-12604,beam,0.8096,0.0,5.06,2.53
BM-sheet_1-12605,beam,1.0112,0.0,6.32,3.16
BM-sheet_1-12606,beam,1.0112,0.0,6.32,3.16
BM-sheet_1-12607,beam,0.672,0.0,4.2,2.1
BM-sheet_1-12608,beam,0.672,0.0,4.2,2.1
BM-sheet_1-12609,beam,0.5472,0.0,3.42,1.71
BM-sheet_1-12610,beam,0.5472,0.0,3.42,1.71
BM-sheet_1-12611,beam,0.2656,0.0,1.66,0.83
BM-sheet_1-12612,beam,0.368,0.0,2.3,1.15
BM-sheet_1-12613,beam,2.528,0.0,15.8,7.9
BM-sheet_1-12614,beam,1.584,0.0,9.9,4.95
BM-sheet_1-12615,beam,2.464,0.0,15.4,7.7
BM-sheet_1-12616,beam,2.464,0.0,15.4,7.7
BM-sheet_1-12617,beam,0.9952,0.0,6.22,3.11
BM-sheet_1-12618,beam,0.4704,0.0,2.94,1.47
BM-sheet_1-12619,beam,0.9223,0.0,5.764,2.882
BM-sheet_1-12620,beam,0.7918,0.0,4.949,2.474
BM-sheet_1-12621,beam,0.957,0.0,5.981,2.991
BM-sheet_1-12622,beam,0.8,0.0,5.0,2.5
BM-sheet_1-12623,beam,0.8,0.0,5.0,2.5
BM-sheet_1-12624,beam,0.8576,0.0,5.36,2.68
BM-sheet_1-12625,beam,0.8576,0.0,5.36,2.68
BM-sheet_1-12626,beam,0.5344,0.0,3.34,1.67
BM-sheet_1-12627,beam,0.5344,0.0,3.34,1.67
BM-sheet_1-12628,beam,0.608,0.0,3.8,1.9
BM-sheet_1-12629,beam,0.672,0.0,4.2,2.1
BM-sheet_1-12630,beam,0.368,0.0,2.3,1.15
BM-sheet_1-12631,beam,0.6112,0.0,3.82,1.91
BM-sheet_1-12632,beam,1.0944,0.0,6.84,3.42
BM-sheet_1-12633,beam,1.0944,0.0,6.84,3.42
BM-sheet_1-12634,beam,0.368,0.0,2.3,1.15
BM-sheet_1-12635,beam,0.6112,0.0,3.82,1.91
BM-sheet_1-12636,beam,0.1376,0.0,0.86,0.43
BM-sheet_1-12637,beam,0.6816,0.0,4.26,2.13
BM-sheet_1-12638,beam,0.6656,0.0,4.16,2.08
BM-sheet_1-12639,beam,0.1056,0.0,0.66,0.33
BM-sheet_1-12640,beam,0.9792,0.0,6.12,3.06
BM-sheet_1-12641,beam,1.168,0.0,7.3,3.65
BM-sheet_1-12642,beam,0.4384,0.0,2.74,1.37
BM-sheet_1-12643,beam,0.656,0.0,4.1,2.05
BM-sheet_1-12644,beam,0.608,0.0,3.8,1.9
BM-sheet_1-12645,beam,0.8,0.0,5.0,2.5
BM-sheet_1-12646,beam,0.8,0.0,5.0,2.5
BM-sheet_1-12647,beam,0.7616,0.0,4.76,2.38
BM-sheet_1-12648,beam,0.7616,0.0,4.76,2.38
BM-sheet_1-12649,beam,1.7184,0.0,10.74,5.37
BM-sheet_1-12650,beam,0.9066,0.0,5.666,2.833
BM-sheet_1-12651,beam,1.6711,0.0,10.445,5.222
BM-sheet_1-12652,beam,0.4765,0.0,2.978,1.489
BM-sheet_1-12653,beam,0.8576,0.0,5.36,2.68
BM-sheet_1-12654,beam,0.8,0.0,5.0,2.5
BM-sheet_1-12655,beam,0.8,0.0,5.0,2.5
BM-sheet_1-12656,beam,0.464,0.0,2.9,1.45
BM-sheet_1-12657,beam,0.464,0.0,2.9,1.45
BM-sheet_1-12658,beam,0.2688,0.0,1.68,0.84
BM-sheet_1-12659,beam,0.4224,0.0,2.64,1.32
BM-sheet_1-12660,beam,0.192,0.0,1.2,0.6
BM-sheet_1-12661,beam,0.608,0.0,3.8,1.9
BM-sheet_1-12662,beam,0.672,0.0,4.2,2.1
BM-sheet_1-12663,beam,2.2048,0.0,13.78,6.89
BM-sheet_1-12664,beam,0.368,0.0,2.3,1.15
BM-sheet_1-12665,beam,0.6912,0.0,4.32,2.16
BM-sheet_1-12666,beam,0.6544,0.0,4.09,2.045
BM-sheet_1-12667,beam,0.8,0.0,5.0,2.5
BM-sheet_1-12668,beam,1.0496,0.0,6.56,3.28
BM-sheet_1-12669,beam,0.624,0.0,3.9,1.95
BM-sheet_1-12670,beam,0.624,0.0,3.9,1.95
BM-sheet_1-12671,beam,0.5984,0.0,3.74,1.87
BM-sheet_1-12672,beam,1.536,0.0,9.6,4.8
BM-sheet_1-12673,beam,0.2485,0.0,1.553,0.777
BM-sheet_1-12674,beam,1.2078,0.0,7.549,3.774
BM-sheet_1-12675,beam,1.2398,0.0,7.749,3.874
BM-sheet_1-12676,beam,2.1237,0.0,13.273,6.637
BM-sheet_1-12677,beam,2.0928,0.0,13.08,6.54
BM-sheet_1-12678,beam,0.6112,0.0,3.82,1.91
BM-sheet_1-12679,beam,0.368,0.0,2.3,1.15
BM-sheet_1-12680,beam,0.128,0.0,0.8,0.4
BM-sheet_1-12681,beam,0.9152,0.0,5.72,2.86
BM-sheet_1-12682,beam,0.32,0.0,2.0,1.0
BM-sheet_1-12683,beam,0.152,0.0,0.95,0.475
BM-sheet_1-12684,beam,0.1536,0.0,0.96,0.48
BM-sheet_1-12685,beam,0.5472,0.0,3.42,1.71
BM-sheet_1-12686,beam,0.5472,0.0,3.42,1.71
BM-sheet_1-12687,beam,0.2304,0.0,1.44,0.72
BM-sheet_1-12688,beam,0.4512,0.0,2.82,1.41
BM-sheet_1-12689,beam,0.192,0.0,1.2,0.6
BM-sheet_1-12690,beam,0.672,0.0,4.2,2.1
BM-sheet_1-12691,beam,1.0112,0.0,6.32,3.16
BM-sheet_1-12692,beam,2.7504,0.0,17.19,8.595
BM-sheet_1-12693,beam,0.544,0.0,3.4,1.7
BM-sheet_1-12694,beam,0.8096,0.0,5.06,2.53
BM-sheet_1-12695,beam,0.1776,0.0,1.11,0.555
BM-sheet_1-12696,beam,0.1184,0.0,0.74,0.37
BM-sheet_1-12697,beam,0.6528,0.0,4.08,2.04
BM-sheet_1-12698,beam,0.1824,0.0,1.14,0.57
BM-sheet_1-12699,beam,0.4768,0.0,2.98,1.49
BM-sheet_1-12700,beam,0.096,0.0,0.6,0.3
BM-sheet_1-12701,beam,0.1008,0.0,0.63,0.315
BM-sheet_1-12702,beam,0.5488,0.0,3.43,1.715
BM-sheet_1-12703,beam,0.3456,0.0,2.16,1.08
BM-sheet_1-12704,beam,0.4416,0.0,2.76,1.38
BM-sheet_1-12705,beam,0.5216,0.0,3.26,1.63
BM-sheet_1-12706,beam,0.512,0.0,3.2,1.6
BM-sheet_1-12707,beam,0.512,0.0,3.2,1.6
BM-sheet_1-12708,beam,0.7936,0.0,4.96,2.48
BM-sheet_1-12709,beam,0.7936,0.0,4.96,2.48
BM-sheet_1-12710,beam,0.672,0.0,4.2,2.1
BM-sheet_1-12711,beam,2.1104,0.0,13.19,6.595
BM-sheet_1-12712,beam,0.4376,0.0,2.735,1.367
BM-sheet_1-12713,beam,2.736,0.0,17.1,8.55
BM-sheet_1-12714,beam,0.3936,0.0,2.46,1.23
BM-sheet_1-12715,beam,0.8,0.0,5.0,2.5
BM-sheet_1-12716,beam,0.8576,0.0,5.36,2.68
BM-sheet_1-12717,beam,0.8576,0.0,5.36,2.68
BM-sheet_1-12718,beam,0.5344,0.0,3.34,1.67
BM-sheet_1-12719,beam,0.368,0.0,2.3,1.15
BM-sheet_1-12720,beam,0.6112,0.0,3.82,1.91
BM-sheet_1-12721,beam,1.0944,0.0,6.84,3.42
BM-sheet_1-12722,beam,0.1376,0.0,0.86,0.43
BM-sheet_1-12723,beam,0.6816,0.0,4.26,2.13
BM-sheet_1-12724,beam,0.7568,0.0,4.73,2.365
BM-sheet_1-12725,beam,0.968,0.0,6.05,3.025
BM-sheet_1-12726,beam,0.608,0.0,3.8,1.9
BM-sheet_1-12727,beam,0.608,0.0,3.8,1.9
BM-sheet_1-12728,beam,0.656,0.0,4.1,2.05
BM-sheet_1-12729,beam,0.656,0.0,4.1,2.05
BM-sheet_1-12730,beam,0.672,0.0,4.2,2.1
BM-sheet_1-12731,beam,0.672,0.0,4.2,2.1
BM-sheet_1-12732,beam,0.608,0.0,3.8,1.9
BM-sheet_1-12733,beam,0.608,0.0,3.8,1.9
BM-sheet_1-12734,beam,0.6912,0.0,4.32,2.16
BM-sheet_1-12735,beam,1.888,0.0,11.8,5.9
BM-sheet_1-12736,beam,0.8576,0.0,5.36,2.68
BM-sheet_1-12737,beam,0.8576,0.0,5.36,2.68
BM-sheet_1-12738,beam,0.8,0.0,5.0,2.5
BM-sheet_1-12739,beam,0.2319,0.0,1.449,0.725
BM-sheet_1-12740,beam,0.144,0.0,0.9,0.45
BM-sheet_1-12741,beam,0.112,0.0,0.7,0.35
BM-sheet_1-12742,beam,0.6944,0.0,4.34,2.17
BM-sheet_1-12743,beam,1.0944,0.0,6.84,3.42
BM-sheet_1-12744,beam,0.368,0.0,2.3,1.15
BM-sheet_1-12745,beam,0.6112,0.0,3.82,1.91
BM-sheet_1-12746,beam,0.8188,0.0,5.117,2.559
BM-sheet_1-12747,beam,2.5424,0.0,15.89,7.945
BM-sheet_1-12748,beam,0.16,0.0,1.0,0.5
BM-sheet_1-12749,beam,0.168,0.0,1.05,0.525
BM-sheet_1-12750,beam,0.3648,0.0,2.28,1.14
BM-sheet_1-12751,beam,0.7936,0.0,4.96,2.48
BM-sheet_1-12752,beam,0.7936,0.0,4.96,2.48
BM-sheet_1-12753,beam,0.672,0.0,4.2,2.1
BM-sheet_1-12754,beam,0.672,0.0,4.2,2.1
BM-sheet_1-12755,beam,0.464,0.0,2.9,1.45
BM-sheet_1-12756,beam,0.4512,0.0,2.82,1.41
BM-sheet_1-12757,beam,0.512,0.0,3.2,1.6
BM-sheet_1-12758,beam,0.5488,0.0,3.43,1.715
BM-sheet_1-12759,beam,0.1008,0.0,0.63,0.315
BM-sheet_1-12760,beam,0.4416,0.0,2.76,1.38
BM-sheet_1-12761,beam,0.5216,0.0,3.26,1.63
BM-sheet_1-12762,beam,0.096,0.0,0.6,0.3
BM-sheet_1-12763,beam,0.4768,0.0,2.98,1.49
BM-sheet_1-12764,beam,2.6704,0.0,16.69,8.345
BM-sheet_1-12765,beam,0.6528,0.0,4.08,2.04
BM-sheet_1-12766,beam,0.1776,0.0,1.11,0.555
BM-sheet_1-12767,beam,0.1184,0.0,0.74,0.37
BM-sheet_1-12768,beam,0.8096,0.0,5.06,2.53
BM-sheet_1-12769,beam,1.0112,0.0,6.32,3.16
BM-sheet_1-12770,beam,1.0112,0.0,6.32,3.16
BM-sheet_1-12771,beam,0.672,0.0,4.2,2.1
BM-sheet_1-12772,beam,0.672,0.0,4.2,2.1
BM-sheet_1-12773,beam,0.5472,0.0,3.42,1.71
BM-sheet_1-12774,beam,0.5472,0.0,3.42,1.71
BM-sheet_1-12775,beam,0.4032,0.0,2.52,1.26
BM-sheet_1-12776,beam,1.3104,0.0,8.19,4.095
BM-sheet_1-12777,beam,1.44,0.0,9.0,4.5
BM-sheet_1-12778,beam,0.448,0.0,2.8,1.4
BM-sheet_1-12779,beam,1.6832,0.0,10.52,5.26
BM-sheet_1-12780,beam,0.288,0.0,1.8,0.9
BM-sheet_1-12781,beam,0.624,0.0,3.9,1.95
BM-sheet_1-12782,beam,0.128,0.0,0.8,0.4
BM-sheet_1-12783,beam,0.9152,0.0,5.72,2.86
BM-sheet_1-12784,beam,0.32,0.0,2.0,1.0
BM-sheet_1-12785,beam,0.152,0.0,0.95,0.475
BM-sheet_1-12786,beam,0.1536,0.0,0.96,0.48
BM-sheet_1-12787,beam,0.672,0.0,4.2,2.1
BM-sheet_1-12788,beam,0.672,0.0,4.2,2.1
BM-sheet_1-12789,beam,1.0112,0.0,6.32,3.16
BM-sheet_1-12790,beam,1.0112,0.0,6.32,3.16
BM-sheet_1-12791,beam,0.5472,0.0,3.42,1.71
BM-sheet_1-12792,beam,0.5472,0.0,3.42,1.71
BM-sheet_1-12793,beam,1.424,0.0,8.9,4.45
BM-sheet_1-12794,beam,0.7344,0.0,4.59,2.295
BM-sheet_1-12795,beam,0.4608,0.0,2.88,1.44
BM-sheet_1-12796,beam,0.544,0.0,3.4,1.7
BM-sheet_1-12797,beam,0.8096,0.0,5.06,2.53
BM-sheet_1-12798,beam,0.1776,0.0,1.11,0.555
BM-sheet_1-12799,beam,0.1184,0.0,0.74,0.37
BM-sheet_1-12800,beam,0.6688,0.0,4.18,2.09
BM-sheet_1-12801,beam,0.096,0.0,0.6,0.3
BM-sheet_1-12802,beam,0.1008,0.0,0.63,0.315
BM-sheet_1-12803,beam,0.5488,0.0,3.43,1.715
BM-sheet_1-12804,beam,0.3456,0.0,2.16,1.08
BM-sheet_1-12805,beam,0.3744,0.0,2.34,1.17
BM-sheet_1-12806,beam,0.512,0.0,3.2,1.6
BM-sheet_1-12807,beam,0.512,0.0,3.2,1.6
BM-sheet_1-12808,beam,0.4416,0.0,2.76,1.38
BM-sheet_1-12809,beam,0.5216,0.0,3.26,1.63
BM-sheet_1-12810,beam,2.1424,0.0,13.39,6.695
BM-sheet_1-12811,beam,0.112,0.0,0.7,0.35
BM-sheet_1-12812,beam,0.64,0.0,4.0,2.0
BM-sheet_1-12813,beam,0.4864,0.0,3.04,1.52
BM-sheet_1-12814,beam,0.4179,0.0,2.612,1.306
BM-sheet_1-12815,beam,0.549,0.0,3.431,1.716
BM-sheet_1-12816,beam,0.6392,0.0,3.995,1.997
BM-sheet_1-12817,beam,1.8308,0.0,11.443,5.721
BM-sheet_1-12818,beam,0.5024,0.0,3.14,1.57
BM-sheet_1-12819,beam,0.8736,0.0,5.46,2.73
BM-sheet_1-12820,beam,0.416,0.0,2.6,1.3
BM-sheet_1-12821,beam,0.6768,0.0,4.23,2.115
BM-sheet_1-12822,beam,0.7616,0.0,4.76,2.38
BM-sheet_1-12823,beam,0.384,0.0,2.4,1.2
BM-sheet_1-12824,beam,0.32,0.0,2.0,1.0
BM-sheet_1-12825,beam,0.6448,0.0,4.03,2.015
BM-sheet_1-12826,beam,0.3456,0.0,2.16,1.08
BM-sheet_1-12827,beam,0.5488,0.0,3.43,1.715
BM-sheet_1-12828,beam,0.512,0.0,3.2,1.6
BM-sheet_1-12829,beam,0.4416,0.0,2.76,1.38
BM-sheet_1-12830,beam,0.5216,0.0,3.26,1.63
BM-sheet_1-12831,beam,0.1008,0.0,0.63,0.315
BM-sheet_1-12832,beam,0.096,0.0,0.6,0.3
BM-sheet_1-12833,beam,0.3456,0.0,2.16,1.08
BM-sheet_1-12834,beam,0.5488,0.0,3.43,1.715
BM-sheet_1-12835,beam,0.1008,0.0,0.63,0.315
BM-sheet_1-12836,beam,0.096,0.0,0.6,0.3
BM-sheet_1-12837,beam,0.4768,0.0,2.98,1.49
BM-sheet_1-12838,beam,0.4736,0.0,2.96,1.48
BM-sheet_1-12839,beam,0.5536,0.0,3.46,1.73
BM-sheet_1-12840,beam,0.512,0.0,3.2,1.6
BM-sheet_1-12841,beam,0.512,0.0,3.2,1.6
BM-sheet_1-12842,beam,2.1904,0.0,13.69,6.845
BM-sheet_1-12843,beam,0.6528,0.0,4.08,2.04
BM-sheet_1-12844,beam,0.1584,0.0,0.99,0.495
BM-sheet_1-12845,beam,0.8096,0.0,5.06,2.53
BM-sheet_1-12846,beam,0.544,0.0,3.4,1.7
BM-sheet_1-12847,beam,0.7104,0.0,4.44,2.22
BM-sheet_1-12848,beam,0.7104,0.0,4.44,2.22
BM-sheet_1-12849,beam,1.0112,0.0,6.32,3.16
BM-sheet_1-12850,beam,1.0112,0.0,6.32,3.16
BM-sheet_1-12851,beam,0.672,0.0,4.2,2.1
BM-sheet_1-12852,beam,0.672,0.0,4.2,2.1
BM-sheet_1-12853,beam,0.3552,0.0,2.22,1.11
BM-sheet_1-12854,beam,0.1536,0.0,0.96,0.48
BM-sheet_1-12855,beam,0.152,0.0,0.95,0.475
BM-sheet_1-12856,beam,0.32,0.0,2.0,1.0
BM-sheet_1-12857,beam,3.9616,0.0,24.76,12.38
BM-sheet_1-12858,beam,0.1596,0.0,0.998,0.499
BM-sheet_1-12859,beam,2.496,0.0,15.6,7.8
BM-sheet_1-12860,beam,1.5036,0.0,9.398,4.699
BM-sheet_1-12861,beam,0.3516,0.0,2.198,1.099
BM-sheet_1-12862,beam,0.96,0.0,6.0,3.0
BM-sheet_1-12863,beam,1.5036,0.0,9.398,4.699
BM-sheet_1-12864,beam,1.0624,0.0,6.64,3.32
BM-sheet_1-12865,beam,0.4608,0.0,2.88,1.44
BM-sheet_1-12866,beam,3.0656,0.0,19.16,9.58
BM-sheet_1-12867,beam,0.944,0.0,5.9,2.95
BM-sheet_1-12868,beam,0.5024,0.0,3.14,1.57
BM-sheet_1-12869,beam,12.3456,0.0,77.16,38.58
BM-sheet_1-12870,beam,12.4704,0.0,77.94,38.97
BM-sheet_1-12871,beam,0.1024,0.0,0.64,0.32
BM-sheet_1-12872,beam,0.1216,0.0,0.76,0.38
BM-sheet_1-12873,beam,0.272,0.0,1.7,0.85
BM-sheet_1-12874,beam,0.272,0.0,1.7,0.85
BM-sheet_1-12875,beam,0.8864,0.0,5.54,2.77
BM-sheet_1-12876,beam,3.1932,0.0,19.958,9.979
BM-sheet_1-12877,beam,0.224,0.0,1.4,0.7
BM-sheet_1-12878,beam,3.0464,0.0,19.04,9.52
BM-sheet_1-12879,beam,0.4,0.0,2.5,1.25
BM-sheet_1-12880,beam,2.6464,0.0,16.54,8.27
BM-sheet_1-12881,beam,0.8704,0.0,5.44,2.72
BM-sheet_1-12882,beam,0.352,0.0,2.2,1.1
BM-sheet_1-12883,beam,0.1216,0.0,0.76,0.38
BM-sheet_1-12884,beam,2.9312,0.0,18.32,9.16
BM-sheet_1-12885,beam,0.1216,0.0,0.76,0.38
BM-sheet_1-12886,beam,1.0944,0.0,6.84,3.42
BM-sheet_1-12887,beam,0.224,0.0,1.4,0.7
BM-sheet_1-12888,beam,2.5664,0.0,16.04,8.02
BM-sheet_1-12889,beam,1.1024,0.0,6.89,3.445
BM-sheet_1-12890,beam,1.44,0.0,9.0,4.5
BM-sheet_1-12891,beam,0.448,0.0,2.8,1.4
BM-sheet_1-12892,beam,1.6832,0.0,10.52,5.26
BM-sheet_1-12893,beam,0.288,0.0,1.8,0.9
BM-sheet_1-12894,beam,0.2656,0.0,1.66,0.83
BM-sheet_1-12895,beam,0.5424,0.0,3.39,1.695
BM-sheet_1-12896,beam,1.1552,0.0,7.22,3.61
BM-sheet_1-12897,beam,2.7504,0.0,17.19,8.595
BM-sheet_1-12898,beam,2.4352,0.0,15.22,7.61
BM-sheet_1-12899,beam,0.6528,0.0,4.08,2.04
BM-sheet_1-12900,beam,0.1584,0.0,0.99,0.495
BM-sheet_1-12901,beam,0.8096,0.0,5.06,2.53
BM-sheet_1-12902,beam,0.624,0.0,3.9,1.95
BM-sheet_1-12903,beam,0.2048,0.0,1.28,0.64
BM-sheet_1-12904,beam,0.3872,0.0,2.42,1.21
BM-sheet_1-12905,beam,0.2912,0.0,1.82,0.91
BM-sheet_1-12906,beam,0.3664,0.0,2.29,1.145
BM-sheet_1-12907,beam,1.2864,0.0,8.04,4.02
BM-sheet_1-12908,beam,1.664,0.0,10.4,5.2
BM-sheet_1-12909,beam,0.304,0.0,1.9,0.95
BM-sheet_1-12910,beam,0.152,0.0,0.95,0.475
BM-sheet_1-12911,beam,0.2336,0.0,1.46,0.73
BM-sheet_1-12912,beam,0.1184,0.0,0.74,0.37
BM-sheet_1-12913,beam,0.1152,0.0,0.72,0.36
BM-sheet_1-12914,beam,0.3808,0.0,2.38,1.19
BM-sheet_1-12915,beam,0.3936,0.0,2.46,1.23
BM-sheet_1-12916,beam,0.168,0.0,1.05,0.525
BM-sheet_1-12917,beam,2.8864,0.0,18.04,9.02
BM-sheet_1-12918,beam,1.1744,0.0,7.34,3.67
BM-sheet_1-12919,beam,0.5488,0.0,3.43,1.715
BM-sheet_1-12920,beam,0.112,0.0,0.7,0.35
BM-sheet_1-12921,beam,0.128,0.0,0.8,0.4
BM-sheet_1-12922,beam,0.5536,0.0,3.46,1.73
BM-sheet_1-12923,beam,0.4688,0.0,2.93,1.465
BM-sheet_1-12924,beam,0.7936,0.0,4.96,2.48
BM-sheet_1-12925,beam,0.7936,0.0,4.96,2.48
BM-sheet_1-12926,beam,0.672,0.0,4.2,2.1
BM-sheet_1-12927,beam,0.672,0.0,4.2,2.1
BM-sheet_1-12928,beam,0.3292,0.0,2.058,1.029
BM-sheet_1-12929,beam,0.512,0.0,3.2,1.6
BM-sheet_1-12930,beam,0.512,0.0,3.2,1.6
BM-sheet_1-12931,beam,0.184,0.0,1.15,0.575
BM-sheet_1-12932,beam,0.184,0.0,1.15,0.575
BM-sheet_1-12933,beam,2.016,0.0,12.6,6.3
BM-sheet_1-12934,beam,2.016,0.0,12.6,6.3
BM-sheet_1-12935,beam,0.4688,0.0,2.93,1.465
BM-sheet_1-12936,beam,0.3744,0.0,2.34,1.17
BM-sheet_1-12937,beam,0.272,0.0,1.7,0.85
BM-sheet_1-12938,beam,0.096,0.0,0.6,0.3
BM-sheet_1-12939,beam,0.1008,0.0,0.63,0.315
BM-sheet_1-12940,beam,0.1824,0.0,1.14,0.57
BM-sheet_1-12941,beam,0.5488,0.0,3.43,1.715
BM-sheet_1-12942,beam,0.4736,0.0,2.96,1.48
BM-sheet_1-12943,beam,0.5536,0.0,3.46,1.73
BM-sheet_1-12944,beam,0.672,0.0,4.2,2.1
BM-sheet_1-12945,beam,0.4384,0.0,2.74,1.37
BM-sheet_1-12946,beam,2.8224,0.0,17.64,8.82
BM-sheet_1-12947,beam,0.7936,0.0,4.96,2.48
BM-sheet_1-12948,beam,0.7936,0.0,4.96,2.48
BM-sheet_1-12949,beam,0.672,0.0,4.2,2.1
BM-sheet_1-12950,beam,0.672,0.0,4.2,2.1
BM-sheet_1-12951,beam,0.272,0.0,1.7,0.85
BM-sheet_1-12952,beam,0.25,0.0,1.562,0.781
BM-sheet_1-12953,beam,0.5488,0.0,3.43,1.715
BM-sheet_1-12954,beam,0.1008,0.0,0.63,0.315
BM-sheet_1-12955,beam,0.5216,0.0,3.26,1.63
BM-sheet_1-12956,beam,0.4416,0.0,2.76,1.38
BM-sheet_1-12957,beam,0.512,0.0,3.2,1.6
BM-sheet_1-12958,beam,0.184,0.0,1.15,0.575
BM-sheet_1-12959,beam,0.096,0.0,0.6,0.3
BM-sheet_1-12960,beam,0.4688,0.0,2.93,1.465
BM-sheet_1-12961,beam,2.016,0.0,12.6,6.3
BM-sheet_1-12962,beam,2.016,0.0,12.6,6.3
BM-sheet_1-12963,beam,0.184,0.0,1.15,0.575
BM-sheet_1-12964,beam,0.4688,0.0,2.93,1.465
BM-sheet_1-12965,beam,0.1024,0.0,0.64,0.32
BM-sheet_1-12966,beam,0.208,0.0,1.3,0.65
BM-sheet_1-12967,beam,0.112,0.0,0.7,0.35
BM-sheet_1-12968,beam,0.6448,0.0,4.03,2.015
BM-sheet_1-12969,beam,0.512,0.0,3.2,1.6
BM-sheet_1-12970,beam,0.512,0.0,3.2,1.6
BM-sheet_1-12971,beam,0.3744,0.0,2.34,1.17
BM-sheet_1-12972,beam,0.218,0.0,1.362,0.681
BM-sheet_1-12973,beam,0.2432,0.0,1.52,0.76
BM-sheet_1-12974,beam,0.4864,0.0,3.04,1.52
BM-sheet_1-12975,beam,0.5184,0.0,3.24,1.62
BM-sheet_1-12976,beam,0.5184,0.0,3.24,1.62
BM-sheet_1-12977,beam,0.672,0.0,4.2,2.1
BM-sheet_1-12978,beam,0.672,0.0,4.2,2.1
BM-sheet_1-12979,beam,0.7936,0.0,4.96,2.48
BM-sheet_1-12980,beam,0.7936,0.0,4.96,2.48
BM-sheet_1-12981,beam,2.8704,0.0,17.94,8.97
BM-sheet_1-12982,beam,2.5584,0.0,15.99,7.995
BM-sheet_1-12983,beam,0.4544,0.0,2.84,1.42
BM-sheet_1-12984,beam,0.2432,0.0,1.52,0.76
BM-sheet_1-12985,beam,1.0176,0.0,6.36,3.18
BM-sheet_1-12986,beam,1.8048,0.0,11.28,5.64
BM-sheet_1-12987,beam,0.7936,0.0,4.96,2.48
BM-sheet_1-12988,beam,0.7936,0.0,4.96,2.48
BM-sheet_1-12989,beam,0.672,0.0,4.2,2.1
BM-sheet_1-12990,beam,0.672,0.0,4.2,2.1
BM-sheet_1-12991,beam,0.272,0.0,1.7,0.85
BM-sheet_1-12992,beam,0.3744,0.0,2.34,1.17
BM-sheet_1-12993,beam,0.184,0.0,1.15,0.575
BM-sheet_1-12994,beam,0.512,0.0,3.2,1.6
BM-sheet_1-12995,beam,0.512,0.0,3.2,1.6
BM-sheet_1-12996,beam,0.5184,0.0,3.24,1.62
BM-sheet_1-12997,beam,0.5184,0.0,3.24,1.62
BM-sheet_1-12998,beam,0.6448,0.0,4.03,2.015
BM-sheet_1-12999,beam,0.1984,0.0,1.24,0.62
BM-sheet_1-13000,beam,0.3104,0.0,1.94,0.97
BM-sheet_1-13001,beam,0.112,0.0,0.7,0.35
BM-sheet_1-13002,beam,0.208,0.0,1.3,0.65
BM-sheet_1-13003,beam,0.1024,0.0,0.64,0.32
BM-sheet_1-13004,beam,0.4688,0.0,2.93,1.465
BM-sheet_1-13005,beam,2.016,0.0,12.6,6.3
BM-sheet_1-13006,beam,2.016,0.0,12.6,6.3
BM-sheet_1-13007,beam,0.184,0.0,1.15,0.575
BM-sheet_1-13008,beam,0.3744,0.0,2.34,1.17
BM-sheet_1-13009,beam,0.272,0.0,1.7,0.85
BM-sheet_1-13010,beam,0.4688,0.0,2.93,1.465
BM-sheet_1-13011,beam,0.1008,0.0,0.63,0.315
BM-sheet_1-13012,beam,0.096,0.0,0.6,0.3
BM-sheet_1-13013,beam,0.512,0.0,3.2,1.6
BM-sheet_1-13014,beam,0.4416,0.0,2.76,1.38
BM-sheet_1-13015,beam,0.5216,0.0,3.26,1.63
BM-sheet_1-13016,beam,0.5488,0.0,3.43,1.715
BM-sheet_1-13017,beam,2.8704,0.0,17.94,8.97
BM-sheet_1-13018,beam,2.5584,0.0,15.99,7.995
BM-sheet_1-13019,beam,0.2432,0.0,1.52,0.76
BM-sheet_1-13020,beam,0.4864,0.0,3.04,1.52
BM-sheet_1-13021,beam,0.7936,0.0,4.96,2.48
BM-sheet_1-13022,beam,0.7936,0.0,4.96,2.48
BM-sheet_1-13023,beam,0.672,0.0,4.2,2.1
BM-sheet_1-13024,beam,0.672,0.0,4.2,2.1
BM-sheet_1-13025,beam,0.2656,0.0,1.66,0.83
BM-sheet_1-13026,beam,0.368,0.0,2.3,1.15
BM-sheet_1-13027,beam,1.7053,0.0,10.658,5.329
BM-sheet_1-13028,beam,1.6481,0.0,10.301,5.15
BM-sheet_1-13029,beam,2.2116,0.0,13.822,6.911
BM-sheet_1-13030,beam,2.155,0.0,13.469,6.734
BM-sheet_1-13031,beam,0.9705,0.0,6.066,3.033
BM-sheet_1-13032,beam,1.4286,0.0,8.929,4.464
BM-sheet_1-13033,beam,1.3724,0.0,8.578,4.289
BM-sheet_1-13034,beam,0.1716,0.0,1.072,0.536
BM-sheet_1-13035,beam,1.2313,0.0,7.696,3.848
BM-sheet_1-13036,beam,1.1972,0.0,7.482,3.741
BM-sheet_1-13037,beam,2.2751,0.0,14.219,7.11
BM-sheet_1-13038,beam,2.2129,0.0,13.831,6.915
BM-sheet_1-13039,beam,1.6824,0.0,10.515,5.258
BM-sheet_1-13040,beam,1.6153,0.0,10.096,5.048
BM-sheet_1-13041,beam,0.8,0.0,5.0,2.5
BM-sheet_1-13042,beam,0.8,0.0,5.0,2.5
BM-sheet_1-13043,beam,0.368,0.0,2.3,1.15
BM-sheet_1-13044,beam,0.4032,0.0,2.52,1.26
BM-sheet_1-13045,beam,0.3984,0.0,2.49,1.245
BM-sheet_1-13046,beam,0.8096,0.0,5.06,2.53
BM-sheet_1-13047,beam,1.7264,0.0,10.79,5.395
BM-sheet_1-13048,beam,0.8256,0.0,5.16,2.58
BM-sheet_1-13049,beam,0.8,0.0,5.0,2.5
BM-sheet_1-13050,beam,0.7776,0.0,4.86,2.43
BM-sheet_1-13051,beam,0.3104,0.0,1.94,0.97
BM-sheet_1-13052,beam,0.8096,0.0,5.06,2.53
BM-sheet_1-13053,beam,0.1776,0.0,1.11,0.555
BM-sheet_1-13054,beam,0.1184,0.0,0.74,0.37
BM-sheet_1-13055,beam,0.7776,0.0,4.86,2.43
BM-sheet_1-13056,beam,0.8,0.0,5.0,2.5
BM-sheet_1-13057,beam,0.7776,0.0,4.86,2.43
BM-sheet_1-13058,beam,0.8,0.0,5.0,2.5
BM-sheet_1-13059,beam,0.5344,0.0,3.34,1.67
BM-sheet_1-13060,beam,0.5344,0.0,3.34,1.67
BM-sheet_1-13061,beam,0.8,0.0,5.0,2.5
BM-sheet_1-13062,beam,0.7616,0.0,4.76,2.38
BM-sheet_1-13063,beam,0.7776,0.0,4.86,2.43
BM-sheet_1-13064,beam,0.8,0.0,5.0,2.5
BM-sheet_1-13065,beam,0.2432,0.0,1.52,0.76
BM-sheet_1-13066,beam,0.8,0.0,5.0,2.5
BM-sheet_1-13067,beam,0.7776,0.0,4.86,2.43
BM-sheet_1-13068,beam,0.4032,0.0,2.52,1.26
BM-sheet_1-13069,beam,0.784,0.0,4.9,2.45
BM-sheet_1-13070,beam,0.4928,0.0,3.08,1.54
BM-sheet_1-13071,beam,0.1568,0.0,0.98,0.49
BM-sheet_1-13072,beam,0.1248,0.0,0.78,0.39
BM-sheet_1-13073,beam,0.2752,0.0,1.72,0.86
BM-sheet_1-13074,beam,0.7776,0.0,4.86,2.43
BM-sheet_1-13075,beam,0.8,0.0,5.0,2.5
BM-sheet_1-13076,beam,0.8,0.0,5.0,2.5
BM-sheet_1-13077,beam,0.7776,0.0,4.86,2.43
BM-sheet_1-13078,beam,0.7776,0.0,4.86,2.43
BM-sheet_1-13079,beam,0.8,0.0,5.0,2.5
BM-sheet_1-13080,beam,0.7776,0.0,4.86,2.43
BM-sheet_1-13081,beam,0.8,0.0,5.0,2.5
BM-sheet_1-13082,beam,0.8,0.0,5.0,2.5
BM-sheet_1-13083,beam,0.8,0.0,5.0,2.5
BM-sheet_1-13084,beam,1.2736,0.0,7.96,3.98
BM-sheet_1-13085,beam,1.2736,0.0,7.96,3.98
BM-sheet_1-13086,beam,0.128,0.0,0.8,0.4
BM-sheet_1-13087,beam,0.1024,0.0,0.64,0.32
BM-sheet_1-13088,beam,0.4736,0.0,2.96,1.48
BM-sheet_1-13089,beam,0.4736,0.0,2.96,1.48
BM-sheet_1-13090,beam,1.6192,0.0,10.12,5.06
BM-sheet_1-13091,beam,0.832,0.0,5.2,2.6
BM-sheet_1-13092,beam,1.5552,0.0,9.72,4.86
BM-sheet_1-13093,beam,1.6192,0.0,10.12,5.06
BM-sheet_1-13094,beam,1.0784,0.0,6.74,3.37
BM-sheet_1-13095,beam,0.232,0.0,1.45,0.725
BM-sheet_1-13096,beam,0.312,0.0,1.95,0.975
BM-sheet_1-13097,beam,0.232,0.0,1.45,0.725
BM-sheet_1-13098,beam,0.8,0.0,5.0,2.5
BM-sheet_1-13099,beam,0.736,0.0,4.6,2.3
BM-sheet_1-13100,beam,0.2304,0.0,1.44,0.72
BM-sheet_1-13101,beam,1.3904,0.0,8.69,4.345
BM-sheet_1-13102,beam,0.9632,0.0,6.02,3.01
BM-sheet_1-13103,beam,0.6528,0.0,4.08,2.04
BM-sheet_1-13104,beam,1.08,0.0,6.75,3.375
BM-sheet_1-13105,beam,0.832,0.0,5.2,2.6
BM-sheet_1-13106,beam,0.864,0.0,5.4,2.7
BM-sheet_1-13107,beam,0.736,0.0,4.6,2.3
BM-sheet_1-13108,beam,0.232,0.0,1.45,0.725
BM-sheet_1-13109,beam,1.08,0.0,6.75,3.375
BM-sheet_1-13110,beam,0.296,0.0,1.85,0.925
BM-sheet_1-13111,beam,0.096,0.0,0.6,0.3
BM-sheet_1-13112,beam,20.5094,0.0,128.184,64.092
BM-sheet_1-13113,beam,2.784,0.0,17.4,8.7
BM-sheet_1-13114,beam,2.5916,0.0,16.198,8.099
BM-sheet_1-13115,beam,1.6156,0.0,10.098,5.049
BM-sheet_1-13116,beam,1.1744,0.0,7.34,3.67
BM-sheet_1-13117,beam,0.832,0.0,5.2,2.6
BM-sheet_1-13118,beam,0.784,0.0,4.9,2.45
BM-sheet_1-13119,beam,0.736,0.0,4.6,2.3
BM-sheet_1-13120,beam,0.784,0.0,4.9,2.45
BM-sheet_1-13121,beam,0.736,0.0,4.6,2.3
BM-sheet_1-13122,beam,0.832,0.0,5.2,2.6
BM-sheet_1-13123,beam,0.832,0.0,5.2,2.6
BM-sheet_1-13124,beam,0.832,0.0,5.2,2.6
BM-sheet_1-13125,beam,0.832,0.0,5.2,2.6
BM-sheet_1-13126,beam,1.552,0.0,9.7,4.85
BM-sheet_1-13127,beam,0.224,0.0,1.4,0.7
BM-sheet_1-13128,beam,0.1216,0.0,0.76,0.38
BM-sheet_1-13129,beam,2.9312,0.0,18.32,9.16
BM-sheet_1-13130,beam,0.352,0.0,2.2,1.1
BM-sheet_1-13131,beam,2.9664,0.0,18.54,9.27
BM-sheet_1-13132,beam,0.1216,0.0,0.76,0.38
BM-sheet_1-13133,beam,0.256,0.0,1.6,0.8
BM-sheet_1-13134,beam,0.288,0.0,1.8,0.9
BM-sheet_1-13135,beam,3.2064,0.0,20.04,10.02
BM-sheet_1-13136,beam,2.2912,0.0,14.32,7.16
BM-sheet_1-13137,beam,0.224,0.0,1.4,0.7
BM-sheet_1-13138,beam,0.896,0.0,5.6,2.8
BM-sheet_1-13139,beam,0.224,0.0,1.4,0.7
BM-sheet_1-13140,beam,0.464,0.0,2.9,1.45
BM-sheet_1-13141,beam,0.1216,0.0,0.76,0.38
BM-sheet_1-13142,beam,0.352,0.0,2.2,1.1
BM-sheet_1-13143,beam,2.5664,0.0,16.04,8.02
BM-sheet_1-13144,beam,1.568,0.0,9.8,4.9
BM-sheet_1-13145,beam,0.4256,0.0,2.66,1.33
BM-sheet_1-13146,beam,0.5424,0.0,3.39,1.695
BM-sheet_1-13147,beam,1.0752,0.0,6.72,3.36
BM-sheet_1-13148,beam,0.4,0.0,2.5,1.25
BM-sheet_1-13149,beam,0.1024,0.0,0.64,0.32
BM-sheet_1-13150,beam,0.4736,0.0,2.96,1.48
BM-sheet_1-13151,beam,0.4736,0.0,2.96,1.48
BM-sheet_1-13152,beam,1.6192,0.0,10.12,5.06
BM-sheet_1-13153,beam,0.832,0.0,5.2,2.6
BM-sheet_1-13154,beam,1.2672,0.0,7.92,3.96
BM-sheet_1-13155,beam,0.232,0.0,1.45,0.725
BM-sheet_1-13156,beam,0.232,0.0,1.45,0.725
BM-sheet_1-13157,beam,0.312,0.0,1.95,0.975
BM-sheet_1-13158,beam,0.232,0.0,1.45,0.725
BM-sheet_1-13159,beam,0.736,0.0,4.6,2.3
BM-sheet_1-13160,beam,0.576,0.0,3.6,1.8
BM-sheet_1-13161,beam,0.8,0.0,5.0,2.5
BM-sheet_1-13162,beam,0.736,0.0,4.6,2.3
BM-sheet_1-13163,beam,0.1664,0.0,1.04,0.52
BM-sheet_1-13164,beam,1.5552,0.0,9.72,4.86
BM-sheet_1-13165,beam,0.784,0.0,4.9,2.45
BM-sheet_1-13166,beam,0.256,0.0,1.6,0.8
BM-sheet_1-13167,beam,0.1344,0.0,0.84,0.42
BM-sheet_1-13168,beam,0.4736,0.0,2.96,1.48
BM-sheet_1-13169,beam,0.4736,0.0,2.96,1.48
BM-sheet_1-13170,beam,1.6192,0.0,10.12,5.06
BM-sheet_1-13171,beam,0.832,0.0,5.2,2.6
BM-sheet_1-13172,beam,1.5552,0.0,9.72,4.86
BM-sheet_1-13173,beam,1.2672,0.0,7.92,3.96
BM-sheet_1-13174,beam,0.288,0.0,1.8,0.9
BM-sheet_1-13175,beam,3.1552,0.0,19.72,9.86
BM-sheet_1-13176,beam,0.232,0.0,1.45,0.725
BM-sheet_1-13177,beam,0.232,0.0,1.45,0.725
BM-sheet_1-13178,beam,0.312,0.0,1.95,0.975
BM-sheet_1-13179,beam,0.232,0.0,1.45,0.725
BM-sheet_1-13180,beam,0.736,0.0,4.6,2.3
BM-sheet_1-13181,beam,0.576,0.0,3.6,1.8
BM-sheet_1-13182,beam,0.8,0.0,5.0,2.5
BM-sheet_1-13183,beam,0.736,0.0,4.6,2.3
BM-sheet_1-13184,beam,0.1664,0.0,1.04,0.52
BM-sheet_1-13185,beam,0.784,0.0,4.9,2.45
BM-sheet_1-13186,beam,0.1344,0.0,0.84,0.42
BM-sheet_1-13187,beam,1.8788,0.0,11.742,5.871
BM-sheet_1-13188,beam,3.1748,0.0,19.842,9.921
BM-sheet_1-13189,beam,1.68,0.0,10.5,5.25
BM-sheet_1-13190,beam,0.4,0.0,2.5,1.25
BM-sheet_1-13191,beam,0.1008,0.0,0.63,0.315
BM-sheet_1-13192,beam,0.2336,0.0,1.46,0.73
BM-sheet_1-13193,beam,0.1984,0.0,1.24,0.62
BM-sheet_1-13194,beam,0.3936,0.0,2.46,1.23
BM-sheet_1-13195,beam,0.2048,0.0,1.28,0.64
BM-sheet_1-13196,beam,0.7328,0.0,4.58,2.29
BM-sheet_1-13197,beam,1.2064,0.0,7.54,3.77
BM-sheet_1-13198,beam,0.1584,0.0,0.99,0.495
BM-sheet_1-13199,beam,0.1152,0.0,0.72,0.36
BM-sheet_1-13200,beam,0.4608,0.0,2.88,1.44
BM-sheet_1-13201,beam,0.3664,0.0,2.29,1.145
BM-sheet_1-13202,beam,0.3712,0.0,2.32,1.16
BM-sheet_1-13203,beam,2.0384,0.0,12.74,6.37
BM-sheet_1-13204,beam,0.3392,0.0,2.12,1.06
BM-sheet_1-13205,beam,0.4672,0.0,2.92,1.46
BM-sheet_1-13206,beam,0.4736,0.0,2.96,1.48
BM-sheet_1-13207,beam,0.576,0.0,3.6,1.8
BM-sheet_1-13208,beam,0.736,0.0,4.6,2.3
BM-sheet_1-13209,beam,1.5872,0.0,9.92,4.96
BM-sheet_1-13210,beam,0.832,0.0,5.2,2.6
BM-sheet_1-13211,beam,1.5232,0.0,9.52,4.76
BM-sheet_1-13212,beam,0.3664,0.0,2.29,1.145
BM-sheet_1-13213,beam,0.784,0.0,4.9,2.45
BM-sheet_1-13214,beam,0.232,0.0,1.45,0.725
BM-sheet_1-13215,beam,0.232,0.0,1.45,0.725
BM-sheet_1-13216,beam,0.232,0.0,1.45,0.725
BM-sheet_1-13217,beam,0.312,0.0,1.95,0.975
BM-sheet_1-13218,beam,0.736,0.0,4.6,2.3
BM-sheet_1-13219,beam,0.7344,0.0,4.59,2.295
BM-sheet_1-13220,beam,0.6528,0.0,4.08,2.04
BM-sheet_1-13221,beam,0.7536,0.0,4.71,2.355
BM-sheet_1-13222,beam,0.7536,0.0,4.71,2.355
BM-sheet_1-13223,beam,2.7824,0.0,17.39,8.695
BM-sheet_1-13224,beam,1.5552,0.0,9.72,4.86
BM-sheet_1-13225,beam,1.2064,0.0,7.54,3.77
BM-sheet_1-13226,beam,0.1984,0.0,1.24,0.62
BM-sheet_1-13227,beam,1.6192,0.0,10.12,5.06
BM-sheet_1-13228,beam,1.2288,0.0,7.68,3.84
BM-sheet_1-13229,beam,0.4736,0.0,2.96,1.48
BM-sheet_1-13230,beam,0.312,0.0,1.95,0.975
BM-sheet_1-13231,beam,0.232,0.0,1.45,0.725
BM-sheet_1-13232,beam,0.2464,0.0,1.54,0.77
BM-sheet_1-13233,beam,1.2064,0.0,7.54,3.77
BM-sheet_1-13234,beam,0.8,0.0,5.0,2.5
BM-sheet_1-13235,beam,0.736,0.0,4.6,2.3
BM-sheet_1-13236,beam,0.576,0.0,3.6,1.8
BM-sheet_1-13237,beam,0.736,0.0,4.6,2.3
BM-sheet_1-13238,beam,0.784,0.0,4.9,2.45
BM-sheet_1-13239,beam,0.832,0.0,5.2,2.6
BM-sheet_1-13240,beam,0.232,0.0,1.45,0.725
BM-sheet_1-13241,beam,0.232,0.0,1.45,0.725
BM-sheet_1-13242,beam,0.4736,0.0,2.96,1.48
BM-sheet_1-13243,beam,3.2832,0.0,20.52,10.26
BM-sheet_1-13244,beam,0.3264,0.0,2.04,1.02
BM-sheet_1-13245,beam,0.8432,0.0,5.27,2.635
BM-sheet_1-13246,beam,1.1776,0.0,7.36,3.68
BM-sheet_1-13247,beam,0.144,0.0,0.9,0.45
BM-sheet_1-13248,beam,0.448,0.0,2.8,1.4
BM-sheet_1-13249,beam,0.3292,0.0,2.058,1.029
BM-sheet_1-13250,beam,0.4736,0.0,2.96,1.48
BM-sheet_1-13251,beam,0.208,0.0,1.3,0.65
BM-sheet_1-13252,beam,2.576,0.0,16.1,8.05
BM-sheet_1-13253,beam,0.2624,0.0,1.64,0.82
BM-sheet_1-13254,beam,0.7088,0.0,4.43,2.215
BM-sheet_1-13255,beam,0.1008,0.0,0.63,0.315
BM-sheet_1-13256,beam,0.3744,0.0,2.34,1.17
BM-sheet_1-13257,beam,0.272,0.0,1.7,0.85
BM-sheet_1-13258,beam,0.672,0.0,4.2,2.1
BM-sheet_1-13259,beam,0.176,0.0,1.1,0.55
BM-sheet_1-13260,beam,0.9232,0.0,5.77,2.885
BM-sheet_1-13261,beam,1.1776,0.0,7.36,3.68
BM-sheet_1-13262,beam,0.1008,0.0,0.63,0.315
BM-sheet_1-13263,beam,0.448,0.0,2.8,1.4
BM-sheet_1-13264,beam,0.3744,0.0,2.34,1.17
BM-sheet_1-13265,beam,0.272,0.0,1.7,0.85
BM-sheet_1-13266,beam,0.2432,0.0,1.52,0.76
BM-sheet_1-13267,beam,0.2432,0.0,1.52,0.76
BM-sheet_1-13268,beam,0.4384,0.0,2.74,1.37
BM-sheet_1-13269,beam,0.512,0.0,3.2,1.6
BM-sheet_1-13270,beam,0.176,0.0,1.1,0.55
BM-sheet_1-13271,beam,0.3264,0.0,2.04,1.02
BM-sheet_1-13272,beam,2.528,0.0,15.8,7.9
BM-sheet_1-13273,beam,2.4,0.0,15.0,7.5
BM-sheet_1-13274,beam,0.3904,0.0,2.44,1.22
BM-sheet_1-13275,beam,0.6448,0.0,4.03,2.015
BM-sheet_1-13276,beam,0.1024,0.0,0.64,0.32
BM-sheet_1-13277,beam,0.3744,0.0,2.34,1.17
BM-sheet_1-13278,beam,0.218,0.0,1.362,0.681
BM-sheet_1-13279,beam,0.2432,0.0,1.52,0.76
BM-sheet_1-13280,beam,0.5664,0.0,3.54,1.77
BM-sheet_1-13281,beam,0.128,0.0,0.8,0.4
BM-sheet_1-13282,beam,0.3104,0.0,1.94,0.97
BM-sheet_1-13283,beam,0.8592,0.0,5.37,2.685
BM-sheet_1-13284,beam,1.1776,0.0,7.36,3.68
BM-sheet_1-13285,beam,0.1024,0.0,0.64,0.32
BM-sheet_1-13286,beam,0.448,0.0,2.8,1.4
BM-sheet_1-13287,beam,0.3744,0.0,2.34,1.17
BM-sheet_1-13288,beam,0.272,0.0,1.7,0.85
BM-sheet_1-13289,beam,0.2432,0.0,1.52,0.76
BM-sheet_1-13290,beam,0.4544,0.0,2.84,1.42
BM-sheet_1-13291,beam,0.128,0.0,0.8,0.4
BM-sheet_1-13292,beam,2.48,0.0,15.5,7.75
BM-sheet_1-13293,beam,1.8864,0.0,11.79,5.895
BM-sheet_1-13294,beam,0.4,0.0,2.5,1.25
BM-sheet_1-13295,beam,1.9184,0.0,11.99,5.995
BM-sheet_1-13296,beam,0.64,0.0,4.0,2.0
BM-sheet_1-13297,beam,0.64,0.0,4.0,2.0
BM-sheet_1-13298,beam,1.5552,0.0,9.72,4.86
BM-sheet_1-13299,beam,0.2144,0.0,1.34,0.67
BM-sheet_1-13300,beam,1.6192,0.0,10.12,5.06
BM-sheet_1-13301,beam,0.3264,0.0,2.04,1.02
BM-sheet_1-13302,beam,1.2288,0.0,7.68,3.84
BM-sheet_1-13303,beam,0.4736,0.0,2.96,1.48
BM-sheet_1-13304,beam,0.312,0.0,1.95,0.975
BM-sheet_1-13305,beam,0.232,0.0,1.45,0.725
BM-sheet_1-13306,beam,0.1824,0.0,1.14,0.57
BM-sheet_1-13307,beam,1.1744,0.0,7.34,3.67
BM-sheet_1-13308,beam,0.8,0.0,5.0,2.5
BM-sheet_1-13309,beam,0.736,0.0,4.6,2.3
BM-sheet_1-13310,beam,0.736,0.0,4.6,2.3
BM-sheet_1-13311,beam,0.784,0.0,4.9,2.45
BM-sheet_1-13312,beam,0.832,0.0,5.2,2.6
BM-sheet_1-13313,beam,0.232,0.0,1.45,0.725
BM-sheet_1-13314,beam,0.232,0.0,1.45,0.725
BM-sheet_1-13315,beam,0.4736,0.0,2.96,1.48
BM-sheet_1-13316,beam,0.576,0.0,3.6,1.8
BM-sheet_1-13317,beam,3.2512,0.0,20.32,10.16
BM-sheet_1-13318,beam,0.2144,0.0,1.34,0.67
BM-sheet_1-13319,beam,3.2512,0.0,20.32,10.16
BM-sheet_1-13320,beam,1.1744,0.0,7.34,3.67
BM-sheet_1-13321,beam,0.2144,0.0,1.34,0.67
BM-sheet_1-13322,beam,1.6192,0.0,10.12,5.06
BM-sheet_1-13323,beam,0.3264,0.0,2.04,1.02
BM-sheet_1-13324,beam,1.2288,0.0,7.68,3.84
BM-sheet_1-13325,beam,0.4736,0.0,2.96,1.48
BM-sheet_1-13326,beam,0.312,0.0,1.95,0.975
BM-sheet_1-13327,beam,0.232,0.0,1.45,0.725
BM-sheet_1-13328,beam,0.2464,0.0,1.54,0.77
BM-sheet_1-13329,beam,1.1744,0.0,7.34,3.67
BM-sheet_1-13330,beam,0.8,0.0,5.0,2.5
BM-sheet_1-13331,beam,0.736,0.0,4.6,2.3
BM-sheet_1-13332,beam,0.736,0.0,4.6,2.3
BM-sheet_1-13333,beam,0.784,0.0,4.9,2.45
BM-sheet_1-13334,beam,0.832,0.0,5.2,2.6
BM-sheet_1-13335,beam,0.232,0.0,1.45,0.725
BM-sheet_1-13336,beam,0.232,0.0,1.45,0.725
BM-sheet_1-13337,beam,0.4736,0.0,2.96,1.48
BM-sheet_1-13338,beam,0.576,0.0,3.6,1.8
BM-sheet_1-13339,beam,1.5552,0.0,9.72,4.86
BM-sheet_1-13340,beam,0.2144,0.0,1.34,0.67
BM-sheet_1-13341,beam,1.9171,0.0,11.982,5.991
BM-sheet_1-13342,beam,0.3904,0.0,2.44,1.22
BM-sheet_1-13343,beam,0.7088,0.0,4.43,2.215
BM-sheet_1-13344,beam,0.1008,0.0,0.63,0.315
BM-sheet_1-13345,beam,0.5664,0.0,3.54,1.77
BM-sheet_1-13346,beam,0.3744,0.0,2.34,1.17
BM-sheet_1-13347,beam,0.272,0.0,1.7,0.85
BM-sheet_1-13348,beam,0.2432,0.0,1.52,0.76
BM-sheet_1-13349,beam,0.512,0.0,3.2,1.6
BM-sheet_1-13350,beam,0.176,0.0,1.1,0.55
BM-sheet_1-13351,beam,2.7824,0.0,17.39,8.695
BM-sheet_1-13352,beam,0.4256,0.0,2.66,1.33
BM-sheet_1-13353,beam,0.7088,0.0,4.43,2.215
BM-sheet_1-13354,beam,0.1008,0.0,0.63,0.315
BM-sheet_1-13355,beam,0.32,0.0,2.0,1.0
BM-sheet_1-13356,beam,0.384,0.0,2.4,1.2
BM-sheet_1-13357,beam,0.4256,0.0,2.66,1.33
BM-sheet_1-13358,beam,0.7088,0.0,4.43,2.215
BM-sheet_1-13359,beam,0.5568,0.0,3.48,1.74
BM-sheet_1-13360,beam,1.456,0.0,9.1,4.55
BM-sheet_1-13361,beam,0.1008,0.0,0.63,0.315
BM-sheet_1-13362,beam,0.1216,0.0,0.76,0.38
BM-sheet_1-13363,beam,0.1216,0.0,0.76,0.38
BM-sheet_1-13364,beam,0.672,0.0,4.2,2.1
BM-sheet_1-13365,beam,0.176,0.0,1.1,0.55
BM-sheet_1-13366,beam,0.1776,0.0,1.11,0.555
BM-sheet_1-13367,beam,0.4992,0.0,3.12,1.56
BM-sheet_1-13368,beam,0.208,0.0,1.3,0.65
BM-sheet_1-13369,beam,0.432,0.0,2.7,1.35
BM-sheet_1-13370,beam,0.4,0.0,2.5,1.25
BM-sheet_1-13371,beam,0.1008,0.0,0.63,0.315
BM-sheet_1-13372,beam,0.1056,0.0,0.66,0.33
BM-sheet_1-13373,beam,0.8096,0.0,5.06,2.53
BM-sheet_1-13374,beam,0.6528,0.0,4.08,2.04
BM-sheet_1-13375,beam,0.4256,0.0,2.66,1.33
BM-sheet_1-13376,beam,0.7088,0.0,4.43,2.215
BM-sheet_1-13377,beam,0.5408,0.0,3.38,1.69
BM-sheet_1-13378,beam,0.1008,0.0,0.63,0.315
BM-sheet_1-13379,beam,1.1023,0.0,6.889,3.445
BM-sheet_1-13380,beam,0.3744,0.0,2.34,1.17
BM-sheet_1-13381,beam,2.0304,0.0,12.69,6.345
BM-sheet_1-13382,beam,0.176,0.0,1.1,0.55
BM-sheet_1-13383,beam,0.4,0.0,2.5,1.25
BM-sheet_1-13384,beam,0.1008,0.0,0.63,0.315
BM-sheet_1-13385,beam,0.1056,0.0,0.66,0.33
BM-sheet_1-13386,beam,0.832,0.0,5.2,2.6
BM-sheet_1-13387,beam,0.7328,0.0,4.58,2.29
BM-sheet_1-13388,beam,0.1584,0.0,0.99,0.495
BM-sheet_1-13389,beam,0.4736,0.0,2.96,1.48
BM-sheet_1-13390,beam,0.736,0.0,4.6,2.3
BM-sheet_1-13391,beam,1.5872,0.0,9.92,4.96
BM-sheet_1-13392,beam,0.7776,0.0,4.86,2.43
BM-sheet_1-13393,beam,1.5232,0.0,9.52,4.76
BM-sheet_1-13394,beam,0.576,0.0,3.6,1.8
BM-sheet_1-13395,beam,0.3664,0.0,2.29,1.145
BM-sheet_1-13396,beam,0.784,0.0,4.9,2.45
BM-sheet_1-13397,beam,0.232,0.0,1.45,0.725
BM-sheet_1-13398,beam,0.232,0.0,1.45,0.725
BM-sheet_1-13399,beam,0.232,0.0,1.45,0.725
BM-sheet_1-13400,beam,0.312,0.0,1.95,0.975
BM-sheet_1-13401,beam,0.736,0.0,4.6,2.3
BM-sheet_1-13402,beam,0.8,0.0,5.0,2.5
BM-sheet_1-13403,beam,0.7344,0.0,4.59,2.295
BM-sheet_1-13404,beam,2.0144,0.0,12.59,6.295
BM-sheet_1-13405,beam,0.416,0.0,2.6,1.3
BM-sheet_1-13406,beam,0.9376,0.0,5.86,2.93
BM-sheet_1-13407,beam,0.7408,0.0,4.63,2.315
BM-sheet_1-13408,beam,0.813,0.0,5.081,2.54
BM-sheet_1-13409,beam,0.4736,0.0,2.96,1.48
BM-sheet_1-13410,beam,0.736,0.0,4.6,2.3
BM-sheet_1-13411,beam,0.832,0.0,5.2,2.6
BM-sheet_1-13412,beam,0.576,0.0,3.6,1.8
BM-sheet_1-13413,beam,0.3664,0.0,2.29,1.145
BM-sheet_1-13414,beam,0.784,0.0,4.9,2.45
BM-sheet_1-13415,beam,0.232,0.0,1.45,0.725
BM-sheet_1-13416,beam,0.232,0.0,1.45,0.725
BM-sheet_1-13417,beam,0.232,0.0,1.45,0.725
BM-sheet_1-13418,beam,0.312,0.0,1.95,0.975
BM-sheet_1-13419,beam,0.736,0.0,4.6,2.3
BM-sheet_1-13420,beam,2.7664,0.0,17.29,8.645
BM-sheet_1-13421,beam,1.5232,0.0,9.52,4.76
BM-sheet_1-13422,beam,1.5872,0.0,9.92,4.96
BM-sheet_1-13423,beam,0.3664,0.0,2.29,1.145
BM-sheet_1-13424,beam,0.784,0.0,4.9,2.45
BM-sheet_1-13425,beam,0.512,0.0,3.2,1.6
BM-sheet_1-13426,beam,0.6144,0.0,3.84,1.92
BM-sheet_1-13427,beam,0.224,0.0,1.4,0.7
BM-sheet_1-13428,beam,0.6912,0.0,4.32,2.16
BM-sheet_1-13429,beam,0.288,0.0,1.8,0.9
BM-sheet_1-13430,beam,0.8,0.0,5.0,2.5
BM-sheet_1-13431,beam,0.504,0.0,3.15,1.575
BM-sheet_1-13432,beam,1.4528,0.0,9.08,4.54
BM-sheet_1-13433,beam,0.968,0.0,6.05,3.025
BM-sheet_1-13434,beam,0.7568,0.0,4.73,2.365
BM-sheet_1-13435,beam,0.5344,0.0,3.34,1.67
BM-sheet_1-13436,beam,0.9477,0.0,5.923,2.962
BM-sheet_1-13437,beam,0.224,0.0,1.4,0.7
BM-sheet_1-13438,beam,0.6112,0.0,3.82,1.91
BM-sheet_1-13439,beam,0.352,0.0,2.2,1.1
BM-sheet_1-13440,beam,0.8,0.0,5.0,2.5
BM-sheet_1-13441,beam,0.3936,0.0,2.46,1.23
BM-sheet_1-13442,beam,0.1648,0.0,1.03,0.515
BM-sheet_1-13443,beam,0.464,0.0,2.9,1.45
BM-sheet_1-13444,beam,0.4256,0.0,2.66,1.33
BM-sheet_1-13445,beam,0.7088,0.0,4.43,2.215
BM-sheet_1-13446,beam,0.5568,0.0,3.48,1.74
BM-sheet_1-13447,beam,1.936,0.0,12.1,6.05
BM-sheet_1-13448,beam,0.1008,0.0,0.63,0.315
BM-sheet_1-13449,beam,0.512,0.0,3.2,1.6
BM-sheet_1-13450,beam,0.176,0.0,1.1,0.55
BM-sheet_1-13451,beam,0.168,0.0,1.05,0.525
BM-sheet_1-13452,beam,0.2848,0.0,1.78,0.89
BM-sheet_1-13453,beam,0.16,0.0,1.0,0.5
BM-sheet_1-13454,beam,0.4,0.0,2.5,1.25
BM-sheet_1-13455,beam,0.1776,0.0,1.11,0.555
BM-sheet_1-13456,beam,0.4032,0.0,2.52,1.26
BM-sheet_1-13457,beam,0.2656,0.0,1.66,0.83
BM-sheet_1-13458,beam,0.6528,0.0,4.08,2.04
BM-sheet_1-13459,beam,0.1776,0.0,1.11,0.555
BM-sheet_1-13460,beam,0.672,0.0,4.2,2.1
BM-sheet_1-13461,beam,0.4992,0.0,3.12,1.56
BM-sheet_1-13462,beam,3.0403,0.0,19.002,9.501
BM-sheet_1-13463,beam,1.0112,0.0,6.32,3.16
BM-sheet_1-13464,beam,0.2304,0.0,1.44,0.72
BM-sheet_1-13465,beam,0.208,0.0,1.3,0.65
BM-sheet_1-13466,beam,0.432,0.0,2.7,1.35
BM-sheet_1-13467,beam,0.4,0.0,2.5,1.25
BM-sheet_1-13468,beam,0.1008,0.0,0.63,0.315
BM-sheet_1-13469,beam,0.1056,0.0,0.66,0.33
BM-sheet_1-13470,beam,0.8096,0.0,5.06,2.53
BM-sheet_1-13471,beam,0.6528,0.0,4.08,2.04
BM-sheet_1-13472,beam,2.496,0.0,15.6,7.8
BM-sheet_1-13473,beam,0.1152,0.0,0.72,0.36
BM-sheet_1-13474,beam,0.5111,0.0,3.194,1.597
BM-sheet_1-13475,beam,2.4854,0.0,15.534,7.767
BM-sheet_1-13476,beam,0.7231,0.0,4.519,2.26
BM-sheet_1-13477,beam,1.7748,0.0,11.092,5.546
BM-sheet_1-13478,beam,0.9857,0.0,6.161,3.08
BM-sheet_1-13479,beam,1.6782,0.0,10.488,5.244
BM-sheet_1-13480,beam,0.1492,0.0,0.933,0.466
BM-sheet_1-13481,beam,0.4736,0.0,2.96,1.48
BM-sheet_1-13482,beam,0.576,0.0,3.6,1.8
BM-sheet_1-13483,beam,0.736,0.0,4.6,2.3
BM-sheet_1-13484,beam,1.5872,0.0,9.92,4.96
BM-sheet_1-13485,beam,0.832,0.0,5.2,2.6
BM-sheet_1-13486,beam,1.5232,0.0,9.52,4.76
BM-sheet_1-13487,beam,0.3664,0.0,2.29,1.145
BM-sheet_1-13488,beam,0.784,0.0,4.9,2.45
BM-sheet_1-13489,beam,0.232,0.0,1.45,0.725
BM-sheet_1-13490,beam,0.232,0.0,1.45,0.725
BM-sheet_1-13491,beam,0.232,0.0,1.45,0.725
BM-sheet_1-13492,beam,0.312,0.0,1.95,0.975
BM-sheet_1-13493,beam,0.736,0.0,4.6,2.3
BM-sheet_1-13494,beam,0.7344,0.0,4.59,2.295
BM-sheet_1-13495,beam,0.4256,0.0,2.66,1.33
BM-sheet_1-13496,beam,0.7088,0.0,4.43,2.215
BM-sheet_1-13497,beam,0.5568,0.0,3.48,1.74
BM-sheet_1-13498,beam,2.016,0.0,12.6,6.3
BM-sheet_1-13499,beam,0.1008,0.0,0.63,0.315
BM-sheet_1-13500,beam,0.7232,0.0,4.52,2.26
BM-sheet_1-13501,beam,0.672,0.0,4.2,2.1
BM-sheet_1-13502,beam,0.176,0.0,1.1,0.55
BM-sheet_1-13503,beam,0.4736,0.0,2.96,1.48
BM-sheet_1-13504,beam,0.736,0.0,4.6,2.3
BM-sheet_1-13505,beam,0.832,0.0,5.2,2.6
BM-sheet_1-13506,beam,0.576,0.0,3.6,1.8
BM-sheet_1-13507,beam,0.3664,0.0,2.29,1.145
BM-sheet_1-13508,beam,0.784,0.0,4.9,2.45
BM-sheet_1-13509,beam,0.232,0.0,1.45,0.725
BM-sheet_1-13510,beam,0.232,0.0,1.45,0.725
BM-sheet_1-13511,beam,0.232,0.0,1.45,0.725
BM-sheet_1-13512,beam,0.312,0.0,1.95,0.975
BM-sheet_1-13513,beam,0.736,0.0,4.6,2.3
BM-sheet_1-13514,beam,0.7344,0.0,4.59,2.295
BM-sheet_1-13515,beam,1.5232,0.0,9.52,4.76
BM-sheet_1-13516,beam,1.5872,0.0,9.92,4.96
BM-sheet_1-13517,beam,0.1344,0.0,0.84,0.42
BM-sheet_1-13518,beam,0.4736,0.0,2.96,1.48
BM-sheet_1-13519,beam,0.4736,0.0,2.96,1.48
BM-sheet_1-13520,beam,1.6192,0.0,10.12,5.06
BM-sheet_1-13521,beam,0.832,0.0,5.2,2.6
BM-sheet_1-13522,beam,1.5552,0.0,9.72,4.86
BM-sheet_1-13523,beam,1.2672,0.0,7.92,3.96
BM-sheet_1-13524,beam,0.288,0.0,1.8,0.9
BM-sheet_1-13525,beam,1.1456,0.0,7.16,3.58
BM-sheet_1-13526,beam,1.7536,0.0,10.96,5.48
BM-sheet_1-13527,beam,0.232,0.0,1.45,0.725
BM-sheet_1-13528,beam,0.232,0.0,1.45,0.725
BM-sheet_1-13529,beam,0.312,0.0,1.95,0.975
BM-sheet_1-13530,beam,0.232,0.0,1.45,0.725
BM-sheet_1-13531,beam,0.736,0.0,4.6,2.3
BM-sheet_1-13532,beam,0.736,0.0,4.6,2.3
BM-sheet_1-13533,beam,0.576,0.0,3.6,1.8
BM-sheet_1-13534,beam,0.1664,0.0,1.04,0.52
BM-sheet_1-13535,beam,0.784,0.0,4.9,2.45
BM-sheet_1-13536,beam,0.1344,0.0,0.84,0.42
BM-sheet_1-13537,beam,0.1344,0.0,0.84,0.42
BM-sheet_1-13538,beam,1.7047,0.0,10.654,5.327
BM-sheet_1-13539,beam,0.48,0.0,3.0,1.5
BM-sheet_1-13540,beam,0.224,0.0,1.4,0.7
BM-sheet_1-13541,beam,0.7456,0.0,4.66,2.33
BM-sheet_1-13542,beam,0.352,0.0,2.2,1.1
BM-sheet_1-13543,beam,0.8576,0.0,5.36,2.68
BM-sheet_1-13544,beam,0.4208,0.0,2.63,1.315
BM-sheet_1-13545,beam,0.504,0.0,3.15,1.575
BM-sheet_1-13546,beam,1.424,0.0,8.9,4.45
BM-sheet_1-13547,beam,1.1456,0.0,7.16,3.58
BM-sheet_1-13548,beam,0.448,0.0,2.8,1.4
BM-sheet_1-13549,beam,0.4224,0.0,2.64,1.32
BM-sheet_1-13550,beam,0.4224,0.0,2.64,1.32
BM-sheet_1-13551,beam,0.1316,0.0,0.822,0.411
BM-sheet_1-13552,beam,0.5664,0.0,3.54,1.77
BM-sheet_1-13553,beam,0.1701,0.0,1.063,0.532
BM-sheet_1-13554,beam,0.224,0.0,1.4,0.7
BM-sheet_1-13555,beam,0.6112,0.0,3.82,1.91
BM-sheet_1-13556,beam,0.6112,0.0,3.82,1.91
BM-sheet_1-13557,beam,0.368,0.0,2.3,1.15
BM-sheet_1-13558,beam,0.352,0.0,2.2,1.1
BM-sheet_1-13559,beam,0.672,0.0,4.2,2.1
BM-sheet_1-13560,beam,0.608,0.0,3.8,1.9
BM-sheet_1-13561,beam,0.3936,0.0,2.46,1.23
BM-sheet_1-13562,beam,0.6048,0.0,3.78,1.89
BM-sheet_1-13563,beam,0.504,0.0,3.15,1.575
BM-sheet_1-13564,beam,1.1456,0.0,7.16,3.58
BM-sheet_1-13565,beam,0.4224,0.0,2.64,1.32
BM-sheet_1-13566,beam,0.1412,0.0,0.882,0.441
BM-sheet_1-13567,beam,0.1212,0.0,0.758,0.379
BM-sheet_1-13568,beam,0.3232,0.0,2.02,1.01
BM-sheet_1-13569,beam,0.4564,0.0,2.852,1.426
BM-sheet_1-13570,beam,0.208,0.0,1.3,0.65
BM-sheet_1-13571,beam,0.4224,0.0,2.64,1.32
BM-sheet_1-13572,beam,0.4,0.0,2.5,1.25
BM-sheet_1-13573,beam,0.1008,0.0,0.63,0.315
BM-sheet_1-13574,beam,0.1633,0.0,1.021,0.51
BM-sheet_1-13575,beam,0.3904,0.0,2.44,1.22
BM-sheet_1-13576,beam,0.8096,0.0,5.06,2.53
BM-sheet_1-13577,beam,0.6528,0.0,4.08,2.04
BM-sheet_1-13578,beam,0.1776,0.0,1.11,0.555
BM-sheet_1-13579,beam,0.4992,0.0,3.12,1.56
BM-sheet_1-13580,beam,0.1648,0.0,1.03,0.515
BM-sheet_1-13581,beam,0.464,0.0,2.9,1.45
BM-sheet_1-13582,beam,0.4256,0.0,2.66,1.33
BM-sheet_1-13583,beam,0.7088,0.0,4.43,2.215
BM-sheet_1-13584,beam,0.5568,0.0,3.48,1.74
BM-sheet_1-13585,beam,1.936,0.0,12.1,6.05
BM-sheet_1-13586,beam,0.1008,0.0,0.63,0.315
BM-sheet_1-13587,beam,0.512,0.0,3.2,1.6
BM-sheet_1-13588,beam,0.176,0.0,1.1,0.55
BM-sheet_1-13589,beam,0.168,0.0,1.05,0.525
BM-sheet_1-13590,beam,0.2428,0.0,1.518,0.759
BM-sheet_1-13591,beam,0.5097,0.0,3.186,1.593
BM-sheet_1-13592,beam,0.1776,0.0,1.11,0.555
BM-sheet_1-13593,beam,0.4032,0.0,2.52,1.26
BM-sheet_1-13594,beam,0.2656,0.0,1.66,0.83
BM-sheet_1-13595,beam,0.624,0.0,3.9,1.95
BM-sheet_1-13596,beam,0.8096,0.0,5.06,2.53
BM-sheet_1-13597,beam,0.6528,0.0,4.08,2.04
BM-sheet_1-13598,beam,0.1152,0.0,0.72,0.36
BM-sheet_1-13599,beam,3.2,0.0,20.0,10.0
BM-sheet_1-13600,beam,0.1152,0.0,0.72,0.36
BM-sheet_1-13601,beam,0.4256,0.0,2.66,1.33
BM-sheet_1-13602,beam,0.7088,0.0,4.43,2.215
BM-sheet_1-13603,beam,0.5568,0.0,3.48,1.74
BM-sheet_1-13604,beam,2.032,0.0,12.7,6.35
BM-sheet_1-13605,beam,0.096,0.0,0.6,0.3
BM-sheet_1-13606,beam,0.4544,0.0,2.84,1.42
BM-sheet_1-13607,beam,0.2432,0.0,1.52,0.76
BM-sheet_1-13608,beam,0.512,0.0,3.2,1.6
BM-sheet_1-13609,beam,0.176,0.0,1.1,0.55
BM-sheet_1-13610,beam,0.4736,0.0,2.96,1.48
BM-sheet_1-13611,beam,0.736,0.0,4.6,2.3
BM-sheet_1-13612,beam,0.832,0.0,5.2,2.6
BM-sheet_1-13613,beam,0.576,0.0,3.6,1.8
BM-sheet_1-13614,beam,0.3664,0.0,2.29,1.145
BM-sheet_1-13615,beam,0.784,0.0,4.9,2.45
BM-sheet_1-13616,beam,0.232,0.0,1.45,0.725
BM-sheet_1-13617,beam,0.232,0.0,1.45,0.725
BM-sheet_1-13618,beam,0.232,0.0,1.45,0.725
BM-sheet_1-13619,beam,0.312,0.0,1.95,0.975
BM-sheet_1-13620,beam,0.736,0.0,4.6,2.3
BM-sheet_1-13621,beam,0.7344,0.0,4.59,2.295
BM-sheet_1-13622,beam,1.5232,0.0,9.52,4.76
BM-sheet_1-13623,beam,1.5872,0.0,9.92,4.96
BM-sheet_1-13624,beam,0.1344,0.0,0.84,0.42
BM-sheet_1-13625,beam,0.4736,0.0,2.96,1.48
BM-sheet_1-13626,beam,0.4736,0.0,2.96,1.48
BM-sheet_1-13627,beam,1.6192,0.0,10.12,5.06
BM-sheet_1-13628,beam,0.832,0.0,5.2,2.6
BM-sheet_1-13629,beam,1.5552,0.0,9.72,4.86
BM-sheet_1-13630,beam,1.2672,0.0,7.92,3.96
BM-sheet_1-13631,beam,0.288,0.0,1.8,0.9
BM-sheet_1-13632,beam,1.0546,0.0,6.591,3.295
BM-sheet_1-13633,beam,1.9882,0.0,12.426,6.213
BM-sheet_1-13634,beam,0.232,0.0,1.45,0.725
BM-sheet_1-13635,beam,0.232,0.0,1.45,0.725
BM-sheet_1-13636,beam,0.312,0.0,1.95,0.975
BM-sheet_1-13637,beam,0.232,0.0,1.45,0.725
BM-sheet_1-13638,beam,0.736,0.0,4.6,2.3
BM-sheet_1-13639,beam,0.576,0.0,3.6,1.8
BM-sheet_1-13640,beam,0.8,0.0,5.0,2.5
BM-sheet_1-13641,beam,0.736,0.0,4.6,2.3
BM-sheet_1-13642,beam,0.1664,0.0,1.04,0.52
BM-sheet_1-13643,beam,1.0944,0.0,6.84,3.42
BM-sheet_1-13644,beam,0.784,0.0,4.9,2.45
BM-sheet_1-13645,beam,0.1344,0.0,0.84,0.42
BM-sheet_1-13646,beam,2.446,0.0,15.288,7.644
BM-sheet_1-13647,beam,1.244,0.0,7.775,3.888
BM-sheet_1-13648,beam,1.4486,0.0,9.054,4.527
BM-sheet_1-13649,beam,0.1661,0.0,1.038,0.519
BM-sheet_1-13650,beam,0.1156,0.0,0.723,0.361
BM-sheet_1-13651,beam,2.5424,0.0,15.89,7.945
BM-sheet_1-13652,beam,0.119,0.0,0.744,0.372
BM-sheet_1-13653,beam,0.1178,0.0,0.736,0.368
BM-sheet_1-13654,beam,0.4736,0.0,2.96,1.48
BM-sheet_1-13655,beam,0.576,0.0,3.6,1.8
BM-sheet_1-13656,beam,0.736,0.0,4.6,2.3
BM-sheet_1-13657,beam,1.5872,0.0,9.92,4.96
BM-sheet_1-13658,beam,0.832,0.0,5.2,2.6
BM-sheet_1-13659,beam,1.5232,0.0,9.52,4.76
BM-sheet_1-13660,beam,0.3664,0.0,2.29,1.145
BM-sheet_1-13661,beam,0.784,0.0,4.9,2.45
BM-sheet_1-13662,beam,0.232,0.0,1.45,0.725
BM-sheet_1-13663,beam,0.232,0.0,1.45,0.725
BM-sheet_1-13664,beam,0.232,0.0,1.45,0.725
BM-sheet_1-13665,beam,0.312,0.0,1.95,0.975
BM-sheet_1-13666,beam,0.736,0.0,4.6,2.3
BM-sheet_1-13667,beam,0.7344,0.0,4.59,2.295
BM-sheet_1-13668,beam,0.179,0.0,1.119,0.559
BM-sheet_1-13669,beam,0.6112,0.0,3.82,1.91
BM-sheet_1-13670,beam,0.288,0.0,1.8,0.9
BM-sheet_1-13671,beam,0.672,0.0,4.2,2.1
BM-sheet_1-13672,beam,0.608,0.0,3.8,1.9
BM-sheet_1-13673,beam,1.4272,0.0,8.92,4.46
BM-sheet_1-13674,beam,0.9792,0.0,6.12,3.06
BM-sheet_1-13675,beam,1.1616,0.0,7.26,3.63
BM-sheet_1-13676,beam,9.312,0.0,58.2,29.1
BM-sheet_1-13677,beam,0.4384,0.0,2.74,1.37
BM-sheet_1-13678,beam,0.6112,0.0,3.82,1.91
BM-sheet_1-13679,beam,0.352,0.0,2.2,1.1
BM-sheet_1-13680,beam,0.656,0.0,4.1,2.05
BM-sheet_1-13681,beam,0.608,0.0,3.8,1.9
BM-sheet_1-13682,beam,1.7728,0.0,11.08,5.54
BM-sheet_1-13683,beam,0.8,0.0,5.0,2.5
BM-sheet_1-13684,beam,1.0496,0.0,6.56,3.28
BM-sheet_1-13685,beam,0.448,0.0,2.8,1.4
BM-sheet_1-13686,beam,0.3528,0.0,2.205,1.102
BM-sheet_1-13687,beam,0.2752,0.0,1.72,0.86
BM-sheet_1-13688,beam,0.6496,0.0,4.06,2.03
BM-sheet_1-13689,beam,0.5984,0.0,3.74,1.87
BM-sheet_1-13690,beam,2.592,0.0,16.2,8.1
BM-sheet_1-13691,beam,0.232,0.0,1.45,0.725
BM-sheet_1-13692,beam,0.232,0.0,1.45,0.725
BM-sheet_1-13693,beam,0.784,0.0,4.9,2.45
BM-sheet_1-13694,beam,0.736,0.0,4.6,2.3
BM-sheet_1-13695,beam,0.312,0.0,1.95,0.975
BM-sheet_1-13696,beam,0.3168,0.0,1.98,0.99
BM-sheet_1-13697,beam,0.736,0.0,4.6,2.3
BM-sheet_1-13698,beam,0.232,0.0,1.45,0.725
BM-sheet_1-13699,beam,1.3568,0.0,8.48,4.24
BM-sheet_1-13700,beam,0.832,0.0,5.2,2.6
BM-sheet_1-13701,beam,1.7152,0.0,10.72,5.36
BM-sheet_1-13702,beam,0.1344,0.0,0.84,0.42
BM-sheet_1-13703,beam,0.4736,0.0,2.96,1.48
BM-sheet_1-13704,beam,0.4736,0.0,2.96,1.48
BM-sheet_1-13705,beam,1.6192,0.0,10.12,5.06
BM-sheet_1-13706,beam,0.832,0.0,5.2,2.6
BM-sheet_1-13707,beam,1.5552,0.0,9.72,4.86
BM-sheet_1-13708,beam,1.2672,0.0,7.92,3.96
BM-sheet_1-13709,beam,0.288,0.0,1.8,0.9
BM-sheet_1-13710,beam,3.1552,0.0,19.72,9.86
BM-sheet_1-13711,beam,0.232,0.0,1.45,0.725
BM-sheet_1-13712,beam,0.232,0.0,1.45,0.725
BM-sheet_1-13713,beam,0.312,0.0,1.95,0.975
BM-sheet_1-13714,beam,0.232,0.0,1.45,0.725
BM-sheet_1-13715,beam,0.736,0.0,4.6,2.3
BM-sheet_1-13716,beam,0.576,0.0,3.6,1.8
BM-sheet_1-13717,beam,0.736,0.0,4.6,2.3
BM-sheet_1-13718,beam,0.1664,0.0,1.04,0.52
BM-sheet_1-13719,beam,0.784,0.0,4.9,2.45
BM-sheet_1-13720,beam,0.1344,0.0,0.84,0.42
BM-sheet_1-13721,beam,0.1344,0.0,0.84,0.42
BM-sheet_1-13722,beam,0.6912,0.0,4.32,2.16
BM-sheet_1-13723,beam,0.384,0.0,2.4,1.2
BM-sheet_1-13724,beam,0.672,0.0,4.2,2.1
BM-sheet_1-13725,beam,0.8576,0.0,5.36,2.68
BM-sheet_1-13726,beam,0.608,0.0,3.8,1.9
BM-sheet_1-13727,beam,0.6432,0.0,4.02,2.01
BM-sheet_1-13728,beam,0.9792,0.0,6.12,3.06
BM-sheet_1-13729,beam,1.1616,0.0,7.26,3.63
BM-sheet_1-13730,beam,0.224,0.0,1.4,0.7
BM-sheet_1-13731,beam,0.4224,0.0,2.64,1.32
BM-sheet_1-13732,beam,0.2688,0.0,1.68,0.84
BM-sheet_1-13733,beam,2.9606,0.0,18.503,9.252
BM-sheet_1-13734,beam,0.9146,0.0,5.716,2.858
BM-sheet_1-13735,beam,3.072,0.0,19.2,9.6
BM-sheet_1-13736,beam,0.8,0.0,5.0,2.5
BM-sheet_1-13737,beam,0.464,0.0,2.9,1.45
BM-sheet_1-13738,beam,0.5952,0.0,3.72,1.86
BM-sheet_1-13739,beam,0.448,0.0,2.8,1.4
BM-sheet_1-13740,beam,0.4,0.0,2.5,1.25
BM-sheet_1-13741,beam,0.304,0.0,1.9,0.95
BM-sheet_1-13742,beam,0.544,0.0,3.4,1.7
BM-sheet_1-13743,beam,0.0976,0.0,0.61,0.305
BM-sheet_1-13744,beam,0.3408,0.0,2.13,1.065
BM-sheet_1-13745,beam,0.528,0.0,3.3,1.65
BM-sheet_1-13746,beam,1.5232,0.0,9.52,4.76
BM-sheet_1-13747,beam,0.2544,0.0,1.59,0.795
BM-sheet_1-13748,beam,0.2704,0.0,1.69,0.845
BM-sheet_1-13749,beam,0.3328,0.0,2.08,1.04
BM-sheet_1-13750,beam,1.36,0.0,8.5,4.25
BM-sheet_1-13751,beam,0.3296,0.0,2.06,1.03
BM-sheet_1-13752,beam,1.104,0.0,6.9,3.45
BM-sheet_1-13753,beam,0.2672,0.0,1.67,0.835
BM-sheet_1-13754,beam,0.8122,0.0,5.077,2.538
BM-sheet_1-13755,beam,0.224,0.0,1.4,0.7
BM-sheet_1-13756,beam,0.6112,0.0,3.82,1.91
BM-sheet_1-13757,beam,0.368,0.0,2.3,1.15
BM-sheet_1-13758,beam,0.672,0.0,4.2,2.1
BM-sheet_1-13759,beam,0.672,0.0,4.2,2.1
BM-sheet_1-13760,beam,0.608,0.0,3.8,1.9
BM-sheet_1-13761,beam,0.608,0.0,3.8,1.9
BM-sheet_1-13762,beam,0.2336,0.0,1.46,0.73
BM-sheet_1-13763,beam,0.1056,0.0,0.66,0.33
BM-sheet_1-13764,beam,0.6656,0.0,4.16,2.08
BM-sheet_1-13765,beam,0.968,0.0,6.05,3.025
BM-sheet_1-13766,beam,0.7568,0.0,4.73,2.365
BM-sheet_1-13767,beam,0.1776,0.0,1.11,0.555
BM-sheet_1-13768,beam,0.3712,0.0,2.32,1.16
BM-sheet_1-13769,beam,0.2304,0.0,1.44,0.72
BM-sheet_1-13770,beam,0.208,0.0,1.3,0.65
BM-sheet_1-13771,beam,0.432,0.0,2.7,1.35
BM-sheet_1-13772,beam,0.4,0.0,2.5,1.25
BM-sheet_1-13773,beam,0.1008,0.0,0.63,0.315
BM-sheet_1-13774,beam,0.1056,0.0,0.66,0.33
BM-sheet_1-13775,beam,0.624,0.0,3.9,1.95
BM-sheet_1-13776,beam,0.8096,0.0,5.06,2.53
BM-sheet_1-13777,beam,0.6528,0.0,4.08,2.04
BM-sheet_1-13778,beam,0.1648,0.0,1.03,0.515
BM-sheet_1-13779,beam,0.3296,0.0,2.06,1.03
BM-sheet_1-13780,beam,0.6448,0.0,4.03,2.015
BM-sheet_1-13781,beam,0.5568,0.0,3.48,1.74
BM-sheet_1-13782,beam,1.936,0.0,12.1,6.05
BM-sheet_1-13783,beam,0.1024,0.0,0.64,0.32
BM-sheet_1-13784,beam,0.128,0.0,0.8,0.4
BM-sheet_1-13785,beam,0.168,0.0,1.05,0.525
BM-sheet_1-13786,beam,0.1248,0.0,0.78,0.39
BM-sheet_1-13787,beam,0.16,0.0,1.0,0.5
BM-sheet_1-13788,beam,0.368,0.0,2.3,1.15
BM-sheet_1-13789,beam,0.152,0.0,0.95,0.475
BM-sheet_1-13790,beam,0.4032,0.0,2.52,1.26
BM-sheet_1-13791,beam,1.7707,0.0,11.067,5.533
BM-sheet_1-13792,beam,0.2656,0.0,1.66,0.83
BM-sheet_1-13793,beam,0.832,0.0,5.2,2.6
BM-sheet_1-13794,beam,0.8096,0.0,5.06,2.53
BM-sheet_1-13795,beam,0.7168,0.0,4.48,2.24
BM-sheet_1-13796,beam,0.4736,0.0,2.96,1.48
BM-sheet_1-13797,beam,0.576,0.0,3.6,1.8
BM-sheet_1-13798,beam,0.736,0.0,4.6,2.3
BM-sheet_1-13799,beam,1.5872,0.0,9.92,4.96
BM-sheet_1-13800,beam,1.5232,0.0,9.52,4.76
BM-sheet_1-13801,beam,0.3664,0.0,2.29,1.145
BM-sheet_1-13802,beam,0.784,0.0,4.9,2.45
BM-sheet_1-13803,beam,0.232,0.0,1.45,0.725
BM-sheet_1-13804,beam,0.232,0.0,1.45,0.725
BM-sheet_1-13805,beam,0.232,0.0,1.45,0.725
BM-sheet_1-13806,beam,0.312,0.0,1.95,0.975
BM-sheet_1-13807,beam,0.736,0.0,4.6,2.3
BM-sheet_1-13808,beam,0.7344,0.0,4.59,2.295
BM-sheet_1-13809,beam,0.232,0.0,1.45,0.725
BM-sheet_1-13810,beam,0.232,0.0,1.45,0.725
BM-sheet_1-13811,beam,0.784,0.0,4.9,2.45
BM-sheet_1-13812,beam,0.296,0.0,1.85,0.925
BM-sheet_1-13813,beam,0.736,0.0,4.6,2.3
BM-sheet_1-13814,beam,0.6016,0.0,3.76,1.88
BM-sheet_1-13815,beam,0.6048,0.0,3.78,1.89
BM-sheet_1-13816,beam,1.1648,0.0,7.28,3.64
BM-sheet_1-13817,beam,0.896,0.0,5.6,2.8
BM-sheet_1-13818,beam,0.832,0.0,5.2,2.6
BM-sheet_1-13819,beam,0.896,0.0,5.6,2.8
BM-sheet_1-13820,beam,0.232,0.0,1.45,0.725
BM-sheet_1-13821,beam,0.4544,0.0,2.84,1.42
BM-sheet_1-13822,beam,0.992,0.0,6.2,3.1
BM-sheet_1-13823,beam,0.736,0.0,4.6,2.3
BM-sheet_1-13824,beam,0.8,0.0,5.0,2.5
BM-sheet_1-13825,beam,0.7456,0.0,4.66,2.33
BM-sheet_1-13826,beam,2.2091,0.0,13.807,6.903
BM-sheet_1-13827,beam,2.5424,0.0,15.89,7.945
BM-sheet_1-13828,beam,0.2075,0.0,1.297,0.648
BM-sheet_1-13829,beam,0.9017,0.0,5.636,2.818
BM-sheet_1-13830,beam,1.5758,0.0,9.849,4.924
BM-sheet_1-13831,beam,0.6368,0.0,3.98,1.99
BM-sheet_1-13832,beam,0.1058,0.0,0.661,0.331
BM-sheet_1-13833,beam,0.4736,0.0,2.96,1.48
BM-sheet_1-13834,beam,0.736,0.0,4.6,2.3
BM-sheet_1-13835,beam,0.832,0.0,5.2,2.6
BM-sheet_1-13836,beam,0.576,0.0,3.6,1.8
BM-sheet_1-13837,beam,0.3664,0.0,2.29,1.145
BM-sheet_1-13838,beam,0.784,0.0,4.9,2.45
BM-sheet_1-13839,beam,0.232,0.0,1.45,0.725
BM-sheet_1-13840,beam,0.232,0.0,1.45,0.725
BM-sheet_1-13841,beam,0.232,0.0,1.45,0.725
BM-sheet_1-13842,beam,0.312,0.0,1.95,0.975
BM-sheet_1-13843,beam,0.736,0.0,4.6,2.3
BM-sheet_1-13844,beam,0.7344,0.0,4.59,2.295
BM-sheet_1-13845,beam,1.5232,0.0,9.52,4.76
BM-sheet_1-13846,beam,1.5872,0.0,9.92,4.96
BM-sheet_1-13847,beam,0.4256,0.0,2.66,1.33
BM-sheet_1-13848,beam,0.7088,0.0,4.43,2.215
BM-sheet_1-13849,beam,0.5568,0.0,3.48,1.74
BM-sheet_1-13850,beam,2.032,0.0,12.7,6.35
BM-sheet_1-13851,beam,0.1008,0.0,0.63,0.315
BM-sheet_1-13852,beam,0.4544,0.0,2.84,1.42
BM-sheet_1-13853,beam,0.2432,0.0,1.52,0.76
BM-sheet_1-13854,beam,0.512,0.0,3.2,1.6
BM-sheet_1-13855,beam,0.176,0.0,1.1,0.55
BM-sheet_1-13856,beam,0.3035,0.0,1.897,0.948
BM-sheet_1-13857,beam,0.6912,0.0,4.32,2.16
BM-sheet_1-13858,beam,0.6112,0.0,3.82,1.91
BM-sheet_1-13859,beam,0.3424,0.0,2.14,1.07
BM-sheet_1-13860,beam,0.672,0.0,4.2,2.1
BM-sheet_1-13861,beam,0.672,0.0,4.2,2.1
BM-sheet_1-13862,beam,0.608,0.0,3.8,1.9
BM-sheet_1-13863,beam,0.608,0.0,3.8,1.9
BM-sheet_1-13864,beam,0.352,0.0,2.2,1.1
BM-sheet_1-13865,beam,0.6912,0.0,4.32,2.16
BM-sheet_1-13866,beam,0.8128,0.0,5.08,2.54
BM-sheet_1-13867,beam,0.5936,0.0,3.71,1.855
BM-sheet_1-13868,beam,0.8208,0.0,5.13,2.565
BM-sheet_1-13869,beam,0.3104,0.0,1.94,0.97
BM-sheet_1-13870,beam,1.0848,0.0,6.78,3.39
BM-sheet_1-13871,beam,0.144,0.0,0.9,0.45
BM-sheet_1-13872,beam,0.4576,0.0,2.86,1.43
BM-sheet_1-13873,beam,0.2624,0.0,1.64,0.82
BM-sheet_1-13874,beam,0.3904,0.0,2.44,1.22
BM-sheet_1-13875,beam,0.3232,0.0,2.02,1.01
BM-sheet_1-13876,beam,0.5792,0.0,3.62,1.81
BM-sheet_1-13877,beam,0.304,0.0,1.9,0.95
BM-sheet_1-13878,beam,0.448,0.0,2.8,1.4
BM-sheet_1-13879,beam,0.608,0.0,3.8,1.9
BM-sheet_1-13880,beam,0.2672,0.0,1.67,0.835
BM-sheet_1-13881,beam,0.352,0.0,2.2,1.1
BM-sheet_1-13882,beam,0.544,0.0,3.4,1.7
BM-sheet_1-13883,beam,0.3008,0.0,1.88,0.94
BM-sheet_1-13884,beam,0.4544,0.0,2.84,1.42
BM-sheet_1-13885,beam,0.096,0.0,0.6,0.3
BM-sheet_1-13886,beam,0.4256,0.0,2.66,1.33
BM-sheet_1-13887,beam,0.7088,0.0,4.43,2.215
BM-sheet_1-13888,beam,0.5408,0.0,3.38,1.69
BM-sheet_1-13889,beam,0.1008,0.0,0.63,0.315
BM-sheet_1-13890,beam,0.2432,0.0,1.52,0.76
BM-sheet_1-13891,beam,0.4928,0.0,3.08,1.54
BM-sheet_1-13892,beam,0.512,0.0,3.2,1.6
BM-sheet_1-13893,beam,0.16,0.0,1.0,0.5
BM-sheet_1-13894,beam,0.4992,0.0,3.12,1.56
BM-sheet_1-13895,beam,0.2304,0.0,1.44,0.72
BM-sheet_1-13896,beam,0.208,0.0,1.3,0.65
BM-sheet_1-13897,beam,0.4224,0.0,2.64,1.32
BM-sheet_1-13898,beam,0.3613,0.0,2.258,1.129
BM-sheet_1-13899,beam,0.2272,0.0,1.42,0.71
BM-sheet_1-13900,beam,0.1589,0.0,0.993,0.497
BM-sheet_1-13901,beam,0.3904,0.0,2.44,1.22
BM-sheet_1-13902,beam,0.8096,0.0,5.06,2.53
BM-sheet_1-13903,beam,0.6688,0.0,4.18,2.09
BM-sheet_1-13904,beam,0.1776,0.0,1.11,0.555
BM-sheet_1-13905,beam,0.4832,0.0,3.02,1.51
BM-sheet_1-13906,beam,0.3904,0.0,2.44,1.22
BM-sheet_1-13907,beam,0.8096,0.0,5.06,2.53
BM-sheet_1-13908,beam,0.6528,0.0,4.08,2.04
BM-sheet_1-13909,beam,0.1776,0.0,1.11,0.555
BM-sheet_1-13910,beam,0.4032,0.0,2.52,1.26
BM-sheet_1-13911,beam,0.5216,0.0,3.26,1.63
BM-sheet_1-13912,beam,0.16,0.0,1.0,0.5
BM-sheet_1-13913,beam,0.304,0.0,1.9,0.95
BM-sheet_1-13914,beam,0.168,0.0,1.05,0.525
BM-sheet_1-13915,beam,0.4192,0.0,2.62,1.31
BM-sheet_1-13916,beam,0.4256,0.0,2.66,1.33
BM-sheet_1-13917,beam,0.7088,0.0,4.43,2.215
BM-sheet_1-13918,beam,0.5568,0.0,3.48,1.74
BM-sheet_1-13919,beam,1.936,0.0,12.1,6.05
BM-sheet_1-13920,beam,0.512,0.0,3.2,1.6
BM-sheet_1-13921,beam,0.176,0.0,1.1,0.55
BM-sheet_1-13922,beam,0.4736,0.0,2.96,1.48
BM-sheet_1-13923,beam,0.576,0.0,3.6,1.8
BM-sheet_1-13924,beam,0.736,0.0,4.6,2.3
BM-sheet_1-13925,beam,0.832,0.0,5.2,2.6
BM-sheet_1-13926,beam,0.3664,0.0,2.29,1.145
BM-sheet_1-13927,beam,0.784,0.0,4.9,2.45
BM-sheet_1-13928,beam,0.232,0.0,1.45,0.725
BM-sheet_1-13929,beam,0.232,0.0,1.45,0.725
BM-sheet_1-13930,beam,0.232,0.0,1.45,0.725
BM-sheet_1-13931,beam,0.312,0.0,1.95,0.975
BM-sheet_1-13932,beam,0.736,0.0,4.6,2.3
BM-sheet_1-13933,beam,0.7344,0.0,4.59,2.295
BM-sheet_1-13934,beam,1.5232,0.0,9.52,4.76
BM-sheet_1-13935,beam,1.5872,0.0,9.92,4.96
BM-sheet_1-13936,beam,0.8,0.0,5.0,2.5
BM-sheet_1-13937,beam,0.232,0.0,1.45,0.725
BM-sheet_1-13938,beam,0.232,0.0,1.45,0.725
BM-sheet_1-13939,beam,0.784,0.0,4.9,2.45
BM-sheet_1-13940,beam,0.736,0.0,4.6,2.3
BM-sheet_1-13941,beam,0.312,0.0,1.95,0.975
BM-sheet_1-13942,beam,0.736,0.0,4.6,2.3
BM-sheet_1-13943,beam,0.232,0.0,1.45,0.725
BM-sheet_1-13944,beam,0.576,0.0,3.6,1.8
BM-sheet_1-13945,beam,0.7968,0.0,4.98,2.49
BM-sheet_1-13946,beam,0.896,0.0,5.6,2.8
BM-sheet_1-13947,beam,1.1968,0.0,7.48,3.74
BM-sheet_1-13948,beam,1.5552,0.0,9.72,4.86
BM-sheet_1-13949,beam,0.896,0.0,5.6,2.8
BM-sheet_1-13950,beam,0.2976,0.0,1.86,0.93
BM-sheet_1-13951,beam,0.3744,0.0,2.34,1.17
BM-sheet_1-13952,beam,0.4544,0.0,2.84,1.42
BM-sheet_1-13953,beam,0.7296,0.0,4.56,2.28
BM-sheet_1-13954,beam,0.832,0.0,5.2,2.6
BM-sheet_1-13955,beam,0.992,0.0,6.2,3.1
BM-sheet_1-13956,beam,2.5424,0.0,15.89,7.945
BM-sheet_1-13957,beam,0.4709,0.0,2.943,1.471
BM-sheet_1-13958,beam,1.0503,0.0,6.564,3.282
BM-sheet_1-13959,beam,1.8516,0.0,11.572,5.786
BM-sheet_1-13960,beam,0.1612,0.0,1.007,0.504
BM-sheet_1-13961,beam,0.1152,0.0,0.72,0.36
BM-sheet_1-13962,beam,0.4736,0.0,2.96,1.48
BM-sheet_1-13963,beam,0.576,0.0,3.6,1.8
BM-sheet_1-13964,beam,0.736,0.0,4.6,2.3
BM-sheet_1-13965,beam,1.5872,0.0,9.92,4.96
BM-sheet_1-13966,beam,0.832,0.0,5.2,2.6
BM-sheet_1-13967,beam,0.3664,0.0,2.29,1.145
BM-sheet_1-13968,beam,0.784,0.0,4.9,2.45
BM-sheet_1-13969,beam,0.232,0.0,1.45,0.725
BM-sheet_1-13970,beam,0.232,0.0,1.45,0.725
BM-sheet_1-13971,beam,0.232,0.0,1.45,0.725
BM-sheet_1-13972,beam,0.312,0.0,1.95,0.975
BM-sheet_1-13973,beam,0.736,0.0,4.6,2.3
BM-sheet_1-13974,beam,1.5232,0.0,9.52,4.76
BM-sheet_1-13975,beam,2.7664,0.0,17.29,8.645
BM-sheet_1-13976,beam,1.6686,0.0,10.429,5.214
BM-sheet_1-13977,beam,3.9616,0.0,24.76,12.38
BM-sheet_1-13978,beam,3.9199,0.0,24.499,12.25
BM-sheet_1-13979,beam,2.496,0.0,15.6,7.8
BM-sheet_1-13980,beam,2.688,0.0,16.8,8.4
BM-sheet_1-13981,beam,3.1967,0.0,19.979,9.99
BM-sheet_1-13982,beam,2.496,0.0,15.6,7.8
BM-sheet_1-13983,beam,1.9201,0.0,12.001,6.0
BM-sheet_1-13984,beam,1.024,0.0,6.4,3.2
BM-sheet_1-13985,beam,2.496,0.0,15.6,7.8
BM-sheet_1-13986,beam,2.4982,0.0,15.614,7.807
BM-sheet_1-13987,beam,1.024,0.0,6.4,3.2
BM-sheet_1-13988,beam,2.688,0.0,16.8,8.4
BM-sheet_1-13989,beam,2.7333,0.0,17.083,8.542
BM-sheet_1-13990,beam,3.498,0.0,21.862,10.931
BM-sheet_1-13991,beam,2.656,0.0,16.6,8.3
BM-sheet_1-13992,beam,0.7616,0.0,4.76,2.38
BM-sheet_1-13993,beam,2.672,0.0,16.7,8.35
BM-sheet_1-13994,beam,2.464,0.0,15.4,7.7
BM-sheet_1-13995,beam,2.72,0.0,17.0,8.5
BM-sheet_1-13996,beam,0.7616,0.0,4.76,2.38
BM-sheet_1-13997,beam,2.432,0.0,15.2,7.6
BM-sheet_1-13998,beam,2.464,0.0,15.4,7.7
BM-sheet_1-13999,beam,2.464,0.0,15.4,7.7
BM-sheet_1-14000,beam,1.92,0.0,12.0,6.0
BM-sheet_1-14001,beam,0.96,0.0,6.0,3.0
BM-sheet_1-14002,beam,1.9823,0.0,12.389,6.195
BM-sheet_1-14003,beam,0.96,0.0,6.0,3.0
BM-sheet_1-14004,beam,2.496,0.0,15.6,7.8
BM-sheet_1-14005,beam,2.496,0.0,15.6,7.8
BM-sheet_1-14006,beam,2.496,0.0,15.6,7.8
BM-sheet_1-14007,beam,3.2322,0.0,20.201,10.101
BM-sheet_1-14008,beam,8.6528,0.0,54.08,27.04
BM-sheet_1-14009,beam,1.696,0.0,10.6,5.3
BM-sheet_1-14010,beam,2.496,0.0,15.6,7.8
BM-sheet_1-14011,beam,2.496,0.0,15.6,7.8
BM-sheet_1-14012,beam,2.496,0.0,15.6,7.8
BM-sheet_1-14013,beam,1.696,0.0,10.6,5.3
BM-sheet_1-14014,beam,2.496,0.0,15.6,7.8
BM-sheet_1-14015,beam,2.496,0.0,15.6,7.8
BM-sheet_1-14016,beam,3.0958,0.0,19.349,9.675
BM-sheet_1-14017,beam,2.0017,0.0,12.51,6.255
BM-sheet_1-14018,beam,4.9095,0.0,30.684,15.342
BM-sheet_1-14019,beam,0.3974,0.0,2.484,1.242
BM-sheet_1-14020,beam,1.696,0.0,10.6,5.3
BM-sheet_1-14021,beam,2.496,0.0,15.6,7.8
BM-sheet_1-14022,beam,2.238,0.0,13.988,6.994
BM-sheet_1-14023,beam,2.1012,0.0,13.132,6.566
BM-sheet_1-14024,beam,1.3302,0.0,8.314,4.157
BM-sheet_1-14025,beam,8.2048,0.0,51.28,25.64
BM-sheet_1-14026,beam,11.4176,0.0,71.36,35.68
BM-sheet_1-14027,beam,11.2736,0.0,70.46,35.23
BM-sheet_1-14028,beam,12.8548,0.0,80.342,40.171
BM-sheet_1-14029,beam,2.688,0.0,16.8,8.4
BM-sheet_1-14030,beam,2.688,0.0,16.8,8.4
BM-sheet_1-14031,beam,0.1123,0.0,0.702,0.351
BM-sheet_1-14032,beam,4.48,0.0,28.0,14.0
BM-sheet_1-14033,beam,1.2736,0.0,7.96,3.98
BM-sheet_1-14034,beam,5.8176,0.0,36.36,18.18
BM-sheet_1-14035,beam,2.432,0.0,15.2,7.6
BM-sheet_1-14036,beam,0.512,0.0,3.2,1.6
BM-sheet_1-14037,beam,2.432,0.0,15.2,7.6
BM-sheet_1-14038,beam,2.432,0.0,15.2,7.6
BM-sheet_1-14039,beam,1.536,0.0,9.6,4.8
BM-sheet_1-14040,beam,2.432,0.0,15.2,7.6
BM-sheet_1-14041,beam,1.0048,0.0,6.28,3.14
BM-sheet_1-14042,beam,0.4608,0.0,2.88,1.44
BM-sheet_1-14043,beam,1.856,0.0,11.6,5.8
BM-sheet_1-14044,beam,1.472,0.0,9.2,4.6
BM-sheet_1-14045,beam,1.6,0.0,10.0,5.0
BM-sheet_1-14046,beam,2.432,0.0,15.2,7.6
BM-sheet_1-14047,beam,1.0048,0.0,6.28,3.14
BM-sheet_1-14048,beam,0.4608,0.0,2.88,1.44
BM-sheet_1-14049,beam,1.856,0.0,11.6,5.8
BM-sheet_1-14050,beam,1.472,0.0,9.2,4.6
BM-sheet_1-14051,beam,1.536,0.0,9.6,4.8
BM-sheet_1-14052,beam,1.536,0.0,9.6,4.8
BM-sheet_1-14053,beam,0.512,0.0,3.2,1.6
BM-sheet_1-14054,beam,1.856,0.0,11.6,5.8
BM-sheet_1-14055,beam,0.896,0.0,5.6,2.8
BM-sheet_1-14056,beam,0.896,0.0,5.6,2.8
BM-sheet_1-14057,beam,0.2505,0.0,1.566,0.783
BM-sheet_1-14058,beam,0.4882,0.0,3.051,1.526
BM-sheet_1-14059,beam,0.704,0.0,4.4,2.2
BM-sheet_1-14060,beam,1.088,0.0,6.8,3.4
BM-sheet_1-14061,beam,0.512,0.0,3.2,1.6
BM-sheet_1-14062,beam,0.576,0.0,3.6,1.8
BM-sheet_1-14063,beam,0.896,0.0,5.6,2.8
BM-sheet_1-14064,beam,0.896,0.0,5.6,2.8
BM-sheet_1-14065,beam,1.28,0.0,8.0,4.0
BM-sheet_1-14066,beam,0.896,0.0,5.6,2.8
BM-sheet_1-14067,beam,2.24,0.0,14.0,7.0
BM-sheet_1-14068,beam,0.576,0.0,3.6,1.8
BM-sheet_1-14069,beam,0.576,0.0,3.6,1.8
BM-sheet_1-14070,beam,0.576,0.0,3.6,1.8
BM-sheet_1-14071,beam,0.576,0.0,3.6,1.8
BM-sheet_1-14072,beam,0.576,0.0,3.6,1.8
BM-sheet_1-14073,beam,0.64,0.0,4.0,2.0
BM-sheet_1-14074,beam,1.92,0.0,12.0,6.0
BM-sheet_1-14075,beam,2.1649,0.0,13.531,6.765
BM-sheet_1-14076,beam,1.4592,0.0,9.12,4.56
BM-sheet_1-14077,beam,0.3082,0.0,1.926,0.963
BM-sheet_1-14078,beam,0.3045,0.0,1.903,0.952
BM-sheet_1-14079,beam,0.1824,0.0,1.14,0.57
BM-sheet_1-14080,beam,0.112,0.0,0.7,0.35
BM-sheet_1-14081,beam,0.64,0.0,4.0,2.0
BM-sheet_1-14082,beam,0.9552,0.0,5.97,2.985
BM-sheet_1-14083,beam,1.2256,0.0,7.66,3.83
BM-sheet_1-14084,beam,0.4992,0.0,3.12,1.56
BM-sheet_1-14085,beam,0.4992,0.0,3.12,1.56
BM-sheet_1-14086,beam,1.568,0.0,9.8,4.9
BM-sheet_1-14087,beam,1.568,0.0,9.8,4.9
BM-sheet_1-14088,beam,1.056,0.0,6.6,3.3
BM-sheet_1-14089,beam,1.008,0.0,6.3,3.15
BM-sheet_1-14090,beam,0.4022,0.0,2.514,1.257
BM-sheet_1-14091,beam,0.5001,0.0,3.125,1.563
BM-sheet_1-14092,beam,6.6287,0.0,41.429,20.715
BM-sheet_1-14093,beam,4.0416,0.0,25.26,12.63
BM-sheet_1-14094,beam,2.2144,0.0,13.84,6.92
BM-sheet_1-14095,beam,0.4224,0.0,2.64,1.32
BM-sheet_1-14096,beam,0.4224,0.0,2.64,1.32
BM-sheet_1-14097,beam,0.4,0.0,2.5,1.25
BM-sheet_1-14098,beam,0.24,0.0,1.5,0.75
BM-sheet_1-14099,beam,0.4992,0.0,3.12,1.56
BM-sheet_1-14100,beam,0.4992,0.0,3.12,1.56
BM-sheet_1-14101,beam,0.2912,0.0,1.82,0.91
BM-sheet_1-14102,beam,0.2912,0.0,1.82,0.91
BM-sheet_1-14103,beam,1.1456,0.0,7.16,3.58
BM-sheet_1-14104,beam,1.4656,0.0,9.16,4.58
BM-sheet_1-14105,beam,0.4352,0.0,2.72,1.36
BM-sheet_1-14106,beam,0.4352,0.0,2.72,1.36
BM-sheet_1-14107,beam,1.656,0.0,10.35,5.175
BM-sheet_1-14108,beam,0.6584,0.0,4.115,2.057
BM-sheet_1-14109,beam,1.2192,0.0,7.62,3.81
BM-sheet_1-14110,beam,0.3936,0.0,2.46,1.23
BM-sheet_1-14111,beam,0.3936,0.0,2.46,1.23
BM-sheet_1-14112,beam,1.7984,0.0,11.24,5.62
BM-sheet_1-14113,beam,1.7984,0.0,11.24,5.62
BM-sheet_1-14114,beam,0.992,0.0,6.2,3.1
BM-sheet_1-14115,beam,1.04,0.0,6.5,3.25
BM-sheet_1-14116,beam,4.0256,0.0,25.16,12.58
BM-sheet_1-14117,beam,2.2144,0.0,13.84,6.92
BM-sheet_1-14118,beam,6.582,0.0,41.138,20.569
BM-sheet_1-14119,beam,0.3238,0.0,2.024,1.012
BM-sheet_1-14120,beam,0.432,0.0,2.7,1.35
BM-sheet_1-14121,beam,0.432,0.0,2.7,1.35
BM-sheet_1-14122,beam,0.24,0.0,1.5,0.75
BM-sheet_1-14123,beam,0.4,0.0,2.5,1.25
BM-sheet_1-14124,beam,0.4992,0.0,3.12,1.56
BM-sheet_1-14125,beam,0.4992,0.0,3.12,1.56
BM-sheet_1-14126,beam,0.2336,0.0,1.46,0.73
BM-sheet_1-14127,beam,0.2336,0.0,1.46,0.73
BM-sheet_1-14128,beam,1.1392,0.0,7.12,3.56
BM-sheet_1-14129,beam,1.4592,0.0,9.12,4.56
BM-sheet_1-14130,beam,0.3936,0.0,2.46,1.23
BM-sheet_1-14131,beam,0.3936,0.0,2.46,1.23
BM-sheet_1-14132,beam,1.8784,0.0,11.74,5.87
BM-sheet_1-14133,beam,1.2256,0.0,7.66,3.83
BM-sheet_1-14134,beam,0.4353,0.0,2.721,1.36
BM-sheet_1-14135,beam,0.4353,0.0,2.721,1.36
BM-sheet_1-14136,beam,1.568,0.0,9.8,4.9
BM-sheet_1-14137,beam,1.568,0.0,9.8,4.9
BM-sheet_1-14138,beam,1.008,0.0,6.3,3.15
BM-sheet_1-14139,beam,1.056,0.0,6.6,3.3
BM-sheet_1-14140,beam,0.2021,0.0,1.263,0.632
BM-sheet_1-14141,beam,4.0256,0.0,25.16,12.58
BM-sheet_1-14142,beam,2.2144,0.0,13.84,6.92
BM-sheet_1-14143,beam,6.6085,0.0,41.303,20.652
BM-sheet_1-14144,beam,0.432,0.0,2.7,1.35
BM-sheet_1-14145,beam,0.432,0.0,2.7,1.35
BM-sheet_1-14146,beam,0.24,0.0,1.5,0.75
BM-sheet_1-14147,beam,0.4,0.0,2.5,1.25
BM-sheet_1-14148,beam,0.4992,0.0,3.12,1.56
BM-sheet_1-14149,beam,0.4992,0.0,3.12,1.56
BM-sheet_1-14150,beam,0.2336,0.0,1.46,0.73
BM-sheet_1-14151,beam,1.1392,0.0,7.12,3.56
BM-sheet_1-14152,beam,0.2336,0.0,1.46,0.73
BM-sheet_1-14153,beam,1.4592,0.0,9.12,4.56
BM-sheet_1-14154,beam,0.3936,0.0,2.46,1.23
BM-sheet_1-14155,beam,1.8784,0.0,11.74,5.87
BM-sheet_1-14156,beam,1.6447,0.0,10.279,5.14
BM-sheet_1-14157,beam,0.3936,0.0,2.46,1.23
BM-sheet_1-14158,beam,2.6032,0.0,16.27,8.135
BM-sheet_1-14159,beam,2.301,0.0,14.381,7.19
BM-sheet_1-14160,beam,0.4384,0.0,2.74,1.37
BM-sheet_1-14161,beam,0.4384,0.0,2.74,1.37
BM-sheet_1-14162,beam,0.464,0.0,2.9,1.45
BM-sheet_1-14163,beam,0.624,0.0,3.9,1.95
BM-sheet_1-14164,beam,1.7408,0.0,10.88,5.44
BM-sheet_1-14165,beam,2.0608,0.0,12.88,6.44
BM-sheet_1-14166,beam,0.5376,0.0,3.36,1.68
BM-sheet_1-14167,beam,1.5488,0.0,9.68,4.84
BM-sheet_1-14168,beam,0.5376,0.0,3.36,1.68
BM-sheet_1-14169,beam,1.5488,0.0,9.68,4.84
BM-sheet_1-14170,beam,0.2688,0.0,1.68,0.84
BM-sheet_1-14171,beam,0.2688,0.0,1.68,0.84
BM-sheet_1-14172,beam,1.1008,0.0,6.88,3.44
BM-sheet_1-14173,beam,3.3587,0.0,20.992,10.496
BM-sheet_1-14174,beam,1.2192,0.0,7.62,3.81
BM-sheet_1-14175,beam,2.4615,0.0,15.384,7.692
BM-sheet_1-14176,beam,0.3936,0.0,2.46,1.23
BM-sheet_1-14177,beam,0.3936,0.0,2.46,1.23
BM-sheet_1-14178,beam,1.7984,0.0,11.24,5.62
BM-sheet_1-14179,beam,1.7984,0.0,11.24,5.62
BM-sheet_1-14180,beam,0.992,0.0,6.2,3.1
BM-sheet_1-14181,beam,1.04,0.0,6.5,3.25
BM-sheet_1-14182,beam,4.0256,0.0,25.16,12.58
BM-sheet_1-14183,beam,2.2144,0.0,13.84,6.92
BM-sheet_1-14184,beam,6.5664,0.0,41.04,20.52
BM-sheet_1-14185,beam,0.5421,0.0,3.388,1.694
BM-sheet_1-14186,beam,0.432,0.0,2.7,1.35
BM-sheet_1-14187,beam,0.432,0.0,2.7,1.35
BM-sheet_1-14188,beam,0.24,0.0,1.5,0.75
BM-sheet_1-14189,beam,0.4,0.0,2.5,1.25
BM-sheet_1-14190,beam,0.4992,0.0,3.12,1.56
BM-sheet_1-14191,beam,0.4992,0.0,3.12,1.56
BM-sheet_1-14192,beam,0.2336,0.0,1.46,0.73
BM-sheet_1-14193,beam,0.2336,0.0,1.46,0.73
BM-sheet_1-14194,beam,1.1392,0.0,7.12,3.56
BM-sheet_1-14195,beam,0.3936,0.0,2.46,1.23
BM-sheet_1-14196,beam,1.8784,0.0,11.74,5.87
BM-sheet_1-14197,beam,3.1302,0.0,19.564,9.782
BM-sheet_1-14198,beam,0.3936,0.0,2.46,1.23
BM-sheet_1-14199,beam,1.4165,0.0,8.853,4.427
BM-sheet_1-14200,beam,1.2192,0.0,7.62,3.81
BM-sheet_1-14201,beam,3.9538,0.0,24.711,12.356
BM-sheet_1-14202,beam,2.5412,0.0,15.883,7.941
BM-sheet_1-14203,beam,0.3936,0.0,2.46,1.23
BM-sheet_1-14204,beam,1.7984,0.0,11.24,5.62
BM-sheet_1-14205,beam,0.3936,0.0,2.46,1.23
BM-sheet_1-14206,beam,1.7984,0.0,11.24,5.62
BM-sheet_1-14207,beam,0.992,0.0,6.2,3.1
BM-sheet_1-14208,beam,1.04,0.0,6.5,3.25
BM-sheet_1-14209,beam,0.4632,0.0,2.895,1.448
BM-sheet_1-14210,beam,0.4004,0.0,2.502,1.251
BM-sheet_1-14211,beam,4.0256,0.0,25.16,12.58
BM-sheet_1-14212,beam,0.992,0.0,6.2,3.1
BM-sheet_1-14213,beam,1.04,0.0,6.5,3.25
BM-sheet_1-14214,beam,1.7984,0.0,11.24,5.62
BM-sheet_1-14215,beam,1.7984,0.0,11.24,5.62
BM-sheet_1-14216,beam,0.3936,0.0,2.46,1.23
BM-sheet_1-14217,beam,0.3936,0.0,2.46,1.23
BM-sheet_1-14218,beam,1.2352,0.0,7.72,3.86
BM-sheet_1-14219,beam,1.6544,0.0,10.34,5.17
BM-sheet_1-14220,beam,0.3232,0.0,2.02,1.01
BM-sheet_1-14221,beam,3.034,0.0,18.962,9.481
BM-sheet_1-14222,beam,3.034,0.0,18.962,9.481
BM-sheet_1-14223,beam,2.881,0.0,18.006,9.003
BM-sheet_1-14224,beam,1.888,0.0,11.8,5.9
BM-sheet_1-14225,beam,2.528,0.0,15.8,7.9
BM-sheet_1-14226,beam,1.84,0.0,11.5,5.75
BM-sheet_1-14227,beam,1.664,0.0,10.4,5.2
BM-sheet_1-14228,beam,1.632,0.0,10.2,5.1
BM-sheet_1-14229,beam,2.496,0.0,15.6,7.8
BM-sheet_1-14230,beam,1.696,0.0,10.6,5.3
BM-sheet_1-14231,beam,2.4964,0.0,15.602,7.801
BM-sheet_1-14232,beam,0.3204,0.0,2.002,1.001
BM-sheet_1-14233,beam,0.3736,0.0,2.335,1.167
BM-sheet_1-14234,beam,2.3488,0.0,14.68,7.34
BM-sheet_1-14235,beam,2.5328,0.0,15.83,7.915
BM-sheet_1-14236,beam,2.3008,0.0,14.38,7.19
BM-sheet_1-14237,beam,2.5408,0.0,15.88,7.94
BM-sheet_1-14238,beam,2.3067,0.0,14.417,7.208
BM-sheet_1-14239,beam,2.5408,0.0,15.88,7.94
BM-sheet_1-14240,beam,2.3392,0.0,14.62,7.31
BM-sheet_1-14241,beam,2.5248,0.0,15.78,7.89
BM-sheet_1-14242,beam,2.6314,0.0,16.446,8.223
BM-sheet_1-14243,beam,2.5248,0.0,15.78,7.89
BM-sheet_1-14244,beam,2.6437,0.0,16.523,8.261
BM-sheet_1-14245,beam,2.5408,0.0,15.88,7.94
BM-sheet_1-14246,beam,0.6336,0.0,3.96,1.98
BM-sheet_1-14247,beam,1.9072,0.0,11.92,5.96
BM-sheet_1-14248,beam,0.448,0.0,2.8,1.4
BM-sheet_1-14249,beam,1.44,0.0,9.0,4.5
BM-sheet_1-14250,beam,1.92,0.0,12.0,6.0
BM-sheet_1-14251,beam,1.0304,0.0,6.44,3.22
BM-sheet_1-14252,beam,2.1248,0.0,13.28,6.64
BM-sheet_1-14253,beam,0.352,0.0,2.2,1.1
BM-sheet_1-14254,beam,2.2912,0.0,14.32,7.16
BM-sheet_1-14255,beam,0.16,0.0,1.0,0.5
BM-sheet_1-14256,beam,0.16,0.0,1.0,0.5
BM-sheet_1-14257,beam,2.384,0.0,14.9,7.45
BM-sheet_1-14258,beam,2.4,0.0,15.0,7.5
BM-sheet_1-14259,beam,0.656,0.0,4.1,2.05
BM-sheet_1-14260,beam,1.5296,0.0,9.56,4.78
BM-sheet_1-14261,beam,1.4656,0.0,9.16,4.58
BM-sheet_1-14262,beam,0.736,0.0,4.6,2.3
BM-sheet_1-14263,beam,0.8,0.0,5.0,2.5
BM-sheet_1-14264,beam,0.3584,0.0,2.24,1.12
BM-sheet_1-14265,beam,0.192,0.0,1.2,0.6
BM-sheet_1-14266,beam,0.32,0.0,2.0,1.0
BM-sheet_1-14267,beam,0.192,0.0,1.2,0.6
BM-sheet_1-14268,beam,0.32,0.0,2.0,1.0
BM-sheet_1-14269,beam,0.128,0.0,0.8,0.4
BM-sheet_1-14270,beam,0.256,0.0,1.6,0.8
BM-sheet_1-14271,beam,0.128,0.0,0.8,0.4
BM-sheet_1-14272,beam,0.256,0.0,1.6,0.8
BM-sheet_1-14273,beam,0.128,0.0,0.8,0.4
BM-sheet_1-14274,beam,0.256,0.0,1.6,0.8
BM-sheet_1-14275,beam,0.128,0.0,0.8,0.4
BM-sheet_1-14276,beam,0.256,0.0,1.6,0.8
BM-sheet_1-14277,beam,0.128,0.0,0.8,0.4
BM-sheet_1-14278,beam,0.256,0.0,1.6,0.8
BM-sheet_1-14279,beam,0.128,0.0,0.8,0.4
BM-sheet_1-14280,beam,0.256,0.0,1.6,0.8
BM-sheet_1-14281,beam,0.128,0.0,0.8,0.4
BM-sheet_1-14282,beam,0.256,0.0,1.6,0.8
BM-sheet_1-14283,beam,0.128,0.0,0.8,0.4
BM-sheet_1-14284,beam,0.256,0.0,1.6,0.8
BM-sheet_1-14285,beam,0.128,0.0,0.8,0.4
BM-sheet_1-14286,beam,0.256,0.0,1.6,0.8
BM-sheet_1-14287,beam,0.128,0.0,0.8,0.4
BM-sheet_1-14288,beam,0.256,0.0,1.6,0.8
BM-sheet_1-14289,beam,0.128,0.0,0.8,0.4
BM-sheet_1-14290,beam,0.256,0.0,1.6,0.8
BM-sheet_1-14291,beam,0.128,0.0,0.8,0.4
BM-sheet_1-14292,beam,0.256,0.0,1.6,0.8
BM-sheet_1-14293,beam,0.16,0.0,1.0,0.5
BM-sheet_1-14294,beam,0.288,0.0,1.8,0.9
BM-sheet_1-14295,beam,0.16,0.0,1.0,0.5
BM-sheet_1-14296,beam,0.288,0.0,1.8,0.9
BM-sheet_1-14297,beam,0.192,0.0,1.2,0.6
BM-sheet_1-14298,beam,0.384,0.0,2.4,1.2
BM-sheet_1-14299,beam,0.192,0.0,1.2,0.6
BM-sheet_1-14300,beam,0.384,0.0,2.4,1.2
BM-sheet_1-14301,beam,0.192,0.0,1.2,0.6
BM-sheet_1-14302,beam,0.384,0.0,2.4,1.2
BM-sheet_1-14303,beam,0.192,0.0,1.2,0.6
BM-sheet_1-14304,beam,0.384,0.0,2.4,1.2
BM-sheet_1-14305,beam,0.736,0.0,4.6,2.3
BM-sheet_1-14306,beam,0.736,0.0,4.6,2.3
BM-sheet_1-14307,beam,2.9938,0.0,18.711,9.355
BM-sheet_1-14308,beam,2.9937,0.0,18.711,9.355
BM-sheet_1-14309,beam,1.1428,0.0,7.142,3.571
BM-sheet_1-14310,beam,1.1428,0.0,7.142,3.571
BM-sheet_1-14311,beam,0.9259,0.0,5.787,2.894
BM-sheet_1-14312,beam,0.7211,0.0,4.507,2.254
BM-sheet_1-14313,beam,0.8377,0.0,5.236,2.618
BM-sheet_1-14314,beam,0.896,0.0,5.6,2.8
BM-sheet_1-14315,beam,0.896,0.0,5.6,2.8
BM-sheet_1-14316,beam,1.104,0.0,6.9,3.45
BM-sheet_1-14317,beam,1.104,0.0,6.9,3.45
BM-sheet_1-14318,beam,2.2801,0.0,14.251,7.125
BM-sheet_1-14319,beam,2.496,0.0,15.6,7.8
BM-sheet_1-14320,beam,2.496,0.0,15.6,7.8
BM-sheet_1-14321,beam,2.496,0.0,15.6,7.8
BM-sheet_1-14322,beam,0.7765,0.0,4.853,2.426
BM-sheet_1-14323,beam,0.8133,0.0,5.083,2.542
BM-sheet_1-14324,beam,0.153,0.0,0.956,0.478
BM-sheet_1-14325,beam,1.504,0.0,9.4,4.7
BM-sheet_1-14326,beam,1.632,0.0,10.2,5.1
BM-sheet_1-14327,beam,2.368,0.0,14.8,7.4
BM-sheet_1-14328,beam,1.952,0.0,12.2,6.1
BM-sheet_1-14329,beam,1.008,0.0,6.3,3.15
BM-sheet_1-14330,beam,2.4192,0.0,15.12,7.56
BM-sheet_1-14331,beam,0.7136,0.0,4.46,2.23
BM-sheet_1-14332,beam,0.7392,0.0,4.62,2.31
BM-sheet_1-14333,beam,0.4952,0.0,3.095,1.547
BM-sheet_1-14334,beam,1.8488,0.0,11.555,5.778
BM-sheet_1-14335,beam,1.1424,0.0,7.14,3.57
BM-sheet_1-14336,beam,1.1424,0.0,7.14,3.57
BM-sheet_1-14337,beam,2.544,0.0,15.9,7.95
BM-sheet_1-14338,beam,0.944,0.0,5.9,2.95
BM-sheet_1-14339,beam,4.32,0.0,19.2,8.0
BM-sheet_1-14340,beam,3.5595,0.0,14.125,5.65
BM-sheet_1-14341,beam,3.213,0.0,12.75,5.1
BM-sheet_1-14342,beam,2.565,0.0,13.11,5.7
BM-sheet_1-14343,beam,3.0432,0.0,19.02,9.51
BM-sheet_1-14344,beam,5.2434,0.0,23.304,9.71
BM-sheet_1-14345,beam,3.1423,0.0,13.966,5.819
BM-sheet_1-14346,beam,0.4733,0.0,2.419,1.052
BM-sheet_1-14347,beam,3.2108,0.0,14.27,5.946
BM-sheet_1-14348,beam,0.4733,0.0,2.419,1.052
BM-sheet_1-14349,beam,2.464,0.0,15.4,7.7
BM-sheet_1-14350,beam,5.9131,0.0,19.71,7.3
BM-sheet_1-14351,beam,1.5389,0.0,5.13,1.9
BM-sheet_1-14352,beam,6.0751,0.0,20.25,7.5
BM-sheet_1-14353,beam,1.3769,0.0,4.59,1.7
BM-sheet_1-14354,beam,3.0184,0.0,18.865,9.433
BM-sheet_1-14355,beam,3.0185,0.0,18.865,9.433
BM-sheet_1-14356,beam,2.2451,0.0,14.032,7.016
BM-sheet_1-14357,beam,2.2451,0.0,14.032,7.016
BM-sheet_1-14358,beam,0.16,0.0,1.0,0.5
BM-sheet_1-14359,beam,1.2873,0.0,6.58,2.861
BM-sheet_1-14360,beam,1.2453,0.0,6.365,2.767
BM-sheet_1-14361,beam,0.5342,0.0,3.339,1.669
BM-sheet_1-14362,beam,0.4797,0.0,2.998,1.499
BM-sheet_1-14363,beam,1.152,0.0,7.2,3.6
BM-sheet_1-14364,beam,1.152,0.0,7.2,3.6
BM-sheet_1-14365,beam,1.36,0.0,8.5,4.25
BM-sheet_1-14366,beam,1.36,0.0,8.5,4.25
BM-sheet_1-14367,beam,1.341,0.0,6.854,2.98
BM-sheet_1-14368,beam,3.7408,0.0,14.844,5.938
BM-sheet_1-14369,beam,6.2046,0.0,20.682,7.66
BM-sheet_1-14370,beam,6.2046,0.0,20.682,7.66
BM-sheet_1-14371,beam,3.8193,0.0,15.156,6.062
BM-sheet_1-14372,beam,4.3091,0.0,19.151,7.98
BM-sheet_1-14373,beam,7.7922,0.0,21.645,7.215
BM-sheet_1-14374,beam,5.3649,0.0,21.289,8.516
BM-sheet_1-14375,beam,2.555,0.0,15.969,7.984
BM-sheet_1-14376,beam,5.4106,0.0,21.471,8.588
BM-sheet_1-14377,beam,7.9506,0.0,22.085,7.362
BM-sheet_1-14378,beam,1.1337,0.0,7.086,3.543
BM-sheet_1-14379,beam,1.1337,0.0,7.086,3.543
BM-sheet_1-14380,beam,3.4425,0.0,17.595,7.65
BM-sheet_1-14381,beam,3.4425,0.0,17.595,7.65
BM-sheet_1-14382,beam,2.6477,0.0,16.548,8.274
BM-sheet_1-14383,beam,3.258,0.0,20.362,10.181
BM-sheet_1-14384,beam,1.6911,0.0,10.569,5.285
BM-sheet_1-14385,beam,0.364,0.0,1.861,0.809
BM-sheet_1-14386,beam,4.212,0.0,18.72,7.8
BM-sheet_1-14387,beam,0.8918,0.0,3.964,1.652
BM-sheet_1-14388,beam,2.2035,0.0,9.793,4.081
BM-sheet_1-14389,beam,1.4622,0.0,7.474,3.249
BM-sheet_1-14390,beam,2.0894,0.0,8.291,3.317
BM-sheet_1-14391,beam,1.029,0.0,4.573,1.906
BM-sheet_1-14392,beam,1.9319,0.0,7.666,3.067
BM-sheet_1-14393,beam,0.9235,0.0,4.104,1.71
BM-sheet_1-14394,beam,1.0265,0.0,6.416,3.208
BM-sheet_1-14395,beam,2.062,0.0,12.887,6.444
BM-sheet_1-14396,beam,0.694,0.0,4.337,2.169
BM-sheet_1-14397,beam,1.5105,0.0,9.441,4.72
BM-sheet_1-14398,beam,2.2648,0.0,14.155,7.077
BM-sheet_1-14399,beam,1.024,0.0,6.4,3.2
BM-sheet_1-14400,beam,1.024,0.0,6.4,3.2
BM-sheet_1-14401,beam,3.2543,0.0,20.339,10.17
BM-sheet_1-14402,beam,0.9973,0.0,4.433,1.847
BM-sheet_1-14403,beam,1.008,0.0,6.3,3.15
BM-sheet_1-14404,beam,1.088,0.0,6.8,3.4
BM-sheet_1-14405,beam,3.84,0.0,24.0,12.0
BM-sheet_1-14406,beam,1.184,0.0,7.4,3.7
BM-sheet_1-14407,beam,1.264,0.0,7.9,3.95
BM-sheet_1-14408,beam,4.0,0.0,25.0,12.5
BM-sheet_1-14409,beam,3.402,0.0,9.45,3.15
BM-sheet_1-14410,beam,3.672,0.0,10.2,3.4
BM-sheet_1-14411,beam,12.96,0.0,36.0,12.0
BM-sheet_1-14412,beam,3.996,0.0,11.1,3.7
BM-sheet_1-14413,beam,4.266,0.0,11.85,3.95
BM-sheet_1-14414,beam,13.5,0.0,37.5,12.5
BM-sheet_1-14415,beam,3.84,0.0,24.0,12.0
BM-sheet_1-14416,beam,1.008,0.0,6.3,3.15
BM-sheet_1-14417,beam,1.264,0.0,7.9,3.95
BM-sheet_1-14418,beam,1.264,0.0,7.9,3.95
BM-sheet_1-14419,beam,1.264,0.0,7.9,3.95
BM-sheet_1-14420,beam,1.152,0.0,7.2,3.6
BM-sheet_1-14421,beam,1.696,0.0,10.6,5.3
BM-sheet_1-14422,beam,2.496,0.0,15.6,7.8
BM-sheet_1-14423,beam,1.168,0.0,7.3,3.65
BM-sheet_1-14424,beam,2.496,0.0,15.6,7.8
BM-sheet_1-14425,beam,2.496,0.0,15.6,7.8
BM-sheet_1-14426,beam,1.2544,0.0,7.84,3.92
BM-sheet_1-14427,beam,1.0944,0.0,6.84,3.42
BM-sheet_1-14428,beam,2.416,0.0,15.1,7.55
BM-sheet_1-14429,beam,2.416,0.0,15.1,7.55
BM-sheet_1-14430,beam,2.4879,0.0,15.549,7.775
BM-sheet_1-14431,beam,1.0265,0.0,6.416,3.208
BM-sheet_1-14432,beam,2.2358,0.0,13.973,6.987
BM-sheet_1-14433,beam,14.1138,0.0,88.211,44.106
BM-sheet_1-14434,beam,0.591,0.0,3.694,1.847
BM-sheet_1-14435,beam,2.496,0.0,15.6,7.8
BM-sheet_1-14436,beam,3.7888,0.0,23.68,11.84
BM-sheet_1-14437,beam,0.506,0.0,2.586,1.125
BM-sheet_1-14438,beam,1.3942,0.0,8.714,4.357
BM-sheet_1-14439,beam,1.9816,0.0,10.128,4.404
BM-sheet_1-14440,beam,3.7229,0.0,23.268,11.634
BM-sheet_1-14441,beam,1.3142,0.0,8.214,4.107
BM-sheet_1-14442,beam,8.7479,0.0,24.3,8.1
BM-sheet_1-14443,beam,8.748,0.0,24.3,8.1
BM-sheet_1-14444,beam,8.4779,0.0,23.55,7.85
BM-sheet_1-14445,beam,8.2773,0.0,22.992,7.664
BM-sheet_1-14446,beam,8.3007,0.0,23.058,7.686
BM-sheet_1-14447,beam,8.4779,0.0,23.55,7.85
BM-sheet_1-14448,beam,6.2365,0.0,17.324,5.775
BM-sheet_1-14449,beam,8.3007,0.0,23.058,7.686
BM-sheet_1-14450,beam,8.2773,0.0,22.992,7.664
BM-sheet_1-14451,beam,6.159,0.0,17.108,5.703
BM-sheet_1-14452,beam,1.3024,0.0,8.14,4.07
BM-sheet_1-14453,beam,1.4624,0.0,9.14,4.57
BM-sheet_1-14454,beam,1.1296,0.0,7.06,3.53
BM-sheet_1-14455,beam,1.168,0.0,7.3,3.65
BM-sheet_1-14456,beam,1.1296,0.0,7.06,3.53
BM-sheet_1-14457,beam,1.168,0.0,7.3,3.65
BM-sheet_1-14458,beam,2.5212,0.0,15.758,7.879
BM-sheet_1-14459,beam,2.5212,0.0,15.758,7.879
BM-sheet_1-14460,beam,4.374,0.0,19.44,8.1
BM-sheet_1-14461,beam,1.971,0.0,8.76,3.65
BM-sheet_1-14462,beam,4.374,0.0,19.44,8.1
BM-sheet_1-14463,beam,1.971,0.0,8.76,3.65
BM-sheet_1-14464,beam,2.416,0.0,15.1,7.55
BM-sheet_1-14465,beam,2.576,0.0,16.1,8.05
BM-sheet_1-14466,beam,0.7546,0.0,4.716,2.358
BM-sheet_1-14467,beam,1.152,0.0,7.2,3.6
BM-sheet_1-14468,beam,1.152,0.0,7.2,3.6
BM-sheet_1-14469,beam,0.9154,0.0,5.721,2.861
BM-sheet_1-14470,beam,0.8856,0.0,5.535,2.767
BM-sheet_1-14471,beam,2.464,0.0,15.4,7.7
BM-sheet_1-14472,beam,2.464,0.0,15.4,7.7
BM-sheet_1-14473,beam,2.464,0.0,15.4,7.7
BM-sheet_1-14474,beam,0.96,0.0,6.0,3.0
BM-sheet_1-14475,beam,2.464,0.0,15.4,7.7
BM-sheet_1-14476,beam,2.754,0.0,12.24,5.1
BM-sheet_1-14477,beam,0.96,0.0,6.0,3.0
BM-sheet_1-14478,beam,0.96,0.0,6.0,3.0
BM-sheet_1-14479,beam,0.96,0.0,6.0,3.0
BM-sheet_1-14480,beam,2.754,0.0,12.24,5.1
BM-sheet_1-14481,beam,4.15,0.0,18.445,7.685
BM-sheet_1-14482,beam,1.5143,0.0,6.73,2.804
BM-sheet_1-14483,beam,4.1765,0.0,18.562,7.734
BM-sheet_1-14484,beam,1.5143,0.0,6.73,2.804
BM-sheet_1-14485,beam,1.5143,0.0,6.73,2.804
BM-sheet_1-14486,beam,1.5143,0.0,6.73,2.804
BM-sheet_1-14487,beam,4.6575,0.0,18.482,7.393
BM-sheet_1-14488,beam,4.658,0.0,18.484,7.394
BM-sheet_1-14489,beam,2.0583,0.0,8.168,3.267
BM-sheet_1-14490,beam,2.0583,0.0,8.168,3.267
BM-sheet_1-14491,beam,2.916,0.0,12.96,5.4
BM-sheet_1-14492,beam,2.916,0.0,12.96,5.4
BM-sheet_1-14493,beam,2.2556,0.0,14.098,7.049
BM-sheet_1-14494,beam,2.2556,0.0,14.098,7.049
BM-sheet_1-14495,beam,2.5352,0.0,10.06,4.024
BM-sheet_1-14496,beam,2.5352,0.0,10.06,4.024
BM-sheet_1-14497,beam,2.5352,0.0,10.06,4.024
BM-sheet_1-14498,beam,2.5352,0.0,10.06,4.024
BM-sheet_1-14499,beam,2.592,0.0,16.2,8.1
BM-sheet_1-14500,beam,2.592,0.0,16.2,8.1
BM-sheet_1-14501,beam,4.374,0.0,19.44,8.1
BM-sheet_1-14502,beam,4.374,0.0,19.44,8.1
BM-sheet_1-14503,beam,2.592,0.0,16.2,8.1
BM-sheet_1-14504,beam,2.592,0.0,16.2,8.1
BM-sheet_1-14505,beam,1.7073,0.0,10.671,5.335
BM-sheet_1-14506,beam,1.6742,0.0,10.464,5.232
BM-sheet_1-14507,beam,9.5542,0.0,59.714,29.857
BM-sheet_1-14508,beam,4.788,0.0,19.0,7.6
BM-sheet_1-14509,beam,3.465,0.0,17.71,7.7
BM-sheet_1-14510,beam,3.465,0.0,17.71,7.7
BM-sheet_1-14511,beam,3.465,0.0,17.71,7.7
BM-sheet_1-14512,beam,3.465,0.0,17.71,7.7
BM-sheet_1-14513,beam,3.465,0.0,17.71,7.7
BM-sheet_1-14514,beam,3.465,0.0,17.71,7.7
BM-sheet_1-14515,beam,3.465,0.0,17.71,7.7
BM-sheet_1-14516,beam,3.465,0.0,17.71,7.7
BM-sheet_1-14517,beam,3.465,0.0,17.71,7.7
BM-sheet_1-14518,beam,3.465,0.0,17.71,7.7
BM-sheet_1-14519,beam,4.788,0.0,19.0,7.6
BM-sheet_1-14520,beam,5.1003,0.0,20.239,8.096
BM-sheet_1-14521,beam,5.1003,0.0,20.239,8.096
BM-sheet_1-14522,beam,6.5576,0.0,21.859,8.096
BM-sheet_1-14523,beam,6.5576,0.0,21.859,8.096
BM-sheet_1-14524,beam,6.5576,0.0,21.859,8.096
BM-sheet_1-14525,beam,6.5576,0.0,21.859,8.096
BM-sheet_1-14526,beam,6.5576,0.0,21.859,8.096
BM-sheet_1-14527,beam,6.5576,0.0,21.859,8.096
BM-sheet_1-14528,beam,6.5576,0.0,21.859,8.096
BM-sheet_1-14529,beam,6.5576,0.0,21.859,8.096
BM-sheet_1-14530,beam,2.5906,0.0,16.192,8.096
BM-sheet_1-14531,beam,2.5463,0.0,15.914,7.957
BM-sheet_1-14532,beam,3.42,0.0,17.48,7.6
BM-sheet_1-14533,beam,3.42,0.0,17.48,7.6
BM-sheet_1-14534,beam,3.42,0.0,17.48,7.6
BM-sheet_1-14535,beam,3.42,0.0,17.48,7.6
BM-sheet_1-14536,beam,3.42,0.0,17.48,7.6
BM-sheet_1-14537,beam,3.42,0.0,17.48,7.6
BM-sheet_1-14538,beam,3.42,0.0,17.48,7.6
BM-sheet_1-14539,beam,3.42,0.0,17.48,7.6
BM-sheet_1-14540,beam,3.42,0.0,17.48,7.6
BM-sheet_1-14541,beam,3.42,0.0,17.48,7.6
BM-sheet_1-14542,beam,2.34,0.0,11.96,5.2
BM-sheet_1-14543,beam,2.34,0.0,11.96,5.2
BM-sheet_1-14544,beam,3.6,0.0,18.4,8.0
BM-sheet_1-14545,beam,3.6,0.0,18.4,8.0
BM-sheet_1-14546,beam,2.56,0.0,16.0,8.0
BM-sheet_1-14547,beam,2.56,0.0,16.0,8.0
BM-sheet_1-14548,beam,5.544,0.0,20.02,7.7
BM-sheet_1-14549,beam,5.544,0.0,20.02,7.7
BM-sheet_1-14550,beam,2.464,0.0,15.4,7.7
BM-sheet_1-14551,beam,2.464,0.0,15.4,7.7
BM-sheet_1-14552,beam,5.616,0.0,20.28,7.8
BM-sheet_1-14553,beam,5.616,0.0,20.28,7.8
BM-sheet_1-14554,beam,2.6117,0.0,16.323,8.162
BM-sheet_1-14555,beam,2.6117,0.0,16.323,8.162
BM-sheet_1-14556,beam,5.8763,0.0,21.22,8.162
BM-sheet_1-14557,beam,5.8763,0.0,21.22,8.162
BM-sheet_1-14558,beam,1.392,0.0,8.7,4.35
BM-sheet_1-14559,beam,1.392,0.0,8.7,4.35
BM-sheet_1-14560,beam,2.7404,0.0,10.875,4.35
BM-sheet_1-14561,beam,2.7404,0.0,10.875,4.35
BM-sheet_1-14562,beam,1.456,0.0,9.1,4.55
BM-sheet_1-14563,beam,2.8664,0.0,11.375,4.55
BM-sheet_1-14564,beam,2.0256,0.0,12.66,6.33
BM-sheet_1-14565,beam,2.0256,0.0,12.66,6.33
BM-sheet_1-14566,beam,2.0,0.0,12.5,6.25
BM-sheet_1-14567,beam,2.0112,0.0,12.57,6.285
BM-sheet_1-14568,beam,2.0,0.0,12.5,6.25
BM-sheet_1-14569,beam,1.744,0.0,10.9,5.45
BM-sheet_1-14570,beam,1.7552,0.0,10.97,5.485
BM-sheet_1-14571,beam,1.744,0.0,10.9,5.45
BM-sheet_1-14572,beam,1.32,0.0,8.25,4.125
BM-sheet_1-14573,beam,1.3504,0.0,8.44,4.22
BM-sheet_1-14574,beam,4.3744,0.0,27.34,13.67
BM-sheet_1-14575,beam,4.2464,0.0,26.54,13.27
BM-sheet_1-14576,beam,1.2224,0.0,7.64,3.82
BM-sheet_1-14577,beam,3.2,0.0,20.0,10.0
BM-sheet_1-14578,beam,0.4624,0.0,2.89,1.445
BM-sheet_1-14579,beam,1.2928,0.0,8.08,4.04
BM-sheet_1-14580,beam,0.3344,0.0,2.09,1.045
BM-sheet_1-14581,beam,1.1648,0.0,7.28,3.64
BM-sheet_1-14582,beam,0.6624,0.0,4.14,2.07
BM-sheet_1-14583,beam,1.8368,0.0,11.48,5.74
BM-sheet_1-14584,beam,1.696,0.0,10.6,5.3
BM-sheet_1-14585,beam,1.696,0.0,10.6,5.3
BM-sheet_1-14586,beam,2.862,0.0,12.72,5.3
BM-sheet_1-14587,beam,2.862,0.0,12.72,5.3
BM-sheet_1-14588,beam,1.1584,0.0,7.24,3.62
BM-sheet_1-14589,beam,1.0432,0.0,6.52,3.26
BM-sheet_1-14590,beam,0.7632,0.0,4.77,2.385
BM-sheet_1-14591,beam,0.504,0.0,3.15,1.575
BM-sheet_1-14592,beam,0.4,0.0,2.5,1.25
BM-sheet_1-14593,beam,0.4,0.0,2.5,1.25
BM-sheet_1-14594,beam,0.1472,0.0,0.92,0.46
BM-sheet_1-14595,beam,0.112,0.0,0.7,0.35
BM-sheet_1-14596,beam,0.224,0.0,1.4,0.7
BM-sheet_1-14597,beam,0.224,0.0,1.4,0.7
BM-sheet_1-14598,beam,0.4,0.0,2.5,1.25
BM-sheet_1-14599,beam,0.2976,0.0,1.86,0.93
BM-sheet_1-14600,beam,0.7776,0.0,4.86,2.43
BM-sheet_1-14601,beam,0.456,0.0,2.85,1.425
BM-sheet_1-14602,beam,0.696,0.0,4.35,2.175
BM-sheet_1-14603,beam,0.544,0.0,3.4,1.7
BM-sheet_1-14604,beam,0.544,0.0,3.4,1.7
BM-sheet_1-14605,beam,0.536,0.0,3.35,1.675
BM-sheet_1-14606,beam,0.112,0.0,0.7,0.35
BM-sheet_1-14607,beam,0.224,0.0,1.4,0.7
BM-sheet_1-14608,beam,0.112,0.0,0.7,0.35
BM-sheet_1-14609,beam,0.224,0.0,1.4,0.7
BM-sheet_1-14610,beam,0.488,0.0,3.05,1.525
BM-sheet_1-14611,beam,0.488,0.0,3.05,1.525
BM-sheet_1-14612,beam,0.56,0.0,3.5,1.75
BM-sheet_1-14613,beam,0.616,0.0,3.85,1.925
BM-sheet_1-14614,beam,0.456,0.0,2.85,1.425
BM-sheet_1-14615,beam,0.544,0.0,3.4,1.7
BM-sheet_1-14616,beam,0.44,0.0,2.75,1.375
BM-sheet_1-14617,beam,0.6,0.0,3.75,1.875
BM-sheet_1-14618,beam,0.48,0.0,3.0,1.5
BM-sheet_1-14619,beam,4.7887,0.0,19.003,7.601
BM-sheet_1-14620,beam,1.84,0.0,11.5,5.75
BM-sheet_1-14621,beam,1.84,0.0,11.5,5.75
BM-sheet_1-14622,beam,2.24,0.0,14.0,7.0
BM-sheet_1-14623,beam,2.24,0.0,14.0,7.0
BM-sheet_1-14624,beam,2.24,0.0,14.0,7.0
BM-sheet_1-14625,beam,2.24,0.0,14.0,7.0
BM-sheet_1-14626,beam,1.7104,0.0,10.69,5.345
BM-sheet_1-14627,beam,1.7104,0.0,10.69,5.345
BM-sheet_1-14628,beam,1.2864,0.0,8.04,4.02
BM-sheet_1-14629,beam,1.2864,0.0,8.04,4.02
BM-sheet_1-14630,beam,2.368,0.0,14.8,7.4
BM-sheet_1-14631,beam,2.368,0.0,14.8,7.4
BM-sheet_1-14632,beam,1.0176,0.0,6.36,3.18
BM-sheet_1-14633,beam,1.0176,0.0,6.36,3.18
BM-sheet_1-14634,beam,1.1655,0.0,4.625,1.85
BM-sheet_1-14635,beam,1.1655,0.0,4.625,1.85
BM-sheet_1-14636,beam,1.1655,0.0,4.625,1.85
BM-sheet_1-14637,beam,1.1655,0.0,4.625,1.85
BM-sheet_1-14638,beam,0.928,0.0,5.8,2.9
BM-sheet_1-14639,beam,0.957,0.0,5.981,2.991
BM-sheet_1-14640,beam,0.6457,0.0,4.035,2.018
BM-sheet_1-14641,beam,0.7105,0.0,4.441,2.22
BM-sheet_1-14642,beam,1.1893,0.0,7.433,3.717
BM-sheet_1-14643,beam,0.987,0.0,6.168,3.084
BM-sheet_1-14644,beam,0.9019,0.0,5.637,2.818
BM-sheet_1-14645,beam,1.0286,0.0,6.429,3.214
BM-sheet_1-14646,beam,4.158,0.0,18.48,7.7
BM-sheet_1-14647,beam,4.158,0.0,18.48,7.7
BM-sheet_1-14648,beam,1.89,0.0,7.5,3.0
BM-sheet_1-14649,beam,1.89,0.0,7.5,3.0
BM-sheet_1-14650,beam,1.62,0.0,7.2,3.0
BM-sheet_1-14651,beam,1.62,0.0,7.2,3.0
BM-sheet_1-14652,beam,3.996,0.0,17.76,7.4
BM-sheet_1-14653,beam,4.158,0.0,18.48,7.7
BM-sheet_1-14654,beam,1.1337,0.0,7.086,3.543
BM-sheet_1-14655,beam,1.1337,0.0,7.086,3.543
BM-sheet_1-14656,beam,0.734,0.0,4.588,2.294
BM-sheet_1-14657,beam,0.7338,0.0,4.587,2.293
BM-sheet_1-14658,beam,0.7338,0.0,4.586,2.293
BM-sheet_1-14659,beam,0.7341,0.0,4.588,2.294
BM-sheet_1-14660,beam,0.6908,0.0,4.317,2.159
BM-sheet_1-14661,beam,0.7227,0.0,4.517,2.258
BM-sheet_1-14662,beam,0.6601,0.0,4.126,2.063
BM-sheet_1-14663,beam,0.7714,0.0,4.821,2.411
BM-sheet_1-14664,beam,2.7404,0.0,10.875,4.35
BM-sheet_1-14665,beam,2.7404,0.0,10.875,4.35
BM-sheet_1-14666,beam,1.0432,0.0,6.52,3.26
BM-sheet_1-14667,beam,1.0432,0.0,6.52,3.26
BM-sheet_1-14668,beam,0.7478,0.0,4.674,2.337
BM-sheet_1-14669,beam,0.8217,0.0,5.136,2.568
BM-sheet_1-14670,beam,1.36,0.0,8.5,4.25
BM-sheet_1-14671,beam,1.36,0.0,8.5,4.25
BM-sheet_1-14672,beam,2.2932,0.0,9.1,3.64
BM-sheet_1-14673,beam,2.2932,0.0,9.1,3.64
BM-sheet_1-14674,beam,2.2932,0.0,9.1,3.64
BM-sheet_1-14675,beam,2.2932,0.0,9.1,3.64
BM-sheet_1-14676,beam,0.7251,0.0,4.532,2.266
BM-sheet_1-14677,beam,0.528,0.0,3.3,1.65
BM-sheet_1-14678,beam,0.7853,0.0,4.908,2.454
BM-sheet_1-14679,beam,1.125,0.0,5.75,2.5
BM-sheet_1-14680,beam,1.1043,0.0,5.644,2.454
BM-sheet_1-14681,beam,1.125,0.0,5.75,2.5
BM-sheet_1-14682,beam,1.5733,0.0,8.041,3.496
BM-sheet_1-14683,beam,1.5765,0.0,8.057,3.503
BM-sheet_1-14684,beam,1.121,0.0,7.006,3.503
BM-sheet_1-14685,beam,1.121,0.0,7.006,3.503
BM-sheet_1-14686,beam,1.5765,0.0,8.057,3.503
BM-sheet_1-14687,beam,1.5765,0.0,8.057,3.503
BM-sheet_1-14688,beam,2.304,0.0,14.4,7.2
BM-sheet_1-14689,beam,2.304,0.0,14.4,7.2
BM-sheet_1-14690,beam,2.56,0.0,16.0,8.0
BM-sheet_1-14691,beam,2.56,0.0,16.0,8.0
BM-sheet_1-14692,beam,2.4707,0.0,15.442,7.721
BM-sheet_1-14693,beam,2.4707,0.0,15.442,7.721
BM-sheet_1-14694,beam,3.6,0.0,18.4,8.0
BM-sheet_1-14695,beam,3.6,0.0,18.4,8.0
BM-sheet_1-14696,beam,3.375,0.0,17.25,7.5
BM-sheet_1-14697,beam,3.375,0.0,17.25,7.5
BM-sheet_1-14698,beam,2.24,0.0,14.0,7.0
BM-sheet_1-14699,beam,2.24,0.0,14.0,7.0
BM-sheet_1-14700,beam,2.24,0.0,14.0,7.0
BM-sheet_1-14701,beam,2.24,0.0,14.0,7.0
BM-sheet_1-14702,beam,2.176,0.0,13.6,6.8
BM-sheet_1-14703,beam,2.176,0.0,13.6,6.8
BM-sheet_1-14704,beam,4.284,0.0,17.0,6.8
BM-sheet_1-14705,beam,4.284,0.0,17.0,6.8
BM-sheet_1-14706,beam,3.24,0.0,16.56,7.2
BM-sheet_1-14707,beam,3.24,0.0,16.56,7.2
WL-sheet_1-0001,wall,1.7413,8.75,17.5,2.5
WL-sheet_1-0002,wall,0.0875,0.35,0.7,0.1
WL-sheet_1-0003,wall,0.6318,2.538,5.075,0.725
WL-sheet_1-0004,wall,2.7431,10.973,21.945,3.135
WL-sheet_1-0005,wall,7.1662,11.025,22.05,3.15
WL-sheet_1-0006,wall,1.036,5.18,10.36,1.48
WL-sheet_1-0007,wall,1.1717,1.89,3.78,0.54
WL-sheet_1-0008,wall,0.5776,2.888,5.776,0.825
WL-sheet_1-0009,wall,2.0912,10.456,20.912,2.987
WL-sheet_1-0010,wall,1.4278,7.175,14.35,2.05
WL-sheet_1-0011,wall,1.68,8.4,16.8,2.4
WL-sheet_1-0012,wall,2.492,12.46,24.92,3.56
WL-sheet_1-0013,wall,8.6677,21.669,43.338,6.191
WL-sheet_1-0014,wall,18.4187,18.419,36.837,5.262
WL-sheet_1-0015,wall,4.2088,21.044,42.088,6.013
WL-sheet_1-0016,wall,0.98,0.875,1.75,0.25
WL-sheet_1-0017,wall,33.6873,33.687,67.375,9.625
WL-sheet_1-0018,wall,12.9724,15.82,31.64,4.52
WL-sheet_1-0019,wall,2.3783,11.891,23.783,3.398
WL-sheet_1-0020,wall,0.9275,4.637,9.275,1.325
WL-sheet_1-0021,wall,0.5775,2.887,5.775,0.825
WL-sheet_1-0022,wall,1.245,6.256,12.512,1.787
WL-sheet_1-0023,wall,0.1393,0.7,1.4,0.2
WL-sheet_1-0024,wall,1.834,9.17,18.34,2.62
WL-sheet_1-0025,wall,2.5681,10.273,20.545,2.935
WL-sheet_1-0026,wall,1.61,6.44,12.88,1.84
WL-sheet_1-0027,wall,1.011,4.06,8.12,1.16
WL-sheet_1-0028,wall,0.175,0.7,1.4,0.2
WL-sheet_1-0029,wall,5.222,26.11,52.22,7.46
WL-sheet_1-0030,wall,2.6119,10.448,20.895,2.985
WL-sheet_1-0031,wall,1.3344,5.337,10.675,1.525
WL-sheet_1-0032,wall,5.8485,29.242,58.485,8.355
WL-sheet_1-0033,wall,1.771,8.855,17.71,2.53
WL-sheet_1-0034,wall,35.4484,88.621,177.242,25.32
WL-sheet_1-0035,wall,4.959,9.555,19.11,2.73
WL-sheet_1-0036,wall,19.2849,19.285,38.57,5.51
WL-sheet_1-0037,wall,6.8181,17.045,34.09,4.87
WL-sheet_1-0038,wall,12.1506,9.205,18.41,2.63
WL-sheet_1-0039,wall,1.155,0.875,1.75,0.25
WL-sheet_1-0040,wall,0.6781,2.713,5.425,0.775
WL-sheet_1-0041,wall,19.082,47.705,95.41,13.63
WL-sheet_1-0042,wall,59.5961,149.364,298.727,42.675
WL-sheet_1-0043,wall,3.5521,17.85,35.7,5.1
WL-sheet_1-0044,wall,12.6942,31.735,63.471,9.067
WL-sheet_1-0045,wall,49.705,124.574,249.148,35.593
WL-sheet_1-0046,wall,3.2736,16.45,32.9,4.7
WL-sheet_1-0047,wall,3.5236,17.618,35.236,5.034
WL-sheet_1-0048,wall,5.4486,13.656,27.311,3.902
WL-sheet_1-0049,wall,9.8039,24.51,49.02,7.003
WL-sheet_1-0050,wall,8.2033,18.23,36.459,5.208
WL-sheet_1-0051,wall,7.018,11.716,23.432,3.347
WL-sheet_1-0052,wall,4.0358,6.738,13.475,1.925
WL-sheet_1-0053,wall,11.256,18.76,37.52,5.36
WL-sheet_1-0054,wall,3.019,5.04,10.08,1.44
WL-sheet_1-0055,wall,7.1281,11.9,23.8,3.4
WL-sheet_1-0056,wall,7.0297,11.716,23.432,3.347
WL-sheet_1-0057,wall,4.809,8.015,16.03,2.29
WL-sheet_1-0058,wall,11.256,18.76,37.52,5.36
WL-sheet_1-0059,wall,3.019,5.04,10.08,1.44
WL-sheet_1-0060,wall,7.1281,11.9,23.8,3.4
WL-sheet_1-0061,wall,7.0297,11.716,23.432,3.347
WL-sheet_1-0062,wall,4.0358,6.737,13.475,1.925
WL-sheet_1-0063,wall,11.2372,18.76,37.52,5.36
WL-sheet_1-0064,wall,3.019,5.04,10.08,1.44
WL-sheet_1-0065,wall,7.1281,11.9,23.8,3.4
WL-sheet_1-0066,wall,7.0297,11.716,23.432,3.347
WL-sheet_1-0067,wall,4.0358,6.737,13.475,1.925
WL-sheet_1-0068,wall,11.2372,18.76,37.52,5.36
WL-sheet_1-0069,wall,3.019,5.04,10.08,1.44
WL-sheet_1-0070,wall,7.1281,11.9,23.8,3.4
WL-sheet_1-0071,wall,7.018,11.716,23.432,3.347
WL-sheet_1-0072,wall,11.2792,18.83,37.66,5.38
WL-sheet_1-0073,wall,13.0088,21.718,43.435,6.205
WL-sheet_1-0074,wall,3.024,5.04,10.08,1.44
WL-sheet_1-0075,wall,6.604,11.025,22.05,3.15
WL-sheet_1-0076,wall,7.0297,11.716,23.432,3.347
WL-sheet_1-0077,wall,7.0297,11.716,23.432,3.347
WL-sheet_1-0078,wall,7.14,11.9,23.8,3.4
WL-sheet_1-0079,wall,3.024,5.04,10.08,1.44
WL-sheet_1-0080,wall,11.256,18.76,37.52,5.36
WL-sheet_1-0081,wall,4.0425,6.737,13.475,1.925
WL-sheet_1-0082,wall,11.508,28.77,57.54,8.22
WL-sheet_1-0083,wall,6.9394,11.585,23.17,3.31
WL-sheet_1-0084,wall,0.4594,1.838,3.675,0.525
WL-sheet_1-0085,wall,1.8084,7.263,14.525,2.075
WL-sheet_1-0086,wall,0.9277,3.726,7.452,1.065
WL-sheet_1-0087,wall,0.0981,0.394,0.788,0.113
WL-sheet_1-0088,wall,0.6867,2.747,5.494,0.785
WL-sheet_1-0089,wall,1.6306,1.7,3.401,0.486
WL-sheet_1-0090,wall,1.4963,5.985,11.97,1.71
WL-sheet_1-0091,wall,0.63,2.52,5.04,0.72
WL-sheet_1-0092,wall,1.8375,7.35,14.7,2.1
WL-sheet_1-0093,wall,2.7539,11.06,22.12,3.16
WL-sheet_1-0094,wall,1.316,5.285,10.57,1.51
WL-sheet_1-0095,wall,5.8804,23.616,47.233,6.748
WL-sheet_1-0096,wall,1.3857,5.565,11.13,1.59
WL-sheet_1-0097,wall,1.8288,7.315,14.63,2.09
WL-sheet_1-0098,wall,8.7334,6.265,12.53,1.79
WL-sheet_1-0099,wall,1.7125,6.877,13.755,1.965
WL-sheet_1-0100,wall,0.3486,1.4,2.8,0.4
WL-sheet_1-0101,wall,1.3116,5.268,10.535,1.505
WL-sheet_1-0102,wall,1.4,5.6,11.2,1.6
WL-sheet_1-0103,wall,2.1613,8.68,17.36,2.48
WL-sheet_1-0104,wall,1.8302,7.35,14.7,2.1
WL-sheet_1-0105,wall,0.6623,2.66,5.32,0.76
WL-sheet_1-0106,wall,1.3443,5.399,10.797,1.542
WL-sheet_1-0107,wall,4.4927,17.971,35.941,5.134
WL-sheet_1-0108,wall,0.8925,3.57,7.14,1.02
WL-sheet_1-0109,wall,6.1408,24.563,49.127,7.018
WL-sheet_1-0110,wall,0.0,0.0,0.0,0.0
WL-sheet_1-0111,wall,0.0,0.0,0.0,0.0
WL-sheet_1-0112,wall,0.8094,3.238,6.475,0.925
WL-sheet_1-0113,wall,0.1094,0.437,0.875,0.125
WL-sheet_1-0114,wall,0.0588,0.236,0.472,0.067
WL-sheet_1-0115,wall,0.1094,0.437,0.875,0.125
WL-sheet_1-0116,wall,0.245,0.98,1.96,0.28
WL-sheet_1-0117,wall,0.7219,2.887,5.775,0.825
WL-sheet_1-0118,wall,1.7063,6.825,13.65,1.95
WL-sheet_1-0119,wall,0.1006,0.403,0.805,0.115
WL-sheet_1-0120,wall,0.6212,2.485,4.97,0.71
WL-sheet_1-0121,wall,1.0062,4.025,8.05,1.15
WL-sheet_1-0122,wall,1.2425,4.97,9.94,1.42
WL-sheet_1-0123,wall,0.7131,2.853,5.705,0.815
WL-sheet_1-0124,wall,1.4875,5.95,11.9,1.7
WL-sheet_1-0125,wall,0.3719,1.488,2.975,0.425
WL-sheet_1-0126,wall,0.0,0.0,0.0,0.0
WL-sheet_1-0127,wall,0.0438,0.175,0.35,0.05
WL-sheet_1-0128,wall,0.3094,1.242,2.485,0.355
WL-sheet_1-0129,wall,0.0,0.0,0.0,0.0
WL-sheet_1-0130,wall,0.1089,0.437,0.875,0.125
WL-sheet_1-0131,wall,0.1656,0.665,1.33,0.19
WL-sheet_1-0132,wall,2.7343,10.981,21.963,3.138
WL-sheet_1-0133,wall,0.0,0.0,0.0,0.0
WL-sheet_1-0134,wall,0.0,0.0,0.0,0.0
WL-sheet_1-0135,wall,1.2775,5.11,10.22,1.46
WL-sheet_1-0136,wall,6.8834,27.534,55.067,7.867
WL-sheet_1-0137,wall,0.4575,1.837,3.675,0.525
WL-sheet_1-0138,wall,0.4575,1.837,3.675,0.525
WL-sheet_1-0139,wall,0.7408,2.975,5.95,0.85
WL-sheet_1-0140,wall,2.17,8.68,17.36,2.48
WL-sheet_1-0141,wall,1.8302,7.35,14.7,2.1
WL-sheet_1-0142,wall,1.1417,4.585,9.17,1.31
WL-sheet_1-0143,wall,9.5384,6.843,13.685,1.955
WL-sheet_1-0144,wall,1.7194,6.878,13.755,1.965
WL-sheet_1-0145,wall,1.3116,5.267,10.535,1.505
WL-sheet_1-0146,wall,1.4,5.6,11.2,1.6
WL-sheet_1-0147,wall,0.3704,1.487,2.975,0.425
WL-sheet_1-0148,wall,16.4794,11.06,22.12,3.16
WL-sheet_1-0149,wall,1.4131,5.653,11.305,1.615
WL-sheet_1-0150,wall,1.7779,7.14,14.28,2.04
WL-sheet_1-0151,wall,0.2135,0.857,1.715,0.245
WL-sheet_1-0152,wall,0.4837,1.942,3.885,0.555
WL-sheet_1-0153,wall,1.8302,7.35,14.7,2.1
WL-sheet_1-0154,wall,2.7539,11.06,22.12,3.16
WL-sheet_1-0155,wall,1.4963,5.985,11.97,1.71
WL-sheet_1-0156,wall,2.7583,11.078,22.155,3.165
WL-sheet_1-0157,wall,0.9625,3.85,7.7,1.1
WL-sheet_1-0158,wall,2.1612,8.645,17.29,2.47
WL-sheet_1-0159,wall,2.94,11.76,23.52,3.36
WL-sheet_1-0160,wall,2.852,11.454,22.908,3.273
WL-sheet_1-0161,wall,2.7452,11.025,22.05,3.15
WL-sheet_1-0162,wall,1.26,5.04,10.08,1.44
WL-sheet_1-0163,wall,4.3838,17.535,35.07,5.01
WL-sheet_1-0164,wall,1.8397,7.359,14.717,2.102
WL-sheet_1-0165,wall,2.7888,11.2,22.4,3.2
WL-sheet_1-0166,wall,0.9804,3.938,7.875,1.125
WL-sheet_1-0167,wall,2.7535,2.756,5.513,0.788
WL-sheet_1-0168,wall,0.4594,1.838,3.675,0.525
WL-sheet_1-0169,wall,1.8345,7.368,14.735,2.105
WL-sheet_1-0170,wall,1.9086,1.277,2.555,0.365
WL-sheet_1-0171,wall,0.305,1.225,2.45,0.35
WL-sheet_1-0172,wall,1.4903,5.985,11.97,1.71
WL-sheet_1-0173,wall,1.8301,7.35,14.7,2.1
WL-sheet_1-0174,wall,1.1754,0.823,1.645,0.235
WL-sheet_1-0175,wall,0.9238,3.71,7.42,1.06
WL-sheet_1-0176,wall,2.7539,11.06,22.12,3.16
WL-sheet_1-0177,wall,1.5905,6.387,12.775,1.825
WL-sheet_1-0178,wall,2.2049,8.855,17.71,2.53
WL-sheet_1-0179,wall,1.7779,7.14,14.28,2.04
WL-sheet_1-0180,wall,0.4837,1.942,3.885,0.555
WL-sheet_1-0181,wall,0.2135,0.858,1.715,0.245
WL-sheet_1-0182,wall,5.7728,23.091,46.182,6.597
WL-sheet_1-0183,wall,8.7334,6.265,12.53,1.79
WL-sheet_1-0184,wall,1.7125,6.877,13.755,1.965
WL-sheet_1-0185,wall,0.3704,1.488,2.975,0.425
WL-sheet_1-0186,wall,0.5005,0.91,1.82,0.26
WL-sheet_1-0187,wall,1.4131,5.653,11.305,1.615
WL-sheet_1-0188,wall,1.3169,5.267,10.535,1.505
WL-sheet_1-0189,wall,1.4,5.6,11.2,1.6
WL-sheet_1-0190,wall,2.17,8.68,17.36,2.48
WL-sheet_1-0191,wall,1.8302,7.35,14.7,2.1
WL-sheet_1-0192,wall,0.4445,1.785,3.57,0.51
WL-sheet_1-0193,wall,1.3081,5.232,10.465,1.495
WL-sheet_1-0194,wall,4.7285,18.99,37.98,5.426
WL-sheet_1-0195,wall,1.5231,6.117,12.234,1.748
WL-sheet_1-0196,wall,4.7109,18.844,37.687,5.384
WL-sheet_1-0197,wall,1.2215,4.906,9.811,1.402
WL-sheet_1-0198,wall,0.4572,1.829,3.657,0.522
WL-sheet_1-0199,wall,0.0,0.0,0.0,0.0
WL-sheet_1-0200,wall,0.0,0.0,0.0,0.0
WL-sheet_1-0201,wall,2.3363,9.345,18.69,2.67
WL-sheet_1-0202,wall,2.998,12.04,24.08,3.44
WL-sheet_1-0203,wall,2.415,9.66,19.32,2.76
WL-sheet_1-0204,wall,0.0,0.0,0.0,0.0
WL-sheet_1-0205,wall,0.0219,0.088,0.175,0.025
WL-sheet_1-0206,wall,0.1089,0.438,0.875,0.125
WL-sheet_1-0207,wall,0.5207,2.091,4.182,0.597
WL-sheet_1-0208,wall,0.0,0.0,0.0,0.0
WL-sheet_1-0209,wall,0.0,0.0,0.0,0.0
WL-sheet_1-0210,wall,0.0654,0.263,0.525,0.075
WL-sheet_1-0211,wall,0.0787,0.315,0.63,0.09
WL-sheet_1-0212,wall,0.6213,2.485,4.97,0.71
WL-sheet_1-0213,wall,0.1094,0.437,0.875,0.125
WL-sheet_1-0214,wall,0.0,0.0,0.0,0.0
WL-sheet_1-0215,wall,0.1089,0.438,0.875,0.125
WL-sheet_1-0216,wall,0.0,0.0,0.0,0.0
WL-sheet_1-0217,wall,0.1089,0.437,0.875,0.125
WL-sheet_1-0218,wall,0.0,0.0,0.0,0.0
WL-sheet_1-0219,wall,0.0,0.0,0.0,0.0
WL-sheet_1-0220,wall,0.0,0.0,0.0,0.0
WL-sheet_1-0221,wall,0.1089,0.437,0.875,0.125
WL-sheet_1-0222,wall,3.5,14.0,28.0,4.0
WL-sheet_1-0223,wall,0.91,3.64,7.28,1.04
WL-sheet_1-0224,wall,0.8454,3.395,6.79,0.97
WL-sheet_1-0225,wall,0.6956,2.783,5.565,0.795
WL-sheet_1-0226,wall,2.4141,9.695,19.39,2.77
WL-sheet_1-0227,wall,0.1094,0.437,0.875,0.125
WL-sheet_1-0228,wall,0.9107,3.658,7.315,1.045
WL-sheet_1-0229,wall,6.4961,25.985,51.969,7.424
WL-sheet_1-0230,wall,0.4375,1.75,3.5,0.5
WL-sheet_1-0231,wall,0.4594,1.838,3.675,0.525
WL-sheet_1-0232,wall,0.3413,1.365,2.73,0.39
WL-sheet_1-0233,wall,1.471,1.382,2.765,0.395
WL-sheet_1-0234,wall,2.1613,8.68,17.36,2.48
WL-sheet_1-0235,wall,1.8301,7.35,14.7,2.1
WL-sheet_1-0236,wall,1.4,5.6,11.2,1.6
WL-sheet_1-0237,wall,1.4118,5.67,11.34,1.62
WL-sheet_1-0238,wall,7.7576,5.565,11.13,1.59
WL-sheet_1-0239,wall,7.867,5.915,11.83,1.69
WL-sheet_1-0240,wall,2.384,4.183,8.365,1.195
WL-sheet_1-0241,wall,16.5986,11.147,22.295,3.185
WL-sheet_1-0242,wall,1.8432,7.403,14.805,2.115
WL-sheet_1-0243,wall,1.7937,7.175,14.35,2.05
WL-sheet_1-0244,wall,2.7104,10.885,21.77,3.11
WL-sheet_1-0245,wall,1.1025,4.41,8.82,1.26
WL-sheet_1-0246,wall,1.4903,5.985,11.97,1.71
WL-sheet_1-0247,wall,0.9586,3.85,7.7,1.1
WL-sheet_1-0248,wall,0.7263,2.905,5.81,0.83
WL-sheet_1-0249,wall,0.414,1.663,3.325,0.475
WL-sheet_1-0250,wall,2.7452,11.025,22.05,3.15
WL-sheet_1-0251,wall,1.255,5.04,10.08,1.44
WL-sheet_1-0252,wall,4.3662,17.535,35.07,5.01
WL-sheet_1-0253,wall,1.5251,6.125,12.25,1.75
WL-sheet_1-0254,wall,4.6375,18.55,37.1,5.3
WL-sheet_1-0255,wall,6.825,27.3,54.6,7.8
WL-sheet_1-0256,wall,6.7977,27.3,54.6,7.8
WL-sheet_1-0257,wall,6.7977,27.3,54.6,7.8
WL-sheet_1-0258,wall,4.6375,18.55,37.1,5.3
WL-sheet_1-0259,wall,6.7977,27.3,54.6,7.8
WL-sheet_1-0260,wall,6.7977,27.3,54.6,7.8
WL-sheet_1-0261,wall,6.7977,27.3,54.6,7.8
WL-sheet_1-0262,wall,0.9844,3.937,7.875,1.125
WL-sheet_1-0263,wall,6.3328,5.066,10.133,1.448
WL-sheet_1-0264,wall,0.4575,1.837,3.675,0.525
WL-sheet_1-0265,wall,0.3062,1.225,2.45,0.35
WL-sheet_1-0266,wall,2.3818,1.593,3.186,0.455
WL-sheet_1-0267,wall,1.4962,5.985,11.97,1.71
WL-sheet_1-0268,wall,1.7256,6.93,13.86,1.98
WL-sheet_1-0269,wall,2.765,11.06,22.12,3.16
WL-sheet_1-0270,wall,0.9581,3.833,7.665,1.095
WL-sheet_1-0271,wall,2.2138,8.855,17.71,2.53
WL-sheet_1-0272,wall,1.7779,7.14,14.28,2.04
WL-sheet_1-0273,wall,0.2135,0.857,1.715,0.245
WL-sheet_1-0274,wall,0.4837,1.942,3.885,0.555
WL-sheet_1-0275,wall,5.8369,23.441,46.882,6.697
WL-sheet_1-0276,wall,1.4131,5.653,11.305,1.615
WL-sheet_1-0277,wall,0.5005,0.91,1.82,0.26
WL-sheet_1-0278,wall,0.3704,1.488,2.975,0.425
WL-sheet_1-0279,wall,1.4696,5.267,10.535,1.505
WL-sheet_1-0280,wall,1.4,5.6,11.2,1.6
WL-sheet_1-0281,wall,1.7125,6.878,13.755,1.965
WL-sheet_1-0282,wall,8.7334,6.265,12.53,1.79
WL-sheet_1-0283,wall,2.17,8.68,17.36,2.48
WL-sheet_1-0284,wall,1.8302,7.35,14.7,2.1
WL-sheet_1-0285,wall,1.3081,5.232,10.465,1.495
WL-sheet_1-0286,wall,1.9958,8.015,16.031,2.29
WL-sheet_1-0287,wall,6.8267,27.307,54.614,7.802
WL-sheet_1-0288,wall,5.8336,23.428,46.856,6.694
WL-sheet_1-0289,wall,1.4421,5.768,11.537,1.648
WL-sheet_1-0290,wall,0.8838,3.535,7.07,1.01
WL-sheet_1-0291,wall,0.7705,3.082,6.164,0.881
WL-sheet_1-0292,wall,1.155,4.62,9.24,1.32
WL-sheet_1-0293,wall,0.35,1.4,2.8,0.4
WL-sheet_1-0294,wall,1.155,4.62,9.24,1.32
WL-sheet_1-0295,wall,1.155,4.62,9.24,1.32
WL-sheet_1-0296,wall,0.6193,2.487,4.974,0.711
WL-sheet_1-0297,wall,1.5925,6.37,12.74,1.82
WL-sheet_1-0298,wall,7.691,30.887,61.775,8.825
WL-sheet_1-0299,wall,0.0,0.0,0.0,0.0
WL-sheet_1-0300,wall,0.0,0.0,0.0,0.0
WL-sheet_1-0301,wall,1.1069,4.427,8.855,1.265
WL-sheet_1-0302,wall,1.2688,5.075,10.15,1.45
WL-sheet_1-0303,wall,0.0,0.0,0.0,0.0
WL-sheet_1-0304,wall,0.1089,0.437,0.875,0.125
WL-sheet_1-0305,wall,0.0,0.0,0.0,0.0
WL-sheet_1-0306,wall,2.107,10.535,21.07,3.01
WL-sheet_1-0307,wall,0.0218,0.087,0.175,0.025
WL-sheet_1-0308,wall,0.0,0.0,0.0,0.0
WL-sheet_1-0309,wall,0.2669,1.067,2.135,0.305
WL-sheet_1-0310,wall,1.015,4.06,8.12,1.16
WL-sheet_1-0311,wall,0.0,0.0,0.0,0.0
WL-sheet_1-0312,wall,0.0,0.0,0.0,0.0
WL-sheet_1-0313,wall,2.6775,10.71,21.42,3.06
WL-sheet_1-0314,wall,0.0,0.0,0.0,0.0
WL-sheet_1-0315,wall,0.0,0.0,0.0,0.0
WL-sheet_1-0316,wall,0.1094,0.437,0.875,0.125
WL-sheet_1-0317,wall,0.0588,0.236,0.472,0.067
WL-sheet_1-0318,wall,1.2688,5.075,10.15,1.45
WL-sheet_1-0319,wall,1.6538,6.615,13.23,1.89
WL-sheet_1-0320,wall,1.0762,4.305,8.61,1.23
WL-sheet_1-0321,wall,0.3485,1.394,2.788,0.398
WL-sheet_1-0322,wall,0.0,0.0,0.0,0.0
WL-sheet_1-0323,wall,0.0,0.0,0.0,0.0
WL-sheet_1-0324,wall,0.1094,0.437,0.875,0.125
WL-sheet_1-0325,wall,0.5177,2.203,4.406,0.629
WL-sheet_1-0326,wall,0.4318,1.837,3.675,0.525
WL-sheet_1-0327,wall,0.3256,1.391,2.782,0.397
WL-sheet_1-0328,wall,0.9155,0.814,1.628,0.233
WL-sheet_1-0329,wall,0.878,3.526,7.053,1.008
WL-sheet_1-0330,wall,2.1613,8.68,17.36,2.48
WL-sheet_1-0331,wall,1.8375,7.35,14.7,2.1
WL-sheet_1-0332,wall,1.4,5.6,11.2,1.6
WL-sheet_1-0333,wall,1.2687,5.075,10.15,1.45
WL-sheet_1-0334,wall,9.5384,6.843,13.685,1.955
WL-sheet_1-0335,wall,1.7125,6.877,13.755,1.965
WL-sheet_1-0336,wall,0.3719,1.488,2.975,0.425
WL-sheet_1-0337,wall,1.3169,5.268,10.535,1.505
WL-sheet_1-0338,wall,16.4794,11.06,22.12,3.16
WL-sheet_1-0339,wall,1.4075,5.652,11.305,1.615
WL-sheet_1-0340,wall,1.7779,7.14,14.28,2.04
WL-sheet_1-0341,wall,0.2135,0.857,1.715,0.245
WL-sheet_1-0342,wall,0.4856,1.942,3.885,0.555
WL-sheet_1-0343,wall,2.8634,11.454,22.907,3.272
WL-sheet_1-0344,wall,2.7563,11.025,22.05,3.15
WL-sheet_1-0345,wall,1.255,5.04,10.08,1.44
WL-sheet_1-0346,wall,4.3662,17.535,35.07,5.01
WL-sheet_1-0347,wall,1.5312,6.125,12.25,1.75
WL-sheet_1-0348,wall,1.6994,6.825,13.65,1.95
WL-sheet_1-0349,wall,2.2138,8.855,17.71,2.53
WL-sheet_1-0350,wall,2.765,11.06,22.12,3.16
WL-sheet_1-0351,wall,1.8302,7.35,14.7,2.1
WL-sheet_1-0352,wall,1.4903,5.985,11.97,1.71
WL-sheet_1-0353,wall,0.7263,2.905,5.81,0.83
WL-sheet_1-0354,wall,1.2,4.8,9.6,1.371
WL-sheet_1-0355,wall,6.972,28.0,56.0,8.0
WL-sheet_1-0356,wall,13.5669,54.268,108.535,15.505
WL-sheet_1-0357,wall,1.4772,5.932,11.865,1.695
WL-sheet_1-0358,wall,0.0105,0.042,0.084,0.012
WL-sheet_1-0359,wall,2.3909,9.564,19.127,2.732
WL-sheet_1-0360,wall,0.0,0.0,0.0,0.0
WL-sheet_1-0361,wall,0.0,0.0,0.0,0.0
WL-sheet_1-0362,wall,0.0,0.0,0.0,0.0
WL-sheet_1-0363,wall,0.0,0.0,0.0,0.0
WL-sheet_1-0364,wall,0.0,0.0,0.0,0.0
WL-sheet_1-0365,wall,0.0,0.0,0.0,0.0
WL-sheet_1-0366,wall,0.1094,0.437,0.875,0.125
WL-sheet_1-0367,wall,0.0,0.0,0.0,0.0
WL-sheet_1-0368,wall,2.6337,10.535,21.07,3.01
WL-sheet_1-0369,wall,2.5579,10.272,20.545,2.935
WL-sheet_1-0370,wall,1.8191,2.362,4.725,0.675
WL-sheet_1-0371,wall,0.0,0.0,0.0,0.0
WL-sheet_1-0372,wall,0.2658,1.067,2.135,0.305
WL-sheet_1-0373,wall,2.8831,11.532,23.065,3.295
WL-sheet_1-0374,wall,2.6668,10.71,21.42,3.06
WL-sheet_1-0375,wall,3.1723,12.74,25.48,3.64
WL-sheet_1-0376,wall,0.0,0.0,0.0,0.0
WL-sheet_1-0377,wall,0.0,0.0,0.0,0.0
WL-sheet_1-0378,wall,0.0,0.0,0.0,0.0
WL-sheet_1-0379,wall,0.0,0.0,0.0,0.0
WL-sheet_1-0380,wall,0.0,0.0,0.0,0.0
WL-sheet_1-0381,wall,5.9877,25.588,51.177,7.311
WL-sheet_1-0382,wall,6.0697,25.939,51.878,7.411
WL-sheet_1-0383,wall,0.0,0.0,0.0,0.0
WL-sheet_1-0384,wall,0.0,0.0,0.0,0.0
WL-sheet_1-0385,wall,0.0,0.0,0.0,0.0
WL-sheet_1-0386,wall,0.6909,2.94,5.88,0.84
WL-sheet_1-0387,wall,1.0857,4.62,9.24,1.32
WL-sheet_1-0388,wall,0.5323,2.275,4.55,0.65
WL-sheet_1-0389,wall,0.0,0.0,0.0,0.0
WL-sheet_1-0390,wall,0.0,0.0,0.0,0.0
WL-sheet_1-0391,wall,0.6924,0.753,1.505,0.215
WL-sheet_1-0392,wall,1.5751,6.702,13.405,1.915
WL-sheet_1-0393,wall,1.0442,4.463,8.925,1.275
WL-sheet_1-0394,wall,0.0656,0.262,0.525,0.075
WL-sheet_1-0395,wall,1.7828,7.131,14.263,2.038
WL-sheet_1-0396,wall,0.0,0.0,0.0,0.0
WL-sheet_1-0397,wall,0.0,0.0,0.0,0.0
WL-sheet_1-0398,wall,0.0,0.0,0.0,0.0
WL-sheet_1-0399,wall,1.6297,6.545,13.09,1.87
WL-sheet_1-0400,wall,4.5057,18.095,36.19,5.17
WL-sheet_1-0401,wall,3.2432,12.973,25.946,3.707
WL-sheet_1-0402,wall,3.3463,13.385,26.77,3.824
WL-sheet_1-0403,wall,1.855,7.42,14.84,2.12
WL-sheet_1-0404,wall,0.1089,0.437,0.875,0.125
WL-sheet_1-0405,wall,0.0219,0.087,0.175,0.025
WL-sheet_1-0406,wall,0.4594,1.838,3.675,0.525
WL-sheet_1-0407,wall,1.926,7.735,15.47,2.21
WL-sheet_1-0408,wall,0.9804,3.937,7.875,1.125
WL-sheet_1-0409,wall,16.3887,16.74,33.48,4.783
WL-sheet_1-0410,wall,0.3063,1.225,2.45,0.35
WL-sheet_1-0411,wall,1.9086,1.277,2.555,0.365
WL-sheet_1-0412,wall,1.4903,5.985,11.97,1.71
WL-sheet_1-0413,wall,1.1762,0.822,1.645,0.235
WL-sheet_1-0414,wall,1.2942,5.198,10.395,1.485
WL-sheet_1-0415,wall,0.5687,2.275,4.55,0.65
WL-sheet_1-0416,wall,1.8375,7.35,14.7,2.1
WL-sheet_1-0417,wall,2.765,11.06,22.12,3.16
WL-sheet_1-0418,wall,6.4905,26.066,52.133,7.448
WL-sheet_1-0419,wall,2.2138,8.855,17.71,2.53
WL-sheet_1-0420,wall,0.4837,1.942,3.885,0.555
WL-sheet_1-0421,wall,0.2144,0.857,1.715,0.245
WL-sheet_1-0422,wall,1.785,7.14,14.28,2.04
WL-sheet_1-0423,wall,0.4968,1.995,3.99,0.57
WL-sheet_1-0424,wall,1.4131,5.652,11.305,1.615
WL-sheet_1-0425,wall,0.5005,0.91,1.82,0.26
WL-sheet_1-0426,wall,0.3704,1.488,2.975,0.425
WL-sheet_1-0427,wall,1.7194,6.878,13.755,1.965
WL-sheet_1-0428,wall,8.7334,6.265,12.53,1.79
WL-sheet_1-0429,wall,1.3169,5.267,10.535,1.505
WL-sheet_1-0430,wall,1.4,5.6,11.2,1.6
WL-sheet_1-0431,wall,2.17,8.68,17.36,2.48
WL-sheet_1-0432,wall,1.8302,7.35,14.7,2.1
WL-sheet_1-0433,wall,3.8584,15.495,30.991,4.427
WL-sheet_1-0434,wall,0.1002,0.402,0.805,0.115
WL-sheet_1-0435,wall,0.3062,1.23,2.459,0.351
WL-sheet_1-0436,wall,5.0679,20.353,40.706,5.815
WL-sheet_1-0437,wall,0.2309,0.927,1.855,0.265
WL-sheet_1-0438,wall,1.0762,4.305,8.61,1.23
WL-sheet_1-0439,wall,0.0,0.0,0.0,0.0
WL-sheet_1-0440,wall,0.0,0.0,0.0,0.0
WL-sheet_1-0441,wall,0.0,0.0,0.0,0.0
WL-sheet_1-0442,wall,0.0,0.0,0.0,0.0
WL-sheet_1-0443,wall,1.8191,2.362,4.725,0.675
WL-sheet_1-0444,wall,0.0,0.0,0.0,0.0
WL-sheet_1-0445,wall,2.5579,10.272,20.545,2.935
WL-sheet_1-0446,wall,0.2669,1.068,2.135,0.305
WL-sheet_1-0447,wall,2.9181,11.673,23.345,3.335
WL-sheet_1-0448,wall,2.0611,8.278,16.555,2.365
WL-sheet_1-0449,wall,2.6469,10.587,21.175,3.025
WL-sheet_1-0450,wall,0.0,0.0,0.0,0.0
WL-sheet_1-0451,wall,0.0,0.0,0.0,0.0
WL-sheet_1-0452,wall,0.0,0.0,0.0,0.0
WL-sheet_1-0453,wall,0.805,0.875,1.75,0.25
WL-sheet_1-0454,wall,0.0,0.0,0.0,0.0
WL-sheet_1-0455,wall,5.9937,23.975,47.95,6.85
WL-sheet_1-0456,wall,0.0,0.0,0.0,0.0
WL-sheet_1-0457,wall,0.0,0.0,0.0,0.0
WL-sheet_1-0458,wall,1.0061,4.025,8.049,1.15
WL-sheet_1-0459,wall,0.1094,0.437,0.875,0.125
WL-sheet_1-0460,wall,0.0741,0.297,0.595,0.085
WL-sheet_1-0461,wall,0.1006,0.438,0.875,0.125
WL-sheet_1-0462,wall,2.6232,10.535,21.07,3.01
WL-sheet_1-0463,wall,0.1089,0.437,0.875,0.125
WL-sheet_1-0464,wall,0.1094,0.437,0.875,0.125
WL-sheet_1-0465,wall,2.3379,9.389,18.778,2.683
WL-sheet_1-0466,wall,6.8739,27.496,54.991,7.856
WL-sheet_1-0467,wall,0.4358,1.75,3.5,0.5
WL-sheet_1-0468,wall,0.4575,1.838,3.675,0.525
WL-sheet_1-0469,wall,0.3413,1.365,2.73,0.39
WL-sheet_1-0470,wall,0.897,0.787,1.575,0.225
WL-sheet_1-0471,wall,0.8846,3.553,7.105,1.015
WL-sheet_1-0472,wall,2.17,8.68,17.36,2.48
WL-sheet_1-0473,wall,1.8302,7.35,14.7,2.1
WL-sheet_1-0474,wall,1.2637,5.075,10.15,1.45
WL-sheet_1-0475,wall,9.5384,6.843,13.685,1.955
WL-sheet_1-0476,wall,1.3944,5.6,11.2,1.6
WL-sheet_1-0477,wall,1.7194,6.877,13.755,1.965
WL-sheet_1-0478,wall,1.3116,5.268,10.535,1.505
WL-sheet_1-0479,wall,0.3719,1.488,2.975,0.425
WL-sheet_1-0480,wall,16.4794,11.06,22.12,3.16
WL-sheet_1-0481,wall,1.4075,5.652,11.305,1.615
WL-sheet_1-0482,wall,1.785,7.14,14.28,2.04
WL-sheet_1-0483,wall,0.4837,1.942,3.885,0.555
WL-sheet_1-0484,wall,0.2135,0.857,1.715,0.245
WL-sheet_1-0485,wall,3.2638,13.108,26.215,3.745
WL-sheet_1-0486,wall,2.7539,11.06,22.12,3.16
WL-sheet_1-0487,wall,1.8302,7.35,14.7,2.1
WL-sheet_1-0488,wall,1.4962,5.985,11.97,1.71
WL-sheet_1-0489,wall,1.1025,4.41,8.82,1.26
WL-sheet_1-0490,wall,2.852,11.454,22.907,3.272
WL-sheet_1-0491,wall,2.7562,11.025,22.05,3.15
WL-sheet_1-0492,wall,1.255,5.04,10.08,1.44
WL-sheet_1-0493,wall,4.3662,17.535,35.07,5.01
WL-sheet_1-0494,wall,1.5312,6.125,12.25,1.75
WL-sheet_1-0495,wall,0.4594,1.838,3.675,0.525
WL-sheet_1-0496,wall,1.9337,7.735,15.47,2.21
WL-sheet_1-0497,wall,0.9844,3.938,7.875,1.125
WL-sheet_1-0498,wall,0.1663,0.665,1.33,0.19
WL-sheet_1-0499,wall,0.3063,1.225,2.45,0.35
WL-sheet_1-0500,wall,1.9099,1.278,2.555,0.365
WL-sheet_1-0501,wall,1.8302,7.35,14.7,2.1
WL-sheet_1-0502,wall,2.7539,11.06,22.12,3.16
WL-sheet_1-0503,wall,1.4903,5.985,11.97,1.71
WL-sheet_1-0504,wall,5.7061,22.916,45.832,6.547
WL-sheet_1-0505,wall,1.3694,5.477,10.955,1.565
WL-sheet_1-0506,wall,2.2049,8.855,17.71,2.53
WL-sheet_1-0507,wall,0.4837,1.942,3.885,0.555
WL-sheet_1-0508,wall,0.2135,0.858,1.715,0.245
WL-sheet_1-0509,wall,1.7996,7.228,14.455,2.065
WL-sheet_1-0510,wall,0.5005,0.91,1.82,0.26
WL-sheet_1-0511,wall,0.3704,1.488,2.975,0.425
WL-sheet_1-0512,wall,1.7125,6.877,13.755,1.965
WL-sheet_1-0513,wall,8.7397,6.265,12.53,1.79
WL-sheet_1-0514,wall,1.0237,4.095,8.19,1.17
WL-sheet_1-0515,wall,1.4,5.6,11.2,1.6
WL-sheet_1-0516,wall,1.3116,5.267,10.535,1.505
WL-sheet_1-0517,wall,5.705,22.82,45.64,6.52
WL-sheet_1-0518,wall,0.305,1.225,2.45,0.35
WL-sheet_1-0519,wall,8.1217,6.247,12.495,1.785
WL-sheet_1-0520,wall,0.0,0.0,0.0,0.0
WL-sheet_1-0521,wall,0.641,2.564,5.128,0.733
WL-sheet_1-0522,wall,0.7564,3.026,6.052,0.865
WL-sheet_1-0523,wall,3.6134,14.512,29.023,4.146
WL-sheet_1-0524,wall,2.4763,9.905,19.81,2.83
WL-sheet_1-0525,wall,1.1375,4.55,9.1,1.3
WL-sheet_1-0526,wall,1.8944,7.577,15.155,2.165
WL-sheet_1-0527,wall,2.1527,8.611,17.222,2.46
WL-sheet_1-0528,wall,1.0458,4.2,8.4,1.2
WL-sheet_1-0529,wall,0.8715,3.5,7.0,1.0
WL-sheet_1-0530,wall,1.8944,7.577,15.155,2.165
WL-sheet_1-0531,wall,8.7334,6.265,12.53,1.79
WL-sheet_1-0532,wall,1.7125,6.877,13.755,1.965
WL-sheet_1-0533,wall,1.3944,5.6,11.2,1.6
WL-sheet_1-0534,wall,1.4075,5.652,11.305,1.615
WL-sheet_1-0535,wall,16.4794,11.06,22.12,3.16
WL-sheet_1-0536,wall,1.3116,5.268,10.535,1.505
WL-sheet_1-0537,wall,0.3719,1.488,2.975,0.425
WL-sheet_1-0538,wall,1.7413,6.965,13.93,1.99
WL-sheet_1-0539,wall,0.4837,1.942,3.885,0.555
WL-sheet_1-0540,wall,0.2144,0.857,1.715,0.245
WL-sheet_1-0541,wall,2.765,11.06,22.12,3.16
WL-sheet_1-0542,wall,1.8375,7.35,14.7,2.1
WL-sheet_1-0543,wall,1.1025,4.41,8.82,1.26
WL-sheet_1-0544,wall,1.4903,5.985,11.97,1.71
WL-sheet_1-0545,wall,1.7762,7.105,14.21,2.03
WL-sheet_1-0546,wall,2.2356,8.943,17.885,2.555
WL-sheet_1-0547,wall,1.0544,4.218,8.435,1.205
WL-sheet_1-0548,wall,1.7194,6.877,13.755,1.965
WL-sheet_1-0549,wall,0.3719,1.488,2.975,0.425
WL-sheet_1-0550,wall,1.4131,5.652,11.305,1.615
WL-sheet_1-0551,wall,12.5681,8.435,16.87,2.41
WL-sheet_1-0552,wall,1.3988,5.617,11.235,1.605
WL-sheet_1-0553,wall,1.4,5.6,11.2,1.6
WL-sheet_1-0554,wall,1.8944,7.578,15.155,2.165
WL-sheet_1-0555,wall,0.4314,1.732,3.465,0.495
WL-sheet_1-0556,wall,3.2638,13.108,26.215,3.745
WL-sheet_1-0557,wall,1.9425,7.77,15.54,2.22
WL-sheet_1-0558,wall,2.765,11.06,22.12,3.16
WL-sheet_1-0559,wall,1.8375,7.35,14.7,2.1
WL-sheet_1-0560,wall,3.4672,2.774,5.547,0.792
WL-sheet_1-0561,wall,1.9099,1.277,2.555,0.365
WL-sheet_1-0562,wall,0.9844,3.938,7.875,1.125
WL-sheet_1-0563,wall,0.1656,0.665,1.33,0.19
WL-sheet_1-0564,wall,36.89,36.89,73.78,10.54
WL-sheet_1-0565,wall,11.1292,27.823,55.646,7.949
WL-sheet_1-0566,wall,2.97,2.973,5.946,0.849
WL-sheet_1-0567,wall,6.8234,17.058,34.117,4.874
WL-sheet_1-0568,wall,5.726,14.315,28.63,4.09
WL-sheet_1-0569,wall,3.5681,8.943,17.885,2.555
WL-sheet_1-0570,wall,23.1643,23.188,46.375,6.625
WL-sheet_1-0571,wall,2.3625,9.45,18.9,2.7
WL-sheet_1-0572,wall,1.6931,6.772,13.545,1.935
WL-sheet_1-0573,wall,0.0,0.0,0.0,0.0
WL-sheet_1-0574,wall,0.0,0.0,0.0,0.0
WL-sheet_1-0575,wall,0.0,0.0,0.0,0.0
WL-sheet_1-0576,wall,2.2746,9.135,18.27,2.61
WL-sheet_1-0577,wall,6.466,25.968,51.936,7.419
WL-sheet_1-0578,wall,32.8825,32.883,65.765,9.395
WL-sheet_1-0579,wall,3.0625,3.063,6.125,0.875
WL-sheet_1-0580,wall,2.3275,9.31,18.62,2.66
WL-sheet_1-0581,wall,3.4965,3.5,7.0,1.0
WL-sheet_1-0582,wall,2.5681,10.272,20.545,2.935
WL-sheet_1-0583,wall,28.0419,28.07,56.14,8.02
WL-sheet_1-0584,wall,2.5791,10.316,20.632,2.947
WL-sheet_1-0585,wall,2.7563,11.025,22.05,3.15
WL-sheet_1-0586,wall,1.26,5.04,10.08,1.44
WL-sheet_1-0587,wall,4.3838,17.535,35.07,5.01
WL-sheet_1-0588,wall,1.5312,6.125,12.25,1.75
WL-sheet_1-0589,wall,3.7762,3.78,7.56,1.08
WL-sheet_1-0590,wall,5.9325,5.932,11.865,1.695
WL-sheet_1-0591,wall,12.1853,12.197,24.395,3.485
WL-sheet_1-0592,wall,25.5413,25.541,51.083,7.298
WL-sheet_1-0593,wall,5.627,24.465,48.93,6.99
WL-sheet_1-0594,wall,1.8944,7.578,15.155,2.165
WL-sheet_1-0595,wall,0.4331,1.732,3.465,0.495
WL-sheet_1-0596,wall,3.2638,13.107,26.215,3.745
WL-sheet_1-0597,wall,0.56,2.24,4.48,0.64
WL-sheet_1-0598,wall,1.1681,4.672,9.345,1.335
WL-sheet_1-0599,wall,0.9056,3.622,7.245,1.035
WL-sheet_1-0600,wall,1.0019,4.008,8.015,1.145
WL-sheet_1-0601,wall,3.1355,13.633,27.265,3.895
WL-sheet_1-0602,wall,4.5719,18.287,36.575,5.225
WL-sheet_1-0603,wall,16.7118,11.937,23.874,3.411
WL-sheet_1-0604,wall,0.1663,0.665,1.33,0.19
WL-sheet_1-0605,wall,1.8779,1.916,3.833,0.547
WL-sheet_1-0606,wall,2.5639,1.715,3.43,0.49
WL-sheet_1-0607,wall,0.315,1.26,2.52,0.36
WL-sheet_1-0608,wall,1.1506,4.603,9.205,1.315
WL-sheet_1-0609,wall,1.0762,4.305,8.61,1.23
WL-sheet_1-0610,wall,0.35,1.4,2.8,0.4
WL-sheet_1-0611,wall,13.4128,29.873,59.745,8.535
WL-sheet_1-0612,wall,4.389,10.972,21.945,3.135
WL-sheet_1-0613,wall,1.8955,7.612,15.225,2.175
WL-sheet_1-0614,wall,0.4594,1.838,3.675,0.525
WL-sheet_1-0615,wall,0.2406,0.962,1.925,0.275
WL-sheet_1-0616,wall,1.4044,5.617,11.235,1.605
WL-sheet_1-0617,wall,16.8438,11.498,22.995,3.285
WL-sheet_1-0618,wall,2.2509,9.004,18.007,2.572
WL-sheet_1-0619,wall,2.17,8.68,17.36,2.48
WL-sheet_1-0620,wall,1.8375,7.35,14.7,2.1
WL-sheet_1-0621,wall,0.9002,3.601,7.202,1.029
WL-sheet_1-0622,wall,1.4,5.6,11.2,1.6
WL-sheet_1-0623,wall,0.8641,3.456,6.912,0.987
WL-sheet_1-0624,wall,0.5005,0.91,1.82,0.26
WL-sheet_1-0625,wall,1.0237,4.095,8.19,1.17
WL-sheet_1-0626,wall,0.7438,2.975,5.95,0.85
WL-sheet_1-0627,wall,0.3719,1.488,2.975,0.425
WL-sheet_1-0628,wall,0.6081,2.432,4.865,0.695
WL-sheet_1-0629,wall,1.7194,6.877,13.755,1.965
WL-sheet_1-0630,wall,1.4044,5.617,11.235,1.605
WL-sheet_1-0631,wall,1.8375,7.35,14.7,2.1
WL-sheet_1-0632,wall,1.1988,4.795,9.59,1.37
WL-sheet_1-0633,wall,0.665,0.875,1.75,0.25
WL-sheet_1-0634,wall,13.167,29.26,58.52,8.36
WL-sheet_1-0635,wall,6.0769,24.307,48.615,6.945
WL-sheet_1-0636,wall,2.17,8.68,17.36,2.48
WL-sheet_1-0637,wall,1.8375,7.35,14.7,2.1
WL-sheet_1-0638,wall,0.7438,2.975,5.95,0.85
WL-sheet_1-0639,wall,0.8536,3.415,6.829,0.976
WL-sheet_1-0640,wall,2.0044,8.05,16.1,2.3
WL-sheet_1-0641,wall,1.3169,5.268,10.535,1.505
WL-sheet_1-0642,wall,1.4,5.6,11.2,1.6
WL-sheet_1-0643,wall,0.8641,3.456,6.912,0.987
WL-sheet_1-0644,wall,0.3719,1.488,2.975,0.425
WL-sheet_1-0645,wall,16.8438,11.498,22.995,3.285
WL-sheet_1-0646,wall,2.2509,9.004,18.007,2.572
WL-sheet_1-0647,wall,0.6484,0.997,1.995,0.285
WL-sheet_1-0648,wall,0.4594,1.838,3.675,0.525
WL-sheet_1-0649,wall,1.7631,7.052,14.105,2.015
WL-sheet_1-0650,wall,1.4,5.6,11.2,1.6
WL-sheet_1-0651,wall,1.0237,4.095,8.19,1.17
WL-sheet_1-0652,wall,0.596,2.384,4.768,0.681
WL-sheet_1-0653,wall,0.665,2.66,5.32,0.76
WL-sheet_1-0654,wall,1.4336,5.758,11.515,1.645
WL-sheet_1-0655,wall,1.4118,5.67,11.34,1.62
WL-sheet_1-0656,wall,1.8375,7.35,14.7,2.1
WL-sheet_1-0657,wall,2.17,8.68,17.36,2.48
WL-sheet_1-0658,wall,12.9701,28.823,57.645,8.235
WL-sheet_1-0659,wall,6.0961,24.483,48.965,6.995
WL-sheet_1-0660,wall,1.2425,4.97,9.94,1.42
WL-sheet_1-0661,wall,0.665,2.66,5.32,0.76
WL-sheet_1-0662,wall,7.6319,19.128,38.255,5.465
WL-sheet_1-0663,wall,2.17,8.68,17.36,2.48
WL-sheet_1-0664,wall,1.8375,7.35,14.7,2.1
WL-sheet_1-0665,wall,0.7438,2.975,5.95,0.85
WL-sheet_1-0666,wall,1.0237,4.095,8.19,1.17
WL-sheet_1-0667,wall,0.8641,3.456,6.913,0.988
WL-sheet_1-0668,wall,1.4,5.6,11.2,1.6
WL-sheet_1-0669,wall,1.4175,5.67,11.34,1.62
WL-sheet_1-0670,wall,2.0562,8.225,16.45,2.35
WL-sheet_1-0671,wall,11.2856,7.682,15.365,2.195
WL-sheet_1-0672,wall,2.6276,10.552,21.105,3.015
WL-sheet_1-0673,wall,4.3116,7.578,15.155,2.165
WL-sheet_1-0674,wall,16.972,11.585,23.17,3.31
WL-sheet_1-0675,wall,1.0197,4.095,8.19,1.17
WL-sheet_1-0676,wall,0.7438,2.975,5.95,0.85
WL-sheet_1-0677,wall,0.5005,0.91,1.82,0.26
WL-sheet_1-0678,wall,0.3704,1.488,2.975,0.425
WL-sheet_1-0679,wall,1.4,5.6,11.2,1.6
WL-sheet_1-0680,wall,1.3169,5.267,10.535,1.505
WL-sheet_1-0681,wall,1.7194,6.878,13.755,1.965
WL-sheet_1-0682,wall,7.2727,29.207,58.415,8.345
WL-sheet_1-0683,wall,0.665,2.66,5.32,0.76
WL-sheet_1-0684,wall,1.4394,5.757,11.515,1.645
WL-sheet_1-0685,wall,2.17,8.68,17.36,2.48
WL-sheet_1-0686,wall,1.8301,7.35,14.7,2.1
WL-sheet_1-0687,wall,0.7263,2.905,5.81,0.83
WL-sheet_1-0688,wall,1.0458,4.2,8.4,1.2
WL-sheet_1-0689,wall,3.2827,18.339,36.678,5.24
WL-sheet_1-0690,wall,4.2984,23.88,47.76,6.823
WL-sheet_1-0691,wall,2.742,15.318,30.636,4.377
WL-sheet_1-0692,wall,2.3905,13.281,26.561,3.794
WL-sheet_1-0693,wall,4.3933,24.544,49.088,7.013
WL-sheet_1-0694,wall,4.5086,18.034,36.069,5.153
WL-sheet_1-0695,wall,0.0,0.0,0.0,0.0
WL-sheet_1-0696,wall,0.0349,0.14,0.28,0.04
WL-sheet_1-0697,wall,1.1025,4.41,8.82,1.26
WL-sheet_1-0698,wall,1.0784,4.314,8.627,1.232
WL-sheet_1-0699,wall,2.2138,8.855,17.71,2.53
WL-sheet_1-0700,wall,2.2356,8.942,17.885,2.555
WL-sheet_1-0701,wall,3.2202,12.933,25.865,3.695
WL-sheet_1-0702,wall,0.9543,3.833,7.665,1.095
WL-sheet_1-0703,wall,2.2138,8.855,17.71,2.53
WL-sheet_1-0704,wall,0.4837,1.942,3.885,0.555
WL-sheet_1-0705,wall,0.2135,0.857,1.715,0.245
WL-sheet_1-0706,wall,3.2202,12.933,25.865,3.695
WL-sheet_1-0707,wall,3.2202,12.933,25.865,3.695
WL-sheet_1-0708,wall,0.0,0.0,0.0,0.0
WL-sheet_1-0709,wall,0.0,0.0,0.0,0.0
WL-sheet_1-0710,wall,3.1984,12.845,25.69,3.67
WL-sheet_1-0711,wall,3.2202,12.933,25.865,3.695
WL-sheet_1-0712,wall,0.6623,2.66,5.32,0.76
WL-sheet_1-0713,wall,3.2202,12.933,25.865,3.695
WL-sheet_1-0714,wall,1.0981,4.41,8.82,1.26
WL-sheet_1-0715,wall,2.0698,8.313,16.625,2.375
WL-sheet_1-0716,wall,1.1765,4.725,9.45,1.35
WL-sheet_1-0717,wall,0.1094,0.438,0.875,0.125
WL-sheet_1-0718,wall,0.7495,3.01,6.02,0.86
WL-sheet_1-0719,wall,3.2202,12.933,25.865,3.695
WL-sheet_1-0720,wall,3.2202,12.933,25.865,3.695
WL-sheet_1-0721,wall,3.1984,12.845,25.69,3.67
WL-sheet_1-0722,wall,2.1,8.4,16.8,2.4
WL-sheet_1-0723,wall,10.5052,21.052,42.105,6.015
WL-sheet_1-0724,wall,7.1257,14.28,28.56,4.08
WL-sheet_1-0725,wall,8.1648,11.34,22.68,3.24
WL-sheet_1-0726,wall,0.7,0.7,1.4,0.2
WL-sheet_1-0727,wall,1.0308,5.18,10.36,1.48
WL-sheet_1-0728,wall,1.1375,0.875,1.75,0.25
WL-sheet_1-0729,wall,3.4431,13.772,27.545,3.935
WL-sheet_1-0730,wall,0.592,2.975,5.95,0.85
WL-sheet_1-0731,wall,0.1838,0.735,1.47,0.21
WL-sheet_1-0732,wall,1.6789,1.12,2.24,0.32
WL-sheet_1-0733,wall,0.7,0.7,1.4,0.2
WL-sheet_1-0734,wall,0.5775,2.887,5.775,0.825
WL-sheet_1-0735,wall,1.7675,8.838,17.675,2.525
WL-sheet_1-0736,wall,2.275,9.1,18.2,2.6
WL-sheet_1-0737,wall,1.82,9.1,18.2,2.6
WL-sheet_1-0738,wall,28.56,28.56,57.12,8.16
WL-sheet_1-0739,wall,3.276,6.3,12.6,1.8
WL-sheet_1-0740,wall,2.3485,2.135,4.27,0.61
WL-sheet_1-0741,wall,4.5136,7.28,14.56,2.08
WL-sheet_1-0742,wall,7.4301,7.437,14.875,2.125
WL-sheet_1-0743,wall,3.2697,6.3,12.6,1.8
WL-sheet_1-0744,wall,20.195,20.195,40.39,5.77
WL-sheet_1-0745,wall,0.7,0.7,1.4,0.2
WL-sheet_1-0746,wall,1.036,5.18,10.36,1.48
WL-sheet_1-0747,wall,3.157,15.785,31.57,4.51
WL-sheet_1-0748,wall,0.592,2.975,5.95,0.85
WL-sheet_1-0749,wall,0.5075,2.537,5.075,0.725
WL-sheet_1-0750,wall,0.7,0.7,1.4,0.2
WL-sheet_1-0751,wall,1.036,5.18,10.36,1.48
WL-sheet_1-0752,wall,5.1262,25.76,51.52,7.36
WL-sheet_1-0753,wall,0.592,2.975,5.95,0.85
WL-sheet_1-0754,wall,0.5075,2.537,5.075,0.725
WL-sheet_1-0755,wall,10.3487,22.997,45.994,6.571
WL-sheet_1-0756,wall,1.0633,1.715,3.43,0.49
WL-sheet_1-0757,wall,0.315,0.875,1.75,0.25
WL-sheet_1-0758,wall,1.0019,0.875,1.75,0.25
WL-sheet_1-0759,wall,1.3125,0.875,1.75,0.25
WL-sheet_1-0760,wall,0.7,0.7,1.4,0.2
WL-sheet_1-0761,wall,0.5075,2.538,5.075,0.725
WL-sheet_1-0762,wall,0.595,2.975,5.95,0.85
WL-sheet_1-0763,wall,8.2425,8.242,16.485,2.355
WL-sheet_1-0764,wall,0.7,0.7,1.4,0.2
WL-sheet_1-0765,wall,13.23,26.46,52.92,7.56
WL-sheet_1-0766,wall,1.0308,5.18,10.36,1.48
WL-sheet_1-0767,wall,0.595,2.975,5.95,0.85
WL-sheet_1-0768,wall,3.1701,7.945,15.89,2.27
WL-sheet_1-0769,wall,2.1,8.4,16.8,2.4
WL-sheet_1-0770,wall,0.505,2.537,5.075,0.725
WL-sheet_1-0771,wall,9.2462,10.64,21.28,3.04
WL-sheet_1-0772,wall,1.2241,0.875,1.75,0.25
WL-sheet_1-0773,wall,19.0623,16.155,32.309,4.616
WL-sheet_1-0774,wall,0.805,0.875,1.75,0.25
WL-sheet_1-0775,wall,0.98,0.875,1.75,0.25
WL-sheet_1-0776,wall,1.0237,0.875,1.75,0.25
WL-sheet_1-0777,wall,0.7438,0.875,1.75,0.25
WL-sheet_1-0778,wall,1.2241,0.875,1.75,0.25
WL-sheet_1-0779,wall,0.5119,0.438,0.875,0.125
WL-sheet_1-0780,wall,0.7438,0.875,1.75,0.25
WL-sheet_1-0781,wall,0.665,2.66,5.32,0.76
WL-sheet_1-0782,wall,0.805,0.875,1.75,0.25
WL-sheet_1-0783,wall,9.2462,10.64,21.28,3.04
WL-sheet_1-0784,wall,1.7226,2.24,4.48,0.64
WL-sheet_1-0785,wall,1.0237,0.875,1.75,0.25
WL-sheet_1-0786,wall,0.665,0.875,1.75,0.25
WL-sheet_1-0787,wall,0.805,0.875,1.75,0.25
WL-sheet_1-0788,wall,1.225,0.875,1.75,0.25
WL-sheet_1-0789,wall,1.0237,0.875,1.75,0.25
WL-sheet_1-0790,wall,0.7438,0.875,1.75,0.25
WL-sheet_1-0791,wall,0.665,0.875,1.75,0.25
WL-sheet_1-0792,wall,0.805,0.875,1.75,0.25
WL-sheet_1-0793,wall,0.98,0.875,1.75,0.25
WL-sheet_1-0794,wall,2.8279,7.087,14.175,2.025
WL-sheet_1-0795,wall,0.7,0.7,1.4,0.2
WL-sheet_1-0796,wall,10.4877,26.285,52.57,7.51
WL-sheet_1-0797,wall,2.3919,2.345,4.69,0.67
WL-sheet_1-0798,wall,1.036,5.18,10.36,1.48
WL-sheet_1-0799,wall,0.592,2.975,5.95,0.85
WL-sheet_1-0800,wall,2.968,7.42,14.84,2.12
WL-sheet_1-0801,wall,2.1,8.4,16.8,2.4
WL-sheet_1-0802,wall,0.505,2.537,5.075,0.725
WL-sheet_1-0803,wall,0.7,0.7,1.4,0.2
WL-sheet_1-0804,wall,10.4877,26.285,52.57,7.51
WL-sheet_1-0805,wall,4.389,10.972,21.945,3.135
WL-sheet_1-0806,wall,2.3919,2.345,4.69,0.67
WL-sheet_1-0807,wall,1.036,5.18,10.36,1.48
WL-sheet_1-0808,wall,0.595,2.975,5.95,0.85
WL-sheet_1-0809,wall,3.1002,7.77,15.54,2.22
WL-sheet_1-0810,wall,0.5075,2.537,5.075,0.725
WL-sheet_1-0811,wall,1.0237,0.875,1.75,0.25
WL-sheet_1-0812,wall,0.7438,0.875,1.75,0.25
WL-sheet_1-0813,wall,0.665,0.875,1.75,0.25
WL-sheet_1-0814,wall,0.805,0.875,1.75,0.25
WL-sheet_1-0815,wall,8.8554,6.353,12.705,1.815
WL-sheet_1-0816,wall,26.4939,22.452,44.905,6.415
WL-sheet_1-0817,wall,14.4587,14.245,28.49,4.07
WL-sheet_1-0818,wall,0.3325,1.33,2.66,0.38
WL-sheet_1-0819,wall,14.5475,14.333,28.665,4.095
WL-sheet_1-0820,wall,0.9791,0.875,1.75,0.25
WL-sheet_1-0821,wall,0.805,0.875,1.75,0.25
WL-sheet_1-0822,wall,1.8172,2.8,5.6,0.8
WL-sheet_1-0823,wall,1.7735,7.122,14.245,2.035
WL-sheet_1-0824,wall,0.9791,0.875,1.75,0.25
WL-sheet_1-0825,wall,13.7736,11.673,23.345,3.335
WL-sheet_1-0826,wall,0.805,0.875,1.75,0.25
WL-sheet_1-0827,wall,8.8617,6.353,12.705,1.815
WL-sheet_1-0828,wall,1.0229,0.875,1.75,0.25
WL-sheet_1-0829,wall,3.9047,3.124,6.247,0.892
WL-sheet_1-0830,wall,0.805,0.875,1.75,0.25
WL-sheet_1-0831,wall,0.7,0.7,1.4,0.2
WL-sheet_1-0832,wall,0.505,2.537,5.075,0.725
WL-sheet_1-0833,wall,0.595,2.975,5.95,0.85
WL-sheet_1-0834,wall,2.1,8.4,16.8,2.4
WL-sheet_1-0835,wall,0.7,0.7,1.4,0.2
WL-sheet_1-0836,wall,0.505,2.537,5.075,0.725
WL-sheet_1-0837,wall,0.595,2.975,5.95,0.85
WL-sheet_1-0838,wall,0.7,0.7,1.4,0.2
WL-sheet_1-0839,wall,0.5075,2.538,5.075,0.725
WL-sheet_1-0840,wall,0.595,2.975,5.95,0.85
WL-sheet_1-0841,wall,1.0666,0.875,1.75,0.25
WL-sheet_1-0842,wall,0.0,0.0,0.0,0.0
WL-sheet_1-0843,wall,0.0,0.0,0.0,0.0
WL-sheet_1-0844,wall,1.0666,0.875,1.75,0.25
WL-sheet_1-0845,wall,0.9791,0.875,1.75,0.25
WL-sheet_1-0846,wall,4.5815,5.95,11.9,1.7
WL-sheet_1-0847,wall,0.0,0.0,0.0,0.0
WL-sheet_1-0848,wall,1.2679,0.875,1.75,0.25
WL-sheet_1-0849,wall,8.8554,6.353,12.705,1.815
WL-sheet_1-0850,wall,26.494,22.453,44.905,6.415
WL-sheet_1-0851,wall,0.8041,0.875,1.75,0.25
WL-sheet_1-0852,wall,0.8925,0.875,1.75,0.25
WL-sheet_1-0853,wall,0.8925,0.875,1.75,0.25
WL-sheet_1-0854,wall,0.98,0.875,1.75,0.25
WL-sheet_1-0855,wall,0.9791,0.875,1.75,0.25
WL-sheet_1-0856,wall,13.7736,11.673,23.345,3.335
WL-sheet_1-0857,wall,0.805,0.875,1.75,0.25
WL-sheet_1-0858,wall,0.98,0.875,1.75,0.25
WL-sheet_1-0859,wall,0.805,0.875,1.75,0.25
WL-sheet_1-0860,wall,0.6291,0.875,1.75,0.25
WL-sheet_1-0861,wall,1.8172,2.8,5.6,0.8
WL-sheet_1-0862,wall,3.2485,9.874,19.747,2.821
WL-sheet_1-0863,wall,0.7,0.7,1.4,0.2
WL-sheet_1-0864,wall,0.5075,2.537,5.075,0.725
WL-sheet_1-0865,wall,0.595,2.975,5.95,0.85
WL-sheet_1-0866,wall,8.8554,6.353,12.705,1.815
WL-sheet_1-0867,wall,0.8041,0.875,1.75,0.25
WL-sheet_1-0868,wall,14.4587,14.245,28.49,4.07
WL-sheet_1-0869,wall,0.6993,0.7,1.4,0.2
WL-sheet_1-0870,wall,0.505,2.538,5.075,0.725
WL-sheet_1-0871,wall,0.592,2.975,5.95,0.85
WL-sheet_1-0872,wall,0.7,0.7,1.4,0.2
WL-sheet_1-0873,wall,1.6155,1.47,2.94,0.42
WL-sheet_1-0874,wall,1.036,5.18,10.36,1.48
WL-sheet_1-0875,wall,3.1412,15.785,31.57,4.51
WL-sheet_1-0876,wall,2.9392,14.77,29.54,4.22
WL-sheet_1-0877,wall,1.113,5.565,11.13,1.59
WL-sheet_1-0878,wall,0.592,2.975,5.95,0.85
WL-sheet_1-0879,wall,0.505,2.537,5.075,0.725
WL-sheet_1-0880,wall,2.7947,5.589,11.179,1.597
WL-sheet_1-0881,wall,0.0,0.0,0.0,0.0
WL-sheet_1-0882,wall,1.0675,0.875,1.75,0.25
WL-sheet_1-0883,wall,0.98,0.875,1.75,0.25
WL-sheet_1-0884,wall,0.0,0.0,0.0,0.0
WL-sheet_1-0885,wall,0.0,0.0,0.0,0.0
WL-sheet_1-0886,wall,0.0,0.0,0.0,0.0
WL-sheet_1-0887,wall,1.2241,0.875,1.75,0.25
WL-sheet_1-0888,wall,0.0,0.0,0.0,0.0
WL-sheet_1-0889,wall,0.0,0.0,0.0,0.0
WL-sheet_1-0890,wall,3.1325,12.53,25.06,3.58
WL-sheet_1-0891,wall,0.0,0.0,0.0,0.0
WL-sheet_1-0892,wall,0.0,0.0,0.0,0.0
WL-sheet_1-0893,wall,1.0675,0.875,1.75,0.25
WL-sheet_1-0894,wall,0.0,0.0,0.0,0.0
WL-sheet_1-0895,wall,0.0218,0.088,0.175,0.025
WL-sheet_1-0896,wall,0.0,0.0,0.0,0.0
WL-sheet_1-0897,wall,0.0,0.0,0.0,0.0
WL-sheet_1-0898,wall,0.0,0.0,0.0,0.0
WL-sheet_1-0899,wall,0.0,0.0,0.0,0.0
WL-sheet_1-0900,wall,0.0,0.0,0.0,0.0
WL-sheet_1-0901,wall,1.7831,2.747,5.495,0.785
WL-sheet_1-0902,wall,4.1016,3.281,6.563,0.938
WL-sheet_1-0903,wall,0.9791,0.875,1.75,0.25
WL-sheet_1-0904,wall,0.805,0.875,1.75,0.25
WL-sheet_1-0905,wall,1.2679,0.875,1.75,0.25
WL-sheet_1-0906,wall,8.8554,6.353,12.705,1.815
WL-sheet_1-0907,wall,26.4939,22.452,44.905,6.415
WL-sheet_1-0908,wall,0.805,0.875,1.75,0.25
WL-sheet_1-0909,wall,0.839,0.823,1.645,0.235
WL-sheet_1-0910,wall,0.839,0.823,1.645,0.235
WL-sheet_1-0911,wall,0.9791,0.875,1.75,0.25
WL-sheet_1-0912,wall,0.98,0.875,1.75,0.25
WL-sheet_1-0913,wall,13.7736,11.673,23.345,3.335
WL-sheet_1-0914,wall,0.805,0.875,1.75,0.25
WL-sheet_1-0915,wall,8.8617,6.353,12.705,1.815
WL-sheet_1-0916,wall,0.665,0.875,1.75,0.25
WL-sheet_1-0917,wall,0.8041,0.875,1.75,0.25
WL-sheet_1-0918,wall,14.5332,14.332,28.665,4.095
WL-sheet_1-0919,wall,0.7,0.7,1.4,0.2
WL-sheet_1-0920,wall,0.505,2.537,5.075,0.725
WL-sheet_1-0921,wall,0.592,2.975,5.95,0.85
WL-sheet_1-0922,wall,0.7,0.7,1.4,0.2
WL-sheet_1-0923,wall,1.6155,1.47,2.94,0.42
WL-sheet_1-0924,wall,1.0308,5.18,10.36,1.48
WL-sheet_1-0925,wall,3.157,15.785,31.57,4.51
WL-sheet_1-0926,wall,2.8544,14.272,28.544,4.078
WL-sheet_1-0927,wall,1.3696,6.848,13.696,1.957
WL-sheet_1-0928,wall,0.592,2.975,5.95,0.85
WL-sheet_1-0929,wall,0.5075,2.537,5.075,0.725
WL-sheet_1-0930,wall,2.1,8.4,16.8,2.4
WL-sheet_1-0931,wall,1.379,6.895,13.79,1.97
WL-sheet_1-0932,wall,0.6993,0.7,1.4,0.2
WL-sheet_1-0933,wall,0.5075,2.537,5.075,0.725
WL-sheet_1-0934,wall,0.595,2.975,5.95,0.85
WL-sheet_1-0935,wall,1.0675,0.875,1.75,0.25
WL-sheet_1-0936,wall,0.0,0.0,0.0,0.0
WL-sheet_1-0937,wall,0.0,0.0,0.0,0.0
WL-sheet_1-0938,wall,0.96,0.787,1.575,0.225
WL-sheet_1-0939,wall,0.9791,0.875,1.75,0.25
WL-sheet_1-0940,wall,4.5815,5.95,11.9,1.7
WL-sheet_1-0941,wall,0.0,0.0,0.0,0.0
WL-sheet_1-0942,wall,16.2684,13.798,27.597,3.942
WL-sheet_1-0943,wall,0.8925,0.875,1.75,0.25
WL-sheet_1-0944,wall,0.9791,0.875,1.75,0.25
WL-sheet_1-0945,wall,0.7,0.7,1.4,0.2
WL-sheet_1-0946,wall,0.592,2.975,5.95,0.85
WL-sheet_1-0947,wall,0.505,2.537,5.075,0.725
WL-sheet_1-0948,wall,0.7,0.7,1.4,0.2
WL-sheet_1-0949,wall,1.6155,1.47,2.94,0.42
WL-sheet_1-0950,wall,1.0308,5.18,10.36,1.48
WL-sheet_1-0951,wall,3.1412,15.785,31.57,4.51
WL-sheet_1-0952,wall,5.152,25.76,51.52,7.36
WL-sheet_1-0953,wall,0.592,2.975,5.95,0.85
WL-sheet_1-0954,wall,0.505,2.537,5.075,0.725
WL-sheet_1-0955,wall,0.0,0.0,0.0,0.0
WL-sheet_1-0956,wall,0.0,0.0,0.0,0.0
WL-sheet_1-0957,wall,0.0,0.0,0.0,0.0
WL-sheet_1-0958,wall,1.1541,0.875,1.75,0.25
WL-sheet_1-0959,wall,0.8925,0.875,1.75,0.25
WL-sheet_1-0960,wall,0.0,0.0,0.0,0.0
WL-sheet_1-0961,wall,0.98,0.875,1.75,0.25
WL-sheet_1-0962,wall,0.805,0.875,1.75,0.25
WL-sheet_1-0963,wall,1.0675,0.875,1.75,0.25
WL-sheet_1-0964,wall,0.8916,0.875,1.75,0.25
WL-sheet_1-0965,wall,1.0675,0.875,1.75,0.25
WL-sheet_1-0966,wall,0.0,0.0,0.0,0.0
WL-sheet_1-0967,wall,0.0,0.0,0.0,0.0
WL-sheet_1-0968,wall,0.0,0.0,0.0,0.0
WL-sheet_1-0969,wall,0.1094,0.437,0.875,0.125
WL-sheet_1-0970,wall,0.98,0.875,1.75,0.25
WL-sheet_1-0971,wall,0.805,0.875,1.75,0.25
WL-sheet_1-0972,wall,0.6291,0.875,1.75,0.25
WL-sheet_1-0973,wall,14.3472,19.681,39.361,5.623
WL-sheet_1-0974,wall,8.1235,5.827,11.655,1.665
WL-sheet_1-0975,wall,26.4715,22.453,44.905,6.415
WL-sheet_1-0976,wall,0.8041,0.875,1.75,0.25
WL-sheet_1-0977,wall,0.9791,0.875,1.75,0.25
WL-sheet_1-0978,wall,0.4594,0.875,1.75,0.25
WL-sheet_1-0979,wall,0.4056,0.787,1.575,0.225
WL-sheet_1-0980,wall,1.0666,0.875,1.75,0.25
WL-sheet_1-0981,wall,13.7619,11.673,23.345,3.335
WL-sheet_1-0982,wall,9.9781,19.956,39.912,5.702
WL-sheet_1-0983,wall,0.7,0.7,1.4,0.2
WL-sheet_1-0984,wall,0.5075,2.537,5.075,0.725
WL-sheet_1-0985,wall,0.595,2.975,5.95,0.85
WL-sheet_1-0986,wall,0.7,0.7,1.4,0.2
WL-sheet_1-0987,wall,0.5075,2.538,5.075,0.725
WL-sheet_1-0988,wall,0.5775,2.888,5.775,0.825
WL-sheet_1-0989,wall,5.0915,4.55,9.1,1.3
WL-sheet_1-0990,wall,1.995,9.975,19.95,2.85
WL-sheet_1-0991,wall,1.6716,8.4,16.8,2.4
WL-sheet_1-0992,wall,0.6993,0.7,1.4,0.2
WL-sheet_1-0993,wall,0.505,2.538,5.075,0.725
WL-sheet_1-0994,wall,0.592,2.975,5.95,0.85
WL-sheet_1-0995,wall,8.8554,6.352,12.705,1.815
WL-sheet_1-0996,wall,0.5985,0.787,1.575,0.225
WL-sheet_1-0997,wall,0.8041,0.875,1.75,0.25
WL-sheet_1-0998,wall,14.5332,14.333,28.665,4.095
WL-sheet_1-0999,wall,1.7154,3.431,6.861,0.98
WL-sheet_1-1000,wall,1.155,0.875,1.75,0.25
WL-sheet_1-1001,wall,1.0675,0.875,1.75,0.25
WL-sheet_1-1002,wall,0.1094,0.437,0.875,0.125
WL-sheet_1-1003,wall,0.0,0.0,0.0,0.0
WL-sheet_1-1004,wall,0.0,0.0,0.0,0.0
WL-sheet_1-1005,wall,0.0,0.0,0.0,0.0
WL-sheet_1-1006,wall,0.1656,0.665,1.33,0.19
WL-sheet_1-1007,wall,0.1094,0.437,0.875,0.125
WL-sheet_1-1008,wall,0.098,0.088,0.175,0.025
WL-sheet_1-1009,wall,0.8925,0.875,1.75,0.25
WL-sheet_1-1010,wall,0.805,0.875,1.75,0.25
WL-sheet_1-1011,wall,8.8554,6.353,12.705,1.815
WL-sheet_1-1012,wall,0.455,0.91,1.82,0.26
WL-sheet_1-1013,wall,0.665,0.875,1.75,0.25
WL-sheet_1-1014,wall,0.8041,0.875,1.75,0.25
WL-sheet_1-1015,wall,14.4888,14.289,28.577,4.082
WL-sheet_1-1016,wall,0.6291,0.875,1.75,0.25
WL-sheet_1-1017,wall,0.8925,0.875,1.75,0.25
WL-sheet_1-1018,wall,3.7953,3.036,6.072,0.867
WL-sheet_1-1019,wall,0.9791,0.875,1.75,0.25
WL-sheet_1-1020,wall,0.8041,0.875,1.75,0.25
WL-sheet_1-1021,wall,0.9791,0.875,1.75,0.25
WL-sheet_1-1022,wall,13.7735,11.672,23.345,3.335
WL-sheet_1-1023,wall,0.8041,0.875,1.75,0.25
WL-sheet_1-1024,wall,0.8925,0.875,1.75,0.25
WL-sheet_1-1025,wall,1.3125,0.875,1.75,0.25
WL-sheet_1-1026,wall,0.3666,0.875,1.75,0.25
WL-sheet_1-1027,wall,8.8617,6.353,12.705,1.815
WL-sheet_1-1028,wall,26.5747,22.54,45.08,6.44
WL-sheet_1-1029,wall,0.8041,0.875,1.75,0.25
WL-sheet_1-1030,wall,0.6993,0.7,1.4,0.2
WL-sheet_1-1031,wall,0.505,2.538,5.075,0.725
WL-sheet_1-1032,wall,0.592,2.975,5.95,0.85
WL-sheet_1-1033,wall,2.1,8.4,16.8,2.4
WL-sheet_1-1034,wall,0.0,0.0,0.0,0.0
WL-sheet_1-1035,wall,0.595,2.975,5.95,0.85
WL-sheet_1-1036,wall,5.096,4.55,9.1,1.3
WL-sheet_1-1037,wall,0.7,0.7,1.4,0.2
WL-sheet_1-1038,wall,0.9065,4.533,9.065,1.295
WL-sheet_1-1039,wall,5.0325,4.305,8.61,1.23
WL-sheet_1-1040,wall,1.995,9.975,19.95,2.85
WL-sheet_1-1041,wall,3.019,5.04,10.08,1.44
WL-sheet_1-1042,wall,6.615,11.025,22.05,3.15
WL-sheet_1-1043,wall,4.809,8.015,16.03,2.29
WL-sheet_1-1044,wall,0.6993,0.7,1.4,0.2
WL-sheet_1-1045,wall,0.5075,2.537,5.075,0.725
WL-sheet_1-1046,wall,0.595,2.975,5.95,0.85
WL-sheet_1-1047,wall,11.256,18.76,37.52,5.36
WL-sheet_1-1048,wall,7.9138,15.828,31.655,4.522
WL-sheet_1-1049,wall,36.6028,91.736,183.473,26.21
WL-sheet_1-1050,wall,5.46,27.3,54.6,7.8
WL-sheet_1-1051,wall,4.8325,24.163,48.325,6.904
WL-sheet_1-1052,wall,2.24,11.2,22.4,3.2
WL-sheet_1-1053,wall,5.845,29.225,58.45,8.35
WL-sheet_1-1054,wall,8.8889,22.222,44.445,6.349
WL-sheet_1-1055,wall,1.666,8.33,16.66,2.38
WL-sheet_1-1056,wall,5.5546,27.913,55.825,7.975
WL-sheet_1-1057,wall,5.39,26.95,53.9,7.7
WL-sheet_1-1058,wall,5.67,28.35,56.7,8.1
WL-sheet_1-1059,wall,4.2467,21.34,42.681,6.097
WL-sheet_1-1060,wall,2.0895,10.5,21.0,3.0
WL-sheet_1-1061,wall,5.46,27.3,54.6,7.8
WL-sheet_1-1062,wall,13.808,34.606,69.213,9.888
WL-sheet_1-1063,wall,36.876,92.19,184.38,26.34
WL-sheet_1-1064,wall,9.2743,23.186,46.372,6.625
WL-sheet_1-1065,wall,14.4134,36.124,72.248,10.321
WL-sheet_1-1066,wall,49.5129,124.092,248.185,35.455
WL-sheet_1-1067,wall,5.88,29.4,58.8,8.4
WL-sheet_1-1068,wall,11.263,56.315,112.63,16.09
WL-sheet_1-1069,wall,5.2934,26.6,53.2,7.6
WL-sheet_1-1070,wall,3.2039,16.1,32.2,4.6
WL-sheet_1-1071,wall,3.43,17.15,34.3,4.9
WL-sheet_1-1072,wall,5.32,26.6,53.2,7.6
WL-sheet_1-1073,wall,2.187,10.99,21.98,3.14
WL-sheet_1-1074,wall,1.003,5.04,10.08,1.44
WL-sheet_1-1075,wall,4.06,20.3,40.6,5.8
WL-sheet_1-1076,wall,3.2039,16.1,32.2,4.6
WL-sheet_1-1077,wall,3.3432,16.8,33.6,4.8
WL-sheet_1-1078,wall,2.786,14.0,28.0,4.0
WL-sheet_1-1079,wall,1.1841,5.95,11.9,1.7
WL-sheet_1-1080,wall,3.0646,15.4,30.8,4.4
WL-sheet_1-1081,wall,3.8308,19.25,38.5,5.5
WL-sheet_1-1082,wall,1.2537,6.3,12.6,1.8
WL-sheet_1-1083,wall,1.2537,6.3,12.6,1.8
WL-sheet_1-1084,wall,1.3234,6.65,13.3,1.9
WL-sheet_1-1085,wall,10.4477,20.895,41.791,5.97
WL-sheet_1-1086,wall,7.0908,14.21,28.42,4.06
WL-sheet_1-1087,wall,5.0819,12.705,25.41,3.63
WL-sheet_1-1088,wall,5.1041,12.792,25.585,3.655
WL-sheet_1-1089,wall,0.8821,0.788,1.575,0.225
WL-sheet_1-1090,wall,0.8925,0.875,1.75,0.25
WL-sheet_1-1091,wall,0.98,0.875,1.75,0.25
WL-sheet_1-1092,wall,0.9791,0.875,1.75,0.25
WL-sheet_1-1093,wall,2.7297,5.459,10.919,1.56
WL-sheet_1-1094,wall,8.5578,17.15,34.3,4.9
WL-sheet_1-1095,wall,5.6325,11.288,22.575,3.225
WL-sheet_1-1096,wall,2.4671,4.934,9.868,1.41
WL-sheet_1-1097,wall,2.3054,4.62,9.24,1.32
WL-sheet_1-1098,wall,1.75,3.5,7.0,1.0
WL-sheet_1-1099,wall,2.73,5.46,10.92,1.56
WL-sheet_1-1100,wall,1.5925,3.185,6.37,0.91
WL-sheet_1-1101,wall,7.1257,14.28,28.56,4.08
WL-sheet_1-1102,wall,2.3752,4.76,9.52,1.36
WL-sheet_1-1103,wall,2.1482,4.305,8.61,1.23
WL-sheet_1-1104,wall,9.835,19.67,39.34,5.62
WL-sheet_1-1105,wall,5.5562,11.112,22.225,3.175
WL-sheet_1-1106,wall,2.3578,4.725,9.45,1.35
WL-sheet_1-1107,wall,1.7465,3.5,7.0,1.0
WL-sheet_1-1108,wall,2.73,5.46,10.92,1.56
WL-sheet_1-1109,wall,1.2749,2.555,5.11,0.73
WL-sheet_1-1110,wall,7.105,14.21,28.42,4.06
WL-sheet_1-1111,wall,2.1525,4.305,8.61,1.23
WL-sheet_1-1112,wall,2.3807,4.761,9.523,1.36
WL-sheet_1-1113,wall,8.5579,17.15,34.3,4.9
WL-sheet_1-1114,wall,5.6437,11.287,22.575,3.225
WL-sheet_1-1115,wall,2.3578,4.725,9.45,1.35
WL-sheet_1-1116,wall,1.75,3.5,7.0,1.0
WL-sheet_1-1117,wall,2.7245,5.46,10.92,1.56
WL-sheet_1-1118,wall,1.2775,2.555,5.11,0.73
WL-sheet_1-1119,wall,7.105,14.21,28.42,4.06
WL-sheet_1-1120,wall,2.1482,4.305,8.61,1.23
WL-sheet_1-1121,wall,9.6142,19.267,38.534,5.505
WL-sheet_1-1122,wall,2.3927,4.795,9.59,1.37
WL-sheet_1-1123,wall,2.9751,5.95,11.901,1.7
WL-sheet_1-1124,wall,10.3742,20.79,41.58,5.94
WL-sheet_1-1125,wall,2.94,5.88,11.76,1.68
WL-sheet_1-1126,wall,8.47,16.94,33.88,4.84
WL-sheet_1-1127,wall,1.4671,2.94,5.88,0.84
WL-sheet_1-1128,wall,12.1939,24.388,48.776,6.968
WL-sheet_1-1129,wall,2.1525,4.305,8.61,1.23
WL-sheet_1-1130,wall,9.835,19.67,39.34,5.62
WL-sheet_1-1131,wall,5.5451,11.112,22.225,3.175
WL-sheet_1-1132,wall,2.3625,4.725,9.45,1.35
WL-sheet_1-1133,wall,1.7465,3.5,7.0,1.0
WL-sheet_1-1134,wall,2.7245,5.46,10.92,1.56
WL-sheet_1-1135,wall,1.2775,2.555,5.11,0.73
WL-sheet_1-1136,wall,2.1482,4.305,8.61,1.23
WL-sheet_1-1137,wall,13.668,27.391,54.782,7.826
WL-sheet_1-1138,wall,14.1167,28.29,56.58,8.083
WL-sheet_1-1139,wall,2.1525,4.305,8.61,1.23
WL-sheet_1-1140,wall,9.8153,19.67,39.34,5.62
WL-sheet_1-1141,wall,5.5563,11.113,22.225,3.175
WL-sheet_1-1142,wall,2.3614,4.723,9.446,1.349
WL-sheet_1-1143,wall,2.31,4.62,9.24,1.32
WL-sheet_1-1144,wall,1.7465,3.5,7.0,1.0
WL-sheet_1-1145,wall,2.7245,5.46,10.92,1.56
WL-sheet_1-1146,wall,1.5925,3.185,6.37,0.91
WL-sheet_1-1147,wall,2.3752,4.76,9.52,1.36
WL-sheet_1-1148,wall,5.5562,11.112,22.225,3.175
WL-sheet_1-1149,wall,9.835,19.67,39.34,5.62
WL-sheet_1-1150,wall,2.1525,4.305,8.61,1.23
WL-sheet_1-1151,wall,7.9012,15.802,31.605,4.515
WL-sheet_1-1152,wall,1.5181,3.795,7.59,1.084
WL-sheet_1-1153,wall,0.35,1.75,3.5,0.5
WL-sheet_1-1154,wall,10.465,26.163,52.325,7.475
WL-sheet_1-1155,wall,3.276,16.38,32.76,4.68
WL-sheet_1-1156,wall,1.68,8.4,16.8,2.4
WL-sheet_1-1157,wall,0.0,0.0,0.0,0.0
WL-sheet_1-1158,wall,10.5052,21.052,42.105,6.015
WL-sheet_1-1159,wall,7.14,14.28,28.56,4.08
WL-sheet_1-1160,wall,1.4131,5.652,11.305,1.615
WL-sheet_1-1161,wall,6.2726,25.191,50.383,7.198
WL-sheet_1-1162,wall,0.3719,1.488,2.975,0.425
WL-sheet_1-1163,wall,6.4747,5.967,11.935,1.705
WL-sheet_1-1164,wall,1.4962,5.985,11.97,1.71
WL-sheet_1-1165,wall,2.7028,1.96,3.92,0.56
WL-sheet_1-1166,wall,1.7735,7.122,14.245,2.035
WL-sheet_1-1167,wall,2.2267,8.943,17.885,2.555
WL-sheet_1-1168,wall,1.7413,6.965,13.93,1.99
WL-sheet_1-1169,wall,0.2135,0.858,1.715,0.245
WL-sheet_1-1170,wall,0.9791,0.875,1.75,0.25
WL-sheet_1-1171,wall,0.4837,1.942,3.885,0.555
WL-sheet_1-1172,wall,13.7736,11.673,23.345,3.335
WL-sheet_1-1173,wall,0.805,0.875,1.75,0.25
WL-sheet_1-1174,wall,0.3938,0.525,1.05,0.15
WL-sheet_1-1175,wall,3.024,5.04,10.08,1.44
WL-sheet_1-1176,wall,6.615,11.025,22.05,3.15
WL-sheet_1-1177,wall,3.1984,12.845,25.69,3.67
WL-sheet_1-1178,wall,14.6965,24.535,49.07,7.01
WL-sheet_1-1179,wall,0.7,0.7,1.4,0.2
WL-sheet_1-1180,wall,0.505,2.537,5.075,0.725
WL-sheet_1-1181,wall,0.595,2.975,5.95,0.85
WL-sheet_1-1182,wall,2.0916,8.4,16.8,2.4
WL-sheet_1-1183,wall,6.6992,13.398,26.797,3.828
WL-sheet_1-1184,wall,28.8693,57.854,115.709,16.53
WL-sheet_1-1185,wall,2.3054,4.62,9.24,1.32
WL-sheet_1-1186,wall,1.7465,3.5,7.0,1.0
WL-sheet_1-1187,wall,1.5925,3.185,6.37,0.91
WL-sheet_1-1188,wall,0.7875,0.525,1.05,0.15
WL-sheet_1-1189,wall,2.3752,4.76,9.52,1.36
WL-sheet_1-1190,wall,0.5005,0.91,1.82,0.26
WL-sheet_1-1191,wall,1.8301,7.35,14.7,2.1
WL-sheet_1-1192,wall,6.3783,12.782,25.564,3.652
WL-sheet_1-1193,wall,5.002,10.024,20.048,2.864
WL-sheet_1-1194,wall,10.9317,21.907,43.814,6.259
WL-sheet_1-1195,wall,12.4093,24.819,49.637,7.091
WL-sheet_1-1196,wall,5.3372,3.815,7.63,1.09
WL-sheet_1-1197,wall,0.292,1.172,2.345,0.335
WL-sheet_1-1198,wall,0.1089,0.437,0.875,0.125
WL-sheet_1-1199,wall,1.0807,4.34,8.68,1.24
WL-sheet_1-1200,wall,2.646,1.89,3.78,0.54
WL-sheet_1-1201,wall,0.1094,0.438,0.875,0.125
WL-sheet_1-1202,wall,0.0218,0.087,0.175,0.025
WL-sheet_1-1203,wall,2.002,1.82,3.64,0.52
WL-sheet_1-1204,wall,0.0697,0.35,0.7,0.1
WL-sheet_1-1205,wall,0.7,0.7,1.4,0.2
WL-sheet_1-1206,wall,1.3125,5.25,10.5,1.5
WL-sheet_1-1207,wall,1.036,5.18,10.36,1.48
WL-sheet_1-1208,wall,3.157,15.785,31.57,4.51
WL-sheet_1-1209,wall,0.292,1.173,2.345,0.335
WL-sheet_1-1210,wall,0.924,0.7,1.4,0.2
WL-sheet_1-1211,wall,2.6476,13.238,26.476,3.782
WL-sheet_1-1212,wall,1.3785,3.29,6.58,0.94
WL-sheet_1-1213,wall,0.595,2.975,5.95,0.85
WL-sheet_1-1214,wall,0.5075,2.537,5.075,0.725
WL-sheet_1-1215,wall,1.8515,9.258,18.515,2.645
WL-sheet_1-1216,wall,2.1,8.4,16.8,2.4
WL-sheet_1-1217,wall,0.133,0.665,1.33,0.19
WL-sheet_1-1218,wall,1.4665,7.333,14.665,2.095
WL-sheet_1-1219,wall,4.4051,4.9,9.8,1.4
WL-sheet_1-1220,wall,0.7,0.7,1.4,0.2
WL-sheet_1-1221,wall,1.036,5.18,10.36,1.48
WL-sheet_1-1222,wall,3.157,15.785,31.57,4.51
WL-sheet_1-1223,wall,2.7212,10.885,21.77,3.11
WL-sheet_1-1224,wall,1.1375,0.875,1.75,0.25
WL-sheet_1-1225,wall,2.7545,13.772,27.545,3.935
WL-sheet_1-1226,wall,0.1467,0.35,0.7,0.1
WL-sheet_1-1227,wall,0.592,2.975,5.95,0.85
WL-sheet_1-1228,wall,1.435,7.175,14.35,2.05
WL-sheet_1-1229,wall,0.1838,0.735,1.47,0.21
WL-sheet_1-1230,wall,2.1,8.4,16.8,2.4
WL-sheet_1-1231,wall,1.0194,4.078,8.155,1.165
WL-sheet_1-1232,wall,1.6327,8.164,16.327,2.332
WL-sheet_1-1233,wall,0.7,0.7,1.4,0.2
WL-sheet_1-1234,wall,1.7675,8.838,17.675,2.525
WL-sheet_1-1235,wall,1.75,8.75,17.5,2.5
WL-sheet_1-1236,wall,0.5775,2.887,5.775,0.825
WL-sheet_1-1237,wall,2.632,13.16,26.32,3.76
WL-sheet_1-1238,wall,5.7266,6.37,12.74,1.82
WL-sheet_1-1239,wall,1.225,0.875,1.75,0.25
WL-sheet_1-1240,wall,0.1307,0.525,1.05,0.15
WL-sheet_1-1241,wall,0.1089,0.437,0.875,0.125
WL-sheet_1-1242,wall,0.7166,0.875,1.75,0.25
WL-sheet_1-1243,wall,3.5569,14.228,28.455,4.065
WL-sheet_1-1244,wall,3.605,18.025,36.05,5.15
WL-sheet_1-1245,wall,0.6993,0.7,1.4,0.2
WL-sheet_1-1246,wall,2.6775,10.71,21.42,3.06
WL-sheet_1-1247,wall,1.5137,6.055,12.11,1.73
WL-sheet_1-1248,wall,0.602,3.01,6.02,0.86
WL-sheet_1-1249,wall,1.4965,6.01,12.02,1.717
WL-sheet_1-1250,wall,3.5058,2.616,5.233,0.748
WL-sheet_1-1251,wall,0.5182,2.591,5.182,0.74
WL-sheet_1-1252,wall,0.1259,0.504,1.007,0.144
WL-sheet_1-1253,wall,1.4293,1.276,2.552,0.365
WL-sheet_1-1254,wall,1.7169,6.895,13.79,1.97
WL-sheet_1-1255,wall,0.4069,1.628,3.255,0.465
WL-sheet_1-1256,wall,0.7,0.7,1.4,0.2
WL-sheet_1-1257,wall,1.7675,8.838,17.675,2.525
WL-sheet_1-1258,wall,4.798,9.713,19.425,2.775
WL-sheet_1-1259,wall,1.9714,7.917,15.835,2.262
WL-sheet_1-1260,wall,1.9086,7.665,15.33,2.19
WL-sheet_1-1261,wall,11.7516,11.533,23.065,3.295
WL-sheet_1-1262,wall,0.5746,2.887,5.775,0.825
WL-sheet_1-1263,wall,0.609,3.045,6.09,0.87
WL-sheet_1-1264,wall,2.9544,11.865,23.73,3.39
WL-sheet_1-1265,wall,2.688,13.44,26.88,3.84
WL-sheet_1-1266,wall,1.897,9.485,18.97,2.71
WL-sheet_1-1267,wall,1.7822,7.158,14.315,2.045
WL-sheet_1-1268,wall,1.5291,6.116,12.232,1.747
WL-sheet_1-1269,wall,1.1541,0.875,1.75,0.25
WL-sheet_1-1270,wall,0.7962,3.185,6.37,0.91
WL-sheet_1-1271,wall,0.4663,1.873,3.745,0.535
WL-sheet_1-1272,wall,1.085,4.358,8.715,1.245
WL-sheet_1-1273,wall,1.1068,4.445,8.89,1.27
WL-sheet_1-1274,wall,1.6123,6.475,12.95,1.85
WL-sheet_1-1275,wall,3.3644,13.457,26.915,3.845
WL-sheet_1-1276,wall,8.9512,35.805,71.61,10.23
WL-sheet_1-1277,wall,4.6331,18.532,37.065,5.295
WL-sheet_1-1278,wall,0.6781,2.713,5.425,0.775
WL-sheet_1-1279,wall,2.0335,8.134,16.268,2.324
WL-sheet_1-1280,wall,2.9881,11.952,23.905,3.415
WL-sheet_1-1281,wall,2.9558,14.779,29.558,4.223
WL-sheet_1-1282,wall,9.2462,10.64,21.28,3.04
WL-sheet_1-1283,wall,1.7561,7.052,14.105,2.015
WL-sheet_1-1284,wall,0.9691,3.876,7.753,1.108
WL-sheet_1-1285,wall,1.225,0.875,1.75,0.25
WL-sheet_1-1286,wall,0.3595,1.444,2.888,0.413
WL-sheet_1-1287,wall,0.7613,3.045,6.09,0.87
WL-sheet_1-1288,wall,1.4772,5.933,11.865,1.695
WL-sheet_1-1289,wall,1.3944,5.6,11.2,1.6
WL-sheet_1-1290,wall,0.805,0.875,1.75,0.25
WL-sheet_1-1291,wall,14.7429,14.525,29.05,4.15
WL-sheet_1-1292,wall,1.9259,1.89,3.78,0.54
WL-sheet_1-1293,wall,1.7631,7.053,14.105,2.015
WL-sheet_1-1294,wall,5.5125,22.05,44.1,6.3
WL-sheet_1-1295,wall,1.225,0.875,1.75,0.25
WL-sheet_1-1296,wall,1.0229,0.875,1.75,0.25
WL-sheet_1-1297,wall,1.0197,4.095,8.19,1.17
WL-sheet_1-1298,wall,0.6641,0.875,1.75,0.25
WL-sheet_1-1299,wall,0.7656,3.075,6.149,0.878
WL-sheet_1-1300,wall,0.665,2.66,5.32,0.76
WL-sheet_1-1301,wall,1.4613,5.845,11.69,1.67
WL-sheet_1-1302,wall,1.008,5.6,11.2,1.6
WL-sheet_1-1303,wall,0.805,0.875,1.75,0.25
WL-sheet_1-1304,wall,14.7429,14.525,29.05,4.15
WL-sheet_1-1305,wall,0.3704,1.488,2.975,0.425
WL-sheet_1-1306,wall,13.5354,27.125,54.25,7.75
WL-sheet_1-1307,wall,9.5503,10.99,21.98,3.14
WL-sheet_1-1308,wall,1.7631,7.053,14.105,2.015
WL-sheet_1-1309,wall,0.98,3.92,7.84,1.12
WL-sheet_1-1310,wall,5.5125,22.05,44.1,6.3
WL-sheet_1-1311,wall,1.225,0.875,1.75,0.25
WL-sheet_1-1312,wall,0.3704,1.488,2.975,0.425
WL-sheet_1-1313,wall,0.4968,1.995,3.99,0.57
WL-sheet_1-1314,wall,1.2157,4.883,9.765,1.395
WL-sheet_1-1315,wall,0.8041,0.875,1.75,0.25
WL-sheet_1-1316,wall,1.8375,7.35,14.7,2.1
WL-sheet_1-1317,wall,0.3704,1.488,2.975,0.425
WL-sheet_1-1318,wall,3.3767,3.115,6.23,0.89
WL-sheet_1-1319,wall,7.1925,28.77,57.54,8.22
WL-sheet_1-1320,wall,4.3221,3.237,6.475,0.925
WL-sheet_1-1321,wall,1.9278,1.89,3.78,0.54
WL-sheet_1-1322,wall,1.7631,7.053,14.105,2.015
WL-sheet_1-1323,wall,1.0237,0.875,1.75,0.25
WL-sheet_1-1324,wall,0.7438,0.875,1.75,0.25
WL-sheet_1-1325,wall,1.0197,4.095,8.19,1.17
WL-sheet_1-1326,wall,0.7438,2.975,5.95,0.85
WL-sheet_1-1327,wall,2.17,8.68,17.36,2.48
WL-sheet_1-1328,wall,0.8041,0.875,1.75,0.25
WL-sheet_1-1329,wall,14.6396,14.438,28.875,4.125
WL-sheet_1-1330,wall,1.8302,7.35,14.7,2.1
WL-sheet_1-1331,wall,0.5686,0.998,1.995,0.285
WL-sheet_1-1332,wall,0.3878,1.558,3.115,0.445
WL-sheet_1-1333,wall,0.6818,2.738,5.476,0.782
WL-sheet_1-1334,wall,1.9259,1.89,3.78,0.54
WL-sheet_1-1335,wall,1.7631,7.053,14.105,2.015
WL-sheet_1-1336,wall,1.0229,0.875,1.75,0.25
WL-sheet_1-1337,wall,1.0197,4.095,8.19,1.17
WL-sheet_1-1338,wall,0.5686,0.997,1.995,0.285
WL-sheet_1-1339,wall,0.3878,1.558,3.115,0.445
WL-sheet_1-1340,wall,0.6993,0.7,1.4,0.2
WL-sheet_1-1341,wall,13.8574,27.77,55.541,7.934
WL-sheet_1-1342,wall,2.3919,2.345,4.69,0.67
WL-sheet_1-1343,wall,3.2004,3.483,6.965,0.995
WL-sheet_1-1344,wall,1.0308,5.18,10.36,1.48
WL-sheet_1-1345,wall,0.595,2.975,5.95,0.85
WL-sheet_1-1346,wall,1.855,7.42,14.84,2.12
WL-sheet_1-1347,wall,5.5737,11.147,22.295,3.185
WL-sheet_1-1348,wall,0.505,2.537,5.075,0.725
WL-sheet_1-1349,wall,3.5127,3.237,6.475,0.925
WL-sheet_1-1350,wall,9.2462,10.64,21.28,3.04
WL-sheet_1-1351,wall,1.7561,7.053,14.105,2.015
WL-sheet_1-1352,wall,0.9543,3.833,7.665,1.095
WL-sheet_1-1353,wall,1.22,4.88,9.76,1.394
WL-sheet_1-1354,wall,0.3486,1.4,2.8,0.4
WL-sheet_1-1355,wall,0.7437,0.875,1.75,0.25
WL-sheet_1-1356,wall,0.5062,2.025,4.049,0.578
WL-sheet_1-1357,wall,0.665,0.875,1.75,0.25
WL-sheet_1-1358,wall,0.7408,2.975,5.95,0.85
WL-sheet_1-1359,wall,0.665,2.66,5.32,0.76
WL-sheet_1-1360,wall,0.805,0.875,1.75,0.25
WL-sheet_1-1361,wall,14.196,14.0,28.0,4.0
WL-sheet_1-1362,wall,0.5686,0.997,1.995,0.285
WL-sheet_1-1363,wall,0.3878,1.558,3.115,0.445
WL-sheet_1-1364,wall,0.7,0.7,1.4,0.2
WL-sheet_1-1365,wall,13.3175,26.635,53.27,7.61
WL-sheet_1-1366,wall,2.3896,2.345,4.69,0.67
WL-sheet_1-1367,wall,3.2004,3.482,6.965,0.995
WL-sheet_1-1368,wall,1.036,5.18,10.36,1.48
WL-sheet_1-1369,wall,0.592,2.975,5.95,0.85
WL-sheet_1-1370,wall,3.9646,7.945,15.89,2.27
WL-sheet_1-1371,wall,5.5626,11.148,22.295,3.185
WL-sheet_1-1372,wall,0.505,2.537,5.075,0.725
WL-sheet_1-1373,wall,6.2269,25.007,50.015,7.145
WL-sheet_1-1374,wall,0.6993,0.7,1.4,0.2
WL-sheet_1-1375,wall,13.2909,26.635,53.27,7.61
WL-sheet_1-1376,wall,2.3896,2.345,4.69,0.67
WL-sheet_1-1377,wall,3.2004,3.482,6.965,0.995
WL-sheet_1-1378,wall,1.036,5.18,10.36,1.48
WL-sheet_1-1379,wall,0.592,2.975,5.95,0.85
WL-sheet_1-1380,wall,3.9725,7.945,15.89,2.27
WL-sheet_1-1381,wall,5.5626,11.147,22.295,3.185
WL-sheet_1-1382,wall,0.505,2.537,5.075,0.725
WL-sheet_1-1383,wall,0.5486,0.998,1.995,0.285
WL-sheet_1-1384,wall,0.5486,0.997,1.995,0.285
WL-sheet_1-1385,wall,0.5486,0.998,1.995,0.285
WL-sheet_1-1386,wall,9.806,19.612,39.224,5.603
WL-sheet_1-1387,wall,12.4875,25.025,50.05,7.15
WL-sheet_1-1388,wall,4.807,9.633,19.267,2.752
WL-sheet_1-1389,wall,8.0116,16.055,32.111,4.587
WL-sheet_1-1390,wall,0.91,3.64,7.28,1.04
WL-sheet_1-1391,wall,1.7019,6.808,13.615,1.945
WL-sheet_1-1392,wall,3.011,12.093,24.185,3.455
WL-sheet_1-1393,wall,0.7,0.7,1.4,0.2
WL-sheet_1-1394,wall,4.1842,8.645,17.29,2.47
WL-sheet_1-1395,wall,2.1635,8.689,17.378,2.483
WL-sheet_1-1396,wall,1.505,6.02,12.04,1.72
WL-sheet_1-1397,wall,0.5215,2.608,5.215,0.745
WL-sheet_1-1398,wall,0.595,2.975,5.95,0.85
WL-sheet_1-1399,wall,2.3122,9.249,18.498,2.643
WL-sheet_1-1400,wall,0.7582,3.045,6.09,0.87
WL-sheet_1-1401,wall,0.1575,0.787,1.575,0.225
WL-sheet_1-1402,wall,3.3487,13.449,26.898,3.843
WL-sheet_1-1403,wall,2.4925,10.01,20.02,2.86
WL-sheet_1-1404,wall,6.0178,24.071,48.143,6.878
WL-sheet_1-1405,wall,1.2114,4.865,9.73,1.39
WL-sheet_1-1406,wall,0.882,0.787,1.575,0.225
WL-sheet_1-1407,wall,1.0675,0.875,1.75,0.25
WL-sheet_1-1408,wall,7.5731,15.146,30.293,4.328
WL-sheet_1-1409,wall,1.9928,7.971,15.943,2.278
WL-sheet_1-1410,wall,2.2138,8.855,17.71,2.53
WL-sheet_1-1411,wall,1.0395,0.788,1.575,0.225
WL-sheet_1-1412,wall,3.2028,12.862,25.725,3.675
WL-sheet_1-1413,wall,1.6733,6.72,13.44,1.92
WL-sheet_1-1414,wall,1.4963,5.985,11.97,1.71
WL-sheet_1-1415,wall,0.7,0.7,1.4,0.2
WL-sheet_1-1416,wall,5.7736,23.094,46.189,6.598
WL-sheet_1-1417,wall,2.4271,9.747,19.495,2.785
WL-sheet_1-1418,wall,1.2767,5.127,10.255,1.465
WL-sheet_1-1419,wall,1.827,9.135,18.27,2.61
WL-sheet_1-1420,wall,1.8875,9.485,18.97,2.71
WL-sheet_1-1421,wall,2.548,12.74,25.48,3.64
WL-sheet_1-1422,wall,0.6125,3.062,6.125,0.875
WL-sheet_1-1423,wall,0.5885,2.958,5.915,0.845
WL-sheet_1-1424,wall,0.7833,0.7,1.4,0.2
WL-sheet_1-1425,wall,2.73,10.92,21.84,3.12
WL-sheet_1-1426,wall,1.2593,5.057,10.115,1.445
WL-sheet_1-1427,wall,0.9098,3.654,7.307,1.044
WL-sheet_1-1428,wall,2.9055,11.622,23.244,3.321
WL-sheet_1-1429,wall,2.5644,10.299,20.597,2.942
WL-sheet_1-1430,wall,0.5975,0.997,1.995,0.285
WL-sheet_1-1431,wall,0.414,1.662,3.325,0.475
WL-sheet_1-1432,wall,0.4725,1.688,3.375,0.482
WL-sheet_1-1433,wall,3.1154,12.461,24.923,3.56
WL-sheet_1-1434,wall,1.9086,7.665,15.33,2.19
WL-sheet_1-1435,wall,2.4009,9.642,19.284,2.755
WL-sheet_1-1436,wall,2.2312,8.925,17.85,2.55
WL-sheet_1-1437,wall,0.1837,0.367,0.735,0.105
WL-sheet_1-1438,wall,0.6746,1.313,2.625,0.375
WL-sheet_1-1439,wall,0.3965,1.593,3.185,0.455
WL-sheet_1-1440,wall,7.1094,28.437,56.875,8.125
WL-sheet_1-1441,wall,0.3268,1.313,2.625,0.375
WL-sheet_1-1442,wall,0.3412,1.365,2.73,0.39
WL-sheet_1-1443,wall,1.0675,0.875,1.75,0.25
WL-sheet_1-1444,wall,1.2688,5.075,10.15,1.45
WL-sheet_1-1445,wall,0.3675,0.875,1.75,0.25
WL-sheet_1-1446,wall,0.7,2.8,5.6,0.8
WL-sheet_1-1447,wall,9.5503,10.99,21.98,3.14
WL-sheet_1-1448,wall,2.0125,8.05,16.1,2.3
WL-sheet_1-1449,wall,2.2509,9.004,18.008,2.572
WL-sheet_1-1450,wall,1.225,0.875,1.75,0.25
WL-sheet_1-1451,wall,1.0237,0.875,1.75,0.25
WL-sheet_1-1452,wall,0.8606,3.456,6.913,0.988
WL-sheet_1-1453,wall,0.7438,0.875,1.75,0.25
WL-sheet_1-1454,wall,1.0237,4.095,8.19,1.17
WL-sheet_1-1455,wall,0.665,0.875,1.75,0.25
WL-sheet_1-1456,wall,0.7438,2.975,5.95,0.85
WL-sheet_1-1457,wall,0.665,2.66,5.32,0.76
WL-sheet_1-1458,wall,0.2908,1.163,2.327,0.332
WL-sheet_1-1459,wall,0.7111,2.844,5.688,0.813
WL-sheet_1-1460,wall,1.4,5.6,11.2,1.6
WL-sheet_1-1461,wall,0.805,0.875,1.75,0.25
WL-sheet_1-1462,wall,2.5906,2.432,4.865,0.695
WL-sheet_1-1463,wall,0.3719,1.488,2.975,0.425
WL-sheet_1-1464,wall,0.8925,0.875,1.75,0.25
WL-sheet_1-1465,wall,0.4594,1.838,3.675,0.525
WL-sheet_1-1466,wall,0.8925,0.875,1.75,0.25
WL-sheet_1-1467,wall,1.3033,2.896,5.793,0.828
WL-sheet_1-1468,wall,1.0675,0.875,1.75,0.25
WL-sheet_1-1469,wall,1.2688,5.075,10.15,1.45
WL-sheet_1-1470,wall,0.3675,0.875,1.75,0.25
WL-sheet_1-1471,wall,0.7,2.8,5.6,0.8
WL-sheet_1-1472,wall,1.7226,2.24,4.48,0.64
WL-sheet_1-1473,wall,1.7631,7.052,14.105,2.015
WL-sheet_1-1474,wall,0.1969,0.787,1.575,0.225
WL-sheet_1-1475,wall,1.0237,0.875,1.75,0.25
WL-sheet_1-1476,wall,0.7438,0.875,1.75,0.25
WL-sheet_1-1477,wall,1.0237,4.095,8.19,1.17
WL-sheet_1-1478,wall,0.665,0.875,1.75,0.25
WL-sheet_1-1479,wall,0.7438,2.975,5.95,0.85
WL-sheet_1-1480,wall,0.665,2.66,5.32,0.76
WL-sheet_1-1481,wall,1.4774,5.91,11.819,1.688
WL-sheet_1-1482,wall,0.805,0.875,1.75,0.25
WL-sheet_1-1483,wall,0.98,0.875,1.75,0.25
WL-sheet_1-1484,wall,0.4594,1.838,3.675,0.525
WL-sheet_1-1485,wall,3.5127,3.238,6.475,0.925
WL-sheet_1-1486,wall,0.8925,0.875,1.75,0.25
WL-sheet_1-1487,wall,0.4594,1.838,3.675,0.525
WL-sheet_1-1488,wall,0.8925,0.875,1.75,0.25
WL-sheet_1-1489,wall,0.4375,1.75,3.5,0.5
WL-sheet_1-1490,wall,0.1094,0.437,0.875,0.125
WL-sheet_1-1491,wall,0.2309,0.928,1.855,0.265
WL-sheet_1-1492,wall,0.8041,0.875,1.75,0.25
WL-sheet_1-1493,wall,0.0,0.0,0.0,0.0
WL-sheet_1-1494,wall,0.1094,0.437,0.875,0.125
WL-sheet_1-1495,wall,2.1376,3.054,6.108,0.873
WL-sheet_1-1496,wall,0.0741,0.297,0.595,0.085
WL-sheet_1-1497,wall,1.0675,0.875,1.75,0.25
WL-sheet_1-1498,wall,0.0,0.0,0.0,0.0
WL-sheet_1-1499,wall,0.4793,1.925,3.85,0.55
WL-sheet_1-1500,wall,4.5136,7.28,14.56,2.08
WL-sheet_1-1501,wall,3.1509,2.205,4.41,0.63
WL-sheet_1-1502,wall,0.0,0.0,0.0,0.0
WL-sheet_1-1503,wall,0.0,0.0,0.0,0.0
WL-sheet_1-1504,wall,0.0,0.0,0.0,0.0
WL-sheet_1-1505,wall,0.8918,3.581,7.163,1.023
WL-sheet_1-1506,wall,1.6471,6.615,13.23,1.89
WL-sheet_1-1507,wall,1.0522,4.209,8.417,1.202
WL-sheet_1-1508,wall,0.1787,0.718,1.435,0.205
WL-sheet_1-1509,wall,0.3595,1.444,2.887,0.412
WL-sheet_1-1510,wall,1.155,4.62,9.24,1.32
WL-sheet_1-1511,wall,0.9844,3.937,7.875,1.125
WL-sheet_1-1512,wall,1.5925,6.37,12.74,1.82
WL-sheet_1-1513,wall,2.4347,2.319,4.637,0.662
WL-sheet_1-1514,wall,0.2092,0.84,1.68,0.24
WL-sheet_1-1515,wall,0.0,0.0,0.0,0.0
WL-sheet_1-1516,wall,0.0,0.0,0.0,0.0
WL-sheet_1-1517,wall,10.5814,7.298,14.595,2.085
WL-sheet_1-1518,wall,0.1089,0.437,0.875,0.125
WL-sheet_1-1519,wall,1.0666,0.875,1.75,0.25
WL-sheet_1-1520,wall,0.0,0.0,0.0,0.0
WL-sheet_1-1521,wall,0.9791,0.875,1.75,0.25
WL-sheet_1-1522,wall,0.4812,1.925,3.85,0.55
WL-sheet_1-1523,wall,4.5815,5.95,11.9,1.7
WL-sheet_1-1524,wall,0.1154,0.087,0.175,0.025
WL-sheet_1-1525,wall,0.0,0.0,0.0,0.0
WL-sheet_1-1526,wall,1.0719,4.305,8.61,1.23
WL-sheet_1-1527,wall,1.6471,6.615,13.23,1.89
WL-sheet_1-1528,wall,0.2658,1.068,2.135,0.305
WL-sheet_1-1529,wall,0.63,2.52,5.04,0.72
WL-sheet_1-1530,wall,0.1094,0.437,0.875,0.125
WL-sheet_1-1531,wall,0.2309,0.927,1.855,0.265
WL-sheet_1-1532,wall,0.0,0.0,0.0,0.0
WL-sheet_1-1533,wall,0.032,0.026,0.052,0.007
WL-sheet_1-1534,wall,0.0966,0.411,0.822,0.117
WL-sheet_1-1535,wall,2.156,3.08,6.16,0.88
WL-sheet_1-1536,wall,0.0741,0.297,0.595,0.085
WL-sheet_1-1537,wall,1.0675,0.875,1.75,0.25
WL-sheet_1-1538,wall,0.0,0.0,0.0,0.0
WL-sheet_1-1539,wall,0.4793,1.925,3.85,0.55
WL-sheet_1-1540,wall,4.5063,7.28,14.56,2.08
WL-sheet_1-1541,wall,0.0,0.0,0.0,0.0
WL-sheet_1-1542,wall,1.0719,4.305,8.61,1.23
WL-sheet_1-1543,wall,1.6471,6.615,13.23,1.89
WL-sheet_1-1544,wall,1.1541,0.875,1.75,0.25
WL-sheet_1-1545,wall,0.0438,0.175,0.35,0.05
WL-sheet_1-1546,wall,0.1874,0.753,1.505,0.215
WL-sheet_1-1547,wall,1.8944,7.578,15.155,2.165
WL-sheet_1-1548,wall,0.5469,2.188,4.375,0.625
WL-sheet_1-1549,wall,6.5776,26.31,52.621,7.517
WL-sheet_1-1550,wall,7.3709,29.602,59.204,8.458
WL-sheet_1-1551,wall,1.4077,5.631,11.261,1.609
WL-sheet_1-1552,wall,6.8746,27.498,54.997,7.857
WL-sheet_1-1553,wall,0.2319,0.927,1.855,0.265
WL-sheet_1-1554,wall,0.0,0.0,0.0,0.0
WL-sheet_1-1555,wall,0.0,0.0,0.0,0.0
WL-sheet_1-1556,wall,10.5814,7.298,14.595,2.085
WL-sheet_1-1557,wall,1.9233,2.748,5.495,0.785
WL-sheet_1-1558,wall,0.0588,0.236,0.473,0.068
WL-sheet_1-1559,wall,0.1089,0.437,0.875,0.125
WL-sheet_1-1560,wall,0.4793,1.925,3.85,0.55
WL-sheet_1-1561,wall,4.5755,5.95,11.9,1.7
WL-sheet_1-1562,wall,0.0,0.0,0.0,0.0
WL-sheet_1-1563,wall,1.0763,4.305,8.61,1.23
WL-sheet_1-1564,wall,7.241,14.087,28.175,4.025
WL-sheet_1-1565,wall,1.5313,6.125,12.25,1.75
WL-sheet_1-1566,wall,0.0656,0.262,0.525,0.075
WL-sheet_1-1567,wall,1.0675,0.875,1.75,0.25
WL-sheet_1-1568,wall,0.6993,0.7,1.4,0.2
WL-sheet_1-1569,wall,1.617,1.47,2.94,0.42
WL-sheet_1-1570,wall,1.0308,5.18,10.36,1.48
WL-sheet_1-1571,wall,2.6556,10.622,21.245,3.035
WL-sheet_1-1572,wall,6.44,25.76,51.52,7.36
WL-sheet_1-1573,wall,0.592,2.975,5.95,0.85
WL-sheet_1-1574,wall,0.505,2.537,5.075,0.725
WL-sheet_1-1575,wall,0.2734,1.094,2.187,0.312
WL-sheet_1-1576,wall,0.7,0.7,1.4,0.2
WL-sheet_1-1577,wall,6.44,25.76,51.52,7.36
WL-sheet_1-1578,wall,2.3919,2.345,4.69,0.67
WL-sheet_1-1579,wall,1.036,5.18,10.36,1.48
WL-sheet_1-1580,wall,0.595,2.975,5.95,0.85
WL-sheet_1-1581,wall,1.9644,7.857,15.715,2.245
WL-sheet_1-1582,wall,2.9984,11.994,23.988,3.427
WL-sheet_1-1583,wall,2.765,11.06,22.12,3.16
WL-sheet_1-1584,wall,0.5075,2.537,5.075,0.725
WL-sheet_1-1585,wall,0.7,0.7,1.4,0.2
WL-sheet_1-1586,wall,1.6155,1.47,2.94,0.42
WL-sheet_1-1587,wall,1.0308,5.18,10.36,1.48
WL-sheet_1-1588,wall,2.7541,11.061,22.121,3.16
WL-sheet_1-1589,wall,1.0583,4.233,8.466,1.209
WL-sheet_1-1590,wall,0.592,2.975,5.95,0.85
WL-sheet_1-1591,wall,0.505,2.537,5.075,0.725
WL-sheet_1-1592,wall,1.5011,6.004,12.009,1.716
WL-sheet_1-1593,wall,0.5005,0.91,1.82,0.26
WL-sheet_1-1594,wall,1.1541,0.875,1.75,0.25
WL-sheet_1-1595,wall,0.805,0.875,1.75,0.25
WL-sheet_1-1596,wall,0.0,0.0,0.0,0.0
WL-sheet_1-1597,wall,7.0289,4.847,9.695,1.385
WL-sheet_1-1598,wall,2.156,3.08,6.16,0.88
WL-sheet_1-1599,wall,0.0588,0.236,0.473,0.068
WL-sheet_1-1600,wall,1.0675,0.875,1.75,0.25
WL-sheet_1-1601,wall,0.183,0.735,1.47,0.21
WL-sheet_1-1602,wall,0.4594,1.838,3.675,0.525
WL-sheet_1-1603,wall,4.5136,7.28,14.56,2.08
WL-sheet_1-1604,wall,32.1748,25.156,50.312,7.187
WL-sheet_1-1605,wall,0.0,0.0,0.0,0.0
WL-sheet_1-1606,wall,0.4059,1.623,3.247,0.464
WL-sheet_1-1607,wall,1.6538,6.615,13.23,1.89
WL-sheet_1-1608,wall,2.8941,11.576,23.152,3.308
WL-sheet_1-1609,wall,0.1794,0.717,1.435,0.205
WL-sheet_1-1610,wall,0.0,0.0,0.0,0.0
WL-sheet_1-1611,wall,1.0675,0.875,1.75,0.25
WL-sheet_1-1612,wall,0.0,0.0,0.0,0.0
WL-sheet_1-1613,wall,0.98,0.875,1.75,0.25
WL-sheet_1-1614,wall,0.5031,2.013,4.025,0.575
WL-sheet_1-1615,wall,3.276,6.3,12.6,1.8
WL-sheet_1-1616,wall,31.6153,24.719,49.437,7.062
WL-sheet_1-1617,wall,0.0,0.0,0.0,0.0
WL-sheet_1-1618,wall,0.2669,1.067,2.135,0.305
WL-sheet_1-1619,wall,0.7,0.7,1.4,0.2
WL-sheet_1-1620,wall,0.0,0.0,0.0,0.0
WL-sheet_1-1621,wall,1.036,5.18,10.36,1.48
WL-sheet_1-1622,wall,0.0126,0.05,0.101,0.014
WL-sheet_1-1623,wall,0.595,2.975,5.95,0.85
WL-sheet_1-1624,wall,0.5075,2.537,5.075,0.725
WL-sheet_1-1625,wall,2.9001,11.6,23.201,3.314
WL-sheet_1-1626,wall,1.7456,6.983,13.965,1.995
WL-sheet_1-1627,wall,5.2938,21.175,42.35,6.05
WL-sheet_1-1628,wall,0.0,0.0,0.0,0.0
WL-sheet_1-1629,wall,2.4347,2.319,4.638,0.662
WL-sheet_1-1630,wall,76.9336,64.488,128.975,18.425
WL-sheet_1-1631,wall,0.0,0.0,0.0,0.0
WL-sheet_1-1632,wall,0.1094,0.438,0.875,0.125
WL-sheet_1-1633,wall,1.0675,0.875,1.75,0.25
WL-sheet_1-1634,wall,0.183,0.735,1.47,0.21
WL-sheet_1-1635,wall,0.98,0.875,1.75,0.25
WL-sheet_1-1636,wall,0.4813,1.925,3.85,0.55
WL-sheet_1-1637,wall,4.5136,7.28,14.56,2.08
WL-sheet_1-1638,wall,0.0,0.0,0.0,0.0
WL-sheet_1-1639,wall,11.4534,9.715,19.429,2.776
WL-sheet_1-1640,wall,0.0,0.0,0.0,0.0
WL-sheet_1-1641,wall,0.0,0.0,0.0,0.0
WL-sheet_1-1642,wall,9.102,18.204,36.408,5.201
WL-sheet_1-1643,wall,0.9975,3.99,7.98,1.14
WL-sheet_1-1644,wall,0.2669,1.067,2.135,0.305
WL-sheet_1-1645,wall,2.6363,10.588,21.175,3.025
WL-sheet_1-1646,wall,2.2354,8.977,17.955,2.565
WL-sheet_1-1647,wall,0.5687,2.275,4.55,0.65
WL-sheet_1-1648,wall,1.155,4.62,9.24,1.32
WL-sheet_1-1649,wall,1.155,4.62,9.24,1.32
WL-sheet_1-1650,wall,0.0787,0.315,0.63,0.09
WL-sheet_1-1651,wall,0.0,0.0,0.0,0.0
WL-sheet_1-1652,wall,0.0,0.0,0.0,0.0
WL-sheet_1-1653,wall,10.4473,7.21,14.42,2.06
WL-sheet_1-1654,wall,2.0947,2.992,5.985,0.855
WL-sheet_1-1655,wall,0.0588,0.236,0.473,0.068
WL-sheet_1-1656,wall,1.0675,0.875,1.75,0.25
WL-sheet_1-1657,wall,0.0,0.0,0.0,0.0
WL-sheet_1-1658,wall,0.4813,1.925,3.85,0.55
WL-sheet_1-1659,wall,3.276,6.3,12.6,1.8
WL-sheet_1-1660,wall,0.0,0.0,0.0,0.0
WL-sheet_1-1661,wall,0.0,0.0,0.0,0.0
WL-sheet_1-1662,wall,0.0,0.0,0.0,0.0
WL-sheet_1-1663,wall,1.0762,4.305,8.61,1.23
WL-sheet_1-1664,wall,1.6538,6.615,13.23,1.89
WL-sheet_1-1665,wall,0.1794,0.717,1.435,0.205
WL-sheet_1-1666,wall,13.3,33.25,66.5,9.5
WL-sheet_1-1667,wall,3.6821,14.787,29.575,4.225
WL-sheet_1-1668,wall,0.5355,2.678,5.355,0.765
WL-sheet_1-1669,wall,0.7,0.7,1.4,0.2
WL-sheet_1-1670,wall,0.0,0.0,0.0,0.0
WL-sheet_1-1671,wall,1.036,5.18,10.36,1.48
WL-sheet_1-1672,wall,2.6337,10.535,21.07,3.01
WL-sheet_1-1673,wall,0.924,4.62,9.24,1.32
WL-sheet_1-1674,wall,0.592,2.975,5.95,0.85
WL-sheet_1-1675,wall,0.505,2.538,5.075,0.725
WL-sheet_1-1676,wall,1.0776,5.388,10.776,1.539
WL-sheet_1-1677,wall,0.7,0.7,1.4,0.2
WL-sheet_1-1678,wall,0.56,2.8,5.6,0.8
WL-sheet_1-1679,wall,2.3625,9.45,18.9,2.7
WL-sheet_1-1680,wall,1.6931,6.772,13.545,1.935
WL-sheet_1-1681,wall,0.5775,2.888,5.775,0.825
WL-sheet_1-1682,wall,1.295,5.18,10.36,1.48
WL-sheet_1-1683,wall,1.82,9.1,18.2,2.6
WL-sheet_1-1684,wall,8.47,21.175,42.35,6.05
WL-sheet_1-1685,wall,0.0,0.0,0.0,0.0
WL-sheet_1-1686,wall,0.8663,5.775,11.55,1.65
WL-sheet_1-1687,wall,4.466,4.06,8.12,1.16
WL-sheet_1-1688,wall,0.1612,0.647,1.295,0.185
WL-sheet_1-1689,wall,0.98,0.875,1.75,0.25
WL-sheet_1-1690,wall,29.8909,25.331,50.662,7.237
WL-sheet_1-1691,wall,0.0,0.0,0.0,0.0
WL-sheet_1-1692,wall,1.0084,4.034,8.067,1.152
WL-sheet_1-1693,wall,0.2669,1.067,2.135,0.305
WL-sheet_1-1694,wall,38.1719,76.344,152.688,21.813
WL-sheet_1-1695,wall,0.1991,0.796,1.593,0.228
WL-sheet_1-1696,wall,0.0,0.0,0.0,0.0
WL-sheet_1-1697,wall,0.0,0.0,0.0,0.0
WL-sheet_1-1698,wall,10.5741,7.297,14.595,2.085
WL-sheet_1-1699,wall,2.0947,2.992,5.985,0.855
WL-sheet_1-1700,wall,0.0591,0.236,0.472,0.067
WL-sheet_1-1701,wall,1.0675,0.875,1.75,0.25
WL-sheet_1-1702,wall,0.0,0.0,0.0,0.0
WL-sheet_1-1703,wall,0.0218,0.088,0.175,0.025
WL-sheet_1-1704,wall,0.1127,0.123,0.245,0.035
WL-sheet_1-1705,wall,1.0762,4.305,8.61,1.23
WL-sheet_1-1706,wall,8.0325,14.875,29.75,4.25
WL-sheet_1-1707,wall,1.6537,6.615,13.23,1.89
WL-sheet_1-1708,wall,0.1794,0.717,1.435,0.205
WL-sheet_1-1709,wall,2.4347,2.319,4.638,0.662
WL-sheet_1-1710,wall,0.3063,0.245,0.49,0.07
WL-sheet_1-1711,wall,0.0,0.0,0.0,0.0
WL-sheet_1-1712,wall,0.032,0.026,0.052,0.007
WL-sheet_1-1713,wall,0.0,0.0,0.0,0.0
WL-sheet_1-1714,wall,0.0966,0.411,0.823,0.117
WL-sheet_1-1715,wall,1.0355,0.849,1.697,0.242
WL-sheet_1-1716,wall,0.1837,0.735,1.47,0.21
WL-sheet_1-1717,wall,0.98,0.875,1.75,0.25
WL-sheet_1-1718,wall,0.4812,1.925,3.85,0.55
WL-sheet_1-1719,wall,4.5063,7.28,14.56,2.08
WL-sheet_1-1720,wall,29.9171,25.375,50.75,7.25
WL-sheet_1-1721,wall,0.0,0.0,0.0,0.0
WL-sheet_1-1722,wall,1.0762,4.305,8.61,1.23
WL-sheet_1-1723,wall,1.3493,2.625,5.25,0.75
WL-sheet_1-1724,wall,1.6537,6.615,13.23,1.89
WL-sheet_1-1725,wall,1.0084,4.034,8.067,1.152
WL-sheet_1-1726,wall,0.2669,1.067,2.135,0.305
WL-sheet_1-1727,wall,40.7541,81.508,163.017,23.288
WL-sheet_1-1728,wall,0.1881,0.753,1.505,0.215
WL-sheet_1-1729,wall,0.0,0.0,0.0,0.0
WL-sheet_1-1730,wall,0.0,0.0,0.0,0.0
WL-sheet_1-1731,wall,10.4473,7.21,14.42,2.06
WL-sheet_1-1732,wall,2.0947,2.992,5.985,0.855
WL-sheet_1-1733,wall,0.0588,0.236,0.472,0.067
WL-sheet_1-1734,wall,0.9607,0.787,1.575,0.225
WL-sheet_1-1735,wall,0.0,0.0,0.0,0.0
WL-sheet_1-1736,wall,0.4813,1.925,3.85,0.55
WL-sheet_1-1737,wall,3.2697,6.3,12.6,1.8
WL-sheet_1-1738,wall,0.0,0.0,0.0,0.0
WL-sheet_1-1739,wall,1.0762,4.305,8.61,1.23
WL-sheet_1-1740,wall,5.7139,11.095,22.19,3.17
WL-sheet_1-1741,wall,1.6537,6.615,13.23,1.89
WL-sheet_1-1742,wall,0.1794,0.717,1.435,0.205
WL-sheet_1-1743,wall,0.3412,1.365,2.73,0.39
WL-sheet_1-1744,wall,8.8554,6.353,12.705,1.815
WL-sheet_1-1745,wall,1.7194,6.877,13.755,1.965
WL-sheet_1-1746,wall,1.4131,5.652,11.305,1.615
WL-sheet_1-1747,wall,6.5166,26.066,52.133,7.447
WL-sheet_1-1748,wall,1.0237,0.875,1.75,0.25
WL-sheet_1-1749,wall,1.6056,6.423,12.845,1.835
WL-sheet_1-1750,wall,0.7438,0.875,1.75,0.25
WL-sheet_1-1751,wall,1.0237,4.095,8.19,1.17
WL-sheet_1-1752,wall,0.665,0.875,1.75,0.25
WL-sheet_1-1753,wall,0.7438,2.975,5.95,0.85
WL-sheet_1-1754,wall,0.665,2.66,5.32,0.76
WL-sheet_1-1755,wall,1.2425,4.97,9.94,1.42
WL-sheet_1-1756,wall,1.4,5.6,11.2,1.6
WL-sheet_1-1757,wall,0.805,0.875,1.75,0.25
WL-sheet_1-1758,wall,2.5906,2.432,4.865,0.695
WL-sheet_1-1759,wall,0.3719,1.488,2.975,0.425
WL-sheet_1-1760,wall,0.8925,0.875,1.75,0.25
WL-sheet_1-1761,wall,0.2411,0.965,1.929,0.276
WL-sheet_1-1762,wall,0.4056,0.788,1.575,0.225
WL-sheet_1-1763,wall,13.8323,27.72,55.44,7.92
WL-sheet_1-1764,wall,13.3,33.25,66.5,9.5
WL-sheet_1-1765,wall,0.2723,1.094,2.187,0.312
WL-sheet_1-1766,wall,0.7,0.7,1.4,0.2
WL-sheet_1-1767,wall,0.0,0.0,0.0,0.0
WL-sheet_1-1768,wall,1.036,5.18,10.36,1.48
WL-sheet_1-1769,wall,3.157,15.785,31.57,4.51
WL-sheet_1-1770,wall,0.592,2.975,5.95,0.85
WL-sheet_1-1771,wall,0.5075,2.537,5.075,0.725
WL-sheet_1-1772,wall,3.3595,13.438,26.876,3.839
WL-sheet_1-1773,wall,2.1,8.4,16.8,2.4
WL-sheet_1-1774,wall,0.7,0.7,1.4,0.2
WL-sheet_1-1775,wall,0.0,0.0,0.0,0.0
WL-sheet_1-1776,wall,1.036,5.18,10.36,1.48
WL-sheet_1-1777,wall,2.6337,10.535,21.07,3.01
WL-sheet_1-1778,wall,5.152,25.76,51.52,7.36
WL-sheet_1-1779,wall,0.592,2.975,5.95,0.85
WL-sheet_1-1780,wall,0.505,2.537,5.075,0.725
WL-sheet_1-1781,wall,2.926,14.63,29.26,4.18
WL-sheet_1-1782,wall,1.848,9.24,18.48,2.64
WL-sheet_1-1783,wall,0.9625,3.85,7.7,1.1
WL-sheet_1-1784,wall,0.8925,0.875,1.75,0.25
WL-sheet_1-1785,wall,1.0633,1.715,3.43,0.49
WL-sheet_1-1786,wall,1.8779,1.916,3.833,0.547
WL-sheet_1-1787,wall,1.0762,4.305,8.61,1.23
WL-sheet_1-1788,wall,0.35,1.4,2.8,0.4
WL-sheet_1-1789,wall,0.56,2.24,4.48,0.64
WL-sheet_1-1790,wall,11.3925,9.494,18.988,2.712
WL-sheet_1-1791,wall,1.8944,7.578,15.155,2.165
WL-sheet_1-1792,wall,3.1355,13.633,27.265,3.895
WL-sheet_1-1793,wall,6.7834,9.117,18.235,2.605
WL-sheet_1-1794,wall,0.4331,1.732,3.465,0.495
WL-sheet_1-1795,wall,0.315,0.875,1.75,0.25
WL-sheet_1-1796,wall,0.315,1.26,2.52,0.36
WL-sheet_1-1797,wall,1.1506,4.603,9.205,1.315
WL-sheet_1-1798,wall,1.0019,0.875,1.75,0.25
WL-sheet_1-1799,wall,3.4713,2.992,5.985,0.855
WL-sheet_1-1800,wall,1.0019,4.008,8.015,1.145
WL-sheet_1-1801,wall,0.9056,3.622,7.245,1.035
WL-sheet_1-1802,wall,5.627,24.465,48.93,6.99
WL-sheet_1-1803,wall,1.3125,0.875,1.75,0.25
WL-sheet_1-1804,wall,1.26,5.04,10.08,1.44
WL-sheet_1-1805,wall,2.7563,11.025,22.05,3.15
WL-sheet_1-1806,wall,1.9906,7.963,15.925,2.275
WL-sheet_1-1807,wall,4.3838,17.535,35.07,5.01
WL-sheet_1-1808,wall,2.0081,8.032,16.065,2.295
WL-sheet_1-1809,wall,6.3008,4.603,9.205,1.315
WL-sheet_1-1810,wall,0.7,0.7,1.4,0.2
WL-sheet_1-1811,wall,0.5075,2.538,5.075,0.725
WL-sheet_1-1812,wall,0.595,2.975,5.95,0.85
WL-sheet_1-1813,wall,0.5469,2.188,4.375,0.625
WL-sheet_1-1814,wall,1.9512,7.805,15.61,2.23
WL-sheet_1-1815,wall,5.4731,21.893,43.785,6.255
WL-sheet_1-1816,wall,1.155,0.875,1.75,0.25
WL-sheet_1-1817,wall,1.155,0.875,1.75,0.25
WL-sheet_1-1818,wall,0.5005,0.91,1.82,0.26
WL-sheet_1-1819,wall,7.3894,29.558,59.115,8.445
WL-sheet_1-1820,wall,0.7,0.7,1.4,0.2
WL-sheet_1-1821,wall,3.115,15.575,31.15,4.45
WL-sheet_1-1822,wall,1.036,5.18,10.36,1.48
WL-sheet_1-1823,wall,0.595,2.975,5.95,0.85
WL-sheet_1-1824,wall,2.1,8.4,16.8,2.4
WL-sheet_1-1825,wall,0.5075,2.537,5.075,0.725
WL-sheet_1-1826,wall,24.7604,16.73,33.46,4.78
WL-sheet_1-1827,wall,9.2462,10.64,21.28,3.04
WL-sheet_1-1828,wall,1.8955,7.612,15.225,2.175
WL-sheet_1-1829,wall,2.2509,9.004,18.007,2.572
WL-sheet_1-1830,wall,1.2241,0.875,1.75,0.25
WL-sheet_1-1831,wall,0.8641,3.456,6.912,0.987
WL-sheet_1-1832,wall,0.9002,3.601,7.202,1.029
WL-sheet_1-1833,wall,19.0623,16.155,32.309,4.616
WL-sheet_1-1834,wall,0.805,0.875,1.75,0.25
WL-sheet_1-1835,wall,2.777,2.607,5.215,0.745
WL-sheet_1-1836,wall,1.4044,5.617,11.235,1.605
WL-sheet_1-1837,wall,0.98,0.875,1.75,0.25
WL-sheet_1-1838,wall,0.4594,1.838,3.675,0.525
WL-sheet_1-1839,wall,3.5127,3.238,6.475,0.925
WL-sheet_1-1840,wall,2.2609,2.94,5.88,0.84
WL-sheet_1-1841,wall,1.7194,6.877,13.755,1.965
WL-sheet_1-1842,wall,1.0237,0.875,1.75,0.25
WL-sheet_1-1843,wall,0.7438,0.875,1.75,0.25
WL-sheet_1-1844,wall,1.0237,4.095,8.19,1.17
WL-sheet_1-1845,wall,0.7438,2.975,5.95,0.85
WL-sheet_1-1846,wall,0.5005,0.91,1.82,0.26
WL-sheet_1-1847,wall,0.3719,1.488,2.975,0.425
WL-sheet_1-1848,wall,2.0044,8.05,16.1,2.3
WL-sheet_1-1849,wall,2.2509,9.004,18.007,2.572
WL-sheet_1-1850,wall,1.2241,0.875,1.75,0.25
WL-sheet_1-1851,wall,0.5119,0.438,0.875,0.125
WL-sheet_1-1852,wall,0.8641,3.456,6.912,0.987
WL-sheet_1-1853,wall,0.7438,0.875,1.75,0.25
WL-sheet_1-1854,wall,0.8536,3.415,6.829,0.976
WL-sheet_1-1855,wall,0.7438,2.975,5.95,0.85
WL-sheet_1-1856,wall,0.665,0.875,1.75,0.25
WL-sheet_1-1857,wall,0.665,2.66,5.32,0.76
WL-sheet_1-1858,wall,1.1988,4.795,9.59,1.37
WL-sheet_1-1859,wall,1.4,5.6,11.2,1.6
WL-sheet_1-1860,wall,0.3719,1.488,2.975,0.425
WL-sheet_1-1861,wall,9.2462,10.64,21.28,3.04
WL-sheet_1-1862,wall,1.7226,2.24,4.48,0.64
WL-sheet_1-1863,wall,1.7631,7.052,14.105,2.015
WL-sheet_1-1864,wall,0.1969,0.787,1.575,0.225
WL-sheet_1-1865,wall,1.0237,0.875,1.75,0.25
WL-sheet_1-1866,wall,1.0237,4.095,8.19,1.17
WL-sheet_1-1867,wall,0.665,0.875,1.75,0.25
WL-sheet_1-1868,wall,0.596,2.384,4.768,0.681
WL-sheet_1-1869,wall,0.665,2.66,5.32,0.76
WL-sheet_1-1870,wall,1.4336,5.758,11.515,1.645
WL-sheet_1-1871,wall,0.805,0.875,1.75,0.25
WL-sheet_1-1872,wall,10.9775,10.307,20.615,2.945
WL-sheet_1-1873,wall,0.98,0.875,1.75,0.25
WL-sheet_1-1874,wall,0.4594,1.838,3.675,0.525
WL-sheet_1-1875,wall,3.5127,3.238,6.475,0.925
WL-sheet_1-1876,wall,2.8919,11.567,23.135,3.305
WL-sheet_1-1877,wall,2.0562,8.225,16.45,2.35
WL-sheet_1-1878,wall,2.2419,9.004,18.008,2.573
WL-sheet_1-1879,wall,0.1969,0.787,1.575,0.225
WL-sheet_1-1880,wall,1.225,0.875,1.75,0.25
WL-sheet_1-1881,wall,1.0237,0.875,1.75,0.25
WL-sheet_1-1882,wall,0.8641,3.456,6.913,0.988
WL-sheet_1-1883,wall,0.7438,0.875,1.75,0.25
WL-sheet_1-1884,wall,1.0237,4.095,8.19,1.17
WL-sheet_1-1885,wall,0.665,0.875,1.75,0.25
WL-sheet_1-1886,wall,0.7438,2.975,5.95,0.85
WL-sheet_1-1887,wall,0.665,2.66,5.32,0.76
WL-sheet_1-1888,wall,1.2425,4.97,9.94,1.42
WL-sheet_1-1889,wall,0.805,0.875,1.75,0.25
WL-sheet_1-1890,wall,0.98,0.875,1.75,0.25
WL-sheet_1-1891,wall,0.4594,1.838,3.675,0.525
WL-sheet_1-1892,wall,4.3221,3.238,6.475,0.925
WL-sheet_1-1893,wall,3.1325,12.53,25.06,3.58
WL-sheet_1-1894,wall,5.7269,22.908,45.815,6.545
WL-sheet_1-1895,wall,6.405,25.62,51.24,7.32
WL-sheet_1-1896,wall,0.7,0.7,1.4,0.2
WL-sheet_1-1897,wall,6.9155,7.525,15.05,2.15
WL-sheet_1-1898,wall,1.036,5.18,10.36,1.48
WL-sheet_1-1899,wall,0.595,2.975,5.95,0.85
WL-sheet_1-1900,wall,2.499,12.495,24.99,3.57
WL-sheet_1-1901,wall,0.5075,2.537,5.075,0.725
WL-sheet_1-1902,wall,24.7604,16.73,33.46,4.78
WL-sheet_1-1903,wall,9.6456,7.595,15.19,2.17
WL-sheet_1-1904,wall,0.7,0.7,1.4,0.2
WL-sheet_1-1905,wall,10.7109,11.655,23.31,3.33
WL-sheet_1-1906,wall,1.036,5.18,10.36,1.48
WL-sheet_1-1907,wall,0.595,2.975,5.95,0.85
WL-sheet_1-1908,wall,0.5075,2.537,5.075,0.725
WL-sheet_1-1909,wall,24.7604,16.73,33.46,4.78
WL-sheet_1-1910,wall,9.2659,7.595,15.19,2.17
WL-sheet_1-1911,wall,3.12,12.53,25.06,3.58
WL-sheet_1-1912,wall,3.0012,12.005,24.01,3.43
WL-sheet_1-1913,wall,1.7125,6.878,13.755,1.965
WL-sheet_1-1914,wall,1.4394,5.757,11.515,1.645
WL-sheet_1-1915,wall,1.0237,0.875,1.75,0.25
WL-sheet_1-1916,wall,0.7438,0.875,1.75,0.25
WL-sheet_1-1917,wall,1.0197,4.095,8.19,1.17
WL-sheet_1-1918,wall,0.665,0.875,1.75,0.25
WL-sheet_1-1919,wall,0.7438,2.975,5.95,0.85
WL-sheet_1-1920,wall,0.6623,2.66,5.32,0.76
WL-sheet_1-1921,wall,1.4,5.6,11.2,1.6
WL-sheet_1-1922,wall,0.8041,0.875,1.75,0.25
WL-sheet_1-1923,wall,9.1697,8.61,17.22,2.46
WL-sheet_1-1924,wall,0.3704,1.488,2.975,0.425
WL-sheet_1-1925,wall,23.485,58.713,117.425,16.775
WL-sheet_1-1926,wall,0.5005,0.91,1.82,0.26
WL-sheet_1-1927,wall,0.5005,0.91,1.82,0.26
WL-sheet_1-1928,wall,1.0544,4.218,8.435,1.205
WL-sheet_1-1929,wall,1.7125,6.877,13.755,1.965
WL-sheet_1-1930,wall,0.8715,3.5,7.0,1.0
WL-sheet_1-1931,wall,14.4587,14.245,28.49,4.07
WL-sheet_1-1932,wall,1.0458,4.2,8.4,1.2
WL-sheet_1-1933,wall,8.8554,6.353,12.705,1.815
WL-sheet_1-1934,wall,1.7194,6.877,13.755,1.965
WL-sheet_1-1935,wall,1.4131,5.652,11.305,1.615
WL-sheet_1-1936,wall,4.9853,19.941,39.882,5.697
WL-sheet_1-1937,wall,0.3325,1.33,2.66,0.38
WL-sheet_1-1938,wall,14.5475,14.333,28.665,4.095
WL-sheet_1-1939,wall,1.1375,4.55,9.1,1.3
WL-sheet_1-1940,wall,0.3719,1.488,2.975,0.425
WL-sheet_1-1941,wall,3.5127,3.238,6.475,0.925
WL-sheet_1-1942,wall,6.4688,5.967,11.935,1.705
WL-sheet_1-1943,wall,0.9791,0.875,1.75,0.25
WL-sheet_1-1944,wall,0.4856,1.942,3.885,0.555
WL-sheet_1-1945,wall,1.926,7.735,15.47,2.21
WL-sheet_1-1946,wall,0.805,0.875,1.75,0.25
WL-sheet_1-1947,wall,1.8172,2.8,5.6,0.8
WL-sheet_1-1948,wall,0.4594,1.837,3.675,0.525
WL-sheet_1-1949,wall,0.9844,3.938,7.875,1.125
WL-sheet_1-1950,wall,0.8916,0.875,1.75,0.25
WL-sheet_1-1951,wall,15.382,21.071,42.143,6.02
WL-sheet_1-1952,wall,0.353,1.418,2.835,0.405
WL-sheet_1-1953,wall,4.4562,13.504,27.007,3.858
WL-sheet_1-1954,wall,2.2049,8.855,17.71,2.53
WL-sheet_1-1955,wall,0.2135,0.858,1.715,0.245
WL-sheet_1-1956,wall,1.7996,7.228,14.455,2.065
WL-sheet_1-1957,wall,8.8617,6.353,12.705,1.815
WL-sheet_1-1958,wall,1.7125,6.877,13.755,1.965
WL-sheet_1-1959,wall,1.3639,5.477,10.955,1.565
WL-sheet_1-1960,wall,0.7564,3.026,6.052,0.865
WL-sheet_1-1961,wall,1.0229,0.875,1.75,0.25
WL-sheet_1-1962,wall,1.0237,4.095,8.19,1.17
WL-sheet_1-1963,wall,5.705,22.82,45.64,6.52
WL-sheet_1-1964,wall,0.3704,1.488,2.975,0.425
WL-sheet_1-1965,wall,0.9844,3.938,7.875,1.125
WL-sheet_1-1966,wall,0.8925,0.875,1.75,0.25
WL-sheet_1-1967,wall,4.1016,3.281,6.562,0.938
WL-sheet_1-1968,wall,0.3544,1.417,2.835,0.405
WL-sheet_1-1969,wall,6.3086,8.654,17.307,2.472
WL-sheet_1-1970,wall,1.8813,7.525,15.05,2.15
WL-sheet_1-1971,wall,1.8944,7.578,15.155,2.165
WL-sheet_1-1972,wall,7.9666,5.968,11.935,1.705
WL-sheet_1-1973,wall,6.7834,9.117,18.235,2.605
WL-sheet_1-1974,wall,0.4331,1.732,3.465,0.495
WL-sheet_1-1975,wall,0.805,0.875,1.75,0.25
WL-sheet_1-1976,wall,3.024,5.04,10.08,1.44
WL-sheet_1-1977,wall,7.14,11.9,23.8,3.4
WL-sheet_1-1978,wall,11.256,18.76,37.52,5.36
WL-sheet_1-1979,wall,5.6595,9.432,18.865,2.695
WL-sheet_1-1980,wall,0.7,0.7,1.4,0.2
WL-sheet_1-1981,wall,0.5075,2.537,5.075,0.725
WL-sheet_1-1982,wall,0.595,2.975,5.95,0.85
WL-sheet_1-1983,wall,8.7334,6.265,12.53,1.79
WL-sheet_1-1984,wall,5.2361,21.028,42.057,6.008
WL-sheet_1-1985,wall,1.8944,7.577,15.155,2.165
WL-sheet_1-1986,wall,2.4663,9.905,19.81,2.83
WL-sheet_1-1987,wall,1.8944,7.577,15.155,2.165
WL-sheet_1-1988,wall,2.1527,8.611,17.222,2.46
WL-sheet_1-1989,wall,3.024,5.04,10.08,1.44
WL-sheet_1-1990,wall,7.1281,11.9,23.8,3.4
WL-sheet_1-1991,wall,1.8812,7.525,15.05,2.15
WL-sheet_1-1992,wall,5.6501,9.432,18.865,2.695
WL-sheet_1-1993,wall,10.1046,9.03,18.06,2.58
WL-sheet_1-1994,wall,0.7,0.7,1.4,0.2
WL-sheet_1-1995,wall,0.505,2.537,5.075,0.725
WL-sheet_1-1996,wall,0.592,2.975,5.95,0.85
WL-sheet_1-1997,wall,5.7061,22.916,45.832,6.547
WL-sheet_1-1998,wall,11.2372,18.76,37.52,5.36
WL-sheet_1-1999,wall,5.6501,9.432,18.865,2.695
WL-sheet_1-2000,wall,0.5005,0.91,1.82,0.26
WL-sheet_1-2001,wall,0.5005,0.91,1.82,0.26
WL-sheet_1-2002,wall,3.9498,3.238,6.475,0.925
WL-sheet_1-2003,wall,0.1006,0.437,0.875,0.125
WL-sheet_1-2004,wall,0.1094,0.437,0.875,0.125
WL-sheet_1-2005,wall,2.1131,3.019,6.038,0.863
WL-sheet_1-2006,wall,0.0741,0.297,0.595,0.085
WL-sheet_1-2007,wall,1.0675,0.875,1.75,0.25
WL-sheet_1-2008,wall,0.1094,0.437,0.875,0.125
WL-sheet_1-2009,wall,0.4793,1.925,3.85,0.55
WL-sheet_1-2010,wall,4.5136,7.28,14.56,2.08
WL-sheet_1-2011,wall,0.0,0.0,0.0,0.0
WL-sheet_1-2012,wall,0.0,0.0,0.0,0.0
WL-sheet_1-2013,wall,0.0,0.0,0.0,0.0
WL-sheet_1-2014,wall,2.9181,11.673,23.345,3.335
WL-sheet_1-2015,wall,2.6363,10.587,21.175,3.025
WL-sheet_1-2016,wall,2.0611,8.278,16.555,2.365
WL-sheet_1-2017,wall,0.0,0.0,0.0,0.0
WL-sheet_1-2018,wall,0.2309,0.927,1.855,0.265
WL-sheet_1-2019,wall,0.0,0.0,0.0,0.0
WL-sheet_1-2020,wall,10.4545,7.21,14.42,2.06
WL-sheet_1-2021,wall,0.0,0.0,0.0,0.0
WL-sheet_1-2022,wall,1.0675,0.875,1.75,0.25
WL-sheet_1-2023,wall,0.0,0.0,0.0,0.0
WL-sheet_1-2024,wall,0.98,0.875,1.75,0.25
WL-sheet_1-2025,wall,0.4793,1.925,3.85,0.55
WL-sheet_1-2026,wall,4.5815,5.95,11.9,1.7
WL-sheet_1-2027,wall,0.0,0.0,0.0,0.0
WL-sheet_1-2028,wall,0.0,0.0,0.0,0.0
WL-sheet_1-2029,wall,1.0719,4.305,8.61,1.23
WL-sheet_1-2030,wall,0.2658,1.067,2.135,0.305
WL-sheet_1-2031,wall,0.3412,1.365,2.73,0.39
WL-sheet_1-2032,wall,1.0675,0.875,1.75,0.25
WL-sheet_1-2033,wall,1.2637,5.075,10.15,1.45
WL-sheet_1-2034,wall,0.3666,0.875,1.75,0.25
WL-sheet_1-2035,wall,0.6493,2.607,5.215,0.745
WL-sheet_1-2036,wall,8.8554,6.353,12.705,1.815
WL-sheet_1-2037,wall,1.7125,6.877,13.755,1.965
WL-sheet_1-2038,wall,1.4075,5.652,11.305,1.615
WL-sheet_1-2039,wall,6.2726,25.191,50.383,7.198
WL-sheet_1-2040,wall,1.3944,5.6,11.2,1.6
WL-sheet_1-2041,wall,26.494,22.453,44.905,6.415
WL-sheet_1-2042,wall,0.8041,0.875,1.75,0.25
WL-sheet_1-2043,wall,2.5882,2.432,4.865,0.695
WL-sheet_1-2044,wall,0.3719,1.487,2.975,0.425
WL-sheet_1-2045,wall,0.8925,0.875,1.75,0.25
WL-sheet_1-2046,wall,0.4575,1.837,3.675,0.525
WL-sheet_1-2047,wall,0.8925,0.875,1.75,0.25
WL-sheet_1-2048,wall,0.4358,1.75,3.5,0.5
WL-sheet_1-2049,wall,0.98,0.875,1.75,0.25
WL-sheet_1-2050,wall,1.05,4.2,8.4,1.2
WL-sheet_1-2051,wall,6.4688,5.967,11.935,1.705
WL-sheet_1-2052,wall,0.9791,0.875,1.75,0.25
WL-sheet_1-2053,wall,0.4837,1.942,3.885,0.555
WL-sheet_1-2054,wall,13.7736,11.673,23.345,3.335
WL-sheet_1-2055,wall,3.6963,4.935,9.87,1.41
WL-sheet_1-2056,wall,0.805,0.875,1.75,0.25
WL-sheet_1-2057,wall,0.7233,2.905,5.81,0.83
WL-sheet_1-2058,wall,0.2135,0.857,1.715,0.245
WL-sheet_1-2059,wall,1.785,7.14,14.28,2.04
WL-sheet_1-2060,wall,7.7577,5.967,11.935,1.705
WL-sheet_1-2061,wall,0.9791,0.875,1.75,0.25
WL-sheet_1-2062,wall,0.4837,1.942,3.885,0.555
WL-sheet_1-2063,wall,1.8301,7.35,14.7,2.1
WL-sheet_1-2064,wall,1.1754,0.822,1.645,0.235
WL-sheet_1-2065,wall,1.926,7.735,15.47,2.21
WL-sheet_1-2066,wall,10.3796,25.949,51.898,7.414
WL-sheet_1-2067,wall,0.805,0.875,1.75,0.25
WL-sheet_1-2068,wall,0.6291,0.875,1.75,0.25
WL-sheet_1-2069,wall,1.8172,2.8,5.6,0.8
WL-sheet_1-2070,wall,0.4594,1.838,3.675,0.525
WL-sheet_1-2071,wall,0.9804,3.937,7.875,1.125
WL-sheet_1-2072,wall,0.8916,0.875,1.75,0.25
WL-sheet_1-2073,wall,0.353,1.417,2.835,0.405
WL-sheet_1-2074,wall,0.305,1.225,2.45,0.35
WL-sheet_1-2075,wall,2.2049,8.855,17.71,2.53
WL-sheet_1-2076,wall,0.2135,0.858,1.715,0.245
WL-sheet_1-2077,wall,1.785,7.14,14.28,2.04
WL-sheet_1-2078,wall,5.9937,23.975,47.95,6.85
WL-sheet_1-2079,wall,0.1002,0.402,0.805,0.115
WL-sheet_1-2080,wall,2.3379,9.389,18.778,2.683
WL-sheet_1-2081,wall,6.8739,27.496,54.991,7.856
WL-sheet_1-2082,wall,3.8584,15.495,30.991,4.427
WL-sheet_1-2083,wall,5.0883,20.353,40.706,5.815
WL-sheet_1-2084,wall,1.255,5.04,10.08,1.44
WL-sheet_1-2085,wall,2.7563,11.025,22.05,3.15
WL-sheet_1-2086,wall,3.2638,13.108,26.215,3.745
WL-sheet_1-2087,wall,1.9906,7.963,15.925,2.275
WL-sheet_1-2088,wall,4.3662,17.535,35.07,5.01
WL-sheet_1-2089,wall,2.2833,9.17,18.34,2.62
WL-sheet_1-2090,wall,6.3008,4.603,9.205,1.315
WL-sheet_1-2091,wall,0.7,0.7,1.4,0.2
WL-sheet_1-2092,wall,0.5075,2.537,5.075,0.725
WL-sheet_1-2093,wall,0.595,2.975,5.95,0.85
WL-sheet_1-2094,wall,8.8554,6.353,12.705,1.815
WL-sheet_1-2095,wall,1.7194,6.878,13.755,1.965
WL-sheet_1-2096,wall,1.4131,5.652,11.305,1.615
WL-sheet_1-2097,wall,6.4905,26.066,52.132,7.447
WL-sheet_1-2098,wall,1.6056,6.423,12.845,1.835
WL-sheet_1-2099,wall,0.8041,0.875,1.75,0.25
WL-sheet_1-2100,wall,14.4587,14.245,28.49,4.07
WL-sheet_1-2101,wall,1.8302,7.35,14.7,2.1
WL-sheet_1-2102,wall,0.3704,1.488,2.975,0.425
WL-sheet_1-2103,wall,3.024,5.04,10.08,1.44
WL-sheet_1-2104,wall,7.1281,11.9,23.8,3.4
WL-sheet_1-2105,wall,1.8813,7.525,15.05,2.15
WL-sheet_1-2106,wall,5.6501,9.432,18.865,2.695
WL-sheet_1-2107,wall,10.1046,9.03,18.06,2.58
WL-sheet_1-2108,wall,0.7,0.7,1.4,0.2
WL-sheet_1-2109,wall,0.505,2.537,5.075,0.725
WL-sheet_1-2110,wall,0.595,2.975,5.95,0.85
WL-sheet_1-2111,wall,11.2372,18.76,37.52,5.36
WL-sheet_1-2112,wall,0.6993,0.7,1.4,0.2
WL-sheet_1-2113,wall,1.6155,1.47,2.94,0.42
WL-sheet_1-2114,wall,1.036,5.18,10.36,1.48
WL-sheet_1-2115,wall,2.6337,10.535,21.07,3.01
WL-sheet_1-2116,wall,2.954,14.77,29.54,4.22
WL-sheet_1-2117,wall,1.113,5.565,11.13,1.59
WL-sheet_1-2118,wall,0.592,2.975,5.95,0.85
WL-sheet_1-2119,wall,0.5075,2.537,5.075,0.725
WL-sheet_1-2120,wall,2.7891,5.589,11.179,1.597
WL-sheet_1-2121,wall,0.4996,0.91,1.82,0.26
WL-sheet_1-2122,wall,0.5005,0.91,1.82,0.26
WL-sheet_1-2123,wall,2.4347,2.319,4.637,0.662
WL-sheet_1-2124,wall,0.0,0.0,0.0,0.0
WL-sheet_1-2125,wall,0.0,0.0,0.0,0.0
WL-sheet_1-2126,wall,0.1089,0.438,0.875,0.125
WL-sheet_1-2127,wall,1.0675,0.875,1.75,0.25
WL-sheet_1-2128,wall,0.183,0.735,1.47,0.21
WL-sheet_1-2129,wall,0.98,0.875,1.75,0.25
WL-sheet_1-2130,wall,0.4594,1.837,3.675,0.525
WL-sheet_1-2131,wall,4.2966,6.93,13.86,1.98
WL-sheet_1-2132,wall,0.0,0.0,0.0,0.0
WL-sheet_1-2133,wall,0.0,0.0,0.0,0.0
WL-sheet_1-2134,wall,3.1509,2.205,4.41,0.63
WL-sheet_1-2135,wall,0.0,0.0,0.0,0.0
WL-sheet_1-2136,wall,1.225,0.875,1.75,0.25
WL-sheet_1-2137,wall,0.0,0.0,0.0,0.0
WL-sheet_1-2138,wall,0.0,0.0,0.0,0.0
WL-sheet_1-2139,wall,0.0,0.0,0.0,0.0
WL-sheet_1-2140,wall,1.1069,4.427,8.855,1.265
WL-sheet_1-2141,wall,1.015,4.06,8.12,1.16
WL-sheet_1-2142,wall,0.2669,1.067,2.135,0.305
WL-sheet_1-2143,wall,3.1325,12.53,25.06,3.58
WL-sheet_1-2144,wall,0.35,1.4,2.8,0.4
WL-sheet_1-2145,wall,1.155,4.62,9.24,1.32
WL-sheet_1-2146,wall,1.155,4.62,9.24,1.32
WL-sheet_1-2147,wall,0.347,1.393,2.787,0.398
WL-sheet_1-2148,wall,0.0,0.0,0.0,0.0
WL-sheet_1-2149,wall,0.0,0.0,0.0,0.0
WL-sheet_1-2150,wall,10.8078,7.21,14.42,2.06
WL-sheet_1-2151,wall,2.0947,2.992,5.985,0.855
WL-sheet_1-2152,wall,0.0588,0.236,0.473,0.068
WL-sheet_1-2153,wall,1.0675,0.875,1.75,0.25
WL-sheet_1-2154,wall,0.0,0.0,0.0,0.0
WL-sheet_1-2155,wall,0.0218,0.088,0.175,0.025
WL-sheet_1-2156,wall,0.0,0.0,0.0,0.0
WL-sheet_1-2157,wall,3.1509,2.205,4.41,0.63
WL-sheet_1-2158,wall,0.0,0.0,0.0,0.0
WL-sheet_1-2159,wall,0.0,0.0,0.0,0.0
WL-sheet_1-2160,wall,0.0,0.0,0.0,0.0
WL-sheet_1-2161,wall,0.0,0.0,0.0,0.0
WL-sheet_1-2162,wall,0.0,0.0,0.0,0.0
WL-sheet_1-2163,wall,1.0762,4.305,8.61,1.23
WL-sheet_1-2164,wall,1.6538,6.615,13.23,1.89
WL-sheet_1-2165,wall,0.0,0.0,0.0,0.0
WL-sheet_1-2166,wall,0.1881,0.752,1.505,0.215
WL-sheet_1-2167,wall,1.155,4.62,9.24,1.32
WL-sheet_1-2168,wall,0.7705,3.082,6.164,0.881
WL-sheet_1-2169,wall,1.4421,5.768,11.537,1.648
WL-sheet_1-2170,wall,6.4688,5.967,11.935,1.705
WL-sheet_1-2171,wall,1.7831,2.747,5.495,0.785
WL-sheet_1-2172,wall,0.4575,1.837,3.675,0.525
WL-sheet_1-2173,wall,0.9804,3.938,7.875,1.125
WL-sheet_1-2174,wall,0.8916,0.875,1.75,0.25
WL-sheet_1-2175,wall,4.0983,3.281,6.562,0.937
WL-sheet_1-2176,wall,0.5122,2.049,4.098,0.585
WL-sheet_1-2177,wall,13.9609,15.342,30.683,4.383
WL-sheet_1-2178,wall,0.9543,3.833,7.665,1.095
WL-sheet_1-2179,wall,2.2138,8.855,17.71,2.53
WL-sheet_1-2180,wall,0.2135,0.857,1.715,0.245
WL-sheet_1-2181,wall,1.785,7.14,14.28,2.04
WL-sheet_1-2182,wall,0.4856,1.942,3.885,0.555
WL-sheet_1-2183,wall,0.98,0.875,1.75,0.25
WL-sheet_1-2184,wall,0.8041,0.875,1.75,0.25
WL-sheet_1-2185,wall,0.3256,1.391,2.782,0.397
WL-sheet_1-2186,wall,1.0675,0.875,1.75,0.25
WL-sheet_1-2187,wall,1.2637,5.075,10.15,1.45
WL-sheet_1-2188,wall,0.3675,0.875,1.75,0.25
WL-sheet_1-2189,wall,0.6519,2.607,5.215,0.745
WL-sheet_1-2190,wall,8.8554,6.353,12.705,1.815
WL-sheet_1-2191,wall,1.7125,6.877,13.755,1.965
WL-sheet_1-2192,wall,1.4075,5.652,11.305,1.615
WL-sheet_1-2193,wall,6.2726,25.191,50.383,7.198
WL-sheet_1-2194,wall,1.4,5.6,11.2,1.6
WL-sheet_1-2195,wall,26.4939,22.452,44.905,6.415
WL-sheet_1-2196,wall,0.805,0.875,1.75,0.25
WL-sheet_1-2197,wall,2.5602,2.406,4.812,0.687
WL-sheet_1-2198,wall,0.3704,1.487,2.975,0.425
WL-sheet_1-2199,wall,0.8389,0.822,1.645,0.235
WL-sheet_1-2200,wall,0.4318,1.837,3.675,0.525
WL-sheet_1-2201,wall,0.839,0.823,1.645,0.235
WL-sheet_1-2202,wall,0.5155,2.203,4.406,0.629
WL-sheet_1-2203,wall,0.9791,0.875,1.75,0.25
WL-sheet_1-2204,wall,1.2,4.8,9.6,1.371
WL-sheet_1-2205,wall,7.9606,5.968,11.935,1.705
WL-sheet_1-2206,wall,0.9791,0.875,1.75,0.25
WL-sheet_1-2207,wall,0.4837,1.942,3.885,0.555
WL-sheet_1-2208,wall,13.7736,11.673,23.345,3.335
WL-sheet_1-2209,wall,3.6963,4.935,9.87,1.41
WL-sheet_1-2210,wall,0.8041,0.875,1.75,0.25
WL-sheet_1-2211,wall,0.7233,2.905,5.81,0.83
WL-sheet_1-2212,wall,1.6994,6.825,13.65,1.95
WL-sheet_1-2213,wall,2.2137,8.855,17.71,2.53
WL-sheet_1-2214,wall,0.2135,0.857,1.715,0.245
WL-sheet_1-2215,wall,1.7779,7.14,14.28,2.04
WL-sheet_1-2216,wall,7.7219,30.887,61.775,8.825
WL-sheet_1-2217,wall,0.1094,0.438,0.875,0.125
WL-sheet_1-2218,wall,8.8617,6.353,12.705,1.815
WL-sheet_1-2219,wall,1.7194,6.878,13.755,1.965
WL-sheet_1-2220,wall,1.4131,5.653,11.305,1.615
WL-sheet_1-2221,wall,5.8369,23.441,46.882,6.697
WL-sheet_1-2222,wall,1.3081,5.232,10.465,1.495
WL-sheet_1-2223,wall,0.665,0.875,1.75,0.25
WL-sheet_1-2224,wall,0.6623,2.66,5.32,0.76
WL-sheet_1-2225,wall,1.4,5.6,11.2,1.6
WL-sheet_1-2226,wall,0.8041,0.875,1.75,0.25
WL-sheet_1-2227,wall,14.5332,14.332,28.665,4.095
WL-sheet_1-2228,wall,0.3704,1.488,2.975,0.425
WL-sheet_1-2229,wall,3.024,5.04,10.08,1.44
WL-sheet_1-2230,wall,7.1281,11.9,23.8,3.4
WL-sheet_1-2231,wall,4.801,8.015,16.03,2.29
WL-sheet_1-2232,wall,5.6501,9.432,18.865,2.695
WL-sheet_1-2233,wall,10.1046,9.03,18.06,2.58
WL-sheet_1-2234,wall,0.7,0.7,1.4,0.2
WL-sheet_1-2235,wall,0.505,2.537,5.075,0.725
WL-sheet_1-2236,wall,0.592,2.975,5.95,0.85
WL-sheet_1-2237,wall,11.256,18.76,37.52,5.36
WL-sheet_1-2238,wall,0.7,0.7,1.4,0.2
WL-sheet_1-2239,wall,0.0,0.0,0.0,0.0
WL-sheet_1-2240,wall,1.036,5.18,10.36,1.48
WL-sheet_1-2241,wall,2.107,10.535,21.07,3.01
WL-sheet_1-2242,wall,2.8544,14.272,28.544,4.078
WL-sheet_1-2243,wall,1.3696,6.848,13.696,1.957
WL-sheet_1-2244,wall,0.592,2.975,5.95,0.85
WL-sheet_1-2245,wall,0.5075,2.537,5.075,0.725
WL-sheet_1-2246,wall,2.1,8.4,16.8,2.4
WL-sheet_1-2247,wall,6.8267,27.307,54.614,7.802
WL-sheet_1-2248,wall,5.8571,23.428,46.856,6.694
WL-sheet_1-2249,wall,1.9958,8.015,16.031,2.29
WL-sheet_1-2250,wall,1.255,5.04,10.08,1.44
WL-sheet_1-2251,wall,2.7563,11.025,22.05,3.15
WL-sheet_1-2252,wall,3.2202,12.933,25.865,3.695
WL-sheet_1-2253,wall,4.3662,17.535,35.07,5.01
WL-sheet_1-2254,wall,2.2925,9.17,18.34,2.62
WL-sheet_1-2255,wall,0.7,0.7,1.4,0.2
WL-sheet_1-2256,wall,0.5075,2.538,5.075,0.725
WL-sheet_1-2257,wall,0.595,2.975,5.95,0.85
WL-sheet_1-2258,wall,0.5005,0.91,1.82,0.26
WL-sheet_1-2259,wall,0.4996,0.91,1.82,0.26
WL-sheet_1-2260,wall,0.0,0.0,0.0,0.0
WL-sheet_1-2261,wall,1.0675,0.875,1.75,0.25
WL-sheet_1-2262,wall,0.0,0.0,0.0,0.0
WL-sheet_1-2263,wall,0.4793,1.925,3.85,0.55
WL-sheet_1-2264,wall,4.5136,7.28,14.56,2.08
WL-sheet_1-2265,wall,68.1429,46.042,92.085,13.155
WL-sheet_1-2266,wall,0.0,0.0,0.0,0.0
WL-sheet_1-2267,wall,0.0,0.0,0.0,0.0
WL-sheet_1-2268,wall,0.0,0.0,0.0,0.0
WL-sheet_1-2269,wall,2.8831,11.532,23.065,3.295
WL-sheet_1-2270,wall,0.1794,0.718,1.435,0.205
WL-sheet_1-2271,wall,2.6668,10.71,21.42,3.06
WL-sheet_1-2272,wall,3.1723,12.74,25.48,3.64
WL-sheet_1-2273,wall,1.4772,5.932,11.865,1.695
WL-sheet_1-2274,wall,0.0,0.0,0.0,0.0
WL-sheet_1-2275,wall,0.0,0.0,0.0,0.0
WL-sheet_1-2276,wall,0.9607,0.787,1.575,0.225
WL-sheet_1-2277,wall,0.0,0.0,0.0,0.0
WL-sheet_1-2278,wall,0.98,0.875,1.75,0.25
WL-sheet_1-2279,wall,0.4793,1.925,3.85,0.55
WL-sheet_1-2280,wall,4.5815,5.95,11.9,1.7
WL-sheet_1-2281,wall,0.0,0.0,0.0,0.0
WL-sheet_1-2282,wall,0.0,0.0,0.0,0.0
WL-sheet_1-2283,wall,0.0,0.0,0.0,0.0
WL-sheet_1-2284,wall,0.2658,1.067,2.135,0.305
WL-sheet_1-2285,wall,5.9335,5.303,10.605,1.515
WL-sheet_1-2286,wall,4.5238,18.095,36.19,5.17
WL-sheet_1-2287,wall,0.0,0.0,0.0,0.0
WL-sheet_1-2288,wall,16.2684,13.798,27.597,3.942
WL-sheet_1-2289,wall,0.8916,0.875,1.75,0.25
WL-sheet_1-2290,wall,1.0487,4.463,8.925,1.275
WL-sheet_1-2291,wall,15.9862,11.025,22.05,3.15
WL-sheet_1-2292,wall,0.9791,0.875,1.75,0.25
WL-sheet_1-2293,wall,0.1094,0.438,0.875,0.125
WL-sheet_1-2294,wall,1.6297,6.545,13.09,1.87
WL-sheet_1-2295,wall,6.972,28.0,56.0,8.0
WL-sheet_1-2296,wall,0.6993,0.7,1.4,0.2
WL-sheet_1-2297,wall,0.592,2.975,5.95,0.85
WL-sheet_1-2298,wall,0.505,2.537,5.075,0.725
WL-sheet_1-2299,wall,0.6234,3.132,6.265,0.895
WL-sheet_1-2300,wall,1.855,7.42,14.84,2.12
WL-sheet_1-2301,wall,2.0698,8.313,16.625,2.375
WL-sheet_1-2302,wall,5.2275,20.994,41.988,5.998
WL-sheet_1-2303,wall,0.6993,0.7,1.4,0.2
WL-sheet_1-2304,wall,1.6155,1.47,2.94,0.42
WL-sheet_1-2305,wall,1.036,5.18,10.36,1.48
WL-sheet_1-2306,wall,2.6337,10.535,21.07,3.01
WL-sheet_1-2307,wall,5.152,25.76,51.52,7.36
WL-sheet_1-2308,wall,0.592,2.975,5.95,0.85
WL-sheet_1-2309,wall,0.505,2.537,5.075,0.725
WL-sheet_1-2310,wall,1.7238,6.895,13.79,1.97
WL-sheet_1-2311,wall,0.1094,0.438,0.875,0.125
WL-sheet_1-2312,wall,0.0219,0.088,0.175,0.025
WL-sheet_1-2313,wall,0.0,0.0,0.0,0.0
WL-sheet_1-2314,wall,0.0,0.0,0.0,0.0
WL-sheet_1-2315,wall,0.0,0.0,0.0,0.0
WL-sheet_1-2316,wall,0.0,0.0,0.0,0.0
WL-sheet_1-2317,wall,0.0,0.0,0.0,0.0
WL-sheet_1-2318,wall,0.0,0.0,0.0,0.0
WL-sheet_1-2319,wall,0.0656,0.262,0.525,0.075
WL-sheet_1-2320,wall,1.5751,6.702,13.405,1.915
WL-sheet_1-2321,wall,0.5323,2.275,4.55,0.65
WL-sheet_1-2322,wall,1.0857,4.62,9.24,1.32
WL-sheet_1-2323,wall,0.6909,2.94,5.88,0.84
WL-sheet_1-2324,wall,5.9877,25.588,51.177,7.311
WL-sheet_1-2325,wall,0.0105,0.042,0.084,0.012
WL-sheet_1-2326,wall,6.0697,25.939,51.878,7.411
WL-sheet_1-2327,wall,1.1541,0.875,1.75,0.25
WL-sheet_1-2328,wall,2.1772,6.423,12.845,1.835
WL-sheet_1-2329,wall,0.0,0.0,0.0,0.0
WL-sheet_1-2330,wall,0.0,0.0,0.0,0.0
WL-sheet_1-2331,wall,0.1094,0.437,0.875,0.125
WL-sheet_1-2332,wall,2.3345,1.75,3.5,0.5
WL-sheet_1-2333,wall,0.1089,0.438,0.875,0.125
WL-sheet_1-2334,wall,0.0,0.0,0.0,0.0
WL-sheet_1-2335,wall,0.1089,0.437,0.875,0.125
WL-sheet_1-2336,wall,0.0,0.0,0.0,0.0
WL-sheet_1-2337,wall,0.0,0.0,0.0,0.0
WL-sheet_1-2338,wall,1.0973,3.325,6.65,0.95
WL-sheet_1-2339,wall,0.98,0.875,1.75,0.25
WL-sheet_1-2340,wall,3.7844,15.137,30.275,4.325
WL-sheet_1-2341,wall,0.6956,2.783,5.565,0.795
WL-sheet_1-2342,wall,0.8454,3.395,6.79,0.97
WL-sheet_1-2343,wall,0.91,3.64,7.28,1.04
WL-sheet_1-2344,wall,3.5,14.0,28.0,4.0
WL-sheet_1-2345,wall,0.1089,0.437,0.875,0.125
WL-sheet_1-2346,wall,0.1094,0.437,0.875,0.125
WL-sheet_1-2347,wall,0.0787,0.315,0.63,0.09
WL-sheet_1-2348,wall,0.805,0.875,1.75,0.25
WL-sheet_1-2349,wall,0.6213,2.485,4.97,0.71
WL-sheet_1-2350,wall,1.0675,0.875,1.75,0.25
WL-sheet_1-2351,wall,0.2155,0.866,1.731,0.247
WL-sheet_1-2352,wall,0.8916,0.875,1.75,0.25
WL-sheet_1-2353,wall,1.0675,0.875,1.75,0.25
WL-sheet_1-2354,wall,0.0,0.0,0.0,0.0
WL-sheet_1-2355,wall,0.0219,0.088,0.175,0.025
WL-sheet_1-2356,wall,0.0,0.0,0.0,0.0
WL-sheet_1-2357,wall,0.0,0.0,0.0,0.0
WL-sheet_1-2358,wall,0.0,0.0,0.0,0.0
WL-sheet_1-2359,wall,0.0,0.0,0.0,0.0
WL-sheet_1-2360,wall,0.4572,1.829,3.657,0.522
WL-sheet_1-2361,wall,0.1094,0.437,0.875,0.125
WL-sheet_1-2362,wall,0.6994,2.809,5.617,0.802
WL-sheet_1-2363,wall,0.8083,3.246,6.493,0.928
WL-sheet_1-2364,wall,6.4747,5.967,11.935,1.705
WL-sheet_1-2365,wall,0.98,0.875,1.75,0.25
WL-sheet_1-2366,wall,0.4837,1.942,3.885,0.555
WL-sheet_1-2367,wall,1.1762,0.822,1.645,0.235
WL-sheet_1-2368,wall,0.805,0.875,1.75,0.25
WL-sheet_1-2369,wall,0.9238,3.71,7.42,1.06
WL-sheet_1-2370,wall,0.63,0.875,1.75,0.25
WL-sheet_1-2371,wall,1.8172,2.8,5.6,0.8
WL-sheet_1-2372,wall,0.4594,1.838,3.675,0.525
WL-sheet_1-2373,wall,0.9804,3.937,7.875,1.125
WL-sheet_1-2374,wall,0.8916,0.875,1.75,0.25
WL-sheet_1-2375,wall,14.3472,19.681,39.361,5.623
WL-sheet_1-2376,wall,0.3544,1.417,2.835,0.405
WL-sheet_1-2377,wall,3.91,11.885,23.769,3.396
WL-sheet_1-2378,wall,1.5905,6.387,12.775,1.825
WL-sheet_1-2379,wall,2.2138,8.855,17.71,2.53
WL-sheet_1-2380,wall,0.2135,0.857,1.715,0.245
WL-sheet_1-2381,wall,1.785,7.14,14.28,2.04
WL-sheet_1-2382,wall,0.3399,1.365,2.73,0.39
WL-sheet_1-2383,wall,8.1235,5.827,11.655,1.665
WL-sheet_1-2384,wall,1.7561,7.053,14.105,2.015
WL-sheet_1-2385,wall,1.4131,5.653,11.305,1.615
WL-sheet_1-2386,wall,6.2978,25.191,50.382,7.197
WL-sheet_1-2387,wall,0.1961,0.788,1.575,0.225
WL-sheet_1-2388,wall,26.4715,22.453,44.905,6.415
WL-sheet_1-2389,wall,0.8041,0.875,1.75,0.25
WL-sheet_1-2390,wall,1.471,1.382,2.765,0.395
WL-sheet_1-2391,wall,0.9791,0.875,1.75,0.25
WL-sheet_1-2392,wall,0.4594,1.838,3.675,0.525
WL-sheet_1-2393,wall,4.3188,3.238,6.475,0.925
WL-sheet_1-2394,wall,0.4594,0.875,1.75,0.25
WL-sheet_1-2395,wall,0.4594,1.838,3.675,0.525
WL-sheet_1-2396,wall,0.4056,0.787,1.575,0.225
WL-sheet_1-2397,wall,0.4375,1.75,3.5,0.5
WL-sheet_1-2398,wall,4.4415,4.113,8.225,1.175
WL-sheet_1-2399,wall,0.9625,3.85,7.7,1.1
WL-sheet_1-2400,wall,6.3798,5.88,11.76,1.68
WL-sheet_1-2401,wall,0.414,1.663,3.325,0.475
WL-sheet_1-2402,wall,13.7619,11.673,23.345,3.335
WL-sheet_1-2403,wall,0.3937,0.525,1.05,0.15
WL-sheet_1-2404,wall,9.9581,19.956,39.912,5.702
WL-sheet_1-2405,wall,0.7263,2.905,5.81,0.83
WL-sheet_1-2406,wall,2.2356,8.943,17.885,2.555
WL-sheet_1-2407,wall,1.8506,7.403,14.805,2.115
WL-sheet_1-2408,wall,1.255,5.04,10.08,1.44
WL-sheet_1-2409,wall,2.7563,11.025,22.05,3.15
WL-sheet_1-2410,wall,3.1984,12.845,25.69,3.67
WL-sheet_1-2411,wall,4.3662,17.535,35.07,5.01
WL-sheet_1-2412,wall,2.8613,11.445,22.89,3.27
WL-sheet_1-2413,wall,0.6993,0.7,1.4,0.2
WL-sheet_1-2414,wall,0.5075,2.537,5.075,0.725
WL-sheet_1-2415,wall,0.595,2.975,5.95,0.85
WL-sheet_1-2416,wall,0.7,0.7,1.4,0.2
WL-sheet_1-2417,wall,0.5075,2.538,5.075,0.725
WL-sheet_1-2418,wall,0.5775,2.888,5.775,0.825
WL-sheet_1-2419,wall,2.415,9.66,19.32,2.76
WL-sheet_1-2420,wall,2.998,12.04,24.08,3.44
WL-sheet_1-2421,wall,0.6125,3.063,6.125,0.875
WL-sheet_1-2422,wall,5.0915,4.55,9.1,1.3
WL-sheet_1-2423,wall,1.995,9.975,19.95,2.85
WL-sheet_1-2424,wall,1.6716,8.4,16.8,2.4
WL-sheet_1-2425,wall,6.4961,25.985,51.969,7.424
WL-sheet_1-2426,wall,0.735,2.94,5.88,0.84
WL-sheet_1-2427,wall,4.7285,18.99,37.98,5.426
WL-sheet_1-2428,wall,4.6921,18.844,37.687,5.384
WL-sheet_1-2429,wall,1.5231,6.117,12.234,1.748
WL-sheet_1-2430,wall,3.024,5.04,10.08,1.44
WL-sheet_1-2431,wall,7.14,11.9,23.8,3.4
WL-sheet_1-2432,wall,5.039,3.789,7.577,1.082
WL-sheet_1-2433,wall,5.6595,9.432,18.865,2.695
WL-sheet_1-2434,wall,10.1046,9.03,18.06,2.58
WL-sheet_1-2435,wall,0.6993,0.7,1.4,0.2
WL-sheet_1-2436,wall,0.505,2.537,5.075,0.725
WL-sheet_1-2437,wall,0.592,2.975,5.95,0.85
WL-sheet_1-2438,wall,8.8554,6.352,12.705,1.815
WL-sheet_1-2439,wall,1.9827,7.962,15.925,2.275
WL-sheet_1-2440,wall,11.256,18.76,37.52,5.36
WL-sheet_1-2441,wall,1.4131,5.653,11.305,1.615
WL-sheet_1-2442,wall,0.5985,0.787,1.575,0.225
WL-sheet_1-2443,wall,0.4445,1.785,3.57,0.51
WL-sheet_1-2444,wall,1.4,5.6,11.2,1.6
WL-sheet_1-2445,wall,0.8041,0.875,1.75,0.25
WL-sheet_1-2446,wall,14.5332,14.333,28.665,4.095
WL-sheet_1-2447,wall,0.3704,1.488,2.975,0.425
WL-sheet_1-2448,wall,1.7119,3.431,6.861,0.98
WL-sheet_1-2449,wall,0.5005,0.91,1.82,0.26
WL-sheet_1-2450,wall,1.155,0.875,1.75,0.25
WL-sheet_1-2451,wall,1.5741,2.249,4.497,0.642
WL-sheet_1-2452,wall,0.0588,0.236,0.472,0.067
WL-sheet_1-2453,wall,1.0675,0.875,1.75,0.25
WL-sheet_1-2454,wall,0.1094,0.438,0.875,0.125
WL-sheet_1-2455,wall,0.4681,1.873,3.745,0.535
WL-sheet_1-2456,wall,5.8102,6.248,12.495,1.785
WL-sheet_1-2457,wall,0.0,0.0,0.0,0.0
WL-sheet_1-2458,wall,0.0,0.0,0.0,0.0
WL-sheet_1-2459,wall,0.0,0.0,0.0,0.0
WL-sheet_1-2460,wall,0.1656,0.665,1.33,0.19
WL-sheet_1-2461,wall,2.7343,10.981,21.963,3.138
WL-sheet_1-2462,wall,0.0,0.0,0.0,0.0
WL-sheet_1-2463,wall,1.0237,4.095,8.19,1.17
WL-sheet_1-2464,wall,1.8628,5.495,10.99,1.57
WL-sheet_1-2465,wall,0.693,0.787,1.575,0.225
WL-sheet_1-2466,wall,0.1094,0.437,0.875,0.125
WL-sheet_1-2467,wall,0.098,0.088,0.175,0.025
WL-sheet_1-2468,wall,0.0,0.0,0.0,0.0
WL-sheet_1-2469,wall,1.498,1.4,2.8,0.4
WL-sheet_1-2470,wall,0.1089,0.437,0.875,0.125
WL-sheet_1-2471,wall,0.0,0.0,0.0,0.0
WL-sheet_1-2472,wall,1.2637,5.075,10.15,1.45
WL-sheet_1-2473,wall,0.0438,0.175,0.35,0.05
WL-sheet_1-2474,wall,0.2888,1.155,2.31,0.33
WL-sheet_1-2475,wall,0.7219,2.887,5.775,0.825
WL-sheet_1-2476,wall,2.7431,2.887,5.775,0.825
WL-sheet_1-2477,wall,0.1006,0.403,0.805,0.115
WL-sheet_1-2478,wall,0.8925,0.875,1.75,0.25
WL-sheet_1-2479,wall,0.6212,2.485,4.97,0.71
WL-sheet_1-2480,wall,1.575,6.3,12.6,1.8
WL-sheet_1-2481,wall,0.805,0.875,1.75,0.25
WL-sheet_1-2482,wall,1.0675,0.875,1.75,0.25
WL-sheet_1-2483,wall,1.4875,5.95,11.9,1.7
WL-sheet_1-2484,wall,0.7131,2.853,5.705,0.815
WL-sheet_1-2485,wall,1.2425,4.97,9.94,1.42
WL-sheet_1-2486,wall,8.8554,6.353,12.705,1.815
WL-sheet_1-2487,wall,1.7125,6.877,13.755,1.965
WL-sheet_1-2488,wall,1.3857,5.565,11.13,1.59
WL-sheet_1-2489,wall,0.455,0.91,1.82,0.26
WL-sheet_1-2490,wall,0.665,0.875,1.75,0.25
WL-sheet_1-2491,wall,0.6623,2.66,5.32,0.76
WL-sheet_1-2492,wall,1.3497,5.399,10.797,1.542
WL-sheet_1-2493,wall,1.4,5.6,11.2,1.6
WL-sheet_1-2494,wall,0.8041,0.875,1.75,0.25
WL-sheet_1-2495,wall,14.4888,14.289,28.577,4.082
WL-sheet_1-2496,wall,0.35,1.4,2.8,0.4
WL-sheet_1-2497,wall,7.9606,5.968,11.935,1.705
WL-sheet_1-2498,wall,1.3213,5.285,10.57,1.51
WL-sheet_1-2499,wall,0.63,0.875,1.75,0.25
WL-sheet_1-2500,wall,0.63,2.52,5.04,0.72
WL-sheet_1-2501,wall,1.7831,2.748,5.495,0.785
WL-sheet_1-2502,wall,0.4594,1.838,3.675,0.525
WL-sheet_1-2503,wall,0.9277,3.726,7.452,1.065
WL-sheet_1-2504,wall,0.8916,0.875,1.75,0.25
WL-sheet_1-2505,wall,3.6506,2.923,5.846,0.835
WL-sheet_1-2506,wall,0.684,2.747,5.494,0.785
WL-sheet_1-2507,wall,0.8953,1.263,2.526,0.361
WL-sheet_1-2508,wall,0.9543,3.832,7.665,1.095
WL-sheet_1-2509,wall,2.2049,8.855,17.71,2.53
WL-sheet_1-2510,wall,0.2144,0.858,1.715,0.245
WL-sheet_1-2511,wall,1.8288,7.315,14.63,2.09
WL-sheet_1-2512,wall,0.4837,1.943,3.885,0.555
WL-sheet_1-2513,wall,0.98,0.875,1.75,0.25
WL-sheet_1-2514,wall,0.805,0.875,1.75,0.25
WL-sheet_1-2515,wall,6.4747,5.968,11.935,1.705
WL-sheet_1-2516,wall,1.0784,4.314,8.628,1.233
WL-sheet_1-2517,wall,2.2049,8.855,17.71,2.53
WL-sheet_1-2518,wall,0.2135,0.857,1.715,0.245
WL-sheet_1-2519,wall,1.7779,7.14,14.28,2.04
WL-sheet_1-2520,wall,0.4837,1.942,3.885,0.555
WL-sheet_1-2521,wall,0.98,0.875,1.75,0.25
WL-sheet_1-2522,wall,13.7735,11.672,23.345,3.335
WL-sheet_1-2523,wall,0.8041,0.875,1.75,0.25
WL-sheet_1-2524,wall,3.7013,4.935,9.87,1.41
WL-sheet_1-2525,wall,1.3116,5.267,10.535,1.505
WL-sheet_1-2526,wall,0.4575,1.837,3.675,0.525
WL-sheet_1-2527,wall,0.7437,2.975,5.95,0.85
WL-sheet_1-2528,wall,0.8925,0.875,1.75,0.25
WL-sheet_1-2529,wall,0.4575,1.837,3.675,0.525
WL-sheet_1-2530,wall,1.3116,0.875,1.75,0.25
WL-sheet_1-2531,wall,1.1417,4.585,9.17,1.31
WL-sheet_1-2532,wall,0.3666,0.875,1.75,0.25
WL-sheet_1-2533,wall,0.6493,2.607,5.215,0.745
WL-sheet_1-2534,wall,8.8617,6.353,12.705,1.815
WL-sheet_1-2535,wall,1.7194,6.878,13.755,1.965
WL-sheet_1-2536,wall,1.4131,5.653,11.305,1.615
WL-sheet_1-2537,wall,6.2978,25.191,50.383,7.198
WL-sheet_1-2538,wall,1.4,5.6,11.2,1.6
WL-sheet_1-2539,wall,26.5747,22.54,45.08,6.44
WL-sheet_1-2540,wall,0.8041,0.875,1.75,0.25
WL-sheet_1-2541,wall,0.4996,0.91,1.82,0.26
WL-sheet_1-2542,wall,0.3704,1.487,2.975,0.425
WL-sheet_1-2543,wall,1.26,5.04,10.08,1.44
WL-sheet_1-2544,wall,2.7452,11.025,22.05,3.15
WL-sheet_1-2545,wall,1.8397,7.359,14.717,2.102
WL-sheet_1-2546,wall,2.2833,9.17,18.34,2.62
WL-sheet_1-2547,wall,10.1046,9.03,18.06,2.58
WL-sheet_1-2548,wall,0.6993,0.7,1.4,0.2
WL-sheet_1-2549,wall,0.505,2.537,5.075,0.725
WL-sheet_1-2550,wall,0.592,2.975,5.95,0.85
WL-sheet_1-2551,wall,4.3838,17.535,35.07,5.01
WL-sheet_1-2552,wall,0.0,0.0,0.0,0.0
WL-sheet_1-2553,wall,0.595,2.975,5.95,0.85
WL-sheet_1-2554,wall,2.7694,11.078,22.155,3.165
WL-sheet_1-2555,wall,0.9625,3.85,7.7,1.1
WL-sheet_1-2556,wall,0.4375,2.187,4.375,0.625
WL-sheet_1-2557,wall,5.096,4.55,9.1,1.3
WL-sheet_1-2558,wall,2.94,11.76,23.52,3.36
WL-sheet_1-2559,wall,0.7,0.7,1.4,0.2
WL-sheet_1-2560,wall,0.9065,4.533,9.065,1.295
WL-sheet_1-2561,wall,5.0325,4.305,8.61,1.23
WL-sheet_1-2562,wall,1.995,9.975,19.95,2.85
WL-sheet_1-2563,wall,6.8559,27.534,55.067,7.867
WL-sheet_1-2564,wall,1.2775,5.11,10.22,1.46
WL-sheet_1-2565,wall,4.9143,19.657,39.314,5.616
WL-sheet_1-2566,wall,3.024,5.04,10.08,1.44
WL-sheet_1-2567,wall,6.615,11.025,22.05,3.15
WL-sheet_1-2568,wall,3.2202,12.933,25.865,3.695
WL-sheet_1-2569,wall,4.801,8.015,16.03,2.29
WL-sheet_1-2570,wall,5.6501,9.432,18.865,2.695
WL-sheet_1-2571,wall,0.7,0.7,1.4,0.2
WL-sheet_1-2572,wall,0.5075,2.538,5.075,0.725
WL-sheet_1-2573,wall,0.595,2.975,5.95,0.85
WL-sheet_1-2574,wall,11.2372,18.76,37.52,5.36
WL-sheet_1-2575,wall,5.8804,23.616,47.233,6.748
WL-sheet_1-2576,wall,7.9138,15.828,31.655,4.522
WL-sheet_1-2577,wall,3.8041,15.277,30.555,4.365
WL-sheet_1-2578,wall,0.1277,0.087,0.175,0.025
WL-sheet_1-2579,wall,0.9647,3.859,7.718,1.103
WL-sheet_1-2580,wall,0.4489,0.787,1.575,0.225
WL-sheet_1-2581,wall,1.4822,5.929,11.857,1.694
WL-sheet_1-2582,wall,1.049,4.196,8.392,1.199
WL-sheet_1-2583,wall,0.7,0.7,1.4,0.2
WL-sheet_1-2584,wall,3.1676,15.838,31.676,4.525
WL-sheet_1-2585,wall,2.3919,2.345,4.69,0.67
WL-sheet_1-2586,wall,3.115,15.575,31.15,4.45
WL-sheet_1-2587,wall,2.3919,3.57,7.14,1.02
WL-sheet_1-2588,wall,1.036,5.18,10.36,1.48
WL-sheet_1-2589,wall,0.595,2.975,5.95,0.85
WL-sheet_1-2590,wall,1.554,7.77,15.54,2.22
WL-sheet_1-2591,wall,2.1,8.4,16.8,2.4
WL-sheet_1-2592,wall,0.2799,1.399,2.799,0.4
WL-sheet_1-2593,wall,1.8515,9.258,18.515,2.645
WL-sheet_1-2594,wall,2.7431,10.973,21.945,3.135
WL-sheet_1-2595,wall,0.5075,2.537,5.075,0.725
WL-sheet_1-2596,wall,0.924,0.7,1.4,0.2
WL-sheet_1-2597,wall,2.1131,8.453,16.905,2.415
WL-sheet_1-2598,wall,0.7,0.7,1.4,0.2
WL-sheet_1-2599,wall,2.3919,2.345,4.69,0.67
WL-sheet_1-2600,wall,3.115,15.575,31.15,4.45
WL-sheet_1-2601,wall,2.3883,3.57,7.14,1.02
WL-sheet_1-2602,wall,1.036,5.18,10.36,1.48
WL-sheet_1-2603,wall,0.595,2.975,5.95,0.85
WL-sheet_1-2604,wall,1.9425,7.77,15.54,2.22
WL-sheet_1-2605,wall,2.1,8.4,16.8,2.4
WL-sheet_1-2606,wall,0.6509,3.254,6.509,0.93
WL-sheet_1-2607,wall,1.869,9.345,18.69,2.67
WL-sheet_1-2608,wall,2.142,10.71,21.42,3.06
WL-sheet_1-2609,wall,2.8525,11.41,22.82,3.26
WL-sheet_1-2610,wall,0.5075,2.537,5.075,0.725
WL-sheet_1-2611,wall,0.9233,0.7,1.4,0.2
WL-sheet_1-2612,wall,2.7966,13.983,27.966,3.995
WL-sheet_1-2613,wall,6.055,24.22,48.44,6.92
WL-sheet_1-2614,wall,0.0,0.0,0.0,0.0
WL-sheet_1-2615,wall,2.4347,9.739,19.478,2.783
WL-sheet_1-2616,wall,1.4656,5.863,11.725,1.675
WL-sheet_1-2617,wall,4.3138,17.255,34.51,4.93
WL-sheet_1-2618,wall,1.0019,4.008,8.015,1.145
WL-sheet_1-2619,wall,3.6094,14.437,28.875,4.125
WL-sheet_1-2620,wall,2.7825,11.13,22.26,3.18
WL-sheet_1-2621,wall,0.7394,2.958,5.915,0.845
WL-sheet_1-2622,wall,96.7549,66.728,133.455,19.065
WL-sheet_1-2623,wall,1.8966,1.488,2.975,0.425
WL-sheet_1-2624,wall,9.8026,11.532,23.065,3.295
WL-sheet_1-2625,wall,2.7036,10.814,21.629,3.09
WL-sheet_1-2626,wall,1.1421,4.568,9.136,1.305
WL-sheet_1-2627,wall,1.225,4.9,9.8,1.4
WL-sheet_1-2628,wall,1.8951,1.488,2.975,0.425
WL-sheet_1-2629,wall,1.9739,7.928,15.855,2.265
WL-sheet_1-2630,wall,2.3887,9.555,19.11,2.73
WL-sheet_1-2631,wall,0.98,0.875,1.75,0.25
WL-sheet_1-2632,wall,2.2235,8.894,17.788,2.541
WL-sheet_1-2633,wall,1.0666,0.875,1.75,0.25
WL-sheet_1-2634,wall,1.9775,7.91,15.82,2.26
WL-sheet_1-2635,wall,1.1288,4.515,9.03,1.29
WL-sheet_1-2636,wall,0.805,0.875,1.75,0.25
WL-sheet_1-2637,wall,1.4131,5.652,11.305,1.615
WL-sheet_1-2638,wall,1.6363,6.545,13.09,1.87
WL-sheet_1-2639,wall,0.427,1.715,3.43,0.49
WL-sheet_1-2640,wall,0.98,0.875,1.75,0.25
WL-sheet_1-2641,wall,4.8878,24.439,48.878,6.983
WL-sheet_1-2642,wall,6.3678,31.999,63.997,9.142
WL-sheet_1-2643,wall,22.6958,45.482,90.965,12.995
WL-sheet_1-2644,wall,6.125,24.5,49.0,7.0
WL-sheet_1-2645,wall,36.6028,91.736,183.473,26.21
WL-sheet_1-2646,wall,5.46,27.3,54.6,7.8
WL-sheet_1-2647,wall,4.8325,24.163,48.325,6.904
WL-sheet_1-2648,wall,2.17,10.85,21.7,3.1
WL-sheet_1-2649,wall,5.845,29.225,58.45,8.35
WL-sheet_1-2650,wall,2.45,12.25,24.5,3.5
WL-sheet_1-2651,wall,5.32,26.6,53.2,7.6
WL-sheet_1-2652,wall,5.39,26.95,53.9,7.7
WL-sheet_1-2653,wall,5.1085,25.542,51.085,7.298
WL-sheet_1-2654,wall,2.4393,12.258,24.515,3.502
WL-sheet_1-2655,wall,5.5825,27.913,55.825,7.975
WL-sheet_1-2656,wall,5.39,26.95,53.9,7.7
WL-sheet_1-2657,wall,5.67,28.35,56.7,8.1
WL-sheet_1-2658,wall,4.2467,21.34,42.681,6.097
WL-sheet_1-2659,wall,2.0895,10.5,21.0,3.0
WL-sheet_1-2660,wall,5.4327,27.3,54.6,7.8
WL-sheet_1-2661,wall,2.17,10.85,21.7,3.1
WL-sheet_1-2662,wall,6.825,27.3,54.6,7.8
WL-sheet_1-2663,wall,13.808,34.606,69.213,9.888
WL-sheet_1-2664,wall,0.0,0.0,0.0,0.0
WL-sheet_1-2665,wall,39.3394,98.595,197.19,28.17
WL-sheet_1-2666,wall,4.619,18.55,37.1,5.3
WL-sheet_1-2667,wall,6.7977,27.3,54.6,7.8
WL-sheet_1-2668,wall,6.7977,27.3,54.6,7.8
WL-sheet_1-2669,wall,6.7977,27.3,54.6,7.8
WL-sheet_1-2670,wall,4.6375,18.55,37.1,5.3
WL-sheet_1-2671,wall,6.7977,27.3,54.6,7.8
WL-sheet_1-2672,wall,6.7977,27.3,54.6,7.8
WL-sheet_1-2673,wall,9.2743,23.186,46.372,6.625
WL-sheet_1-2674,wall,11.5188,23.084,46.167,6.595
WL-sheet_1-2675,wall,49.5129,124.092,248.185,35.455
WL-sheet_1-2676,wall,5.8506,29.4,58.8,8.4
WL-sheet_1-2677,wall,14.28,71.4,142.8,20.4
WL-sheet_1-2678,wall,5.32,26.6,53.2,7.6
WL-sheet_1-2679,wall,3.2039,16.1,32.2,4.6
WL-sheet_1-2680,wall,3.43,17.15,34.3,4.9
WL-sheet_1-2681,wall,5.32,26.6,53.2,7.6
WL-sheet_1-2682,wall,5.32,26.6,53.2,7.6
WL-sheet_1-2683,wall,4.06,20.3,40.6,5.8
WL-sheet_1-2684,wall,3.2039,16.1,32.2,4.6
WL-sheet_1-2685,wall,5.0603,20.241,40.483,5.783
WL-sheet_1-2686,wall,3.3432,16.8,33.6,4.8
WL-sheet_1-2687,wall,2.786,14.0,28.0,4.0
WL-sheet_1-2688,wall,1.1841,5.95,11.9,1.7
WL-sheet_1-2689,wall,3.0646,15.4,30.8,4.4
WL-sheet_1-2690,wall,3.8308,19.25,38.5,5.5
WL-sheet_1-2691,wall,1.26,6.3,12.6,1.8
WL-sheet_1-2692,wall,1.2537,6.3,12.6,1.8
WL-sheet_1-2693,wall,1.3234,6.65,13.3,1.9
WL-sheet_1-2694,wall,14.5469,29.094,58.188,8.313
WL-sheet_1-2695,wall,10.4477,20.895,41.791,5.97
WL-sheet_1-2696,wall,7.0908,14.21,28.42,4.06
WL-sheet_1-2697,wall,16.7125,33.425,66.85,9.55
WL-sheet_1-2698,wall,5.0819,12.705,25.41,3.63
WL-sheet_1-2699,wall,5.1041,12.792,25.585,3.655
WL-sheet_1-2700,wall,0.8813,0.788,1.575,0.225
WL-sheet_1-2701,wall,0.8925,0.875,1.75,0.25
WL-sheet_1-2702,wall,0.98,0.875,1.75,0.25
WL-sheet_1-2703,wall,0.4968,1.995,3.99,0.57
WL-sheet_1-2704,wall,0.0,0.0,0.0,0.0
WL-sheet_1-2705,wall,0.305,1.225,2.45,0.35
WL-sheet_1-2706,wall,1.75,7.0,14.0,2.0
WL-sheet_1-2707,wall,5.25,21.0,42.0,6.0
WL-sheet_1-2708,wall,0.2611,1.312,2.624,0.375
WL-sheet_1-2709,wall,0.805,0.875,1.75,0.25
WL-sheet_1-2710,wall,0.9791,0.875,1.75,0.25
WL-sheet_1-2711,wall,0.641,2.564,5.128,0.733
WL-sheet_1-2712,wall,3.5875,14.35,28.7,4.1
WL-sheet_1-2713,wall,2.3013,9.205,18.41,2.63
WL-sheet_1-2714,wall,4.6458,3.237,6.475,0.925
WL-sheet_1-2715,wall,2.7996,2.362,4.725,0.675
WL-sheet_1-2716,wall,1.5269,6.107,12.215,1.745
WL-sheet_1-2717,wall,0.897,0.787,1.575,0.225
WL-sheet_1-2718,wall,2.7297,5.459,10.919,1.56
WL-sheet_1-2719,wall,8.5578,17.15,34.3,4.9
WL-sheet_1-2720,wall,5.6438,11.288,22.575,3.225
WL-sheet_1-2721,wall,2.4622,4.934,9.868,1.41
WL-sheet_1-2722,wall,2.31,4.62,9.24,1.32
WL-sheet_1-2723,wall,1.7465,3.5,7.0,1.0
WL-sheet_1-2724,wall,7.4025,4.935,9.87,1.41
WL-sheet_1-2725,wall,1.5893,3.185,6.37,0.91
WL-sheet_1-2726,wall,7.14,14.28,28.56,4.08
WL-sheet_1-2727,wall,2.3752,4.76,9.52,1.36
WL-sheet_1-2728,wall,2.1525,4.305,8.61,1.23
WL-sheet_1-2729,wall,9.8153,19.67,39.34,5.62
WL-sheet_1-2730,wall,5.5562,11.112,22.225,3.175
WL-sheet_1-2731,wall,2.3625,4.725,9.45,1.35
WL-sheet_1-2732,wall,1.75,3.5,7.0,1.0
WL-sheet_1-2733,wall,0.7875,0.525,1.05,0.15
WL-sheet_1-2734,wall,1.2775,2.555,5.11,0.73
WL-sheet_1-2735,wall,7.0908,14.21,28.42,4.06
WL-sheet_1-2736,wall,2.1482,4.305,8.61,1.23
WL-sheet_1-2737,wall,2.3759,4.761,9.523,1.36
WL-sheet_1-2738,wall,8.575,17.15,34.3,4.9
WL-sheet_1-2739,wall,5.6325,11.287,22.575,3.225
WL-sheet_1-2740,wall,2.3578,4.725,9.45,1.35
WL-sheet_1-2741,wall,1.75,3.5,7.0,1.0
WL-sheet_1-2742,wall,7.3976,4.935,9.87,1.41
WL-sheet_1-2743,wall,1.2775,2.555,5.11,0.73
WL-sheet_1-2744,wall,7.0908,14.21,28.42,4.06
WL-sheet_1-2745,wall,2.1482,4.305,8.61,1.23
WL-sheet_1-2746,wall,9.6142,19.267,38.534,5.505
WL-sheet_1-2747,wall,2.3927,4.795,9.59,1.37
WL-sheet_1-2748,wall,2.9692,5.95,11.901,1.7
WL-sheet_1-2749,wall,2.94,5.88,11.76,1.68
WL-sheet_1-2750,wall,8.4531,16.94,33.88,4.84
WL-sheet_1-2751,wall,1.4671,2.94,5.88,0.84
WL-sheet_1-2752,wall,12.1939,24.388,48.776,6.968
WL-sheet_1-2753,wall,2.1482,4.305,8.61,1.23
WL-sheet_1-2754,wall,9.8153,19.67,39.34,5.62
WL-sheet_1-2755,wall,5.5451,11.112,22.225,3.175
WL-sheet_1-2756,wall,2.3625,4.725,9.45,1.35
WL-sheet_1-2757,wall,1.75,3.5,7.0,1.0
WL-sheet_1-2758,wall,7.3976,4.935,9.87,1.41
WL-sheet_1-2759,wall,1.2775,2.555,5.11,0.73
WL-sheet_1-2760,wall,2.1482,4.305,8.61,1.23
WL-sheet_1-2761,wall,13.668,27.391,54.782,7.826
WL-sheet_1-2762,wall,2.1482,4.305,8.61,1.23
WL-sheet_1-2763,wall,9.8153,19.67,39.34,5.62
WL-sheet_1-2764,wall,5.5563,11.113,22.225,3.175
WL-sheet_1-2765,wall,2.3567,4.723,9.446,1.349
WL-sheet_1-2766,wall,5.5451,11.112,22.225,3.175
WL-sheet_1-2767,wall,9.835,19.67,39.34,5.62
WL-sheet_1-2768,wall,2.1525,4.305,8.61,1.23
WL-sheet_1-2769,wall,10.2864,34.288,68.576,9.797
WL-sheet_1-2770,wall,2.1875,4.375,8.75,1.25
WL-sheet_1-2771,wall,3.2395,6.479,12.958,1.851
WL-sheet_1-2772,wall,11.2792,18.83,37.66,5.38
WL-sheet_1-2773,wall,1.4962,5.985,11.97,1.71
WL-sheet_1-2774,wall,1.8302,7.35,14.7,2.1
WL-sheet_1-2775,wall,8.7334,6.265,12.53,1.79
WL-sheet_1-2776,wall,1.3116,5.268,10.535,1.505
WL-sheet_1-2777,wall,2.17,8.68,17.36,2.48
WL-sheet_1-2778,wall,1.8375,7.35,14.7,2.1
WL-sheet_1-2779,wall,4.4927,17.971,35.941,5.134
WL-sheet_1-2780,wall,0.0,0.0,0.0,0.0
WL-sheet_1-2781,wall,0.0,0.0,0.0,0.0
WL-sheet_1-2782,wall,0.1094,0.437,0.875,0.125
WL-sheet_1-2783,wall,0.1094,0.437,0.875,0.125
WL-sheet_1-2784,wall,0.0,0.0,0.0,0.0
WL-sheet_1-2785,wall,0.0,0.0,0.0,0.0
WL-sheet_1-2786,wall,2.17,8.68,17.36,2.48
WL-sheet_1-2787,wall,1.8302,7.35,14.7,2.1
WL-sheet_1-2788,wall,1.8375,7.35,14.7,2.1
WL-sheet_1-2789,wall,1.4903,5.985,11.97,1.71
WL-sheet_1-2790,wall,2.7888,11.2,22.4,3.2
WL-sheet_1-2791,wall,2.7535,2.756,5.512,0.787
WL-sheet_1-2792,wall,1.4962,5.985,11.97,1.71
WL-sheet_1-2793,wall,1.8375,7.35,14.7,2.1
WL-sheet_1-2794,wall,8.7334,6.265,12.53,1.79
WL-sheet_1-2795,wall,1.3169,5.267,10.535,1.505
WL-sheet_1-2796,wall,2.17,8.68,17.36,2.48
WL-sheet_1-2797,wall,1.8302,7.35,14.7,2.1
WL-sheet_1-2798,wall,0.0,0.0,0.0,0.0
WL-sheet_1-2799,wall,0.0,0.0,0.0,0.0
WL-sheet_1-2800,wall,0.0,0.0,0.0,0.0
WL-sheet_1-2801,wall,0.0,0.0,0.0,0.0
WL-sheet_1-2802,wall,0.0,0.0,0.0,0.0
WL-sheet_1-2803,wall,2.17,8.68,17.36,2.48
WL-sheet_1-2804,wall,1.8301,7.35,14.7,2.1
WL-sheet_1-2805,wall,1.4118,5.67,11.34,1.62
WL-sheet_1-2806,wall,7.7576,5.565,11.13,1.59
WL-sheet_1-2807,wall,1.7937,7.175,14.35,2.05
WL-sheet_1-2808,wall,1.4903,5.985,11.97,1.71
WL-sheet_1-2809,wall,6.3328,5.066,10.133,1.448
WL-sheet_1-2810,wall,1.4903,5.985,11.97,1.71
WL-sheet_1-2811,wall,1.7256,6.93,13.86,1.98
WL-sheet_1-2812,wall,1.4696,5.267,10.535,1.505
WL-sheet_1-2813,wall,8.7334,6.265,12.53,1.79
WL-sheet_1-2814,wall,2.17,8.68,17.36,2.48
WL-sheet_1-2815,wall,1.8301,7.35,14.7,2.1
WL-sheet_1-2816,wall,0.0,0.0,0.0,0.0
WL-sheet_1-2817,wall,0.0,0.0,0.0,0.0
WL-sheet_1-2818,wall,0.0,0.0,0.0,0.0
WL-sheet_1-2819,wall,0.0,0.0,0.0,0.0
WL-sheet_1-2820,wall,2.6775,10.71,21.42,3.06
WL-sheet_1-2821,wall,0.0,0.0,0.0,0.0
WL-sheet_1-2822,wall,0.0,0.0,0.0,0.0
WL-sheet_1-2823,wall,0.1094,0.437,0.875,0.125
WL-sheet_1-2824,wall,2.1613,8.68,17.36,2.48
WL-sheet_1-2825,wall,1.8301,7.35,14.7,2.1
WL-sheet_1-2826,wall,1.3116,5.267,10.535,1.505
WL-sheet_1-2827,wall,1.8375,7.35,14.7,2.1
WL-sheet_1-2828,wall,1.4903,5.985,11.97,1.71
WL-sheet_1-2829,wall,2.3909,9.564,19.127,2.732
WL-sheet_1-2830,wall,0.0,0.0,0.0,0.0
WL-sheet_1-2831,wall,0.0,0.0,0.0,0.0
WL-sheet_1-2832,wall,0.0,0.0,0.0,0.0
WL-sheet_1-2833,wall,0.0,0.0,0.0,0.0
WL-sheet_1-2834,wall,0.0,0.0,0.0,0.0
WL-sheet_1-2835,wall,0.0,0.0,0.0,0.0
WL-sheet_1-2836,wall,0.0,0.0,0.0,0.0
WL-sheet_1-2837,wall,0.6924,0.753,1.505,0.215
WL-sheet_1-2838,wall,0.0,0.0,0.0,0.0
WL-sheet_1-2839,wall,3.3463,13.385,26.77,3.824
WL-sheet_1-2840,wall,1.4903,5.985,11.97,1.71
WL-sheet_1-2841,wall,8.7334,6.265,12.53,1.79
WL-sheet_1-2842,wall,1.3116,5.267,10.535,1.505
WL-sheet_1-2843,wall,2.17,8.68,17.36,2.48
WL-sheet_1-2844,wall,0.0,0.0,0.0,0.0
WL-sheet_1-2845,wall,0.0,0.0,0.0,0.0
WL-sheet_1-2846,wall,0.0,0.0,0.0,0.0
WL-sheet_1-2847,wall,0.0,0.0,0.0,0.0
WL-sheet_1-2848,wall,0.805,0.875,1.75,0.25
WL-sheet_1-2849,wall,0.0,0.0,0.0,0.0
WL-sheet_1-2850,wall,0.0,0.0,0.0,0.0
WL-sheet_1-2851,wall,2.1613,8.68,17.36,2.48
WL-sheet_1-2852,wall,1.8375,7.35,14.7,2.1
WL-sheet_1-2853,wall,1.3116,5.268,10.535,1.505
WL-sheet_1-2854,wall,1.8375,7.35,14.7,2.1
WL-sheet_1-2855,wall,1.4963,5.985,11.97,1.71
WL-sheet_1-2856,wall,1.8301,7.35,14.7,2.1
WL-sheet_1-2857,wall,1.4963,5.985,11.97,1.71
WL-sheet_1-2858,wall,8.7397,6.265,12.53,1.79
WL-sheet_1-2859,wall,1.3116,5.267,10.535,1.505
WL-sheet_1-2860,wall,1.3116,5.268,10.535,1.505
WL-sheet_1-2861,wall,1.4044,5.617,11.235,1.605
WL-sheet_1-2862,wall,1.9425,7.77,15.54,2.22
WL-sheet_1-2863,wall,1.8375,7.35,14.7,2.1
WL-sheet_1-2864,wall,3.4672,2.774,5.547,0.792
WL-sheet_1-2865,wall,0.0,0.0,0.0,0.0
WL-sheet_1-2866,wall,0.0,0.0,0.0,0.0
WL-sheet_1-2867,wall,0.0,0.0,0.0,0.0
WL-sheet_1-2868,wall,0.0,0.0,0.0,0.0
WL-sheet_1-2869,wall,0.0,0.0,0.0,0.0
WL-sheet_1-2870,wall,2.6469,10.587,21.175,3.025
WL-sheet_1-2871,wall,3.0319,12.127,24.255,3.465
WL-sheet_1-2872,wall,0.0,0.0,0.0,0.0
WL-sheet_1-2873,wall,0.0,0.0,0.0,0.0
WL-sheet_1-2874,wall,0.0,0.0,0.0,0.0
WL-sheet_1-2875,wall,0.0,0.0,0.0,0.0
WL-sheet_1-2876,wall,0.1094,0.437,0.875,0.125
WL-sheet_1-2877,wall,0.0,0.0,0.0,0.0
WL-sheet_1-2878,wall,0.0,0.0,0.0,0.0
WL-sheet_1-2879,wall,0.0,0.0,0.0,0.0
WL-sheet_1-2880,wall,0.0,0.0,0.0,0.0
WL-sheet_1-2881,wall,0.0,0.0,0.0,0.0
WL-sheet_1-2882,wall,0.0,0.0,0.0,0.0
WL-sheet_1-2883,wall,0.0,0.0,0.0,0.0
WL-sheet_1-2884,wall,0.1094,0.437,0.875,0.125
WL-sheet_1-2885,wall,0.0,0.0,0.0,0.0
WL-sheet_1-2886,wall,0.0,0.0,0.0,0.0
WL-sheet_1-2887,wall,0.0,0.0,0.0,0.0
WL-sheet_1-2888,wall,0.0,0.0,0.0,0.0
WL-sheet_1-2889,wall,0.0,0.0,0.0,0.0
WL-sheet_1-2890,wall,0.0,0.0,0.0,0.0
WL-sheet_1-2891,wall,0.0,0.0,0.0,0.0
WL-sheet_1-2892,wall,2.9326,11.777,23.555,3.365
WL-sheet_1-2893,wall,2.6363,10.587,21.175,3.025
WL-sheet_1-2894,wall,0.0,0.0,0.0,0.0
WL-sheet_1-2895,wall,0.0,0.0,0.0,0.0
WL-sheet_1-2896,wall,0.0,0.0,0.0,0.0
WL-sheet_1-2897,wall,0.0,0.0,0.0,0.0
WL-sheet_1-2898,wall,0.1094,0.437,0.875,0.125
WL-sheet_1-2899,wall,0.0,0.0,0.0,0.0
WL-sheet_1-2900,wall,0.0,0.0,0.0,0.0
WL-sheet_1-2901,wall,0.0,0.0,0.0,0.0
WL-sheet_1-2902,wall,0.0,0.0,0.0,0.0
WL-sheet_1-2903,wall,2.6363,10.587,21.175,3.025
WL-sheet_1-2904,wall,0.0,0.0,0.0,0.0
WL-sheet_1-2905,wall,2.9326,11.777,23.555,3.365
WL-sheet_1-2906,wall,0.0,0.0,0.0,0.0
WL-sheet_1-2907,wall,0.0,0.0,0.0,0.0
WL-sheet_1-2908,wall,0.0,0.0,0.0,0.0
WL-sheet_1-2909,wall,0.1094,0.437,0.875,0.125
WL-sheet_1-2910,wall,0.0,0.0,0.0,0.0
WL-sheet_1-2911,wall,2.17,8.68,17.36,2.48
WL-sheet_1-2912,wall,1.8375,7.35,14.7,2.1
WL-sheet_1-2913,wall,9.9531,7.14,14.28,2.04
WL-sheet_1-2914,wall,1.3169,5.268,10.535,1.505
WL-sheet_1-2915,wall,3.0669,12.268,24.535,3.505
WL-sheet_1-2916,wall,16.8438,11.498,22.995,3.285
WL-sheet_1-2917,wall,2.17,8.68,17.36,2.48
WL-sheet_1-2918,wall,1.8375,7.35,14.7,2.1
WL-sheet_1-2919,wall,1.4044,5.617,11.235,1.605
WL-sheet_1-2920,wall,3.1325,12.53,25.06,3.58
WL-sheet_1-2921,wall,1.3169,5.268,10.535,1.505
WL-sheet_1-2922,wall,5.4905,22.05,44.1,6.3
WL-sheet_1-2923,wall,1.4175,5.67,11.34,1.62
WL-sheet_1-2924,wall,1.8375,7.35,14.7,2.1
WL-sheet_1-2925,wall,2.17,8.68,17.36,2.48
WL-sheet_1-2926,wall,3.045,12.18,24.36,3.48
WL-sheet_1-2927,wall,2.17,8.68,17.36,2.48
WL-sheet_1-2928,wall,1.8375,7.35,14.7,2.1
WL-sheet_1-2929,wall,1.4175,5.67,11.34,1.62
WL-sheet_1-2930,wall,7.3505,6.283,12.565,1.795
WL-sheet_1-2931,wall,16.972,11.585,23.17,3.31
WL-sheet_1-2932,wall,1.3169,5.267,10.535,1.505
WL-sheet_1-2933,wall,2.17,8.68,17.36,2.48
WL-sheet_1-2934,wall,1.8302,7.35,14.7,2.1
WL-sheet_1-2935,wall,1.8375,7.35,14.7,2.1
WL-sheet_1-2936,wall,2.17,8.68,17.36,2.48
WL-sheet_1-2937,wall,1.3169,5.268,10.535,1.505
WL-sheet_1-2938,wall,5.5125,22.05,44.1,6.3
WL-sheet_1-2939,wall,1.4175,5.67,11.34,1.62
WL-sheet_1-2940,wall,1.8375,7.35,14.7,2.1
WL-sheet_1-2941,wall,2.17,8.68,17.36,2.48
WL-sheet_1-2942,wall,0.0,0.0,0.0,0.0
WL-sheet_1-2943,wall,0.0,0.0,0.0,0.0
WL-sheet_1-2944,wall,2.6469,10.587,21.175,3.025
WL-sheet_1-2945,wall,3.1505,12.652,25.305,3.615
WL-sheet_1-2946,wall,0.0,0.0,0.0,0.0
WL-sheet_1-2947,wall,0.0,0.0,0.0,0.0
WL-sheet_1-2948,wall,0.0,0.0,0.0,0.0
WL-sheet_1-2949,wall,0.0,0.0,0.0,0.0
WL-sheet_1-2950,wall,0.0,0.0,0.0,0.0
WL-sheet_1-2951,wall,0.0,0.0,0.0,0.0
WL-sheet_1-2952,wall,0.0,0.0,0.0,0.0
WL-sheet_1-2953,wall,0.0,0.0,0.0,0.0
WL-sheet_1-2954,wall,0.0,0.0,0.0,0.0
WL-sheet_1-2955,wall,0.0,0.0,0.0,0.0
WL-sheet_1-2956,wall,0.0,0.0,0.0,0.0
WL-sheet_1-2957,wall,0.0,0.0,0.0,0.0
WL-sheet_1-2958,wall,2.6469,10.587,21.175,3.025
WL-sheet_1-2959,wall,0.0,0.0,0.0,0.0
WL-sheet_1-2960,wall,0.0,0.0,0.0,0.0
WL-sheet_1-2961,wall,0.1094,0.437,0.875,0.125
WL-sheet_1-2962,wall,0.0,0.0,0.0,0.0
WL-sheet_1-2963,wall,0.0,0.0,0.0,0.0
WL-sheet_1-2964,wall,1.3552,5.442,10.885,1.555
WL-sheet_1-2965,wall,1.3606,5.442,10.885,1.555
WL-sheet_1-2966,wall,4.3221,3.237,6.475,0.925
WL-sheet_1-2967,wall,2.17,8.68,17.36,2.48
WL-sheet_1-2968,wall,2.17,8.68,17.36,2.48
WL-sheet_1-2969,wall,1.8375,7.35,14.7,2.1
WL-sheet_1-2970,wall,2.7284,2.678,5.355,0.765
WL-sheet_1-2971,wall,1.3552,5.443,10.885,1.555
WL-sheet_1-2972,wall,1.3606,5.442,10.885,1.555
WL-sheet_1-2973,wall,2.17,8.68,17.36,2.48
WL-sheet_1-2974,wall,1.8301,7.35,14.7,2.1
WL-sheet_1-2975,wall,2.7284,2.678,5.355,0.765
WL-sheet_1-2976,wall,1.3552,5.442,10.885,1.555
WL-sheet_1-2977,wall,0.3719,1.488,2.975,0.425
WL-sheet_1-2978,wall,1.2644,5.058,10.115,1.445
WL-sheet_1-2979,wall,5.5125,22.05,44.1,6.3
WL-sheet_1-2980,wall,2.17,8.68,17.36,2.48
WL-sheet_1-2981,wall,1.8301,7.35,14.7,2.1
WL-sheet_1-2982,wall,1.9862,7.945,15.89,2.27
WL-sheet_1-2983,wall,3.364,13.51,27.02,3.86
WL-sheet_1-2984,wall,2.1044,8.418,16.835,2.405
WL-sheet_1-2985,wall,1.5861,6.37,12.74,1.82
WL-sheet_1-2986,wall,1.6079,6.458,12.915,1.845
WL-sheet_1-2987,wall,3.4125,13.65,27.3,3.9
WL-sheet_1-2988,wall,1.33,5.32,10.64,1.52
WL-sheet_1-2989,wall,0.0131,0.052,0.105,0.015
WL-sheet_1-2990,wall,2.4806,9.923,19.845,2.835
WL-sheet_1-2991,wall,2.3959,9.584,19.167,2.738
WL-sheet_1-2992,wall,2.3709,9.484,18.967,2.71
WL-sheet_1-2993,wall,4.9709,10.062,20.125,2.875
WL-sheet_1-2994,wall,0.8763,3.505,7.01,1.001
WL-sheet_1-2995,wall,0.4133,1.653,3.307,0.472
WL-sheet_1-2996,wall,1.6319,6.527,13.055,1.865
WL-sheet_1-2997,wall,0.175,0.7,1.4,0.2
WL-sheet_1-2998,wall,0.4375,1.75,3.5,0.5
WL-sheet_1-2999,wall,8.2919,5.565,11.13,1.59
WL-sheet_1-3000,wall,1.4131,5.652,11.305,1.615
WL-sheet_1-3001,wall,3.6487,14.595,29.19,4.17
WL-sheet_1-3002,wall,0.0,0.0,0.0,0.0
WL-sheet_1-3003,wall,2.6031,10.412,20.825,2.975
WL-sheet_1-3004,wall,2.5944,10.377,20.755,2.965
WL-sheet_1-3005,wall,5.9019,23.608,47.215,6.745
WL-sheet_1-3006,wall,0.0,0.0,0.0,0.0
WL-sheet_1-3007,wall,0.7088,2.835,5.67,0.81
WL-sheet_1-3008,wall,3.2827,18.339,36.678,5.24
WL-sheet_1-3009,wall,4.2984,23.88,47.76,6.823
WL-sheet_1-3010,wall,2.742,15.318,30.636,4.377
WL-sheet_1-3011,wall,2.3772,13.281,26.561,3.794
WL-sheet_1-3012,wall,4.4179,24.544,49.088,7.013
WL-sheet_1-3013,wall,4.5086,18.034,36.069,5.153
WL-sheet_1-3014,wall,0.0,0.0,0.0,0.0
WL-sheet_1-3015,wall,0.0,0.0,0.0,0.0
WL-sheet_1-3016,wall,4.4383,9.17,18.34,2.62
WL-sheet_1-3017,wall,7.9664,19.966,39.932,5.705
WL-sheet_1-3018,wall,7.6399,38.199,76.399,10.914
WL-sheet_1-3019,wall,0.1225,0.612,1.225,0.175
WL-sheet_1-3020,wall,1.988,9.94,19.88,2.84
WL-sheet_1-3021,wall,5.18,25.9,51.8,7.4
WL-sheet_1-3022,wall,9.6432,8.61,17.22,2.46
WL-sheet_1-3023,wall,1.6704,7.262,14.525,2.075
WL-sheet_1-3024,wall,0.2047,0.455,0.91,0.13
WL-sheet_1-3025,wall,3.192,15.96,31.92,4.56
WL-sheet_1-3026,wall,0.2135,1.067,2.135,0.305
WL-sheet_1-3027,wall,0.784,0.7,1.4,0.2
WL-sheet_1-3028,wall,0.784,0.7,1.4,0.2
WL-sheet_1-3029,wall,0.126,0.63,1.26,0.18
WL-sheet_1-3030,wall,0.0,0.0,0.0,0.0
WL-sheet_1-3031,wall,1.2241,0.875,1.75,0.25
WL-sheet_1-3032,wall,0.523,2.1,4.201,0.6
WL-sheet_1-3033,wall,0.0,0.0,0.0,0.0
WL-sheet_1-3034,wall,1.155,4.62,9.24,1.32
WL-sheet_1-3035,wall,3.0581,12.233,24.465,3.495
WL-sheet_1-3036,wall,2.1175,8.47,16.94,2.42
WL-sheet_1-3037,wall,1.7604,7.07,14.14,2.02
WL-sheet_1-3038,wall,1.701,8.505,17.01,2.43
WL-sheet_1-3039,wall,0.8356,3.342,6.685,0.955
WL-sheet_1-3040,wall,1.2031,4.812,9.625,1.375
WL-sheet_1-3041,wall,2.73,10.92,21.84,3.12
WL-sheet_1-3042,wall,1.39,5.583,11.165,1.595
WL-sheet_1-3043,wall,0.7237,0.787,1.575,0.225
WL-sheet_1-3044,wall,0.3587,1.435,2.87,0.41
WL-sheet_1-3045,wall,0.8925,0.875,1.75,0.25
WL-sheet_1-3046,wall,0.4944,1.978,3.955,0.565
WL-sheet_1-3047,wall,1.5233,1.837,3.675,0.525
WL-sheet_1-3048,wall,3.852,15.47,30.94,4.42
WL-sheet_1-3049,wall,4.5901,21.858,43.715,6.245
WL-sheet_1-3050,wall,14.4451,17.115,34.23,4.89
WL-sheet_1-3051,wall,7.1556,35.778,71.556,10.222
WL-sheet_1-3052,wall,9.9365,49.682,99.365,14.195
WL-sheet_1-3053,wall,3.7672,18.836,37.672,5.382
WL-sheet_1-3054,wall,5.3971,26.985,53.971,7.71
WL-sheet_1-3055,wall,1.1016,0.875,1.75,0.25
WL-sheet_1-3056,wall,2.5865,12.932,25.865,3.695
WL-sheet_1-3057,wall,0.9765,0.787,1.575,0.225
WL-sheet_1-3058,wall,2.4224,13.458,26.915,3.845
WL-sheet_1-3059,wall,0.805,0.875,1.75,0.25
WL-sheet_1-3060,wall,0.9844,3.938,7.875,1.125
WL-sheet_1-3061,wall,1.75,7.0,14.0,2.0
WL-sheet_1-3062,wall,2.5865,12.932,25.865,3.695
WL-sheet_1-3063,wall,0.0,0.0,0.0,0.0
WL-sheet_1-3064,wall,1.225,0.875,1.75,0.25
WL-sheet_1-3065,wall,0.0,0.0,0.0,0.0
WL-sheet_1-3066,wall,3.6342,14.595,29.19,4.17
WL-sheet_1-3067,wall,1.155,4.62,9.24,1.32
WL-sheet_1-3068,wall,1.133,4.55,9.1,1.3
WL-sheet_1-3069,wall,0.8838,3.535,7.07,1.01
WL-sheet_1-3070,wall,0.525,2.1,4.2,0.6
WL-sheet_1-3071,wall,0.1094,0.437,0.875,0.125
WL-sheet_1-3072,wall,0.0,0.0,0.0,0.0
WL-sheet_1-3073,wall,0.0,0.0,0.0,0.0
WL-sheet_1-3074,wall,1.155,4.62,9.24,1.32
WL-sheet_1-3075,wall,0.8838,3.535,7.07,1.01
WL-sheet_1-3076,wall,0.6169,2.467,4.935,0.705
WL-sheet_1-3077,wall,0.0,0.0,0.0,0.0
WL-sheet_1-3078,wall,0.0,0.0,0.0,0.0
WL-sheet_1-3079,wall,0.1221,0.49,0.98,0.14
WL-sheet_1-3080,wall,1.155,4.62,9.24,1.32
WL-sheet_1-3081,wall,1.2425,4.97,9.94,1.42
WL-sheet_1-3082,wall,0.8837,3.535,7.07,1.01
WL-sheet_1-3083,wall,1.036,5.18,10.36,1.48
WL-sheet_1-3084,wall,1.0194,4.078,8.155,1.165
WL-sheet_1-3085,wall,0.7,0.7,1.4,0.2
WL-sheet_1-3086,wall,1.925,9.625,19.25,2.75
WL-sheet_1-3087,wall,2.345,11.725,23.45,3.35
WL-sheet_1-3088,wall,0.14,0.7,1.4,0.2
WL-sheet_1-3089,wall,0.5075,2.537,5.075,0.725
WL-sheet_1-3090,wall,0.0744,0.298,0.595,0.085
WL-sheet_1-3091,wall,0.0219,0.087,0.175,0.025
WL-sheet_1-3092,wall,0.0218,0.088,0.175,0.025
WL-sheet_1-3093,wall,0.1006,0.437,0.875,0.125
WL-sheet_1-3094,wall,0.1006,0.437,0.875,0.125
WL-sheet_1-3095,wall,0.7044,2.817,5.635,0.805
WL-sheet_1-3096,wall,8.4438,33.775,67.55,9.65
WL-sheet_1-3097,wall,3.0404,12.162,24.324,3.475
WL-sheet_1-3098,wall,1.9635,9.818,19.635,2.805
WL-sheet_1-3099,wall,0.42,2.1,4.2,0.6
WL-sheet_1-3100,wall,7.2244,36.122,72.244,10.321
WL-sheet_1-3101,wall,1.4641,5.88,11.76,1.68
WL-sheet_1-3102,wall,1.3912,5.565,11.13,1.59
WL-sheet_1-3103,wall,0.0,0.0,0.0,0.0
WL-sheet_1-3104,wall,0.0438,0.175,0.35,0.05
WL-sheet_1-3105,wall,1.8375,7.35,14.7,2.1
WL-sheet_1-3106,wall,2.17,8.68,17.36,2.48
WL-sheet_1-3107,wall,14.4451,17.115,34.23,4.89
WL-sheet_1-3108,wall,25.375,63.438,126.875,18.125
WL-sheet_1-3109,wall,13.748,34.37,68.74,9.82
WL-sheet_1-3110,wall,0.7096,14.193,28.385,4.055
WL-sheet_1-3111,wall,4.7775,9.555,19.11,2.73
WL-sheet_1-3112,wall,11.0554,22.111,44.222,6.317
WL-sheet_1-3113,wall,7.1497,14.299,28.599,4.086
WL-sheet_1-3114,wall,0.483,3.22,6.44,0.92
WL-sheet_1-3115,wall,11.2343,28.086,56.171,8.024
WL-sheet_1-3116,wall,9.3722,23.431,46.861,6.694
WL-sheet_1-3117,wall,4.9784,9.686,19.371,2.767
WL-sheet_1-3118,wall,5.177,20.791,41.582,5.94
WL-sheet_1-3119,wall,0.0855,0.342,0.684,0.098
WL-sheet_1-3120,wall,2.7926,11.17,22.341,3.192
WL-sheet_1-3121,wall,1.5756,6.328,12.655,1.808
WL-sheet_1-3122,wall,5.8526,23.411,46.821,6.689
WL-sheet_1-3123,wall,6.2197,24.879,49.758,7.108
WL-sheet_1-3124,wall,2.8656,11.462,22.925,3.275
WL-sheet_1-3125,wall,10.6759,42.875,85.75,12.25
WL-sheet_1-3126,wall,3.3469,13.387,26.775,3.825
WL-sheet_1-3127,wall,2.8656,11.462,22.925,3.275
WL-sheet_1-3128,wall,10.6759,42.875,85.75,12.25
WL-sheet_1-3129,wall,3.3469,13.387,26.775,3.825
WL-sheet_1-3130,wall,0.1094,0.437,0.875,0.125
WL-sheet_1-3131,wall,6.7156,26.863,53.725,7.675
WL-sheet_1-3132,wall,0.2188,0.875,1.75,0.25
WL-sheet_1-3133,wall,0.1094,0.437,0.875,0.125
WL-sheet_1-3134,wall,6.7156,26.863,53.725,7.675
WL-sheet_1-3135,wall,0.2188,0.875,1.75,0.25
WL-sheet_1-3136,wall,10.2698,41.079,82.158,11.737
WL-sheet_1-3137,wall,3.7029,14.812,29.623,4.232
WL-sheet_1-3138,wall,4.7476,23.857,47.715,6.816
WL-sheet_1-3139,wall,8.1695,20.475,40.95,5.85
WL-sheet_1-3140,wall,8.239,20.597,41.195,5.885
WL-sheet_1-3141,wall,8.1695,20.475,40.95,5.85
WL-sheet_1-3142,wall,0.28,0.7,1.4,0.2
WL-sheet_1-3143,wall,0.2793,0.7,1.4,0.2
WL-sheet_1-3144,wall,1.743,4.358,8.715,1.245
WL-sheet_1-3145,wall,5.376,13.44,26.88,3.84
WL-sheet_1-3146,wall,1.7326,6.93,13.861,1.98
WL-sheet_1-3147,wall,1.0894,4.375,8.75,1.25
WL-sheet_1-3148,wall,0.7631,1.662,3.325,0.475
WL-sheet_1-3149,wall,1.288,6.44,12.88,1.84
WL-sheet_1-3150,wall,1.4876,5.95,11.901,1.7
WL-sheet_1-3151,wall,0.0,0.0,0.0,0.0
WL-sheet_1-3152,wall,0.0,0.0,0.0,0.0
SL-sheet_1-0001,slab,3.7841,25.227,25.227,0.0
SL-sheet_1-0002,slab,28.4336,189.557,189.557,0.0
SL-sheet_1-0003,slab,39.6132,264.088,264.088,0.0
SL-sheet_1-0004,slab,115.1829,767.886,767.886,0.0
SL-sheet_1-0005,slab,46.0226,306.818,306.818,0.0
SL-sheet_1-0006,slab,47.9171,319.447,319.447,0.0
SL-sheet_1-0007,slab,75.5079,503.386,503.386,0.0
SL-sheet_1-0008,slab,131.5603,877.069,877.069,0.0
SL-sheet_1-0009,slab,132.2854,881.903,881.903,0.0
SL-sheet_1-0010,slab,129.2676,861.784,861.784,0.0
SL-sheet_1-0011,slab,99.9907,666.605,666.605,0.0
SL-sheet_1-0012,slab,132.6985,884.657,884.657,0.0
SL-sheet_1-0013,slab,124.7487,831.658,831.658,0.0
SL-sheet_1-0014,slab,4.9437,32.958,32.958,0.0
SL-sheet_1-0015,slab,1.0432,6.955,6.955,0.0
SL-sheet_1-0016,slab,0.191,1.273,1.273,0.0
SL-sheet_1-0017,slab,4.9437,32.958,32.958,0.0
SL-sheet_1-0018,slab,0.4198,2.799,2.799,0.0
SL-sheet_1-0019,slab,76.4792,509.862,509.862,0.0
SL-sheet_1-0020,slab,79.4186,529.458,529.458,0.0
SL-sheet_1-0021,slab,0.5417,3.611,3.611,0.0
SL-sheet_1-0022,slab,117.7695,785.13,785.13,0.0
SL-sheet_1-0023,slab,117.5947,783.965,783.965,0.0
SL-sheet_1-0024,slab,134.9129,899.419,899.419,0.0
SL-sheet_1-0025,slab,1.0432,6.955,6.955,0.0
SL-sheet_1-0026,slab,0.5417,3.611,3.611,0.0
SL-sheet_1-0027,slab,0.191,1.273,1.273,0.0
SL-sheet_1-0028,slab,0.8108,5.405,5.405,0.0
SL-sheet_1-0029,slab,0.0994,0.663,0.663,0.0
SL-sheet_1-0030,slab,0.7656,5.104,5.104,0.0
SL-sheet_1-0031,slab,0.0865,0.577,0.577,0.0
SL-sheet_1-0032,slab,0.0482,0.322,0.322,0.0
SL-sheet_1-0033,slab,88.736,591.574,591.574,0.0
SL-sheet_1-0034,slab,74.3383,495.588,495.588,0.0
SL-sheet_1-0035,slab,0.794,5.293,5.293,0.0
SL-sheet_1-0036,slab,0.7645,5.097,5.097,0.0
SL-sheet_1-0037,slab,0.1959,1.306,1.306,0.0
SL-sheet_1-0038,slab,0.1959,1.306,1.306,0.0
SL-sheet_1-0039,slab,0.1959,1.306,1.306,0.0
SL-sheet_1-0040,slab,0.1586,1.058,1.058,0.0
SL-sheet_1-0041,slab,0.1959,1.306,1.306,0.0
SL-sheet_1-0042,slab,0.1959,1.306,1.306,0.0
SL-sheet_1-0043,slab,0.1959,1.306,1.306,0.0
SL-sheet_1-0044,slab,0.1959,1.306,1.306,0.0
SL-sheet_1-0045,slab,0.1959,1.306,1.306,0.0
SL-sheet_1-0046,slab,0.1959,1.306,1.306,0.0
SL-sheet_1-0047,slab,0.1959,1.306,1.306,0.0
SL-sheet_1-0048,slab,0.1959,1.306,1.306,0.0
SL-sheet_1-0049,slab,0.1959,1.306,1.306,0.0
SL-sheet_1-0050,slab,0.1959,1.306,1.306,0.0
SL-sheet_1-0051,slab,0.1959,1.306,1.306,0.0
SL-sheet_1-0052,slab,0.1959,1.306,1.306,0.0
SL-sheet_1-0053,slab,0.1959,1.306,1.306,0.0
SL-sheet_1-0054,slab,0.1959,1.306,1.306,0.0
SL-sheet_1-0055,slab,0.1959,1.306,1.306,0.0
SL-sheet_1-0056,slab,0.1959,1.306,1.306,0.0
SL-sheet_1-0057,slab,0.1959,1.306,1.306,0.0
SL-sheet_1-0058,slab,0.1959,1.306,1.306,0.0
SL-sheet_1-0059,slab,0.1959,1.306,1.306,0.0
SL-sheet_1-0060,slab,0.1959,1.306,1.306,0.0
SL-sheet_1-0061,slab,0.1959,1.306,1.306,0.0
SL-sheet_1-0062,slab,0.1959,1.306,1.306,0.0
SL-sheet_1-0063,slab,0.1959,1.306,1.306,0.0
SL-sheet_1-0064,slab,0.1959,1.306,1.306,0.0
SL-sheet_1-0065,slab,0.1959,1.306,1.306,0.0
SL-sheet_1-0066,slab,0.1959,1.306,1.306,0.0
SL-sheet_1-0067,slab,0.1959,1.306,1.306,0.0
SL-sheet_1-0068,slab,0.1959,1.306,1.306,0.0
SL-sheet_1-0069,slab,0.1959,1.306,1.306,0.0
SL-sheet_1-0070,slab,0.1959,1.306,1.306,0.0
SL-sheet_1-0071,slab,0.1959,1.306,1.306,0.0
SL-sheet_1-0072,slab,0.1959,1.306,1.306,0.0
SL-sheet_1-0073,slab,0.1959,1.306,1.306,0.0
SL-sheet_1-0074,slab,0.1959,1.306,1.306,0.0
SL-sheet_1-0075,slab,0.1959,1.306,1.306,0.0
SL-sheet_1-0076,slab,0.1959,1.306,1.306,0.0
SL-sheet_1-0077,slab,0.1959,1.306,1.306,0.0
SL-sheet_1-0078,slab,0.1959,1.306,1.306,0.0
SL-sheet_1-0079,slab,0.1959,1.306,1.306,0.0
SL-sheet_1-0080,slab,0.1959,1.306,1.306,0.0
SL-sheet_1-0081,slab,0.1959,1.306,1.306,0.0
SL-sheet_1-0082,slab,0.1959,1.306,1.306,0.0
SL-sheet_1-0083,slab,0.1959,1.306,1.306,0.0
SL-sheet_1-0084,slab,0.1959,1.306,1.306,0.0
SL-sheet_1-0085,slab,0.1959,1.306,1.306,0.0
SL-sheet_1-0086,slab,0.1959,1.306,1.306,0.0
SL-sheet_1-0087,slab,0.1959,1.306,1.306,0.0
SL-sheet_1-0088,slab,0.1959,1.306,1.306,0.0
SL-sheet_1-0089,slab,0.1959,1.306,1.306,0.0
SL-sheet_1-0090,slab,0.1959,1.306,1.306,0.0
SL-sheet_1-0091,slab,0.1959,1.306,1.306,0.0
SL-sheet_1-0092,slab,0.3664,2.443,2.443,0.0
SL-sheet_1-0093,slab,0.3742,2.495,2.495,0.0
SL-sheet_1-0094,slab,0.3664,2.443,2.443,0.0
SL-sheet_1-0095,slab,0.3742,2.495,2.495,0.0
SL-sheet_1-0096,slab,0.1379,0.92,0.92,0.0
SL-sheet_1-0097,slab,0.196,1.307,1.307,0.0
SL-sheet_1-0098,slab,0.2337,1.558,1.558,0.0
SL-sheet_1-0099,slab,0.2403,1.602,1.602,0.0
SL-sheet_1-0100,slab,0.4248,2.832,2.832,0.0
SL-sheet_1-0101,slab,0.4321,2.881,2.881,0.0
SL-sheet_1-0102,slab,0.2773,1.849,1.849,0.0
SL-sheet_1-0103,slab,0.3003,2.002,2.002,0.0
SL-sheet_1-0104,slab,0.2226,1.484,1.484,0.0
SL-sheet_1-0105,slab,0.2369,1.579,1.579,0.0
SL-sheet_1-0106,slab,0.5708,3.805,3.805,0.0
SL-sheet_1-0107,slab,0.5708,3.805,3.805,0.0
SL-sheet_1-0108,slab,0.0907,0.604,0.604,0.0
SL-sheet_1-0109,slab,0.3766,2.511,2.511,0.0
SL-sheet_1-0110,slab,0.0904,0.603,0.603,0.0
SL-sheet_1-0111,slab,0.1088,0.726,0.726,0.0
SL-sheet_1-0112,slab,0.449,2.993,2.993,0.0
SL-sheet_1-0113,slab,0.443,2.953,2.953,0.0
SL-sheet_1-0114,slab,0.0947,0.632,0.632,0.0
SL-sheet_1-0115,slab,0.3641,2.427,2.427,0.0
SL-sheet_1-0116,slab,0.2307,1.538,1.538,0.0
SL-sheet_1-0117,slab,0.4121,2.747,2.747,0.0
SL-sheet_1-0118,slab,0.4126,2.751,2.751,0.0
SL-sheet_1-0119,slab,0.7113,4.742,4.742,0.0
SL-sheet_1-0120,slab,0.582,3.88,3.88,0.0
SL-sheet_1-0121,slab,0.2834,1.889,1.889,0.0
SL-sheet_1-0122,slab,0.2806,1.87,1.87,0.0
SL-sheet_1-0123,slab,0.4857,3.238,3.238,0.0
SL-sheet_1-0124,slab,0.4883,3.255,3.255,0.0
SL-sheet_1-0125,slab,0.2216,1.477,1.477,0.0
SL-sheet_1-0126,slab,0.2245,1.497,1.497,0.0
SL-sheet_1-0127,slab,0.4934,3.289,3.289,0.0
SL-sheet_1-0128,slab,0.5035,3.357,3.357,0.0
SL-sheet_1-0129,slab,0.7485,4.99,4.99,0.0
SL-sheet_1-0130,slab,0.7545,5.03,5.03,0.0
SL-sheet_1-0131,slab,0.2307,1.538,1.538,0.0
SL-sheet_1-0132,slab,0.2379,1.586,1.586,0.0
SL-sheet_1-0133,slab,0.3701,2.467,2.467,0.0
SL-sheet_1-0134,slab,0.3584,2.39,2.39,0.0
SL-sheet_1-0135,slab,0.2307,1.538,1.538,0.0
SL-sheet_1-0136,slab,0.2253,1.502,1.502,0.0
SL-sheet_1-0137,slab,0.3618,2.412,2.412,0.0
SL-sheet_1-0138,slab,0.1305,0.87,0.87,0.0
SL-sheet_1-0139,slab,0.3206,2.138,2.138,0.0
SL-sheet_1-0140,slab,0.3245,2.164,2.164,0.0
SL-sheet_1-0141,slab,0.0357,0.238,0.238,0.0
SL-sheet_1-0142,slab,0.085,0.567,0.567,0.0
SL-sheet_1-0143,slab,0.4907,3.271,3.271,0.0
SL-sheet_1-0144,slab,0.4905,3.27,3.27,0.0
SL-sheet_1-0145,slab,0.3492,2.328,2.328,0.0
SL-sheet_1-0146,slab,0.3555,2.37,2.37,0.0
SL-sheet_1-0147,slab,0.2361,1.574,1.574,0.0
SL-sheet_1-0148,slab,0.2198,1.466,1.466,0.0
SL-sheet_1-0149,slab,0.2226,1.484,1.484,0.0
SL-sheet_1-0150,slab,0.0976,0.651,0.651,0.0
SL-sheet_1-0151,slab,0.2226,1.484,1.484,0.0
SL-sheet_1-0152,slab,0.2369,1.579,1.579,0.0
SL-sheet_1-0153,slab,0.2226,1.484,1.484,0.0
SL-sheet_1-0154,slab,0.2369,1.579,1.579,0.0
SL-sheet_1-0155,slab,0.2226,1.484,1.484,0.0
SL-sheet_1-0156,slab,0.2369,1.579,1.579,0.0
SL-sheet_1-0157,slab,0.449,2.993,2.993,0.0
SL-sheet_1-0158,slab,0.443,2.953,2.953,0.0
SL-sheet_1-0159,slab,0.449,2.993,2.993,0.0
SL-sheet_1-0160,slab,0.443,2.953,2.953,0.0
SL-sheet_1-0161,slab,0.3663,2.442,2.442,0.0
SL-sheet_1-0162,slab,0.3641,2.427,2.427,0.0
SL-sheet_1-0163,slab,0.3663,2.442,2.442,0.0
SL-sheet_1-0164,slab,0.3641,2.427,2.427,0.0
SL-sheet_1-0165,slab,0.3663,2.442,2.442,0.0
SL-sheet_1-0166,slab,0.3641,2.427,2.427,0.0
SL-sheet_1-0167,slab,0.4857,3.238,3.238,0.0
SL-sheet_1-0168,slab,0.4883,3.255,3.255,0.0
SL-sheet_1-0169,slab,0.4857,3.238,3.238,0.0
SL-sheet_1-0170,slab,0.4883,3.255,3.255,0.0
SL-sheet_1-0171,slab,0.4907,3.271,3.271,0.0
SL-sheet_1-0172,slab,0.4905,3.27,3.27,0.0
SL-sheet_1-0173,slab,0.4907,3.271,3.271,0.0
SL-sheet_1-0174,slab,0.4905,3.27,3.27,0.0
SL-sheet_1-0175,slab,0.4907,3.271,3.271,0.0
SL-sheet_1-0176,slab,0.3701,2.467,2.467,0.0
SL-sheet_1-0177,slab,0.3584,2.39,2.39,0.0
SL-sheet_1-0178,slab,0.2307,1.538,1.538,0.0
SL-sheet_1-0179,slab,0.1106,0.737,0.737,0.0
SL-sheet_1-0180,slab,0.2307,1.538,1.538,0.0
SL-sheet_1-0181,slab,0.2253,1.502,1.502,0.0
SL-sheet_1-0182,slab,0.2307,1.538,1.538,0.0
SL-sheet_1-0183,slab,0.2253,1.502,1.502,0.0
SL-sheet_1-0184,slab,0.3618,2.412,2.412,0.0
SL-sheet_1-0185,slab,0.1012,0.675,0.675,0.0
SL-sheet_1-0186,slab,0.3618,2.412,2.412,0.0
SL-sheet_1-0187,slab,0.3604,2.403,2.403,0.0
SL-sheet_1-0188,slab,0.3618,2.412,2.412,0.0
SL-sheet_1-0189,slab,0.3604,2.403,2.403,0.0
SL-sheet_1-0190,slab,0.3618,2.412,2.412,0.0
SL-sheet_1-0191,slab,0.3604,2.403,2.403,0.0
SL-sheet_1-0192,slab,0.2307,1.538,1.538,0.0
SL-sheet_1-0193,slab,0.4905,3.27,3.27,0.0
SL-sheet_1-0194,slab,0.034,0.227,0.227,0.0
SL-sheet_1-0195,slab,0.034,0.227,0.227,0.0
SL-sheet_1-0196,slab,0.6853,4.568,4.568,0.0
SL-sheet_1-0197,slab,0.069,0.46,0.46,0.0
SL-sheet_1-0198,slab,0.0873,0.582,0.582,0.0
SL-sheet_1-0199,slab,0.0527,0.351,0.351,0.0
SL-sheet_1-0200,slab,0.0614,0.409,0.409,0.0
SL-sheet_1-0201,slab,0.0473,0.315,0.315,0.0
SL-sheet_1-0202,slab,0.2173,1.449,1.449,0.0
SL-sheet_1-0203,slab,0.108,0.72,0.72,0.0
SL-sheet_1-0204,slab,0.7645,5.097,5.097,0.0
SL-sheet_1-0205,slab,0.8108,5.405,5.405,0.0
SL-sheet_1-0206,slab,0.7463,4.975,4.975,0.0
SL-sheet_1-0207,slab,1.0432,6.955,6.955,0.0
SL-sheet_1-0208,slab,117.9834,786.556,786.556,0.0
SL-sheet_1-0209,slab,0.034,0.227,0.227,0.0
SL-sheet_1-0210,slab,0.034,0.227,0.227,0.0
SL-sheet_1-0211,slab,0.3795,2.53,2.53,0.0
SL-sheet_1-0212,slab,0.1959,1.306,1.306,0.0
SL-sheet_1-0213,slab,0.1959,1.306,1.306,0.0
SL-sheet_1-0214,slab,0.1959,1.306,1.306,0.0
SL-sheet_1-0215,slab,0.1959,1.306,1.306,0.0
SL-sheet_1-0216,slab,0.1959,1.306,1.306,0.0
SL-sheet_1-0217,slab,0.1959,1.306,1.306,0.0
SL-sheet_1-0218,slab,0.1959,1.306,1.306,0.0
SL-sheet_1-0219,slab,0.1959,1.306,1.306,0.0
SL-sheet_1-0220,slab,0.1959,1.306,1.306,0.0
SL-sheet_1-0221,slab,0.1959,1.306,1.306,0.0
SL-sheet_1-0222,slab,0.1959,1.306,1.306,0.0
SL-sheet_1-0223,slab,0.1959,1.306,1.306,0.0
SL-sheet_1-0224,slab,0.1959,1.306,1.306,0.0
SL-sheet_1-0225,slab,0.1959,1.306,1.306,0.0
SL-sheet_1-0226,slab,0.1959,1.306,1.306,0.0
SL-sheet_1-0227,slab,0.1959,1.306,1.306,0.0
SL-sheet_1-0228,slab,0.1959,1.306,1.306,0.0
SL-sheet_1-0229,slab,0.1959,1.306,1.306,0.0
SL-sheet_1-0230,slab,0.1959,1.306,1.306,0.0
SL-sheet_1-0231,slab,0.1959,1.306,1.306,0.0
SL-sheet_1-0232,slab,0.1959,1.306,1.306,0.0
SL-sheet_1-0233,slab,0.1959,1.306,1.306,0.0
SL-sheet_1-0234,slab,0.1959,1.306,1.306,0.0
SL-sheet_1-0235,slab,0.1959,1.306,1.306,0.0
SL-sheet_1-0236,slab,0.1959,1.306,1.306,0.0
SL-sheet_1-0237,slab,0.1959,1.306,1.306,0.0
SL-sheet_1-0238,slab,0.1959,1.306,1.306,0.0
SL-sheet_1-0239,slab,0.1959,1.306,1.306,0.0
SL-sheet_1-0240,slab,0.1959,1.306,1.306,0.0
SL-sheet_1-0241,slab,0.1959,1.306,1.306,0.0
SL-sheet_1-0242,slab,0.1959,1.306,1.306,0.0
SL-sheet_1-0243,slab,0.1959,1.306,1.306,0.0
SL-sheet_1-0244,slab,0.5708,3.805,3.805,0.0
SL-sheet_1-0245,slab,0.5708,3.805,3.805,0.0
SL-sheet_1-0246,slab,0.2361,1.574,1.574,0.0
SL-sheet_1-0247,slab,0.2228,1.485,1.485,0.0
SL-sheet_1-0248,slab,0.449,2.993,2.993,0.0
SL-sheet_1-0249,slab,0.443,2.953,2.953,0.0
SL-sheet_1-0250,slab,0.0947,0.632,0.632,0.0
SL-sheet_1-0251,slab,0.3641,2.427,2.427,0.0
SL-sheet_1-0252,slab,0.2307,1.538,1.538,0.0
SL-sheet_1-0253,slab,0.2379,1.586,1.586,0.0
SL-sheet_1-0254,slab,0.7113,4.742,4.742,0.0
SL-sheet_1-0255,slab,0.7167,4.778,4.778,0.0
SL-sheet_1-0256,slab,0.2834,1.889,1.889,0.0
SL-sheet_1-0257,slab,0.2806,1.87,1.87,0.0
SL-sheet_1-0258,slab,0.0843,0.562,0.562,0.0
SL-sheet_1-0259,slab,0.0884,0.59,0.59,0.0
SL-sheet_1-0260,slab,0.4857,3.238,3.238,0.0
SL-sheet_1-0261,slab,0.4883,3.255,3.255,0.0
SL-sheet_1-0262,slab,0.2216,1.477,1.477,0.0
SL-sheet_1-0263,slab,0.2245,1.497,1.497,0.0
SL-sheet_1-0264,slab,0.1485,0.99,0.99,0.0
SL-sheet_1-0265,slab,0.0282,0.188,0.188,0.0
SL-sheet_1-0266,slab,0.4934,3.289,3.289,0.0
SL-sheet_1-0267,slab,0.5035,3.357,3.357,0.0
SL-sheet_1-0268,slab,0.7485,4.99,4.99,0.0
SL-sheet_1-0269,slab,0.7545,5.03,5.03,0.0
SL-sheet_1-0270,slab,0.3618,2.412,2.412,0.0
SL-sheet_1-0271,slab,0.1305,0.87,0.87,0.0
SL-sheet_1-0272,slab,0.3206,2.138,2.138,0.0
SL-sheet_1-0273,slab,0.3245,2.164,2.164,0.0
SL-sheet_1-0274,slab,0.1909,1.273,1.273,0.0
SL-sheet_1-0275,slab,0.1896,1.264,1.264,0.0
SL-sheet_1-0276,slab,0.0709,0.473,0.473,0.0
SL-sheet_1-0277,slab,0.2567,1.711,1.711,0.0
SL-sheet_1-0278,slab,0.2361,1.574,1.574,0.0
SL-sheet_1-0279,slab,0.2182,1.455,1.455,0.0
SL-sheet_1-0280,slab,0.449,2.993,2.993,0.0
SL-sheet_1-0281,slab,0.443,2.953,2.953,0.0
SL-sheet_1-0282,slab,0.449,2.993,2.993,0.0
SL-sheet_1-0283,slab,0.443,2.953,2.953,0.0
SL-sheet_1-0284,slab,0.3663,2.442,2.442,0.0
SL-sheet_1-0285,slab,0.3641,2.427,2.427,0.0
SL-sheet_1-0286,slab,0.3663,2.442,2.442,0.0
SL-sheet_1-0287,slab,0.3663,2.442,2.442,0.0
SL-sheet_1-0288,slab,0.3641,2.427,2.427,0.0
SL-sheet_1-0289,slab,0.4857,3.238,3.238,0.0
SL-sheet_1-0290,slab,0.4883,3.255,3.255,0.0
SL-sheet_1-0291,slab,0.4857,3.238,3.238,0.0
SL-sheet_1-0292,slab,0.4883,3.255,3.255,0.0
SL-sheet_1-0293,slab,0.3618,2.412,2.412,0.0
SL-sheet_1-0294,slab,0.1012,0.675,0.675,0.0
SL-sheet_1-0295,slab,0.3618,2.412,2.412,0.0
SL-sheet_1-0296,slab,0.3604,2.403,2.403,0.0
SL-sheet_1-0297,slab,0.3618,2.412,2.412,0.0
SL-sheet_1-0298,slab,0.3604,2.403,2.403,0.0
SL-sheet_1-0299,slab,0.3618,2.412,2.412,0.0
SL-sheet_1-0300,slab,0.3604,2.403,2.403,0.0
SL-sheet_1-0301,slab,14.9837,99.891,99.891,0.0
SL-sheet_1-0302,slab,5.261,35.073,35.073,0.0
SL-sheet_1-0303,slab,17.2619,115.08,115.08,0.0
SL-sheet_1-0304,slab,15.0434,100.289,100.289,0.0
SL-sheet_1-0305,slab,14.7936,98.624,98.624,0.0
SL-sheet_1-0306,slab,0.0998,0.666,0.666,0.0
SL-sheet_1-0307,slab,0.1239,0.826,0.826,0.0
SL-sheet_1-0308,slab,0.1959,1.306,1.306,0.0
SL-sheet_1-0309,slab,0.1959,1.306,1.306,0.0
SL-sheet_1-0310,slab,0.0709,0.473,0.473,0.0
SL-sheet_1-0311,slab,0.1056,0.704,0.704,0.0
SL-sheet_1-0312,slab,0.1959,1.306,1.306,0.0
SL-sheet_1-0313,slab,0.0907,0.604,0.604,0.0
SL-sheet_1-0314,slab,0.3818,2.545,2.545,0.0
SL-sheet_1-0315,slab,0.1959,1.306,1.306,0.0
SL-sheet_1-0316,slab,0.0709,0.473,0.473,0.0
SL-sheet_1-0317,slab,0.1056,0.704,0.704,0.0
SL-sheet_1-0318,slab,0.1959,1.306,1.306,0.0
SL-sheet_1-0319,slab,0.1066,0.711,0.711,0.0
SL-sheet_1-0320,slab,0.2161,1.441,1.441,0.0
SL-sheet_1-0321,slab,0.2307,1.538,1.538,0.0
SL-sheet_1-0322,slab,0.2379,1.586,1.586,0.0
SL-sheet_1-0323,slab,0.1959,1.306,1.306,0.0
SL-sheet_1-0324,slab,0.2307,1.538,1.538,0.0
SL-sheet_1-0325,slab,0.2296,1.531,1.531,0.0
SL-sheet_1-0326,slab,0.1959,1.306,1.306,0.0
SL-sheet_1-0327,slab,0.4568,3.046,3.046,0.0
SL-sheet_1-0328,slab,0.1772,1.181,1.181,0.0
SL-sheet_1-0329,slab,1.3723,9.149,9.149,0.0
SL-sheet_1-0330,slab,0.1959,1.306,1.306,0.0
SL-sheet_1-0331,slab,0.092,0.613,0.613,0.0
SL-sheet_1-0332,slab,0.3662,2.441,2.441,0.0
SL-sheet_1-0333,slab,0.1959,1.306,1.306,0.0
SL-sheet_1-0334,slab,0.1959,1.306,1.306,0.0
SL-sheet_1-0335,slab,0.1959,1.306,1.306,0.0
SL-sheet_1-0336,slab,0.0709,0.473,0.473,0.0
SL-sheet_1-0337,slab,0.2567,1.711,1.711,0.0
SL-sheet_1-0338,slab,0.1959,1.306,1.306,0.0
SL-sheet_1-0339,slab,0.092,0.613,0.613,0.0
SL-sheet_1-0340,slab,0.3662,2.441,2.441,0.0
