ISO-10303-21;
HEADER;
FILE_DESCRIPTION(('FreeCAD Model'),'2;1');
FILE_NAME('Open CASCADE Shape Model','2026-05-05T22:29:11',('FreeCAD'),(
    'FreeCAD'),'Open CASCADE STEP processor 7.8','FreeCAD','Unknown');
FILE_SCHEMA(('AUTOMOTIVE_DESIGN { 1 0 10303 214 1 1 1 1 }'));
ENDSEC;
DATA;
#1 = APPLICATION_PROTOCOL_DEFINITION('international standard',
  'automotive_design',2000,#2);
#2 = APPLICATION_CONTEXT(
  'core data for automotive mechanical design processes');
#3 = SHAPE_DEFINITION_REPRESENTATION(#4,#10);
#4 = PRODUCT_DEFINITION_SHAPE('','',#5);
#5 = PRODUCT_DEFINITION('design','',#6,#9);
#6 = PRODUCT_DEFINITION_FORMATION('','',#7);
#7 = PRODUCT('Open CASCADE STEP translator 7.8 1',
  'Open CASCADE STEP translator 7.8 1','',(#8));
#8 = PRODUCT_CONTEXT('',#2,'mechanical');
#9 = PRODUCT_DEFINITION_CONTEXT('part definition',#2,'design');
#10 = SHAPE_REPRESENTATION('',(#11,#15,#165,#315,#465,#615,#765,#915,
    #1065,#1215,#1365,#1515,#1665,#1815,#1965,#2115,#2265,#2415,#2565,
    #2715,#2865,#3015,#3165,#3315,#3465,#3615,#3765,#3915,#4065,#4215,
    #4365,#4515,#4665,#4815,#4965,#5115,#5265,#5415,#5565,#5715,#5865,
    #6015,#6165,#6315,#6465,#6615,#6765,#6915,#7065,#7215,#7365,#7515,
    #7665,#7815,#7965,#8115,#8265,#8415,#8565,#8715,#8865,#9015,#9165,
    #9315,#9465,#9615,#9765,#9915,#10065,#10215,#10365,#10515,#10665,
    #10815,#10965,#11115,#11265,#11415,#11565,#11715,#11865,#12015,
    #12165,#12315,#12465,#12615,#12765,#12915),#13065);
#11 = AXIS2_PLACEMENT_3D('',#12,#13,#14);
#12 = CARTESIAN_POINT('',(0.,0.,0.));
#13 = DIRECTION('',(0.,0.,1.));
#14 = DIRECTION('',(1.,0.,-0.));
#15 = MANIFOLD_SOLID_BREP('',#16);
#16 = CLOSED_SHELL('',(#17,#57,#88,#119,#141,#153));
#17 = ADVANCED_FACE('',(#18),#52,.F.);
#18 = FACE_BOUND('',#19,.F.);
#19 = EDGE_LOOP('',(#20,#30,#38,#46));
#20 = ORIENTED_EDGE('',*,*,#21,.T.);
#21 = EDGE_CURVE('',#22,#24,#26,.T.);
#22 = VERTEX_POINT('',#23);
#23 = CARTESIAN_POINT('',(-3.338170021114E+04,-8.821361940218E+03,
    -8.8E+03));
#24 = VERTEX_POINT('',#25);
#25 = CARTESIAN_POINT('',(-3.338170021114E+04,-8.821361940218E+03,
    -4.4E+03));
#26 = LINE('',#27,#28);
#27 = CARTESIAN_POINT('',(-3.338170021114E+04,-8.821361940218E+03,
    -8.8E+03));
#28 = VECTOR('',#29,1.);
#29 = DIRECTION('',(0.,0.,1.));
#30 = ORIENTED_EDGE('',*,*,#31,.T.);
#31 = EDGE_CURVE('',#24,#32,#34,.T.);
#32 = VERTEX_POINT('',#33);
#33 = CARTESIAN_POINT('',(-3.298170021114E+04,-8.821361940218E+03,
    -4.4E+03));
#34 = LINE('',#35,#36);
#35 = CARTESIAN_POINT('',(-3.338170021114E+04,-8.821361940218E+03,
    -4.4E+03));
#36 = VECTOR('',#37,1.);
#37 = DIRECTION('',(1.,0.,0.));
#38 = ORIENTED_EDGE('',*,*,#39,.F.);
#39 = EDGE_CURVE('',#40,#32,#42,.T.);
#40 = VERTEX_POINT('',#41);
#41 = CARTESIAN_POINT('',(-3.298170021114E+04,-8.821361940218E+03,
    -8.8E+03));
#42 = LINE('',#43,#44);
#43 = CARTESIAN_POINT('',(-3.298170021114E+04,-8.821361940218E+03,
    -8.8E+03));
#44 = VECTOR('',#45,1.);
#45 = DIRECTION('',(0.,0.,1.));
#46 = ORIENTED_EDGE('',*,*,#47,.F.);
#47 = EDGE_CURVE('',#22,#40,#48,.T.);
#48 = LINE('',#49,#50);
#49 = CARTESIAN_POINT('',(-3.338170021114E+04,-8.821361940218E+03,
    -8.8E+03));
#50 = VECTOR('',#51,1.);
#51 = DIRECTION('',(1.,0.,0.));
#52 = PLANE('',#53);
#53 = AXIS2_PLACEMENT_3D('',#54,#55,#56);
#54 = CARTESIAN_POINT('',(-3.338170021114E+04,-8.821361940218E+03,
    -8.8E+03));
#55 = DIRECTION('',(0.,1.,0.));
#56 = DIRECTION('',(1.,0.,0.));
#57 = ADVANCED_FACE('',(#58),#83,.F.);
#58 = FACE_BOUND('',#59,.F.);
#59 = EDGE_LOOP('',(#60,#61,#69,#77));
#60 = ORIENTED_EDGE('',*,*,#39,.T.);
#61 = ORIENTED_EDGE('',*,*,#62,.T.);
#62 = EDGE_CURVE('',#32,#63,#65,.T.);
#63 = VERTEX_POINT('',#64);
#64 = CARTESIAN_POINT('',(-3.298170021114E+04,-8.021361940218E+03,
    -4.4E+03));
#65 = LINE('',#66,#67);
#66 = CARTESIAN_POINT('',(-3.298170021114E+04,-8.821361940218E+03,
    -4.4E+03));
#67 = VECTOR('',#68,1.);
#68 = DIRECTION('',(0.,1.,0.));
#69 = ORIENTED_EDGE('',*,*,#70,.F.);
#70 = EDGE_CURVE('',#71,#63,#73,.T.);
#71 = VERTEX_POINT('',#72);
#72 = CARTESIAN_POINT('',(-3.298170021114E+04,-8.021361940218E+03,
    -8.8E+03));
#73 = LINE('',#74,#75);
#74 = CARTESIAN_POINT('',(-3.298170021114E+04,-8.021361940218E+03,
    -8.8E+03));
#75 = VECTOR('',#76,1.);
#76 = DIRECTION('',(0.,0.,1.));
#77 = ORIENTED_EDGE('',*,*,#78,.F.);
#78 = EDGE_CURVE('',#40,#71,#79,.T.);
#79 = LINE('',#80,#81);
#80 = CARTESIAN_POINT('',(-3.298170021114E+04,-8.821361940218E+03,
    -8.8E+03));
#81 = VECTOR('',#82,1.);
#82 = DIRECTION('',(0.,1.,0.));
#83 = PLANE('',#84);
#84 = AXIS2_PLACEMENT_3D('',#85,#86,#87);
#85 = CARTESIAN_POINT('',(-3.298170021114E+04,-8.821361940218E+03,
    -8.8E+03));
#86 = DIRECTION('',(-1.,0.,0.));
#87 = DIRECTION('',(0.,1.,0.));
#88 = ADVANCED_FACE('',(#89),#114,.F.);
#89 = FACE_BOUND('',#90,.F.);
#90 = EDGE_LOOP('',(#91,#92,#100,#108));
#91 = ORIENTED_EDGE('',*,*,#70,.T.);
#92 = ORIENTED_EDGE('',*,*,#93,.T.);
#93 = EDGE_CURVE('',#63,#94,#96,.T.);
#94 = VERTEX_POINT('',#95);
#95 = CARTESIAN_POINT('',(-3.338170021114E+04,-8.021361940218E+03,
    -4.4E+03));
#96 = LINE('',#97,#98);
#97 = CARTESIAN_POINT('',(-3.298170021114E+04,-8.021361940218E+03,
    -4.4E+03));
#98 = VECTOR('',#99,1.);
#99 = DIRECTION('',(-1.,0.,0.));
#100 = ORIENTED_EDGE('',*,*,#101,.F.);
#101 = EDGE_CURVE('',#102,#94,#104,.T.);
#102 = VERTEX_POINT('',#103);
#103 = CARTESIAN_POINT('',(-3.338170021114E+04,-8.021361940218E+03,
    -8.8E+03));
#104 = LINE('',#105,#106);
#105 = CARTESIAN_POINT('',(-3.338170021114E+04,-8.021361940218E+03,
    -8.8E+03));
#106 = VECTOR('',#107,1.);
#107 = DIRECTION('',(0.,0.,1.));
#108 = ORIENTED_EDGE('',*,*,#109,.F.);
#109 = EDGE_CURVE('',#71,#102,#110,.T.);
#110 = LINE('',#111,#112);
#111 = CARTESIAN_POINT('',(-3.298170021114E+04,-8.021361940218E+03,
    -8.8E+03));
#112 = VECTOR('',#113,1.);
#113 = DIRECTION('',(-1.,0.,0.));
#114 = PLANE('',#115);
#115 = AXIS2_PLACEMENT_3D('',#116,#117,#118);
#116 = CARTESIAN_POINT('',(-3.298170021114E+04,-8.021361940218E+03,
    -8.8E+03));
#117 = DIRECTION('',(0.,-1.,0.));
#118 = DIRECTION('',(-1.,0.,0.));
#119 = ADVANCED_FACE('',(#120),#136,.F.);
#120 = FACE_BOUND('',#121,.F.);
#121 = EDGE_LOOP('',(#122,#123,#129,#130));
#122 = ORIENTED_EDGE('',*,*,#101,.T.);
#123 = ORIENTED_EDGE('',*,*,#124,.T.);
#124 = EDGE_CURVE('',#94,#24,#125,.T.);
#125 = LINE('',#126,#127);
#126 = CARTESIAN_POINT('',(-3.338170021114E+04,-8.021361940218E+03,
    -4.4E+03));
#127 = VECTOR('',#128,1.);
#128 = DIRECTION('',(0.,-1.,0.));
#129 = ORIENTED_EDGE('',*,*,#21,.F.);
#130 = ORIENTED_EDGE('',*,*,#131,.F.);
#131 = EDGE_CURVE('',#102,#22,#132,.T.);
#132 = LINE('',#133,#134);
#133 = CARTESIAN_POINT('',(-3.338170021114E+04,-8.021361940218E+03,
    -8.8E+03));
#134 = VECTOR('',#135,1.);
#135 = DIRECTION('',(0.,-1.,0.));
#136 = PLANE('',#137);
#137 = AXIS2_PLACEMENT_3D('',#138,#139,#140);
#138 = CARTESIAN_POINT('',(-3.338170021114E+04,-8.021361940218E+03,
    -8.8E+03));
#139 = DIRECTION('',(1.,0.,-0.));
#140 = DIRECTION('',(0.,-1.,0.));
#141 = ADVANCED_FACE('',(#142),#148,.F.);
#142 = FACE_BOUND('',#143,.F.);
#143 = EDGE_LOOP('',(#144,#145,#146,#147));
#144 = ORIENTED_EDGE('',*,*,#47,.T.);
#145 = ORIENTED_EDGE('',*,*,#78,.T.);
#146 = ORIENTED_EDGE('',*,*,#109,.T.);
#147 = ORIENTED_EDGE('',*,*,#131,.T.);
#148 = PLANE('',#149);
#149 = AXIS2_PLACEMENT_3D('',#150,#151,#152);
#150 = CARTESIAN_POINT('',(-3.318170021114E+04,-8.421361940218E+03,
    -8.8E+03));
#151 = DIRECTION('',(0.,0.,1.));
#152 = DIRECTION('',(1.,0.,-0.));
#153 = ADVANCED_FACE('',(#154),#160,.T.);
#154 = FACE_BOUND('',#155,.T.);
#155 = EDGE_LOOP('',(#156,#157,#158,#159));
#156 = ORIENTED_EDGE('',*,*,#31,.T.);
#157 = ORIENTED_EDGE('',*,*,#62,.T.);
#158 = ORIENTED_EDGE('',*,*,#93,.T.);
#159 = ORIENTED_EDGE('',*,*,#124,.T.);
#160 = PLANE('',#161);
#161 = AXIS2_PLACEMENT_3D('',#162,#163,#164);
#162 = CARTESIAN_POINT('',(-3.318170021114E+04,-8.421361940218E+03,
    -4.4E+03));
#163 = DIRECTION('',(0.,0.,1.));
#164 = DIRECTION('',(1.,0.,-0.));
#165 = MANIFOLD_SOLID_BREP('',#166);
#166 = CLOSED_SHELL('',(#167,#207,#238,#269,#291,#303));
#167 = ADVANCED_FACE('',(#168),#202,.F.);
#168 = FACE_BOUND('',#169,.F.);
#169 = EDGE_LOOP('',(#170,#180,#188,#196));
#170 = ORIENTED_EDGE('',*,*,#171,.T.);
#171 = EDGE_CURVE('',#172,#174,#176,.T.);
#172 = VERTEX_POINT('',#173);
#173 = CARTESIAN_POINT('',(-1.218170021114E+04,-8.821361940221E+03,
    -8.8E+03));
#174 = VERTEX_POINT('',#175);
#175 = CARTESIAN_POINT('',(-1.218170021114E+04,-8.821361940221E+03,
    -4.4E+03));
#176 = LINE('',#177,#178);
#177 = CARTESIAN_POINT('',(-1.218170021114E+04,-8.821361940221E+03,
    -8.8E+03));
#178 = VECTOR('',#179,1.);
#179 = DIRECTION('',(0.,0.,1.));
#180 = ORIENTED_EDGE('',*,*,#181,.T.);
#181 = EDGE_CURVE('',#174,#182,#184,.T.);
#182 = VERTEX_POINT('',#183);
#183 = CARTESIAN_POINT('',(-1.178170021114E+04,-8.821361940221E+03,
    -4.4E+03));
#184 = LINE('',#185,#186);
#185 = CARTESIAN_POINT('',(-1.218170021114E+04,-8.821361940221E+03,
    -4.4E+03));
#186 = VECTOR('',#187,1.);
#187 = DIRECTION('',(1.,0.,0.));
#188 = ORIENTED_EDGE('',*,*,#189,.F.);
#189 = EDGE_CURVE('',#190,#182,#192,.T.);
#190 = VERTEX_POINT('',#191);
#191 = CARTESIAN_POINT('',(-1.178170021114E+04,-8.821361940221E+03,
    -8.8E+03));
#192 = LINE('',#193,#194);
#193 = CARTESIAN_POINT('',(-1.178170021114E+04,-8.821361940221E+03,
    -8.8E+03));
#194 = VECTOR('',#195,1.);
#195 = DIRECTION('',(0.,0.,1.));
#196 = ORIENTED_EDGE('',*,*,#197,.F.);
#197 = EDGE_CURVE('',#172,#190,#198,.T.);
#198 = LINE('',#199,#200);
#199 = CARTESIAN_POINT('',(-1.218170021114E+04,-8.821361940221E+03,
    -8.8E+03));
#200 = VECTOR('',#201,1.);
#201 = DIRECTION('',(1.,0.,0.));
#202 = PLANE('',#203);
#203 = AXIS2_PLACEMENT_3D('',#204,#205,#206);
#204 = CARTESIAN_POINT('',(-1.218170021114E+04,-8.821361940221E+03,
    -8.8E+03));
#205 = DIRECTION('',(0.,1.,0.));
#206 = DIRECTION('',(1.,0.,0.));
#207 = ADVANCED_FACE('',(#208),#233,.F.);
#208 = FACE_BOUND('',#209,.F.);
#209 = EDGE_LOOP('',(#210,#211,#219,#227));
#210 = ORIENTED_EDGE('',*,*,#189,.T.);
#211 = ORIENTED_EDGE('',*,*,#212,.T.);
#212 = EDGE_CURVE('',#182,#213,#215,.T.);
#213 = VERTEX_POINT('',#214);
#214 = CARTESIAN_POINT('',(-1.178170021114E+04,-8.021361940221E+03,
    -4.4E+03));
#215 = LINE('',#216,#217);
#216 = CARTESIAN_POINT('',(-1.178170021114E+04,-8.821361940221E+03,
    -4.4E+03));
#217 = VECTOR('',#218,1.);
#218 = DIRECTION('',(0.,1.,0.));
#219 = ORIENTED_EDGE('',*,*,#220,.F.);
#220 = EDGE_CURVE('',#221,#213,#223,.T.);
#221 = VERTEX_POINT('',#222);
#222 = CARTESIAN_POINT('',(-1.178170021114E+04,-8.021361940221E+03,
    -8.8E+03));
#223 = LINE('',#224,#225);
#224 = CARTESIAN_POINT('',(-1.178170021114E+04,-8.021361940221E+03,
    -8.8E+03));
#225 = VECTOR('',#226,1.);
#226 = DIRECTION('',(0.,0.,1.));
#227 = ORIENTED_EDGE('',*,*,#228,.F.);
#228 = EDGE_CURVE('',#190,#221,#229,.T.);
#229 = LINE('',#230,#231);
#230 = CARTESIAN_POINT('',(-1.178170021114E+04,-8.821361940221E+03,
    -8.8E+03));
#231 = VECTOR('',#232,1.);
#232 = DIRECTION('',(0.,1.,0.));
#233 = PLANE('',#234);
#234 = AXIS2_PLACEMENT_3D('',#235,#236,#237);
#235 = CARTESIAN_POINT('',(-1.178170021114E+04,-8.821361940221E+03,
    -8.8E+03));
#236 = DIRECTION('',(-1.,0.,0.));
#237 = DIRECTION('',(0.,1.,0.));
#238 = ADVANCED_FACE('',(#239),#264,.F.);
#239 = FACE_BOUND('',#240,.F.);
#240 = EDGE_LOOP('',(#241,#242,#250,#258));
#241 = ORIENTED_EDGE('',*,*,#220,.T.);
#242 = ORIENTED_EDGE('',*,*,#243,.T.);
#243 = EDGE_CURVE('',#213,#244,#246,.T.);
#244 = VERTEX_POINT('',#245);
#245 = CARTESIAN_POINT('',(-1.218170021114E+04,-8.021361940221E+03,
    -4.4E+03));
#246 = LINE('',#247,#248);
#247 = CARTESIAN_POINT('',(-1.178170021114E+04,-8.021361940221E+03,
    -4.4E+03));
#248 = VECTOR('',#249,1.);
#249 = DIRECTION('',(-1.,0.,0.));
#250 = ORIENTED_EDGE('',*,*,#251,.F.);
#251 = EDGE_CURVE('',#252,#244,#254,.T.);
#252 = VERTEX_POINT('',#253);
#253 = CARTESIAN_POINT('',(-1.218170021114E+04,-8.021361940221E+03,
    -8.8E+03));
#254 = LINE('',#255,#256);
#255 = CARTESIAN_POINT('',(-1.218170021114E+04,-8.021361940221E+03,
    -8.8E+03));
#256 = VECTOR('',#257,1.);
#257 = DIRECTION('',(0.,0.,1.));
#258 = ORIENTED_EDGE('',*,*,#259,.F.);
#259 = EDGE_CURVE('',#221,#252,#260,.T.);
#260 = LINE('',#261,#262);
#261 = CARTESIAN_POINT('',(-1.178170021114E+04,-8.021361940221E+03,
    -8.8E+03));
#262 = VECTOR('',#263,1.);
#263 = DIRECTION('',(-1.,0.,0.));
#264 = PLANE('',#265);
#265 = AXIS2_PLACEMENT_3D('',#266,#267,#268);
#266 = CARTESIAN_POINT('',(-1.178170021114E+04,-8.021361940221E+03,
    -8.8E+03));
#267 = DIRECTION('',(0.,-1.,0.));
#268 = DIRECTION('',(-1.,0.,0.));
#269 = ADVANCED_FACE('',(#270),#286,.F.);
#270 = FACE_BOUND('',#271,.F.);
#271 = EDGE_LOOP('',(#272,#273,#279,#280));
#272 = ORIENTED_EDGE('',*,*,#251,.T.);
#273 = ORIENTED_EDGE('',*,*,#274,.T.);
#274 = EDGE_CURVE('',#244,#174,#275,.T.);
#275 = LINE('',#276,#277);
#276 = CARTESIAN_POINT('',(-1.218170021114E+04,-8.021361940221E+03,
    -4.4E+03));
#277 = VECTOR('',#278,1.);
#278 = DIRECTION('',(0.,-1.,0.));
#279 = ORIENTED_EDGE('',*,*,#171,.F.);
#280 = ORIENTED_EDGE('',*,*,#281,.F.);
#281 = EDGE_CURVE('',#252,#172,#282,.T.);
#282 = LINE('',#283,#284);
#283 = CARTESIAN_POINT('',(-1.218170021114E+04,-8.021361940221E+03,
    -8.8E+03));
#284 = VECTOR('',#285,1.);
#285 = DIRECTION('',(0.,-1.,0.));
#286 = PLANE('',#287);
#287 = AXIS2_PLACEMENT_3D('',#288,#289,#290);
#288 = CARTESIAN_POINT('',(-1.218170021114E+04,-8.021361940221E+03,
    -8.8E+03));
#289 = DIRECTION('',(1.,0.,-0.));
#290 = DIRECTION('',(0.,-1.,0.));
#291 = ADVANCED_FACE('',(#292),#298,.F.);
#292 = FACE_BOUND('',#293,.F.);
#293 = EDGE_LOOP('',(#294,#295,#296,#297));
#294 = ORIENTED_EDGE('',*,*,#197,.T.);
#295 = ORIENTED_EDGE('',*,*,#228,.T.);
#296 = ORIENTED_EDGE('',*,*,#259,.T.);
#297 = ORIENTED_EDGE('',*,*,#281,.T.);
#298 = PLANE('',#299);
#299 = AXIS2_PLACEMENT_3D('',#300,#301,#302);
#300 = CARTESIAN_POINT('',(-1.198170021114E+04,-8.421361940221E+03,
    -8.8E+03));
#301 = DIRECTION('',(0.,0.,1.));
#302 = DIRECTION('',(1.,0.,-0.));
#303 = ADVANCED_FACE('',(#304),#310,.T.);
#304 = FACE_BOUND('',#305,.T.);
#305 = EDGE_LOOP('',(#306,#307,#308,#309));
#306 = ORIENTED_EDGE('',*,*,#181,.T.);
#307 = ORIENTED_EDGE('',*,*,#212,.T.);
#308 = ORIENTED_EDGE('',*,*,#243,.T.);
#309 = ORIENTED_EDGE('',*,*,#274,.T.);
#310 = PLANE('',#311);
#311 = AXIS2_PLACEMENT_3D('',#312,#313,#314);
#312 = CARTESIAN_POINT('',(-1.198170021114E+04,-8.421361940221E+03,
    -4.4E+03));
#313 = DIRECTION('',(0.,0.,1.));
#314 = DIRECTION('',(1.,0.,-0.));
#315 = MANIFOLD_SOLID_BREP('',#316);
#316 = CLOSED_SHELL('',(#317,#357,#388,#419,#441,#453));
#317 = ADVANCED_FACE('',(#318),#352,.F.);
#318 = FACE_BOUND('',#319,.F.);
#319 = EDGE_LOOP('',(#320,#330,#338,#346));
#320 = ORIENTED_EDGE('',*,*,#321,.T.);
#321 = EDGE_CURVE('',#322,#324,#326,.T.);
#322 = VERTEX_POINT('',#323);
#323 = CARTESIAN_POINT('',(-1.221284561409E+04,-1.314136690583E+04,
    -8.8E+03));
#324 = VERTEX_POINT('',#325);
#325 = CARTESIAN_POINT('',(-1.221284561409E+04,-1.314136690583E+04,
    -4.4E+03));
#326 = LINE('',#327,#328);
#327 = CARTESIAN_POINT('',(-1.221284561409E+04,-1.314136690583E+04,
    -8.8E+03));
#328 = VECTOR('',#329,1.);
#329 = DIRECTION('',(0.,0.,1.));
#330 = ORIENTED_EDGE('',*,*,#331,.T.);
#331 = EDGE_CURVE('',#324,#332,#334,.T.);
#332 = VERTEX_POINT('',#333);
#333 = CARTESIAN_POINT('',(-1.161284561409E+04,-1.314136690583E+04,
    -4.4E+03));
#334 = LINE('',#335,#336);
#335 = CARTESIAN_POINT('',(-1.221284561409E+04,-1.314136690583E+04,
    -4.4E+03));
#336 = VECTOR('',#337,1.);
#337 = DIRECTION('',(1.,0.,0.));
#338 = ORIENTED_EDGE('',*,*,#339,.F.);
#339 = EDGE_CURVE('',#340,#332,#342,.T.);
#340 = VERTEX_POINT('',#341);
#341 = CARTESIAN_POINT('',(-1.161284561409E+04,-1.314136690583E+04,
    -8.8E+03));
#342 = LINE('',#343,#344);
#343 = CARTESIAN_POINT('',(-1.161284561409E+04,-1.314136690583E+04,
    -8.8E+03));
#344 = VECTOR('',#345,1.);
#345 = DIRECTION('',(0.,0.,1.));
#346 = ORIENTED_EDGE('',*,*,#347,.F.);
#347 = EDGE_CURVE('',#322,#340,#348,.T.);
#348 = LINE('',#349,#350);
#349 = CARTESIAN_POINT('',(-1.221284561409E+04,-1.314136690583E+04,
    -8.8E+03));
#350 = VECTOR('',#351,1.);
#351 = DIRECTION('',(1.,0.,0.));
#352 = PLANE('',#353);
#353 = AXIS2_PLACEMENT_3D('',#354,#355,#356);
#354 = CARTESIAN_POINT('',(-1.221284561409E+04,-1.314136690583E+04,
    -8.8E+03));
#355 = DIRECTION('',(0.,1.,0.));
#356 = DIRECTION('',(1.,0.,0.));
#357 = ADVANCED_FACE('',(#358),#383,.F.);
#358 = FACE_BOUND('',#359,.F.);
#359 = EDGE_LOOP('',(#360,#361,#369,#377));
#360 = ORIENTED_EDGE('',*,*,#339,.T.);
#361 = ORIENTED_EDGE('',*,*,#362,.T.);
#362 = EDGE_CURVE('',#332,#363,#365,.T.);
#363 = VERTEX_POINT('',#364);
#364 = CARTESIAN_POINT('',(-1.161284561409E+04,-1.194136690583E+04,
    -4.4E+03));
#365 = LINE('',#366,#367);
#366 = CARTESIAN_POINT('',(-1.161284561409E+04,-1.314136690583E+04,
    -4.4E+03));
#367 = VECTOR('',#368,1.);
#368 = DIRECTION('',(0.,1.,0.));
#369 = ORIENTED_EDGE('',*,*,#370,.F.);
#370 = EDGE_CURVE('',#371,#363,#373,.T.);
#371 = VERTEX_POINT('',#372);
#372 = CARTESIAN_POINT('',(-1.161284561409E+04,-1.194136690583E+04,
    -8.8E+03));
#373 = LINE('',#374,#375);
#374 = CARTESIAN_POINT('',(-1.161284561409E+04,-1.194136690583E+04,
    -8.8E+03));
#375 = VECTOR('',#376,1.);
#376 = DIRECTION('',(0.,0.,1.));
#377 = ORIENTED_EDGE('',*,*,#378,.F.);
#378 = EDGE_CURVE('',#340,#371,#379,.T.);
#379 = LINE('',#380,#381);
#380 = CARTESIAN_POINT('',(-1.161284561409E+04,-1.314136690583E+04,
    -8.8E+03));
#381 = VECTOR('',#382,1.);
#382 = DIRECTION('',(0.,1.,0.));
#383 = PLANE('',#384);
#384 = AXIS2_PLACEMENT_3D('',#385,#386,#387);
#385 = CARTESIAN_POINT('',(-1.161284561409E+04,-1.314136690583E+04,
    -8.8E+03));
#386 = DIRECTION('',(-1.,0.,0.));
#387 = DIRECTION('',(0.,1.,0.));
#388 = ADVANCED_FACE('',(#389),#414,.F.);
#389 = FACE_BOUND('',#390,.F.);
#390 = EDGE_LOOP('',(#391,#392,#400,#408));
#391 = ORIENTED_EDGE('',*,*,#370,.T.);
#392 = ORIENTED_EDGE('',*,*,#393,.T.);
#393 = EDGE_CURVE('',#363,#394,#396,.T.);
#394 = VERTEX_POINT('',#395);
#395 = CARTESIAN_POINT('',(-1.221284561409E+04,-1.194136690583E+04,
    -4.4E+03));
#396 = LINE('',#397,#398);
#397 = CARTESIAN_POINT('',(-1.161284561409E+04,-1.194136690583E+04,
    -4.4E+03));
#398 = VECTOR('',#399,1.);
#399 = DIRECTION('',(-1.,0.,0.));
#400 = ORIENTED_EDGE('',*,*,#401,.F.);
#401 = EDGE_CURVE('',#402,#394,#404,.T.);
#402 = VERTEX_POINT('',#403);
#403 = CARTESIAN_POINT('',(-1.221284561409E+04,-1.194136690583E+04,
    -8.8E+03));
#404 = LINE('',#405,#406);
#405 = CARTESIAN_POINT('',(-1.221284561409E+04,-1.194136690583E+04,
    -8.8E+03));
#406 = VECTOR('',#407,1.);
#407 = DIRECTION('',(0.,0.,1.));
#408 = ORIENTED_EDGE('',*,*,#409,.F.);
#409 = EDGE_CURVE('',#371,#402,#410,.T.);
#410 = LINE('',#411,#412);
#411 = CARTESIAN_POINT('',(-1.161284561409E+04,-1.194136690583E+04,
    -8.8E+03));
#412 = VECTOR('',#413,1.);
#413 = DIRECTION('',(-1.,0.,0.));
#414 = PLANE('',#415);
#415 = AXIS2_PLACEMENT_3D('',#416,#417,#418);
#416 = CARTESIAN_POINT('',(-1.161284561409E+04,-1.194136690583E+04,
    -8.8E+03));
#417 = DIRECTION('',(0.,-1.,0.));
#418 = DIRECTION('',(-1.,0.,0.));
#419 = ADVANCED_FACE('',(#420),#436,.F.);
#420 = FACE_BOUND('',#421,.F.);
#421 = EDGE_LOOP('',(#422,#423,#429,#430));
#422 = ORIENTED_EDGE('',*,*,#401,.T.);
#423 = ORIENTED_EDGE('',*,*,#424,.T.);
#424 = EDGE_CURVE('',#394,#324,#425,.T.);
#425 = LINE('',#426,#427);
#426 = CARTESIAN_POINT('',(-1.221284561409E+04,-1.194136690583E+04,
    -4.4E+03));
#427 = VECTOR('',#428,1.);
#428 = DIRECTION('',(0.,-1.,0.));
#429 = ORIENTED_EDGE('',*,*,#321,.F.);
#430 = ORIENTED_EDGE('',*,*,#431,.F.);
#431 = EDGE_CURVE('',#402,#322,#432,.T.);
#432 = LINE('',#433,#434);
#433 = CARTESIAN_POINT('',(-1.221284561409E+04,-1.194136690583E+04,
    -8.8E+03));
#434 = VECTOR('',#435,1.);
#435 = DIRECTION('',(0.,-1.,0.));
#436 = PLANE('',#437);
#437 = AXIS2_PLACEMENT_3D('',#438,#439,#440);
#438 = CARTESIAN_POINT('',(-1.221284561409E+04,-1.194136690583E+04,
    -8.8E+03));
#439 = DIRECTION('',(1.,0.,-0.));
#440 = DIRECTION('',(0.,-1.,0.));
#441 = ADVANCED_FACE('',(#442),#448,.F.);
#442 = FACE_BOUND('',#443,.F.);
#443 = EDGE_LOOP('',(#444,#445,#446,#447));
#444 = ORIENTED_EDGE('',*,*,#347,.T.);
#445 = ORIENTED_EDGE('',*,*,#378,.T.);
#446 = ORIENTED_EDGE('',*,*,#409,.T.);
#447 = ORIENTED_EDGE('',*,*,#431,.T.);
#448 = PLANE('',#449);
#449 = AXIS2_PLACEMENT_3D('',#450,#451,#452);
#450 = CARTESIAN_POINT('',(-1.191284561409E+04,-1.254136690583E+04,
    -8.8E+03));
#451 = DIRECTION('',(0.,0.,1.));
#452 = DIRECTION('',(1.,0.,-0.));
#453 = ADVANCED_FACE('',(#454),#460,.T.);
#454 = FACE_BOUND('',#455,.T.);
#455 = EDGE_LOOP('',(#456,#457,#458,#459));
#456 = ORIENTED_EDGE('',*,*,#331,.T.);
#457 = ORIENTED_EDGE('',*,*,#362,.T.);
#458 = ORIENTED_EDGE('',*,*,#393,.T.);
#459 = ORIENTED_EDGE('',*,*,#424,.T.);
#460 = PLANE('',#461);
#461 = AXIS2_PLACEMENT_3D('',#462,#463,#464);
#462 = CARTESIAN_POINT('',(-1.191284561409E+04,-1.254136690583E+04,
    -4.4E+03));
#463 = DIRECTION('',(0.,0.,1.));
#464 = DIRECTION('',(1.,0.,-0.));
#465 = MANIFOLD_SOLID_BREP('',#466);
#466 = CLOSED_SHELL('',(#467,#507,#538,#569,#591,#603));
#467 = ADVANCED_FACE('',(#468),#502,.F.);
#468 = FACE_BOUND('',#469,.F.);
#469 = EDGE_LOOP('',(#470,#480,#488,#496));
#470 = ORIENTED_EDGE('',*,*,#471,.T.);
#471 = EDGE_CURVE('',#472,#474,#476,.T.);
#472 = VERTEX_POINT('',#473);
#473 = CARTESIAN_POINT('',(-1.221285202559E+04,-1.314136693396E+04,
    -8.8E+03));
#474 = VERTEX_POINT('',#475);
#475 = CARTESIAN_POINT('',(-1.221285202559E+04,-1.314136693396E+04,
    -4.4E+03));
#476 = LINE('',#477,#478);
#477 = CARTESIAN_POINT('',(-1.221285202559E+04,-1.314136693396E+04,
    -8.8E+03));
#478 = VECTOR('',#479,1.);
#479 = DIRECTION('',(0.,0.,1.));
#480 = ORIENTED_EDGE('',*,*,#481,.T.);
#481 = EDGE_CURVE('',#474,#482,#484,.T.);
#482 = VERTEX_POINT('',#483);
#483 = CARTESIAN_POINT('',(-1.161285202559E+04,-1.314136693396E+04,
    -4.4E+03));
#484 = LINE('',#485,#486);
#485 = CARTESIAN_POINT('',(-1.221285202559E+04,-1.314136693396E+04,
    -4.4E+03));
#486 = VECTOR('',#487,1.);
#487 = DIRECTION('',(1.,0.,0.));
#488 = ORIENTED_EDGE('',*,*,#489,.F.);
#489 = EDGE_CURVE('',#490,#482,#492,.T.);
#490 = VERTEX_POINT('',#491);
#491 = CARTESIAN_POINT('',(-1.161285202559E+04,-1.314136693396E+04,
    -8.8E+03));
#492 = LINE('',#493,#494);
#493 = CARTESIAN_POINT('',(-1.161285202559E+04,-1.314136693396E+04,
    -8.8E+03));
#494 = VECTOR('',#495,1.);
#495 = DIRECTION('',(0.,0.,1.));
#496 = ORIENTED_EDGE('',*,*,#497,.F.);
#497 = EDGE_CURVE('',#472,#490,#498,.T.);
#498 = LINE('',#499,#500);
#499 = CARTESIAN_POINT('',(-1.221285202559E+04,-1.314136693396E+04,
    -8.8E+03));
#500 = VECTOR('',#501,1.);
#501 = DIRECTION('',(1.,0.,0.));
#502 = PLANE('',#503);
#503 = AXIS2_PLACEMENT_3D('',#504,#505,#506);
#504 = CARTESIAN_POINT('',(-1.221285202559E+04,-1.314136693396E+04,
    -8.8E+03));
#505 = DIRECTION('',(0.,1.,0.));
#506 = DIRECTION('',(1.,0.,0.));
#507 = ADVANCED_FACE('',(#508),#533,.F.);
#508 = FACE_BOUND('',#509,.F.);
#509 = EDGE_LOOP('',(#510,#511,#519,#527));
#510 = ORIENTED_EDGE('',*,*,#489,.T.);
#511 = ORIENTED_EDGE('',*,*,#512,.T.);
#512 = EDGE_CURVE('',#482,#513,#515,.T.);
#513 = VERTEX_POINT('',#514);
#514 = CARTESIAN_POINT('',(-1.161285202559E+04,-1.194136693396E+04,
    -4.4E+03));
#515 = LINE('',#516,#517);
#516 = CARTESIAN_POINT('',(-1.161285202559E+04,-1.314136693396E+04,
    -4.4E+03));
#517 = VECTOR('',#518,1.);
#518 = DIRECTION('',(0.,1.,0.));
#519 = ORIENTED_EDGE('',*,*,#520,.F.);
#520 = EDGE_CURVE('',#521,#513,#523,.T.);
#521 = VERTEX_POINT('',#522);
#522 = CARTESIAN_POINT('',(-1.161285202559E+04,-1.194136693396E+04,
    -8.8E+03));
#523 = LINE('',#524,#525);
#524 = CARTESIAN_POINT('',(-1.161285202559E+04,-1.194136693396E+04,
    -8.8E+03));
#525 = VECTOR('',#526,1.);
#526 = DIRECTION('',(0.,0.,1.));
#527 = ORIENTED_EDGE('',*,*,#528,.F.);
#528 = EDGE_CURVE('',#490,#521,#529,.T.);
#529 = LINE('',#530,#531);
#530 = CARTESIAN_POINT('',(-1.161285202559E+04,-1.314136693396E+04,
    -8.8E+03));
#531 = VECTOR('',#532,1.);
#532 = DIRECTION('',(0.,1.,0.));
#533 = PLANE('',#534);
#534 = AXIS2_PLACEMENT_3D('',#535,#536,#537);
#535 = CARTESIAN_POINT('',(-1.161285202559E+04,-1.314136693396E+04,
    -8.8E+03));
#536 = DIRECTION('',(-1.,0.,0.));
#537 = DIRECTION('',(0.,1.,0.));
#538 = ADVANCED_FACE('',(#539),#564,.F.);
#539 = FACE_BOUND('',#540,.F.);
#540 = EDGE_LOOP('',(#541,#542,#550,#558));
#541 = ORIENTED_EDGE('',*,*,#520,.T.);
#542 = ORIENTED_EDGE('',*,*,#543,.T.);
#543 = EDGE_CURVE('',#513,#544,#546,.T.);
#544 = VERTEX_POINT('',#545);
#545 = CARTESIAN_POINT('',(-1.221285202559E+04,-1.194136693396E+04,
    -4.4E+03));
#546 = LINE('',#547,#548);
#547 = CARTESIAN_POINT('',(-1.161285202559E+04,-1.194136693396E+04,
    -4.4E+03));
#548 = VECTOR('',#549,1.);
#549 = DIRECTION('',(-1.,0.,0.));
#550 = ORIENTED_EDGE('',*,*,#551,.F.);
#551 = EDGE_CURVE('',#552,#544,#554,.T.);
#552 = VERTEX_POINT('',#553);
#553 = CARTESIAN_POINT('',(-1.221285202559E+04,-1.194136693396E+04,
    -8.8E+03));
#554 = LINE('',#555,#556);
#555 = CARTESIAN_POINT('',(-1.221285202559E+04,-1.194136693396E+04,
    -8.8E+03));
#556 = VECTOR('',#557,1.);
#557 = DIRECTION('',(0.,0.,1.));
#558 = ORIENTED_EDGE('',*,*,#559,.F.);
#559 = EDGE_CURVE('',#521,#552,#560,.T.);
#560 = LINE('',#561,#562);
#561 = CARTESIAN_POINT('',(-1.161285202559E+04,-1.194136693396E+04,
    -8.8E+03));
#562 = VECTOR('',#563,1.);
#563 = DIRECTION('',(-1.,0.,0.));
#564 = PLANE('',#565);
#565 = AXIS2_PLACEMENT_3D('',#566,#567,#568);
#566 = CARTESIAN_POINT('',(-1.161285202559E+04,-1.194136693396E+04,
    -8.8E+03));
#567 = DIRECTION('',(0.,-1.,0.));
#568 = DIRECTION('',(-1.,0.,0.));
#569 = ADVANCED_FACE('',(#570),#586,.F.);
#570 = FACE_BOUND('',#571,.F.);
#571 = EDGE_LOOP('',(#572,#573,#579,#580));
#572 = ORIENTED_EDGE('',*,*,#551,.T.);
#573 = ORIENTED_EDGE('',*,*,#574,.T.);
#574 = EDGE_CURVE('',#544,#474,#575,.T.);
#575 = LINE('',#576,#577);
#576 = CARTESIAN_POINT('',(-1.221285202559E+04,-1.194136693396E+04,
    -4.4E+03));
#577 = VECTOR('',#578,1.);
#578 = DIRECTION('',(0.,-1.,0.));
#579 = ORIENTED_EDGE('',*,*,#471,.F.);
#580 = ORIENTED_EDGE('',*,*,#581,.F.);
#581 = EDGE_CURVE('',#552,#472,#582,.T.);
#582 = LINE('',#583,#584);
#583 = CARTESIAN_POINT('',(-1.221285202559E+04,-1.194136693396E+04,
    -8.8E+03));
#584 = VECTOR('',#585,1.);
#585 = DIRECTION('',(0.,-1.,0.));
#586 = PLANE('',#587);
#587 = AXIS2_PLACEMENT_3D('',#588,#589,#590);
#588 = CARTESIAN_POINT('',(-1.221285202559E+04,-1.194136693396E+04,
    -8.8E+03));
#589 = DIRECTION('',(1.,0.,-0.));
#590 = DIRECTION('',(0.,-1.,0.));
#591 = ADVANCED_FACE('',(#592),#598,.F.);
#592 = FACE_BOUND('',#593,.F.);
#593 = EDGE_LOOP('',(#594,#595,#596,#597));
#594 = ORIENTED_EDGE('',*,*,#497,.T.);
#595 = ORIENTED_EDGE('',*,*,#528,.T.);
#596 = ORIENTED_EDGE('',*,*,#559,.T.);
#597 = ORIENTED_EDGE('',*,*,#581,.T.);
#598 = PLANE('',#599);
#599 = AXIS2_PLACEMENT_3D('',#600,#601,#602);
#600 = CARTESIAN_POINT('',(-1.191285202559E+04,-1.254136693396E+04,
    -8.8E+03));
#601 = DIRECTION('',(0.,0.,1.));
#602 = DIRECTION('',(1.,0.,-0.));
#603 = ADVANCED_FACE('',(#604),#610,.T.);
#604 = FACE_BOUND('',#605,.T.);
#605 = EDGE_LOOP('',(#606,#607,#608,#609));
#606 = ORIENTED_EDGE('',*,*,#481,.T.);
#607 = ORIENTED_EDGE('',*,*,#512,.T.);
#608 = ORIENTED_EDGE('',*,*,#543,.T.);
#609 = ORIENTED_EDGE('',*,*,#574,.T.);
#610 = PLANE('',#611);
#611 = AXIS2_PLACEMENT_3D('',#612,#613,#614);
#612 = CARTESIAN_POINT('',(-1.191285202559E+04,-1.254136693396E+04,
    -4.4E+03));
#613 = DIRECTION('',(0.,0.,1.));
#614 = DIRECTION('',(1.,0.,-0.));
#615 = MANIFOLD_SOLID_BREP('',#616);
#616 = CLOSED_SHELL('',(#617,#657,#688,#719,#741,#753));
#617 = ADVANCED_FACE('',(#618),#652,.F.);
#618 = FACE_BOUND('',#619,.F.);
#619 = EDGE_LOOP('',(#620,#630,#638,#646));
#620 = ORIENTED_EDGE('',*,*,#621,.T.);
#621 = EDGE_CURVE('',#622,#624,#626,.T.);
#622 = VERTEX_POINT('',#623);
#623 = CARTESIAN_POINT('',(4.301830618653E+04,4.476436946538E+03,
    -8.8E+03));
#624 = VERTEX_POINT('',#625);
#625 = CARTESIAN_POINT('',(4.301830618653E+04,4.476436946538E+03,
    -4.4E+03));
#626 = LINE('',#627,#628);
#627 = CARTESIAN_POINT('',(4.301830618653E+04,4.476436946538E+03,
    -8.8E+03));
#628 = VECTOR('',#629,1.);
#629 = DIRECTION('',(0.,0.,1.));
#630 = ORIENTED_EDGE('',*,*,#631,.T.);
#631 = EDGE_CURVE('',#624,#632,#634,.T.);
#632 = VERTEX_POINT('',#633);
#633 = CARTESIAN_POINT('',(4.341830618653E+04,4.476436946538E+03,
    -4.4E+03));
#634 = LINE('',#635,#636);
#635 = CARTESIAN_POINT('',(4.301830618653E+04,4.476436946538E+03,
    -4.4E+03));
#636 = VECTOR('',#637,1.);
#637 = DIRECTION('',(1.,0.,0.));
#638 = ORIENTED_EDGE('',*,*,#639,.F.);
#639 = EDGE_CURVE('',#640,#632,#642,.T.);
#640 = VERTEX_POINT('',#641);
#641 = CARTESIAN_POINT('',(4.341830618653E+04,4.476436946538E+03,
    -8.8E+03));
#642 = LINE('',#643,#644);
#643 = CARTESIAN_POINT('',(4.341830618653E+04,4.476436946538E+03,
    -8.8E+03));
#644 = VECTOR('',#645,1.);
#645 = DIRECTION('',(0.,0.,1.));
#646 = ORIENTED_EDGE('',*,*,#647,.F.);
#647 = EDGE_CURVE('',#622,#640,#648,.T.);
#648 = LINE('',#649,#650);
#649 = CARTESIAN_POINT('',(4.301830618653E+04,4.476436946538E+03,
    -8.8E+03));
#650 = VECTOR('',#651,1.);
#651 = DIRECTION('',(1.,0.,0.));
#652 = PLANE('',#653);
#653 = AXIS2_PLACEMENT_3D('',#654,#655,#656);
#654 = CARTESIAN_POINT('',(4.301830618653E+04,4.476436946538E+03,
    -8.8E+03));
#655 = DIRECTION('',(0.,1.,0.));
#656 = DIRECTION('',(1.,0.,0.));
#657 = ADVANCED_FACE('',(#658),#683,.F.);
#658 = FACE_BOUND('',#659,.F.);
#659 = EDGE_LOOP('',(#660,#661,#669,#677));
#660 = ORIENTED_EDGE('',*,*,#639,.T.);
#661 = ORIENTED_EDGE('',*,*,#662,.T.);
#662 = EDGE_CURVE('',#632,#663,#665,.T.);
#663 = VERTEX_POINT('',#664);
#664 = CARTESIAN_POINT('',(4.341830618653E+04,5.276436946538E+03,
    -4.4E+03));
#665 = LINE('',#666,#667);
#666 = CARTESIAN_POINT('',(4.341830618653E+04,4.476436946538E+03,
    -4.4E+03));
#667 = VECTOR('',#668,1.);
#668 = DIRECTION('',(0.,1.,0.));
#669 = ORIENTED_EDGE('',*,*,#670,.F.);
#670 = EDGE_CURVE('',#671,#663,#673,.T.);
#671 = VERTEX_POINT('',#672);
#672 = CARTESIAN_POINT('',(4.341830618653E+04,5.276436946538E+03,
    -8.8E+03));
#673 = LINE('',#674,#675);
#674 = CARTESIAN_POINT('',(4.341830618653E+04,5.276436946538E+03,
    -8.8E+03));
#675 = VECTOR('',#676,1.);
#676 = DIRECTION('',(0.,0.,1.));
#677 = ORIENTED_EDGE('',*,*,#678,.F.);
#678 = EDGE_CURVE('',#640,#671,#679,.T.);
#679 = LINE('',#680,#681);
#680 = CARTESIAN_POINT('',(4.341830618653E+04,4.476436946538E+03,
    -8.8E+03));
#681 = VECTOR('',#682,1.);
#682 = DIRECTION('',(0.,1.,0.));
#683 = PLANE('',#684);
#684 = AXIS2_PLACEMENT_3D('',#685,#686,#687);
#685 = CARTESIAN_POINT('',(4.341830618653E+04,4.476436946538E+03,
    -8.8E+03));
#686 = DIRECTION('',(-1.,0.,0.));
#687 = DIRECTION('',(0.,1.,0.));
#688 = ADVANCED_FACE('',(#689),#714,.F.);
#689 = FACE_BOUND('',#690,.F.);
#690 = EDGE_LOOP('',(#691,#692,#700,#708));
#691 = ORIENTED_EDGE('',*,*,#670,.T.);
#692 = ORIENTED_EDGE('',*,*,#693,.T.);
#693 = EDGE_CURVE('',#663,#694,#696,.T.);
#694 = VERTEX_POINT('',#695);
#695 = CARTESIAN_POINT('',(4.301830618653E+04,5.276436946538E+03,
    -4.4E+03));
#696 = LINE('',#697,#698);
#697 = CARTESIAN_POINT('',(4.341830618653E+04,5.276436946538E+03,
    -4.4E+03));
#698 = VECTOR('',#699,1.);
#699 = DIRECTION('',(-1.,0.,0.));
#700 = ORIENTED_EDGE('',*,*,#701,.F.);
#701 = EDGE_CURVE('',#702,#694,#704,.T.);
#702 = VERTEX_POINT('',#703);
#703 = CARTESIAN_POINT('',(4.301830618653E+04,5.276436946538E+03,
    -8.8E+03));
#704 = LINE('',#705,#706);
#705 = CARTESIAN_POINT('',(4.301830618653E+04,5.276436946538E+03,
    -8.8E+03));
#706 = VECTOR('',#707,1.);
#707 = DIRECTION('',(0.,0.,1.));
#708 = ORIENTED_EDGE('',*,*,#709,.F.);
#709 = EDGE_CURVE('',#671,#702,#710,.T.);
#710 = LINE('',#711,#712);
#711 = CARTESIAN_POINT('',(4.341830618653E+04,5.276436946538E+03,
    -8.8E+03));
#712 = VECTOR('',#713,1.);
#713 = DIRECTION('',(-1.,0.,0.));
#714 = PLANE('',#715);
#715 = AXIS2_PLACEMENT_3D('',#716,#717,#718);
#716 = CARTESIAN_POINT('',(4.341830618653E+04,5.276436946538E+03,
    -8.8E+03));
#717 = DIRECTION('',(0.,-1.,0.));
#718 = DIRECTION('',(-1.,0.,0.));
#719 = ADVANCED_FACE('',(#720),#736,.F.);
#720 = FACE_BOUND('',#721,.F.);
#721 = EDGE_LOOP('',(#722,#723,#729,#730));
#722 = ORIENTED_EDGE('',*,*,#701,.T.);
#723 = ORIENTED_EDGE('',*,*,#724,.T.);
#724 = EDGE_CURVE('',#694,#624,#725,.T.);
#725 = LINE('',#726,#727);
#726 = CARTESIAN_POINT('',(4.301830618653E+04,5.276436946538E+03,
    -4.4E+03));
#727 = VECTOR('',#728,1.);
#728 = DIRECTION('',(0.,-1.,0.));
#729 = ORIENTED_EDGE('',*,*,#621,.F.);
#730 = ORIENTED_EDGE('',*,*,#731,.F.);
#731 = EDGE_CURVE('',#702,#622,#732,.T.);
#732 = LINE('',#733,#734);
#733 = CARTESIAN_POINT('',(4.301830618653E+04,5.276436946538E+03,
    -8.8E+03));
#734 = VECTOR('',#735,1.);
#735 = DIRECTION('',(0.,-1.,0.));
#736 = PLANE('',#737);
#737 = AXIS2_PLACEMENT_3D('',#738,#739,#740);
#738 = CARTESIAN_POINT('',(4.301830618653E+04,5.276436946538E+03,
    -8.8E+03));
#739 = DIRECTION('',(1.,0.,-0.));
#740 = DIRECTION('',(0.,-1.,0.));
#741 = ADVANCED_FACE('',(#742),#748,.F.);
#742 = FACE_BOUND('',#743,.F.);
#743 = EDGE_LOOP('',(#744,#745,#746,#747));
#744 = ORIENTED_EDGE('',*,*,#647,.T.);
#745 = ORIENTED_EDGE('',*,*,#678,.T.);
#746 = ORIENTED_EDGE('',*,*,#709,.T.);
#747 = ORIENTED_EDGE('',*,*,#731,.T.);
#748 = PLANE('',#749);
#749 = AXIS2_PLACEMENT_3D('',#750,#751,#752);
#750 = CARTESIAN_POINT('',(4.321830618653E+04,4.876436946538E+03,
    -8.8E+03));
#751 = DIRECTION('',(0.,0.,1.));
#752 = DIRECTION('',(1.,0.,-0.));
#753 = ADVANCED_FACE('',(#754),#760,.T.);
#754 = FACE_BOUND('',#755,.T.);
#755 = EDGE_LOOP('',(#756,#757,#758,#759));
#756 = ORIENTED_EDGE('',*,*,#631,.T.);
#757 = ORIENTED_EDGE('',*,*,#662,.T.);
#758 = ORIENTED_EDGE('',*,*,#693,.T.);
#759 = ORIENTED_EDGE('',*,*,#724,.T.);
#760 = PLANE('',#761);
#761 = AXIS2_PLACEMENT_3D('',#762,#763,#764);
#762 = CARTESIAN_POINT('',(4.321830618653E+04,4.876436946538E+03,
    -4.4E+03));
#763 = DIRECTION('',(0.,0.,1.));
#764 = DIRECTION('',(1.,0.,-0.));
#765 = MANIFOLD_SOLID_BREP('',#766);
#766 = CLOSED_SHELL('',(#767,#807,#838,#869,#891,#903));
#767 = ADVANCED_FACE('',(#768),#802,.F.);
#768 = FACE_BOUND('',#769,.F.);
#769 = EDGE_LOOP('',(#770,#780,#788,#796));
#770 = ORIENTED_EDGE('',*,*,#771,.T.);
#771 = EDGE_CURVE('',#772,#774,#776,.T.);
#772 = VERTEX_POINT('',#773);
#773 = CARTESIAN_POINT('',(3.400713049223E+04,4.956363310821E+04,
    -8.8E+03));
#774 = VERTEX_POINT('',#775);
#775 = CARTESIAN_POINT('',(3.400713049223E+04,4.956363310821E+04,
    -4.4E+03));
#776 = LINE('',#777,#778);
#777 = CARTESIAN_POINT('',(3.400713049223E+04,4.956363310821E+04,
    -8.8E+03));
#778 = VECTOR('',#779,1.);
#779 = DIRECTION('',(0.,0.,1.));
#780 = ORIENTED_EDGE('',*,*,#781,.T.);
#781 = EDGE_CURVE('',#774,#782,#784,.T.);
#782 = VERTEX_POINT('',#783);
#783 = CARTESIAN_POINT('',(3.440713049223E+04,4.956363310821E+04,
    -4.4E+03));
#784 = LINE('',#785,#786);
#785 = CARTESIAN_POINT('',(3.400713049223E+04,4.956363310821E+04,
    -4.4E+03));
#786 = VECTOR('',#787,1.);
#787 = DIRECTION('',(1.,0.,0.));
#788 = ORIENTED_EDGE('',*,*,#789,.F.);
#789 = EDGE_CURVE('',#790,#782,#792,.T.);
#790 = VERTEX_POINT('',#791);
#791 = CARTESIAN_POINT('',(3.440713049223E+04,4.956363310821E+04,
    -8.8E+03));
#792 = LINE('',#793,#794);
#793 = CARTESIAN_POINT('',(3.440713049223E+04,4.956363310821E+04,
    -8.8E+03));
#794 = VECTOR('',#795,1.);
#795 = DIRECTION('',(0.,0.,1.));
#796 = ORIENTED_EDGE('',*,*,#797,.F.);
#797 = EDGE_CURVE('',#772,#790,#798,.T.);
#798 = LINE('',#799,#800);
#799 = CARTESIAN_POINT('',(3.400713049223E+04,4.956363310821E+04,
    -8.8E+03));
#800 = VECTOR('',#801,1.);
#801 = DIRECTION('',(1.,0.,0.));
#802 = PLANE('',#803);
#803 = AXIS2_PLACEMENT_3D('',#804,#805,#806);
#804 = CARTESIAN_POINT('',(3.400713049223E+04,4.956363310821E+04,
    -8.8E+03));
#805 = DIRECTION('',(0.,1.,0.));
#806 = DIRECTION('',(1.,0.,0.));
#807 = ADVANCED_FACE('',(#808),#833,.F.);
#808 = FACE_BOUND('',#809,.F.);
#809 = EDGE_LOOP('',(#810,#811,#819,#827));
#810 = ORIENTED_EDGE('',*,*,#789,.T.);
#811 = ORIENTED_EDGE('',*,*,#812,.T.);
#812 = EDGE_CURVE('',#782,#813,#815,.T.);
#813 = VERTEX_POINT('',#814);
#814 = CARTESIAN_POINT('',(3.440713049223E+04,5.036363310821E+04,
    -4.4E+03));
#815 = LINE('',#816,#817);
#816 = CARTESIAN_POINT('',(3.440713049223E+04,4.956363310821E+04,
    -4.4E+03));
#817 = VECTOR('',#818,1.);
#818 = DIRECTION('',(0.,1.,0.));
#819 = ORIENTED_EDGE('',*,*,#820,.F.);
#820 = EDGE_CURVE('',#821,#813,#823,.T.);
#821 = VERTEX_POINT('',#822);
#822 = CARTESIAN_POINT('',(3.440713049223E+04,5.036363310821E+04,
    -8.8E+03));
#823 = LINE('',#824,#825);
#824 = CARTESIAN_POINT('',(3.440713049223E+04,5.036363310821E+04,
    -8.8E+03));
#825 = VECTOR('',#826,1.);
#826 = DIRECTION('',(0.,0.,1.));
#827 = ORIENTED_EDGE('',*,*,#828,.F.);
#828 = EDGE_CURVE('',#790,#821,#829,.T.);
#829 = LINE('',#830,#831);
#830 = CARTESIAN_POINT('',(3.440713049223E+04,4.956363310821E+04,
    -8.8E+03));
#831 = VECTOR('',#832,1.);
#832 = DIRECTION('',(0.,1.,0.));
#833 = PLANE('',#834);
#834 = AXIS2_PLACEMENT_3D('',#835,#836,#837);
#835 = CARTESIAN_POINT('',(3.440713049223E+04,4.956363310821E+04,
    -8.8E+03));
#836 = DIRECTION('',(-1.,0.,0.));
#837 = DIRECTION('',(0.,1.,0.));
#838 = ADVANCED_FACE('',(#839),#864,.F.);
#839 = FACE_BOUND('',#840,.F.);
#840 = EDGE_LOOP('',(#841,#842,#850,#858));
#841 = ORIENTED_EDGE('',*,*,#820,.T.);
#842 = ORIENTED_EDGE('',*,*,#843,.T.);
#843 = EDGE_CURVE('',#813,#844,#846,.T.);
#844 = VERTEX_POINT('',#845);
#845 = CARTESIAN_POINT('',(3.400713049223E+04,5.036363310821E+04,
    -4.4E+03));
#846 = LINE('',#847,#848);
#847 = CARTESIAN_POINT('',(3.440713049223E+04,5.036363310821E+04,
    -4.4E+03));
#848 = VECTOR('',#849,1.);
#849 = DIRECTION('',(-1.,0.,0.));
#850 = ORIENTED_EDGE('',*,*,#851,.F.);
#851 = EDGE_CURVE('',#852,#844,#854,.T.);
#852 = VERTEX_POINT('',#853);
#853 = CARTESIAN_POINT('',(3.400713049223E+04,5.036363310821E+04,
    -8.8E+03));
#854 = LINE('',#855,#856);
#855 = CARTESIAN_POINT('',(3.400713049223E+04,5.036363310821E+04,
    -8.8E+03));
#856 = VECTOR('',#857,1.);
#857 = DIRECTION('',(0.,0.,1.));
#858 = ORIENTED_EDGE('',*,*,#859,.F.);
#859 = EDGE_CURVE('',#821,#852,#860,.T.);
#860 = LINE('',#861,#862);
#861 = CARTESIAN_POINT('',(3.440713049223E+04,5.036363310821E+04,
    -8.8E+03));
#862 = VECTOR('',#863,1.);
#863 = DIRECTION('',(-1.,0.,0.));
#864 = PLANE('',#865);
#865 = AXIS2_PLACEMENT_3D('',#866,#867,#868);
#866 = CARTESIAN_POINT('',(3.440713049223E+04,5.036363310821E+04,
    -8.8E+03));
#867 = DIRECTION('',(0.,-1.,0.));
#868 = DIRECTION('',(-1.,0.,0.));
#869 = ADVANCED_FACE('',(#870),#886,.F.);
#870 = FACE_BOUND('',#871,.F.);
#871 = EDGE_LOOP('',(#872,#873,#879,#880));
#872 = ORIENTED_EDGE('',*,*,#851,.T.);
#873 = ORIENTED_EDGE('',*,*,#874,.T.);
#874 = EDGE_CURVE('',#844,#774,#875,.T.);
#875 = LINE('',#876,#877);
#876 = CARTESIAN_POINT('',(3.400713049223E+04,5.036363310821E+04,
    -4.4E+03));
#877 = VECTOR('',#878,1.);
#878 = DIRECTION('',(0.,-1.,0.));
#879 = ORIENTED_EDGE('',*,*,#771,.F.);
#880 = ORIENTED_EDGE('',*,*,#881,.F.);
#881 = EDGE_CURVE('',#852,#772,#882,.T.);
#882 = LINE('',#883,#884);
#883 = CARTESIAN_POINT('',(3.400713049223E+04,5.036363310821E+04,
    -8.8E+03));
#884 = VECTOR('',#885,1.);
#885 = DIRECTION('',(0.,-1.,0.));
#886 = PLANE('',#887);
#887 = AXIS2_PLACEMENT_3D('',#888,#889,#890);
#888 = CARTESIAN_POINT('',(3.400713049223E+04,5.036363310821E+04,
    -8.8E+03));
#889 = DIRECTION('',(1.,0.,-0.));
#890 = DIRECTION('',(0.,-1.,0.));
#891 = ADVANCED_FACE('',(#892),#898,.F.);
#892 = FACE_BOUND('',#893,.F.);
#893 = EDGE_LOOP('',(#894,#895,#896,#897));
#894 = ORIENTED_EDGE('',*,*,#797,.T.);
#895 = ORIENTED_EDGE('',*,*,#828,.T.);
#896 = ORIENTED_EDGE('',*,*,#859,.T.);
#897 = ORIENTED_EDGE('',*,*,#881,.T.);
#898 = PLANE('',#899);
#899 = AXIS2_PLACEMENT_3D('',#900,#901,#902);
#900 = CARTESIAN_POINT('',(3.420713049223E+04,4.996363310821E+04,
    -8.8E+03));
#901 = DIRECTION('',(0.,0.,1.));
#902 = DIRECTION('',(1.,0.,-0.));
#903 = ADVANCED_FACE('',(#904),#910,.T.);
#904 = FACE_BOUND('',#905,.T.);
#905 = EDGE_LOOP('',(#906,#907,#908,#909));
#906 = ORIENTED_EDGE('',*,*,#781,.T.);
#907 = ORIENTED_EDGE('',*,*,#812,.T.);
#908 = ORIENTED_EDGE('',*,*,#843,.T.);
#909 = ORIENTED_EDGE('',*,*,#874,.T.);
#910 = PLANE('',#911);
#911 = AXIS2_PLACEMENT_3D('',#912,#913,#914);
#912 = CARTESIAN_POINT('',(3.420713049223E+04,4.996363310821E+04,
    -4.4E+03));
#913 = DIRECTION('',(0.,0.,1.));
#914 = DIRECTION('',(1.,0.,-0.));
#915 = MANIFOLD_SOLID_BREP('',#916);
#916 = CLOSED_SHELL('',(#917,#957,#988,#1019,#1041,#1053));
#917 = ADVANCED_FACE('',(#918),#952,.F.);
#918 = FACE_BOUND('',#919,.F.);
#919 = EDGE_LOOP('',(#920,#930,#938,#946));
#920 = ORIENTED_EDGE('',*,*,#921,.T.);
#921 = EDGE_CURVE('',#922,#924,#926,.T.);
#922 = VERTEX_POINT('',#923);
#923 = CARTESIAN_POINT('',(3.148714803516E+04,8.882863315209E+04,
    -8.8E+03));
#924 = VERTEX_POINT('',#925);
#925 = CARTESIAN_POINT('',(3.148714803516E+04,8.882863315209E+04,
    -4.4E+03));
#926 = LINE('',#927,#928);
#927 = CARTESIAN_POINT('',(3.148714803516E+04,8.882863315209E+04,
    -8.8E+03));
#928 = VECTOR('',#929,1.);
#929 = DIRECTION('',(0.,0.,1.));
#930 = ORIENTED_EDGE('',*,*,#931,.T.);
#931 = EDGE_CURVE('',#924,#932,#934,.T.);
#932 = VERTEX_POINT('',#933);
#933 = CARTESIAN_POINT('',(3.208714803516E+04,8.882863315209E+04,
    -4.4E+03));
#934 = LINE('',#935,#936);
#935 = CARTESIAN_POINT('',(3.148714803516E+04,8.882863315209E+04,
    -4.4E+03));
#936 = VECTOR('',#937,1.);
#937 = DIRECTION('',(1.,0.,0.));
#938 = ORIENTED_EDGE('',*,*,#939,.F.);
#939 = EDGE_CURVE('',#940,#932,#942,.T.);
#940 = VERTEX_POINT('',#941);
#941 = CARTESIAN_POINT('',(3.208714803516E+04,8.882863315209E+04,
    -8.8E+03));
#942 = LINE('',#943,#944);
#943 = CARTESIAN_POINT('',(3.208714803516E+04,8.882863315209E+04,
    -8.8E+03));
#944 = VECTOR('',#945,1.);
#945 = DIRECTION('',(0.,0.,1.));
#946 = ORIENTED_EDGE('',*,*,#947,.F.);
#947 = EDGE_CURVE('',#922,#940,#948,.T.);
#948 = LINE('',#949,#950);
#949 = CARTESIAN_POINT('',(3.148714803516E+04,8.882863315209E+04,
    -8.8E+03));
#950 = VECTOR('',#951,1.);
#951 = DIRECTION('',(1.,0.,0.));
#952 = PLANE('',#953);
#953 = AXIS2_PLACEMENT_3D('',#954,#955,#956);
#954 = CARTESIAN_POINT('',(3.148714803516E+04,8.882863315209E+04,
    -8.8E+03));
#955 = DIRECTION('',(0.,1.,0.));
#956 = DIRECTION('',(1.,0.,0.));
#957 = ADVANCED_FACE('',(#958),#983,.F.);
#958 = FACE_BOUND('',#959,.F.);
#959 = EDGE_LOOP('',(#960,#961,#969,#977));
#960 = ORIENTED_EDGE('',*,*,#939,.T.);
#961 = ORIENTED_EDGE('',*,*,#962,.T.);
#962 = EDGE_CURVE('',#932,#963,#965,.T.);
#963 = VERTEX_POINT('',#964);
#964 = CARTESIAN_POINT('',(3.208714803516E+04,8.982863315209E+04,
    -4.4E+03));
#965 = LINE('',#966,#967);
#966 = CARTESIAN_POINT('',(3.208714803516E+04,8.882863315209E+04,
    -4.4E+03));
#967 = VECTOR('',#968,1.);
#968 = DIRECTION('',(0.,1.,0.));
#969 = ORIENTED_EDGE('',*,*,#970,.F.);
#970 = EDGE_CURVE('',#971,#963,#973,.T.);
#971 = VERTEX_POINT('',#972);
#972 = CARTESIAN_POINT('',(3.208714803516E+04,8.982863315209E+04,
    -8.8E+03));
#973 = LINE('',#974,#975);
#974 = CARTESIAN_POINT('',(3.208714803516E+04,8.982863315209E+04,
    -8.8E+03));
#975 = VECTOR('',#976,1.);
#976 = DIRECTION('',(0.,0.,1.));
#977 = ORIENTED_EDGE('',*,*,#978,.F.);
#978 = EDGE_CURVE('',#940,#971,#979,.T.);
#979 = LINE('',#980,#981);
#980 = CARTESIAN_POINT('',(3.208714803516E+04,8.882863315209E+04,
    -8.8E+03));
#981 = VECTOR('',#982,1.);
#982 = DIRECTION('',(0.,1.,0.));
#983 = PLANE('',#984);
#984 = AXIS2_PLACEMENT_3D('',#985,#986,#987);
#985 = CARTESIAN_POINT('',(3.208714803516E+04,8.882863315209E+04,
    -8.8E+03));
#986 = DIRECTION('',(-1.,0.,0.));
#987 = DIRECTION('',(0.,1.,0.));
#988 = ADVANCED_FACE('',(#989),#1014,.F.);
#989 = FACE_BOUND('',#990,.F.);
#990 = EDGE_LOOP('',(#991,#992,#1000,#1008));
#991 = ORIENTED_EDGE('',*,*,#970,.T.);
#992 = ORIENTED_EDGE('',*,*,#993,.T.);
#993 = EDGE_CURVE('',#963,#994,#996,.T.);
#994 = VERTEX_POINT('',#995);
#995 = CARTESIAN_POINT('',(3.148714803516E+04,8.982863315209E+04,
    -4.4E+03));
#996 = LINE('',#997,#998);
#997 = CARTESIAN_POINT('',(3.208714803516E+04,8.982863315209E+04,
    -4.4E+03));
#998 = VECTOR('',#999,1.);
#999 = DIRECTION('',(-1.,0.,0.));
#1000 = ORIENTED_EDGE('',*,*,#1001,.F.);
#1001 = EDGE_CURVE('',#1002,#994,#1004,.T.);
#1002 = VERTEX_POINT('',#1003);
#1003 = CARTESIAN_POINT('',(3.148714803516E+04,8.982863315209E+04,
    -8.8E+03));
#1004 = LINE('',#1005,#1006);
#1005 = CARTESIAN_POINT('',(3.148714803516E+04,8.982863315209E+04,
    -8.8E+03));
#1006 = VECTOR('',#1007,1.);
#1007 = DIRECTION('',(0.,0.,1.));
#1008 = ORIENTED_EDGE('',*,*,#1009,.F.);
#1009 = EDGE_CURVE('',#971,#1002,#1010,.T.);
#1010 = LINE('',#1011,#1012);
#1011 = CARTESIAN_POINT('',(3.208714803516E+04,8.982863315209E+04,
    -8.8E+03));
#1012 = VECTOR('',#1013,1.);
#1013 = DIRECTION('',(-1.,0.,0.));
#1014 = PLANE('',#1015);
#1015 = AXIS2_PLACEMENT_3D('',#1016,#1017,#1018);
#1016 = CARTESIAN_POINT('',(3.208714803516E+04,8.982863315209E+04,
    -8.8E+03));
#1017 = DIRECTION('',(0.,-1.,0.));
#1018 = DIRECTION('',(-1.,0.,0.));
#1019 = ADVANCED_FACE('',(#1020),#1036,.F.);
#1020 = FACE_BOUND('',#1021,.F.);
#1021 = EDGE_LOOP('',(#1022,#1023,#1029,#1030));
#1022 = ORIENTED_EDGE('',*,*,#1001,.T.);
#1023 = ORIENTED_EDGE('',*,*,#1024,.T.);
#1024 = EDGE_CURVE('',#994,#924,#1025,.T.);
#1025 = LINE('',#1026,#1027);
#1026 = CARTESIAN_POINT('',(3.148714803516E+04,8.982863315209E+04,
    -4.4E+03));
#1027 = VECTOR('',#1028,1.);
#1028 = DIRECTION('',(0.,-1.,0.));
#1029 = ORIENTED_EDGE('',*,*,#921,.F.);
#1030 = ORIENTED_EDGE('',*,*,#1031,.F.);
#1031 = EDGE_CURVE('',#1002,#922,#1032,.T.);
#1032 = LINE('',#1033,#1034);
#1033 = CARTESIAN_POINT('',(3.148714803516E+04,8.982863315209E+04,
    -8.8E+03));
#1034 = VECTOR('',#1035,1.);
#1035 = DIRECTION('',(0.,-1.,0.));
#1036 = PLANE('',#1037);
#1037 = AXIS2_PLACEMENT_3D('',#1038,#1039,#1040);
#1038 = CARTESIAN_POINT('',(3.148714803516E+04,8.982863315209E+04,
    -8.8E+03));
#1039 = DIRECTION('',(1.,0.,-0.));
#1040 = DIRECTION('',(0.,-1.,0.));
#1041 = ADVANCED_FACE('',(#1042),#1048,.F.);
#1042 = FACE_BOUND('',#1043,.F.);
#1043 = EDGE_LOOP('',(#1044,#1045,#1046,#1047));
#1044 = ORIENTED_EDGE('',*,*,#947,.T.);
#1045 = ORIENTED_EDGE('',*,*,#978,.T.);
#1046 = ORIENTED_EDGE('',*,*,#1009,.T.);
#1047 = ORIENTED_EDGE('',*,*,#1031,.T.);
#1048 = PLANE('',#1049);
#1049 = AXIS2_PLACEMENT_3D('',#1050,#1051,#1052);
#1050 = CARTESIAN_POINT('',(3.178714803516E+04,8.932863315209E+04,
    -8.8E+03));
#1051 = DIRECTION('',(0.,0.,1.));
#1052 = DIRECTION('',(1.,0.,-0.));
#1053 = ADVANCED_FACE('',(#1054),#1060,.T.);
#1054 = FACE_BOUND('',#1055,.T.);
#1055 = EDGE_LOOP('',(#1056,#1057,#1058,#1059));
#1056 = ORIENTED_EDGE('',*,*,#931,.T.);
#1057 = ORIENTED_EDGE('',*,*,#962,.T.);
#1058 = ORIENTED_EDGE('',*,*,#993,.T.);
#1059 = ORIENTED_EDGE('',*,*,#1024,.T.);
#1060 = PLANE('',#1061);
#1061 = AXIS2_PLACEMENT_3D('',#1062,#1063,#1064);
#1062 = CARTESIAN_POINT('',(3.178714803516E+04,8.932863315209E+04,
    -4.4E+03));
#1063 = DIRECTION('',(0.,0.,1.));
#1064 = DIRECTION('',(1.,0.,-0.));
#1065 = MANIFOLD_SOLID_BREP('',#1066);
#1066 = CLOSED_SHELL('',(#1067,#1107,#1138,#1169,#1191,#1203));
#1067 = ADVANCED_FACE('',(#1068),#1102,.F.);
#1068 = FACE_BOUND('',#1069,.F.);
#1069 = EDGE_LOOP('',(#1070,#1080,#1088,#1096));
#1070 = ORIENTED_EDGE('',*,*,#1071,.T.);
#1071 = EDGE_CURVE('',#1072,#1074,#1076,.T.);
#1072 = VERTEX_POINT('',#1073);
#1073 = CARTESIAN_POINT('',(4.550714803516E+04,8.862863315209E+04,
    -8.8E+03));
#1074 = VERTEX_POINT('',#1075);
#1075 = CARTESIAN_POINT('',(4.550714803516E+04,8.862863315209E+04,
    -4.4E+03));
#1076 = LINE('',#1077,#1078);
#1077 = CARTESIAN_POINT('',(4.550714803516E+04,8.862863315209E+04,
    -8.8E+03));
#1078 = VECTOR('',#1079,1.);
#1079 = DIRECTION('',(0.,0.,1.));
#1080 = ORIENTED_EDGE('',*,*,#1081,.T.);
#1081 = EDGE_CURVE('',#1074,#1082,#1084,.T.);
#1082 = VERTEX_POINT('',#1083);
#1083 = CARTESIAN_POINT('',(4.610714803516E+04,8.862863315209E+04,
    -4.4E+03));
#1084 = LINE('',#1085,#1086);
#1085 = CARTESIAN_POINT('',(4.550714803516E+04,8.862863315209E+04,
    -4.4E+03));
#1086 = VECTOR('',#1087,1.);
#1087 = DIRECTION('',(1.,0.,0.));
#1088 = ORIENTED_EDGE('',*,*,#1089,.F.);
#1089 = EDGE_CURVE('',#1090,#1082,#1092,.T.);
#1090 = VERTEX_POINT('',#1091);
#1091 = CARTESIAN_POINT('',(4.610714803516E+04,8.862863315209E+04,
    -8.8E+03));
#1092 = LINE('',#1093,#1094);
#1093 = CARTESIAN_POINT('',(4.610714803516E+04,8.862863315209E+04,
    -8.8E+03));
#1094 = VECTOR('',#1095,1.);
#1095 = DIRECTION('',(0.,0.,1.));
#1096 = ORIENTED_EDGE('',*,*,#1097,.F.);
#1097 = EDGE_CURVE('',#1072,#1090,#1098,.T.);
#1098 = LINE('',#1099,#1100);
#1099 = CARTESIAN_POINT('',(4.550714803516E+04,8.862863315209E+04,
    -8.8E+03));
#1100 = VECTOR('',#1101,1.);
#1101 = DIRECTION('',(1.,0.,0.));
#1102 = PLANE('',#1103);
#1103 = AXIS2_PLACEMENT_3D('',#1104,#1105,#1106);
#1104 = CARTESIAN_POINT('',(4.550714803516E+04,8.862863315209E+04,
    -8.8E+03));
#1105 = DIRECTION('',(0.,1.,0.));
#1106 = DIRECTION('',(1.,0.,0.));
#1107 = ADVANCED_FACE('',(#1108),#1133,.F.);
#1108 = FACE_BOUND('',#1109,.F.);
#1109 = EDGE_LOOP('',(#1110,#1111,#1119,#1127));
#1110 = ORIENTED_EDGE('',*,*,#1089,.T.);
#1111 = ORIENTED_EDGE('',*,*,#1112,.T.);
#1112 = EDGE_CURVE('',#1082,#1113,#1115,.T.);
#1113 = VERTEX_POINT('',#1114);
#1114 = CARTESIAN_POINT('',(4.610714803516E+04,8.982863315209E+04,
    -4.4E+03));
#1115 = LINE('',#1116,#1117);
#1116 = CARTESIAN_POINT('',(4.610714803516E+04,8.862863315209E+04,
    -4.4E+03));
#1117 = VECTOR('',#1118,1.);
#1118 = DIRECTION('',(0.,1.,0.));
#1119 = ORIENTED_EDGE('',*,*,#1120,.F.);
#1120 = EDGE_CURVE('',#1121,#1113,#1123,.T.);
#1121 = VERTEX_POINT('',#1122);
#1122 = CARTESIAN_POINT('',(4.610714803516E+04,8.982863315209E+04,
    -8.8E+03));
#1123 = LINE('',#1124,#1125);
#1124 = CARTESIAN_POINT('',(4.610714803516E+04,8.982863315209E+04,
    -8.8E+03));
#1125 = VECTOR('',#1126,1.);
#1126 = DIRECTION('',(0.,0.,1.));
#1127 = ORIENTED_EDGE('',*,*,#1128,.F.);
#1128 = EDGE_CURVE('',#1090,#1121,#1129,.T.);
#1129 = LINE('',#1130,#1131);
#1130 = CARTESIAN_POINT('',(4.610714803516E+04,8.862863315209E+04,
    -8.8E+03));
#1131 = VECTOR('',#1132,1.);
#1132 = DIRECTION('',(0.,1.,0.));
#1133 = PLANE('',#1134);
#1134 = AXIS2_PLACEMENT_3D('',#1135,#1136,#1137);
#1135 = CARTESIAN_POINT('',(4.610714803516E+04,8.862863315209E+04,
    -8.8E+03));
#1136 = DIRECTION('',(-1.,0.,0.));
#1137 = DIRECTION('',(0.,1.,0.));
#1138 = ADVANCED_FACE('',(#1139),#1164,.F.);
#1139 = FACE_BOUND('',#1140,.F.);
#1140 = EDGE_LOOP('',(#1141,#1142,#1150,#1158));
#1141 = ORIENTED_EDGE('',*,*,#1120,.T.);
#1142 = ORIENTED_EDGE('',*,*,#1143,.T.);
#1143 = EDGE_CURVE('',#1113,#1144,#1146,.T.);
#1144 = VERTEX_POINT('',#1145);
#1145 = CARTESIAN_POINT('',(4.550714803516E+04,8.982863315209E+04,
    -4.4E+03));
#1146 = LINE('',#1147,#1148);
#1147 = CARTESIAN_POINT('',(4.610714803516E+04,8.982863315209E+04,
    -4.4E+03));
#1148 = VECTOR('',#1149,1.);
#1149 = DIRECTION('',(-1.,0.,0.));
#1150 = ORIENTED_EDGE('',*,*,#1151,.F.);
#1151 = EDGE_CURVE('',#1152,#1144,#1154,.T.);
#1152 = VERTEX_POINT('',#1153);
#1153 = CARTESIAN_POINT('',(4.550714803516E+04,8.982863315209E+04,
    -8.8E+03));
#1154 = LINE('',#1155,#1156);
#1155 = CARTESIAN_POINT('',(4.550714803516E+04,8.982863315209E+04,
    -8.8E+03));
#1156 = VECTOR('',#1157,1.);
#1157 = DIRECTION('',(0.,0.,1.));
#1158 = ORIENTED_EDGE('',*,*,#1159,.F.);
#1159 = EDGE_CURVE('',#1121,#1152,#1160,.T.);
#1160 = LINE('',#1161,#1162);
#1161 = CARTESIAN_POINT('',(4.610714803516E+04,8.982863315209E+04,
    -8.8E+03));
#1162 = VECTOR('',#1163,1.);
#1163 = DIRECTION('',(-1.,0.,0.));
#1164 = PLANE('',#1165);
#1165 = AXIS2_PLACEMENT_3D('',#1166,#1167,#1168);
#1166 = CARTESIAN_POINT('',(4.610714803516E+04,8.982863315209E+04,
    -8.8E+03));
#1167 = DIRECTION('',(0.,-1.,0.));
#1168 = DIRECTION('',(-1.,0.,0.));
#1169 = ADVANCED_FACE('',(#1170),#1186,.F.);
#1170 = FACE_BOUND('',#1171,.F.);
#1171 = EDGE_LOOP('',(#1172,#1173,#1179,#1180));
#1172 = ORIENTED_EDGE('',*,*,#1151,.T.);
#1173 = ORIENTED_EDGE('',*,*,#1174,.T.);
#1174 = EDGE_CURVE('',#1144,#1074,#1175,.T.);
#1175 = LINE('',#1176,#1177);
#1176 = CARTESIAN_POINT('',(4.550714803516E+04,8.982863315209E+04,
    -4.4E+03));
#1177 = VECTOR('',#1178,1.);
#1178 = DIRECTION('',(0.,-1.,0.));
#1179 = ORIENTED_EDGE('',*,*,#1071,.F.);
#1180 = ORIENTED_EDGE('',*,*,#1181,.F.);
#1181 = EDGE_CURVE('',#1152,#1072,#1182,.T.);
#1182 = LINE('',#1183,#1184);
#1183 = CARTESIAN_POINT('',(4.550714803516E+04,8.982863315209E+04,
    -8.8E+03));
#1184 = VECTOR('',#1185,1.);
#1185 = DIRECTION('',(0.,-1.,0.));
#1186 = PLANE('',#1187);
#1187 = AXIS2_PLACEMENT_3D('',#1188,#1189,#1190);
#1188 = CARTESIAN_POINT('',(4.550714803516E+04,8.982863315209E+04,
    -8.8E+03));
#1189 = DIRECTION('',(1.,0.,-0.));
#1190 = DIRECTION('',(0.,-1.,0.));
#1191 = ADVANCED_FACE('',(#1192),#1198,.F.);
#1192 = FACE_BOUND('',#1193,.F.);
#1193 = EDGE_LOOP('',(#1194,#1195,#1196,#1197));
#1194 = ORIENTED_EDGE('',*,*,#1097,.T.);
#1195 = ORIENTED_EDGE('',*,*,#1128,.T.);
#1196 = ORIENTED_EDGE('',*,*,#1159,.T.);
#1197 = ORIENTED_EDGE('',*,*,#1181,.T.);
#1198 = PLANE('',#1199);
#1199 = AXIS2_PLACEMENT_3D('',#1200,#1201,#1202);
#1200 = CARTESIAN_POINT('',(4.580714803516E+04,8.922863315209E+04,
    -8.8E+03));
#1201 = DIRECTION('',(0.,0.,1.));
#1202 = DIRECTION('',(1.,0.,-0.));
#1203 = ADVANCED_FACE('',(#1204),#1210,.T.);
#1204 = FACE_BOUND('',#1205,.T.);
#1205 = EDGE_LOOP('',(#1206,#1207,#1208,#1209));
#1206 = ORIENTED_EDGE('',*,*,#1081,.T.);
#1207 = ORIENTED_EDGE('',*,*,#1112,.T.);
#1208 = ORIENTED_EDGE('',*,*,#1143,.T.);
#1209 = ORIENTED_EDGE('',*,*,#1174,.T.);
#1210 = PLANE('',#1211);
#1211 = AXIS2_PLACEMENT_3D('',#1212,#1213,#1214);
#1212 = CARTESIAN_POINT('',(4.580714803516E+04,8.922863315209E+04,
    -4.4E+03));
#1213 = DIRECTION('',(0.,0.,1.));
#1214 = DIRECTION('',(1.,0.,-0.));
#1215 = MANIFOLD_SOLID_BREP('',#1216);
#1216 = CLOSED_SHELL('',(#1217,#1257,#1288,#1319,#1341,#1353));
#1217 = ADVANCED_FACE('',(#1218),#1252,.F.);
#1218 = FACE_BOUND('',#1219,.F.);
#1219 = EDGE_LOOP('',(#1220,#1230,#1238,#1246));
#1220 = ORIENTED_EDGE('',*,*,#1221,.T.);
#1221 = EDGE_CURVE('',#1222,#1224,#1226,.T.);
#1222 = VERTEX_POINT('',#1223);
#1223 = CARTESIAN_POINT('',(3.148714796441E+04,8.882863479259E+04,
    -8.8E+03));
#1224 = VERTEX_POINT('',#1225);
#1225 = CARTESIAN_POINT('',(3.148714796441E+04,8.882863479259E+04,
    -4.4E+03));
#1226 = LINE('',#1227,#1228);
#1227 = CARTESIAN_POINT('',(3.148714796441E+04,8.882863479259E+04,
    -8.8E+03));
#1228 = VECTOR('',#1229,1.);
#1229 = DIRECTION('',(0.,0.,1.));
#1230 = ORIENTED_EDGE('',*,*,#1231,.T.);
#1231 = EDGE_CURVE('',#1224,#1232,#1234,.T.);
#1232 = VERTEX_POINT('',#1233);
#1233 = CARTESIAN_POINT('',(3.208714796441E+04,8.882863479259E+04,
    -4.4E+03));
#1234 = LINE('',#1235,#1236);
#1235 = CARTESIAN_POINT('',(3.148714796441E+04,8.882863479259E+04,
    -4.4E+03));
#1236 = VECTOR('',#1237,1.);
#1237 = DIRECTION('',(1.,0.,0.));
#1238 = ORIENTED_EDGE('',*,*,#1239,.F.);
#1239 = EDGE_CURVE('',#1240,#1232,#1242,.T.);
#1240 = VERTEX_POINT('',#1241);
#1241 = CARTESIAN_POINT('',(3.208714796441E+04,8.882863479259E+04,
    -8.8E+03));
#1242 = LINE('',#1243,#1244);
#1243 = CARTESIAN_POINT('',(3.208714796441E+04,8.882863479259E+04,
    -8.8E+03));
#1244 = VECTOR('',#1245,1.);
#1245 = DIRECTION('',(0.,0.,1.));
#1246 = ORIENTED_EDGE('',*,*,#1247,.F.);
#1247 = EDGE_CURVE('',#1222,#1240,#1248,.T.);
#1248 = LINE('',#1249,#1250);
#1249 = CARTESIAN_POINT('',(3.148714796441E+04,8.882863479259E+04,
    -8.8E+03));
#1250 = VECTOR('',#1251,1.);
#1251 = DIRECTION('',(1.,0.,0.));
#1252 = PLANE('',#1253);
#1253 = AXIS2_PLACEMENT_3D('',#1254,#1255,#1256);
#1254 = CARTESIAN_POINT('',(3.148714796441E+04,8.882863479259E+04,
    -8.8E+03));
#1255 = DIRECTION('',(0.,1.,0.));
#1256 = DIRECTION('',(1.,0.,0.));
#1257 = ADVANCED_FACE('',(#1258),#1283,.F.);
#1258 = FACE_BOUND('',#1259,.F.);
#1259 = EDGE_LOOP('',(#1260,#1261,#1269,#1277));
#1260 = ORIENTED_EDGE('',*,*,#1239,.T.);
#1261 = ORIENTED_EDGE('',*,*,#1262,.T.);
#1262 = EDGE_CURVE('',#1232,#1263,#1265,.T.);
#1263 = VERTEX_POINT('',#1264);
#1264 = CARTESIAN_POINT('',(3.208714796441E+04,8.982863479259E+04,
    -4.4E+03));
#1265 = LINE('',#1266,#1267);
#1266 = CARTESIAN_POINT('',(3.208714796441E+04,8.882863479259E+04,
    -4.4E+03));
#1267 = VECTOR('',#1268,1.);
#1268 = DIRECTION('',(0.,1.,0.));
#1269 = ORIENTED_EDGE('',*,*,#1270,.F.);
#1270 = EDGE_CURVE('',#1271,#1263,#1273,.T.);
#1271 = VERTEX_POINT('',#1272);
#1272 = CARTESIAN_POINT('',(3.208714796441E+04,8.982863479259E+04,
    -8.8E+03));
#1273 = LINE('',#1274,#1275);
#1274 = CARTESIAN_POINT('',(3.208714796441E+04,8.982863479259E+04,
    -8.8E+03));
#1275 = VECTOR('',#1276,1.);
#1276 = DIRECTION('',(0.,0.,1.));
#1277 = ORIENTED_EDGE('',*,*,#1278,.F.);
#1278 = EDGE_CURVE('',#1240,#1271,#1279,.T.);
#1279 = LINE('',#1280,#1281);
#1280 = CARTESIAN_POINT('',(3.208714796441E+04,8.882863479259E+04,
    -8.8E+03));
#1281 = VECTOR('',#1282,1.);
#1282 = DIRECTION('',(0.,1.,0.));
#1283 = PLANE('',#1284);
#1284 = AXIS2_PLACEMENT_3D('',#1285,#1286,#1287);
#1285 = CARTESIAN_POINT('',(3.208714796441E+04,8.882863479259E+04,
    -8.8E+03));
#1286 = DIRECTION('',(-1.,0.,0.));
#1287 = DIRECTION('',(0.,1.,0.));
#1288 = ADVANCED_FACE('',(#1289),#1314,.F.);
#1289 = FACE_BOUND('',#1290,.F.);
#1290 = EDGE_LOOP('',(#1291,#1292,#1300,#1308));
#1291 = ORIENTED_EDGE('',*,*,#1270,.T.);
#1292 = ORIENTED_EDGE('',*,*,#1293,.T.);
#1293 = EDGE_CURVE('',#1263,#1294,#1296,.T.);
#1294 = VERTEX_POINT('',#1295);
#1295 = CARTESIAN_POINT('',(3.148714796441E+04,8.982863479259E+04,
    -4.4E+03));
#1296 = LINE('',#1297,#1298);
#1297 = CARTESIAN_POINT('',(3.208714796441E+04,8.982863479259E+04,
    -4.4E+03));
#1298 = VECTOR('',#1299,1.);
#1299 = DIRECTION('',(-1.,0.,0.));
#1300 = ORIENTED_EDGE('',*,*,#1301,.F.);
#1301 = EDGE_CURVE('',#1302,#1294,#1304,.T.);
#1302 = VERTEX_POINT('',#1303);
#1303 = CARTESIAN_POINT('',(3.148714796441E+04,8.982863479259E+04,
    -8.8E+03));
#1304 = LINE('',#1305,#1306);
#1305 = CARTESIAN_POINT('',(3.148714796441E+04,8.982863479259E+04,
    -8.8E+03));
#1306 = VECTOR('',#1307,1.);
#1307 = DIRECTION('',(0.,0.,1.));
#1308 = ORIENTED_EDGE('',*,*,#1309,.F.);
#1309 = EDGE_CURVE('',#1271,#1302,#1310,.T.);
#1310 = LINE('',#1311,#1312);
#1311 = CARTESIAN_POINT('',(3.208714796441E+04,8.982863479259E+04,
    -8.8E+03));
#1312 = VECTOR('',#1313,1.);
#1313 = DIRECTION('',(-1.,0.,0.));
#1314 = PLANE('',#1315);
#1315 = AXIS2_PLACEMENT_3D('',#1316,#1317,#1318);
#1316 = CARTESIAN_POINT('',(3.208714796441E+04,8.982863479259E+04,
    -8.8E+03));
#1317 = DIRECTION('',(0.,-1.,0.));
#1318 = DIRECTION('',(-1.,0.,0.));
#1319 = ADVANCED_FACE('',(#1320),#1336,.F.);
#1320 = FACE_BOUND('',#1321,.F.);
#1321 = EDGE_LOOP('',(#1322,#1323,#1329,#1330));
#1322 = ORIENTED_EDGE('',*,*,#1301,.T.);
#1323 = ORIENTED_EDGE('',*,*,#1324,.T.);
#1324 = EDGE_CURVE('',#1294,#1224,#1325,.T.);
#1325 = LINE('',#1326,#1327);
#1326 = CARTESIAN_POINT('',(3.148714796441E+04,8.982863479259E+04,
    -4.4E+03));
#1327 = VECTOR('',#1328,1.);
#1328 = DIRECTION('',(0.,-1.,0.));
#1329 = ORIENTED_EDGE('',*,*,#1221,.F.);
#1330 = ORIENTED_EDGE('',*,*,#1331,.F.);
#1331 = EDGE_CURVE('',#1302,#1222,#1332,.T.);
#1332 = LINE('',#1333,#1334);
#1333 = CARTESIAN_POINT('',(3.148714796441E+04,8.982863479259E+04,
    -8.8E+03));
#1334 = VECTOR('',#1335,1.);
#1335 = DIRECTION('',(0.,-1.,0.));
#1336 = PLANE('',#1337);
#1337 = AXIS2_PLACEMENT_3D('',#1338,#1339,#1340);
#1338 = CARTESIAN_POINT('',(3.148714796441E+04,8.982863479259E+04,
    -8.8E+03));
#1339 = DIRECTION('',(1.,0.,-0.));
#1340 = DIRECTION('',(0.,-1.,0.));
#1341 = ADVANCED_FACE('',(#1342),#1348,.F.);
#1342 = FACE_BOUND('',#1343,.F.);
#1343 = EDGE_LOOP('',(#1344,#1345,#1346,#1347));
#1344 = ORIENTED_EDGE('',*,*,#1247,.T.);
#1345 = ORIENTED_EDGE('',*,*,#1278,.T.);
#1346 = ORIENTED_EDGE('',*,*,#1309,.T.);
#1347 = ORIENTED_EDGE('',*,*,#1331,.T.);
#1348 = PLANE('',#1349);
#1349 = AXIS2_PLACEMENT_3D('',#1350,#1351,#1352);
#1350 = CARTESIAN_POINT('',(3.178714796441E+04,8.932863479259E+04,
    -8.8E+03));
#1351 = DIRECTION('',(0.,0.,1.));
#1352 = DIRECTION('',(1.,0.,-0.));
#1353 = ADVANCED_FACE('',(#1354),#1360,.T.);
#1354 = FACE_BOUND('',#1355,.T.);
#1355 = EDGE_LOOP('',(#1356,#1357,#1358,#1359));
#1356 = ORIENTED_EDGE('',*,*,#1231,.T.);
#1357 = ORIENTED_EDGE('',*,*,#1262,.T.);
#1358 = ORIENTED_EDGE('',*,*,#1293,.T.);
#1359 = ORIENTED_EDGE('',*,*,#1324,.T.);
#1360 = PLANE('',#1361);
#1361 = AXIS2_PLACEMENT_3D('',#1362,#1363,#1364);
#1362 = CARTESIAN_POINT('',(3.178714796441E+04,8.932863479259E+04,
    -4.4E+03));
#1363 = DIRECTION('',(0.,0.,1.));
#1364 = DIRECTION('',(1.,0.,-0.));
#1365 = MANIFOLD_SOLID_BREP('',#1366);
#1366 = CLOSED_SHELL('',(#1367,#1407,#1438,#1469,#1491,#1503));
#1367 = ADVANCED_FACE('',(#1368),#1402,.F.);
#1368 = FACE_BOUND('',#1369,.F.);
#1369 = EDGE_LOOP('',(#1370,#1380,#1388,#1396));
#1370 = ORIENTED_EDGE('',*,*,#1371,.T.);
#1371 = EDGE_CURVE('',#1372,#1374,#1376,.T.);
#1372 = VERTEX_POINT('',#1373);
#1373 = CARTESIAN_POINT('',(4.550714796441E+04,8.862863479259E+04,
    -8.8E+03));
#1374 = VERTEX_POINT('',#1375);
#1375 = CARTESIAN_POINT('',(4.550714796441E+04,8.862863479259E+04,
    -4.4E+03));
#1376 = LINE('',#1377,#1378);
#1377 = CARTESIAN_POINT('',(4.550714796441E+04,8.862863479259E+04,
    -8.8E+03));
#1378 = VECTOR('',#1379,1.);
#1379 = DIRECTION('',(0.,0.,1.));
#1380 = ORIENTED_EDGE('',*,*,#1381,.T.);
#1381 = EDGE_CURVE('',#1374,#1382,#1384,.T.);
#1382 = VERTEX_POINT('',#1383);
#1383 = CARTESIAN_POINT('',(4.610714796441E+04,8.862863479259E+04,
    -4.4E+03));
#1384 = LINE('',#1385,#1386);
#1385 = CARTESIAN_POINT('',(4.550714796441E+04,8.862863479259E+04,
    -4.4E+03));
#1386 = VECTOR('',#1387,1.);
#1387 = DIRECTION('',(1.,0.,0.));
#1388 = ORIENTED_EDGE('',*,*,#1389,.F.);
#1389 = EDGE_CURVE('',#1390,#1382,#1392,.T.);
#1390 = VERTEX_POINT('',#1391);
#1391 = CARTESIAN_POINT('',(4.610714796441E+04,8.862863479259E+04,
    -8.8E+03));
#1392 = LINE('',#1393,#1394);
#1393 = CARTESIAN_POINT('',(4.610714796441E+04,8.862863479259E+04,
    -8.8E+03));
#1394 = VECTOR('',#1395,1.);
#1395 = DIRECTION('',(0.,0.,1.));
#1396 = ORIENTED_EDGE('',*,*,#1397,.F.);
#1397 = EDGE_CURVE('',#1372,#1390,#1398,.T.);
#1398 = LINE('',#1399,#1400);
#1399 = CARTESIAN_POINT('',(4.550714796441E+04,8.862863479259E+04,
    -8.8E+03));
#1400 = VECTOR('',#1401,1.);
#1401 = DIRECTION('',(1.,0.,0.));
#1402 = PLANE('',#1403);
#1403 = AXIS2_PLACEMENT_3D('',#1404,#1405,#1406);
#1404 = CARTESIAN_POINT('',(4.550714796441E+04,8.862863479259E+04,
    -8.8E+03));
#1405 = DIRECTION('',(0.,1.,0.));
#1406 = DIRECTION('',(1.,0.,0.));
#1407 = ADVANCED_FACE('',(#1408),#1433,.F.);
#1408 = FACE_BOUND('',#1409,.F.);
#1409 = EDGE_LOOP('',(#1410,#1411,#1419,#1427));
#1410 = ORIENTED_EDGE('',*,*,#1389,.T.);
#1411 = ORIENTED_EDGE('',*,*,#1412,.T.);
#1412 = EDGE_CURVE('',#1382,#1413,#1415,.T.);
#1413 = VERTEX_POINT('',#1414);
#1414 = CARTESIAN_POINT('',(4.610714796441E+04,8.982863479259E+04,
    -4.4E+03));
#1415 = LINE('',#1416,#1417);
#1416 = CARTESIAN_POINT('',(4.610714796441E+04,8.862863479259E+04,
    -4.4E+03));
#1417 = VECTOR('',#1418,1.);
#1418 = DIRECTION('',(0.,1.,0.));
#1419 = ORIENTED_EDGE('',*,*,#1420,.F.);
#1420 = EDGE_CURVE('',#1421,#1413,#1423,.T.);
#1421 = VERTEX_POINT('',#1422);
#1422 = CARTESIAN_POINT('',(4.610714796441E+04,8.982863479259E+04,
    -8.8E+03));
#1423 = LINE('',#1424,#1425);
#1424 = CARTESIAN_POINT('',(4.610714796441E+04,8.982863479259E+04,
    -8.8E+03));
#1425 = VECTOR('',#1426,1.);
#1426 = DIRECTION('',(0.,0.,1.));
#1427 = ORIENTED_EDGE('',*,*,#1428,.F.);
#1428 = EDGE_CURVE('',#1390,#1421,#1429,.T.);
#1429 = LINE('',#1430,#1431);
#1430 = CARTESIAN_POINT('',(4.610714796441E+04,8.862863479259E+04,
    -8.8E+03));
#1431 = VECTOR('',#1432,1.);
#1432 = DIRECTION('',(0.,1.,0.));
#1433 = PLANE('',#1434);
#1434 = AXIS2_PLACEMENT_3D('',#1435,#1436,#1437);
#1435 = CARTESIAN_POINT('',(4.610714796441E+04,8.862863479259E+04,
    -8.8E+03));
#1436 = DIRECTION('',(-1.,0.,0.));
#1437 = DIRECTION('',(0.,1.,0.));
#1438 = ADVANCED_FACE('',(#1439),#1464,.F.);
#1439 = FACE_BOUND('',#1440,.F.);
#1440 = EDGE_LOOP('',(#1441,#1442,#1450,#1458));
#1441 = ORIENTED_EDGE('',*,*,#1420,.T.);
#1442 = ORIENTED_EDGE('',*,*,#1443,.T.);
#1443 = EDGE_CURVE('',#1413,#1444,#1446,.T.);
#1444 = VERTEX_POINT('',#1445);
#1445 = CARTESIAN_POINT('',(4.550714796441E+04,8.982863479259E+04,
    -4.4E+03));
#1446 = LINE('',#1447,#1448);
#1447 = CARTESIAN_POINT('',(4.610714796441E+04,8.982863479259E+04,
    -4.4E+03));
#1448 = VECTOR('',#1449,1.);
#1449 = DIRECTION('',(-1.,0.,0.));
#1450 = ORIENTED_EDGE('',*,*,#1451,.F.);
#1451 = EDGE_CURVE('',#1452,#1444,#1454,.T.);
#1452 = VERTEX_POINT('',#1453);
#1453 = CARTESIAN_POINT('',(4.550714796441E+04,8.982863479259E+04,
    -8.8E+03));
#1454 = LINE('',#1455,#1456);
#1455 = CARTESIAN_POINT('',(4.550714796441E+04,8.982863479259E+04,
    -8.8E+03));
#1456 = VECTOR('',#1457,1.);
#1457 = DIRECTION('',(0.,0.,1.));
#1458 = ORIENTED_EDGE('',*,*,#1459,.F.);
#1459 = EDGE_CURVE('',#1421,#1452,#1460,.T.);
#1460 = LINE('',#1461,#1462);
#1461 = CARTESIAN_POINT('',(4.610714796441E+04,8.982863479259E+04,
    -8.8E+03));
#1462 = VECTOR('',#1463,1.);
#1463 = DIRECTION('',(-1.,0.,0.));
#1464 = PLANE('',#1465);
#1465 = AXIS2_PLACEMENT_3D('',#1466,#1467,#1468);
#1466 = CARTESIAN_POINT('',(4.610714796441E+04,8.982863479259E+04,
    -8.8E+03));
#1467 = DIRECTION('',(0.,-1.,0.));
#1468 = DIRECTION('',(-1.,0.,0.));
#1469 = ADVANCED_FACE('',(#1470),#1486,.F.);
#1470 = FACE_BOUND('',#1471,.F.);
#1471 = EDGE_LOOP('',(#1472,#1473,#1479,#1480));
#1472 = ORIENTED_EDGE('',*,*,#1451,.T.);
#1473 = ORIENTED_EDGE('',*,*,#1474,.T.);
#1474 = EDGE_CURVE('',#1444,#1374,#1475,.T.);
#1475 = LINE('',#1476,#1477);
#1476 = CARTESIAN_POINT('',(4.550714796441E+04,8.982863479259E+04,
    -4.4E+03));
#1477 = VECTOR('',#1478,1.);
#1478 = DIRECTION('',(0.,-1.,0.));
#1479 = ORIENTED_EDGE('',*,*,#1371,.F.);
#1480 = ORIENTED_EDGE('',*,*,#1481,.F.);
#1481 = EDGE_CURVE('',#1452,#1372,#1482,.T.);
#1482 = LINE('',#1483,#1484);
#1483 = CARTESIAN_POINT('',(4.550714796441E+04,8.982863479259E+04,
    -8.8E+03));
#1484 = VECTOR('',#1485,1.);
#1485 = DIRECTION('',(0.,-1.,0.));
#1486 = PLANE('',#1487);
#1487 = AXIS2_PLACEMENT_3D('',#1488,#1489,#1490);
#1488 = CARTESIAN_POINT('',(4.550714796441E+04,8.982863479259E+04,
    -8.8E+03));
#1489 = DIRECTION('',(1.,0.,-0.));
#1490 = DIRECTION('',(0.,-1.,0.));
#1491 = ADVANCED_FACE('',(#1492),#1498,.F.);
#1492 = FACE_BOUND('',#1493,.F.);
#1493 = EDGE_LOOP('',(#1494,#1495,#1496,#1497));
#1494 = ORIENTED_EDGE('',*,*,#1397,.T.);
#1495 = ORIENTED_EDGE('',*,*,#1428,.T.);
#1496 = ORIENTED_EDGE('',*,*,#1459,.T.);
#1497 = ORIENTED_EDGE('',*,*,#1481,.T.);
#1498 = PLANE('',#1499);
#1499 = AXIS2_PLACEMENT_3D('',#1500,#1501,#1502);
#1500 = CARTESIAN_POINT('',(4.580714796441E+04,8.922863479259E+04,
    -8.8E+03));
#1501 = DIRECTION('',(0.,0.,1.));
#1502 = DIRECTION('',(1.,0.,-0.));
#1503 = ADVANCED_FACE('',(#1504),#1510,.T.);
#1504 = FACE_BOUND('',#1505,.T.);
#1505 = EDGE_LOOP('',(#1506,#1507,#1508,#1509));
#1506 = ORIENTED_EDGE('',*,*,#1381,.T.);
#1507 = ORIENTED_EDGE('',*,*,#1412,.T.);
#1508 = ORIENTED_EDGE('',*,*,#1443,.T.);
#1509 = ORIENTED_EDGE('',*,*,#1474,.T.);
#1510 = PLANE('',#1511);
#1511 = AXIS2_PLACEMENT_3D('',#1512,#1513,#1514);
#1512 = CARTESIAN_POINT('',(4.580714796441E+04,8.922863479259E+04,
    -4.4E+03));
#1513 = DIRECTION('',(0.,0.,1.));
#1514 = DIRECTION('',(1.,0.,-0.));
#1515 = MANIFOLD_SOLID_BREP('',#1516);
#1516 = CLOSED_SHELL('',(#1517,#1557,#1588,#1619,#1641,#1653));
#1517 = ADVANCED_FACE('',(#1518),#1552,.F.);
#1518 = FACE_BOUND('',#1519,.F.);
#1519 = EDGE_LOOP('',(#1520,#1530,#1538,#1546));
#1520 = ORIENTED_EDGE('',*,*,#1521,.T.);
#1521 = EDGE_CURVE('',#1522,#1524,#1526,.T.);
#1522 = VERTEX_POINT('',#1523);
#1523 = CARTESIAN_POINT('',(1.537520593683E+04,7.477941585908E+03,
    -8.8E+03));
#1524 = VERTEX_POINT('',#1525);
#1525 = CARTESIAN_POINT('',(1.537520593683E+04,7.477941585908E+03,
    -4.4E+03));
#1526 = LINE('',#1527,#1528);
#1527 = CARTESIAN_POINT('',(1.537520593683E+04,7.477941585908E+03,
    -8.8E+03));
#1528 = VECTOR('',#1529,1.);
#1529 = DIRECTION('',(0.,0.,1.));
#1530 = ORIENTED_EDGE('',*,*,#1531,.T.);
#1531 = EDGE_CURVE('',#1524,#1532,#1534,.T.);
#1532 = VERTEX_POINT('',#1533);
#1533 = CARTESIAN_POINT('',(1.597520593683E+04,7.477941585908E+03,
    -4.4E+03));
#1534 = LINE('',#1535,#1536);
#1535 = CARTESIAN_POINT('',(1.537520593683E+04,7.477941585908E+03,
    -4.4E+03));
#1536 = VECTOR('',#1537,1.);
#1537 = DIRECTION('',(1.,0.,0.));
#1538 = ORIENTED_EDGE('',*,*,#1539,.F.);
#1539 = EDGE_CURVE('',#1540,#1532,#1542,.T.);
#1540 = VERTEX_POINT('',#1541);
#1541 = CARTESIAN_POINT('',(1.597520593683E+04,7.477941585908E+03,
    -8.8E+03));
#1542 = LINE('',#1543,#1544);
#1543 = CARTESIAN_POINT('',(1.597520593683E+04,7.477941585908E+03,
    -8.8E+03));
#1544 = VECTOR('',#1545,1.);
#1545 = DIRECTION('',(0.,0.,1.));
#1546 = ORIENTED_EDGE('',*,*,#1547,.F.);
#1547 = EDGE_CURVE('',#1522,#1540,#1548,.T.);
#1548 = LINE('',#1549,#1550);
#1549 = CARTESIAN_POINT('',(1.537520593683E+04,7.477941585908E+03,
    -8.8E+03));
#1550 = VECTOR('',#1551,1.);
#1551 = DIRECTION('',(1.,0.,0.));
#1552 = PLANE('',#1553);
#1553 = AXIS2_PLACEMENT_3D('',#1554,#1555,#1556);
#1554 = CARTESIAN_POINT('',(1.537520593683E+04,7.477941585908E+03,
    -8.8E+03));
#1555 = DIRECTION('',(0.,1.,0.));
#1556 = DIRECTION('',(1.,0.,0.));
#1557 = ADVANCED_FACE('',(#1558),#1583,.F.);
#1558 = FACE_BOUND('',#1559,.F.);
#1559 = EDGE_LOOP('',(#1560,#1561,#1569,#1577));
#1560 = ORIENTED_EDGE('',*,*,#1539,.T.);
#1561 = ORIENTED_EDGE('',*,*,#1562,.T.);
#1562 = EDGE_CURVE('',#1532,#1563,#1565,.T.);
#1563 = VERTEX_POINT('',#1564);
#1564 = CARTESIAN_POINT('',(1.597520593683E+04,8.677941585908E+03,
    -4.4E+03));
#1565 = LINE('',#1566,#1567);
#1566 = CARTESIAN_POINT('',(1.597520593683E+04,7.477941585908E+03,
    -4.4E+03));
#1567 = VECTOR('',#1568,1.);
#1568 = DIRECTION('',(0.,1.,0.));
#1569 = ORIENTED_EDGE('',*,*,#1570,.F.);
#1570 = EDGE_CURVE('',#1571,#1563,#1573,.T.);
#1571 = VERTEX_POINT('',#1572);
#1572 = CARTESIAN_POINT('',(1.597520593683E+04,8.677941585908E+03,
    -8.8E+03));
#1573 = LINE('',#1574,#1575);
#1574 = CARTESIAN_POINT('',(1.597520593683E+04,8.677941585908E+03,
    -8.8E+03));
#1575 = VECTOR('',#1576,1.);
#1576 = DIRECTION('',(0.,0.,1.));
#1577 = ORIENTED_EDGE('',*,*,#1578,.F.);
#1578 = EDGE_CURVE('',#1540,#1571,#1579,.T.);
#1579 = LINE('',#1580,#1581);
#1580 = CARTESIAN_POINT('',(1.597520593683E+04,7.477941585908E+03,
    -8.8E+03));
#1581 = VECTOR('',#1582,1.);
#1582 = DIRECTION('',(0.,1.,0.));
#1583 = PLANE('',#1584);
#1584 = AXIS2_PLACEMENT_3D('',#1585,#1586,#1587);
#1585 = CARTESIAN_POINT('',(1.597520593683E+04,7.477941585908E+03,
    -8.8E+03));
#1586 = DIRECTION('',(-1.,0.,0.));
#1587 = DIRECTION('',(0.,1.,0.));
#1588 = ADVANCED_FACE('',(#1589),#1614,.F.);
#1589 = FACE_BOUND('',#1590,.F.);
#1590 = EDGE_LOOP('',(#1591,#1592,#1600,#1608));
#1591 = ORIENTED_EDGE('',*,*,#1570,.T.);
#1592 = ORIENTED_EDGE('',*,*,#1593,.T.);
#1593 = EDGE_CURVE('',#1563,#1594,#1596,.T.);
#1594 = VERTEX_POINT('',#1595);
#1595 = CARTESIAN_POINT('',(1.537520593683E+04,8.677941585908E+03,
    -4.4E+03));
#1596 = LINE('',#1597,#1598);
#1597 = CARTESIAN_POINT('',(1.597520593683E+04,8.677941585908E+03,
    -4.4E+03));
#1598 = VECTOR('',#1599,1.);
#1599 = DIRECTION('',(-1.,0.,0.));
#1600 = ORIENTED_EDGE('',*,*,#1601,.F.);
#1601 = EDGE_CURVE('',#1602,#1594,#1604,.T.);
#1602 = VERTEX_POINT('',#1603);
#1603 = CARTESIAN_POINT('',(1.537520593683E+04,8.677941585908E+03,
    -8.8E+03));
#1604 = LINE('',#1605,#1606);
#1605 = CARTESIAN_POINT('',(1.537520593683E+04,8.677941585908E+03,
    -8.8E+03));
#1606 = VECTOR('',#1607,1.);
#1607 = DIRECTION('',(0.,0.,1.));
#1608 = ORIENTED_EDGE('',*,*,#1609,.F.);
#1609 = EDGE_CURVE('',#1571,#1602,#1610,.T.);
#1610 = LINE('',#1611,#1612);
#1611 = CARTESIAN_POINT('',(1.597520593683E+04,8.677941585908E+03,
    -8.8E+03));
#1612 = VECTOR('',#1613,1.);
#1613 = DIRECTION('',(-1.,0.,0.));
#1614 = PLANE('',#1615);
#1615 = AXIS2_PLACEMENT_3D('',#1616,#1617,#1618);
#1616 = CARTESIAN_POINT('',(1.597520593683E+04,8.677941585908E+03,
    -8.8E+03));
#1617 = DIRECTION('',(0.,-1.,0.));
#1618 = DIRECTION('',(-1.,0.,0.));
#1619 = ADVANCED_FACE('',(#1620),#1636,.F.);
#1620 = FACE_BOUND('',#1621,.F.);
#1621 = EDGE_LOOP('',(#1622,#1623,#1629,#1630));
#1622 = ORIENTED_EDGE('',*,*,#1601,.T.);
#1623 = ORIENTED_EDGE('',*,*,#1624,.T.);
#1624 = EDGE_CURVE('',#1594,#1524,#1625,.T.);
#1625 = LINE('',#1626,#1627);
#1626 = CARTESIAN_POINT('',(1.537520593683E+04,8.677941585908E+03,
    -4.4E+03));
#1627 = VECTOR('',#1628,1.);
#1628 = DIRECTION('',(0.,-1.,0.));
#1629 = ORIENTED_EDGE('',*,*,#1521,.F.);
#1630 = ORIENTED_EDGE('',*,*,#1631,.F.);
#1631 = EDGE_CURVE('',#1602,#1522,#1632,.T.);
#1632 = LINE('',#1633,#1634);
#1633 = CARTESIAN_POINT('',(1.537520593683E+04,8.677941585908E+03,
    -8.8E+03));
#1634 = VECTOR('',#1635,1.);
#1635 = DIRECTION('',(0.,-1.,0.));
#1636 = PLANE('',#1637);
#1637 = AXIS2_PLACEMENT_3D('',#1638,#1639,#1640);
#1638 = CARTESIAN_POINT('',(1.537520593683E+04,8.677941585908E+03,
    -8.8E+03));
#1639 = DIRECTION('',(1.,0.,-0.));
#1640 = DIRECTION('',(0.,-1.,0.));
#1641 = ADVANCED_FACE('',(#1642),#1648,.F.);
#1642 = FACE_BOUND('',#1643,.F.);
#1643 = EDGE_LOOP('',(#1644,#1645,#1646,#1647));
#1644 = ORIENTED_EDGE('',*,*,#1547,.T.);
#1645 = ORIENTED_EDGE('',*,*,#1578,.T.);
#1646 = ORIENTED_EDGE('',*,*,#1609,.T.);
#1647 = ORIENTED_EDGE('',*,*,#1631,.T.);
#1648 = PLANE('',#1649);
#1649 = AXIS2_PLACEMENT_3D('',#1650,#1651,#1652);
#1650 = CARTESIAN_POINT('',(1.567520593683E+04,8.077941585908E+03,
    -8.8E+03));
#1651 = DIRECTION('',(0.,0.,1.));
#1652 = DIRECTION('',(1.,0.,-0.));
#1653 = ADVANCED_FACE('',(#1654),#1660,.T.);
#1654 = FACE_BOUND('',#1655,.T.);
#1655 = EDGE_LOOP('',(#1656,#1657,#1658,#1659));
#1656 = ORIENTED_EDGE('',*,*,#1531,.T.);
#1657 = ORIENTED_EDGE('',*,*,#1562,.T.);
#1658 = ORIENTED_EDGE('',*,*,#1593,.T.);
#1659 = ORIENTED_EDGE('',*,*,#1624,.T.);
#1660 = PLANE('',#1661);
#1661 = AXIS2_PLACEMENT_3D('',#1662,#1663,#1664);
#1662 = CARTESIAN_POINT('',(1.567520593683E+04,8.077941585908E+03,
    -4.4E+03));
#1663 = DIRECTION('',(0.,0.,1.));
#1664 = DIRECTION('',(1.,0.,-0.));
#1665 = MANIFOLD_SOLID_BREP('',#1666);
#1666 = CLOSED_SHELL('',(#1667,#1707,#1738,#1769,#1791,#1803));
#1667 = ADVANCED_FACE('',(#1668),#1702,.F.);
#1668 = FACE_BOUND('',#1669,.F.);
#1669 = EDGE_LOOP('',(#1670,#1680,#1688,#1696));
#1670 = ORIENTED_EDGE('',*,*,#1671,.T.);
#1671 = EDGE_CURVE('',#1672,#1674,#1676,.T.);
#1672 = VERTEX_POINT('',#1673);
#1673 = CARTESIAN_POINT('',(2.297520593683E+04,6.877941511237E+03,
    -8.8E+03));
#1674 = VERTEX_POINT('',#1675);
#1675 = CARTESIAN_POINT('',(2.297520593683E+04,6.877941511237E+03,
    -4.4E+03));
#1676 = LINE('',#1677,#1678);
#1677 = CARTESIAN_POINT('',(2.297520593683E+04,6.877941511237E+03,
    -8.8E+03));
#1678 = VECTOR('',#1679,1.);
#1679 = DIRECTION('',(0.,0.,1.));
#1680 = ORIENTED_EDGE('',*,*,#1681,.T.);
#1681 = EDGE_CURVE('',#1674,#1682,#1684,.T.);
#1682 = VERTEX_POINT('',#1683);
#1683 = CARTESIAN_POINT('',(2.357520593683E+04,6.877941511237E+03,
    -4.4E+03));
#1684 = LINE('',#1685,#1686);
#1685 = CARTESIAN_POINT('',(2.297520593683E+04,6.877941511237E+03,
    -4.4E+03));
#1686 = VECTOR('',#1687,1.);
#1687 = DIRECTION('',(1.,0.,0.));
#1688 = ORIENTED_EDGE('',*,*,#1689,.F.);
#1689 = EDGE_CURVE('',#1690,#1682,#1692,.T.);
#1690 = VERTEX_POINT('',#1691);
#1691 = CARTESIAN_POINT('',(2.357520593683E+04,6.877941511237E+03,
    -8.8E+03));
#1692 = LINE('',#1693,#1694);
#1693 = CARTESIAN_POINT('',(2.357520593683E+04,6.877941511237E+03,
    -8.8E+03));
#1694 = VECTOR('',#1695,1.);
#1695 = DIRECTION('',(0.,0.,1.));
#1696 = ORIENTED_EDGE('',*,*,#1697,.F.);
#1697 = EDGE_CURVE('',#1672,#1690,#1698,.T.);
#1698 = LINE('',#1699,#1700);
#1699 = CARTESIAN_POINT('',(2.297520593683E+04,6.877941511237E+03,
    -8.8E+03));
#1700 = VECTOR('',#1701,1.);
#1701 = DIRECTION('',(1.,0.,0.));
#1702 = PLANE('',#1703);
#1703 = AXIS2_PLACEMENT_3D('',#1704,#1705,#1706);
#1704 = CARTESIAN_POINT('',(2.297520593683E+04,6.877941511237E+03,
    -8.8E+03));
#1705 = DIRECTION('',(0.,1.,0.));
#1706 = DIRECTION('',(1.,0.,0.));
#1707 = ADVANCED_FACE('',(#1708),#1733,.F.);
#1708 = FACE_BOUND('',#1709,.F.);
#1709 = EDGE_LOOP('',(#1710,#1711,#1719,#1727));
#1710 = ORIENTED_EDGE('',*,*,#1689,.T.);
#1711 = ORIENTED_EDGE('',*,*,#1712,.T.);
#1712 = EDGE_CURVE('',#1682,#1713,#1715,.T.);
#1713 = VERTEX_POINT('',#1714);
#1714 = CARTESIAN_POINT('',(2.357520593683E+04,8.677941511237E+03,
    -4.4E+03));
#1715 = LINE('',#1716,#1717);
#1716 = CARTESIAN_POINT('',(2.357520593683E+04,6.877941511237E+03,
    -4.4E+03));
#1717 = VECTOR('',#1718,1.);
#1718 = DIRECTION('',(0.,1.,0.));
#1719 = ORIENTED_EDGE('',*,*,#1720,.F.);
#1720 = EDGE_CURVE('',#1721,#1713,#1723,.T.);
#1721 = VERTEX_POINT('',#1722);
#1722 = CARTESIAN_POINT('',(2.357520593683E+04,8.677941511237E+03,
    -8.8E+03));
#1723 = LINE('',#1724,#1725);
#1724 = CARTESIAN_POINT('',(2.357520593683E+04,8.677941511237E+03,
    -8.8E+03));
#1725 = VECTOR('',#1726,1.);
#1726 = DIRECTION('',(0.,0.,1.));
#1727 = ORIENTED_EDGE('',*,*,#1728,.F.);
#1728 = EDGE_CURVE('',#1690,#1721,#1729,.T.);
#1729 = LINE('',#1730,#1731);
#1730 = CARTESIAN_POINT('',(2.357520593683E+04,6.877941511237E+03,
    -8.8E+03));
#1731 = VECTOR('',#1732,1.);
#1732 = DIRECTION('',(0.,1.,0.));
#1733 = PLANE('',#1734);
#1734 = AXIS2_PLACEMENT_3D('',#1735,#1736,#1737);
#1735 = CARTESIAN_POINT('',(2.357520593683E+04,6.877941511237E+03,
    -8.8E+03));
#1736 = DIRECTION('',(-1.,0.,0.));
#1737 = DIRECTION('',(0.,1.,0.));
#1738 = ADVANCED_FACE('',(#1739),#1764,.F.);
#1739 = FACE_BOUND('',#1740,.F.);
#1740 = EDGE_LOOP('',(#1741,#1742,#1750,#1758));
#1741 = ORIENTED_EDGE('',*,*,#1720,.T.);
#1742 = ORIENTED_EDGE('',*,*,#1743,.T.);
#1743 = EDGE_CURVE('',#1713,#1744,#1746,.T.);
#1744 = VERTEX_POINT('',#1745);
#1745 = CARTESIAN_POINT('',(2.297520593683E+04,8.677941511237E+03,
    -4.4E+03));
#1746 = LINE('',#1747,#1748);
#1747 = CARTESIAN_POINT('',(2.357520593683E+04,8.677941511237E+03,
    -4.4E+03));
#1748 = VECTOR('',#1749,1.);
#1749 = DIRECTION('',(-1.,0.,0.));
#1750 = ORIENTED_EDGE('',*,*,#1751,.F.);
#1751 = EDGE_CURVE('',#1752,#1744,#1754,.T.);
#1752 = VERTEX_POINT('',#1753);
#1753 = CARTESIAN_POINT('',(2.297520593683E+04,8.677941511237E+03,
    -8.8E+03));
#1754 = LINE('',#1755,#1756);
#1755 = CARTESIAN_POINT('',(2.297520593683E+04,8.677941511237E+03,
    -8.8E+03));
#1756 = VECTOR('',#1757,1.);
#1757 = DIRECTION('',(0.,0.,1.));
#1758 = ORIENTED_EDGE('',*,*,#1759,.F.);
#1759 = EDGE_CURVE('',#1721,#1752,#1760,.T.);
#1760 = LINE('',#1761,#1762);
#1761 = CARTESIAN_POINT('',(2.357520593683E+04,8.677941511237E+03,
    -8.8E+03));
#1762 = VECTOR('',#1763,1.);
#1763 = DIRECTION('',(-1.,0.,0.));
#1764 = PLANE('',#1765);
#1765 = AXIS2_PLACEMENT_3D('',#1766,#1767,#1768);
#1766 = CARTESIAN_POINT('',(2.357520593683E+04,8.677941511237E+03,
    -8.8E+03));
#1767 = DIRECTION('',(0.,-1.,0.));
#1768 = DIRECTION('',(-1.,0.,0.));
#1769 = ADVANCED_FACE('',(#1770),#1786,.F.);
#1770 = FACE_BOUND('',#1771,.F.);
#1771 = EDGE_LOOP('',(#1772,#1773,#1779,#1780));
#1772 = ORIENTED_EDGE('',*,*,#1751,.T.);
#1773 = ORIENTED_EDGE('',*,*,#1774,.T.);
#1774 = EDGE_CURVE('',#1744,#1674,#1775,.T.);
#1775 = LINE('',#1776,#1777);
#1776 = CARTESIAN_POINT('',(2.297520593683E+04,8.677941511237E+03,
    -4.4E+03));
#1777 = VECTOR('',#1778,1.);
#1778 = DIRECTION('',(0.,-1.,0.));
#1779 = ORIENTED_EDGE('',*,*,#1671,.F.);
#1780 = ORIENTED_EDGE('',*,*,#1781,.F.);
#1781 = EDGE_CURVE('',#1752,#1672,#1782,.T.);
#1782 = LINE('',#1783,#1784);
#1783 = CARTESIAN_POINT('',(2.297520593683E+04,8.677941511237E+03,
    -8.8E+03));
#1784 = VECTOR('',#1785,1.);
#1785 = DIRECTION('',(0.,-1.,0.));
#1786 = PLANE('',#1787);
#1787 = AXIS2_PLACEMENT_3D('',#1788,#1789,#1790);
#1788 = CARTESIAN_POINT('',(2.297520593683E+04,8.677941511237E+03,
    -8.8E+03));
#1789 = DIRECTION('',(1.,0.,-0.));
#1790 = DIRECTION('',(0.,-1.,0.));
#1791 = ADVANCED_FACE('',(#1792),#1798,.F.);
#1792 = FACE_BOUND('',#1793,.F.);
#1793 = EDGE_LOOP('',(#1794,#1795,#1796,#1797));
#1794 = ORIENTED_EDGE('',*,*,#1697,.T.);
#1795 = ORIENTED_EDGE('',*,*,#1728,.T.);
#1796 = ORIENTED_EDGE('',*,*,#1759,.T.);
#1797 = ORIENTED_EDGE('',*,*,#1781,.T.);
#1798 = PLANE('',#1799);
#1799 = AXIS2_PLACEMENT_3D('',#1800,#1801,#1802);
#1800 = CARTESIAN_POINT('',(2.327520593683E+04,7.777941511237E+03,
    -8.8E+03));
#1801 = DIRECTION('',(0.,0.,1.));
#1802 = DIRECTION('',(1.,0.,-0.));
#1803 = ADVANCED_FACE('',(#1804),#1810,.T.);
#1804 = FACE_BOUND('',#1805,.T.);
#1805 = EDGE_LOOP('',(#1806,#1807,#1808,#1809));
#1806 = ORIENTED_EDGE('',*,*,#1681,.T.);
#1807 = ORIENTED_EDGE('',*,*,#1712,.T.);
#1808 = ORIENTED_EDGE('',*,*,#1743,.T.);
#1809 = ORIENTED_EDGE('',*,*,#1774,.T.);
#1810 = PLANE('',#1811);
#1811 = AXIS2_PLACEMENT_3D('',#1812,#1813,#1814);
#1812 = CARTESIAN_POINT('',(2.327520593683E+04,7.777941511237E+03,
    -4.4E+03));
#1813 = DIRECTION('',(0.,0.,1.));
#1814 = DIRECTION('',(1.,0.,-0.));
#1815 = MANIFOLD_SOLID_BREP('',#1816);
#1816 = CLOSED_SHELL('',(#1817,#1857,#1888,#1919,#1941,#1953));
#1817 = ADVANCED_FACE('',(#1818),#1852,.F.);
#1818 = FACE_BOUND('',#1819,.F.);
#1819 = EDGE_LOOP('',(#1820,#1830,#1838,#1846));
#1820 = ORIENTED_EDGE('',*,*,#1821,.T.);
#1821 = EDGE_CURVE('',#1822,#1824,#1826,.T.);
#1822 = VERTEX_POINT('',#1823);
#1823 = CARTESIAN_POINT('',(3.117520593686E+04,7.477941660228E+03,
    -8.8E+03));
#1824 = VERTEX_POINT('',#1825);
#1825 = CARTESIAN_POINT('',(3.117520593686E+04,7.477941660228E+03,
    -4.4E+03));
#1826 = LINE('',#1827,#1828);
#1827 = CARTESIAN_POINT('',(3.117520593686E+04,7.477941660228E+03,
    -8.8E+03));
#1828 = VECTOR('',#1829,1.);
#1829 = DIRECTION('',(0.,0.,1.));
#1830 = ORIENTED_EDGE('',*,*,#1831,.T.);
#1831 = EDGE_CURVE('',#1824,#1832,#1834,.T.);
#1832 = VERTEX_POINT('',#1833);
#1833 = CARTESIAN_POINT('',(3.177520593686E+04,7.477941660228E+03,
    -4.4E+03));
#1834 = LINE('',#1835,#1836);
#1835 = CARTESIAN_POINT('',(3.117520593686E+04,7.477941660228E+03,
    -4.4E+03));
#1836 = VECTOR('',#1837,1.);
#1837 = DIRECTION('',(1.,0.,0.));
#1838 = ORIENTED_EDGE('',*,*,#1839,.F.);
#1839 = EDGE_CURVE('',#1840,#1832,#1842,.T.);
#1840 = VERTEX_POINT('',#1841);
#1841 = CARTESIAN_POINT('',(3.177520593686E+04,7.477941660228E+03,
    -8.8E+03));
#1842 = LINE('',#1843,#1844);
#1843 = CARTESIAN_POINT('',(3.177520593686E+04,7.477941660228E+03,
    -8.8E+03));
#1844 = VECTOR('',#1845,1.);
#1845 = DIRECTION('',(0.,0.,1.));
#1846 = ORIENTED_EDGE('',*,*,#1847,.F.);
#1847 = EDGE_CURVE('',#1822,#1840,#1848,.T.);
#1848 = LINE('',#1849,#1850);
#1849 = CARTESIAN_POINT('',(3.117520593686E+04,7.477941660228E+03,
    -8.8E+03));
#1850 = VECTOR('',#1851,1.);
#1851 = DIRECTION('',(1.,0.,0.));
#1852 = PLANE('',#1853);
#1853 = AXIS2_PLACEMENT_3D('',#1854,#1855,#1856);
#1854 = CARTESIAN_POINT('',(3.117520593686E+04,7.477941660228E+03,
    -8.8E+03));
#1855 = DIRECTION('',(0.,1.,0.));
#1856 = DIRECTION('',(1.,0.,0.));
#1857 = ADVANCED_FACE('',(#1858),#1883,.F.);
#1858 = FACE_BOUND('',#1859,.F.);
#1859 = EDGE_LOOP('',(#1860,#1861,#1869,#1877));
#1860 = ORIENTED_EDGE('',*,*,#1839,.T.);
#1861 = ORIENTED_EDGE('',*,*,#1862,.T.);
#1862 = EDGE_CURVE('',#1832,#1863,#1865,.T.);
#1863 = VERTEX_POINT('',#1864);
#1864 = CARTESIAN_POINT('',(3.177520593686E+04,8.677941660228E+03,
    -4.4E+03));
#1865 = LINE('',#1866,#1867);
#1866 = CARTESIAN_POINT('',(3.177520593686E+04,7.477941660228E+03,
    -4.4E+03));
#1867 = VECTOR('',#1868,1.);
#1868 = DIRECTION('',(0.,1.,0.));
#1869 = ORIENTED_EDGE('',*,*,#1870,.F.);
#1870 = EDGE_CURVE('',#1871,#1863,#1873,.T.);
#1871 = VERTEX_POINT('',#1872);
#1872 = CARTESIAN_POINT('',(3.177520593686E+04,8.677941660228E+03,
    -8.8E+03));
#1873 = LINE('',#1874,#1875);
#1874 = CARTESIAN_POINT('',(3.177520593686E+04,8.677941660228E+03,
    -8.8E+03));
#1875 = VECTOR('',#1876,1.);
#1876 = DIRECTION('',(0.,0.,1.));
#1877 = ORIENTED_EDGE('',*,*,#1878,.F.);
#1878 = EDGE_CURVE('',#1840,#1871,#1879,.T.);
#1879 = LINE('',#1880,#1881);
#1880 = CARTESIAN_POINT('',(3.177520593686E+04,7.477941660228E+03,
    -8.8E+03));
#1881 = VECTOR('',#1882,1.);
#1882 = DIRECTION('',(0.,1.,0.));
#1883 = PLANE('',#1884);
#1884 = AXIS2_PLACEMENT_3D('',#1885,#1886,#1887);
#1885 = CARTESIAN_POINT('',(3.177520593686E+04,7.477941660228E+03,
    -8.8E+03));
#1886 = DIRECTION('',(-1.,0.,0.));
#1887 = DIRECTION('',(0.,1.,0.));
#1888 = ADVANCED_FACE('',(#1889),#1914,.F.);
#1889 = FACE_BOUND('',#1890,.F.);
#1890 = EDGE_LOOP('',(#1891,#1892,#1900,#1908));
#1891 = ORIENTED_EDGE('',*,*,#1870,.T.);
#1892 = ORIENTED_EDGE('',*,*,#1893,.T.);
#1893 = EDGE_CURVE('',#1863,#1894,#1896,.T.);
#1894 = VERTEX_POINT('',#1895);
#1895 = CARTESIAN_POINT('',(3.117520593686E+04,8.677941660228E+03,
    -4.4E+03));
#1896 = LINE('',#1897,#1898);
#1897 = CARTESIAN_POINT('',(3.177520593686E+04,8.677941660228E+03,
    -4.4E+03));
#1898 = VECTOR('',#1899,1.);
#1899 = DIRECTION('',(-1.,0.,0.));
#1900 = ORIENTED_EDGE('',*,*,#1901,.F.);
#1901 = EDGE_CURVE('',#1902,#1894,#1904,.T.);
#1902 = VERTEX_POINT('',#1903);
#1903 = CARTESIAN_POINT('',(3.117520593686E+04,8.677941660228E+03,
    -8.8E+03));
#1904 = LINE('',#1905,#1906);
#1905 = CARTESIAN_POINT('',(3.117520593686E+04,8.677941660228E+03,
    -8.8E+03));
#1906 = VECTOR('',#1907,1.);
#1907 = DIRECTION('',(0.,0.,1.));
#1908 = ORIENTED_EDGE('',*,*,#1909,.F.);
#1909 = EDGE_CURVE('',#1871,#1902,#1910,.T.);
#1910 = LINE('',#1911,#1912);
#1911 = CARTESIAN_POINT('',(3.177520593686E+04,8.677941660228E+03,
    -8.8E+03));
#1912 = VECTOR('',#1913,1.);
#1913 = DIRECTION('',(-1.,0.,0.));
#1914 = PLANE('',#1915);
#1915 = AXIS2_PLACEMENT_3D('',#1916,#1917,#1918);
#1916 = CARTESIAN_POINT('',(3.177520593686E+04,8.677941660228E+03,
    -8.8E+03));
#1917 = DIRECTION('',(0.,-1.,0.));
#1918 = DIRECTION('',(-1.,0.,0.));
#1919 = ADVANCED_FACE('',(#1920),#1936,.F.);
#1920 = FACE_BOUND('',#1921,.F.);
#1921 = EDGE_LOOP('',(#1922,#1923,#1929,#1930));
#1922 = ORIENTED_EDGE('',*,*,#1901,.T.);
#1923 = ORIENTED_EDGE('',*,*,#1924,.T.);
#1924 = EDGE_CURVE('',#1894,#1824,#1925,.T.);
#1925 = LINE('',#1926,#1927);
#1926 = CARTESIAN_POINT('',(3.117520593686E+04,8.677941660228E+03,
    -4.4E+03));
#1927 = VECTOR('',#1928,1.);
#1928 = DIRECTION('',(0.,-1.,0.));
#1929 = ORIENTED_EDGE('',*,*,#1821,.F.);
#1930 = ORIENTED_EDGE('',*,*,#1931,.F.);
#1931 = EDGE_CURVE('',#1902,#1822,#1932,.T.);
#1932 = LINE('',#1933,#1934);
#1933 = CARTESIAN_POINT('',(3.117520593686E+04,8.677941660228E+03,
    -8.8E+03));
#1934 = VECTOR('',#1935,1.);
#1935 = DIRECTION('',(0.,-1.,0.));
#1936 = PLANE('',#1937);
#1937 = AXIS2_PLACEMENT_3D('',#1938,#1939,#1940);
#1938 = CARTESIAN_POINT('',(3.117520593686E+04,8.677941660228E+03,
    -8.8E+03));
#1939 = DIRECTION('',(1.,0.,-0.));
#1940 = DIRECTION('',(0.,-1.,0.));
#1941 = ADVANCED_FACE('',(#1942),#1948,.F.);
#1942 = FACE_BOUND('',#1943,.F.);
#1943 = EDGE_LOOP('',(#1944,#1945,#1946,#1947));
#1944 = ORIENTED_EDGE('',*,*,#1847,.T.);
#1945 = ORIENTED_EDGE('',*,*,#1878,.T.);
#1946 = ORIENTED_EDGE('',*,*,#1909,.T.);
#1947 = ORIENTED_EDGE('',*,*,#1931,.T.);
#1948 = PLANE('',#1949);
#1949 = AXIS2_PLACEMENT_3D('',#1950,#1951,#1952);
#1950 = CARTESIAN_POINT('',(3.147520593686E+04,8.077941660228E+03,
    -8.8E+03));
#1951 = DIRECTION('',(0.,0.,1.));
#1952 = DIRECTION('',(1.,0.,-0.));
#1953 = ADVANCED_FACE('',(#1954),#1960,.T.);
#1954 = FACE_BOUND('',#1955,.T.);
#1955 = EDGE_LOOP('',(#1956,#1957,#1958,#1959));
#1956 = ORIENTED_EDGE('',*,*,#1831,.T.);
#1957 = ORIENTED_EDGE('',*,*,#1862,.T.);
#1958 = ORIENTED_EDGE('',*,*,#1893,.T.);
#1959 = ORIENTED_EDGE('',*,*,#1924,.T.);
#1960 = PLANE('',#1961);
#1961 = AXIS2_PLACEMENT_3D('',#1962,#1963,#1964);
#1962 = CARTESIAN_POINT('',(3.147520593686E+04,8.077941660228E+03,
    -4.4E+03));
#1963 = DIRECTION('',(0.,0.,1.));
#1964 = DIRECTION('',(1.,0.,-0.));
#1965 = MANIFOLD_SOLID_BREP('',#1966);
#1966 = CLOSED_SHELL('',(#1967,#2007,#2038,#2069,#2091,#2103));
#1967 = ADVANCED_FACE('',(#1968),#2002,.F.);
#1968 = FACE_BOUND('',#1969,.F.);
#1969 = EDGE_LOOP('',(#1970,#1980,#1988,#1996));
#1970 = ORIENTED_EDGE('',*,*,#1971,.T.);
#1971 = EDGE_CURVE('',#1972,#1974,#1976,.T.);
#1972 = VERTEX_POINT('',#1973);
#1973 = CARTESIAN_POINT('',(1.537520593683E+04,1.567794158591E+04,
    -8.8E+03));
#1974 = VERTEX_POINT('',#1975);
#1975 = CARTESIAN_POINT('',(1.537520593683E+04,1.567794158591E+04,
    -4.4E+03));
#1976 = LINE('',#1977,#1978);
#1977 = CARTESIAN_POINT('',(1.537520593683E+04,1.567794158591E+04,
    -8.8E+03));
#1978 = VECTOR('',#1979,1.);
#1979 = DIRECTION('',(0.,0.,1.));
#1980 = ORIENTED_EDGE('',*,*,#1981,.T.);
#1981 = EDGE_CURVE('',#1974,#1982,#1984,.T.);
#1982 = VERTEX_POINT('',#1983);
#1983 = CARTESIAN_POINT('',(1.597520593683E+04,1.567794158591E+04,
    -4.4E+03));
#1984 = LINE('',#1985,#1986);
#1985 = CARTESIAN_POINT('',(1.537520593683E+04,1.567794158591E+04,
    -4.4E+03));
#1986 = VECTOR('',#1987,1.);
#1987 = DIRECTION('',(1.,0.,0.));
#1988 = ORIENTED_EDGE('',*,*,#1989,.F.);
#1989 = EDGE_CURVE('',#1990,#1982,#1992,.T.);
#1990 = VERTEX_POINT('',#1991);
#1991 = CARTESIAN_POINT('',(1.597520593683E+04,1.567794158591E+04,
    -8.8E+03));
#1992 = LINE('',#1993,#1994);
#1993 = CARTESIAN_POINT('',(1.597520593683E+04,1.567794158591E+04,
    -8.8E+03));
#1994 = VECTOR('',#1995,1.);
#1995 = DIRECTION('',(0.,0.,1.));
#1996 = ORIENTED_EDGE('',*,*,#1997,.F.);
#1997 = EDGE_CURVE('',#1972,#1990,#1998,.T.);
#1998 = LINE('',#1999,#2000);
#1999 = CARTESIAN_POINT('',(1.537520593683E+04,1.567794158591E+04,
    -8.8E+03));
#2000 = VECTOR('',#2001,1.);
#2001 = DIRECTION('',(1.,0.,0.));
#2002 = PLANE('',#2003);
#2003 = AXIS2_PLACEMENT_3D('',#2004,#2005,#2006);
#2004 = CARTESIAN_POINT('',(1.537520593683E+04,1.567794158591E+04,
    -8.8E+03));
#2005 = DIRECTION('',(0.,1.,0.));
#2006 = DIRECTION('',(1.,0.,0.));
#2007 = ADVANCED_FACE('',(#2008),#2033,.F.);
#2008 = FACE_BOUND('',#2009,.F.);
#2009 = EDGE_LOOP('',(#2010,#2011,#2019,#2027));
#2010 = ORIENTED_EDGE('',*,*,#1989,.T.);
#2011 = ORIENTED_EDGE('',*,*,#2012,.T.);
#2012 = EDGE_CURVE('',#1982,#2013,#2015,.T.);
#2013 = VERTEX_POINT('',#2014);
#2014 = CARTESIAN_POINT('',(1.597520593683E+04,1.687794158591E+04,
    -4.4E+03));
#2015 = LINE('',#2016,#2017);
#2016 = CARTESIAN_POINT('',(1.597520593683E+04,1.567794158591E+04,
    -4.4E+03));
#2017 = VECTOR('',#2018,1.);
#2018 = DIRECTION('',(0.,1.,0.));
#2019 = ORIENTED_EDGE('',*,*,#2020,.F.);
#2020 = EDGE_CURVE('',#2021,#2013,#2023,.T.);
#2021 = VERTEX_POINT('',#2022);
#2022 = CARTESIAN_POINT('',(1.597520593683E+04,1.687794158591E+04,
    -8.8E+03));
#2023 = LINE('',#2024,#2025);
#2024 = CARTESIAN_POINT('',(1.597520593683E+04,1.687794158591E+04,
    -8.8E+03));
#2025 = VECTOR('',#2026,1.);
#2026 = DIRECTION('',(0.,0.,1.));
#2027 = ORIENTED_EDGE('',*,*,#2028,.F.);
#2028 = EDGE_CURVE('',#1990,#2021,#2029,.T.);
#2029 = LINE('',#2030,#2031);
#2030 = CARTESIAN_POINT('',(1.597520593683E+04,1.567794158591E+04,
    -8.8E+03));
#2031 = VECTOR('',#2032,1.);
#2032 = DIRECTION('',(0.,1.,0.));
#2033 = PLANE('',#2034);
#2034 = AXIS2_PLACEMENT_3D('',#2035,#2036,#2037);
#2035 = CARTESIAN_POINT('',(1.597520593683E+04,1.567794158591E+04,
    -8.8E+03));
#2036 = DIRECTION('',(-1.,0.,0.));
#2037 = DIRECTION('',(0.,1.,0.));
#2038 = ADVANCED_FACE('',(#2039),#2064,.F.);
#2039 = FACE_BOUND('',#2040,.F.);
#2040 = EDGE_LOOP('',(#2041,#2042,#2050,#2058));
#2041 = ORIENTED_EDGE('',*,*,#2020,.T.);
#2042 = ORIENTED_EDGE('',*,*,#2043,.T.);
#2043 = EDGE_CURVE('',#2013,#2044,#2046,.T.);
#2044 = VERTEX_POINT('',#2045);
#2045 = CARTESIAN_POINT('',(1.537520593683E+04,1.687794158591E+04,
    -4.4E+03));
#2046 = LINE('',#2047,#2048);
#2047 = CARTESIAN_POINT('',(1.597520593683E+04,1.687794158591E+04,
    -4.4E+03));
#2048 = VECTOR('',#2049,1.);
#2049 = DIRECTION('',(-1.,0.,0.));
#2050 = ORIENTED_EDGE('',*,*,#2051,.F.);
#2051 = EDGE_CURVE('',#2052,#2044,#2054,.T.);
#2052 = VERTEX_POINT('',#2053);
#2053 = CARTESIAN_POINT('',(1.537520593683E+04,1.687794158591E+04,
    -8.8E+03));
#2054 = LINE('',#2055,#2056);
#2055 = CARTESIAN_POINT('',(1.537520593683E+04,1.687794158591E+04,
    -8.8E+03));
#2056 = VECTOR('',#2057,1.);
#2057 = DIRECTION('',(0.,0.,1.));
#2058 = ORIENTED_EDGE('',*,*,#2059,.F.);
#2059 = EDGE_CURVE('',#2021,#2052,#2060,.T.);
#2060 = LINE('',#2061,#2062);
#2061 = CARTESIAN_POINT('',(1.597520593683E+04,1.687794158591E+04,
    -8.8E+03));
#2062 = VECTOR('',#2063,1.);
#2063 = DIRECTION('',(-1.,0.,0.));
#2064 = PLANE('',#2065);
#2065 = AXIS2_PLACEMENT_3D('',#2066,#2067,#2068);
#2066 = CARTESIAN_POINT('',(1.597520593683E+04,1.687794158591E+04,
    -8.8E+03));
#2067 = DIRECTION('',(0.,-1.,0.));
#2068 = DIRECTION('',(-1.,0.,0.));
#2069 = ADVANCED_FACE('',(#2070),#2086,.F.);
#2070 = FACE_BOUND('',#2071,.F.);
#2071 = EDGE_LOOP('',(#2072,#2073,#2079,#2080));
#2072 = ORIENTED_EDGE('',*,*,#2051,.T.);
#2073 = ORIENTED_EDGE('',*,*,#2074,.T.);
#2074 = EDGE_CURVE('',#2044,#1974,#2075,.T.);
#2075 = LINE('',#2076,#2077);
#2076 = CARTESIAN_POINT('',(1.537520593683E+04,1.687794158591E+04,
    -4.4E+03));
#2077 = VECTOR('',#2078,1.);
#2078 = DIRECTION('',(0.,-1.,0.));
#2079 = ORIENTED_EDGE('',*,*,#1971,.F.);
#2080 = ORIENTED_EDGE('',*,*,#2081,.F.);
#2081 = EDGE_CURVE('',#2052,#1972,#2082,.T.);
#2082 = LINE('',#2083,#2084);
#2083 = CARTESIAN_POINT('',(1.537520593683E+04,1.687794158591E+04,
    -8.8E+03));
#2084 = VECTOR('',#2085,1.);
#2085 = DIRECTION('',(0.,-1.,0.));
#2086 = PLANE('',#2087);
#2087 = AXIS2_PLACEMENT_3D('',#2088,#2089,#2090);
#2088 = CARTESIAN_POINT('',(1.537520593683E+04,1.687794158591E+04,
    -8.8E+03));
#2089 = DIRECTION('',(1.,0.,-0.));
#2090 = DIRECTION('',(0.,-1.,0.));
#2091 = ADVANCED_FACE('',(#2092),#2098,.F.);
#2092 = FACE_BOUND('',#2093,.F.);
#2093 = EDGE_LOOP('',(#2094,#2095,#2096,#2097));
#2094 = ORIENTED_EDGE('',*,*,#1997,.T.);
#2095 = ORIENTED_EDGE('',*,*,#2028,.T.);
#2096 = ORIENTED_EDGE('',*,*,#2059,.T.);
#2097 = ORIENTED_EDGE('',*,*,#2081,.T.);
#2098 = PLANE('',#2099);
#2099 = AXIS2_PLACEMENT_3D('',#2100,#2101,#2102);
#2100 = CARTESIAN_POINT('',(1.567520593683E+04,1.627794158591E+04,
    -8.8E+03));
#2101 = DIRECTION('',(0.,0.,1.));
#2102 = DIRECTION('',(1.,0.,-0.));
#2103 = ADVANCED_FACE('',(#2104),#2110,.T.);
#2104 = FACE_BOUND('',#2105,.T.);
#2105 = EDGE_LOOP('',(#2106,#2107,#2108,#2109));
#2106 = ORIENTED_EDGE('',*,*,#1981,.T.);
#2107 = ORIENTED_EDGE('',*,*,#2012,.T.);
#2108 = ORIENTED_EDGE('',*,*,#2043,.T.);
#2109 = ORIENTED_EDGE('',*,*,#2074,.T.);
#2110 = PLANE('',#2111);
#2111 = AXIS2_PLACEMENT_3D('',#2112,#2113,#2114);
#2112 = CARTESIAN_POINT('',(1.567520593683E+04,1.627794158591E+04,
    -4.4E+03));
#2113 = DIRECTION('',(0.,0.,1.));
#2114 = DIRECTION('',(1.,0.,-0.));
#2115 = MANIFOLD_SOLID_BREP('',#2116);
#2116 = CLOSED_SHELL('',(#2117,#2157,#2188,#2219,#2241,#2253));
#2117 = ADVANCED_FACE('',(#2118),#2152,.F.);
#2118 = FACE_BOUND('',#2119,.F.);
#2119 = EDGE_LOOP('',(#2120,#2130,#2138,#2146));
#2120 = ORIENTED_EDGE('',*,*,#2121,.T.);
#2121 = EDGE_CURVE('',#2122,#2124,#2126,.T.);
#2122 = VERTEX_POINT('',#2123);
#2123 = CARTESIAN_POINT('',(1.537520594428E+04,2.057794158572E+04,
    -8.8E+03));
#2124 = VERTEX_POINT('',#2125);
#2125 = CARTESIAN_POINT('',(1.537520594428E+04,2.057794158572E+04,
    -4.4E+03));
#2126 = LINE('',#2127,#2128);
#2127 = CARTESIAN_POINT('',(1.537520594428E+04,2.057794158572E+04,
    -8.8E+03));
#2128 = VECTOR('',#2129,1.);
#2129 = DIRECTION('',(0.,0.,1.));
#2130 = ORIENTED_EDGE('',*,*,#2131,.T.);
#2131 = EDGE_CURVE('',#2124,#2132,#2134,.T.);
#2132 = VERTEX_POINT('',#2133);
#2133 = CARTESIAN_POINT('',(1.597520594428E+04,2.057794158572E+04,
    -4.4E+03));
#2134 = LINE('',#2135,#2136);
#2135 = CARTESIAN_POINT('',(1.537520594428E+04,2.057794158572E+04,
    -4.4E+03));
#2136 = VECTOR('',#2137,1.);
#2137 = DIRECTION('',(1.,0.,0.));
#2138 = ORIENTED_EDGE('',*,*,#2139,.F.);
#2139 = EDGE_CURVE('',#2140,#2132,#2142,.T.);
#2140 = VERTEX_POINT('',#2141);
#2141 = CARTESIAN_POINT('',(1.597520594428E+04,2.057794158572E+04,
    -8.8E+03));
#2142 = LINE('',#2143,#2144);
#2143 = CARTESIAN_POINT('',(1.597520594428E+04,2.057794158572E+04,
    -8.8E+03));
#2144 = VECTOR('',#2145,1.);
#2145 = DIRECTION('',(0.,0.,1.));
#2146 = ORIENTED_EDGE('',*,*,#2147,.F.);
#2147 = EDGE_CURVE('',#2122,#2140,#2148,.T.);
#2148 = LINE('',#2149,#2150);
#2149 = CARTESIAN_POINT('',(1.537520594428E+04,2.057794158572E+04,
    -8.8E+03));
#2150 = VECTOR('',#2151,1.);
#2151 = DIRECTION('',(1.,0.,0.));
#2152 = PLANE('',#2153);
#2153 = AXIS2_PLACEMENT_3D('',#2154,#2155,#2156);
#2154 = CARTESIAN_POINT('',(1.537520594428E+04,2.057794158572E+04,
    -8.8E+03));
#2155 = DIRECTION('',(0.,1.,0.));
#2156 = DIRECTION('',(1.,0.,0.));
#2157 = ADVANCED_FACE('',(#2158),#2183,.F.);
#2158 = FACE_BOUND('',#2159,.F.);
#2159 = EDGE_LOOP('',(#2160,#2161,#2169,#2177));
#2160 = ORIENTED_EDGE('',*,*,#2139,.T.);
#2161 = ORIENTED_EDGE('',*,*,#2162,.T.);
#2162 = EDGE_CURVE('',#2132,#2163,#2165,.T.);
#2163 = VERTEX_POINT('',#2164);
#2164 = CARTESIAN_POINT('',(1.597520594428E+04,2.157794158572E+04,
    -4.4E+03));
#2165 = LINE('',#2166,#2167);
#2166 = CARTESIAN_POINT('',(1.597520594428E+04,2.057794158572E+04,
    -4.4E+03));
#2167 = VECTOR('',#2168,1.);
#2168 = DIRECTION('',(0.,1.,0.));
#2169 = ORIENTED_EDGE('',*,*,#2170,.F.);
#2170 = EDGE_CURVE('',#2171,#2163,#2173,.T.);
#2171 = VERTEX_POINT('',#2172);
#2172 = CARTESIAN_POINT('',(1.597520594428E+04,2.157794158572E+04,
    -8.8E+03));
#2173 = LINE('',#2174,#2175);
#2174 = CARTESIAN_POINT('',(1.597520594428E+04,2.157794158572E+04,
    -8.8E+03));
#2175 = VECTOR('',#2176,1.);
#2176 = DIRECTION('',(0.,0.,1.));
#2177 = ORIENTED_EDGE('',*,*,#2178,.F.);
#2178 = EDGE_CURVE('',#2140,#2171,#2179,.T.);
#2179 = LINE('',#2180,#2181);
#2180 = CARTESIAN_POINT('',(1.597520594428E+04,2.057794158572E+04,
    -8.8E+03));
#2181 = VECTOR('',#2182,1.);
#2182 = DIRECTION('',(0.,1.,0.));
#2183 = PLANE('',#2184);
#2184 = AXIS2_PLACEMENT_3D('',#2185,#2186,#2187);
#2185 = CARTESIAN_POINT('',(1.597520594428E+04,2.057794158572E+04,
    -8.8E+03));
#2186 = DIRECTION('',(-1.,0.,0.));
#2187 = DIRECTION('',(0.,1.,0.));
#2188 = ADVANCED_FACE('',(#2189),#2214,.F.);
#2189 = FACE_BOUND('',#2190,.F.);
#2190 = EDGE_LOOP('',(#2191,#2192,#2200,#2208));
#2191 = ORIENTED_EDGE('',*,*,#2170,.T.);
#2192 = ORIENTED_EDGE('',*,*,#2193,.T.);
#2193 = EDGE_CURVE('',#2163,#2194,#2196,.T.);
#2194 = VERTEX_POINT('',#2195);
#2195 = CARTESIAN_POINT('',(1.537520594428E+04,2.157794158572E+04,
    -4.4E+03));
#2196 = LINE('',#2197,#2198);
#2197 = CARTESIAN_POINT('',(1.597520594428E+04,2.157794158572E+04,
    -4.4E+03));
#2198 = VECTOR('',#2199,1.);
#2199 = DIRECTION('',(-1.,0.,0.));
#2200 = ORIENTED_EDGE('',*,*,#2201,.F.);
#2201 = EDGE_CURVE('',#2202,#2194,#2204,.T.);
#2202 = VERTEX_POINT('',#2203);
#2203 = CARTESIAN_POINT('',(1.537520594428E+04,2.157794158572E+04,
    -8.8E+03));
#2204 = LINE('',#2205,#2206);
#2205 = CARTESIAN_POINT('',(1.537520594428E+04,2.157794158572E+04,
    -8.8E+03));
#2206 = VECTOR('',#2207,1.);
#2207 = DIRECTION('',(0.,0.,1.));
#2208 = ORIENTED_EDGE('',*,*,#2209,.F.);
#2209 = EDGE_CURVE('',#2171,#2202,#2210,.T.);
#2210 = LINE('',#2211,#2212);
#2211 = CARTESIAN_POINT('',(1.597520594428E+04,2.157794158572E+04,
    -8.8E+03));
#2212 = VECTOR('',#2213,1.);
#2213 = DIRECTION('',(-1.,0.,0.));
#2214 = PLANE('',#2215);
#2215 = AXIS2_PLACEMENT_3D('',#2216,#2217,#2218);
#2216 = CARTESIAN_POINT('',(1.597520594428E+04,2.157794158572E+04,
    -8.8E+03));
#2217 = DIRECTION('',(0.,-1.,0.));
#2218 = DIRECTION('',(-1.,0.,0.));
#2219 = ADVANCED_FACE('',(#2220),#2236,.F.);
#2220 = FACE_BOUND('',#2221,.F.);
#2221 = EDGE_LOOP('',(#2222,#2223,#2229,#2230));
#2222 = ORIENTED_EDGE('',*,*,#2201,.T.);
#2223 = ORIENTED_EDGE('',*,*,#2224,.T.);
#2224 = EDGE_CURVE('',#2194,#2124,#2225,.T.);
#2225 = LINE('',#2226,#2227);
#2226 = CARTESIAN_POINT('',(1.537520594428E+04,2.157794158572E+04,
    -4.4E+03));
#2227 = VECTOR('',#2228,1.);
#2228 = DIRECTION('',(0.,-1.,0.));
#2229 = ORIENTED_EDGE('',*,*,#2121,.F.);
#2230 = ORIENTED_EDGE('',*,*,#2231,.F.);
#2231 = EDGE_CURVE('',#2202,#2122,#2232,.T.);
#2232 = LINE('',#2233,#2234);
#2233 = CARTESIAN_POINT('',(1.537520594428E+04,2.157794158572E+04,
    -8.8E+03));
#2234 = VECTOR('',#2235,1.);
#2235 = DIRECTION('',(0.,-1.,0.));
#2236 = PLANE('',#2237);
#2237 = AXIS2_PLACEMENT_3D('',#2238,#2239,#2240);
#2238 = CARTESIAN_POINT('',(1.537520594428E+04,2.157794158572E+04,
    -8.8E+03));
#2239 = DIRECTION('',(1.,0.,-0.));
#2240 = DIRECTION('',(0.,-1.,0.));
#2241 = ADVANCED_FACE('',(#2242),#2248,.F.);
#2242 = FACE_BOUND('',#2243,.F.);
#2243 = EDGE_LOOP('',(#2244,#2245,#2246,#2247));
#2244 = ORIENTED_EDGE('',*,*,#2147,.T.);
#2245 = ORIENTED_EDGE('',*,*,#2178,.T.);
#2246 = ORIENTED_EDGE('',*,*,#2209,.T.);
#2247 = ORIENTED_EDGE('',*,*,#2231,.T.);
#2248 = PLANE('',#2249);
#2249 = AXIS2_PLACEMENT_3D('',#2250,#2251,#2252);
#2250 = CARTESIAN_POINT('',(1.567520594428E+04,2.107794158572E+04,
    -8.8E+03));
#2251 = DIRECTION('',(0.,0.,1.));
#2252 = DIRECTION('',(1.,0.,-0.));
#2253 = ADVANCED_FACE('',(#2254),#2260,.T.);
#2254 = FACE_BOUND('',#2255,.T.);
#2255 = EDGE_LOOP('',(#2256,#2257,#2258,#2259));
#2256 = ORIENTED_EDGE('',*,*,#2131,.T.);
#2257 = ORIENTED_EDGE('',*,*,#2162,.T.);
#2258 = ORIENTED_EDGE('',*,*,#2193,.T.);
#2259 = ORIENTED_EDGE('',*,*,#2224,.T.);
#2260 = PLANE('',#2261);
#2261 = AXIS2_PLACEMENT_3D('',#2262,#2263,#2264);
#2262 = CARTESIAN_POINT('',(1.567520594428E+04,2.107794158572E+04,
    -4.4E+03));
#2263 = DIRECTION('',(0.,0.,1.));
#2264 = DIRECTION('',(1.,0.,-0.));
#2265 = MANIFOLD_SOLID_BREP('',#2266);
#2266 = CLOSED_SHELL('',(#2267,#2307,#2338,#2369,#2391,#2403));
#2267 = ADVANCED_FACE('',(#2268),#2302,.F.);
#2268 = FACE_BOUND('',#2269,.F.);
#2269 = EDGE_LOOP('',(#2270,#2280,#2288,#2296));
#2270 = ORIENTED_EDGE('',*,*,#2271,.T.);
#2271 = EDGE_CURVE('',#2272,#2274,#2276,.T.);
#2272 = VERTEX_POINT('',#2273);
#2273 = CARTESIAN_POINT('',(2.297520593683E+04,2.037794526406E+04,
    -8.8E+03));
#2274 = VERTEX_POINT('',#2275);
#2275 = CARTESIAN_POINT('',(2.297520593683E+04,2.037794526406E+04,
    -4.4E+03));
#2276 = LINE('',#2277,#2278);
#2277 = CARTESIAN_POINT('',(2.297520593683E+04,2.037794526406E+04,
    -8.8E+03));
#2278 = VECTOR('',#2279,1.);
#2279 = DIRECTION('',(0.,0.,1.));
#2280 = ORIENTED_EDGE('',*,*,#2281,.T.);
#2281 = EDGE_CURVE('',#2274,#2282,#2284,.T.);
#2282 = VERTEX_POINT('',#2283);
#2283 = CARTESIAN_POINT('',(2.357520593683E+04,2.037794526406E+04,
    -4.4E+03));
#2284 = LINE('',#2285,#2286);
#2285 = CARTESIAN_POINT('',(2.297520593683E+04,2.037794526406E+04,
    -4.4E+03));
#2286 = VECTOR('',#2287,1.);
#2287 = DIRECTION('',(1.,0.,0.));
#2288 = ORIENTED_EDGE('',*,*,#2289,.F.);
#2289 = EDGE_CURVE('',#2290,#2282,#2292,.T.);
#2290 = VERTEX_POINT('',#2291);
#2291 = CARTESIAN_POINT('',(2.357520593683E+04,2.037794526406E+04,
    -8.8E+03));
#2292 = LINE('',#2293,#2294);
#2293 = CARTESIAN_POINT('',(2.357520593683E+04,2.037794526406E+04,
    -8.8E+03));
#2294 = VECTOR('',#2295,1.);
#2295 = DIRECTION('',(0.,0.,1.));
#2296 = ORIENTED_EDGE('',*,*,#2297,.F.);
#2297 = EDGE_CURVE('',#2272,#2290,#2298,.T.);
#2298 = LINE('',#2299,#2300);
#2299 = CARTESIAN_POINT('',(2.297520593683E+04,2.037794526406E+04,
    -8.8E+03));
#2300 = VECTOR('',#2301,1.);
#2301 = DIRECTION('',(1.,0.,0.));
#2302 = PLANE('',#2303);
#2303 = AXIS2_PLACEMENT_3D('',#2304,#2305,#2306);
#2304 = CARTESIAN_POINT('',(2.297520593683E+04,2.037794526406E+04,
    -8.8E+03));
#2305 = DIRECTION('',(0.,1.,0.));
#2306 = DIRECTION('',(1.,0.,0.));
#2307 = ADVANCED_FACE('',(#2308),#2333,.F.);
#2308 = FACE_BOUND('',#2309,.F.);
#2309 = EDGE_LOOP('',(#2310,#2311,#2319,#2327));
#2310 = ORIENTED_EDGE('',*,*,#2289,.T.);
#2311 = ORIENTED_EDGE('',*,*,#2312,.T.);
#2312 = EDGE_CURVE('',#2282,#2313,#2315,.T.);
#2313 = VERTEX_POINT('',#2314);
#2314 = CARTESIAN_POINT('',(2.357520593683E+04,2.157794526406E+04,
    -4.4E+03));
#2315 = LINE('',#2316,#2317);
#2316 = CARTESIAN_POINT('',(2.357520593683E+04,2.037794526406E+04,
    -4.4E+03));
#2317 = VECTOR('',#2318,1.);
#2318 = DIRECTION('',(0.,1.,0.));
#2319 = ORIENTED_EDGE('',*,*,#2320,.F.);
#2320 = EDGE_CURVE('',#2321,#2313,#2323,.T.);
#2321 = VERTEX_POINT('',#2322);
#2322 = CARTESIAN_POINT('',(2.357520593683E+04,2.157794526406E+04,
    -8.8E+03));
#2323 = LINE('',#2324,#2325);
#2324 = CARTESIAN_POINT('',(2.357520593683E+04,2.157794526406E+04,
    -8.8E+03));
#2325 = VECTOR('',#2326,1.);
#2326 = DIRECTION('',(0.,0.,1.));
#2327 = ORIENTED_EDGE('',*,*,#2328,.F.);
#2328 = EDGE_CURVE('',#2290,#2321,#2329,.T.);
#2329 = LINE('',#2330,#2331);
#2330 = CARTESIAN_POINT('',(2.357520593683E+04,2.037794526406E+04,
    -8.8E+03));
#2331 = VECTOR('',#2332,1.);
#2332 = DIRECTION('',(0.,1.,0.));
#2333 = PLANE('',#2334);
#2334 = AXIS2_PLACEMENT_3D('',#2335,#2336,#2337);
#2335 = CARTESIAN_POINT('',(2.357520593683E+04,2.037794526406E+04,
    -8.8E+03));
#2336 = DIRECTION('',(-1.,0.,0.));
#2337 = DIRECTION('',(0.,1.,0.));
#2338 = ADVANCED_FACE('',(#2339),#2364,.F.);
#2339 = FACE_BOUND('',#2340,.F.);
#2340 = EDGE_LOOP('',(#2341,#2342,#2350,#2358));
#2341 = ORIENTED_EDGE('',*,*,#2320,.T.);
#2342 = ORIENTED_EDGE('',*,*,#2343,.T.);
#2343 = EDGE_CURVE('',#2313,#2344,#2346,.T.);
#2344 = VERTEX_POINT('',#2345);
#2345 = CARTESIAN_POINT('',(2.297520593683E+04,2.157794526406E+04,
    -4.4E+03));
#2346 = LINE('',#2347,#2348);
#2347 = CARTESIAN_POINT('',(2.357520593683E+04,2.157794526406E+04,
    -4.4E+03));
#2348 = VECTOR('',#2349,1.);
#2349 = DIRECTION('',(-1.,0.,0.));
#2350 = ORIENTED_EDGE('',*,*,#2351,.F.);
#2351 = EDGE_CURVE('',#2352,#2344,#2354,.T.);
#2352 = VERTEX_POINT('',#2353);
#2353 = CARTESIAN_POINT('',(2.297520593683E+04,2.157794526406E+04,
    -8.8E+03));
#2354 = LINE('',#2355,#2356);
#2355 = CARTESIAN_POINT('',(2.297520593683E+04,2.157794526406E+04,
    -8.8E+03));
#2356 = VECTOR('',#2357,1.);
#2357 = DIRECTION('',(0.,0.,1.));
#2358 = ORIENTED_EDGE('',*,*,#2359,.F.);
#2359 = EDGE_CURVE('',#2321,#2352,#2360,.T.);
#2360 = LINE('',#2361,#2362);
#2361 = CARTESIAN_POINT('',(2.357520593683E+04,2.157794526406E+04,
    -8.8E+03));
#2362 = VECTOR('',#2363,1.);
#2363 = DIRECTION('',(-1.,0.,0.));
#2364 = PLANE('',#2365);
#2365 = AXIS2_PLACEMENT_3D('',#2366,#2367,#2368);
#2366 = CARTESIAN_POINT('',(2.357520593683E+04,2.157794526406E+04,
    -8.8E+03));
#2367 = DIRECTION('',(0.,-1.,0.));
#2368 = DIRECTION('',(-1.,0.,0.));
#2369 = ADVANCED_FACE('',(#2370),#2386,.F.);
#2370 = FACE_BOUND('',#2371,.F.);
#2371 = EDGE_LOOP('',(#2372,#2373,#2379,#2380));
#2372 = ORIENTED_EDGE('',*,*,#2351,.T.);
#2373 = ORIENTED_EDGE('',*,*,#2374,.T.);
#2374 = EDGE_CURVE('',#2344,#2274,#2375,.T.);
#2375 = LINE('',#2376,#2377);
#2376 = CARTESIAN_POINT('',(2.297520593683E+04,2.157794526406E+04,
    -4.4E+03));
#2377 = VECTOR('',#2378,1.);
#2378 = DIRECTION('',(0.,-1.,0.));
#2379 = ORIENTED_EDGE('',*,*,#2271,.F.);
#2380 = ORIENTED_EDGE('',*,*,#2381,.F.);
#2381 = EDGE_CURVE('',#2352,#2272,#2382,.T.);
#2382 = LINE('',#2383,#2384);
#2383 = CARTESIAN_POINT('',(2.297520593683E+04,2.157794526406E+04,
    -8.8E+03));
#2384 = VECTOR('',#2385,1.);
#2385 = DIRECTION('',(0.,-1.,0.));
#2386 = PLANE('',#2387);
#2387 = AXIS2_PLACEMENT_3D('',#2388,#2389,#2390);
#2388 = CARTESIAN_POINT('',(2.297520593683E+04,2.157794526406E+04,
    -8.8E+03));
#2389 = DIRECTION('',(1.,0.,-0.));
#2390 = DIRECTION('',(0.,-1.,0.));
#2391 = ADVANCED_FACE('',(#2392),#2398,.F.);
#2392 = FACE_BOUND('',#2393,.F.);
#2393 = EDGE_LOOP('',(#2394,#2395,#2396,#2397));
#2394 = ORIENTED_EDGE('',*,*,#2297,.T.);
#2395 = ORIENTED_EDGE('',*,*,#2328,.T.);
#2396 = ORIENTED_EDGE('',*,*,#2359,.T.);
#2397 = ORIENTED_EDGE('',*,*,#2381,.T.);
#2398 = PLANE('',#2399);
#2399 = AXIS2_PLACEMENT_3D('',#2400,#2401,#2402);
#2400 = CARTESIAN_POINT('',(2.327520593683E+04,2.097794526406E+04,
    -8.8E+03));
#2401 = DIRECTION('',(0.,0.,1.));
#2402 = DIRECTION('',(1.,0.,-0.));
#2403 = ADVANCED_FACE('',(#2404),#2410,.T.);
#2404 = FACE_BOUND('',#2405,.T.);
#2405 = EDGE_LOOP('',(#2406,#2407,#2408,#2409));
#2406 = ORIENTED_EDGE('',*,*,#2281,.T.);
#2407 = ORIENTED_EDGE('',*,*,#2312,.T.);
#2408 = ORIENTED_EDGE('',*,*,#2343,.T.);
#2409 = ORIENTED_EDGE('',*,*,#2374,.T.);
#2410 = PLANE('',#2411);
#2411 = AXIS2_PLACEMENT_3D('',#2412,#2413,#2414);
#2412 = CARTESIAN_POINT('',(2.327520593683E+04,2.097794526406E+04,
    -4.4E+03));
#2413 = DIRECTION('',(0.,0.,1.));
#2414 = DIRECTION('',(1.,0.,-0.));
#2415 = MANIFOLD_SOLID_BREP('',#2416);
#2416 = CLOSED_SHELL('',(#2417,#2457,#2488,#2519,#2541,#2553));
#2417 = ADVANCED_FACE('',(#2418),#2452,.F.);
#2418 = FACE_BOUND('',#2419,.F.);
#2419 = EDGE_LOOP('',(#2420,#2430,#2438,#2446));
#2420 = ORIENTED_EDGE('',*,*,#2421,.T.);
#2421 = EDGE_CURVE('',#2422,#2424,#2426,.T.);
#2422 = VERTEX_POINT('',#2423);
#2423 = CARTESIAN_POINT('',(3.117520593686E+04,2.057794526406E+04,
    -8.8E+03));
#2424 = VERTEX_POINT('',#2425);
#2425 = CARTESIAN_POINT('',(3.117520593686E+04,2.057794526406E+04,
    -4.4E+03));
#2426 = LINE('',#2427,#2428);
#2427 = CARTESIAN_POINT('',(3.117520593686E+04,2.057794526406E+04,
    -8.8E+03));
#2428 = VECTOR('',#2429,1.);
#2429 = DIRECTION('',(0.,0.,1.));
#2430 = ORIENTED_EDGE('',*,*,#2431,.T.);
#2431 = EDGE_CURVE('',#2424,#2432,#2434,.T.);
#2432 = VERTEX_POINT('',#2433);
#2433 = CARTESIAN_POINT('',(3.177520593686E+04,2.057794526406E+04,
    -4.4E+03));
#2434 = LINE('',#2435,#2436);
#2435 = CARTESIAN_POINT('',(3.117520593686E+04,2.057794526406E+04,
    -4.4E+03));
#2436 = VECTOR('',#2437,1.);
#2437 = DIRECTION('',(1.,0.,0.));
#2438 = ORIENTED_EDGE('',*,*,#2439,.F.);
#2439 = EDGE_CURVE('',#2440,#2432,#2442,.T.);
#2440 = VERTEX_POINT('',#2441);
#2441 = CARTESIAN_POINT('',(3.177520593686E+04,2.057794526406E+04,
    -8.8E+03));
#2442 = LINE('',#2443,#2444);
#2443 = CARTESIAN_POINT('',(3.177520593686E+04,2.057794526406E+04,
    -8.8E+03));
#2444 = VECTOR('',#2445,1.);
#2445 = DIRECTION('',(0.,0.,1.));
#2446 = ORIENTED_EDGE('',*,*,#2447,.F.);
#2447 = EDGE_CURVE('',#2422,#2440,#2448,.T.);
#2448 = LINE('',#2449,#2450);
#2449 = CARTESIAN_POINT('',(3.117520593686E+04,2.057794526406E+04,
    -8.8E+03));
#2450 = VECTOR('',#2451,1.);
#2451 = DIRECTION('',(1.,0.,0.));
#2452 = PLANE('',#2453);
#2453 = AXIS2_PLACEMENT_3D('',#2454,#2455,#2456);
#2454 = CARTESIAN_POINT('',(3.117520593686E+04,2.057794526406E+04,
    -8.8E+03));
#2455 = DIRECTION('',(0.,1.,0.));
#2456 = DIRECTION('',(1.,0.,0.));
#2457 = ADVANCED_FACE('',(#2458),#2483,.F.);
#2458 = FACE_BOUND('',#2459,.F.);
#2459 = EDGE_LOOP('',(#2460,#2461,#2469,#2477));
#2460 = ORIENTED_EDGE('',*,*,#2439,.T.);
#2461 = ORIENTED_EDGE('',*,*,#2462,.T.);
#2462 = EDGE_CURVE('',#2432,#2463,#2465,.T.);
#2463 = VERTEX_POINT('',#2464);
#2464 = CARTESIAN_POINT('',(3.177520593686E+04,2.157794526406E+04,
    -4.4E+03));
#2465 = LINE('',#2466,#2467);
#2466 = CARTESIAN_POINT('',(3.177520593686E+04,2.057794526406E+04,
    -4.4E+03));
#2467 = VECTOR('',#2468,1.);
#2468 = DIRECTION('',(0.,1.,0.));
#2469 = ORIENTED_EDGE('',*,*,#2470,.F.);
#2470 = EDGE_CURVE('',#2471,#2463,#2473,.T.);
#2471 = VERTEX_POINT('',#2472);
#2472 = CARTESIAN_POINT('',(3.177520593686E+04,2.157794526406E+04,
    -8.8E+03));
#2473 = LINE('',#2474,#2475);
#2474 = CARTESIAN_POINT('',(3.177520593686E+04,2.157794526406E+04,
    -8.8E+03));
#2475 = VECTOR('',#2476,1.);
#2476 = DIRECTION('',(0.,0.,1.));
#2477 = ORIENTED_EDGE('',*,*,#2478,.F.);
#2478 = EDGE_CURVE('',#2440,#2471,#2479,.T.);
#2479 = LINE('',#2480,#2481);
#2480 = CARTESIAN_POINT('',(3.177520593686E+04,2.057794526406E+04,
    -8.8E+03));
#2481 = VECTOR('',#2482,1.);
#2482 = DIRECTION('',(0.,1.,0.));
#2483 = PLANE('',#2484);
#2484 = AXIS2_PLACEMENT_3D('',#2485,#2486,#2487);
#2485 = CARTESIAN_POINT('',(3.177520593686E+04,2.057794526406E+04,
    -8.8E+03));
#2486 = DIRECTION('',(-1.,0.,0.));
#2487 = DIRECTION('',(0.,1.,0.));
#2488 = ADVANCED_FACE('',(#2489),#2514,.F.);
#2489 = FACE_BOUND('',#2490,.F.);
#2490 = EDGE_LOOP('',(#2491,#2492,#2500,#2508));
#2491 = ORIENTED_EDGE('',*,*,#2470,.T.);
#2492 = ORIENTED_EDGE('',*,*,#2493,.T.);
#2493 = EDGE_CURVE('',#2463,#2494,#2496,.T.);
#2494 = VERTEX_POINT('',#2495);
#2495 = CARTESIAN_POINT('',(3.117520593686E+04,2.157794526406E+04,
    -4.4E+03));
#2496 = LINE('',#2497,#2498);
#2497 = CARTESIAN_POINT('',(3.177520593686E+04,2.157794526406E+04,
    -4.4E+03));
#2498 = VECTOR('',#2499,1.);
#2499 = DIRECTION('',(-1.,0.,0.));
#2500 = ORIENTED_EDGE('',*,*,#2501,.F.);
#2501 = EDGE_CURVE('',#2502,#2494,#2504,.T.);
#2502 = VERTEX_POINT('',#2503);
#2503 = CARTESIAN_POINT('',(3.117520593686E+04,2.157794526406E+04,
    -8.8E+03));
#2504 = LINE('',#2505,#2506);
#2505 = CARTESIAN_POINT('',(3.117520593686E+04,2.157794526406E+04,
    -8.8E+03));
#2506 = VECTOR('',#2507,1.);
#2507 = DIRECTION('',(0.,0.,1.));
#2508 = ORIENTED_EDGE('',*,*,#2509,.F.);
#2509 = EDGE_CURVE('',#2471,#2502,#2510,.T.);
#2510 = LINE('',#2511,#2512);
#2511 = CARTESIAN_POINT('',(3.177520593686E+04,2.157794526406E+04,
    -8.8E+03));
#2512 = VECTOR('',#2513,1.);
#2513 = DIRECTION('',(-1.,0.,0.));
#2514 = PLANE('',#2515);
#2515 = AXIS2_PLACEMENT_3D('',#2516,#2517,#2518);
#2516 = CARTESIAN_POINT('',(3.177520593686E+04,2.157794526406E+04,
    -8.8E+03));
#2517 = DIRECTION('',(0.,-1.,0.));
#2518 = DIRECTION('',(-1.,0.,0.));
#2519 = ADVANCED_FACE('',(#2520),#2536,.F.);
#2520 = FACE_BOUND('',#2521,.F.);
#2521 = EDGE_LOOP('',(#2522,#2523,#2529,#2530));
#2522 = ORIENTED_EDGE('',*,*,#2501,.T.);
#2523 = ORIENTED_EDGE('',*,*,#2524,.T.);
#2524 = EDGE_CURVE('',#2494,#2424,#2525,.T.);
#2525 = LINE('',#2526,#2527);
#2526 = CARTESIAN_POINT('',(3.117520593686E+04,2.157794526406E+04,
    -4.4E+03));
#2527 = VECTOR('',#2528,1.);
#2528 = DIRECTION('',(0.,-1.,0.));
#2529 = ORIENTED_EDGE('',*,*,#2421,.F.);
#2530 = ORIENTED_EDGE('',*,*,#2531,.F.);
#2531 = EDGE_CURVE('',#2502,#2422,#2532,.T.);
#2532 = LINE('',#2533,#2534);
#2533 = CARTESIAN_POINT('',(3.117520593686E+04,2.157794526406E+04,
    -8.8E+03));
#2534 = VECTOR('',#2535,1.);
#2535 = DIRECTION('',(0.,-1.,0.));
#2536 = PLANE('',#2537);
#2537 = AXIS2_PLACEMENT_3D('',#2538,#2539,#2540);
#2538 = CARTESIAN_POINT('',(3.117520593686E+04,2.157794526406E+04,
    -8.8E+03));
#2539 = DIRECTION('',(1.,0.,-0.));
#2540 = DIRECTION('',(0.,-1.,0.));
#2541 = ADVANCED_FACE('',(#2542),#2548,.F.);
#2542 = FACE_BOUND('',#2543,.F.);
#2543 = EDGE_LOOP('',(#2544,#2545,#2546,#2547));
#2544 = ORIENTED_EDGE('',*,*,#2447,.T.);
#2545 = ORIENTED_EDGE('',*,*,#2478,.T.);
#2546 = ORIENTED_EDGE('',*,*,#2509,.T.);
#2547 = ORIENTED_EDGE('',*,*,#2531,.T.);
#2548 = PLANE('',#2549);
#2549 = AXIS2_PLACEMENT_3D('',#2550,#2551,#2552);
#2550 = CARTESIAN_POINT('',(3.147520593686E+04,2.107794526406E+04,
    -8.8E+03));
#2551 = DIRECTION('',(0.,0.,1.));
#2552 = DIRECTION('',(1.,0.,-0.));
#2553 = ADVANCED_FACE('',(#2554),#2560,.T.);
#2554 = FACE_BOUND('',#2555,.T.);
#2555 = EDGE_LOOP('',(#2556,#2557,#2558,#2559));
#2556 = ORIENTED_EDGE('',*,*,#2431,.T.);
#2557 = ORIENTED_EDGE('',*,*,#2462,.T.);
#2558 = ORIENTED_EDGE('',*,*,#2493,.T.);
#2559 = ORIENTED_EDGE('',*,*,#2524,.T.);
#2560 = PLANE('',#2561);
#2561 = AXIS2_PLACEMENT_3D('',#2562,#2563,#2564);
#2562 = CARTESIAN_POINT('',(3.147520593686E+04,2.107794526406E+04,
    -4.4E+03));
#2563 = DIRECTION('',(0.,0.,1.));
#2564 = DIRECTION('',(1.,0.,-0.));
#2565 = MANIFOLD_SOLID_BREP('',#2566);
#2566 = CLOSED_SHELL('',(#2567,#2607,#2638,#2669,#2691,#2703));
#2567 = ADVANCED_FACE('',(#2568),#2602,.F.);
#2568 = FACE_BOUND('',#2569,.F.);
#2569 = EDGE_LOOP('',(#2570,#2580,#2588,#2596));
#2570 = ORIENTED_EDGE('',*,*,#2571,.T.);
#2571 = EDGE_CURVE('',#2572,#2574,#2576,.T.);
#2572 = VERTEX_POINT('',#2573);
#2573 = CARTESIAN_POINT('',(4.527520451706E+04,-2.182206137239E+04,
    -8.8E+03));
#2574 = VERTEX_POINT('',#2575);
#2575 = CARTESIAN_POINT('',(4.527520451706E+04,-2.182206137239E+04,
    -4.4E+03));
#2576 = LINE('',#2577,#2578);
#2577 = CARTESIAN_POINT('',(4.527520451706E+04,-2.182206137239E+04,
    -8.8E+03));
#2578 = VECTOR('',#2579,1.);
#2579 = DIRECTION('',(0.,0.,1.));
#2580 = ORIENTED_EDGE('',*,*,#2581,.T.);
#2581 = EDGE_CURVE('',#2574,#2582,#2584,.T.);
#2582 = VERTEX_POINT('',#2583);
#2583 = CARTESIAN_POINT('',(4.567520451706E+04,-2.182206137239E+04,
    -4.4E+03));
#2584 = LINE('',#2585,#2586);
#2585 = CARTESIAN_POINT('',(4.527520451706E+04,-2.182206137239E+04,
    -4.4E+03));
#2586 = VECTOR('',#2587,1.);
#2587 = DIRECTION('',(1.,0.,0.));
#2588 = ORIENTED_EDGE('',*,*,#2589,.F.);
#2589 = EDGE_CURVE('',#2590,#2582,#2592,.T.);
#2590 = VERTEX_POINT('',#2591);
#2591 = CARTESIAN_POINT('',(4.567520451706E+04,-2.182206137239E+04,
    -8.8E+03));
#2592 = LINE('',#2593,#2594);
#2593 = CARTESIAN_POINT('',(4.567520451706E+04,-2.182206137239E+04,
    -8.8E+03));
#2594 = VECTOR('',#2595,1.);
#2595 = DIRECTION('',(0.,0.,1.));
#2596 = ORIENTED_EDGE('',*,*,#2597,.F.);
#2597 = EDGE_CURVE('',#2572,#2590,#2598,.T.);
#2598 = LINE('',#2599,#2600);
#2599 = CARTESIAN_POINT('',(4.527520451706E+04,-2.182206137239E+04,
    -8.8E+03));
#2600 = VECTOR('',#2601,1.);
#2601 = DIRECTION('',(1.,0.,0.));
#2602 = PLANE('',#2603);
#2603 = AXIS2_PLACEMENT_3D('',#2604,#2605,#2606);
#2604 = CARTESIAN_POINT('',(4.527520451706E+04,-2.182206137239E+04,
    -8.8E+03));
#2605 = DIRECTION('',(0.,1.,0.));
#2606 = DIRECTION('',(1.,0.,0.));
#2607 = ADVANCED_FACE('',(#2608),#2633,.F.);
#2608 = FACE_BOUND('',#2609,.F.);
#2609 = EDGE_LOOP('',(#2610,#2611,#2619,#2627));
#2610 = ORIENTED_EDGE('',*,*,#2589,.T.);
#2611 = ORIENTED_EDGE('',*,*,#2612,.T.);
#2612 = EDGE_CURVE('',#2582,#2613,#2615,.T.);
#2613 = VERTEX_POINT('',#2614);
#2614 = CARTESIAN_POINT('',(4.567520451706E+04,-2.102206137239E+04,
    -4.4E+03));
#2615 = LINE('',#2616,#2617);
#2616 = CARTESIAN_POINT('',(4.567520451706E+04,-2.182206137239E+04,
    -4.4E+03));
#2617 = VECTOR('',#2618,1.);
#2618 = DIRECTION('',(0.,1.,0.));
#2619 = ORIENTED_EDGE('',*,*,#2620,.F.);
#2620 = EDGE_CURVE('',#2621,#2613,#2623,.T.);
#2621 = VERTEX_POINT('',#2622);
#2622 = CARTESIAN_POINT('',(4.567520451706E+04,-2.102206137239E+04,
    -8.8E+03));
#2623 = LINE('',#2624,#2625);
#2624 = CARTESIAN_POINT('',(4.567520451706E+04,-2.102206137239E+04,
    -8.8E+03));
#2625 = VECTOR('',#2626,1.);
#2626 = DIRECTION('',(0.,0.,1.));
#2627 = ORIENTED_EDGE('',*,*,#2628,.F.);
#2628 = EDGE_CURVE('',#2590,#2621,#2629,.T.);
#2629 = LINE('',#2630,#2631);
#2630 = CARTESIAN_POINT('',(4.567520451706E+04,-2.182206137239E+04,
    -8.8E+03));
#2631 = VECTOR('',#2632,1.);
#2632 = DIRECTION('',(0.,1.,0.));
#2633 = PLANE('',#2634);
#2634 = AXIS2_PLACEMENT_3D('',#2635,#2636,#2637);
#2635 = CARTESIAN_POINT('',(4.567520451706E+04,-2.182206137239E+04,
    -8.8E+03));
#2636 = DIRECTION('',(-1.,0.,0.));
#2637 = DIRECTION('',(0.,1.,0.));
#2638 = ADVANCED_FACE('',(#2639),#2664,.F.);
#2639 = FACE_BOUND('',#2640,.F.);
#2640 = EDGE_LOOP('',(#2641,#2642,#2650,#2658));
#2641 = ORIENTED_EDGE('',*,*,#2620,.T.);
#2642 = ORIENTED_EDGE('',*,*,#2643,.T.);
#2643 = EDGE_CURVE('',#2613,#2644,#2646,.T.);
#2644 = VERTEX_POINT('',#2645);
#2645 = CARTESIAN_POINT('',(4.527520451706E+04,-2.102206137239E+04,
    -4.4E+03));
#2646 = LINE('',#2647,#2648);
#2647 = CARTESIAN_POINT('',(4.567520451706E+04,-2.102206137239E+04,
    -4.4E+03));
#2648 = VECTOR('',#2649,1.);
#2649 = DIRECTION('',(-1.,0.,0.));
#2650 = ORIENTED_EDGE('',*,*,#2651,.F.);
#2651 = EDGE_CURVE('',#2652,#2644,#2654,.T.);
#2652 = VERTEX_POINT('',#2653);
#2653 = CARTESIAN_POINT('',(4.527520451706E+04,-2.102206137239E+04,
    -8.8E+03));
#2654 = LINE('',#2655,#2656);
#2655 = CARTESIAN_POINT('',(4.527520451706E+04,-2.102206137239E+04,
    -8.8E+03));
#2656 = VECTOR('',#2657,1.);
#2657 = DIRECTION('',(0.,0.,1.));
#2658 = ORIENTED_EDGE('',*,*,#2659,.F.);
#2659 = EDGE_CURVE('',#2621,#2652,#2660,.T.);
#2660 = LINE('',#2661,#2662);
#2661 = CARTESIAN_POINT('',(4.567520451706E+04,-2.102206137239E+04,
    -8.8E+03));
#2662 = VECTOR('',#2663,1.);
#2663 = DIRECTION('',(-1.,0.,0.));
#2664 = PLANE('',#2665);
#2665 = AXIS2_PLACEMENT_3D('',#2666,#2667,#2668);
#2666 = CARTESIAN_POINT('',(4.567520451706E+04,-2.102206137239E+04,
    -8.8E+03));
#2667 = DIRECTION('',(0.,-1.,0.));
#2668 = DIRECTION('',(-1.,0.,0.));
#2669 = ADVANCED_FACE('',(#2670),#2686,.F.);
#2670 = FACE_BOUND('',#2671,.F.);
#2671 = EDGE_LOOP('',(#2672,#2673,#2679,#2680));
#2672 = ORIENTED_EDGE('',*,*,#2651,.T.);
#2673 = ORIENTED_EDGE('',*,*,#2674,.T.);
#2674 = EDGE_CURVE('',#2644,#2574,#2675,.T.);
#2675 = LINE('',#2676,#2677);
#2676 = CARTESIAN_POINT('',(4.527520451706E+04,-2.102206137239E+04,
    -4.4E+03));
#2677 = VECTOR('',#2678,1.);
#2678 = DIRECTION('',(0.,-1.,0.));
#2679 = ORIENTED_EDGE('',*,*,#2571,.F.);
#2680 = ORIENTED_EDGE('',*,*,#2681,.F.);
#2681 = EDGE_CURVE('',#2652,#2572,#2682,.T.);
#2682 = LINE('',#2683,#2684);
#2683 = CARTESIAN_POINT('',(4.527520451706E+04,-2.102206137239E+04,
    -8.8E+03));
#2684 = VECTOR('',#2685,1.);
#2685 = DIRECTION('',(0.,-1.,0.));
#2686 = PLANE('',#2687);
#2687 = AXIS2_PLACEMENT_3D('',#2688,#2689,#2690);
#2688 = CARTESIAN_POINT('',(4.527520451706E+04,-2.102206137239E+04,
    -8.8E+03));
#2689 = DIRECTION('',(1.,0.,-0.));
#2690 = DIRECTION('',(0.,-1.,0.));
#2691 = ADVANCED_FACE('',(#2692),#2698,.F.);
#2692 = FACE_BOUND('',#2693,.F.);
#2693 = EDGE_LOOP('',(#2694,#2695,#2696,#2697));
#2694 = ORIENTED_EDGE('',*,*,#2597,.T.);
#2695 = ORIENTED_EDGE('',*,*,#2628,.T.);
#2696 = ORIENTED_EDGE('',*,*,#2659,.T.);
#2697 = ORIENTED_EDGE('',*,*,#2681,.T.);
#2698 = PLANE('',#2699);
#2699 = AXIS2_PLACEMENT_3D('',#2700,#2701,#2702);
#2700 = CARTESIAN_POINT('',(4.547520451706E+04,-2.142206137239E+04,
    -8.8E+03));
#2701 = DIRECTION('',(0.,0.,1.));
#2702 = DIRECTION('',(1.,0.,-0.));
#2703 = ADVANCED_FACE('',(#2704),#2710,.T.);
#2704 = FACE_BOUND('',#2705,.T.);
#2705 = EDGE_LOOP('',(#2706,#2707,#2708,#2709));
#2706 = ORIENTED_EDGE('',*,*,#2581,.T.);
#2707 = ORIENTED_EDGE('',*,*,#2612,.T.);
#2708 = ORIENTED_EDGE('',*,*,#2643,.T.);
#2709 = ORIENTED_EDGE('',*,*,#2674,.T.);
#2710 = PLANE('',#2711);
#2711 = AXIS2_PLACEMENT_3D('',#2712,#2713,#2714);
#2712 = CARTESIAN_POINT('',(4.547520451706E+04,-2.142206137239E+04,
    -4.4E+03));
#2713 = DIRECTION('',(0.,0.,1.));
#2714 = DIRECTION('',(1.,0.,-0.));
#2715 = MANIFOLD_SOLID_BREP('',#2716);
#2716 = CLOSED_SHELL('',(#2717,#2757,#2788,#2819,#2841,#2853));
#2717 = ADVANCED_FACE('',(#2718),#2752,.F.);
#2718 = FACE_BOUND('',#2719,.F.);
#2719 = EDGE_LOOP('',(#2720,#2730,#2738,#2746));
#2720 = ORIENTED_EDGE('',*,*,#2721,.T.);
#2721 = EDGE_CURVE('',#2722,#2724,#2726,.T.);
#2722 = VERTEX_POINT('',#2723);
#2723 = CARTESIAN_POINT('',(-5.874243264287E+04,-2.151068895412E+04,
    -8.8E+03));
#2724 = VERTEX_POINT('',#2725);
#2725 = CARTESIAN_POINT('',(-5.874243264287E+04,-2.151068895412E+04,
    -4.4E+03));
#2726 = LINE('',#2727,#2728);
#2727 = CARTESIAN_POINT('',(-5.874243264287E+04,-2.151068895412E+04,
    -8.8E+03));
#2728 = VECTOR('',#2729,1.);
#2729 = DIRECTION('',(0.,0.,1.));
#2730 = ORIENTED_EDGE('',*,*,#2731,.T.);
#2731 = EDGE_CURVE('',#2724,#2732,#2734,.T.);
#2732 = VERTEX_POINT('',#2733);
#2733 = CARTESIAN_POINT('',(-5.834243264287E+04,-2.151068895412E+04,
    -4.4E+03));
#2734 = LINE('',#2735,#2736);
#2735 = CARTESIAN_POINT('',(-5.874243264287E+04,-2.151068895412E+04,
    -4.4E+03));
#2736 = VECTOR('',#2737,1.);
#2737 = DIRECTION('',(1.,0.,0.));
#2738 = ORIENTED_EDGE('',*,*,#2739,.F.);
#2739 = EDGE_CURVE('',#2740,#2732,#2742,.T.);
#2740 = VERTEX_POINT('',#2741);
#2741 = CARTESIAN_POINT('',(-5.834243264287E+04,-2.151068895412E+04,
    -8.8E+03));
#2742 = LINE('',#2743,#2744);
#2743 = CARTESIAN_POINT('',(-5.834243264287E+04,-2.151068895412E+04,
    -8.8E+03));
#2744 = VECTOR('',#2745,1.);
#2745 = DIRECTION('',(0.,0.,1.));
#2746 = ORIENTED_EDGE('',*,*,#2747,.F.);
#2747 = EDGE_CURVE('',#2722,#2740,#2748,.T.);
#2748 = LINE('',#2749,#2750);
#2749 = CARTESIAN_POINT('',(-5.874243264287E+04,-2.151068895412E+04,
    -8.8E+03));
#2750 = VECTOR('',#2751,1.);
#2751 = DIRECTION('',(1.,0.,0.));
#2752 = PLANE('',#2753);
#2753 = AXIS2_PLACEMENT_3D('',#2754,#2755,#2756);
#2754 = CARTESIAN_POINT('',(-5.874243264287E+04,-2.151068895412E+04,
    -8.8E+03));
#2755 = DIRECTION('',(0.,1.,0.));
#2756 = DIRECTION('',(1.,0.,0.));
#2757 = ADVANCED_FACE('',(#2758),#2783,.F.);
#2758 = FACE_BOUND('',#2759,.F.);
#2759 = EDGE_LOOP('',(#2760,#2761,#2769,#2777));
#2760 = ORIENTED_EDGE('',*,*,#2739,.T.);
#2761 = ORIENTED_EDGE('',*,*,#2762,.T.);
#2762 = EDGE_CURVE('',#2732,#2763,#2765,.T.);
#2763 = VERTEX_POINT('',#2764);
#2764 = CARTESIAN_POINT('',(-5.834243264287E+04,-2.071068895412E+04,
    -4.4E+03));
#2765 = LINE('',#2766,#2767);
#2766 = CARTESIAN_POINT('',(-5.834243264287E+04,-2.151068895412E+04,
    -4.4E+03));
#2767 = VECTOR('',#2768,1.);
#2768 = DIRECTION('',(0.,1.,0.));
#2769 = ORIENTED_EDGE('',*,*,#2770,.F.);
#2770 = EDGE_CURVE('',#2771,#2763,#2773,.T.);
#2771 = VERTEX_POINT('',#2772);
#2772 = CARTESIAN_POINT('',(-5.834243264287E+04,-2.071068895412E+04,
    -8.8E+03));
#2773 = LINE('',#2774,#2775);
#2774 = CARTESIAN_POINT('',(-5.834243264287E+04,-2.071068895412E+04,
    -8.8E+03));
#2775 = VECTOR('',#2776,1.);
#2776 = DIRECTION('',(0.,0.,1.));
#2777 = ORIENTED_EDGE('',*,*,#2778,.F.);
#2778 = EDGE_CURVE('',#2740,#2771,#2779,.T.);
#2779 = LINE('',#2780,#2781);
#2780 = CARTESIAN_POINT('',(-5.834243264287E+04,-2.151068895412E+04,
    -8.8E+03));
#2781 = VECTOR('',#2782,1.);
#2782 = DIRECTION('',(0.,1.,0.));
#2783 = PLANE('',#2784);
#2784 = AXIS2_PLACEMENT_3D('',#2785,#2786,#2787);
#2785 = CARTESIAN_POINT('',(-5.834243264287E+04,-2.151068895412E+04,
    -8.8E+03));
#2786 = DIRECTION('',(-1.,0.,0.));
#2787 = DIRECTION('',(0.,1.,0.));
#2788 = ADVANCED_FACE('',(#2789),#2814,.F.);
#2789 = FACE_BOUND('',#2790,.F.);
#2790 = EDGE_LOOP('',(#2791,#2792,#2800,#2808));
#2791 = ORIENTED_EDGE('',*,*,#2770,.T.);
#2792 = ORIENTED_EDGE('',*,*,#2793,.T.);
#2793 = EDGE_CURVE('',#2763,#2794,#2796,.T.);
#2794 = VERTEX_POINT('',#2795);
#2795 = CARTESIAN_POINT('',(-5.874243264287E+04,-2.071068895412E+04,
    -4.4E+03));
#2796 = LINE('',#2797,#2798);
#2797 = CARTESIAN_POINT('',(-5.834243264287E+04,-2.071068895412E+04,
    -4.4E+03));
#2798 = VECTOR('',#2799,1.);
#2799 = DIRECTION('',(-1.,0.,0.));
#2800 = ORIENTED_EDGE('',*,*,#2801,.F.);
#2801 = EDGE_CURVE('',#2802,#2794,#2804,.T.);
#2802 = VERTEX_POINT('',#2803);
#2803 = CARTESIAN_POINT('',(-5.874243264287E+04,-2.071068895412E+04,
    -8.8E+03));
#2804 = LINE('',#2805,#2806);
#2805 = CARTESIAN_POINT('',(-5.874243264287E+04,-2.071068895412E+04,
    -8.8E+03));
#2806 = VECTOR('',#2807,1.);
#2807 = DIRECTION('',(0.,0.,1.));
#2808 = ORIENTED_EDGE('',*,*,#2809,.F.);
#2809 = EDGE_CURVE('',#2771,#2802,#2810,.T.);
#2810 = LINE('',#2811,#2812);
#2811 = CARTESIAN_POINT('',(-5.834243264287E+04,-2.071068895412E+04,
    -8.8E+03));
#2812 = VECTOR('',#2813,1.);
#2813 = DIRECTION('',(-1.,0.,0.));
#2814 = PLANE('',#2815);
#2815 = AXIS2_PLACEMENT_3D('',#2816,#2817,#2818);
#2816 = CARTESIAN_POINT('',(-5.834243264287E+04,-2.071068895412E+04,
    -8.8E+03));
#2817 = DIRECTION('',(0.,-1.,0.));
#2818 = DIRECTION('',(-1.,0.,0.));
#2819 = ADVANCED_FACE('',(#2820),#2836,.F.);
#2820 = FACE_BOUND('',#2821,.F.);
#2821 = EDGE_LOOP('',(#2822,#2823,#2829,#2830));
#2822 = ORIENTED_EDGE('',*,*,#2801,.T.);
#2823 = ORIENTED_EDGE('',*,*,#2824,.T.);
#2824 = EDGE_CURVE('',#2794,#2724,#2825,.T.);
#2825 = LINE('',#2826,#2827);
#2826 = CARTESIAN_POINT('',(-5.874243264287E+04,-2.071068895412E+04,
    -4.4E+03));
#2827 = VECTOR('',#2828,1.);
#2828 = DIRECTION('',(0.,-1.,0.));
#2829 = ORIENTED_EDGE('',*,*,#2721,.F.);
#2830 = ORIENTED_EDGE('',*,*,#2831,.F.);
#2831 = EDGE_CURVE('',#2802,#2722,#2832,.T.);
#2832 = LINE('',#2833,#2834);
#2833 = CARTESIAN_POINT('',(-5.874243264287E+04,-2.071068895412E+04,
    -8.8E+03));
#2834 = VECTOR('',#2835,1.);
#2835 = DIRECTION('',(0.,-1.,0.));
#2836 = PLANE('',#2837);
#2837 = AXIS2_PLACEMENT_3D('',#2838,#2839,#2840);
#2838 = CARTESIAN_POINT('',(-5.874243264287E+04,-2.071068895412E+04,
    -8.8E+03));
#2839 = DIRECTION('',(1.,0.,-0.));
#2840 = DIRECTION('',(0.,-1.,0.));
#2841 = ADVANCED_FACE('',(#2842),#2848,.F.);
#2842 = FACE_BOUND('',#2843,.F.);
#2843 = EDGE_LOOP('',(#2844,#2845,#2846,#2847));
#2844 = ORIENTED_EDGE('',*,*,#2747,.T.);
#2845 = ORIENTED_EDGE('',*,*,#2778,.T.);
#2846 = ORIENTED_EDGE('',*,*,#2809,.T.);
#2847 = ORIENTED_EDGE('',*,*,#2831,.T.);
#2848 = PLANE('',#2849);
#2849 = AXIS2_PLACEMENT_3D('',#2850,#2851,#2852);
#2850 = CARTESIAN_POINT('',(-5.854243264287E+04,-2.111068895412E+04,
    -8.8E+03));
#2851 = DIRECTION('',(0.,0.,1.));
#2852 = DIRECTION('',(1.,0.,-0.));
#2853 = ADVANCED_FACE('',(#2854),#2860,.T.);
#2854 = FACE_BOUND('',#2855,.T.);
#2855 = EDGE_LOOP('',(#2856,#2857,#2858,#2859));
#2856 = ORIENTED_EDGE('',*,*,#2731,.T.);
#2857 = ORIENTED_EDGE('',*,*,#2762,.T.);
#2858 = ORIENTED_EDGE('',*,*,#2793,.T.);
#2859 = ORIENTED_EDGE('',*,*,#2824,.T.);
#2860 = PLANE('',#2861);
#2861 = AXIS2_PLACEMENT_3D('',#2862,#2863,#2864);
#2862 = CARTESIAN_POINT('',(-5.854243264287E+04,-2.111068895412E+04,
    -4.4E+03));
#2863 = DIRECTION('',(0.,0.,1.));
#2864 = DIRECTION('',(1.,0.,-0.));
#2865 = MANIFOLD_SOLID_BREP('',#2866);
#2866 = CLOSED_SHELL('',(#2867,#2907,#2938,#2969,#2991,#3003));
#2867 = ADVANCED_FACE('',(#2868),#2902,.F.);
#2868 = FACE_BOUND('',#2869,.F.);
#2869 = EDGE_LOOP('',(#2870,#2880,#2888,#2896));
#2870 = ORIENTED_EDGE('',*,*,#2871,.T.);
#2871 = EDGE_CURVE('',#2872,#2874,#2876,.T.);
#2872 = VERTEX_POINT('',#2873);
#2873 = CARTESIAN_POINT('',(-5.874243264287E+04,-3.001068895412E+04,
    -8.8E+03));
#2874 = VERTEX_POINT('',#2875);
#2875 = CARTESIAN_POINT('',(-5.874243264287E+04,-3.001068895412E+04,
    -4.4E+03));
#2876 = LINE('',#2877,#2878);
#2877 = CARTESIAN_POINT('',(-5.874243264287E+04,-3.001068895412E+04,
    -8.8E+03));
#2878 = VECTOR('',#2879,1.);
#2879 = DIRECTION('',(0.,0.,1.));
#2880 = ORIENTED_EDGE('',*,*,#2881,.T.);
#2881 = EDGE_CURVE('',#2874,#2882,#2884,.T.);
#2882 = VERTEX_POINT('',#2883);
#2883 = CARTESIAN_POINT('',(-5.834243264287E+04,-3.001068895412E+04,
    -4.4E+03));
#2884 = LINE('',#2885,#2886);
#2885 = CARTESIAN_POINT('',(-5.874243264287E+04,-3.001068895412E+04,
    -4.4E+03));
#2886 = VECTOR('',#2887,1.);
#2887 = DIRECTION('',(1.,0.,0.));
#2888 = ORIENTED_EDGE('',*,*,#2889,.F.);
#2889 = EDGE_CURVE('',#2890,#2882,#2892,.T.);
#2890 = VERTEX_POINT('',#2891);
#2891 = CARTESIAN_POINT('',(-5.834243264287E+04,-3.001068895412E+04,
    -8.8E+03));
#2892 = LINE('',#2893,#2894);
#2893 = CARTESIAN_POINT('',(-5.834243264287E+04,-3.001068895412E+04,
    -8.8E+03));
#2894 = VECTOR('',#2895,1.);
#2895 = DIRECTION('',(0.,0.,1.));
#2896 = ORIENTED_EDGE('',*,*,#2897,.F.);
#2897 = EDGE_CURVE('',#2872,#2890,#2898,.T.);
#2898 = LINE('',#2899,#2900);
#2899 = CARTESIAN_POINT('',(-5.874243264287E+04,-3.001068895412E+04,
    -8.8E+03));
#2900 = VECTOR('',#2901,1.);
#2901 = DIRECTION('',(1.,0.,0.));
#2902 = PLANE('',#2903);
#2903 = AXIS2_PLACEMENT_3D('',#2904,#2905,#2906);
#2904 = CARTESIAN_POINT('',(-5.874243264287E+04,-3.001068895412E+04,
    -8.8E+03));
#2905 = DIRECTION('',(0.,1.,0.));
#2906 = DIRECTION('',(1.,0.,0.));
#2907 = ADVANCED_FACE('',(#2908),#2933,.F.);
#2908 = FACE_BOUND('',#2909,.F.);
#2909 = EDGE_LOOP('',(#2910,#2911,#2919,#2927));
#2910 = ORIENTED_EDGE('',*,*,#2889,.T.);
#2911 = ORIENTED_EDGE('',*,*,#2912,.T.);
#2912 = EDGE_CURVE('',#2882,#2913,#2915,.T.);
#2913 = VERTEX_POINT('',#2914);
#2914 = CARTESIAN_POINT('',(-5.834243264287E+04,-2.921068895412E+04,
    -4.4E+03));
#2915 = LINE('',#2916,#2917);
#2916 = CARTESIAN_POINT('',(-5.834243264287E+04,-3.001068895412E+04,
    -4.4E+03));
#2917 = VECTOR('',#2918,1.);
#2918 = DIRECTION('',(0.,1.,0.));
#2919 = ORIENTED_EDGE('',*,*,#2920,.F.);
#2920 = EDGE_CURVE('',#2921,#2913,#2923,.T.);
#2921 = VERTEX_POINT('',#2922);
#2922 = CARTESIAN_POINT('',(-5.834243264287E+04,-2.921068895412E+04,
    -8.8E+03));
#2923 = LINE('',#2924,#2925);
#2924 = CARTESIAN_POINT('',(-5.834243264287E+04,-2.921068895412E+04,
    -8.8E+03));
#2925 = VECTOR('',#2926,1.);
#2926 = DIRECTION('',(0.,0.,1.));
#2927 = ORIENTED_EDGE('',*,*,#2928,.F.);
#2928 = EDGE_CURVE('',#2890,#2921,#2929,.T.);
#2929 = LINE('',#2930,#2931);
#2930 = CARTESIAN_POINT('',(-5.834243264287E+04,-3.001068895412E+04,
    -8.8E+03));
#2931 = VECTOR('',#2932,1.);
#2932 = DIRECTION('',(0.,1.,0.));
#2933 = PLANE('',#2934);
#2934 = AXIS2_PLACEMENT_3D('',#2935,#2936,#2937);
#2935 = CARTESIAN_POINT('',(-5.834243264287E+04,-3.001068895412E+04,
    -8.8E+03));
#2936 = DIRECTION('',(-1.,0.,0.));
#2937 = DIRECTION('',(0.,1.,0.));
#2938 = ADVANCED_FACE('',(#2939),#2964,.F.);
#2939 = FACE_BOUND('',#2940,.F.);
#2940 = EDGE_LOOP('',(#2941,#2942,#2950,#2958));
#2941 = ORIENTED_EDGE('',*,*,#2920,.T.);
#2942 = ORIENTED_EDGE('',*,*,#2943,.T.);
#2943 = EDGE_CURVE('',#2913,#2944,#2946,.T.);
#2944 = VERTEX_POINT('',#2945);
#2945 = CARTESIAN_POINT('',(-5.874243264287E+04,-2.921068895412E+04,
    -4.4E+03));
#2946 = LINE('',#2947,#2948);
#2947 = CARTESIAN_POINT('',(-5.834243264287E+04,-2.921068895412E+04,
    -4.4E+03));
#2948 = VECTOR('',#2949,1.);
#2949 = DIRECTION('',(-1.,0.,0.));
#2950 = ORIENTED_EDGE('',*,*,#2951,.F.);
#2951 = EDGE_CURVE('',#2952,#2944,#2954,.T.);
#2952 = VERTEX_POINT('',#2953);
#2953 = CARTESIAN_POINT('',(-5.874243264287E+04,-2.921068895412E+04,
    -8.8E+03));
#2954 = LINE('',#2955,#2956);
#2955 = CARTESIAN_POINT('',(-5.874243264287E+04,-2.921068895412E+04,
    -8.8E+03));
#2956 = VECTOR('',#2957,1.);
#2957 = DIRECTION('',(0.,0.,1.));
#2958 = ORIENTED_EDGE('',*,*,#2959,.F.);
#2959 = EDGE_CURVE('',#2921,#2952,#2960,.T.);
#2960 = LINE('',#2961,#2962);
#2961 = CARTESIAN_POINT('',(-5.834243264287E+04,-2.921068895412E+04,
    -8.8E+03));
#2962 = VECTOR('',#2963,1.);
#2963 = DIRECTION('',(-1.,0.,0.));
#2964 = PLANE('',#2965);
#2965 = AXIS2_PLACEMENT_3D('',#2966,#2967,#2968);
#2966 = CARTESIAN_POINT('',(-5.834243264287E+04,-2.921068895412E+04,
    -8.8E+03));
#2967 = DIRECTION('',(0.,-1.,0.));
#2968 = DIRECTION('',(-1.,0.,0.));
#2969 = ADVANCED_FACE('',(#2970),#2986,.F.);
#2970 = FACE_BOUND('',#2971,.F.);
#2971 = EDGE_LOOP('',(#2972,#2973,#2979,#2980));
#2972 = ORIENTED_EDGE('',*,*,#2951,.T.);
#2973 = ORIENTED_EDGE('',*,*,#2974,.T.);
#2974 = EDGE_CURVE('',#2944,#2874,#2975,.T.);
#2975 = LINE('',#2976,#2977);
#2976 = CARTESIAN_POINT('',(-5.874243264287E+04,-2.921068895412E+04,
    -4.4E+03));
#2977 = VECTOR('',#2978,1.);
#2978 = DIRECTION('',(0.,-1.,0.));
#2979 = ORIENTED_EDGE('',*,*,#2871,.F.);
#2980 = ORIENTED_EDGE('',*,*,#2981,.F.);
#2981 = EDGE_CURVE('',#2952,#2872,#2982,.T.);
#2982 = LINE('',#2983,#2984);
#2983 = CARTESIAN_POINT('',(-5.874243264287E+04,-2.921068895412E+04,
    -8.8E+03));
#2984 = VECTOR('',#2985,1.);
#2985 = DIRECTION('',(0.,-1.,0.));
#2986 = PLANE('',#2987);
#2987 = AXIS2_PLACEMENT_3D('',#2988,#2989,#2990);
#2988 = CARTESIAN_POINT('',(-5.874243264287E+04,-2.921068895412E+04,
    -8.8E+03));
#2989 = DIRECTION('',(1.,0.,-0.));
#2990 = DIRECTION('',(0.,-1.,0.));
#2991 = ADVANCED_FACE('',(#2992),#2998,.F.);
#2992 = FACE_BOUND('',#2993,.F.);
#2993 = EDGE_LOOP('',(#2994,#2995,#2996,#2997));
#2994 = ORIENTED_EDGE('',*,*,#2897,.T.);
#2995 = ORIENTED_EDGE('',*,*,#2928,.T.);
#2996 = ORIENTED_EDGE('',*,*,#2959,.T.);
#2997 = ORIENTED_EDGE('',*,*,#2981,.T.);
#2998 = PLANE('',#2999);
#2999 = AXIS2_PLACEMENT_3D('',#3000,#3001,#3002);
#3000 = CARTESIAN_POINT('',(-5.854243264287E+04,-2.961068895412E+04,
    -8.8E+03));
#3001 = DIRECTION('',(0.,0.,1.));
#3002 = DIRECTION('',(1.,0.,-0.));
#3003 = ADVANCED_FACE('',(#3004),#3010,.T.);
#3004 = FACE_BOUND('',#3005,.T.);
#3005 = EDGE_LOOP('',(#3006,#3007,#3008,#3009));
#3006 = ORIENTED_EDGE('',*,*,#2881,.T.);
#3007 = ORIENTED_EDGE('',*,*,#2912,.T.);
#3008 = ORIENTED_EDGE('',*,*,#2943,.T.);
#3009 = ORIENTED_EDGE('',*,*,#2974,.T.);
#3010 = PLANE('',#3011);
#3011 = AXIS2_PLACEMENT_3D('',#3012,#3013,#3014);
#3012 = CARTESIAN_POINT('',(-5.854243264287E+04,-2.961068895412E+04,
    -4.4E+03));
#3013 = DIRECTION('',(0.,0.,1.));
#3014 = DIRECTION('',(1.,0.,-0.));
#3015 = MANIFOLD_SOLID_BREP('',#3016);
#3016 = CLOSED_SHELL('',(#3017,#3057,#3088,#3119,#3141,#3153));
#3017 = ADVANCED_FACE('',(#3018),#3052,.F.);
#3018 = FACE_BOUND('',#3019,.F.);
#3019 = EDGE_LOOP('',(#3020,#3030,#3038,#3046));
#3020 = ORIENTED_EDGE('',*,*,#3021,.T.);
#3021 = EDGE_CURVE('',#3022,#3024,#3026,.T.);
#3022 = VERTEX_POINT('',#3023);
#3023 = CARTESIAN_POINT('',(4.527520451704E+04,2.077793862778E+04,
    -8.8E+03));
#3024 = VERTEX_POINT('',#3025);
#3025 = CARTESIAN_POINT('',(4.527520451704E+04,2.077793862778E+04,
    -4.4E+03));
#3026 = LINE('',#3027,#3028);
#3027 = CARTESIAN_POINT('',(4.527520451704E+04,2.077793862778E+04,
    -8.8E+03));
#3028 = VECTOR('',#3029,1.);
#3029 = DIRECTION('',(0.,0.,1.));
#3030 = ORIENTED_EDGE('',*,*,#3031,.T.);
#3031 = EDGE_CURVE('',#3024,#3032,#3034,.T.);
#3032 = VERTEX_POINT('',#3033);
#3033 = CARTESIAN_POINT('',(4.567520451704E+04,2.077793862778E+04,
    -4.4E+03));
#3034 = LINE('',#3035,#3036);
#3035 = CARTESIAN_POINT('',(4.527520451704E+04,2.077793862778E+04,
    -4.4E+03));
#3036 = VECTOR('',#3037,1.);
#3037 = DIRECTION('',(1.,0.,0.));
#3038 = ORIENTED_EDGE('',*,*,#3039,.F.);
#3039 = EDGE_CURVE('',#3040,#3032,#3042,.T.);
#3040 = VERTEX_POINT('',#3041);
#3041 = CARTESIAN_POINT('',(4.567520451704E+04,2.077793862778E+04,
    -8.8E+03));
#3042 = LINE('',#3043,#3044);
#3043 = CARTESIAN_POINT('',(4.567520451704E+04,2.077793862778E+04,
    -8.8E+03));
#3044 = VECTOR('',#3045,1.);
#3045 = DIRECTION('',(0.,0.,1.));
#3046 = ORIENTED_EDGE('',*,*,#3047,.F.);
#3047 = EDGE_CURVE('',#3022,#3040,#3048,.T.);
#3048 = LINE('',#3049,#3050);
#3049 = CARTESIAN_POINT('',(4.527520451704E+04,2.077793862778E+04,
    -8.8E+03));
#3050 = VECTOR('',#3051,1.);
#3051 = DIRECTION('',(1.,0.,0.));
#3052 = PLANE('',#3053);
#3053 = AXIS2_PLACEMENT_3D('',#3054,#3055,#3056);
#3054 = CARTESIAN_POINT('',(4.527520451704E+04,2.077793862778E+04,
    -8.8E+03));
#3055 = DIRECTION('',(0.,1.,0.));
#3056 = DIRECTION('',(1.,0.,0.));
#3057 = ADVANCED_FACE('',(#3058),#3083,.F.);
#3058 = FACE_BOUND('',#3059,.F.);
#3059 = EDGE_LOOP('',(#3060,#3061,#3069,#3077));
#3060 = ORIENTED_EDGE('',*,*,#3039,.T.);
#3061 = ORIENTED_EDGE('',*,*,#3062,.T.);
#3062 = EDGE_CURVE('',#3032,#3063,#3065,.T.);
#3063 = VERTEX_POINT('',#3064);
#3064 = CARTESIAN_POINT('',(4.567520451704E+04,2.157793862778E+04,
    -4.4E+03));
#3065 = LINE('',#3066,#3067);
#3066 = CARTESIAN_POINT('',(4.567520451704E+04,2.077793862778E+04,
    -4.4E+03));
#3067 = VECTOR('',#3068,1.);
#3068 = DIRECTION('',(0.,1.,0.));
#3069 = ORIENTED_EDGE('',*,*,#3070,.F.);
#3070 = EDGE_CURVE('',#3071,#3063,#3073,.T.);
#3071 = VERTEX_POINT('',#3072);
#3072 = CARTESIAN_POINT('',(4.567520451704E+04,2.157793862778E+04,
    -8.8E+03));
#3073 = LINE('',#3074,#3075);
#3074 = CARTESIAN_POINT('',(4.567520451704E+04,2.157793862778E+04,
    -8.8E+03));
#3075 = VECTOR('',#3076,1.);
#3076 = DIRECTION('',(0.,0.,1.));
#3077 = ORIENTED_EDGE('',*,*,#3078,.F.);
#3078 = EDGE_CURVE('',#3040,#3071,#3079,.T.);
#3079 = LINE('',#3080,#3081);
#3080 = CARTESIAN_POINT('',(4.567520451704E+04,2.077793862778E+04,
    -8.8E+03));
#3081 = VECTOR('',#3082,1.);
#3082 = DIRECTION('',(0.,1.,0.));
#3083 = PLANE('',#3084);
#3084 = AXIS2_PLACEMENT_3D('',#3085,#3086,#3087);
#3085 = CARTESIAN_POINT('',(4.567520451704E+04,2.077793862778E+04,
    -8.8E+03));
#3086 = DIRECTION('',(-1.,0.,0.));
#3087 = DIRECTION('',(0.,1.,0.));
#3088 = ADVANCED_FACE('',(#3089),#3114,.F.);
#3089 = FACE_BOUND('',#3090,.F.);
#3090 = EDGE_LOOP('',(#3091,#3092,#3100,#3108));
#3091 = ORIENTED_EDGE('',*,*,#3070,.T.);
#3092 = ORIENTED_EDGE('',*,*,#3093,.T.);
#3093 = EDGE_CURVE('',#3063,#3094,#3096,.T.);
#3094 = VERTEX_POINT('',#3095);
#3095 = CARTESIAN_POINT('',(4.527520451704E+04,2.157793862778E+04,
    -4.4E+03));
#3096 = LINE('',#3097,#3098);
#3097 = CARTESIAN_POINT('',(4.567520451704E+04,2.157793862778E+04,
    -4.4E+03));
#3098 = VECTOR('',#3099,1.);
#3099 = DIRECTION('',(-1.,0.,0.));
#3100 = ORIENTED_EDGE('',*,*,#3101,.F.);
#3101 = EDGE_CURVE('',#3102,#3094,#3104,.T.);
#3102 = VERTEX_POINT('',#3103);
#3103 = CARTESIAN_POINT('',(4.527520451704E+04,2.157793862778E+04,
    -8.8E+03));
#3104 = LINE('',#3105,#3106);
#3105 = CARTESIAN_POINT('',(4.527520451704E+04,2.157793862778E+04,
    -8.8E+03));
#3106 = VECTOR('',#3107,1.);
#3107 = DIRECTION('',(0.,0.,1.));
#3108 = ORIENTED_EDGE('',*,*,#3109,.F.);
#3109 = EDGE_CURVE('',#3071,#3102,#3110,.T.);
#3110 = LINE('',#3111,#3112);
#3111 = CARTESIAN_POINT('',(4.567520451704E+04,2.157793862778E+04,
    -8.8E+03));
#3112 = VECTOR('',#3113,1.);
#3113 = DIRECTION('',(-1.,0.,0.));
#3114 = PLANE('',#3115);
#3115 = AXIS2_PLACEMENT_3D('',#3116,#3117,#3118);
#3116 = CARTESIAN_POINT('',(4.567520451704E+04,2.157793862778E+04,
    -8.8E+03));
#3117 = DIRECTION('',(0.,-1.,0.));
#3118 = DIRECTION('',(-1.,0.,0.));
#3119 = ADVANCED_FACE('',(#3120),#3136,.F.);
#3120 = FACE_BOUND('',#3121,.F.);
#3121 = EDGE_LOOP('',(#3122,#3123,#3129,#3130));
#3122 = ORIENTED_EDGE('',*,*,#3101,.T.);
#3123 = ORIENTED_EDGE('',*,*,#3124,.T.);
#3124 = EDGE_CURVE('',#3094,#3024,#3125,.T.);
#3125 = LINE('',#3126,#3127);
#3126 = CARTESIAN_POINT('',(4.527520451704E+04,2.157793862778E+04,
    -4.4E+03));
#3127 = VECTOR('',#3128,1.);
#3128 = DIRECTION('',(0.,-1.,0.));
#3129 = ORIENTED_EDGE('',*,*,#3021,.F.);
#3130 = ORIENTED_EDGE('',*,*,#3131,.F.);
#3131 = EDGE_CURVE('',#3102,#3022,#3132,.T.);
#3132 = LINE('',#3133,#3134);
#3133 = CARTESIAN_POINT('',(4.527520451704E+04,2.157793862778E+04,
    -8.8E+03));
#3134 = VECTOR('',#3135,1.);
#3135 = DIRECTION('',(0.,-1.,0.));
#3136 = PLANE('',#3137);
#3137 = AXIS2_PLACEMENT_3D('',#3138,#3139,#3140);
#3138 = CARTESIAN_POINT('',(4.527520451704E+04,2.157793862778E+04,
    -8.8E+03));
#3139 = DIRECTION('',(1.,0.,-0.));
#3140 = DIRECTION('',(0.,-1.,0.));
#3141 = ADVANCED_FACE('',(#3142),#3148,.F.);
#3142 = FACE_BOUND('',#3143,.F.);
#3143 = EDGE_LOOP('',(#3144,#3145,#3146,#3147));
#3144 = ORIENTED_EDGE('',*,*,#3047,.T.);
#3145 = ORIENTED_EDGE('',*,*,#3078,.T.);
#3146 = ORIENTED_EDGE('',*,*,#3109,.T.);
#3147 = ORIENTED_EDGE('',*,*,#3131,.T.);
#3148 = PLANE('',#3149);
#3149 = AXIS2_PLACEMENT_3D('',#3150,#3151,#3152);
#3150 = CARTESIAN_POINT('',(4.547520451704E+04,2.117793862778E+04,
    -8.8E+03));
#3151 = DIRECTION('',(0.,0.,1.));
#3152 = DIRECTION('',(1.,0.,-0.));
#3153 = ADVANCED_FACE('',(#3154),#3160,.T.);
#3154 = FACE_BOUND('',#3155,.T.);
#3155 = EDGE_LOOP('',(#3156,#3157,#3158,#3159));
#3156 = ORIENTED_EDGE('',*,*,#3031,.T.);
#3157 = ORIENTED_EDGE('',*,*,#3062,.T.);
#3158 = ORIENTED_EDGE('',*,*,#3093,.T.);
#3159 = ORIENTED_EDGE('',*,*,#3124,.T.);
#3160 = PLANE('',#3161);
#3161 = AXIS2_PLACEMENT_3D('',#3162,#3163,#3164);
#3162 = CARTESIAN_POINT('',(4.547520451704E+04,2.117793862778E+04,
    -4.4E+03));
#3163 = DIRECTION('',(0.,0.,1.));
#3164 = DIRECTION('',(1.,0.,-0.));
#3165 = MANIFOLD_SOLID_BREP('',#3166);
#3166 = CLOSED_SHELL('',(#3167,#3207,#3238,#3269,#3291,#3303));
#3167 = ADVANCED_FACE('',(#3168),#3202,.F.);
#3168 = FACE_BOUND('',#3169,.F.);
#3169 = EDGE_LOOP('',(#3170,#3180,#3188,#3196));
#3170 = ORIENTED_EDGE('',*,*,#3171,.T.);
#3171 = EDGE_CURVE('',#3172,#3174,#3176,.T.);
#3172 = VERTEX_POINT('',#3173);
#3173 = CARTESIAN_POINT('',(-3.360727452451E+04,-2.179206676195E+04,
    -5.2E+03));
#3174 = VERTEX_POINT('',#3175);
#3175 = CARTESIAN_POINT('',(-3.360727452451E+04,-2.179206676195E+04,
    -4.4E+03));
#3176 = LINE('',#3177,#3178);
#3177 = CARTESIAN_POINT('',(-3.360727452451E+04,-2.179206676195E+04,
    -5.2E+03));
#3178 = VECTOR('',#3179,1.);
#3179 = DIRECTION('',(0.,0.,1.));
#3180 = ORIENTED_EDGE('',*,*,#3181,.T.);
#3181 = EDGE_CURVE('',#3174,#3182,#3184,.T.);
#3182 = VERTEX_POINT('',#3183);
#3183 = CARTESIAN_POINT('',(-3.360727452451E+04,-2.222136193977E+04,
    -4.4E+03));
#3184 = LINE('',#3185,#3186);
#3185 = CARTESIAN_POINT('',(-3.360727452451E+04,-2.179206676195E+04,
    -4.4E+03));
#3186 = VECTOR('',#3187,1.);
#3187 = DIRECTION('',(4.406639248347E-13,-1.,0.));
#3188 = ORIENTED_EDGE('',*,*,#3189,.F.);
#3189 = EDGE_CURVE('',#3190,#3182,#3192,.T.);
#3190 = VERTEX_POINT('',#3191);
#3191 = CARTESIAN_POINT('',(-3.360727452451E+04,-2.222136193977E+04,
    -5.2E+03));
#3192 = LINE('',#3193,#3194);
#3193 = CARTESIAN_POINT('',(-3.360727452451E+04,-2.222136193977E+04,
    -5.2E+03));
#3194 = VECTOR('',#3195,1.);
#3195 = DIRECTION('',(0.,0.,1.));
#3196 = ORIENTED_EDGE('',*,*,#3197,.F.);
#3197 = EDGE_CURVE('',#3172,#3190,#3198,.T.);
#3198 = LINE('',#3199,#3200);
#3199 = CARTESIAN_POINT('',(-3.360727452451E+04,-2.179206676195E+04,
    -5.2E+03));
#3200 = VECTOR('',#3201,1.);
#3201 = DIRECTION('',(4.406639248347E-13,-1.,0.));
#3202 = PLANE('',#3203);
#3203 = AXIS2_PLACEMENT_3D('',#3204,#3205,#3206);
#3204 = CARTESIAN_POINT('',(-3.360727452451E+04,-2.179206676195E+04,
    -5.2E+03));
#3205 = DIRECTION('',(1.,4.406639248347E-13,-0.));
#3206 = DIRECTION('',(4.406639248347E-13,-1.,0.));
#3207 = ADVANCED_FACE('',(#3208),#3233,.F.);
#3208 = FACE_BOUND('',#3209,.F.);
#3209 = EDGE_LOOP('',(#3210,#3211,#3219,#3227));
#3210 = ORIENTED_EDGE('',*,*,#3189,.T.);
#3211 = ORIENTED_EDGE('',*,*,#3212,.T.);
#3212 = EDGE_CURVE('',#3182,#3213,#3215,.T.);
#3213 = VERTEX_POINT('',#3214);
#3214 = CARTESIAN_POINT('',(-3.280727452451E+04,-2.222136193977E+04,
    -4.4E+03));
#3215 = LINE('',#3216,#3217);
#3216 = CARTESIAN_POINT('',(-3.360727452451E+04,-2.222136193977E+04,
    -4.4E+03));
#3217 = VECTOR('',#3218,1.);
#3218 = DIRECTION('',(1.,4.456524038687E-13,0.));
#3219 = ORIENTED_EDGE('',*,*,#3220,.F.);
#3220 = EDGE_CURVE('',#3221,#3213,#3223,.T.);
#3221 = VERTEX_POINT('',#3222);
#3222 = CARTESIAN_POINT('',(-3.280727452451E+04,-2.222136193977E+04,
    -5.2E+03));
#3223 = LINE('',#3224,#3225);
#3224 = CARTESIAN_POINT('',(-3.280727452451E+04,-2.222136193977E+04,
    -5.2E+03));
#3225 = VECTOR('',#3226,1.);
#3226 = DIRECTION('',(0.,0.,1.));
#3227 = ORIENTED_EDGE('',*,*,#3228,.F.);
#3228 = EDGE_CURVE('',#3190,#3221,#3229,.T.);
#3229 = LINE('',#3230,#3231);
#3230 = CARTESIAN_POINT('',(-3.360727452451E+04,-2.222136193977E+04,
    -5.2E+03));
#3231 = VECTOR('',#3232,1.);
#3232 = DIRECTION('',(1.,4.456524038687E-13,0.));
#3233 = PLANE('',#3234);
#3234 = AXIS2_PLACEMENT_3D('',#3235,#3236,#3237);
#3235 = CARTESIAN_POINT('',(-3.360727452451E+04,-2.222136193977E+04,
    -5.2E+03));
#3236 = DIRECTION('',(-4.456524038687E-13,1.,0.));
#3237 = DIRECTION('',(1.,4.456524038687E-13,0.));
#3238 = ADVANCED_FACE('',(#3239),#3264,.F.);
#3239 = FACE_BOUND('',#3240,.F.);
#3240 = EDGE_LOOP('',(#3241,#3242,#3250,#3258));
#3241 = ORIENTED_EDGE('',*,*,#3220,.T.);
#3242 = ORIENTED_EDGE('',*,*,#3243,.T.);
#3243 = EDGE_CURVE('',#3213,#3244,#3246,.T.);
#3244 = VERTEX_POINT('',#3245);
#3245 = CARTESIAN_POINT('',(-3.280727452451E+04,-2.179206676195E+04,
    -4.4E+03));
#3246 = LINE('',#3247,#3248);
#3247 = CARTESIAN_POINT('',(-3.280727452451E+04,-2.222136193977E+04,
    -4.4E+03));
#3248 = VECTOR('',#3249,1.);
#3249 = DIRECTION('',(-4.406639248347E-13,1.,0.));
#3250 = ORIENTED_EDGE('',*,*,#3251,.F.);
#3251 = EDGE_CURVE('',#3252,#3244,#3254,.T.);
#3252 = VERTEX_POINT('',#3253);
#3253 = CARTESIAN_POINT('',(-3.280727452451E+04,-2.179206676195E+04,
    -5.2E+03));
#3254 = LINE('',#3255,#3256);
#3255 = CARTESIAN_POINT('',(-3.280727452451E+04,-2.179206676195E+04,
    -5.2E+03));
#3256 = VECTOR('',#3257,1.);
#3257 = DIRECTION('',(0.,0.,1.));
#3258 = ORIENTED_EDGE('',*,*,#3259,.F.);
#3259 = EDGE_CURVE('',#3221,#3252,#3260,.T.);
#3260 = LINE('',#3261,#3262);
#3261 = CARTESIAN_POINT('',(-3.280727452451E+04,-2.222136193977E+04,
    -5.2E+03));
#3262 = VECTOR('',#3263,1.);
#3263 = DIRECTION('',(-4.406639248347E-13,1.,0.));
#3264 = PLANE('',#3265);
#3265 = AXIS2_PLACEMENT_3D('',#3266,#3267,#3268);
#3266 = CARTESIAN_POINT('',(-3.280727452451E+04,-2.222136193977E+04,
    -5.2E+03));
#3267 = DIRECTION('',(-1.,-4.406639248347E-13,0.));
#3268 = DIRECTION('',(-4.406639248347E-13,1.,0.));
#3269 = ADVANCED_FACE('',(#3270),#3286,.F.);
#3270 = FACE_BOUND('',#3271,.F.);
#3271 = EDGE_LOOP('',(#3272,#3273,#3279,#3280));
#3272 = ORIENTED_EDGE('',*,*,#3251,.T.);
#3273 = ORIENTED_EDGE('',*,*,#3274,.T.);
#3274 = EDGE_CURVE('',#3244,#3174,#3275,.T.);
#3275 = LINE('',#3276,#3277);
#3276 = CARTESIAN_POINT('',(-3.280727452451E+04,-2.179206676195E+04,
    -4.4E+03));
#3277 = VECTOR('',#3278,1.);
#3278 = DIRECTION('',(-1.,-4.456524038687E-13,0.));
#3279 = ORIENTED_EDGE('',*,*,#3171,.F.);
#3280 = ORIENTED_EDGE('',*,*,#3281,.F.);
#3281 = EDGE_CURVE('',#3252,#3172,#3282,.T.);
#3282 = LINE('',#3283,#3284);
#3283 = CARTESIAN_POINT('',(-3.280727452451E+04,-2.179206676195E+04,
    -5.2E+03));
#3284 = VECTOR('',#3285,1.);
#3285 = DIRECTION('',(-1.,-4.456524038687E-13,0.));
#3286 = PLANE('',#3287);
#3287 = AXIS2_PLACEMENT_3D('',#3288,#3289,#3290);
#3288 = CARTESIAN_POINT('',(-3.280727452451E+04,-2.179206676195E+04,
    -5.2E+03));
#3289 = DIRECTION('',(4.456524038687E-13,-1.,0.));
#3290 = DIRECTION('',(-1.,-4.456524038687E-13,0.));
#3291 = ADVANCED_FACE('',(#3292),#3298,.F.);
#3292 = FACE_BOUND('',#3293,.F.);
#3293 = EDGE_LOOP('',(#3294,#3295,#3296,#3297));
#3294 = ORIENTED_EDGE('',*,*,#3197,.T.);
#3295 = ORIENTED_EDGE('',*,*,#3228,.T.);
#3296 = ORIENTED_EDGE('',*,*,#3259,.T.);
#3297 = ORIENTED_EDGE('',*,*,#3281,.T.);
#3298 = PLANE('',#3299);
#3299 = AXIS2_PLACEMENT_3D('',#3300,#3301,#3302);
#3300 = CARTESIAN_POINT('',(-3.320727452451E+04,-2.200671435086E+04,
    -5.2E+03));
#3301 = DIRECTION('',(0.,0.,1.));
#3302 = DIRECTION('',(1.,0.,-0.));
#3303 = ADVANCED_FACE('',(#3304),#3310,.T.);
#3304 = FACE_BOUND('',#3305,.T.);
#3305 = EDGE_LOOP('',(#3306,#3307,#3308,#3309));
#3306 = ORIENTED_EDGE('',*,*,#3181,.T.);
#3307 = ORIENTED_EDGE('',*,*,#3212,.T.);
#3308 = ORIENTED_EDGE('',*,*,#3243,.T.);
#3309 = ORIENTED_EDGE('',*,*,#3274,.T.);
#3310 = PLANE('',#3311);
#3311 = AXIS2_PLACEMENT_3D('',#3312,#3313,#3314);
#3312 = CARTESIAN_POINT('',(-3.320727452451E+04,-2.200671435086E+04,
    -4.4E+03));
#3313 = DIRECTION('',(0.,0.,1.));
#3314 = DIRECTION('',(1.,0.,-0.));
#3315 = MANIFOLD_SOLID_BREP('',#3316);
#3316 = CLOSED_SHELL('',(#3317,#3357,#3388,#3419,#3441,#3453));
#3317 = ADVANCED_FACE('',(#3318),#3352,.F.);
#3318 = FACE_BOUND('',#3319,.F.);
#3319 = EDGE_LOOP('',(#3320,#3330,#3338,#3346));
#3320 = ORIENTED_EDGE('',*,*,#3321,.T.);
#3321 = EDGE_CURVE('',#3322,#3324,#3326,.T.);
#3322 = VERTEX_POINT('',#3323);
#3323 = CARTESIAN_POINT('',(-4.119258670827E+04,-9.119980471584E+03,
    -5.2E+03));
#3324 = VERTEX_POINT('',#3325);
#3325 = CARTESIAN_POINT('',(-4.119258670827E+04,-9.119980471584E+03,
    -4.4E+03));
#3326 = LINE('',#3327,#3328);
#3327 = CARTESIAN_POINT('',(-4.119258670827E+04,-9.119980471584E+03,
    -5.2E+03));
#3328 = VECTOR('',#3329,1.);
#3329 = DIRECTION('',(0.,0.,1.));
#3330 = ORIENTED_EDGE('',*,*,#3331,.T.);
#3331 = EDGE_CURVE('',#3324,#3332,#3334,.T.);
#3332 = VERTEX_POINT('',#3333);
#3333 = CARTESIAN_POINT('',(-4.077480184881E+04,-9.119980471584E+03,
    -4.4E+03));
#3334 = LINE('',#3335,#3336);
#3335 = CARTESIAN_POINT('',(-4.119258670827E+04,-9.119980471584E+03,
    -4.4E+03));
#3336 = VECTOR('',#3337,1.);
#3337 = DIRECTION('',(1.,0.,0.));
#3338 = ORIENTED_EDGE('',*,*,#3339,.F.);
#3339 = EDGE_CURVE('',#3340,#3332,#3342,.T.);
#3340 = VERTEX_POINT('',#3341);
#3341 = CARTESIAN_POINT('',(-4.077480184881E+04,-9.119980471584E+03,
    -5.2E+03));
#3342 = LINE('',#3343,#3344);
#3343 = CARTESIAN_POINT('',(-4.077480184881E+04,-9.119980471584E+03,
    -5.2E+03));
#3344 = VECTOR('',#3345,1.);
#3345 = DIRECTION('',(0.,0.,1.));
#3346 = ORIENTED_EDGE('',*,*,#3347,.F.);
#3347 = EDGE_CURVE('',#3322,#3340,#3348,.T.);
#3348 = LINE('',#3349,#3350);
#3349 = CARTESIAN_POINT('',(-4.119258670827E+04,-9.119980471584E+03,
    -5.2E+03));
#3350 = VECTOR('',#3351,1.);
#3351 = DIRECTION('',(1.,0.,0.));
#3352 = PLANE('',#3353);
#3353 = AXIS2_PLACEMENT_3D('',#3354,#3355,#3356);
#3354 = CARTESIAN_POINT('',(-4.119258670827E+04,-9.119980471584E+03,
    -5.2E+03));
#3355 = DIRECTION('',(0.,1.,0.));
#3356 = DIRECTION('',(1.,0.,0.));
#3357 = ADVANCED_FACE('',(#3358),#3383,.F.);
#3358 = FACE_BOUND('',#3359,.F.);
#3359 = EDGE_LOOP('',(#3360,#3361,#3369,#3377));
#3360 = ORIENTED_EDGE('',*,*,#3339,.T.);
#3361 = ORIENTED_EDGE('',*,*,#3362,.T.);
#3362 = EDGE_CURVE('',#3332,#3363,#3365,.T.);
#3363 = VERTEX_POINT('',#3364);
#3364 = CARTESIAN_POINT('',(-4.077480184881E+04,-8.319980471584E+03,
    -4.4E+03));
#3365 = LINE('',#3366,#3367);
#3366 = CARTESIAN_POINT('',(-4.077480184881E+04,-9.119980471584E+03,
    -4.4E+03));
#3367 = VECTOR('',#3368,1.);
#3368 = DIRECTION('',(0.,1.,0.));
#3369 = ORIENTED_EDGE('',*,*,#3370,.F.);
#3370 = EDGE_CURVE('',#3371,#3363,#3373,.T.);
#3371 = VERTEX_POINT('',#3372);
#3372 = CARTESIAN_POINT('',(-4.077480184881E+04,-8.319980471584E+03,
    -5.2E+03));
#3373 = LINE('',#3374,#3375);
#3374 = CARTESIAN_POINT('',(-4.077480184881E+04,-8.319980471584E+03,
    -5.2E+03));
#3375 = VECTOR('',#3376,1.);
#3376 = DIRECTION('',(0.,0.,1.));
#3377 = ORIENTED_EDGE('',*,*,#3378,.F.);
#3378 = EDGE_CURVE('',#3340,#3371,#3379,.T.);
#3379 = LINE('',#3380,#3381);
#3380 = CARTESIAN_POINT('',(-4.077480184881E+04,-9.119980471584E+03,
    -5.2E+03));
#3381 = VECTOR('',#3382,1.);
#3382 = DIRECTION('',(0.,1.,0.));
#3383 = PLANE('',#3384);
#3384 = AXIS2_PLACEMENT_3D('',#3385,#3386,#3387);
#3385 = CARTESIAN_POINT('',(-4.077480184881E+04,-9.119980471584E+03,
    -5.2E+03));
#3386 = DIRECTION('',(-1.,0.,0.));
#3387 = DIRECTION('',(0.,1.,0.));
#3388 = ADVANCED_FACE('',(#3389),#3414,.F.);
#3389 = FACE_BOUND('',#3390,.F.);
#3390 = EDGE_LOOP('',(#3391,#3392,#3400,#3408));
#3391 = ORIENTED_EDGE('',*,*,#3370,.T.);
#3392 = ORIENTED_EDGE('',*,*,#3393,.T.);
#3393 = EDGE_CURVE('',#3363,#3394,#3396,.T.);
#3394 = VERTEX_POINT('',#3395);
#3395 = CARTESIAN_POINT('',(-4.119258670827E+04,-8.319980471584E+03,
    -4.4E+03));
#3396 = LINE('',#3397,#3398);
#3397 = CARTESIAN_POINT('',(-4.077480184881E+04,-8.319980471584E+03,
    -4.4E+03));
#3398 = VECTOR('',#3399,1.);
#3399 = DIRECTION('',(-1.,0.,0.));
#3400 = ORIENTED_EDGE('',*,*,#3401,.F.);
#3401 = EDGE_CURVE('',#3402,#3394,#3404,.T.);
#3402 = VERTEX_POINT('',#3403);
#3403 = CARTESIAN_POINT('',(-4.119258670827E+04,-8.319980471584E+03,
    -5.2E+03));
#3404 = LINE('',#3405,#3406);
#3405 = CARTESIAN_POINT('',(-4.119258670827E+04,-8.319980471584E+03,
    -5.2E+03));
#3406 = VECTOR('',#3407,1.);
#3407 = DIRECTION('',(0.,0.,1.));
#3408 = ORIENTED_EDGE('',*,*,#3409,.F.);
#3409 = EDGE_CURVE('',#3371,#3402,#3410,.T.);
#3410 = LINE('',#3411,#3412);
#3411 = CARTESIAN_POINT('',(-4.077480184881E+04,-8.319980471584E+03,
    -5.2E+03));
#3412 = VECTOR('',#3413,1.);
#3413 = DIRECTION('',(-1.,0.,0.));
#3414 = PLANE('',#3415);
#3415 = AXIS2_PLACEMENT_3D('',#3416,#3417,#3418);
#3416 = CARTESIAN_POINT('',(-4.077480184881E+04,-8.319980471584E+03,
    -5.2E+03));
#3417 = DIRECTION('',(0.,-1.,0.));
#3418 = DIRECTION('',(-1.,0.,0.));
#3419 = ADVANCED_FACE('',(#3420),#3436,.F.);
#3420 = FACE_BOUND('',#3421,.F.);
#3421 = EDGE_LOOP('',(#3422,#3423,#3429,#3430));
#3422 = ORIENTED_EDGE('',*,*,#3401,.T.);
#3423 = ORIENTED_EDGE('',*,*,#3424,.T.);
#3424 = EDGE_CURVE('',#3394,#3324,#3425,.T.);
#3425 = LINE('',#3426,#3427);
#3426 = CARTESIAN_POINT('',(-4.119258670827E+04,-8.319980471584E+03,
    -4.4E+03));
#3427 = VECTOR('',#3428,1.);
#3428 = DIRECTION('',(0.,-1.,0.));
#3429 = ORIENTED_EDGE('',*,*,#3321,.F.);
#3430 = ORIENTED_EDGE('',*,*,#3431,.F.);
#3431 = EDGE_CURVE('',#3402,#3322,#3432,.T.);
#3432 = LINE('',#3433,#3434);
#3433 = CARTESIAN_POINT('',(-4.119258670827E+04,-8.319980471584E+03,
    -5.2E+03));
#3434 = VECTOR('',#3435,1.);
#3435 = DIRECTION('',(0.,-1.,0.));
#3436 = PLANE('',#3437);
#3437 = AXIS2_PLACEMENT_3D('',#3438,#3439,#3440);
#3438 = CARTESIAN_POINT('',(-4.119258670827E+04,-8.319980471584E+03,
    -5.2E+03));
#3439 = DIRECTION('',(1.,0.,-0.));
#3440 = DIRECTION('',(0.,-1.,0.));
#3441 = ADVANCED_FACE('',(#3442),#3448,.F.);
#3442 = FACE_BOUND('',#3443,.F.);
#3443 = EDGE_LOOP('',(#3444,#3445,#3446,#3447));
#3444 = ORIENTED_EDGE('',*,*,#3347,.T.);
#3445 = ORIENTED_EDGE('',*,*,#3378,.T.);
#3446 = ORIENTED_EDGE('',*,*,#3409,.T.);
#3447 = ORIENTED_EDGE('',*,*,#3431,.T.);
#3448 = PLANE('',#3449);
#3449 = AXIS2_PLACEMENT_3D('',#3450,#3451,#3452);
#3450 = CARTESIAN_POINT('',(-4.098369427854E+04,-8.719980471584E+03,
    -5.2E+03));
#3451 = DIRECTION('',(0.,0.,1.));
#3452 = DIRECTION('',(1.,0.,-0.));
#3453 = ADVANCED_FACE('',(#3454),#3460,.T.);
#3454 = FACE_BOUND('',#3455,.T.);
#3455 = EDGE_LOOP('',(#3456,#3457,#3458,#3459));
#3456 = ORIENTED_EDGE('',*,*,#3331,.T.);
#3457 = ORIENTED_EDGE('',*,*,#3362,.T.);
#3458 = ORIENTED_EDGE('',*,*,#3393,.T.);
#3459 = ORIENTED_EDGE('',*,*,#3424,.T.);
#3460 = PLANE('',#3461);
#3461 = AXIS2_PLACEMENT_3D('',#3462,#3463,#3464);
#3462 = CARTESIAN_POINT('',(-4.098369427854E+04,-8.719980471584E+03,
    -4.4E+03));
#3463 = DIRECTION('',(0.,0.,1.));
#3464 = DIRECTION('',(1.,0.,-0.));
#3465 = MANIFOLD_SOLID_BREP('',#3466);
#3466 = CLOSED_SHELL('',(#3467,#3507,#3538,#3569,#3591,#3603));
#3467 = ADVANCED_FACE('',(#3468),#3502,.F.);
#3468 = FACE_BOUND('',#3469,.F.);
#3469 = EDGE_LOOP('',(#3470,#3480,#3488,#3496));
#3470 = ORIENTED_EDGE('',*,*,#3471,.T.);
#3471 = EDGE_CURVE('',#3472,#3474,#3476,.T.);
#3472 = VERTEX_POINT('',#3473);
#3473 = CARTESIAN_POINT('',(-9.242851999865E+03,-2.073636693804E+04,
    -5.2E+03));
#3474 = VERTEX_POINT('',#3475);
#3475 = CARTESIAN_POINT('',(-9.242851999865E+03,-2.073636693804E+04,
    -4.4E+03));
#3476 = LINE('',#3477,#3478);
#3477 = CARTESIAN_POINT('',(-9.242851999865E+03,-2.073636693804E+04,
    -5.2E+03));
#3478 = VECTOR('',#3479,1.);
#3479 = DIRECTION('',(0.,0.,1.));
#3480 = ORIENTED_EDGE('',*,*,#3481,.T.);
#3481 = EDGE_CURVE('',#3474,#3482,#3484,.T.);
#3482 = VERTEX_POINT('',#3483);
#3483 = CARTESIAN_POINT('',(-9.242851999865E+03,-2.114136690583E+04,
    -4.4E+03));
#3484 = LINE('',#3485,#3486);
#3485 = CARTESIAN_POINT('',(-9.242851999865E+03,-2.073636693804E+04,
    -4.4E+03));
#3486 = VECTOR('',#3487,1.);
#3487 = DIRECTION('',(-4.581158862182E-13,-1.,0.));
#3488 = ORIENTED_EDGE('',*,*,#3489,.F.);
#3489 = EDGE_CURVE('',#3490,#3482,#3492,.T.);
#3490 = VERTEX_POINT('',#3491);
#3491 = CARTESIAN_POINT('',(-9.242851999865E+03,-2.114136690583E+04,
    -5.2E+03));
#3492 = LINE('',#3493,#3494);
#3493 = CARTESIAN_POINT('',(-9.242851999865E+03,-2.114136690583E+04,
    -5.2E+03));
#3494 = VECTOR('',#3495,1.);
#3495 = DIRECTION('',(0.,0.,1.));
#3496 = ORIENTED_EDGE('',*,*,#3497,.F.);
#3497 = EDGE_CURVE('',#3472,#3490,#3498,.T.);
#3498 = LINE('',#3499,#3500);
#3499 = CARTESIAN_POINT('',(-9.242851999865E+03,-2.073636693804E+04,
    -5.2E+03));
#3500 = VECTOR('',#3501,1.);
#3501 = DIRECTION('',(-4.581158862182E-13,-1.,0.));
#3502 = PLANE('',#3503);
#3503 = AXIS2_PLACEMENT_3D('',#3504,#3505,#3506);
#3504 = CARTESIAN_POINT('',(-9.242851999865E+03,-2.073636693804E+04,
    -5.2E+03));
#3505 = DIRECTION('',(1.,-4.581158862182E-13,0.));
#3506 = DIRECTION('',(-4.581158862182E-13,-1.,0.));
#3507 = ADVANCED_FACE('',(#3508),#3533,.F.);
#3508 = FACE_BOUND('',#3509,.F.);
#3509 = EDGE_LOOP('',(#3510,#3511,#3519,#3527));
#3510 = ORIENTED_EDGE('',*,*,#3489,.T.);
#3511 = ORIENTED_EDGE('',*,*,#3512,.T.);
#3512 = EDGE_CURVE('',#3482,#3513,#3515,.T.);
#3513 = VERTEX_POINT('',#3514);
#3514 = CARTESIAN_POINT('',(-8.642851999865E+03,-2.114136690583E+04,
    -4.4E+03));
#3515 = LINE('',#3516,#3517);
#3516 = CARTESIAN_POINT('',(-9.242851999865E+03,-2.114136690583E+04,
    -4.4E+03));
#3517 = VECTOR('',#3518,1.);
#3518 = DIRECTION('',(1.,-4.608106488983E-13,0.));
#3519 = ORIENTED_EDGE('',*,*,#3520,.F.);
#3520 = EDGE_CURVE('',#3521,#3513,#3523,.T.);
#3521 = VERTEX_POINT('',#3522);
#3522 = CARTESIAN_POINT('',(-8.642851999865E+03,-2.114136690583E+04,
    -5.2E+03));
#3523 = LINE('',#3524,#3525);
#3524 = CARTESIAN_POINT('',(-8.642851999865E+03,-2.114136690583E+04,
    -5.2E+03));
#3525 = VECTOR('',#3526,1.);
#3526 = DIRECTION('',(0.,0.,1.));
#3527 = ORIENTED_EDGE('',*,*,#3528,.F.);
#3528 = EDGE_CURVE('',#3490,#3521,#3529,.T.);
#3529 = LINE('',#3530,#3531);
#3530 = CARTESIAN_POINT('',(-9.242851999865E+03,-2.114136690583E+04,
    -5.2E+03));
#3531 = VECTOR('',#3532,1.);
#3532 = DIRECTION('',(1.,-4.608106488983E-13,0.));
#3533 = PLANE('',#3534);
#3534 = AXIS2_PLACEMENT_3D('',#3535,#3536,#3537);
#3535 = CARTESIAN_POINT('',(-9.242851999865E+03,-2.114136690583E+04,
    -5.2E+03));
#3536 = DIRECTION('',(4.608106488983E-13,1.,-0.));
#3537 = DIRECTION('',(1.,-4.608106488983E-13,0.));
#3538 = ADVANCED_FACE('',(#3539),#3564,.F.);
#3539 = FACE_BOUND('',#3540,.F.);
#3540 = EDGE_LOOP('',(#3541,#3542,#3550,#3558));
#3541 = ORIENTED_EDGE('',*,*,#3520,.T.);
#3542 = ORIENTED_EDGE('',*,*,#3543,.T.);
#3543 = EDGE_CURVE('',#3513,#3544,#3546,.T.);
#3544 = VERTEX_POINT('',#3545);
#3545 = CARTESIAN_POINT('',(-8.642851999865E+03,-2.073636693804E+04,
    -4.4E+03));
#3546 = LINE('',#3547,#3548);
#3547 = CARTESIAN_POINT('',(-8.642851999865E+03,-2.114136690583E+04,
    -4.4E+03));
#3548 = VECTOR('',#3549,1.);
#3549 = DIRECTION('',(4.581158862182E-13,1.,0.));
#3550 = ORIENTED_EDGE('',*,*,#3551,.F.);
#3551 = EDGE_CURVE('',#3552,#3544,#3554,.T.);
#3552 = VERTEX_POINT('',#3553);
#3553 = CARTESIAN_POINT('',(-8.642851999865E+03,-2.073636693804E+04,
    -5.2E+03));
#3554 = LINE('',#3555,#3556);
#3555 = CARTESIAN_POINT('',(-8.642851999865E+03,-2.073636693804E+04,
    -5.2E+03));
#3556 = VECTOR('',#3557,1.);
#3557 = DIRECTION('',(0.,0.,1.));
#3558 = ORIENTED_EDGE('',*,*,#3559,.F.);
#3559 = EDGE_CURVE('',#3521,#3552,#3560,.T.);
#3560 = LINE('',#3561,#3562);
#3561 = CARTESIAN_POINT('',(-8.642851999865E+03,-2.114136690583E+04,
    -5.2E+03));
#3562 = VECTOR('',#3563,1.);
#3563 = DIRECTION('',(4.581158862182E-13,1.,0.));
#3564 = PLANE('',#3565);
#3565 = AXIS2_PLACEMENT_3D('',#3566,#3567,#3568);
#3566 = CARTESIAN_POINT('',(-8.642851999865E+03,-2.114136690583E+04,
    -5.2E+03));
#3567 = DIRECTION('',(-1.,4.581158862182E-13,0.));
#3568 = DIRECTION('',(4.581158862182E-13,1.,0.));
#3569 = ADVANCED_FACE('',(#3570),#3586,.F.);
#3570 = FACE_BOUND('',#3571,.F.);
#3571 = EDGE_LOOP('',(#3572,#3573,#3579,#3580));
#3572 = ORIENTED_EDGE('',*,*,#3551,.T.);
#3573 = ORIENTED_EDGE('',*,*,#3574,.T.);
#3574 = EDGE_CURVE('',#3544,#3474,#3575,.T.);
#3575 = LINE('',#3576,#3577);
#3576 = CARTESIAN_POINT('',(-8.642851999865E+03,-2.073636693804E+04,
    -4.4E+03));
#3577 = VECTOR('',#3578,1.);
#3578 = DIRECTION('',(-1.,4.608106488983E-13,0.));
#3579 = ORIENTED_EDGE('',*,*,#3471,.F.);
#3580 = ORIENTED_EDGE('',*,*,#3581,.F.);
#3581 = EDGE_CURVE('',#3552,#3472,#3582,.T.);
#3582 = LINE('',#3583,#3584);
#3583 = CARTESIAN_POINT('',(-8.642851999865E+03,-2.073636693804E+04,
    -5.2E+03));
#3584 = VECTOR('',#3585,1.);
#3585 = DIRECTION('',(-1.,4.608106488983E-13,0.));
#3586 = PLANE('',#3587);
#3587 = AXIS2_PLACEMENT_3D('',#3588,#3589,#3590);
#3588 = CARTESIAN_POINT('',(-8.642851999865E+03,-2.073636693804E+04,
    -5.2E+03));
#3589 = DIRECTION('',(-4.608106488983E-13,-1.,0.));
#3590 = DIRECTION('',(-1.,4.608106488983E-13,0.));
#3591 = ADVANCED_FACE('',(#3592),#3598,.F.);
#3592 = FACE_BOUND('',#3593,.F.);
#3593 = EDGE_LOOP('',(#3594,#3595,#3596,#3597));
#3594 = ORIENTED_EDGE('',*,*,#3497,.T.);
#3595 = ORIENTED_EDGE('',*,*,#3528,.T.);
#3596 = ORIENTED_EDGE('',*,*,#3559,.T.);
#3597 = ORIENTED_EDGE('',*,*,#3581,.T.);
#3598 = PLANE('',#3599);
#3599 = AXIS2_PLACEMENT_3D('',#3600,#3601,#3602);
#3600 = CARTESIAN_POINT('',(-8.942851999865E+03,-2.093886692194E+04,
    -5.2E+03));
#3601 = DIRECTION('',(0.,0.,1.));
#3602 = DIRECTION('',(1.,0.,-0.));
#3603 = ADVANCED_FACE('',(#3604),#3610,.T.);
#3604 = FACE_BOUND('',#3605,.T.);
#3605 = EDGE_LOOP('',(#3606,#3607,#3608,#3609));
#3606 = ORIENTED_EDGE('',*,*,#3481,.T.);
#3607 = ORIENTED_EDGE('',*,*,#3512,.T.);
#3608 = ORIENTED_EDGE('',*,*,#3543,.T.);
#3609 = ORIENTED_EDGE('',*,*,#3574,.T.);
#3610 = PLANE('',#3611);
#3611 = AXIS2_PLACEMENT_3D('',#3612,#3613,#3614);
#3612 = CARTESIAN_POINT('',(-8.942851999865E+03,-2.093886692194E+04,
    -4.4E+03));
#3613 = DIRECTION('',(0.,0.,1.));
#3614 = DIRECTION('',(1.,0.,-0.));
#3615 = MANIFOLD_SOLID_BREP('',#3616);
#3616 = CLOSED_SHELL('',(#3617,#3657,#3688,#3719,#3741,#3753));
#3617 = ADVANCED_FACE('',(#3618),#3652,.F.);
#3618 = FACE_BOUND('',#3619,.F.);
#3619 = EDGE_LOOP('',(#3620,#3630,#3638,#3646));
#3620 = ORIENTED_EDGE('',*,*,#3621,.T.);
#3621 = EDGE_CURVE('',#3622,#3624,#3626,.T.);
#3622 = VERTEX_POINT('',#3623);
#3623 = CARTESIAN_POINT('',(-5.638285201807E+04,-8.961366928557E+03,
    -5.2E+03));
#3624 = VERTEX_POINT('',#3625);
#3625 = CARTESIAN_POINT('',(-5.638285201807E+04,-8.961366928557E+03,
    -4.4E+03));
#3626 = LINE('',#3627,#3628);
#3627 = CARTESIAN_POINT('',(-5.638285201807E+04,-8.961366928557E+03,
    -5.2E+03));
#3628 = VECTOR('',#3629,1.);
#3629 = DIRECTION('',(0.,0.,1.));
#3630 = ORIENTED_EDGE('',*,*,#3631,.T.);
#3631 = EDGE_CURVE('',#3624,#3632,#3634,.T.);
#3632 = VERTEX_POINT('',#3633);
#3633 = CARTESIAN_POINT('',(-5.638285201807E+04,-9.361366928615E+03,
    -4.4E+03));
#3634 = LINE('',#3635,#3636);
#3635 = CARTESIAN_POINT('',(-5.638285201807E+04,-8.961366928557E+03,
    -4.4E+03));
#3636 = VECTOR('',#3637,1.);
#3637 = DIRECTION('',(0.,-1.,0.));
#3638 = ORIENTED_EDGE('',*,*,#3639,.F.);
#3639 = EDGE_CURVE('',#3640,#3632,#3642,.T.);
#3640 = VERTEX_POINT('',#3641);
#3641 = CARTESIAN_POINT('',(-5.638285201807E+04,-9.361366928615E+03,
    -5.2E+03));
#3642 = LINE('',#3643,#3644);
#3643 = CARTESIAN_POINT('',(-5.638285201807E+04,-9.361366928615E+03,
    -5.2E+03));
#3644 = VECTOR('',#3645,1.);
#3645 = DIRECTION('',(0.,0.,1.));
#3646 = ORIENTED_EDGE('',*,*,#3647,.F.);
#3647 = EDGE_CURVE('',#3622,#3640,#3648,.T.);
#3648 = LINE('',#3649,#3650);
#3649 = CARTESIAN_POINT('',(-5.638285201807E+04,-8.961366928557E+03,
    -5.2E+03));
#3650 = VECTOR('',#3651,1.);
#3651 = DIRECTION('',(0.,-1.,0.));
#3652 = PLANE('',#3653);
#3653 = AXIS2_PLACEMENT_3D('',#3654,#3655,#3656);
#3654 = CARTESIAN_POINT('',(-5.638285201807E+04,-8.961366928557E+03,
    -5.2E+03));
#3655 = DIRECTION('',(1.,0.,-0.));
#3656 = DIRECTION('',(0.,-1.,0.));
#3657 = ADVANCED_FACE('',(#3658),#3683,.F.);
#3658 = FACE_BOUND('',#3659,.F.);
#3659 = EDGE_LOOP('',(#3660,#3661,#3669,#3677));
#3660 = ORIENTED_EDGE('',*,*,#3639,.T.);
#3661 = ORIENTED_EDGE('',*,*,#3662,.T.);
#3662 = EDGE_CURVE('',#3632,#3663,#3665,.T.);
#3663 = VERTEX_POINT('',#3664);
#3664 = CARTESIAN_POINT('',(-5.488170021115E+04,-9.361366928615E+03,
    -4.4E+03));
#3665 = LINE('',#3666,#3667);
#3666 = CARTESIAN_POINT('',(-5.638285201807E+04,-9.361366928615E+03,
    -4.4E+03));
#3667 = VECTOR('',#3668,1.);
#3668 = DIRECTION('',(1.,0.,0.));
#3669 = ORIENTED_EDGE('',*,*,#3670,.F.);
#3670 = EDGE_CURVE('',#3671,#3663,#3673,.T.);
#3671 = VERTEX_POINT('',#3672);
#3672 = CARTESIAN_POINT('',(-5.488170021115E+04,-9.361366928615E+03,
    -5.2E+03));
#3673 = LINE('',#3674,#3675);
#3674 = CARTESIAN_POINT('',(-5.488170021115E+04,-9.361366928615E+03,
    -5.2E+03));
#3675 = VECTOR('',#3676,1.);
#3676 = DIRECTION('',(0.,0.,1.));
#3677 = ORIENTED_EDGE('',*,*,#3678,.F.);
#3678 = EDGE_CURVE('',#3640,#3671,#3679,.T.);
#3679 = LINE('',#3680,#3681);
#3680 = CARTESIAN_POINT('',(-5.638285201807E+04,-9.361366928615E+03,
    -5.2E+03));
#3681 = VECTOR('',#3682,1.);
#3682 = DIRECTION('',(1.,0.,0.));
#3683 = PLANE('',#3684);
#3684 = AXIS2_PLACEMENT_3D('',#3685,#3686,#3687);
#3685 = CARTESIAN_POINT('',(-5.638285201807E+04,-9.361366928615E+03,
    -5.2E+03));
#3686 = DIRECTION('',(0.,1.,0.));
#3687 = DIRECTION('',(1.,0.,0.));
#3688 = ADVANCED_FACE('',(#3689),#3714,.F.);
#3689 = FACE_BOUND('',#3690,.F.);
#3690 = EDGE_LOOP('',(#3691,#3692,#3700,#3708));
#3691 = ORIENTED_EDGE('',*,*,#3670,.T.);
#3692 = ORIENTED_EDGE('',*,*,#3693,.T.);
#3693 = EDGE_CURVE('',#3663,#3694,#3696,.T.);
#3694 = VERTEX_POINT('',#3695);
#3695 = CARTESIAN_POINT('',(-5.488170021115E+04,-8.961366928557E+03,
    -4.4E+03));
#3696 = LINE('',#3697,#3698);
#3697 = CARTESIAN_POINT('',(-5.488170021115E+04,-9.361366928615E+03,
    -4.4E+03));
#3698 = VECTOR('',#3699,1.);
#3699 = DIRECTION('',(0.,1.,0.));
#3700 = ORIENTED_EDGE('',*,*,#3701,.F.);
#3701 = EDGE_CURVE('',#3702,#3694,#3704,.T.);
#3702 = VERTEX_POINT('',#3703);
#3703 = CARTESIAN_POINT('',(-5.488170021115E+04,-8.961366928557E+03,
    -5.2E+03));
#3704 = LINE('',#3705,#3706);
#3705 = CARTESIAN_POINT('',(-5.488170021115E+04,-8.961366928557E+03,
    -5.2E+03));
#3706 = VECTOR('',#3707,1.);
#3707 = DIRECTION('',(0.,0.,1.));
#3708 = ORIENTED_EDGE('',*,*,#3709,.F.);
#3709 = EDGE_CURVE('',#3671,#3702,#3710,.T.);
#3710 = LINE('',#3711,#3712);
#3711 = CARTESIAN_POINT('',(-5.488170021115E+04,-9.361366928615E+03,
    -5.2E+03));
#3712 = VECTOR('',#3713,1.);
#3713 = DIRECTION('',(0.,1.,0.));
#3714 = PLANE('',#3715);
#3715 = AXIS2_PLACEMENT_3D('',#3716,#3717,#3718);
#3716 = CARTESIAN_POINT('',(-5.488170021115E+04,-9.361366928615E+03,
    -5.2E+03));
#3717 = DIRECTION('',(-1.,0.,0.));
#3718 = DIRECTION('',(0.,1.,0.));
#3719 = ADVANCED_FACE('',(#3720),#3736,.F.);
#3720 = FACE_BOUND('',#3721,.F.);
#3721 = EDGE_LOOP('',(#3722,#3723,#3729,#3730));
#3722 = ORIENTED_EDGE('',*,*,#3701,.T.);
#3723 = ORIENTED_EDGE('',*,*,#3724,.T.);
#3724 = EDGE_CURVE('',#3694,#3624,#3725,.T.);
#3725 = LINE('',#3726,#3727);
#3726 = CARTESIAN_POINT('',(-5.488170021115E+04,-8.961366928557E+03,
    -4.4E+03));
#3727 = VECTOR('',#3728,1.);
#3728 = DIRECTION('',(-1.,0.,0.));
#3729 = ORIENTED_EDGE('',*,*,#3621,.F.);
#3730 = ORIENTED_EDGE('',*,*,#3731,.F.);
#3731 = EDGE_CURVE('',#3702,#3622,#3732,.T.);
#3732 = LINE('',#3733,#3734);
#3733 = CARTESIAN_POINT('',(-5.488170021115E+04,-8.961366928557E+03,
    -5.2E+03));
#3734 = VECTOR('',#3735,1.);
#3735 = DIRECTION('',(-1.,0.,0.));
#3736 = PLANE('',#3737);
#3737 = AXIS2_PLACEMENT_3D('',#3738,#3739,#3740);
#3738 = CARTESIAN_POINT('',(-5.488170021115E+04,-8.961366928557E+03,
    -5.2E+03));
#3739 = DIRECTION('',(0.,-1.,0.));
#3740 = DIRECTION('',(-1.,0.,0.));
#3741 = ADVANCED_FACE('',(#3742),#3748,.F.);
#3742 = FACE_BOUND('',#3743,.F.);
#3743 = EDGE_LOOP('',(#3744,#3745,#3746,#3747));
#3744 = ORIENTED_EDGE('',*,*,#3647,.T.);
#3745 = ORIENTED_EDGE('',*,*,#3678,.T.);
#3746 = ORIENTED_EDGE('',*,*,#3709,.T.);
#3747 = ORIENTED_EDGE('',*,*,#3731,.T.);
#3748 = PLANE('',#3749);
#3749 = AXIS2_PLACEMENT_3D('',#3750,#3751,#3752);
#3750 = CARTESIAN_POINT('',(-5.563227611461E+04,-9.161366928586E+03,
    -5.2E+03));
#3751 = DIRECTION('',(0.,0.,1.));
#3752 = DIRECTION('',(1.,0.,-0.));
#3753 = ADVANCED_FACE('',(#3754),#3760,.T.);
#3754 = FACE_BOUND('',#3755,.T.);
#3755 = EDGE_LOOP('',(#3756,#3757,#3758,#3759));
#3756 = ORIENTED_EDGE('',*,*,#3631,.T.);
#3757 = ORIENTED_EDGE('',*,*,#3662,.T.);
#3758 = ORIENTED_EDGE('',*,*,#3693,.T.);
#3759 = ORIENTED_EDGE('',*,*,#3724,.T.);
#3760 = PLANE('',#3761);
#3761 = AXIS2_PLACEMENT_3D('',#3762,#3763,#3764);
#3762 = CARTESIAN_POINT('',(-5.563227611461E+04,-9.161366928586E+03,
    -4.4E+03));
#3763 = DIRECTION('',(0.,0.,1.));
#3764 = DIRECTION('',(1.,0.,-0.));
#3765 = MANIFOLD_SOLID_BREP('',#3766);
#3766 = CLOSED_SHELL('',(#3767,#3807,#3838,#3869,#3891,#3903));
#3767 = ADVANCED_FACE('',(#3768),#3802,.F.);
#3768 = FACE_BOUND('',#3769,.F.);
#3769 = EDGE_LOOP('',(#3770,#3780,#3788,#3796));
#3770 = ORIENTED_EDGE('',*,*,#3771,.T.);
#3771 = EDGE_CURVE('',#3772,#3774,#3776,.T.);
#3772 = VERTEX_POINT('',#3773);
#3773 = CARTESIAN_POINT('',(4.540925215296E+04,-216.365189909,-5.2E+03)
  );
#3774 = VERTEX_POINT('',#3775);
#3775 = CARTESIAN_POINT('',(4.540925215296E+04,-216.365189909,-4.4E+03)
  );
#3776 = LINE('',#3777,#3778);
#3777 = CARTESIAN_POINT('',(4.540925215296E+04,-216.365189909,-5.2E+03)
  );
#3778 = VECTOR('',#3779,1.);
#3779 = DIRECTION('',(0.,0.,1.));
#3780 = ORIENTED_EDGE('',*,*,#3781,.T.);
#3781 = EDGE_CURVE('',#3774,#3782,#3784,.T.);
#3782 = VERTEX_POINT('',#3783);
#3783 = CARTESIAN_POINT('',(4.540925215296E+04,-622.0613722205,-4.4E+03)
  );
#3784 = LINE('',#3785,#3786);
#3785 = CARTESIAN_POINT('',(4.540925215296E+04,-216.365189909,-4.4E+03)
  );
#3786 = VECTOR('',#3787,1.);
#3787 = DIRECTION('',(0.,-1.,0.));
#3788 = ORIENTED_EDGE('',*,*,#3789,.F.);
#3789 = EDGE_CURVE('',#3790,#3782,#3792,.T.);
#3790 = VERTEX_POINT('',#3791);
#3791 = CARTESIAN_POINT('',(4.540925215296E+04,-622.0613722205,-5.2E+03)
  );
#3792 = LINE('',#3793,#3794);
#3793 = CARTESIAN_POINT('',(4.540925215296E+04,-622.0613722205,-5.2E+03)
  );
#3794 = VECTOR('',#3795,1.);
#3795 = DIRECTION('',(0.,0.,1.));
#3796 = ORIENTED_EDGE('',*,*,#3797,.F.);
#3797 = EDGE_CURVE('',#3772,#3790,#3798,.T.);
#3798 = LINE('',#3799,#3800);
#3799 = CARTESIAN_POINT('',(4.540925215296E+04,-216.365189909,-5.2E+03)
  );
#3800 = VECTOR('',#3801,1.);
#3801 = DIRECTION('',(0.,-1.,0.));
#3802 = PLANE('',#3803);
#3803 = AXIS2_PLACEMENT_3D('',#3804,#3805,#3806);
#3804 = CARTESIAN_POINT('',(4.540925215296E+04,-216.365189909,-5.2E+03)
  );
#3805 = DIRECTION('',(1.,0.,-0.));
#3806 = DIRECTION('',(0.,-1.,0.));
#3807 = ADVANCED_FACE('',(#3808),#3833,.F.);
#3808 = FACE_BOUND('',#3809,.F.);
#3809 = EDGE_LOOP('',(#3810,#3811,#3819,#3827));
#3810 = ORIENTED_EDGE('',*,*,#3789,.T.);
#3811 = ORIENTED_EDGE('',*,*,#3812,.T.);
#3812 = EDGE_CURVE('',#3782,#3813,#3815,.T.);
#3813 = VERTEX_POINT('',#3814);
#3814 = CARTESIAN_POINT('',(4.580925215296E+04,-622.0613722205,-4.4E+03)
  );
#3815 = LINE('',#3816,#3817);
#3816 = CARTESIAN_POINT('',(4.540925215296E+04,-622.0613722205,-4.4E+03)
  );
#3817 = VECTOR('',#3818,1.);
#3818 = DIRECTION('',(1.,0.,0.));
#3819 = ORIENTED_EDGE('',*,*,#3820,.F.);
#3820 = EDGE_CURVE('',#3821,#3813,#3823,.T.);
#3821 = VERTEX_POINT('',#3822);
#3822 = CARTESIAN_POINT('',(4.580925215296E+04,-622.0613722205,-5.2E+03)
  );
#3823 = LINE('',#3824,#3825);
#3824 = CARTESIAN_POINT('',(4.580925215296E+04,-622.0613722205,-5.2E+03)
  );
#3825 = VECTOR('',#3826,1.);
#3826 = DIRECTION('',(0.,0.,1.));
#3827 = ORIENTED_EDGE('',*,*,#3828,.F.);
#3828 = EDGE_CURVE('',#3790,#3821,#3829,.T.);
#3829 = LINE('',#3830,#3831);
#3830 = CARTESIAN_POINT('',(4.540925215296E+04,-622.0613722205,-5.2E+03)
  );
#3831 = VECTOR('',#3832,1.);
#3832 = DIRECTION('',(1.,0.,0.));
#3833 = PLANE('',#3834);
#3834 = AXIS2_PLACEMENT_3D('',#3835,#3836,#3837);
#3835 = CARTESIAN_POINT('',(4.540925215296E+04,-622.0613722205,-5.2E+03)
  );
#3836 = DIRECTION('',(0.,1.,0.));
#3837 = DIRECTION('',(1.,0.,0.));
#3838 = ADVANCED_FACE('',(#3839),#3864,.F.);
#3839 = FACE_BOUND('',#3840,.F.);
#3840 = EDGE_LOOP('',(#3841,#3842,#3850,#3858));
#3841 = ORIENTED_EDGE('',*,*,#3820,.T.);
#3842 = ORIENTED_EDGE('',*,*,#3843,.T.);
#3843 = EDGE_CURVE('',#3813,#3844,#3846,.T.);
#3844 = VERTEX_POINT('',#3845);
#3845 = CARTESIAN_POINT('',(4.580925215296E+04,-216.365189909,-4.4E+03)
  );
#3846 = LINE('',#3847,#3848);
#3847 = CARTESIAN_POINT('',(4.580925215296E+04,-622.0613722205,-4.4E+03)
  );
#3848 = VECTOR('',#3849,1.);
#3849 = DIRECTION('',(0.,1.,0.));
#3850 = ORIENTED_EDGE('',*,*,#3851,.F.);
#3851 = EDGE_CURVE('',#3852,#3844,#3854,.T.);
#3852 = VERTEX_POINT('',#3853);
#3853 = CARTESIAN_POINT('',(4.580925215296E+04,-216.365189909,-5.2E+03)
  );
#3854 = LINE('',#3855,#3856);
#3855 = CARTESIAN_POINT('',(4.580925215296E+04,-216.365189909,-5.2E+03)
  );
#3856 = VECTOR('',#3857,1.);
#3857 = DIRECTION('',(0.,0.,1.));
#3858 = ORIENTED_EDGE('',*,*,#3859,.F.);
#3859 = EDGE_CURVE('',#3821,#3852,#3860,.T.);
#3860 = LINE('',#3861,#3862);
#3861 = CARTESIAN_POINT('',(4.580925215296E+04,-622.0613722205,-5.2E+03)
  );
#3862 = VECTOR('',#3863,1.);
#3863 = DIRECTION('',(0.,1.,0.));
#3864 = PLANE('',#3865);
#3865 = AXIS2_PLACEMENT_3D('',#3866,#3867,#3868);
#3866 = CARTESIAN_POINT('',(4.580925215296E+04,-622.0613722205,-5.2E+03)
  );
#3867 = DIRECTION('',(-1.,0.,0.));
#3868 = DIRECTION('',(0.,1.,0.));
#3869 = ADVANCED_FACE('',(#3870),#3886,.F.);
#3870 = FACE_BOUND('',#3871,.F.);
#3871 = EDGE_LOOP('',(#3872,#3873,#3879,#3880));
#3872 = ORIENTED_EDGE('',*,*,#3851,.T.);
#3873 = ORIENTED_EDGE('',*,*,#3874,.T.);
#3874 = EDGE_CURVE('',#3844,#3774,#3875,.T.);
#3875 = LINE('',#3876,#3877);
#3876 = CARTESIAN_POINT('',(4.580925215296E+04,-216.365189909,-4.4E+03)
  );
#3877 = VECTOR('',#3878,1.);
#3878 = DIRECTION('',(-1.,0.,0.));
#3879 = ORIENTED_EDGE('',*,*,#3771,.F.);
#3880 = ORIENTED_EDGE('',*,*,#3881,.F.);
#3881 = EDGE_CURVE('',#3852,#3772,#3882,.T.);
#3882 = LINE('',#3883,#3884);
#3883 = CARTESIAN_POINT('',(4.580925215296E+04,-216.365189909,-5.2E+03)
  );
#3884 = VECTOR('',#3885,1.);
#3885 = DIRECTION('',(-1.,0.,0.));
#3886 = PLANE('',#3887);
#3887 = AXIS2_PLACEMENT_3D('',#3888,#3889,#3890);
#3888 = CARTESIAN_POINT('',(4.580925215296E+04,-216.365189909,-5.2E+03)
  );
#3889 = DIRECTION('',(0.,-1.,0.));
#3890 = DIRECTION('',(-1.,0.,0.));
#3891 = ADVANCED_FACE('',(#3892),#3898,.F.);
#3892 = FACE_BOUND('',#3893,.F.);
#3893 = EDGE_LOOP('',(#3894,#3895,#3896,#3897));
#3894 = ORIENTED_EDGE('',*,*,#3797,.T.);
#3895 = ORIENTED_EDGE('',*,*,#3828,.T.);
#3896 = ORIENTED_EDGE('',*,*,#3859,.T.);
#3897 = ORIENTED_EDGE('',*,*,#3881,.T.);
#3898 = PLANE('',#3899);
#3899 = AXIS2_PLACEMENT_3D('',#3900,#3901,#3902);
#3900 = CARTESIAN_POINT('',(4.560925215296E+04,-419.2132810647,-5.2E+03)
  );
#3901 = DIRECTION('',(0.,0.,1.));
#3902 = DIRECTION('',(1.,0.,-0.));
#3903 = ADVANCED_FACE('',(#3904),#3910,.T.);
#3904 = FACE_BOUND('',#3905,.T.);
#3905 = EDGE_LOOP('',(#3906,#3907,#3908,#3909));
#3906 = ORIENTED_EDGE('',*,*,#3781,.T.);
#3907 = ORIENTED_EDGE('',*,*,#3812,.T.);
#3908 = ORIENTED_EDGE('',*,*,#3843,.T.);
#3909 = ORIENTED_EDGE('',*,*,#3874,.T.);
#3910 = PLANE('',#3911);
#3911 = AXIS2_PLACEMENT_3D('',#3912,#3913,#3914);
#3912 = CARTESIAN_POINT('',(4.560925215296E+04,-419.2132810647,-4.4E+03)
  );
#3913 = DIRECTION('',(0.,0.,1.));
#3914 = DIRECTION('',(1.,0.,-0.));
#3915 = MANIFOLD_SOLID_BREP('',#3916);
#3916 = CLOSED_SHELL('',(#3917,#3957,#3988,#4019,#4041,#4053));
#3917 = ADVANCED_FACE('',(#3918),#3952,.F.);
#3918 = FACE_BOUND('',#3919,.F.);
#3919 = EDGE_LOOP('',(#3920,#3930,#3938,#3946));
#3920 = ORIENTED_EDGE('',*,*,#3921,.T.);
#3921 = EDGE_CURVE('',#3922,#3924,#3926,.T.);
#3922 = VERTEX_POINT('',#3923);
#3923 = CARTESIAN_POINT('',(2.363714797441E+04,4.337363306604E+04,
    -5.2E+03));
#3924 = VERTEX_POINT('',#3925);
#3925 = CARTESIAN_POINT('',(2.363714797441E+04,4.337363306604E+04,
    -4.4E+03));
#3926 = LINE('',#3927,#3928);
#3927 = CARTESIAN_POINT('',(2.363714797441E+04,4.337363306604E+04,
    -5.2E+03));
#3928 = VECTOR('',#3929,1.);
#3929 = DIRECTION('',(0.,0.,1.));
#3930 = ORIENTED_EDGE('',*,*,#3931,.T.);
#3931 = EDGE_CURVE('',#3924,#3932,#3934,.T.);
#3932 = VERTEX_POINT('',#3933);
#3933 = CARTESIAN_POINT('',(2.405714797441E+04,4.337363306604E+04,
    -4.4E+03));
#3934 = LINE('',#3935,#3936);
#3935 = CARTESIAN_POINT('',(2.363714797441E+04,4.337363306604E+04,
    -4.4E+03));
#3936 = VECTOR('',#3937,1.);
#3937 = DIRECTION('',(1.,-1.039422516312E-12,0.));
#3938 = ORIENTED_EDGE('',*,*,#3939,.F.);
#3939 = EDGE_CURVE('',#3940,#3932,#3942,.T.);
#3940 = VERTEX_POINT('',#3941);
#3941 = CARTESIAN_POINT('',(2.405714797441E+04,4.337363306604E+04,
    -5.2E+03));
#3942 = LINE('',#3943,#3944);
#3943 = CARTESIAN_POINT('',(2.405714797441E+04,4.337363306604E+04,
    -5.2E+03));
#3944 = VECTOR('',#3945,1.);
#3945 = DIRECTION('',(0.,0.,1.));
#3946 = ORIENTED_EDGE('',*,*,#3947,.F.);
#3947 = EDGE_CURVE('',#3922,#3940,#3948,.T.);
#3948 = LINE('',#3949,#3950);
#3949 = CARTESIAN_POINT('',(2.363714797441E+04,4.337363306604E+04,
    -5.2E+03));
#3950 = VECTOR('',#3951,1.);
#3951 = DIRECTION('',(1.,-1.039422516312E-12,0.));
#3952 = PLANE('',#3953);
#3953 = AXIS2_PLACEMENT_3D('',#3954,#3955,#3956);
#3954 = CARTESIAN_POINT('',(2.363714797441E+04,4.337363306604E+04,
    -5.2E+03));
#3955 = DIRECTION('',(1.039422516312E-12,1.,-0.));
#3956 = DIRECTION('',(1.,-1.039422516312E-12,0.));
#3957 = ADVANCED_FACE('',(#3958),#3983,.F.);
#3958 = FACE_BOUND('',#3959,.F.);
#3959 = EDGE_LOOP('',(#3960,#3961,#3969,#3977));
#3960 = ORIENTED_EDGE('',*,*,#3939,.T.);
#3961 = ORIENTED_EDGE('',*,*,#3962,.T.);
#3962 = EDGE_CURVE('',#3932,#3963,#3965,.T.);
#3963 = VERTEX_POINT('',#3964);
#3964 = CARTESIAN_POINT('',(2.405714797441E+04,4.382363306604E+04,
    -4.4E+03));
#3965 = LINE('',#3966,#3967);
#3966 = CARTESIAN_POINT('',(2.405714797441E+04,4.337363306604E+04,
    -4.4E+03));
#3967 = VECTOR('',#3968,1.);
#3968 = DIRECTION('',(1.034802860683E-12,1.,0.));
#3969 = ORIENTED_EDGE('',*,*,#3970,.F.);
#3970 = EDGE_CURVE('',#3971,#3963,#3973,.T.);
#3971 = VERTEX_POINT('',#3972);
#3972 = CARTESIAN_POINT('',(2.405714797441E+04,4.382363306604E+04,
    -5.2E+03));
#3973 = LINE('',#3974,#3975);
#3974 = CARTESIAN_POINT('',(2.405714797441E+04,4.382363306604E+04,
    -5.2E+03));
#3975 = VECTOR('',#3976,1.);
#3976 = DIRECTION('',(0.,0.,1.));
#3977 = ORIENTED_EDGE('',*,*,#3978,.F.);
#3978 = EDGE_CURVE('',#3940,#3971,#3979,.T.);
#3979 = LINE('',#3980,#3981);
#3980 = CARTESIAN_POINT('',(2.405714797441E+04,4.337363306604E+04,
    -5.2E+03));
#3981 = VECTOR('',#3982,1.);
#3982 = DIRECTION('',(1.034802860683E-12,1.,0.));
#3983 = PLANE('',#3984);
#3984 = AXIS2_PLACEMENT_3D('',#3985,#3986,#3987);
#3985 = CARTESIAN_POINT('',(2.405714797441E+04,4.337363306604E+04,
    -5.2E+03));
#3986 = DIRECTION('',(-1.,1.034802860683E-12,0.));
#3987 = DIRECTION('',(1.034802860683E-12,1.,0.));
#3988 = ADVANCED_FACE('',(#3989),#4014,.F.);
#3989 = FACE_BOUND('',#3990,.F.);
#3990 = EDGE_LOOP('',(#3991,#3992,#4000,#4008));
#3991 = ORIENTED_EDGE('',*,*,#3970,.T.);
#3992 = ORIENTED_EDGE('',*,*,#3993,.T.);
#3993 = EDGE_CURVE('',#3963,#3994,#3996,.T.);
#3994 = VERTEX_POINT('',#3995);
#3995 = CARTESIAN_POINT('',(2.363714797441E+04,4.382363306604E+04,
    -4.4E+03));
#3996 = LINE('',#3997,#3998);
#3997 = CARTESIAN_POINT('',(2.405714797441E+04,4.382363306604E+04,
    -4.4E+03));
#3998 = VECTOR('',#3999,1.);
#3999 = DIRECTION('',(-1.,1.039422516312E-12,0.));
#4000 = ORIENTED_EDGE('',*,*,#4001,.F.);
#4001 = EDGE_CURVE('',#4002,#3994,#4004,.T.);
#4002 = VERTEX_POINT('',#4003);
#4003 = CARTESIAN_POINT('',(2.363714797441E+04,4.382363306604E+04,
    -5.2E+03));
#4004 = LINE('',#4005,#4006);
#4005 = CARTESIAN_POINT('',(2.363714797441E+04,4.382363306604E+04,
    -5.2E+03));
#4006 = VECTOR('',#4007,1.);
#4007 = DIRECTION('',(0.,0.,1.));
#4008 = ORIENTED_EDGE('',*,*,#4009,.F.);
#4009 = EDGE_CURVE('',#3971,#4002,#4010,.T.);
#4010 = LINE('',#4011,#4012);
#4011 = CARTESIAN_POINT('',(2.405714797441E+04,4.382363306604E+04,
    -5.2E+03));
#4012 = VECTOR('',#4013,1.);
#4013 = DIRECTION('',(-1.,1.039422516312E-12,0.));
#4014 = PLANE('',#4015);
#4015 = AXIS2_PLACEMENT_3D('',#4016,#4017,#4018);
#4016 = CARTESIAN_POINT('',(2.405714797441E+04,4.382363306604E+04,
    -5.2E+03));
#4017 = DIRECTION('',(-1.039422516312E-12,-1.,0.));
#4018 = DIRECTION('',(-1.,1.039422516312E-12,0.));
#4019 = ADVANCED_FACE('',(#4020),#4036,.F.);
#4020 = FACE_BOUND('',#4021,.F.);
#4021 = EDGE_LOOP('',(#4022,#4023,#4029,#4030));
#4022 = ORIENTED_EDGE('',*,*,#4001,.T.);
#4023 = ORIENTED_EDGE('',*,*,#4024,.T.);
#4024 = EDGE_CURVE('',#3994,#3924,#4025,.T.);
#4025 = LINE('',#4026,#4027);
#4026 = CARTESIAN_POINT('',(2.363714797441E+04,4.382363306604E+04,
    -4.4E+03));
#4027 = VECTOR('',#4028,1.);
#4028 = DIRECTION('',(-1.034802860683E-12,-1.,0.));
#4029 = ORIENTED_EDGE('',*,*,#3921,.F.);
#4030 = ORIENTED_EDGE('',*,*,#4031,.F.);
#4031 = EDGE_CURVE('',#4002,#3922,#4032,.T.);
#4032 = LINE('',#4033,#4034);
#4033 = CARTESIAN_POINT('',(2.363714797441E+04,4.382363306604E+04,
    -5.2E+03));
#4034 = VECTOR('',#4035,1.);
#4035 = DIRECTION('',(-1.034802860683E-12,-1.,0.));
#4036 = PLANE('',#4037);
#4037 = AXIS2_PLACEMENT_3D('',#4038,#4039,#4040);
#4038 = CARTESIAN_POINT('',(2.363714797441E+04,4.382363306604E+04,
    -5.2E+03));
#4039 = DIRECTION('',(1.,-1.034802860683E-12,0.));
#4040 = DIRECTION('',(-1.034802860683E-12,-1.,0.));
#4041 = ADVANCED_FACE('',(#4042),#4048,.F.);
#4042 = FACE_BOUND('',#4043,.F.);
#4043 = EDGE_LOOP('',(#4044,#4045,#4046,#4047));
#4044 = ORIENTED_EDGE('',*,*,#3947,.T.);
#4045 = ORIENTED_EDGE('',*,*,#3978,.T.);
#4046 = ORIENTED_EDGE('',*,*,#4009,.T.);
#4047 = ORIENTED_EDGE('',*,*,#4031,.T.);
#4048 = PLANE('',#4049);
#4049 = AXIS2_PLACEMENT_3D('',#4050,#4051,#4052);
#4050 = CARTESIAN_POINT('',(2.384714797441E+04,4.359863306604E+04,
    -5.2E+03));
#4051 = DIRECTION('',(0.,0.,1.));
#4052 = DIRECTION('',(1.,0.,-0.));
#4053 = ADVANCED_FACE('',(#4054),#4060,.T.);
#4054 = FACE_BOUND('',#4055,.T.);
#4055 = EDGE_LOOP('',(#4056,#4057,#4058,#4059));
#4056 = ORIENTED_EDGE('',*,*,#3931,.T.);
#4057 = ORIENTED_EDGE('',*,*,#3962,.T.);
#4058 = ORIENTED_EDGE('',*,*,#3993,.T.);
#4059 = ORIENTED_EDGE('',*,*,#4024,.T.);
#4060 = PLANE('',#4061);
#4061 = AXIS2_PLACEMENT_3D('',#4062,#4063,#4064);
#4062 = CARTESIAN_POINT('',(2.384714797441E+04,4.359863306604E+04,
    -4.4E+03));
#4063 = DIRECTION('',(0.,0.,1.));
#4064 = DIRECTION('',(1.,0.,-0.));
#4065 = MANIFOLD_SOLID_BREP('',#4066);
#4066 = CLOSED_SHELL('',(#4067,#4107,#4138,#4169,#4191,#4203));
#4067 = ADVANCED_FACE('',(#4068),#4102,.F.);
#4068 = FACE_BOUND('',#4069,.F.);
#4069 = EDGE_LOOP('',(#4070,#4080,#4088,#4096));
#4070 = ORIENTED_EDGE('',*,*,#4071,.T.);
#4071 = EDGE_CURVE('',#4072,#4074,#4076,.T.);
#4072 = VERTEX_POINT('',#4073);
#4073 = CARTESIAN_POINT('',(5.699647974405E+03,4.624363306604E+04,
    -5.2E+03));
#4074 = VERTEX_POINT('',#4075);
#4075 = CARTESIAN_POINT('',(5.699647974405E+03,4.624363306604E+04,
    -4.4E+03));
#4076 = LINE('',#4077,#4078);
#4077 = CARTESIAN_POINT('',(5.699647974405E+03,4.624363306604E+04,
    -5.2E+03));
#4078 = VECTOR('',#4079,1.);
#4079 = DIRECTION('',(0.,0.,1.));
#4080 = ORIENTED_EDGE('',*,*,#4081,.T.);
#4081 = EDGE_CURVE('',#4074,#4082,#4084,.T.);
#4082 = VERTEX_POINT('',#4083);
#4083 = CARTESIAN_POINT('',(5.699647974405E+03,4.584363306604E+04,
    -4.4E+03));
#4084 = LINE('',#4085,#4086);
#4085 = CARTESIAN_POINT('',(5.699647974405E+03,4.624363306604E+04,
    -4.4E+03));
#4086 = VECTOR('',#4087,1.);
#4087 = DIRECTION('',(0.,-1.,0.));
#4088 = ORIENTED_EDGE('',*,*,#4089,.F.);
#4089 = EDGE_CURVE('',#4090,#4082,#4092,.T.);
#4090 = VERTEX_POINT('',#4091);
#4091 = CARTESIAN_POINT('',(5.699647974405E+03,4.584363306604E+04,
    -5.2E+03));
#4092 = LINE('',#4093,#4094);
#4093 = CARTESIAN_POINT('',(5.699647974405E+03,4.584363306604E+04,
    -5.2E+03));
#4094 = VECTOR('',#4095,1.);
#4095 = DIRECTION('',(0.,0.,1.));
#4096 = ORIENTED_EDGE('',*,*,#4097,.F.);
#4097 = EDGE_CURVE('',#4072,#4090,#4098,.T.);
#4098 = LINE('',#4099,#4100);
#4099 = CARTESIAN_POINT('',(5.699647974405E+03,4.624363306604E+04,
    -5.2E+03));
#4100 = VECTOR('',#4101,1.);
#4101 = DIRECTION('',(0.,-1.,0.));
#4102 = PLANE('',#4103);
#4103 = AXIS2_PLACEMENT_3D('',#4104,#4105,#4106);
#4104 = CARTESIAN_POINT('',(5.699647974405E+03,4.624363306604E+04,
    -5.2E+03));
#4105 = DIRECTION('',(1.,0.,-0.));
#4106 = DIRECTION('',(0.,-1.,0.));
#4107 = ADVANCED_FACE('',(#4108),#4133,.F.);
#4108 = FACE_BOUND('',#4109,.F.);
#4109 = EDGE_LOOP('',(#4110,#4111,#4119,#4127));
#4110 = ORIENTED_EDGE('',*,*,#4089,.T.);
#4111 = ORIENTED_EDGE('',*,*,#4112,.T.);
#4112 = EDGE_CURVE('',#4082,#4113,#4115,.T.);
#4113 = VERTEX_POINT('',#4114);
#4114 = CARTESIAN_POINT('',(7.999647974405E+03,4.584363306604E+04,
    -4.4E+03));
#4115 = LINE('',#4116,#4117);
#4116 = CARTESIAN_POINT('',(5.699647974405E+03,4.584363306604E+04,
    -4.4E+03));
#4117 = VECTOR('',#4118,1.);
#4118 = DIRECTION('',(1.,0.,0.));
#4119 = ORIENTED_EDGE('',*,*,#4120,.F.);
#4120 = EDGE_CURVE('',#4121,#4113,#4123,.T.);
#4121 = VERTEX_POINT('',#4122);
#4122 = CARTESIAN_POINT('',(7.999647974405E+03,4.584363306604E+04,
    -5.2E+03));
#4123 = LINE('',#4124,#4125);
#4124 = CARTESIAN_POINT('',(7.999647974405E+03,4.584363306604E+04,
    -5.2E+03));
#4125 = VECTOR('',#4126,1.);
#4126 = DIRECTION('',(0.,0.,1.));
#4127 = ORIENTED_EDGE('',*,*,#4128,.F.);
#4128 = EDGE_CURVE('',#4090,#4121,#4129,.T.);
#4129 = LINE('',#4130,#4131);
#4130 = CARTESIAN_POINT('',(5.699647974405E+03,4.584363306604E+04,
    -5.2E+03));
#4131 = VECTOR('',#4132,1.);
#4132 = DIRECTION('',(1.,0.,0.));
#4133 = PLANE('',#4134);
#4134 = AXIS2_PLACEMENT_3D('',#4135,#4136,#4137);
#4135 = CARTESIAN_POINT('',(5.699647974405E+03,4.584363306604E+04,
    -5.2E+03));
#4136 = DIRECTION('',(0.,1.,0.));
#4137 = DIRECTION('',(1.,0.,0.));
#4138 = ADVANCED_FACE('',(#4139),#4164,.F.);
#4139 = FACE_BOUND('',#4140,.F.);
#4140 = EDGE_LOOP('',(#4141,#4142,#4150,#4158));
#4141 = ORIENTED_EDGE('',*,*,#4120,.T.);
#4142 = ORIENTED_EDGE('',*,*,#4143,.T.);
#4143 = EDGE_CURVE('',#4113,#4144,#4146,.T.);
#4144 = VERTEX_POINT('',#4145);
#4145 = CARTESIAN_POINT('',(7.999647974405E+03,4.624363306604E+04,
    -4.4E+03));
#4146 = LINE('',#4147,#4148);
#4147 = CARTESIAN_POINT('',(7.999647974405E+03,4.584363306604E+04,
    -4.4E+03));
#4148 = VECTOR('',#4149,1.);
#4149 = DIRECTION('',(0.,1.,0.));
#4150 = ORIENTED_EDGE('',*,*,#4151,.F.);
#4151 = EDGE_CURVE('',#4152,#4144,#4154,.T.);
#4152 = VERTEX_POINT('',#4153);
#4153 = CARTESIAN_POINT('',(7.999647974405E+03,4.624363306604E+04,
    -5.2E+03));
#4154 = LINE('',#4155,#4156);
#4155 = CARTESIAN_POINT('',(7.999647974405E+03,4.624363306604E+04,
    -5.2E+03));
#4156 = VECTOR('',#4157,1.);
#4157 = DIRECTION('',(0.,0.,1.));
#4158 = ORIENTED_EDGE('',*,*,#4159,.F.);
#4159 = EDGE_CURVE('',#4121,#4152,#4160,.T.);
#4160 = LINE('',#4161,#4162);
#4161 = CARTESIAN_POINT('',(7.999647974405E+03,4.584363306604E+04,
    -5.2E+03));
#4162 = VECTOR('',#4163,1.);
#4163 = DIRECTION('',(0.,1.,0.));
#4164 = PLANE('',#4165);
#4165 = AXIS2_PLACEMENT_3D('',#4166,#4167,#4168);
#4166 = CARTESIAN_POINT('',(7.999647974405E+03,4.584363306604E+04,
    -5.2E+03));
#4167 = DIRECTION('',(-1.,0.,0.));
#4168 = DIRECTION('',(0.,1.,0.));
#4169 = ADVANCED_FACE('',(#4170),#4186,.F.);
#4170 = FACE_BOUND('',#4171,.F.);
#4171 = EDGE_LOOP('',(#4172,#4173,#4179,#4180));
#4172 = ORIENTED_EDGE('',*,*,#4151,.T.);
#4173 = ORIENTED_EDGE('',*,*,#4174,.T.);
#4174 = EDGE_CURVE('',#4144,#4074,#4175,.T.);
#4175 = LINE('',#4176,#4177);
#4176 = CARTESIAN_POINT('',(7.999647974405E+03,4.624363306604E+04,
    -4.4E+03));
#4177 = VECTOR('',#4178,1.);
#4178 = DIRECTION('',(-1.,0.,0.));
#4179 = ORIENTED_EDGE('',*,*,#4071,.F.);
#4180 = ORIENTED_EDGE('',*,*,#4181,.F.);
#4181 = EDGE_CURVE('',#4152,#4072,#4182,.T.);
#4182 = LINE('',#4183,#4184);
#4183 = CARTESIAN_POINT('',(7.999647974405E+03,4.624363306604E+04,
    -5.2E+03));
#4184 = VECTOR('',#4185,1.);
#4185 = DIRECTION('',(-1.,0.,0.));
#4186 = PLANE('',#4187);
#4187 = AXIS2_PLACEMENT_3D('',#4188,#4189,#4190);
#4188 = CARTESIAN_POINT('',(7.999647974405E+03,4.624363306604E+04,
    -5.2E+03));
#4189 = DIRECTION('',(0.,-1.,0.));
#4190 = DIRECTION('',(-1.,0.,0.));
#4191 = ADVANCED_FACE('',(#4192),#4198,.F.);
#4192 = FACE_BOUND('',#4193,.F.);
#4193 = EDGE_LOOP('',(#4194,#4195,#4196,#4197));
#4194 = ORIENTED_EDGE('',*,*,#4097,.T.);
#4195 = ORIENTED_EDGE('',*,*,#4128,.T.);
#4196 = ORIENTED_EDGE('',*,*,#4159,.T.);
#4197 = ORIENTED_EDGE('',*,*,#4181,.T.);
#4198 = PLANE('',#4199);
#4199 = AXIS2_PLACEMENT_3D('',#4200,#4201,#4202);
#4200 = CARTESIAN_POINT('',(6.849647974405E+03,4.604363306604E+04,
    -5.2E+03));
#4201 = DIRECTION('',(0.,0.,1.));
#4202 = DIRECTION('',(1.,0.,-0.));
#4203 = ADVANCED_FACE('',(#4204),#4210,.T.);
#4204 = FACE_BOUND('',#4205,.T.);
#4205 = EDGE_LOOP('',(#4206,#4207,#4208,#4209));
#4206 = ORIENTED_EDGE('',*,*,#4081,.T.);
#4207 = ORIENTED_EDGE('',*,*,#4112,.T.);
#4208 = ORIENTED_EDGE('',*,*,#4143,.T.);
#4209 = ORIENTED_EDGE('',*,*,#4174,.T.);
#4210 = PLANE('',#4211);
#4211 = AXIS2_PLACEMENT_3D('',#4212,#4213,#4214);
#4212 = CARTESIAN_POINT('',(6.849647974405E+03,4.604363306604E+04,
    -4.4E+03));
#4213 = DIRECTION('',(0.,0.,1.));
#4214 = DIRECTION('',(1.,0.,-0.));
#4215 = MANIFOLD_SOLID_BREP('',#4216);
#4216 = CLOSED_SHELL('',(#4217,#4257,#4288,#4319,#4341,#4353));
#4217 = ADVANCED_FACE('',(#4218),#4252,.F.);
#4218 = FACE_BOUND('',#4219,.F.);
#4219 = EDGE_LOOP('',(#4220,#4230,#4238,#4246));
#4220 = ORIENTED_EDGE('',*,*,#4221,.T.);
#4221 = EDGE_CURVE('',#4222,#4224,#4226,.T.);
#4222 = VERTEX_POINT('',#4223);
#4223 = CARTESIAN_POINT('',(3.649647974405E+03,4.624363306604E+04,
    -5.2E+03));
#4224 = VERTEX_POINT('',#4225);
#4225 = CARTESIAN_POINT('',(3.649647974405E+03,4.624363306604E+04,
    -4.4E+03));
#4226 = LINE('',#4227,#4228);
#4227 = CARTESIAN_POINT('',(3.649647974405E+03,4.624363306604E+04,
    -5.2E+03));
#4228 = VECTOR('',#4229,1.);
#4229 = DIRECTION('',(0.,0.,1.));
#4230 = ORIENTED_EDGE('',*,*,#4231,.T.);
#4231 = EDGE_CURVE('',#4224,#4232,#4234,.T.);
#4232 = VERTEX_POINT('',#4233);
#4233 = CARTESIAN_POINT('',(3.649647974405E+03,4.584363306604E+04,
    -4.4E+03));
#4234 = LINE('',#4235,#4236);
#4235 = CARTESIAN_POINT('',(3.649647974405E+03,4.624363306604E+04,
    -4.4E+03));
#4236 = VECTOR('',#4237,1.);
#4237 = DIRECTION('',(0.,-1.,0.));
#4238 = ORIENTED_EDGE('',*,*,#4239,.F.);
#4239 = EDGE_CURVE('',#4240,#4232,#4242,.T.);
#4240 = VERTEX_POINT('',#4241);
#4241 = CARTESIAN_POINT('',(3.649647974405E+03,4.584363306604E+04,
    -5.2E+03));
#4242 = LINE('',#4243,#4244);
#4243 = CARTESIAN_POINT('',(3.649647974405E+03,4.584363306604E+04,
    -5.2E+03));
#4244 = VECTOR('',#4245,1.);
#4245 = DIRECTION('',(0.,0.,1.));
#4246 = ORIENTED_EDGE('',*,*,#4247,.F.);
#4247 = EDGE_CURVE('',#4222,#4240,#4248,.T.);
#4248 = LINE('',#4249,#4250);
#4249 = CARTESIAN_POINT('',(3.649647974405E+03,4.624363306604E+04,
    -5.2E+03));
#4250 = VECTOR('',#4251,1.);
#4251 = DIRECTION('',(0.,-1.,0.));
#4252 = PLANE('',#4253);
#4253 = AXIS2_PLACEMENT_3D('',#4254,#4255,#4256);
#4254 = CARTESIAN_POINT('',(3.649647974405E+03,4.624363306604E+04,
    -5.2E+03));
#4255 = DIRECTION('',(1.,0.,-0.));
#4256 = DIRECTION('',(0.,-1.,0.));
#4257 = ADVANCED_FACE('',(#4258),#4283,.F.);
#4258 = FACE_BOUND('',#4259,.F.);
#4259 = EDGE_LOOP('',(#4260,#4261,#4269,#4277));
#4260 = ORIENTED_EDGE('',*,*,#4239,.T.);
#4261 = ORIENTED_EDGE('',*,*,#4262,.T.);
#4262 = EDGE_CURVE('',#4232,#4263,#4265,.T.);
#4263 = VERTEX_POINT('',#4264);
#4264 = CARTESIAN_POINT('',(3.949647974405E+03,4.584363306604E+04,
    -4.4E+03));
#4265 = LINE('',#4266,#4267);
#4266 = CARTESIAN_POINT('',(3.649647974405E+03,4.584363306604E+04,
    -4.4E+03));
#4267 = VECTOR('',#4268,1.);
#4268 = DIRECTION('',(1.,0.,0.));
#4269 = ORIENTED_EDGE('',*,*,#4270,.F.);
#4270 = EDGE_CURVE('',#4271,#4263,#4273,.T.);
#4271 = VERTEX_POINT('',#4272);
#4272 = CARTESIAN_POINT('',(3.949647974405E+03,4.584363306604E+04,
    -5.2E+03));
#4273 = LINE('',#4274,#4275);
#4274 = CARTESIAN_POINT('',(3.949647974405E+03,4.584363306604E+04,
    -5.2E+03));
#4275 = VECTOR('',#4276,1.);
#4276 = DIRECTION('',(0.,0.,1.));
#4277 = ORIENTED_EDGE('',*,*,#4278,.F.);
#4278 = EDGE_CURVE('',#4240,#4271,#4279,.T.);
#4279 = LINE('',#4280,#4281);
#4280 = CARTESIAN_POINT('',(3.649647974405E+03,4.584363306604E+04,
    -5.2E+03));
#4281 = VECTOR('',#4282,1.);
#4282 = DIRECTION('',(1.,0.,0.));
#4283 = PLANE('',#4284);
#4284 = AXIS2_PLACEMENT_3D('',#4285,#4286,#4287);
#4285 = CARTESIAN_POINT('',(3.649647974405E+03,4.584363306604E+04,
    -5.2E+03));
#4286 = DIRECTION('',(0.,1.,0.));
#4287 = DIRECTION('',(1.,0.,0.));
#4288 = ADVANCED_FACE('',(#4289),#4314,.F.);
#4289 = FACE_BOUND('',#4290,.F.);
#4290 = EDGE_LOOP('',(#4291,#4292,#4300,#4308));
#4291 = ORIENTED_EDGE('',*,*,#4270,.T.);
#4292 = ORIENTED_EDGE('',*,*,#4293,.T.);
#4293 = EDGE_CURVE('',#4263,#4294,#4296,.T.);
#4294 = VERTEX_POINT('',#4295);
#4295 = CARTESIAN_POINT('',(3.949647974405E+03,4.624363306604E+04,
    -4.4E+03));
#4296 = LINE('',#4297,#4298);
#4297 = CARTESIAN_POINT('',(3.949647974405E+03,4.584363306604E+04,
    -4.4E+03));
#4298 = VECTOR('',#4299,1.);
#4299 = DIRECTION('',(0.,1.,0.));
#4300 = ORIENTED_EDGE('',*,*,#4301,.F.);
#4301 = EDGE_CURVE('',#4302,#4294,#4304,.T.);
#4302 = VERTEX_POINT('',#4303);
#4303 = CARTESIAN_POINT('',(3.949647974405E+03,4.624363306604E+04,
    -5.2E+03));
#4304 = LINE('',#4305,#4306);
#4305 = CARTESIAN_POINT('',(3.949647974405E+03,4.624363306604E+04,
    -5.2E+03));
#4306 = VECTOR('',#4307,1.);
#4307 = DIRECTION('',(0.,0.,1.));
#4308 = ORIENTED_EDGE('',*,*,#4309,.F.);
#4309 = EDGE_CURVE('',#4271,#4302,#4310,.T.);
#4310 = LINE('',#4311,#4312);
#4311 = CARTESIAN_POINT('',(3.949647974405E+03,4.584363306604E+04,
    -5.2E+03));
#4312 = VECTOR('',#4313,1.);
#4313 = DIRECTION('',(0.,1.,0.));
#4314 = PLANE('',#4315);
#4315 = AXIS2_PLACEMENT_3D('',#4316,#4317,#4318);
#4316 = CARTESIAN_POINT('',(3.949647974405E+03,4.584363306604E+04,
    -5.2E+03));
#4317 = DIRECTION('',(-1.,0.,0.));
#4318 = DIRECTION('',(0.,1.,0.));
#4319 = ADVANCED_FACE('',(#4320),#4336,.F.);
#4320 = FACE_BOUND('',#4321,.F.);
#4321 = EDGE_LOOP('',(#4322,#4323,#4329,#4330));
#4322 = ORIENTED_EDGE('',*,*,#4301,.T.);
#4323 = ORIENTED_EDGE('',*,*,#4324,.T.);
#4324 = EDGE_CURVE('',#4294,#4224,#4325,.T.);
#4325 = LINE('',#4326,#4327);
#4326 = CARTESIAN_POINT('',(3.949647974405E+03,4.624363306604E+04,
    -4.4E+03));
#4327 = VECTOR('',#4328,1.);
#4328 = DIRECTION('',(-1.,0.,0.));
#4329 = ORIENTED_EDGE('',*,*,#4221,.F.);
#4330 = ORIENTED_EDGE('',*,*,#4331,.F.);
#4331 = EDGE_CURVE('',#4302,#4222,#4332,.T.);
#4332 = LINE('',#4333,#4334);
#4333 = CARTESIAN_POINT('',(3.949647974405E+03,4.624363306604E+04,
    -5.2E+03));
#4334 = VECTOR('',#4335,1.);
#4335 = DIRECTION('',(-1.,0.,0.));
#4336 = PLANE('',#4337);
#4337 = AXIS2_PLACEMENT_3D('',#4338,#4339,#4340);
#4338 = CARTESIAN_POINT('',(3.949647974405E+03,4.624363306604E+04,
    -5.2E+03));
#4339 = DIRECTION('',(0.,-1.,0.));
#4340 = DIRECTION('',(-1.,0.,0.));
#4341 = ADVANCED_FACE('',(#4342),#4348,.F.);
#4342 = FACE_BOUND('',#4343,.F.);
#4343 = EDGE_LOOP('',(#4344,#4345,#4346,#4347));
#4344 = ORIENTED_EDGE('',*,*,#4247,.T.);
#4345 = ORIENTED_EDGE('',*,*,#4278,.T.);
#4346 = ORIENTED_EDGE('',*,*,#4309,.T.);
#4347 = ORIENTED_EDGE('',*,*,#4331,.T.);
#4348 = PLANE('',#4349);
#4349 = AXIS2_PLACEMENT_3D('',#4350,#4351,#4352);
#4350 = CARTESIAN_POINT('',(3.799647974405E+03,4.604363306604E+04,
    -5.2E+03));
#4351 = DIRECTION('',(0.,0.,1.));
#4352 = DIRECTION('',(1.,0.,-0.));
#4353 = ADVANCED_FACE('',(#4354),#4360,.T.);
#4354 = FACE_BOUND('',#4355,.T.);
#4355 = EDGE_LOOP('',(#4356,#4357,#4358,#4359));
#4356 = ORIENTED_EDGE('',*,*,#4231,.T.);
#4357 = ORIENTED_EDGE('',*,*,#4262,.T.);
#4358 = ORIENTED_EDGE('',*,*,#4293,.T.);
#4359 = ORIENTED_EDGE('',*,*,#4324,.T.);
#4360 = PLANE('',#4361);
#4361 = AXIS2_PLACEMENT_3D('',#4362,#4363,#4364);
#4362 = CARTESIAN_POINT('',(3.799647974405E+03,4.604363306604E+04,
    -4.4E+03));
#4363 = DIRECTION('',(0.,0.,1.));
#4364 = DIRECTION('',(1.,0.,-0.));
#4365 = MANIFOLD_SOLID_BREP('',#4366);
#4366 = CLOSED_SHELL('',(#4367,#4407,#4438,#4469,#4491,#4503));
#4367 = ADVANCED_FACE('',(#4368),#4402,.F.);
#4368 = FACE_BOUND('',#4369,.F.);
#4369 = EDGE_LOOP('',(#4370,#4380,#4388,#4396));
#4370 = ORIENTED_EDGE('',*,*,#4371,.T.);
#4371 = EDGE_CURVE('',#4372,#4374,#4376,.T.);
#4372 = VERTEX_POINT('',#4373);
#4373 = CARTESIAN_POINT('',(2.439714797441E+04,4.749363306604E+04,
    -5.2E+03));
#4374 = VERTEX_POINT('',#4375);
#4375 = CARTESIAN_POINT('',(2.439714797441E+04,4.749363306604E+04,
    -4.4E+03));
#4376 = LINE('',#4377,#4378);
#4377 = CARTESIAN_POINT('',(2.439714797441E+04,4.749363306604E+04,
    -5.2E+03));
#4378 = VECTOR('',#4379,1.);
#4379 = DIRECTION('',(0.,0.,1.));
#4380 = ORIENTED_EDGE('',*,*,#4381,.T.);
#4381 = EDGE_CURVE('',#4374,#4382,#4384,.T.);
#4382 = VERTEX_POINT('',#4383);
#4383 = CARTESIAN_POINT('',(2.439714797441E+04,4.709363306604E+04,
    -4.4E+03));
#4384 = LINE('',#4385,#4386);
#4385 = CARTESIAN_POINT('',(2.439714797441E+04,4.749363306604E+04,
    -4.4E+03));
#4386 = VECTOR('',#4387,1.);
#4387 = DIRECTION('',(0.,-1.,0.));
#4388 = ORIENTED_EDGE('',*,*,#4389,.F.);
#4389 = EDGE_CURVE('',#4390,#4382,#4392,.T.);
#4390 = VERTEX_POINT('',#4391);
#4391 = CARTESIAN_POINT('',(2.439714797441E+04,4.709363306604E+04,
    -5.2E+03));
#4392 = LINE('',#4393,#4394);
#4393 = CARTESIAN_POINT('',(2.439714797441E+04,4.709363306604E+04,
    -5.2E+03));
#4394 = VECTOR('',#4395,1.);
#4395 = DIRECTION('',(0.,0.,1.));
#4396 = ORIENTED_EDGE('',*,*,#4397,.F.);
#4397 = EDGE_CURVE('',#4372,#4390,#4398,.T.);
#4398 = LINE('',#4399,#4400);
#4399 = CARTESIAN_POINT('',(2.439714797441E+04,4.749363306604E+04,
    -5.2E+03));
#4400 = VECTOR('',#4401,1.);
#4401 = DIRECTION('',(0.,-1.,0.));
#4402 = PLANE('',#4403);
#4403 = AXIS2_PLACEMENT_3D('',#4404,#4405,#4406);
#4404 = CARTESIAN_POINT('',(2.439714797441E+04,4.749363306604E+04,
    -5.2E+03));
#4405 = DIRECTION('',(1.,0.,-0.));
#4406 = DIRECTION('',(0.,-1.,0.));
#4407 = ADVANCED_FACE('',(#4408),#4433,.F.);
#4408 = FACE_BOUND('',#4409,.F.);
#4409 = EDGE_LOOP('',(#4410,#4411,#4419,#4427));
#4410 = ORIENTED_EDGE('',*,*,#4389,.T.);
#4411 = ORIENTED_EDGE('',*,*,#4412,.T.);
#4412 = EDGE_CURVE('',#4382,#4413,#4415,.T.);
#4413 = VERTEX_POINT('',#4414);
#4414 = CARTESIAN_POINT('',(2.833714797441E+04,4.709363306604E+04,
    -4.4E+03));
#4415 = LINE('',#4416,#4417);
#4416 = CARTESIAN_POINT('',(2.439714797441E+04,4.709363306604E+04,
    -4.4E+03));
#4417 = VECTOR('',#4418,1.);
#4418 = DIRECTION('',(1.,0.,0.));
#4419 = ORIENTED_EDGE('',*,*,#4420,.F.);
#4420 = EDGE_CURVE('',#4421,#4413,#4423,.T.);
#4421 = VERTEX_POINT('',#4422);
#4422 = CARTESIAN_POINT('',(2.833714797441E+04,4.709363306604E+04,
    -5.2E+03));
#4423 = LINE('',#4424,#4425);
#4424 = CARTESIAN_POINT('',(2.833714797441E+04,4.709363306604E+04,
    -5.2E+03));
#4425 = VECTOR('',#4426,1.);
#4426 = DIRECTION('',(0.,0.,1.));
#4427 = ORIENTED_EDGE('',*,*,#4428,.F.);
#4428 = EDGE_CURVE('',#4390,#4421,#4429,.T.);
#4429 = LINE('',#4430,#4431);
#4430 = CARTESIAN_POINT('',(2.439714797441E+04,4.709363306604E+04,
    -5.2E+03));
#4431 = VECTOR('',#4432,1.);
#4432 = DIRECTION('',(1.,0.,0.));
#4433 = PLANE('',#4434);
#4434 = AXIS2_PLACEMENT_3D('',#4435,#4436,#4437);
#4435 = CARTESIAN_POINT('',(2.439714797441E+04,4.709363306604E+04,
    -5.2E+03));
#4436 = DIRECTION('',(0.,1.,0.));
#4437 = DIRECTION('',(1.,0.,0.));
#4438 = ADVANCED_FACE('',(#4439),#4464,.F.);
#4439 = FACE_BOUND('',#4440,.F.);
#4440 = EDGE_LOOP('',(#4441,#4442,#4450,#4458));
#4441 = ORIENTED_EDGE('',*,*,#4420,.T.);
#4442 = ORIENTED_EDGE('',*,*,#4443,.T.);
#4443 = EDGE_CURVE('',#4413,#4444,#4446,.T.);
#4444 = VERTEX_POINT('',#4445);
#4445 = CARTESIAN_POINT('',(2.833714797441E+04,4.749363306604E+04,
    -4.4E+03));
#4446 = LINE('',#4447,#4448);
#4447 = CARTESIAN_POINT('',(2.833714797441E+04,4.709363306604E+04,
    -4.4E+03));
#4448 = VECTOR('',#4449,1.);
#4449 = DIRECTION('',(0.,1.,0.));
#4450 = ORIENTED_EDGE('',*,*,#4451,.F.);
#4451 = EDGE_CURVE('',#4452,#4444,#4454,.T.);
#4452 = VERTEX_POINT('',#4453);
#4453 = CARTESIAN_POINT('',(2.833714797441E+04,4.749363306604E+04,
    -5.2E+03));
#4454 = LINE('',#4455,#4456);
#4455 = CARTESIAN_POINT('',(2.833714797441E+04,4.749363306604E+04,
    -5.2E+03));
#4456 = VECTOR('',#4457,1.);
#4457 = DIRECTION('',(0.,0.,1.));
#4458 = ORIENTED_EDGE('',*,*,#4459,.F.);
#4459 = EDGE_CURVE('',#4421,#4452,#4460,.T.);
#4460 = LINE('',#4461,#4462);
#4461 = CARTESIAN_POINT('',(2.833714797441E+04,4.709363306604E+04,
    -5.2E+03));
#4462 = VECTOR('',#4463,1.);
#4463 = DIRECTION('',(0.,1.,0.));
#4464 = PLANE('',#4465);
#4465 = AXIS2_PLACEMENT_3D('',#4466,#4467,#4468);
#4466 = CARTESIAN_POINT('',(2.833714797441E+04,4.709363306604E+04,
    -5.2E+03));
#4467 = DIRECTION('',(-1.,0.,0.));
#4468 = DIRECTION('',(0.,1.,0.));
#4469 = ADVANCED_FACE('',(#4470),#4486,.F.);
#4470 = FACE_BOUND('',#4471,.F.);
#4471 = EDGE_LOOP('',(#4472,#4473,#4479,#4480));
#4472 = ORIENTED_EDGE('',*,*,#4451,.T.);
#4473 = ORIENTED_EDGE('',*,*,#4474,.T.);
#4474 = EDGE_CURVE('',#4444,#4374,#4475,.T.);
#4475 = LINE('',#4476,#4477);
#4476 = CARTESIAN_POINT('',(2.833714797441E+04,4.749363306604E+04,
    -4.4E+03));
#4477 = VECTOR('',#4478,1.);
#4478 = DIRECTION('',(-1.,0.,0.));
#4479 = ORIENTED_EDGE('',*,*,#4371,.F.);
#4480 = ORIENTED_EDGE('',*,*,#4481,.F.);
#4481 = EDGE_CURVE('',#4452,#4372,#4482,.T.);
#4482 = LINE('',#4483,#4484);
#4483 = CARTESIAN_POINT('',(2.833714797441E+04,4.749363306604E+04,
    -5.2E+03));
#4484 = VECTOR('',#4485,1.);
#4485 = DIRECTION('',(-1.,0.,0.));
#4486 = PLANE('',#4487);
#4487 = AXIS2_PLACEMENT_3D('',#4488,#4489,#4490);
#4488 = CARTESIAN_POINT('',(2.833714797441E+04,4.749363306604E+04,
    -5.2E+03));
#4489 = DIRECTION('',(0.,-1.,0.));
#4490 = DIRECTION('',(-1.,0.,0.));
#4491 = ADVANCED_FACE('',(#4492),#4498,.F.);
#4492 = FACE_BOUND('',#4493,.F.);
#4493 = EDGE_LOOP('',(#4494,#4495,#4496,#4497));
#4494 = ORIENTED_EDGE('',*,*,#4397,.T.);
#4495 = ORIENTED_EDGE('',*,*,#4428,.T.);
#4496 = ORIENTED_EDGE('',*,*,#4459,.T.);
#4497 = ORIENTED_EDGE('',*,*,#4481,.T.);
#4498 = PLANE('',#4499);
#4499 = AXIS2_PLACEMENT_3D('',#4500,#4501,#4502);
#4500 = CARTESIAN_POINT('',(2.636714797441E+04,4.729363306604E+04,
    -5.2E+03));
#4501 = DIRECTION('',(0.,0.,1.));
#4502 = DIRECTION('',(1.,0.,-0.));
#4503 = ADVANCED_FACE('',(#4504),#4510,.T.);
#4504 = FACE_BOUND('',#4505,.T.);
#4505 = EDGE_LOOP('',(#4506,#4507,#4508,#4509));
#4506 = ORIENTED_EDGE('',*,*,#4381,.T.);
#4507 = ORIENTED_EDGE('',*,*,#4412,.T.);
#4508 = ORIENTED_EDGE('',*,*,#4443,.T.);
#4509 = ORIENTED_EDGE('',*,*,#4474,.T.);
#4510 = PLANE('',#4511);
#4511 = AXIS2_PLACEMENT_3D('',#4512,#4513,#4514);
#4512 = CARTESIAN_POINT('',(2.636714797441E+04,4.729363306604E+04,
    -4.4E+03));
#4513 = DIRECTION('',(0.,0.,1.));
#4514 = DIRECTION('',(1.,0.,-0.));
#4515 = MANIFOLD_SOLID_BREP('',#4516);
#4516 = CLOSED_SHELL('',(#4517,#4557,#4588,#4619,#4641,#4653));
#4517 = ADVANCED_FACE('',(#4518),#4552,.F.);
#4518 = FACE_BOUND('',#4519,.F.);
#4519 = EDGE_LOOP('',(#4520,#4530,#4538,#4546));
#4520 = ORIENTED_EDGE('',*,*,#4521,.T.);
#4521 = EDGE_CURVE('',#4522,#4524,#4526,.T.);
#4522 = VERTEX_POINT('',#4523);
#4523 = CARTESIAN_POINT('',(3.385714797441E+04,4.454863306604E+04,
    -5.2E+03));
#4524 = VERTEX_POINT('',#4525);
#4525 = CARTESIAN_POINT('',(3.385714797441E+04,4.454863306604E+04,
    -4.4E+03));
#4526 = LINE('',#4527,#4528);
#4527 = CARTESIAN_POINT('',(3.385714797441E+04,4.454863306604E+04,
    -5.2E+03));
#4528 = VECTOR('',#4529,1.);
#4529 = DIRECTION('',(0.,0.,1.));
#4530 = ORIENTED_EDGE('',*,*,#4531,.T.);
#4531 = EDGE_CURVE('',#4524,#4532,#4534,.T.);
#4532 = VERTEX_POINT('',#4533);
#4533 = CARTESIAN_POINT('',(3.425714797441E+04,4.454863306604E+04,
    -4.4E+03));
#4534 = LINE('',#4535,#4536);
#4535 = CARTESIAN_POINT('',(3.385714797441E+04,4.454863306604E+04,
    -4.4E+03));
#4536 = VECTOR('',#4537,1.);
#4537 = DIRECTION('',(1.,0.,0.));
#4538 = ORIENTED_EDGE('',*,*,#4539,.F.);
#4539 = EDGE_CURVE('',#4540,#4532,#4542,.T.);
#4540 = VERTEX_POINT('',#4541);
#4541 = CARTESIAN_POINT('',(3.425714797441E+04,4.454863306604E+04,
    -5.2E+03));
#4542 = LINE('',#4543,#4544);
#4543 = CARTESIAN_POINT('',(3.425714797441E+04,4.454863306604E+04,
    -5.2E+03));
#4544 = VECTOR('',#4545,1.);
#4545 = DIRECTION('',(0.,0.,1.));
#4546 = ORIENTED_EDGE('',*,*,#4547,.F.);
#4547 = EDGE_CURVE('',#4522,#4540,#4548,.T.);
#4548 = LINE('',#4549,#4550);
#4549 = CARTESIAN_POINT('',(3.385714797441E+04,4.454863306604E+04,
    -5.2E+03));
#4550 = VECTOR('',#4551,1.);
#4551 = DIRECTION('',(1.,0.,0.));
#4552 = PLANE('',#4553);
#4553 = AXIS2_PLACEMENT_3D('',#4554,#4555,#4556);
#4554 = CARTESIAN_POINT('',(3.385714797441E+04,4.454863306604E+04,
    -5.2E+03));
#4555 = DIRECTION('',(0.,1.,0.));
#4556 = DIRECTION('',(1.,0.,0.));
#4557 = ADVANCED_FACE('',(#4558),#4583,.F.);
#4558 = FACE_BOUND('',#4559,.F.);
#4559 = EDGE_LOOP('',(#4560,#4561,#4569,#4577));
#4560 = ORIENTED_EDGE('',*,*,#4539,.T.);
#4561 = ORIENTED_EDGE('',*,*,#4562,.T.);
#4562 = EDGE_CURVE('',#4532,#4563,#4565,.T.);
#4563 = VERTEX_POINT('',#4564);
#4564 = CARTESIAN_POINT('',(3.425714797441E+04,4.511863306604E+04,
    -4.4E+03));
#4565 = LINE('',#4566,#4567);
#4566 = CARTESIAN_POINT('',(3.425714797441E+04,4.454863306604E+04,
    -4.4E+03));
#4567 = VECTOR('',#4568,1.);
#4568 = DIRECTION('',(0.,1.,0.));
#4569 = ORIENTED_EDGE('',*,*,#4570,.F.);
#4570 = EDGE_CURVE('',#4571,#4563,#4573,.T.);
#4571 = VERTEX_POINT('',#4572);
#4572 = CARTESIAN_POINT('',(3.425714797441E+04,4.511863306604E+04,
    -5.2E+03));
#4573 = LINE('',#4574,#4575);
#4574 = CARTESIAN_POINT('',(3.425714797441E+04,4.511863306604E+04,
    -5.2E+03));
#4575 = VECTOR('',#4576,1.);
#4576 = DIRECTION('',(0.,0.,1.));
#4577 = ORIENTED_EDGE('',*,*,#4578,.F.);
#4578 = EDGE_CURVE('',#4540,#4571,#4579,.T.);
#4579 = LINE('',#4580,#4581);
#4580 = CARTESIAN_POINT('',(3.425714797441E+04,4.454863306604E+04,
    -5.2E+03));
#4581 = VECTOR('',#4582,1.);
#4582 = DIRECTION('',(0.,1.,0.));
#4583 = PLANE('',#4584);
#4584 = AXIS2_PLACEMENT_3D('',#4585,#4586,#4587);
#4585 = CARTESIAN_POINT('',(3.425714797441E+04,4.454863306604E+04,
    -5.2E+03));
#4586 = DIRECTION('',(-1.,0.,0.));
#4587 = DIRECTION('',(0.,1.,0.));
#4588 = ADVANCED_FACE('',(#4589),#4614,.F.);
#4589 = FACE_BOUND('',#4590,.F.);
#4590 = EDGE_LOOP('',(#4591,#4592,#4600,#4608));
#4591 = ORIENTED_EDGE('',*,*,#4570,.T.);
#4592 = ORIENTED_EDGE('',*,*,#4593,.T.);
#4593 = EDGE_CURVE('',#4563,#4594,#4596,.T.);
#4594 = VERTEX_POINT('',#4595);
#4595 = CARTESIAN_POINT('',(3.385714797441E+04,4.511863306604E+04,
    -4.4E+03));
#4596 = LINE('',#4597,#4598);
#4597 = CARTESIAN_POINT('',(3.425714797441E+04,4.511863306604E+04,
    -4.4E+03));
#4598 = VECTOR('',#4599,1.);
#4599 = DIRECTION('',(-1.,0.,0.));
#4600 = ORIENTED_EDGE('',*,*,#4601,.F.);
#4601 = EDGE_CURVE('',#4602,#4594,#4604,.T.);
#4602 = VERTEX_POINT('',#4603);
#4603 = CARTESIAN_POINT('',(3.385714797441E+04,4.511863306604E+04,
    -5.2E+03));
#4604 = LINE('',#4605,#4606);
#4605 = CARTESIAN_POINT('',(3.385714797441E+04,4.511863306604E+04,
    -5.2E+03));
#4606 = VECTOR('',#4607,1.);
#4607 = DIRECTION('',(0.,0.,1.));
#4608 = ORIENTED_EDGE('',*,*,#4609,.F.);
#4609 = EDGE_CURVE('',#4571,#4602,#4610,.T.);
#4610 = LINE('',#4611,#4612);
#4611 = CARTESIAN_POINT('',(3.425714797441E+04,4.511863306604E+04,
    -5.2E+03));
#4612 = VECTOR('',#4613,1.);
#4613 = DIRECTION('',(-1.,0.,0.));
#4614 = PLANE('',#4615);
#4615 = AXIS2_PLACEMENT_3D('',#4616,#4617,#4618);
#4616 = CARTESIAN_POINT('',(3.425714797441E+04,4.511863306604E+04,
    -5.2E+03));
#4617 = DIRECTION('',(0.,-1.,0.));
#4618 = DIRECTION('',(-1.,0.,0.));
#4619 = ADVANCED_FACE('',(#4620),#4636,.F.);
#4620 = FACE_BOUND('',#4621,.F.);
#4621 = EDGE_LOOP('',(#4622,#4623,#4629,#4630));
#4622 = ORIENTED_EDGE('',*,*,#4601,.T.);
#4623 = ORIENTED_EDGE('',*,*,#4624,.T.);
#4624 = EDGE_CURVE('',#4594,#4524,#4625,.T.);
#4625 = LINE('',#4626,#4627);
#4626 = CARTESIAN_POINT('',(3.385714797441E+04,4.511863306604E+04,
    -4.4E+03));
#4627 = VECTOR('',#4628,1.);
#4628 = DIRECTION('',(0.,-1.,0.));
#4629 = ORIENTED_EDGE('',*,*,#4521,.F.);
#4630 = ORIENTED_EDGE('',*,*,#4631,.F.);
#4631 = EDGE_CURVE('',#4602,#4522,#4632,.T.);
#4632 = LINE('',#4633,#4634);
#4633 = CARTESIAN_POINT('',(3.385714797441E+04,4.511863306604E+04,
    -5.2E+03));
#4634 = VECTOR('',#4635,1.);
#4635 = DIRECTION('',(0.,-1.,0.));
#4636 = PLANE('',#4637);
#4637 = AXIS2_PLACEMENT_3D('',#4638,#4639,#4640);
#4638 = CARTESIAN_POINT('',(3.385714797441E+04,4.511863306604E+04,
    -5.2E+03));
#4639 = DIRECTION('',(1.,0.,-0.));
#4640 = DIRECTION('',(0.,-1.,0.));
#4641 = ADVANCED_FACE('',(#4642),#4648,.F.);
#4642 = FACE_BOUND('',#4643,.F.);
#4643 = EDGE_LOOP('',(#4644,#4645,#4646,#4647));
#4644 = ORIENTED_EDGE('',*,*,#4547,.T.);
#4645 = ORIENTED_EDGE('',*,*,#4578,.T.);
#4646 = ORIENTED_EDGE('',*,*,#4609,.T.);
#4647 = ORIENTED_EDGE('',*,*,#4631,.T.);
#4648 = PLANE('',#4649);
#4649 = AXIS2_PLACEMENT_3D('',#4650,#4651,#4652);
#4650 = CARTESIAN_POINT('',(3.405714797441E+04,4.483363306604E+04,
    -5.2E+03));
#4651 = DIRECTION('',(0.,0.,1.));
#4652 = DIRECTION('',(1.,0.,-0.));
#4653 = ADVANCED_FACE('',(#4654),#4660,.T.);
#4654 = FACE_BOUND('',#4655,.T.);
#4655 = EDGE_LOOP('',(#4656,#4657,#4658,#4659));
#4656 = ORIENTED_EDGE('',*,*,#4531,.T.);
#4657 = ORIENTED_EDGE('',*,*,#4562,.T.);
#4658 = ORIENTED_EDGE('',*,*,#4593,.T.);
#4659 = ORIENTED_EDGE('',*,*,#4624,.T.);
#4660 = PLANE('',#4661);
#4661 = AXIS2_PLACEMENT_3D('',#4662,#4663,#4664);
#4662 = CARTESIAN_POINT('',(3.405714797441E+04,4.483363306604E+04,
    -4.4E+03));
#4663 = DIRECTION('',(0.,0.,1.));
#4664 = DIRECTION('',(1.,0.,-0.));
#4665 = MANIFOLD_SOLID_BREP('',#4666);
#4666 = CLOSED_SHELL('',(#4667,#4707,#4738,#4769,#4791,#4803));
#4667 = ADVANCED_FACE('',(#4668),#4702,.F.);
#4668 = FACE_BOUND('',#4669,.F.);
#4669 = EDGE_LOOP('',(#4670,#4680,#4688,#4696));
#4670 = ORIENTED_EDGE('',*,*,#4671,.T.);
#4671 = EDGE_CURVE('',#4672,#4674,#4676,.T.);
#4672 = VERTEX_POINT('',#4673);
#4673 = CARTESIAN_POINT('',(3.120964797441E+04,4.749363306604E+04,
    -5.2E+03));
#4674 = VERTEX_POINT('',#4675);
#4675 = CARTESIAN_POINT('',(3.120964797441E+04,4.749363306604E+04,
    -4.4E+03));
#4676 = LINE('',#4677,#4678);
#4677 = CARTESIAN_POINT('',(3.120964797441E+04,4.749363306604E+04,
    -5.2E+03));
#4678 = VECTOR('',#4679,1.);
#4679 = DIRECTION('',(0.,0.,1.));
#4680 = ORIENTED_EDGE('',*,*,#4681,.T.);
#4681 = EDGE_CURVE('',#4674,#4682,#4684,.T.);
#4682 = VERTEX_POINT('',#4683);
#4683 = CARTESIAN_POINT('',(3.120964797441E+04,4.709363306604E+04,
    -4.4E+03));
#4684 = LINE('',#4685,#4686);
#4685 = CARTESIAN_POINT('',(3.120964797441E+04,4.749363306604E+04,
    -4.4E+03));
#4686 = VECTOR('',#4687,1.);
#4687 = DIRECTION('',(0.,-1.,0.));
#4688 = ORIENTED_EDGE('',*,*,#4689,.F.);
#4689 = EDGE_CURVE('',#4690,#4682,#4692,.T.);
#4690 = VERTEX_POINT('',#4691);
#4691 = CARTESIAN_POINT('',(3.120964797441E+04,4.709363306604E+04,
    -5.2E+03));
#4692 = LINE('',#4693,#4694);
#4693 = CARTESIAN_POINT('',(3.120964797441E+04,4.709363306604E+04,
    -5.2E+03));
#4694 = VECTOR('',#4695,1.);
#4695 = DIRECTION('',(0.,0.,1.));
#4696 = ORIENTED_EDGE('',*,*,#4697,.F.);
#4697 = EDGE_CURVE('',#4672,#4690,#4698,.T.);
#4698 = LINE('',#4699,#4700);
#4699 = CARTESIAN_POINT('',(3.120964797441E+04,4.749363306604E+04,
    -5.2E+03));
#4700 = VECTOR('',#4701,1.);
#4701 = DIRECTION('',(0.,-1.,0.));
#4702 = PLANE('',#4703);
#4703 = AXIS2_PLACEMENT_3D('',#4704,#4705,#4706);
#4704 = CARTESIAN_POINT('',(3.120964797441E+04,4.749363306604E+04,
    -5.2E+03));
#4705 = DIRECTION('',(1.,0.,-0.));
#4706 = DIRECTION('',(0.,-1.,0.));
#4707 = ADVANCED_FACE('',(#4708),#4733,.F.);
#4708 = FACE_BOUND('',#4709,.F.);
#4709 = EDGE_LOOP('',(#4710,#4711,#4719,#4727));
#4710 = ORIENTED_EDGE('',*,*,#4689,.T.);
#4711 = ORIENTED_EDGE('',*,*,#4712,.T.);
#4712 = EDGE_CURVE('',#4682,#4713,#4715,.T.);
#4713 = VERTEX_POINT('',#4714);
#4714 = CARTESIAN_POINT('',(3.350964797441E+04,4.709363306604E+04,
    -4.4E+03));
#4715 = LINE('',#4716,#4717);
#4716 = CARTESIAN_POINT('',(3.120964797441E+04,4.709363306604E+04,
    -4.4E+03));
#4717 = VECTOR('',#4718,1.);
#4718 = DIRECTION('',(1.,0.,0.));
#4719 = ORIENTED_EDGE('',*,*,#4720,.F.);
#4720 = EDGE_CURVE('',#4721,#4713,#4723,.T.);
#4721 = VERTEX_POINT('',#4722);
#4722 = CARTESIAN_POINT('',(3.350964797441E+04,4.709363306604E+04,
    -5.2E+03));
#4723 = LINE('',#4724,#4725);
#4724 = CARTESIAN_POINT('',(3.350964797441E+04,4.709363306604E+04,
    -5.2E+03));
#4725 = VECTOR('',#4726,1.);
#4726 = DIRECTION('',(0.,0.,1.));
#4727 = ORIENTED_EDGE('',*,*,#4728,.F.);
#4728 = EDGE_CURVE('',#4690,#4721,#4729,.T.);
#4729 = LINE('',#4730,#4731);
#4730 = CARTESIAN_POINT('',(3.120964797441E+04,4.709363306604E+04,
    -5.2E+03));
#4731 = VECTOR('',#4732,1.);
#4732 = DIRECTION('',(1.,0.,0.));
#4733 = PLANE('',#4734);
#4734 = AXIS2_PLACEMENT_3D('',#4735,#4736,#4737);
#4735 = CARTESIAN_POINT('',(3.120964797441E+04,4.709363306604E+04,
    -5.2E+03));
#4736 = DIRECTION('',(0.,1.,0.));
#4737 = DIRECTION('',(1.,0.,0.));
#4738 = ADVANCED_FACE('',(#4739),#4764,.F.);
#4739 = FACE_BOUND('',#4740,.F.);
#4740 = EDGE_LOOP('',(#4741,#4742,#4750,#4758));
#4741 = ORIENTED_EDGE('',*,*,#4720,.T.);
#4742 = ORIENTED_EDGE('',*,*,#4743,.T.);
#4743 = EDGE_CURVE('',#4713,#4744,#4746,.T.);
#4744 = VERTEX_POINT('',#4745);
#4745 = CARTESIAN_POINT('',(3.350964797441E+04,4.749363306604E+04,
    -4.4E+03));
#4746 = LINE('',#4747,#4748);
#4747 = CARTESIAN_POINT('',(3.350964797441E+04,4.709363306604E+04,
    -4.4E+03));
#4748 = VECTOR('',#4749,1.);
#4749 = DIRECTION('',(0.,1.,0.));
#4750 = ORIENTED_EDGE('',*,*,#4751,.F.);
#4751 = EDGE_CURVE('',#4752,#4744,#4754,.T.);
#4752 = VERTEX_POINT('',#4753);
#4753 = CARTESIAN_POINT('',(3.350964797441E+04,4.749363306604E+04,
    -5.2E+03));
#4754 = LINE('',#4755,#4756);
#4755 = CARTESIAN_POINT('',(3.350964797441E+04,4.749363306604E+04,
    -5.2E+03));
#4756 = VECTOR('',#4757,1.);
#4757 = DIRECTION('',(0.,0.,1.));
#4758 = ORIENTED_EDGE('',*,*,#4759,.F.);
#4759 = EDGE_CURVE('',#4721,#4752,#4760,.T.);
#4760 = LINE('',#4761,#4762);
#4761 = CARTESIAN_POINT('',(3.350964797441E+04,4.709363306604E+04,
    -5.2E+03));
#4762 = VECTOR('',#4763,1.);
#4763 = DIRECTION('',(0.,1.,0.));
#4764 = PLANE('',#4765);
#4765 = AXIS2_PLACEMENT_3D('',#4766,#4767,#4768);
#4766 = CARTESIAN_POINT('',(3.350964797441E+04,4.709363306604E+04,
    -5.2E+03));
#4767 = DIRECTION('',(-1.,0.,0.));
#4768 = DIRECTION('',(0.,1.,0.));
#4769 = ADVANCED_FACE('',(#4770),#4786,.F.);
#4770 = FACE_BOUND('',#4771,.F.);
#4771 = EDGE_LOOP('',(#4772,#4773,#4779,#4780));
#4772 = ORIENTED_EDGE('',*,*,#4751,.T.);
#4773 = ORIENTED_EDGE('',*,*,#4774,.T.);
#4774 = EDGE_CURVE('',#4744,#4674,#4775,.T.);
#4775 = LINE('',#4776,#4777);
#4776 = CARTESIAN_POINT('',(3.350964797441E+04,4.749363306604E+04,
    -4.4E+03));
#4777 = VECTOR('',#4778,1.);
#4778 = DIRECTION('',(-1.,0.,0.));
#4779 = ORIENTED_EDGE('',*,*,#4671,.F.);
#4780 = ORIENTED_EDGE('',*,*,#4781,.F.);
#4781 = EDGE_CURVE('',#4752,#4672,#4782,.T.);
#4782 = LINE('',#4783,#4784);
#4783 = CARTESIAN_POINT('',(3.350964797441E+04,4.749363306604E+04,
    -5.2E+03));
#4784 = VECTOR('',#4785,1.);
#4785 = DIRECTION('',(-1.,0.,0.));
#4786 = PLANE('',#4787);
#4787 = AXIS2_PLACEMENT_3D('',#4788,#4789,#4790);
#4788 = CARTESIAN_POINT('',(3.350964797441E+04,4.749363306604E+04,
    -5.2E+03));
#4789 = DIRECTION('',(0.,-1.,0.));
#4790 = DIRECTION('',(-1.,0.,0.));
#4791 = ADVANCED_FACE('',(#4792),#4798,.F.);
#4792 = FACE_BOUND('',#4793,.F.);
#4793 = EDGE_LOOP('',(#4794,#4795,#4796,#4797));
#4794 = ORIENTED_EDGE('',*,*,#4697,.T.);
#4795 = ORIENTED_EDGE('',*,*,#4728,.T.);
#4796 = ORIENTED_EDGE('',*,*,#4759,.T.);
#4797 = ORIENTED_EDGE('',*,*,#4781,.T.);
#4798 = PLANE('',#4799);
#4799 = AXIS2_PLACEMENT_3D('',#4800,#4801,#4802);
#4800 = CARTESIAN_POINT('',(3.235964797441E+04,4.729363306604E+04,
    -5.2E+03));
#4801 = DIRECTION('',(0.,0.,1.));
#4802 = DIRECTION('',(1.,0.,-0.));
#4803 = ADVANCED_FACE('',(#4804),#4810,.T.);
#4804 = FACE_BOUND('',#4805,.T.);
#4805 = EDGE_LOOP('',(#4806,#4807,#4808,#4809));
#4806 = ORIENTED_EDGE('',*,*,#4681,.T.);
#4807 = ORIENTED_EDGE('',*,*,#4712,.T.);
#4808 = ORIENTED_EDGE('',*,*,#4743,.T.);
#4809 = ORIENTED_EDGE('',*,*,#4774,.T.);
#4810 = PLANE('',#4811);
#4811 = AXIS2_PLACEMENT_3D('',#4812,#4813,#4814);
#4812 = CARTESIAN_POINT('',(3.235964797441E+04,4.729363306604E+04,
    -4.4E+03));
#4813 = DIRECTION('',(0.,0.,1.));
#4814 = DIRECTION('',(1.,0.,-0.));
#4815 = MANIFOLD_SOLID_BREP('',#4816);
#4816 = CLOSED_SHELL('',(#4817,#4857,#4888,#4919,#4941,#4953));
#4817 = ADVANCED_FACE('',(#4818),#4852,.F.);
#4818 = FACE_BOUND('',#4819,.F.);
#4819 = EDGE_LOOP('',(#4820,#4830,#4838,#4846));
#4820 = ORIENTED_EDGE('',*,*,#4821,.T.);
#4821 = EDGE_CURVE('',#4822,#4824,#4826,.T.);
#4822 = VERTEX_POINT('',#4823);
#4823 = CARTESIAN_POINT('',(2.853964797441E+04,4.749363306604E+04,
    -5.2E+03));
#4824 = VERTEX_POINT('',#4825);
#4825 = CARTESIAN_POINT('',(2.853964797441E+04,4.749363306604E+04,
    -4.4E+03));
#4826 = LINE('',#4827,#4828);
#4827 = CARTESIAN_POINT('',(2.853964797441E+04,4.749363306604E+04,
    -5.2E+03));
#4828 = VECTOR('',#4829,1.);
#4829 = DIRECTION('',(0.,0.,1.));
#4830 = ORIENTED_EDGE('',*,*,#4831,.T.);
#4831 = EDGE_CURVE('',#4824,#4832,#4834,.T.);
#4832 = VERTEX_POINT('',#4833);
#4833 = CARTESIAN_POINT('',(2.853964797441E+04,4.709363306604E+04,
    -4.4E+03));
#4834 = LINE('',#4835,#4836);
#4835 = CARTESIAN_POINT('',(2.853964797441E+04,4.749363306604E+04,
    -4.4E+03));
#4836 = VECTOR('',#4837,1.);
#4837 = DIRECTION('',(0.,-1.,0.));
#4838 = ORIENTED_EDGE('',*,*,#4839,.F.);
#4839 = EDGE_CURVE('',#4840,#4832,#4842,.T.);
#4840 = VERTEX_POINT('',#4841);
#4841 = CARTESIAN_POINT('',(2.853964797441E+04,4.709363306604E+04,
    -5.2E+03));
#4842 = LINE('',#4843,#4844);
#4843 = CARTESIAN_POINT('',(2.853964797441E+04,4.709363306604E+04,
    -5.2E+03));
#4844 = VECTOR('',#4845,1.);
#4845 = DIRECTION('',(0.,0.,1.));
#4846 = ORIENTED_EDGE('',*,*,#4847,.F.);
#4847 = EDGE_CURVE('',#4822,#4840,#4848,.T.);
#4848 = LINE('',#4849,#4850);
#4849 = CARTESIAN_POINT('',(2.853964797441E+04,4.749363306604E+04,
    -5.2E+03));
#4850 = VECTOR('',#4851,1.);
#4851 = DIRECTION('',(0.,-1.,0.));
#4852 = PLANE('',#4853);
#4853 = AXIS2_PLACEMENT_3D('',#4854,#4855,#4856);
#4854 = CARTESIAN_POINT('',(2.853964797441E+04,4.749363306604E+04,
    -5.2E+03));
#4855 = DIRECTION('',(1.,0.,-0.));
#4856 = DIRECTION('',(0.,-1.,0.));
#4857 = ADVANCED_FACE('',(#4858),#4883,.F.);
#4858 = FACE_BOUND('',#4859,.F.);
#4859 = EDGE_LOOP('',(#4860,#4861,#4869,#4877));
#4860 = ORIENTED_EDGE('',*,*,#4839,.T.);
#4861 = ORIENTED_EDGE('',*,*,#4862,.T.);
#4862 = EDGE_CURVE('',#4832,#4863,#4865,.T.);
#4863 = VERTEX_POINT('',#4864);
#4864 = CARTESIAN_POINT('',(2.945964797441E+04,4.709363306604E+04,
    -4.4E+03));
#4865 = LINE('',#4866,#4867);
#4866 = CARTESIAN_POINT('',(2.853964797441E+04,4.709363306604E+04,
    -4.4E+03));
#4867 = VECTOR('',#4868,1.);
#4868 = DIRECTION('',(1.,0.,0.));
#4869 = ORIENTED_EDGE('',*,*,#4870,.F.);
#4870 = EDGE_CURVE('',#4871,#4863,#4873,.T.);
#4871 = VERTEX_POINT('',#4872);
#4872 = CARTESIAN_POINT('',(2.945964797441E+04,4.709363306604E+04,
    -5.2E+03));
#4873 = LINE('',#4874,#4875);
#4874 = CARTESIAN_POINT('',(2.945964797441E+04,4.709363306604E+04,
    -5.2E+03));
#4875 = VECTOR('',#4876,1.);
#4876 = DIRECTION('',(0.,0.,1.));
#4877 = ORIENTED_EDGE('',*,*,#4878,.F.);
#4878 = EDGE_CURVE('',#4840,#4871,#4879,.T.);
#4879 = LINE('',#4880,#4881);
#4880 = CARTESIAN_POINT('',(2.853964797441E+04,4.709363306604E+04,
    -5.2E+03));
#4881 = VECTOR('',#4882,1.);
#4882 = DIRECTION('',(1.,0.,0.));
#4883 = PLANE('',#4884);
#4884 = AXIS2_PLACEMENT_3D('',#4885,#4886,#4887);
#4885 = CARTESIAN_POINT('',(2.853964797441E+04,4.709363306604E+04,
    -5.2E+03));
#4886 = DIRECTION('',(0.,1.,0.));
#4887 = DIRECTION('',(1.,0.,0.));
#4888 = ADVANCED_FACE('',(#4889),#4914,.F.);
#4889 = FACE_BOUND('',#4890,.F.);
#4890 = EDGE_LOOP('',(#4891,#4892,#4900,#4908));
#4891 = ORIENTED_EDGE('',*,*,#4870,.T.);
#4892 = ORIENTED_EDGE('',*,*,#4893,.T.);
#4893 = EDGE_CURVE('',#4863,#4894,#4896,.T.);
#4894 = VERTEX_POINT('',#4895);
#4895 = CARTESIAN_POINT('',(2.945964797441E+04,4.749363306604E+04,
    -4.4E+03));
#4896 = LINE('',#4897,#4898);
#4897 = CARTESIAN_POINT('',(2.945964797441E+04,4.709363306604E+04,
    -4.4E+03));
#4898 = VECTOR('',#4899,1.);
#4899 = DIRECTION('',(0.,1.,0.));
#4900 = ORIENTED_EDGE('',*,*,#4901,.F.);
#4901 = EDGE_CURVE('',#4902,#4894,#4904,.T.);
#4902 = VERTEX_POINT('',#4903);
#4903 = CARTESIAN_POINT('',(2.945964797441E+04,4.749363306604E+04,
    -5.2E+03));
#4904 = LINE('',#4905,#4906);
#4905 = CARTESIAN_POINT('',(2.945964797441E+04,4.749363306604E+04,
    -5.2E+03));
#4906 = VECTOR('',#4907,1.);
#4907 = DIRECTION('',(0.,0.,1.));
#4908 = ORIENTED_EDGE('',*,*,#4909,.F.);
#4909 = EDGE_CURVE('',#4871,#4902,#4910,.T.);
#4910 = LINE('',#4911,#4912);
#4911 = CARTESIAN_POINT('',(2.945964797441E+04,4.709363306604E+04,
    -5.2E+03));
#4912 = VECTOR('',#4913,1.);
#4913 = DIRECTION('',(0.,1.,0.));
#4914 = PLANE('',#4915);
#4915 = AXIS2_PLACEMENT_3D('',#4916,#4917,#4918);
#4916 = CARTESIAN_POINT('',(2.945964797441E+04,4.709363306604E+04,
    -5.2E+03));
#4917 = DIRECTION('',(-1.,0.,0.));
#4918 = DIRECTION('',(0.,1.,0.));
#4919 = ADVANCED_FACE('',(#4920),#4936,.F.);
#4920 = FACE_BOUND('',#4921,.F.);
#4921 = EDGE_LOOP('',(#4922,#4923,#4929,#4930));
#4922 = ORIENTED_EDGE('',*,*,#4901,.T.);
#4923 = ORIENTED_EDGE('',*,*,#4924,.T.);
#4924 = EDGE_CURVE('',#4894,#4824,#4925,.T.);
#4925 = LINE('',#4926,#4927);
#4926 = CARTESIAN_POINT('',(2.945964797441E+04,4.749363306604E+04,
    -4.4E+03));
#4927 = VECTOR('',#4928,1.);
#4928 = DIRECTION('',(-1.,0.,0.));
#4929 = ORIENTED_EDGE('',*,*,#4821,.F.);
#4930 = ORIENTED_EDGE('',*,*,#4931,.F.);
#4931 = EDGE_CURVE('',#4902,#4822,#4932,.T.);
#4932 = LINE('',#4933,#4934);
#4933 = CARTESIAN_POINT('',(2.945964797441E+04,4.749363306604E+04,
    -5.2E+03));
#4934 = VECTOR('',#4935,1.);
#4935 = DIRECTION('',(-1.,0.,0.));
#4936 = PLANE('',#4937);
#4937 = AXIS2_PLACEMENT_3D('',#4938,#4939,#4940);
#4938 = CARTESIAN_POINT('',(2.945964797441E+04,4.749363306604E+04,
    -5.2E+03));
#4939 = DIRECTION('',(0.,-1.,0.));
#4940 = DIRECTION('',(-1.,0.,0.));
#4941 = ADVANCED_FACE('',(#4942),#4948,.F.);
#4942 = FACE_BOUND('',#4943,.F.);
#4943 = EDGE_LOOP('',(#4944,#4945,#4946,#4947));
#4944 = ORIENTED_EDGE('',*,*,#4847,.T.);
#4945 = ORIENTED_EDGE('',*,*,#4878,.T.);
#4946 = ORIENTED_EDGE('',*,*,#4909,.T.);
#4947 = ORIENTED_EDGE('',*,*,#4931,.T.);
#4948 = PLANE('',#4949);
#4949 = AXIS2_PLACEMENT_3D('',#4950,#4951,#4952);
#4950 = CARTESIAN_POINT('',(2.899964797441E+04,4.729363306604E+04,
    -5.2E+03));
#4951 = DIRECTION('',(0.,0.,1.));
#4952 = DIRECTION('',(1.,0.,-0.));
#4953 = ADVANCED_FACE('',(#4954),#4960,.T.);
#4954 = FACE_BOUND('',#4955,.T.);
#4955 = EDGE_LOOP('',(#4956,#4957,#4958,#4959));
#4956 = ORIENTED_EDGE('',*,*,#4831,.T.);
#4957 = ORIENTED_EDGE('',*,*,#4862,.T.);
#4958 = ORIENTED_EDGE('',*,*,#4893,.T.);
#4959 = ORIENTED_EDGE('',*,*,#4924,.T.);
#4960 = PLANE('',#4961);
#4961 = AXIS2_PLACEMENT_3D('',#4962,#4963,#4964);
#4962 = CARTESIAN_POINT('',(2.899964797441E+04,4.729363306604E+04,
    -4.4E+03));
#4963 = DIRECTION('',(0.,0.,1.));
#4964 = DIRECTION('',(1.,0.,-0.));
#4965 = MANIFOLD_SOLID_BREP('',#4966);
#4966 = CLOSED_SHELL('',(#4967,#5007,#5038,#5069,#5091,#5103));
#4967 = ADVANCED_FACE('',(#4968),#5002,.F.);
#4968 = FACE_BOUND('',#4969,.F.);
#4969 = EDGE_LOOP('',(#4970,#4980,#4988,#4996));
#4970 = ORIENTED_EDGE('',*,*,#4971,.T.);
#4971 = EDGE_CURVE('',#4972,#4974,#4976,.T.);
#4972 = VERTEX_POINT('',#4973);
#4973 = CARTESIAN_POINT('',(2.988213041524E+04,4.759363306604E+04,
    -5.2E+03));
#4974 = VERTEX_POINT('',#4975);
#4975 = CARTESIAN_POINT('',(2.988213041524E+04,4.759363306604E+04,
    -4.4E+03));
#4976 = LINE('',#4977,#4978);
#4977 = CARTESIAN_POINT('',(2.988213041524E+04,4.759363306604E+04,
    -5.2E+03));
#4978 = VECTOR('',#4979,1.);
#4979 = DIRECTION('',(0.,0.,1.));
#4980 = ORIENTED_EDGE('',*,*,#4981,.T.);
#4981 = EDGE_CURVE('',#4974,#4982,#4984,.T.);
#4982 = VERTEX_POINT('',#4983);
#4983 = CARTESIAN_POINT('',(3.028213041525E+04,4.759363306609E+04,
    -4.4E+03));
#4984 = LINE('',#4985,#4986);
#4985 = CARTESIAN_POINT('',(2.988213041524E+04,4.759363306604E+04,
    -4.4E+03));
#4986 = VECTOR('',#4987,1.);
#4987 = DIRECTION('',(1.,1.200533006303E-10,0.));
#4988 = ORIENTED_EDGE('',*,*,#4989,.F.);
#4989 = EDGE_CURVE('',#4990,#4982,#4992,.T.);
#4990 = VERTEX_POINT('',#4991);
#4991 = CARTESIAN_POINT('',(3.028213041525E+04,4.759363306609E+04,
    -5.2E+03));
#4992 = LINE('',#4993,#4994);
#4993 = CARTESIAN_POINT('',(3.028213041525E+04,4.759363306609E+04,
    -5.2E+03));
#4994 = VECTOR('',#4995,1.);
#4995 = DIRECTION('',(0.,0.,1.));
#4996 = ORIENTED_EDGE('',*,*,#4997,.F.);
#4997 = EDGE_CURVE('',#4972,#4990,#4998,.T.);
#4998 = LINE('',#4999,#5000);
#4999 = CARTESIAN_POINT('',(2.988213041524E+04,4.759363306604E+04,
    -5.2E+03));
#5000 = VECTOR('',#5001,1.);
#5001 = DIRECTION('',(1.,1.200533006303E-10,0.));
#5002 = PLANE('',#5003);
#5003 = AXIS2_PLACEMENT_3D('',#5004,#5005,#5006);
#5004 = CARTESIAN_POINT('',(2.988213041524E+04,4.759363306604E+04,
    -5.2E+03));
#5005 = DIRECTION('',(-1.200533006303E-10,1.,0.));
#5006 = DIRECTION('',(1.,1.200533006303E-10,0.));
#5007 = ADVANCED_FACE('',(#5008),#5033,.F.);
#5008 = FACE_BOUND('',#5009,.F.);
#5009 = EDGE_LOOP('',(#5010,#5011,#5019,#5027));
#5010 = ORIENTED_EDGE('',*,*,#4989,.T.);
#5011 = ORIENTED_EDGE('',*,*,#5012,.T.);
#5012 = EDGE_CURVE('',#4982,#5013,#5015,.T.);
#5013 = VERTEX_POINT('',#5014);
#5014 = CARTESIAN_POINT('',(3.02821304141E+04,5.719363307144E+04,
    -4.4E+03));
#5015 = LINE('',#5016,#5017);
#5016 = CARTESIAN_POINT('',(3.028213041525E+04,4.759363306609E+04,
    -4.4E+03));
#5017 = VECTOR('',#5018,1.);
#5018 = DIRECTION('',(-1.200411739711E-10,1.,0.));
#5019 = ORIENTED_EDGE('',*,*,#5020,.F.);
#5020 = EDGE_CURVE('',#5021,#5013,#5023,.T.);
#5021 = VERTEX_POINT('',#5022);
#5022 = CARTESIAN_POINT('',(3.02821304141E+04,5.719363307144E+04,
    -5.2E+03));
#5023 = LINE('',#5024,#5025);
#5024 = CARTESIAN_POINT('',(3.02821304141E+04,5.719363307144E+04,
    -5.2E+03));
#5025 = VECTOR('',#5026,1.);
#5026 = DIRECTION('',(0.,0.,1.));
#5027 = ORIENTED_EDGE('',*,*,#5028,.F.);
#5028 = EDGE_CURVE('',#4990,#5021,#5029,.T.);
#5029 = LINE('',#5030,#5031);
#5030 = CARTESIAN_POINT('',(3.028213041525E+04,4.759363306609E+04,
    -5.2E+03));
#5031 = VECTOR('',#5032,1.);
#5032 = DIRECTION('',(-1.200411739711E-10,1.,0.));
#5033 = PLANE('',#5034);
#5034 = AXIS2_PLACEMENT_3D('',#5035,#5036,#5037);
#5035 = CARTESIAN_POINT('',(3.028213041525E+04,4.759363306609E+04,
    -5.2E+03));
#5036 = DIRECTION('',(-1.,-1.200411739711E-10,0.));
#5037 = DIRECTION('',(-1.200411739711E-10,1.,0.));
#5038 = ADVANCED_FACE('',(#5039),#5064,.F.);
#5039 = FACE_BOUND('',#5040,.F.);
#5040 = EDGE_LOOP('',(#5041,#5042,#5050,#5058));
#5041 = ORIENTED_EDGE('',*,*,#5020,.T.);
#5042 = ORIENTED_EDGE('',*,*,#5043,.T.);
#5043 = EDGE_CURVE('',#5013,#5044,#5046,.T.);
#5044 = VERTEX_POINT('',#5045);
#5045 = CARTESIAN_POINT('',(2.988213041409E+04,5.719363307139E+04,
    -4.4E+03));
#5046 = LINE('',#5047,#5048);
#5047 = CARTESIAN_POINT('',(3.02821304141E+04,5.719363307144E+04,
    -4.4E+03));
#5048 = VECTOR('',#5049,1.);
#5049 = DIRECTION('',(-1.,-1.200533006303E-10,0.));
#5050 = ORIENTED_EDGE('',*,*,#5051,.F.);
#5051 = EDGE_CURVE('',#5052,#5044,#5054,.T.);
#5052 = VERTEX_POINT('',#5053);
#5053 = CARTESIAN_POINT('',(2.988213041409E+04,5.719363307139E+04,
    -5.2E+03));
#5054 = LINE('',#5055,#5056);
#5055 = CARTESIAN_POINT('',(2.988213041409E+04,5.719363307139E+04,
    -5.2E+03));
#5056 = VECTOR('',#5057,1.);
#5057 = DIRECTION('',(0.,0.,1.));
#5058 = ORIENTED_EDGE('',*,*,#5059,.F.);
#5059 = EDGE_CURVE('',#5021,#5052,#5060,.T.);
#5060 = LINE('',#5061,#5062);
#5061 = CARTESIAN_POINT('',(3.02821304141E+04,5.719363307144E+04,
    -5.2E+03));
#5062 = VECTOR('',#5063,1.);
#5063 = DIRECTION('',(-1.,-1.200533006303E-10,0.));
#5064 = PLANE('',#5065);
#5065 = AXIS2_PLACEMENT_3D('',#5066,#5067,#5068);
#5066 = CARTESIAN_POINT('',(3.02821304141E+04,5.719363307144E+04,
    -5.2E+03));
#5067 = DIRECTION('',(1.200533006303E-10,-1.,0.));
#5068 = DIRECTION('',(-1.,-1.200533006303E-10,0.));
#5069 = ADVANCED_FACE('',(#5070),#5086,.F.);
#5070 = FACE_BOUND('',#5071,.F.);
#5071 = EDGE_LOOP('',(#5072,#5073,#5079,#5080));
#5072 = ORIENTED_EDGE('',*,*,#5051,.T.);
#5073 = ORIENTED_EDGE('',*,*,#5074,.T.);
#5074 = EDGE_CURVE('',#5044,#4974,#5075,.T.);
#5075 = LINE('',#5076,#5077);
#5076 = CARTESIAN_POINT('',(2.988213041409E+04,5.719363307139E+04,
    -4.4E+03));
#5077 = VECTOR('',#5078,1.);
#5078 = DIRECTION('',(1.200411739711E-10,-1.,0.));
#5079 = ORIENTED_EDGE('',*,*,#4971,.F.);
#5080 = ORIENTED_EDGE('',*,*,#5081,.F.);
#5081 = EDGE_CURVE('',#5052,#4972,#5082,.T.);
#5082 = LINE('',#5083,#5084);
#5083 = CARTESIAN_POINT('',(2.988213041409E+04,5.719363307139E+04,
    -5.2E+03));
#5084 = VECTOR('',#5085,1.);
#5085 = DIRECTION('',(1.200411739711E-10,-1.,0.));
#5086 = PLANE('',#5087);
#5087 = AXIS2_PLACEMENT_3D('',#5088,#5089,#5090);
#5088 = CARTESIAN_POINT('',(2.988213041409E+04,5.719363307139E+04,
    -5.2E+03));
#5089 = DIRECTION('',(1.,1.200411739711E-10,-0.));
#5090 = DIRECTION('',(1.200411739711E-10,-1.,0.));
#5091 = ADVANCED_FACE('',(#5092),#5098,.F.);
#5092 = FACE_BOUND('',#5093,.F.);
#5093 = EDGE_LOOP('',(#5094,#5095,#5096,#5097));
#5094 = ORIENTED_EDGE('',*,*,#4997,.T.);
#5095 = ORIENTED_EDGE('',*,*,#5028,.T.);
#5096 = ORIENTED_EDGE('',*,*,#5059,.T.);
#5097 = ORIENTED_EDGE('',*,*,#5081,.T.);
#5098 = PLANE('',#5099);
#5099 = AXIS2_PLACEMENT_3D('',#5100,#5101,#5102);
#5100 = CARTESIAN_POINT('',(3.008213041467E+04,5.239363306874E+04,
    -5.2E+03));
#5101 = DIRECTION('',(0.,0.,1.));
#5102 = DIRECTION('',(1.,0.,-0.));
#5103 = ADVANCED_FACE('',(#5104),#5110,.T.);
#5104 = FACE_BOUND('',#5105,.T.);
#5105 = EDGE_LOOP('',(#5106,#5107,#5108,#5109));
#5106 = ORIENTED_EDGE('',*,*,#4981,.T.);
#5107 = ORIENTED_EDGE('',*,*,#5012,.T.);
#5108 = ORIENTED_EDGE('',*,*,#5043,.T.);
#5109 = ORIENTED_EDGE('',*,*,#5074,.T.);
#5110 = PLANE('',#5111);
#5111 = AXIS2_PLACEMENT_3D('',#5112,#5113,#5114);
#5112 = CARTESIAN_POINT('',(3.008213041467E+04,5.239363306874E+04,
    -4.4E+03));
#5113 = DIRECTION('',(0.,0.,1.));
#5114 = DIRECTION('',(1.,0.,-0.));
#5115 = MANIFOLD_SOLID_BREP('',#5116);
#5116 = CLOSED_SHELL('',(#5117,#5157,#5188,#5219,#5241,#5253));
#5117 = ADVANCED_FACE('',(#5118),#5152,.F.);
#5118 = FACE_BOUND('',#5119,.F.);
#5119 = EDGE_LOOP('',(#5120,#5130,#5138,#5146));
#5120 = ORIENTED_EDGE('',*,*,#5121,.T.);
#5121 = EDGE_CURVE('',#5122,#5124,#5126,.T.);
#5122 = VERTEX_POINT('',#5123);
#5123 = CARTESIAN_POINT('',(3.822713049225E+04,6.512703624494E+04,
    -5.2E+03));
#5124 = VERTEX_POINT('',#5125);
#5125 = CARTESIAN_POINT('',(3.822713049225E+04,6.512703624494E+04,
    -4.4E+03));
#5126 = LINE('',#5127,#5128);
#5127 = CARTESIAN_POINT('',(3.822713049225E+04,6.512703624494E+04,
    -5.2E+03));
#5128 = VECTOR('',#5129,1.);
#5129 = DIRECTION('',(0.,0.,1.));
#5130 = ORIENTED_EDGE('',*,*,#5131,.T.);
#5131 = EDGE_CURVE('',#5124,#5132,#5134,.T.);
#5132 = VERTEX_POINT('',#5133);
#5133 = CARTESIAN_POINT('',(3.862713049225E+04,6.512703624494E+04,
    -4.4E+03));
#5134 = LINE('',#5135,#5136);
#5135 = CARTESIAN_POINT('',(3.822713049225E+04,6.512703624494E+04,
    -4.4E+03));
#5136 = VECTOR('',#5137,1.);
#5137 = DIRECTION('',(1.,0.,0.));
#5138 = ORIENTED_EDGE('',*,*,#5139,.F.);
#5139 = EDGE_CURVE('',#5140,#5132,#5142,.T.);
#5140 = VERTEX_POINT('',#5141);
#5141 = CARTESIAN_POINT('',(3.862713049225E+04,6.512703624494E+04,
    -5.2E+03));
#5142 = LINE('',#5143,#5144);
#5143 = CARTESIAN_POINT('',(3.862713049225E+04,6.512703624494E+04,
    -5.2E+03));
#5144 = VECTOR('',#5145,1.);
#5145 = DIRECTION('',(0.,0.,1.));
#5146 = ORIENTED_EDGE('',*,*,#5147,.F.);
#5147 = EDGE_CURVE('',#5122,#5140,#5148,.T.);
#5148 = LINE('',#5149,#5150);
#5149 = CARTESIAN_POINT('',(3.822713049225E+04,6.512703624494E+04,
    -5.2E+03));
#5150 = VECTOR('',#5151,1.);
#5151 = DIRECTION('',(1.,0.,0.));
#5152 = PLANE('',#5153);
#5153 = AXIS2_PLACEMENT_3D('',#5154,#5155,#5156);
#5154 = CARTESIAN_POINT('',(3.822713049225E+04,6.512703624494E+04,
    -5.2E+03));
#5155 = DIRECTION('',(0.,1.,0.));
#5156 = DIRECTION('',(1.,0.,0.));
#5157 = ADVANCED_FACE('',(#5158),#5183,.F.);
#5158 = FACE_BOUND('',#5159,.F.);
#5159 = EDGE_LOOP('',(#5160,#5161,#5169,#5177));
#5160 = ORIENTED_EDGE('',*,*,#5139,.T.);
#5161 = ORIENTED_EDGE('',*,*,#5162,.T.);
#5162 = EDGE_CURVE('',#5132,#5163,#5165,.T.);
#5163 = VERTEX_POINT('',#5164);
#5164 = CARTESIAN_POINT('',(3.862713049225E+04,6.677703624494E+04,
    -4.4E+03));
#5165 = LINE('',#5166,#5167);
#5166 = CARTESIAN_POINT('',(3.862713049225E+04,6.512703624494E+04,
    -4.4E+03));
#5167 = VECTOR('',#5168,1.);
#5168 = DIRECTION('',(0.,1.,0.));
#5169 = ORIENTED_EDGE('',*,*,#5170,.F.);
#5170 = EDGE_CURVE('',#5171,#5163,#5173,.T.);
#5171 = VERTEX_POINT('',#5172);
#5172 = CARTESIAN_POINT('',(3.862713049225E+04,6.677703624494E+04,
    -5.2E+03));
#5173 = LINE('',#5174,#5175);
#5174 = CARTESIAN_POINT('',(3.862713049225E+04,6.677703624494E+04,
    -5.2E+03));
#5175 = VECTOR('',#5176,1.);
#5176 = DIRECTION('',(0.,0.,1.));
#5177 = ORIENTED_EDGE('',*,*,#5178,.F.);
#5178 = EDGE_CURVE('',#5140,#5171,#5179,.T.);
#5179 = LINE('',#5180,#5181);
#5180 = CARTESIAN_POINT('',(3.862713049225E+04,6.512703624494E+04,
    -5.2E+03));
#5181 = VECTOR('',#5182,1.);
#5182 = DIRECTION('',(0.,1.,0.));
#5183 = PLANE('',#5184);
#5184 = AXIS2_PLACEMENT_3D('',#5185,#5186,#5187);
#5185 = CARTESIAN_POINT('',(3.862713049225E+04,6.512703624494E+04,
    -5.2E+03));
#5186 = DIRECTION('',(-1.,0.,0.));
#5187 = DIRECTION('',(0.,1.,0.));
#5188 = ADVANCED_FACE('',(#5189),#5214,.F.);
#5189 = FACE_BOUND('',#5190,.F.);
#5190 = EDGE_LOOP('',(#5191,#5192,#5200,#5208));
#5191 = ORIENTED_EDGE('',*,*,#5170,.T.);
#5192 = ORIENTED_EDGE('',*,*,#5193,.T.);
#5193 = EDGE_CURVE('',#5163,#5194,#5196,.T.);
#5194 = VERTEX_POINT('',#5195);
#5195 = CARTESIAN_POINT('',(3.822713049225E+04,6.677703624494E+04,
    -4.4E+03));
#5196 = LINE('',#5197,#5198);
#5197 = CARTESIAN_POINT('',(3.862713049225E+04,6.677703624494E+04,
    -4.4E+03));
#5198 = VECTOR('',#5199,1.);
#5199 = DIRECTION('',(-1.,0.,0.));
#5200 = ORIENTED_EDGE('',*,*,#5201,.F.);
#5201 = EDGE_CURVE('',#5202,#5194,#5204,.T.);
#5202 = VERTEX_POINT('',#5203);
#5203 = CARTESIAN_POINT('',(3.822713049225E+04,6.677703624494E+04,
    -5.2E+03));
#5204 = LINE('',#5205,#5206);
#5205 = CARTESIAN_POINT('',(3.822713049225E+04,6.677703624494E+04,
    -5.2E+03));
#5206 = VECTOR('',#5207,1.);
#5207 = DIRECTION('',(0.,0.,1.));
#5208 = ORIENTED_EDGE('',*,*,#5209,.F.);
#5209 = EDGE_CURVE('',#5171,#5202,#5210,.T.);
#5210 = LINE('',#5211,#5212);
#5211 = CARTESIAN_POINT('',(3.862713049225E+04,6.677703624494E+04,
    -5.2E+03));
#5212 = VECTOR('',#5213,1.);
#5213 = DIRECTION('',(-1.,0.,0.));
#5214 = PLANE('',#5215);
#5215 = AXIS2_PLACEMENT_3D('',#5216,#5217,#5218);
#5216 = CARTESIAN_POINT('',(3.862713049225E+04,6.677703624494E+04,
    -5.2E+03));
#5217 = DIRECTION('',(0.,-1.,0.));
#5218 = DIRECTION('',(-1.,0.,0.));
#5219 = ADVANCED_FACE('',(#5220),#5236,.F.);
#5220 = FACE_BOUND('',#5221,.F.);
#5221 = EDGE_LOOP('',(#5222,#5223,#5229,#5230));
#5222 = ORIENTED_EDGE('',*,*,#5201,.T.);
#5223 = ORIENTED_EDGE('',*,*,#5224,.T.);
#5224 = EDGE_CURVE('',#5194,#5124,#5225,.T.);
#5225 = LINE('',#5226,#5227);
#5226 = CARTESIAN_POINT('',(3.822713049225E+04,6.677703624494E+04,
    -4.4E+03));
#5227 = VECTOR('',#5228,1.);
#5228 = DIRECTION('',(0.,-1.,0.));
#5229 = ORIENTED_EDGE('',*,*,#5121,.F.);
#5230 = ORIENTED_EDGE('',*,*,#5231,.F.);
#5231 = EDGE_CURVE('',#5202,#5122,#5232,.T.);
#5232 = LINE('',#5233,#5234);
#5233 = CARTESIAN_POINT('',(3.822713049225E+04,6.677703624494E+04,
    -5.2E+03));
#5234 = VECTOR('',#5235,1.);
#5235 = DIRECTION('',(0.,-1.,0.));
#5236 = PLANE('',#5237);
#5237 = AXIS2_PLACEMENT_3D('',#5238,#5239,#5240);
#5238 = CARTESIAN_POINT('',(3.822713049225E+04,6.677703624494E+04,
    -5.2E+03));
#5239 = DIRECTION('',(1.,0.,-0.));
#5240 = DIRECTION('',(0.,-1.,0.));
#5241 = ADVANCED_FACE('',(#5242),#5248,.F.);
#5242 = FACE_BOUND('',#5243,.F.);
#5243 = EDGE_LOOP('',(#5244,#5245,#5246,#5247));
#5244 = ORIENTED_EDGE('',*,*,#5147,.T.);
#5245 = ORIENTED_EDGE('',*,*,#5178,.T.);
#5246 = ORIENTED_EDGE('',*,*,#5209,.T.);
#5247 = ORIENTED_EDGE('',*,*,#5231,.T.);
#5248 = PLANE('',#5249);
#5249 = AXIS2_PLACEMENT_3D('',#5250,#5251,#5252);
#5250 = CARTESIAN_POINT('',(3.842713049225E+04,6.595203624494E+04,
    -5.2E+03));
#5251 = DIRECTION('',(0.,0.,1.));
#5252 = DIRECTION('',(1.,0.,-0.));
#5253 = ADVANCED_FACE('',(#5254),#5260,.T.);
#5254 = FACE_BOUND('',#5255,.T.);
#5255 = EDGE_LOOP('',(#5256,#5257,#5258,#5259));
#5256 = ORIENTED_EDGE('',*,*,#5131,.T.);
#5257 = ORIENTED_EDGE('',*,*,#5162,.T.);
#5258 = ORIENTED_EDGE('',*,*,#5193,.T.);
#5259 = ORIENTED_EDGE('',*,*,#5224,.T.);
#5260 = PLANE('',#5261);
#5261 = AXIS2_PLACEMENT_3D('',#5262,#5263,#5264);
#5262 = CARTESIAN_POINT('',(3.842713049225E+04,6.595203624494E+04,
    -4.4E+03));
#5263 = DIRECTION('',(0.,0.,1.));
#5264 = DIRECTION('',(1.,0.,-0.));
#5265 = MANIFOLD_SOLID_BREP('',#5266);
#5266 = CLOSED_SHELL('',(#5267,#5307,#5338,#5369,#5391,#5403));
#5267 = ADVANCED_FACE('',(#5268),#5302,.F.);
#5268 = FACE_BOUND('',#5269,.F.);
#5269 = EDGE_LOOP('',(#5270,#5280,#5288,#5296));
#5270 = ORIENTED_EDGE('',*,*,#5271,.T.);
#5271 = EDGE_CURVE('',#5272,#5274,#5276,.T.);
#5272 = VERTEX_POINT('',#5273);
#5273 = CARTESIAN_POINT('',(3.502723383076E+04,8.964863479358E+04,
    -5.2E+03));
#5274 = VERTEX_POINT('',#5275);
#5275 = CARTESIAN_POINT('',(3.502723383076E+04,8.964863479358E+04,
    -4.4E+03));
#5276 = LINE('',#5277,#5278);
#5277 = CARTESIAN_POINT('',(3.502723383076E+04,8.964863479358E+04,
    -5.2E+03));
#5278 = VECTOR('',#5279,1.);
#5279 = DIRECTION('',(0.,0.,1.));
#5280 = ORIENTED_EDGE('',*,*,#5281,.T.);
#5281 = EDGE_CURVE('',#5274,#5282,#5284,.T.);
#5282 = VERTEX_POINT('',#5283);
#5283 = CARTESIAN_POINT('',(3.502723383076E+04,8.9228634665E+04,-4.4E+03
    ));
#5284 = LINE('',#5285,#5286);
#5285 = CARTESIAN_POINT('',(3.502723383076E+04,8.964863479358E+04,
    -4.4E+03));
#5286 = VECTOR('',#5287,1.);
#5287 = DIRECTION('',(0.,-1.,0.));
#5288 = ORIENTED_EDGE('',*,*,#5289,.F.);
#5289 = EDGE_CURVE('',#5290,#5282,#5292,.T.);
#5290 = VERTEX_POINT('',#5291);
#5291 = CARTESIAN_POINT('',(3.502723383076E+04,8.9228634665E+04,-5.2E+03
    ));
#5292 = LINE('',#5293,#5294);
#5293 = CARTESIAN_POINT('',(3.502723383076E+04,8.9228634665E+04,-5.2E+03
    ));
#5294 = VECTOR('',#5295,1.);
#5295 = DIRECTION('',(0.,0.,1.));
#5296 = ORIENTED_EDGE('',*,*,#5297,.F.);
#5297 = EDGE_CURVE('',#5272,#5290,#5298,.T.);
#5298 = LINE('',#5299,#5300);
#5299 = CARTESIAN_POINT('',(3.502723383076E+04,8.964863479358E+04,
    -5.2E+03));
#5300 = VECTOR('',#5301,1.);
#5301 = DIRECTION('',(0.,-1.,0.));
#5302 = PLANE('',#5303);
#5303 = AXIS2_PLACEMENT_3D('',#5304,#5305,#5306);
#5304 = CARTESIAN_POINT('',(3.502723383076E+04,8.964863479358E+04,
    -5.2E+03));
#5305 = DIRECTION('',(1.,0.,-0.));
#5306 = DIRECTION('',(0.,-1.,0.));
#5307 = ADVANCED_FACE('',(#5308),#5333,.F.);
#5308 = FACE_BOUND('',#5309,.F.);
#5309 = EDGE_LOOP('',(#5310,#5311,#5319,#5327));
#5310 = ORIENTED_EDGE('',*,*,#5289,.T.);
#5311 = ORIENTED_EDGE('',*,*,#5312,.T.);
#5312 = EDGE_CURVE('',#5282,#5313,#5315,.T.);
#5313 = VERTEX_POINT('',#5314);
#5314 = CARTESIAN_POINT('',(3.542723383076E+04,8.9228634665E+04,-4.4E+03
    ));
#5315 = LINE('',#5316,#5317);
#5316 = CARTESIAN_POINT('',(3.502723383076E+04,8.9228634665E+04,-4.4E+03
    ));
#5317 = VECTOR('',#5318,1.);
#5318 = DIRECTION('',(1.,0.,0.));
#5319 = ORIENTED_EDGE('',*,*,#5320,.F.);
#5320 = EDGE_CURVE('',#5321,#5313,#5323,.T.);
#5321 = VERTEX_POINT('',#5322);
#5322 = CARTESIAN_POINT('',(3.542723383076E+04,8.9228634665E+04,-5.2E+03
    ));
#5323 = LINE('',#5324,#5325);
#5324 = CARTESIAN_POINT('',(3.542723383076E+04,8.9228634665E+04,-5.2E+03
    ));
#5325 = VECTOR('',#5326,1.);
#5326 = DIRECTION('',(0.,0.,1.));
#5327 = ORIENTED_EDGE('',*,*,#5328,.F.);
#5328 = EDGE_CURVE('',#5290,#5321,#5329,.T.);
#5329 = LINE('',#5330,#5331);
#5330 = CARTESIAN_POINT('',(3.502723383076E+04,8.9228634665E+04,-5.2E+03
    ));
#5331 = VECTOR('',#5332,1.);
#5332 = DIRECTION('',(1.,0.,0.));
#5333 = PLANE('',#5334);
#5334 = AXIS2_PLACEMENT_3D('',#5335,#5336,#5337);
#5335 = CARTESIAN_POINT('',(3.502723383076E+04,8.9228634665E+04,-5.2E+03
    ));
#5336 = DIRECTION('',(0.,1.,0.));
#5337 = DIRECTION('',(1.,0.,0.));
#5338 = ADVANCED_FACE('',(#5339),#5364,.F.);
#5339 = FACE_BOUND('',#5340,.F.);
#5340 = EDGE_LOOP('',(#5341,#5342,#5350,#5358));
#5341 = ORIENTED_EDGE('',*,*,#5320,.T.);
#5342 = ORIENTED_EDGE('',*,*,#5343,.T.);
#5343 = EDGE_CURVE('',#5313,#5344,#5346,.T.);
#5344 = VERTEX_POINT('',#5345);
#5345 = CARTESIAN_POINT('',(3.542723383076E+04,8.964863479358E+04,
    -4.4E+03));
#5346 = LINE('',#5347,#5348);
#5347 = CARTESIAN_POINT('',(3.542723383076E+04,8.9228634665E+04,-4.4E+03
    ));
#5348 = VECTOR('',#5349,1.);
#5349 = DIRECTION('',(0.,1.,0.));
#5350 = ORIENTED_EDGE('',*,*,#5351,.F.);
#5351 = EDGE_CURVE('',#5352,#5344,#5354,.T.);
#5352 = VERTEX_POINT('',#5353);
#5353 = CARTESIAN_POINT('',(3.542723383076E+04,8.964863479358E+04,
    -5.2E+03));
#5354 = LINE('',#5355,#5356);
#5355 = CARTESIAN_POINT('',(3.542723383076E+04,8.964863479358E+04,
    -5.2E+03));
#5356 = VECTOR('',#5357,1.);
#5357 = DIRECTION('',(0.,0.,1.));
#5358 = ORIENTED_EDGE('',*,*,#5359,.F.);
#5359 = EDGE_CURVE('',#5321,#5352,#5360,.T.);
#5360 = LINE('',#5361,#5362);
#5361 = CARTESIAN_POINT('',(3.542723383076E+04,8.9228634665E+04,-5.2E+03
    ));
#5362 = VECTOR('',#5363,1.);
#5363 = DIRECTION('',(0.,1.,0.));
#5364 = PLANE('',#5365);
#5365 = AXIS2_PLACEMENT_3D('',#5366,#5367,#5368);
#5366 = CARTESIAN_POINT('',(3.542723383076E+04,8.9228634665E+04,-5.2E+03
    ));
#5367 = DIRECTION('',(-1.,0.,0.));
#5368 = DIRECTION('',(0.,1.,0.));
#5369 = ADVANCED_FACE('',(#5370),#5386,.F.);
#5370 = FACE_BOUND('',#5371,.F.);
#5371 = EDGE_LOOP('',(#5372,#5373,#5379,#5380));
#5372 = ORIENTED_EDGE('',*,*,#5351,.T.);
#5373 = ORIENTED_EDGE('',*,*,#5374,.T.);
#5374 = EDGE_CURVE('',#5344,#5274,#5375,.T.);
#5375 = LINE('',#5376,#5377);
#5376 = CARTESIAN_POINT('',(3.542723383076E+04,8.964863479358E+04,
    -4.4E+03));
#5377 = VECTOR('',#5378,1.);
#5378 = DIRECTION('',(-1.,0.,0.));
#5379 = ORIENTED_EDGE('',*,*,#5271,.F.);
#5380 = ORIENTED_EDGE('',*,*,#5381,.F.);
#5381 = EDGE_CURVE('',#5352,#5272,#5382,.T.);
#5382 = LINE('',#5383,#5384);
#5383 = CARTESIAN_POINT('',(3.542723383076E+04,8.964863479358E+04,
    -5.2E+03));
#5384 = VECTOR('',#5385,1.);
#5385 = DIRECTION('',(-1.,0.,0.));
#5386 = PLANE('',#5387);
#5387 = AXIS2_PLACEMENT_3D('',#5388,#5389,#5390);
#5388 = CARTESIAN_POINT('',(3.542723383076E+04,8.964863479358E+04,
    -5.2E+03));
#5389 = DIRECTION('',(0.,-1.,0.));
#5390 = DIRECTION('',(-1.,0.,0.));
#5391 = ADVANCED_FACE('',(#5392),#5398,.F.);
#5392 = FACE_BOUND('',#5393,.F.);
#5393 = EDGE_LOOP('',(#5394,#5395,#5396,#5397));
#5394 = ORIENTED_EDGE('',*,*,#5297,.T.);
#5395 = ORIENTED_EDGE('',*,*,#5328,.T.);
#5396 = ORIENTED_EDGE('',*,*,#5359,.T.);
#5397 = ORIENTED_EDGE('',*,*,#5381,.T.);
#5398 = PLANE('',#5399);
#5399 = AXIS2_PLACEMENT_3D('',#5400,#5401,#5402);
#5400 = CARTESIAN_POINT('',(3.522723383076E+04,8.943863472929E+04,
    -5.2E+03));
#5401 = DIRECTION('',(0.,0.,1.));
#5402 = DIRECTION('',(1.,0.,-0.));
#5403 = ADVANCED_FACE('',(#5404),#5410,.T.);
#5404 = FACE_BOUND('',#5405,.T.);
#5405 = EDGE_LOOP('',(#5406,#5407,#5408,#5409));
#5406 = ORIENTED_EDGE('',*,*,#5281,.T.);
#5407 = ORIENTED_EDGE('',*,*,#5312,.T.);
#5408 = ORIENTED_EDGE('',*,*,#5343,.T.);
#5409 = ORIENTED_EDGE('',*,*,#5374,.T.);
#5410 = PLANE('',#5411);
#5411 = AXIS2_PLACEMENT_3D('',#5412,#5413,#5414);
#5412 = CARTESIAN_POINT('',(3.522723383076E+04,8.943863472929E+04,
    -4.4E+03));
#5413 = DIRECTION('',(0.,0.,1.));
#5414 = DIRECTION('',(1.,0.,-0.));
#5415 = MANIFOLD_SOLID_BREP('',#5416);
#5416 = CLOSED_SHELL('',(#5417,#5457,#5488,#5519,#5541,#5553));
#5417 = ADVANCED_FACE('',(#5418),#5452,.F.);
#5418 = FACE_BOUND('',#5419,.F.);
#5419 = EDGE_LOOP('',(#5420,#5430,#5438,#5446));
#5420 = ORIENTED_EDGE('',*,*,#5421,.T.);
#5421 = EDGE_CURVE('',#5422,#5424,#5426,.T.);
#5422 = VERTEX_POINT('',#5423);
#5423 = CARTESIAN_POINT('',(1.904714797759E+04,9.217090757873E+04,
    -5.2E+03));
#5424 = VERTEX_POINT('',#5425);
#5425 = CARTESIAN_POINT('',(1.904714797759E+04,9.217090757873E+04,
    -4.4E+03));
#5426 = LINE('',#5427,#5428);
#5427 = CARTESIAN_POINT('',(1.904714797759E+04,9.217090757873E+04,
    -5.2E+03));
#5428 = VECTOR('',#5429,1.);
#5429 = DIRECTION('',(0.,0.,1.));
#5430 = ORIENTED_EDGE('',*,*,#5431,.T.);
#5431 = EDGE_CURVE('',#5424,#5432,#5434,.T.);
#5432 = VERTEX_POINT('',#5433);
#5433 = CARTESIAN_POINT('',(1.944714797759E+04,9.217090757873E+04,
    -4.4E+03));
#5434 = LINE('',#5435,#5436);
#5435 = CARTESIAN_POINT('',(1.904714797759E+04,9.217090757873E+04,
    -4.4E+03));
#5436 = VECTOR('',#5437,1.);
#5437 = DIRECTION('',(1.,0.,0.));
#5438 = ORIENTED_EDGE('',*,*,#5439,.F.);
#5439 = EDGE_CURVE('',#5440,#5432,#5442,.T.);
#5440 = VERTEX_POINT('',#5441);
#5441 = CARTESIAN_POINT('',(1.944714797759E+04,9.217090757873E+04,
    -5.2E+03));
#5442 = LINE('',#5443,#5444);
#5443 = CARTESIAN_POINT('',(1.944714797759E+04,9.217090757873E+04,
    -5.2E+03));
#5444 = VECTOR('',#5445,1.);
#5445 = DIRECTION('',(0.,0.,1.));
#5446 = ORIENTED_EDGE('',*,*,#5447,.F.);
#5447 = EDGE_CURVE('',#5422,#5440,#5448,.T.);
#5448 = LINE('',#5449,#5450);
#5449 = CARTESIAN_POINT('',(1.904714797759E+04,9.217090757873E+04,
    -5.2E+03));
#5450 = VECTOR('',#5451,1.);
#5451 = DIRECTION('',(1.,0.,0.));
#5452 = PLANE('',#5453);
#5453 = AXIS2_PLACEMENT_3D('',#5454,#5455,#5456);
#5454 = CARTESIAN_POINT('',(1.904714797759E+04,9.217090757873E+04,
    -5.2E+03));
#5455 = DIRECTION('',(0.,1.,0.));
#5456 = DIRECTION('',(1.,0.,0.));
#5457 = ADVANCED_FACE('',(#5458),#5483,.F.);
#5458 = FACE_BOUND('',#5459,.F.);
#5459 = EDGE_LOOP('',(#5460,#5461,#5469,#5477));
#5460 = ORIENTED_EDGE('',*,*,#5439,.T.);
#5461 = ORIENTED_EDGE('',*,*,#5462,.T.);
#5462 = EDGE_CURVE('',#5432,#5463,#5465,.T.);
#5463 = VERTEX_POINT('',#5464);
#5464 = CARTESIAN_POINT('',(1.944714797759E+04,9.467181630957E+04,
    -4.4E+03));
#5465 = LINE('',#5466,#5467);
#5466 = CARTESIAN_POINT('',(1.944714797759E+04,9.217090757873E+04,
    -4.4E+03));
#5467 = VECTOR('',#5468,1.);
#5468 = DIRECTION('',(0.,1.,0.));
#5469 = ORIENTED_EDGE('',*,*,#5470,.F.);
#5470 = EDGE_CURVE('',#5471,#5463,#5473,.T.);
#5471 = VERTEX_POINT('',#5472);
#5472 = CARTESIAN_POINT('',(1.944714797759E+04,9.467181630957E+04,
    -5.2E+03));
#5473 = LINE('',#5474,#5475);
#5474 = CARTESIAN_POINT('',(1.944714797759E+04,9.467181630957E+04,
    -5.2E+03));
#5475 = VECTOR('',#5476,1.);
#5476 = DIRECTION('',(0.,0.,1.));
#5477 = ORIENTED_EDGE('',*,*,#5478,.F.);
#5478 = EDGE_CURVE('',#5440,#5471,#5479,.T.);
#5479 = LINE('',#5480,#5481);
#5480 = CARTESIAN_POINT('',(1.944714797759E+04,9.217090757873E+04,
    -5.2E+03));
#5481 = VECTOR('',#5482,1.);
#5482 = DIRECTION('',(0.,1.,0.));
#5483 = PLANE('',#5484);
#5484 = AXIS2_PLACEMENT_3D('',#5485,#5486,#5487);
#5485 = CARTESIAN_POINT('',(1.944714797759E+04,9.217090757873E+04,
    -5.2E+03));
#5486 = DIRECTION('',(-1.,0.,0.));
#5487 = DIRECTION('',(0.,1.,0.));
#5488 = ADVANCED_FACE('',(#5489),#5514,.F.);
#5489 = FACE_BOUND('',#5490,.F.);
#5490 = EDGE_LOOP('',(#5491,#5492,#5500,#5508));
#5491 = ORIENTED_EDGE('',*,*,#5470,.T.);
#5492 = ORIENTED_EDGE('',*,*,#5493,.T.);
#5493 = EDGE_CURVE('',#5463,#5494,#5496,.T.);
#5494 = VERTEX_POINT('',#5495);
#5495 = CARTESIAN_POINT('',(1.904714797759E+04,9.467181630957E+04,
    -4.4E+03));
#5496 = LINE('',#5497,#5498);
#5497 = CARTESIAN_POINT('',(1.944714797759E+04,9.467181630957E+04,
    -4.4E+03));
#5498 = VECTOR('',#5499,1.);
#5499 = DIRECTION('',(-1.,0.,0.));
#5500 = ORIENTED_EDGE('',*,*,#5501,.F.);
#5501 = EDGE_CURVE('',#5502,#5494,#5504,.T.);
#5502 = VERTEX_POINT('',#5503);
#5503 = CARTESIAN_POINT('',(1.904714797759E+04,9.467181630957E+04,
    -5.2E+03));
#5504 = LINE('',#5505,#5506);
#5505 = CARTESIAN_POINT('',(1.904714797759E+04,9.467181630957E+04,
    -5.2E+03));
#5506 = VECTOR('',#5507,1.);
#5507 = DIRECTION('',(0.,0.,1.));
#5508 = ORIENTED_EDGE('',*,*,#5509,.F.);
#5509 = EDGE_CURVE('',#5471,#5502,#5510,.T.);
#5510 = LINE('',#5511,#5512);
#5511 = CARTESIAN_POINT('',(1.944714797759E+04,9.467181630957E+04,
    -5.2E+03));
#5512 = VECTOR('',#5513,1.);
#5513 = DIRECTION('',(-1.,0.,0.));
#5514 = PLANE('',#5515);
#5515 = AXIS2_PLACEMENT_3D('',#5516,#5517,#5518);
#5516 = CARTESIAN_POINT('',(1.944714797759E+04,9.467181630957E+04,
    -5.2E+03));
#5517 = DIRECTION('',(0.,-1.,0.));
#5518 = DIRECTION('',(-1.,0.,0.));
#5519 = ADVANCED_FACE('',(#5520),#5536,.F.);
#5520 = FACE_BOUND('',#5521,.F.);
#5521 = EDGE_LOOP('',(#5522,#5523,#5529,#5530));
#5522 = ORIENTED_EDGE('',*,*,#5501,.T.);
#5523 = ORIENTED_EDGE('',*,*,#5524,.T.);
#5524 = EDGE_CURVE('',#5494,#5424,#5525,.T.);
#5525 = LINE('',#5526,#5527);
#5526 = CARTESIAN_POINT('',(1.904714797759E+04,9.467181630957E+04,
    -4.4E+03));
#5527 = VECTOR('',#5528,1.);
#5528 = DIRECTION('',(0.,-1.,0.));
#5529 = ORIENTED_EDGE('',*,*,#5421,.F.);
#5530 = ORIENTED_EDGE('',*,*,#5531,.F.);
#5531 = EDGE_CURVE('',#5502,#5422,#5532,.T.);
#5532 = LINE('',#5533,#5534);
#5533 = CARTESIAN_POINT('',(1.904714797759E+04,9.467181630957E+04,
    -5.2E+03));
#5534 = VECTOR('',#5535,1.);
#5535 = DIRECTION('',(0.,-1.,0.));
#5536 = PLANE('',#5537);
#5537 = AXIS2_PLACEMENT_3D('',#5538,#5539,#5540);
#5538 = CARTESIAN_POINT('',(1.904714797759E+04,9.467181630957E+04,
    -5.2E+03));
#5539 = DIRECTION('',(1.,0.,-0.));
#5540 = DIRECTION('',(0.,-1.,0.));
#5541 = ADVANCED_FACE('',(#5542),#5548,.F.);
#5542 = FACE_BOUND('',#5543,.F.);
#5543 = EDGE_LOOP('',(#5544,#5545,#5546,#5547));
#5544 = ORIENTED_EDGE('',*,*,#5447,.T.);
#5545 = ORIENTED_EDGE('',*,*,#5478,.T.);
#5546 = ORIENTED_EDGE('',*,*,#5509,.T.);
#5547 = ORIENTED_EDGE('',*,*,#5531,.T.);
#5548 = PLANE('',#5549);
#5549 = AXIS2_PLACEMENT_3D('',#5550,#5551,#5552);
#5550 = CARTESIAN_POINT('',(1.924714797759E+04,9.342136194415E+04,
    -5.2E+03));
#5551 = DIRECTION('',(0.,0.,1.));
#5552 = DIRECTION('',(1.,0.,-0.));
#5553 = ADVANCED_FACE('',(#5554),#5560,.T.);
#5554 = FACE_BOUND('',#5555,.T.);
#5555 = EDGE_LOOP('',(#5556,#5557,#5558,#5559));
#5556 = ORIENTED_EDGE('',*,*,#5431,.T.);
#5557 = ORIENTED_EDGE('',*,*,#5462,.T.);
#5558 = ORIENTED_EDGE('',*,*,#5493,.T.);
#5559 = ORIENTED_EDGE('',*,*,#5524,.T.);
#5560 = PLANE('',#5561);
#5561 = AXIS2_PLACEMENT_3D('',#5562,#5563,#5564);
#5562 = CARTESIAN_POINT('',(1.924714797759E+04,9.342136194415E+04,
    -4.4E+03));
#5563 = DIRECTION('',(0.,0.,1.));
#5564 = DIRECTION('',(1.,0.,-0.));
#5565 = MANIFOLD_SOLID_BREP('',#5566);
#5566 = CLOSED_SHELL('',(#5567,#5607,#5638,#5669,#5691,#5703));
#5567 = ADVANCED_FACE('',(#5568),#5602,.F.);
#5568 = FACE_BOUND('',#5569,.F.);
#5569 = EDGE_LOOP('',(#5570,#5580,#5588,#5596));
#5570 = ORIENTED_EDGE('',*,*,#5571,.T.);
#5571 = EDGE_CURVE('',#5572,#5574,#5576,.T.);
#5572 = VERTEX_POINT('',#5573);
#5573 = CARTESIAN_POINT('',(1.864714797759E+04,7.986650603977E+04,
    -5.2E+03));
#5574 = VERTEX_POINT('',#5575);
#5575 = CARTESIAN_POINT('',(1.864714797759E+04,7.986650603977E+04,
    -4.4E+03));
#5576 = LINE('',#5577,#5578);
#5577 = CARTESIAN_POINT('',(1.864714797759E+04,7.986650603977E+04,
    -5.2E+03));
#5578 = VECTOR('',#5579,1.);
#5579 = DIRECTION('',(0.,0.,1.));
#5580 = ORIENTED_EDGE('',*,*,#5581,.T.);
#5581 = EDGE_CURVE('',#5574,#5582,#5584,.T.);
#5582 = VERTEX_POINT('',#5583);
#5583 = CARTESIAN_POINT('',(1.904714797759E+04,7.986650603977E+04,
    -4.4E+03));
#5584 = LINE('',#5585,#5586);
#5585 = CARTESIAN_POINT('',(1.864714797759E+04,7.986650603977E+04,
    -4.4E+03));
#5586 = VECTOR('',#5587,1.);
#5587 = DIRECTION('',(1.,0.,0.));
#5588 = ORIENTED_EDGE('',*,*,#5589,.F.);
#5589 = EDGE_CURVE('',#5590,#5582,#5592,.T.);
#5590 = VERTEX_POINT('',#5591);
#5591 = CARTESIAN_POINT('',(1.904714797759E+04,7.986650603977E+04,
    -5.2E+03));
#5592 = LINE('',#5593,#5594);
#5593 = CARTESIAN_POINT('',(1.904714797759E+04,7.986650603977E+04,
    -5.2E+03));
#5594 = VECTOR('',#5595,1.);
#5595 = DIRECTION('',(0.,0.,1.));
#5596 = ORIENTED_EDGE('',*,*,#5597,.F.);
#5597 = EDGE_CURVE('',#5572,#5590,#5598,.T.);
#5598 = LINE('',#5599,#5600);
#5599 = CARTESIAN_POINT('',(1.864714797759E+04,7.986650603977E+04,
    -5.2E+03));
#5600 = VECTOR('',#5601,1.);
#5601 = DIRECTION('',(1.,0.,0.));
#5602 = PLANE('',#5603);
#5603 = AXIS2_PLACEMENT_3D('',#5604,#5605,#5606);
#5604 = CARTESIAN_POINT('',(1.864714797759E+04,7.986650603977E+04,
    -5.2E+03));
#5605 = DIRECTION('',(0.,1.,0.));
#5606 = DIRECTION('',(1.,0.,0.));
#5607 = ADVANCED_FACE('',(#5608),#5633,.F.);
#5608 = FACE_BOUND('',#5609,.F.);
#5609 = EDGE_LOOP('',(#5610,#5611,#5619,#5627));
#5610 = ORIENTED_EDGE('',*,*,#5589,.T.);
#5611 = ORIENTED_EDGE('',*,*,#5612,.T.);
#5612 = EDGE_CURVE('',#5582,#5613,#5615,.T.);
#5613 = VERTEX_POINT('',#5614);
#5614 = CARTESIAN_POINT('',(1.904714797759E+04,8.146650603977E+04,
    -4.4E+03));
#5615 = LINE('',#5616,#5617);
#5616 = CARTESIAN_POINT('',(1.904714797759E+04,7.986650603977E+04,
    -4.4E+03));
#5617 = VECTOR('',#5618,1.);
#5618 = DIRECTION('',(0.,1.,0.));
#5619 = ORIENTED_EDGE('',*,*,#5620,.F.);
#5620 = EDGE_CURVE('',#5621,#5613,#5623,.T.);
#5621 = VERTEX_POINT('',#5622);
#5622 = CARTESIAN_POINT('',(1.904714797759E+04,8.146650603977E+04,
    -5.2E+03));
#5623 = LINE('',#5624,#5625);
#5624 = CARTESIAN_POINT('',(1.904714797759E+04,8.146650603977E+04,
    -5.2E+03));
#5625 = VECTOR('',#5626,1.);
#5626 = DIRECTION('',(0.,0.,1.));
#5627 = ORIENTED_EDGE('',*,*,#5628,.F.);
#5628 = EDGE_CURVE('',#5590,#5621,#5629,.T.);
#5629 = LINE('',#5630,#5631);
#5630 = CARTESIAN_POINT('',(1.904714797759E+04,7.986650603977E+04,
    -5.2E+03));
#5631 = VECTOR('',#5632,1.);
#5632 = DIRECTION('',(0.,1.,0.));
#5633 = PLANE('',#5634);
#5634 = AXIS2_PLACEMENT_3D('',#5635,#5636,#5637);
#5635 = CARTESIAN_POINT('',(1.904714797759E+04,7.986650603977E+04,
    -5.2E+03));
#5636 = DIRECTION('',(-1.,0.,0.));
#5637 = DIRECTION('',(0.,1.,0.));
#5638 = ADVANCED_FACE('',(#5639),#5664,.F.);
#5639 = FACE_BOUND('',#5640,.F.);
#5640 = EDGE_LOOP('',(#5641,#5642,#5650,#5658));
#5641 = ORIENTED_EDGE('',*,*,#5620,.T.);
#5642 = ORIENTED_EDGE('',*,*,#5643,.T.);
#5643 = EDGE_CURVE('',#5613,#5644,#5646,.T.);
#5644 = VERTEX_POINT('',#5645);
#5645 = CARTESIAN_POINT('',(1.864714797759E+04,8.146650603977E+04,
    -4.4E+03));
#5646 = LINE('',#5647,#5648);
#5647 = CARTESIAN_POINT('',(1.904714797759E+04,8.146650603977E+04,
    -4.4E+03));
#5648 = VECTOR('',#5649,1.);
#5649 = DIRECTION('',(-1.,0.,0.));
#5650 = ORIENTED_EDGE('',*,*,#5651,.F.);
#5651 = EDGE_CURVE('',#5652,#5644,#5654,.T.);
#5652 = VERTEX_POINT('',#5653);
#5653 = CARTESIAN_POINT('',(1.864714797759E+04,8.146650603977E+04,
    -5.2E+03));
#5654 = LINE('',#5655,#5656);
#5655 = CARTESIAN_POINT('',(1.864714797759E+04,8.146650603977E+04,
    -5.2E+03));
#5656 = VECTOR('',#5657,1.);
#5657 = DIRECTION('',(0.,0.,1.));
#5658 = ORIENTED_EDGE('',*,*,#5659,.F.);
#5659 = EDGE_CURVE('',#5621,#5652,#5660,.T.);
#5660 = LINE('',#5661,#5662);
#5661 = CARTESIAN_POINT('',(1.904714797759E+04,8.146650603977E+04,
    -5.2E+03));
#5662 = VECTOR('',#5663,1.);
#5663 = DIRECTION('',(-1.,0.,0.));
#5664 = PLANE('',#5665);
#5665 = AXIS2_PLACEMENT_3D('',#5666,#5667,#5668);
#5666 = CARTESIAN_POINT('',(1.904714797759E+04,8.146650603977E+04,
    -5.2E+03));
#5667 = DIRECTION('',(0.,-1.,0.));
#5668 = DIRECTION('',(-1.,0.,0.));
#5669 = ADVANCED_FACE('',(#5670),#5686,.F.);
#5670 = FACE_BOUND('',#5671,.F.);
#5671 = EDGE_LOOP('',(#5672,#5673,#5679,#5680));
#5672 = ORIENTED_EDGE('',*,*,#5651,.T.);
#5673 = ORIENTED_EDGE('',*,*,#5674,.T.);
#5674 = EDGE_CURVE('',#5644,#5574,#5675,.T.);
#5675 = LINE('',#5676,#5677);
#5676 = CARTESIAN_POINT('',(1.864714797759E+04,8.146650603977E+04,
    -4.4E+03));
#5677 = VECTOR('',#5678,1.);
#5678 = DIRECTION('',(0.,-1.,0.));
#5679 = ORIENTED_EDGE('',*,*,#5571,.F.);
#5680 = ORIENTED_EDGE('',*,*,#5681,.F.);
#5681 = EDGE_CURVE('',#5652,#5572,#5682,.T.);
#5682 = LINE('',#5683,#5684);
#5683 = CARTESIAN_POINT('',(1.864714797759E+04,8.146650603977E+04,
    -5.2E+03));
#5684 = VECTOR('',#5685,1.);
#5685 = DIRECTION('',(0.,-1.,0.));
#5686 = PLANE('',#5687);
#5687 = AXIS2_PLACEMENT_3D('',#5688,#5689,#5690);
#5688 = CARTESIAN_POINT('',(1.864714797759E+04,8.146650603977E+04,
    -5.2E+03));
#5689 = DIRECTION('',(1.,0.,-0.));
#5690 = DIRECTION('',(0.,-1.,0.));
#5691 = ADVANCED_FACE('',(#5692),#5698,.F.);
#5692 = FACE_BOUND('',#5693,.F.);
#5693 = EDGE_LOOP('',(#5694,#5695,#5696,#5697));
#5694 = ORIENTED_EDGE('',*,*,#5597,.T.);
#5695 = ORIENTED_EDGE('',*,*,#5628,.T.);
#5696 = ORIENTED_EDGE('',*,*,#5659,.T.);
#5697 = ORIENTED_EDGE('',*,*,#5681,.T.);
#5698 = PLANE('',#5699);
#5699 = AXIS2_PLACEMENT_3D('',#5700,#5701,#5702);
#5700 = CARTESIAN_POINT('',(1.884714797759E+04,8.066650603977E+04,
    -5.2E+03));
#5701 = DIRECTION('',(0.,0.,1.));
#5702 = DIRECTION('',(1.,0.,-0.));
#5703 = ADVANCED_FACE('',(#5704),#5710,.T.);
#5704 = FACE_BOUND('',#5705,.T.);
#5705 = EDGE_LOOP('',(#5706,#5707,#5708,#5709));
#5706 = ORIENTED_EDGE('',*,*,#5581,.T.);
#5707 = ORIENTED_EDGE('',*,*,#5612,.T.);
#5708 = ORIENTED_EDGE('',*,*,#5643,.T.);
#5709 = ORIENTED_EDGE('',*,*,#5674,.T.);
#5710 = PLANE('',#5711);
#5711 = AXIS2_PLACEMENT_3D('',#5712,#5713,#5714);
#5712 = CARTESIAN_POINT('',(1.884714797759E+04,8.066650603977E+04,
    -4.4E+03));
#5713 = DIRECTION('',(0.,0.,1.));
#5714 = DIRECTION('',(1.,0.,-0.));
#5715 = MANIFOLD_SOLID_BREP('',#5716);
#5716 = CLOSED_SHELL('',(#5717,#5757,#5788,#5819,#5841,#5853));
#5717 = ADVANCED_FACE('',(#5718),#5752,.F.);
#5718 = FACE_BOUND('',#5719,.F.);
#5719 = EDGE_LOOP('',(#5720,#5730,#5738,#5746));
#5720 = ORIENTED_EDGE('',*,*,#5721,.T.);
#5721 = EDGE_CURVE('',#5722,#5724,#5726,.T.);
#5722 = VERTEX_POINT('',#5723);
#5723 = CARTESIAN_POINT('',(4.527520451705E+04,1.567793862778E+04,
    -5.2E+03));
#5724 = VERTEX_POINT('',#5725);
#5725 = CARTESIAN_POINT('',(4.527520451705E+04,1.567793862778E+04,
    -4.4E+03));
#5726 = LINE('',#5727,#5728);
#5727 = CARTESIAN_POINT('',(4.527520451705E+04,1.567793862778E+04,
    -5.2E+03));
#5728 = VECTOR('',#5729,1.);
#5729 = DIRECTION('',(0.,0.,1.));
#5730 = ORIENTED_EDGE('',*,*,#5731,.T.);
#5731 = EDGE_CURVE('',#5724,#5732,#5734,.T.);
#5732 = VERTEX_POINT('',#5733);
#5733 = CARTESIAN_POINT('',(4.567520451705E+04,1.567793862778E+04,
    -4.4E+03));
#5734 = LINE('',#5735,#5736);
#5735 = CARTESIAN_POINT('',(4.527520451705E+04,1.567793862778E+04,
    -4.4E+03));
#5736 = VECTOR('',#5737,1.);
#5737 = DIRECTION('',(1.,-9.895302355289E-12,0.));
#5738 = ORIENTED_EDGE('',*,*,#5739,.F.);
#5739 = EDGE_CURVE('',#5740,#5732,#5742,.T.);
#5740 = VERTEX_POINT('',#5741);
#5741 = CARTESIAN_POINT('',(4.567520451705E+04,1.567793862778E+04,
    -5.2E+03));
#5742 = LINE('',#5743,#5744);
#5743 = CARTESIAN_POINT('',(4.567520451705E+04,1.567793862778E+04,
    -5.2E+03));
#5744 = VECTOR('',#5745,1.);
#5745 = DIRECTION('',(0.,0.,1.));
#5746 = ORIENTED_EDGE('',*,*,#5747,.F.);
#5747 = EDGE_CURVE('',#5722,#5740,#5748,.T.);
#5748 = LINE('',#5749,#5750);
#5749 = CARTESIAN_POINT('',(4.527520451705E+04,1.567793862778E+04,
    -5.2E+03));
#5750 = VECTOR('',#5751,1.);
#5751 = DIRECTION('',(1.,-9.895302355289E-12,0.));
#5752 = PLANE('',#5753);
#5753 = AXIS2_PLACEMENT_3D('',#5754,#5755,#5756);
#5754 = CARTESIAN_POINT('',(4.527520451705E+04,1.567793862778E+04,
    -5.2E+03));
#5755 = DIRECTION('',(9.895302355289E-12,1.,-0.));
#5756 = DIRECTION('',(1.,-9.895302355289E-12,0.));
#5757 = ADVANCED_FACE('',(#5758),#5783,.F.);
#5758 = FACE_BOUND('',#5759,.F.);
#5759 = EDGE_LOOP('',(#5760,#5761,#5769,#5777));
#5760 = ORIENTED_EDGE('',*,*,#5739,.T.);
#5761 = ORIENTED_EDGE('',*,*,#5762,.T.);
#5762 = EDGE_CURVE('',#5732,#5763,#5765,.T.);
#5763 = VERTEX_POINT('',#5764);
#5764 = CARTESIAN_POINT('',(4.567520451706E+04,1.647793862778E+04,
    -4.4E+03));
#5765 = LINE('',#5766,#5767);
#5766 = CARTESIAN_POINT('',(4.567520451705E+04,1.567793862778E+04,
    -4.4E+03));
#5767 = VECTOR('',#5768,1.);
#5768 = DIRECTION('',(9.895302355292E-12,1.,0.));
#5769 = ORIENTED_EDGE('',*,*,#5770,.F.);
#5770 = EDGE_CURVE('',#5771,#5763,#5773,.T.);
#5771 = VERTEX_POINT('',#5772);
#5772 = CARTESIAN_POINT('',(4.567520451706E+04,1.647793862778E+04,
    -5.2E+03));
#5773 = LINE('',#5774,#5775);
#5774 = CARTESIAN_POINT('',(4.567520451706E+04,1.647793862778E+04,
    -5.2E+03));
#5775 = VECTOR('',#5776,1.);
#5776 = DIRECTION('',(0.,0.,1.));
#5777 = ORIENTED_EDGE('',*,*,#5778,.F.);
#5778 = EDGE_CURVE('',#5740,#5771,#5779,.T.);
#5779 = LINE('',#5780,#5781);
#5780 = CARTESIAN_POINT('',(4.567520451705E+04,1.567793862778E+04,
    -5.2E+03));
#5781 = VECTOR('',#5782,1.);
#5782 = DIRECTION('',(9.895302355292E-12,1.,0.));
#5783 = PLANE('',#5784);
#5784 = AXIS2_PLACEMENT_3D('',#5785,#5786,#5787);
#5785 = CARTESIAN_POINT('',(4.567520451705E+04,1.567793862778E+04,
    -5.2E+03));
#5786 = DIRECTION('',(-1.,9.895302355292E-12,0.));
#5787 = DIRECTION('',(9.895302355292E-12,1.,0.));
#5788 = ADVANCED_FACE('',(#5789),#5814,.F.);
#5789 = FACE_BOUND('',#5790,.F.);
#5790 = EDGE_LOOP('',(#5791,#5792,#5800,#5808));
#5791 = ORIENTED_EDGE('',*,*,#5770,.T.);
#5792 = ORIENTED_EDGE('',*,*,#5793,.T.);
#5793 = EDGE_CURVE('',#5763,#5794,#5796,.T.);
#5794 = VERTEX_POINT('',#5795);
#5795 = CARTESIAN_POINT('',(4.527520451706E+04,1.647793862778E+04,
    -4.4E+03));
#5796 = LINE('',#5797,#5798);
#5797 = CARTESIAN_POINT('',(4.567520451706E+04,1.647793862778E+04,
    -4.4E+03));
#5798 = VECTOR('',#5799,1.);
#5799 = DIRECTION('',(-1.,9.895302355289E-12,0.));
#5800 = ORIENTED_EDGE('',*,*,#5801,.F.);
#5801 = EDGE_CURVE('',#5802,#5794,#5804,.T.);
#5802 = VERTEX_POINT('',#5803);
#5803 = CARTESIAN_POINT('',(4.527520451706E+04,1.647793862778E+04,
    -5.2E+03));
#5804 = LINE('',#5805,#5806);
#5805 = CARTESIAN_POINT('',(4.527520451706E+04,1.647793862778E+04,
    -5.2E+03));
#5806 = VECTOR('',#5807,1.);
#5807 = DIRECTION('',(0.,0.,1.));
#5808 = ORIENTED_EDGE('',*,*,#5809,.F.);
#5809 = EDGE_CURVE('',#5771,#5802,#5810,.T.);
#5810 = LINE('',#5811,#5812);
#5811 = CARTESIAN_POINT('',(4.567520451706E+04,1.647793862778E+04,
    -5.2E+03));
#5812 = VECTOR('',#5813,1.);
#5813 = DIRECTION('',(-1.,9.895302355289E-12,0.));
#5814 = PLANE('',#5815);
#5815 = AXIS2_PLACEMENT_3D('',#5816,#5817,#5818);
#5816 = CARTESIAN_POINT('',(4.567520451706E+04,1.647793862778E+04,
    -5.2E+03));
#5817 = DIRECTION('',(-9.895302355289E-12,-1.,0.));
#5818 = DIRECTION('',(-1.,9.895302355289E-12,0.));
#5819 = ADVANCED_FACE('',(#5820),#5836,.F.);
#5820 = FACE_BOUND('',#5821,.F.);
#5821 = EDGE_LOOP('',(#5822,#5823,#5829,#5830));
#5822 = ORIENTED_EDGE('',*,*,#5801,.T.);
#5823 = ORIENTED_EDGE('',*,*,#5824,.T.);
#5824 = EDGE_CURVE('',#5794,#5724,#5825,.T.);
#5825 = LINE('',#5826,#5827);
#5826 = CARTESIAN_POINT('',(4.527520451706E+04,1.647793862778E+04,
    -4.4E+03));
#5827 = VECTOR('',#5828,1.);
#5828 = DIRECTION('',(-9.895302355292E-12,-1.,0.));
#5829 = ORIENTED_EDGE('',*,*,#5721,.F.);
#5830 = ORIENTED_EDGE('',*,*,#5831,.F.);
#5831 = EDGE_CURVE('',#5802,#5722,#5832,.T.);
#5832 = LINE('',#5833,#5834);
#5833 = CARTESIAN_POINT('',(4.527520451706E+04,1.647793862778E+04,
    -5.2E+03));
#5834 = VECTOR('',#5835,1.);
#5835 = DIRECTION('',(-9.895302355292E-12,-1.,0.));
#5836 = PLANE('',#5837);
#5837 = AXIS2_PLACEMENT_3D('',#5838,#5839,#5840);
#5838 = CARTESIAN_POINT('',(4.527520451706E+04,1.647793862778E+04,
    -5.2E+03));
#5839 = DIRECTION('',(1.,-9.895302355292E-12,0.));
#5840 = DIRECTION('',(-9.895302355292E-12,-1.,0.));
#5841 = ADVANCED_FACE('',(#5842),#5848,.F.);
#5842 = FACE_BOUND('',#5843,.F.);
#5843 = EDGE_LOOP('',(#5844,#5845,#5846,#5847));
#5844 = ORIENTED_EDGE('',*,*,#5747,.T.);
#5845 = ORIENTED_EDGE('',*,*,#5778,.T.);
#5846 = ORIENTED_EDGE('',*,*,#5809,.T.);
#5847 = ORIENTED_EDGE('',*,*,#5831,.T.);
#5848 = PLANE('',#5849);
#5849 = AXIS2_PLACEMENT_3D('',#5850,#5851,#5852);
#5850 = CARTESIAN_POINT('',(4.547520451705E+04,1.607793862778E+04,
    -5.2E+03));
#5851 = DIRECTION('',(0.,0.,1.));
#5852 = DIRECTION('',(1.,0.,-0.));
#5853 = ADVANCED_FACE('',(#5854),#5860,.T.);
#5854 = FACE_BOUND('',#5855,.T.);
#5855 = EDGE_LOOP('',(#5856,#5857,#5858,#5859));
#5856 = ORIENTED_EDGE('',*,*,#5731,.T.);
#5857 = ORIENTED_EDGE('',*,*,#5762,.T.);
#5858 = ORIENTED_EDGE('',*,*,#5793,.T.);
#5859 = ORIENTED_EDGE('',*,*,#5824,.T.);
#5860 = PLANE('',#5861);
#5861 = AXIS2_PLACEMENT_3D('',#5862,#5863,#5864);
#5862 = CARTESIAN_POINT('',(4.547520451705E+04,1.607793862778E+04,
    -4.4E+03));
#5863 = DIRECTION('',(0.,0.,1.));
#5864 = DIRECTION('',(1.,0.,-0.));
#5865 = MANIFOLD_SOLID_BREP('',#5866);
#5866 = CLOSED_SHELL('',(#5867,#5907,#5938,#5969,#5991,#6003));
#5867 = ADVANCED_FACE('',(#5868),#5902,.F.);
#5868 = FACE_BOUND('',#5869,.F.);
#5869 = EDGE_LOOP('',(#5870,#5880,#5888,#5896));
#5870 = ORIENTED_EDGE('',*,*,#5871,.T.);
#5871 = EDGE_CURVE('',#5872,#5874,#5876,.T.);
#5872 = VERTEX_POINT('',#5873);
#5873 = CARTESIAN_POINT('',(4.527520451705E+04,7.877938627782E+03,
    -5.2E+03));
#5874 = VERTEX_POINT('',#5875);
#5875 = CARTESIAN_POINT('',(4.527520451705E+04,7.877938627782E+03,
    -4.4E+03));
#5876 = LINE('',#5877,#5878);
#5877 = CARTESIAN_POINT('',(4.527520451705E+04,7.877938627782E+03,
    -5.2E+03));
#5878 = VECTOR('',#5879,1.);
#5879 = DIRECTION('',(0.,0.,1.));
#5880 = ORIENTED_EDGE('',*,*,#5881,.T.);
#5881 = EDGE_CURVE('',#5874,#5882,#5884,.T.);
#5882 = VERTEX_POINT('',#5883);
#5883 = CARTESIAN_POINT('',(4.567520451705E+04,7.877938627778E+03,
    -4.4E+03));
#5884 = LINE('',#5885,#5886);
#5885 = CARTESIAN_POINT('',(4.527520451705E+04,7.877938627782E+03,
    -4.4E+03));
#5886 = VECTOR('',#5887,1.);
#5887 = DIRECTION('',(1.,-9.895302355289E-12,0.));
#5888 = ORIENTED_EDGE('',*,*,#5889,.F.);
#5889 = EDGE_CURVE('',#5890,#5882,#5892,.T.);
#5890 = VERTEX_POINT('',#5891);
#5891 = CARTESIAN_POINT('',(4.567520451705E+04,7.877938627778E+03,
    -5.2E+03));
#5892 = LINE('',#5893,#5894);
#5893 = CARTESIAN_POINT('',(4.567520451705E+04,7.877938627778E+03,
    -5.2E+03));
#5894 = VECTOR('',#5895,1.);
#5895 = DIRECTION('',(0.,0.,1.));
#5896 = ORIENTED_EDGE('',*,*,#5897,.F.);
#5897 = EDGE_CURVE('',#5872,#5890,#5898,.T.);
#5898 = LINE('',#5899,#5900);
#5899 = CARTESIAN_POINT('',(4.527520451705E+04,7.877938627782E+03,
    -5.2E+03));
#5900 = VECTOR('',#5901,1.);
#5901 = DIRECTION('',(1.,-9.895302355289E-12,0.));
#5902 = PLANE('',#5903);
#5903 = AXIS2_PLACEMENT_3D('',#5904,#5905,#5906);
#5904 = CARTESIAN_POINT('',(4.527520451705E+04,7.877938627782E+03,
    -5.2E+03));
#5905 = DIRECTION('',(9.895302355289E-12,1.,-0.));
#5906 = DIRECTION('',(1.,-9.895302355289E-12,0.));
#5907 = ADVANCED_FACE('',(#5908),#5933,.F.);
#5908 = FACE_BOUND('',#5909,.F.);
#5909 = EDGE_LOOP('',(#5910,#5911,#5919,#5927));
#5910 = ORIENTED_EDGE('',*,*,#5889,.T.);
#5911 = ORIENTED_EDGE('',*,*,#5912,.T.);
#5912 = EDGE_CURVE('',#5882,#5913,#5915,.T.);
#5913 = VERTEX_POINT('',#5914);
#5914 = CARTESIAN_POINT('',(4.567520451706E+04,8.677938627777E+03,
    -4.4E+03));
#5915 = LINE('',#5916,#5917);
#5916 = CARTESIAN_POINT('',(4.567520451705E+04,7.877938627778E+03,
    -4.4E+03));
#5917 = VECTOR('',#5918,1.);
#5918 = DIRECTION('',(9.895302355292E-12,1.,0.));
#5919 = ORIENTED_EDGE('',*,*,#5920,.F.);
#5920 = EDGE_CURVE('',#5921,#5913,#5923,.T.);
#5921 = VERTEX_POINT('',#5922);
#5922 = CARTESIAN_POINT('',(4.567520451706E+04,8.677938627777E+03,
    -5.2E+03));
#5923 = LINE('',#5924,#5925);
#5924 = CARTESIAN_POINT('',(4.567520451706E+04,8.677938627777E+03,
    -5.2E+03));
#5925 = VECTOR('',#5926,1.);
#5926 = DIRECTION('',(0.,0.,1.));
#5927 = ORIENTED_EDGE('',*,*,#5928,.F.);
#5928 = EDGE_CURVE('',#5890,#5921,#5929,.T.);
#5929 = LINE('',#5930,#5931);
#5930 = CARTESIAN_POINT('',(4.567520451705E+04,7.877938627778E+03,
    -5.2E+03));
#5931 = VECTOR('',#5932,1.);
#5932 = DIRECTION('',(9.895302355292E-12,1.,0.));
#5933 = PLANE('',#5934);
#5934 = AXIS2_PLACEMENT_3D('',#5935,#5936,#5937);
#5935 = CARTESIAN_POINT('',(4.567520451705E+04,7.877938627778E+03,
    -5.2E+03));
#5936 = DIRECTION('',(-1.,9.895302355292E-12,0.));
#5937 = DIRECTION('',(9.895302355292E-12,1.,0.));
#5938 = ADVANCED_FACE('',(#5939),#5964,.F.);
#5939 = FACE_BOUND('',#5940,.F.);
#5940 = EDGE_LOOP('',(#5941,#5942,#5950,#5958));
#5941 = ORIENTED_EDGE('',*,*,#5920,.T.);
#5942 = ORIENTED_EDGE('',*,*,#5943,.T.);
#5943 = EDGE_CURVE('',#5913,#5944,#5946,.T.);
#5944 = VERTEX_POINT('',#5945);
#5945 = CARTESIAN_POINT('',(4.527520451706E+04,8.677938627781E+03,
    -4.4E+03));
#5946 = LINE('',#5947,#5948);
#5947 = CARTESIAN_POINT('',(4.567520451706E+04,8.677938627777E+03,
    -4.4E+03));
#5948 = VECTOR('',#5949,1.);
#5949 = DIRECTION('',(-1.,9.895302355289E-12,0.));
#5950 = ORIENTED_EDGE('',*,*,#5951,.F.);
#5951 = EDGE_CURVE('',#5952,#5944,#5954,.T.);
#5952 = VERTEX_POINT('',#5953);
#5953 = CARTESIAN_POINT('',(4.527520451706E+04,8.677938627781E+03,
    -5.2E+03));
#5954 = LINE('',#5955,#5956);
#5955 = CARTESIAN_POINT('',(4.527520451706E+04,8.677938627781E+03,
    -5.2E+03));
#5956 = VECTOR('',#5957,1.);
#5957 = DIRECTION('',(0.,0.,1.));
#5958 = ORIENTED_EDGE('',*,*,#5959,.F.);
#5959 = EDGE_CURVE('',#5921,#5952,#5960,.T.);
#5960 = LINE('',#5961,#5962);
#5961 = CARTESIAN_POINT('',(4.567520451706E+04,8.677938627777E+03,
    -5.2E+03));
#5962 = VECTOR('',#5963,1.);
#5963 = DIRECTION('',(-1.,9.895302355289E-12,0.));
#5964 = PLANE('',#5965);
#5965 = AXIS2_PLACEMENT_3D('',#5966,#5967,#5968);
#5966 = CARTESIAN_POINT('',(4.567520451706E+04,8.677938627777E+03,
    -5.2E+03));
#5967 = DIRECTION('',(-9.895302355289E-12,-1.,0.));
#5968 = DIRECTION('',(-1.,9.895302355289E-12,0.));
#5969 = ADVANCED_FACE('',(#5970),#5986,.F.);
#5970 = FACE_BOUND('',#5971,.F.);
#5971 = EDGE_LOOP('',(#5972,#5973,#5979,#5980));
#5972 = ORIENTED_EDGE('',*,*,#5951,.T.);
#5973 = ORIENTED_EDGE('',*,*,#5974,.T.);
#5974 = EDGE_CURVE('',#5944,#5874,#5975,.T.);
#5975 = LINE('',#5976,#5977);
#5976 = CARTESIAN_POINT('',(4.527520451706E+04,8.677938627781E+03,
    -4.4E+03));
#5977 = VECTOR('',#5978,1.);
#5978 = DIRECTION('',(-9.895302355292E-12,-1.,0.));
#5979 = ORIENTED_EDGE('',*,*,#5871,.F.);
#5980 = ORIENTED_EDGE('',*,*,#5981,.F.);
#5981 = EDGE_CURVE('',#5952,#5872,#5982,.T.);
#5982 = LINE('',#5983,#5984);
#5983 = CARTESIAN_POINT('',(4.527520451706E+04,8.677938627781E+03,
    -5.2E+03));
#5984 = VECTOR('',#5985,1.);
#5985 = DIRECTION('',(-9.895302355292E-12,-1.,0.));
#5986 = PLANE('',#5987);
#5987 = AXIS2_PLACEMENT_3D('',#5988,#5989,#5990);
#5988 = CARTESIAN_POINT('',(4.527520451706E+04,8.677938627781E+03,
    -5.2E+03));
#5989 = DIRECTION('',(1.,-9.895302355292E-12,0.));
#5990 = DIRECTION('',(-9.895302355292E-12,-1.,0.));
#5991 = ADVANCED_FACE('',(#5992),#5998,.F.);
#5992 = FACE_BOUND('',#5993,.F.);
#5993 = EDGE_LOOP('',(#5994,#5995,#5996,#5997));
#5994 = ORIENTED_EDGE('',*,*,#5897,.T.);
#5995 = ORIENTED_EDGE('',*,*,#5928,.T.);
#5996 = ORIENTED_EDGE('',*,*,#5959,.T.);
#5997 = ORIENTED_EDGE('',*,*,#5981,.T.);
#5998 = PLANE('',#5999);
#5999 = AXIS2_PLACEMENT_3D('',#6000,#6001,#6002);
#6000 = CARTESIAN_POINT('',(4.547520451705E+04,8.277938627779E+03,
    -5.2E+03));
#6001 = DIRECTION('',(0.,0.,1.));
#6002 = DIRECTION('',(1.,0.,-0.));
#6003 = ADVANCED_FACE('',(#6004),#6010,.T.);
#6004 = FACE_BOUND('',#6005,.T.);
#6005 = EDGE_LOOP('',(#6006,#6007,#6008,#6009));
#6006 = ORIENTED_EDGE('',*,*,#5881,.T.);
#6007 = ORIENTED_EDGE('',*,*,#5912,.T.);
#6008 = ORIENTED_EDGE('',*,*,#5943,.T.);
#6009 = ORIENTED_EDGE('',*,*,#5974,.T.);
#6010 = PLANE('',#6011);
#6011 = AXIS2_PLACEMENT_3D('',#6012,#6013,#6014);
#6012 = CARTESIAN_POINT('',(4.547520451705E+04,8.277938627779E+03,
    -4.4E+03));
#6013 = DIRECTION('',(0.,0.,1.));
#6014 = DIRECTION('',(1.,0.,-0.));
#6015 = MANIFOLD_SOLID_BREP('',#6016);
#6016 = CLOSED_SHELL('',(#6017,#6057,#6088,#6119,#6141,#6153));
#6017 = ADVANCED_FACE('',(#6018),#6052,.F.);
#6018 = FACE_BOUND('',#6019,.F.);
#6019 = EDGE_LOOP('',(#6020,#6030,#6038,#6046));
#6020 = ORIENTED_EDGE('',*,*,#6021,.T.);
#6021 = EDGE_CURVE('',#6022,#6024,#6026,.T.);
#6022 = VERTEX_POINT('',#6023);
#6023 = CARTESIAN_POINT('',(3.137520434647E+04,-2.182206137245E+04,
    -5.2E+03));
#6024 = VERTEX_POINT('',#6025);
#6025 = CARTESIAN_POINT('',(3.137520434647E+04,-2.182206137245E+04,
    -4.4E+03));
#6026 = LINE('',#6027,#6028);
#6027 = CARTESIAN_POINT('',(3.137520434647E+04,-2.182206137245E+04,
    -5.2E+03));
#6028 = VECTOR('',#6029,1.);
#6029 = DIRECTION('',(0.,0.,1.));
#6030 = ORIENTED_EDGE('',*,*,#6031,.T.);
#6031 = EDGE_CURVE('',#6024,#6032,#6034,.T.);
#6032 = VERTEX_POINT('',#6033);
#6033 = CARTESIAN_POINT('',(3.177520434647E+04,-2.182206137246E+04,
    -4.4E+03));
#6034 = LINE('',#6035,#6036);
#6035 = CARTESIAN_POINT('',(3.137520434647E+04,-2.182206137245E+04,
    -4.4E+03));
#6036 = VECTOR('',#6037,1.);
#6037 = DIRECTION('',(1.,-1.05137587525E-11,0.));
#6038 = ORIENTED_EDGE('',*,*,#6039,.F.);
#6039 = EDGE_CURVE('',#6040,#6032,#6042,.T.);
#6040 = VERTEX_POINT('',#6041);
#6041 = CARTESIAN_POINT('',(3.177520434647E+04,-2.182206137246E+04,
    -5.2E+03));
#6042 = LINE('',#6043,#6044);
#6043 = CARTESIAN_POINT('',(3.177520434647E+04,-2.182206137246E+04,
    -5.2E+03));
#6044 = VECTOR('',#6045,1.);
#6045 = DIRECTION('',(0.,0.,1.));
#6046 = ORIENTED_EDGE('',*,*,#6047,.F.);
#6047 = EDGE_CURVE('',#6022,#6040,#6048,.T.);
#6048 = LINE('',#6049,#6050);
#6049 = CARTESIAN_POINT('',(3.137520434647E+04,-2.182206137245E+04,
    -5.2E+03));
#6050 = VECTOR('',#6051,1.);
#6051 = DIRECTION('',(1.,-1.05137587525E-11,0.));
#6052 = PLANE('',#6053);
#6053 = AXIS2_PLACEMENT_3D('',#6054,#6055,#6056);
#6054 = CARTESIAN_POINT('',(3.137520434647E+04,-2.182206137245E+04,
    -5.2E+03));
#6055 = DIRECTION('',(1.05137587525E-11,1.,-0.));
#6056 = DIRECTION('',(1.,-1.05137587525E-11,0.));
#6057 = ADVANCED_FACE('',(#6058),#6083,.F.);
#6058 = FACE_BOUND('',#6059,.F.);
#6059 = EDGE_LOOP('',(#6060,#6061,#6069,#6077));
#6060 = ORIENTED_EDGE('',*,*,#6039,.T.);
#6061 = ORIENTED_EDGE('',*,*,#6062,.T.);
#6062 = EDGE_CURVE('',#6032,#6063,#6065,.T.);
#6063 = VERTEX_POINT('',#6064);
#6064 = CARTESIAN_POINT('',(3.177520434647E+04,-2.102206137246E+04,
    -4.4E+03));
#6065 = LINE('',#6066,#6067);
#6066 = CARTESIAN_POINT('',(3.177520434647E+04,-2.182206137246E+04,
    -4.4E+03));
#6067 = VECTOR('',#6068,1.);
#6068 = DIRECTION('',(1.051375875251E-11,1.,0.));
#6069 = ORIENTED_EDGE('',*,*,#6070,.F.);
#6070 = EDGE_CURVE('',#6071,#6063,#6073,.T.);
#6071 = VERTEX_POINT('',#6072);
#6072 = CARTESIAN_POINT('',(3.177520434647E+04,-2.102206137246E+04,
    -5.2E+03));
#6073 = LINE('',#6074,#6075);
#6074 = CARTESIAN_POINT('',(3.177520434647E+04,-2.102206137246E+04,
    -5.2E+03));
#6075 = VECTOR('',#6076,1.);
#6076 = DIRECTION('',(0.,0.,1.));
#6077 = ORIENTED_EDGE('',*,*,#6078,.F.);
#6078 = EDGE_CURVE('',#6040,#6071,#6079,.T.);
#6079 = LINE('',#6080,#6081);
#6080 = CARTESIAN_POINT('',(3.177520434647E+04,-2.182206137246E+04,
    -5.2E+03));
#6081 = VECTOR('',#6082,1.);
#6082 = DIRECTION('',(1.051375875251E-11,1.,0.));
#6083 = PLANE('',#6084);
#6084 = AXIS2_PLACEMENT_3D('',#6085,#6086,#6087);
#6085 = CARTESIAN_POINT('',(3.177520434647E+04,-2.182206137246E+04,
    -5.2E+03));
#6086 = DIRECTION('',(-1.,1.051375875251E-11,0.));
#6087 = DIRECTION('',(1.051375875251E-11,1.,0.));
#6088 = ADVANCED_FACE('',(#6089),#6114,.F.);
#6089 = FACE_BOUND('',#6090,.F.);
#6090 = EDGE_LOOP('',(#6091,#6092,#6100,#6108));
#6091 = ORIENTED_EDGE('',*,*,#6070,.T.);
#6092 = ORIENTED_EDGE('',*,*,#6093,.T.);
#6093 = EDGE_CURVE('',#6063,#6094,#6096,.T.);
#6094 = VERTEX_POINT('',#6095);
#6095 = CARTESIAN_POINT('',(3.137520434647E+04,-2.102206137246E+04,
    -4.4E+03));
#6096 = LINE('',#6097,#6098);
#6097 = CARTESIAN_POINT('',(3.177520434647E+04,-2.102206137246E+04,
    -4.4E+03));
#6098 = VECTOR('',#6099,1.);
#6099 = DIRECTION('',(-1.,1.05137587525E-11,0.));
#6100 = ORIENTED_EDGE('',*,*,#6101,.F.);
#6101 = EDGE_CURVE('',#6102,#6094,#6104,.T.);
#6102 = VERTEX_POINT('',#6103);
#6103 = CARTESIAN_POINT('',(3.137520434647E+04,-2.102206137246E+04,
    -5.2E+03));
#6104 = LINE('',#6105,#6106);
#6105 = CARTESIAN_POINT('',(3.137520434647E+04,-2.102206137246E+04,
    -5.2E+03));
#6106 = VECTOR('',#6107,1.);
#6107 = DIRECTION('',(0.,0.,1.));
#6108 = ORIENTED_EDGE('',*,*,#6109,.F.);
#6109 = EDGE_CURVE('',#6071,#6102,#6110,.T.);
#6110 = LINE('',#6111,#6112);
#6111 = CARTESIAN_POINT('',(3.177520434647E+04,-2.102206137246E+04,
    -5.2E+03));
#6112 = VECTOR('',#6113,1.);
#6113 = DIRECTION('',(-1.,1.05137587525E-11,0.));
#6114 = PLANE('',#6115);
#6115 = AXIS2_PLACEMENT_3D('',#6116,#6117,#6118);
#6116 = CARTESIAN_POINT('',(3.177520434647E+04,-2.102206137246E+04,
    -5.2E+03));
#6117 = DIRECTION('',(-1.05137587525E-11,-1.,0.));
#6118 = DIRECTION('',(-1.,1.05137587525E-11,0.));
#6119 = ADVANCED_FACE('',(#6120),#6136,.F.);
#6120 = FACE_BOUND('',#6121,.F.);
#6121 = EDGE_LOOP('',(#6122,#6123,#6129,#6130));
#6122 = ORIENTED_EDGE('',*,*,#6101,.T.);
#6123 = ORIENTED_EDGE('',*,*,#6124,.T.);
#6124 = EDGE_CURVE('',#6094,#6024,#6125,.T.);
#6125 = LINE('',#6126,#6127);
#6126 = CARTESIAN_POINT('',(3.137520434647E+04,-2.102206137246E+04,
    -4.4E+03));
#6127 = VECTOR('',#6128,1.);
#6128 = DIRECTION('',(-1.051375875251E-11,-1.,0.));
#6129 = ORIENTED_EDGE('',*,*,#6021,.F.);
#6130 = ORIENTED_EDGE('',*,*,#6131,.F.);
#6131 = EDGE_CURVE('',#6102,#6022,#6132,.T.);
#6132 = LINE('',#6133,#6134);
#6133 = CARTESIAN_POINT('',(3.137520434647E+04,-2.102206137246E+04,
    -5.2E+03));
#6134 = VECTOR('',#6135,1.);
#6135 = DIRECTION('',(-1.051375875251E-11,-1.,0.));
#6136 = PLANE('',#6137);
#6137 = AXIS2_PLACEMENT_3D('',#6138,#6139,#6140);
#6138 = CARTESIAN_POINT('',(3.137520434647E+04,-2.102206137246E+04,
    -5.2E+03));
#6139 = DIRECTION('',(1.,-1.051375875251E-11,0.));
#6140 = DIRECTION('',(-1.051375875251E-11,-1.,0.));
#6141 = ADVANCED_FACE('',(#6142),#6148,.F.);
#6142 = FACE_BOUND('',#6143,.F.);
#6143 = EDGE_LOOP('',(#6144,#6145,#6146,#6147));
#6144 = ORIENTED_EDGE('',*,*,#6047,.T.);
#6145 = ORIENTED_EDGE('',*,*,#6078,.T.);
#6146 = ORIENTED_EDGE('',*,*,#6109,.T.);
#6147 = ORIENTED_EDGE('',*,*,#6131,.T.);
#6148 = PLANE('',#6149);
#6149 = AXIS2_PLACEMENT_3D('',#6150,#6151,#6152);
#6150 = CARTESIAN_POINT('',(3.157520434647E+04,-2.142206137246E+04,
    -5.2E+03));
#6151 = DIRECTION('',(0.,0.,1.));
#6152 = DIRECTION('',(1.,0.,-0.));
#6153 = ADVANCED_FACE('',(#6154),#6160,.T.);
#6154 = FACE_BOUND('',#6155,.T.);
#6155 = EDGE_LOOP('',(#6156,#6157,#6158,#6159));
#6156 = ORIENTED_EDGE('',*,*,#6031,.T.);
#6157 = ORIENTED_EDGE('',*,*,#6062,.T.);
#6158 = ORIENTED_EDGE('',*,*,#6093,.T.);
#6159 = ORIENTED_EDGE('',*,*,#6124,.T.);
#6160 = PLANE('',#6161);
#6161 = AXIS2_PLACEMENT_3D('',#6162,#6163,#6164);
#6162 = CARTESIAN_POINT('',(3.157520434647E+04,-2.142206137246E+04,
    -4.4E+03));
#6163 = DIRECTION('',(0.,0.,1.));
#6164 = DIRECTION('',(1.,0.,-0.));
#6165 = MANIFOLD_SOLID_BREP('',#6166);
#6166 = CLOSED_SHELL('',(#6167,#6207,#6238,#6269,#6291,#6303));
#6167 = ADVANCED_FACE('',(#6168),#6202,.F.);
#6168 = FACE_BOUND('',#6169,.F.);
#6169 = EDGE_LOOP('',(#6170,#6180,#6188,#6196));
#6170 = ORIENTED_EDGE('',*,*,#6171,.T.);
#6171 = EDGE_CURVE('',#6172,#6174,#6176,.T.);
#6172 = VERTEX_POINT('',#6173);
#6173 = CARTESIAN_POINT('',(3.137520434648E+04,-1.752206137228E+04,
    -5.2E+03));
#6174 = VERTEX_POINT('',#6175);
#6175 = CARTESIAN_POINT('',(3.137520434648E+04,-1.752206137228E+04,
    -4.4E+03));
#6176 = LINE('',#6177,#6178);
#6177 = CARTESIAN_POINT('',(3.137520434648E+04,-1.752206137228E+04,
    -5.2E+03));
#6178 = VECTOR('',#6179,1.);
#6179 = DIRECTION('',(0.,0.,1.));
#6180 = ORIENTED_EDGE('',*,*,#6181,.T.);
#6181 = EDGE_CURVE('',#6174,#6182,#6184,.T.);
#6182 = VERTEX_POINT('',#6183);
#6183 = CARTESIAN_POINT('',(3.177520434648E+04,-1.752206137229E+04,
    -4.4E+03));
#6184 = LINE('',#6185,#6186);
#6185 = CARTESIAN_POINT('',(3.137520434648E+04,-1.752206137228E+04,
    -4.4E+03));
#6186 = VECTOR('',#6187,1.);
#6187 = DIRECTION('',(1.,-9.895302355283E-12,0.));
#6188 = ORIENTED_EDGE('',*,*,#6189,.F.);
#6189 = EDGE_CURVE('',#6190,#6182,#6192,.T.);
#6190 = VERTEX_POINT('',#6191);
#6191 = CARTESIAN_POINT('',(3.177520434648E+04,-1.752206137229E+04,
    -5.2E+03));
#6192 = LINE('',#6193,#6194);
#6193 = CARTESIAN_POINT('',(3.177520434648E+04,-1.752206137229E+04,
    -5.2E+03));
#6194 = VECTOR('',#6195,1.);
#6195 = DIRECTION('',(0.,0.,1.));
#6196 = ORIENTED_EDGE('',*,*,#6197,.F.);
#6197 = EDGE_CURVE('',#6172,#6190,#6198,.T.);
#6198 = LINE('',#6199,#6200);
#6199 = CARTESIAN_POINT('',(3.137520434648E+04,-1.752206137228E+04,
    -5.2E+03));
#6200 = VECTOR('',#6201,1.);
#6201 = DIRECTION('',(1.,-9.895302355283E-12,0.));
#6202 = PLANE('',#6203);
#6203 = AXIS2_PLACEMENT_3D('',#6204,#6205,#6206);
#6204 = CARTESIAN_POINT('',(3.137520434648E+04,-1.752206137228E+04,
    -5.2E+03));
#6205 = DIRECTION('',(9.895302355283E-12,1.,-0.));
#6206 = DIRECTION('',(1.,-9.895302355283E-12,0.));
#6207 = ADVANCED_FACE('',(#6208),#6233,.F.);
#6208 = FACE_BOUND('',#6209,.F.);
#6209 = EDGE_LOOP('',(#6210,#6211,#6219,#6227));
#6210 = ORIENTED_EDGE('',*,*,#6189,.T.);
#6211 = ORIENTED_EDGE('',*,*,#6212,.T.);
#6212 = EDGE_CURVE('',#6182,#6213,#6215,.T.);
#6213 = VERTEX_POINT('',#6214);
#6214 = CARTESIAN_POINT('',(3.177520434648E+04,-1.672206137229E+04,
    -4.4E+03));
#6215 = LINE('',#6216,#6217);
#6216 = CARTESIAN_POINT('',(3.177520434648E+04,-1.752206137229E+04,
    -4.4E+03));
#6217 = VECTOR('',#6218,1.);
#6218 = DIRECTION('',(9.895302355304E-12,1.,0.));
#6219 = ORIENTED_EDGE('',*,*,#6220,.F.);
#6220 = EDGE_CURVE('',#6221,#6213,#6223,.T.);
#6221 = VERTEX_POINT('',#6222);
#6222 = CARTESIAN_POINT('',(3.177520434648E+04,-1.672206137229E+04,
    -5.2E+03));
#6223 = LINE('',#6224,#6225);
#6224 = CARTESIAN_POINT('',(3.177520434648E+04,-1.672206137229E+04,
    -5.2E+03));
#6225 = VECTOR('',#6226,1.);
#6226 = DIRECTION('',(0.,0.,1.));
#6227 = ORIENTED_EDGE('',*,*,#6228,.F.);
#6228 = EDGE_CURVE('',#6190,#6221,#6229,.T.);
#6229 = LINE('',#6230,#6231);
#6230 = CARTESIAN_POINT('',(3.177520434648E+04,-1.752206137229E+04,
    -5.2E+03));
#6231 = VECTOR('',#6232,1.);
#6232 = DIRECTION('',(9.895302355304E-12,1.,0.));
#6233 = PLANE('',#6234);
#6234 = AXIS2_PLACEMENT_3D('',#6235,#6236,#6237);
#6235 = CARTESIAN_POINT('',(3.177520434648E+04,-1.752206137229E+04,
    -5.2E+03));
#6236 = DIRECTION('',(-1.,9.895302355304E-12,0.));
#6237 = DIRECTION('',(9.895302355304E-12,1.,0.));
#6238 = ADVANCED_FACE('',(#6239),#6264,.F.);
#6239 = FACE_BOUND('',#6240,.F.);
#6240 = EDGE_LOOP('',(#6241,#6242,#6250,#6258));
#6241 = ORIENTED_EDGE('',*,*,#6220,.T.);
#6242 = ORIENTED_EDGE('',*,*,#6243,.T.);
#6243 = EDGE_CURVE('',#6213,#6244,#6246,.T.);
#6244 = VERTEX_POINT('',#6245);
#6245 = CARTESIAN_POINT('',(3.137520434648E+04,-1.672206137229E+04,
    -4.4E+03));
#6246 = LINE('',#6247,#6248);
#6247 = CARTESIAN_POINT('',(3.177520434648E+04,-1.672206137229E+04,
    -4.4E+03));
#6248 = VECTOR('',#6249,1.);
#6249 = DIRECTION('',(-1.,9.895302355283E-12,0.));
#6250 = ORIENTED_EDGE('',*,*,#6251,.F.);
#6251 = EDGE_CURVE('',#6252,#6244,#6254,.T.);
#6252 = VERTEX_POINT('',#6253);
#6253 = CARTESIAN_POINT('',(3.137520434648E+04,-1.672206137229E+04,
    -5.2E+03));
#6254 = LINE('',#6255,#6256);
#6255 = CARTESIAN_POINT('',(3.137520434648E+04,-1.672206137229E+04,
    -5.2E+03));
#6256 = VECTOR('',#6257,1.);
#6257 = DIRECTION('',(0.,0.,1.));
#6258 = ORIENTED_EDGE('',*,*,#6259,.F.);
#6259 = EDGE_CURVE('',#6221,#6252,#6260,.T.);
#6260 = LINE('',#6261,#6262);
#6261 = CARTESIAN_POINT('',(3.177520434648E+04,-1.672206137229E+04,
    -5.2E+03));
#6262 = VECTOR('',#6263,1.);
#6263 = DIRECTION('',(-1.,9.895302355283E-12,0.));
#6264 = PLANE('',#6265);
#6265 = AXIS2_PLACEMENT_3D('',#6266,#6267,#6268);
#6266 = CARTESIAN_POINT('',(3.177520434648E+04,-1.672206137229E+04,
    -5.2E+03));
#6267 = DIRECTION('',(-9.895302355283E-12,-1.,0.));
#6268 = DIRECTION('',(-1.,9.895302355283E-12,0.));
#6269 = ADVANCED_FACE('',(#6270),#6286,.F.);
#6270 = FACE_BOUND('',#6271,.F.);
#6271 = EDGE_LOOP('',(#6272,#6273,#6279,#6280));
#6272 = ORIENTED_EDGE('',*,*,#6251,.T.);
#6273 = ORIENTED_EDGE('',*,*,#6274,.T.);
#6274 = EDGE_CURVE('',#6244,#6174,#6275,.T.);
#6275 = LINE('',#6276,#6277);
#6276 = CARTESIAN_POINT('',(3.137520434648E+04,-1.672206137229E+04,
    -4.4E+03));
#6277 = VECTOR('',#6278,1.);
#6278 = DIRECTION('',(-9.895302355304E-12,-1.,0.));
#6279 = ORIENTED_EDGE('',*,*,#6171,.F.);
#6280 = ORIENTED_EDGE('',*,*,#6281,.F.);
#6281 = EDGE_CURVE('',#6252,#6172,#6282,.T.);
#6282 = LINE('',#6283,#6284);
#6283 = CARTESIAN_POINT('',(3.137520434648E+04,-1.672206137229E+04,
    -5.2E+03));
#6284 = VECTOR('',#6285,1.);
#6285 = DIRECTION('',(-9.895302355304E-12,-1.,0.));
#6286 = PLANE('',#6287);
#6287 = AXIS2_PLACEMENT_3D('',#6288,#6289,#6290);
#6288 = CARTESIAN_POINT('',(3.137520434648E+04,-1.672206137229E+04,
    -5.2E+03));
#6289 = DIRECTION('',(1.,-9.895302355304E-12,0.));
#6290 = DIRECTION('',(-9.895302355304E-12,-1.,0.));
#6291 = ADVANCED_FACE('',(#6292),#6298,.F.);
#6292 = FACE_BOUND('',#6293,.F.);
#6293 = EDGE_LOOP('',(#6294,#6295,#6296,#6297));
#6294 = ORIENTED_EDGE('',*,*,#6197,.T.);
#6295 = ORIENTED_EDGE('',*,*,#6228,.T.);
#6296 = ORIENTED_EDGE('',*,*,#6259,.T.);
#6297 = ORIENTED_EDGE('',*,*,#6281,.T.);
#6298 = PLANE('',#6299);
#6299 = AXIS2_PLACEMENT_3D('',#6300,#6301,#6302);
#6300 = CARTESIAN_POINT('',(3.157520434648E+04,-1.712206137229E+04,
    -5.2E+03));
#6301 = DIRECTION('',(0.,0.,1.));
#6302 = DIRECTION('',(1.,0.,-0.));
#6303 = ADVANCED_FACE('',(#6304),#6310,.T.);
#6304 = FACE_BOUND('',#6305,.T.);
#6305 = EDGE_LOOP('',(#6306,#6307,#6308,#6309));
#6306 = ORIENTED_EDGE('',*,*,#6181,.T.);
#6307 = ORIENTED_EDGE('',*,*,#6212,.T.);
#6308 = ORIENTED_EDGE('',*,*,#6243,.T.);
#6309 = ORIENTED_EDGE('',*,*,#6274,.T.);
#6310 = PLANE('',#6311);
#6311 = AXIS2_PLACEMENT_3D('',#6312,#6313,#6314);
#6312 = CARTESIAN_POINT('',(3.157520434648E+04,-1.712206137229E+04,
    -4.4E+03));
#6313 = DIRECTION('',(0.,0.,1.));
#6314 = DIRECTION('',(1.,0.,-0.));
#6315 = MANIFOLD_SOLID_BREP('',#6316);
#6316 = CLOSED_SHELL('',(#6317,#6357,#6388,#6419,#6441,#6453));
#6317 = ADVANCED_FACE('',(#6318),#6352,.F.);
#6318 = FACE_BOUND('',#6319,.F.);
#6319 = EDGE_LOOP('',(#6320,#6330,#6338,#6346));
#6320 = ORIENTED_EDGE('',*,*,#6321,.T.);
#6321 = EDGE_CURVE('',#6322,#6324,#6326,.T.);
#6322 = VERTEX_POINT('',#6323);
#6323 = CARTESIAN_POINT('',(3.137520451704E+04,-9.122061372234E+03,
    -5.2E+03));
#6324 = VERTEX_POINT('',#6325);
#6325 = CARTESIAN_POINT('',(3.137520451704E+04,-9.122061372234E+03,
    -4.4E+03));
#6326 = LINE('',#6327,#6328);
#6327 = CARTESIAN_POINT('',(3.137520451704E+04,-9.122061372234E+03,
    -5.2E+03));
#6328 = VECTOR('',#6329,1.);
#6329 = DIRECTION('',(0.,0.,1.));
#6330 = ORIENTED_EDGE('',*,*,#6331,.T.);
#6331 = EDGE_CURVE('',#6324,#6332,#6334,.T.);
#6332 = VERTEX_POINT('',#6333);
#6333 = CARTESIAN_POINT('',(3.177520451704E+04,-9.122061372238E+03,
    -4.4E+03));
#6334 = LINE('',#6335,#6336);
#6335 = CARTESIAN_POINT('',(3.137520451704E+04,-9.122061372234E+03,
    -4.4E+03));
#6336 = VECTOR('',#6337,1.);
#6337 = DIRECTION('',(1.,-9.858922567219E-12,0.));
#6338 = ORIENTED_EDGE('',*,*,#6339,.F.);
#6339 = EDGE_CURVE('',#6340,#6332,#6342,.T.);
#6340 = VERTEX_POINT('',#6341);
#6341 = CARTESIAN_POINT('',(3.177520451704E+04,-9.122061372238E+03,
    -5.2E+03));
#6342 = LINE('',#6343,#6344);
#6343 = CARTESIAN_POINT('',(3.177520451704E+04,-9.122061372238E+03,
    -5.2E+03));
#6344 = VECTOR('',#6345,1.);
#6345 = DIRECTION('',(0.,0.,1.));
#6346 = ORIENTED_EDGE('',*,*,#6347,.F.);
#6347 = EDGE_CURVE('',#6322,#6340,#6348,.T.);
#6348 = LINE('',#6349,#6350);
#6349 = CARTESIAN_POINT('',(3.137520451704E+04,-9.122061372234E+03,
    -5.2E+03));
#6350 = VECTOR('',#6351,1.);
#6351 = DIRECTION('',(1.,-9.858922567219E-12,0.));
#6352 = PLANE('',#6353);
#6353 = AXIS2_PLACEMENT_3D('',#6354,#6355,#6356);
#6354 = CARTESIAN_POINT('',(3.137520451704E+04,-9.122061372234E+03,
    -5.2E+03));
#6355 = DIRECTION('',(9.858922567219E-12,1.,-0.));
#6356 = DIRECTION('',(1.,-9.858922567219E-12,0.));
#6357 = ADVANCED_FACE('',(#6358),#6383,.F.);
#6358 = FACE_BOUND('',#6359,.F.);
#6359 = EDGE_LOOP('',(#6360,#6361,#6369,#6377));
#6360 = ORIENTED_EDGE('',*,*,#6339,.T.);
#6361 = ORIENTED_EDGE('',*,*,#6362,.T.);
#6362 = EDGE_CURVE('',#6332,#6363,#6365,.T.);
#6363 = VERTEX_POINT('',#6364);
#6364 = CARTESIAN_POINT('',(3.177520451705E+04,-8.322061372239E+03,
    -4.4E+03));
#6365 = LINE('',#6366,#6367);
#6366 = CARTESIAN_POINT('',(3.177520451704E+04,-9.122061372238E+03,
    -4.4E+03));
#6367 = VECTOR('',#6368,1.);
#6368 = DIRECTION('',(9.858922567233E-12,1.,0.));
#6369 = ORIENTED_EDGE('',*,*,#6370,.F.);
#6370 = EDGE_CURVE('',#6371,#6363,#6373,.T.);
#6371 = VERTEX_POINT('',#6372);
#6372 = CARTESIAN_POINT('',(3.177520451705E+04,-8.322061372239E+03,
    -5.2E+03));
#6373 = LINE('',#6374,#6375);
#6374 = CARTESIAN_POINT('',(3.177520451705E+04,-8.322061372239E+03,
    -5.2E+03));
#6375 = VECTOR('',#6376,1.);
#6376 = DIRECTION('',(0.,0.,1.));
#6377 = ORIENTED_EDGE('',*,*,#6378,.F.);
#6378 = EDGE_CURVE('',#6340,#6371,#6379,.T.);
#6379 = LINE('',#6380,#6381);
#6380 = CARTESIAN_POINT('',(3.177520451704E+04,-9.122061372238E+03,
    -5.2E+03));
#6381 = VECTOR('',#6382,1.);
#6382 = DIRECTION('',(9.858922567233E-12,1.,0.));
#6383 = PLANE('',#6384);
#6384 = AXIS2_PLACEMENT_3D('',#6385,#6386,#6387);
#6385 = CARTESIAN_POINT('',(3.177520451704E+04,-9.122061372238E+03,
    -5.2E+03));
#6386 = DIRECTION('',(-1.,9.858922567233E-12,0.));
#6387 = DIRECTION('',(9.858922567233E-12,1.,0.));
#6388 = ADVANCED_FACE('',(#6389),#6414,.F.);
#6389 = FACE_BOUND('',#6390,.F.);
#6390 = EDGE_LOOP('',(#6391,#6392,#6400,#6408));
#6391 = ORIENTED_EDGE('',*,*,#6370,.T.);
#6392 = ORIENTED_EDGE('',*,*,#6393,.T.);
#6393 = EDGE_CURVE('',#6363,#6394,#6396,.T.);
#6394 = VERTEX_POINT('',#6395);
#6395 = CARTESIAN_POINT('',(3.137520451705E+04,-8.322061372235E+03,
    -4.4E+03));
#6396 = LINE('',#6397,#6398);
#6397 = CARTESIAN_POINT('',(3.177520451705E+04,-8.322061372239E+03,
    -4.4E+03));
#6398 = VECTOR('',#6399,1.);
#6399 = DIRECTION('',(-1.,9.858922567219E-12,0.));
#6400 = ORIENTED_EDGE('',*,*,#6401,.F.);
#6401 = EDGE_CURVE('',#6402,#6394,#6404,.T.);
#6402 = VERTEX_POINT('',#6403);
#6403 = CARTESIAN_POINT('',(3.137520451705E+04,-8.322061372235E+03,
    -5.2E+03));
#6404 = LINE('',#6405,#6406);
#6405 = CARTESIAN_POINT('',(3.137520451705E+04,-8.322061372235E+03,
    -5.2E+03));
#6406 = VECTOR('',#6407,1.);
#6407 = DIRECTION('',(0.,0.,1.));
#6408 = ORIENTED_EDGE('',*,*,#6409,.F.);
#6409 = EDGE_CURVE('',#6371,#6402,#6410,.T.);
#6410 = LINE('',#6411,#6412);
#6411 = CARTESIAN_POINT('',(3.177520451705E+04,-8.322061372239E+03,
    -5.2E+03));
#6412 = VECTOR('',#6413,1.);
#6413 = DIRECTION('',(-1.,9.858922567219E-12,0.));
#6414 = PLANE('',#6415);
#6415 = AXIS2_PLACEMENT_3D('',#6416,#6417,#6418);
#6416 = CARTESIAN_POINT('',(3.177520451705E+04,-8.322061372239E+03,
    -5.2E+03));
#6417 = DIRECTION('',(-9.858922567219E-12,-1.,0.));
#6418 = DIRECTION('',(-1.,9.858922567219E-12,0.));
#6419 = ADVANCED_FACE('',(#6420),#6436,.F.);
#6420 = FACE_BOUND('',#6421,.F.);
#6421 = EDGE_LOOP('',(#6422,#6423,#6429,#6430));
#6422 = ORIENTED_EDGE('',*,*,#6401,.T.);
#6423 = ORIENTED_EDGE('',*,*,#6424,.T.);
#6424 = EDGE_CURVE('',#6394,#6324,#6425,.T.);
#6425 = LINE('',#6426,#6427);
#6426 = CARTESIAN_POINT('',(3.137520451705E+04,-8.322061372235E+03,
    -4.4E+03));
#6427 = VECTOR('',#6428,1.);
#6428 = DIRECTION('',(-9.858922567233E-12,-1.,0.));
#6429 = ORIENTED_EDGE('',*,*,#6321,.F.);
#6430 = ORIENTED_EDGE('',*,*,#6431,.F.);
#6431 = EDGE_CURVE('',#6402,#6322,#6432,.T.);
#6432 = LINE('',#6433,#6434);
#6433 = CARTESIAN_POINT('',(3.137520451705E+04,-8.322061372235E+03,
    -5.2E+03));
#6434 = VECTOR('',#6435,1.);
#6435 = DIRECTION('',(-9.858922567233E-12,-1.,0.));
#6436 = PLANE('',#6437);
#6437 = AXIS2_PLACEMENT_3D('',#6438,#6439,#6440);
#6438 = CARTESIAN_POINT('',(3.137520451705E+04,-8.322061372235E+03,
    -5.2E+03));
#6439 = DIRECTION('',(1.,-9.858922567233E-12,0.));
#6440 = DIRECTION('',(-9.858922567233E-12,-1.,0.));
#6441 = ADVANCED_FACE('',(#6442),#6448,.F.);
#6442 = FACE_BOUND('',#6443,.F.);
#6443 = EDGE_LOOP('',(#6444,#6445,#6446,#6447));
#6444 = ORIENTED_EDGE('',*,*,#6347,.T.);
#6445 = ORIENTED_EDGE('',*,*,#6378,.T.);
#6446 = ORIENTED_EDGE('',*,*,#6409,.T.);
#6447 = ORIENTED_EDGE('',*,*,#6431,.T.);
#6448 = PLANE('',#6449);
#6449 = AXIS2_PLACEMENT_3D('',#6450,#6451,#6452);
#6450 = CARTESIAN_POINT('',(3.157520451705E+04,-8.722061372237E+03,
    -5.2E+03));
#6451 = DIRECTION('',(0.,0.,1.));
#6452 = DIRECTION('',(1.,0.,-0.));
#6453 = ADVANCED_FACE('',(#6454),#6460,.T.);
#6454 = FACE_BOUND('',#6455,.T.);
#6455 = EDGE_LOOP('',(#6456,#6457,#6458,#6459));
#6456 = ORIENTED_EDGE('',*,*,#6331,.T.);
#6457 = ORIENTED_EDGE('',*,*,#6362,.T.);
#6458 = ORIENTED_EDGE('',*,*,#6393,.T.);
#6459 = ORIENTED_EDGE('',*,*,#6424,.T.);
#6460 = PLANE('',#6461);
#6461 = AXIS2_PLACEMENT_3D('',#6462,#6463,#6464);
#6462 = CARTESIAN_POINT('',(3.157520451705E+04,-8.722061372237E+03,
    -4.4E+03));
#6463 = DIRECTION('',(0.,0.,1.));
#6464 = DIRECTION('',(1.,0.,-0.));
#6465 = MANIFOLD_SOLID_BREP('',#6466);
#6466 = CLOSED_SHELL('',(#6467,#6507,#6538,#6569,#6591,#6603));
#6467 = ADVANCED_FACE('',(#6468),#6502,.F.);
#6468 = FACE_BOUND('',#6469,.F.);
#6469 = EDGE_LOOP('',(#6470,#6480,#6488,#6496));
#6470 = ORIENTED_EDGE('',*,*,#6471,.T.);
#6471 = EDGE_CURVE('',#6472,#6474,#6476,.T.);
#6472 = VERTEX_POINT('',#6473);
#6473 = CARTESIAN_POINT('',(3.137520451705E+04,-622.0613722341,-5.2E+03)
  );
#6474 = VERTEX_POINT('',#6475);
#6475 = CARTESIAN_POINT('',(3.137520451705E+04,-622.0613722341,-4.4E+03)
  );
#6476 = LINE('',#6477,#6478);
#6477 = CARTESIAN_POINT('',(3.137520451705E+04,-622.0613722341,-5.2E+03)
  );
#6478 = VECTOR('',#6479,1.);
#6479 = DIRECTION('',(0.,0.,1.));
#6480 = ORIENTED_EDGE('',*,*,#6481,.T.);
#6481 = EDGE_CURVE('',#6474,#6482,#6484,.T.);
#6482 = VERTEX_POINT('',#6483);
#6483 = CARTESIAN_POINT('',(3.177520451705E+04,-622.061372238,-4.4E+03)
  );
#6484 = LINE('',#6485,#6486);
#6485 = CARTESIAN_POINT('',(3.137520451705E+04,-622.0613722341,-4.4E+03)
  );
#6486 = VECTOR('',#6487,1.);
#6487 = DIRECTION('',(1.,-9.858922567219E-12,0.));
#6488 = ORIENTED_EDGE('',*,*,#6489,.F.);
#6489 = EDGE_CURVE('',#6490,#6482,#6492,.T.);
#6490 = VERTEX_POINT('',#6491);
#6491 = CARTESIAN_POINT('',(3.177520451705E+04,-622.061372238,-5.2E+03)
  );
#6492 = LINE('',#6493,#6494);
#6493 = CARTESIAN_POINT('',(3.177520451705E+04,-622.061372238,-5.2E+03)
  );
#6494 = VECTOR('',#6495,1.);
#6495 = DIRECTION('',(0.,0.,1.));
#6496 = ORIENTED_EDGE('',*,*,#6497,.F.);
#6497 = EDGE_CURVE('',#6472,#6490,#6498,.T.);
#6498 = LINE('',#6499,#6500);
#6499 = CARTESIAN_POINT('',(3.137520451705E+04,-622.0613722341,-5.2E+03)
  );
#6500 = VECTOR('',#6501,1.);
#6501 = DIRECTION('',(1.,-9.858922567219E-12,0.));
#6502 = PLANE('',#6503);
#6503 = AXIS2_PLACEMENT_3D('',#6504,#6505,#6506);
#6504 = CARTESIAN_POINT('',(3.137520451705E+04,-622.0613722341,-5.2E+03)
  );
#6505 = DIRECTION('',(9.858922567219E-12,1.,-0.));
#6506 = DIRECTION('',(1.,-9.858922567219E-12,0.));
#6507 = ADVANCED_FACE('',(#6508),#6533,.F.);
#6508 = FACE_BOUND('',#6509,.F.);
#6509 = EDGE_LOOP('',(#6510,#6511,#6519,#6527));
#6510 = ORIENTED_EDGE('',*,*,#6489,.T.);
#6511 = ORIENTED_EDGE('',*,*,#6512,.T.);
#6512 = EDGE_CURVE('',#6482,#6513,#6515,.T.);
#6513 = VERTEX_POINT('',#6514);
#6514 = CARTESIAN_POINT('',(3.177520451705E+04,177.93862776075,-4.4E+03)
  );
#6515 = LINE('',#6516,#6517);
#6516 = CARTESIAN_POINT('',(3.177520451705E+04,-622.061372238,-4.4E+03)
  );
#6517 = VECTOR('',#6518,1.);
#6518 = DIRECTION('',(9.858922567233E-12,1.,0.));
#6519 = ORIENTED_EDGE('',*,*,#6520,.F.);
#6520 = EDGE_CURVE('',#6521,#6513,#6523,.T.);
#6521 = VERTEX_POINT('',#6522);
#6522 = CARTESIAN_POINT('',(3.177520451705E+04,177.93862776075,-5.2E+03)
  );
#6523 = LINE('',#6524,#6525);
#6524 = CARTESIAN_POINT('',(3.177520451705E+04,177.93862776075,-5.2E+03)
  );
#6525 = VECTOR('',#6526,1.);
#6526 = DIRECTION('',(0.,0.,1.));
#6527 = ORIENTED_EDGE('',*,*,#6528,.F.);
#6528 = EDGE_CURVE('',#6490,#6521,#6529,.T.);
#6529 = LINE('',#6530,#6531);
#6530 = CARTESIAN_POINT('',(3.177520451705E+04,-622.061372238,-5.2E+03)
  );
#6531 = VECTOR('',#6532,1.);
#6532 = DIRECTION('',(9.858922567233E-12,1.,0.));
#6533 = PLANE('',#6534);
#6534 = AXIS2_PLACEMENT_3D('',#6535,#6536,#6537);
#6535 = CARTESIAN_POINT('',(3.177520451705E+04,-622.061372238,-5.2E+03)
  );
#6536 = DIRECTION('',(-1.,9.858922567233E-12,0.));
#6537 = DIRECTION('',(9.858922567233E-12,1.,0.));
#6538 = ADVANCED_FACE('',(#6539),#6564,.F.);
#6539 = FACE_BOUND('',#6540,.F.);
#6540 = EDGE_LOOP('',(#6541,#6542,#6550,#6558));
#6541 = ORIENTED_EDGE('',*,*,#6520,.T.);
#6542 = ORIENTED_EDGE('',*,*,#6543,.T.);
#6543 = EDGE_CURVE('',#6513,#6544,#6546,.T.);
#6544 = VERTEX_POINT('',#6545);
#6545 = CARTESIAN_POINT('',(3.137520451705E+04,177.93862776469,-4.4E+03)
  );
#6546 = LINE('',#6547,#6548);
#6547 = CARTESIAN_POINT('',(3.177520451705E+04,177.93862776075,-4.4E+03)
  );
#6548 = VECTOR('',#6549,1.);
#6549 = DIRECTION('',(-1.,9.858922567219E-12,0.));
#6550 = ORIENTED_EDGE('',*,*,#6551,.F.);
#6551 = EDGE_CURVE('',#6552,#6544,#6554,.T.);
#6552 = VERTEX_POINT('',#6553);
#6553 = CARTESIAN_POINT('',(3.137520451705E+04,177.93862776469,-5.2E+03)
  );
#6554 = LINE('',#6555,#6556);
#6555 = CARTESIAN_POINT('',(3.137520451705E+04,177.93862776469,-5.2E+03)
  );
#6556 = VECTOR('',#6557,1.);
#6557 = DIRECTION('',(0.,0.,1.));
#6558 = ORIENTED_EDGE('',*,*,#6559,.F.);
#6559 = EDGE_CURVE('',#6521,#6552,#6560,.T.);
#6560 = LINE('',#6561,#6562);
#6561 = CARTESIAN_POINT('',(3.177520451705E+04,177.93862776075,-5.2E+03)
  );
#6562 = VECTOR('',#6563,1.);
#6563 = DIRECTION('',(-1.,9.858922567219E-12,0.));
#6564 = PLANE('',#6565);
#6565 = AXIS2_PLACEMENT_3D('',#6566,#6567,#6568);
#6566 = CARTESIAN_POINT('',(3.177520451705E+04,177.93862776075,-5.2E+03)
  );
#6567 = DIRECTION('',(-9.858922567219E-12,-1.,0.));
#6568 = DIRECTION('',(-1.,9.858922567219E-12,0.));
#6569 = ADVANCED_FACE('',(#6570),#6586,.F.);
#6570 = FACE_BOUND('',#6571,.F.);
#6571 = EDGE_LOOP('',(#6572,#6573,#6579,#6580));
#6572 = ORIENTED_EDGE('',*,*,#6551,.T.);
#6573 = ORIENTED_EDGE('',*,*,#6574,.T.);
#6574 = EDGE_CURVE('',#6544,#6474,#6575,.T.);
#6575 = LINE('',#6576,#6577);
#6576 = CARTESIAN_POINT('',(3.137520451705E+04,177.93862776469,-4.4E+03)
  );
#6577 = VECTOR('',#6578,1.);
#6578 = DIRECTION('',(-9.858922567233E-12,-1.,0.));
#6579 = ORIENTED_EDGE('',*,*,#6471,.F.);
#6580 = ORIENTED_EDGE('',*,*,#6581,.F.);
#6581 = EDGE_CURVE('',#6552,#6472,#6582,.T.);
#6582 = LINE('',#6583,#6584);
#6583 = CARTESIAN_POINT('',(3.137520451705E+04,177.93862776469,-5.2E+03)
  );
#6584 = VECTOR('',#6585,1.);
#6585 = DIRECTION('',(-9.858922567233E-12,-1.,0.));
#6586 = PLANE('',#6587);
#6587 = AXIS2_PLACEMENT_3D('',#6588,#6589,#6590);
#6588 = CARTESIAN_POINT('',(3.137520451705E+04,177.93862776469,-5.2E+03)
  );
#6589 = DIRECTION('',(1.,-9.858922567233E-12,0.));
#6590 = DIRECTION('',(-9.858922567233E-12,-1.,0.));
#6591 = ADVANCED_FACE('',(#6592),#6598,.F.);
#6592 = FACE_BOUND('',#6593,.F.);
#6593 = EDGE_LOOP('',(#6594,#6595,#6596,#6597));
#6594 = ORIENTED_EDGE('',*,*,#6497,.T.);
#6595 = ORIENTED_EDGE('',*,*,#6528,.T.);
#6596 = ORIENTED_EDGE('',*,*,#6559,.T.);
#6597 = ORIENTED_EDGE('',*,*,#6581,.T.);
#6598 = PLANE('',#6599);
#6599 = AXIS2_PLACEMENT_3D('',#6600,#6601,#6602);
#6600 = CARTESIAN_POINT('',(3.157520451705E+04,-222.0613722366,-5.2E+03)
  );
#6601 = DIRECTION('',(0.,0.,1.));
#6602 = DIRECTION('',(1.,0.,-0.));
#6603 = ADVANCED_FACE('',(#6604),#6610,.T.);
#6604 = FACE_BOUND('',#6605,.T.);
#6605 = EDGE_LOOP('',(#6606,#6607,#6608,#6609));
#6606 = ORIENTED_EDGE('',*,*,#6481,.T.);
#6607 = ORIENTED_EDGE('',*,*,#6512,.T.);
#6608 = ORIENTED_EDGE('',*,*,#6543,.T.);
#6609 = ORIENTED_EDGE('',*,*,#6574,.T.);
#6610 = PLANE('',#6611);
#6611 = AXIS2_PLACEMENT_3D('',#6612,#6613,#6614);
#6612 = CARTESIAN_POINT('',(3.157520451705E+04,-222.0613722366,-4.4E+03)
  );
#6613 = DIRECTION('',(0.,0.,1.));
#6614 = DIRECTION('',(1.,0.,-0.));
#6615 = MANIFOLD_SOLID_BREP('',#6616);
#6616 = CLOSED_SHELL('',(#6617,#6657,#6688,#6719,#6741,#6753));
#6617 = ADVANCED_FACE('',(#6618),#6652,.F.);
#6618 = FACE_BOUND('',#6619,.F.);
#6619 = EDGE_LOOP('',(#6620,#6630,#6638,#6646));
#6620 = ORIENTED_EDGE('',*,*,#6621,.T.);
#6621 = EDGE_CURVE('',#6622,#6624,#6626,.T.);
#6622 = VERTEX_POINT('',#6623);
#6623 = CARTESIAN_POINT('',(-1.218170021114E+04,-8.821361940221E+03,
    -4.4E+03));
#6624 = VERTEX_POINT('',#6625);
#6625 = CARTESIAN_POINT('',(-1.218170021114E+04,-8.821361940221E+03,0.)
  );
#6626 = LINE('',#6627,#6628);
#6627 = CARTESIAN_POINT('',(-1.218170021114E+04,-8.821361940221E+03,
    -4.4E+03));
#6628 = VECTOR('',#6629,1.);
#6629 = DIRECTION('',(0.,0.,1.));
#6630 = ORIENTED_EDGE('',*,*,#6631,.T.);
#6631 = EDGE_CURVE('',#6624,#6632,#6634,.T.);
#6632 = VERTEX_POINT('',#6633);
#6633 = CARTESIAN_POINT('',(-1.178170021114E+04,-8.821361940221E+03,0.)
  );
#6634 = LINE('',#6635,#6636);
#6635 = CARTESIAN_POINT('',(-1.218170021114E+04,-8.821361940221E+03,0.)
  );
#6636 = VECTOR('',#6637,1.);
#6637 = DIRECTION('',(1.,0.,0.));
#6638 = ORIENTED_EDGE('',*,*,#6639,.F.);
#6639 = EDGE_CURVE('',#6640,#6632,#6642,.T.);
#6640 = VERTEX_POINT('',#6641);
#6641 = CARTESIAN_POINT('',(-1.178170021114E+04,-8.821361940221E+03,
    -4.4E+03));
#6642 = LINE('',#6643,#6644);
#6643 = CARTESIAN_POINT('',(-1.178170021114E+04,-8.821361940221E+03,
    -4.4E+03));
#6644 = VECTOR('',#6645,1.);
#6645 = DIRECTION('',(0.,0.,1.));
#6646 = ORIENTED_EDGE('',*,*,#6647,.F.);
#6647 = EDGE_CURVE('',#6622,#6640,#6648,.T.);
#6648 = LINE('',#6649,#6650);
#6649 = CARTESIAN_POINT('',(-1.218170021114E+04,-8.821361940221E+03,
    -4.4E+03));
#6650 = VECTOR('',#6651,1.);
#6651 = DIRECTION('',(1.,0.,0.));
#6652 = PLANE('',#6653);
#6653 = AXIS2_PLACEMENT_3D('',#6654,#6655,#6656);
#6654 = CARTESIAN_POINT('',(-1.218170021114E+04,-8.821361940221E+03,
    -4.4E+03));
#6655 = DIRECTION('',(0.,1.,0.));
#6656 = DIRECTION('',(1.,0.,0.));
#6657 = ADVANCED_FACE('',(#6658),#6683,.F.);
#6658 = FACE_BOUND('',#6659,.F.);
#6659 = EDGE_LOOP('',(#6660,#6661,#6669,#6677));
#6660 = ORIENTED_EDGE('',*,*,#6639,.T.);
#6661 = ORIENTED_EDGE('',*,*,#6662,.T.);
#6662 = EDGE_CURVE('',#6632,#6663,#6665,.T.);
#6663 = VERTEX_POINT('',#6664);
#6664 = CARTESIAN_POINT('',(-1.178170021114E+04,-8.021361940221E+03,0.)
  );
#6665 = LINE('',#6666,#6667);
#6666 = CARTESIAN_POINT('',(-1.178170021114E+04,-8.821361940221E+03,0.)
  );
#6667 = VECTOR('',#6668,1.);
#6668 = DIRECTION('',(0.,1.,0.));
#6669 = ORIENTED_EDGE('',*,*,#6670,.F.);
#6670 = EDGE_CURVE('',#6671,#6663,#6673,.T.);
#6671 = VERTEX_POINT('',#6672);
#6672 = CARTESIAN_POINT('',(-1.178170021114E+04,-8.021361940221E+03,
    -4.4E+03));
#6673 = LINE('',#6674,#6675);
#6674 = CARTESIAN_POINT('',(-1.178170021114E+04,-8.021361940221E+03,
    -4.4E+03));
#6675 = VECTOR('',#6676,1.);
#6676 = DIRECTION('',(0.,0.,1.));
#6677 = ORIENTED_EDGE('',*,*,#6678,.F.);
#6678 = EDGE_CURVE('',#6640,#6671,#6679,.T.);
#6679 = LINE('',#6680,#6681);
#6680 = CARTESIAN_POINT('',(-1.178170021114E+04,-8.821361940221E+03,
    -4.4E+03));
#6681 = VECTOR('',#6682,1.);
#6682 = DIRECTION('',(0.,1.,0.));
#6683 = PLANE('',#6684);
#6684 = AXIS2_PLACEMENT_3D('',#6685,#6686,#6687);
#6685 = CARTESIAN_POINT('',(-1.178170021114E+04,-8.821361940221E+03,
    -4.4E+03));
#6686 = DIRECTION('',(-1.,0.,0.));
#6687 = DIRECTION('',(0.,1.,0.));
#6688 = ADVANCED_FACE('',(#6689),#6714,.F.);
#6689 = FACE_BOUND('',#6690,.F.);
#6690 = EDGE_LOOP('',(#6691,#6692,#6700,#6708));
#6691 = ORIENTED_EDGE('',*,*,#6670,.T.);
#6692 = ORIENTED_EDGE('',*,*,#6693,.T.);
#6693 = EDGE_CURVE('',#6663,#6694,#6696,.T.);
#6694 = VERTEX_POINT('',#6695);
#6695 = CARTESIAN_POINT('',(-1.218170021114E+04,-8.021361940221E+03,0.)
  );
#6696 = LINE('',#6697,#6698);
#6697 = CARTESIAN_POINT('',(-1.178170021114E+04,-8.021361940221E+03,0.)
  );
#6698 = VECTOR('',#6699,1.);
#6699 = DIRECTION('',(-1.,0.,0.));
#6700 = ORIENTED_EDGE('',*,*,#6701,.F.);
#6701 = EDGE_CURVE('',#6702,#6694,#6704,.T.);
#6702 = VERTEX_POINT('',#6703);
#6703 = CARTESIAN_POINT('',(-1.218170021114E+04,-8.021361940221E+03,
    -4.4E+03));
#6704 = LINE('',#6705,#6706);
#6705 = CARTESIAN_POINT('',(-1.218170021114E+04,-8.021361940221E+03,
    -4.4E+03));
#6706 = VECTOR('',#6707,1.);
#6707 = DIRECTION('',(0.,0.,1.));
#6708 = ORIENTED_EDGE('',*,*,#6709,.F.);
#6709 = EDGE_CURVE('',#6671,#6702,#6710,.T.);
#6710 = LINE('',#6711,#6712);
#6711 = CARTESIAN_POINT('',(-1.178170021114E+04,-8.021361940221E+03,
    -4.4E+03));
#6712 = VECTOR('',#6713,1.);
#6713 = DIRECTION('',(-1.,0.,0.));
#6714 = PLANE('',#6715);
#6715 = AXIS2_PLACEMENT_3D('',#6716,#6717,#6718);
#6716 = CARTESIAN_POINT('',(-1.178170021114E+04,-8.021361940221E+03,
    -4.4E+03));
#6717 = DIRECTION('',(0.,-1.,0.));
#6718 = DIRECTION('',(-1.,0.,0.));
#6719 = ADVANCED_FACE('',(#6720),#6736,.F.);
#6720 = FACE_BOUND('',#6721,.F.);
#6721 = EDGE_LOOP('',(#6722,#6723,#6729,#6730));
#6722 = ORIENTED_EDGE('',*,*,#6701,.T.);
#6723 = ORIENTED_EDGE('',*,*,#6724,.T.);
#6724 = EDGE_CURVE('',#6694,#6624,#6725,.T.);
#6725 = LINE('',#6726,#6727);
#6726 = CARTESIAN_POINT('',(-1.218170021114E+04,-8.021361940221E+03,0.)
  );
#6727 = VECTOR('',#6728,1.);
#6728 = DIRECTION('',(0.,-1.,0.));
#6729 = ORIENTED_EDGE('',*,*,#6621,.F.);
#6730 = ORIENTED_EDGE('',*,*,#6731,.F.);
#6731 = EDGE_CURVE('',#6702,#6622,#6732,.T.);
#6732 = LINE('',#6733,#6734);
#6733 = CARTESIAN_POINT('',(-1.218170021114E+04,-8.021361940221E+03,
    -4.4E+03));
#6734 = VECTOR('',#6735,1.);
#6735 = DIRECTION('',(0.,-1.,0.));
#6736 = PLANE('',#6737);
#6737 = AXIS2_PLACEMENT_3D('',#6738,#6739,#6740);
#6738 = CARTESIAN_POINT('',(-1.218170021114E+04,-8.021361940221E+03,
    -4.4E+03));
#6739 = DIRECTION('',(1.,0.,-0.));
#6740 = DIRECTION('',(0.,-1.,0.));
#6741 = ADVANCED_FACE('',(#6742),#6748,.F.);
#6742 = FACE_BOUND('',#6743,.F.);
#6743 = EDGE_LOOP('',(#6744,#6745,#6746,#6747));
#6744 = ORIENTED_EDGE('',*,*,#6647,.T.);
#6745 = ORIENTED_EDGE('',*,*,#6678,.T.);
#6746 = ORIENTED_EDGE('',*,*,#6709,.T.);
#6747 = ORIENTED_EDGE('',*,*,#6731,.T.);
#6748 = PLANE('',#6749);
#6749 = AXIS2_PLACEMENT_3D('',#6750,#6751,#6752);
#6750 = CARTESIAN_POINT('',(-1.198170021114E+04,-8.421361940221E+03,
    -4.4E+03));
#6751 = DIRECTION('',(0.,0.,1.));
#6752 = DIRECTION('',(1.,0.,-0.));
#6753 = ADVANCED_FACE('',(#6754),#6760,.T.);
#6754 = FACE_BOUND('',#6755,.T.);
#6755 = EDGE_LOOP('',(#6756,#6757,#6758,#6759));
#6756 = ORIENTED_EDGE('',*,*,#6631,.T.);
#6757 = ORIENTED_EDGE('',*,*,#6662,.T.);
#6758 = ORIENTED_EDGE('',*,*,#6693,.T.);
#6759 = ORIENTED_EDGE('',*,*,#6724,.T.);
#6760 = PLANE('',#6761);
#6761 = AXIS2_PLACEMENT_3D('',#6762,#6763,#6764);
#6762 = CARTESIAN_POINT('',(-1.198170021114E+04,-8.421361940221E+03,0.)
  );
#6763 = DIRECTION('',(0.,0.,1.));
#6764 = DIRECTION('',(1.,0.,-0.));
#6765 = MANIFOLD_SOLID_BREP('',#6766);
#6766 = CLOSED_SHELL('',(#6767,#6807,#6838,#6869,#6891,#6903));
#6767 = ADVANCED_FACE('',(#6768),#6802,.F.);
#6768 = FACE_BOUND('',#6769,.F.);
#6769 = EDGE_LOOP('',(#6770,#6780,#6788,#6796));
#6770 = ORIENTED_EDGE('',*,*,#6771,.T.);
#6771 = EDGE_CURVE('',#6772,#6774,#6776,.T.);
#6772 = VERTEX_POINT('',#6773);
#6773 = CARTESIAN_POINT('',(-3.908169381347E+04,-8.82356305347E+03,
    -4.4E+03));
#6774 = VERTEX_POINT('',#6775);
#6775 = CARTESIAN_POINT('',(-3.908169381347E+04,-8.82356305347E+03,0.));
#6776 = LINE('',#6777,#6778);
#6777 = CARTESIAN_POINT('',(-3.908169381347E+04,-8.82356305347E+03,
    -4.4E+03));
#6778 = VECTOR('',#6779,1.);
#6779 = DIRECTION('',(0.,0.,1.));
#6780 = ORIENTED_EDGE('',*,*,#6781,.T.);
#6781 = EDGE_CURVE('',#6774,#6782,#6784,.T.);
#6782 = VERTEX_POINT('',#6783);
#6783 = CARTESIAN_POINT('',(-3.868169381347E+04,-8.82356305347E+03,0.));
#6784 = LINE('',#6785,#6786);
#6785 = CARTESIAN_POINT('',(-3.908169381347E+04,-8.82356305347E+03,0.));
#6786 = VECTOR('',#6787,1.);
#6787 = DIRECTION('',(1.,0.,0.));
#6788 = ORIENTED_EDGE('',*,*,#6789,.F.);
#6789 = EDGE_CURVE('',#6790,#6782,#6792,.T.);
#6790 = VERTEX_POINT('',#6791);
#6791 = CARTESIAN_POINT('',(-3.868169381347E+04,-8.82356305347E+03,
    -4.4E+03));
#6792 = LINE('',#6793,#6794);
#6793 = CARTESIAN_POINT('',(-3.868169381347E+04,-8.82356305347E+03,
    -4.4E+03));
#6794 = VECTOR('',#6795,1.);
#6795 = DIRECTION('',(0.,0.,1.));
#6796 = ORIENTED_EDGE('',*,*,#6797,.F.);
#6797 = EDGE_CURVE('',#6772,#6790,#6798,.T.);
#6798 = LINE('',#6799,#6800);
#6799 = CARTESIAN_POINT('',(-3.908169381347E+04,-8.82356305347E+03,
    -4.4E+03));
#6800 = VECTOR('',#6801,1.);
#6801 = DIRECTION('',(1.,0.,0.));
#6802 = PLANE('',#6803);
#6803 = AXIS2_PLACEMENT_3D('',#6804,#6805,#6806);
#6804 = CARTESIAN_POINT('',(-3.908169381347E+04,-8.82356305347E+03,
    -4.4E+03));
#6805 = DIRECTION('',(0.,1.,0.));
#6806 = DIRECTION('',(1.,0.,0.));
#6807 = ADVANCED_FACE('',(#6808),#6833,.F.);
#6808 = FACE_BOUND('',#6809,.F.);
#6809 = EDGE_LOOP('',(#6810,#6811,#6819,#6827));
#6810 = ORIENTED_EDGE('',*,*,#6789,.T.);
#6811 = ORIENTED_EDGE('',*,*,#6812,.T.);
#6812 = EDGE_CURVE('',#6782,#6813,#6815,.T.);
#6813 = VERTEX_POINT('',#6814);
#6814 = CARTESIAN_POINT('',(-3.868169381347E+04,-8.02356305347E+03,0.));
#6815 = LINE('',#6816,#6817);
#6816 = CARTESIAN_POINT('',(-3.868169381347E+04,-8.82356305347E+03,0.));
#6817 = VECTOR('',#6818,1.);
#6818 = DIRECTION('',(0.,1.,0.));
#6819 = ORIENTED_EDGE('',*,*,#6820,.F.);
#6820 = EDGE_CURVE('',#6821,#6813,#6823,.T.);
#6821 = VERTEX_POINT('',#6822);
#6822 = CARTESIAN_POINT('',(-3.868169381347E+04,-8.02356305347E+03,
    -4.4E+03));
#6823 = LINE('',#6824,#6825);
#6824 = CARTESIAN_POINT('',(-3.868169381347E+04,-8.02356305347E+03,
    -4.4E+03));
#6825 = VECTOR('',#6826,1.);
#6826 = DIRECTION('',(0.,0.,1.));
#6827 = ORIENTED_EDGE('',*,*,#6828,.F.);
#6828 = EDGE_CURVE('',#6790,#6821,#6829,.T.);
#6829 = LINE('',#6830,#6831);
#6830 = CARTESIAN_POINT('',(-3.868169381347E+04,-8.82356305347E+03,
    -4.4E+03));
#6831 = VECTOR('',#6832,1.);
#6832 = DIRECTION('',(0.,1.,0.));
#6833 = PLANE('',#6834);
#6834 = AXIS2_PLACEMENT_3D('',#6835,#6836,#6837);
#6835 = CARTESIAN_POINT('',(-3.868169381347E+04,-8.82356305347E+03,
    -4.4E+03));
#6836 = DIRECTION('',(-1.,0.,0.));
#6837 = DIRECTION('',(0.,1.,0.));
#6838 = ADVANCED_FACE('',(#6839),#6864,.F.);
#6839 = FACE_BOUND('',#6840,.F.);
#6840 = EDGE_LOOP('',(#6841,#6842,#6850,#6858));
#6841 = ORIENTED_EDGE('',*,*,#6820,.T.);
#6842 = ORIENTED_EDGE('',*,*,#6843,.T.);
#6843 = EDGE_CURVE('',#6813,#6844,#6846,.T.);
#6844 = VERTEX_POINT('',#6845);
#6845 = CARTESIAN_POINT('',(-3.908169381347E+04,-8.02356305347E+03,0.));
#6846 = LINE('',#6847,#6848);
#6847 = CARTESIAN_POINT('',(-3.868169381347E+04,-8.02356305347E+03,0.));
#6848 = VECTOR('',#6849,1.);
#6849 = DIRECTION('',(-1.,0.,0.));
#6850 = ORIENTED_EDGE('',*,*,#6851,.F.);
#6851 = EDGE_CURVE('',#6852,#6844,#6854,.T.);
#6852 = VERTEX_POINT('',#6853);
#6853 = CARTESIAN_POINT('',(-3.908169381347E+04,-8.02356305347E+03,
    -4.4E+03));
#6854 = LINE('',#6855,#6856);
#6855 = CARTESIAN_POINT('',(-3.908169381347E+04,-8.02356305347E+03,
    -4.4E+03));
#6856 = VECTOR('',#6857,1.);
#6857 = DIRECTION('',(0.,0.,1.));
#6858 = ORIENTED_EDGE('',*,*,#6859,.F.);
#6859 = EDGE_CURVE('',#6821,#6852,#6860,.T.);
#6860 = LINE('',#6861,#6862);
#6861 = CARTESIAN_POINT('',(-3.868169381347E+04,-8.02356305347E+03,
    -4.4E+03));
#6862 = VECTOR('',#6863,1.);
#6863 = DIRECTION('',(-1.,0.,0.));
#6864 = PLANE('',#6865);
#6865 = AXIS2_PLACEMENT_3D('',#6866,#6867,#6868);
#6866 = CARTESIAN_POINT('',(-3.868169381347E+04,-8.02356305347E+03,
    -4.4E+03));
#6867 = DIRECTION('',(0.,-1.,0.));
#6868 = DIRECTION('',(-1.,0.,0.));
#6869 = ADVANCED_FACE('',(#6870),#6886,.F.);
#6870 = FACE_BOUND('',#6871,.F.);
#6871 = EDGE_LOOP('',(#6872,#6873,#6879,#6880));
#6872 = ORIENTED_EDGE('',*,*,#6851,.T.);
#6873 = ORIENTED_EDGE('',*,*,#6874,.T.);
#6874 = EDGE_CURVE('',#6844,#6774,#6875,.T.);
#6875 = LINE('',#6876,#6877);
#6876 = CARTESIAN_POINT('',(-3.908169381347E+04,-8.02356305347E+03,0.));
#6877 = VECTOR('',#6878,1.);
#6878 = DIRECTION('',(0.,-1.,0.));
#6879 = ORIENTED_EDGE('',*,*,#6771,.F.);
#6880 = ORIENTED_EDGE('',*,*,#6881,.F.);
#6881 = EDGE_CURVE('',#6852,#6772,#6882,.T.);
#6882 = LINE('',#6883,#6884);
#6883 = CARTESIAN_POINT('',(-3.908169381347E+04,-8.02356305347E+03,
    -4.4E+03));
#6884 = VECTOR('',#6885,1.);
#6885 = DIRECTION('',(0.,-1.,0.));
#6886 = PLANE('',#6887);
#6887 = AXIS2_PLACEMENT_3D('',#6888,#6889,#6890);
#6888 = CARTESIAN_POINT('',(-3.908169381347E+04,-8.02356305347E+03,
    -4.4E+03));
#6889 = DIRECTION('',(1.,0.,-0.));
#6890 = DIRECTION('',(0.,-1.,0.));
#6891 = ADVANCED_FACE('',(#6892),#6898,.F.);
#6892 = FACE_BOUND('',#6893,.F.);
#6893 = EDGE_LOOP('',(#6894,#6895,#6896,#6897));
#6894 = ORIENTED_EDGE('',*,*,#6797,.T.);
#6895 = ORIENTED_EDGE('',*,*,#6828,.T.);
#6896 = ORIENTED_EDGE('',*,*,#6859,.T.);
#6897 = ORIENTED_EDGE('',*,*,#6881,.T.);
#6898 = PLANE('',#6899);
#6899 = AXIS2_PLACEMENT_3D('',#6900,#6901,#6902);
#6900 = CARTESIAN_POINT('',(-3.888169381347E+04,-8.42356305347E+03,
    -4.4E+03));
#6901 = DIRECTION('',(0.,0.,1.));
#6902 = DIRECTION('',(1.,0.,-0.));
#6903 = ADVANCED_FACE('',(#6904),#6910,.T.);
#6904 = FACE_BOUND('',#6905,.T.);
#6905 = EDGE_LOOP('',(#6906,#6907,#6908,#6909));
#6906 = ORIENTED_EDGE('',*,*,#6781,.T.);
#6907 = ORIENTED_EDGE('',*,*,#6812,.T.);
#6908 = ORIENTED_EDGE('',*,*,#6843,.T.);
#6909 = ORIENTED_EDGE('',*,*,#6874,.T.);
#6910 = PLANE('',#6911);
#6911 = AXIS2_PLACEMENT_3D('',#6912,#6913,#6914);
#6912 = CARTESIAN_POINT('',(-3.888169381347E+04,-8.42356305347E+03,0.));
#6913 = DIRECTION('',(0.,0.,1.));
#6914 = DIRECTION('',(1.,0.,-0.));
#6915 = MANIFOLD_SOLID_BREP('',#6916);
#6916 = CLOSED_SHELL('',(#6917,#6957,#6988,#7019,#7041,#7053));
#6917 = ADVANCED_FACE('',(#6918),#6952,.F.);
#6918 = FACE_BOUND('',#6919,.F.);
#6919 = EDGE_LOOP('',(#6920,#6930,#6938,#6946));
#6920 = ORIENTED_EDGE('',*,*,#6921,.T.);
#6921 = EDGE_CURVE('',#6922,#6924,#6926,.T.);
#6922 = VERTEX_POINT('',#6923);
#6923 = CARTESIAN_POINT('',(-5.638285201807E+04,-8.961366928557E+03,
    -800.));
#6924 = VERTEX_POINT('',#6925);
#6925 = CARTESIAN_POINT('',(-5.638285201807E+04,-8.961366928557E+03,0.)
  );
#6926 = LINE('',#6927,#6928);
#6927 = CARTESIAN_POINT('',(-5.638285201807E+04,-8.961366928557E+03,
    -800.));
#6928 = VECTOR('',#6929,1.);
#6929 = DIRECTION('',(0.,0.,1.));
#6930 = ORIENTED_EDGE('',*,*,#6931,.T.);
#6931 = EDGE_CURVE('',#6924,#6932,#6934,.T.);
#6932 = VERTEX_POINT('',#6933);
#6933 = CARTESIAN_POINT('',(-5.638285201807E+04,-9.361366928615E+03,0.)
  );
#6934 = LINE('',#6935,#6936);
#6935 = CARTESIAN_POINT('',(-5.638285201807E+04,-8.961366928557E+03,0.)
  );
#6936 = VECTOR('',#6937,1.);
#6937 = DIRECTION('',(0.,-1.,0.));
#6938 = ORIENTED_EDGE('',*,*,#6939,.F.);
#6939 = EDGE_CURVE('',#6940,#6932,#6942,.T.);
#6940 = VERTEX_POINT('',#6941);
#6941 = CARTESIAN_POINT('',(-5.638285201807E+04,-9.361366928615E+03,
    -800.));
#6942 = LINE('',#6943,#6944);
#6943 = CARTESIAN_POINT('',(-5.638285201807E+04,-9.361366928615E+03,
    -800.));
#6944 = VECTOR('',#6945,1.);
#6945 = DIRECTION('',(0.,0.,1.));
#6946 = ORIENTED_EDGE('',*,*,#6947,.F.);
#6947 = EDGE_CURVE('',#6922,#6940,#6948,.T.);
#6948 = LINE('',#6949,#6950);
#6949 = CARTESIAN_POINT('',(-5.638285201807E+04,-8.961366928557E+03,
    -800.));
#6950 = VECTOR('',#6951,1.);
#6951 = DIRECTION('',(0.,-1.,0.));
#6952 = PLANE('',#6953);
#6953 = AXIS2_PLACEMENT_3D('',#6954,#6955,#6956);
#6954 = CARTESIAN_POINT('',(-5.638285201807E+04,-8.961366928557E+03,
    -800.));
#6955 = DIRECTION('',(1.,0.,-0.));
#6956 = DIRECTION('',(0.,-1.,0.));
#6957 = ADVANCED_FACE('',(#6958),#6983,.F.);
#6958 = FACE_BOUND('',#6959,.F.);
#6959 = EDGE_LOOP('',(#6960,#6961,#6969,#6977));
#6960 = ORIENTED_EDGE('',*,*,#6939,.T.);
#6961 = ORIENTED_EDGE('',*,*,#6962,.T.);
#6962 = EDGE_CURVE('',#6932,#6963,#6965,.T.);
#6963 = VERTEX_POINT('',#6964);
#6964 = CARTESIAN_POINT('',(-5.488170021115E+04,-9.361366928615E+03,0.)
  );
#6965 = LINE('',#6966,#6967);
#6966 = CARTESIAN_POINT('',(-5.638285201807E+04,-9.361366928615E+03,0.)
  );
#6967 = VECTOR('',#6968,1.);
#6968 = DIRECTION('',(1.,0.,0.));
#6969 = ORIENTED_EDGE('',*,*,#6970,.F.);
#6970 = EDGE_CURVE('',#6971,#6963,#6973,.T.);
#6971 = VERTEX_POINT('',#6972);
#6972 = CARTESIAN_POINT('',(-5.488170021115E+04,-9.361366928615E+03,
    -800.));
#6973 = LINE('',#6974,#6975);
#6974 = CARTESIAN_POINT('',(-5.488170021115E+04,-9.361366928615E+03,
    -800.));
#6975 = VECTOR('',#6976,1.);
#6976 = DIRECTION('',(0.,0.,1.));
#6977 = ORIENTED_EDGE('',*,*,#6978,.F.);
#6978 = EDGE_CURVE('',#6940,#6971,#6979,.T.);
#6979 = LINE('',#6980,#6981);
#6980 = CARTESIAN_POINT('',(-5.638285201807E+04,-9.361366928615E+03,
    -800.));
#6981 = VECTOR('',#6982,1.);
#6982 = DIRECTION('',(1.,0.,0.));
#6983 = PLANE('',#6984);
#6984 = AXIS2_PLACEMENT_3D('',#6985,#6986,#6987);
#6985 = CARTESIAN_POINT('',(-5.638285201807E+04,-9.361366928615E+03,
    -800.));
#6986 = DIRECTION('',(0.,1.,0.));
#6987 = DIRECTION('',(1.,0.,0.));
#6988 = ADVANCED_FACE('',(#6989),#7014,.F.);
#6989 = FACE_BOUND('',#6990,.F.);
#6990 = EDGE_LOOP('',(#6991,#6992,#7000,#7008));
#6991 = ORIENTED_EDGE('',*,*,#6970,.T.);
#6992 = ORIENTED_EDGE('',*,*,#6993,.T.);
#6993 = EDGE_CURVE('',#6963,#6994,#6996,.T.);
#6994 = VERTEX_POINT('',#6995);
#6995 = CARTESIAN_POINT('',(-5.488170021115E+04,-8.961366928557E+03,0.)
  );
#6996 = LINE('',#6997,#6998);
#6997 = CARTESIAN_POINT('',(-5.488170021115E+04,-9.361366928615E+03,0.)
  );
#6998 = VECTOR('',#6999,1.);
#6999 = DIRECTION('',(0.,1.,0.));
#7000 = ORIENTED_EDGE('',*,*,#7001,.F.);
#7001 = EDGE_CURVE('',#7002,#6994,#7004,.T.);
#7002 = VERTEX_POINT('',#7003);
#7003 = CARTESIAN_POINT('',(-5.488170021115E+04,-8.961366928557E+03,
    -800.));
#7004 = LINE('',#7005,#7006);
#7005 = CARTESIAN_POINT('',(-5.488170021115E+04,-8.961366928557E+03,
    -800.));
#7006 = VECTOR('',#7007,1.);
#7007 = DIRECTION('',(0.,0.,1.));
#7008 = ORIENTED_EDGE('',*,*,#7009,.F.);
#7009 = EDGE_CURVE('',#6971,#7002,#7010,.T.);
#7010 = LINE('',#7011,#7012);
#7011 = CARTESIAN_POINT('',(-5.488170021115E+04,-9.361366928615E+03,
    -800.));
#7012 = VECTOR('',#7013,1.);
#7013 = DIRECTION('',(0.,1.,0.));
#7014 = PLANE('',#7015);
#7015 = AXIS2_PLACEMENT_3D('',#7016,#7017,#7018);
#7016 = CARTESIAN_POINT('',(-5.488170021115E+04,-9.361366928615E+03,
    -800.));
#7017 = DIRECTION('',(-1.,0.,0.));
#7018 = DIRECTION('',(0.,1.,0.));
#7019 = ADVANCED_FACE('',(#7020),#7036,.F.);
#7020 = FACE_BOUND('',#7021,.F.);
#7021 = EDGE_LOOP('',(#7022,#7023,#7029,#7030));
#7022 = ORIENTED_EDGE('',*,*,#7001,.T.);
#7023 = ORIENTED_EDGE('',*,*,#7024,.T.);
#7024 = EDGE_CURVE('',#6994,#6924,#7025,.T.);
#7025 = LINE('',#7026,#7027);
#7026 = CARTESIAN_POINT('',(-5.488170021115E+04,-8.961366928557E+03,0.)
  );
#7027 = VECTOR('',#7028,1.);
#7028 = DIRECTION('',(-1.,0.,0.));
#7029 = ORIENTED_EDGE('',*,*,#6921,.F.);
#7030 = ORIENTED_EDGE('',*,*,#7031,.F.);
#7031 = EDGE_CURVE('',#7002,#6922,#7032,.T.);
#7032 = LINE('',#7033,#7034);
#7033 = CARTESIAN_POINT('',(-5.488170021115E+04,-8.961366928557E+03,
    -800.));
#7034 = VECTOR('',#7035,1.);
#7035 = DIRECTION('',(-1.,0.,0.));
#7036 = PLANE('',#7037);
#7037 = AXIS2_PLACEMENT_3D('',#7038,#7039,#7040);
#7038 = CARTESIAN_POINT('',(-5.488170021115E+04,-8.961366928557E+03,
    -800.));
#7039 = DIRECTION('',(0.,-1.,0.));
#7040 = DIRECTION('',(-1.,0.,0.));
#7041 = ADVANCED_FACE('',(#7042),#7048,.F.);
#7042 = FACE_BOUND('',#7043,.F.);
#7043 = EDGE_LOOP('',(#7044,#7045,#7046,#7047));
#7044 = ORIENTED_EDGE('',*,*,#6947,.T.);
#7045 = ORIENTED_EDGE('',*,*,#6978,.T.);
#7046 = ORIENTED_EDGE('',*,*,#7009,.T.);
#7047 = ORIENTED_EDGE('',*,*,#7031,.T.);
#7048 = PLANE('',#7049);
#7049 = AXIS2_PLACEMENT_3D('',#7050,#7051,#7052);
#7050 = CARTESIAN_POINT('',(-5.563227611461E+04,-9.161366928586E+03,
    -800.));
#7051 = DIRECTION('',(0.,0.,1.));
#7052 = DIRECTION('',(1.,0.,-0.));
#7053 = ADVANCED_FACE('',(#7054),#7060,.T.);
#7054 = FACE_BOUND('',#7055,.T.);
#7055 = EDGE_LOOP('',(#7056,#7057,#7058,#7059));
#7056 = ORIENTED_EDGE('',*,*,#6931,.T.);
#7057 = ORIENTED_EDGE('',*,*,#6962,.T.);
#7058 = ORIENTED_EDGE('',*,*,#6993,.T.);
#7059 = ORIENTED_EDGE('',*,*,#7024,.T.);
#7060 = PLANE('',#7061);
#7061 = AXIS2_PLACEMENT_3D('',#7062,#7063,#7064);
#7062 = CARTESIAN_POINT('',(-5.563227611461E+04,-9.161366928586E+03,0.)
  );
#7063 = DIRECTION('',(0.,0.,1.));
#7064 = DIRECTION('',(1.,0.,-0.));
#7065 = MANIFOLD_SOLID_BREP('',#7066);
#7066 = CLOSED_SHELL('',(#7067,#7107,#7138,#7169,#7191,#7203));
#7067 = ADVANCED_FACE('',(#7068),#7102,.F.);
#7068 = FACE_BOUND('',#7069,.F.);
#7069 = EDGE_LOOP('',(#7070,#7080,#7088,#7096));
#7070 = ORIENTED_EDGE('',*,*,#7071,.T.);
#7071 = EDGE_CURVE('',#7072,#7074,#7076,.T.);
#7072 = VERTEX_POINT('',#7073);
#7073 = CARTESIAN_POINT('',(-6.05817001826E+04,-1.422275909199E+04,
    4.4E+03));
#7074 = VERTEX_POINT('',#7075);
#7075 = CARTESIAN_POINT('',(-6.05817001826E+04,-1.422275909199E+04,
    8.8E+03));
#7076 = LINE('',#7077,#7078);
#7077 = CARTESIAN_POINT('',(-6.05817001826E+04,-1.422275909199E+04,
    4.4E+03));
#7078 = VECTOR('',#7079,1.);
#7079 = DIRECTION('',(0.,0.,1.));
#7080 = ORIENTED_EDGE('',*,*,#7081,.T.);
#7081 = EDGE_CURVE('',#7074,#7082,#7084,.T.);
#7082 = VERTEX_POINT('',#7083);
#7083 = CARTESIAN_POINT('',(-6.01817001826E+04,-1.422275909199E+04,
    8.8E+03));
#7084 = LINE('',#7085,#7086);
#7085 = CARTESIAN_POINT('',(-6.05817001826E+04,-1.422275909199E+04,
    8.8E+03));
#7086 = VECTOR('',#7087,1.);
#7087 = DIRECTION('',(1.,0.,0.));
#7088 = ORIENTED_EDGE('',*,*,#7089,.F.);
#7089 = EDGE_CURVE('',#7090,#7082,#7092,.T.);
#7090 = VERTEX_POINT('',#7091);
#7091 = CARTESIAN_POINT('',(-6.01817001826E+04,-1.422275909199E+04,
    4.4E+03));
#7092 = LINE('',#7093,#7094);
#7093 = CARTESIAN_POINT('',(-6.01817001826E+04,-1.422275909199E+04,
    4.4E+03));
#7094 = VECTOR('',#7095,1.);
#7095 = DIRECTION('',(0.,0.,1.));
#7096 = ORIENTED_EDGE('',*,*,#7097,.F.);
#7097 = EDGE_CURVE('',#7072,#7090,#7098,.T.);
#7098 = LINE('',#7099,#7100);
#7099 = CARTESIAN_POINT('',(-6.05817001826E+04,-1.422275909199E+04,
    4.4E+03));
#7100 = VECTOR('',#7101,1.);
#7101 = DIRECTION('',(1.,0.,0.));
#7102 = PLANE('',#7103);
#7103 = AXIS2_PLACEMENT_3D('',#7104,#7105,#7106);
#7104 = CARTESIAN_POINT('',(-6.05817001826E+04,-1.422275909199E+04,
    4.4E+03));
#7105 = DIRECTION('',(0.,1.,0.));
#7106 = DIRECTION('',(1.,0.,0.));
#7107 = ADVANCED_FACE('',(#7108),#7133,.F.);
#7108 = FACE_BOUND('',#7109,.F.);
#7109 = EDGE_LOOP('',(#7110,#7111,#7119,#7127));
#7110 = ORIENTED_EDGE('',*,*,#7089,.T.);
#7111 = ORIENTED_EDGE('',*,*,#7112,.T.);
#7112 = EDGE_CURVE('',#7082,#7113,#7115,.T.);
#7113 = VERTEX_POINT('',#7114);
#7114 = CARTESIAN_POINT('',(-6.01817001826E+04,-1.342275909199E+04,
    8.8E+03));
#7115 = LINE('',#7116,#7117);
#7116 = CARTESIAN_POINT('',(-6.01817001826E+04,-1.422275909199E+04,
    8.8E+03));
#7117 = VECTOR('',#7118,1.);
#7118 = DIRECTION('',(0.,1.,0.));
#7119 = ORIENTED_EDGE('',*,*,#7120,.F.);
#7120 = EDGE_CURVE('',#7121,#7113,#7123,.T.);
#7121 = VERTEX_POINT('',#7122);
#7122 = CARTESIAN_POINT('',(-6.01817001826E+04,-1.342275909199E+04,
    4.4E+03));
#7123 = LINE('',#7124,#7125);
#7124 = CARTESIAN_POINT('',(-6.01817001826E+04,-1.342275909199E+04,
    4.4E+03));
#7125 = VECTOR('',#7126,1.);
#7126 = DIRECTION('',(0.,0.,1.));
#7127 = ORIENTED_EDGE('',*,*,#7128,.F.);
#7128 = EDGE_CURVE('',#7090,#7121,#7129,.T.);
#7129 = LINE('',#7130,#7131);
#7130 = CARTESIAN_POINT('',(-6.01817001826E+04,-1.422275909199E+04,
    4.4E+03));
#7131 = VECTOR('',#7132,1.);
#7132 = DIRECTION('',(0.,1.,0.));
#7133 = PLANE('',#7134);
#7134 = AXIS2_PLACEMENT_3D('',#7135,#7136,#7137);
#7135 = CARTESIAN_POINT('',(-6.01817001826E+04,-1.422275909199E+04,
    4.4E+03));
#7136 = DIRECTION('',(-1.,0.,0.));
#7137 = DIRECTION('',(0.,1.,0.));
#7138 = ADVANCED_FACE('',(#7139),#7164,.F.);
#7139 = FACE_BOUND('',#7140,.F.);
#7140 = EDGE_LOOP('',(#7141,#7142,#7150,#7158));
#7141 = ORIENTED_EDGE('',*,*,#7120,.T.);
#7142 = ORIENTED_EDGE('',*,*,#7143,.T.);
#7143 = EDGE_CURVE('',#7113,#7144,#7146,.T.);
#7144 = VERTEX_POINT('',#7145);
#7145 = CARTESIAN_POINT('',(-6.05817001826E+04,-1.342275909199E+04,
    8.8E+03));
#7146 = LINE('',#7147,#7148);
#7147 = CARTESIAN_POINT('',(-6.01817001826E+04,-1.342275909199E+04,
    8.8E+03));
#7148 = VECTOR('',#7149,1.);
#7149 = DIRECTION('',(-1.,0.,0.));
#7150 = ORIENTED_EDGE('',*,*,#7151,.F.);
#7151 = EDGE_CURVE('',#7152,#7144,#7154,.T.);
#7152 = VERTEX_POINT('',#7153);
#7153 = CARTESIAN_POINT('',(-6.05817001826E+04,-1.342275909199E+04,
    4.4E+03));
#7154 = LINE('',#7155,#7156);
#7155 = CARTESIAN_POINT('',(-6.05817001826E+04,-1.342275909199E+04,
    4.4E+03));
#7156 = VECTOR('',#7157,1.);
#7157 = DIRECTION('',(0.,0.,1.));
#7158 = ORIENTED_EDGE('',*,*,#7159,.F.);
#7159 = EDGE_CURVE('',#7121,#7152,#7160,.T.);
#7160 = LINE('',#7161,#7162);
#7161 = CARTESIAN_POINT('',(-6.01817001826E+04,-1.342275909199E+04,
    4.4E+03));
#7162 = VECTOR('',#7163,1.);
#7163 = DIRECTION('',(-1.,0.,0.));
#7164 = PLANE('',#7165);
#7165 = AXIS2_PLACEMENT_3D('',#7166,#7167,#7168);
#7166 = CARTESIAN_POINT('',(-6.01817001826E+04,-1.342275909199E+04,
    4.4E+03));
#7167 = DIRECTION('',(0.,-1.,0.));
#7168 = DIRECTION('',(-1.,0.,0.));
#7169 = ADVANCED_FACE('',(#7170),#7186,.F.);
#7170 = FACE_BOUND('',#7171,.F.);
#7171 = EDGE_LOOP('',(#7172,#7173,#7179,#7180));
#7172 = ORIENTED_EDGE('',*,*,#7151,.T.);
#7173 = ORIENTED_EDGE('',*,*,#7174,.T.);
#7174 = EDGE_CURVE('',#7144,#7074,#7175,.T.);
#7175 = LINE('',#7176,#7177);
#7176 = CARTESIAN_POINT('',(-6.05817001826E+04,-1.342275909199E+04,
    8.8E+03));
#7177 = VECTOR('',#7178,1.);
#7178 = DIRECTION('',(0.,-1.,0.));
#7179 = ORIENTED_EDGE('',*,*,#7071,.F.);
#7180 = ORIENTED_EDGE('',*,*,#7181,.F.);
#7181 = EDGE_CURVE('',#7152,#7072,#7182,.T.);
#7182 = LINE('',#7183,#7184);
#7183 = CARTESIAN_POINT('',(-6.05817001826E+04,-1.342275909199E+04,
    4.4E+03));
#7184 = VECTOR('',#7185,1.);
#7185 = DIRECTION('',(0.,-1.,0.));
#7186 = PLANE('',#7187);
#7187 = AXIS2_PLACEMENT_3D('',#7188,#7189,#7190);
#7188 = CARTESIAN_POINT('',(-6.05817001826E+04,-1.342275909199E+04,
    4.4E+03));
#7189 = DIRECTION('',(1.,0.,-0.));
#7190 = DIRECTION('',(0.,-1.,0.));
#7191 = ADVANCED_FACE('',(#7192),#7198,.F.);
#7192 = FACE_BOUND('',#7193,.F.);
#7193 = EDGE_LOOP('',(#7194,#7195,#7196,#7197));
#7194 = ORIENTED_EDGE('',*,*,#7097,.T.);
#7195 = ORIENTED_EDGE('',*,*,#7128,.T.);
#7196 = ORIENTED_EDGE('',*,*,#7159,.T.);
#7197 = ORIENTED_EDGE('',*,*,#7181,.T.);
#7198 = PLANE('',#7199);
#7199 = AXIS2_PLACEMENT_3D('',#7200,#7201,#7202);
#7200 = CARTESIAN_POINT('',(-6.03817001826E+04,-1.382275909199E+04,
    4.4E+03));
#7201 = DIRECTION('',(0.,0.,1.));
#7202 = DIRECTION('',(1.,0.,-0.));
#7203 = ADVANCED_FACE('',(#7204),#7210,.T.);
#7204 = FACE_BOUND('',#7205,.T.);
#7205 = EDGE_LOOP('',(#7206,#7207,#7208,#7209));
#7206 = ORIENTED_EDGE('',*,*,#7081,.T.);
#7207 = ORIENTED_EDGE('',*,*,#7112,.T.);
#7208 = ORIENTED_EDGE('',*,*,#7143,.T.);
#7209 = ORIENTED_EDGE('',*,*,#7174,.T.);
#7210 = PLANE('',#7211);
#7211 = AXIS2_PLACEMENT_3D('',#7212,#7213,#7214);
#7212 = CARTESIAN_POINT('',(-6.03817001826E+04,-1.382275909199E+04,
    8.8E+03));
#7213 = DIRECTION('',(0.,0.,1.));
#7214 = DIRECTION('',(1.,0.,-0.));
#7215 = MANIFOLD_SOLID_BREP('',#7216);
#7216 = CLOSED_SHELL('',(#7217,#7257,#7288,#7319,#7341,#7353));
#7217 = ADVANCED_FACE('',(#7218),#7252,.F.);
#7218 = FACE_BOUND('',#7219,.F.);
#7219 = EDGE_LOOP('',(#7220,#7230,#7238,#7246));
#7220 = ORIENTED_EDGE('',*,*,#7221,.T.);
#7221 = EDGE_CURVE('',#7222,#7224,#7226,.T.);
#7222 = VERTEX_POINT('',#7223);
#7223 = CARTESIAN_POINT('',(-6.658170018274E+04,1.267724090797E+04,
    4.4E+03));
#7224 = VERTEX_POINT('',#7225);
#7225 = CARTESIAN_POINT('',(-6.658170018274E+04,1.267724090797E+04,
    8.8E+03));
#7226 = LINE('',#7227,#7228);
#7227 = CARTESIAN_POINT('',(-6.658170018274E+04,1.267724090797E+04,
    4.4E+03));
#7228 = VECTOR('',#7229,1.);
#7229 = DIRECTION('',(0.,0.,1.));
#7230 = ORIENTED_EDGE('',*,*,#7231,.T.);
#7231 = EDGE_CURVE('',#7224,#7232,#7234,.T.);
#7232 = VERTEX_POINT('',#7233);
#7233 = CARTESIAN_POINT('',(-6.618170018274E+04,1.267724090797E+04,
    8.8E+03));
#7234 = LINE('',#7235,#7236);
#7235 = CARTESIAN_POINT('',(-6.658170018274E+04,1.267724090797E+04,
    8.8E+03));
#7236 = VECTOR('',#7237,1.);
#7237 = DIRECTION('',(1.,0.,0.));
#7238 = ORIENTED_EDGE('',*,*,#7239,.F.);
#7239 = EDGE_CURVE('',#7240,#7232,#7242,.T.);
#7240 = VERTEX_POINT('',#7241);
#7241 = CARTESIAN_POINT('',(-6.618170018274E+04,1.267724090797E+04,
    4.4E+03));
#7242 = LINE('',#7243,#7244);
#7243 = CARTESIAN_POINT('',(-6.618170018274E+04,1.267724090797E+04,
    4.4E+03));
#7244 = VECTOR('',#7245,1.);
#7245 = DIRECTION('',(0.,0.,1.));
#7246 = ORIENTED_EDGE('',*,*,#7247,.F.);
#7247 = EDGE_CURVE('',#7222,#7240,#7248,.T.);
#7248 = LINE('',#7249,#7250);
#7249 = CARTESIAN_POINT('',(-6.658170018274E+04,1.267724090797E+04,
    4.4E+03));
#7250 = VECTOR('',#7251,1.);
#7251 = DIRECTION('',(1.,0.,0.));
#7252 = PLANE('',#7253);
#7253 = AXIS2_PLACEMENT_3D('',#7254,#7255,#7256);
#7254 = CARTESIAN_POINT('',(-6.658170018274E+04,1.267724090797E+04,
    4.4E+03));
#7255 = DIRECTION('',(0.,1.,0.));
#7256 = DIRECTION('',(1.,0.,0.));
#7257 = ADVANCED_FACE('',(#7258),#7283,.F.);
#7258 = FACE_BOUND('',#7259,.F.);
#7259 = EDGE_LOOP('',(#7260,#7261,#7269,#7277));
#7260 = ORIENTED_EDGE('',*,*,#7239,.T.);
#7261 = ORIENTED_EDGE('',*,*,#7262,.T.);
#7262 = EDGE_CURVE('',#7232,#7263,#7265,.T.);
#7263 = VERTEX_POINT('',#7264);
#7264 = CARTESIAN_POINT('',(-6.618170018274E+04,1.347724090797E+04,
    8.8E+03));
#7265 = LINE('',#7266,#7267);
#7266 = CARTESIAN_POINT('',(-6.618170018274E+04,1.267724090797E+04,
    8.8E+03));
#7267 = VECTOR('',#7268,1.);
#7268 = DIRECTION('',(0.,1.,0.));
#7269 = ORIENTED_EDGE('',*,*,#7270,.F.);
#7270 = EDGE_CURVE('',#7271,#7263,#7273,.T.);
#7271 = VERTEX_POINT('',#7272);
#7272 = CARTESIAN_POINT('',(-6.618170018274E+04,1.347724090797E+04,
    4.4E+03));
#7273 = LINE('',#7274,#7275);
#7274 = CARTESIAN_POINT('',(-6.618170018274E+04,1.347724090797E+04,
    4.4E+03));
#7275 = VECTOR('',#7276,1.);
#7276 = DIRECTION('',(0.,0.,1.));
#7277 = ORIENTED_EDGE('',*,*,#7278,.F.);
#7278 = EDGE_CURVE('',#7240,#7271,#7279,.T.);
#7279 = LINE('',#7280,#7281);
#7280 = CARTESIAN_POINT('',(-6.618170018274E+04,1.267724090797E+04,
    4.4E+03));
#7281 = VECTOR('',#7282,1.);
#7282 = DIRECTION('',(0.,1.,0.));
#7283 = PLANE('',#7284);
#7284 = AXIS2_PLACEMENT_3D('',#7285,#7286,#7287);
#7285 = CARTESIAN_POINT('',(-6.618170018274E+04,1.267724090797E+04,
    4.4E+03));
#7286 = DIRECTION('',(-1.,0.,0.));
#7287 = DIRECTION('',(0.,1.,0.));
#7288 = ADVANCED_FACE('',(#7289),#7314,.F.);
#7289 = FACE_BOUND('',#7290,.F.);
#7290 = EDGE_LOOP('',(#7291,#7292,#7300,#7308));
#7291 = ORIENTED_EDGE('',*,*,#7270,.T.);
#7292 = ORIENTED_EDGE('',*,*,#7293,.T.);
#7293 = EDGE_CURVE('',#7263,#7294,#7296,.T.);
#7294 = VERTEX_POINT('',#7295);
#7295 = CARTESIAN_POINT('',(-6.658170018274E+04,1.347724090797E+04,
    8.8E+03));
#7296 = LINE('',#7297,#7298);
#7297 = CARTESIAN_POINT('',(-6.618170018274E+04,1.347724090797E+04,
    8.8E+03));
#7298 = VECTOR('',#7299,1.);
#7299 = DIRECTION('',(-1.,0.,0.));
#7300 = ORIENTED_EDGE('',*,*,#7301,.F.);
#7301 = EDGE_CURVE('',#7302,#7294,#7304,.T.);
#7302 = VERTEX_POINT('',#7303);
#7303 = CARTESIAN_POINT('',(-6.658170018274E+04,1.347724090797E+04,
    4.4E+03));
#7304 = LINE('',#7305,#7306);
#7305 = CARTESIAN_POINT('',(-6.658170018274E+04,1.347724090797E+04,
    4.4E+03));
#7306 = VECTOR('',#7307,1.);
#7307 = DIRECTION('',(0.,0.,1.));
#7308 = ORIENTED_EDGE('',*,*,#7309,.F.);
#7309 = EDGE_CURVE('',#7271,#7302,#7310,.T.);
#7310 = LINE('',#7311,#7312);
#7311 = CARTESIAN_POINT('',(-6.618170018274E+04,1.347724090797E+04,
    4.4E+03));
#7312 = VECTOR('',#7313,1.);
#7313 = DIRECTION('',(-1.,0.,0.));
#7314 = PLANE('',#7315);
#7315 = AXIS2_PLACEMENT_3D('',#7316,#7317,#7318);
#7316 = CARTESIAN_POINT('',(-6.618170018274E+04,1.347724090797E+04,
    4.4E+03));
#7317 = DIRECTION('',(0.,-1.,0.));
#7318 = DIRECTION('',(-1.,0.,0.));
#7319 = ADVANCED_FACE('',(#7320),#7336,.F.);
#7320 = FACE_BOUND('',#7321,.F.);
#7321 = EDGE_LOOP('',(#7322,#7323,#7329,#7330));
#7322 = ORIENTED_EDGE('',*,*,#7301,.T.);
#7323 = ORIENTED_EDGE('',*,*,#7324,.T.);
#7324 = EDGE_CURVE('',#7294,#7224,#7325,.T.);
#7325 = LINE('',#7326,#7327);
#7326 = CARTESIAN_POINT('',(-6.658170018274E+04,1.347724090797E+04,
    8.8E+03));
#7327 = VECTOR('',#7328,1.);
#7328 = DIRECTION('',(0.,-1.,0.));
#7329 = ORIENTED_EDGE('',*,*,#7221,.F.);
#7330 = ORIENTED_EDGE('',*,*,#7331,.F.);
#7331 = EDGE_CURVE('',#7302,#7222,#7332,.T.);
#7332 = LINE('',#7333,#7334);
#7333 = CARTESIAN_POINT('',(-6.658170018274E+04,1.347724090797E+04,
    4.4E+03));
#7334 = VECTOR('',#7335,1.);
#7335 = DIRECTION('',(0.,-1.,0.));
#7336 = PLANE('',#7337);
#7337 = AXIS2_PLACEMENT_3D('',#7338,#7339,#7340);
#7338 = CARTESIAN_POINT('',(-6.658170018274E+04,1.347724090797E+04,
    4.4E+03));
#7339 = DIRECTION('',(1.,0.,-0.));
#7340 = DIRECTION('',(0.,-1.,0.));
#7341 = ADVANCED_FACE('',(#7342),#7348,.F.);
#7342 = FACE_BOUND('',#7343,.F.);
#7343 = EDGE_LOOP('',(#7344,#7345,#7346,#7347));
#7344 = ORIENTED_EDGE('',*,*,#7247,.T.);
#7345 = ORIENTED_EDGE('',*,*,#7278,.T.);
#7346 = ORIENTED_EDGE('',*,*,#7309,.T.);
#7347 = ORIENTED_EDGE('',*,*,#7331,.T.);
#7348 = PLANE('',#7349);
#7349 = AXIS2_PLACEMENT_3D('',#7350,#7351,#7352);
#7350 = CARTESIAN_POINT('',(-6.638170018274E+04,1.307724090797E+04,
    4.4E+03));
#7351 = DIRECTION('',(0.,0.,1.));
#7352 = DIRECTION('',(1.,0.,-0.));
#7353 = ADVANCED_FACE('',(#7354),#7360,.T.);
#7354 = FACE_BOUND('',#7355,.T.);
#7355 = EDGE_LOOP('',(#7356,#7357,#7358,#7359));
#7356 = ORIENTED_EDGE('',*,*,#7231,.T.);
#7357 = ORIENTED_EDGE('',*,*,#7262,.T.);
#7358 = ORIENTED_EDGE('',*,*,#7293,.T.);
#7359 = ORIENTED_EDGE('',*,*,#7324,.T.);
#7360 = PLANE('',#7361);
#7361 = AXIS2_PLACEMENT_3D('',#7362,#7363,#7364);
#7362 = CARTESIAN_POINT('',(-6.638170018274E+04,1.307724090797E+04,
    8.8E+03));
#7363 = DIRECTION('',(0.,0.,1.));
#7364 = DIRECTION('',(1.,0.,-0.));
#7365 = MANIFOLD_SOLID_BREP('',#7366);
#7366 = CLOSED_SHELL('',(#7367,#7407,#7438,#7469,#7491,#7503));
#7367 = ADVANCED_FACE('',(#7368),#7402,.F.);
#7368 = FACE_BOUND('',#7369,.F.);
#7369 = EDGE_LOOP('',(#7370,#7380,#7388,#7396));
#7370 = ORIENTED_EDGE('',*,*,#7371,.T.);
#7371 = EDGE_CURVE('',#7372,#7374,#7376,.T.);
#7372 = VERTEX_POINT('',#7373);
#7373 = CARTESIAN_POINT('',(-3.90817001826E+04,-624.9602056574,4.4E+03)
  );
#7374 = VERTEX_POINT('',#7375);
#7375 = CARTESIAN_POINT('',(-3.90817001826E+04,-624.9602056574,8.8E+03)
  );
#7376 = LINE('',#7377,#7378);
#7377 = CARTESIAN_POINT('',(-3.90817001826E+04,-624.9602056574,4.4E+03)
  );
#7378 = VECTOR('',#7379,1.);
#7379 = DIRECTION('',(0.,0.,1.));
#7380 = ORIENTED_EDGE('',*,*,#7381,.T.);
#7381 = EDGE_CURVE('',#7374,#7382,#7384,.T.);
#7382 = VERTEX_POINT('',#7383);
#7383 = CARTESIAN_POINT('',(-3.86817001826E+04,-624.9602056574,8.8E+03)
  );
#7384 = LINE('',#7385,#7386);
#7385 = CARTESIAN_POINT('',(-3.90817001826E+04,-624.9602056574,8.8E+03)
  );
#7386 = VECTOR('',#7387,1.);
#7387 = DIRECTION('',(1.,0.,0.));
#7388 = ORIENTED_EDGE('',*,*,#7389,.F.);
#7389 = EDGE_CURVE('',#7390,#7382,#7392,.T.);
#7390 = VERTEX_POINT('',#7391);
#7391 = CARTESIAN_POINT('',(-3.86817001826E+04,-624.9602056574,4.4E+03)
  );
#7392 = LINE('',#7393,#7394);
#7393 = CARTESIAN_POINT('',(-3.86817001826E+04,-624.9602056574,4.4E+03)
  );
#7394 = VECTOR('',#7395,1.);
#7395 = DIRECTION('',(0.,0.,1.));
#7396 = ORIENTED_EDGE('',*,*,#7397,.F.);
#7397 = EDGE_CURVE('',#7372,#7390,#7398,.T.);
#7398 = LINE('',#7399,#7400);
#7399 = CARTESIAN_POINT('',(-3.90817001826E+04,-624.9602056574,4.4E+03)
  );
#7400 = VECTOR('',#7401,1.);
#7401 = DIRECTION('',(1.,0.,0.));
#7402 = PLANE('',#7403);
#7403 = AXIS2_PLACEMENT_3D('',#7404,#7405,#7406);
#7404 = CARTESIAN_POINT('',(-3.90817001826E+04,-624.9602056574,4.4E+03)
  );
#7405 = DIRECTION('',(0.,1.,0.));
#7406 = DIRECTION('',(1.,0.,0.));
#7407 = ADVANCED_FACE('',(#7408),#7433,.F.);
#7408 = FACE_BOUND('',#7409,.F.);
#7409 = EDGE_LOOP('',(#7410,#7411,#7419,#7427));
#7410 = ORIENTED_EDGE('',*,*,#7389,.T.);
#7411 = ORIENTED_EDGE('',*,*,#7412,.T.);
#7412 = EDGE_CURVE('',#7382,#7413,#7415,.T.);
#7413 = VERTEX_POINT('',#7414);
#7414 = CARTESIAN_POINT('',(-3.86817001826E+04,175.03979434259,8.8E+03)
  );
#7415 = LINE('',#7416,#7417);
#7416 = CARTESIAN_POINT('',(-3.86817001826E+04,-624.9602056574,8.8E+03)
  );
#7417 = VECTOR('',#7418,1.);
#7418 = DIRECTION('',(0.,1.,0.));
#7419 = ORIENTED_EDGE('',*,*,#7420,.F.);
#7420 = EDGE_CURVE('',#7421,#7413,#7423,.T.);
#7421 = VERTEX_POINT('',#7422);
#7422 = CARTESIAN_POINT('',(-3.86817001826E+04,175.03979434259,4.4E+03)
  );
#7423 = LINE('',#7424,#7425);
#7424 = CARTESIAN_POINT('',(-3.86817001826E+04,175.03979434259,4.4E+03)
  );
#7425 = VECTOR('',#7426,1.);
#7426 = DIRECTION('',(0.,0.,1.));
#7427 = ORIENTED_EDGE('',*,*,#7428,.F.);
#7428 = EDGE_CURVE('',#7390,#7421,#7429,.T.);
#7429 = LINE('',#7430,#7431);
#7430 = CARTESIAN_POINT('',(-3.86817001826E+04,-624.9602056574,4.4E+03)
  );
#7431 = VECTOR('',#7432,1.);
#7432 = DIRECTION('',(0.,1.,0.));
#7433 = PLANE('',#7434);
#7434 = AXIS2_PLACEMENT_3D('',#7435,#7436,#7437);
#7435 = CARTESIAN_POINT('',(-3.86817001826E+04,-624.9602056574,4.4E+03)
  );
#7436 = DIRECTION('',(-1.,0.,0.));
#7437 = DIRECTION('',(0.,1.,0.));
#7438 = ADVANCED_FACE('',(#7439),#7464,.F.);
#7439 = FACE_BOUND('',#7440,.F.);
#7440 = EDGE_LOOP('',(#7441,#7442,#7450,#7458));
#7441 = ORIENTED_EDGE('',*,*,#7420,.T.);
#7442 = ORIENTED_EDGE('',*,*,#7443,.T.);
#7443 = EDGE_CURVE('',#7413,#7444,#7446,.T.);
#7444 = VERTEX_POINT('',#7445);
#7445 = CARTESIAN_POINT('',(-3.90817001826E+04,175.03979434259,8.8E+03)
  );
#7446 = LINE('',#7447,#7448);
#7447 = CARTESIAN_POINT('',(-3.86817001826E+04,175.03979434259,8.8E+03)
  );
#7448 = VECTOR('',#7449,1.);
#7449 = DIRECTION('',(-1.,0.,0.));
#7450 = ORIENTED_EDGE('',*,*,#7451,.F.);
#7451 = EDGE_CURVE('',#7452,#7444,#7454,.T.);
#7452 = VERTEX_POINT('',#7453);
#7453 = CARTESIAN_POINT('',(-3.90817001826E+04,175.03979434259,4.4E+03)
  );
#7454 = LINE('',#7455,#7456);
#7455 = CARTESIAN_POINT('',(-3.90817001826E+04,175.03979434259,4.4E+03)
  );
#7456 = VECTOR('',#7457,1.);
#7457 = DIRECTION('',(0.,0.,1.));
#7458 = ORIENTED_EDGE('',*,*,#7459,.F.);
#7459 = EDGE_CURVE('',#7421,#7452,#7460,.T.);
#7460 = LINE('',#7461,#7462);
#7461 = CARTESIAN_POINT('',(-3.86817001826E+04,175.03979434259,4.4E+03)
  );
#7462 = VECTOR('',#7463,1.);
#7463 = DIRECTION('',(-1.,0.,0.));
#7464 = PLANE('',#7465);
#7465 = AXIS2_PLACEMENT_3D('',#7466,#7467,#7468);
#7466 = CARTESIAN_POINT('',(-3.86817001826E+04,175.03979434259,4.4E+03)
  );
#7467 = DIRECTION('',(0.,-1.,0.));
#7468 = DIRECTION('',(-1.,0.,0.));
#7469 = ADVANCED_FACE('',(#7470),#7486,.F.);
#7470 = FACE_BOUND('',#7471,.F.);
#7471 = EDGE_LOOP('',(#7472,#7473,#7479,#7480));
#7472 = ORIENTED_EDGE('',*,*,#7451,.T.);
#7473 = ORIENTED_EDGE('',*,*,#7474,.T.);
#7474 = EDGE_CURVE('',#7444,#7374,#7475,.T.);
#7475 = LINE('',#7476,#7477);
#7476 = CARTESIAN_POINT('',(-3.90817001826E+04,175.03979434259,8.8E+03)
  );
#7477 = VECTOR('',#7478,1.);
#7478 = DIRECTION('',(0.,-1.,0.));
#7479 = ORIENTED_EDGE('',*,*,#7371,.F.);
#7480 = ORIENTED_EDGE('',*,*,#7481,.F.);
#7481 = EDGE_CURVE('',#7452,#7372,#7482,.T.);
#7482 = LINE('',#7483,#7484);
#7483 = CARTESIAN_POINT('',(-3.90817001826E+04,175.03979434259,4.4E+03)
  );
#7484 = VECTOR('',#7485,1.);
#7485 = DIRECTION('',(0.,-1.,0.));
#7486 = PLANE('',#7487);
#7487 = AXIS2_PLACEMENT_3D('',#7488,#7489,#7490);
#7488 = CARTESIAN_POINT('',(-3.90817001826E+04,175.03979434259,4.4E+03)
  );
#7489 = DIRECTION('',(1.,0.,-0.));
#7490 = DIRECTION('',(0.,-1.,0.));
#7491 = ADVANCED_FACE('',(#7492),#7498,.F.);
#7492 = FACE_BOUND('',#7493,.F.);
#7493 = EDGE_LOOP('',(#7494,#7495,#7496,#7497));
#7494 = ORIENTED_EDGE('',*,*,#7397,.T.);
#7495 = ORIENTED_EDGE('',*,*,#7428,.T.);
#7496 = ORIENTED_EDGE('',*,*,#7459,.T.);
#7497 = ORIENTED_EDGE('',*,*,#7481,.T.);
#7498 = PLANE('',#7499);
#7499 = AXIS2_PLACEMENT_3D('',#7500,#7501,#7502);
#7500 = CARTESIAN_POINT('',(-3.88817001826E+04,-224.9602056574,4.4E+03)
  );
#7501 = DIRECTION('',(0.,0.,1.));
#7502 = DIRECTION('',(1.,0.,-0.));
#7503 = ADVANCED_FACE('',(#7504),#7510,.T.);
#7504 = FACE_BOUND('',#7505,.T.);
#7505 = EDGE_LOOP('',(#7506,#7507,#7508,#7509));
#7506 = ORIENTED_EDGE('',*,*,#7381,.T.);
#7507 = ORIENTED_EDGE('',*,*,#7412,.T.);
#7508 = ORIENTED_EDGE('',*,*,#7443,.T.);
#7509 = ORIENTED_EDGE('',*,*,#7474,.T.);
#7510 = PLANE('',#7511);
#7511 = AXIS2_PLACEMENT_3D('',#7512,#7513,#7514);
#7512 = CARTESIAN_POINT('',(-3.88817001826E+04,-224.9602056574,8.8E+03)
  );
#7513 = DIRECTION('',(0.,0.,1.));
#7514 = DIRECTION('',(1.,0.,-0.));
#7515 = MANIFOLD_SOLID_BREP('',#7516);
#7516 = CLOSED_SHELL('',(#7517,#7557,#7588,#7619,#7641,#7653));
#7517 = ADVANCED_FACE('',(#7518),#7552,.F.);
#7518 = FACE_BOUND('',#7519,.F.);
#7519 = EDGE_LOOP('',(#7520,#7530,#7538,#7546));
#7520 = ORIENTED_EDGE('',*,*,#7521,.T.);
#7521 = EDGE_CURVE('',#7522,#7524,#7526,.T.);
#7522 = VERTEX_POINT('',#7523);
#7523 = CARTESIAN_POINT('',(-3.908170018259E+04,4.375039794293E+03,
    4.4E+03));
#7524 = VERTEX_POINT('',#7525);
#7525 = CARTESIAN_POINT('',(-3.908170018259E+04,4.375039794293E+03,
    8.8E+03));
#7526 = LINE('',#7527,#7528);
#7527 = CARTESIAN_POINT('',(-3.908170018259E+04,4.375039794293E+03,
    4.4E+03));
#7528 = VECTOR('',#7529,1.);
#7529 = DIRECTION('',(0.,0.,1.));
#7530 = ORIENTED_EDGE('',*,*,#7531,.T.);
#7531 = EDGE_CURVE('',#7524,#7532,#7534,.T.);
#7532 = VERTEX_POINT('',#7533);
#7533 = CARTESIAN_POINT('',(-3.868170018259E+04,4.375039794293E+03,
    8.8E+03));
#7534 = LINE('',#7535,#7536);
#7535 = CARTESIAN_POINT('',(-3.908170018259E+04,4.375039794293E+03,
    8.8E+03));
#7536 = VECTOR('',#7537,1.);
#7537 = DIRECTION('',(1.,0.,0.));
#7538 = ORIENTED_EDGE('',*,*,#7539,.F.);
#7539 = EDGE_CURVE('',#7540,#7532,#7542,.T.);
#7540 = VERTEX_POINT('',#7541);
#7541 = CARTESIAN_POINT('',(-3.868170018259E+04,4.375039794293E+03,
    4.4E+03));
#7542 = LINE('',#7543,#7544);
#7543 = CARTESIAN_POINT('',(-3.868170018259E+04,4.375039794293E+03,
    4.4E+03));
#7544 = VECTOR('',#7545,1.);
#7545 = DIRECTION('',(0.,0.,1.));
#7546 = ORIENTED_EDGE('',*,*,#7547,.F.);
#7547 = EDGE_CURVE('',#7522,#7540,#7548,.T.);
#7548 = LINE('',#7549,#7550);
#7549 = CARTESIAN_POINT('',(-3.908170018259E+04,4.375039794293E+03,
    4.4E+03));
#7550 = VECTOR('',#7551,1.);
#7551 = DIRECTION('',(1.,0.,0.));
#7552 = PLANE('',#7553);
#7553 = AXIS2_PLACEMENT_3D('',#7554,#7555,#7556);
#7554 = CARTESIAN_POINT('',(-3.908170018259E+04,4.375039794293E+03,
    4.4E+03));
#7555 = DIRECTION('',(0.,1.,0.));
#7556 = DIRECTION('',(1.,0.,0.));
#7557 = ADVANCED_FACE('',(#7558),#7583,.F.);
#7558 = FACE_BOUND('',#7559,.F.);
#7559 = EDGE_LOOP('',(#7560,#7561,#7569,#7577));
#7560 = ORIENTED_EDGE('',*,*,#7539,.T.);
#7561 = ORIENTED_EDGE('',*,*,#7562,.T.);
#7562 = EDGE_CURVE('',#7532,#7563,#7565,.T.);
#7563 = VERTEX_POINT('',#7564);
#7564 = CARTESIAN_POINT('',(-3.868170018259E+04,5.175039794293E+03,
    8.8E+03));
#7565 = LINE('',#7566,#7567);
#7566 = CARTESIAN_POINT('',(-3.868170018259E+04,4.375039794293E+03,
    8.8E+03));
#7567 = VECTOR('',#7568,1.);
#7568 = DIRECTION('',(0.,1.,0.));
#7569 = ORIENTED_EDGE('',*,*,#7570,.F.);
#7570 = EDGE_CURVE('',#7571,#7563,#7573,.T.);
#7571 = VERTEX_POINT('',#7572);
#7572 = CARTESIAN_POINT('',(-3.868170018259E+04,5.175039794293E+03,
    4.4E+03));
#7573 = LINE('',#7574,#7575);
#7574 = CARTESIAN_POINT('',(-3.868170018259E+04,5.175039794293E+03,
    4.4E+03));
#7575 = VECTOR('',#7576,1.);
#7576 = DIRECTION('',(0.,0.,1.));
#7577 = ORIENTED_EDGE('',*,*,#7578,.F.);
#7578 = EDGE_CURVE('',#7540,#7571,#7579,.T.);
#7579 = LINE('',#7580,#7581);
#7580 = CARTESIAN_POINT('',(-3.868170018259E+04,4.375039794293E+03,
    4.4E+03));
#7581 = VECTOR('',#7582,1.);
#7582 = DIRECTION('',(0.,1.,0.));
#7583 = PLANE('',#7584);
#7584 = AXIS2_PLACEMENT_3D('',#7585,#7586,#7587);
#7585 = CARTESIAN_POINT('',(-3.868170018259E+04,4.375039794293E+03,
    4.4E+03));
#7586 = DIRECTION('',(-1.,0.,0.));
#7587 = DIRECTION('',(0.,1.,0.));
#7588 = ADVANCED_FACE('',(#7589),#7614,.F.);
#7589 = FACE_BOUND('',#7590,.F.);
#7590 = EDGE_LOOP('',(#7591,#7592,#7600,#7608));
#7591 = ORIENTED_EDGE('',*,*,#7570,.T.);
#7592 = ORIENTED_EDGE('',*,*,#7593,.T.);
#7593 = EDGE_CURVE('',#7563,#7594,#7596,.T.);
#7594 = VERTEX_POINT('',#7595);
#7595 = CARTESIAN_POINT('',(-3.908170018259E+04,5.175039794293E+03,
    8.8E+03));
#7596 = LINE('',#7597,#7598);
#7597 = CARTESIAN_POINT('',(-3.868170018259E+04,5.175039794293E+03,
    8.8E+03));
#7598 = VECTOR('',#7599,1.);
#7599 = DIRECTION('',(-1.,0.,0.));
#7600 = ORIENTED_EDGE('',*,*,#7601,.F.);
#7601 = EDGE_CURVE('',#7602,#7594,#7604,.T.);
#7602 = VERTEX_POINT('',#7603);
#7603 = CARTESIAN_POINT('',(-3.908170018259E+04,5.175039794293E+03,
    4.4E+03));
#7604 = LINE('',#7605,#7606);
#7605 = CARTESIAN_POINT('',(-3.908170018259E+04,5.175039794293E+03,
    4.4E+03));
#7606 = VECTOR('',#7607,1.);
#7607 = DIRECTION('',(0.,0.,1.));
#7608 = ORIENTED_EDGE('',*,*,#7609,.F.);
#7609 = EDGE_CURVE('',#7571,#7602,#7610,.T.);
#7610 = LINE('',#7611,#7612);
#7611 = CARTESIAN_POINT('',(-3.868170018259E+04,5.175039794293E+03,
    4.4E+03));
#7612 = VECTOR('',#7613,1.);
#7613 = DIRECTION('',(-1.,0.,0.));
#7614 = PLANE('',#7615);
#7615 = AXIS2_PLACEMENT_3D('',#7616,#7617,#7618);
#7616 = CARTESIAN_POINT('',(-3.868170018259E+04,5.175039794293E+03,
    4.4E+03));
#7617 = DIRECTION('',(0.,-1.,0.));
#7618 = DIRECTION('',(-1.,0.,0.));
#7619 = ADVANCED_FACE('',(#7620),#7636,.F.);
#7620 = FACE_BOUND('',#7621,.F.);
#7621 = EDGE_LOOP('',(#7622,#7623,#7629,#7630));
#7622 = ORIENTED_EDGE('',*,*,#7601,.T.);
#7623 = ORIENTED_EDGE('',*,*,#7624,.T.);
#7624 = EDGE_CURVE('',#7594,#7524,#7625,.T.);
#7625 = LINE('',#7626,#7627);
#7626 = CARTESIAN_POINT('',(-3.908170018259E+04,5.175039794293E+03,
    8.8E+03));
#7627 = VECTOR('',#7628,1.);
#7628 = DIRECTION('',(0.,-1.,0.));
#7629 = ORIENTED_EDGE('',*,*,#7521,.F.);
#7630 = ORIENTED_EDGE('',*,*,#7631,.F.);
#7631 = EDGE_CURVE('',#7602,#7522,#7632,.T.);
#7632 = LINE('',#7633,#7634);
#7633 = CARTESIAN_POINT('',(-3.908170018259E+04,5.175039794293E+03,
    4.4E+03));
#7634 = VECTOR('',#7635,1.);
#7635 = DIRECTION('',(0.,-1.,0.));
#7636 = PLANE('',#7637);
#7637 = AXIS2_PLACEMENT_3D('',#7638,#7639,#7640);
#7638 = CARTESIAN_POINT('',(-3.908170018259E+04,5.175039794293E+03,
    4.4E+03));
#7639 = DIRECTION('',(1.,0.,-0.));
#7640 = DIRECTION('',(0.,-1.,0.));
#7641 = ADVANCED_FACE('',(#7642),#7648,.F.);
#7642 = FACE_BOUND('',#7643,.F.);
#7643 = EDGE_LOOP('',(#7644,#7645,#7646,#7647));
#7644 = ORIENTED_EDGE('',*,*,#7547,.T.);
#7645 = ORIENTED_EDGE('',*,*,#7578,.T.);
#7646 = ORIENTED_EDGE('',*,*,#7609,.T.);
#7647 = ORIENTED_EDGE('',*,*,#7631,.T.);
#7648 = PLANE('',#7649);
#7649 = AXIS2_PLACEMENT_3D('',#7650,#7651,#7652);
#7650 = CARTESIAN_POINT('',(-3.888170018259E+04,4.775039794293E+03,
    4.4E+03));
#7651 = DIRECTION('',(0.,0.,1.));
#7652 = DIRECTION('',(1.,0.,-0.));
#7653 = ADVANCED_FACE('',(#7654),#7660,.T.);
#7654 = FACE_BOUND('',#7655,.T.);
#7655 = EDGE_LOOP('',(#7656,#7657,#7658,#7659));
#7656 = ORIENTED_EDGE('',*,*,#7531,.T.);
#7657 = ORIENTED_EDGE('',*,*,#7562,.T.);
#7658 = ORIENTED_EDGE('',*,*,#7593,.T.);
#7659 = ORIENTED_EDGE('',*,*,#7624,.T.);
#7660 = PLANE('',#7661);
#7661 = AXIS2_PLACEMENT_3D('',#7662,#7663,#7664);
#7662 = CARTESIAN_POINT('',(-3.888170018259E+04,4.775039794293E+03,
    8.8E+03));
#7663 = DIRECTION('',(0.,0.,1.));
#7664 = DIRECTION('',(1.,0.,-0.));
#7665 = MANIFOLD_SOLID_BREP('',#7666);
#7666 = CLOSED_SHELL('',(#7667,#7707,#7738,#7769,#7791,#7803));
#7667 = ADVANCED_FACE('',(#7668),#7702,.F.);
#7668 = FACE_BOUND('',#7669,.F.);
#7669 = EDGE_LOOP('',(#7670,#7680,#7688,#7696));
#7670 = ORIENTED_EDGE('',*,*,#7671,.T.);
#7671 = EDGE_CURVE('',#7672,#7674,#7676,.T.);
#7672 = VERTEX_POINT('',#7673);
#7673 = CARTESIAN_POINT('',(-6.658170018259E+04,4.877240907934E+03,
    4.4E+03));
#7674 = VERTEX_POINT('',#7675);
#7675 = CARTESIAN_POINT('',(-6.658170018259E+04,4.877240907934E+03,
    8.8E+03));
#7676 = LINE('',#7677,#7678);
#7677 = CARTESIAN_POINT('',(-6.658170018259E+04,4.877240907934E+03,
    4.4E+03));
#7678 = VECTOR('',#7679,1.);
#7679 = DIRECTION('',(0.,0.,1.));
#7680 = ORIENTED_EDGE('',*,*,#7681,.T.);
#7681 = EDGE_CURVE('',#7674,#7682,#7684,.T.);
#7682 = VERTEX_POINT('',#7683);
#7683 = CARTESIAN_POINT('',(-6.578170018259E+04,4.877240907934E+03,
    8.8E+03));
#7684 = LINE('',#7685,#7686);
#7685 = CARTESIAN_POINT('',(-6.658170018259E+04,4.877240907934E+03,
    8.8E+03));
#7686 = VECTOR('',#7687,1.);
#7687 = DIRECTION('',(1.,0.,0.));
#7688 = ORIENTED_EDGE('',*,*,#7689,.F.);
#7689 = EDGE_CURVE('',#7690,#7682,#7692,.T.);
#7690 = VERTEX_POINT('',#7691);
#7691 = CARTESIAN_POINT('',(-6.578170018259E+04,4.877240907934E+03,
    4.4E+03));
#7692 = LINE('',#7693,#7694);
#7693 = CARTESIAN_POINT('',(-6.578170018259E+04,4.877240907934E+03,
    4.4E+03));
#7694 = VECTOR('',#7695,1.);
#7695 = DIRECTION('',(0.,0.,1.));
#7696 = ORIENTED_EDGE('',*,*,#7697,.F.);
#7697 = EDGE_CURVE('',#7672,#7690,#7698,.T.);
#7698 = LINE('',#7699,#7700);
#7699 = CARTESIAN_POINT('',(-6.658170018259E+04,4.877240907934E+03,
    4.4E+03));
#7700 = VECTOR('',#7701,1.);
#7701 = DIRECTION('',(1.,0.,0.));
#7702 = PLANE('',#7703);
#7703 = AXIS2_PLACEMENT_3D('',#7704,#7705,#7706);
#7704 = CARTESIAN_POINT('',(-6.658170018259E+04,4.877240907934E+03,
    4.4E+03));
#7705 = DIRECTION('',(0.,1.,0.));
#7706 = DIRECTION('',(1.,0.,0.));
#7707 = ADVANCED_FACE('',(#7708),#7733,.F.);
#7708 = FACE_BOUND('',#7709,.F.);
#7709 = EDGE_LOOP('',(#7710,#7711,#7719,#7727));
#7710 = ORIENTED_EDGE('',*,*,#7689,.T.);
#7711 = ORIENTED_EDGE('',*,*,#7712,.T.);
#7712 = EDGE_CURVE('',#7682,#7713,#7715,.T.);
#7713 = VERTEX_POINT('',#7714);
#7714 = CARTESIAN_POINT('',(-6.578170018259E+04,5.277240907934E+03,
    8.8E+03));
#7715 = LINE('',#7716,#7717);
#7716 = CARTESIAN_POINT('',(-6.578170018259E+04,4.877240907934E+03,
    8.8E+03));
#7717 = VECTOR('',#7718,1.);
#7718 = DIRECTION('',(0.,1.,0.));
#7719 = ORIENTED_EDGE('',*,*,#7720,.F.);
#7720 = EDGE_CURVE('',#7721,#7713,#7723,.T.);
#7721 = VERTEX_POINT('',#7722);
#7722 = CARTESIAN_POINT('',(-6.578170018259E+04,5.277240907934E+03,
    4.4E+03));
#7723 = LINE('',#7724,#7725);
#7724 = CARTESIAN_POINT('',(-6.578170018259E+04,5.277240907934E+03,
    4.4E+03));
#7725 = VECTOR('',#7726,1.);
#7726 = DIRECTION('',(0.,0.,1.));
#7727 = ORIENTED_EDGE('',*,*,#7728,.F.);
#7728 = EDGE_CURVE('',#7690,#7721,#7729,.T.);
#7729 = LINE('',#7730,#7731);
#7730 = CARTESIAN_POINT('',(-6.578170018259E+04,4.877240907934E+03,
    4.4E+03));
#7731 = VECTOR('',#7732,1.);
#7732 = DIRECTION('',(0.,1.,0.));
#7733 = PLANE('',#7734);
#7734 = AXIS2_PLACEMENT_3D('',#7735,#7736,#7737);
#7735 = CARTESIAN_POINT('',(-6.578170018259E+04,4.877240907934E+03,
    4.4E+03));
#7736 = DIRECTION('',(-1.,0.,0.));
#7737 = DIRECTION('',(0.,1.,0.));
#7738 = ADVANCED_FACE('',(#7739),#7764,.F.);
#7739 = FACE_BOUND('',#7740,.F.);
#7740 = EDGE_LOOP('',(#7741,#7742,#7750,#7758));
#7741 = ORIENTED_EDGE('',*,*,#7720,.T.);
#7742 = ORIENTED_EDGE('',*,*,#7743,.T.);
#7743 = EDGE_CURVE('',#7713,#7744,#7746,.T.);
#7744 = VERTEX_POINT('',#7745);
#7745 = CARTESIAN_POINT('',(-6.658170018259E+04,5.277240907934E+03,
    8.8E+03));
#7746 = LINE('',#7747,#7748);
#7747 = CARTESIAN_POINT('',(-6.578170018259E+04,5.277240907934E+03,
    8.8E+03));
#7748 = VECTOR('',#7749,1.);
#7749 = DIRECTION('',(-1.,0.,0.));
#7750 = ORIENTED_EDGE('',*,*,#7751,.F.);
#7751 = EDGE_CURVE('',#7752,#7744,#7754,.T.);
#7752 = VERTEX_POINT('',#7753);
#7753 = CARTESIAN_POINT('',(-6.658170018259E+04,5.277240907934E+03,
    4.4E+03));
#7754 = LINE('',#7755,#7756);
#7755 = CARTESIAN_POINT('',(-6.658170018259E+04,5.277240907934E+03,
    4.4E+03));
#7756 = VECTOR('',#7757,1.);
#7757 = DIRECTION('',(0.,0.,1.));
#7758 = ORIENTED_EDGE('',*,*,#7759,.F.);
#7759 = EDGE_CURVE('',#7721,#7752,#7760,.T.);
#7760 = LINE('',#7761,#7762);
#7761 = CARTESIAN_POINT('',(-6.578170018259E+04,5.277240907934E+03,
    4.4E+03));
#7762 = VECTOR('',#7763,1.);
#7763 = DIRECTION('',(-1.,0.,0.));
#7764 = PLANE('',#7765);
#7765 = AXIS2_PLACEMENT_3D('',#7766,#7767,#7768);
#7766 = CARTESIAN_POINT('',(-6.578170018259E+04,5.277240907934E+03,
    4.4E+03));
#7767 = DIRECTION('',(0.,-1.,0.));
#7768 = DIRECTION('',(-1.,0.,0.));
#7769 = ADVANCED_FACE('',(#7770),#7786,.F.);
#7770 = FACE_BOUND('',#7771,.F.);
#7771 = EDGE_LOOP('',(#7772,#7773,#7779,#7780));
#7772 = ORIENTED_EDGE('',*,*,#7751,.T.);
#7773 = ORIENTED_EDGE('',*,*,#7774,.T.);
#7774 = EDGE_CURVE('',#7744,#7674,#7775,.T.);
#7775 = LINE('',#7776,#7777);
#7776 = CARTESIAN_POINT('',(-6.658170018259E+04,5.277240907934E+03,
    8.8E+03));
#7777 = VECTOR('',#7778,1.);
#7778 = DIRECTION('',(0.,-1.,0.));
#7779 = ORIENTED_EDGE('',*,*,#7671,.F.);
#7780 = ORIENTED_EDGE('',*,*,#7781,.F.);
#7781 = EDGE_CURVE('',#7752,#7672,#7782,.T.);
#7782 = LINE('',#7783,#7784);
#7783 = CARTESIAN_POINT('',(-6.658170018259E+04,5.277240907934E+03,
    4.4E+03));
#7784 = VECTOR('',#7785,1.);
#7785 = DIRECTION('',(0.,-1.,0.));
#7786 = PLANE('',#7787);
#7787 = AXIS2_PLACEMENT_3D('',#7788,#7789,#7790);
#7788 = CARTESIAN_POINT('',(-6.658170018259E+04,5.277240907934E+03,
    4.4E+03));
#7789 = DIRECTION('',(1.,0.,-0.));
#7790 = DIRECTION('',(0.,-1.,0.));
#7791 = ADVANCED_FACE('',(#7792),#7798,.F.);
#7792 = FACE_BOUND('',#7793,.F.);
#7793 = EDGE_LOOP('',(#7794,#7795,#7796,#7797));
#7794 = ORIENTED_EDGE('',*,*,#7697,.T.);
#7795 = ORIENTED_EDGE('',*,*,#7728,.T.);
#7796 = ORIENTED_EDGE('',*,*,#7759,.T.);
#7797 = ORIENTED_EDGE('',*,*,#7781,.T.);
#7798 = PLANE('',#7799);
#7799 = AXIS2_PLACEMENT_3D('',#7800,#7801,#7802);
#7800 = CARTESIAN_POINT('',(-6.618170018259E+04,5.077240907934E+03,
    4.4E+03));
#7801 = DIRECTION('',(0.,0.,1.));
#7802 = DIRECTION('',(1.,0.,-0.));
#7803 = ADVANCED_FACE('',(#7804),#7810,.T.);
#7804 = FACE_BOUND('',#7805,.T.);
#7805 = EDGE_LOOP('',(#7806,#7807,#7808,#7809));
#7806 = ORIENTED_EDGE('',*,*,#7681,.T.);
#7807 = ORIENTED_EDGE('',*,*,#7712,.T.);
#7808 = ORIENTED_EDGE('',*,*,#7743,.T.);
#7809 = ORIENTED_EDGE('',*,*,#7774,.T.);
#7810 = PLANE('',#7811);
#7811 = AXIS2_PLACEMENT_3D('',#7812,#7813,#7814);
#7812 = CARTESIAN_POINT('',(-6.618170018259E+04,5.077240907934E+03,
    8.8E+03));
#7813 = DIRECTION('',(0.,0.,1.));
#7814 = DIRECTION('',(1.,0.,-0.));
#7815 = MANIFOLD_SOLID_BREP('',#7816);
#7816 = CLOSED_SHELL('',(#7817,#7857,#7888,#7919,#7941,#7953));
#7817 = ADVANCED_FACE('',(#7818),#7852,.F.);
#7818 = FACE_BOUND('',#7819,.F.);
#7819 = EDGE_LOOP('',(#7820,#7830,#7838,#7846));
#7820 = ORIENTED_EDGE('',*,*,#7821,.T.);
#7821 = EDGE_CURVE('',#7822,#7824,#7826,.T.);
#7822 = VERTEX_POINT('',#7823);
#7823 = CARTESIAN_POINT('',(-3.908170018259E+04,1.297724090797E+04,
    4.4E+03));
#7824 = VERTEX_POINT('',#7825);
#7825 = CARTESIAN_POINT('',(-3.908170018259E+04,1.297724090797E+04,
    8.8E+03));
#7826 = LINE('',#7827,#7828);
#7827 = CARTESIAN_POINT('',(-3.908170018259E+04,1.297724090797E+04,
    4.4E+03));
#7828 = VECTOR('',#7829,1.);
#7829 = DIRECTION('',(0.,0.,1.));
#7830 = ORIENTED_EDGE('',*,*,#7831,.T.);
#7831 = EDGE_CURVE('',#7824,#7832,#7834,.T.);
#7832 = VERTEX_POINT('',#7833);
#7833 = CARTESIAN_POINT('',(-3.868170018259E+04,1.297724090797E+04,
    8.8E+03));
#7834 = LINE('',#7835,#7836);
#7835 = CARTESIAN_POINT('',(-3.908170018259E+04,1.297724090797E+04,
    8.8E+03));
#7836 = VECTOR('',#7837,1.);
#7837 = DIRECTION('',(1.,0.,0.));
#7838 = ORIENTED_EDGE('',*,*,#7839,.F.);
#7839 = EDGE_CURVE('',#7840,#7832,#7842,.T.);
#7840 = VERTEX_POINT('',#7841);
#7841 = CARTESIAN_POINT('',(-3.868170018259E+04,1.297724090797E+04,
    4.4E+03));
#7842 = LINE('',#7843,#7844);
#7843 = CARTESIAN_POINT('',(-3.868170018259E+04,1.297724090797E+04,
    4.4E+03));
#7844 = VECTOR('',#7845,1.);
#7845 = DIRECTION('',(0.,0.,1.));
#7846 = ORIENTED_EDGE('',*,*,#7847,.F.);
#7847 = EDGE_CURVE('',#7822,#7840,#7848,.T.);
#7848 = LINE('',#7849,#7850);
#7849 = CARTESIAN_POINT('',(-3.908170018259E+04,1.297724090797E+04,
    4.4E+03));
#7850 = VECTOR('',#7851,1.);
#7851 = DIRECTION('',(1.,0.,0.));
#7852 = PLANE('',#7853);
#7853 = AXIS2_PLACEMENT_3D('',#7854,#7855,#7856);
#7854 = CARTESIAN_POINT('',(-3.908170018259E+04,1.297724090797E+04,
    4.4E+03));
#7855 = DIRECTION('',(0.,1.,0.));
#7856 = DIRECTION('',(1.,0.,0.));
#7857 = ADVANCED_FACE('',(#7858),#7883,.F.);
#7858 = FACE_BOUND('',#7859,.F.);
#7859 = EDGE_LOOP('',(#7860,#7861,#7869,#7877));
#7860 = ORIENTED_EDGE('',*,*,#7839,.T.);
#7861 = ORIENTED_EDGE('',*,*,#7862,.T.);
#7862 = EDGE_CURVE('',#7832,#7863,#7865,.T.);
#7863 = VERTEX_POINT('',#7864);
#7864 = CARTESIAN_POINT('',(-3.868170018259E+04,1.377724090797E+04,
    8.8E+03));
#7865 = LINE('',#7866,#7867);
#7866 = CARTESIAN_POINT('',(-3.868170018259E+04,1.297724090797E+04,
    8.8E+03));
#7867 = VECTOR('',#7868,1.);
#7868 = DIRECTION('',(0.,1.,0.));
#7869 = ORIENTED_EDGE('',*,*,#7870,.F.);
#7870 = EDGE_CURVE('',#7871,#7863,#7873,.T.);
#7871 = VERTEX_POINT('',#7872);
#7872 = CARTESIAN_POINT('',(-3.868170018259E+04,1.377724090797E+04,
    4.4E+03));
#7873 = LINE('',#7874,#7875);
#7874 = CARTESIAN_POINT('',(-3.868170018259E+04,1.377724090797E+04,
    4.4E+03));
#7875 = VECTOR('',#7876,1.);
#7876 = DIRECTION('',(0.,0.,1.));
#7877 = ORIENTED_EDGE('',*,*,#7878,.F.);
#7878 = EDGE_CURVE('',#7840,#7871,#7879,.T.);
#7879 = LINE('',#7880,#7881);
#7880 = CARTESIAN_POINT('',(-3.868170018259E+04,1.297724090797E+04,
    4.4E+03));
#7881 = VECTOR('',#7882,1.);
#7882 = DIRECTION('',(0.,1.,0.));
#7883 = PLANE('',#7884);
#7884 = AXIS2_PLACEMENT_3D('',#7885,#7886,#7887);
#7885 = CARTESIAN_POINT('',(-3.868170018259E+04,1.297724090797E+04,
    4.4E+03));
#7886 = DIRECTION('',(-1.,0.,0.));
#7887 = DIRECTION('',(0.,1.,0.));
#7888 = ADVANCED_FACE('',(#7889),#7914,.F.);
#7889 = FACE_BOUND('',#7890,.F.);
#7890 = EDGE_LOOP('',(#7891,#7892,#7900,#7908));
#7891 = ORIENTED_EDGE('',*,*,#7870,.T.);
#7892 = ORIENTED_EDGE('',*,*,#7893,.T.);
#7893 = EDGE_CURVE('',#7863,#7894,#7896,.T.);
#7894 = VERTEX_POINT('',#7895);
#7895 = CARTESIAN_POINT('',(-3.908170018259E+04,1.377724090797E+04,
    8.8E+03));
#7896 = LINE('',#7897,#7898);
#7897 = CARTESIAN_POINT('',(-3.868170018259E+04,1.377724090797E+04,
    8.8E+03));
#7898 = VECTOR('',#7899,1.);
#7899 = DIRECTION('',(-1.,0.,0.));
#7900 = ORIENTED_EDGE('',*,*,#7901,.F.);
#7901 = EDGE_CURVE('',#7902,#7894,#7904,.T.);
#7902 = VERTEX_POINT('',#7903);
#7903 = CARTESIAN_POINT('',(-3.908170018259E+04,1.377724090797E+04,
    4.4E+03));
#7904 = LINE('',#7905,#7906);
#7905 = CARTESIAN_POINT('',(-3.908170018259E+04,1.377724090797E+04,
    4.4E+03));
#7906 = VECTOR('',#7907,1.);
#7907 = DIRECTION('',(0.,0.,1.));
#7908 = ORIENTED_EDGE('',*,*,#7909,.F.);
#7909 = EDGE_CURVE('',#7871,#7902,#7910,.T.);
#7910 = LINE('',#7911,#7912);
#7911 = CARTESIAN_POINT('',(-3.868170018259E+04,1.377724090797E+04,
    4.4E+03));
#7912 = VECTOR('',#7913,1.);
#7913 = DIRECTION('',(-1.,0.,0.));
#7914 = PLANE('',#7915);
#7915 = AXIS2_PLACEMENT_3D('',#7916,#7917,#7918);
#7916 = CARTESIAN_POINT('',(-3.868170018259E+04,1.377724090797E+04,
    4.4E+03));
#7917 = DIRECTION('',(0.,-1.,0.));
#7918 = DIRECTION('',(-1.,0.,0.));
#7919 = ADVANCED_FACE('',(#7920),#7936,.F.);
#7920 = FACE_BOUND('',#7921,.F.);
#7921 = EDGE_LOOP('',(#7922,#7923,#7929,#7930));
#7922 = ORIENTED_EDGE('',*,*,#7901,.T.);
#7923 = ORIENTED_EDGE('',*,*,#7924,.T.);
#7924 = EDGE_CURVE('',#7894,#7824,#7925,.T.);
#7925 = LINE('',#7926,#7927);
#7926 = CARTESIAN_POINT('',(-3.908170018259E+04,1.377724090797E+04,
    8.8E+03));
#7927 = VECTOR('',#7928,1.);
#7928 = DIRECTION('',(0.,-1.,0.));
#7929 = ORIENTED_EDGE('',*,*,#7821,.F.);
#7930 = ORIENTED_EDGE('',*,*,#7931,.F.);
#7931 = EDGE_CURVE('',#7902,#7822,#7932,.T.);
#7932 = LINE('',#7933,#7934);
#7933 = CARTESIAN_POINT('',(-3.908170018259E+04,1.377724090797E+04,
    4.4E+03));
#7934 = VECTOR('',#7935,1.);
#7935 = DIRECTION('',(0.,-1.,0.));
#7936 = PLANE('',#7937);
#7937 = AXIS2_PLACEMENT_3D('',#7938,#7939,#7940);
#7938 = CARTESIAN_POINT('',(-3.908170018259E+04,1.377724090797E+04,
    4.4E+03));
#7939 = DIRECTION('',(1.,0.,-0.));
#7940 = DIRECTION('',(0.,-1.,0.));
#7941 = ADVANCED_FACE('',(#7942),#7948,.F.);
#7942 = FACE_BOUND('',#7943,.F.);
#7943 = EDGE_LOOP('',(#7944,#7945,#7946,#7947));
#7944 = ORIENTED_EDGE('',*,*,#7847,.T.);
#7945 = ORIENTED_EDGE('',*,*,#7878,.T.);
#7946 = ORIENTED_EDGE('',*,*,#7909,.T.);
#7947 = ORIENTED_EDGE('',*,*,#7931,.T.);
#7948 = PLANE('',#7949);
#7949 = AXIS2_PLACEMENT_3D('',#7950,#7951,#7952);
#7950 = CARTESIAN_POINT('',(-3.888170018259E+04,1.337724090797E+04,
    4.4E+03));
#7951 = DIRECTION('',(0.,0.,1.));
#7952 = DIRECTION('',(1.,0.,-0.));
#7953 = ADVANCED_FACE('',(#7954),#7960,.T.);
#7954 = FACE_BOUND('',#7955,.T.);
#7955 = EDGE_LOOP('',(#7956,#7957,#7958,#7959));
#7956 = ORIENTED_EDGE('',*,*,#7831,.T.);
#7957 = ORIENTED_EDGE('',*,*,#7862,.T.);
#7958 = ORIENTED_EDGE('',*,*,#7893,.T.);
#7959 = ORIENTED_EDGE('',*,*,#7924,.T.);
#7960 = PLANE('',#7961);
#7961 = AXIS2_PLACEMENT_3D('',#7962,#7963,#7964);
#7962 = CARTESIAN_POINT('',(-3.888170018259E+04,1.337724090797E+04,
    8.8E+03));
#7963 = DIRECTION('',(0.,0.,1.));
#7964 = DIRECTION('',(1.,0.,-0.));
#7965 = MANIFOLD_SOLID_BREP('',#7966);
#7966 = CLOSED_SHELL('',(#7967,#8007,#8038,#8069,#8091,#8103));
#7967 = ADVANCED_FACE('',(#7968),#8002,.F.);
#7968 = FACE_BOUND('',#7969,.F.);
#7969 = EDGE_LOOP('',(#7970,#7980,#7988,#7996));
#7970 = ORIENTED_EDGE('',*,*,#7971,.T.);
#7971 = EDGE_CURVE('',#7972,#7974,#7976,.T.);
#7972 = VERTEX_POINT('',#7973);
#7973 = CARTESIAN_POINT('',(7.668306186235E+03,8.120863313616E+04,
    4.4E+03));
#7974 = VERTEX_POINT('',#7975);
#7975 = CARTESIAN_POINT('',(7.668306186235E+03,8.120863313616E+04,
    8.8E+03));
#7976 = LINE('',#7977,#7978);
#7977 = CARTESIAN_POINT('',(7.668306186235E+03,8.120863313616E+04,
    4.4E+03));
#7978 = VECTOR('',#7979,1.);
#7979 = DIRECTION('',(0.,0.,1.));
#7980 = ORIENTED_EDGE('',*,*,#7981,.T.);
#7981 = EDGE_CURVE('',#7974,#7982,#7984,.T.);
#7982 = VERTEX_POINT('',#7983);
#7983 = CARTESIAN_POINT('',(8.068306186235E+03,8.120863313616E+04,
    8.8E+03));
#7984 = LINE('',#7985,#7986);
#7985 = CARTESIAN_POINT('',(7.668306186235E+03,8.120863313616E+04,
    8.8E+03));
#7986 = VECTOR('',#7987,1.);
#7987 = DIRECTION('',(1.,0.,0.));
#7988 = ORIENTED_EDGE('',*,*,#7989,.F.);
#7989 = EDGE_CURVE('',#7990,#7982,#7992,.T.);
#7990 = VERTEX_POINT('',#7991);
#7991 = CARTESIAN_POINT('',(8.068306186235E+03,8.120863313616E+04,
    4.4E+03));
#7992 = LINE('',#7993,#7994);
#7993 = CARTESIAN_POINT('',(8.068306186235E+03,8.120863313616E+04,
    4.4E+03));
#7994 = VECTOR('',#7995,1.);
#7995 = DIRECTION('',(0.,0.,1.));
#7996 = ORIENTED_EDGE('',*,*,#7997,.F.);
#7997 = EDGE_CURVE('',#7972,#7990,#7998,.T.);
#7998 = LINE('',#7999,#8000);
#7999 = CARTESIAN_POINT('',(7.668306186235E+03,8.120863313616E+04,
    4.4E+03));
#8000 = VECTOR('',#8001,1.);
#8001 = DIRECTION('',(1.,0.,0.));
#8002 = PLANE('',#8003);
#8003 = AXIS2_PLACEMENT_3D('',#8004,#8005,#8006);
#8004 = CARTESIAN_POINT('',(7.668306186235E+03,8.120863313616E+04,
    4.4E+03));
#8005 = DIRECTION('',(0.,1.,0.));
#8006 = DIRECTION('',(1.,0.,0.));
#8007 = ADVANCED_FACE('',(#8008),#8033,.F.);
#8008 = FACE_BOUND('',#8009,.F.);
#8009 = EDGE_LOOP('',(#8010,#8011,#8019,#8027));
#8010 = ORIENTED_EDGE('',*,*,#7989,.T.);
#8011 = ORIENTED_EDGE('',*,*,#8012,.T.);
#8012 = EDGE_CURVE('',#7982,#8013,#8015,.T.);
#8013 = VERTEX_POINT('',#8014);
#8014 = CARTESIAN_POINT('',(8.068306186235E+03,8.200863313616E+04,
    8.8E+03));
#8015 = LINE('',#8016,#8017);
#8016 = CARTESIAN_POINT('',(8.068306186235E+03,8.120863313616E+04,
    8.8E+03));
#8017 = VECTOR('',#8018,1.);
#8018 = DIRECTION('',(0.,1.,0.));
#8019 = ORIENTED_EDGE('',*,*,#8020,.F.);
#8020 = EDGE_CURVE('',#8021,#8013,#8023,.T.);
#8021 = VERTEX_POINT('',#8022);
#8022 = CARTESIAN_POINT('',(8.068306186235E+03,8.200863313616E+04,
    4.4E+03));
#8023 = LINE('',#8024,#8025);
#8024 = CARTESIAN_POINT('',(8.068306186235E+03,8.200863313616E+04,
    4.4E+03));
#8025 = VECTOR('',#8026,1.);
#8026 = DIRECTION('',(0.,0.,1.));
#8027 = ORIENTED_EDGE('',*,*,#8028,.F.);
#8028 = EDGE_CURVE('',#7990,#8021,#8029,.T.);
#8029 = LINE('',#8030,#8031);
#8030 = CARTESIAN_POINT('',(8.068306186235E+03,8.120863313616E+04,
    4.4E+03));
#8031 = VECTOR('',#8032,1.);
#8032 = DIRECTION('',(0.,1.,0.));
#8033 = PLANE('',#8034);
#8034 = AXIS2_PLACEMENT_3D('',#8035,#8036,#8037);
#8035 = CARTESIAN_POINT('',(8.068306186235E+03,8.120863313616E+04,
    4.4E+03));
#8036 = DIRECTION('',(-1.,0.,0.));
#8037 = DIRECTION('',(0.,1.,0.));
#8038 = ADVANCED_FACE('',(#8039),#8064,.F.);
#8039 = FACE_BOUND('',#8040,.F.);
#8040 = EDGE_LOOP('',(#8041,#8042,#8050,#8058));
#8041 = ORIENTED_EDGE('',*,*,#8020,.T.);
#8042 = ORIENTED_EDGE('',*,*,#8043,.T.);
#8043 = EDGE_CURVE('',#8013,#8044,#8046,.T.);
#8044 = VERTEX_POINT('',#8045);
#8045 = CARTESIAN_POINT('',(7.668306186235E+03,8.200863313616E+04,
    8.8E+03));
#8046 = LINE('',#8047,#8048);
#8047 = CARTESIAN_POINT('',(8.068306186235E+03,8.200863313616E+04,
    8.8E+03));
#8048 = VECTOR('',#8049,1.);
#8049 = DIRECTION('',(-1.,0.,0.));
#8050 = ORIENTED_EDGE('',*,*,#8051,.F.);
#8051 = EDGE_CURVE('',#8052,#8044,#8054,.T.);
#8052 = VERTEX_POINT('',#8053);
#8053 = CARTESIAN_POINT('',(7.668306186235E+03,8.200863313616E+04,
    4.4E+03));
#8054 = LINE('',#8055,#8056);
#8055 = CARTESIAN_POINT('',(7.668306186235E+03,8.200863313616E+04,
    4.4E+03));
#8056 = VECTOR('',#8057,1.);
#8057 = DIRECTION('',(0.,0.,1.));
#8058 = ORIENTED_EDGE('',*,*,#8059,.F.);
#8059 = EDGE_CURVE('',#8021,#8052,#8060,.T.);
#8060 = LINE('',#8061,#8062);
#8061 = CARTESIAN_POINT('',(8.068306186235E+03,8.200863313616E+04,
    4.4E+03));
#8062 = VECTOR('',#8063,1.);
#8063 = DIRECTION('',(-1.,0.,0.));
#8064 = PLANE('',#8065);
#8065 = AXIS2_PLACEMENT_3D('',#8066,#8067,#8068);
#8066 = CARTESIAN_POINT('',(8.068306186235E+03,8.200863313616E+04,
    4.4E+03));
#8067 = DIRECTION('',(0.,-1.,0.));
#8068 = DIRECTION('',(-1.,0.,0.));
#8069 = ADVANCED_FACE('',(#8070),#8086,.F.);
#8070 = FACE_BOUND('',#8071,.F.);
#8071 = EDGE_LOOP('',(#8072,#8073,#8079,#8080));
#8072 = ORIENTED_EDGE('',*,*,#8051,.T.);
#8073 = ORIENTED_EDGE('',*,*,#8074,.T.);
#8074 = EDGE_CURVE('',#8044,#7974,#8075,.T.);
#8075 = LINE('',#8076,#8077);
#8076 = CARTESIAN_POINT('',(7.668306186235E+03,8.200863313616E+04,
    8.8E+03));
#8077 = VECTOR('',#8078,1.);
#8078 = DIRECTION('',(0.,-1.,0.));
#8079 = ORIENTED_EDGE('',*,*,#7971,.F.);
#8080 = ORIENTED_EDGE('',*,*,#8081,.F.);
#8081 = EDGE_CURVE('',#8052,#7972,#8082,.T.);
#8082 = LINE('',#8083,#8084);
#8083 = CARTESIAN_POINT('',(7.668306186235E+03,8.200863313616E+04,
    4.4E+03));
#8084 = VECTOR('',#8085,1.);
#8085 = DIRECTION('',(0.,-1.,0.));
#8086 = PLANE('',#8087);
#8087 = AXIS2_PLACEMENT_3D('',#8088,#8089,#8090);
#8088 = CARTESIAN_POINT('',(7.668306186235E+03,8.200863313616E+04,
    4.4E+03));
#8089 = DIRECTION('',(1.,0.,-0.));
#8090 = DIRECTION('',(0.,-1.,0.));
#8091 = ADVANCED_FACE('',(#8092),#8098,.F.);
#8092 = FACE_BOUND('',#8093,.F.);
#8093 = EDGE_LOOP('',(#8094,#8095,#8096,#8097));
#8094 = ORIENTED_EDGE('',*,*,#7997,.T.);
#8095 = ORIENTED_EDGE('',*,*,#8028,.T.);
#8096 = ORIENTED_EDGE('',*,*,#8059,.T.);
#8097 = ORIENTED_EDGE('',*,*,#8081,.T.);
#8098 = PLANE('',#8099);
#8099 = AXIS2_PLACEMENT_3D('',#8100,#8101,#8102);
#8100 = CARTESIAN_POINT('',(7.868306186235E+03,8.160863313616E+04,
    4.4E+03));
#8101 = DIRECTION('',(0.,0.,1.));
#8102 = DIRECTION('',(1.,0.,-0.));
#8103 = ADVANCED_FACE('',(#8104),#8110,.T.);
#8104 = FACE_BOUND('',#8105,.T.);
#8105 = EDGE_LOOP('',(#8106,#8107,#8108,#8109));
#8106 = ORIENTED_EDGE('',*,*,#7981,.T.);
#8107 = ORIENTED_EDGE('',*,*,#8012,.T.);
#8108 = ORIENTED_EDGE('',*,*,#8043,.T.);
#8109 = ORIENTED_EDGE('',*,*,#8074,.T.);
#8110 = PLANE('',#8111);
#8111 = AXIS2_PLACEMENT_3D('',#8112,#8113,#8114);
#8112 = CARTESIAN_POINT('',(7.868306186235E+03,8.160863313616E+04,
    8.8E+03));
#8113 = DIRECTION('',(0.,0.,1.));
#8114 = DIRECTION('',(1.,0.,-0.));
#8115 = MANIFOLD_SOLID_BREP('',#8116);
#8116 = CLOSED_SHELL('',(#8117,#8157,#8188,#8219,#8241,#8253));
#8117 = ADVANCED_FACE('',(#8118),#8152,.F.);
#8118 = FACE_BOUND('',#8119,.F.);
#8119 = EDGE_LOOP('',(#8120,#8130,#8138,#8146));
#8120 = ORIENTED_EDGE('',*,*,#8121,.T.);
#8121 = EDGE_CURVE('',#8122,#8124,#8126,.T.);
#8122 = VERTEX_POINT('',#8123);
#8123 = CARTESIAN_POINT('',(1.368306186235E+03,8.120863313616E+04,
    4.4E+03));
#8124 = VERTEX_POINT('',#8125);
#8125 = CARTESIAN_POINT('',(1.368306186235E+03,8.120863313616E+04,
    8.8E+03));
#8126 = LINE('',#8127,#8128);
#8127 = CARTESIAN_POINT('',(1.368306186235E+03,8.120863313616E+04,
    4.4E+03));
#8128 = VECTOR('',#8129,1.);
#8129 = DIRECTION('',(0.,0.,1.));
#8130 = ORIENTED_EDGE('',*,*,#8131,.T.);
#8131 = EDGE_CURVE('',#8124,#8132,#8134,.T.);
#8132 = VERTEX_POINT('',#8133);
#8133 = CARTESIAN_POINT('',(1.768306186235E+03,8.120863313616E+04,
    8.8E+03));
#8134 = LINE('',#8135,#8136);
#8135 = CARTESIAN_POINT('',(1.368306186235E+03,8.120863313616E+04,
    8.8E+03));
#8136 = VECTOR('',#8137,1.);
#8137 = DIRECTION('',(1.,0.,0.));
#8138 = ORIENTED_EDGE('',*,*,#8139,.F.);
#8139 = EDGE_CURVE('',#8140,#8132,#8142,.T.);
#8140 = VERTEX_POINT('',#8141);
#8141 = CARTESIAN_POINT('',(1.768306186235E+03,8.120863313616E+04,
    4.4E+03));
#8142 = LINE('',#8143,#8144);
#8143 = CARTESIAN_POINT('',(1.768306186235E+03,8.120863313616E+04,
    4.4E+03));
#8144 = VECTOR('',#8145,1.);
#8145 = DIRECTION('',(0.,0.,1.));
#8146 = ORIENTED_EDGE('',*,*,#8147,.F.);
#8147 = EDGE_CURVE('',#8122,#8140,#8148,.T.);
#8148 = LINE('',#8149,#8150);
#8149 = CARTESIAN_POINT('',(1.368306186235E+03,8.120863313616E+04,
    4.4E+03));
#8150 = VECTOR('',#8151,1.);
#8151 = DIRECTION('',(1.,0.,0.));
#8152 = PLANE('',#8153);
#8153 = AXIS2_PLACEMENT_3D('',#8154,#8155,#8156);
#8154 = CARTESIAN_POINT('',(1.368306186235E+03,8.120863313616E+04,
    4.4E+03));
#8155 = DIRECTION('',(0.,1.,0.));
#8156 = DIRECTION('',(1.,0.,0.));
#8157 = ADVANCED_FACE('',(#8158),#8183,.F.);
#8158 = FACE_BOUND('',#8159,.F.);
#8159 = EDGE_LOOP('',(#8160,#8161,#8169,#8177));
#8160 = ORIENTED_EDGE('',*,*,#8139,.T.);
#8161 = ORIENTED_EDGE('',*,*,#8162,.T.);
#8162 = EDGE_CURVE('',#8132,#8163,#8165,.T.);
#8163 = VERTEX_POINT('',#8164);
#8164 = CARTESIAN_POINT('',(1.768306186235E+03,8.200863313616E+04,
    8.8E+03));
#8165 = LINE('',#8166,#8167);
#8166 = CARTESIAN_POINT('',(1.768306186235E+03,8.120863313616E+04,
    8.8E+03));
#8167 = VECTOR('',#8168,1.);
#8168 = DIRECTION('',(0.,1.,0.));
#8169 = ORIENTED_EDGE('',*,*,#8170,.F.);
#8170 = EDGE_CURVE('',#8171,#8163,#8173,.T.);
#8171 = VERTEX_POINT('',#8172);
#8172 = CARTESIAN_POINT('',(1.768306186235E+03,8.200863313616E+04,
    4.4E+03));
#8173 = LINE('',#8174,#8175);
#8174 = CARTESIAN_POINT('',(1.768306186235E+03,8.200863313616E+04,
    4.4E+03));
#8175 = VECTOR('',#8176,1.);
#8176 = DIRECTION('',(0.,0.,1.));
#8177 = ORIENTED_EDGE('',*,*,#8178,.F.);
#8178 = EDGE_CURVE('',#8140,#8171,#8179,.T.);
#8179 = LINE('',#8180,#8181);
#8180 = CARTESIAN_POINT('',(1.768306186235E+03,8.120863313616E+04,
    4.4E+03));
#8181 = VECTOR('',#8182,1.);
#8182 = DIRECTION('',(0.,1.,0.));
#8183 = PLANE('',#8184);
#8184 = AXIS2_PLACEMENT_3D('',#8185,#8186,#8187);
#8185 = CARTESIAN_POINT('',(1.768306186235E+03,8.120863313616E+04,
    4.4E+03));
#8186 = DIRECTION('',(-1.,0.,0.));
#8187 = DIRECTION('',(0.,1.,0.));
#8188 = ADVANCED_FACE('',(#8189),#8214,.F.);
#8189 = FACE_BOUND('',#8190,.F.);
#8190 = EDGE_LOOP('',(#8191,#8192,#8200,#8208));
#8191 = ORIENTED_EDGE('',*,*,#8170,.T.);
#8192 = ORIENTED_EDGE('',*,*,#8193,.T.);
#8193 = EDGE_CURVE('',#8163,#8194,#8196,.T.);
#8194 = VERTEX_POINT('',#8195);
#8195 = CARTESIAN_POINT('',(1.368306186235E+03,8.200863313616E+04,
    8.8E+03));
#8196 = LINE('',#8197,#8198);
#8197 = CARTESIAN_POINT('',(1.768306186235E+03,8.200863313616E+04,
    8.8E+03));
#8198 = VECTOR('',#8199,1.);
#8199 = DIRECTION('',(-1.,0.,0.));
#8200 = ORIENTED_EDGE('',*,*,#8201,.F.);
#8201 = EDGE_CURVE('',#8202,#8194,#8204,.T.);
#8202 = VERTEX_POINT('',#8203);
#8203 = CARTESIAN_POINT('',(1.368306186235E+03,8.200863313616E+04,
    4.4E+03));
#8204 = LINE('',#8205,#8206);
#8205 = CARTESIAN_POINT('',(1.368306186235E+03,8.200863313616E+04,
    4.4E+03));
#8206 = VECTOR('',#8207,1.);
#8207 = DIRECTION('',(0.,0.,1.));
#8208 = ORIENTED_EDGE('',*,*,#8209,.F.);
#8209 = EDGE_CURVE('',#8171,#8202,#8210,.T.);
#8210 = LINE('',#8211,#8212);
#8211 = CARTESIAN_POINT('',(1.768306186235E+03,8.200863313616E+04,
    4.4E+03));
#8212 = VECTOR('',#8213,1.);
#8213 = DIRECTION('',(-1.,0.,0.));
#8214 = PLANE('',#8215);
#8215 = AXIS2_PLACEMENT_3D('',#8216,#8217,#8218);
#8216 = CARTESIAN_POINT('',(1.768306186235E+03,8.200863313616E+04,
    4.4E+03));
#8217 = DIRECTION('',(0.,-1.,0.));
#8218 = DIRECTION('',(-1.,0.,0.));
#8219 = ADVANCED_FACE('',(#8220),#8236,.F.);
#8220 = FACE_BOUND('',#8221,.F.);
#8221 = EDGE_LOOP('',(#8222,#8223,#8229,#8230));
#8222 = ORIENTED_EDGE('',*,*,#8201,.T.);
#8223 = ORIENTED_EDGE('',*,*,#8224,.T.);
#8224 = EDGE_CURVE('',#8194,#8124,#8225,.T.);
#8225 = LINE('',#8226,#8227);
#8226 = CARTESIAN_POINT('',(1.368306186235E+03,8.200863313616E+04,
    8.8E+03));
#8227 = VECTOR('',#8228,1.);
#8228 = DIRECTION('',(0.,-1.,0.));
#8229 = ORIENTED_EDGE('',*,*,#8121,.F.);
#8230 = ORIENTED_EDGE('',*,*,#8231,.F.);
#8231 = EDGE_CURVE('',#8202,#8122,#8232,.T.);
#8232 = LINE('',#8233,#8234);
#8233 = CARTESIAN_POINT('',(1.368306186235E+03,8.200863313616E+04,
    4.4E+03));
#8234 = VECTOR('',#8235,1.);
#8235 = DIRECTION('',(0.,-1.,0.));
#8236 = PLANE('',#8237);
#8237 = AXIS2_PLACEMENT_3D('',#8238,#8239,#8240);
#8238 = CARTESIAN_POINT('',(1.368306186235E+03,8.200863313616E+04,
    4.4E+03));
#8239 = DIRECTION('',(1.,0.,-0.));
#8240 = DIRECTION('',(0.,-1.,0.));
#8241 = ADVANCED_FACE('',(#8242),#8248,.F.);
#8242 = FACE_BOUND('',#8243,.F.);
#8243 = EDGE_LOOP('',(#8244,#8245,#8246,#8247));
#8244 = ORIENTED_EDGE('',*,*,#8147,.T.);
#8245 = ORIENTED_EDGE('',*,*,#8178,.T.);
#8246 = ORIENTED_EDGE('',*,*,#8209,.T.);
#8247 = ORIENTED_EDGE('',*,*,#8231,.T.);
#8248 = PLANE('',#8249);
#8249 = AXIS2_PLACEMENT_3D('',#8250,#8251,#8252);
#8250 = CARTESIAN_POINT('',(1.568306186235E+03,8.160863313616E+04,
    4.4E+03));
#8251 = DIRECTION('',(0.,0.,1.));
#8252 = DIRECTION('',(1.,0.,-0.));
#8253 = ADVANCED_FACE('',(#8254),#8260,.T.);
#8254 = FACE_BOUND('',#8255,.T.);
#8255 = EDGE_LOOP('',(#8256,#8257,#8258,#8259));
#8256 = ORIENTED_EDGE('',*,*,#8131,.T.);
#8257 = ORIENTED_EDGE('',*,*,#8162,.T.);
#8258 = ORIENTED_EDGE('',*,*,#8193,.T.);
#8259 = ORIENTED_EDGE('',*,*,#8224,.T.);
#8260 = PLANE('',#8261);
#8261 = AXIS2_PLACEMENT_3D('',#8262,#8263,#8264);
#8262 = CARTESIAN_POINT('',(1.568306186235E+03,8.160863313616E+04,
    8.8E+03));
#8263 = DIRECTION('',(0.,0.,1.));
#8264 = DIRECTION('',(1.,0.,-0.));
#8265 = MANIFOLD_SOLID_BREP('',#8266);
#8266 = CLOSED_SHELL('',(#8267,#8307,#8338,#8369,#8391,#8403));
#8267 = ADVANCED_FACE('',(#8268),#8302,.F.);
#8268 = FACE_BOUND('',#8269,.F.);
#8269 = EDGE_LOOP('',(#8270,#8280,#8288,#8296));
#8270 = ORIENTED_EDGE('',*,*,#8271,.T.);
#8271 = EDGE_CURVE('',#8272,#8274,#8276,.T.);
#8272 = VERTEX_POINT('',#8273);
#8273 = CARTESIAN_POINT('',(-1.308169381345E+04,8.120863313663E+04,
    4.4E+03));
#8274 = VERTEX_POINT('',#8275);
#8275 = CARTESIAN_POINT('',(-1.308169381345E+04,8.120863313663E+04,
    8.8E+03));
#8276 = LINE('',#8277,#8278);
#8277 = CARTESIAN_POINT('',(-1.308169381345E+04,8.120863313663E+04,
    4.4E+03));
#8278 = VECTOR('',#8279,1.);
#8279 = DIRECTION('',(0.,0.,1.));
#8280 = ORIENTED_EDGE('',*,*,#8281,.T.);
#8281 = EDGE_CURVE('',#8274,#8282,#8284,.T.);
#8282 = VERTEX_POINT('',#8283);
#8283 = CARTESIAN_POINT('',(-1.268169381345E+04,8.120863313663E+04,
    8.8E+03));
#8284 = LINE('',#8285,#8286);
#8285 = CARTESIAN_POINT('',(-1.308169381345E+04,8.120863313663E+04,
    8.8E+03));
#8286 = VECTOR('',#8287,1.);
#8287 = DIRECTION('',(1.,0.,0.));
#8288 = ORIENTED_EDGE('',*,*,#8289,.F.);
#8289 = EDGE_CURVE('',#8290,#8282,#8292,.T.);
#8290 = VERTEX_POINT('',#8291);
#8291 = CARTESIAN_POINT('',(-1.268169381345E+04,8.120863313663E+04,
    4.4E+03));
#8292 = LINE('',#8293,#8294);
#8293 = CARTESIAN_POINT('',(-1.268169381345E+04,8.120863313663E+04,
    4.4E+03));
#8294 = VECTOR('',#8295,1.);
#8295 = DIRECTION('',(0.,0.,1.));
#8296 = ORIENTED_EDGE('',*,*,#8297,.F.);
#8297 = EDGE_CURVE('',#8272,#8290,#8298,.T.);
#8298 = LINE('',#8299,#8300);
#8299 = CARTESIAN_POINT('',(-1.308169381345E+04,8.120863313663E+04,
    4.4E+03));
#8300 = VECTOR('',#8301,1.);
#8301 = DIRECTION('',(1.,0.,0.));
#8302 = PLANE('',#8303);
#8303 = AXIS2_PLACEMENT_3D('',#8304,#8305,#8306);
#8304 = CARTESIAN_POINT('',(-1.308169381345E+04,8.120863313663E+04,
    4.4E+03));
#8305 = DIRECTION('',(0.,1.,0.));
#8306 = DIRECTION('',(1.,0.,0.));
#8307 = ADVANCED_FACE('',(#8308),#8333,.F.);
#8308 = FACE_BOUND('',#8309,.F.);
#8309 = EDGE_LOOP('',(#8310,#8311,#8319,#8327));
#8310 = ORIENTED_EDGE('',*,*,#8289,.T.);
#8311 = ORIENTED_EDGE('',*,*,#8312,.T.);
#8312 = EDGE_CURVE('',#8282,#8313,#8315,.T.);
#8313 = VERTEX_POINT('',#8314);
#8314 = CARTESIAN_POINT('',(-1.268169381345E+04,8.200863313663E+04,
    8.8E+03));
#8315 = LINE('',#8316,#8317);
#8316 = CARTESIAN_POINT('',(-1.268169381345E+04,8.120863313663E+04,
    8.8E+03));
#8317 = VECTOR('',#8318,1.);
#8318 = DIRECTION('',(0.,1.,0.));
#8319 = ORIENTED_EDGE('',*,*,#8320,.F.);
#8320 = EDGE_CURVE('',#8321,#8313,#8323,.T.);
#8321 = VERTEX_POINT('',#8322);
#8322 = CARTESIAN_POINT('',(-1.268169381345E+04,8.200863313663E+04,
    4.4E+03));
#8323 = LINE('',#8324,#8325);
#8324 = CARTESIAN_POINT('',(-1.268169381345E+04,8.200863313663E+04,
    4.4E+03));
#8325 = VECTOR('',#8326,1.);
#8326 = DIRECTION('',(0.,0.,1.));
#8327 = ORIENTED_EDGE('',*,*,#8328,.F.);
#8328 = EDGE_CURVE('',#8290,#8321,#8329,.T.);
#8329 = LINE('',#8330,#8331);
#8330 = CARTESIAN_POINT('',(-1.268169381345E+04,8.120863313663E+04,
    4.4E+03));
#8331 = VECTOR('',#8332,1.);
#8332 = DIRECTION('',(0.,1.,0.));
#8333 = PLANE('',#8334);
#8334 = AXIS2_PLACEMENT_3D('',#8335,#8336,#8337);
#8335 = CARTESIAN_POINT('',(-1.268169381345E+04,8.120863313663E+04,
    4.4E+03));
#8336 = DIRECTION('',(-1.,0.,0.));
#8337 = DIRECTION('',(0.,1.,0.));
#8338 = ADVANCED_FACE('',(#8339),#8364,.F.);
#8339 = FACE_BOUND('',#8340,.F.);
#8340 = EDGE_LOOP('',(#8341,#8342,#8350,#8358));
#8341 = ORIENTED_EDGE('',*,*,#8320,.T.);
#8342 = ORIENTED_EDGE('',*,*,#8343,.T.);
#8343 = EDGE_CURVE('',#8313,#8344,#8346,.T.);
#8344 = VERTEX_POINT('',#8345);
#8345 = CARTESIAN_POINT('',(-1.308169381345E+04,8.200863313663E+04,
    8.8E+03));
#8346 = LINE('',#8347,#8348);
#8347 = CARTESIAN_POINT('',(-1.268169381345E+04,8.200863313663E+04,
    8.8E+03));
#8348 = VECTOR('',#8349,1.);
#8349 = DIRECTION('',(-1.,0.,0.));
#8350 = ORIENTED_EDGE('',*,*,#8351,.F.);
#8351 = EDGE_CURVE('',#8352,#8344,#8354,.T.);
#8352 = VERTEX_POINT('',#8353);
#8353 = CARTESIAN_POINT('',(-1.308169381345E+04,8.200863313663E+04,
    4.4E+03));
#8354 = LINE('',#8355,#8356);
#8355 = CARTESIAN_POINT('',(-1.308169381345E+04,8.200863313663E+04,
    4.4E+03));
#8356 = VECTOR('',#8357,1.);
#8357 = DIRECTION('',(0.,0.,1.));
#8358 = ORIENTED_EDGE('',*,*,#8359,.F.);
#8359 = EDGE_CURVE('',#8321,#8352,#8360,.T.);
#8360 = LINE('',#8361,#8362);
#8361 = CARTESIAN_POINT('',(-1.268169381345E+04,8.200863313663E+04,
    4.4E+03));
#8362 = VECTOR('',#8363,1.);
#8363 = DIRECTION('',(-1.,0.,0.));
#8364 = PLANE('',#8365);
#8365 = AXIS2_PLACEMENT_3D('',#8366,#8367,#8368);
#8366 = CARTESIAN_POINT('',(-1.268169381345E+04,8.200863313663E+04,
    4.4E+03));
#8367 = DIRECTION('',(0.,-1.,0.));
#8368 = DIRECTION('',(-1.,0.,0.));
#8369 = ADVANCED_FACE('',(#8370),#8386,.F.);
#8370 = FACE_BOUND('',#8371,.F.);
#8371 = EDGE_LOOP('',(#8372,#8373,#8379,#8380));
#8372 = ORIENTED_EDGE('',*,*,#8351,.T.);
#8373 = ORIENTED_EDGE('',*,*,#8374,.T.);
#8374 = EDGE_CURVE('',#8344,#8274,#8375,.T.);
#8375 = LINE('',#8376,#8377);
#8376 = CARTESIAN_POINT('',(-1.308169381345E+04,8.200863313663E+04,
    8.8E+03));
#8377 = VECTOR('',#8378,1.);
#8378 = DIRECTION('',(0.,-1.,0.));
#8379 = ORIENTED_EDGE('',*,*,#8271,.F.);
#8380 = ORIENTED_EDGE('',*,*,#8381,.F.);
#8381 = EDGE_CURVE('',#8352,#8272,#8382,.T.);
#8382 = LINE('',#8383,#8384);
#8383 = CARTESIAN_POINT('',(-1.308169381345E+04,8.200863313663E+04,
    4.4E+03));
#8384 = VECTOR('',#8385,1.);
#8385 = DIRECTION('',(0.,-1.,0.));
#8386 = PLANE('',#8387);
#8387 = AXIS2_PLACEMENT_3D('',#8388,#8389,#8390);
#8388 = CARTESIAN_POINT('',(-1.308169381345E+04,8.200863313663E+04,
    4.4E+03));
#8389 = DIRECTION('',(1.,0.,-0.));
#8390 = DIRECTION('',(0.,-1.,0.));
#8391 = ADVANCED_FACE('',(#8392),#8398,.F.);
#8392 = FACE_BOUND('',#8393,.F.);
#8393 = EDGE_LOOP('',(#8394,#8395,#8396,#8397));
#8394 = ORIENTED_EDGE('',*,*,#8297,.T.);
#8395 = ORIENTED_EDGE('',*,*,#8328,.T.);
#8396 = ORIENTED_EDGE('',*,*,#8359,.T.);
#8397 = ORIENTED_EDGE('',*,*,#8381,.T.);
#8398 = PLANE('',#8399);
#8399 = AXIS2_PLACEMENT_3D('',#8400,#8401,#8402);
#8400 = CARTESIAN_POINT('',(-1.288169381345E+04,8.160863313663E+04,
    4.4E+03));
#8401 = DIRECTION('',(0.,0.,1.));
#8402 = DIRECTION('',(1.,0.,-0.));
#8403 = ADVANCED_FACE('',(#8404),#8410,.T.);
#8404 = FACE_BOUND('',#8405,.T.);
#8405 = EDGE_LOOP('',(#8406,#8407,#8408,#8409));
#8406 = ORIENTED_EDGE('',*,*,#8281,.T.);
#8407 = ORIENTED_EDGE('',*,*,#8312,.T.);
#8408 = ORIENTED_EDGE('',*,*,#8343,.T.);
#8409 = ORIENTED_EDGE('',*,*,#8374,.T.);
#8410 = PLANE('',#8411);
#8411 = AXIS2_PLACEMENT_3D('',#8412,#8413,#8414);
#8412 = CARTESIAN_POINT('',(-1.288169381345E+04,8.160863313663E+04,
    8.8E+03));
#8413 = DIRECTION('',(0.,0.,1.));
#8414 = DIRECTION('',(1.,0.,-0.));
#8415 = MANIFOLD_SOLID_BREP('',#8416);
#8416 = CLOSED_SHELL('',(#8417,#8457,#8488,#8519,#8541,#8553));
#8417 = ADVANCED_FACE('',(#8418),#8452,.F.);
#8418 = FACE_BOUND('',#8419,.F.);
#8419 = EDGE_LOOP('',(#8420,#8430,#8438,#8446));
#8420 = ORIENTED_EDGE('',*,*,#8421,.T.);
#8421 = EDGE_CURVE('',#8422,#8424,#8426,.T.);
#8422 = VERTEX_POINT('',#8423);
#8423 = CARTESIAN_POINT('',(-1.868169381369E+04,8.120863313663E+04,
    4.4E+03));
#8424 = VERTEX_POINT('',#8425);
#8425 = CARTESIAN_POINT('',(-1.868169381369E+04,8.120863313663E+04,
    8.8E+03));
#8426 = LINE('',#8427,#8428);
#8427 = CARTESIAN_POINT('',(-1.868169381369E+04,8.120863313663E+04,
    4.4E+03));
#8428 = VECTOR('',#8429,1.);
#8429 = DIRECTION('',(0.,0.,1.));
#8430 = ORIENTED_EDGE('',*,*,#8431,.T.);
#8431 = EDGE_CURVE('',#8424,#8432,#8434,.T.);
#8432 = VERTEX_POINT('',#8433);
#8433 = CARTESIAN_POINT('',(-1.828169381369E+04,8.120863313663E+04,
    8.8E+03));
#8434 = LINE('',#8435,#8436);
#8435 = CARTESIAN_POINT('',(-1.868169381369E+04,8.120863313663E+04,
    8.8E+03));
#8436 = VECTOR('',#8437,1.);
#8437 = DIRECTION('',(1.,0.,0.));
#8438 = ORIENTED_EDGE('',*,*,#8439,.F.);
#8439 = EDGE_CURVE('',#8440,#8432,#8442,.T.);
#8440 = VERTEX_POINT('',#8441);
#8441 = CARTESIAN_POINT('',(-1.828169381369E+04,8.120863313663E+04,
    4.4E+03));
#8442 = LINE('',#8443,#8444);
#8443 = CARTESIAN_POINT('',(-1.828169381369E+04,8.120863313663E+04,
    4.4E+03));
#8444 = VECTOR('',#8445,1.);
#8445 = DIRECTION('',(0.,0.,1.));
#8446 = ORIENTED_EDGE('',*,*,#8447,.F.);
#8447 = EDGE_CURVE('',#8422,#8440,#8448,.T.);
#8448 = LINE('',#8449,#8450);
#8449 = CARTESIAN_POINT('',(-1.868169381369E+04,8.120863313663E+04,
    4.4E+03));
#8450 = VECTOR('',#8451,1.);
#8451 = DIRECTION('',(1.,0.,0.));
#8452 = PLANE('',#8453);
#8453 = AXIS2_PLACEMENT_3D('',#8454,#8455,#8456);
#8454 = CARTESIAN_POINT('',(-1.868169381369E+04,8.120863313663E+04,
    4.4E+03));
#8455 = DIRECTION('',(0.,1.,0.));
#8456 = DIRECTION('',(1.,0.,0.));
#8457 = ADVANCED_FACE('',(#8458),#8483,.F.);
#8458 = FACE_BOUND('',#8459,.F.);
#8459 = EDGE_LOOP('',(#8460,#8461,#8469,#8477));
#8460 = ORIENTED_EDGE('',*,*,#8439,.T.);
#8461 = ORIENTED_EDGE('',*,*,#8462,.T.);
#8462 = EDGE_CURVE('',#8432,#8463,#8465,.T.);
#8463 = VERTEX_POINT('',#8464);
#8464 = CARTESIAN_POINT('',(-1.828169381369E+04,8.200863313663E+04,
    8.8E+03));
#8465 = LINE('',#8466,#8467);
#8466 = CARTESIAN_POINT('',(-1.828169381369E+04,8.120863313663E+04,
    8.8E+03));
#8467 = VECTOR('',#8468,1.);
#8468 = DIRECTION('',(0.,1.,0.));
#8469 = ORIENTED_EDGE('',*,*,#8470,.F.);
#8470 = EDGE_CURVE('',#8471,#8463,#8473,.T.);
#8471 = VERTEX_POINT('',#8472);
#8472 = CARTESIAN_POINT('',(-1.828169381369E+04,8.200863313663E+04,
    4.4E+03));
#8473 = LINE('',#8474,#8475);
#8474 = CARTESIAN_POINT('',(-1.828169381369E+04,8.200863313663E+04,
    4.4E+03));
#8475 = VECTOR('',#8476,1.);
#8476 = DIRECTION('',(0.,0.,1.));
#8477 = ORIENTED_EDGE('',*,*,#8478,.F.);
#8478 = EDGE_CURVE('',#8440,#8471,#8479,.T.);
#8479 = LINE('',#8480,#8481);
#8480 = CARTESIAN_POINT('',(-1.828169381369E+04,8.120863313663E+04,
    4.4E+03));
#8481 = VECTOR('',#8482,1.);
#8482 = DIRECTION('',(0.,1.,0.));
#8483 = PLANE('',#8484);
#8484 = AXIS2_PLACEMENT_3D('',#8485,#8486,#8487);
#8485 = CARTESIAN_POINT('',(-1.828169381369E+04,8.120863313663E+04,
    4.4E+03));
#8486 = DIRECTION('',(-1.,0.,0.));
#8487 = DIRECTION('',(0.,1.,0.));
#8488 = ADVANCED_FACE('',(#8489),#8514,.F.);
#8489 = FACE_BOUND('',#8490,.F.);
#8490 = EDGE_LOOP('',(#8491,#8492,#8500,#8508));
#8491 = ORIENTED_EDGE('',*,*,#8470,.T.);
#8492 = ORIENTED_EDGE('',*,*,#8493,.T.);
#8493 = EDGE_CURVE('',#8463,#8494,#8496,.T.);
#8494 = VERTEX_POINT('',#8495);
#8495 = CARTESIAN_POINT('',(-1.868169381369E+04,8.200863313663E+04,
    8.8E+03));
#8496 = LINE('',#8497,#8498);
#8497 = CARTESIAN_POINT('',(-1.828169381369E+04,8.200863313663E+04,
    8.8E+03));
#8498 = VECTOR('',#8499,1.);
#8499 = DIRECTION('',(-1.,0.,0.));
#8500 = ORIENTED_EDGE('',*,*,#8501,.F.);
#8501 = EDGE_CURVE('',#8502,#8494,#8504,.T.);
#8502 = VERTEX_POINT('',#8503);
#8503 = CARTESIAN_POINT('',(-1.868169381369E+04,8.200863313663E+04,
    4.4E+03));
#8504 = LINE('',#8505,#8506);
#8505 = CARTESIAN_POINT('',(-1.868169381369E+04,8.200863313663E+04,
    4.4E+03));
#8506 = VECTOR('',#8507,1.);
#8507 = DIRECTION('',(0.,0.,1.));
#8508 = ORIENTED_EDGE('',*,*,#8509,.F.);
#8509 = EDGE_CURVE('',#8471,#8502,#8510,.T.);
#8510 = LINE('',#8511,#8512);
#8511 = CARTESIAN_POINT('',(-1.828169381369E+04,8.200863313663E+04,
    4.4E+03));
#8512 = VECTOR('',#8513,1.);
#8513 = DIRECTION('',(-1.,0.,0.));
#8514 = PLANE('',#8515);
#8515 = AXIS2_PLACEMENT_3D('',#8516,#8517,#8518);
#8516 = CARTESIAN_POINT('',(-1.828169381369E+04,8.200863313663E+04,
    4.4E+03));
#8517 = DIRECTION('',(0.,-1.,0.));
#8518 = DIRECTION('',(-1.,0.,0.));
#8519 = ADVANCED_FACE('',(#8520),#8536,.F.);
#8520 = FACE_BOUND('',#8521,.F.);
#8521 = EDGE_LOOP('',(#8522,#8523,#8529,#8530));
#8522 = ORIENTED_EDGE('',*,*,#8501,.T.);
#8523 = ORIENTED_EDGE('',*,*,#8524,.T.);
#8524 = EDGE_CURVE('',#8494,#8424,#8525,.T.);
#8525 = LINE('',#8526,#8527);
#8526 = CARTESIAN_POINT('',(-1.868169381369E+04,8.200863313663E+04,
    8.8E+03));
#8527 = VECTOR('',#8528,1.);
#8528 = DIRECTION('',(0.,-1.,0.));
#8529 = ORIENTED_EDGE('',*,*,#8421,.F.);
#8530 = ORIENTED_EDGE('',*,*,#8531,.F.);
#8531 = EDGE_CURVE('',#8502,#8422,#8532,.T.);
#8532 = LINE('',#8533,#8534);
#8533 = CARTESIAN_POINT('',(-1.868169381369E+04,8.200863313663E+04,
    4.4E+03));
#8534 = VECTOR('',#8535,1.);
#8535 = DIRECTION('',(0.,-1.,0.));
#8536 = PLANE('',#8537);
#8537 = AXIS2_PLACEMENT_3D('',#8538,#8539,#8540);
#8538 = CARTESIAN_POINT('',(-1.868169381369E+04,8.200863313663E+04,
    4.4E+03));
#8539 = DIRECTION('',(1.,0.,-0.));
#8540 = DIRECTION('',(0.,-1.,0.));
#8541 = ADVANCED_FACE('',(#8542),#8548,.F.);
#8542 = FACE_BOUND('',#8543,.F.);
#8543 = EDGE_LOOP('',(#8544,#8545,#8546,#8547));
#8544 = ORIENTED_EDGE('',*,*,#8447,.T.);
#8545 = ORIENTED_EDGE('',*,*,#8478,.T.);
#8546 = ORIENTED_EDGE('',*,*,#8509,.T.);
#8547 = ORIENTED_EDGE('',*,*,#8531,.T.);
#8548 = PLANE('',#8549);
#8549 = AXIS2_PLACEMENT_3D('',#8550,#8551,#8552);
#8550 = CARTESIAN_POINT('',(-1.848169381369E+04,8.160863313663E+04,
    4.4E+03));
#8551 = DIRECTION('',(0.,0.,1.));
#8552 = DIRECTION('',(1.,0.,-0.));
#8553 = ADVANCED_FACE('',(#8554),#8560,.T.);
#8554 = FACE_BOUND('',#8555,.T.);
#8555 = EDGE_LOOP('',(#8556,#8557,#8558,#8559));
#8556 = ORIENTED_EDGE('',*,*,#8431,.T.);
#8557 = ORIENTED_EDGE('',*,*,#8462,.T.);
#8558 = ORIENTED_EDGE('',*,*,#8493,.T.);
#8559 = ORIENTED_EDGE('',*,*,#8524,.T.);
#8560 = PLANE('',#8561);
#8561 = AXIS2_PLACEMENT_3D('',#8562,#8563,#8564);
#8562 = CARTESIAN_POINT('',(-1.848169381369E+04,8.160863313663E+04,
    8.8E+03));
#8563 = DIRECTION('',(0.,0.,1.));
#8564 = DIRECTION('',(1.,0.,-0.));
#8565 = MANIFOLD_SOLID_BREP('',#8566);
#8566 = CLOSED_SHELL('',(#8567,#8607,#8638,#8669,#8691,#8703));
#8567 = ADVANCED_FACE('',(#8568),#8602,.F.);
#8568 = FACE_BOUND('',#8569,.F.);
#8569 = EDGE_LOOP('',(#8570,#8580,#8588,#8596));
#8570 = ORIENTED_EDGE('',*,*,#8571,.T.);
#8571 = EDGE_CURVE('',#8572,#8574,#8576,.T.);
#8572 = VERTEX_POINT('',#8573);
#8573 = CARTESIAN_POINT('',(-3.808169381362E+04,8.120863313657E+04,
    4.4E+03));
#8574 = VERTEX_POINT('',#8575);
#8575 = CARTESIAN_POINT('',(-3.808169381362E+04,8.120863313657E+04,
    8.8E+03));
#8576 = LINE('',#8577,#8578);
#8577 = CARTESIAN_POINT('',(-3.808169381362E+04,8.120863313657E+04,
    4.4E+03));
#8578 = VECTOR('',#8579,1.);
#8579 = DIRECTION('',(0.,0.,1.));
#8580 = ORIENTED_EDGE('',*,*,#8581,.T.);
#8581 = EDGE_CURVE('',#8574,#8582,#8584,.T.);
#8582 = VERTEX_POINT('',#8583);
#8583 = CARTESIAN_POINT('',(-3.768169381362E+04,8.120863313657E+04,
    8.8E+03));
#8584 = LINE('',#8585,#8586);
#8585 = CARTESIAN_POINT('',(-3.808169381362E+04,8.120863313657E+04,
    8.8E+03));
#8586 = VECTOR('',#8587,1.);
#8587 = DIRECTION('',(1.,0.,0.));
#8588 = ORIENTED_EDGE('',*,*,#8589,.F.);
#8589 = EDGE_CURVE('',#8590,#8582,#8592,.T.);
#8590 = VERTEX_POINT('',#8591);
#8591 = CARTESIAN_POINT('',(-3.768169381362E+04,8.120863313657E+04,
    4.4E+03));
#8592 = LINE('',#8593,#8594);
#8593 = CARTESIAN_POINT('',(-3.768169381362E+04,8.120863313657E+04,
    4.4E+03));
#8594 = VECTOR('',#8595,1.);
#8595 = DIRECTION('',(0.,0.,1.));
#8596 = ORIENTED_EDGE('',*,*,#8597,.F.);
#8597 = EDGE_CURVE('',#8572,#8590,#8598,.T.);
#8598 = LINE('',#8599,#8600);
#8599 = CARTESIAN_POINT('',(-3.808169381362E+04,8.120863313657E+04,
    4.4E+03));
#8600 = VECTOR('',#8601,1.);
#8601 = DIRECTION('',(1.,0.,0.));
#8602 = PLANE('',#8603);
#8603 = AXIS2_PLACEMENT_3D('',#8604,#8605,#8606);
#8604 = CARTESIAN_POINT('',(-3.808169381362E+04,8.120863313657E+04,
    4.4E+03));
#8605 = DIRECTION('',(0.,1.,0.));
#8606 = DIRECTION('',(1.,0.,0.));
#8607 = ADVANCED_FACE('',(#8608),#8633,.F.);
#8608 = FACE_BOUND('',#8609,.F.);
#8609 = EDGE_LOOP('',(#8610,#8611,#8619,#8627));
#8610 = ORIENTED_EDGE('',*,*,#8589,.T.);
#8611 = ORIENTED_EDGE('',*,*,#8612,.T.);
#8612 = EDGE_CURVE('',#8582,#8613,#8615,.T.);
#8613 = VERTEX_POINT('',#8614);
#8614 = CARTESIAN_POINT('',(-3.768169381362E+04,8.200863313657E+04,
    8.8E+03));
#8615 = LINE('',#8616,#8617);
#8616 = CARTESIAN_POINT('',(-3.768169381362E+04,8.120863313657E+04,
    8.8E+03));
#8617 = VECTOR('',#8618,1.);
#8618 = DIRECTION('',(0.,1.,0.));
#8619 = ORIENTED_EDGE('',*,*,#8620,.F.);
#8620 = EDGE_CURVE('',#8621,#8613,#8623,.T.);
#8621 = VERTEX_POINT('',#8622);
#8622 = CARTESIAN_POINT('',(-3.768169381362E+04,8.200863313657E+04,
    4.4E+03));
#8623 = LINE('',#8624,#8625);
#8624 = CARTESIAN_POINT('',(-3.768169381362E+04,8.200863313657E+04,
    4.4E+03));
#8625 = VECTOR('',#8626,1.);
#8626 = DIRECTION('',(0.,0.,1.));
#8627 = ORIENTED_EDGE('',*,*,#8628,.F.);
#8628 = EDGE_CURVE('',#8590,#8621,#8629,.T.);
#8629 = LINE('',#8630,#8631);
#8630 = CARTESIAN_POINT('',(-3.768169381362E+04,8.120863313657E+04,
    4.4E+03));
#8631 = VECTOR('',#8632,1.);
#8632 = DIRECTION('',(0.,1.,0.));
#8633 = PLANE('',#8634);
#8634 = AXIS2_PLACEMENT_3D('',#8635,#8636,#8637);
#8635 = CARTESIAN_POINT('',(-3.768169381362E+04,8.120863313657E+04,
    4.4E+03));
#8636 = DIRECTION('',(-1.,0.,0.));
#8637 = DIRECTION('',(0.,1.,0.));
#8638 = ADVANCED_FACE('',(#8639),#8664,.F.);
#8639 = FACE_BOUND('',#8640,.F.);
#8640 = EDGE_LOOP('',(#8641,#8642,#8650,#8658));
#8641 = ORIENTED_EDGE('',*,*,#8620,.T.);
#8642 = ORIENTED_EDGE('',*,*,#8643,.T.);
#8643 = EDGE_CURVE('',#8613,#8644,#8646,.T.);
#8644 = VERTEX_POINT('',#8645);
#8645 = CARTESIAN_POINT('',(-3.808169381362E+04,8.200863313657E+04,
    8.8E+03));
#8646 = LINE('',#8647,#8648);
#8647 = CARTESIAN_POINT('',(-3.768169381362E+04,8.200863313657E+04,
    8.8E+03));
#8648 = VECTOR('',#8649,1.);
#8649 = DIRECTION('',(-1.,0.,0.));
#8650 = ORIENTED_EDGE('',*,*,#8651,.F.);
#8651 = EDGE_CURVE('',#8652,#8644,#8654,.T.);
#8652 = VERTEX_POINT('',#8653);
#8653 = CARTESIAN_POINT('',(-3.808169381362E+04,8.200863313657E+04,
    4.4E+03));
#8654 = LINE('',#8655,#8656);
#8655 = CARTESIAN_POINT('',(-3.808169381362E+04,8.200863313657E+04,
    4.4E+03));
#8656 = VECTOR('',#8657,1.);
#8657 = DIRECTION('',(0.,0.,1.));
#8658 = ORIENTED_EDGE('',*,*,#8659,.F.);
#8659 = EDGE_CURVE('',#8621,#8652,#8660,.T.);
#8660 = LINE('',#8661,#8662);
#8661 = CARTESIAN_POINT('',(-3.768169381362E+04,8.200863313657E+04,
    4.4E+03));
#8662 = VECTOR('',#8663,1.);
#8663 = DIRECTION('',(-1.,0.,0.));
#8664 = PLANE('',#8665);
#8665 = AXIS2_PLACEMENT_3D('',#8666,#8667,#8668);
#8666 = CARTESIAN_POINT('',(-3.768169381362E+04,8.200863313657E+04,
    4.4E+03));
#8667 = DIRECTION('',(0.,-1.,0.));
#8668 = DIRECTION('',(-1.,0.,0.));
#8669 = ADVANCED_FACE('',(#8670),#8686,.F.);
#8670 = FACE_BOUND('',#8671,.F.);
#8671 = EDGE_LOOP('',(#8672,#8673,#8679,#8680));
#8672 = ORIENTED_EDGE('',*,*,#8651,.T.);
#8673 = ORIENTED_EDGE('',*,*,#8674,.T.);
#8674 = EDGE_CURVE('',#8644,#8574,#8675,.T.);
#8675 = LINE('',#8676,#8677);
#8676 = CARTESIAN_POINT('',(-3.808169381362E+04,8.200863313657E+04,
    8.8E+03));
#8677 = VECTOR('',#8678,1.);
#8678 = DIRECTION('',(0.,-1.,0.));
#8679 = ORIENTED_EDGE('',*,*,#8571,.F.);
#8680 = ORIENTED_EDGE('',*,*,#8681,.F.);
#8681 = EDGE_CURVE('',#8652,#8572,#8682,.T.);
#8682 = LINE('',#8683,#8684);
#8683 = CARTESIAN_POINT('',(-3.808169381362E+04,8.200863313657E+04,
    4.4E+03));
#8684 = VECTOR('',#8685,1.);
#8685 = DIRECTION('',(0.,-1.,0.));
#8686 = PLANE('',#8687);
#8687 = AXIS2_PLACEMENT_3D('',#8688,#8689,#8690);
#8688 = CARTESIAN_POINT('',(-3.808169381362E+04,8.200863313657E+04,
    4.4E+03));
#8689 = DIRECTION('',(1.,0.,-0.));
#8690 = DIRECTION('',(0.,-1.,0.));
#8691 = ADVANCED_FACE('',(#8692),#8698,.F.);
#8692 = FACE_BOUND('',#8693,.F.);
#8693 = EDGE_LOOP('',(#8694,#8695,#8696,#8697));
#8694 = ORIENTED_EDGE('',*,*,#8597,.T.);
#8695 = ORIENTED_EDGE('',*,*,#8628,.T.);
#8696 = ORIENTED_EDGE('',*,*,#8659,.T.);
#8697 = ORIENTED_EDGE('',*,*,#8681,.T.);
#8698 = PLANE('',#8699);
#8699 = AXIS2_PLACEMENT_3D('',#8700,#8701,#8702);
#8700 = CARTESIAN_POINT('',(-3.788169381362E+04,8.160863313657E+04,
    4.4E+03));
#8701 = DIRECTION('',(0.,0.,1.));
#8702 = DIRECTION('',(1.,0.,-0.));
#8703 = ADVANCED_FACE('',(#8704),#8710,.T.);
#8704 = FACE_BOUND('',#8705,.T.);
#8705 = EDGE_LOOP('',(#8706,#8707,#8708,#8709));
#8706 = ORIENTED_EDGE('',*,*,#8581,.T.);
#8707 = ORIENTED_EDGE('',*,*,#8612,.T.);
#8708 = ORIENTED_EDGE('',*,*,#8643,.T.);
#8709 = ORIENTED_EDGE('',*,*,#8674,.T.);
#8710 = PLANE('',#8711);
#8711 = AXIS2_PLACEMENT_3D('',#8712,#8713,#8714);
#8712 = CARTESIAN_POINT('',(-3.788169381362E+04,8.160863313657E+04,
    8.8E+03));
#8713 = DIRECTION('',(0.,0.,1.));
#8714 = DIRECTION('',(1.,0.,-0.));
#8715 = MANIFOLD_SOLID_BREP('',#8716);
#8716 = CLOSED_SHELL('',(#8717,#8757,#8788,#8819,#8841,#8853));
#8717 = ADVANCED_FACE('',(#8718),#8752,.F.);
#8718 = FACE_BOUND('',#8719,.F.);
#8719 = EDGE_LOOP('',(#8720,#8730,#8738,#8746));
#8720 = ORIENTED_EDGE('',*,*,#8721,.T.);
#8721 = EDGE_CURVE('',#8722,#8724,#8726,.T.);
#8722 = VERTEX_POINT('',#8723);
#8723 = CARTESIAN_POINT('',(-6.658170018262E+04,4.875044711295E+03,
    4.4E+03));
#8724 = VERTEX_POINT('',#8725);
#8725 = CARTESIAN_POINT('',(-6.658170018262E+04,4.875044711295E+03,
    8.8E+03));
#8726 = LINE('',#8727,#8728);
#8727 = CARTESIAN_POINT('',(-6.658170018262E+04,4.875044711295E+03,
    4.4E+03));
#8728 = VECTOR('',#8729,1.);
#8729 = DIRECTION('',(0.,0.,1.));
#8730 = ORIENTED_EDGE('',*,*,#8731,.T.);
#8731 = EDGE_CURVE('',#8724,#8732,#8734,.T.);
#8732 = VERTEX_POINT('',#8733);
#8733 = CARTESIAN_POINT('',(-6.578170018262E+04,4.875044711295E+03,
    8.8E+03));
#8734 = LINE('',#8735,#8736);
#8735 = CARTESIAN_POINT('',(-6.658170018262E+04,4.875044711295E+03,
    8.8E+03));
#8736 = VECTOR('',#8737,1.);
#8737 = DIRECTION('',(1.,0.,0.));
#8738 = ORIENTED_EDGE('',*,*,#8739,.F.);
#8739 = EDGE_CURVE('',#8740,#8732,#8742,.T.);
#8740 = VERTEX_POINT('',#8741);
#8741 = CARTESIAN_POINT('',(-6.578170018262E+04,4.875044711295E+03,
    4.4E+03));
#8742 = LINE('',#8743,#8744);
#8743 = CARTESIAN_POINT('',(-6.578170018262E+04,4.875044711295E+03,
    4.4E+03));
#8744 = VECTOR('',#8745,1.);
#8745 = DIRECTION('',(0.,0.,1.));
#8746 = ORIENTED_EDGE('',*,*,#8747,.F.);
#8747 = EDGE_CURVE('',#8722,#8740,#8748,.T.);
#8748 = LINE('',#8749,#8750);
#8749 = CARTESIAN_POINT('',(-6.658170018262E+04,4.875044711295E+03,
    4.4E+03));
#8750 = VECTOR('',#8751,1.);
#8751 = DIRECTION('',(1.,0.,0.));
#8752 = PLANE('',#8753);
#8753 = AXIS2_PLACEMENT_3D('',#8754,#8755,#8756);
#8754 = CARTESIAN_POINT('',(-6.658170018262E+04,4.875044711295E+03,
    4.4E+03));
#8755 = DIRECTION('',(0.,1.,0.));
#8756 = DIRECTION('',(1.,0.,0.));
#8757 = ADVANCED_FACE('',(#8758),#8783,.F.);
#8758 = FACE_BOUND('',#8759,.F.);
#8759 = EDGE_LOOP('',(#8760,#8761,#8769,#8777));
#8760 = ORIENTED_EDGE('',*,*,#8739,.T.);
#8761 = ORIENTED_EDGE('',*,*,#8762,.T.);
#8762 = EDGE_CURVE('',#8732,#8763,#8765,.T.);
#8763 = VERTEX_POINT('',#8764);
#8764 = CARTESIAN_POINT('',(-6.578170018262E+04,5.275044711295E+03,
    8.8E+03));
#8765 = LINE('',#8766,#8767);
#8766 = CARTESIAN_POINT('',(-6.578170018262E+04,4.875044711295E+03,
    8.8E+03));
#8767 = VECTOR('',#8768,1.);
#8768 = DIRECTION('',(0.,1.,0.));
#8769 = ORIENTED_EDGE('',*,*,#8770,.F.);
#8770 = EDGE_CURVE('',#8771,#8763,#8773,.T.);
#8771 = VERTEX_POINT('',#8772);
#8772 = CARTESIAN_POINT('',(-6.578170018262E+04,5.275044711295E+03,
    4.4E+03));
#8773 = LINE('',#8774,#8775);
#8774 = CARTESIAN_POINT('',(-6.578170018262E+04,5.275044711295E+03,
    4.4E+03));
#8775 = VECTOR('',#8776,1.);
#8776 = DIRECTION('',(0.,0.,1.));
#8777 = ORIENTED_EDGE('',*,*,#8778,.F.);
#8778 = EDGE_CURVE('',#8740,#8771,#8779,.T.);
#8779 = LINE('',#8780,#8781);
#8780 = CARTESIAN_POINT('',(-6.578170018262E+04,4.875044711295E+03,
    4.4E+03));
#8781 = VECTOR('',#8782,1.);
#8782 = DIRECTION('',(0.,1.,0.));
#8783 = PLANE('',#8784);
#8784 = AXIS2_PLACEMENT_3D('',#8785,#8786,#8787);
#8785 = CARTESIAN_POINT('',(-6.578170018262E+04,4.875044711295E+03,
    4.4E+03));
#8786 = DIRECTION('',(-1.,0.,0.));
#8787 = DIRECTION('',(0.,1.,0.));
#8788 = ADVANCED_FACE('',(#8789),#8814,.F.);
#8789 = FACE_BOUND('',#8790,.F.);
#8790 = EDGE_LOOP('',(#8791,#8792,#8800,#8808));
#8791 = ORIENTED_EDGE('',*,*,#8770,.T.);
#8792 = ORIENTED_EDGE('',*,*,#8793,.T.);
#8793 = EDGE_CURVE('',#8763,#8794,#8796,.T.);
#8794 = VERTEX_POINT('',#8795);
#8795 = CARTESIAN_POINT('',(-6.658170018262E+04,5.275044711295E+03,
    8.8E+03));
#8796 = LINE('',#8797,#8798);
#8797 = CARTESIAN_POINT('',(-6.578170018262E+04,5.275044711295E+03,
    8.8E+03));
#8798 = VECTOR('',#8799,1.);
#8799 = DIRECTION('',(-1.,0.,0.));
#8800 = ORIENTED_EDGE('',*,*,#8801,.F.);
#8801 = EDGE_CURVE('',#8802,#8794,#8804,.T.);
#8802 = VERTEX_POINT('',#8803);
#8803 = CARTESIAN_POINT('',(-6.658170018262E+04,5.275044711295E+03,
    4.4E+03));
#8804 = LINE('',#8805,#8806);
#8805 = CARTESIAN_POINT('',(-6.658170018262E+04,5.275044711295E+03,
    4.4E+03));
#8806 = VECTOR('',#8807,1.);
#8807 = DIRECTION('',(0.,0.,1.));
#8808 = ORIENTED_EDGE('',*,*,#8809,.F.);
#8809 = EDGE_CURVE('',#8771,#8802,#8810,.T.);
#8810 = LINE('',#8811,#8812);
#8811 = CARTESIAN_POINT('',(-6.578170018262E+04,5.275044711295E+03,
    4.4E+03));
#8812 = VECTOR('',#8813,1.);
#8813 = DIRECTION('',(-1.,0.,0.));
#8814 = PLANE('',#8815);
#8815 = AXIS2_PLACEMENT_3D('',#8816,#8817,#8818);
#8816 = CARTESIAN_POINT('',(-6.578170018262E+04,5.275044711295E+03,
    4.4E+03));
#8817 = DIRECTION('',(0.,-1.,0.));
#8818 = DIRECTION('',(-1.,0.,0.));
#8819 = ADVANCED_FACE('',(#8820),#8836,.F.);
#8820 = FACE_BOUND('',#8821,.F.);
#8821 = EDGE_LOOP('',(#8822,#8823,#8829,#8830));
#8822 = ORIENTED_EDGE('',*,*,#8801,.T.);
#8823 = ORIENTED_EDGE('',*,*,#8824,.T.);
#8824 = EDGE_CURVE('',#8794,#8724,#8825,.T.);
#8825 = LINE('',#8826,#8827);
#8826 = CARTESIAN_POINT('',(-6.658170018262E+04,5.275044711295E+03,
    8.8E+03));
#8827 = VECTOR('',#8828,1.);
#8828 = DIRECTION('',(0.,-1.,0.));
#8829 = ORIENTED_EDGE('',*,*,#8721,.F.);
#8830 = ORIENTED_EDGE('',*,*,#8831,.F.);
#8831 = EDGE_CURVE('',#8802,#8722,#8832,.T.);
#8832 = LINE('',#8833,#8834);
#8833 = CARTESIAN_POINT('',(-6.658170018262E+04,5.275044711295E+03,
    4.4E+03));
#8834 = VECTOR('',#8835,1.);
#8835 = DIRECTION('',(0.,-1.,0.));
#8836 = PLANE('',#8837);
#8837 = AXIS2_PLACEMENT_3D('',#8838,#8839,#8840);
#8838 = CARTESIAN_POINT('',(-6.658170018262E+04,5.275044711295E+03,
    4.4E+03));
#8839 = DIRECTION('',(1.,0.,-0.));
#8840 = DIRECTION('',(0.,-1.,0.));
#8841 = ADVANCED_FACE('',(#8842),#8848,.F.);
#8842 = FACE_BOUND('',#8843,.F.);
#8843 = EDGE_LOOP('',(#8844,#8845,#8846,#8847));
#8844 = ORIENTED_EDGE('',*,*,#8747,.T.);
#8845 = ORIENTED_EDGE('',*,*,#8778,.T.);
#8846 = ORIENTED_EDGE('',*,*,#8809,.T.);
#8847 = ORIENTED_EDGE('',*,*,#8831,.T.);
#8848 = PLANE('',#8849);
#8849 = AXIS2_PLACEMENT_3D('',#8850,#8851,#8852);
#8850 = CARTESIAN_POINT('',(-6.618170018262E+04,5.075044711295E+03,
    4.4E+03));
#8851 = DIRECTION('',(0.,0.,1.));
#8852 = DIRECTION('',(1.,0.,-0.));
#8853 = ADVANCED_FACE('',(#8854),#8860,.T.);
#8854 = FACE_BOUND('',#8855,.T.);
#8855 = EDGE_LOOP('',(#8856,#8857,#8858,#8859));
#8856 = ORIENTED_EDGE('',*,*,#8731,.T.);
#8857 = ORIENTED_EDGE('',*,*,#8762,.T.);
#8858 = ORIENTED_EDGE('',*,*,#8793,.T.);
#8859 = ORIENTED_EDGE('',*,*,#8824,.T.);
#8860 = PLANE('',#8861);
#8861 = AXIS2_PLACEMENT_3D('',#8862,#8863,#8864);
#8862 = CARTESIAN_POINT('',(-6.618170018262E+04,5.075044711295E+03,
    8.8E+03));
#8863 = DIRECTION('',(0.,0.,1.));
#8864 = DIRECTION('',(1.,0.,-0.));
#8865 = MANIFOLD_SOLID_BREP('',#8866);
#8866 = CLOSED_SHELL('',(#8867,#8907,#8938,#8969,#8991,#9003));
#8867 = ADVANCED_FACE('',(#8868),#8902,.F.);
#8868 = FACE_BOUND('',#8869,.F.);
#8869 = EDGE_LOOP('',(#8870,#8880,#8888,#8896));
#8870 = ORIENTED_EDGE('',*,*,#8871,.T.);
#8871 = EDGE_CURVE('',#8872,#8874,#8876,.T.);
#8872 = VERTEX_POINT('',#8873);
#8873 = CARTESIAN_POINT('',(-3.908169378494E+04,1.297504478848E+04,
    4.4E+03));
#8874 = VERTEX_POINT('',#8875);
#8875 = CARTESIAN_POINT('',(-3.908169378494E+04,1.297504478848E+04,
    8.8E+03));
#8876 = LINE('',#8877,#8878);
#8877 = CARTESIAN_POINT('',(-3.908169378494E+04,1.297504478848E+04,
    4.4E+03));
#8878 = VECTOR('',#8879,1.);
#8879 = DIRECTION('',(0.,0.,1.));
#8880 = ORIENTED_EDGE('',*,*,#8881,.T.);
#8881 = EDGE_CURVE('',#8874,#8882,#8884,.T.);
#8882 = VERTEX_POINT('',#8883);
#8883 = CARTESIAN_POINT('',(-3.868169378494E+04,1.297504478848E+04,
    8.8E+03));
#8884 = LINE('',#8885,#8886);
#8885 = CARTESIAN_POINT('',(-3.908169378494E+04,1.297504478848E+04,
    8.8E+03));
#8886 = VECTOR('',#8887,1.);
#8887 = DIRECTION('',(1.,0.,0.));
#8888 = ORIENTED_EDGE('',*,*,#8889,.F.);
#8889 = EDGE_CURVE('',#8890,#8882,#8892,.T.);
#8890 = VERTEX_POINT('',#8891);
#8891 = CARTESIAN_POINT('',(-3.868169378494E+04,1.297504478848E+04,
    4.4E+03));
#8892 = LINE('',#8893,#8894);
#8893 = CARTESIAN_POINT('',(-3.868169378494E+04,1.297504478848E+04,
    4.4E+03));
#8894 = VECTOR('',#8895,1.);
#8895 = DIRECTION('',(0.,0.,1.));
#8896 = ORIENTED_EDGE('',*,*,#8897,.F.);
#8897 = EDGE_CURVE('',#8872,#8890,#8898,.T.);
#8898 = LINE('',#8899,#8900);
#8899 = CARTESIAN_POINT('',(-3.908169378494E+04,1.297504478848E+04,
    4.4E+03));
#8900 = VECTOR('',#8901,1.);
#8901 = DIRECTION('',(1.,0.,0.));
#8902 = PLANE('',#8903);
#8903 = AXIS2_PLACEMENT_3D('',#8904,#8905,#8906);
#8904 = CARTESIAN_POINT('',(-3.908169378494E+04,1.297504478848E+04,
    4.4E+03));
#8905 = DIRECTION('',(0.,1.,0.));
#8906 = DIRECTION('',(1.,0.,0.));
#8907 = ADVANCED_FACE('',(#8908),#8933,.F.);
#8908 = FACE_BOUND('',#8909,.F.);
#8909 = EDGE_LOOP('',(#8910,#8911,#8919,#8927));
#8910 = ORIENTED_EDGE('',*,*,#8889,.T.);
#8911 = ORIENTED_EDGE('',*,*,#8912,.T.);
#8912 = EDGE_CURVE('',#8882,#8913,#8915,.T.);
#8913 = VERTEX_POINT('',#8914);
#8914 = CARTESIAN_POINT('',(-3.868169378494E+04,1.377504478848E+04,
    8.8E+03));
#8915 = LINE('',#8916,#8917);
#8916 = CARTESIAN_POINT('',(-3.868169378494E+04,1.297504478848E+04,
    8.8E+03));
#8917 = VECTOR('',#8918,1.);
#8918 = DIRECTION('',(0.,1.,0.));
#8919 = ORIENTED_EDGE('',*,*,#8920,.F.);
#8920 = EDGE_CURVE('',#8921,#8913,#8923,.T.);
#8921 = VERTEX_POINT('',#8922);
#8922 = CARTESIAN_POINT('',(-3.868169378494E+04,1.377504478848E+04,
    4.4E+03));
#8923 = LINE('',#8924,#8925);
#8924 = CARTESIAN_POINT('',(-3.868169378494E+04,1.377504478848E+04,
    4.4E+03));
#8925 = VECTOR('',#8926,1.);
#8926 = DIRECTION('',(0.,0.,1.));
#8927 = ORIENTED_EDGE('',*,*,#8928,.F.);
#8928 = EDGE_CURVE('',#8890,#8921,#8929,.T.);
#8929 = LINE('',#8930,#8931);
#8930 = CARTESIAN_POINT('',(-3.868169378494E+04,1.297504478848E+04,
    4.4E+03));
#8931 = VECTOR('',#8932,1.);
#8932 = DIRECTION('',(0.,1.,0.));
#8933 = PLANE('',#8934);
#8934 = AXIS2_PLACEMENT_3D('',#8935,#8936,#8937);
#8935 = CARTESIAN_POINT('',(-3.868169378494E+04,1.297504478848E+04,
    4.4E+03));
#8936 = DIRECTION('',(-1.,0.,0.));
#8937 = DIRECTION('',(0.,1.,0.));
#8938 = ADVANCED_FACE('',(#8939),#8964,.F.);
#8939 = FACE_BOUND('',#8940,.F.);
#8940 = EDGE_LOOP('',(#8941,#8942,#8950,#8958));
#8941 = ORIENTED_EDGE('',*,*,#8920,.T.);
#8942 = ORIENTED_EDGE('',*,*,#8943,.T.);
#8943 = EDGE_CURVE('',#8913,#8944,#8946,.T.);
#8944 = VERTEX_POINT('',#8945);
#8945 = CARTESIAN_POINT('',(-3.908169378494E+04,1.377504478848E+04,
    8.8E+03));
#8946 = LINE('',#8947,#8948);
#8947 = CARTESIAN_POINT('',(-3.868169378494E+04,1.377504478848E+04,
    8.8E+03));
#8948 = VECTOR('',#8949,1.);
#8949 = DIRECTION('',(-1.,0.,0.));
#8950 = ORIENTED_EDGE('',*,*,#8951,.F.);
#8951 = EDGE_CURVE('',#8952,#8944,#8954,.T.);
#8952 = VERTEX_POINT('',#8953);
#8953 = CARTESIAN_POINT('',(-3.908169378494E+04,1.377504478848E+04,
    4.4E+03));
#8954 = LINE('',#8955,#8956);
#8955 = CARTESIAN_POINT('',(-3.908169378494E+04,1.377504478848E+04,
    4.4E+03));
#8956 = VECTOR('',#8957,1.);
#8957 = DIRECTION('',(0.,0.,1.));
#8958 = ORIENTED_EDGE('',*,*,#8959,.F.);
#8959 = EDGE_CURVE('',#8921,#8952,#8960,.T.);
#8960 = LINE('',#8961,#8962);
#8961 = CARTESIAN_POINT('',(-3.868169378494E+04,1.377504478848E+04,
    4.4E+03));
#8962 = VECTOR('',#8963,1.);
#8963 = DIRECTION('',(-1.,0.,0.));
#8964 = PLANE('',#8965);
#8965 = AXIS2_PLACEMENT_3D('',#8966,#8967,#8968);
#8966 = CARTESIAN_POINT('',(-3.868169378494E+04,1.377504478848E+04,
    4.4E+03));
#8967 = DIRECTION('',(0.,-1.,0.));
#8968 = DIRECTION('',(-1.,0.,0.));
#8969 = ADVANCED_FACE('',(#8970),#8986,.F.);
#8970 = FACE_BOUND('',#8971,.F.);
#8971 = EDGE_LOOP('',(#8972,#8973,#8979,#8980));
#8972 = ORIENTED_EDGE('',*,*,#8951,.T.);
#8973 = ORIENTED_EDGE('',*,*,#8974,.T.);
#8974 = EDGE_CURVE('',#8944,#8874,#8975,.T.);
#8975 = LINE('',#8976,#8977);
#8976 = CARTESIAN_POINT('',(-3.908169378494E+04,1.377504478848E+04,
    8.8E+03));
#8977 = VECTOR('',#8978,1.);
#8978 = DIRECTION('',(0.,-1.,0.));
#8979 = ORIENTED_EDGE('',*,*,#8871,.F.);
#8980 = ORIENTED_EDGE('',*,*,#8981,.F.);
#8981 = EDGE_CURVE('',#8952,#8872,#8982,.T.);
#8982 = LINE('',#8983,#8984);
#8983 = CARTESIAN_POINT('',(-3.908169378494E+04,1.377504478848E+04,
    4.4E+03));
#8984 = VECTOR('',#8985,1.);
#8985 = DIRECTION('',(0.,-1.,0.));
#8986 = PLANE('',#8987);
#8987 = AXIS2_PLACEMENT_3D('',#8988,#8989,#8990);
#8988 = CARTESIAN_POINT('',(-3.908169378494E+04,1.377504478848E+04,
    4.4E+03));
#8989 = DIRECTION('',(1.,0.,-0.));
#8990 = DIRECTION('',(0.,-1.,0.));
#8991 = ADVANCED_FACE('',(#8992),#8998,.F.);
#8992 = FACE_BOUND('',#8993,.F.);
#8993 = EDGE_LOOP('',(#8994,#8995,#8996,#8997));
#8994 = ORIENTED_EDGE('',*,*,#8897,.T.);
#8995 = ORIENTED_EDGE('',*,*,#8928,.T.);
#8996 = ORIENTED_EDGE('',*,*,#8959,.T.);
#8997 = ORIENTED_EDGE('',*,*,#8981,.T.);
#8998 = PLANE('',#8999);
#8999 = AXIS2_PLACEMENT_3D('',#9000,#9001,#9002);
#9000 = CARTESIAN_POINT('',(-3.888169378494E+04,1.337504478848E+04,
    4.4E+03));
#9001 = DIRECTION('',(0.,0.,1.));
#9002 = DIRECTION('',(1.,0.,-0.));
#9003 = ADVANCED_FACE('',(#9004),#9010,.T.);
#9004 = FACE_BOUND('',#9005,.T.);
#9005 = EDGE_LOOP('',(#9006,#9007,#9008,#9009));
#9006 = ORIENTED_EDGE('',*,*,#8881,.T.);
#9007 = ORIENTED_EDGE('',*,*,#8912,.T.);
#9008 = ORIENTED_EDGE('',*,*,#8943,.T.);
#9009 = ORIENTED_EDGE('',*,*,#8974,.T.);
#9010 = PLANE('',#9011);
#9011 = AXIS2_PLACEMENT_3D('',#9012,#9013,#9014);
#9012 = CARTESIAN_POINT('',(-3.888169378494E+04,1.337504478848E+04,
    8.8E+03));
#9013 = DIRECTION('',(0.,0.,1.));
#9014 = DIRECTION('',(1.,0.,-0.));
#9015 = MANIFOLD_SOLID_BREP('',#9016);
#9016 = CLOSED_SHELL('',(#9017,#9057,#9088,#9119,#9141,#9153));
#9017 = ADVANCED_FACE('',(#9018),#9052,.F.);
#9018 = FACE_BOUND('',#9019,.F.);
#9019 = EDGE_LOOP('',(#9020,#9030,#9038,#9046));
#9020 = ORIENTED_EDGE('',*,*,#9021,.T.);
#9021 = EDGE_CURVE('',#9022,#9024,#9026,.T.);
#9022 = VERTEX_POINT('',#9023);
#9023 = CARTESIAN_POINT('',(-3.908169378495E+04,4.375044788484E+03,
    4.4E+03));
#9024 = VERTEX_POINT('',#9025);
#9025 = CARTESIAN_POINT('',(-3.908169378495E+04,4.375044788484E+03,
    8.8E+03));
#9026 = LINE('',#9027,#9028);
#9027 = CARTESIAN_POINT('',(-3.908169378495E+04,4.375044788484E+03,
    4.4E+03));
#9028 = VECTOR('',#9029,1.);
#9029 = DIRECTION('',(0.,0.,1.));
#9030 = ORIENTED_EDGE('',*,*,#9031,.T.);
#9031 = EDGE_CURVE('',#9024,#9032,#9034,.T.);
#9032 = VERTEX_POINT('',#9033);
#9033 = CARTESIAN_POINT('',(-3.868169378495E+04,4.375044788484E+03,
    8.8E+03));
#9034 = LINE('',#9035,#9036);
#9035 = CARTESIAN_POINT('',(-3.908169378495E+04,4.375044788484E+03,
    8.8E+03));
#9036 = VECTOR('',#9037,1.);
#9037 = DIRECTION('',(1.,0.,0.));
#9038 = ORIENTED_EDGE('',*,*,#9039,.F.);
#9039 = EDGE_CURVE('',#9040,#9032,#9042,.T.);
#9040 = VERTEX_POINT('',#9041);
#9041 = CARTESIAN_POINT('',(-3.868169378495E+04,4.375044788484E+03,
    4.4E+03));
#9042 = LINE('',#9043,#9044);
#9043 = CARTESIAN_POINT('',(-3.868169378495E+04,4.375044788484E+03,
    4.4E+03));
#9044 = VECTOR('',#9045,1.);
#9045 = DIRECTION('',(0.,0.,1.));
#9046 = ORIENTED_EDGE('',*,*,#9047,.F.);
#9047 = EDGE_CURVE('',#9022,#9040,#9048,.T.);
#9048 = LINE('',#9049,#9050);
#9049 = CARTESIAN_POINT('',(-3.908169378495E+04,4.375044788484E+03,
    4.4E+03));
#9050 = VECTOR('',#9051,1.);
#9051 = DIRECTION('',(1.,0.,0.));
#9052 = PLANE('',#9053);
#9053 = AXIS2_PLACEMENT_3D('',#9054,#9055,#9056);
#9054 = CARTESIAN_POINT('',(-3.908169378495E+04,4.375044788484E+03,
    4.4E+03));
#9055 = DIRECTION('',(0.,1.,0.));
#9056 = DIRECTION('',(1.,0.,0.));
#9057 = ADVANCED_FACE('',(#9058),#9083,.F.);
#9058 = FACE_BOUND('',#9059,.F.);
#9059 = EDGE_LOOP('',(#9060,#9061,#9069,#9077));
#9060 = ORIENTED_EDGE('',*,*,#9039,.T.);
#9061 = ORIENTED_EDGE('',*,*,#9062,.T.);
#9062 = EDGE_CURVE('',#9032,#9063,#9065,.T.);
#9063 = VERTEX_POINT('',#9064);
#9064 = CARTESIAN_POINT('',(-3.868169378495E+04,5.175044788484E+03,
    8.8E+03));
#9065 = LINE('',#9066,#9067);
#9066 = CARTESIAN_POINT('',(-3.868169378495E+04,4.375044788484E+03,
    8.8E+03));
#9067 = VECTOR('',#9068,1.);
#9068 = DIRECTION('',(0.,1.,0.));
#9069 = ORIENTED_EDGE('',*,*,#9070,.F.);
#9070 = EDGE_CURVE('',#9071,#9063,#9073,.T.);
#9071 = VERTEX_POINT('',#9072);
#9072 = CARTESIAN_POINT('',(-3.868169378495E+04,5.175044788484E+03,
    4.4E+03));
#9073 = LINE('',#9074,#9075);
#9074 = CARTESIAN_POINT('',(-3.868169378495E+04,5.175044788484E+03,
    4.4E+03));
#9075 = VECTOR('',#9076,1.);
#9076 = DIRECTION('',(0.,0.,1.));
#9077 = ORIENTED_EDGE('',*,*,#9078,.F.);
#9078 = EDGE_CURVE('',#9040,#9071,#9079,.T.);
#9079 = LINE('',#9080,#9081);
#9080 = CARTESIAN_POINT('',(-3.868169378495E+04,4.375044788484E+03,
    4.4E+03));
#9081 = VECTOR('',#9082,1.);
#9082 = DIRECTION('',(0.,1.,0.));
#9083 = PLANE('',#9084);
#9084 = AXIS2_PLACEMENT_3D('',#9085,#9086,#9087);
#9085 = CARTESIAN_POINT('',(-3.868169378495E+04,4.375044788484E+03,
    4.4E+03));
#9086 = DIRECTION('',(-1.,0.,0.));
#9087 = DIRECTION('',(0.,1.,0.));
#9088 = ADVANCED_FACE('',(#9089),#9114,.F.);
#9089 = FACE_BOUND('',#9090,.F.);
#9090 = EDGE_LOOP('',(#9091,#9092,#9100,#9108));
#9091 = ORIENTED_EDGE('',*,*,#9070,.T.);
#9092 = ORIENTED_EDGE('',*,*,#9093,.T.);
#9093 = EDGE_CURVE('',#9063,#9094,#9096,.T.);
#9094 = VERTEX_POINT('',#9095);
#9095 = CARTESIAN_POINT('',(-3.908169378495E+04,5.175044788484E+03,
    8.8E+03));
#9096 = LINE('',#9097,#9098);
#9097 = CARTESIAN_POINT('',(-3.868169378495E+04,5.175044788484E+03,
    8.8E+03));
#9098 = VECTOR('',#9099,1.);
#9099 = DIRECTION('',(-1.,0.,0.));
#9100 = ORIENTED_EDGE('',*,*,#9101,.F.);
#9101 = EDGE_CURVE('',#9102,#9094,#9104,.T.);
#9102 = VERTEX_POINT('',#9103);
#9103 = CARTESIAN_POINT('',(-3.908169378495E+04,5.175044788484E+03,
    4.4E+03));
#9104 = LINE('',#9105,#9106);
#9105 = CARTESIAN_POINT('',(-3.908169378495E+04,5.175044788484E+03,
    4.4E+03));
#9106 = VECTOR('',#9107,1.);
#9107 = DIRECTION('',(0.,0.,1.));
#9108 = ORIENTED_EDGE('',*,*,#9109,.F.);
#9109 = EDGE_CURVE('',#9071,#9102,#9110,.T.);
#9110 = LINE('',#9111,#9112);
#9111 = CARTESIAN_POINT('',(-3.868169378495E+04,5.175044788484E+03,
    4.4E+03));
#9112 = VECTOR('',#9113,1.);
#9113 = DIRECTION('',(-1.,0.,0.));
#9114 = PLANE('',#9115);
#9115 = AXIS2_PLACEMENT_3D('',#9116,#9117,#9118);
#9116 = CARTESIAN_POINT('',(-3.868169378495E+04,5.175044788484E+03,
    4.4E+03));
#9117 = DIRECTION('',(0.,-1.,0.));
#9118 = DIRECTION('',(-1.,0.,0.));
#9119 = ADVANCED_FACE('',(#9120),#9136,.F.);
#9120 = FACE_BOUND('',#9121,.F.);
#9121 = EDGE_LOOP('',(#9122,#9123,#9129,#9130));
#9122 = ORIENTED_EDGE('',*,*,#9101,.T.);
#9123 = ORIENTED_EDGE('',*,*,#9124,.T.);
#9124 = EDGE_CURVE('',#9094,#9024,#9125,.T.);
#9125 = LINE('',#9126,#9127);
#9126 = CARTESIAN_POINT('',(-3.908169378495E+04,5.175044788484E+03,
    8.8E+03));
#9127 = VECTOR('',#9128,1.);
#9128 = DIRECTION('',(0.,-1.,0.));
#9129 = ORIENTED_EDGE('',*,*,#9021,.F.);
#9130 = ORIENTED_EDGE('',*,*,#9131,.F.);
#9131 = EDGE_CURVE('',#9102,#9022,#9132,.T.);
#9132 = LINE('',#9133,#9134);
#9133 = CARTESIAN_POINT('',(-3.908169378495E+04,5.175044788484E+03,
    4.4E+03));
#9134 = VECTOR('',#9135,1.);
#9135 = DIRECTION('',(0.,-1.,0.));
#9136 = PLANE('',#9137);
#9137 = AXIS2_PLACEMENT_3D('',#9138,#9139,#9140);
#9138 = CARTESIAN_POINT('',(-3.908169378495E+04,5.175044788484E+03,
    4.4E+03));
#9139 = DIRECTION('',(1.,0.,-0.));
#9140 = DIRECTION('',(0.,-1.,0.));
#9141 = ADVANCED_FACE('',(#9142),#9148,.F.);
#9142 = FACE_BOUND('',#9143,.F.);
#9143 = EDGE_LOOP('',(#9144,#9145,#9146,#9147));
#9144 = ORIENTED_EDGE('',*,*,#9047,.T.);
#9145 = ORIENTED_EDGE('',*,*,#9078,.T.);
#9146 = ORIENTED_EDGE('',*,*,#9109,.T.);
#9147 = ORIENTED_EDGE('',*,*,#9131,.T.);
#9148 = PLANE('',#9149);
#9149 = AXIS2_PLACEMENT_3D('',#9150,#9151,#9152);
#9150 = CARTESIAN_POINT('',(-3.888169378495E+04,4.775044788484E+03,
    4.4E+03));
#9151 = DIRECTION('',(0.,0.,1.));
#9152 = DIRECTION('',(1.,0.,-0.));
#9153 = ADVANCED_FACE('',(#9154),#9160,.T.);
#9154 = FACE_BOUND('',#9155,.T.);
#9155 = EDGE_LOOP('',(#9156,#9157,#9158,#9159));
#9156 = ORIENTED_EDGE('',*,*,#9031,.T.);
#9157 = ORIENTED_EDGE('',*,*,#9062,.T.);
#9158 = ORIENTED_EDGE('',*,*,#9093,.T.);
#9159 = ORIENTED_EDGE('',*,*,#9124,.T.);
#9160 = PLANE('',#9161);
#9161 = AXIS2_PLACEMENT_3D('',#9162,#9163,#9164);
#9162 = CARTESIAN_POINT('',(-3.888169378495E+04,4.775044788484E+03,
    8.8E+03));
#9163 = DIRECTION('',(0.,0.,1.));
#9164 = DIRECTION('',(1.,0.,-0.));
#9165 = MANIFOLD_SOLID_BREP('',#9166);
#9166 = CLOSED_SHELL('',(#9167,#9207,#9238,#9269,#9291,#9303));
#9167 = ADVANCED_FACE('',(#9168),#9202,.F.);
#9168 = FACE_BOUND('',#9169,.F.);
#9169 = EDGE_LOOP('',(#9170,#9180,#9188,#9196));
#9170 = ORIENTED_EDGE('',*,*,#9171,.T.);
#9171 = EDGE_CURVE('',#9172,#9174,#9176,.T.);
#9172 = VERTEX_POINT('',#9173);
#9173 = CARTESIAN_POINT('',(-3.908169378495E+04,-624.9552114671,4.4E+03)
  );
#9174 = VERTEX_POINT('',#9175);
#9175 = CARTESIAN_POINT('',(-3.908169378495E+04,-624.9552114671,8.8E+03)
  );
#9176 = LINE('',#9177,#9178);
#9177 = CARTESIAN_POINT('',(-3.908169378495E+04,-624.9552114671,4.4E+03)
  );
#9178 = VECTOR('',#9179,1.);
#9179 = DIRECTION('',(0.,0.,1.));
#9180 = ORIENTED_EDGE('',*,*,#9181,.T.);
#9181 = EDGE_CURVE('',#9174,#9182,#9184,.T.);
#9182 = VERTEX_POINT('',#9183);
#9183 = CARTESIAN_POINT('',(-3.868169378495E+04,-624.9552114671,8.8E+03)
  );
#9184 = LINE('',#9185,#9186);
#9185 = CARTESIAN_POINT('',(-3.908169378495E+04,-624.9552114671,8.8E+03)
  );
#9186 = VECTOR('',#9187,1.);
#9187 = DIRECTION('',(1.,0.,0.));
#9188 = ORIENTED_EDGE('',*,*,#9189,.F.);
#9189 = EDGE_CURVE('',#9190,#9182,#9192,.T.);
#9190 = VERTEX_POINT('',#9191);
#9191 = CARTESIAN_POINT('',(-3.868169378495E+04,-624.9552114671,4.4E+03)
  );
#9192 = LINE('',#9193,#9194);
#9193 = CARTESIAN_POINT('',(-3.868169378495E+04,-624.9552114671,4.4E+03)
  );
#9194 = VECTOR('',#9195,1.);
#9195 = DIRECTION('',(0.,0.,1.));
#9196 = ORIENTED_EDGE('',*,*,#9197,.F.);
#9197 = EDGE_CURVE('',#9172,#9190,#9198,.T.);
#9198 = LINE('',#9199,#9200);
#9199 = CARTESIAN_POINT('',(-3.908169378495E+04,-624.9552114671,4.4E+03)
  );
#9200 = VECTOR('',#9201,1.);
#9201 = DIRECTION('',(1.,0.,0.));
#9202 = PLANE('',#9203);
#9203 = AXIS2_PLACEMENT_3D('',#9204,#9205,#9206);
#9204 = CARTESIAN_POINT('',(-3.908169378495E+04,-624.9552114671,4.4E+03)
  );
#9205 = DIRECTION('',(0.,1.,0.));
#9206 = DIRECTION('',(1.,0.,0.));
#9207 = ADVANCED_FACE('',(#9208),#9233,.F.);
#9208 = FACE_BOUND('',#9209,.F.);
#9209 = EDGE_LOOP('',(#9210,#9211,#9219,#9227));
#9210 = ORIENTED_EDGE('',*,*,#9189,.T.);
#9211 = ORIENTED_EDGE('',*,*,#9212,.T.);
#9212 = EDGE_CURVE('',#9182,#9213,#9215,.T.);
#9213 = VERTEX_POINT('',#9214);
#9214 = CARTESIAN_POINT('',(-3.868169378495E+04,175.04478853289,8.8E+03)
  );
#9215 = LINE('',#9216,#9217);
#9216 = CARTESIAN_POINT('',(-3.868169378495E+04,-624.9552114671,8.8E+03)
  );
#9217 = VECTOR('',#9218,1.);
#9218 = DIRECTION('',(0.,1.,0.));
#9219 = ORIENTED_EDGE('',*,*,#9220,.F.);
#9220 = EDGE_CURVE('',#9221,#9213,#9223,.T.);
#9221 = VERTEX_POINT('',#9222);
#9222 = CARTESIAN_POINT('',(-3.868169378495E+04,175.04478853289,4.4E+03)
  );
#9223 = LINE('',#9224,#9225);
#9224 = CARTESIAN_POINT('',(-3.868169378495E+04,175.04478853289,4.4E+03)
  );
#9225 = VECTOR('',#9226,1.);
#9226 = DIRECTION('',(0.,0.,1.));
#9227 = ORIENTED_EDGE('',*,*,#9228,.F.);
#9228 = EDGE_CURVE('',#9190,#9221,#9229,.T.);
#9229 = LINE('',#9230,#9231);
#9230 = CARTESIAN_POINT('',(-3.868169378495E+04,-624.9552114671,4.4E+03)
  );
#9231 = VECTOR('',#9232,1.);
#9232 = DIRECTION('',(0.,1.,0.));
#9233 = PLANE('',#9234);
#9234 = AXIS2_PLACEMENT_3D('',#9235,#9236,#9237);
#9235 = CARTESIAN_POINT('',(-3.868169378495E+04,-624.9552114671,4.4E+03)
  );
#9236 = DIRECTION('',(-1.,0.,0.));
#9237 = DIRECTION('',(0.,1.,0.));
#9238 = ADVANCED_FACE('',(#9239),#9264,.F.);
#9239 = FACE_BOUND('',#9240,.F.);
#9240 = EDGE_LOOP('',(#9241,#9242,#9250,#9258));
#9241 = ORIENTED_EDGE('',*,*,#9220,.T.);
#9242 = ORIENTED_EDGE('',*,*,#9243,.T.);
#9243 = EDGE_CURVE('',#9213,#9244,#9246,.T.);
#9244 = VERTEX_POINT('',#9245);
#9245 = CARTESIAN_POINT('',(-3.908169378495E+04,175.04478853289,8.8E+03)
  );
#9246 = LINE('',#9247,#9248);
#9247 = CARTESIAN_POINT('',(-3.868169378495E+04,175.04478853289,8.8E+03)
  );
#9248 = VECTOR('',#9249,1.);
#9249 = DIRECTION('',(-1.,0.,0.));
#9250 = ORIENTED_EDGE('',*,*,#9251,.F.);
#9251 = EDGE_CURVE('',#9252,#9244,#9254,.T.);
#9252 = VERTEX_POINT('',#9253);
#9253 = CARTESIAN_POINT('',(-3.908169378495E+04,175.04478853289,4.4E+03)
  );
#9254 = LINE('',#9255,#9256);
#9255 = CARTESIAN_POINT('',(-3.908169378495E+04,175.04478853289,4.4E+03)
  );
#9256 = VECTOR('',#9257,1.);
#9257 = DIRECTION('',(0.,0.,1.));
#9258 = ORIENTED_EDGE('',*,*,#9259,.F.);
#9259 = EDGE_CURVE('',#9221,#9252,#9260,.T.);
#9260 = LINE('',#9261,#9262);
#9261 = CARTESIAN_POINT('',(-3.868169378495E+04,175.04478853289,4.4E+03)
  );
#9262 = VECTOR('',#9263,1.);
#9263 = DIRECTION('',(-1.,0.,0.));
#9264 = PLANE('',#9265);
#9265 = AXIS2_PLACEMENT_3D('',#9266,#9267,#9268);
#9266 = CARTESIAN_POINT('',(-3.868169378495E+04,175.04478853289,4.4E+03)
  );
#9267 = DIRECTION('',(0.,-1.,0.));
#9268 = DIRECTION('',(-1.,0.,0.));
#9269 = ADVANCED_FACE('',(#9270),#9286,.F.);
#9270 = FACE_BOUND('',#9271,.F.);
#9271 = EDGE_LOOP('',(#9272,#9273,#9279,#9280));
#9272 = ORIENTED_EDGE('',*,*,#9251,.T.);
#9273 = ORIENTED_EDGE('',*,*,#9274,.T.);
#9274 = EDGE_CURVE('',#9244,#9174,#9275,.T.);
#9275 = LINE('',#9276,#9277);
#9276 = CARTESIAN_POINT('',(-3.908169378495E+04,175.04478853289,8.8E+03)
  );
#9277 = VECTOR('',#9278,1.);
#9278 = DIRECTION('',(0.,-1.,0.));
#9279 = ORIENTED_EDGE('',*,*,#9171,.F.);
#9280 = ORIENTED_EDGE('',*,*,#9281,.F.);
#9281 = EDGE_CURVE('',#9252,#9172,#9282,.T.);
#9282 = LINE('',#9283,#9284);
#9283 = CARTESIAN_POINT('',(-3.908169378495E+04,175.04478853289,4.4E+03)
  );
#9284 = VECTOR('',#9285,1.);
#9285 = DIRECTION('',(0.,-1.,0.));
#9286 = PLANE('',#9287);
#9287 = AXIS2_PLACEMENT_3D('',#9288,#9289,#9290);
#9288 = CARTESIAN_POINT('',(-3.908169378495E+04,175.04478853289,4.4E+03)
  );
#9289 = DIRECTION('',(1.,0.,-0.));
#9290 = DIRECTION('',(0.,-1.,0.));
#9291 = ADVANCED_FACE('',(#9292),#9298,.F.);
#9292 = FACE_BOUND('',#9293,.F.);
#9293 = EDGE_LOOP('',(#9294,#9295,#9296,#9297));
#9294 = ORIENTED_EDGE('',*,*,#9197,.T.);
#9295 = ORIENTED_EDGE('',*,*,#9228,.T.);
#9296 = ORIENTED_EDGE('',*,*,#9259,.T.);
#9297 = ORIENTED_EDGE('',*,*,#9281,.T.);
#9298 = PLANE('',#9299);
#9299 = AXIS2_PLACEMENT_3D('',#9300,#9301,#9302);
#9300 = CARTESIAN_POINT('',(-3.888169378495E+04,-224.9552114671,4.4E+03)
  );
#9301 = DIRECTION('',(0.,0.,1.));
#9302 = DIRECTION('',(1.,0.,-0.));
#9303 = ADVANCED_FACE('',(#9304),#9310,.T.);
#9304 = FACE_BOUND('',#9305,.T.);
#9305 = EDGE_LOOP('',(#9306,#9307,#9308,#9309));
#9306 = ORIENTED_EDGE('',*,*,#9181,.T.);
#9307 = ORIENTED_EDGE('',*,*,#9212,.T.);
#9308 = ORIENTED_EDGE('',*,*,#9243,.T.);
#9309 = ORIENTED_EDGE('',*,*,#9274,.T.);
#9310 = PLANE('',#9311);
#9311 = AXIS2_PLACEMENT_3D('',#9312,#9313,#9314);
#9312 = CARTESIAN_POINT('',(-3.888169378495E+04,-224.9552114671,8.8E+03)
  );
#9313 = DIRECTION('',(0.,0.,1.));
#9314 = DIRECTION('',(1.,0.,-0.));
#9315 = MANIFOLD_SOLID_BREP('',#9316);
#9316 = CLOSED_SHELL('',(#9317,#9357,#9388,#9419,#9441,#9453));
#9317 = ADVANCED_FACE('',(#9318),#9352,.F.);
#9318 = FACE_BOUND('',#9319,.F.);
#9319 = EDGE_LOOP('',(#9320,#9330,#9338,#9346));
#9320 = ORIENTED_EDGE('',*,*,#9321,.T.);
#9321 = EDGE_CURVE('',#9322,#9324,#9326,.T.);
#9322 = VERTEX_POINT('',#9323);
#9323 = CARTESIAN_POINT('',(-6.658170018261E+04,1.267724590172E+04,
    4.4E+03));
#9324 = VERTEX_POINT('',#9325);
#9325 = CARTESIAN_POINT('',(-6.658170018261E+04,1.267724590172E+04,
    8.8E+03));
#9326 = LINE('',#9327,#9328);
#9327 = CARTESIAN_POINT('',(-6.658170018261E+04,1.267724590172E+04,
    4.4E+03));
#9328 = VECTOR('',#9329,1.);
#9329 = DIRECTION('',(0.,0.,1.));
#9330 = ORIENTED_EDGE('',*,*,#9331,.T.);
#9331 = EDGE_CURVE('',#9324,#9332,#9334,.T.);
#9332 = VERTEX_POINT('',#9333);
#9333 = CARTESIAN_POINT('',(-6.618170018261E+04,1.267724590172E+04,
    8.8E+03));
#9334 = LINE('',#9335,#9336);
#9335 = CARTESIAN_POINT('',(-6.658170018261E+04,1.267724590172E+04,
    8.8E+03));
#9336 = VECTOR('',#9337,1.);
#9337 = DIRECTION('',(1.,0.,0.));
#9338 = ORIENTED_EDGE('',*,*,#9339,.F.);
#9339 = EDGE_CURVE('',#9340,#9332,#9342,.T.);
#9340 = VERTEX_POINT('',#9341);
#9341 = CARTESIAN_POINT('',(-6.618170018261E+04,1.267724590172E+04,
    4.4E+03));
#9342 = LINE('',#9343,#9344);
#9343 = CARTESIAN_POINT('',(-6.618170018261E+04,1.267724590172E+04,
    4.4E+03));
#9344 = VECTOR('',#9345,1.);
#9345 = DIRECTION('',(0.,0.,1.));
#9346 = ORIENTED_EDGE('',*,*,#9347,.F.);
#9347 = EDGE_CURVE('',#9322,#9340,#9348,.T.);
#9348 = LINE('',#9349,#9350);
#9349 = CARTESIAN_POINT('',(-6.658170018261E+04,1.267724590172E+04,
    4.4E+03));
#9350 = VECTOR('',#9351,1.);
#9351 = DIRECTION('',(1.,0.,0.));
#9352 = PLANE('',#9353);
#9353 = AXIS2_PLACEMENT_3D('',#9354,#9355,#9356);
#9354 = CARTESIAN_POINT('',(-6.658170018261E+04,1.267724590172E+04,
    4.4E+03));
#9355 = DIRECTION('',(0.,1.,0.));
#9356 = DIRECTION('',(1.,0.,0.));
#9357 = ADVANCED_FACE('',(#9358),#9383,.F.);
#9358 = FACE_BOUND('',#9359,.F.);
#9359 = EDGE_LOOP('',(#9360,#9361,#9369,#9377));
#9360 = ORIENTED_EDGE('',*,*,#9339,.T.);
#9361 = ORIENTED_EDGE('',*,*,#9362,.T.);
#9362 = EDGE_CURVE('',#9332,#9363,#9365,.T.);
#9363 = VERTEX_POINT('',#9364);
#9364 = CARTESIAN_POINT('',(-6.618170018261E+04,1.347724590172E+04,
    8.8E+03));
#9365 = LINE('',#9366,#9367);
#9366 = CARTESIAN_POINT('',(-6.618170018261E+04,1.267724590172E+04,
    8.8E+03));
#9367 = VECTOR('',#9368,1.);
#9368 = DIRECTION('',(0.,1.,0.));
#9369 = ORIENTED_EDGE('',*,*,#9370,.F.);
#9370 = EDGE_CURVE('',#9371,#9363,#9373,.T.);
#9371 = VERTEX_POINT('',#9372);
#9372 = CARTESIAN_POINT('',(-6.618170018261E+04,1.347724590172E+04,
    4.4E+03));
#9373 = LINE('',#9374,#9375);
#9374 = CARTESIAN_POINT('',(-6.618170018261E+04,1.347724590172E+04,
    4.4E+03));
#9375 = VECTOR('',#9376,1.);
#9376 = DIRECTION('',(0.,0.,1.));
#9377 = ORIENTED_EDGE('',*,*,#9378,.F.);
#9378 = EDGE_CURVE('',#9340,#9371,#9379,.T.);
#9379 = LINE('',#9380,#9381);
#9380 = CARTESIAN_POINT('',(-6.618170018261E+04,1.267724590172E+04,
    4.4E+03));
#9381 = VECTOR('',#9382,1.);
#9382 = DIRECTION('',(0.,1.,0.));
#9383 = PLANE('',#9384);
#9384 = AXIS2_PLACEMENT_3D('',#9385,#9386,#9387);
#9385 = CARTESIAN_POINT('',(-6.618170018261E+04,1.267724590172E+04,
    4.4E+03));
#9386 = DIRECTION('',(-1.,0.,0.));
#9387 = DIRECTION('',(0.,1.,0.));
#9388 = ADVANCED_FACE('',(#9389),#9414,.F.);
#9389 = FACE_BOUND('',#9390,.F.);
#9390 = EDGE_LOOP('',(#9391,#9392,#9400,#9408));
#9391 = ORIENTED_EDGE('',*,*,#9370,.T.);
#9392 = ORIENTED_EDGE('',*,*,#9393,.T.);
#9393 = EDGE_CURVE('',#9363,#9394,#9396,.T.);
#9394 = VERTEX_POINT('',#9395);
#9395 = CARTESIAN_POINT('',(-6.658170018261E+04,1.347724590172E+04,
    8.8E+03));
#9396 = LINE('',#9397,#9398);
#9397 = CARTESIAN_POINT('',(-6.618170018261E+04,1.347724590172E+04,
    8.8E+03));
#9398 = VECTOR('',#9399,1.);
#9399 = DIRECTION('',(-1.,0.,0.));
#9400 = ORIENTED_EDGE('',*,*,#9401,.F.);
#9401 = EDGE_CURVE('',#9402,#9394,#9404,.T.);
#9402 = VERTEX_POINT('',#9403);
#9403 = CARTESIAN_POINT('',(-6.658170018261E+04,1.347724590172E+04,
    4.4E+03));
#9404 = LINE('',#9405,#9406);
#9405 = CARTESIAN_POINT('',(-6.658170018261E+04,1.347724590172E+04,
    4.4E+03));
#9406 = VECTOR('',#9407,1.);
#9407 = DIRECTION('',(0.,0.,1.));
#9408 = ORIENTED_EDGE('',*,*,#9409,.F.);
#9409 = EDGE_CURVE('',#9371,#9402,#9410,.T.);
#9410 = LINE('',#9411,#9412);
#9411 = CARTESIAN_POINT('',(-6.618170018261E+04,1.347724590172E+04,
    4.4E+03));
#9412 = VECTOR('',#9413,1.);
#9413 = DIRECTION('',(-1.,0.,0.));
#9414 = PLANE('',#9415);
#9415 = AXIS2_PLACEMENT_3D('',#9416,#9417,#9418);
#9416 = CARTESIAN_POINT('',(-6.618170018261E+04,1.347724590172E+04,
    4.4E+03));
#9417 = DIRECTION('',(0.,-1.,0.));
#9418 = DIRECTION('',(-1.,0.,0.));
#9419 = ADVANCED_FACE('',(#9420),#9436,.F.);
#9420 = FACE_BOUND('',#9421,.F.);
#9421 = EDGE_LOOP('',(#9422,#9423,#9429,#9430));
#9422 = ORIENTED_EDGE('',*,*,#9401,.T.);
#9423 = ORIENTED_EDGE('',*,*,#9424,.T.);
#9424 = EDGE_CURVE('',#9394,#9324,#9425,.T.);
#9425 = LINE('',#9426,#9427);
#9426 = CARTESIAN_POINT('',(-6.658170018261E+04,1.347724590172E+04,
    8.8E+03));
#9427 = VECTOR('',#9428,1.);
#9428 = DIRECTION('',(0.,-1.,0.));
#9429 = ORIENTED_EDGE('',*,*,#9321,.F.);
#9430 = ORIENTED_EDGE('',*,*,#9431,.F.);
#9431 = EDGE_CURVE('',#9402,#9322,#9432,.T.);
#9432 = LINE('',#9433,#9434);
#9433 = CARTESIAN_POINT('',(-6.658170018261E+04,1.347724590172E+04,
    4.4E+03));
#9434 = VECTOR('',#9435,1.);
#9435 = DIRECTION('',(0.,-1.,0.));
#9436 = PLANE('',#9437);
#9437 = AXIS2_PLACEMENT_3D('',#9438,#9439,#9440);
#9438 = CARTESIAN_POINT('',(-6.658170018261E+04,1.347724590172E+04,
    4.4E+03));
#9439 = DIRECTION('',(1.,0.,-0.));
#9440 = DIRECTION('',(0.,-1.,0.));
#9441 = ADVANCED_FACE('',(#9442),#9448,.F.);
#9442 = FACE_BOUND('',#9443,.F.);
#9443 = EDGE_LOOP('',(#9444,#9445,#9446,#9447));
#9444 = ORIENTED_EDGE('',*,*,#9347,.T.);
#9445 = ORIENTED_EDGE('',*,*,#9378,.T.);
#9446 = ORIENTED_EDGE('',*,*,#9409,.T.);
#9447 = ORIENTED_EDGE('',*,*,#9431,.T.);
#9448 = PLANE('',#9449);
#9449 = AXIS2_PLACEMENT_3D('',#9450,#9451,#9452);
#9450 = CARTESIAN_POINT('',(-6.638170018261E+04,1.307724590172E+04,
    4.4E+03));
#9451 = DIRECTION('',(0.,0.,1.));
#9452 = DIRECTION('',(1.,0.,-0.));
#9453 = ADVANCED_FACE('',(#9454),#9460,.T.);
#9454 = FACE_BOUND('',#9455,.T.);
#9455 = EDGE_LOOP('',(#9456,#9457,#9458,#9459));
#9456 = ORIENTED_EDGE('',*,*,#9331,.T.);
#9457 = ORIENTED_EDGE('',*,*,#9362,.T.);
#9458 = ORIENTED_EDGE('',*,*,#9393,.T.);
#9459 = ORIENTED_EDGE('',*,*,#9424,.T.);
#9460 = PLANE('',#9461);
#9461 = AXIS2_PLACEMENT_3D('',#9462,#9463,#9464);
#9462 = CARTESIAN_POINT('',(-6.638170018261E+04,1.307724590172E+04,
    8.8E+03));
#9463 = DIRECTION('',(0.,0.,1.));
#9464 = DIRECTION('',(1.,0.,-0.));
#9465 = MANIFOLD_SOLID_BREP('',#9466);
#9466 = CLOSED_SHELL('',(#9467,#9507,#9538,#9569,#9591,#9603));
#9467 = ADVANCED_FACE('',(#9468),#9502,.F.);
#9468 = FACE_BOUND('',#9469,.F.);
#9469 = EDGE_LOOP('',(#9470,#9480,#9488,#9496));
#9470 = ORIENTED_EDGE('',*,*,#9471,.T.);
#9471 = EDGE_CURVE('',#9472,#9474,#9476,.T.);
#9472 = VERTEX_POINT('',#9473);
#9473 = CARTESIAN_POINT('',(1.239715434464E+04,3.38779386276E+04,4.4E+03
    ));
#9474 = VERTEX_POINT('',#9475);
#9475 = CARTESIAN_POINT('',(1.239715434464E+04,3.38779386276E+04,8.8E+03
    ));
#9476 = LINE('',#9477,#9478);
#9477 = CARTESIAN_POINT('',(1.239715434464E+04,3.38779386276E+04,4.4E+03
    ));
#9478 = VECTOR('',#9479,1.);
#9479 = DIRECTION('',(0.,0.,1.));
#9480 = ORIENTED_EDGE('',*,*,#9481,.T.);
#9481 = EDGE_CURVE('',#9474,#9482,#9484,.T.);
#9482 = VERTEX_POINT('',#9483);
#9483 = CARTESIAN_POINT('',(1.299715434464E+04,3.38779386276E+04,8.8E+03
    ));
#9484 = LINE('',#9485,#9486);
#9485 = CARTESIAN_POINT('',(1.239715434464E+04,3.38779386276E+04,8.8E+03
    ));
#9486 = VECTOR('',#9487,1.);
#9487 = DIRECTION('',(1.,0.,0.));
#9488 = ORIENTED_EDGE('',*,*,#9489,.F.);
#9489 = EDGE_CURVE('',#9490,#9482,#9492,.T.);
#9490 = VERTEX_POINT('',#9491);
#9491 = CARTESIAN_POINT('',(1.299715434464E+04,3.38779386276E+04,4.4E+03
    ));
#9492 = LINE('',#9493,#9494);
#9493 = CARTESIAN_POINT('',(1.299715434464E+04,3.38779386276E+04,4.4E+03
    ));
#9494 = VECTOR('',#9495,1.);
#9495 = DIRECTION('',(0.,0.,1.));
#9496 = ORIENTED_EDGE('',*,*,#9497,.F.);
#9497 = EDGE_CURVE('',#9472,#9490,#9498,.T.);
#9498 = LINE('',#9499,#9500);
#9499 = CARTESIAN_POINT('',(1.239715434464E+04,3.38779386276E+04,4.4E+03
    ));
#9500 = VECTOR('',#9501,1.);
#9501 = DIRECTION('',(1.,0.,0.));
#9502 = PLANE('',#9503);
#9503 = AXIS2_PLACEMENT_3D('',#9504,#9505,#9506);
#9504 = CARTESIAN_POINT('',(1.239715434464E+04,3.38779386276E+04,4.4E+03
    ));
#9505 = DIRECTION('',(0.,1.,0.));
#9506 = DIRECTION('',(1.,0.,0.));
#9507 = ADVANCED_FACE('',(#9508),#9533,.F.);
#9508 = FACE_BOUND('',#9509,.F.);
#9509 = EDGE_LOOP('',(#9510,#9511,#9519,#9527));
#9510 = ORIENTED_EDGE('',*,*,#9489,.T.);
#9511 = ORIENTED_EDGE('',*,*,#9512,.T.);
#9512 = EDGE_CURVE('',#9482,#9513,#9515,.T.);
#9513 = VERTEX_POINT('',#9514);
#9514 = CARTESIAN_POINT('',(1.299715434464E+04,3.50779386276E+04,8.8E+03
    ));
#9515 = LINE('',#9516,#9517);
#9516 = CARTESIAN_POINT('',(1.299715434464E+04,3.38779386276E+04,8.8E+03
    ));
#9517 = VECTOR('',#9518,1.);
#9518 = DIRECTION('',(0.,1.,0.));
#9519 = ORIENTED_EDGE('',*,*,#9520,.F.);
#9520 = EDGE_CURVE('',#9521,#9513,#9523,.T.);
#9521 = VERTEX_POINT('',#9522);
#9522 = CARTESIAN_POINT('',(1.299715434464E+04,3.50779386276E+04,4.4E+03
    ));
#9523 = LINE('',#9524,#9525);
#9524 = CARTESIAN_POINT('',(1.299715434464E+04,3.50779386276E+04,4.4E+03
    ));
#9525 = VECTOR('',#9526,1.);
#9526 = DIRECTION('',(0.,0.,1.));
#9527 = ORIENTED_EDGE('',*,*,#9528,.F.);
#9528 = EDGE_CURVE('',#9490,#9521,#9529,.T.);
#9529 = LINE('',#9530,#9531);
#9530 = CARTESIAN_POINT('',(1.299715434464E+04,3.38779386276E+04,4.4E+03
    ));
#9531 = VECTOR('',#9532,1.);
#9532 = DIRECTION('',(0.,1.,0.));
#9533 = PLANE('',#9534);
#9534 = AXIS2_PLACEMENT_3D('',#9535,#9536,#9537);
#9535 = CARTESIAN_POINT('',(1.299715434464E+04,3.38779386276E+04,4.4E+03
    ));
#9536 = DIRECTION('',(-1.,0.,0.));
#9537 = DIRECTION('',(0.,1.,0.));
#9538 = ADVANCED_FACE('',(#9539),#9564,.F.);
#9539 = FACE_BOUND('',#9540,.F.);
#9540 = EDGE_LOOP('',(#9541,#9542,#9550,#9558));
#9541 = ORIENTED_EDGE('',*,*,#9520,.T.);
#9542 = ORIENTED_EDGE('',*,*,#9543,.T.);
#9543 = EDGE_CURVE('',#9513,#9544,#9546,.T.);
#9544 = VERTEX_POINT('',#9545);
#9545 = CARTESIAN_POINT('',(1.239715434464E+04,3.50779386276E+04,8.8E+03
    ));
#9546 = LINE('',#9547,#9548);
#9547 = CARTESIAN_POINT('',(1.299715434464E+04,3.50779386276E+04,8.8E+03
    ));
#9548 = VECTOR('',#9549,1.);
#9549 = DIRECTION('',(-1.,0.,0.));
#9550 = ORIENTED_EDGE('',*,*,#9551,.F.);
#9551 = EDGE_CURVE('',#9552,#9544,#9554,.T.);
#9552 = VERTEX_POINT('',#9553);
#9553 = CARTESIAN_POINT('',(1.239715434464E+04,3.50779386276E+04,4.4E+03
    ));
#9554 = LINE('',#9555,#9556);
#9555 = CARTESIAN_POINT('',(1.239715434464E+04,3.50779386276E+04,4.4E+03
    ));
#9556 = VECTOR('',#9557,1.);
#9557 = DIRECTION('',(0.,0.,1.));
#9558 = ORIENTED_EDGE('',*,*,#9559,.F.);
#9559 = EDGE_CURVE('',#9521,#9552,#9560,.T.);
#9560 = LINE('',#9561,#9562);
#9561 = CARTESIAN_POINT('',(1.299715434464E+04,3.50779386276E+04,4.4E+03
    ));
#9562 = VECTOR('',#9563,1.);
#9563 = DIRECTION('',(-1.,0.,0.));
#9564 = PLANE('',#9565);
#9565 = AXIS2_PLACEMENT_3D('',#9566,#9567,#9568);
#9566 = CARTESIAN_POINT('',(1.299715434464E+04,3.50779386276E+04,4.4E+03
    ));
#9567 = DIRECTION('',(0.,-1.,0.));
#9568 = DIRECTION('',(-1.,0.,0.));
#9569 = ADVANCED_FACE('',(#9570),#9586,.F.);
#9570 = FACE_BOUND('',#9571,.F.);
#9571 = EDGE_LOOP('',(#9572,#9573,#9579,#9580));
#9572 = ORIENTED_EDGE('',*,*,#9551,.T.);
#9573 = ORIENTED_EDGE('',*,*,#9574,.T.);
#9574 = EDGE_CURVE('',#9544,#9474,#9575,.T.);
#9575 = LINE('',#9576,#9577);
#9576 = CARTESIAN_POINT('',(1.239715434464E+04,3.50779386276E+04,8.8E+03
    ));
#9577 = VECTOR('',#9578,1.);
#9578 = DIRECTION('',(0.,-1.,0.));
#9579 = ORIENTED_EDGE('',*,*,#9471,.F.);
#9580 = ORIENTED_EDGE('',*,*,#9581,.F.);
#9581 = EDGE_CURVE('',#9552,#9472,#9582,.T.);
#9582 = LINE('',#9583,#9584);
#9583 = CARTESIAN_POINT('',(1.239715434464E+04,3.50779386276E+04,4.4E+03
    ));
#9584 = VECTOR('',#9585,1.);
#9585 = DIRECTION('',(0.,-1.,0.));
#9586 = PLANE('',#9587);
#9587 = AXIS2_PLACEMENT_3D('',#9588,#9589,#9590);
#9588 = CARTESIAN_POINT('',(1.239715434464E+04,3.50779386276E+04,4.4E+03
    ));
#9589 = DIRECTION('',(1.,0.,-0.));
#9590 = DIRECTION('',(0.,-1.,0.));
#9591 = ADVANCED_FACE('',(#9592),#9598,.F.);
#9592 = FACE_BOUND('',#9593,.F.);
#9593 = EDGE_LOOP('',(#9594,#9595,#9596,#9597));
#9594 = ORIENTED_EDGE('',*,*,#9497,.T.);
#9595 = ORIENTED_EDGE('',*,*,#9528,.T.);
#9596 = ORIENTED_EDGE('',*,*,#9559,.T.);
#9597 = ORIENTED_EDGE('',*,*,#9581,.T.);
#9598 = PLANE('',#9599);
#9599 = AXIS2_PLACEMENT_3D('',#9600,#9601,#9602);
#9600 = CARTESIAN_POINT('',(1.269715434464E+04,3.44779386276E+04,4.4E+03
    ));
#9601 = DIRECTION('',(0.,0.,1.));
#9602 = DIRECTION('',(1.,0.,-0.));
#9603 = ADVANCED_FACE('',(#9604),#9610,.T.);
#9604 = FACE_BOUND('',#9605,.T.);
#9605 = EDGE_LOOP('',(#9606,#9607,#9608,#9609));
#9606 = ORIENTED_EDGE('',*,*,#9481,.T.);
#9607 = ORIENTED_EDGE('',*,*,#9512,.T.);
#9608 = ORIENTED_EDGE('',*,*,#9543,.T.);
#9609 = ORIENTED_EDGE('',*,*,#9574,.T.);
#9610 = PLANE('',#9611);
#9611 = AXIS2_PLACEMENT_3D('',#9612,#9613,#9614);
#9612 = CARTESIAN_POINT('',(1.269715434464E+04,3.44779386276E+04,8.8E+03
    ));
#9613 = DIRECTION('',(0.,0.,1.));
#9614 = DIRECTION('',(1.,0.,-0.));
#9615 = MANIFOLD_SOLID_BREP('',#9616);
#9616 = CLOSED_SHELL('',(#9617,#9657,#9688,#9719,#9741,#9753));
#9617 = ADVANCED_FACE('',(#9618),#9652,.F.);
#9618 = FACE_BOUND('',#9619,.F.);
#9619 = EDGE_LOOP('',(#9620,#9630,#9638,#9646));
#9620 = ORIENTED_EDGE('',*,*,#9621,.T.);
#9621 = EDGE_CURVE('',#9622,#9624,#9626,.T.);
#9622 = VERTEX_POINT('',#9623);
#9623 = CARTESIAN_POINT('',(1.281830615912E+04,-322.0613723495,4.4E+03)
  );
#9624 = VERTEX_POINT('',#9625);
#9625 = CARTESIAN_POINT('',(1.281830615912E+04,-322.0613723495,8.8E+03)
  );
#9626 = LINE('',#9627,#9628);
#9627 = CARTESIAN_POINT('',(1.281830615912E+04,-322.0613723495,4.4E+03)
  );
#9628 = VECTOR('',#9629,1.);
#9629 = DIRECTION('',(0.,0.,1.));
#9630 = ORIENTED_EDGE('',*,*,#9631,.T.);
#9631 = EDGE_CURVE('',#9624,#9632,#9634,.T.);
#9632 = VERTEX_POINT('',#9633);
#9633 = CARTESIAN_POINT('',(1.321830615912E+04,-322.0613723495,8.8E+03)
  );
#9634 = LINE('',#9635,#9636);
#9635 = CARTESIAN_POINT('',(1.281830615912E+04,-322.0613723495,8.8E+03)
  );
#9636 = VECTOR('',#9637,1.);
#9637 = DIRECTION('',(1.,0.,0.));
#9638 = ORIENTED_EDGE('',*,*,#9639,.F.);
#9639 = EDGE_CURVE('',#9640,#9632,#9642,.T.);
#9640 = VERTEX_POINT('',#9641);
#9641 = CARTESIAN_POINT('',(1.321830615912E+04,-322.0613723495,4.4E+03)
  );
#9642 = LINE('',#9643,#9644);
#9643 = CARTESIAN_POINT('',(1.321830615912E+04,-322.0613723495,4.4E+03)
  );
#9644 = VECTOR('',#9645,1.);
#9645 = DIRECTION('',(0.,0.,1.));
#9646 = ORIENTED_EDGE('',*,*,#9647,.F.);
#9647 = EDGE_CURVE('',#9622,#9640,#9648,.T.);
#9648 = LINE('',#9649,#9650);
#9649 = CARTESIAN_POINT('',(1.281830615912E+04,-322.0613723495,4.4E+03)
  );
#9650 = VECTOR('',#9651,1.);
#9651 = DIRECTION('',(1.,0.,0.));
#9652 = PLANE('',#9653);
#9653 = AXIS2_PLACEMENT_3D('',#9654,#9655,#9656);
#9654 = CARTESIAN_POINT('',(1.281830615912E+04,-322.0613723495,4.4E+03)
  );
#9655 = DIRECTION('',(0.,1.,0.));
#9656 = DIRECTION('',(1.,0.,0.));
#9657 = ADVANCED_FACE('',(#9658),#9683,.F.);
#9658 = FACE_BOUND('',#9659,.F.);
#9659 = EDGE_LOOP('',(#9660,#9661,#9669,#9677));
#9660 = ORIENTED_EDGE('',*,*,#9639,.T.);
#9661 = ORIENTED_EDGE('',*,*,#9662,.T.);
#9662 = EDGE_CURVE('',#9632,#9663,#9665,.T.);
#9663 = VERTEX_POINT('',#9664);
#9664 = CARTESIAN_POINT('',(1.321830615912E+04,477.93862765049,8.8E+03)
  );
#9665 = LINE('',#9666,#9667);
#9666 = CARTESIAN_POINT('',(1.321830615912E+04,-322.0613723495,8.8E+03)
  );
#9667 = VECTOR('',#9668,1.);
#9668 = DIRECTION('',(0.,1.,0.));
#9669 = ORIENTED_EDGE('',*,*,#9670,.F.);
#9670 = EDGE_CURVE('',#9671,#9663,#9673,.T.);
#9671 = VERTEX_POINT('',#9672);
#9672 = CARTESIAN_POINT('',(1.321830615912E+04,477.93862765049,4.4E+03)
  );
#9673 = LINE('',#9674,#9675);
#9674 = CARTESIAN_POINT('',(1.321830615912E+04,477.93862765049,4.4E+03)
  );
#9675 = VECTOR('',#9676,1.);
#9676 = DIRECTION('',(0.,0.,1.));
#9677 = ORIENTED_EDGE('',*,*,#9678,.F.);
#9678 = EDGE_CURVE('',#9640,#9671,#9679,.T.);
#9679 = LINE('',#9680,#9681);
#9680 = CARTESIAN_POINT('',(1.321830615912E+04,-322.0613723495,4.4E+03)
  );
#9681 = VECTOR('',#9682,1.);
#9682 = DIRECTION('',(0.,1.,0.));
#9683 = PLANE('',#9684);
#9684 = AXIS2_PLACEMENT_3D('',#9685,#9686,#9687);
#9685 = CARTESIAN_POINT('',(1.321830615912E+04,-322.0613723495,4.4E+03)
  );
#9686 = DIRECTION('',(-1.,0.,0.));
#9687 = DIRECTION('',(0.,1.,0.));
#9688 = ADVANCED_FACE('',(#9689),#9714,.F.);
#9689 = FACE_BOUND('',#9690,.F.);
#9690 = EDGE_LOOP('',(#9691,#9692,#9700,#9708));
#9691 = ORIENTED_EDGE('',*,*,#9670,.T.);
#9692 = ORIENTED_EDGE('',*,*,#9693,.T.);
#9693 = EDGE_CURVE('',#9663,#9694,#9696,.T.);
#9694 = VERTEX_POINT('',#9695);
#9695 = CARTESIAN_POINT('',(1.281830615912E+04,477.93862765049,8.8E+03)
  );
#9696 = LINE('',#9697,#9698);
#9697 = CARTESIAN_POINT('',(1.321830615912E+04,477.93862765049,8.8E+03)
  );
#9698 = VECTOR('',#9699,1.);
#9699 = DIRECTION('',(-1.,0.,0.));
#9700 = ORIENTED_EDGE('',*,*,#9701,.F.);
#9701 = EDGE_CURVE('',#9702,#9694,#9704,.T.);
#9702 = VERTEX_POINT('',#9703);
#9703 = CARTESIAN_POINT('',(1.281830615912E+04,477.93862765049,4.4E+03)
  );
#9704 = LINE('',#9705,#9706);
#9705 = CARTESIAN_POINT('',(1.281830615912E+04,477.93862765049,4.4E+03)
  );
#9706 = VECTOR('',#9707,1.);
#9707 = DIRECTION('',(0.,0.,1.));
#9708 = ORIENTED_EDGE('',*,*,#9709,.F.);
#9709 = EDGE_CURVE('',#9671,#9702,#9710,.T.);
#9710 = LINE('',#9711,#9712);
#9711 = CARTESIAN_POINT('',(1.321830615912E+04,477.93862765049,4.4E+03)
  );
#9712 = VECTOR('',#9713,1.);
#9713 = DIRECTION('',(-1.,0.,0.));
#9714 = PLANE('',#9715);
#9715 = AXIS2_PLACEMENT_3D('',#9716,#9717,#9718);
#9716 = CARTESIAN_POINT('',(1.321830615912E+04,477.93862765049,4.4E+03)
  );
#9717 = DIRECTION('',(0.,-1.,0.));
#9718 = DIRECTION('',(-1.,0.,0.));
#9719 = ADVANCED_FACE('',(#9720),#9736,.F.);
#9720 = FACE_BOUND('',#9721,.F.);
#9721 = EDGE_LOOP('',(#9722,#9723,#9729,#9730));
#9722 = ORIENTED_EDGE('',*,*,#9701,.T.);
#9723 = ORIENTED_EDGE('',*,*,#9724,.T.);
#9724 = EDGE_CURVE('',#9694,#9624,#9725,.T.);
#9725 = LINE('',#9726,#9727);
#9726 = CARTESIAN_POINT('',(1.281830615912E+04,477.93862765049,8.8E+03)
  );
#9727 = VECTOR('',#9728,1.);
#9728 = DIRECTION('',(0.,-1.,0.));
#9729 = ORIENTED_EDGE('',*,*,#9621,.F.);
#9730 = ORIENTED_EDGE('',*,*,#9731,.F.);
#9731 = EDGE_CURVE('',#9702,#9622,#9732,.T.);
#9732 = LINE('',#9733,#9734);
#9733 = CARTESIAN_POINT('',(1.281830615912E+04,477.93862765049,4.4E+03)
  );
#9734 = VECTOR('',#9735,1.);
#9735 = DIRECTION('',(0.,-1.,0.));
#9736 = PLANE('',#9737);
#9737 = AXIS2_PLACEMENT_3D('',#9738,#9739,#9740);
#9738 = CARTESIAN_POINT('',(1.281830615912E+04,477.93862765049,4.4E+03)
  );
#9739 = DIRECTION('',(1.,0.,-0.));
#9740 = DIRECTION('',(0.,-1.,0.));
#9741 = ADVANCED_FACE('',(#9742),#9748,.F.);
#9742 = FACE_BOUND('',#9743,.F.);
#9743 = EDGE_LOOP('',(#9744,#9745,#9746,#9747));
#9744 = ORIENTED_EDGE('',*,*,#9647,.T.);
#9745 = ORIENTED_EDGE('',*,*,#9678,.T.);
#9746 = ORIENTED_EDGE('',*,*,#9709,.T.);
#9747 = ORIENTED_EDGE('',*,*,#9731,.T.);
#9748 = PLANE('',#9749);
#9749 = AXIS2_PLACEMENT_3D('',#9750,#9751,#9752);
#9750 = CARTESIAN_POINT('',(1.301830615912E+04,77.938627650496,4.4E+03)
  );
#9751 = DIRECTION('',(0.,0.,1.));
#9752 = DIRECTION('',(1.,0.,-0.));
#9753 = ADVANCED_FACE('',(#9754),#9760,.T.);
#9754 = FACE_BOUND('',#9755,.T.);
#9755 = EDGE_LOOP('',(#9756,#9757,#9758,#9759));
#9756 = ORIENTED_EDGE('',*,*,#9631,.T.);
#9757 = ORIENTED_EDGE('',*,*,#9662,.T.);
#9758 = ORIENTED_EDGE('',*,*,#9693,.T.);
#9759 = ORIENTED_EDGE('',*,*,#9724,.T.);
#9760 = PLANE('',#9761);
#9761 = AXIS2_PLACEMENT_3D('',#9762,#9763,#9764);
#9762 = CARTESIAN_POINT('',(1.301830615912E+04,77.938627650496,8.8E+03)
  );
#9763 = DIRECTION('',(0.,0.,1.));
#9764 = DIRECTION('',(1.,0.,-0.));
#9765 = MANIFOLD_SOLID_BREP('',#9766);
#9766 = CLOSED_SHELL('',(#9767,#9807,#9838,#9869,#9891,#9903));
#9767 = ADVANCED_FACE('',(#9768),#9802,.F.);
#9768 = FACE_BOUND('',#9769,.F.);
#9769 = EDGE_LOOP('',(#9770,#9780,#9788,#9796));
#9770 = ORIENTED_EDGE('',*,*,#9771,.T.);
#9771 = EDGE_CURVE('',#9772,#9774,#9776,.T.);
#9772 = VERTEX_POINT('',#9773);
#9773 = CARTESIAN_POINT('',(1.841830615912E+04,-322.0613723509,4.4E+03)
  );
#9774 = VERTEX_POINT('',#9775);
#9775 = CARTESIAN_POINT('',(1.841830615912E+04,-322.0613723509,8.8E+03)
  );
#9776 = LINE('',#9777,#9778);
#9777 = CARTESIAN_POINT('',(1.841830615912E+04,-322.0613723509,4.4E+03)
  );
#9778 = VECTOR('',#9779,1.);
#9779 = DIRECTION('',(0.,0.,1.));
#9780 = ORIENTED_EDGE('',*,*,#9781,.T.);
#9781 = EDGE_CURVE('',#9774,#9782,#9784,.T.);
#9782 = VERTEX_POINT('',#9783);
#9783 = CARTESIAN_POINT('',(1.881830615912E+04,-322.0613723509,8.8E+03)
  );
#9784 = LINE('',#9785,#9786);
#9785 = CARTESIAN_POINT('',(1.841830615912E+04,-322.0613723509,8.8E+03)
  );
#9786 = VECTOR('',#9787,1.);
#9787 = DIRECTION('',(1.,0.,0.));
#9788 = ORIENTED_EDGE('',*,*,#9789,.F.);
#9789 = EDGE_CURVE('',#9790,#9782,#9792,.T.);
#9790 = VERTEX_POINT('',#9791);
#9791 = CARTESIAN_POINT('',(1.881830615912E+04,-322.0613723509,4.4E+03)
  );
#9792 = LINE('',#9793,#9794);
#9793 = CARTESIAN_POINT('',(1.881830615912E+04,-322.0613723509,4.4E+03)
  );
#9794 = VECTOR('',#9795,1.);
#9795 = DIRECTION('',(0.,0.,1.));
#9796 = ORIENTED_EDGE('',*,*,#9797,.F.);
#9797 = EDGE_CURVE('',#9772,#9790,#9798,.T.);
#9798 = LINE('',#9799,#9800);
#9799 = CARTESIAN_POINT('',(1.841830615912E+04,-322.0613723509,4.4E+03)
  );
#9800 = VECTOR('',#9801,1.);
#9801 = DIRECTION('',(1.,0.,0.));
#9802 = PLANE('',#9803);
#9803 = AXIS2_PLACEMENT_3D('',#9804,#9805,#9806);
#9804 = CARTESIAN_POINT('',(1.841830615912E+04,-322.0613723509,4.4E+03)
  );
#9805 = DIRECTION('',(0.,1.,0.));
#9806 = DIRECTION('',(1.,0.,0.));
#9807 = ADVANCED_FACE('',(#9808),#9833,.F.);
#9808 = FACE_BOUND('',#9809,.F.);
#9809 = EDGE_LOOP('',(#9810,#9811,#9819,#9827));
#9810 = ORIENTED_EDGE('',*,*,#9789,.T.);
#9811 = ORIENTED_EDGE('',*,*,#9812,.T.);
#9812 = EDGE_CURVE('',#9782,#9813,#9815,.T.);
#9813 = VERTEX_POINT('',#9814);
#9814 = CARTESIAN_POINT('',(1.881830615912E+04,477.93862764909,8.8E+03)
  );
#9815 = LINE('',#9816,#9817);
#9816 = CARTESIAN_POINT('',(1.881830615912E+04,-322.0613723509,8.8E+03)
  );
#9817 = VECTOR('',#9818,1.);
#9818 = DIRECTION('',(0.,1.,0.));
#9819 = ORIENTED_EDGE('',*,*,#9820,.F.);
#9820 = EDGE_CURVE('',#9821,#9813,#9823,.T.);
#9821 = VERTEX_POINT('',#9822);
#9822 = CARTESIAN_POINT('',(1.881830615912E+04,477.93862764909,4.4E+03)
  );
#9823 = LINE('',#9824,#9825);
#9824 = CARTESIAN_POINT('',(1.881830615912E+04,477.93862764909,4.4E+03)
  );
#9825 = VECTOR('',#9826,1.);
#9826 = DIRECTION('',(0.,0.,1.));
#9827 = ORIENTED_EDGE('',*,*,#9828,.F.);
#9828 = EDGE_CURVE('',#9790,#9821,#9829,.T.);
#9829 = LINE('',#9830,#9831);
#9830 = CARTESIAN_POINT('',(1.881830615912E+04,-322.0613723509,4.4E+03)
  );
#9831 = VECTOR('',#9832,1.);
#9832 = DIRECTION('',(0.,1.,0.));
#9833 = PLANE('',#9834);
#9834 = AXIS2_PLACEMENT_3D('',#9835,#9836,#9837);
#9835 = CARTESIAN_POINT('',(1.881830615912E+04,-322.0613723509,4.4E+03)
  );
#9836 = DIRECTION('',(-1.,0.,0.));
#9837 = DIRECTION('',(0.,1.,0.));
#9838 = ADVANCED_FACE('',(#9839),#9864,.F.);
#9839 = FACE_BOUND('',#9840,.F.);
#9840 = EDGE_LOOP('',(#9841,#9842,#9850,#9858));
#9841 = ORIENTED_EDGE('',*,*,#9820,.T.);
#9842 = ORIENTED_EDGE('',*,*,#9843,.T.);
#9843 = EDGE_CURVE('',#9813,#9844,#9846,.T.);
#9844 = VERTEX_POINT('',#9845);
#9845 = CARTESIAN_POINT('',(1.841830615912E+04,477.93862764909,8.8E+03)
  );
#9846 = LINE('',#9847,#9848);
#9847 = CARTESIAN_POINT('',(1.881830615912E+04,477.93862764909,8.8E+03)
  );
#9848 = VECTOR('',#9849,1.);
#9849 = DIRECTION('',(-1.,0.,0.));
#9850 = ORIENTED_EDGE('',*,*,#9851,.F.);
#9851 = EDGE_CURVE('',#9852,#9844,#9854,.T.);
#9852 = VERTEX_POINT('',#9853);
#9853 = CARTESIAN_POINT('',(1.841830615912E+04,477.93862764909,4.4E+03)
  );
#9854 = LINE('',#9855,#9856);
#9855 = CARTESIAN_POINT('',(1.841830615912E+04,477.93862764909,4.4E+03)
  );
#9856 = VECTOR('',#9857,1.);
#9857 = DIRECTION('',(0.,0.,1.));
#9858 = ORIENTED_EDGE('',*,*,#9859,.F.);
#9859 = EDGE_CURVE('',#9821,#9852,#9860,.T.);
#9860 = LINE('',#9861,#9862);
#9861 = CARTESIAN_POINT('',(1.881830615912E+04,477.93862764909,4.4E+03)
  );
#9862 = VECTOR('',#9863,1.);
#9863 = DIRECTION('',(-1.,0.,0.));
#9864 = PLANE('',#9865);
#9865 = AXIS2_PLACEMENT_3D('',#9866,#9867,#9868);
#9866 = CARTESIAN_POINT('',(1.881830615912E+04,477.93862764909,4.4E+03)
  );
#9867 = DIRECTION('',(0.,-1.,0.));
#9868 = DIRECTION('',(-1.,0.,0.));
#9869 = ADVANCED_FACE('',(#9870),#9886,.F.);
#9870 = FACE_BOUND('',#9871,.F.);
#9871 = EDGE_LOOP('',(#9872,#9873,#9879,#9880));
#9872 = ORIENTED_EDGE('',*,*,#9851,.T.);
#9873 = ORIENTED_EDGE('',*,*,#9874,.T.);
#9874 = EDGE_CURVE('',#9844,#9774,#9875,.T.);
#9875 = LINE('',#9876,#9877);
#9876 = CARTESIAN_POINT('',(1.841830615912E+04,477.93862764909,8.8E+03)
  );
#9877 = VECTOR('',#9878,1.);
#9878 = DIRECTION('',(0.,-1.,0.));
#9879 = ORIENTED_EDGE('',*,*,#9771,.F.);
#9880 = ORIENTED_EDGE('',*,*,#9881,.F.);
#9881 = EDGE_CURVE('',#9852,#9772,#9882,.T.);
#9882 = LINE('',#9883,#9884);
#9883 = CARTESIAN_POINT('',(1.841830615912E+04,477.93862764909,4.4E+03)
  );
#9884 = VECTOR('',#9885,1.);
#9885 = DIRECTION('',(0.,-1.,0.));
#9886 = PLANE('',#9887);
#9887 = AXIS2_PLACEMENT_3D('',#9888,#9889,#9890);
#9888 = CARTESIAN_POINT('',(1.841830615912E+04,477.93862764909,4.4E+03)
  );
#9889 = DIRECTION('',(1.,0.,-0.));
#9890 = DIRECTION('',(0.,-1.,0.));
#9891 = ADVANCED_FACE('',(#9892),#9898,.F.);
#9892 = FACE_BOUND('',#9893,.F.);
#9893 = EDGE_LOOP('',(#9894,#9895,#9896,#9897));
#9894 = ORIENTED_EDGE('',*,*,#9797,.T.);
#9895 = ORIENTED_EDGE('',*,*,#9828,.T.);
#9896 = ORIENTED_EDGE('',*,*,#9859,.T.);
#9897 = ORIENTED_EDGE('',*,*,#9881,.T.);
#9898 = PLANE('',#9899);
#9899 = AXIS2_PLACEMENT_3D('',#9900,#9901,#9902);
#9900 = CARTESIAN_POINT('',(1.861830615912E+04,77.938627649099,4.4E+03)
  );
#9901 = DIRECTION('',(0.,0.,1.));
#9902 = DIRECTION('',(1.,0.,-0.));
#9903 = ADVANCED_FACE('',(#9904),#9910,.T.);
#9904 = FACE_BOUND('',#9905,.T.);
#9905 = EDGE_LOOP('',(#9906,#9907,#9908,#9909));
#9906 = ORIENTED_EDGE('',*,*,#9781,.T.);
#9907 = ORIENTED_EDGE('',*,*,#9812,.T.);
#9908 = ORIENTED_EDGE('',*,*,#9843,.T.);
#9909 = ORIENTED_EDGE('',*,*,#9874,.T.);
#9910 = PLANE('',#9911);
#9911 = AXIS2_PLACEMENT_3D('',#9912,#9913,#9914);
#9912 = CARTESIAN_POINT('',(1.861830615912E+04,77.938627649099,8.8E+03)
  );
#9913 = DIRECTION('',(0.,0.,1.));
#9914 = DIRECTION('',(1.,0.,-0.));
#9915 = MANIFOLD_SOLID_BREP('',#9916);
#9916 = CLOSED_SHELL('',(#9917,#9957,#9988,#10019,#10041,#10053));
#9917 = ADVANCED_FACE('',(#9918),#9952,.F.);
#9918 = FACE_BOUND('',#9919,.F.);
#9919 = EDGE_LOOP('',(#9920,#9930,#9938,#9946));
#9920 = ORIENTED_EDGE('',*,*,#9921,.T.);
#9921 = EDGE_CURVE('',#9922,#9924,#9926,.T.);
#9922 = VERTEX_POINT('',#9923);
#9923 = CARTESIAN_POINT('',(1.281830615898E+04,1.26779386276E+04,4.4E+03
    ));
#9924 = VERTEX_POINT('',#9925);
#9925 = CARTESIAN_POINT('',(1.281830615898E+04,1.26779386276E+04,8.8E+03
    ));
#9926 = LINE('',#9927,#9928);
#9927 = CARTESIAN_POINT('',(1.281830615898E+04,1.26779386276E+04,4.4E+03
    ));
#9928 = VECTOR('',#9929,1.);
#9929 = DIRECTION('',(0.,0.,1.));
#9930 = ORIENTED_EDGE('',*,*,#9931,.T.);
#9931 = EDGE_CURVE('',#9924,#9932,#9934,.T.);
#9932 = VERTEX_POINT('',#9933);
#9933 = CARTESIAN_POINT('',(1.321830615898E+04,1.26779386276E+04,8.8E+03
    ));
#9934 = LINE('',#9935,#9936);
#9935 = CARTESIAN_POINT('',(1.281830615898E+04,1.26779386276E+04,8.8E+03
    ));
#9936 = VECTOR('',#9937,1.);
#9937 = DIRECTION('',(1.,0.,0.));
#9938 = ORIENTED_EDGE('',*,*,#9939,.F.);
#9939 = EDGE_CURVE('',#9940,#9932,#9942,.T.);
#9940 = VERTEX_POINT('',#9941);
#9941 = CARTESIAN_POINT('',(1.321830615898E+04,1.26779386276E+04,4.4E+03
    ));
#9942 = LINE('',#9943,#9944);
#9943 = CARTESIAN_POINT('',(1.321830615898E+04,1.26779386276E+04,4.4E+03
    ));
#9944 = VECTOR('',#9945,1.);
#9945 = DIRECTION('',(0.,0.,1.));
#9946 = ORIENTED_EDGE('',*,*,#9947,.F.);
#9947 = EDGE_CURVE('',#9922,#9940,#9948,.T.);
#9948 = LINE('',#9949,#9950);
#9949 = CARTESIAN_POINT('',(1.281830615898E+04,1.26779386276E+04,4.4E+03
    ));
#9950 = VECTOR('',#9951,1.);
#9951 = DIRECTION('',(1.,0.,0.));
#9952 = PLANE('',#9953);
#9953 = AXIS2_PLACEMENT_3D('',#9954,#9955,#9956);
#9954 = CARTESIAN_POINT('',(1.281830615898E+04,1.26779386276E+04,4.4E+03
    ));
#9955 = DIRECTION('',(0.,1.,0.));
#9956 = DIRECTION('',(1.,0.,0.));
#9957 = ADVANCED_FACE('',(#9958),#9983,.F.);
#9958 = FACE_BOUND('',#9959,.F.);
#9959 = EDGE_LOOP('',(#9960,#9961,#9969,#9977));
#9960 = ORIENTED_EDGE('',*,*,#9939,.T.);
#9961 = ORIENTED_EDGE('',*,*,#9962,.T.);
#9962 = EDGE_CURVE('',#9932,#9963,#9965,.T.);
#9963 = VERTEX_POINT('',#9964);
#9964 = CARTESIAN_POINT('',(1.321830615898E+04,1.34779386276E+04,8.8E+03
    ));
#9965 = LINE('',#9966,#9967);
#9966 = CARTESIAN_POINT('',(1.321830615898E+04,1.26779386276E+04,8.8E+03
    ));
#9967 = VECTOR('',#9968,1.);
#9968 = DIRECTION('',(0.,1.,0.));
#9969 = ORIENTED_EDGE('',*,*,#9970,.F.);
#9970 = EDGE_CURVE('',#9971,#9963,#9973,.T.);
#9971 = VERTEX_POINT('',#9972);
#9972 = CARTESIAN_POINT('',(1.321830615898E+04,1.34779386276E+04,4.4E+03
    ));
#9973 = LINE('',#9974,#9975);
#9974 = CARTESIAN_POINT('',(1.321830615898E+04,1.34779386276E+04,4.4E+03
    ));
#9975 = VECTOR('',#9976,1.);
#9976 = DIRECTION('',(0.,0.,1.));
#9977 = ORIENTED_EDGE('',*,*,#9978,.F.);
#9978 = EDGE_CURVE('',#9940,#9971,#9979,.T.);
#9979 = LINE('',#9980,#9981);
#9980 = CARTESIAN_POINT('',(1.321830615898E+04,1.26779386276E+04,4.4E+03
    ));
#9981 = VECTOR('',#9982,1.);
#9982 = DIRECTION('',(0.,1.,0.));
#9983 = PLANE('',#9984);
#9984 = AXIS2_PLACEMENT_3D('',#9985,#9986,#9987);
#9985 = CARTESIAN_POINT('',(1.321830615898E+04,1.26779386276E+04,4.4E+03
    ));
#9986 = DIRECTION('',(-1.,0.,0.));
#9987 = DIRECTION('',(0.,1.,0.));
#9988 = ADVANCED_FACE('',(#9989),#10014,.F.);
#9989 = FACE_BOUND('',#9990,.F.);
#9990 = EDGE_LOOP('',(#9991,#9992,#10000,#10008));
#9991 = ORIENTED_EDGE('',*,*,#9970,.T.);
#9992 = ORIENTED_EDGE('',*,*,#9993,.T.);
#9993 = EDGE_CURVE('',#9963,#9994,#9996,.T.);
#9994 = VERTEX_POINT('',#9995);
#9995 = CARTESIAN_POINT('',(1.281830615898E+04,1.34779386276E+04,8.8E+03
    ));
#9996 = LINE('',#9997,#9998);
#9997 = CARTESIAN_POINT('',(1.321830615898E+04,1.34779386276E+04,8.8E+03
    ));
#9998 = VECTOR('',#9999,1.);
#9999 = DIRECTION('',(-1.,0.,0.));
#10000 = ORIENTED_EDGE('',*,*,#10001,.F.);
#10001 = EDGE_CURVE('',#10002,#9994,#10004,.T.);
#10002 = VERTEX_POINT('',#10003);
#10003 = CARTESIAN_POINT('',(1.281830615898E+04,1.34779386276E+04,
    4.4E+03));
#10004 = LINE('',#10005,#10006);
#10005 = CARTESIAN_POINT('',(1.281830615898E+04,1.34779386276E+04,
    4.4E+03));
#10006 = VECTOR('',#10007,1.);
#10007 = DIRECTION('',(0.,0.,1.));
#10008 = ORIENTED_EDGE('',*,*,#10009,.F.);
#10009 = EDGE_CURVE('',#9971,#10002,#10010,.T.);
#10010 = LINE('',#10011,#10012);
#10011 = CARTESIAN_POINT('',(1.321830615898E+04,1.34779386276E+04,
    4.4E+03));
#10012 = VECTOR('',#10013,1.);
#10013 = DIRECTION('',(-1.,0.,0.));
#10014 = PLANE('',#10015);
#10015 = AXIS2_PLACEMENT_3D('',#10016,#10017,#10018);
#10016 = CARTESIAN_POINT('',(1.321830615898E+04,1.34779386276E+04,
    4.4E+03));
#10017 = DIRECTION('',(0.,-1.,0.));
#10018 = DIRECTION('',(-1.,0.,0.));
#10019 = ADVANCED_FACE('',(#10020),#10036,.F.);
#10020 = FACE_BOUND('',#10021,.F.);
#10021 = EDGE_LOOP('',(#10022,#10023,#10029,#10030));
#10022 = ORIENTED_EDGE('',*,*,#10001,.T.);
#10023 = ORIENTED_EDGE('',*,*,#10024,.T.);
#10024 = EDGE_CURVE('',#9994,#9924,#10025,.T.);
#10025 = LINE('',#10026,#10027);
#10026 = CARTESIAN_POINT('',(1.281830615898E+04,1.34779386276E+04,
    8.8E+03));
#10027 = VECTOR('',#10028,1.);
#10028 = DIRECTION('',(0.,-1.,0.));
#10029 = ORIENTED_EDGE('',*,*,#9921,.F.);
#10030 = ORIENTED_EDGE('',*,*,#10031,.F.);
#10031 = EDGE_CURVE('',#10002,#9922,#10032,.T.);
#10032 = LINE('',#10033,#10034);
#10033 = CARTESIAN_POINT('',(1.281830615898E+04,1.34779386276E+04,
    4.4E+03));
#10034 = VECTOR('',#10035,1.);
#10035 = DIRECTION('',(0.,-1.,0.));
#10036 = PLANE('',#10037);
#10037 = AXIS2_PLACEMENT_3D('',#10038,#10039,#10040);
#10038 = CARTESIAN_POINT('',(1.281830615898E+04,1.34779386276E+04,
    4.4E+03));
#10039 = DIRECTION('',(1.,0.,-0.));
#10040 = DIRECTION('',(0.,-1.,0.));
#10041 = ADVANCED_FACE('',(#10042),#10048,.F.);
#10042 = FACE_BOUND('',#10043,.F.);
#10043 = EDGE_LOOP('',(#10044,#10045,#10046,#10047));
#10044 = ORIENTED_EDGE('',*,*,#9947,.T.);
#10045 = ORIENTED_EDGE('',*,*,#9978,.T.);
#10046 = ORIENTED_EDGE('',*,*,#10009,.T.);
#10047 = ORIENTED_EDGE('',*,*,#10031,.T.);
#10048 = PLANE('',#10049);
#10049 = AXIS2_PLACEMENT_3D('',#10050,#10051,#10052);
#10050 = CARTESIAN_POINT('',(1.301830615898E+04,1.30779386276E+04,
    4.4E+03));
#10051 = DIRECTION('',(0.,0.,1.));
#10052 = DIRECTION('',(1.,0.,-0.));
#10053 = ADVANCED_FACE('',(#10054),#10060,.T.);
#10054 = FACE_BOUND('',#10055,.T.);
#10055 = EDGE_LOOP('',(#10056,#10057,#10058,#10059));
#10056 = ORIENTED_EDGE('',*,*,#9931,.T.);
#10057 = ORIENTED_EDGE('',*,*,#9962,.T.);
#10058 = ORIENTED_EDGE('',*,*,#9993,.T.);
#10059 = ORIENTED_EDGE('',*,*,#10024,.T.);
#10060 = PLANE('',#10061);
#10061 = AXIS2_PLACEMENT_3D('',#10062,#10063,#10064);
#10062 = CARTESIAN_POINT('',(1.301830615898E+04,1.30779386276E+04,
    8.8E+03));
#10063 = DIRECTION('',(0.,0.,1.));
#10064 = DIRECTION('',(1.,0.,-0.));
#10065 = MANIFOLD_SOLID_BREP('',#10066);
#10066 = CLOSED_SHELL('',(#10067,#10107,#10138,#10169,#10191,#10203));
#10067 = ADVANCED_FACE('',(#10068),#10102,.F.);
#10068 = FACE_BOUND('',#10069,.F.);
#10069 = EDGE_LOOP('',(#10070,#10080,#10088,#10096));
#10070 = ORIENTED_EDGE('',*,*,#10071,.T.);
#10071 = EDGE_CURVE('',#10072,#10074,#10076,.T.);
#10072 = VERTEX_POINT('',#10073);
#10073 = CARTESIAN_POINT('',(1.841830615898E+04,1.26779386276E+04,
    4.4E+03));
#10074 = VERTEX_POINT('',#10075);
#10075 = CARTESIAN_POINT('',(1.841830615898E+04,1.26779386276E+04,
    8.8E+03));
#10076 = LINE('',#10077,#10078);
#10077 = CARTESIAN_POINT('',(1.841830615898E+04,1.26779386276E+04,
    4.4E+03));
#10078 = VECTOR('',#10079,1.);
#10079 = DIRECTION('',(0.,0.,1.));
#10080 = ORIENTED_EDGE('',*,*,#10081,.T.);
#10081 = EDGE_CURVE('',#10074,#10082,#10084,.T.);
#10082 = VERTEX_POINT('',#10083);
#10083 = CARTESIAN_POINT('',(1.881830615898E+04,1.26779386276E+04,
    8.8E+03));
#10084 = LINE('',#10085,#10086);
#10085 = CARTESIAN_POINT('',(1.841830615898E+04,1.26779386276E+04,
    8.8E+03));
#10086 = VECTOR('',#10087,1.);
#10087 = DIRECTION('',(1.,0.,0.));
#10088 = ORIENTED_EDGE('',*,*,#10089,.F.);
#10089 = EDGE_CURVE('',#10090,#10082,#10092,.T.);
#10090 = VERTEX_POINT('',#10091);
#10091 = CARTESIAN_POINT('',(1.881830615898E+04,1.26779386276E+04,
    4.4E+03));
#10092 = LINE('',#10093,#10094);
#10093 = CARTESIAN_POINT('',(1.881830615898E+04,1.26779386276E+04,
    4.4E+03));
#10094 = VECTOR('',#10095,1.);
#10095 = DIRECTION('',(0.,0.,1.));
#10096 = ORIENTED_EDGE('',*,*,#10097,.F.);
#10097 = EDGE_CURVE('',#10072,#10090,#10098,.T.);
#10098 = LINE('',#10099,#10100);
#10099 = CARTESIAN_POINT('',(1.841830615898E+04,1.26779386276E+04,
    4.4E+03));
#10100 = VECTOR('',#10101,1.);
#10101 = DIRECTION('',(1.,0.,0.));
#10102 = PLANE('',#10103);
#10103 = AXIS2_PLACEMENT_3D('',#10104,#10105,#10106);
#10104 = CARTESIAN_POINT('',(1.841830615898E+04,1.26779386276E+04,
    4.4E+03));
#10105 = DIRECTION('',(0.,1.,0.));
#10106 = DIRECTION('',(1.,0.,0.));
#10107 = ADVANCED_FACE('',(#10108),#10133,.F.);
#10108 = FACE_BOUND('',#10109,.F.);
#10109 = EDGE_LOOP('',(#10110,#10111,#10119,#10127));
#10110 = ORIENTED_EDGE('',*,*,#10089,.T.);
#10111 = ORIENTED_EDGE('',*,*,#10112,.T.);
#10112 = EDGE_CURVE('',#10082,#10113,#10115,.T.);
#10113 = VERTEX_POINT('',#10114);
#10114 = CARTESIAN_POINT('',(1.881830615898E+04,1.34779386276E+04,
    8.8E+03));
#10115 = LINE('',#10116,#10117);
#10116 = CARTESIAN_POINT('',(1.881830615898E+04,1.26779386276E+04,
    8.8E+03));
#10117 = VECTOR('',#10118,1.);
#10118 = DIRECTION('',(0.,1.,0.));
#10119 = ORIENTED_EDGE('',*,*,#10120,.F.);
#10120 = EDGE_CURVE('',#10121,#10113,#10123,.T.);
#10121 = VERTEX_POINT('',#10122);
#10122 = CARTESIAN_POINT('',(1.881830615898E+04,1.34779386276E+04,
    4.4E+03));
#10123 = LINE('',#10124,#10125);
#10124 = CARTESIAN_POINT('',(1.881830615898E+04,1.34779386276E+04,
    4.4E+03));
#10125 = VECTOR('',#10126,1.);
#10126 = DIRECTION('',(0.,0.,1.));
#10127 = ORIENTED_EDGE('',*,*,#10128,.F.);
#10128 = EDGE_CURVE('',#10090,#10121,#10129,.T.);
#10129 = LINE('',#10130,#10131);
#10130 = CARTESIAN_POINT('',(1.881830615898E+04,1.26779386276E+04,
    4.4E+03));
#10131 = VECTOR('',#10132,1.);
#10132 = DIRECTION('',(0.,1.,0.));
#10133 = PLANE('',#10134);
#10134 = AXIS2_PLACEMENT_3D('',#10135,#10136,#10137);
#10135 = CARTESIAN_POINT('',(1.881830615898E+04,1.26779386276E+04,
    4.4E+03));
#10136 = DIRECTION('',(-1.,0.,0.));
#10137 = DIRECTION('',(0.,1.,0.));
#10138 = ADVANCED_FACE('',(#10139),#10164,.F.);
#10139 = FACE_BOUND('',#10140,.F.);
#10140 = EDGE_LOOP('',(#10141,#10142,#10150,#10158));
#10141 = ORIENTED_EDGE('',*,*,#10120,.T.);
#10142 = ORIENTED_EDGE('',*,*,#10143,.T.);
#10143 = EDGE_CURVE('',#10113,#10144,#10146,.T.);
#10144 = VERTEX_POINT('',#10145);
#10145 = CARTESIAN_POINT('',(1.841830615898E+04,1.34779386276E+04,
    8.8E+03));
#10146 = LINE('',#10147,#10148);
#10147 = CARTESIAN_POINT('',(1.881830615898E+04,1.34779386276E+04,
    8.8E+03));
#10148 = VECTOR('',#10149,1.);
#10149 = DIRECTION('',(-1.,0.,0.));
#10150 = ORIENTED_EDGE('',*,*,#10151,.F.);
#10151 = EDGE_CURVE('',#10152,#10144,#10154,.T.);
#10152 = VERTEX_POINT('',#10153);
#10153 = CARTESIAN_POINT('',(1.841830615898E+04,1.34779386276E+04,
    4.4E+03));
#10154 = LINE('',#10155,#10156);
#10155 = CARTESIAN_POINT('',(1.841830615898E+04,1.34779386276E+04,
    4.4E+03));
#10156 = VECTOR('',#10157,1.);
#10157 = DIRECTION('',(0.,0.,1.));
#10158 = ORIENTED_EDGE('',*,*,#10159,.F.);
#10159 = EDGE_CURVE('',#10121,#10152,#10160,.T.);
#10160 = LINE('',#10161,#10162);
#10161 = CARTESIAN_POINT('',(1.881830615898E+04,1.34779386276E+04,
    4.4E+03));
#10162 = VECTOR('',#10163,1.);
#10163 = DIRECTION('',(-1.,0.,0.));
#10164 = PLANE('',#10165);
#10165 = AXIS2_PLACEMENT_3D('',#10166,#10167,#10168);
#10166 = CARTESIAN_POINT('',(1.881830615898E+04,1.34779386276E+04,
    4.4E+03));
#10167 = DIRECTION('',(0.,-1.,0.));
#10168 = DIRECTION('',(-1.,0.,0.));
#10169 = ADVANCED_FACE('',(#10170),#10186,.F.);
#10170 = FACE_BOUND('',#10171,.F.);
#10171 = EDGE_LOOP('',(#10172,#10173,#10179,#10180));
#10172 = ORIENTED_EDGE('',*,*,#10151,.T.);
#10173 = ORIENTED_EDGE('',*,*,#10174,.T.);
#10174 = EDGE_CURVE('',#10144,#10074,#10175,.T.);
#10175 = LINE('',#10176,#10177);
#10176 = CARTESIAN_POINT('',(1.841830615898E+04,1.34779386276E+04,
    8.8E+03));
#10177 = VECTOR('',#10178,1.);
#10178 = DIRECTION('',(0.,-1.,0.));
#10179 = ORIENTED_EDGE('',*,*,#10071,.F.);
#10180 = ORIENTED_EDGE('',*,*,#10181,.F.);
#10181 = EDGE_CURVE('',#10152,#10072,#10182,.T.);
#10182 = LINE('',#10183,#10184);
#10183 = CARTESIAN_POINT('',(1.841830615898E+04,1.34779386276E+04,
    4.4E+03));
#10184 = VECTOR('',#10185,1.);
#10185 = DIRECTION('',(0.,-1.,0.));
#10186 = PLANE('',#10187);
#10187 = AXIS2_PLACEMENT_3D('',#10188,#10189,#10190);
#10188 = CARTESIAN_POINT('',(1.841830615898E+04,1.34779386276E+04,
    4.4E+03));
#10189 = DIRECTION('',(1.,0.,-0.));
#10190 = DIRECTION('',(0.,-1.,0.));
#10191 = ADVANCED_FACE('',(#10192),#10198,.F.);
#10192 = FACE_BOUND('',#10193,.F.);
#10193 = EDGE_LOOP('',(#10194,#10195,#10196,#10197));
#10194 = ORIENTED_EDGE('',*,*,#10097,.T.);
#10195 = ORIENTED_EDGE('',*,*,#10128,.T.);
#10196 = ORIENTED_EDGE('',*,*,#10159,.T.);
#10197 = ORIENTED_EDGE('',*,*,#10181,.T.);
#10198 = PLANE('',#10199);
#10199 = AXIS2_PLACEMENT_3D('',#10200,#10201,#10202);
#10200 = CARTESIAN_POINT('',(1.861830615898E+04,1.30779386276E+04,
    4.4E+03));
#10201 = DIRECTION('',(0.,0.,1.));
#10202 = DIRECTION('',(1.,0.,-0.));
#10203 = ADVANCED_FACE('',(#10204),#10210,.T.);
#10204 = FACE_BOUND('',#10205,.T.);
#10205 = EDGE_LOOP('',(#10206,#10207,#10208,#10209));
#10206 = ORIENTED_EDGE('',*,*,#10081,.T.);
#10207 = ORIENTED_EDGE('',*,*,#10112,.T.);
#10208 = ORIENTED_EDGE('',*,*,#10143,.T.);
#10209 = ORIENTED_EDGE('',*,*,#10174,.T.);
#10210 = PLANE('',#10211);
#10211 = AXIS2_PLACEMENT_3D('',#10212,#10213,#10214);
#10212 = CARTESIAN_POINT('',(1.861830615898E+04,1.30779386276E+04,
    8.8E+03));
#10213 = DIRECTION('',(0.,0.,1.));
#10214 = DIRECTION('',(1.,0.,-0.));
#10215 = MANIFOLD_SOLID_BREP('',#10216);
#10216 = CLOSED_SHELL('',(#10217,#10257,#10288,#10319,#10341,#10353));
#10217 = ADVANCED_FACE('',(#10218),#10252,.F.);
#10218 = FACE_BOUND('',#10219,.F.);
#10219 = EDGE_LOOP('',(#10220,#10230,#10238,#10246));
#10220 = ORIENTED_EDGE('',*,*,#10221,.T.);
#10221 = EDGE_CURVE('',#10222,#10224,#10226,.T.);
#10222 = VERTEX_POINT('',#10223);
#10223 = CARTESIAN_POINT('',(1.281830615898E+04,4.477938627604E+03,
    4.4E+03));
#10224 = VERTEX_POINT('',#10225);
#10225 = CARTESIAN_POINT('',(1.281830615898E+04,4.477938627604E+03,
    8.8E+03));
#10226 = LINE('',#10227,#10228);
#10227 = CARTESIAN_POINT('',(1.281830615898E+04,4.477938627604E+03,
    4.4E+03));
#10228 = VECTOR('',#10229,1.);
#10229 = DIRECTION('',(0.,0.,1.));
#10230 = ORIENTED_EDGE('',*,*,#10231,.T.);
#10231 = EDGE_CURVE('',#10224,#10232,#10234,.T.);
#10232 = VERTEX_POINT('',#10233);
#10233 = CARTESIAN_POINT('',(1.321830615898E+04,4.477938627604E+03,
    8.8E+03));
#10234 = LINE('',#10235,#10236);
#10235 = CARTESIAN_POINT('',(1.281830615898E+04,4.477938627604E+03,
    8.8E+03));
#10236 = VECTOR('',#10237,1.);
#10237 = DIRECTION('',(1.,0.,0.));
#10238 = ORIENTED_EDGE('',*,*,#10239,.F.);
#10239 = EDGE_CURVE('',#10240,#10232,#10242,.T.);
#10240 = VERTEX_POINT('',#10241);
#10241 = CARTESIAN_POINT('',(1.321830615898E+04,4.477938627604E+03,
    4.4E+03));
#10242 = LINE('',#10243,#10244);
#10243 = CARTESIAN_POINT('',(1.321830615898E+04,4.477938627604E+03,
    4.4E+03));
#10244 = VECTOR('',#10245,1.);
#10245 = DIRECTION('',(0.,0.,1.));
#10246 = ORIENTED_EDGE('',*,*,#10247,.F.);
#10247 = EDGE_CURVE('',#10222,#10240,#10248,.T.);
#10248 = LINE('',#10249,#10250);
#10249 = CARTESIAN_POINT('',(1.281830615898E+04,4.477938627604E+03,
    4.4E+03));
#10250 = VECTOR('',#10251,1.);
#10251 = DIRECTION('',(1.,0.,0.));
#10252 = PLANE('',#10253);
#10253 = AXIS2_PLACEMENT_3D('',#10254,#10255,#10256);
#10254 = CARTESIAN_POINT('',(1.281830615898E+04,4.477938627604E+03,
    4.4E+03));
#10255 = DIRECTION('',(0.,1.,0.));
#10256 = DIRECTION('',(1.,0.,0.));
#10257 = ADVANCED_FACE('',(#10258),#10283,.F.);
#10258 = FACE_BOUND('',#10259,.F.);
#10259 = EDGE_LOOP('',(#10260,#10261,#10269,#10277));
#10260 = ORIENTED_EDGE('',*,*,#10239,.T.);
#10261 = ORIENTED_EDGE('',*,*,#10262,.T.);
#10262 = EDGE_CURVE('',#10232,#10263,#10265,.T.);
#10263 = VERTEX_POINT('',#10264);
#10264 = CARTESIAN_POINT('',(1.321830615898E+04,5.277938627604E+03,
    8.8E+03));
#10265 = LINE('',#10266,#10267);
#10266 = CARTESIAN_POINT('',(1.321830615898E+04,4.477938627604E+03,
    8.8E+03));
#10267 = VECTOR('',#10268,1.);
#10268 = DIRECTION('',(0.,1.,0.));
#10269 = ORIENTED_EDGE('',*,*,#10270,.F.);
#10270 = EDGE_CURVE('',#10271,#10263,#10273,.T.);
#10271 = VERTEX_POINT('',#10272);
#10272 = CARTESIAN_POINT('',(1.321830615898E+04,5.277938627604E+03,
    4.4E+03));
#10273 = LINE('',#10274,#10275);
#10274 = CARTESIAN_POINT('',(1.321830615898E+04,5.277938627604E+03,
    4.4E+03));
#10275 = VECTOR('',#10276,1.);
#10276 = DIRECTION('',(0.,0.,1.));
#10277 = ORIENTED_EDGE('',*,*,#10278,.F.);
#10278 = EDGE_CURVE('',#10240,#10271,#10279,.T.);
#10279 = LINE('',#10280,#10281);
#10280 = CARTESIAN_POINT('',(1.321830615898E+04,4.477938627604E+03,
    4.4E+03));
#10281 = VECTOR('',#10282,1.);
#10282 = DIRECTION('',(0.,1.,0.));
#10283 = PLANE('',#10284);
#10284 = AXIS2_PLACEMENT_3D('',#10285,#10286,#10287);
#10285 = CARTESIAN_POINT('',(1.321830615898E+04,4.477938627604E+03,
    4.4E+03));
#10286 = DIRECTION('',(-1.,0.,0.));
#10287 = DIRECTION('',(0.,1.,0.));
#10288 = ADVANCED_FACE('',(#10289),#10314,.F.);
#10289 = FACE_BOUND('',#10290,.F.);
#10290 = EDGE_LOOP('',(#10291,#10292,#10300,#10308));
#10291 = ORIENTED_EDGE('',*,*,#10270,.T.);
#10292 = ORIENTED_EDGE('',*,*,#10293,.T.);
#10293 = EDGE_CURVE('',#10263,#10294,#10296,.T.);
#10294 = VERTEX_POINT('',#10295);
#10295 = CARTESIAN_POINT('',(1.281830615898E+04,5.277938627604E+03,
    8.8E+03));
#10296 = LINE('',#10297,#10298);
#10297 = CARTESIAN_POINT('',(1.321830615898E+04,5.277938627604E+03,
    8.8E+03));
#10298 = VECTOR('',#10299,1.);
#10299 = DIRECTION('',(-1.,0.,0.));
#10300 = ORIENTED_EDGE('',*,*,#10301,.F.);
#10301 = EDGE_CURVE('',#10302,#10294,#10304,.T.);
#10302 = VERTEX_POINT('',#10303);
#10303 = CARTESIAN_POINT('',(1.281830615898E+04,5.277938627604E+03,
    4.4E+03));
#10304 = LINE('',#10305,#10306);
#10305 = CARTESIAN_POINT('',(1.281830615898E+04,5.277938627604E+03,
    4.4E+03));
#10306 = VECTOR('',#10307,1.);
#10307 = DIRECTION('',(0.,0.,1.));
#10308 = ORIENTED_EDGE('',*,*,#10309,.F.);
#10309 = EDGE_CURVE('',#10271,#10302,#10310,.T.);
#10310 = LINE('',#10311,#10312);
#10311 = CARTESIAN_POINT('',(1.321830615898E+04,5.277938627604E+03,
    4.4E+03));
#10312 = VECTOR('',#10313,1.);
#10313 = DIRECTION('',(-1.,0.,0.));
#10314 = PLANE('',#10315);
#10315 = AXIS2_PLACEMENT_3D('',#10316,#10317,#10318);
#10316 = CARTESIAN_POINT('',(1.321830615898E+04,5.277938627604E+03,
    4.4E+03));
#10317 = DIRECTION('',(0.,-1.,0.));
#10318 = DIRECTION('',(-1.,0.,0.));
#10319 = ADVANCED_FACE('',(#10320),#10336,.F.);
#10320 = FACE_BOUND('',#10321,.F.);
#10321 = EDGE_LOOP('',(#10322,#10323,#10329,#10330));
#10322 = ORIENTED_EDGE('',*,*,#10301,.T.);
#10323 = ORIENTED_EDGE('',*,*,#10324,.T.);
#10324 = EDGE_CURVE('',#10294,#10224,#10325,.T.);
#10325 = LINE('',#10326,#10327);
#10326 = CARTESIAN_POINT('',(1.281830615898E+04,5.277938627604E+03,
    8.8E+03));
#10327 = VECTOR('',#10328,1.);
#10328 = DIRECTION('',(0.,-1.,0.));
#10329 = ORIENTED_EDGE('',*,*,#10221,.F.);
#10330 = ORIENTED_EDGE('',*,*,#10331,.F.);
#10331 = EDGE_CURVE('',#10302,#10222,#10332,.T.);
#10332 = LINE('',#10333,#10334);
#10333 = CARTESIAN_POINT('',(1.281830615898E+04,5.277938627604E+03,
    4.4E+03));
#10334 = VECTOR('',#10335,1.);
#10335 = DIRECTION('',(0.,-1.,0.));
#10336 = PLANE('',#10337);
#10337 = AXIS2_PLACEMENT_3D('',#10338,#10339,#10340);
#10338 = CARTESIAN_POINT('',(1.281830615898E+04,5.277938627604E+03,
    4.4E+03));
#10339 = DIRECTION('',(1.,0.,-0.));
#10340 = DIRECTION('',(0.,-1.,0.));
#10341 = ADVANCED_FACE('',(#10342),#10348,.F.);
#10342 = FACE_BOUND('',#10343,.F.);
#10343 = EDGE_LOOP('',(#10344,#10345,#10346,#10347));
#10344 = ORIENTED_EDGE('',*,*,#10247,.T.);
#10345 = ORIENTED_EDGE('',*,*,#10278,.T.);
#10346 = ORIENTED_EDGE('',*,*,#10309,.T.);
#10347 = ORIENTED_EDGE('',*,*,#10331,.T.);
#10348 = PLANE('',#10349);
#10349 = AXIS2_PLACEMENT_3D('',#10350,#10351,#10352);
#10350 = CARTESIAN_POINT('',(1.301830615898E+04,4.877938627604E+03,
    4.4E+03));
#10351 = DIRECTION('',(0.,0.,1.));
#10352 = DIRECTION('',(1.,0.,-0.));
#10353 = ADVANCED_FACE('',(#10354),#10360,.T.);
#10354 = FACE_BOUND('',#10355,.T.);
#10355 = EDGE_LOOP('',(#10356,#10357,#10358,#10359));
#10356 = ORIENTED_EDGE('',*,*,#10231,.T.);
#10357 = ORIENTED_EDGE('',*,*,#10262,.T.);
#10358 = ORIENTED_EDGE('',*,*,#10293,.T.);
#10359 = ORIENTED_EDGE('',*,*,#10324,.T.);
#10360 = PLANE('',#10361);
#10361 = AXIS2_PLACEMENT_3D('',#10362,#10363,#10364);
#10362 = CARTESIAN_POINT('',(1.301830615898E+04,4.877938627604E+03,
    8.8E+03));
#10363 = DIRECTION('',(0.,0.,1.));
#10364 = DIRECTION('',(1.,0.,-0.));
#10365 = MANIFOLD_SOLID_BREP('',#10366);
#10366 = CLOSED_SHELL('',(#10367,#10407,#10438,#10469,#10491,#10503));
#10367 = ADVANCED_FACE('',(#10368),#10402,.F.);
#10368 = FACE_BOUND('',#10369,.F.);
#10369 = EDGE_LOOP('',(#10370,#10380,#10388,#10396));
#10370 = ORIENTED_EDGE('',*,*,#10371,.T.);
#10371 = EDGE_CURVE('',#10372,#10374,#10376,.T.);
#10372 = VERTEX_POINT('',#10373);
#10373 = CARTESIAN_POINT('',(1.841830615898E+04,4.477938627603E+03,
    4.4E+03));
#10374 = VERTEX_POINT('',#10375);
#10375 = CARTESIAN_POINT('',(1.841830615898E+04,4.477938627603E+03,
    8.8E+03));
#10376 = LINE('',#10377,#10378);
#10377 = CARTESIAN_POINT('',(1.841830615898E+04,4.477938627603E+03,
    4.4E+03));
#10378 = VECTOR('',#10379,1.);
#10379 = DIRECTION('',(0.,0.,1.));
#10380 = ORIENTED_EDGE('',*,*,#10381,.T.);
#10381 = EDGE_CURVE('',#10374,#10382,#10384,.T.);
#10382 = VERTEX_POINT('',#10383);
#10383 = CARTESIAN_POINT('',(1.881830615898E+04,4.477938627603E+03,
    8.8E+03));
#10384 = LINE('',#10385,#10386);
#10385 = CARTESIAN_POINT('',(1.841830615898E+04,4.477938627603E+03,
    8.8E+03));
#10386 = VECTOR('',#10387,1.);
#10387 = DIRECTION('',(1.,0.,0.));
#10388 = ORIENTED_EDGE('',*,*,#10389,.F.);
#10389 = EDGE_CURVE('',#10390,#10382,#10392,.T.);
#10390 = VERTEX_POINT('',#10391);
#10391 = CARTESIAN_POINT('',(1.881830615898E+04,4.477938627603E+03,
    4.4E+03));
#10392 = LINE('',#10393,#10394);
#10393 = CARTESIAN_POINT('',(1.881830615898E+04,4.477938627603E+03,
    4.4E+03));
#10394 = VECTOR('',#10395,1.);
#10395 = DIRECTION('',(0.,0.,1.));
#10396 = ORIENTED_EDGE('',*,*,#10397,.F.);
#10397 = EDGE_CURVE('',#10372,#10390,#10398,.T.);
#10398 = LINE('',#10399,#10400);
#10399 = CARTESIAN_POINT('',(1.841830615898E+04,4.477938627603E+03,
    4.4E+03));
#10400 = VECTOR('',#10401,1.);
#10401 = DIRECTION('',(1.,0.,0.));
#10402 = PLANE('',#10403);
#10403 = AXIS2_PLACEMENT_3D('',#10404,#10405,#10406);
#10404 = CARTESIAN_POINT('',(1.841830615898E+04,4.477938627603E+03,
    4.4E+03));
#10405 = DIRECTION('',(0.,1.,0.));
#10406 = DIRECTION('',(1.,0.,0.));
#10407 = ADVANCED_FACE('',(#10408),#10433,.F.);
#10408 = FACE_BOUND('',#10409,.F.);
#10409 = EDGE_LOOP('',(#10410,#10411,#10419,#10427));
#10410 = ORIENTED_EDGE('',*,*,#10389,.T.);
#10411 = ORIENTED_EDGE('',*,*,#10412,.T.);
#10412 = EDGE_CURVE('',#10382,#10413,#10415,.T.);
#10413 = VERTEX_POINT('',#10414);
#10414 = CARTESIAN_POINT('',(1.881830615898E+04,5.277938627603E+03,
    8.8E+03));
#10415 = LINE('',#10416,#10417);
#10416 = CARTESIAN_POINT('',(1.881830615898E+04,4.477938627603E+03,
    8.8E+03));
#10417 = VECTOR('',#10418,1.);
#10418 = DIRECTION('',(0.,1.,0.));
#10419 = ORIENTED_EDGE('',*,*,#10420,.F.);
#10420 = EDGE_CURVE('',#10421,#10413,#10423,.T.);
#10421 = VERTEX_POINT('',#10422);
#10422 = CARTESIAN_POINT('',(1.881830615898E+04,5.277938627603E+03,
    4.4E+03));
#10423 = LINE('',#10424,#10425);
#10424 = CARTESIAN_POINT('',(1.881830615898E+04,5.277938627603E+03,
    4.4E+03));
#10425 = VECTOR('',#10426,1.);
#10426 = DIRECTION('',(0.,0.,1.));
#10427 = ORIENTED_EDGE('',*,*,#10428,.F.);
#10428 = EDGE_CURVE('',#10390,#10421,#10429,.T.);
#10429 = LINE('',#10430,#10431);
#10430 = CARTESIAN_POINT('',(1.881830615898E+04,4.477938627603E+03,
    4.4E+03));
#10431 = VECTOR('',#10432,1.);
#10432 = DIRECTION('',(0.,1.,0.));
#10433 = PLANE('',#10434);
#10434 = AXIS2_PLACEMENT_3D('',#10435,#10436,#10437);
#10435 = CARTESIAN_POINT('',(1.881830615898E+04,4.477938627603E+03,
    4.4E+03));
#10436 = DIRECTION('',(-1.,0.,0.));
#10437 = DIRECTION('',(0.,1.,0.));
#10438 = ADVANCED_FACE('',(#10439),#10464,.F.);
#10439 = FACE_BOUND('',#10440,.F.);
#10440 = EDGE_LOOP('',(#10441,#10442,#10450,#10458));
#10441 = ORIENTED_EDGE('',*,*,#10420,.T.);
#10442 = ORIENTED_EDGE('',*,*,#10443,.T.);
#10443 = EDGE_CURVE('',#10413,#10444,#10446,.T.);
#10444 = VERTEX_POINT('',#10445);
#10445 = CARTESIAN_POINT('',(1.841830615898E+04,5.277938627603E+03,
    8.8E+03));
#10446 = LINE('',#10447,#10448);
#10447 = CARTESIAN_POINT('',(1.881830615898E+04,5.277938627603E+03,
    8.8E+03));
#10448 = VECTOR('',#10449,1.);
#10449 = DIRECTION('',(-1.,0.,0.));
#10450 = ORIENTED_EDGE('',*,*,#10451,.F.);
#10451 = EDGE_CURVE('',#10452,#10444,#10454,.T.);
#10452 = VERTEX_POINT('',#10453);
#10453 = CARTESIAN_POINT('',(1.841830615898E+04,5.277938627603E+03,
    4.4E+03));
#10454 = LINE('',#10455,#10456);
#10455 = CARTESIAN_POINT('',(1.841830615898E+04,5.277938627603E+03,
    4.4E+03));
#10456 = VECTOR('',#10457,1.);
#10457 = DIRECTION('',(0.,0.,1.));
#10458 = ORIENTED_EDGE('',*,*,#10459,.F.);
#10459 = EDGE_CURVE('',#10421,#10452,#10460,.T.);
#10460 = LINE('',#10461,#10462);
#10461 = CARTESIAN_POINT('',(1.881830615898E+04,5.277938627603E+03,
    4.4E+03));
#10462 = VECTOR('',#10463,1.);
#10463 = DIRECTION('',(-1.,0.,0.));
#10464 = PLANE('',#10465);
#10465 = AXIS2_PLACEMENT_3D('',#10466,#10467,#10468);
#10466 = CARTESIAN_POINT('',(1.881830615898E+04,5.277938627603E+03,
    4.4E+03));
#10467 = DIRECTION('',(0.,-1.,0.));
#10468 = DIRECTION('',(-1.,0.,0.));
#10469 = ADVANCED_FACE('',(#10470),#10486,.F.);
#10470 = FACE_BOUND('',#10471,.F.);
#10471 = EDGE_LOOP('',(#10472,#10473,#10479,#10480));
#10472 = ORIENTED_EDGE('',*,*,#10451,.T.);
#10473 = ORIENTED_EDGE('',*,*,#10474,.T.);
#10474 = EDGE_CURVE('',#10444,#10374,#10475,.T.);
#10475 = LINE('',#10476,#10477);
#10476 = CARTESIAN_POINT('',(1.841830615898E+04,5.277938627603E+03,
    8.8E+03));
#10477 = VECTOR('',#10478,1.);
#10478 = DIRECTION('',(0.,-1.,0.));
#10479 = ORIENTED_EDGE('',*,*,#10371,.F.);
#10480 = ORIENTED_EDGE('',*,*,#10481,.F.);
#10481 = EDGE_CURVE('',#10452,#10372,#10482,.T.);
#10482 = LINE('',#10483,#10484);
#10483 = CARTESIAN_POINT('',(1.841830615898E+04,5.277938627603E+03,
    4.4E+03));
#10484 = VECTOR('',#10485,1.);
#10485 = DIRECTION('',(0.,-1.,0.));
#10486 = PLANE('',#10487);
#10487 = AXIS2_PLACEMENT_3D('',#10488,#10489,#10490);
#10488 = CARTESIAN_POINT('',(1.841830615898E+04,5.277938627603E+03,
    4.4E+03));
#10489 = DIRECTION('',(1.,0.,-0.));
#10490 = DIRECTION('',(0.,-1.,0.));
#10491 = ADVANCED_FACE('',(#10492),#10498,.F.);
#10492 = FACE_BOUND('',#10493,.F.);
#10493 = EDGE_LOOP('',(#10494,#10495,#10496,#10497));
#10494 = ORIENTED_EDGE('',*,*,#10397,.T.);
#10495 = ORIENTED_EDGE('',*,*,#10428,.T.);
#10496 = ORIENTED_EDGE('',*,*,#10459,.T.);
#10497 = ORIENTED_EDGE('',*,*,#10481,.T.);
#10498 = PLANE('',#10499);
#10499 = AXIS2_PLACEMENT_3D('',#10500,#10501,#10502);
#10500 = CARTESIAN_POINT('',(1.861830615898E+04,4.877938627603E+03,
    4.4E+03));
#10501 = DIRECTION('',(0.,0.,1.));
#10502 = DIRECTION('',(1.,0.,-0.));
#10503 = ADVANCED_FACE('',(#10504),#10510,.T.);
#10504 = FACE_BOUND('',#10505,.T.);
#10505 = EDGE_LOOP('',(#10506,#10507,#10508,#10509));
#10506 = ORIENTED_EDGE('',*,*,#10381,.T.);
#10507 = ORIENTED_EDGE('',*,*,#10412,.T.);
#10508 = ORIENTED_EDGE('',*,*,#10443,.T.);
#10509 = ORIENTED_EDGE('',*,*,#10474,.T.);
#10510 = PLANE('',#10511);
#10511 = AXIS2_PLACEMENT_3D('',#10512,#10513,#10514);
#10512 = CARTESIAN_POINT('',(1.861830615898E+04,4.877938627603E+03,
    8.8E+03));
#10513 = DIRECTION('',(0.,0.,1.));
#10514 = DIRECTION('',(1.,0.,-0.));
#10515 = MANIFOLD_SOLID_BREP('',#10516);
#10516 = CLOSED_SHELL('',(#10517,#10557,#10588,#10619,#10641,#10653));
#10517 = ADVANCED_FACE('',(#10518),#10552,.F.);
#10518 = FACE_BOUND('',#10519,.F.);
#10519 = EDGE_LOOP('',(#10520,#10530,#10538,#10546));
#10520 = ORIENTED_EDGE('',*,*,#10521,.T.);
#10521 = EDGE_CURVE('',#10522,#10524,#10526,.T.);
#10522 = VERTEX_POINT('',#10523);
#10523 = CARTESIAN_POINT('',(-1.232845664963E+03,5.669293364131E+04,
    4.4E+03));
#10524 = VERTEX_POINT('',#10525);
#10525 = CARTESIAN_POINT('',(-1.232845664963E+03,5.669293364131E+04,
    8.8E+03));
#10526 = LINE('',#10527,#10528);
#10527 = CARTESIAN_POINT('',(-1.232845664963E+03,5.669293364131E+04,
    4.4E+03));
#10528 = VECTOR('',#10529,1.);
#10529 = DIRECTION('',(0.,0.,1.));
#10530 = ORIENTED_EDGE('',*,*,#10531,.T.);
#10531 = EDGE_CURVE('',#10524,#10532,#10534,.T.);
#10532 = VERTEX_POINT('',#10533);
#10533 = CARTESIAN_POINT('',(-832.8456649628,5.669293364131E+04,8.8E+03)
  );
#10534 = LINE('',#10535,#10536);
#10535 = CARTESIAN_POINT('',(-1.232845664963E+03,5.669293364131E+04,
    8.8E+03));
#10536 = VECTOR('',#10537,1.);
#10537 = DIRECTION('',(1.,0.,0.));
#10538 = ORIENTED_EDGE('',*,*,#10539,.F.);
#10539 = EDGE_CURVE('',#10540,#10532,#10542,.T.);
#10540 = VERTEX_POINT('',#10541);
#10541 = CARTESIAN_POINT('',(-832.8456649628,5.669293364131E+04,4.4E+03)
  );
#10542 = LINE('',#10543,#10544);
#10543 = CARTESIAN_POINT('',(-832.8456649628,5.669293364131E+04,4.4E+03)
  );
#10544 = VECTOR('',#10545,1.);
#10545 = DIRECTION('',(0.,0.,1.));
#10546 = ORIENTED_EDGE('',*,*,#10547,.F.);
#10547 = EDGE_CURVE('',#10522,#10540,#10548,.T.);
#10548 = LINE('',#10549,#10550);
#10549 = CARTESIAN_POINT('',(-1.232845664963E+03,5.669293364131E+04,
    4.4E+03));
#10550 = VECTOR('',#10551,1.);
#10551 = DIRECTION('',(1.,0.,0.));
#10552 = PLANE('',#10553);
#10553 = AXIS2_PLACEMENT_3D('',#10554,#10555,#10556);
#10554 = CARTESIAN_POINT('',(-1.232845664963E+03,5.669293364131E+04,
    4.4E+03));
#10555 = DIRECTION('',(0.,1.,0.));
#10556 = DIRECTION('',(1.,0.,0.));
#10557 = ADVANCED_FACE('',(#10558),#10583,.F.);
#10558 = FACE_BOUND('',#10559,.F.);
#10559 = EDGE_LOOP('',(#10560,#10561,#10569,#10577));
#10560 = ORIENTED_EDGE('',*,*,#10539,.T.);
#10561 = ORIENTED_EDGE('',*,*,#10562,.T.);
#10562 = EDGE_CURVE('',#10532,#10563,#10565,.T.);
#10563 = VERTEX_POINT('',#10564);
#10564 = CARTESIAN_POINT('',(-832.8456649628,5.749293364131E+04,8.8E+03)
  );
#10565 = LINE('',#10566,#10567);
#10566 = CARTESIAN_POINT('',(-832.8456649628,5.669293364131E+04,8.8E+03)
  );
#10567 = VECTOR('',#10568,1.);
#10568 = DIRECTION('',(0.,1.,0.));
#10569 = ORIENTED_EDGE('',*,*,#10570,.F.);
#10570 = EDGE_CURVE('',#10571,#10563,#10573,.T.);
#10571 = VERTEX_POINT('',#10572);
#10572 = CARTESIAN_POINT('',(-832.8456649628,5.749293364131E+04,4.4E+03)
  );
#10573 = LINE('',#10574,#10575);
#10574 = CARTESIAN_POINT('',(-832.8456649628,5.749293364131E+04,4.4E+03)
  );
#10575 = VECTOR('',#10576,1.);
#10576 = DIRECTION('',(0.,0.,1.));
#10577 = ORIENTED_EDGE('',*,*,#10578,.F.);
#10578 = EDGE_CURVE('',#10540,#10571,#10579,.T.);
#10579 = LINE('',#10580,#10581);
#10580 = CARTESIAN_POINT('',(-832.8456649628,5.669293364131E+04,4.4E+03)
  );
#10581 = VECTOR('',#10582,1.);
#10582 = DIRECTION('',(0.,1.,0.));
#10583 = PLANE('',#10584);
#10584 = AXIS2_PLACEMENT_3D('',#10585,#10586,#10587);
#10585 = CARTESIAN_POINT('',(-832.8456649628,5.669293364131E+04,4.4E+03)
  );
#10586 = DIRECTION('',(-1.,0.,0.));
#10587 = DIRECTION('',(0.,1.,0.));
#10588 = ADVANCED_FACE('',(#10589),#10614,.F.);
#10589 = FACE_BOUND('',#10590,.F.);
#10590 = EDGE_LOOP('',(#10591,#10592,#10600,#10608));
#10591 = ORIENTED_EDGE('',*,*,#10570,.T.);
#10592 = ORIENTED_EDGE('',*,*,#10593,.T.);
#10593 = EDGE_CURVE('',#10563,#10594,#10596,.T.);
#10594 = VERTEX_POINT('',#10595);
#10595 = CARTESIAN_POINT('',(-1.232845664963E+03,5.749293364131E+04,
    8.8E+03));
#10596 = LINE('',#10597,#10598);
#10597 = CARTESIAN_POINT('',(-832.8456649628,5.749293364131E+04,8.8E+03)
  );
#10598 = VECTOR('',#10599,1.);
#10599 = DIRECTION('',(-1.,0.,0.));
#10600 = ORIENTED_EDGE('',*,*,#10601,.F.);
#10601 = EDGE_CURVE('',#10602,#10594,#10604,.T.);
#10602 = VERTEX_POINT('',#10603);
#10603 = CARTESIAN_POINT('',(-1.232845664963E+03,5.749293364131E+04,
    4.4E+03));
#10604 = LINE('',#10605,#10606);
#10605 = CARTESIAN_POINT('',(-1.232845664963E+03,5.749293364131E+04,
    4.4E+03));
#10606 = VECTOR('',#10607,1.);
#10607 = DIRECTION('',(0.,0.,1.));
#10608 = ORIENTED_EDGE('',*,*,#10609,.F.);
#10609 = EDGE_CURVE('',#10571,#10602,#10610,.T.);
#10610 = LINE('',#10611,#10612);
#10611 = CARTESIAN_POINT('',(-832.8456649628,5.749293364131E+04,4.4E+03)
  );
#10612 = VECTOR('',#10613,1.);
#10613 = DIRECTION('',(-1.,0.,0.));
#10614 = PLANE('',#10615);
#10615 = AXIS2_PLACEMENT_3D('',#10616,#10617,#10618);
#10616 = CARTESIAN_POINT('',(-832.8456649628,5.749293364131E+04,4.4E+03)
  );
#10617 = DIRECTION('',(0.,-1.,0.));
#10618 = DIRECTION('',(-1.,0.,0.));
#10619 = ADVANCED_FACE('',(#10620),#10636,.F.);
#10620 = FACE_BOUND('',#10621,.F.);
#10621 = EDGE_LOOP('',(#10622,#10623,#10629,#10630));
#10622 = ORIENTED_EDGE('',*,*,#10601,.T.);
#10623 = ORIENTED_EDGE('',*,*,#10624,.T.);
#10624 = EDGE_CURVE('',#10594,#10524,#10625,.T.);
#10625 = LINE('',#10626,#10627);
#10626 = CARTESIAN_POINT('',(-1.232845664963E+03,5.749293364131E+04,
    8.8E+03));
#10627 = VECTOR('',#10628,1.);
#10628 = DIRECTION('',(0.,-1.,0.));
#10629 = ORIENTED_EDGE('',*,*,#10521,.F.);
#10630 = ORIENTED_EDGE('',*,*,#10631,.F.);
#10631 = EDGE_CURVE('',#10602,#10522,#10632,.T.);
#10632 = LINE('',#10633,#10634);
#10633 = CARTESIAN_POINT('',(-1.232845664963E+03,5.749293364131E+04,
    4.4E+03));
#10634 = VECTOR('',#10635,1.);
#10635 = DIRECTION('',(0.,-1.,0.));
#10636 = PLANE('',#10637);
#10637 = AXIS2_PLACEMENT_3D('',#10638,#10639,#10640);
#10638 = CARTESIAN_POINT('',(-1.232845664963E+03,5.749293364131E+04,
    4.4E+03));
#10639 = DIRECTION('',(1.,0.,-0.));
#10640 = DIRECTION('',(0.,-1.,0.));
#10641 = ADVANCED_FACE('',(#10642),#10648,.F.);
#10642 = FACE_BOUND('',#10643,.F.);
#10643 = EDGE_LOOP('',(#10644,#10645,#10646,#10647));
#10644 = ORIENTED_EDGE('',*,*,#10547,.T.);
#10645 = ORIENTED_EDGE('',*,*,#10578,.T.);
#10646 = ORIENTED_EDGE('',*,*,#10609,.T.);
#10647 = ORIENTED_EDGE('',*,*,#10631,.T.);
#10648 = PLANE('',#10649);
#10649 = AXIS2_PLACEMENT_3D('',#10650,#10651,#10652);
#10650 = CARTESIAN_POINT('',(-1.032845664963E+03,5.709293364131E+04,
    4.4E+03));
#10651 = DIRECTION('',(0.,0.,1.));
#10652 = DIRECTION('',(1.,0.,-0.));
#10653 = ADVANCED_FACE('',(#10654),#10660,.T.);
#10654 = FACE_BOUND('',#10655,.T.);
#10655 = EDGE_LOOP('',(#10656,#10657,#10658,#10659));
#10656 = ORIENTED_EDGE('',*,*,#10531,.T.);
#10657 = ORIENTED_EDGE('',*,*,#10562,.T.);
#10658 = ORIENTED_EDGE('',*,*,#10593,.T.);
#10659 = ORIENTED_EDGE('',*,*,#10624,.T.);
#10660 = PLANE('',#10661);
#10661 = AXIS2_PLACEMENT_3D('',#10662,#10663,#10664);
#10662 = CARTESIAN_POINT('',(-1.032845664963E+03,5.709293364131E+04,
    8.8E+03));
#10663 = DIRECTION('',(0.,0.,1.));
#10664 = DIRECTION('',(1.,0.,-0.));
#10665 = MANIFOLD_SOLID_BREP('',#10666);
#10666 = CLOSED_SHELL('',(#10667,#10707,#10738,#10769,#10791,#10803));
#10667 = ADVANCED_FACE('',(#10668),#10702,.F.);
#10668 = FACE_BOUND('',#10669,.F.);
#10669 = EDGE_LOOP('',(#10670,#10680,#10688,#10696));
#10670 = ORIENTED_EDGE('',*,*,#10671,.T.);
#10671 = EDGE_CURVE('',#10672,#10674,#10676,.T.);
#10672 = VERTEX_POINT('',#10673);
#10673 = CARTESIAN_POINT('',(-2.208285042918E+04,-7.522063041283E+03,
    8.E+03));
#10674 = VERTEX_POINT('',#10675);
#10675 = CARTESIAN_POINT('',(-2.208285042918E+04,-7.522063041283E+03,
    8.8E+03));
#10676 = LINE('',#10677,#10678);
#10677 = CARTESIAN_POINT('',(-2.208285042918E+04,-7.522063041283E+03,
    8.E+03));
#10678 = VECTOR('',#10679,1.);
#10679 = DIRECTION('',(0.,0.,1.));
#10680 = ORIENTED_EDGE('',*,*,#10681,.T.);
#10681 = EDGE_CURVE('',#10674,#10682,#10684,.T.);
#10682 = VERTEX_POINT('',#10683);
#10683 = CARTESIAN_POINT('',(-2.208285042918E+04,-7.922066761944E+03,
    8.8E+03));
#10684 = LINE('',#10685,#10686);
#10685 = CARTESIAN_POINT('',(-2.208285042918E+04,-7.522063041283E+03,
    8.8E+03));
#10686 = VECTOR('',#10687,1.);
#10687 = DIRECTION('',(0.,-1.,0.));
#10688 = ORIENTED_EDGE('',*,*,#10689,.F.);
#10689 = EDGE_CURVE('',#10690,#10682,#10692,.T.);
#10690 = VERTEX_POINT('',#10691);
#10691 = CARTESIAN_POINT('',(-2.208285042918E+04,-7.922066761944E+03,
    8.E+03));
#10692 = LINE('',#10693,#10694);
#10693 = CARTESIAN_POINT('',(-2.208285042918E+04,-7.922066761944E+03,
    8.E+03));
#10694 = VECTOR('',#10695,1.);
#10695 = DIRECTION('',(0.,0.,1.));
#10696 = ORIENTED_EDGE('',*,*,#10697,.F.);
#10697 = EDGE_CURVE('',#10672,#10690,#10698,.T.);
#10698 = LINE('',#10699,#10700);
#10699 = CARTESIAN_POINT('',(-2.208285042918E+04,-7.522063041283E+03,
    8.E+03));
#10700 = VECTOR('',#10701,1.);
#10701 = DIRECTION('',(0.,-1.,0.));
#10702 = PLANE('',#10703);
#10703 = AXIS2_PLACEMENT_3D('',#10704,#10705,#10706);
#10704 = CARTESIAN_POINT('',(-2.208285042918E+04,-7.522063041283E+03,
    8.E+03));
#10705 = DIRECTION('',(1.,0.,-0.));
#10706 = DIRECTION('',(0.,-1.,0.));
#10707 = ADVANCED_FACE('',(#10708),#10733,.F.);
#10708 = FACE_BOUND('',#10709,.F.);
#10709 = EDGE_LOOP('',(#10710,#10711,#10719,#10727));
#10710 = ORIENTED_EDGE('',*,*,#10689,.T.);
#10711 = ORIENTED_EDGE('',*,*,#10712,.T.);
#10712 = EDGE_CURVE('',#10682,#10713,#10715,.T.);
#10713 = VERTEX_POINT('',#10714);
#10714 = CARTESIAN_POINT('',(-1.848285042919E+04,-7.922066761944E+03,
    8.8E+03));
#10715 = LINE('',#10716,#10717);
#10716 = CARTESIAN_POINT('',(-2.208285042918E+04,-7.922066761944E+03,
    8.8E+03));
#10717 = VECTOR('',#10718,1.);
#10718 = DIRECTION('',(1.,0.,0.));
#10719 = ORIENTED_EDGE('',*,*,#10720,.F.);
#10720 = EDGE_CURVE('',#10721,#10713,#10723,.T.);
#10721 = VERTEX_POINT('',#10722);
#10722 = CARTESIAN_POINT('',(-1.848285042919E+04,-7.922066761944E+03,
    8.E+03));
#10723 = LINE('',#10724,#10725);
#10724 = CARTESIAN_POINT('',(-1.848285042919E+04,-7.922066761944E+03,
    8.E+03));
#10725 = VECTOR('',#10726,1.);
#10726 = DIRECTION('',(0.,0.,1.));
#10727 = ORIENTED_EDGE('',*,*,#10728,.F.);
#10728 = EDGE_CURVE('',#10690,#10721,#10729,.T.);
#10729 = LINE('',#10730,#10731);
#10730 = CARTESIAN_POINT('',(-2.208285042918E+04,-7.922066761944E+03,
    8.E+03));
#10731 = VECTOR('',#10732,1.);
#10732 = DIRECTION('',(1.,0.,0.));
#10733 = PLANE('',#10734);
#10734 = AXIS2_PLACEMENT_3D('',#10735,#10736,#10737);
#10735 = CARTESIAN_POINT('',(-2.208285042918E+04,-7.922066761944E+03,
    8.E+03));
#10736 = DIRECTION('',(0.,1.,0.));
#10737 = DIRECTION('',(1.,0.,0.));
#10738 = ADVANCED_FACE('',(#10739),#10764,.F.);
#10739 = FACE_BOUND('',#10740,.F.);
#10740 = EDGE_LOOP('',(#10741,#10742,#10750,#10758));
#10741 = ORIENTED_EDGE('',*,*,#10720,.T.);
#10742 = ORIENTED_EDGE('',*,*,#10743,.T.);
#10743 = EDGE_CURVE('',#10713,#10744,#10746,.T.);
#10744 = VERTEX_POINT('',#10745);
#10745 = CARTESIAN_POINT('',(-1.848285042919E+04,-7.522063041283E+03,
    8.8E+03));
#10746 = LINE('',#10747,#10748);
#10747 = CARTESIAN_POINT('',(-1.848285042919E+04,-7.922066761944E+03,
    8.8E+03));
#10748 = VECTOR('',#10749,1.);
#10749 = DIRECTION('',(0.,1.,0.));
#10750 = ORIENTED_EDGE('',*,*,#10751,.F.);
#10751 = EDGE_CURVE('',#10752,#10744,#10754,.T.);
#10752 = VERTEX_POINT('',#10753);
#10753 = CARTESIAN_POINT('',(-1.848285042919E+04,-7.522063041283E+03,
    8.E+03));
#10754 = LINE('',#10755,#10756);
#10755 = CARTESIAN_POINT('',(-1.848285042919E+04,-7.522063041283E+03,
    8.E+03));
#10756 = VECTOR('',#10757,1.);
#10757 = DIRECTION('',(0.,0.,1.));
#10758 = ORIENTED_EDGE('',*,*,#10759,.F.);
#10759 = EDGE_CURVE('',#10721,#10752,#10760,.T.);
#10760 = LINE('',#10761,#10762);
#10761 = CARTESIAN_POINT('',(-1.848285042919E+04,-7.922066761944E+03,
    8.E+03));
#10762 = VECTOR('',#10763,1.);
#10763 = DIRECTION('',(0.,1.,0.));
#10764 = PLANE('',#10765);
#10765 = AXIS2_PLACEMENT_3D('',#10766,#10767,#10768);
#10766 = CARTESIAN_POINT('',(-1.848285042919E+04,-7.922066761944E+03,
    8.E+03));
#10767 = DIRECTION('',(-1.,0.,0.));
#10768 = DIRECTION('',(0.,1.,0.));
#10769 = ADVANCED_FACE('',(#10770),#10786,.F.);
#10770 = FACE_BOUND('',#10771,.F.);
#10771 = EDGE_LOOP('',(#10772,#10773,#10779,#10780));
#10772 = ORIENTED_EDGE('',*,*,#10751,.T.);
#10773 = ORIENTED_EDGE('',*,*,#10774,.T.);
#10774 = EDGE_CURVE('',#10744,#10674,#10775,.T.);
#10775 = LINE('',#10776,#10777);
#10776 = CARTESIAN_POINT('',(-1.848285042919E+04,-7.522063041283E+03,
    8.8E+03));
#10777 = VECTOR('',#10778,1.);
#10778 = DIRECTION('',(-1.,0.,0.));
#10779 = ORIENTED_EDGE('',*,*,#10671,.F.);
#10780 = ORIENTED_EDGE('',*,*,#10781,.F.);
#10781 = EDGE_CURVE('',#10752,#10672,#10782,.T.);
#10782 = LINE('',#10783,#10784);
#10783 = CARTESIAN_POINT('',(-1.848285042919E+04,-7.522063041283E+03,
    8.E+03));
#10784 = VECTOR('',#10785,1.);
#10785 = DIRECTION('',(-1.,0.,0.));
#10786 = PLANE('',#10787);
#10787 = AXIS2_PLACEMENT_3D('',#10788,#10789,#10790);
#10788 = CARTESIAN_POINT('',(-1.848285042919E+04,-7.522063041283E+03,
    8.E+03));
#10789 = DIRECTION('',(0.,-1.,0.));
#10790 = DIRECTION('',(-1.,0.,0.));
#10791 = ADVANCED_FACE('',(#10792),#10798,.F.);
#10792 = FACE_BOUND('',#10793,.F.);
#10793 = EDGE_LOOP('',(#10794,#10795,#10796,#10797));
#10794 = ORIENTED_EDGE('',*,*,#10697,.T.);
#10795 = ORIENTED_EDGE('',*,*,#10728,.T.);
#10796 = ORIENTED_EDGE('',*,*,#10759,.T.);
#10797 = ORIENTED_EDGE('',*,*,#10781,.T.);
#10798 = PLANE('',#10799);
#10799 = AXIS2_PLACEMENT_3D('',#10800,#10801,#10802);
#10800 = CARTESIAN_POINT('',(-2.028285042919E+04,-7.722064901614E+03,
    8.E+03));
#10801 = DIRECTION('',(0.,0.,1.));
#10802 = DIRECTION('',(1.,0.,-0.));
#10803 = ADVANCED_FACE('',(#10804),#10810,.T.);
#10804 = FACE_BOUND('',#10805,.T.);
#10805 = EDGE_LOOP('',(#10806,#10807,#10808,#10809));
#10806 = ORIENTED_EDGE('',*,*,#10681,.T.);
#10807 = ORIENTED_EDGE('',*,*,#10712,.T.);
#10808 = ORIENTED_EDGE('',*,*,#10743,.T.);
#10809 = ORIENTED_EDGE('',*,*,#10774,.T.);
#10810 = PLANE('',#10811);
#10811 = AXIS2_PLACEMENT_3D('',#10812,#10813,#10814);
#10812 = CARTESIAN_POINT('',(-2.028285042919E+04,-7.722064901614E+03,
    8.8E+03));
#10813 = DIRECTION('',(0.,0.,1.));
#10814 = DIRECTION('',(1.,0.,-0.));
#10815 = MANIFOLD_SOLID_BREP('',#10816);
#10816 = CLOSED_SHELL('',(#10817,#10857,#10888,#10919,#10941,#10953));
#10817 = ADVANCED_FACE('',(#10818),#10852,.F.);
#10818 = FACE_BOUND('',#10819,.F.);
#10819 = EDGE_LOOP('',(#10820,#10830,#10838,#10846));
#10820 = ORIENTED_EDGE('',*,*,#10821,.T.);
#10821 = EDGE_CURVE('',#10822,#10824,#10826,.T.);
#10822 = VERTEX_POINT('',#10823);
#10823 = CARTESIAN_POINT('',(-3.236920321872E+04,4.777236814894E+03,
    8.E+03));
#10824 = VERTEX_POINT('',#10825);
#10825 = CARTESIAN_POINT('',(-3.236920321872E+04,4.777236814894E+03,
    8.8E+03));
#10826 = LINE('',#10827,#10828);
#10827 = CARTESIAN_POINT('',(-3.236920321872E+04,4.777236814894E+03,
    8.E+03));
#10828 = VECTOR('',#10829,1.);
#10829 = DIRECTION('',(0.,0.,1.));
#10830 = ORIENTED_EDGE('',*,*,#10831,.T.);
#10831 = EDGE_CURVE('',#10824,#10832,#10834,.T.);
#10832 = VERTEX_POINT('',#10833);
#10833 = CARTESIAN_POINT('',(-3.236920120023E+04,5.177910081275E+03,
    8.8E+03));
#10834 = LINE('',#10835,#10836);
#10835 = CARTESIAN_POINT('',(-3.236920321872E+04,4.777236814894E+03,
    8.8E+03));
#10836 = VECTOR('',#10837,1.);
#10837 = DIRECTION('',(5.037744236208E-06,0.999999999987,0.));
#10838 = ORIENTED_EDGE('',*,*,#10839,.F.);
#10839 = EDGE_CURVE('',#10840,#10832,#10842,.T.);
#10840 = VERTEX_POINT('',#10841);
#10841 = CARTESIAN_POINT('',(-3.236920120023E+04,5.177910081275E+03,
    8.E+03));
#10842 = LINE('',#10843,#10844);
#10843 = CARTESIAN_POINT('',(-3.236920120023E+04,5.177910081275E+03,
    8.E+03));
#10844 = VECTOR('',#10845,1.);
#10845 = DIRECTION('',(0.,0.,1.));
#10846 = ORIENTED_EDGE('',*,*,#10847,.F.);
#10847 = EDGE_CURVE('',#10822,#10840,#10848,.T.);
#10848 = LINE('',#10849,#10850);
#10849 = CARTESIAN_POINT('',(-3.236920321872E+04,4.777236814894E+03,
    8.E+03));
#10850 = VECTOR('',#10851,1.);
#10851 = DIRECTION('',(5.037744236208E-06,0.999999999987,0.));
#10852 = PLANE('',#10853);
#10853 = AXIS2_PLACEMENT_3D('',#10854,#10855,#10856);
#10854 = CARTESIAN_POINT('',(-3.236920321872E+04,4.777236814894E+03,
    8.E+03));
#10855 = DIRECTION('',(-0.999999999987,5.037744236208E-06,0.));
#10856 = DIRECTION('',(5.037744236208E-06,0.999999999987,0.));
#10857 = ADVANCED_FACE('',(#10858),#10883,.F.);
#10858 = FACE_BOUND('',#10859,.F.);
#10859 = EDGE_LOOP('',(#10860,#10861,#10869,#10877));
#10860 = ORIENTED_EDGE('',*,*,#10839,.T.);
#10861 = ORIENTED_EDGE('',*,*,#10862,.T.);
#10862 = EDGE_CURVE('',#10832,#10863,#10865,.T.);
#10863 = VERTEX_POINT('',#10864);
#10864 = CARTESIAN_POINT('',(-3.276920120022E+04,5.177912096373E+03,
    8.8E+03));
#10865 = LINE('',#10866,#10867);
#10866 = CARTESIAN_POINT('',(-3.236920120023E+04,5.177910081275E+03,
    8.8E+03));
#10867 = VECTOR('',#10868,1.);
#10868 = DIRECTION('',(-0.999999999987,5.037744235842E-06,0.));
#10869 = ORIENTED_EDGE('',*,*,#10870,.F.);
#10870 = EDGE_CURVE('',#10871,#10863,#10873,.T.);
#10871 = VERTEX_POINT('',#10872);
#10872 = CARTESIAN_POINT('',(-3.276920120022E+04,5.177912096373E+03,
    8.E+03));
#10873 = LINE('',#10874,#10875);
#10874 = CARTESIAN_POINT('',(-3.276920120022E+04,5.177912096373E+03,
    8.E+03));
#10875 = VECTOR('',#10876,1.);
#10876 = DIRECTION('',(0.,0.,1.));
#10877 = ORIENTED_EDGE('',*,*,#10878,.F.);
#10878 = EDGE_CURVE('',#10840,#10871,#10879,.T.);
#10879 = LINE('',#10880,#10881);
#10880 = CARTESIAN_POINT('',(-3.236920120023E+04,5.177910081275E+03,
    8.E+03));
#10881 = VECTOR('',#10882,1.);
#10882 = DIRECTION('',(-0.999999999987,5.037744235842E-06,0.));
#10883 = PLANE('',#10884);
#10884 = AXIS2_PLACEMENT_3D('',#10885,#10886,#10887);
#10885 = CARTESIAN_POINT('',(-3.236920120023E+04,5.177910081275E+03,
    8.E+03));
#10886 = DIRECTION('',(-5.037744235842E-06,-0.999999999987,0.));
#10887 = DIRECTION('',(-0.999999999987,5.037744235842E-06,0.));
#10888 = ADVANCED_FACE('',(#10889),#10914,.F.);
#10889 = FACE_BOUND('',#10890,.F.);
#10890 = EDGE_LOOP('',(#10891,#10892,#10900,#10908));
#10891 = ORIENTED_EDGE('',*,*,#10870,.T.);
#10892 = ORIENTED_EDGE('',*,*,#10893,.T.);
#10893 = EDGE_CURVE('',#10863,#10894,#10896,.T.);
#10894 = VERTEX_POINT('',#10895);
#10895 = CARTESIAN_POINT('',(-3.276920321871E+04,4.777238829992E+03,
    8.8E+03));
#10896 = LINE('',#10897,#10898);
#10897 = CARTESIAN_POINT('',(-3.276920120022E+04,5.177912096373E+03,
    8.8E+03));
#10898 = VECTOR('',#10899,1.);
#10899 = DIRECTION('',(-5.037744236208E-06,-0.999999999987,0.));
#10900 = ORIENTED_EDGE('',*,*,#10901,.F.);
#10901 = EDGE_CURVE('',#10902,#10894,#10904,.T.);
#10902 = VERTEX_POINT('',#10903);
#10903 = CARTESIAN_POINT('',(-3.276920321871E+04,4.777238829992E+03,
    8.E+03));
#10904 = LINE('',#10905,#10906);
#10905 = CARTESIAN_POINT('',(-3.276920321871E+04,4.777238829992E+03,
    8.E+03));
#10906 = VECTOR('',#10907,1.);
#10907 = DIRECTION('',(0.,0.,1.));
#10908 = ORIENTED_EDGE('',*,*,#10909,.F.);
#10909 = EDGE_CURVE('',#10871,#10902,#10910,.T.);
#10910 = LINE('',#10911,#10912);
#10911 = CARTESIAN_POINT('',(-3.276920120022E+04,5.177912096373E+03,
    8.E+03));
#10912 = VECTOR('',#10913,1.);
#10913 = DIRECTION('',(-5.037744236208E-06,-0.999999999987,0.));
#10914 = PLANE('',#10915);
#10915 = AXIS2_PLACEMENT_3D('',#10916,#10917,#10918);
#10916 = CARTESIAN_POINT('',(-3.276920120022E+04,5.177912096373E+03,
    8.E+03));
#10917 = DIRECTION('',(0.999999999987,-5.037744236208E-06,0.));
#10918 = DIRECTION('',(-5.037744236208E-06,-0.999999999987,0.));
#10919 = ADVANCED_FACE('',(#10920),#10936,.F.);
#10920 = FACE_BOUND('',#10921,.F.);
#10921 = EDGE_LOOP('',(#10922,#10923,#10929,#10930));
#10922 = ORIENTED_EDGE('',*,*,#10901,.T.);
#10923 = ORIENTED_EDGE('',*,*,#10924,.T.);
#10924 = EDGE_CURVE('',#10894,#10824,#10925,.T.);
#10925 = LINE('',#10926,#10927);
#10926 = CARTESIAN_POINT('',(-3.276920321871E+04,4.777238829992E+03,
    8.8E+03));
#10927 = VECTOR('',#10928,1.);
#10928 = DIRECTION('',(0.999999999987,-5.037744235842E-06,0.));
#10929 = ORIENTED_EDGE('',*,*,#10821,.F.);
#10930 = ORIENTED_EDGE('',*,*,#10931,.F.);
#10931 = EDGE_CURVE('',#10902,#10822,#10932,.T.);
#10932 = LINE('',#10933,#10934);
#10933 = CARTESIAN_POINT('',(-3.276920321871E+04,4.777238829992E+03,
    8.E+03));
#10934 = VECTOR('',#10935,1.);
#10935 = DIRECTION('',(0.999999999987,-5.037744235842E-06,0.));
#10936 = PLANE('',#10937);
#10937 = AXIS2_PLACEMENT_3D('',#10938,#10939,#10940);
#10938 = CARTESIAN_POINT('',(-3.276920321871E+04,4.777238829992E+03,
    8.E+03));
#10939 = DIRECTION('',(5.037744235842E-06,0.999999999987,-0.));
#10940 = DIRECTION('',(0.999999999987,-5.037744235842E-06,0.));
#10941 = ADVANCED_FACE('',(#10942),#10948,.F.);
#10942 = FACE_BOUND('',#10943,.F.);
#10943 = EDGE_LOOP('',(#10944,#10945,#10946,#10947));
#10944 = ORIENTED_EDGE('',*,*,#10847,.T.);
#10945 = ORIENTED_EDGE('',*,*,#10878,.T.);
#10946 = ORIENTED_EDGE('',*,*,#10909,.T.);
#10947 = ORIENTED_EDGE('',*,*,#10931,.T.);
#10948 = PLANE('',#10949);
#10949 = AXIS2_PLACEMENT_3D('',#10950,#10951,#10952);
#10950 = CARTESIAN_POINT('',(-3.256920220947E+04,4.977574455634E+03,
    8.E+03));
#10951 = DIRECTION('',(0.,0.,1.));
#10952 = DIRECTION('',(1.,0.,-0.));
#10953 = ADVANCED_FACE('',(#10954),#10960,.T.);
#10954 = FACE_BOUND('',#10955,.T.);
#10955 = EDGE_LOOP('',(#10956,#10957,#10958,#10959));
#10956 = ORIENTED_EDGE('',*,*,#10831,.T.);
#10957 = ORIENTED_EDGE('',*,*,#10862,.T.);
#10958 = ORIENTED_EDGE('',*,*,#10893,.T.);
#10959 = ORIENTED_EDGE('',*,*,#10924,.T.);
#10960 = PLANE('',#10961);
#10961 = AXIS2_PLACEMENT_3D('',#10962,#10963,#10964);
#10962 = CARTESIAN_POINT('',(-3.256920220947E+04,4.977574455634E+03,
    8.8E+03));
#10963 = DIRECTION('',(0.,0.,1.));
#10964 = DIRECTION('',(1.,0.,-0.));
#10965 = MANIFOLD_SOLID_BREP('',#10966);
#10966 = CLOSED_SHELL('',(#10967,#11007,#11038,#11069,#11091,#11103));
#10967 = ADVANCED_FACE('',(#10968),#11002,.F.);
#10968 = FACE_BOUND('',#10969,.F.);
#10969 = EDGE_LOOP('',(#10970,#10980,#10988,#10996));
#10970 = ORIENTED_EDGE('',*,*,#10971,.T.);
#10971 = EDGE_CURVE('',#10972,#10974,#10976,.T.);
#10972 = VERTEX_POINT('',#10973);
#10973 = CARTESIAN_POINT('',(-1.708170188755E+04,5.35248107213E+03,
    8.E+03));
#10974 = VERTEX_POINT('',#10975);
#10975 = CARTESIAN_POINT('',(-1.708170188755E+04,5.35248107213E+03,
    8.8E+03));
#10976 = LINE('',#10977,#10978);
#10977 = CARTESIAN_POINT('',(-1.708170188755E+04,5.35248107213E+03,
    8.E+03));
#10978 = VECTOR('',#10979,1.);
#10979 = DIRECTION('',(0.,0.,1.));
#10980 = ORIENTED_EDGE('',*,*,#10981,.T.);
#10981 = EDGE_CURVE('',#10974,#10982,#10984,.T.);
#10982 = VERTEX_POINT('',#10983);
#10983 = CARTESIAN_POINT('',(-1.668169549389E+04,5.35248107213E+03,
    8.8E+03));
#10984 = LINE('',#10985,#10986);
#10985 = CARTESIAN_POINT('',(-1.708170188755E+04,5.35248107213E+03,
    8.8E+03));
#10986 = VECTOR('',#10987,1.);
#10987 = DIRECTION('',(1.,0.,0.));
#10988 = ORIENTED_EDGE('',*,*,#10989,.F.);
#10989 = EDGE_CURVE('',#10990,#10982,#10992,.T.);
#10990 = VERTEX_POINT('',#10991);
#10991 = CARTESIAN_POINT('',(-1.668169549389E+04,5.35248107213E+03,
    8.E+03));
#10992 = LINE('',#10993,#10994);
#10993 = CARTESIAN_POINT('',(-1.668169549389E+04,5.35248107213E+03,
    8.E+03));
#10994 = VECTOR('',#10995,1.);
#10995 = DIRECTION('',(0.,0.,1.));
#10996 = ORIENTED_EDGE('',*,*,#10997,.F.);
#10997 = EDGE_CURVE('',#10972,#10990,#10998,.T.);
#10998 = LINE('',#10999,#11000);
#10999 = CARTESIAN_POINT('',(-1.708170188755E+04,5.35248107213E+03,
    8.E+03));
#11000 = VECTOR('',#11001,1.);
#11001 = DIRECTION('',(1.,0.,0.));
#11002 = PLANE('',#11003);
#11003 = AXIS2_PLACEMENT_3D('',#11004,#11005,#11006);
#11004 = CARTESIAN_POINT('',(-1.708170188755E+04,5.35248107213E+03,
    8.E+03));
#11005 = DIRECTION('',(0.,1.,0.));
#11006 = DIRECTION('',(1.,0.,0.));
#11007 = ADVANCED_FACE('',(#11008),#11033,.F.);
#11008 = FACE_BOUND('',#11009,.F.);
#11009 = EDGE_LOOP('',(#11010,#11011,#11019,#11027));
#11010 = ORIENTED_EDGE('',*,*,#10989,.T.);
#11011 = ORIENTED_EDGE('',*,*,#11012,.T.);
#11012 = EDGE_CURVE('',#10982,#11013,#11015,.T.);
#11013 = VERTEX_POINT('',#11014);
#11014 = CARTESIAN_POINT('',(-1.668169549389E+04,1.315263152326E+04,
    8.8E+03));
#11015 = LINE('',#11016,#11017);
#11016 = CARTESIAN_POINT('',(-1.668169549389E+04,5.35248107213E+03,
    8.8E+03));
#11017 = VECTOR('',#11018,1.);
#11018 = DIRECTION('',(0.,1.,0.));
#11019 = ORIENTED_EDGE('',*,*,#11020,.F.);
#11020 = EDGE_CURVE('',#11021,#11013,#11023,.T.);
#11021 = VERTEX_POINT('',#11022);
#11022 = CARTESIAN_POINT('',(-1.668169549389E+04,1.315263152326E+04,
    8.E+03));
#11023 = LINE('',#11024,#11025);
#11024 = CARTESIAN_POINT('',(-1.668169549389E+04,1.315263152326E+04,
    8.E+03));
#11025 = VECTOR('',#11026,1.);
#11026 = DIRECTION('',(0.,0.,1.));
#11027 = ORIENTED_EDGE('',*,*,#11028,.F.);
#11028 = EDGE_CURVE('',#10990,#11021,#11029,.T.);
#11029 = LINE('',#11030,#11031);
#11030 = CARTESIAN_POINT('',(-1.668169549389E+04,5.35248107213E+03,
    8.E+03));
#11031 = VECTOR('',#11032,1.);
#11032 = DIRECTION('',(0.,1.,0.));
#11033 = PLANE('',#11034);
#11034 = AXIS2_PLACEMENT_3D('',#11035,#11036,#11037);
#11035 = CARTESIAN_POINT('',(-1.668169549389E+04,5.35248107213E+03,
    8.E+03));
#11036 = DIRECTION('',(-1.,0.,0.));
#11037 = DIRECTION('',(0.,1.,0.));
#11038 = ADVANCED_FACE('',(#11039),#11064,.F.);
#11039 = FACE_BOUND('',#11040,.F.);
#11040 = EDGE_LOOP('',(#11041,#11042,#11050,#11058));
#11041 = ORIENTED_EDGE('',*,*,#11020,.T.);
#11042 = ORIENTED_EDGE('',*,*,#11043,.T.);
#11043 = EDGE_CURVE('',#11013,#11044,#11046,.T.);
#11044 = VERTEX_POINT('',#11045);
#11045 = CARTESIAN_POINT('',(-1.708170188755E+04,1.315263152326E+04,
    8.8E+03));
#11046 = LINE('',#11047,#11048);
#11047 = CARTESIAN_POINT('',(-1.668169549389E+04,1.315263152326E+04,
    8.8E+03));
#11048 = VECTOR('',#11049,1.);
#11049 = DIRECTION('',(-1.,0.,0.));
#11050 = ORIENTED_EDGE('',*,*,#11051,.F.);
#11051 = EDGE_CURVE('',#11052,#11044,#11054,.T.);
#11052 = VERTEX_POINT('',#11053);
#11053 = CARTESIAN_POINT('',(-1.708170188755E+04,1.315263152326E+04,
    8.E+03));
#11054 = LINE('',#11055,#11056);
#11055 = CARTESIAN_POINT('',(-1.708170188755E+04,1.315263152326E+04,
    8.E+03));
#11056 = VECTOR('',#11057,1.);
#11057 = DIRECTION('',(0.,0.,1.));
#11058 = ORIENTED_EDGE('',*,*,#11059,.F.);
#11059 = EDGE_CURVE('',#11021,#11052,#11060,.T.);
#11060 = LINE('',#11061,#11062);
#11061 = CARTESIAN_POINT('',(-1.668169549389E+04,1.315263152326E+04,
    8.E+03));
#11062 = VECTOR('',#11063,1.);
#11063 = DIRECTION('',(-1.,0.,0.));
#11064 = PLANE('',#11065);
#11065 = AXIS2_PLACEMENT_3D('',#11066,#11067,#11068);
#11066 = CARTESIAN_POINT('',(-1.668169549389E+04,1.315263152326E+04,
    8.E+03));
#11067 = DIRECTION('',(0.,-1.,0.));
#11068 = DIRECTION('',(-1.,0.,0.));
#11069 = ADVANCED_FACE('',(#11070),#11086,.F.);
#11070 = FACE_BOUND('',#11071,.F.);
#11071 = EDGE_LOOP('',(#11072,#11073,#11079,#11080));
#11072 = ORIENTED_EDGE('',*,*,#11051,.T.);
#11073 = ORIENTED_EDGE('',*,*,#11074,.T.);
#11074 = EDGE_CURVE('',#11044,#10974,#11075,.T.);
#11075 = LINE('',#11076,#11077);
#11076 = CARTESIAN_POINT('',(-1.708170188755E+04,1.315263152326E+04,
    8.8E+03));
#11077 = VECTOR('',#11078,1.);
#11078 = DIRECTION('',(0.,-1.,0.));
#11079 = ORIENTED_EDGE('',*,*,#10971,.F.);
#11080 = ORIENTED_EDGE('',*,*,#11081,.F.);
#11081 = EDGE_CURVE('',#11052,#10972,#11082,.T.);
#11082 = LINE('',#11083,#11084);
#11083 = CARTESIAN_POINT('',(-1.708170188755E+04,1.315263152326E+04,
    8.E+03));
#11084 = VECTOR('',#11085,1.);
#11085 = DIRECTION('',(0.,-1.,0.));
#11086 = PLANE('',#11087);
#11087 = AXIS2_PLACEMENT_3D('',#11088,#11089,#11090);
#11088 = CARTESIAN_POINT('',(-1.708170188755E+04,1.315263152326E+04,
    8.E+03));
#11089 = DIRECTION('',(1.,0.,-0.));
#11090 = DIRECTION('',(0.,-1.,0.));
#11091 = ADVANCED_FACE('',(#11092),#11098,.F.);
#11092 = FACE_BOUND('',#11093,.F.);
#11093 = EDGE_LOOP('',(#11094,#11095,#11096,#11097));
#11094 = ORIENTED_EDGE('',*,*,#10997,.T.);
#11095 = ORIENTED_EDGE('',*,*,#11028,.T.);
#11096 = ORIENTED_EDGE('',*,*,#11059,.T.);
#11097 = ORIENTED_EDGE('',*,*,#11081,.T.);
#11098 = PLANE('',#11099);
#11099 = AXIS2_PLACEMENT_3D('',#11100,#11101,#11102);
#11100 = CARTESIAN_POINT('',(-1.688169869072E+04,9.252556297696E+03,
    8.E+03));
#11101 = DIRECTION('',(0.,0.,1.));
#11102 = DIRECTION('',(1.,0.,-0.));
#11103 = ADVANCED_FACE('',(#11104),#11110,.T.);
#11104 = FACE_BOUND('',#11105,.T.);
#11105 = EDGE_LOOP('',(#11106,#11107,#11108,#11109));
#11106 = ORIENTED_EDGE('',*,*,#10981,.T.);
#11107 = ORIENTED_EDGE('',*,*,#11012,.T.);
#11108 = ORIENTED_EDGE('',*,*,#11043,.T.);
#11109 = ORIENTED_EDGE('',*,*,#11074,.T.);
#11110 = PLANE('',#11111);
#11111 = AXIS2_PLACEMENT_3D('',#11112,#11113,#11114);
#11112 = CARTESIAN_POINT('',(-1.688169869072E+04,9.252556297696E+03,
    8.8E+03));
#11113 = DIRECTION('',(0.,0.,1.));
#11114 = DIRECTION('',(1.,0.,-0.));
#11115 = MANIFOLD_SOLID_BREP('',#11116);
#11116 = CLOSED_SHELL('',(#11117,#11157,#11188,#11219,#11241,#11253));
#11117 = ADVANCED_FACE('',(#11118),#11152,.F.);
#11118 = FACE_BOUND('',#11119,.F.);
#11119 = EDGE_LOOP('',(#11120,#11130,#11138,#11146));
#11120 = ORIENTED_EDGE('',*,*,#11121,.T.);
#11121 = EDGE_CURVE('',#11122,#11124,#11126,.T.);
#11122 = VERTEX_POINT('',#11123);
#11123 = CARTESIAN_POINT('',(-3.276920178224E+04,1.337724090805E+04,
    8.E+03));
#11124 = VERTEX_POINT('',#11125);
#11125 = CARTESIAN_POINT('',(-3.276920178224E+04,1.337724090805E+04,
    8.8E+03));
#11126 = LINE('',#11127,#11128);
#11127 = CARTESIAN_POINT('',(-3.276920178224E+04,1.337724090805E+04,
    8.E+03));
#11128 = VECTOR('',#11129,1.);
#11129 = DIRECTION('',(0.,0.,1.));
#11130 = ORIENTED_EDGE('',*,*,#11131,.T.);
#11131 = EDGE_CURVE('',#11124,#11132,#11134,.T.);
#11132 = VERTEX_POINT('',#11133);
#11133 = CARTESIAN_POINT('',(-3.276920178224E+04,1.297574084327E+04,
    8.8E+03));
#11134 = LINE('',#11135,#11136);
#11135 = CARTESIAN_POINT('',(-3.276920178224E+04,1.337724090805E+04,
    8.8E+03));
#11136 = VECTOR('',#11137,1.);
#11137 = DIRECTION('',(0.,-1.,0.));
#11138 = ORIENTED_EDGE('',*,*,#11139,.F.);
#11139 = EDGE_CURVE('',#11140,#11132,#11142,.T.);
#11140 = VERTEX_POINT('',#11141);
#11141 = CARTESIAN_POINT('',(-3.276920178224E+04,1.297574084327E+04,
    8.E+03));
#11142 = LINE('',#11143,#11144);
#11143 = CARTESIAN_POINT('',(-3.276920178224E+04,1.297574084327E+04,
    8.E+03));
#11144 = VECTOR('',#11145,1.);
#11145 = DIRECTION('',(0.,0.,1.));
#11146 = ORIENTED_EDGE('',*,*,#11147,.F.);
#11147 = EDGE_CURVE('',#11122,#11140,#11148,.T.);
#11148 = LINE('',#11149,#11150);
#11149 = CARTESIAN_POINT('',(-3.276920178224E+04,1.337724090805E+04,
    8.E+03));
#11150 = VECTOR('',#11151,1.);
#11151 = DIRECTION('',(0.,-1.,0.));
#11152 = PLANE('',#11153);
#11153 = AXIS2_PLACEMENT_3D('',#11154,#11155,#11156);
#11154 = CARTESIAN_POINT('',(-3.276920178224E+04,1.337724090805E+04,
    8.E+03));
#11155 = DIRECTION('',(1.,0.,-0.));
#11156 = DIRECTION('',(0.,-1.,0.));
#11157 = ADVANCED_FACE('',(#11158),#11183,.F.);
#11158 = FACE_BOUND('',#11159,.F.);
#11159 = EDGE_LOOP('',(#11160,#11161,#11169,#11177));
#11160 = ORIENTED_EDGE('',*,*,#11139,.T.);
#11161 = ORIENTED_EDGE('',*,*,#11162,.T.);
#11162 = EDGE_CURVE('',#11132,#11163,#11165,.T.);
#11163 = VERTEX_POINT('',#11164);
#11164 = CARTESIAN_POINT('',(-3.236920178224E+04,1.297574084327E+04,
    8.8E+03));
#11165 = LINE('',#11166,#11167);
#11166 = CARTESIAN_POINT('',(-3.276920178224E+04,1.297574084327E+04,
    8.8E+03));
#11167 = VECTOR('',#11168,1.);
#11168 = DIRECTION('',(1.,0.,0.));
#11169 = ORIENTED_EDGE('',*,*,#11170,.F.);
#11170 = EDGE_CURVE('',#11171,#11163,#11173,.T.);
#11171 = VERTEX_POINT('',#11172);
#11172 = CARTESIAN_POINT('',(-3.236920178224E+04,1.297574084327E+04,
    8.E+03));
#11173 = LINE('',#11174,#11175);
#11174 = CARTESIAN_POINT('',(-3.236920178224E+04,1.297574084327E+04,
    8.E+03));
#11175 = VECTOR('',#11176,1.);
#11176 = DIRECTION('',(0.,0.,1.));
#11177 = ORIENTED_EDGE('',*,*,#11178,.F.);
#11178 = EDGE_CURVE('',#11140,#11171,#11179,.T.);
#11179 = LINE('',#11180,#11181);
#11180 = CARTESIAN_POINT('',(-3.276920178224E+04,1.297574084327E+04,
    8.E+03));
#11181 = VECTOR('',#11182,1.);
#11182 = DIRECTION('',(1.,0.,0.));
#11183 = PLANE('',#11184);
#11184 = AXIS2_PLACEMENT_3D('',#11185,#11186,#11187);
#11185 = CARTESIAN_POINT('',(-3.276920178224E+04,1.297574084327E+04,
    8.E+03));
#11186 = DIRECTION('',(0.,1.,0.));
#11187 = DIRECTION('',(1.,0.,0.));
#11188 = ADVANCED_FACE('',(#11189),#11214,.F.);
#11189 = FACE_BOUND('',#11190,.F.);
#11190 = EDGE_LOOP('',(#11191,#11192,#11200,#11208));
#11191 = ORIENTED_EDGE('',*,*,#11170,.T.);
#11192 = ORIENTED_EDGE('',*,*,#11193,.T.);
#11193 = EDGE_CURVE('',#11163,#11194,#11196,.T.);
#11194 = VERTEX_POINT('',#11195);
#11195 = CARTESIAN_POINT('',(-3.236920178224E+04,1.337724090805E+04,
    8.8E+03));
#11196 = LINE('',#11197,#11198);
#11197 = CARTESIAN_POINT('',(-3.236920178224E+04,1.297574084327E+04,
    8.8E+03));
#11198 = VECTOR('',#11199,1.);
#11199 = DIRECTION('',(0.,1.,0.));
#11200 = ORIENTED_EDGE('',*,*,#11201,.F.);
#11201 = EDGE_CURVE('',#11202,#11194,#11204,.T.);
#11202 = VERTEX_POINT('',#11203);
#11203 = CARTESIAN_POINT('',(-3.236920178224E+04,1.337724090805E+04,
    8.E+03));
#11204 = LINE('',#11205,#11206);
#11205 = CARTESIAN_POINT('',(-3.236920178224E+04,1.337724090805E+04,
    8.E+03));
#11206 = VECTOR('',#11207,1.);
#11207 = DIRECTION('',(0.,0.,1.));
#11208 = ORIENTED_EDGE('',*,*,#11209,.F.);
#11209 = EDGE_CURVE('',#11171,#11202,#11210,.T.);
#11210 = LINE('',#11211,#11212);
#11211 = CARTESIAN_POINT('',(-3.236920178224E+04,1.297574084327E+04,
    8.E+03));
#11212 = VECTOR('',#11213,1.);
#11213 = DIRECTION('',(0.,1.,0.));
#11214 = PLANE('',#11215);
#11215 = AXIS2_PLACEMENT_3D('',#11216,#11217,#11218);
#11216 = CARTESIAN_POINT('',(-3.236920178224E+04,1.297574084327E+04,
    8.E+03));
#11217 = DIRECTION('',(-1.,0.,0.));
#11218 = DIRECTION('',(0.,1.,0.));
#11219 = ADVANCED_FACE('',(#11220),#11236,.F.);
#11220 = FACE_BOUND('',#11221,.F.);
#11221 = EDGE_LOOP('',(#11222,#11223,#11229,#11230));
#11222 = ORIENTED_EDGE('',*,*,#11201,.T.);
#11223 = ORIENTED_EDGE('',*,*,#11224,.T.);
#11224 = EDGE_CURVE('',#11194,#11124,#11225,.T.);
#11225 = LINE('',#11226,#11227);
#11226 = CARTESIAN_POINT('',(-3.236920178224E+04,1.337724090805E+04,
    8.8E+03));
#11227 = VECTOR('',#11228,1.);
#11228 = DIRECTION('',(-1.,0.,0.));
#11229 = ORIENTED_EDGE('',*,*,#11121,.F.);
#11230 = ORIENTED_EDGE('',*,*,#11231,.F.);
#11231 = EDGE_CURVE('',#11202,#11122,#11232,.T.);
#11232 = LINE('',#11233,#11234);
#11233 = CARTESIAN_POINT('',(-3.236920178224E+04,1.337724090805E+04,
    8.E+03));
#11234 = VECTOR('',#11235,1.);
#11235 = DIRECTION('',(-1.,0.,0.));
#11236 = PLANE('',#11237);
#11237 = AXIS2_PLACEMENT_3D('',#11238,#11239,#11240);
#11238 = CARTESIAN_POINT('',(-3.236920178224E+04,1.337724090805E+04,
    8.E+03));
#11239 = DIRECTION('',(0.,-1.,0.));
#11240 = DIRECTION('',(-1.,0.,0.));
#11241 = ADVANCED_FACE('',(#11242),#11248,.F.);
#11242 = FACE_BOUND('',#11243,.F.);
#11243 = EDGE_LOOP('',(#11244,#11245,#11246,#11247));
#11244 = ORIENTED_EDGE('',*,*,#11147,.T.);
#11245 = ORIENTED_EDGE('',*,*,#11178,.T.);
#11246 = ORIENTED_EDGE('',*,*,#11209,.T.);
#11247 = ORIENTED_EDGE('',*,*,#11231,.T.);
#11248 = PLANE('',#11249);
#11249 = AXIS2_PLACEMENT_3D('',#11250,#11251,#11252);
#11250 = CARTESIAN_POINT('',(-3.256920178224E+04,1.317649087566E+04,
    8.E+03));
#11251 = DIRECTION('',(0.,0.,1.));
#11252 = DIRECTION('',(1.,0.,-0.));
#11253 = ADVANCED_FACE('',(#11254),#11260,.T.);
#11254 = FACE_BOUND('',#11255,.T.);
#11255 = EDGE_LOOP('',(#11256,#11257,#11258,#11259));
#11256 = ORIENTED_EDGE('',*,*,#11131,.T.);
#11257 = ORIENTED_EDGE('',*,*,#11162,.T.);
#11258 = ORIENTED_EDGE('',*,*,#11193,.T.);
#11259 = ORIENTED_EDGE('',*,*,#11224,.T.);
#11260 = PLANE('',#11261);
#11261 = AXIS2_PLACEMENT_3D('',#11262,#11263,#11264);
#11262 = CARTESIAN_POINT('',(-3.256920178224E+04,1.317649087566E+04,
    8.8E+03));
#11263 = DIRECTION('',(0.,0.,1.));
#11264 = DIRECTION('',(1.,0.,-0.));
#11265 = MANIFOLD_SOLID_BREP('',#11266);
#11266 = CLOSED_SHELL('',(#11267,#11307,#11338,#11369,#11391,#11403));
#11267 = ADVANCED_FACE('',(#11268),#11302,.F.);
#11268 = FACE_BOUND('',#11269,.F.);
#11269 = EDGE_LOOP('',(#11270,#11280,#11288,#11296));
#11270 = ORIENTED_EDGE('',*,*,#11271,.T.);
#11271 = EDGE_CURVE('',#11272,#11274,#11276,.T.);
#11272 = VERTEX_POINT('',#11273);
#11273 = CARTESIAN_POINT('',(1.864701003036E+04,9.370135404961E+04,
    8.E+03));
#11274 = VERTEX_POINT('',#11275);
#11275 = CARTESIAN_POINT('',(1.864701003036E+04,9.370135404961E+04,
    8.8E+03));
#11276 = LINE('',#11277,#11278);
#11277 = CARTESIAN_POINT('',(1.864701003036E+04,9.370135404961E+04,
    8.E+03));
#11278 = VECTOR('',#11279,1.);
#11279 = DIRECTION('',(0.,0.,1.));
#11280 = ORIENTED_EDGE('',*,*,#11281,.T.);
#11281 = EDGE_CURVE('',#11274,#11282,#11284,.T.);
#11282 = VERTEX_POINT('',#11283);
#11283 = CARTESIAN_POINT('',(1.904703933488E+04,9.370134709131E+04,
    8.8E+03));
#11284 = LINE('',#11285,#11286);
#11285 = CARTESIAN_POINT('',(1.864701003036E+04,9.370135404961E+04,
    8.8E+03));
#11286 = VECTOR('',#11287,1.);
#11287 = DIRECTION('',(0.999999999849,-1.739445168438E-05,0.));
#11288 = ORIENTED_EDGE('',*,*,#11289,.F.);
#11289 = EDGE_CURVE('',#11290,#11282,#11292,.T.);
#11290 = VERTEX_POINT('',#11291);
#11291 = CARTESIAN_POINT('',(1.904703933488E+04,9.370134709131E+04,
    8.E+03));
#11292 = LINE('',#11293,#11294);
#11293 = CARTESIAN_POINT('',(1.904703933488E+04,9.370134709131E+04,
    8.E+03));
#11294 = VECTOR('',#11295,1.);
#11295 = DIRECTION('',(0.,0.,1.));
#11296 = ORIENTED_EDGE('',*,*,#11297,.F.);
#11297 = EDGE_CURVE('',#11272,#11290,#11298,.T.);
#11298 = LINE('',#11299,#11300);
#11299 = CARTESIAN_POINT('',(1.864701003036E+04,9.370135404961E+04,
    8.E+03));
#11300 = VECTOR('',#11301,1.);
#11301 = DIRECTION('',(0.999999999849,-1.739445168438E-05,0.));
#11302 = PLANE('',#11303);
#11303 = AXIS2_PLACEMENT_3D('',#11304,#11305,#11306);
#11304 = CARTESIAN_POINT('',(1.864701003036E+04,9.370135404961E+04,
    8.E+03));
#11305 = DIRECTION('',(1.739445168438E-05,0.999999999849,-0.));
#11306 = DIRECTION('',(0.999999999849,-1.739445168438E-05,0.));
#11307 = ADVANCED_FACE('',(#11308),#11333,.F.);
#11308 = FACE_BOUND('',#11309,.F.);
#11309 = EDGE_LOOP('',(#11310,#11311,#11319,#11327));
#11310 = ORIENTED_EDGE('',*,*,#11289,.T.);
#11311 = ORIENTED_EDGE('',*,*,#11312,.T.);
#11312 = EDGE_CURVE('',#11282,#11313,#11315,.T.);
#11313 = VERTEX_POINT('',#11314);
#11314 = CARTESIAN_POINT('',(1.904716027003E+04,1.006538603851E+05,
    8.8E+03));
#11315 = LINE('',#11316,#11317);
#11316 = CARTESIAN_POINT('',(1.904703933488E+04,9.370134709131E+04,
    8.8E+03));
#11317 = VECTOR('',#11318,1.);
#11318 = DIRECTION('',(1.739445166978E-05,0.999999999849,0.));
#11319 = ORIENTED_EDGE('',*,*,#11320,.F.);
#11320 = EDGE_CURVE('',#11321,#11313,#11323,.T.);
#11321 = VERTEX_POINT('',#11322);
#11322 = CARTESIAN_POINT('',(1.904716027003E+04,1.006538603851E+05,
    8.E+03));
#11323 = LINE('',#11324,#11325);
#11324 = CARTESIAN_POINT('',(1.904716027003E+04,1.006538603851E+05,
    8.E+03));
#11325 = VECTOR('',#11326,1.);
#11326 = DIRECTION('',(0.,0.,1.));
#11327 = ORIENTED_EDGE('',*,*,#11328,.F.);
#11328 = EDGE_CURVE('',#11290,#11321,#11329,.T.);
#11329 = LINE('',#11330,#11331);
#11330 = CARTESIAN_POINT('',(1.904703933488E+04,9.370134709131E+04,
    8.E+03));
#11331 = VECTOR('',#11332,1.);
#11332 = DIRECTION('',(1.739445166978E-05,0.999999999849,0.));
#11333 = PLANE('',#11334);
#11334 = AXIS2_PLACEMENT_3D('',#11335,#11336,#11337);
#11335 = CARTESIAN_POINT('',(1.904703933488E+04,9.370134709131E+04,
    8.E+03));
#11336 = DIRECTION('',(-0.999999999849,1.739445166978E-05,0.));
#11337 = DIRECTION('',(1.739445166978E-05,0.999999999849,0.));
#11338 = ADVANCED_FACE('',(#11339),#11364,.F.);
#11339 = FACE_BOUND('',#11340,.F.);
#11340 = EDGE_LOOP('',(#11341,#11342,#11350,#11358));
#11341 = ORIENTED_EDGE('',*,*,#11320,.T.);
#11342 = ORIENTED_EDGE('',*,*,#11343,.T.);
#11343 = EDGE_CURVE('',#11313,#11344,#11346,.T.);
#11344 = VERTEX_POINT('',#11345);
#11345 = CARTESIAN_POINT('',(1.864713096552E+04,1.006538673434E+05,
    8.8E+03));
#11346 = LINE('',#11347,#11348);
#11347 = CARTESIAN_POINT('',(1.904716027003E+04,1.006538603851E+05,
    8.8E+03));
#11348 = VECTOR('',#11349,1.);
#11349 = DIRECTION('',(-0.999999999849,1.739445168438E-05,0.));
#11350 = ORIENTED_EDGE('',*,*,#11351,.F.);
#11351 = EDGE_CURVE('',#11352,#11344,#11354,.T.);
#11352 = VERTEX_POINT('',#11353);
#11353 = CARTESIAN_POINT('',(1.864713096552E+04,1.006538673434E+05,
    8.E+03));
#11354 = LINE('',#11355,#11356);
#11355 = CARTESIAN_POINT('',(1.864713096552E+04,1.006538673434E+05,
    8.E+03));
#11356 = VECTOR('',#11357,1.);
#11357 = DIRECTION('',(0.,0.,1.));
#11358 = ORIENTED_EDGE('',*,*,#11359,.F.);
#11359 = EDGE_CURVE('',#11321,#11352,#11360,.T.);
#11360 = LINE('',#11361,#11362);
#11361 = CARTESIAN_POINT('',(1.904716027003E+04,1.006538603851E+05,
    8.E+03));
#11362 = VECTOR('',#11363,1.);
#11363 = DIRECTION('',(-0.999999999849,1.739445168438E-05,0.));
#11364 = PLANE('',#11365);
#11365 = AXIS2_PLACEMENT_3D('',#11366,#11367,#11368);
#11366 = CARTESIAN_POINT('',(1.904716027003E+04,1.006538603851E+05,
    8.E+03));
#11367 = DIRECTION('',(-1.739445168438E-05,-0.999999999849,0.));
#11368 = DIRECTION('',(-0.999999999849,1.739445168438E-05,0.));
#11369 = ADVANCED_FACE('',(#11370),#11386,.F.);
#11370 = FACE_BOUND('',#11371,.F.);
#11371 = EDGE_LOOP('',(#11372,#11373,#11379,#11380));
#11372 = ORIENTED_EDGE('',*,*,#11351,.T.);
#11373 = ORIENTED_EDGE('',*,*,#11374,.T.);
#11374 = EDGE_CURVE('',#11344,#11274,#11375,.T.);
#11375 = LINE('',#11376,#11377);
#11376 = CARTESIAN_POINT('',(1.864713096552E+04,1.006538673434E+05,
    8.8E+03));
#11377 = VECTOR('',#11378,1.);
#11378 = DIRECTION('',(-1.739445166978E-05,-0.999999999849,0.));
#11379 = ORIENTED_EDGE('',*,*,#11271,.F.);
#11380 = ORIENTED_EDGE('',*,*,#11381,.F.);
#11381 = EDGE_CURVE('',#11352,#11272,#11382,.T.);
#11382 = LINE('',#11383,#11384);
#11383 = CARTESIAN_POINT('',(1.864713096552E+04,1.006538673434E+05,
    8.E+03));
#11384 = VECTOR('',#11385,1.);
#11385 = DIRECTION('',(-1.739445166978E-05,-0.999999999849,0.));
#11386 = PLANE('',#11387);
#11387 = AXIS2_PLACEMENT_3D('',#11388,#11389,#11390);
#11388 = CARTESIAN_POINT('',(1.864713096552E+04,1.006538673434E+05,
    8.E+03));
#11389 = DIRECTION('',(0.999999999849,-1.739445166978E-05,0.));
#11390 = DIRECTION('',(-1.739445166978E-05,-0.999999999849,0.));
#11391 = ADVANCED_FACE('',(#11392),#11398,.F.);
#11392 = FACE_BOUND('',#11393,.F.);
#11393 = EDGE_LOOP('',(#11394,#11395,#11396,#11397));
#11394 = ORIENTED_EDGE('',*,*,#11297,.T.);
#11395 = ORIENTED_EDGE('',*,*,#11328,.T.);
#11396 = ORIENTED_EDGE('',*,*,#11359,.T.);
#11397 = ORIENTED_EDGE('',*,*,#11381,.T.);
#11398 = PLANE('',#11399);
#11399 = AXIS2_PLACEMENT_3D('',#11400,#11401,#11402);
#11400 = CARTESIAN_POINT('',(1.88470851502E+04,9.717760721735E+04,8.E+03
    ));
#11401 = DIRECTION('',(0.,0.,1.));
#11402 = DIRECTION('',(1.,0.,-0.));
#11403 = ADVANCED_FACE('',(#11404),#11410,.T.);
#11404 = FACE_BOUND('',#11405,.T.);
#11405 = EDGE_LOOP('',(#11406,#11407,#11408,#11409));
#11406 = ORIENTED_EDGE('',*,*,#11281,.T.);
#11407 = ORIENTED_EDGE('',*,*,#11312,.T.);
#11408 = ORIENTED_EDGE('',*,*,#11343,.T.);
#11409 = ORIENTED_EDGE('',*,*,#11374,.T.);
#11410 = PLANE('',#11411);
#11411 = AXIS2_PLACEMENT_3D('',#11412,#11413,#11414);
#11412 = CARTESIAN_POINT('',(1.88470851502E+04,9.717760721735E+04,
    8.8E+03));
#11413 = DIRECTION('',(0.,0.,1.));
#11414 = DIRECTION('',(1.,0.,-0.));
#11415 = MANIFOLD_SOLID_BREP('',#11416);
#11416 = CLOSED_SHELL('',(#11417,#11457,#11488,#11519,#11541,#11553));
#11417 = ADVANCED_FACE('',(#11418),#11452,.F.);
#11418 = FACE_BOUND('',#11419,.F.);
#11419 = EDGE_LOOP('',(#11420,#11430,#11438,#11446));
#11420 = ORIENTED_EDGE('',*,*,#11421,.T.);
#11421 = EDGE_CURVE('',#11422,#11424,#11426,.T.);
#11422 = VERTEX_POINT('',#11423);
#11423 = CARTESIAN_POINT('',(-9.28284565536E+03,-1.362206137219E+04,
    8.E+03));
#11424 = VERTEX_POINT('',#11425);
#11425 = CARTESIAN_POINT('',(-9.28284565536E+03,-1.362206137219E+04,
    8.8E+03));
#11426 = LINE('',#11427,#11428);
#11427 = CARTESIAN_POINT('',(-9.28284565536E+03,-1.362206137219E+04,
    8.E+03));
#11428 = VECTOR('',#11429,1.);
#11429 = DIRECTION('',(0.,0.,1.));
#11430 = ORIENTED_EDGE('',*,*,#11431,.T.);
#11431 = EDGE_CURVE('',#11424,#11432,#11434,.T.);
#11432 = VERTEX_POINT('',#11433);
#11433 = CARTESIAN_POINT('',(-8.882845655359E+03,-1.362206137219E+04,
    8.8E+03));
#11434 = LINE('',#11435,#11436);
#11435 = CARTESIAN_POINT('',(-9.28284565536E+03,-1.362206137219E+04,
    8.8E+03));
#11436 = VECTOR('',#11437,1.);
#11437 = DIRECTION('',(1.,0.,0.));
#11438 = ORIENTED_EDGE('',*,*,#11439,.F.);
#11439 = EDGE_CURVE('',#11440,#11432,#11442,.T.);
#11440 = VERTEX_POINT('',#11441);
#11441 = CARTESIAN_POINT('',(-8.882845655359E+03,-1.362206137219E+04,
    8.E+03));
#11442 = LINE('',#11443,#11444);
#11443 = CARTESIAN_POINT('',(-8.882845655359E+03,-1.362206137219E+04,
    8.E+03));
#11444 = VECTOR('',#11445,1.);
#11445 = DIRECTION('',(0.,0.,1.));
#11446 = ORIENTED_EDGE('',*,*,#11447,.F.);
#11447 = EDGE_CURVE('',#11422,#11440,#11448,.T.);
#11448 = LINE('',#11449,#11450);
#11449 = CARTESIAN_POINT('',(-9.28284565536E+03,-1.362206137219E+04,
    8.E+03));
#11450 = VECTOR('',#11451,1.);
#11451 = DIRECTION('',(1.,0.,0.));
#11452 = PLANE('',#11453);
#11453 = AXIS2_PLACEMENT_3D('',#11454,#11455,#11456);
#11454 = CARTESIAN_POINT('',(-9.28284565536E+03,-1.362206137219E+04,
    8.E+03));
#11455 = DIRECTION('',(0.,1.,0.));
#11456 = DIRECTION('',(1.,0.,0.));
#11457 = ADVANCED_FACE('',(#11458),#11483,.F.);
#11458 = FACE_BOUND('',#11459,.F.);
#11459 = EDGE_LOOP('',(#11460,#11461,#11469,#11477));
#11460 = ORIENTED_EDGE('',*,*,#11439,.T.);
#11461 = ORIENTED_EDGE('',*,*,#11462,.T.);
#11462 = EDGE_CURVE('',#11432,#11463,#11465,.T.);
#11463 = VERTEX_POINT('',#11464);
#11464 = CARTESIAN_POINT('',(-8.882845655359E+03,-4.622061372194E+03,
    8.8E+03));
#11465 = LINE('',#11466,#11467);
#11466 = CARTESIAN_POINT('',(-8.882845655359E+03,-1.362206137219E+04,
    8.8E+03));
#11467 = VECTOR('',#11468,1.);
#11468 = DIRECTION('',(0.,1.,0.));
#11469 = ORIENTED_EDGE('',*,*,#11470,.F.);
#11470 = EDGE_CURVE('',#11471,#11463,#11473,.T.);
#11471 = VERTEX_POINT('',#11472);
#11472 = CARTESIAN_POINT('',(-8.882845655359E+03,-4.622061372194E+03,
    8.E+03));
#11473 = LINE('',#11474,#11475);
#11474 = CARTESIAN_POINT('',(-8.882845655359E+03,-4.622061372194E+03,
    8.E+03));
#11475 = VECTOR('',#11476,1.);
#11476 = DIRECTION('',(0.,0.,1.));
#11477 = ORIENTED_EDGE('',*,*,#11478,.F.);
#11478 = EDGE_CURVE('',#11440,#11471,#11479,.T.);
#11479 = LINE('',#11480,#11481);
#11480 = CARTESIAN_POINT('',(-8.882845655359E+03,-1.362206137219E+04,
    8.E+03));
#11481 = VECTOR('',#11482,1.);
#11482 = DIRECTION('',(0.,1.,0.));
#11483 = PLANE('',#11484);
#11484 = AXIS2_PLACEMENT_3D('',#11485,#11486,#11487);
#11485 = CARTESIAN_POINT('',(-8.882845655359E+03,-1.362206137219E+04,
    8.E+03));
#11486 = DIRECTION('',(-1.,0.,0.));
#11487 = DIRECTION('',(0.,1.,0.));
#11488 = ADVANCED_FACE('',(#11489),#11514,.F.);
#11489 = FACE_BOUND('',#11490,.F.);
#11490 = EDGE_LOOP('',(#11491,#11492,#11500,#11508));
#11491 = ORIENTED_EDGE('',*,*,#11470,.T.);
#11492 = ORIENTED_EDGE('',*,*,#11493,.T.);
#11493 = EDGE_CURVE('',#11463,#11494,#11496,.T.);
#11494 = VERTEX_POINT('',#11495);
#11495 = CARTESIAN_POINT('',(-9.28284565536E+03,-4.622061372194E+03,
    8.8E+03));
#11496 = LINE('',#11497,#11498);
#11497 = CARTESIAN_POINT('',(-8.882845655359E+03,-4.622061372194E+03,
    8.8E+03));
#11498 = VECTOR('',#11499,1.);
#11499 = DIRECTION('',(-1.,0.,0.));
#11500 = ORIENTED_EDGE('',*,*,#11501,.F.);
#11501 = EDGE_CURVE('',#11502,#11494,#11504,.T.);
#11502 = VERTEX_POINT('',#11503);
#11503 = CARTESIAN_POINT('',(-9.28284565536E+03,-4.622061372194E+03,
    8.E+03));
#11504 = LINE('',#11505,#11506);
#11505 = CARTESIAN_POINT('',(-9.28284565536E+03,-4.622061372194E+03,
    8.E+03));
#11506 = VECTOR('',#11507,1.);
#11507 = DIRECTION('',(0.,0.,1.));
#11508 = ORIENTED_EDGE('',*,*,#11509,.F.);
#11509 = EDGE_CURVE('',#11471,#11502,#11510,.T.);
#11510 = LINE('',#11511,#11512);
#11511 = CARTESIAN_POINT('',(-8.882845655359E+03,-4.622061372194E+03,
    8.E+03));
#11512 = VECTOR('',#11513,1.);
#11513 = DIRECTION('',(-1.,0.,0.));
#11514 = PLANE('',#11515);
#11515 = AXIS2_PLACEMENT_3D('',#11516,#11517,#11518);
#11516 = CARTESIAN_POINT('',(-8.882845655359E+03,-4.622061372194E+03,
    8.E+03));
#11517 = DIRECTION('',(0.,-1.,0.));
#11518 = DIRECTION('',(-1.,0.,0.));
#11519 = ADVANCED_FACE('',(#11520),#11536,.F.);
#11520 = FACE_BOUND('',#11521,.F.);
#11521 = EDGE_LOOP('',(#11522,#11523,#11529,#11530));
#11522 = ORIENTED_EDGE('',*,*,#11501,.T.);
#11523 = ORIENTED_EDGE('',*,*,#11524,.T.);
#11524 = EDGE_CURVE('',#11494,#11424,#11525,.T.);
#11525 = LINE('',#11526,#11527);
#11526 = CARTESIAN_POINT('',(-9.28284565536E+03,-4.622061372194E+03,
    8.8E+03));
#11527 = VECTOR('',#11528,1.);
#11528 = DIRECTION('',(0.,-1.,0.));
#11529 = ORIENTED_EDGE('',*,*,#11421,.F.);
#11530 = ORIENTED_EDGE('',*,*,#11531,.F.);
#11531 = EDGE_CURVE('',#11502,#11422,#11532,.T.);
#11532 = LINE('',#11533,#11534);
#11533 = CARTESIAN_POINT('',(-9.28284565536E+03,-4.622061372194E+03,
    8.E+03));
#11534 = VECTOR('',#11535,1.);
#11535 = DIRECTION('',(0.,-1.,0.));
#11536 = PLANE('',#11537);
#11537 = AXIS2_PLACEMENT_3D('',#11538,#11539,#11540);
#11538 = CARTESIAN_POINT('',(-9.28284565536E+03,-4.622061372194E+03,
    8.E+03));
#11539 = DIRECTION('',(1.,0.,-0.));
#11540 = DIRECTION('',(0.,-1.,0.));
#11541 = ADVANCED_FACE('',(#11542),#11548,.F.);
#11542 = FACE_BOUND('',#11543,.F.);
#11543 = EDGE_LOOP('',(#11544,#11545,#11546,#11547));
#11544 = ORIENTED_EDGE('',*,*,#11447,.T.);
#11545 = ORIENTED_EDGE('',*,*,#11478,.T.);
#11546 = ORIENTED_EDGE('',*,*,#11509,.T.);
#11547 = ORIENTED_EDGE('',*,*,#11531,.T.);
#11548 = PLANE('',#11549);
#11549 = AXIS2_PLACEMENT_3D('',#11550,#11551,#11552);
#11550 = CARTESIAN_POINT('',(-9.082845655359E+03,-9.122061372194E+03,
    8.E+03));
#11551 = DIRECTION('',(0.,0.,1.));
#11552 = DIRECTION('',(1.,0.,-0.));
#11553 = ADVANCED_FACE('',(#11554),#11560,.T.);
#11554 = FACE_BOUND('',#11555,.T.);
#11555 = EDGE_LOOP('',(#11556,#11557,#11558,#11559));
#11556 = ORIENTED_EDGE('',*,*,#11431,.T.);
#11557 = ORIENTED_EDGE('',*,*,#11462,.T.);
#11558 = ORIENTED_EDGE('',*,*,#11493,.T.);
#11559 = ORIENTED_EDGE('',*,*,#11524,.T.);
#11560 = PLANE('',#11561);
#11561 = AXIS2_PLACEMENT_3D('',#11562,#11563,#11564);
#11562 = CARTESIAN_POINT('',(-9.082845655359E+03,-9.122061372194E+03,
    8.8E+03));
#11563 = DIRECTION('',(0.,0.,1.));
#11564 = DIRECTION('',(1.,0.,-0.));
#11565 = MANIFOLD_SOLID_BREP('',#11566);
#11566 = CLOSED_SHELL('',(#11567,#11607,#11638,#11669,#11691,#11703));
#11567 = ADVANCED_FACE('',(#11568),#11602,.F.);
#11568 = FACE_BOUND('',#11569,.F.);
#11569 = EDGE_LOOP('',(#11570,#11580,#11588,#11596));
#11570 = ORIENTED_EDGE('',*,*,#11571,.T.);
#11571 = EDGE_CURVE('',#11572,#11574,#11576,.T.);
#11572 = VERTEX_POINT('',#11573);
#11573 = CARTESIAN_POINT('',(-3.518284565536E+04,7.066543862759E+04,
    8.E+03));
#11574 = VERTEX_POINT('',#11575);
#11575 = CARTESIAN_POINT('',(-3.518284565536E+04,7.066543862759E+04,
    8.8E+03));
#11576 = LINE('',#11577,#11578);
#11577 = CARTESIAN_POINT('',(-3.518284565536E+04,7.066543862759E+04,
    8.E+03));
#11578 = VECTOR('',#11579,1.);
#11579 = DIRECTION('',(0.,0.,1.));
#11580 = ORIENTED_EDGE('',*,*,#11581,.T.);
#11581 = EDGE_CURVE('',#11574,#11582,#11584,.T.);
#11582 = VERTEX_POINT('',#11583);
#11583 = CARTESIAN_POINT('',(-3.478284565536E+04,7.066543862759E+04,
    8.8E+03));
#11584 = LINE('',#11585,#11586);
#11585 = CARTESIAN_POINT('',(-3.518284565536E+04,7.066543862759E+04,
    8.8E+03));
#11586 = VECTOR('',#11587,1.);
#11587 = DIRECTION('',(1.,-7.27595761418E-14,0.));
#11588 = ORIENTED_EDGE('',*,*,#11589,.F.);
#11589 = EDGE_CURVE('',#11590,#11582,#11592,.T.);
#11590 = VERTEX_POINT('',#11591);
#11591 = CARTESIAN_POINT('',(-3.478284565536E+04,7.066543862759E+04,
    8.E+03));
#11592 = LINE('',#11593,#11594);
#11593 = CARTESIAN_POINT('',(-3.478284565536E+04,7.066543862759E+04,
    8.E+03));
#11594 = VECTOR('',#11595,1.);
#11595 = DIRECTION('',(0.,0.,1.));
#11596 = ORIENTED_EDGE('',*,*,#11597,.F.);
#11597 = EDGE_CURVE('',#11572,#11590,#11598,.T.);
#11598 = LINE('',#11599,#11600);
#11599 = CARTESIAN_POINT('',(-3.518284565536E+04,7.066543862759E+04,
    8.E+03));
#11600 = VECTOR('',#11601,1.);
#11601 = DIRECTION('',(1.,-7.27595761418E-14,0.));
#11602 = PLANE('',#11603);
#11603 = AXIS2_PLACEMENT_3D('',#11604,#11605,#11606);
#11604 = CARTESIAN_POINT('',(-3.518284565536E+04,7.066543862759E+04,
    8.E+03));
#11605 = DIRECTION('',(7.27595761418E-14,1.,-0.));
#11606 = DIRECTION('',(1.,-7.27595761418E-14,0.));
#11607 = ADVANCED_FACE('',(#11608),#11633,.F.);
#11608 = FACE_BOUND('',#11609,.F.);
#11609 = EDGE_LOOP('',(#11610,#11611,#11619,#11627));
#11610 = ORIENTED_EDGE('',*,*,#11589,.T.);
#11611 = ORIENTED_EDGE('',*,*,#11612,.T.);
#11612 = EDGE_CURVE('',#11582,#11613,#11615,.T.);
#11613 = VERTEX_POINT('',#11614);
#11614 = CARTESIAN_POINT('',(-3.478284565536E+04,7.49154386276E+04,
    8.8E+03));
#11615 = LINE('',#11616,#11617);
#11616 = CARTESIAN_POINT('',(-3.478284565536E+04,7.066543862759E+04,
    8.8E+03));
#11617 = VECTOR('',#11618,1.);
#11618 = DIRECTION('',(8.902348139681E-14,1.,0.));
#11619 = ORIENTED_EDGE('',*,*,#11620,.F.);
#11620 = EDGE_CURVE('',#11621,#11613,#11623,.T.);
#11621 = VERTEX_POINT('',#11622);
#11622 = CARTESIAN_POINT('',(-3.478284565536E+04,7.49154386276E+04,
    8.E+03));
#11623 = LINE('',#11624,#11625);
#11624 = CARTESIAN_POINT('',(-3.478284565536E+04,7.49154386276E+04,
    8.E+03));
#11625 = VECTOR('',#11626,1.);
#11626 = DIRECTION('',(0.,0.,1.));
#11627 = ORIENTED_EDGE('',*,*,#11628,.F.);
#11628 = EDGE_CURVE('',#11590,#11621,#11629,.T.);
#11629 = LINE('',#11630,#11631);
#11630 = CARTESIAN_POINT('',(-3.478284565536E+04,7.066543862759E+04,
    8.E+03));
#11631 = VECTOR('',#11632,1.);
#11632 = DIRECTION('',(8.902348139681E-14,1.,0.));
#11633 = PLANE('',#11634);
#11634 = AXIS2_PLACEMENT_3D('',#11635,#11636,#11637);
#11635 = CARTESIAN_POINT('',(-3.478284565536E+04,7.066543862759E+04,
    8.E+03));
#11636 = DIRECTION('',(-1.,8.902348139681E-14,0.));
#11637 = DIRECTION('',(8.902348139681E-14,1.,0.));
#11638 = ADVANCED_FACE('',(#11639),#11664,.F.);
#11639 = FACE_BOUND('',#11640,.F.);
#11640 = EDGE_LOOP('',(#11641,#11642,#11650,#11658));
#11641 = ORIENTED_EDGE('',*,*,#11620,.T.);
#11642 = ORIENTED_EDGE('',*,*,#11643,.T.);
#11643 = EDGE_CURVE('',#11613,#11644,#11646,.T.);
#11644 = VERTEX_POINT('',#11645);
#11645 = CARTESIAN_POINT('',(-3.518284565536E+04,7.49154386276E+04,
    8.8E+03));
#11646 = LINE('',#11647,#11648);
#11647 = CARTESIAN_POINT('',(-3.478284565536E+04,7.49154386276E+04,
    8.8E+03));
#11648 = VECTOR('',#11649,1.);
#11649 = DIRECTION('',(-1.,7.27595761418E-14,0.));
#11650 = ORIENTED_EDGE('',*,*,#11651,.F.);
#11651 = EDGE_CURVE('',#11652,#11644,#11654,.T.);
#11652 = VERTEX_POINT('',#11653);
#11653 = CARTESIAN_POINT('',(-3.518284565536E+04,7.49154386276E+04,
    8.E+03));
#11654 = LINE('',#11655,#11656);
#11655 = CARTESIAN_POINT('',(-3.518284565536E+04,7.49154386276E+04,
    8.E+03));
#11656 = VECTOR('',#11657,1.);
#11657 = DIRECTION('',(0.,0.,1.));
#11658 = ORIENTED_EDGE('',*,*,#11659,.F.);
#11659 = EDGE_CURVE('',#11621,#11652,#11660,.T.);
#11660 = LINE('',#11661,#11662);
#11661 = CARTESIAN_POINT('',(-3.478284565536E+04,7.49154386276E+04,
    8.E+03));
#11662 = VECTOR('',#11663,1.);
#11663 = DIRECTION('',(-1.,7.27595761418E-14,0.));
#11664 = PLANE('',#11665);
#11665 = AXIS2_PLACEMENT_3D('',#11666,#11667,#11668);
#11666 = CARTESIAN_POINT('',(-3.478284565536E+04,7.49154386276E+04,
    8.E+03));
#11667 = DIRECTION('',(-7.27595761418E-14,-1.,0.));
#11668 = DIRECTION('',(-1.,7.27595761418E-14,0.));
#11669 = ADVANCED_FACE('',(#11670),#11686,.F.);
#11670 = FACE_BOUND('',#11671,.F.);
#11671 = EDGE_LOOP('',(#11672,#11673,#11679,#11680));
#11672 = ORIENTED_EDGE('',*,*,#11651,.T.);
#11673 = ORIENTED_EDGE('',*,*,#11674,.T.);
#11674 = EDGE_CURVE('',#11644,#11574,#11675,.T.);
#11675 = LINE('',#11676,#11677);
#11676 = CARTESIAN_POINT('',(-3.518284565536E+04,7.49154386276E+04,
    8.8E+03));
#11677 = VECTOR('',#11678,1.);
#11678 = DIRECTION('',(-8.902348139681E-14,-1.,0.));
#11679 = ORIENTED_EDGE('',*,*,#11571,.F.);
#11680 = ORIENTED_EDGE('',*,*,#11681,.F.);
#11681 = EDGE_CURVE('',#11652,#11572,#11682,.T.);
#11682 = LINE('',#11683,#11684);
#11683 = CARTESIAN_POINT('',(-3.518284565536E+04,7.49154386276E+04,
    8.E+03));
#11684 = VECTOR('',#11685,1.);
#11685 = DIRECTION('',(-8.902348139681E-14,-1.,0.));
#11686 = PLANE('',#11687);
#11687 = AXIS2_PLACEMENT_3D('',#11688,#11689,#11690);
#11688 = CARTESIAN_POINT('',(-3.518284565536E+04,7.49154386276E+04,
    8.E+03));
#11689 = DIRECTION('',(1.,-8.902348139681E-14,0.));
#11690 = DIRECTION('',(-8.902348139681E-14,-1.,0.));
#11691 = ADVANCED_FACE('',(#11692),#11698,.F.);
#11692 = FACE_BOUND('',#11693,.F.);
#11693 = EDGE_LOOP('',(#11694,#11695,#11696,#11697));
#11694 = ORIENTED_EDGE('',*,*,#11597,.T.);
#11695 = ORIENTED_EDGE('',*,*,#11628,.T.);
#11696 = ORIENTED_EDGE('',*,*,#11659,.T.);
#11697 = ORIENTED_EDGE('',*,*,#11681,.T.);
#11698 = PLANE('',#11699);
#11699 = AXIS2_PLACEMENT_3D('',#11700,#11701,#11702);
#11700 = CARTESIAN_POINT('',(-3.498284565536E+04,7.279043862759E+04,
    8.E+03));
#11701 = DIRECTION('',(0.,0.,1.));
#11702 = DIRECTION('',(1.,0.,-0.));
#11703 = ADVANCED_FACE('',(#11704),#11710,.T.);
#11704 = FACE_BOUND('',#11705,.T.);
#11705 = EDGE_LOOP('',(#11706,#11707,#11708,#11709));
#11706 = ORIENTED_EDGE('',*,*,#11581,.T.);
#11707 = ORIENTED_EDGE('',*,*,#11612,.T.);
#11708 = ORIENTED_EDGE('',*,*,#11643,.T.);
#11709 = ORIENTED_EDGE('',*,*,#11674,.T.);
#11710 = PLANE('',#11711);
#11711 = AXIS2_PLACEMENT_3D('',#11712,#11713,#11714);
#11712 = CARTESIAN_POINT('',(-3.498284565536E+04,7.279043862759E+04,
    8.8E+03));
#11713 = DIRECTION('',(0.,0.,1.));
#11714 = DIRECTION('',(1.,0.,-0.));
#11715 = MANIFOLD_SOLID_BREP('',#11716);
#11716 = CLOSED_SHELL('',(#11717,#11757,#11788,#11819,#11841,#11853));
#11717 = ADVANCED_FACE('',(#11718),#11752,.F.);
#11718 = FACE_BOUND('',#11719,.F.);
#11719 = EDGE_LOOP('',(#11720,#11730,#11738,#11746));
#11720 = ORIENTED_EDGE('',*,*,#11721,.T.);
#11721 = EDGE_CURVE('',#11722,#11724,#11726,.T.);
#11722 = VERTEX_POINT('',#11723);
#11723 = CARTESIAN_POINT('',(7.668306186234E+03,8.120863313616E+04,
    8.8E+03));
#11724 = VERTEX_POINT('',#11725);
#11725 = CARTESIAN_POINT('',(7.668306186234E+03,8.120863313616E+04,
    1.32E+04));
#11726 = LINE('',#11727,#11728);
#11727 = CARTESIAN_POINT('',(7.668306186234E+03,8.120863313616E+04,
    8.8E+03));
#11728 = VECTOR('',#11729,1.);
#11729 = DIRECTION('',(0.,0.,1.));
#11730 = ORIENTED_EDGE('',*,*,#11731,.T.);
#11731 = EDGE_CURVE('',#11724,#11732,#11734,.T.);
#11732 = VERTEX_POINT('',#11733);
#11733 = CARTESIAN_POINT('',(8.068306186234E+03,8.120863313616E+04,
    1.32E+04));
#11734 = LINE('',#11735,#11736);
#11735 = CARTESIAN_POINT('',(7.668306186234E+03,8.120863313616E+04,
    1.32E+04));
#11736 = VECTOR('',#11737,1.);
#11737 = DIRECTION('',(1.,0.,0.));
#11738 = ORIENTED_EDGE('',*,*,#11739,.F.);
#11739 = EDGE_CURVE('',#11740,#11732,#11742,.T.);
#11740 = VERTEX_POINT('',#11741);
#11741 = CARTESIAN_POINT('',(8.068306186234E+03,8.120863313616E+04,
    8.8E+03));
#11742 = LINE('',#11743,#11744);
#11743 = CARTESIAN_POINT('',(8.068306186234E+03,8.120863313616E+04,
    8.8E+03));
#11744 = VECTOR('',#11745,1.);
#11745 = DIRECTION('',(0.,0.,1.));
#11746 = ORIENTED_EDGE('',*,*,#11747,.F.);
#11747 = EDGE_CURVE('',#11722,#11740,#11748,.T.);
#11748 = LINE('',#11749,#11750);
#11749 = CARTESIAN_POINT('',(7.668306186234E+03,8.120863313616E+04,
    8.8E+03));
#11750 = VECTOR('',#11751,1.);
#11751 = DIRECTION('',(1.,0.,0.));
#11752 = PLANE('',#11753);
#11753 = AXIS2_PLACEMENT_3D('',#11754,#11755,#11756);
#11754 = CARTESIAN_POINT('',(7.668306186234E+03,8.120863313616E+04,
    8.8E+03));
#11755 = DIRECTION('',(0.,1.,0.));
#11756 = DIRECTION('',(1.,0.,0.));
#11757 = ADVANCED_FACE('',(#11758),#11783,.F.);
#11758 = FACE_BOUND('',#11759,.F.);
#11759 = EDGE_LOOP('',(#11760,#11761,#11769,#11777));
#11760 = ORIENTED_EDGE('',*,*,#11739,.T.);
#11761 = ORIENTED_EDGE('',*,*,#11762,.T.);
#11762 = EDGE_CURVE('',#11732,#11763,#11765,.T.);
#11763 = VERTEX_POINT('',#11764);
#11764 = CARTESIAN_POINT('',(8.068306186234E+03,8.200863313616E+04,
    1.32E+04));
#11765 = LINE('',#11766,#11767);
#11766 = CARTESIAN_POINT('',(8.068306186234E+03,8.120863313616E+04,
    1.32E+04));
#11767 = VECTOR('',#11768,1.);
#11768 = DIRECTION('',(0.,1.,0.));
#11769 = ORIENTED_EDGE('',*,*,#11770,.F.);
#11770 = EDGE_CURVE('',#11771,#11763,#11773,.T.);
#11771 = VERTEX_POINT('',#11772);
#11772 = CARTESIAN_POINT('',(8.068306186234E+03,8.200863313616E+04,
    8.8E+03));
#11773 = LINE('',#11774,#11775);
#11774 = CARTESIAN_POINT('',(8.068306186234E+03,8.200863313616E+04,
    8.8E+03));
#11775 = VECTOR('',#11776,1.);
#11776 = DIRECTION('',(0.,0.,1.));
#11777 = ORIENTED_EDGE('',*,*,#11778,.F.);
#11778 = EDGE_CURVE('',#11740,#11771,#11779,.T.);
#11779 = LINE('',#11780,#11781);
#11780 = CARTESIAN_POINT('',(8.068306186234E+03,8.120863313616E+04,
    8.8E+03));
#11781 = VECTOR('',#11782,1.);
#11782 = DIRECTION('',(0.,1.,0.));
#11783 = PLANE('',#11784);
#11784 = AXIS2_PLACEMENT_3D('',#11785,#11786,#11787);
#11785 = CARTESIAN_POINT('',(8.068306186234E+03,8.120863313616E+04,
    8.8E+03));
#11786 = DIRECTION('',(-1.,0.,0.));
#11787 = DIRECTION('',(0.,1.,0.));
#11788 = ADVANCED_FACE('',(#11789),#11814,.F.);
#11789 = FACE_BOUND('',#11790,.F.);
#11790 = EDGE_LOOP('',(#11791,#11792,#11800,#11808));
#11791 = ORIENTED_EDGE('',*,*,#11770,.T.);
#11792 = ORIENTED_EDGE('',*,*,#11793,.T.);
#11793 = EDGE_CURVE('',#11763,#11794,#11796,.T.);
#11794 = VERTEX_POINT('',#11795);
#11795 = CARTESIAN_POINT('',(7.668306186234E+03,8.200863313616E+04,
    1.32E+04));
#11796 = LINE('',#11797,#11798);
#11797 = CARTESIAN_POINT('',(8.068306186234E+03,8.200863313616E+04,
    1.32E+04));
#11798 = VECTOR('',#11799,1.);
#11799 = DIRECTION('',(-1.,0.,0.));
#11800 = ORIENTED_EDGE('',*,*,#11801,.F.);
#11801 = EDGE_CURVE('',#11802,#11794,#11804,.T.);
#11802 = VERTEX_POINT('',#11803);
#11803 = CARTESIAN_POINT('',(7.668306186234E+03,8.200863313616E+04,
    8.8E+03));
#11804 = LINE('',#11805,#11806);
#11805 = CARTESIAN_POINT('',(7.668306186234E+03,8.200863313616E+04,
    8.8E+03));
#11806 = VECTOR('',#11807,1.);
#11807 = DIRECTION('',(0.,0.,1.));
#11808 = ORIENTED_EDGE('',*,*,#11809,.F.);
#11809 = EDGE_CURVE('',#11771,#11802,#11810,.T.);
#11810 = LINE('',#11811,#11812);
#11811 = CARTESIAN_POINT('',(8.068306186234E+03,8.200863313616E+04,
    8.8E+03));
#11812 = VECTOR('',#11813,1.);
#11813 = DIRECTION('',(-1.,0.,0.));
#11814 = PLANE('',#11815);
#11815 = AXIS2_PLACEMENT_3D('',#11816,#11817,#11818);
#11816 = CARTESIAN_POINT('',(8.068306186234E+03,8.200863313616E+04,
    8.8E+03));
#11817 = DIRECTION('',(0.,-1.,0.));
#11818 = DIRECTION('',(-1.,0.,0.));
#11819 = ADVANCED_FACE('',(#11820),#11836,.F.);
#11820 = FACE_BOUND('',#11821,.F.);
#11821 = EDGE_LOOP('',(#11822,#11823,#11829,#11830));
#11822 = ORIENTED_EDGE('',*,*,#11801,.T.);
#11823 = ORIENTED_EDGE('',*,*,#11824,.T.);
#11824 = EDGE_CURVE('',#11794,#11724,#11825,.T.);
#11825 = LINE('',#11826,#11827);
#11826 = CARTESIAN_POINT('',(7.668306186234E+03,8.200863313616E+04,
    1.32E+04));
#11827 = VECTOR('',#11828,1.);
#11828 = DIRECTION('',(0.,-1.,0.));
#11829 = ORIENTED_EDGE('',*,*,#11721,.F.);
#11830 = ORIENTED_EDGE('',*,*,#11831,.F.);
#11831 = EDGE_CURVE('',#11802,#11722,#11832,.T.);
#11832 = LINE('',#11833,#11834);
#11833 = CARTESIAN_POINT('',(7.668306186234E+03,8.200863313616E+04,
    8.8E+03));
#11834 = VECTOR('',#11835,1.);
#11835 = DIRECTION('',(0.,-1.,0.));
#11836 = PLANE('',#11837);
#11837 = AXIS2_PLACEMENT_3D('',#11838,#11839,#11840);
#11838 = CARTESIAN_POINT('',(7.668306186234E+03,8.200863313616E+04,
    8.8E+03));
#11839 = DIRECTION('',(1.,0.,-0.));
#11840 = DIRECTION('',(0.,-1.,0.));
#11841 = ADVANCED_FACE('',(#11842),#11848,.F.);
#11842 = FACE_BOUND('',#11843,.F.);
#11843 = EDGE_LOOP('',(#11844,#11845,#11846,#11847));
#11844 = ORIENTED_EDGE('',*,*,#11747,.T.);
#11845 = ORIENTED_EDGE('',*,*,#11778,.T.);
#11846 = ORIENTED_EDGE('',*,*,#11809,.T.);
#11847 = ORIENTED_EDGE('',*,*,#11831,.T.);
#11848 = PLANE('',#11849);
#11849 = AXIS2_PLACEMENT_3D('',#11850,#11851,#11852);
#11850 = CARTESIAN_POINT('',(7.868306186234E+03,8.160863313616E+04,
    8.8E+03));
#11851 = DIRECTION('',(0.,0.,1.));
#11852 = DIRECTION('',(1.,0.,-0.));
#11853 = ADVANCED_FACE('',(#11854),#11860,.T.);
#11854 = FACE_BOUND('',#11855,.T.);
#11855 = EDGE_LOOP('',(#11856,#11857,#11858,#11859));
#11856 = ORIENTED_EDGE('',*,*,#11731,.T.);
#11857 = ORIENTED_EDGE('',*,*,#11762,.T.);
#11858 = ORIENTED_EDGE('',*,*,#11793,.T.);
#11859 = ORIENTED_EDGE('',*,*,#11824,.T.);
#11860 = PLANE('',#11861);
#11861 = AXIS2_PLACEMENT_3D('',#11862,#11863,#11864);
#11862 = CARTESIAN_POINT('',(7.868306186234E+03,8.160863313616E+04,
    1.32E+04));
#11863 = DIRECTION('',(0.,0.,1.));
#11864 = DIRECTION('',(1.,0.,-0.));
#11865 = MANIFOLD_SOLID_BREP('',#11866);
#11866 = CLOSED_SHELL('',(#11867,#11907,#11938,#11969,#11991,#12003));
#11867 = ADVANCED_FACE('',(#11868),#11902,.F.);
#11868 = FACE_BOUND('',#11869,.F.);
#11869 = EDGE_LOOP('',(#11870,#11880,#11888,#11896));
#11870 = ORIENTED_EDGE('',*,*,#11871,.T.);
#11871 = EDGE_CURVE('',#11872,#11874,#11876,.T.);
#11872 = VERTEX_POINT('',#11873);
#11873 = CARTESIAN_POINT('',(1.368306186234E+03,8.120863313616E+04,
    8.8E+03));
#11874 = VERTEX_POINT('',#11875);
#11875 = CARTESIAN_POINT('',(1.368306186234E+03,8.120863313616E+04,
    1.32E+04));
#11876 = LINE('',#11877,#11878);
#11877 = CARTESIAN_POINT('',(1.368306186234E+03,8.120863313616E+04,
    8.8E+03));
#11878 = VECTOR('',#11879,1.);
#11879 = DIRECTION('',(0.,0.,1.));
#11880 = ORIENTED_EDGE('',*,*,#11881,.T.);
#11881 = EDGE_CURVE('',#11874,#11882,#11884,.T.);
#11882 = VERTEX_POINT('',#11883);
#11883 = CARTESIAN_POINT('',(1.768306186234E+03,8.120863313616E+04,
    1.32E+04));
#11884 = LINE('',#11885,#11886);
#11885 = CARTESIAN_POINT('',(1.368306186234E+03,8.120863313616E+04,
    1.32E+04));
#11886 = VECTOR('',#11887,1.);
#11887 = DIRECTION('',(1.,0.,0.));
#11888 = ORIENTED_EDGE('',*,*,#11889,.F.);
#11889 = EDGE_CURVE('',#11890,#11882,#11892,.T.);
#11890 = VERTEX_POINT('',#11891);
#11891 = CARTESIAN_POINT('',(1.768306186234E+03,8.120863313616E+04,
    8.8E+03));
#11892 = LINE('',#11893,#11894);
#11893 = CARTESIAN_POINT('',(1.768306186234E+03,8.120863313616E+04,
    8.8E+03));
#11894 = VECTOR('',#11895,1.);
#11895 = DIRECTION('',(0.,0.,1.));
#11896 = ORIENTED_EDGE('',*,*,#11897,.F.);
#11897 = EDGE_CURVE('',#11872,#11890,#11898,.T.);
#11898 = LINE('',#11899,#11900);
#11899 = CARTESIAN_POINT('',(1.368306186234E+03,8.120863313616E+04,
    8.8E+03));
#11900 = VECTOR('',#11901,1.);
#11901 = DIRECTION('',(1.,0.,0.));
#11902 = PLANE('',#11903);
#11903 = AXIS2_PLACEMENT_3D('',#11904,#11905,#11906);
#11904 = CARTESIAN_POINT('',(1.368306186234E+03,8.120863313616E+04,
    8.8E+03));
#11905 = DIRECTION('',(0.,1.,0.));
#11906 = DIRECTION('',(1.,0.,0.));
#11907 = ADVANCED_FACE('',(#11908),#11933,.F.);
#11908 = FACE_BOUND('',#11909,.F.);
#11909 = EDGE_LOOP('',(#11910,#11911,#11919,#11927));
#11910 = ORIENTED_EDGE('',*,*,#11889,.T.);
#11911 = ORIENTED_EDGE('',*,*,#11912,.T.);
#11912 = EDGE_CURVE('',#11882,#11913,#11915,.T.);
#11913 = VERTEX_POINT('',#11914);
#11914 = CARTESIAN_POINT('',(1.768306186234E+03,8.200863313616E+04,
    1.32E+04));
#11915 = LINE('',#11916,#11917);
#11916 = CARTESIAN_POINT('',(1.768306186234E+03,8.120863313616E+04,
    1.32E+04));
#11917 = VECTOR('',#11918,1.);
#11918 = DIRECTION('',(0.,1.,0.));
#11919 = ORIENTED_EDGE('',*,*,#11920,.F.);
#11920 = EDGE_CURVE('',#11921,#11913,#11923,.T.);
#11921 = VERTEX_POINT('',#11922);
#11922 = CARTESIAN_POINT('',(1.768306186234E+03,8.200863313616E+04,
    8.8E+03));
#11923 = LINE('',#11924,#11925);
#11924 = CARTESIAN_POINT('',(1.768306186234E+03,8.200863313616E+04,
    8.8E+03));
#11925 = VECTOR('',#11926,1.);
#11926 = DIRECTION('',(0.,0.,1.));
#11927 = ORIENTED_EDGE('',*,*,#11928,.F.);
#11928 = EDGE_CURVE('',#11890,#11921,#11929,.T.);
#11929 = LINE('',#11930,#11931);
#11930 = CARTESIAN_POINT('',(1.768306186234E+03,8.120863313616E+04,
    8.8E+03));
#11931 = VECTOR('',#11932,1.);
#11932 = DIRECTION('',(0.,1.,0.));
#11933 = PLANE('',#11934);
#11934 = AXIS2_PLACEMENT_3D('',#11935,#11936,#11937);
#11935 = CARTESIAN_POINT('',(1.768306186234E+03,8.120863313616E+04,
    8.8E+03));
#11936 = DIRECTION('',(-1.,0.,0.));
#11937 = DIRECTION('',(0.,1.,0.));
#11938 = ADVANCED_FACE('',(#11939),#11964,.F.);
#11939 = FACE_BOUND('',#11940,.F.);
#11940 = EDGE_LOOP('',(#11941,#11942,#11950,#11958));
#11941 = ORIENTED_EDGE('',*,*,#11920,.T.);
#11942 = ORIENTED_EDGE('',*,*,#11943,.T.);
#11943 = EDGE_CURVE('',#11913,#11944,#11946,.T.);
#11944 = VERTEX_POINT('',#11945);
#11945 = CARTESIAN_POINT('',(1.368306186234E+03,8.200863313616E+04,
    1.32E+04));
#11946 = LINE('',#11947,#11948);
#11947 = CARTESIAN_POINT('',(1.768306186234E+03,8.200863313616E+04,
    1.32E+04));
#11948 = VECTOR('',#11949,1.);
#11949 = DIRECTION('',(-1.,0.,0.));
#11950 = ORIENTED_EDGE('',*,*,#11951,.F.);
#11951 = EDGE_CURVE('',#11952,#11944,#11954,.T.);
#11952 = VERTEX_POINT('',#11953);
#11953 = CARTESIAN_POINT('',(1.368306186234E+03,8.200863313616E+04,
    8.8E+03));
#11954 = LINE('',#11955,#11956);
#11955 = CARTESIAN_POINT('',(1.368306186234E+03,8.200863313616E+04,
    8.8E+03));
#11956 = VECTOR('',#11957,1.);
#11957 = DIRECTION('',(0.,0.,1.));
#11958 = ORIENTED_EDGE('',*,*,#11959,.F.);
#11959 = EDGE_CURVE('',#11921,#11952,#11960,.T.);
#11960 = LINE('',#11961,#11962);
#11961 = CARTESIAN_POINT('',(1.768306186234E+03,8.200863313616E+04,
    8.8E+03));
#11962 = VECTOR('',#11963,1.);
#11963 = DIRECTION('',(-1.,0.,0.));
#11964 = PLANE('',#11965);
#11965 = AXIS2_PLACEMENT_3D('',#11966,#11967,#11968);
#11966 = CARTESIAN_POINT('',(1.768306186234E+03,8.200863313616E+04,
    8.8E+03));
#11967 = DIRECTION('',(0.,-1.,0.));
#11968 = DIRECTION('',(-1.,0.,0.));
#11969 = ADVANCED_FACE('',(#11970),#11986,.F.);
#11970 = FACE_BOUND('',#11971,.F.);
#11971 = EDGE_LOOP('',(#11972,#11973,#11979,#11980));
#11972 = ORIENTED_EDGE('',*,*,#11951,.T.);
#11973 = ORIENTED_EDGE('',*,*,#11974,.T.);
#11974 = EDGE_CURVE('',#11944,#11874,#11975,.T.);
#11975 = LINE('',#11976,#11977);
#11976 = CARTESIAN_POINT('',(1.368306186234E+03,8.200863313616E+04,
    1.32E+04));
#11977 = VECTOR('',#11978,1.);
#11978 = DIRECTION('',(0.,-1.,0.));
#11979 = ORIENTED_EDGE('',*,*,#11871,.F.);
#11980 = ORIENTED_EDGE('',*,*,#11981,.F.);
#11981 = EDGE_CURVE('',#11952,#11872,#11982,.T.);
#11982 = LINE('',#11983,#11984);
#11983 = CARTESIAN_POINT('',(1.368306186234E+03,8.200863313616E+04,
    8.8E+03));
#11984 = VECTOR('',#11985,1.);
#11985 = DIRECTION('',(0.,-1.,0.));
#11986 = PLANE('',#11987);
#11987 = AXIS2_PLACEMENT_3D('',#11988,#11989,#11990);
#11988 = CARTESIAN_POINT('',(1.368306186234E+03,8.200863313616E+04,
    8.8E+03));
#11989 = DIRECTION('',(1.,0.,-0.));
#11990 = DIRECTION('',(0.,-1.,0.));
#11991 = ADVANCED_FACE('',(#11992),#11998,.F.);
#11992 = FACE_BOUND('',#11993,.F.);
#11993 = EDGE_LOOP('',(#11994,#11995,#11996,#11997));
#11994 = ORIENTED_EDGE('',*,*,#11897,.T.);
#11995 = ORIENTED_EDGE('',*,*,#11928,.T.);
#11996 = ORIENTED_EDGE('',*,*,#11959,.T.);
#11997 = ORIENTED_EDGE('',*,*,#11981,.T.);
#11998 = PLANE('',#11999);
#11999 = AXIS2_PLACEMENT_3D('',#12000,#12001,#12002);
#12000 = CARTESIAN_POINT('',(1.568306186234E+03,8.160863313616E+04,
    8.8E+03));
#12001 = DIRECTION('',(0.,0.,1.));
#12002 = DIRECTION('',(1.,0.,-0.));
#12003 = ADVANCED_FACE('',(#12004),#12010,.T.);
#12004 = FACE_BOUND('',#12005,.T.);
#12005 = EDGE_LOOP('',(#12006,#12007,#12008,#12009));
#12006 = ORIENTED_EDGE('',*,*,#11881,.T.);
#12007 = ORIENTED_EDGE('',*,*,#11912,.T.);
#12008 = ORIENTED_EDGE('',*,*,#11943,.T.);
#12009 = ORIENTED_EDGE('',*,*,#11974,.T.);
#12010 = PLANE('',#12011);
#12011 = AXIS2_PLACEMENT_3D('',#12012,#12013,#12014);
#12012 = CARTESIAN_POINT('',(1.568306186234E+03,8.160863313616E+04,
    1.32E+04));
#12013 = DIRECTION('',(0.,0.,1.));
#12014 = DIRECTION('',(1.,0.,-0.));
#12015 = MANIFOLD_SOLID_BREP('',#12016);
#12016 = CLOSED_SHELL('',(#12017,#12057,#12088,#12119,#12141,#12153));
#12017 = ADVANCED_FACE('',(#12018),#12052,.F.);
#12018 = FACE_BOUND('',#12019,.F.);
#12019 = EDGE_LOOP('',(#12020,#12030,#12038,#12046));
#12020 = ORIENTED_EDGE('',*,*,#12021,.T.);
#12021 = EDGE_CURVE('',#12022,#12024,#12026,.T.);
#12022 = VERTEX_POINT('',#12023);
#12023 = CARTESIAN_POINT('',(-1.308169381345E+04,8.120863313663E+04,
    8.8E+03));
#12024 = VERTEX_POINT('',#12025);
#12025 = CARTESIAN_POINT('',(-1.308169381345E+04,8.120863313663E+04,
    1.32E+04));
#12026 = LINE('',#12027,#12028);
#12027 = CARTESIAN_POINT('',(-1.308169381345E+04,8.120863313663E+04,
    8.8E+03));
#12028 = VECTOR('',#12029,1.);
#12029 = DIRECTION('',(0.,0.,1.));
#12030 = ORIENTED_EDGE('',*,*,#12031,.T.);
#12031 = EDGE_CURVE('',#12024,#12032,#12034,.T.);
#12032 = VERTEX_POINT('',#12033);
#12033 = CARTESIAN_POINT('',(-1.268169381345E+04,8.120863313663E+04,
    1.32E+04));
#12034 = LINE('',#12035,#12036);
#12035 = CARTESIAN_POINT('',(-1.308169381345E+04,8.120863313663E+04,
    1.32E+04));
#12036 = VECTOR('',#12037,1.);
#12037 = DIRECTION('',(1.,0.,0.));
#12038 = ORIENTED_EDGE('',*,*,#12039,.F.);
#12039 = EDGE_CURVE('',#12040,#12032,#12042,.T.);
#12040 = VERTEX_POINT('',#12041);
#12041 = CARTESIAN_POINT('',(-1.268169381345E+04,8.120863313663E+04,
    8.8E+03));
#12042 = LINE('',#12043,#12044);
#12043 = CARTESIAN_POINT('',(-1.268169381345E+04,8.120863313663E+04,
    8.8E+03));
#12044 = VECTOR('',#12045,1.);
#12045 = DIRECTION('',(0.,0.,1.));
#12046 = ORIENTED_EDGE('',*,*,#12047,.F.);
#12047 = EDGE_CURVE('',#12022,#12040,#12048,.T.);
#12048 = LINE('',#12049,#12050);
#12049 = CARTESIAN_POINT('',(-1.308169381345E+04,8.120863313663E+04,
    8.8E+03));
#12050 = VECTOR('',#12051,1.);
#12051 = DIRECTION('',(1.,0.,0.));
#12052 = PLANE('',#12053);
#12053 = AXIS2_PLACEMENT_3D('',#12054,#12055,#12056);
#12054 = CARTESIAN_POINT('',(-1.308169381345E+04,8.120863313663E+04,
    8.8E+03));
#12055 = DIRECTION('',(0.,1.,0.));
#12056 = DIRECTION('',(1.,0.,0.));
#12057 = ADVANCED_FACE('',(#12058),#12083,.F.);
#12058 = FACE_BOUND('',#12059,.F.);
#12059 = EDGE_LOOP('',(#12060,#12061,#12069,#12077));
#12060 = ORIENTED_EDGE('',*,*,#12039,.T.);
#12061 = ORIENTED_EDGE('',*,*,#12062,.T.);
#12062 = EDGE_CURVE('',#12032,#12063,#12065,.T.);
#12063 = VERTEX_POINT('',#12064);
#12064 = CARTESIAN_POINT('',(-1.268169381345E+04,8.200863313663E+04,
    1.32E+04));
#12065 = LINE('',#12066,#12067);
#12066 = CARTESIAN_POINT('',(-1.268169381345E+04,8.120863313663E+04,
    1.32E+04));
#12067 = VECTOR('',#12068,1.);
#12068 = DIRECTION('',(0.,1.,0.));
#12069 = ORIENTED_EDGE('',*,*,#12070,.F.);
#12070 = EDGE_CURVE('',#12071,#12063,#12073,.T.);
#12071 = VERTEX_POINT('',#12072);
#12072 = CARTESIAN_POINT('',(-1.268169381345E+04,8.200863313663E+04,
    8.8E+03));
#12073 = LINE('',#12074,#12075);
#12074 = CARTESIAN_POINT('',(-1.268169381345E+04,8.200863313663E+04,
    8.8E+03));
#12075 = VECTOR('',#12076,1.);
#12076 = DIRECTION('',(0.,0.,1.));
#12077 = ORIENTED_EDGE('',*,*,#12078,.F.);
#12078 = EDGE_CURVE('',#12040,#12071,#12079,.T.);
#12079 = LINE('',#12080,#12081);
#12080 = CARTESIAN_POINT('',(-1.268169381345E+04,8.120863313663E+04,
    8.8E+03));
#12081 = VECTOR('',#12082,1.);
#12082 = DIRECTION('',(0.,1.,0.));
#12083 = PLANE('',#12084);
#12084 = AXIS2_PLACEMENT_3D('',#12085,#12086,#12087);
#12085 = CARTESIAN_POINT('',(-1.268169381345E+04,8.120863313663E+04,
    8.8E+03));
#12086 = DIRECTION('',(-1.,0.,0.));
#12087 = DIRECTION('',(0.,1.,0.));
#12088 = ADVANCED_FACE('',(#12089),#12114,.F.);
#12089 = FACE_BOUND('',#12090,.F.);
#12090 = EDGE_LOOP('',(#12091,#12092,#12100,#12108));
#12091 = ORIENTED_EDGE('',*,*,#12070,.T.);
#12092 = ORIENTED_EDGE('',*,*,#12093,.T.);
#12093 = EDGE_CURVE('',#12063,#12094,#12096,.T.);
#12094 = VERTEX_POINT('',#12095);
#12095 = CARTESIAN_POINT('',(-1.308169381345E+04,8.200863313663E+04,
    1.32E+04));
#12096 = LINE('',#12097,#12098);
#12097 = CARTESIAN_POINT('',(-1.268169381345E+04,8.200863313663E+04,
    1.32E+04));
#12098 = VECTOR('',#12099,1.);
#12099 = DIRECTION('',(-1.,0.,0.));
#12100 = ORIENTED_EDGE('',*,*,#12101,.F.);
#12101 = EDGE_CURVE('',#12102,#12094,#12104,.T.);
#12102 = VERTEX_POINT('',#12103);
#12103 = CARTESIAN_POINT('',(-1.308169381345E+04,8.200863313663E+04,
    8.8E+03));
#12104 = LINE('',#12105,#12106);
#12105 = CARTESIAN_POINT('',(-1.308169381345E+04,8.200863313663E+04,
    8.8E+03));
#12106 = VECTOR('',#12107,1.);
#12107 = DIRECTION('',(0.,0.,1.));
#12108 = ORIENTED_EDGE('',*,*,#12109,.F.);
#12109 = EDGE_CURVE('',#12071,#12102,#12110,.T.);
#12110 = LINE('',#12111,#12112);
#12111 = CARTESIAN_POINT('',(-1.268169381345E+04,8.200863313663E+04,
    8.8E+03));
#12112 = VECTOR('',#12113,1.);
#12113 = DIRECTION('',(-1.,0.,0.));
#12114 = PLANE('',#12115);
#12115 = AXIS2_PLACEMENT_3D('',#12116,#12117,#12118);
#12116 = CARTESIAN_POINT('',(-1.268169381345E+04,8.200863313663E+04,
    8.8E+03));
#12117 = DIRECTION('',(0.,-1.,0.));
#12118 = DIRECTION('',(-1.,0.,0.));
#12119 = ADVANCED_FACE('',(#12120),#12136,.F.);
#12120 = FACE_BOUND('',#12121,.F.);
#12121 = EDGE_LOOP('',(#12122,#12123,#12129,#12130));
#12122 = ORIENTED_EDGE('',*,*,#12101,.T.);
#12123 = ORIENTED_EDGE('',*,*,#12124,.T.);
#12124 = EDGE_CURVE('',#12094,#12024,#12125,.T.);
#12125 = LINE('',#12126,#12127);
#12126 = CARTESIAN_POINT('',(-1.308169381345E+04,8.200863313663E+04,
    1.32E+04));
#12127 = VECTOR('',#12128,1.);
#12128 = DIRECTION('',(0.,-1.,0.));
#12129 = ORIENTED_EDGE('',*,*,#12021,.F.);
#12130 = ORIENTED_EDGE('',*,*,#12131,.F.);
#12131 = EDGE_CURVE('',#12102,#12022,#12132,.T.);
#12132 = LINE('',#12133,#12134);
#12133 = CARTESIAN_POINT('',(-1.308169381345E+04,8.200863313663E+04,
    8.8E+03));
#12134 = VECTOR('',#12135,1.);
#12135 = DIRECTION('',(0.,-1.,0.));
#12136 = PLANE('',#12137);
#12137 = AXIS2_PLACEMENT_3D('',#12138,#12139,#12140);
#12138 = CARTESIAN_POINT('',(-1.308169381345E+04,8.200863313663E+04,
    8.8E+03));
#12139 = DIRECTION('',(1.,0.,-0.));
#12140 = DIRECTION('',(0.,-1.,0.));
#12141 = ADVANCED_FACE('',(#12142),#12148,.F.);
#12142 = FACE_BOUND('',#12143,.F.);
#12143 = EDGE_LOOP('',(#12144,#12145,#12146,#12147));
#12144 = ORIENTED_EDGE('',*,*,#12047,.T.);
#12145 = ORIENTED_EDGE('',*,*,#12078,.T.);
#12146 = ORIENTED_EDGE('',*,*,#12109,.T.);
#12147 = ORIENTED_EDGE('',*,*,#12131,.T.);
#12148 = PLANE('',#12149);
#12149 = AXIS2_PLACEMENT_3D('',#12150,#12151,#12152);
#12150 = CARTESIAN_POINT('',(-1.288169381345E+04,8.160863313663E+04,
    8.8E+03));
#12151 = DIRECTION('',(0.,0.,1.));
#12152 = DIRECTION('',(1.,0.,-0.));
#12153 = ADVANCED_FACE('',(#12154),#12160,.T.);
#12154 = FACE_BOUND('',#12155,.T.);
#12155 = EDGE_LOOP('',(#12156,#12157,#12158,#12159));
#12156 = ORIENTED_EDGE('',*,*,#12031,.T.);
#12157 = ORIENTED_EDGE('',*,*,#12062,.T.);
#12158 = ORIENTED_EDGE('',*,*,#12093,.T.);
#12159 = ORIENTED_EDGE('',*,*,#12124,.T.);
#12160 = PLANE('',#12161);
#12161 = AXIS2_PLACEMENT_3D('',#12162,#12163,#12164);
#12162 = CARTESIAN_POINT('',(-1.288169381345E+04,8.160863313663E+04,
    1.32E+04));
#12163 = DIRECTION('',(0.,0.,1.));
#12164 = DIRECTION('',(1.,0.,-0.));
#12165 = MANIFOLD_SOLID_BREP('',#12166);
#12166 = CLOSED_SHELL('',(#12167,#12207,#12238,#12269,#12291,#12303));
#12167 = ADVANCED_FACE('',(#12168),#12202,.F.);
#12168 = FACE_BOUND('',#12169,.F.);
#12169 = EDGE_LOOP('',(#12170,#12180,#12188,#12196));
#12170 = ORIENTED_EDGE('',*,*,#12171,.T.);
#12171 = EDGE_CURVE('',#12172,#12174,#12176,.T.);
#12172 = VERTEX_POINT('',#12173);
#12173 = CARTESIAN_POINT('',(-1.868169381369E+04,8.120863313663E+04,
    8.8E+03));
#12174 = VERTEX_POINT('',#12175);
#12175 = CARTESIAN_POINT('',(-1.868169381369E+04,8.120863313663E+04,
    1.32E+04));
#12176 = LINE('',#12177,#12178);
#12177 = CARTESIAN_POINT('',(-1.868169381369E+04,8.120863313663E+04,
    8.8E+03));
#12178 = VECTOR('',#12179,1.);
#12179 = DIRECTION('',(0.,0.,1.));
#12180 = ORIENTED_EDGE('',*,*,#12181,.T.);
#12181 = EDGE_CURVE('',#12174,#12182,#12184,.T.);
#12182 = VERTEX_POINT('',#12183);
#12183 = CARTESIAN_POINT('',(-1.828169381369E+04,8.120863313663E+04,
    1.32E+04));
#12184 = LINE('',#12185,#12186);
#12185 = CARTESIAN_POINT('',(-1.868169381369E+04,8.120863313663E+04,
    1.32E+04));
#12186 = VECTOR('',#12187,1.);
#12187 = DIRECTION('',(1.,0.,0.));
#12188 = ORIENTED_EDGE('',*,*,#12189,.F.);
#12189 = EDGE_CURVE('',#12190,#12182,#12192,.T.);
#12190 = VERTEX_POINT('',#12191);
#12191 = CARTESIAN_POINT('',(-1.828169381369E+04,8.120863313663E+04,
    8.8E+03));
#12192 = LINE('',#12193,#12194);
#12193 = CARTESIAN_POINT('',(-1.828169381369E+04,8.120863313663E+04,
    8.8E+03));
#12194 = VECTOR('',#12195,1.);
#12195 = DIRECTION('',(0.,0.,1.));
#12196 = ORIENTED_EDGE('',*,*,#12197,.F.);
#12197 = EDGE_CURVE('',#12172,#12190,#12198,.T.);
#12198 = LINE('',#12199,#12200);
#12199 = CARTESIAN_POINT('',(-1.868169381369E+04,8.120863313663E+04,
    8.8E+03));
#12200 = VECTOR('',#12201,1.);
#12201 = DIRECTION('',(1.,0.,0.));
#12202 = PLANE('',#12203);
#12203 = AXIS2_PLACEMENT_3D('',#12204,#12205,#12206);
#12204 = CARTESIAN_POINT('',(-1.868169381369E+04,8.120863313663E+04,
    8.8E+03));
#12205 = DIRECTION('',(0.,1.,0.));
#12206 = DIRECTION('',(1.,0.,0.));
#12207 = ADVANCED_FACE('',(#12208),#12233,.F.);
#12208 = FACE_BOUND('',#12209,.F.);
#12209 = EDGE_LOOP('',(#12210,#12211,#12219,#12227));
#12210 = ORIENTED_EDGE('',*,*,#12189,.T.);
#12211 = ORIENTED_EDGE('',*,*,#12212,.T.);
#12212 = EDGE_CURVE('',#12182,#12213,#12215,.T.);
#12213 = VERTEX_POINT('',#12214);
#12214 = CARTESIAN_POINT('',(-1.828169381369E+04,8.200863313663E+04,
    1.32E+04));
#12215 = LINE('',#12216,#12217);
#12216 = CARTESIAN_POINT('',(-1.828169381369E+04,8.120863313663E+04,
    1.32E+04));
#12217 = VECTOR('',#12218,1.);
#12218 = DIRECTION('',(0.,1.,0.));
#12219 = ORIENTED_EDGE('',*,*,#12220,.F.);
#12220 = EDGE_CURVE('',#12221,#12213,#12223,.T.);
#12221 = VERTEX_POINT('',#12222);
#12222 = CARTESIAN_POINT('',(-1.828169381369E+04,8.200863313663E+04,
    8.8E+03));
#12223 = LINE('',#12224,#12225);
#12224 = CARTESIAN_POINT('',(-1.828169381369E+04,8.200863313663E+04,
    8.8E+03));
#12225 = VECTOR('',#12226,1.);
#12226 = DIRECTION('',(0.,0.,1.));
#12227 = ORIENTED_EDGE('',*,*,#12228,.F.);
#12228 = EDGE_CURVE('',#12190,#12221,#12229,.T.);
#12229 = LINE('',#12230,#12231);
#12230 = CARTESIAN_POINT('',(-1.828169381369E+04,8.120863313663E+04,
    8.8E+03));
#12231 = VECTOR('',#12232,1.);
#12232 = DIRECTION('',(0.,1.,0.));
#12233 = PLANE('',#12234);
#12234 = AXIS2_PLACEMENT_3D('',#12235,#12236,#12237);
#12235 = CARTESIAN_POINT('',(-1.828169381369E+04,8.120863313663E+04,
    8.8E+03));
#12236 = DIRECTION('',(-1.,0.,0.));
#12237 = DIRECTION('',(0.,1.,0.));
#12238 = ADVANCED_FACE('',(#12239),#12264,.F.);
#12239 = FACE_BOUND('',#12240,.F.);
#12240 = EDGE_LOOP('',(#12241,#12242,#12250,#12258));
#12241 = ORIENTED_EDGE('',*,*,#12220,.T.);
#12242 = ORIENTED_EDGE('',*,*,#12243,.T.);
#12243 = EDGE_CURVE('',#12213,#12244,#12246,.T.);
#12244 = VERTEX_POINT('',#12245);
#12245 = CARTESIAN_POINT('',(-1.868169381369E+04,8.200863313663E+04,
    1.32E+04));
#12246 = LINE('',#12247,#12248);
#12247 = CARTESIAN_POINT('',(-1.828169381369E+04,8.200863313663E+04,
    1.32E+04));
#12248 = VECTOR('',#12249,1.);
#12249 = DIRECTION('',(-1.,0.,0.));
#12250 = ORIENTED_EDGE('',*,*,#12251,.F.);
#12251 = EDGE_CURVE('',#12252,#12244,#12254,.T.);
#12252 = VERTEX_POINT('',#12253);
#12253 = CARTESIAN_POINT('',(-1.868169381369E+04,8.200863313663E+04,
    8.8E+03));
#12254 = LINE('',#12255,#12256);
#12255 = CARTESIAN_POINT('',(-1.868169381369E+04,8.200863313663E+04,
    8.8E+03));
#12256 = VECTOR('',#12257,1.);
#12257 = DIRECTION('',(0.,0.,1.));
#12258 = ORIENTED_EDGE('',*,*,#12259,.F.);
#12259 = EDGE_CURVE('',#12221,#12252,#12260,.T.);
#12260 = LINE('',#12261,#12262);
#12261 = CARTESIAN_POINT('',(-1.828169381369E+04,8.200863313663E+04,
    8.8E+03));
#12262 = VECTOR('',#12263,1.);
#12263 = DIRECTION('',(-1.,0.,0.));
#12264 = PLANE('',#12265);
#12265 = AXIS2_PLACEMENT_3D('',#12266,#12267,#12268);
#12266 = CARTESIAN_POINT('',(-1.828169381369E+04,8.200863313663E+04,
    8.8E+03));
#12267 = DIRECTION('',(0.,-1.,0.));
#12268 = DIRECTION('',(-1.,0.,0.));
#12269 = ADVANCED_FACE('',(#12270),#12286,.F.);
#12270 = FACE_BOUND('',#12271,.F.);
#12271 = EDGE_LOOP('',(#12272,#12273,#12279,#12280));
#12272 = ORIENTED_EDGE('',*,*,#12251,.T.);
#12273 = ORIENTED_EDGE('',*,*,#12274,.T.);
#12274 = EDGE_CURVE('',#12244,#12174,#12275,.T.);
#12275 = LINE('',#12276,#12277);
#12276 = CARTESIAN_POINT('',(-1.868169381369E+04,8.200863313663E+04,
    1.32E+04));
#12277 = VECTOR('',#12278,1.);
#12278 = DIRECTION('',(0.,-1.,0.));
#12279 = ORIENTED_EDGE('',*,*,#12171,.F.);
#12280 = ORIENTED_EDGE('',*,*,#12281,.F.);
#12281 = EDGE_CURVE('',#12252,#12172,#12282,.T.);
#12282 = LINE('',#12283,#12284);
#12283 = CARTESIAN_POINT('',(-1.868169381369E+04,8.200863313663E+04,
    8.8E+03));
#12284 = VECTOR('',#12285,1.);
#12285 = DIRECTION('',(0.,-1.,0.));
#12286 = PLANE('',#12287);
#12287 = AXIS2_PLACEMENT_3D('',#12288,#12289,#12290);
#12288 = CARTESIAN_POINT('',(-1.868169381369E+04,8.200863313663E+04,
    8.8E+03));
#12289 = DIRECTION('',(1.,0.,-0.));
#12290 = DIRECTION('',(0.,-1.,0.));
#12291 = ADVANCED_FACE('',(#12292),#12298,.F.);
#12292 = FACE_BOUND('',#12293,.F.);
#12293 = EDGE_LOOP('',(#12294,#12295,#12296,#12297));
#12294 = ORIENTED_EDGE('',*,*,#12197,.T.);
#12295 = ORIENTED_EDGE('',*,*,#12228,.T.);
#12296 = ORIENTED_EDGE('',*,*,#12259,.T.);
#12297 = ORIENTED_EDGE('',*,*,#12281,.T.);
#12298 = PLANE('',#12299);
#12299 = AXIS2_PLACEMENT_3D('',#12300,#12301,#12302);
#12300 = CARTESIAN_POINT('',(-1.848169381369E+04,8.160863313663E+04,
    8.8E+03));
#12301 = DIRECTION('',(0.,0.,1.));
#12302 = DIRECTION('',(1.,0.,-0.));
#12303 = ADVANCED_FACE('',(#12304),#12310,.T.);
#12304 = FACE_BOUND('',#12305,.T.);
#12305 = EDGE_LOOP('',(#12306,#12307,#12308,#12309));
#12306 = ORIENTED_EDGE('',*,*,#12181,.T.);
#12307 = ORIENTED_EDGE('',*,*,#12212,.T.);
#12308 = ORIENTED_EDGE('',*,*,#12243,.T.);
#12309 = ORIENTED_EDGE('',*,*,#12274,.T.);
#12310 = PLANE('',#12311);
#12311 = AXIS2_PLACEMENT_3D('',#12312,#12313,#12314);
#12312 = CARTESIAN_POINT('',(-1.848169381369E+04,8.160863313663E+04,
    1.32E+04));
#12313 = DIRECTION('',(0.,0.,1.));
#12314 = DIRECTION('',(1.,0.,-0.));
#12315 = MANIFOLD_SOLID_BREP('',#12316);
#12316 = CLOSED_SHELL('',(#12317,#12357,#12388,#12419,#12441,#12453));
#12317 = ADVANCED_FACE('',(#12318),#12352,.F.);
#12318 = FACE_BOUND('',#12319,.F.);
#12319 = EDGE_LOOP('',(#12320,#12330,#12338,#12346));
#12320 = ORIENTED_EDGE('',*,*,#12321,.T.);
#12321 = EDGE_CURVE('',#12322,#12324,#12326,.T.);
#12322 = VERTEX_POINT('',#12323);
#12323 = CARTESIAN_POINT('',(-3.238169381369E+04,8.120863313663E+04,
    8.8E+03));
#12324 = VERTEX_POINT('',#12325);
#12325 = CARTESIAN_POINT('',(-3.238169381369E+04,8.120863313663E+04,
    1.32E+04));
#12326 = LINE('',#12327,#12328);
#12327 = CARTESIAN_POINT('',(-3.238169381369E+04,8.120863313663E+04,
    8.8E+03));
#12328 = VECTOR('',#12329,1.);
#12329 = DIRECTION('',(0.,0.,1.));
#12330 = ORIENTED_EDGE('',*,*,#12331,.T.);
#12331 = EDGE_CURVE('',#12324,#12332,#12334,.T.);
#12332 = VERTEX_POINT('',#12333);
#12333 = CARTESIAN_POINT('',(-3.198169381369E+04,8.120863313663E+04,
    1.32E+04));
#12334 = LINE('',#12335,#12336);
#12335 = CARTESIAN_POINT('',(-3.238169381369E+04,8.120863313663E+04,
    1.32E+04));
#12336 = VECTOR('',#12337,1.);
#12337 = DIRECTION('',(1.,0.,0.));
#12338 = ORIENTED_EDGE('',*,*,#12339,.F.);
#12339 = EDGE_CURVE('',#12340,#12332,#12342,.T.);
#12340 = VERTEX_POINT('',#12341);
#12341 = CARTESIAN_POINT('',(-3.198169381369E+04,8.120863313663E+04,
    8.8E+03));
#12342 = LINE('',#12343,#12344);
#12343 = CARTESIAN_POINT('',(-3.198169381369E+04,8.120863313663E+04,
    8.8E+03));
#12344 = VECTOR('',#12345,1.);
#12345 = DIRECTION('',(0.,0.,1.));
#12346 = ORIENTED_EDGE('',*,*,#12347,.F.);
#12347 = EDGE_CURVE('',#12322,#12340,#12348,.T.);
#12348 = LINE('',#12349,#12350);
#12349 = CARTESIAN_POINT('',(-3.238169381369E+04,8.120863313663E+04,
    8.8E+03));
#12350 = VECTOR('',#12351,1.);
#12351 = DIRECTION('',(1.,0.,0.));
#12352 = PLANE('',#12353);
#12353 = AXIS2_PLACEMENT_3D('',#12354,#12355,#12356);
#12354 = CARTESIAN_POINT('',(-3.238169381369E+04,8.120863313663E+04,
    8.8E+03));
#12355 = DIRECTION('',(0.,1.,0.));
#12356 = DIRECTION('',(1.,0.,0.));
#12357 = ADVANCED_FACE('',(#12358),#12383,.F.);
#12358 = FACE_BOUND('',#12359,.F.);
#12359 = EDGE_LOOP('',(#12360,#12361,#12369,#12377));
#12360 = ORIENTED_EDGE('',*,*,#12339,.T.);
#12361 = ORIENTED_EDGE('',*,*,#12362,.T.);
#12362 = EDGE_CURVE('',#12332,#12363,#12365,.T.);
#12363 = VERTEX_POINT('',#12364);
#12364 = CARTESIAN_POINT('',(-3.198169381369E+04,8.200863313663E+04,
    1.32E+04));
#12365 = LINE('',#12366,#12367);
#12366 = CARTESIAN_POINT('',(-3.198169381369E+04,8.120863313663E+04,
    1.32E+04));
#12367 = VECTOR('',#12368,1.);
#12368 = DIRECTION('',(0.,1.,0.));
#12369 = ORIENTED_EDGE('',*,*,#12370,.F.);
#12370 = EDGE_CURVE('',#12371,#12363,#12373,.T.);
#12371 = VERTEX_POINT('',#12372);
#12372 = CARTESIAN_POINT('',(-3.198169381369E+04,8.200863313663E+04,
    8.8E+03));
#12373 = LINE('',#12374,#12375);
#12374 = CARTESIAN_POINT('',(-3.198169381369E+04,8.200863313663E+04,
    8.8E+03));
#12375 = VECTOR('',#12376,1.);
#12376 = DIRECTION('',(0.,0.,1.));
#12377 = ORIENTED_EDGE('',*,*,#12378,.F.);
#12378 = EDGE_CURVE('',#12340,#12371,#12379,.T.);
#12379 = LINE('',#12380,#12381);
#12380 = CARTESIAN_POINT('',(-3.198169381369E+04,8.120863313663E+04,
    8.8E+03));
#12381 = VECTOR('',#12382,1.);
#12382 = DIRECTION('',(0.,1.,0.));
#12383 = PLANE('',#12384);
#12384 = AXIS2_PLACEMENT_3D('',#12385,#12386,#12387);
#12385 = CARTESIAN_POINT('',(-3.198169381369E+04,8.120863313663E+04,
    8.8E+03));
#12386 = DIRECTION('',(-1.,0.,0.));
#12387 = DIRECTION('',(0.,1.,0.));
#12388 = ADVANCED_FACE('',(#12389),#12414,.F.);
#12389 = FACE_BOUND('',#12390,.F.);
#12390 = EDGE_LOOP('',(#12391,#12392,#12400,#12408));
#12391 = ORIENTED_EDGE('',*,*,#12370,.T.);
#12392 = ORIENTED_EDGE('',*,*,#12393,.T.);
#12393 = EDGE_CURVE('',#12363,#12394,#12396,.T.);
#12394 = VERTEX_POINT('',#12395);
#12395 = CARTESIAN_POINT('',(-3.238169381369E+04,8.200863313663E+04,
    1.32E+04));
#12396 = LINE('',#12397,#12398);
#12397 = CARTESIAN_POINT('',(-3.198169381369E+04,8.200863313663E+04,
    1.32E+04));
#12398 = VECTOR('',#12399,1.);
#12399 = DIRECTION('',(-1.,0.,0.));
#12400 = ORIENTED_EDGE('',*,*,#12401,.F.);
#12401 = EDGE_CURVE('',#12402,#12394,#12404,.T.);
#12402 = VERTEX_POINT('',#12403);
#12403 = CARTESIAN_POINT('',(-3.238169381369E+04,8.200863313663E+04,
    8.8E+03));
#12404 = LINE('',#12405,#12406);
#12405 = CARTESIAN_POINT('',(-3.238169381369E+04,8.200863313663E+04,
    8.8E+03));
#12406 = VECTOR('',#12407,1.);
#12407 = DIRECTION('',(0.,0.,1.));
#12408 = ORIENTED_EDGE('',*,*,#12409,.F.);
#12409 = EDGE_CURVE('',#12371,#12402,#12410,.T.);
#12410 = LINE('',#12411,#12412);
#12411 = CARTESIAN_POINT('',(-3.198169381369E+04,8.200863313663E+04,
    8.8E+03));
#12412 = VECTOR('',#12413,1.);
#12413 = DIRECTION('',(-1.,0.,0.));
#12414 = PLANE('',#12415);
#12415 = AXIS2_PLACEMENT_3D('',#12416,#12417,#12418);
#12416 = CARTESIAN_POINT('',(-3.198169381369E+04,8.200863313663E+04,
    8.8E+03));
#12417 = DIRECTION('',(0.,-1.,0.));
#12418 = DIRECTION('',(-1.,0.,0.));
#12419 = ADVANCED_FACE('',(#12420),#12436,.F.);
#12420 = FACE_BOUND('',#12421,.F.);
#12421 = EDGE_LOOP('',(#12422,#12423,#12429,#12430));
#12422 = ORIENTED_EDGE('',*,*,#12401,.T.);
#12423 = ORIENTED_EDGE('',*,*,#12424,.T.);
#12424 = EDGE_CURVE('',#12394,#12324,#12425,.T.);
#12425 = LINE('',#12426,#12427);
#12426 = CARTESIAN_POINT('',(-3.238169381369E+04,8.200863313663E+04,
    1.32E+04));
#12427 = VECTOR('',#12428,1.);
#12428 = DIRECTION('',(0.,-1.,0.));
#12429 = ORIENTED_EDGE('',*,*,#12321,.F.);
#12430 = ORIENTED_EDGE('',*,*,#12431,.F.);
#12431 = EDGE_CURVE('',#12402,#12322,#12432,.T.);
#12432 = LINE('',#12433,#12434);
#12433 = CARTESIAN_POINT('',(-3.238169381369E+04,8.200863313663E+04,
    8.8E+03));
#12434 = VECTOR('',#12435,1.);
#12435 = DIRECTION('',(0.,-1.,0.));
#12436 = PLANE('',#12437);
#12437 = AXIS2_PLACEMENT_3D('',#12438,#12439,#12440);
#12438 = CARTESIAN_POINT('',(-3.238169381369E+04,8.200863313663E+04,
    8.8E+03));
#12439 = DIRECTION('',(1.,0.,-0.));
#12440 = DIRECTION('',(0.,-1.,0.));
#12441 = ADVANCED_FACE('',(#12442),#12448,.F.);
#12442 = FACE_BOUND('',#12443,.F.);
#12443 = EDGE_LOOP('',(#12444,#12445,#12446,#12447));
#12444 = ORIENTED_EDGE('',*,*,#12347,.T.);
#12445 = ORIENTED_EDGE('',*,*,#12378,.T.);
#12446 = ORIENTED_EDGE('',*,*,#12409,.T.);
#12447 = ORIENTED_EDGE('',*,*,#12431,.T.);
#12448 = PLANE('',#12449);
#12449 = AXIS2_PLACEMENT_3D('',#12450,#12451,#12452);
#12450 = CARTESIAN_POINT('',(-3.218169381369E+04,8.160863313663E+04,
    8.8E+03));
#12451 = DIRECTION('',(0.,0.,1.));
#12452 = DIRECTION('',(1.,0.,-0.));
#12453 = ADVANCED_FACE('',(#12454),#12460,.T.);
#12454 = FACE_BOUND('',#12455,.T.);
#12455 = EDGE_LOOP('',(#12456,#12457,#12458,#12459));
#12456 = ORIENTED_EDGE('',*,*,#12331,.T.);
#12457 = ORIENTED_EDGE('',*,*,#12362,.T.);
#12458 = ORIENTED_EDGE('',*,*,#12393,.T.);
#12459 = ORIENTED_EDGE('',*,*,#12424,.T.);
#12460 = PLANE('',#12461);
#12461 = AXIS2_PLACEMENT_3D('',#12462,#12463,#12464);
#12462 = CARTESIAN_POINT('',(-3.218169381369E+04,8.160863313663E+04,
    1.32E+04));
#12463 = DIRECTION('',(0.,0.,1.));
#12464 = DIRECTION('',(1.,0.,-0.));
#12465 = MANIFOLD_SOLID_BREP('',#12466);
#12466 = CLOSED_SHELL('',(#12467,#12507,#12538,#12569,#12591,#12603));
#12467 = ADVANCED_FACE('',(#12468),#12502,.F.);
#12468 = FACE_BOUND('',#12469,.F.);
#12469 = EDGE_LOOP('',(#12470,#12480,#12488,#12496));
#12470 = ORIENTED_EDGE('',*,*,#12471,.T.);
#12471 = EDGE_CURVE('',#12472,#12474,#12476,.T.);
#12472 = VERTEX_POINT('',#12473);
#12473 = CARTESIAN_POINT('',(-3.808169381362E+04,8.120863313657E+04,
    8.8E+03));
#12474 = VERTEX_POINT('',#12475);
#12475 = CARTESIAN_POINT('',(-3.808169381362E+04,8.120863313657E+04,
    1.32E+04));
#12476 = LINE('',#12477,#12478);
#12477 = CARTESIAN_POINT('',(-3.808169381362E+04,8.120863313657E+04,
    8.8E+03));
#12478 = VECTOR('',#12479,1.);
#12479 = DIRECTION('',(0.,0.,1.));
#12480 = ORIENTED_EDGE('',*,*,#12481,.T.);
#12481 = EDGE_CURVE('',#12474,#12482,#12484,.T.);
#12482 = VERTEX_POINT('',#12483);
#12483 = CARTESIAN_POINT('',(-3.768169381362E+04,8.120863313657E+04,
    1.32E+04));
#12484 = LINE('',#12485,#12486);
#12485 = CARTESIAN_POINT('',(-3.808169381362E+04,8.120863313657E+04,
    1.32E+04));
#12486 = VECTOR('',#12487,1.);
#12487 = DIRECTION('',(1.,0.,0.));
#12488 = ORIENTED_EDGE('',*,*,#12489,.F.);
#12489 = EDGE_CURVE('',#12490,#12482,#12492,.T.);
#12490 = VERTEX_POINT('',#12491);
#12491 = CARTESIAN_POINT('',(-3.768169381362E+04,8.120863313657E+04,
    8.8E+03));
#12492 = LINE('',#12493,#12494);
#12493 = CARTESIAN_POINT('',(-3.768169381362E+04,8.120863313657E+04,
    8.8E+03));
#12494 = VECTOR('',#12495,1.);
#12495 = DIRECTION('',(0.,0.,1.));
#12496 = ORIENTED_EDGE('',*,*,#12497,.F.);
#12497 = EDGE_CURVE('',#12472,#12490,#12498,.T.);
#12498 = LINE('',#12499,#12500);
#12499 = CARTESIAN_POINT('',(-3.808169381362E+04,8.120863313657E+04,
    8.8E+03));
#12500 = VECTOR('',#12501,1.);
#12501 = DIRECTION('',(1.,0.,0.));
#12502 = PLANE('',#12503);
#12503 = AXIS2_PLACEMENT_3D('',#12504,#12505,#12506);
#12504 = CARTESIAN_POINT('',(-3.808169381362E+04,8.120863313657E+04,
    8.8E+03));
#12505 = DIRECTION('',(0.,1.,0.));
#12506 = DIRECTION('',(1.,0.,0.));
#12507 = ADVANCED_FACE('',(#12508),#12533,.F.);
#12508 = FACE_BOUND('',#12509,.F.);
#12509 = EDGE_LOOP('',(#12510,#12511,#12519,#12527));
#12510 = ORIENTED_EDGE('',*,*,#12489,.T.);
#12511 = ORIENTED_EDGE('',*,*,#12512,.T.);
#12512 = EDGE_CURVE('',#12482,#12513,#12515,.T.);
#12513 = VERTEX_POINT('',#12514);
#12514 = CARTESIAN_POINT('',(-3.768169381362E+04,8.200863313657E+04,
    1.32E+04));
#12515 = LINE('',#12516,#12517);
#12516 = CARTESIAN_POINT('',(-3.768169381362E+04,8.120863313657E+04,
    1.32E+04));
#12517 = VECTOR('',#12518,1.);
#12518 = DIRECTION('',(0.,1.,0.));
#12519 = ORIENTED_EDGE('',*,*,#12520,.F.);
#12520 = EDGE_CURVE('',#12521,#12513,#12523,.T.);
#12521 = VERTEX_POINT('',#12522);
#12522 = CARTESIAN_POINT('',(-3.768169381362E+04,8.200863313657E+04,
    8.8E+03));
#12523 = LINE('',#12524,#12525);
#12524 = CARTESIAN_POINT('',(-3.768169381362E+04,8.200863313657E+04,
    8.8E+03));
#12525 = VECTOR('',#12526,1.);
#12526 = DIRECTION('',(0.,0.,1.));
#12527 = ORIENTED_EDGE('',*,*,#12528,.F.);
#12528 = EDGE_CURVE('',#12490,#12521,#12529,.T.);
#12529 = LINE('',#12530,#12531);
#12530 = CARTESIAN_POINT('',(-3.768169381362E+04,8.120863313657E+04,
    8.8E+03));
#12531 = VECTOR('',#12532,1.);
#12532 = DIRECTION('',(0.,1.,0.));
#12533 = PLANE('',#12534);
#12534 = AXIS2_PLACEMENT_3D('',#12535,#12536,#12537);
#12535 = CARTESIAN_POINT('',(-3.768169381362E+04,8.120863313657E+04,
    8.8E+03));
#12536 = DIRECTION('',(-1.,0.,0.));
#12537 = DIRECTION('',(0.,1.,0.));
#12538 = ADVANCED_FACE('',(#12539),#12564,.F.);
#12539 = FACE_BOUND('',#12540,.F.);
#12540 = EDGE_LOOP('',(#12541,#12542,#12550,#12558));
#12541 = ORIENTED_EDGE('',*,*,#12520,.T.);
#12542 = ORIENTED_EDGE('',*,*,#12543,.T.);
#12543 = EDGE_CURVE('',#12513,#12544,#12546,.T.);
#12544 = VERTEX_POINT('',#12545);
#12545 = CARTESIAN_POINT('',(-3.808169381362E+04,8.200863313657E+04,
    1.32E+04));
#12546 = LINE('',#12547,#12548);
#12547 = CARTESIAN_POINT('',(-3.768169381362E+04,8.200863313657E+04,
    1.32E+04));
#12548 = VECTOR('',#12549,1.);
#12549 = DIRECTION('',(-1.,0.,0.));
#12550 = ORIENTED_EDGE('',*,*,#12551,.F.);
#12551 = EDGE_CURVE('',#12552,#12544,#12554,.T.);
#12552 = VERTEX_POINT('',#12553);
#12553 = CARTESIAN_POINT('',(-3.808169381362E+04,8.200863313657E+04,
    8.8E+03));
#12554 = LINE('',#12555,#12556);
#12555 = CARTESIAN_POINT('',(-3.808169381362E+04,8.200863313657E+04,
    8.8E+03));
#12556 = VECTOR('',#12557,1.);
#12557 = DIRECTION('',(0.,0.,1.));
#12558 = ORIENTED_EDGE('',*,*,#12559,.F.);
#12559 = EDGE_CURVE('',#12521,#12552,#12560,.T.);
#12560 = LINE('',#12561,#12562);
#12561 = CARTESIAN_POINT('',(-3.768169381362E+04,8.200863313657E+04,
    8.8E+03));
#12562 = VECTOR('',#12563,1.);
#12563 = DIRECTION('',(-1.,0.,0.));
#12564 = PLANE('',#12565);
#12565 = AXIS2_PLACEMENT_3D('',#12566,#12567,#12568);
#12566 = CARTESIAN_POINT('',(-3.768169381362E+04,8.200863313657E+04,
    8.8E+03));
#12567 = DIRECTION('',(0.,-1.,0.));
#12568 = DIRECTION('',(-1.,0.,0.));
#12569 = ADVANCED_FACE('',(#12570),#12586,.F.);
#12570 = FACE_BOUND('',#12571,.F.);
#12571 = EDGE_LOOP('',(#12572,#12573,#12579,#12580));
#12572 = ORIENTED_EDGE('',*,*,#12551,.T.);
#12573 = ORIENTED_EDGE('',*,*,#12574,.T.);
#12574 = EDGE_CURVE('',#12544,#12474,#12575,.T.);
#12575 = LINE('',#12576,#12577);
#12576 = CARTESIAN_POINT('',(-3.808169381362E+04,8.200863313657E+04,
    1.32E+04));
#12577 = VECTOR('',#12578,1.);
#12578 = DIRECTION('',(0.,-1.,0.));
#12579 = ORIENTED_EDGE('',*,*,#12471,.F.);
#12580 = ORIENTED_EDGE('',*,*,#12581,.F.);
#12581 = EDGE_CURVE('',#12552,#12472,#12582,.T.);
#12582 = LINE('',#12583,#12584);
#12583 = CARTESIAN_POINT('',(-3.808169381362E+04,8.200863313657E+04,
    8.8E+03));
#12584 = VECTOR('',#12585,1.);
#12585 = DIRECTION('',(0.,-1.,0.));
#12586 = PLANE('',#12587);
#12587 = AXIS2_PLACEMENT_3D('',#12588,#12589,#12590);
#12588 = CARTESIAN_POINT('',(-3.808169381362E+04,8.200863313657E+04,
    8.8E+03));
#12589 = DIRECTION('',(1.,0.,-0.));
#12590 = DIRECTION('',(0.,-1.,0.));
#12591 = ADVANCED_FACE('',(#12592),#12598,.F.);
#12592 = FACE_BOUND('',#12593,.F.);
#12593 = EDGE_LOOP('',(#12594,#12595,#12596,#12597));
#12594 = ORIENTED_EDGE('',*,*,#12497,.T.);
#12595 = ORIENTED_EDGE('',*,*,#12528,.T.);
#12596 = ORIENTED_EDGE('',*,*,#12559,.T.);
#12597 = ORIENTED_EDGE('',*,*,#12581,.T.);
#12598 = PLANE('',#12599);
#12599 = AXIS2_PLACEMENT_3D('',#12600,#12601,#12602);
#12600 = CARTESIAN_POINT('',(-3.788169381362E+04,8.160863313657E+04,
    8.8E+03));
#12601 = DIRECTION('',(0.,0.,1.));
#12602 = DIRECTION('',(1.,0.,-0.));
#12603 = ADVANCED_FACE('',(#12604),#12610,.T.);
#12604 = FACE_BOUND('',#12605,.T.);
#12605 = EDGE_LOOP('',(#12606,#12607,#12608,#12609));
#12606 = ORIENTED_EDGE('',*,*,#12481,.T.);
#12607 = ORIENTED_EDGE('',*,*,#12512,.T.);
#12608 = ORIENTED_EDGE('',*,*,#12543,.T.);
#12609 = ORIENTED_EDGE('',*,*,#12574,.T.);
#12610 = PLANE('',#12611);
#12611 = AXIS2_PLACEMENT_3D('',#12612,#12613,#12614);
#12612 = CARTESIAN_POINT('',(-3.788169381362E+04,8.160863313657E+04,
    1.32E+04));
#12613 = DIRECTION('',(0.,0.,1.));
#12614 = DIRECTION('',(1.,0.,-0.));
#12615 = MANIFOLD_SOLID_BREP('',#12616);
#12616 = CLOSED_SHELL('',(#12617,#12657,#12688,#12719,#12741,#12753));
#12617 = ADVANCED_FACE('',(#12618),#12652,.F.);
#12618 = FACE_BOUND('',#12619,.F.);
#12619 = EDGE_LOOP('',(#12620,#12630,#12638,#12646));
#12620 = ORIENTED_EDGE('',*,*,#12621,.T.);
#12621 = EDGE_CURVE('',#12622,#12624,#12626,.T.);
#12622 = VERTEX_POINT('',#12623);
#12623 = CARTESIAN_POINT('',(-2.918284565536E+04,-2.32920613724E+04,
    8.8E+03));
#12624 = VERTEX_POINT('',#12625);
#12625 = CARTESIAN_POINT('',(-2.918284565536E+04,-2.32920613724E+04,
    1.32E+04));
#12626 = LINE('',#12627,#12628);
#12627 = CARTESIAN_POINT('',(-2.918284565536E+04,-2.32920613724E+04,
    8.8E+03));
#12628 = VECTOR('',#12629,1.);
#12629 = DIRECTION('',(0.,0.,1.));
#12630 = ORIENTED_EDGE('',*,*,#12631,.T.);
#12631 = EDGE_CURVE('',#12624,#12632,#12634,.T.);
#12632 = VERTEX_POINT('',#12633);
#12633 = CARTESIAN_POINT('',(-2.858284565536E+04,-2.32920613724E+04,
    1.32E+04));
#12634 = LINE('',#12635,#12636);
#12635 = CARTESIAN_POINT('',(-2.918284565536E+04,-2.32920613724E+04,
    1.32E+04));
#12636 = VECTOR('',#12637,1.);
#12637 = DIRECTION('',(1.,0.,0.));
#12638 = ORIENTED_EDGE('',*,*,#12639,.F.);
#12639 = EDGE_CURVE('',#12640,#12632,#12642,.T.);
#12640 = VERTEX_POINT('',#12641);
#12641 = CARTESIAN_POINT('',(-2.858284565536E+04,-2.32920613724E+04,
    8.8E+03));
#12642 = LINE('',#12643,#12644);
#12643 = CARTESIAN_POINT('',(-2.858284565536E+04,-2.32920613724E+04,
    8.8E+03));
#12644 = VECTOR('',#12645,1.);
#12645 = DIRECTION('',(0.,0.,1.));
#12646 = ORIENTED_EDGE('',*,*,#12647,.F.);
#12647 = EDGE_CURVE('',#12622,#12640,#12648,.T.);
#12648 = LINE('',#12649,#12650);
#12649 = CARTESIAN_POINT('',(-2.918284565536E+04,-2.32920613724E+04,
    8.8E+03));
#12650 = VECTOR('',#12651,1.);
#12651 = DIRECTION('',(1.,0.,0.));
#12652 = PLANE('',#12653);
#12653 = AXIS2_PLACEMENT_3D('',#12654,#12655,#12656);
#12654 = CARTESIAN_POINT('',(-2.918284565536E+04,-2.32920613724E+04,
    8.8E+03));
#12655 = DIRECTION('',(0.,1.,0.));
#12656 = DIRECTION('',(1.,0.,0.));
#12657 = ADVANCED_FACE('',(#12658),#12683,.F.);
#12658 = FACE_BOUND('',#12659,.F.);
#12659 = EDGE_LOOP('',(#12660,#12661,#12669,#12677));
#12660 = ORIENTED_EDGE('',*,*,#12639,.T.);
#12661 = ORIENTED_EDGE('',*,*,#12662,.T.);
#12662 = EDGE_CURVE('',#12632,#12663,#12665,.T.);
#12663 = VERTEX_POINT('',#12664);
#12664 = CARTESIAN_POINT('',(-2.858284565536E+04,-2.17920613724E+04,
    1.32E+04));
#12665 = LINE('',#12666,#12667);
#12666 = CARTESIAN_POINT('',(-2.858284565536E+04,-2.32920613724E+04,
    1.32E+04));
#12667 = VECTOR('',#12668,1.);
#12668 = DIRECTION('',(0.,1.,0.));
#12669 = ORIENTED_EDGE('',*,*,#12670,.F.);
#12670 = EDGE_CURVE('',#12671,#12663,#12673,.T.);
#12671 = VERTEX_POINT('',#12672);
#12672 = CARTESIAN_POINT('',(-2.858284565536E+04,-2.17920613724E+04,
    8.8E+03));
#12673 = LINE('',#12674,#12675);
#12674 = CARTESIAN_POINT('',(-2.858284565536E+04,-2.17920613724E+04,
    8.8E+03));
#12675 = VECTOR('',#12676,1.);
#12676 = DIRECTION('',(0.,0.,1.));
#12677 = ORIENTED_EDGE('',*,*,#12678,.F.);
#12678 = EDGE_CURVE('',#12640,#12671,#12679,.T.);
#12679 = LINE('',#12680,#12681);
#12680 = CARTESIAN_POINT('',(-2.858284565536E+04,-2.32920613724E+04,
    8.8E+03));
#12681 = VECTOR('',#12682,1.);
#12682 = DIRECTION('',(0.,1.,0.));
#12683 = PLANE('',#12684);
#12684 = AXIS2_PLACEMENT_3D('',#12685,#12686,#12687);
#12685 = CARTESIAN_POINT('',(-2.858284565536E+04,-2.32920613724E+04,
    8.8E+03));
#12686 = DIRECTION('',(-1.,0.,0.));
#12687 = DIRECTION('',(0.,1.,0.));
#12688 = ADVANCED_FACE('',(#12689),#12714,.F.);
#12689 = FACE_BOUND('',#12690,.F.);
#12690 = EDGE_LOOP('',(#12691,#12692,#12700,#12708));
#12691 = ORIENTED_EDGE('',*,*,#12670,.T.);
#12692 = ORIENTED_EDGE('',*,*,#12693,.T.);
#12693 = EDGE_CURVE('',#12663,#12694,#12696,.T.);
#12694 = VERTEX_POINT('',#12695);
#12695 = CARTESIAN_POINT('',(-2.918284565536E+04,-2.17920613724E+04,
    1.32E+04));
#12696 = LINE('',#12697,#12698);
#12697 = CARTESIAN_POINT('',(-2.858284565536E+04,-2.17920613724E+04,
    1.32E+04));
#12698 = VECTOR('',#12699,1.);
#12699 = DIRECTION('',(-1.,0.,0.));
#12700 = ORIENTED_EDGE('',*,*,#12701,.F.);
#12701 = EDGE_CURVE('',#12702,#12694,#12704,.T.);
#12702 = VERTEX_POINT('',#12703);
#12703 = CARTESIAN_POINT('',(-2.918284565536E+04,-2.17920613724E+04,
    8.8E+03));
#12704 = LINE('',#12705,#12706);
#12705 = CARTESIAN_POINT('',(-2.918284565536E+04,-2.17920613724E+04,
    8.8E+03));
#12706 = VECTOR('',#12707,1.);
#12707 = DIRECTION('',(0.,0.,1.));
#12708 = ORIENTED_EDGE('',*,*,#12709,.F.);
#12709 = EDGE_CURVE('',#12671,#12702,#12710,.T.);
#12710 = LINE('',#12711,#12712);
#12711 = CARTESIAN_POINT('',(-2.858284565536E+04,-2.17920613724E+04,
    8.8E+03));
#12712 = VECTOR('',#12713,1.);
#12713 = DIRECTION('',(-1.,0.,0.));
#12714 = PLANE('',#12715);
#12715 = AXIS2_PLACEMENT_3D('',#12716,#12717,#12718);
#12716 = CARTESIAN_POINT('',(-2.858284565536E+04,-2.17920613724E+04,
    8.8E+03));
#12717 = DIRECTION('',(0.,-1.,0.));
#12718 = DIRECTION('',(-1.,0.,0.));
#12719 = ADVANCED_FACE('',(#12720),#12736,.F.);
#12720 = FACE_BOUND('',#12721,.F.);
#12721 = EDGE_LOOP('',(#12722,#12723,#12729,#12730));
#12722 = ORIENTED_EDGE('',*,*,#12701,.T.);
#12723 = ORIENTED_EDGE('',*,*,#12724,.T.);
#12724 = EDGE_CURVE('',#12694,#12624,#12725,.T.);
#12725 = LINE('',#12726,#12727);
#12726 = CARTESIAN_POINT('',(-2.918284565536E+04,-2.17920613724E+04,
    1.32E+04));
#12727 = VECTOR('',#12728,1.);
#12728 = DIRECTION('',(0.,-1.,0.));
#12729 = ORIENTED_EDGE('',*,*,#12621,.F.);
#12730 = ORIENTED_EDGE('',*,*,#12731,.F.);
#12731 = EDGE_CURVE('',#12702,#12622,#12732,.T.);
#12732 = LINE('',#12733,#12734);
#12733 = CARTESIAN_POINT('',(-2.918284565536E+04,-2.17920613724E+04,
    8.8E+03));
#12734 = VECTOR('',#12735,1.);
#12735 = DIRECTION('',(0.,-1.,0.));
#12736 = PLANE('',#12737);
#12737 = AXIS2_PLACEMENT_3D('',#12738,#12739,#12740);
#12738 = CARTESIAN_POINT('',(-2.918284565536E+04,-2.17920613724E+04,
    8.8E+03));
#12739 = DIRECTION('',(1.,0.,-0.));
#12740 = DIRECTION('',(0.,-1.,0.));
#12741 = ADVANCED_FACE('',(#12742),#12748,.F.);
#12742 = FACE_BOUND('',#12743,.F.);
#12743 = EDGE_LOOP('',(#12744,#12745,#12746,#12747));
#12744 = ORIENTED_EDGE('',*,*,#12647,.T.);
#12745 = ORIENTED_EDGE('',*,*,#12678,.T.);
#12746 = ORIENTED_EDGE('',*,*,#12709,.T.);
#12747 = ORIENTED_EDGE('',*,*,#12731,.T.);
#12748 = PLANE('',#12749);
#12749 = AXIS2_PLACEMENT_3D('',#12750,#12751,#12752);
#12750 = CARTESIAN_POINT('',(-2.888284565536E+04,-2.25420613724E+04,
    8.8E+03));
#12751 = DIRECTION('',(0.,0.,1.));
#12752 = DIRECTION('',(1.,0.,-0.));
#12753 = ADVANCED_FACE('',(#12754),#12760,.T.);
#12754 = FACE_BOUND('',#12755,.T.);
#12755 = EDGE_LOOP('',(#12756,#12757,#12758,#12759));
#12756 = ORIENTED_EDGE('',*,*,#12631,.T.);
#12757 = ORIENTED_EDGE('',*,*,#12662,.T.);
#12758 = ORIENTED_EDGE('',*,*,#12693,.T.);
#12759 = ORIENTED_EDGE('',*,*,#12724,.T.);
#12760 = PLANE('',#12761);
#12761 = AXIS2_PLACEMENT_3D('',#12762,#12763,#12764);
#12762 = CARTESIAN_POINT('',(-2.888284565536E+04,-2.25420613724E+04,
    1.32E+04));
#12763 = DIRECTION('',(0.,0.,1.));
#12764 = DIRECTION('',(1.,0.,-0.));
#12765 = MANIFOLD_SOLID_BREP('',#12766);
#12766 = CLOSED_SHELL('',(#12767,#12807,#12838,#12869,#12891,#12903));
#12767 = ADVANCED_FACE('',(#12768),#12802,.F.);
#12768 = FACE_BOUND('',#12769,.F.);
#12769 = EDGE_LOOP('',(#12770,#12780,#12788,#12796));
#12770 = ORIENTED_EDGE('',*,*,#12771,.T.);
#12771 = EDGE_CURVE('',#12772,#12774,#12776,.T.);
#12772 = VERTEX_POINT('',#12773);
#12773 = CARTESIAN_POINT('',(-2.473284565536E+04,-2.32920613724E+04,
    8.8E+03));
#12774 = VERTEX_POINT('',#12775);
#12775 = CARTESIAN_POINT('',(-2.473284565536E+04,-2.32920613724E+04,
    1.32E+04));
#12776 = LINE('',#12777,#12778);
#12777 = CARTESIAN_POINT('',(-2.473284565536E+04,-2.32920613724E+04,
    8.8E+03));
#12778 = VECTOR('',#12779,1.);
#12779 = DIRECTION('',(0.,0.,1.));
#12780 = ORIENTED_EDGE('',*,*,#12781,.T.);
#12781 = EDGE_CURVE('',#12774,#12782,#12784,.T.);
#12782 = VERTEX_POINT('',#12783);
#12783 = CARTESIAN_POINT('',(-2.413284565536E+04,-2.32920613724E+04,
    1.32E+04));
#12784 = LINE('',#12785,#12786);
#12785 = CARTESIAN_POINT('',(-2.473284565536E+04,-2.32920613724E+04,
    1.32E+04));
#12786 = VECTOR('',#12787,1.);
#12787 = DIRECTION('',(1.,0.,0.));
#12788 = ORIENTED_EDGE('',*,*,#12789,.F.);
#12789 = EDGE_CURVE('',#12790,#12782,#12792,.T.);
#12790 = VERTEX_POINT('',#12791);
#12791 = CARTESIAN_POINT('',(-2.413284565536E+04,-2.32920613724E+04,
    8.8E+03));
#12792 = LINE('',#12793,#12794);
#12793 = CARTESIAN_POINT('',(-2.413284565536E+04,-2.32920613724E+04,
    8.8E+03));
#12794 = VECTOR('',#12795,1.);
#12795 = DIRECTION('',(0.,0.,1.));
#12796 = ORIENTED_EDGE('',*,*,#12797,.F.);
#12797 = EDGE_CURVE('',#12772,#12790,#12798,.T.);
#12798 = LINE('',#12799,#12800);
#12799 = CARTESIAN_POINT('',(-2.473284565536E+04,-2.32920613724E+04,
    8.8E+03));
#12800 = VECTOR('',#12801,1.);
#12801 = DIRECTION('',(1.,0.,0.));
#12802 = PLANE('',#12803);
#12803 = AXIS2_PLACEMENT_3D('',#12804,#12805,#12806);
#12804 = CARTESIAN_POINT('',(-2.473284565536E+04,-2.32920613724E+04,
    8.8E+03));
#12805 = DIRECTION('',(0.,1.,0.));
#12806 = DIRECTION('',(1.,0.,0.));
#12807 = ADVANCED_FACE('',(#12808),#12833,.F.);
#12808 = FACE_BOUND('',#12809,.F.);
#12809 = EDGE_LOOP('',(#12810,#12811,#12819,#12827));
#12810 = ORIENTED_EDGE('',*,*,#12789,.T.);
#12811 = ORIENTED_EDGE('',*,*,#12812,.T.);
#12812 = EDGE_CURVE('',#12782,#12813,#12815,.T.);
#12813 = VERTEX_POINT('',#12814);
#12814 = CARTESIAN_POINT('',(-2.413284565536E+04,-2.17920613724E+04,
    1.32E+04));
#12815 = LINE('',#12816,#12817);
#12816 = CARTESIAN_POINT('',(-2.413284565536E+04,-2.32920613724E+04,
    1.32E+04));
#12817 = VECTOR('',#12818,1.);
#12818 = DIRECTION('',(0.,1.,0.));
#12819 = ORIENTED_EDGE('',*,*,#12820,.F.);
#12820 = EDGE_CURVE('',#12821,#12813,#12823,.T.);
#12821 = VERTEX_POINT('',#12822);
#12822 = CARTESIAN_POINT('',(-2.413284565536E+04,-2.17920613724E+04,
    8.8E+03));
#12823 = LINE('',#12824,#12825);
#12824 = CARTESIAN_POINT('',(-2.413284565536E+04,-2.17920613724E+04,
    8.8E+03));
#12825 = VECTOR('',#12826,1.);
#12826 = DIRECTION('',(0.,0.,1.));
#12827 = ORIENTED_EDGE('',*,*,#12828,.F.);
#12828 = EDGE_CURVE('',#12790,#12821,#12829,.T.);
#12829 = LINE('',#12830,#12831);
#12830 = CARTESIAN_POINT('',(-2.413284565536E+04,-2.32920613724E+04,
    8.8E+03));
#12831 = VECTOR('',#12832,1.);
#12832 = DIRECTION('',(0.,1.,0.));
#12833 = PLANE('',#12834);
#12834 = AXIS2_PLACEMENT_3D('',#12835,#12836,#12837);
#12835 = CARTESIAN_POINT('',(-2.413284565536E+04,-2.32920613724E+04,
    8.8E+03));
#12836 = DIRECTION('',(-1.,0.,0.));
#12837 = DIRECTION('',(0.,1.,0.));
#12838 = ADVANCED_FACE('',(#12839),#12864,.F.);
#12839 = FACE_BOUND('',#12840,.F.);
#12840 = EDGE_LOOP('',(#12841,#12842,#12850,#12858));
#12841 = ORIENTED_EDGE('',*,*,#12820,.T.);
#12842 = ORIENTED_EDGE('',*,*,#12843,.T.);
#12843 = EDGE_CURVE('',#12813,#12844,#12846,.T.);
#12844 = VERTEX_POINT('',#12845);
#12845 = CARTESIAN_POINT('',(-2.473284565536E+04,-2.17920613724E+04,
    1.32E+04));
#12846 = LINE('',#12847,#12848);
#12847 = CARTESIAN_POINT('',(-2.413284565536E+04,-2.17920613724E+04,
    1.32E+04));
#12848 = VECTOR('',#12849,1.);
#12849 = DIRECTION('',(-1.,0.,0.));
#12850 = ORIENTED_EDGE('',*,*,#12851,.F.);
#12851 = EDGE_CURVE('',#12852,#12844,#12854,.T.);
#12852 = VERTEX_POINT('',#12853);
#12853 = CARTESIAN_POINT('',(-2.473284565536E+04,-2.17920613724E+04,
    8.8E+03));
#12854 = LINE('',#12855,#12856);
#12855 = CARTESIAN_POINT('',(-2.473284565536E+04,-2.17920613724E+04,
    8.8E+03));
#12856 = VECTOR('',#12857,1.);
#12857 = DIRECTION('',(0.,0.,1.));
#12858 = ORIENTED_EDGE('',*,*,#12859,.F.);
#12859 = EDGE_CURVE('',#12821,#12852,#12860,.T.);
#12860 = LINE('',#12861,#12862);
#12861 = CARTESIAN_POINT('',(-2.413284565536E+04,-2.17920613724E+04,
    8.8E+03));
#12862 = VECTOR('',#12863,1.);
#12863 = DIRECTION('',(-1.,0.,0.));
#12864 = PLANE('',#12865);
#12865 = AXIS2_PLACEMENT_3D('',#12866,#12867,#12868);
#12866 = CARTESIAN_POINT('',(-2.413284565536E+04,-2.17920613724E+04,
    8.8E+03));
#12867 = DIRECTION('',(0.,-1.,0.));
#12868 = DIRECTION('',(-1.,0.,0.));
#12869 = ADVANCED_FACE('',(#12870),#12886,.F.);
#12870 = FACE_BOUND('',#12871,.F.);
#12871 = EDGE_LOOP('',(#12872,#12873,#12879,#12880));
#12872 = ORIENTED_EDGE('',*,*,#12851,.T.);
#12873 = ORIENTED_EDGE('',*,*,#12874,.T.);
#12874 = EDGE_CURVE('',#12844,#12774,#12875,.T.);
#12875 = LINE('',#12876,#12877);
#12876 = CARTESIAN_POINT('',(-2.473284565536E+04,-2.17920613724E+04,
    1.32E+04));
#12877 = VECTOR('',#12878,1.);
#12878 = DIRECTION('',(0.,-1.,0.));
#12879 = ORIENTED_EDGE('',*,*,#12771,.F.);
#12880 = ORIENTED_EDGE('',*,*,#12881,.F.);
#12881 = EDGE_CURVE('',#12852,#12772,#12882,.T.);
#12882 = LINE('',#12883,#12884);
#12883 = CARTESIAN_POINT('',(-2.473284565536E+04,-2.17920613724E+04,
    8.8E+03));
#12884 = VECTOR('',#12885,1.);
#12885 = DIRECTION('',(0.,-1.,0.));
#12886 = PLANE('',#12887);
#12887 = AXIS2_PLACEMENT_3D('',#12888,#12889,#12890);
#12888 = CARTESIAN_POINT('',(-2.473284565536E+04,-2.17920613724E+04,
    8.8E+03));
#12889 = DIRECTION('',(1.,0.,-0.));
#12890 = DIRECTION('',(0.,-1.,0.));
#12891 = ADVANCED_FACE('',(#12892),#12898,.F.);
#12892 = FACE_BOUND('',#12893,.F.);
#12893 = EDGE_LOOP('',(#12894,#12895,#12896,#12897));
#12894 = ORIENTED_EDGE('',*,*,#12797,.T.);
#12895 = ORIENTED_EDGE('',*,*,#12828,.T.);
#12896 = ORIENTED_EDGE('',*,*,#12859,.T.);
#12897 = ORIENTED_EDGE('',*,*,#12881,.T.);
#12898 = PLANE('',#12899);
#12899 = AXIS2_PLACEMENT_3D('',#12900,#12901,#12902);
#12900 = CARTESIAN_POINT('',(-2.443284565536E+04,-2.25420613724E+04,
    8.8E+03));
#12901 = DIRECTION('',(0.,0.,1.));
#12902 = DIRECTION('',(1.,0.,-0.));
#12903 = ADVANCED_FACE('',(#12904),#12910,.T.);
#12904 = FACE_BOUND('',#12905,.T.);
#12905 = EDGE_LOOP('',(#12906,#12907,#12908,#12909));
#12906 = ORIENTED_EDGE('',*,*,#12781,.T.);
#12907 = ORIENTED_EDGE('',*,*,#12812,.T.);
#12908 = ORIENTED_EDGE('',*,*,#12843,.T.);
#12909 = ORIENTED_EDGE('',*,*,#12874,.T.);
#12910 = PLANE('',#12911);
#12911 = AXIS2_PLACEMENT_3D('',#12912,#12913,#12914);
#12912 = CARTESIAN_POINT('',(-2.443284565536E+04,-2.25420613724E+04,
    1.32E+04));
#12913 = DIRECTION('',(0.,0.,1.));
#12914 = DIRECTION('',(1.,0.,-0.));
#12915 = MANIFOLD_SOLID_BREP('',#12916);
#12916 = CLOSED_SHELL('',(#12917,#12957,#12988,#13019,#13041,#13053));
#12917 = ADVANCED_FACE('',(#12918),#12952,.F.);
#12918 = FACE_BOUND('',#12919,.F.);
#12919 = EDGE_LOOP('',(#12920,#12930,#12938,#12946));
#12920 = ORIENTED_EDGE('',*,*,#12921,.T.);
#12921 = EDGE_CURVE('',#12922,#12924,#12926,.T.);
#12922 = VERTEX_POINT('',#12923);
#12923 = CARTESIAN_POINT('',(-2.825534565531E+04,-2.13920613724E+04,
    1.24E+04));
#12924 = VERTEX_POINT('',#12925);
#12925 = CARTESIAN_POINT('',(-2.825534565531E+04,-2.13920613724E+04,
    1.32E+04));
#12926 = LINE('',#12927,#12928);
#12927 = CARTESIAN_POINT('',(-2.825534565531E+04,-2.13920613724E+04,
    1.24E+04));
#12928 = VECTOR('',#12929,1.);
#12929 = DIRECTION('',(0.,0.,1.));
#12930 = ORIENTED_EDGE('',*,*,#12931,.T.);
#12931 = EDGE_CURVE('',#12924,#12932,#12934,.T.);
#12932 = VERTEX_POINT('',#12933);
#12933 = CARTESIAN_POINT('',(-2.825534565531E+04,-2.17920613724E+04,
    1.32E+04));
#12934 = LINE('',#12935,#12936);
#12935 = CARTESIAN_POINT('',(-2.825534565531E+04,-2.13920613724E+04,
    1.32E+04));
#12936 = VECTOR('',#12937,1.);
#12937 = DIRECTION('',(0.,-1.,0.));
#12938 = ORIENTED_EDGE('',*,*,#12939,.F.);
#12939 = EDGE_CURVE('',#12940,#12932,#12942,.T.);
#12940 = VERTEX_POINT('',#12941);
#12941 = CARTESIAN_POINT('',(-2.825534565531E+04,-2.17920613724E+04,
    1.24E+04));
#12942 = LINE('',#12943,#12944);
#12943 = CARTESIAN_POINT('',(-2.825534565531E+04,-2.17920613724E+04,
    1.24E+04));
#12944 = VECTOR('',#12945,1.);
#12945 = DIRECTION('',(0.,0.,1.));
#12946 = ORIENTED_EDGE('',*,*,#12947,.F.);
#12947 = EDGE_CURVE('',#12922,#12940,#12948,.T.);
#12948 = LINE('',#12949,#12950);
#12949 = CARTESIAN_POINT('',(-2.825534565531E+04,-2.13920613724E+04,
    1.24E+04));
#12950 = VECTOR('',#12951,1.);
#12951 = DIRECTION('',(0.,-1.,0.));
#12952 = PLANE('',#12953);
#12953 = AXIS2_PLACEMENT_3D('',#12954,#12955,#12956);
#12954 = CARTESIAN_POINT('',(-2.825534565531E+04,-2.13920613724E+04,
    1.24E+04));
#12955 = DIRECTION('',(1.,0.,-0.));
#12956 = DIRECTION('',(0.,-1.,0.));
#12957 = ADVANCED_FACE('',(#12958),#12983,.F.);
#12958 = FACE_BOUND('',#12959,.F.);
#12959 = EDGE_LOOP('',(#12960,#12961,#12969,#12977));
#12960 = ORIENTED_EDGE('',*,*,#12939,.T.);
#12961 = ORIENTED_EDGE('',*,*,#12962,.T.);
#12962 = EDGE_CURVE('',#12932,#12963,#12965,.T.);
#12963 = VERTEX_POINT('',#12964);
#12964 = CARTESIAN_POINT('',(-2.628534565531E+04,-2.17920613724E+04,
    1.32E+04));
#12965 = LINE('',#12966,#12967);
#12966 = CARTESIAN_POINT('',(-2.825534565531E+04,-2.17920613724E+04,
    1.32E+04));
#12967 = VECTOR('',#12968,1.);
#12968 = DIRECTION('',(1.,0.,0.));
#12969 = ORIENTED_EDGE('',*,*,#12970,.F.);
#12970 = EDGE_CURVE('',#12971,#12963,#12973,.T.);
#12971 = VERTEX_POINT('',#12972);
#12972 = CARTESIAN_POINT('',(-2.628534565531E+04,-2.17920613724E+04,
    1.24E+04));
#12973 = LINE('',#12974,#12975);
#12974 = CARTESIAN_POINT('',(-2.628534565531E+04,-2.17920613724E+04,
    1.24E+04));
#12975 = VECTOR('',#12976,1.);
#12976 = DIRECTION('',(0.,0.,1.));
#12977 = ORIENTED_EDGE('',*,*,#12978,.F.);
#12978 = EDGE_CURVE('',#12940,#12971,#12979,.T.);
#12979 = LINE('',#12980,#12981);
#12980 = CARTESIAN_POINT('',(-2.825534565531E+04,-2.17920613724E+04,
    1.24E+04));
#12981 = VECTOR('',#12982,1.);
#12982 = DIRECTION('',(1.,0.,0.));
#12983 = PLANE('',#12984);
#12984 = AXIS2_PLACEMENT_3D('',#12985,#12986,#12987);
#12985 = CARTESIAN_POINT('',(-2.825534565531E+04,-2.17920613724E+04,
    1.24E+04));
#12986 = DIRECTION('',(0.,1.,0.));
#12987 = DIRECTION('',(1.,0.,0.));
#12988 = ADVANCED_FACE('',(#12989),#13014,.F.);
#12989 = FACE_BOUND('',#12990,.F.);
#12990 = EDGE_LOOP('',(#12991,#12992,#13000,#13008));
#12991 = ORIENTED_EDGE('',*,*,#12970,.T.);
#12992 = ORIENTED_EDGE('',*,*,#12993,.T.);
#12993 = EDGE_CURVE('',#12963,#12994,#12996,.T.);
#12994 = VERTEX_POINT('',#12995);
#12995 = CARTESIAN_POINT('',(-2.628534565531E+04,-2.13920613724E+04,
    1.32E+04));
#12996 = LINE('',#12997,#12998);
#12997 = CARTESIAN_POINT('',(-2.628534565531E+04,-2.17920613724E+04,
    1.32E+04));
#12998 = VECTOR('',#12999,1.);
#12999 = DIRECTION('',(0.,1.,0.));
#13000 = ORIENTED_EDGE('',*,*,#13001,.F.);
#13001 = EDGE_CURVE('',#13002,#12994,#13004,.T.);
#13002 = VERTEX_POINT('',#13003);
#13003 = CARTESIAN_POINT('',(-2.628534565531E+04,-2.13920613724E+04,
    1.24E+04));
#13004 = LINE('',#13005,#13006);
#13005 = CARTESIAN_POINT('',(-2.628534565531E+04,-2.13920613724E+04,
    1.24E+04));
#13006 = VECTOR('',#13007,1.);
#13007 = DIRECTION('',(0.,0.,1.));
#13008 = ORIENTED_EDGE('',*,*,#13009,.F.);
#13009 = EDGE_CURVE('',#12971,#13002,#13010,.T.);
#13010 = LINE('',#13011,#13012);
#13011 = CARTESIAN_POINT('',(-2.628534565531E+04,-2.17920613724E+04,
    1.24E+04));
#13012 = VECTOR('',#13013,1.);
#13013 = DIRECTION('',(0.,1.,0.));
#13014 = PLANE('',#13015);
#13015 = AXIS2_PLACEMENT_3D('',#13016,#13017,#13018);
#13016 = CARTESIAN_POINT('',(-2.628534565531E+04,-2.17920613724E+04,
    1.24E+04));
#13017 = DIRECTION('',(-1.,0.,0.));
#13018 = DIRECTION('',(0.,1.,0.));
#13019 = ADVANCED_FACE('',(#13020),#13036,.F.);
#13020 = FACE_BOUND('',#13021,.F.);
#13021 = EDGE_LOOP('',(#13022,#13023,#13029,#13030));
#13022 = ORIENTED_EDGE('',*,*,#13001,.T.);
#13023 = ORIENTED_EDGE('',*,*,#13024,.T.);
#13024 = EDGE_CURVE('',#12994,#12924,#13025,.T.);
#13025 = LINE('',#13026,#13027);
#13026 = CARTESIAN_POINT('',(-2.628534565531E+04,-2.13920613724E+04,
    1.32E+04));
#13027 = VECTOR('',#13028,1.);
#13028 = DIRECTION('',(-1.,0.,0.));
#13029 = ORIENTED_EDGE('',*,*,#12921,.F.);
#13030 = ORIENTED_EDGE('',*,*,#13031,.F.);
#13031 = EDGE_CURVE('',#13002,#12922,#13032,.T.);
#13032 = LINE('',#13033,#13034);
#13033 = CARTESIAN_POINT('',(-2.628534565531E+04,-2.13920613724E+04,
    1.24E+04));
#13034 = VECTOR('',#13035,1.);
#13035 = DIRECTION('',(-1.,0.,0.));
#13036 = PLANE('',#13037);
#13037 = AXIS2_PLACEMENT_3D('',#13038,#13039,#13040);
#13038 = CARTESIAN_POINT('',(-2.628534565531E+04,-2.13920613724E+04,
    1.24E+04));
#13039 = DIRECTION('',(0.,-1.,0.));
#13040 = DIRECTION('',(-1.,0.,0.));
#13041 = ADVANCED_FACE('',(#13042),#13048,.F.);
#13042 = FACE_BOUND('',#13043,.F.);
#13043 = EDGE_LOOP('',(#13044,#13045,#13046,#13047));
#13044 = ORIENTED_EDGE('',*,*,#12947,.T.);
#13045 = ORIENTED_EDGE('',*,*,#12978,.T.);
#13046 = ORIENTED_EDGE('',*,*,#13009,.T.);
#13047 = ORIENTED_EDGE('',*,*,#13031,.T.);
#13048 = PLANE('',#13049);
#13049 = AXIS2_PLACEMENT_3D('',#13050,#13051,#13052);
#13050 = CARTESIAN_POINT('',(-2.727034565531E+04,-2.15920613724E+04,
    1.24E+04));
#13051 = DIRECTION('',(0.,0.,1.));
#13052 = DIRECTION('',(1.,0.,-0.));
#13053 = ADVANCED_FACE('',(#13054),#13060,.T.);
#13054 = FACE_BOUND('',#13055,.T.);
#13055 = EDGE_LOOP('',(#13056,#13057,#13058,#13059));
#13056 = ORIENTED_EDGE('',*,*,#12931,.T.);
#13057 = ORIENTED_EDGE('',*,*,#12962,.T.);
#13058 = ORIENTED_EDGE('',*,*,#12993,.T.);
#13059 = ORIENTED_EDGE('',*,*,#13024,.T.);
#13060 = PLANE('',#13061);
#13061 = AXIS2_PLACEMENT_3D('',#13062,#13063,#13064);
#13062 = CARTESIAN_POINT('',(-2.727034565531E+04,-2.15920613724E+04,
    1.32E+04));
#13063 = DIRECTION('',(0.,0.,1.));
#13064 = DIRECTION('',(1.,0.,-0.));
#13065 = ( GEOMETRIC_REPRESENTATION_CONTEXT(3) 
GLOBAL_UNCERTAINTY_ASSIGNED_CONTEXT((#13069)) 
GLOBAL_UNIT_ASSIGNED_CONTEXT((#13066,#13067,#13068)) 
REPRESENTATION_CONTEXT('Context #1',
  '3D Context with UNIT and UNCERTAINTY') );
#13066 = ( LENGTH_UNIT() NAMED_UNIT(*) SI_UNIT(.MILLI.,.METRE.) );
#13067 = ( NAMED_UNIT(*) PLANE_ANGLE_UNIT() SI_UNIT($,.RADIAN.) );
#13068 = ( NAMED_UNIT(*) SI_UNIT($,.STERADIAN.) SOLID_ANGLE_UNIT() );
#13069 = UNCERTAINTY_MEASURE_WITH_UNIT(LENGTH_MEASURE(1.E-07),#13066,
  'distance_accuracy_value','confusion accuracy');
#13070 = PRODUCT_RELATED_PRODUCT_CATEGORY('part',$,(#7));
ENDSEC;
END-ISO-10303-21;
