부재ID,도면부재명,유형,구역,층,치수(mm),스팬/높이(mm),면적(m²),체적(m³)
C-B2F-PKG-0001,C,기둥,PKG,B2F,500x500,3300,,0.825
C-B2F-PKG-0002,C,기둥,PKG,B2F,500x500,3300,,0.825
C-B2F-PKG-0003,C,기둥,PKG,B2F,500x500,3300,,0.825
C-B2F-PKG-0004,C,기둥,PKG,B2F,500x500,3300,,0.825
C-B2F-PKG-0005,C,기둥,PKG,B2F,500x500,3300,,0.825
"('EC2', 213146.67978605814, 2354791.824795585)-B2F-PKG-0001","('EC2', 213146.67978605814, 2354791.824795585)",기둥,PKG,B2F,400x800,3300,,1.056
"('EC2', 151440.79850220634, 2312679.7182151787)-B2F-PKG-0001","('EC2', 151440.79850220634, 2312679.7182151787)",기둥,PKG,B2F,400x800,3300,,1.056
"('EC2', 213890.80489959102, 2300514.436117657)-B2F-PKG-0001","('EC2', 213890.80489959102, 2300514.436117657)",기둥,PKG,B2F,400x800,3300,,1.056
"('EC1', 151240.79850222822, 2396884.4410409667)-B2F-PKG-0001","('EC1', 151240.79850222822, 2396884.4410409667)",기둥,PKG,B2F,400x800,3300,,1.056
"('EC1', 181040.79850222403, 2396894.4410408987)-B2F-PKG-0001","('EC1', 181040.79850222403, 2396894.4410408987)",기둥,PKG,B2F,400x800,3300,,1.056
"('EC1', 181040.79850222776, 2388684.4410408633)-B2F-PKG-0001","('EC1', 181040.79850222776, 2388684.4410408633)",기둥,PKG,B2F,400x800,3300,,1.056
"('EC1', 172840.79850222683, 2388684.441040891)-B2F-PKG-0001","('EC1', 172840.79850222683, 2388684.441040891)",기둥,PKG,B2F,400x800,3300,,1.056
"('EC1', 188140.80489996867, 2330366.637231357)-B2F-PKG-0001","('EC1', 188140.80489996867, 2330366.637231357)",기둥,PKG,B2F,400x800,3300,,1.056
"('EC1', 182040.80489967065, 2330366.6372313583)-B2F-PKG-0001","('EC1', 182040.80489967065, 2330366.6372313583)",기둥,PKG,B2F,400x800,3300,,1.056
"('EC1', 213890.80489963852, 2305314.43611771)-B2F-PKG-0001","('EC1', 213890.80489963852, 2305314.43611771)",기둥,PKG,B2F,400x800,3300,,1.056
"('C1', 197440.79850222403, 2396894.4410408977)-B2F-PKG-0001","('C1', 197440.79850222403, 2396894.4410408977)",기둥,PKG,B2F,400x800,3300,,1.056
"('C2', 207590.80489959195, 2300514.4361171937)-B2F-PKG-0001","('C2', 207590.80489959195, 2300514.4361171937)",기둥,PKG,B2F,400x800,3300,,1.056
"('C2', 199290.8048995845, 2300514.436117657)-B2F-PKG-0001","('C2', 199290.8048995845, 2300514.436117657)",기둥,PKG,B2F,400x800,3300,,1.056
"('C2', 193140.804899903, 2300514.436117395)-B2F-PKG-0001","('C2', 193140.804899903, 2300514.436117395)",기둥,PKG,B2F,400x800,3300,,1.056
"('C2', 187540.80489966366, 2300514.436117454)-B2F-PKG-0001","('C2', 187540.80489966366, 2300514.436117454)",기둥,PKG,B2F,400x800,3300,,1.056
"('C2', 182040.80489966366, 2300514.436117512)-B2F-PKG-0001","('C2', 182040.80489966366, 2300514.436117512)",기둥,PKG,B2F,400x800,3300,,1.056
"('C2', 173840.80489966366, 2300514.436117597)-B2F-PKG-0001","('C2', 173840.80489966366, 2300514.436117597)",기둥,PKG,B2F,400x800,3300,,1.056
"('C2', 151240.7985022338, 2354944.441040854)-B2F-PKG-0001","('C2', 151240.7985022338, 2354944.441040854)",기둥,PKG,B2F,400x800,3300,,1.056
"('C2', 151240.7985021514, 2363144.441040855)-B2F-PKG-0001","('C2', 151240.7985021514, 2363144.441040855)",기둥,PKG,B2F,400x800,3300,,1.056
"('C2', 151240.79850223009, 2371344.4410408568)-B2F-PKG-0001","('C2', 151240.79850223009, 2371344.4410408568)",기둥,PKG,B2F,400x800,3300,,1.056
"('C2A', 151240.79850223009, 2374884.4410408568)-B2F-PKG-0001","('C2A', 151240.79850223009, 2374884.4410408568)",기둥,PKG,B2F,400x800,3300,,1.056
"('C2A', 151240.79850223009, 2383284.4410408577)-B2F-PKG-0001","('C2A', 151240.79850223009, 2383284.4410408577)",기둥,PKG,B2F,400x800,3300,,1.056
"('C3', 151240.79850221798, 2321594.441040859)-B2F-PKG-0001","('C3', 151240.79850221798, 2321594.441040859)",기둥,PKG,B2F,400x800,3300,,1.056
"('AC1', 178496.99803680228, 2317575.809182824)-B2F-PKG-0001","('AC1', 178496.99803680228, 2317575.809182824)",기둥,PKG,B2F,500x700,3300,,1.155
"('AC1', 180280.98185069812, 2325891.5562742343)-B2F-PKG-0001","('AC1', 180280.98185069812, 2325891.5562742343)",기둥,PKG,B2F,500x700,3300,,1.155
"('AC2', 208686.6924800265, 2331244.022335531)-B2F-PKG-0001","('AC2', 208686.6924800265, 2331244.022335531)",기둥,PKG,B2F,771x888,3300,,2.2619
"('EC1', 196340.79850226454, 2330546.638872613)-B2F-PKG-0001","('EC1', 196340.79850226454, 2330546.638872613)",기둥,PKG,B2F,400x800,3300,,1.056
"('EC1', 200440.80489988392, 2330366.637231352)-B2F-PKG-0001","('EC1', 200440.80489988392, 2330366.637231352)",기둥,PKG,B2F,400x800,3300,,1.056
"('EC1', 208518.20124788675, 2338346.207345199)-B2F-PKG-0001","('EC1', 208518.20124788675, 2338346.207345199)",기둥,PKG,B2F,800x400,3300,,1.056
"('EC1', 189240.79850222776, 2388684.441040865)-B2F-PKG-0001","('EC1', 189240.79850222776, 2388684.441040865)",기둥,PKG,B2F,400x800,3300,,1.056
"('EC1', 194040.79850222683, 2388684.441040865)-B2F-PKG-0001","('EC1', 194040.79850222683, 2388684.441040865)",기둥,PKG,B2F,400x800,3300,,1.056
"('EC1', 202240.8048998746, 2388684.441040786)-B2F-PKG-0001","('EC1', 202240.8048998746, 2388684.441040786)",기둥,PKG,B2F,400x800,3300,,1.056
"('EC1', 203922.03104565572, 2396787.9687206037)-B2F-PKG-0001","('EC1', 203922.03104565572, 2396787.9687206037)",기둥,PKG,B2F,400x800,3300,,1.056
"('EC1', 189240.79850222403, 2396894.441040901)-B2F-PKG-0001","('EC1', 189240.79850222403, 2396894.441040901)",기둥,PKG,B2F,400x800,3300,,1.056
"('EC2', 151240.79850223009, 2350834.441040862)-B2F-PKG-0001","('EC2', 151240.79850223009, 2350834.441040862)",기둥,PKG,B2F,400x800,3300,,1.056
"('EC2', 151240.79850222822, 2387694.4377589663)-B2F-PKG-0001","('EC2', 151240.79850222822, 2387694.4377589663)",기둥,PKG,B2F,400x800,3300,,1.056
"('EC2A', 151240.79850221798, 2329994.441040855)-B2F-PKG-0001","('EC2A', 151240.79850221798, 2329994.441040855)",기둥,PKG,B2F,400x800,3300,,1.056
"('EC2', 168140.80489973165, 2300514.436117657)-B2F-PKG-0001","('EC2', 168140.80489973165, 2300514.436117657)",기둥,PKG,B2F,400x800,3300,,1.056
"('PC2(T)', 168175.5972587642, 2317714.436117257)-B2F-PKG-0001","('PC2(T)', 168175.5972587642, 2317714.436117257)",기둥,PKG,B2F,400x800,3300,,1.056
"('PC2(T)', 168175.5972587684, 2326314.436117257)-B2F-PKG-0001","('PC2(T)', 168175.5972587684, 2326314.436117257)",기둥,PKG,B2F,400x800,3300,,1.056
"('PC2', 196581.2356272958, 2346844.441041325)-B2F-PKG-0001","('PC2', 196581.2356272958, 2346844.441041325)",기둥,PKG,B2F,400x800,3300,,1.056
"('PC2', 188381.23562729533, 2346844.441041302)-B2F-PKG-0001","('PC2', 188381.23562729533, 2346844.441041302)",기둥,PKG,B2F,400x800,3300,,1.056
"('PC2', 196581.23562730232, 2355044.441041321)-B2F-PKG-0001","('PC2', 196581.23562730232, 2355044.441041321)",기둥,PKG,B2F,400x800,3300,,1.056
"('PC2', 188381.2356273014, 2355044.441041298)-B2F-PKG-0001","('PC2', 188381.2356273014, 2355044.441041298)",기둥,PKG,B2F,400x800,3300,,1.056
"('PC2', 202081.23562723992, 2355044.441041065)-B2F-PKG-0001","('PC2', 202081.23562723992, 2355044.441041065)",기둥,PKG,B2F,400x800,3300,,1.056
"('PC2', 196581.23562733352, 2363244.441041557)-B2F-PKG-0001","('PC2', 196581.23562733352, 2363244.441041557)",기둥,PKG,B2F,400x800,3300,,1.056
"('PC2', 188381.23562733305, 2363244.4410415348)-B2F-PKG-0001","('PC2', 188381.23562733305, 2363244.4410415348)",기둥,PKG,B2F,400x800,3300,,1.056
"('PC2', 167381.23562713328, 2371444.441040897)-B2F-PKG-0001","('PC2', 167381.23562713328, 2371444.441040897)",기둥,PKG,B2F,400x800,3300,,1.056
"('PC2', 167581.2356271901, 2374984.441040906)-B2F-PKG-0001","('PC2', 167581.2356271901, 2374984.441040906)",기둥,PKG,B2F,800x400,3300,,1.056
"('C1', 172840.7985022231, 2396894.441040927)-B2F-PKG-0001","('C1', 172840.7985022231, 2396894.441040927)",기둥,PKG,B2F,400x800,3300,,1.056
"('PC2(S)', 207831.2420245665, 2305473.7676743483)-B2F-PKG-0001","('PC2(S)', 207831.2420245665, 2305473.7676743483)",기둥,PKG,B2F,400x800,3300,,1.056
"('PC2(T)', 199531.2420245593, 2305473.7676743967)-B2F-PKG-0001","('PC2(T)', 199531.2420245593, 2305473.7676743967)",기둥,PKG,B2F,400x800,3300,,1.056
"('PC2(T)', 193381.24202487874, 2305473.767674369)-B2F-PKG-0001","('PC2(T)', 193381.24202487874, 2305473.767674369)",기둥,PKG,B2F,400x800,3300,,1.056
"('PC2(T)', 187781.2420246394, 2305473.767674377)-B2F-PKG-0001","('PC2(T)', 187781.2420246394, 2305473.767674377)",기둥,PKG,B2F,400x800,3300,,1.056
"('PC2(T)', 182285.1143072478, 2305473.767674385)-B2F-PKG-0001","('PC2(T)', 182285.1143072478, 2305473.767674385)",기둥,PKG,B2F,400x800,3300,,1.056
"('PC2(T)', 174085.1143072478, 2305473.7676743967)-B2F-PKG-0001","('PC2(T)', 174085.1143072478, 2305473.7676743967)",기둥,PKG,B2F,400x800,3300,,1.056
"('PC2(S)', 168381.24202471087, 2305473.7676744023)-B2F-PKG-0001","('PC2(S)', 168381.24202471087, 2305473.7676744023)",기둥,PKG,B2F,400x800,3300,,1.056
"('PC2(S)', 207831.2420245665, 2313514.436117645)-B2F-PKG-0001","('PC2(S)', 207831.2420245665, 2313514.436117645)",기둥,PKG,B2F,400x800,3300,,1.056
"('PC2(S)', 199531.24202455906, 2313514.436117693)-B2F-PKG-0001","('PC2(S)', 199531.24202455906, 2313514.436117693)",기둥,PKG,B2F,400x800,3300,,1.056
"('PC2(S)', 192977.3697422631, 2313514.436117665)-B2F-PKG-0001","('PC2(S)', 192977.3697422631, 2313514.436117665)",기둥,PKG,B2F,400x800,3300,,1.056
"('PC2(S)', 187377.3697420233, 2313514.436117674)-B2F-PKG-0001","('PC2(S)', 187377.3697420233, 2313514.436117674)",기둥,PKG,B2F,400x800,3300,,1.056
"('PC2(S)', 182281.24202463916, 2313514.4361176817)-B2F-PKG-0001","('PC2(S)', 182281.24202463916, 2313514.4361176817)",기둥,PKG,B2F,400x800,3300,,1.056
"('PC2(S)', 174081.24202463916, 2313514.436117693)-B2F-PKG-0001","('PC2(S)', 174081.24202463916, 2313514.436117693)",기둥,PKG,B2F,400x800,3300,,1.056
"('PC2(S)', 168381.24202471087, 2313514.436117698)-B2F-PKG-0001","('PC2(S)', 168381.24202471087, 2313514.436117698)",기둥,PKG,B2F,400x800,3300,,1.056
"('PC2(S)', 174081.24202469783, 2316112.621371252)-B2F-PKG-0001","('PC2(S)', 174081.24202469783, 2316112.621371252)",기둥,PKG,B2F,400x800,3300,,1.056
"('PC2(S)', 159681.23562714458, 2312994.441041289)-B2F-PKG-0001","('PC2(S)', 159681.23562714458, 2312994.441041289)",기둥,PKG,B2F,400x800,3300,,1.056
"('PC2(T)', 159475.5908612319, 2321694.441040439)-B2F-PKG-0001","('PC2(T)', 159475.5908612319, 2321694.441040439)",기둥,PKG,B2F,400x800,3300,,1.056
"('PC2(S)', 159681.23562716972, 2330094.441041276)-B2F-PKG-0001","('PC2(S)', 159681.23562716972, 2330094.441041276)",기둥,PKG,B2F,400x800,3300,,1.056
"('PC2(S)', 168381.24202471087, 2330464.436118136)-B2F-PKG-0001","('PC2(S)', 168381.24202471087, 2330464.436118136)",기둥,PKG,B2F,400x800,3300,,1.056
"('EC1', 173840.80489964737, 2330366.6372313583)-B2F-PKG-0001","('EC1', 173840.80489964737, 2330366.6372313583)",기둥,PKG,B2F,400x800,3300,,1.056
"('EC1', 173840.8048996455, 2326216.637231829)-B2F-PKG-0001","('EC1', 173840.8048996455, 2326216.637231829)",기둥,PKG,B2F,400x800,3300,,1.056
"('PC2(S)', 180181.23562725587, 2338644.441041077)-B2F-PKG-0001","('PC2(S)', 180181.23562725587, 2338644.441041077)",기둥,PKG,B2F,400x800,3300,,1.056
"('PC2(S)', 188381.23562733317, 2338644.441041302)-B2F-PKG-0001","('PC2(S)', 188381.23562733317, 2338644.441041302)",기둥,PKG,B2F,400x800,3300,,1.056
"('PC2(S)', 196581.2356273341, 2338644.441041325)-B2F-PKG-0001","('PC2(S)', 196581.2356273341, 2338644.441041325)",기둥,PKG,B2F,400x800,3300,,1.056
"('PC2(S)', 202081.2356273341, 2338644.441041069)-B2F-PKG-0001","('PC2(S)', 202081.2356273341, 2338644.441041069)",기둥,PKG,B2F,400x800,3300,,1.056
"('PC2(S)', 180181.23562725727, 2346844.441041077)-B2F-PKG-0001","('PC2(S)', 180181.23562725727, 2346844.441041077)",기둥,PKG,B2F,400x800,3300,,1.056
"('PC2(S)', 202081.2356273341, 2346844.441041069)-B2F-PKG-0001","('PC2(S)', 202081.2356273341, 2346844.441041069)",기둥,PKG,B2F,400x800,3300,,1.056
"('PC2(S)', 210181.235627254, 2346844.441041104)-B2F-PKG-0001","('PC2(S)', 210181.235627254, 2346844.441041104)",기둥,PKG,B2F,800x400,3300,,1.056
"('PC2(S)', 210181.235627254, 2355044.4410411)-B2F-PKG-0001","('PC2(S)', 210181.235627254, 2355044.4410411)",기둥,PKG,B2F,800x400,3300,,1.056
"('PC2(S)', 180181.23562726378, 2355044.441041073)-B2F-PKG-0001","('PC2(S)', 180181.23562726378, 2355044.441041073)",기둥,PKG,B2F,400x800,3300,,1.056
"('PC2(T)', 180183.94710798585, 2363244.4410408502)-B2F-PKG-0001","('PC2(T)', 180183.94710798585, 2363244.4410408502)",기둥,PKG,B2F,400x800,3300,,1.056
"('PC2(S)', 202081.2356273341, 2363244.441041302)-B2F-PKG-0001","('PC2(S)', 202081.2356273341, 2363244.441041302)",기둥,PKG,B2F,400x800,3300,,1.056
"('PC2(S)', 210181.235627254, 2363244.4410413373)-B2F-PKG-0001","('PC2(S)', 210181.235627254, 2363244.4410413373)",기둥,PKG,B2F,400x800,3300,,1.056
"('PC2(S)', 180181.23562726332, 2371444.441041085)-B2F-PKG-0001","('PC2(S)', 180181.23562726332, 2371444.441041085)",기둥,PKG,B2F,400x800,3300,,1.056
"('PC2(S)', 201600.25736636994, 2371444.441041077)-B2F-PKG-0001","('PC2(S)', 201600.25736636994, 2371444.441041077)",기둥,PKG,B2F,400x800,3300,,1.056
"('PC2(S)', 196581.2356273341, 2371444.4410413327)-B2F-PKG-0001","('PC2(S)', 196581.2356273341, 2371444.4410413327)",기둥,PKG,B2F,400x800,3300,,1.056
"('PC2(S)', 188381.23562733317, 2371444.4410413103)-B2F-PKG-0001","('PC2(S)', 188381.23562733317, 2371444.4410413103)",기둥,PKG,B2F,400x800,3300,,1.056
"('PC2(T)', 171775.17502101115, 2363244.4410408577)-B2F-PKG-0001","('PC2(T)', 171775.17502101115, 2363244.4410408577)",기둥,PKG,B2F,800x400,3300,,1.056
"('PC2(T)', 167102.96884707338, 2363244.441040874)-B2F-PKG-0001","('PC2(T)', 167102.96884707338, 2363244.441040874)",기둥,PKG,B2F,800x400,3300,,1.056
"('PC2(T)', 159402.96884707152, 2363244.4410408763)-B2F-PKG-0001","('PC2(T)', 159402.96884707152, 2363244.4410408763)",기둥,PKG,B2F,800x400,3300,,1.056
"('PC2(S)', 171775.17502101138, 2371444.441040881)-B2F-PKG-0001","('PC2(S)', 171775.17502101138, 2371444.441040881)",기둥,PKG,B2F,400x800,3300,,1.056
"('PC2(S)', 171775.17502101138, 2374984.4410408903)-B2F-PKG-0001","('PC2(S)', 171775.17502101138, 2374984.4410408903)",기둥,PKG,B2F,800x400,3300,,1.056
"('PC2(T)', 159204.12964887056, 2371444.4410408987)-B2F-PKG-0001","('PC2(T)', 159204.12964887056, 2371444.4410408987)",기둥,PKG,B2F,800x400,3300,,1.056
"('PC2(T)', 159404.12964892737, 2374984.441040908)-B2F-PKG-0001","('PC2(T)', 159404.12964892737, 2374984.441040908)",기둥,PKG,B2F,800x400,3300,,1.056
"('PC2(T)', 167375.175020986, 2383384.4410409033)-B2F-PKG-0001","('PC2(T)', 167375.175020986, 2383384.4410409033)",기둥,PKG,B2F,800x400,3300,,1.056
"('PC2(S)', 171775.17502101138, 2383384.441040887)-B2F-PKG-0001","('PC2(S)', 171775.17502101138, 2383384.441040887)",기둥,PKG,B2F,800x400,3300,,1.056
"('PC2(T)', 159675.17502108985, 2383384.441040905)-B2F-PKG-0001","('PC2(T)', 159675.17502108985, 2383384.441040905)",기둥,PKG,B2F,800x400,3300,,1.056
"('PC2(T)', 167375.18141856766, 2388782.239927187)-B2F-PKG-0001","('PC2(T)', 167375.18141856766, 2388782.239927187)",기둥,PKG,B2F,400x800,3300,,1.056
"('PC2(S)', 159671.30913604377, 2388782.239927189)-B2F-PKG-0001","('PC2(S)', 159671.30913604377, 2388782.239927189)",기둥,PKG,B2F,800x400,3300,,1.056
"('PC2(T)', 167375.1750209129, 2396984.441040937)-B2F-PKG-0001","('PC2(T)', 167375.1750209129, 2396984.441040937)",기둥,PKG,B2F,400x800,3300,,1.056
"('PC2(S)', 159671.302738389, 2396984.441040938)-B2F-PKG-0001","('PC2(S)', 159671.302738389, 2396984.441040938)",기둥,PKG,B2F,800x400,3300,,1.056
"('EC1', 182040.80489967065, 2330366.6372313583)-B2F-PKG-0002","('EC1', 182040.80489967065, 2330366.6372313583)",기둥,PKG,B2F,600x1500,3300,,2.97
"('PC2(S)', 187377.3697420233, 2313514.436117674)-B2F-PKG-0002","('PC2(S)', 187377.3697420233, 2313514.436117674)",기둥,PKG,B2F,600x1200,3300,,2.376
C-B2F-PKG-0006,C,기둥,PKG,B2F,600x2650,3300,,5.247
C-B2F-PKG-0007,C,기둥,PKG,B2F,600x1300,3300,,2.574
C-B2F-PKG-0008,C,기둥,PKG,B2F,800x1500,3300,,3.96
C-B2F-PKG-0009,C,기둥,PKG,B2F,700x1500,3300,,3.465
C-B2F-PKG-0010,C,기둥,PKG,B2F,1472x1334,3300,,6.4863
"('EC1', 213890.80489963852, 2305314.43611771)-B2F-PKG-0002","('EC1', 213890.80489963852, 2305314.43611771)",기둥,PKG,B2F,1709x1519,3300,,8.5692
C-B2F-PKG-0011,C,기둥,PKG,B2F,600x1500,3300,,2.97
C-B2F-PKG-0012,C,기둥,PKG,B2F,600x2850,3300,,5.643
C-B2F-PKG-0013,C,기둥,PKG,B2F,600x1200,3300,,2.376
C-B2F-PKG-0014,C,기둥,PKG,B2F,600x1600,3300,,3.168
C-B2F-PKG-0015,C,기둥,PKG,B2F,600x1800,3300,,3.564
C-B2F-PKG-0016,C,기둥,PKG,B2F,1472x1334,3300,,6.4863
C-B2F-PKG-0017,C,기둥,PKG,B2F,2006x1782,3300,,11.8085
C-B2F-PKG-0018,C,기둥,PKG,B2F,1425x1169,3300,,5.5033
C-B2F-PKG-0019,C,기둥,PKG,B2F,600x1200,3300,,2.376
"('EC1', 188140.80489996867, 2330366.637231357)-B2F-PKG-0002","('EC1', 188140.80489996867, 2330366.637231357)",기둥,PKG,B2F,600x1500,3300,,2.97
C-B2F-PKG-0020,C,기둥,PKG,B2F,600x1500,3300,,2.97
C-B2F-PKG-0021,C,기둥,PKG,B2F,600x1200,3300,,2.376
C-B2F-PKG-0022,C,기둥,PKG,B2F,1339x1119,3300,,4.9479
C-B2F-PKG-0023,C,기둥,PKG,B2F,600x1000,3300,,1.98
C-B2F-PKG-0024,C,기둥,PKG,B2F,600x900,3300,,1.782
C-B2F-PKG-0025,C,기둥,PKG,B2F,600x900,3300,,1.782
C-B2F-PKG-0026,C,기둥,PKG,B2F,600x1200,3300,,2.376
C-B2F-PKG-0027,C,기둥,PKG,B2F,600x1800,3300,,3.564
C-B2F-PKG-0028,C,기둥,PKG,B2F,600x2200,3300,,4.356
C-B2F-PKG-0029,C,기둥,PKG,B2F,1500x1000,3300,,4.95
C-B2F-PKG-0030,C,기둥,PKG,B2F,1500x1000,3300,,4.95
C-B2F-PKG-0031,C,기둥,PKG,B2F,600x1400,3300,,2.772
C-B2F-PKG-0032,C,기둥,PKG,B2F,1500x1000,3300,,4.95
C-B2F-PKG-0033,C,기둥,PKG,B2F,1500x1000,3300,,4.95
C-B2F-PKG-0034,C,기둥,PKG,B2F,1100x900,3300,,3.267
C-B2F-PKG-0035,C,기둥,PKG,B2F,1300x1300,3300,,5.577
C-B2F-PKG-0036,C,기둥,PKG,B2F,1300x1300,3300,,5.577
C-B2F-PKG-0037,C,기둥,PKG,B2F,600x1800,3300,,3.564
"('EC2', 159940.80489975028, 2305314.436117707)-B2F-PKG-0001","('EC2', 159940.80489975028, 2305314.436117707)",기둥,PKG,B2F,400x800,3300,,1.056
C-B2F-PKG-0038,C,기둥,PKG,B2F,1017x948,3300,,3.182
SL-B2F-PKG-0001,SL,슬라브,PKG,B2F,,,71.11,10.6658
SL-B2F-PKG-0002,SL,슬라브,PKG,B2F,,,68.07,10.2104
SL-B2F-PKG-0003,SL,슬라브,PKG,B2F,,,26.63,3.9946
SL-B2F-PKG-0004,SL,슬라브,PKG,B2F,,,70.19,10.5289
SL-B2F-PKG-0005,SL,슬라브,PKG,B2F,,,37.96,5.6943
SL-B2F-PKG-0006,SL,슬라브,PKG,B2F,,,27.3,4.0953
SL-B2F-PKG-0007,SL,슬라브,PKG,B2F,,,20.07,3.0111
SL-B2F-PKG-0008,SL,슬라브,PKG,B2F,,,32.71,4.9068
SL-B2F-PKG-0009,SL,슬라브,PKG,B2F,,,13.93,2.0896
SL-B2F-PKG-0010,SL,슬라브,PKG,B2F,,,23.33,3.4995
C-B1F-PKG-0001,C,기둥,PKG,B1F,500x500,4250,,1.0625
C-B1F-PKG-0002,C,기둥,PKG,B1F,500x500,4250,,1.0625
C-B1F-PKG-0003,C,기둥,PKG,B1F,500x500,4250,,1.0625
C-B1F-PKG-0004,C,기둥,PKG,B1F,500x500,4250,,1.0625
C-B1F-PKG-0005,C,기둥,PKG,B1F,500x500,4250,,1.0625
"('EC2', 213146.67978605814, 2354791.824795585)-B1F-PKG-0001","('EC2', 213146.67978605814, 2354791.824795585)",기둥,PKG,B1F,400x800,4250,,1.36
"('EC2', 151440.79850220634, 2312679.7182151787)-B1F-PKG-0001","('EC2', 151440.79850220634, 2312679.7182151787)",기둥,PKG,B1F,400x800,4250,,1.36
"('EC2', 213890.80489959102, 2300514.436117657)-B1F-PKG-0001","('EC2', 213890.80489959102, 2300514.436117657)",기둥,PKG,B1F,400x800,4250,,1.36
"('EC1', 151240.79850222822, 2396884.4410409667)-B1F-PKG-0001","('EC1', 151240.79850222822, 2396884.4410409667)",기둥,PKG,B1F,400x800,4250,,1.36
"('EC1', 181040.79850222403, 2396894.4410408987)-B1F-PKG-0001","('EC1', 181040.79850222403, 2396894.4410408987)",기둥,PKG,B1F,400x800,4250,,1.36
"('EC1', 181040.79850222776, 2388684.4410408633)-B1F-PKG-0001","('EC1', 181040.79850222776, 2388684.4410408633)",기둥,PKG,B1F,400x800,4250,,1.36
"('EC1', 172840.79850222683, 2388684.441040891)-B1F-PKG-0001","('EC1', 172840.79850222683, 2388684.441040891)",기둥,PKG,B1F,400x800,4250,,1.36
"('EC1', 188140.80489996867, 2330366.637231357)-B1F-PKG-0001","('EC1', 188140.80489996867, 2330366.637231357)",기둥,PKG,B1F,400x800,4250,,1.36
"('EC1', 182040.80489967065, 2330366.6372313583)-B1F-PKG-0001","('EC1', 182040.80489967065, 2330366.6372313583)",기둥,PKG,B1F,400x800,4250,,1.36
"('EC1', 213890.80489963852, 2305314.43611771)-B1F-PKG-0001","('EC1', 213890.80489963852, 2305314.43611771)",기둥,PKG,B1F,400x800,4250,,1.36
"('C1', 197440.79850222403, 2396894.4410408977)-B1F-PKG-0001","('C1', 197440.79850222403, 2396894.4410408977)",기둥,PKG,B1F,400x800,4250,,1.36
"('C2', 207590.80489959195, 2300514.4361171937)-B1F-PKG-0001","('C2', 207590.80489959195, 2300514.4361171937)",기둥,PKG,B1F,400x800,4250,,1.36
"('C2', 199290.8048995845, 2300514.436117657)-B1F-PKG-0001","('C2', 199290.8048995845, 2300514.436117657)",기둥,PKG,B1F,400x800,4250,,1.36
"('C2', 193140.804899903, 2300514.436117395)-B1F-PKG-0001","('C2', 193140.804899903, 2300514.436117395)",기둥,PKG,B1F,400x800,4250,,1.36
"('C2', 187540.80489966366, 2300514.436117454)-B1F-PKG-0001","('C2', 187540.80489966366, 2300514.436117454)",기둥,PKG,B1F,400x800,4250,,1.36
"('C2', 182040.80489966366, 2300514.436117512)-B1F-PKG-0001","('C2', 182040.80489966366, 2300514.436117512)",기둥,PKG,B1F,400x800,4250,,1.36
"('C2', 173840.80489966366, 2300514.436117597)-B1F-PKG-0001","('C2', 173840.80489966366, 2300514.436117597)",기둥,PKG,B1F,400x800,4250,,1.36
"('C2', 151240.7985022338, 2354944.441040854)-B1F-PKG-0001","('C2', 151240.7985022338, 2354944.441040854)",기둥,PKG,B1F,400x800,4250,,1.36
"('C2', 151240.7985021514, 2363144.441040855)-B1F-PKG-0001","('C2', 151240.7985021514, 2363144.441040855)",기둥,PKG,B1F,400x800,4250,,1.36
"('C2', 151240.79850223009, 2371344.4410408568)-B1F-PKG-0001","('C2', 151240.79850223009, 2371344.4410408568)",기둥,PKG,B1F,400x800,4250,,1.36
"('C2A', 151240.79850223009, 2374884.4410408568)-B1F-PKG-0001","('C2A', 151240.79850223009, 2374884.4410408568)",기둥,PKG,B1F,400x800,4250,,1.36
"('C2A', 151240.79850223009, 2383284.4410408577)-B1F-PKG-0001","('C2A', 151240.79850223009, 2383284.4410408577)",기둥,PKG,B1F,400x800,4250,,1.36
"('C3', 151240.79850221798, 2321594.441040859)-B1F-PKG-0001","('C3', 151240.79850221798, 2321594.441040859)",기둥,PKG,B1F,400x800,4250,,1.36
"('AC1', 178496.99803680228, 2317575.809182824)-B1F-PKG-0001","('AC1', 178496.99803680228, 2317575.809182824)",기둥,PKG,B1F,500x700,4250,,1.4875
"('AC1', 180280.98185069812, 2325891.5562742343)-B1F-PKG-0001","('AC1', 180280.98185069812, 2325891.5562742343)",기둥,PKG,B1F,500x700,4250,,1.4875
"('AC2', 208686.6924800265, 2331244.022335531)-B1F-PKG-0001","('AC2', 208686.6924800265, 2331244.022335531)",기둥,PKG,B1F,771x888,4250,,2.913
"('EC1', 196340.79850226454, 2330546.638872613)-B1F-PKG-0001","('EC1', 196340.79850226454, 2330546.638872613)",기둥,PKG,B1F,400x800,4250,,1.36
"('EC1', 200440.80489988392, 2330366.637231352)-B1F-PKG-0001","('EC1', 200440.80489988392, 2330366.637231352)",기둥,PKG,B1F,400x800,4250,,1.36
"('EC1', 208518.20124788675, 2338346.207345199)-B1F-PKG-0001","('EC1', 208518.20124788675, 2338346.207345199)",기둥,PKG,B1F,800x400,4250,,1.36
"('EC1', 189240.79850222776, 2388684.441040865)-B1F-PKG-0001","('EC1', 189240.79850222776, 2388684.441040865)",기둥,PKG,B1F,400x800,4250,,1.36
"('EC1', 194040.79850222683, 2388684.441040865)-B1F-PKG-0001","('EC1', 194040.79850222683, 2388684.441040865)",기둥,PKG,B1F,400x800,4250,,1.36
"('EC1', 202240.8048998746, 2388684.441040786)-B1F-PKG-0001","('EC1', 202240.8048998746, 2388684.441040786)",기둥,PKG,B1F,400x800,4250,,1.36
"('EC1', 203922.03104565572, 2396787.9687206037)-B1F-PKG-0001","('EC1', 203922.03104565572, 2396787.9687206037)",기둥,PKG,B1F,400x800,4250,,1.36
"('EC1', 189240.79850222403, 2396894.441040901)-B1F-PKG-0001","('EC1', 189240.79850222403, 2396894.441040901)",기둥,PKG,B1F,400x800,4250,,1.36
"('EC2', 151240.79850223009, 2350834.441040862)-B1F-PKG-0001","('EC2', 151240.79850223009, 2350834.441040862)",기둥,PKG,B1F,400x800,4250,,1.36
"('EC2', 151240.79850222822, 2387694.4377589663)-B1F-PKG-0001","('EC2', 151240.79850222822, 2387694.4377589663)",기둥,PKG,B1F,400x800,4250,,1.36
"('EC2A', 151240.79850221798, 2329994.441040855)-B1F-PKG-0001","('EC2A', 151240.79850221798, 2329994.441040855)",기둥,PKG,B1F,400x800,4250,,1.36
"('EC2', 168140.80489973165, 2300514.436117657)-B1F-PKG-0001","('EC2', 168140.80489973165, 2300514.436117657)",기둥,PKG,B1F,400x800,4250,,1.36
"('PC2(T)', 168175.5972587642, 2317714.436117257)-B1F-PKG-0001","('PC2(T)', 168175.5972587642, 2317714.436117257)",기둥,PKG,B1F,400x800,4250,,1.36
"('PC2(T)', 168175.5972587684, 2326314.436117257)-B1F-PKG-0001","('PC2(T)', 168175.5972587684, 2326314.436117257)",기둥,PKG,B1F,400x800,4250,,1.36
"('PC2', 196581.2356272958, 2346844.441041325)-B1F-PKG-0001","('PC2', 196581.2356272958, 2346844.441041325)",기둥,PKG,B1F,400x800,4250,,1.36
"('PC2', 188381.23562729533, 2346844.441041302)-B1F-PKG-0001","('PC2', 188381.23562729533, 2346844.441041302)",기둥,PKG,B1F,400x800,4250,,1.36
"('PC2', 196581.23562730232, 2355044.441041321)-B1F-PKG-0001","('PC2', 196581.23562730232, 2355044.441041321)",기둥,PKG,B1F,400x800,4250,,1.36
"('PC2', 188381.2356273014, 2355044.441041298)-B1F-PKG-0001","('PC2', 188381.2356273014, 2355044.441041298)",기둥,PKG,B1F,400x800,4250,,1.36
"('PC2', 202081.23562723992, 2355044.441041065)-B1F-PKG-0001","('PC2', 202081.23562723992, 2355044.441041065)",기둥,PKG,B1F,400x800,4250,,1.36
"('PC2', 196581.23562733352, 2363244.441041557)-B1F-PKG-0001","('PC2', 196581.23562733352, 2363244.441041557)",기둥,PKG,B1F,400x800,4250,,1.36
"('PC2', 188381.23562733305, 2363244.4410415348)-B1F-PKG-0001","('PC2', 188381.23562733305, 2363244.4410415348)",기둥,PKG,B1F,400x800,4250,,1.36
"('PC2', 167381.23562713328, 2371444.441040897)-B1F-PKG-0001","('PC2', 167381.23562713328, 2371444.441040897)",기둥,PKG,B1F,400x800,4250,,1.36
"('PC2', 167581.2356271901, 2374984.441040906)-B1F-PKG-0001","('PC2', 167581.2356271901, 2374984.441040906)",기둥,PKG,B1F,800x400,4250,,1.36
"('C1', 172840.7985022231, 2396894.441040927)-B1F-PKG-0001","('C1', 172840.7985022231, 2396894.441040927)",기둥,PKG,B1F,400x800,4250,,1.36
"('PC2(S)', 207831.2420245665, 2305473.7676743483)-B1F-PKG-0001","('PC2(S)', 207831.2420245665, 2305473.7676743483)",기둥,PKG,B1F,400x800,4250,,1.36
"('PC2(T)', 199531.2420245593, 2305473.7676743967)-B1F-PKG-0001","('PC2(T)', 199531.2420245593, 2305473.7676743967)",기둥,PKG,B1F,400x800,4250,,1.36
"('PC2(T)', 193381.24202487874, 2305473.767674369)-B1F-PKG-0001","('PC2(T)', 193381.24202487874, 2305473.767674369)",기둥,PKG,B1F,400x800,4250,,1.36
"('PC2(T)', 187781.2420246394, 2305473.767674377)-B1F-PKG-0001","('PC2(T)', 187781.2420246394, 2305473.767674377)",기둥,PKG,B1F,400x800,4250,,1.36
"('PC2(T)', 182285.1143072478, 2305473.767674385)-B1F-PKG-0001","('PC2(T)', 182285.1143072478, 2305473.767674385)",기둥,PKG,B1F,400x800,4250,,1.36
"('PC2(T)', 174085.1143072478, 2305473.7676743967)-B1F-PKG-0001","('PC2(T)', 174085.1143072478, 2305473.7676743967)",기둥,PKG,B1F,400x800,4250,,1.36
"('PC2(S)', 168381.24202471087, 2305473.7676744023)-B1F-PKG-0001","('PC2(S)', 168381.24202471087, 2305473.7676744023)",기둥,PKG,B1F,400x800,4250,,1.36
"('PC2(S)', 207831.2420245665, 2313514.436117645)-B1F-PKG-0001","('PC2(S)', 207831.2420245665, 2313514.436117645)",기둥,PKG,B1F,400x800,4250,,1.36
"('PC2(S)', 199531.24202455906, 2313514.436117693)-B1F-PKG-0001","('PC2(S)', 199531.24202455906, 2313514.436117693)",기둥,PKG,B1F,400x800,4250,,1.36
"('PC2(S)', 192977.3697422631, 2313514.436117665)-B1F-PKG-0001","('PC2(S)', 192977.3697422631, 2313514.436117665)",기둥,PKG,B1F,400x800,4250,,1.36
"('PC2(S)', 187377.3697420233, 2313514.436117674)-B1F-PKG-0001","('PC2(S)', 187377.3697420233, 2313514.436117674)",기둥,PKG,B1F,400x800,4250,,1.36
"('PC2(S)', 182281.24202463916, 2313514.4361176817)-B1F-PKG-0001","('PC2(S)', 182281.24202463916, 2313514.4361176817)",기둥,PKG,B1F,400x800,4250,,1.36
"('PC2(S)', 174081.24202463916, 2313514.436117693)-B1F-PKG-0001","('PC2(S)', 174081.24202463916, 2313514.436117693)",기둥,PKG,B1F,400x800,4250,,1.36
"('PC2(S)', 168381.24202471087, 2313514.436117698)-B1F-PKG-0001","('PC2(S)', 168381.24202471087, 2313514.436117698)",기둥,PKG,B1F,400x800,4250,,1.36
"('PC2(S)', 174081.24202469783, 2316112.621371252)-B1F-PKG-0001","('PC2(S)', 174081.24202469783, 2316112.621371252)",기둥,PKG,B1F,400x800,4250,,1.36
"('PC2(S)', 159681.23562714458, 2312994.441041289)-B1F-PKG-0001","('PC2(S)', 159681.23562714458, 2312994.441041289)",기둥,PKG,B1F,400x800,4250,,1.36
"('PC2(T)', 159475.5908612319, 2321694.441040439)-B1F-PKG-0001","('PC2(T)', 159475.5908612319, 2321694.441040439)",기둥,PKG,B1F,400x800,4250,,1.36
"('PC2(S)', 159681.23562716972, 2330094.441041276)-B1F-PKG-0001","('PC2(S)', 159681.23562716972, 2330094.441041276)",기둥,PKG,B1F,400x800,4250,,1.36
"('PC2(S)', 168381.24202471087, 2330464.436118136)-B1F-PKG-0001","('PC2(S)', 168381.24202471087, 2330464.436118136)",기둥,PKG,B1F,400x800,4250,,1.36
"('EC1', 173840.80489964737, 2330366.6372313583)-B1F-PKG-0001","('EC1', 173840.80489964737, 2330366.6372313583)",기둥,PKG,B1F,400x800,4250,,1.36
"('EC1', 173840.8048996455, 2326216.637231829)-B1F-PKG-0001","('EC1', 173840.8048996455, 2326216.637231829)",기둥,PKG,B1F,400x800,4250,,1.36
"('PC2(S)', 180181.23562725587, 2338644.441041077)-B1F-PKG-0001","('PC2(S)', 180181.23562725587, 2338644.441041077)",기둥,PKG,B1F,400x800,4250,,1.36
"('PC2(S)', 188381.23562733317, 2338644.441041302)-B1F-PKG-0001","('PC2(S)', 188381.23562733317, 2338644.441041302)",기둥,PKG,B1F,400x800,4250,,1.36
"('PC2(S)', 196581.2356273341, 2338644.441041325)-B1F-PKG-0001","('PC2(S)', 196581.2356273341, 2338644.441041325)",기둥,PKG,B1F,400x800,4250,,1.36
"('PC2(S)', 202081.2356273341, 2338644.441041069)-B1F-PKG-0001","('PC2(S)', 202081.2356273341, 2338644.441041069)",기둥,PKG,B1F,400x800,4250,,1.36
"('PC2(S)', 180181.23562725727, 2346844.441041077)-B1F-PKG-0001","('PC2(S)', 180181.23562725727, 2346844.441041077)",기둥,PKG,B1F,400x800,4250,,1.36
"('PC2(S)', 202081.2356273341, 2346844.441041069)-B1F-PKG-0001","('PC2(S)', 202081.2356273341, 2346844.441041069)",기둥,PKG,B1F,400x800,4250,,1.36
"('PC2(S)', 210181.235627254, 2346844.441041104)-B1F-PKG-0001","('PC2(S)', 210181.235627254, 2346844.441041104)",기둥,PKG,B1F,800x400,4250,,1.36
"('PC2(S)', 210181.235627254, 2355044.4410411)-B1F-PKG-0001","('PC2(S)', 210181.235627254, 2355044.4410411)",기둥,PKG,B1F,800x400,4250,,1.36
"('PC2(S)', 180181.23562726378, 2355044.441041073)-B1F-PKG-0001","('PC2(S)', 180181.23562726378, 2355044.441041073)",기둥,PKG,B1F,400x800,4250,,1.36
"('PC2(T)', 180183.94710798585, 2363244.4410408502)-B1F-PKG-0001","('PC2(T)', 180183.94710798585, 2363244.4410408502)",기둥,PKG,B1F,400x800,4250,,1.36
"('PC2(S)', 202081.2356273341, 2363244.441041302)-B1F-PKG-0001","('PC2(S)', 202081.2356273341, 2363244.441041302)",기둥,PKG,B1F,400x800,4250,,1.36
"('PC2(S)', 210181.235627254, 2363244.4410413373)-B1F-PKG-0001","('PC2(S)', 210181.235627254, 2363244.4410413373)",기둥,PKG,B1F,400x800,4250,,1.36
"('PC2(S)', 180181.23562726332, 2371444.441041085)-B1F-PKG-0001","('PC2(S)', 180181.23562726332, 2371444.441041085)",기둥,PKG,B1F,400x800,4250,,1.36
"('PC2(S)', 201600.25736636994, 2371444.441041077)-B1F-PKG-0001","('PC2(S)', 201600.25736636994, 2371444.441041077)",기둥,PKG,B1F,400x800,4250,,1.36
"('PC2(S)', 196581.2356273341, 2371444.4410413327)-B1F-PKG-0001","('PC2(S)', 196581.2356273341, 2371444.4410413327)",기둥,PKG,B1F,400x800,4250,,1.36
"('PC2(S)', 188381.23562733317, 2371444.4410413103)-B1F-PKG-0001","('PC2(S)', 188381.23562733317, 2371444.4410413103)",기둥,PKG,B1F,400x800,4250,,1.36
"('PC2(T)', 171775.17502101115, 2363244.4410408577)-B1F-PKG-0001","('PC2(T)', 171775.17502101115, 2363244.4410408577)",기둥,PKG,B1F,800x400,4250,,1.36
"('PC2(T)', 167102.96884707338, 2363244.441040874)-B1F-PKG-0001","('PC2(T)', 167102.96884707338, 2363244.441040874)",기둥,PKG,B1F,800x400,4250,,1.36
"('PC2(T)', 159402.96884707152, 2363244.4410408763)-B1F-PKG-0001","('PC2(T)', 159402.96884707152, 2363244.4410408763)",기둥,PKG,B1F,800x400,4250,,1.36
"('PC2(S)', 171775.17502101138, 2371444.441040881)-B1F-PKG-0001","('PC2(S)', 171775.17502101138, 2371444.441040881)",기둥,PKG,B1F,400x800,4250,,1.36
"('PC2(S)', 171775.17502101138, 2374984.4410408903)-B1F-PKG-0001","('PC2(S)', 171775.17502101138, 2374984.4410408903)",기둥,PKG,B1F,800x400,4250,,1.36
"('PC2(T)', 159204.12964887056, 2371444.4410408987)-B1F-PKG-0001","('PC2(T)', 159204.12964887056, 2371444.4410408987)",기둥,PKG,B1F,800x400,4250,,1.36
"('PC2(T)', 159404.12964892737, 2374984.441040908)-B1F-PKG-0001","('PC2(T)', 159404.12964892737, 2374984.441040908)",기둥,PKG,B1F,800x400,4250,,1.36
"('PC2(T)', 167375.175020986, 2383384.4410409033)-B1F-PKG-0001","('PC2(T)', 167375.175020986, 2383384.4410409033)",기둥,PKG,B1F,800x400,4250,,1.36
"('PC2(S)', 171775.17502101138, 2383384.441040887)-B1F-PKG-0001","('PC2(S)', 171775.17502101138, 2383384.441040887)",기둥,PKG,B1F,800x400,4250,,1.36
"('PC2(T)', 159675.17502108985, 2383384.441040905)-B1F-PKG-0001","('PC2(T)', 159675.17502108985, 2383384.441040905)",기둥,PKG,B1F,800x400,4250,,1.36
"('PC2(T)', 167375.18141856766, 2388782.239927187)-B1F-PKG-0001","('PC2(T)', 167375.18141856766, 2388782.239927187)",기둥,PKG,B1F,400x800,4250,,1.36
"('PC2(S)', 159671.30913604377, 2388782.239927189)-B1F-PKG-0001","('PC2(S)', 159671.30913604377, 2388782.239927189)",기둥,PKG,B1F,800x400,4250,,1.36
"('PC2(T)', 167375.1750209129, 2396984.441040937)-B1F-PKG-0001","('PC2(T)', 167375.1750209129, 2396984.441040937)",기둥,PKG,B1F,400x800,4250,,1.36
"('PC2(S)', 159671.302738389, 2396984.441040938)-B1F-PKG-0001","('PC2(S)', 159671.302738389, 2396984.441040938)",기둥,PKG,B1F,800x400,4250,,1.36
"('EC1', 182040.80489967065, 2330366.6372313583)-B1F-PKG-0002","('EC1', 182040.80489967065, 2330366.6372313583)",기둥,PKG,B1F,600x1500,4250,,3.825
"('PC2(S)', 187377.3697420233, 2313514.436117674)-B1F-PKG-0002","('PC2(S)', 187377.3697420233, 2313514.436117674)",기둥,PKG,B1F,600x1200,4250,,3.06
C-B1F-PKG-0006,C,기둥,PKG,B1F,600x2650,4250,,6.7575
C-B1F-PKG-0007,C,기둥,PKG,B1F,600x1300,4250,,3.315
C-B1F-PKG-0008,C,기둥,PKG,B1F,800x1500,4250,,5.1
C-B1F-PKG-0009,C,기둥,PKG,B1F,700x1500,4250,,4.4625
C-B1F-PKG-0010,C,기둥,PKG,B1F,1472x1334,4250,,8.3536
"('EC1', 213890.80489963852, 2305314.43611771)-B1F-PKG-0002","('EC1', 213890.80489963852, 2305314.43611771)",기둥,PKG,B1F,1709x1519,4250,,11.0361
C-B1F-PKG-0011,C,기둥,PKG,B1F,600x1500,4250,,3.825
C-B1F-PKG-0012,C,기둥,PKG,B1F,600x2850,4250,,7.2675
C-B1F-PKG-0013,C,기둥,PKG,B1F,600x1200,4250,,3.06
C-B1F-PKG-0014,C,기둥,PKG,B1F,600x1600,4250,,4.08
C-B1F-PKG-0015,C,기둥,PKG,B1F,600x1800,4250,,4.59
C-B1F-PKG-0016,C,기둥,PKG,B1F,1472x1334,4250,,8.3536
C-B1F-PKG-0017,C,기둥,PKG,B1F,2006x1782,4250,,15.2079
C-B1F-PKG-0018,C,기둥,PKG,B1F,1425x1169,4250,,7.0876
C-B1F-PKG-0019,C,기둥,PKG,B1F,600x1200,4250,,3.06
"('EC1', 188140.80489996867, 2330366.637231357)-B1F-PKG-0002","('EC1', 188140.80489996867, 2330366.637231357)",기둥,PKG,B1F,600x1500,4250,,3.825
C-B1F-PKG-0020,C,기둥,PKG,B1F,600x1500,4250,,3.825
C-B1F-PKG-0021,C,기둥,PKG,B1F,600x1200,4250,,3.06
C-B1F-PKG-0022,C,기둥,PKG,B1F,1339x1119,4250,,6.3724
C-B1F-PKG-0023,C,기둥,PKG,B1F,600x1000,4250,,2.55
C-B1F-PKG-0024,C,기둥,PKG,B1F,600x900,4250,,2.295
C-B1F-PKG-0025,C,기둥,PKG,B1F,600x900,4250,,2.295
C-B1F-PKG-0026,C,기둥,PKG,B1F,600x1200,4250,,3.06
C-B1F-PKG-0027,C,기둥,PKG,B1F,600x1800,4250,,4.59
C-B1F-PKG-0028,C,기둥,PKG,B1F,600x2200,4250,,5.61
C-B1F-PKG-0029,C,기둥,PKG,B1F,1500x1000,4250,,6.375
C-B1F-PKG-0030,C,기둥,PKG,B1F,1500x1000,4250,,6.375
C-B1F-PKG-0031,C,기둥,PKG,B1F,600x1400,4250,,3.57
C-B1F-PKG-0032,C,기둥,PKG,B1F,1500x1000,4250,,6.375
C-B1F-PKG-0033,C,기둥,PKG,B1F,1500x1000,4250,,6.375
C-B1F-PKG-0034,C,기둥,PKG,B1F,1100x900,4250,,4.2075
C-B1F-PKG-0035,C,기둥,PKG,B1F,1300x1300,4250,,7.1825
C-B1F-PKG-0036,C,기둥,PKG,B1F,1300x1300,4250,,7.1825
C-B1F-PKG-0037,C,기둥,PKG,B1F,600x1800,4250,,4.59
"('EC2', 159940.80489975028, 2305314.436117707)-B1F-PKG-0001","('EC2', 159940.80489975028, 2305314.436117707)",기둥,PKG,B1F,400x800,4250,,1.36
C-B1F-PKG-0038,C,기둥,PKG,B1F,1017x948,4250,,4.0981
SL-B1F-PKG-0001,SL,슬라브,PKG,B1F,,,71.11,10.6658
SL-B1F-PKG-0002,SL,슬라브,PKG,B1F,,,68.07,10.2104
SL-B1F-PKG-0003,SL,슬라브,PKG,B1F,,,26.63,3.9946
SL-B1F-PKG-0004,SL,슬라브,PKG,B1F,,,70.19,10.5289
SL-B1F-PKG-0005,SL,슬라브,PKG,B1F,,,37.96,5.6943
SL-B1F-PKG-0006,SL,슬라브,PKG,B1F,,,27.3,4.0953
SL-B1F-PKG-0007,SL,슬라브,PKG,B1F,,,20.07,3.0111
SL-B1F-PKG-0008,SL,슬라브,PKG,B1F,,,32.71,4.9068
SL-B1F-PKG-0009,SL,슬라브,PKG,B1F,,,13.93,2.0896
SL-B1F-PKG-0010,SL,슬라브,PKG,B1F,,,23.33,3.4995
SW-B2F-PKG-0001,SW,전단벽,PKG,B2F,,3300,,4.851
SW-B2F-PKG-0004,SW,전단벽,PKG,B2F,,3300,,4.554
SW-B2F-PKG-0009,SW,전단벽,PKG,B2F,,3300,,1.4108
SW-B2F-PKG-0011,SW,전단벽,PKG,B2F,,3300,,1.7325
SW-B2F-PKG-0012,SW,전단벽,PKG,B2F,,3300,,2.607
SW-B2F-PKG-0014,SW,전단벽,PKG,B2F,,3300,,4.0012
SW-B2F-PKG-0016,SW,전단벽,PKG,B2F,,3300,,1.518
SW-B2F-PKG-0018,SW,전단벽,PKG,B2F,,3300,,1.4149
SW-B2F-PKG-0020,SW,전단벽,PKG,B2F,,3300,,1.32
SW-B2F-PKG-0021,SW,전단벽,PKG,B2F,,3300,,2.046
SW-B2F-PKG-0022,SW,전단벽,PKG,B2F,,3300,,1.7325
SW-B2F-PKG-0024,SW,전단벽,PKG,B2F,,3300,,1.2705
SW-B2F-PKG-0025,SW,전단벽,PKG,B2F,,3300,,1.9173
SW-B2F-PKG-0027,SW,전단벽,PKG,B2F,,3300,,1.4702
SW-B2F-PKG-0028,SW,전단벽,PKG,B2F,,3300,,2.0625
SW-B2F-PKG-0029,SW,전단벽,PKG,B2F,,3300,,2.211
SW-B2F-PKG-0031,SW,전단벽,PKG,B2F,,3300,,1.584
SW-B2F-PKG-0040,SW,전단벽,PKG,B2F,,3300,,1.4107
SW-B2F-PKG-0044,SW,전단벽,PKG,B2F,,3300,,2.7967
SW-B2F-PKG-0045,SW,전단벽,PKG,B2F,,3300,,1.3241
SW-B2F-PKG-0046,SW,전단벽,PKG,B2F,,3300,,1.4685
SW-B2F-PKG-0047,SW,전단벽,PKG,B2F,,3300,,2.244
SW-B2F-PKG-0049,SW,전단벽,PKG,B2F,,3300,,6.4255
SW-B2F-PKG-0053,SW,전단벽,PKG,B2F,,3300,,2.046
SW-B2F-PKG-0054,SW,전단벽,PKG,B2F,,3300,,1.7325
SW-B2F-PKG-0057,SW,전단벽,PKG,B2F,,3300,,1.4149
SW-B2F-PKG-0059,SW,전단벽,PKG,B2F,,3300,,1.32
SW-B2F-PKG-0061,SW,전단벽,PKG,B2F,,3300,,4.9912
SW-B2F-PKG-0062,SW,전단벽,PKG,B2F,,3300,,1.4768
SW-B2F-PKG-0064,SW,전단벽,PKG,B2F,,3300,,1.7325
SW-B2F-PKG-0065,SW,전단벽,PKG,B2F,,3300,,2.607
SW-B2F-PKG-0066,SW,전단벽,PKG,B2F,,3300,,1.4108
SW-B2F-PKG-0067,SW,전단벽,PKG,B2F,,3300,,2.0212
SW-B2F-PKG-0068,SW,전단벽,PKG,B2F,,3300,,1.8975
SW-B2F-PKG-0070,SW,전단벽,PKG,B2F,,3300,,1.3695
SW-B2F-PKG-0072,SW,전단벽,PKG,B2F,,3300,,1.4437
SW-B2F-PKG-0074,SW,전단벽,PKG,B2F,,3300,,3.927
SW-B2F-PKG-0076,SW,전단벽,PKG,B2F,,3300,,2.5987
SW-B2F-PKG-0078,SW,전단벽,PKG,B2F,,3300,,1.2458
SW-B2F-PKG-0079,SW,전단벽,PKG,B2F,,3300,,1.4107
SW-B2F-PKG-0080,SW,전단벽,PKG,B2F,,3300,,1.7325
"('PC2', 109619.69037207012, 2356824.452063586)-B2F-DONG-0001","('PC2', 109619.69037207012, 2356824.452063586)",기둥,DONG,B2F,1738x1635,3300,,9.3818
C-B2F-DONG-0001,C,기둥,DONG,B2F,1240x1019,3300,,4.1733
"('EC1', 168167.2323586498, 2282076.025270448)-B2F-DONG-0001","('EC1', 168167.2323586498, 2282076.025270448)",기둥,DONG,B2F,1019x1240,3300,,4.1733
C-B2F-DONG-0002,C,기둥,DONG,B2F,1240x1019,3300,,4.1733
C-B2F-DONG-0003,C,기둥,DONG,B2F,994x1237,3300,,4.0603
C-B2F-DONG-0004,C,기둥,DONG,B2F,994x1237,3300,,4.0603
C-B2F-DONG-0005,C,기둥,DONG,B2F,525x1512,3300,,2.6218
C-B2F-DONG-0006,C,기둥,DONG,B2F,1237x994,3300,,4.0603
C-B2F-DONG-0007,C,기둥,DONG,B2F,526x1512,3300,,2.626
C-B2F-DONG-0008,C,기둥,DONG,B2F,1240x1019,3300,,4.1733
"('C2', 96480.86942496627, 2374325.4849818544)-B2F-DONG-0001","('C2', 96480.86942496627, 2374325.4849818544)",기둥,DONG,B2F,400x800,3300,,1.056
"('C2', 96480.86942496627, 2382125.485056707)-B2F-DONG-0001","('C2', 96480.86942496627, 2382125.485056707)",기둥,DONG,B2F,400x800,3300,,1.056
"('C2A', 104989.4879768594, 2304146.7038534028)-B2F-DONG-0001","('C2A', 104989.4879768594, 2304146.7038534028)",기둥,DONG,B2F,581x873,3300,,1.6757
"('C2', 96480.86942496627, 2365825.485056707)-B2F-DONG-0001","('C2', 96480.86942496627, 2365825.485056707)",기둥,DONG,B2F,400x800,3300,,1.056
"('C2', 88280.86942496622, 2365825.485056707)-B2F-DONG-0001","('C2', 88280.86942496622, 2365825.485056707)",기둥,DONG,B2F,400x800,3300,,1.056
"('C2', 88280.86942496622, 2357325.485056707)-B2F-DONG-0001","('C2', 88280.86942496622, 2357325.485056707)",기둥,DONG,B2F,400x800,3300,,1.056
"('C2', 96480.86942496627, 2357325.485056707)-B2F-DONG-0001","('C2', 96480.86942496627, 2357325.485056707)",기둥,DONG,B2F,400x800,3300,,1.056
"('C2', 88280.86942496622, 2348925.485056707)-B2F-DONG-0001","('C2', 88280.86942496622, 2348925.485056707)",기둥,DONG,B2F,400x800,3300,,1.056
"('C2', 88280.86942496622, 2344625.4850567044)-B2F-DONG-0001","('C2', 88280.86942496622, 2344625.4850567044)",기둥,DONG,B2F,400x800,3300,,1.056
"('EC1', 129062.88369125337, 2382125.485056707)-B2F-DONG-0001","('EC1', 129062.88369125337, 2382125.485056707)",기둥,DONG,B2F,400x800,3300,,1.056
"('EC1', 176272.36037903387, 2250176.232526219)-B2F-DONG-0001","('EC1', 176272.36037903387, 2250176.232526219)",기둥,DONG,B2F,581x873,3300,,1.6757
"('EC2', 158553.81852740335, 2308638.5142017715)-B2F-DONG-0001","('EC2', 158553.81852740335, 2308638.5142017715)",기둥,DONG,B2F,581x873,3300,,1.6757
"('C1', 170832.81777757878, 2274040.1753973225)-B2F-DONG-0001","('C1', 170832.81777757878, 2274040.1753973225)",기둥,DONG,B2F,873x581,3300,,1.6757
"('EC1', 149906.23872186427, 2323488.416065921)-B2F-DONG-0001","('EC1', 149906.23872186427, 2323488.416065921)",기둥,DONG,B2F,873x581,3300,,1.6757
"('EC1', 104137.67643449908, 2330318.03229419)-B2F-DONG-0001","('EC1', 104137.67643449908, 2330318.03229419)",기둥,DONG,B2F,581x873,3300,,1.6757
C-B2F-DONG-0009,C,기둥,DONG,B2F,400x800,3300,,1.056
"('EC1', 141912.88366710884, 2357325.485056705)-B2F-DONG-0001","('EC1', 141912.88366710884, 2357325.485056705)",기둥,DONG,B2F,400x800,3300,,1.056
"('PC1', 71095.7821810431, 2304353.208364318)-B2F-DONG-0001","('PC1', 71095.7821810431, 2304353.208364318)",기둥,DONG,B2F,500x500,3300,,0.825
"('PC1', 79052.2071364722, 2306336.967908367)-B2F-DONG-0001","('PC1', 79052.2071364722, 2306336.967908367)",기둥,DONG,B2F,500x500,3300,,0.825
"('PC1', 87008.63209189942, 2308320.727452423)-B2F-DONG-0001","('PC1', 87008.63209189942, 2308320.727452423)",기둥,DONG,B2F,500x500,3300,,0.825
C-B2F-DONG-0010,C,기둥,DONG,B2F,500x500,3300,,0.825
C-B2F-DONG-0011,C,기둥,DONG,B2F,500x500,3300,,0.825
C-B2F-DONG-0012,C,기둥,DONG,B2F,500x500,3300,,0.825
C-B2F-DONG-0013,C,기둥,DONG,B2F,500x500,3300,,0.825
C-B2F-DONG-0014,C,기둥,DONG,B2F,500x500,3300,,0.825
C-B2F-DONG-0015,C,기둥,DONG,B2F,500x500,3300,,0.825
C-B2F-DONG-0016,C,기둥,DONG,B2F,500x500,3300,,0.825
C-B2F-DONG-0017,C,기둥,DONG,B2F,500x500,3300,,0.825
C-B2F-DONG-0018,C,기둥,DONG,B2F,500x500,3300,,0.825
C-B2F-DONG-0019,C,기둥,DONG,B2F,500x500,3300,,0.825
"('C5', 72080.86942494202, 2344625.485056534)-B2F-DONG-0001","('C5', 72080.86942494202, 2344625.485056534)",기둥,DONG,B2F,499x499,3300,,0.825
C-B2F-DONG-0020,C,기둥,DONG,B2F,499x499,3300,,0.825
"('PC2', 119832.48526492712, 2299190.324237144)-B2F-DONG-0001","('PC2', 119832.48526492712, 2299190.324237144)",기둥,DONG,B2F,500x500,3300,,0.825
"('PC2', 127691.88064772912, 2301149.891591638)-B2F-DONG-0001","('PC2', 127691.88064772912, 2301149.891591638)",기둥,DONG,B2F,500x500,3300,,0.825
"('PC2', 133125.5367148551, 2302504.654207094)-B2F-DONG-0001","('PC2', 133125.5367148551, 2302504.654207094)",기둥,DONG,B2F,500x500,3300,,0.825
"('PC2', 138559.19278197127, 2303859.416822542)-B2F-DONG-0001","('PC2', 138559.19278197127, 2303859.416822542)",기둥,DONG,B2F,500x500,3300,,0.825
"('PC2', 117800.34134174741, 2307340.808337823)-B2F-DONG-0001","('PC2', 117800.34134174741, 2307340.808337823)",기둥,DONG,B2F,500x500,3300,,0.825
"('PC2', 125659.73672454941, 2309300.3756923163)-B2F-DONG-0001","('PC2', 125659.73672454941, 2309300.3756923163)",기둥,DONG,B2F,500x500,3300,,0.825
"('PC2', 131093.39279167537, 2310655.1383077726)-B2F-DONG-0001","('PC2', 131093.39279167537, 2310655.1383077726)",기둥,DONG,B2F,500x500,3300,,0.825
"('PC2', 136527.04885879203, 2312009.9009232204)-B2F-DONG-0001","('PC2', 136527.04885879203, 2312009.9009232204)",기둥,DONG,B2F,500x500,3300,,0.825
"('PC2', 129061.01548474235, 2357325.485056715)-B2F-DONG-0001","('PC2', 129061.01548474235, 2357325.485056715)",기둥,DONG,B2F,500x500,3300,,0.825
"('PC2', 123561.01548474189, 2357325.485056713)-B2F-DONG-0001","('PC2', 123561.01548474189, 2357325.485056713)",기둥,DONG,B2F,500x500,3300,,0.825
"('PC2', 136919.6903720636, 2356824.452063598)-B2F-DONG-0001","('PC2', 136919.6903720636, 2356824.452063598)",기둥,DONG,B2F,500x500,3300,,0.825
"('PC2', 114819.69037207105, 2356824.4520635917)-B2F-DONG-0001","('PC2', 114819.69037207105, 2356824.4520635917)",기둥,DONG,B2F,500x500,3300,,0.825
"('PC2', 109619.69037207012, 2356824.452063586)-B2F-DONG-0002","('PC2', 109619.69037207012, 2356824.452063586)",기둥,DONG,B2F,500x500,3300,,0.825
"('PC2', 115161.0154847391, 2365825.485056708)-B2F-DONG-0001","('PC2', 115161.0154847391, 2365825.485056708)",기둥,DONG,B2F,500x500,3300,,0.825
"('PC2', 109561.0154847391, 2365825.485056708)-B2F-DONG-0001","('PC2', 109561.0154847391, 2365825.485056708)",기둥,DONG,B2F,500x500,3300,,0.825
"('PC2', 115161.0154847391, 2374325.485056708)-B2F-DONG-0001","('PC2', 115161.0154847391, 2374325.485056708)",기둥,DONG,B2F,500x500,3300,,0.825
"('PC2', 109561.0154847391, 2374325.485056708)-B2F-DONG-0001","('PC2', 109561.0154847391, 2374325.485056708)",기둥,DONG,B2F,500x500,3300,,0.825
C-B2F-DONG-0021,C,기둥,DONG,B2F,500x500,3300,,0.825
C-B2F-DONG-0022,C,기둥,DONG,B2F,500x500,3300,,0.825
C-B2F-DONG-0023,C,기둥,DONG,B2F,500x500,3300,,0.825
C-B2F-DONG-0024,C,기둥,DONG,B2F,500x500,3300,,0.825
C-B2F-DONG-0025,C,기둥,DONG,B2F,500x500,3300,,0.825
C-B2F-DONG-0026,C,기둥,DONG,B2F,500x500,3300,,0.825
C-B2F-DONG-0027,C,기둥,DONG,B2F,500x500,3300,,0.825
C-B2F-DONG-0028,C,기둥,DONG,B2F,500x500,3300,,0.825
"('EC2', 144800.9917163981, 2305728.767315381)-B2F-DONG-0001","('EC2', 144800.9917163981, 2305728.767315381)",기둥,DONG,B2F,500x500,3300,,0.825
C-B2F-DONG-0029,C,기둥,DONG,B2F,500x500,3300,,0.825
"('PC2', 144804.12350988569, 2322828.7673154315)-B2F-DONG-0001","('PC2', 144804.12350988569, 2322828.7673154315)",기둥,DONG,B2F,500x500,3300,,0.825
C-B2F-DONG-0030,C,기둥,DONG,B2F,500x500,3300,,0.825
"('EC2', 127900.98531885928, 2318108.772238585)-B2F-DONG-0001","('EC2', 127900.98531885928, 2318108.772238585)",기둥,DONG,B2F,500x500,3300,,0.825
C-B2F-DONG-0031,C,기둥,DONG,B2F,500x500,3300,,0.825
C-B2F-DONG-0032,C,기둥,DONG,B2F,500x500,3300,,0.825
C-B2F-DONG-0033,C,기둥,DONG,B2F,500x500,3300,,0.825
C-B2F-DONG-0034,C,기둥,DONG,B2F,500x500,3300,,0.825
C-B2F-DONG-0035,C,기둥,DONG,B2F,500x500,3300,,0.825
C-B2F-DONG-0036,C,기둥,DONG,B2F,500x500,3300,,0.825
C-B2F-DONG-0037,C,기둥,DONG,B2F,500x500,3300,,0.825
C-B2F-DONG-0038,C,기둥,DONG,B2F,500x500,3300,,0.825
C-B2F-DONG-0039,C,기둥,DONG,B2F,500x500,3300,,0.825
C-B2F-DONG-0040,C,기둥,DONG,B2F,500x500,3300,,0.825
C-B2F-DONG-0041,C,기둥,DONG,B2F,500x500,3300,,0.825
C-B2F-DONG-0042,C,기둥,DONG,B2F,500x500,3300,,0.825
C-B2F-DONG-0043,C,기둥,DONG,B2F,500x500,3300,,0.825
C-B2F-DONG-0044,C,기둥,DONG,B2F,500x500,3300,,0.825
C-B2F-DONG-0045,C,기둥,DONG,B2F,500x500,3300,,0.825
C-B2F-DONG-0046,C,기둥,DONG,B2F,400x800,3300,,1.056
C-B2F-DONG-0047,C,기둥,DONG,B2F,400x800,3300,,1.056
C-B2F-DONG-0048,C,기둥,DONG,B2F,500x500,3300,,0.825
"('C2A', 100876.81575138734, 2320641.7312000073)-B2F-DONG-0001","('C2A', 100876.81575138734, 2320641.7312000073)",기둥,DONG,B2F,500x500,3300,,0.825
"('C3', 102967.46193826642, 2312351.2412738083)-B2F-DONG-0001","('C3', 102967.46193826642, 2312351.2412738083)",기둥,DONG,B2F,500x500,3300,,0.825
"('EC1', 121199.18129070893, 2261296.1749610514)-B2F-DONG-0001","('EC1', 121199.18129070893, 2261296.1749610514)",기둥,DONG,B2F,500x500,3300,,0.825
"('C2', 115898.18725103013, 2260488.9347363045)-B2F-DONG-0001","('C2', 115898.18725103013, 2260488.9347363045)",기둥,DONG,B2F,500x500,3300,,0.825
"('C2', 177458.1043881753, 2267386.514171753)-B2F-DONG-0001","('C2', 177458.1043881753, 2267386.514171753)",기둥,DONG,B2F,500x500,3300,,0.825
"('C1A', 166211.3970224642, 2255611.858743851)-B2F-DONG-0001","('C1A', 166211.3970224642, 2255611.858743851)",기둥,DONG,B2F,500x500,3300,,0.825
"('EC2', 141769.69037204143, 2365321.320270104)-B2F-DONG-0001","('EC2', 141769.69037204143, 2365321.320270104)",기둥,DONG,B2F,500x500,3300,,0.825
"('EC2', 110989.06200043073, 2280083.3476547333)-B2F-DONG-0001","('EC2', 110989.06200043073, 2280083.3476547333)",기둥,DONG,B2F,500x500,3300,,0.825
"('EC2', 101010.07439090282, 2286046.32826287)-B2F-DONG-0001","('EC2', 101010.07439090282, 2286046.32826287)",기둥,DONG,B2F,500x500,3300,,0.825
"('EC2', 113746.97161045864, 2269021.976375232)-B2F-DONG-0001","('EC2', 113746.97161045864, 2269021.976375232)",기둥,DONG,B2F,500x500,3300,,0.825
"('EC2', 173323.12920043635, 2283875.980765329)-B2F-DONG-0001","('EC2', 173323.12920043635, 2283875.980765329)",기둥,DONG,B2F,500x500,3300,,0.825
"('EC2', 160114.98744007063, 2280063.222058196)-B2F-DONG-0001","('EC2', 160114.98744007063, 2280063.222058196)",기둥,DONG,B2F,500x500,3300,,0.825
"('EC2', 134299.38320487275, 2264557.2690732437)-B2F-DONG-0001","('EC2', 134299.38320487275, 2264557.2690732437)",기둥,DONG,B2F,500x500,3300,,0.825
"('EC2', 179419.560972945, 2259424.5284640123)-B2F-DONG-0001","('EC2', 179419.560972945, 2259424.5284640123)",기둥,DONG,B2F,500x500,3300,,0.825
"('EC1A', 174264.364255414, 2257621.7649114737)-B2F-DONG-0001","('EC1A', 174264.364255414, 2257621.7649114737)",기둥,DONG,B2F,500x500,3300,,0.825
"('EC1', 129062.88369125896, 2372825.4850567146)-B2F-DONG-0001","('EC1', 129062.88369125896, 2372825.4850567146)",기둥,DONG,B2F,500x500,3300,,0.825
"('EC1', 137062.88369126548, 2341825.485056707)-B2F-DONG-0001","('EC1', 137062.88369126548, 2341825.485056707)",기둥,DONG,B2F,500x500,3300,,0.825
"('EC1', 117409.4046530224, 2338264.80711754)-B2F-DONG-0001","('EC1', 117409.4046530224, 2338264.80711754)",기둥,DONG,B2F,500x500,3300,,0.825
"('EC1', 110520.30499649035, 2336547.161658658)-B2F-DONG-0001","('EC1', 110520.30499649035, 2336547.161658658)",기둥,DONG,B2F,500x500,3300,,0.825
"('EC1', 103049.02790422538, 2334684.3630624134)-B2F-DONG-0001","('EC1', 103049.02790422538, 2334684.3630624134)",기둥,DONG,B2F,500x500,3300,,0.825
"('EC1', 106218.20473679934, 2321973.489048251)-B2F-DONG-0001","('EC1', 106218.20473679934, 2321973.489048251)",기둥,DONG,B2F,500x500,3300,,0.825
"('EC1', 113689.48182906616, 2323836.287644496)-B2F-DONG-0001","('EC1', 113689.48182906616, 2323836.287644496)",기둥,DONG,B2F,500x500,3300,,0.825
"('EC1', 155954.2861122754, 2299231.0229091276)-B2F-DONG-0001","('EC1', 155954.2861122754, 2299231.0229091276)",기둥,DONG,B2F,500x500,3300,,0.825
"('EC1', 119070.26860929326, 2269834.777352229)-B2F-DONG-0001","('EC1', 119070.26860929326, 2269834.777352229)",기둥,DONG,B2F,500x500,3300,,0.825
"('EC1', 168167.2323586498, 2282076.025270448)-B2F-DONG-0002","('EC1', 168167.2323586498, 2282076.025270448)",기둥,DONG,B2F,500x500,3300,,0.825
"('EC1', 168212.15011845052, 2248179.1753377104)-B2F-DONG-0001","('EC1', 168212.15011845052, 2248179.1753377104)",기둥,DONG,B2F,500x500,3300,,0.825
"('C1', 115447.88186134756, 2346123.7149550943)-B2F-DONG-0001","('C1', 115447.88186134756, 2346123.7149550943)",기둥,DONG,B2F,581x873,3300,,1.6757
"('C1', 164763.12279356044, 2264075.7987082726)-B2F-DONG-0001","('C1', 164763.12279356044, 2264075.7987082726)",기둥,DONG,B2F,873x581,3300,,1.6757
"('C1', 123719.61357229676, 2253842.502523705)-B2F-DONG-0001","('C1', 123719.61357229676, 2253842.502523705)",기둥,DONG,B2F,873x581,3300,,1.6757
"('C1', 156566.64696920323, 2245275.6252951864)-B2F-DONG-0001","('C1', 156566.64696920323, 2245275.6252951864)",기둥,DONG,B2F,581x873,3300,,1.6757
"('C1', 162776.53961734226, 2246823.9254271314)-B2F-DONG-0001","('C1', 162776.53961734226, 2246823.9254271314)",기둥,DONG,B2F,581x873,3300,,1.6757
"('C1', 172816.57732163608, 2266083.7504418944)-B2F-DONG-0001","('C1', 172816.57732163608, 2266083.7504418944)",기둥,DONG,B2F,873x581,3300,,1.6757
"('C1', 96460.86942496603, 2336225.485056543)-B2F-DONG-0001","('C1', 96460.86942496603, 2336225.485056543)",기둥,DONG,B2F,400x800,3300,,1.056
"('C1', 102160.86942496603, 2336225.485056543)-B2F-DONG-0001","('C1', 102160.86942496603, 2336225.485056543)",기둥,DONG,B2F,400x800,3300,,1.056
"('C1A', 148413.35481160256, 2243242.781244782)-B2F-DONG-0001","('C1A', 148413.35481160256, 2243242.781244782)",기둥,DONG,B2F,500x500,3300,,0.825
"('C1A', 109005.39144409477, 2288039.7947972924)-B2F-DONG-0001","('C1A', 109005.39144409477, 2288039.7947972924)",기둥,DONG,B2F,500x500,3300,,0.825
"('C2', 119865.70633916244, 2244576.0848254515)-B2F-DONG-0001","('C2', 119865.70633916244, 2244576.0848254515)",기둥,DONG,B2F,500x500,3300,,0.825
"('C2', 138807.20385891973, 2249132.617244567)-B2F-DONG-0001","('C2', 138807.20385891973, 2249132.617244567)",기둥,DONG,B2F,499x499,3300,,0.825
"('C2', 155108.172060286, 2253196.9050909234)-B2F-DONG-0001","('C2', 155108.172060286, 2253196.9050909234)",기둥,DONG,B2F,499x499,3300,,0.825
"('C2', 161512.1301767722, 2254793.591178512)-B2F-DONG-0001","('C2', 161512.1301767722, 2254793.591178512)",기둥,DONG,B2F,499x499,3300,,0.825
"('C2', 117881.94679510746, 2252532.509780881)-B2F-DONG-0001","('C2', 117881.94679510746, 2252532.509780881)",기둥,DONG,B2F,500x500,3300,,0.825
"('C2', 130843.92592953837, 2255268.3844615314)-B2F-DONG-0001","('C2', 130843.92592953837, 2255268.3844615314)",기둥,DONG,B2F,500x500,3300,,0.825
"('C2', 136277.58199666016, 2256623.147076985)-B2F-DONG-0001","('C2', 136277.58199666016, 2256623.147076985)",기둥,DONG,B2F,500x500,3300,,0.825
"('C2', 144428.06609735027, 2258655.291000165)-B2F-DONG-0001","('C2', 144428.06609735027, 2258655.291000165)",기둥,DONG,B2F,500x500,3300,,0.825
"('C2', 152578.5501980264, 2260687.4349233415)-B2F-DONG-0001","('C2', 152578.5501980264, 2260687.4349233415)",기둥,DONG,B2F,500x500,3300,,0.825
"('C2', 158982.50199142046, 2262284.1194344093)-B2F-DONG-0001","('C2', 158982.50199142046, 2262284.1194344093)",기둥,DONG,B2F,500x500,3300,,0.825
"('C2', 175474.34484200412, 2275342.9391266406)-B2F-DONG-0001","('C2', 175474.34484200412, 2275342.9391266406)",기둥,DONG,B2F,500x500,3300,,0.825
"('C2', 98818.50142053622, 2328991.8130110838)-B2F-DONG-0001","('C2', 98818.50142053622, 2328991.8130110838)",기둥,DONG,B2F,500x500,3300,,0.825
"('C2', 88280.86942496953, 2331325.485056535)-B2F-DONG-0001","('C2', 88280.86942496953, 2331325.485056535)",기둥,DONG,B2F,500x500,3300,,0.825
"('C2', 96480.86942496953, 2331325.485056535)-B2F-DONG-0001","('C2', 96480.86942496953, 2331325.485056535)",기둥,DONG,B2F,500x500,3300,,0.825
"('C2', 96480.86942496627, 2344625.4850567044)-B2F-DONG-0001","('C2', 96480.86942496627, 2344625.4850567044)",기둥,DONG,B2F,500x500,3300,,0.825
"('C2', 96480.86942496627, 2348925.485056707)-B2F-DONG-0001","('C2', 96480.86942496627, 2348925.485056707)",기둥,DONG,B2F,500x500,3300,,0.825
"('C2', 96480.86942496627, 2387225.48505671)-B2F-DONG-0001","('C2', 96480.86942496627, 2387225.48505671)",기둥,DONG,B2F,500x500,3300,,0.825
"('C2A', 107021.6319000405, 2295996.21975272)-B2F-DONG-0001","('C2A', 107021.6319000405, 2295996.21975272)",기둥,DONG,B2F,500x500,3300,,0.825
"('C2A', 88257.97540322968, 2336225.485056537)-B2F-DONG-0001","('C2A', 88257.97540322968, 2336225.485056537)",기둥,DONG,B2F,500x500,3300,,0.825
"('C4', 146434.8442339452, 2250606.6663122615)-B2F-DONG-0001","('C4', 146434.8442339452, 2250606.6663122615)",기둥,DONG,B2F,500x500,3300,,0.825
"('EC1', 117739.69818340008, 2275171.403846726)-B2F-DONG-0001","('EC1', 117739.69818340008, 2275171.403846726)",기둥,DONG,B2F,500x500,3300,,0.825
"('EC1', 116312.35899926115, 2280896.148631729)-B2F-DONG-0001","('EC1', 116312.35899926115, 2280896.148631729)",기둥,DONG,B2F,500x500,3300,,0.825
"('EC1', 130896.51524819467, 2341627.521466616)-B2F-DONG-0001","('EC1', 130896.51524819467, 2341627.521466616)",기둥,DONG,B2F,500x500,3300,,0.825
"('EC1', 136919.6903720501, 2372126.320270112)-B2F-DONG-0001","('EC1', 136919.6903720501, 2372126.320270112)",기둥,DONG,B2F,500x500,3300,,0.825
"('EC2', 128865.72713774725, 2263202.50645779)-B2F-DONG-0001","('EC2', 128865.72713774725, 2263202.50645779)",기둥,DONG,B2F,500x500,3300,,0.825
"('EC2', 142449.86730556286, 2266589.412996424)-B2F-DONG-0001","('EC2', 142449.86730556286, 2266589.412996424)",기둥,DONG,B2F,500x500,3300,,0.825
"('EC2', 150600.351406239, 2268621.5569196003)-B2F-DONG-0001","('EC2', 150600.351406239, 2268621.5569196003)",기둥,DONG,B2F,500x500,3300,,0.825
"('EC2', 157004.30319963026, 2270218.241430668)-B2F-DONG-0001","('EC2', 157004.30319963026, 2270218.241430668)",기둥,DONG,B2F,500x500,3300,,0.825
"('EC2', 162243.90012150074, 2271524.619666998)-B2F-DONG-0001","('EC2', 162243.90012150074, 2271524.619666998)",기둥,DONG,B2F,500x500,3300,,0.825
"('EC2', 112416.40118456406, 2274358.602869728)-B2F-DONG-0001","('EC2', 112416.40118456406, 2274358.602869728)",기둥,DONG,B2F,500x500,3300,,0.825
"('EC2', 102157.88369125198, 2387225.48505671)-B2F-DONG-0001","('EC2', 102157.88369125198, 2387225.48505671)",기둥,DONG,B2F,500x500,3300,,0.825
"('EC1', 81734.7993299493, 2280595.4738504863)-B2F-DONG-0001","('EC1', 81734.7993299493, 2280595.4738504863)",기둥,DONG,B2F,500x500,3300,,0.825
"('EC1', 87334.84222421449, 2280595.4738629204)-B2F-DONG-0001","('EC1', 87334.84222421449, 2280595.4738629204)",기둥,DONG,B2F,500x500,3300,,0.825
"('C1', 75532.82795791059, 2288155.4738630517)-B2F-DONG-0001","('C1', 75532.82795791059, 2288155.4738630517)",기둥,DONG,B2F,400x800,3300,,1.056
"('C2', 75552.82797032689, 2290505.4738629246)-B2F-DONG-0001","('C2', 75552.82797032689, 2290505.4738629246)",기둥,DONG,B2F,500x500,3300,,0.825
"('C2', 81591.69181169348, 2290224.2948100213)-B2F-DONG-0001","('C2', 81591.69181169348, 2290224.2948100213)",기둥,DONG,B2F,500x500,3300,,0.825
"('C2', 87191.69179927639, 2290224.2948100213)-B2F-DONG-0001","('C2', 87191.69179927639, 2290224.2948100213)",기둥,DONG,B2F,500x500,3300,,0.825
"('C2', 93191.69179927639, 2290224.2948100213)-B2F-DONG-0001","('C2', 93191.69179927639, 2290224.2948100213)",기둥,DONG,B2F,500x500,3300,,0.825
"('EC2', 75529.84222421469, 2280595.473862921)-B2F-DONG-0001","('EC2', 75529.84222421469, 2280595.473862921)",기둥,DONG,B2F,500x500,3300,,0.825
C-B2F-DONG-0049,C,기둥,DONG,B2F,500x500,3300,,0.825
"('C5', 91091.34268566467, 2292024.3525578813)-B2F-DONG-0001","('C5', 91091.34268566467, 2292024.3525578813)",기둥,DONG,B2F,581x873,3300,,1.6757
"('EC5A', 114286.93952341414, 2244940.4800608917)-B2F-DONG-0001","('EC5A', 114286.93952341414, 2244940.4800608917)",기둥,DONG,B2F,500x500,3300,,0.825
"('EC5', 106509.83354515373, 2244940.4800608917)-B2F-DONG-0001","('EC5', 106509.83354515373, 2244940.4800608917)",기둥,DONG,B2F,500x500,3300,,0.825
"('C5', 98712.81927884893, 2244940.4800702315)-B2F-DONG-0001","('C5', 98712.81927884893, 2244940.4800702315)",기둥,DONG,B2F,400x800,3300,,1.056
"('C5', 81042.81924294413, 2244940.4800702315)-B2F-DONG-0001","('C5', 81042.81924294413, 2244940.4800702315)",기둥,DONG,B2F,400x800,3300,,1.056
"('C5', 90912.81927882192, 2244940.480139518)-B2F-DONG-0001","('C5', 90912.81927882192, 2244940.480139518)",기둥,DONG,B2F,400x800,3300,,1.056
"('C5', 73642.81924692221, 2244940.480066194)-B2F-DONG-0001","('C5', 73642.81924692221, 2244940.480066194)",기둥,DONG,B2F,400x800,3300,,1.056
"('EC5', 72077.88369123609, 2331325.4850565298)-B2F-DONG-0001","('EC5', 72077.88369123609, 2331325.4850565298)",기둥,DONG,B2F,500x500,3300,,0.825
"('EC5', 80077.88369122779, 2331325.4850565256)-B2F-DONG-0001","('EC5', 80077.88369122779, 2331325.4850565256)",기둥,DONG,B2F,500x500,3300,,0.825
"('C5A', 80057.97540321828, 2336225.4850565298)-B2F-DONG-0001","('C5A', 80057.97540321828, 2336225.4850565298)",기둥,DONG,B2F,400x800,3300,,1.056
"('C5A', 72057.97540319829, 2336225.485056528)-B2F-DONG-0001","('C5A', 72057.97540319829, 2336225.485056528)",기둥,DONG,B2F,400x800,3300,,1.056
"('C5', 72080.86942494202, 2344625.485056534)-B2F-DONG-0002","('C5', 72080.86942494202, 2344625.485056534)",기둥,DONG,B2F,400x800,3300,,1.056
"('C5', 72015.50750441733, 2353114.306003637)-B2F-DONG-0001","('C5', 72015.50750441733, 2353114.306003637)",기둥,DONG,B2F,800x400,3300,,1.056
"('C5', 72090.62554192467, 2361154.782405561)-B2F-DONG-0001","('C5', 72090.62554192467, 2361154.782405561)",기둥,DONG,B2F,857x532,3300,,1.5075
"('C5A', 80057.97540321828, 2344625.485056706)-B2F-DONG-0001","('C5A', 80057.97540321828, 2344625.485056706)",기둥,DONG,B2F,400x800,3300,,1.056
"('C5A', 80057.97540321878, 2348925.485056706)-B2F-DONG-0001","('C5A', 80057.97540321878, 2348925.485056706)",기둥,DONG,B2F,400x800,3300,,1.056
C-B2F-DONG-0050,C,기둥,DONG,B2F,500x500,3300,,0.825
"('C6A', 80057.97523261562, 2365825.48505665)-B2F-DONG-0001","('C6A', 80057.97523261562, 2365825.48505665)",기둥,DONG,B2F,500x800,3300,,1.32
C-B2F-DONG-0051,C,기둥,DONG,B2F,400x800,3300,,1.056
C-B2F-DONG-0052,C,기둥,DONG,B2F,400x800,3300,,1.056
C-B2F-DONG-0053,C,기둥,DONG,B2F,400x800,3300,,1.056
C-B2F-DONG-0054,C,기둥,DONG,B2F,400x800,3300,,1.056
"('EC1', 156459.9607294751, 2316465.28799881)-B2F-DONG-0001","('EC1', 156459.9607294751, 2316465.28799881)",기둥,DONG,B2F,500x500,3300,,0.825
"('C1', 115447.88186134756, 2346123.7149550943)-B2F-DONG-0002","('C1', 115447.88186134756, 2346123.7149550943)",기둥,DONG,B2F,500x500,3300,,0.825
C-B2F-DONG-0055,C,기둥,DONG,B2F,500x500,3300,,0.825
C-B2F-DONG-0056,C,기둥,DONG,B2F,500x500,3300,,0.825
"('EC5', 72377.8836912576, 2365825.4850566518)-B2F-DONG-0001","('EC5', 72377.8836912576, 2365825.4850566518)",기둥,DONG,B2F,500x500,3300,,0.825
"('EC5', 71643.50429681208, 2278411.3152855146)-B2F-DONG-0001","('EC5', 71643.50429681208, 2278411.3152855146)",기둥,DONG,B2F,500x500,3300,,0.825
C-B2F-DONG-0057,C,기둥,DONG,B2F,499x499,3300,,0.825
C-B2F-DONG-0058,C,기둥,DONG,B2F,499x499,3300,,0.825
C-B2F-DONG-0059,C,기둥,DONG,B2F,499x499,3300,,0.825
C-B2F-DONG-0060,C,기둥,DONG,B2F,500x500,3300,,0.825
"('AC1', 158797.52157669593, 2331388.088593105)-B2F-DONG-0001","('AC1', 158797.52157669593, 2331388.088593105)",기둥,DONG,B2F,499x499,3300,,0.825
C-B2F-DONG-0061,C,기둥,DONG,B2F,499x499,3300,,0.825
C-B2F-DONG-0062,C,기둥,DONG,B2F,499x499,3300,,0.825
C-B2F-DONG-0063,C,기둥,DONG,B2F,499x499,3300,,0.825
"('C2', 75552.82797032689, 2290505.4738629246)-B2F-DONG-0002","('C2', 75552.82797032689, 2290505.4738629246)",기둥,DONG,B2F,88x88,3300,,0.0256
C-B2F-DONG-0064,C,기둥,DONG,B2F,1090x1818,3300,,6.5452
C-B2F-DONG-0065,C,기둥,DONG,B2F,872x1309,3300,,3.7703
C-B2F-DONG-0066,C,기둥,DONG,B2F,872x1309,3300,,3.7703
C-B2F-DONG-0067,C,기둥,DONG,B2F,945x1600,3300,,4.9918
C-B2F-DONG-0068,C,기둥,DONG,B2F,945x1600,3300,,4.9918
C-B2F-DONG-0069,C,기둥,DONG,B2F,1579x1530,3300,,7.9743
C-B2F-DONG-0070,C,기둥,DONG,B2F,1506x1461,3300,,7.266
C-B2F-DONG-0071,C,기둥,DONG,B2F,1506x1461,3300,,7.266
C-B2F-DONG-0072,C,기둥,DONG,B2F,1506x1461,3300,,7.266
C-B2F-DONG-0073,C,기둥,DONG,B2F,1506x1461,3300,,7.266
"('EC2', 160114.98744007063, 2280063.222058196)-B2F-DONG-0002","('EC2', 160114.98744007063, 2280063.222058196)",기둥,DONG,B2F,1506x1461,3300,,7.266
"('AC1', 132217.7729482578, 2273074.3540523485)-B2F-DONG-0001","('AC1', 132217.7729482578, 2273074.3540523485)",기둥,DONG,B2F,800x654,3300,,1.7282
"('AC1', 140368.2570489762, 2275106.497975386)-B2F-DONG-0001","('AC1', 140368.2570489762, 2275106.497975386)",기둥,DONG,B2F,800x654,3300,,1.7282
"('AC1', 148518.74114969472, 2277138.6418984225)-B2F-DONG-0001","('AC1', 148518.74114969472, 2277138.6418984225)",기둥,DONG,B2F,800x654,3300,,1.7282
"('AC1', 154728.63379786134, 2278686.9420302603)-B2F-DONG-0001","('AC1', 154728.63379786134, 2278686.9420302603)",기둥,DONG,B2F,800x654,3300,,1.7282
"('AC1', 168757.14761760196, 2291179.6693215696)-B2F-DONG-0001","('AC1', 168757.14761760196, 2291179.6693215696)",기둥,DONG,B2F,843x852,3300,,2.373
"('AC1', 126735.60209479839, 2271707.495342211)-B2F-DONG-0001","('AC1', 126735.60209479839, 2271707.495342211)",기둥,DONG,B2F,800x654,3300,,1.7282
"('EC1', 149906.23872186427, 2323488.416065921)-B2F-DONG-0002","('EC1', 149906.23872186427, 2323488.416065921)",기둥,DONG,B2F,1436x1525,3300,,7.2346
C-B2F-DONG-0074,C,기둥,DONG,B2F,1587x1656,3300,,8.6821
"('PC2', 144804.12350988976, 2331428.7673154315)-B2F-DONG-0001","('PC2', 144804.12350988976, 2331428.7673154315)",기둥,DONG,B2F,1653x1732,3300,,9.4526
C-B2F-DONG-0075,C,기둥,DONG,B2F,1139x1648,3300,,6.1987
C-B2F-DONG-0076,C,기둥,DONG,B2F,1139x1648,3300,,6.1987
"('EC1', 137062.88369126548, 2341825.485056707)-B2F-DONG-0002","('EC1', 137062.88369126548, 2341825.485056707)",기둥,DONG,B2F,872x1309,3300,,3.7703
C-B2F-DONG-0077,C,기둥,DONG,B2F,872x1309,3300,,3.7703
"('C3', 127923.97105256688, 2326858.7722385856)-B2F-DONG-0001","('C3', 127923.97105256688, 2326858.7722385856)",기둥,DONG,B2F,1042x1624,3300,,5.5875
C-B2F-DONG-0078,C,기둥,DONG,B2F,945x1600,3300,,4.9918
"('EC1', 113689.48182906616, 2323836.287644496)-B2F-DONG-0002","('EC1', 113689.48182906616, 2323836.287644496)",기둥,DONG,B2F,1090x1818,3300,,6.5452
C-B2F-DONG-0079,C,기둥,DONG,B2F,945x1600,3300,,4.9918
C-B2F-DONG-0080,C,기둥,DONG,B2F,1163x2109,3300,,8.0981
C-B2F-DONG-0081,C,기둥,DONG,B2F,896x1406,3300,,4.162
C-B2F-DONG-0082,C,기둥,DONG,B2F,872x1309,3300,,3.7703
"('AC2', 124094.21849574632, 2340293.5199703146)-B2F-DONG-0001","('AC2', 124094.21849574632, 2340293.5199703146)",기둥,DONG,B2F,873x581,3300,,1.6757
C-B2F-DONG-0083,C,기둥,DONG,B2F,700x2000,3300,,4.62
C-B2F-DONG-0084,C,기둥,DONG,B2F,700x2000,3300,,4.62
C-B2F-DONG-0085,C,기둥,DONG,B2F,600x2000,3300,,3.96
C-B2F-DONG-0086,C,기둥,DONG,B2F,1499x800,3300,,3.96
C-B2F-DONG-0087,C,기둥,DONG,B2F,1500x800,3300,,3.96
C-B2F-DONG-0088,C,기둥,DONG,B2F,600x2000,3300,,3.96
"('C2A', 127901.07703084678, 2388498.772238587)-B2F-DONG-0001","('C2A', 127901.07703084678, 2388498.772238587)",기둥,DONG,B2F,1500x800,3300,,3.96
C-B2F-DONG-0089,C,기둥,DONG,B2F,1600x800,3300,,4.224
C-B2F-DONG-0090,C,기둥,DONG,B2F,1423x1534,3300,,7.2111
C-B2F-DONG-0091,C,기둥,DONG,B2F,1423x1534,3300,,7.2111
C-B2F-DONG-0092,C,기둥,DONG,B2F,1962x2122,3300,,13.7499
C-B2F-DONG-0093,C,기둥,DONG,B2F,1423x1534,3300,,7.2111
C-B2F-DONG-0094,C,기둥,DONG,B2F,1264x1683,3300,,7.0251
"('EC2', 127900.98531887046, 2392898.7722385935)-B2F-DONG-0001","('EC2', 127900.98531887046, 2392898.7722385935)",기둥,DONG,B2F,1264x1683,3300,,7.0251
C-B2F-DONG-0095,C,기둥,DONG,B2F,1264x1683,3300,,7.0251
C-B2F-DONG-0096,C,기둥,DONG,B2F,1264x1683,3300,,7.0251
C-B2F-DONG-0097,C,기둥,DONG,B2F,600x1000,3300,,1.98
C-B2F-DONG-0098,C,기둥,DONG,B2F,1000x700,3300,,2.31
C-B2F-DONG-0099,C,기둥,DONG,B2F,1000x700,3300,,2.31
C-B2F-DONG-0100,C,기둥,DONG,B2F,1200x1000,3300,,3.96
C-B2F-DONG-0101,C,기둥,DONG,B2F,700x1100,3300,,2.541
C-B2F-DONG-0102,C,기둥,DONG,B2F,700x1000,3300,,2.31
C-B2F-DONG-0103,C,기둥,DONG,B2F,600x1000,3300,,1.98
C-B2F-DONG-0104,C,기둥,DONG,B2F,600x1100,3300,,2.178
C-B2F-DONG-0105,C,기둥,DONG,B2F,600x1000,3300,,1.98
C-B2F-DONG-0106,C,기둥,DONG,B2F,1000x700,3300,,2.31
C-B2F-DONG-0107,C,기둥,DONG,B2F,700x1100,3300,,2.541
C-B2F-DONG-0108,C,기둥,DONG,B2F,700x1700,3300,,3.927
C-B2F-DONG-0109,C,기둥,DONG,B2F,600x1200,3300,,2.376
C-B2F-DONG-0110,C,기둥,DONG,B2F,600x1000,3300,,1.98
C-B2F-DONG-0111,C,기둥,DONG,B2F,600x1000,3300,,1.98
"('AC1', 93439.93393617129, 2280495.473862921)-B2F-DONG-0001","('AC1', 93439.93393617129, 2280495.473862921)",기둥,DONG,B2F,500x700,3300,,1.155
C-B2F-DONG-0112,C,기둥,DONG,B2F,851x1581,3300,,4.4429
C-B2F-DONG-0113,C,기둥,DONG,B2F,851x1581,3300,,4.4429
C-B2F-DONG-0114,C,기둥,DONG,B2F,886x1778,3300,,5.2001
C-B2F-DONG-0115,C,기둥,DONG,B2F,1135x2108,3300,,7.8985
C-B2F-DONG-0116,C,기둥,DONG,B2F,600x1200,3300,,2.376
C-B2F-DONG-0117,C,기둥,DONG,B2F,600x1800,3300,,3.564
C-B2F-DONG-0118,C,기둥,DONG,B2F,600x1200,3300,,2.376
C-B2F-DONG-0119,C,기둥,DONG,B2F,600x1199,3300,,2.376
C-B2F-DONG-0120,C,기둥,DONG,B2F,599x1600,3300,,3.168
C-B2F-DONG-0121,C,기둥,DONG,B2F,599x1000,3300,,1.98
C-B2F-DONG-0122,C,기둥,DONG,B2F,600x1000,3300,,1.98
C-B2F-DONG-0123,C,기둥,DONG,B2F,600x1200,3300,,2.376
C-B2F-DONG-0124,C,기둥,DONG,B2F,600x1000,3300,,1.98
C-B2F-DONG-0125,C,기둥,DONG,B2F,200x1500,3300,,0.99
C-B2F-DONG-0126,C,기둥,DONG,B2F,500x500,3300,,0.825
C-B2F-DONG-0127,C,기둥,DONG,B2F,500x500,3300,,0.825
C-B2F-DONG-0128,C,기둥,DONG,B2F,500x500,3300,,0.825
C-B2F-DONG-0129,C,기둥,DONG,B2F,500x500,3300,,0.825
C-B2F-DONG-0130,C,기둥,DONG,B2F,500x500,3300,,0.825
C-B2F-DONG-0131,C,기둥,DONG,B2F,500x500,3300,,0.825
"('EC5', 71643.50429681208, 2278411.3152855146)-B2F-DONG-0002","('EC5', 71643.50429681208, 2278411.3152855146)",기둥,DONG,B2F,500x500,3300,,0.825
"('EC5', 71643.50429681208, 2278411.3152855146)-B2F-DONG-0003","('EC5', 71643.50429681208, 2278411.3152855146)",기둥,DONG,B2F,500x500,3300,,0.825
"('EC5', 71643.50429681208, 2278411.3152855146)-B2F-DONG-0004","('EC5', 71643.50429681208, 2278411.3152855146)",기둥,DONG,B2F,500x500,3300,,0.825
"('EC5', 71643.50429681208, 2278411.3152855146)-B2F-DONG-0005","('EC5', 71643.50429681208, 2278411.3152855146)",기둥,DONG,B2F,500x500,3300,,0.825
C-B2F-DONG-0132,C,기둥,DONG,B2F,500x500,3300,,0.825
C-B2F-DONG-0133,C,기둥,DONG,B2F,500x500,3300,,0.825
C-B2F-DONG-0134,C,기둥,DONG,B2F,500x500,3300,,0.825
C-B2F-DONG-0135,C,기둥,DONG,B2F,500x500,3300,,0.825
C-B2F-DONG-0136,C,기둥,DONG,B2F,1119x200,3300,,0.7392
"('EC1', 130896.51524819467, 2341627.521466616)-B2F-DONG-0002","('EC1', 130896.51524819467, 2341627.521466616)",기둥,DONG,B2F,1135x465,3300,,1.7419
"('EC2', 102157.88369125198, 2387225.48505671)-B2F-DONG-0002","('EC2', 102157.88369125198, 2387225.48505671)",기둥,DONG,B2F,449x1900,3300,,2.8215
C-B2F-DONG-0137,C,기둥,DONG,B2F,200x2120,3300,,1.3992
"('C2', 98818.50142053622, 2328991.8130110838)-B2F-DONG-0002","('C2', 98818.50142053622, 2328991.8130110838)",기둥,DONG,B2F,2943x979,3300,,9.5167
C-B2F-DONG-0138,C,기둥,DONG,B2F,614x2402,3300,,4.8715
C-B2F-DONG-0139,C,기둥,DONG,B2F,488x1689,3300,,2.7242
C-B2F-DONG-0140,C,기둥,DONG,B2F,425x1330,3300,,1.8679
C-B2F-DONG-0141,C,기둥,DONG,B2F,465x1135,3300,,1.7419
C-B2F-DONG-0142,C,기둥,DONG,B2F,641x999,3300,,2.1154
C-B2F-DONG-0143,C,기둥,DONG,B2F,976x885,3300,,2.8542
C-B2F-DONG-0144,C,기둥,DONG,B2F,200x1698,3300,,1.1213
C-B2F-DONG-0145,C,기둥,DONG,B2F,1086x450,3300,,1.6161
C-B2F-DONG-0146,C,기둥,DONG,B2F,499x499,3300,,0.825
C-B2F-DONG-0147,C,기둥,DONG,B2F,499x499,3300,,0.825
C-B2F-DONG-0148,C,기둥,DONG,B2F,900x463,3300,,1.3754
C-B2F-DONG-0149,C,기둥,DONG,B2F,900x463,3300,,1.3754
C-B2F-DONG-0150,C,기둥,DONG,B2F,900x463,3300,,1.3754
C-B2F-DONG-0151,C,기둥,DONG,B2F,900x463,3300,,1.3754
C-B2F-DONG-0152,C,기둥,DONG,B2F,463x900,3300,,1.3754
C-B2F-DONG-0153,C,기둥,DONG,B2F,900x463,3300,,1.3754
C-B2F-DONG-0154,C,기둥,DONG,B2F,463x900,3300,,1.3754
C-B2F-DONG-0155,C,기둥,DONG,B2F,463x900,3300,,1.3754
C-B2F-DONG-0156,C,기둥,DONG,B2F,900x463,3300,,1.3754
C-B2F-DONG-0157,C,기둥,DONG,B2F,900x463,3300,,1.3754
C-B2F-DONG-0158,C,기둥,DONG,B2F,463x900,3300,,1.3754
C-B2F-DONG-0159,C,기둥,DONG,B2F,463x900,3300,,1.3754
C-B2F-DONG-0160,C,기둥,DONG,B2F,463x900,3300,,1.3754
C-B2F-DONG-0161,C,기둥,DONG,B2F,463x900,3300,,1.3754
C-B2F-DONG-0162,C,기둥,DONG,B2F,463x900,3300,,1.3754
C-B2F-DONG-0163,C,기둥,DONG,B2F,463x900,3300,,1.3754
C-B2F-DONG-0164,C,기둥,DONG,B2F,463x900,3300,,1.3754
C-B2F-DONG-0165,C,기둥,DONG,B2F,463x900,3300,,1.3754
C-B2F-DONG-0166,C,기둥,DONG,B2F,463x900,3300,,1.3754
C-B2F-DONG-0167,C,기둥,DONG,B2F,463x900,3300,,1.3754
C-B2F-DONG-0168,C,기둥,DONG,B2F,463x900,3300,,1.3754
C-B2F-DONG-0169,C,기둥,DONG,B2F,463x900,3300,,1.3754
C-B2F-DONG-0170,C,기둥,DONG,B2F,1011x535,3300,,1.7862
C-B2F-DONG-0171,C,기둥,DONG,B2F,463x900,3300,,1.3754
C-B2F-DONG-0172,C,기둥,DONG,B2F,463x900,3300,,1.3754
C-B2F-DONG-0173,C,기둥,DONG,B2F,900x463,3300,,1.3754
C-B2F-DONG-0174,C,기둥,DONG,B2F,463x900,3300,,1.3754
C-B2F-DONG-0175,C,기둥,DONG,B2F,900x463,3300,,1.3754
C-B2F-DONG-0176,C,기둥,DONG,B2F,900x463,3300,,1.3754
C-B2F-DONG-0177,C,기둥,DONG,B2F,900x463,3300,,1.3754
C-B2F-DONG-0178,C,기둥,DONG,B2F,900x463,3300,,1.3754
C-B2F-DONG-0179,C,기둥,DONG,B2F,900x463,3300,,1.3754
C-B2F-DONG-0180,C,기둥,DONG,B2F,900x463,3300,,1.3754
C-B2F-DONG-0181,C,기둥,DONG,B2F,900x463,3300,,1.3754
C-B2F-DONG-0182,C,기둥,DONG,B2F,900x463,3300,,1.3754
C-B2F-DONG-0183,C,기둥,DONG,B2F,900x463,3300,,1.3754
"('EC2', 191600.9853189012, 2360158.772238571)-B2F-DONG-0001","('EC2', 191600.9853189012, 2360158.772238571)",기둥,DONG,B2F,500x500,3300,,0.825
"('EC2', 127900.98531885928, 2318108.772238585)-B2F-DONG-0002","('EC2', 127900.98531885928, 2318108.772238585)",기둥,DONG,B2F,500x500,3300,,0.825
"('EC2', 190550.99171625363, 2305728.7673149696)-B2F-DONG-0001","('EC2', 190550.99171625363, 2305728.7673149696)",기둥,DONG,B2F,500x500,3300,,0.825
"('EC1', 157705.98531887634, 2393898.7722385908)-B2F-DONG-0001","('EC1', 157705.98531887634, 2393898.7722385908)",기둥,DONG,B2F,500x500,3300,,0.825
"('EC1', 149505.98531887907, 2393898.772238592)-B2F-DONG-0001","('EC1', 149505.98531887907, 2393898.772238592)",기둥,DONG,B2F,500x500,3300,,0.825
"('EC1', 164805.9917166393, 2335578.767315437)-B2F-DONG-0001","('EC1', 164805.9917166393, 2335578.767315437)",기둥,DONG,B2F,500x500,3300,,0.825
"('EC1', 158705.99171636923, 2335578.767314985)-B2F-DONG-0001","('EC1', 158705.99171636923, 2335578.767314985)",기둥,DONG,B2F,500x500,3300,,0.825
"('EC1', 190555.99171626044, 2310528.7673149696)-B2F-DONG-0001","('EC1', 190555.99171626044, 2310528.7673149696)",기둥,DONG,B2F,500x500,3300,,0.825
"('C2', 184273.97744994916, 2305728.7673149724)-B2F-DONG-0001","('C2', 184273.97744994916, 2305728.7673149724)",기둥,DONG,B2F,500x500,3300,,0.825
"('C2', 175973.9774499417, 2305728.7673149724)-B2F-DONG-0001","('C2', 175973.9774499417, 2305728.7673149724)",기둥,DONG,B2F,500x500,3300,,0.825
"('C2', 169823.97745026022, 2305728.76731544)-B2F-DONG-0001","('C2', 169823.97745026022, 2305728.76731544)",기둥,DONG,B2F,500x500,3300,,0.825
"('C2', 164223.97745002087, 2305728.76731544)-B2F-DONG-0001","('C2', 164223.97745002087, 2305728.76731544)",기둥,DONG,B2F,500x500,3300,,0.825
"('C2', 158723.97745002087, 2305728.76731544)-B2F-DONG-0001","('C2', 158723.97745002087, 2305728.76731544)",기둥,DONG,B2F,500x500,3300,,0.825
"('C2', 150523.97745002087, 2305728.76731544)-B2F-DONG-0001","('C2', 150523.97745002087, 2305728.76731544)",기둥,DONG,B2F,500x500,3300,,0.825
"('C2', 127923.97105256327, 2360158.772238587)-B2F-DONG-0001","('C2', 127923.97105256327, 2360158.772238587)",기둥,DONG,B2F,500x500,3300,,0.825
"('C2', 127923.97105256327, 2368458.772238587)-B2F-DONG-0001","('C2', 127923.97105256327, 2368458.772238587)",기둥,DONG,B2F,500x500,3300,,0.825
"('C2', 127923.97105256618, 2376558.7722385973)-B2F-DONG-0001","('C2', 127923.97105256618, 2376558.7722385973)",기둥,DONG,B2F,500x500,3300,,0.825
"('C2A', 127901.07703084456, 2380098.772238586)-B2F-DONG-0001","('C2A', 127901.07703084456, 2380098.772238586)",기둥,DONG,B2F,500x500,3300,,0.825
"('C2A', 127901.07703084678, 2388498.772238587)-B2F-DONG-0002","('C2A', 127901.07703084678, 2388498.772238587)",기둥,DONG,B2F,500x500,3300,,0.825
"('C3', 127923.97105256688, 2326858.7722385856)-B2F-DONG-0002","('C3', 127923.97105256688, 2326858.7722385856)",기둥,DONG,B2F,500x500,3300,,0.825
"('AC2', 187078.61349650894, 2335660.613028181)-B2F-DONG-0001","('AC2', 187078.61349650894, 2335660.613028181)",기둥,DONG,B2F,771x888,3300,,2.2619
"('EC1', 173005.9853189428, 2335578.7673149784)-B2F-DONG-0001","('EC1', 173005.9853189428, 2335578.7673149784)",기둥,DONG,B2F,500x500,3300,,0.825
"('EC1', 177105.9853189428, 2335578.7673149784)-B2F-DONG-0001","('EC1', 177105.9853189428, 2335578.7673149784)",기둥,DONG,B2F,500x500,3300,,0.825
"('EC1', 186662.79199970717, 2343259.6074519767)-B2F-DONG-0001","('EC1', 186662.79199970717, 2343259.6074519767)",기둥,DONG,B2F,500x500,3300,,0.825
"('EC1', 165905.9853188754, 2393898.7722385894)-B2F-DONG-0001","('EC1', 165905.9853188754, 2393898.7722385894)",기둥,DONG,B2F,500x500,3300,,0.825
"('EC1', 170705.9853188754, 2393898.7722385884)-B2F-DONG-0001","('EC1', 170705.9853188754, 2393898.7722385884)",기둥,DONG,B2F,500x500,3300,,0.825
"('EC1', 178905.9853188754, 2393898.7722385884)-B2F-DONG-0001","('EC1', 178905.9853188754, 2393898.7722385884)",기둥,DONG,B2F,500x500,3300,,0.825
"('EC2', 127900.98531886778, 2356098.7722385847)-B2F-DONG-0001","('EC2', 127900.98531886778, 2356098.7722385847)",기둥,DONG,B2F,500x500,3300,,0.825
"('EC2', 127900.98531887046, 2392898.7722385935)-B2F-DONG-0002","('EC2', 127900.98531887046, 2392898.7722385935)",기둥,DONG,B2F,500x500,3300,,0.825
"('EC2A', 127898.09129714484, 2335208.7721640435)-B2F-DONG-0001","('EC2A', 127898.09129714484, 2335208.7721640435)",기둥,DONG,B2F,500x500,3300,,0.825
"('EC2', 144800.9917163981, 2305728.767315381)-B2F-DONG-0002","('EC2', 144800.9917163981, 2305728.767315381)",기둥,DONG,B2F,500x500,3300,,0.825
"('PC2', 144804.12350988569, 2322828.7673154315)-B2F-DONG-0002","('PC2', 144804.12350988569, 2322828.7673154315)",기둥,DONG,B2F,500x500,3300,,0.825
"('PC2', 144804.12350988976, 2331428.7673154315)-B2F-DONG-0002","('PC2', 144804.12350988976, 2331428.7673154315)",기둥,DONG,B2F,500x500,3300,,0.825
"('PC2', 173004.11711242178, 2351958.7722385754)-B2F-DONG-0001","('PC2', 173004.11711242178, 2351958.7722385754)",기둥,DONG,B2F,500x500,3300,,0.825
"('PC2', 164804.11711234372, 2351958.7722385754)-B2F-DONG-0001","('PC2', 164804.11711234372, 2351958.7722385754)",기둥,DONG,B2F,500x500,3300,,0.825
"('PC2', 173004.11711242382, 2360158.772238576)-B2F-DONG-0001","('PC2', 173004.11711242382, 2360158.772238576)",기둥,DONG,B2F,500x500,3300,,0.825
"('PC2', 164804.11711234576, 2360158.7722385763)-B2F-DONG-0001","('PC2', 164804.11711234576, 2360158.7722385763)",기둥,DONG,B2F,500x500,3300,,0.825
"('PC2', 178504.11711237312, 2360158.7722385814)-B2F-DONG-0001","('PC2', 178504.11711237312, 2360158.7722385814)",기둥,DONG,B2F,500x500,3300,,0.825
"('PC2', 173004.11711242585, 2368358.772238576)-B2F-DONG-0001","('PC2', 173004.11711242585, 2368358.772238576)",기둥,DONG,B2F,500x500,3300,,0.825
"('PC2', 164804.1171123478, 2368358.7722385763)-B2F-DONG-0001","('PC2', 164804.1171123478, 2368358.7722385763)",기둥,DONG,B2F,500x500,3300,,0.825
"('PC2', 143804.1171123695, 2376558.7722385917)-B2F-DONG-0001","('PC2', 143804.1171123695, 2376558.7722385917)",기둥,DONG,B2F,500x500,3300,,0.825
"('PC2', 143862.79199973744, 2379597.739245489)-B2F-DONG-0001","('PC2', 143862.79199973744, 2379597.739245489)",기둥,DONG,B2F,500x500,3300,,0.825
C-B2F-DONG-0184,C,기둥,DONG,B2F,500x500,3300,,0.825
C-B2F-DONG-0185,C,기둥,DONG,B2F,500x500,3300,,0.825
C-B2F-DONG-0186,C,기둥,DONG,B2F,500x500,3300,,0.825
C-B2F-DONG-0187,C,기둥,DONG,B2F,500x500,3300,,0.825
"('EC2', 158553.81852740335, 2308638.5142017715)-B2F-DONG-0002","('EC2', 158553.81852740335, 2308638.5142017715)",기둥,DONG,B2F,500x500,3300,,0.825
C-B2F-DONG-0188,C,기둥,DONG,B2F,500x500,3300,,0.825
C-B2F-DONG-0189,C,기둥,DONG,B2F,500x500,3300,,0.825
C-B2F-DONG-0190,C,기둥,DONG,B2F,500x500,3300,,0.825
C-B2F-DONG-0191,C,기둥,DONG,B2F,500x500,3300,,0.825
C-B2F-DONG-0192,C,기둥,DONG,B2F,500x500,3300,,0.825
C-B2F-DONG-0193,C,기둥,DONG,B2F,500x500,3300,,0.825
C-B2F-DONG-0194,C,기둥,DONG,B2F,500x500,3300,,0.825
C-B2F-DONG-0195,C,기둥,DONG,B2F,500x500,3300,,0.825
C-B2F-DONG-0196,C,기둥,DONG,B2F,500x500,3300,,0.825
"('EC1', 149906.23872186427, 2323488.416065921)-B2F-DONG-0003","('EC1', 149906.23872186427, 2323488.416065921)",기둥,DONG,B2F,500x500,3300,,0.825
C-B2F-DONG-0197,C,기둥,DONG,B2F,500x500,3300,,0.825
C-B2F-DONG-0198,C,기둥,DONG,B2F,500x500,3300,,0.825
C-B2F-DONG-0199,C,기둥,DONG,B2F,500x500,3300,,0.825
C-B2F-DONG-0200,C,기둥,DONG,B2F,500x500,3300,,0.825
C-B2F-DONG-0201,C,기둥,DONG,B2F,500x500,3300,,0.825
C-B2F-DONG-0202,C,기둥,DONG,B2F,500x500,3300,,0.825
C-B2F-DONG-0203,C,기둥,DONG,B2F,500x500,3300,,0.825
C-B2F-DONG-0204,C,기둥,DONG,B2F,500x500,3300,,0.825
C-B2F-DONG-0205,C,기둥,DONG,B2F,500x500,3300,,0.825
C-B2F-DONG-0206,C,기둥,DONG,B2F,500x500,3300,,0.825
C-B2F-DONG-0207,C,기둥,DONG,B2F,500x500,3300,,0.825
C-B2F-DONG-0208,C,기둥,DONG,B2F,500x500,3300,,0.825
C-B2F-DONG-0209,C,기둥,DONG,B2F,500x500,3300,,0.825
C-B2F-DONG-0210,C,기둥,DONG,B2F,500x500,3300,,0.825
C-B2F-DONG-0211,C,기둥,DONG,B2F,500x500,3300,,0.825
C-B2F-DONG-0212,C,기둥,DONG,B2F,500x500,3300,,0.825
C-B2F-DONG-0213,C,기둥,DONG,B2F,500x500,3300,,0.825
C-B2F-DONG-0214,C,기둥,DONG,B2F,500x500,3300,,0.825
C-B2F-DONG-0215,C,기둥,DONG,B2F,500x500,3300,,0.825
C-B2F-DONG-0216,C,기둥,DONG,B2F,500x500,3300,,0.825
C-B2F-DONG-0217,C,기둥,DONG,B2F,500x500,3300,,0.825
C-B2F-DONG-0218,C,기둥,DONG,B2F,500x500,3300,,0.825
C-B2F-DONG-0219,C,기둥,DONG,B2F,500x500,3300,,0.825
C-B2F-DONG-0220,C,기둥,DONG,B2F,500x500,3300,,0.825
C-B2F-DONG-0221,C,기둥,DONG,B2F,500x500,3300,,0.825
C-B2F-DONG-0222,C,기둥,DONG,B2F,500x500,3300,,0.825
C-B2F-DONG-0223,C,기둥,DONG,B2F,500x500,3300,,0.825
C-B2F-DONG-0224,C,기둥,DONG,B2F,500x500,3300,,0.825
C-B2F-DONG-0225,C,기둥,DONG,B2F,500x500,3300,,0.825
"('PC2', 143862.7919997396, 2387997.7392454897)-B2F-DONG-0001","('PC2', 143862.7919997396, 2387997.7392454897)",기둥,DONG,B2F,500x500,3300,,0.825
C-B2F-DONG-0226,C,기둥,DONG,B2F,500x500,3300,,0.825
C-B2F-DONG-0227,C,기둥,DONG,B2F,500x500,3300,,0.825
C-B2F-DONG-0228,C,기둥,DONG,B2F,500x500,3300,,0.825
C-B2F-DONG-0229,C,기둥,DONG,B2F,500x500,3300,,0.825
"('EC2', 136600.99171641673, 2310528.7673154315)-B2F-DONG-0001","('EC2', 136600.99171641673, 2310528.7673154315)",기둥,DONG,B2F,500x500,3300,,0.825
C-B2F-DONG-0230,C,기둥,DONG,B2F,499x499,3300,,0.825
C-B2F-DONG-0231,C,기둥,DONG,B2F,500x500,3300,,0.825
C-B2F-DONG-0232,C,기둥,DONG,B2F,463x900,3300,,1.3754
"('EC1', 164805.9917166393, 2335578.767315437)-B2F-DONG-0002","('EC1', 164805.9917166393, 2335578.767315437)",기둥,DONG,B2F,500x500,3300,,0.825
C-B2F-DONG-0233,C,기둥,DONG,B2F,500x500,3300,,0.825
C-B2F-DONG-0234,C,기둥,DONG,B2F,500x500,3300,,0.825
C-B2F-DONG-0235,C,기둥,DONG,B2F,500x500,3300,,0.825
C-B2F-DONG-0236,C,기둥,DONG,B2F,500x500,3300,,0.825
C-B2F-DONG-0237,C,기둥,DONG,B2F,500x500,3300,,0.825
C-B2F-DONG-0238,C,기둥,DONG,B2F,500x500,3300,,0.825
C-B2F-DONG-0239,C,기둥,DONG,B2F,500x500,3300,,0.825
C-B2F-DONG-0240,C,기둥,DONG,B2F,1832x1677,3300,,10.1395
C-B2F-DONG-0241,C,기둥,DONG,B2F,500x500,3300,,0.825
C-B2F-DONG-0242,C,기둥,DONG,B2F,500x500,3300,,0.825
C-B2F-DONG-0243,C,기둥,DONG,B2F,500x500,3300,,0.825
C-B2F-DONG-0244,C,기둥,DONG,B2F,500x500,3300,,0.825
C-B2F-DONG-0245,C,기둥,DONG,B2F,500x500,3300,,0.825
C-B2F-DONG-0246,C,기둥,DONG,B2F,500x500,3300,,0.825
C-B2F-DONG-0247,C,기둥,DONG,B2F,500x500,3300,,0.825
C-B2F-DONG-0248,C,기둥,DONG,B2F,500x500,3300,,0.825
C-B2F-DONG-0249,C,기둥,DONG,B2F,500x500,3300,,0.825
"('AC1', 158797.52157669593, 2331388.088593105)-B2F-DONG-0002","('AC1', 158797.52157669593, 2331388.088593105)",기둥,DONG,B2F,500x500,3300,,0.825
C-B2F-DONG-0250,C,기둥,DONG,B2F,500x500,3300,,0.825
C-B2F-DONG-0251,C,기둥,DONG,B2F,500x500,3300,,0.825
C-B2F-DONG-0252,C,기둥,DONG,B2F,500x500,3300,,0.825
C-B2F-DONG-0253,C,기둥,DONG,B2F,500x500,3300,,0.825
"('EC1', 130896.51524819467, 2341627.521466616)-B2F-DONG-0003","('EC1', 130896.51524819467, 2341627.521466616)",기둥,DONG,B2F,500x500,3300,,0.825
C-B2F-DONG-0254,C,기둥,DONG,B2F,500x500,3300,,0.825
"('EC1', 137062.88369126548, 2341825.485056707)-B2F-DONG-0003","('EC1', 137062.88369126548, 2341825.485056707)",기둥,DONG,B2F,500x500,3300,,0.825
C-B2F-DONG-0255,C,기둥,DONG,B2F,500x500,3300,,0.825
C-B2F-DONG-0256,C,기둥,DONG,B2F,500x500,3300,,0.825
C-B2F-DONG-0257,C,기둥,DONG,B2F,500x500,3300,,0.825
C-B2F-DONG-0258,C,기둥,DONG,B2F,500x500,3300,,0.825
C-B2F-DONG-0259,C,기둥,DONG,B2F,500x500,3300,,0.825
C-B2F-DONG-0260,C,기둥,DONG,B2F,500x500,3300,,0.825
C-B2F-DONG-0261,C,기둥,DONG,B2F,500x500,3300,,0.825
C-B2F-DONG-0262,C,기둥,DONG,B2F,500x500,3300,,0.825
C-B2F-DONG-0263,C,기둥,DONG,B2F,500x500,3300,,0.825
C-B2F-DONG-0264,C,기둥,DONG,B2F,500x500,3300,,0.825
"('EC1', 165905.9853188754, 2393898.7722385894)-B2F-DONG-0002","('EC1', 165905.9853188754, 2393898.7722385894)",기둥,DONG,B2F,500x500,3300,,0.825
"('AC1', 158797.52157669593, 2331388.088593105)-B2F-DONG-0003","('AC1', 158797.52157669593, 2331388.088593105)",기둥,DONG,B2F,1119x200,3300,,0.7392
C-B2F-DONG-0265,C,기둥,DONG,B2F,1798x200,3300,,1.1872
C-B2F-DONG-0266,C,기둥,DONG,B2F,200x2660,3300,,1.7556
C-B2F-DONG-0267,C,기둥,DONG,B2F,200x1769,3300,,1.1682
C-B2F-DONG-0268,C,기둥,DONG,B2F,900x200,3300,,0.594
C-B2F-DONG-0269,C,기둥,DONG,B2F,200x400,3300,,0.264
"('AC1', 158797.52157669593, 2331388.088593105)-B2F-DONG-0004","('AC1', 158797.52157669593, 2331388.088593105)",기둥,DONG,B2F,500x700,3300,,1.155
"('AC1', 157097.52157669593, 2322788.088593105)-B2F-DONG-0001","('AC1', 157097.52157669593, 2322788.088593105)",기둥,DONG,B2F,500x700,3300,,1.155
C-B2F-DONG-0270,C,기둥,DONG,B2F,500x500,3300,,0.825
500X600-B2F-DONG-0001,500X600,보(X),DONG,B2F,500x600,500,,0.15
500X600-B2F-DONG-0002,500X600,보(Y),DONG,B2F,500x600,7700,,2.31
500X600-B2F-DONG-0003,500X600,보(X),DONG,B2F,500x600,500,,0.15
500X600-B2F-DONG-0004,500X600,보(Y),DONG,B2F,500x600,7700,,2.31
500X600-B2F-DONG-0005,500X600,보(X),DONG,B2F,500x600,500,,0.15
500X600-B2F-DONG-0006,500X600,보(Y),DONG,B2F,500x600,7800,,2.34
500X600-B2F-DONG-0007,500X600,보(X),DONG,B2F,500x600,500,,0.15
500X600-B2F-DONG-0008,500X600,보(Y),DONG,B2F,500x600,7800,,2.34
500X600-B2F-DONG-0009,500X600,보(X),DONG,B2F,500x600,500,,0.15
500X600-B2F-DONG-0010,500X600,보(Y),DONG,B2F,500x600,8250,,2.475
500X600-B2F-DONG-0011,500X600,보(X),DONG,B2F,500x600,500,,0.15
600X900-B2F-DONG-0001,600X900,보(Y),DONG,B2F,600x900,8250,,4.455
500X600-B2F-DONG-0012,500X600,보(Y),DONG,B2F,500x600,5000,,1.5
500X600-B2F-DONG-0013,500X600,보(X),DONG,B2F,500x600,500,,0.15
500X600-B2F-DONG-0014,500X600,보(Y),DONG,B2F,500x600,5000,,1.5
500X600-B2F-DONG-0015,500X600,보(X),DONG,B2F,500x600,500,,0.15
500X600-B2F-DONG-0016,500X600,보(Y),DONG,B2F,500x600,5400,,1.62
500X600-B2F-DONG-0017,500X600,보(X),DONG,B2F,500x600,500,,0.15
500X600-B2F-DONG-0018,500X600,보(Y),DONG,B2F,500x600,5400,,1.62
500X600-B2F-DONG-0019,500X600,보(Y),DONG,B2F,500x600,7700,,2.31
500X600-B2F-DONG-0020,500X600,보(X),DONG,B2F,500x600,500,,0.15
500X600-B2F-DONG-0021,500X600,보(Y),DONG,B2F,500x600,7700,,2.31
500X600-B2F-DONG-0022,500X600,보(Y),DONG,B2F,500x600,7650,,2.295
500X600-B2F-DONG-0023,500X600,보(X),DONG,B2F,500x600,500,,0.15
500X600-B2F-DONG-0024,500X600,보(Y),DONG,B2F,500x600,7650,,2.295
500X600-B2F-DONG-0025,500X600,보(X),DONG,B2F,500x600,500,,0.15
500X600-B2F-DONG-0026,500X600,보(Y),DONG,B2F,500x600,7650,,2.295
500X600-B2F-DONG-0027,500X600,보(X),DONG,B2F,500x600,500,,0.15
500X600-B2F-DONG-0028,500X600,보(Y),DONG,B2F,500x600,7650,,2.295
500X600-B2F-DONG-0029,500X600,보(Y),DONG,B2F,500x600,7800,,2.34
500X600-B2F-DONG-0030,500X600,보(X),DONG,B2F,500x600,500,,0.15
500X600-B2F-DONG-0031,500X600,보(Y),DONG,B2F,500x600,7800,,2.34
500X600-B2F-DONG-0032,500X600,보(Y),DONG,B2F,500x600,7800,,2.34
500X600-B2F-DONG-0033,500X600,보(X),DONG,B2F,500x600,500,,0.15
500X600-B2F-DONG-0034,500X600,보(Y),DONG,B2F,500x600,7800,,2.34
500X600-B2F-DONG-0035,500X600,보(Y),DONG,B2F,500x600,7800,,2.34
500X600-B2F-DONG-0036,500X600,보(X),DONG,B2F,500x600,500,,0.15
500X600-B2F-DONG-0037,500X600,보(Y),DONG,B2F,500x600,7800,,2.34
500X600-B2F-DONG-0038,500X600,보(Y),DONG,B2F,500x600,7800,,2.34
500X600-B2F-DONG-0039,500X600,보(X),DONG,B2F,500x600,500,,0.15
500X600-B2F-DONG-0040,500X600,보(Y),DONG,B2F,500x600,7800,,2.34
500X600-B2F-DONG-0041,500X600,보(Y),DONG,B2F,500x600,7700,,2.31
500X600-B2F-DONG-0042,500X600,보(Y),DONG,B2F,500x600,7700,,2.31
500X600-B2F-DONG-0043,500X600,보(X),DONG,B2F,500x600,5900,,1.77
500X600-B2F-DONG-0044,500X600,보(Y),DONG,B2F,500x600,500,,0.15
500X600-B2F-DONG-0045,500X600,보(X),DONG,B2F,500x600,5900,,1.77
500X600-B2F-DONG-0046,500X600,보(X),DONG,B2F,500x600,5100,,1.53
500X600-B2F-DONG-0047,500X600,보(X),DONG,B2F,500x600,5100,,1.53
500X900-B2F-DONG-0001,500X900,보(X),DONG,B2F,500x900,662,,0.2981
500X600-B2F-DONG-0048,500X600,보(X),DONG,B2F,500x600,6701,,2.0102
500X600-B2F-DONG-0049,500X600,보(Y),DONG,B2F,500x600,500,,0.15
500X600-B2F-DONG-0050,500X600,보(Y),DONG,B2F,500x600,7700,,2.31
500X600-B2F-DONG-0051,500X600,보(X),DONG,B2F,500x600,500,,0.15
500X600-B2F-DONG-0052,500X600,보(Y),DONG,B2F,500x600,7700,,2.31
500X600-B2F-DONG-0053,500X600,보(Y),DONG,B2F,500x600,7700,,2.31
500X600-B2F-DONG-0054,500X600,보(X),DONG,B2F,500x600,500,,0.15
500X600-B2F-DONG-0055,500X600,보(Y),DONG,B2F,500x600,7700,,2.31
500X600-B2F-DONG-0056,500X600,보(X),DONG,B2F,500x600,663,,0.1988
500X600-B2F-DONG-0057,500X600,보(Y),DONG,B2F,500x600,6020,,1.806
500X600-B2F-DONG-0058,500X600,보(Y),DONG,B2F,500x600,7700,,2.31
500X600-B2F-DONG-0059,500X600,보(X),DONG,B2F,500x600,500,,0.15
500X600-B2F-DONG-0060,500X600,보(Y),DONG,B2F,500x600,7700,,2.31
500X600-B2F-DONG-0061,500X600,보(Y),DONG,B2F,500x600,7700,,2.31
500X600-B2F-DONG-0062,500X600,보(X),DONG,B2F,500x600,500,,0.15
500X600-B2F-DONG-0063,500X600,보(Y),DONG,B2F,500x600,7700,,2.31
500X600-B2F-DONG-0064,500X600,보(Y),DONG,B2F,500x600,7700,,2.31
500X600-B2F-DONG-0065,500X600,보(X),DONG,B2F,500x600,500,,0.15
500X600-B2F-DONG-0066,500X600,보(Y),DONG,B2F,500x600,7700,,2.31
500X600-B2F-DONG-0067,500X600,보(Y),DONG,B2F,500x600,7750,,2.325
500X600-B2F-DONG-0068,500X600,보(X),DONG,B2F,500x600,500,,0.15
500X600-B2F-DONG-0069,500X600,보(Y),DONG,B2F,500x600,7750,,2.325
500X600-B2F-DONG-0070,500X600,보(Y),DONG,B2F,500x600,7750,,2.325
500X600-B2F-DONG-0071,500X600,보(X),DONG,B2F,500x600,500,,0.15
500X600-B2F-DONG-0072,500X600,보(Y),DONG,B2F,500x600,7750,,2.325
500X900-B2F-DONG-0002,500X900,보(Y),DONG,B2F,500x900,7750,,3.4875
500X600-B2F-DONG-0073,500X600,보(X),DONG,B2F,500x600,500,,0.15
500X900-B2F-DONG-0003,500X900,보(Y),DONG,B2F,500x900,7750,,3.4875
500X600-B2F-DONG-0074,500X600,보(Y),DONG,B2F,500x600,8250,,2.475
500X600-B2F-DONG-0075,500X600,보(X),DONG,B2F,500x600,500,,0.15
500X600-B2F-DONG-0076,500X600,보(Y),DONG,B2F,500x600,8250,,2.475
500X600-B2F-DONG-0077,500X600,보(Y),DONG,B2F,500x600,8250,,2.475
500X900-B2F-DONG-0004,500X900,보(X),DONG,B2F,500x900,500,,0.225
500X600-B2F-DONG-0078,500X600,보(Y),DONG,B2F,500x600,8250,,2.475
600X1500-B2F-DONG-0001,600X1500,보(X),DONG,B2F,600x1500,596,,0.5366
500X600-B2F-DONG-0079,500X600,보(Y),DONG,B2F,500x600,4128,,1.2383
500X600-B2F-DONG-0080,500X600,보(X),DONG,B2F,500x600,500,,0.15
500X600-B2F-DONG-0081,500X600,보(Y),DONG,B2F,500x600,3803,,1.1409
500X600-B2F-DONG-0082,500X600,보(Y),DONG,B2F,500x600,8250,,2.475
500X600-B2F-DONG-0083,500X600,보(X),DONG,B2F,500x600,500,,0.15
500X600-B2F-DONG-0084,500X600,보(Y),DONG,B2F,500x600,8250,,2.475
500X600-B2F-DONG-0085,500X600,보(Y),DONG,B2F,500x600,4950,,1.485
500X600-B2F-DONG-0086,500X600,보(X),DONG,B2F,500x600,500,,0.15
500X600-B2F-DONG-0087,500X600,보(Y),DONG,B2F,500x600,4950,,1.485
500X600-B2F-DONG-0088,500X600,보(X),DONG,B2F,500x600,515,,0.1546
500X600-B2F-DONG-0089,500X600,보(Y),DONG,B2F,500x600,4394,,1.3182
500X900-B2F-DONG-0005,500X900,보(X),DONG,B2F,500x900,500,,0.225
500X600-B2F-DONG-0090,500X600,보(X),DONG,B2F,500x600,515,,0.1546
500X600-B2F-DONG-0091,500X600,보(Y),DONG,B2F,500x600,8516,,2.5548
600X600-B2F-DONG-0001,600X600,보(Y),DONG,B2F,600x600,500,,0.1801
500X600-B2F-DONG-0092,500X600,보(X),DONG,B2F,500x600,7381,,2.2142
500X600-B2F-DONG-0093,500X600,보(X),DONG,B2F,500x600,5169,,1.5508
600X600-B2F-DONG-0002,600X600,보(Y),DONG,B2F,600x600,500,,0.1801
500X600-B2F-DONG-0094,500X600,보(X),DONG,B2F,500x600,5100,,1.53
500X600-B2F-DONG-0095,500X600,보(X),DONG,B2F,500x600,7454,,2.2361
500X600-B2F-DONG-0096,500X600,보(Y),DONG,B2F,500x600,500,,0.1501
500X600-B2F-DONG-0097,500X600,보(X),DONG,B2F,500x600,7436,,2.2309
500X600-B2F-DONG-0098,500X600,보(X),DONG,B2F,500x600,510,,0.1529
500X600-B2F-DONG-0099,500X600,보(X),DONG,B2F,500x600,8438,,2.5315
500X600-B2F-DONG-0100,500X600,보(Y),DONG,B2F,500x600,500,,0.1501
500X600-B2F-DONG-0101,500X600,보(Y),DONG,B2F,500x600,7700,,2.31
500X600-B2F-DONG-0102,500X600,보(X),DONG,B2F,500x600,500,,0.15
500X600-B2F-DONG-0103,500X600,보(Y),DONG,B2F,500x600,7700,,2.31
500X600-B2F-DONG-0104,500X600,보(Y),DONG,B2F,500x600,7900,,2.37
500X600-B2F-DONG-0105,500X600,보(X),DONG,B2F,500x600,500,,0.15
600X900-B2F-DONG-0002,600X900,보(Y),DONG,B2F,600x900,7900,,4.266
600X900-B2F-DONG-0003,600X900,보(Y),DONG,B2F,600x900,7900,,4.266
600X900-B2F-DONG-0004,600X900,보(X),DONG,B2F,600x900,500,,0.27
600X900-B2F-DONG-0005,600X900,보(Y),DONG,B2F,600x900,7900,,4.266
500X600-B2F-DONG-0106,500X600,보(Y),DONG,B2F,500x600,7650,,2.295
500X600-B2F-DONG-0107,500X600,보(X),DONG,B2F,500x600,500,,0.15
500X600-B2F-DONG-0108,500X600,보(Y),DONG,B2F,500x600,7650,,2.295
500X600-B2F-DONG-0109,500X600,보(Y),DONG,B2F,500x600,7950,,2.385
500X600-B2F-DONG-0110,500X600,보(X),DONG,B2F,500x600,500,,0.15
500X600-B2F-DONG-0111,500X600,보(Y),DONG,B2F,500x600,7950,,2.385
500X600-B2F-DONG-0112,500X600,보(Y),DONG,B2F,500x600,8100,,2.43
600X900-B2F-DONG-0006,600X900,보(X),DONG,B2F,600x900,500,,0.27
500X600-B2F-DONG-0113,500X600,보(Y),DONG,B2F,500x600,8100,,2.43
500X600-B2F-DONG-0114,500X600,보(Y),DONG,B2F,500x600,8050,,2.415
500X600-B2F-DONG-0115,500X600,보(X),DONG,B2F,500x600,500,,0.15
500X600-B2F-DONG-0116,500X600,보(Y),DONG,B2F,500x600,8050,,2.415
500X600-B2F-DONG-0117,500X600,보(X),DONG,B2F,500x600,7570,,2.271
500X600-B2F-DONG-0118,500X600,보(Y),DONG,B2F,500x600,500,,0.15
500X600-B2F-DONG-0119,500X600,보(X),DONG,B2F,500x600,7570,,2.271
800X900-B2F-DONG-0001,800X900,보(Y),DONG,B2F,800x900,504,,0.3626
500X600-B2F-DONG-0120,500X600,보(X),DONG,B2F,500x600,5438,,1.6315
600X600-B2F-DONG-0003,600X600,보(Y),DONG,B2F,600x600,500,,0.18
600X900-B2F-DONG-0007,600X900,보(Y),DONG,B2F,600x900,504,,0.272
500X600-B2F-DONG-0121,500X600,보(X),DONG,B2F,500x600,5268,,1.5805
600X600-B2F-DONG-0004,600X600,보(Y),DONG,B2F,600x600,508,,0.1829
500X600-B2F-DONG-0122,500X600,보(X),DONG,B2F,500x600,7475,,2.2425
600X600-B2F-DONG-0005,600X600,보(Y),DONG,B2F,600x600,508,,0.1828
500X600-B2F-DONG-0123,500X600,보(X),DONG,B2F,500x600,7477,,2.243
600X600-B2F-DONG-0006,600X600,보(Y),DONG,B2F,600x600,508,,0.1829
600X900-B2F-DONG-0008,600X900,보(X),DONG,B2F,600x900,4359,,2.3536
500X600-B2F-DONG-0124,500X600,보(Y),DONG,B2F,500x600,508,,0.1523
600X900-B2F-DONG-0009,600X900,보(X),DONG,B2F,600x900,3920,,2.1169
800X1500-B2F-DONG-0001,800X1500,보(X),DONG,B2F,800x1500,610,,0.7325
500X600-B2F-DONG-0125,500X600,보(Y),DONG,B2F,500x600,8100,,2.43
500X600-B2F-DONG-0126,500X600,보(X),DONG,B2F,500x600,500,,0.15
500X600-B2F-DONG-0127,500X600,보(Y),DONG,B2F,500x600,8100,,2.43
500X600-B2F-DONG-0128,500X600,보(Y),DONG,B2F,500x600,8663,,2.5988
600X600-B2F-DONG-0007,600X600,보(X),DONG,B2F,600x600,500,,0.18
500X600-B2F-DONG-0129,500X600,보(Y),DONG,B2F,500x600,8583,,2.5748
500X600-B2F-DONG-0130,500X600,보(Y),DONG,B2F,500x600,4000,,1.2
500X600-B2F-DONG-0131,500X600,보(X),DONG,B2F,500x600,500,,0.15
500X600-B2F-DONG-0132,500X600,보(Y),DONG,B2F,500x600,4000,,1.2
500X600-B2F-DONG-0133,500X600,보(X),DONG,B2F,500x600,500,,0.15
500X600-B2F-DONG-0134,500X600,보(Y),DONG,B2F,500x600,4550,,1.365
500X600-B2F-DONG-0135,500X600,보(X),DONG,B2F,500x600,500,,0.15
500X600-B2F-DONG-0136,500X600,보(X),DONG,B2F,500x600,500,,0.15
500X600-B2F-DONG-0137,500X600,보(Y),DONG,B2F,500x600,7898,,2.3693
500X600-B2F-DONG-0138,500X600,보(X),DONG,B2F,500x600,500,,0.15
500X600-B2F-DONG-0139,500X600,보(X),DONG,B2F,500x600,500,,0.15
500X600-B2F-DONG-0140,500X600,보(Y),DONG,B2F,500x600,7898,,2.3693
500X600-B2F-DONG-0141,500X600,보(X),DONG,B2F,500x600,500,,0.15
500X600-B2F-DONG-0142,500X600,보(X),DONG,B2F,500x600,500,,0.15
500X600-B2F-DONG-0143,500X600,보(Y),DONG,B2F,500x600,7898,,2.3693
500X600-B2F-DONG-0144,500X600,보(X),DONG,B2F,500x600,500,,0.15
400X900-B2F-DONG-0001,400X900,보(Y),DONG,B2F,400x900,503,,0.1813
500X600-B2F-DONG-0145,500X600,보(X),DONG,B2F,500x600,6208,,1.8624
500X600-B2F-DONG-0146,500X600,보(Y),DONG,B2F,500x600,515,,0.1546
500X600-B2F-DONG-0147,500X600,보(X),DONG,B2F,500x600,6806,,2.0418
500X600-B2F-DONG-0148,500X600,보(Y),DONG,B2F,500x600,500,,0.15
500X600-B2F-DONG-0149,500X600,보(Y),DONG,B2F,500x600,500,,0.15
500X600-B2F-DONG-0150,500X600,보(X),DONG,B2F,500x600,6067,,1.8201
500X600-B2F-DONG-0151,500X600,보(Y),DONG,B2F,500x600,515,,0.1546
500X600-B2F-DONG-0152,500X600,보(X),DONG,B2F,500x600,6831,,2.0493
500X600-B2F-DONG-0153,500X600,보(Y),DONG,B2F,500x600,500,,0.15
500X600-B2F-DONG-0154,500X600,보(X),DONG,B2F,500x600,6705,,2.0115
500X600-B2F-DONG-0155,500X600,보(Y),DONG,B2F,500x600,7505,,2.2515
700X600-B2F-DONG-0001,700X600,보(X),DONG,B2F,700x600,500,,0.21
500X600-B2F-DONG-0156,500X600,보(Y),DONG,B2F,500x600,7630,,2.2889
500X600-B2F-DONG-0157,500X600,보(X),DONG,B2F,500x600,1280,,0.3839
500X600-B2F-DONG-0158,500X600,보(Y),DONG,B2F,500x600,5851,,1.7552
900X900-B2F-DONG-0001,900X900,보(X),DONG,B2F,900x900,500,,0.405
700X600-B2F-DONG-0002,700X600,보(X),DONG,B2F,700x600,500,,0.21
500X600-B2F-DONG-0159,500X600,보(Y),DONG,B2F,500x600,7300,,2.19
500X600-B2F-DONG-0160,500X600,보(X),DONG,B2F,500x600,500,,0.15
500X600-B2F-DONG-0161,500X600,보(X),DONG,B2F,500x600,500,,0.15
500X600-B2F-DONG-0162,500X600,보(Y),DONG,B2F,500x600,8000,,2.4
500X600-B2F-DONG-0163,500X600,보(X),DONG,B2F,500x600,500,,0.15
500X600-B2F-DONG-0164,500X600,보(X),DONG,B2F,500x600,500,,0.15
500X600-B2F-DONG-0165,500X600,보(Y),DONG,B2F,500x600,6350,,1.905
500X600-B2F-DONG-0166,500X600,보(X),DONG,B2F,500x600,500,,0.15
500X600-B2F-DONG-0167,500X600,보(X),DONG,B2F,500x600,500,,0.15
500X600-B2F-DONG-0168,500X600,보(Y),DONG,B2F,500x600,6350,,1.905
500X600-B2F-DONG-0169,500X600,보(X),DONG,B2F,500x600,500,,0.15
500X600-B2F-DONG-0170,500X600,보(X),DONG,B2F,500x600,521,,0.1564
500X900-B2F-DONG-0006,500X900,보(Y),DONG,B2F,500x900,7313,,3.2908
500X900-B2F-DONG-0007,500X900,보(X),DONG,B2F,500x900,500,,0.225
500X900-B2F-DONG-0008,500X900,보(Y),DONG,B2F,500x900,7166,,3.2246
600X1500-B2F-DONG-0002,600X1500,보(X),DONG,B2F,600x1500,653,,0.5874
500X600-B2F-DONG-0171,500X600,보(Y),DONG,B2F,500x600,7501,,2.2504
500X600-B2F-DONG-0172,500X600,보(X),DONG,B2F,500x600,500,,0.15
500X600-B2F-DONG-0173,500X600,보(X),DONG,B2F,500x600,521,,0.1564
500X600-B2F-DONG-0174,500X600,보(Y),DONG,B2F,500x600,8113,,2.4339
500X600-B2F-DONG-0175,500X600,보(X),DONG,B2F,500x600,500,,0.15
500X600-B2F-DONG-0176,500X600,보(Y),DONG,B2F,500x600,7966,,2.3898
500X600-B2F-DONG-0177,500X600,보(Y),DONG,B2F,500x600,500,,0.15
500X600-B2F-DONG-0178,500X600,보(X),DONG,B2F,500x600,7900,,2.37
500X600-B2F-DONG-0179,500X600,보(Y),DONG,B2F,500x600,500,,0.15
500X600-B2F-DONG-0180,500X600,보(Y),DONG,B2F,500x600,500,,0.15
500X600-B2F-DONG-0181,500X600,보(X),DONG,B2F,500x600,7900,,2.37
500X600-B2F-DONG-0182,500X600,보(Y),DONG,B2F,500x600,500,,0.15
500X600-B2F-DONG-0183,500X600,보(Y),DONG,B2F,500x600,500,,0.15
500X600-B2F-DONG-0184,500X600,보(X),DONG,B2F,500x600,7900,,2.37
500X600-B2F-DONG-0185,500X600,보(Y),DONG,B2F,500x600,500,,0.15
600X1200-B2F-DONG-0001,600X1200,보(Y),DONG,B2F,600x1200,500,,0.36
500X600-B2F-DONG-0186,500X600,보(X),DONG,B2F,500x600,7900,,2.37
400X800-B2F-DONG-0001,400X800,보(Y),DONG,B2F,400x800,500,,0.16
500X600-B2F-DONG-0187,500X600,보(X),DONG,B2F,500x600,500,,0.15
500X600-B2F-DONG-0188,500X600,보(Y),DONG,B2F,500x600,7300,,2.19
500X600-B2F-DONG-0189,500X600,보(X),DONG,B2F,500x600,500,,0.15
500X600-B2F-DONG-0190,500X600,보(X),DONG,B2F,500x600,500,,0.15
500X600-B2F-DONG-0191,500X600,보(Y),DONG,B2F,500x600,4750,,1.425
500X600-B2F-DONG-0192,500X600,보(X),DONG,B2F,500x600,500,,0.15
500X600-B2F-DONG-0193,500X600,보(X),DONG,B2F,500x600,500,,0.15
500X600-B2F-DONG-0194,500X600,보(Y),DONG,B2F,500x600,4750,,1.425
400X800-B2F-DONG-0002,400X800,보(X),DONG,B2F,400x800,500,,0.16
500X600-B2F-DONG-0195,500X600,보(X),DONG,B2F,500x600,500,,0.15
500X600-B2F-DONG-0196,500X600,보(Y),DONG,B2F,500x600,7300,,2.19
500X600-B2F-DONG-0197,500X600,보(X),DONG,B2F,500x600,500,,0.15
500X600-B2F-DONG-0198,500X600,보(X),DONG,B2F,500x600,500,,0.15
500X600-B2F-DONG-0199,500X600,보(Y),DONG,B2F,500x600,8000,,2.4
500X600-B2F-DONG-0200,500X600,보(X),DONG,B2F,500x600,500,,0.15
500X600-B2F-DONG-0201,500X600,보(X),DONG,B2F,500x600,500,,0.15
500X600-B2F-DONG-0202,500X600,보(Y),DONG,B2F,500x600,8000,,2.4
500X600-B2F-DONG-0203,500X600,보(X),DONG,B2F,500x600,500,,0.15
500X600-B2F-DONG-0204,500X600,보(X),DONG,B2F,500x600,500,,0.15
500X600-B2F-DONG-0205,500X600,보(Y),DONG,B2F,500x600,7900,,2.37
500X600-B2F-DONG-0206,500X600,보(X),DONG,B2F,500x600,500,,0.15
600X900-B2F-DONG-0010,600X900,보(Y),DONG,B2F,600x900,6397,,3.4545
600X900-B2F-DONG-0011,600X900,보(Y),DONG,B2F,600x900,6273,,3.3872
500X600-B2F-DONG-0207,500X600,보(Y),DONG,B2F,500x600,8514,,2.5543
800X900-B2F-DONG-0002,800X900,보(X),DONG,B2F,800x900,500,,0.36
500X600-B2F-DONG-0208,500X600,보(Y),DONG,B2F,500x600,8190,,2.4569
500X600-B2F-DONG-0209,500X600,보(X),DONG,B2F,500x600,500,,0.15
500X600-B2F-DONG-0210,500X600,보(Y),DONG,B2F,500x600,3800,,1.14
500X600-B2F-DONG-0211,500X600,보(X),DONG,B2F,500x600,500,,0.15
500X600-B2F-DONG-0212,500X600,보(Y),DONG,B2F,500x600,7700,,2.31
500X600-B2F-DONG-0213,500X600,보(Y),DONG,B2F,500x600,7700,,2.31
500X600-B2F-DONG-0214,500X600,보(Y),DONG,B2F,500x600,7700,,2.31
500X600-B2F-DONG-0215,500X600,보(Y),DONG,B2F,500x600,7700,,2.31
500X600-B2F-DONG-0216,500X600,보(X),DONG,B2F,500x600,7950,,2.385
500X600-B2F-DONG-0217,500X600,보(X),DONG,B2F,500x600,7900,,2.37
500X600-B2F-DONG-0218,500X600,보(X),DONG,B2F,500x600,7900,,2.37
500X600-B2F-DONG-0219,500X600,보(X),DONG,B2F,500x600,5950,,1.785
500X600-B2F-DONG-0220,500X600,보(X),DONG,B2F,500x600,5900,,1.77
500X600-B2F-DONG-0221,500X600,보(X),DONG,B2F,500x600,5150,,1.545
500X600-B2F-DONG-0222,500X600,보(X),DONG,B2F,500x600,5100,,1.53
500X600-B2F-DONG-0223,500X600,보(X),DONG,B2F,500x600,7800,,2.34
500X600-B2F-DONG-0224,500X600,보(X),DONG,B2F,500x600,7850,,2.355
400X800-B2F-DONG-0003,400X800,보(X),DONG,B2F,400x800,4758,,1.5225
500X600-B2F-DONG-0225,500X600,보(Y),DONG,B2F,500x600,7700,,2.31
400X800-B2F-DONG-0004,400X800,보(Y),DONG,B2F,400x800,3000,,0.96
500X600-B2F-DONG-0226,500X600,보(Y),DONG,B2F,500x600,4250,,1.275
500X600-B2F-DONG-0227,500X600,보(Y),DONG,B2F,500x600,4250,,1.275
500X600-B2F-DONG-0228,500X600,보(Y),DONG,B2F,500x600,4250,,1.275
500X600-B2F-DONG-0229,500X600,보(Y),DONG,B2F,500x600,4250,,1.275
500X600-B2F-DONG-0230,500X600,보(Y),DONG,B2F,500x600,7700,,2.31
500X600-B2F-DONG-0231,500X600,보(Y),DONG,B2F,500x600,4100,,1.23
500X600-B2F-DONG-0232,500X600,보(Y),DONG,B2F,500x600,7700,,2.31
500X600-B2F-DONG-0233,500X600,보(Y),DONG,B2F,500x600,7700,,2.31
500X600-B2F-DONG-0234,500X600,보(Y),DONG,B2F,500x600,7700,,2.31
500X600-B2F-DONG-0235,500X600,보(Y),DONG,B2F,500x600,7700,,2.31
400X800-B2F-DONG-0005,400X800,보(Y),DONG,B2F,400x800,40171,,12.8548
400X800-B2F-DONG-0006,400X800,보(Y),DONG,B2F,400x800,4272,,1.3669
500X600-B2F-DONG-0236,500X600,보(X),DONG,B2F,500x600,4750,,1.425
500X600-B2F-DONG-0237,500X600,보(X),DONG,B2F,500x600,4750,,1.425
500X600-B2F-DONG-0238,500X600,보(X),DONG,B2F,500x600,7800,,2.34
500X600-B2F-DONG-0239,500X600,보(X),DONG,B2F,500x600,7800,,2.34
500X600-B2F-DONG-0240,500X600,보(X),DONG,B2F,500x600,4750,,1.425
500X600-B2F-DONG-0241,500X600,보(X),DONG,B2F,500x600,4750,,1.425
500X600-B2F-DONG-0242,500X600,보(Y),DONG,B2F,500x600,7700,,2.31
500X600-B2F-DONG-0243,500X600,보(Y),DONG,B2F,500x600,7700,,2.31
500X600-B2F-DONG-0244,500X600,보(Y),DONG,B2F,500x600,7707,,2.312
500X600-B2F-DONG-0245,500X600,보(Y),DONG,B2F,500x600,7700,,2.31
500X600-B2F-DONG-0246,500X600,보(Y),DONG,B2F,500x600,7700,,2.31
500X600-B2F-DONG-0247,500X600,보(Y),DONG,B2F,500x600,7700,,2.31
500X600-B2F-DONG-0248,500X600,보(Y),DONG,B2F,500x600,7700,,2.31
500X600-B2F-DONG-0249,500X600,보(X),DONG,B2F,500x600,4750,,1.425
500X600-B2F-DONG-0250,500X600,보(X),DONG,B2F,500x600,4750,,1.425
500X600-B2F-DONG-0251,500X600,보(X),DONG,B2F,500x600,7800,,2.34
500X600-B2F-DONG-0252,500X600,보(X),DONG,B2F,500x600,7800,,2.34
500X600-B2F-DONG-0253,500X600,보(X),DONG,B2F,500x600,4750,,1.425
500X600-B2F-DONG-0254,500X600,보(X),DONG,B2F,500x600,4750,,1.425
500X600-B2F-DONG-0255,500X600,보(Y),DONG,B2F,500x600,7750,,2.325
500X600-B2F-DONG-0256,500X600,보(Y),DONG,B2F,500x600,7700,,2.31
500X600-B2F-DONG-0257,500X600,보(Y),DONG,B2F,500x600,7750,,2.325
500X600-B2F-DONG-0258,500X600,보(Y),DONG,B2F,500x600,7750,,2.325
500X600-B2F-DONG-0259,500X600,보(Y),DONG,B2F,500x600,7750,,2.325
500X600-B2F-DONG-0260,500X600,보(Y),DONG,B2F,500x600,7750,,2.325
500X600-B2F-DONG-0261,500X600,보(Y),DONG,B2F,500x600,7750,,2.325
500X600-B2F-DONG-0262,500X600,보(Y),DONG,B2F,500x600,8250,,2.475
500X600-B2F-DONG-0263,500X600,보(Y),DONG,B2F,500x600,8250,,2.475
500X600-B2F-DONG-0264,500X600,보(X),DONG,B2F,500x600,7650,,2.295
500X600-B2F-DONG-0265,500X600,보(X),DONG,B2F,500x600,7800,,2.34
500X900-B2F-DONG-0009,500X900,보(X),DONG,B2F,500x900,4750,,2.1375
500X600-B2F-DONG-0266,500X600,보(X),DONG,B2F,500x600,4750,,1.425
900X900-B2F-DONG-0002,900X900,보(Y),DONG,B2F,900x900,8250,,6.6825
500X600-B2F-DONG-0267,500X600,보(X),DONG,B2F,500x600,4950,,1.485
500X600-B2F-DONG-0268,500X600,보(X),DONG,B2F,500x600,4860,,1.4581
500X600-B2F-DONG-0269,500X600,보(X),DONG,B2F,500x600,4950,,1.485
500X600-B2F-DONG-0270,500X600,보(X),DONG,B2F,500x600,4950,,1.485
500X600-B2F-DONG-0271,500X600,보(X),DONG,B2F,500x600,4950,,1.485
500X600-B2F-DONG-0272,500X600,보(X),DONG,B2F,500x600,4950,,1.485
500X600-B2F-DONG-0273,500X600,보(X),DONG,B2F,500x600,4950,,1.485
500X600-B2F-DONG-0274,500X600,보(X),DONG,B2F,500x600,4950,,1.485
700X900-B2F-DONG-0001,700X900,보(X),DONG,B2F,700x900,2097,,1.3208
700X900-B2F-DONG-0002,700X900,보(X),DONG,B2F,700x900,2221,,1.3994
500X600-B2F-DONG-0275,500X600,보(X),DONG,B2F,500x600,4950,,1.485
500X600-B2F-DONG-0276,500X600,보(X),DONG,B2F,500x600,4950,,1.485
400X800-B2F-DONG-0007,400X800,보(X),DONG,B2F,400x800,12700,,4.064
500X600-B2F-DONG-0277,500X600,보(X),DONG,B2F,500x600,4950,,1.485
500X600-B2F-DONG-0278,500X600,보(X),DONG,B2F,500x600,7200,,2.16
500X600-B2F-DONG-0279,500X600,보(X),DONG,B2F,500x600,7019,,2.1057
500X600-B2F-DONG-0280,500X600,보(X),DONG,B2F,500x600,5150,,1.545
500X600-B2F-DONG-0281,500X600,보(X),DONG,B2F,500x600,5062,,1.5187
400X800-B2F-DONG-0008,400X800,보(Y),DONG,B2F,400x800,35046,,11.2147
500X600-B2F-DONG-0282,500X600,보(Y),DONG,B2F,500x600,7650,,2.295
500X600-B2F-DONG-0283,500X600,보(Y),DONG,B2F,500x600,7800,,2.34
600X900-B2F-DONG-0012,600X900,보(Y),DONG,B2F,600x900,8250,,4.455
400X800-B2F-DONG-0009,400X800,보(Y),DONG,B2F,400x800,5000,,1.6
600X900-B2F-DONG-0013,600X900,보(Y),DONG,B2F,600x900,5400,,2.916
900X900-B2F-DONG-0003,900X900,보(Y),DONG,B2F,900x900,7700,,6.237
600X900-B2F-DONG-0014,600X900,보(Y),DONG,B2F,600x900,7700,,4.158
500X600-B2F-DONG-0284,500X600,보(Y),DONG,B2F,500x600,7650,,2.295
500X600-B2F-DONG-0285,500X600,보(Y),DONG,B2F,500x600,7650,,2.295
500X600-B2F-DONG-0286,500X600,보(Y),DONG,B2F,500x600,7650,,2.295
500X600-B2F-DONG-0287,500X600,보(Y),DONG,B2F,500x600,7650,,2.295
500X600-B2F-DONG-0288,500X600,보(Y),DONG,B2F,500x600,7650,,2.295
500X600-B2F-DONG-0289,500X600,보(Y),DONG,B2F,500x600,7700,,2.31
500X600-B2F-DONG-0290,500X600,보(X),DONG,B2F,500x600,7250,,2.175
500X600-B2F-DONG-0291,500X600,보(X),DONG,B2F,500x600,7200,,2.16
500X600-B2F-DONG-0292,500X600,보(X),DONG,B2F,500x600,5250,,1.575
500X600-B2F-DONG-0293,500X600,보(X),DONG,B2F,500x600,5150,,1.545
500X600-B2F-DONG-0294,500X600,보(X),DONG,B2F,500x600,23200,,6.96
500X600-B2F-DONG-0295,500X600,보(X),DONG,B2F,500x600,7250,,2.175
500X600-B2F-DONG-0296,500X600,보(X),DONG,B2F,500x600,7250,,2.175
500X600-B2F-DONG-0297,500X600,보(Y),DONG,B2F,500x600,7800,,2.34
500X600-B2F-DONG-0298,500X600,보(Y),DONG,B2F,500x600,7800,,2.34
500X600-B2F-DONG-0299,500X600,보(Y),DONG,B2F,500x600,7800,,2.34
500X600-B2F-DONG-0300,500X600,보(Y),DONG,B2F,500x600,7800,,2.34
500X600-B2F-DONG-0301,500X600,보(Y),DONG,B2F,500x600,7800,,2.34
500X600-B2F-DONG-0302,500X600,보(Y),DONG,B2F,500x600,7800,,2.34
500X600-B2F-DONG-0303,500X600,보(X),DONG,B2F,500x600,7900,,2.37
400X800-B2F-DONG-0010,400X800,보(X),DONG,B2F,400x800,7900,,2.528
400X800-B2F-DONG-0011,400X800,보(X),DONG,B2F,400x800,5250,,1.68
500X600-B2F-DONG-0304,500X600,보(Y),DONG,B2F,500x600,7800,,2.34
500X600-B2F-DONG-0305,500X600,보(Y),DONG,B2F,500x600,7800,,2.34
400X800-B2F-DONG-0012,400X800,보(X),DONG,B2F,400x800,14650,,4.688
400X800-B2F-DONG-0013,400X800,보(X),DONG,B2F,400x800,14650,,4.688
400X800-B2F-DONG-0014,400X800,보(X),DONG,B2F,400x800,4750,,1.52
600X1500-B2F-DONG-0003,600X1500,보(Y),DONG,B2F,600x1500,1219,,1.097
600X1500-B2F-DONG-0004,600X1500,보(Y),DONG,B2F,600x1500,938,,0.8439
700X900-B2F-DONG-0003,700X900,보(Y),DONG,B2F,700x900,8300,,5.229
700X900-B2F-DONG-0004,700X900,보(Y),DONG,B2F,700x900,8250,,5.1975
500X600-B2F-DONG-0306,500X600,보(X),DONG,B2F,500x600,7630,,2.2891
500X600-B2F-DONG-0307,500X600,보(X),DONG,B2F,500x600,7650,,2.295
800X900-B2F-DONG-0003,800X900,보(X),DONG,B2F,800x900,4750,,3.42
800X900-B2F-DONG-0004,800X900,보(X),DONG,B2F,800x900,5786,,4.1659
800X900-B2F-DONG-0005,800X900,보(X),DONG,B2F,800x900,6084,,4.3804
800X900-B2F-DONG-0006,800X900,보(X),DONG,B2F,800x900,4758,,3.4257
500X600-B2F-DONG-0308,500X600,보(Y),DONG,B2F,500x600,8250,,2.475
500X700-B2F-DONG-0001,500X700,보(Y),DONG,B2F,500x700,16600,,5.81
400X800-B2F-DONG-0015,400X800,보(X),DONG,B2F,400x800,34200,,10.944
500X600-B2F-DONG-0309,500X600,보(Y),DONG,B2F,500x600,8250,,2.475
500X600-B2F-DONG-0310,500X600,보(Y),DONG,B2F,500x600,8250,,2.475
500X600-B2F-DONG-0311,500X600,보(X),DONG,B2F,500x600,7250,,2.175
800X900-B2F-DONG-0007,800X900,보(Y),DONG,B2F,800x900,4950,,3.564
500X600-B2F-DONG-0312,500X600,보(Y),DONG,B2F,500x600,5000,,1.5
500X600-B2F-DONG-0313,500X600,보(Y),DONG,B2F,500x600,5379,,1.6137
500X600-B2F-DONG-0314,500X600,보(X),DONG,B2F,500x600,7250,,2.175
500X900-B2F-DONG-0010,500X900,보(X),DONG,B2F,500x900,7250,,3.2625
500X900-B2F-DONG-0011,500X900,보(X),DONG,B2F,500x900,7250,,3.2625
500X600-B2F-DONG-0315,500X600,보(Y),DONG,B2F,500x600,4950,,1.485
700X1700-B2F-DONG-0001,700X1700,보(Y),DONG,B2F,700x1700,3571,,4.2499
500X600-B2F-DONG-0316,500X600,보(Y),DONG,B2F,500x600,5400,,1.62
500X600-B2F-DONG-0317,500X600,보(X),DONG,B2F,500x600,7472,,2.2416
500X600-B2F-DONG-0318,500X600,보(X),DONG,B2F,500x600,7472,,2.2416
500X600-B2F-DONG-0319,500X600,보(Y),DONG,B2F,500x600,7700,,2.31
500X600-B2F-DONG-0320,500X600,보(Y),DONG,B2F,500x600,7656,,2.2967
500X600-B2F-DONG-0321,500X600,보(Y),DONG,B2F,500x600,9463,,2.839
500X600-B2F-DONG-0322,500X600,보(Y),DONG,B2F,500x600,9350,,2.805
500X600-B2F-DONG-0323,500X600,보(X),DONG,B2F,500x600,7250,,2.175
500X600-B2F-DONG-0324,500X600,보(X),DONG,B2F,500x600,7504,,2.2511
500X600-B2F-DONG-0325,500X600,보(X),DONG,B2F,500x600,7700,,2.31
600X600-B2F-DONG-0008,600X600,보(Y),DONG,B2F,600x600,9357,,3.3684
600X600-B2F-DONG-0009,600X600,보(Y),DONG,B2F,600x600,9345,,3.3644
500X600-B2F-DONG-0326,500X600,보(X),DONG,B2F,500x600,5200,,1.56
500X600-B2F-DONG-0327,500X600,보(X),DONG,B2F,500x600,5046,,1.5138
500X600-B2F-DONG-0328,500X600,보(Y),DONG,B2F,500x600,6330,,1.899
500X600-B2F-DONG-0329,500X600,보(X),DONG,B2F,500x600,4859,,1.4577
500X600-B2F-DONG-0330,500X600,보(X),DONG,B2F,500x600,5200,,1.56
900X900-B2F-DONG-0004,900X900,보(Y),DONG,B2F,900x900,6330,,5.1273
500X600-B2F-DONG-0331,500X600,보(X),DONG,B2F,500x600,5100,,1.53
500X600-B2F-DONG-0332,500X600,보(Y),DONG,B2F,500x600,6330,,1.899
500X600-B2F-DONG-0333,500X600,보(X),DONG,B2F,500x600,7700,,2.31
500X600-B2F-DONG-0334,500X600,보(Y),DONG,B2F,500x600,9347,,2.8041
500X600-B2F-DONG-0335,500X600,보(X),DONG,B2F,500x600,7605,,2.2815
500X600-B2F-DONG-0336,500X600,보(Y),DONG,B2F,500x600,6330,,1.899
500X600-B2F-DONG-0337,500X600,보(X),DONG,B2F,500x600,7350,,2.205
500X600-B2F-DONG-0338,500X600,보(X),DONG,B2F,500x600,5158,,1.5474
500X600-B2F-DONG-0339,500X600,보(X),DONG,B2F,500x600,7300,,2.1899
500X600-B2F-DONG-0340,500X600,보(Y),DONG,B2F,500x600,9364,,2.8092
500X600-B2F-DONG-0341,500X600,보(Y),DONG,B2F,500x600,7650,,2.295
500X600-B2F-DONG-0342,500X600,보(Y),DONG,B2F,500x600,7650,,2.295
400X800-B2F-DONG-0016,400X800,보(X),DONG,B2F,400x800,11960,,3.8272
500X600-B2F-DONG-0343,500X600,보(X),DONG,B2F,500x600,7350,,2.205
500X600-B2F-DONG-0344,500X600,보(X),DONG,B2F,500x600,4110,,1.233
500X600-B2F-DONG-0345,500X600,보(X),DONG,B2F,500x600,4565,,1.3696
500X600-B2F-DONG-0346,500X600,보(X),DONG,B2F,500x600,4241,,1.2722
500X600-B2F-DONG-0347,500X600,보(Y),DONG,B2F,500x600,3639,,1.0917
500X600-B2F-DONG-0348,500X600,보(Y),DONG,B2F,500x600,3606,,1.0818
500X600-B2F-DONG-0349,500X600,보(Y),DONG,B2F,500x600,7900,,2.37
500X600-B2F-DONG-0350,500X600,보(Y),DONG,B2F,500x600,7900,,2.37
400X800-B2F-DONG-0017,400X800,보(X),DONG,B2F,400x800,4941,,1.5811
500X600-B2F-DONG-0351,500X600,보(X),DONG,B2F,500x600,7356,,2.2068
400X800-B2F-DONG-0018,400X800,보(X),DONG,B2F,400x800,542,,0.1733
400X800-B2F-DONG-0019,400X800,보(X),DONG,B2F,400x800,566,,0.181
400X800-B2F-DONG-0020,400X800,보(X),DONG,B2F,400x800,3361,,1.0755
500X600-B2F-DONG-0352,500X600,보(X),DONG,B2F,500x600,3889,,1.1667
500X600-B2F-DONG-0353,500X600,보(X),DONG,B2F,500x600,4010,,1.2031
500X600-B2F-DONG-0354,500X600,보(X),DONG,B2F,500x600,6677,,2.0031
500X600-B2F-DONG-0355,500X600,보(X),DONG,B2F,500x600,4109,,1.2327
500X600-B2F-DONG-0356,500X600,보(X),DONG,B2F,500x600,4010,,1.203
500X600-B2F-DONG-0357,500X600,보(X),DONG,B2F,500x600,7250,,2.175
500X600-B2F-DONG-0358,500X600,보(Y),DONG,B2F,500x600,2446,,0.7338
600X900-B2F-DONG-0015,600X900,보(Y),DONG,B2F,600x900,3160,,1.7065
500X600-B2F-DONG-0359,500X600,보(Y),DONG,B2F,500x600,7950,,2.385
500X600-B2F-DONG-0360,500X600,보(Y),DONG,B2F,500x600,7950,,2.385
500X600-B2F-DONG-0361,500X600,보(X),DONG,B2F,500x600,7350,,2.205
600X1600-B2F-DONG-0001,600X1600,보(Y),DONG,B2F,600x1600,579,,0.5555
500X900-B2F-DONG-0012,500X900,보(Y),DONG,B2F,500x900,1293,,0.5817
400X800-B2F-DONG-0021,400X800,보(X),DONG,B2F,400x800,755,,0.2417
500X600-B2F-DONG-0362,500X600,보(X),DONG,B2F,500x600,7272,,2.1816
500X600-B2F-DONG-0363,500X600,보(X),DONG,B2F,500x600,7350,,2.205
500X600-B2F-DONG-0364,500X600,보(X),DONG,B2F,500x600,4910,,1.4729
500X600-B2F-DONG-0365,500X600,보(X),DONG,B2F,500x600,5200,,1.56
600X600-B2F-DONG-0010,600X600,보(Y),DONG,B2F,600x600,9353,,3.3669
500X600-B2F-DONG-0366,500X600,보(Y),DONG,B2F,500x600,9353,,2.8058
500X600-B2F-DONG-0367,500X600,보(X),DONG,B2F,500x600,7700,,2.31
500X600-B2F-DONG-0368,500X600,보(X),DONG,B2F,500x600,7491,,2.2473
500X600-B2F-DONG-0369,500X600,보(X),DONG,B2F,500x600,4984,,1.4953
500X900-B2F-DONG-0013,500X900,보(X),DONG,B2F,500x900,5200,,2.34
800X900-B2F-DONG-0008,800X900,보(Y),DONG,B2F,800x900,9278,,6.6799
600X900-B2F-DONG-0016,600X900,보(Y),DONG,B2F,600x900,9278,,5.0099
600X600-B2F-DONG-0011,600X600,보(Y),DONG,B2F,600x600,9358,,3.3688
600X600-B2F-DONG-0012,600X600,보(Y),DONG,B2F,600x600,9358,,3.3688
500X600-B2F-DONG-0370,500X600,보(X),DONG,B2F,500x600,4862,,1.4587
500X600-B2F-DONG-0371,500X600,보(X),DONG,B2F,500x600,4850,,1.455
800X900-B2F-DONG-0009,800X900,보(Y),DONG,B2F,800x900,7900,,5.688
600X900-B2F-DONG-0017,600X900,보(X),DONG,B2F,600x900,4862,,2.6257
500X600-B2F-DONG-0372,500X600,보(X),DONG,B2F,500x600,4850,,1.455
600X900-B2F-DONG-0018,600X900,보(X),DONG,B2F,600x900,4950,,2.673
600X900-B2F-DONG-0019,600X900,보(X),DONG,B2F,600x900,4850,,2.619
500X600-B2F-DONG-0373,500X600,보(X),DONG,B2F,500x600,4950,,1.485
500X600-B2F-DONG-0374,500X600,보(X),DONG,B2F,500x600,4950,,1.485
500X600-B2F-DONG-0375,500X600,보(X),DONG,B2F,500x600,4950,,1.485
500X600-B2F-DONG-0376,500X600,보(X),DONG,B2F,500x600,4950,,1.485
500X600-B2F-DONG-0377,500X600,보(X),DONG,B2F,500x600,5308,,1.5923
500X600-B2F-DONG-0378,500X600,보(X),DONG,B2F,500x600,6366,,1.9097
800X900-B2F-DONG-0010,800X900,보(Y),DONG,B2F,800x900,7900,,5.688
500X600-B2F-DONG-0379,500X600,보(Y),DONG,B2F,500x600,8100,,2.43
500X600-B2F-DONG-0380,500X600,보(Y),DONG,B2F,500x600,8100,,2.43
400X800-B2F-DONG-0022,400X800,보(Y),DONG,B2F,400x800,2134,,0.6828
500X600-B2F-DONG-0381,500X600,보(X),DONG,B2F,500x600,7250,,2.175
500X600-B2F-DONG-0382,500X600,보(X),DONG,B2F,500x600,7250,,2.175
500X600-B2F-DONG-0383,500X600,보(X),DONG,B2F,500x600,7570,,2.271
500X600-B2F-DONG-0384,500X600,보(X),DONG,B2F,500x600,7700,,2.31
600X600-B2F-DONG-0013,600X600,보(Y),DONG,B2F,600x600,9210,,3.3156
600X600-B2F-DONG-0014,600X600,보(Y),DONG,B2F,600x600,9210,,3.3156
500X600-B2F-DONG-0385,500X600,보(Y),DONG,B2F,500x600,8050,,2.415
500X600-B2F-DONG-0386,500X600,보(Y),DONG,B2F,500x600,9210,,2.763
500X600-B2F-DONG-0387,500X600,보(Y),DONG,B2F,500x600,8100,,2.43
500X600-B2F-DONG-0388,500X600,보(Y),DONG,B2F,500x600,8050,,2.415
600X600-B2F-DONG-0015,600X600,보(X),DONG,B2F,600x600,7250,,2.61
600X600-B2F-DONG-0016,600X600,보(X),DONG,B2F,600x600,7250,,2.61
700X1700-B2F-DONG-0002,700X1700,보(Y),DONG,B2F,700x1700,569,,0.6769
500X600-B2F-DONG-0389,500X600,보(Y),DONG,B2F,500x600,8100,,2.43
500X600-B2F-DONG-0390,500X600,보(Y),DONG,B2F,500x600,8047,,2.414
500X600-B2F-DONG-0391,500X600,보(X),DONG,B2F,500x600,7302,,2.1907
500X600-B2F-DONG-0392,500X600,보(X),DONG,B2F,500x600,7382,,2.2147
500X600-B2F-DONG-0393,500X600,보(X),DONG,B2F,500x600,10335,,3.1004
400X800-B2F-DONG-0023,400X800,보(X),DONG,B2F,400x800,1825,,0.584
500X600-B2F-DONG-0394,500X600,보(X),DONG,B2F,500x600,7800,,2.34
500X600-B2F-DONG-0395,500X600,보(Y),DONG,B2F,500x600,4000,,1.2
500X600-B2F-DONG-0396,500X600,보(Y),DONG,B2F,500x600,3997,,1.199
500X600-B2F-DONG-0397,500X600,보(X),DONG,B2F,500x600,3917,,1.175
500X600-B2F-DONG-0398,500X600,보(X),DONG,B2F,500x600,7250,,2.175
400X800-B2F-DONG-0024,400X800,보(Y),DONG,B2F,400x800,1990,,0.6368
400X800-B2F-DONG-0025,400X800,보(Y),DONG,B2F,400x800,1990,,0.6368
500X600-B2F-DONG-0399,500X600,보(Y),DONG,B2F,500x600,4250,,1.275
500X600-B2F-DONG-0400,500X600,보(Y),DONG,B2F,500x600,1468,,0.4405
400X800-B2F-DONG-0026,400X800,보(Y),DONG,B2F,400x800,2566,,0.8212
400X800-B2F-DONG-0027,400X800,보(Y),DONG,B2F,400x800,2002,,0.6407
400X800-B2F-DONG-0028,400X800,보(Y),DONG,B2F,400x800,2002,,0.6407
500X600-B2F-DONG-0401,500X600,보(X),DONG,B2F,500x600,6616,,1.9848
500X600-B2F-DONG-0402,500X600,보(X),DONG,B2F,500x600,6565,,1.9695
400X800-B2F-DONG-0029,400X800,보(X),DONG,B2F,400x800,2020,,0.6464
400X800-B2F-DONG-0030,400X800,보(X),DONG,B2F,400x800,2002,,0.6406
400X800-B2F-DONG-0031,400X800,보(Y),DONG,B2F,400x800,1282,,0.4103
400X800-B2F-DONG-0032,400X800,보(Y),DONG,B2F,400x800,1158,,0.3704
500X600-B2F-DONG-0403,500X600,보(X),DONG,B2F,500x600,7800,,2.34
500X600-B2F-DONG-0404,500X600,보(X),DONG,B2F,500x600,7800,,2.34
500X600-B2F-DONG-0405,500X600,보(X),DONG,B2F,500x600,5150,,1.545
500X600-B2F-DONG-0406,500X600,보(X),DONG,B2F,500x600,5150,,1.545
500X600-B2F-DONG-0407,500X600,보(X),DONG,B2F,500x600,6648,,1.9944
500X600-B2F-DONG-0408,500X600,보(X),DONG,B2F,500x600,4643,,1.3928
400X800-B2F-DONG-0033,400X800,보(X),DONG,B2F,400x800,1247,,0.399
400X800-B2F-DONG-0034,400X800,보(X),DONG,B2F,400x800,1020,,0.3265
400X800-B2F-DONG-0035,400X800,보(X),DONG,B2F,400x800,999,,0.3198
500X600-B2F-DONG-0409,500X600,보(Y),DONG,B2F,500x600,7898,,2.3693
500X600-B2F-DONG-0410,500X600,보(Y),DONG,B2F,500x600,7900,,2.37
500X600-B2F-DONG-0411,500X600,보(Y),DONG,B2F,500x600,7900,,2.37
500X600-B2F-DONG-0412,500X600,보(Y),DONG,B2F,500x600,7900,,2.37
400X900-B2F-DONG-0002,400X900,보(Y),DONG,B2F,400x900,7660,,2.7574
400X900-B2F-DONG-0003,400X900,보(Y),DONG,B2F,400x900,7638,,2.7497
500X600-B2F-DONG-0413,500X600,보(Y),DONG,B2F,500x600,7600,,2.28
500X600-B2F-DONG-0414,500X600,보(Y),DONG,B2F,500x600,7601,,2.2803
500X600-B2F-DONG-0415,500X600,보(Y),DONG,B2F,500x600,7932,,2.3795
500X600-B2F-DONG-0416,500X600,보(Y),DONG,B2F,500x600,7588,,2.2764
500X600-B2F-DONG-0417,500X600,보(Y),DONG,B2F,500x600,7267,,2.1802
400X800-B2F-DONG-0036,400X800,보(Y),DONG,B2F,400x800,2051,,0.6563
500X600-B2F-DONG-0418,500X600,보(Y),DONG,B2F,500x600,8122,,2.4367
500X600-B2F-DONG-0419,500X600,보(X),DONG,B2F,500x600,5885,,1.7656
500X600-B2F-DONG-0420,500X600,보(X),DONG,B2F,500x600,5727,,1.7182
500X600-B2F-DONG-0421,500X600,보(Y),DONG,B2F,500x600,5781,,1.7342
400X800-B2F-DONG-0037,400X800,보(X),DONG,B2F,400x800,2005,,0.6418
400X800-B2F-DONG-0038,400X800,보(X),DONG,B2F,400x800,2005,,0.6418
700X600-B2F-DONG-0003,700X600,보(X),DONG,B2F,700x600,5684,,2.3871
900X900-B2F-DONG-0005,900X900,보(X),DONG,B2F,900x900,7422,,6.012
900X900-B2F-DONG-0006,900X900,보(X),DONG,B2F,900x900,7460,,6.0429
900X900-B2F-DONG-0007,900X900,보(X),DONG,B2F,900x900,7479,,6.0577
500X600-B2F-DONG-0422,500X600,보(X),DONG,B2F,500x600,5135,,1.5406
500X600-B2F-DONG-0423,500X600,보(X),DONG,B2F,500x600,5029,,1.5087
500X600-B2F-DONG-0424,500X600,보(X),DONG,B2F,500x600,5606,,1.6818
500X900-B2F-DONG-0014,500X900,보(X),DONG,B2F,500x900,5718,,2.573
500X600-B2F-DONG-0425,500X600,보(X),DONG,B2F,500x600,7722,,2.3166
500X600-B2F-DONG-0426,500X600,보(X),DONG,B2F,500x600,7868,,2.3604
500X600-B2F-DONG-0427,500X600,보(Y),DONG,B2F,500x600,7308,,2.1925
500X600-B2F-DONG-0428,500X600,보(X),DONG,B2F,500x600,8000,,2.4
500X600-B2F-DONG-0429,500X600,보(X),DONG,B2F,500x600,7950,,2.385
500X600-B2F-DONG-0430,500X600,보(X),DONG,B2F,500x600,4717,,1.4152
500X600-B2F-DONG-0431,500X600,보(X),DONG,B2F,500x600,5060,,1.5181
400X800-B2F-DONG-0039,400X800,보(Y),DONG,B2F,400x800,2393,,0.7657
400X800-B2F-DONG-0040,400X800,보(Y),DONG,B2F,400x800,2112,,0.676
500X600-B2F-DONG-0432,500X600,보(X),DONG,B2F,500x600,7800,,2.34
500X600-B2F-DONG-0433,500X600,보(X),DONG,B2F,500x600,7800,,2.34
500X600-B2F-DONG-0434,500X600,보(X),DONG,B2F,500x600,5300,,1.59
500X600-B2F-DONG-0435,500X600,보(X),DONG,B2F,500x600,5150,,1.545
500X600-B2F-DONG-0436,500X600,보(X),DONG,B2F,500x600,7000,,2.1
500X600-B2F-DONG-0437,500X600,보(X),DONG,B2F,500x600,6892,,2.0675
400X800-B2F-DONG-0041,400X800,보(Y),DONG,B2F,400x800,56700,,18.144
400X800-B2F-DONG-0042,400X800,보(Y),DONG,B2F,400x800,4100,,1.312
600X1000-B2F-DONG-0001,600X1000,보(Y),DONG,B2F,600x1000,3902,,2.341
600X1000-B2F-DONG-0002,600X1000,보(Y),DONG,B2F,600x1000,7003,,4.2017
500X600-B2F-DONG-0438,500X600,보(Y),DONG,B2F,500x600,7296,,2.1887
500X600-B2F-DONG-0439,500X600,보(Y),DONG,B2F,500x600,7700,,2.31
500X600-B2F-DONG-0440,500X600,보(Y),DONG,B2F,500x600,7600,,2.28
400X800-B2F-DONG-0043,400X800,보(Y),DONG,B2F,400x800,3500,,1.12
400X800-B2F-DONG-0044,400X800,보(Y),DONG,B2F,400x800,7600,,2.432
500X600-B2F-DONG-0441,500X600,보(X),DONG,B2F,500x600,7800,,2.34
500X600-B2F-DONG-0442,500X600,보(X),DONG,B2F,500x600,7800,,2.34
400X800-B2F-DONG-0045,400X800,보(Y),DONG,B2F,400x800,3800,,1.216
400X800-B2F-DONG-0046,400X800,보(Y),DONG,B2F,400x800,3800,,1.216
500X600-B2F-DONG-0443,500X600,보(Y),DONG,B2F,500x600,7900,,2.37
500X600-B2F-DONG-0444,500X600,보(X),DONG,B2F,500x600,5200,,1.56
500X600-B2F-DONG-0445,500X600,보(X),DONG,B2F,500x600,5200,,1.56
500X600-B2F-DONG-0446,500X600,보(Y),DONG,B2F,500x600,7900,,2.37
500X600-B2F-DONG-0447,500X600,보(X),DONG,B2F,500x600,7800,,2.34
500X600-B2F-DONG-0448,500X600,보(X),DONG,B2F,500x600,7800,,2.34
500X600-B2F-DONG-0449,500X600,보(X),DONG,B2F,500x600,7800,,2.34
500X600-B2F-DONG-0450,500X600,보(X),DONG,B2F,500x600,7800,,2.34
500X600-B2F-DONG-0451,500X600,보(X),DONG,B2F,500x600,7800,,2.34
500X600-B2F-DONG-0452,500X600,보(X),DONG,B2F,500x600,7800,,2.34
500X600-B2F-DONG-0453,500X600,보(X),DONG,B2F,500x600,7800,,2.34
500X600-B2F-DONG-0454,500X600,보(X),DONG,B2F,500x600,7800,,2.34
500X600-B2F-DONG-0455,500X600,보(Y),DONG,B2F,500x600,8000,,2.4
500X600-B2F-DONG-0456,500X600,보(Y),DONG,B2F,500x600,8000,,2.4
500X600-B2F-DONG-0457,500X600,보(Y),DONG,B2F,500x600,7300,,2.19
400X800-B2F-DONG-0047,400X800,보(Y),DONG,B2F,400x800,4750,,1.52
400X800-B2F-DONG-0048,400X800,보(X),DONG,B2F,400x800,15342,,4.9094
500X600-B2F-DONG-0458,500X600,보(X),DONG,B2F,500x600,7800,,2.3401
400X800-B2F-DONG-0049,400X800,보(X),DONG,B2F,400x800,5150,,1.648
400X800-B2F-DONG-0050,400X800,보(X),DONG,B2F,400x800,1292,,0.4134
400X800-B2F-DONG-0051,400X800,보(Y),DONG,B2F,400x800,610,,0.1952
400X800-B2F-DONG-0052,400X800,보(Y),DONG,B2F,400x800,1110,,0.3552
500X600-B2F-DONG-0459,500X600,보(X),DONG,B2F,500x600,5200,,1.56
500X600-B2F-DONG-0460,500X600,보(X),DONG,B2F,500x600,5200,,1.56
500X600-B2F-DONG-0461,500X600,보(X),DONG,B2F,500x600,5200,,1.56
500X600-B2F-DONG-0462,500X600,보(X),DONG,B2F,500x600,5200,,1.56
500X600-B2F-DONG-0463,500X600,보(X),DONG,B2F,500x600,5200,,1.56
500X600-B2F-DONG-0464,500X600,보(X),DONG,B2F,500x600,5200,,1.56
500X600-B2F-DONG-0465,500X600,보(X),DONG,B2F,500x600,5150,,1.545
500X600-B2F-DONG-0466,500X600,보(X),DONG,B2F,500x600,5200,,1.56
400X800-B2F-DONG-0053,400X800,보(Y),DONG,B2F,400x800,4750,,1.52
500X600-B2F-DONG-0467,500X600,보(Y),DONG,B2F,500x600,7300,,2.19
500X600-B2F-DONG-0468,500X600,보(Y),DONG,B2F,500x600,8000,,2.4
500X600-B2F-DONG-0469,500X600,보(Y),DONG,B2F,500x600,8000,,2.4
500X600-B2F-DONG-0470,500X600,보(Y),DONG,B2F,500x600,4750,,1.425
500X600-B2F-DONG-0471,500X600,보(Y),DONG,B2F,500x600,2950,,0.885
500X600-B2F-DONG-0472,500X600,보(X),DONG,B2F,500x600,6900,,2.07
500X600-B2F-DONG-0473,500X600,보(X),DONG,B2F,500x600,7000,,2.1
500X600-B2F-DONG-0474,500X600,보(X),DONG,B2F,500x600,5100,,1.53
500X600-B2F-DONG-0475,500X600,보(X),DONG,B2F,500x600,5200,,1.56
500X600-B2F-DONG-0476,500X600,보(X),DONG,B2F,500x600,7900,,2.37
500X600-B2F-DONG-0477,500X600,보(X),DONG,B2F,500x600,8000,,2.4
500X600-B2F-DONG-0478,500X600,보(Y),DONG,B2F,500x600,2950,,0.885
500X600-B2F-DONG-0479,500X600,보(Y),DONG,B2F,500x600,2950,,0.885
500X600-B2F-DONG-0480,500X600,보(Y),DONG,B2F,500x600,2950,,0.885
500X600-B2F-DONG-0481,500X600,보(Y),DONG,B2F,500x600,2950,,0.885
500X600-B2F-DONG-0482,500X600,보(Y),DONG,B2F,500x600,2950,,0.885
500X600-B2F-DONG-0483,500X600,보(Y),DONG,B2F,500x600,2950,,0.885
500X600-B2F-DONG-0484,500X600,보(X),DONG,B2F,500x600,5000,,1.5
500X600-B2F-DONG-0485,500X600,보(X),DONG,B2F,500x600,5050,,1.515
600X1500-B2F-DONG-0005,600X1500,보(X),DONG,B2F,600x1500,1682,,1.5135
500X600-B2F-DONG-0486,500X600,보(X),DONG,B2F,500x600,1749,,0.5246
500X600-B2F-DONG-0487,500X600,보(Y),DONG,B2F,500x600,576,,0.1727
400X800-B2F-DONG-0054,400X800,보(Y),DONG,B2F,400x800,995,,0.3184
500X600-B2F-DONG-0488,500X600,보(X),DONG,B2F,500x600,4310,,1.2931
500X600-B2F-DONG-0489,500X600,보(X),DONG,B2F,500x600,4310,,1.2931
500X600-B2F-DONG-0490,500X600,보(X),DONG,B2F,500x600,4500,,1.35
500X600-B2F-DONG-0491,500X600,보(X),DONG,B2F,500x600,4310,,1.2931
500X900-B2F-DONG-0015,500X900,보(X),DONG,B2F,500x900,5050,,2.2725
500X600-B2F-DONG-0492,500X600,보(X),DONG,B2F,500x600,5100,,1.53
500X600-B2F-DONG-0493,500X600,보(X),DONG,B2F,500x600,7500,,2.25
500X600-B2F-DONG-0494,500X600,보(X),DONG,B2F,500x600,7461,,2.2383
500X600-B2F-DONG-0495,500X600,보(Y),DONG,B2F,500x600,8775,,2.6324
500X600-B2F-DONG-0496,500X600,보(Y),DONG,B2F,500x600,8950,,2.685
500X600-B2F-DONG-0497,500X600,보(Y),DONG,B2F,500x600,6504,,1.9512
500X600-B2F-DONG-0498,500X600,보(Y),DONG,B2F,500x600,6350,,1.905
500X600-B2F-DONG-0499,500X600,보(X),DONG,B2F,500x600,5264,,1.5792
500X600-B2F-DONG-0500,500X600,보(X),DONG,B2F,500x600,5264,,1.5792
500X600-B2F-DONG-0501,500X600,보(X),DONG,B2F,500x600,7500,,2.25
500X600-B2F-DONG-0502,500X600,보(X),DONG,B2F,500x600,7500,,2.25
500X600-B2F-DONG-0503,500X600,보(Y),DONG,B2F,500x600,4124,,1.2372
500X600-B2F-DONG-0504,500X600,보(Y),DONG,B2F,500x600,3704,,1.1113
500X600-B2F-DONG-0505,500X600,보(X),DONG,B2F,500x600,4500,,1.35
500X600-B2F-DONG-0506,500X600,보(X),DONG,B2F,500x600,4415,,1.3244
500X600-B2F-DONG-0507,500X600,보(Y),DONG,B2F,500x600,6350,,1.905
500X600-B2F-DONG-0508,500X600,보(Y),DONG,B2F,500x600,6350,,1.905
500X600-B2F-DONG-0509,500X600,보(Y),DONG,B2F,500x600,6350,,1.905
500X600-B2F-DONG-0510,500X600,보(Y),DONG,B2F,500x600,5600,,1.68
400X800-B2F-DONG-0055,400X800,보(X),DONG,B2F,400x800,7796,,2.4946
400X800-B2F-DONG-0056,400X800,보(X),DONG,B2F,400x800,7200,,2.304
400X800-B2F-DONG-0057,400X800,보(Y),DONG,B2F,400x800,1167,,0.3736
400X800-B2F-DONG-0058,400X800,보(X),DONG,B2F,400x800,4162,,1.3318
700X900-B2F-DONG-0005,700X900,보(X),DONG,B2F,700x900,4058,,2.5567
500X900-B2F-DONG-0016,500X900,보(Y),DONG,B2F,500x900,7850,,3.5325
500X600-B2F-DONG-0511,500X600,보(Y),DONG,B2F,500x600,6663,,1.9988
600X2000-B2F-DONG-0001,600X2000,보(X),DONG,B2F,600x2000,2772,,3.3263
600X2000-B2F-DONG-0002,600X2000,보(X),DONG,B2F,600x2000,2772,,3.3263
400X800-B2F-DONG-0059,400X800,보(Y),DONG,B2F,400x800,1300,,0.416
600X900_EST-B2F-DONG-0001,600X900_EST,보(X),DONG,B2F,600x900,23200,,12.528
600X900_EST-B2F-DONG-0002,600X900_EST,보(X),DONG,B2F,600x900,8050,,4.347
500X600-B2F-DONG-0512,500X600,보(Y),DONG,B2F,500x600,4100,,1.23
400X800-B2F-DONG-0060,400X800,보(Y),DONG,B2F,400x800,3000,,0.96
400X900_EST-B2F-DONG-0001,400X900_EST,보(X),DONG,B2F,400x900,6250,,2.25
600X900_EST-B2F-DONG-0003,600X900_EST,보(X),DONG,B2F,600x900,7900,,4.266
700X900-B2F-DONG-0006,700X900,보(Y),DONG,B2F,700x900,10200,,6.4257
400X800-B2F-DONG-0061,400X800,보(X),DONG,B2F,400x800,4262,,1.364
400X800-B2F-DONG-0062,400X800,보(Y),DONG,B2F,400x800,6128,,1.961
400X800-B2F-DONG-0063,400X800,보(X),DONG,B2F,400x800,3638,,1.1641
700X900-B2F-DONG-0007,700X900,보(Y),DONG,B2F,700x900,5409,,3.4074
500X600-B2F-DONG-0513,500X600,보(X),DONG,B2F,500x600,3006,,0.9019
500X600-B2F-DONG-0514,500X600,보(X),DONG,B2F,500x600,3131,,0.9393
900X900-B2F-DONG-0008,900X900,보(Y),DONG,B2F,900x900,7700,,6.237
500X600-B2F-DONG-0515,500X600,보(X),DONG,B2F,500x600,7790,,2.337
500X600-B2F-DONG-0516,500X600,보(X),DONG,B2F,500x600,7790,,2.337
400X800-B2F-DONG-0064,400X800,보(Y),DONG,B2F,400x800,2183,,0.6984
400X800-B2F-DONG-0065,400X800,보(X),DONG,B2F,400x800,32841,,10.509
1000X900-B2F-DONG-0001,1000X900,보(X),DONG,B2F,1000x900,8028,,7.2256
400X900-B2F-DONG-0004,400X900,보(Y),DONG,B2F,400x900,41245,,14.8483
400X800-B2F-DONG-0066,400X800,보(X),DONG,B2F,400x800,5750,,1.84
400X800-B2F-DONG-0067,400X800,보(X),DONG,B2F,400x800,5700,,1.824
400X800-B2F-DONG-0068,400X800,보(X),DONG,B2F,400x800,5200,,1.664
500X700-B2F-DONG-0002,500X700,보(X),DONG,B2F,500x700,5700,,1.995
400X800-B2F-DONG-0069,400X800,보(Y),DONG,B2F,400x800,2520,,0.8064
400X800-B2F-DONG-0070,400X800,보(Y),DONG,B2F,400x800,3020,,0.9664
400X800-B2F-DONG-0071,400X800,보(X),DONG,B2F,400x800,5100,,1.632
400X800-B2F-DONG-0072,400X800,보(Y),DONG,B2F,400x800,3020,,0.9664
400X800-B2F-DONG-0073,400X800,보(Y),DONG,B2F,400x800,3020,,0.9664
500X700-B2F-DONG-0003,500X700,보(X),DONG,B2F,500x700,6150,,2.1525
500X700-B2F-DONG-0004,500X700,보(Y),DONG,B2F,500x700,1950,,0.6825
600X900_EST-B2F-DONG-0004,600X900_EST,보(Y),DONG,B2F,600x900,9510,,5.1354
400X800-B2F-DONG-0074,400X800,보(X),DONG,B2F,400x800,17400,,5.568
400X800-B2F-DONG-0075,400X800,보(Y),DONG,B2F,400x800,4792,,1.5336
400X800-B2F-DONG-0076,400X800,보(Y),DONG,B2F,400x800,4125,,1.3199
400X800-B2F-DONG-0077,400X800,보(X),DONG,B2F,400x800,6021,,1.9268
600X900-B2F-DONG-0020,600X900,보(Y),DONG,B2F,600x900,5382,,2.9065
400X800-B2F-DONG-0078,400X800,보(X),DONG,B2F,400x800,7158,,2.2907
400X800-B2F-DONG-0079,400X800,보(X),DONG,B2F,400x800,7283,,2.3306
400X900_EST-B2F-DONG-0002,400X900_EST,보(X),DONG,B2F,400x900,6100,,2.196
400X900_EST-B2F-DONG-0003,400X900_EST,보(X),DONG,B2F,400x900,6600,,2.376
400X900_EST-B2F-DONG-0004,400X900_EST,보(Y),DONG,B2F,400x900,2650,,0.954
1100X900-B2F-DONG-0001,1100X900,보(X),DONG,B2F,1100x900,5010,,4.9597
1100X900-B2F-DONG-0002,1100X900,보(X),DONG,B2F,1100x900,2550,,2.5247
500X600-B2F-DONG-0517,500X600,보(Y),DONG,B2F,500x600,2520,,0.756
400X800-B2F-DONG-0080,400X800,보(Y),DONG,B2F,400x800,10710,,3.4272
400X800-B2F-DONG-0081,400X800,보(Y),DONG,B2F,400x800,9710,,3.1072
400X800-B2F-DONG-0082,400X800,보(Y),DONG,B2F,400x800,2650,,0.848
400X900_EST-B2F-DONG-0005,400X900_EST,보(X),DONG,B2F,400x900,1842,,0.6633
500X600-B2F-DONG-0518,500X600,보(Y),DONG,B2F,500x600,1091,,0.3274
400X900_EST-B2F-DONG-0006,400X900_EST,보(Y),DONG,B2F,400x900,2000,,0.72
400X800-B2F-DONG-0083,400X800,보(Y),DONG,B2F,400x800,4560,,1.4592
400X800-B2F-DONG-0084,400X800,보(Y),DONG,B2F,400x800,4700,,1.5039
500X600-B2F-DONG-0519,500X600,보(Y),DONG,B2F,500x600,1123,,0.337
500X600-B2F-DONG-0520,500X600,보(X),DONG,B2F,500x600,4950,,1.485
600X900-B2F-DONG-0021,600X900,보(Y),DONG,B2F,600x900,5400,,2.916
1100X900-B2F-DONG-0003,1100X900,보(X),DONG,B2F,1100x900,5202,,5.1503
700X900-B2F-DONG-0008,700X900,보(Y),DONG,B2F,700x900,3866,,2.4356
500X600-B2F-DONG-0521,500X600,보(X),DONG,B2F,500x600,2310,,0.693
400X800-B2F-DONG-0085,400X800,보(X),DONG,B2F,400x800,700,,0.224
600X900_EST-B2F-DONG-0005,600X900_EST,보(Y),DONG,B2F,600x900,7800,,4.212
400X800-B2F-DONG-0086,400X800,보(X),DONG,B2F,400x800,700,,0.224
700X600-B2F-DONG-0004,700X600,보(Y),DONG,B2F,700x600,7800,,3.276
400X800-B2F-DONG-0087,400X800,보(X),DONG,B2F,400x800,700,,0.224
700X600-B2F-DONG-0005,700X600,보(Y),DONG,B2F,700x600,7800,,3.276
400X800-B2F-DONG-0088,400X800,보(X),DONG,B2F,400x800,700,,0.224
400X800-B2F-DONG-0089,400X800,보(X),DONG,B2F,400x800,700,,0.224
900X900-B2F-DONG-0009,900X900,보(Y),DONG,B2F,900x900,7800,,6.318
400X800-B2F-DONG-0090,400X800,보(X),DONG,B2F,400x800,700,,0.224
400X800-B2F-DONG-0091,400X800,보(X),DONG,B2F,400x800,700,,0.224
700X600-B2F-DONG-0006,700X600,보(Y),DONG,B2F,700x600,7600,,3.192
900X900-B2F-DONG-0010,900X900,보(X),DONG,B2F,900x900,700,,0.567
400X800-B2F-DONG-0092,400X800,보(X),DONG,B2F,400x800,700,,0.224
700X600-B2F-DONG-0007,700X600,보(Y),DONG,B2F,700x600,7400,,3.108
400X800-B2F-DONG-0093,400X800,보(X),DONG,B2F,400x800,700,,0.224
400X800-B2F-DONG-0094,400X800,보(X),DONG,B2F,400x800,700,,0.224
700X600-B2F-DONG-0008,700X600,보(Y),DONG,B2F,700x600,7600,,3.192
400X800-B2F-DONG-0095,400X800,보(X),DONG,B2F,400x800,700,,0.224
400X800-B2F-DONG-0096,400X800,보(X),DONG,B2F,400x800,700,,0.224
800X900-B2F-DONG-0011,800X900,보(Y),DONG,B2F,800x900,7600,,5.472
400X800-B2F-DONG-0097,400X800,보(X),DONG,B2F,400x800,700,,0.224
400X800-B2F-DONG-0098,400X800,보(X),DONG,B2F,400x800,700,,0.224
700X600-B2F-DONG-0009,700X600,보(Y),DONG,B2F,700x600,7400,,3.108
400X800-B2F-DONG-0099,400X800,보(X),DONG,B2F,400x800,700,,0.224
400X800-B2F-DONG-0100,400X800,보(X),DONG,B2F,400x800,700,,0.224
500X900-B2F-DONG-0017,500X900,보(Y),DONG,B2F,500x900,7600,,3.42
400X800-B2F-DONG-0101,400X800,보(X),DONG,B2F,400x800,700,,0.224
400X800-B2F-DONG-0102,400X800,보(X),DONG,B2F,400x800,700,,0.224
700X600-B2F-DONG-0010,700X600,보(Y),DONG,B2F,700x600,7600,,3.192
400X800-B2F-DONG-0103,400X800,보(X),DONG,B2F,400x800,700,,0.224
400X800-B2F-DONG-0104,400X800,보(X),DONG,B2F,400x800,700,,0.224
700X600-B2F-DONG-0011,700X600,보(Y),DONG,B2F,700x600,7400,,3.108
400X800-B2F-DONG-0105,400X800,보(X),DONG,B2F,400x800,700,,0.224
400X800-B2F-DONG-0106,400X800,보(X),DONG,B2F,400x800,700,,0.224
600X900-B2F-DONG-0022,600X900,보(Y),DONG,B2F,600x900,7600,,4.104
400X800-B2F-DONG-0107,400X800,보(X),DONG,B2F,400x800,700,,0.224
400X800-B2F-DONG-0108,400X800,보(X),DONG,B2F,400x800,700,,0.224
700X600-B2F-DONG-0012,700X600,보(Y),DONG,B2F,700x600,7600,,3.192
400X800-B2F-DONG-0109,400X800,보(X),DONG,B2F,400x800,700,,0.224
400X800-B2F-DONG-0110,400X800,보(X),DONG,B2F,400x800,700,,0.224
700X600-B2F-DONG-0013,700X600,보(Y),DONG,B2F,700x600,7400,,3.108
400X800-B2F-DONG-0111,400X800,보(X),DONG,B2F,400x800,700,,0.224
400X800-B2F-DONG-0112,400X800,보(X),DONG,B2F,400x800,700,,0.224
700X600-B2F-DONG-0014,700X600,보(Y),DONG,B2F,700x600,7600,,3.192
400X800-B2F-DONG-0113,400X800,보(X),DONG,B2F,400x800,700,,0.224
400X800-B2F-DONG-0114,400X800,보(X),DONG,B2F,400x800,700,,0.224
700X600-B2F-DONG-0015,700X600,보(Y),DONG,B2F,700x600,7600,,3.192
400X800-B2F-DONG-0115,400X800,보(X),DONG,B2F,400x800,700,,0.224
400X800-B2F-DONG-0116,400X800,보(X),DONG,B2F,400x800,700,,0.224
700X600-B2F-DONG-0016,700X600,보(Y),DONG,B2F,700x600,7400,,3.108
400X800-B2F-DONG-0117,400X800,보(X),DONG,B2F,400x800,700,,0.224
400X800-B2F-DONG-0118,400X800,보(X),DONG,B2F,400x800,700,,0.224
400X800-B2F-DONG-0119,400X800,보(Y),DONG,B2F,400x800,7600,,2.432
400X800-B2F-DONG-0120,400X800,보(X),DONG,B2F,400x800,700,,0.224
400X800-B2F-DONG-0121,400X800,보(X),DONG,B2F,400x800,700,,0.224
700X600-B2F-DONG-0017,700X600,보(Y),DONG,B2F,700x600,7600,,3.192
400X800-B2F-DONG-0122,400X800,보(X),DONG,B2F,400x800,700,,0.224
400X800-B2F-DONG-0123,400X800,보(X),DONG,B2F,400x800,700,,0.224
700X600-B2F-DONG-0018,700X600,보(Y),DONG,B2F,700x600,8000,,3.36
400X800-B2F-DONG-0124,400X800,보(X),DONG,B2F,400x800,700,,0.224
400X800-B2F-DONG-0125,400X800,보(X),DONG,B2F,400x800,700,,0.224
700X600-B2F-DONG-0019,700X600,보(Y),DONG,B2F,700x600,3500,,1.4699
700X600-B2F-DONG-0020,700X600,보(X),DONG,B2F,700x600,700,,0.294
400X800-B2F-DONG-0126,400X800,보(X),DONG,B2F,400x800,700,,0.224
700X600-B2F-DONG-0021,700X600,보(Y),DONG,B2F,700x600,7800,,3.276
400X800-B2F-DONG-0127,400X800,보(X),DONG,B2F,400x800,700,,0.224
400X800-B2F-DONG-0128,400X800,보(X),DONG,B2F,400x800,700,,0.224
700X600-B2F-DONG-0022,700X600,보(Y),DONG,B2F,700x600,7800,,3.276
400X800-B2F-DONG-0129,400X800,보(X),DONG,B2F,400x800,700,,0.224
400X800-B2F-DONG-0130,400X800,보(X),DONG,B2F,400x800,700,,0.224
700X600-B2F-DONG-0023,700X600,보(Y),DONG,B2F,700x600,7700,,3.234
400X800-B2F-DONG-0131,400X800,보(X),DONG,B2F,400x800,700,,0.224
400X800-B2F-DONG-0132,400X800,보(X),DONG,B2F,400x800,700,,0.224
700X600-B2F-DONG-0024,700X600,보(Y),DONG,B2F,700x600,7000,,2.94
400X800-B2F-DONG-0133,400X800,보(X),DONG,B2F,400x800,700,,0.224
700X600-B2F-DONG-0025,700X600,보(Y),DONG,B2F,700x600,8000,,3.36
400X800-B2F-DONG-0134,400X800,보(X),DONG,B2F,400x800,700,,0.224
500X900-B2F-DONG-0018,500X900,보(Y),DONG,B2F,500x900,8000,,3.6
700X600-B2F-DONG-0026,700X600,보(Y),DONG,B2F,700x600,7900,,3.3179
400X800-B2F-DONG-0135,400X800,보(X),DONG,B2F,400x800,700,,0.224
700X600-B2F-DONG-0027,700X600,보(Y),DONG,B2F,700x600,7900,,3.3179
400X800-B2F-DONG-0136,400X800,보(X),DONG,B2F,400x800,700,,0.224
700X600-B2F-DONG-0028,700X600,보(Y),DONG,B2F,700x600,7700,,3.234
400X800-B2F-DONG-0137,400X800,보(X),DONG,B2F,400x800,700,,0.224
400X800-B2F-DONG-0138,400X800,보(X),DONG,B2F,400x800,700,,0.224
700X600-B2F-DONG-0029,700X600,보(Y),DONG,B2F,700x600,7000,,2.94
400X800-B2F-DONG-0139,400X800,보(X),DONG,B2F,400x800,700,,0.224
700X600-B2F-DONG-0030,700X600,보(Y),DONG,B2F,700x600,3600,,1.512
400X800-B2F-DONG-0140,400X800,보(X),DONG,B2F,400x800,700,,0.224
700X600-B2F-DONG-0031,700X600,보(Y),DONG,B2F,700x600,3600,,1.512
700X600-B2F-DONG-0032,700X600,보(X),DONG,B2F,700x600,700,,0.294
400X800-B2F-DONG-0141,400X800,보(X),DONG,B2F,400x800,700,,0.224
700X600-B2F-DONG-0033,700X600,보(Y),DONG,B2F,700x600,7800,,3.276
400X800-B2F-DONG-0142,400X800,보(X),DONG,B2F,400x800,700,,0.224
700X600-B2F-DONG-0034,700X600,보(Y),DONG,B2F,700x600,7900,,3.3179
400X800-B2F-DONG-0143,400X800,보(X),DONG,B2F,400x800,700,,0.224
700X600-B2F-DONG-0035,700X600,보(Y),DONG,B2F,700x600,7900,,3.3179
400X800-B2F-DONG-0144,400X800,보(X),DONG,B2F,400x800,700,,0.224
700X600-B2F-DONG-0036,700X600,보(Y),DONG,B2F,700x600,7700,,3.234
400X800-B2F-DONG-0145,400X800,보(X),DONG,B2F,400x800,700,,0.224
400X800-B2F-DONG-0146,400X800,보(X),DONG,B2F,400x800,700,,0.224
700X600-B2F-DONG-0037,700X600,보(Y),DONG,B2F,700x600,7000,,2.94
400X800-B2F-DONG-0147,400X800,보(X),DONG,B2F,400x800,700,,0.224
400X800-B2F-DONG-0148,400X800,보(X),DONG,B2F,400x800,700,,0.224
700X600-B2F-DONG-0038,700X600,보(Y),DONG,B2F,700x600,7600,,3.192
700X600-B2F-DONG-0039,700X600,보(Y),DONG,B2F,700x600,7700,,3.2339
400X800-B2F-DONG-0149,400X800,보(X),DONG,B2F,400x800,700,,0.224
700X600-B2F-DONG-0040,700X600,보(Y),DONG,B2F,700x600,7700,,3.2339
400X800-B2F-DONG-0150,400X800,보(X),DONG,B2F,400x800,700,,0.224
700X600-B2F-DONG-0041,700X600,보(Y),DONG,B2F,700x600,7700,,3.234
400X800-B2F-DONG-0151,400X800,보(X),DONG,B2F,400x800,700,,0.224
400X800-B2F-DONG-0152,400X800,보(X),DONG,B2F,400x800,700,,0.224
700X600-B2F-DONG-0042,700X600,보(Y),DONG,B2F,700x600,7000,,2.94
400X800-B2F-DONG-0153,400X800,보(X),DONG,B2F,400x800,700,,0.224
400X800-B2F-DONG-0154,400X800,보(X),DONG,B2F,400x800,700,,0.224
700X600-B2F-DONG-0043,700X600,보(Y),DONG,B2F,700x600,6900,,2.898
400X800-B2F-DONG-0155,400X800,보(X),DONG,B2F,400x800,700,,0.224
400X800-B2F-DONG-0156,400X800,보(X),DONG,B2F,400x800,700,,0.224
700X600-B2F-DONG-0044,700X600,보(Y),DONG,B2F,700x600,7700,,3.234
400X800-B2F-DONG-0157,400X800,보(X),DONG,B2F,400x800,700,,0.224
700X600-B2F-DONG-0045,700X600,보(Y),DONG,B2F,700x600,7600,,3.192
700X600-B2F-DONG-0046,700X600,보(Y),DONG,B2F,700x600,7500,,3.15
400X800-B2F-DONG-0158,400X800,보(X),DONG,B2F,400x800,700,,0.224
700X600-B2F-DONG-0047,700X600,보(Y),DONG,B2F,700x600,7500,,3.15
400X800-B2F-DONG-0159,400X800,보(X),DONG,B2F,400x800,700,,0.224
700X600-B2F-DONG-0048,700X600,보(Y),DONG,B2F,700x600,8100,,3.4021
400X800-B2F-DONG-0160,400X800,보(X),DONG,B2F,400x800,700,,0.224
700X900-B2F-DONG-0009,700X900,보(X),DONG,B2F,700x900,7418,,4.6734
700X900-B2F-DONG-0010,700X900,보(X),DONG,B2F,700x900,7240,,4.5614
700X900-B2F-DONG-0011,700X900,보(Y),DONG,B2F,700x900,7173,,4.5187
700X900-B2F-DONG-0012,700X900,보(Y),DONG,B2F,700x900,7337,,4.6225
700X900-B2F-DONG-0013,700X900,보(Y),DONG,B2F,700x900,7878,,4.963
700X900-B2F-DONG-0014,700X900,보(Y),DONG,B2F,700x900,7092,,4.4678
500X900-B2F-DONG-0019,500X900,보(Y),DONG,B2F,500x900,3500,,1.575
500X900-B2F-DONG-0020,500X900,보(Y),DONG,B2F,500x900,3500,,1.575
600X900-B2F-DONG-0023,600X900,보(X),DONG,B2F,600x900,6378,,3.4441
700X900-B2F-DONG-0015,700X900,보(X),DONG,B2F,700x900,5406,,3.406
700X900-B2F-DONG-0016,700X900,보(X),DONG,B2F,700x900,3536,,2.2277
500X900-B2F-DONG-0021,500X900,보(Y),DONG,B2F,500x900,7691,,3.461
500X900-B2F-DONG-0022,500X900,보(Y),DONG,B2F,500x900,4060,,1.8268
500X900-B2F-DONG-0023,500X900,보(X),DONG,B2F,500x900,5592,,2.5163
500X900-B2F-DONG-0024,500X900,보(X),DONG,B2F,500x900,5504,,2.4766
500X900-B2F-DONG-0025,500X900,보(X),DONG,B2F,500x900,4931,,2.2191
500X900-B2F-DONG-0026,500X900,보(X),DONG,B2F,500x900,4791,,2.156
500X900-B2F-DONG-0027,500X900,보(Y),DONG,B2F,500x900,3912,,1.7606
500X900-B2F-DONG-0028,500X900,보(Y),DONG,B2F,500x900,3877,,1.7448
500X900-B2F-DONG-0029,500X900,보(Y),DONG,B2F,500x900,3514,,1.5812
500X900-B2F-DONG-0030,500X900,보(Y),DONG,B2F,500x900,3479,,1.5655
500X900-B2F-DONG-0031,500X900,보(Y),DONG,B2F,500x900,2940,,1.3232
500X900-B2F-DONG-0032,500X900,보(Y),DONG,B2F,500x900,2905,,1.3075
500X900-B2F-DONG-0033,500X900,보(Y),DONG,B2F,500x900,1865,,0.8392
500X900-B2F-DONG-0034,500X900,보(Y),DONG,B2F,500x900,1900,,0.855
700X900-B2F-DONG-0017,700X900,보(Y),DONG,B2F,700x900,6213,,3.914
700X900-B2F-DONG-0018,700X900,보(Y),DONG,B2F,700x900,6622,,4.1719
500X900-B2F-DONG-0035,500X900,보(Y),DONG,B2F,500x900,2597,,1.1687
500X900-B2F-DONG-0036,500X900,보(Y),DONG,B2F,500x900,2512,,1.1304
500X900-B2F-DONG-0037,500X900,보(X),DONG,B2F,500x900,7830,,3.5235
500X900-B2F-DONG-0038,500X900,보(X),DONG,B2F,500x900,7480,,3.3661
500X900-B2F-DONG-0039,500X900,보(X),DONG,B2F,500x900,4020,,1.809
500X900-B2F-DONG-0040,500X900,보(X),DONG,B2F,500x900,3570,,1.6065
500X900-B2F-DONG-0041,500X900,보(X),DONG,B2F,500x900,5750,,2.5875
500X900-B2F-DONG-0042,500X900,보(X),DONG,B2F,500x900,5300,,2.385
500X900-B2F-DONG-0043,500X900,보(X),DONG,B2F,500x900,7000,,3.15
500X900-B2F-DONG-0044,500X900,보(X),DONG,B2F,500x900,6500,,2.9249
500X900-B2F-DONG-0045,500X900,보(X),DONG,B2F,500x900,7000,,3.15
500X900-B2F-DONG-0046,500X900,보(X),DONG,B2F,500x900,6750,,3.0374
700X900-B2F-DONG-0019,700X900,보(X),DONG,B2F,700x900,9470,,5.966
500X900-B2F-DONG-0047,500X900,보(X),DONG,B2F,500x900,7400,,3.33
500X900-B2F-DONG-0048,500X900,보(X),DONG,B2F,500x900,6900,,3.105
500X900-B2F-DONG-0049,500X900,보(X),DONG,B2F,500x900,7400,,3.33
500X900-B2F-DONG-0050,500X900,보(X),DONG,B2F,500x900,6900,,3.105
500X900-B2F-DONG-0051,500X900,보(X),DONG,B2F,500x900,16000,,7.2001
500X900-B2F-DONG-0052,500X900,보(X),DONG,B2F,500x900,6900,,3.105
500X900-B2F-DONG-0053,500X900,보(Y),DONG,B2F,500x900,7250,,3.2625
500X900-B2F-DONG-0054,500X900,보(Y),DONG,B2F,500x900,7150,,3.2175
700X900-B2F-DONG-0020,700X900,보(Y),DONG,B2F,700x900,7590,,4.7819
700X900-B2F-DONG-0021,700X900,보(Y),DONG,B2F,700x900,7441,,4.6876
700X900-B2F-DONG-0022,700X900,보(Y),DONG,B2F,700x900,7840,,4.9394
700X900-B2F-DONG-0023,700X900,보(Y),DONG,B2F,700x900,7590,,4.7819
900X900-B2F-DONG-0011,900X900,보(X),DONG,B2F,900x900,7991,,6.4723
900X900-B2F-DONG-0012,900X900,보(X),DONG,B2F,900x900,7640,,6.1884
700X900-B2F-DONG-0024,700X900,보(X),DONG,B2F,700x900,7800,,4.914
700X900-B2F-DONG-0025,700X900,보(X),DONG,B2F,700x900,7501,,4.7255
700X900-B2F-DONG-0026,700X900,보(X),DONG,B2F,700x900,7800,,4.914
700X900-B2F-DONG-0027,700X900,보(X),DONG,B2F,700x900,3519,,2.2167
700X900-B2F-DONG-0028,700X900,보(X),DONG,B2F,700x900,7800,,4.914
700X900-B2F-DONG-0029,700X900,보(X),DONG,B2F,700x900,7500,,4.725
600X900-B2F-DONG-0024,600X900,보(X),DONG,B2F,600x900,4901,,2.6463
600X900-B2F-DONG-0025,600X900,보(X),DONG,B2F,600x900,4750,,2.5652
700X900-B2F-DONG-0030,700X900,보(Y),DONG,B2F,700x900,8213,,5.1744
700X900-B2F-DONG-0031,700X900,보(Y),DONG,B2F,700x900,7840,,4.9394
500X900-B2F-DONG-0055,500X900,보(X),DONG,B2F,500x900,3281,,1.4763
500X900-B2F-DONG-0056,500X900,보(X),DONG,B2F,500x900,3572,,1.6072
1000X900-B2F-DONG-0002,1000X900,보(X),DONG,B2F,1000x900,7540,,6.786
1000X900-B2F-DONG-0003,1000X900,보(X),DONG,B2F,1000x900,7539,,6.7852
500X900-B2F-DONG-0057,500X900,보(Y),DONG,B2F,500x900,7550,,3.3976
500X900-B2F-DONG-0058,500X900,보(Y),DONG,B2F,500x900,7800,,3.51
600X900-B2F-DONG-0026,600X900,보(X),DONG,B2F,600x900,5100,,2.754
600X900-B2F-DONG-0027,600X900,보(X),DONG,B2F,600x900,5000,,2.7
600X900-B2F-DONG-0028,600X900,보(X),DONG,B2F,600x900,7800,,4.212
600X900-B2F-DONG-0029,600X900,보(X),DONG,B2F,600x900,7800,,4.212
500X900-B2F-DONG-0059,500X900,보(Y),DONG,B2F,500x900,4597,,2.0687
500X900-B2F-DONG-0060,500X900,보(Y),DONG,B2F,500x900,4700,,2.115
500X900-B2F-DONG-0061,500X900,보(X),DONG,B2F,500x900,30542,,13.7439
800X900-B2F-DONG-0012,800X900,보(X),DONG,B2F,800x900,7700,,5.544
800X900-B2F-DONG-0013,800X900,보(X),DONG,B2F,800x900,7500,,5.4
500X900-B2F-DONG-0062,500X900,보(Y),DONG,B2F,500x900,4097,,1.8437
500X900-B2F-DONG-0063,500X900,보(Y),DONG,B2F,500x900,3997,,1.7987
700X900-B2F-DONG-0032,700X900,보(Y),DONG,B2F,700x900,7353,,4.6323
700X900-B2F-DONG-0033,700X900,보(Y),DONG,B2F,700x900,7153,,4.5063
700X900-B2F-DONG-0034,700X900,보(Y),DONG,B2F,700x900,7353,,4.6323
700X900-B2F-DONG-0035,700X900,보(Y),DONG,B2F,700x900,7150,,4.5045
1100X900-B2F-DONG-0004,1100X900,보(X),DONG,B2F,1100x900,7500,,7.425
1100X900-B2F-DONG-0005,1100X900,보(X),DONG,B2F,1100x900,7700,,7.623
500X600-B2F-DONG-0522,500X600,보(X),DONG,B2F,500x600,7800,,2.3401
500X600-B2F-DONG-0523,500X600,보(X),DONG,B2F,500x600,7800,,2.34
700X900-B2F-DONG-0036,700X900,보(X),DONG,B2F,700x900,5000,,3.1499
700X900-B2F-DONG-0037,700X900,보(X),DONG,B2F,700x900,5200,,3.276
700X900-B2F-DONG-0038,700X900,보(X),DONG,B2F,700x900,5200,,3.276
1100X900-B2F-DONG-0006,1100X900,보(X),DONG,B2F,1100x900,7700,,7.623
1100X900-B2F-DONG-0007,1100X900,보(X),DONG,B2F,1100x900,7600,,7.524
500X600-B2F-DONG-0524,500X600,보(X),DONG,B2F,500x600,7800,,2.34
500X900-B2F-DONG-0064,500X900,보(Y),DONG,B2F,500x900,7850,,3.5325
500X600-B2F-DONG-0525,500X600,보(X),DONG,B2F,500x600,7800,,2.34
700X900-B2F-DONG-0039,700X900,보(X),DONG,B2F,700x900,4800,,3.0239
500X900-B2F-DONG-0065,500X900,보(Y),DONG,B2F,500x900,8000,,3.6
500X900-B2F-DONG-0066,500X900,보(Y),DONG,B2F,500x900,7800,,3.51
500X900-B2F-DONG-0067,500X900,보(Y),DONG,B2F,500x900,7600,,3.42
500X900-B2F-DONG-0068,500X900,보(Y),DONG,B2F,500x900,7650,,3.4425
500X900-B2F-DONG-0069,500X900,보(Y),DONG,B2F,500x900,3502,,1.576
500X900-B2F-DONG-0070,500X900,보(Y),DONG,B2F,500x900,3650,,1.6425
700X900-B2F-DONG-0040,700X900,보(X),DONG,B2F,700x900,4800,,3.024
500X900-B2F-DONG-0071,500X900,보(Y),DONG,B2F,500x900,7800,,3.51
700X900-B2F-DONG-0041,700X900,보(X),DONG,B2F,700x900,5200,,3.276
500X900-B2F-DONG-0072,500X900,보(Y),DONG,B2F,500x900,7200,,3.24
500X900-B2F-DONG-0073,500X900,보(Y),DONG,B2F,500x900,8000,,3.6
500X900-B2F-DONG-0074,500X900,보(Y),DONG,B2F,500x900,7500,,3.375
500X900-B2F-DONG-0075,500X900,보(Y),DONG,B2F,500x900,7901,,3.5556
500X900-B2F-DONG-0076,500X900,보(Y),DONG,B2F,500x900,7650,,3.4425
500X900-B2F-DONG-0077,500X900,보(Y),DONG,B2F,500x900,7550,,3.3975
500X900-B2F-DONG-0078,500X900,보(Y),DONG,B2F,500x900,3500,,1.575
500X900-B2F-DONG-0079,500X900,보(Y),DONG,B2F,500x900,3500,,1.575
700X900-B2F-DONG-0042,700X900,보(X),DONG,B2F,700x900,7800,,4.914
700X900-B2F-DONG-0043,700X900,보(X),DONG,B2F,700x900,7800,,4.914
800X900-B2F-DONG-0014,800X900,보(X),DONG,B2F,800x900,7800,,5.616
800X900-B2F-DONG-0015,800X900,보(X),DONG,B2F,800x900,7800,,5.616
600X900-B2F-DONG-0030,600X900,보(X),DONG,B2F,600x900,7800,,4.212
800X900-B2F-DONG-0016,800X900,보(X),DONG,B2F,800x900,7700,,5.544
700X900-B2F-DONG-0044,700X900,보(X),DONG,B2F,700x900,5200,,3.276
700X900-B2F-DONG-0045,700X900,보(X),DONG,B2F,700x900,5200,,3.276
500X900-B2F-DONG-0080,500X900,보(X),DONG,B2F,500x900,5200,,2.34
600X900-B2F-DONG-0031,600X900,보(X),DONG,B2F,600x900,5100,,2.754
1100X900-B2F-DONG-0008,1100X900,보(X),DONG,B2F,1100x900,7050,,6.9795
1100X900-B2F-DONG-0009,1100X900,보(X),DONG,B2F,1100x900,7250,,7.1775
500X900-B2F-DONG-0081,500X900,보(Y),DONG,B2F,500x900,6550,,2.9475
500X900-B2F-DONG-0082,500X900,보(Y),DONG,B2F,500x900,6550,,2.9475
700X900-B2F-DONG-0046,700X900,보(Y),DONG,B2F,700x900,4352,,2.7416
700X900-B2F-DONG-0047,700X900,보(Y),DONG,B2F,700x900,7150,,4.5045
500X900-B2F-DONG-0083,500X900,보(Y),DONG,B2F,500x900,7500,,3.375
500X900-B2F-DONG-0084,500X900,보(Y),DONG,B2F,500x900,7450,,3.3525
500X900-B2F-DONG-0085,500X900,보(Y),DONG,B2F,500x900,7550,,3.3975
500X900-B2F-DONG-0086,500X900,보(Y),DONG,B2F,500x900,7500,,3.375
900X900-B2F-DONG-0013,900X900,보(X),DONG,B2F,900x900,7600,,6.156
900X900-B2F-DONG-0014,900X900,보(X),DONG,B2F,900x900,7600,,6.156
1000X900-B2F-DONG-0004,1000X900,보(X),DONG,B2F,1000x900,7354,,6.6188
1000X900-B2F-DONG-0005,1000X900,보(X),DONG,B2F,1000x900,7354,,6.6188
600X900-B2F-DONG-0032,600X900,보(X),DONG,B2F,600x900,7650,,4.131
800X900-B2F-DONG-0017,800X900,보(X),DONG,B2F,800x900,7700,,5.544
600X900-B2F-DONG-0033,600X900,보(X),DONG,B2F,600x900,7400,,3.996
800X900-B2F-DONG-0018,800X900,보(X),DONG,B2F,800x900,7550,,5.436
500X900-B2F-DONG-0087,500X900,보(Y),DONG,B2F,500x900,3717,,1.6725
700X900-B2F-DONG-0048,700X900,보(Y),DONG,B2F,700x900,1070,,0.6741
800X900-B2F-DONG-0019,800X900,보(X),DONG,B2F,800x900,7600,,5.472
800X900-B2F-DONG-0020,800X900,보(X),DONG,B2F,800x900,7650,,5.508
800X900-B2F-DONG-0021,800X900,보(X),DONG,B2F,800x900,7450,,5.364
800X900-B2F-DONG-0022,800X900,보(X),DONG,B2F,800x900,7400,,5.328
700X900-B2F-DONG-0049,700X900,보(Y),DONG,B2F,700x900,3030,,1.9089
700X900-B2F-DONG-0050,700X900,보(Y),DONG,B2F,700x900,7571,,4.7696
700X900-B2F-DONG-0051,700X900,보(Y),DONG,B2F,700x900,3500,,2.205
700X900-B2F-DONG-0052,700X900,보(Y),DONG,B2F,700x900,7700,,4.851
700X900-B2F-DONG-0053,700X900,보(Y),DONG,B2F,700x900,7700,,4.851
500X900-B2F-DONG-0088,500X900,보(Y),DONG,B2F,500x900,7600,,3.42
500X900-B2F-DONG-0089,500X900,보(Y),DONG,B2F,500x900,7700,,3.465
500X900-B2F-DONG-0090,500X900,보(Y),DONG,B2F,500x900,7600,,3.42
500X900-B2F-DONG-0091,500X900,보(Y),DONG,B2F,500x900,7600,,3.42
500X900-B2F-DONG-0092,500X900,보(Y),DONG,B2F,500x900,7600,,3.42
500X900-B2F-DONG-0093,500X900,보(Y),DONG,B2F,500x900,7600,,3.42
500X900-B2F-DONG-0094,500X900,보(X),DONG,B2F,500x900,2336,,1.0512
500X900-B2F-DONG-0095,500X900,보(X),DONG,B2F,500x900,2178,,0.9801
900X900-B2F-DONG-0015,900X900,보(Y),DONG,B2F,900x900,8221,,6.6593
600X900-B2F-DONG-0034,600X900,보(Y),DONG,B2F,600x900,1081,,0.5836
400X900_EST-B2F-DONG-0007,400X900_EST,보(Y),DONG,B2F,400x900,956,,0.3442
600X900-B2F-DONG-0035,600X900,보(X),DONG,B2F,600x900,5300,,2.862
600X900-B2F-DONG-0036,600X900,보(X),DONG,B2F,600x900,5300,,2.862
800X900-B2F-DONG-0023,800X900,보(X),DONG,B2F,800x900,7800,,5.616
800X900-B2F-DONG-0024,800X900,보(X),DONG,B2F,800x900,7800,,5.616
800X900-B2F-DONG-0025,800X900,보(X),DONG,B2F,800x900,7800,,5.616
800X900-B2F-DONG-0026,800X900,보(X),DONG,B2F,800x900,7800,,5.616
900X900-B2F-DONG-0016,900X900,보(X),DONG,B2F,900x900,7500,,6.0751
900X900-B2F-DONG-0017,900X900,보(X),DONG,B2F,900x900,7450,,6.0346
700X900-B2F-DONG-0054,700X900,보(X),DONG,B2F,700x900,8000,,5.04
700X900-B2F-DONG-0055,700X900,보(X),DONG,B2F,700x900,7950,,5.0085
700X900-B2F-DONG-0056,700X900,보(X),DONG,B2F,700x900,770,,0.4851
800X900-B2F-DONG-0027,800X900,보(X),DONG,B2F,800x900,767,,0.5519
500X900-B2F-DONG-0096,500X900,보(Y),DONG,B2F,500x900,4100,,1.845
500X900-B2F-DONG-0097,500X900,보(Y),DONG,B2F,500x900,4100,,1.845
500X900-B2F-DONG-0098,500X900,보(Y),DONG,B2F,500x900,3055,,1.3749
500X900-B2F-DONG-0099,500X900,보(Y),DONG,B2F,500x900,2967,,1.3353
500X900-B2F-DONG-0100,500X900,보(Y),DONG,B2F,500x900,4100,,1.845
500X900-B2F-DONG-0101,500X900,보(Y),DONG,B2F,500x900,4100,,1.845
600X900-B2F-DONG-0037,600X900,보(X),DONG,B2F,600x900,7800,,4.212
600X900-B2F-DONG-0038,600X900,보(X),DONG,B2F,600x900,7800,,4.212
500X900-B2F-DONG-0102,500X900,보(Y),DONG,B2F,500x900,899,,0.4044
500X900-B2F-DONG-0103,500X900,보(Y),DONG,B2F,500x900,811,,0.3648
600X900-B2F-DONG-0039,600X900,보(Y),DONG,B2F,600x900,4100,,2.214
600X900-B2F-DONG-0040,600X900,보(Y),DONG,B2F,600x900,2365,,1.2769
700X900-B2F-DONG-0057,700X900,보(X),DONG,B2F,700x900,7800,,4.914
800X900-B2F-DONG-0028,800X900,보(X),DONG,B2F,800x900,7800,,5.616
500X900-B2F-DONG-0104,500X900,보(Y),DONG,B2F,500x900,7500,,3.375
500X900-B2F-DONG-0105,500X900,보(Y),DONG,B2F,500x900,7900,,3.555
500X900-B2F-DONG-0106,500X900,보(X),DONG,B2F,500x900,4914,,2.2114
700X900-B2F-DONG-0058,700X900,보(X),DONG,B2F,700x900,5000,,3.15
700X900-B2F-DONG-0059,700X900,보(X),DONG,B2F,700x900,3294,,2.0755
700X900-B2F-DONG-0060,700X900,보(X),DONG,B2F,700x900,2266,,1.4274
600X900-B2F-DONG-0041,600X900,보(Y),DONG,B2F,600x900,7760,,4.1903
600X900-B2F-DONG-0042,600X900,보(Y),DONG,B2F,600x900,7510,,4.0552
500X900-B2F-DONG-0107,500X900,보(X),DONG,B2F,500x900,3540,,1.593
500X900-B2F-DONG-0108,500X900,보(X),DONG,B2F,500x900,3497,,1.5738
700X900-B2F-DONG-0061,700X900,보(Y),DONG,B2F,700x900,7650,,4.8195
700X900-B2F-DONG-0062,700X900,보(Y),DONG,B2F,700x900,5357,,3.3747
500X900-B2F-DONG-0109,500X900,보(Y),DONG,B2F,500x900,4052,,1.8235
500X900-B2F-DONG-0110,500X900,보(Y),DONG,B2F,500x900,3943,,1.7743
500X900-B2F-DONG-0111,500X900,보(X),DONG,B2F,500x900,7850,,3.5325
500X900-B2F-DONG-0112,500X900,보(X),DONG,B2F,500x900,7500,,3.375
600X900-B2F-DONG-0043,600X900,보(Y),DONG,B2F,600x900,4052,,2.1882
600X900-B2F-DONG-0044,600X900,보(Y),DONG,B2F,600x900,4043,,2.183
500X900-B2F-DONG-0113,500X900,보(X),DONG,B2F,500x900,7600,,3.42
500X900-B2F-DONG-0114,500X900,보(X),DONG,B2F,500x900,7300,,3.285
500X900-B2F-DONG-0115,500X900,보(X),DONG,B2F,500x900,8000,,3.6
500X900-B2F-DONG-0116,500X900,보(X),DONG,B2F,500x900,7700,,3.465
500X900-B2F-DONG-0117,500X900,보(X),DONG,B2F,500x900,7800,,3.51
500X900-B2F-DONG-0118,500X900,보(X),DONG,B2F,500x900,7500,,3.375
500X900-B2F-DONG-0119,500X900,보(X),DONG,B2F,500x900,7650,,3.4425
500X900-B2F-DONG-0120,500X900,보(X),DONG,B2F,500x900,7304,,3.2868
600X900-B2F-DONG-0045,600X900,보(Y),DONG,B2F,600x900,3552,,1.9178
600X900-B2F-DONG-0046,600X900,보(Y),DONG,B2F,600x900,3542,,1.9129
600X900-B2F-DONG-0047,600X900,보(Y),DONG,B2F,600x900,3551,,1.9174
600X900-B2F-DONG-0048,600X900,보(Y),DONG,B2F,600x900,3541,,1.9122
600X900-B2F-DONG-0049,600X900,보(Y),DONG,B2F,600x900,3552,,1.9182
600X900-B2F-DONG-0050,600X900,보(Y),DONG,B2F,600x900,3543,,1.913
500X900-B2F-DONG-0121,500X900,보(Y),DONG,B2F,500x900,3043,,1.3692
500X900-B2F-DONG-0122,500X900,보(Y),DONG,B2F,500x900,3043,,1.3692
500X900-B2F-DONG-0123,500X900,보(Y),DONG,B2F,500x900,2967,,1.3354
500X900-B2F-DONG-0124,500X900,보(Y),DONG,B2F,500x900,3043,,1.3691
600X900-B2F-DONG-0051,600X900,보(Y),DONG,B2F,600x900,5442,,2.9385
600X900-B2F-DONG-0052,600X900,보(Y),DONG,B2F,600x900,5625,,3.0374
500X900-B2F-DONG-0125,500X900,보(X),DONG,B2F,500x900,3272,,1.4722
500X900-B2F-DONG-0126,500X900,보(X),DONG,B2F,500x900,3272,,1.4722
900X900-B2F-DONG-0018,900X900,보(Y),DONG,B2F,900x900,7400,,5.994
900X900-B2F-DONG-0019,900X900,보(Y),DONG,B2F,900x900,7400,,5.994
800X1500-B2F-DONG-0002,800X1500,보(Y),DONG,B2F,800x1500,977,,1.1727
500X900-B2F-DONG-0127,500X900,보(Y),DONG,B2F,500x900,977,,0.4397
500X900-B2F-DONG-0128,500X900,보(X),DONG,B2F,500x900,7300,,3.285
500X900-B2F-DONG-0129,500X900,보(X),DONG,B2F,500x900,7300,,3.285
500X900-B2F-DONG-0130,500X900,보(X),DONG,B2F,500x900,6418,,2.8883
500X900-B2F-DONG-0131,500X900,보(X),DONG,B2F,500x900,6418,,2.8883
500X900-B2F-DONG-0132,500X900,보(X),DONG,B2F,500x900,7800,,3.51
500X900-B2F-DONG-0133,500X900,보(X),DONG,B2F,500x900,7300,,3.285
500X900-B2F-DONG-0134,500X900,보(X),DONG,B2F,500x900,8200,,3.69
500X900-B2F-DONG-0135,500X900,보(X),DONG,B2F,500x900,7750,,3.4875
500X900-B2F-DONG-0136,500X900,보(X),DONG,B2F,500x900,8000,,3.6
500X900-B2F-DONG-0137,500X900,보(X),DONG,B2F,500x900,7406,,3.3327
800X900-B2F-DONG-0029,800X900,보(Y),DONG,B2F,800x900,6159,,4.4345
800X900-B2F-DONG-0030,800X900,보(Y),DONG,B2F,800x900,6159,,4.4345
800X900-B2F-DONG-0031,800X900,보(Y),DONG,B2F,800x900,6163,,4.4375
800X900-B2F-DONG-0032,800X900,보(Y),DONG,B2F,800x900,6127,,4.4115
500X900-B2F-DONG-0138,500X900,보(X),DONG,B2F,500x900,7800,,3.51
500X900-B2F-DONG-0139,500X900,보(X),DONG,B2F,500x900,7443,,3.3494
700X900-B2F-DONG-0063,700X900,보(X),DONG,B2F,700x900,7672,,4.8331
700X900-B2F-DONG-0064,700X900,보(X),DONG,B2F,700x900,7672,,4.8331
900X900-B2F-DONG-0020,900X900,보(X),DONG,B2F,900x900,7339,,5.9449
900X900-B2F-DONG-0021,900X900,보(X),DONG,B2F,900x900,7348,,5.952
800X900-B2F-DONG-0033,800X900,보(X),DONG,B2F,800x900,8123,,5.8485
800X900-B2F-DONG-0034,800X900,보(X),DONG,B2F,800x900,8261,,5.9481
1000X900-B2F-DONG-0006,1000X900,보(X),DONG,B2F,1000x900,6162,,5.5462
1000X900-B2F-DONG-0007,1000X900,보(X),DONG,B2F,1000x900,6162,,5.5462
600X900-B2F-DONG-0053,600X900,보(X),DONG,B2F,600x900,4496,,2.428
600X900-B2F-DONG-0054,600X900,보(X),DONG,B2F,600x900,4727,,2.5526
700X900-B2F-DONG-0065,700X900,보(X),DONG,B2F,700x900,7449,,4.6926
700X900-B2F-DONG-0066,700X900,보(X),DONG,B2F,700x900,7600,,4.788
700X900-B2F-DONG-0067,700X900,보(Y),DONG,B2F,700x900,7164,,4.5136
700X900-B2F-DONG-0068,700X900,보(Y),DONG,B2F,700x900,7576,,4.7726
600X900-B2F-DONG-0055,600X900,보(X),DONG,B2F,600x900,2650,,1.4309
600X900-B2F-DONG-0056,600X900,보(X),DONG,B2F,600x900,2763,,1.4921
1100X900-B2F-DONG-0010,1100X900,보(X),DONG,B2F,1100x900,7279,,7.2065
1500X1000-B2F-DONG-0001,1500X1000,보(X),DONG,B2F,1500x1000,7394,,11.0915
500X900-B2F-DONG-0140,500X900,보(X),DONG,B2F,500x900,3000,,1.35
500X900-B2F-DONG-0141,500X900,보(X),DONG,B2F,500x900,2600,,1.1699
700X900-B2F-DONG-0069,700X900,보(X),DONG,B2F,700x900,6178,,3.892
700X900-B2F-DONG-0070,700X900,보(X),DONG,B2F,700x900,6019,,3.7921
500X900-B2F-DONG-0142,500X900,보(Y),DONG,B2F,500x900,1798,,0.8089
500X900-B2F-DONG-0143,500X900,보(Y),DONG,B2F,500x900,1628,,0.7324
500X900-B2F-DONG-0144,500X900,보(X),DONG,B2F,500x900,5962,,2.6827
500X900-B2F-DONG-0145,500X900,보(X),DONG,B2F,500x900,5962,,2.6827
700X600-B2F-DONG-0049,700X600,보(X),DONG,B2F,700x600,6897,,2.8968
500X900-B2F-DONG-0146,500X900,보(X),DONG,B2F,500x900,8271,,3.7219
700X600-B2F-DONG-0050,700X600,보(X),DONG,B2F,700x600,7804,,3.2778
700X600-B2F-DONG-0051,700X600,보(X),DONG,B2F,700x600,7700,,3.234
400X800-B2F-DONG-0161,400X800,보(Y),DONG,B2F,400x800,7700,,2.464
400X800-B2F-DONG-0162,400X800,보(Y),DONG,B2F,400x800,7301,,2.3363
700X600-B2F-DONG-0052,700X600,보(X),DONG,B2F,700x600,7700,,3.234
700X600-B2F-DONG-0053,700X600,보(X),DONG,B2F,700x600,7700,,3.2339
500X900-B2F-DONG-0147,500X900,보(X),DONG,B2F,500x900,7403,,3.3312
700X600-B2F-DONG-0054,700X600,보(X),DONG,B2F,700x600,7500,,3.15
400X800-B2F-DONG-0163,400X800,보(Y),DONG,B2F,400x800,7488,,2.396
400X800-B2F-DONG-0164,400X800,보(Y),DONG,B2F,400x800,7610,,2.4351
500X900-B2F-DONG-0148,500X900,보(X),DONG,B2F,500x900,7389,,3.3251
500X900-B2F-DONG-0149,500X900,보(X),DONG,B2F,500x900,7300,,3.2851
700X900-B2F-DONG-0071,700X900,보(Y),DONG,B2F,700x900,4741,,2.987
700X900-B2F-DONG-0072,700X900,보(Y),DONG,B2F,700x900,4996,,3.1475
500X900-B2F-DONG-0150,500X900,보(Y),DONG,B2F,500x900,2821,,1.2692
500X900-B2F-DONG-0151,500X900,보(Y),DONG,B2F,500x900,3002,,1.3511
500X900-B2F-DONG-0152,500X900,보(X),DONG,B2F,500x900,3900,,1.755
500X900-B2F-DONG-0153,500X900,보(X),DONG,B2F,500x900,3800,,1.71
500X900-B2F-DONG-0154,500X900,보(X),DONG,B2F,500x900,2227,,1.0019
700X600-B2F-DONG-0055,700X600,보(X),DONG,B2F,700x600,2045,,0.8587
500X600-B2F-DONG-0526,500X600,보(Y),DONG,B2F,500x600,7702,,2.3107
500X600-B2F-DONG-0527,500X600,보(Y),DONG,B2F,500x600,7702,,2.3107
700X600-B2F-DONG-0056,700X600,보(X),DONG,B2F,700x600,1439,,0.6044
400X800-B2F-DONG-0165,400X800,보(X),DONG,B2F,400x800,1307,,0.4183
500X900-B2F-DONG-0155,500X900,보(X),DONG,B2F,500x900,3850,,1.7325
500X900-B2F-DONG-0156,500X900,보(X),DONG,B2F,500x900,3800,,1.71
500X600-B2F-DONG-0528,500X600,보(X),DONG,B2F,500x600,3800,,1.14
500X600-B2F-DONG-0529,500X600,보(X),DONG,B2F,500x600,3850,,1.155
500X600-B2F-DONG-0530,500X600,보(Y),DONG,B2F,500x600,7998,,2.3993
500X600-B2F-DONG-0531,500X600,보(Y),DONG,B2F,500x600,7998,,2.3993
500X900-B2F-DONG-0157,500X900,보(Y),DONG,B2F,500x900,3008,,1.3537
500X900-B2F-DONG-0158,500X900,보(Y),DONG,B2F,500x900,2826,,1.2718
500X900-B2F-DONG-0159,500X900,보(X),DONG,B2F,500x900,3371,,1.5171
400X800-B2F-DONG-0166,400X800,보(X),DONG,B2F,400x800,3139,,1.0046
500X900-B2F-DONG-0160,500X900,보(X),DONG,B2F,500x900,1115,,0.5017
500X900-B2F-DONG-0161,500X900,보(X),DONG,B2F,500x900,1037,,0.4666
500X900-B2F-DONG-0162,500X900,보(X),DONG,B2F,500x900,7600,,3.42
600X1500-B2F-DONG-0006,600X1500,보(X),DONG,B2F,600x1500,7596,,6.8365
600X900-B2F-DONG-0057,600X900,보(Y),DONG,B2F,600x900,3100,,1.6739
600X1500-B2F-DONG-0007,600X1500,보(Y),DONG,B2F,600x1500,3010,,2.7091
600X900-B2F-DONG-0058,600X900,보(Y),DONG,B2F,600x900,3010,,1.6256
600X900-B2F-DONG-0059,600X900,보(Y),DONG,B2F,600x900,2990,,1.6144
700X1500-B2F-DONG-0001,700X1500,보(X),DONG,B2F,700x1500,8000,,8.4
700X1500-B2F-DONG-0002,700X1500,보(X),DONG,B2F,700x1500,7895,,8.2895
600X900-B2F-DONG-0060,600X900,보(X),DONG,B2F,600x900,8200,,4.428
400X800-B2F-DONG-0167,400X800,보(X),DONG,B2F,400x800,8100,,2.592
800X1500-B2F-DONG-0003,800X1500,보(X),DONG,B2F,800x1500,7600,,9.12
600X900-B2F-DONG-0061,600X900,보(X),DONG,B2F,600x900,7450,,4.023
600X900-B2F-DONG-0062,600X900,보(X),DONG,B2F,600x900,7941,,4.2883
600X600-B2F-DONG-0017,600X600,보(X),DONG,B2F,600x600,8074,,2.9066
600X900-B2F-DONG-0063,600X900,보(Y),DONG,B2F,600x900,3788,,2.0453
600X900-B2F-DONG-0064,600X900,보(Y),DONG,B2F,600x900,3800,,2.052
600X900-B2F-DONG-0065,600X900,보(Y),DONG,B2F,600x900,3900,,2.106
600X900-B2F-DONG-0066,600X900,보(Y),DONG,B2F,600x900,4000,,2.16
500X900-B2F-DONG-0163,500X900,보(Y),DONG,B2F,500x900,4000,,1.8
500X900-B2F-DONG-0164,500X900,보(Y),DONG,B2F,500x900,3752,,1.6884
400X800-B2F-DONG-0168,400X800,보(Y),DONG,B2F,400x800,974,,0.3118
400X800-B2F-DONG-0169,400X800,보(Y),DONG,B2F,400x800,874,,0.2798
500X600-B2F-DONG-0532,500X600,보(X),DONG,B2F,500x600,7450,,2.235
500X600-B2F-DONG-0533,500X600,보(X),DONG,B2F,500x600,7453,,2.2358
400X800-B2F-DONG-0170,400X800,보(Y),DONG,B2F,400x800,874,,0.2798
400X800-B2F-DONG-0171,400X800,보(Y),DONG,B2F,400x800,974,,0.3118
500X900-B2F-DONG-0165,500X900,보(X),DONG,B2F,500x900,8000,,3.6
800X900-B2F-DONG-0035,800X900,보(X),DONG,B2F,800x900,8050,,5.796
500X900-B2F-DONG-0166,500X900,보(Y),DONG,B2F,500x900,4648,,2.0914
500X900-B2F-DONG-0167,500X900,보(Y),DONG,B2F,500x900,4644,,2.09
800X900-B2F-DONG-0036,800X900,보(X),DONG,B2F,800x900,7233,,5.2078
400X800-B2F-DONG-0172,400X800,보(X),DONG,B2F,400x800,7233,,2.3146
500X900-B2F-DONG-0168,500X900,보(Y),DONG,B2F,500x900,7410,,3.3345
500X900-B2F-DONG-0169,500X900,보(Y),DONG,B2F,500x900,7410,,3.3345
800X900-B2F-DONG-0037,800X900,보(Y),DONG,B2F,800x900,7542,,5.4303
800X900-B2F-DONG-0038,800X900,보(Y),DONG,B2F,800x900,3172,,2.2838
800X900-B2F-DONG-0039,800X900,보(Y),DONG,B2F,800x900,5986,,4.3103
800X900-B2F-DONG-0040,800X900,보(Y),DONG,B2F,800x900,6328,,4.5559
800X900-B2F-DONG-0041,800X900,보(Y),DONG,B2F,800x900,6406,,4.6122
800X900-B2F-DONG-0042,800X900,보(Y),DONG,B2F,800x900,6373,,4.5882
700X600-B2F-DONG-0057,700X600,보(Y),DONG,B2F,700x600,6234,,2.6181
800X900-B2F-DONG-0043,800X900,보(Y),DONG,B2F,800x900,6379,,4.593
600X900-B2F-DONG-0067,600X900,보(X),DONG,B2F,600x900,5918,,3.1956
500X600-B2F-DONG-0534,500X600,보(X),DONG,B2F,500x600,5804,,1.7412
500X900-B2F-DONG-0170,500X900,보(X),DONG,B2F,500x900,4493,,2.022
500X900-B2F-DONG-0171,500X900,보(X),DONG,B2F,500x900,5100,,2.295
500X900-B2F-DONG-0172,500X900,보(X),DONG,B2F,500x900,7107,,3.1981
500X900-B2F-DONG-0173,500X900,보(X),DONG,B2F,500x900,7600,,3.42
800X900-B2F-DONG-0044,800X900,보(X),DONG,B2F,800x900,7193,,5.1787
800X900-B2F-DONG-0045,800X900,보(X),DONG,B2F,800x900,7600,,5.472
600X900-B2F-DONG-0068,600X900,보(X),DONG,B2F,600x900,5113,,2.7609
600X900-B2F-DONG-0069,600X900,보(X),DONG,B2F,600x900,5134,,2.7725
500X900-B2F-DONG-0174,500X900,보(X),DONG,B2F,500x900,7600,,3.42
500X900-B2F-DONG-0175,500X900,보(X),DONG,B2F,500x900,7700,,3.465
500X900-B2F-DONG-0176,500X900,보(X),DONG,B2F,500x900,7500,,3.375
500X900-B2F-DONG-0177,500X900,보(X),DONG,B2F,500x900,7700,,3.465
600X900-B2F-DONG-0070,600X900,보(Y),DONG,B2F,600x900,3250,,1.755
600X900-B2F-DONG-0071,600X900,보(Y),DONG,B2F,600x900,3710,,2.0036
600X900-B2F-DONG-0072,600X900,보(Y),DONG,B2F,600x900,3711,,2.0037
600X900-B2F-DONG-0073,600X900,보(Y),DONG,B2F,600x900,3711,,2.0037
600X900-B2F-DONG-0074,600X900,보(Y),DONG,B2F,600x900,3711,,2.0037
600X900-B2F-DONG-0075,600X900,보(Y),DONG,B2F,600x900,3711,,2.0037
500X600-B2F-DONG-0535,500X600,보(Y),DONG,B2F,500x600,3710,,1.1131
600X900-B2F-DONG-0076,600X900,보(Y),DONG,B2F,600x900,3710,,2.0036
400X800-B2F-DONG-0173,400X800,보(X),DONG,B2F,400x800,7500,,2.4
400X800-B2F-DONG-0174,400X800,보(X),DONG,B2F,400x800,7700,,2.464
500X900-B2F-DONG-0178,500X900,보(X),DONG,B2F,500x900,7500,,3.375
500X900-B2F-DONG-0179,500X900,보(X),DONG,B2F,500x900,7700,,3.465
500X900-B2F-DONG-0180,500X900,보(X),DONG,B2F,500x900,7550,,3.3975
500X900-B2F-DONG-0181,500X900,보(X),DONG,B2F,500x900,7700,,3.465
500X900-B2F-DONG-0182,500X900,보(Y),DONG,B2F,500x900,4929,,2.218
500X900-B2F-DONG-0183,500X900,보(Y),DONG,B2F,500x900,5005,,2.2522
500X900-B2F-DONG-0184,500X900,보(X),DONG,B2F,500x900,2960,,1.3322
500X900-B2F-DONG-0185,500X900,보(X),DONG,B2F,500x900,3185,,1.4334
500X900-B2F-DONG-0186,500X900,보(Y),DONG,B2F,500x900,4934,,2.2204
500X900-B2F-DONG-0187,500X900,보(Y),DONG,B2F,500x900,4936,,2.2211
500X900-B2F-DONG-0188,500X900,보(X),DONG,B2F,500x900,5197,,2.3386
500X900-B2F-DONG-0189,500X900,보(X),DONG,B2F,500x900,5300,,2.385
500X900-B2F-DONG-0190,500X900,보(Y),DONG,B2F,500x900,4541,,2.0432
500X900-B2F-DONG-0191,500X900,보(Y),DONG,B2F,500x900,4528,,2.0374
500X900-B2F-DONG-0192,500X900,보(X),DONG,B2F,500x900,7657,,3.4455
500X900-B2F-DONG-0193,500X900,보(X),DONG,B2F,500x900,7800,,3.51
500X900-B2F-DONG-0194,500X900,보(X),DONG,B2F,500x900,3967,,1.7852
500X900-B2F-DONG-0195,500X900,보(X),DONG,B2F,500x900,3979,,1.7906
500X900-B2F-DONG-0196,500X900,보(X),DONG,B2F,500x900,7647,,3.4411
500X900-B2F-DONG-0197,500X900,보(X),DONG,B2F,500x900,7800,,3.51
800X1700-B2F-DONG-0001,800X1700,보(X),DONG,B2F,800x1700,5200,,7.072
800X1700-B2F-DONG-0002,800X1700,보(X),DONG,B2F,800x1700,5300,,7.208
500X900-B2F-DONG-0198,500X900,보(X),DONG,B2F,500x900,7686,,3.4586
500X900-B2F-DONG-0199,500X900,보(X),DONG,B2F,500x900,7800,,3.51
500X900-B2F-DONG-0200,500X900,보(X),DONG,B2F,500x900,7700,,3.465
500X900-B2F-DONG-0201,500X900,보(X),DONG,B2F,500x900,7800,,3.51
500X900-B2F-DONG-0202,500X900,보(Y),DONG,B2F,500x900,2367,,1.0653
500X900-B2F-DONG-0203,500X900,보(Y),DONG,B2F,500x900,2273,,1.0227
600X900-B2F-DONG-0077,600X900,보(X),DONG,B2F,600x900,5406,,2.9192
600X900-B2F-DONG-0078,600X900,보(X),DONG,B2F,600x900,7800,,4.212
800X900-B2F-DONG-0046,800X900,보(X),DONG,B2F,800x900,5971,,4.2991
800X900-B2F-DONG-0047,800X900,보(X),DONG,B2F,800x900,6144,,4.4234
400X800-B2F-DONG-0175,400X800,보(X),DONG,B2F,400x800,4571,,1.4627
1000X900-B2F-DONG-0008,1000X900,보(X),DONG,B2F,1000x900,7171,,6.4537
500X600-B2F-DONG-0536,500X600,보(X),DONG,B2F,500x600,5100,,1.53
600X900-B2F-DONG-0079,600X900,보(X),DONG,B2F,600x900,2110,,1.1393
700X900-B2F-DONG-0073,700X900,보(X),DONG,B2F,700x900,7600,,4.788
700X900-B2F-DONG-0074,700X900,보(X),DONG,B2F,700x900,3410,,2.148
500X900-B2F-DONG-0204,500X900,보(X),DONG,B2F,500x900,7700,,3.465
500X900-B2F-DONG-0205,500X900,보(X),DONG,B2F,500x900,7700,,3.465
500X900-B2F-DONG-0206,500X900,보(X),DONG,B2F,500x900,7700,,3.465
500X900-B2F-DONG-0207,500X900,보(X),DONG,B2F,500x900,7469,,3.3613
500X900-B2F-DONG-0208,500X900,보(X),DONG,B2F,500x900,7700,,3.465
500X900-B2F-DONG-0209,500X900,보(X),DONG,B2F,500x900,7519,,3.3838
500X900-B2F-DONG-0210,500X900,보(X),DONG,B2F,500x900,7700,,3.465
500X900-B2F-DONG-0211,500X900,보(X),DONG,B2F,500x900,7700,,3.465
400X800-B2F-DONG-0176,400X800,보(X),DONG,B2F,400x800,7700,,2.464
400X800-B2F-DONG-0177,400X800,보(X),DONG,B2F,400x800,7700,,2.464
700X900-B2F-DONG-0075,700X900,보(X),DONG,B2F,700x900,7857,,4.9496
700X900-B2F-DONG-0076,700X900,보(X),DONG,B2F,700x900,8000,,5.0397
600X900-B2F-DONG-0080,600X900,보(X),DONG,B2F,600x900,5217,,2.8174
600X900-B2F-DONG-0081,600X900,보(X),DONG,B2F,600x900,5217,,2.8174
900X900-B2F-DONG-0022,900X900,보(X),DONG,B2F,900x900,2390,,1.936
500X600-B2F-DONG-0537,500X600,보(X),DONG,B2F,500x600,6400,,1.92
500X900-B2F-DONG-0212,500X900,보(X),DONG,B2F,500x900,6400,,2.88
500X900-B2F-DONG-0213,500X900,보(X),DONG,B2F,500x900,6400,,2.8801
700X900-B2F-DONG-0077,700X900,보(Y),DONG,B2F,700x900,7986,,5.0315
700X900-B2F-DONG-0078,700X900,보(Y),DONG,B2F,700x900,8116,,5.1133
700X900-B2F-DONG-0079,700X900,보(X),DONG,B2F,700x900,5300,,3.339
700X900-B2F-DONG-0080,700X900,보(X),DONG,B2F,700x900,5137,,3.2363
700X900-B2F-DONG-0081,700X900,보(Y),DONG,B2F,700x900,8812,,5.5516
700X900-B2F-DONG-0082,700X900,보(Y),DONG,B2F,700x900,8913,,5.615
900X900-B2F-DONG-0023,900X900,보(X),DONG,B2F,900x900,6439,,5.2155
900X900-B2F-DONG-0024,900X900,보(X),DONG,B2F,900x900,6911,,5.5978
500X900-B2F-DONG-0214,500X900,보(X),DONG,B2F,500x900,7800,,3.51
500X900-B2F-DONG-0215,500X900,보(X),DONG,B2F,500x900,7799,,3.5097
600X900-B2F-DONG-0082,600X900,보(X),DONG,B2F,600x900,4758,,2.5692
600X900-B2F-DONG-0083,600X900,보(X),DONG,B2F,600x900,5134,,2.7725
800X900-B2F-DONG-0048,800X900,보(Y),DONG,B2F,800x900,7660,,5.5149
600X900-B2F-DONG-0084,600X900,보(Y),DONG,B2F,600x900,7724,,4.1711
500X900-B2F-DONG-0216,500X900,보(X),DONG,B2F,500x900,3575,,1.6085
400X900-B2F-DONG-0005,400X900,보(X),DONG,B2F,400x900,3587,,1.2912
500X900-B2F-DONG-0217,500X900,보(Y),DONG,B2F,500x900,4136,,1.8611
500X900-B2F-DONG-0218,500X900,보(Y),DONG,B2F,500x900,4020,,1.809
500X900-B2F-DONG-0219,500X900,보(Y),DONG,B2F,500x900,2520,,1.134
500X900-B2F-DONG-0220,500X900,보(Y),DONG,B2F,500x900,2520,,1.134
500X900-B2F-DONG-0221,500X900,보(Y),DONG,B2F,500x900,2520,,1.134
500X900-B2F-DONG-0222,500X900,보(Y),DONG,B2F,500x900,2520,,1.134
500X900-B2F-DONG-0223,500X900,보(X),DONG,B2F,500x900,2390,,1.0755
500X900-B2F-DONG-0224,500X900,보(X),DONG,B2F,500x900,2290,,1.0305
700X900-B2F-DONG-0083,700X900,보(X),DONG,B2F,700x900,5100,,3.213
700X900-B2F-DONG-0084,700X900,보(X),DONG,B2F,700x900,4900,,3.087
700X900-B2F-DONG-0085,700X900,보(X),DONG,B2F,700x900,5650,,3.5595
700X900-B2F-DONG-0086,700X900,보(X),DONG,B2F,700x900,5550,,3.4965
600X900-B2F-DONG-0085,600X900,보(Y),DONG,B2F,600x900,6966,,3.7618
700X900-B2F-DONG-0087,700X900,보(X),DONG,B2F,700x900,5600,,3.528
700X900-B2F-DONG-0088,700X900,보(X),DONG,B2F,700x900,4839,,3.0487
500X900-B2F-DONG-0225,500X900,보(X),DONG,B2F,500x900,3681,,1.6565
700X900-B2F-DONG-0089,700X900,보(Y),DONG,B2F,700x900,3011,,1.8968
900X900-B2F-DONG-0025,900X900,보(Y),DONG,B2F,900x900,9510,,7.7031
700X900-B2F-DONG-0090,700X900,보(X),DONG,B2F,700x900,5550,,3.4964
700X900-B2F-DONG-0091,700X900,보(Y),DONG,B2F,700x900,9510,,5.9913
700X900-B2F-DONG-0092,700X900,보(Y),DONG,B2F,700x900,9510,,5.9913
700X900-B2F-DONG-0093,700X900,보(Y),DONG,B2F,700x900,9510,,5.9913
700X900-B2F-DONG-0094,700X900,보(Y),DONG,B2F,700x900,9510,,5.9913
700X900-B2F-DONG-0095,700X900,보(Y),DONG,B2F,700x900,9710,,6.1173
500X900-B2F-DONG-0226,500X900,보(X),DONG,B2F,500x900,4823,,2.1702
400X800-B2F-DONG-0178,400X800,보(X),DONG,B2F,400x800,4963,,1.5881
500X900-B2F-DONG-0227,500X900,보(X),DONG,B2F,500x900,6180,,2.7809
500X900-B2F-DONG-0228,500X900,보(X),DONG,B2F,500x900,6180,,2.781
500X600-B2F-DONG-0538,500X600,보(X),DONG,B2F,500x600,6180,,1.854
500X600-B2F-DONG-0539,500X600,보(X),DONG,B2F,500x600,6180,,1.854
1100X900-B2F-DONG-0011,1100X900,보(X),DONG,B2F,1100x900,7690,,7.6131
1100X900-B2F-DONG-0012,1100X900,보(X),DONG,B2F,1100x900,7539,,7.4637
1100X900-B2F-DONG-0013,1100X900,보(X),DONG,B2F,1100x900,7501,,7.4259
1100X900-B2F-DONG-0014,1100X900,보(X),DONG,B2F,1100x900,7701,,7.6239
700X900-B2F-DONG-0096,700X900,보(X),DONG,B2F,700x900,7847,,4.9435
700X900-B2F-DONG-0097,700X900,보(X),DONG,B2F,700x900,7372,,4.6443
400X900-B2F-DONG-0006,400X900,보(Y),DONG,B2F,400x900,3759,,1.3534
500X900-B2F-DONG-0229,500X900,보(X),DONG,B2F,500x900,1751,,0.7879
600X900-B2F-DONG-0086,600X900,보(Y),DONG,B2F,600x900,5878,,3.174
500X900-B2F-DONG-0230,500X900,보(X),DONG,B2F,500x900,5550,,2.4975
500X900-B2F-DONG-0231,500X900,보(Y),DONG,B2F,500x900,891,,0.4007
1100X900-B2F-DONG-0015,1100X900,보(Y),DONG,B2F,1100x900,665,,0.6585
1100X900-B2F-DONG-0016,1100X900,보(X),DONG,B2F,1100x900,1240,,1.2275
700X900-B2F-DONG-0098,700X900,보(Y),DONG,B2F,700x900,936,,0.5897
700X900-B2F-DONG-0099,700X900,보(X),DONG,B2F,700x900,4900,,3.087
700X900-B2F-DONG-0100,700X900,보(X),DONG,B2F,700x900,3281,,2.0668
1100X900-B2F-DONG-0017,1100X900,보(X),DONG,B2F,1100x900,9268,,9.1752
700X900-B2F-DONG-0101,700X900,보(X),DONG,B2F,700x900,7690,,4.8447
600X900-B2F-DONG-0087,600X900,보(X),DONG,B2F,600x900,1208,,0.6524
600X900-B2F-DONG-0088,600X900,보(Y),DONG,B2F,600x900,1117,,0.6031
600X900-B2F-DONG-0089,600X900,보(X),DONG,B2F,600x900,5308,,2.8661
1100X900-B2F-DONG-0018,1100X900,보(Y),DONG,B2F,1100x900,5060,,5.0098
1100X900-B2F-DONG-0019,1100X900,보(Y),DONG,B2F,1100x900,6157,,6.0956
500X700-B2F-DONG-0005,500X700,보(Y),DONG,B2F,500x700,3107,,1.0873
500X700-B2F-DONG-0006,500X700,보(Y),DONG,B2F,500x700,2320,,0.812
700X900-B2F-DONG-0102,700X900,보(X),DONG,B2F,700x900,843,,0.5311
700X900-B2F-DONG-0103,700X900,보(Y),DONG,B2F,700x900,3187,,2.0081
500X900-B2F-DONG-0232,500X900,보(Y),DONG,B2F,500x900,4070,,1.8315
700X900-B2F-DONG-0104,700X900,보(Y),DONG,B2F,700x900,3715,,2.3404
600X900_EST-B2F-DONG-0006,600X900_EST,보(X),DONG,B2F,600x900,23600,,12.744
500X900-B2F-DONG-0233,500X900,보(X),DONG,B2F,500x900,6900,,3.105
500X900-B2F-DONG-0234,500X900,보(Y),DONG,B2F,500x900,4700,,2.115
500X900-B2F-DONG-0235,500X900,보(Y),DONG,B2F,500x900,1300,,0.585
500X900-B2F-DONG-0236,500X900,보(Y),DONG,B2F,500x900,2800,,1.26
500X900-B2F-DONG-0237,500X900,보(X),DONG,B2F,500x900,5100,,2.295
500X900-B2F-DONG-0238,500X900,보(X),DONG,B2F,500x900,7649,,3.4419
500X900-B2F-DONG-0239,500X900,보(Y),DONG,B2F,500x900,5467,,2.4601
500X900-B2F-DONG-0240,500X900,보(X),DONG,B2F,500x900,7501,,3.3753
500X900-B2F-DONG-0241,500X900,보(Y),DONG,B2F,500x900,5467,,2.4601
500X900-B2F-DONG-0242,500X900,보(Y),DONG,B2F,500x900,7966,,3.5849
600X600-B2F-DONG-0018,600X600,보(Y),DONG,B2F,600x600,7966,,2.8679
500X900-B2F-DONG-0243,500X900,보(Y),DONG,B2F,500x900,8016,,3.6073
500X900-B2F-DONG-0244,500X900,보(Y),DONG,B2F,500x900,8216,,3.6974
600X900-B2F-DONG-0090,600X900,보(Y),DONG,B2F,600x900,8016,,4.3288
600X900-B2F-DONG-0091,600X900,보(Y),DONG,B2F,600x900,7966,,4.3018
500X600-B2F-DONG-0540,500X600,보(X),DONG,B2F,500x600,3410,,1.0229
500X900-B2F-DONG-0245,500X900,보(Y),DONG,B2F,500x900,3855,,1.7346
500X900-B2F-DONG-0246,500X900,보(Y),DONG,B2F,500x900,7517,,3.3827
500X600-B2F-DONG-0541,500X600,보(X),DONG,B2F,500x600,2390,,0.7171
500X600-B2F-DONG-0542,500X600,보(Y),DONG,B2F,500x600,4000,,1.2
500X600-B2F-DONG-0543,500X600,보(Y),DONG,B2F,500x600,4002,,1.2006
500X600-B2F-DONG-0544,500X600,보(X),DONG,B2F,500x600,2220,,0.6661
500X600-B2F-DONG-0545,500X600,보(X),DONG,B2F,500x600,2220,,0.6661
500X600-B2F-DONG-0546,500X600,보(X),DONG,B2F,500x600,5120,,1.536
500X600-B2F-DONG-0547,500X600,보(X),DONG,B2F,500x600,6115,,1.8345
500X600-B2F-DONG-0548,500X600,보(X),DONG,B2F,500x600,3060,,0.918
500X600-B2F-DONG-0549,500X600,보(X),DONG,B2F,500x600,1971,,0.5912
500X600-B2F-DONG-0550,500X600,보(X),DONG,B2F,500x600,4025,,1.2075
500X600-B2F-DONG-0551,500X600,보(X),DONG,B2F,500x600,3060,,0.918
500X600-B2F-DONG-0552,500X600,보(Y),DONG,B2F,500x600,4000,,1.2
500X600-B2F-DONG-0553,500X600,보(Y),DONG,B2F,500x600,4000,,1.2
500X600-B2F-DONG-0554,500X600,보(Y),DONG,B2F,500x600,4000,,1.2
400X800-B2F-DONG-0179,400X800,보(Y),DONG,B2F,400x800,4002,,1.2806
500X600-B2F-DONG-0555,500X600,보(Y),DONG,B2F,500x600,4000,,1.2
500X600-B2F-DONG-0556,500X600,보(Y),DONG,B2F,500x600,4000,,1.2
500X600-B2F-DONG-0557,500X600,보(X),DONG,B2F,500x600,2592,,0.7776
500X600-B2F-DONG-0558,500X600,보(X),DONG,B2F,500x600,2159,,0.6478
500X600-B2F-DONG-0559,500X600,보(Y),DONG,B2F,500x600,4038,,1.2115
500X600-B2F-DONG-0560,500X600,보(Y),DONG,B2F,500x600,4038,,1.2115
500X600-B2F-DONG-0561,500X600,보(Y),DONG,B2F,500x600,4541,,1.3623
500X600-B2F-DONG-0562,500X600,보(Y),DONG,B2F,500x600,4036,,1.2109
500X600-B2F-DONG-0563,500X600,보(X),DONG,B2F,500x600,5120,,1.536
500X600-B2F-DONG-0564,500X600,보(X),DONG,B2F,500x600,4025,,1.2075
500X600-B2F-DONG-0565,500X600,보(X),DONG,B2F,500x600,3644,,1.0933
500X600-B2F-DONG-0566,500X600,보(Y),DONG,B2F,500x600,500,,0.15
1100X900-B2F-DONG-0020,1100X900,보(X),DONG,B2F,1100x900,8775,,8.6873
1100X900-B2F-DONG-0021,1100X900,보(X),DONG,B2F,1100x900,8714,,8.6266
600X900-B2F-DONG-0092,600X900,보(Y),DONG,B2F,600x900,8131,,4.391
600X900-B2F-DONG-0093,600X900,보(Y),DONG,B2F,600x900,7421,,4.0075
800X900-B2F-DONG-0049,800X900,보(Y),DONG,B2F,800x900,7965,,5.7345
800X900-B2F-DONG-0050,800X900,보(Y),DONG,B2F,800x900,8142,,5.8622
500X600-B2F-DONG-0567,500X600,보(X),DONG,B2F,500x600,3393,,1.0179
600X900-B2F-DONG-0094,600X900,보(Y),DONG,B2F,600x900,4146,,2.239
600X900-B2F-DONG-0095,600X900,보(Y),DONG,B2F,600x900,4146,,2.239
500X700-B2F-DONG-0007,500X700,보(Y),DONG,B2F,500x700,8244,,2.8855
500X700-B2F-DONG-0008,500X700,보(Y),DONG,B2F,500x700,8111,,2.8388
800X900-B2F-DONG-0051,800X900,보(Y),DONG,B2F,800x900,8155,,5.8714
800X900-B2F-DONG-0052,800X900,보(Y),DONG,B2F,800x900,8155,,5.8714
600X900-B2F-DONG-0096,600X900,보(Y),DONG,B2F,600x900,4146,,2.239
600X900-B2F-DONG-0097,600X900,보(Y),DONG,B2F,600x900,4146,,2.239
800X900-B2F-DONG-0053,800X900,보(Y),DONG,B2F,800x900,8191,,5.8975
500X600-B2F-DONG-0568,500X600,보(Y),DONG,B2F,500x600,8191,,2.4573
500X600-B2F-DONG-0569,500X600,보(X),DONG,B2F,500x600,8137,,2.4411
500X600-B2F-DONG-0570,500X600,보(X),DONG,B2F,500x600,8277,,2.4832
1200X900-B2F-DONG-0001,1200X900,보(X),DONG,B2F,1200x900,6963,,7.5198
1200X900-B2F-DONG-0002,1200X900,보(X),DONG,B2F,1200x900,7145,,7.7163
900X900-B2F-DONG-0026,900X900,보(Y),DONG,B2F,900x900,7700,,6.237
700X1500-B2F-DONG-0003,700X1500,보(Y),DONG,B2F,700x1500,7700,,8.085
900X900-B2F-DONG-0027,900X900,보(Y),DONG,B2F,900x900,7700,,6.237
900X900-B2F-DONG-0028,900X900,보(Y),DONG,B2F,900x900,7599,,6.1552
1100X900-B2F-DONG-0022,1100X900,보(Y),DONG,B2F,1100x900,7700,,7.623
1100X900-B2F-DONG-0023,1100X900,보(Y),DONG,B2F,1100x900,7700,,7.623
900X900-B2F-DONG-0029,900X900,보(X),DONG,B2F,900x900,900,,0.729
900X900-B2F-DONG-0030,900X900,보(Y),DONG,B2F,900x900,7600,,6.156
1000X900-B2F-DONG-0009,1000X900,보(X),DONG,B2F,1000x900,900,,0.81
900X900-B2F-DONG-0031,900X900,보(X),DONG,B2F,900x900,900,,0.729
900X900-B2F-DONG-0032,900X900,보(Y),DONG,B2F,900x900,7800,,6.318
500X900-B2F-DONG-0247,500X900,보(X),DONG,B2F,500x900,900,,0.405
900X900-B2F-DONG-0033,900X900,보(X),DONG,B2F,900x900,900,,0.729
900X900-B2F-DONG-0034,900X900,보(Y),DONG,B2F,900x900,7600,,6.156
900X900-B2F-DONG-0035,900X900,보(X),DONG,B2F,900x900,900,,0.729
900X900-B2F-DONG-0036,900X900,보(X),DONG,B2F,900x900,900,,0.729
900X900-B2F-DONG-0037,900X900,보(Y),DONG,B2F,900x900,7800,,6.318
500X900-B2F-DONG-0248,500X900,보(X),DONG,B2F,500x900,900,,0.405
900X900-B2F-DONG-0038,900X900,보(X),DONG,B2F,900x900,900,,0.729
900X900-B2F-DONG-0039,900X900,보(Y),DONG,B2F,900x900,7600,,6.156
900X900-B2F-DONG-0040,900X900,보(X),DONG,B2F,900x900,900,,0.729
900X900-B2F-DONG-0041,900X900,보(X),DONG,B2F,900x900,900,,0.729
900X900-B2F-DONG-0042,900X900,보(Y),DONG,B2F,900x900,7800,,6.318
500X900-B2F-DONG-0249,500X900,보(X),DONG,B2F,500x900,900,,0.405
900X900-B2F-DONG-0043,900X900,보(X),DONG,B2F,900x900,900,,0.729
900X900-B2F-DONG-0044,900X900,보(Y),DONG,B2F,900x900,7600,,6.156
900X900-B2F-DONG-0045,900X900,보(X),DONG,B2F,900x900,900,,0.729
900X900-B2F-DONG-0046,900X900,보(X),DONG,B2F,900x900,900,,0.729
900X900-B2F-DONG-0047,900X900,보(Y),DONG,B2F,900x900,7800,,6.318
500X900-B2F-DONG-0250,500X900,보(X),DONG,B2F,500x900,900,,0.405
600X900-B2F-DONG-0098,600X900,보(X),DONG,B2F,600x900,900,,0.486
900X900-B2F-DONG-0048,900X900,보(Y),DONG,B2F,900x900,7600,,6.156
400X800-B2F-DONG-0180,400X800,보(X),DONG,B2F,400x800,900,,0.288
400X800-B2F-DONG-0181,400X800,보(X),DONG,B2F,400x800,900,,0.288
900X900-B2F-DONG-0049,900X900,보(Y),DONG,B2F,900x900,7800,,6.318
400X800-B2F-DONG-0182,400X800,보(X),DONG,B2F,400x800,900,,0.288
900X900-B2F-DONG-0050,900X900,보(X),DONG,B2F,900x900,900,,0.729
900X900-B2F-DONG-0051,900X900,보(Y),DONG,B2F,900x900,7600,,6.156
900X900-B2F-DONG-0052,900X900,보(X),DONG,B2F,900x900,900,,0.729
900X900-B2F-DONG-0053,900X900,보(X),DONG,B2F,900x900,900,,0.729
400X800-B2F-DONG-0183,400X800,보(Y),DONG,B2F,400x800,7800,,2.496
500X900-B2F-DONG-0251,500X900,보(X),DONG,B2F,500x900,900,,0.405
900X900-B2F-DONG-0054,900X900,보(X),DONG,B2F,900x900,900,,0.729
900X900-B2F-DONG-0055,900X900,보(Y),DONG,B2F,900x900,7600,,6.156
900X900-B2F-DONG-0056,900X900,보(X),DONG,B2F,900x900,900,,0.729
900X900-B2F-DONG-0057,900X900,보(X),DONG,B2F,900x900,900,,0.729
900X900-B2F-DONG-0058,900X900,보(Y),DONG,B2F,900x900,7800,,6.318
500X900-B2F-DONG-0252,500X900,보(X),DONG,B2F,500x900,900,,0.405
700X900-B2F-DONG-0105,700X900,보(X),DONG,B2F,700x900,900,,0.567
900X900-B2F-DONG-0059,900X900,보(Y),DONG,B2F,900x900,7600,,6.156
900X900-B2F-DONG-0060,900X900,보(X),DONG,B2F,900x900,900,,0.729
900X900-B2F-DONG-0061,900X900,보(X),DONG,B2F,900x900,900,,0.729
900X900-B2F-DONG-0062,900X900,보(Y),DONG,B2F,900x900,7800,,6.318
400X800-B2F-DONG-0184,400X800,보(X),DONG,B2F,400x800,900,,0.288
600X900-B2F-DONG-0099,600X900,보(X),DONG,B2F,600x900,900,,0.486
900X900-B2F-DONG-0063,900X900,보(Y),DONG,B2F,900x900,8200,,6.642
600X900-B2F-DONG-0100,600X900,보(X),DONG,B2F,600x900,900,,0.486
900X900-B2F-DONG-0064,900X900,보(X),DONG,B2F,900x900,900,,0.729
900X900-B2F-DONG-0065,900X900,보(Y),DONG,B2F,900x900,7600,,6.156
900X900-B2F-DONG-0066,900X900,보(X),DONG,B2F,900x900,900,,0.729
900X900-B2F-DONG-0067,900X900,보(X),DONG,B2F,900x900,900,,0.729
900X900-B2F-DONG-0068,900X900,보(Y),DONG,B2F,900x900,7600,,6.156
900X900-B2F-DONG-0069,900X900,보(X),DONG,B2F,900x900,900,,0.729
600X900-B2F-DONG-0101,600X900,보(X),DONG,B2F,600x900,900,,0.486
900X900-B2F-DONG-0070,900X900,보(Y),DONG,B2F,900x900,7800,,6.318
400X800-B2F-DONG-0185,400X800,보(X),DONG,B2F,400x800,900,,0.288
600X1500-B2F-DONG-0008,600X1500,보(X),DONG,B2F,600x1500,900,,0.81
400X900-B2F-DONG-0007,400X900,보(Y),DONG,B2F,400x900,7600,,2.736
600X900-B2F-DONG-0102,600X900,보(X),DONG,B2F,600x900,900,,0.486
900X900-B2F-DONG-0071,900X900,보(X),DONG,B2F,900x900,900,,0.729
900X900-B2F-DONG-0072,900X900,보(Y),DONG,B2F,900x900,7800,,6.318
600X1500-B2F-DONG-0009,600X1500,보(X),DONG,B2F,600x1500,900,,0.81
500X600-B2F-DONG-0571,500X600,보(X),DONG,B2F,500x600,900,,0.27
900X900-B2F-DONG-0073,900X900,보(Y),DONG,B2F,900x900,7800,,6.318
600X900-B2F-DONG-0103,600X900,보(X),DONG,B2F,600x900,900,,0.486
600X1500-B2F-DONG-0010,600X1500,보(X),DONG,B2F,600x1500,900,,0.81
900X900-B2F-DONG-0074,900X900,보(Y),DONG,B2F,900x900,7600,,6.156
500X600-B2F-DONG-0572,500X600,보(X),DONG,B2F,500x600,900,,0.27
500X700-B2F-DONG-0009,500X700,보(X),DONG,B2F,500x700,900,,0.315
900X900-B2F-DONG-0075,900X900,보(Y),DONG,B2F,900x900,7800,,6.318
600X1500-B2F-DONG-0011,600X1500,보(X),DONG,B2F,600x1500,900,,0.81
400X800-B2F-DONG-0186,400X800,보(X),DONG,B2F,400x800,900,,0.288
700X600-B2F-DONG-0058,700X600,보(Y),DONG,B2F,700x600,7800,,3.276
600X900-B2F-DONG-0104,600X900,보(X),DONG,B2F,600x900,900,,0.486
600X1500-B2F-DONG-0012,600X1500,보(X),DONG,B2F,600x1500,900,,0.81
900X900-B2F-DONG-0076,900X900,보(Y),DONG,B2F,900x900,7600,,6.156
400X800-B2F-DONG-0187,400X800,보(X),DONG,B2F,400x800,900,,0.288
900X900-B2F-DONG-0077,900X900,보(X),DONG,B2F,900x900,900,,0.729
900X900-B2F-DONG-0078,900X900,보(Y),DONG,B2F,900x900,7800,,6.318
600X1500-B2F-DONG-0013,600X1500,보(X),DONG,B2F,600x1500,900,,0.81
400X800-B2F-DONG-0188,400X800,보(X),DONG,B2F,400x800,900,,0.288
900X900-B2F-DONG-0079,900X900,보(Y),DONG,B2F,900x900,7800,,6.318
600X900-B2F-DONG-0105,600X900,보(X),DONG,B2F,600x900,900,,0.486
500X600-B2F-DONG-0573,500X600,보(X),DONG,B2F,500x600,900,,0.27
900X900-B2F-DONG-0080,900X900,보(Y),DONG,B2F,900x900,7600,,6.156
400X800-B2F-DONG-0189,400X800,보(X),DONG,B2F,400x800,900,,0.288
900X900-B2F-DONG-0081,900X900,보(X),DONG,B2F,900x900,900,,0.729
900X900-B2F-DONG-0082,900X900,보(Y),DONG,B2F,900x900,7800,,6.318
500X600-B2F-DONG-0574,500X600,보(X),DONG,B2F,500x600,900,,0.27
700X600-B2F-DONG-0059,700X600,보(X),DONG,B2F,700x600,900,,0.378
900X900-B2F-DONG-0083,900X900,보(Y),DONG,B2F,900x900,7800,,6.318
700X600-B2F-DONG-0060,700X600,보(X),DONG,B2F,700x600,900,,0.378
500X600-B2F-DONG-0575,500X600,보(X),DONG,B2F,500x600,900,,0.27
900X900-B2F-DONG-0084,900X900,보(Y),DONG,B2F,900x900,7600,,6.156
700X600-B2F-DONG-0061,700X600,보(X),DONG,B2F,700x600,900,,0.378
600X1200-B2F-DONG-0002,600X1200,보(X),DONG,B2F,600x1200,900,,0.648
900X900-B2F-DONG-0085,900X900,보(Y),DONG,B2F,900x900,7800,,6.318
500X600-B2F-DONG-0576,500X600,보(X),DONG,B2F,500x600,900,,0.27
900X900-B2F-DONG-0086,900X900,보(X),DONG,B2F,900x900,900,,0.729
900X900-B2F-DONG-0087,900X900,보(Y),DONG,B2F,900x900,7800,,6.318
900X900-B2F-DONG-0088,900X900,보(X),DONG,B2F,900x900,900,,0.729
500X600-B2F-DONG-0577,500X600,보(X),DONG,B2F,500x600,900,,0.27
500X600-B2F-DONG-0578,500X600,보(Y),DONG,B2F,500x600,7600,,2.28
700X600-B2F-DONG-0062,700X600,보(X),DONG,B2F,700x600,900,,0.378
700X1700-B2F-DONG-0003,700X1700,보(X),DONG,B2F,700x1700,900,,1.071
900X900-B2F-DONG-0089,900X900,보(Y),DONG,B2F,900x900,7800,,6.318
500X600-B2F-DONG-0579,500X600,보(X),DONG,B2F,500x600,900,,0.27
900X900-B2F-DONG-0090,900X900,보(X),DONG,B2F,900x900,900,,0.729
900X900-B2F-DONG-0091,900X900,보(Y),DONG,B2F,900x900,7800,,6.318
900X900-B2F-DONG-0092,900X900,보(X),DONG,B2F,900x900,900,,0.729
500X600-B2F-DONG-0580,500X600,보(X),DONG,B2F,500x600,900,,0.27
900X900-B2F-DONG-0093,900X900,보(Y),DONG,B2F,900x900,7600,,6.156
400X800-B2F-DONG-0190,400X800,보(X),DONG,B2F,400x800,900,,0.288
400X800-B2F-DONG-0191,400X800,보(X),DONG,B2F,400x800,900,,0.288
500X600-B2F-DONG-0581,500X600,보(Y),DONG,B2F,500x600,7800,,2.34
400X800-B2F-DONG-0192,400X800,보(X),DONG,B2F,400x800,900,,0.288
500X600-B2F-DONG-0582,500X600,보(X),DONG,B2F,500x600,900,,0.27
900X900-B2F-DONG-0094,900X900,보(Y),DONG,B2F,900x900,7800,,6.318
400X800-B2F-DONG-0193,400X800,보(X),DONG,B2F,400x800,900,,0.288
500X600-B2F-DONG-0583,500X600,보(X),DONG,B2F,500x600,900,,0.27
500X600-B2F-DONG-0584,500X600,보(Y),DONG,B2F,500x600,7600,,2.28
500X600-B2F-DONG-0585,500X600,보(X),DONG,B2F,500x600,900,,0.27
400X800-B2F-DONG-0194,400X800,보(X),DONG,B2F,400x800,900,,0.288
900X900-B2F-DONG-0095,900X900,보(Y),DONG,B2F,900x900,7800,,6.318
500X600-B2F-DONG-0586,500X600,보(X),DONG,B2F,500x600,900,,0.27
900X900-B2F-DONG-0096,900X900,보(X),DONG,B2F,900x900,900,,0.729
900X900-B2F-DONG-0097,900X900,보(Y),DONG,B2F,900x900,3100,,2.511
400X800-B2F-DONG-0195,400X800,보(X),DONG,B2F,400x800,900,,0.288
900X900-B2F-DONG-0098,900X900,보(X),DONG,B2F,900x900,900,,0.729
900X900-B2F-DONG-0099,900X900,보(Y),DONG,B2F,900x900,3100,,2.511
700X600-B2F-DONG-0063,700X600,보(X),DONG,B2F,700x600,900,,0.378
900X900-B2F-DONG-0100,900X900,보(X),DONG,B2F,900x900,900,,0.729
900X900-B2F-DONG-0101,900X900,보(Y),DONG,B2F,900x900,3100,,2.511
700X600-B2F-DONG-0064,700X600,보(X),DONG,B2F,700x600,900,,0.378
900X900-B2F-DONG-0102,900X900,보(X),DONG,B2F,900x900,900,,0.729
900X900-B2F-DONG-0103,900X900,보(Y),DONG,B2F,900x900,7700,,6.237
900X900-B2F-DONG-0104,900X900,보(X),DONG,B2F,900x900,900,,0.729
900X900-B2F-DONG-0105,900X900,보(X),DONG,B2F,900x900,900,,0.729
900X900-B2F-DONG-0106,900X900,보(Y),DONG,B2F,900x900,7000,,5.67
500X900-B2F-DONG-0253,500X900,보(X),DONG,B2F,500x900,900,,0.405
900X900-B2F-DONG-0107,900X900,보(X),DONG,B2F,900x900,900,,0.729
900X900-B2F-DONG-0108,900X900,보(Y),DONG,B2F,900x900,7900,,6.399
900X900-B2F-DONG-0109,900X900,보(X),DONG,B2F,900x900,900,,0.729
900X900-B2F-DONG-0110,900X900,보(X),DONG,B2F,900x900,900,,0.729
900X900-B2F-DONG-0111,900X900,보(Y),DONG,B2F,900x900,7800,,6.3181
900X900-B2F-DONG-0112,900X900,보(X),DONG,B2F,900x900,900,,0.729
900X900-B2F-DONG-0113,900X900,보(X),DONG,B2F,900x900,900,,0.729
900X900-B2F-DONG-0114,900X900,보(Y),DONG,B2F,900x900,3500,,2.835
900X900-B2F-DONG-0115,900X900,보(X),DONG,B2F,900x900,900,,0.729
900X900-B2F-DONG-0116,900X900,보(X),DONG,B2F,900x900,900,,0.729
900X900-B2F-DONG-0117,900X900,보(Y),DONG,B2F,900x900,7900,,6.399
400X800-B2F-DONG-0196,400X800,보(X),DONG,B2F,400x800,900,,0.288
500X600-B2F-DONG-0587,500X600,보(X),DONG,B2F,500x600,900,,0.27
800X1500-B2F-DONG-0004,800X1500,보(Y),DONG,B2F,800x1500,7900,,9.4799
400X800-B2F-DONG-0197,400X800,보(X),DONG,B2F,400x800,900,,0.288
600X1200-B2F-DONG-0003,600X1200,보(X),DONG,B2F,600x1200,900,,0.648
900X900-B2F-DONG-0118,900X900,보(Y),DONG,B2F,900x900,7900,,6.399
600X1200-B2F-DONG-0004,600X1200,보(X),DONG,B2F,600x1200,900,,0.648
600X900-B2F-DONG-0106,600X900,보(X),DONG,B2F,600x900,900,,0.486
900X900-B2F-DONG-0119,900X900,보(Y),DONG,B2F,900x900,7900,,6.399
400X800-B2F-DONG-0198,400X800,보(X),DONG,B2F,400x800,900,,0.288
500X900-B2F-DONG-0254,500X900,보(X),DONG,B2F,500x900,900,,0.405
900X900-B2F-DONG-0120,900X900,보(Y),DONG,B2F,900x900,8300,,6.723
400X800-B2F-DONG-0199,400X800,보(X),DONG,B2F,400x800,900,,0.288
1000X900-B2F-DONG-0010,1000X900,보(X),DONG,B2F,1000x900,900,,0.81
900X900-B2F-DONG-0121,900X900,보(Y),DONG,B2F,900x900,7700,,6.237
1500X1000-B2F-DONG-0002,1500X1000,보(X),DONG,B2F,1500x1000,900,,1.35
900X900-B2F-DONG-0122,900X900,보(X),DONG,B2F,900x900,900,,0.729
900X900-B2F-DONG-0123,900X900,보(Y),DONG,B2F,900x900,7700,,6.237
500X600-B2F-DONG-0588,500X600,보(X),DONG,B2F,500x600,900,,0.27
600X1200-B2F-DONG-0005,600X1200,보(X),DONG,B2F,600x1200,900,,0.648
900X900-B2F-DONG-0124,900X900,보(Y),DONG,B2F,900x900,7700,,6.237
600X1800-B2F-DONG-0001,600X1800,보(X),DONG,B2F,600x1800,900,,0.972
900X900-B2F-DONG-0125,900X900,보(X),DONG,B2F,900x900,900,,0.729
900X900-B2F-DONG-0126,900X900,보(Y),DONG,B2F,900x900,7700,,6.237
500X600-B2F-DONG-0589,500X600,보(X),DONG,B2F,500x600,900,,0.27
400X800-B2F-DONG-0200,400X800,보(X),DONG,B2F,400x800,900,,0.288
900X900-B2F-DONG-0127,900X900,보(Y),DONG,B2F,900x900,8100,,6.561
400X800-B2F-DONG-0201,400X800,보(X),DONG,B2F,400x800,900,,0.288
500X600-B2F-DONG-0590,500X600,보(X),DONG,B2F,500x600,900,,0.27
900X900-B2F-DONG-0128,900X900,보(Y),DONG,B2F,900x900,7600,,6.156
500X600-B2F-DONG-0591,500X600,보(X),DONG,B2F,500x600,900,,0.27
500X600-B2F-DONG-0592,500X600,보(X),DONG,B2F,500x600,900,,0.27
900X900-B2F-DONG-0129,900X900,보(Y),DONG,B2F,900x900,7600,,6.156
1100X900-B2F-DONG-0024,1100X900,보(X),DONG,B2F,1100x900,900,,0.891
500X600-B2F-DONG-0593,500X600,보(X),DONG,B2F,500x600,900,,0.27
900X900-B2F-DONG-0130,900X900,보(Y),DONG,B2F,900x900,7600,,6.156
700X600-B2F-DONG-0065,700X600,보(X),DONG,B2F,700x600,900,,0.378
400X800-B2F-DONG-0202,400X800,보(X),DONG,B2F,400x800,900,,0.288
900X900-B2F-DONG-0131,900X900,보(Y),DONG,B2F,900x900,7800,,6.318
700X600-B2F-DONG-0066,700X600,보(X),DONG,B2F,700x600,900,,0.378
500X700-B2F-DONG-0010,500X700,보(X),DONG,B2F,500x700,900,,0.315
900X900-B2F-DONG-0132,900X900,보(Y),DONG,B2F,900x900,7600,,6.156
400X800-B2F-DONG-0203,400X800,보(X),DONG,B2F,400x800,900,,0.288
900X900-B2F-DONG-0133,900X900,보(X),DONG,B2F,900x900,900,,0.729
900X900-B2F-DONG-0134,900X900,보(Y),DONG,B2F,900x900,7600,,6.156
400X800-B2F-DONG-0204,400X800,보(X),DONG,B2F,400x800,900,,0.288
600X1500-B2F-DONG-0014,600X1500,보(X),DONG,B2F,600x1500,900,,0.81
900X900-B2F-DONG-0135,900X900,보(Y),DONG,B2F,900x900,7600,,6.156
400X800-B2F-DONG-0205,400X800,보(X),DONG,B2F,400x800,900,,0.288
900X900-B2F-DONG-0136,900X900,보(X),DONG,B2F,900x900,900,,0.729
900X900-B2F-DONG-0137,900X900,보(Y),DONG,B2F,900x900,7600,,6.156
400X800-B2F-DONG-0206,400X800,보(X),DONG,B2F,400x800,900,,0.288
400X800-B2F-DONG-0207,400X800,보(X),DONG,B2F,400x800,900,,0.288
900X900-B2F-DONG-0138,900X900,보(Y),DONG,B2F,900x900,7600,,6.156
400X800-B2F-DONG-0208,400X800,보(X),DONG,B2F,400x800,900,,0.288
400X800-B2F-DONG-0209,400X800,보(X),DONG,B2F,400x800,900,,0.288
900X900-B2F-DONG-0139,900X900,보(Y),DONG,B2F,900x900,7600,,6.156
400X900_EST-B2F-DONG-0008,400X900_EST,보(X),DONG,B2F,400x900,900,,0.324
900X900-B2F-DONG-0140,900X900,보(X),DONG,B2F,900x900,900,,0.729
900X900-B2F-DONG-0141,900X900,보(Y),DONG,B2F,900x900,7600,,6.156
400X800-B2F-DONG-0210,400X800,보(X),DONG,B2F,400x800,900,,0.288
400X800-B2F-DONG-0211,400X800,보(X),DONG,B2F,400x800,900,,0.288
900X900-B2F-DONG-0142,900X900,보(Y),DONG,B2F,900x900,7600,,6.156
400X800-B2F-DONG-0212,400X800,보(X),DONG,B2F,400x800,900,,0.288
700X900-B2F-DONG-0106,700X900,보(X),DONG,B2F,700x900,900,,0.567
900X900-B2F-DONG-0143,900X900,보(Y),DONG,B2F,900x900,7600,,6.156
400X800-B2F-DONG-0213,400X800,보(X),DONG,B2F,400x800,900,,0.288
400X800-B2F-DONG-0214,400X800,보(X),DONG,B2F,400x800,900,,0.288
900X900-B2F-DONG-0144,900X900,보(Y),DONG,B2F,900x900,7600,,6.156
400X800-B2F-DONG-0215,400X800,보(X),DONG,B2F,400x800,900,,0.288
700X900-B2F-DONG-0107,700X900,보(X),DONG,B2F,700x900,900,,0.567
900X900-B2F-DONG-0145,900X900,보(Y),DONG,B2F,900x900,7600,,6.156
500X900-B2F-DONG-0255,500X900,보(X),DONG,B2F,500x900,900,,0.405
900X900-B2F-DONG-0146,900X900,보(X),DONG,B2F,900x900,900,,0.729
900X900-B2F-DONG-0147,900X900,보(Y),DONG,B2F,900x900,7600,,6.156
600X900-B2F-DONG-0107,600X900,보(X),DONG,B2F,600x900,900,,0.486
600X900-B2F-DONG-0108,600X900,보(X),DONG,B2F,600x900,900,,0.486
900X900-B2F-DONG-0148,900X900,보(Y),DONG,B2F,900x900,7800,,6.318
500X900-B2F-DONG-0256,500X900,보(X),DONG,B2F,500x900,900,,0.405
600X900-B2F-DONG-0109,600X900,보(X),DONG,B2F,600x900,900,,0.486
900X900-B2F-DONG-0149,900X900,보(Y),DONG,B2F,900x900,7800,,6.318
500X900-B2F-DONG-0257,500X900,보(X),DONG,B2F,500x900,900,,0.405
900X900-B2F-DONG-0150,900X900,보(X),DONG,B2F,900x900,900,,0.729
900X900-B2F-DONG-0151,900X900,보(Y),DONG,B2F,900x900,7600,,6.156
900X900-B2F-DONG-0152,900X900,보(X),DONG,B2F,900x900,900,,0.729
900X900-B2F-DONG-0153,900X900,보(X),DONG,B2F,900x900,900,,0.729
900X900-B2F-DONG-0154,900X900,보(Y),DONG,B2F,900x900,7800,,6.318
600X900-B2F-DONG-0110,600X900,보(X),DONG,B2F,600x900,900,,0.486
900X900-B2F-DONG-0155,900X900,보(X),DONG,B2F,900x900,900,,0.729
900X900-B2F-DONG-0156,900X900,보(Y),DONG,B2F,900x900,7600,,6.156
900X900-B2F-DONG-0157,900X900,보(X),DONG,B2F,900x900,900,,0.729
900X900-B2F-DONG-0158,900X900,보(X),DONG,B2F,900x900,900,,0.729
900X900-B2F-DONG-0159,900X900,보(Y),DONG,B2F,900x900,7800,,6.318
600X900-B2F-DONG-0111,600X900,보(X),DONG,B2F,600x900,900,,0.486
400X800-B2F-DONG-0216,400X800,보(X),DONG,B2F,400x800,900,,0.288
900X900-B2F-DONG-0160,900X900,보(Y),DONG,B2F,900x900,7600,,6.156
400X800-B2F-DONG-0217,400X800,보(X),DONG,B2F,400x800,900,,0.288
400X800-B2F-DONG-0218,400X800,보(X),DONG,B2F,400x800,900,,0.288
900X900-B2F-DONG-0161,900X900,보(Y),DONG,B2F,900x900,7800,,6.318
600X900-B2F-DONG-0112,600X900,보(X),DONG,B2F,600x900,900,,0.486
400X800-B2F-DONG-0219,400X800,보(X),DONG,B2F,400x800,900,,0.288
900X900-B2F-DONG-0162,900X900,보(Y),DONG,B2F,900x900,7600,,6.156
400X800-B2F-DONG-0220,400X800,보(X),DONG,B2F,400x800,900,,0.288
400X800-B2F-DONG-0221,400X800,보(X),DONG,B2F,400x800,900,,0.288
900X900-B2F-DONG-0163,900X900,보(Y),DONG,B2F,900x900,7800,,6.318
600X900-B2F-DONG-0113,600X900,보(X),DONG,B2F,600x900,900,,0.486
500X900-B2F-DONG-0258,500X900,보(X),DONG,B2F,500x900,900,,0.405
900X900-B2F-DONG-0164,900X900,보(Y),DONG,B2F,900x900,7600,,6.156
500X900-B2F-DONG-0259,500X900,보(X),DONG,B2F,500x900,900,,0.405
500X900-B2F-DONG-0260,500X900,보(X),DONG,B2F,500x900,900,,0.405
900X900-B2F-DONG-0165,900X900,보(Y),DONG,B2F,900x900,7800,,6.318
500X900-B2F-DONG-0261,500X900,보(X),DONG,B2F,500x900,900,,0.405
900X900-B2F-DONG-0166,900X900,보(X),DONG,B2F,900x900,600,,0.486
600X900-B2F-DONG-0114,600X900,보(Y),DONG,B2F,600x900,7445,,4.0206
1000X900-B2F-DONG-0011,1000X900,보(X),DONG,B2F,1000x900,600,,0.54
600X900-B2F-DONG-0115,600X900,보(Y),DONG,B2F,600x900,7449,,4.0225
900X900-B2F-DONG-0167,900X900,보(X),DONG,B2F,900x900,600,,0.486
1100X900-B2F-DONG-0025,1100X900,보(X),DONG,B2F,1100x900,600,,0.594
600X900-B2F-DONG-0116,600X900,보(Y),DONG,B2F,600x900,7250,,3.9149
700X900-B2F-DONG-0108,700X900,보(X),DONG,B2F,700x900,600,,0.378
700X900-B2F-DONG-0109,700X900,보(X),DONG,B2F,700x900,618,,0.3895
700X900-B2F-DONG-0110,700X900,보(Y),DONG,B2F,700x900,1393,,0.8778
700X900-B2F-DONG-0111,700X900,보(X),DONG,B2F,700x900,600,,0.378
700X900-B2F-DONG-0112,700X900,보(Y),DONG,B2F,700x900,1543,,0.9718
700X900-B2F-DONG-0113,700X900,보(X),DONG,B2F,700x900,600,,0.378
600X900-B2F-DONG-0117,600X900,보(Y),DONG,B2F,600x900,7590,,4.0986
1100X900-B2F-DONG-0026,1100X900,보(X),DONG,B2F,1100x900,600,,0.594
700X900-B2F-DONG-0114,700X900,보(Y),DONG,B2F,700x900,5737,,3.6146
700X900-B2F-DONG-0115,700X900,보(X),DONG,B2F,700x900,700,,0.441
700X900-B2F-DONG-0116,700X900,보(Y),DONG,B2F,700x900,5912,,3.7246
600X900-B2F-DONG-0118,600X900,보(X),DONG,B2F,600x900,700,,0.378
700X900-B2F-DONG-0117,700X900,보(Y),DONG,B2F,700x900,7889,,4.9699
600X900-B2F-DONG-0119,600X900,보(X),DONG,B2F,600x900,700,,0.378
1100X900-B2F-DONG-0027,1100X900,보(X),DONG,B2F,1100x900,700,,0.6931
700X900-B2F-DONG-0118,700X900,보(Y),DONG,B2F,700x900,7550,,4.7563
1000X900-B2F-DONG-0012,1000X900,보(X),DONG,B2F,1000x900,700,,0.6301
500X900-B2F-DONG-0262,500X900,보(X),DONG,B2F,500x900,900,,0.405
900X900-B2F-DONG-0168,900X900,보(Y),DONG,B2F,900x900,9710,,7.8651
500X900-B2F-DONG-0263,500X900,보(X),DONG,B2F,500x900,901,,0.4054
700X900-B2F-DONG-0119,700X900,보(X),DONG,B2F,700x900,900,,0.567
900X900-B2F-DONG-0169,900X900,보(Y),DONG,B2F,900x900,9510,,7.7031
700X900-B2F-DONG-0120,700X900,보(X),DONG,B2F,700x900,901,,0.5675
700X900-B2F-DONG-0121,700X900,보(X),DONG,B2F,700x900,700,,0.441
700X900-B2F-DONG-0122,700X900,보(Y),DONG,B2F,700x900,9510,,5.9913
700X900-B2F-DONG-0123,700X900,보(X),DONG,B2F,700x900,701,,0.4415
700X900-B2F-DONG-0124,700X900,보(X),DONG,B2F,700x900,700,,0.441
700X900-B2F-DONG-0125,700X900,보(Y),DONG,B2F,700x900,4020,,2.5325
700X900-B2F-DONG-0126,700X900,보(X),DONG,B2F,700x900,701,,0.4415
600X900-B2F-DONG-0120,600X900,보(Y),DONG,B2F,600x900,600,,0.324
600X900-B2F-DONG-0121,600X900,보(X),DONG,B2F,600x900,7639,,4.1252
500X900-B2F-DONG-0264,500X900,보(Y),DONG,B2F,500x900,600,,0.27
600X900-B2F-DONG-0122,600X900,보(Y),DONG,B2F,600x900,618,,0.3339
600X900-B2F-DONG-0123,600X900,보(X),DONG,B2F,600x900,4268,,2.3046
600X900-B2F-DONG-0124,600X900,보(Y),DONG,B2F,600x900,600,,0.324
500X900-B2F-DONG-0265,500X900,보(Y),DONG,B2F,500x900,600,,0.27
600X900-B2F-DONG-0125,600X900,보(X),DONG,B2F,600x900,7500,,4.0501
700X900-B2F-DONG-0127,700X900,보(Y),DONG,B2F,700x900,600,,0.378
700X900-B2F-DONG-0128,700X900,보(X),DONG,B2F,700x900,700,,0.441
700X900-B2F-DONG-0129,700X900,보(Y),DONG,B2F,700x900,7504,,4.7278
1100X900-B2F-DONG-0028,1100X900,보(X),DONG,B2F,1100x900,700,,0.6931
700X900-B2F-DONG-0130,700X900,보(X),DONG,B2F,700x900,722,,0.4546
700X900-B2F-DONG-0131,700X900,보(Y),DONG,B2F,700x900,2335,,1.4711
700X900-B2F-DONG-0132,700X900,보(X),DONG,B2F,700x900,700,,0.441
800X900-B2F-DONG-0054,800X900,보(X),DONG,B2F,800x900,618,,0.4452
600X900-B2F-DONG-0126,600X900,보(Y),DONG,B2F,600x900,3372,,1.8209
600X900-B2F-DONG-0127,600X900,보(X),DONG,B2F,600x900,600,,0.324
500X900-B2F-DONG-0266,500X900,보(Y),DONG,B2F,500x900,3850,,1.7325
500X900-B2F-DONG-0267,500X900,보(X),DONG,B2F,500x900,500,,0.225
700X900-B2F-DONG-0133,700X900,보(X),DONG,B2F,700x900,700,,0.441
700X900-B2F-DONG-0134,700X900,보(Y),DONG,B2F,700x900,4100,,2.583
800X900-B2F-DONG-0055,800X900,보(X),DONG,B2F,800x900,700,,0.504
600X900-B2F-DONG-0128,600X900,보(X),DONG,B2F,600x900,700,,0.378
700X900-B2F-DONG-0135,700X900,보(Y),DONG,B2F,700x900,4200,,2.646
800X900-B2F-DONG-0056,800X900,보(X),DONG,B2F,800x900,700,,0.504
700X900-B2F-DONG-0136,700X900,보(X),DONG,B2F,700x900,711,,0.4478
700X900-B2F-DONG-0137,700X900,보(Y),DONG,B2F,700x900,4701,,2.9617
900X900-B2F-DONG-0170,900X900,보(X),DONG,B2F,900x900,700,,0.567
900X900-B2F-DONG-0171,900X900,보(X),DONG,B2F,900x900,600,,0.486
600X900-B2F-DONG-0129,600X900,보(Y),DONG,B2F,600x900,7550,,4.077
600X900-B2F-DONG-0130,600X900,보(X),DONG,B2F,600x900,600,,0.324
800X900-B2F-DONG-0057,800X900,보(X),DONG,B2F,800x900,600,,0.432
600X900-B2F-DONG-0131,600X900,보(Y),DONG,B2F,600x900,7550,,4.077
800X900-B2F-DONG-0058,800X900,보(X),DONG,B2F,800x900,600,,0.432
800X900-B2F-DONG-0059,800X900,보(X),DONG,B2F,800x900,600,,0.432
600X900-B2F-DONG-0132,600X900,보(Y),DONG,B2F,600x900,7600,,4.104
800X900-B2F-DONG-0060,800X900,보(X),DONG,B2F,800x900,600,,0.432
600X900-B2F-DONG-0133,600X900,보(X),DONG,B2F,600x900,500,,0.27
500X900-B2F-DONG-0268,500X900,보(Y),DONG,B2F,500x900,7800,,3.51
600X900-B2F-DONG-0134,600X900,보(X),DONG,B2F,600x900,500,,0.27
600X900-B2F-DONG-0135,600X900,보(X),DONG,B2F,600x900,500,,0.27
500X900-B2F-DONG-0269,500X900,보(Y),DONG,B2F,500x900,4700,,2.115
500X900-B2F-DONG-0270,500X900,보(X),DONG,B2F,500x900,500,,0.225
700X900-B2F-DONG-0138,700X900,보(X),DONG,B2F,700x900,500,,0.315
500X900-B2F-DONG-0271,500X900,보(Y),DONG,B2F,500x900,7150,,3.2175
600X900-B2F-DONG-0136,600X900,보(X),DONG,B2F,600x900,500,,0.27
700X900-B2F-DONG-0139,700X900,보(X),DONG,B2F,700x900,500,,0.315
500X900-B2F-DONG-0272,500X900,보(Y),DONG,B2F,500x900,7800,,3.51
700X900-B2F-DONG-0140,700X900,보(X),DONG,B2F,700x900,500,,0.315
700X900-B2F-DONG-0141,700X900,보(X),DONG,B2F,700x900,500,,0.315
500X900-B2F-DONG-0273,500X900,보(Y),DONG,B2F,500x900,7800,,3.51
700X900-B2F-DONG-0142,700X900,보(X),DONG,B2F,700x900,500,,0.315
700X900-B2F-DONG-0143,700X900,보(X),DONG,B2F,700x900,1917,,1.2076
700X900-B2F-DONG-0144,700X900,보(X),DONG,B2F,700x900,500,,0.315
500X900-B2F-DONG-0274,500X900,보(Y),DONG,B2F,500x900,7700,,3.465
700X900-B2F-DONG-0145,700X900,보(X),DONG,B2F,700x900,500,,0.315
500X900-B2F-DONG-0275,500X900,보(X),DONG,B2F,500x900,500,,0.225
500X900-B2F-DONG-0276,500X900,보(Y),DONG,B2F,500x900,3650,,1.6425
700X900-B2F-DONG-0146,700X900,보(X),DONG,B2F,700x900,500,,0.315
600X900-B2F-DONG-0137,600X900,보(X),DONG,B2F,600x900,600,,0.324
600X900-B2F-DONG-0138,600X900,보(Y),DONG,B2F,600x900,3500,,1.89
800X900-B2F-DONG-0061,800X900,보(X),DONG,B2F,800x900,600,,0.432
600X900-B2F-DONG-0139,600X900,보(X),DONG,B2F,600x900,600,,0.324
600X900-B2F-DONG-0140,600X900,보(Y),DONG,B2F,600x900,3500,,1.89
800X900-B2F-DONG-0062,800X900,보(X),DONG,B2F,800x900,600,,0.432
600X900-B2F-DONG-0141,600X900,보(X),DONG,B2F,600x900,600,,0.324
600X900-B2F-DONG-0142,600X900,보(Y),DONG,B2F,600x900,3500,,1.89
800X900-B2F-DONG-0063,800X900,보(X),DONG,B2F,800x900,600,,0.432
800X900-B2F-DONG-0064,800X900,보(X),DONG,B2F,800x900,600,,0.432
600X900-B2F-DONG-0143,600X900,보(Y),DONG,B2F,600x900,7650,,4.131
700X900-B2F-DONG-0147,700X900,보(X),DONG,B2F,700x900,600,,0.378
800X900-B2F-DONG-0065,800X900,보(X),DONG,B2F,800x900,600,,0.432
600X900-B2F-DONG-0144,600X900,보(Y),DONG,B2F,600x900,7550,,4.077
900X900-B2F-DONG-0172,900X900,보(X),DONG,B2F,900x900,600,,0.486
800X900-B2F-DONG-0066,800X900,보(X),DONG,B2F,800x900,600,,0.432
600X900-B2F-DONG-0145,600X900,보(Y),DONG,B2F,600x900,7500,,4.05
1000X900-B2F-DONG-0013,1000X900,보(X),DONG,B2F,1000x900,600,,0.54
500X900-B2F-DONG-0277,500X900,보(Y),DONG,B2F,500x900,500,,0.225
500X900-B2F-DONG-0278,500X900,보(X),DONG,B2F,500x900,7800,,3.51
500X900-B2F-DONG-0279,500X900,보(Y),DONG,B2F,500x900,500,,0.225
900X900-B2F-DONG-0173,900X900,보(X),DONG,B2F,900x900,600,,0.486
600X900-B2F-DONG-0146,600X900,보(Y),DONG,B2F,600x900,7500,,4.05
1100X900-B2F-DONG-0029,1100X900,보(X),DONG,B2F,1100x900,600,,0.594
1000X900-B2F-DONG-0014,1000X900,보(X),DONG,B2F,1000x900,700,,0.63
700X900-B2F-DONG-0148,700X900,보(Y),DONG,B2F,700x900,7450,,4.6935
1100X900-B2F-DONG-0030,1100X900,보(X),DONG,B2F,1100x900,700,,0.693
500X900-B2F-DONG-0280,500X900,보(Y),DONG,B2F,500x900,500,,0.225
500X900-B2F-DONG-0281,500X900,보(X),DONG,B2F,500x900,7800,,3.51
500X900-B2F-DONG-0282,500X900,보(Y),DONG,B2F,500x900,500,,0.225
700X900-B2F-DONG-0149,700X900,보(Y),DONG,B2F,700x900,500,,0.315
500X900-B2F-DONG-0283,500X900,보(X),DONG,B2F,500x900,7800,,3.51
700X900-B2F-DONG-0150,700X900,보(Y),DONG,B2F,700x900,500,,0.315
1100X900-B2F-DONG-0031,1100X900,보(X),DONG,B2F,1100x900,600,,0.594
600X900-B2F-DONG-0147,600X900,보(Y),DONG,B2F,600x900,7200,,3.888
1100X900-B2F-DONG-0032,1100X900,보(X),DONG,B2F,1100x900,600,,0.594
1100X900-B2F-DONG-0033,1100X900,보(X),DONG,B2F,1100x900,700,,0.693
700X900-B2F-DONG-0151,700X900,보(Y),DONG,B2F,700x900,7596,,4.7853
400X900_EST-B2F-DONG-0009,400X900_EST,보(X),DONG,B2F,400x900,700,,0.252
700X900-B2F-DONG-0152,700X900,보(X),DONG,B2F,700x900,800,,0.504
600X900-B2F-DONG-0148,600X900,보(Y),DONG,B2F,600x900,7710,,4.1632
700X900-B2F-DONG-0153,700X900,보(X),DONG,B2F,700x900,800,,0.504
600X900-B2F-DONG-0149,600X900,보(X),DONG,B2F,600x900,6657,,3.5946
600X900-B2F-DONG-0150,600X900,보(Y),DONG,B2F,600x900,609,,0.329
600X900-B2F-DONG-0151,600X900,보(X),DONG,B2F,600x900,6762,,3.6517
900X900-B2F-DONG-0174,900X900,보(Y),DONG,B2F,900x900,600,,0.486
600X900-B2F-DONG-0152,600X900,보(X),DONG,B2F,600x900,7300,,3.942
700X1500-B2F-DONG-0004,700X1500,보(Y),DONG,B2F,700x1500,600,,0.63
900X900-B2F-DONG-0175,900X900,보(Y),DONG,B2F,900x900,600,,0.486
600X900-B2F-DONG-0153,600X900,보(X),DONG,B2F,600x900,7750,,4.1849
800X900-B2F-DONG-0067,800X900,보(Y),DONG,B2F,800x900,600,,0.432
700X900-B2F-DONG-0154,700X900,보(X),DONG,B2F,700x900,7215,,4.5456
800X900-B2F-DONG-0068,800X900,보(Y),DONG,B2F,800x900,700,,0.504
700X900-B2F-DONG-0155,700X900,보(X),DONG,B2F,700x900,7247,,4.5655
800X900-B2F-DONG-0069,800X900,보(Y),DONG,B2F,800x900,701,,0.5045
800X900-B2F-DONG-0070,800X900,보(Y),DONG,B2F,800x900,701,,0.5045
700X900-B2F-DONG-0156,700X900,보(X),DONG,B2F,700x900,7726,,4.8671
1100X900-B2F-DONG-0034,1100X900,보(Y),DONG,B2F,1100x900,701,,0.6937
800X900-B2F-DONG-0071,800X900,보(X),DONG,B2F,800x900,609,,0.4387
600X900-B2F-DONG-0154,600X900,보(Y),DONG,B2F,600x900,4716,,2.5467
500X600-B2F-DONG-0594,500X600,보(X),DONG,B2F,500x600,609,,0.1828
600X900-B2F-DONG-0155,600X900,보(Y),DONG,B2F,600x900,4716,,2.5467
900X900-B2F-DONG-0176,900X900,보(X),DONG,B2F,900x900,600,,0.486
600X900-B2F-DONG-0156,600X900,보(Y),DONG,B2F,600x900,4448,,2.4018
600X900-B2F-DONG-0157,600X900,보(X),DONG,B2F,600x900,609,,0.329
900X900-B2F-DONG-0177,900X900,보(X),DONG,B2F,900x900,600,,0.486
600X900-B2F-DONG-0158,600X900,보(Y),DONG,B2F,600x900,7546,,4.0748
1000X900-B2F-DONG-0015,1000X900,보(X),DONG,B2F,1000x900,600,,0.5403
600X900-B2F-DONG-0159,600X900,보(X),DONG,B2F,600x900,600,,0.3243
600X900-B2F-DONG-0160,600X900,보(Y),DONG,B2F,600x900,7618,,4.1139
1000X900-B2F-DONG-0016,1000X900,보(X),DONG,B2F,1000x900,600,,0.5403
1500X1000-B2F-DONG-0003,1500X1000,보(X),DONG,B2F,1500x1000,600,,0.9002
600X900-B2F-DONG-0161,600X900,보(Y),DONG,B2F,600x900,7239,,3.9089
700X900-B2F-DONG-0157,700X900,보(X),DONG,B2F,700x900,600,,0.378
600X900-B2F-DONG-0162,600X900,보(Y),DONG,B2F,600x900,7228,,3.9029
1100X900-B2F-DONG-0035,1100X900,보(X),DONG,B2F,1100x900,600,,0.5941
600X900-B2F-DONG-0163,600X900,보(Y),DONG,B2F,600x900,7201,,3.8883
700X900-B2F-DONG-0158,700X900,보(X),DONG,B2F,700x900,601,,0.3784
1100X900-B2F-DONG-0036,1100X900,보(Y),DONG,B2F,1100x900,700,,0.693
400X800-B2F-DONG-0222,400X800,보(X),DONG,B2F,400x800,7700,,2.464
400X800-B2F-DONG-0223,400X800,보(Y),DONG,B2F,400x800,700,,0.224
400X800-B2F-DONG-0224,400X800,보(X),DONG,B2F,400x800,7878,,2.5208
1100X900-B2F-DONG-0037,1100X900,보(Y),DONG,B2F,1100x900,700,,0.693
700X900-B2F-DONG-0159,700X900,보(X),DONG,B2F,700x900,7973,,5.0227
400X800-B2F-DONG-0225,400X800,보(Y),DONG,B2F,400x800,706,,0.2261
400X800-B2F-DONG-0226,400X800,보(Y),DONG,B2F,400x800,605,,0.1938
600X900-B2F-DONG-0164,600X900,보(X),DONG,B2F,600x900,6826,,3.686
400X800-B2F-DONG-0227,400X800,보(Y),DONG,B2F,400x800,600,,0.192
500X600-B2F-DONG-0595,500X600,보(X),DONG,B2F,500x600,500,,0.15
500X900-B2F-DONG-0284,500X900,보(Y),DONG,B2F,500x900,4000,,1.8
600X900-B2F-DONG-0165,600X900,보(X),DONG,B2F,600x900,500,,0.27
600X900-B2F-DONG-0166,600X900,보(Y),DONG,B2F,600x900,3517,,1.899
700X1500-B2F-DONG-0005,700X1500,보(X),DONG,B2F,700x1500,600,,0.63
400X900-B2F-DONG-0008,400X900,보(Y),DONG,B2F,400x900,3455,,1.2437
600X900-B2F-DONG-0167,600X900,보(Y),DONG,B2F,600x900,6346,,3.4266
600X600-B2F-DONG-0019,600X600,보(X),DONG,B2F,600x600,603,,0.2171
600X900-B2F-DONG-0168,600X900,보(Y),DONG,B2F,600x900,6407,,3.46
800X900-B2F-DONG-0072,800X900,보(X),DONG,B2F,800x900,600,,0.432
600X900-B2F-DONG-0169,600X900,보(Y),DONG,B2F,600x900,6234,,3.3661
800X900-B2F-DONG-0073,800X900,보(X),DONG,B2F,800x900,600,,0.432
600X900-B2F-DONG-0170,600X900,보(Y),DONG,B2F,600x900,6234,,3.3661
800X900-B2F-DONG-0074,800X900,보(Y),DONG,B2F,800x900,601,,0.4324
600X900-B2F-DONG-0171,600X900,보(X),DONG,B2F,600x900,6968,,3.7625
800X900-B2F-DONG-0075,800X900,보(Y),DONG,B2F,800x900,600,,0.432
600X900-B2F-DONG-0172,600X900,보(X),DONG,B2F,600x900,6939,,3.7468
800X900-B2F-DONG-0076,800X900,보(Y),DONG,B2F,800x900,600,,0.432
600X900-B2F-DONG-0173,600X900,보(X),DONG,B2F,600x900,4614,,2.4915
800X900-B2F-DONG-0077,800X900,보(Y),DONG,B2F,800x900,601,,0.4324
600X900-B2F-DONG-0174,600X900,보(X),DONG,B2F,600x900,6457,,3.4867
800X900-B2F-DONG-0078,800X900,보(Y),DONG,B2F,800x900,600,,0.432
600X900-B2F-DONG-0175,600X900,보(X),DONG,B2F,600x900,6571,,3.5482
500X900-B2F-DONG-0285,500X900,보(Y),DONG,B2F,500x900,600,,0.27
600X900-B2F-DONG-0176,600X900,보(X),DONG,B2F,600x900,5607,,3.0278
800X900-B2F-DONG-0079,800X900,보(Y),DONG,B2F,800x900,611,,0.4397
600X900-B2F-DONG-0177,600X900,보(Y),DONG,B2F,600x900,6484,,3.5013
600X900-B2F-DONG-0178,600X900,보(X),DONG,B2F,600x900,600,,0.3242
600X900-B2F-DONG-0179,600X900,보(Y),DONG,B2F,600x900,6132,,3.3115
400X800-B2F-DONG-0228,400X800,보(X),DONG,B2F,400x800,600,,0.192
600X900-B2F-DONG-0180,600X900,보(Y),DONG,B2F,600x900,8756,,4.7283
800X900-B2F-DONG-0080,800X900,보(X),DONG,B2F,800x900,707,,0.5087
400X800-B2F-DONG-0229,400X800,보(X),DONG,B2F,400x800,600,,0.192
600X900-B2F-DONG-0181,600X900,보(Y),DONG,B2F,600x900,6965,,3.7612
500X600-B2F-DONG-0596,500X600,보(X),DONG,B2F,500x600,616,,0.1848
600X900-B2F-DONG-0182,600X900,보(Y),DONG,B2F,600x900,7104,,3.8362
1100X900-B2F-DONG-0038,1100X900,보(X),DONG,B2F,1100x900,616,,0.6097
600X900-B2F-DONG-0183,600X900,보(Y),DONG,B2F,600x900,6239,,3.3692
500X600-B2F-DONG-0597,500X600,보(X),DONG,B2F,500x600,600,,0.18
600X900-B2F-DONG-0184,600X900,보(Y),DONG,B2F,600x900,4694,,2.5348
900X900-B2F-DONG-0178,900X900,보(X),DONG,B2F,900x900,610,,0.4941
600X900-B2F-DONG-0185,600X900,보(Y),DONG,B2F,600x900,4953,,2.6747
900X900-B2F-DONG-0179,900X900,보(X),DONG,B2F,900x900,610,,0.4941
600X900-B2F-DONG-0186,600X900,보(Y),DONG,B2F,600x900,8261,,4.4611
700X900-B2F-DONG-0160,700X900,보(X),DONG,B2F,700x900,600,,0.378
600X900-B2F-DONG-0187,600X900,보(Y),DONG,B2F,600x900,8152,,4.402
800X900-B2F-DONG-0081,800X900,보(Y),DONG,B2F,800x900,8273,,5.9567
700X900-B2F-DONG-0161,700X900,보(X),DONG,B2F,700x900,801,,0.5045
800X900-B2F-DONG-0082,800X900,보(Y),DONG,B2F,800x900,8157,,5.8731
700X900-B2F-DONG-0162,700X900,보(Y),DONG,B2F,700x900,7525,,4.7407
600X900-B2F-DONG-0188,600X900,보(X),DONG,B2F,600x900,708,,0.3825
700X900-B2F-DONG-0163,700X900,보(Y),DONG,B2F,700x900,7531,,4.7446
500X900-B2F-DONG-0286,500X900,보(X),DONG,B2F,500x900,600,,0.27
600X900-B2F-DONG-0189,600X900,보(Y),DONG,B2F,600x900,7295,,3.9393
900X900-B2F-DONG-0180,900X900,보(X),DONG,B2F,900x900,600,,0.486
1100X900-B2F-DONG-0039,1100X900,보(X),DONG,B2F,1100x900,616,,0.6097
600X900-B2F-DONG-0190,600X900,보(Y),DONG,B2F,600x900,9487,,5.123
600X1000-B2F-DONG-0003,600X1000,보(X),DONG,B2F,600x1000,600,,0.36
600X900-B2F-DONG-0191,600X900,보(Y),DONG,B2F,600x900,9348,,5.0479
500X600-B2F-DONG-0598,500X600,보(X),DONG,B2F,500x600,616,,0.1848
600X900-B2F-DONG-0192,600X900,보(Y),DONG,B2F,600x900,8622,,4.6559
600X900-B2F-DONG-0193,600X900,보(X),DONG,B2F,600x900,600,,0.324
600X900-B2F-DONG-0194,600X900,보(Y),DONG,B2F,600x900,8483,,4.5809
800X900-B2F-DONG-0083,800X900,보(Y),DONG,B2F,800x900,502,,0.3617
500X900-B2F-DONG-0287,500X900,보(X),DONG,B2F,500x900,3139,,1.4125
600X600-B2F-DONG-0020,600X600,보(Y),DONG,B2F,600x600,500,,0.18
500X900-B2F-DONG-0288,500X900,보(X),DONG,B2F,500x900,7196,,3.238
500X700-B2F-DONG-0011,500X700,보(Y),DONG,B2F,500x700,502,,0.1758
500X900-B2F-DONG-0289,500X900,보(X),DONG,B2F,500x900,7147,,3.2161
500X900-B2F-DONG-0290,500X900,보(X),DONG,B2F,500x900,6951,,3.1277
500X900-B2F-DONG-0291,500X900,보(X),DONG,B2F,500x900,6810,,3.0646
600X900-B2F-DONG-0195,600X900,보(X),DONG,B2F,600x900,500,,0.27
500X900-B2F-DONG-0292,500X900,보(Y),DONG,B2F,500x900,4700,,2.115
500X900-B2F-DONG-0293,500X900,보(X),DONG,B2F,500x900,500,,0.225
500X600-B2F-DONG-0599,500X600,보(X),DONG,B2F,500x600,5554,,1.6662
500X600-B2F-DONG-0600,500X600,보(X),DONG,B2F,500x600,500,,0.15
500X600-B2F-DONG-0601,500X600,보(Y),DONG,B2F,500x600,3040,,0.912
600X900-B2F-DONG-0196,600X900,보(X),DONG,B2F,600x900,500,,0.27
500X600-B2F-DONG-0602,500X600,보(X),DONG,B2F,500x600,4102,,1.2307
500X900-B2F-DONG-0294,500X900,보(X),DONG,B2F,500x900,500,,0.225
500X900-B2F-DONG-0295,500X900,보(Y),DONG,B2F,500x900,5670,,2.5515
700X900-B2F-DONG-0164,700X900,보(X),DONG,B2F,700x900,500,,0.315
400X900-B2F-DONG-0009,400X900,보(X),DONG,B2F,400x900,2892,,1.0413
400X900-B2F-DONG-0010,400X900,보(X),DONG,B2F,400x900,2892,,1.0413
500X900-B2F-DONG-0296,500X900,보(X),DONG,B2F,500x900,500,,0.225
500X600-B2F-DONG-0603,500X600,보(Y),DONG,B2F,500x600,3900,,1.17
400X800-B2F-DONG-0230,400X800,보(X),DONG,B2F,400x800,500,,0.16
400X800-B2F-DONG-0231,400X800,보(X),DONG,B2F,400x800,500,,0.16
500X900-B2F-DONG-0297,500X900,보(Y),DONG,B2F,500x900,4844,,2.18
800X900-B2F-DONG-0084,800X900,보(X),DONG,B2F,800x900,500,,0.36
400X900-B2F-DONG-0011,400X900,보(X),DONG,B2F,400x900,2246,,0.8086
400X900-B2F-DONG-0012,400X900,보(X),DONG,B2F,400x900,2392,,0.8612
700X900-B2F-DONG-0165,700X900,보(X),DONG,B2F,700x900,7715,,4.8603
600X900-B2F-DONG-0197,600X900,보(Y),DONG,B2F,600x900,700,,0.378
700X900-B2F-DONG-0166,700X900,보(X),DONG,B2F,700x900,7648,,4.818
700X900-B2F-DONG-0167,700X900,보(X),DONG,B2F,700x900,7715,,4.8603
600X900-B2F-DONG-0198,600X900,보(Y),DONG,B2F,600x900,700,,0.378
700X900-B2F-DONG-0168,700X900,보(X),DONG,B2F,700x900,7648,,4.818
700X900-B2F-DONG-0169,700X900,보(X),DONG,B2F,700x900,7137,,4.4961
500X700-B2F-DONG-0012,500X700,보(Y),DONG,B2F,500x700,710,,0.2484
700X900-B2F-DONG-0170,700X900,보(X),DONG,B2F,700x900,7185,,4.5267
500X700-B2F-DONG-0013,500X700,보(Y),DONG,B2F,500x700,703,,0.2462
700X900-B2F-DONG-0171,700X900,보(X),DONG,B2F,700x900,7298,,4.5975
600X900-B2F-DONG-0199,600X900,보(Y),DONG,B2F,600x900,700,,0.378
600X900-B2F-DONG-0200,600X900,보(Y),DONG,B2F,600x900,700,,0.378
700X900-B2F-DONG-0172,700X900,보(X),DONG,B2F,700x900,7350,,4.6305
500X600-B2F-DONG-0604,500X600,보(Y),DONG,B2F,500x600,700,,0.21
700X900-B2F-DONG-0173,700X900,보(X),DONG,B2F,700x900,7048,,4.4406
500X600-B2F-DONG-0605,500X600,보(Y),DONG,B2F,500x600,700,,0.21
700X900-B2F-DONG-0174,700X900,보(X),DONG,B2F,700x900,7245,,4.5642
400X900-B2F-DONG-0013,400X900,보(Y),DONG,B2F,400x900,3647,,1.3131
400X900-B2F-DONG-0014,400X900,보(Y),DONG,B2F,400x900,3764,,1.3552
900X900-B2F-DONG-0181,900X900,보(Y),DONG,B2F,900x900,700,,0.567
700X900-B2F-DONG-0175,700X900,보(X),DONG,B2F,700x900,7300,,4.599
900X900-B2F-DONG-0182,900X900,보(Y),DONG,B2F,900x900,700,,0.567
400X900-B2F-DONG-0015,400X900,보(Y),DONG,B2F,400x900,3267,,1.1762
700X900-B2F-DONG-0176,700X900,보(Y),DONG,B2F,700x900,6467,,4.074
700X900-B2F-DONG-0177,700X900,보(X),DONG,B2F,700x900,700,,0.441
700X900-B2F-DONG-0178,700X900,보(Y),DONG,B2F,700x900,6641,,4.184
400X900-B2F-DONG-0016,400X900,보(X),DONG,B2F,400x900,3650,,1.314
500X600-B2F-DONG-0606,500X600,보(X),DONG,B2F,500x600,5348,,1.6043
500X600-B2F-DONG-0607,500X600,보(Y),DONG,B2F,500x600,700,,0.21
500X600-B2F-DONG-0608,500X600,보(X),DONG,B2F,500x600,7700,,2.31
600X1800-B2F-DONG-0002,600X1800,보(Y),DONG,B2F,600x1800,700,,0.756
900X900-B2F-DONG-0183,900X900,보(Y),DONG,B2F,900x900,700,,0.567
400X800-B2F-DONG-0232,400X800,보(X),DONG,B2F,400x800,7700,,2.464
900X900-B2F-DONG-0184,900X900,보(Y),DONG,B2F,900x900,700,,0.567
400X900-B2F-DONG-0017,400X900,보(Y),DONG,B2F,400x900,2985,,1.0748
400X900-B2F-DONG-0018,400X900,보(Y),DONG,B2F,400x900,2985,,1.0748
400X900-B2F-DONG-0019,400X900,보(Y),DONG,B2F,400x900,2985,,1.0748
400X900-B2F-DONG-0020,400X900,보(Y),DONG,B2F,400x900,2985,,1.0748
400X900-B2F-DONG-0021,400X900,보(Y),DONG,B2F,400x900,3551,,1.2783
400X900-B2F-DONG-0022,400X900,보(Y),DONG,B2F,400x900,3550,,1.2781
"('PC2', 109619.69037207012, 2356824.452063586)-B1F-DONG-0001","('PC2', 109619.69037207012, 2356824.452063586)",기둥,DONG,B1F,1738x1635,5820,,16.5462
C-B1F-DONG-0001,C,기둥,DONG,B1F,1240x1019,5820,,7.3602
"('EC1', 168167.2323586498, 2282076.025270448)-B1F-DONG-0001","('EC1', 168167.2323586498, 2282076.025270448)",기둥,DONG,B1F,1019x1240,5820,,7.3602
C-B1F-DONG-0002,C,기둥,DONG,B1F,1240x1019,5820,,7.3602
C-B1F-DONG-0003,C,기둥,DONG,B1F,994x1237,5820,,7.1608
C-B1F-DONG-0004,C,기둥,DONG,B1F,994x1237,5820,,7.1608
C-B1F-DONG-0005,C,기둥,DONG,B1F,525x1512,5820,,4.6239
C-B1F-DONG-0006,C,기둥,DONG,B1F,1237x994,5820,,7.1608
C-B1F-DONG-0007,C,기둥,DONG,B1F,526x1512,5820,,4.6313
C-B1F-DONG-0008,C,기둥,DONG,B1F,1240x1019,5820,,7.3602
"('C2', 96480.86942496627, 2374325.4849818544)-B1F-DONG-0001","('C2', 96480.86942496627, 2374325.4849818544)",기둥,DONG,B1F,400x800,5820,,1.8624
"('C2', 96480.86942496627, 2382125.485056707)-B1F-DONG-0001","('C2', 96480.86942496627, 2382125.485056707)",기둥,DONG,B1F,400x800,5820,,1.8624
"('C2A', 104989.4879768594, 2304146.7038534028)-B1F-DONG-0001","('C2A', 104989.4879768594, 2304146.7038534028)",기둥,DONG,B1F,581x873,5820,,2.9553
"('C2', 96480.86942496627, 2365825.485056707)-B1F-DONG-0001","('C2', 96480.86942496627, 2365825.485056707)",기둥,DONG,B1F,400x800,5820,,1.8624
"('C2', 88280.86942496622, 2365825.485056707)-B1F-DONG-0001","('C2', 88280.86942496622, 2365825.485056707)",기둥,DONG,B1F,400x800,5820,,1.8624
"('C2', 88280.86942496622, 2357325.485056707)-B1F-DONG-0001","('C2', 88280.86942496622, 2357325.485056707)",기둥,DONG,B1F,400x800,5820,,1.8624
"('C2', 96480.86942496627, 2357325.485056707)-B1F-DONG-0001","('C2', 96480.86942496627, 2357325.485056707)",기둥,DONG,B1F,400x800,5820,,1.8624
"('C2', 88280.86942496622, 2348925.485056707)-B1F-DONG-0001","('C2', 88280.86942496622, 2348925.485056707)",기둥,DONG,B1F,400x800,5820,,1.8624
"('C2', 88280.86942496622, 2344625.4850567044)-B1F-DONG-0001","('C2', 88280.86942496622, 2344625.4850567044)",기둥,DONG,B1F,400x800,5820,,1.8624
"('EC1', 129062.88369125337, 2382125.485056707)-B1F-DONG-0001","('EC1', 129062.88369125337, 2382125.485056707)",기둥,DONG,B1F,400x800,5820,,1.8624
"('EC1', 176272.36037903387, 2250176.232526219)-B1F-DONG-0001","('EC1', 176272.36037903387, 2250176.232526219)",기둥,DONG,B1F,581x873,5820,,2.9553
"('EC2', 158553.81852740335, 2308638.5142017715)-B1F-DONG-0001","('EC2', 158553.81852740335, 2308638.5142017715)",기둥,DONG,B1F,581x873,5820,,2.9553
"('C1', 170832.81777757878, 2274040.1753973225)-B1F-DONG-0001","('C1', 170832.81777757878, 2274040.1753973225)",기둥,DONG,B1F,873x581,5820,,2.9553
"('EC1', 149906.23872186427, 2323488.416065921)-B1F-DONG-0001","('EC1', 149906.23872186427, 2323488.416065921)",기둥,DONG,B1F,873x581,5820,,2.9553
"('EC1', 104137.67643449908, 2330318.03229419)-B1F-DONG-0001","('EC1', 104137.67643449908, 2330318.03229419)",기둥,DONG,B1F,581x873,5820,,2.9553
C-B1F-DONG-0009,C,기둥,DONG,B1F,400x800,5820,,1.8624
"('EC1', 141912.88366710884, 2357325.485056705)-B1F-DONG-0001","('EC1', 141912.88366710884, 2357325.485056705)",기둥,DONG,B1F,400x800,5820,,1.8624
"('PC1', 71095.7821810431, 2304353.208364318)-B1F-DONG-0001","('PC1', 71095.7821810431, 2304353.208364318)",기둥,DONG,B1F,500x500,5820,,1.455
"('PC1', 79052.2071364722, 2306336.967908367)-B1F-DONG-0001","('PC1', 79052.2071364722, 2306336.967908367)",기둥,DONG,B1F,500x500,5820,,1.455
"('PC1', 87008.63209189942, 2308320.727452423)-B1F-DONG-0001","('PC1', 87008.63209189942, 2308320.727452423)",기둥,DONG,B1F,500x500,5820,,1.455
C-B1F-DONG-0010,C,기둥,DONG,B1F,500x500,5820,,1.455
C-B1F-DONG-0011,C,기둥,DONG,B1F,500x500,5820,,1.455
C-B1F-DONG-0012,C,기둥,DONG,B1F,500x500,5820,,1.455
C-B1F-DONG-0013,C,기둥,DONG,B1F,500x500,5820,,1.455
C-B1F-DONG-0014,C,기둥,DONG,B1F,500x500,5820,,1.455
C-B1F-DONG-0015,C,기둥,DONG,B1F,500x500,5820,,1.455
C-B1F-DONG-0016,C,기둥,DONG,B1F,500x500,5820,,1.455
C-B1F-DONG-0017,C,기둥,DONG,B1F,500x500,5820,,1.455
C-B1F-DONG-0018,C,기둥,DONG,B1F,500x500,5820,,1.455
C-B1F-DONG-0019,C,기둥,DONG,B1F,500x500,5820,,1.455
"('C5', 72080.86942494202, 2344625.485056534)-B1F-DONG-0001","('C5', 72080.86942494202, 2344625.485056534)",기둥,DONG,B1F,499x499,5820,,1.455
C-B1F-DONG-0020,C,기둥,DONG,B1F,499x499,5820,,1.455
"('PC2', 119832.48526492712, 2299190.324237144)-B1F-DONG-0001","('PC2', 119832.48526492712, 2299190.324237144)",기둥,DONG,B1F,500x500,5820,,1.455
"('PC2', 127691.88064772912, 2301149.891591638)-B1F-DONG-0001","('PC2', 127691.88064772912, 2301149.891591638)",기둥,DONG,B1F,500x500,5820,,1.455
"('PC2', 133125.5367148551, 2302504.654207094)-B1F-DONG-0001","('PC2', 133125.5367148551, 2302504.654207094)",기둥,DONG,B1F,500x500,5820,,1.455
"('PC2', 138559.19278197127, 2303859.416822542)-B1F-DONG-0001","('PC2', 138559.19278197127, 2303859.416822542)",기둥,DONG,B1F,500x500,5820,,1.455
"('PC2', 117800.34134174741, 2307340.808337823)-B1F-DONG-0001","('PC2', 117800.34134174741, 2307340.808337823)",기둥,DONG,B1F,500x500,5820,,1.455
"('PC2', 125659.73672454941, 2309300.3756923163)-B1F-DONG-0001","('PC2', 125659.73672454941, 2309300.3756923163)",기둥,DONG,B1F,500x500,5820,,1.455
"('PC2', 131093.39279167537, 2310655.1383077726)-B1F-DONG-0001","('PC2', 131093.39279167537, 2310655.1383077726)",기둥,DONG,B1F,500x500,5820,,1.455
"('PC2', 136527.04885879203, 2312009.9009232204)-B1F-DONG-0001","('PC2', 136527.04885879203, 2312009.9009232204)",기둥,DONG,B1F,500x500,5820,,1.455
"('PC2', 129061.01548474235, 2357325.485056715)-B1F-DONG-0001","('PC2', 129061.01548474235, 2357325.485056715)",기둥,DONG,B1F,500x500,5820,,1.455
"('PC2', 123561.01548474189, 2357325.485056713)-B1F-DONG-0001","('PC2', 123561.01548474189, 2357325.485056713)",기둥,DONG,B1F,500x500,5820,,1.455
"('PC2', 136919.6903720636, 2356824.452063598)-B1F-DONG-0001","('PC2', 136919.6903720636, 2356824.452063598)",기둥,DONG,B1F,500x500,5820,,1.455
"('PC2', 114819.69037207105, 2356824.4520635917)-B1F-DONG-0001","('PC2', 114819.69037207105, 2356824.4520635917)",기둥,DONG,B1F,500x500,5820,,1.455
"('PC2', 109619.69037207012, 2356824.452063586)-B1F-DONG-0002","('PC2', 109619.69037207012, 2356824.452063586)",기둥,DONG,B1F,500x500,5820,,1.455
"('PC2', 115161.0154847391, 2365825.485056708)-B1F-DONG-0001","('PC2', 115161.0154847391, 2365825.485056708)",기둥,DONG,B1F,500x500,5820,,1.455
"('PC2', 109561.0154847391, 2365825.485056708)-B1F-DONG-0001","('PC2', 109561.0154847391, 2365825.485056708)",기둥,DONG,B1F,500x500,5820,,1.455
"('PC2', 115161.0154847391, 2374325.485056708)-B1F-DONG-0001","('PC2', 115161.0154847391, 2374325.485056708)",기둥,DONG,B1F,500x500,5820,,1.455
"('PC2', 109561.0154847391, 2374325.485056708)-B1F-DONG-0001","('PC2', 109561.0154847391, 2374325.485056708)",기둥,DONG,B1F,500x500,5820,,1.455
C-B1F-DONG-0021,C,기둥,DONG,B1F,500x500,5820,,1.455
C-B1F-DONG-0022,C,기둥,DONG,B1F,500x500,5820,,1.455
C-B1F-DONG-0023,C,기둥,DONG,B1F,500x500,5820,,1.455
C-B1F-DONG-0024,C,기둥,DONG,B1F,500x500,5820,,1.455
C-B1F-DONG-0025,C,기둥,DONG,B1F,500x500,5820,,1.455
C-B1F-DONG-0026,C,기둥,DONG,B1F,500x500,5820,,1.455
C-B1F-DONG-0027,C,기둥,DONG,B1F,500x500,5820,,1.455
C-B1F-DONG-0028,C,기둥,DONG,B1F,500x500,5820,,1.455
"('EC2', 144800.9917163981, 2305728.767315381)-B1F-DONG-0001","('EC2', 144800.9917163981, 2305728.767315381)",기둥,DONG,B1F,500x500,5820,,1.455
C-B1F-DONG-0029,C,기둥,DONG,B1F,500x500,5820,,1.455
"('PC2', 144804.12350988569, 2322828.7673154315)-B1F-DONG-0001","('PC2', 144804.12350988569, 2322828.7673154315)",기둥,DONG,B1F,500x500,5820,,1.455
C-B1F-DONG-0030,C,기둥,DONG,B1F,500x500,5820,,1.455
"('EC2', 127900.98531885928, 2318108.772238585)-B1F-DONG-0001","('EC2', 127900.98531885928, 2318108.772238585)",기둥,DONG,B1F,500x500,5820,,1.455
C-B1F-DONG-0031,C,기둥,DONG,B1F,500x500,5820,,1.455
C-B1F-DONG-0032,C,기둥,DONG,B1F,500x500,5820,,1.455
C-B1F-DONG-0033,C,기둥,DONG,B1F,500x500,5820,,1.455
C-B1F-DONG-0034,C,기둥,DONG,B1F,500x500,5820,,1.455
C-B1F-DONG-0035,C,기둥,DONG,B1F,500x500,5820,,1.455
C-B1F-DONG-0036,C,기둥,DONG,B1F,500x500,5820,,1.455
C-B1F-DONG-0037,C,기둥,DONG,B1F,500x500,5820,,1.455
C-B1F-DONG-0038,C,기둥,DONG,B1F,500x500,5820,,1.455
C-B1F-DONG-0039,C,기둥,DONG,B1F,500x500,5820,,1.455
C-B1F-DONG-0040,C,기둥,DONG,B1F,500x500,5820,,1.455
C-B1F-DONG-0041,C,기둥,DONG,B1F,500x500,5820,,1.455
C-B1F-DONG-0042,C,기둥,DONG,B1F,500x500,5820,,1.455
C-B1F-DONG-0043,C,기둥,DONG,B1F,500x500,5820,,1.455
C-B1F-DONG-0044,C,기둥,DONG,B1F,500x500,5820,,1.455
C-B1F-DONG-0045,C,기둥,DONG,B1F,500x500,5820,,1.455
C-B1F-DONG-0046,C,기둥,DONG,B1F,400x800,5820,,1.8624
C-B1F-DONG-0047,C,기둥,DONG,B1F,400x800,5820,,1.8624
C-B1F-DONG-0048,C,기둥,DONG,B1F,500x500,5820,,1.455
"('C2A', 100876.81575138734, 2320641.7312000073)-B1F-DONG-0001","('C2A', 100876.81575138734, 2320641.7312000073)",기둥,DONG,B1F,500x500,5820,,1.455
"('C3', 102967.46193826642, 2312351.2412738083)-B1F-DONG-0001","('C3', 102967.46193826642, 2312351.2412738083)",기둥,DONG,B1F,500x500,5820,,1.455
"('EC1', 121199.18129070893, 2261296.1749610514)-B1F-DONG-0001","('EC1', 121199.18129070893, 2261296.1749610514)",기둥,DONG,B1F,500x500,5820,,1.455
"('C2', 115898.18725103013, 2260488.9347363045)-B1F-DONG-0001","('C2', 115898.18725103013, 2260488.9347363045)",기둥,DONG,B1F,500x500,5820,,1.455
"('C2', 177458.1043881753, 2267386.514171753)-B1F-DONG-0001","('C2', 177458.1043881753, 2267386.514171753)",기둥,DONG,B1F,500x500,5820,,1.455
"('C1A', 166211.3970224642, 2255611.858743851)-B1F-DONG-0001","('C1A', 166211.3970224642, 2255611.858743851)",기둥,DONG,B1F,500x500,5820,,1.455
"('EC2', 141769.69037204143, 2365321.320270104)-B1F-DONG-0001","('EC2', 141769.69037204143, 2365321.320270104)",기둥,DONG,B1F,500x500,5820,,1.455
"('EC2', 110989.06200043073, 2280083.3476547333)-B1F-DONG-0001","('EC2', 110989.06200043073, 2280083.3476547333)",기둥,DONG,B1F,500x500,5820,,1.455
"('EC2', 101010.07439090282, 2286046.32826287)-B1F-DONG-0001","('EC2', 101010.07439090282, 2286046.32826287)",기둥,DONG,B1F,500x500,5820,,1.455
"('EC2', 113746.97161045864, 2269021.976375232)-B1F-DONG-0001","('EC2', 113746.97161045864, 2269021.976375232)",기둥,DONG,B1F,500x500,5820,,1.455
"('EC2', 173323.12920043635, 2283875.980765329)-B1F-DONG-0001","('EC2', 173323.12920043635, 2283875.980765329)",기둥,DONG,B1F,500x500,5820,,1.455
"('EC2', 160114.98744007063, 2280063.222058196)-B1F-DONG-0001","('EC2', 160114.98744007063, 2280063.222058196)",기둥,DONG,B1F,500x500,5820,,1.455
"('EC2', 134299.38320487275, 2264557.2690732437)-B1F-DONG-0001","('EC2', 134299.38320487275, 2264557.2690732437)",기둥,DONG,B1F,500x500,5820,,1.455
"('EC2', 179419.560972945, 2259424.5284640123)-B1F-DONG-0001","('EC2', 179419.560972945, 2259424.5284640123)",기둥,DONG,B1F,500x500,5820,,1.455
"('EC1A', 174264.364255414, 2257621.7649114737)-B1F-DONG-0001","('EC1A', 174264.364255414, 2257621.7649114737)",기둥,DONG,B1F,500x500,5820,,1.455
"('EC1', 129062.88369125896, 2372825.4850567146)-B1F-DONG-0001","('EC1', 129062.88369125896, 2372825.4850567146)",기둥,DONG,B1F,500x500,5820,,1.455
"('EC1', 137062.88369126548, 2341825.485056707)-B1F-DONG-0001","('EC1', 137062.88369126548, 2341825.485056707)",기둥,DONG,B1F,500x500,5820,,1.455
"('EC1', 117409.4046530224, 2338264.80711754)-B1F-DONG-0001","('EC1', 117409.4046530224, 2338264.80711754)",기둥,DONG,B1F,500x500,5820,,1.455
"('EC1', 110520.30499649035, 2336547.161658658)-B1F-DONG-0001","('EC1', 110520.30499649035, 2336547.161658658)",기둥,DONG,B1F,500x500,5820,,1.455
"('EC1', 103049.02790422538, 2334684.3630624134)-B1F-DONG-0001","('EC1', 103049.02790422538, 2334684.3630624134)",기둥,DONG,B1F,500x500,5820,,1.455
"('EC1', 106218.20473679934, 2321973.489048251)-B1F-DONG-0001","('EC1', 106218.20473679934, 2321973.489048251)",기둥,DONG,B1F,500x500,5820,,1.455
"('EC1', 113689.48182906616, 2323836.287644496)-B1F-DONG-0001","('EC1', 113689.48182906616, 2323836.287644496)",기둥,DONG,B1F,500x500,5820,,1.455
"('EC1', 155954.2861122754, 2299231.0229091276)-B1F-DONG-0001","('EC1', 155954.2861122754, 2299231.0229091276)",기둥,DONG,B1F,500x500,5820,,1.455
"('EC1', 119070.26860929326, 2269834.777352229)-B1F-DONG-0001","('EC1', 119070.26860929326, 2269834.777352229)",기둥,DONG,B1F,500x500,5820,,1.455
"('EC1', 168167.2323586498, 2282076.025270448)-B1F-DONG-0002","('EC1', 168167.2323586498, 2282076.025270448)",기둥,DONG,B1F,500x500,5820,,1.455
"('EC1', 168212.15011845052, 2248179.1753377104)-B1F-DONG-0001","('EC1', 168212.15011845052, 2248179.1753377104)",기둥,DONG,B1F,500x500,5820,,1.455
"('C1', 115447.88186134756, 2346123.7149550943)-B1F-DONG-0001","('C1', 115447.88186134756, 2346123.7149550943)",기둥,DONG,B1F,581x873,5820,,2.9553
"('C1', 164763.12279356044, 2264075.7987082726)-B1F-DONG-0001","('C1', 164763.12279356044, 2264075.7987082726)",기둥,DONG,B1F,873x581,5820,,2.9553
"('C1', 123719.61357229676, 2253842.502523705)-B1F-DONG-0001","('C1', 123719.61357229676, 2253842.502523705)",기둥,DONG,B1F,873x581,5820,,2.9553
"('C1', 156566.64696920323, 2245275.6252951864)-B1F-DONG-0001","('C1', 156566.64696920323, 2245275.6252951864)",기둥,DONG,B1F,581x873,5820,,2.9553
"('C1', 162776.53961734226, 2246823.9254271314)-B1F-DONG-0001","('C1', 162776.53961734226, 2246823.9254271314)",기둥,DONG,B1F,581x873,5820,,2.9553
"('C1', 172816.57732163608, 2266083.7504418944)-B1F-DONG-0001","('C1', 172816.57732163608, 2266083.7504418944)",기둥,DONG,B1F,873x581,5820,,2.9553
"('C1', 96460.86942496603, 2336225.485056543)-B1F-DONG-0001","('C1', 96460.86942496603, 2336225.485056543)",기둥,DONG,B1F,400x800,5820,,1.8624
"('C1', 102160.86942496603, 2336225.485056543)-B1F-DONG-0001","('C1', 102160.86942496603, 2336225.485056543)",기둥,DONG,B1F,400x800,5820,,1.8624
"('C1A', 148413.35481160256, 2243242.781244782)-B1F-DONG-0001","('C1A', 148413.35481160256, 2243242.781244782)",기둥,DONG,B1F,500x500,5820,,1.455
"('C1A', 109005.39144409477, 2288039.7947972924)-B1F-DONG-0001","('C1A', 109005.39144409477, 2288039.7947972924)",기둥,DONG,B1F,500x500,5820,,1.455
"('C2', 119865.70633916244, 2244576.0848254515)-B1F-DONG-0001","('C2', 119865.70633916244, 2244576.0848254515)",기둥,DONG,B1F,500x500,5820,,1.455
"('C2', 138807.20385891973, 2249132.617244567)-B1F-DONG-0001","('C2', 138807.20385891973, 2249132.617244567)",기둥,DONG,B1F,499x499,5820,,1.455
"('C2', 155108.172060286, 2253196.9050909234)-B1F-DONG-0001","('C2', 155108.172060286, 2253196.9050909234)",기둥,DONG,B1F,499x499,5820,,1.455
"('C2', 161512.1301767722, 2254793.591178512)-B1F-DONG-0001","('C2', 161512.1301767722, 2254793.591178512)",기둥,DONG,B1F,499x499,5820,,1.455
"('C2', 117881.94679510746, 2252532.509780881)-B1F-DONG-0001","('C2', 117881.94679510746, 2252532.509780881)",기둥,DONG,B1F,500x500,5820,,1.455
"('C2', 130843.92592953837, 2255268.3844615314)-B1F-DONG-0001","('C2', 130843.92592953837, 2255268.3844615314)",기둥,DONG,B1F,500x500,5820,,1.455
"('C2', 136277.58199666016, 2256623.147076985)-B1F-DONG-0001","('C2', 136277.58199666016, 2256623.147076985)",기둥,DONG,B1F,500x500,5820,,1.455
"('C2', 144428.06609735027, 2258655.291000165)-B1F-DONG-0001","('C2', 144428.06609735027, 2258655.291000165)",기둥,DONG,B1F,500x500,5820,,1.455
"('C2', 152578.5501980264, 2260687.4349233415)-B1F-DONG-0001","('C2', 152578.5501980264, 2260687.4349233415)",기둥,DONG,B1F,500x500,5820,,1.455
"('C2', 158982.50199142046, 2262284.1194344093)-B1F-DONG-0001","('C2', 158982.50199142046, 2262284.1194344093)",기둥,DONG,B1F,500x500,5820,,1.455
"('C2', 175474.34484200412, 2275342.9391266406)-B1F-DONG-0001","('C2', 175474.34484200412, 2275342.9391266406)",기둥,DONG,B1F,500x500,5820,,1.455
"('C2', 98818.50142053622, 2328991.8130110838)-B1F-DONG-0001","('C2', 98818.50142053622, 2328991.8130110838)",기둥,DONG,B1F,500x500,5820,,1.455
"('C2', 88280.86942496953, 2331325.485056535)-B1F-DONG-0001","('C2', 88280.86942496953, 2331325.485056535)",기둥,DONG,B1F,500x500,5820,,1.455
"('C2', 96480.86942496953, 2331325.485056535)-B1F-DONG-0001","('C2', 96480.86942496953, 2331325.485056535)",기둥,DONG,B1F,500x500,5820,,1.455
"('C2', 96480.86942496627, 2344625.4850567044)-B1F-DONG-0001","('C2', 96480.86942496627, 2344625.4850567044)",기둥,DONG,B1F,500x500,5820,,1.455
"('C2', 96480.86942496627, 2348925.485056707)-B1F-DONG-0001","('C2', 96480.86942496627, 2348925.485056707)",기둥,DONG,B1F,500x500,5820,,1.455
"('C2', 96480.86942496627, 2387225.48505671)-B1F-DONG-0001","('C2', 96480.86942496627, 2387225.48505671)",기둥,DONG,B1F,500x500,5820,,1.455
"('C2A', 107021.6319000405, 2295996.21975272)-B1F-DONG-0001","('C2A', 107021.6319000405, 2295996.21975272)",기둥,DONG,B1F,500x500,5820,,1.455
"('C2A', 88257.97540322968, 2336225.485056537)-B1F-DONG-0001","('C2A', 88257.97540322968, 2336225.485056537)",기둥,DONG,B1F,500x500,5820,,1.455
"('C4', 146434.8442339452, 2250606.6663122615)-B1F-DONG-0001","('C4', 146434.8442339452, 2250606.6663122615)",기둥,DONG,B1F,500x500,5820,,1.455
"('EC1', 117739.69818340008, 2275171.403846726)-B1F-DONG-0001","('EC1', 117739.69818340008, 2275171.403846726)",기둥,DONG,B1F,500x500,5820,,1.455
"('EC1', 116312.35899926115, 2280896.148631729)-B1F-DONG-0001","('EC1', 116312.35899926115, 2280896.148631729)",기둥,DONG,B1F,500x500,5820,,1.455
"('EC1', 130896.51524819467, 2341627.521466616)-B1F-DONG-0001","('EC1', 130896.51524819467, 2341627.521466616)",기둥,DONG,B1F,500x500,5820,,1.455
"('EC1', 136919.6903720501, 2372126.320270112)-B1F-DONG-0001","('EC1', 136919.6903720501, 2372126.320270112)",기둥,DONG,B1F,500x500,5820,,1.455
"('EC2', 128865.72713774725, 2263202.50645779)-B1F-DONG-0001","('EC2', 128865.72713774725, 2263202.50645779)",기둥,DONG,B1F,500x500,5820,,1.455
"('EC2', 142449.86730556286, 2266589.412996424)-B1F-DONG-0001","('EC2', 142449.86730556286, 2266589.412996424)",기둥,DONG,B1F,500x500,5820,,1.455
"('EC2', 150600.351406239, 2268621.5569196003)-B1F-DONG-0001","('EC2', 150600.351406239, 2268621.5569196003)",기둥,DONG,B1F,500x500,5820,,1.455
"('EC2', 157004.30319963026, 2270218.241430668)-B1F-DONG-0001","('EC2', 157004.30319963026, 2270218.241430668)",기둥,DONG,B1F,500x500,5820,,1.455
"('EC2', 162243.90012150074, 2271524.619666998)-B1F-DONG-0001","('EC2', 162243.90012150074, 2271524.619666998)",기둥,DONG,B1F,500x500,5820,,1.455
"('EC2', 112416.40118456406, 2274358.602869728)-B1F-DONG-0001","('EC2', 112416.40118456406, 2274358.602869728)",기둥,DONG,B1F,500x500,5820,,1.455
"('EC2', 102157.88369125198, 2387225.48505671)-B1F-DONG-0001","('EC2', 102157.88369125198, 2387225.48505671)",기둥,DONG,B1F,500x500,5820,,1.455
"('EC1', 81734.7993299493, 2280595.4738504863)-B1F-DONG-0001","('EC1', 81734.7993299493, 2280595.4738504863)",기둥,DONG,B1F,500x500,5820,,1.455
"('EC1', 87334.84222421449, 2280595.4738629204)-B1F-DONG-0001","('EC1', 87334.84222421449, 2280595.4738629204)",기둥,DONG,B1F,500x500,5820,,1.455
"('C1', 75532.82795791059, 2288155.4738630517)-B1F-DONG-0001","('C1', 75532.82795791059, 2288155.4738630517)",기둥,DONG,B1F,400x800,5820,,1.8624
"('C2', 75552.82797032689, 2290505.4738629246)-B1F-DONG-0001","('C2', 75552.82797032689, 2290505.4738629246)",기둥,DONG,B1F,500x500,5820,,1.455
"('C2', 81591.69181169348, 2290224.2948100213)-B1F-DONG-0001","('C2', 81591.69181169348, 2290224.2948100213)",기둥,DONG,B1F,500x500,5820,,1.455
"('C2', 87191.69179927639, 2290224.2948100213)-B1F-DONG-0001","('C2', 87191.69179927639, 2290224.2948100213)",기둥,DONG,B1F,500x500,5820,,1.455
"('C2', 93191.69179927639, 2290224.2948100213)-B1F-DONG-0001","('C2', 93191.69179927639, 2290224.2948100213)",기둥,DONG,B1F,500x500,5820,,1.455
"('EC2', 75529.84222421469, 2280595.473862921)-B1F-DONG-0001","('EC2', 75529.84222421469, 2280595.473862921)",기둥,DONG,B1F,500x500,5820,,1.455
C-B1F-DONG-0049,C,기둥,DONG,B1F,500x500,5820,,1.455
"('C5', 91091.34268566467, 2292024.3525578813)-B1F-DONG-0001","('C5', 91091.34268566467, 2292024.3525578813)",기둥,DONG,B1F,581x873,5820,,2.9553
"('EC5A', 114286.93952341414, 2244940.4800608917)-B1F-DONG-0001","('EC5A', 114286.93952341414, 2244940.4800608917)",기둥,DONG,B1F,500x500,5820,,1.455
"('EC5', 106509.83354515373, 2244940.4800608917)-B1F-DONG-0001","('EC5', 106509.83354515373, 2244940.4800608917)",기둥,DONG,B1F,500x500,5820,,1.455
"('C5', 98712.81927884893, 2244940.4800702315)-B1F-DONG-0001","('C5', 98712.81927884893, 2244940.4800702315)",기둥,DONG,B1F,400x800,5820,,1.8624
"('C5', 81042.81924294413, 2244940.4800702315)-B1F-DONG-0001","('C5', 81042.81924294413, 2244940.4800702315)",기둥,DONG,B1F,400x800,5820,,1.8624
"('C5', 90912.81927882192, 2244940.480139518)-B1F-DONG-0001","('C5', 90912.81927882192, 2244940.480139518)",기둥,DONG,B1F,400x800,5820,,1.8624
"('C5', 73642.81924692221, 2244940.480066194)-B1F-DONG-0001","('C5', 73642.81924692221, 2244940.480066194)",기둥,DONG,B1F,400x800,5820,,1.8624
"('EC5', 72077.88369123609, 2331325.4850565298)-B1F-DONG-0001","('EC5', 72077.88369123609, 2331325.4850565298)",기둥,DONG,B1F,500x500,5820,,1.455
"('EC5', 80077.88369122779, 2331325.4850565256)-B1F-DONG-0001","('EC5', 80077.88369122779, 2331325.4850565256)",기둥,DONG,B1F,500x500,5820,,1.455
"('C5A', 80057.97540321828, 2336225.4850565298)-B1F-DONG-0001","('C5A', 80057.97540321828, 2336225.4850565298)",기둥,DONG,B1F,400x800,5820,,1.8624
"('C5A', 72057.97540319829, 2336225.485056528)-B1F-DONG-0001","('C5A', 72057.97540319829, 2336225.485056528)",기둥,DONG,B1F,400x800,5820,,1.8624
"('C5', 72080.86942494202, 2344625.485056534)-B1F-DONG-0002","('C5', 72080.86942494202, 2344625.485056534)",기둥,DONG,B1F,400x800,5820,,1.8624
"('C5', 72015.50750441733, 2353114.306003637)-B1F-DONG-0001","('C5', 72015.50750441733, 2353114.306003637)",기둥,DONG,B1F,800x400,5820,,1.8624
"('C5', 72090.62554192467, 2361154.782405561)-B1F-DONG-0001","('C5', 72090.62554192467, 2361154.782405561)",기둥,DONG,B1F,857x532,5820,,2.6586
"('C5A', 80057.97540321828, 2344625.485056706)-B1F-DONG-0001","('C5A', 80057.97540321828, 2344625.485056706)",기둥,DONG,B1F,400x800,5820,,1.8624
"('C5A', 80057.97540321878, 2348925.485056706)-B1F-DONG-0001","('C5A', 80057.97540321878, 2348925.485056706)",기둥,DONG,B1F,400x800,5820,,1.8624
C-B1F-DONG-0050,C,기둥,DONG,B1F,500x500,5820,,1.455
"('C6A', 80057.97523261562, 2365825.48505665)-B1F-DONG-0001","('C6A', 80057.97523261562, 2365825.48505665)",기둥,DONG,B1F,500x800,5820,,2.328
C-B1F-DONG-0051,C,기둥,DONG,B1F,400x800,5820,,1.8624
C-B1F-DONG-0052,C,기둥,DONG,B1F,400x800,5820,,1.8624
C-B1F-DONG-0053,C,기둥,DONG,B1F,400x800,5820,,1.8624
C-B1F-DONG-0054,C,기둥,DONG,B1F,400x800,5820,,1.8624
"('EC1', 156459.9607294751, 2316465.28799881)-B1F-DONG-0001","('EC1', 156459.9607294751, 2316465.28799881)",기둥,DONG,B1F,500x500,5820,,1.455
"('C1', 115447.88186134756, 2346123.7149550943)-B1F-DONG-0002","('C1', 115447.88186134756, 2346123.7149550943)",기둥,DONG,B1F,500x500,5820,,1.455
C-B1F-DONG-0055,C,기둥,DONG,B1F,500x500,5820,,1.455
C-B1F-DONG-0056,C,기둥,DONG,B1F,500x500,5820,,1.455
"('EC5', 72377.8836912576, 2365825.4850566518)-B1F-DONG-0001","('EC5', 72377.8836912576, 2365825.4850566518)",기둥,DONG,B1F,500x500,5820,,1.455
"('EC5', 71643.50429681208, 2278411.3152855146)-B1F-DONG-0001","('EC5', 71643.50429681208, 2278411.3152855146)",기둥,DONG,B1F,500x500,5820,,1.455
C-B1F-DONG-0057,C,기둥,DONG,B1F,499x499,5820,,1.455
C-B1F-DONG-0058,C,기둥,DONG,B1F,499x499,5820,,1.455
C-B1F-DONG-0059,C,기둥,DONG,B1F,499x499,5820,,1.455
C-B1F-DONG-0060,C,기둥,DONG,B1F,500x500,5820,,1.455
"('AC1', 158797.52157669593, 2331388.088593105)-B1F-DONG-0001","('AC1', 158797.52157669593, 2331388.088593105)",기둥,DONG,B1F,499x499,5820,,1.455
C-B1F-DONG-0061,C,기둥,DONG,B1F,499x499,5820,,1.455
C-B1F-DONG-0062,C,기둥,DONG,B1F,499x499,5820,,1.455
C-B1F-DONG-0063,C,기둥,DONG,B1F,499x499,5820,,1.455
"('C2', 75552.82797032689, 2290505.4738629246)-B1F-DONG-0002","('C2', 75552.82797032689, 2290505.4738629246)",기둥,DONG,B1F,88x88,5820,,0.0451
C-B1F-DONG-0064,C,기둥,DONG,B1F,1090x1818,5820,,11.5434
C-B1F-DONG-0065,C,기둥,DONG,B1F,872x1309,5820,,6.6495
C-B1F-DONG-0066,C,기둥,DONG,B1F,872x1309,5820,,6.6495
C-B1F-DONG-0067,C,기둥,DONG,B1F,945x1600,5820,,8.8037
C-B1F-DONG-0068,C,기둥,DONG,B1F,945x1600,5820,,8.8037
C-B1F-DONG-0069,C,기둥,DONG,B1F,1579x1530,5820,,14.0637
C-B1F-DONG-0070,C,기둥,DONG,B1F,1506x1461,5820,,12.8146
C-B1F-DONG-0071,C,기둥,DONG,B1F,1506x1461,5820,,12.8146
C-B1F-DONG-0072,C,기둥,DONG,B1F,1506x1461,5820,,12.8146
C-B1F-DONG-0073,C,기둥,DONG,B1F,1506x1461,5820,,12.8146
"('EC2', 160114.98744007063, 2280063.222058196)-B1F-DONG-0002","('EC2', 160114.98744007063, 2280063.222058196)",기둥,DONG,B1F,1506x1461,5820,,12.8146
"('AC1', 132217.7729482578, 2273074.3540523485)-B1F-DONG-0001","('AC1', 132217.7729482578, 2273074.3540523485)",기둥,DONG,B1F,800x654,5820,,3.048
"('AC1', 140368.2570489762, 2275106.497975386)-B1F-DONG-0001","('AC1', 140368.2570489762, 2275106.497975386)",기둥,DONG,B1F,800x654,5820,,3.048
"('AC1', 148518.74114969472, 2277138.6418984225)-B1F-DONG-0001","('AC1', 148518.74114969472, 2277138.6418984225)",기둥,DONG,B1F,800x654,5820,,3.048
"('AC1', 154728.63379786134, 2278686.9420302603)-B1F-DONG-0001","('AC1', 154728.63379786134, 2278686.9420302603)",기둥,DONG,B1F,800x654,5820,,3.048
"('AC1', 168757.14761760196, 2291179.6693215696)-B1F-DONG-0001","('AC1', 168757.14761760196, 2291179.6693215696)",기둥,DONG,B1F,843x852,5820,,4.1852
"('AC1', 126735.60209479839, 2271707.495342211)-B1F-DONG-0001","('AC1', 126735.60209479839, 2271707.495342211)",기둥,DONG,B1F,800x654,5820,,3.048
"('EC1', 149906.23872186427, 2323488.416065921)-B1F-DONG-0002","('EC1', 149906.23872186427, 2323488.416065921)",기둥,DONG,B1F,1436x1525,5820,,12.7592
C-B1F-DONG-0074,C,기둥,DONG,B1F,1587x1656,5820,,15.3121
"('PC2', 144804.12350988976, 2331428.7673154315)-B1F-DONG-0001","('PC2', 144804.12350988976, 2331428.7673154315)",기둥,DONG,B1F,1653x1732,5820,,16.671
C-B1F-DONG-0075,C,기둥,DONG,B1F,1139x1648,5820,,10.9322
C-B1F-DONG-0076,C,기둥,DONG,B1F,1139x1648,5820,,10.9322
"('EC1', 137062.88369126548, 2341825.485056707)-B1F-DONG-0002","('EC1', 137062.88369126548, 2341825.485056707)",기둥,DONG,B1F,872x1309,5820,,6.6495
C-B1F-DONG-0077,C,기둥,DONG,B1F,872x1309,5820,,6.6495
"('C3', 127923.97105256688, 2326858.7722385856)-B1F-DONG-0001","('C3', 127923.97105256688, 2326858.7722385856)",기둥,DONG,B1F,1042x1624,5820,,9.8543
C-B1F-DONG-0078,C,기둥,DONG,B1F,945x1600,5820,,8.8037
"('EC1', 113689.48182906616, 2323836.287644496)-B1F-DONG-0002","('EC1', 113689.48182906616, 2323836.287644496)",기둥,DONG,B1F,1090x1818,5820,,11.5434
C-B1F-DONG-0079,C,기둥,DONG,B1F,945x1600,5820,,8.8037
C-B1F-DONG-0080,C,기둥,DONG,B1F,1163x2109,5820,,14.2821
C-B1F-DONG-0081,C,기둥,DONG,B1F,896x1406,5820,,7.3402
C-B1F-DONG-0082,C,기둥,DONG,B1F,872x1309,5820,,6.6495
"('AC2', 124094.21849574632, 2340293.5199703146)-B1F-DONG-0001","('AC2', 124094.21849574632, 2340293.5199703146)",기둥,DONG,B1F,873x581,5820,,2.9553
C-B1F-DONG-0083,C,기둥,DONG,B1F,700x2000,5820,,8.148
C-B1F-DONG-0084,C,기둥,DONG,B1F,700x2000,5820,,8.148
C-B1F-DONG-0085,C,기둥,DONG,B1F,600x2000,5820,,6.984
C-B1F-DONG-0086,C,기둥,DONG,B1F,1499x800,5820,,6.984
C-B1F-DONG-0087,C,기둥,DONG,B1F,1500x800,5820,,6.984
C-B1F-DONG-0088,C,기둥,DONG,B1F,600x2000,5820,,6.984
"('C2A', 127901.07703084678, 2388498.772238587)-B1F-DONG-0001","('C2A', 127901.07703084678, 2388498.772238587)",기둥,DONG,B1F,1500x800,5820,,6.984
C-B1F-DONG-0089,C,기둥,DONG,B1F,1600x800,5820,,7.4496
C-B1F-DONG-0090,C,기둥,DONG,B1F,1423x1534,5820,,12.7177
C-B1F-DONG-0091,C,기둥,DONG,B1F,1423x1534,5820,,12.7177
C-B1F-DONG-0092,C,기둥,DONG,B1F,1962x2122,5820,,24.2498
C-B1F-DONG-0093,C,기둥,DONG,B1F,1423x1534,5820,,12.7177
C-B1F-DONG-0094,C,기둥,DONG,B1F,1264x1683,5820,,12.3898
"('EC2', 127900.98531887046, 2392898.7722385935)-B1F-DONG-0001","('EC2', 127900.98531887046, 2392898.7722385935)",기둥,DONG,B1F,1264x1683,5820,,12.3898
C-B1F-DONG-0095,C,기둥,DONG,B1F,1264x1683,5820,,12.3898
C-B1F-DONG-0096,C,기둥,DONG,B1F,1264x1683,5820,,12.3898
C-B1F-DONG-0097,C,기둥,DONG,B1F,600x1000,5820,,3.492
C-B1F-DONG-0098,C,기둥,DONG,B1F,1000x700,5820,,4.074
C-B1F-DONG-0099,C,기둥,DONG,B1F,1000x700,5820,,4.074
C-B1F-DONG-0100,C,기둥,DONG,B1F,1200x1000,5820,,6.984
C-B1F-DONG-0101,C,기둥,DONG,B1F,700x1100,5820,,4.4814
C-B1F-DONG-0102,C,기둥,DONG,B1F,700x1000,5820,,4.074
C-B1F-DONG-0103,C,기둥,DONG,B1F,600x1000,5820,,3.492
C-B1F-DONG-0104,C,기둥,DONG,B1F,600x1100,5820,,3.8412
C-B1F-DONG-0105,C,기둥,DONG,B1F,600x1000,5820,,3.492
C-B1F-DONG-0106,C,기둥,DONG,B1F,1000x700,5820,,4.074
C-B1F-DONG-0107,C,기둥,DONG,B1F,700x1100,5820,,4.4814
C-B1F-DONG-0108,C,기둥,DONG,B1F,700x1700,5820,,6.9258
C-B1F-DONG-0109,C,기둥,DONG,B1F,600x1200,5820,,4.1904
C-B1F-DONG-0110,C,기둥,DONG,B1F,600x1000,5820,,3.492
C-B1F-DONG-0111,C,기둥,DONG,B1F,600x1000,5820,,3.492
"('AC1', 93439.93393617129, 2280495.473862921)-B1F-DONG-0001","('AC1', 93439.93393617129, 2280495.473862921)",기둥,DONG,B1F,500x700,5820,,2.037
C-B1F-DONG-0112,C,기둥,DONG,B1F,851x1581,5820,,7.8357
C-B1F-DONG-0113,C,기둥,DONG,B1F,851x1581,5820,,7.8357
C-B1F-DONG-0114,C,기둥,DONG,B1F,886x1778,5820,,9.1711
C-B1F-DONG-0115,C,기둥,DONG,B1F,1135x2108,5820,,13.9301
C-B1F-DONG-0116,C,기둥,DONG,B1F,600x1200,5820,,4.1904
C-B1F-DONG-0117,C,기둥,DONG,B1F,600x1800,5820,,6.2856
C-B1F-DONG-0118,C,기둥,DONG,B1F,600x1200,5820,,4.1904
C-B1F-DONG-0119,C,기둥,DONG,B1F,600x1199,5820,,4.1904
C-B1F-DONG-0120,C,기둥,DONG,B1F,599x1600,5820,,5.5872
C-B1F-DONG-0121,C,기둥,DONG,B1F,599x1000,5820,,3.492
C-B1F-DONG-0122,C,기둥,DONG,B1F,600x1000,5820,,3.492
C-B1F-DONG-0123,C,기둥,DONG,B1F,600x1200,5820,,4.1904
C-B1F-DONG-0124,C,기둥,DONG,B1F,600x1000,5820,,3.492
C-B1F-DONG-0125,C,기둥,DONG,B1F,200x1500,5820,,1.746
C-B1F-DONG-0126,C,기둥,DONG,B1F,500x500,5820,,1.455
C-B1F-DONG-0127,C,기둥,DONG,B1F,500x500,5820,,1.455
C-B1F-DONG-0128,C,기둥,DONG,B1F,500x500,5820,,1.455
C-B1F-DONG-0129,C,기둥,DONG,B1F,500x500,5820,,1.455
C-B1F-DONG-0130,C,기둥,DONG,B1F,500x500,5820,,1.455
C-B1F-DONG-0131,C,기둥,DONG,B1F,500x500,5820,,1.455
"('EC5', 71643.50429681208, 2278411.3152855146)-B1F-DONG-0002","('EC5', 71643.50429681208, 2278411.3152855146)",기둥,DONG,B1F,500x500,5820,,1.455
"('EC5', 71643.50429681208, 2278411.3152855146)-B1F-DONG-0003","('EC5', 71643.50429681208, 2278411.3152855146)",기둥,DONG,B1F,500x500,5820,,1.455
"('EC5', 71643.50429681208, 2278411.3152855146)-B1F-DONG-0004","('EC5', 71643.50429681208, 2278411.3152855146)",기둥,DONG,B1F,500x500,5820,,1.455
"('EC5', 71643.50429681208, 2278411.3152855146)-B1F-DONG-0005","('EC5', 71643.50429681208, 2278411.3152855146)",기둥,DONG,B1F,500x500,5820,,1.455
C-B1F-DONG-0132,C,기둥,DONG,B1F,500x500,5820,,1.455
C-B1F-DONG-0133,C,기둥,DONG,B1F,500x500,5820,,1.455
C-B1F-DONG-0134,C,기둥,DONG,B1F,500x500,5820,,1.455
C-B1F-DONG-0135,C,기둥,DONG,B1F,500x500,5820,,1.455
C-B1F-DONG-0136,C,기둥,DONG,B1F,1119x200,5820,,1.3037
"('EC1', 130896.51524819467, 2341627.521466616)-B1F-DONG-0002","('EC1', 130896.51524819467, 2341627.521466616)",기둥,DONG,B1F,1135x465,5820,,3.0721
"('EC2', 102157.88369125198, 2387225.48505671)-B1F-DONG-0002","('EC2', 102157.88369125198, 2387225.48505671)",기둥,DONG,B1F,449x1900,5820,,4.9761
C-B1F-DONG-0137,C,기둥,DONG,B1F,200x2120,5820,,2.4677
"('C2', 98818.50142053622, 2328991.8130110838)-B1F-DONG-0002","('C2', 98818.50142053622, 2328991.8130110838)",기둥,DONG,B1F,2943x979,5820,,16.784
C-B1F-DONG-0138,C,기둥,DONG,B1F,614x2402,5820,,8.5915
C-B1F-DONG-0139,C,기둥,DONG,B1F,488x1689,5820,,4.8044
C-B1F-DONG-0140,C,기둥,DONG,B1F,425x1330,5820,,3.2943
C-B1F-DONG-0141,C,기둥,DONG,B1F,465x1135,5820,,3.0722
C-B1F-DONG-0142,C,기둥,DONG,B1F,641x999,5820,,3.7308
C-B1F-DONG-0143,C,기둥,DONG,B1F,976x885,5820,,5.0337
C-B1F-DONG-0144,C,기둥,DONG,B1F,200x1698,5820,,1.9775
C-B1F-DONG-0145,C,기둥,DONG,B1F,1086x450,5820,,2.8503
C-B1F-DONG-0146,C,기둥,DONG,B1F,499x499,5820,,1.455
C-B1F-DONG-0147,C,기둥,DONG,B1F,499x499,5820,,1.455
C-B1F-DONG-0148,C,기둥,DONG,B1F,900x463,5820,,2.4258
C-B1F-DONG-0149,C,기둥,DONG,B1F,900x463,5820,,2.4258
C-B1F-DONG-0150,C,기둥,DONG,B1F,900x463,5820,,2.4258
C-B1F-DONG-0151,C,기둥,DONG,B1F,900x463,5820,,2.4258
C-B1F-DONG-0152,C,기둥,DONG,B1F,463x900,5820,,2.4258
C-B1F-DONG-0153,C,기둥,DONG,B1F,900x463,5820,,2.4258
C-B1F-DONG-0154,C,기둥,DONG,B1F,463x900,5820,,2.4258
C-B1F-DONG-0155,C,기둥,DONG,B1F,463x900,5820,,2.4258
C-B1F-DONG-0156,C,기둥,DONG,B1F,900x463,5820,,2.4258
C-B1F-DONG-0157,C,기둥,DONG,B1F,900x463,5820,,2.4258
C-B1F-DONG-0158,C,기둥,DONG,B1F,463x900,5820,,2.4258
C-B1F-DONG-0159,C,기둥,DONG,B1F,463x900,5820,,2.4258
C-B1F-DONG-0160,C,기둥,DONG,B1F,463x900,5820,,2.4258
C-B1F-DONG-0161,C,기둥,DONG,B1F,463x900,5820,,2.4258
C-B1F-DONG-0162,C,기둥,DONG,B1F,463x900,5820,,2.4258
C-B1F-DONG-0163,C,기둥,DONG,B1F,463x900,5820,,2.4258
C-B1F-DONG-0164,C,기둥,DONG,B1F,463x900,5820,,2.4258
C-B1F-DONG-0165,C,기둥,DONG,B1F,463x900,5820,,2.4258
C-B1F-DONG-0166,C,기둥,DONG,B1F,463x900,5820,,2.4258
C-B1F-DONG-0167,C,기둥,DONG,B1F,463x900,5820,,2.4258
C-B1F-DONG-0168,C,기둥,DONG,B1F,463x900,5820,,2.4258
C-B1F-DONG-0169,C,기둥,DONG,B1F,463x900,5820,,2.4258
C-B1F-DONG-0170,C,기둥,DONG,B1F,1011x535,5820,,3.1503
C-B1F-DONG-0171,C,기둥,DONG,B1F,463x900,5820,,2.4258
C-B1F-DONG-0172,C,기둥,DONG,B1F,463x900,5820,,2.4258
C-B1F-DONG-0173,C,기둥,DONG,B1F,900x463,5820,,2.4258
C-B1F-DONG-0174,C,기둥,DONG,B1F,463x900,5820,,2.4258
C-B1F-DONG-0175,C,기둥,DONG,B1F,900x463,5820,,2.4258
C-B1F-DONG-0176,C,기둥,DONG,B1F,900x463,5820,,2.4258
C-B1F-DONG-0177,C,기둥,DONG,B1F,900x463,5820,,2.4258
C-B1F-DONG-0178,C,기둥,DONG,B1F,900x463,5820,,2.4258
C-B1F-DONG-0179,C,기둥,DONG,B1F,900x463,5820,,2.4258
C-B1F-DONG-0180,C,기둥,DONG,B1F,900x463,5820,,2.4258
C-B1F-DONG-0181,C,기둥,DONG,B1F,900x463,5820,,2.4258
C-B1F-DONG-0182,C,기둥,DONG,B1F,900x463,5820,,2.4258
C-B1F-DONG-0183,C,기둥,DONG,B1F,900x463,5820,,2.4258
"('EC2', 191600.9853189012, 2360158.772238571)-B1F-DONG-0001","('EC2', 191600.9853189012, 2360158.772238571)",기둥,DONG,B1F,500x500,5820,,1.455
"('EC2', 127900.98531885928, 2318108.772238585)-B1F-DONG-0002","('EC2', 127900.98531885928, 2318108.772238585)",기둥,DONG,B1F,500x500,5820,,1.455
"('EC2', 190550.99171625363, 2305728.7673149696)-B1F-DONG-0001","('EC2', 190550.99171625363, 2305728.7673149696)",기둥,DONG,B1F,500x500,5820,,1.455
"('EC1', 157705.98531887634, 2393898.7722385908)-B1F-DONG-0001","('EC1', 157705.98531887634, 2393898.7722385908)",기둥,DONG,B1F,500x500,5820,,1.455
"('EC1', 149505.98531887907, 2393898.772238592)-B1F-DONG-0001","('EC1', 149505.98531887907, 2393898.772238592)",기둥,DONG,B1F,500x500,5820,,1.455
"('EC1', 164805.9917166393, 2335578.767315437)-B1F-DONG-0001","('EC1', 164805.9917166393, 2335578.767315437)",기둥,DONG,B1F,500x500,5820,,1.455
"('EC1', 158705.99171636923, 2335578.767314985)-B1F-DONG-0001","('EC1', 158705.99171636923, 2335578.767314985)",기둥,DONG,B1F,500x500,5820,,1.455
"('EC1', 190555.99171626044, 2310528.7673149696)-B1F-DONG-0001","('EC1', 190555.99171626044, 2310528.7673149696)",기둥,DONG,B1F,500x500,5820,,1.455
"('C2', 184273.97744994916, 2305728.7673149724)-B1F-DONG-0001","('C2', 184273.97744994916, 2305728.7673149724)",기둥,DONG,B1F,500x500,5820,,1.455
"('C2', 175973.9774499417, 2305728.7673149724)-B1F-DONG-0001","('C2', 175973.9774499417, 2305728.7673149724)",기둥,DONG,B1F,500x500,5820,,1.455
"('C2', 169823.97745026022, 2305728.76731544)-B1F-DONG-0001","('C2', 169823.97745026022, 2305728.76731544)",기둥,DONG,B1F,500x500,5820,,1.455
"('C2', 164223.97745002087, 2305728.76731544)-B1F-DONG-0001","('C2', 164223.97745002087, 2305728.76731544)",기둥,DONG,B1F,500x500,5820,,1.455
"('C2', 158723.97745002087, 2305728.76731544)-B1F-DONG-0001","('C2', 158723.97745002087, 2305728.76731544)",기둥,DONG,B1F,500x500,5820,,1.455
"('C2', 150523.97745002087, 2305728.76731544)-B1F-DONG-0001","('C2', 150523.97745002087, 2305728.76731544)",기둥,DONG,B1F,500x500,5820,,1.455
"('C2', 127923.97105256327, 2360158.772238587)-B1F-DONG-0001","('C2', 127923.97105256327, 2360158.772238587)",기둥,DONG,B1F,500x500,5820,,1.455
"('C2', 127923.97105256327, 2368458.772238587)-B1F-DONG-0001","('C2', 127923.97105256327, 2368458.772238587)",기둥,DONG,B1F,500x500,5820,,1.455
"('C2', 127923.97105256618, 2376558.7722385973)-B1F-DONG-0001","('C2', 127923.97105256618, 2376558.7722385973)",기둥,DONG,B1F,500x500,5820,,1.455
"('C2A', 127901.07703084456, 2380098.772238586)-B1F-DONG-0001","('C2A', 127901.07703084456, 2380098.772238586)",기둥,DONG,B1F,500x500,5820,,1.455
"('C2A', 127901.07703084678, 2388498.772238587)-B1F-DONG-0002","('C2A', 127901.07703084678, 2388498.772238587)",기둥,DONG,B1F,500x500,5820,,1.455
"('C3', 127923.97105256688, 2326858.7722385856)-B1F-DONG-0002","('C3', 127923.97105256688, 2326858.7722385856)",기둥,DONG,B1F,500x500,5820,,1.455
"('AC2', 187078.61349650894, 2335660.613028181)-B1F-DONG-0001","('AC2', 187078.61349650894, 2335660.613028181)",기둥,DONG,B1F,771x888,5820,,3.9891
"('EC1', 173005.9853189428, 2335578.7673149784)-B1F-DONG-0001","('EC1', 173005.9853189428, 2335578.7673149784)",기둥,DONG,B1F,500x500,5820,,1.455
"('EC1', 177105.9853189428, 2335578.7673149784)-B1F-DONG-0001","('EC1', 177105.9853189428, 2335578.7673149784)",기둥,DONG,B1F,500x500,5820,,1.455
"('EC1', 186662.79199970717, 2343259.6074519767)-B1F-DONG-0001","('EC1', 186662.79199970717, 2343259.6074519767)",기둥,DONG,B1F,500x500,5820,,1.455
"('EC1', 165905.9853188754, 2393898.7722385894)-B1F-DONG-0001","('EC1', 165905.9853188754, 2393898.7722385894)",기둥,DONG,B1F,500x500,5820,,1.455
"('EC1', 170705.9853188754, 2393898.7722385884)-B1F-DONG-0001","('EC1', 170705.9853188754, 2393898.7722385884)",기둥,DONG,B1F,500x500,5820,,1.455
"('EC1', 178905.9853188754, 2393898.7722385884)-B1F-DONG-0001","('EC1', 178905.9853188754, 2393898.7722385884)",기둥,DONG,B1F,500x500,5820,,1.455
"('EC2', 127900.98531886778, 2356098.7722385847)-B1F-DONG-0001","('EC2', 127900.98531886778, 2356098.7722385847)",기둥,DONG,B1F,500x500,5820,,1.455
"('EC2', 127900.98531887046, 2392898.7722385935)-B1F-DONG-0002","('EC2', 127900.98531887046, 2392898.7722385935)",기둥,DONG,B1F,500x500,5820,,1.455
"('EC2A', 127898.09129714484, 2335208.7721640435)-B1F-DONG-0001","('EC2A', 127898.09129714484, 2335208.7721640435)",기둥,DONG,B1F,500x500,5820,,1.455
"('EC2', 144800.9917163981, 2305728.767315381)-B1F-DONG-0002","('EC2', 144800.9917163981, 2305728.767315381)",기둥,DONG,B1F,500x500,5820,,1.455
"('PC2', 144804.12350988569, 2322828.7673154315)-B1F-DONG-0002","('PC2', 144804.12350988569, 2322828.7673154315)",기둥,DONG,B1F,500x500,5820,,1.455
"('PC2', 144804.12350988976, 2331428.7673154315)-B1F-DONG-0002","('PC2', 144804.12350988976, 2331428.7673154315)",기둥,DONG,B1F,500x500,5820,,1.455
"('PC2', 173004.11711242178, 2351958.7722385754)-B1F-DONG-0001","('PC2', 173004.11711242178, 2351958.7722385754)",기둥,DONG,B1F,500x500,5820,,1.455
"('PC2', 164804.11711234372, 2351958.7722385754)-B1F-DONG-0001","('PC2', 164804.11711234372, 2351958.7722385754)",기둥,DONG,B1F,500x500,5820,,1.455
"('PC2', 173004.11711242382, 2360158.772238576)-B1F-DONG-0001","('PC2', 173004.11711242382, 2360158.772238576)",기둥,DONG,B1F,500x500,5820,,1.455
"('PC2', 164804.11711234576, 2360158.7722385763)-B1F-DONG-0001","('PC2', 164804.11711234576, 2360158.7722385763)",기둥,DONG,B1F,500x500,5820,,1.455
"('PC2', 178504.11711237312, 2360158.7722385814)-B1F-DONG-0001","('PC2', 178504.11711237312, 2360158.7722385814)",기둥,DONG,B1F,500x500,5820,,1.455
"('PC2', 173004.11711242585, 2368358.772238576)-B1F-DONG-0001","('PC2', 173004.11711242585, 2368358.772238576)",기둥,DONG,B1F,500x500,5820,,1.455
"('PC2', 164804.1171123478, 2368358.7722385763)-B1F-DONG-0001","('PC2', 164804.1171123478, 2368358.7722385763)",기둥,DONG,B1F,500x500,5820,,1.455
"('PC2', 143804.1171123695, 2376558.7722385917)-B1F-DONG-0001","('PC2', 143804.1171123695, 2376558.7722385917)",기둥,DONG,B1F,500x500,5820,,1.455
"('PC2', 143862.79199973744, 2379597.739245489)-B1F-DONG-0001","('PC2', 143862.79199973744, 2379597.739245489)",기둥,DONG,B1F,500x500,5820,,1.455
C-B1F-DONG-0184,C,기둥,DONG,B1F,500x500,5820,,1.455
C-B1F-DONG-0185,C,기둥,DONG,B1F,500x500,5820,,1.455
C-B1F-DONG-0186,C,기둥,DONG,B1F,500x500,5820,,1.455
C-B1F-DONG-0187,C,기둥,DONG,B1F,500x500,5820,,1.455
"('EC2', 158553.81852740335, 2308638.5142017715)-B1F-DONG-0002","('EC2', 158553.81852740335, 2308638.5142017715)",기둥,DONG,B1F,500x500,5820,,1.455
C-B1F-DONG-0188,C,기둥,DONG,B1F,500x500,5820,,1.455
C-B1F-DONG-0189,C,기둥,DONG,B1F,500x500,5820,,1.455
C-B1F-DONG-0190,C,기둥,DONG,B1F,500x500,5820,,1.455
C-B1F-DONG-0191,C,기둥,DONG,B1F,500x500,5820,,1.455
C-B1F-DONG-0192,C,기둥,DONG,B1F,500x500,5820,,1.455
C-B1F-DONG-0193,C,기둥,DONG,B1F,500x500,5820,,1.455
C-B1F-DONG-0194,C,기둥,DONG,B1F,500x500,5820,,1.455
C-B1F-DONG-0195,C,기둥,DONG,B1F,500x500,5820,,1.455
C-B1F-DONG-0196,C,기둥,DONG,B1F,500x500,5820,,1.455
"('EC1', 149906.23872186427, 2323488.416065921)-B1F-DONG-0003","('EC1', 149906.23872186427, 2323488.416065921)",기둥,DONG,B1F,500x500,5820,,1.455
C-B1F-DONG-0197,C,기둥,DONG,B1F,500x500,5820,,1.455
C-B1F-DONG-0198,C,기둥,DONG,B1F,500x500,5820,,1.455
C-B1F-DONG-0199,C,기둥,DONG,B1F,500x500,5820,,1.455
C-B1F-DONG-0200,C,기둥,DONG,B1F,500x500,5820,,1.455
C-B1F-DONG-0201,C,기둥,DONG,B1F,500x500,5820,,1.455
C-B1F-DONG-0202,C,기둥,DONG,B1F,500x500,5820,,1.455
C-B1F-DONG-0203,C,기둥,DONG,B1F,500x500,5820,,1.455
C-B1F-DONG-0204,C,기둥,DONG,B1F,500x500,5820,,1.455
C-B1F-DONG-0205,C,기둥,DONG,B1F,500x500,5820,,1.455
C-B1F-DONG-0206,C,기둥,DONG,B1F,500x500,5820,,1.455
C-B1F-DONG-0207,C,기둥,DONG,B1F,500x500,5820,,1.455
C-B1F-DONG-0208,C,기둥,DONG,B1F,500x500,5820,,1.455
C-B1F-DONG-0209,C,기둥,DONG,B1F,500x500,5820,,1.455
C-B1F-DONG-0210,C,기둥,DONG,B1F,500x500,5820,,1.455
C-B1F-DONG-0211,C,기둥,DONG,B1F,500x500,5820,,1.455
C-B1F-DONG-0212,C,기둥,DONG,B1F,500x500,5820,,1.455
C-B1F-DONG-0213,C,기둥,DONG,B1F,500x500,5820,,1.455
C-B1F-DONG-0214,C,기둥,DONG,B1F,500x500,5820,,1.455
C-B1F-DONG-0215,C,기둥,DONG,B1F,500x500,5820,,1.455
C-B1F-DONG-0216,C,기둥,DONG,B1F,500x500,5820,,1.455
C-B1F-DONG-0217,C,기둥,DONG,B1F,500x500,5820,,1.455
C-B1F-DONG-0218,C,기둥,DONG,B1F,500x500,5820,,1.455
C-B1F-DONG-0219,C,기둥,DONG,B1F,500x500,5820,,1.455
C-B1F-DONG-0220,C,기둥,DONG,B1F,500x500,5820,,1.455
C-B1F-DONG-0221,C,기둥,DONG,B1F,500x500,5820,,1.455
C-B1F-DONG-0222,C,기둥,DONG,B1F,500x500,5820,,1.455
C-B1F-DONG-0223,C,기둥,DONG,B1F,500x500,5820,,1.455
C-B1F-DONG-0224,C,기둥,DONG,B1F,500x500,5820,,1.455
C-B1F-DONG-0225,C,기둥,DONG,B1F,500x500,5820,,1.455
"('PC2', 143862.7919997396, 2387997.7392454897)-B1F-DONG-0001","('PC2', 143862.7919997396, 2387997.7392454897)",기둥,DONG,B1F,500x500,5820,,1.455
C-B1F-DONG-0226,C,기둥,DONG,B1F,500x500,5820,,1.455
C-B1F-DONG-0227,C,기둥,DONG,B1F,500x500,5820,,1.455
C-B1F-DONG-0228,C,기둥,DONG,B1F,500x500,5820,,1.455
C-B1F-DONG-0229,C,기둥,DONG,B1F,500x500,5820,,1.455
"('EC2', 136600.99171641673, 2310528.7673154315)-B1F-DONG-0001","('EC2', 136600.99171641673, 2310528.7673154315)",기둥,DONG,B1F,500x500,5820,,1.455
C-B1F-DONG-0230,C,기둥,DONG,B1F,499x499,5820,,1.455
C-B1F-DONG-0231,C,기둥,DONG,B1F,500x500,5820,,1.455
C-B1F-DONG-0232,C,기둥,DONG,B1F,463x900,5820,,2.4258
"('EC1', 164805.9917166393, 2335578.767315437)-B1F-DONG-0002","('EC1', 164805.9917166393, 2335578.767315437)",기둥,DONG,B1F,500x500,5820,,1.455
C-B1F-DONG-0233,C,기둥,DONG,B1F,500x500,5820,,1.455
C-B1F-DONG-0234,C,기둥,DONG,B1F,500x500,5820,,1.455
C-B1F-DONG-0235,C,기둥,DONG,B1F,500x500,5820,,1.455
C-B1F-DONG-0236,C,기둥,DONG,B1F,500x500,5820,,1.455
C-B1F-DONG-0237,C,기둥,DONG,B1F,500x500,5820,,1.455
C-B1F-DONG-0238,C,기둥,DONG,B1F,500x500,5820,,1.455
C-B1F-DONG-0239,C,기둥,DONG,B1F,500x500,5820,,1.455
C-B1F-DONG-0240,C,기둥,DONG,B1F,1832x1677,5820,,17.8824
C-B1F-DONG-0241,C,기둥,DONG,B1F,500x500,5820,,1.455
C-B1F-DONG-0242,C,기둥,DONG,B1F,500x500,5820,,1.455
C-B1F-DONG-0243,C,기둥,DONG,B1F,500x500,5820,,1.455
C-B1F-DONG-0244,C,기둥,DONG,B1F,500x500,5820,,1.455
C-B1F-DONG-0245,C,기둥,DONG,B1F,500x500,5820,,1.455
C-B1F-DONG-0246,C,기둥,DONG,B1F,500x500,5820,,1.455
C-B1F-DONG-0247,C,기둥,DONG,B1F,500x500,5820,,1.455
C-B1F-DONG-0248,C,기둥,DONG,B1F,500x500,5820,,1.455
C-B1F-DONG-0249,C,기둥,DONG,B1F,500x500,5820,,1.455
"('AC1', 158797.52157669593, 2331388.088593105)-B1F-DONG-0002","('AC1', 158797.52157669593, 2331388.088593105)",기둥,DONG,B1F,500x500,5820,,1.455
C-B1F-DONG-0250,C,기둥,DONG,B1F,500x500,5820,,1.455
C-B1F-DONG-0251,C,기둥,DONG,B1F,500x500,5820,,1.455
C-B1F-DONG-0252,C,기둥,DONG,B1F,500x500,5820,,1.455
C-B1F-DONG-0253,C,기둥,DONG,B1F,500x500,5820,,1.455
"('EC1', 130896.51524819467, 2341627.521466616)-B1F-DONG-0003","('EC1', 130896.51524819467, 2341627.521466616)",기둥,DONG,B1F,500x500,5820,,1.455
C-B1F-DONG-0254,C,기둥,DONG,B1F,500x500,5820,,1.455
"('EC1', 137062.88369126548, 2341825.485056707)-B1F-DONG-0003","('EC1', 137062.88369126548, 2341825.485056707)",기둥,DONG,B1F,500x500,5820,,1.455
C-B1F-DONG-0255,C,기둥,DONG,B1F,500x500,5820,,1.455
C-B1F-DONG-0256,C,기둥,DONG,B1F,500x500,5820,,1.455
C-B1F-DONG-0257,C,기둥,DONG,B1F,500x500,5820,,1.455
C-B1F-DONG-0258,C,기둥,DONG,B1F,500x500,5820,,1.455
C-B1F-DONG-0259,C,기둥,DONG,B1F,500x500,5820,,1.455
C-B1F-DONG-0260,C,기둥,DONG,B1F,500x500,5820,,1.455
C-B1F-DONG-0261,C,기둥,DONG,B1F,500x500,5820,,1.455
C-B1F-DONG-0262,C,기둥,DONG,B1F,500x500,5820,,1.455
C-B1F-DONG-0263,C,기둥,DONG,B1F,500x500,5820,,1.455
C-B1F-DONG-0264,C,기둥,DONG,B1F,500x500,5820,,1.455
"('EC1', 165905.9853188754, 2393898.7722385894)-B1F-DONG-0002","('EC1', 165905.9853188754, 2393898.7722385894)",기둥,DONG,B1F,500x500,5820,,1.455
"('AC1', 158797.52157669593, 2331388.088593105)-B1F-DONG-0003","('AC1', 158797.52157669593, 2331388.088593105)",기둥,DONG,B1F,1119x200,5820,,1.3037
C-B1F-DONG-0265,C,기둥,DONG,B1F,1798x200,5820,,2.0939
C-B1F-DONG-0266,C,기둥,DONG,B1F,200x2660,5820,,3.0962
C-B1F-DONG-0267,C,기둥,DONG,B1F,200x1769,5820,,2.0603
C-B1F-DONG-0268,C,기둥,DONG,B1F,900x200,5820,,1.0476
C-B1F-DONG-0269,C,기둥,DONG,B1F,200x400,5820,,0.4656
"('AC1', 158797.52157669593, 2331388.088593105)-B1F-DONG-0004","('AC1', 158797.52157669593, 2331388.088593105)",기둥,DONG,B1F,500x700,5820,,2.037
"('AC1', 157097.52157669593, 2322788.088593105)-B1F-DONG-0001","('AC1', 157097.52157669593, 2322788.088593105)",기둥,DONG,B1F,500x700,5820,,2.037
C-B1F-DONG-0270,C,기둥,DONG,B1F,500x500,5820,,1.455
500X600-B1F-DONG-0001,500X600,보(X),DONG,B1F,500x600,500,,0.15
500X600-B1F-DONG-0002,500X600,보(Y),DONG,B1F,500x600,7700,,2.31
500X600-B1F-DONG-0003,500X600,보(X),DONG,B1F,500x600,500,,0.15
500X600-B1F-DONG-0004,500X600,보(Y),DONG,B1F,500x600,7700,,2.31
500X600-B1F-DONG-0005,500X600,보(X),DONG,B1F,500x600,500,,0.15
500X600-B1F-DONG-0006,500X600,보(Y),DONG,B1F,500x600,7800,,2.34
500X600-B1F-DONG-0007,500X600,보(X),DONG,B1F,500x600,500,,0.15
500X600-B1F-DONG-0008,500X600,보(Y),DONG,B1F,500x600,7800,,2.34
500X600-B1F-DONG-0009,500X600,보(X),DONG,B1F,500x600,500,,0.15
500X600-B1F-DONG-0010,500X600,보(Y),DONG,B1F,500x600,8250,,2.475
500X600-B1F-DONG-0011,500X600,보(X),DONG,B1F,500x600,500,,0.15
600X900-B1F-DONG-0001,600X900,보(Y),DONG,B1F,600x900,8250,,4.455
500X600-B1F-DONG-0012,500X600,보(Y),DONG,B1F,500x600,5000,,1.5
500X600-B1F-DONG-0013,500X600,보(X),DONG,B1F,500x600,500,,0.15
500X600-B1F-DONG-0014,500X600,보(Y),DONG,B1F,500x600,5000,,1.5
500X600-B1F-DONG-0015,500X600,보(X),DONG,B1F,500x600,500,,0.15
500X600-B1F-DONG-0016,500X600,보(Y),DONG,B1F,500x600,5400,,1.62
500X600-B1F-DONG-0017,500X600,보(X),DONG,B1F,500x600,500,,0.15
500X600-B1F-DONG-0018,500X600,보(Y),DONG,B1F,500x600,5400,,1.62
500X600-B1F-DONG-0019,500X600,보(Y),DONG,B1F,500x600,7700,,2.31
500X600-B1F-DONG-0020,500X600,보(X),DONG,B1F,500x600,500,,0.15
500X600-B1F-DONG-0021,500X600,보(Y),DONG,B1F,500x600,7700,,2.31
500X600-B1F-DONG-0022,500X600,보(Y),DONG,B1F,500x600,7650,,2.295
500X600-B1F-DONG-0023,500X600,보(X),DONG,B1F,500x600,500,,0.15
500X600-B1F-DONG-0024,500X600,보(Y),DONG,B1F,500x600,7650,,2.295
500X600-B1F-DONG-0025,500X600,보(X),DONG,B1F,500x600,500,,0.15
500X600-B1F-DONG-0026,500X600,보(Y),DONG,B1F,500x600,7650,,2.295
500X600-B1F-DONG-0027,500X600,보(X),DONG,B1F,500x600,500,,0.15
500X600-B1F-DONG-0028,500X600,보(Y),DONG,B1F,500x600,7650,,2.295
500X600-B1F-DONG-0029,500X600,보(Y),DONG,B1F,500x600,7800,,2.34
500X600-B1F-DONG-0030,500X600,보(X),DONG,B1F,500x600,500,,0.15
500X600-B1F-DONG-0031,500X600,보(Y),DONG,B1F,500x600,7800,,2.34
500X600-B1F-DONG-0032,500X600,보(Y),DONG,B1F,500x600,7800,,2.34
500X600-B1F-DONG-0033,500X600,보(X),DONG,B1F,500x600,500,,0.15
500X600-B1F-DONG-0034,500X600,보(Y),DONG,B1F,500x600,7800,,2.34
500X600-B1F-DONG-0035,500X600,보(Y),DONG,B1F,500x600,7800,,2.34
500X600-B1F-DONG-0036,500X600,보(X),DONG,B1F,500x600,500,,0.15
500X600-B1F-DONG-0037,500X600,보(Y),DONG,B1F,500x600,7800,,2.34
500X600-B1F-DONG-0038,500X600,보(Y),DONG,B1F,500x600,7800,,2.34
500X600-B1F-DONG-0039,500X600,보(X),DONG,B1F,500x600,500,,0.15
500X600-B1F-DONG-0040,500X600,보(Y),DONG,B1F,500x600,7800,,2.34
500X600-B1F-DONG-0041,500X600,보(Y),DONG,B1F,500x600,7700,,2.31
500X600-B1F-DONG-0042,500X600,보(Y),DONG,B1F,500x600,7700,,2.31
500X600-B1F-DONG-0043,500X600,보(X),DONG,B1F,500x600,5900,,1.77
500X600-B1F-DONG-0044,500X600,보(Y),DONG,B1F,500x600,500,,0.15
500X600-B1F-DONG-0045,500X600,보(X),DONG,B1F,500x600,5900,,1.77
500X600-B1F-DONG-0046,500X600,보(X),DONG,B1F,500x600,5100,,1.53
500X600-B1F-DONG-0047,500X600,보(X),DONG,B1F,500x600,5100,,1.53
500X900-B1F-DONG-0001,500X900,보(X),DONG,B1F,500x900,662,,0.2981
500X600-B1F-DONG-0048,500X600,보(X),DONG,B1F,500x600,6701,,2.0102
500X600-B1F-DONG-0049,500X600,보(Y),DONG,B1F,500x600,500,,0.15
500X600-B1F-DONG-0050,500X600,보(Y),DONG,B1F,500x600,7700,,2.31
500X600-B1F-DONG-0051,500X600,보(X),DONG,B1F,500x600,500,,0.15
500X600-B1F-DONG-0052,500X600,보(Y),DONG,B1F,500x600,7700,,2.31
500X600-B1F-DONG-0053,500X600,보(Y),DONG,B1F,500x600,7700,,2.31
500X600-B1F-DONG-0054,500X600,보(X),DONG,B1F,500x600,500,,0.15
500X600-B1F-DONG-0055,500X600,보(Y),DONG,B1F,500x600,7700,,2.31
500X600-B1F-DONG-0056,500X600,보(X),DONG,B1F,500x600,663,,0.1988
500X600-B1F-DONG-0057,500X600,보(Y),DONG,B1F,500x600,6020,,1.806
500X600-B1F-DONG-0058,500X600,보(Y),DONG,B1F,500x600,7700,,2.31
500X600-B1F-DONG-0059,500X600,보(X),DONG,B1F,500x600,500,,0.15
500X600-B1F-DONG-0060,500X600,보(Y),DONG,B1F,500x600,7700,,2.31
500X600-B1F-DONG-0061,500X600,보(Y),DONG,B1F,500x600,7700,,2.31
500X600-B1F-DONG-0062,500X600,보(X),DONG,B1F,500x600,500,,0.15
500X600-B1F-DONG-0063,500X600,보(Y),DONG,B1F,500x600,7700,,2.31
500X600-B1F-DONG-0064,500X600,보(Y),DONG,B1F,500x600,7700,,2.31
500X600-B1F-DONG-0065,500X600,보(X),DONG,B1F,500x600,500,,0.15
500X600-B1F-DONG-0066,500X600,보(Y),DONG,B1F,500x600,7700,,2.31
500X600-B1F-DONG-0067,500X600,보(Y),DONG,B1F,500x600,7750,,2.325
500X600-B1F-DONG-0068,500X600,보(X),DONG,B1F,500x600,500,,0.15
500X600-B1F-DONG-0069,500X600,보(Y),DONG,B1F,500x600,7750,,2.325
500X600-B1F-DONG-0070,500X600,보(Y),DONG,B1F,500x600,7750,,2.325
500X600-B1F-DONG-0071,500X600,보(X),DONG,B1F,500x600,500,,0.15
500X600-B1F-DONG-0072,500X600,보(Y),DONG,B1F,500x600,7750,,2.325
500X900-B1F-DONG-0002,500X900,보(Y),DONG,B1F,500x900,7750,,3.4875
500X600-B1F-DONG-0073,500X600,보(X),DONG,B1F,500x600,500,,0.15
500X900-B1F-DONG-0003,500X900,보(Y),DONG,B1F,500x900,7750,,3.4875
500X600-B1F-DONG-0074,500X600,보(Y),DONG,B1F,500x600,8250,,2.475
500X600-B1F-DONG-0075,500X600,보(X),DONG,B1F,500x600,500,,0.15
500X600-B1F-DONG-0076,500X600,보(Y),DONG,B1F,500x600,8250,,2.475
500X600-B1F-DONG-0077,500X600,보(Y),DONG,B1F,500x600,8250,,2.475
500X900-B1F-DONG-0004,500X900,보(X),DONG,B1F,500x900,500,,0.225
500X600-B1F-DONG-0078,500X600,보(Y),DONG,B1F,500x600,8250,,2.475
600X1500-B1F-DONG-0001,600X1500,보(X),DONG,B1F,600x1500,596,,0.5366
500X600-B1F-DONG-0079,500X600,보(Y),DONG,B1F,500x600,4128,,1.2383
500X600-B1F-DONG-0080,500X600,보(X),DONG,B1F,500x600,500,,0.15
500X600-B1F-DONG-0081,500X600,보(Y),DONG,B1F,500x600,3803,,1.1409
500X600-B1F-DONG-0082,500X600,보(Y),DONG,B1F,500x600,8250,,2.475
500X600-B1F-DONG-0083,500X600,보(X),DONG,B1F,500x600,500,,0.15
500X600-B1F-DONG-0084,500X600,보(Y),DONG,B1F,500x600,8250,,2.475
500X600-B1F-DONG-0085,500X600,보(Y),DONG,B1F,500x600,4950,,1.485
500X600-B1F-DONG-0086,500X600,보(X),DONG,B1F,500x600,500,,0.15
500X600-B1F-DONG-0087,500X600,보(Y),DONG,B1F,500x600,4950,,1.485
500X600-B1F-DONG-0088,500X600,보(X),DONG,B1F,500x600,515,,0.1546
500X600-B1F-DONG-0089,500X600,보(Y),DONG,B1F,500x600,4394,,1.3182
500X900-B1F-DONG-0005,500X900,보(X),DONG,B1F,500x900,500,,0.225
500X600-B1F-DONG-0090,500X600,보(X),DONG,B1F,500x600,515,,0.1546
500X600-B1F-DONG-0091,500X600,보(Y),DONG,B1F,500x600,8516,,2.5548
600X600-B1F-DONG-0001,600X600,보(Y),DONG,B1F,600x600,500,,0.1801
500X600-B1F-DONG-0092,500X600,보(X),DONG,B1F,500x600,7381,,2.2142
500X600-B1F-DONG-0093,500X600,보(X),DONG,B1F,500x600,5169,,1.5508
600X600-B1F-DONG-0002,600X600,보(Y),DONG,B1F,600x600,500,,0.1801
500X600-B1F-DONG-0094,500X600,보(X),DONG,B1F,500x600,5100,,1.53
500X600-B1F-DONG-0095,500X600,보(X),DONG,B1F,500x600,7454,,2.2361
500X600-B1F-DONG-0096,500X600,보(Y),DONG,B1F,500x600,500,,0.1501
500X600-B1F-DONG-0097,500X600,보(X),DONG,B1F,500x600,7436,,2.2309
500X600-B1F-DONG-0098,500X600,보(X),DONG,B1F,500x600,510,,0.1529
500X600-B1F-DONG-0099,500X600,보(X),DONG,B1F,500x600,8438,,2.5315
500X600-B1F-DONG-0100,500X600,보(Y),DONG,B1F,500x600,500,,0.1501
500X600-B1F-DONG-0101,500X600,보(Y),DONG,B1F,500x600,7700,,2.31
500X600-B1F-DONG-0102,500X600,보(X),DONG,B1F,500x600,500,,0.15
500X600-B1F-DONG-0103,500X600,보(Y),DONG,B1F,500x600,7700,,2.31
500X600-B1F-DONG-0104,500X600,보(Y),DONG,B1F,500x600,7900,,2.37
500X600-B1F-DONG-0105,500X600,보(X),DONG,B1F,500x600,500,,0.15
600X900-B1F-DONG-0002,600X900,보(Y),DONG,B1F,600x900,7900,,4.266
600X900-B1F-DONG-0003,600X900,보(Y),DONG,B1F,600x900,7900,,4.266
600X900-B1F-DONG-0004,600X900,보(X),DONG,B1F,600x900,500,,0.27
600X900-B1F-DONG-0005,600X900,보(Y),DONG,B1F,600x900,7900,,4.266
500X600-B1F-DONG-0106,500X600,보(Y),DONG,B1F,500x600,7650,,2.295
500X600-B1F-DONG-0107,500X600,보(X),DONG,B1F,500x600,500,,0.15
500X600-B1F-DONG-0108,500X600,보(Y),DONG,B1F,500x600,7650,,2.295
500X600-B1F-DONG-0109,500X600,보(Y),DONG,B1F,500x600,7950,,2.385
500X600-B1F-DONG-0110,500X600,보(X),DONG,B1F,500x600,500,,0.15
500X600-B1F-DONG-0111,500X600,보(Y),DONG,B1F,500x600,7950,,2.385
500X600-B1F-DONG-0112,500X600,보(Y),DONG,B1F,500x600,8100,,2.43
600X900-B1F-DONG-0006,600X900,보(X),DONG,B1F,600x900,500,,0.27
500X600-B1F-DONG-0113,500X600,보(Y),DONG,B1F,500x600,8100,,2.43
500X600-B1F-DONG-0114,500X600,보(Y),DONG,B1F,500x600,8050,,2.415
500X600-B1F-DONG-0115,500X600,보(X),DONG,B1F,500x600,500,,0.15
500X600-B1F-DONG-0116,500X600,보(Y),DONG,B1F,500x600,8050,,2.415
500X600-B1F-DONG-0117,500X600,보(X),DONG,B1F,500x600,7570,,2.271
500X600-B1F-DONG-0118,500X600,보(Y),DONG,B1F,500x600,500,,0.15
500X600-B1F-DONG-0119,500X600,보(X),DONG,B1F,500x600,7570,,2.271
800X900-B1F-DONG-0001,800X900,보(Y),DONG,B1F,800x900,504,,0.3626
500X600-B1F-DONG-0120,500X600,보(X),DONG,B1F,500x600,5438,,1.6315
600X600-B1F-DONG-0003,600X600,보(Y),DONG,B1F,600x600,500,,0.18
600X900-B1F-DONG-0007,600X900,보(Y),DONG,B1F,600x900,504,,0.272
500X600-B1F-DONG-0121,500X600,보(X),DONG,B1F,500x600,5268,,1.5805
600X600-B1F-DONG-0004,600X600,보(Y),DONG,B1F,600x600,508,,0.1829
500X600-B1F-DONG-0122,500X600,보(X),DONG,B1F,500x600,7475,,2.2425
600X600-B1F-DONG-0005,600X600,보(Y),DONG,B1F,600x600,508,,0.1828
500X600-B1F-DONG-0123,500X600,보(X),DONG,B1F,500x600,7477,,2.243
600X600-B1F-DONG-0006,600X600,보(Y),DONG,B1F,600x600,508,,0.1829
600X900-B1F-DONG-0008,600X900,보(X),DONG,B1F,600x900,4359,,2.3536
500X600-B1F-DONG-0124,500X600,보(Y),DONG,B1F,500x600,508,,0.1523
600X900-B1F-DONG-0009,600X900,보(X),DONG,B1F,600x900,3920,,2.1169
800X1500-B1F-DONG-0001,800X1500,보(X),DONG,B1F,800x1500,610,,0.7325
500X600-B1F-DONG-0125,500X600,보(Y),DONG,B1F,500x600,8100,,2.43
500X600-B1F-DONG-0126,500X600,보(X),DONG,B1F,500x600,500,,0.15
500X600-B1F-DONG-0127,500X600,보(Y),DONG,B1F,500x600,8100,,2.43
500X600-B1F-DONG-0128,500X600,보(Y),DONG,B1F,500x600,8663,,2.5988
600X600-B1F-DONG-0007,600X600,보(X),DONG,B1F,600x600,500,,0.18
500X600-B1F-DONG-0129,500X600,보(Y),DONG,B1F,500x600,8583,,2.5748
500X600-B1F-DONG-0130,500X600,보(Y),DONG,B1F,500x600,4000,,1.2
500X600-B1F-DONG-0131,500X600,보(X),DONG,B1F,500x600,500,,0.15
500X600-B1F-DONG-0132,500X600,보(Y),DONG,B1F,500x600,4000,,1.2
500X600-B1F-DONG-0133,500X600,보(X),DONG,B1F,500x600,500,,0.15
500X600-B1F-DONG-0134,500X600,보(Y),DONG,B1F,500x600,4550,,1.365
500X600-B1F-DONG-0135,500X600,보(X),DONG,B1F,500x600,500,,0.15
500X600-B1F-DONG-0136,500X600,보(X),DONG,B1F,500x600,500,,0.15
500X600-B1F-DONG-0137,500X600,보(Y),DONG,B1F,500x600,7898,,2.3693
500X600-B1F-DONG-0138,500X600,보(X),DONG,B1F,500x600,500,,0.15
500X600-B1F-DONG-0139,500X600,보(X),DONG,B1F,500x600,500,,0.15
500X600-B1F-DONG-0140,500X600,보(Y),DONG,B1F,500x600,7898,,2.3693
500X600-B1F-DONG-0141,500X600,보(X),DONG,B1F,500x600,500,,0.15
500X600-B1F-DONG-0142,500X600,보(X),DONG,B1F,500x600,500,,0.15
500X600-B1F-DONG-0143,500X600,보(Y),DONG,B1F,500x600,7898,,2.3693
500X600-B1F-DONG-0144,500X600,보(X),DONG,B1F,500x600,500,,0.15
400X900-B1F-DONG-0001,400X900,보(Y),DONG,B1F,400x900,503,,0.1813
500X600-B1F-DONG-0145,500X600,보(X),DONG,B1F,500x600,6208,,1.8624
500X600-B1F-DONG-0146,500X600,보(Y),DONG,B1F,500x600,515,,0.1546
500X600-B1F-DONG-0147,500X600,보(X),DONG,B1F,500x600,6806,,2.0418
500X600-B1F-DONG-0148,500X600,보(Y),DONG,B1F,500x600,500,,0.15
500X600-B1F-DONG-0149,500X600,보(Y),DONG,B1F,500x600,500,,0.15
500X600-B1F-DONG-0150,500X600,보(X),DONG,B1F,500x600,6067,,1.8201
500X600-B1F-DONG-0151,500X600,보(Y),DONG,B1F,500x600,515,,0.1546
500X600-B1F-DONG-0152,500X600,보(X),DONG,B1F,500x600,6831,,2.0493
500X600-B1F-DONG-0153,500X600,보(Y),DONG,B1F,500x600,500,,0.15
500X600-B1F-DONG-0154,500X600,보(X),DONG,B1F,500x600,6705,,2.0115
500X600-B1F-DONG-0155,500X600,보(Y),DONG,B1F,500x600,7505,,2.2515
700X600-B1F-DONG-0001,700X600,보(X),DONG,B1F,700x600,500,,0.21
500X600-B1F-DONG-0156,500X600,보(Y),DONG,B1F,500x600,7630,,2.2889
500X600-B1F-DONG-0157,500X600,보(X),DONG,B1F,500x600,1280,,0.3839
500X600-B1F-DONG-0158,500X600,보(Y),DONG,B1F,500x600,5851,,1.7552
900X900-B1F-DONG-0001,900X900,보(X),DONG,B1F,900x900,500,,0.405
700X600-B1F-DONG-0002,700X600,보(X),DONG,B1F,700x600,500,,0.21
500X600-B1F-DONG-0159,500X600,보(Y),DONG,B1F,500x600,7300,,2.19
500X600-B1F-DONG-0160,500X600,보(X),DONG,B1F,500x600,500,,0.15
500X600-B1F-DONG-0161,500X600,보(X),DONG,B1F,500x600,500,,0.15
500X600-B1F-DONG-0162,500X600,보(Y),DONG,B1F,500x600,8000,,2.4
500X600-B1F-DONG-0163,500X600,보(X),DONG,B1F,500x600,500,,0.15
500X600-B1F-DONG-0164,500X600,보(X),DONG,B1F,500x600,500,,0.15
500X600-B1F-DONG-0165,500X600,보(Y),DONG,B1F,500x600,6350,,1.905
500X600-B1F-DONG-0166,500X600,보(X),DONG,B1F,500x600,500,,0.15
500X600-B1F-DONG-0167,500X600,보(X),DONG,B1F,500x600,500,,0.15
500X600-B1F-DONG-0168,500X600,보(Y),DONG,B1F,500x600,6350,,1.905
500X600-B1F-DONG-0169,500X600,보(X),DONG,B1F,500x600,500,,0.15
500X600-B1F-DONG-0170,500X600,보(X),DONG,B1F,500x600,521,,0.1564
500X900-B1F-DONG-0006,500X900,보(Y),DONG,B1F,500x900,7313,,3.2908
500X900-B1F-DONG-0007,500X900,보(X),DONG,B1F,500x900,500,,0.225
500X900-B1F-DONG-0008,500X900,보(Y),DONG,B1F,500x900,7166,,3.2246
600X1500-B1F-DONG-0002,600X1500,보(X),DONG,B1F,600x1500,653,,0.5874
500X600-B1F-DONG-0171,500X600,보(Y),DONG,B1F,500x600,7501,,2.2504
500X600-B1F-DONG-0172,500X600,보(X),DONG,B1F,500x600,500,,0.15
500X600-B1F-DONG-0173,500X600,보(X),DONG,B1F,500x600,521,,0.1564
500X600-B1F-DONG-0174,500X600,보(Y),DONG,B1F,500x600,8113,,2.4339
500X600-B1F-DONG-0175,500X600,보(X),DONG,B1F,500x600,500,,0.15
500X600-B1F-DONG-0176,500X600,보(Y),DONG,B1F,500x600,7966,,2.3898
500X600-B1F-DONG-0177,500X600,보(Y),DONG,B1F,500x600,500,,0.15
500X600-B1F-DONG-0178,500X600,보(X),DONG,B1F,500x600,7900,,2.37
500X600-B1F-DONG-0179,500X600,보(Y),DONG,B1F,500x600,500,,0.15
500X600-B1F-DONG-0180,500X600,보(Y),DONG,B1F,500x600,500,,0.15
500X600-B1F-DONG-0181,500X600,보(X),DONG,B1F,500x600,7900,,2.37
500X600-B1F-DONG-0182,500X600,보(Y),DONG,B1F,500x600,500,,0.15
500X600-B1F-DONG-0183,500X600,보(Y),DONG,B1F,500x600,500,,0.15
500X600-B1F-DONG-0184,500X600,보(X),DONG,B1F,500x600,7900,,2.37
500X600-B1F-DONG-0185,500X600,보(Y),DONG,B1F,500x600,500,,0.15
600X1200-B1F-DONG-0001,600X1200,보(Y),DONG,B1F,600x1200,500,,0.36
500X600-B1F-DONG-0186,500X600,보(X),DONG,B1F,500x600,7900,,2.37
400X800-B1F-DONG-0001,400X800,보(Y),DONG,B1F,400x800,500,,0.16
500X600-B1F-DONG-0187,500X600,보(X),DONG,B1F,500x600,500,,0.15
500X600-B1F-DONG-0188,500X600,보(Y),DONG,B1F,500x600,7300,,2.19
500X600-B1F-DONG-0189,500X600,보(X),DONG,B1F,500x600,500,,0.15
500X600-B1F-DONG-0190,500X600,보(X),DONG,B1F,500x600,500,,0.15
500X600-B1F-DONG-0191,500X600,보(Y),DONG,B1F,500x600,4750,,1.425
500X600-B1F-DONG-0192,500X600,보(X),DONG,B1F,500x600,500,,0.15
500X600-B1F-DONG-0193,500X600,보(X),DONG,B1F,500x600,500,,0.15
500X600-B1F-DONG-0194,500X600,보(Y),DONG,B1F,500x600,4750,,1.425
400X800-B1F-DONG-0002,400X800,보(X),DONG,B1F,400x800,500,,0.16
500X600-B1F-DONG-0195,500X600,보(X),DONG,B1F,500x600,500,,0.15
500X600-B1F-DONG-0196,500X600,보(Y),DONG,B1F,500x600,7300,,2.19
500X600-B1F-DONG-0197,500X600,보(X),DONG,B1F,500x600,500,,0.15
500X600-B1F-DONG-0198,500X600,보(X),DONG,B1F,500x600,500,,0.15
500X600-B1F-DONG-0199,500X600,보(Y),DONG,B1F,500x600,8000,,2.4
500X600-B1F-DONG-0200,500X600,보(X),DONG,B1F,500x600,500,,0.15
500X600-B1F-DONG-0201,500X600,보(X),DONG,B1F,500x600,500,,0.15
500X600-B1F-DONG-0202,500X600,보(Y),DONG,B1F,500x600,8000,,2.4
500X600-B1F-DONG-0203,500X600,보(X),DONG,B1F,500x600,500,,0.15
500X600-B1F-DONG-0204,500X600,보(X),DONG,B1F,500x600,500,,0.15
500X600-B1F-DONG-0205,500X600,보(Y),DONG,B1F,500x600,7900,,2.37
500X600-B1F-DONG-0206,500X600,보(X),DONG,B1F,500x600,500,,0.15
600X900-B1F-DONG-0010,600X900,보(Y),DONG,B1F,600x900,6397,,3.4545
600X900-B1F-DONG-0011,600X900,보(Y),DONG,B1F,600x900,6273,,3.3872
500X600-B1F-DONG-0207,500X600,보(Y),DONG,B1F,500x600,8514,,2.5543
800X900-B1F-DONG-0002,800X900,보(X),DONG,B1F,800x900,500,,0.36
500X600-B1F-DONG-0208,500X600,보(Y),DONG,B1F,500x600,8190,,2.4569
500X600-B1F-DONG-0209,500X600,보(X),DONG,B1F,500x600,500,,0.15
500X600-B1F-DONG-0210,500X600,보(Y),DONG,B1F,500x600,3800,,1.14
500X600-B1F-DONG-0211,500X600,보(X),DONG,B1F,500x600,500,,0.15
500X600-B1F-DONG-0212,500X600,보(Y),DONG,B1F,500x600,7700,,2.31
500X600-B1F-DONG-0213,500X600,보(Y),DONG,B1F,500x600,7700,,2.31
500X600-B1F-DONG-0214,500X600,보(Y),DONG,B1F,500x600,7700,,2.31
500X600-B1F-DONG-0215,500X600,보(Y),DONG,B1F,500x600,7700,,2.31
500X600-B1F-DONG-0216,500X600,보(X),DONG,B1F,500x600,7950,,2.385
500X600-B1F-DONG-0217,500X600,보(X),DONG,B1F,500x600,7900,,2.37
500X600-B1F-DONG-0218,500X600,보(X),DONG,B1F,500x600,7900,,2.37
500X600-B1F-DONG-0219,500X600,보(X),DONG,B1F,500x600,5950,,1.785
500X600-B1F-DONG-0220,500X600,보(X),DONG,B1F,500x600,5900,,1.77
500X600-B1F-DONG-0221,500X600,보(X),DONG,B1F,500x600,5150,,1.545
500X600-B1F-DONG-0222,500X600,보(X),DONG,B1F,500x600,5100,,1.53
500X600-B1F-DONG-0223,500X600,보(X),DONG,B1F,500x600,7800,,2.34
500X600-B1F-DONG-0224,500X600,보(X),DONG,B1F,500x600,7850,,2.355
400X800-B1F-DONG-0003,400X800,보(X),DONG,B1F,400x800,4758,,1.5225
500X600-B1F-DONG-0225,500X600,보(Y),DONG,B1F,500x600,7700,,2.31
400X800-B1F-DONG-0004,400X800,보(Y),DONG,B1F,400x800,3000,,0.96
500X600-B1F-DONG-0226,500X600,보(Y),DONG,B1F,500x600,4250,,1.275
500X600-B1F-DONG-0227,500X600,보(Y),DONG,B1F,500x600,4250,,1.275
500X600-B1F-DONG-0228,500X600,보(Y),DONG,B1F,500x600,4250,,1.275
500X600-B1F-DONG-0229,500X600,보(Y),DONG,B1F,500x600,4250,,1.275
500X600-B1F-DONG-0230,500X600,보(Y),DONG,B1F,500x600,7700,,2.31
500X600-B1F-DONG-0231,500X600,보(Y),DONG,B1F,500x600,4100,,1.23
500X600-B1F-DONG-0232,500X600,보(Y),DONG,B1F,500x600,7700,,2.31
500X600-B1F-DONG-0233,500X600,보(Y),DONG,B1F,500x600,7700,,2.31
500X600-B1F-DONG-0234,500X600,보(Y),DONG,B1F,500x600,7700,,2.31
500X600-B1F-DONG-0235,500X600,보(Y),DONG,B1F,500x600,7700,,2.31
400X800-B1F-DONG-0005,400X800,보(Y),DONG,B1F,400x800,40171,,12.8548
400X800-B1F-DONG-0006,400X800,보(Y),DONG,B1F,400x800,4272,,1.3669
500X600-B1F-DONG-0236,500X600,보(X),DONG,B1F,500x600,4750,,1.425
500X600-B1F-DONG-0237,500X600,보(X),DONG,B1F,500x600,4750,,1.425
500X600-B1F-DONG-0238,500X600,보(X),DONG,B1F,500x600,7800,,2.34
500X600-B1F-DONG-0239,500X600,보(X),DONG,B1F,500x600,7800,,2.34
500X600-B1F-DONG-0240,500X600,보(X),DONG,B1F,500x600,4750,,1.425
500X600-B1F-DONG-0241,500X600,보(X),DONG,B1F,500x600,4750,,1.425
500X600-B1F-DONG-0242,500X600,보(Y),DONG,B1F,500x600,7700,,2.31
500X600-B1F-DONG-0243,500X600,보(Y),DONG,B1F,500x600,7700,,2.31
500X600-B1F-DONG-0244,500X600,보(Y),DONG,B1F,500x600,7707,,2.312
500X600-B1F-DONG-0245,500X600,보(Y),DONG,B1F,500x600,7700,,2.31
500X600-B1F-DONG-0246,500X600,보(Y),DONG,B1F,500x600,7700,,2.31
500X600-B1F-DONG-0247,500X600,보(Y),DONG,B1F,500x600,7700,,2.31
500X600-B1F-DONG-0248,500X600,보(Y),DONG,B1F,500x600,7700,,2.31
500X600-B1F-DONG-0249,500X600,보(X),DONG,B1F,500x600,4750,,1.425
500X600-B1F-DONG-0250,500X600,보(X),DONG,B1F,500x600,4750,,1.425
500X600-B1F-DONG-0251,500X600,보(X),DONG,B1F,500x600,7800,,2.34
500X600-B1F-DONG-0252,500X600,보(X),DONG,B1F,500x600,7800,,2.34
500X600-B1F-DONG-0253,500X600,보(X),DONG,B1F,500x600,4750,,1.425
500X600-B1F-DONG-0254,500X600,보(X),DONG,B1F,500x600,4750,,1.425
500X600-B1F-DONG-0255,500X600,보(Y),DONG,B1F,500x600,7750,,2.325
500X600-B1F-DONG-0256,500X600,보(Y),DONG,B1F,500x600,7700,,2.31
500X600-B1F-DONG-0257,500X600,보(Y),DONG,B1F,500x600,7750,,2.325
500X600-B1F-DONG-0258,500X600,보(Y),DONG,B1F,500x600,7750,,2.325
500X600-B1F-DONG-0259,500X600,보(Y),DONG,B1F,500x600,7750,,2.325
500X600-B1F-DONG-0260,500X600,보(Y),DONG,B1F,500x600,7750,,2.325
500X600-B1F-DONG-0261,500X600,보(Y),DONG,B1F,500x600,7750,,2.325
500X600-B1F-DONG-0262,500X600,보(Y),DONG,B1F,500x600,8250,,2.475
500X600-B1F-DONG-0263,500X600,보(Y),DONG,B1F,500x600,8250,,2.475
500X600-B1F-DONG-0264,500X600,보(X),DONG,B1F,500x600,7650,,2.295
500X600-B1F-DONG-0265,500X600,보(X),DONG,B1F,500x600,7800,,2.34
500X900-B1F-DONG-0009,500X900,보(X),DONG,B1F,500x900,4750,,2.1375
500X600-B1F-DONG-0266,500X600,보(X),DONG,B1F,500x600,4750,,1.425
900X900-B1F-DONG-0002,900X900,보(Y),DONG,B1F,900x900,8250,,6.6825
500X600-B1F-DONG-0267,500X600,보(X),DONG,B1F,500x600,4950,,1.485
500X600-B1F-DONG-0268,500X600,보(X),DONG,B1F,500x600,4860,,1.4581
500X600-B1F-DONG-0269,500X600,보(X),DONG,B1F,500x600,4950,,1.485
500X600-B1F-DONG-0270,500X600,보(X),DONG,B1F,500x600,4950,,1.485
500X600-B1F-DONG-0271,500X600,보(X),DONG,B1F,500x600,4950,,1.485
500X600-B1F-DONG-0272,500X600,보(X),DONG,B1F,500x600,4950,,1.485
500X600-B1F-DONG-0273,500X600,보(X),DONG,B1F,500x600,4950,,1.485
500X600-B1F-DONG-0274,500X600,보(X),DONG,B1F,500x600,4950,,1.485
700X900-B1F-DONG-0001,700X900,보(X),DONG,B1F,700x900,2097,,1.3208
700X900-B1F-DONG-0002,700X900,보(X),DONG,B1F,700x900,2221,,1.3994
500X600-B1F-DONG-0275,500X600,보(X),DONG,B1F,500x600,4950,,1.485
500X600-B1F-DONG-0276,500X600,보(X),DONG,B1F,500x600,4950,,1.485
400X800-B1F-DONG-0007,400X800,보(X),DONG,B1F,400x800,12700,,4.064
500X600-B1F-DONG-0277,500X600,보(X),DONG,B1F,500x600,4950,,1.485
500X600-B1F-DONG-0278,500X600,보(X),DONG,B1F,500x600,7200,,2.16
500X600-B1F-DONG-0279,500X600,보(X),DONG,B1F,500x600,7019,,2.1057
500X600-B1F-DONG-0280,500X600,보(X),DONG,B1F,500x600,5150,,1.545
500X600-B1F-DONG-0281,500X600,보(X),DONG,B1F,500x600,5062,,1.5187
400X800-B1F-DONG-0008,400X800,보(Y),DONG,B1F,400x800,35046,,11.2147
500X600-B1F-DONG-0282,500X600,보(Y),DONG,B1F,500x600,7650,,2.295
500X600-B1F-DONG-0283,500X600,보(Y),DONG,B1F,500x600,7800,,2.34
600X900-B1F-DONG-0012,600X900,보(Y),DONG,B1F,600x900,8250,,4.455
400X800-B1F-DONG-0009,400X800,보(Y),DONG,B1F,400x800,5000,,1.6
600X900-B1F-DONG-0013,600X900,보(Y),DONG,B1F,600x900,5400,,2.916
900X900-B1F-DONG-0003,900X900,보(Y),DONG,B1F,900x900,7700,,6.237
600X900-B1F-DONG-0014,600X900,보(Y),DONG,B1F,600x900,7700,,4.158
500X600-B1F-DONG-0284,500X600,보(Y),DONG,B1F,500x600,7650,,2.295
500X600-B1F-DONG-0285,500X600,보(Y),DONG,B1F,500x600,7650,,2.295
500X600-B1F-DONG-0286,500X600,보(Y),DONG,B1F,500x600,7650,,2.295
500X600-B1F-DONG-0287,500X600,보(Y),DONG,B1F,500x600,7650,,2.295
500X600-B1F-DONG-0288,500X600,보(Y),DONG,B1F,500x600,7650,,2.295
500X600-B1F-DONG-0289,500X600,보(Y),DONG,B1F,500x600,7700,,2.31
500X600-B1F-DONG-0290,500X600,보(X),DONG,B1F,500x600,7250,,2.175
500X600-B1F-DONG-0291,500X600,보(X),DONG,B1F,500x600,7200,,2.16
500X600-B1F-DONG-0292,500X600,보(X),DONG,B1F,500x600,5250,,1.575
500X600-B1F-DONG-0293,500X600,보(X),DONG,B1F,500x600,5150,,1.545
500X600-B1F-DONG-0294,500X600,보(X),DONG,B1F,500x600,23200,,6.96
500X600-B1F-DONG-0295,500X600,보(X),DONG,B1F,500x600,7250,,2.175
500X600-B1F-DONG-0296,500X600,보(X),DONG,B1F,500x600,7250,,2.175
500X600-B1F-DONG-0297,500X600,보(Y),DONG,B1F,500x600,7800,,2.34
500X600-B1F-DONG-0298,500X600,보(Y),DONG,B1F,500x600,7800,,2.34
500X600-B1F-DONG-0299,500X600,보(Y),DONG,B1F,500x600,7800,,2.34
500X600-B1F-DONG-0300,500X600,보(Y),DONG,B1F,500x600,7800,,2.34
500X600-B1F-DONG-0301,500X600,보(Y),DONG,B1F,500x600,7800,,2.34
500X600-B1F-DONG-0302,500X600,보(Y),DONG,B1F,500x600,7800,,2.34
500X600-B1F-DONG-0303,500X600,보(X),DONG,B1F,500x600,7900,,2.37
400X800-B1F-DONG-0010,400X800,보(X),DONG,B1F,400x800,7900,,2.528
400X800-B1F-DONG-0011,400X800,보(X),DONG,B1F,400x800,5250,,1.68
500X600-B1F-DONG-0304,500X600,보(Y),DONG,B1F,500x600,7800,,2.34
500X600-B1F-DONG-0305,500X600,보(Y),DONG,B1F,500x600,7800,,2.34
400X800-B1F-DONG-0012,400X800,보(X),DONG,B1F,400x800,14650,,4.688
400X800-B1F-DONG-0013,400X800,보(X),DONG,B1F,400x800,14650,,4.688
400X800-B1F-DONG-0014,400X800,보(X),DONG,B1F,400x800,4750,,1.52
600X1500-B1F-DONG-0003,600X1500,보(Y),DONG,B1F,600x1500,1219,,1.097
600X1500-B1F-DONG-0004,600X1500,보(Y),DONG,B1F,600x1500,938,,0.8439
700X900-B1F-DONG-0003,700X900,보(Y),DONG,B1F,700x900,8300,,5.229
700X900-B1F-DONG-0004,700X900,보(Y),DONG,B1F,700x900,8250,,5.1975
500X600-B1F-DONG-0306,500X600,보(X),DONG,B1F,500x600,7630,,2.2891
500X600-B1F-DONG-0307,500X600,보(X),DONG,B1F,500x600,7650,,2.295
800X900-B1F-DONG-0003,800X900,보(X),DONG,B1F,800x900,4750,,3.42
800X900-B1F-DONG-0004,800X900,보(X),DONG,B1F,800x900,5786,,4.1659
800X900-B1F-DONG-0005,800X900,보(X),DONG,B1F,800x900,6084,,4.3804
800X900-B1F-DONG-0006,800X900,보(X),DONG,B1F,800x900,4758,,3.4257
500X600-B1F-DONG-0308,500X600,보(Y),DONG,B1F,500x600,8250,,2.475
500X700-B1F-DONG-0001,500X700,보(Y),DONG,B1F,500x700,16600,,5.81
400X800-B1F-DONG-0015,400X800,보(X),DONG,B1F,400x800,34200,,10.944
500X600-B1F-DONG-0309,500X600,보(Y),DONG,B1F,500x600,8250,,2.475
500X600-B1F-DONG-0310,500X600,보(Y),DONG,B1F,500x600,8250,,2.475
500X600-B1F-DONG-0311,500X600,보(X),DONG,B1F,500x600,7250,,2.175
800X900-B1F-DONG-0007,800X900,보(Y),DONG,B1F,800x900,4950,,3.564
500X600-B1F-DONG-0312,500X600,보(Y),DONG,B1F,500x600,5000,,1.5
500X600-B1F-DONG-0313,500X600,보(Y),DONG,B1F,500x600,5379,,1.6137
500X600-B1F-DONG-0314,500X600,보(X),DONG,B1F,500x600,7250,,2.175
500X900-B1F-DONG-0010,500X900,보(X),DONG,B1F,500x900,7250,,3.2625
500X900-B1F-DONG-0011,500X900,보(X),DONG,B1F,500x900,7250,,3.2625
500X600-B1F-DONG-0315,500X600,보(Y),DONG,B1F,500x600,4950,,1.485
700X1700-B1F-DONG-0001,700X1700,보(Y),DONG,B1F,700x1700,3571,,4.2499
500X600-B1F-DONG-0316,500X600,보(Y),DONG,B1F,500x600,5400,,1.62
500X600-B1F-DONG-0317,500X600,보(X),DONG,B1F,500x600,7472,,2.2416
500X600-B1F-DONG-0318,500X600,보(X),DONG,B1F,500x600,7472,,2.2416
500X600-B1F-DONG-0319,500X600,보(Y),DONG,B1F,500x600,7700,,2.31
500X600-B1F-DONG-0320,500X600,보(Y),DONG,B1F,500x600,7656,,2.2967
500X600-B1F-DONG-0321,500X600,보(Y),DONG,B1F,500x600,9463,,2.839
500X600-B1F-DONG-0322,500X600,보(Y),DONG,B1F,500x600,9350,,2.805
500X600-B1F-DONG-0323,500X600,보(X),DONG,B1F,500x600,7250,,2.175
500X600-B1F-DONG-0324,500X600,보(X),DONG,B1F,500x600,7504,,2.2511
500X600-B1F-DONG-0325,500X600,보(X),DONG,B1F,500x600,7700,,2.31
600X600-B1F-DONG-0008,600X600,보(Y),DONG,B1F,600x600,9357,,3.3684
600X600-B1F-DONG-0009,600X600,보(Y),DONG,B1F,600x600,9345,,3.3644
500X600-B1F-DONG-0326,500X600,보(X),DONG,B1F,500x600,5200,,1.56
500X600-B1F-DONG-0327,500X600,보(X),DONG,B1F,500x600,5046,,1.5138
500X600-B1F-DONG-0328,500X600,보(Y),DONG,B1F,500x600,6330,,1.899
500X600-B1F-DONG-0329,500X600,보(X),DONG,B1F,500x600,4859,,1.4577
500X600-B1F-DONG-0330,500X600,보(X),DONG,B1F,500x600,5200,,1.56
900X900-B1F-DONG-0004,900X900,보(Y),DONG,B1F,900x900,6330,,5.1273
500X600-B1F-DONG-0331,500X600,보(X),DONG,B1F,500x600,5100,,1.53
500X600-B1F-DONG-0332,500X600,보(Y),DONG,B1F,500x600,6330,,1.899
500X600-B1F-DONG-0333,500X600,보(X),DONG,B1F,500x600,7700,,2.31
500X600-B1F-DONG-0334,500X600,보(Y),DONG,B1F,500x600,9347,,2.8041
500X600-B1F-DONG-0335,500X600,보(X),DONG,B1F,500x600,7605,,2.2815
500X600-B1F-DONG-0336,500X600,보(Y),DONG,B1F,500x600,6330,,1.899
500X600-B1F-DONG-0337,500X600,보(X),DONG,B1F,500x600,7350,,2.205
500X600-B1F-DONG-0338,500X600,보(X),DONG,B1F,500x600,5158,,1.5474
500X600-B1F-DONG-0339,500X600,보(X),DONG,B1F,500x600,7300,,2.1899
500X600-B1F-DONG-0340,500X600,보(Y),DONG,B1F,500x600,9364,,2.8092
500X600-B1F-DONG-0341,500X600,보(Y),DONG,B1F,500x600,7650,,2.295
500X600-B1F-DONG-0342,500X600,보(Y),DONG,B1F,500x600,7650,,2.295
400X800-B1F-DONG-0016,400X800,보(X),DONG,B1F,400x800,11960,,3.8272
500X600-B1F-DONG-0343,500X600,보(X),DONG,B1F,500x600,7350,,2.205
500X600-B1F-DONG-0344,500X600,보(X),DONG,B1F,500x600,4110,,1.233
500X600-B1F-DONG-0345,500X600,보(X),DONG,B1F,500x600,4565,,1.3696
500X600-B1F-DONG-0346,500X600,보(X),DONG,B1F,500x600,4241,,1.2722
500X600-B1F-DONG-0347,500X600,보(Y),DONG,B1F,500x600,3639,,1.0917
500X600-B1F-DONG-0348,500X600,보(Y),DONG,B1F,500x600,3606,,1.0818
500X600-B1F-DONG-0349,500X600,보(Y),DONG,B1F,500x600,7900,,2.37
500X600-B1F-DONG-0350,500X600,보(Y),DONG,B1F,500x600,7900,,2.37
400X800-B1F-DONG-0017,400X800,보(X),DONG,B1F,400x800,4941,,1.5811
500X600-B1F-DONG-0351,500X600,보(X),DONG,B1F,500x600,7356,,2.2068
400X800-B1F-DONG-0018,400X800,보(X),DONG,B1F,400x800,542,,0.1733
400X800-B1F-DONG-0019,400X800,보(X),DONG,B1F,400x800,566,,0.181
400X800-B1F-DONG-0020,400X800,보(X),DONG,B1F,400x800,3361,,1.0755
500X600-B1F-DONG-0352,500X600,보(X),DONG,B1F,500x600,3889,,1.1667
500X600-B1F-DONG-0353,500X600,보(X),DONG,B1F,500x600,4010,,1.2031
500X600-B1F-DONG-0354,500X600,보(X),DONG,B1F,500x600,6677,,2.0031
500X600-B1F-DONG-0355,500X600,보(X),DONG,B1F,500x600,4109,,1.2327
500X600-B1F-DONG-0356,500X600,보(X),DONG,B1F,500x600,4010,,1.203
500X600-B1F-DONG-0357,500X600,보(X),DONG,B1F,500x600,7250,,2.175
500X600-B1F-DONG-0358,500X600,보(Y),DONG,B1F,500x600,2446,,0.7338
600X900-B1F-DONG-0015,600X900,보(Y),DONG,B1F,600x900,3160,,1.7065
500X600-B1F-DONG-0359,500X600,보(Y),DONG,B1F,500x600,7950,,2.385
500X600-B1F-DONG-0360,500X600,보(Y),DONG,B1F,500x600,7950,,2.385
500X600-B1F-DONG-0361,500X600,보(X),DONG,B1F,500x600,7350,,2.205
600X1600-B1F-DONG-0001,600X1600,보(Y),DONG,B1F,600x1600,579,,0.5555
500X900-B1F-DONG-0012,500X900,보(Y),DONG,B1F,500x900,1293,,0.5817
400X800-B1F-DONG-0021,400X800,보(X),DONG,B1F,400x800,755,,0.2417
500X600-B1F-DONG-0362,500X600,보(X),DONG,B1F,500x600,7272,,2.1816
500X600-B1F-DONG-0363,500X600,보(X),DONG,B1F,500x600,7350,,2.205
500X600-B1F-DONG-0364,500X600,보(X),DONG,B1F,500x600,4910,,1.4729
500X600-B1F-DONG-0365,500X600,보(X),DONG,B1F,500x600,5200,,1.56
600X600-B1F-DONG-0010,600X600,보(Y),DONG,B1F,600x600,9353,,3.3669
500X600-B1F-DONG-0366,500X600,보(Y),DONG,B1F,500x600,9353,,2.8058
500X600-B1F-DONG-0367,500X600,보(X),DONG,B1F,500x600,7700,,2.31
500X600-B1F-DONG-0368,500X600,보(X),DONG,B1F,500x600,7491,,2.2473
500X600-B1F-DONG-0369,500X600,보(X),DONG,B1F,500x600,4984,,1.4953
500X900-B1F-DONG-0013,500X900,보(X),DONG,B1F,500x900,5200,,2.34
800X900-B1F-DONG-0008,800X900,보(Y),DONG,B1F,800x900,9278,,6.6799
600X900-B1F-DONG-0016,600X900,보(Y),DONG,B1F,600x900,9278,,5.0099
600X600-B1F-DONG-0011,600X600,보(Y),DONG,B1F,600x600,9358,,3.3688
600X600-B1F-DONG-0012,600X600,보(Y),DONG,B1F,600x600,9358,,3.3688
500X600-B1F-DONG-0370,500X600,보(X),DONG,B1F,500x600,4862,,1.4587
500X600-B1F-DONG-0371,500X600,보(X),DONG,B1F,500x600,4850,,1.455
800X900-B1F-DONG-0009,800X900,보(Y),DONG,B1F,800x900,7900,,5.688
600X900-B1F-DONG-0017,600X900,보(X),DONG,B1F,600x900,4862,,2.6257
500X600-B1F-DONG-0372,500X600,보(X),DONG,B1F,500x600,4850,,1.455
600X900-B1F-DONG-0018,600X900,보(X),DONG,B1F,600x900,4950,,2.673
600X900-B1F-DONG-0019,600X900,보(X),DONG,B1F,600x900,4850,,2.619
500X600-B1F-DONG-0373,500X600,보(X),DONG,B1F,500x600,4950,,1.485
500X600-B1F-DONG-0374,500X600,보(X),DONG,B1F,500x600,4950,,1.485
500X600-B1F-DONG-0375,500X600,보(X),DONG,B1F,500x600,4950,,1.485
500X600-B1F-DONG-0376,500X600,보(X),DONG,B1F,500x600,4950,,1.485
500X600-B1F-DONG-0377,500X600,보(X),DONG,B1F,500x600,5308,,1.5923
500X600-B1F-DONG-0378,500X600,보(X),DONG,B1F,500x600,6366,,1.9097
800X900-B1F-DONG-0010,800X900,보(Y),DONG,B1F,800x900,7900,,5.688
500X600-B1F-DONG-0379,500X600,보(Y),DONG,B1F,500x600,8100,,2.43
500X600-B1F-DONG-0380,500X600,보(Y),DONG,B1F,500x600,8100,,2.43
400X800-B1F-DONG-0022,400X800,보(Y),DONG,B1F,400x800,2134,,0.6828
500X600-B1F-DONG-0381,500X600,보(X),DONG,B1F,500x600,7250,,2.175
500X600-B1F-DONG-0382,500X600,보(X),DONG,B1F,500x600,7250,,2.175
500X600-B1F-DONG-0383,500X600,보(X),DONG,B1F,500x600,7570,,2.271
500X600-B1F-DONG-0384,500X600,보(X),DONG,B1F,500x600,7700,,2.31
600X600-B1F-DONG-0013,600X600,보(Y),DONG,B1F,600x600,9210,,3.3156
600X600-B1F-DONG-0014,600X600,보(Y),DONG,B1F,600x600,9210,,3.3156
500X600-B1F-DONG-0385,500X600,보(Y),DONG,B1F,500x600,8050,,2.415
500X600-B1F-DONG-0386,500X600,보(Y),DONG,B1F,500x600,9210,,2.763
500X600-B1F-DONG-0387,500X600,보(Y),DONG,B1F,500x600,8100,,2.43
500X600-B1F-DONG-0388,500X600,보(Y),DONG,B1F,500x600,8050,,2.415
600X600-B1F-DONG-0015,600X600,보(X),DONG,B1F,600x600,7250,,2.61
600X600-B1F-DONG-0016,600X600,보(X),DONG,B1F,600x600,7250,,2.61
700X1700-B1F-DONG-0002,700X1700,보(Y),DONG,B1F,700x1700,569,,0.6769
500X600-B1F-DONG-0389,500X600,보(Y),DONG,B1F,500x600,8100,,2.43
500X600-B1F-DONG-0390,500X600,보(Y),DONG,B1F,500x600,8047,,2.414
500X600-B1F-DONG-0391,500X600,보(X),DONG,B1F,500x600,7302,,2.1907
500X600-B1F-DONG-0392,500X600,보(X),DONG,B1F,500x600,7382,,2.2147
500X600-B1F-DONG-0393,500X600,보(X),DONG,B1F,500x600,10335,,3.1004
400X800-B1F-DONG-0023,400X800,보(X),DONG,B1F,400x800,1825,,0.584
500X600-B1F-DONG-0394,500X600,보(X),DONG,B1F,500x600,7800,,2.34
500X600-B1F-DONG-0395,500X600,보(Y),DONG,B1F,500x600,4000,,1.2
500X600-B1F-DONG-0396,500X600,보(Y),DONG,B1F,500x600,3997,,1.199
500X600-B1F-DONG-0397,500X600,보(X),DONG,B1F,500x600,3917,,1.175
500X600-B1F-DONG-0398,500X600,보(X),DONG,B1F,500x600,7250,,2.175
400X800-B1F-DONG-0024,400X800,보(Y),DONG,B1F,400x800,1990,,0.6368
400X800-B1F-DONG-0025,400X800,보(Y),DONG,B1F,400x800,1990,,0.6368
500X600-B1F-DONG-0399,500X600,보(Y),DONG,B1F,500x600,4250,,1.275
500X600-B1F-DONG-0400,500X600,보(Y),DONG,B1F,500x600,1468,,0.4405
400X800-B1F-DONG-0026,400X800,보(Y),DONG,B1F,400x800,2566,,0.8212
400X800-B1F-DONG-0027,400X800,보(Y),DONG,B1F,400x800,2002,,0.6407
400X800-B1F-DONG-0028,400X800,보(Y),DONG,B1F,400x800,2002,,0.6407
500X600-B1F-DONG-0401,500X600,보(X),DONG,B1F,500x600,6616,,1.9848
500X600-B1F-DONG-0402,500X600,보(X),DONG,B1F,500x600,6565,,1.9695
400X800-B1F-DONG-0029,400X800,보(X),DONG,B1F,400x800,2020,,0.6464
400X800-B1F-DONG-0030,400X800,보(X),DONG,B1F,400x800,2002,,0.6406
400X800-B1F-DONG-0031,400X800,보(Y),DONG,B1F,400x800,1282,,0.4103
400X800-B1F-DONG-0032,400X800,보(Y),DONG,B1F,400x800,1158,,0.3704
500X600-B1F-DONG-0403,500X600,보(X),DONG,B1F,500x600,7800,,2.34
500X600-B1F-DONG-0404,500X600,보(X),DONG,B1F,500x600,7800,,2.34
500X600-B1F-DONG-0405,500X600,보(X),DONG,B1F,500x600,5150,,1.545
500X600-B1F-DONG-0406,500X600,보(X),DONG,B1F,500x600,5150,,1.545
500X600-B1F-DONG-0407,500X600,보(X),DONG,B1F,500x600,6648,,1.9944
500X600-B1F-DONG-0408,500X600,보(X),DONG,B1F,500x600,4643,,1.3928
400X800-B1F-DONG-0033,400X800,보(X),DONG,B1F,400x800,1247,,0.399
400X800-B1F-DONG-0034,400X800,보(X),DONG,B1F,400x800,1020,,0.3265
400X800-B1F-DONG-0035,400X800,보(X),DONG,B1F,400x800,999,,0.3198
500X600-B1F-DONG-0409,500X600,보(Y),DONG,B1F,500x600,7898,,2.3693
500X600-B1F-DONG-0410,500X600,보(Y),DONG,B1F,500x600,7900,,2.37
500X600-B1F-DONG-0411,500X600,보(Y),DONG,B1F,500x600,7900,,2.37
500X600-B1F-DONG-0412,500X600,보(Y),DONG,B1F,500x600,7900,,2.37
400X900-B1F-DONG-0002,400X900,보(Y),DONG,B1F,400x900,7660,,2.7574
400X900-B1F-DONG-0003,400X900,보(Y),DONG,B1F,400x900,7638,,2.7497
500X600-B1F-DONG-0413,500X600,보(Y),DONG,B1F,500x600,7600,,2.28
500X600-B1F-DONG-0414,500X600,보(Y),DONG,B1F,500x600,7601,,2.2803
500X600-B1F-DONG-0415,500X600,보(Y),DONG,B1F,500x600,7932,,2.3795
500X600-B1F-DONG-0416,500X600,보(Y),DONG,B1F,500x600,7588,,2.2764
500X600-B1F-DONG-0417,500X600,보(Y),DONG,B1F,500x600,7267,,2.1802
400X800-B1F-DONG-0036,400X800,보(Y),DONG,B1F,400x800,2051,,0.6563
500X600-B1F-DONG-0418,500X600,보(Y),DONG,B1F,500x600,8122,,2.4367
500X600-B1F-DONG-0419,500X600,보(X),DONG,B1F,500x600,5885,,1.7656
500X600-B1F-DONG-0420,500X600,보(X),DONG,B1F,500x600,5727,,1.7182
500X600-B1F-DONG-0421,500X600,보(Y),DONG,B1F,500x600,5781,,1.7342
400X800-B1F-DONG-0037,400X800,보(X),DONG,B1F,400x800,2005,,0.6418
400X800-B1F-DONG-0038,400X800,보(X),DONG,B1F,400x800,2005,,0.6418
700X600-B1F-DONG-0003,700X600,보(X),DONG,B1F,700x600,5684,,2.3871
900X900-B1F-DONG-0005,900X900,보(X),DONG,B1F,900x900,7422,,6.012
900X900-B1F-DONG-0006,900X900,보(X),DONG,B1F,900x900,7460,,6.0429
900X900-B1F-DONG-0007,900X900,보(X),DONG,B1F,900x900,7479,,6.0577
500X600-B1F-DONG-0422,500X600,보(X),DONG,B1F,500x600,5135,,1.5406
500X600-B1F-DONG-0423,500X600,보(X),DONG,B1F,500x600,5029,,1.5087
500X600-B1F-DONG-0424,500X600,보(X),DONG,B1F,500x600,5606,,1.6818
500X900-B1F-DONG-0014,500X900,보(X),DONG,B1F,500x900,5718,,2.573
500X600-B1F-DONG-0425,500X600,보(X),DONG,B1F,500x600,7722,,2.3166
500X600-B1F-DONG-0426,500X600,보(X),DONG,B1F,500x600,7868,,2.3604
500X600-B1F-DONG-0427,500X600,보(Y),DONG,B1F,500x600,7308,,2.1925
500X600-B1F-DONG-0428,500X600,보(X),DONG,B1F,500x600,8000,,2.4
500X600-B1F-DONG-0429,500X600,보(X),DONG,B1F,500x600,7950,,2.385
500X600-B1F-DONG-0430,500X600,보(X),DONG,B1F,500x600,4717,,1.4152
500X600-B1F-DONG-0431,500X600,보(X),DONG,B1F,500x600,5060,,1.5181
400X800-B1F-DONG-0039,400X800,보(Y),DONG,B1F,400x800,2393,,0.7657
400X800-B1F-DONG-0040,400X800,보(Y),DONG,B1F,400x800,2112,,0.676
500X600-B1F-DONG-0432,500X600,보(X),DONG,B1F,500x600,7800,,2.34
500X600-B1F-DONG-0433,500X600,보(X),DONG,B1F,500x600,7800,,2.34
500X600-B1F-DONG-0434,500X600,보(X),DONG,B1F,500x600,5300,,1.59
500X600-B1F-DONG-0435,500X600,보(X),DONG,B1F,500x600,5150,,1.545
500X600-B1F-DONG-0436,500X600,보(X),DONG,B1F,500x600,7000,,2.1
500X600-B1F-DONG-0437,500X600,보(X),DONG,B1F,500x600,6892,,2.0675
400X800-B1F-DONG-0041,400X800,보(Y),DONG,B1F,400x800,56700,,18.144
400X800-B1F-DONG-0042,400X800,보(Y),DONG,B1F,400x800,4100,,1.312
600X1000-B1F-DONG-0001,600X1000,보(Y),DONG,B1F,600x1000,3902,,2.341
600X1000-B1F-DONG-0002,600X1000,보(Y),DONG,B1F,600x1000,7003,,4.2017
500X600-B1F-DONG-0438,500X600,보(Y),DONG,B1F,500x600,7296,,2.1887
500X600-B1F-DONG-0439,500X600,보(Y),DONG,B1F,500x600,7700,,2.31
500X600-B1F-DONG-0440,500X600,보(Y),DONG,B1F,500x600,7600,,2.28
400X800-B1F-DONG-0043,400X800,보(Y),DONG,B1F,400x800,3500,,1.12
400X800-B1F-DONG-0044,400X800,보(Y),DONG,B1F,400x800,7600,,2.432
500X600-B1F-DONG-0441,500X600,보(X),DONG,B1F,500x600,7800,,2.34
500X600-B1F-DONG-0442,500X600,보(X),DONG,B1F,500x600,7800,,2.34
400X800-B1F-DONG-0045,400X800,보(Y),DONG,B1F,400x800,3800,,1.216
400X800-B1F-DONG-0046,400X800,보(Y),DONG,B1F,400x800,3800,,1.216
500X600-B1F-DONG-0443,500X600,보(Y),DONG,B1F,500x600,7900,,2.37
500X600-B1F-DONG-0444,500X600,보(X),DONG,B1F,500x600,5200,,1.56
500X600-B1F-DONG-0445,500X600,보(X),DONG,B1F,500x600,5200,,1.56
500X600-B1F-DONG-0446,500X600,보(Y),DONG,B1F,500x600,7900,,2.37
500X600-B1F-DONG-0447,500X600,보(X),DONG,B1F,500x600,7800,,2.34
500X600-B1F-DONG-0448,500X600,보(X),DONG,B1F,500x600,7800,,2.34
500X600-B1F-DONG-0449,500X600,보(X),DONG,B1F,500x600,7800,,2.34
500X600-B1F-DONG-0450,500X600,보(X),DONG,B1F,500x600,7800,,2.34
500X600-B1F-DONG-0451,500X600,보(X),DONG,B1F,500x600,7800,,2.34
500X600-B1F-DONG-0452,500X600,보(X),DONG,B1F,500x600,7800,,2.34
500X600-B1F-DONG-0453,500X600,보(X),DONG,B1F,500x600,7800,,2.34
500X600-B1F-DONG-0454,500X600,보(X),DONG,B1F,500x600,7800,,2.34
500X600-B1F-DONG-0455,500X600,보(Y),DONG,B1F,500x600,8000,,2.4
500X600-B1F-DONG-0456,500X600,보(Y),DONG,B1F,500x600,8000,,2.4
500X600-B1F-DONG-0457,500X600,보(Y),DONG,B1F,500x600,7300,,2.19
400X800-B1F-DONG-0047,400X800,보(Y),DONG,B1F,400x800,4750,,1.52
400X800-B1F-DONG-0048,400X800,보(X),DONG,B1F,400x800,15342,,4.9094
500X600-B1F-DONG-0458,500X600,보(X),DONG,B1F,500x600,7800,,2.3401
400X800-B1F-DONG-0049,400X800,보(X),DONG,B1F,400x800,5150,,1.648
400X800-B1F-DONG-0050,400X800,보(X),DONG,B1F,400x800,1292,,0.4134
400X800-B1F-DONG-0051,400X800,보(Y),DONG,B1F,400x800,610,,0.1952
400X800-B1F-DONG-0052,400X800,보(Y),DONG,B1F,400x800,1110,,0.3552
500X600-B1F-DONG-0459,500X600,보(X),DONG,B1F,500x600,5200,,1.56
500X600-B1F-DONG-0460,500X600,보(X),DONG,B1F,500x600,5200,,1.56
500X600-B1F-DONG-0461,500X600,보(X),DONG,B1F,500x600,5200,,1.56
500X600-B1F-DONG-0462,500X600,보(X),DONG,B1F,500x600,5200,,1.56
500X600-B1F-DONG-0463,500X600,보(X),DONG,B1F,500x600,5200,,1.56
500X600-B1F-DONG-0464,500X600,보(X),DONG,B1F,500x600,5200,,1.56
500X600-B1F-DONG-0465,500X600,보(X),DONG,B1F,500x600,5150,,1.545
500X600-B1F-DONG-0466,500X600,보(X),DONG,B1F,500x600,5200,,1.56
400X800-B1F-DONG-0053,400X800,보(Y),DONG,B1F,400x800,4750,,1.52
500X600-B1F-DONG-0467,500X600,보(Y),DONG,B1F,500x600,7300,,2.19
500X600-B1F-DONG-0468,500X600,보(Y),DONG,B1F,500x600,8000,,2.4
500X600-B1F-DONG-0469,500X600,보(Y),DONG,B1F,500x600,8000,,2.4
500X600-B1F-DONG-0470,500X600,보(Y),DONG,B1F,500x600,4750,,1.425
500X600-B1F-DONG-0471,500X600,보(Y),DONG,B1F,500x600,2950,,0.885
500X600-B1F-DONG-0472,500X600,보(X),DONG,B1F,500x600,6900,,2.07
500X600-B1F-DONG-0473,500X600,보(X),DONG,B1F,500x600,7000,,2.1
500X600-B1F-DONG-0474,500X600,보(X),DONG,B1F,500x600,5100,,1.53
500X600-B1F-DONG-0475,500X600,보(X),DONG,B1F,500x600,5200,,1.56
500X600-B1F-DONG-0476,500X600,보(X),DONG,B1F,500x600,7900,,2.37
500X600-B1F-DONG-0477,500X600,보(X),DONG,B1F,500x600,8000,,2.4
500X600-B1F-DONG-0478,500X600,보(Y),DONG,B1F,500x600,2950,,0.885
500X600-B1F-DONG-0479,500X600,보(Y),DONG,B1F,500x600,2950,,0.885
500X600-B1F-DONG-0480,500X600,보(Y),DONG,B1F,500x600,2950,,0.885
500X600-B1F-DONG-0481,500X600,보(Y),DONG,B1F,500x600,2950,,0.885
500X600-B1F-DONG-0482,500X600,보(Y),DONG,B1F,500x600,2950,,0.885
500X600-B1F-DONG-0483,500X600,보(Y),DONG,B1F,500x600,2950,,0.885
500X600-B1F-DONG-0484,500X600,보(X),DONG,B1F,500x600,5000,,1.5
500X600-B1F-DONG-0485,500X600,보(X),DONG,B1F,500x600,5050,,1.515
600X1500-B1F-DONG-0005,600X1500,보(X),DONG,B1F,600x1500,1682,,1.5135
500X600-B1F-DONG-0486,500X600,보(X),DONG,B1F,500x600,1749,,0.5246
500X600-B1F-DONG-0487,500X600,보(Y),DONG,B1F,500x600,576,,0.1727
400X800-B1F-DONG-0054,400X800,보(Y),DONG,B1F,400x800,995,,0.3184
500X600-B1F-DONG-0488,500X600,보(X),DONG,B1F,500x600,4310,,1.2931
500X600-B1F-DONG-0489,500X600,보(X),DONG,B1F,500x600,4310,,1.2931
500X600-B1F-DONG-0490,500X600,보(X),DONG,B1F,500x600,4500,,1.35
500X600-B1F-DONG-0491,500X600,보(X),DONG,B1F,500x600,4310,,1.2931
500X900-B1F-DONG-0015,500X900,보(X),DONG,B1F,500x900,5050,,2.2725
500X600-B1F-DONG-0492,500X600,보(X),DONG,B1F,500x600,5100,,1.53
500X600-B1F-DONG-0493,500X600,보(X),DONG,B1F,500x600,7500,,2.25
500X600-B1F-DONG-0494,500X600,보(X),DONG,B1F,500x600,7461,,2.2383
500X600-B1F-DONG-0495,500X600,보(Y),DONG,B1F,500x600,8775,,2.6324
500X600-B1F-DONG-0496,500X600,보(Y),DONG,B1F,500x600,8950,,2.685
500X600-B1F-DONG-0497,500X600,보(Y),DONG,B1F,500x600,6504,,1.9512
500X600-B1F-DONG-0498,500X600,보(Y),DONG,B1F,500x600,6350,,1.905
500X600-B1F-DONG-0499,500X600,보(X),DONG,B1F,500x600,5264,,1.5792
500X600-B1F-DONG-0500,500X600,보(X),DONG,B1F,500x600,5264,,1.5792
500X600-B1F-DONG-0501,500X600,보(X),DONG,B1F,500x600,7500,,2.25
500X600-B1F-DONG-0502,500X600,보(X),DONG,B1F,500x600,7500,,2.25
500X600-B1F-DONG-0503,500X600,보(Y),DONG,B1F,500x600,4124,,1.2372
500X600-B1F-DONG-0504,500X600,보(Y),DONG,B1F,500x600,3704,,1.1113
500X600-B1F-DONG-0505,500X600,보(X),DONG,B1F,500x600,4500,,1.35
500X600-B1F-DONG-0506,500X600,보(X),DONG,B1F,500x600,4415,,1.3244
500X600-B1F-DONG-0507,500X600,보(Y),DONG,B1F,500x600,6350,,1.905
500X600-B1F-DONG-0508,500X600,보(Y),DONG,B1F,500x600,6350,,1.905
500X600-B1F-DONG-0509,500X600,보(Y),DONG,B1F,500x600,6350,,1.905
500X600-B1F-DONG-0510,500X600,보(Y),DONG,B1F,500x600,5600,,1.68
400X800-B1F-DONG-0055,400X800,보(X),DONG,B1F,400x800,7796,,2.4946
400X800-B1F-DONG-0056,400X800,보(X),DONG,B1F,400x800,7200,,2.304
400X800-B1F-DONG-0057,400X800,보(Y),DONG,B1F,400x800,1167,,0.3736
400X800-B1F-DONG-0058,400X800,보(X),DONG,B1F,400x800,4162,,1.3318
700X900-B1F-DONG-0005,700X900,보(X),DONG,B1F,700x900,4058,,2.5567
500X900-B1F-DONG-0016,500X900,보(Y),DONG,B1F,500x900,7850,,3.5325
500X600-B1F-DONG-0511,500X600,보(Y),DONG,B1F,500x600,6663,,1.9988
600X2000-B1F-DONG-0001,600X2000,보(X),DONG,B1F,600x2000,2772,,3.3263
600X2000-B1F-DONG-0002,600X2000,보(X),DONG,B1F,600x2000,2772,,3.3263
400X800-B1F-DONG-0059,400X800,보(Y),DONG,B1F,400x800,1300,,0.416
600X900_EST-B1F-DONG-0001,600X900_EST,보(X),DONG,B1F,600x900,23200,,12.528
600X900_EST-B1F-DONG-0002,600X900_EST,보(X),DONG,B1F,600x900,8050,,4.347
500X600-B1F-DONG-0512,500X600,보(Y),DONG,B1F,500x600,4100,,1.23
400X800-B1F-DONG-0060,400X800,보(Y),DONG,B1F,400x800,3000,,0.96
400X900_EST-B1F-DONG-0001,400X900_EST,보(X),DONG,B1F,400x900,6250,,2.25
600X900_EST-B1F-DONG-0003,600X900_EST,보(X),DONG,B1F,600x900,7900,,4.266
700X900-B1F-DONG-0006,700X900,보(Y),DONG,B1F,700x900,10200,,6.4257
400X800-B1F-DONG-0061,400X800,보(X),DONG,B1F,400x800,4262,,1.364
400X800-B1F-DONG-0062,400X800,보(Y),DONG,B1F,400x800,6128,,1.961
400X800-B1F-DONG-0063,400X800,보(X),DONG,B1F,400x800,3638,,1.1641
700X900-B1F-DONG-0007,700X900,보(Y),DONG,B1F,700x900,5409,,3.4074
500X600-B1F-DONG-0513,500X600,보(X),DONG,B1F,500x600,3006,,0.9019
500X600-B1F-DONG-0514,500X600,보(X),DONG,B1F,500x600,3131,,0.9393
900X900-B1F-DONG-0008,900X900,보(Y),DONG,B1F,900x900,7700,,6.237
500X600-B1F-DONG-0515,500X600,보(X),DONG,B1F,500x600,7790,,2.337
500X600-B1F-DONG-0516,500X600,보(X),DONG,B1F,500x600,7790,,2.337
400X800-B1F-DONG-0064,400X800,보(Y),DONG,B1F,400x800,2183,,0.6984
400X800-B1F-DONG-0065,400X800,보(X),DONG,B1F,400x800,32841,,10.509
1000X900-B1F-DONG-0001,1000X900,보(X),DONG,B1F,1000x900,8028,,7.2256
400X900-B1F-DONG-0004,400X900,보(Y),DONG,B1F,400x900,41245,,14.8483
400X800-B1F-DONG-0066,400X800,보(X),DONG,B1F,400x800,5750,,1.84
400X800-B1F-DONG-0067,400X800,보(X),DONG,B1F,400x800,5700,,1.824
400X800-B1F-DONG-0068,400X800,보(X),DONG,B1F,400x800,5200,,1.664
500X700-B1F-DONG-0002,500X700,보(X),DONG,B1F,500x700,5700,,1.995
400X800-B1F-DONG-0069,400X800,보(Y),DONG,B1F,400x800,2520,,0.8064
400X800-B1F-DONG-0070,400X800,보(Y),DONG,B1F,400x800,3020,,0.9664
400X800-B1F-DONG-0071,400X800,보(X),DONG,B1F,400x800,5100,,1.632
400X800-B1F-DONG-0072,400X800,보(Y),DONG,B1F,400x800,3020,,0.9664
400X800-B1F-DONG-0073,400X800,보(Y),DONG,B1F,400x800,3020,,0.9664
500X700-B1F-DONG-0003,500X700,보(X),DONG,B1F,500x700,6150,,2.1525
500X700-B1F-DONG-0004,500X700,보(Y),DONG,B1F,500x700,1950,,0.6825
600X900_EST-B1F-DONG-0004,600X900_EST,보(Y),DONG,B1F,600x900,9510,,5.1354
400X800-B1F-DONG-0074,400X800,보(X),DONG,B1F,400x800,17400,,5.568
400X800-B1F-DONG-0075,400X800,보(Y),DONG,B1F,400x800,4792,,1.5336
400X800-B1F-DONG-0076,400X800,보(Y),DONG,B1F,400x800,4125,,1.3199
400X800-B1F-DONG-0077,400X800,보(X),DONG,B1F,400x800,6021,,1.9268
600X900-B1F-DONG-0020,600X900,보(Y),DONG,B1F,600x900,5382,,2.9065
400X800-B1F-DONG-0078,400X800,보(X),DONG,B1F,400x800,7158,,2.2907
400X800-B1F-DONG-0079,400X800,보(X),DONG,B1F,400x800,7283,,2.3306
400X900_EST-B1F-DONG-0002,400X900_EST,보(X),DONG,B1F,400x900,6100,,2.196
400X900_EST-B1F-DONG-0003,400X900_EST,보(X),DONG,B1F,400x900,6600,,2.376
400X900_EST-B1F-DONG-0004,400X900_EST,보(Y),DONG,B1F,400x900,2650,,0.954
1100X900-B1F-DONG-0001,1100X900,보(X),DONG,B1F,1100x900,5010,,4.9597
1100X900-B1F-DONG-0002,1100X900,보(X),DONG,B1F,1100x900,2550,,2.5247
500X600-B1F-DONG-0517,500X600,보(Y),DONG,B1F,500x600,2520,,0.756
400X800-B1F-DONG-0080,400X800,보(Y),DONG,B1F,400x800,10710,,3.4272
400X800-B1F-DONG-0081,400X800,보(Y),DONG,B1F,400x800,9710,,3.1072
400X800-B1F-DONG-0082,400X800,보(Y),DONG,B1F,400x800,2650,,0.848
400X900_EST-B1F-DONG-0005,400X900_EST,보(X),DONG,B1F,400x900,1842,,0.6633
500X600-B1F-DONG-0518,500X600,보(Y),DONG,B1F,500x600,1091,,0.3274
400X900_EST-B1F-DONG-0006,400X900_EST,보(Y),DONG,B1F,400x900,2000,,0.72
400X800-B1F-DONG-0083,400X800,보(Y),DONG,B1F,400x800,4560,,1.4592
400X800-B1F-DONG-0084,400X800,보(Y),DONG,B1F,400x800,4700,,1.5039
500X600-B1F-DONG-0519,500X600,보(Y),DONG,B1F,500x600,1123,,0.337
500X600-B1F-DONG-0520,500X600,보(X),DONG,B1F,500x600,4950,,1.485
600X900-B1F-DONG-0021,600X900,보(Y),DONG,B1F,600x900,5400,,2.916
1100X900-B1F-DONG-0003,1100X900,보(X),DONG,B1F,1100x900,5202,,5.1503
700X900-B1F-DONG-0008,700X900,보(Y),DONG,B1F,700x900,3866,,2.4356
500X600-B1F-DONG-0521,500X600,보(X),DONG,B1F,500x600,2310,,0.693
400X800-B1F-DONG-0085,400X800,보(X),DONG,B1F,400x800,700,,0.224
600X900_EST-B1F-DONG-0005,600X900_EST,보(Y),DONG,B1F,600x900,7800,,4.212
400X800-B1F-DONG-0086,400X800,보(X),DONG,B1F,400x800,700,,0.224
700X600-B1F-DONG-0004,700X600,보(Y),DONG,B1F,700x600,7800,,3.276
400X800-B1F-DONG-0087,400X800,보(X),DONG,B1F,400x800,700,,0.224
700X600-B1F-DONG-0005,700X600,보(Y),DONG,B1F,700x600,7800,,3.276
400X800-B1F-DONG-0088,400X800,보(X),DONG,B1F,400x800,700,,0.224
400X800-B1F-DONG-0089,400X800,보(X),DONG,B1F,400x800,700,,0.224
900X900-B1F-DONG-0009,900X900,보(Y),DONG,B1F,900x900,7800,,6.318
400X800-B1F-DONG-0090,400X800,보(X),DONG,B1F,400x800,700,,0.224
400X800-B1F-DONG-0091,400X800,보(X),DONG,B1F,400x800,700,,0.224
700X600-B1F-DONG-0006,700X600,보(Y),DONG,B1F,700x600,7600,,3.192
900X900-B1F-DONG-0010,900X900,보(X),DONG,B1F,900x900,700,,0.567
400X800-B1F-DONG-0092,400X800,보(X),DONG,B1F,400x800,700,,0.224
700X600-B1F-DONG-0007,700X600,보(Y),DONG,B1F,700x600,7400,,3.108
400X800-B1F-DONG-0093,400X800,보(X),DONG,B1F,400x800,700,,0.224
400X800-B1F-DONG-0094,400X800,보(X),DONG,B1F,400x800,700,,0.224
700X600-B1F-DONG-0008,700X600,보(Y),DONG,B1F,700x600,7600,,3.192
400X800-B1F-DONG-0095,400X800,보(X),DONG,B1F,400x800,700,,0.224
400X800-B1F-DONG-0096,400X800,보(X),DONG,B1F,400x800,700,,0.224
800X900-B1F-DONG-0011,800X900,보(Y),DONG,B1F,800x900,7600,,5.472
400X800-B1F-DONG-0097,400X800,보(X),DONG,B1F,400x800,700,,0.224
400X800-B1F-DONG-0098,400X800,보(X),DONG,B1F,400x800,700,,0.224
700X600-B1F-DONG-0009,700X600,보(Y),DONG,B1F,700x600,7400,,3.108
400X800-B1F-DONG-0099,400X800,보(X),DONG,B1F,400x800,700,,0.224
400X800-B1F-DONG-0100,400X800,보(X),DONG,B1F,400x800,700,,0.224
500X900-B1F-DONG-0017,500X900,보(Y),DONG,B1F,500x900,7600,,3.42
400X800-B1F-DONG-0101,400X800,보(X),DONG,B1F,400x800,700,,0.224
400X800-B1F-DONG-0102,400X800,보(X),DONG,B1F,400x800,700,,0.224
700X600-B1F-DONG-0010,700X600,보(Y),DONG,B1F,700x600,7600,,3.192
400X800-B1F-DONG-0103,400X800,보(X),DONG,B1F,400x800,700,,0.224
400X800-B1F-DONG-0104,400X800,보(X),DONG,B1F,400x800,700,,0.224
700X600-B1F-DONG-0011,700X600,보(Y),DONG,B1F,700x600,7400,,3.108
400X800-B1F-DONG-0105,400X800,보(X),DONG,B1F,400x800,700,,0.224
400X800-B1F-DONG-0106,400X800,보(X),DONG,B1F,400x800,700,,0.224
600X900-B1F-DONG-0022,600X900,보(Y),DONG,B1F,600x900,7600,,4.104
400X800-B1F-DONG-0107,400X800,보(X),DONG,B1F,400x800,700,,0.224
400X800-B1F-DONG-0108,400X800,보(X),DONG,B1F,400x800,700,,0.224
700X600-B1F-DONG-0012,700X600,보(Y),DONG,B1F,700x600,7600,,3.192
400X800-B1F-DONG-0109,400X800,보(X),DONG,B1F,400x800,700,,0.224
400X800-B1F-DONG-0110,400X800,보(X),DONG,B1F,400x800,700,,0.224
700X600-B1F-DONG-0013,700X600,보(Y),DONG,B1F,700x600,7400,,3.108
400X800-B1F-DONG-0111,400X800,보(X),DONG,B1F,400x800,700,,0.224
400X800-B1F-DONG-0112,400X800,보(X),DONG,B1F,400x800,700,,0.224
700X600-B1F-DONG-0014,700X600,보(Y),DONG,B1F,700x600,7600,,3.192
400X800-B1F-DONG-0113,400X800,보(X),DONG,B1F,400x800,700,,0.224
400X800-B1F-DONG-0114,400X800,보(X),DONG,B1F,400x800,700,,0.224
700X600-B1F-DONG-0015,700X600,보(Y),DONG,B1F,700x600,7600,,3.192
400X800-B1F-DONG-0115,400X800,보(X),DONG,B1F,400x800,700,,0.224
400X800-B1F-DONG-0116,400X800,보(X),DONG,B1F,400x800,700,,0.224
700X600-B1F-DONG-0016,700X600,보(Y),DONG,B1F,700x600,7400,,3.108
400X800-B1F-DONG-0117,400X800,보(X),DONG,B1F,400x800,700,,0.224
400X800-B1F-DONG-0118,400X800,보(X),DONG,B1F,400x800,700,,0.224
400X800-B1F-DONG-0119,400X800,보(Y),DONG,B1F,400x800,7600,,2.432
400X800-B1F-DONG-0120,400X800,보(X),DONG,B1F,400x800,700,,0.224
400X800-B1F-DONG-0121,400X800,보(X),DONG,B1F,400x800,700,,0.224
700X600-B1F-DONG-0017,700X600,보(Y),DONG,B1F,700x600,7600,,3.192
400X800-B1F-DONG-0122,400X800,보(X),DONG,B1F,400x800,700,,0.224
400X800-B1F-DONG-0123,400X800,보(X),DONG,B1F,400x800,700,,0.224
700X600-B1F-DONG-0018,700X600,보(Y),DONG,B1F,700x600,8000,,3.36
400X800-B1F-DONG-0124,400X800,보(X),DONG,B1F,400x800,700,,0.224
400X800-B1F-DONG-0125,400X800,보(X),DONG,B1F,400x800,700,,0.224
700X600-B1F-DONG-0019,700X600,보(Y),DONG,B1F,700x600,3500,,1.4699
700X600-B1F-DONG-0020,700X600,보(X),DONG,B1F,700x600,700,,0.294
400X800-B1F-DONG-0126,400X800,보(X),DONG,B1F,400x800,700,,0.224
700X600-B1F-DONG-0021,700X600,보(Y),DONG,B1F,700x600,7800,,3.276
400X800-B1F-DONG-0127,400X800,보(X),DONG,B1F,400x800,700,,0.224
400X800-B1F-DONG-0128,400X800,보(X),DONG,B1F,400x800,700,,0.224
700X600-B1F-DONG-0022,700X600,보(Y),DONG,B1F,700x600,7800,,3.276
400X800-B1F-DONG-0129,400X800,보(X),DONG,B1F,400x800,700,,0.224
400X800-B1F-DONG-0130,400X800,보(X),DONG,B1F,400x800,700,,0.224
700X600-B1F-DONG-0023,700X600,보(Y),DONG,B1F,700x600,7700,,3.234
400X800-B1F-DONG-0131,400X800,보(X),DONG,B1F,400x800,700,,0.224
400X800-B1F-DONG-0132,400X800,보(X),DONG,B1F,400x800,700,,0.224
700X600-B1F-DONG-0024,700X600,보(Y),DONG,B1F,700x600,7000,,2.94
400X800-B1F-DONG-0133,400X800,보(X),DONG,B1F,400x800,700,,0.224
700X600-B1F-DONG-0025,700X600,보(Y),DONG,B1F,700x600,8000,,3.36
400X800-B1F-DONG-0134,400X800,보(X),DONG,B1F,400x800,700,,0.224
500X900-B1F-DONG-0018,500X900,보(Y),DONG,B1F,500x900,8000,,3.6
700X600-B1F-DONG-0026,700X600,보(Y),DONG,B1F,700x600,7900,,3.3179
400X800-B1F-DONG-0135,400X800,보(X),DONG,B1F,400x800,700,,0.224
700X600-B1F-DONG-0027,700X600,보(Y),DONG,B1F,700x600,7900,,3.3179
400X800-B1F-DONG-0136,400X800,보(X),DONG,B1F,400x800,700,,0.224
700X600-B1F-DONG-0028,700X600,보(Y),DONG,B1F,700x600,7700,,3.234
400X800-B1F-DONG-0137,400X800,보(X),DONG,B1F,400x800,700,,0.224
400X800-B1F-DONG-0138,400X800,보(X),DONG,B1F,400x800,700,,0.224
700X600-B1F-DONG-0029,700X600,보(Y),DONG,B1F,700x600,7000,,2.94
400X800-B1F-DONG-0139,400X800,보(X),DONG,B1F,400x800,700,,0.224
700X600-B1F-DONG-0030,700X600,보(Y),DONG,B1F,700x600,3600,,1.512
400X800-B1F-DONG-0140,400X800,보(X),DONG,B1F,400x800,700,,0.224
700X600-B1F-DONG-0031,700X600,보(Y),DONG,B1F,700x600,3600,,1.512
700X600-B1F-DONG-0032,700X600,보(X),DONG,B1F,700x600,700,,0.294
400X800-B1F-DONG-0141,400X800,보(X),DONG,B1F,400x800,700,,0.224
700X600-B1F-DONG-0033,700X600,보(Y),DONG,B1F,700x600,7800,,3.276
400X800-B1F-DONG-0142,400X800,보(X),DONG,B1F,400x800,700,,0.224
700X600-B1F-DONG-0034,700X600,보(Y),DONG,B1F,700x600,7900,,3.3179
400X800-B1F-DONG-0143,400X800,보(X),DONG,B1F,400x800,700,,0.224
700X600-B1F-DONG-0035,700X600,보(Y),DONG,B1F,700x600,7900,,3.3179
400X800-B1F-DONG-0144,400X800,보(X),DONG,B1F,400x800,700,,0.224
700X600-B1F-DONG-0036,700X600,보(Y),DONG,B1F,700x600,7700,,3.234
400X800-B1F-DONG-0145,400X800,보(X),DONG,B1F,400x800,700,,0.224
400X800-B1F-DONG-0146,400X800,보(X),DONG,B1F,400x800,700,,0.224
700X600-B1F-DONG-0037,700X600,보(Y),DONG,B1F,700x600,7000,,2.94
400X800-B1F-DONG-0147,400X800,보(X),DONG,B1F,400x800,700,,0.224
400X800-B1F-DONG-0148,400X800,보(X),DONG,B1F,400x800,700,,0.224
700X600-B1F-DONG-0038,700X600,보(Y),DONG,B1F,700x600,7600,,3.192
700X600-B1F-DONG-0039,700X600,보(Y),DONG,B1F,700x600,7700,,3.2339
400X800-B1F-DONG-0149,400X800,보(X),DONG,B1F,400x800,700,,0.224
700X600-B1F-DONG-0040,700X600,보(Y),DONG,B1F,700x600,7700,,3.2339
400X800-B1F-DONG-0150,400X800,보(X),DONG,B1F,400x800,700,,0.224
700X600-B1F-DONG-0041,700X600,보(Y),DONG,B1F,700x600,7700,,3.234
400X800-B1F-DONG-0151,400X800,보(X),DONG,B1F,400x800,700,,0.224
400X800-B1F-DONG-0152,400X800,보(X),DONG,B1F,400x800,700,,0.224
700X600-B1F-DONG-0042,700X600,보(Y),DONG,B1F,700x600,7000,,2.94
400X800-B1F-DONG-0153,400X800,보(X),DONG,B1F,400x800,700,,0.224
400X800-B1F-DONG-0154,400X800,보(X),DONG,B1F,400x800,700,,0.224
700X600-B1F-DONG-0043,700X600,보(Y),DONG,B1F,700x600,6900,,2.898
400X800-B1F-DONG-0155,400X800,보(X),DONG,B1F,400x800,700,,0.224
400X800-B1F-DONG-0156,400X800,보(X),DONG,B1F,400x800,700,,0.224
700X600-B1F-DONG-0044,700X600,보(Y),DONG,B1F,700x600,7700,,3.234
400X800-B1F-DONG-0157,400X800,보(X),DONG,B1F,400x800,700,,0.224
700X600-B1F-DONG-0045,700X600,보(Y),DONG,B1F,700x600,7600,,3.192
700X600-B1F-DONG-0046,700X600,보(Y),DONG,B1F,700x600,7500,,3.15
400X800-B1F-DONG-0158,400X800,보(X),DONG,B1F,400x800,700,,0.224
700X600-B1F-DONG-0047,700X600,보(Y),DONG,B1F,700x600,7500,,3.15
400X800-B1F-DONG-0159,400X800,보(X),DONG,B1F,400x800,700,,0.224
700X600-B1F-DONG-0048,700X600,보(Y),DONG,B1F,700x600,8100,,3.4021
400X800-B1F-DONG-0160,400X800,보(X),DONG,B1F,400x800,700,,0.224
700X900-B1F-DONG-0009,700X900,보(X),DONG,B1F,700x900,7418,,4.6734
700X900-B1F-DONG-0010,700X900,보(X),DONG,B1F,700x900,7240,,4.5614
700X900-B1F-DONG-0011,700X900,보(Y),DONG,B1F,700x900,7173,,4.5187
700X900-B1F-DONG-0012,700X900,보(Y),DONG,B1F,700x900,7337,,4.6225
700X900-B1F-DONG-0013,700X900,보(Y),DONG,B1F,700x900,7878,,4.963
700X900-B1F-DONG-0014,700X900,보(Y),DONG,B1F,700x900,7092,,4.4678
500X900-B1F-DONG-0019,500X900,보(Y),DONG,B1F,500x900,3500,,1.575
500X900-B1F-DONG-0020,500X900,보(Y),DONG,B1F,500x900,3500,,1.575
600X900-B1F-DONG-0023,600X900,보(X),DONG,B1F,600x900,6378,,3.4441
700X900-B1F-DONG-0015,700X900,보(X),DONG,B1F,700x900,5406,,3.406
700X900-B1F-DONG-0016,700X900,보(X),DONG,B1F,700x900,3536,,2.2277
500X900-B1F-DONG-0021,500X900,보(Y),DONG,B1F,500x900,7691,,3.461
500X900-B1F-DONG-0022,500X900,보(Y),DONG,B1F,500x900,4060,,1.8268
500X900-B1F-DONG-0023,500X900,보(X),DONG,B1F,500x900,5592,,2.5163
500X900-B1F-DONG-0024,500X900,보(X),DONG,B1F,500x900,5504,,2.4766
500X900-B1F-DONG-0025,500X900,보(X),DONG,B1F,500x900,4931,,2.2191
500X900-B1F-DONG-0026,500X900,보(X),DONG,B1F,500x900,4791,,2.156
500X900-B1F-DONG-0027,500X900,보(Y),DONG,B1F,500x900,3912,,1.7606
500X900-B1F-DONG-0028,500X900,보(Y),DONG,B1F,500x900,3877,,1.7448
500X900-B1F-DONG-0029,500X900,보(Y),DONG,B1F,500x900,3514,,1.5812
500X900-B1F-DONG-0030,500X900,보(Y),DONG,B1F,500x900,3479,,1.5655
500X900-B1F-DONG-0031,500X900,보(Y),DONG,B1F,500x900,2940,,1.3232
500X900-B1F-DONG-0032,500X900,보(Y),DONG,B1F,500x900,2905,,1.3075
500X900-B1F-DONG-0033,500X900,보(Y),DONG,B1F,500x900,1865,,0.8392
500X900-B1F-DONG-0034,500X900,보(Y),DONG,B1F,500x900,1900,,0.855
700X900-B1F-DONG-0017,700X900,보(Y),DONG,B1F,700x900,6213,,3.914
700X900-B1F-DONG-0018,700X900,보(Y),DONG,B1F,700x900,6622,,4.1719
500X900-B1F-DONG-0035,500X900,보(Y),DONG,B1F,500x900,2597,,1.1687
500X900-B1F-DONG-0036,500X900,보(Y),DONG,B1F,500x900,2512,,1.1304
500X900-B1F-DONG-0037,500X900,보(X),DONG,B1F,500x900,7830,,3.5235
500X900-B1F-DONG-0038,500X900,보(X),DONG,B1F,500x900,7480,,3.3661
500X900-B1F-DONG-0039,500X900,보(X),DONG,B1F,500x900,4020,,1.809
500X900-B1F-DONG-0040,500X900,보(X),DONG,B1F,500x900,3570,,1.6065
500X900-B1F-DONG-0041,500X900,보(X),DONG,B1F,500x900,5750,,2.5875
500X900-B1F-DONG-0042,500X900,보(X),DONG,B1F,500x900,5300,,2.385
500X900-B1F-DONG-0043,500X900,보(X),DONG,B1F,500x900,7000,,3.15
500X900-B1F-DONG-0044,500X900,보(X),DONG,B1F,500x900,6500,,2.9249
500X900-B1F-DONG-0045,500X900,보(X),DONG,B1F,500x900,7000,,3.15
500X900-B1F-DONG-0046,500X900,보(X),DONG,B1F,500x900,6750,,3.0374
700X900-B1F-DONG-0019,700X900,보(X),DONG,B1F,700x900,9470,,5.966
500X900-B1F-DONG-0047,500X900,보(X),DONG,B1F,500x900,7400,,3.33
500X900-B1F-DONG-0048,500X900,보(X),DONG,B1F,500x900,6900,,3.105
500X900-B1F-DONG-0049,500X900,보(X),DONG,B1F,500x900,7400,,3.33
500X900-B1F-DONG-0050,500X900,보(X),DONG,B1F,500x900,6900,,3.105
500X900-B1F-DONG-0051,500X900,보(X),DONG,B1F,500x900,16000,,7.2001
500X900-B1F-DONG-0052,500X900,보(X),DONG,B1F,500x900,6900,,3.105
500X900-B1F-DONG-0053,500X900,보(Y),DONG,B1F,500x900,7250,,3.2625
500X900-B1F-DONG-0054,500X900,보(Y),DONG,B1F,500x900,7150,,3.2175
700X900-B1F-DONG-0020,700X900,보(Y),DONG,B1F,700x900,7590,,4.7819
700X900-B1F-DONG-0021,700X900,보(Y),DONG,B1F,700x900,7441,,4.6876
700X900-B1F-DONG-0022,700X900,보(Y),DONG,B1F,700x900,7840,,4.9394
700X900-B1F-DONG-0023,700X900,보(Y),DONG,B1F,700x900,7590,,4.7819
900X900-B1F-DONG-0011,900X900,보(X),DONG,B1F,900x900,7991,,6.4723
900X900-B1F-DONG-0012,900X900,보(X),DONG,B1F,900x900,7640,,6.1884
700X900-B1F-DONG-0024,700X900,보(X),DONG,B1F,700x900,7800,,4.914
700X900-B1F-DONG-0025,700X900,보(X),DONG,B1F,700x900,7501,,4.7255
700X900-B1F-DONG-0026,700X900,보(X),DONG,B1F,700x900,7800,,4.914
700X900-B1F-DONG-0027,700X900,보(X),DONG,B1F,700x900,3519,,2.2167
700X900-B1F-DONG-0028,700X900,보(X),DONG,B1F,700x900,7800,,4.914
700X900-B1F-DONG-0029,700X900,보(X),DONG,B1F,700x900,7500,,4.725
600X900-B1F-DONG-0024,600X900,보(X),DONG,B1F,600x900,4901,,2.6463
600X900-B1F-DONG-0025,600X900,보(X),DONG,B1F,600x900,4750,,2.5652
700X900-B1F-DONG-0030,700X900,보(Y),DONG,B1F,700x900,8213,,5.1744
700X900-B1F-DONG-0031,700X900,보(Y),DONG,B1F,700x900,7840,,4.9394
500X900-B1F-DONG-0055,500X900,보(X),DONG,B1F,500x900,3281,,1.4763
500X900-B1F-DONG-0056,500X900,보(X),DONG,B1F,500x900,3572,,1.6072
1000X900-B1F-DONG-0002,1000X900,보(X),DONG,B1F,1000x900,7540,,6.786
1000X900-B1F-DONG-0003,1000X900,보(X),DONG,B1F,1000x900,7539,,6.7852
500X900-B1F-DONG-0057,500X900,보(Y),DONG,B1F,500x900,7550,,3.3976
500X900-B1F-DONG-0058,500X900,보(Y),DONG,B1F,500x900,7800,,3.51
600X900-B1F-DONG-0026,600X900,보(X),DONG,B1F,600x900,5100,,2.754
600X900-B1F-DONG-0027,600X900,보(X),DONG,B1F,600x900,5000,,2.7
600X900-B1F-DONG-0028,600X900,보(X),DONG,B1F,600x900,7800,,4.212
600X900-B1F-DONG-0029,600X900,보(X),DONG,B1F,600x900,7800,,4.212
500X900-B1F-DONG-0059,500X900,보(Y),DONG,B1F,500x900,4597,,2.0687
500X900-B1F-DONG-0060,500X900,보(Y),DONG,B1F,500x900,4700,,2.115
500X900-B1F-DONG-0061,500X900,보(X),DONG,B1F,500x900,30542,,13.7439
800X900-B1F-DONG-0012,800X900,보(X),DONG,B1F,800x900,7700,,5.544
800X900-B1F-DONG-0013,800X900,보(X),DONG,B1F,800x900,7500,,5.4
500X900-B1F-DONG-0062,500X900,보(Y),DONG,B1F,500x900,4097,,1.8437
500X900-B1F-DONG-0063,500X900,보(Y),DONG,B1F,500x900,3997,,1.7987
700X900-B1F-DONG-0032,700X900,보(Y),DONG,B1F,700x900,7353,,4.6323
700X900-B1F-DONG-0033,700X900,보(Y),DONG,B1F,700x900,7153,,4.5063
700X900-B1F-DONG-0034,700X900,보(Y),DONG,B1F,700x900,7353,,4.6323
700X900-B1F-DONG-0035,700X900,보(Y),DONG,B1F,700x900,7150,,4.5045
1100X900-B1F-DONG-0004,1100X900,보(X),DONG,B1F,1100x900,7500,,7.425
1100X900-B1F-DONG-0005,1100X900,보(X),DONG,B1F,1100x900,7700,,7.623
500X600-B1F-DONG-0522,500X600,보(X),DONG,B1F,500x600,7800,,2.3401
500X600-B1F-DONG-0523,500X600,보(X),DONG,B1F,500x600,7800,,2.34
700X900-B1F-DONG-0036,700X900,보(X),DONG,B1F,700x900,5000,,3.1499
700X900-B1F-DONG-0037,700X900,보(X),DONG,B1F,700x900,5200,,3.276
700X900-B1F-DONG-0038,700X900,보(X),DONG,B1F,700x900,5200,,3.276
1100X900-B1F-DONG-0006,1100X900,보(X),DONG,B1F,1100x900,7700,,7.623
1100X900-B1F-DONG-0007,1100X900,보(X),DONG,B1F,1100x900,7600,,7.524
500X600-B1F-DONG-0524,500X600,보(X),DONG,B1F,500x600,7800,,2.34
500X900-B1F-DONG-0064,500X900,보(Y),DONG,B1F,500x900,7850,,3.5325
500X600-B1F-DONG-0525,500X600,보(X),DONG,B1F,500x600,7800,,2.34
700X900-B1F-DONG-0039,700X900,보(X),DONG,B1F,700x900,4800,,3.0239
500X900-B1F-DONG-0065,500X900,보(Y),DONG,B1F,500x900,8000,,3.6
500X900-B1F-DONG-0066,500X900,보(Y),DONG,B1F,500x900,7800,,3.51
500X900-B1F-DONG-0067,500X900,보(Y),DONG,B1F,500x900,7600,,3.42
500X900-B1F-DONG-0068,500X900,보(Y),DONG,B1F,500x900,7650,,3.4425
500X900-B1F-DONG-0069,500X900,보(Y),DONG,B1F,500x900,3502,,1.576
500X900-B1F-DONG-0070,500X900,보(Y),DONG,B1F,500x900,3650,,1.6425
700X900-B1F-DONG-0040,700X900,보(X),DONG,B1F,700x900,4800,,3.024
500X900-B1F-DONG-0071,500X900,보(Y),DONG,B1F,500x900,7800,,3.51
700X900-B1F-DONG-0041,700X900,보(X),DONG,B1F,700x900,5200,,3.276
500X900-B1F-DONG-0072,500X900,보(Y),DONG,B1F,500x900,7200,,3.24
500X900-B1F-DONG-0073,500X900,보(Y),DONG,B1F,500x900,8000,,3.6
500X900-B1F-DONG-0074,500X900,보(Y),DONG,B1F,500x900,7500,,3.375
500X900-B1F-DONG-0075,500X900,보(Y),DONG,B1F,500x900,7901,,3.5556
500X900-B1F-DONG-0076,500X900,보(Y),DONG,B1F,500x900,7650,,3.4425
500X900-B1F-DONG-0077,500X900,보(Y),DONG,B1F,500x900,7550,,3.3975
500X900-B1F-DONG-0078,500X900,보(Y),DONG,B1F,500x900,3500,,1.575
500X900-B1F-DONG-0079,500X900,보(Y),DONG,B1F,500x900,3500,,1.575
700X900-B1F-DONG-0042,700X900,보(X),DONG,B1F,700x900,7800,,4.914
700X900-B1F-DONG-0043,700X900,보(X),DONG,B1F,700x900,7800,,4.914
800X900-B1F-DONG-0014,800X900,보(X),DONG,B1F,800x900,7800,,5.616
800X900-B1F-DONG-0015,800X900,보(X),DONG,B1F,800x900,7800,,5.616
600X900-B1F-DONG-0030,600X900,보(X),DONG,B1F,600x900,7800,,4.212
800X900-B1F-DONG-0016,800X900,보(X),DONG,B1F,800x900,7700,,5.544
700X900-B1F-DONG-0044,700X900,보(X),DONG,B1F,700x900,5200,,3.276
700X900-B1F-DONG-0045,700X900,보(X),DONG,B1F,700x900,5200,,3.276
500X900-B1F-DONG-0080,500X900,보(X),DONG,B1F,500x900,5200,,2.34
600X900-B1F-DONG-0031,600X900,보(X),DONG,B1F,600x900,5100,,2.754
1100X900-B1F-DONG-0008,1100X900,보(X),DONG,B1F,1100x900,7050,,6.9795
1100X900-B1F-DONG-0009,1100X900,보(X),DONG,B1F,1100x900,7250,,7.1775
500X900-B1F-DONG-0081,500X900,보(Y),DONG,B1F,500x900,6550,,2.9475
500X900-B1F-DONG-0082,500X900,보(Y),DONG,B1F,500x900,6550,,2.9475
700X900-B1F-DONG-0046,700X900,보(Y),DONG,B1F,700x900,4352,,2.7416
700X900-B1F-DONG-0047,700X900,보(Y),DONG,B1F,700x900,7150,,4.5045
500X900-B1F-DONG-0083,500X900,보(Y),DONG,B1F,500x900,7500,,3.375
500X900-B1F-DONG-0084,500X900,보(Y),DONG,B1F,500x900,7450,,3.3525
500X900-B1F-DONG-0085,500X900,보(Y),DONG,B1F,500x900,7550,,3.3975
500X900-B1F-DONG-0086,500X900,보(Y),DONG,B1F,500x900,7500,,3.375
900X900-B1F-DONG-0013,900X900,보(X),DONG,B1F,900x900,7600,,6.156
900X900-B1F-DONG-0014,900X900,보(X),DONG,B1F,900x900,7600,,6.156
1000X900-B1F-DONG-0004,1000X900,보(X),DONG,B1F,1000x900,7354,,6.6188
1000X900-B1F-DONG-0005,1000X900,보(X),DONG,B1F,1000x900,7354,,6.6188
600X900-B1F-DONG-0032,600X900,보(X),DONG,B1F,600x900,7650,,4.131
800X900-B1F-DONG-0017,800X900,보(X),DONG,B1F,800x900,7700,,5.544
600X900-B1F-DONG-0033,600X900,보(X),DONG,B1F,600x900,7400,,3.996
800X900-B1F-DONG-0018,800X900,보(X),DONG,B1F,800x900,7550,,5.436
500X900-B1F-DONG-0087,500X900,보(Y),DONG,B1F,500x900,3717,,1.6725
700X900-B1F-DONG-0048,700X900,보(Y),DONG,B1F,700x900,1070,,0.6741
800X900-B1F-DONG-0019,800X900,보(X),DONG,B1F,800x900,7600,,5.472
800X900-B1F-DONG-0020,800X900,보(X),DONG,B1F,800x900,7650,,5.508
800X900-B1F-DONG-0021,800X900,보(X),DONG,B1F,800x900,7450,,5.364
800X900-B1F-DONG-0022,800X900,보(X),DONG,B1F,800x900,7400,,5.328
700X900-B1F-DONG-0049,700X900,보(Y),DONG,B1F,700x900,3030,,1.9089
700X900-B1F-DONG-0050,700X900,보(Y),DONG,B1F,700x900,7571,,4.7696
700X900-B1F-DONG-0051,700X900,보(Y),DONG,B1F,700x900,3500,,2.205
700X900-B1F-DONG-0052,700X900,보(Y),DONG,B1F,700x900,7700,,4.851
700X900-B1F-DONG-0053,700X900,보(Y),DONG,B1F,700x900,7700,,4.851
500X900-B1F-DONG-0088,500X900,보(Y),DONG,B1F,500x900,7600,,3.42
500X900-B1F-DONG-0089,500X900,보(Y),DONG,B1F,500x900,7700,,3.465
500X900-B1F-DONG-0090,500X900,보(Y),DONG,B1F,500x900,7600,,3.42
500X900-B1F-DONG-0091,500X900,보(Y),DONG,B1F,500x900,7600,,3.42
500X900-B1F-DONG-0092,500X900,보(Y),DONG,B1F,500x900,7600,,3.42
500X900-B1F-DONG-0093,500X900,보(Y),DONG,B1F,500x900,7600,,3.42
500X900-B1F-DONG-0094,500X900,보(X),DONG,B1F,500x900,2336,,1.0512
500X900-B1F-DONG-0095,500X900,보(X),DONG,B1F,500x900,2178,,0.9801
900X900-B1F-DONG-0015,900X900,보(Y),DONG,B1F,900x900,8221,,6.6593
600X900-B1F-DONG-0034,600X900,보(Y),DONG,B1F,600x900,1081,,0.5836
400X900_EST-B1F-DONG-0007,400X900_EST,보(Y),DONG,B1F,400x900,956,,0.3442
600X900-B1F-DONG-0035,600X900,보(X),DONG,B1F,600x900,5300,,2.862
600X900-B1F-DONG-0036,600X900,보(X),DONG,B1F,600x900,5300,,2.862
800X900-B1F-DONG-0023,800X900,보(X),DONG,B1F,800x900,7800,,5.616
800X900-B1F-DONG-0024,800X900,보(X),DONG,B1F,800x900,7800,,5.616
800X900-B1F-DONG-0025,800X900,보(X),DONG,B1F,800x900,7800,,5.616
800X900-B1F-DONG-0026,800X900,보(X),DONG,B1F,800x900,7800,,5.616
900X900-B1F-DONG-0016,900X900,보(X),DONG,B1F,900x900,7500,,6.0751
900X900-B1F-DONG-0017,900X900,보(X),DONG,B1F,900x900,7450,,6.0346
700X900-B1F-DONG-0054,700X900,보(X),DONG,B1F,700x900,8000,,5.04
700X900-B1F-DONG-0055,700X900,보(X),DONG,B1F,700x900,7950,,5.0085
700X900-B1F-DONG-0056,700X900,보(X),DONG,B1F,700x900,770,,0.4851
800X900-B1F-DONG-0027,800X900,보(X),DONG,B1F,800x900,767,,0.5519
500X900-B1F-DONG-0096,500X900,보(Y),DONG,B1F,500x900,4100,,1.845
500X900-B1F-DONG-0097,500X900,보(Y),DONG,B1F,500x900,4100,,1.845
500X900-B1F-DONG-0098,500X900,보(Y),DONG,B1F,500x900,3055,,1.3749
500X900-B1F-DONG-0099,500X900,보(Y),DONG,B1F,500x900,2967,,1.3353
500X900-B1F-DONG-0100,500X900,보(Y),DONG,B1F,500x900,4100,,1.845
500X900-B1F-DONG-0101,500X900,보(Y),DONG,B1F,500x900,4100,,1.845
600X900-B1F-DONG-0037,600X900,보(X),DONG,B1F,600x900,7800,,4.212
600X900-B1F-DONG-0038,600X900,보(X),DONG,B1F,600x900,7800,,4.212
500X900-B1F-DONG-0102,500X900,보(Y),DONG,B1F,500x900,899,,0.4044
500X900-B1F-DONG-0103,500X900,보(Y),DONG,B1F,500x900,811,,0.3648
600X900-B1F-DONG-0039,600X900,보(Y),DONG,B1F,600x900,4100,,2.214
600X900-B1F-DONG-0040,600X900,보(Y),DONG,B1F,600x900,2365,,1.2769
700X900-B1F-DONG-0057,700X900,보(X),DONG,B1F,700x900,7800,,4.914
800X900-B1F-DONG-0028,800X900,보(X),DONG,B1F,800x900,7800,,5.616
500X900-B1F-DONG-0104,500X900,보(Y),DONG,B1F,500x900,7500,,3.375
500X900-B1F-DONG-0105,500X900,보(Y),DONG,B1F,500x900,7900,,3.555
500X900-B1F-DONG-0106,500X900,보(X),DONG,B1F,500x900,4914,,2.2114
700X900-B1F-DONG-0058,700X900,보(X),DONG,B1F,700x900,5000,,3.15
700X900-B1F-DONG-0059,700X900,보(X),DONG,B1F,700x900,3294,,2.0755
700X900-B1F-DONG-0060,700X900,보(X),DONG,B1F,700x900,2266,,1.4274
600X900-B1F-DONG-0041,600X900,보(Y),DONG,B1F,600x900,7760,,4.1903
600X900-B1F-DONG-0042,600X900,보(Y),DONG,B1F,600x900,7510,,4.0552
500X900-B1F-DONG-0107,500X900,보(X),DONG,B1F,500x900,3540,,1.593
500X900-B1F-DONG-0108,500X900,보(X),DONG,B1F,500x900,3497,,1.5738
700X900-B1F-DONG-0061,700X900,보(Y),DONG,B1F,700x900,7650,,4.8195
700X900-B1F-DONG-0062,700X900,보(Y),DONG,B1F,700x900,5357,,3.3747
500X900-B1F-DONG-0109,500X900,보(Y),DONG,B1F,500x900,4052,,1.8235
500X900-B1F-DONG-0110,500X900,보(Y),DONG,B1F,500x900,3943,,1.7743
500X900-B1F-DONG-0111,500X900,보(X),DONG,B1F,500x900,7850,,3.5325
500X900-B1F-DONG-0112,500X900,보(X),DONG,B1F,500x900,7500,,3.375
600X900-B1F-DONG-0043,600X900,보(Y),DONG,B1F,600x900,4052,,2.1882
600X900-B1F-DONG-0044,600X900,보(Y),DONG,B1F,600x900,4043,,2.183
500X900-B1F-DONG-0113,500X900,보(X),DONG,B1F,500x900,7600,,3.42
500X900-B1F-DONG-0114,500X900,보(X),DONG,B1F,500x900,7300,,3.285
500X900-B1F-DONG-0115,500X900,보(X),DONG,B1F,500x900,8000,,3.6
500X900-B1F-DONG-0116,500X900,보(X),DONG,B1F,500x900,7700,,3.465
500X900-B1F-DONG-0117,500X900,보(X),DONG,B1F,500x900,7800,,3.51
500X900-B1F-DONG-0118,500X900,보(X),DONG,B1F,500x900,7500,,3.375
500X900-B1F-DONG-0119,500X900,보(X),DONG,B1F,500x900,7650,,3.4425
500X900-B1F-DONG-0120,500X900,보(X),DONG,B1F,500x900,7304,,3.2868
600X900-B1F-DONG-0045,600X900,보(Y),DONG,B1F,600x900,3552,,1.9178
600X900-B1F-DONG-0046,600X900,보(Y),DONG,B1F,600x900,3542,,1.9129
600X900-B1F-DONG-0047,600X900,보(Y),DONG,B1F,600x900,3551,,1.9174
600X900-B1F-DONG-0048,600X900,보(Y),DONG,B1F,600x900,3541,,1.9122
600X900-B1F-DONG-0049,600X900,보(Y),DONG,B1F,600x900,3552,,1.9182
600X900-B1F-DONG-0050,600X900,보(Y),DONG,B1F,600x900,3543,,1.913
500X900-B1F-DONG-0121,500X900,보(Y),DONG,B1F,500x900,3043,,1.3692
500X900-B1F-DONG-0122,500X900,보(Y),DONG,B1F,500x900,3043,,1.3692
500X900-B1F-DONG-0123,500X900,보(Y),DONG,B1F,500x900,2967,,1.3354
500X900-B1F-DONG-0124,500X900,보(Y),DONG,B1F,500x900,3043,,1.3691
600X900-B1F-DONG-0051,600X900,보(Y),DONG,B1F,600x900,5442,,2.9385
600X900-B1F-DONG-0052,600X900,보(Y),DONG,B1F,600x900,5625,,3.0374
500X900-B1F-DONG-0125,500X900,보(X),DONG,B1F,500x900,3272,,1.4722
500X900-B1F-DONG-0126,500X900,보(X),DONG,B1F,500x900,3272,,1.4722
900X900-B1F-DONG-0018,900X900,보(Y),DONG,B1F,900x900,7400,,5.994
900X900-B1F-DONG-0019,900X900,보(Y),DONG,B1F,900x900,7400,,5.994
800X1500-B1F-DONG-0002,800X1500,보(Y),DONG,B1F,800x1500,977,,1.1727
500X900-B1F-DONG-0127,500X900,보(Y),DONG,B1F,500x900,977,,0.4397
500X900-B1F-DONG-0128,500X900,보(X),DONG,B1F,500x900,7300,,3.285
500X900-B1F-DONG-0129,500X900,보(X),DONG,B1F,500x900,7300,,3.285
500X900-B1F-DONG-0130,500X900,보(X),DONG,B1F,500x900,6418,,2.8883
500X900-B1F-DONG-0131,500X900,보(X),DONG,B1F,500x900,6418,,2.8883
500X900-B1F-DONG-0132,500X900,보(X),DONG,B1F,500x900,7800,,3.51
500X900-B1F-DONG-0133,500X900,보(X),DONG,B1F,500x900,7300,,3.285
500X900-B1F-DONG-0134,500X900,보(X),DONG,B1F,500x900,8200,,3.69
500X900-B1F-DONG-0135,500X900,보(X),DONG,B1F,500x900,7750,,3.4875
500X900-B1F-DONG-0136,500X900,보(X),DONG,B1F,500x900,8000,,3.6
500X900-B1F-DONG-0137,500X900,보(X),DONG,B1F,500x900,7406,,3.3327
800X900-B1F-DONG-0029,800X900,보(Y),DONG,B1F,800x900,6159,,4.4345
800X900-B1F-DONG-0030,800X900,보(Y),DONG,B1F,800x900,6159,,4.4345
800X900-B1F-DONG-0031,800X900,보(Y),DONG,B1F,800x900,6163,,4.4375
800X900-B1F-DONG-0032,800X900,보(Y),DONG,B1F,800x900,6127,,4.4115
500X900-B1F-DONG-0138,500X900,보(X),DONG,B1F,500x900,7800,,3.51
500X900-B1F-DONG-0139,500X900,보(X),DONG,B1F,500x900,7443,,3.3494
700X900-B1F-DONG-0063,700X900,보(X),DONG,B1F,700x900,7672,,4.8331
700X900-B1F-DONG-0064,700X900,보(X),DONG,B1F,700x900,7672,,4.8331
900X900-B1F-DONG-0020,900X900,보(X),DONG,B1F,900x900,7339,,5.9449
900X900-B1F-DONG-0021,900X900,보(X),DONG,B1F,900x900,7348,,5.952
800X900-B1F-DONG-0033,800X900,보(X),DONG,B1F,800x900,8123,,5.8485
800X900-B1F-DONG-0034,800X900,보(X),DONG,B1F,800x900,8261,,5.9481
1000X900-B1F-DONG-0006,1000X900,보(X),DONG,B1F,1000x900,6162,,5.5462
1000X900-B1F-DONG-0007,1000X900,보(X),DONG,B1F,1000x900,6162,,5.5462
600X900-B1F-DONG-0053,600X900,보(X),DONG,B1F,600x900,4496,,2.428
600X900-B1F-DONG-0054,600X900,보(X),DONG,B1F,600x900,4727,,2.5526
700X900-B1F-DONG-0065,700X900,보(X),DONG,B1F,700x900,7449,,4.6926
700X900-B1F-DONG-0066,700X900,보(X),DONG,B1F,700x900,7600,,4.788
700X900-B1F-DONG-0067,700X900,보(Y),DONG,B1F,700x900,7164,,4.5136
700X900-B1F-DONG-0068,700X900,보(Y),DONG,B1F,700x900,7576,,4.7726
600X900-B1F-DONG-0055,600X900,보(X),DONG,B1F,600x900,2650,,1.4309
600X900-B1F-DONG-0056,600X900,보(X),DONG,B1F,600x900,2763,,1.4921
1100X900-B1F-DONG-0010,1100X900,보(X),DONG,B1F,1100x900,7279,,7.2065
1500X1000-B1F-DONG-0001,1500X1000,보(X),DONG,B1F,1500x1000,7394,,11.0915
500X900-B1F-DONG-0140,500X900,보(X),DONG,B1F,500x900,3000,,1.35
500X900-B1F-DONG-0141,500X900,보(X),DONG,B1F,500x900,2600,,1.1699
700X900-B1F-DONG-0069,700X900,보(X),DONG,B1F,700x900,6178,,3.892
700X900-B1F-DONG-0070,700X900,보(X),DONG,B1F,700x900,6019,,3.7921
500X900-B1F-DONG-0142,500X900,보(Y),DONG,B1F,500x900,1798,,0.8089
500X900-B1F-DONG-0143,500X900,보(Y),DONG,B1F,500x900,1628,,0.7324
500X900-B1F-DONG-0144,500X900,보(X),DONG,B1F,500x900,5962,,2.6827
500X900-B1F-DONG-0145,500X900,보(X),DONG,B1F,500x900,5962,,2.6827
700X600-B1F-DONG-0049,700X600,보(X),DONG,B1F,700x600,6897,,2.8968
500X900-B1F-DONG-0146,500X900,보(X),DONG,B1F,500x900,8271,,3.7219
700X600-B1F-DONG-0050,700X600,보(X),DONG,B1F,700x600,7804,,3.2778
700X600-B1F-DONG-0051,700X600,보(X),DONG,B1F,700x600,7700,,3.234
400X800-B1F-DONG-0161,400X800,보(Y),DONG,B1F,400x800,7700,,2.464
400X800-B1F-DONG-0162,400X800,보(Y),DONG,B1F,400x800,7301,,2.3363
700X600-B1F-DONG-0052,700X600,보(X),DONG,B1F,700x600,7700,,3.234
700X600-B1F-DONG-0053,700X600,보(X),DONG,B1F,700x600,7700,,3.2339
500X900-B1F-DONG-0147,500X900,보(X),DONG,B1F,500x900,7403,,3.3312
700X600-B1F-DONG-0054,700X600,보(X),DONG,B1F,700x600,7500,,3.15
400X800-B1F-DONG-0163,400X800,보(Y),DONG,B1F,400x800,7488,,2.396
400X800-B1F-DONG-0164,400X800,보(Y),DONG,B1F,400x800,7610,,2.4351
500X900-B1F-DONG-0148,500X900,보(X),DONG,B1F,500x900,7389,,3.3251
500X900-B1F-DONG-0149,500X900,보(X),DONG,B1F,500x900,7300,,3.2851
700X900-B1F-DONG-0071,700X900,보(Y),DONG,B1F,700x900,4741,,2.987
700X900-B1F-DONG-0072,700X900,보(Y),DONG,B1F,700x900,4996,,3.1475
500X900-B1F-DONG-0150,500X900,보(Y),DONG,B1F,500x900,2821,,1.2692
500X900-B1F-DONG-0151,500X900,보(Y),DONG,B1F,500x900,3002,,1.3511
500X900-B1F-DONG-0152,500X900,보(X),DONG,B1F,500x900,3900,,1.755
500X900-B1F-DONG-0153,500X900,보(X),DONG,B1F,500x900,3800,,1.71
500X900-B1F-DONG-0154,500X900,보(X),DONG,B1F,500x900,2227,,1.0019
700X600-B1F-DONG-0055,700X600,보(X),DONG,B1F,700x600,2045,,0.8587
500X600-B1F-DONG-0526,500X600,보(Y),DONG,B1F,500x600,7702,,2.3107
500X600-B1F-DONG-0527,500X600,보(Y),DONG,B1F,500x600,7702,,2.3107
700X600-B1F-DONG-0056,700X600,보(X),DONG,B1F,700x600,1439,,0.6044
400X800-B1F-DONG-0165,400X800,보(X),DONG,B1F,400x800,1307,,0.4183
500X900-B1F-DONG-0155,500X900,보(X),DONG,B1F,500x900,3850,,1.7325
500X900-B1F-DONG-0156,500X900,보(X),DONG,B1F,500x900,3800,,1.71
500X600-B1F-DONG-0528,500X600,보(X),DONG,B1F,500x600,3800,,1.14
500X600-B1F-DONG-0529,500X600,보(X),DONG,B1F,500x600,3850,,1.155
500X600-B1F-DONG-0530,500X600,보(Y),DONG,B1F,500x600,7998,,2.3993
500X600-B1F-DONG-0531,500X600,보(Y),DONG,B1F,500x600,7998,,2.3993
500X900-B1F-DONG-0157,500X900,보(Y),DONG,B1F,500x900,3008,,1.3537
500X900-B1F-DONG-0158,500X900,보(Y),DONG,B1F,500x900,2826,,1.2718
500X900-B1F-DONG-0159,500X900,보(X),DONG,B1F,500x900,3371,,1.5171
400X800-B1F-DONG-0166,400X800,보(X),DONG,B1F,400x800,3139,,1.0046
500X900-B1F-DONG-0160,500X900,보(X),DONG,B1F,500x900,1115,,0.5017
500X900-B1F-DONG-0161,500X900,보(X),DONG,B1F,500x900,1037,,0.4666
500X900-B1F-DONG-0162,500X900,보(X),DONG,B1F,500x900,7600,,3.42
600X1500-B1F-DONG-0006,600X1500,보(X),DONG,B1F,600x1500,7596,,6.8365
600X900-B1F-DONG-0057,600X900,보(Y),DONG,B1F,600x900,3100,,1.6739
600X1500-B1F-DONG-0007,600X1500,보(Y),DONG,B1F,600x1500,3010,,2.7091
600X900-B1F-DONG-0058,600X900,보(Y),DONG,B1F,600x900,3010,,1.6256
600X900-B1F-DONG-0059,600X900,보(Y),DONG,B1F,600x900,2990,,1.6144
700X1500-B1F-DONG-0001,700X1500,보(X),DONG,B1F,700x1500,8000,,8.4
700X1500-B1F-DONG-0002,700X1500,보(X),DONG,B1F,700x1500,7895,,8.2895
600X900-B1F-DONG-0060,600X900,보(X),DONG,B1F,600x900,8200,,4.428
400X800-B1F-DONG-0167,400X800,보(X),DONG,B1F,400x800,8100,,2.592
800X1500-B1F-DONG-0003,800X1500,보(X),DONG,B1F,800x1500,7600,,9.12
600X900-B1F-DONG-0061,600X900,보(X),DONG,B1F,600x900,7450,,4.023
600X900-B1F-DONG-0062,600X900,보(X),DONG,B1F,600x900,7941,,4.2883
600X600-B1F-DONG-0017,600X600,보(X),DONG,B1F,600x600,8074,,2.9066
600X900-B1F-DONG-0063,600X900,보(Y),DONG,B1F,600x900,3788,,2.0453
600X900-B1F-DONG-0064,600X900,보(Y),DONG,B1F,600x900,3800,,2.052
600X900-B1F-DONG-0065,600X900,보(Y),DONG,B1F,600x900,3900,,2.106
600X900-B1F-DONG-0066,600X900,보(Y),DONG,B1F,600x900,4000,,2.16
500X900-B1F-DONG-0163,500X900,보(Y),DONG,B1F,500x900,4000,,1.8
500X900-B1F-DONG-0164,500X900,보(Y),DONG,B1F,500x900,3752,,1.6884
400X800-B1F-DONG-0168,400X800,보(Y),DONG,B1F,400x800,974,,0.3118
400X800-B1F-DONG-0169,400X800,보(Y),DONG,B1F,400x800,874,,0.2798
500X600-B1F-DONG-0532,500X600,보(X),DONG,B1F,500x600,7450,,2.235
500X600-B1F-DONG-0533,500X600,보(X),DONG,B1F,500x600,7453,,2.2358
400X800-B1F-DONG-0170,400X800,보(Y),DONG,B1F,400x800,874,,0.2798
400X800-B1F-DONG-0171,400X800,보(Y),DONG,B1F,400x800,974,,0.3118
500X900-B1F-DONG-0165,500X900,보(X),DONG,B1F,500x900,8000,,3.6
800X900-B1F-DONG-0035,800X900,보(X),DONG,B1F,800x900,8050,,5.796
500X900-B1F-DONG-0166,500X900,보(Y),DONG,B1F,500x900,4648,,2.0914
500X900-B1F-DONG-0167,500X900,보(Y),DONG,B1F,500x900,4644,,2.09
800X900-B1F-DONG-0036,800X900,보(X),DONG,B1F,800x900,7233,,5.2078
400X800-B1F-DONG-0172,400X800,보(X),DONG,B1F,400x800,7233,,2.3146
500X900-B1F-DONG-0168,500X900,보(Y),DONG,B1F,500x900,7410,,3.3345
500X900-B1F-DONG-0169,500X900,보(Y),DONG,B1F,500x900,7410,,3.3345
800X900-B1F-DONG-0037,800X900,보(Y),DONG,B1F,800x900,7542,,5.4303
800X900-B1F-DONG-0038,800X900,보(Y),DONG,B1F,800x900,3172,,2.2838
800X900-B1F-DONG-0039,800X900,보(Y),DONG,B1F,800x900,5986,,4.3103
800X900-B1F-DONG-0040,800X900,보(Y),DONG,B1F,800x900,6328,,4.5559
800X900-B1F-DONG-0041,800X900,보(Y),DONG,B1F,800x900,6406,,4.6122
800X900-B1F-DONG-0042,800X900,보(Y),DONG,B1F,800x900,6373,,4.5882
700X600-B1F-DONG-0057,700X600,보(Y),DONG,B1F,700x600,6234,,2.6181
800X900-B1F-DONG-0043,800X900,보(Y),DONG,B1F,800x900,6379,,4.593
600X900-B1F-DONG-0067,600X900,보(X),DONG,B1F,600x900,5918,,3.1956
500X600-B1F-DONG-0534,500X600,보(X),DONG,B1F,500x600,5804,,1.7412
500X900-B1F-DONG-0170,500X900,보(X),DONG,B1F,500x900,4493,,2.022
500X900-B1F-DONG-0171,500X900,보(X),DONG,B1F,500x900,5100,,2.295
500X900-B1F-DONG-0172,500X900,보(X),DONG,B1F,500x900,7107,,3.1981
500X900-B1F-DONG-0173,500X900,보(X),DONG,B1F,500x900,7600,,3.42
800X900-B1F-DONG-0044,800X900,보(X),DONG,B1F,800x900,7193,,5.1787
800X900-B1F-DONG-0045,800X900,보(X),DONG,B1F,800x900,7600,,5.472
600X900-B1F-DONG-0068,600X900,보(X),DONG,B1F,600x900,5113,,2.7609
600X900-B1F-DONG-0069,600X900,보(X),DONG,B1F,600x900,5134,,2.7725
500X900-B1F-DONG-0174,500X900,보(X),DONG,B1F,500x900,7600,,3.42
500X900-B1F-DONG-0175,500X900,보(X),DONG,B1F,500x900,7700,,3.465
500X900-B1F-DONG-0176,500X900,보(X),DONG,B1F,500x900,7500,,3.375
500X900-B1F-DONG-0177,500X900,보(X),DONG,B1F,500x900,7700,,3.465
600X900-B1F-DONG-0070,600X900,보(Y),DONG,B1F,600x900,3250,,1.755
600X900-B1F-DONG-0071,600X900,보(Y),DONG,B1F,600x900,3710,,2.0036
600X900-B1F-DONG-0072,600X900,보(Y),DONG,B1F,600x900,3711,,2.0037
600X900-B1F-DONG-0073,600X900,보(Y),DONG,B1F,600x900,3711,,2.0037
600X900-B1F-DONG-0074,600X900,보(Y),DONG,B1F,600x900,3711,,2.0037
600X900-B1F-DONG-0075,600X900,보(Y),DONG,B1F,600x900,3711,,2.0037
500X600-B1F-DONG-0535,500X600,보(Y),DONG,B1F,500x600,3710,,1.1131
600X900-B1F-DONG-0076,600X900,보(Y),DONG,B1F,600x900,3710,,2.0036
400X800-B1F-DONG-0173,400X800,보(X),DONG,B1F,400x800,7500,,2.4
400X800-B1F-DONG-0174,400X800,보(X),DONG,B1F,400x800,7700,,2.464
500X900-B1F-DONG-0178,500X900,보(X),DONG,B1F,500x900,7500,,3.375
500X900-B1F-DONG-0179,500X900,보(X),DONG,B1F,500x900,7700,,3.465
500X900-B1F-DONG-0180,500X900,보(X),DONG,B1F,500x900,7550,,3.3975
500X900-B1F-DONG-0181,500X900,보(X),DONG,B1F,500x900,7700,,3.465
500X900-B1F-DONG-0182,500X900,보(Y),DONG,B1F,500x900,4929,,2.218
500X900-B1F-DONG-0183,500X900,보(Y),DONG,B1F,500x900,5005,,2.2522
500X900-B1F-DONG-0184,500X900,보(X),DONG,B1F,500x900,2960,,1.3322
500X900-B1F-DONG-0185,500X900,보(X),DONG,B1F,500x900,3185,,1.4334
500X900-B1F-DONG-0186,500X900,보(Y),DONG,B1F,500x900,4934,,2.2204
500X900-B1F-DONG-0187,500X900,보(Y),DONG,B1F,500x900,4936,,2.2211
500X900-B1F-DONG-0188,500X900,보(X),DONG,B1F,500x900,5197,,2.3386
500X900-B1F-DONG-0189,500X900,보(X),DONG,B1F,500x900,5300,,2.385
500X900-B1F-DONG-0190,500X900,보(Y),DONG,B1F,500x900,4541,,2.0432
500X900-B1F-DONG-0191,500X900,보(Y),DONG,B1F,500x900,4528,,2.0374
500X900-B1F-DONG-0192,500X900,보(X),DONG,B1F,500x900,7657,,3.4455
500X900-B1F-DONG-0193,500X900,보(X),DONG,B1F,500x900,7800,,3.51
500X900-B1F-DONG-0194,500X900,보(X),DONG,B1F,500x900,3967,,1.7852
500X900-B1F-DONG-0195,500X900,보(X),DONG,B1F,500x900,3979,,1.7906
500X900-B1F-DONG-0196,500X900,보(X),DONG,B1F,500x900,7647,,3.4411
500X900-B1F-DONG-0197,500X900,보(X),DONG,B1F,500x900,7800,,3.51
800X1700-B1F-DONG-0001,800X1700,보(X),DONG,B1F,800x1700,5200,,7.072
800X1700-B1F-DONG-0002,800X1700,보(X),DONG,B1F,800x1700,5300,,7.208
500X900-B1F-DONG-0198,500X900,보(X),DONG,B1F,500x900,7686,,3.4586
500X900-B1F-DONG-0199,500X900,보(X),DONG,B1F,500x900,7800,,3.51
500X900-B1F-DONG-0200,500X900,보(X),DONG,B1F,500x900,7700,,3.465
500X900-B1F-DONG-0201,500X900,보(X),DONG,B1F,500x900,7800,,3.51
500X900-B1F-DONG-0202,500X900,보(Y),DONG,B1F,500x900,2367,,1.0653
500X900-B1F-DONG-0203,500X900,보(Y),DONG,B1F,500x900,2273,,1.0227
600X900-B1F-DONG-0077,600X900,보(X),DONG,B1F,600x900,5406,,2.9192
600X900-B1F-DONG-0078,600X900,보(X),DONG,B1F,600x900,7800,,4.212
800X900-B1F-DONG-0046,800X900,보(X),DONG,B1F,800x900,5971,,4.2991
800X900-B1F-DONG-0047,800X900,보(X),DONG,B1F,800x900,6144,,4.4234
400X800-B1F-DONG-0175,400X800,보(X),DONG,B1F,400x800,4571,,1.4627
1000X900-B1F-DONG-0008,1000X900,보(X),DONG,B1F,1000x900,7171,,6.4537
500X600-B1F-DONG-0536,500X600,보(X),DONG,B1F,500x600,5100,,1.53
600X900-B1F-DONG-0079,600X900,보(X),DONG,B1F,600x900,2110,,1.1393
700X900-B1F-DONG-0073,700X900,보(X),DONG,B1F,700x900,7600,,4.788
700X900-B1F-DONG-0074,700X900,보(X),DONG,B1F,700x900,3410,,2.148
500X900-B1F-DONG-0204,500X900,보(X),DONG,B1F,500x900,7700,,3.465
500X900-B1F-DONG-0205,500X900,보(X),DONG,B1F,500x900,7700,,3.465
500X900-B1F-DONG-0206,500X900,보(X),DONG,B1F,500x900,7700,,3.465
500X900-B1F-DONG-0207,500X900,보(X),DONG,B1F,500x900,7469,,3.3613
500X900-B1F-DONG-0208,500X900,보(X),DONG,B1F,500x900,7700,,3.465
500X900-B1F-DONG-0209,500X900,보(X),DONG,B1F,500x900,7519,,3.3838
500X900-B1F-DONG-0210,500X900,보(X),DONG,B1F,500x900,7700,,3.465
500X900-B1F-DONG-0211,500X900,보(X),DONG,B1F,500x900,7700,,3.465
400X800-B1F-DONG-0176,400X800,보(X),DONG,B1F,400x800,7700,,2.464
400X800-B1F-DONG-0177,400X800,보(X),DONG,B1F,400x800,7700,,2.464
700X900-B1F-DONG-0075,700X900,보(X),DONG,B1F,700x900,7857,,4.9496
700X900-B1F-DONG-0076,700X900,보(X),DONG,B1F,700x900,8000,,5.0397
600X900-B1F-DONG-0080,600X900,보(X),DONG,B1F,600x900,5217,,2.8174
600X900-B1F-DONG-0081,600X900,보(X),DONG,B1F,600x900,5217,,2.8174
900X900-B1F-DONG-0022,900X900,보(X),DONG,B1F,900x900,2390,,1.936
500X600-B1F-DONG-0537,500X600,보(X),DONG,B1F,500x600,6400,,1.92
500X900-B1F-DONG-0212,500X900,보(X),DONG,B1F,500x900,6400,,2.88
500X900-B1F-DONG-0213,500X900,보(X),DONG,B1F,500x900,6400,,2.8801
700X900-B1F-DONG-0077,700X900,보(Y),DONG,B1F,700x900,7986,,5.0315
700X900-B1F-DONG-0078,700X900,보(Y),DONG,B1F,700x900,8116,,5.1133
700X900-B1F-DONG-0079,700X900,보(X),DONG,B1F,700x900,5300,,3.339
700X900-B1F-DONG-0080,700X900,보(X),DONG,B1F,700x900,5137,,3.2363
700X900-B1F-DONG-0081,700X900,보(Y),DONG,B1F,700x900,8812,,5.5516
700X900-B1F-DONG-0082,700X900,보(Y),DONG,B1F,700x900,8913,,5.615
900X900-B1F-DONG-0023,900X900,보(X),DONG,B1F,900x900,6439,,5.2155
900X900-B1F-DONG-0024,900X900,보(X),DONG,B1F,900x900,6911,,5.5978
500X900-B1F-DONG-0214,500X900,보(X),DONG,B1F,500x900,7800,,3.51
500X900-B1F-DONG-0215,500X900,보(X),DONG,B1F,500x900,7799,,3.5097
600X900-B1F-DONG-0082,600X900,보(X),DONG,B1F,600x900,4758,,2.5692
600X900-B1F-DONG-0083,600X900,보(X),DONG,B1F,600x900,5134,,2.7725
800X900-B1F-DONG-0048,800X900,보(Y),DONG,B1F,800x900,7660,,5.5149
600X900-B1F-DONG-0084,600X900,보(Y),DONG,B1F,600x900,7724,,4.1711
500X900-B1F-DONG-0216,500X900,보(X),DONG,B1F,500x900,3575,,1.6085
400X900-B1F-DONG-0005,400X900,보(X),DONG,B1F,400x900,3587,,1.2912
500X900-B1F-DONG-0217,500X900,보(Y),DONG,B1F,500x900,4136,,1.8611
500X900-B1F-DONG-0218,500X900,보(Y),DONG,B1F,500x900,4020,,1.809
500X900-B1F-DONG-0219,500X900,보(Y),DONG,B1F,500x900,2520,,1.134
500X900-B1F-DONG-0220,500X900,보(Y),DONG,B1F,500x900,2520,,1.134
500X900-B1F-DONG-0221,500X900,보(Y),DONG,B1F,500x900,2520,,1.134
500X900-B1F-DONG-0222,500X900,보(Y),DONG,B1F,500x900,2520,,1.134
500X900-B1F-DONG-0223,500X900,보(X),DONG,B1F,500x900,2390,,1.0755
500X900-B1F-DONG-0224,500X900,보(X),DONG,B1F,500x900,2290,,1.0305
700X900-B1F-DONG-0083,700X900,보(X),DONG,B1F,700x900,5100,,3.213
700X900-B1F-DONG-0084,700X900,보(X),DONG,B1F,700x900,4900,,3.087
700X900-B1F-DONG-0085,700X900,보(X),DONG,B1F,700x900,5650,,3.5595
700X900-B1F-DONG-0086,700X900,보(X),DONG,B1F,700x900,5550,,3.4965
600X900-B1F-DONG-0085,600X900,보(Y),DONG,B1F,600x900,6966,,3.7618
700X900-B1F-DONG-0087,700X900,보(X),DONG,B1F,700x900,5600,,3.528
700X900-B1F-DONG-0088,700X900,보(X),DONG,B1F,700x900,4839,,3.0487
500X900-B1F-DONG-0225,500X900,보(X),DONG,B1F,500x900,3681,,1.6565
700X900-B1F-DONG-0089,700X900,보(Y),DONG,B1F,700x900,3011,,1.8968
900X900-B1F-DONG-0025,900X900,보(Y),DONG,B1F,900x900,9510,,7.7031
700X900-B1F-DONG-0090,700X900,보(X),DONG,B1F,700x900,5550,,3.4964
700X900-B1F-DONG-0091,700X900,보(Y),DONG,B1F,700x900,9510,,5.9913
700X900-B1F-DONG-0092,700X900,보(Y),DONG,B1F,700x900,9510,,5.9913
700X900-B1F-DONG-0093,700X900,보(Y),DONG,B1F,700x900,9510,,5.9913
700X900-B1F-DONG-0094,700X900,보(Y),DONG,B1F,700x900,9510,,5.9913
700X900-B1F-DONG-0095,700X900,보(Y),DONG,B1F,700x900,9710,,6.1173
500X900-B1F-DONG-0226,500X900,보(X),DONG,B1F,500x900,4823,,2.1702
400X800-B1F-DONG-0178,400X800,보(X),DONG,B1F,400x800,4963,,1.5881
500X900-B1F-DONG-0227,500X900,보(X),DONG,B1F,500x900,6180,,2.7809
500X900-B1F-DONG-0228,500X900,보(X),DONG,B1F,500x900,6180,,2.781
500X600-B1F-DONG-0538,500X600,보(X),DONG,B1F,500x600,6180,,1.854
500X600-B1F-DONG-0539,500X600,보(X),DONG,B1F,500x600,6180,,1.854
1100X900-B1F-DONG-0011,1100X900,보(X),DONG,B1F,1100x900,7690,,7.6131
1100X900-B1F-DONG-0012,1100X900,보(X),DONG,B1F,1100x900,7539,,7.4637
1100X900-B1F-DONG-0013,1100X900,보(X),DONG,B1F,1100x900,7501,,7.4259
1100X900-B1F-DONG-0014,1100X900,보(X),DONG,B1F,1100x900,7701,,7.6239
700X900-B1F-DONG-0096,700X900,보(X),DONG,B1F,700x900,7847,,4.9435
700X900-B1F-DONG-0097,700X900,보(X),DONG,B1F,700x900,7372,,4.6443
400X900-B1F-DONG-0006,400X900,보(Y),DONG,B1F,400x900,3759,,1.3534
500X900-B1F-DONG-0229,500X900,보(X),DONG,B1F,500x900,1751,,0.7879
600X900-B1F-DONG-0086,600X900,보(Y),DONG,B1F,600x900,5878,,3.174
500X900-B1F-DONG-0230,500X900,보(X),DONG,B1F,500x900,5550,,2.4975
500X900-B1F-DONG-0231,500X900,보(Y),DONG,B1F,500x900,891,,0.4007
1100X900-B1F-DONG-0015,1100X900,보(Y),DONG,B1F,1100x900,665,,0.6585
1100X900-B1F-DONG-0016,1100X900,보(X),DONG,B1F,1100x900,1240,,1.2275
700X900-B1F-DONG-0098,700X900,보(Y),DONG,B1F,700x900,936,,0.5897
700X900-B1F-DONG-0099,700X900,보(X),DONG,B1F,700x900,4900,,3.087
700X900-B1F-DONG-0100,700X900,보(X),DONG,B1F,700x900,3281,,2.0668
1100X900-B1F-DONG-0017,1100X900,보(X),DONG,B1F,1100x900,9268,,9.1752
700X900-B1F-DONG-0101,700X900,보(X),DONG,B1F,700x900,7690,,4.8447
600X900-B1F-DONG-0087,600X900,보(X),DONG,B1F,600x900,1208,,0.6524
600X900-B1F-DONG-0088,600X900,보(Y),DONG,B1F,600x900,1117,,0.6031
600X900-B1F-DONG-0089,600X900,보(X),DONG,B1F,600x900,5308,,2.8661
1100X900-B1F-DONG-0018,1100X900,보(Y),DONG,B1F,1100x900,5060,,5.0098
1100X900-B1F-DONG-0019,1100X900,보(Y),DONG,B1F,1100x900,6157,,6.0956
500X700-B1F-DONG-0005,500X700,보(Y),DONG,B1F,500x700,3107,,1.0873
500X700-B1F-DONG-0006,500X700,보(Y),DONG,B1F,500x700,2320,,0.812
700X900-B1F-DONG-0102,700X900,보(X),DONG,B1F,700x900,843,,0.5311
700X900-B1F-DONG-0103,700X900,보(Y),DONG,B1F,700x900,3187,,2.0081
500X900-B1F-DONG-0232,500X900,보(Y),DONG,B1F,500x900,4070,,1.8315
700X900-B1F-DONG-0104,700X900,보(Y),DONG,B1F,700x900,3715,,2.3404
600X900_EST-B1F-DONG-0006,600X900_EST,보(X),DONG,B1F,600x900,23600,,12.744
500X900-B1F-DONG-0233,500X900,보(X),DONG,B1F,500x900,6900,,3.105
500X900-B1F-DONG-0234,500X900,보(Y),DONG,B1F,500x900,4700,,2.115
500X900-B1F-DONG-0235,500X900,보(Y),DONG,B1F,500x900,1300,,0.585
500X900-B1F-DONG-0236,500X900,보(Y),DONG,B1F,500x900,2800,,1.26
500X900-B1F-DONG-0237,500X900,보(X),DONG,B1F,500x900,5100,,2.295
500X900-B1F-DONG-0238,500X900,보(X),DONG,B1F,500x900,7649,,3.4419
500X900-B1F-DONG-0239,500X900,보(Y),DONG,B1F,500x900,5467,,2.4601
500X900-B1F-DONG-0240,500X900,보(X),DONG,B1F,500x900,7501,,3.3753
500X900-B1F-DONG-0241,500X900,보(Y),DONG,B1F,500x900,5467,,2.4601
500X900-B1F-DONG-0242,500X900,보(Y),DONG,B1F,500x900,7966,,3.5849
600X600-B1F-DONG-0018,600X600,보(Y),DONG,B1F,600x600,7966,,2.8679
500X900-B1F-DONG-0243,500X900,보(Y),DONG,B1F,500x900,8016,,3.6073
500X900-B1F-DONG-0244,500X900,보(Y),DONG,B1F,500x900,8216,,3.6974
600X900-B1F-DONG-0090,600X900,보(Y),DONG,B1F,600x900,8016,,4.3288
600X900-B1F-DONG-0091,600X900,보(Y),DONG,B1F,600x900,7966,,4.3018
500X600-B1F-DONG-0540,500X600,보(X),DONG,B1F,500x600,3410,,1.0229
500X900-B1F-DONG-0245,500X900,보(Y),DONG,B1F,500x900,3855,,1.7346
500X900-B1F-DONG-0246,500X900,보(Y),DONG,B1F,500x900,7517,,3.3827
500X600-B1F-DONG-0541,500X600,보(X),DONG,B1F,500x600,2390,,0.7171
500X600-B1F-DONG-0542,500X600,보(Y),DONG,B1F,500x600,4000,,1.2
500X600-B1F-DONG-0543,500X600,보(Y),DONG,B1F,500x600,4002,,1.2006
500X600-B1F-DONG-0544,500X600,보(X),DONG,B1F,500x600,2220,,0.6661
500X600-B1F-DONG-0545,500X600,보(X),DONG,B1F,500x600,2220,,0.6661
500X600-B1F-DONG-0546,500X600,보(X),DONG,B1F,500x600,5120,,1.536
500X600-B1F-DONG-0547,500X600,보(X),DONG,B1F,500x600,6115,,1.8345
500X600-B1F-DONG-0548,500X600,보(X),DONG,B1F,500x600,3060,,0.918
500X600-B1F-DONG-0549,500X600,보(X),DONG,B1F,500x600,1971,,0.5912
500X600-B1F-DONG-0550,500X600,보(X),DONG,B1F,500x600,4025,,1.2075
500X600-B1F-DONG-0551,500X600,보(X),DONG,B1F,500x600,3060,,0.918
500X600-B1F-DONG-0552,500X600,보(Y),DONG,B1F,500x600,4000,,1.2
500X600-B1F-DONG-0553,500X600,보(Y),DONG,B1F,500x600,4000,,1.2
500X600-B1F-DONG-0554,500X600,보(Y),DONG,B1F,500x600,4000,,1.2
400X800-B1F-DONG-0179,400X800,보(Y),DONG,B1F,400x800,4002,,1.2806
500X600-B1F-DONG-0555,500X600,보(Y),DONG,B1F,500x600,4000,,1.2
500X600-B1F-DONG-0556,500X600,보(Y),DONG,B1F,500x600,4000,,1.2
500X600-B1F-DONG-0557,500X600,보(X),DONG,B1F,500x600,2592,,0.7776
500X600-B1F-DONG-0558,500X600,보(X),DONG,B1F,500x600,2159,,0.6478
500X600-B1F-DONG-0559,500X600,보(Y),DONG,B1F,500x600,4038,,1.2115
500X600-B1F-DONG-0560,500X600,보(Y),DONG,B1F,500x600,4038,,1.2115
500X600-B1F-DONG-0561,500X600,보(Y),DONG,B1F,500x600,4541,,1.3623
500X600-B1F-DONG-0562,500X600,보(Y),DONG,B1F,500x600,4036,,1.2109
500X600-B1F-DONG-0563,500X600,보(X),DONG,B1F,500x600,5120,,1.536
500X600-B1F-DONG-0564,500X600,보(X),DONG,B1F,500x600,4025,,1.2075
500X600-B1F-DONG-0565,500X600,보(X),DONG,B1F,500x600,3644,,1.0933
500X600-B1F-DONG-0566,500X600,보(Y),DONG,B1F,500x600,500,,0.15
1100X900-B1F-DONG-0020,1100X900,보(X),DONG,B1F,1100x900,8775,,8.6873
1100X900-B1F-DONG-0021,1100X900,보(X),DONG,B1F,1100x900,8714,,8.6266
600X900-B1F-DONG-0092,600X900,보(Y),DONG,B1F,600x900,8131,,4.391
600X900-B1F-DONG-0093,600X900,보(Y),DONG,B1F,600x900,7421,,4.0075
800X900-B1F-DONG-0049,800X900,보(Y),DONG,B1F,800x900,7965,,5.7345
800X900-B1F-DONG-0050,800X900,보(Y),DONG,B1F,800x900,8142,,5.8622
500X600-B1F-DONG-0567,500X600,보(X),DONG,B1F,500x600,3393,,1.0179
600X900-B1F-DONG-0094,600X900,보(Y),DONG,B1F,600x900,4146,,2.239
600X900-B1F-DONG-0095,600X900,보(Y),DONG,B1F,600x900,4146,,2.239
500X700-B1F-DONG-0007,500X700,보(Y),DONG,B1F,500x700,8244,,2.8855
500X700-B1F-DONG-0008,500X700,보(Y),DONG,B1F,500x700,8111,,2.8388
800X900-B1F-DONG-0051,800X900,보(Y),DONG,B1F,800x900,8155,,5.8714
800X900-B1F-DONG-0052,800X900,보(Y),DONG,B1F,800x900,8155,,5.8714
600X900-B1F-DONG-0096,600X900,보(Y),DONG,B1F,600x900,4146,,2.239
600X900-B1F-DONG-0097,600X900,보(Y),DONG,B1F,600x900,4146,,2.239
800X900-B1F-DONG-0053,800X900,보(Y),DONG,B1F,800x900,8191,,5.8975
500X600-B1F-DONG-0568,500X600,보(Y),DONG,B1F,500x600,8191,,2.4573
500X600-B1F-DONG-0569,500X600,보(X),DONG,B1F,500x600,8137,,2.4411
500X600-B1F-DONG-0570,500X600,보(X),DONG,B1F,500x600,8277,,2.4832
1200X900-B1F-DONG-0001,1200X900,보(X),DONG,B1F,1200x900,6963,,7.5198
1200X900-B1F-DONG-0002,1200X900,보(X),DONG,B1F,1200x900,7145,,7.7163
900X900-B1F-DONG-0026,900X900,보(Y),DONG,B1F,900x900,7700,,6.237
700X1500-B1F-DONG-0003,700X1500,보(Y),DONG,B1F,700x1500,7700,,8.085
900X900-B1F-DONG-0027,900X900,보(Y),DONG,B1F,900x900,7700,,6.237
900X900-B1F-DONG-0028,900X900,보(Y),DONG,B1F,900x900,7599,,6.1552
1100X900-B1F-DONG-0022,1100X900,보(Y),DONG,B1F,1100x900,7700,,7.623
1100X900-B1F-DONG-0023,1100X900,보(Y),DONG,B1F,1100x900,7700,,7.623
900X900-B1F-DONG-0029,900X900,보(X),DONG,B1F,900x900,900,,0.729
900X900-B1F-DONG-0030,900X900,보(Y),DONG,B1F,900x900,7600,,6.156
1000X900-B1F-DONG-0009,1000X900,보(X),DONG,B1F,1000x900,900,,0.81
900X900-B1F-DONG-0031,900X900,보(X),DONG,B1F,900x900,900,,0.729
900X900-B1F-DONG-0032,900X900,보(Y),DONG,B1F,900x900,7800,,6.318
500X900-B1F-DONG-0247,500X900,보(X),DONG,B1F,500x900,900,,0.405
900X900-B1F-DONG-0033,900X900,보(X),DONG,B1F,900x900,900,,0.729
900X900-B1F-DONG-0034,900X900,보(Y),DONG,B1F,900x900,7600,,6.156
900X900-B1F-DONG-0035,900X900,보(X),DONG,B1F,900x900,900,,0.729
900X900-B1F-DONG-0036,900X900,보(X),DONG,B1F,900x900,900,,0.729
900X900-B1F-DONG-0037,900X900,보(Y),DONG,B1F,900x900,7800,,6.318
500X900-B1F-DONG-0248,500X900,보(X),DONG,B1F,500x900,900,,0.405
900X900-B1F-DONG-0038,900X900,보(X),DONG,B1F,900x900,900,,0.729
900X900-B1F-DONG-0039,900X900,보(Y),DONG,B1F,900x900,7600,,6.156
900X900-B1F-DONG-0040,900X900,보(X),DONG,B1F,900x900,900,,0.729
900X900-B1F-DONG-0041,900X900,보(X),DONG,B1F,900x900,900,,0.729
900X900-B1F-DONG-0042,900X900,보(Y),DONG,B1F,900x900,7800,,6.318
500X900-B1F-DONG-0249,500X900,보(X),DONG,B1F,500x900,900,,0.405
900X900-B1F-DONG-0043,900X900,보(X),DONG,B1F,900x900,900,,0.729
900X900-B1F-DONG-0044,900X900,보(Y),DONG,B1F,900x900,7600,,6.156
900X900-B1F-DONG-0045,900X900,보(X),DONG,B1F,900x900,900,,0.729
900X900-B1F-DONG-0046,900X900,보(X),DONG,B1F,900x900,900,,0.729
900X900-B1F-DONG-0047,900X900,보(Y),DONG,B1F,900x900,7800,,6.318
500X900-B1F-DONG-0250,500X900,보(X),DONG,B1F,500x900,900,,0.405
600X900-B1F-DONG-0098,600X900,보(X),DONG,B1F,600x900,900,,0.486
900X900-B1F-DONG-0048,900X900,보(Y),DONG,B1F,900x900,7600,,6.156
400X800-B1F-DONG-0180,400X800,보(X),DONG,B1F,400x800,900,,0.288
400X800-B1F-DONG-0181,400X800,보(X),DONG,B1F,400x800,900,,0.288
900X900-B1F-DONG-0049,900X900,보(Y),DONG,B1F,900x900,7800,,6.318
400X800-B1F-DONG-0182,400X800,보(X),DONG,B1F,400x800,900,,0.288
900X900-B1F-DONG-0050,900X900,보(X),DONG,B1F,900x900,900,,0.729
900X900-B1F-DONG-0051,900X900,보(Y),DONG,B1F,900x900,7600,,6.156
900X900-B1F-DONG-0052,900X900,보(X),DONG,B1F,900x900,900,,0.729
900X900-B1F-DONG-0053,900X900,보(X),DONG,B1F,900x900,900,,0.729
400X800-B1F-DONG-0183,400X800,보(Y),DONG,B1F,400x800,7800,,2.496
500X900-B1F-DONG-0251,500X900,보(X),DONG,B1F,500x900,900,,0.405
900X900-B1F-DONG-0054,900X900,보(X),DONG,B1F,900x900,900,,0.729
900X900-B1F-DONG-0055,900X900,보(Y),DONG,B1F,900x900,7600,,6.156
900X900-B1F-DONG-0056,900X900,보(X),DONG,B1F,900x900,900,,0.729
900X900-B1F-DONG-0057,900X900,보(X),DONG,B1F,900x900,900,,0.729
900X900-B1F-DONG-0058,900X900,보(Y),DONG,B1F,900x900,7800,,6.318
500X900-B1F-DONG-0252,500X900,보(X),DONG,B1F,500x900,900,,0.405
700X900-B1F-DONG-0105,700X900,보(X),DONG,B1F,700x900,900,,0.567
900X900-B1F-DONG-0059,900X900,보(Y),DONG,B1F,900x900,7600,,6.156
900X900-B1F-DONG-0060,900X900,보(X),DONG,B1F,900x900,900,,0.729
900X900-B1F-DONG-0061,900X900,보(X),DONG,B1F,900x900,900,,0.729
900X900-B1F-DONG-0062,900X900,보(Y),DONG,B1F,900x900,7800,,6.318
400X800-B1F-DONG-0184,400X800,보(X),DONG,B1F,400x800,900,,0.288
600X900-B1F-DONG-0099,600X900,보(X),DONG,B1F,600x900,900,,0.486
900X900-B1F-DONG-0063,900X900,보(Y),DONG,B1F,900x900,8200,,6.642
600X900-B1F-DONG-0100,600X900,보(X),DONG,B1F,600x900,900,,0.486
900X900-B1F-DONG-0064,900X900,보(X),DONG,B1F,900x900,900,,0.729
900X900-B1F-DONG-0065,900X900,보(Y),DONG,B1F,900x900,7600,,6.156
900X900-B1F-DONG-0066,900X900,보(X),DONG,B1F,900x900,900,,0.729
900X900-B1F-DONG-0067,900X900,보(X),DONG,B1F,900x900,900,,0.729
900X900-B1F-DONG-0068,900X900,보(Y),DONG,B1F,900x900,7600,,6.156
900X900-B1F-DONG-0069,900X900,보(X),DONG,B1F,900x900,900,,0.729
600X900-B1F-DONG-0101,600X900,보(X),DONG,B1F,600x900,900,,0.486
900X900-B1F-DONG-0070,900X900,보(Y),DONG,B1F,900x900,7800,,6.318
400X800-B1F-DONG-0185,400X800,보(X),DONG,B1F,400x800,900,,0.288
600X1500-B1F-DONG-0008,600X1500,보(X),DONG,B1F,600x1500,900,,0.81
400X900-B1F-DONG-0007,400X900,보(Y),DONG,B1F,400x900,7600,,2.736
600X900-B1F-DONG-0102,600X900,보(X),DONG,B1F,600x900,900,,0.486
900X900-B1F-DONG-0071,900X900,보(X),DONG,B1F,900x900,900,,0.729
900X900-B1F-DONG-0072,900X900,보(Y),DONG,B1F,900x900,7800,,6.318
600X1500-B1F-DONG-0009,600X1500,보(X),DONG,B1F,600x1500,900,,0.81
500X600-B1F-DONG-0571,500X600,보(X),DONG,B1F,500x600,900,,0.27
900X900-B1F-DONG-0073,900X900,보(Y),DONG,B1F,900x900,7800,,6.318
600X900-B1F-DONG-0103,600X900,보(X),DONG,B1F,600x900,900,,0.486
600X1500-B1F-DONG-0010,600X1500,보(X),DONG,B1F,600x1500,900,,0.81
900X900-B1F-DONG-0074,900X900,보(Y),DONG,B1F,900x900,7600,,6.156
500X600-B1F-DONG-0572,500X600,보(X),DONG,B1F,500x600,900,,0.27
500X700-B1F-DONG-0009,500X700,보(X),DONG,B1F,500x700,900,,0.315
900X900-B1F-DONG-0075,900X900,보(Y),DONG,B1F,900x900,7800,,6.318
600X1500-B1F-DONG-0011,600X1500,보(X),DONG,B1F,600x1500,900,,0.81
400X800-B1F-DONG-0186,400X800,보(X),DONG,B1F,400x800,900,,0.288
700X600-B1F-DONG-0058,700X600,보(Y),DONG,B1F,700x600,7800,,3.276
600X900-B1F-DONG-0104,600X900,보(X),DONG,B1F,600x900,900,,0.486
600X1500-B1F-DONG-0012,600X1500,보(X),DONG,B1F,600x1500,900,,0.81
900X900-B1F-DONG-0076,900X900,보(Y),DONG,B1F,900x900,7600,,6.156
400X800-B1F-DONG-0187,400X800,보(X),DONG,B1F,400x800,900,,0.288
900X900-B1F-DONG-0077,900X900,보(X),DONG,B1F,900x900,900,,0.729
900X900-B1F-DONG-0078,900X900,보(Y),DONG,B1F,900x900,7800,,6.318
600X1500-B1F-DONG-0013,600X1500,보(X),DONG,B1F,600x1500,900,,0.81
400X800-B1F-DONG-0188,400X800,보(X),DONG,B1F,400x800,900,,0.288
900X900-B1F-DONG-0079,900X900,보(Y),DONG,B1F,900x900,7800,,6.318
600X900-B1F-DONG-0105,600X900,보(X),DONG,B1F,600x900,900,,0.486
500X600-B1F-DONG-0573,500X600,보(X),DONG,B1F,500x600,900,,0.27
900X900-B1F-DONG-0080,900X900,보(Y),DONG,B1F,900x900,7600,,6.156
400X800-B1F-DONG-0189,400X800,보(X),DONG,B1F,400x800,900,,0.288
900X900-B1F-DONG-0081,900X900,보(X),DONG,B1F,900x900,900,,0.729
900X900-B1F-DONG-0082,900X900,보(Y),DONG,B1F,900x900,7800,,6.318
500X600-B1F-DONG-0574,500X600,보(X),DONG,B1F,500x600,900,,0.27
700X600-B1F-DONG-0059,700X600,보(X),DONG,B1F,700x600,900,,0.378
900X900-B1F-DONG-0083,900X900,보(Y),DONG,B1F,900x900,7800,,6.318
700X600-B1F-DONG-0060,700X600,보(X),DONG,B1F,700x600,900,,0.378
500X600-B1F-DONG-0575,500X600,보(X),DONG,B1F,500x600,900,,0.27
900X900-B1F-DONG-0084,900X900,보(Y),DONG,B1F,900x900,7600,,6.156
700X600-B1F-DONG-0061,700X600,보(X),DONG,B1F,700x600,900,,0.378
600X1200-B1F-DONG-0002,600X1200,보(X),DONG,B1F,600x1200,900,,0.648
900X900-B1F-DONG-0085,900X900,보(Y),DONG,B1F,900x900,7800,,6.318
500X600-B1F-DONG-0576,500X600,보(X),DONG,B1F,500x600,900,,0.27
900X900-B1F-DONG-0086,900X900,보(X),DONG,B1F,900x900,900,,0.729
900X900-B1F-DONG-0087,900X900,보(Y),DONG,B1F,900x900,7800,,6.318
900X900-B1F-DONG-0088,900X900,보(X),DONG,B1F,900x900,900,,0.729
500X600-B1F-DONG-0577,500X600,보(X),DONG,B1F,500x600,900,,0.27
500X600-B1F-DONG-0578,500X600,보(Y),DONG,B1F,500x600,7600,,2.28
700X600-B1F-DONG-0062,700X600,보(X),DONG,B1F,700x600,900,,0.378
700X1700-B1F-DONG-0003,700X1700,보(X),DONG,B1F,700x1700,900,,1.071
900X900-B1F-DONG-0089,900X900,보(Y),DONG,B1F,900x900,7800,,6.318
500X600-B1F-DONG-0579,500X600,보(X),DONG,B1F,500x600,900,,0.27
900X900-B1F-DONG-0090,900X900,보(X),DONG,B1F,900x900,900,,0.729
900X900-B1F-DONG-0091,900X900,보(Y),DONG,B1F,900x900,7800,,6.318
900X900-B1F-DONG-0092,900X900,보(X),DONG,B1F,900x900,900,,0.729
500X600-B1F-DONG-0580,500X600,보(X),DONG,B1F,500x600,900,,0.27
900X900-B1F-DONG-0093,900X900,보(Y),DONG,B1F,900x900,7600,,6.156
400X800-B1F-DONG-0190,400X800,보(X),DONG,B1F,400x800,900,,0.288
400X800-B1F-DONG-0191,400X800,보(X),DONG,B1F,400x800,900,,0.288
500X600-B1F-DONG-0581,500X600,보(Y),DONG,B1F,500x600,7800,,2.34
400X800-B1F-DONG-0192,400X800,보(X),DONG,B1F,400x800,900,,0.288
500X600-B1F-DONG-0582,500X600,보(X),DONG,B1F,500x600,900,,0.27
900X900-B1F-DONG-0094,900X900,보(Y),DONG,B1F,900x900,7800,,6.318
400X800-B1F-DONG-0193,400X800,보(X),DONG,B1F,400x800,900,,0.288
500X600-B1F-DONG-0583,500X600,보(X),DONG,B1F,500x600,900,,0.27
500X600-B1F-DONG-0584,500X600,보(Y),DONG,B1F,500x600,7600,,2.28
500X600-B1F-DONG-0585,500X600,보(X),DONG,B1F,500x600,900,,0.27
400X800-B1F-DONG-0194,400X800,보(X),DONG,B1F,400x800,900,,0.288
900X900-B1F-DONG-0095,900X900,보(Y),DONG,B1F,900x900,7800,,6.318
500X600-B1F-DONG-0586,500X600,보(X),DONG,B1F,500x600,900,,0.27
900X900-B1F-DONG-0096,900X900,보(X),DONG,B1F,900x900,900,,0.729
900X900-B1F-DONG-0097,900X900,보(Y),DONG,B1F,900x900,3100,,2.511
400X800-B1F-DONG-0195,400X800,보(X),DONG,B1F,400x800,900,,0.288
900X900-B1F-DONG-0098,900X900,보(X),DONG,B1F,900x900,900,,0.729
900X900-B1F-DONG-0099,900X900,보(Y),DONG,B1F,900x900,3100,,2.511
700X600-B1F-DONG-0063,700X600,보(X),DONG,B1F,700x600,900,,0.378
900X900-B1F-DONG-0100,900X900,보(X),DONG,B1F,900x900,900,,0.729
900X900-B1F-DONG-0101,900X900,보(Y),DONG,B1F,900x900,3100,,2.511
700X600-B1F-DONG-0064,700X600,보(X),DONG,B1F,700x600,900,,0.378
900X900-B1F-DONG-0102,900X900,보(X),DONG,B1F,900x900,900,,0.729
900X900-B1F-DONG-0103,900X900,보(Y),DONG,B1F,900x900,7700,,6.237
900X900-B1F-DONG-0104,900X900,보(X),DONG,B1F,900x900,900,,0.729
900X900-B1F-DONG-0105,900X900,보(X),DONG,B1F,900x900,900,,0.729
900X900-B1F-DONG-0106,900X900,보(Y),DONG,B1F,900x900,7000,,5.67
500X900-B1F-DONG-0253,500X900,보(X),DONG,B1F,500x900,900,,0.405
900X900-B1F-DONG-0107,900X900,보(X),DONG,B1F,900x900,900,,0.729
900X900-B1F-DONG-0108,900X900,보(Y),DONG,B1F,900x900,7900,,6.399
900X900-B1F-DONG-0109,900X900,보(X),DONG,B1F,900x900,900,,0.729
900X900-B1F-DONG-0110,900X900,보(X),DONG,B1F,900x900,900,,0.729
900X900-B1F-DONG-0111,900X900,보(Y),DONG,B1F,900x900,7800,,6.3181
900X900-B1F-DONG-0112,900X900,보(X),DONG,B1F,900x900,900,,0.729
900X900-B1F-DONG-0113,900X900,보(X),DONG,B1F,900x900,900,,0.729
900X900-B1F-DONG-0114,900X900,보(Y),DONG,B1F,900x900,3500,,2.835
900X900-B1F-DONG-0115,900X900,보(X),DONG,B1F,900x900,900,,0.729
900X900-B1F-DONG-0116,900X900,보(X),DONG,B1F,900x900,900,,0.729
900X900-B1F-DONG-0117,900X900,보(Y),DONG,B1F,900x900,7900,,6.399
400X800-B1F-DONG-0196,400X800,보(X),DONG,B1F,400x800,900,,0.288
500X600-B1F-DONG-0587,500X600,보(X),DONG,B1F,500x600,900,,0.27
800X1500-B1F-DONG-0004,800X1500,보(Y),DONG,B1F,800x1500,7900,,9.4799
400X800-B1F-DONG-0197,400X800,보(X),DONG,B1F,400x800,900,,0.288
600X1200-B1F-DONG-0003,600X1200,보(X),DONG,B1F,600x1200,900,,0.648
900X900-B1F-DONG-0118,900X900,보(Y),DONG,B1F,900x900,7900,,6.399
600X1200-B1F-DONG-0004,600X1200,보(X),DONG,B1F,600x1200,900,,0.648
600X900-B1F-DONG-0106,600X900,보(X),DONG,B1F,600x900,900,,0.486
900X900-B1F-DONG-0119,900X900,보(Y),DONG,B1F,900x900,7900,,6.399
400X800-B1F-DONG-0198,400X800,보(X),DONG,B1F,400x800,900,,0.288
500X900-B1F-DONG-0254,500X900,보(X),DONG,B1F,500x900,900,,0.405
900X900-B1F-DONG-0120,900X900,보(Y),DONG,B1F,900x900,8300,,6.723
400X800-B1F-DONG-0199,400X800,보(X),DONG,B1F,400x800,900,,0.288
1000X900-B1F-DONG-0010,1000X900,보(X),DONG,B1F,1000x900,900,,0.81
900X900-B1F-DONG-0121,900X900,보(Y),DONG,B1F,900x900,7700,,6.237
1500X1000-B1F-DONG-0002,1500X1000,보(X),DONG,B1F,1500x1000,900,,1.35
900X900-B1F-DONG-0122,900X900,보(X),DONG,B1F,900x900,900,,0.729
900X900-B1F-DONG-0123,900X900,보(Y),DONG,B1F,900x900,7700,,6.237
500X600-B1F-DONG-0588,500X600,보(X),DONG,B1F,500x600,900,,0.27
600X1200-B1F-DONG-0005,600X1200,보(X),DONG,B1F,600x1200,900,,0.648
900X900-B1F-DONG-0124,900X900,보(Y),DONG,B1F,900x900,7700,,6.237
600X1800-B1F-DONG-0001,600X1800,보(X),DONG,B1F,600x1800,900,,0.972
900X900-B1F-DONG-0125,900X900,보(X),DONG,B1F,900x900,900,,0.729
900X900-B1F-DONG-0126,900X900,보(Y),DONG,B1F,900x900,7700,,6.237
500X600-B1F-DONG-0589,500X600,보(X),DONG,B1F,500x600,900,,0.27
400X800-B1F-DONG-0200,400X800,보(X),DONG,B1F,400x800,900,,0.288
900X900-B1F-DONG-0127,900X900,보(Y),DONG,B1F,900x900,8100,,6.561
400X800-B1F-DONG-0201,400X800,보(X),DONG,B1F,400x800,900,,0.288
500X600-B1F-DONG-0590,500X600,보(X),DONG,B1F,500x600,900,,0.27
900X900-B1F-DONG-0128,900X900,보(Y),DONG,B1F,900x900,7600,,6.156
500X600-B1F-DONG-0591,500X600,보(X),DONG,B1F,500x600,900,,0.27
500X600-B1F-DONG-0592,500X600,보(X),DONG,B1F,500x600,900,,0.27
900X900-B1F-DONG-0129,900X900,보(Y),DONG,B1F,900x900,7600,,6.156
1100X900-B1F-DONG-0024,1100X900,보(X),DONG,B1F,1100x900,900,,0.891
500X600-B1F-DONG-0593,500X600,보(X),DONG,B1F,500x600,900,,0.27
900X900-B1F-DONG-0130,900X900,보(Y),DONG,B1F,900x900,7600,,6.156
700X600-B1F-DONG-0065,700X600,보(X),DONG,B1F,700x600,900,,0.378
400X800-B1F-DONG-0202,400X800,보(X),DONG,B1F,400x800,900,,0.288
900X900-B1F-DONG-0131,900X900,보(Y),DONG,B1F,900x900,7800,,6.318
700X600-B1F-DONG-0066,700X600,보(X),DONG,B1F,700x600,900,,0.378
500X700-B1F-DONG-0010,500X700,보(X),DONG,B1F,500x700,900,,0.315
900X900-B1F-DONG-0132,900X900,보(Y),DONG,B1F,900x900,7600,,6.156
400X800-B1F-DONG-0203,400X800,보(X),DONG,B1F,400x800,900,,0.288
900X900-B1F-DONG-0133,900X900,보(X),DONG,B1F,900x900,900,,0.729
900X900-B1F-DONG-0134,900X900,보(Y),DONG,B1F,900x900,7600,,6.156
400X800-B1F-DONG-0204,400X800,보(X),DONG,B1F,400x800,900,,0.288
600X1500-B1F-DONG-0014,600X1500,보(X),DONG,B1F,600x1500,900,,0.81
900X900-B1F-DONG-0135,900X900,보(Y),DONG,B1F,900x900,7600,,6.156
400X800-B1F-DONG-0205,400X800,보(X),DONG,B1F,400x800,900,,0.288
900X900-B1F-DONG-0136,900X900,보(X),DONG,B1F,900x900,900,,0.729
900X900-B1F-DONG-0137,900X900,보(Y),DONG,B1F,900x900,7600,,6.156
400X800-B1F-DONG-0206,400X800,보(X),DONG,B1F,400x800,900,,0.288
400X800-B1F-DONG-0207,400X800,보(X),DONG,B1F,400x800,900,,0.288
900X900-B1F-DONG-0138,900X900,보(Y),DONG,B1F,900x900,7600,,6.156
400X800-B1F-DONG-0208,400X800,보(X),DONG,B1F,400x800,900,,0.288
400X800-B1F-DONG-0209,400X800,보(X),DONG,B1F,400x800,900,,0.288
900X900-B1F-DONG-0139,900X900,보(Y),DONG,B1F,900x900,7600,,6.156
400X900_EST-B1F-DONG-0008,400X900_EST,보(X),DONG,B1F,400x900,900,,0.324
900X900-B1F-DONG-0140,900X900,보(X),DONG,B1F,900x900,900,,0.729
900X900-B1F-DONG-0141,900X900,보(Y),DONG,B1F,900x900,7600,,6.156
400X800-B1F-DONG-0210,400X800,보(X),DONG,B1F,400x800,900,,0.288
400X800-B1F-DONG-0211,400X800,보(X),DONG,B1F,400x800,900,,0.288
900X900-B1F-DONG-0142,900X900,보(Y),DONG,B1F,900x900,7600,,6.156
400X800-B1F-DONG-0212,400X800,보(X),DONG,B1F,400x800,900,,0.288
700X900-B1F-DONG-0106,700X900,보(X),DONG,B1F,700x900,900,,0.567
900X900-B1F-DONG-0143,900X900,보(Y),DONG,B1F,900x900,7600,,6.156
400X800-B1F-DONG-0213,400X800,보(X),DONG,B1F,400x800,900,,0.288
400X800-B1F-DONG-0214,400X800,보(X),DONG,B1F,400x800,900,,0.288
900X900-B1F-DONG-0144,900X900,보(Y),DONG,B1F,900x900,7600,,6.156
400X800-B1F-DONG-0215,400X800,보(X),DONG,B1F,400x800,900,,0.288
700X900-B1F-DONG-0107,700X900,보(X),DONG,B1F,700x900,900,,0.567
900X900-B1F-DONG-0145,900X900,보(Y),DONG,B1F,900x900,7600,,6.156
500X900-B1F-DONG-0255,500X900,보(X),DONG,B1F,500x900,900,,0.405
900X900-B1F-DONG-0146,900X900,보(X),DONG,B1F,900x900,900,,0.729
900X900-B1F-DONG-0147,900X900,보(Y),DONG,B1F,900x900,7600,,6.156
600X900-B1F-DONG-0107,600X900,보(X),DONG,B1F,600x900,900,,0.486
600X900-B1F-DONG-0108,600X900,보(X),DONG,B1F,600x900,900,,0.486
900X900-B1F-DONG-0148,900X900,보(Y),DONG,B1F,900x900,7800,,6.318
500X900-B1F-DONG-0256,500X900,보(X),DONG,B1F,500x900,900,,0.405
600X900-B1F-DONG-0109,600X900,보(X),DONG,B1F,600x900,900,,0.486
900X900-B1F-DONG-0149,900X900,보(Y),DONG,B1F,900x900,7800,,6.318
500X900-B1F-DONG-0257,500X900,보(X),DONG,B1F,500x900,900,,0.405
900X900-B1F-DONG-0150,900X900,보(X),DONG,B1F,900x900,900,,0.729
900X900-B1F-DONG-0151,900X900,보(Y),DONG,B1F,900x900,7600,,6.156
900X900-B1F-DONG-0152,900X900,보(X),DONG,B1F,900x900,900,,0.729
900X900-B1F-DONG-0153,900X900,보(X),DONG,B1F,900x900,900,,0.729
900X900-B1F-DONG-0154,900X900,보(Y),DONG,B1F,900x900,7800,,6.318
600X900-B1F-DONG-0110,600X900,보(X),DONG,B1F,600x900,900,,0.486
900X900-B1F-DONG-0155,900X900,보(X),DONG,B1F,900x900,900,,0.729
900X900-B1F-DONG-0156,900X900,보(Y),DONG,B1F,900x900,7600,,6.156
900X900-B1F-DONG-0157,900X900,보(X),DONG,B1F,900x900,900,,0.729
900X900-B1F-DONG-0158,900X900,보(X),DONG,B1F,900x900,900,,0.729
900X900-B1F-DONG-0159,900X900,보(Y),DONG,B1F,900x900,7800,,6.318
600X900-B1F-DONG-0111,600X900,보(X),DONG,B1F,600x900,900,,0.486
400X800-B1F-DONG-0216,400X800,보(X),DONG,B1F,400x800,900,,0.288
900X900-B1F-DONG-0160,900X900,보(Y),DONG,B1F,900x900,7600,,6.156
400X800-B1F-DONG-0217,400X800,보(X),DONG,B1F,400x800,900,,0.288
400X800-B1F-DONG-0218,400X800,보(X),DONG,B1F,400x800,900,,0.288
900X900-B1F-DONG-0161,900X900,보(Y),DONG,B1F,900x900,7800,,6.318
600X900-B1F-DONG-0112,600X900,보(X),DONG,B1F,600x900,900,,0.486
400X800-B1F-DONG-0219,400X800,보(X),DONG,B1F,400x800,900,,0.288
900X900-B1F-DONG-0162,900X900,보(Y),DONG,B1F,900x900,7600,,6.156
400X800-B1F-DONG-0220,400X800,보(X),DONG,B1F,400x800,900,,0.288
400X800-B1F-DONG-0221,400X800,보(X),DONG,B1F,400x800,900,,0.288
900X900-B1F-DONG-0163,900X900,보(Y),DONG,B1F,900x900,7800,,6.318
600X900-B1F-DONG-0113,600X900,보(X),DONG,B1F,600x900,900,,0.486
500X900-B1F-DONG-0258,500X900,보(X),DONG,B1F,500x900,900,,0.405
900X900-B1F-DONG-0164,900X900,보(Y),DONG,B1F,900x900,7600,,6.156
500X900-B1F-DONG-0259,500X900,보(X),DONG,B1F,500x900,900,,0.405
500X900-B1F-DONG-0260,500X900,보(X),DONG,B1F,500x900,900,,0.405
900X900-B1F-DONG-0165,900X900,보(Y),DONG,B1F,900x900,7800,,6.318
500X900-B1F-DONG-0261,500X900,보(X),DONG,B1F,500x900,900,,0.405
900X900-B1F-DONG-0166,900X900,보(X),DONG,B1F,900x900,600,,0.486
600X900-B1F-DONG-0114,600X900,보(Y),DONG,B1F,600x900,7445,,4.0206
1000X900-B1F-DONG-0011,1000X900,보(X),DONG,B1F,1000x900,600,,0.54
600X900-B1F-DONG-0115,600X900,보(Y),DONG,B1F,600x900,7449,,4.0225
900X900-B1F-DONG-0167,900X900,보(X),DONG,B1F,900x900,600,,0.486
1100X900-B1F-DONG-0025,1100X900,보(X),DONG,B1F,1100x900,600,,0.594
600X900-B1F-DONG-0116,600X900,보(Y),DONG,B1F,600x900,7250,,3.9149
700X900-B1F-DONG-0108,700X900,보(X),DONG,B1F,700x900,600,,0.378
700X900-B1F-DONG-0109,700X900,보(X),DONG,B1F,700x900,618,,0.3895
700X900-B1F-DONG-0110,700X900,보(Y),DONG,B1F,700x900,1393,,0.8778
700X900-B1F-DONG-0111,700X900,보(X),DONG,B1F,700x900,600,,0.378
700X900-B1F-DONG-0112,700X900,보(Y),DONG,B1F,700x900,1543,,0.9718
700X900-B1F-DONG-0113,700X900,보(X),DONG,B1F,700x900,600,,0.378
600X900-B1F-DONG-0117,600X900,보(Y),DONG,B1F,600x900,7590,,4.0986
1100X900-B1F-DONG-0026,1100X900,보(X),DONG,B1F,1100x900,600,,0.594
700X900-B1F-DONG-0114,700X900,보(Y),DONG,B1F,700x900,5737,,3.6146
700X900-B1F-DONG-0115,700X900,보(X),DONG,B1F,700x900,700,,0.441
700X900-B1F-DONG-0116,700X900,보(Y),DONG,B1F,700x900,5912,,3.7246
600X900-B1F-DONG-0118,600X900,보(X),DONG,B1F,600x900,700,,0.378
700X900-B1F-DONG-0117,700X900,보(Y),DONG,B1F,700x900,7889,,4.9699
600X900-B1F-DONG-0119,600X900,보(X),DONG,B1F,600x900,700,,0.378
1100X900-B1F-DONG-0027,1100X900,보(X),DONG,B1F,1100x900,700,,0.6931
700X900-B1F-DONG-0118,700X900,보(Y),DONG,B1F,700x900,7550,,4.7563
1000X900-B1F-DONG-0012,1000X900,보(X),DONG,B1F,1000x900,700,,0.6301
500X900-B1F-DONG-0262,500X900,보(X),DONG,B1F,500x900,900,,0.405
900X900-B1F-DONG-0168,900X900,보(Y),DONG,B1F,900x900,9710,,7.8651
500X900-B1F-DONG-0263,500X900,보(X),DONG,B1F,500x900,901,,0.4054
700X900-B1F-DONG-0119,700X900,보(X),DONG,B1F,700x900,900,,0.567
900X900-B1F-DONG-0169,900X900,보(Y),DONG,B1F,900x900,9510,,7.7031
700X900-B1F-DONG-0120,700X900,보(X),DONG,B1F,700x900,901,,0.5675
700X900-B1F-DONG-0121,700X900,보(X),DONG,B1F,700x900,700,,0.441
700X900-B1F-DONG-0122,700X900,보(Y),DONG,B1F,700x900,9510,,5.9913
700X900-B1F-DONG-0123,700X900,보(X),DONG,B1F,700x900,701,,0.4415
700X900-B1F-DONG-0124,700X900,보(X),DONG,B1F,700x900,700,,0.441
700X900-B1F-DONG-0125,700X900,보(Y),DONG,B1F,700x900,4020,,2.5325
700X900-B1F-DONG-0126,700X900,보(X),DONG,B1F,700x900,701,,0.4415
600X900-B1F-DONG-0120,600X900,보(Y),DONG,B1F,600x900,600,,0.324
600X900-B1F-DONG-0121,600X900,보(X),DONG,B1F,600x900,7639,,4.1252
500X900-B1F-DONG-0264,500X900,보(Y),DONG,B1F,500x900,600,,0.27
600X900-B1F-DONG-0122,600X900,보(Y),DONG,B1F,600x900,618,,0.3339
600X900-B1F-DONG-0123,600X900,보(X),DONG,B1F,600x900,4268,,2.3046
600X900-B1F-DONG-0124,600X900,보(Y),DONG,B1F,600x900,600,,0.324
500X900-B1F-DONG-0265,500X900,보(Y),DONG,B1F,500x900,600,,0.27
600X900-B1F-DONG-0125,600X900,보(X),DONG,B1F,600x900,7500,,4.0501
700X900-B1F-DONG-0127,700X900,보(Y),DONG,B1F,700x900,600,,0.378
700X900-B1F-DONG-0128,700X900,보(X),DONG,B1F,700x900,700,,0.441
700X900-B1F-DONG-0129,700X900,보(Y),DONG,B1F,700x900,7504,,4.7278
1100X900-B1F-DONG-0028,1100X900,보(X),DONG,B1F,1100x900,700,,0.6931
700X900-B1F-DONG-0130,700X900,보(X),DONG,B1F,700x900,722,,0.4546
700X900-B1F-DONG-0131,700X900,보(Y),DONG,B1F,700x900,2335,,1.4711
700X900-B1F-DONG-0132,700X900,보(X),DONG,B1F,700x900,700,,0.441
800X900-B1F-DONG-0054,800X900,보(X),DONG,B1F,800x900,618,,0.4452
600X900-B1F-DONG-0126,600X900,보(Y),DONG,B1F,600x900,3372,,1.8209
600X900-B1F-DONG-0127,600X900,보(X),DONG,B1F,600x900,600,,0.324
500X900-B1F-DONG-0266,500X900,보(Y),DONG,B1F,500x900,3850,,1.7325
500X900-B1F-DONG-0267,500X900,보(X),DONG,B1F,500x900,500,,0.225
700X900-B1F-DONG-0133,700X900,보(X),DONG,B1F,700x900,700,,0.441
700X900-B1F-DONG-0134,700X900,보(Y),DONG,B1F,700x900,4100,,2.583
800X900-B1F-DONG-0055,800X900,보(X),DONG,B1F,800x900,700,,0.504
600X900-B1F-DONG-0128,600X900,보(X),DONG,B1F,600x900,700,,0.378
700X900-B1F-DONG-0135,700X900,보(Y),DONG,B1F,700x900,4200,,2.646
800X900-B1F-DONG-0056,800X900,보(X),DONG,B1F,800x900,700,,0.504
700X900-B1F-DONG-0136,700X900,보(X),DONG,B1F,700x900,711,,0.4478
700X900-B1F-DONG-0137,700X900,보(Y),DONG,B1F,700x900,4701,,2.9617
900X900-B1F-DONG-0170,900X900,보(X),DONG,B1F,900x900,700,,0.567
900X900-B1F-DONG-0171,900X900,보(X),DONG,B1F,900x900,600,,0.486
600X900-B1F-DONG-0129,600X900,보(Y),DONG,B1F,600x900,7550,,4.077
600X900-B1F-DONG-0130,600X900,보(X),DONG,B1F,600x900,600,,0.324
800X900-B1F-DONG-0057,800X900,보(X),DONG,B1F,800x900,600,,0.432
600X900-B1F-DONG-0131,600X900,보(Y),DONG,B1F,600x900,7550,,4.077
800X900-B1F-DONG-0058,800X900,보(X),DONG,B1F,800x900,600,,0.432
800X900-B1F-DONG-0059,800X900,보(X),DONG,B1F,800x900,600,,0.432
600X900-B1F-DONG-0132,600X900,보(Y),DONG,B1F,600x900,7600,,4.104
800X900-B1F-DONG-0060,800X900,보(X),DONG,B1F,800x900,600,,0.432
600X900-B1F-DONG-0133,600X900,보(X),DONG,B1F,600x900,500,,0.27
500X900-B1F-DONG-0268,500X900,보(Y),DONG,B1F,500x900,7800,,3.51
600X900-B1F-DONG-0134,600X900,보(X),DONG,B1F,600x900,500,,0.27
600X900-B1F-DONG-0135,600X900,보(X),DONG,B1F,600x900,500,,0.27
500X900-B1F-DONG-0269,500X900,보(Y),DONG,B1F,500x900,4700,,2.115
500X900-B1F-DONG-0270,500X900,보(X),DONG,B1F,500x900,500,,0.225
700X900-B1F-DONG-0138,700X900,보(X),DONG,B1F,700x900,500,,0.315
500X900-B1F-DONG-0271,500X900,보(Y),DONG,B1F,500x900,7150,,3.2175
600X900-B1F-DONG-0136,600X900,보(X),DONG,B1F,600x900,500,,0.27
700X900-B1F-DONG-0139,700X900,보(X),DONG,B1F,700x900,500,,0.315
500X900-B1F-DONG-0272,500X900,보(Y),DONG,B1F,500x900,7800,,3.51
700X900-B1F-DONG-0140,700X900,보(X),DONG,B1F,700x900,500,,0.315
700X900-B1F-DONG-0141,700X900,보(X),DONG,B1F,700x900,500,,0.315
500X900-B1F-DONG-0273,500X900,보(Y),DONG,B1F,500x900,7800,,3.51
700X900-B1F-DONG-0142,700X900,보(X),DONG,B1F,700x900,500,,0.315
700X900-B1F-DONG-0143,700X900,보(X),DONG,B1F,700x900,1917,,1.2076
700X900-B1F-DONG-0144,700X900,보(X),DONG,B1F,700x900,500,,0.315
500X900-B1F-DONG-0274,500X900,보(Y),DONG,B1F,500x900,7700,,3.465
700X900-B1F-DONG-0145,700X900,보(X),DONG,B1F,700x900,500,,0.315
500X900-B1F-DONG-0275,500X900,보(X),DONG,B1F,500x900,500,,0.225
500X900-B1F-DONG-0276,500X900,보(Y),DONG,B1F,500x900,3650,,1.6425
700X900-B1F-DONG-0146,700X900,보(X),DONG,B1F,700x900,500,,0.315
600X900-B1F-DONG-0137,600X900,보(X),DONG,B1F,600x900,600,,0.324
600X900-B1F-DONG-0138,600X900,보(Y),DONG,B1F,600x900,3500,,1.89
800X900-B1F-DONG-0061,800X900,보(X),DONG,B1F,800x900,600,,0.432
600X900-B1F-DONG-0139,600X900,보(X),DONG,B1F,600x900,600,,0.324
600X900-B1F-DONG-0140,600X900,보(Y),DONG,B1F,600x900,3500,,1.89
800X900-B1F-DONG-0062,800X900,보(X),DONG,B1F,800x900,600,,0.432
600X900-B1F-DONG-0141,600X900,보(X),DONG,B1F,600x900,600,,0.324
600X900-B1F-DONG-0142,600X900,보(Y),DONG,B1F,600x900,3500,,1.89
800X900-B1F-DONG-0063,800X900,보(X),DONG,B1F,800x900,600,,0.432
800X900-B1F-DONG-0064,800X900,보(X),DONG,B1F,800x900,600,,0.432
600X900-B1F-DONG-0143,600X900,보(Y),DONG,B1F,600x900,7650,,4.131
700X900-B1F-DONG-0147,700X900,보(X),DONG,B1F,700x900,600,,0.378
800X900-B1F-DONG-0065,800X900,보(X),DONG,B1F,800x900,600,,0.432
600X900-B1F-DONG-0144,600X900,보(Y),DONG,B1F,600x900,7550,,4.077
900X900-B1F-DONG-0172,900X900,보(X),DONG,B1F,900x900,600,,0.486
800X900-B1F-DONG-0066,800X900,보(X),DONG,B1F,800x900,600,,0.432
600X900-B1F-DONG-0145,600X900,보(Y),DONG,B1F,600x900,7500,,4.05
1000X900-B1F-DONG-0013,1000X900,보(X),DONG,B1F,1000x900,600,,0.54
500X900-B1F-DONG-0277,500X900,보(Y),DONG,B1F,500x900,500,,0.225
500X900-B1F-DONG-0278,500X900,보(X),DONG,B1F,500x900,7800,,3.51
500X900-B1F-DONG-0279,500X900,보(Y),DONG,B1F,500x900,500,,0.225
900X900-B1F-DONG-0173,900X900,보(X),DONG,B1F,900x900,600,,0.486
600X900-B1F-DONG-0146,600X900,보(Y),DONG,B1F,600x900,7500,,4.05
1100X900-B1F-DONG-0029,1100X900,보(X),DONG,B1F,1100x900,600,,0.594
1000X900-B1F-DONG-0014,1000X900,보(X),DONG,B1F,1000x900,700,,0.63
700X900-B1F-DONG-0148,700X900,보(Y),DONG,B1F,700x900,7450,,4.6935
1100X900-B1F-DONG-0030,1100X900,보(X),DONG,B1F,1100x900,700,,0.693
500X900-B1F-DONG-0280,500X900,보(Y),DONG,B1F,500x900,500,,0.225
500X900-B1F-DONG-0281,500X900,보(X),DONG,B1F,500x900,7800,,3.51
500X900-B1F-DONG-0282,500X900,보(Y),DONG,B1F,500x900,500,,0.225
700X900-B1F-DONG-0149,700X900,보(Y),DONG,B1F,700x900,500,,0.315
500X900-B1F-DONG-0283,500X900,보(X),DONG,B1F,500x900,7800,,3.51
700X900-B1F-DONG-0150,700X900,보(Y),DONG,B1F,700x900,500,,0.315
1100X900-B1F-DONG-0031,1100X900,보(X),DONG,B1F,1100x900,600,,0.594
600X900-B1F-DONG-0147,600X900,보(Y),DONG,B1F,600x900,7200,,3.888
1100X900-B1F-DONG-0032,1100X900,보(X),DONG,B1F,1100x900,600,,0.594
1100X900-B1F-DONG-0033,1100X900,보(X),DONG,B1F,1100x900,700,,0.693
700X900-B1F-DONG-0151,700X900,보(Y),DONG,B1F,700x900,7596,,4.7853
400X900_EST-B1F-DONG-0009,400X900_EST,보(X),DONG,B1F,400x900,700,,0.252
700X900-B1F-DONG-0152,700X900,보(X),DONG,B1F,700x900,800,,0.504
600X900-B1F-DONG-0148,600X900,보(Y),DONG,B1F,600x900,7710,,4.1632
700X900-B1F-DONG-0153,700X900,보(X),DONG,B1F,700x900,800,,0.504
600X900-B1F-DONG-0149,600X900,보(X),DONG,B1F,600x900,6657,,3.5946
600X900-B1F-DONG-0150,600X900,보(Y),DONG,B1F,600x900,609,,0.329
600X900-B1F-DONG-0151,600X900,보(X),DONG,B1F,600x900,6762,,3.6517
900X900-B1F-DONG-0174,900X900,보(Y),DONG,B1F,900x900,600,,0.486
600X900-B1F-DONG-0152,600X900,보(X),DONG,B1F,600x900,7300,,3.942
700X1500-B1F-DONG-0004,700X1500,보(Y),DONG,B1F,700x1500,600,,0.63
900X900-B1F-DONG-0175,900X900,보(Y),DONG,B1F,900x900,600,,0.486
600X900-B1F-DONG-0153,600X900,보(X),DONG,B1F,600x900,7750,,4.1849
800X900-B1F-DONG-0067,800X900,보(Y),DONG,B1F,800x900,600,,0.432
700X900-B1F-DONG-0154,700X900,보(X),DONG,B1F,700x900,7215,,4.5456
800X900-B1F-DONG-0068,800X900,보(Y),DONG,B1F,800x900,700,,0.504
700X900-B1F-DONG-0155,700X900,보(X),DONG,B1F,700x900,7247,,4.5655
800X900-B1F-DONG-0069,800X900,보(Y),DONG,B1F,800x900,701,,0.5045
800X900-B1F-DONG-0070,800X900,보(Y),DONG,B1F,800x900,701,,0.5045
700X900-B1F-DONG-0156,700X900,보(X),DONG,B1F,700x900,7726,,4.8671
1100X900-B1F-DONG-0034,1100X900,보(Y),DONG,B1F,1100x900,701,,0.6937
800X900-B1F-DONG-0071,800X900,보(X),DONG,B1F,800x900,609,,0.4387
600X900-B1F-DONG-0154,600X900,보(Y),DONG,B1F,600x900,4716,,2.5467
500X600-B1F-DONG-0594,500X600,보(X),DONG,B1F,500x600,609,,0.1828
600X900-B1F-DONG-0155,600X900,보(Y),DONG,B1F,600x900,4716,,2.5467
900X900-B1F-DONG-0176,900X900,보(X),DONG,B1F,900x900,600,,0.486
600X900-B1F-DONG-0156,600X900,보(Y),DONG,B1F,600x900,4448,,2.4018
600X900-B1F-DONG-0157,600X900,보(X),DONG,B1F,600x900,609,,0.329
900X900-B1F-DONG-0177,900X900,보(X),DONG,B1F,900x900,600,,0.486
600X900-B1F-DONG-0158,600X900,보(Y),DONG,B1F,600x900,7546,,4.0748
1000X900-B1F-DONG-0015,1000X900,보(X),DONG,B1F,1000x900,600,,0.5403
600X900-B1F-DONG-0159,600X900,보(X),DONG,B1F,600x900,600,,0.3243
600X900-B1F-DONG-0160,600X900,보(Y),DONG,B1F,600x900,7618,,4.1139
1000X900-B1F-DONG-0016,1000X900,보(X),DONG,B1F,1000x900,600,,0.5403
1500X1000-B1F-DONG-0003,1500X1000,보(X),DONG,B1F,1500x1000,600,,0.9002
600X900-B1F-DONG-0161,600X900,보(Y),DONG,B1F,600x900,7239,,3.9089
700X900-B1F-DONG-0157,700X900,보(X),DONG,B1F,700x900,600,,0.378
600X900-B1F-DONG-0162,600X900,보(Y),DONG,B1F,600x900,7228,,3.9029
1100X900-B1F-DONG-0035,1100X900,보(X),DONG,B1F,1100x900,600,,0.5941
600X900-B1F-DONG-0163,600X900,보(Y),DONG,B1F,600x900,7201,,3.8883
700X900-B1F-DONG-0158,700X900,보(X),DONG,B1F,700x900,601,,0.3784
1100X900-B1F-DONG-0036,1100X900,보(Y),DONG,B1F,1100x900,700,,0.693
400X800-B1F-DONG-0222,400X800,보(X),DONG,B1F,400x800,7700,,2.464
400X800-B1F-DONG-0223,400X800,보(Y),DONG,B1F,400x800,700,,0.224
400X800-B1F-DONG-0224,400X800,보(X),DONG,B1F,400x800,7878,,2.5208
1100X900-B1F-DONG-0037,1100X900,보(Y),DONG,B1F,1100x900,700,,0.693
700X900-B1F-DONG-0159,700X900,보(X),DONG,B1F,700x900,7973,,5.0227
400X800-B1F-DONG-0225,400X800,보(Y),DONG,B1F,400x800,706,,0.2261
400X800-B1F-DONG-0226,400X800,보(Y),DONG,B1F,400x800,605,,0.1938
600X900-B1F-DONG-0164,600X900,보(X),DONG,B1F,600x900,6826,,3.686
400X800-B1F-DONG-0227,400X800,보(Y),DONG,B1F,400x800,600,,0.192
500X600-B1F-DONG-0595,500X600,보(X),DONG,B1F,500x600,500,,0.15
500X900-B1F-DONG-0284,500X900,보(Y),DONG,B1F,500x900,4000,,1.8
600X900-B1F-DONG-0165,600X900,보(X),DONG,B1F,600x900,500,,0.27
600X900-B1F-DONG-0166,600X900,보(Y),DONG,B1F,600x900,3517,,1.899
700X1500-B1F-DONG-0005,700X1500,보(X),DONG,B1F,700x1500,600,,0.63
400X900-B1F-DONG-0008,400X900,보(Y),DONG,B1F,400x900,3455,,1.2437
600X900-B1F-DONG-0167,600X900,보(Y),DONG,B1F,600x900,6346,,3.4266
600X600-B1F-DONG-0019,600X600,보(X),DONG,B1F,600x600,603,,0.2171
600X900-B1F-DONG-0168,600X900,보(Y),DONG,B1F,600x900,6407,,3.46
800X900-B1F-DONG-0072,800X900,보(X),DONG,B1F,800x900,600,,0.432
600X900-B1F-DONG-0169,600X900,보(Y),DONG,B1F,600x900,6234,,3.3661
800X900-B1F-DONG-0073,800X900,보(X),DONG,B1F,800x900,600,,0.432
600X900-B1F-DONG-0170,600X900,보(Y),DONG,B1F,600x900,6234,,3.3661
800X900-B1F-DONG-0074,800X900,보(Y),DONG,B1F,800x900,601,,0.4324
600X900-B1F-DONG-0171,600X900,보(X),DONG,B1F,600x900,6968,,3.7625
800X900-B1F-DONG-0075,800X900,보(Y),DONG,B1F,800x900,600,,0.432
600X900-B1F-DONG-0172,600X900,보(X),DONG,B1F,600x900,6939,,3.7468
800X900-B1F-DONG-0076,800X900,보(Y),DONG,B1F,800x900,600,,0.432
600X900-B1F-DONG-0173,600X900,보(X),DONG,B1F,600x900,4614,,2.4915
800X900-B1F-DONG-0077,800X900,보(Y),DONG,B1F,800x900,601,,0.4324
600X900-B1F-DONG-0174,600X900,보(X),DONG,B1F,600x900,6457,,3.4867
800X900-B1F-DONG-0078,800X900,보(Y),DONG,B1F,800x900,600,,0.432
600X900-B1F-DONG-0175,600X900,보(X),DONG,B1F,600x900,6571,,3.5482
500X900-B1F-DONG-0285,500X900,보(Y),DONG,B1F,500x900,600,,0.27
600X900-B1F-DONG-0176,600X900,보(X),DONG,B1F,600x900,5607,,3.0278
800X900-B1F-DONG-0079,800X900,보(Y),DONG,B1F,800x900,611,,0.4397
600X900-B1F-DONG-0177,600X900,보(Y),DONG,B1F,600x900,6484,,3.5013
600X900-B1F-DONG-0178,600X900,보(X),DONG,B1F,600x900,600,,0.3242
600X900-B1F-DONG-0179,600X900,보(Y),DONG,B1F,600x900,6132,,3.3115
400X800-B1F-DONG-0228,400X800,보(X),DONG,B1F,400x800,600,,0.192
600X900-B1F-DONG-0180,600X900,보(Y),DONG,B1F,600x900,8756,,4.7283
800X900-B1F-DONG-0080,800X900,보(X),DONG,B1F,800x900,707,,0.5087
400X800-B1F-DONG-0229,400X800,보(X),DONG,B1F,400x800,600,,0.192
600X900-B1F-DONG-0181,600X900,보(Y),DONG,B1F,600x900,6965,,3.7612
500X600-B1F-DONG-0596,500X600,보(X),DONG,B1F,500x600,616,,0.1848
600X900-B1F-DONG-0182,600X900,보(Y),DONG,B1F,600x900,7104,,3.8362
1100X900-B1F-DONG-0038,1100X900,보(X),DONG,B1F,1100x900,616,,0.6097
600X900-B1F-DONG-0183,600X900,보(Y),DONG,B1F,600x900,6239,,3.3692
500X600-B1F-DONG-0597,500X600,보(X),DONG,B1F,500x600,600,,0.18
600X900-B1F-DONG-0184,600X900,보(Y),DONG,B1F,600x900,4694,,2.5348
900X900-B1F-DONG-0178,900X900,보(X),DONG,B1F,900x900,610,,0.4941
600X900-B1F-DONG-0185,600X900,보(Y),DONG,B1F,600x900,4953,,2.6747
900X900-B1F-DONG-0179,900X900,보(X),DONG,B1F,900x900,610,,0.4941
600X900-B1F-DONG-0186,600X900,보(Y),DONG,B1F,600x900,8261,,4.4611
700X900-B1F-DONG-0160,700X900,보(X),DONG,B1F,700x900,600,,0.378
600X900-B1F-DONG-0187,600X900,보(Y),DONG,B1F,600x900,8152,,4.402
800X900-B1F-DONG-0081,800X900,보(Y),DONG,B1F,800x900,8273,,5.9567
700X900-B1F-DONG-0161,700X900,보(X),DONG,B1F,700x900,801,,0.5045
800X900-B1F-DONG-0082,800X900,보(Y),DONG,B1F,800x900,8157,,5.8731
700X900-B1F-DONG-0162,700X900,보(Y),DONG,B1F,700x900,7525,,4.7407
600X900-B1F-DONG-0188,600X900,보(X),DONG,B1F,600x900,708,,0.3825
700X900-B1F-DONG-0163,700X900,보(Y),DONG,B1F,700x900,7531,,4.7446
500X900-B1F-DONG-0286,500X900,보(X),DONG,B1F,500x900,600,,0.27
600X900-B1F-DONG-0189,600X900,보(Y),DONG,B1F,600x900,7295,,3.9393
900X900-B1F-DONG-0180,900X900,보(X),DONG,B1F,900x900,600,,0.486
1100X900-B1F-DONG-0039,1100X900,보(X),DONG,B1F,1100x900,616,,0.6097
600X900-B1F-DONG-0190,600X900,보(Y),DONG,B1F,600x900,9487,,5.123
600X1000-B1F-DONG-0003,600X1000,보(X),DONG,B1F,600x1000,600,,0.36
600X900-B1F-DONG-0191,600X900,보(Y),DONG,B1F,600x900,9348,,5.0479
500X600-B1F-DONG-0598,500X600,보(X),DONG,B1F,500x600,616,,0.1848
600X900-B1F-DONG-0192,600X900,보(Y),DONG,B1F,600x900,8622,,4.6559
600X900-B1F-DONG-0193,600X900,보(X),DONG,B1F,600x900,600,,0.324
600X900-B1F-DONG-0194,600X900,보(Y),DONG,B1F,600x900,8483,,4.5809
800X900-B1F-DONG-0083,800X900,보(Y),DONG,B1F,800x900,502,,0.3617
500X900-B1F-DONG-0287,500X900,보(X),DONG,B1F,500x900,3139,,1.4125
600X600-B1F-DONG-0020,600X600,보(Y),DONG,B1F,600x600,500,,0.18
500X900-B1F-DONG-0288,500X900,보(X),DONG,B1F,500x900,7196,,3.238
500X700-B1F-DONG-0011,500X700,보(Y),DONG,B1F,500x700,502,,0.1758
500X900-B1F-DONG-0289,500X900,보(X),DONG,B1F,500x900,7147,,3.2161
500X900-B1F-DONG-0290,500X900,보(X),DONG,B1F,500x900,6951,,3.1277
500X900-B1F-DONG-0291,500X900,보(X),DONG,B1F,500x900,6810,,3.0646
600X900-B1F-DONG-0195,600X900,보(X),DONG,B1F,600x900,500,,0.27
500X900-B1F-DONG-0292,500X900,보(Y),DONG,B1F,500x900,4700,,2.115
500X900-B1F-DONG-0293,500X900,보(X),DONG,B1F,500x900,500,,0.225
500X600-B1F-DONG-0599,500X600,보(X),DONG,B1F,500x600,5554,,1.6662
500X600-B1F-DONG-0600,500X600,보(X),DONG,B1F,500x600,500,,0.15
500X600-B1F-DONG-0601,500X600,보(Y),DONG,B1F,500x600,3040,,0.912
600X900-B1F-DONG-0196,600X900,보(X),DONG,B1F,600x900,500,,0.27
500X600-B1F-DONG-0602,500X600,보(X),DONG,B1F,500x600,4102,,1.2307
500X900-B1F-DONG-0294,500X900,보(X),DONG,B1F,500x900,500,,0.225
500X900-B1F-DONG-0295,500X900,보(Y),DONG,B1F,500x900,5670,,2.5515
700X900-B1F-DONG-0164,700X900,보(X),DONG,B1F,700x900,500,,0.315
400X900-B1F-DONG-0009,400X900,보(X),DONG,B1F,400x900,2892,,1.0413
400X900-B1F-DONG-0010,400X900,보(X),DONG,B1F,400x900,2892,,1.0413
500X900-B1F-DONG-0296,500X900,보(X),DONG,B1F,500x900,500,,0.225
500X600-B1F-DONG-0603,500X600,보(Y),DONG,B1F,500x600,3900,,1.17
400X800-B1F-DONG-0230,400X800,보(X),DONG,B1F,400x800,500,,0.16
400X800-B1F-DONG-0231,400X800,보(X),DONG,B1F,400x800,500,,0.16
500X900-B1F-DONG-0297,500X900,보(Y),DONG,B1F,500x900,4844,,2.18
800X900-B1F-DONG-0084,800X900,보(X),DONG,B1F,800x900,500,,0.36
400X900-B1F-DONG-0011,400X900,보(X),DONG,B1F,400x900,2246,,0.8086
400X900-B1F-DONG-0012,400X900,보(X),DONG,B1F,400x900,2392,,0.8612
700X900-B1F-DONG-0165,700X900,보(X),DONG,B1F,700x900,7715,,4.8603
600X900-B1F-DONG-0197,600X900,보(Y),DONG,B1F,600x900,700,,0.378
700X900-B1F-DONG-0166,700X900,보(X),DONG,B1F,700x900,7648,,4.818
700X900-B1F-DONG-0167,700X900,보(X),DONG,B1F,700x900,7715,,4.8603
600X900-B1F-DONG-0198,600X900,보(Y),DONG,B1F,600x900,700,,0.378
700X900-B1F-DONG-0168,700X900,보(X),DONG,B1F,700x900,7648,,4.818
700X900-B1F-DONG-0169,700X900,보(X),DONG,B1F,700x900,7137,,4.4961
500X700-B1F-DONG-0012,500X700,보(Y),DONG,B1F,500x700,710,,0.2484
700X900-B1F-DONG-0170,700X900,보(X),DONG,B1F,700x900,7185,,4.5267
500X700-B1F-DONG-0013,500X700,보(Y),DONG,B1F,500x700,703,,0.2462
700X900-B1F-DONG-0171,700X900,보(X),DONG,B1F,700x900,7298,,4.5975
600X900-B1F-DONG-0199,600X900,보(Y),DONG,B1F,600x900,700,,0.378
600X900-B1F-DONG-0200,600X900,보(Y),DONG,B1F,600x900,700,,0.378
700X900-B1F-DONG-0172,700X900,보(X),DONG,B1F,700x900,7350,,4.6305
500X600-B1F-DONG-0604,500X600,보(Y),DONG,B1F,500x600,700,,0.21
700X900-B1F-DONG-0173,700X900,보(X),DONG,B1F,700x900,7048,,4.4406
500X600-B1F-DONG-0605,500X600,보(Y),DONG,B1F,500x600,700,,0.21
700X900-B1F-DONG-0174,700X900,보(X),DONG,B1F,700x900,7245,,4.5642
400X900-B1F-DONG-0013,400X900,보(Y),DONG,B1F,400x900,3647,,1.3131
400X900-B1F-DONG-0014,400X900,보(Y),DONG,B1F,400x900,3764,,1.3552
900X900-B1F-DONG-0181,900X900,보(Y),DONG,B1F,900x900,700,,0.567
700X900-B1F-DONG-0175,700X900,보(X),DONG,B1F,700x900,7300,,4.599
900X900-B1F-DONG-0182,900X900,보(Y),DONG,B1F,900x900,700,,0.567
400X900-B1F-DONG-0015,400X900,보(Y),DONG,B1F,400x900,3267,,1.1762
700X900-B1F-DONG-0176,700X900,보(Y),DONG,B1F,700x900,6467,,4.074
700X900-B1F-DONG-0177,700X900,보(X),DONG,B1F,700x900,700,,0.441
700X900-B1F-DONG-0178,700X900,보(Y),DONG,B1F,700x900,6641,,4.184
400X900-B1F-DONG-0016,400X900,보(X),DONG,B1F,400x900,3650,,1.314
500X600-B1F-DONG-0606,500X600,보(X),DONG,B1F,500x600,5348,,1.6043
500X600-B1F-DONG-0607,500X600,보(Y),DONG,B1F,500x600,700,,0.21
500X600-B1F-DONG-0608,500X600,보(X),DONG,B1F,500x600,7700,,2.31
600X1800-B1F-DONG-0002,600X1800,보(Y),DONG,B1F,600x1800,700,,0.756
900X900-B1F-DONG-0183,900X900,보(Y),DONG,B1F,900x900,700,,0.567
400X800-B1F-DONG-0232,400X800,보(X),DONG,B1F,400x800,7700,,2.464
900X900-B1F-DONG-0184,900X900,보(Y),DONG,B1F,900x900,700,,0.567
400X900-B1F-DONG-0017,400X900,보(Y),DONG,B1F,400x900,2985,,1.0748
400X900-B1F-DONG-0018,400X900,보(Y),DONG,B1F,400x900,2985,,1.0748
400X900-B1F-DONG-0019,400X900,보(Y),DONG,B1F,400x900,2985,,1.0748
400X900-B1F-DONG-0020,400X900,보(Y),DONG,B1F,400x900,2985,,1.0748
400X900-B1F-DONG-0021,400X900,보(Y),DONG,B1F,400x900,3551,,1.2783
400X900-B1F-DONG-0022,400X900,보(Y),DONG,B1F,400x900,3550,,1.2781
