부재ID,도면명,유형,구역,층,치수,체적(m³)
C1-B2F-DONG-0001,C1,기둥,DONG,B2F,400x800,1.056
C1-B2F-DONG-0002,C1,기둥,DONG,B2F,400x800,1.056
C1-B2F-DONG-0003,C1,기둥,DONG,B2F,400x800,1.056
C1-B2F-DONG-0004,C1,기둥,DONG,B2F,400x800,1.056
C1-B2F-DONG-0005,C1,기둥,DONG,B2F,400x800,1.056
C1-B2F-DONG-0006,C1,기둥,DONG,B2F,800x400,1.056
C1-B2F-DONG-0007,C1,기둥,DONG,B2F,400x800,1.056
C1-B2F-DONG-0008,C1,기둥,DONG,B2F,400x800,1.056
C1-B2F-DONG-0009,C1,기둥,DONG,B2F,400x800,1.056
C1-B2F-DONG-0010,C1,기둥,DONG,B2F,400x800,1.056
C1-B2F-DONG-0011,C1,기둥,DONG,B2F,800x400,1.056
C1-B2F-DONG-0012,C1,기둥,DONG,B2F,400x800,1.056
C1-B2F-DONG-0013,C1,기둥,DONG,B2F,400x800,1.056
C1-B2F-DONG-0014,C1,기둥,DONG,B2F,400x800,1.056
C1-B2F-DONG-0015,C1,기둥,DONG,B2F,400x800,1.056
C1-B2F-DONG-0016,C1,기둥,DONG,B2F,800x400,1.056
C1-B2F-DONG-0017,C1,기둥,DONG,B2F,400x800,1.056
C1-B2F-DONG-0018,C1,기둥,DONG,B2F,400x800,1.056
TC13-B2F-DONG-0001,TC13,기둥,DONG,B2F,1499x800,3.96
TC13-B2F-DONG-0002,TC13,기둥,DONG,B2F,1500x800,3.96
TC13-B2F-DONG-0003,TC13,기둥,DONG,B2F,1500x800,3.96
C1-B2F-DONG-0019,C1,기둥,DONG,B2F,400x800,1.056
C1-B2F-DONG-0020,C1,기둥,DONG,B2F,400x800,1.056
C1-B2F-DONG-0021,C1,기둥,DONG,B2F,400x800,1.056
C1-B2F-DONG-0022,C1,기둥,DONG,B2F,400x800,1.056
C1-B2F-DONG-0023,C1,기둥,DONG,B2F,400x800,1.056
C1-B2F-DONG-0024,C1,기둥,DONG,B2F,400x800,1.056
C1-B2F-DONG-0025,C1,기둥,DONG,B2F,400x800,1.056
C1-B2F-DONG-0026,C1,기둥,DONG,B2F,400x800,1.056
C1-B2F-DONG-0027,C1,기둥,DONG,B2F,400x800,1.056
C1-B2F-DONG-0028,C1,기둥,DONG,B2F,800x400,1.056
C1-B2F-DONG-0029,C1,기둥,DONG,B2F,400x800,1.056
C1-B2F-DONG-0030,C1,기둥,DONG,B2F,400x800,1.056
C1-B2F-DONG-0031,C1,기둥,DONG,B2F,400x800,1.056
C1-B2F-DONG-0032,C1,기둥,DONG,B2F,400x800,1.056
C1-B2F-DONG-0033,C1,기둥,DONG,B2F,400x800,1.056
C1-B2F-DONG-0034,C1,기둥,DONG,B2F,400x800,1.056
C1-B2F-DONG-0035,C1,기둥,DONG,B2F,400x800,1.056
C1-B2F-DONG-0036,C1,기둥,DONG,B2F,400x800,1.056
C1-B2F-DONG-0037,C1,기둥,DONG,B2F,400x800,1.056
C1-B2F-DONG-0038,C1,기둥,DONG,B2F,400x800,1.056
C1-B2F-DONG-0039,C1,기둥,DONG,B2F,400x800,1.056
C1-B2F-DONG-0040,C1,기둥,DONG,B2F,400x800,1.056
C1-B2F-DONG-0041,C1,기둥,DONG,B2F,400x800,1.056
C1-B2F-DONG-0042,C1,기둥,DONG,B2F,800x400,1.056
C1-B2F-DONG-0043,C1,기둥,DONG,B2F,400x800,1.056
C1-B2F-DONG-0044,C1,기둥,DONG,B2F,400x800,1.056
C1-B2F-DONG-0045,C1,기둥,DONG,B2F,400x800,1.056
C1-B2F-DONG-0046,C1,기둥,DONG,B2F,400x800,1.056
C1-B2F-DONG-0047,C1,기둥,DONG,B2F,400x800,1.056
C1-B2F-DONG-0048,C1,기둥,DONG,B2F,400x800,1.056
C1-B2F-DONG-0049,C1,기둥,DONG,B2F,400x800,1.056
C1-B2F-DONG-0050,C1,기둥,DONG,B2F,400x800,1.056
C1-B2F-DONG-0051,C1,기둥,DONG,B2F,400x800,1.056
C1-B2F-DONG-0052,C1,기둥,DONG,B2F,400x800,1.056
C1-B2F-DONG-0053,C1,기둥,DONG,B2F,400x800,1.056
C1-B2F-DONG-0054,C1,기둥,DONG,B2F,400x800,1.056
C1-B2F-DONG-0055,C1,기둥,DONG,B2F,400x800,1.056
C1-B2F-DONG-0056,C1,기둥,DONG,B2F,400x800,1.056
C1-B2F-DONG-0057,C1,기둥,DONG,B2F,400x800,1.056
C1-B2F-DONG-0058,C1,기둥,DONG,B2F,800x400,1.056
C1-B2F-DONG-0059,C1,기둥,DONG,B2F,800x400,1.056
C1-B2F-DONG-0060,C1,기둥,DONG,B2F,400x800,1.056
C1-B2F-DONG-0061,C1,기둥,DONG,B2F,400x800,1.056
C1-B2F-DONG-0062,C1,기둥,DONG,B2F,400x800,1.056
C1-B2F-DONG-0063,C1,기둥,DONG,B2F,400x800,1.056
C1-B2F-DONG-0064,C1,기둥,DONG,B2F,400x800,1.056
C1-B2F-DONG-0065,C1,기둥,DONG,B2F,400x800,1.056
C1-B2F-DONG-0066,C1,기둥,DONG,B2F,400x800,1.056
C1-B2F-DONG-0067,C1,기둥,DONG,B2F,800x400,1.056
C1-B2F-DONG-0068,C1,기둥,DONG,B2F,800x400,1.056
C1-B2F-DONG-0069,C1,기둥,DONG,B2F,400x800,1.056
C1-B2F-DONG-0070,C1,기둥,DONG,B2F,800x400,1.056
C1-B2F-DONG-0071,C1,기둥,DONG,B2F,800x400,1.056
C1-B2F-DONG-0072,C1,기둥,DONG,B2F,800x400,1.056
C1-B2F-DONG-0073,C1,기둥,DONG,B2F,800x400,1.056
C1-B2F-DONG-0074,C1,기둥,DONG,B2F,800x400,1.056
C1-B2F-DONG-0075,C1,기둥,DONG,B2F,400x800,1.056
C1-B2F-DONG-0076,C1,기둥,DONG,B2F,800x400,1.056
TC1-B2F-DONG-0001,TC1,기둥,DONG,B2F,600x1500,2.97
TC2-B2F-DONG-0001,TC2,기둥,DONG,B2F,600x1200,2.376
TC8-B2F-DONG-0001,TC8,기둥,DONG,B2F,600x1800,3.564
TC2-B2F-DONG-0002,TC2,기둥,DONG,B2F,600x1200,2.376
TC2-B2F-DONG-0003,TC2,기둥,DONG,B2F,600x1200,2.376
TC2-B2F-DONG-0004,TC2,기둥,DONG,B2F,600x1200,2.376
TC8-B2F-DONG-0002,TC8,기둥,DONG,B2F,600x1800,3.564
TC75-B2F-DONG-0001,TC75,기둥,DONG,B2F,1100x900,3.267
TC8-B2F-DONG-0003,TC8,기둥,DONG,B2F,600x1800,3.564
TC8-B2F-DONG-0004,TC8,기둥,DONG,B2F,600x1800,3.564
TC8-B2F-DONG-0005,TC8,기둥,DONG,B2F,600x1800,3.564
TC75-B2F-DONG-0002,TC75,기둥,DONG,B2F,1100x900,3.267
TC2-B2F-DONG-0005,TC2,기둥,DONG,B2F,600x1200,2.376
TC2-B2F-DONG-0006,TC2,기둥,DONG,B2F,600x1200,2.376
TC8-B2F-DONG-0006,TC8,기둥,DONG,B2F,600x1800,3.564
TC2-B2F-DONG-0007,TC2,기둥,DONG,B2F,600x1200,2.376
TC2-B2F-DONG-0008,TC2,기둥,DONG,B2F,600x1200,2.376
TC1-B2F-DONG-0002,TC1,기둥,DONG,B2F,600x1500,2.97
C1-B2F-DONG-0077,C1,기둥,DONG,B2F,400x800,1.056
C1-B2F-DONG-0078,C1,기둥,DONG,B2F,400x800,1.056
C1-B2F-DONG-0079,C1,기둥,DONG,B2F,400x800,1.056
C1-B2F-DONG-0080,C1,기둥,DONG,B2F,400x800,1.056
C1-B2F-DONG-0081,C1,기둥,DONG,B2F,800x400,1.056
C1-B2F-DONG-0082,C1,기둥,DONG,B2F,400x800,1.056
C1-B2F-DONG-0083,C1,기둥,DONG,B2F,400x800,1.056
TC13-B2F-DONG-0004,TC13,기둥,DONG,B2F,1500x800,3.96
TC13-B2F-DONG-0005,TC13,기둥,DONG,B2F,1500x800,3.96
TC13-B2F-DONG-0006,TC13,기둥,DONG,B2F,1500x800,3.96
C1-B2F-DONG-0084,C1,기둥,DONG,B2F,400x800,1.056
C1-B2F-DONG-0085,C1,기둥,DONG,B2F,400x800,1.056
C1-B2F-DONG-0086,C1,기둥,DONG,B2F,800x400,1.056
C1-B2F-DONG-0087,C1,기둥,DONG,B2F,400x800,1.056
C1-B2F-DONG-0088,C1,기둥,DONG,B2F,400x800,1.056
C1-B2F-DONG-0089,C1,기둥,DONG,B2F,800x400,1.056
C1-B2F-DONG-0090,C1,기둥,DONG,B2F,400x800,1.056
TC12-B2F-DONG-0001,TC12,기둥,DONG,B2F,700x2000,4.62
TC2-B2F-DONG-0009,TC2,기둥,DONG,B2F,600x1200,2.376
TC8-B2F-DONG-0007,TC8,기둥,DONG,B2F,600x1800,3.564
TC2-B2F-DONG-0010,TC2,기둥,DONG,B2F,600x1200,2.376
TC2-B2F-DONG-0011,TC2,기둥,DONG,B2F,600x1199,2.376
TC1-B2F-DONG-0003,TC1,기둥,DONG,B2F,600x1000,1.98
TC1-B2F-DONG-0004,TC1,기둥,DONG,B2F,600x1000,1.98
TC2-B2F-DONG-0012,TC2,기둥,DONG,B2F,600x1200,2.376
C1-B2F-DONG-0091,C1,기둥,DONG,B2F,400x800,1.056
C1-B2F-DONG-0092,C1,기둥,DONG,B2F,400x800,1.056
C1-B2F-DONG-0093,C1,기둥,DONG,B2F,800x400,1.056
C1-B2F-DONG-0094,C1,기둥,DONG,B2F,800x400,1.056
C1-B2F-DONG-0095,C1,기둥,DONG,B2F,400x800,1.056
C1-B2F-DONG-0096,C1,기둥,DONG,B2F,400x800,1.056
C1-B2F-DONG-0097,C1,기둥,DONG,B2F,400x800,1.056
C1-B2F-DONG-0098,C1,기둥,DONG,B2F,800x400,1.056
C1-B2F-DONG-0099,C1,기둥,DONG,B2F,800x400,1.056
C1-B2F-DONG-0100,C1,기둥,DONG,B2F,800x400,1.056
C1-B2F-DONG-0101,C1,기둥,DONG,B2F,800x400,1.056
C1-B2F-DONG-0102,C1,기둥,DONG,B2F,400x800,1.056
C1-B2F-DONG-0103,C1,기둥,DONG,B2F,400x800,1.056
C1-B2F-DONG-0104,C1,기둥,DONG,B2F,400x800,1.056
C1-B2F-DONG-0105,C1,기둥,DONG,B2F,400x800,1.056
C1-B2F-DONG-0106,C1,기둥,DONG,B2F,400x800,1.056
C1-B2F-DONG-0107,C1,기둥,DONG,B2F,400x800,1.056
C1-B2F-DONG-0108,C1,기둥,DONG,B2F,400x800,1.056
C1-B2F-DONG-0109,C1,기둥,DONG,B2F,400x800,1.056
C1-B2F-DONG-0110,C1,기둥,DONG,B2F,400x800,1.056
C1-B2F-DONG-0111,C1,기둥,DONG,B2F,400x800,1.056
C1-B2F-DONG-0112,C1,기둥,DONG,B2F,400x800,1.056
C1-B2F-DONG-0113,C1,기둥,DONG,B2F,400x800,1.056
C1-B2F-DONG-0114,C1,기둥,DONG,B2F,400x800,1.056
C1-B2F-DONG-0115,C1,기둥,DONG,B2F,400x800,1.056
C1-B2F-DONG-0116,C1,기둥,DONG,B2F,400x800,1.056
C1-B2F-DONG-0117,C1,기둥,DONG,B2F,400x800,1.056
C1-B2F-DONG-0118,C1,기둥,DONG,B2F,400x800,1.056
C1-B2F-DONG-0119,C1,기둥,DONG,B2F,400x800,1.056
C1-B2F-DONG-0120,C1,기둥,DONG,B2F,400x800,1.056
C1-B2F-DONG-0121,C1,기둥,DONG,B2F,400x800,1.056
C1-B2F-DONG-0122,C1,기둥,DONG,B2F,400x800,1.056
C1-B2F-DONG-0123,C1,기둥,DONG,B2F,400x800,1.056
C1-B2F-DONG-0124,C1,기둥,DONG,B2F,400x800,1.056
C5-B2F-DONG-0001,C5,기둥,DONG,B2F,900x400,1.188
C1-B2F-DONG-0125,C1,기둥,DONG,B2F,400x800,1.056
C1-B2F-DONG-0126,C1,기둥,DONG,B2F,400x800,1.056
C1-B2F-DONG-0127,C1,기둥,DONG,B2F,800x400,1.056
C1-B2F-DONG-0128,C1,기둥,DONG,B2F,400x800,1.056
C1-B2F-DONG-0129,C1,기둥,DONG,B2F,800x400,1.056
C1-B2F-DONG-0130,C1,기둥,DONG,B2F,800x400,1.056
C1-B2F-DONG-0131,C1,기둥,DONG,B2F,400x800,1.056
C1-B2F-DONG-0132,C1,기둥,DONG,B2F,400x800,1.056
C1-B2F-DONG-0133,C1,기둥,DONG,B2F,400x800,1.056
C1-B2F-DONG-0134,C1,기둥,DONG,B2F,400x800,1.056
C1-B2F-DONG-0135,C1,기둥,DONG,B2F,400x800,1.056
C1-B2F-DONG-0136,C1,기둥,DONG,B2F,400x800,1.056
C1-B2F-DONG-0137,C1,기둥,DONG,B2F,400x800,1.056
C1-B2F-DONG-0138,C1,기둥,DONG,B2F,400x800,1.056
C1-B2F-DONG-0139,C1,기둥,DONG,B2F,400x800,1.056
C1-B2F-DONG-0140,C1,기둥,DONG,B2F,400x800,1.056
C1-B2F-DONG-0141,C1,기둥,DONG,B2F,400x800,1.056
C1-B2F-DONG-0142,C1,기둥,DONG,B2F,400x800,1.056
C1-B2F-DONG-0143,C1,기둥,DONG,B2F,400x800,1.056
C1-B2F-DONG-0144,C1,기둥,DONG,B2F,400x800,1.056
C1-B2F-DONG-0145,C1,기둥,DONG,B2F,400x800,1.056
C1-B2F-DONG-0146,C1,기둥,DONG,B2F,400x800,1.056
C1-B2F-DONG-0147,C1,기둥,DONG,B2F,400x800,1.056
TC19-B2F-DONG-0001,TC19,기둥,DONG,B2F,600x1100,2.178
SW-B2F-DONG-0001,SW,전단벽,DONG,B2F,2327x2094,16.0843
SW-B2F-DONG-0002,SW,전단벽,DONG,B2F,2892x400,3.8181
SW-B2F-DONG-0003,SW,전단벽,DONG,B2F,937x878,2.7183
SW-B2F-DONG-0004,SW,전단벽,DONG,B2F,897x667,1.975
SW-B2F-DONG-0005,SW,전단벽,DONG,B2F,897x667,1.975
SW-B2F-DONG-0006,SW,전단벽,DONG,B2F,580x500,0.957
SW-B2F-DONG-0007,SW,전단벽,DONG,B2F,480x400,0.6336
SW-B2F-DONG-0008,SW,전단벽,DONG,B2F,422x422,0.5895
SW-B2F-DONG-0009,SW,전단벽,DONG,B2F,422x422,0.5895
SW-B2F-DONG-0010,SW,전단벽,DONG,B2F,422x422,0.5895
SW-B2F-DONG-0011,SW,전단벽,DONG,B2F,422x422,0.5895
SW-B2F-DONG-0012,SW,전단벽,DONG,B2F,581x873,1.6757
SW-B2F-DONG-0013,SW,전단벽,DONG,B2F,581x873,1.6757
SW-B2F-DONG-0014,SW,전단벽,DONG,B2F,581x873,1.6757
SW-B2F-DONG-0015,SW,전단벽,DONG,B2F,400x800,1.056
SW-B2F-DONG-0016,SW,전단벽,DONG,B2F,800x400,1.056
SW-B2F-DONG-0017,SW,전단벽,DONG,B2F,800x400,1.056
SW-B2F-DONG-0018,SW,전단벽,DONG,B2F,581x873,1.6757
SW-B2F-DONG-0019,SW,전단벽,DONG,B2F,581x873,1.6757
SW-B2F-DONG-0020,SW,전단벽,DONG,B2F,873x581,1.6757
SW-B2F-DONG-0021,SW,전단벽,DONG,B2F,872x1309,3.7703
SW-B2F-DONG-0022,SW,전단벽,DONG,B2F,1042x1624,5.5875
SW-B2F-DONG-0023,SW,전단벽,DONG,B2F,600x2000,3.96
SW-B2F-DONG-0026,SW,전단벽,DONG,B2F,900x463,1.3754
SW-B2F-DONG-0028,SW,전단벽,DONG,B2F,463x900,1.3754
SW-B2F-DONG-0029,SW,전단벽,DONG,B2F,900x463,1.3754
SW-B2F-DONG-0031,SW,전단벽,DONG,B2F,400x800,1.056
SW-B2F-DONG-0032,SW,전단벽,DONG,B2F,400x800,1.056
SW-B2F-DONG-0038,SW,전단벽,DONG,B2F,400x800,1.056
SW-B2F-DONG-0039,SW,전단벽,DONG,B2F,400x800,1.056
SW-B2F-DONG-0040,SW,전단벽,DONG,B2F,400x800,1.056
SW-B2F-DONG-0041,SW,전단벽,DONG,B2F,400x800,1.056
SW-B2F-DONG-0042,SW,전단벽,DONG,B2F,400x800,1.056
SW-B2F-DONG-0043,SW,전단벽,DONG,B2F,400x800,1.056
SW-B2F-DONG-0044,SW,전단벽,DONG,B2F,400x800,1.056
SW-B2F-DONG-0045,SW,전단벽,DONG,B2F,400x800,1.056
SW-B2F-DONG-0046,SW,전단벽,DONG,B2F,400x800,1.056
SW-B2F-DONG-0047,SW,전단벽,DONG,B2F,400x900,1.188
SW-B2F-DONG-0048,SW,전단벽,DONG,B2F,400x800,1.056
SW-B2F-DONG-0050,SW,전단벽,DONG,B2F,400x800,1.056
SW-B2F-DONG-0051,SW,전단벽,DONG,B2F,400x800,1.056
SW-B2F-DONG-0053,SW,전단벽,DONG,B2F,400x800,1.056
SW-B2F-DONG-0054,SW,전단벽,DONG,B2F,400x800,1.056
SW-B2F-DONG-0056,SW,전단벽,DONG,B2F,400x800,1.056
SW-B2F-DONG-0057,SW,전단벽,DONG,B2F,400x800,1.056
SW-B2F-DONG-0058,SW,전단벽,DONG,B2F,400x800,1.056
SW-B2F-DONG-0059,SW,전단벽,DONG,B2F,400x800,1.056
SW-B2F-DONG-0060,SW,전단벽,DONG,B2F,400x800,1.056
SW-B2F-DONG-0061,SW,전단벽,DONG,B2F,400x800,1.056
SW-B2F-DONG-0062,SW,전단벽,DONG,B2F,400x800,1.056
SW-B2F-DONG-0063,SW,전단벽,DONG,B2F,400x800,1.056
SW-B2F-DONG-0064,SW,전단벽,DONG,B2F,400x800,1.056
SW-B2F-DONG-0065,SW,전단벽,DONG,B2F,400x800,1.056
SW-B2F-DONG-0066,SW,전단벽,DONG,B2F,400x800,1.056
SW-B2F-DONG-0067,SW,전단벽,DONG,B2F,400x800,1.056
SW-B2F-DONG-0068,SW,전단벽,DONG,B2F,400x800,1.056
SW-B2F-DONG-0069,SW,전단벽,DONG,B2F,800x400,1.056
SW-B2F-DONG-0070,SW,전단벽,DONG,B2F,800x400,1.056
SW-B2F-DONG-0072,SW,전단벽,DONG,B2F,400x800,1.056
SW-B2F-DONG-0075,SW,전단벽,DONG,B2F,600x1500,2.97
SW-B2F-DONG-0076,SW,전단벽,DONG,B2F,600x1200,2.376
SW-B2F-DONG-0077,SW,전단벽,DONG,B2F,600x2650,5.247
SW-B2F-DONG-0078,SW,전단벽,DONG,B2F,600x1300,2.574
SW-B2F-DONG-0079,SW,전단벽,DONG,B2F,800x1500,3.96
SW-B2F-DONG-0080,SW,전단벽,DONG,B2F,1832x1677,10.1395
SW-B2F-DONG-0081,SW,전단벽,DONG,B2F,600x2850,5.643
SW-B2F-DONG-0082,SW,전단벽,DONG,B2F,600x1500,2.97
SW-B2F-DONG-0083,SW,전단벽,DONG,B2F,600x1500,2.97
SW-B2F-DONG-0084,SW,전단벽,DONG,B2F,1339x1119,4.9481
SW-B2F-DONG-0086,SW,전단벽,DONG,B2F,600x1000,1.98
SW-B2F-DONG-0087,SW,전단벽,DONG,B2F,600x2200,4.356
SW-B2F-DONG-0088,SW,전단벽,DONG,B2F,1500x1000,4.95
SW-B2F-DONG-0089,SW,전단벽,DONG,B2F,600x1400,2.772
SW-B2F-DONG-0090,SW,전단벽,DONG,B2F,1500x1000,4.95
SW-B2F-DONG-0091,SW,전단벽,DONG,B2F,1500x1200,5.94
SW-B2F-DONG-0092,SW,전단벽,DONG,B2F,600x2200,4.356
SW-B2F-DONG-0093,SW,전단벽,DONG,B2F,600x1400,2.772
SW-B2F-DONG-0094,SW,전단벽,DONG,B2F,1500x1000,4.95
SW-B2F-DONG-0095,SW,전단벽,DONG,B2F,1500x1000,4.95
SW-B2F-DONG-0096,SW,전단벽,DONG,B2F,600x1500,2.97
SW-B2F-DONG-0097,SW,전단벽,DONG,B2F,600x1500,2.97
SW-B2F-DONG-0098,SW,전단벽,DONG,B2F,800x1500,3.96
SW-B2F-DONG-0099,SW,전단벽,DONG,B2F,600x2650,5.247
SW-B2F-DONG-0100,SW,전단벽,DONG,B2F,600x1200,2.376
SW-B2F-DONG-0101,SW,전단벽,DONG,B2F,600x1300,2.574
SW-B2F-DONG-0102,SW,전단벽,DONG,B2F,1832x1677,10.1395
SW-B2F-DONG-0103,SW,전단벽,DONG,B2F,600x1500,2.97
SW-B2F-DONG-0104,SW,전단벽,DONG,B2F,600x2850,5.643
SW-B2F-DONG-0105,SW,전단벽,DONG,B2F,1339x1119,4.9481
SW-B2F-DONG-0107,SW,전단벽,DONG,B2F,771x609,1.5521
SW-B2F-DONG-0110,SW,전단벽,DONG,B2F,600x1000,1.98
SW-B2F-DONG-0126,SW,전단벽,DONG,B2F,581x873,1.6757
SW-B2F-DONG-0127,SW,전단벽,DONG,B2F,800x400,1.056
SW-B2F-DONG-0128,SW,전단벽,DONG,B2F,873x581,1.6757
SW-B2F-DONG-0129,SW,전단벽,DONG,B2F,581x873,1.6757
SW-B2F-DONG-0130,SW,전단벽,DONG,B2F,581x873,1.6757
SW-B2F-DONG-0131,SW,전단벽,DONG,B2F,581x873,1.6757
SW-B2F-DONG-0133,SW,전단벽,DONG,B2F,600x2000,3.96
SW-B2F-DONG-0134,SW,전단벽,DONG,B2F,872x1309,3.7703
SW-B2F-DONG-0135,SW,전단벽,DONG,B2F,800x400,1.056
SW-B2F-DONG-0136,SW,전단벽,DONG,B2F,400x800,1.056
SW-B2F-DONG-0137,SW,전단벽,DONG,B2F,600x2000,3.96
SW-B2F-DONG-0138,SW,전단벽,DONG,B2F,851x1581,4.4429
SW-B2F-DONG-0139,SW,전단벽,DONG,B2F,776x613,1.5726
SW-B2F-DONG-0140,SW,전단벽,DONG,B2F,600x1000,1.98
SW-B2F-DONG-0141,SW,전단벽,DONG,B2F,400x800,1.056
SW-B2F-DONG-0142,SW,전단벽,DONG,B2F,400x800,1.056
SW-B2F-DONG-0143,SW,전단벽,DONG,B2F,400x800,1.056
SW-B2F-DONG-0144,SW,전단벽,DONG,B2F,400x800,1.056
SW-B2F-DONG-0145,SW,전단벽,DONG,B2F,400x800,1.056
SW-B2F-DONG-0146,SW,전단벽,DONG,B2F,857x532,1.5075
SW-B2F-DONG-0147,SW,전단벽,DONG,B2F,857x532,1.5075
SW-B2F-DONG-0148,SW,전단벽,DONG,B2F,532x857,1.5075
SW-B2F-DONG-0149,SW,전단벽,DONG,B2F,532x857,1.5075
SW-B2F-DONG-0150,SW,전단벽,DONG,B2F,400x800,1.056
SW-B2F-DONG-0151,SW,전단벽,DONG,B2F,400x800,1.056
SW-B2F-DONG-0152,SW,전단벽,DONG,B2F,581x873,1.6757
SW-B2F-DONG-0153,SW,전단벽,DONG,B2F,581x873,1.6757
SW-B2F-DONG-0154,SW,전단벽,DONG,B2F,581x873,1.6757
SW-B2F-DONG-0155,SW,전단벽,DONG,B2F,400x800,1.056
SW-B2F-DONG-0156,SW,전단벽,DONG,B2F,400x800,1.056
SW-B2F-DONG-0157,SW,전단벽,DONG,B2F,400x800,1.056
SW-B2F-DONG-0158,SW,전단벽,DONG,B2F,400x800,1.056
SW-B2F-DONG-0159,SW,전단벽,DONG,B2F,400x800,1.056
SW-B2F-DONG-0160,SW,전단벽,DONG,B2F,400x800,1.056
SW-B2F-DONG-0161,SW,전단벽,DONG,B2F,400x800,1.056
SW-B2F-DONG-0162,SW,전단벽,DONG,B2F,581x873,1.6757
SW-B2F-DONG-0163,SW,전단벽,DONG,B2F,532x857,1.5075
SW-B2F-DONG-0164,SW,전단벽,DONG,B2F,905x1144,3.4224
SW-B2F-DONG-0165,SW,전단벽,DONG,B2F,600x2400,4.752
SW-B2F-DONG-0166,SW,전단벽,DONG,B2F,600x2500,4.95
C1-B1F-DONG-0001,C1,기둥,DONG,B1F,400x800,1.8624
C1-B1F-DONG-0002,C1,기둥,DONG,B1F,400x800,1.8624
C1-B1F-DONG-0003,C1,기둥,DONG,B1F,400x800,1.8624
C1-B1F-DONG-0004,C1,기둥,DONG,B1F,400x800,1.8624
C1-B1F-DONG-0005,C1,기둥,DONG,B1F,400x800,1.8624
C1-B1F-DONG-0006,C1,기둥,DONG,B1F,800x400,1.8624
C1-B1F-DONG-0007,C1,기둥,DONG,B1F,400x800,1.8624
C1-B1F-DONG-0008,C1,기둥,DONG,B1F,400x800,1.8624
C1-B1F-DONG-0009,C1,기둥,DONG,B1F,400x800,1.8624
C1-B1F-DONG-0010,C1,기둥,DONG,B1F,400x800,1.8624
C1-B1F-DONG-0011,C1,기둥,DONG,B1F,800x400,1.8624
C1-B1F-DONG-0012,C1,기둥,DONG,B1F,400x800,1.8624
C1-B1F-DONG-0013,C1,기둥,DONG,B1F,400x800,1.8624
C1-B1F-DONG-0014,C1,기둥,DONG,B1F,400x800,1.8624
C1-B1F-DONG-0015,C1,기둥,DONG,B1F,400x800,1.8624
C1-B1F-DONG-0016,C1,기둥,DONG,B1F,800x400,1.8624
C1-B1F-DONG-0017,C1,기둥,DONG,B1F,400x800,1.8624
C1-B1F-DONG-0018,C1,기둥,DONG,B1F,400x800,1.8624
TC13-B1F-DONG-0001,TC13,기둥,DONG,B1F,1499x800,6.984
TC13-B1F-DONG-0002,TC13,기둥,DONG,B1F,1500x800,6.984
TC13-B1F-DONG-0003,TC13,기둥,DONG,B1F,1500x800,6.984
C1-B1F-DONG-0019,C1,기둥,DONG,B1F,400x800,1.8624
C1-B1F-DONG-0020,C1,기둥,DONG,B1F,400x800,1.8624
C1-B1F-DONG-0021,C1,기둥,DONG,B1F,400x800,1.8624
C1-B1F-DONG-0022,C1,기둥,DONG,B1F,400x800,1.8624
C1-B1F-DONG-0023,C1,기둥,DONG,B1F,400x800,1.8624
C1-B1F-DONG-0024,C1,기둥,DONG,B1F,400x800,1.8624
C1-B1F-DONG-0025,C1,기둥,DONG,B1F,400x800,1.8624
C1-B1F-DONG-0026,C1,기둥,DONG,B1F,400x800,1.8624
C1-B1F-DONG-0027,C1,기둥,DONG,B1F,400x800,1.8624
C1-B1F-DONG-0028,C1,기둥,DONG,B1F,800x400,1.8624
C1-B1F-DONG-0029,C1,기둥,DONG,B1F,400x800,1.8624
C1-B1F-DONG-0030,C1,기둥,DONG,B1F,400x800,1.8624
C1-B1F-DONG-0031,C1,기둥,DONG,B1F,400x800,1.8624
C1-B1F-DONG-0032,C1,기둥,DONG,B1F,400x800,1.8624
C1-B1F-DONG-0033,C1,기둥,DONG,B1F,400x800,1.8624
C1-B1F-DONG-0034,C1,기둥,DONG,B1F,400x800,1.8624
C1-B1F-DONG-0035,C1,기둥,DONG,B1F,400x800,1.8624
C1-B1F-DONG-0036,C1,기둥,DONG,B1F,400x800,1.8624
C1-B1F-DONG-0037,C1,기둥,DONG,B1F,400x800,1.8624
C1-B1F-DONG-0038,C1,기둥,DONG,B1F,400x800,1.8624
C1-B1F-DONG-0039,C1,기둥,DONG,B1F,400x800,1.8624
C1-B1F-DONG-0040,C1,기둥,DONG,B1F,400x800,1.8624
C1-B1F-DONG-0041,C1,기둥,DONG,B1F,400x800,1.8624
C1-B1F-DONG-0042,C1,기둥,DONG,B1F,800x400,1.8624
C1-B1F-DONG-0043,C1,기둥,DONG,B1F,400x800,1.8624
C1-B1F-DONG-0044,C1,기둥,DONG,B1F,400x800,1.8624
C1-B1F-DONG-0045,C1,기둥,DONG,B1F,400x800,1.8624
C1-B1F-DONG-0046,C1,기둥,DONG,B1F,400x800,1.8624
C1-B1F-DONG-0047,C1,기둥,DONG,B1F,400x800,1.8624
C1-B1F-DONG-0048,C1,기둥,DONG,B1F,400x800,1.8624
C1-B1F-DONG-0049,C1,기둥,DONG,B1F,400x800,1.8624
C1-B1F-DONG-0050,C1,기둥,DONG,B1F,400x800,1.8624
C1-B1F-DONG-0051,C1,기둥,DONG,B1F,400x800,1.8624
C1-B1F-DONG-0052,C1,기둥,DONG,B1F,400x800,1.8624
C1-B1F-DONG-0053,C1,기둥,DONG,B1F,400x800,1.8624
C1-B1F-DONG-0054,C1,기둥,DONG,B1F,400x800,1.8624
C1-B1F-DONG-0055,C1,기둥,DONG,B1F,400x800,1.8624
C1-B1F-DONG-0056,C1,기둥,DONG,B1F,400x800,1.8624
C1-B1F-DONG-0057,C1,기둥,DONG,B1F,400x800,1.8624
C1-B1F-DONG-0058,C1,기둥,DONG,B1F,800x400,1.8624
C1-B1F-DONG-0059,C1,기둥,DONG,B1F,800x400,1.8624
C1-B1F-DONG-0060,C1,기둥,DONG,B1F,400x800,1.8624
C1-B1F-DONG-0061,C1,기둥,DONG,B1F,400x800,1.8624
C1-B1F-DONG-0062,C1,기둥,DONG,B1F,400x800,1.8624
C1-B1F-DONG-0063,C1,기둥,DONG,B1F,400x800,1.8624
C1-B1F-DONG-0064,C1,기둥,DONG,B1F,400x800,1.8624
C1-B1F-DONG-0065,C1,기둥,DONG,B1F,400x800,1.8624
C1-B1F-DONG-0066,C1,기둥,DONG,B1F,400x800,1.8624
C1-B1F-DONG-0067,C1,기둥,DONG,B1F,800x400,1.8624
C1-B1F-DONG-0068,C1,기둥,DONG,B1F,800x400,1.8624
C1-B1F-DONG-0069,C1,기둥,DONG,B1F,400x800,1.8624
C1-B1F-DONG-0070,C1,기둥,DONG,B1F,800x400,1.8624
C1-B1F-DONG-0071,C1,기둥,DONG,B1F,800x400,1.8624
C1-B1F-DONG-0072,C1,기둥,DONG,B1F,800x400,1.8624
C1-B1F-DONG-0073,C1,기둥,DONG,B1F,800x400,1.8624
C1-B1F-DONG-0074,C1,기둥,DONG,B1F,800x400,1.8624
C1-B1F-DONG-0075,C1,기둥,DONG,B1F,400x800,1.8624
C1-B1F-DONG-0076,C1,기둥,DONG,B1F,800x400,1.8624
TC1-B1F-DONG-0001,TC1,기둥,DONG,B1F,600x1500,5.238
TC2-B1F-DONG-0001,TC2,기둥,DONG,B1F,600x1200,4.1904
TC8-B1F-DONG-0001,TC8,기둥,DONG,B1F,600x1800,6.2856
TC2-B1F-DONG-0002,TC2,기둥,DONG,B1F,600x1200,4.1904
TC2-B1F-DONG-0003,TC2,기둥,DONG,B1F,600x1200,4.1904
TC2-B1F-DONG-0004,TC2,기둥,DONG,B1F,600x1200,4.1904
TC8-B1F-DONG-0002,TC8,기둥,DONG,B1F,600x1800,6.2856
TC75-B1F-DONG-0001,TC75,기둥,DONG,B1F,1100x900,5.7618
TC8-B1F-DONG-0003,TC8,기둥,DONG,B1F,600x1800,6.2856
TC8-B1F-DONG-0004,TC8,기둥,DONG,B1F,600x1800,6.2856
TC8-B1F-DONG-0005,TC8,기둥,DONG,B1F,600x1800,6.2856
TC75-B1F-DONG-0002,TC75,기둥,DONG,B1F,1100x900,5.7618
TC2-B1F-DONG-0005,TC2,기둥,DONG,B1F,600x1200,4.1904
TC2-B1F-DONG-0006,TC2,기둥,DONG,B1F,600x1200,4.1904
TC8-B1F-DONG-0006,TC8,기둥,DONG,B1F,600x1800,6.2856
TC2-B1F-DONG-0007,TC2,기둥,DONG,B1F,600x1200,4.1904
TC2-B1F-DONG-0008,TC2,기둥,DONG,B1F,600x1200,4.1904
TC1-B1F-DONG-0002,TC1,기둥,DONG,B1F,600x1500,5.238
C1-B1F-DONG-0077,C1,기둥,DONG,B1F,400x800,1.8624
C1-B1F-DONG-0078,C1,기둥,DONG,B1F,400x800,1.8624
C1-B1F-DONG-0079,C1,기둥,DONG,B1F,400x800,1.8624
C1-B1F-DONG-0080,C1,기둥,DONG,B1F,400x800,1.8624
C1-B1F-DONG-0081,C1,기둥,DONG,B1F,800x400,1.8624
C1-B1F-DONG-0082,C1,기둥,DONG,B1F,400x800,1.8624
C1-B1F-DONG-0083,C1,기둥,DONG,B1F,400x800,1.8624
TC13-B1F-DONG-0004,TC13,기둥,DONG,B1F,1500x800,6.984
TC13-B1F-DONG-0005,TC13,기둥,DONG,B1F,1500x800,6.984
TC13-B1F-DONG-0006,TC13,기둥,DONG,B1F,1500x800,6.984
C1-B1F-DONG-0084,C1,기둥,DONG,B1F,400x800,1.8624
C1-B1F-DONG-0085,C1,기둥,DONG,B1F,400x800,1.8624
C1-B1F-DONG-0086,C1,기둥,DONG,B1F,800x400,1.8624
C1-B1F-DONG-0087,C1,기둥,DONG,B1F,400x800,1.8624
C1-B1F-DONG-0088,C1,기둥,DONG,B1F,400x800,1.8624
C1-B1F-DONG-0089,C1,기둥,DONG,B1F,800x400,1.8624
C1-B1F-DONG-0090,C1,기둥,DONG,B1F,400x800,1.8624
TC12-B1F-DONG-0001,TC12,기둥,DONG,B1F,700x2000,8.148
TC2-B1F-DONG-0009,TC2,기둥,DONG,B1F,600x1200,4.1904
TC8-B1F-DONG-0007,TC8,기둥,DONG,B1F,600x1800,6.2856
TC2-B1F-DONG-0010,TC2,기둥,DONG,B1F,600x1200,4.1904
TC2-B1F-DONG-0011,TC2,기둥,DONG,B1F,600x1199,4.1904
TC1-B1F-DONG-0003,TC1,기둥,DONG,B1F,600x1000,3.492
TC1-B1F-DONG-0004,TC1,기둥,DONG,B1F,600x1000,3.492
TC2-B1F-DONG-0012,TC2,기둥,DONG,B1F,600x1200,4.1904
C1-B1F-DONG-0091,C1,기둥,DONG,B1F,400x800,1.8624
C1-B1F-DONG-0092,C1,기둥,DONG,B1F,400x800,1.8624
C1-B1F-DONG-0093,C1,기둥,DONG,B1F,800x400,1.8624
C1-B1F-DONG-0094,C1,기둥,DONG,B1F,800x400,1.8624
C1-B1F-DONG-0095,C1,기둥,DONG,B1F,400x800,1.8624
C1-B1F-DONG-0096,C1,기둥,DONG,B1F,400x800,1.8624
C1-B1F-DONG-0097,C1,기둥,DONG,B1F,400x800,1.8624
C1-B1F-DONG-0098,C1,기둥,DONG,B1F,800x400,1.8624
C1-B1F-DONG-0099,C1,기둥,DONG,B1F,800x400,1.8624
C1-B1F-DONG-0100,C1,기둥,DONG,B1F,800x400,1.8624
C1-B1F-DONG-0101,C1,기둥,DONG,B1F,800x400,1.8624
C1-B1F-DONG-0102,C1,기둥,DONG,B1F,400x800,1.8624
C1-B1F-DONG-0103,C1,기둥,DONG,B1F,400x800,1.8624
C1-B1F-DONG-0104,C1,기둥,DONG,B1F,400x800,1.8624
C1-B1F-DONG-0105,C1,기둥,DONG,B1F,400x800,1.8624
C1-B1F-DONG-0106,C1,기둥,DONG,B1F,400x800,1.8624
C1-B1F-DONG-0107,C1,기둥,DONG,B1F,400x800,1.8624
C1-B1F-DONG-0108,C1,기둥,DONG,B1F,400x800,1.8624
C1-B1F-DONG-0109,C1,기둥,DONG,B1F,400x800,1.8624
C1-B1F-DONG-0110,C1,기둥,DONG,B1F,400x800,1.8624
C1-B1F-DONG-0111,C1,기둥,DONG,B1F,400x800,1.8624
C1-B1F-DONG-0112,C1,기둥,DONG,B1F,400x800,1.8624
C1-B1F-DONG-0113,C1,기둥,DONG,B1F,400x800,1.8624
C1-B1F-DONG-0114,C1,기둥,DONG,B1F,400x800,1.8624
C1-B1F-DONG-0115,C1,기둥,DONG,B1F,400x800,1.8624
C1-B1F-DONG-0116,C1,기둥,DONG,B1F,400x800,1.8624
C1-B1F-DONG-0117,C1,기둥,DONG,B1F,400x800,1.8624
C1-B1F-DONG-0118,C1,기둥,DONG,B1F,400x800,1.8624
C1-B1F-DONG-0119,C1,기둥,DONG,B1F,400x800,1.8624
C1-B1F-DONG-0120,C1,기둥,DONG,B1F,400x800,1.8624
C1-B1F-DONG-0121,C1,기둥,DONG,B1F,400x800,1.8624
C1-B1F-DONG-0122,C1,기둥,DONG,B1F,400x800,1.8624
C1-B1F-DONG-0123,C1,기둥,DONG,B1F,400x800,1.8624
C1-B1F-DONG-0124,C1,기둥,DONG,B1F,400x800,1.8624
C5-B1F-DONG-0001,C5,기둥,DONG,B1F,900x400,2.0952
C1-B1F-DONG-0125,C1,기둥,DONG,B1F,400x800,1.8624
C1-B1F-DONG-0126,C1,기둥,DONG,B1F,400x800,1.8624
C1-B1F-DONG-0127,C1,기둥,DONG,B1F,800x400,1.8624
C1-B1F-DONG-0128,C1,기둥,DONG,B1F,400x800,1.8624
C1-B1F-DONG-0129,C1,기둥,DONG,B1F,800x400,1.8624
C1-B1F-DONG-0130,C1,기둥,DONG,B1F,800x400,1.8624
C1-B1F-DONG-0131,C1,기둥,DONG,B1F,400x800,1.8624
C1-B1F-DONG-0132,C1,기둥,DONG,B1F,400x800,1.8624
C1-B1F-DONG-0133,C1,기둥,DONG,B1F,400x800,1.8624
C1-B1F-DONG-0134,C1,기둥,DONG,B1F,400x800,1.8624
C1-B1F-DONG-0135,C1,기둥,DONG,B1F,400x800,1.8624
C1-B1F-DONG-0136,C1,기둥,DONG,B1F,400x800,1.8624
C1-B1F-DONG-0137,C1,기둥,DONG,B1F,400x800,1.8624
C1-B1F-DONG-0138,C1,기둥,DONG,B1F,400x800,1.8624
C1-B1F-DONG-0139,C1,기둥,DONG,B1F,400x800,1.8624
C1-B1F-DONG-0140,C1,기둥,DONG,B1F,400x800,1.8624
C1-B1F-DONG-0141,C1,기둥,DONG,B1F,400x800,1.8624
C1-B1F-DONG-0142,C1,기둥,DONG,B1F,400x800,1.8624
C1-B1F-DONG-0143,C1,기둥,DONG,B1F,400x800,1.8624
C1-B1F-DONG-0144,C1,기둥,DONG,B1F,400x800,1.8624
C1-B1F-DONG-0145,C1,기둥,DONG,B1F,400x800,1.8624
C1-B1F-DONG-0146,C1,기둥,DONG,B1F,400x800,1.8624
C1-B1F-DONG-0147,C1,기둥,DONG,B1F,400x800,1.8624
TC19-B1F-DONG-0001,TC19,기둥,DONG,B1F,600x1100,3.8412
C-B2F-PKG-0001,C,기둥,PKG,B2F,500x500,0.825
C-B2F-PKG-0002,C,기둥,PKG,B2F,500x500,0.825
C-B2F-PKG-0003,C,기둥,PKG,B2F,500x500,0.825
C-B2F-PKG-0004,C,기둥,PKG,B2F,400x800,1.056
C-B2F-PKG-0005,C,기둥,PKG,B2F,400x800,1.056
C-B2F-PKG-0006,C,기둥,PKG,B2F,400x800,1.056
C-B2F-PKG-0007,C,기둥,PKG,B2F,400x800,1.056
C-B2F-PKG-0008,C,기둥,PKG,B2F,400x800,1.056
C-B2F-PKG-0009,C,기둥,PKG,B2F,400x800,1.056
C-B2F-PKG-0010,C,기둥,PKG,B2F,400x800,1.056
C-B2F-PKG-0011,C,기둥,PKG,B2F,400x800,1.056
C-B2F-PKG-0012,C,기둥,PKG,B2F,400x800,1.056
C-B2F-PKG-0013,C,기둥,PKG,B2F,400x800,1.056
C-B2F-PKG-0014,C,기둥,PKG,B2F,400x800,1.056
C-B2F-PKG-0015,C,기둥,PKG,B2F,400x800,1.056
C-B2F-PKG-0016,C,기둥,PKG,B2F,400x800,1.056
C-B2F-PKG-0017,C,기둥,PKG,B2F,400x800,1.056
C-B2F-PKG-0018,C,기둥,PKG,B2F,400x800,1.056
C-B2F-PKG-0019,C,기둥,PKG,B2F,400x800,1.056
C-B2F-PKG-0020,C,기둥,PKG,B2F,400x800,1.056
C-B2F-PKG-0021,C,기둥,PKG,B2F,400x800,1.056
C-B2F-PKG-0022,C,기둥,PKG,B2F,400x800,1.056
C-B2F-PKG-0023,C,기둥,PKG,B2F,400x800,1.056
C-B2F-PKG-0024,C,기둥,PKG,B2F,500x700,1.155
C-B2F-PKG-0025,C,기둥,PKG,B2F,500x700,1.155
C-B2F-PKG-0026,C,기둥,PKG,B2F,771x888,2.2619
C-B2F-PKG-0027,C,기둥,PKG,B2F,400x800,1.056
C-B2F-PKG-0028,C,기둥,PKG,B2F,400x800,1.056
C-B2F-PKG-0029,C,기둥,PKG,B2F,800x400,1.056
C-B2F-PKG-0030,C,기둥,PKG,B2F,400x800,1.056
C-B2F-PKG-0031,C,기둥,PKG,B2F,400x800,1.056
C-B2F-PKG-0032,C,기둥,PKG,B2F,400x800,1.056
C-B2F-PKG-0033,C,기둥,PKG,B2F,400x800,1.056
C-B2F-PKG-0034,C,기둥,PKG,B2F,400x800,1.056
C-B2F-PKG-0035,C,기둥,PKG,B2F,400x800,1.056
C-B2F-PKG-0036,C,기둥,PKG,B2F,400x800,1.056
C-B2F-PKG-0037,C,기둥,PKG,B2F,400x800,1.056
C-B2F-PKG-0038,C,기둥,PKG,B2F,400x800,1.056
C-B2F-PKG-0039,C,기둥,PKG,B2F,400x800,1.056
C-B2F-PKG-0040,C,기둥,PKG,B2F,400x800,1.056
C-B2F-PKG-0041,C,기둥,PKG,B2F,400x800,1.056
C-B2F-PKG-0042,C,기둥,PKG,B2F,400x800,1.056
C-B2F-PKG-0043,C,기둥,PKG,B2F,400x800,1.056
C-B2F-PKG-0044,C,기둥,PKG,B2F,400x800,1.056
C-B2F-PKG-0045,C,기둥,PKG,B2F,400x800,1.056
C-B2F-PKG-0046,C,기둥,PKG,B2F,400x800,1.056
C-B2F-PKG-0047,C,기둥,PKG,B2F,800x400,1.056
C-B2F-PKG-0048,C,기둥,PKG,B2F,400x800,1.056
C-B2F-PKG-0049,C,기둥,PKG,B2F,400x800,1.056
C-B2F-PKG-0050,C,기둥,PKG,B2F,400x800,1.056
C-B2F-PKG-0051,C,기둥,PKG,B2F,400x800,1.056
C-B2F-PKG-0052,C,기둥,PKG,B2F,400x800,1.056
C-B2F-PKG-0053,C,기둥,PKG,B2F,400x800,1.056
C-B2F-PKG-0054,C,기둥,PKG,B2F,400x800,1.056
C-B2F-PKG-0055,C,기둥,PKG,B2F,400x800,1.056
C-B2F-PKG-0056,C,기둥,PKG,B2F,400x800,1.056
C-B2F-PKG-0057,C,기둥,PKG,B2F,400x800,1.056
C-B2F-PKG-0058,C,기둥,PKG,B2F,400x800,1.056
C-B2F-PKG-0059,C,기둥,PKG,B2F,400x800,1.056
C-B2F-PKG-0060,C,기둥,PKG,B2F,400x800,1.056
C-B2F-PKG-0061,C,기둥,PKG,B2F,400x800,1.056
C-B2F-PKG-0062,C,기둥,PKG,B2F,400x800,1.056
C-B2F-PKG-0063,C,기둥,PKG,B2F,400x800,1.056
C-B2F-PKG-0064,C,기둥,PKG,B2F,400x800,1.056
C-B2F-PKG-0065,C,기둥,PKG,B2F,400x800,1.056
C-B2F-PKG-0066,C,기둥,PKG,B2F,400x800,1.056
C-B2F-PKG-0067,C,기둥,PKG,B2F,400x800,1.056
C-B2F-PKG-0068,C,기둥,PKG,B2F,400x800,1.056
C-B2F-PKG-0069,C,기둥,PKG,B2F,400x800,1.056
C-B2F-PKG-0070,C,기둥,PKG,B2F,400x800,1.056
C-B2F-PKG-0071,C,기둥,PKG,B2F,400x800,1.056
C-B2F-PKG-0072,C,기둥,PKG,B2F,400x800,1.056
C-B2F-PKG-0073,C,기둥,PKG,B2F,400x800,1.056
C-B2F-PKG-0074,C,기둥,PKG,B2F,400x800,1.056
C-B2F-PKG-0075,C,기둥,PKG,B2F,800x400,1.056
C-B2F-PKG-0076,C,기둥,PKG,B2F,800x400,1.056
C-B2F-PKG-0077,C,기둥,PKG,B2F,400x800,1.056
C-B2F-PKG-0078,C,기둥,PKG,B2F,400x800,1.056
C-B2F-PKG-0079,C,기둥,PKG,B2F,400x800,1.056
C-B2F-PKG-0080,C,기둥,PKG,B2F,400x800,1.056
C-B2F-PKG-0081,C,기둥,PKG,B2F,400x800,1.056
C-B2F-PKG-0082,C,기둥,PKG,B2F,400x800,1.056
C-B2F-PKG-0083,C,기둥,PKG,B2F,400x800,1.056
C-B2F-PKG-0084,C,기둥,PKG,B2F,400x800,1.056
C-B2F-PKG-0085,C,기둥,PKG,B2F,800x400,1.056
C-B2F-PKG-0086,C,기둥,PKG,B2F,800x400,1.056
C-B2F-PKG-0087,C,기둥,PKG,B2F,800x400,1.056
C-B2F-PKG-0088,C,기둥,PKG,B2F,400x800,1.056
C-B2F-PKG-0089,C,기둥,PKG,B2F,800x400,1.056
C-B2F-PKG-0090,C,기둥,PKG,B2F,800x400,1.056
C-B2F-PKG-0091,C,기둥,PKG,B2F,800x400,1.056
C-B2F-PKG-0092,C,기둥,PKG,B2F,800x400,1.056
C-B2F-PKG-0093,C,기둥,PKG,B2F,800x400,1.056
C-B2F-PKG-0094,C,기둥,PKG,B2F,800x400,1.056
C-B2F-PKG-0095,C,기둥,PKG,B2F,400x800,1.056
C-B2F-PKG-0096,C,기둥,PKG,B2F,800x400,1.056
C-B2F-PKG-0097,C,기둥,PKG,B2F,600x1500,2.97
C-B2F-PKG-0098,C,기둥,PKG,B2F,600x1200,2.376
C-B2F-PKG-0099,C,기둥,PKG,B2F,600x2650,5.247
C-B2F-PKG-0100,C,기둥,PKG,B2F,600x1300,2.574
C-B2F-PKG-0101,C,기둥,PKG,B2F,800x1500,3.96
C-B2F-PKG-0102,C,기둥,PKG,B2F,700x1500,3.465
C-B2F-PKG-0103,C,기둥,PKG,B2F,1472x1334,6.4863
C-B2F-PKG-0104,C,기둥,PKG,B2F,1709x1519,8.5692
C-B2F-PKG-0105,C,기둥,PKG,B2F,600x1500,2.97
C-B2F-PKG-0106,C,기둥,PKG,B2F,600x2850,5.643
C-B2F-PKG-0107,C,기둥,PKG,B2F,600x1200,2.376
C-B2F-PKG-0108,C,기둥,PKG,B2F,600x1600,3.168
C-B2F-PKG-0109,C,기둥,PKG,B2F,600x1800,3.564
C-B2F-PKG-0110,C,기둥,PKG,B2F,1472x1334,6.4863
C-B2F-PKG-0111,C,기둥,PKG,B2F,2006x1782,11.8085
C-B2F-PKG-0112,C,기둥,PKG,B2F,600x1200,2.376
C-B2F-PKG-0113,C,기둥,PKG,B2F,600x1500,2.97
C-B2F-PKG-0114,C,기둥,PKG,B2F,600x1500,2.97
C-B2F-PKG-0115,C,기둥,PKG,B2F,600x1200,2.376
C-B2F-PKG-0116,C,기둥,PKG,B2F,1339x1119,4.9479
C-B2F-PKG-0117,C,기둥,PKG,B2F,600x1000,1.98
C-B2F-PKG-0118,C,기둥,PKG,B2F,600x1200,2.376
C-B2F-PKG-0119,C,기둥,PKG,B2F,600x1800,3.564
C-B2F-PKG-0120,C,기둥,PKG,B2F,600x2200,4.356
C-B2F-PKG-0121,C,기둥,PKG,B2F,1500x1000,4.95
C-B2F-PKG-0122,C,기둥,PKG,B2F,1500x1000,4.95
C-B2F-PKG-0123,C,기둥,PKG,B2F,600x1400,2.772
C-B2F-PKG-0124,C,기둥,PKG,B2F,1500x1000,4.95
C-B2F-PKG-0125,C,기둥,PKG,B2F,1500x1000,4.95
C-B2F-PKG-0126,C,기둥,PKG,B2F,1100x900,3.267
C-B2F-PKG-0127,C,기둥,PKG,B2F,1300x1300,5.577
C-B2F-PKG-0128,C,기둥,PKG,B2F,1300x1300,5.577
C-B2F-PKG-0129,C,기둥,PKG,B2F,600x1800,3.564
C-B2F-PKG-0130,C,기둥,PKG,B2F,400x800,1.056
C-B2F-PKG-0131,C,기둥,PKG,B2F,1017x948,3.182
C-B1F-PKG-0001,C,기둥,PKG,B1F,500x500,1.0625
C-B1F-PKG-0002,C,기둥,PKG,B1F,500x500,1.0625
C-B1F-PKG-0003,C,기둥,PKG,B1F,500x500,1.0625
C-B1F-PKG-0004,C,기둥,PKG,B1F,500x500,1.0625
C-B1F-PKG-0005,C,기둥,PKG,B1F,500x500,1.0625
C-B1F-PKG-0006,C,기둥,PKG,B1F,500x500,1.0625
C-B1F-PKG-0007,C,기둥,PKG,B1F,800x400,1.36
C-B1F-PKG-0008,C,기둥,PKG,B1F,700x500,1.4875
C-B1F-PKG-0009,C,기둥,PKG,B1F,400x800,1.36
C-B1F-PKG-0010,C,기둥,PKG,B1F,400x800,1.36
C-B1F-PKG-0011,C,기둥,PKG,B1F,400x800,1.36
C-B1F-PKG-0012,C,기둥,PKG,B1F,400x800,1.36
C-B1F-PKG-0013,C,기둥,PKG,B1F,400x800,1.36
C-B1F-PKG-0014,C,기둥,PKG,B1F,1719x2036,14.8792
C-B1F-PKG-0015,C,기둥,PKG,B1F,400x800,1.36
C-B1F-PKG-0016,C,기둥,PKG,B1F,400x800,1.36
C-B1F-PKG-0017,C,기둥,PKG,B1F,400x800,1.36
C-B1F-PKG-0018,C,기둥,PKG,B1F,400x800,1.36
C-B1F-PKG-0019,C,기둥,PKG,B1F,400x800,1.36
C-B1F-PKG-0020,C,기둥,PKG,B1F,400x800,1.36
C-B1F-PKG-0021,C,기둥,PKG,B1F,400x800,1.36
C-B1F-PKG-0022,C,기둥,PKG,B1F,400x800,1.36
C-B1F-PKG-0023,C,기둥,PKG,B1F,400x800,1.36
C-B1F-PKG-0024,C,기둥,PKG,B1F,400x800,1.36
C-B1F-PKG-0025,C,기둥,PKG,B1F,400x800,1.36
C-B1F-PKG-0026,C,기둥,PKG,B1F,400x800,1.36
C-B1F-PKG-0027,C,기둥,PKG,B1F,500x700,1.4875
C-B1F-PKG-0028,C,기둥,PKG,B1F,500x700,1.4875
C-B1F-PKG-0029,C,기둥,PKG,B1F,771x888,2.913
C-B1F-PKG-0030,C,기둥,PKG,B1F,400x800,1.36
C-B1F-PKG-0031,C,기둥,PKG,B1F,400x800,1.36
C-B1F-PKG-0032,C,기둥,PKG,B1F,800x400,1.36
C-B1F-PKG-0033,C,기둥,PKG,B1F,400x800,1.36
C-B1F-PKG-0034,C,기둥,PKG,B1F,400x800,1.36
C-B1F-PKG-0035,C,기둥,PKG,B1F,400x800,1.36
C-B1F-PKG-0036,C,기둥,PKG,B1F,400x800,1.36
C-B1F-PKG-0037,C,기둥,PKG,B1F,400x800,1.36
C-B1F-PKG-0038,C,기둥,PKG,B1F,400x800,1.36
C-B1F-PKG-0039,C,기둥,PKG,B1F,400x800,1.36
C-B1F-PKG-0040,C,기둥,PKG,B1F,800x400,1.36
C-B1F-PKG-0041,C,기둥,PKG,B1F,400x800,1.36
C-B1F-PKG-0042,C,기둥,PKG,B1F,400x800,1.36
C-B1F-PKG-0043,C,기둥,PKG,B1F,800x400,1.36
C-B1F-PKG-0044,C,기둥,PKG,B1F,400x800,1.36
C-B1F-PKG-0045,C,기둥,PKG,B1F,400x800,1.36
C-B1F-PKG-0046,C,기둥,PKG,B1F,700x500,1.4875
C-B1F-PKG-0047,C,기둥,PKG,B1F,700x500,1.4875
C-B1F-PKG-0048,C,기둥,PKG,B1F,700x500,1.4875
C-B1F-PKG-0049,C,기둥,PKG,B1F,400x800,1.36
C-B1F-PKG-0050,C,기둥,PKG,B1F,400x800,1.36
C-B1F-PKG-0051,C,기둥,PKG,B1F,400x800,1.36
C-B1F-PKG-0052,C,기둥,PKG,B1F,400x800,1.36
C-B1F-PKG-0053,C,기둥,PKG,B1F,400x800,1.36
C-B1F-PKG-0054,C,기둥,PKG,B1F,400x800,1.36
C-B1F-PKG-0055,C,기둥,PKG,B1F,400x800,1.36
C-B1F-PKG-0056,C,기둥,PKG,B1F,400x800,1.36
C-B1F-PKG-0057,C,기둥,PKG,B1F,1017x948,4.0981
C-B1F-PKG-0058,C,기둥,PKG,B1F,400x800,1.36
C-B1F-PKG-0059,C,기둥,PKG,B1F,800x400,1.36
C-B1F-PKG-0060,C,기둥,PKG,B1F,400x800,1.36
C-B1F-PKG-0061,C,기둥,PKG,B1F,800x400,1.36
C-B1F-PKG-0062,C,기둥,PKG,B1F,400x800,1.36
C-B1F-PKG-0063,C,기둥,PKG,B1F,800x400,1.36
C-B1F-PKG-0064,C,기둥,PKG,B1F,400x800,1.36
C-B1F-PKG-0065,C,기둥,PKG,B1F,800x400,1.36
C-B1F-PKG-0066,C,기둥,PKG,B1F,400x800,1.36
C-B1F-PKG-0067,C,기둥,PKG,B1F,400x800,1.36
C-B1F-PKG-0068,C,기둥,PKG,B1F,400x800,1.36
C-B1F-PKG-0069,C,기둥,PKG,B1F,400x800,1.36
C-B1F-PKG-0070,C,기둥,PKG,B1F,400x800,1.36
C-B1F-PKG-0071,C,기둥,PKG,B1F,400x800,1.36
C-B1F-PKG-0072,C,기둥,PKG,B1F,400x800,1.36
C-B1F-PKG-0073,C,기둥,PKG,B1F,400x800,1.36
C-B1F-PKG-0074,C,기둥,PKG,B1F,400x800,1.36
C-B1F-PKG-0075,C,기둥,PKG,B1F,400x800,1.36
C-B1F-PKG-0076,C,기둥,PKG,B1F,400x800,1.36
C-B1F-PKG-0077,C,기둥,PKG,B1F,400x800,1.36
C-B1F-PKG-0078,C,기둥,PKG,B1F,400x800,1.36
C-B1F-PKG-0079,C,기둥,PKG,B1F,400x800,1.36
C-B1F-PKG-0080,C,기둥,PKG,B1F,400x800,1.36
C-B1F-PKG-0081,C,기둥,PKG,B1F,400x800,1.36
C-B1F-PKG-0082,C,기둥,PKG,B1F,400x800,1.36
C-B1F-PKG-0083,C,기둥,PKG,B1F,400x800,1.36
C-B1F-PKG-0084,C,기둥,PKG,B1F,400x800,1.36
C-B1F-PKG-0085,C,기둥,PKG,B1F,600x2200,5.61
C-B1F-PKG-0086,C,기둥,PKG,B1F,400x800,1.36
C-B1F-PKG-0087,C,기둥,PKG,B1F,400x800,1.36
C-B1F-PKG-0088,C,기둥,PKG,B1F,400x800,1.36
C-B1F-PKG-0089,C,기둥,PKG,B1F,400x800,1.36
C-B1F-PKG-0090,C,기둥,PKG,B1F,400x800,1.36
C-B1F-PKG-0091,C,기둥,PKG,B1F,400x800,1.36
C-B1F-PKG-0092,C,기둥,PKG,B1F,400x800,1.36
C-B1F-PKG-0093,C,기둥,PKG,B1F,400x800,1.36
C-B1F-PKG-0094,C,기둥,PKG,B1F,400x800,1.36
C-B1F-PKG-0095,C,기둥,PKG,B1F,400x800,1.36
C-B1F-PKG-0096,C,기둥,PKG,B1F,400x800,1.36
C-B1F-PKG-0097,C,기둥,PKG,B1F,400x800,1.36
C-B1F-PKG-0098,C,기둥,PKG,B1F,400x800,1.36
C-B1F-PKG-0099,C,기둥,PKG,B1F,400x800,1.36
C-B1F-PKG-0100,C,기둥,PKG,B1F,400x800,1.36
C-B1F-PKG-0101,C,기둥,PKG,B1F,400x800,1.36
C-B1F-PKG-0102,C,기둥,PKG,B1F,800x400,1.36
C-B1F-PKG-0103,C,기둥,PKG,B1F,800x400,1.36
C-B1F-PKG-0104,C,기둥,PKG,B1F,400x800,1.36
C-B1F-PKG-0105,C,기둥,PKG,B1F,400x800,1.36
C-B1F-PKG-0106,C,기둥,PKG,B1F,2417x2491,25.591
C-B1F-PKG-0107,C,기둥,PKG,B1F,400x800,1.36
C-B1F-PKG-0108,C,기둥,PKG,B1F,400x800,1.36
C-B1F-PKG-0109,C,기둥,PKG,B1F,400x800,1.36
C-B1F-PKG-0110,C,기둥,PKG,B1F,1061x2869,12.9434
C-B1F-PKG-0111,C,기둥,PKG,B1F,800x400,1.36
C-B1F-PKG-0112,C,기둥,PKG,B1F,800x400,1.36
C-B1F-PKG-0113,C,기둥,PKG,B1F,800x400,1.36
C-B1F-PKG-0114,C,기둥,PKG,B1F,400x800,1.36
C-B1F-PKG-0115,C,기둥,PKG,B1F,400x800,1.36
C-B1F-PKG-0116,C,기둥,PKG,B1F,800x400,1.36
C-B1F-PKG-0117,C,기둥,PKG,B1F,800x400,1.36
C-B1F-PKG-0118,C,기둥,PKG,B1F,800x400,1.36
C-B1F-PKG-0119,C,기둥,PKG,B1F,800x400,1.36
C-B1F-PKG-0120,C,기둥,PKG,B1F,800x400,1.36
C-B1F-PKG-0121,C,기둥,PKG,B1F,800x400,1.36
C-B1F-PKG-0122,C,기둥,PKG,B1F,800x400,1.36
C-B1F-PKG-0123,C,기둥,PKG,B1F,800x400,1.36
C-B1F-PKG-0124,C,기둥,PKG,B1F,400x800,1.36
C-B1F-PKG-0125,C,기둥,PKG,B1F,600x2650,6.7575
C-B1F-PKG-0126,C,기둥,PKG,B1F,600x1300,3.315
C-B1F-PKG-0127,C,기둥,PKG,B1F,800x1500,5.1
C-B1F-PKG-0128,C,기둥,PKG,B1F,700x1500,4.4625
C-B1F-PKG-0129,C,기둥,PKG,B1F,1472x1334,8.3536
C-B1F-PKG-0130,C,기둥,PKG,B1F,600x1500,3.825
C-B1F-PKG-0131,C,기둥,PKG,B1F,600x2850,7.2675
C-B1F-PKG-0132,C,기둥,PKG,B1F,600x1200,3.06
C-B1F-PKG-0133,C,기둥,PKG,B1F,600x1600,4.08
C-B1F-PKG-0134,C,기둥,PKG,B1F,600x1800,4.59
C-B1F-PKG-0135,C,기둥,PKG,B1F,1472x1334,8.3536
C-B1F-PKG-0136,C,기둥,PKG,B1F,600x1200,3.06
C-B1F-PKG-0137,C,기둥,PKG,B1F,600x1500,3.825
C-B1F-PKG-0138,C,기둥,PKG,B1F,600x1200,3.06
C-B1F-PKG-0139,C,기둥,PKG,B1F,1339x1119,6.3724
C-B1F-PKG-0140,C,기둥,PKG,B1F,600x1000,2.55
C-B1F-PKG-0141,C,기둥,PKG,B1F,600x1000,2.55
C-B1F-PKG-0142,C,기둥,PKG,B1F,600x1700,4.335
C-B1F-PKG-0143,C,기둥,PKG,B1F,600x1200,3.06
C-B1F-PKG-0144,C,기둥,PKG,B1F,600x1200,3.06
C-B1F-PKG-0145,C,기둥,PKG,B1F,600x1800,4.59
C-B1F-PKG-0146,C,기둥,PKG,B1F,600x2200,5.61
C-B1F-PKG-0147,C,기둥,PKG,B1F,1500x1000,6.375
C-B1F-PKG-0148,C,기둥,PKG,B1F,1500x1000,6.375
C-B1F-PKG-0149,C,기둥,PKG,B1F,1100x900,4.2075
C-B1F-PKG-0150,C,기둥,PKG,B1F,1300x1300,7.1825
C-B1F-PKG-0151,C,기둥,PKG,B1F,1300x1300,7.1825
400X900_EST-B2F-DONG-0001,400X900_EST,보(Y),DONG,B2F,400x900,0.4032
400X900_EST-B2F-DONG-0002,400X900_EST,보(Y),DONG,B2F,400x900,0.4032
500X600-B2F-DONG-0001,500X600,보(Y),DONG,B2F,500x600,0.351
500X600-B2F-DONG-0002,500X600,보(Y),DONG,B2F,500x600,0.351
400X800-B2F-DONG-0001,400X800,보(Y),DONG,B2F,400x800,0.3648
400X800-B2F-DONG-0002,400X800,보(Y),DONG,B2F,400x800,0.3648
400X900_EST-B2F-DONG-0003,400X900_EST,보(X),DONG,B2F,400x900,0.4752
400X900_EST-B2F-DONG-0004,400X900_EST,보(X),DONG,B2F,400x900,0.4752
400X800-B2F-DONG-0003,400X800,보(X),DONG,B2F,400x800,0.3648
400X800-B2F-DONG-0004,400X800,보(X),DONG,B2F,400x800,0.3648
400X800-B2F-DONG-0005,400X800,보(X),DONG,B2F,400x800,0.3744
400X800-B2F-DONG-0006,400X800,보(X),DONG,B2F,400x800,0.3744
400X900_EST-B2F-DONG-0005,400X900_EST,보(X),DONG,B2F,400x900,0.4032
400X900_EST-B2F-DONG-0006,400X900_EST,보(X),DONG,B2F,400x900,0.4032
400X900_EST-B2F-DONG-0007,400X900_EST,보(X),DONG,B2F,400x900,0.4752
400X900_EST-B2F-DONG-0008,400X900_EST,보(X),DONG,B2F,400x900,0.4752
400X900_EST-B2F-DONG-0009,400X900_EST,보(X),DONG,B2F,400x900,0.4752
400X900_EST-B2F-DONG-0010,400X900_EST,보(X),DONG,B2F,400x900,0.4752
400X900_EST-B2F-DONG-0011,400X900_EST,보(X),DONG,B2F,400x900,0.4032
400X900_EST-B2F-DONG-0012,400X900_EST,보(X),DONG,B2F,400x900,0.4032
400X900_EST-B2F-DONG-0013,400X900_EST,보(X),DONG,B2F,400x900,0.4212
400X900_EST-B2F-DONG-0014,400X900_EST,보(X),DONG,B2F,400x900,0.4212
400X900_EST-B2F-DONG-0015,400X900_EST,보(X),DONG,B2F,400x900,0.4104
400X900_EST-B2F-DONG-0016,400X900_EST,보(X),DONG,B2F,400x900,0.4104
500X600-B2F-DONG-0003,500X600,보(X),DONG,B2F,500x600,1.575
500X600-B2F-DONG-0004,500X600,보(X),DONG,B2F,500x600,1.575
500X700-B2F-DONG-0001,500X700,보(X),DONG,B2F,500x700,0.77
600X1500-B2F-DONG-0001,600X1500,보(Y),DONG,B2F,600x1500,0.9094
500X700-B2F-DONG-0002,500X700,보(Y),DONG,B2F,500x700,1.0009
500X700-B2F-DONG-0003,500X700,보(Y),DONG,B2F,500x700,1.0009
500X600-B2F-DONG-0005,500X600,보(Y),DONG,B2F,500x600,1.5121
500X700-B2F-DONG-0004,500X700,보(Y),DONG,B2F,500x700,0.2309
500X700-B2F-DONG-0005,500X700,보(Y),DONG,B2F,500x700,0.2309
500X700-B2F-DONG-0006,500X700,보(X),DONG,B2F,500x700,0.6895
500X600-B2F-DONG-0006,500X600,보(Y),DONG,B2F,500x600,0.57
700X600-B2F-DONG-0001,700X600,보(X),DONG,B2F,700x600,1.911
700X600-B2F-DONG-0002,700X600,보(X),DONG,B2F,700x600,2.1378
600X1200-B2F-DONG-0001,600X1200,보(X),DONG,B2F,600x1200,2.916
700X600-B2F-DONG-0003,700X600,보(X),DONG,B2F,700x600,2.1378
500X600-B2F-DONG-0007,500X600,보(Y),DONG,B2F,500x600,0.57
500X700-B2F-DONG-0007,500X700,보(X),DONG,B2F,500x700,0.6895
500X600-B2F-DONG-0008,500X600,보(Y),DONG,B2F,500x600,1.3621
500X700-B2F-DONG-0008,500X700,보(X),DONG,B2F,500x700,0.77
600X1500-B2F-DONG-0002,600X1500,보(Y),DONG,B2F,600x1500,0.9094
500X700-B2F-DONG-0009,500X700,보(Y),DONG,B2F,500x700,1.1759
500X600-B2F-DONG-0009,500X600,보(X),DONG,B2F,500x600,0.78
500X600-B2F-DONG-0010,500X600,보(Y),DONG,B2F,500x600,0.36
400X800-B2F-DONG-0007,400X800,보(X),DONG,B2F,400x800,1.44
500X600-B2F-DONG-0011,500X600,보(Y),DONG,B2F,500x600,1.239
600X1200-B2F-DONG-0002,600X1200,보(X),DONG,B2F,600x1200,0.8856
400X800-B2F-DONG-0008,400X800,보(X),DONG,B2F,400x800,0.4672
400X800-B2F-DONG-0009,400X800,보(Y),DONG,B2F,400x800,0.6752
600X1500-B2F-DONG-0003,600X1500,보(X),DONG,B2F,600x1500,1.764
400X800-B2F-DONG-0010,400X800,보(Y),DONG,B2F,400x800,0.6752
500X600-B2F-DONG-0012,500X600,보(X),DONG,B2F,500x600,1.08
500X600-B2F-DONG-0013,500X600,보(Y),DONG,B2F,500x600,0.36
500X600-B2F-DONG-0014,500X600,보(X),DONG,B2F,500x600,0.8133
500X600-B2F-DONG-0015,500X600,보(X),DONG,B2F,500x600,0.4167
500X600-B2F-DONG-0016,500X600,보(Y),DONG,B2F,500x600,1.389
600X1200-B2F-DONG-0003,600X1200,보(X),DONG,B2F,600x1200,1.6056
600X1200-B2F-DONG-0004,600X1200,보(Y),DONG,B2F,600x1200,0.864
600X1200-B2F-DONG-0005,600X1200,보(X),DONG,B2F,600x1200,0.702
700X1500-B2F-DONG-0001,700X1500,보(X),DONG,B2F,700x1500,6.3998
400X800-B2F-DONG-0011,400X800,보(X),DONG,B2F,400x800,2.8517
400X800-B2F-DONG-0012,400X800,보(X),DONG,B2F,400x800,1.3264
400X800-B2F-DONG-0013,400X800,보(X),DONG,B2F,400x800,1.44
500X600-B2F-DONG-0017,500X600,보(X),DONG,B2F,500x600,0.42
500X600-B2F-DONG-0018,500X600,보(X),DONG,B2F,500x600,1.428
500X600-B2F-DONG-0019,500X600,보(X),DONG,B2F,500x600,0.564
400X900_EST-B2F-DONG-0017,400X900_EST,보(X),DONG,B2F,400x900,1.224
800X1500-B2F-DONG-0001,800X1500,보(X),DONG,B2F,800x1500,6.996
800X1500-B2F-DONG-0002,800X1500,보(X),DONG,B2F,800x1500,7.14
800X1500-B2F-DONG-0003,800X1500,보(X),DONG,B2F,800x1500,1.584
700X1500-B2F-DONG-0002,700X1500,보(X),DONG,B2F,700x1500,6.3998
600X1200-B2F-DONG-0006,600X1200,보(Y),DONG,B2F,600x1200,0.504
400X800-B2F-DONG-0014,400X800,보(X),DONG,B2F,400x800,1.4864
400X800-B2F-DONG-0015,400X800,보(X),DONG,B2F,400x800,1.44
500X600-B2F-DONG-0020,500X600,보(X),DONG,B2F,500x600,0.57
500X600-B2F-DONG-0021,500X600,보(X),DONG,B2F,500x600,1.728
500X600-B2F-DONG-0022,500X600,보(X),DONG,B2F,500x600,0.564
400X900_EST-B2F-DONG-0018,400X900_EST,보(X),DONG,B2F,400x900,1.404
800X1500-B2F-DONG-0004,800X1500,보(X),DONG,B2F,800x1500,6.996
800X1500-B2F-DONG-0005,800X1500,보(X),DONG,B2F,800x1500,7.14
800X1500-B2F-DONG-0006,800X1500,보(X),DONG,B2F,800x1500,1.8766
500X600-B2F-DONG-0023,500X600,보(X),DONG,B2F,500x600,2.082
800X1700-B2F-DONG-0001,800X1700,보(X),DONG,B2F,800x1700,6.4396
400X900_EST-B2F-DONG-0019,400X900_EST,보(X),DONG,B2F,400x900,0.4752
400X900_EST-B2F-DONG-0020,400X900_EST,보(X),DONG,B2F,400x900,0.45
500X600-B2F-DONG-0024,500X600,보(X),DONG,B2F,500x600,2.1552
800X1700-B2F-DONG-0002,800X1700,보(X),DONG,B2F,800x1700,6.4396
400X900_EST-B2F-DONG-0021,400X900_EST,보(X),DONG,B2F,400x900,0.6552
400X900_EST-B2F-DONG-0022,400X900_EST,보(X),DONG,B2F,400x900,0.63
400X900_EST-B2F-DONG-0023,400X900_EST,보(X),DONG,B2F,400x900,0.18
800X1500-B2F-DONG-0007,800X1500,보(X),DONG,B2F,800x1500,0.6
400X900_EST-B2F-DONG-0024,400X900_EST,보(X),DONG,B2F,400x900,0.5616
400X900_EST-B2F-DONG-0025,400X900_EST,보(X),DONG,B2F,400x900,0.5077
400X900_EST-B2F-DONG-0026,400X900_EST,보(X),DONG,B2F,400x900,0.5077
400X900_EST-B2F-DONG-0027,400X900_EST,보(X),DONG,B2F,400x900,0.5616
400X800-B2F-DONG-0016,400X800,보(X),DONG,B2F,400x800,3.0985
800X1700-B2F-DONG-0003,800X1700,보(X),DONG,B2F,800x1700,9.1052
600X900_EST-B2F-DONG-0001,600X900_EST,보(X),DONG,B2F,600x900,3.8853
500X600-B2F-DONG-0025,500X600,보(X),DONG,B2F,500x600,0.15
500X600-B2F-DONG-0026,500X600,보(Y),DONG,B2F,500x600,1.335
500X600-B2F-DONG-0027,500X600,보(X),DONG,B2F,500x600,0.15
600X1400-B2F-DONG-0001,600X1400,보(X),DONG,B2F,600x1400,0.6822
500X600-B2F-DONG-0028,500X600,보(Y),DONG,B2F,500x600,2.1629
500X600-B2F-DONG-0029,500X600,보(X),DONG,B2F,500x600,0.15
500X600-B2F-DONG-0030,500X600,보(X),DONG,B2F,500x600,0.15
500X600-B2F-DONG-0031,500X600,보(Y),DONG,B2F,500x600,1.335
500X600-B2F-DONG-0032,500X600,보(X),DONG,B2F,500x600,0.15
500X600-B2F-DONG-0033,500X600,보(X),DONG,B2F,500x600,0.1503
500X600-B2F-DONG-0034,500X600,보(Y),DONG,B2F,500x600,2.2002
500X600-B2F-DONG-0035,500X600,보(X),DONG,B2F,500x600,0.15
500X600-B2F-DONG-0036,500X600,보(Y),DONG,B2F,500x600,2.2103
500X600-B2F-DONG-0037,500X600,보(X),DONG,B2F,500x600,0.15
500X600-B2F-DONG-0038,500X600,보(Y),DONG,B2F,500x600,2.43
700X600-B2F-DONG-0004,700X600,보(X),DONG,B2F,700x600,0.21
700X600-B2F-DONG-0005,700X600,보(X),DONG,B2F,700x600,0.21
500X600-B2F-DONG-0039,500X600,보(Y),DONG,B2F,500x600,2.325
600X600-B2F-DONG-0001,600X600,보(X),DONG,B2F,600x600,0.18
600X600-B2F-DONG-0002,600X600,보(X),DONG,B2F,600x600,0.18
500X600-B2F-DONG-0040,500X600,보(Y),DONG,B2F,500x600,2.292
600X1800-B2F-DONG-0001,600X1800,보(X),DONG,B2F,600x1800,0.54
500X600-B2F-DONG-0041,500X600,보(X),DONG,B2F,500x600,2.4303
500X600-B2F-DONG-0042,500X600,보(Y),DONG,B2F,500x600,0.15
500X600-B2F-DONG-0043,500X600,보(X),DONG,B2F,500x600,2.4263
500X600-B2F-DONG-0044,500X600,보(X),DONG,B2F,500x600,1.2309
500X600-B2F-DONG-0045,500X600,보(Y),DONG,B2F,500x600,0.15
500X600-B2F-DONG-0046,500X600,보(X),DONG,B2F,500x600,1.2701
500X600-B2F-DONG-0047,500X600,보(X),DONG,B2F,500x600,2.2948
500X600-B2F-DONG-0048,500X600,보(Y),DONG,B2F,500x600,0.155
500X600-B2F-DONG-0049,500X600,보(X),DONG,B2F,500x600,2.2982
500X600-B2F-DONG-0050,500X600,보(X),DONG,B2F,500x600,2.0134
500X600-B2F-DONG-0051,500X600,보(X),DONG,B2F,500x600,0.156
500X600-B2F-DONG-0052,500X600,보(X),DONG,B2F,500x600,1.9707
500X600-B2F-DONG-0053,500X600,보(X),DONG,B2F,500x600,2.31
500X600-B2F-DONG-0054,500X600,보(Y),DONG,B2F,500x600,0.15
500X600-B2F-DONG-0055,500X600,보(X),DONG,B2F,500x600,2.31
500X600-B2F-DONG-0056,500X600,보(Y),DONG,B2F,500x600,0.1527
500X600-B2F-DONG-0057,500X600,보(X),DONG,B2F,500x600,1.3029
500X600-B2F-DONG-0058,500X600,보(Y),DONG,B2F,500x600,0.15
500X600-B2F-DONG-0059,500X600,보(Y),DONG,B2F,500x600,0.1527
500X600-B2F-DONG-0060,500X600,보(X),DONG,B2F,500x600,2.5387
400X900_EST-B2F-DONG-0028,400X900_EST,보(Y),DONG,B2F,400x900,0.18
700X600-B2F-DONG-0006,700X600,보(X),DONG,B2F,700x600,0.2105
500X600-B2F-DONG-0061,500X600,보(Y),DONG,B2F,500x600,2.3677
500X600-B2F-DONG-0062,500X600,보(X),DONG,B2F,500x600,0.15
500X600-B2F-DONG-0063,500X600,보(Y),DONG,B2F,500x600,2.31
500X600-B2F-DONG-0064,500X600,보(X),DONG,B2F,500x600,0.15
500X600-B2F-DONG-0065,500X600,보(Y),DONG,B2F,500x600,2.31
500X600-B2F-DONG-0066,500X600,보(X),DONG,B2F,500x600,0.15
500X600-B2F-DONG-0067,500X600,보(Y),DONG,B2F,500x600,2.31
500X600-B2F-DONG-0068,500X600,보(X),DONG,B2F,500x600,0.15
500X600-B2F-DONG-0069,500X600,보(X),DONG,B2F,500x600,0.15
500X600-B2F-DONG-0070,500X600,보(Y),DONG,B2F,500x600,2.31
500X600-B2F-DONG-0071,500X600,보(X),DONG,B2F,500x600,0.15
500X600-B2F-DONG-0072,500X600,보(X),DONG,B2F,500x600,0.15
500X600-B2F-DONG-0073,500X600,보(Y),DONG,B2F,500x600,2.295
600X600-B2F-DONG-0003,600X600,보(X),DONG,B2F,600x600,0.18
700X600-B2F-DONG-0007,700X600,보(X),DONG,B2F,700x600,0.21
500X600-B2F-DONG-0074,500X600,보(Y),DONG,B2F,500x600,2.28
500X600-B2F-DONG-0075,500X600,보(X),DONG,B2F,500x600,0.15
700X600-B2F-DONG-0008,700X600,보(X),DONG,B2F,700x600,0.2105
500X600-B2F-DONG-0076,500X600,보(Y),DONG,B2F,500x600,2.1727
700X600-B2F-DONG-0009,700X600,보(X),DONG,B2F,700x600,0.21
500X600-B2F-DONG-0077,500X600,보(X),DONG,B2F,500x600,0.15
500X600-B2F-DONG-0078,500X600,보(Y),DONG,B2F,500x600,0.882
600X600-B2F-DONG-0004,600X600,보(X),DONG,B2F,600x600,0.18
700X600-B2F-DONG-0010,700X600,보(X),DONG,B2F,700x600,0.21
500X600-B2F-DONG-0079,500X600,보(Y),DONG,B2F,500x600,2.325
600X600-B2F-DONG-0005,600X600,보(X),DONG,B2F,600x600,0.18
700X600-B2F-DONG-0011,700X600,보(X),DONG,B2F,700x600,0.2126
500X600-B2F-DONG-0080,500X600,보(Y),DONG,B2F,500x600,1.3049
700X600-B2F-DONG-0012,700X600,보(X),DONG,B2F,700x600,0.21
500X600-B2F-DONG-0081,500X600,보(Y),DONG,B2F,500x600,2.3525
700X600-B2F-DONG-0013,700X600,보(X),DONG,B2F,700x600,0.2126
500X600-B2F-DONG-0082,500X600,보(Y),DONG,B2F,500x600,2.3761
700X600-B2F-DONG-0014,700X600,보(X),DONG,B2F,700x600,0.21
500X600-B2F-DONG-0083,500X600,보(X),DONG,B2F,500x600,0.15
500X600-B2F-DONG-0084,500X600,보(Y),DONG,B2F,500x600,1.35
700X600-B2F-DONG-0015,700X600,보(X),DONG,B2F,700x600,0.21
500X600-B2F-DONG-0085,500X600,보(X),DONG,B2F,500x600,0.15
500X600-B2F-DONG-0086,500X600,보(Y),DONG,B2F,500x600,2.31
500X600-B2F-DONG-0087,500X600,보(X),DONG,B2F,500x600,0.15
500X600-B2F-DONG-0088,500X600,보(X),DONG,B2F,500x600,0.15
500X600-B2F-DONG-0089,500X600,보(Y),DONG,B2F,500x600,2.31
500X600-B2F-DONG-0090,500X600,보(X),DONG,B2F,500x600,0.15
500X600-B2F-DONG-0091,500X600,보(X),DONG,B2F,500x600,0.15
500X600-B2F-DONG-0092,500X600,보(Y),DONG,B2F,500x600,2.115
500X600-B2F-DONG-0093,500X600,보(X),DONG,B2F,500x600,0.15
500X600-B2F-DONG-0094,500X600,보(Y),DONG,B2F,500x600,1.3149
400X800-B2F-DONG-0017,400X800,보(X),DONG,B2F,400x800,0.1848
500X600-B2F-DONG-0095,500X600,보(Y),DONG,B2F,500x600,1.2123
400X800-B2F-DONG-0018,400X800,보(X),DONG,B2F,400x800,0.16
500X600-B2F-DONG-0096,500X600,보(Y),DONG,B2F,500x600,1.395
500X600-B2F-DONG-0097,500X600,보(X),DONG,B2F,500x600,0.15
500X600-B2F-DONG-0098,500X600,보(X),DONG,B2F,500x600,0.15
500X600-B2F-DONG-0099,500X600,보(Y),DONG,B2F,500x600,1.395
500X600-B2F-DONG-0100,500X600,보(X),DONG,B2F,500x600,0.15
500X600-B2F-DONG-0101,500X600,보(X),DONG,B2F,500x600,0.15
500X600-B2F-DONG-0102,500X600,보(Y),DONG,B2F,500x600,1.395
500X600-B2F-DONG-0103,500X600,보(X),DONG,B2F,500x600,0.15
500X600-B2F-DONG-0104,500X600,보(X),DONG,B2F,500x600,0.15
500X600-B2F-DONG-0105,500X600,보(Y),DONG,B2F,500x600,1.395
500X600-B2F-DONG-0106,500X600,보(X),DONG,B2F,500x600,0.15
500X600-B2F-DONG-0107,500X600,보(X),DONG,B2F,500x600,0.15
500X600-B2F-DONG-0108,500X600,보(Y),DONG,B2F,500x600,1.38
500X600-B2F-DONG-0109,500X600,보(X),DONG,B2F,500x600,0.15
400X800-B2F-DONG-0019,400X800,보(X),DONG,B2F,400x800,0.16
500X600-B2F-DONG-0110,500X600,보(Y),DONG,B2F,500x600,2.3393
400X800-B2F-DONG-0020,400X800,보(X),DONG,B2F,400x800,0.16
400X800-B2F-DONG-0021,400X800,보(X),DONG,B2F,400x800,0.16
500X600-B2F-DONG-0111,500X600,보(Y),DONG,B2F,500x600,2.3393
500X600-B2F-DONG-0112,500X600,보(X),DONG,B2F,500x600,0.15
400X800-B2F-DONG-0022,400X800,보(X),DONG,B2F,400x800,0.16
500X600-B2F-DONG-0113,500X600,보(Y),DONG,B2F,500x600,2.3393
500X600-B2F-DONG-0114,500X600,보(X),DONG,B2F,500x600,0.15
400X800-B2F-DONG-0023,400X800,보(X),DONG,B2F,400x800,0.16
500X600-B2F-DONG-0115,500X600,보(Y),DONG,B2F,500x600,2.3393
500X600-B2F-DONG-0116,500X600,보(X),DONG,B2F,500x600,0.15
500X600-B2F-DONG-0117,500X600,보(X),DONG,B2F,500x600,0.15
500X600-B2F-DONG-0118,500X600,보(Y),DONG,B2F,500x600,2.3393
500X600-B2F-DONG-0119,500X600,보(X),DONG,B2F,500x600,0.15
500X600-B2F-DONG-0120,500X600,보(Y),DONG,B2F,500x600,2.1151
700X900-B2F-DONG-0001,700X900,보(X),DONG,B2F,700x900,0.315
500X900-B2F-DONG-0001,500X900,보(Y),DONG,B2F,500x900,2.9086
500X600-B2F-DONG-0121,500X600,보(X),DONG,B2F,500x600,1.455
900X900-B2F-DONG-0001,900X900,보(Y),DONG,B2F,900x900,0.405
500X600-B2F-DONG-0122,500X600,보(X),DONG,B2F,500x600,1.455
500X600-B2F-DONG-0123,500X600,보(X),DONG,B2F,500x600,2.31
500X600-B2F-DONG-0124,500X600,보(Y),DONG,B2F,500x600,0.15
500X600-B2F-DONG-0125,500X600,보(X),DONG,B2F,500x600,2.31
500X600-B2F-DONG-0126,500X600,보(X),DONG,B2F,500x600,2.28
500X600-B2F-DONG-0127,500X600,보(Y),DONG,B2F,500x600,0.15
500X600-B2F-DONG-0128,500X600,보(X),DONG,B2F,500x600,2.28
500X600-B2F-DONG-0129,500X600,보(X),DONG,B2F,500x600,2.25
700X600-B2F-DONG-0016,700X600,보(Y),DONG,B2F,700x600,0.21
500X600-B2F-DONG-0130,500X600,보(X),DONG,B2F,500x600,2.25
500X600-B2F-DONG-0131,500X600,보(X),DONG,B2F,500x600,2.25
700X600-B2F-DONG-0017,700X600,보(Y),DONG,B2F,700x600,0.21
500X600-B2F-DONG-0132,500X600,보(X),DONG,B2F,500x600,2.25
700X600-B2F-DONG-0018,700X600,보(Y),DONG,B2F,700x600,0.2121
500X600-B2F-DONG-0133,500X600,보(X),DONG,B2F,500x600,1.6464
700X600-B2F-DONG-0019,700X600,보(Y),DONG,B2F,700x600,0.21
500X600-B2F-DONG-0134,500X600,보(X),DONG,B2F,500x600,2.2161
700X600-B2F-DONG-0020,700X600,보(Y),DONG,B2F,700x600,0.2154
500X600-B2F-DONG-0135,500X600,보(X),DONG,B2F,500x600,2.2035
500X600-B2F-DONG-0136,500X600,보(X),DONG,B2F,500x600,2.0076
700X600-B2F-DONG-0021,700X600,보(Y),DONG,B2F,700x600,0.2154
500X600-B2F-DONG-0137,500X600,보(X),DONG,B2F,500x600,1.9734
600X600-B2F-DONG-0006,600X600,보(Y),DONG,B2F,600x600,0.18
600X1800-B2F-DONG-0002,600X1800,보(Y),DONG,B2F,600x1800,0.5441
600X900_EST-B2F-DONG-0002,600X900_EST,보(X),DONG,B2F,600x900,4.4515
500X600-B2F-DONG-0138,500X600,보(Y),DONG,B2F,500x600,0.15
600X900_EST-B2F-DONG-0003,600X900_EST,보(X),DONG,B2F,600x900,4.418
500X600-B2F-DONG-0139,500X600,보(X),DONG,B2F,500x600,2.295
500X600-B2F-DONG-0140,500X600,보(Y),DONG,B2F,500x600,0.15
500X600-B2F-DONG-0141,500X600,보(X),DONG,B2F,500x600,2.295
500X600-B2F-DONG-0142,500X600,보(X),DONG,B2F,500x600,2.31
500X600-B2F-DONG-0143,500X600,보(Y),DONG,B2F,500x600,0.15
500X600-B2F-DONG-0144,500X600,보(X),DONG,B2F,500x600,2.31
500X600-B2F-DONG-0145,500X600,보(X),DONG,B2F,500x600,2.295
500X600-B2F-DONG-0146,500X600,보(Y),DONG,B2F,500x600,0.15
500X600-B2F-DONG-0147,500X600,보(X),DONG,B2F,500x600,2.295
500X600-B2F-DONG-0148,500X600,보(X),DONG,B2F,500x600,2.7864
600X600-B2F-DONG-0007,600X600,보(Y),DONG,B2F,600x600,0.18
500X600-B2F-DONG-0149,500X600,보(X),DONG,B2F,500x600,2.8332
500X600-B2F-DONG-0150,500X600,보(X),DONG,B2F,500x600,2.2713
500X600-B2F-DONG-0151,500X600,보(Y),DONG,B2F,500x600,0.155
500X600-B2F-DONG-0152,500X600,보(X),DONG,B2F,500x600,2.2789
500X600-B2F-DONG-0153,500X600,보(X),DONG,B2F,500x600,1.9261
500X600-B2F-DONG-0154,500X600,보(Y),DONG,B2F,500x600,0.155
500X600-B2F-DONG-0155,500X600,보(X),DONG,B2F,500x600,1.8869
400X800-B2F-DONG-0024,400X800,보(Y),DONG,B2F,400x800,0.16
500X600-B2F-DONG-0156,500X600,보(X),DONG,B2F,500x600,0.15
500X600-B2F-DONG-0157,500X600,보(Y),DONG,B2F,500x600,2.325
600X600-B2F-DONG-0008,600X600,보(X),DONG,B2F,600x600,0.18
500X600-B2F-DONG-0158,500X600,보(X),DONG,B2F,500x600,0.15
500X600-B2F-DONG-0159,500X600,보(Y),DONG,B2F,500x600,1.29
500X600-B2F-DONG-0160,500X600,보(X),DONG,B2F,500x600,0.15
500X600-B2F-DONG-0161,500X600,보(X),DONG,B2F,500x600,0.15
500X600-B2F-DONG-0162,500X600,보(Y),DONG,B2F,500x600,2.31
500X600-B2F-DONG-0163,500X600,보(X),DONG,B2F,500x600,0.15
500X600-B2F-DONG-0164,500X600,보(X),DONG,B2F,500x600,0.15
500X600-B2F-DONG-0165,500X600,보(Y),DONG,B2F,500x600,2.46
500X600-B2F-DONG-0166,500X600,보(X),DONG,B2F,500x600,0.15
500X600-B2F-DONG-0167,500X600,보(X),DONG,B2F,500x600,0.15
500X600-B2F-DONG-0168,500X600,보(Y),DONG,B2F,500x600,2.46
500X600-B2F-DONG-0169,500X600,보(X),DONG,B2F,500x600,0.15
500X600-B2F-DONG-0170,500X600,보(Y),DONG,B2F,500x600,1.6221
500X600-B2F-DONG-0171,500X600,보(X),DONG,B2F,500x600,0.1514
500X600-B2F-DONG-0172,500X600,보(Y),DONG,B2F,500x600,1.6014
500X600-B2F-DONG-0173,500X600,보(X),DONG,B2F,500x600,0.15
500X600-B2F-DONG-0174,500X600,보(Y),DONG,B2F,500x600,2.31
500X600-B2F-DONG-0175,500X600,보(X),DONG,B2F,500x600,0.15
500X600-B2F-DONG-0176,500X600,보(Y),DONG,B2F,500x600,2.31
500X600-B2F-DONG-0177,500X600,보(X),DONG,B2F,500x600,0.15
500X600-B2F-DONG-0178,500X600,보(Y),DONG,B2F,500x600,2.31
500X600-B2F-DONG-0179,500X600,보(X),DONG,B2F,500x600,0.15
500X600-B2F-DONG-0180,500X600,보(Y),DONG,B2F,500x600,2.31
500X600-B2F-DONG-0181,500X600,보(X),DONG,B2F,500x600,0.15
500X600-B2F-DONG-0182,500X600,보(Y),DONG,B2F,500x600,2.31
500X600-B2F-DONG-0183,500X600,보(X),DONG,B2F,500x600,0.15
500X600-B2F-DONG-0184,500X600,보(Y),DONG,B2F,500x600,2.31
500X600-B2F-DONG-0185,500X600,보(X),DONG,B2F,500x600,0.15
500X600-B2F-DONG-0186,500X600,보(Y),DONG,B2F,500x600,2.34
500X600-B2F-DONG-0187,500X600,보(X),DONG,B2F,500x600,0.15
500X600-B2F-DONG-0188,500X600,보(Y),DONG,B2F,500x600,2.34
500X600-B2F-DONG-0189,500X600,보(X),DONG,B2F,500x600,0.15
500X600-B2F-DONG-0190,500X600,보(Y),DONG,B2F,500x600,2.475
500X600-B2F-DONG-0191,500X600,보(X),DONG,B2F,500x600,0.15
600X900-B2F-DONG-0001,600X900,보(Y),DONG,B2F,600x900,4.455
500X600-B2F-DONG-0192,500X600,보(Y),DONG,B2F,500x600,1.5
500X600-B2F-DONG-0193,500X600,보(X),DONG,B2F,500x600,0.15
500X600-B2F-DONG-0194,500X600,보(Y),DONG,B2F,500x600,1.5
500X600-B2F-DONG-0195,500X600,보(X),DONG,B2F,500x600,0.15
500X600-B2F-DONG-0196,500X600,보(Y),DONG,B2F,500x600,1.62
500X600-B2F-DONG-0197,500X600,보(X),DONG,B2F,500x600,0.15
500X600-B2F-DONG-0198,500X600,보(Y),DONG,B2F,500x600,1.62
500X600-B2F-DONG-0199,500X600,보(Y),DONG,B2F,500x600,2.31
500X600-B2F-DONG-0200,500X600,보(X),DONG,B2F,500x600,0.15
500X600-B2F-DONG-0201,500X600,보(Y),DONG,B2F,500x600,2.31
500X600-B2F-DONG-0202,500X600,보(Y),DONG,B2F,500x600,2.295
500X600-B2F-DONG-0203,500X600,보(X),DONG,B2F,500x600,0.15
500X600-B2F-DONG-0204,500X600,보(Y),DONG,B2F,500x600,2.295
500X600-B2F-DONG-0205,500X600,보(X),DONG,B2F,500x600,0.15
500X600-B2F-DONG-0206,500X600,보(Y),DONG,B2F,500x600,2.295
500X600-B2F-DONG-0207,500X600,보(X),DONG,B2F,500x600,0.15
500X600-B2F-DONG-0208,500X600,보(Y),DONG,B2F,500x600,2.295
500X600-B2F-DONG-0209,500X600,보(Y),DONG,B2F,500x600,2.34
500X600-B2F-DONG-0210,500X600,보(X),DONG,B2F,500x600,0.15
500X600-B2F-DONG-0211,500X600,보(Y),DONG,B2F,500x600,2.34
500X600-B2F-DONG-0212,500X600,보(Y),DONG,B2F,500x600,2.34
500X600-B2F-DONG-0213,500X600,보(X),DONG,B2F,500x600,0.15
500X600-B2F-DONG-0214,500X600,보(Y),DONG,B2F,500x600,2.34
500X600-B2F-DONG-0215,500X600,보(Y),DONG,B2F,500x600,2.34
500X600-B2F-DONG-0216,500X600,보(X),DONG,B2F,500x600,0.15
500X600-B2F-DONG-0217,500X600,보(Y),DONG,B2F,500x600,2.34
500X600-B2F-DONG-0218,500X600,보(Y),DONG,B2F,500x600,2.34
500X600-B2F-DONG-0219,500X600,보(X),DONG,B2F,500x600,0.15
500X600-B2F-DONG-0220,500X600,보(Y),DONG,B2F,500x600,2.34
500X600-B2F-DONG-0221,500X600,보(Y),DONG,B2F,500x600,2.31
500X600-B2F-DONG-0222,500X600,보(X),DONG,B2F,500x600,0.15
500X600-B2F-DONG-0223,500X600,보(Y),DONG,B2F,500x600,2.31
500X600-B2F-DONG-0224,500X600,보(X),DONG,B2F,500x600,1.4273
500X600-B2F-DONG-0225,500X600,보(X),DONG,B2F,500x600,1.4273
500X600-B2F-DONG-0226,500X600,보(X),DONG,B2F,500x600,2.37
500X600-B2F-DONG-0227,500X600,보(Y),DONG,B2F,500x600,0.15
500X600-B2F-DONG-0228,500X600,보(X),DONG,B2F,500x600,2.37
500X600-B2F-DONG-0229,500X600,보(X),DONG,B2F,500x600,1.77
500X600-B2F-DONG-0230,500X600,보(Y),DONG,B2F,500x600,0.15
500X600-B2F-DONG-0231,500X600,보(X),DONG,B2F,500x600,1.77
500X600-B2F-DONG-0232,500X600,보(X),DONG,B2F,500x600,1.53
500X600-B2F-DONG-0233,500X600,보(X),DONG,B2F,500x600,1.53
500X900-B2F-DONG-0002,500X900,보(X),DONG,B2F,500x900,0.2981
500X600-B2F-DONG-0234,500X600,보(X),DONG,B2F,500x600,2.0102
500X600-B2F-DONG-0235,500X600,보(Y),DONG,B2F,500x600,0.15
500X600-B2F-DONG-0236,500X600,보(Y),DONG,B2F,500x600,2.31
500X600-B2F-DONG-0237,500X600,보(X),DONG,B2F,500x600,0.15
500X600-B2F-DONG-0238,500X600,보(Y),DONG,B2F,500x600,2.31
500X600-B2F-DONG-0239,500X600,보(Y),DONG,B2F,500x600,2.31
500X600-B2F-DONG-0240,500X600,보(X),DONG,B2F,500x600,0.15
500X600-B2F-DONG-0241,500X600,보(Y),DONG,B2F,500x600,2.31
500X600-B2F-DONG-0242,500X600,보(X),DONG,B2F,500x600,0.1988
500X600-B2F-DONG-0243,500X600,보(Y),DONG,B2F,500x600,1.806
500X600-B2F-DONG-0244,500X600,보(Y),DONG,B2F,500x600,2.31
500X600-B2F-DONG-0245,500X600,보(X),DONG,B2F,500x600,0.15
500X600-B2F-DONG-0246,500X600,보(Y),DONG,B2F,500x600,2.31
500X600-B2F-DONG-0247,500X600,보(Y),DONG,B2F,500x600,2.31
500X600-B2F-DONG-0248,500X600,보(X),DONG,B2F,500x600,0.15
500X600-B2F-DONG-0249,500X600,보(Y),DONG,B2F,500x600,2.31
500X600-B2F-DONG-0250,500X600,보(Y),DONG,B2F,500x600,2.31
500X600-B2F-DONG-0251,500X600,보(X),DONG,B2F,500x600,0.15
500X600-B2F-DONG-0252,500X600,보(Y),DONG,B2F,500x600,2.31
500X600-B2F-DONG-0253,500X600,보(Y),DONG,B2F,500x600,2.325
500X600-B2F-DONG-0254,500X600,보(X),DONG,B2F,500x600,0.15
500X600-B2F-DONG-0255,500X600,보(Y),DONG,B2F,500x600,2.325
500X600-B2F-DONG-0256,500X600,보(Y),DONG,B2F,500x600,2.325
500X600-B2F-DONG-0257,500X600,보(X),DONG,B2F,500x600,0.15
500X600-B2F-DONG-0258,500X600,보(Y),DONG,B2F,500x600,2.325
500X900-B2F-DONG-0003,500X900,보(Y),DONG,B2F,500x900,3.4875
500X600-B2F-DONG-0259,500X600,보(X),DONG,B2F,500x600,0.15
500X900-B2F-DONG-0004,500X900,보(Y),DONG,B2F,500x900,3.4875
500X600-B2F-DONG-0260,500X600,보(Y),DONG,B2F,500x600,2.475
500X600-B2F-DONG-0261,500X600,보(X),DONG,B2F,500x600,0.15
500X600-B2F-DONG-0262,500X600,보(Y),DONG,B2F,500x600,2.475
500X600-B2F-DONG-0263,500X600,보(Y),DONG,B2F,500x600,2.475
500X900-B2F-DONG-0005,500X900,보(X),DONG,B2F,500x900,0.225
500X600-B2F-DONG-0264,500X600,보(Y),DONG,B2F,500x600,2.475
600X1500-B2F-DONG-0004,600X1500,보(X),DONG,B2F,600x1500,0.5366
500X600-B2F-DONG-0265,500X600,보(Y),DONG,B2F,500x600,1.2383
500X600-B2F-DONG-0266,500X600,보(X),DONG,B2F,500x600,0.15
500X600-B2F-DONG-0267,500X600,보(Y),DONG,B2F,500x600,1.1409
500X600-B2F-DONG-0268,500X600,보(Y),DONG,B2F,500x600,2.475
500X600-B2F-DONG-0269,500X600,보(X),DONG,B2F,500x600,0.15
500X600-B2F-DONG-0270,500X600,보(Y),DONG,B2F,500x600,2.475
500X600-B2F-DONG-0271,500X600,보(Y),DONG,B2F,500x600,1.485
500X600-B2F-DONG-0272,500X600,보(X),DONG,B2F,500x600,0.15
500X600-B2F-DONG-0273,500X600,보(Y),DONG,B2F,500x600,1.485
500X600-B2F-DONG-0274,500X600,보(X),DONG,B2F,500x600,0.1546
500X600-B2F-DONG-0275,500X600,보(Y),DONG,B2F,500x600,1.3182
500X900-B2F-DONG-0006,500X900,보(X),DONG,B2F,500x900,0.225
500X600-B2F-DONG-0276,500X600,보(X),DONG,B2F,500x600,0.1546
500X600-B2F-DONG-0277,500X600,보(Y),DONG,B2F,500x600,2.5548
600X600-B2F-DONG-0009,600X600,보(Y),DONG,B2F,600x600,0.1801
500X600-B2F-DONG-0278,500X600,보(X),DONG,B2F,500x600,2.2142
500X600-B2F-DONG-0279,500X600,보(X),DONG,B2F,500x600,1.5508
600X600-B2F-DONG-0010,600X600,보(Y),DONG,B2F,600x600,0.1801
500X600-B2F-DONG-0280,500X600,보(X),DONG,B2F,500x600,1.53
500X600-B2F-DONG-0281,500X600,보(X),DONG,B2F,500x600,2.2361
500X600-B2F-DONG-0282,500X600,보(Y),DONG,B2F,500x600,0.1501
500X600-B2F-DONG-0283,500X600,보(X),DONG,B2F,500x600,2.2309
500X600-B2F-DONG-0284,500X600,보(X),DONG,B2F,500x600,0.1529
500X600-B2F-DONG-0285,500X600,보(X),DONG,B2F,500x600,2.5315
500X600-B2F-DONG-0286,500X600,보(Y),DONG,B2F,500x600,0.1501
500X600-B2F-DONG-0287,500X600,보(Y),DONG,B2F,500x600,2.31
500X600-B2F-DONG-0288,500X600,보(X),DONG,B2F,500x600,0.15
500X600-B2F-DONG-0289,500X600,보(Y),DONG,B2F,500x600,2.31
500X600-B2F-DONG-0290,500X600,보(Y),DONG,B2F,500x600,2.37
500X600-B2F-DONG-0291,500X600,보(X),DONG,B2F,500x600,0.15
600X900-B2F-DONG-0002,600X900,보(Y),DONG,B2F,600x900,4.266
600X900-B2F-DONG-0003,600X900,보(Y),DONG,B2F,600x900,4.266
600X900-B2F-DONG-0004,600X900,보(X),DONG,B2F,600x900,0.27
600X900-B2F-DONG-0005,600X900,보(Y),DONG,B2F,600x900,4.266
500X600-B2F-DONG-0292,500X600,보(X),DONG,B2F,500x600,2.0562
500X600-B2F-DONG-0293,500X600,보(X),DONG,B2F,500x600,0.15
500X600-B2F-DONG-0294,500X600,보(Y),DONG,B2F,500x600,2.0553
500X600-B2F-DONG-0295,500X600,보(Y),DONG,B2F,500x600,2.385
500X600-B2F-DONG-0296,500X600,보(X),DONG,B2F,500x600,0.15
500X600-B2F-DONG-0297,500X600,보(Y),DONG,B2F,500x600,2.385
500X600-B2F-DONG-0298,500X600,보(Y),DONG,B2F,500x600,2.43
600X900-B2F-DONG-0006,600X900,보(X),DONG,B2F,600x900,0.27
500X600-B2F-DONG-0299,500X600,보(Y),DONG,B2F,500x600,2.43
500X600-B2F-DONG-0300,500X600,보(Y),DONG,B2F,500x600,2.415
500X600-B2F-DONG-0301,500X600,보(X),DONG,B2F,500x600,0.15
500X600-B2F-DONG-0302,500X600,보(Y),DONG,B2F,500x600,2.415
500X600-B2F-DONG-0303,500X600,보(X),DONG,B2F,500x600,2.271
500X600-B2F-DONG-0304,500X600,보(Y),DONG,B2F,500x600,0.15
500X600-B2F-DONG-0305,500X600,보(X),DONG,B2F,500x600,2.271
800X900-B2F-DONG-0001,800X900,보(Y),DONG,B2F,800x900,0.3626
500X600-B2F-DONG-0306,500X600,보(X),DONG,B2F,500x600,1.6315
600X600-B2F-DONG-0011,600X600,보(Y),DONG,B2F,600x600,0.18
600X900-B2F-DONG-0007,600X900,보(Y),DONG,B2F,600x900,0.272
500X600-B2F-DONG-0307,500X600,보(X),DONG,B2F,500x600,1.5805
600X600-B2F-DONG-0012,600X600,보(Y),DONG,B2F,600x600,0.1829
500X600-B2F-DONG-0308,500X600,보(X),DONG,B2F,500x600,2.1226
500X600-B2F-DONG-0309,500X600,보(X),DONG,B2F,500x600,2.1673
600X600-B2F-DONG-0013,600X600,보(Y),DONG,B2F,600x600,0.1829
600X900-B2F-DONG-0008,600X900,보(X),DONG,B2F,600x900,2.3536
600X600-B2F-DONG-0014,600X600,보(X),DONG,B2F,600x600,0.5236
600X900-B2F-DONG-0009,600X900,보(X),DONG,B2F,600x900,2.6955
800X1500-B2F-DONG-0008,800X1500,보(X),DONG,B2F,800x1500,0.7325
500X600-B2F-DONG-0310,500X600,보(Y),DONG,B2F,500x600,2.43
500X600-B2F-DONG-0311,500X600,보(X),DONG,B2F,500x600,0.15
500X600-B2F-DONG-0312,500X600,보(Y),DONG,B2F,500x600,2.43
500X600-B2F-DONG-0313,500X600,보(Y),DONG,B2F,500x600,2.5988
600X600-B2F-DONG-0015,600X600,보(X),DONG,B2F,600x600,0.18
500X600-B2F-DONG-0314,500X600,보(Y),DONG,B2F,500x600,2.5748
500X600-B2F-DONG-0315,500X600,보(Y),DONG,B2F,500x600,1.2
500X600-B2F-DONG-0316,500X600,보(X),DONG,B2F,500x600,0.15
500X600-B2F-DONG-0317,500X600,보(Y),DONG,B2F,500x600,1.2
500X600-B2F-DONG-0318,500X600,보(X),DONG,B2F,500x600,0.15
500X600-B2F-DONG-0319,500X600,보(Y),DONG,B2F,500x600,1.365
500X600-B2F-DONG-0320,500X600,보(X),DONG,B2F,500x600,0.15
500X600-B2F-DONG-0321,500X600,보(X),DONG,B2F,500x600,0.15
500X600-B2F-DONG-0322,500X600,보(Y),DONG,B2F,500x600,2.3693
500X600-B2F-DONG-0323,500X600,보(X),DONG,B2F,500x600,0.15
500X600-B2F-DONG-0324,500X600,보(X),DONG,B2F,500x600,0.15
500X600-B2F-DONG-0325,500X600,보(Y),DONG,B2F,500x600,2.3693
500X600-B2F-DONG-0326,500X600,보(X),DONG,B2F,500x600,0.15
500X600-B2F-DONG-0327,500X600,보(X),DONG,B2F,500x600,0.15
500X600-B2F-DONG-0328,500X600,보(Y),DONG,B2F,500x600,2.3693
500X600-B2F-DONG-0329,500X600,보(X),DONG,B2F,500x600,0.15
400X900-B2F-DONG-0001,400X900,보(Y),DONG,B2F,400x900,0.1813
500X600-B2F-DONG-0330,500X600,보(X),DONG,B2F,500x600,1.8624
500X600-B2F-DONG-0331,500X600,보(X),DONG,B2F,500x600,2.1168
500X600-B2F-DONG-0332,500X600,보(Y),DONG,B2F,500x600,0.15
500X600-B2F-DONG-0333,500X600,보(Y),DONG,B2F,500x600,0.15
500X600-B2F-DONG-0334,500X600,보(X),DONG,B2F,500x600,1.9041
500X600-B2F-DONG-0335,500X600,보(X),DONG,B2F,500x600,2.0493
500X600-B2F-DONG-0336,500X600,보(Y),DONG,B2F,500x600,0.15
500X600-B2F-DONG-0337,500X600,보(X),DONG,B2F,500x600,2.0115
500X600-B2F-DONG-0338,500X600,보(Y),DONG,B2F,500x600,2.2515
700X600-B2F-DONG-0022,700X600,보(X),DONG,B2F,700x600,0.21
500X600-B2F-DONG-0339,500X600,보(Y),DONG,B2F,500x600,2.2889
500X600-B2F-DONG-0340,500X600,보(X),DONG,B2F,500x600,0.3839
500X600-B2F-DONG-0341,500X600,보(Y),DONG,B2F,500x600,1.7552
900X900-B2F-DONG-0002,900X900,보(X),DONG,B2F,900x900,0.405
700X600-B2F-DONG-0023,700X600,보(X),DONG,B2F,700x600,0.21
500X600-B2F-DONG-0342,500X600,보(Y),DONG,B2F,500x600,2.19
500X600-B2F-DONG-0343,500X600,보(X),DONG,B2F,500x600,0.15
500X600-B2F-DONG-0344,500X600,보(X),DONG,B2F,500x600,0.15
500X600-B2F-DONG-0345,500X600,보(Y),DONG,B2F,500x600,2.4
500X600-B2F-DONG-0346,500X600,보(X),DONG,B2F,500x600,0.15
500X600-B2F-DONG-0347,500X600,보(X),DONG,B2F,500x600,0.15
500X600-B2F-DONG-0348,500X600,보(Y),DONG,B2F,500x600,1.905
500X600-B2F-DONG-0349,500X600,보(X),DONG,B2F,500x600,0.15
500X600-B2F-DONG-0350,500X600,보(X),DONG,B2F,500x600,0.15
500X600-B2F-DONG-0351,500X600,보(Y),DONG,B2F,500x600,1.905
500X600-B2F-DONG-0352,500X600,보(X),DONG,B2F,500x600,0.15
500X600-B2F-DONG-0353,500X600,보(X),DONG,B2F,500x600,0.1564
500X900-B2F-DONG-0007,500X900,보(Y),DONG,B2F,500x900,3.2908
500X900-B2F-DONG-0008,500X900,보(X),DONG,B2F,500x900,0.225
500X900-B2F-DONG-0009,500X900,보(Y),DONG,B2F,500x900,3.2246
600X1500-B2F-DONG-0005,600X1500,보(X),DONG,B2F,600x1500,0.5874
500X600-B2F-DONG-0354,500X600,보(Y),DONG,B2F,500x600,2.2504
500X600-B2F-DONG-0355,500X600,보(X),DONG,B2F,500x600,0.15
500X600-B2F-DONG-0356,500X600,보(X),DONG,B2F,500x600,0.1564
500X600-B2F-DONG-0357,500X600,보(Y),DONG,B2F,500x600,2.4339
500X600-B2F-DONG-0358,500X600,보(X),DONG,B2F,500x600,0.15
500X600-B2F-DONG-0359,500X600,보(Y),DONG,B2F,500x600,2.3898
500X600-B2F-DONG-0360,500X600,보(Y),DONG,B2F,500x600,0.15
500X600-B2F-DONG-0361,500X600,보(X),DONG,B2F,500x600,2.37
500X600-B2F-DONG-0362,500X600,보(Y),DONG,B2F,500x600,0.15
500X600-B2F-DONG-0363,500X600,보(Y),DONG,B2F,500x600,0.15
500X600-B2F-DONG-0364,500X600,보(X),DONG,B2F,500x600,2.37
500X600-B2F-DONG-0365,500X600,보(Y),DONG,B2F,500x600,0.15
500X600-B2F-DONG-0366,500X600,보(Y),DONG,B2F,500x600,0.15
500X600-B2F-DONG-0367,500X600,보(X),DONG,B2F,500x600,2.37
500X600-B2F-DONG-0368,500X600,보(Y),DONG,B2F,500x600,0.15
600X1200-B2F-DONG-0007,600X1200,보(Y),DONG,B2F,600x1200,0.36
500X600-B2F-DONG-0369,500X600,보(X),DONG,B2F,500x600,2.37
400X800-B2F-DONG-0025,400X800,보(Y),DONG,B2F,400x800,0.16
500X600-B2F-DONG-0370,500X600,보(X),DONG,B2F,500x600,0.15
500X600-B2F-DONG-0371,500X600,보(Y),DONG,B2F,500x600,2.19
500X600-B2F-DONG-0372,500X600,보(X),DONG,B2F,500x600,0.15
500X600-B2F-DONG-0373,500X600,보(X),DONG,B2F,500x600,0.15
500X600-B2F-DONG-0374,500X600,보(Y),DONG,B2F,500x600,1.425
500X600-B2F-DONG-0375,500X600,보(X),DONG,B2F,500x600,0.15
500X600-B2F-DONG-0376,500X600,보(X),DONG,B2F,500x600,0.15
500X600-B2F-DONG-0377,500X600,보(Y),DONG,B2F,500x600,1.425
400X800-B2F-DONG-0026,400X800,보(X),DONG,B2F,400x800,0.16
500X600-B2F-DONG-0378,500X600,보(X),DONG,B2F,500x600,0.15
500X600-B2F-DONG-0379,500X600,보(Y),DONG,B2F,500x600,2.19
500X600-B2F-DONG-0380,500X600,보(X),DONG,B2F,500x600,0.15
500X600-B2F-DONG-0381,500X600,보(X),DONG,B2F,500x600,0.15
500X600-B2F-DONG-0382,500X600,보(Y),DONG,B2F,500x600,2.4
500X600-B2F-DONG-0383,500X600,보(X),DONG,B2F,500x600,0.15
500X600-B2F-DONG-0384,500X600,보(X),DONG,B2F,500x600,0.15
500X600-B2F-DONG-0385,500X600,보(Y),DONG,B2F,500x600,2.4
500X600-B2F-DONG-0386,500X600,보(X),DONG,B2F,500x600,0.15
500X600-B2F-DONG-0387,500X600,보(X),DONG,B2F,500x600,0.15
500X600-B2F-DONG-0388,500X600,보(Y),DONG,B2F,500x600,2.37
500X600-B2F-DONG-0389,500X600,보(X),DONG,B2F,500x600,0.15
500X600-B2F-DONG-0390,500X600,보(Y),DONG,B2F,500x600,2.31
600X1400-B2F-DONG-0002,600X1400,보(X),DONG,B2F,600x1400,0.42
500X600-B2F-DONG-0391,500X600,보(Y),DONG,B2F,500x600,2.31
600X900-B2F-DONG-0010,600X900,보(Y),DONG,B2F,600x900,3.4545
600X900-B2F-DONG-0011,600X900,보(Y),DONG,B2F,600x900,3.3872
500X600-B2F-DONG-0392,500X600,보(Y),DONG,B2F,500x600,2.5543
800X900-B2F-DONG-0002,800X900,보(X),DONG,B2F,800x900,0.36
500X600-B2F-DONG-0393,500X600,보(Y),DONG,B2F,500x600,2.4569
500X600-B2F-DONG-0394,500X600,보(X),DONG,B2F,500x600,0.15
500X600-B2F-DONG-0395,500X600,보(Y),DONG,B2F,500x600,1.14
500X600-B2F-DONG-0396,500X600,보(X),DONG,B2F,500x600,0.15
600X600-B2F-DONG-0016,600X600,보(X),DONG,B2F,600x600,0.18
500X600-B2F-DONG-0397,500X600,보(Y),DONG,B2F,500x600,2.415
500X600-B2F-DONG-0398,500X600,보(X),DONG,B2F,500x600,0.15
500X600-B2F-DONG-0399,500X600,보(X),DONG,B2F,500x600,0.1904
500X600-B2F-DONG-0400,500X600,보(X),DONG,B2F,500x600,0.8497
500X600-B2F-DONG-0401,500X600,보(Y),DONG,B2F,500x600,0.15
500X600-B2F-DONG-0402,500X600,보(X),DONG,B2F,500x600,0.7121
800X1700-B2F-DONG-0004,800X1700,보(X),DONG,B2F,800x1700,0.8629
500X600-B2F-DONG-0403,500X600,보(X),DONG,B2F,500x600,0.5949
500X600-B2F-DONG-0404,500X600,보(Y),DONG,B2F,500x600,0.7614
800X1700-B2F-DONG-0005,800X1700,보(X),DONG,B2F,800x1700,1.1045
500X600-B2F-DONG-0405,500X600,보(Y),DONG,B2F,500x600,0.9534
500X600-B2F-DONG-0406,500X600,보(X),DONG,B2F,500x600,1.74
500X600-B2F-DONG-0407,500X600,보(X),DONG,B2F,500x600,1.74
400X800-B2F-DONG-0027,400X800,보(X),DONG,B2F,400x800,20.0855
500X600-B2F-DONG-0408,500X600,보(Y),DONG,B2F,500x600,1.335
600X900_EST-B2F-DONG-0004,600X900_EST,보(X),DONG,B2F,600x900,4.0637
400X900_EST-B2F-DONG-0029,400X900_EST,보(X),DONG,B2F,400x900,0.2982
500X600-B2F-DONG-0409,500X600,보(X),DONG,B2F,500x600,2.3253
500X600-B2F-DONG-0410,500X600,보(Y),DONG,B2F,500x600,1.305
500X600-B2F-DONG-0411,500X600,보(Y),DONG,B2F,500x600,1.335
500X600-B2F-DONG-0412,500X600,보(X),DONG,B2F,500x600,1.74
500X600-B2F-DONG-0413,500X600,보(Y),DONG,B2F,500x600,1.335
500X600-B2F-DONG-0414,500X600,보(Y),DONG,B2F,500x600,2.22
500X600-B2F-DONG-0415,500X600,보(Y),DONG,B2F,500x600,2.28
500X600-B2F-DONG-0416,500X600,보(X),DONG,B2F,500x600,0.5864
500X600-B2F-DONG-0417,500X600,보(X),DONG,B2F,500x600,0.7036
500X600-B2F-DONG-0418,500X600,보(Y),DONG,B2F,500x600,0.84
500X600-B2F-DONG-0419,500X600,보(Y),DONG,B2F,500x600,0.7505
500X600-B2F-DONG-0420,500X600,보(Y),DONG,B2F,500x600,1.305
500X600-B2F-DONG-0421,500X600,보(Y),DONG,B2F,500x600,1.305
600X900_EST-B2F-DONG-0005,600X900_EST,보(X),DONG,B2F,600x900,4.212
500X600-B2F-DONG-0422,500X600,보(Y),DONG,B2F,500x600,1.305
500X600-B2F-DONG-0423,500X600,보(Y),DONG,B2F,500x600,1.305
400X800-B2F-DONG-0028,400X800,보(X),DONG,B2F,400x800,1.808
500X600-B2F-DONG-0424,500X600,보(Y),DONG,B2F,500x600,1.305
500X600-B2F-DONG-0425,500X600,보(Y),DONG,B2F,500x600,1.305
500X600-B2F-DONG-0426,500X600,보(Y),DONG,B2F,500x600,1.305
500X600-B2F-DONG-0427,500X600,보(Y),DONG,B2F,500x600,1.305
400X800-B2F-DONG-0029,400X800,보(X),DONG,B2F,400x800,1.632
400X800-B2F-DONG-0030,400X800,보(X),DONG,B2F,400x800,1.6
500X600-B2F-DONG-0428,500X600,보(Y),DONG,B2F,500x600,1.335
500X600-B2F-DONG-0429,500X600,보(Y),DONG,B2F,500x600,1.305
500X600-B2F-DONG-0430,500X600,보(Y),DONG,B2F,500x600,1.335
500X600-B2F-DONG-0431,500X600,보(Y),DONG,B2F,500x600,1.335
400X800-B2F-DONG-0031,400X800,보(X),DONG,B2F,400x800,1.664
400X800-B2F-DONG-0032,400X800,보(X),DONG,B2F,400x800,2.464
500X600-B2F-DONG-0432,500X600,보(X),DONG,B2F,500x600,1.59
500X600-B2F-DONG-0433,500X600,보(X),DONG,B2F,500x600,1.56
500X600-B2F-DONG-0434,500X600,보(X),DONG,B2F,500x600,2.34
500X600-B2F-DONG-0435,500X600,보(X),DONG,B2F,500x600,2.325
500X600-B2F-DONG-0436,500X600,보(Y),DONG,B2F,500x600,0.435
500X600-B2F-DONG-0437,500X600,보(Y),DONG,B2F,500x600,0.435
500X600-B2F-DONG-0438,500X600,보(Y),DONG,B2F,500x600,0.42
500X600-B2F-DONG-0439,500X600,보(Y),DONG,B2F,500x600,0.855
500X600-B2F-DONG-0440,500X600,보(Y),DONG,B2F,500x600,0.435
500X600-B2F-DONG-0441,500X600,보(Y),DONG,B2F,500x600,0.8374
500X600-B2F-DONG-0442,500X600,보(Y),DONG,B2F,500x600,0.8445
500X600-B2F-DONG-0443,500X600,보(Y),DONG,B2F,500x600,0.435
500X600-B2F-DONG-0444,500X600,보(X),DONG,B2F,500x600,1.8537
500X600-B2F-DONG-0445,500X600,보(X),DONG,B2F,500x600,1.8537
500X600-B2F-DONG-0446,500X600,보(X),DONG,B2F,500x600,2.4949
500X600-B2F-DONG-0447,500X600,보(X),DONG,B2F,500x600,2.4949
600X600-B2F-DONG-0017,600X600,보(X),DONG,B2F,600x600,2.8364
600X600-B2F-DONG-0018,600X600,보(X),DONG,B2F,600x600,2.8364
700X600-B2F-DONG-0024,700X600,보(X),DONG,B2F,700x600,3.234
400X800-B2F-DONG-0033,400X800,보(Y),DONG,B2F,400x800,0.224
700X600-B2F-DONG-0025,700X600,보(X),DONG,B2F,700x600,3.234
400X800-B2F-DONG-0034,400X800,보(Y),DONG,B2F,400x800,8.6528
500X600-B2F-DONG-0448,500X600,보(Y),DONG,B2F,500x600,2.625
400X800-B2F-DONG-0035,400X800,보(Y),DONG,B2F,400x800,2.48
600X600-B2F-DONG-0019,600X600,보(X),DONG,B2F,600x600,2.772
600X1200-B2F-DONG-0008,600X1200,보(Y),DONG,B2F,600x1200,6.6528
600X600-B2F-DONG-0020,600X600,보(X),DONG,B2F,600x600,2.753
500X600-B2F-DONG-0449,500X600,보(Y),DONG,B2F,500x600,2.3247
500X600-B2F-DONG-0450,500X600,보(X),DONG,B2F,500x600,2.4958
500X600-B2F-DONG-0451,500X600,보(X),DONG,B2F,500x600,1.59
500X600-B2F-DONG-0452,500X600,보(Y),DONG,B2F,500x600,2.3351
500X600-B2F-DONG-0453,500X600,보(X),DONG,B2F,500x600,2.4636
500X600-B2F-DONG-0454,500X600,보(Y),DONG,B2F,500x600,2.2266
500X600-B2F-DONG-0455,500X600,보(Y),DONG,B2F,500x600,2.226
500X600-B2F-DONG-0456,500X600,보(X),DONG,B2F,500x600,1.5517
500X600-B2F-DONG-0457,500X600,보(Y),DONG,B2F,500x600,2.3009
500X600-B2F-DONG-0458,500X600,보(X),DONG,B2F,500x600,2.34
500X600-B2F-DONG-0459,500X600,보(X),DONG,B2F,500x600,2.3231
500X600-B2F-DONG-0460,500X600,보(Y),DONG,B2F,500x600,2.3009
400X800-B2F-DONG-0036,400X800,보(Y),DONG,B2F,400x800,0.2816
400X800-B2F-DONG-0037,400X800,보(Y),DONG,B2F,400x800,0.3296
400X800-B2F-DONG-0038,400X800,보(Y),DONG,B2F,400x800,0.3296
500X600-B2F-DONG-0461,500X600,보(X),DONG,B2F,500x600,1.6263
400X800-B2F-DONG-0039,400X800,보(Y),DONG,B2F,400x800,0.3296
400X800-B2F-DONG-0040,400X800,보(X),DONG,B2F,400x800,0.4604
400X800-B2F-DONG-0041,400X800,보(X),DONG,B2F,400x800,0.4764
500X600-B2F-DONG-0462,500X600,보(Y),DONG,B2F,500x600,2.304
500X600-B2F-DONG-0463,500X600,보(X),DONG,B2F,500x600,2.3955
500X600-B2F-DONG-0464,500X600,보(X),DONG,B2F,500x600,1.6642
500X600-B2F-DONG-0465,500X600,보(Y),DONG,B2F,500x600,2.304
500X600-B2F-DONG-0466,500X600,보(Y),DONG,B2F,500x600,2.304
500X600-B2F-DONG-0467,500X600,보(Y),DONG,B2F,500x600,2.304
500X600-B2F-DONG-0468,500X600,보(X),DONG,B2F,500x600,0.7984
500X600-B2F-DONG-0469,500X600,보(X),DONG,B2F,500x600,0.8134
500X600-B2F-DONG-0470,500X600,보(X),DONG,B2F,500x600,2.8347
500X600-B2F-DONG-0471,500X600,보(X),DONG,B2F,500x600,2.7678
500X600-B2F-DONG-0472,500X600,보(X),DONG,B2F,500x600,1.0701
500X600-B2F-DONG-0473,500X600,보(X),DONG,B2F,500x600,1.095
400X800-B2F-DONG-0042,400X800,보(Y),DONG,B2F,400x800,1.136
400X800-B2F-DONG-0043,400X800,보(Y),DONG,B2F,400x800,1.136
500X600-B2F-DONG-0474,500X600,보(Y),DONG,B2F,500x600,2.3451
500X600-B2F-DONG-0475,500X600,보(Y),DONG,B2F,500x600,2.3451
500X600-B2F-DONG-0476,500X600,보(X),DONG,B2F,500x600,2.2803
500X600-B2F-DONG-0477,500X600,보(X),DONG,B2F,500x600,2.3955
500X600-B2F-DONG-0478,500X600,보(X),DONG,B2F,500x600,2.2496
500X600-B2F-DONG-0479,500X600,보(X),DONG,B2F,500x600,2.34
500X600-B2F-DONG-0480,500X600,보(X),DONG,B2F,500x600,2.3198
500X600-B2F-DONG-0481,500X600,보(X),DONG,B2F,500x600,2.31
500X600-B2F-DONG-0482,500X600,보(X),DONG,B2F,500x600,2.34
500X600-B2F-DONG-0483,500X600,보(X),DONG,B2F,500x600,1.53
500X600-B2F-DONG-0484,500X600,보(X),DONG,B2F,500x600,1.5072
500X600-B2F-DONG-0485,500X600,보(X),DONG,B2F,500x600,2.4111
500X600-B2F-DONG-0486,500X600,보(Y),DONG,B2F,500x600,2.325
500X600-B2F-DONG-0487,500X600,보(X),DONG,B2F,500x600,2.325
500X600-B2F-DONG-0488,500X600,보(X),DONG,B2F,500x600,2.355
500X600-B2F-DONG-0489,500X600,보(Y),DONG,B2F,500x600,2.31
500X600-B2F-DONG-0490,500X600,보(X),DONG,B2F,500x600,2.355
500X600-B2F-DONG-0491,500X600,보(X),DONG,B2F,500x600,1.275
500X600-B2F-DONG-0492,500X600,보(X),DONG,B2F,500x600,1.245
400X900_EST-B2F-DONG-0030,400X900_EST,보(X),DONG,B2F,400x900,0.6715
400X800-B2F-DONG-0044,400X800,보(Y),DONG,B2F,400x800,2.238
500X600-B2F-DONG-0493,500X600,보(X),DONG,B2F,500x600,1.9113
500X600-B2F-DONG-0494,500X600,보(X),DONG,B2F,500x600,1.7941
500X600-B2F-DONG-0495,500X600,보(Y),DONG,B2F,500x600,0.5152
400X900_EST-B2F-DONG-0031,400X900_EST,보(X),DONG,B2F,400x900,0.5546
500X600-B2F-DONG-0496,500X600,보(Y),DONG,B2F,500x600,0.8486
400X800-B2F-DONG-0045,400X800,보(Y),DONG,B2F,400x800,2.4
500X600-B2F-DONG-0497,500X600,보(X),DONG,B2F,500x600,1.245
500X600-B2F-DONG-0498,500X600,보(X),DONG,B2F,500x600,1.245
400X800-B2F-DONG-0046,400X800,보(Y),DONG,B2F,400x800,0.2399
500X600-B2F-DONG-0499,500X600,보(Y),DONG,B2F,500x600,1.8053
500X600-B2F-DONG-0500,500X600,보(Y),DONG,B2F,500x600,1.4962
500X600-B2F-DONG-0501,500X600,보(X),DONG,B2F,500x600,0.8924
500X600-B2F-DONG-0502,500X600,보(X),DONG,B2F,500x600,1.0246
500X600-B2F-DONG-0503,500X600,보(X),DONG,B2F,500x600,2.355
500X600-B2F-DONG-0504,500X600,보(X),DONG,B2F,500x600,2.37
500X600-B2F-DONG-0505,500X600,보(Y),DONG,B2F,500x600,1.3342
500X600-B2F-DONG-0506,500X600,보(Y),DONG,B2F,500x600,1.1422
500X600-B2F-DONG-0507,500X600,보(X),DONG,B2F,500x600,1.465
500X600-B2F-DONG-0508,500X600,보(X),DONG,B2F,500x600,1.5926
500X600-B2F-DONG-0509,500X600,보(Y),DONG,B2F,500x600,1.0779
500X600-B2F-DONG-0510,500X600,보(Y),DONG,B2F,500x600,1.0779
600X1600-B2F-DONG-0001,600X1600,보(Y),DONG,B2F,600x1600,3.4197
600X1600-B2F-DONG-0002,600X1600,보(Y),DONG,B2F,600x1600,3.4423
500X600-B2F-DONG-0511,500X600,보(X),DONG,B2F,500x600,1.4922
500X600-B2F-DONG-0512,500X600,보(X),DONG,B2F,500x600,1.53
500X600-B2F-DONG-0513,500X600,보(X),DONG,B2F,500x600,2.2971
500X600-B2F-DONG-0514,500X600,보(X),DONG,B2F,500x600,2.34
500X600-B2F-DONG-0515,500X600,보(X),DONG,B2F,500x600,2.3195
500X600-B2F-DONG-0516,500X600,보(X),DONG,B2F,500x600,2.34
600X2850-B2F-DONG-0001,600X2850,보(X),DONG,B2F,600x2850,3.9332
600X2850-B2F-DONG-0002,600X2850,보(X),DONG,B2F,600x2850,3.9332
500X600-B2F-DONG-0517,500X600,보(X),DONG,B2F,500x600,2.325
500X600-B2F-DONG-0518,500X600,보(X),DONG,B2F,500x600,2.34
400X800-B2F-DONG-0047,400X800,보(Y),DONG,B2F,400x800,0.7104
600X1500-B2F-DONG-0006,600X1500,보(Y),DONG,B2F,600x1500,1.998
700X600-B2F-DONG-0026,700X600,보(X),DONG,B2F,700x600,3.2008
700X600-B2F-DONG-0027,700X600,보(X),DONG,B2F,700x600,3.2008
700X600-B2F-DONG-0028,700X600,보(X),DONG,B2F,700x600,3.1925
700X600-B2F-DONG-0029,700X600,보(X),DONG,B2F,700x600,3.1925
500X600-B2F-DONG-0519,500X600,보(X),DONG,B2F,500x600,2.28
500X600-B2F-DONG-0520,500X600,보(X),DONG,B2F,500x600,2.325
500X600-B2F-DONG-0521,500X600,보(Y),DONG,B2F,500x600,2.268
500X600-B2F-DONG-0522,500X600,보(Y),DONG,B2F,500x600,2.268
500X600-B2F-DONG-0523,500X600,보(Y),DONG,B2F,500x600,2.268
500X600-B2F-DONG-0524,500X600,보(Y),DONG,B2F,500x600,2.268
500X600-B2F-DONG-0525,500X600,보(X),DONG,B2F,500x600,1.1703
500X600-B2F-DONG-0526,500X600,보(X),DONG,B2F,500x600,2.1
500X600-B2F-DONG-0527,500X600,보(X),DONG,B2F,500x600,2.2197
500X600-B2F-DONG-0528,500X600,보(Y),DONG,B2F,500x600,2.268
500X600-B2F-DONG-0529,500X600,보(Y),DONG,B2F,500x600,2.268
500X600-B2F-DONG-0530,500X600,보(X),DONG,B2F,500x600,1.17
500X600-B2F-DONG-0531,500X600,보(X),DONG,B2F,500x600,2.235
500X600-B2F-DONG-0532,500X600,보(X),DONG,B2F,500x600,2.265
400X800-B2F-DONG-0048,400X800,보(Y),DONG,B2F,400x800,12.3456
400X800-B2F-DONG-0049,400X800,보(Y),DONG,B2F,400x800,1.1927
400X800-B2F-DONG-0050,400X800,보(Y),DONG,B2F,400x800,2.464
500X600-B2F-DONG-0533,500X600,보(X),DONG,B2F,500x600,2.1297
500X600-B2F-DONG-0534,500X600,보(X),DONG,B2F,500x600,2.1297
400X800-B2F-DONG-0051,400X800,보(Y),DONG,B2F,400x800,1.1392
500X600-B2F-DONG-0535,500X600,보(X),DONG,B2F,500x600,2.3097
600X900_EST-B2F-DONG-0006,600X900_EST,보(X),DONG,B2F,600x900,4.1574
400X800-B2F-DONG-0052,400X800,보(Y),DONG,B2F,400x800,0.4864
500X600-B2F-DONG-0536,500X600,보(X),DONG,B2F,500x600,2.235
600X600-B2F-DONG-0021,600X600,보(X),DONG,B2F,600x600,2.682
400X800-B2F-DONG-0053,400X800,보(Y),DONG,B2F,400x800,2.448
600X600-B2F-DONG-0022,600X600,보(X),DONG,B2F,600x600,2.682
600X600-B2F-DONG-0023,600X600,보(X),DONG,B2F,600x600,2.682
400X800-B2F-DONG-0054,400X800,보(Y),DONG,B2F,400x800,0.9408
700X600-B2F-DONG-0030,700X600,보(X),DONG,B2F,700x600,3.129
700X600-B2F-DONG-0031,700X600,보(X),DONG,B2F,700x600,3.129
400X800-B2F-DONG-0055,400X800,보(Y),DONG,B2F,400x800,2.48
500X600-B2F-DONG-0537,500X600,보(X),DONG,B2F,500x600,1.2016
500X600-B2F-DONG-0538,500X600,보(X),DONG,B2F,500x600,1.17
500X600-B2F-DONG-0539,500X600,보(X),DONG,B2F,500x600,1.3681
500X600-B2F-DONG-0540,500X600,보(X),DONG,B2F,500x600,1.3426
500X600-B2F-DONG-0541,500X600,보(Y),DONG,B2F,500x600,1.5081
500X600-B2F-DONG-0542,500X600,보(Y),DONG,B2F,500x600,1.5081
500X600-B2F-DONG-0543,500X600,보(X),DONG,B2F,500x600,1.575
500X600-B2F-DONG-0544,500X600,보(X),DONG,B2F,500x600,1.5834
500X600-B2F-DONG-0545,500X600,보(X),DONG,B2F,500x600,2.31
500X600-B2F-DONG-0546,500X600,보(X),DONG,B2F,500x600,2.2977
400X800-B2F-DONG-0056,400X800,보(Y),DONG,B2F,400x800,0.2496
500X600-B2F-DONG-0547,500X600,보(Y),DONG,B2F,500x600,0.234
500X600-B2F-DONG-0548,500X600,보(X),DONG,B2F,500x600,0.6116
500X600-B2F-DONG-0549,500X600,보(X),DONG,B2F,500x600,0.6116
500X600-B2F-DONG-0550,500X600,보(X),DONG,B2F,500x600,0.6184
500X600-B2F-DONG-0551,500X600,보(X),DONG,B2F,500x600,0.6184
400X800-B2F-DONG-0057,400X800,보(Y),DONG,B2F,400x800,0.192
400X800-B2F-DONG-0058,400X800,보(Y),DONG,B2F,400x800,0.192
500X600-B2F-DONG-0552,500X600,보(X),DONG,B2F,500x600,1.29
500X600-B2F-DONG-0553,500X600,보(X),DONG,B2F,500x600,1.296
500X600-B2F-DONG-0554,500X600,보(Y),DONG,B2F,500x600,0.981
500X600-B2F-DONG-0555,500X600,보(Y),DONG,B2F,500x600,0.981
500X600-B2F-DONG-0556,500X600,보(X),DONG,B2F,500x600,0.87
500X600-B2F-DONG-0557,500X600,보(X),DONG,B2F,500x600,2.304
500X600-B2F-DONG-0558,500X600,보(Y),DONG,B2F,500x600,0.981
500X600-B2F-DONG-0559,500X600,보(Y),DONG,B2F,500x600,0.9822
500X600-B2F-DONG-0560,500X600,보(X),DONG,B2F,500x600,1.3257
500X600-B2F-DONG-0561,500X600,보(X),DONG,B2F,500x600,1.2371
500X600-B2F-DONG-0562,500X600,보(Y),DONG,B2F,500x600,2.31
500X600-B2F-DONG-0563,500X600,보(Y),DONG,B2F,500x600,2.308
500X600-B2F-DONG-0564,500X600,보(Y),DONG,B2F,500x600,2.31
500X600-B2F-DONG-0565,500X600,보(Y),DONG,B2F,500x600,2.308
500X600-B2F-DONG-0566,500X600,보(Y),DONG,B2F,500x600,2.31
500X600-B2F-DONG-0567,500X600,보(Y),DONG,B2F,500x600,2.31
400X800-B2F-DONG-0059,400X800,보(X),DONG,B2F,400x800,1.376
500X600-B2F-DONG-0568,500X600,보(Y),DONG,B2F,500x600,2.31
500X600-B2F-DONG-0569,500X600,보(Y),DONG,B2F,500x600,2.31
500X600-B2F-DONG-0570,500X600,보(Y),DONG,B2F,500x600,2.31
500X600-B2F-DONG-0571,500X600,보(Y),DONG,B2F,500x600,2.31
500X600-B2F-DONG-0572,500X600,보(Y),DONG,B2F,500x600,2.31
500X600-B2F-DONG-0573,500X600,보(Y),DONG,B2F,500x600,2.31
500X600-B2F-DONG-0574,500X600,보(X),DONG,B2F,500x600,1.575
500X600-B2F-DONG-0575,500X600,보(X),DONG,B2F,500x600,1.575
500X600-B2F-DONG-0576,500X600,보(X),DONG,B2F,500x600,2.31
500X600-B2F-DONG-0577,500X600,보(X),DONG,B2F,500x600,2.31
500X600-B2F-DONG-0578,500X600,보(X),DONG,B2F,500x600,2.31
500X600-B2F-DONG-0579,500X600,보(X),DONG,B2F,500x600,2.31
500X600-B2F-DONG-0580,500X600,보(X),DONG,B2F,500x600,2.31
500X600-B2F-DONG-0581,500X600,보(X),DONG,B2F,500x600,1.29
400X800-B2F-DONG-0060,400X800,보(X),DONG,B2F,400x800,0.928
500X600-B2F-DONG-0582,500X600,보(X),DONG,B2F,500x600,2.31
500X600-B2F-DONG-0583,500X600,보(X),DONG,B2F,500x600,1.29
400X800-B2F-DONG-0061,400X800,보(X),DONG,B2F,400x800,0.928
400X800-B2F-DONG-0062,400X800,보(Y),DONG,B2F,400x800,0.3592
500X600-B2F-DONG-0584,500X600,보(Y),DONG,B2F,500x600,1.395
500X600-B2F-DONG-0585,500X600,보(Y),DONG,B2F,500x600,1.395
500X600-B2F-DONG-0586,500X600,보(Y),DONG,B2F,500x600,1.395
500X600-B2F-DONG-0587,500X600,보(Y),DONG,B2F,500x600,1.395
500X600-B2F-DONG-0588,500X600,보(Y),DONG,B2F,500x600,1.395
500X600-B2F-DONG-0589,500X600,보(Y),DONG,B2F,500x600,1.395
500X600-B2F-DONG-0590,500X600,보(Y),DONG,B2F,500x600,1.395
500X600-B2F-DONG-0591,500X600,보(Y),DONG,B2F,500x600,1.38
500X600-B2F-DONG-0592,500X600,보(Y),DONG,B2F,500x600,1.38
500X600-B2F-DONG-0593,500X600,보(Y),DONG,B2F,500x600,1.38
400X800-B2F-DONG-0063,400X800,보(X),DONG,B2F,400x800,4.304
400X800-B2F-DONG-0064,400X800,보(X),DONG,B2F,400x800,1.68
500X600-B2F-DONG-0594,500X600,보(X),DONG,B2F,500x600,2.31
500X600-B2F-DONG-0595,500X600,보(X),DONG,B2F,500x600,2.31
500X600-B2F-DONG-0596,500X600,보(X),DONG,B2F,500x600,2.31
500X600-B2F-DONG-0597,500X600,보(X),DONG,B2F,500x600,2.31
500X600-B2F-DONG-0598,500X600,보(X),DONG,B2F,500x600,2.31
500X600-B2F-DONG-0599,500X600,보(Y),DONG,B2F,500x600,2.355
500X600-B2F-DONG-0600,500X600,보(Y),DONG,B2F,500x600,2.355
500X600-B2F-DONG-0601,500X600,보(Y),DONG,B2F,500x600,2.3394
500X600-B2F-DONG-0602,500X600,보(Y),DONG,B2F,500x600,2.34
500X600-B2F-DONG-0603,500X600,보(Y),DONG,B2F,500x600,2.34
500X600-B2F-DONG-0604,500X600,보(X),DONG,B2F,500x600,2.325
500X600-B2F-DONG-0605,500X600,보(Y),DONG,B2F,500x600,2.34
500X600-B2F-DONG-0606,500X600,보(Y),DONG,B2F,500x600,2.34
500X600-B2F-DONG-0607,500X600,보(X),DONG,B2F,500x600,2.295
900X900-B2F-DONG-0003,900X900,보(Y),DONG,B2F,900x900,10.057
400X800-B2F-DONG-0065,400X800,보(Y),DONG,B2F,400x800,1.538
700X900-B2F-DONG-0002,700X900,보(X),DONG,B2F,700x900,3.0555
700X900-B2F-DONG-0003,700X900,보(X),DONG,B2F,700x900,3.0555
500X600-B2F-DONG-0608,500X600,보(X),DONG,B2F,500x600,2.19
400X800-B2F-DONG-0066,400X800,보(X),DONG,B2F,400x800,1.5851
400X800-B2F-DONG-0067,400X800,보(X),DONG,B2F,400x800,2.448
400X800-B2F-DONG-0068,400X800,보(X),DONG,B2F,400x800,2.48
500X600-B2F-DONG-0609,500X600,보(X),DONG,B2F,500x600,2.31
500X600-B2F-DONG-0610,500X600,보(X),DONG,B2F,500x600,2.31
900X900-B2F-DONG-0004,900X900,보(Y),DONG,B2F,900x900,6.0413
400X800-B2F-DONG-0069,400X800,보(X),DONG,B2F,400x800,0.4723
400X800-B2F-DONG-0070,400X800,보(X),DONG,B2F,400x800,0.5647
500X600-B2F-DONG-0611,500X600,보(Y),DONG,B2F,500x600,2.355
500X600-B2F-DONG-0612,500X600,보(Y),DONG,B2F,500x600,2.415
500X600-B2F-DONG-0613,500X600,보(Y),DONG,B2F,500x600,2.415
500X600-B2F-DONG-0614,500X600,보(Y),DONG,B2F,500x600,2.4307
500X600-B2F-DONG-0615,500X600,보(Y),DONG,B2F,500x600,2.415
700X600-B2F-DONG-0032,700X600,보(Y),DONG,B2F,700x600,3.4029
700X600-B2F-DONG-0033,700X600,보(Y),DONG,B2F,700x600,3.4029
700X600-B2F-DONG-0034,700X600,보(Y),DONG,B2F,700x600,3.4029
700X600-B2F-DONG-0035,700X600,보(Y),DONG,B2F,700x600,3.4029
700X600-B2F-DONG-0036,700X600,보(Y),DONG,B2F,700x600,3.4029
700X600-B2F-DONG-0037,700X600,보(Y),DONG,B2F,700x600,3.4029
400X800-B2F-DONG-0071,400X800,보(X),DONG,B2F,400x800,2.432
500X600-B2F-DONG-0616,500X600,보(X),DONG,B2F,500x600,2.25
500X600-B2F-DONG-0617,500X600,보(X),DONG,B2F,500x600,2.25
700X900-B2F-DONG-0004,700X900,보(X),DONG,B2F,700x900,2.5131
700X900-B2F-DONG-0005,700X900,보(X),DONG,B2F,700x900,2.7643
500X600-B2F-DONG-0618,500X600,보(X),DONG,B2F,500x600,2.3113
500X600-B2F-DONG-0619,500X600,보(X),DONG,B2F,500x600,2.31
500X600-B2F-DONG-0620,500X600,보(Y),DONG,B2F,500x600,1.5003
500X600-B2F-DONG-0621,500X600,보(Y),DONG,B2F,500x600,1.3561
500X600-B2F-DONG-0622,500X600,보(Y),DONG,B2F,500x600,2.4
500X600-B2F-DONG-0623,500X600,보(Y),DONG,B2F,500x600,2.46
500X600-B2F-DONG-0624,500X600,보(X),DONG,B2F,500x600,1.7372
500X600-B2F-DONG-0625,500X600,보(X),DONG,B2F,500x600,1.605
500X600-B2F-DONG-0626,500X600,보(Y),DONG,B2F,500x600,1.7235
500X600-B2F-DONG-0627,500X600,보(Y),DONG,B2F,500x600,1.7535
700X600-B2F-DONG-0038,700X600,보(Y),DONG,B2F,700x600,3.3741
700X600-B2F-DONG-0039,700X600,보(Y),DONG,B2F,700x600,3.373
700X600-B2F-DONG-0040,700X600,보(Y),DONG,B2F,700x600,3.4891
700X600-B2F-DONG-0041,700X600,보(Y),DONG,B2F,700x600,3.4255
400X800-B2F-DONG-0072,400X800,보(X),DONG,B2F,400x800,4.304
500X600-B2F-DONG-0628,500X600,보(X),DONG,B2F,500x600,2.1091
500X600-B2F-DONG-0629,500X600,보(X),DONG,B2F,500x600,2.34
500X600-B2F-DONG-0630,500X600,보(X),DONG,B2F,500x600,2.2724
500X600-B2F-DONG-0631,500X600,보(X),DONG,B2F,500x600,0.9
500X600-B2F-DONG-0632,500X600,보(X),DONG,B2F,500x600,0.87
600X600-B2F-DONG-0024,600X600,보(X),DONG,B2F,600x600,2.808
600X600-B2F-DONG-0025,600X600,보(X),DONG,B2F,600x600,2.808
500X600-B2F-DONG-0633,500X600,보(Y),DONG,B2F,500x600,0.8297
500X600-B2F-DONG-0634,500X600,보(Y),DONG,B2F,500x600,0.813
400X800-B2F-DONG-0073,400X800,보(Y),DONG,B2F,400x800,0.4064
400X800-B2F-DONG-0074,400X800,보(Y),DONG,B2F,400x800,0.3744
400X800-B2F-DONG-0075,400X800,보(X),DONG,B2F,400x800,0.2244
400X800-B2F-DONG-0076,400X800,보(X),DONG,B2F,400x800,0.2244
700X600-B2F-DONG-0042,700X600,보(X),DONG,B2F,700x600,3.192
700X600-B2F-DONG-0043,700X600,보(X),DONG,B2F,700x600,3.192
500X600-B2F-DONG-0635,500X600,보(Y),DONG,B2F,500x600,1.38
500X600-B2F-DONG-0636,500X600,보(Y),DONG,B2F,500x600,1.35
500X600-B2F-DONG-0637,500X600,보(X),DONG,B2F,500x600,2.34
500X600-B2F-DONG-0638,500X600,보(X),DONG,B2F,500x600,2.325
400X800-B2F-DONG-0077,400X800,보(Y),DONG,B2F,400x800,0.2073
400X800-B2F-DONG-0078,400X800,보(Y),DONG,B2F,400x800,0.24
400X800-B2F-DONG-0079,400X800,보(X),DONG,B2F,400x800,0.96
400X800-B2F-DONG-0080,400X800,보(X),DONG,B2F,400x800,0.928
400X700-B2F-DONG-0001,400X700,보(X),DONG,B2F,400x700,0.1963
400X700-B2F-DONG-0002,400X700,보(X),DONG,B2F,400x700,0.1823
500X600-B2F-DONG-0639,500X600,보(Y),DONG,B2F,500x600,1.7235
500X600-B2F-DONG-0640,500X600,보(Y),DONG,B2F,500x600,1.7535
500X600-B2F-DONG-0641,500X600,보(Y),DONG,B2F,500x600,1.7235
500X600-B2F-DONG-0642,500X600,보(Y),DONG,B2F,500x600,1.7535
600X600-B2F-DONG-0026,600X600,보(Y),DONG,B2F,600x600,2.0682
600X600-B2F-DONG-0027,600X600,보(Y),DONG,B2F,600x600,2.1042
700X600-B2F-DONG-0044,700X600,보(X),DONG,B2F,700x600,3.2527
700X600-B2F-DONG-0045,700X600,보(X),DONG,B2F,700x600,3.1676
600X600-B2F-DONG-0028,600X600,보(Y),DONG,B2F,600x600,2.916
600X600-B2F-DONG-0029,600X600,보(Y),DONG,B2F,600x600,2.916
400X800-B2F-DONG-0081,400X800,보(Y),DONG,B2F,400x800,0.3673
400X800-B2F-DONG-0082,400X800,보(Y),DONG,B2F,400x800,0.3745
400X800-B2F-DONG-0083,400X800,보(X),DONG,B2F,400x800,0.3107
400X800-B2F-DONG-0084,400X800,보(X),DONG,B2F,400x800,0.3604
500X600-B2F-DONG-0643,500X600,보(X),DONG,B2F,500x600,2.34
500X600-B2F-DONG-0644,500X600,보(X),DONG,B2F,500x600,2.37
500X600-B2F-DONG-0645,500X600,보(X),DONG,B2F,500x600,2.2723
500X600-B2F-DONG-0646,500X600,보(X),DONG,B2F,500x600,2.31
500X600-B2F-DONG-0647,500X600,보(X),DONG,B2F,500x600,2.2723
500X600-B2F-DONG-0648,500X600,보(X),DONG,B2F,500x600,2.31
500X600-B2F-DONG-0649,500X600,보(X),DONG,B2F,500x600,2.34
500X600-B2F-DONG-0650,500X600,보(X),DONG,B2F,500x600,2.325
500X600-B2F-DONG-0651,500X600,보(Y),DONG,B2F,500x600,1.4528
500X600-B2F-DONG-0652,500X600,보(Y),DONG,B2F,500x600,1.4528
500X600-B2F-DONG-0653,500X600,보(Y),DONG,B2F,500x600,1.3943
500X600-B2F-DONG-0654,500X600,보(Y),DONG,B2F,500x600,1.3834
500X600-B2F-DONG-0655,500X600,보(Y),DONG,B2F,500x600,1.4243
500X600-B2F-DONG-0656,500X600,보(Y),DONG,B2F,500x600,1.3943
400X800-B2F-DONG-0085,400X800,보(Y),DONG,B2F,400x800,0.8
400X800-B2F-DONG-0086,400X800,보(Y),DONG,B2F,400x800,0.8104
400X800-B2F-DONG-0087,400X800,보(X),DONG,B2F,400x800,1.0148
400X800-B2F-DONG-0088,400X800,보(X),DONG,B2F,400x800,1.0148
400X800-B2F-DONG-0089,400X800,보(X),DONG,B2F,400x800,1.7255
400X800-B2F-DONG-0090,400X800,보(X),DONG,B2F,400x800,1.7051
400X800-B2F-DONG-0091,400X800,보(X),DONG,B2F,400x800,0.7761
400X800-B2F-DONG-0092,400X800,보(X),DONG,B2F,400x800,0.7581
400X800-B2F-DONG-0093,400X800,보(Y),DONG,B2F,400x800,0.864
400X800-B2F-DONG-0094,400X800,보(Y),DONG,B2F,400x800,0.8158
500X600-B2F-DONG-0657,500X600,보(X),DONG,B2F,500x600,2.34
500X600-B2F-DONG-0658,500X600,보(X),DONG,B2F,500x600,2.31
500X600-B2F-DONG-0659,500X600,보(X),DONG,B2F,500x600,1.365
500X600-B2F-DONG-0660,500X600,보(X),DONG,B2F,500x600,2.1
500X600-B2F-DONG-0661,500X600,보(X),DONG,B2F,500x600,1.56
500X600-B2F-DONG-0662,500X600,보(X),DONG,B2F,500x600,1.53
400X800-B2F-DONG-0095,400X800,보(Y),DONG,B2F,400x800,1.264
400X800-B2F-DONG-0096,400X800,보(Y),DONG,B2F,400x800,1.264
400X800-B2F-DONG-0097,400X800,보(Y),DONG,B2F,400x800,1.264
400X800-B2F-DONG-0098,400X800,보(Y),DONG,B2F,400x800,1.264
400X800-B2F-DONG-0099,400X800,보(Y),DONG,B2F,400x800,0.2816
400X800-B2F-DONG-0100,400X800,보(Y),DONG,B2F,400x800,0.2816
500X600-B2F-DONG-0663,500X600,보(X),DONG,B2F,500x600,1.335
500X600-B2F-DONG-0664,500X600,보(X),DONG,B2F,500x600,2.115
400X800-B2F-DONG-0101,400X800,보(Y),DONG,B2F,400x800,11.4176
400X800-B2F-DONG-0102,400X800,보(Y),DONG,B2F,400x800,0.3776
400X800-B2F-DONG-0103,400X800,보(Y),DONG,B2F,400x800,1.376
500X600-B2F-DONG-0665,500X600,보(X),DONG,B2F,500x600,1.365
500X600-B2F-DONG-0666,500X600,보(X),DONG,B2F,500x600,1.365
500X600-B2F-DONG-0667,500X600,보(Y),DONG,B2F,500x600,2.31
500X600-B2F-DONG-0668,500X600,보(X),DONG,B2F,500x600,1.365
500X600-B2F-DONG-0669,500X600,보(X),DONG,B2F,500x600,1.365
500X600-B2F-DONG-0670,500X600,보(X),DONG,B2F,500x600,1.365
500X600-B2F-DONG-0671,500X600,보(X),DONG,B2F,500x600,1.365
500X600-B2F-DONG-0672,500X600,보(X),DONG,B2F,500x600,1.38
500X600-B2F-DONG-0673,500X600,보(Y),DONG,B2F,500x600,2.46
600X1800-B2F-DONG-0003,600X1800,보(Y),DONG,B2F,600x1800,8.856
400X800-B2F-DONG-0104,400X800,보(Y),DONG,B2F,400x800,1.008
500X600-B2F-DONG-0674,500X600,보(Y),DONG,B2F,500x600,0.945
500X600-B2F-DONG-0675,500X600,보(Y),DONG,B2F,500x600,0.945
500X600-B2F-DONG-0676,500X600,보(Y),DONG,B2F,500x600,0.945
500X600-B2F-DONG-0677,500X600,보(Y),DONG,B2F,500x600,0.945
500X600-B2F-DONG-0678,500X600,보(X),DONG,B2F,500x600,2.145
400X800-B2F-DONG-0105,400X800,보(X),DONG,B2F,400x800,3.936
500X600-B2F-DONG-0679,500X600,보(X),DONG,B2F,500x600,1.53
500X600-B2F-DONG-0680,500X600,보(X),DONG,B2F,500x600,1.56
500X600-B2F-DONG-0681,500X600,보(Y),DONG,B2F,500x600,1.32
500X600-B2F-DONG-0682,500X600,보(Y),DONG,B2F,500x600,1.32
500X600-B2F-DONG-0683,500X600,보(X),DONG,B2F,500x600,2.31
500X600-B2F-DONG-0684,500X600,보(X),DONG,B2F,500x600,2.34
500X600-B2F-DONG-0685,500X600,보(X),DONG,B2F,500x600,2.31
500X600-B2F-DONG-0686,500X600,보(X),DONG,B2F,500x600,2.34
500X600-B2F-DONG-0687,500X600,보(X),DONG,B2F,500x600,2.31
500X600-B2F-DONG-0688,500X600,보(X),DONG,B2F,500x600,2.34
500X600-B2F-DONG-0689,500X600,보(Y),DONG,B2F,500x600,1.32
500X600-B2F-DONG-0690,500X600,보(Y),DONG,B2F,500x600,1.32
500X600-B2F-DONG-0691,500X600,보(Y),DONG,B2F,500x600,1.32
500X600-B2F-DONG-0692,500X600,보(Y),DONG,B2F,500x600,1.32
500X600-B2F-DONG-0693,500X600,보(Y),DONG,B2F,500x600,1.35
500X600-B2F-DONG-0694,500X600,보(Y),DONG,B2F,500x600,1.35
400X800-B2F-DONG-0106,400X800,보(Y),DONG,B2F,400x800,0.448
400X800-B2F-DONG-0107,400X800,보(Y),DONG,B2F,400x800,0.448
500X600-B2F-DONG-0695,500X600,보(X),DONG,B2F,500x600,2.31
500X600-B2F-DONG-0696,500X600,보(X),DONG,B2F,500x600,2.34
500X600-B2F-DONG-0697,500X600,보(X),DONG,B2F,500x600,2.31
500X600-B2F-DONG-0698,500X600,보(X),DONG,B2F,500x600,2.34
500X600-B2F-DONG-0699,500X600,보(X),DONG,B2F,500x600,2.31
500X600-B2F-DONG-0700,500X600,보(X),DONG,B2F,500x600,2.34
500X600-B2F-DONG-0701,500X600,보(X),DONG,B2F,500x600,2.31
500X600-B2F-DONG-0702,500X600,보(X),DONG,B2F,500x600,2.31
500X600-B2F-DONG-0703,500X600,보(X),DONG,B2F,500x600,2.31
500X600-B2F-DONG-0704,500X600,보(X),DONG,B2F,500x600,2.31
500X600-B2F-DONG-0705,500X600,보(X),DONG,B2F,500x600,2.3167
500X600-B2F-DONG-0706,500X600,보(X),DONG,B2F,500x600,2.31
400X800-B2F-DONG-0108,400X800,보(X),DONG,B2F,400x800,0.2756
400X800-B2F-DONG-0109,400X800,보(X),DONG,B2F,400x800,0.2756
500X600-B2F-DONG-0707,500X600,보(Y),DONG,B2F,500x600,1.35
500X600-B2F-DONG-0708,500X600,보(Y),DONG,B2F,500x600,1.35
400X800-B2F-DONG-0110,400X800,보(Y),DONG,B2F,400x800,0.448
400X800-B2F-DONG-0111,400X800,보(Y),DONG,B2F,400x800,0.448
500X600-B2F-DONG-0709,500X600,보(Y),DONG,B2F,500x600,1.35
500X600-B2F-DONG-0710,500X600,보(Y),DONG,B2F,500x600,1.35
400X800-B2F-DONG-0112,400X800,보(Y),DONG,B2F,400x800,0.448
400X800-B2F-DONG-0113,400X800,보(Y),DONG,B2F,400x800,0.448
500X600-B2F-DONG-0711,500X600,보(Y),DONG,B2F,500x600,1.35
500X600-B2F-DONG-0712,500X600,보(Y),DONG,B2F,500x600,1.3212
400X800-B2F-DONG-0114,400X800,보(X),DONG,B2F,400x800,0.4763
400X800-B2F-DONG-0115,400X800,보(X),DONG,B2F,400x800,0.4722
500X600-B2F-DONG-0713,500X600,보(X),DONG,B2F,500x600,1.7479
500X600-B2F-DONG-0714,500X600,보(Y),DONG,B2F,500x600,1.5581
500X600-B2F-DONG-0715,500X600,보(X),DONG,B2F,500x600,1.6556
500X600-B2F-DONG-0716,500X600,보(Y),DONG,B2F,500x600,1.6026
500X600-B2F-DONG-0717,500X600,보(X),DONG,B2F,500x600,2.1421
500X600-B2F-DONG-0718,500X600,보(X),DONG,B2F,500x600,2.1671
500X600-B2F-DONG-0719,500X600,보(X),DONG,B2F,500x600,2.1481
500X600-B2F-DONG-0720,500X600,보(X),DONG,B2F,500x600,1.8482
500X600-B2F-DONG-0721,500X600,보(X),DONG,B2F,500x600,1.895
500X600-B2F-DONG-0722,500X600,보(X),DONG,B2F,500x600,1.62
500X600-B2F-DONG-0723,500X600,보(X),DONG,B2F,500x600,1.5925
400X800-B2F-DONG-0116,400X800,보(X),DONG,B2F,400x800,0.3585
400X800-B2F-DONG-0117,400X800,보(X),DONG,B2F,400x800,0.3585
500X600-B2F-DONG-0724,500X600,보(X),DONG,B2F,500x600,1.4006
500X600-B2F-DONG-0725,500X600,보(X),DONG,B2F,500x600,1.438
500X600-B2F-DONG-0726,500X600,보(X),DONG,B2F,500x600,0.5187
500X600-B2F-DONG-0727,500X600,보(X),DONG,B2F,500x600,0.8077
500X600-B2F-DONG-0728,500X600,보(X),DONG,B2F,500x600,0.7811
500X600-B2F-DONG-0729,500X600,보(X),DONG,B2F,500x600,1.3663
500X600-B2F-DONG-0730,500X600,보(X),DONG,B2F,500x600,0.7646
500X600-B2F-DONG-0731,500X600,보(X),DONG,B2F,500x600,1.2424
500X600-B2F-DONG-0732,500X600,보(X),DONG,B2F,500x600,1.205
400X800-B2F-DONG-0118,400X800,보(Y),DONG,B2F,400x800,0.2432
400X800-B2F-DONG-0119,400X800,보(Y),DONG,B2F,400x800,0.2034
500X900-B2F-DONG-0010,500X900,보(X),DONG,B2F,500x900,1.8466
500X600-B2F-DONG-0733,500X600,보(X),DONG,B2F,500x600,1.1007
400X800-B2F-DONG-0120,400X800,보(Y),DONG,B2F,400x800,0.2052
400X800-B2F-DONG-0121,400X800,보(Y),DONG,B2F,400x800,0.1653
400X800-B2F-DONG-0122,400X800,보(X),DONG,B2F,400x800,1.3047
400X800-B2F-DONG-0123,400X800,보(X),DONG,B2F,400x800,0.663
500X600-B2F-DONG-0734,500X600,보(Y),DONG,B2F,500x600,1.5178
500X600-B2F-DONG-0735,500X600,보(Y),DONG,B2F,500x600,1.3388
500X600-B2F-DONG-0736,500X600,보(Y),DONG,B2F,500x600,1.4116
500X600-B2F-DONG-0737,500X600,보(Y),DONG,B2F,500x600,1.4116
500X600-B2F-DONG-0738,500X600,보(X),DONG,B2F,500x600,1.515
500X600-B2F-DONG-0739,500X600,보(X),DONG,B2F,500x600,1.53
500X600-B2F-DONG-0740,500X600,보(X),DONG,B2F,500x600,2.0271
500X600-B2F-DONG-0741,500X600,보(X),DONG,B2F,500x600,1.8545
500X600-B2F-DONG-0742,500X600,보(X),DONG,B2F,500x600,1.77
500X600-B2F-DONG-0743,500X600,보(X),DONG,B2F,500x600,1.4747
500X600-B2F-DONG-0744,500X600,보(Y),DONG,B2F,500x600,2.31
500X600-B2F-DONG-0745,500X600,보(Y),DONG,B2F,500x600,2.31
500X600-B2F-DONG-0746,500X600,보(Y),DONG,B2F,500x600,2.31
500X600-B2F-DONG-0747,500X600,보(Y),DONG,B2F,500x600,2.31
500X600-B2F-DONG-0748,500X600,보(Y),DONG,B2F,500x600,2.31
500X600-B2F-DONG-0749,500X600,보(Y),DONG,B2F,500x600,2.31
500X600-B2F-DONG-0750,500X600,보(Y),DONG,B2F,500x600,2.31
500X600-B2F-DONG-0751,500X600,보(Y),DONG,B2F,500x600,2.31
500X600-B2F-DONG-0752,500X600,보(X),DONG,B2F,500x600,2.385
500X600-B2F-DONG-0753,500X600,보(X),DONG,B2F,500x600,0.8077
500X600-B2F-DONG-0754,500X600,보(X),DONG,B2F,500x600,1.5631
500X600-B2F-DONG-0755,500X600,보(X),DONG,B2F,500x600,1.5181
500X600-B2F-DONG-0756,500X600,보(X),DONG,B2F,500x600,2.37
500X600-B2F-DONG-0757,500X600,보(X),DONG,B2F,500x600,2.37
500X600-B2F-DONG-0758,500X600,보(X),DONG,B2F,500x600,1.785
500X600-B2F-DONG-0759,500X600,보(X),DONG,B2F,500x600,1.77
500X600-B2F-DONG-0760,500X600,보(X),DONG,B2F,500x600,1.545
500X600-B2F-DONG-0761,500X600,보(X),DONG,B2F,500x600,1.53
500X600-B2F-DONG-0762,500X600,보(X),DONG,B2F,500x600,2.34
500X600-B2F-DONG-0763,500X600,보(X),DONG,B2F,500x600,2.355
500X600-B2F-DONG-0764,500X600,보(Y),DONG,B2F,500x600,2.2948
500X600-B2F-DONG-0765,500X600,보(Y),DONG,B2F,500x600,2.31
400X800-B2F-DONG-0124,400X800,보(X),DONG,B2F,400x800,1.5225
500X600-B2F-DONG-0766,500X600,보(X),DONG,B2F,500x600,1.8054
400X800-B2F-DONG-0125,400X800,보(X),DONG,B2F,400x800,0.267
500X600-B2F-DONG-0767,500X600,보(X),DONG,B2F,500x600,1.4581
500X600-B2F-DONG-0768,500X600,보(X),DONG,B2F,500x600,1.4581
500X600-B2F-DONG-0769,500X600,보(Y),DONG,B2F,500x600,2.31
400X800-B2F-DONG-0126,400X800,보(Y),DONG,B2F,400x800,0.96
500X600-B2F-DONG-0770,500X600,보(Y),DONG,B2F,500x600,1.275
500X600-B2F-DONG-0771,500X600,보(Y),DONG,B2F,500x600,1.275
500X600-B2F-DONG-0772,500X600,보(Y),DONG,B2F,500x600,1.275
500X600-B2F-DONG-0773,500X600,보(Y),DONG,B2F,500x600,1.275
500X600-B2F-DONG-0774,500X600,보(Y),DONG,B2F,500x600,2.31
500X600-B2F-DONG-0775,500X600,보(Y),DONG,B2F,500x600,1.23
500X600-B2F-DONG-0776,500X600,보(Y),DONG,B2F,500x600,2.31
500X600-B2F-DONG-0777,500X600,보(Y),DONG,B2F,500x600,2.31
500X600-B2F-DONG-0778,500X600,보(Y),DONG,B2F,500x600,2.31
500X600-B2F-DONG-0779,500X600,보(Y),DONG,B2F,500x600,2.31
400X800-B2F-DONG-0127,400X800,보(Y),DONG,B2F,400x800,12.8548
400X800-B2F-DONG-0128,400X800,보(Y),DONG,B2F,400x800,1.3669
500X600-B2F-DONG-0780,500X600,보(X),DONG,B2F,500x600,1.425
500X600-B2F-DONG-0781,500X600,보(X),DONG,B2F,500x600,1.425
500X600-B2F-DONG-0782,500X600,보(X),DONG,B2F,500x600,2.34
500X600-B2F-DONG-0783,500X600,보(X),DONG,B2F,500x600,2.34
500X600-B2F-DONG-0784,500X600,보(X),DONG,B2F,500x600,1.425
500X600-B2F-DONG-0785,500X600,보(X),DONG,B2F,500x600,1.425
500X600-B2F-DONG-0786,500X600,보(Y),DONG,B2F,500x600,2.31
500X600-B2F-DONG-0787,500X600,보(Y),DONG,B2F,500x600,2.31
500X600-B2F-DONG-0788,500X600,보(Y),DONG,B2F,500x600,2.312
500X600-B2F-DONG-0789,500X600,보(Y),DONG,B2F,500x600,2.31
500X600-B2F-DONG-0790,500X600,보(Y),DONG,B2F,500x600,2.31
500X600-B2F-DONG-0791,500X600,보(Y),DONG,B2F,500x600,2.31
500X600-B2F-DONG-0792,500X600,보(Y),DONG,B2F,500x600,2.31
500X600-B2F-DONG-0793,500X600,보(X),DONG,B2F,500x600,1.425
500X600-B2F-DONG-0794,500X600,보(X),DONG,B2F,500x600,1.425
500X600-B2F-DONG-0795,500X600,보(X),DONG,B2F,500x600,2.34
500X600-B2F-DONG-0796,500X600,보(X),DONG,B2F,500x600,2.34
500X600-B2F-DONG-0797,500X600,보(X),DONG,B2F,500x600,1.425
500X600-B2F-DONG-0798,500X600,보(X),DONG,B2F,500x600,1.425
500X600-B2F-DONG-0799,500X600,보(Y),DONG,B2F,500x600,2.325
500X600-B2F-DONG-0800,500X600,보(Y),DONG,B2F,500x600,2.31
500X600-B2F-DONG-0801,500X600,보(Y),DONG,B2F,500x600,2.325
500X600-B2F-DONG-0802,500X600,보(Y),DONG,B2F,500x600,2.325
500X600-B2F-DONG-0803,500X600,보(Y),DONG,B2F,500x600,2.325
500X600-B2F-DONG-0804,500X600,보(Y),DONG,B2F,500x600,2.325
500X600-B2F-DONG-0805,500X600,보(Y),DONG,B2F,500x600,2.325
500X600-B2F-DONG-0806,500X600,보(Y),DONG,B2F,500x600,2.475
500X600-B2F-DONG-0807,500X600,보(Y),DONG,B2F,500x600,2.475
500X600-B2F-DONG-0808,500X600,보(X),DONG,B2F,500x600,2.295
500X600-B2F-DONG-0809,500X600,보(X),DONG,B2F,500x600,2.34
500X900-B2F-DONG-0011,500X900,보(X),DONG,B2F,500x900,2.1375
500X600-B2F-DONG-0810,500X600,보(X),DONG,B2F,500x600,1.425
900X900-B2F-DONG-0005,900X900,보(Y),DONG,B2F,900x900,6.6825
500X600-B2F-DONG-0811,500X600,보(X),DONG,B2F,500x600,1.485
500X600-B2F-DONG-0812,500X600,보(X),DONG,B2F,500x600,1.4581
500X600-B2F-DONG-0813,500X600,보(X),DONG,B2F,500x600,1.485
500X600-B2F-DONG-0814,500X600,보(X),DONG,B2F,500x600,1.485
500X600-B2F-DONG-0815,500X600,보(X),DONG,B2F,500x600,1.485
500X600-B2F-DONG-0816,500X600,보(X),DONG,B2F,500x600,1.485
500X600-B2F-DONG-0817,500X600,보(X),DONG,B2F,500x600,1.485
500X600-B2F-DONG-0818,500X600,보(X),DONG,B2F,500x600,1.485
700X900-B2F-DONG-0006,700X900,보(X),DONG,B2F,700x900,1.3208
700X900-B2F-DONG-0007,700X900,보(X),DONG,B2F,700x900,1.3994
500X600-B2F-DONG-0819,500X600,보(X),DONG,B2F,500x600,1.485
500X600-B2F-DONG-0820,500X600,보(X),DONG,B2F,500x600,1.485
400X800-B2F-DONG-0129,400X800,보(X),DONG,B2F,400x800,4.064
500X600-B2F-DONG-0821,500X600,보(X),DONG,B2F,500x600,1.485
500X600-B2F-DONG-0822,500X600,보(X),DONG,B2F,500x600,2.16
500X600-B2F-DONG-0823,500X600,보(X),DONG,B2F,500x600,2.1057
500X600-B2F-DONG-0824,500X600,보(X),DONG,B2F,500x600,1.545
500X600-B2F-DONG-0825,500X600,보(X),DONG,B2F,500x600,1.5187
400X800-B2F-DONG-0130,400X800,보(Y),DONG,B2F,400x800,11.2147
400X800-B2F-DONG-0131,400X800,보(Y),DONG,B2F,400x800,0.8926
500X600-B2F-DONG-0826,500X600,보(Y),DONG,B2F,500x600,2.31
500X600-B2F-DONG-0827,500X600,보(Y),DONG,B2F,500x600,2.295
500X600-B2F-DONG-0828,500X600,보(Y),DONG,B2F,500x600,2.34
600X900-B2F-DONG-0012,600X900,보(Y),DONG,B2F,600x900,4.455
400X800-B2F-DONG-0132,400X800,보(Y),DONG,B2F,400x800,1.6
600X900-B2F-DONG-0013,600X900,보(Y),DONG,B2F,600x900,2.916
900X900-B2F-DONG-0006,900X900,보(Y),DONG,B2F,900x900,6.237
600X900-B2F-DONG-0014,600X900,보(Y),DONG,B2F,600x900,4.158
500X600-B2F-DONG-0829,500X600,보(Y),DONG,B2F,500x600,2.295
500X600-B2F-DONG-0830,500X600,보(Y),DONG,B2F,500x600,2.295
500X600-B2F-DONG-0831,500X600,보(Y),DONG,B2F,500x600,2.295
500X600-B2F-DONG-0832,500X600,보(Y),DONG,B2F,500x600,2.295
500X600-B2F-DONG-0833,500X600,보(Y),DONG,B2F,500x600,2.295
500X600-B2F-DONG-0834,500X600,보(Y),DONG,B2F,500x600,2.31
500X600-B2F-DONG-0835,500X600,보(X),DONG,B2F,500x600,2.175
500X600-B2F-DONG-0836,500X600,보(X),DONG,B2F,500x600,2.16
500X600-B2F-DONG-0837,500X600,보(X),DONG,B2F,500x600,1.575
500X600-B2F-DONG-0838,500X600,보(X),DONG,B2F,500x600,1.545
500X600-B2F-DONG-0839,500X600,보(X),DONG,B2F,500x600,6.96
500X600-B2F-DONG-0840,500X600,보(X),DONG,B2F,500x600,2.175
500X600-B2F-DONG-0841,500X600,보(X),DONG,B2F,500x600,2.175
500X600-B2F-DONG-0842,500X600,보(Y),DONG,B2F,500x600,2.34
500X600-B2F-DONG-0843,500X600,보(Y),DONG,B2F,500x600,2.34
500X600-B2F-DONG-0844,500X600,보(Y),DONG,B2F,500x600,2.34
500X600-B2F-DONG-0845,500X600,보(Y),DONG,B2F,500x600,2.34
500X600-B2F-DONG-0846,500X600,보(Y),DONG,B2F,500x600,2.34
500X600-B2F-DONG-0847,500X600,보(Y),DONG,B2F,500x600,2.34
500X600-B2F-DONG-0848,500X600,보(X),DONG,B2F,500x600,2.37
400X800-B2F-DONG-0133,400X800,보(X),DONG,B2F,400x800,2.528
400X800-B2F-DONG-0134,400X800,보(X),DONG,B2F,400x800,1.68
500X600-B2F-DONG-0849,500X600,보(Y),DONG,B2F,500x600,2.34
500X600-B2F-DONG-0850,500X600,보(Y),DONG,B2F,500x600,2.34
400X800-B2F-DONG-0135,400X800,보(X),DONG,B2F,400x800,4.688
400X800-B2F-DONG-0136,400X800,보(X),DONG,B2F,400x800,4.688
400X800-B2F-DONG-0137,400X800,보(X),DONG,B2F,400x800,1.52
600X1500-B2F-DONG-0007,600X1500,보(Y),DONG,B2F,600x1500,1.097
600X1500-B2F-DONG-0008,600X1500,보(Y),DONG,B2F,600x1500,0.8439
700X900-B2F-DONG-0008,700X900,보(Y),DONG,B2F,700x900,5.229
700X900-B2F-DONG-0009,700X900,보(Y),DONG,B2F,700x900,5.1975
500X600-B2F-DONG-0851,500X600,보(X),DONG,B2F,500x600,2.2891
500X600-B2F-DONG-0852,500X600,보(X),DONG,B2F,500x600,2.295
800X900-B2F-DONG-0003,800X900,보(X),DONG,B2F,800x900,3.42
800X900-B2F-DONG-0004,800X900,보(X),DONG,B2F,800x900,4.1659
800X900-B2F-DONG-0005,800X900,보(X),DONG,B2F,800x900,4.3804
800X900-B2F-DONG-0006,800X900,보(X),DONG,B2F,800x900,3.4257
500X600-B2F-DONG-0853,500X600,보(Y),DONG,B2F,500x600,2.475
500X700-B2F-DONG-0010,500X700,보(Y),DONG,B2F,500x700,5.81
400X800-B2F-DONG-0138,400X800,보(X),DONG,B2F,400x800,10.944
500X600-B2F-DONG-0854,500X600,보(Y),DONG,B2F,500x600,2.475
500X600-B2F-DONG-0855,500X600,보(Y),DONG,B2F,500x600,2.475
500X600-B2F-DONG-0856,500X600,보(X),DONG,B2F,500x600,2.175
800X900-B2F-DONG-0007,800X900,보(Y),DONG,B2F,800x900,3.564
500X600-B2F-DONG-0857,500X600,보(Y),DONG,B2F,500x600,1.5
500X600-B2F-DONG-0858,500X600,보(Y),DONG,B2F,500x600,1.6137
500X600-B2F-DONG-0859,500X600,보(X),DONG,B2F,500x600,2.175
500X900-B2F-DONG-0012,500X900,보(X),DONG,B2F,500x900,3.2625
500X900-B2F-DONG-0013,500X900,보(X),DONG,B2F,500x900,3.2625
500X600-B2F-DONG-0860,500X600,보(Y),DONG,B2F,500x600,1.485
700X1700-B2F-DONG-0001,700X1700,보(Y),DONG,B2F,700x1700,4.2499
500X600-B2F-DONG-0861,500X600,보(Y),DONG,B2F,500x600,1.62
500X600-B2F-DONG-0862,500X600,보(X),DONG,B2F,500x600,2.2416
500X600-B2F-DONG-0863,500X600,보(X),DONG,B2F,500x600,2.2416
500X600-B2F-DONG-0864,500X600,보(Y),DONG,B2F,500x600,2.31
500X600-B2F-DONG-0865,500X600,보(Y),DONG,B2F,500x600,2.2967
500X600-B2F-DONG-0866,500X600,보(Y),DONG,B2F,500x600,2.839
500X600-B2F-DONG-0867,500X600,보(Y),DONG,B2F,500x600,2.805
500X600-B2F-DONG-0868,500X600,보(X),DONG,B2F,500x600,2.175
500X600-B2F-DONG-0869,500X600,보(X),DONG,B2F,500x600,2.2511
500X600-B2F-DONG-0870,500X600,보(X),DONG,B2F,500x600,2.31
600X600-B2F-DONG-0030,600X600,보(Y),DONG,B2F,600x600,3.3684
600X600-B2F-DONG-0031,600X600,보(Y),DONG,B2F,600x600,3.3644
500X600-B2F-DONG-0871,500X600,보(X),DONG,B2F,500x600,1.56
500X600-B2F-DONG-0872,500X600,보(X),DONG,B2F,500x600,1.5138
500X600-B2F-DONG-0873,500X600,보(Y),DONG,B2F,500x600,1.899
500X600-B2F-DONG-0874,500X600,보(X),DONG,B2F,500x600,1.4577
500X600-B2F-DONG-0875,500X600,보(X),DONG,B2F,500x600,1.6173
900X900-B2F-DONG-0007,900X900,보(Y),DONG,B2F,900x900,6.0778
500X600-B2F-DONG-0876,500X600,보(X),DONG,B2F,500x600,1.6281
500X600-B2F-DONG-0877,500X600,보(Y),DONG,B2F,500x600,1.899
500X600-B2F-DONG-0878,500X600,보(X),DONG,B2F,500x600,2.3937
500X600-B2F-DONG-0879,500X600,보(Y),DONG,B2F,500x600,2.5671
500X600-B2F-DONG-0880,500X600,보(X),DONG,B2F,500x600,2.2799
500X600-B2F-DONG-0881,500X600,보(Y),DONG,B2F,500x600,1.899
500X600-B2F-DONG-0882,500X600,보(X),DONG,B2F,500x600,2.205
500X600-B2F-DONG-0883,500X600,보(X),DONG,B2F,500x600,1.5474
500X600-B2F-DONG-0884,500X600,보(X),DONG,B2F,500x600,2.3658
500X600-B2F-DONG-0885,500X600,보(X),DONG,B2F,500x600,2.5718
500X600-B2F-DONG-0886,500X600,보(Y),DONG,B2F,500x600,2.295
500X600-B2F-DONG-0887,500X600,보(Y),DONG,B2F,500x600,2.295
400X800-B2F-DONG-0139,400X800,보(X),DONG,B2F,400x800,3.8272
500X600-B2F-DONG-0888,500X600,보(X),DONG,B2F,500x600,2.205
500X600-B2F-DONG-0889,500X600,보(X),DONG,B2F,500x600,1.233
500X600-B2F-DONG-0890,500X600,보(X),DONG,B2F,500x600,1.6952
500X600-B2F-DONG-0891,500X600,보(X),DONG,B2F,500x600,1.2722
500X600-B2F-DONG-0892,500X600,보(Y),DONG,B2F,500x600,1.0917
400X800-B2F-DONG-0140,400X800,보(Y),DONG,B2F,400x800,0.8995
500X600-B2F-DONG-0893,500X600,보(Y),DONG,B2F,500x600,2.37
500X600-B2F-DONG-0894,500X600,보(Y),DONG,B2F,500x600,2.37
400X800-B2F-DONG-0141,400X800,보(X),DONG,B2F,400x800,1.5811
500X600-B2F-DONG-0895,500X600,보(X),DONG,B2F,500x600,2.0842
400X800-B2F-DONG-0142,400X800,보(X),DONG,B2F,400x800,0.1733
400X800-B2F-DONG-0143,400X800,보(X),DONG,B2F,400x800,0.4041
400X800-B2F-DONG-0144,400X800,보(X),DONG,B2F,400x800,1.0755
500X600-B2F-DONG-0896,500X600,보(X),DONG,B2F,500x600,1.1667
500X600-B2F-DONG-0897,500X600,보(X),DONG,B2F,500x600,1.2031
500X600-B2F-DONG-0898,500X600,보(X),DONG,B2F,500x600,2.0031
500X600-B2F-DONG-0899,500X600,보(X),DONG,B2F,500x600,1.2327
500X600-B2F-DONG-0900,500X600,보(X),DONG,B2F,500x600,1.203
500X600-B2F-DONG-0901,500X600,보(X),DONG,B2F,500x600,2.175
500X600-B2F-DONG-0902,500X600,보(Y),DONG,B2F,500x600,0.7338
600X900-B2F-DONG-0015,600X900,보(Y),DONG,B2F,600x900,1.7065
500X600-B2F-DONG-0903,500X600,보(Y),DONG,B2F,500x600,2.0671
500X600-B2F-DONG-0904,500X600,보(X),DONG,B2F,500x600,2.2659
500X600-B2F-DONG-0905,500X600,보(X),DONG,B2F,500x600,2.205
600X1600-B2F-DONG-0003,600X1600,보(Y),DONG,B2F,600x1600,0.5555
500X900-B2F-DONG-0014,500X900,보(Y),DONG,B2F,500x900,0.5817
400X800-B2F-DONG-0145,400X800,보(X),DONG,B2F,400x800,0.4325
500X600-B2F-DONG-0906,500X600,보(X),DONG,B2F,500x600,2.1816
500X600-B2F-DONG-0907,500X600,보(X),DONG,B2F,500x600,1.9695
500X600-B2F-DONG-0908,500X600,보(X),DONG,B2F,500x600,1.3544
400X800-B2F-DONG-0146,400X800,보(X),DONG,B2F,400x800,1.4889
600X600-B2F-DONG-0032,600X600,보(Y),DONG,B2F,600x600,3.3669
500X600-B2F-DONG-0909,500X600,보(Y),DONG,B2F,500x600,2.8058
500X600-B2F-DONG-0910,500X600,보(X),DONG,B2F,500x600,2.31
500X600-B2F-DONG-0911,500X600,보(X),DONG,B2F,500x600,2.2473
500X600-B2F-DONG-0912,500X600,보(X),DONG,B2F,500x600,1.4953
500X900-B2F-DONG-0015,500X900,보(X),DONG,B2F,500x900,2.34
800X900-B2F-DONG-0008,800X900,보(Y),DONG,B2F,800x900,6.6799
600X900-B2F-DONG-0016,600X900,보(Y),DONG,B2F,600x900,5.0099
600X600-B2F-DONG-0033,600X600,보(Y),DONG,B2F,600x600,3.3688
600X600-B2F-DONG-0034,600X600,보(Y),DONG,B2F,600x600,3.3688
500X600-B2F-DONG-0913,500X600,보(X),DONG,B2F,500x600,1.4587
500X600-B2F-DONG-0914,500X600,보(X),DONG,B2F,500x600,1.455
800X900-B2F-DONG-0009,800X900,보(Y),DONG,B2F,800x900,5.688
600X900-B2F-DONG-0017,600X900,보(X),DONG,B2F,600x900,2.6257
500X600-B2F-DONG-0915,500X600,보(X),DONG,B2F,500x600,1.455
600X900-B2F-DONG-0018,600X900,보(X),DONG,B2F,600x900,2.673
600X900-B2F-DONG-0019,600X900,보(X),DONG,B2F,600x900,2.619
500X600-B2F-DONG-0916,500X600,보(X),DONG,B2F,500x600,1.485
500X600-B2F-DONG-0917,500X600,보(X),DONG,B2F,500x600,1.485
500X600-B2F-DONG-0918,500X600,보(X),DONG,B2F,500x600,1.485
500X600-B2F-DONG-0919,500X600,보(X),DONG,B2F,500x600,1.485
500X600-B2F-DONG-0920,500X600,보(X),DONG,B2F,500x600,1.5923
500X600-B2F-DONG-0921,500X600,보(X),DONG,B2F,500x600,1.9097
800X900-B2F-DONG-0010,800X900,보(Y),DONG,B2F,800x900,5.688
500X600-B2F-DONG-0922,500X600,보(Y),DONG,B2F,500x600,2.43
500X600-B2F-DONG-0923,500X600,보(Y),DONG,B2F,500x600,2.43
400X800-B2F-DONG-0147,400X800,보(Y),DONG,B2F,400x800,0.6828
500X600-B2F-DONG-0924,500X600,보(X),DONG,B2F,500x600,2.175
500X600-B2F-DONG-0925,500X600,보(X),DONG,B2F,500x600,2.175
500X600-B2F-DONG-0926,500X600,보(X),DONG,B2F,500x600,2.5699
500X600-B2F-DONG-0927,500X600,보(X),DONG,B2F,500x600,2.6027
600X600-B2F-DONG-0035,600X600,보(Y),DONG,B2F,600x600,3.3154
600X600-B2F-DONG-0036,600X600,보(Y),DONG,B2F,600x600,3.3154
500X600-B2F-DONG-0928,500X600,보(Y),DONG,B2F,500x600,2.415
500X600-B2F-DONG-0929,500X600,보(Y),DONG,B2F,500x600,2.763
500X600-B2F-DONG-0930,500X600,보(Y),DONG,B2F,500x600,2.43
500X600-B2F-DONG-0931,500X600,보(Y),DONG,B2F,500x600,2.415
600X600-B2F-DONG-0037,600X600,보(X),DONG,B2F,600x600,2.61
600X600-B2F-DONG-0038,600X600,보(X),DONG,B2F,600x600,2.61
700X1700-B2F-DONG-0002,700X1700,보(Y),DONG,B2F,700x1700,0.6769
500X600-B2F-DONG-0932,500X600,보(Y),DONG,B2F,500x600,2.43
500X600-B2F-DONG-0933,500X600,보(Y),DONG,B2F,500x600,2.414
500X600-B2F-DONG-0934,500X600,보(X),DONG,B2F,500x600,2.1907
500X600-B2F-DONG-0935,500X600,보(X),DONG,B2F,500x600,2.2147
500X600-B2F-DONG-0936,500X600,보(X),DONG,B2F,500x600,3.1004
400X800-B2F-DONG-0148,400X800,보(X),DONG,B2F,400x800,0.584
500X600-B2F-DONG-0937,500X600,보(X),DONG,B2F,500x600,2.34
500X600-B2F-DONG-0938,500X600,보(Y),DONG,B2F,500x600,1.2
500X600-B2F-DONG-0939,500X600,보(Y),DONG,B2F,500x600,1.199
500X600-B2F-DONG-0940,500X600,보(X),DONG,B2F,500x600,1.175
500X600-B2F-DONG-0941,500X600,보(X),DONG,B2F,500x600,2.175
400X800-B2F-DONG-0149,400X800,보(Y),DONG,B2F,400x800,0.6368
400X800-B2F-DONG-0150,400X800,보(Y),DONG,B2F,400x800,0.6368
500X600-B2F-DONG-0942,500X600,보(Y),DONG,B2F,500x600,1.275
500X600-B2F-DONG-0943,500X600,보(Y),DONG,B2F,500x600,0.4405
400X800-B2F-DONG-0151,400X800,보(Y),DONG,B2F,400x800,0.8212
400X800-B2F-DONG-0152,400X800,보(Y),DONG,B2F,400x800,0.6407
400X800-B2F-DONG-0153,400X800,보(Y),DONG,B2F,400x800,0.6407
500X600-B2F-DONG-0944,500X600,보(X),DONG,B2F,500x600,1.9848
500X600-B2F-DONG-0945,500X600,보(X),DONG,B2F,500x600,1.9695
400X800-B2F-DONG-0154,400X800,보(X),DONG,B2F,400x800,0.6464
400X800-B2F-DONG-0155,400X800,보(X),DONG,B2F,400x800,0.6406
400X800-B2F-DONG-0156,400X800,보(Y),DONG,B2F,400x800,0.4103
400X800-B2F-DONG-0157,400X800,보(Y),DONG,B2F,400x800,0.3704
500X600-B2F-DONG-0946,500X600,보(X),DONG,B2F,500x600,2.34
500X600-B2F-DONG-0947,500X600,보(X),DONG,B2F,500x600,2.34
500X600-B2F-DONG-0948,500X600,보(X),DONG,B2F,500x600,1.545
500X600-B2F-DONG-0949,500X600,보(X),DONG,B2F,500x600,1.545
500X600-B2F-DONG-0950,500X600,보(X),DONG,B2F,500x600,1.9944
500X600-B2F-DONG-0951,500X600,보(X),DONG,B2F,500x600,1.3928
400X800-B2F-DONG-0158,400X800,보(X),DONG,B2F,400x800,0.399
400X800-B2F-DONG-0159,400X800,보(X),DONG,B2F,400x800,0.3265
400X800-B2F-DONG-0160,400X800,보(X),DONG,B2F,400x800,0.3198
500X600-B2F-DONG-0952,500X600,보(Y),DONG,B2F,500x600,2.3693
500X600-B2F-DONG-0953,500X600,보(Y),DONG,B2F,500x600,2.37
500X600-B2F-DONG-0954,500X600,보(Y),DONG,B2F,500x600,2.37
500X600-B2F-DONG-0955,500X600,보(Y),DONG,B2F,500x600,2.37
400X900-B2F-DONG-0002,400X900,보(Y),DONG,B2F,400x900,2.7574
400X900-B2F-DONG-0003,400X900,보(Y),DONG,B2F,400x900,2.7497
500X600-B2F-DONG-0956,500X600,보(Y),DONG,B2F,500x600,2.28
500X600-B2F-DONG-0957,500X600,보(Y),DONG,B2F,500x600,2.2803
500X600-B2F-DONG-0958,500X600,보(Y),DONG,B2F,500x600,2.3795
500X600-B2F-DONG-0959,500X600,보(Y),DONG,B2F,500x600,2.378
500X600-B2F-DONG-0960,500X600,보(X),DONG,B2F,500x600,2.3314
500X600-B2F-DONG-0961,500X600,보(Y),DONG,B2F,500x600,2.3642
600X1800-B2F-DONG-0004,600X1800,보(X),DONG,B2F,600x1800,6.1484
500X600-B2F-DONG-0962,500X600,보(X),DONG,B2F,500x600,1.745
600X1800-B2F-DONG-0005,600X1800,보(Y),DONG,B2F,600x1800,5.7457
400X800-B2F-DONG-0161,400X800,보(X),DONG,B2F,400x800,0.6418
400X800-B2F-DONG-0162,400X800,보(X),DONG,B2F,400x800,0.6418
700X600-B2F-DONG-0046,700X600,보(X),DONG,B2F,700x600,2.8484
700X600-B2F-DONG-0047,700X600,보(X),DONG,B2F,700x600,3.5494
500X600-B2F-DONG-0963,500X600,보(X),DONG,B2F,500x600,2.1726
500X600-B2F-DONG-0964,500X600,보(X),DONG,B2F,500x600,2.1726
500X600-B2F-DONG-0965,500X600,보(X),DONG,B2F,500x600,1.597
500X600-B2F-DONG-0966,500X600,보(X),DONG,B2F,500x600,1.603
500X600-B2F-DONG-0967,500X600,보(X),DONG,B2F,500x600,1.6818
500X900-B2F-DONG-0016,500X900,보(X),DONG,B2F,500x900,2.573
500X600-B2F-DONG-0968,500X600,보(X),DONG,B2F,500x600,2.3166
500X600-B2F-DONG-0969,500X600,보(X),DONG,B2F,500x600,2.3604
500X600-B2F-DONG-0970,500X600,보(Y),DONG,B2F,500x600,2.1925
500X600-B2F-DONG-0971,500X600,보(X),DONG,B2F,500x600,2.4
500X600-B2F-DONG-0972,500X600,보(X),DONG,B2F,500x600,2.385
500X600-B2F-DONG-0973,500X600,보(X),DONG,B2F,500x600,1.4152
500X600-B2F-DONG-0974,500X600,보(X),DONG,B2F,500x600,1.5181
400X800-B2F-DONG-0163,400X800,보(Y),DONG,B2F,400x800,0.7657
400X800-B2F-DONG-0164,400X800,보(Y),DONG,B2F,400x800,0.676
500X600-B2F-DONG-0975,500X600,보(X),DONG,B2F,500x600,2.34
500X600-B2F-DONG-0976,500X600,보(X),DONG,B2F,500x600,2.34
500X600-B2F-DONG-0977,500X600,보(X),DONG,B2F,500x600,1.59
500X600-B2F-DONG-0978,500X600,보(X),DONG,B2F,500x600,1.545
500X600-B2F-DONG-0979,500X600,보(X),DONG,B2F,500x600,2.1
500X600-B2F-DONG-0980,500X600,보(X),DONG,B2F,500x600,2.0675
400X800-B2F-DONG-0165,400X800,보(Y),DONG,B2F,400x800,18.144
400X800-B2F-DONG-0166,400X800,보(Y),DONG,B2F,400x800,1.312
600X1000-B2F-DONG-0001,600X1000,보(Y),DONG,B2F,600x1000,2.341
600X1000-B2F-DONG-0002,600X1000,보(Y),DONG,B2F,600x1000,4.2017
500X600-B2F-DONG-0981,500X600,보(Y),DONG,B2F,500x600,2.1887
500X600-B2F-DONG-0982,500X600,보(Y),DONG,B2F,500x600,2.31
500X600-B2F-DONG-0983,500X600,보(Y),DONG,B2F,500x600,2.28
400X800-B2F-DONG-0167,400X800,보(Y),DONG,B2F,400x800,1.12
400X800-B2F-DONG-0168,400X800,보(Y),DONG,B2F,400x800,2.432
500X600-B2F-DONG-0984,500X600,보(X),DONG,B2F,500x600,2.34
500X600-B2F-DONG-0985,500X600,보(X),DONG,B2F,500x600,2.34
400X800-B2F-DONG-0169,400X800,보(Y),DONG,B2F,400x800,1.216
400X800-B2F-DONG-0170,400X800,보(Y),DONG,B2F,400x800,1.216
500X600-B2F-DONG-0986,500X600,보(Y),DONG,B2F,500x600,2.37
500X600-B2F-DONG-0987,500X600,보(X),DONG,B2F,500x600,1.56
500X600-B2F-DONG-0988,500X600,보(X),DONG,B2F,500x600,1.56
500X600-B2F-DONG-0989,500X600,보(Y),DONG,B2F,500x600,2.37
500X600-B2F-DONG-0990,500X600,보(X),DONG,B2F,500x600,2.34
500X600-B2F-DONG-0991,500X600,보(X),DONG,B2F,500x600,2.34
500X600-B2F-DONG-0992,500X600,보(X),DONG,B2F,500x600,2.34
500X600-B2F-DONG-0993,500X600,보(X),DONG,B2F,500x600,2.34
500X600-B2F-DONG-0994,500X600,보(X),DONG,B2F,500x600,2.34
500X600-B2F-DONG-0995,500X600,보(X),DONG,B2F,500x600,2.34
500X600-B2F-DONG-0996,500X600,보(X),DONG,B2F,500x600,2.34
500X600-B2F-DONG-0997,500X600,보(X),DONG,B2F,500x600,2.34
500X600-B2F-DONG-0998,500X600,보(Y),DONG,B2F,500x600,2.4
500X600-B2F-DONG-0999,500X600,보(Y),DONG,B2F,500x600,2.4
500X600-B2F-DONG-1000,500X600,보(Y),DONG,B2F,500x600,2.19
400X800-B2F-DONG-0171,400X800,보(Y),DONG,B2F,400x800,1.52
400X800-B2F-DONG-0172,400X800,보(X),DONG,B2F,400x800,4.9094
500X600-B2F-DONG-1001,500X600,보(X),DONG,B2F,500x600,2.3401
400X800-B2F-DONG-0173,400X800,보(X),DONG,B2F,400x800,1.648
400X800-B2F-DONG-0174,400X800,보(X),DONG,B2F,400x800,0.4134
400X800-B2F-DONG-0175,400X800,보(Y),DONG,B2F,400x800,0.1952
400X800-B2F-DONG-0176,400X800,보(Y),DONG,B2F,400x800,0.3552
500X600-B2F-DONG-1002,500X600,보(X),DONG,B2F,500x600,1.56
500X600-B2F-DONG-1003,500X600,보(X),DONG,B2F,500x600,1.56
500X600-B2F-DONG-1004,500X600,보(X),DONG,B2F,500x600,1.56
500X600-B2F-DONG-1005,500X600,보(X),DONG,B2F,500x600,1.56
500X600-B2F-DONG-1006,500X600,보(X),DONG,B2F,500x600,1.56
500X600-B2F-DONG-1007,500X600,보(X),DONG,B2F,500x600,1.56
500X600-B2F-DONG-1008,500X600,보(X),DONG,B2F,500x600,1.545
500X600-B2F-DONG-1009,500X600,보(X),DONG,B2F,500x600,1.56
400X800-B2F-DONG-0177,400X800,보(Y),DONG,B2F,400x800,1.52
500X600-B2F-DONG-1010,500X600,보(Y),DONG,B2F,500x600,2.19
500X600-B2F-DONG-1011,500X600,보(Y),DONG,B2F,500x600,2.4
500X600-B2F-DONG-1012,500X600,보(Y),DONG,B2F,500x600,2.4
500X600-B2F-DONG-1013,500X600,보(Y),DONG,B2F,500x600,1.425
500X600-B2F-DONG-1014,500X600,보(Y),DONG,B2F,500x600,0.885
500X600-B2F-DONG-1015,500X600,보(X),DONG,B2F,500x600,2.07
500X600-B2F-DONG-1016,500X600,보(X),DONG,B2F,500x600,2.1
500X600-B2F-DONG-1017,500X600,보(X),DONG,B2F,500x600,1.53
500X600-B2F-DONG-1018,500X600,보(X),DONG,B2F,500x600,1.56
500X600-B2F-DONG-1019,500X600,보(X),DONG,B2F,500x600,2.4462
500X600-B2F-DONG-1020,500X600,보(X),DONG,B2F,500x600,2.4612
500X600-B2F-DONG-1021,500X600,보(Y),DONG,B2F,500x600,0.885
500X600-B2F-DONG-1022,500X600,보(Y),DONG,B2F,500x600,0.885
500X600-B2F-DONG-1023,500X600,보(Y),DONG,B2F,500x600,0.885
500X600-B2F-DONG-1024,500X600,보(Y),DONG,B2F,500x600,0.885
500X600-B2F-DONG-1025,500X600,보(Y),DONG,B2F,500x600,0.963
500X600-B2F-DONG-1026,500X600,보(Y),DONG,B2F,500x600,0.963
500X600-B2F-DONG-1027,500X600,보(X),DONG,B2F,500x600,1.65
500X600-B2F-DONG-1028,500X600,보(X),DONG,B2F,500x600,1.65
500X600-B2F-DONG-1029,500X600,보(X),DONG,B2F,500x600,0.5843
500X600-B2F-DONG-1030,500X600,보(X),DONG,B2F,500x600,0.6042
500X600-B2F-DONG-1031,500X600,보(Y),DONG,B2F,500x600,0.3811
500X600-B2F-DONG-1032,500X600,보(X),DONG,B2F,500x600,1.455
500X600-B2F-DONG-1033,500X600,보(X),DONG,B2F,500x600,1.455
500X600-B2F-DONG-1034,500X600,보(X),DONG,B2F,500x600,1.4269
500X600-B2F-DONG-1035,500X600,보(X),DONG,B2F,500x600,1.397
500X600-B2F-DONG-1036,500X600,보(X),DONG,B2F,500x600,1.65
500X600-B2F-DONG-1037,500X600,보(X),DONG,B2F,500x600,1.65
500X600-B2F-DONG-1038,500X600,보(X),DONG,B2F,500x600,2.4
500X600-B2F-DONG-1039,500X600,보(X),DONG,B2F,500x600,2.4
500X600-B2F-DONG-1040,500X600,보(Y),DONG,B2F,500x600,2.79
500X600-B2F-DONG-1041,500X600,보(Y),DONG,B2F,500x600,2.79
500X600-B2F-DONG-1042,500X600,보(Y),DONG,B2F,500x600,2.1
500X600-B2F-DONG-1043,500X600,보(Y),DONG,B2F,500x600,2.1
500X600-B2F-DONG-1044,500X600,보(X),DONG,B2F,500x600,1.7103
500X600-B2F-DONG-1045,500X600,보(X),DONG,B2F,500x600,1.7103
500X600-B2F-DONG-1046,500X600,보(X),DONG,B2F,500x600,2.4007
500X600-B2F-DONG-1047,500X600,보(X),DONG,B2F,500x600,2.4007
500X600-B2F-DONG-1048,500X600,보(Y),DONG,B2F,500x600,1.2146
500X600-B2F-DONG-1049,500X600,보(Y),DONG,B2F,500x600,1.2037
500X600-B2F-DONG-1050,500X600,보(X),DONG,B2F,500x600,1.4262
500X600-B2F-DONG-1051,500X600,보(X),DONG,B2F,500x600,1.4023
500X600-B2F-DONG-1052,500X600,보(Y),DONG,B2F,500x600,2.04
500X600-B2F-DONG-1053,500X600,보(Y),DONG,B2F,500x600,2.04
500X600-B2F-DONG-1054,500X600,보(Y),DONG,B2F,500x600,1.905
500X600-B2F-DONG-1055,500X600,보(Y),DONG,B2F,500x600,1.68
400X800-B2F-DONG-0178,400X800,보(X),DONG,B2F,400x800,2.4946
400X800-B2F-DONG-0179,400X800,보(X),DONG,B2F,400x800,2.304
400X800-B2F-DONG-0180,400X800,보(Y),DONG,B2F,400x800,0.3736
400X800-B2F-DONG-0181,400X800,보(X),DONG,B2F,400x800,1.3318
700X900-B2F-DONG-0010,700X900,보(X),DONG,B2F,700x900,2.5567
500X900-B2F-DONG-0017,500X900,보(Y),DONG,B2F,500x900,3.7137
500X600-B2F-DONG-1056,500X600,보(Y),DONG,B2F,500x600,2.1208
600X2000-B2F-DONG-0001,600X2000,보(X),DONG,B2F,600x2000,3.3263
600X2000-B2F-DONG-0002,600X2000,보(X),DONG,B2F,600x2000,3.3263
400X800-B2F-DONG-0182,400X800,보(Y),DONG,B2F,400x800,0.416
600X900_EST-B2F-DONG-0007,600X900_EST,보(X),DONG,B2F,600x900,12.528
600X900_EST-B2F-DONG-0008,600X900_EST,보(X),DONG,B2F,600x900,4.347
500X600-B2F-DONG-1057,500X600,보(Y),DONG,B2F,500x600,1.23
400X800-B2F-DONG-0183,400X800,보(Y),DONG,B2F,400x800,0.96
400X900_EST-B2F-DONG-0032,400X900_EST,보(X),DONG,B2F,400x900,2.25
600X900_EST-B2F-DONG-0009,600X900_EST,보(X),DONG,B2F,600x900,4.266
700X900-B2F-DONG-0011,700X900,보(Y),DONG,B2F,700x900,6.4257
400X800-B2F-DONG-0184,400X800,보(X),DONG,B2F,400x800,1.364
400X800-B2F-DONG-0185,400X800,보(Y),DONG,B2F,400x800,1.961
400X800-B2F-DONG-0186,400X800,보(X),DONG,B2F,400x800,1.1641
700X900-B2F-DONG-0012,700X900,보(Y),DONG,B2F,700x900,3.4074
500X600-B2F-DONG-1058,500X600,보(X),DONG,B2F,500x600,0.9019
500X600-B2F-DONG-1059,500X600,보(X),DONG,B2F,500x600,0.9393
900X900-B2F-DONG-0008,900X900,보(Y),DONG,B2F,900x900,6.237
500X600-B2F-DONG-1060,500X600,보(X),DONG,B2F,500x600,2.337
500X600-B2F-DONG-1061,500X600,보(X),DONG,B2F,500x600,2.337
400X800-B2F-DONG-0187,400X800,보(Y),DONG,B2F,400x800,0.6984
400X800-B2F-DONG-0188,400X800,보(X),DONG,B2F,400x800,10.509
1000X900-B2F-DONG-0001,1000X900,보(X),DONG,B2F,1000x900,7.2256
400X900-B2F-DONG-0004,400X900,보(Y),DONG,B2F,400x900,14.8483
400X800-B2F-DONG-0189,400X800,보(X),DONG,B2F,400x800,1.84
400X800-B2F-DONG-0190,400X800,보(X),DONG,B2F,400x800,1.824
400X800-B2F-DONG-0191,400X800,보(X),DONG,B2F,400x800,1.664
500X700-B2F-DONG-0011,500X700,보(X),DONG,B2F,500x700,1.995
400X800-B2F-DONG-0192,400X800,보(Y),DONG,B2F,400x800,0.8064
400X800-B2F-DONG-0193,400X800,보(Y),DONG,B2F,400x800,0.9664
400X800-B2F-DONG-0194,400X800,보(X),DONG,B2F,400x800,1.632
400X800-B2F-DONG-0195,400X800,보(Y),DONG,B2F,400x800,0.9664
400X800-B2F-DONG-0196,400X800,보(Y),DONG,B2F,400x800,0.9664
500X700-B2F-DONG-0012,500X700,보(X),DONG,B2F,500x700,2.1525
500X700-B2F-DONG-0013,500X700,보(Y),DONG,B2F,500x700,0.6825
600X900_EST-B2F-DONG-0010,600X900_EST,보(Y),DONG,B2F,600x900,5.1354
400X800-B2F-DONG-0197,400X800,보(X),DONG,B2F,400x800,5.568
400X800-B2F-DONG-0198,400X800,보(Y),DONG,B2F,400x800,1.5336
400X800-B2F-DONG-0199,400X800,보(Y),DONG,B2F,400x800,1.3199
400X800-B2F-DONG-0200,400X800,보(X),DONG,B2F,400x800,1.9268
600X900-B2F-DONG-0020,600X900,보(Y),DONG,B2F,600x900,2.9065
400X800-B2F-DONG-0201,400X800,보(X),DONG,B2F,400x800,2.2907
400X800-B2F-DONG-0202,400X800,보(X),DONG,B2F,400x800,2.3306
400X900_EST-B2F-DONG-0033,400X900_EST,보(X),DONG,B2F,400x900,2.196
400X900_EST-B2F-DONG-0034,400X900_EST,보(X),DONG,B2F,400x900,2.376
400X900_EST-B2F-DONG-0035,400X900_EST,보(Y),DONG,B2F,400x900,0.954
1100X900-B2F-DONG-0001,1100X900,보(X),DONG,B2F,1100x900,4.9597
1100X900-B2F-DONG-0002,1100X900,보(X),DONG,B2F,1100x900,2.5247
500X600-B2F-DONG-1062,500X600,보(Y),DONG,B2F,500x600,0.756
400X800-B2F-DONG-0203,400X800,보(Y),DONG,B2F,400x800,3.4272
400X800-B2F-DONG-0204,400X800,보(Y),DONG,B2F,400x800,3.1072
400X800-B2F-DONG-0205,400X800,보(Y),DONG,B2F,400x800,0.848
400X900_EST-B2F-DONG-0036,400X900_EST,보(X),DONG,B2F,400x900,0.6633
500X600-B2F-DONG-1063,500X600,보(Y),DONG,B2F,500x600,0.3274
400X900_EST-B2F-DONG-0037,400X900_EST,보(Y),DONG,B2F,400x900,0.72
400X800-B2F-DONG-0206,400X800,보(Y),DONG,B2F,400x800,1.4592
400X800-B2F-DONG-0207,400X800,보(Y),DONG,B2F,400x800,1.5039
500X600-B2F-DONG-1064,500X600,보(Y),DONG,B2F,500x600,0.337
500X600-B2F-DONG-1065,500X600,보(X),DONG,B2F,500x600,1.485
600X900-B2F-DONG-0021,600X900,보(Y),DONG,B2F,600x900,2.916
400X800-B2F-DONG-0208,400X800,보(Y),DONG,B2F,400x800,1.5959
400X800-B2F-DONG-0209,400X800,보(Y),DONG,B2F,400x800,1.4537
1100X900-B2F-DONG-0003,1100X900,보(X),DONG,B2F,1100x900,5.1503
700X900-B2F-DONG-0013,700X900,보(Y),DONG,B2F,700x900,2.4356
500X600-B2F-DONG-1066,500X600,보(X),DONG,B2F,500x600,0.693
400X800-B2F-DONG-0210,400X800,보(Y),DONG,B2F,400x800,0.224
700X600-B2F-DONG-0048,700X600,보(X),DONG,B2F,700x600,3.318
400X800-B2F-DONG-0211,400X800,보(Y),DONG,B2F,400x800,0.224
400X800-B2F-DONG-0212,400X800,보(Y),DONG,B2F,400x800,0.224
700X600-B2F-DONG-0049,700X600,보(X),DONG,B2F,700x600,2.415
400X800-B2F-DONG-0213,400X800,보(Y),DONG,B2F,400x800,0.224
400X800-B2F-DONG-0214,400X800,보(Y),DONG,B2F,400x800,0.224
700X600-B2F-DONG-0050,700X600,보(X),DONG,B2F,700x600,2.184
400X800-B2F-DONG-0215,400X800,보(Y),DONG,B2F,400x800,0.224
400X800-B2F-DONG-0216,400X800,보(Y),DONG,B2F,400x800,0.224
700X600-B2F-DONG-0051,700X600,보(X),DONG,B2F,700x600,2.142
400X800-B2F-DONG-0217,400X800,보(Y),DONG,B2F,400x800,0.224
400X800-B2F-DONG-0218,400X800,보(Y),DONG,B2F,400x800,0.224
700X600-B2F-DONG-0052,700X600,보(X),DONG,B2F,700x600,3.276
400X800-B2F-DONG-0219,400X800,보(Y),DONG,B2F,400x800,0.224
400X800-B2F-DONG-0220,400X800,보(Y),DONG,B2F,400x800,0.224
700X600-B2F-DONG-0053,700X600,보(X),DONG,B2F,700x600,3.318
400X800-B2F-DONG-0221,400X800,보(Y),DONG,B2F,400x800,0.224
500X600-B2F-DONG-1067,500X600,보(Y),DONG,B2F,500x600,0.21
700X600-B2F-DONG-0054,700X600,보(X),DONG,B2F,700x600,2.415
400X800-B2F-DONG-0222,400X800,보(Y),DONG,B2F,400x800,0.224
500X600-B2F-DONG-1068,500X600,보(Y),DONG,B2F,500x600,0.21
700X600-B2F-DONG-0055,700X600,보(X),DONG,B2F,700x600,2.184
500X600-B2F-DONG-1069,500X600,보(Y),DONG,B2F,500x600,0.21
400X800-B2F-DONG-0223,400X800,보(Y),DONG,B2F,400x800,0.224
700X600-B2F-DONG-0056,700X600,보(X),DONG,B2F,700x600,2.142
400X800-B2F-DONG-0224,400X800,보(Y),DONG,B2F,400x800,0.224
400X800-B2F-DONG-0225,400X800,보(Y),DONG,B2F,400x800,0.224
700X600-B2F-DONG-0057,700X600,보(X),DONG,B2F,700x600,3.276
400X800-B2F-DONG-0226,400X800,보(Y),DONG,B2F,400x800,0.224
400X800-B2F-DONG-0227,400X800,보(X),DONG,B2F,400x800,0.224
700X600-B2F-DONG-0058,700X600,보(Y),DONG,B2F,700x600,3.066
400X800-B2F-DONG-0228,400X800,보(X),DONG,B2F,400x800,0.224
400X800-B2F-DONG-0229,400X800,보(X),DONG,B2F,400x800,0.224
700X600-B2F-DONG-0059,700X600,보(Y),DONG,B2F,700x600,3.066
400X800-B2F-DONG-0230,400X800,보(X),DONG,B2F,400x800,0.224
700X600-B2F-DONG-0060,700X600,보(X),DONG,B2F,700x600,0.294
700X600-B2F-DONG-0061,700X600,보(Y),DONG,B2F,700x600,1.428
400X800-B2F-DONG-0231,400X800,보(X),DONG,B2F,400x800,0.224
700X600-B2F-DONG-0062,700X600,보(X),DONG,B2F,700x600,0.294
700X600-B2F-DONG-0063,700X600,보(Y),DONG,B2F,700x600,1.428
400X800-B2F-DONG-0232,400X800,보(X),DONG,B2F,400x800,0.224
400X800-B2F-DONG-0233,400X800,보(X),DONG,B2F,400x800,0.224
700X600-B2F-DONG-0064,700X600,보(Y),DONG,B2F,700x600,3.318
400X800-B2F-DONG-0234,400X800,보(X),DONG,B2F,400x800,0.224
400X800-B2F-DONG-0235,400X800,보(X),DONG,B2F,400x800,0.224
700X600-B2F-DONG-0065,700X600,보(Y),DONG,B2F,700x600,3.192
400X800-B2F-DONG-0236,400X800,보(X),DONG,B2F,400x800,0.224
400X800-B2F-DONG-0237,400X800,보(X),DONG,B2F,400x800,0.224
700X600-B2F-DONG-0066,700X600,보(Y),DONG,B2F,700x600,3.276
400X800-B2F-DONG-0238,400X800,보(X),DONG,B2F,400x800,0.224
700X600-B2F-DONG-0067,700X600,보(X),DONG,B2F,700x600,0.294
700X600-B2F-DONG-0068,700X600,보(Y),DONG,B2F,700x600,1.407
400X800-B2F-DONG-0239,400X800,보(X),DONG,B2F,400x800,0.224
700X600-B2F-DONG-0069,700X600,보(X),DONG,B2F,700x600,0.294
700X600-B2F-DONG-0070,700X600,보(Y),DONG,B2F,700x600,1.407
400X800-B2F-DONG-0240,400X800,보(X),DONG,B2F,400x800,0.224
400X800-B2F-DONG-0241,400X800,보(X),DONG,B2F,400x800,0.224
700X600-B2F-DONG-0071,700X600,보(Y),DONG,B2F,700x600,3.108
400X800-B2F-DONG-0242,400X800,보(X),DONG,B2F,400x800,0.224
400X800-B2F-DONG-0243,400X800,보(X),DONG,B2F,400x800,0.224
700X600-B2F-DONG-0072,700X600,보(Y),DONG,B2F,700x600,3.108
400X800-B2F-DONG-0244,400X800,보(X),DONG,B2F,400x800,0.224
400X800-B2F-DONG-0245,400X800,보(X),DONG,B2F,400x800,0.224
700X600-B2F-DONG-0073,700X600,보(Y),DONG,B2F,700x600,3.108
400X800-B2F-DONG-0246,400X800,보(X),DONG,B2F,400x800,0.224
400X800-B2F-DONG-0247,400X800,보(X),DONG,B2F,400x800,0.224
700X600-B2F-DONG-0074,700X600,보(Y),DONG,B2F,700x600,3.108
400X800-B2F-DONG-0248,400X800,보(X),DONG,B2F,400x800,0.224
400X800-B2F-DONG-0249,400X800,보(X),DONG,B2F,400x800,0.224
700X600-B2F-DONG-0075,700X600,보(Y),DONG,B2F,700x600,3.108
400X800-B2F-DONG-0250,400X800,보(X),DONG,B2F,400x800,0.224
400X800-B2F-DONG-0251,400X800,보(X),DONG,B2F,400x800,0.224
700X600-B2F-DONG-0076,700X600,보(Y),DONG,B2F,700x600,3.108
400X800-B2F-DONG-0252,400X800,보(X),DONG,B2F,400x800,0.224
400X800-B2F-DONG-0253,400X800,보(X),DONG,B2F,400x800,0.224
700X600-B2F-DONG-0077,700X600,보(Y),DONG,B2F,700x600,3.108
400X800-B2F-DONG-0254,400X800,보(X),DONG,B2F,400x800,0.224
400X800-B2F-DONG-0255,400X800,보(X),DONG,B2F,400x800,0.224
700X600-B2F-DONG-0078,700X600,보(Y),DONG,B2F,700x600,3.108
400X800-B2F-DONG-0256,400X800,보(X),DONG,B2F,400x800,0.224
400X800-B2F-DONG-0257,400X800,보(X),DONG,B2F,400x800,0.224
700X600-B2F-DONG-0079,700X600,보(Y),DONG,B2F,700x600,3.192
400X800-B2F-DONG-0258,400X800,보(X),DONG,B2F,400x800,0.224
400X800-B2F-DONG-0259,400X800,보(X),DONG,B2F,400x800,0.224
700X600-B2F-DONG-0080,700X600,보(Y),DONG,B2F,700x600,3.108
400X800-B2F-DONG-0260,400X800,보(X),DONG,B2F,400x800,0.224
400X800-B2F-DONG-0261,400X800,보(X),DONG,B2F,400x800,0.224
700X600-B2F-DONG-0081,700X600,보(Y),DONG,B2F,700x600,3.108
400X800-B2F-DONG-0262,400X800,보(X),DONG,B2F,400x800,0.224
400X800-B2F-DONG-0263,400X800,보(X),DONG,B2F,400x800,0.224
700X600-B2F-DONG-0082,700X600,보(Y),DONG,B2F,700x600,3.108
400X800-B2F-DONG-0264,400X800,보(X),DONG,B2F,400x800,0.224
400X800-B2F-DONG-0265,400X800,보(X),DONG,B2F,400x800,0.224
700X600-B2F-DONG-0083,700X600,보(Y),DONG,B2F,700x600,3.108
400X800-B2F-DONG-0266,400X800,보(X),DONG,B2F,400x800,0.224
400X800-B2F-DONG-0267,400X800,보(X),DONG,B2F,400x800,0.224
700X600-B2F-DONG-0084,700X600,보(Y),DONG,B2F,700x600,3.276
400X800-B2F-DONG-0268,400X800,보(X),DONG,B2F,400x800,0.224
400X800-B2F-DONG-0269,400X800,보(X),DONG,B2F,400x800,0.224
700X600-B2F-DONG-0085,700X600,보(Y),DONG,B2F,700x600,3.108
400X800-B2F-DONG-0270,400X800,보(X),DONG,B2F,400x800,0.224
400X800-B2F-DONG-0271,400X800,보(X),DONG,B2F,400x800,0.224
700X600-B2F-DONG-0086,700X600,보(Y),DONG,B2F,700x600,3.108
400X800-B2F-DONG-0272,400X800,보(X),DONG,B2F,400x800,0.224
400X800-B2F-DONG-0273,400X800,보(X),DONG,B2F,400x800,0.224
700X600-B2F-DONG-0087,700X600,보(Y),DONG,B2F,700x600,3.108
400X800-B2F-DONG-0274,400X800,보(X),DONG,B2F,400x800,0.224
400X800-B2F-DONG-0275,400X800,보(X),DONG,B2F,400x800,0.224
700X600-B2F-DONG-0088,700X600,보(Y),DONG,B2F,700x600,3.108
400X800-B2F-DONG-0276,400X800,보(X),DONG,B2F,400x800,0.224
400X800-B2F-DONG-0277,400X800,보(X),DONG,B2F,400x800,0.224
700X600-B2F-DONG-0089,700X600,보(Y),DONG,B2F,700x600,3.192
400X800-B2F-DONG-0278,400X800,보(X),DONG,B2F,400x800,0.224
400X800-B2F-DONG-0279,400X800,보(X),DONG,B2F,400x800,0.224
700X600-B2F-DONG-0090,700X600,보(Y),DONG,B2F,700x600,3.192
400X800-B2F-DONG-0280,400X800,보(X),DONG,B2F,400x800,0.224
400X800-B2F-DONG-0281,400X800,보(X),DONG,B2F,400x800,0.224
700X600-B2F-DONG-0091,700X600,보(Y),DONG,B2F,700x600,3.276
400X800-B2F-DONG-0282,400X800,보(X),DONG,B2F,400x800,0.224
400X800-B2F-DONG-0283,400X800,보(X),DONG,B2F,400x800,0.224
700X600-B2F-DONG-0092,700X600,보(Y),DONG,B2F,700x600,1.3188
400X800-B2F-DONG-0284,400X800,보(X),DONG,B2F,400x800,0.224
700X600-B2F-DONG-0093,700X600,보(X),DONG,B2F,700x600,0.294
700X600-B2F-DONG-0094,700X600,보(Y),DONG,B2F,700x600,1.2348
400X800-B2F-DONG-0285,400X800,보(X),DONG,B2F,400x800,0.224
700X600-B2F-DONG-0095,700X600,보(X),DONG,B2F,700x600,0.294
700X600-B2F-DONG-0096,700X600,보(Y),DONG,B2F,700x600,1.234
400X800-B2F-DONG-0286,400X800,보(X),DONG,B2F,400x800,0.224
400X800-B2F-DONG-0287,400X800,보(X),DONG,B2F,400x800,0.224
700X600-B2F-DONG-0097,700X600,보(Y),DONG,B2F,700x600,3.36
400X800-B2F-DONG-0288,400X800,보(X),DONG,B2F,400x800,0.224
400X800-B2F-DONG-0289,400X800,보(X),DONG,B2F,400x800,0.224
700X600-B2F-DONG-0098,700X600,보(Y),DONG,B2F,700x600,3.36
400X800-B2F-DONG-0290,400X800,보(X),DONG,B2F,400x800,0.224
400X800-B2F-DONG-0291,400X800,보(X),DONG,B2F,400x800,0.224
700X600-B2F-DONG-0099,700X600,보(Y),DONG,B2F,700x600,3.3608
400X800-B2F-DONG-0292,400X800,보(X),DONG,B2F,400x800,0.224
400X800-B2F-DONG-0293,400X800,보(X),DONG,B2F,400x800,0.224
700X600-B2F-DONG-0100,700X600,보(Y),DONG,B2F,700x600,2.1831
400X800-B2F-DONG-0294,400X800,보(X),DONG,B2F,400x800,0.224
400X800-B2F-DONG-0295,400X800,보(X),DONG,B2F,400x800,0.224
700X600-B2F-DONG-0101,700X600,보(Y),DONG,B2F,700x600,2.0151
400X800-B2F-DONG-0296,400X800,보(X),DONG,B2F,400x800,0.224
400X800-B2F-DONG-0297,400X800,보(X),DONG,B2F,400x800,0.224
700X600-B2F-DONG-0102,700X600,보(Y),DONG,B2F,700x600,3.1929
400X800-B2F-DONG-0298,400X800,보(X),DONG,B2F,400x800,0.224
400X800-B2F-DONG-0299,400X800,보(X),DONG,B2F,400x800,0.224
700X600-B2F-DONG-0103,700X600,보(Y),DONG,B2F,700x600,3.108
400X800-B2F-DONG-0300,400X800,보(X),DONG,B2F,400x800,0.224
400X800-B2F-DONG-0301,400X800,보(X),DONG,B2F,400x800,0.224
700X600-B2F-DONG-0104,700X600,보(Y),DONG,B2F,700x600,1.8891
400X800-B2F-DONG-0302,400X800,보(X),DONG,B2F,400x800,0.224
400X800-B2F-DONG-0303,400X800,보(X),DONG,B2F,400x800,0.224
700X600-B2F-DONG-0105,700X600,보(Y),DONG,B2F,700x600,1.8471
400X800-B2F-DONG-0304,400X800,보(X),DONG,B2F,400x800,0.224
400X800-B2F-DONG-0305,400X800,보(X),DONG,B2F,400x800,0.224
700X600-B2F-DONG-0106,700X600,보(Y),DONG,B2F,700x600,3.108
400X800-B2F-DONG-0306,400X800,보(X),DONG,B2F,400x800,0.224
400X800-B2F-DONG-0307,400X800,보(X),DONG,B2F,400x800,0.224
700X600-B2F-DONG-0107,700X600,보(Y),DONG,B2F,700x600,3.276
400X800-B2F-DONG-0308,400X800,보(X),DONG,B2F,400x800,0.224
400X800-B2F-DONG-0309,400X800,보(X),DONG,B2F,400x800,0.224
700X600-B2F-DONG-0108,700X600,보(Y),DONG,B2F,700x600,3.108
400X800-B2F-DONG-0310,400X800,보(X),DONG,B2F,400x800,0.224
400X700-B2F-DONG-0003,400X700,보(X),DONG,B2F,400x700,0.196
700X600-B2F-DONG-0109,700X600,보(Y),DONG,B2F,700x600,3.108
400X800-B2F-DONG-0311,400X800,보(X),DONG,B2F,400x800,0.224
400X800-B2F-DONG-0312,400X800,보(X),DONG,B2F,400x800,0.224
700X600-B2F-DONG-0110,700X600,보(Y),DONG,B2F,700x600,3.108
400X800-B2F-DONG-0313,400X800,보(X),DONG,B2F,400x800,0.224
400X800-B2F-DONG-0314,400X800,보(X),DONG,B2F,400x800,0.224
700X600-B2F-DONG-0111,700X600,보(Y),DONG,B2F,700x600,3.318
400X800-B2F-DONG-0315,400X800,보(X),DONG,B2F,400x800,0.224
400X800-B2F-DONG-0316,400X800,보(X),DONG,B2F,400x800,0.224
700X600-B2F-DONG-0112,700X600,보(Y),DONG,B2F,700x600,3.318
400X800-B2F-DONG-0317,400X800,보(X),DONG,B2F,400x800,0.224
400X800-B2F-DONG-0318,400X800,보(X),DONG,B2F,400x800,0.224
700X600-B2F-DONG-0113,700X600,보(Y),DONG,B2F,700x600,3.108
400X800-B2F-DONG-0319,400X800,보(X),DONG,B2F,400x800,0.224
400X800-B2F-DONG-0320,400X800,보(X),DONG,B2F,400x800,0.224
700X600-B2F-DONG-0114,700X600,보(Y),DONG,B2F,700x600,3.318
400X800-B2F-DONG-0321,400X800,보(X),DONG,B2F,400x800,0.224
400X800-B2F-DONG-0322,400X800,보(X),DONG,B2F,400x800,0.224
700X600-B2F-DONG-0115,700X600,보(Y),DONG,B2F,700x600,3.3171
400X800-B2F-DONG-0323,400X800,보(X),DONG,B2F,400x800,0.224
400X800-B2F-DONG-0324,400X800,보(X),DONG,B2F,400x800,0.224
700X600-B2F-DONG-0116,700X600,보(Y),DONG,B2F,700x600,3.108
400X800-B2F-DONG-0325,400X800,보(X),DONG,B2F,400x800,0.224
400X800-B2F-DONG-0326,400X800,보(X),DONG,B2F,400x800,0.224
700X600-B2F-DONG-0117,700X600,보(Y),DONG,B2F,700x600,3.318
400X800-B2F-DONG-0327,400X800,보(X),DONG,B2F,400x800,0.224
400X800-B2F-DONG-0328,400X800,보(X),DONG,B2F,400x800,0.224
700X600-B2F-DONG-0118,700X600,보(Y),DONG,B2F,700x600,3.3171
400X800-B2F-DONG-0329,400X800,보(X),DONG,B2F,400x800,0.224
400X800-B2F-DONG-0330,400X800,보(X),DONG,B2F,400x800,0.224
700X600-B2F-DONG-0119,700X600,보(Y),DONG,B2F,700x600,3.108
400X800-B2F-DONG-0331,400X800,보(X),DONG,B2F,400x800,0.224
400X800-B2F-DONG-0332,400X800,보(X),DONG,B2F,400x800,0.224
700X600-B2F-DONG-0120,700X600,보(Y),DONG,B2F,700x600,3.318
400X800-B2F-DONG-0333,400X800,보(X),DONG,B2F,400x800,0.224
400X800-B2F-DONG-0334,400X800,보(X),DONG,B2F,400x800,0.224
700X600-B2F-DONG-0121,700X600,보(Y),DONG,B2F,700x600,3.3171
400X800-B2F-DONG-0335,400X800,보(X),DONG,B2F,400x800,0.224
400X800-B2F-DONG-0336,400X800,보(X),DONG,B2F,400x800,0.224
700X600-B2F-DONG-0122,700X600,보(Y),DONG,B2F,700x600,3.108
400X800-B2F-DONG-0337,400X800,보(X),DONG,B2F,400x800,0.224
400X800-B2F-DONG-0338,400X800,보(X),DONG,B2F,400x800,0.224
700X600-B2F-DONG-0123,700X600,보(Y),DONG,B2F,700x600,3.318
400X800-B2F-DONG-0339,400X800,보(X),DONG,B2F,400x800,0.224
400X800-B2F-DONG-0340,400X800,보(X),DONG,B2F,400x800,0.224
700X600-B2F-DONG-0124,700X600,보(Y),DONG,B2F,700x600,3.3171
400X800-B2F-DONG-0341,400X800,보(X),DONG,B2F,400x800,0.224
400X800-B2F-DONG-0342,400X800,보(X),DONG,B2F,400x800,0.224
700X600-B2F-DONG-0125,700X600,보(Y),DONG,B2F,700x600,3.108
400X800-B2F-DONG-0343,400X800,보(X),DONG,B2F,400x800,0.224
400X800-B2F-DONG-0344,400X800,보(X),DONG,B2F,400x800,0.224
700X600-B2F-DONG-0126,700X600,보(Y),DONG,B2F,700x600,3.318
400X800-B2F-DONG-0345,400X800,보(X),DONG,B2F,400x800,0.224
400X800-B2F-DONG-0346,400X800,보(X),DONG,B2F,400x800,0.224
700X600-B2F-DONG-0127,700X600,보(Y),DONG,B2F,700x600,3.3171
400X800-B2F-DONG-0347,400X800,보(X),DONG,B2F,400x800,0.224
400X800-B2F-DONG-0348,400X800,보(X),DONG,B2F,400x800,0.224
700X600-B2F-DONG-0128,700X600,보(Y),DONG,B2F,700x600,3.108
400X800-B2F-DONG-0349,400X800,보(X),DONG,B2F,400x800,0.224
400X800-B2F-DONG-0350,400X800,보(X),DONG,B2F,400x800,0.224
700X600-B2F-DONG-0129,700X600,보(Y),DONG,B2F,700x600,3.318
400X800-B2F-DONG-0351,400X800,보(X),DONG,B2F,400x800,0.224
400X800-B2F-DONG-0352,400X800,보(X),DONG,B2F,400x800,0.224
700X600-B2F-DONG-0130,700X600,보(Y),DONG,B2F,700x600,3.3171
400X800-B2F-DONG-0353,400X800,보(X),DONG,B2F,400x800,0.224
400X800-B2F-DONG-0354,400X800,보(X),DONG,B2F,400x800,0.224
700X600-B2F-DONG-0131,700X600,보(Y),DONG,B2F,700x600,3.276
400X800-B2F-DONG-0355,400X800,보(X),DONG,B2F,400x800,0.224
400X700-B2F-DONG-0004,400X700,보(X),DONG,B2F,400x700,0.196
700X600-B2F-DONG-0132,700X600,보(Y),DONG,B2F,700x600,3.486
400X800-B2F-DONG-0356,400X800,보(X),DONG,B2F,400x800,0.224
400X800-B2F-DONG-0357,400X800,보(X),DONG,B2F,400x800,0.224
700X600-B2F-DONG-0133,700X600,보(Y),DONG,B2F,700x600,3.3171
400X800-B2F-DONG-0358,400X800,보(X),DONG,B2F,400x800,0.224
400X800-B2F-DONG-0359,400X800,보(X),DONG,B2F,400x800,0.224
700X600-B2F-DONG-0134,700X600,보(Y),DONG,B2F,700x600,3.3171
400X800-B2F-DONG-0360,400X800,보(X),DONG,B2F,400x800,0.224
400X800-B2F-DONG-0361,400X800,보(X),DONG,B2F,400x800,0.224
700X600-B2F-DONG-0135,700X600,보(Y),DONG,B2F,700x600,3.3189
400X800-B2F-DONG-0362,400X800,보(X),DONG,B2F,400x800,0.224
700X600-B2F-DONG-0136,700X600,보(Y),DONG,B2F,700x600,0.294
700X600-B2F-DONG-0137,700X600,보(X),DONG,B2F,700x600,1.26
400X800-B2F-DONG-0363,400X800,보(Y),DONG,B2F,400x800,0.224
400X800-B2F-DONG-0364,400X800,보(Y),DONG,B2F,400x800,0.224
700X600-B2F-DONG-0138,700X600,보(X),DONG,B2F,700x600,2.52
400X800-B2F-DONG-0365,400X800,보(Y),DONG,B2F,400x800,0.224
400X800-B2F-DONG-0366,400X800,보(Y),DONG,B2F,400x800,0.224
700X600-B2F-DONG-0139,700X600,보(X),DONG,B2F,700x600,3.3642
400X800-B2F-DONG-0367,400X800,보(Y),DONG,B2F,400x800,0.224
400X800-B2F-DONG-0368,400X800,보(Y),DONG,B2F,400x800,0.224
700X600-B2F-DONG-0140,700X600,보(X),DONG,B2F,700x600,2.6838
400X800-B2F-DONG-0369,400X800,보(Y),DONG,B2F,400x800,0.224
400X800-B2F-DONG-0370,400X800,보(Y),DONG,B2F,400x800,0.224
700X600-B2F-DONG-0141,700X600,보(X),DONG,B2F,700x600,3.276
400X800-B2F-DONG-0371,400X800,보(Y),DONG,B2F,400x800,0.224
400X800-B2F-DONG-0372,400X800,보(Y),DONG,B2F,400x800,0.224
700X600-B2F-DONG-0142,700X600,보(X),DONG,B2F,700x600,3.276
400X800-B2F-DONG-0373,400X800,보(Y),DONG,B2F,400x800,0.224
400X800-B2F-DONG-0374,400X800,보(Y),DONG,B2F,400x800,0.224
700X600-B2F-DONG-0143,700X600,보(X),DONG,B2F,700x600,3.276
400X800-B2F-DONG-0375,400X800,보(Y),DONG,B2F,400x800,0.224
400X800-B2F-DONG-0376,400X800,보(Y),DONG,B2F,400x800,0.224
700X600-B2F-DONG-0144,700X600,보(X),DONG,B2F,700x600,3.276
400X800-B2F-DONG-0377,400X800,보(Y),DONG,B2F,400x800,0.224
400X800-B2F-DONG-0378,400X800,보(Y),DONG,B2F,400x800,0.224
700X600-B2F-DONG-0145,700X600,보(X),DONG,B2F,700x600,3.276
400X800-B2F-DONG-0379,400X800,보(Y),DONG,B2F,400x800,0.224
400X800-B2F-DONG-0380,400X800,보(Y),DONG,B2F,400x800,0.224
700X600-B2F-DONG-0146,700X600,보(X),DONG,B2F,700x600,3.276
400X800-B2F-DONG-0381,400X800,보(Y),DONG,B2F,400x800,0.224
400X800-B2F-DONG-0382,400X800,보(Y),DONG,B2F,400x800,0.224
700X600-B2F-DONG-0147,700X600,보(X),DONG,B2F,700x600,3.654
400X800-B2F-DONG-0383,400X800,보(Y),DONG,B2F,400x800,0.224
400X800-B2F-DONG-0384,400X800,보(Y),DONG,B2F,400x800,0.224
700X600-B2F-DONG-0148,700X600,보(X),DONG,B2F,700x600,3.318
400X800-B2F-DONG-0385,400X800,보(Y),DONG,B2F,400x800,0.224
400X800-B2F-DONG-0386,400X800,보(Y),DONG,B2F,400x800,0.224
700X600-B2F-DONG-0149,700X600,보(X),DONG,B2F,700x600,3.024
400X800-B2F-DONG-0387,400X800,보(Y),DONG,B2F,400x800,0.224
400X800-B2F-DONG-0388,400X800,보(X),DONG,B2F,400x800,0.224
700X600-B2F-DONG-0150,700X600,보(Y),DONG,B2F,700x600,2.436
400X800-B2F-DONG-0389,400X800,보(X),DONG,B2F,400x800,0.224
400X800-B2F-DONG-0390,400X800,보(X),DONG,B2F,400x800,0.224
700X600-B2F-DONG-0151,700X600,보(Y),DONG,B2F,700x600,2.268
400X800-B2F-DONG-0391,400X800,보(X),DONG,B2F,400x800,0.224
400X800-B2F-DONG-0392,400X800,보(X),DONG,B2F,400x800,0.224
700X600-B2F-DONG-0152,700X600,보(Y),DONG,B2F,700x600,2.268
400X800-B2F-DONG-0393,400X800,보(X),DONG,B2F,400x800,0.224
400X800-B2F-DONG-0394,400X800,보(X),DONG,B2F,400x800,0.224
700X600-B2F-DONG-0153,700X600,보(Y),DONG,B2F,700x600,3.276
400X800-B2F-DONG-0395,400X800,보(X),DONG,B2F,400x800,0.224
400X800-B2F-DONG-0396,400X800,보(X),DONG,B2F,400x800,0.224
700X600-B2F-DONG-0154,700X600,보(Y),DONG,B2F,700x600,3.192
400X800-B2F-DONG-0397,400X800,보(X),DONG,B2F,400x800,0.224
400X800-B2F-DONG-0398,400X800,보(X),DONG,B2F,400x800,0.224
700X600-B2F-DONG-0155,700X600,보(Y),DONG,B2F,700x600,3.108
400X800-B2F-DONG-0399,400X800,보(X),DONG,B2F,400x800,0.224
400X800-B2F-DONG-0400,400X800,보(X),DONG,B2F,400x800,0.224
700X600-B2F-DONG-0156,700X600,보(Y),DONG,B2F,700x600,3.276
400X800-B2F-DONG-0401,400X800,보(X),DONG,B2F,400x800,0.224
400X800-B2F-DONG-0402,400X800,보(X),DONG,B2F,400x800,0.224
700X600-B2F-DONG-0157,700X600,보(Y),DONG,B2F,700x600,3.276
400X800-B2F-DONG-0403,400X800,보(X),DONG,B2F,400x800,0.224
400X800-B2F-DONG-0404,400X800,보(X),DONG,B2F,400x800,0.224
700X600-B2F-DONG-0158,700X600,보(Y),DONG,B2F,700x600,3.276
400X800-B2F-DONG-0405,400X800,보(X),DONG,B2F,400x800,0.224
400X800-B2F-DONG-0406,400X800,보(X),DONG,B2F,400x800,0.224
900X900-B2F-DONG-0009,900X900,보(Y),DONG,B2F,900x900,6.318
400X800-B2F-DONG-0407,400X800,보(X),DONG,B2F,400x800,0.224
400X800-B2F-DONG-0408,400X800,보(X),DONG,B2F,400x800,0.224
700X600-B2F-DONG-0159,700X600,보(Y),DONG,B2F,700x600,3.192
900X900-B2F-DONG-0010,900X900,보(X),DONG,B2F,900x900,0.567
400X800-B2F-DONG-0409,400X800,보(X),DONG,B2F,400x800,0.224
700X600-B2F-DONG-0160,700X600,보(Y),DONG,B2F,700x600,3.108
400X800-B2F-DONG-0410,400X800,보(X),DONG,B2F,400x800,0.224
400X800-B2F-DONG-0411,400X800,보(X),DONG,B2F,400x800,0.224
700X600-B2F-DONG-0161,700X600,보(Y),DONG,B2F,700x600,3.192
400X800-B2F-DONG-0412,400X800,보(X),DONG,B2F,400x800,0.224
400X800-B2F-DONG-0413,400X800,보(X),DONG,B2F,400x800,0.224
800X900-B2F-DONG-0011,800X900,보(Y),DONG,B2F,800x900,5.472
400X800-B2F-DONG-0414,400X800,보(X),DONG,B2F,400x800,0.224
400X800-B2F-DONG-0415,400X800,보(X),DONG,B2F,400x800,0.224
700X600-B2F-DONG-0162,700X600,보(Y),DONG,B2F,700x600,3.108
400X800-B2F-DONG-0416,400X800,보(X),DONG,B2F,400x800,0.224
400X800-B2F-DONG-0417,400X800,보(X),DONG,B2F,400x800,0.224
500X900-B2F-DONG-0018,500X900,보(Y),DONG,B2F,500x900,3.42
400X800-B2F-DONG-0418,400X800,보(X),DONG,B2F,400x800,0.224
400X800-B2F-DONG-0419,400X800,보(X),DONG,B2F,400x800,0.4002
800X900-B2F-DONG-0012,800X900,보(Y),DONG,B2F,800x900,5.5616
400X800-B2F-DONG-0420,400X800,보(X),DONG,B2F,400x800,0.6067
400X800-B2F-DONG-0421,400X800,보(X),DONG,B2F,400x800,0.224
700X600-B2F-DONG-0163,700X600,보(Y),DONG,B2F,700x600,3.108
400X800-B2F-DONG-0422,400X800,보(X),DONG,B2F,400x800,0.224
400X800-B2F-DONG-0423,400X800,보(X),DONG,B2F,400x800,0.224
600X900-B2F-DONG-0022,600X900,보(Y),DONG,B2F,600x900,4.104
400X800-B2F-DONG-0424,400X800,보(X),DONG,B2F,400x800,0.224
400X800-B2F-DONG-0425,400X800,보(X),DONG,B2F,400x800,0.5612
700X600-B2F-DONG-0164,700X600,보(X),DONG,B2F,700x600,3.2131
400X800-B2F-DONG-0426,400X800,보(X),DONG,B2F,400x800,0.224
400X800-B2F-DONG-0427,400X800,보(X),DONG,B2F,400x800,0.224
900X900-B2F-DONG-0011,900X900,보(X),DONG,B2F,900x900,5.5774
400X800-B2F-DONG-0428,400X800,보(X),DONG,B2F,400x800,0.4205
700X600-B2F-DONG-0165,700X600,보(Y),DONG,B2F,700x600,2.7376
400X800-B2F-DONG-0429,400X800,보(X),DONG,B2F,400x800,0.224
400X800-B2F-DONG-0430,400X800,보(X),DONG,B2F,400x800,0.224
700X600-B2F-DONG-0166,700X600,보(Y),DONG,B2F,700x600,3.192
400X800-B2F-DONG-0431,400X800,보(X),DONG,B2F,400x800,0.224
400X800-B2F-DONG-0432,400X800,보(X),DONG,B2F,400x800,0.224
700X600-B2F-DONG-0167,700X600,보(Y),DONG,B2F,700x600,3.108
400X800-B2F-DONG-0433,400X800,보(X),DONG,B2F,400x800,0.224
400X800-B2F-DONG-0434,400X800,보(X),DONG,B2F,400x800,0.224
400X800-B2F-DONG-0435,400X800,보(Y),DONG,B2F,400x800,2.432
400X800-B2F-DONG-0436,400X800,보(X),DONG,B2F,400x800,0.224
400X800-B2F-DONG-0437,400X800,보(X),DONG,B2F,400x800,0.224
700X600-B2F-DONG-0168,700X600,보(Y),DONG,B2F,700x600,3.192
400X800-B2F-DONG-0438,400X800,보(X),DONG,B2F,400x800,0.224
400X800-B2F-DONG-0439,400X800,보(X),DONG,B2F,400x800,0.224
700X600-B2F-DONG-0169,700X600,보(Y),DONG,B2F,700x600,3.36
400X800-B2F-DONG-0440,400X800,보(X),DONG,B2F,400x800,0.224
400X800-B2F-DONG-0441,400X800,보(X),DONG,B2F,400x800,0.224
700X600-B2F-DONG-0170,700X600,보(Y),DONG,B2F,700x600,1.4699
700X600-B2F-DONG-0171,700X600,보(X),DONG,B2F,700x600,0.294
400X800-B2F-DONG-0442,400X800,보(X),DONG,B2F,400x800,0.224
700X600-B2F-DONG-0172,700X600,보(Y),DONG,B2F,700x600,3.276
400X800-B2F-DONG-0443,400X800,보(X),DONG,B2F,400x800,0.224
400X800-B2F-DONG-0444,400X800,보(X),DONG,B2F,400x800,0.224
700X600-B2F-DONG-0173,700X600,보(Y),DONG,B2F,700x600,3.276
400X800-B2F-DONG-0445,400X800,보(X),DONG,B2F,400x800,0.224
400X800-B2F-DONG-0446,400X800,보(X),DONG,B2F,400x800,0.224
700X600-B2F-DONG-0174,700X600,보(Y),DONG,B2F,700x600,3.234
400X800-B2F-DONG-0447,400X800,보(X),DONG,B2F,400x800,0.224
400X800-B2F-DONG-0448,400X800,보(X),DONG,B2F,400x800,0.224
700X600-B2F-DONG-0175,700X600,보(Y),DONG,B2F,700x600,2.94
400X800-B2F-DONG-0449,400X800,보(X),DONG,B2F,400x800,0.224
700X600-B2F-DONG-0176,700X600,보(Y),DONG,B2F,700x600,3.36
400X800-B2F-DONG-0450,400X800,보(X),DONG,B2F,400x800,0.4138
500X900-B2F-DONG-0019,500X900,보(Y),DONG,B2F,500x900,3.1384
700X600-B2F-DONG-0177,700X600,보(Y),DONG,B2F,700x600,3.3179
400X800-B2F-DONG-0451,400X800,보(X),DONG,B2F,400x800,0.224
700X600-B2F-DONG-0178,700X600,보(Y),DONG,B2F,700x600,3.3179
400X800-B2F-DONG-0452,400X800,보(X),DONG,B2F,400x800,0.224
700X600-B2F-DONG-0179,700X600,보(Y),DONG,B2F,700x600,3.234
400X800-B2F-DONG-0453,400X800,보(X),DONG,B2F,400x800,0.224
400X800-B2F-DONG-0454,400X800,보(X),DONG,B2F,400x800,0.224
700X600-B2F-DONG-0180,700X600,보(Y),DONG,B2F,700x600,2.94
400X800-B2F-DONG-0455,400X800,보(X),DONG,B2F,400x800,0.224
700X600-B2F-DONG-0181,700X600,보(Y),DONG,B2F,700x600,1.512
400X800-B2F-DONG-0456,400X800,보(X),DONG,B2F,400x800,0.224
700X600-B2F-DONG-0182,700X600,보(Y),DONG,B2F,700x600,1.512
700X600-B2F-DONG-0183,700X600,보(X),DONG,B2F,700x600,0.294
400X800-B2F-DONG-0457,400X800,보(X),DONG,B2F,400x800,0.224
700X600-B2F-DONG-0184,700X600,보(Y),DONG,B2F,700x600,3.276
400X800-B2F-DONG-0458,400X800,보(X),DONG,B2F,400x800,0.5076
700X600-B2F-DONG-0185,700X600,보(Y),DONG,B2F,700x600,3.3179
400X800-B2F-DONG-0459,400X800,보(X),DONG,B2F,400x800,0.224
700X600-B2F-DONG-0186,700X600,보(Y),DONG,B2F,700x600,3.3179
400X800-B2F-DONG-0460,400X800,보(X),DONG,B2F,400x800,0.224
700X600-B2F-DONG-0187,700X600,보(Y),DONG,B2F,700x600,3.234
400X800-B2F-DONG-0461,400X800,보(X),DONG,B2F,400x800,0.224
400X800-B2F-DONG-0462,400X800,보(X),DONG,B2F,400x800,0.224
700X600-B2F-DONG-0188,700X600,보(Y),DONG,B2F,700x600,2.94
400X800-B2F-DONG-0463,400X800,보(X),DONG,B2F,400x800,0.224
700X600-B2F-DONG-0189,700X600,보(Y),DONG,B2F,700x600,3.3631
700X600-B2F-DONG-0190,700X600,보(Y),DONG,B2F,700x600,3.57
700X600-B2F-DONG-0191,700X600,보(Y),DONG,B2F,700x600,3.57
700X600-B2F-DONG-0192,700X600,보(Y),DONG,B2F,700x600,3.57
700X600-B2F-DONG-0193,700X600,보(Y),DONG,B2F,700x600,3.276
700X600-B2F-DONG-0194,700X600,보(Y),DONG,B2F,700x600,3.234
700X600-B2F-DONG-0195,700X600,보(Y),DONG,B2F,700x600,3.57
700X600-B2F-DONG-0196,700X600,보(Y),DONG,B2F,700x600,3.3631
500X900-B2F-DONG-0020,500X900,보(Y),DONG,B2F,500x900,3.462
500X900-B2F-DONG-0021,500X900,보(Y),DONG,B2F,500x900,3.462
700X600-B2F-DONG-0197,700X600,보(Y),DONG,B2F,700x600,3.57
400X800-B2F-DONG-0464,400X800,보(X),DONG,B2F,400x800,0.224
700X600-B2F-DONG-0198,700X600,보(Y),DONG,B2F,700x600,3.276
400X800-B2F-DONG-0465,400X800,보(X),DONG,B2F,400x800,0.224
400X800-B2F-DONG-0466,400X800,보(X),DONG,B2F,400x800,0.224
700X600-B2F-DONG-0199,700X600,보(Y),DONG,B2F,700x600,1.6791
400X800-B2F-DONG-0467,400X800,보(X),DONG,B2F,400x800,0.224
400X800-B2F-DONG-0468,400X800,보(X),DONG,B2F,400x800,0.224
700X600-B2F-DONG-0200,700X600,보(Y),DONG,B2F,700x600,1.6791
400X800-B2F-DONG-0469,400X800,보(X),DONG,B2F,400x800,0.224
400X800-B2F-DONG-0470,400X800,보(X),DONG,B2F,400x800,0.224
700X600-B2F-DONG-0201,700X600,보(Y),DONG,B2F,700x600,1.764
400X800-B2F-DONG-0471,400X800,보(X),DONG,B2F,400x800,0.224
500X600-B2F-DONG-1070,500X600,보(Y),DONG,B2F,500x600,2.49
900X900-B2F-DONG-0012,900X900,보(Y),DONG,B2F,900x900,5.8702
500X900-B2F-DONG-0022,500X900,보(Y),DONG,B2F,500x900,0.7412
500X900-B2F-DONG-0023,500X900,보(Y),DONG,B2F,500x900,0.8865
900X900-B2F-DONG-0013,900X900,보(Y),DONG,B2F,900x900,6.6825
900X900-B2F-DONG-0014,900X900,보(Y),DONG,B2F,900x900,6.6904
900X900-B2F-DONG-0015,900X900,보(Y),DONG,B2F,900x900,6.723
900X900-B2F-DONG-0016,900X900,보(Y),DONG,B2F,900x900,6.6824
900X900-B2F-DONG-0017,900X900,보(Y),DONG,B2F,900x900,6.723
900X900-B2F-DONG-0018,900X900,보(Y),DONG,B2F,900x900,6.723
800X900-B2F-DONG-0013,800X900,보(Y),DONG,B2F,800x900,5.976
800X900-B2F-DONG-0014,800X900,보(Y),DONG,B2F,800x900,5.976
900X900-B2F-DONG-0019,900X900,보(Y),DONG,B2F,900x900,5.525
900X900-B2F-DONG-0020,900X900,보(Y),DONG,B2F,900x900,6.3398
900X900-B2F-DONG-0021,900X900,보(Y),DONG,B2F,900x900,6.3585
700X900-B2F-DONG-0014,700X900,보(X),DONG,B2F,700x900,4.6734
700X900-B2F-DONG-0015,700X900,보(X),DONG,B2F,700x900,4.5614
700X900-B2F-DONG-0016,700X900,보(Y),DONG,B2F,700x900,4.5187
700X900-B2F-DONG-0017,700X900,보(Y),DONG,B2F,700x900,4.6225
700X900-B2F-DONG-0018,700X900,보(Y),DONG,B2F,700x900,4.963
700X900-B2F-DONG-0019,700X900,보(Y),DONG,B2F,700x900,4.4678
500X900-B2F-DONG-0024,500X900,보(Y),DONG,B2F,500x900,1.935
500X900-B2F-DONG-0025,500X900,보(Y),DONG,B2F,500x900,1.935
600X900-B2F-DONG-0023,600X900,보(X),DONG,B2F,600x900,3.4441
700X900-B2F-DONG-0020,700X900,보(X),DONG,B2F,700x900,3.406
700X900-B2F-DONG-0021,700X900,보(X),DONG,B2F,700x900,2.2277
500X900-B2F-DONG-0026,500X900,보(Y),DONG,B2F,500x900,3.6449
500X900-B2F-DONG-0027,500X900,보(Y),DONG,B2F,500x900,1.9321
500X900-B2F-DONG-0028,500X900,보(X),DONG,B2F,500x900,2.5163
500X900-B2F-DONG-0029,500X900,보(X),DONG,B2F,500x900,2.4766
500X900-B2F-DONG-0030,500X900,보(X),DONG,B2F,500x900,2.2191
500X900-B2F-DONG-0031,500X900,보(X),DONG,B2F,500x900,2.156
500X900-B2F-DONG-0032,500X900,보(Y),DONG,B2F,500x900,1.7606
500X900-B2F-DONG-0033,500X900,보(Y),DONG,B2F,500x900,2.1935
500X900-B2F-DONG-0034,500X900,보(Y),DONG,B2F,500x900,1.5812
500X900-B2F-DONG-0035,500X900,보(Y),DONG,B2F,500x900,1.5655
500X900-B2F-DONG-0036,500X900,보(Y),DONG,B2F,500x900,1.3232
500X900-B2F-DONG-0037,500X900,보(Y),DONG,B2F,500x900,1.3075
500X900-B2F-DONG-0038,500X900,보(Y),DONG,B2F,500x900,0.8392
500X900-B2F-DONG-0039,500X900,보(Y),DONG,B2F,500x900,0.855
700X900-B2F-DONG-0022,700X900,보(Y),DONG,B2F,700x900,3.914
700X900-B2F-DONG-0023,700X900,보(Y),DONG,B2F,700x900,4.1719
500X900-B2F-DONG-0040,500X900,보(Y),DONG,B2F,500x900,1.1687
500X900-B2F-DONG-0041,500X900,보(Y),DONG,B2F,500x900,1.1304
500X900-B2F-DONG-0042,500X900,보(Y),DONG,B2F,500x900,1.755
500X900-B2F-DONG-0043,500X900,보(X),DONG,B2F,500x900,3.2175
500X900-B2F-DONG-0044,500X900,보(Y),DONG,B2F,500x900,0.396
500X900-B2F-DONG-0045,500X900,보(Y),DONG,B2F,500x900,1.755
500X900-B2F-DONG-0046,500X900,보(X),DONG,B2F,500x900,2.295
500X900-B2F-DONG-0047,500X900,보(Y),DONG,B2F,500x900,1.755
500X900-B2F-DONG-0048,500X900,보(Y),DONG,B2F,500x900,1.1925
500X900-B2F-DONG-0049,500X900,보(X),DONG,B2F,500x900,3.465
500X900-B2F-DONG-0050,500X900,보(Y),DONG,B2F,500x900,1.755
500X900-B2F-DONG-0051,500X900,보(X),DONG,B2F,500x900,1.0555
500X900-B2F-DONG-0052,500X900,보(Y),DONG,B2F,500x900,1.1909
600X900-B2F-DONG-0024,600X900,보(X),DONG,B2F,600x900,2.349
500X900-B2F-DONG-0053,500X900,보(Y),DONG,B2F,500x900,0.396
600X900-B2F-DONG-0025,600X900,보(X),DONG,B2F,600x900,2.4839
400X800-B2F-DONG-0472,400X800,보(Y),DONG,B2F,400x800,0.2816
500X900-B2F-DONG-0054,500X900,보(X),DONG,B2F,500x900,3.1725
500X900-B2F-DONG-0055,500X900,보(X),DONG,B2F,500x900,2.34
500X900-B2F-DONG-0056,500X900,보(X),DONG,B2F,500x900,3.51
500X900-B2F-DONG-0057,500X900,보(X),DONG,B2F,500x900,1.0901
700X900-B2F-DONG-0024,700X900,보(X),DONG,B2F,700x900,2.7405
700X900-B2F-DONG-0025,700X900,보(X),DONG,B2F,700x900,2.7405
500X900-B2F-DONG-0058,500X900,보(X),DONG,B2F,500x900,3.3975
500X900-B2F-DONG-0059,500X900,보(X),DONG,B2F,500x900,3.5099
500X900-B2F-DONG-0060,500X900,보(Y),DONG,B2F,500x900,2.0385
500X900-B2F-DONG-0061,500X900,보(X),DONG,B2F,500x900,3.465
500X900-B2F-DONG-0062,500X900,보(Y),DONG,B2F,500x900,2.0272
500X900-B2F-DONG-0063,500X900,보(X),DONG,B2F,500x900,3.4875
500X900-B2F-DONG-0064,500X900,보(Y),DONG,B2F,500x900,2.0375
500X900-B2F-DONG-0065,500X900,보(X),DONG,B2F,500x900,1.4269
500X900-B2F-DONG-0066,500X900,보(Y),DONG,B2F,500x900,1.134
500X900-B2F-DONG-0067,500X900,보(Y),DONG,B2F,500x900,1.1398
500X900-B2F-DONG-0068,500X900,보(X),DONG,B2F,500x900,1.4269
500X900-B2F-DONG-0069,500X900,보(Y),DONG,B2F,500x900,1.9025
500X900-B2F-DONG-0070,500X900,보(Y),DONG,B2F,500x900,2.031
700X900-B2F-DONG-0026,700X900,보(X),DONG,B2F,700x900,2.7402
700X900-B2F-DONG-0027,700X900,보(X),DONG,B2F,700x900,2.7402
500X900-B2F-DONG-0071,500X900,보(X),DONG,B2F,500x900,0.3875
500X900-B2F-DONG-0072,500X900,보(X),DONG,B2F,500x900,0.3875
500X900-B2F-DONG-0073,500X900,보(Y),DONG,B2F,500x900,0.63
500X900-B2F-DONG-0074,500X900,보(Y),DONG,B2F,500x900,2.025
500X900-B2F-DONG-0075,500X900,보(Y),DONG,B2F,500x900,0.63
500X900-B2F-DONG-0076,500X900,보(Y),DONG,B2F,500x900,2.025
500X900-B2F-DONG-0077,500X900,보(Y),DONG,B2F,500x900,2.025
500X900-B2F-DONG-0078,500X900,보(Y),DONG,B2F,500x900,2.025
500X900-B2F-DONG-0079,500X900,보(Y),DONG,B2F,500x900,2.025
500X900-B2F-DONG-0080,500X900,보(Y),DONG,B2F,500x900,2.025
500X900-B2F-DONG-0081,500X900,보(Y),DONG,B2F,500x900,2.025
500X900-B2F-DONG-0082,500X900,보(Y),DONG,B2F,500x900,2.025
500X900-B2F-DONG-0083,500X900,보(Y),DONG,B2F,500x900,2.025
500X900-B2F-DONG-0084,500X900,보(Y),DONG,B2F,500x900,2.025
500X900-B2F-DONG-0085,500X900,보(Y),DONG,B2F,500x900,1.395
500X900-B2F-DONG-0086,500X900,보(Y),DONG,B2F,500x900,1.4175
500X900-B2F-DONG-0087,500X900,보(X),DONG,B2F,500x900,3.465
500X900-B2F-DONG-0088,500X900,보(X),DONG,B2F,500x900,3.51
500X900-B2F-DONG-0089,500X900,보(X),DONG,B2F,500x900,3.465
500X900-B2F-DONG-0090,500X900,보(X),DONG,B2F,500x900,3.465
500X900-B2F-DONG-0091,500X900,보(X),DONG,B2F,500x900,3.51
500X900-B2F-DONG-0092,500X900,보(X),DONG,B2F,500x900,3.51
500X900-B2F-DONG-0093,500X900,보(X),DONG,B2F,500x900,3.2175
400X900-B2F-DONG-0005,400X900,보(X),DONG,B2F,400x900,1.836
500X900-B2F-DONG-0094,500X900,보(X),DONG,B2F,500x900,2.34
500X900-B2F-DONG-0095,500X900,보(X),DONG,B2F,500x900,3.1724
600X900-B2F-DONG-0026,600X900,보(X),DONG,B2F,600x900,2.349
600X1800-B2F-DONG-0006,600X1800,보(Y),DONG,B2F,600x1800,8.694
500X600-B2F-DONG-1071,500X600,보(Y),DONG,B2F,500x600,2.4
700X900-B2F-DONG-0028,700X900,보(X),DONG,B2F,700x900,2.7405
700X900-B2F-DONG-0029,700X900,보(X),DONG,B2F,700x900,2.7405
500X600-B2F-DONG-1072,500X600,보(Y),DONG,B2F,500x600,2.25
500X900-B2F-DONG-0096,500X900,보(X),DONG,B2F,500x900,3.3661
500X900-B2F-DONG-0097,500X900,보(X),DONG,B2F,500x900,3.4559
500X900-B2F-DONG-0098,500X900,보(X),DONG,B2F,500x900,1.6065
500X900-B2F-DONG-0099,500X900,보(X),DONG,B2F,500x900,1.764
500X900-B2F-DONG-0100,500X900,보(X),DONG,B2F,500x900,2.385
500X900-B2F-DONG-0101,500X900,보(X),DONG,B2F,500x900,2.5425
500X900-B2F-DONG-0102,500X900,보(Y),DONG,B2F,500x900,0.8325
500X900-B2F-DONG-0103,500X900,보(Y),DONG,B2F,500x900,0.8325
500X900-B2F-DONG-0104,500X900,보(Y),DONG,B2F,500x900,0.8325
500X900-B2F-DONG-0105,500X900,보(Y),DONG,B2F,500x900,0.8325
500X900-B2F-DONG-0106,500X900,보(Y),DONG,B2F,500x900,2.529
500X900-B2F-DONG-0107,500X900,보(Y),DONG,B2F,500x900,2.5065
500X900-B2F-DONG-0108,500X900,보(Y),DONG,B2F,500x900,2.5065
500X900-B2F-DONG-0109,500X900,보(Y),DONG,B2F,500x900,2.5065
600X900-B2F-DONG-0027,600X900,보(X),DONG,B2F,600x900,3.5099
600X900-B2F-DONG-0028,600X900,보(X),DONG,B2F,600x900,1.5418
600X900-B2F-DONG-0029,600X900,보(Y),DONG,B2F,600x900,2.3328
600X900-B2F-DONG-0030,600X900,보(Y),DONG,B2F,600x900,2.3664
500X900-B2F-DONG-0110,500X900,보(X),DONG,B2F,500x900,3.0714
500X900-B2F-DONG-0111,500X900,보(X),DONG,B2F,500x900,3.1397
500X900-B2F-DONG-0112,500X900,보(X),DONG,B2F,500x900,3.5235
500X900-B2F-DONG-0113,500X900,보(X),DONG,B2F,500x900,3.3661
500X900-B2F-DONG-0114,500X900,보(X),DONG,B2F,500x900,1.809
500X900-B2F-DONG-0115,500X900,보(X),DONG,B2F,500x900,1.6065
500X900-B2F-DONG-0116,500X900,보(X),DONG,B2F,500x900,2.5875
500X900-B2F-DONG-0117,500X900,보(X),DONG,B2F,500x900,2.385
500X900-B2F-DONG-0118,500X900,보(X),DONG,B2F,500x900,3.15
500X900-B2F-DONG-0119,500X900,보(X),DONG,B2F,500x900,2.9249
500X900-B2F-DONG-0120,500X900,보(X),DONG,B2F,500x900,3.15
500X900-B2F-DONG-0121,500X900,보(X),DONG,B2F,500x900,3.0374
700X900-B2F-DONG-0030,700X900,보(X),DONG,B2F,700x900,5.966
500X900-B2F-DONG-0122,500X900,보(X),DONG,B2F,500x900,3.33
500X900-B2F-DONG-0123,500X900,보(X),DONG,B2F,500x900,3.105
500X900-B2F-DONG-0124,500X900,보(X),DONG,B2F,500x900,3.33
500X900-B2F-DONG-0125,500X900,보(X),DONG,B2F,500x900,3.105
500X900-B2F-DONG-0126,500X900,보(X),DONG,B2F,500x900,7.2001
500X900-B2F-DONG-0127,500X900,보(X),DONG,B2F,500x900,3.105
500X900-B2F-DONG-0128,500X900,보(X),DONG,B2F,500x900,3.1378
500X900-B2F-DONG-0129,500X900,보(X),DONG,B2F,500x900,3.105
500X900-B2F-DONG-0130,500X900,보(Y),DONG,B2F,500x900,3.2625
500X900-B2F-DONG-0131,500X900,보(Y),DONG,B2F,500x900,3.2175
700X900-B2F-DONG-0031,700X900,보(Y),DONG,B2F,700x900,4.7819
700X900-B2F-DONG-0032,700X900,보(Y),DONG,B2F,700x900,4.6876
700X900-B2F-DONG-0033,700X900,보(Y),DONG,B2F,700x900,4.9394
700X900-B2F-DONG-0034,700X900,보(Y),DONG,B2F,700x900,4.7819
900X900-B2F-DONG-0022,900X900,보(X),DONG,B2F,900x900,6.4723
900X900-B2F-DONG-0023,900X900,보(X),DONG,B2F,900x900,6.1884
700X900-B2F-DONG-0035,700X900,보(X),DONG,B2F,700x900,4.914
700X900-B2F-DONG-0036,700X900,보(X),DONG,B2F,700x900,4.7255
700X900-B2F-DONG-0037,700X900,보(X),DONG,B2F,700x900,4.914
700X900-B2F-DONG-0038,700X900,보(X),DONG,B2F,700x900,2.2167
700X900-B2F-DONG-0039,700X900,보(X),DONG,B2F,700x900,4.914
700X900-B2F-DONG-0040,700X900,보(X),DONG,B2F,700x900,4.725
600X900-B2F-DONG-0031,600X900,보(X),DONG,B2F,600x900,2.6463
600X900-B2F-DONG-0032,600X900,보(X),DONG,B2F,600x900,2.5652
700X900-B2F-DONG-0041,700X900,보(Y),DONG,B2F,700x900,5.1744
700X900-B2F-DONG-0042,700X900,보(Y),DONG,B2F,700x900,4.9394
500X900-B2F-DONG-0132,500X900,보(X),DONG,B2F,500x900,1.4763
500X900-B2F-DONG-0133,500X900,보(X),DONG,B2F,500x900,1.6072
1000X900-B2F-DONG-0002,1000X900,보(X),DONG,B2F,1000x900,6.786
1000X900-B2F-DONG-0003,1000X900,보(X),DONG,B2F,1000x900,6.7852
500X900-B2F-DONG-0134,500X900,보(Y),DONG,B2F,500x900,3.3976
500X900-B2F-DONG-0135,500X900,보(Y),DONG,B2F,500x900,3.51
600X900-B2F-DONG-0033,600X900,보(X),DONG,B2F,600x900,2.754
600X900-B2F-DONG-0034,600X900,보(X),DONG,B2F,600x900,2.7
600X900-B2F-DONG-0035,600X900,보(X),DONG,B2F,600x900,4.3875
600X900-B2F-DONG-0036,600X900,보(X),DONG,B2F,600x900,4.3874
500X900-B2F-DONG-0136,500X900,보(Y),DONG,B2F,500x900,2.1152
500X900-B2F-DONG-0137,500X900,보(Y),DONG,B2F,500x900,2.1647
500X900-B2F-DONG-0138,500X900,보(X),DONG,B2F,500x900,13.4101
800X900-B2F-DONG-0015,800X900,보(X),DONG,B2F,800x900,5.6814
800X900-B2F-DONG-0016,800X900,보(X),DONG,B2F,800x900,5.6812
500X900-B2F-DONG-0139,500X900,보(Y),DONG,B2F,500x900,1.9853
500X900-B2F-DONG-0140,500X900,보(Y),DONG,B2F,500x900,1.9818
700X900-B2F-DONG-0043,700X900,보(Y),DONG,B2F,700x900,5.103
700X900-B2F-DONG-0044,700X900,보(Y),DONG,B2F,700x900,5.103
700X900-B2F-DONG-0045,700X900,보(Y),DONG,B2F,700x900,4.7913
700X900-B2F-DONG-0046,700X900,보(Y),DONG,B2F,700x900,4.7365
1100X900-B2F-DONG-0004,1100X900,보(X),DONG,B2F,1100x900,8.1234
1100X900-B2F-DONG-0005,1100X900,보(X),DONG,B2F,1100x900,8.1234
500X600-B2F-DONG-1073,500X600,보(X),DONG,B2F,500x600,2.4907
500X600-B2F-DONG-1074,500X600,보(X),DONG,B2F,500x600,2.4907
700X900-B2F-DONG-0047,700X900,보(X),DONG,B2F,700x900,3.4842
700X900-B2F-DONG-0048,700X900,보(X),DONG,B2F,700x900,3.4842
700X900-B2F-DONG-0049,700X900,보(X),DONG,B2F,700x900,3.276
1100X900-B2F-DONG-0006,1100X900,보(X),DONG,B2F,1100x900,7.623
1100X900-B2F-DONG-0007,1100X900,보(X),DONG,B2F,1100x900,7.524
500X600-B2F-DONG-1075,500X600,보(X),DONG,B2F,500x600,2.34
500X900-B2F-DONG-0141,500X900,보(Y),DONG,B2F,500x900,3.5325
500X600-B2F-DONG-1076,500X600,보(X),DONG,B2F,500x600,2.34
700X900-B2F-DONG-0050,700X900,보(X),DONG,B2F,700x900,3.2711
500X900-B2F-DONG-0142,500X900,보(Y),DONG,B2F,500x900,3.7133
500X900-B2F-DONG-0143,500X900,보(Y),DONG,B2F,500x900,3.6702
500X900-B2F-DONG-0144,500X900,보(Y),DONG,B2F,500x900,3.601
500X900-B2F-DONG-0145,500X900,보(Y),DONG,B2F,500x900,3.603
500X900-B2F-DONG-0146,500X900,보(Y),DONG,B2F,500x900,1.935
500X900-B2F-DONG-0147,500X900,보(Y),DONG,B2F,500x900,1.935
700X900-B2F-DONG-0051,700X900,보(X),DONG,B2F,700x900,3.2712
500X900-B2F-DONG-0148,500X900,보(Y),DONG,B2F,500x900,3.51
700X900-B2F-DONG-0052,700X900,보(X),DONG,B2F,700x900,3.276
500X900-B2F-DONG-0149,500X900,보(Y),DONG,B2F,500x900,3.4883
500X900-B2F-DONG-0150,500X900,보(Y),DONG,B2F,500x900,3.6252
500X900-B2F-DONG-0151,500X900,보(Y),DONG,B2F,500x900,3.375
500X900-B2F-DONG-0152,500X900,보(Y),DONG,B2F,500x900,3.5556
500X900-B2F-DONG-0153,500X900,보(Y),DONG,B2F,500x900,3.4425
500X900-B2F-DONG-0154,500X900,보(Y),DONG,B2F,500x900,3.3975
500X900-B2F-DONG-0155,500X900,보(Y),DONG,B2F,500x900,1.575
500X900-B2F-DONG-0156,500X900,보(Y),DONG,B2F,500x900,1.575
700X900-B2F-DONG-0053,700X900,보(X),DONG,B2F,700x900,4.914
700X900-B2F-DONG-0054,700X900,보(X),DONG,B2F,700x900,4.914
800X900-B2F-DONG-0017,800X900,보(X),DONG,B2F,800x900,5.7532
800X900-B2F-DONG-0018,800X900,보(X),DONG,B2F,800x900,5.7532
600X900-B2F-DONG-0037,600X900,보(X),DONG,B2F,600x900,4.3149
600X900-B2F-DONG-0038,600X900,보(X),DONG,B2F,600x900,4.2879
700X900-B2F-DONG-0055,700X900,보(X),DONG,B2F,700x900,3.591
700X900-B2F-DONG-0056,700X900,보(X),DONG,B2F,700x900,3.591
500X900-B2F-DONG-0157,500X900,보(X),DONG,B2F,500x900,2.565
500X900-B2F-DONG-0158,500X900,보(X),DONG,B2F,500x900,2.565
1100X900-B2F-DONG-0008,1100X900,보(X),DONG,B2F,1100x900,6.9795
1100X900-B2F-DONG-0009,1100X900,보(X),DONG,B2F,1100x900,7.1775
500X900-B2F-DONG-0159,500X900,보(Y),DONG,B2F,500x900,3.3555
500X900-B2F-DONG-0160,500X900,보(Y),DONG,B2F,500x900,3.3534
700X900-B2F-DONG-0057,700X900,보(Y),DONG,B2F,700x900,2.7416
700X900-B2F-DONG-0058,700X900,보(Y),DONG,B2F,700x900,4.8879
500X900-B2F-DONG-0161,500X900,보(Y),DONG,B2F,500x900,3.5797
500X900-B2F-DONG-0162,500X900,보(Y),DONG,B2F,500x900,3.5791
500X900-B2F-DONG-0163,500X900,보(Y),DONG,B2F,500x900,3.7801
500X900-B2F-DONG-0164,500X900,보(Y),DONG,B2F,500x900,3.7801
900X900-B2F-DONG-0024,900X900,보(X),DONG,B2F,900x900,6.3847
900X900-B2F-DONG-0025,900X900,보(X),DONG,B2F,900x900,6.3846
1000X900-B2F-DONG-0004,1000X900,보(X),DONG,B2F,1000x900,6.8411
1000X900-B2F-DONG-0005,1000X900,보(X),DONG,B2F,1000x900,6.8411
600X900-B2F-DONG-0039,600X900,보(X),DONG,B2F,600x900,4.282
800X900-B2F-DONG-0019,800X900,보(X),DONG,B2F,800x900,5.7452
600X900-B2F-DONG-0040,600X900,보(X),DONG,B2F,600x900,4.32
600X900-B2F-DONG-0041,600X900,보(X),DONG,B2F,600x900,4.32
500X900-B2F-DONG-0165,500X900,보(Y),DONG,B2F,500x900,1.6725
700X900-B2F-DONG-0059,700X900,보(Y),DONG,B2F,700x900,0.6741
800X900-B2F-DONG-0020,800X900,보(X),DONG,B2F,800x900,5.7093
800X900-B2F-DONG-0021,800X900,보(X),DONG,B2F,800x900,5.7093
800X900-B2F-DONG-0022,800X900,보(X),DONG,B2F,800x900,5.5016
800X900-B2F-DONG-0023,800X900,보(X),DONG,B2F,800x900,5.5015
700X900-B2F-DONG-0060,700X900,보(Y),DONG,B2F,700x900,2.0483
700X900-B2F-DONG-0061,700X900,보(Y),DONG,B2F,700x900,4.9002
700X900-B2F-DONG-0062,700X900,보(Y),DONG,B2F,700x900,2.4682
700X900-B2F-DONG-0063,700X900,보(Y),DONG,B2F,700x900,5.292
700X900-B2F-DONG-0064,700X900,보(Y),DONG,B2F,700x900,5.292
500X900-B2F-DONG-0166,500X900,보(Y),DONG,B2F,500x900,3.78
500X900-B2F-DONG-0167,500X900,보(Y),DONG,B2F,500x900,3.78
500X900-B2F-DONG-0168,500X900,보(Y),DONG,B2F,500x900,3.6016
500X900-B2F-DONG-0169,500X900,보(Y),DONG,B2F,500x900,3.6022
500X900-B2F-DONG-0170,500X900,보(Y),DONG,B2F,500x900,3.78
500X900-B2F-DONG-0171,500X900,보(Y),DONG,B2F,500x900,3.78
500X900-B2F-DONG-0172,500X900,보(X),DONG,B2F,500x900,1.2054
500X900-B2F-DONG-0173,500X900,보(X),DONG,B2F,500x900,1.203
700X900-B2F-DONG-0065,700X900,보(Y),DONG,B2F,700x900,5.6514
600X900-B2F-DONG-0042,600X900,보(Y),DONG,B2F,600x900,0.8091
600X900-B2F-DONG-0043,600X900,보(Y),DONG,B2F,600x900,0.7464
600X900-B2F-DONG-0044,600X900,보(X),DONG,B2F,600x900,3.078
600X900-B2F-DONG-0045,600X900,보(X),DONG,B2F,600x900,3.078
800X900-B2F-DONG-0024,800X900,보(X),DONG,B2F,800x900,5.904
800X900-B2F-DONG-0025,800X900,보(X),DONG,B2F,800x900,5.904
800X900-B2F-DONG-0026,800X900,보(X),DONG,B2F,800x900,5.904
800X900-B2F-DONG-0027,800X900,보(X),DONG,B2F,800x900,5.904
900X900-B2F-DONG-0026,900X900,보(X),DONG,B2F,900x900,6.48
900X900-B2F-DONG-0027,900X900,보(X),DONG,B2F,900x900,6.48
700X900-B2F-DONG-0066,700X900,보(X),DONG,B2F,700x900,5.04
700X900-B2F-DONG-0067,700X900,보(X),DONG,B2F,700x900,4.6668
500X900-B2F-DONG-0174,500X900,보(Y),DONG,B2F,500x900,2.205
500X900-B2F-DONG-0175,500X900,보(Y),DONG,B2F,500x900,2.205
500X900-B2F-DONG-0176,500X900,보(Y),DONG,B2F,500x900,1.5583
500X900-B2F-DONG-0177,500X900,보(Y),DONG,B2F,500x900,1.52
500X900-B2F-DONG-0178,500X900,보(Y),DONG,B2F,500x900,2.205
500X900-B2F-DONG-0179,500X900,보(Y),DONG,B2F,500x900,2.205
600X900-B2F-DONG-0046,600X900,보(X),DONG,B2F,600x900,4.428
600X900-B2F-DONG-0047,600X900,보(X),DONG,B2F,600x900,4.428
500X900-B2F-DONG-0180,500X900,보(Y),DONG,B2F,500x900,0.5935
500X900-B2F-DONG-0181,500X900,보(Y),DONG,B2F,500x900,0.558
600X900-B2F-DONG-0048,600X900,보(Y),DONG,B2F,600x900,2.646
600X900-B2F-DONG-0049,600X900,보(Y),DONG,B2F,600x900,1.5027
800X900-B2F-DONG-0028,800X900,보(X),DONG,B2F,800x900,5.904
800X900-B2F-DONG-0029,800X900,보(X),DONG,B2F,800x900,5.904
500X900-B2F-DONG-0182,500X900,보(Y),DONG,B2F,500x900,3.375
500X900-B2F-DONG-0183,500X900,보(Y),DONG,B2F,500x900,3.555
500X900-B2F-DONG-0184,500X900,보(X),DONG,B2F,500x900,2.2114
700X900-B2F-DONG-0068,700X900,보(X),DONG,B2F,700x900,3.15
700X900-B2F-DONG-0069,700X900,보(X),DONG,B2F,700x900,2.0521
700X900-B2F-DONG-0070,700X900,보(X),DONG,B2F,700x900,1.6728
600X900-B2F-DONG-0050,600X900,보(Y),DONG,B2F,600x900,4.1903
600X900-B2F-DONG-0051,600X900,보(Y),DONG,B2F,600x900,4.0552
500X900-B2F-DONG-0185,500X900,보(X),DONG,B2F,500x900,1.593
500X900-B2F-DONG-0186,500X900,보(X),DONG,B2F,500x900,1.5738
700X900-B2F-DONG-0071,700X900,보(Y),DONG,B2F,700x900,4.8195
700X900-B2F-DONG-0072,700X900,보(Y),DONG,B2F,700x900,3.3747
500X900-B2F-DONG-0187,500X900,보(Y),DONG,B2F,500x900,1.8235
500X900-B2F-DONG-0188,500X900,보(Y),DONG,B2F,500x900,1.7743
500X900-B2F-DONG-0189,500X900,보(X),DONG,B2F,500x900,3.5325
500X900-B2F-DONG-0190,500X900,보(X),DONG,B2F,500x900,3.375
600X900-B2F-DONG-0052,600X900,보(Y),DONG,B2F,600x900,2.1882
600X900-B2F-DONG-0053,600X900,보(Y),DONG,B2F,600x900,2.183
500X900-B2F-DONG-0191,500X900,보(X),DONG,B2F,500x900,3.42
500X900-B2F-DONG-0192,500X900,보(X),DONG,B2F,500x900,3.285
500X900-B2F-DONG-0193,500X900,보(X),DONG,B2F,500x900,3.6
500X900-B2F-DONG-0194,500X900,보(X),DONG,B2F,500x900,3.465
500X900-B2F-DONG-0195,500X900,보(X),DONG,B2F,500x900,3.51
500X900-B2F-DONG-0196,500X900,보(X),DONG,B2F,500x900,3.375
500X900-B2F-DONG-0197,500X900,보(X),DONG,B2F,500x900,3.4425
500X900-B2F-DONG-0198,500X900,보(X),DONG,B2F,500x900,3.2868
600X900-B2F-DONG-0054,600X900,보(Y),DONG,B2F,600x900,1.9178
600X900-B2F-DONG-0055,600X900,보(Y),DONG,B2F,600x900,1.9129
600X900-B2F-DONG-0056,600X900,보(Y),DONG,B2F,600x900,1.9174
600X900-B2F-DONG-0057,600X900,보(Y),DONG,B2F,600x900,1.9122
600X900-B2F-DONG-0058,600X900,보(Y),DONG,B2F,600x900,1.9182
600X900-B2F-DONG-0059,600X900,보(Y),DONG,B2F,600x900,1.913
500X900-B2F-DONG-0199,500X900,보(Y),DONG,B2F,500x900,1.3692
500X900-B2F-DONG-0200,500X900,보(Y),DONG,B2F,500x900,1.3692
500X900-B2F-DONG-0201,500X900,보(Y),DONG,B2F,500x900,1.3354
500X900-B2F-DONG-0202,500X900,보(Y),DONG,B2F,500x900,1.3691
600X900-B2F-DONG-0060,600X900,보(Y),DONG,B2F,600x900,2.646
600X900-B2F-DONG-0061,600X900,보(Y),DONG,B2F,600x900,2.646
500X900-B2F-DONG-0203,500X900,보(X),DONG,B2F,500x900,1.4722
500X900-B2F-DONG-0204,500X900,보(X),DONG,B2F,500x900,1.4722
900X900-B2F-DONG-0028,900X900,보(Y),DONG,B2F,900x900,5.994
900X900-B2F-DONG-0029,900X900,보(Y),DONG,B2F,900x900,5.994
800X1500-B2F-DONG-0009,800X1500,보(Y),DONG,B2F,800x1500,1.1727
500X900-B2F-DONG-0205,500X900,보(Y),DONG,B2F,500x900,0.4397
500X900-B2F-DONG-0206,500X900,보(X),DONG,B2F,500x900,3.285
500X900-B2F-DONG-0207,500X900,보(X),DONG,B2F,500x900,3.285
500X900-B2F-DONG-0208,500X900,보(X),DONG,B2F,500x900,2.8883
500X900-B2F-DONG-0209,500X900,보(X),DONG,B2F,500x900,2.8883
500X900-B2F-DONG-0210,500X900,보(X),DONG,B2F,500x900,3.51
500X900-B2F-DONG-0211,500X900,보(X),DONG,B2F,500x900,3.285
500X900-B2F-DONG-0212,500X900,보(X),DONG,B2F,500x900,3.69
500X900-B2F-DONG-0213,500X900,보(X),DONG,B2F,500x900,3.4875
500X900-B2F-DONG-0214,500X900,보(X),DONG,B2F,500x900,3.6
500X900-B2F-DONG-0215,500X900,보(X),DONG,B2F,500x900,3.3327
800X900-B2F-DONG-0030,800X900,보(Y),DONG,B2F,800x900,4.4345
800X900-B2F-DONG-0031,800X900,보(Y),DONG,B2F,800x900,4.4345
800X900-B2F-DONG-0032,800X900,보(Y),DONG,B2F,800x900,4.4375
800X900-B2F-DONG-0033,800X900,보(Y),DONG,B2F,800x900,4.4115
500X900-B2F-DONG-0216,500X900,보(X),DONG,B2F,500x900,3.51
500X900-B2F-DONG-0217,500X900,보(X),DONG,B2F,500x900,3.3494
700X900-B2F-DONG-0073,700X900,보(X),DONG,B2F,700x900,4.8331
700X900-B2F-DONG-0074,700X900,보(X),DONG,B2F,700x900,4.8331
900X900-B2F-DONG-0030,900X900,보(X),DONG,B2F,900x900,5.9449
900X900-B2F-DONG-0031,900X900,보(X),DONG,B2F,900x900,5.952
800X900-B2F-DONG-0034,800X900,보(X),DONG,B2F,800x900,5.7355
800X900-B2F-DONG-0035,800X900,보(X),DONG,B2F,800x900,5.7355
1000X900-B2F-DONG-0006,1000X900,보(X),DONG,B2F,1000x900,5.7576
1000X900-B2F-DONG-0007,1000X900,보(X),DONG,B2F,1000x900,5.7619
600X900-B2F-DONG-0062,600X900,보(X),DONG,B2F,600x900,2.6523
600X900-B2F-DONG-0063,600X900,보(X),DONG,B2F,600x900,2.6542
700X900-B2F-DONG-0075,700X900,보(X),DONG,B2F,700x900,5.04
700X900-B2F-DONG-0076,700X900,보(X),DONG,B2F,700x900,5.04
700X900-B2F-DONG-0077,700X900,보(Y),DONG,B2F,700x900,4.8223
700X900-B2F-DONG-0078,700X900,보(Y),DONG,B2F,700x900,4.9871
600X900-B2F-DONG-0064,600X900,보(X),DONG,B2F,600x900,1.4309
600X900-B2F-DONG-0065,600X900,보(X),DONG,B2F,600x900,1.4921
1100X900-B2F-DONG-0010,1100X900,보(X),DONG,B2F,1100x900,7.5825
1100X900-B2F-DONG-0011,1100X900,보(X),DONG,B2F,1100x900,6.8395
500X900-B2F-DONG-0218,500X900,보(X),DONG,B2F,500x900,1.35
500X900-B2F-DONG-0219,500X900,보(X),DONG,B2F,500x900,1.4487
700X900-B2F-DONG-0079,700X900,보(X),DONG,B2F,700x900,4.0722
700X900-B2F-DONG-0080,700X900,보(X),DONG,B2F,700x900,4.4897
500X900-B2F-DONG-0220,500X900,보(Y),DONG,B2F,500x900,0.9149
500X900-B2F-DONG-0221,500X900,보(Y),DONG,B2F,500x900,0.9143
500X900-B2F-DONG-0222,500X900,보(X),DONG,B2F,500x900,2.6827
500X900-B2F-DONG-0223,500X900,보(X),DONG,B2F,500x900,2.6827
700X600-B2F-DONG-0202,700X600,보(X),DONG,B2F,700x600,3.1212
500X900-B2F-DONG-0224,500X900,보(X),DONG,B2F,500x900,3.962
700X600-B2F-DONG-0203,700X600,보(X),DONG,B2F,700x600,3.612
700X600-B2F-DONG-0204,700X600,보(X),DONG,B2F,700x600,3.612
400X800-B2F-DONG-0473,400X800,보(Y),DONG,B2F,400x800,2.624
400X800-B2F-DONG-0474,400X800,보(Y),DONG,B2F,400x800,2.624
700X600-B2F-DONG-0205,700X600,보(X),DONG,B2F,700x600,3.612
700X600-B2F-DONG-0206,700X600,보(X),DONG,B2F,700x600,3.612
500X900-B2F-DONG-0225,500X900,보(X),DONG,B2F,500x900,3.78
500X900-B2F-DONG-0226,500X900,보(X),DONG,B2F,500x900,3.78
400X800-B2F-DONG-0475,400X800,보(Y),DONG,B2F,400x800,2.3253
400X800-B2F-DONG-0476,400X800,보(Y),DONG,B2F,400x800,2.4992
500X900-B2F-DONG-0227,500X900,보(X),DONG,B2F,500x900,3.5254
500X900-B2F-DONG-0228,500X900,보(X),DONG,B2F,500x900,3.4804
700X900-B2F-DONG-0081,700X900,보(Y),DONG,B2F,700x900,2.987
700X900-B2F-DONG-0082,700X900,보(Y),DONG,B2F,700x900,3.1475
500X900-B2F-DONG-0229,500X900,보(Y),DONG,B2F,500x900,1.2692
500X900-B2F-DONG-0230,500X900,보(Y),DONG,B2F,500x900,1.3511
500X900-B2F-DONG-0231,500X900,보(X),DONG,B2F,500x900,1.755
500X900-B2F-DONG-0232,500X900,보(X),DONG,B2F,500x900,1.71
500X900-B2F-DONG-0233,500X900,보(X),DONG,B2F,500x900,1.0019
700X600-B2F-DONG-0207,700X600,보(X),DONG,B2F,700x600,0.8587
500X600-B2F-DONG-1077,500X600,보(Y),DONG,B2F,500x600,2.3107
500X600-B2F-DONG-1078,500X600,보(Y),DONG,B2F,500x600,2.3107
700X600-B2F-DONG-0208,700X600,보(X),DONG,B2F,700x600,0.6044
400X800-B2F-DONG-0477,400X800,보(X),DONG,B2F,400x800,0.4183
500X900-B2F-DONG-0234,500X900,보(X),DONG,B2F,500x900,1.7325
500X900-B2F-DONG-0235,500X900,보(X),DONG,B2F,500x900,1.71
500X600-B2F-DONG-1079,500X600,보(X),DONG,B2F,500x600,1.14
500X600-B2F-DONG-1080,500X600,보(X),DONG,B2F,500x600,1.155
500X600-B2F-DONG-1081,500X600,보(Y),DONG,B2F,500x600,2.3993
500X600-B2F-DONG-1082,500X600,보(Y),DONG,B2F,500x600,2.3993
500X900-B2F-DONG-0236,500X900,보(Y),DONG,B2F,500x900,1.3537
500X900-B2F-DONG-0237,500X900,보(Y),DONG,B2F,500x900,1.2718
500X900-B2F-DONG-0238,500X900,보(X),DONG,B2F,500x900,1.5171
400X800-B2F-DONG-0478,400X800,보(X),DONG,B2F,400x800,1.0046
500X900-B2F-DONG-0239,500X900,보(X),DONG,B2F,500x900,0.5017
500X900-B2F-DONG-0240,500X900,보(X),DONG,B2F,500x900,0.738
600X1500-B2F-DONG-0009,600X1500,보(X),DONG,B2F,600x1500,7.0058
600X1500-B2F-DONG-0010,600X1500,보(X),DONG,B2F,600x1500,7.086
600X900-B2F-DONG-0066,600X900,보(Y),DONG,B2F,600x900,1.6739
600X1500-B2F-DONG-0011,600X1500,보(Y),DONG,B2F,600x1500,2.7091
600X900-B2F-DONG-0067,600X900,보(Y),DONG,B2F,600x900,1.7734
600X900-B2F-DONG-0068,600X900,보(Y),DONG,B2F,600x900,1.7773
700X1500-B2F-DONG-0003,700X1500,보(X),DONG,B2F,700x1500,8.82
700X1500-B2F-DONG-0004,700X1500,보(X),DONG,B2F,700x1500,8.82
600X900-B2F-DONG-0069,600X900,보(X),DONG,B2F,600x900,4.644
600X900-B2F-DONG-0070,600X900,보(X),DONG,B2F,600x900,4.644
600X900-B2F-DONG-0071,600X900,보(X),DONG,B2F,600x900,4.2258
600X900-B2F-DONG-0072,600X900,보(X),DONG,B2F,600x900,4.1988
600X900-B2F-DONG-0073,600X900,보(X),DONG,B2F,600x900,4.4663
600X600-B2F-DONG-0039,600X600,보(X),DONG,B2F,600x600,2.9782
600X900-B2F-DONG-0074,600X900,보(Y),DONG,B2F,600x900,2.484
600X900-B2F-DONG-0075,600X900,보(Y),DONG,B2F,600x900,2.484
600X900-B2F-DONG-0076,600X900,보(Y),DONG,B2F,600x900,2.484
600X900-B2F-DONG-0077,600X900,보(Y),DONG,B2F,600x900,2.484
500X900-B2F-DONG-0241,500X900,보(Y),DONG,B2F,500x900,1.9376
500X900-B2F-DONG-0242,500X900,보(Y),DONG,B2F,500x900,1.8722
400X800-B2F-DONG-0479,400X800,보(Y),DONG,B2F,400x800,0.4144
400X800-B2F-DONG-0480,400X800,보(Y),DONG,B2F,400x800,0.4172
500X600-B2F-DONG-1083,500X600,보(X),DONG,B2F,500x600,2.4
500X600-B2F-DONG-1084,500X600,보(X),DONG,B2F,500x600,2.4
400X800-B2F-DONG-0481,400X800,보(Y),DONG,B2F,400x800,0.4177
400X800-B2F-DONG-0482,400X800,보(Y),DONG,B2F,400x800,0.4206
800X900-B2F-DONG-0036,800X900,보(X),DONG,B2F,800x900,6.192
800X900-B2F-DONG-0037,800X900,보(X),DONG,B2F,800x900,6.192
500X900-B2F-DONG-0243,500X900,보(Y),DONG,B2F,500x900,2.2725
500X900-B2F-DONG-0244,500X900,보(Y),DONG,B2F,500x900,2.2734
800X900-B2F-DONG-0038,800X900,보(X),DONG,B2F,800x900,5.2078
400X800-B2F-DONG-0483,400X800,보(X),DONG,B2F,400x800,2.3146
500X900-B2F-DONG-0245,500X900,보(Y),DONG,B2F,500x900,3.3345
500X900-B2F-DONG-0246,500X900,보(Y),DONG,B2F,500x900,3.3345
800X900-B2F-DONG-0039,800X900,보(Y),DONG,B2F,800x900,5.4303
800X900-B2F-DONG-0040,800X900,보(Y),DONG,B2F,800x900,2.2838
800X900-B2F-DONG-0041,800X900,보(Y),DONG,B2F,800x900,4.3103
800X900-B2F-DONG-0042,800X900,보(Y),DONG,B2F,800x900,4.5559
800X900-B2F-DONG-0043,800X900,보(Y),DONG,B2F,800x900,4.6122
800X900-B2F-DONG-0044,800X900,보(Y),DONG,B2F,800x900,4.5882
800X900-B2F-DONG-0045,800X900,보(Y),DONG,B2F,800x900,4.7776
800X900-B2F-DONG-0046,800X900,보(Y),DONG,B2F,800x900,4.7873
600X900-B2F-DONG-0078,600X900,보(X),DONG,B2F,600x900,3.1956
500X600-B2F-DONG-1085,500X600,보(X),DONG,B2F,500x600,1.7412
500X900-B2F-DONG-0247,500X900,보(X),DONG,B2F,500x900,2.022
500X900-B2F-DONG-0248,500X900,보(X),DONG,B2F,500x900,2.295
500X900-B2F-DONG-0249,500X900,보(X),DONG,B2F,500x900,3.4156
500X900-B2F-DONG-0250,500X900,보(X),DONG,B2F,500x900,3.5029
800X900-B2F-DONG-0047,800X900,보(X),DONG,B2F,800x900,5.3447
800X900-B2F-DONG-0048,800X900,보(X),DONG,B2F,800x900,5.6376
600X900-B2F-DONG-0079,600X900,보(X),DONG,B2F,600x900,2.7609
600X900-B2F-DONG-0080,600X900,보(X),DONG,B2F,600x900,2.7725
500X900-B2F-DONG-0251,500X900,보(X),DONG,B2F,500x900,3.645
500X900-B2F-DONG-0252,500X900,보(X),DONG,B2F,500x900,3.645
500X900-B2F-DONG-0253,500X900,보(X),DONG,B2F,500x900,3.645
500X900-B2F-DONG-0254,500X900,보(X),DONG,B2F,500x900,3.645
600X900-B2F-DONG-0081,600X900,보(Y),DONG,B2F,600x900,1.8958
600X900-B2F-DONG-0082,600X900,보(Y),DONG,B2F,600x900,2.1454
600X900-B2F-DONG-0083,600X900,보(Y),DONG,B2F,600x900,2.1438
600X900-B2F-DONG-0084,600X900,보(Y),DONG,B2F,600x900,2.1454
600X900-B2F-DONG-0085,600X900,보(Y),DONG,B2F,600x900,2.1438
600X900-B2F-DONG-0086,600X900,보(Y),DONG,B2F,600x900,2.1454
500X600-B2F-DONG-1086,500X600,보(Y),DONG,B2F,500x600,1.191
600X900-B2F-DONG-0087,600X900,보(Y),DONG,B2F,600x900,2.1454
400X800-B2F-DONG-0484,400X800,보(X),DONG,B2F,400x800,2.592
400X800-B2F-DONG-0485,400X800,보(X),DONG,B2F,400x800,2.592
500X900-B2F-DONG-0255,500X900,보(X),DONG,B2F,500x900,3.645
500X900-B2F-DONG-0256,500X900,보(X),DONG,B2F,500x900,3.645
500X900-B2F-DONG-0257,500X900,보(X),DONG,B2F,500x900,3.4365
500X900-B2F-DONG-0258,500X900,보(X),DONG,B2F,500x900,3.4365
500X900-B2F-DONG-0259,500X900,보(Y),DONG,B2F,500x900,2.16
500X900-B2F-DONG-0260,500X900,보(Y),DONG,B2F,500x900,2.16
500X900-B2F-DONG-0261,500X900,보(X),DONG,B2F,500x900,1.659
500X900-B2F-DONG-0262,500X900,보(X),DONG,B2F,500x900,1.7225
500X900-B2F-DONG-0263,500X900,보(Y),DONG,B2F,500x900,2.2204
500X900-B2F-DONG-0264,500X900,보(Y),DONG,B2F,500x900,2.2211
500X900-B2F-DONG-0265,500X900,보(X),DONG,B2F,500x900,2.3386
500X900-B2F-DONG-0266,500X900,보(X),DONG,B2F,500x900,2.385
500X900-B2F-DONG-0267,500X900,보(Y),DONG,B2F,500x900,2.0432
500X900-B2F-DONG-0268,500X900,보(Y),DONG,B2F,500x900,2.0374
500X900-B2F-DONG-0269,500X900,보(X),DONG,B2F,500x900,3.4455
500X900-B2F-DONG-0270,500X900,보(X),DONG,B2F,500x900,3.51
500X900-B2F-DONG-0271,500X900,보(X),DONG,B2F,500x900,1.7852
500X900-B2F-DONG-0272,500X900,보(X),DONG,B2F,500x900,1.7906
500X900-B2F-DONG-0273,500X900,보(X),DONG,B2F,500x900,3.4411
500X900-B2F-DONG-0274,500X900,보(X),DONG,B2F,500x900,3.51
800X1700-B2F-DONG-0006,800X1700,보(X),DONG,B2F,800x1700,7.072
800X1700-B2F-DONG-0007,800X1700,보(X),DONG,B2F,800x1700,6.5942
500X900-B2F-DONG-0275,500X900,보(X),DONG,B2F,500x900,3.4586
500X900-B2F-DONG-0276,500X900,보(X),DONG,B2F,500x900,3.51
500X900-B2F-DONG-0277,500X900,보(X),DONG,B2F,500x900,3.465
500X900-B2F-DONG-0278,500X900,보(X),DONG,B2F,500x900,3.51
500X900-B2F-DONG-0279,500X900,보(Y),DONG,B2F,500x900,1.0653
500X900-B2F-DONG-0280,500X900,보(Y),DONG,B2F,500x900,1.0227
600X900-B2F-DONG-0088,600X900,보(X),DONG,B2F,600x900,2.9192
600X900-B2F-DONG-0089,600X900,보(X),DONG,B2F,600x900,4.212
800X900-B2F-DONG-0049,800X900,보(X),DONG,B2F,800x900,4.2991
800X900-B2F-DONG-0050,800X900,보(X),DONG,B2F,800x900,4.4234
400X800-B2F-DONG-0486,400X800,보(X),DONG,B2F,400x800,1.4627
1000X900-B2F-DONG-0008,1000X900,보(X),DONG,B2F,1000x900,6.4537
500X600-B2F-DONG-1087,500X600,보(X),DONG,B2F,500x600,1.53
600X900-B2F-DONG-0090,600X900,보(X),DONG,B2F,600x900,1.1393
700X900-B2F-DONG-0083,700X900,보(X),DONG,B2F,700x900,4.788
700X900-B2F-DONG-0084,700X900,보(X),DONG,B2F,700x900,2.148
500X900-B2F-DONG-0281,500X900,보(X),DONG,B2F,500x900,3.465
500X900-B2F-DONG-0282,500X900,보(X),DONG,B2F,500x900,3.465
500X900-B2F-DONG-0283,500X900,보(X),DONG,B2F,500x900,3.465
500X900-B2F-DONG-0284,500X900,보(X),DONG,B2F,500x900,3.3613
500X900-B2F-DONG-0285,500X900,보(X),DONG,B2F,500x900,3.465
500X900-B2F-DONG-0286,500X900,보(X),DONG,B2F,500x900,3.3838
500X900-B2F-DONG-0287,500X900,보(X),DONG,B2F,500x900,3.465
500X900-B2F-DONG-0288,500X900,보(X),DONG,B2F,500x900,3.465
400X800-B2F-DONG-0487,400X800,보(X),DONG,B2F,400x800,2.464
400X800-B2F-DONG-0488,400X800,보(X),DONG,B2F,400x800,2.464
700X900-B2F-DONG-0085,700X900,보(X),DONG,B2F,700x900,4.9496
700X900-B2F-DONG-0086,700X900,보(X),DONG,B2F,700x900,5.0397
600X900-B2F-DONG-0091,600X900,보(X),DONG,B2F,600x900,2.9382
600X900-B2F-DONG-0092,600X900,보(X),DONG,B2F,600x900,2.9403
900X900-B2F-DONG-0032,900X900,보(X),DONG,B2F,900x900,1.936
500X600-B2F-DONG-1088,500X600,보(X),DONG,B2F,500x600,1.92
500X900-B2F-DONG-0289,500X900,보(X),DONG,B2F,500x900,2.88
500X900-B2F-DONG-0290,500X900,보(X),DONG,B2F,500x900,2.8801
700X900-B2F-DONG-0087,700X900,보(Y),DONG,B2F,700x900,5.0315
700X900-B2F-DONG-0088,700X900,보(Y),DONG,B2F,700x900,5.1133
700X900-B2F-DONG-0089,700X900,보(X),DONG,B2F,700x900,3.339
700X900-B2F-DONG-0090,700X900,보(X),DONG,B2F,700x900,3.2363
700X900-B2F-DONG-0091,700X900,보(Y),DONG,B2F,700x900,5.5516
700X900-B2F-DONG-0092,700X900,보(Y),DONG,B2F,700x900,5.615
900X900-B2F-DONG-0033,900X900,보(X),DONG,B2F,900x900,5.2155
900X900-B2F-DONG-0034,900X900,보(X),DONG,B2F,900x900,5.5978
500X900-B2F-DONG-0291,500X900,보(X),DONG,B2F,500x900,3.51
500X900-B2F-DONG-0292,500X900,보(X),DONG,B2F,500x900,3.5097
600X900-B2F-DONG-0093,600X900,보(X),DONG,B2F,600x900,2.5692
600X900-B2F-DONG-0094,600X900,보(X),DONG,B2F,600x900,2.7725
800X900-B2F-DONG-0051,800X900,보(Y),DONG,B2F,800x900,5.5149
600X900-B2F-DONG-0095,600X900,보(Y),DONG,B2F,600x900,4.1711
500X900-B2F-DONG-0293,500X900,보(X),DONG,B2F,500x900,1.6085
400X900-B2F-DONG-0006,400X900,보(X),DONG,B2F,400x900,1.2912
500X900-B2F-DONG-0294,500X900,보(Y),DONG,B2F,500x900,1.8611
500X900-B2F-DONG-0295,500X900,보(Y),DONG,B2F,500x900,1.809
500X900-B2F-DONG-0296,500X900,보(Y),DONG,B2F,500x900,1.134
500X900-B2F-DONG-0297,500X900,보(Y),DONG,B2F,500x900,1.134
500X900-B2F-DONG-0298,500X900,보(Y),DONG,B2F,500x900,1.134
500X900-B2F-DONG-0299,500X900,보(Y),DONG,B2F,500x900,1.134
500X900-B2F-DONG-0300,500X900,보(X),DONG,B2F,500x900,1.0755
500X900-B2F-DONG-0301,500X900,보(X),DONG,B2F,500x900,1.0305
700X900-B2F-DONG-0093,700X900,보(X),DONG,B2F,700x900,3.213
700X900-B2F-DONG-0094,700X900,보(X),DONG,B2F,700x900,3.087
700X900-B2F-DONG-0095,700X900,보(X),DONG,B2F,700x900,3.5595
700X900-B2F-DONG-0096,700X900,보(X),DONG,B2F,700x900,3.4965
600X900-B2F-DONG-0096,600X900,보(Y),DONG,B2F,600x900,3.7618
700X900-B2F-DONG-0097,700X900,보(X),DONG,B2F,700x900,3.528
700X900-B2F-DONG-0098,700X900,보(X),DONG,B2F,700x900,3.0487
500X900-B2F-DONG-0302,500X900,보(X),DONG,B2F,500x900,1.6565
700X900-B2F-DONG-0099,700X900,보(Y),DONG,B2F,700x900,1.8968
900X900-B2F-DONG-0035,900X900,보(Y),DONG,B2F,900x900,7.7031
700X900-B2F-DONG-0100,700X900,보(X),DONG,B2F,700x900,3.4964
700X900-B2F-DONG-0101,700X900,보(Y),DONG,B2F,700x900,5.9913
700X900-B2F-DONG-0102,700X900,보(Y),DONG,B2F,700x900,5.9913
700X900-B2F-DONG-0103,700X900,보(Y),DONG,B2F,700x900,5.9913
700X900-B2F-DONG-0104,700X900,보(Y),DONG,B2F,700x900,5.9913
700X900-B2F-DONG-0105,700X900,보(Y),DONG,B2F,700x900,6.1173
500X900-B2F-DONG-0303,500X900,보(X),DONG,B2F,500x900,2.1702
400X800-B2F-DONG-0489,400X800,보(X),DONG,B2F,400x800,1.5881
500X900-B2F-DONG-0304,500X900,보(X),DONG,B2F,500x900,2.7809
500X900-B2F-DONG-0305,500X900,보(X),DONG,B2F,500x900,2.781
500X600-B2F-DONG-1089,500X600,보(X),DONG,B2F,500x600,1.854
500X600-B2F-DONG-1090,500X600,보(X),DONG,B2F,500x600,1.854
1100X900-B2F-DONG-0012,1100X900,보(X),DONG,B2F,1100x900,7.6131
1100X900-B2F-DONG-0013,1100X900,보(X),DONG,B2F,1100x900,7.4637
1100X900-B2F-DONG-0014,1100X900,보(X),DONG,B2F,1100x900,7.4259
1100X900-B2F-DONG-0015,1100X900,보(X),DONG,B2F,1100x900,7.6239
700X900-B2F-DONG-0106,700X900,보(X),DONG,B2F,700x900,5.0229
700X900-B2F-DONG-0107,700X900,보(X),DONG,B2F,700x900,4.8628
500X600-B2F-DONG-1091,500X600,보(Y),DONG,B2F,500x600,10.494
600X900-B2F-DONG-0097,600X900,보(X),DONG,B2F,600x900,2.484
600X900-B2F-DONG-0098,600X900,보(Y),DONG,B2F,600x900,1.674
400X900-B2F-DONG-0007,400X900,보(Y),DONG,B2F,400x900,1.3534
500X900-B2F-DONG-0306,500X900,보(X),DONG,B2F,500x900,0.7879
600X900-B2F-DONG-0099,600X900,보(Y),DONG,B2F,600x900,3.174
500X900-B2F-DONG-0307,500X900,보(X),DONG,B2F,500x900,2.4975
500X900-B2F-DONG-0308,500X900,보(Y),DONG,B2F,500x900,0.4007
1100X900-B2F-DONG-0016,1100X900,보(Y),DONG,B2F,1100x900,0.6585
1100X900-B2F-DONG-0017,1100X900,보(X),DONG,B2F,1100x900,1.2275
700X900-B2F-DONG-0108,700X900,보(Y),DONG,B2F,700x900,0.5897
700X900-B2F-DONG-0109,700X900,보(X),DONG,B2F,700x900,3.087
700X900-B2F-DONG-0110,700X900,보(X),DONG,B2F,700x900,2.0668
1100X900-B2F-DONG-0018,1100X900,보(X),DONG,B2F,1100x900,9.1752
700X900-B2F-DONG-0111,700X900,보(X),DONG,B2F,700x900,4.8447
600X900-B2F-DONG-0100,600X900,보(X),DONG,B2F,600x900,0.6524
600X900-B2F-DONG-0101,600X900,보(Y),DONG,B2F,600x900,0.8372
600X900-B2F-DONG-0102,600X900,보(X),DONG,B2F,600x900,2.8661
1100X900-B2F-DONG-0019,1100X900,보(Y),DONG,B2F,1100x900,5.6515
1100X900-B2F-DONG-0020,1100X900,보(Y),DONG,B2F,1100x900,6.0956
500X700-B2F-DONG-0014,500X700,보(X),DONG,B2F,500x700,1.5695
500X700-B2F-DONG-0015,500X700,보(Y),DONG,B2F,500x700,0.812
700X900-B2F-DONG-0112,700X900,보(X),DONG,B2F,700x900,0.5311
700X900-B2F-DONG-0113,700X900,보(Y),DONG,B2F,700x900,2.395
500X900-B2F-DONG-0309,500X900,보(Y),DONG,B2F,500x900,1.9253
700X900-B2F-DONG-0114,700X900,보(Y),DONG,B2F,700x900,2.3404
600X900_EST-B2F-DONG-0011,600X900_EST,보(X),DONG,B2F,600x900,13.0141
500X900-B2F-DONG-0310,500X900,보(Y),DONG,B2F,500x900,0.765
600X900-B2F-DONG-0103,600X900,보(X),DONG,B2F,600x900,4.8169
900X900-B2F-DONG-0036,900X900,보(Y),DONG,B2F,900x900,5.508
600X900-B2F-DONG-0104,600X900,보(X),DONG,B2F,600x900,4.7357
900X900-B2F-DONG-0037,900X900,보(Y),DONG,B2F,900x900,5.508
500X900-B2F-DONG-0311,500X900,보(Y),DONG,B2F,500x900,0.765
500X900-B2F-DONG-0312,500X900,보(Y),DONG,B2F,500x900,1.2672
500X900-B2F-DONG-0313,500X900,보(X),DONG,B2F,500x900,3.3425
500X900-B2F-DONG-0314,500X900,보(Y),DONG,B2F,500x900,1.269
500X900-B2F-DONG-0315,500X900,보(X),DONG,B2F,500x900,3.2625
600X900-B2F-DONG-0105,600X900,보(X),DONG,B2F,600x900,1.8872
500X600-B2F-DONG-1092,500X600,보(Y),DONG,B2F,500x600,1.686
500X900-B2F-DONG-0316,500X900,보(X),DONG,B2F,500x900,3.105
500X900-B2F-DONG-0317,500X900,보(Y),DONG,B2F,500x900,2.1636
500X900-B2F-DONG-0318,500X900,보(Y),DONG,B2F,500x900,0.6376
500X900-B2F-DONG-0319,500X900,보(Y),DONG,B2F,500x900,1.26
500X900-B2F-DONG-0320,500X900,보(X),DONG,B2F,500x900,2.565
500X900-B2F-DONG-0321,500X900,보(X),DONG,B2F,500x900,3.4419
500X900-B2F-DONG-0322,500X900,보(Y),DONG,B2F,500x900,2.4601
500X900-B2F-DONG-0323,500X900,보(X),DONG,B2F,500x900,3.3753
500X900-B2F-DONG-0324,500X900,보(Y),DONG,B2F,500x900,2.4601
500X900-B2F-DONG-0325,500X900,보(Y),DONG,B2F,500x900,3.5849
600X600-B2F-DONG-0040,600X600,보(Y),DONG,B2F,600x600,2.8679
500X900-B2F-DONG-0326,500X900,보(Y),DONG,B2F,500x900,3.6073
500X900-B2F-DONG-0327,500X900,보(Y),DONG,B2F,500x900,3.6974
600X900-B2F-DONG-0106,600X900,보(Y),DONG,B2F,600x900,4.3288
600X900-B2F-DONG-0107,600X900,보(Y),DONG,B2F,600x900,4.3018
500X600-B2F-DONG-1093,500X600,보(X),DONG,B2F,500x600,1.0229
500X900-B2F-DONG-0328,500X900,보(Y),DONG,B2F,500x900,1.9321
500X900-B2F-DONG-0329,500X900,보(Y),DONG,B2F,500x900,3.78
500X600-B2F-DONG-1094,500X600,보(X),DONG,B2F,500x600,0.7171
500X600-B2F-DONG-1095,500X600,보(Y),DONG,B2F,500x600,1.2
500X600-B2F-DONG-1096,500X600,보(Y),DONG,B2F,500x600,1.2006
500X600-B2F-DONG-1097,500X600,보(X),DONG,B2F,500x600,0.6661
500X600-B2F-DONG-1098,500X600,보(X),DONG,B2F,500x600,0.6661
500X600-B2F-DONG-1099,500X600,보(X),DONG,B2F,500x600,1.536
500X600-B2F-DONG-1100,500X600,보(X),DONG,B2F,500x600,1.8345
500X600-B2F-DONG-1101,500X600,보(X),DONG,B2F,500x600,0.918
500X600-B2F-DONG-1102,500X600,보(X),DONG,B2F,500x600,0.5912
500X600-B2F-DONG-1103,500X600,보(X),DONG,B2F,500x600,1.2075
500X600-B2F-DONG-1104,500X600,보(X),DONG,B2F,500x600,0.918
500X600-B2F-DONG-1105,500X600,보(Y),DONG,B2F,500x600,1.2
500X600-B2F-DONG-1106,500X600,보(Y),DONG,B2F,500x600,1.2
500X600-B2F-DONG-1107,500X600,보(Y),DONG,B2F,500x600,1.2
400X800-B2F-DONG-0490,400X800,보(Y),DONG,B2F,400x800,1.2806
500X600-B2F-DONG-1108,500X600,보(Y),DONG,B2F,500x600,1.2
500X600-B2F-DONG-1109,500X600,보(Y),DONG,B2F,500x600,1.2
500X600-B2F-DONG-1110,500X600,보(X),DONG,B2F,500x600,0.7776
500X600-B2F-DONG-1111,500X600,보(X),DONG,B2F,500x600,0.6478
500X600-B2F-DONG-1112,500X600,보(Y),DONG,B2F,500x600,1.2115
500X600-B2F-DONG-1113,500X600,보(Y),DONG,B2F,500x600,1.2115
500X600-B2F-DONG-1114,500X600,보(Y),DONG,B2F,500x600,1.3623
500X600-B2F-DONG-1115,500X600,보(Y),DONG,B2F,500x600,1.2109
500X600-B2F-DONG-1116,500X600,보(X),DONG,B2F,500x600,1.536
500X600-B2F-DONG-1117,500X600,보(X),DONG,B2F,500x600,1.2075
500X600-B2F-DONG-1118,500X600,보(X),DONG,B2F,500x600,1.0933
500X600-B2F-DONG-1119,500X600,보(Y),DONG,B2F,500x600,0.15
1100X900-B2F-DONG-0021,1100X900,보(X),DONG,B2F,1100x900,8.6873
1100X900-B2F-DONG-0022,1100X900,보(X),DONG,B2F,1100x900,8.6266
600X900-B2F-DONG-0108,600X900,보(Y),DONG,B2F,600x900,4.391
600X900-B2F-DONG-0109,600X900,보(Y),DONG,B2F,600x900,4.0075
800X900-B2F-DONG-0052,800X900,보(Y),DONG,B2F,800x900,5.7345
800X900-B2F-DONG-0053,800X900,보(Y),DONG,B2F,800x900,5.8622
500X600-B2F-DONG-1120,500X600,보(X),DONG,B2F,500x600,1.0179
600X900-B2F-DONG-0110,600X900,보(Y),DONG,B2F,600x900,2.239
600X900-B2F-DONG-0111,600X900,보(Y),DONG,B2F,600x900,2.239
500X700-B2F-DONG-0016,500X700,보(Y),DONG,B2F,500x700,2.8855
500X700-B2F-DONG-0017,500X700,보(Y),DONG,B2F,500x700,2.8388
800X900-B2F-DONG-0054,800X900,보(Y),DONG,B2F,800x900,5.8714
800X900-B2F-DONG-0055,800X900,보(Y),DONG,B2F,800x900,5.8714
600X900-B2F-DONG-0112,600X900,보(Y),DONG,B2F,600x900,2.239
600X900-B2F-DONG-0113,600X900,보(Y),DONG,B2F,600x900,2.239
800X900-B2F-DONG-0056,800X900,보(Y),DONG,B2F,800x900,5.8975
500X600-B2F-DONG-1121,500X600,보(Y),DONG,B2F,500x600,2.4573
500X600-B2F-DONG-1122,500X600,보(X),DONG,B2F,500x600,2.4411
500X600-B2F-DONG-1123,500X600,보(X),DONG,B2F,500x600,2.4832
1200X900-B2F-DONG-0001,1200X900,보(X),DONG,B2F,1200x900,7.5198
1200X900-B2F-DONG-0002,1200X900,보(X),DONG,B2F,1200x900,7.7163
900X900-B2F-DONG-0038,900X900,보(Y),DONG,B2F,900x900,6.237
700X1500-B2F-DONG-0005,700X1500,보(Y),DONG,B2F,700x1500,8.085
900X900-B2F-DONG-0039,900X900,보(Y),DONG,B2F,900x900,6.237
900X900-B2F-DONG-0040,900X900,보(Y),DONG,B2F,900x900,6.1552
1100X900-B2F-DONG-0023,1100X900,보(Y),DONG,B2F,1100x900,8.118
1100X900-B2F-DONG-0024,1100X900,보(Y),DONG,B2F,1100x900,8.118
900X900-B2F-DONG-0041,900X900,보(X),DONG,B2F,900x900,0.729
900X900-B2F-DONG-0042,900X900,보(Y),DONG,B2F,900x900,3.645
900X900-B2F-DONG-0043,900X900,보(X),DONG,B2F,900x900,0.729
900X900-B2F-DONG-0044,900X900,보(X),DONG,B2F,900x900,0.729
900X900-B2F-DONG-0045,900X900,보(Y),DONG,B2F,900x900,6.318
400X800-B2F-DONG-0491,400X800,보(X),DONG,B2F,400x800,0.288
400X800-B2F-DONG-0492,400X800,보(X),DONG,B2F,400x800,0.288
900X900-B2F-DONG-0046,900X900,보(Y),DONG,B2F,900x900,6.723
900X900-B2F-DONG-0047,900X900,보(X),DONG,B2F,900x900,0.729
900X900-B2F-DONG-0048,900X900,보(X),DONG,B2F,900x900,0.729
900X900-B2F-DONG-0049,900X900,보(Y),DONG,B2F,900x900,6.723
500X900-B2F-DONG-0330,500X900,보(X),DONG,B2F,500x900,0.405
900X900-B2F-DONG-0050,900X900,보(X),DONG,B2F,900x900,0.729
900X900-B2F-DONG-0051,900X900,보(Y),DONG,B2F,900x900,3.24
900X900-B2F-DONG-0052,900X900,보(X),DONG,B2F,900x900,0.729
900X900-B2F-DONG-0053,900X900,보(X),DONG,B2F,900x900,0.729
900X900-B2F-DONG-0054,900X900,보(Y),DONG,B2F,900x900,5.994
900X900-B2F-DONG-0055,900X900,보(X),DONG,B2F,900x900,0.729
900X900-B2F-DONG-0056,900X900,보(X),DONG,B2F,900x900,0.729
900X900-B2F-DONG-0057,900X900,보(Y),DONG,B2F,900x900,6.399
900X900-B2F-DONG-0058,900X900,보(X),DONG,B2F,900x900,0.729
900X900-B2F-DONG-0059,900X900,보(X),DONG,B2F,900x900,0.729
900X900-B2F-DONG-0060,900X900,보(Y),DONG,B2F,900x900,6.399
500X900-B2F-DONG-0331,500X900,보(X),DONG,B2F,500x900,0.405
900X900-B2F-DONG-0061,900X900,보(X),DONG,B2F,900x900,0.729
900X900-B2F-DONG-0062,900X900,보(Y),DONG,B2F,900x900,3.24
900X900-B2F-DONG-0063,900X900,보(X),DONG,B2F,900x900,0.729
900X900-B2F-DONG-0064,900X900,보(X),DONG,B2F,900x900,0.729
900X900-B2F-DONG-0065,900X900,보(Y),DONG,B2F,900x900,5.994
900X900-B2F-DONG-0066,900X900,보(X),DONG,B2F,900x900,0.729
900X900-B2F-DONG-0067,900X900,보(X),DONG,B2F,900x900,0.729
900X900-B2F-DONG-0068,900X900,보(Y),DONG,B2F,900x900,6.399
900X900-B2F-DONG-0069,900X900,보(X),DONG,B2F,900x900,0.729
900X900-B2F-DONG-0070,900X900,보(X),DONG,B2F,900x900,0.729
900X900-B2F-DONG-0071,900X900,보(Y),DONG,B2F,900x900,6.399
500X900-B2F-DONG-0332,500X900,보(X),DONG,B2F,500x900,0.405
500X900-B2F-DONG-0333,500X900,보(X),DONG,B2F,500x900,0.405
900X900-B2F-DONG-0072,900X900,보(Y),DONG,B2F,900x900,3.1572
900X900-B2F-DONG-0073,900X900,보(X),DONG,B2F,900x900,0.729
900X900-B2F-DONG-0074,900X900,보(X),DONG,B2F,900x900,0.729
900X900-B2F-DONG-0075,900X900,보(Y),DONG,B2F,900x900,6.0768
900X900-B2F-DONG-0076,900X900,보(X),DONG,B2F,900x900,0.729
900X900-B2F-DONG-0077,900X900,보(X),DONG,B2F,900x900,0.729
900X900-B2F-DONG-0078,900X900,보(Y),DONG,B2F,900x900,6.399
900X900-B2F-DONG-0079,900X900,보(X),DONG,B2F,900x900,0.729
900X900-B2F-DONG-0080,900X900,보(X),DONG,B2F,900x900,0.729
900X900-B2F-DONG-0081,900X900,보(Y),DONG,B2F,900x900,6.399
500X900-B2F-DONG-0334,500X900,보(X),DONG,B2F,500x900,0.405
900X900-B2F-DONG-0082,900X900,보(X),DONG,B2F,900x900,0.729
900X900-B2F-DONG-0083,900X900,보(Y),DONG,B2F,900x900,6.0768
900X900-B2F-DONG-0084,900X900,보(X),DONG,B2F,900x900,0.729
900X900-B2F-DONG-0085,900X900,보(X),DONG,B2F,900x900,0.729
900X900-B2F-DONG-0086,900X900,보(Y),DONG,B2F,900x900,6.399
900X900-B2F-DONG-0087,900X900,보(X),DONG,B2F,900x900,0.729
900X900-B2F-DONG-0088,900X900,보(X),DONG,B2F,900x900,0.729
900X900-B2F-DONG-0089,900X900,보(Y),DONG,B2F,900x900,6.399
500X900-B2F-DONG-0335,500X900,보(X),DONG,B2F,500x900,0.405
900X900-B2F-DONG-0090,900X900,보(X),DONG,B2F,900x900,0.729
900X900-B2F-DONG-0091,900X900,보(Y),DONG,B2F,900x900,6.0768
900X900-B2F-DONG-0092,900X900,보(X),DONG,B2F,900x900,0.729
900X900-B2F-DONG-0093,900X900,보(X),DONG,B2F,900x900,0.729
900X900-B2F-DONG-0094,900X900,보(Y),DONG,B2F,900x900,6.399
900X900-B2F-DONG-0095,900X900,보(X),DONG,B2F,900x900,0.729
900X900-B2F-DONG-0096,900X900,보(X),DONG,B2F,900x900,0.729
900X900-B2F-DONG-0097,900X900,보(Y),DONG,B2F,900x900,6.399
500X900-B2F-DONG-0336,500X900,보(X),DONG,B2F,500x900,0.405
900X900-B2F-DONG-0098,900X900,보(X),DONG,B2F,900x900,0.729
900X900-B2F-DONG-0099,900X900,보(Y),DONG,B2F,900x900,6.156
1000X900-B2F-DONG-0009,1000X900,보(X),DONG,B2F,1000x900,0.81
900X900-B2F-DONG-0100,900X900,보(X),DONG,B2F,900x900,0.729
900X900-B2F-DONG-0101,900X900,보(Y),DONG,B2F,900x900,6.318
500X900-B2F-DONG-0337,500X900,보(X),DONG,B2F,500x900,0.405
900X900-B2F-DONG-0102,900X900,보(X),DONG,B2F,900x900,0.729
900X900-B2F-DONG-0103,900X900,보(Y),DONG,B2F,900x900,6.156
900X900-B2F-DONG-0104,900X900,보(X),DONG,B2F,900x900,0.729
900X900-B2F-DONG-0105,900X900,보(X),DONG,B2F,900x900,0.729
900X900-B2F-DONG-0106,900X900,보(Y),DONG,B2F,900x900,6.318
500X900-B2F-DONG-0338,500X900,보(X),DONG,B2F,500x900,0.405
900X900-B2F-DONG-0107,900X900,보(X),DONG,B2F,900x900,0.729
900X900-B2F-DONG-0108,900X900,보(Y),DONG,B2F,900x900,6.156
900X900-B2F-DONG-0109,900X900,보(X),DONG,B2F,900x900,0.729
900X900-B2F-DONG-0110,900X900,보(X),DONG,B2F,900x900,0.729
900X900-B2F-DONG-0111,900X900,보(Y),DONG,B2F,900x900,6.318
500X900-B2F-DONG-0339,500X900,보(X),DONG,B2F,500x900,0.405
900X900-B2F-DONG-0112,900X900,보(X),DONG,B2F,900x900,0.729
900X900-B2F-DONG-0113,900X900,보(Y),DONG,B2F,900x900,6.156
900X900-B2F-DONG-0114,900X900,보(X),DONG,B2F,900x900,0.729
900X900-B2F-DONG-0115,900X900,보(X),DONG,B2F,900x900,0.729
900X900-B2F-DONG-0116,900X900,보(Y),DONG,B2F,900x900,6.318
500X900-B2F-DONG-0340,500X900,보(X),DONG,B2F,500x900,0.405
600X900-B2F-DONG-0114,600X900,보(X),DONG,B2F,600x900,0.486
900X900-B2F-DONG-0117,900X900,보(Y),DONG,B2F,900x900,6.156
400X800-B2F-DONG-0493,400X800,보(X),DONG,B2F,400x800,0.288
400X800-B2F-DONG-0494,400X800,보(X),DONG,B2F,400x800,0.288
900X900-B2F-DONG-0118,900X900,보(Y),DONG,B2F,900x900,5.7949
400X800-B2F-DONG-0495,400X800,보(X),DONG,B2F,400x800,0.3853
900X900-B2F-DONG-0119,900X900,보(X),DONG,B2F,900x900,0.729
900X900-B2F-DONG-0120,900X900,보(Y),DONG,B2F,900x900,6.156
900X900-B2F-DONG-0121,900X900,보(X),DONG,B2F,900x900,0.729
900X900-B2F-DONG-0122,900X900,보(X),DONG,B2F,900x900,0.729
400X800-B2F-DONG-0496,400X800,보(Y),DONG,B2F,400x800,2.496
500X900-B2F-DONG-0341,500X900,보(X),DONG,B2F,500x900,0.405
900X900-B2F-DONG-0123,900X900,보(X),DONG,B2F,900x900,0.729
900X900-B2F-DONG-0124,900X900,보(Y),DONG,B2F,900x900,6.156
900X900-B2F-DONG-0125,900X900,보(X),DONG,B2F,900x900,0.729
900X900-B2F-DONG-0126,900X900,보(X),DONG,B2F,900x900,0.729
900X900-B2F-DONG-0127,900X900,보(Y),DONG,B2F,900x900,6.318
500X900-B2F-DONG-0342,500X900,보(X),DONG,B2F,500x900,0.405
700X900-B2F-DONG-0115,700X900,보(X),DONG,B2F,700x900,0.567
900X900-B2F-DONG-0128,900X900,보(Y),DONG,B2F,900x900,6.156
900X900-B2F-DONG-0129,900X900,보(X),DONG,B2F,900x900,0.729
900X900-B2F-DONG-0130,900X900,보(X),DONG,B2F,900x900,0.729
900X900-B2F-DONG-0131,900X900,보(Y),DONG,B2F,900x900,6.1492
400X800-B2F-DONG-0497,400X800,보(X),DONG,B2F,400x800,0.6369
600X900-B2F-DONG-0115,600X900,보(X),DONG,B2F,600x900,0.486
900X900-B2F-DONG-0132,900X900,보(Y),DONG,B2F,900x900,6.642
600X900-B2F-DONG-0116,600X900,보(X),DONG,B2F,600x900,0.486
900X900-B2F-DONG-0133,900X900,보(X),DONG,B2F,900x900,0.729
900X900-B2F-DONG-0134,900X900,보(Y),DONG,B2F,900x900,6.156
900X900-B2F-DONG-0135,900X900,보(X),DONG,B2F,900x900,0.729
900X900-B2F-DONG-0136,900X900,보(X),DONG,B2F,900x900,0.729
900X900-B2F-DONG-0137,900X900,보(Y),DONG,B2F,900x900,6.156
900X900-B2F-DONG-0138,900X900,보(X),DONG,B2F,900x900,0.729
900X900-B2F-DONG-0139,900X900,보(Y),DONG,B2F,900x900,7.2125
600X1500-B2F-DONG-0012,600X1500,보(X),DONG,B2F,600x1500,0.81
900X900-B2F-DONG-0140,900X900,보(Y),DONG,B2F,900x900,6.4915
900X900-B2F-DONG-0141,900X900,보(X),DONG,B2F,900x900,0.729
900X900-B2F-DONG-0142,900X900,보(Y),DONG,B2F,900x900,6.318
600X1500-B2F-DONG-0013,600X1500,보(X),DONG,B2F,600x1500,0.81
900X900-B2F-DONG-0143,900X900,보(Y),DONG,B2F,900x900,6.966
600X1500-B2F-DONG-0014,600X1500,보(X),DONG,B2F,600x1500,0.81
900X900-B2F-DONG-0144,900X900,보(Y),DONG,B2F,900x900,6.4915
500X700-B2F-DONG-0018,500X700,보(X),DONG,B2F,500x700,0.315
900X900-B2F-DONG-0145,900X900,보(Y),DONG,B2F,900x900,6.318
600X1500-B2F-DONG-0015,600X1500,보(X),DONG,B2F,600x1500,0.81
700X600-B2F-DONG-0209,700X600,보(Y),DONG,B2F,700x600,3.612
600X1500-B2F-DONG-0016,600X1500,보(X),DONG,B2F,600x1500,0.81
900X900-B2F-DONG-0146,900X900,보(Y),DONG,B2F,900x900,6.4915
900X900-B2F-DONG-0147,900X900,보(X),DONG,B2F,900x900,0.729
900X900-B2F-DONG-0148,900X900,보(Y),DONG,B2F,900x900,6.318
600X1500-B2F-DONG-0017,600X1500,보(X),DONG,B2F,600x1500,0.81
900X900-B2F-DONG-0149,900X900,보(Y),DONG,B2F,900x900,6.966
500X600-B2F-DONG-1124,500X600,보(X),DONG,B2F,500x600,0.27
900X900-B2F-DONG-0150,900X900,보(Y),DONG,B2F,900x900,6.4915
900X900-B2F-DONG-0151,900X900,보(X),DONG,B2F,900x900,0.729
900X900-B2F-DONG-0152,900X900,보(Y),DONG,B2F,900x900,6.318
500X600-B2F-DONG-1125,500X600,보(X),DONG,B2F,500x600,0.27
900X900-B2F-DONG-0153,900X900,보(Y),DONG,B2F,900x900,6.966
500X600-B2F-DONG-1126,500X600,보(X),DONG,B2F,500x600,0.27
900X900-B2F-DONG-0154,900X900,보(Y),DONG,B2F,900x900,6.4915
600X1200-B2F-DONG-0009,600X1200,보(X),DONG,B2F,600x1200,0.648
900X900-B2F-DONG-0155,900X900,보(Y),DONG,B2F,900x900,6.318
500X600-B2F-DONG-1127,500X600,보(X),DONG,B2F,500x600,0.27
900X900-B2F-DONG-0156,900X900,보(Y),DONG,B2F,900x900,6.966
500X600-B2F-DONG-1128,500X600,보(X),DONG,B2F,500x600,0.27
500X600-B2F-DONG-1129,500X600,보(Y),DONG,B2F,500x600,2.4043
700X1700-B2F-DONG-0003,700X1700,보(X),DONG,B2F,700x1700,1.071
900X900-B2F-DONG-0157,900X900,보(Y),DONG,B2F,900x900,6.318
500X600-B2F-DONG-1130,500X600,보(X),DONG,B2F,500x600,0.27
900X900-B2F-DONG-0158,900X900,보(X),DONG,B2F,900x900,0.729
900X900-B2F-DONG-0159,900X900,보(Y),DONG,B2F,900x900,6.318
900X900-B2F-DONG-0160,900X900,보(X),DONG,B2F,900x900,0.729
500X600-B2F-DONG-1131,500X600,보(X),DONG,B2F,500x600,0.27
900X900-B2F-DONG-0161,900X900,보(Y),DONG,B2F,900x900,6.156
400X800-B2F-DONG-0498,400X800,보(X),DONG,B2F,400x800,0.288
400X800-B2F-DONG-0499,400X800,보(X),DONG,B2F,400x800,0.288
500X600-B2F-DONG-1132,500X600,보(Y),DONG,B2F,500x600,2.34
400X800-B2F-DONG-0500,400X800,보(X),DONG,B2F,400x800,0.288
500X600-B2F-DONG-1133,500X600,보(X),DONG,B2F,500x600,0.27
900X900-B2F-DONG-0162,900X900,보(Y),DONG,B2F,900x900,6.318
400X800-B2F-DONG-0501,400X800,보(X),DONG,B2F,400x800,0.288
500X600-B2F-DONG-1134,500X600,보(X),DONG,B2F,500x600,0.27
500X600-B2F-DONG-1135,500X600,보(Y),DONG,B2F,500x600,2.28
500X600-B2F-DONG-1136,500X600,보(X),DONG,B2F,500x600,0.27
400X800-B2F-DONG-0502,400X800,보(X),DONG,B2F,400x800,0.288
900X900-B2F-DONG-0163,900X900,보(Y),DONG,B2F,900x900,6.318
500X600-B2F-DONG-1137,500X600,보(X),DONG,B2F,500x600,0.27
900X900-B2F-DONG-0164,900X900,보(Y),DONG,B2F,900x900,3.159
900X900-B2F-DONG-0165,900X900,보(X),DONG,B2F,900x900,0.729
900X900-B2F-DONG-0166,900X900,보(Y),DONG,B2F,900x900,2.511
700X600-B2F-DONG-0210,700X600,보(X),DONG,B2F,700x600,0.378
900X900-B2F-DONG-0167,900X900,보(X),DONG,B2F,900x900,0.729
900X900-B2F-DONG-0168,900X900,보(Y),DONG,B2F,900x900,2.511
700X600-B2F-DONG-0211,700X600,보(X),DONG,B2F,700x600,0.378
900X900-B2F-DONG-0169,900X900,보(X),DONG,B2F,900x900,0.729
900X900-B2F-DONG-0170,900X900,보(Y),DONG,B2F,900x900,6.237
900X900-B2F-DONG-0171,900X900,보(X),DONG,B2F,900x900,0.729
900X900-B2F-DONG-0172,900X900,보(X),DONG,B2F,900x900,0.729
900X900-B2F-DONG-0173,900X900,보(Y),DONG,B2F,900x900,5.67
500X900-B2F-DONG-0343,500X900,보(X),DONG,B2F,500x900,0.405
900X900-B2F-DONG-0174,900X900,보(Y),DONG,B2F,900x900,6.57
900X900-B2F-DONG-0175,900X900,보(X),DONG,B2F,900x900,0.729
900X900-B2F-DONG-0176,900X900,보(Y),DONG,B2F,900x900,6.8059
900X900-B2F-DONG-0177,900X900,보(Y),DONG,B2F,900x900,3.483
900X900-B2F-DONG-0178,900X900,보(X),DONG,B2F,900x900,0.729
900X900-B2F-DONG-0179,900X900,보(Y),DONG,B2F,900x900,6.734
800X1500-B2F-DONG-0010,800X1500,보(Y),DONG,B2F,800x1500,10.44
900X900-B2F-DONG-0180,900X900,보(Y),DONG,B2F,900x900,7.047
900X900-B2F-DONG-0181,900X900,보(Y),DONG,B2F,900x900,7.047
500X900-B2F-DONG-0344,500X900,보(X),DONG,B2F,500x900,0.405
900X900-B2F-DONG-0182,900X900,보(Y),DONG,B2F,900x900,6.723
400X800-B2F-DONG-0503,400X800,보(X),DONG,B2F,400x800,0.288
900X900-B2F-DONG-0183,900X900,보(Y),DONG,B2F,900x900,6.885
900X900-B2F-DONG-0184,900X900,보(Y),DONG,B2F,900x900,6.885
900X900-B2F-DONG-0185,900X900,보(Y),DONG,B2F,900x900,6.2615
600X1800-B2F-DONG-0007,600X1800,보(X),DONG,B2F,600x1800,1.0256
900X900-B2F-DONG-0186,900X900,보(Y),DONG,B2F,900x900,6.885
400X800-B2F-DONG-0504,400X800,보(X),DONG,B2F,400x800,0.288
900X900-B2F-DONG-0187,900X900,보(Y),DONG,B2F,900x900,6.561
400X800-B2F-DONG-0505,400X800,보(X),DONG,B2F,400x800,0.288
900X900-B2F-DONG-0188,900X900,보(Y),DONG,B2F,900x900,6.642
900X900-B2F-DONG-0189,900X900,보(Y),DONG,B2F,900x900,6.642
900X900-B2F-DONG-0190,900X900,보(Y),DONG,B2F,900x900,6.642
400X800-B2F-DONG-0506,400X800,보(X),DONG,B2F,400x800,0.288
900X900-B2F-DONG-0191,900X900,보(Y),DONG,B2F,900x900,6.318
700X600-B2F-DONG-0212,700X600,보(X),DONG,B2F,700x600,0.378
500X700-B2F-DONG-0019,500X700,보(X),DONG,B2F,500x700,0.315
900X900-B2F-DONG-0192,900X900,보(Y),DONG,B2F,900x900,6.156
400X800-B2F-DONG-0507,400X800,보(X),DONG,B2F,400x800,0.288
900X900-B2F-DONG-0193,900X900,보(X),DONG,B2F,900x900,0.729
900X900-B2F-DONG-0194,900X900,보(Y),DONG,B2F,900x900,6.156
400X800-B2F-DONG-0508,400X800,보(X),DONG,B2F,400x800,0.288
600X1500-B2F-DONG-0018,600X1500,보(X),DONG,B2F,600x1500,0.81
900X900-B2F-DONG-0195,900X900,보(Y),DONG,B2F,900x900,6.156
400X800-B2F-DONG-0509,400X800,보(X),DONG,B2F,400x800,0.288
900X900-B2F-DONG-0196,900X900,보(X),DONG,B2F,900x900,0.729
900X900-B2F-DONG-0197,900X900,보(Y),DONG,B2F,900x900,6.156
400X800-B2F-DONG-0510,400X800,보(X),DONG,B2F,400x800,0.288
400X800-B2F-DONG-0511,400X800,보(X),DONG,B2F,400x800,0.288
900X900-B2F-DONG-0198,900X900,보(Y),DONG,B2F,900x900,6.156
400X800-B2F-DONG-0512,400X800,보(X),DONG,B2F,400x800,0.288
400X800-B2F-DONG-0513,400X800,보(X),DONG,B2F,400x800,0.288
900X900-B2F-DONG-0199,900X900,보(Y),DONG,B2F,900x900,6.156
400X900_EST-B2F-DONG-0038,400X900_EST,보(X),DONG,B2F,400x900,0.324
900X900-B2F-DONG-0200,900X900,보(X),DONG,B2F,900x900,0.729
900X900-B2F-DONG-0201,900X900,보(Y),DONG,B2F,900x900,6.156
400X800-B2F-DONG-0514,400X800,보(X),DONG,B2F,400x800,0.288
400X800-B2F-DONG-0515,400X800,보(X),DONG,B2F,400x800,0.288
900X900-B2F-DONG-0202,900X900,보(Y),DONG,B2F,900x900,6.156
400X800-B2F-DONG-0516,400X800,보(X),DONG,B2F,400x800,0.288
700X900-B2F-DONG-0116,700X900,보(X),DONG,B2F,700x900,0.567
900X900-B2F-DONG-0203,900X900,보(Y),DONG,B2F,900x900,5.6534
400X800-B2F-DONG-0517,400X800,보(X),DONG,B2F,400x800,0.44
400X800-B2F-DONG-0518,400X800,보(X),DONG,B2F,400x800,0.288
900X900-B2F-DONG-0204,900X900,보(Y),DONG,B2F,900x900,6.9852
700X900-B2F-DONG-0117,700X900,보(X),DONG,B2F,700x900,1.114
900X900-B2F-DONG-0205,900X900,보(X),DONG,B2F,900x900,6.6531
500X900-B2F-DONG-0345,500X900,보(X),DONG,B2F,500x900,0.405
900X900-B2F-DONG-0206,900X900,보(X),DONG,B2F,900x900,0.729
900X900-B2F-DONG-0207,900X900,보(Y),DONG,B2F,900x900,6.156
600X900-B2F-DONG-0117,600X900,보(X),DONG,B2F,600x900,0.486
600X900-B2F-DONG-0118,600X900,보(X),DONG,B2F,600x900,0.486
900X900-B2F-DONG-0208,900X900,보(Y),DONG,B2F,900x900,6.318
500X900-B2F-DONG-0346,500X900,보(X),DONG,B2F,500x900,0.405
1500X1000-B2F-DONG-0001,1500X1000,보(X),DONG,B2F,1500x1000,2.8661
900X900-B2F-DONG-0209,900X900,보(Y),DONG,B2F,900x900,5.4688
900X900-B2F-DONG-0210,900X900,보(X),DONG,B2F,900x900,0.729
900X900-B2F-DONG-0211,900X900,보(Y),DONG,B2F,900x900,6.156
900X900-B2F-DONG-0212,900X900,보(X),DONG,B2F,900x900,0.729
900X900-B2F-DONG-0213,900X900,보(X),DONG,B2F,900x900,0.729
900X900-B2F-DONG-0214,900X900,보(Y),DONG,B2F,900x900,6.318
600X900-B2F-DONG-0119,600X900,보(X),DONG,B2F,600x900,0.486
900X900-B2F-DONG-0215,900X900,보(X),DONG,B2F,900x900,0.729
900X900-B2F-DONG-0216,900X900,보(Y),DONG,B2F,900x900,6.156
900X900-B2F-DONG-0217,900X900,보(X),DONG,B2F,900x900,0.729
900X900-B2F-DONG-0218,900X900,보(X),DONG,B2F,900x900,0.729
900X900-B2F-DONG-0219,900X900,보(Y),DONG,B2F,900x900,6.318
600X900-B2F-DONG-0120,600X900,보(X),DONG,B2F,600x900,0.486
400X800-B2F-DONG-0519,400X800,보(X),DONG,B2F,400x800,0.288
900X900-B2F-DONG-0220,900X900,보(Y),DONG,B2F,900x900,6.156
400X800-B2F-DONG-0520,400X800,보(X),DONG,B2F,400x800,0.288
400X800-B2F-DONG-0521,400X800,보(X),DONG,B2F,400x800,0.288
900X900-B2F-DONG-0221,900X900,보(Y),DONG,B2F,900x900,6.318
600X900-B2F-DONG-0121,600X900,보(X),DONG,B2F,600x900,0.486
900X900-B2F-DONG-0222,900X900,보(Y),DONG,B2F,900x900,6.48
400X800-B2F-DONG-0522,400X800,보(X),DONG,B2F,400x800,0.5394
400X800-B2F-DONG-0523,400X800,보(X),DONG,B2F,400x800,0.5174
900X900-B2F-DONG-0223,900X900,보(X),DONG,B2F,900x900,6.2771
600X900-B2F-DONG-0122,600X900,보(X),DONG,B2F,600x900,0.486
500X900-B2F-DONG-0347,500X900,보(X),DONG,B2F,500x900,0.405
900X900-B2F-DONG-0224,900X900,보(Y),DONG,B2F,900x900,6.156
500X900-B2F-DONG-0348,500X900,보(X),DONG,B2F,500x900,0.405
500X900-B2F-DONG-0349,500X900,보(X),DONG,B2F,500x900,0.405
900X900-B2F-DONG-0225,900X900,보(Y),DONG,B2F,900x900,6.318
500X900-B2F-DONG-0350,500X900,보(X),DONG,B2F,500x900,0.405
400X900-B2F-DONG-0008,400X900,보(X),DONG,B2F,400x900,1.602
700X900-B2F-DONG-0118,700X900,보(X),DONG,B2F,700x900,0.315
500X900-B2F-DONG-0351,500X900,보(Y),DONG,B2F,500x900,3.375
700X900-B2F-DONG-0119,700X900,보(X),DONG,B2F,700x900,0.315
700X900-B2F-DONG-0120,700X900,보(X),DONG,B2F,700x900,0.315
500X900-B2F-DONG-0352,500X900,보(Y),DONG,B2F,500x900,3.6
700X900-B2F-DONG-0121,700X900,보(X),DONG,B2F,700x900,0.315
600X900-B2F-DONG-0123,600X900,보(X),DONG,B2F,600x900,0.27
500X900-B2F-DONG-0353,500X900,보(Y),DONG,B2F,500x900,3.6225
700X900-B2F-DONG-0122,700X900,보(X),DONG,B2F,700x900,0.315
500X900-B2F-DONG-0354,500X900,보(Y),DONG,B2F,500x900,0.405
900X900-B2F-DONG-0226,900X900,보(X),DONG,B2F,900x900,6.0345
500X600-B2F-DONG-1138,500X600,보(Y),DONG,B2F,500x600,0.27
900X900-B2F-DONG-0227,900X900,보(Y),DONG,B2F,900x900,0.486
600X900-B2F-DONG-0124,600X900,보(X),DONG,B2F,600x900,4.0393
500X600-B2F-DONG-1139,500X600,보(Y),DONG,B2F,500x600,0.18
800X900-B2F-DONG-0057,800X900,보(Y),DONG,B2F,800x900,0.432
600X900-B2F-DONG-0125,600X900,보(X),DONG,B2F,600x900,1.9278
900X900-B2F-DONG-0228,900X900,보(Y),DONG,B2F,900x900,0.486
900X900-B2F-DONG-0229,900X900,보(Y),DONG,B2F,900x900,0.486
600X900-B2F-DONG-0126,600X900,보(X),DONG,B2F,600x900,2.862
800X900-B2F-DONG-0058,800X900,보(Y),DONG,B2F,800x900,0.432
900X900-B2F-DONG-0230,900X900,보(Y),DONG,B2F,900x900,0.486
600X900-B2F-DONG-0127,600X900,보(X),DONG,B2F,600x900,3.5099
900X900-B2F-DONG-0231,900X900,보(Y),DONG,B2F,900x900,0.486
900X900-B2F-DONG-0232,900X900,보(Y),DONG,B2F,900x900,0.486
600X900-B2F-DONG-0128,600X900,보(X),DONG,B2F,600x900,3.6449
900X900-B2F-DONG-0233,900X900,보(Y),DONG,B2F,900x900,0.486
500X900-B2F-DONG-0355,500X900,보(Y),DONG,B2F,500x900,0.315
700X900-B2F-DONG-0123,700X900,보(X),DONG,B2F,700x900,4.2589
600X900-B2F-DONG-0129,600X900,보(Y),DONG,B2F,600x900,0.378
900X900-B2F-DONG-0234,900X900,보(Y),DONG,B2F,900x900,0.486
600X900-B2F-DONG-0130,600X900,보(X),DONG,B2F,600x900,4.7357
900X900-B2F-DONG-0235,900X900,보(Y),DONG,B2F,900x900,0.486
900X900-B2F-DONG-0236,900X900,보(Y),DONG,B2F,900x900,0.486
600X900-B2F-DONG-0131,600X900,보(X),DONG,B2F,600x900,3.726
900X900-B2F-DONG-0237,900X900,보(Y),DONG,B2F,900x900,0.486
600X900-B2F-DONG-0132,600X900,보(X),DONG,B2F,600x900,3.726
900X900-B2F-DONG-0238,900X900,보(Y),DONG,B2F,900x900,0.486
400X900_EST-B2F-DONG-0039,400X900_EST,보(Y),DONG,B2F,400x900,0.252
700X900-B2F-DONG-0124,700X900,보(X),DONG,B2F,700x900,4.6619
500X900-B2F-DONG-0356,500X900,보(Y),DONG,B2F,500x900,0.315
900X900-B2F-DONG-0239,900X900,보(X),DONG,B2F,900x900,0.486
600X900-B2F-DONG-0133,600X900,보(Y),DONG,B2F,600x900,4.0206
1000X900-B2F-DONG-0010,1000X900,보(X),DONG,B2F,1000x900,0.54
600X900-B2F-DONG-0134,600X900,보(Y),DONG,B2F,600x900,4.0225
900X900-B2F-DONG-0240,900X900,보(X),DONG,B2F,900x900,0.486
1100X900-B2F-DONG-0025,1100X900,보(X),DONG,B2F,1100x900,0.594
600X900-B2F-DONG-0135,600X900,보(Y),DONG,B2F,600x900,3.9149
700X900-B2F-DONG-0125,700X900,보(X),DONG,B2F,700x900,0.378
700X900-B2F-DONG-0126,700X900,보(X),DONG,B2F,700x900,0.3895
700X900-B2F-DONG-0127,700X900,보(Y),DONG,B2F,700x900,0.8778
700X900-B2F-DONG-0128,700X900,보(X),DONG,B2F,700x900,0.378
700X900-B2F-DONG-0129,700X900,보(Y),DONG,B2F,700x900,0.9718
700X900-B2F-DONG-0130,700X900,보(X),DONG,B2F,700x900,0.378
600X900-B2F-DONG-0136,600X900,보(Y),DONG,B2F,600x900,4.0986
1100X900-B2F-DONG-0026,1100X900,보(X),DONG,B2F,1100x900,0.594
700X900-B2F-DONG-0131,700X900,보(Y),DONG,B2F,700x900,3.6146
700X900-B2F-DONG-0132,700X900,보(X),DONG,B2F,700x900,0.441
700X900-B2F-DONG-0133,700X900,보(Y),DONG,B2F,700x900,3.7246
600X900-B2F-DONG-0137,600X900,보(X),DONG,B2F,600x900,0.378
700X900-B2F-DONG-0134,700X900,보(Y),DONG,B2F,700x900,4.9699
600X900-B2F-DONG-0138,600X900,보(X),DONG,B2F,600x900,0.378
1100X900-B2F-DONG-0027,1100X900,보(X),DONG,B2F,1100x900,0.6931
700X900-B2F-DONG-0135,700X900,보(Y),DONG,B2F,700x900,4.7563
1000X900-B2F-DONG-0011,1000X900,보(X),DONG,B2F,1000x900,0.6301
500X900-B2F-DONG-0357,500X900,보(X),DONG,B2F,500x900,0.405
900X900-B2F-DONG-0241,900X900,보(Y),DONG,B2F,900x900,7.8651
500X900-B2F-DONG-0358,500X900,보(X),DONG,B2F,500x900,0.4054
700X900-B2F-DONG-0136,700X900,보(X),DONG,B2F,700x900,0.567
900X900-B2F-DONG-0242,900X900,보(Y),DONG,B2F,900x900,7.7031
700X900-B2F-DONG-0137,700X900,보(X),DONG,B2F,700x900,0.5675
700X900-B2F-DONG-0138,700X900,보(X),DONG,B2F,700x900,0.441
700X900-B2F-DONG-0139,700X900,보(Y),DONG,B2F,700x900,5.9913
700X900-B2F-DONG-0140,700X900,보(X),DONG,B2F,700x900,0.4415
700X900-B2F-DONG-0141,700X900,보(X),DONG,B2F,700x900,0.441
700X900-B2F-DONG-0142,700X900,보(Y),DONG,B2F,700x900,2.5325
700X900-B2F-DONG-0143,700X900,보(X),DONG,B2F,700x900,0.4415
600X900-B2F-DONG-0139,600X900,보(Y),DONG,B2F,600x900,0.324
600X900-B2F-DONG-0140,600X900,보(X),DONG,B2F,600x900,4.1252
500X900-B2F-DONG-0359,500X900,보(Y),DONG,B2F,500x900,0.27
600X900-B2F-DONG-0141,600X900,보(Y),DONG,B2F,600x900,0.3339
600X900-B2F-DONG-0142,600X900,보(X),DONG,B2F,600x900,2.3046
600X900-B2F-DONG-0143,600X900,보(Y),DONG,B2F,600x900,0.324
500X900-B2F-DONG-0360,500X900,보(Y),DONG,B2F,500x900,0.27
600X900-B2F-DONG-0144,600X900,보(X),DONG,B2F,600x900,4.0501
700X900-B2F-DONG-0144,700X900,보(Y),DONG,B2F,700x900,0.378
700X900-B2F-DONG-0145,700X900,보(X),DONG,B2F,700x900,0.441
700X900-B2F-DONG-0146,700X900,보(Y),DONG,B2F,700x900,4.7278
1100X900-B2F-DONG-0028,1100X900,보(X),DONG,B2F,1100x900,0.6931
700X900-B2F-DONG-0147,700X900,보(X),DONG,B2F,700x900,0.4546
700X900-B2F-DONG-0148,700X900,보(Y),DONG,B2F,700x900,1.4711
700X900-B2F-DONG-0149,700X900,보(X),DONG,B2F,700x900,0.441
800X900-B2F-DONG-0059,800X900,보(X),DONG,B2F,800x900,0.4452
600X900-B2F-DONG-0145,600X900,보(Y),DONG,B2F,600x900,1.8209
600X900-B2F-DONG-0146,600X900,보(X),DONG,B2F,600x900,0.324
500X900-B2F-DONG-0361,500X900,보(Y),DONG,B2F,500x900,1.7325
500X900-B2F-DONG-0362,500X900,보(X),DONG,B2F,500x900,0.225
700X900-B2F-DONG-0150,700X900,보(X),DONG,B2F,700x900,0.441
700X900-B2F-DONG-0151,700X900,보(Y),DONG,B2F,700x900,2.583
800X900-B2F-DONG-0060,800X900,보(X),DONG,B2F,800x900,0.504
600X900-B2F-DONG-0147,600X900,보(X),DONG,B2F,600x900,0.378
700X900-B2F-DONG-0152,700X900,보(Y),DONG,B2F,700x900,2.646
800X900-B2F-DONG-0061,800X900,보(X),DONG,B2F,800x900,0.504
700X900-B2F-DONG-0153,700X900,보(X),DONG,B2F,700x900,0.4478
700X900-B2F-DONG-0154,700X900,보(Y),DONG,B2F,700x900,2.9617
900X900-B2F-DONG-0243,900X900,보(X),DONG,B2F,900x900,0.567
900X900-B2F-DONG-0244,900X900,보(X),DONG,B2F,900x900,0.486
600X900-B2F-DONG-0148,600X900,보(Y),DONG,B2F,600x900,4.077
600X900-B2F-DONG-0149,600X900,보(X),DONG,B2F,600x900,0.324
800X900-B2F-DONG-0062,800X900,보(X),DONG,B2F,800x900,0.432
600X900-B2F-DONG-0150,600X900,보(Y),DONG,B2F,600x900,4.077
800X900-B2F-DONG-0063,800X900,보(X),DONG,B2F,800x900,0.432
800X900-B2F-DONG-0064,800X900,보(X),DONG,B2F,800x900,0.432
600X900-B2F-DONG-0151,600X900,보(Y),DONG,B2F,600x900,4.104
800X900-B2F-DONG-0065,800X900,보(X),DONG,B2F,800x900,0.432
600X900-B2F-DONG-0152,600X900,보(X),DONG,B2F,600x900,0.27
500X900-B2F-DONG-0363,500X900,보(Y),DONG,B2F,500x900,3.51
600X900-B2F-DONG-0153,600X900,보(X),DONG,B2F,600x900,0.27
600X900-B2F-DONG-0154,600X900,보(X),DONG,B2F,600x900,0.27
500X900-B2F-DONG-0364,500X900,보(Y),DONG,B2F,500x900,2.115
500X900-B2F-DONG-0365,500X900,보(X),DONG,B2F,500x900,0.225
700X900-B2F-DONG-0155,700X900,보(X),DONG,B2F,700x900,0.315
500X900-B2F-DONG-0366,500X900,보(Y),DONG,B2F,500x900,3.2175
600X900-B2F-DONG-0155,600X900,보(X),DONG,B2F,600x900,0.27
700X900-B2F-DONG-0156,700X900,보(X),DONG,B2F,700x900,0.315
500X900-B2F-DONG-0367,500X900,보(Y),DONG,B2F,500x900,3.51
700X900-B2F-DONG-0157,700X900,보(X),DONG,B2F,700x900,0.315
700X900-B2F-DONG-0158,700X900,보(X),DONG,B2F,700x900,0.315
500X900-B2F-DONG-0368,500X900,보(Y),DONG,B2F,500x900,3.51
700X900-B2F-DONG-0159,700X900,보(X),DONG,B2F,700x900,0.315
700X900-B2F-DONG-0160,700X900,보(X),DONG,B2F,700x900,1.2076
700X900-B2F-DONG-0161,700X900,보(X),DONG,B2F,700x900,0.315
500X900-B2F-DONG-0369,500X900,보(Y),DONG,B2F,500x900,3.465
700X900-B2F-DONG-0162,700X900,보(X),DONG,B2F,700x900,0.315
500X900-B2F-DONG-0370,500X900,보(X),DONG,B2F,500x900,0.225
500X900-B2F-DONG-0371,500X900,보(Y),DONG,B2F,500x900,1.6425
700X900-B2F-DONG-0163,700X900,보(X),DONG,B2F,700x900,0.315
600X900-B2F-DONG-0156,600X900,보(X),DONG,B2F,600x900,0.324
600X900-B2F-DONG-0157,600X900,보(Y),DONG,B2F,600x900,1.89
800X900-B2F-DONG-0066,800X900,보(X),DONG,B2F,800x900,0.432
600X900-B2F-DONG-0158,600X900,보(X),DONG,B2F,600x900,0.324
600X900-B2F-DONG-0159,600X900,보(Y),DONG,B2F,600x900,1.89
800X900-B2F-DONG-0067,800X900,보(X),DONG,B2F,800x900,0.432
600X900-B2F-DONG-0160,600X900,보(X),DONG,B2F,600x900,0.324
600X900-B2F-DONG-0161,600X900,보(Y),DONG,B2F,600x900,1.89
800X900-B2F-DONG-0068,800X900,보(X),DONG,B2F,800x900,0.432
800X900-B2F-DONG-0069,800X900,보(X),DONG,B2F,800x900,0.432
600X900-B2F-DONG-0162,600X900,보(Y),DONG,B2F,600x900,4.131
700X900-B2F-DONG-0164,700X900,보(X),DONG,B2F,700x900,0.378
800X900-B2F-DONG-0070,800X900,보(X),DONG,B2F,800x900,0.432
600X900-B2F-DONG-0163,600X900,보(Y),DONG,B2F,600x900,4.077
900X900-B2F-DONG-0245,900X900,보(X),DONG,B2F,900x900,0.486
800X900-B2F-DONG-0071,800X900,보(X),DONG,B2F,800x900,0.432
600X900-B2F-DONG-0164,600X900,보(Y),DONG,B2F,600x900,4.05
1000X900-B2F-DONG-0012,1000X900,보(X),DONG,B2F,1000x900,0.54
500X900-B2F-DONG-0372,500X900,보(Y),DONG,B2F,500x900,0.225
500X900-B2F-DONG-0373,500X900,보(X),DONG,B2F,500x900,3.51
500X900-B2F-DONG-0374,500X900,보(Y),DONG,B2F,500x900,0.225
900X900-B2F-DONG-0246,900X900,보(X),DONG,B2F,900x900,0.486
600X900-B2F-DONG-0165,600X900,보(Y),DONG,B2F,600x900,4.05
1100X900-B2F-DONG-0029,1100X900,보(X),DONG,B2F,1100x900,0.594
1000X900-B2F-DONG-0013,1000X900,보(X),DONG,B2F,1000x900,0.63
700X900-B2F-DONG-0165,700X900,보(Y),DONG,B2F,700x900,4.6935
1100X900-B2F-DONG-0030,1100X900,보(X),DONG,B2F,1100x900,0.693
500X900-B2F-DONG-0375,500X900,보(Y),DONG,B2F,500x900,0.225
500X900-B2F-DONG-0376,500X900,보(X),DONG,B2F,500x900,3.51
500X900-B2F-DONG-0377,500X900,보(Y),DONG,B2F,500x900,0.225
700X900-B2F-DONG-0166,700X900,보(Y),DONG,B2F,700x900,0.315
500X900-B2F-DONG-0378,500X900,보(X),DONG,B2F,500x900,3.51
700X900-B2F-DONG-0167,700X900,보(Y),DONG,B2F,700x900,0.315
1100X900-B2F-DONG-0031,1100X900,보(X),DONG,B2F,1100x900,0.594
600X900-B2F-DONG-0166,600X900,보(Y),DONG,B2F,600x900,3.888
1100X900-B2F-DONG-0032,1100X900,보(X),DONG,B2F,1100x900,0.594
1100X900-B2F-DONG-0033,1100X900,보(X),DONG,B2F,1100x900,0.693
700X900-B2F-DONG-0168,700X900,보(Y),DONG,B2F,700x900,4.7853
400X900_EST-B2F-DONG-0040,400X900_EST,보(X),DONG,B2F,400x900,0.252
700X900-B2F-DONG-0169,700X900,보(X),DONG,B2F,700x900,0.504
600X900-B2F-DONG-0167,600X900,보(Y),DONG,B2F,600x900,4.1632
700X900-B2F-DONG-0170,700X900,보(X),DONG,B2F,700x900,0.504
600X900-B2F-DONG-0168,600X900,보(X),DONG,B2F,600x900,3.7135
600X900-B2F-DONG-0169,600X900,보(X),DONG,B2F,600x900,3.7487
900X900-B2F-DONG-0247,900X900,보(Y),DONG,B2F,900x900,0.486
600X900-B2F-DONG-0170,600X900,보(X),DONG,B2F,600x900,3.942
700X1500-B2F-DONG-0006,700X1500,보(Y),DONG,B2F,700x1500,0.63
900X900-B2F-DONG-0248,900X900,보(Y),DONG,B2F,900x900,0.486
600X900-B2F-DONG-0171,600X900,보(X),DONG,B2F,600x900,4.1849
800X900-B2F-DONG-0072,800X900,보(Y),DONG,B2F,800x900,0.432
700X900-B2F-DONG-0171,700X900,보(X),DONG,B2F,700x900,4.5456
800X900-B2F-DONG-0073,800X900,보(Y),DONG,B2F,800x900,0.504
700X900-B2F-DONG-0172,700X900,보(X),DONG,B2F,700x900,4.5655
800X900-B2F-DONG-0074,800X900,보(Y),DONG,B2F,800x900,0.5045
800X900-B2F-DONG-0075,800X900,보(Y),DONG,B2F,800x900,0.5045
700X900-B2F-DONG-0173,700X900,보(X),DONG,B2F,700x900,4.8671
1100X900-B2F-DONG-0034,1100X900,보(Y),DONG,B2F,1100x900,0.6937
800X900-B2F-DONG-0076,800X900,보(X),DONG,B2F,800x900,0.4387
600X900-B2F-DONG-0172,600X900,보(Y),DONG,B2F,600x900,2.5467
500X600-B2F-DONG-1140,500X600,보(X),DONG,B2F,500x600,0.1828
600X900-B2F-DONG-0173,600X900,보(Y),DONG,B2F,600x900,2.5467
900X900-B2F-DONG-0249,900X900,보(X),DONG,B2F,900x900,0.486
600X900-B2F-DONG-0174,600X900,보(Y),DONG,B2F,600x900,2.4018
600X900-B2F-DONG-0175,600X900,보(X),DONG,B2F,600x900,0.329
900X900-B2F-DONG-0250,900X900,보(X),DONG,B2F,900x900,0.486
600X900-B2F-DONG-0176,600X900,보(Y),DONG,B2F,600x900,4.0748
1000X900-B2F-DONG-0014,1000X900,보(X),DONG,B2F,1000x900,0.5403
600X900-B2F-DONG-0177,600X900,보(X),DONG,B2F,600x900,0.863
900X900-B2F-DONG-0251,900X900,보(X),DONG,B2F,900x900,6.5144
1000X900-B2F-DONG-0015,1000X900,보(X),DONG,B2F,1000x900,0.5403
600X900-B2F-DONG-0178,600X900,보(Y),DONG,B2F,600x900,3.911
700X900-B2F-DONG-0174,700X900,보(X),DONG,B2F,700x900,0.378
600X900-B2F-DONG-0179,600X900,보(Y),DONG,B2F,600x900,3.9484
1100X900-B2F-DONG-0035,1100X900,보(X),DONG,B2F,1100x900,0.5941
600X900-B2F-DONG-0180,600X900,보(Y),DONG,B2F,600x900,3.8883
1300X1300-B2F-DONG-0001,1300X1300,보(X),DONG,B2F,1300x1300,2.6053
1100X900-B2F-DONG-0036,1100X900,보(Y),DONG,B2F,1100x900,0.693
400X800-B2F-DONG-0524,400X800,보(X),DONG,B2F,400x800,2.8189
700X900-B2F-DONG-0175,700X900,보(X),DONG,B2F,700x900,5.3318
1100X900-B2F-DONG-0037,1100X900,보(Y),DONG,B2F,1100x900,0.693
700X900-B2F-DONG-0176,700X900,보(X),DONG,B2F,700x900,5.3272
600X900-B2F-DONG-0181,600X900,보(X),DONG,B2F,600x900,3.9157
400X800-B2F-DONG-0525,400X800,보(Y),DONG,B2F,400x800,0.192
500X900-B2F-DONG-0379,500X900,보(Y),DONG,B2F,500x900,2.0914
600X900-B2F-DONG-0182,600X900,보(X),DONG,B2F,600x900,0.27
600X900-B2F-DONG-0183,600X900,보(X),DONG,B2F,600x900,1.6172
600X900-B2F-DONG-0184,600X900,보(Y),DONG,B2F,600x900,1.5301
600X900-B2F-DONG-0185,600X900,보(Y),DONG,B2F,600x900,3.4266
600X600-B2F-DONG-0041,600X600,보(X),DONG,B2F,600x600,0.2171
600X900-B2F-DONG-0186,600X900,보(Y),DONG,B2F,600x900,3.46
800X900-B2F-DONG-0077,800X900,보(X),DONG,B2F,800x900,0.9421
600X900-B2F-DONG-0187,600X900,보(Y),DONG,B2F,600x900,3.3661
800X900-B2F-DONG-0078,800X900,보(X),DONG,B2F,800x900,0.432
600X900-B2F-DONG-0188,600X900,보(Y),DONG,B2F,600x900,2.75
800X900-B2F-DONG-0079,800X900,보(Y),DONG,B2F,800x900,0.4324
600X900-B2F-DONG-0189,600X900,보(X),DONG,B2F,600x900,3.7625
800X900-B2F-DONG-0080,800X900,보(Y),DONG,B2F,800x900,0.432
600X900-B2F-DONG-0190,600X900,보(X),DONG,B2F,600x900,3.7468
800X900-B2F-DONG-0081,800X900,보(Y),DONG,B2F,800x900,0.432
600X900-B2F-DONG-0191,600X900,보(X),DONG,B2F,600x900,2.4915
800X900-B2F-DONG-0082,800X900,보(Y),DONG,B2F,800x900,0.4324
600X900-B2F-DONG-0192,600X900,보(X),DONG,B2F,600x900,3.4867
800X900-B2F-DONG-0083,800X900,보(Y),DONG,B2F,800x900,0.432
600X900-B2F-DONG-0193,600X900,보(X),DONG,B2F,600x900,3.5482
500X900-B2F-DONG-0380,500X900,보(Y),DONG,B2F,500x900,0.27
600X900-B2F-DONG-0194,600X900,보(X),DONG,B2F,600x900,3.0278
800X900-B2F-DONG-0084,800X900,보(Y),DONG,B2F,800x900,0.4397
600X900-B2F-DONG-0195,600X900,보(Y),DONG,B2F,600x900,3.5013
600X900-B2F-DONG-0196,600X900,보(X),DONG,B2F,600x900,0.3242
600X900-B2F-DONG-0197,600X900,보(Y),DONG,B2F,600x900,3.3115
400X800-B2F-DONG-0526,400X800,보(X),DONG,B2F,400x800,0.192
600X900-B2F-DONG-0198,600X900,보(Y),DONG,B2F,600x900,4.7283
800X900-B2F-DONG-0085,800X900,보(X),DONG,B2F,800x900,0.5087
400X800-B2F-DONG-0527,400X800,보(X),DONG,B2F,400x800,0.192
600X900-B2F-DONG-0199,600X900,보(Y),DONG,B2F,600x900,3.7612
500X600-B2F-DONG-1141,500X600,보(X),DONG,B2F,500x600,0.1848
600X900-B2F-DONG-0200,600X900,보(Y),DONG,B2F,600x900,3.8362
1100X900-B2F-DONG-0038,1100X900,보(X),DONG,B2F,1100x900,0.6097
600X900-B2F-DONG-0201,600X900,보(Y),DONG,B2F,600x900,3.3692
500X600-B2F-DONG-1142,500X600,보(X),DONG,B2F,500x600,0.18
600X900-B2F-DONG-0202,600X900,보(Y),DONG,B2F,600x900,2.5348
900X900-B2F-DONG-0252,900X900,보(X),DONG,B2F,900x900,0.4941
600X900-B2F-DONG-0203,600X900,보(Y),DONG,B2F,600x900,2.6747
900X900-B2F-DONG-0253,900X900,보(X),DONG,B2F,900x900,0.4941
600X900-B2F-DONG-0204,600X900,보(Y),DONG,B2F,600x900,4.4611
700X900-B2F-DONG-0177,700X900,보(X),DONG,B2F,700x900,0.378
600X900-B2F-DONG-0205,600X900,보(Y),DONG,B2F,600x900,4.402
800X900-B2F-DONG-0086,800X900,보(Y),DONG,B2F,800x900,5.9567
700X900-B2F-DONG-0178,700X900,보(X),DONG,B2F,700x900,0.5045
800X900-B2F-DONG-0087,800X900,보(Y),DONG,B2F,800x900,5.8731
700X900-B2F-DONG-0179,700X900,보(Y),DONG,B2F,700x900,4.7407
600X900-B2F-DONG-0206,600X900,보(X),DONG,B2F,600x900,0.3825
700X900-B2F-DONG-0180,700X900,보(Y),DONG,B2F,700x900,4.7446
500X900-B2F-DONG-0381,500X900,보(X),DONG,B2F,500x900,0.27
600X900-B2F-DONG-0207,600X900,보(Y),DONG,B2F,600x900,3.9393
900X900-B2F-DONG-0254,900X900,보(X),DONG,B2F,900x900,0.486
1100X900-B2F-DONG-0039,1100X900,보(X),DONG,B2F,1100x900,0.6097
600X900-B2F-DONG-0208,600X900,보(Y),DONG,B2F,600x900,5.123
600X1000-B2F-DONG-0003,600X1000,보(X),DONG,B2F,600x1000,0.36
600X900-B2F-DONG-0209,600X900,보(Y),DONG,B2F,600x900,5.0479
500X600-B2F-DONG-1143,500X600,보(X),DONG,B2F,500x600,0.1848
600X900-B2F-DONG-0210,600X900,보(Y),DONG,B2F,600x900,4.6559
600X900-B2F-DONG-0211,600X900,보(X),DONG,B2F,600x900,0.324
600X900-B2F-DONG-0212,600X900,보(Y),DONG,B2F,600x900,4.5809
800X900-B2F-DONG-0088,800X900,보(Y),DONG,B2F,800x900,0.3617
500X900-B2F-DONG-0382,500X900,보(X),DONG,B2F,500x900,1.4125
600X600-B2F-DONG-0042,600X600,보(Y),DONG,B2F,600x600,0.18
500X900-B2F-DONG-0383,500X900,보(X),DONG,B2F,500x900,3.238
500X700-B2F-DONG-0020,500X700,보(Y),DONG,B2F,500x700,0.1758
500X900-B2F-DONG-0384,500X900,보(X),DONG,B2F,500x900,3.2161
500X900-B2F-DONG-0385,500X900,보(X),DONG,B2F,500x900,3.1277
500X900-B2F-DONG-0386,500X900,보(X),DONG,B2F,500x900,3.0646
600X900-B2F-DONG-0213,600X900,보(X),DONG,B2F,600x900,0.27
500X900-B2F-DONG-0387,500X900,보(Y),DONG,B2F,500x900,2.115
500X900-B2F-DONG-0388,500X900,보(X),DONG,B2F,500x900,0.225
500X600-B2F-DONG-1144,500X600,보(X),DONG,B2F,500x600,1.6662
500X600-B2F-DONG-1145,500X600,보(X),DONG,B2F,500x600,0.15
500X600-B2F-DONG-1146,500X600,보(Y),DONG,B2F,500x600,0.912
600X900-B2F-DONG-0214,600X900,보(X),DONG,B2F,600x900,0.27
500X600-B2F-DONG-1147,500X600,보(X),DONG,B2F,500x600,1.2307
500X900-B2F-DONG-0389,500X900,보(X),DONG,B2F,500x900,0.225
500X900-B2F-DONG-0390,500X900,보(Y),DONG,B2F,500x900,2.5515
700X900-B2F-DONG-0181,700X900,보(X),DONG,B2F,700x900,0.315
400X900-B2F-DONG-0009,400X900,보(X),DONG,B2F,400x900,1.0413
400X900-B2F-DONG-0010,400X900,보(X),DONG,B2F,400x900,1.0413
500X900-B2F-DONG-0391,500X900,보(X),DONG,B2F,500x900,0.225
500X900-B2F-DONG-0392,500X900,보(X),DONG,B2F,500x900,1.5344
500X900-B2F-DONG-0393,500X900,보(Y),DONG,B2F,500x900,2.1318
800X900-B2F-DONG-0089,800X900,보(X),DONG,B2F,800x900,0.36
400X900-B2F-DONG-0011,400X900,보(X),DONG,B2F,400x900,0.8086
400X900-B2F-DONG-0012,400X900,보(X),DONG,B2F,400x900,0.8612
700X900-B2F-DONG-0182,700X900,보(X),DONG,B2F,700x900,4.8603
600X900-B2F-DONG-0215,600X900,보(Y),DONG,B2F,600x900,0.378
700X900-B2F-DONG-0183,700X900,보(X),DONG,B2F,700x900,4.818
700X900-B2F-DONG-0184,700X900,보(X),DONG,B2F,700x900,4.8603
600X900-B2F-DONG-0216,600X900,보(Y),DONG,B2F,600x900,0.378
700X900-B2F-DONG-0185,700X900,보(X),DONG,B2F,700x900,4.818
700X900-B2F-DONG-0186,700X900,보(X),DONG,B2F,700x900,4.4961
500X700-B2F-DONG-0021,500X700,보(Y),DONG,B2F,500x700,0.2484
700X900-B2F-DONG-0187,700X900,보(X),DONG,B2F,700x900,4.5267
500X700-B2F-DONG-0022,500X700,보(Y),DONG,B2F,500x700,0.2462
700X900-B2F-DONG-0188,700X900,보(X),DONG,B2F,700x900,4.5975
600X900-B2F-DONG-0217,600X900,보(Y),DONG,B2F,600x900,0.378
600X900-B2F-DONG-0218,600X900,보(Y),DONG,B2F,600x900,0.378
700X900-B2F-DONG-0189,700X900,보(X),DONG,B2F,700x900,4.6305
500X600-B2F-DONG-1148,500X600,보(Y),DONG,B2F,500x600,0.21
700X900-B2F-DONG-0190,700X900,보(X),DONG,B2F,700x900,4.4406
500X600-B2F-DONG-1149,500X600,보(Y),DONG,B2F,500x600,0.21
700X900-B2F-DONG-0191,700X900,보(X),DONG,B2F,700x900,4.5642
400X900-B2F-DONG-0013,400X900,보(Y),DONG,B2F,400x900,1.134
900X900-B2F-DONG-0255,900X900,보(Y),DONG,B2F,900x900,0.567
700X900-B2F-DONG-0192,700X900,보(X),DONG,B2F,700x900,4.7125
500X900-B2F-DONG-0394,500X900,보(Y),DONG,B2F,500x900,0.315
400X900-B2F-DONG-0014,400X900,보(Y),DONG,B2F,400x900,1.3131
400X900-B2F-DONG-0015,400X900,보(Y),DONG,B2F,400x900,1.3552
900X900-B2F-DONG-0256,900X900,보(Y),DONG,B2F,900x900,0.567
700X900-B2F-DONG-0193,700X900,보(X),DONG,B2F,700x900,4.599
900X900-B2F-DONG-0257,900X900,보(Y),DONG,B2F,900x900,0.567
400X900-B2F-DONG-0016,400X900,보(Y),DONG,B2F,400x900,1.1762
700X900-B2F-DONG-0194,700X900,보(Y),DONG,B2F,700x900,4.074
700X900-B2F-DONG-0195,700X900,보(X),DONG,B2F,700x900,0.441
700X900-B2F-DONG-0196,700X900,보(Y),DONG,B2F,700x900,4.184
400X900-B2F-DONG-0017,400X900,보(X),DONG,B2F,400x900,1.314
500X600-B2F-DONG-1150,500X600,보(X),DONG,B2F,500x600,1.6043
500X600-B2F-DONG-1151,500X600,보(Y),DONG,B2F,500x600,0.541
500X600-B2F-DONG-1152,500X600,보(X),DONG,B2F,500x600,2.4325
900X900-B2F-DONG-0258,900X900,보(Y),DONG,B2F,900x900,0.567
400X800-B2F-DONG-0528,400X800,보(X),DONG,B2F,400x800,2.464
900X900-B2F-DONG-0259,900X900,보(Y),DONG,B2F,900x900,0.567
400X900-B2F-DONG-0018,400X900,보(Y),DONG,B2F,400x900,1.0748
400X900-B2F-DONG-0019,400X900,보(Y),DONG,B2F,400x900,1.0748
400X900-B2F-DONG-0020,400X900,보(Y),DONG,B2F,400x900,1.0748
400X900-B2F-DONG-0021,400X900,보(Y),DONG,B2F,400x900,1.0748
400X900-B2F-DONG-0022,400X900,보(Y),DONG,B2F,400x900,1.2783
400X900-B2F-DONG-0023,400X900,보(Y),DONG,B2F,400x900,1.2781
400X900_EST-B1F-DONG-0001,400X900_EST,보(Y),DONG,B1F,400x900,0.4032
400X900_EST-B1F-DONG-0002,400X900_EST,보(Y),DONG,B1F,400x900,0.4032
500X600-B1F-DONG-0001,500X600,보(Y),DONG,B1F,500x600,0.351
500X600-B1F-DONG-0002,500X600,보(Y),DONG,B1F,500x600,0.351
400X800-B1F-DONG-0001,400X800,보(Y),DONG,B1F,400x800,0.3648
400X800-B1F-DONG-0002,400X800,보(Y),DONG,B1F,400x800,0.3648
400X900_EST-B1F-DONG-0003,400X900_EST,보(X),DONG,B1F,400x900,0.4752
400X900_EST-B1F-DONG-0004,400X900_EST,보(X),DONG,B1F,400x900,0.4752
400X800-B1F-DONG-0003,400X800,보(X),DONG,B1F,400x800,0.3648
400X800-B1F-DONG-0004,400X800,보(X),DONG,B1F,400x800,0.3648
400X800-B1F-DONG-0005,400X800,보(X),DONG,B1F,400x800,0.3744
400X800-B1F-DONG-0006,400X800,보(X),DONG,B1F,400x800,0.3744
400X900_EST-B1F-DONG-0005,400X900_EST,보(X),DONG,B1F,400x900,0.4032
400X900_EST-B1F-DONG-0006,400X900_EST,보(X),DONG,B1F,400x900,0.4032
400X900_EST-B1F-DONG-0007,400X900_EST,보(X),DONG,B1F,400x900,0.4752
400X900_EST-B1F-DONG-0008,400X900_EST,보(X),DONG,B1F,400x900,0.4752
400X900_EST-B1F-DONG-0009,400X900_EST,보(X),DONG,B1F,400x900,0.4752
400X900_EST-B1F-DONG-0010,400X900_EST,보(X),DONG,B1F,400x900,0.4752
400X900_EST-B1F-DONG-0011,400X900_EST,보(X),DONG,B1F,400x900,0.4032
400X900_EST-B1F-DONG-0012,400X900_EST,보(X),DONG,B1F,400x900,0.4032
400X900_EST-B1F-DONG-0013,400X900_EST,보(X),DONG,B1F,400x900,0.4212
400X900_EST-B1F-DONG-0014,400X900_EST,보(X),DONG,B1F,400x900,0.4212
400X900_EST-B1F-DONG-0015,400X900_EST,보(X),DONG,B1F,400x900,0.4104
400X900_EST-B1F-DONG-0016,400X900_EST,보(X),DONG,B1F,400x900,0.4104
500X600-B1F-DONG-0003,500X600,보(X),DONG,B1F,500x600,1.575
500X600-B1F-DONG-0004,500X600,보(X),DONG,B1F,500x600,1.575
500X700-B1F-DONG-0001,500X700,보(X),DONG,B1F,500x700,0.77
600X1500-B1F-DONG-0001,600X1500,보(Y),DONG,B1F,600x1500,0.9094
500X700-B1F-DONG-0002,500X700,보(Y),DONG,B1F,500x700,1.0009
500X700-B1F-DONG-0003,500X700,보(Y),DONG,B1F,500x700,1.0009
500X600-B1F-DONG-0005,500X600,보(Y),DONG,B1F,500x600,1.5121
500X700-B1F-DONG-0004,500X700,보(Y),DONG,B1F,500x700,0.2309
500X700-B1F-DONG-0005,500X700,보(Y),DONG,B1F,500x700,0.2309
500X700-B1F-DONG-0006,500X700,보(X),DONG,B1F,500x700,0.6895
500X600-B1F-DONG-0006,500X600,보(Y),DONG,B1F,500x600,0.57
700X600-B1F-DONG-0001,700X600,보(X),DONG,B1F,700x600,1.911
700X600-B1F-DONG-0002,700X600,보(X),DONG,B1F,700x600,2.1378
600X1200-B1F-DONG-0001,600X1200,보(X),DONG,B1F,600x1200,2.916
700X600-B1F-DONG-0003,700X600,보(X),DONG,B1F,700x600,2.1378
500X600-B1F-DONG-0007,500X600,보(Y),DONG,B1F,500x600,0.57
500X700-B1F-DONG-0007,500X700,보(X),DONG,B1F,500x700,0.6895
500X600-B1F-DONG-0008,500X600,보(Y),DONG,B1F,500x600,1.3621
500X700-B1F-DONG-0008,500X700,보(X),DONG,B1F,500x700,0.77
600X1500-B1F-DONG-0002,600X1500,보(Y),DONG,B1F,600x1500,0.9094
500X700-B1F-DONG-0009,500X700,보(Y),DONG,B1F,500x700,1.1759
500X600-B1F-DONG-0009,500X600,보(X),DONG,B1F,500x600,0.78
500X600-B1F-DONG-0010,500X600,보(Y),DONG,B1F,500x600,0.36
400X800-B1F-DONG-0007,400X800,보(X),DONG,B1F,400x800,1.44
500X600-B1F-DONG-0011,500X600,보(Y),DONG,B1F,500x600,1.239
600X1200-B1F-DONG-0002,600X1200,보(X),DONG,B1F,600x1200,0.8856
400X800-B1F-DONG-0008,400X800,보(X),DONG,B1F,400x800,0.4672
400X800-B1F-DONG-0009,400X800,보(Y),DONG,B1F,400x800,0.6752
600X1500-B1F-DONG-0003,600X1500,보(X),DONG,B1F,600x1500,1.764
400X800-B1F-DONG-0010,400X800,보(Y),DONG,B1F,400x800,0.6752
500X600-B1F-DONG-0012,500X600,보(X),DONG,B1F,500x600,1.08
500X600-B1F-DONG-0013,500X600,보(Y),DONG,B1F,500x600,0.36
500X600-B1F-DONG-0014,500X600,보(X),DONG,B1F,500x600,0.8133
500X600-B1F-DONG-0015,500X600,보(X),DONG,B1F,500x600,0.4167
500X600-B1F-DONG-0016,500X600,보(Y),DONG,B1F,500x600,1.389
600X1200-B1F-DONG-0003,600X1200,보(X),DONG,B1F,600x1200,1.6056
600X1200-B1F-DONG-0004,600X1200,보(Y),DONG,B1F,600x1200,0.864
600X1200-B1F-DONG-0005,600X1200,보(X),DONG,B1F,600x1200,0.702
700X1500-B1F-DONG-0001,700X1500,보(X),DONG,B1F,700x1500,6.3998
400X800-B1F-DONG-0011,400X800,보(X),DONG,B1F,400x800,2.8517
400X800-B1F-DONG-0012,400X800,보(X),DONG,B1F,400x800,1.3264
400X800-B1F-DONG-0013,400X800,보(X),DONG,B1F,400x800,1.44
500X600-B1F-DONG-0017,500X600,보(X),DONG,B1F,500x600,0.42
500X600-B1F-DONG-0018,500X600,보(X),DONG,B1F,500x600,1.428
500X600-B1F-DONG-0019,500X600,보(X),DONG,B1F,500x600,0.564
400X900_EST-B1F-DONG-0017,400X900_EST,보(X),DONG,B1F,400x900,1.224
800X1500-B1F-DONG-0001,800X1500,보(X),DONG,B1F,800x1500,6.996
800X1500-B1F-DONG-0002,800X1500,보(X),DONG,B1F,800x1500,7.14
800X1500-B1F-DONG-0003,800X1500,보(X),DONG,B1F,800x1500,1.584
700X1500-B1F-DONG-0002,700X1500,보(X),DONG,B1F,700x1500,6.3998
600X1200-B1F-DONG-0006,600X1200,보(Y),DONG,B1F,600x1200,0.504
400X800-B1F-DONG-0014,400X800,보(X),DONG,B1F,400x800,1.4864
400X800-B1F-DONG-0015,400X800,보(X),DONG,B1F,400x800,1.44
500X600-B1F-DONG-0020,500X600,보(X),DONG,B1F,500x600,0.57
500X600-B1F-DONG-0021,500X600,보(X),DONG,B1F,500x600,1.728
500X600-B1F-DONG-0022,500X600,보(X),DONG,B1F,500x600,0.564
400X900_EST-B1F-DONG-0018,400X900_EST,보(X),DONG,B1F,400x900,1.404
800X1500-B1F-DONG-0004,800X1500,보(X),DONG,B1F,800x1500,6.996
800X1500-B1F-DONG-0005,800X1500,보(X),DONG,B1F,800x1500,7.14
800X1500-B1F-DONG-0006,800X1500,보(X),DONG,B1F,800x1500,1.8766
500X600-B1F-DONG-0023,500X600,보(X),DONG,B1F,500x600,2.082
800X1700-B1F-DONG-0001,800X1700,보(X),DONG,B1F,800x1700,6.4396
400X900_EST-B1F-DONG-0019,400X900_EST,보(X),DONG,B1F,400x900,0.4752
400X900_EST-B1F-DONG-0020,400X900_EST,보(X),DONG,B1F,400x900,0.45
500X600-B1F-DONG-0024,500X600,보(X),DONG,B1F,500x600,2.1552
800X1700-B1F-DONG-0002,800X1700,보(X),DONG,B1F,800x1700,6.4396
400X900_EST-B1F-DONG-0021,400X900_EST,보(X),DONG,B1F,400x900,0.6552
400X900_EST-B1F-DONG-0022,400X900_EST,보(X),DONG,B1F,400x900,0.63
400X900_EST-B1F-DONG-0023,400X900_EST,보(X),DONG,B1F,400x900,0.18
800X1500-B1F-DONG-0007,800X1500,보(X),DONG,B1F,800x1500,0.6
400X900_EST-B1F-DONG-0024,400X900_EST,보(X),DONG,B1F,400x900,0.5616
400X900_EST-B1F-DONG-0025,400X900_EST,보(X),DONG,B1F,400x900,0.5077
400X900_EST-B1F-DONG-0026,400X900_EST,보(X),DONG,B1F,400x900,0.5077
400X900_EST-B1F-DONG-0027,400X900_EST,보(X),DONG,B1F,400x900,0.5616
400X800-B1F-DONG-0016,400X800,보(X),DONG,B1F,400x800,3.0985
800X1700-B1F-DONG-0003,800X1700,보(X),DONG,B1F,800x1700,9.1052
600X900_EST-B1F-DONG-0001,600X900_EST,보(X),DONG,B1F,600x900,3.8853
500X600-B1F-DONG-0025,500X600,보(X),DONG,B1F,500x600,0.15
500X600-B1F-DONG-0026,500X600,보(Y),DONG,B1F,500x600,1.335
500X600-B1F-DONG-0027,500X600,보(X),DONG,B1F,500x600,0.15
600X1400-B1F-DONG-0001,600X1400,보(X),DONG,B1F,600x1400,0.6822
500X600-B1F-DONG-0028,500X600,보(Y),DONG,B1F,500x600,2.1629
500X600-B1F-DONG-0029,500X600,보(X),DONG,B1F,500x600,0.15
500X600-B1F-DONG-0030,500X600,보(X),DONG,B1F,500x600,0.15
500X600-B1F-DONG-0031,500X600,보(Y),DONG,B1F,500x600,1.335
500X600-B1F-DONG-0032,500X600,보(X),DONG,B1F,500x600,0.15
500X600-B1F-DONG-0033,500X600,보(X),DONG,B1F,500x600,0.1503
500X600-B1F-DONG-0034,500X600,보(Y),DONG,B1F,500x600,2.2002
500X600-B1F-DONG-0035,500X600,보(X),DONG,B1F,500x600,0.15
500X600-B1F-DONG-0036,500X600,보(Y),DONG,B1F,500x600,2.2103
500X600-B1F-DONG-0037,500X600,보(X),DONG,B1F,500x600,0.15
500X600-B1F-DONG-0038,500X600,보(Y),DONG,B1F,500x600,2.43
700X600-B1F-DONG-0004,700X600,보(X),DONG,B1F,700x600,0.21
700X600-B1F-DONG-0005,700X600,보(X),DONG,B1F,700x600,0.21
500X600-B1F-DONG-0039,500X600,보(Y),DONG,B1F,500x600,2.325
600X600-B1F-DONG-0001,600X600,보(X),DONG,B1F,600x600,0.18
600X600-B1F-DONG-0002,600X600,보(X),DONG,B1F,600x600,0.18
500X600-B1F-DONG-0040,500X600,보(Y),DONG,B1F,500x600,2.292
600X1800-B1F-DONG-0001,600X1800,보(X),DONG,B1F,600x1800,0.54
500X600-B1F-DONG-0041,500X600,보(X),DONG,B1F,500x600,2.4303
500X600-B1F-DONG-0042,500X600,보(Y),DONG,B1F,500x600,0.15
500X600-B1F-DONG-0043,500X600,보(X),DONG,B1F,500x600,2.4263
500X600-B1F-DONG-0044,500X600,보(X),DONG,B1F,500x600,1.2309
500X600-B1F-DONG-0045,500X600,보(Y),DONG,B1F,500x600,0.15
500X600-B1F-DONG-0046,500X600,보(X),DONG,B1F,500x600,1.2701
500X600-B1F-DONG-0047,500X600,보(X),DONG,B1F,500x600,2.2948
500X600-B1F-DONG-0048,500X600,보(Y),DONG,B1F,500x600,0.155
500X600-B1F-DONG-0049,500X600,보(X),DONG,B1F,500x600,2.2982
500X600-B1F-DONG-0050,500X600,보(X),DONG,B1F,500x600,2.0134
500X600-B1F-DONG-0051,500X600,보(X),DONG,B1F,500x600,0.156
500X600-B1F-DONG-0052,500X600,보(X),DONG,B1F,500x600,1.9707
500X600-B1F-DONG-0053,500X600,보(X),DONG,B1F,500x600,2.31
500X600-B1F-DONG-0054,500X600,보(Y),DONG,B1F,500x600,0.15
500X600-B1F-DONG-0055,500X600,보(X),DONG,B1F,500x600,2.31
500X600-B1F-DONG-0056,500X600,보(Y),DONG,B1F,500x600,0.1527
500X600-B1F-DONG-0057,500X600,보(X),DONG,B1F,500x600,1.3029
500X600-B1F-DONG-0058,500X600,보(Y),DONG,B1F,500x600,0.15
500X600-B1F-DONG-0059,500X600,보(Y),DONG,B1F,500x600,0.1527
500X600-B1F-DONG-0060,500X600,보(X),DONG,B1F,500x600,2.5387
400X900_EST-B1F-DONG-0028,400X900_EST,보(Y),DONG,B1F,400x900,0.18
700X600-B1F-DONG-0006,700X600,보(X),DONG,B1F,700x600,0.2105
500X600-B1F-DONG-0061,500X600,보(Y),DONG,B1F,500x600,2.3677
500X600-B1F-DONG-0062,500X600,보(X),DONG,B1F,500x600,0.15
500X600-B1F-DONG-0063,500X600,보(Y),DONG,B1F,500x600,2.31
500X600-B1F-DONG-0064,500X600,보(X),DONG,B1F,500x600,0.15
500X600-B1F-DONG-0065,500X600,보(Y),DONG,B1F,500x600,2.31
500X600-B1F-DONG-0066,500X600,보(X),DONG,B1F,500x600,0.15
500X600-B1F-DONG-0067,500X600,보(Y),DONG,B1F,500x600,2.31
500X600-B1F-DONG-0068,500X600,보(X),DONG,B1F,500x600,0.15
500X600-B1F-DONG-0069,500X600,보(X),DONG,B1F,500x600,0.15
500X600-B1F-DONG-0070,500X600,보(Y),DONG,B1F,500x600,2.31
500X600-B1F-DONG-0071,500X600,보(X),DONG,B1F,500x600,0.15
500X600-B1F-DONG-0072,500X600,보(X),DONG,B1F,500x600,0.15
500X600-B1F-DONG-0073,500X600,보(Y),DONG,B1F,500x600,2.295
600X600-B1F-DONG-0003,600X600,보(X),DONG,B1F,600x600,0.18
700X600-B1F-DONG-0007,700X600,보(X),DONG,B1F,700x600,0.21
500X600-B1F-DONG-0074,500X600,보(Y),DONG,B1F,500x600,2.28
500X600-B1F-DONG-0075,500X600,보(X),DONG,B1F,500x600,0.15
700X600-B1F-DONG-0008,700X600,보(X),DONG,B1F,700x600,0.2105
500X600-B1F-DONG-0076,500X600,보(Y),DONG,B1F,500x600,2.1727
700X600-B1F-DONG-0009,700X600,보(X),DONG,B1F,700x600,0.21
500X600-B1F-DONG-0077,500X600,보(X),DONG,B1F,500x600,0.15
500X600-B1F-DONG-0078,500X600,보(Y),DONG,B1F,500x600,0.882
600X600-B1F-DONG-0004,600X600,보(X),DONG,B1F,600x600,0.18
700X600-B1F-DONG-0010,700X600,보(X),DONG,B1F,700x600,0.21
500X600-B1F-DONG-0079,500X600,보(Y),DONG,B1F,500x600,2.325
600X600-B1F-DONG-0005,600X600,보(X),DONG,B1F,600x600,0.18
700X600-B1F-DONG-0011,700X600,보(X),DONG,B1F,700x600,0.2126
500X600-B1F-DONG-0080,500X600,보(Y),DONG,B1F,500x600,1.3049
700X600-B1F-DONG-0012,700X600,보(X),DONG,B1F,700x600,0.21
500X600-B1F-DONG-0081,500X600,보(Y),DONG,B1F,500x600,2.3525
700X600-B1F-DONG-0013,700X600,보(X),DONG,B1F,700x600,0.2126
500X600-B1F-DONG-0082,500X600,보(Y),DONG,B1F,500x600,2.3761
700X600-B1F-DONG-0014,700X600,보(X),DONG,B1F,700x600,0.21
500X600-B1F-DONG-0083,500X600,보(X),DONG,B1F,500x600,0.15
500X600-B1F-DONG-0084,500X600,보(Y),DONG,B1F,500x600,1.35
700X600-B1F-DONG-0015,700X600,보(X),DONG,B1F,700x600,0.21
500X600-B1F-DONG-0085,500X600,보(X),DONG,B1F,500x600,0.15
500X600-B1F-DONG-0086,500X600,보(Y),DONG,B1F,500x600,2.31
500X600-B1F-DONG-0087,500X600,보(X),DONG,B1F,500x600,0.15
500X600-B1F-DONG-0088,500X600,보(X),DONG,B1F,500x600,0.15
500X600-B1F-DONG-0089,500X600,보(Y),DONG,B1F,500x600,2.31
500X600-B1F-DONG-0090,500X600,보(X),DONG,B1F,500x600,0.15
500X600-B1F-DONG-0091,500X600,보(X),DONG,B1F,500x600,0.15
500X600-B1F-DONG-0092,500X600,보(Y),DONG,B1F,500x600,2.115
500X600-B1F-DONG-0093,500X600,보(X),DONG,B1F,500x600,0.15
500X600-B1F-DONG-0094,500X600,보(Y),DONG,B1F,500x600,1.3149
400X800-B1F-DONG-0017,400X800,보(X),DONG,B1F,400x800,0.1848
500X600-B1F-DONG-0095,500X600,보(Y),DONG,B1F,500x600,1.2123
400X800-B1F-DONG-0018,400X800,보(X),DONG,B1F,400x800,0.16
500X600-B1F-DONG-0096,500X600,보(Y),DONG,B1F,500x600,1.395
500X600-B1F-DONG-0097,500X600,보(X),DONG,B1F,500x600,0.15
500X600-B1F-DONG-0098,500X600,보(X),DONG,B1F,500x600,0.15
500X600-B1F-DONG-0099,500X600,보(Y),DONG,B1F,500x600,1.395
500X600-B1F-DONG-0100,500X600,보(X),DONG,B1F,500x600,0.15
500X600-B1F-DONG-0101,500X600,보(X),DONG,B1F,500x600,0.15
500X600-B1F-DONG-0102,500X600,보(Y),DONG,B1F,500x600,1.395
500X600-B1F-DONG-0103,500X600,보(X),DONG,B1F,500x600,0.15
500X600-B1F-DONG-0104,500X600,보(X),DONG,B1F,500x600,0.15
500X600-B1F-DONG-0105,500X600,보(Y),DONG,B1F,500x600,1.395
500X600-B1F-DONG-0106,500X600,보(X),DONG,B1F,500x600,0.15
500X600-B1F-DONG-0107,500X600,보(X),DONG,B1F,500x600,0.15
500X600-B1F-DONG-0108,500X600,보(Y),DONG,B1F,500x600,1.38
500X600-B1F-DONG-0109,500X600,보(X),DONG,B1F,500x600,0.15
400X800-B1F-DONG-0019,400X800,보(X),DONG,B1F,400x800,0.16
500X600-B1F-DONG-0110,500X600,보(Y),DONG,B1F,500x600,2.3393
400X800-B1F-DONG-0020,400X800,보(X),DONG,B1F,400x800,0.16
400X800-B1F-DONG-0021,400X800,보(X),DONG,B1F,400x800,0.16
500X600-B1F-DONG-0111,500X600,보(Y),DONG,B1F,500x600,2.3393
500X600-B1F-DONG-0112,500X600,보(X),DONG,B1F,500x600,0.15
400X800-B1F-DONG-0022,400X800,보(X),DONG,B1F,400x800,0.16
500X600-B1F-DONG-0113,500X600,보(Y),DONG,B1F,500x600,2.3393
500X600-B1F-DONG-0114,500X600,보(X),DONG,B1F,500x600,0.15
400X800-B1F-DONG-0023,400X800,보(X),DONG,B1F,400x800,0.16
500X600-B1F-DONG-0115,500X600,보(Y),DONG,B1F,500x600,2.3393
500X600-B1F-DONG-0116,500X600,보(X),DONG,B1F,500x600,0.15
500X600-B1F-DONG-0117,500X600,보(X),DONG,B1F,500x600,0.15
500X600-B1F-DONG-0118,500X600,보(Y),DONG,B1F,500x600,2.3393
500X600-B1F-DONG-0119,500X600,보(X),DONG,B1F,500x600,0.15
500X600-B1F-DONG-0120,500X600,보(Y),DONG,B1F,500x600,2.1151
700X900-B1F-DONG-0001,700X900,보(X),DONG,B1F,700x900,0.315
500X900-B1F-DONG-0001,500X900,보(Y),DONG,B1F,500x900,2.9086
500X600-B1F-DONG-0121,500X600,보(X),DONG,B1F,500x600,1.455
900X900-B1F-DONG-0001,900X900,보(Y),DONG,B1F,900x900,0.405
500X600-B1F-DONG-0122,500X600,보(X),DONG,B1F,500x600,1.455
500X600-B1F-DONG-0123,500X600,보(X),DONG,B1F,500x600,2.31
500X600-B1F-DONG-0124,500X600,보(Y),DONG,B1F,500x600,0.15
500X600-B1F-DONG-0125,500X600,보(X),DONG,B1F,500x600,2.31
500X600-B1F-DONG-0126,500X600,보(X),DONG,B1F,500x600,2.28
500X600-B1F-DONG-0127,500X600,보(Y),DONG,B1F,500x600,0.15
500X600-B1F-DONG-0128,500X600,보(X),DONG,B1F,500x600,2.28
500X600-B1F-DONG-0129,500X600,보(X),DONG,B1F,500x600,2.25
700X600-B1F-DONG-0016,700X600,보(Y),DONG,B1F,700x600,0.21
500X600-B1F-DONG-0130,500X600,보(X),DONG,B1F,500x600,2.25
500X600-B1F-DONG-0131,500X600,보(X),DONG,B1F,500x600,2.25
700X600-B1F-DONG-0017,700X600,보(Y),DONG,B1F,700x600,0.21
500X600-B1F-DONG-0132,500X600,보(X),DONG,B1F,500x600,2.25
700X600-B1F-DONG-0018,700X600,보(Y),DONG,B1F,700x600,0.2121
500X600-B1F-DONG-0133,500X600,보(X),DONG,B1F,500x600,1.6464
700X600-B1F-DONG-0019,700X600,보(Y),DONG,B1F,700x600,0.21
500X600-B1F-DONG-0134,500X600,보(X),DONG,B1F,500x600,2.2161
700X600-B1F-DONG-0020,700X600,보(Y),DONG,B1F,700x600,0.2154
500X600-B1F-DONG-0135,500X600,보(X),DONG,B1F,500x600,2.2035
500X600-B1F-DONG-0136,500X600,보(X),DONG,B1F,500x600,2.0076
700X600-B1F-DONG-0021,700X600,보(Y),DONG,B1F,700x600,0.2154
500X600-B1F-DONG-0137,500X600,보(X),DONG,B1F,500x600,1.9734
600X600-B1F-DONG-0006,600X600,보(Y),DONG,B1F,600x600,0.18
600X1800-B1F-DONG-0002,600X1800,보(Y),DONG,B1F,600x1800,0.5441
600X900_EST-B1F-DONG-0002,600X900_EST,보(X),DONG,B1F,600x900,4.4515
500X600-B1F-DONG-0138,500X600,보(Y),DONG,B1F,500x600,0.15
600X900_EST-B1F-DONG-0003,600X900_EST,보(X),DONG,B1F,600x900,4.418
500X600-B1F-DONG-0139,500X600,보(X),DONG,B1F,500x600,2.295
500X600-B1F-DONG-0140,500X600,보(Y),DONG,B1F,500x600,0.15
500X600-B1F-DONG-0141,500X600,보(X),DONG,B1F,500x600,2.295
500X600-B1F-DONG-0142,500X600,보(X),DONG,B1F,500x600,2.31
500X600-B1F-DONG-0143,500X600,보(Y),DONG,B1F,500x600,0.15
500X600-B1F-DONG-0144,500X600,보(X),DONG,B1F,500x600,2.31
500X600-B1F-DONG-0145,500X600,보(X),DONG,B1F,500x600,2.295
500X600-B1F-DONG-0146,500X600,보(Y),DONG,B1F,500x600,0.15
500X600-B1F-DONG-0147,500X600,보(X),DONG,B1F,500x600,2.295
500X600-B1F-DONG-0148,500X600,보(X),DONG,B1F,500x600,2.7864
600X600-B1F-DONG-0007,600X600,보(Y),DONG,B1F,600x600,0.18
500X600-B1F-DONG-0149,500X600,보(X),DONG,B1F,500x600,2.8332
500X600-B1F-DONG-0150,500X600,보(X),DONG,B1F,500x600,2.2713
500X600-B1F-DONG-0151,500X600,보(Y),DONG,B1F,500x600,0.155
500X600-B1F-DONG-0152,500X600,보(X),DONG,B1F,500x600,2.2789
500X600-B1F-DONG-0153,500X600,보(X),DONG,B1F,500x600,1.9261
500X600-B1F-DONG-0154,500X600,보(Y),DONG,B1F,500x600,0.155
500X600-B1F-DONG-0155,500X600,보(X),DONG,B1F,500x600,1.8869
400X800-B1F-DONG-0024,400X800,보(Y),DONG,B1F,400x800,0.16
500X600-B1F-DONG-0156,500X600,보(X),DONG,B1F,500x600,0.15
500X600-B1F-DONG-0157,500X600,보(Y),DONG,B1F,500x600,2.325
600X600-B1F-DONG-0008,600X600,보(X),DONG,B1F,600x600,0.18
500X600-B1F-DONG-0158,500X600,보(X),DONG,B1F,500x600,0.15
500X600-B1F-DONG-0159,500X600,보(Y),DONG,B1F,500x600,1.29
500X600-B1F-DONG-0160,500X600,보(X),DONG,B1F,500x600,0.15
500X600-B1F-DONG-0161,500X600,보(X),DONG,B1F,500x600,0.15
500X600-B1F-DONG-0162,500X600,보(Y),DONG,B1F,500x600,2.31
500X600-B1F-DONG-0163,500X600,보(X),DONG,B1F,500x600,0.15
500X600-B1F-DONG-0164,500X600,보(X),DONG,B1F,500x600,0.15
500X600-B1F-DONG-0165,500X600,보(Y),DONG,B1F,500x600,2.46
500X600-B1F-DONG-0166,500X600,보(X),DONG,B1F,500x600,0.15
500X600-B1F-DONG-0167,500X600,보(X),DONG,B1F,500x600,0.15
500X600-B1F-DONG-0168,500X600,보(Y),DONG,B1F,500x600,2.46
500X600-B1F-DONG-0169,500X600,보(X),DONG,B1F,500x600,0.15
500X600-B1F-DONG-0170,500X600,보(Y),DONG,B1F,500x600,1.6221
500X600-B1F-DONG-0171,500X600,보(X),DONG,B1F,500x600,0.1514
500X600-B1F-DONG-0172,500X600,보(Y),DONG,B1F,500x600,1.6014
500X600-B1F-DONG-0173,500X600,보(X),DONG,B1F,500x600,0.15
500X600-B1F-DONG-0174,500X600,보(Y),DONG,B1F,500x600,2.31
500X600-B1F-DONG-0175,500X600,보(X),DONG,B1F,500x600,0.15
500X600-B1F-DONG-0176,500X600,보(Y),DONG,B1F,500x600,2.31
500X600-B1F-DONG-0177,500X600,보(X),DONG,B1F,500x600,0.15
500X600-B1F-DONG-0178,500X600,보(Y),DONG,B1F,500x600,2.31
500X600-B1F-DONG-0179,500X600,보(X),DONG,B1F,500x600,0.15
500X600-B1F-DONG-0180,500X600,보(Y),DONG,B1F,500x600,2.31
500X600-B1F-DONG-0181,500X600,보(X),DONG,B1F,500x600,0.15
500X600-B1F-DONG-0182,500X600,보(Y),DONG,B1F,500x600,2.31
500X600-B1F-DONG-0183,500X600,보(X),DONG,B1F,500x600,0.15
500X600-B1F-DONG-0184,500X600,보(Y),DONG,B1F,500x600,2.31
500X600-B1F-DONG-0185,500X600,보(X),DONG,B1F,500x600,0.15
500X600-B1F-DONG-0186,500X600,보(Y),DONG,B1F,500x600,2.34
500X600-B1F-DONG-0187,500X600,보(X),DONG,B1F,500x600,0.15
500X600-B1F-DONG-0188,500X600,보(Y),DONG,B1F,500x600,2.34
500X600-B1F-DONG-0189,500X600,보(X),DONG,B1F,500x600,0.15
500X600-B1F-DONG-0190,500X600,보(Y),DONG,B1F,500x600,2.475
500X600-B1F-DONG-0191,500X600,보(X),DONG,B1F,500x600,0.15
600X900-B1F-DONG-0001,600X900,보(Y),DONG,B1F,600x900,4.455
500X600-B1F-DONG-0192,500X600,보(Y),DONG,B1F,500x600,1.5
500X600-B1F-DONG-0193,500X600,보(X),DONG,B1F,500x600,0.15
500X600-B1F-DONG-0194,500X600,보(Y),DONG,B1F,500x600,1.5
500X600-B1F-DONG-0195,500X600,보(X),DONG,B1F,500x600,0.15
500X600-B1F-DONG-0196,500X600,보(Y),DONG,B1F,500x600,1.62
500X600-B1F-DONG-0197,500X600,보(X),DONG,B1F,500x600,0.15
500X600-B1F-DONG-0198,500X600,보(Y),DONG,B1F,500x600,1.62
500X600-B1F-DONG-0199,500X600,보(Y),DONG,B1F,500x600,2.31
500X600-B1F-DONG-0200,500X600,보(X),DONG,B1F,500x600,0.15
500X600-B1F-DONG-0201,500X600,보(Y),DONG,B1F,500x600,2.31
500X600-B1F-DONG-0202,500X600,보(Y),DONG,B1F,500x600,2.295
500X600-B1F-DONG-0203,500X600,보(X),DONG,B1F,500x600,0.15
500X600-B1F-DONG-0204,500X600,보(Y),DONG,B1F,500x600,2.295
500X600-B1F-DONG-0205,500X600,보(X),DONG,B1F,500x600,0.15
500X600-B1F-DONG-0206,500X600,보(Y),DONG,B1F,500x600,2.295
500X600-B1F-DONG-0207,500X600,보(X),DONG,B1F,500x600,0.15
500X600-B1F-DONG-0208,500X600,보(Y),DONG,B1F,500x600,2.295
500X600-B1F-DONG-0209,500X600,보(Y),DONG,B1F,500x600,2.34
500X600-B1F-DONG-0210,500X600,보(X),DONG,B1F,500x600,0.15
500X600-B1F-DONG-0211,500X600,보(Y),DONG,B1F,500x600,2.34
500X600-B1F-DONG-0212,500X600,보(Y),DONG,B1F,500x600,2.34
500X600-B1F-DONG-0213,500X600,보(X),DONG,B1F,500x600,0.15
500X600-B1F-DONG-0214,500X600,보(Y),DONG,B1F,500x600,2.34
500X600-B1F-DONG-0215,500X600,보(Y),DONG,B1F,500x600,2.34
500X600-B1F-DONG-0216,500X600,보(X),DONG,B1F,500x600,0.15
500X600-B1F-DONG-0217,500X600,보(Y),DONG,B1F,500x600,2.34
500X600-B1F-DONG-0218,500X600,보(Y),DONG,B1F,500x600,2.34
500X600-B1F-DONG-0219,500X600,보(X),DONG,B1F,500x600,0.15
500X600-B1F-DONG-0220,500X600,보(Y),DONG,B1F,500x600,2.34
500X600-B1F-DONG-0221,500X600,보(Y),DONG,B1F,500x600,2.31
500X600-B1F-DONG-0222,500X600,보(X),DONG,B1F,500x600,0.15
500X600-B1F-DONG-0223,500X600,보(Y),DONG,B1F,500x600,2.31
500X600-B1F-DONG-0224,500X600,보(X),DONG,B1F,500x600,1.4273
500X600-B1F-DONG-0225,500X600,보(X),DONG,B1F,500x600,1.4273
500X600-B1F-DONG-0226,500X600,보(X),DONG,B1F,500x600,2.37
500X600-B1F-DONG-0227,500X600,보(Y),DONG,B1F,500x600,0.15
500X600-B1F-DONG-0228,500X600,보(X),DONG,B1F,500x600,2.37
500X600-B1F-DONG-0229,500X600,보(X),DONG,B1F,500x600,1.77
500X600-B1F-DONG-0230,500X600,보(Y),DONG,B1F,500x600,0.15
500X600-B1F-DONG-0231,500X600,보(X),DONG,B1F,500x600,1.77
500X600-B1F-DONG-0232,500X600,보(X),DONG,B1F,500x600,1.53
500X600-B1F-DONG-0233,500X600,보(X),DONG,B1F,500x600,1.53
500X900-B1F-DONG-0002,500X900,보(X),DONG,B1F,500x900,0.2981
500X600-B1F-DONG-0234,500X600,보(X),DONG,B1F,500x600,2.0102
500X600-B1F-DONG-0235,500X600,보(Y),DONG,B1F,500x600,0.15
500X600-B1F-DONG-0236,500X600,보(Y),DONG,B1F,500x600,2.31
500X600-B1F-DONG-0237,500X600,보(X),DONG,B1F,500x600,0.15
500X600-B1F-DONG-0238,500X600,보(Y),DONG,B1F,500x600,2.31
500X600-B1F-DONG-0239,500X600,보(Y),DONG,B1F,500x600,2.31
500X600-B1F-DONG-0240,500X600,보(X),DONG,B1F,500x600,0.15
500X600-B1F-DONG-0241,500X600,보(Y),DONG,B1F,500x600,2.31
500X600-B1F-DONG-0242,500X600,보(X),DONG,B1F,500x600,0.1988
500X600-B1F-DONG-0243,500X600,보(Y),DONG,B1F,500x600,1.806
500X600-B1F-DONG-0244,500X600,보(Y),DONG,B1F,500x600,2.31
500X600-B1F-DONG-0245,500X600,보(X),DONG,B1F,500x600,0.15
500X600-B1F-DONG-0246,500X600,보(Y),DONG,B1F,500x600,2.31
500X600-B1F-DONG-0247,500X600,보(Y),DONG,B1F,500x600,2.31
500X600-B1F-DONG-0248,500X600,보(X),DONG,B1F,500x600,0.15
500X600-B1F-DONG-0249,500X600,보(Y),DONG,B1F,500x600,2.31
500X600-B1F-DONG-0250,500X600,보(Y),DONG,B1F,500x600,2.31
500X600-B1F-DONG-0251,500X600,보(X),DONG,B1F,500x600,0.15
500X600-B1F-DONG-0252,500X600,보(Y),DONG,B1F,500x600,2.31
500X600-B1F-DONG-0253,500X600,보(Y),DONG,B1F,500x600,2.325
500X600-B1F-DONG-0254,500X600,보(X),DONG,B1F,500x600,0.15
500X600-B1F-DONG-0255,500X600,보(Y),DONG,B1F,500x600,2.325
500X600-B1F-DONG-0256,500X600,보(Y),DONG,B1F,500x600,2.325
500X600-B1F-DONG-0257,500X600,보(X),DONG,B1F,500x600,0.15
500X600-B1F-DONG-0258,500X600,보(Y),DONG,B1F,500x600,2.325
500X900-B1F-DONG-0003,500X900,보(Y),DONG,B1F,500x900,3.4875
500X600-B1F-DONG-0259,500X600,보(X),DONG,B1F,500x600,0.15
500X900-B1F-DONG-0004,500X900,보(Y),DONG,B1F,500x900,3.4875
500X600-B1F-DONG-0260,500X600,보(Y),DONG,B1F,500x600,2.475
500X600-B1F-DONG-0261,500X600,보(X),DONG,B1F,500x600,0.15
500X600-B1F-DONG-0262,500X600,보(Y),DONG,B1F,500x600,2.475
500X600-B1F-DONG-0263,500X600,보(Y),DONG,B1F,500x600,2.475
500X900-B1F-DONG-0005,500X900,보(X),DONG,B1F,500x900,0.225
500X600-B1F-DONG-0264,500X600,보(Y),DONG,B1F,500x600,2.475
600X1500-B1F-DONG-0004,600X1500,보(X),DONG,B1F,600x1500,0.5366
500X600-B1F-DONG-0265,500X600,보(Y),DONG,B1F,500x600,1.2383
500X600-B1F-DONG-0266,500X600,보(X),DONG,B1F,500x600,0.15
500X600-B1F-DONG-0267,500X600,보(Y),DONG,B1F,500x600,1.1409
500X600-B1F-DONG-0268,500X600,보(Y),DONG,B1F,500x600,2.475
500X600-B1F-DONG-0269,500X600,보(X),DONG,B1F,500x600,0.15
500X600-B1F-DONG-0270,500X600,보(Y),DONG,B1F,500x600,2.475
500X600-B1F-DONG-0271,500X600,보(Y),DONG,B1F,500x600,1.485
500X600-B1F-DONG-0272,500X600,보(X),DONG,B1F,500x600,0.15
500X600-B1F-DONG-0273,500X600,보(Y),DONG,B1F,500x600,1.485
500X600-B1F-DONG-0274,500X600,보(X),DONG,B1F,500x600,0.1546
500X600-B1F-DONG-0275,500X600,보(Y),DONG,B1F,500x600,1.3182
500X900-B1F-DONG-0006,500X900,보(X),DONG,B1F,500x900,0.225
500X600-B1F-DONG-0276,500X600,보(X),DONG,B1F,500x600,0.1546
500X600-B1F-DONG-0277,500X600,보(Y),DONG,B1F,500x600,2.5548
600X600-B1F-DONG-0009,600X600,보(Y),DONG,B1F,600x600,0.1801
500X600-B1F-DONG-0278,500X600,보(X),DONG,B1F,500x600,2.2142
500X600-B1F-DONG-0279,500X600,보(X),DONG,B1F,500x600,1.5508
600X600-B1F-DONG-0010,600X600,보(Y),DONG,B1F,600x600,0.1801
500X600-B1F-DONG-0280,500X600,보(X),DONG,B1F,500x600,1.53
500X600-B1F-DONG-0281,500X600,보(X),DONG,B1F,500x600,2.2361
500X600-B1F-DONG-0282,500X600,보(Y),DONG,B1F,500x600,0.1501
500X600-B1F-DONG-0283,500X600,보(X),DONG,B1F,500x600,2.2309
500X600-B1F-DONG-0284,500X600,보(X),DONG,B1F,500x600,0.1529
500X600-B1F-DONG-0285,500X600,보(X),DONG,B1F,500x600,2.5315
500X600-B1F-DONG-0286,500X600,보(Y),DONG,B1F,500x600,0.1501
500X600-B1F-DONG-0287,500X600,보(Y),DONG,B1F,500x600,2.31
500X600-B1F-DONG-0288,500X600,보(X),DONG,B1F,500x600,0.15
500X600-B1F-DONG-0289,500X600,보(Y),DONG,B1F,500x600,2.31
500X600-B1F-DONG-0290,500X600,보(Y),DONG,B1F,500x600,2.37
500X600-B1F-DONG-0291,500X600,보(X),DONG,B1F,500x600,0.15
600X900-B1F-DONG-0002,600X900,보(Y),DONG,B1F,600x900,4.266
600X900-B1F-DONG-0003,600X900,보(Y),DONG,B1F,600x900,4.266
600X900-B1F-DONG-0004,600X900,보(X),DONG,B1F,600x900,0.27
600X900-B1F-DONG-0005,600X900,보(Y),DONG,B1F,600x900,4.266
500X600-B1F-DONG-0292,500X600,보(X),DONG,B1F,500x600,2.0562
500X600-B1F-DONG-0293,500X600,보(X),DONG,B1F,500x600,0.15
500X600-B1F-DONG-0294,500X600,보(Y),DONG,B1F,500x600,2.0553
500X600-B1F-DONG-0295,500X600,보(Y),DONG,B1F,500x600,2.385
500X600-B1F-DONG-0296,500X600,보(X),DONG,B1F,500x600,0.15
500X600-B1F-DONG-0297,500X600,보(Y),DONG,B1F,500x600,2.385
500X600-B1F-DONG-0298,500X600,보(Y),DONG,B1F,500x600,2.43
600X900-B1F-DONG-0006,600X900,보(X),DONG,B1F,600x900,0.27
500X600-B1F-DONG-0299,500X600,보(Y),DONG,B1F,500x600,2.43
500X600-B1F-DONG-0300,500X600,보(Y),DONG,B1F,500x600,2.415
500X600-B1F-DONG-0301,500X600,보(X),DONG,B1F,500x600,0.15
500X600-B1F-DONG-0302,500X600,보(Y),DONG,B1F,500x600,2.415
500X600-B1F-DONG-0303,500X600,보(X),DONG,B1F,500x600,2.271
500X600-B1F-DONG-0304,500X600,보(Y),DONG,B1F,500x600,0.15
500X600-B1F-DONG-0305,500X600,보(X),DONG,B1F,500x600,2.271
800X900-B1F-DONG-0001,800X900,보(Y),DONG,B1F,800x900,0.3626
500X600-B1F-DONG-0306,500X600,보(X),DONG,B1F,500x600,1.6315
600X600-B1F-DONG-0011,600X600,보(Y),DONG,B1F,600x600,0.18
600X900-B1F-DONG-0007,600X900,보(Y),DONG,B1F,600x900,0.272
500X600-B1F-DONG-0307,500X600,보(X),DONG,B1F,500x600,1.5805
600X600-B1F-DONG-0012,600X600,보(Y),DONG,B1F,600x600,0.1829
500X600-B1F-DONG-0308,500X600,보(X),DONG,B1F,500x600,2.1226
500X600-B1F-DONG-0309,500X600,보(X),DONG,B1F,500x600,2.1673
600X600-B1F-DONG-0013,600X600,보(Y),DONG,B1F,600x600,0.1829
600X900-B1F-DONG-0008,600X900,보(X),DONG,B1F,600x900,2.3536
600X600-B1F-DONG-0014,600X600,보(X),DONG,B1F,600x600,0.5236
600X900-B1F-DONG-0009,600X900,보(X),DONG,B1F,600x900,2.6955
800X1500-B1F-DONG-0008,800X1500,보(X),DONG,B1F,800x1500,0.7325
500X600-B1F-DONG-0310,500X600,보(Y),DONG,B1F,500x600,2.43
500X600-B1F-DONG-0311,500X600,보(X),DONG,B1F,500x600,0.15
500X600-B1F-DONG-0312,500X600,보(Y),DONG,B1F,500x600,2.43
500X600-B1F-DONG-0313,500X600,보(Y),DONG,B1F,500x600,2.5988
600X600-B1F-DONG-0015,600X600,보(X),DONG,B1F,600x600,0.18
500X600-B1F-DONG-0314,500X600,보(Y),DONG,B1F,500x600,2.5748
500X600-B1F-DONG-0315,500X600,보(Y),DONG,B1F,500x600,1.2
500X600-B1F-DONG-0316,500X600,보(X),DONG,B1F,500x600,0.15
500X600-B1F-DONG-0317,500X600,보(Y),DONG,B1F,500x600,1.2
500X600-B1F-DONG-0318,500X600,보(X),DONG,B1F,500x600,0.15
500X600-B1F-DONG-0319,500X600,보(Y),DONG,B1F,500x600,1.365
500X600-B1F-DONG-0320,500X600,보(X),DONG,B1F,500x600,0.15
500X600-B1F-DONG-0321,500X600,보(X),DONG,B1F,500x600,0.15
500X600-B1F-DONG-0322,500X600,보(Y),DONG,B1F,500x600,2.3693
500X600-B1F-DONG-0323,500X600,보(X),DONG,B1F,500x600,0.15
500X600-B1F-DONG-0324,500X600,보(X),DONG,B1F,500x600,0.15
500X600-B1F-DONG-0325,500X600,보(Y),DONG,B1F,500x600,2.3693
500X600-B1F-DONG-0326,500X600,보(X),DONG,B1F,500x600,0.15
500X600-B1F-DONG-0327,500X600,보(X),DONG,B1F,500x600,0.15
500X600-B1F-DONG-0328,500X600,보(Y),DONG,B1F,500x600,2.3693
500X600-B1F-DONG-0329,500X600,보(X),DONG,B1F,500x600,0.15
400X900-B1F-DONG-0001,400X900,보(Y),DONG,B1F,400x900,0.1813
500X600-B1F-DONG-0330,500X600,보(X),DONG,B1F,500x600,1.8624
500X600-B1F-DONG-0331,500X600,보(X),DONG,B1F,500x600,2.1168
500X600-B1F-DONG-0332,500X600,보(Y),DONG,B1F,500x600,0.15
500X600-B1F-DONG-0333,500X600,보(Y),DONG,B1F,500x600,0.15
500X600-B1F-DONG-0334,500X600,보(X),DONG,B1F,500x600,1.9041
500X600-B1F-DONG-0335,500X600,보(X),DONG,B1F,500x600,2.0493
500X600-B1F-DONG-0336,500X600,보(Y),DONG,B1F,500x600,0.15
500X600-B1F-DONG-0337,500X600,보(X),DONG,B1F,500x600,2.0115
500X600-B1F-DONG-0338,500X600,보(Y),DONG,B1F,500x600,2.2515
700X600-B1F-DONG-0022,700X600,보(X),DONG,B1F,700x600,0.21
500X600-B1F-DONG-0339,500X600,보(Y),DONG,B1F,500x600,2.2889
500X600-B1F-DONG-0340,500X600,보(X),DONG,B1F,500x600,0.3839
500X600-B1F-DONG-0341,500X600,보(Y),DONG,B1F,500x600,1.7552
900X900-B1F-DONG-0002,900X900,보(X),DONG,B1F,900x900,0.405
700X600-B1F-DONG-0023,700X600,보(X),DONG,B1F,700x600,0.21
500X600-B1F-DONG-0342,500X600,보(Y),DONG,B1F,500x600,2.19
500X600-B1F-DONG-0343,500X600,보(X),DONG,B1F,500x600,0.15
500X600-B1F-DONG-0344,500X600,보(X),DONG,B1F,500x600,0.15
500X600-B1F-DONG-0345,500X600,보(Y),DONG,B1F,500x600,2.4
500X600-B1F-DONG-0346,500X600,보(X),DONG,B1F,500x600,0.15
500X600-B1F-DONG-0347,500X600,보(X),DONG,B1F,500x600,0.15
500X600-B1F-DONG-0348,500X600,보(Y),DONG,B1F,500x600,1.905
500X600-B1F-DONG-0349,500X600,보(X),DONG,B1F,500x600,0.15
500X600-B1F-DONG-0350,500X600,보(X),DONG,B1F,500x600,0.15
500X600-B1F-DONG-0351,500X600,보(Y),DONG,B1F,500x600,1.905
500X600-B1F-DONG-0352,500X600,보(X),DONG,B1F,500x600,0.15
500X600-B1F-DONG-0353,500X600,보(X),DONG,B1F,500x600,0.1564
500X900-B1F-DONG-0007,500X900,보(Y),DONG,B1F,500x900,3.2908
500X900-B1F-DONG-0008,500X900,보(X),DONG,B1F,500x900,0.225
500X900-B1F-DONG-0009,500X900,보(Y),DONG,B1F,500x900,3.2246
600X1500-B1F-DONG-0005,600X1500,보(X),DONG,B1F,600x1500,0.5874
500X600-B1F-DONG-0354,500X600,보(Y),DONG,B1F,500x600,2.2504
500X600-B1F-DONG-0355,500X600,보(X),DONG,B1F,500x600,0.15
500X600-B1F-DONG-0356,500X600,보(X),DONG,B1F,500x600,0.1564
500X600-B1F-DONG-0357,500X600,보(Y),DONG,B1F,500x600,2.4339
500X600-B1F-DONG-0358,500X600,보(X),DONG,B1F,500x600,0.15
500X600-B1F-DONG-0359,500X600,보(Y),DONG,B1F,500x600,2.3898
500X600-B1F-DONG-0360,500X600,보(Y),DONG,B1F,500x600,0.15
500X600-B1F-DONG-0361,500X600,보(X),DONG,B1F,500x600,2.37
500X600-B1F-DONG-0362,500X600,보(Y),DONG,B1F,500x600,0.15
500X600-B1F-DONG-0363,500X600,보(Y),DONG,B1F,500x600,0.15
500X600-B1F-DONG-0364,500X600,보(X),DONG,B1F,500x600,2.37
500X600-B1F-DONG-0365,500X600,보(Y),DONG,B1F,500x600,0.15
500X600-B1F-DONG-0366,500X600,보(Y),DONG,B1F,500x600,0.15
500X600-B1F-DONG-0367,500X600,보(X),DONG,B1F,500x600,2.37
500X600-B1F-DONG-0368,500X600,보(Y),DONG,B1F,500x600,0.15
600X1200-B1F-DONG-0007,600X1200,보(Y),DONG,B1F,600x1200,0.36
500X600-B1F-DONG-0369,500X600,보(X),DONG,B1F,500x600,2.37
400X800-B1F-DONG-0025,400X800,보(Y),DONG,B1F,400x800,0.16
500X600-B1F-DONG-0370,500X600,보(X),DONG,B1F,500x600,0.15
500X600-B1F-DONG-0371,500X600,보(Y),DONG,B1F,500x600,2.19
500X600-B1F-DONG-0372,500X600,보(X),DONG,B1F,500x600,0.15
500X600-B1F-DONG-0373,500X600,보(X),DONG,B1F,500x600,0.15
500X600-B1F-DONG-0374,500X600,보(Y),DONG,B1F,500x600,1.425
500X600-B1F-DONG-0375,500X600,보(X),DONG,B1F,500x600,0.15
500X600-B1F-DONG-0376,500X600,보(X),DONG,B1F,500x600,0.15
500X600-B1F-DONG-0377,500X600,보(Y),DONG,B1F,500x600,1.425
400X800-B1F-DONG-0026,400X800,보(X),DONG,B1F,400x800,0.16
500X600-B1F-DONG-0378,500X600,보(X),DONG,B1F,500x600,0.15
500X600-B1F-DONG-0379,500X600,보(Y),DONG,B1F,500x600,2.19
500X600-B1F-DONG-0380,500X600,보(X),DONG,B1F,500x600,0.15
500X600-B1F-DONG-0381,500X600,보(X),DONG,B1F,500x600,0.15
500X600-B1F-DONG-0382,500X600,보(Y),DONG,B1F,500x600,2.4
500X600-B1F-DONG-0383,500X600,보(X),DONG,B1F,500x600,0.15
500X600-B1F-DONG-0384,500X600,보(X),DONG,B1F,500x600,0.15
500X600-B1F-DONG-0385,500X600,보(Y),DONG,B1F,500x600,2.4
500X600-B1F-DONG-0386,500X600,보(X),DONG,B1F,500x600,0.15
500X600-B1F-DONG-0387,500X600,보(X),DONG,B1F,500x600,0.15
500X600-B1F-DONG-0388,500X600,보(Y),DONG,B1F,500x600,2.37
500X600-B1F-DONG-0389,500X600,보(X),DONG,B1F,500x600,0.15
500X600-B1F-DONG-0390,500X600,보(Y),DONG,B1F,500x600,2.31
600X1400-B1F-DONG-0002,600X1400,보(X),DONG,B1F,600x1400,0.42
500X600-B1F-DONG-0391,500X600,보(Y),DONG,B1F,500x600,2.31
600X900-B1F-DONG-0010,600X900,보(Y),DONG,B1F,600x900,3.4545
600X900-B1F-DONG-0011,600X900,보(Y),DONG,B1F,600x900,3.3872
500X600-B1F-DONG-0392,500X600,보(Y),DONG,B1F,500x600,2.5543
800X900-B1F-DONG-0002,800X900,보(X),DONG,B1F,800x900,0.36
500X600-B1F-DONG-0393,500X600,보(Y),DONG,B1F,500x600,2.4569
500X600-B1F-DONG-0394,500X600,보(X),DONG,B1F,500x600,0.15
500X600-B1F-DONG-0395,500X600,보(Y),DONG,B1F,500x600,1.14
500X600-B1F-DONG-0396,500X600,보(X),DONG,B1F,500x600,0.15
600X600-B1F-DONG-0016,600X600,보(X),DONG,B1F,600x600,0.18
500X600-B1F-DONG-0397,500X600,보(Y),DONG,B1F,500x600,2.415
500X600-B1F-DONG-0398,500X600,보(X),DONG,B1F,500x600,0.15
500X600-B1F-DONG-0399,500X600,보(X),DONG,B1F,500x600,0.1904
500X600-B1F-DONG-0400,500X600,보(X),DONG,B1F,500x600,0.8497
500X600-B1F-DONG-0401,500X600,보(Y),DONG,B1F,500x600,0.15
500X600-B1F-DONG-0402,500X600,보(X),DONG,B1F,500x600,0.7121
800X1700-B1F-DONG-0004,800X1700,보(X),DONG,B1F,800x1700,0.8629
500X600-B1F-DONG-0403,500X600,보(X),DONG,B1F,500x600,0.5949
500X600-B1F-DONG-0404,500X600,보(Y),DONG,B1F,500x600,0.7614
800X1700-B1F-DONG-0005,800X1700,보(X),DONG,B1F,800x1700,1.1045
500X600-B1F-DONG-0405,500X600,보(Y),DONG,B1F,500x600,0.9534
500X600-B1F-DONG-0406,500X600,보(X),DONG,B1F,500x600,1.74
500X600-B1F-DONG-0407,500X600,보(X),DONG,B1F,500x600,1.74
400X800-B1F-DONG-0027,400X800,보(X),DONG,B1F,400x800,20.0855
500X600-B1F-DONG-0408,500X600,보(Y),DONG,B1F,500x600,1.335
600X900_EST-B1F-DONG-0004,600X900_EST,보(X),DONG,B1F,600x900,4.0637
400X900_EST-B1F-DONG-0029,400X900_EST,보(X),DONG,B1F,400x900,0.2982
500X600-B1F-DONG-0409,500X600,보(X),DONG,B1F,500x600,2.3253
500X600-B1F-DONG-0410,500X600,보(Y),DONG,B1F,500x600,1.305
500X600-B1F-DONG-0411,500X600,보(Y),DONG,B1F,500x600,1.335
500X600-B1F-DONG-0412,500X600,보(X),DONG,B1F,500x600,1.74
500X600-B1F-DONG-0413,500X600,보(Y),DONG,B1F,500x600,1.335
500X600-B1F-DONG-0414,500X600,보(Y),DONG,B1F,500x600,2.22
500X600-B1F-DONG-0415,500X600,보(Y),DONG,B1F,500x600,2.28
500X600-B1F-DONG-0416,500X600,보(X),DONG,B1F,500x600,0.5864
500X600-B1F-DONG-0417,500X600,보(X),DONG,B1F,500x600,0.7036
500X600-B1F-DONG-0418,500X600,보(Y),DONG,B1F,500x600,0.84
500X600-B1F-DONG-0419,500X600,보(Y),DONG,B1F,500x600,0.7505
500X600-B1F-DONG-0420,500X600,보(Y),DONG,B1F,500x600,1.305
500X600-B1F-DONG-0421,500X600,보(Y),DONG,B1F,500x600,1.305
600X900_EST-B1F-DONG-0005,600X900_EST,보(X),DONG,B1F,600x900,4.212
500X600-B1F-DONG-0422,500X600,보(Y),DONG,B1F,500x600,1.305
500X600-B1F-DONG-0423,500X600,보(Y),DONG,B1F,500x600,1.305
400X800-B1F-DONG-0028,400X800,보(X),DONG,B1F,400x800,1.808
500X600-B1F-DONG-0424,500X600,보(Y),DONG,B1F,500x600,1.305
500X600-B1F-DONG-0425,500X600,보(Y),DONG,B1F,500x600,1.305
500X600-B1F-DONG-0426,500X600,보(Y),DONG,B1F,500x600,1.305
500X600-B1F-DONG-0427,500X600,보(Y),DONG,B1F,500x600,1.305
400X800-B1F-DONG-0029,400X800,보(X),DONG,B1F,400x800,1.632
400X800-B1F-DONG-0030,400X800,보(X),DONG,B1F,400x800,1.6
500X600-B1F-DONG-0428,500X600,보(Y),DONG,B1F,500x600,1.335
500X600-B1F-DONG-0429,500X600,보(Y),DONG,B1F,500x600,1.305
500X600-B1F-DONG-0430,500X600,보(Y),DONG,B1F,500x600,1.335
500X600-B1F-DONG-0431,500X600,보(Y),DONG,B1F,500x600,1.335
400X800-B1F-DONG-0031,400X800,보(X),DONG,B1F,400x800,1.664
400X800-B1F-DONG-0032,400X800,보(X),DONG,B1F,400x800,2.464
500X600-B1F-DONG-0432,500X600,보(X),DONG,B1F,500x600,1.59
500X600-B1F-DONG-0433,500X600,보(X),DONG,B1F,500x600,1.56
500X600-B1F-DONG-0434,500X600,보(X),DONG,B1F,500x600,2.34
500X600-B1F-DONG-0435,500X600,보(X),DONG,B1F,500x600,2.325
500X600-B1F-DONG-0436,500X600,보(Y),DONG,B1F,500x600,0.435
500X600-B1F-DONG-0437,500X600,보(Y),DONG,B1F,500x600,0.435
500X600-B1F-DONG-0438,500X600,보(Y),DONG,B1F,500x600,0.42
500X600-B1F-DONG-0439,500X600,보(Y),DONG,B1F,500x600,0.855
500X600-B1F-DONG-0440,500X600,보(Y),DONG,B1F,500x600,0.435
500X600-B1F-DONG-0441,500X600,보(Y),DONG,B1F,500x600,0.8374
500X600-B1F-DONG-0442,500X600,보(Y),DONG,B1F,500x600,0.8445
500X600-B1F-DONG-0443,500X600,보(Y),DONG,B1F,500x600,0.435
500X600-B1F-DONG-0444,500X600,보(X),DONG,B1F,500x600,1.8537
500X600-B1F-DONG-0445,500X600,보(X),DONG,B1F,500x600,1.8537
500X600-B1F-DONG-0446,500X600,보(X),DONG,B1F,500x600,2.4949
500X600-B1F-DONG-0447,500X600,보(X),DONG,B1F,500x600,2.4949
600X600-B1F-DONG-0017,600X600,보(X),DONG,B1F,600x600,2.8364
600X600-B1F-DONG-0018,600X600,보(X),DONG,B1F,600x600,2.8364
700X600-B1F-DONG-0024,700X600,보(X),DONG,B1F,700x600,3.234
400X800-B1F-DONG-0033,400X800,보(Y),DONG,B1F,400x800,0.224
700X600-B1F-DONG-0025,700X600,보(X),DONG,B1F,700x600,3.234
400X800-B1F-DONG-0034,400X800,보(Y),DONG,B1F,400x800,8.6528
500X600-B1F-DONG-0448,500X600,보(Y),DONG,B1F,500x600,2.625
400X800-B1F-DONG-0035,400X800,보(Y),DONG,B1F,400x800,2.48
600X600-B1F-DONG-0019,600X600,보(X),DONG,B1F,600x600,2.772
600X1200-B1F-DONG-0008,600X1200,보(Y),DONG,B1F,600x1200,6.6528
600X600-B1F-DONG-0020,600X600,보(X),DONG,B1F,600x600,2.753
500X600-B1F-DONG-0449,500X600,보(Y),DONG,B1F,500x600,2.3247
500X600-B1F-DONG-0450,500X600,보(X),DONG,B1F,500x600,2.4958
500X600-B1F-DONG-0451,500X600,보(X),DONG,B1F,500x600,1.59
500X600-B1F-DONG-0452,500X600,보(Y),DONG,B1F,500x600,2.3351
500X600-B1F-DONG-0453,500X600,보(X),DONG,B1F,500x600,2.4636
500X600-B1F-DONG-0454,500X600,보(Y),DONG,B1F,500x600,2.2266
500X600-B1F-DONG-0455,500X600,보(Y),DONG,B1F,500x600,2.226
500X600-B1F-DONG-0456,500X600,보(X),DONG,B1F,500x600,1.5517
500X600-B1F-DONG-0457,500X600,보(Y),DONG,B1F,500x600,2.3009
500X600-B1F-DONG-0458,500X600,보(X),DONG,B1F,500x600,2.34
500X600-B1F-DONG-0459,500X600,보(X),DONG,B1F,500x600,2.3231
500X600-B1F-DONG-0460,500X600,보(Y),DONG,B1F,500x600,2.3009
400X800-B1F-DONG-0036,400X800,보(Y),DONG,B1F,400x800,0.2816
400X800-B1F-DONG-0037,400X800,보(Y),DONG,B1F,400x800,0.3296
400X800-B1F-DONG-0038,400X800,보(Y),DONG,B1F,400x800,0.3296
500X600-B1F-DONG-0461,500X600,보(X),DONG,B1F,500x600,1.6263
400X800-B1F-DONG-0039,400X800,보(Y),DONG,B1F,400x800,0.3296
400X800-B1F-DONG-0040,400X800,보(X),DONG,B1F,400x800,0.4604
400X800-B1F-DONG-0041,400X800,보(X),DONG,B1F,400x800,0.4764
500X600-B1F-DONG-0462,500X600,보(Y),DONG,B1F,500x600,2.304
500X600-B1F-DONG-0463,500X600,보(X),DONG,B1F,500x600,2.3955
500X600-B1F-DONG-0464,500X600,보(X),DONG,B1F,500x600,1.6642
500X600-B1F-DONG-0465,500X600,보(Y),DONG,B1F,500x600,2.304
500X600-B1F-DONG-0466,500X600,보(Y),DONG,B1F,500x600,2.304
500X600-B1F-DONG-0467,500X600,보(Y),DONG,B1F,500x600,2.304
500X600-B1F-DONG-0468,500X600,보(X),DONG,B1F,500x600,0.7984
500X600-B1F-DONG-0469,500X600,보(X),DONG,B1F,500x600,0.8134
500X600-B1F-DONG-0470,500X600,보(X),DONG,B1F,500x600,2.8347
500X600-B1F-DONG-0471,500X600,보(X),DONG,B1F,500x600,2.7678
500X600-B1F-DONG-0472,500X600,보(X),DONG,B1F,500x600,1.0701
500X600-B1F-DONG-0473,500X600,보(X),DONG,B1F,500x600,1.095
400X800-B1F-DONG-0042,400X800,보(Y),DONG,B1F,400x800,1.136
400X800-B1F-DONG-0043,400X800,보(Y),DONG,B1F,400x800,1.136
500X600-B1F-DONG-0474,500X600,보(Y),DONG,B1F,500x600,2.3451
500X600-B1F-DONG-0475,500X600,보(Y),DONG,B1F,500x600,2.3451
500X600-B1F-DONG-0476,500X600,보(X),DONG,B1F,500x600,2.2803
500X600-B1F-DONG-0477,500X600,보(X),DONG,B1F,500x600,2.3955
500X600-B1F-DONG-0478,500X600,보(X),DONG,B1F,500x600,2.2496
500X600-B1F-DONG-0479,500X600,보(X),DONG,B1F,500x600,2.34
500X600-B1F-DONG-0480,500X600,보(X),DONG,B1F,500x600,2.3198
500X600-B1F-DONG-0481,500X600,보(X),DONG,B1F,500x600,2.31
500X600-B1F-DONG-0482,500X600,보(X),DONG,B1F,500x600,2.34
500X600-B1F-DONG-0483,500X600,보(X),DONG,B1F,500x600,1.53
500X600-B1F-DONG-0484,500X600,보(X),DONG,B1F,500x600,1.5072
500X600-B1F-DONG-0485,500X600,보(X),DONG,B1F,500x600,2.4111
500X600-B1F-DONG-0486,500X600,보(Y),DONG,B1F,500x600,2.325
500X600-B1F-DONG-0487,500X600,보(X),DONG,B1F,500x600,2.325
500X600-B1F-DONG-0488,500X600,보(X),DONG,B1F,500x600,2.355
500X600-B1F-DONG-0489,500X600,보(Y),DONG,B1F,500x600,2.31
500X600-B1F-DONG-0490,500X600,보(X),DONG,B1F,500x600,2.355
500X600-B1F-DONG-0491,500X600,보(X),DONG,B1F,500x600,1.275
500X600-B1F-DONG-0492,500X600,보(X),DONG,B1F,500x600,1.245
400X900_EST-B1F-DONG-0030,400X900_EST,보(X),DONG,B1F,400x900,0.6715
400X800-B1F-DONG-0044,400X800,보(Y),DONG,B1F,400x800,2.238
500X600-B1F-DONG-0493,500X600,보(X),DONG,B1F,500x600,1.9113
500X600-B1F-DONG-0494,500X600,보(X),DONG,B1F,500x600,1.7941
500X600-B1F-DONG-0495,500X600,보(Y),DONG,B1F,500x600,0.5152
400X900_EST-B1F-DONG-0031,400X900_EST,보(X),DONG,B1F,400x900,0.5546
500X600-B1F-DONG-0496,500X600,보(Y),DONG,B1F,500x600,0.8486
400X800-B1F-DONG-0045,400X800,보(Y),DONG,B1F,400x800,2.4
500X600-B1F-DONG-0497,500X600,보(X),DONG,B1F,500x600,1.245
500X600-B1F-DONG-0498,500X600,보(X),DONG,B1F,500x600,1.245
400X800-B1F-DONG-0046,400X800,보(Y),DONG,B1F,400x800,0.2399
500X600-B1F-DONG-0499,500X600,보(Y),DONG,B1F,500x600,1.8053
500X600-B1F-DONG-0500,500X600,보(Y),DONG,B1F,500x600,1.4962
500X600-B1F-DONG-0501,500X600,보(X),DONG,B1F,500x600,0.8924
500X600-B1F-DONG-0502,500X600,보(X),DONG,B1F,500x600,1.0246
500X600-B1F-DONG-0503,500X600,보(X),DONG,B1F,500x600,2.355
500X600-B1F-DONG-0504,500X600,보(X),DONG,B1F,500x600,2.37
500X600-B1F-DONG-0505,500X600,보(Y),DONG,B1F,500x600,1.3342
500X600-B1F-DONG-0506,500X600,보(Y),DONG,B1F,500x600,1.1422
500X600-B1F-DONG-0507,500X600,보(X),DONG,B1F,500x600,1.465
500X600-B1F-DONG-0508,500X600,보(X),DONG,B1F,500x600,1.5926
500X600-B1F-DONG-0509,500X600,보(Y),DONG,B1F,500x600,1.0779
500X600-B1F-DONG-0510,500X600,보(Y),DONG,B1F,500x600,1.0779
600X1600-B1F-DONG-0001,600X1600,보(Y),DONG,B1F,600x1600,3.4197
600X1600-B1F-DONG-0002,600X1600,보(Y),DONG,B1F,600x1600,3.4423
500X600-B1F-DONG-0511,500X600,보(X),DONG,B1F,500x600,1.4922
500X600-B1F-DONG-0512,500X600,보(X),DONG,B1F,500x600,1.53
500X600-B1F-DONG-0513,500X600,보(X),DONG,B1F,500x600,2.2971
500X600-B1F-DONG-0514,500X600,보(X),DONG,B1F,500x600,2.34
500X600-B1F-DONG-0515,500X600,보(X),DONG,B1F,500x600,2.3195
500X600-B1F-DONG-0516,500X600,보(X),DONG,B1F,500x600,2.34
600X2850-B1F-DONG-0001,600X2850,보(X),DONG,B1F,600x2850,3.9332
600X2850-B1F-DONG-0002,600X2850,보(X),DONG,B1F,600x2850,3.9332
500X600-B1F-DONG-0517,500X600,보(X),DONG,B1F,500x600,2.325
500X600-B1F-DONG-0518,500X600,보(X),DONG,B1F,500x600,2.34
400X800-B1F-DONG-0047,400X800,보(Y),DONG,B1F,400x800,0.7104
600X1500-B1F-DONG-0006,600X1500,보(Y),DONG,B1F,600x1500,1.998
700X600-B1F-DONG-0026,700X600,보(X),DONG,B1F,700x600,3.2008
700X600-B1F-DONG-0027,700X600,보(X),DONG,B1F,700x600,3.2008
700X600-B1F-DONG-0028,700X600,보(X),DONG,B1F,700x600,3.1925
700X600-B1F-DONG-0029,700X600,보(X),DONG,B1F,700x600,3.1925
500X600-B1F-DONG-0519,500X600,보(X),DONG,B1F,500x600,2.28
500X600-B1F-DONG-0520,500X600,보(X),DONG,B1F,500x600,2.325
500X600-B1F-DONG-0521,500X600,보(Y),DONG,B1F,500x600,2.268
500X600-B1F-DONG-0522,500X600,보(Y),DONG,B1F,500x600,2.268
500X600-B1F-DONG-0523,500X600,보(Y),DONG,B1F,500x600,2.268
500X600-B1F-DONG-0524,500X600,보(Y),DONG,B1F,500x600,2.268
500X600-B1F-DONG-0525,500X600,보(X),DONG,B1F,500x600,1.1703
500X600-B1F-DONG-0526,500X600,보(X),DONG,B1F,500x600,2.1
500X600-B1F-DONG-0527,500X600,보(X),DONG,B1F,500x600,2.2197
500X600-B1F-DONG-0528,500X600,보(Y),DONG,B1F,500x600,2.268
500X600-B1F-DONG-0529,500X600,보(Y),DONG,B1F,500x600,2.268
500X600-B1F-DONG-0530,500X600,보(X),DONG,B1F,500x600,1.17
500X600-B1F-DONG-0531,500X600,보(X),DONG,B1F,500x600,2.235
500X600-B1F-DONG-0532,500X600,보(X),DONG,B1F,500x600,2.265
400X800-B1F-DONG-0048,400X800,보(Y),DONG,B1F,400x800,12.3456
400X800-B1F-DONG-0049,400X800,보(Y),DONG,B1F,400x800,1.1927
400X800-B1F-DONG-0050,400X800,보(Y),DONG,B1F,400x800,2.464
500X600-B1F-DONG-0533,500X600,보(X),DONG,B1F,500x600,2.1297
500X600-B1F-DONG-0534,500X600,보(X),DONG,B1F,500x600,2.1297
400X800-B1F-DONG-0051,400X800,보(Y),DONG,B1F,400x800,1.1392
500X600-B1F-DONG-0535,500X600,보(X),DONG,B1F,500x600,2.3097
600X900_EST-B1F-DONG-0006,600X900_EST,보(X),DONG,B1F,600x900,4.1574
400X800-B1F-DONG-0052,400X800,보(Y),DONG,B1F,400x800,0.4864
500X600-B1F-DONG-0536,500X600,보(X),DONG,B1F,500x600,2.235
600X600-B1F-DONG-0021,600X600,보(X),DONG,B1F,600x600,2.682
400X800-B1F-DONG-0053,400X800,보(Y),DONG,B1F,400x800,2.448
600X600-B1F-DONG-0022,600X600,보(X),DONG,B1F,600x600,2.682
600X600-B1F-DONG-0023,600X600,보(X),DONG,B1F,600x600,2.682
400X800-B1F-DONG-0054,400X800,보(Y),DONG,B1F,400x800,0.9408
700X600-B1F-DONG-0030,700X600,보(X),DONG,B1F,700x600,3.129
700X600-B1F-DONG-0031,700X600,보(X),DONG,B1F,700x600,3.129
400X800-B1F-DONG-0055,400X800,보(Y),DONG,B1F,400x800,2.48
500X600-B1F-DONG-0537,500X600,보(X),DONG,B1F,500x600,1.2016
500X600-B1F-DONG-0538,500X600,보(X),DONG,B1F,500x600,1.17
500X600-B1F-DONG-0539,500X600,보(X),DONG,B1F,500x600,1.3681
500X600-B1F-DONG-0540,500X600,보(X),DONG,B1F,500x600,1.3426
500X600-B1F-DONG-0541,500X600,보(Y),DONG,B1F,500x600,1.5081
500X600-B1F-DONG-0542,500X600,보(Y),DONG,B1F,500x600,1.5081
500X600-B1F-DONG-0543,500X600,보(X),DONG,B1F,500x600,1.575
500X600-B1F-DONG-0544,500X600,보(X),DONG,B1F,500x600,1.5834
500X600-B1F-DONG-0545,500X600,보(X),DONG,B1F,500x600,2.31
500X600-B1F-DONG-0546,500X600,보(X),DONG,B1F,500x600,2.2977
400X800-B1F-DONG-0056,400X800,보(Y),DONG,B1F,400x800,0.2496
500X600-B1F-DONG-0547,500X600,보(Y),DONG,B1F,500x600,0.234
500X600-B1F-DONG-0548,500X600,보(X),DONG,B1F,500x600,0.6116
500X600-B1F-DONG-0549,500X600,보(X),DONG,B1F,500x600,0.6116
500X600-B1F-DONG-0550,500X600,보(X),DONG,B1F,500x600,0.6184
500X600-B1F-DONG-0551,500X600,보(X),DONG,B1F,500x600,0.6184
400X800-B1F-DONG-0057,400X800,보(Y),DONG,B1F,400x800,0.192
400X800-B1F-DONG-0058,400X800,보(Y),DONG,B1F,400x800,0.192
500X600-B1F-DONG-0552,500X600,보(X),DONG,B1F,500x600,1.29
500X600-B1F-DONG-0553,500X600,보(X),DONG,B1F,500x600,1.296
500X600-B1F-DONG-0554,500X600,보(Y),DONG,B1F,500x600,0.981
500X600-B1F-DONG-0555,500X600,보(Y),DONG,B1F,500x600,0.981
500X600-B1F-DONG-0556,500X600,보(X),DONG,B1F,500x600,0.87
500X600-B1F-DONG-0557,500X600,보(X),DONG,B1F,500x600,2.304
500X600-B1F-DONG-0558,500X600,보(Y),DONG,B1F,500x600,0.981
500X600-B1F-DONG-0559,500X600,보(Y),DONG,B1F,500x600,0.9822
500X600-B1F-DONG-0560,500X600,보(X),DONG,B1F,500x600,1.3257
500X600-B1F-DONG-0561,500X600,보(X),DONG,B1F,500x600,1.2371
500X600-B1F-DONG-0562,500X600,보(Y),DONG,B1F,500x600,2.31
500X600-B1F-DONG-0563,500X600,보(Y),DONG,B1F,500x600,2.308
500X600-B1F-DONG-0564,500X600,보(Y),DONG,B1F,500x600,2.31
500X600-B1F-DONG-0565,500X600,보(Y),DONG,B1F,500x600,2.308
500X600-B1F-DONG-0566,500X600,보(Y),DONG,B1F,500x600,2.31
500X600-B1F-DONG-0567,500X600,보(Y),DONG,B1F,500x600,2.31
400X800-B1F-DONG-0059,400X800,보(X),DONG,B1F,400x800,1.376
500X600-B1F-DONG-0568,500X600,보(Y),DONG,B1F,500x600,2.31
500X600-B1F-DONG-0569,500X600,보(Y),DONG,B1F,500x600,2.31
500X600-B1F-DONG-0570,500X600,보(Y),DONG,B1F,500x600,2.31
500X600-B1F-DONG-0571,500X600,보(Y),DONG,B1F,500x600,2.31
500X600-B1F-DONG-0572,500X600,보(Y),DONG,B1F,500x600,2.31
500X600-B1F-DONG-0573,500X600,보(Y),DONG,B1F,500x600,2.31
500X600-B1F-DONG-0574,500X600,보(X),DONG,B1F,500x600,1.575
500X600-B1F-DONG-0575,500X600,보(X),DONG,B1F,500x600,1.575
500X600-B1F-DONG-0576,500X600,보(X),DONG,B1F,500x600,2.31
500X600-B1F-DONG-0577,500X600,보(X),DONG,B1F,500x600,2.31
500X600-B1F-DONG-0578,500X600,보(X),DONG,B1F,500x600,2.31
500X600-B1F-DONG-0579,500X600,보(X),DONG,B1F,500x600,2.31
500X600-B1F-DONG-0580,500X600,보(X),DONG,B1F,500x600,2.31
500X600-B1F-DONG-0581,500X600,보(X),DONG,B1F,500x600,1.29
400X800-B1F-DONG-0060,400X800,보(X),DONG,B1F,400x800,0.928
500X600-B1F-DONG-0582,500X600,보(X),DONG,B1F,500x600,2.31
500X600-B1F-DONG-0583,500X600,보(X),DONG,B1F,500x600,1.29
400X800-B1F-DONG-0061,400X800,보(X),DONG,B1F,400x800,0.928
400X800-B1F-DONG-0062,400X800,보(Y),DONG,B1F,400x800,0.3592
500X600-B1F-DONG-0584,500X600,보(Y),DONG,B1F,500x600,1.395
500X600-B1F-DONG-0585,500X600,보(Y),DONG,B1F,500x600,1.395
500X600-B1F-DONG-0586,500X600,보(Y),DONG,B1F,500x600,1.395
500X600-B1F-DONG-0587,500X600,보(Y),DONG,B1F,500x600,1.395
500X600-B1F-DONG-0588,500X600,보(Y),DONG,B1F,500x600,1.395
500X600-B1F-DONG-0589,500X600,보(Y),DONG,B1F,500x600,1.395
500X600-B1F-DONG-0590,500X600,보(Y),DONG,B1F,500x600,1.395
500X600-B1F-DONG-0591,500X600,보(Y),DONG,B1F,500x600,1.38
500X600-B1F-DONG-0592,500X600,보(Y),DONG,B1F,500x600,1.38
500X600-B1F-DONG-0593,500X600,보(Y),DONG,B1F,500x600,1.38
400X800-B1F-DONG-0063,400X800,보(X),DONG,B1F,400x800,4.304
400X800-B1F-DONG-0064,400X800,보(X),DONG,B1F,400x800,1.68
500X600-B1F-DONG-0594,500X600,보(X),DONG,B1F,500x600,2.31
500X600-B1F-DONG-0595,500X600,보(X),DONG,B1F,500x600,2.31
500X600-B1F-DONG-0596,500X600,보(X),DONG,B1F,500x600,2.31
500X600-B1F-DONG-0597,500X600,보(X),DONG,B1F,500x600,2.31
500X600-B1F-DONG-0598,500X600,보(X),DONG,B1F,500x600,2.31
500X600-B1F-DONG-0599,500X600,보(Y),DONG,B1F,500x600,2.355
500X600-B1F-DONG-0600,500X600,보(Y),DONG,B1F,500x600,2.355
500X600-B1F-DONG-0601,500X600,보(Y),DONG,B1F,500x600,2.3394
500X600-B1F-DONG-0602,500X600,보(Y),DONG,B1F,500x600,2.34
500X600-B1F-DONG-0603,500X600,보(Y),DONG,B1F,500x600,2.34
500X600-B1F-DONG-0604,500X600,보(X),DONG,B1F,500x600,2.325
500X600-B1F-DONG-0605,500X600,보(Y),DONG,B1F,500x600,2.34
500X600-B1F-DONG-0606,500X600,보(Y),DONG,B1F,500x600,2.34
500X600-B1F-DONG-0607,500X600,보(X),DONG,B1F,500x600,2.295
900X900-B1F-DONG-0003,900X900,보(Y),DONG,B1F,900x900,10.057
400X800-B1F-DONG-0065,400X800,보(Y),DONG,B1F,400x800,1.538
700X900-B1F-DONG-0002,700X900,보(X),DONG,B1F,700x900,3.0555
700X900-B1F-DONG-0003,700X900,보(X),DONG,B1F,700x900,3.0555
500X600-B1F-DONG-0608,500X600,보(X),DONG,B1F,500x600,2.19
400X800-B1F-DONG-0066,400X800,보(X),DONG,B1F,400x800,1.5851
400X800-B1F-DONG-0067,400X800,보(X),DONG,B1F,400x800,2.448
400X800-B1F-DONG-0068,400X800,보(X),DONG,B1F,400x800,2.48
500X600-B1F-DONG-0609,500X600,보(X),DONG,B1F,500x600,2.31
500X600-B1F-DONG-0610,500X600,보(X),DONG,B1F,500x600,2.31
900X900-B1F-DONG-0004,900X900,보(Y),DONG,B1F,900x900,6.0413
400X800-B1F-DONG-0069,400X800,보(X),DONG,B1F,400x800,0.4723
400X800-B1F-DONG-0070,400X800,보(X),DONG,B1F,400x800,0.5647
500X600-B1F-DONG-0611,500X600,보(Y),DONG,B1F,500x600,2.355
500X600-B1F-DONG-0612,500X600,보(Y),DONG,B1F,500x600,2.415
500X600-B1F-DONG-0613,500X600,보(Y),DONG,B1F,500x600,2.415
500X600-B1F-DONG-0614,500X600,보(Y),DONG,B1F,500x600,2.4307
500X600-B1F-DONG-0615,500X600,보(Y),DONG,B1F,500x600,2.415
700X600-B1F-DONG-0032,700X600,보(Y),DONG,B1F,700x600,3.4029
700X600-B1F-DONG-0033,700X600,보(Y),DONG,B1F,700x600,3.4029
700X600-B1F-DONG-0034,700X600,보(Y),DONG,B1F,700x600,3.4029
700X600-B1F-DONG-0035,700X600,보(Y),DONG,B1F,700x600,3.4029
700X600-B1F-DONG-0036,700X600,보(Y),DONG,B1F,700x600,3.4029
700X600-B1F-DONG-0037,700X600,보(Y),DONG,B1F,700x600,3.4029
400X800-B1F-DONG-0071,400X800,보(X),DONG,B1F,400x800,2.432
500X600-B1F-DONG-0616,500X600,보(X),DONG,B1F,500x600,2.25
500X600-B1F-DONG-0617,500X600,보(X),DONG,B1F,500x600,2.25
700X900-B1F-DONG-0004,700X900,보(X),DONG,B1F,700x900,2.5131
700X900-B1F-DONG-0005,700X900,보(X),DONG,B1F,700x900,2.7643
500X600-B1F-DONG-0618,500X600,보(X),DONG,B1F,500x600,2.3113
500X600-B1F-DONG-0619,500X600,보(X),DONG,B1F,500x600,2.31
500X600-B1F-DONG-0620,500X600,보(Y),DONG,B1F,500x600,1.5003
500X600-B1F-DONG-0621,500X600,보(Y),DONG,B1F,500x600,1.3561
500X600-B1F-DONG-0622,500X600,보(Y),DONG,B1F,500x600,2.4
500X600-B1F-DONG-0623,500X600,보(Y),DONG,B1F,500x600,2.46
500X600-B1F-DONG-0624,500X600,보(X),DONG,B1F,500x600,1.7372
500X600-B1F-DONG-0625,500X600,보(X),DONG,B1F,500x600,1.605
500X600-B1F-DONG-0626,500X600,보(Y),DONG,B1F,500x600,1.7235
500X600-B1F-DONG-0627,500X600,보(Y),DONG,B1F,500x600,1.7535
700X600-B1F-DONG-0038,700X600,보(Y),DONG,B1F,700x600,3.3741
700X600-B1F-DONG-0039,700X600,보(Y),DONG,B1F,700x600,3.373
700X600-B1F-DONG-0040,700X600,보(Y),DONG,B1F,700x600,3.4891
700X600-B1F-DONG-0041,700X600,보(Y),DONG,B1F,700x600,3.4255
400X800-B1F-DONG-0072,400X800,보(X),DONG,B1F,400x800,4.304
500X600-B1F-DONG-0628,500X600,보(X),DONG,B1F,500x600,2.1091
500X600-B1F-DONG-0629,500X600,보(X),DONG,B1F,500x600,2.34
500X600-B1F-DONG-0630,500X600,보(X),DONG,B1F,500x600,2.2724
500X600-B1F-DONG-0631,500X600,보(X),DONG,B1F,500x600,0.9
500X600-B1F-DONG-0632,500X600,보(X),DONG,B1F,500x600,0.87
600X600-B1F-DONG-0024,600X600,보(X),DONG,B1F,600x600,2.808
600X600-B1F-DONG-0025,600X600,보(X),DONG,B1F,600x600,2.808
500X600-B1F-DONG-0633,500X600,보(Y),DONG,B1F,500x600,0.8297
500X600-B1F-DONG-0634,500X600,보(Y),DONG,B1F,500x600,0.813
400X800-B1F-DONG-0073,400X800,보(Y),DONG,B1F,400x800,0.4064
400X800-B1F-DONG-0074,400X800,보(Y),DONG,B1F,400x800,0.3744
400X800-B1F-DONG-0075,400X800,보(X),DONG,B1F,400x800,0.2244
400X800-B1F-DONG-0076,400X800,보(X),DONG,B1F,400x800,0.2244
700X600-B1F-DONG-0042,700X600,보(X),DONG,B1F,700x600,3.192
700X600-B1F-DONG-0043,700X600,보(X),DONG,B1F,700x600,3.192
500X600-B1F-DONG-0635,500X600,보(Y),DONG,B1F,500x600,1.38
500X600-B1F-DONG-0636,500X600,보(Y),DONG,B1F,500x600,1.35
500X600-B1F-DONG-0637,500X600,보(X),DONG,B1F,500x600,2.34
500X600-B1F-DONG-0638,500X600,보(X),DONG,B1F,500x600,2.325
400X800-B1F-DONG-0077,400X800,보(Y),DONG,B1F,400x800,0.2073
400X800-B1F-DONG-0078,400X800,보(Y),DONG,B1F,400x800,0.24
400X800-B1F-DONG-0079,400X800,보(X),DONG,B1F,400x800,0.96
400X800-B1F-DONG-0080,400X800,보(X),DONG,B1F,400x800,0.928
400X700-B1F-DONG-0001,400X700,보(X),DONG,B1F,400x700,0.1963
400X700-B1F-DONG-0002,400X700,보(X),DONG,B1F,400x700,0.1823
500X600-B1F-DONG-0639,500X600,보(Y),DONG,B1F,500x600,1.7235
500X600-B1F-DONG-0640,500X600,보(Y),DONG,B1F,500x600,1.7535
500X600-B1F-DONG-0641,500X600,보(Y),DONG,B1F,500x600,1.7235
500X600-B1F-DONG-0642,500X600,보(Y),DONG,B1F,500x600,1.7535
600X600-B1F-DONG-0026,600X600,보(Y),DONG,B1F,600x600,2.0682
600X600-B1F-DONG-0027,600X600,보(Y),DONG,B1F,600x600,2.1042
700X600-B1F-DONG-0044,700X600,보(X),DONG,B1F,700x600,3.2527
700X600-B1F-DONG-0045,700X600,보(X),DONG,B1F,700x600,3.1676
600X600-B1F-DONG-0028,600X600,보(Y),DONG,B1F,600x600,2.916
600X600-B1F-DONG-0029,600X600,보(Y),DONG,B1F,600x600,2.916
400X800-B1F-DONG-0081,400X800,보(Y),DONG,B1F,400x800,0.3673
400X800-B1F-DONG-0082,400X800,보(Y),DONG,B1F,400x800,0.3745
400X800-B1F-DONG-0083,400X800,보(X),DONG,B1F,400x800,0.3107
400X800-B1F-DONG-0084,400X800,보(X),DONG,B1F,400x800,0.3604
500X600-B1F-DONG-0643,500X600,보(X),DONG,B1F,500x600,2.34
500X600-B1F-DONG-0644,500X600,보(X),DONG,B1F,500x600,2.37
500X600-B1F-DONG-0645,500X600,보(X),DONG,B1F,500x600,2.2723
500X600-B1F-DONG-0646,500X600,보(X),DONG,B1F,500x600,2.31
500X600-B1F-DONG-0647,500X600,보(X),DONG,B1F,500x600,2.2723
500X600-B1F-DONG-0648,500X600,보(X),DONG,B1F,500x600,2.31
500X600-B1F-DONG-0649,500X600,보(X),DONG,B1F,500x600,2.34
500X600-B1F-DONG-0650,500X600,보(X),DONG,B1F,500x600,2.325
500X600-B1F-DONG-0651,500X600,보(Y),DONG,B1F,500x600,1.4528
500X600-B1F-DONG-0652,500X600,보(Y),DONG,B1F,500x600,1.4528
500X600-B1F-DONG-0653,500X600,보(Y),DONG,B1F,500x600,1.3943
500X600-B1F-DONG-0654,500X600,보(Y),DONG,B1F,500x600,1.3834
500X600-B1F-DONG-0655,500X600,보(Y),DONG,B1F,500x600,1.4243
500X600-B1F-DONG-0656,500X600,보(Y),DONG,B1F,500x600,1.3943
400X800-B1F-DONG-0085,400X800,보(Y),DONG,B1F,400x800,0.8
400X800-B1F-DONG-0086,400X800,보(Y),DONG,B1F,400x800,0.8104
400X800-B1F-DONG-0087,400X800,보(X),DONG,B1F,400x800,1.0148
400X800-B1F-DONG-0088,400X800,보(X),DONG,B1F,400x800,1.0148
400X800-B1F-DONG-0089,400X800,보(X),DONG,B1F,400x800,1.7255
400X800-B1F-DONG-0090,400X800,보(X),DONG,B1F,400x800,1.7051
400X800-B1F-DONG-0091,400X800,보(X),DONG,B1F,400x800,0.7761
400X800-B1F-DONG-0092,400X800,보(X),DONG,B1F,400x800,0.7581
400X800-B1F-DONG-0093,400X800,보(Y),DONG,B1F,400x800,0.864
400X800-B1F-DONG-0094,400X800,보(Y),DONG,B1F,400x800,0.8158
500X600-B1F-DONG-0657,500X600,보(X),DONG,B1F,500x600,2.34
500X600-B1F-DONG-0658,500X600,보(X),DONG,B1F,500x600,2.31
500X600-B1F-DONG-0659,500X600,보(X),DONG,B1F,500x600,1.365
500X600-B1F-DONG-0660,500X600,보(X),DONG,B1F,500x600,2.1
500X600-B1F-DONG-0661,500X600,보(X),DONG,B1F,500x600,1.56
500X600-B1F-DONG-0662,500X600,보(X),DONG,B1F,500x600,1.53
400X800-B1F-DONG-0095,400X800,보(Y),DONG,B1F,400x800,1.264
400X800-B1F-DONG-0096,400X800,보(Y),DONG,B1F,400x800,1.264
400X800-B1F-DONG-0097,400X800,보(Y),DONG,B1F,400x800,1.264
400X800-B1F-DONG-0098,400X800,보(Y),DONG,B1F,400x800,1.264
400X800-B1F-DONG-0099,400X800,보(Y),DONG,B1F,400x800,0.2816
400X800-B1F-DONG-0100,400X800,보(Y),DONG,B1F,400x800,0.2816
500X600-B1F-DONG-0663,500X600,보(X),DONG,B1F,500x600,1.335
500X600-B1F-DONG-0664,500X600,보(X),DONG,B1F,500x600,2.115
400X800-B1F-DONG-0101,400X800,보(Y),DONG,B1F,400x800,11.4176
400X800-B1F-DONG-0102,400X800,보(Y),DONG,B1F,400x800,0.3776
400X800-B1F-DONG-0103,400X800,보(Y),DONG,B1F,400x800,1.376
500X600-B1F-DONG-0665,500X600,보(X),DONG,B1F,500x600,1.365
500X600-B1F-DONG-0666,500X600,보(X),DONG,B1F,500x600,1.365
500X600-B1F-DONG-0667,500X600,보(Y),DONG,B1F,500x600,2.31
500X600-B1F-DONG-0668,500X600,보(X),DONG,B1F,500x600,1.365
500X600-B1F-DONG-0669,500X600,보(X),DONG,B1F,500x600,1.365
500X600-B1F-DONG-0670,500X600,보(X),DONG,B1F,500x600,1.365
500X600-B1F-DONG-0671,500X600,보(X),DONG,B1F,500x600,1.365
500X600-B1F-DONG-0672,500X600,보(X),DONG,B1F,500x600,1.38
500X600-B1F-DONG-0673,500X600,보(Y),DONG,B1F,500x600,2.46
600X1800-B1F-DONG-0003,600X1800,보(Y),DONG,B1F,600x1800,8.856
400X800-B1F-DONG-0104,400X800,보(Y),DONG,B1F,400x800,1.008
500X600-B1F-DONG-0674,500X600,보(Y),DONG,B1F,500x600,0.945
500X600-B1F-DONG-0675,500X600,보(Y),DONG,B1F,500x600,0.945
500X600-B1F-DONG-0676,500X600,보(Y),DONG,B1F,500x600,0.945
500X600-B1F-DONG-0677,500X600,보(Y),DONG,B1F,500x600,0.945
500X600-B1F-DONG-0678,500X600,보(X),DONG,B1F,500x600,2.145
400X800-B1F-DONG-0105,400X800,보(X),DONG,B1F,400x800,3.936
500X600-B1F-DONG-0679,500X600,보(X),DONG,B1F,500x600,1.53
500X600-B1F-DONG-0680,500X600,보(X),DONG,B1F,500x600,1.56
500X600-B1F-DONG-0681,500X600,보(Y),DONG,B1F,500x600,1.32
500X600-B1F-DONG-0682,500X600,보(Y),DONG,B1F,500x600,1.32
500X600-B1F-DONG-0683,500X600,보(X),DONG,B1F,500x600,2.31
500X600-B1F-DONG-0684,500X600,보(X),DONG,B1F,500x600,2.34
500X600-B1F-DONG-0685,500X600,보(X),DONG,B1F,500x600,2.31
500X600-B1F-DONG-0686,500X600,보(X),DONG,B1F,500x600,2.34
500X600-B1F-DONG-0687,500X600,보(X),DONG,B1F,500x600,2.31
500X600-B1F-DONG-0688,500X600,보(X),DONG,B1F,500x600,2.34
500X600-B1F-DONG-0689,500X600,보(Y),DONG,B1F,500x600,1.32
500X600-B1F-DONG-0690,500X600,보(Y),DONG,B1F,500x600,1.32
500X600-B1F-DONG-0691,500X600,보(Y),DONG,B1F,500x600,1.32
500X600-B1F-DONG-0692,500X600,보(Y),DONG,B1F,500x600,1.32
500X600-B1F-DONG-0693,500X600,보(Y),DONG,B1F,500x600,1.35
500X600-B1F-DONG-0694,500X600,보(Y),DONG,B1F,500x600,1.35
400X800-B1F-DONG-0106,400X800,보(Y),DONG,B1F,400x800,0.448
400X800-B1F-DONG-0107,400X800,보(Y),DONG,B1F,400x800,0.448
500X600-B1F-DONG-0695,500X600,보(X),DONG,B1F,500x600,2.31
500X600-B1F-DONG-0696,500X600,보(X),DONG,B1F,500x600,2.34
500X600-B1F-DONG-0697,500X600,보(X),DONG,B1F,500x600,2.31
500X600-B1F-DONG-0698,500X600,보(X),DONG,B1F,500x600,2.34
500X600-B1F-DONG-0699,500X600,보(X),DONG,B1F,500x600,2.31
500X600-B1F-DONG-0700,500X600,보(X),DONG,B1F,500x600,2.34
500X600-B1F-DONG-0701,500X600,보(X),DONG,B1F,500x600,2.31
500X600-B1F-DONG-0702,500X600,보(X),DONG,B1F,500x600,2.31
500X600-B1F-DONG-0703,500X600,보(X),DONG,B1F,500x600,2.31
500X600-B1F-DONG-0704,500X600,보(X),DONG,B1F,500x600,2.31
500X600-B1F-DONG-0705,500X600,보(X),DONG,B1F,500x600,2.3167
500X600-B1F-DONG-0706,500X600,보(X),DONG,B1F,500x600,2.31
400X800-B1F-DONG-0108,400X800,보(X),DONG,B1F,400x800,0.2756
400X800-B1F-DONG-0109,400X800,보(X),DONG,B1F,400x800,0.2756
500X600-B1F-DONG-0707,500X600,보(Y),DONG,B1F,500x600,1.35
500X600-B1F-DONG-0708,500X600,보(Y),DONG,B1F,500x600,1.35
400X800-B1F-DONG-0110,400X800,보(Y),DONG,B1F,400x800,0.448
400X800-B1F-DONG-0111,400X800,보(Y),DONG,B1F,400x800,0.448
500X600-B1F-DONG-0709,500X600,보(Y),DONG,B1F,500x600,1.35
500X600-B1F-DONG-0710,500X600,보(Y),DONG,B1F,500x600,1.35
400X800-B1F-DONG-0112,400X800,보(Y),DONG,B1F,400x800,0.448
400X800-B1F-DONG-0113,400X800,보(Y),DONG,B1F,400x800,0.448
500X600-B1F-DONG-0711,500X600,보(Y),DONG,B1F,500x600,1.35
500X600-B1F-DONG-0712,500X600,보(Y),DONG,B1F,500x600,1.3212
400X800-B1F-DONG-0114,400X800,보(X),DONG,B1F,400x800,0.4763
400X800-B1F-DONG-0115,400X800,보(X),DONG,B1F,400x800,0.4722
500X600-B1F-DONG-0713,500X600,보(X),DONG,B1F,500x600,1.7479
500X600-B1F-DONG-0714,500X600,보(Y),DONG,B1F,500x600,1.5581
500X600-B1F-DONG-0715,500X600,보(X),DONG,B1F,500x600,1.6556
500X600-B1F-DONG-0716,500X600,보(Y),DONG,B1F,500x600,1.6026
500X600-B1F-DONG-0717,500X600,보(X),DONG,B1F,500x600,2.1421
500X600-B1F-DONG-0718,500X600,보(X),DONG,B1F,500x600,2.1671
500X600-B1F-DONG-0719,500X600,보(X),DONG,B1F,500x600,2.1481
500X600-B1F-DONG-0720,500X600,보(X),DONG,B1F,500x600,1.8482
500X600-B1F-DONG-0721,500X600,보(X),DONG,B1F,500x600,1.895
500X600-B1F-DONG-0722,500X600,보(X),DONG,B1F,500x600,1.62
500X600-B1F-DONG-0723,500X600,보(X),DONG,B1F,500x600,1.5925
400X800-B1F-DONG-0116,400X800,보(X),DONG,B1F,400x800,0.3585
400X800-B1F-DONG-0117,400X800,보(X),DONG,B1F,400x800,0.3585
500X600-B1F-DONG-0724,500X600,보(X),DONG,B1F,500x600,1.4006
500X600-B1F-DONG-0725,500X600,보(X),DONG,B1F,500x600,1.438
500X600-B1F-DONG-0726,500X600,보(X),DONG,B1F,500x600,0.5187
500X600-B1F-DONG-0727,500X600,보(X),DONG,B1F,500x600,0.8077
500X600-B1F-DONG-0728,500X600,보(X),DONG,B1F,500x600,0.7811
500X600-B1F-DONG-0729,500X600,보(X),DONG,B1F,500x600,1.3663
500X600-B1F-DONG-0730,500X600,보(X),DONG,B1F,500x600,0.7646
500X600-B1F-DONG-0731,500X600,보(X),DONG,B1F,500x600,1.2424
500X600-B1F-DONG-0732,500X600,보(X),DONG,B1F,500x600,1.205
400X800-B1F-DONG-0118,400X800,보(Y),DONG,B1F,400x800,0.2432
400X800-B1F-DONG-0119,400X800,보(Y),DONG,B1F,400x800,0.2034
500X900-B1F-DONG-0010,500X900,보(X),DONG,B1F,500x900,1.8466
500X600-B1F-DONG-0733,500X600,보(X),DONG,B1F,500x600,1.1007
400X800-B1F-DONG-0120,400X800,보(Y),DONG,B1F,400x800,0.2052
400X800-B1F-DONG-0121,400X800,보(Y),DONG,B1F,400x800,0.1653
400X800-B1F-DONG-0122,400X800,보(X),DONG,B1F,400x800,1.3047
400X800-B1F-DONG-0123,400X800,보(X),DONG,B1F,400x800,0.663
500X600-B1F-DONG-0734,500X600,보(Y),DONG,B1F,500x600,1.5178
500X600-B1F-DONG-0735,500X600,보(Y),DONG,B1F,500x600,1.3388
500X600-B1F-DONG-0736,500X600,보(Y),DONG,B1F,500x600,1.4116
500X600-B1F-DONG-0737,500X600,보(Y),DONG,B1F,500x600,1.4116
500X600-B1F-DONG-0738,500X600,보(X),DONG,B1F,500x600,1.515
500X600-B1F-DONG-0739,500X600,보(X),DONG,B1F,500x600,1.53
500X600-B1F-DONG-0740,500X600,보(X),DONG,B1F,500x600,2.0271
500X600-B1F-DONG-0741,500X600,보(X),DONG,B1F,500x600,1.8545
500X600-B1F-DONG-0742,500X600,보(X),DONG,B1F,500x600,1.77
500X600-B1F-DONG-0743,500X600,보(X),DONG,B1F,500x600,1.4747
500X600-B1F-DONG-0744,500X600,보(Y),DONG,B1F,500x600,2.31
500X600-B1F-DONG-0745,500X600,보(Y),DONG,B1F,500x600,2.31
500X600-B1F-DONG-0746,500X600,보(Y),DONG,B1F,500x600,2.31
500X600-B1F-DONG-0747,500X600,보(Y),DONG,B1F,500x600,2.31
500X600-B1F-DONG-0748,500X600,보(Y),DONG,B1F,500x600,2.31
500X600-B1F-DONG-0749,500X600,보(Y),DONG,B1F,500x600,2.31
500X600-B1F-DONG-0750,500X600,보(Y),DONG,B1F,500x600,2.31
500X600-B1F-DONG-0751,500X600,보(Y),DONG,B1F,500x600,2.31
500X600-B1F-DONG-0752,500X600,보(X),DONG,B1F,500x600,2.385
500X600-B1F-DONG-0753,500X600,보(X),DONG,B1F,500x600,0.8077
500X600-B1F-DONG-0754,500X600,보(X),DONG,B1F,500x600,1.5631
500X600-B1F-DONG-0755,500X600,보(X),DONG,B1F,500x600,1.5181
500X600-B1F-DONG-0756,500X600,보(X),DONG,B1F,500x600,2.37
500X600-B1F-DONG-0757,500X600,보(X),DONG,B1F,500x600,2.37
500X600-B1F-DONG-0758,500X600,보(X),DONG,B1F,500x600,1.785
500X600-B1F-DONG-0759,500X600,보(X),DONG,B1F,500x600,1.77
500X600-B1F-DONG-0760,500X600,보(X),DONG,B1F,500x600,1.545
500X600-B1F-DONG-0761,500X600,보(X),DONG,B1F,500x600,1.53
500X600-B1F-DONG-0762,500X600,보(X),DONG,B1F,500x600,2.34
500X600-B1F-DONG-0763,500X600,보(X),DONG,B1F,500x600,2.355
500X600-B1F-DONG-0764,500X600,보(Y),DONG,B1F,500x600,2.2948
500X600-B1F-DONG-0765,500X600,보(Y),DONG,B1F,500x600,2.31
400X800-B1F-DONG-0124,400X800,보(X),DONG,B1F,400x800,1.5225
500X600-B1F-DONG-0766,500X600,보(X),DONG,B1F,500x600,1.8054
400X800-B1F-DONG-0125,400X800,보(X),DONG,B1F,400x800,0.267
500X600-B1F-DONG-0767,500X600,보(X),DONG,B1F,500x600,1.4581
500X600-B1F-DONG-0768,500X600,보(X),DONG,B1F,500x600,1.4581
500X600-B1F-DONG-0769,500X600,보(Y),DONG,B1F,500x600,2.31
400X800-B1F-DONG-0126,400X800,보(Y),DONG,B1F,400x800,0.96
500X600-B1F-DONG-0770,500X600,보(Y),DONG,B1F,500x600,1.275
500X600-B1F-DONG-0771,500X600,보(Y),DONG,B1F,500x600,1.275
500X600-B1F-DONG-0772,500X600,보(Y),DONG,B1F,500x600,1.275
500X600-B1F-DONG-0773,500X600,보(Y),DONG,B1F,500x600,1.275
500X600-B1F-DONG-0774,500X600,보(Y),DONG,B1F,500x600,2.31
500X600-B1F-DONG-0775,500X600,보(Y),DONG,B1F,500x600,1.23
500X600-B1F-DONG-0776,500X600,보(Y),DONG,B1F,500x600,2.31
500X600-B1F-DONG-0777,500X600,보(Y),DONG,B1F,500x600,2.31
500X600-B1F-DONG-0778,500X600,보(Y),DONG,B1F,500x600,2.31
500X600-B1F-DONG-0779,500X600,보(Y),DONG,B1F,500x600,2.31
400X800-B1F-DONG-0127,400X800,보(Y),DONG,B1F,400x800,12.8548
400X800-B1F-DONG-0128,400X800,보(Y),DONG,B1F,400x800,1.3669
500X600-B1F-DONG-0780,500X600,보(X),DONG,B1F,500x600,1.425
500X600-B1F-DONG-0781,500X600,보(X),DONG,B1F,500x600,1.425
500X600-B1F-DONG-0782,500X600,보(X),DONG,B1F,500x600,2.34
500X600-B1F-DONG-0783,500X600,보(X),DONG,B1F,500x600,2.34
500X600-B1F-DONG-0784,500X600,보(X),DONG,B1F,500x600,1.425
500X600-B1F-DONG-0785,500X600,보(X),DONG,B1F,500x600,1.425
500X600-B1F-DONG-0786,500X600,보(Y),DONG,B1F,500x600,2.31
500X600-B1F-DONG-0787,500X600,보(Y),DONG,B1F,500x600,2.31
500X600-B1F-DONG-0788,500X600,보(Y),DONG,B1F,500x600,2.312
500X600-B1F-DONG-0789,500X600,보(Y),DONG,B1F,500x600,2.31
500X600-B1F-DONG-0790,500X600,보(Y),DONG,B1F,500x600,2.31
500X600-B1F-DONG-0791,500X600,보(Y),DONG,B1F,500x600,2.31
500X600-B1F-DONG-0792,500X600,보(Y),DONG,B1F,500x600,2.31
500X600-B1F-DONG-0793,500X600,보(X),DONG,B1F,500x600,1.425
500X600-B1F-DONG-0794,500X600,보(X),DONG,B1F,500x600,1.425
500X600-B1F-DONG-0795,500X600,보(X),DONG,B1F,500x600,2.34
500X600-B1F-DONG-0796,500X600,보(X),DONG,B1F,500x600,2.34
500X600-B1F-DONG-0797,500X600,보(X),DONG,B1F,500x600,1.425
500X600-B1F-DONG-0798,500X600,보(X),DONG,B1F,500x600,1.425
500X600-B1F-DONG-0799,500X600,보(Y),DONG,B1F,500x600,2.325
500X600-B1F-DONG-0800,500X600,보(Y),DONG,B1F,500x600,2.31
500X600-B1F-DONG-0801,500X600,보(Y),DONG,B1F,500x600,2.325
500X600-B1F-DONG-0802,500X600,보(Y),DONG,B1F,500x600,2.325
500X600-B1F-DONG-0803,500X600,보(Y),DONG,B1F,500x600,2.325
500X600-B1F-DONG-0804,500X600,보(Y),DONG,B1F,500x600,2.325
500X600-B1F-DONG-0805,500X600,보(Y),DONG,B1F,500x600,2.325
500X600-B1F-DONG-0806,500X600,보(Y),DONG,B1F,500x600,2.475
500X600-B1F-DONG-0807,500X600,보(Y),DONG,B1F,500x600,2.475
500X600-B1F-DONG-0808,500X600,보(X),DONG,B1F,500x600,2.295
500X600-B1F-DONG-0809,500X600,보(X),DONG,B1F,500x600,2.34
500X900-B1F-DONG-0011,500X900,보(X),DONG,B1F,500x900,2.1375
500X600-B1F-DONG-0810,500X600,보(X),DONG,B1F,500x600,1.425
900X900-B1F-DONG-0005,900X900,보(Y),DONG,B1F,900x900,6.6825
500X600-B1F-DONG-0811,500X600,보(X),DONG,B1F,500x600,1.485
500X600-B1F-DONG-0812,500X600,보(X),DONG,B1F,500x600,1.4581
500X600-B1F-DONG-0813,500X600,보(X),DONG,B1F,500x600,1.485
500X600-B1F-DONG-0814,500X600,보(X),DONG,B1F,500x600,1.485
500X600-B1F-DONG-0815,500X600,보(X),DONG,B1F,500x600,1.485
500X600-B1F-DONG-0816,500X600,보(X),DONG,B1F,500x600,1.485
500X600-B1F-DONG-0817,500X600,보(X),DONG,B1F,500x600,1.485
500X600-B1F-DONG-0818,500X600,보(X),DONG,B1F,500x600,1.485
700X900-B1F-DONG-0006,700X900,보(X),DONG,B1F,700x900,1.3208
700X900-B1F-DONG-0007,700X900,보(X),DONG,B1F,700x900,1.3994
500X600-B1F-DONG-0819,500X600,보(X),DONG,B1F,500x600,1.485
500X600-B1F-DONG-0820,500X600,보(X),DONG,B1F,500x600,1.485
400X800-B1F-DONG-0129,400X800,보(X),DONG,B1F,400x800,4.064
500X600-B1F-DONG-0821,500X600,보(X),DONG,B1F,500x600,1.485
500X600-B1F-DONG-0822,500X600,보(X),DONG,B1F,500x600,2.16
500X600-B1F-DONG-0823,500X600,보(X),DONG,B1F,500x600,2.1057
500X600-B1F-DONG-0824,500X600,보(X),DONG,B1F,500x600,1.545
500X600-B1F-DONG-0825,500X600,보(X),DONG,B1F,500x600,1.5187
400X800-B1F-DONG-0130,400X800,보(Y),DONG,B1F,400x800,11.2147
400X800-B1F-DONG-0131,400X800,보(Y),DONG,B1F,400x800,0.8926
500X600-B1F-DONG-0826,500X600,보(Y),DONG,B1F,500x600,2.31
500X600-B1F-DONG-0827,500X600,보(Y),DONG,B1F,500x600,2.295
500X600-B1F-DONG-0828,500X600,보(Y),DONG,B1F,500x600,2.34
600X900-B1F-DONG-0012,600X900,보(Y),DONG,B1F,600x900,4.455
400X800-B1F-DONG-0132,400X800,보(Y),DONG,B1F,400x800,1.6
600X900-B1F-DONG-0013,600X900,보(Y),DONG,B1F,600x900,2.916
900X900-B1F-DONG-0006,900X900,보(Y),DONG,B1F,900x900,6.237
600X900-B1F-DONG-0014,600X900,보(Y),DONG,B1F,600x900,4.158
500X600-B1F-DONG-0829,500X600,보(Y),DONG,B1F,500x600,2.295
500X600-B1F-DONG-0830,500X600,보(Y),DONG,B1F,500x600,2.295
500X600-B1F-DONG-0831,500X600,보(Y),DONG,B1F,500x600,2.295
500X600-B1F-DONG-0832,500X600,보(Y),DONG,B1F,500x600,2.295
500X600-B1F-DONG-0833,500X600,보(Y),DONG,B1F,500x600,2.295
500X600-B1F-DONG-0834,500X600,보(Y),DONG,B1F,500x600,2.31
500X600-B1F-DONG-0835,500X600,보(X),DONG,B1F,500x600,2.175
500X600-B1F-DONG-0836,500X600,보(X),DONG,B1F,500x600,2.16
500X600-B1F-DONG-0837,500X600,보(X),DONG,B1F,500x600,1.575
500X600-B1F-DONG-0838,500X600,보(X),DONG,B1F,500x600,1.545
500X600-B1F-DONG-0839,500X600,보(X),DONG,B1F,500x600,6.96
500X600-B1F-DONG-0840,500X600,보(X),DONG,B1F,500x600,2.175
500X600-B1F-DONG-0841,500X600,보(X),DONG,B1F,500x600,2.175
500X600-B1F-DONG-0842,500X600,보(Y),DONG,B1F,500x600,2.34
500X600-B1F-DONG-0843,500X600,보(Y),DONG,B1F,500x600,2.34
500X600-B1F-DONG-0844,500X600,보(Y),DONG,B1F,500x600,2.34
500X600-B1F-DONG-0845,500X600,보(Y),DONG,B1F,500x600,2.34
500X600-B1F-DONG-0846,500X600,보(Y),DONG,B1F,500x600,2.34
500X600-B1F-DONG-0847,500X600,보(Y),DONG,B1F,500x600,2.34
500X600-B1F-DONG-0848,500X600,보(X),DONG,B1F,500x600,2.37
400X800-B1F-DONG-0133,400X800,보(X),DONG,B1F,400x800,2.528
400X800-B1F-DONG-0134,400X800,보(X),DONG,B1F,400x800,1.68
500X600-B1F-DONG-0849,500X600,보(Y),DONG,B1F,500x600,2.34
500X600-B1F-DONG-0850,500X600,보(Y),DONG,B1F,500x600,2.34
400X800-B1F-DONG-0135,400X800,보(X),DONG,B1F,400x800,4.688
400X800-B1F-DONG-0136,400X800,보(X),DONG,B1F,400x800,4.688
400X800-B1F-DONG-0137,400X800,보(X),DONG,B1F,400x800,1.52
600X1500-B1F-DONG-0007,600X1500,보(Y),DONG,B1F,600x1500,1.097
600X1500-B1F-DONG-0008,600X1500,보(Y),DONG,B1F,600x1500,0.8439
700X900-B1F-DONG-0008,700X900,보(Y),DONG,B1F,700x900,5.229
700X900-B1F-DONG-0009,700X900,보(Y),DONG,B1F,700x900,5.1975
500X600-B1F-DONG-0851,500X600,보(X),DONG,B1F,500x600,2.2891
500X600-B1F-DONG-0852,500X600,보(X),DONG,B1F,500x600,2.295
800X900-B1F-DONG-0003,800X900,보(X),DONG,B1F,800x900,3.42
800X900-B1F-DONG-0004,800X900,보(X),DONG,B1F,800x900,4.1659
800X900-B1F-DONG-0005,800X900,보(X),DONG,B1F,800x900,4.3804
800X900-B1F-DONG-0006,800X900,보(X),DONG,B1F,800x900,3.4257
500X600-B1F-DONG-0853,500X600,보(Y),DONG,B1F,500x600,2.475
500X700-B1F-DONG-0010,500X700,보(Y),DONG,B1F,500x700,5.81
400X800-B1F-DONG-0138,400X800,보(X),DONG,B1F,400x800,10.944
500X600-B1F-DONG-0854,500X600,보(Y),DONG,B1F,500x600,2.475
500X600-B1F-DONG-0855,500X600,보(Y),DONG,B1F,500x600,2.475
500X600-B1F-DONG-0856,500X600,보(X),DONG,B1F,500x600,2.175
800X900-B1F-DONG-0007,800X900,보(Y),DONG,B1F,800x900,3.564
500X600-B1F-DONG-0857,500X600,보(Y),DONG,B1F,500x600,1.5
500X600-B1F-DONG-0858,500X600,보(Y),DONG,B1F,500x600,1.6137
500X600-B1F-DONG-0859,500X600,보(X),DONG,B1F,500x600,2.175
500X900-B1F-DONG-0012,500X900,보(X),DONG,B1F,500x900,3.2625
500X900-B1F-DONG-0013,500X900,보(X),DONG,B1F,500x900,3.2625
500X600-B1F-DONG-0860,500X600,보(Y),DONG,B1F,500x600,1.485
700X1700-B1F-DONG-0001,700X1700,보(Y),DONG,B1F,700x1700,4.2499
500X600-B1F-DONG-0861,500X600,보(Y),DONG,B1F,500x600,1.62
500X600-B1F-DONG-0862,500X600,보(X),DONG,B1F,500x600,2.2416
500X600-B1F-DONG-0863,500X600,보(X),DONG,B1F,500x600,2.2416
500X600-B1F-DONG-0864,500X600,보(Y),DONG,B1F,500x600,2.31
500X600-B1F-DONG-0865,500X600,보(Y),DONG,B1F,500x600,2.2967
500X600-B1F-DONG-0866,500X600,보(Y),DONG,B1F,500x600,2.839
500X600-B1F-DONG-0867,500X600,보(Y),DONG,B1F,500x600,2.805
500X600-B1F-DONG-0868,500X600,보(X),DONG,B1F,500x600,2.175
500X600-B1F-DONG-0869,500X600,보(X),DONG,B1F,500x600,2.2511
500X600-B1F-DONG-0870,500X600,보(X),DONG,B1F,500x600,2.31
600X600-B1F-DONG-0030,600X600,보(Y),DONG,B1F,600x600,3.3684
600X600-B1F-DONG-0031,600X600,보(Y),DONG,B1F,600x600,3.3644
500X600-B1F-DONG-0871,500X600,보(X),DONG,B1F,500x600,1.56
500X600-B1F-DONG-0872,500X600,보(X),DONG,B1F,500x600,1.5138
500X600-B1F-DONG-0873,500X600,보(Y),DONG,B1F,500x600,1.899
500X600-B1F-DONG-0874,500X600,보(X),DONG,B1F,500x600,1.4577
500X600-B1F-DONG-0875,500X600,보(X),DONG,B1F,500x600,1.6173
900X900-B1F-DONG-0007,900X900,보(Y),DONG,B1F,900x900,6.0778
500X600-B1F-DONG-0876,500X600,보(X),DONG,B1F,500x600,1.6281
500X600-B1F-DONG-0877,500X600,보(Y),DONG,B1F,500x600,1.899
500X600-B1F-DONG-0878,500X600,보(X),DONG,B1F,500x600,2.3937
500X600-B1F-DONG-0879,500X600,보(Y),DONG,B1F,500x600,2.5671
500X600-B1F-DONG-0880,500X600,보(X),DONG,B1F,500x600,2.2799
500X600-B1F-DONG-0881,500X600,보(Y),DONG,B1F,500x600,1.899
500X600-B1F-DONG-0882,500X600,보(X),DONG,B1F,500x600,2.205
500X600-B1F-DONG-0883,500X600,보(X),DONG,B1F,500x600,1.5474
500X600-B1F-DONG-0884,500X600,보(X),DONG,B1F,500x600,2.3658
500X600-B1F-DONG-0885,500X600,보(X),DONG,B1F,500x600,2.5718
500X600-B1F-DONG-0886,500X600,보(Y),DONG,B1F,500x600,2.295
500X600-B1F-DONG-0887,500X600,보(Y),DONG,B1F,500x600,2.295
400X800-B1F-DONG-0139,400X800,보(X),DONG,B1F,400x800,3.8272
500X600-B1F-DONG-0888,500X600,보(X),DONG,B1F,500x600,2.205
500X600-B1F-DONG-0889,500X600,보(X),DONG,B1F,500x600,1.233
500X600-B1F-DONG-0890,500X600,보(X),DONG,B1F,500x600,1.6952
500X600-B1F-DONG-0891,500X600,보(X),DONG,B1F,500x600,1.2722
500X600-B1F-DONG-0892,500X600,보(Y),DONG,B1F,500x600,1.0917
400X800-B1F-DONG-0140,400X800,보(Y),DONG,B1F,400x800,0.8995
500X600-B1F-DONG-0893,500X600,보(Y),DONG,B1F,500x600,2.37
500X600-B1F-DONG-0894,500X600,보(Y),DONG,B1F,500x600,2.37
400X800-B1F-DONG-0141,400X800,보(X),DONG,B1F,400x800,1.5811
500X600-B1F-DONG-0895,500X600,보(X),DONG,B1F,500x600,2.0842
400X800-B1F-DONG-0142,400X800,보(X),DONG,B1F,400x800,0.1733
400X800-B1F-DONG-0143,400X800,보(X),DONG,B1F,400x800,0.4041
400X800-B1F-DONG-0144,400X800,보(X),DONG,B1F,400x800,1.0755
500X600-B1F-DONG-0896,500X600,보(X),DONG,B1F,500x600,1.1667
500X600-B1F-DONG-0897,500X600,보(X),DONG,B1F,500x600,1.2031
500X600-B1F-DONG-0898,500X600,보(X),DONG,B1F,500x600,2.0031
500X600-B1F-DONG-0899,500X600,보(X),DONG,B1F,500x600,1.2327
500X600-B1F-DONG-0900,500X600,보(X),DONG,B1F,500x600,1.203
500X600-B1F-DONG-0901,500X600,보(X),DONG,B1F,500x600,2.175
500X600-B1F-DONG-0902,500X600,보(Y),DONG,B1F,500x600,0.7338
600X900-B1F-DONG-0015,600X900,보(Y),DONG,B1F,600x900,1.7065
500X600-B1F-DONG-0903,500X600,보(Y),DONG,B1F,500x600,2.0671
500X600-B1F-DONG-0904,500X600,보(X),DONG,B1F,500x600,2.2659
500X600-B1F-DONG-0905,500X600,보(X),DONG,B1F,500x600,2.205
600X1600-B1F-DONG-0003,600X1600,보(Y),DONG,B1F,600x1600,0.5555
500X900-B1F-DONG-0014,500X900,보(Y),DONG,B1F,500x900,0.5817
400X800-B1F-DONG-0145,400X800,보(X),DONG,B1F,400x800,0.4325
500X600-B1F-DONG-0906,500X600,보(X),DONG,B1F,500x600,2.1816
500X600-B1F-DONG-0907,500X600,보(X),DONG,B1F,500x600,1.9695
500X600-B1F-DONG-0908,500X600,보(X),DONG,B1F,500x600,1.3544
400X800-B1F-DONG-0146,400X800,보(X),DONG,B1F,400x800,1.4889
600X600-B1F-DONG-0032,600X600,보(Y),DONG,B1F,600x600,3.3669
500X600-B1F-DONG-0909,500X600,보(Y),DONG,B1F,500x600,2.8058
500X600-B1F-DONG-0910,500X600,보(X),DONG,B1F,500x600,2.31
500X600-B1F-DONG-0911,500X600,보(X),DONG,B1F,500x600,2.2473
500X600-B1F-DONG-0912,500X600,보(X),DONG,B1F,500x600,1.4953
500X900-B1F-DONG-0015,500X900,보(X),DONG,B1F,500x900,2.34
800X900-B1F-DONG-0008,800X900,보(Y),DONG,B1F,800x900,6.6799
600X900-B1F-DONG-0016,600X900,보(Y),DONG,B1F,600x900,5.0099
600X600-B1F-DONG-0033,600X600,보(Y),DONG,B1F,600x600,3.3688
600X600-B1F-DONG-0034,600X600,보(Y),DONG,B1F,600x600,3.3688
500X600-B1F-DONG-0913,500X600,보(X),DONG,B1F,500x600,1.4587
500X600-B1F-DONG-0914,500X600,보(X),DONG,B1F,500x600,1.455
800X900-B1F-DONG-0009,800X900,보(Y),DONG,B1F,800x900,5.688
600X900-B1F-DONG-0017,600X900,보(X),DONG,B1F,600x900,2.6257
500X600-B1F-DONG-0915,500X600,보(X),DONG,B1F,500x600,1.455
600X900-B1F-DONG-0018,600X900,보(X),DONG,B1F,600x900,2.673
600X900-B1F-DONG-0019,600X900,보(X),DONG,B1F,600x900,2.619
500X600-B1F-DONG-0916,500X600,보(X),DONG,B1F,500x600,1.485
500X600-B1F-DONG-0917,500X600,보(X),DONG,B1F,500x600,1.485
500X600-B1F-DONG-0918,500X600,보(X),DONG,B1F,500x600,1.485
500X600-B1F-DONG-0919,500X600,보(X),DONG,B1F,500x600,1.485
500X600-B1F-DONG-0920,500X600,보(X),DONG,B1F,500x600,1.5923
500X600-B1F-DONG-0921,500X600,보(X),DONG,B1F,500x600,1.9097
800X900-B1F-DONG-0010,800X900,보(Y),DONG,B1F,800x900,5.688
500X600-B1F-DONG-0922,500X600,보(Y),DONG,B1F,500x600,2.43
500X600-B1F-DONG-0923,500X600,보(Y),DONG,B1F,500x600,2.43
400X800-B1F-DONG-0147,400X800,보(Y),DONG,B1F,400x800,0.6828
500X600-B1F-DONG-0924,500X600,보(X),DONG,B1F,500x600,2.175
500X600-B1F-DONG-0925,500X600,보(X),DONG,B1F,500x600,2.175
500X600-B1F-DONG-0926,500X600,보(X),DONG,B1F,500x600,2.5699
500X600-B1F-DONG-0927,500X600,보(X),DONG,B1F,500x600,2.6027
600X600-B1F-DONG-0035,600X600,보(Y),DONG,B1F,600x600,3.3154
600X600-B1F-DONG-0036,600X600,보(Y),DONG,B1F,600x600,3.3154
500X600-B1F-DONG-0928,500X600,보(Y),DONG,B1F,500x600,2.415
500X600-B1F-DONG-0929,500X600,보(Y),DONG,B1F,500x600,2.763
500X600-B1F-DONG-0930,500X600,보(Y),DONG,B1F,500x600,2.43
500X600-B1F-DONG-0931,500X600,보(Y),DONG,B1F,500x600,2.415
600X600-B1F-DONG-0037,600X600,보(X),DONG,B1F,600x600,2.61
600X600-B1F-DONG-0038,600X600,보(X),DONG,B1F,600x600,2.61
700X1700-B1F-DONG-0002,700X1700,보(Y),DONG,B1F,700x1700,0.6769
500X600-B1F-DONG-0932,500X600,보(Y),DONG,B1F,500x600,2.43
500X600-B1F-DONG-0933,500X600,보(Y),DONG,B1F,500x600,2.414
500X600-B1F-DONG-0934,500X600,보(X),DONG,B1F,500x600,2.1907
500X600-B1F-DONG-0935,500X600,보(X),DONG,B1F,500x600,2.2147
500X600-B1F-DONG-0936,500X600,보(X),DONG,B1F,500x600,3.1004
400X800-B1F-DONG-0148,400X800,보(X),DONG,B1F,400x800,0.584
500X600-B1F-DONG-0937,500X600,보(X),DONG,B1F,500x600,2.34
500X600-B1F-DONG-0938,500X600,보(Y),DONG,B1F,500x600,1.2
500X600-B1F-DONG-0939,500X600,보(Y),DONG,B1F,500x600,1.199
500X600-B1F-DONG-0940,500X600,보(X),DONG,B1F,500x600,1.175
500X600-B1F-DONG-0941,500X600,보(X),DONG,B1F,500x600,2.175
400X800-B1F-DONG-0149,400X800,보(Y),DONG,B1F,400x800,0.6368
400X800-B1F-DONG-0150,400X800,보(Y),DONG,B1F,400x800,0.6368
500X600-B1F-DONG-0942,500X600,보(Y),DONG,B1F,500x600,1.275
500X600-B1F-DONG-0943,500X600,보(Y),DONG,B1F,500x600,0.4405
400X800-B1F-DONG-0151,400X800,보(Y),DONG,B1F,400x800,0.8212
400X800-B1F-DONG-0152,400X800,보(Y),DONG,B1F,400x800,0.6407
400X800-B1F-DONG-0153,400X800,보(Y),DONG,B1F,400x800,0.6407
500X600-B1F-DONG-0944,500X600,보(X),DONG,B1F,500x600,1.9848
500X600-B1F-DONG-0945,500X600,보(X),DONG,B1F,500x600,1.9695
400X800-B1F-DONG-0154,400X800,보(X),DONG,B1F,400x800,0.6464
400X800-B1F-DONG-0155,400X800,보(X),DONG,B1F,400x800,0.6406
400X800-B1F-DONG-0156,400X800,보(Y),DONG,B1F,400x800,0.4103
400X800-B1F-DONG-0157,400X800,보(Y),DONG,B1F,400x800,0.3704
500X600-B1F-DONG-0946,500X600,보(X),DONG,B1F,500x600,2.34
500X600-B1F-DONG-0947,500X600,보(X),DONG,B1F,500x600,2.34
500X600-B1F-DONG-0948,500X600,보(X),DONG,B1F,500x600,1.545
500X600-B1F-DONG-0949,500X600,보(X),DONG,B1F,500x600,1.545
500X600-B1F-DONG-0950,500X600,보(X),DONG,B1F,500x600,1.9944
500X600-B1F-DONG-0951,500X600,보(X),DONG,B1F,500x600,1.3928
400X800-B1F-DONG-0158,400X800,보(X),DONG,B1F,400x800,0.399
400X800-B1F-DONG-0159,400X800,보(X),DONG,B1F,400x800,0.3265
400X800-B1F-DONG-0160,400X800,보(X),DONG,B1F,400x800,0.3198
500X600-B1F-DONG-0952,500X600,보(Y),DONG,B1F,500x600,2.3693
500X600-B1F-DONG-0953,500X600,보(Y),DONG,B1F,500x600,2.37
500X600-B1F-DONG-0954,500X600,보(Y),DONG,B1F,500x600,2.37
500X600-B1F-DONG-0955,500X600,보(Y),DONG,B1F,500x600,2.37
400X900-B1F-DONG-0002,400X900,보(Y),DONG,B1F,400x900,2.7574
400X900-B1F-DONG-0003,400X900,보(Y),DONG,B1F,400x900,2.7497
500X600-B1F-DONG-0956,500X600,보(Y),DONG,B1F,500x600,2.28
500X600-B1F-DONG-0957,500X600,보(Y),DONG,B1F,500x600,2.2803
500X600-B1F-DONG-0958,500X600,보(Y),DONG,B1F,500x600,2.3795
500X600-B1F-DONG-0959,500X600,보(Y),DONG,B1F,500x600,2.378
500X600-B1F-DONG-0960,500X600,보(X),DONG,B1F,500x600,2.3314
500X600-B1F-DONG-0961,500X600,보(Y),DONG,B1F,500x600,2.3642
600X1800-B1F-DONG-0004,600X1800,보(X),DONG,B1F,600x1800,6.1484
500X600-B1F-DONG-0962,500X600,보(X),DONG,B1F,500x600,1.745
600X1800-B1F-DONG-0005,600X1800,보(Y),DONG,B1F,600x1800,5.7457
400X800-B1F-DONG-0161,400X800,보(X),DONG,B1F,400x800,0.6418
400X800-B1F-DONG-0162,400X800,보(X),DONG,B1F,400x800,0.6418
700X600-B1F-DONG-0046,700X600,보(X),DONG,B1F,700x600,2.8484
700X600-B1F-DONG-0047,700X600,보(X),DONG,B1F,700x600,3.5494
500X600-B1F-DONG-0963,500X600,보(X),DONG,B1F,500x600,2.1726
500X600-B1F-DONG-0964,500X600,보(X),DONG,B1F,500x600,2.1726
500X600-B1F-DONG-0965,500X600,보(X),DONG,B1F,500x600,1.597
500X600-B1F-DONG-0966,500X600,보(X),DONG,B1F,500x600,1.603
500X600-B1F-DONG-0967,500X600,보(X),DONG,B1F,500x600,1.6818
500X900-B1F-DONG-0016,500X900,보(X),DONG,B1F,500x900,2.573
500X600-B1F-DONG-0968,500X600,보(X),DONG,B1F,500x600,2.3166
500X600-B1F-DONG-0969,500X600,보(X),DONG,B1F,500x600,2.3604
500X600-B1F-DONG-0970,500X600,보(Y),DONG,B1F,500x600,2.1925
500X600-B1F-DONG-0971,500X600,보(X),DONG,B1F,500x600,2.4
500X600-B1F-DONG-0972,500X600,보(X),DONG,B1F,500x600,2.385
500X600-B1F-DONG-0973,500X600,보(X),DONG,B1F,500x600,1.4152
500X600-B1F-DONG-0974,500X600,보(X),DONG,B1F,500x600,1.5181
400X800-B1F-DONG-0163,400X800,보(Y),DONG,B1F,400x800,0.7657
400X800-B1F-DONG-0164,400X800,보(Y),DONG,B1F,400x800,0.676
500X600-B1F-DONG-0975,500X600,보(X),DONG,B1F,500x600,2.34
500X600-B1F-DONG-0976,500X600,보(X),DONG,B1F,500x600,2.34
500X600-B1F-DONG-0977,500X600,보(X),DONG,B1F,500x600,1.59
500X600-B1F-DONG-0978,500X600,보(X),DONG,B1F,500x600,1.545
500X600-B1F-DONG-0979,500X600,보(X),DONG,B1F,500x600,2.1
500X600-B1F-DONG-0980,500X600,보(X),DONG,B1F,500x600,2.0675
400X800-B1F-DONG-0165,400X800,보(Y),DONG,B1F,400x800,18.144
400X800-B1F-DONG-0166,400X800,보(Y),DONG,B1F,400x800,1.312
600X1000-B1F-DONG-0001,600X1000,보(Y),DONG,B1F,600x1000,2.341
600X1000-B1F-DONG-0002,600X1000,보(Y),DONG,B1F,600x1000,4.2017
500X600-B1F-DONG-0981,500X600,보(Y),DONG,B1F,500x600,2.1887
500X600-B1F-DONG-0982,500X600,보(Y),DONG,B1F,500x600,2.31
500X600-B1F-DONG-0983,500X600,보(Y),DONG,B1F,500x600,2.28
400X800-B1F-DONG-0167,400X800,보(Y),DONG,B1F,400x800,1.12
400X800-B1F-DONG-0168,400X800,보(Y),DONG,B1F,400x800,2.432
500X600-B1F-DONG-0984,500X600,보(X),DONG,B1F,500x600,2.34
500X600-B1F-DONG-0985,500X600,보(X),DONG,B1F,500x600,2.34
400X800-B1F-DONG-0169,400X800,보(Y),DONG,B1F,400x800,1.216
400X800-B1F-DONG-0170,400X800,보(Y),DONG,B1F,400x800,1.216
500X600-B1F-DONG-0986,500X600,보(Y),DONG,B1F,500x600,2.37
500X600-B1F-DONG-0987,500X600,보(X),DONG,B1F,500x600,1.56
500X600-B1F-DONG-0988,500X600,보(X),DONG,B1F,500x600,1.56
500X600-B1F-DONG-0989,500X600,보(Y),DONG,B1F,500x600,2.37
500X600-B1F-DONG-0990,500X600,보(X),DONG,B1F,500x600,2.34
500X600-B1F-DONG-0991,500X600,보(X),DONG,B1F,500x600,2.34
500X600-B1F-DONG-0992,500X600,보(X),DONG,B1F,500x600,2.34
500X600-B1F-DONG-0993,500X600,보(X),DONG,B1F,500x600,2.34
500X600-B1F-DONG-0994,500X600,보(X),DONG,B1F,500x600,2.34
500X600-B1F-DONG-0995,500X600,보(X),DONG,B1F,500x600,2.34
500X600-B1F-DONG-0996,500X600,보(X),DONG,B1F,500x600,2.34
500X600-B1F-DONG-0997,500X600,보(X),DONG,B1F,500x600,2.34
500X600-B1F-DONG-0998,500X600,보(Y),DONG,B1F,500x600,2.4
500X600-B1F-DONG-0999,500X600,보(Y),DONG,B1F,500x600,2.4
500X600-B1F-DONG-1000,500X600,보(Y),DONG,B1F,500x600,2.19
400X800-B1F-DONG-0171,400X800,보(Y),DONG,B1F,400x800,1.52
400X800-B1F-DONG-0172,400X800,보(X),DONG,B1F,400x800,4.9094
500X600-B1F-DONG-1001,500X600,보(X),DONG,B1F,500x600,2.3401
400X800-B1F-DONG-0173,400X800,보(X),DONG,B1F,400x800,1.648
400X800-B1F-DONG-0174,400X800,보(X),DONG,B1F,400x800,0.4134
400X800-B1F-DONG-0175,400X800,보(Y),DONG,B1F,400x800,0.1952
400X800-B1F-DONG-0176,400X800,보(Y),DONG,B1F,400x800,0.3552
500X600-B1F-DONG-1002,500X600,보(X),DONG,B1F,500x600,1.56
500X600-B1F-DONG-1003,500X600,보(X),DONG,B1F,500x600,1.56
500X600-B1F-DONG-1004,500X600,보(X),DONG,B1F,500x600,1.56
500X600-B1F-DONG-1005,500X600,보(X),DONG,B1F,500x600,1.56
500X600-B1F-DONG-1006,500X600,보(X),DONG,B1F,500x600,1.56
500X600-B1F-DONG-1007,500X600,보(X),DONG,B1F,500x600,1.56
500X600-B1F-DONG-1008,500X600,보(X),DONG,B1F,500x600,1.545
500X600-B1F-DONG-1009,500X600,보(X),DONG,B1F,500x600,1.56
400X800-B1F-DONG-0177,400X800,보(Y),DONG,B1F,400x800,1.52
500X600-B1F-DONG-1010,500X600,보(Y),DONG,B1F,500x600,2.19
500X600-B1F-DONG-1011,500X600,보(Y),DONG,B1F,500x600,2.4
500X600-B1F-DONG-1012,500X600,보(Y),DONG,B1F,500x600,2.4
500X600-B1F-DONG-1013,500X600,보(Y),DONG,B1F,500x600,1.425
500X600-B1F-DONG-1014,500X600,보(Y),DONG,B1F,500x600,0.885
500X600-B1F-DONG-1015,500X600,보(X),DONG,B1F,500x600,2.07
500X600-B1F-DONG-1016,500X600,보(X),DONG,B1F,500x600,2.1
500X600-B1F-DONG-1017,500X600,보(X),DONG,B1F,500x600,1.53
500X600-B1F-DONG-1018,500X600,보(X),DONG,B1F,500x600,1.56
500X600-B1F-DONG-1019,500X600,보(X),DONG,B1F,500x600,2.4462
500X600-B1F-DONG-1020,500X600,보(X),DONG,B1F,500x600,2.4612
500X600-B1F-DONG-1021,500X600,보(Y),DONG,B1F,500x600,0.885
500X600-B1F-DONG-1022,500X600,보(Y),DONG,B1F,500x600,0.885
500X600-B1F-DONG-1023,500X600,보(Y),DONG,B1F,500x600,0.885
500X600-B1F-DONG-1024,500X600,보(Y),DONG,B1F,500x600,0.885
500X600-B1F-DONG-1025,500X600,보(Y),DONG,B1F,500x600,0.963
500X600-B1F-DONG-1026,500X600,보(Y),DONG,B1F,500x600,0.963
500X600-B1F-DONG-1027,500X600,보(X),DONG,B1F,500x600,1.65
500X600-B1F-DONG-1028,500X600,보(X),DONG,B1F,500x600,1.65
500X600-B1F-DONG-1029,500X600,보(X),DONG,B1F,500x600,0.5843
500X600-B1F-DONG-1030,500X600,보(X),DONG,B1F,500x600,0.6042
500X600-B1F-DONG-1031,500X600,보(Y),DONG,B1F,500x600,0.3811
500X600-B1F-DONG-1032,500X600,보(X),DONG,B1F,500x600,1.455
500X600-B1F-DONG-1033,500X600,보(X),DONG,B1F,500x600,1.455
500X600-B1F-DONG-1034,500X600,보(X),DONG,B1F,500x600,1.4269
500X600-B1F-DONG-1035,500X600,보(X),DONG,B1F,500x600,1.397
500X600-B1F-DONG-1036,500X600,보(X),DONG,B1F,500x600,1.65
500X600-B1F-DONG-1037,500X600,보(X),DONG,B1F,500x600,1.65
500X600-B1F-DONG-1038,500X600,보(X),DONG,B1F,500x600,2.4
500X600-B1F-DONG-1039,500X600,보(X),DONG,B1F,500x600,2.4
500X600-B1F-DONG-1040,500X600,보(Y),DONG,B1F,500x600,2.79
500X600-B1F-DONG-1041,500X600,보(Y),DONG,B1F,500x600,2.79
500X600-B1F-DONG-1042,500X600,보(Y),DONG,B1F,500x600,2.1
500X600-B1F-DONG-1043,500X600,보(Y),DONG,B1F,500x600,2.1
500X600-B1F-DONG-1044,500X600,보(X),DONG,B1F,500x600,1.7103
500X600-B1F-DONG-1045,500X600,보(X),DONG,B1F,500x600,1.7103
500X600-B1F-DONG-1046,500X600,보(X),DONG,B1F,500x600,2.4007
500X600-B1F-DONG-1047,500X600,보(X),DONG,B1F,500x600,2.4007
500X600-B1F-DONG-1048,500X600,보(Y),DONG,B1F,500x600,1.2146
500X600-B1F-DONG-1049,500X600,보(Y),DONG,B1F,500x600,1.2037
500X600-B1F-DONG-1050,500X600,보(X),DONG,B1F,500x600,1.4262
500X600-B1F-DONG-1051,500X600,보(X),DONG,B1F,500x600,1.4023
500X600-B1F-DONG-1052,500X600,보(Y),DONG,B1F,500x600,2.04
500X600-B1F-DONG-1053,500X600,보(Y),DONG,B1F,500x600,2.04
500X600-B1F-DONG-1054,500X600,보(Y),DONG,B1F,500x600,1.905
500X600-B1F-DONG-1055,500X600,보(Y),DONG,B1F,500x600,1.68
400X800-B1F-DONG-0178,400X800,보(X),DONG,B1F,400x800,2.4946
400X800-B1F-DONG-0179,400X800,보(X),DONG,B1F,400x800,2.304
400X800-B1F-DONG-0180,400X800,보(Y),DONG,B1F,400x800,0.3736
400X800-B1F-DONG-0181,400X800,보(X),DONG,B1F,400x800,1.3318
700X900-B1F-DONG-0010,700X900,보(X),DONG,B1F,700x900,2.5567
500X900-B1F-DONG-0017,500X900,보(Y),DONG,B1F,500x900,3.7137
500X600-B1F-DONG-1056,500X600,보(Y),DONG,B1F,500x600,2.1208
600X2000-B1F-DONG-0001,600X2000,보(X),DONG,B1F,600x2000,3.3263
600X2000-B1F-DONG-0002,600X2000,보(X),DONG,B1F,600x2000,3.3263
400X800-B1F-DONG-0182,400X800,보(Y),DONG,B1F,400x800,0.416
600X900_EST-B1F-DONG-0007,600X900_EST,보(X),DONG,B1F,600x900,12.528
600X900_EST-B1F-DONG-0008,600X900_EST,보(X),DONG,B1F,600x900,4.347
500X600-B1F-DONG-1057,500X600,보(Y),DONG,B1F,500x600,1.23
400X800-B1F-DONG-0183,400X800,보(Y),DONG,B1F,400x800,0.96
400X900_EST-B1F-DONG-0032,400X900_EST,보(X),DONG,B1F,400x900,2.25
600X900_EST-B1F-DONG-0009,600X900_EST,보(X),DONG,B1F,600x900,4.266
700X900-B1F-DONG-0011,700X900,보(Y),DONG,B1F,700x900,6.4257
400X800-B1F-DONG-0184,400X800,보(X),DONG,B1F,400x800,1.364
400X800-B1F-DONG-0185,400X800,보(Y),DONG,B1F,400x800,1.961
400X800-B1F-DONG-0186,400X800,보(X),DONG,B1F,400x800,1.1641
700X900-B1F-DONG-0012,700X900,보(Y),DONG,B1F,700x900,3.4074
500X600-B1F-DONG-1058,500X600,보(X),DONG,B1F,500x600,0.9019
500X600-B1F-DONG-1059,500X600,보(X),DONG,B1F,500x600,0.9393
900X900-B1F-DONG-0008,900X900,보(Y),DONG,B1F,900x900,6.237
500X600-B1F-DONG-1060,500X600,보(X),DONG,B1F,500x600,2.337
500X600-B1F-DONG-1061,500X600,보(X),DONG,B1F,500x600,2.337
400X800-B1F-DONG-0187,400X800,보(Y),DONG,B1F,400x800,0.6984
400X800-B1F-DONG-0188,400X800,보(X),DONG,B1F,400x800,10.509
1000X900-B1F-DONG-0001,1000X900,보(X),DONG,B1F,1000x900,7.2256
400X900-B1F-DONG-0004,400X900,보(Y),DONG,B1F,400x900,14.8483
400X800-B1F-DONG-0189,400X800,보(X),DONG,B1F,400x800,1.84
400X800-B1F-DONG-0190,400X800,보(X),DONG,B1F,400x800,1.824
400X800-B1F-DONG-0191,400X800,보(X),DONG,B1F,400x800,1.664
500X700-B1F-DONG-0011,500X700,보(X),DONG,B1F,500x700,1.995
400X800-B1F-DONG-0192,400X800,보(Y),DONG,B1F,400x800,0.8064
400X800-B1F-DONG-0193,400X800,보(Y),DONG,B1F,400x800,0.9664
400X800-B1F-DONG-0194,400X800,보(X),DONG,B1F,400x800,1.632
400X800-B1F-DONG-0195,400X800,보(Y),DONG,B1F,400x800,0.9664
400X800-B1F-DONG-0196,400X800,보(Y),DONG,B1F,400x800,0.9664
500X700-B1F-DONG-0012,500X700,보(X),DONG,B1F,500x700,2.1525
500X700-B1F-DONG-0013,500X700,보(Y),DONG,B1F,500x700,0.6825
600X900_EST-B1F-DONG-0010,600X900_EST,보(Y),DONG,B1F,600x900,5.1354
400X800-B1F-DONG-0197,400X800,보(X),DONG,B1F,400x800,5.568
400X800-B1F-DONG-0198,400X800,보(Y),DONG,B1F,400x800,1.5336
400X800-B1F-DONG-0199,400X800,보(Y),DONG,B1F,400x800,1.3199
400X800-B1F-DONG-0200,400X800,보(X),DONG,B1F,400x800,1.9268
600X900-B1F-DONG-0020,600X900,보(Y),DONG,B1F,600x900,2.9065
400X800-B1F-DONG-0201,400X800,보(X),DONG,B1F,400x800,2.2907
400X800-B1F-DONG-0202,400X800,보(X),DONG,B1F,400x800,2.3306
400X900_EST-B1F-DONG-0033,400X900_EST,보(X),DONG,B1F,400x900,2.196
400X900_EST-B1F-DONG-0034,400X900_EST,보(X),DONG,B1F,400x900,2.376
400X900_EST-B1F-DONG-0035,400X900_EST,보(Y),DONG,B1F,400x900,0.954
1100X900-B1F-DONG-0001,1100X900,보(X),DONG,B1F,1100x900,4.9597
1100X900-B1F-DONG-0002,1100X900,보(X),DONG,B1F,1100x900,2.5247
500X600-B1F-DONG-1062,500X600,보(Y),DONG,B1F,500x600,0.756
400X800-B1F-DONG-0203,400X800,보(Y),DONG,B1F,400x800,3.4272
400X800-B1F-DONG-0204,400X800,보(Y),DONG,B1F,400x800,3.1072
400X800-B1F-DONG-0205,400X800,보(Y),DONG,B1F,400x800,0.848
400X900_EST-B1F-DONG-0036,400X900_EST,보(X),DONG,B1F,400x900,0.6633
500X600-B1F-DONG-1063,500X600,보(Y),DONG,B1F,500x600,0.3274
400X900_EST-B1F-DONG-0037,400X900_EST,보(Y),DONG,B1F,400x900,0.72
400X800-B1F-DONG-0206,400X800,보(Y),DONG,B1F,400x800,1.4592
400X800-B1F-DONG-0207,400X800,보(Y),DONG,B1F,400x800,1.5039
500X600-B1F-DONG-1064,500X600,보(Y),DONG,B1F,500x600,0.337
500X600-B1F-DONG-1065,500X600,보(X),DONG,B1F,500x600,1.485
600X900-B1F-DONG-0021,600X900,보(Y),DONG,B1F,600x900,2.916
400X800-B1F-DONG-0208,400X800,보(Y),DONG,B1F,400x800,1.5959
400X800-B1F-DONG-0209,400X800,보(Y),DONG,B1F,400x800,1.4537
1100X900-B1F-DONG-0003,1100X900,보(X),DONG,B1F,1100x900,5.1503
700X900-B1F-DONG-0013,700X900,보(Y),DONG,B1F,700x900,2.4356
500X600-B1F-DONG-1066,500X600,보(X),DONG,B1F,500x600,0.693
400X800-B1F-DONG-0210,400X800,보(Y),DONG,B1F,400x800,0.224
700X600-B1F-DONG-0048,700X600,보(X),DONG,B1F,700x600,3.318
400X800-B1F-DONG-0211,400X800,보(Y),DONG,B1F,400x800,0.224
400X800-B1F-DONG-0212,400X800,보(Y),DONG,B1F,400x800,0.224
700X600-B1F-DONG-0049,700X600,보(X),DONG,B1F,700x600,2.415
400X800-B1F-DONG-0213,400X800,보(Y),DONG,B1F,400x800,0.224
400X800-B1F-DONG-0214,400X800,보(Y),DONG,B1F,400x800,0.224
700X600-B1F-DONG-0050,700X600,보(X),DONG,B1F,700x600,2.184
400X800-B1F-DONG-0215,400X800,보(Y),DONG,B1F,400x800,0.224
400X800-B1F-DONG-0216,400X800,보(Y),DONG,B1F,400x800,0.224
700X600-B1F-DONG-0051,700X600,보(X),DONG,B1F,700x600,2.142
400X800-B1F-DONG-0217,400X800,보(Y),DONG,B1F,400x800,0.224
400X800-B1F-DONG-0218,400X800,보(Y),DONG,B1F,400x800,0.224
700X600-B1F-DONG-0052,700X600,보(X),DONG,B1F,700x600,3.276
400X800-B1F-DONG-0219,400X800,보(Y),DONG,B1F,400x800,0.224
400X800-B1F-DONG-0220,400X800,보(Y),DONG,B1F,400x800,0.224
700X600-B1F-DONG-0053,700X600,보(X),DONG,B1F,700x600,3.318
400X800-B1F-DONG-0221,400X800,보(Y),DONG,B1F,400x800,0.224
500X600-B1F-DONG-1067,500X600,보(Y),DONG,B1F,500x600,0.21
700X600-B1F-DONG-0054,700X600,보(X),DONG,B1F,700x600,2.415
400X800-B1F-DONG-0222,400X800,보(Y),DONG,B1F,400x800,0.224
500X600-B1F-DONG-1068,500X600,보(Y),DONG,B1F,500x600,0.21
700X600-B1F-DONG-0055,700X600,보(X),DONG,B1F,700x600,2.184
500X600-B1F-DONG-1069,500X600,보(Y),DONG,B1F,500x600,0.21
400X800-B1F-DONG-0223,400X800,보(Y),DONG,B1F,400x800,0.224
700X600-B1F-DONG-0056,700X600,보(X),DONG,B1F,700x600,2.142
400X800-B1F-DONG-0224,400X800,보(Y),DONG,B1F,400x800,0.224
400X800-B1F-DONG-0225,400X800,보(Y),DONG,B1F,400x800,0.224
700X600-B1F-DONG-0057,700X600,보(X),DONG,B1F,700x600,3.276
400X800-B1F-DONG-0226,400X800,보(Y),DONG,B1F,400x800,0.224
400X800-B1F-DONG-0227,400X800,보(X),DONG,B1F,400x800,0.224
700X600-B1F-DONG-0058,700X600,보(Y),DONG,B1F,700x600,3.066
400X800-B1F-DONG-0228,400X800,보(X),DONG,B1F,400x800,0.224
400X800-B1F-DONG-0229,400X800,보(X),DONG,B1F,400x800,0.224
700X600-B1F-DONG-0059,700X600,보(Y),DONG,B1F,700x600,3.066
400X800-B1F-DONG-0230,400X800,보(X),DONG,B1F,400x800,0.224
700X600-B1F-DONG-0060,700X600,보(X),DONG,B1F,700x600,0.294
700X600-B1F-DONG-0061,700X600,보(Y),DONG,B1F,700x600,1.428
400X800-B1F-DONG-0231,400X800,보(X),DONG,B1F,400x800,0.224
700X600-B1F-DONG-0062,700X600,보(X),DONG,B1F,700x600,0.294
700X600-B1F-DONG-0063,700X600,보(Y),DONG,B1F,700x600,1.428
400X800-B1F-DONG-0232,400X800,보(X),DONG,B1F,400x800,0.224
400X800-B1F-DONG-0233,400X800,보(X),DONG,B1F,400x800,0.224
700X600-B1F-DONG-0064,700X600,보(Y),DONG,B1F,700x600,3.318
400X800-B1F-DONG-0234,400X800,보(X),DONG,B1F,400x800,0.224
400X800-B1F-DONG-0235,400X800,보(X),DONG,B1F,400x800,0.224
700X600-B1F-DONG-0065,700X600,보(Y),DONG,B1F,700x600,3.192
400X800-B1F-DONG-0236,400X800,보(X),DONG,B1F,400x800,0.224
400X800-B1F-DONG-0237,400X800,보(X),DONG,B1F,400x800,0.224
700X600-B1F-DONG-0066,700X600,보(Y),DONG,B1F,700x600,3.276
400X800-B1F-DONG-0238,400X800,보(X),DONG,B1F,400x800,0.224
700X600-B1F-DONG-0067,700X600,보(X),DONG,B1F,700x600,0.294
700X600-B1F-DONG-0068,700X600,보(Y),DONG,B1F,700x600,1.407
400X800-B1F-DONG-0239,400X800,보(X),DONG,B1F,400x800,0.224
700X600-B1F-DONG-0069,700X600,보(X),DONG,B1F,700x600,0.294
700X600-B1F-DONG-0070,700X600,보(Y),DONG,B1F,700x600,1.407
400X800-B1F-DONG-0240,400X800,보(X),DONG,B1F,400x800,0.224
400X800-B1F-DONG-0241,400X800,보(X),DONG,B1F,400x800,0.224
700X600-B1F-DONG-0071,700X600,보(Y),DONG,B1F,700x600,3.108
400X800-B1F-DONG-0242,400X800,보(X),DONG,B1F,400x800,0.224
400X800-B1F-DONG-0243,400X800,보(X),DONG,B1F,400x800,0.224
700X600-B1F-DONG-0072,700X600,보(Y),DONG,B1F,700x600,3.108
400X800-B1F-DONG-0244,400X800,보(X),DONG,B1F,400x800,0.224
400X800-B1F-DONG-0245,400X800,보(X),DONG,B1F,400x800,0.224
700X600-B1F-DONG-0073,700X600,보(Y),DONG,B1F,700x600,3.108
400X800-B1F-DONG-0246,400X800,보(X),DONG,B1F,400x800,0.224
400X800-B1F-DONG-0247,400X800,보(X),DONG,B1F,400x800,0.224
700X600-B1F-DONG-0074,700X600,보(Y),DONG,B1F,700x600,3.108
400X800-B1F-DONG-0248,400X800,보(X),DONG,B1F,400x800,0.224
400X800-B1F-DONG-0249,400X800,보(X),DONG,B1F,400x800,0.224
700X600-B1F-DONG-0075,700X600,보(Y),DONG,B1F,700x600,3.108
400X800-B1F-DONG-0250,400X800,보(X),DONG,B1F,400x800,0.224
400X800-B1F-DONG-0251,400X800,보(X),DONG,B1F,400x800,0.224
700X600-B1F-DONG-0076,700X600,보(Y),DONG,B1F,700x600,3.108
400X800-B1F-DONG-0252,400X800,보(X),DONG,B1F,400x800,0.224
400X800-B1F-DONG-0253,400X800,보(X),DONG,B1F,400x800,0.224
700X600-B1F-DONG-0077,700X600,보(Y),DONG,B1F,700x600,3.108
400X800-B1F-DONG-0254,400X800,보(X),DONG,B1F,400x800,0.224
400X800-B1F-DONG-0255,400X800,보(X),DONG,B1F,400x800,0.224
700X600-B1F-DONG-0078,700X600,보(Y),DONG,B1F,700x600,3.108
400X800-B1F-DONG-0256,400X800,보(X),DONG,B1F,400x800,0.224
400X800-B1F-DONG-0257,400X800,보(X),DONG,B1F,400x800,0.224
700X600-B1F-DONG-0079,700X600,보(Y),DONG,B1F,700x600,3.192
400X800-B1F-DONG-0258,400X800,보(X),DONG,B1F,400x800,0.224
400X800-B1F-DONG-0259,400X800,보(X),DONG,B1F,400x800,0.224
700X600-B1F-DONG-0080,700X600,보(Y),DONG,B1F,700x600,3.108
400X800-B1F-DONG-0260,400X800,보(X),DONG,B1F,400x800,0.224
400X800-B1F-DONG-0261,400X800,보(X),DONG,B1F,400x800,0.224
700X600-B1F-DONG-0081,700X600,보(Y),DONG,B1F,700x600,3.108
400X800-B1F-DONG-0262,400X800,보(X),DONG,B1F,400x800,0.224
400X800-B1F-DONG-0263,400X800,보(X),DONG,B1F,400x800,0.224
700X600-B1F-DONG-0082,700X600,보(Y),DONG,B1F,700x600,3.108
400X800-B1F-DONG-0264,400X800,보(X),DONG,B1F,400x800,0.224
400X800-B1F-DONG-0265,400X800,보(X),DONG,B1F,400x800,0.224
700X600-B1F-DONG-0083,700X600,보(Y),DONG,B1F,700x600,3.108
400X800-B1F-DONG-0266,400X800,보(X),DONG,B1F,400x800,0.224
400X800-B1F-DONG-0267,400X800,보(X),DONG,B1F,400x800,0.224
700X600-B1F-DONG-0084,700X600,보(Y),DONG,B1F,700x600,3.276
400X800-B1F-DONG-0268,400X800,보(X),DONG,B1F,400x800,0.224
400X800-B1F-DONG-0269,400X800,보(X),DONG,B1F,400x800,0.224
700X600-B1F-DONG-0085,700X600,보(Y),DONG,B1F,700x600,3.108
400X800-B1F-DONG-0270,400X800,보(X),DONG,B1F,400x800,0.224
400X800-B1F-DONG-0271,400X800,보(X),DONG,B1F,400x800,0.224
700X600-B1F-DONG-0086,700X600,보(Y),DONG,B1F,700x600,3.108
400X800-B1F-DONG-0272,400X800,보(X),DONG,B1F,400x800,0.224
400X800-B1F-DONG-0273,400X800,보(X),DONG,B1F,400x800,0.224
700X600-B1F-DONG-0087,700X600,보(Y),DONG,B1F,700x600,3.108
400X800-B1F-DONG-0274,400X800,보(X),DONG,B1F,400x800,0.224
400X800-B1F-DONG-0275,400X800,보(X),DONG,B1F,400x800,0.224
700X600-B1F-DONG-0088,700X600,보(Y),DONG,B1F,700x600,3.108
400X800-B1F-DONG-0276,400X800,보(X),DONG,B1F,400x800,0.224
400X800-B1F-DONG-0277,400X800,보(X),DONG,B1F,400x800,0.224
700X600-B1F-DONG-0089,700X600,보(Y),DONG,B1F,700x600,3.192
400X800-B1F-DONG-0278,400X800,보(X),DONG,B1F,400x800,0.224
400X800-B1F-DONG-0279,400X800,보(X),DONG,B1F,400x800,0.224
700X600-B1F-DONG-0090,700X600,보(Y),DONG,B1F,700x600,3.192
400X800-B1F-DONG-0280,400X800,보(X),DONG,B1F,400x800,0.224
400X800-B1F-DONG-0281,400X800,보(X),DONG,B1F,400x800,0.224
700X600-B1F-DONG-0091,700X600,보(Y),DONG,B1F,700x600,3.276
400X800-B1F-DONG-0282,400X800,보(X),DONG,B1F,400x800,0.224
400X800-B1F-DONG-0283,400X800,보(X),DONG,B1F,400x800,0.224
700X600-B1F-DONG-0092,700X600,보(Y),DONG,B1F,700x600,1.3188
400X800-B1F-DONG-0284,400X800,보(X),DONG,B1F,400x800,0.224
700X600-B1F-DONG-0093,700X600,보(X),DONG,B1F,700x600,0.294
700X600-B1F-DONG-0094,700X600,보(Y),DONG,B1F,700x600,1.2348
400X800-B1F-DONG-0285,400X800,보(X),DONG,B1F,400x800,0.224
700X600-B1F-DONG-0095,700X600,보(X),DONG,B1F,700x600,0.294
700X600-B1F-DONG-0096,700X600,보(Y),DONG,B1F,700x600,1.234
400X800-B1F-DONG-0286,400X800,보(X),DONG,B1F,400x800,0.224
400X800-B1F-DONG-0287,400X800,보(X),DONG,B1F,400x800,0.224
700X600-B1F-DONG-0097,700X600,보(Y),DONG,B1F,700x600,3.36
400X800-B1F-DONG-0288,400X800,보(X),DONG,B1F,400x800,0.224
400X800-B1F-DONG-0289,400X800,보(X),DONG,B1F,400x800,0.224
700X600-B1F-DONG-0098,700X600,보(Y),DONG,B1F,700x600,3.36
400X800-B1F-DONG-0290,400X800,보(X),DONG,B1F,400x800,0.224
400X800-B1F-DONG-0291,400X800,보(X),DONG,B1F,400x800,0.224
700X600-B1F-DONG-0099,700X600,보(Y),DONG,B1F,700x600,3.3608
400X800-B1F-DONG-0292,400X800,보(X),DONG,B1F,400x800,0.224
400X800-B1F-DONG-0293,400X800,보(X),DONG,B1F,400x800,0.224
700X600-B1F-DONG-0100,700X600,보(Y),DONG,B1F,700x600,2.1831
400X800-B1F-DONG-0294,400X800,보(X),DONG,B1F,400x800,0.224
400X800-B1F-DONG-0295,400X800,보(X),DONG,B1F,400x800,0.224
700X600-B1F-DONG-0101,700X600,보(Y),DONG,B1F,700x600,2.0151
400X800-B1F-DONG-0296,400X800,보(X),DONG,B1F,400x800,0.224
400X800-B1F-DONG-0297,400X800,보(X),DONG,B1F,400x800,0.224
700X600-B1F-DONG-0102,700X600,보(Y),DONG,B1F,700x600,3.1929
400X800-B1F-DONG-0298,400X800,보(X),DONG,B1F,400x800,0.224
400X800-B1F-DONG-0299,400X800,보(X),DONG,B1F,400x800,0.224
700X600-B1F-DONG-0103,700X600,보(Y),DONG,B1F,700x600,3.108
400X800-B1F-DONG-0300,400X800,보(X),DONG,B1F,400x800,0.224
400X800-B1F-DONG-0301,400X800,보(X),DONG,B1F,400x800,0.224
700X600-B1F-DONG-0104,700X600,보(Y),DONG,B1F,700x600,1.8891
400X800-B1F-DONG-0302,400X800,보(X),DONG,B1F,400x800,0.224
400X800-B1F-DONG-0303,400X800,보(X),DONG,B1F,400x800,0.224
700X600-B1F-DONG-0105,700X600,보(Y),DONG,B1F,700x600,1.8471
400X800-B1F-DONG-0304,400X800,보(X),DONG,B1F,400x800,0.224
400X800-B1F-DONG-0305,400X800,보(X),DONG,B1F,400x800,0.224
700X600-B1F-DONG-0106,700X600,보(Y),DONG,B1F,700x600,3.108
400X800-B1F-DONG-0306,400X800,보(X),DONG,B1F,400x800,0.224
400X800-B1F-DONG-0307,400X800,보(X),DONG,B1F,400x800,0.224
700X600-B1F-DONG-0107,700X600,보(Y),DONG,B1F,700x600,3.276
400X800-B1F-DONG-0308,400X800,보(X),DONG,B1F,400x800,0.224
400X800-B1F-DONG-0309,400X800,보(X),DONG,B1F,400x800,0.224
700X600-B1F-DONG-0108,700X600,보(Y),DONG,B1F,700x600,3.108
400X800-B1F-DONG-0310,400X800,보(X),DONG,B1F,400x800,0.224
400X700-B1F-DONG-0003,400X700,보(X),DONG,B1F,400x700,0.196
700X600-B1F-DONG-0109,700X600,보(Y),DONG,B1F,700x600,3.108
400X800-B1F-DONG-0311,400X800,보(X),DONG,B1F,400x800,0.224
400X800-B1F-DONG-0312,400X800,보(X),DONG,B1F,400x800,0.224
700X600-B1F-DONG-0110,700X600,보(Y),DONG,B1F,700x600,3.108
400X800-B1F-DONG-0313,400X800,보(X),DONG,B1F,400x800,0.224
400X800-B1F-DONG-0314,400X800,보(X),DONG,B1F,400x800,0.224
700X600-B1F-DONG-0111,700X600,보(Y),DONG,B1F,700x600,3.318
400X800-B1F-DONG-0315,400X800,보(X),DONG,B1F,400x800,0.224
400X800-B1F-DONG-0316,400X800,보(X),DONG,B1F,400x800,0.224
700X600-B1F-DONG-0112,700X600,보(Y),DONG,B1F,700x600,3.318
400X800-B1F-DONG-0317,400X800,보(X),DONG,B1F,400x800,0.224
400X800-B1F-DONG-0318,400X800,보(X),DONG,B1F,400x800,0.224
700X600-B1F-DONG-0113,700X600,보(Y),DONG,B1F,700x600,3.108
400X800-B1F-DONG-0319,400X800,보(X),DONG,B1F,400x800,0.224
400X800-B1F-DONG-0320,400X800,보(X),DONG,B1F,400x800,0.224
700X600-B1F-DONG-0114,700X600,보(Y),DONG,B1F,700x600,3.318
400X800-B1F-DONG-0321,400X800,보(X),DONG,B1F,400x800,0.224
400X800-B1F-DONG-0322,400X800,보(X),DONG,B1F,400x800,0.224
700X600-B1F-DONG-0115,700X600,보(Y),DONG,B1F,700x600,3.3171
400X800-B1F-DONG-0323,400X800,보(X),DONG,B1F,400x800,0.224
400X800-B1F-DONG-0324,400X800,보(X),DONG,B1F,400x800,0.224
700X600-B1F-DONG-0116,700X600,보(Y),DONG,B1F,700x600,3.108
400X800-B1F-DONG-0325,400X800,보(X),DONG,B1F,400x800,0.224
400X800-B1F-DONG-0326,400X800,보(X),DONG,B1F,400x800,0.224
700X600-B1F-DONG-0117,700X600,보(Y),DONG,B1F,700x600,3.318
400X800-B1F-DONG-0327,400X800,보(X),DONG,B1F,400x800,0.224
400X800-B1F-DONG-0328,400X800,보(X),DONG,B1F,400x800,0.224
700X600-B1F-DONG-0118,700X600,보(Y),DONG,B1F,700x600,3.3171
400X800-B1F-DONG-0329,400X800,보(X),DONG,B1F,400x800,0.224
400X800-B1F-DONG-0330,400X800,보(X),DONG,B1F,400x800,0.224
700X600-B1F-DONG-0119,700X600,보(Y),DONG,B1F,700x600,3.108
400X800-B1F-DONG-0331,400X800,보(X),DONG,B1F,400x800,0.224
400X800-B1F-DONG-0332,400X800,보(X),DONG,B1F,400x800,0.224
700X600-B1F-DONG-0120,700X600,보(Y),DONG,B1F,700x600,3.318
400X800-B1F-DONG-0333,400X800,보(X),DONG,B1F,400x800,0.224
400X800-B1F-DONG-0334,400X800,보(X),DONG,B1F,400x800,0.224
700X600-B1F-DONG-0121,700X600,보(Y),DONG,B1F,700x600,3.3171
400X800-B1F-DONG-0335,400X800,보(X),DONG,B1F,400x800,0.224
400X800-B1F-DONG-0336,400X800,보(X),DONG,B1F,400x800,0.224
700X600-B1F-DONG-0122,700X600,보(Y),DONG,B1F,700x600,3.108
400X800-B1F-DONG-0337,400X800,보(X),DONG,B1F,400x800,0.224
400X800-B1F-DONG-0338,400X800,보(X),DONG,B1F,400x800,0.224
700X600-B1F-DONG-0123,700X600,보(Y),DONG,B1F,700x600,3.318
400X800-B1F-DONG-0339,400X800,보(X),DONG,B1F,400x800,0.224
400X800-B1F-DONG-0340,400X800,보(X),DONG,B1F,400x800,0.224
700X600-B1F-DONG-0124,700X600,보(Y),DONG,B1F,700x600,3.3171
400X800-B1F-DONG-0341,400X800,보(X),DONG,B1F,400x800,0.224
400X800-B1F-DONG-0342,400X800,보(X),DONG,B1F,400x800,0.224
700X600-B1F-DONG-0125,700X600,보(Y),DONG,B1F,700x600,3.108
400X800-B1F-DONG-0343,400X800,보(X),DONG,B1F,400x800,0.224
400X800-B1F-DONG-0344,400X800,보(X),DONG,B1F,400x800,0.224
700X600-B1F-DONG-0126,700X600,보(Y),DONG,B1F,700x600,3.318
400X800-B1F-DONG-0345,400X800,보(X),DONG,B1F,400x800,0.224
400X800-B1F-DONG-0346,400X800,보(X),DONG,B1F,400x800,0.224
700X600-B1F-DONG-0127,700X600,보(Y),DONG,B1F,700x600,3.3171
400X800-B1F-DONG-0347,400X800,보(X),DONG,B1F,400x800,0.224
400X800-B1F-DONG-0348,400X800,보(X),DONG,B1F,400x800,0.224
700X600-B1F-DONG-0128,700X600,보(Y),DONG,B1F,700x600,3.108
400X800-B1F-DONG-0349,400X800,보(X),DONG,B1F,400x800,0.224
400X800-B1F-DONG-0350,400X800,보(X),DONG,B1F,400x800,0.224
700X600-B1F-DONG-0129,700X600,보(Y),DONG,B1F,700x600,3.318
400X800-B1F-DONG-0351,400X800,보(X),DONG,B1F,400x800,0.224
400X800-B1F-DONG-0352,400X800,보(X),DONG,B1F,400x800,0.224
700X600-B1F-DONG-0130,700X600,보(Y),DONG,B1F,700x600,3.3171
400X800-B1F-DONG-0353,400X800,보(X),DONG,B1F,400x800,0.224
400X800-B1F-DONG-0354,400X800,보(X),DONG,B1F,400x800,0.224
700X600-B1F-DONG-0131,700X600,보(Y),DONG,B1F,700x600,3.276
400X800-B1F-DONG-0355,400X800,보(X),DONG,B1F,400x800,0.224
400X700-B1F-DONG-0004,400X700,보(X),DONG,B1F,400x700,0.196
700X600-B1F-DONG-0132,700X600,보(Y),DONG,B1F,700x600,3.486
400X800-B1F-DONG-0356,400X800,보(X),DONG,B1F,400x800,0.224
400X800-B1F-DONG-0357,400X800,보(X),DONG,B1F,400x800,0.224
700X600-B1F-DONG-0133,700X600,보(Y),DONG,B1F,700x600,3.3171
400X800-B1F-DONG-0358,400X800,보(X),DONG,B1F,400x800,0.224
400X800-B1F-DONG-0359,400X800,보(X),DONG,B1F,400x800,0.224
700X600-B1F-DONG-0134,700X600,보(Y),DONG,B1F,700x600,3.3171
400X800-B1F-DONG-0360,400X800,보(X),DONG,B1F,400x800,0.224
400X800-B1F-DONG-0361,400X800,보(X),DONG,B1F,400x800,0.224
700X600-B1F-DONG-0135,700X600,보(Y),DONG,B1F,700x600,3.3189
400X800-B1F-DONG-0362,400X800,보(X),DONG,B1F,400x800,0.224
700X600-B1F-DONG-0136,700X600,보(Y),DONG,B1F,700x600,0.294
700X600-B1F-DONG-0137,700X600,보(X),DONG,B1F,700x600,1.26
400X800-B1F-DONG-0363,400X800,보(Y),DONG,B1F,400x800,0.224
400X800-B1F-DONG-0364,400X800,보(Y),DONG,B1F,400x800,0.224
700X600-B1F-DONG-0138,700X600,보(X),DONG,B1F,700x600,2.52
400X800-B1F-DONG-0365,400X800,보(Y),DONG,B1F,400x800,0.224
400X800-B1F-DONG-0366,400X800,보(Y),DONG,B1F,400x800,0.224
700X600-B1F-DONG-0139,700X600,보(X),DONG,B1F,700x600,3.3642
400X800-B1F-DONG-0367,400X800,보(Y),DONG,B1F,400x800,0.224
400X800-B1F-DONG-0368,400X800,보(Y),DONG,B1F,400x800,0.224
700X600-B1F-DONG-0140,700X600,보(X),DONG,B1F,700x600,2.6838
400X800-B1F-DONG-0369,400X800,보(Y),DONG,B1F,400x800,0.224
400X800-B1F-DONG-0370,400X800,보(Y),DONG,B1F,400x800,0.224
700X600-B1F-DONG-0141,700X600,보(X),DONG,B1F,700x600,3.276
400X800-B1F-DONG-0371,400X800,보(Y),DONG,B1F,400x800,0.224
400X800-B1F-DONG-0372,400X800,보(Y),DONG,B1F,400x800,0.224
700X600-B1F-DONG-0142,700X600,보(X),DONG,B1F,700x600,3.276
400X800-B1F-DONG-0373,400X800,보(Y),DONG,B1F,400x800,0.224
400X800-B1F-DONG-0374,400X800,보(Y),DONG,B1F,400x800,0.224
700X600-B1F-DONG-0143,700X600,보(X),DONG,B1F,700x600,3.276
400X800-B1F-DONG-0375,400X800,보(Y),DONG,B1F,400x800,0.224
400X800-B1F-DONG-0376,400X800,보(Y),DONG,B1F,400x800,0.224
700X600-B1F-DONG-0144,700X600,보(X),DONG,B1F,700x600,3.276
400X800-B1F-DONG-0377,400X800,보(Y),DONG,B1F,400x800,0.224
400X800-B1F-DONG-0378,400X800,보(Y),DONG,B1F,400x800,0.224
700X600-B1F-DONG-0145,700X600,보(X),DONG,B1F,700x600,3.276
400X800-B1F-DONG-0379,400X800,보(Y),DONG,B1F,400x800,0.224
400X800-B1F-DONG-0380,400X800,보(Y),DONG,B1F,400x800,0.224
700X600-B1F-DONG-0146,700X600,보(X),DONG,B1F,700x600,3.276
400X800-B1F-DONG-0381,400X800,보(Y),DONG,B1F,400x800,0.224
400X800-B1F-DONG-0382,400X800,보(Y),DONG,B1F,400x800,0.224
700X600-B1F-DONG-0147,700X600,보(X),DONG,B1F,700x600,3.654
400X800-B1F-DONG-0383,400X800,보(Y),DONG,B1F,400x800,0.224
400X800-B1F-DONG-0384,400X800,보(Y),DONG,B1F,400x800,0.224
700X600-B1F-DONG-0148,700X600,보(X),DONG,B1F,700x600,3.318
400X800-B1F-DONG-0385,400X800,보(Y),DONG,B1F,400x800,0.224
400X800-B1F-DONG-0386,400X800,보(Y),DONG,B1F,400x800,0.224
700X600-B1F-DONG-0149,700X600,보(X),DONG,B1F,700x600,3.024
400X800-B1F-DONG-0387,400X800,보(Y),DONG,B1F,400x800,0.224
400X800-B1F-DONG-0388,400X800,보(X),DONG,B1F,400x800,0.224
700X600-B1F-DONG-0150,700X600,보(Y),DONG,B1F,700x600,2.436
400X800-B1F-DONG-0389,400X800,보(X),DONG,B1F,400x800,0.224
400X800-B1F-DONG-0390,400X800,보(X),DONG,B1F,400x800,0.224
700X600-B1F-DONG-0151,700X600,보(Y),DONG,B1F,700x600,2.268
400X800-B1F-DONG-0391,400X800,보(X),DONG,B1F,400x800,0.224
400X800-B1F-DONG-0392,400X800,보(X),DONG,B1F,400x800,0.224
700X600-B1F-DONG-0152,700X600,보(Y),DONG,B1F,700x600,2.268
400X800-B1F-DONG-0393,400X800,보(X),DONG,B1F,400x800,0.224
400X800-B1F-DONG-0394,400X800,보(X),DONG,B1F,400x800,0.224
700X600-B1F-DONG-0153,700X600,보(Y),DONG,B1F,700x600,3.276
400X800-B1F-DONG-0395,400X800,보(X),DONG,B1F,400x800,0.224
400X800-B1F-DONG-0396,400X800,보(X),DONG,B1F,400x800,0.224
700X600-B1F-DONG-0154,700X600,보(Y),DONG,B1F,700x600,3.192
400X800-B1F-DONG-0397,400X800,보(X),DONG,B1F,400x800,0.224
400X800-B1F-DONG-0398,400X800,보(X),DONG,B1F,400x800,0.224
700X600-B1F-DONG-0155,700X600,보(Y),DONG,B1F,700x600,3.108
400X800-B1F-DONG-0399,400X800,보(X),DONG,B1F,400x800,0.224
400X800-B1F-DONG-0400,400X800,보(X),DONG,B1F,400x800,0.224
700X600-B1F-DONG-0156,700X600,보(Y),DONG,B1F,700x600,3.276
400X800-B1F-DONG-0401,400X800,보(X),DONG,B1F,400x800,0.224
400X800-B1F-DONG-0402,400X800,보(X),DONG,B1F,400x800,0.224
700X600-B1F-DONG-0157,700X600,보(Y),DONG,B1F,700x600,3.276
400X800-B1F-DONG-0403,400X800,보(X),DONG,B1F,400x800,0.224
400X800-B1F-DONG-0404,400X800,보(X),DONG,B1F,400x800,0.224
700X600-B1F-DONG-0158,700X600,보(Y),DONG,B1F,700x600,3.276
400X800-B1F-DONG-0405,400X800,보(X),DONG,B1F,400x800,0.224
400X800-B1F-DONG-0406,400X800,보(X),DONG,B1F,400x800,0.224
900X900-B1F-DONG-0009,900X900,보(Y),DONG,B1F,900x900,6.318
400X800-B1F-DONG-0407,400X800,보(X),DONG,B1F,400x800,0.224
400X800-B1F-DONG-0408,400X800,보(X),DONG,B1F,400x800,0.224
700X600-B1F-DONG-0159,700X600,보(Y),DONG,B1F,700x600,3.192
900X900-B1F-DONG-0010,900X900,보(X),DONG,B1F,900x900,0.567
400X800-B1F-DONG-0409,400X800,보(X),DONG,B1F,400x800,0.224
700X600-B1F-DONG-0160,700X600,보(Y),DONG,B1F,700x600,3.108
400X800-B1F-DONG-0410,400X800,보(X),DONG,B1F,400x800,0.224
400X800-B1F-DONG-0411,400X800,보(X),DONG,B1F,400x800,0.224
700X600-B1F-DONG-0161,700X600,보(Y),DONG,B1F,700x600,3.192
400X800-B1F-DONG-0412,400X800,보(X),DONG,B1F,400x800,0.224
400X800-B1F-DONG-0413,400X800,보(X),DONG,B1F,400x800,0.224
800X900-B1F-DONG-0011,800X900,보(Y),DONG,B1F,800x900,5.472
400X800-B1F-DONG-0414,400X800,보(X),DONG,B1F,400x800,0.224
400X800-B1F-DONG-0415,400X800,보(X),DONG,B1F,400x800,0.224
700X600-B1F-DONG-0162,700X600,보(Y),DONG,B1F,700x600,3.108
400X800-B1F-DONG-0416,400X800,보(X),DONG,B1F,400x800,0.224
400X800-B1F-DONG-0417,400X800,보(X),DONG,B1F,400x800,0.224
500X900-B1F-DONG-0018,500X900,보(Y),DONG,B1F,500x900,3.42
400X800-B1F-DONG-0418,400X800,보(X),DONG,B1F,400x800,0.224
400X800-B1F-DONG-0419,400X800,보(X),DONG,B1F,400x800,0.4002
800X900-B1F-DONG-0012,800X900,보(Y),DONG,B1F,800x900,5.5616
400X800-B1F-DONG-0420,400X800,보(X),DONG,B1F,400x800,0.6067
400X800-B1F-DONG-0421,400X800,보(X),DONG,B1F,400x800,0.224
700X600-B1F-DONG-0163,700X600,보(Y),DONG,B1F,700x600,3.108
400X800-B1F-DONG-0422,400X800,보(X),DONG,B1F,400x800,0.224
400X800-B1F-DONG-0423,400X800,보(X),DONG,B1F,400x800,0.224
600X900-B1F-DONG-0022,600X900,보(Y),DONG,B1F,600x900,4.104
400X800-B1F-DONG-0424,400X800,보(X),DONG,B1F,400x800,0.224
400X800-B1F-DONG-0425,400X800,보(X),DONG,B1F,400x800,0.5612
700X600-B1F-DONG-0164,700X600,보(X),DONG,B1F,700x600,3.2131
400X800-B1F-DONG-0426,400X800,보(X),DONG,B1F,400x800,0.224
400X800-B1F-DONG-0427,400X800,보(X),DONG,B1F,400x800,0.224
900X900-B1F-DONG-0011,900X900,보(X),DONG,B1F,900x900,5.5774
400X800-B1F-DONG-0428,400X800,보(X),DONG,B1F,400x800,0.4205
700X600-B1F-DONG-0165,700X600,보(Y),DONG,B1F,700x600,2.7376
400X800-B1F-DONG-0429,400X800,보(X),DONG,B1F,400x800,0.224
400X800-B1F-DONG-0430,400X800,보(X),DONG,B1F,400x800,0.224
700X600-B1F-DONG-0166,700X600,보(Y),DONG,B1F,700x600,3.192
400X800-B1F-DONG-0431,400X800,보(X),DONG,B1F,400x800,0.224
400X800-B1F-DONG-0432,400X800,보(X),DONG,B1F,400x800,0.224
700X600-B1F-DONG-0167,700X600,보(Y),DONG,B1F,700x600,3.108
400X800-B1F-DONG-0433,400X800,보(X),DONG,B1F,400x800,0.224
400X800-B1F-DONG-0434,400X800,보(X),DONG,B1F,400x800,0.224
400X800-B1F-DONG-0435,400X800,보(Y),DONG,B1F,400x800,2.432
400X800-B1F-DONG-0436,400X800,보(X),DONG,B1F,400x800,0.224
400X800-B1F-DONG-0437,400X800,보(X),DONG,B1F,400x800,0.224
700X600-B1F-DONG-0168,700X600,보(Y),DONG,B1F,700x600,3.192
400X800-B1F-DONG-0438,400X800,보(X),DONG,B1F,400x800,0.224
400X800-B1F-DONG-0439,400X800,보(X),DONG,B1F,400x800,0.224
700X600-B1F-DONG-0169,700X600,보(Y),DONG,B1F,700x600,3.36
400X800-B1F-DONG-0440,400X800,보(X),DONG,B1F,400x800,0.224
400X800-B1F-DONG-0441,400X800,보(X),DONG,B1F,400x800,0.224
700X600-B1F-DONG-0170,700X600,보(Y),DONG,B1F,700x600,1.4699
700X600-B1F-DONG-0171,700X600,보(X),DONG,B1F,700x600,0.294
400X800-B1F-DONG-0442,400X800,보(X),DONG,B1F,400x800,0.224
700X600-B1F-DONG-0172,700X600,보(Y),DONG,B1F,700x600,3.276
400X800-B1F-DONG-0443,400X800,보(X),DONG,B1F,400x800,0.224
400X800-B1F-DONG-0444,400X800,보(X),DONG,B1F,400x800,0.224
700X600-B1F-DONG-0173,700X600,보(Y),DONG,B1F,700x600,3.276
400X800-B1F-DONG-0445,400X800,보(X),DONG,B1F,400x800,0.224
400X800-B1F-DONG-0446,400X800,보(X),DONG,B1F,400x800,0.224
700X600-B1F-DONG-0174,700X600,보(Y),DONG,B1F,700x600,3.234
400X800-B1F-DONG-0447,400X800,보(X),DONG,B1F,400x800,0.224
400X800-B1F-DONG-0448,400X800,보(X),DONG,B1F,400x800,0.224
700X600-B1F-DONG-0175,700X600,보(Y),DONG,B1F,700x600,2.94
400X800-B1F-DONG-0449,400X800,보(X),DONG,B1F,400x800,0.224
700X600-B1F-DONG-0176,700X600,보(Y),DONG,B1F,700x600,3.36
400X800-B1F-DONG-0450,400X800,보(X),DONG,B1F,400x800,0.4138
500X900-B1F-DONG-0019,500X900,보(Y),DONG,B1F,500x900,3.1384
700X600-B1F-DONG-0177,700X600,보(Y),DONG,B1F,700x600,3.3179
400X800-B1F-DONG-0451,400X800,보(X),DONG,B1F,400x800,0.224
700X600-B1F-DONG-0178,700X600,보(Y),DONG,B1F,700x600,3.3179
400X800-B1F-DONG-0452,400X800,보(X),DONG,B1F,400x800,0.224
700X600-B1F-DONG-0179,700X600,보(Y),DONG,B1F,700x600,3.234
400X800-B1F-DONG-0453,400X800,보(X),DONG,B1F,400x800,0.224
400X800-B1F-DONG-0454,400X800,보(X),DONG,B1F,400x800,0.224
700X600-B1F-DONG-0180,700X600,보(Y),DONG,B1F,700x600,2.94
400X800-B1F-DONG-0455,400X800,보(X),DONG,B1F,400x800,0.224
700X600-B1F-DONG-0181,700X600,보(Y),DONG,B1F,700x600,1.512
400X800-B1F-DONG-0456,400X800,보(X),DONG,B1F,400x800,0.224
700X600-B1F-DONG-0182,700X600,보(Y),DONG,B1F,700x600,1.512
700X600-B1F-DONG-0183,700X600,보(X),DONG,B1F,700x600,0.294
400X800-B1F-DONG-0457,400X800,보(X),DONG,B1F,400x800,0.224
700X600-B1F-DONG-0184,700X600,보(Y),DONG,B1F,700x600,3.276
400X800-B1F-DONG-0458,400X800,보(X),DONG,B1F,400x800,0.5076
700X600-B1F-DONG-0185,700X600,보(Y),DONG,B1F,700x600,3.3179
400X800-B1F-DONG-0459,400X800,보(X),DONG,B1F,400x800,0.224
700X600-B1F-DONG-0186,700X600,보(Y),DONG,B1F,700x600,3.3179
400X800-B1F-DONG-0460,400X800,보(X),DONG,B1F,400x800,0.224
700X600-B1F-DONG-0187,700X600,보(Y),DONG,B1F,700x600,3.234
400X800-B1F-DONG-0461,400X800,보(X),DONG,B1F,400x800,0.224
400X800-B1F-DONG-0462,400X800,보(X),DONG,B1F,400x800,0.224
700X600-B1F-DONG-0188,700X600,보(Y),DONG,B1F,700x600,2.94
400X800-B1F-DONG-0463,400X800,보(X),DONG,B1F,400x800,0.224
700X600-B1F-DONG-0189,700X600,보(Y),DONG,B1F,700x600,3.3631
700X600-B1F-DONG-0190,700X600,보(Y),DONG,B1F,700x600,3.57
700X600-B1F-DONG-0191,700X600,보(Y),DONG,B1F,700x600,3.57
700X600-B1F-DONG-0192,700X600,보(Y),DONG,B1F,700x600,3.57
700X600-B1F-DONG-0193,700X600,보(Y),DONG,B1F,700x600,3.276
700X600-B1F-DONG-0194,700X600,보(Y),DONG,B1F,700x600,3.234
700X600-B1F-DONG-0195,700X600,보(Y),DONG,B1F,700x600,3.57
700X600-B1F-DONG-0196,700X600,보(Y),DONG,B1F,700x600,3.3631
500X900-B1F-DONG-0020,500X900,보(Y),DONG,B1F,500x900,3.462
500X900-B1F-DONG-0021,500X900,보(Y),DONG,B1F,500x900,3.462
700X600-B1F-DONG-0197,700X600,보(Y),DONG,B1F,700x600,3.57
400X800-B1F-DONG-0464,400X800,보(X),DONG,B1F,400x800,0.224
700X600-B1F-DONG-0198,700X600,보(Y),DONG,B1F,700x600,3.276
400X800-B1F-DONG-0465,400X800,보(X),DONG,B1F,400x800,0.224
400X800-B1F-DONG-0466,400X800,보(X),DONG,B1F,400x800,0.224
700X600-B1F-DONG-0199,700X600,보(Y),DONG,B1F,700x600,1.6791
400X800-B1F-DONG-0467,400X800,보(X),DONG,B1F,400x800,0.224
400X800-B1F-DONG-0468,400X800,보(X),DONG,B1F,400x800,0.224
700X600-B1F-DONG-0200,700X600,보(Y),DONG,B1F,700x600,1.6791
400X800-B1F-DONG-0469,400X800,보(X),DONG,B1F,400x800,0.224
400X800-B1F-DONG-0470,400X800,보(X),DONG,B1F,400x800,0.224
700X600-B1F-DONG-0201,700X600,보(Y),DONG,B1F,700x600,1.764
400X800-B1F-DONG-0471,400X800,보(X),DONG,B1F,400x800,0.224
500X600-B1F-DONG-1070,500X600,보(Y),DONG,B1F,500x600,2.49
900X900-B1F-DONG-0012,900X900,보(Y),DONG,B1F,900x900,5.8702
500X900-B1F-DONG-0022,500X900,보(Y),DONG,B1F,500x900,0.7412
500X900-B1F-DONG-0023,500X900,보(Y),DONG,B1F,500x900,0.8865
900X900-B1F-DONG-0013,900X900,보(Y),DONG,B1F,900x900,6.6825
900X900-B1F-DONG-0014,900X900,보(Y),DONG,B1F,900x900,6.6904
900X900-B1F-DONG-0015,900X900,보(Y),DONG,B1F,900x900,6.723
900X900-B1F-DONG-0016,900X900,보(Y),DONG,B1F,900x900,6.6824
900X900-B1F-DONG-0017,900X900,보(Y),DONG,B1F,900x900,6.723
900X900-B1F-DONG-0018,900X900,보(Y),DONG,B1F,900x900,6.723
800X900-B1F-DONG-0013,800X900,보(Y),DONG,B1F,800x900,5.976
800X900-B1F-DONG-0014,800X900,보(Y),DONG,B1F,800x900,5.976
900X900-B1F-DONG-0019,900X900,보(Y),DONG,B1F,900x900,5.525
900X900-B1F-DONG-0020,900X900,보(Y),DONG,B1F,900x900,6.3398
900X900-B1F-DONG-0021,900X900,보(Y),DONG,B1F,900x900,6.3585
700X900-B1F-DONG-0014,700X900,보(X),DONG,B1F,700x900,4.6734
700X900-B1F-DONG-0015,700X900,보(X),DONG,B1F,700x900,4.5614
700X900-B1F-DONG-0016,700X900,보(Y),DONG,B1F,700x900,4.5187
700X900-B1F-DONG-0017,700X900,보(Y),DONG,B1F,700x900,4.6225
700X900-B1F-DONG-0018,700X900,보(Y),DONG,B1F,700x900,4.963
700X900-B1F-DONG-0019,700X900,보(Y),DONG,B1F,700x900,4.4678
500X900-B1F-DONG-0024,500X900,보(Y),DONG,B1F,500x900,1.935
500X900-B1F-DONG-0025,500X900,보(Y),DONG,B1F,500x900,1.935
600X900-B1F-DONG-0023,600X900,보(X),DONG,B1F,600x900,3.4441
700X900-B1F-DONG-0020,700X900,보(X),DONG,B1F,700x900,3.406
700X900-B1F-DONG-0021,700X900,보(X),DONG,B1F,700x900,2.2277
500X900-B1F-DONG-0026,500X900,보(Y),DONG,B1F,500x900,3.6449
500X900-B1F-DONG-0027,500X900,보(Y),DONG,B1F,500x900,1.9321
500X900-B1F-DONG-0028,500X900,보(X),DONG,B1F,500x900,2.5163
500X900-B1F-DONG-0029,500X900,보(X),DONG,B1F,500x900,2.4766
500X900-B1F-DONG-0030,500X900,보(X),DONG,B1F,500x900,2.2191
500X900-B1F-DONG-0031,500X900,보(X),DONG,B1F,500x900,2.156
500X900-B1F-DONG-0032,500X900,보(Y),DONG,B1F,500x900,1.7606
500X900-B1F-DONG-0033,500X900,보(Y),DONG,B1F,500x900,2.1935
500X900-B1F-DONG-0034,500X900,보(Y),DONG,B1F,500x900,1.5812
500X900-B1F-DONG-0035,500X900,보(Y),DONG,B1F,500x900,1.5655
500X900-B1F-DONG-0036,500X900,보(Y),DONG,B1F,500x900,1.3232
500X900-B1F-DONG-0037,500X900,보(Y),DONG,B1F,500x900,1.3075
500X900-B1F-DONG-0038,500X900,보(Y),DONG,B1F,500x900,0.8392
500X900-B1F-DONG-0039,500X900,보(Y),DONG,B1F,500x900,0.855
700X900-B1F-DONG-0022,700X900,보(Y),DONG,B1F,700x900,3.914
700X900-B1F-DONG-0023,700X900,보(Y),DONG,B1F,700x900,4.1719
500X900-B1F-DONG-0040,500X900,보(Y),DONG,B1F,500x900,1.1687
500X900-B1F-DONG-0041,500X900,보(Y),DONG,B1F,500x900,1.1304
500X900-B1F-DONG-0042,500X900,보(Y),DONG,B1F,500x900,1.755
500X900-B1F-DONG-0043,500X900,보(X),DONG,B1F,500x900,3.2175
500X900-B1F-DONG-0044,500X900,보(Y),DONG,B1F,500x900,0.396
500X900-B1F-DONG-0045,500X900,보(Y),DONG,B1F,500x900,1.755
500X900-B1F-DONG-0046,500X900,보(X),DONG,B1F,500x900,2.295
500X900-B1F-DONG-0047,500X900,보(Y),DONG,B1F,500x900,1.755
500X900-B1F-DONG-0048,500X900,보(Y),DONG,B1F,500x900,1.1925
500X900-B1F-DONG-0049,500X900,보(X),DONG,B1F,500x900,3.465
500X900-B1F-DONG-0050,500X900,보(Y),DONG,B1F,500x900,1.755
500X900-B1F-DONG-0051,500X900,보(X),DONG,B1F,500x900,1.0555
500X900-B1F-DONG-0052,500X900,보(Y),DONG,B1F,500x900,1.1909
600X900-B1F-DONG-0024,600X900,보(X),DONG,B1F,600x900,2.349
500X900-B1F-DONG-0053,500X900,보(Y),DONG,B1F,500x900,0.396
600X900-B1F-DONG-0025,600X900,보(X),DONG,B1F,600x900,2.4839
400X800-B1F-DONG-0472,400X800,보(Y),DONG,B1F,400x800,0.2816
500X900-B1F-DONG-0054,500X900,보(X),DONG,B1F,500x900,3.1725
500X900-B1F-DONG-0055,500X900,보(X),DONG,B1F,500x900,2.34
500X900-B1F-DONG-0056,500X900,보(X),DONG,B1F,500x900,3.51
500X900-B1F-DONG-0057,500X900,보(X),DONG,B1F,500x900,1.0901
700X900-B1F-DONG-0024,700X900,보(X),DONG,B1F,700x900,2.7405
700X900-B1F-DONG-0025,700X900,보(X),DONG,B1F,700x900,2.7405
500X900-B1F-DONG-0058,500X900,보(X),DONG,B1F,500x900,3.3975
500X900-B1F-DONG-0059,500X900,보(X),DONG,B1F,500x900,3.5099
500X900-B1F-DONG-0060,500X900,보(Y),DONG,B1F,500x900,2.0385
500X900-B1F-DONG-0061,500X900,보(X),DONG,B1F,500x900,3.465
500X900-B1F-DONG-0062,500X900,보(Y),DONG,B1F,500x900,2.0272
500X900-B1F-DONG-0063,500X900,보(X),DONG,B1F,500x900,3.4875
500X900-B1F-DONG-0064,500X900,보(Y),DONG,B1F,500x900,2.0375
500X900-B1F-DONG-0065,500X900,보(X),DONG,B1F,500x900,1.4269
500X900-B1F-DONG-0066,500X900,보(Y),DONG,B1F,500x900,1.134
500X900-B1F-DONG-0067,500X900,보(Y),DONG,B1F,500x900,1.1398
500X900-B1F-DONG-0068,500X900,보(X),DONG,B1F,500x900,1.4269
500X900-B1F-DONG-0069,500X900,보(Y),DONG,B1F,500x900,1.9025
500X900-B1F-DONG-0070,500X900,보(Y),DONG,B1F,500x900,2.031
700X900-B1F-DONG-0026,700X900,보(X),DONG,B1F,700x900,2.7402
700X900-B1F-DONG-0027,700X900,보(X),DONG,B1F,700x900,2.7402
500X900-B1F-DONG-0071,500X900,보(X),DONG,B1F,500x900,0.3875
500X900-B1F-DONG-0072,500X900,보(X),DONG,B1F,500x900,0.3875
500X900-B1F-DONG-0073,500X900,보(Y),DONG,B1F,500x900,0.63
500X900-B1F-DONG-0074,500X900,보(Y),DONG,B1F,500x900,2.025
500X900-B1F-DONG-0075,500X900,보(Y),DONG,B1F,500x900,0.63
500X900-B1F-DONG-0076,500X900,보(Y),DONG,B1F,500x900,2.025
500X900-B1F-DONG-0077,500X900,보(Y),DONG,B1F,500x900,2.025
500X900-B1F-DONG-0078,500X900,보(Y),DONG,B1F,500x900,2.025
500X900-B1F-DONG-0079,500X900,보(Y),DONG,B1F,500x900,2.025
500X900-B1F-DONG-0080,500X900,보(Y),DONG,B1F,500x900,2.025
500X900-B1F-DONG-0081,500X900,보(Y),DONG,B1F,500x900,2.025
500X900-B1F-DONG-0082,500X900,보(Y),DONG,B1F,500x900,2.025
500X900-B1F-DONG-0083,500X900,보(Y),DONG,B1F,500x900,2.025
500X900-B1F-DONG-0084,500X900,보(Y),DONG,B1F,500x900,2.025
500X900-B1F-DONG-0085,500X900,보(Y),DONG,B1F,500x900,1.395
500X900-B1F-DONG-0086,500X900,보(Y),DONG,B1F,500x900,1.4175
500X900-B1F-DONG-0087,500X900,보(X),DONG,B1F,500x900,3.465
500X900-B1F-DONG-0088,500X900,보(X),DONG,B1F,500x900,3.51
500X900-B1F-DONG-0089,500X900,보(X),DONG,B1F,500x900,3.465
500X900-B1F-DONG-0090,500X900,보(X),DONG,B1F,500x900,3.465
500X900-B1F-DONG-0091,500X900,보(X),DONG,B1F,500x900,3.51
500X900-B1F-DONG-0092,500X900,보(X),DONG,B1F,500x900,3.51
500X900-B1F-DONG-0093,500X900,보(X),DONG,B1F,500x900,3.2175
400X900-B1F-DONG-0005,400X900,보(X),DONG,B1F,400x900,1.836
500X900-B1F-DONG-0094,500X900,보(X),DONG,B1F,500x900,2.34
500X900-B1F-DONG-0095,500X900,보(X),DONG,B1F,500x900,3.1724
600X900-B1F-DONG-0026,600X900,보(X),DONG,B1F,600x900,2.349
600X1800-B1F-DONG-0006,600X1800,보(Y),DONG,B1F,600x1800,8.694
500X600-B1F-DONG-1071,500X600,보(Y),DONG,B1F,500x600,2.4
700X900-B1F-DONG-0028,700X900,보(X),DONG,B1F,700x900,2.7405
700X900-B1F-DONG-0029,700X900,보(X),DONG,B1F,700x900,2.7405
500X600-B1F-DONG-1072,500X600,보(Y),DONG,B1F,500x600,2.25
500X900-B1F-DONG-0096,500X900,보(X),DONG,B1F,500x900,3.3661
500X900-B1F-DONG-0097,500X900,보(X),DONG,B1F,500x900,3.4559
500X900-B1F-DONG-0098,500X900,보(X),DONG,B1F,500x900,1.6065
500X900-B1F-DONG-0099,500X900,보(X),DONG,B1F,500x900,1.764
500X900-B1F-DONG-0100,500X900,보(X),DONG,B1F,500x900,2.385
500X900-B1F-DONG-0101,500X900,보(X),DONG,B1F,500x900,2.5425
500X900-B1F-DONG-0102,500X900,보(Y),DONG,B1F,500x900,0.8325
500X900-B1F-DONG-0103,500X900,보(Y),DONG,B1F,500x900,0.8325
500X900-B1F-DONG-0104,500X900,보(Y),DONG,B1F,500x900,0.8325
500X900-B1F-DONG-0105,500X900,보(Y),DONG,B1F,500x900,0.8325
500X900-B1F-DONG-0106,500X900,보(Y),DONG,B1F,500x900,2.529
500X900-B1F-DONG-0107,500X900,보(Y),DONG,B1F,500x900,2.5065
500X900-B1F-DONG-0108,500X900,보(Y),DONG,B1F,500x900,2.5065
500X900-B1F-DONG-0109,500X900,보(Y),DONG,B1F,500x900,2.5065
600X900-B1F-DONG-0027,600X900,보(X),DONG,B1F,600x900,3.5099
600X900-B1F-DONG-0028,600X900,보(X),DONG,B1F,600x900,1.5418
600X900-B1F-DONG-0029,600X900,보(Y),DONG,B1F,600x900,2.3328
600X900-B1F-DONG-0030,600X900,보(Y),DONG,B1F,600x900,2.3664
500X900-B1F-DONG-0110,500X900,보(X),DONG,B1F,500x900,3.0714
500X900-B1F-DONG-0111,500X900,보(X),DONG,B1F,500x900,3.1397
500X900-B1F-DONG-0112,500X900,보(X),DONG,B1F,500x900,3.5235
500X900-B1F-DONG-0113,500X900,보(X),DONG,B1F,500x900,3.3661
500X900-B1F-DONG-0114,500X900,보(X),DONG,B1F,500x900,1.809
500X900-B1F-DONG-0115,500X900,보(X),DONG,B1F,500x900,1.6065
500X900-B1F-DONG-0116,500X900,보(X),DONG,B1F,500x900,2.5875
500X900-B1F-DONG-0117,500X900,보(X),DONG,B1F,500x900,2.385
500X900-B1F-DONG-0118,500X900,보(X),DONG,B1F,500x900,3.15
500X900-B1F-DONG-0119,500X900,보(X),DONG,B1F,500x900,2.9249
500X900-B1F-DONG-0120,500X900,보(X),DONG,B1F,500x900,3.15
500X900-B1F-DONG-0121,500X900,보(X),DONG,B1F,500x900,3.0374
700X900-B1F-DONG-0030,700X900,보(X),DONG,B1F,700x900,5.966
500X900-B1F-DONG-0122,500X900,보(X),DONG,B1F,500x900,3.33
500X900-B1F-DONG-0123,500X900,보(X),DONG,B1F,500x900,3.105
500X900-B1F-DONG-0124,500X900,보(X),DONG,B1F,500x900,3.33
500X900-B1F-DONG-0125,500X900,보(X),DONG,B1F,500x900,3.105
500X900-B1F-DONG-0126,500X900,보(X),DONG,B1F,500x900,7.2001
500X900-B1F-DONG-0127,500X900,보(X),DONG,B1F,500x900,3.105
500X900-B1F-DONG-0128,500X900,보(X),DONG,B1F,500x900,3.1378
500X900-B1F-DONG-0129,500X900,보(X),DONG,B1F,500x900,3.105
500X900-B1F-DONG-0130,500X900,보(Y),DONG,B1F,500x900,3.2625
500X900-B1F-DONG-0131,500X900,보(Y),DONG,B1F,500x900,3.2175
700X900-B1F-DONG-0031,700X900,보(Y),DONG,B1F,700x900,4.7819
700X900-B1F-DONG-0032,700X900,보(Y),DONG,B1F,700x900,4.6876
700X900-B1F-DONG-0033,700X900,보(Y),DONG,B1F,700x900,4.9394
700X900-B1F-DONG-0034,700X900,보(Y),DONG,B1F,700x900,4.7819
900X900-B1F-DONG-0022,900X900,보(X),DONG,B1F,900x900,6.4723
900X900-B1F-DONG-0023,900X900,보(X),DONG,B1F,900x900,6.1884
700X900-B1F-DONG-0035,700X900,보(X),DONG,B1F,700x900,4.914
700X900-B1F-DONG-0036,700X900,보(X),DONG,B1F,700x900,4.7255
700X900-B1F-DONG-0037,700X900,보(X),DONG,B1F,700x900,4.914
700X900-B1F-DONG-0038,700X900,보(X),DONG,B1F,700x900,2.2167
700X900-B1F-DONG-0039,700X900,보(X),DONG,B1F,700x900,4.914
700X900-B1F-DONG-0040,700X900,보(X),DONG,B1F,700x900,4.725
600X900-B1F-DONG-0031,600X900,보(X),DONG,B1F,600x900,2.6463
600X900-B1F-DONG-0032,600X900,보(X),DONG,B1F,600x900,2.5652
700X900-B1F-DONG-0041,700X900,보(Y),DONG,B1F,700x900,5.1744
700X900-B1F-DONG-0042,700X900,보(Y),DONG,B1F,700x900,4.9394
500X900-B1F-DONG-0132,500X900,보(X),DONG,B1F,500x900,1.4763
500X900-B1F-DONG-0133,500X900,보(X),DONG,B1F,500x900,1.6072
1000X900-B1F-DONG-0002,1000X900,보(X),DONG,B1F,1000x900,6.786
1000X900-B1F-DONG-0003,1000X900,보(X),DONG,B1F,1000x900,6.7852
500X900-B1F-DONG-0134,500X900,보(Y),DONG,B1F,500x900,3.3976
500X900-B1F-DONG-0135,500X900,보(Y),DONG,B1F,500x900,3.51
600X900-B1F-DONG-0033,600X900,보(X),DONG,B1F,600x900,2.754
600X900-B1F-DONG-0034,600X900,보(X),DONG,B1F,600x900,2.7
600X900-B1F-DONG-0035,600X900,보(X),DONG,B1F,600x900,4.3875
600X900-B1F-DONG-0036,600X900,보(X),DONG,B1F,600x900,4.3874
500X900-B1F-DONG-0136,500X900,보(Y),DONG,B1F,500x900,2.1152
500X900-B1F-DONG-0137,500X900,보(Y),DONG,B1F,500x900,2.1647
500X900-B1F-DONG-0138,500X900,보(X),DONG,B1F,500x900,13.4101
800X900-B1F-DONG-0015,800X900,보(X),DONG,B1F,800x900,5.6814
800X900-B1F-DONG-0016,800X900,보(X),DONG,B1F,800x900,5.6812
500X900-B1F-DONG-0139,500X900,보(Y),DONG,B1F,500x900,1.9853
500X900-B1F-DONG-0140,500X900,보(Y),DONG,B1F,500x900,1.9818
700X900-B1F-DONG-0043,700X900,보(Y),DONG,B1F,700x900,5.103
700X900-B1F-DONG-0044,700X900,보(Y),DONG,B1F,700x900,5.103
700X900-B1F-DONG-0045,700X900,보(Y),DONG,B1F,700x900,4.7913
700X900-B1F-DONG-0046,700X900,보(Y),DONG,B1F,700x900,4.7365
1100X900-B1F-DONG-0004,1100X900,보(X),DONG,B1F,1100x900,8.1234
1100X900-B1F-DONG-0005,1100X900,보(X),DONG,B1F,1100x900,8.1234
500X600-B1F-DONG-1073,500X600,보(X),DONG,B1F,500x600,2.4907
500X600-B1F-DONG-1074,500X600,보(X),DONG,B1F,500x600,2.4907
700X900-B1F-DONG-0047,700X900,보(X),DONG,B1F,700x900,3.4842
700X900-B1F-DONG-0048,700X900,보(X),DONG,B1F,700x900,3.4842
700X900-B1F-DONG-0049,700X900,보(X),DONG,B1F,700x900,3.276
1100X900-B1F-DONG-0006,1100X900,보(X),DONG,B1F,1100x900,7.623
1100X900-B1F-DONG-0007,1100X900,보(X),DONG,B1F,1100x900,7.524
500X600-B1F-DONG-1075,500X600,보(X),DONG,B1F,500x600,2.34
500X900-B1F-DONG-0141,500X900,보(Y),DONG,B1F,500x900,3.5325
500X600-B1F-DONG-1076,500X600,보(X),DONG,B1F,500x600,2.34
700X900-B1F-DONG-0050,700X900,보(X),DONG,B1F,700x900,3.2711
500X900-B1F-DONG-0142,500X900,보(Y),DONG,B1F,500x900,3.7133
500X900-B1F-DONG-0143,500X900,보(Y),DONG,B1F,500x900,3.6702
500X900-B1F-DONG-0144,500X900,보(Y),DONG,B1F,500x900,3.601
500X900-B1F-DONG-0145,500X900,보(Y),DONG,B1F,500x900,3.603
500X900-B1F-DONG-0146,500X900,보(Y),DONG,B1F,500x900,1.935
500X900-B1F-DONG-0147,500X900,보(Y),DONG,B1F,500x900,1.935
700X900-B1F-DONG-0051,700X900,보(X),DONG,B1F,700x900,3.2712
500X900-B1F-DONG-0148,500X900,보(Y),DONG,B1F,500x900,3.51
700X900-B1F-DONG-0052,700X900,보(X),DONG,B1F,700x900,3.276
500X900-B1F-DONG-0149,500X900,보(Y),DONG,B1F,500x900,3.4883
500X900-B1F-DONG-0150,500X900,보(Y),DONG,B1F,500x900,3.6252
500X900-B1F-DONG-0151,500X900,보(Y),DONG,B1F,500x900,3.375
500X900-B1F-DONG-0152,500X900,보(Y),DONG,B1F,500x900,3.5556
500X900-B1F-DONG-0153,500X900,보(Y),DONG,B1F,500x900,3.4425
500X900-B1F-DONG-0154,500X900,보(Y),DONG,B1F,500x900,3.3975
500X900-B1F-DONG-0155,500X900,보(Y),DONG,B1F,500x900,1.575
500X900-B1F-DONG-0156,500X900,보(Y),DONG,B1F,500x900,1.575
700X900-B1F-DONG-0053,700X900,보(X),DONG,B1F,700x900,4.914
700X900-B1F-DONG-0054,700X900,보(X),DONG,B1F,700x900,4.914
800X900-B1F-DONG-0017,800X900,보(X),DONG,B1F,800x900,5.7532
800X900-B1F-DONG-0018,800X900,보(X),DONG,B1F,800x900,5.7532
600X900-B1F-DONG-0037,600X900,보(X),DONG,B1F,600x900,4.3149
600X900-B1F-DONG-0038,600X900,보(X),DONG,B1F,600x900,4.2879
700X900-B1F-DONG-0055,700X900,보(X),DONG,B1F,700x900,3.591
700X900-B1F-DONG-0056,700X900,보(X),DONG,B1F,700x900,3.591
500X900-B1F-DONG-0157,500X900,보(X),DONG,B1F,500x900,2.565
500X900-B1F-DONG-0158,500X900,보(X),DONG,B1F,500x900,2.565
1100X900-B1F-DONG-0008,1100X900,보(X),DONG,B1F,1100x900,6.9795
1100X900-B1F-DONG-0009,1100X900,보(X),DONG,B1F,1100x900,7.1775
500X900-B1F-DONG-0159,500X900,보(Y),DONG,B1F,500x900,3.3555
500X900-B1F-DONG-0160,500X900,보(Y),DONG,B1F,500x900,3.3534
700X900-B1F-DONG-0057,700X900,보(Y),DONG,B1F,700x900,2.7416
700X900-B1F-DONG-0058,700X900,보(Y),DONG,B1F,700x900,4.8879
500X900-B1F-DONG-0161,500X900,보(Y),DONG,B1F,500x900,3.5797
500X900-B1F-DONG-0162,500X900,보(Y),DONG,B1F,500x900,3.5791
500X900-B1F-DONG-0163,500X900,보(Y),DONG,B1F,500x900,3.7801
500X900-B1F-DONG-0164,500X900,보(Y),DONG,B1F,500x900,3.7801
900X900-B1F-DONG-0024,900X900,보(X),DONG,B1F,900x900,6.3847
900X900-B1F-DONG-0025,900X900,보(X),DONG,B1F,900x900,6.3846
1000X900-B1F-DONG-0004,1000X900,보(X),DONG,B1F,1000x900,6.8411
1000X900-B1F-DONG-0005,1000X900,보(X),DONG,B1F,1000x900,6.8411
600X900-B1F-DONG-0039,600X900,보(X),DONG,B1F,600x900,4.282
800X900-B1F-DONG-0019,800X900,보(X),DONG,B1F,800x900,5.7452
600X900-B1F-DONG-0040,600X900,보(X),DONG,B1F,600x900,4.32
600X900-B1F-DONG-0041,600X900,보(X),DONG,B1F,600x900,4.32
500X900-B1F-DONG-0165,500X900,보(Y),DONG,B1F,500x900,1.6725
700X900-B1F-DONG-0059,700X900,보(Y),DONG,B1F,700x900,0.6741
800X900-B1F-DONG-0020,800X900,보(X),DONG,B1F,800x900,5.7093
800X900-B1F-DONG-0021,800X900,보(X),DONG,B1F,800x900,5.7093
800X900-B1F-DONG-0022,800X900,보(X),DONG,B1F,800x900,5.5016
800X900-B1F-DONG-0023,800X900,보(X),DONG,B1F,800x900,5.5015
700X900-B1F-DONG-0060,700X900,보(Y),DONG,B1F,700x900,2.0483
700X900-B1F-DONG-0061,700X900,보(Y),DONG,B1F,700x900,4.9002
700X900-B1F-DONG-0062,700X900,보(Y),DONG,B1F,700x900,2.4682
700X900-B1F-DONG-0063,700X900,보(Y),DONG,B1F,700x900,5.292
700X900-B1F-DONG-0064,700X900,보(Y),DONG,B1F,700x900,5.292
500X900-B1F-DONG-0166,500X900,보(Y),DONG,B1F,500x900,3.78
500X900-B1F-DONG-0167,500X900,보(Y),DONG,B1F,500x900,3.78
500X900-B1F-DONG-0168,500X900,보(Y),DONG,B1F,500x900,3.6016
500X900-B1F-DONG-0169,500X900,보(Y),DONG,B1F,500x900,3.6022
500X900-B1F-DONG-0170,500X900,보(Y),DONG,B1F,500x900,3.78
500X900-B1F-DONG-0171,500X900,보(Y),DONG,B1F,500x900,3.78
500X900-B1F-DONG-0172,500X900,보(X),DONG,B1F,500x900,1.2054
500X900-B1F-DONG-0173,500X900,보(X),DONG,B1F,500x900,1.203
700X900-B1F-DONG-0065,700X900,보(Y),DONG,B1F,700x900,5.6514
600X900-B1F-DONG-0042,600X900,보(Y),DONG,B1F,600x900,0.8091
600X900-B1F-DONG-0043,600X900,보(Y),DONG,B1F,600x900,0.7464
600X900-B1F-DONG-0044,600X900,보(X),DONG,B1F,600x900,3.078
600X900-B1F-DONG-0045,600X900,보(X),DONG,B1F,600x900,3.078
800X900-B1F-DONG-0024,800X900,보(X),DONG,B1F,800x900,5.904
800X900-B1F-DONG-0025,800X900,보(X),DONG,B1F,800x900,5.904
800X900-B1F-DONG-0026,800X900,보(X),DONG,B1F,800x900,5.904
800X900-B1F-DONG-0027,800X900,보(X),DONG,B1F,800x900,5.904
900X900-B1F-DONG-0026,900X900,보(X),DONG,B1F,900x900,6.48
900X900-B1F-DONG-0027,900X900,보(X),DONG,B1F,900x900,6.48
700X900-B1F-DONG-0066,700X900,보(X),DONG,B1F,700x900,5.04
700X900-B1F-DONG-0067,700X900,보(X),DONG,B1F,700x900,4.6668
500X900-B1F-DONG-0174,500X900,보(Y),DONG,B1F,500x900,2.205
500X900-B1F-DONG-0175,500X900,보(Y),DONG,B1F,500x900,2.205
500X900-B1F-DONG-0176,500X900,보(Y),DONG,B1F,500x900,1.5583
500X900-B1F-DONG-0177,500X900,보(Y),DONG,B1F,500x900,1.52
500X900-B1F-DONG-0178,500X900,보(Y),DONG,B1F,500x900,2.205
500X900-B1F-DONG-0179,500X900,보(Y),DONG,B1F,500x900,2.205
600X900-B1F-DONG-0046,600X900,보(X),DONG,B1F,600x900,4.428
600X900-B1F-DONG-0047,600X900,보(X),DONG,B1F,600x900,4.428
500X900-B1F-DONG-0180,500X900,보(Y),DONG,B1F,500x900,0.5935
500X900-B1F-DONG-0181,500X900,보(Y),DONG,B1F,500x900,0.558
600X900-B1F-DONG-0048,600X900,보(Y),DONG,B1F,600x900,2.646
600X900-B1F-DONG-0049,600X900,보(Y),DONG,B1F,600x900,1.5027
800X900-B1F-DONG-0028,800X900,보(X),DONG,B1F,800x900,5.904
800X900-B1F-DONG-0029,800X900,보(X),DONG,B1F,800x900,5.904
500X900-B1F-DONG-0182,500X900,보(Y),DONG,B1F,500x900,3.375
500X900-B1F-DONG-0183,500X900,보(Y),DONG,B1F,500x900,3.555
500X900-B1F-DONG-0184,500X900,보(X),DONG,B1F,500x900,2.2114
700X900-B1F-DONG-0068,700X900,보(X),DONG,B1F,700x900,3.15
700X900-B1F-DONG-0069,700X900,보(X),DONG,B1F,700x900,2.0521
700X900-B1F-DONG-0070,700X900,보(X),DONG,B1F,700x900,1.6728
600X900-B1F-DONG-0050,600X900,보(Y),DONG,B1F,600x900,4.1903
600X900-B1F-DONG-0051,600X900,보(Y),DONG,B1F,600x900,4.0552
500X900-B1F-DONG-0185,500X900,보(X),DONG,B1F,500x900,1.593
500X900-B1F-DONG-0186,500X900,보(X),DONG,B1F,500x900,1.5738
700X900-B1F-DONG-0071,700X900,보(Y),DONG,B1F,700x900,4.8195
700X900-B1F-DONG-0072,700X900,보(Y),DONG,B1F,700x900,3.3747
500X900-B1F-DONG-0187,500X900,보(Y),DONG,B1F,500x900,1.8235
500X900-B1F-DONG-0188,500X900,보(Y),DONG,B1F,500x900,1.7743
500X900-B1F-DONG-0189,500X900,보(X),DONG,B1F,500x900,3.5325
500X900-B1F-DONG-0190,500X900,보(X),DONG,B1F,500x900,3.375
600X900-B1F-DONG-0052,600X900,보(Y),DONG,B1F,600x900,2.1882
600X900-B1F-DONG-0053,600X900,보(Y),DONG,B1F,600x900,2.183
500X900-B1F-DONG-0191,500X900,보(X),DONG,B1F,500x900,3.42
500X900-B1F-DONG-0192,500X900,보(X),DONG,B1F,500x900,3.285
500X900-B1F-DONG-0193,500X900,보(X),DONG,B1F,500x900,3.6
500X900-B1F-DONG-0194,500X900,보(X),DONG,B1F,500x900,3.465
500X900-B1F-DONG-0195,500X900,보(X),DONG,B1F,500x900,3.51
500X900-B1F-DONG-0196,500X900,보(X),DONG,B1F,500x900,3.375
500X900-B1F-DONG-0197,500X900,보(X),DONG,B1F,500x900,3.4425
500X900-B1F-DONG-0198,500X900,보(X),DONG,B1F,500x900,3.2868
600X900-B1F-DONG-0054,600X900,보(Y),DONG,B1F,600x900,1.9178
600X900-B1F-DONG-0055,600X900,보(Y),DONG,B1F,600x900,1.9129
600X900-B1F-DONG-0056,600X900,보(Y),DONG,B1F,600x900,1.9174
600X900-B1F-DONG-0057,600X900,보(Y),DONG,B1F,600x900,1.9122
600X900-B1F-DONG-0058,600X900,보(Y),DONG,B1F,600x900,1.9182
600X900-B1F-DONG-0059,600X900,보(Y),DONG,B1F,600x900,1.913
500X900-B1F-DONG-0199,500X900,보(Y),DONG,B1F,500x900,1.3692
500X900-B1F-DONG-0200,500X900,보(Y),DONG,B1F,500x900,1.3692
500X900-B1F-DONG-0201,500X900,보(Y),DONG,B1F,500x900,1.3354
500X900-B1F-DONG-0202,500X900,보(Y),DONG,B1F,500x900,1.3691
600X900-B1F-DONG-0060,600X900,보(Y),DONG,B1F,600x900,2.646
600X900-B1F-DONG-0061,600X900,보(Y),DONG,B1F,600x900,2.646
500X900-B1F-DONG-0203,500X900,보(X),DONG,B1F,500x900,1.4722
500X900-B1F-DONG-0204,500X900,보(X),DONG,B1F,500x900,1.4722
900X900-B1F-DONG-0028,900X900,보(Y),DONG,B1F,900x900,5.994
900X900-B1F-DONG-0029,900X900,보(Y),DONG,B1F,900x900,5.994
800X1500-B1F-DONG-0009,800X1500,보(Y),DONG,B1F,800x1500,1.1727
500X900-B1F-DONG-0205,500X900,보(Y),DONG,B1F,500x900,0.4397
500X900-B1F-DONG-0206,500X900,보(X),DONG,B1F,500x900,3.285
500X900-B1F-DONG-0207,500X900,보(X),DONG,B1F,500x900,3.285
500X900-B1F-DONG-0208,500X900,보(X),DONG,B1F,500x900,2.8883
500X900-B1F-DONG-0209,500X900,보(X),DONG,B1F,500x900,2.8883
500X900-B1F-DONG-0210,500X900,보(X),DONG,B1F,500x900,3.51
500X900-B1F-DONG-0211,500X900,보(X),DONG,B1F,500x900,3.285
500X900-B1F-DONG-0212,500X900,보(X),DONG,B1F,500x900,3.69
500X900-B1F-DONG-0213,500X900,보(X),DONG,B1F,500x900,3.4875
500X900-B1F-DONG-0214,500X900,보(X),DONG,B1F,500x900,3.6
500X900-B1F-DONG-0215,500X900,보(X),DONG,B1F,500x900,3.3327
800X900-B1F-DONG-0030,800X900,보(Y),DONG,B1F,800x900,4.4345
800X900-B1F-DONG-0031,800X900,보(Y),DONG,B1F,800x900,4.4345
800X900-B1F-DONG-0032,800X900,보(Y),DONG,B1F,800x900,4.4375
800X900-B1F-DONG-0033,800X900,보(Y),DONG,B1F,800x900,4.4115
500X900-B1F-DONG-0216,500X900,보(X),DONG,B1F,500x900,3.51
500X900-B1F-DONG-0217,500X900,보(X),DONG,B1F,500x900,3.3494
700X900-B1F-DONG-0073,700X900,보(X),DONG,B1F,700x900,4.8331
700X900-B1F-DONG-0074,700X900,보(X),DONG,B1F,700x900,4.8331
900X900-B1F-DONG-0030,900X900,보(X),DONG,B1F,900x900,5.9449
900X900-B1F-DONG-0031,900X900,보(X),DONG,B1F,900x900,5.952
800X900-B1F-DONG-0034,800X900,보(X),DONG,B1F,800x900,5.7355
800X900-B1F-DONG-0035,800X900,보(X),DONG,B1F,800x900,5.7355
1000X900-B1F-DONG-0006,1000X900,보(X),DONG,B1F,1000x900,5.7576
1000X900-B1F-DONG-0007,1000X900,보(X),DONG,B1F,1000x900,5.7619
600X900-B1F-DONG-0062,600X900,보(X),DONG,B1F,600x900,2.6523
600X900-B1F-DONG-0063,600X900,보(X),DONG,B1F,600x900,2.6542
700X900-B1F-DONG-0075,700X900,보(X),DONG,B1F,700x900,5.04
700X900-B1F-DONG-0076,700X900,보(X),DONG,B1F,700x900,5.04
700X900-B1F-DONG-0077,700X900,보(Y),DONG,B1F,700x900,4.8223
700X900-B1F-DONG-0078,700X900,보(Y),DONG,B1F,700x900,4.9871
600X900-B1F-DONG-0064,600X900,보(X),DONG,B1F,600x900,1.4309
600X900-B1F-DONG-0065,600X900,보(X),DONG,B1F,600x900,1.4921
1100X900-B1F-DONG-0010,1100X900,보(X),DONG,B1F,1100x900,7.5825
1100X900-B1F-DONG-0011,1100X900,보(X),DONG,B1F,1100x900,6.8395
500X900-B1F-DONG-0218,500X900,보(X),DONG,B1F,500x900,1.35
500X900-B1F-DONG-0219,500X900,보(X),DONG,B1F,500x900,1.4487
700X900-B1F-DONG-0079,700X900,보(X),DONG,B1F,700x900,4.0722
700X900-B1F-DONG-0080,700X900,보(X),DONG,B1F,700x900,4.4897
500X900-B1F-DONG-0220,500X900,보(Y),DONG,B1F,500x900,0.9149
500X900-B1F-DONG-0221,500X900,보(Y),DONG,B1F,500x900,0.9143
500X900-B1F-DONG-0222,500X900,보(X),DONG,B1F,500x900,2.6827
500X900-B1F-DONG-0223,500X900,보(X),DONG,B1F,500x900,2.6827
700X600-B1F-DONG-0202,700X600,보(X),DONG,B1F,700x600,3.1212
500X900-B1F-DONG-0224,500X900,보(X),DONG,B1F,500x900,3.962
700X600-B1F-DONG-0203,700X600,보(X),DONG,B1F,700x600,3.612
700X600-B1F-DONG-0204,700X600,보(X),DONG,B1F,700x600,3.612
400X800-B1F-DONG-0473,400X800,보(Y),DONG,B1F,400x800,2.624
400X800-B1F-DONG-0474,400X800,보(Y),DONG,B1F,400x800,2.624
700X600-B1F-DONG-0205,700X600,보(X),DONG,B1F,700x600,3.612
700X600-B1F-DONG-0206,700X600,보(X),DONG,B1F,700x600,3.612
500X900-B1F-DONG-0225,500X900,보(X),DONG,B1F,500x900,3.78
500X900-B1F-DONG-0226,500X900,보(X),DONG,B1F,500x900,3.78
400X800-B1F-DONG-0475,400X800,보(Y),DONG,B1F,400x800,2.3253
400X800-B1F-DONG-0476,400X800,보(Y),DONG,B1F,400x800,2.4992
500X900-B1F-DONG-0227,500X900,보(X),DONG,B1F,500x900,3.5254
500X900-B1F-DONG-0228,500X900,보(X),DONG,B1F,500x900,3.4804
700X900-B1F-DONG-0081,700X900,보(Y),DONG,B1F,700x900,2.987
700X900-B1F-DONG-0082,700X900,보(Y),DONG,B1F,700x900,3.1475
500X900-B1F-DONG-0229,500X900,보(Y),DONG,B1F,500x900,1.2692
500X900-B1F-DONG-0230,500X900,보(Y),DONG,B1F,500x900,1.3511
500X900-B1F-DONG-0231,500X900,보(X),DONG,B1F,500x900,1.755
500X900-B1F-DONG-0232,500X900,보(X),DONG,B1F,500x900,1.71
500X900-B1F-DONG-0233,500X900,보(X),DONG,B1F,500x900,1.0019
700X600-B1F-DONG-0207,700X600,보(X),DONG,B1F,700x600,0.8587
500X600-B1F-DONG-1077,500X600,보(Y),DONG,B1F,500x600,2.3107
500X600-B1F-DONG-1078,500X600,보(Y),DONG,B1F,500x600,2.3107
700X600-B1F-DONG-0208,700X600,보(X),DONG,B1F,700x600,0.6044
400X800-B1F-DONG-0477,400X800,보(X),DONG,B1F,400x800,0.4183
500X900-B1F-DONG-0234,500X900,보(X),DONG,B1F,500x900,1.7325
500X900-B1F-DONG-0235,500X900,보(X),DONG,B1F,500x900,1.71
500X600-B1F-DONG-1079,500X600,보(X),DONG,B1F,500x600,1.14
500X600-B1F-DONG-1080,500X600,보(X),DONG,B1F,500x600,1.155
500X600-B1F-DONG-1081,500X600,보(Y),DONG,B1F,500x600,2.3993
500X600-B1F-DONG-1082,500X600,보(Y),DONG,B1F,500x600,2.3993
500X900-B1F-DONG-0236,500X900,보(Y),DONG,B1F,500x900,1.3537
500X900-B1F-DONG-0237,500X900,보(Y),DONG,B1F,500x900,1.2718
500X900-B1F-DONG-0238,500X900,보(X),DONG,B1F,500x900,1.5171
400X800-B1F-DONG-0478,400X800,보(X),DONG,B1F,400x800,1.0046
500X900-B1F-DONG-0239,500X900,보(X),DONG,B1F,500x900,0.5017
500X900-B1F-DONG-0240,500X900,보(X),DONG,B1F,500x900,0.738
600X1500-B1F-DONG-0009,600X1500,보(X),DONG,B1F,600x1500,7.0058
600X1500-B1F-DONG-0010,600X1500,보(X),DONG,B1F,600x1500,7.086
600X900-B1F-DONG-0066,600X900,보(Y),DONG,B1F,600x900,1.6739
600X1500-B1F-DONG-0011,600X1500,보(Y),DONG,B1F,600x1500,2.7091
600X900-B1F-DONG-0067,600X900,보(Y),DONG,B1F,600x900,1.7734
600X900-B1F-DONG-0068,600X900,보(Y),DONG,B1F,600x900,1.7773
700X1500-B1F-DONG-0003,700X1500,보(X),DONG,B1F,700x1500,8.82
700X1500-B1F-DONG-0004,700X1500,보(X),DONG,B1F,700x1500,8.82
600X900-B1F-DONG-0069,600X900,보(X),DONG,B1F,600x900,4.644
600X900-B1F-DONG-0070,600X900,보(X),DONG,B1F,600x900,4.644
600X900-B1F-DONG-0071,600X900,보(X),DONG,B1F,600x900,4.2258
600X900-B1F-DONG-0072,600X900,보(X),DONG,B1F,600x900,4.1988
600X900-B1F-DONG-0073,600X900,보(X),DONG,B1F,600x900,4.4663
600X600-B1F-DONG-0039,600X600,보(X),DONG,B1F,600x600,2.9782
600X900-B1F-DONG-0074,600X900,보(Y),DONG,B1F,600x900,2.484
600X900-B1F-DONG-0075,600X900,보(Y),DONG,B1F,600x900,2.484
600X900-B1F-DONG-0076,600X900,보(Y),DONG,B1F,600x900,2.484
600X900-B1F-DONG-0077,600X900,보(Y),DONG,B1F,600x900,2.484
500X900-B1F-DONG-0241,500X900,보(Y),DONG,B1F,500x900,1.9376
500X900-B1F-DONG-0242,500X900,보(Y),DONG,B1F,500x900,1.8722
400X800-B1F-DONG-0479,400X800,보(Y),DONG,B1F,400x800,0.4144
400X800-B1F-DONG-0480,400X800,보(Y),DONG,B1F,400x800,0.4172
500X600-B1F-DONG-1083,500X600,보(X),DONG,B1F,500x600,2.4
500X600-B1F-DONG-1084,500X600,보(X),DONG,B1F,500x600,2.4
400X800-B1F-DONG-0481,400X800,보(Y),DONG,B1F,400x800,0.4177
400X800-B1F-DONG-0482,400X800,보(Y),DONG,B1F,400x800,0.4206
800X900-B1F-DONG-0036,800X900,보(X),DONG,B1F,800x900,6.192
800X900-B1F-DONG-0037,800X900,보(X),DONG,B1F,800x900,6.192
500X900-B1F-DONG-0243,500X900,보(Y),DONG,B1F,500x900,2.2725
500X900-B1F-DONG-0244,500X900,보(Y),DONG,B1F,500x900,2.2734
800X900-B1F-DONG-0038,800X900,보(X),DONG,B1F,800x900,5.2078
400X800-B1F-DONG-0483,400X800,보(X),DONG,B1F,400x800,2.3146
500X900-B1F-DONG-0245,500X900,보(Y),DONG,B1F,500x900,3.3345
500X900-B1F-DONG-0246,500X900,보(Y),DONG,B1F,500x900,3.3345
800X900-B1F-DONG-0039,800X900,보(Y),DONG,B1F,800x900,5.4303
800X900-B1F-DONG-0040,800X900,보(Y),DONG,B1F,800x900,2.2838
800X900-B1F-DONG-0041,800X900,보(Y),DONG,B1F,800x900,4.3103
800X900-B1F-DONG-0042,800X900,보(Y),DONG,B1F,800x900,4.5559
800X900-B1F-DONG-0043,800X900,보(Y),DONG,B1F,800x900,4.6122
800X900-B1F-DONG-0044,800X900,보(Y),DONG,B1F,800x900,4.5882
800X900-B1F-DONG-0045,800X900,보(Y),DONG,B1F,800x900,4.7776
800X900-B1F-DONG-0046,800X900,보(Y),DONG,B1F,800x900,4.7873
600X900-B1F-DONG-0078,600X900,보(X),DONG,B1F,600x900,3.1956
500X600-B1F-DONG-1085,500X600,보(X),DONG,B1F,500x600,1.7412
500X900-B1F-DONG-0247,500X900,보(X),DONG,B1F,500x900,2.022
500X900-B1F-DONG-0248,500X900,보(X),DONG,B1F,500x900,2.295
500X900-B1F-DONG-0249,500X900,보(X),DONG,B1F,500x900,3.4156
500X900-B1F-DONG-0250,500X900,보(X),DONG,B1F,500x900,3.5029
800X900-B1F-DONG-0047,800X900,보(X),DONG,B1F,800x900,5.3447
800X900-B1F-DONG-0048,800X900,보(X),DONG,B1F,800x900,5.6376
600X900-B1F-DONG-0079,600X900,보(X),DONG,B1F,600x900,2.7609
600X900-B1F-DONG-0080,600X900,보(X),DONG,B1F,600x900,2.7725
500X900-B1F-DONG-0251,500X900,보(X),DONG,B1F,500x900,3.645
500X900-B1F-DONG-0252,500X900,보(X),DONG,B1F,500x900,3.645
500X900-B1F-DONG-0253,500X900,보(X),DONG,B1F,500x900,3.645
500X900-B1F-DONG-0254,500X900,보(X),DONG,B1F,500x900,3.645
600X900-B1F-DONG-0081,600X900,보(Y),DONG,B1F,600x900,1.8958
600X900-B1F-DONG-0082,600X900,보(Y),DONG,B1F,600x900,2.1454
600X900-B1F-DONG-0083,600X900,보(Y),DONG,B1F,600x900,2.1438
600X900-B1F-DONG-0084,600X900,보(Y),DONG,B1F,600x900,2.1454
600X900-B1F-DONG-0085,600X900,보(Y),DONG,B1F,600x900,2.1438
600X900-B1F-DONG-0086,600X900,보(Y),DONG,B1F,600x900,2.1454
500X600-B1F-DONG-1086,500X600,보(Y),DONG,B1F,500x600,1.191
600X900-B1F-DONG-0087,600X900,보(Y),DONG,B1F,600x900,2.1454
400X800-B1F-DONG-0484,400X800,보(X),DONG,B1F,400x800,2.592
400X800-B1F-DONG-0485,400X800,보(X),DONG,B1F,400x800,2.592
500X900-B1F-DONG-0255,500X900,보(X),DONG,B1F,500x900,3.645
500X900-B1F-DONG-0256,500X900,보(X),DONG,B1F,500x900,3.645
500X900-B1F-DONG-0257,500X900,보(X),DONG,B1F,500x900,3.4365
500X900-B1F-DONG-0258,500X900,보(X),DONG,B1F,500x900,3.4365
500X900-B1F-DONG-0259,500X900,보(Y),DONG,B1F,500x900,2.16
500X900-B1F-DONG-0260,500X900,보(Y),DONG,B1F,500x900,2.16
500X900-B1F-DONG-0261,500X900,보(X),DONG,B1F,500x900,1.659
500X900-B1F-DONG-0262,500X900,보(X),DONG,B1F,500x900,1.7225
500X900-B1F-DONG-0263,500X900,보(Y),DONG,B1F,500x900,2.2204
500X900-B1F-DONG-0264,500X900,보(Y),DONG,B1F,500x900,2.2211
500X900-B1F-DONG-0265,500X900,보(X),DONG,B1F,500x900,2.3386
500X900-B1F-DONG-0266,500X900,보(X),DONG,B1F,500x900,2.385
500X900-B1F-DONG-0267,500X900,보(Y),DONG,B1F,500x900,2.0432
500X900-B1F-DONG-0268,500X900,보(Y),DONG,B1F,500x900,2.0374
500X900-B1F-DONG-0269,500X900,보(X),DONG,B1F,500x900,3.4455
500X900-B1F-DONG-0270,500X900,보(X),DONG,B1F,500x900,3.51
500X900-B1F-DONG-0271,500X900,보(X),DONG,B1F,500x900,1.7852
500X900-B1F-DONG-0272,500X900,보(X),DONG,B1F,500x900,1.7906
500X900-B1F-DONG-0273,500X900,보(X),DONG,B1F,500x900,3.4411
500X900-B1F-DONG-0274,500X900,보(X),DONG,B1F,500x900,3.51
800X1700-B1F-DONG-0006,800X1700,보(X),DONG,B1F,800x1700,7.072
800X1700-B1F-DONG-0007,800X1700,보(X),DONG,B1F,800x1700,6.5942
500X900-B1F-DONG-0275,500X900,보(X),DONG,B1F,500x900,3.4586
500X900-B1F-DONG-0276,500X900,보(X),DONG,B1F,500x900,3.51
500X900-B1F-DONG-0277,500X900,보(X),DONG,B1F,500x900,3.465
500X900-B1F-DONG-0278,500X900,보(X),DONG,B1F,500x900,3.51
500X900-B1F-DONG-0279,500X900,보(Y),DONG,B1F,500x900,1.0653
500X900-B1F-DONG-0280,500X900,보(Y),DONG,B1F,500x900,1.0227
600X900-B1F-DONG-0088,600X900,보(X),DONG,B1F,600x900,2.9192
600X900-B1F-DONG-0089,600X900,보(X),DONG,B1F,600x900,4.212
800X900-B1F-DONG-0049,800X900,보(X),DONG,B1F,800x900,4.2991
800X900-B1F-DONG-0050,800X900,보(X),DONG,B1F,800x900,4.4234
400X800-B1F-DONG-0486,400X800,보(X),DONG,B1F,400x800,1.4627
1000X900-B1F-DONG-0008,1000X900,보(X),DONG,B1F,1000x900,6.4537
500X600-B1F-DONG-1087,500X600,보(X),DONG,B1F,500x600,1.53
600X900-B1F-DONG-0090,600X900,보(X),DONG,B1F,600x900,1.1393
700X900-B1F-DONG-0083,700X900,보(X),DONG,B1F,700x900,4.788
700X900-B1F-DONG-0084,700X900,보(X),DONG,B1F,700x900,2.148
500X900-B1F-DONG-0281,500X900,보(X),DONG,B1F,500x900,3.465
500X900-B1F-DONG-0282,500X900,보(X),DONG,B1F,500x900,3.465
500X900-B1F-DONG-0283,500X900,보(X),DONG,B1F,500x900,3.465
500X900-B1F-DONG-0284,500X900,보(X),DONG,B1F,500x900,3.3613
500X900-B1F-DONG-0285,500X900,보(X),DONG,B1F,500x900,3.465
500X900-B1F-DONG-0286,500X900,보(X),DONG,B1F,500x900,3.3838
500X900-B1F-DONG-0287,500X900,보(X),DONG,B1F,500x900,3.465
500X900-B1F-DONG-0288,500X900,보(X),DONG,B1F,500x900,3.465
400X800-B1F-DONG-0487,400X800,보(X),DONG,B1F,400x800,2.464
400X800-B1F-DONG-0488,400X800,보(X),DONG,B1F,400x800,2.464
700X900-B1F-DONG-0085,700X900,보(X),DONG,B1F,700x900,4.9496
700X900-B1F-DONG-0086,700X900,보(X),DONG,B1F,700x900,5.0397
600X900-B1F-DONG-0091,600X900,보(X),DONG,B1F,600x900,2.9382
600X900-B1F-DONG-0092,600X900,보(X),DONG,B1F,600x900,2.9403
900X900-B1F-DONG-0032,900X900,보(X),DONG,B1F,900x900,1.936
500X600-B1F-DONG-1088,500X600,보(X),DONG,B1F,500x600,1.92
500X900-B1F-DONG-0289,500X900,보(X),DONG,B1F,500x900,2.88
500X900-B1F-DONG-0290,500X900,보(X),DONG,B1F,500x900,2.8801
700X900-B1F-DONG-0087,700X900,보(Y),DONG,B1F,700x900,5.0315
700X900-B1F-DONG-0088,700X900,보(Y),DONG,B1F,700x900,5.1133
700X900-B1F-DONG-0089,700X900,보(X),DONG,B1F,700x900,3.339
700X900-B1F-DONG-0090,700X900,보(X),DONG,B1F,700x900,3.2363
700X900-B1F-DONG-0091,700X900,보(Y),DONG,B1F,700x900,5.5516
700X900-B1F-DONG-0092,700X900,보(Y),DONG,B1F,700x900,5.615
900X900-B1F-DONG-0033,900X900,보(X),DONG,B1F,900x900,5.2155
900X900-B1F-DONG-0034,900X900,보(X),DONG,B1F,900x900,5.5978
500X900-B1F-DONG-0291,500X900,보(X),DONG,B1F,500x900,3.51
500X900-B1F-DONG-0292,500X900,보(X),DONG,B1F,500x900,3.5097
600X900-B1F-DONG-0093,600X900,보(X),DONG,B1F,600x900,2.5692
600X900-B1F-DONG-0094,600X900,보(X),DONG,B1F,600x900,2.7725
800X900-B1F-DONG-0051,800X900,보(Y),DONG,B1F,800x900,5.5149
600X900-B1F-DONG-0095,600X900,보(Y),DONG,B1F,600x900,4.1711
500X900-B1F-DONG-0293,500X900,보(X),DONG,B1F,500x900,1.6085
400X900-B1F-DONG-0006,400X900,보(X),DONG,B1F,400x900,1.2912
500X900-B1F-DONG-0294,500X900,보(Y),DONG,B1F,500x900,1.8611
500X900-B1F-DONG-0295,500X900,보(Y),DONG,B1F,500x900,1.809
500X900-B1F-DONG-0296,500X900,보(Y),DONG,B1F,500x900,1.134
500X900-B1F-DONG-0297,500X900,보(Y),DONG,B1F,500x900,1.134
500X900-B1F-DONG-0298,500X900,보(Y),DONG,B1F,500x900,1.134
500X900-B1F-DONG-0299,500X900,보(Y),DONG,B1F,500x900,1.134
500X900-B1F-DONG-0300,500X900,보(X),DONG,B1F,500x900,1.0755
500X900-B1F-DONG-0301,500X900,보(X),DONG,B1F,500x900,1.0305
700X900-B1F-DONG-0093,700X900,보(X),DONG,B1F,700x900,3.213
700X900-B1F-DONG-0094,700X900,보(X),DONG,B1F,700x900,3.087
700X900-B1F-DONG-0095,700X900,보(X),DONG,B1F,700x900,3.5595
700X900-B1F-DONG-0096,700X900,보(X),DONG,B1F,700x900,3.4965
600X900-B1F-DONG-0096,600X900,보(Y),DONG,B1F,600x900,3.7618
700X900-B1F-DONG-0097,700X900,보(X),DONG,B1F,700x900,3.528
700X900-B1F-DONG-0098,700X900,보(X),DONG,B1F,700x900,3.0487
500X900-B1F-DONG-0302,500X900,보(X),DONG,B1F,500x900,1.6565
700X900-B1F-DONG-0099,700X900,보(Y),DONG,B1F,700x900,1.8968
900X900-B1F-DONG-0035,900X900,보(Y),DONG,B1F,900x900,7.7031
700X900-B1F-DONG-0100,700X900,보(X),DONG,B1F,700x900,3.4964
700X900-B1F-DONG-0101,700X900,보(Y),DONG,B1F,700x900,5.9913
700X900-B1F-DONG-0102,700X900,보(Y),DONG,B1F,700x900,5.9913
700X900-B1F-DONG-0103,700X900,보(Y),DONG,B1F,700x900,5.9913
700X900-B1F-DONG-0104,700X900,보(Y),DONG,B1F,700x900,5.9913
700X900-B1F-DONG-0105,700X900,보(Y),DONG,B1F,700x900,6.1173
500X900-B1F-DONG-0303,500X900,보(X),DONG,B1F,500x900,2.1702
400X800-B1F-DONG-0489,400X800,보(X),DONG,B1F,400x800,1.5881
500X900-B1F-DONG-0304,500X900,보(X),DONG,B1F,500x900,2.7809
500X900-B1F-DONG-0305,500X900,보(X),DONG,B1F,500x900,2.781
500X600-B1F-DONG-1089,500X600,보(X),DONG,B1F,500x600,1.854
500X600-B1F-DONG-1090,500X600,보(X),DONG,B1F,500x600,1.854
1100X900-B1F-DONG-0012,1100X900,보(X),DONG,B1F,1100x900,7.6131
1100X900-B1F-DONG-0013,1100X900,보(X),DONG,B1F,1100x900,7.4637
1100X900-B1F-DONG-0014,1100X900,보(X),DONG,B1F,1100x900,7.4259
1100X900-B1F-DONG-0015,1100X900,보(X),DONG,B1F,1100x900,7.6239
700X900-B1F-DONG-0106,700X900,보(X),DONG,B1F,700x900,5.0229
700X900-B1F-DONG-0107,700X900,보(X),DONG,B1F,700x900,4.8628
500X600-B1F-DONG-1091,500X600,보(Y),DONG,B1F,500x600,10.494
600X900-B1F-DONG-0097,600X900,보(X),DONG,B1F,600x900,2.484
600X900-B1F-DONG-0098,600X900,보(Y),DONG,B1F,600x900,1.674
400X900-B1F-DONG-0007,400X900,보(Y),DONG,B1F,400x900,1.3534
500X900-B1F-DONG-0306,500X900,보(X),DONG,B1F,500x900,0.7879
600X900-B1F-DONG-0099,600X900,보(Y),DONG,B1F,600x900,3.174
500X900-B1F-DONG-0307,500X900,보(X),DONG,B1F,500x900,2.4975
500X900-B1F-DONG-0308,500X900,보(Y),DONG,B1F,500x900,0.4007
1100X900-B1F-DONG-0016,1100X900,보(Y),DONG,B1F,1100x900,0.6585
1100X900-B1F-DONG-0017,1100X900,보(X),DONG,B1F,1100x900,1.2275
700X900-B1F-DONG-0108,700X900,보(Y),DONG,B1F,700x900,0.5897
700X900-B1F-DONG-0109,700X900,보(X),DONG,B1F,700x900,3.087
700X900-B1F-DONG-0110,700X900,보(X),DONG,B1F,700x900,2.0668
1100X900-B1F-DONG-0018,1100X900,보(X),DONG,B1F,1100x900,9.1752
700X900-B1F-DONG-0111,700X900,보(X),DONG,B1F,700x900,4.8447
600X900-B1F-DONG-0100,600X900,보(X),DONG,B1F,600x900,0.6524
600X900-B1F-DONG-0101,600X900,보(Y),DONG,B1F,600x900,0.8372
600X900-B1F-DONG-0102,600X900,보(X),DONG,B1F,600x900,2.8661
1100X900-B1F-DONG-0019,1100X900,보(Y),DONG,B1F,1100x900,5.6515
1100X900-B1F-DONG-0020,1100X900,보(Y),DONG,B1F,1100x900,6.0956
500X700-B1F-DONG-0014,500X700,보(X),DONG,B1F,500x700,1.5695
500X700-B1F-DONG-0015,500X700,보(Y),DONG,B1F,500x700,0.812
700X900-B1F-DONG-0112,700X900,보(X),DONG,B1F,700x900,0.5311
700X900-B1F-DONG-0113,700X900,보(Y),DONG,B1F,700x900,2.395
500X900-B1F-DONG-0309,500X900,보(Y),DONG,B1F,500x900,1.9253
700X900-B1F-DONG-0114,700X900,보(Y),DONG,B1F,700x900,2.3404
600X900_EST-B1F-DONG-0011,600X900_EST,보(X),DONG,B1F,600x900,13.0141
500X900-B1F-DONG-0310,500X900,보(Y),DONG,B1F,500x900,0.765
600X900-B1F-DONG-0103,600X900,보(X),DONG,B1F,600x900,4.8169
900X900-B1F-DONG-0036,900X900,보(Y),DONG,B1F,900x900,5.508
600X900-B1F-DONG-0104,600X900,보(X),DONG,B1F,600x900,4.7357
900X900-B1F-DONG-0037,900X900,보(Y),DONG,B1F,900x900,5.508
500X900-B1F-DONG-0311,500X900,보(Y),DONG,B1F,500x900,0.765
500X900-B1F-DONG-0312,500X900,보(Y),DONG,B1F,500x900,1.2672
500X900-B1F-DONG-0313,500X900,보(X),DONG,B1F,500x900,3.3425
500X900-B1F-DONG-0314,500X900,보(Y),DONG,B1F,500x900,1.269
500X900-B1F-DONG-0315,500X900,보(X),DONG,B1F,500x900,3.2625
600X900-B1F-DONG-0105,600X900,보(X),DONG,B1F,600x900,1.8872
500X600-B1F-DONG-1092,500X600,보(Y),DONG,B1F,500x600,1.686
500X900-B1F-DONG-0316,500X900,보(X),DONG,B1F,500x900,3.105
500X900-B1F-DONG-0317,500X900,보(Y),DONG,B1F,500x900,2.1636
500X900-B1F-DONG-0318,500X900,보(Y),DONG,B1F,500x900,0.6376
500X900-B1F-DONG-0319,500X900,보(Y),DONG,B1F,500x900,1.26
500X900-B1F-DONG-0320,500X900,보(X),DONG,B1F,500x900,2.565
500X900-B1F-DONG-0321,500X900,보(X),DONG,B1F,500x900,3.4419
500X900-B1F-DONG-0322,500X900,보(Y),DONG,B1F,500x900,2.4601
500X900-B1F-DONG-0323,500X900,보(X),DONG,B1F,500x900,3.3753
500X900-B1F-DONG-0324,500X900,보(Y),DONG,B1F,500x900,2.4601
500X900-B1F-DONG-0325,500X900,보(Y),DONG,B1F,500x900,3.5849
600X600-B1F-DONG-0040,600X600,보(Y),DONG,B1F,600x600,2.8679
500X900-B1F-DONG-0326,500X900,보(Y),DONG,B1F,500x900,3.6073
500X900-B1F-DONG-0327,500X900,보(Y),DONG,B1F,500x900,3.6974
600X900-B1F-DONG-0106,600X900,보(Y),DONG,B1F,600x900,4.3288
600X900-B1F-DONG-0107,600X900,보(Y),DONG,B1F,600x900,4.3018
500X600-B1F-DONG-1093,500X600,보(X),DONG,B1F,500x600,1.0229
500X900-B1F-DONG-0328,500X900,보(Y),DONG,B1F,500x900,1.9321
500X900-B1F-DONG-0329,500X900,보(Y),DONG,B1F,500x900,3.78
500X600-B1F-DONG-1094,500X600,보(X),DONG,B1F,500x600,0.7171
500X600-B1F-DONG-1095,500X600,보(Y),DONG,B1F,500x600,1.2
500X600-B1F-DONG-1096,500X600,보(Y),DONG,B1F,500x600,1.2006
500X600-B1F-DONG-1097,500X600,보(X),DONG,B1F,500x600,0.6661
500X600-B1F-DONG-1098,500X600,보(X),DONG,B1F,500x600,0.6661
500X600-B1F-DONG-1099,500X600,보(X),DONG,B1F,500x600,1.536
500X600-B1F-DONG-1100,500X600,보(X),DONG,B1F,500x600,1.8345
500X600-B1F-DONG-1101,500X600,보(X),DONG,B1F,500x600,0.918
500X600-B1F-DONG-1102,500X600,보(X),DONG,B1F,500x600,0.5912
500X600-B1F-DONG-1103,500X600,보(X),DONG,B1F,500x600,1.2075
500X600-B1F-DONG-1104,500X600,보(X),DONG,B1F,500x600,0.918
500X600-B1F-DONG-1105,500X600,보(Y),DONG,B1F,500x600,1.2
500X600-B1F-DONG-1106,500X600,보(Y),DONG,B1F,500x600,1.2
500X600-B1F-DONG-1107,500X600,보(Y),DONG,B1F,500x600,1.2
400X800-B1F-DONG-0490,400X800,보(Y),DONG,B1F,400x800,1.2806
500X600-B1F-DONG-1108,500X600,보(Y),DONG,B1F,500x600,1.2
500X600-B1F-DONG-1109,500X600,보(Y),DONG,B1F,500x600,1.2
500X600-B1F-DONG-1110,500X600,보(X),DONG,B1F,500x600,0.7776
500X600-B1F-DONG-1111,500X600,보(X),DONG,B1F,500x600,0.6478
500X600-B1F-DONG-1112,500X600,보(Y),DONG,B1F,500x600,1.2115
500X600-B1F-DONG-1113,500X600,보(Y),DONG,B1F,500x600,1.2115
500X600-B1F-DONG-1114,500X600,보(Y),DONG,B1F,500x600,1.3623
500X600-B1F-DONG-1115,500X600,보(Y),DONG,B1F,500x600,1.2109
500X600-B1F-DONG-1116,500X600,보(X),DONG,B1F,500x600,1.536
500X600-B1F-DONG-1117,500X600,보(X),DONG,B1F,500x600,1.2075
500X600-B1F-DONG-1118,500X600,보(X),DONG,B1F,500x600,1.0933
500X600-B1F-DONG-1119,500X600,보(Y),DONG,B1F,500x600,0.15
1100X900-B1F-DONG-0021,1100X900,보(X),DONG,B1F,1100x900,8.6873
1100X900-B1F-DONG-0022,1100X900,보(X),DONG,B1F,1100x900,8.6266
600X900-B1F-DONG-0108,600X900,보(Y),DONG,B1F,600x900,4.391
600X900-B1F-DONG-0109,600X900,보(Y),DONG,B1F,600x900,4.0075
800X900-B1F-DONG-0052,800X900,보(Y),DONG,B1F,800x900,5.7345
800X900-B1F-DONG-0053,800X900,보(Y),DONG,B1F,800x900,5.8622
500X600-B1F-DONG-1120,500X600,보(X),DONG,B1F,500x600,1.0179
600X900-B1F-DONG-0110,600X900,보(Y),DONG,B1F,600x900,2.239
600X900-B1F-DONG-0111,600X900,보(Y),DONG,B1F,600x900,2.239
500X700-B1F-DONG-0016,500X700,보(Y),DONG,B1F,500x700,2.8855
500X700-B1F-DONG-0017,500X700,보(Y),DONG,B1F,500x700,2.8388
800X900-B1F-DONG-0054,800X900,보(Y),DONG,B1F,800x900,5.8714
800X900-B1F-DONG-0055,800X900,보(Y),DONG,B1F,800x900,5.8714
600X900-B1F-DONG-0112,600X900,보(Y),DONG,B1F,600x900,2.239
600X900-B1F-DONG-0113,600X900,보(Y),DONG,B1F,600x900,2.239
800X900-B1F-DONG-0056,800X900,보(Y),DONG,B1F,800x900,5.8975
500X600-B1F-DONG-1121,500X600,보(Y),DONG,B1F,500x600,2.4573
500X600-B1F-DONG-1122,500X600,보(X),DONG,B1F,500x600,2.4411
500X600-B1F-DONG-1123,500X600,보(X),DONG,B1F,500x600,2.4832
1200X900-B1F-DONG-0001,1200X900,보(X),DONG,B1F,1200x900,7.5198
1200X900-B1F-DONG-0002,1200X900,보(X),DONG,B1F,1200x900,7.7163
900X900-B1F-DONG-0038,900X900,보(Y),DONG,B1F,900x900,6.237
700X1500-B1F-DONG-0005,700X1500,보(Y),DONG,B1F,700x1500,8.085
900X900-B1F-DONG-0039,900X900,보(Y),DONG,B1F,900x900,6.237
900X900-B1F-DONG-0040,900X900,보(Y),DONG,B1F,900x900,6.1552
1100X900-B1F-DONG-0023,1100X900,보(Y),DONG,B1F,1100x900,8.118
1100X900-B1F-DONG-0024,1100X900,보(Y),DONG,B1F,1100x900,8.118
900X900-B1F-DONG-0041,900X900,보(X),DONG,B1F,900x900,0.729
900X900-B1F-DONG-0042,900X900,보(Y),DONG,B1F,900x900,3.645
900X900-B1F-DONG-0043,900X900,보(X),DONG,B1F,900x900,0.729
900X900-B1F-DONG-0044,900X900,보(X),DONG,B1F,900x900,0.729
900X900-B1F-DONG-0045,900X900,보(Y),DONG,B1F,900x900,6.318
400X800-B1F-DONG-0491,400X800,보(X),DONG,B1F,400x800,0.288
400X800-B1F-DONG-0492,400X800,보(X),DONG,B1F,400x800,0.288
900X900-B1F-DONG-0046,900X900,보(Y),DONG,B1F,900x900,6.723
900X900-B1F-DONG-0047,900X900,보(X),DONG,B1F,900x900,0.729
900X900-B1F-DONG-0048,900X900,보(X),DONG,B1F,900x900,0.729
900X900-B1F-DONG-0049,900X900,보(Y),DONG,B1F,900x900,6.723
500X900-B1F-DONG-0330,500X900,보(X),DONG,B1F,500x900,0.405
900X900-B1F-DONG-0050,900X900,보(X),DONG,B1F,900x900,0.729
900X900-B1F-DONG-0051,900X900,보(Y),DONG,B1F,900x900,3.24
900X900-B1F-DONG-0052,900X900,보(X),DONG,B1F,900x900,0.729
900X900-B1F-DONG-0053,900X900,보(X),DONG,B1F,900x900,0.729
900X900-B1F-DONG-0054,900X900,보(Y),DONG,B1F,900x900,5.994
900X900-B1F-DONG-0055,900X900,보(X),DONG,B1F,900x900,0.729
900X900-B1F-DONG-0056,900X900,보(X),DONG,B1F,900x900,0.729
900X900-B1F-DONG-0057,900X900,보(Y),DONG,B1F,900x900,6.399
900X900-B1F-DONG-0058,900X900,보(X),DONG,B1F,900x900,0.729
900X900-B1F-DONG-0059,900X900,보(X),DONG,B1F,900x900,0.729
900X900-B1F-DONG-0060,900X900,보(Y),DONG,B1F,900x900,6.399
500X900-B1F-DONG-0331,500X900,보(X),DONG,B1F,500x900,0.405
900X900-B1F-DONG-0061,900X900,보(X),DONG,B1F,900x900,0.729
900X900-B1F-DONG-0062,900X900,보(Y),DONG,B1F,900x900,3.24
900X900-B1F-DONG-0063,900X900,보(X),DONG,B1F,900x900,0.729
900X900-B1F-DONG-0064,900X900,보(X),DONG,B1F,900x900,0.729
900X900-B1F-DONG-0065,900X900,보(Y),DONG,B1F,900x900,5.994
900X900-B1F-DONG-0066,900X900,보(X),DONG,B1F,900x900,0.729
900X900-B1F-DONG-0067,900X900,보(X),DONG,B1F,900x900,0.729
900X900-B1F-DONG-0068,900X900,보(Y),DONG,B1F,900x900,6.399
900X900-B1F-DONG-0069,900X900,보(X),DONG,B1F,900x900,0.729
900X900-B1F-DONG-0070,900X900,보(X),DONG,B1F,900x900,0.729
900X900-B1F-DONG-0071,900X900,보(Y),DONG,B1F,900x900,6.399
500X900-B1F-DONG-0332,500X900,보(X),DONG,B1F,500x900,0.405
500X900-B1F-DONG-0333,500X900,보(X),DONG,B1F,500x900,0.405
900X900-B1F-DONG-0072,900X900,보(Y),DONG,B1F,900x900,3.1572
900X900-B1F-DONG-0073,900X900,보(X),DONG,B1F,900x900,0.729
900X900-B1F-DONG-0074,900X900,보(X),DONG,B1F,900x900,0.729
900X900-B1F-DONG-0075,900X900,보(Y),DONG,B1F,900x900,6.0768
900X900-B1F-DONG-0076,900X900,보(X),DONG,B1F,900x900,0.729
900X900-B1F-DONG-0077,900X900,보(X),DONG,B1F,900x900,0.729
900X900-B1F-DONG-0078,900X900,보(Y),DONG,B1F,900x900,6.399
900X900-B1F-DONG-0079,900X900,보(X),DONG,B1F,900x900,0.729
900X900-B1F-DONG-0080,900X900,보(X),DONG,B1F,900x900,0.729
900X900-B1F-DONG-0081,900X900,보(Y),DONG,B1F,900x900,6.399
500X900-B1F-DONG-0334,500X900,보(X),DONG,B1F,500x900,0.405
900X900-B1F-DONG-0082,900X900,보(X),DONG,B1F,900x900,0.729
900X900-B1F-DONG-0083,900X900,보(Y),DONG,B1F,900x900,6.0768
900X900-B1F-DONG-0084,900X900,보(X),DONG,B1F,900x900,0.729
900X900-B1F-DONG-0085,900X900,보(X),DONG,B1F,900x900,0.729
900X900-B1F-DONG-0086,900X900,보(Y),DONG,B1F,900x900,6.399
900X900-B1F-DONG-0087,900X900,보(X),DONG,B1F,900x900,0.729
900X900-B1F-DONG-0088,900X900,보(X),DONG,B1F,900x900,0.729
900X900-B1F-DONG-0089,900X900,보(Y),DONG,B1F,900x900,6.399
500X900-B1F-DONG-0335,500X900,보(X),DONG,B1F,500x900,0.405
900X900-B1F-DONG-0090,900X900,보(X),DONG,B1F,900x900,0.729
900X900-B1F-DONG-0091,900X900,보(Y),DONG,B1F,900x900,6.0768
900X900-B1F-DONG-0092,900X900,보(X),DONG,B1F,900x900,0.729
900X900-B1F-DONG-0093,900X900,보(X),DONG,B1F,900x900,0.729
900X900-B1F-DONG-0094,900X900,보(Y),DONG,B1F,900x900,6.399
900X900-B1F-DONG-0095,900X900,보(X),DONG,B1F,900x900,0.729
900X900-B1F-DONG-0096,900X900,보(X),DONG,B1F,900x900,0.729
900X900-B1F-DONG-0097,900X900,보(Y),DONG,B1F,900x900,6.399
500X900-B1F-DONG-0336,500X900,보(X),DONG,B1F,500x900,0.405
900X900-B1F-DONG-0098,900X900,보(X),DONG,B1F,900x900,0.729
900X900-B1F-DONG-0099,900X900,보(Y),DONG,B1F,900x900,6.156
1000X900-B1F-DONG-0009,1000X900,보(X),DONG,B1F,1000x900,0.81
900X900-B1F-DONG-0100,900X900,보(X),DONG,B1F,900x900,0.729
900X900-B1F-DONG-0101,900X900,보(Y),DONG,B1F,900x900,6.318
500X900-B1F-DONG-0337,500X900,보(X),DONG,B1F,500x900,0.405
900X900-B1F-DONG-0102,900X900,보(X),DONG,B1F,900x900,0.729
900X900-B1F-DONG-0103,900X900,보(Y),DONG,B1F,900x900,6.156
900X900-B1F-DONG-0104,900X900,보(X),DONG,B1F,900x900,0.729
900X900-B1F-DONG-0105,900X900,보(X),DONG,B1F,900x900,0.729
900X900-B1F-DONG-0106,900X900,보(Y),DONG,B1F,900x900,6.318
500X900-B1F-DONG-0338,500X900,보(X),DONG,B1F,500x900,0.405
900X900-B1F-DONG-0107,900X900,보(X),DONG,B1F,900x900,0.729
900X900-B1F-DONG-0108,900X900,보(Y),DONG,B1F,900x900,6.156
900X900-B1F-DONG-0109,900X900,보(X),DONG,B1F,900x900,0.729
900X900-B1F-DONG-0110,900X900,보(X),DONG,B1F,900x900,0.729
900X900-B1F-DONG-0111,900X900,보(Y),DONG,B1F,900x900,6.318
500X900-B1F-DONG-0339,500X900,보(X),DONG,B1F,500x900,0.405
900X900-B1F-DONG-0112,900X900,보(X),DONG,B1F,900x900,0.729
900X900-B1F-DONG-0113,900X900,보(Y),DONG,B1F,900x900,6.156
900X900-B1F-DONG-0114,900X900,보(X),DONG,B1F,900x900,0.729
900X900-B1F-DONG-0115,900X900,보(X),DONG,B1F,900x900,0.729
900X900-B1F-DONG-0116,900X900,보(Y),DONG,B1F,900x900,6.318
500X900-B1F-DONG-0340,500X900,보(X),DONG,B1F,500x900,0.405
600X900-B1F-DONG-0114,600X900,보(X),DONG,B1F,600x900,0.486
900X900-B1F-DONG-0117,900X900,보(Y),DONG,B1F,900x900,6.156
400X800-B1F-DONG-0493,400X800,보(X),DONG,B1F,400x800,0.288
400X800-B1F-DONG-0494,400X800,보(X),DONG,B1F,400x800,0.288
900X900-B1F-DONG-0118,900X900,보(Y),DONG,B1F,900x900,5.7949
400X800-B1F-DONG-0495,400X800,보(X),DONG,B1F,400x800,0.3853
900X900-B1F-DONG-0119,900X900,보(X),DONG,B1F,900x900,0.729
900X900-B1F-DONG-0120,900X900,보(Y),DONG,B1F,900x900,6.156
900X900-B1F-DONG-0121,900X900,보(X),DONG,B1F,900x900,0.729
900X900-B1F-DONG-0122,900X900,보(X),DONG,B1F,900x900,0.729
400X800-B1F-DONG-0496,400X800,보(Y),DONG,B1F,400x800,2.496
500X900-B1F-DONG-0341,500X900,보(X),DONG,B1F,500x900,0.405
900X900-B1F-DONG-0123,900X900,보(X),DONG,B1F,900x900,0.729
900X900-B1F-DONG-0124,900X900,보(Y),DONG,B1F,900x900,6.156
900X900-B1F-DONG-0125,900X900,보(X),DONG,B1F,900x900,0.729
900X900-B1F-DONG-0126,900X900,보(X),DONG,B1F,900x900,0.729
900X900-B1F-DONG-0127,900X900,보(Y),DONG,B1F,900x900,6.318
500X900-B1F-DONG-0342,500X900,보(X),DONG,B1F,500x900,0.405
700X900-B1F-DONG-0115,700X900,보(X),DONG,B1F,700x900,0.567
900X900-B1F-DONG-0128,900X900,보(Y),DONG,B1F,900x900,6.156
900X900-B1F-DONG-0129,900X900,보(X),DONG,B1F,900x900,0.729
900X900-B1F-DONG-0130,900X900,보(X),DONG,B1F,900x900,0.729
900X900-B1F-DONG-0131,900X900,보(Y),DONG,B1F,900x900,6.1492
400X800-B1F-DONG-0497,400X800,보(X),DONG,B1F,400x800,0.6369
600X900-B1F-DONG-0115,600X900,보(X),DONG,B1F,600x900,0.486
900X900-B1F-DONG-0132,900X900,보(Y),DONG,B1F,900x900,6.642
600X900-B1F-DONG-0116,600X900,보(X),DONG,B1F,600x900,0.486
900X900-B1F-DONG-0133,900X900,보(X),DONG,B1F,900x900,0.729
900X900-B1F-DONG-0134,900X900,보(Y),DONG,B1F,900x900,6.156
900X900-B1F-DONG-0135,900X900,보(X),DONG,B1F,900x900,0.729
900X900-B1F-DONG-0136,900X900,보(X),DONG,B1F,900x900,0.729
900X900-B1F-DONG-0137,900X900,보(Y),DONG,B1F,900x900,6.156
900X900-B1F-DONG-0138,900X900,보(X),DONG,B1F,900x900,0.729
900X900-B1F-DONG-0139,900X900,보(Y),DONG,B1F,900x900,7.2125
600X1500-B1F-DONG-0012,600X1500,보(X),DONG,B1F,600x1500,0.81
900X900-B1F-DONG-0140,900X900,보(Y),DONG,B1F,900x900,6.4915
900X900-B1F-DONG-0141,900X900,보(X),DONG,B1F,900x900,0.729
900X900-B1F-DONG-0142,900X900,보(Y),DONG,B1F,900x900,6.318
600X1500-B1F-DONG-0013,600X1500,보(X),DONG,B1F,600x1500,0.81
900X900-B1F-DONG-0143,900X900,보(Y),DONG,B1F,900x900,6.966
600X1500-B1F-DONG-0014,600X1500,보(X),DONG,B1F,600x1500,0.81
900X900-B1F-DONG-0144,900X900,보(Y),DONG,B1F,900x900,6.4915
500X700-B1F-DONG-0018,500X700,보(X),DONG,B1F,500x700,0.315
900X900-B1F-DONG-0145,900X900,보(Y),DONG,B1F,900x900,6.318
600X1500-B1F-DONG-0015,600X1500,보(X),DONG,B1F,600x1500,0.81
700X600-B1F-DONG-0209,700X600,보(Y),DONG,B1F,700x600,3.612
600X1500-B1F-DONG-0016,600X1500,보(X),DONG,B1F,600x1500,0.81
900X900-B1F-DONG-0146,900X900,보(Y),DONG,B1F,900x900,6.4915
900X900-B1F-DONG-0147,900X900,보(X),DONG,B1F,900x900,0.729
900X900-B1F-DONG-0148,900X900,보(Y),DONG,B1F,900x900,6.318
600X1500-B1F-DONG-0017,600X1500,보(X),DONG,B1F,600x1500,0.81
900X900-B1F-DONG-0149,900X900,보(Y),DONG,B1F,900x900,6.966
500X600-B1F-DONG-1124,500X600,보(X),DONG,B1F,500x600,0.27
900X900-B1F-DONG-0150,900X900,보(Y),DONG,B1F,900x900,6.4915
900X900-B1F-DONG-0151,900X900,보(X),DONG,B1F,900x900,0.729
900X900-B1F-DONG-0152,900X900,보(Y),DONG,B1F,900x900,6.318
500X600-B1F-DONG-1125,500X600,보(X),DONG,B1F,500x600,0.27
900X900-B1F-DONG-0153,900X900,보(Y),DONG,B1F,900x900,6.966
500X600-B1F-DONG-1126,500X600,보(X),DONG,B1F,500x600,0.27
900X900-B1F-DONG-0154,900X900,보(Y),DONG,B1F,900x900,6.4915
600X1200-B1F-DONG-0009,600X1200,보(X),DONG,B1F,600x1200,0.648
900X900-B1F-DONG-0155,900X900,보(Y),DONG,B1F,900x900,6.318
500X600-B1F-DONG-1127,500X600,보(X),DONG,B1F,500x600,0.27
900X900-B1F-DONG-0156,900X900,보(Y),DONG,B1F,900x900,6.966
500X600-B1F-DONG-1128,500X600,보(X),DONG,B1F,500x600,0.27
500X600-B1F-DONG-1129,500X600,보(Y),DONG,B1F,500x600,2.4043
700X1700-B1F-DONG-0003,700X1700,보(X),DONG,B1F,700x1700,1.071
900X900-B1F-DONG-0157,900X900,보(Y),DONG,B1F,900x900,6.318
500X600-B1F-DONG-1130,500X600,보(X),DONG,B1F,500x600,0.27
900X900-B1F-DONG-0158,900X900,보(X),DONG,B1F,900x900,0.729
900X900-B1F-DONG-0159,900X900,보(Y),DONG,B1F,900x900,6.318
900X900-B1F-DONG-0160,900X900,보(X),DONG,B1F,900x900,0.729
500X600-B1F-DONG-1131,500X600,보(X),DONG,B1F,500x600,0.27
900X900-B1F-DONG-0161,900X900,보(Y),DONG,B1F,900x900,6.156
400X800-B1F-DONG-0498,400X800,보(X),DONG,B1F,400x800,0.288
400X800-B1F-DONG-0499,400X800,보(X),DONG,B1F,400x800,0.288
500X600-B1F-DONG-1132,500X600,보(Y),DONG,B1F,500x600,2.34
400X800-B1F-DONG-0500,400X800,보(X),DONG,B1F,400x800,0.288
500X600-B1F-DONG-1133,500X600,보(X),DONG,B1F,500x600,0.27
900X900-B1F-DONG-0162,900X900,보(Y),DONG,B1F,900x900,6.318
400X800-B1F-DONG-0501,400X800,보(X),DONG,B1F,400x800,0.288
500X600-B1F-DONG-1134,500X600,보(X),DONG,B1F,500x600,0.27
500X600-B1F-DONG-1135,500X600,보(Y),DONG,B1F,500x600,2.28
500X600-B1F-DONG-1136,500X600,보(X),DONG,B1F,500x600,0.27
400X800-B1F-DONG-0502,400X800,보(X),DONG,B1F,400x800,0.288
900X900-B1F-DONG-0163,900X900,보(Y),DONG,B1F,900x900,6.318
500X600-B1F-DONG-1137,500X600,보(X),DONG,B1F,500x600,0.27
900X900-B1F-DONG-0164,900X900,보(Y),DONG,B1F,900x900,3.159
900X900-B1F-DONG-0165,900X900,보(X),DONG,B1F,900x900,0.729
900X900-B1F-DONG-0166,900X900,보(Y),DONG,B1F,900x900,2.511
700X600-B1F-DONG-0210,700X600,보(X),DONG,B1F,700x600,0.378
900X900-B1F-DONG-0167,900X900,보(X),DONG,B1F,900x900,0.729
900X900-B1F-DONG-0168,900X900,보(Y),DONG,B1F,900x900,2.511
700X600-B1F-DONG-0211,700X600,보(X),DONG,B1F,700x600,0.378
900X900-B1F-DONG-0169,900X900,보(X),DONG,B1F,900x900,0.729
900X900-B1F-DONG-0170,900X900,보(Y),DONG,B1F,900x900,6.237
900X900-B1F-DONG-0171,900X900,보(X),DONG,B1F,900x900,0.729
900X900-B1F-DONG-0172,900X900,보(X),DONG,B1F,900x900,0.729
900X900-B1F-DONG-0173,900X900,보(Y),DONG,B1F,900x900,5.67
500X900-B1F-DONG-0343,500X900,보(X),DONG,B1F,500x900,0.405
900X900-B1F-DONG-0174,900X900,보(Y),DONG,B1F,900x900,6.57
900X900-B1F-DONG-0175,900X900,보(X),DONG,B1F,900x900,0.729
900X900-B1F-DONG-0176,900X900,보(Y),DONG,B1F,900x900,6.8059
900X900-B1F-DONG-0177,900X900,보(Y),DONG,B1F,900x900,3.483
900X900-B1F-DONG-0178,900X900,보(X),DONG,B1F,900x900,0.729
900X900-B1F-DONG-0179,900X900,보(Y),DONG,B1F,900x900,6.734
800X1500-B1F-DONG-0010,800X1500,보(Y),DONG,B1F,800x1500,10.44
900X900-B1F-DONG-0180,900X900,보(Y),DONG,B1F,900x900,7.047
900X900-B1F-DONG-0181,900X900,보(Y),DONG,B1F,900x900,7.047
500X900-B1F-DONG-0344,500X900,보(X),DONG,B1F,500x900,0.405
900X900-B1F-DONG-0182,900X900,보(Y),DONG,B1F,900x900,6.723
400X800-B1F-DONG-0503,400X800,보(X),DONG,B1F,400x800,0.288
900X900-B1F-DONG-0183,900X900,보(Y),DONG,B1F,900x900,6.885
900X900-B1F-DONG-0184,900X900,보(Y),DONG,B1F,900x900,6.885
900X900-B1F-DONG-0185,900X900,보(Y),DONG,B1F,900x900,6.2615
600X1800-B1F-DONG-0007,600X1800,보(X),DONG,B1F,600x1800,1.0256
900X900-B1F-DONG-0186,900X900,보(Y),DONG,B1F,900x900,6.885
400X800-B1F-DONG-0504,400X800,보(X),DONG,B1F,400x800,0.288
900X900-B1F-DONG-0187,900X900,보(Y),DONG,B1F,900x900,6.561
400X800-B1F-DONG-0505,400X800,보(X),DONG,B1F,400x800,0.288
900X900-B1F-DONG-0188,900X900,보(Y),DONG,B1F,900x900,6.642
900X900-B1F-DONG-0189,900X900,보(Y),DONG,B1F,900x900,6.642
900X900-B1F-DONG-0190,900X900,보(Y),DONG,B1F,900x900,6.642
400X800-B1F-DONG-0506,400X800,보(X),DONG,B1F,400x800,0.288
900X900-B1F-DONG-0191,900X900,보(Y),DONG,B1F,900x900,6.318
700X600-B1F-DONG-0212,700X600,보(X),DONG,B1F,700x600,0.378
500X700-B1F-DONG-0019,500X700,보(X),DONG,B1F,500x700,0.315
900X900-B1F-DONG-0192,900X900,보(Y),DONG,B1F,900x900,6.156
400X800-B1F-DONG-0507,400X800,보(X),DONG,B1F,400x800,0.288
900X900-B1F-DONG-0193,900X900,보(X),DONG,B1F,900x900,0.729
900X900-B1F-DONG-0194,900X900,보(Y),DONG,B1F,900x900,6.156
400X800-B1F-DONG-0508,400X800,보(X),DONG,B1F,400x800,0.288
600X1500-B1F-DONG-0018,600X1500,보(X),DONG,B1F,600x1500,0.81
900X900-B1F-DONG-0195,900X900,보(Y),DONG,B1F,900x900,6.156
400X800-B1F-DONG-0509,400X800,보(X),DONG,B1F,400x800,0.288
900X900-B1F-DONG-0196,900X900,보(X),DONG,B1F,900x900,0.729
900X900-B1F-DONG-0197,900X900,보(Y),DONG,B1F,900x900,6.156
400X800-B1F-DONG-0510,400X800,보(X),DONG,B1F,400x800,0.288
400X800-B1F-DONG-0511,400X800,보(X),DONG,B1F,400x800,0.288
900X900-B1F-DONG-0198,900X900,보(Y),DONG,B1F,900x900,6.156
400X800-B1F-DONG-0512,400X800,보(X),DONG,B1F,400x800,0.288
400X800-B1F-DONG-0513,400X800,보(X),DONG,B1F,400x800,0.288
900X900-B1F-DONG-0199,900X900,보(Y),DONG,B1F,900x900,6.156
400X900_EST-B1F-DONG-0038,400X900_EST,보(X),DONG,B1F,400x900,0.324
900X900-B1F-DONG-0200,900X900,보(X),DONG,B1F,900x900,0.729
900X900-B1F-DONG-0201,900X900,보(Y),DONG,B1F,900x900,6.156
400X800-B1F-DONG-0514,400X800,보(X),DONG,B1F,400x800,0.288
400X800-B1F-DONG-0515,400X800,보(X),DONG,B1F,400x800,0.288
900X900-B1F-DONG-0202,900X900,보(Y),DONG,B1F,900x900,6.156
400X800-B1F-DONG-0516,400X800,보(X),DONG,B1F,400x800,0.288
700X900-B1F-DONG-0116,700X900,보(X),DONG,B1F,700x900,0.567
900X900-B1F-DONG-0203,900X900,보(Y),DONG,B1F,900x900,5.6534
400X800-B1F-DONG-0517,400X800,보(X),DONG,B1F,400x800,0.44
400X800-B1F-DONG-0518,400X800,보(X),DONG,B1F,400x800,0.288
900X900-B1F-DONG-0204,900X900,보(Y),DONG,B1F,900x900,6.9852
700X900-B1F-DONG-0117,700X900,보(X),DONG,B1F,700x900,1.114
900X900-B1F-DONG-0205,900X900,보(X),DONG,B1F,900x900,6.6531
500X900-B1F-DONG-0345,500X900,보(X),DONG,B1F,500x900,0.405
900X900-B1F-DONG-0206,900X900,보(X),DONG,B1F,900x900,0.729
900X900-B1F-DONG-0207,900X900,보(Y),DONG,B1F,900x900,6.156
600X900-B1F-DONG-0117,600X900,보(X),DONG,B1F,600x900,0.486
600X900-B1F-DONG-0118,600X900,보(X),DONG,B1F,600x900,0.486
900X900-B1F-DONG-0208,900X900,보(Y),DONG,B1F,900x900,6.318
500X900-B1F-DONG-0346,500X900,보(X),DONG,B1F,500x900,0.405
1500X1000-B1F-DONG-0001,1500X1000,보(X),DONG,B1F,1500x1000,2.8661
900X900-B1F-DONG-0209,900X900,보(Y),DONG,B1F,900x900,5.4688
900X900-B1F-DONG-0210,900X900,보(X),DONG,B1F,900x900,0.729
900X900-B1F-DONG-0211,900X900,보(Y),DONG,B1F,900x900,6.156
900X900-B1F-DONG-0212,900X900,보(X),DONG,B1F,900x900,0.729
900X900-B1F-DONG-0213,900X900,보(X),DONG,B1F,900x900,0.729
900X900-B1F-DONG-0214,900X900,보(Y),DONG,B1F,900x900,6.318
600X900-B1F-DONG-0119,600X900,보(X),DONG,B1F,600x900,0.486
900X900-B1F-DONG-0215,900X900,보(X),DONG,B1F,900x900,0.729
900X900-B1F-DONG-0216,900X900,보(Y),DONG,B1F,900x900,6.156
900X900-B1F-DONG-0217,900X900,보(X),DONG,B1F,900x900,0.729
900X900-B1F-DONG-0218,900X900,보(X),DONG,B1F,900x900,0.729
900X900-B1F-DONG-0219,900X900,보(Y),DONG,B1F,900x900,6.318
600X900-B1F-DONG-0120,600X900,보(X),DONG,B1F,600x900,0.486
400X800-B1F-DONG-0519,400X800,보(X),DONG,B1F,400x800,0.288
900X900-B1F-DONG-0220,900X900,보(Y),DONG,B1F,900x900,6.156
400X800-B1F-DONG-0520,400X800,보(X),DONG,B1F,400x800,0.288
400X800-B1F-DONG-0521,400X800,보(X),DONG,B1F,400x800,0.288
900X900-B1F-DONG-0221,900X900,보(Y),DONG,B1F,900x900,6.318
600X900-B1F-DONG-0121,600X900,보(X),DONG,B1F,600x900,0.486
900X900-B1F-DONG-0222,900X900,보(Y),DONG,B1F,900x900,6.48
400X800-B1F-DONG-0522,400X800,보(X),DONG,B1F,400x800,0.5394
400X800-B1F-DONG-0523,400X800,보(X),DONG,B1F,400x800,0.5174
900X900-B1F-DONG-0223,900X900,보(X),DONG,B1F,900x900,6.2771
600X900-B1F-DONG-0122,600X900,보(X),DONG,B1F,600x900,0.486
500X900-B1F-DONG-0347,500X900,보(X),DONG,B1F,500x900,0.405
900X900-B1F-DONG-0224,900X900,보(Y),DONG,B1F,900x900,6.156
500X900-B1F-DONG-0348,500X900,보(X),DONG,B1F,500x900,0.405
500X900-B1F-DONG-0349,500X900,보(X),DONG,B1F,500x900,0.405
900X900-B1F-DONG-0225,900X900,보(Y),DONG,B1F,900x900,6.318
500X900-B1F-DONG-0350,500X900,보(X),DONG,B1F,500x900,0.405
400X900-B1F-DONG-0008,400X900,보(X),DONG,B1F,400x900,1.602
700X900-B1F-DONG-0118,700X900,보(X),DONG,B1F,700x900,0.315
500X900-B1F-DONG-0351,500X900,보(Y),DONG,B1F,500x900,3.375
700X900-B1F-DONG-0119,700X900,보(X),DONG,B1F,700x900,0.315
700X900-B1F-DONG-0120,700X900,보(X),DONG,B1F,700x900,0.315
500X900-B1F-DONG-0352,500X900,보(Y),DONG,B1F,500x900,3.6
700X900-B1F-DONG-0121,700X900,보(X),DONG,B1F,700x900,0.315
600X900-B1F-DONG-0123,600X900,보(X),DONG,B1F,600x900,0.27
500X900-B1F-DONG-0353,500X900,보(Y),DONG,B1F,500x900,3.6225
700X900-B1F-DONG-0122,700X900,보(X),DONG,B1F,700x900,0.315
500X900-B1F-DONG-0354,500X900,보(Y),DONG,B1F,500x900,0.405
900X900-B1F-DONG-0226,900X900,보(X),DONG,B1F,900x900,6.0345
500X600-B1F-DONG-1138,500X600,보(Y),DONG,B1F,500x600,0.27
900X900-B1F-DONG-0227,900X900,보(Y),DONG,B1F,900x900,0.486
600X900-B1F-DONG-0124,600X900,보(X),DONG,B1F,600x900,4.0393
500X600-B1F-DONG-1139,500X600,보(Y),DONG,B1F,500x600,0.18
800X900-B1F-DONG-0057,800X900,보(Y),DONG,B1F,800x900,0.432
600X900-B1F-DONG-0125,600X900,보(X),DONG,B1F,600x900,1.9278
900X900-B1F-DONG-0228,900X900,보(Y),DONG,B1F,900x900,0.486
900X900-B1F-DONG-0229,900X900,보(Y),DONG,B1F,900x900,0.486
600X900-B1F-DONG-0126,600X900,보(X),DONG,B1F,600x900,2.862
800X900-B1F-DONG-0058,800X900,보(Y),DONG,B1F,800x900,0.432
900X900-B1F-DONG-0230,900X900,보(Y),DONG,B1F,900x900,0.486
600X900-B1F-DONG-0127,600X900,보(X),DONG,B1F,600x900,3.5099
900X900-B1F-DONG-0231,900X900,보(Y),DONG,B1F,900x900,0.486
900X900-B1F-DONG-0232,900X900,보(Y),DONG,B1F,900x900,0.486
600X900-B1F-DONG-0128,600X900,보(X),DONG,B1F,600x900,3.6449
900X900-B1F-DONG-0233,900X900,보(Y),DONG,B1F,900x900,0.486
500X900-B1F-DONG-0355,500X900,보(Y),DONG,B1F,500x900,0.315
700X900-B1F-DONG-0123,700X900,보(X),DONG,B1F,700x900,4.2589
600X900-B1F-DONG-0129,600X900,보(Y),DONG,B1F,600x900,0.378
900X900-B1F-DONG-0234,900X900,보(Y),DONG,B1F,900x900,0.486
600X900-B1F-DONG-0130,600X900,보(X),DONG,B1F,600x900,4.7357
900X900-B1F-DONG-0235,900X900,보(Y),DONG,B1F,900x900,0.486
900X900-B1F-DONG-0236,900X900,보(Y),DONG,B1F,900x900,0.486
600X900-B1F-DONG-0131,600X900,보(X),DONG,B1F,600x900,3.726
900X900-B1F-DONG-0237,900X900,보(Y),DONG,B1F,900x900,0.486
600X900-B1F-DONG-0132,600X900,보(X),DONG,B1F,600x900,3.726
900X900-B1F-DONG-0238,900X900,보(Y),DONG,B1F,900x900,0.486
400X900_EST-B1F-DONG-0039,400X900_EST,보(Y),DONG,B1F,400x900,0.252
700X900-B1F-DONG-0124,700X900,보(X),DONG,B1F,700x900,4.6619
500X900-B1F-DONG-0356,500X900,보(Y),DONG,B1F,500x900,0.315
900X900-B1F-DONG-0239,900X900,보(X),DONG,B1F,900x900,0.486
600X900-B1F-DONG-0133,600X900,보(Y),DONG,B1F,600x900,4.0206
1000X900-B1F-DONG-0010,1000X900,보(X),DONG,B1F,1000x900,0.54
600X900-B1F-DONG-0134,600X900,보(Y),DONG,B1F,600x900,4.0225
900X900-B1F-DONG-0240,900X900,보(X),DONG,B1F,900x900,0.486
1100X900-B1F-DONG-0025,1100X900,보(X),DONG,B1F,1100x900,0.594
600X900-B1F-DONG-0135,600X900,보(Y),DONG,B1F,600x900,3.9149
700X900-B1F-DONG-0125,700X900,보(X),DONG,B1F,700x900,0.378
700X900-B1F-DONG-0126,700X900,보(X),DONG,B1F,700x900,0.3895
700X900-B1F-DONG-0127,700X900,보(Y),DONG,B1F,700x900,0.8778
700X900-B1F-DONG-0128,700X900,보(X),DONG,B1F,700x900,0.378
700X900-B1F-DONG-0129,700X900,보(Y),DONG,B1F,700x900,0.9718
700X900-B1F-DONG-0130,700X900,보(X),DONG,B1F,700x900,0.378
600X900-B1F-DONG-0136,600X900,보(Y),DONG,B1F,600x900,4.0986
1100X900-B1F-DONG-0026,1100X900,보(X),DONG,B1F,1100x900,0.594
700X900-B1F-DONG-0131,700X900,보(Y),DONG,B1F,700x900,3.6146
700X900-B1F-DONG-0132,700X900,보(X),DONG,B1F,700x900,0.441
700X900-B1F-DONG-0133,700X900,보(Y),DONG,B1F,700x900,3.7246
600X900-B1F-DONG-0137,600X900,보(X),DONG,B1F,600x900,0.378
700X900-B1F-DONG-0134,700X900,보(Y),DONG,B1F,700x900,4.9699
600X900-B1F-DONG-0138,600X900,보(X),DONG,B1F,600x900,0.378
1100X900-B1F-DONG-0027,1100X900,보(X),DONG,B1F,1100x900,0.6931
700X900-B1F-DONG-0135,700X900,보(Y),DONG,B1F,700x900,4.7563
1000X900-B1F-DONG-0011,1000X900,보(X),DONG,B1F,1000x900,0.6301
500X900-B1F-DONG-0357,500X900,보(X),DONG,B1F,500x900,0.405
900X900-B1F-DONG-0241,900X900,보(Y),DONG,B1F,900x900,7.8651
500X900-B1F-DONG-0358,500X900,보(X),DONG,B1F,500x900,0.4054
700X900-B1F-DONG-0136,700X900,보(X),DONG,B1F,700x900,0.567
900X900-B1F-DONG-0242,900X900,보(Y),DONG,B1F,900x900,7.7031
700X900-B1F-DONG-0137,700X900,보(X),DONG,B1F,700x900,0.5675
700X900-B1F-DONG-0138,700X900,보(X),DONG,B1F,700x900,0.441
700X900-B1F-DONG-0139,700X900,보(Y),DONG,B1F,700x900,5.9913
700X900-B1F-DONG-0140,700X900,보(X),DONG,B1F,700x900,0.4415
700X900-B1F-DONG-0141,700X900,보(X),DONG,B1F,700x900,0.441
700X900-B1F-DONG-0142,700X900,보(Y),DONG,B1F,700x900,2.5325
700X900-B1F-DONG-0143,700X900,보(X),DONG,B1F,700x900,0.4415
600X900-B1F-DONG-0139,600X900,보(Y),DONG,B1F,600x900,0.324
600X900-B1F-DONG-0140,600X900,보(X),DONG,B1F,600x900,4.1252
500X900-B1F-DONG-0359,500X900,보(Y),DONG,B1F,500x900,0.27
600X900-B1F-DONG-0141,600X900,보(Y),DONG,B1F,600x900,0.3339
600X900-B1F-DONG-0142,600X900,보(X),DONG,B1F,600x900,2.3046
600X900-B1F-DONG-0143,600X900,보(Y),DONG,B1F,600x900,0.324
500X900-B1F-DONG-0360,500X900,보(Y),DONG,B1F,500x900,0.27
600X900-B1F-DONG-0144,600X900,보(X),DONG,B1F,600x900,4.0501
700X900-B1F-DONG-0144,700X900,보(Y),DONG,B1F,700x900,0.378
700X900-B1F-DONG-0145,700X900,보(X),DONG,B1F,700x900,0.441
700X900-B1F-DONG-0146,700X900,보(Y),DONG,B1F,700x900,4.7278
1100X900-B1F-DONG-0028,1100X900,보(X),DONG,B1F,1100x900,0.6931
700X900-B1F-DONG-0147,700X900,보(X),DONG,B1F,700x900,0.4546
700X900-B1F-DONG-0148,700X900,보(Y),DONG,B1F,700x900,1.4711
700X900-B1F-DONG-0149,700X900,보(X),DONG,B1F,700x900,0.441
800X900-B1F-DONG-0059,800X900,보(X),DONG,B1F,800x900,0.4452
600X900-B1F-DONG-0145,600X900,보(Y),DONG,B1F,600x900,1.8209
600X900-B1F-DONG-0146,600X900,보(X),DONG,B1F,600x900,0.324
500X900-B1F-DONG-0361,500X900,보(Y),DONG,B1F,500x900,1.7325
500X900-B1F-DONG-0362,500X900,보(X),DONG,B1F,500x900,0.225
700X900-B1F-DONG-0150,700X900,보(X),DONG,B1F,700x900,0.441
700X900-B1F-DONG-0151,700X900,보(Y),DONG,B1F,700x900,2.583
800X900-B1F-DONG-0060,800X900,보(X),DONG,B1F,800x900,0.504
600X900-B1F-DONG-0147,600X900,보(X),DONG,B1F,600x900,0.378
700X900-B1F-DONG-0152,700X900,보(Y),DONG,B1F,700x900,2.646
800X900-B1F-DONG-0061,800X900,보(X),DONG,B1F,800x900,0.504
700X900-B1F-DONG-0153,700X900,보(X),DONG,B1F,700x900,0.4478
700X900-B1F-DONG-0154,700X900,보(Y),DONG,B1F,700x900,2.9617
900X900-B1F-DONG-0243,900X900,보(X),DONG,B1F,900x900,0.567
900X900-B1F-DONG-0244,900X900,보(X),DONG,B1F,900x900,0.486
600X900-B1F-DONG-0148,600X900,보(Y),DONG,B1F,600x900,4.077
600X900-B1F-DONG-0149,600X900,보(X),DONG,B1F,600x900,0.324
800X900-B1F-DONG-0062,800X900,보(X),DONG,B1F,800x900,0.432
600X900-B1F-DONG-0150,600X900,보(Y),DONG,B1F,600x900,4.077
800X900-B1F-DONG-0063,800X900,보(X),DONG,B1F,800x900,0.432
800X900-B1F-DONG-0064,800X900,보(X),DONG,B1F,800x900,0.432
600X900-B1F-DONG-0151,600X900,보(Y),DONG,B1F,600x900,4.104
800X900-B1F-DONG-0065,800X900,보(X),DONG,B1F,800x900,0.432
600X900-B1F-DONG-0152,600X900,보(X),DONG,B1F,600x900,0.27
500X900-B1F-DONG-0363,500X900,보(Y),DONG,B1F,500x900,3.51
600X900-B1F-DONG-0153,600X900,보(X),DONG,B1F,600x900,0.27
600X900-B1F-DONG-0154,600X900,보(X),DONG,B1F,600x900,0.27
500X900-B1F-DONG-0364,500X900,보(Y),DONG,B1F,500x900,2.115
500X900-B1F-DONG-0365,500X900,보(X),DONG,B1F,500x900,0.225
700X900-B1F-DONG-0155,700X900,보(X),DONG,B1F,700x900,0.315
500X900-B1F-DONG-0366,500X900,보(Y),DONG,B1F,500x900,3.2175
600X900-B1F-DONG-0155,600X900,보(X),DONG,B1F,600x900,0.27
700X900-B1F-DONG-0156,700X900,보(X),DONG,B1F,700x900,0.315
500X900-B1F-DONG-0367,500X900,보(Y),DONG,B1F,500x900,3.51
700X900-B1F-DONG-0157,700X900,보(X),DONG,B1F,700x900,0.315
700X900-B1F-DONG-0158,700X900,보(X),DONG,B1F,700x900,0.315
500X900-B1F-DONG-0368,500X900,보(Y),DONG,B1F,500x900,3.51
700X900-B1F-DONG-0159,700X900,보(X),DONG,B1F,700x900,0.315
700X900-B1F-DONG-0160,700X900,보(X),DONG,B1F,700x900,1.2076
700X900-B1F-DONG-0161,700X900,보(X),DONG,B1F,700x900,0.315
500X900-B1F-DONG-0369,500X900,보(Y),DONG,B1F,500x900,3.465
700X900-B1F-DONG-0162,700X900,보(X),DONG,B1F,700x900,0.315
500X900-B1F-DONG-0370,500X900,보(X),DONG,B1F,500x900,0.225
500X900-B1F-DONG-0371,500X900,보(Y),DONG,B1F,500x900,1.6425
700X900-B1F-DONG-0163,700X900,보(X),DONG,B1F,700x900,0.315
600X900-B1F-DONG-0156,600X900,보(X),DONG,B1F,600x900,0.324
600X900-B1F-DONG-0157,600X900,보(Y),DONG,B1F,600x900,1.89
800X900-B1F-DONG-0066,800X900,보(X),DONG,B1F,800x900,0.432
600X900-B1F-DONG-0158,600X900,보(X),DONG,B1F,600x900,0.324
600X900-B1F-DONG-0159,600X900,보(Y),DONG,B1F,600x900,1.89
800X900-B1F-DONG-0067,800X900,보(X),DONG,B1F,800x900,0.432
600X900-B1F-DONG-0160,600X900,보(X),DONG,B1F,600x900,0.324
600X900-B1F-DONG-0161,600X900,보(Y),DONG,B1F,600x900,1.89
800X900-B1F-DONG-0068,800X900,보(X),DONG,B1F,800x900,0.432
800X900-B1F-DONG-0069,800X900,보(X),DONG,B1F,800x900,0.432
600X900-B1F-DONG-0162,600X900,보(Y),DONG,B1F,600x900,4.131
700X900-B1F-DONG-0164,700X900,보(X),DONG,B1F,700x900,0.378
800X900-B1F-DONG-0070,800X900,보(X),DONG,B1F,800x900,0.432
600X900-B1F-DONG-0163,600X900,보(Y),DONG,B1F,600x900,4.077
900X900-B1F-DONG-0245,900X900,보(X),DONG,B1F,900x900,0.486
800X900-B1F-DONG-0071,800X900,보(X),DONG,B1F,800x900,0.432
600X900-B1F-DONG-0164,600X900,보(Y),DONG,B1F,600x900,4.05
1000X900-B1F-DONG-0012,1000X900,보(X),DONG,B1F,1000x900,0.54
500X900-B1F-DONG-0372,500X900,보(Y),DONG,B1F,500x900,0.225
500X900-B1F-DONG-0373,500X900,보(X),DONG,B1F,500x900,3.51
500X900-B1F-DONG-0374,500X900,보(Y),DONG,B1F,500x900,0.225
900X900-B1F-DONG-0246,900X900,보(X),DONG,B1F,900x900,0.486
600X900-B1F-DONG-0165,600X900,보(Y),DONG,B1F,600x900,4.05
1100X900-B1F-DONG-0029,1100X900,보(X),DONG,B1F,1100x900,0.594
1000X900-B1F-DONG-0013,1000X900,보(X),DONG,B1F,1000x900,0.63
700X900-B1F-DONG-0165,700X900,보(Y),DONG,B1F,700x900,4.6935
1100X900-B1F-DONG-0030,1100X900,보(X),DONG,B1F,1100x900,0.693
500X900-B1F-DONG-0375,500X900,보(Y),DONG,B1F,500x900,0.225
500X900-B1F-DONG-0376,500X900,보(X),DONG,B1F,500x900,3.51
500X900-B1F-DONG-0377,500X900,보(Y),DONG,B1F,500x900,0.225
700X900-B1F-DONG-0166,700X900,보(Y),DONG,B1F,700x900,0.315
500X900-B1F-DONG-0378,500X900,보(X),DONG,B1F,500x900,3.51
700X900-B1F-DONG-0167,700X900,보(Y),DONG,B1F,700x900,0.315
1100X900-B1F-DONG-0031,1100X900,보(X),DONG,B1F,1100x900,0.594
600X900-B1F-DONG-0166,600X900,보(Y),DONG,B1F,600x900,3.888
1100X900-B1F-DONG-0032,1100X900,보(X),DONG,B1F,1100x900,0.594
1100X900-B1F-DONG-0033,1100X900,보(X),DONG,B1F,1100x900,0.693
700X900-B1F-DONG-0168,700X900,보(Y),DONG,B1F,700x900,4.7853
400X900_EST-B1F-DONG-0040,400X900_EST,보(X),DONG,B1F,400x900,0.252
700X900-B1F-DONG-0169,700X900,보(X),DONG,B1F,700x900,0.504
600X900-B1F-DONG-0167,600X900,보(Y),DONG,B1F,600x900,4.1632
700X900-B1F-DONG-0170,700X900,보(X),DONG,B1F,700x900,0.504
600X900-B1F-DONG-0168,600X900,보(X),DONG,B1F,600x900,3.7135
600X900-B1F-DONG-0169,600X900,보(X),DONG,B1F,600x900,3.7487
900X900-B1F-DONG-0247,900X900,보(Y),DONG,B1F,900x900,0.486
600X900-B1F-DONG-0170,600X900,보(X),DONG,B1F,600x900,3.942
700X1500-B1F-DONG-0006,700X1500,보(Y),DONG,B1F,700x1500,0.63
900X900-B1F-DONG-0248,900X900,보(Y),DONG,B1F,900x900,0.486
600X900-B1F-DONG-0171,600X900,보(X),DONG,B1F,600x900,4.1849
800X900-B1F-DONG-0072,800X900,보(Y),DONG,B1F,800x900,0.432
700X900-B1F-DONG-0171,700X900,보(X),DONG,B1F,700x900,4.5456
800X900-B1F-DONG-0073,800X900,보(Y),DONG,B1F,800x900,0.504
700X900-B1F-DONG-0172,700X900,보(X),DONG,B1F,700x900,4.5655
800X900-B1F-DONG-0074,800X900,보(Y),DONG,B1F,800x900,0.5045
800X900-B1F-DONG-0075,800X900,보(Y),DONG,B1F,800x900,0.5045
700X900-B1F-DONG-0173,700X900,보(X),DONG,B1F,700x900,4.8671
1100X900-B1F-DONG-0034,1100X900,보(Y),DONG,B1F,1100x900,0.6937
800X900-B1F-DONG-0076,800X900,보(X),DONG,B1F,800x900,0.4387
600X900-B1F-DONG-0172,600X900,보(Y),DONG,B1F,600x900,2.5467
500X600-B1F-DONG-1140,500X600,보(X),DONG,B1F,500x600,0.1828
600X900-B1F-DONG-0173,600X900,보(Y),DONG,B1F,600x900,2.5467
900X900-B1F-DONG-0249,900X900,보(X),DONG,B1F,900x900,0.486
600X900-B1F-DONG-0174,600X900,보(Y),DONG,B1F,600x900,2.4018
600X900-B1F-DONG-0175,600X900,보(X),DONG,B1F,600x900,0.329
900X900-B1F-DONG-0250,900X900,보(X),DONG,B1F,900x900,0.486
600X900-B1F-DONG-0176,600X900,보(Y),DONG,B1F,600x900,4.0748
1000X900-B1F-DONG-0014,1000X900,보(X),DONG,B1F,1000x900,0.5403
600X900-B1F-DONG-0177,600X900,보(X),DONG,B1F,600x900,0.863
900X900-B1F-DONG-0251,900X900,보(X),DONG,B1F,900x900,6.5144
1000X900-B1F-DONG-0015,1000X900,보(X),DONG,B1F,1000x900,0.5403
600X900-B1F-DONG-0178,600X900,보(Y),DONG,B1F,600x900,3.911
700X900-B1F-DONG-0174,700X900,보(X),DONG,B1F,700x900,0.378
600X900-B1F-DONG-0179,600X900,보(Y),DONG,B1F,600x900,3.9484
1100X900-B1F-DONG-0035,1100X900,보(X),DONG,B1F,1100x900,0.5941
600X900-B1F-DONG-0180,600X900,보(Y),DONG,B1F,600x900,3.8883
1300X1300-B1F-DONG-0001,1300X1300,보(X),DONG,B1F,1300x1300,2.6053
1100X900-B1F-DONG-0036,1100X900,보(Y),DONG,B1F,1100x900,0.693
400X800-B1F-DONG-0524,400X800,보(X),DONG,B1F,400x800,2.8189
700X900-B1F-DONG-0175,700X900,보(X),DONG,B1F,700x900,5.3318
1100X900-B1F-DONG-0037,1100X900,보(Y),DONG,B1F,1100x900,0.693
700X900-B1F-DONG-0176,700X900,보(X),DONG,B1F,700x900,5.3272
600X900-B1F-DONG-0181,600X900,보(X),DONG,B1F,600x900,3.9157
400X800-B1F-DONG-0525,400X800,보(Y),DONG,B1F,400x800,0.192
500X900-B1F-DONG-0379,500X900,보(Y),DONG,B1F,500x900,2.0914
600X900-B1F-DONG-0182,600X900,보(X),DONG,B1F,600x900,0.27
600X900-B1F-DONG-0183,600X900,보(X),DONG,B1F,600x900,1.6172
600X900-B1F-DONG-0184,600X900,보(Y),DONG,B1F,600x900,1.5301
600X900-B1F-DONG-0185,600X900,보(Y),DONG,B1F,600x900,3.4266
600X600-B1F-DONG-0041,600X600,보(X),DONG,B1F,600x600,0.2171
600X900-B1F-DONG-0186,600X900,보(Y),DONG,B1F,600x900,3.46
800X900-B1F-DONG-0077,800X900,보(X),DONG,B1F,800x900,0.9421
600X900-B1F-DONG-0187,600X900,보(Y),DONG,B1F,600x900,3.3661
800X900-B1F-DONG-0078,800X900,보(X),DONG,B1F,800x900,0.432
600X900-B1F-DONG-0188,600X900,보(Y),DONG,B1F,600x900,2.75
800X900-B1F-DONG-0079,800X900,보(Y),DONG,B1F,800x900,0.4324
600X900-B1F-DONG-0189,600X900,보(X),DONG,B1F,600x900,3.7625
800X900-B1F-DONG-0080,800X900,보(Y),DONG,B1F,800x900,0.432
600X900-B1F-DONG-0190,600X900,보(X),DONG,B1F,600x900,3.7468
800X900-B1F-DONG-0081,800X900,보(Y),DONG,B1F,800x900,0.432
600X900-B1F-DONG-0191,600X900,보(X),DONG,B1F,600x900,2.4915
800X900-B1F-DONG-0082,800X900,보(Y),DONG,B1F,800x900,0.4324
600X900-B1F-DONG-0192,600X900,보(X),DONG,B1F,600x900,3.4867
800X900-B1F-DONG-0083,800X900,보(Y),DONG,B1F,800x900,0.432
600X900-B1F-DONG-0193,600X900,보(X),DONG,B1F,600x900,3.5482
500X900-B1F-DONG-0380,500X900,보(Y),DONG,B1F,500x900,0.27
600X900-B1F-DONG-0194,600X900,보(X),DONG,B1F,600x900,3.0278
800X900-B1F-DONG-0084,800X900,보(Y),DONG,B1F,800x900,0.4397
600X900-B1F-DONG-0195,600X900,보(Y),DONG,B1F,600x900,3.5013
600X900-B1F-DONG-0196,600X900,보(X),DONG,B1F,600x900,0.3242
600X900-B1F-DONG-0197,600X900,보(Y),DONG,B1F,600x900,3.3115
400X800-B1F-DONG-0526,400X800,보(X),DONG,B1F,400x800,0.192
600X900-B1F-DONG-0198,600X900,보(Y),DONG,B1F,600x900,4.7283
800X900-B1F-DONG-0085,800X900,보(X),DONG,B1F,800x900,0.5087
400X800-B1F-DONG-0527,400X800,보(X),DONG,B1F,400x800,0.192
600X900-B1F-DONG-0199,600X900,보(Y),DONG,B1F,600x900,3.7612
500X600-B1F-DONG-1141,500X600,보(X),DONG,B1F,500x600,0.1848
600X900-B1F-DONG-0200,600X900,보(Y),DONG,B1F,600x900,3.8362
1100X900-B1F-DONG-0038,1100X900,보(X),DONG,B1F,1100x900,0.6097
600X900-B1F-DONG-0201,600X900,보(Y),DONG,B1F,600x900,3.3692
500X600-B1F-DONG-1142,500X600,보(X),DONG,B1F,500x600,0.18
600X900-B1F-DONG-0202,600X900,보(Y),DONG,B1F,600x900,2.5348
900X900-B1F-DONG-0252,900X900,보(X),DONG,B1F,900x900,0.4941
600X900-B1F-DONG-0203,600X900,보(Y),DONG,B1F,600x900,2.6747
900X900-B1F-DONG-0253,900X900,보(X),DONG,B1F,900x900,0.4941
600X900-B1F-DONG-0204,600X900,보(Y),DONG,B1F,600x900,4.4611
700X900-B1F-DONG-0177,700X900,보(X),DONG,B1F,700x900,0.378
600X900-B1F-DONG-0205,600X900,보(Y),DONG,B1F,600x900,4.402
800X900-B1F-DONG-0086,800X900,보(Y),DONG,B1F,800x900,5.9567
700X900-B1F-DONG-0178,700X900,보(X),DONG,B1F,700x900,0.5045
800X900-B1F-DONG-0087,800X900,보(Y),DONG,B1F,800x900,5.8731
700X900-B1F-DONG-0179,700X900,보(Y),DONG,B1F,700x900,4.7407
600X900-B1F-DONG-0206,600X900,보(X),DONG,B1F,600x900,0.3825
700X900-B1F-DONG-0180,700X900,보(Y),DONG,B1F,700x900,4.7446
500X900-B1F-DONG-0381,500X900,보(X),DONG,B1F,500x900,0.27
600X900-B1F-DONG-0207,600X900,보(Y),DONG,B1F,600x900,3.9393
900X900-B1F-DONG-0254,900X900,보(X),DONG,B1F,900x900,0.486
1100X900-B1F-DONG-0039,1100X900,보(X),DONG,B1F,1100x900,0.6097
600X900-B1F-DONG-0208,600X900,보(Y),DONG,B1F,600x900,5.123
600X1000-B1F-DONG-0003,600X1000,보(X),DONG,B1F,600x1000,0.36
600X900-B1F-DONG-0209,600X900,보(Y),DONG,B1F,600x900,5.0479
500X600-B1F-DONG-1143,500X600,보(X),DONG,B1F,500x600,0.1848
600X900-B1F-DONG-0210,600X900,보(Y),DONG,B1F,600x900,4.6559
600X900-B1F-DONG-0211,600X900,보(X),DONG,B1F,600x900,0.324
600X900-B1F-DONG-0212,600X900,보(Y),DONG,B1F,600x900,4.5809
800X900-B1F-DONG-0088,800X900,보(Y),DONG,B1F,800x900,0.3617
500X900-B1F-DONG-0382,500X900,보(X),DONG,B1F,500x900,1.4125
600X600-B1F-DONG-0042,600X600,보(Y),DONG,B1F,600x600,0.18
500X900-B1F-DONG-0383,500X900,보(X),DONG,B1F,500x900,3.238
500X700-B1F-DONG-0020,500X700,보(Y),DONG,B1F,500x700,0.1758
500X900-B1F-DONG-0384,500X900,보(X),DONG,B1F,500x900,3.2161
500X900-B1F-DONG-0385,500X900,보(X),DONG,B1F,500x900,3.1277
500X900-B1F-DONG-0386,500X900,보(X),DONG,B1F,500x900,3.0646
600X900-B1F-DONG-0213,600X900,보(X),DONG,B1F,600x900,0.27
500X900-B1F-DONG-0387,500X900,보(Y),DONG,B1F,500x900,2.115
500X900-B1F-DONG-0388,500X900,보(X),DONG,B1F,500x900,0.225
500X600-B1F-DONG-1144,500X600,보(X),DONG,B1F,500x600,1.6662
500X600-B1F-DONG-1145,500X600,보(X),DONG,B1F,500x600,0.15
500X600-B1F-DONG-1146,500X600,보(Y),DONG,B1F,500x600,0.912
600X900-B1F-DONG-0214,600X900,보(X),DONG,B1F,600x900,0.27
500X600-B1F-DONG-1147,500X600,보(X),DONG,B1F,500x600,1.2307
500X900-B1F-DONG-0389,500X900,보(X),DONG,B1F,500x900,0.225
500X900-B1F-DONG-0390,500X900,보(Y),DONG,B1F,500x900,2.5515
700X900-B1F-DONG-0181,700X900,보(X),DONG,B1F,700x900,0.315
400X900-B1F-DONG-0009,400X900,보(X),DONG,B1F,400x900,1.0413
400X900-B1F-DONG-0010,400X900,보(X),DONG,B1F,400x900,1.0413
500X900-B1F-DONG-0391,500X900,보(X),DONG,B1F,500x900,0.225
500X900-B1F-DONG-0392,500X900,보(X),DONG,B1F,500x900,1.5344
500X900-B1F-DONG-0393,500X900,보(Y),DONG,B1F,500x900,2.1318
800X900-B1F-DONG-0089,800X900,보(X),DONG,B1F,800x900,0.36
400X900-B1F-DONG-0011,400X900,보(X),DONG,B1F,400x900,0.8086
400X900-B1F-DONG-0012,400X900,보(X),DONG,B1F,400x900,0.8612
700X900-B1F-DONG-0182,700X900,보(X),DONG,B1F,700x900,4.8603
600X900-B1F-DONG-0215,600X900,보(Y),DONG,B1F,600x900,0.378
700X900-B1F-DONG-0183,700X900,보(X),DONG,B1F,700x900,4.818
700X900-B1F-DONG-0184,700X900,보(X),DONG,B1F,700x900,4.8603
600X900-B1F-DONG-0216,600X900,보(Y),DONG,B1F,600x900,0.378
700X900-B1F-DONG-0185,700X900,보(X),DONG,B1F,700x900,4.818
700X900-B1F-DONG-0186,700X900,보(X),DONG,B1F,700x900,4.4961
500X700-B1F-DONG-0021,500X700,보(Y),DONG,B1F,500x700,0.2484
700X900-B1F-DONG-0187,700X900,보(X),DONG,B1F,700x900,4.5267
500X700-B1F-DONG-0022,500X700,보(Y),DONG,B1F,500x700,0.2462
700X900-B1F-DONG-0188,700X900,보(X),DONG,B1F,700x900,4.5975
600X900-B1F-DONG-0217,600X900,보(Y),DONG,B1F,600x900,0.378
600X900-B1F-DONG-0218,600X900,보(Y),DONG,B1F,600x900,0.378
700X900-B1F-DONG-0189,700X900,보(X),DONG,B1F,700x900,4.6305
500X600-B1F-DONG-1148,500X600,보(Y),DONG,B1F,500x600,0.21
700X900-B1F-DONG-0190,700X900,보(X),DONG,B1F,700x900,4.4406
500X600-B1F-DONG-1149,500X600,보(Y),DONG,B1F,500x600,0.21
700X900-B1F-DONG-0191,700X900,보(X),DONG,B1F,700x900,4.5642
400X900-B1F-DONG-0013,400X900,보(Y),DONG,B1F,400x900,1.134
900X900-B1F-DONG-0255,900X900,보(Y),DONG,B1F,900x900,0.567
700X900-B1F-DONG-0192,700X900,보(X),DONG,B1F,700x900,4.7125
500X900-B1F-DONG-0394,500X900,보(Y),DONG,B1F,500x900,0.315
400X900-B1F-DONG-0014,400X900,보(Y),DONG,B1F,400x900,1.3131
400X900-B1F-DONG-0015,400X900,보(Y),DONG,B1F,400x900,1.3552
900X900-B1F-DONG-0256,900X900,보(Y),DONG,B1F,900x900,0.567
700X900-B1F-DONG-0193,700X900,보(X),DONG,B1F,700x900,4.599
900X900-B1F-DONG-0257,900X900,보(Y),DONG,B1F,900x900,0.567
400X900-B1F-DONG-0016,400X900,보(Y),DONG,B1F,400x900,1.1762
700X900-B1F-DONG-0194,700X900,보(Y),DONG,B1F,700x900,4.074
700X900-B1F-DONG-0195,700X900,보(X),DONG,B1F,700x900,0.441
700X900-B1F-DONG-0196,700X900,보(Y),DONG,B1F,700x900,4.184
400X900-B1F-DONG-0017,400X900,보(X),DONG,B1F,400x900,1.314
500X600-B1F-DONG-1150,500X600,보(X),DONG,B1F,500x600,1.6043
500X600-B1F-DONG-1151,500X600,보(Y),DONG,B1F,500x600,0.541
500X600-B1F-DONG-1152,500X600,보(X),DONG,B1F,500x600,2.4325
900X900-B1F-DONG-0258,900X900,보(Y),DONG,B1F,900x900,0.567
400X800-B1F-DONG-0528,400X800,보(X),DONG,B1F,400x800,2.464
900X900-B1F-DONG-0259,900X900,보(Y),DONG,B1F,900x900,0.567
400X900-B1F-DONG-0018,400X900,보(Y),DONG,B1F,400x900,1.0748
400X900-B1F-DONG-0019,400X900,보(Y),DONG,B1F,400x900,1.0748
400X900-B1F-DONG-0020,400X900,보(Y),DONG,B1F,400x900,1.0748
400X900-B1F-DONG-0021,400X900,보(Y),DONG,B1F,400x900,1.0748
400X900-B1F-DONG-0022,400X900,보(Y),DONG,B1F,400x900,1.2783
400X900-B1F-DONG-0023,400X900,보(Y),DONG,B1F,400x900,1.2781
