부재ID,유형,체적(m³),면적(m²),거푸집(m²),길이(m)
COL-sheet_1-0001,column,1.1186,0.0,8.393,0.0
COL-sheet_1-0002,column,1.7752,0.0,10.178,0.0
COL-sheet_1-0003,column,1.7752,0.0,10.178,0.0
COL-sheet_1-0004,column,4.2,0.0,15.4,0.0
COL-sheet_1-0005,column,1.7752,0.0,10.178,0.0
COL-sheet_1-0006,column,1.12,0.0,8.4,0.0
COL-sheet_1-0007,column,1.12,0.0,8.4,0.0
COL-sheet_1-0008,column,1.225,0.0,8.4,0.0
COL-sheet_1-0009,column,1.12,0.0,8.4,0.0
COL-sheet_1-0010,column,1.12,0.0,8.4,0.0
COL-sheet_1-0011,column,1.12,0.0,8.4,0.0
COL-sheet_1-0012,column,1.12,0.0,8.4,0.0
COL-sheet_1-0013,column,1.12,0.0,8.4,0.0
COL-sheet_1-0014,column,1.12,0.0,8.4,0.0
COL-sheet_1-0015,column,2.1,0.0,11.2,0.0
COL-sheet_1-0016,column,2.45,0.0,11.9,0.0
COL-sheet_1-0017,column,2.1,0.0,11.2,0.0
COL-sheet_1-0018,column,1.7752,0.0,10.178,0.0
COL-sheet_1-0019,column,2.52,0.0,12.6,0.0
COL-sheet_1-0020,column,2.1,0.0,11.2,0.0
COL-sheet_1-0021,column,1.12,0.0,8.4,0.0
COL-sheet_1-0022,column,1.7752,0.0,10.178,0.0
COL-sheet_1-0023,column,1.7752,0.0,10.178,0.0
COL-sheet_1-0024,column,1.7752,0.0,10.178,0.0
COL-sheet_1-0025,column,1.7752,0.0,10.178,0.0
COL-sheet_1-0026,column,1.7752,0.0,10.178,0.0
COL-sheet_1-0027,column,1.7752,0.0,10.178,0.0
COL-sheet_1-0028,column,1.7752,0.0,10.178,0.0
COL-sheet_1-0029,column,1.7752,0.0,10.178,0.0
COL-sheet_1-0030,column,1.12,0.0,8.4,0.0
COL-sheet_1-0031,column,1.12,0.0,8.4,0.0
COL-sheet_1-0032,column,1.12,0.0,8.4,0.0
COL-sheet_1-0033,column,1.12,0.0,8.4,0.0
COL-sheet_1-0034,column,1.7752,0.0,10.178,0.0
COL-sheet_1-0035,column,1.12,0.0,8.4,0.0
COL-sheet_1-0036,column,1.12,0.0,8.4,0.0
COL-sheet_1-0037,column,1.12,0.0,8.4,0.0
COL-sheet_1-0038,column,1.7752,0.0,10.178,0.0
COL-sheet_1-0039,column,1.7752,0.0,10.178,0.0
COL-sheet_1-0040,column,1.7752,0.0,10.178,0.0
COL-sheet_1-0041,column,1.7752,0.0,10.178,0.0
COL-sheet_1-0042,column,1.7752,0.0,10.178,0.0
COL-sheet_1-0043,column,1.7752,0.0,10.178,0.0
COL-sheet_1-0044,column,1.7752,0.0,10.178,0.0
COL-sheet_1-0045,column,1.7752,0.0,10.178,0.0
COL-sheet_1-0046,column,1.7752,0.0,10.178,0.0
COL-sheet_1-0047,column,1.7752,0.0,10.178,0.0
COL-sheet_1-0048,column,1.7752,0.0,10.178,0.0
COL-sheet_1-0049,column,1.7752,0.0,10.178,0.0
COL-sheet_1-0050,column,1.7752,0.0,10.178,0.0
COL-sheet_1-0051,column,1.7752,0.0,10.178,0.0
COL-sheet_1-0052,column,1.7752,0.0,10.178,0.0
COL-sheet_1-0053,column,1.12,0.0,8.4,0.0
COL-sheet_1-0054,column,1.12,0.0,8.4,0.0
COL-sheet_1-0055,column,1.12,0.0,8.4,0.0
COL-sheet_1-0056,column,1.12,0.0,8.4,0.0
COL-sheet_1-0057,column,1.12,0.0,8.4,0.0
COL-sheet_1-0058,column,1.12,0.0,8.4,0.0
COL-sheet_1-0059,column,1.12,0.0,8.4,0.0
COL-sheet_1-0060,column,1.12,0.0,8.4,0.0
COL-sheet_1-0061,column,1.12,0.0,8.4,0.0
COL-sheet_1-0062,column,1.7752,0.0,10.178,0.0
COL-sheet_1-0063,column,2.5138,0.0,11.865,0.0
COL-sheet_1-0064,column,1.7752,0.0,10.178,0.0
COL-sheet_1-0065,column,1.7752,0.0,10.178,0.0
COL-sheet_1-0066,column,1.7752,0.0,10.178,0.0
COL-sheet_1-0067,column,1.12,0.0,8.4,0.0
COL-sheet_1-0068,column,1.12,0.0,8.4,0.0
COL-sheet_1-0069,column,1.12,0.0,8.4,0.0
COL-sheet_1-0070,column,1.12,0.0,8.4,0.0
COL-sheet_1-0071,column,1.12,0.0,8.4,0.0
COL-sheet_1-0072,column,1.12,0.0,8.4,0.0
COL-sheet_1-0073,column,1.12,0.0,8.4,0.0
COL-sheet_1-0074,column,1.12,0.0,8.4,0.0
COL-sheet_1-0075,column,1.12,0.0,8.4,0.0
COL-sheet_1-0076,column,1.7752,0.0,10.178,0.0
COL-sheet_1-0077,column,1.7752,0.0,10.178,0.0
COL-sheet_1-0078,column,1.7752,0.0,10.178,0.0
COL-sheet_1-0079,column,1.7752,0.0,10.178,0.0
COL-sheet_1-0080,column,1.12,0.0,8.4,0.0
COL-sheet_1-0081,column,1.12,0.0,8.4,0.0
COL-sheet_1-0082,column,1.7752,0.0,10.178,0.0
COL-sheet_1-0083,column,1.12,0.0,8.4,0.0
COL-sheet_1-0084,column,1.12,0.0,8.4,0.0
COL-sheet_1-0085,column,1.12,0.0,8.4,0.0
COL-sheet_1-0086,column,1.12,0.0,8.4,0.0
COL-sheet_1-0087,column,1.12,0.0,8.4,0.0
COL-sheet_1-0088,column,1.12,0.0,8.4,0.0
COL-sheet_1-0089,column,1.12,0.0,8.4,0.0
COL-sheet_1-0090,column,1.12,0.0,8.4,0.0
COL-sheet_1-0091,column,1.12,0.0,8.4,0.0
COL-sheet_1-0092,column,1.12,0.0,8.4,0.0
COL-sheet_1-0093,column,1.12,0.0,8.4,0.0
COL-sheet_1-0094,column,1.12,0.0,8.4,0.0
COL-sheet_1-0095,column,1.7752,0.0,10.178,0.0
COL-sheet_1-0096,column,1.7752,0.0,10.178,0.0
COL-sheet_1-0097,column,1.7752,0.0,10.178,0.0
COL-sheet_1-0098,column,1.7752,0.0,10.178,0.0
COL-sheet_1-0099,column,1.7752,0.0,10.178,0.0
COL-sheet_1-0100,column,1.7752,0.0,10.178,0.0
COL-sheet_1-0101,column,1.7752,0.0,10.178,0.0
COL-sheet_1-0102,column,1.7752,0.0,10.178,0.0
COL-sheet_1-0103,column,1.7752,0.0,10.178,0.0
COL-sheet_1-0104,column,1.7752,0.0,10.178,0.0
COL-sheet_1-0105,column,1.7752,0.0,10.178,0.0
COL-sheet_1-0106,column,1.7752,0.0,10.178,0.0
COL-sheet_1-0107,column,1.12,0.0,8.4,0.0
COL-sheet_1-0108,column,1.12,0.0,8.4,0.0
COL-sheet_1-0109,column,1.12,0.0,8.4,0.0
COL-sheet_1-0110,column,1.12,0.0,8.4,0.0
COL-sheet_1-0111,column,1.12,0.0,8.4,0.0
COL-sheet_1-0112,column,1.12,0.0,8.4,0.0
COL-sheet_1-0113,column,1.12,0.0,8.4,0.0
COL-sheet_1-0114,column,1.12,0.0,8.4,0.0
COL-sheet_1-0115,column,1.12,0.0,8.4,0.0
COL-sheet_1-0116,column,1.12,0.0,8.4,0.0
COL-sheet_1-0117,column,1.12,0.0,8.4,0.0
COL-sheet_1-0118,column,1.12,0.0,8.4,0.0
COL-sheet_1-0119,column,1.12,0.0,8.4,0.0
COL-sheet_1-0120,column,1.12,0.0,8.4,0.0
COL-sheet_1-0121,column,1.12,0.0,8.4,0.0
COL-sheet_1-0122,column,1.7752,0.0,10.178,0.0
COL-sheet_1-0123,column,1.7752,0.0,10.178,0.0
COL-sheet_1-0124,column,1.12,0.0,8.4,0.0
COL-sheet_1-0125,column,1.12,0.0,8.4,0.0
COL-sheet_1-0126,column,2.313,0.0,11.452,0.0
COL-sheet_1-0127,column,1.225,0.0,8.4,0.0
COL-sheet_1-0128,column,1.225,0.0,8.4,0.0
COL-sheet_1-0129,column,1.225,0.0,8.4,0.0
COL-sheet_1-0130,column,1.225,0.0,8.4,0.0
COL-sheet_1-0131,column,1.225,0.0,8.4,0.0
COL-sheet_1-0132,column,1.225,0.0,8.4,0.0
COL-sheet_1-0133,column,1.225,0.0,8.4,0.0
COL-sheet_1-0134,column,1.225,0.0,8.4,0.0
COL-sheet_1-0135,column,1.225,0.0,8.4,0.0
COL-sheet_1-0136,column,1.225,0.0,8.4,0.0
COL-sheet_1-0137,column,1.8312,0.0,10.178,0.0
COL-sheet_1-0138,column,1.8312,0.0,10.178,0.0
COL-sheet_1-0139,column,1.8312,0.0,10.178,0.0
COL-sheet_1-0140,column,1.8312,0.0,10.178,0.0
COL-sheet_1-0141,column,1.8312,0.0,10.178,0.0
COL-sheet_1-0142,column,1.225,0.0,8.4,0.0
COL-sheet_1-0143,column,2.3963,0.0,11.613,0.0
COL-sheet_1-0144,column,1.12,0.0,8.4,0.0
COL-sheet_1-0145,column,1.12,0.0,8.4,0.0
COL-sheet_1-0146,column,1.12,0.0,8.4,0.0
COL-sheet_1-0147,column,1.12,0.0,8.4,0.0
COL-sheet_1-0148,column,1.12,0.0,8.4,0.0
COL-sheet_1-0149,column,1.12,0.0,8.4,0.0
COL-sheet_1-0150,column,1.12,0.0,8.4,0.0
COL-sheet_1-0151,column,1.12,0.0,8.4,0.0
COL-sheet_1-0152,column,1.12,0.0,8.4,0.0
COL-sheet_1-0153,column,1.12,0.0,8.4,0.0
COL-sheet_1-0154,column,1.12,0.0,8.4,0.0
COL-sheet_1-0155,column,1.12,0.0,8.4,0.0
COL-sheet_1-0156,column,1.12,0.0,8.4,0.0
COL-sheet_1-0157,column,1.7752,0.0,10.178,0.0
COL-sheet_1-0158,column,1.7752,0.0,10.178,0.0
COL-sheet_1-0159,column,1.7752,0.0,10.178,0.0
COL-sheet_1-0160,column,1.7752,0.0,10.178,0.0
COL-sheet_1-0161,column,1.12,0.0,8.4,0.0
COL-sheet_1-0162,column,1.12,0.0,8.4,0.0
COL-sheet_1-0163,column,1.12,0.0,8.4,0.0
COL-sheet_1-0164,column,1.12,0.0,8.4,0.0
COL-sheet_1-0165,column,1.7752,0.0,10.178,0.0
COL-sheet_1-0166,column,1.7752,0.0,10.178,0.0
COL-sheet_1-0167,column,1.7752,0.0,10.178,0.0
COL-sheet_1-0168,column,1.7752,0.0,10.178,0.0
COL-sheet_1-0169,column,1.7752,0.0,10.178,0.0
COL-sheet_1-0170,column,1.7752,0.0,10.178,0.0
COL-sheet_1-0171,column,1.12,0.0,8.4,0.0
COL-sheet_1-0172,column,1.12,0.0,8.4,0.0
COL-sheet_1-0173,column,1.7752,0.0,10.178,0.0
COL-sheet_1-0174,column,1.12,0.0,8.4,0.0
COL-sheet_1-0175,column,1.12,0.0,8.4,0.0
COL-sheet_1-0176,column,1.12,0.0,8.4,0.0
COL-sheet_1-0177,column,1.12,0.0,8.4,0.0
COL-sheet_1-0178,column,1.12,0.0,8.4,0.0
COL-sheet_1-0179,column,1.12,0.0,8.4,0.0
COL-sheet_1-0180,column,1.12,0.0,8.4,0.0
COL-sheet_1-0181,column,1.12,0.0,8.4,0.0
COL-sheet_1-0182,column,1.12,0.0,8.4,0.0
COL-sheet_1-0183,column,1.12,0.0,8.4,0.0
COL-sheet_1-0184,column,1.12,0.0,8.4,0.0
COL-sheet_1-0185,column,1.12,0.0,8.4,0.0
COL-sheet_1-0186,column,1.12,0.0,8.4,0.0
COL-sheet_1-0187,column,1.12,0.0,8.4,0.0
COL-sheet_1-0188,column,1.12,0.0,8.4,0.0
COL-sheet_1-0189,column,1.12,0.0,8.4,0.0
COL-sheet_1-0190,column,1.12,0.0,8.4,0.0
COL-sheet_1-0191,column,1.12,0.0,8.4,0.0
COL-sheet_1-0192,column,1.12,0.0,8.4,0.0
COL-sheet_1-0193,column,1.12,0.0,8.4,0.0
COL-sheet_1-0194,column,1.12,0.0,8.4,0.0
COL-sheet_1-0195,column,1.12,0.0,8.4,0.0
COL-sheet_1-0196,column,1.12,0.0,8.4,0.0
COL-sheet_1-0197,column,1.12,0.0,8.4,0.0
COL-sheet_1-0198,column,1.12,0.0,8.4,0.0
COL-sheet_1-0199,column,1.12,0.0,8.4,0.0
COL-sheet_1-0200,column,1.12,0.0,8.4,0.0
COL-sheet_1-0201,column,1.12,0.0,8.4,0.0
COL-sheet_1-0202,column,1.12,0.0,8.4,0.0
COL-sheet_1-0203,column,1.12,0.0,8.4,0.0
COL-sheet_1-0204,column,1.12,0.0,8.4,0.0
COL-sheet_1-0205,column,1.12,0.0,8.4,0.0
COL-sheet_1-0206,column,1.7752,0.0,10.178,0.0
COL-sheet_1-0207,column,1.7752,0.0,10.178,0.0
COL-sheet_1-0208,column,1.7752,0.0,10.178,0.0
COL-sheet_1-0209,column,1.7752,0.0,10.178,0.0
COL-sheet_1-0210,column,1.7752,0.0,10.178,0.0
COL-sheet_1-0211,column,1.7752,0.0,10.178,0.0
COL-sheet_1-0212,column,1.7752,0.0,10.178,0.0
COL-sheet_1-0213,column,1.7752,0.0,10.178,0.0
COL-sheet_1-0214,column,1.7752,0.0,10.178,0.0
COL-sheet_1-0215,column,1.12,0.0,8.4,0.0
COL-sheet_1-0216,column,1.12,0.0,8.4,0.0
COL-sheet_1-0217,column,1.12,0.0,8.4,0.0
COL-sheet_1-0218,column,1.12,0.0,8.4,0.0
COL-sheet_1-0219,column,1.12,0.0,8.4,0.0
COL-sheet_1-0220,column,1.12,0.0,8.4,0.0
COL-sheet_1-0221,column,1.12,0.0,8.4,0.0
COL-sheet_1-0222,column,1.12,0.0,8.4,0.0
COL-sheet_1-0223,column,1.12,0.0,8.4,0.0
COL-sheet_1-0224,column,1.12,0.0,8.4,0.0
COL-sheet_1-0225,column,1.12,0.0,8.4,0.0
COL-sheet_1-0226,column,1.12,0.0,8.4,0.0
COL-sheet_1-0227,column,1.12,0.0,8.4,0.0
COL-sheet_1-0228,column,1.12,0.0,8.4,0.0
COL-sheet_1-0229,column,1.12,0.0,8.4,0.0
COL-sheet_1-0230,column,1.12,0.0,8.4,0.0
COL-sheet_1-0231,column,1.12,0.0,8.4,0.0
COL-sheet_1-0232,column,1.12,0.0,8.4,0.0
COL-sheet_1-0233,column,1.12,0.0,8.4,0.0
COL-sheet_1-0234,column,1.12,0.0,8.4,0.0
COL-sheet_1-0235,column,1.12,0.0,8.4,0.0
COL-sheet_1-0236,column,1.12,0.0,8.4,0.0
COL-sheet_1-0237,column,1.12,0.0,8.4,0.0
COL-sheet_1-0238,column,1.12,0.0,8.4,0.0
COL-sheet_1-0239,column,1.12,0.0,8.4,0.0
COL-sheet_1-0240,column,1.12,0.0,8.4,0.0
COL-sheet_1-0241,column,1.12,0.0,8.4,0.0
COL-sheet_1-0242,column,1.12,0.0,8.4,0.0
COL-sheet_1-0243,column,1.12,0.0,8.4,0.0
COL-sheet_1-0244,column,1.12,0.0,8.4,0.0
COL-sheet_1-0245,column,1.12,0.0,8.4,0.0
COL-sheet_1-0246,column,1.12,0.0,8.4,0.0
COL-sheet_1-0247,column,1.12,0.0,8.4,0.0
COL-sheet_1-0248,column,1.12,0.0,8.4,0.0
COL-sheet_1-0249,column,1.12,0.0,8.4,0.0
COL-sheet_1-0250,column,1.12,0.0,8.4,0.0
COL-sheet_1-0251,column,1.12,0.0,8.4,0.0
COL-sheet_1-0252,column,1.12,0.0,8.4,0.0
COL-sheet_1-0253,column,1.12,0.0,8.4,0.0
COL-sheet_1-0254,column,1.12,0.0,8.4,0.0
COL-sheet_1-0255,column,1.12,0.0,8.4,0.0
COL-sheet_1-0256,column,1.12,0.0,8.4,0.0
COL-sheet_1-0257,column,1.12,0.0,8.4,0.0
COL-sheet_1-0258,column,1.12,0.0,8.4,0.0
COL-sheet_1-0259,column,1.12,0.0,8.4,0.0
COL-sheet_1-0260,column,1.12,0.0,8.4,0.0
COL-sheet_1-0261,column,1.12,0.0,8.4,0.0
COL-sheet_1-0262,column,1.12,0.0,8.4,0.0
COL-sheet_1-0263,column,1.12,0.0,8.4,0.0
COL-sheet_1-0264,column,1.12,0.0,8.4,0.0
COL-sheet_1-0265,column,1.12,0.0,8.4,0.0
COL-sheet_1-0266,column,1.12,0.0,8.4,0.0
COL-sheet_1-0267,column,1.12,0.0,8.4,0.0
COL-sheet_1-0268,column,1.12,0.0,8.4,0.0
COL-sheet_1-0269,column,1.12,0.0,8.4,0.0
COL-sheet_1-0270,column,1.12,0.0,8.4,0.0
COL-sheet_1-0271,column,1.12,0.0,8.4,0.0
COL-sheet_1-0272,column,1.12,0.0,8.4,0.0
COL-sheet_1-0273,column,1.12,0.0,8.4,0.0
COL-sheet_1-0274,column,1.12,0.0,8.4,0.0
COL-sheet_1-0275,column,1.12,0.0,8.4,0.0
COL-sheet_1-0276,column,1.12,0.0,8.4,0.0
COL-sheet_1-0277,column,1.12,0.0,8.4,0.0
COL-sheet_1-0278,column,1.12,0.0,8.4,0.0
COL-sheet_1-0279,column,1.12,0.0,8.4,0.0
COL-sheet_1-0280,column,1.12,0.0,8.4,0.0
COL-sheet_1-0281,column,1.12,0.0,8.4,0.0
COL-sheet_1-0282,column,1.12,0.0,8.4,0.0
COL-sheet_1-0283,column,1.12,0.0,8.4,0.0
COL-sheet_1-0284,column,1.12,0.0,8.4,0.0
COL-sheet_1-0285,column,1.12,0.0,8.4,0.0
COL-sheet_1-0286,column,1.12,0.0,8.4,0.0
COL-sheet_1-0287,column,1.12,0.0,8.4,0.0
COL-sheet_1-0288,column,1.12,0.0,8.4,0.0
COL-sheet_1-0289,column,1.12,0.0,8.4,0.0
COL-sheet_1-0290,column,1.12,0.0,8.4,0.0
COL-sheet_1-0291,column,1.12,0.0,8.4,0.0
COL-sheet_1-0292,column,1.12,0.0,8.4,0.0
COL-sheet_1-0293,column,1.12,0.0,8.4,0.0
COL-sheet_1-0294,column,1.12,0.0,8.4,0.0
COL-sheet_1-0295,column,1.12,0.0,8.4,0.0
COL-sheet_1-0296,column,1.12,0.0,8.4,0.0
COL-sheet_1-0297,column,1.12,0.0,8.4,0.0
COL-sheet_1-0298,column,1.12,0.0,8.4,0.0
COL-sheet_1-0299,column,1.12,0.0,8.4,0.0
COL-sheet_1-0300,column,1.12,0.0,8.4,0.0
COL-sheet_1-0301,column,1.12,0.0,8.4,0.0
COL-sheet_1-0302,column,1.12,0.0,8.4,0.0
COL-sheet_1-0303,column,1.12,0.0,8.4,0.0
COL-sheet_1-0304,column,1.12,0.0,8.4,0.0
COL-sheet_1-0305,column,1.12,0.0,8.4,0.0
COL-sheet_1-0306,column,1.12,0.0,8.4,0.0
COL-sheet_1-0307,column,1.12,0.0,8.4,0.0
COL-sheet_1-0308,column,1.12,0.0,8.4,0.0
COL-sheet_1-0309,column,1.12,0.0,8.4,0.0
COL-sheet_1-0310,column,1.12,0.0,8.4,0.0
COL-sheet_1-0311,column,1.12,0.0,8.4,0.0
COL-sheet_1-0312,column,1.12,0.0,8.4,0.0
COL-sheet_1-0313,column,1.12,0.0,8.4,0.0
COL-sheet_1-0314,column,1.12,0.0,8.4,0.0
COL-sheet_1-0315,column,1.12,0.0,8.4,0.0
COL-sheet_1-0316,column,1.12,0.0,8.4,0.0
COL-sheet_1-0317,column,1.7752,0.0,10.178,0.0
COL-sheet_1-0318,column,1.7752,0.0,10.178,0.0
COL-sheet_1-0319,column,1.7752,0.0,10.178,0.0
COL-sheet_1-0320,column,1.7752,0.0,10.178,0.0
COL-sheet_1-0321,column,1.7752,0.0,10.178,0.0
COL-sheet_1-0322,column,1.7752,0.0,10.178,0.0
COL-sheet_1-0323,column,1.7752,0.0,10.178,0.0
COL-sheet_1-0324,column,1.7752,0.0,10.178,0.0
COL-sheet_1-0325,column,1.7752,0.0,10.178,0.0
COL-sheet_1-0326,column,1.7752,0.0,10.178,0.0
COL-sheet_1-0327,column,1.7752,0.0,10.178,0.0
COL-sheet_1-0328,column,1.7752,0.0,10.178,0.0
COL-sheet_1-0329,column,1.7752,0.0,10.178,0.0
COL-sheet_1-0330,column,1.7752,0.0,10.178,0.0
COL-sheet_1-0331,column,1.7752,0.0,10.178,0.0
COL-sheet_1-0332,column,1.7752,0.0,10.178,0.0
COL-sheet_1-0333,column,1.7752,0.0,10.178,0.0
COL-sheet_1-0334,column,1.7752,0.0,10.178,0.0
COL-sheet_1-0335,column,1.7752,0.0,10.178,0.0
COL-sheet_1-0336,column,1.7752,0.0,10.178,0.0
COL-sheet_1-0337,column,1.7752,0.0,10.178,0.0
COL-sheet_1-0338,column,1.7752,0.0,10.178,0.0
COL-sheet_1-0339,column,1.7752,0.0,10.178,0.0
COL-sheet_1-0340,column,1.7752,0.0,10.178,0.0
COL-sheet_1-0341,column,1.7752,0.0,10.178,0.0
COL-sheet_1-0342,column,1.7752,0.0,10.178,0.0
COL-sheet_1-0343,column,1.7752,0.0,10.178,0.0
COL-sheet_1-0344,column,1.7752,0.0,10.178,0.0
COL-sheet_1-0345,column,1.12,0.0,8.4,0.0
COL-sheet_1-0346,column,1.12,0.0,8.4,0.0
COL-sheet_1-0347,column,1.12,0.0,8.4,0.0
COL-sheet_1-0348,column,1.12,0.0,8.4,0.0
COL-sheet_1-0349,column,1.12,0.0,8.4,0.0
COL-sheet_1-0350,column,1.12,0.0,8.4,0.0
COL-sheet_1-0351,column,1.12,0.0,8.4,0.0
COL-sheet_1-0352,column,1.12,0.0,8.4,0.0
COL-sheet_1-0353,column,1.12,0.0,8.4,0.0
COL-sheet_1-0354,column,1.12,0.0,8.4,0.0
COL-sheet_1-0355,column,1.12,0.0,8.4,0.0
COL-sheet_1-0356,column,1.12,0.0,8.4,0.0
COL-sheet_1-0357,column,1.12,0.0,8.4,0.0
COL-sheet_1-0358,column,1.12,0.0,8.4,0.0
COL-sheet_1-0359,column,1.12,0.0,8.4,0.0
COL-sheet_1-0360,column,1.12,0.0,8.4,0.0
COL-sheet_1-0361,column,1.12,0.0,8.4,0.0
COL-sheet_1-0362,column,1.12,0.0,8.4,0.0
COL-sheet_1-0363,column,1.12,0.0,8.4,0.0
COL-sheet_1-0364,column,1.12,0.0,8.4,0.0
COL-sheet_1-0365,column,2.52,0.0,12.6,0.0
COL-sheet_1-0366,column,2.1,0.0,11.2,0.0
COL-sheet_1-0367,column,3.15,0.0,14.7,0.0
COL-sheet_1-0368,column,2.52,0.0,12.6,0.0
COL-sheet_1-0369,column,2.73,0.0,13.3,0.0
COL-sheet_1-0370,column,4.2,0.0,16.1,0.0
COL-sheet_1-0371,column,3.675,0.0,15.4,0.0
COL-sheet_1-0372,column,6.8728,0.0,19.642,0.0
COL-sheet_1-0373,column,9.0859,0.0,22.596,0.0
COL-sheet_1-0374,column,3.15,0.0,14.7,0.0
COL-sheet_1-0375,column,2.52,0.0,12.6,0.0
COL-sheet_1-0376,column,3.36,0.0,15.4,0.0
COL-sheet_1-0377,column,3.78,0.0,16.8,0.0
COL-sheet_1-0378,column,6.8728,0.0,19.642,0.0
COL-sheet_1-0379,column,12.5114,0.0,26.516,0.0
COL-sheet_1-0380,column,5.8304,0.0,18.158,0.0
COL-sheet_1-0381,column,8.0138,0.0,22.05,0.0
COL-sheet_1-0382,column,5.292,0.0,17.815,0.0
COL-sheet_1-0383,column,8.4555,0.0,21.763,0.0
COL-sheet_1-0384,column,7.7009,0.0,20.769,0.0
COL-sheet_1-0385,column,4.4092,0.0,16.114,0.0
COL-sheet_1-0386,column,5.9227,0.0,18.662,0.0
COL-sheet_1-0387,column,5.6377,0.0,17.773,0.0
COL-sheet_1-0388,column,2.52,0.0,12.6,0.0
COL-sheet_1-0389,column,3.15,0.0,14.7,0.0
COL-sheet_1-0390,column,3.15,0.0,14.7,0.0
COL-sheet_1-0391,column,2.52,0.0,12.6,0.0
COL-sheet_1-0392,column,5.2442,0.0,17.206,0.0
COL-sheet_1-0393,column,9.8821,0.0,23.569,0.0
COL-sheet_1-0394,column,9.8821,0.0,23.569,0.0
COL-sheet_1-0395,column,7.5782,0.0,20.629,0.0
COL-sheet_1-0396,column,3.15,0.0,14.7,0.0
COL-sheet_1-0397,column,5.145,0.0,19.6,0.0
COL-sheet_1-0398,column,5.292,0.0,17.815,0.0
COL-sheet_1-0399,column,7.7009,0.0,20.769,0.0
COL-sheet_1-0400,column,7.7009,0.0,20.769,0.0
COL-sheet_1-0401,column,7.7009,0.0,20.769,0.0
COL-sheet_1-0402,column,7.7009,0.0,20.769,0.0
COL-sheet_1-0403,column,9.7613,0.0,24.598,0.0
COL-sheet_1-0404,column,8.0138,0.0,22.05,0.0
COL-sheet_1-0405,column,5.292,0.0,17.815,0.0
COL-sheet_1-0406,column,5.292,0.0,17.815,0.0
COL-sheet_1-0407,column,3.9951,0.0,15.267,0.0
COL-sheet_1-0408,column,3.9951,0.0,15.267,0.0
COL-sheet_1-0409,column,3.9951,0.0,15.267,0.0
COL-sheet_1-0410,column,10.0205,0.0,23.695,0.0
COL-sheet_1-0411,column,4.2,0.0,18.2,0.0
COL-sheet_1-0412,column,4.9,0.0,18.9,0.0
COL-sheet_1-0413,column,4.9,0.0,18.9,0.0
COL-sheet_1-0414,column,4.2,0.0,18.2,0.0
COL-sheet_1-0415,column,4.2,0.0,16.1,0.0
COL-sheet_1-0416,column,4.2,0.0,16.1,0.0
COL-sheet_1-0417,column,4.2,0.0,16.1,0.0
COL-sheet_1-0418,column,4.48,0.0,16.8,0.0
COL-sheet_1-0419,column,7.4456,0.0,20.629,0.0
COL-sheet_1-0420,column,7.4456,0.0,20.629,0.0
COL-sheet_1-0421,column,7.4456,0.0,20.629,0.0
COL-sheet_1-0422,column,7.4456,0.0,20.629,0.0
COL-sheet_1-0423,column,7.6401,0.0,20.699,0.0
COL-sheet_1-0424,column,14.5718,0.0,28.588,0.0
COL-sheet_1-0425,column,7.6401,0.0,20.699,0.0
COL-sheet_1-0426,column,7.6401,0.0,20.699,0.0
COL-sheet_1-0427,column,2.1,0.0,11.2,0.0
COL-sheet_1-0428,column,3.9951,0.0,15.267,0.0
COL-sheet_1-0429,column,3.9951,0.0,15.267,0.0
COL-sheet_1-0430,column,1.89,0.0,10.5,0.0
COL-sheet_1-0431,column,1.89,0.0,10.5,0.0
COL-sheet_1-0432,column,2.52,0.0,12.6,0.0
COL-sheet_1-0433,column,3.78,0.0,16.8,0.0
COL-sheet_1-0434,column,2.94,0.0,14.0,0.0
COL-sheet_1-0435,column,2.1,0.0,11.2,0.0
COL-sheet_1-0436,column,2.52,0.0,12.6,0.0
COL-sheet_1-0437,column,2.1,0.0,11.2,0.0
COL-sheet_1-0438,column,2.1,0.0,11.2,0.0
COL-sheet_1-0439,column,2.52,0.0,12.6,0.0
COL-sheet_1-0440,column,3.78,0.0,16.8,0.0
COL-sheet_1-0441,column,4.62,0.0,19.6,0.0
COL-sheet_1-0442,column,5.25,0.0,17.5,0.0
COL-sheet_1-0443,column,5.25,0.0,17.5,0.0
COL-sheet_1-0444,column,2.94,0.0,14.0,0.0
COL-sheet_1-0445,column,5.25,0.0,17.5,0.0
COL-sheet_1-0446,column,5.25,0.0,17.5,0.0
COL-sheet_1-0447,column,3.465,0.0,14.0,0.0
COL-sheet_1-0448,column,5.915,0.0,18.2,0.0
COL-sheet_1-0449,column,5.915,0.0,18.2,0.0
COL-sheet_1-0450,column,3.78,0.0,16.8,0.0
COL-sheet_1-0451,column,2.45,0.0,11.9,0.0
COL-sheet_1-0452,column,2.52,0.0,12.6,0.0
COL-sheet_1-0453,column,2.52,0.0,12.6,0.0
COL-sheet_1-0454,column,1.7752,0.0,10.178,0.0
COL-sheet_1-0455,column,1.12,0.0,8.4,0.0
COL-sheet_1-0456,column,1.12,0.0,8.4,0.0
COL-sheet_1-0457,column,1.12,0.0,8.4,0.0
COL-sheet_1-0458,column,1.1172,0.0,8.393,0.0
COL-sheet_1-0459,column,5.4782,0.0,18.41,0.0
COL-sheet_1-0460,column,10.6894,0.0,24.486,0.0
COL-sheet_1-0461,column,4.7376,0.0,16.66,0.0
COL-sheet_1-0462,column,4.942,0.0,17.955,0.0
COL-sheet_1-0463,column,5.2145,0.0,17.836,0.0
COL-sheet_1-0464,column,4.9276,0.0,21.28,0.0
COL-sheet_1-0465,column,4.8594,0.0,17.15,0.0
COL-sheet_1-0466,column,7.4633,0.0,20.566,0.0
COL-sheet_1-0467,column,8.4029,0.0,23.562,0.0
COL-sheet_1-0468,column,5.2416,0.0,17.36,0.0
COL-sheet_1-0469,column,6.7414,0.0,19.901,0.0
COL-sheet_1-0470,column,15.5853,0.0,29.834,0.0
COL-sheet_1-0471,column,13.4436,0.0,27.937,0.0
COL-sheet_1-0472,column,20.8885,0.0,34.209,0.0
COL-sheet_1-0473,column,3.9582,0.0,15.33,0.0
BM-sheet_1-0001,beam,0.0,0.0,0.043,14.195
BM-sheet_1-0002,beam,0.0,0.0,0.018,3.04
BM-sheet_1-0003,beam,0.0,0.0,0.036,4.0
BM-sheet_1-0004,beam,0.0001,0.0,0.048,4.002
BM-sheet_1-0005,beam,0.0001,0.0,0.033,2.22
BM-sheet_1-0006,beam,0.0001,0.0,0.04,2.22
BM-sheet_1-0007,beam,0.0002,0.0,0.074,3.54
BM-sheet_1-0008,beam,0.0003,0.0,0.123,5.12
BM-sheet_1-0009,beam,0.0006,0.0,0.212,7.865
BM-sheet_1-0010,beam,0.0008,0.0,0.238,7.947
BM-sheet_1-0011,beam,0.0009,0.0,0.244,7.389
BM-sheet_1-0012,beam,0.0011,0.0,0.269,7.464
BM-sheet_1-0013,beam,0.0013,0.0,0.294,7.55
BM-sheet_1-0014,beam,0.0014,0.0,0.305,7.256
BM-sheet_1-0015,beam,0.0014,0.0,0.275,6.115
BM-sheet_1-0016,beam,0.001,0.0,0.188,3.925
BM-sheet_1-0017,beam,0.0009,0.0,0.156,3.06
BM-sheet_1-0018,beam,0.002,0.0,0.33,6.115
BM-sheet_1-0019,beam,0.0014,0.0,0.224,3.925
BM-sheet_1-0020,beam,0.0012,0.0,0.184,3.06
BM-sheet_1-0021,beam,0.0018,0.0,0.252,4.0
BM-sheet_1-0022,beam,0.0019,0.0,0.264,4.002
BM-sheet_1-0023,beam,0.0021,0.0,0.276,4.0
BM-sheet_1-0024,beam,0.0023,0.0,0.288,4.002
BM-sheet_1-0025,beam,0.0025,0.0,0.3,4.0
BM-sheet_1-0026,beam,0.0027,0.0,0.312,4.0
BM-sheet_1-0027,beam,0.0018,0.0,0.204,2.52
BM-sheet_1-0028,beam,0.006,0.0,0.638,7.6
BM-sheet_1-0029,beam,2.496,0.0,15.6,7.8
BM-sheet_1-0030,beam,0.007,0.0,0.702,7.8
BM-sheet_1-0031,beam,0.0075,0.0,0.729,7.84
BM-sheet_1-0032,beam,0.0054,0.0,0.509,5.3
BM-sheet_1-0033,beam,0.0085,0.0,0.772,7.8
BM-sheet_1-0034,beam,0.009,0.0,0.796,7.8
BM-sheet_1-0035,beam,0.0065,0.0,0.557,5.3
BM-sheet_1-0036,beam,0.0101,0.0,0.842,7.8
BM-sheet_1-0037,beam,0.0107,0.0,0.866,7.8
BM-sheet_1-0038,beam,0.011,0.0,0.866,7.6
BM-sheet_1-0039,beam,2.496,0.0,15.6,7.8
BM-sheet_1-0040,beam,2.432,0.0,15.2,7.6
BM-sheet_1-0041,beam,2.496,0.0,15.6,7.8
BM-sheet_1-0042,beam,2.432,0.0,15.2,7.6
BM-sheet_1-0043,beam,2.496,0.0,15.6,7.8
BM-sheet_1-0044,beam,0.0143,0.0,0.975,7.388
BM-sheet_1-0045,beam,0.0158,0.0,1.053,7.8
BM-sheet_1-0046,beam,0.0114,0.0,0.745,5.4
BM-sheet_1-0047,beam,0.0117,0.0,0.747,5.3
BM-sheet_1-0048,beam,0.018,0.0,1.123,7.8
BM-sheet_1-0049,beam,0.0187,0.0,1.147,7.8
BM-sheet_1-0050,beam,0.0019,0.0,0.111,0.74
BM-sheet_1-0051,beam,0.0203,0.0,1.193,7.8
BM-sheet_1-0052,beam,0.0212,0.0,1.223,7.84
BM-sheet_1-0053,beam,0.0219,0.0,1.24,7.8
BM-sheet_1-0054,beam,2.5088,0.0,15.68,7.84
BM-sheet_1-0055,beam,0.0151,0.0,0.825,5.0
BM-sheet_1-0056,beam,2.5088,0.0,15.68,7.84
BM-sheet_1-0057,beam,0.0251,0.0,1.324,7.74
BM-sheet_1-0058,beam,0.0244,0.0,1.264,7.264
BM-sheet_1-0059,beam,0.0269,0.0,1.37,7.74
BM-sheet_1-0060,beam,0.0292,0.0,1.458,8.1
BM-sheet_1-0061,beam,2.592,0.0,16.2,8.1
BM-sheet_1-0062,beam,1.2864,0.0,8.04,4.02
BM-sheet_1-0063,beam,0.0213,0.0,1.016,5.376
BM-sheet_1-0064,beam,2.528,0.0,15.8,7.9
BM-sheet_1-0065,beam,2.528,0.0,15.8,7.9
BM-sheet_1-0066,beam,0.0266,0.0,1.208,6.103
BM-sheet_1-0067,beam,2.48,0.0,15.5,7.75
BM-sheet_1-0068,beam,1.1585,0.0,7.24,3.62
BM-sheet_1-0069,beam,2.4963,0.0,15.602,7.801
BM-sheet_1-0070,beam,0.0412,0.0,1.767,8.416
BM-sheet_1-0071,beam,0.0426,0.0,1.801,8.457
BM-sheet_1-0072,beam,2.656,0.0,16.6,8.3
BM-sheet_1-0073,beam,0.0118,0.0,0.486,2.221
BM-sheet_1-0074,beam,0.0239,0.0,0.97,4.37
BM-sheet_1-0075,beam,0.0118,0.0,0.472,2.097
BM-sheet_1-0076,beam,2.48,0.0,15.5,7.75
BM-sheet_1-0077,beam,1.2864,0.0,8.04,4.02
BM-sheet_1-0078,beam,0.0319,0.0,1.229,5.251
BM-sheet_1-0079,beam,1.552,0.0,9.7,4.85
BM-sheet_1-0080,beam,1.1585,0.0,7.24,3.62
BM-sheet_1-0081,beam,2.4963,0.0,15.602,7.801
BM-sheet_1-0082,beam,0.0299,0.0,1.095,4.453
BM-sheet_1-0083,beam,2.5056,0.0,15.66,7.83
BM-sheet_1-0084,beam,0.0706,0.0,2.523,10.01
BM-sheet_1-0085,beam,0.0347,0.0,1.224,4.8
BM-sheet_1-0086,beam,2.24,0.0,14.0,7.0
BM-sheet_1-0087,beam,2.24,0.0,14.0,7.0
BM-sheet_1-0088,beam,2.368,0.0,14.8,7.4
BM-sheet_1-0089,beam,0.0459,0.0,1.549,5.8
BM-sheet_1-0090,beam,0.0466,0.0,1.552,5.75
BM-sheet_1-0091,beam,2.5056,0.0,15.66,7.83
BM-sheet_1-0092,beam,0.0157,0.0,0.511,1.85
BM-sheet_1-0093,beam,1.84,0.0,11.5,5.75
BM-sheet_1-0094,beam,0.0692,0.0,2.208,7.83
BM-sheet_1-0095,beam,0.0507,0.0,1.602,5.62
BM-sheet_1-0096,beam,2.496,0.0,15.6,7.8
BM-sheet_1-0097,beam,0.0237,0.0,0.733,2.52
BM-sheet_1-0098,beam,3.1392,0.0,19.62,9.81
BM-sheet_1-0099,beam,0.0481,0.0,1.459,4.912
BM-sheet_1-0100,beam,0.0517,0.0,1.551,5.17
BM-sheet_1-0101,beam,2.368,0.0,14.8,7.4
BM-sheet_1-0102,beam,0.0812,0.0,2.387,7.8
BM-sheet_1-0103,beam,2.3668,0.0,14.792,7.396
BM-sheet_1-0104,beam,0.285,0.0,1.781,0.891
BM-sheet_1-0105,beam,0.0712,0.0,2.035,6.459
BM-sheet_1-0106,beam,2.656,0.0,16.6,8.3
BM-sheet_1-0107,beam,0.05,0.0,1.403,4.37
BM-sheet_1-0108,beam,2.656,0.0,16.6,8.3
BM-sheet_1-0109,beam,0.0614,0.0,1.691,5.17
BM-sheet_1-0110,beam,0.0932,0.0,2.541,7.7
BM-sheet_1-0111,beam,0.0698,0.0,1.886,5.662
BM-sheet_1-0112,beam,0.1016,0.0,2.722,8.1
BM-sheet_1-0113,beam,0.0983,0.0,2.61,7.7
BM-sheet_1-0114,beam,1.4426,0.0,9.016,4.508
BM-sheet_1-0115,beam,0.0652,0.0,1.7,4.929
BM-sheet_1-0116,beam,2.3659,0.0,14.787,7.394
BM-sheet_1-0117,beam,2.24,0.0,14.0,7.0
BM-sheet_1-0118,beam,0.0549,0.0,1.395,3.94
BM-sheet_1-0119,beam,0.0563,0.0,1.419,3.975
BM-sheet_1-0120,beam,0.0459,0.0,1.146,3.185
BM-sheet_1-0121,beam,0.0508,0.0,1.259,3.469
BM-sheet_1-0122,beam,0.0898,0.0,2.209,6.036
BM-sheet_1-0123,beam,0.053,0.0,1.293,3.504
BM-sheet_1-0124,beam,0.0471,0.0,1.139,3.061
BM-sheet_1-0125,beam,0.0782,0.0,1.877,5.005
BM-sheet_1-0126,beam,0.1222,0.0,2.911,7.7
BM-sheet_1-0127,beam,0.1242,0.0,2.934,7.7
BM-sheet_1-0128,beam,0.0541,0.0,1.267,3.3
BM-sheet_1-0129,beam,0.0849,0.0,1.974,5.1
BM-sheet_1-0130,beam,0.0763,0.0,1.76,4.513
BM-sheet_1-0131,beam,0.0566,0.0,1.297,3.3
BM-sheet_1-0132,beam,0.068,0.0,1.545,3.903
BM-sheet_1-0133,beam,0.1362,0.0,3.072,7.7
BM-sheet_1-0134,beam,2.5088,0.0,15.68,7.84
BM-sheet_1-0135,beam,0.1019,0.0,2.264,5.591
BM-sheet_1-0136,beam,2.5088,0.0,15.68,7.84
BM-sheet_1-0137,beam,0.0619,0.0,1.356,3.3
BM-sheet_1-0138,beam,0.1466,0.0,3.188,7.7
BM-sheet_1-0139,beam,0.1604,0.0,3.461,8.3
BM-sheet_1-0140,beam,1.84,0.0,11.5,5.75
BM-sheet_1-0141,beam,0.1511,0.0,3.215,7.6
BM-sheet_1-0142,beam,3.0304,0.0,18.94,9.47
BM-sheet_1-0143,beam,0.1515,0.0,3.179,7.41
BM-sheet_1-0144,beam,0.1534,0.0,3.197,7.4
BM-sheet_1-0145,beam,0.1307,0.0,2.705,6.218
BM-sheet_1-0146,beam,2.24,0.0,14.0,7.0
BM-sheet_1-0147,beam,3.0304,0.0,18.94,9.47
BM-sheet_1-0148,beam,2.368,0.0,14.8,7.4
BM-sheet_1-0149,beam,0.1738,0.0,3.5,7.83
BM-sheet_1-0150,beam,0.0904,0.0,1.809,4.02
BM-sheet_1-0151,beam,0.1596,0.0,3.171,7.0
BM-sheet_1-0152,beam,0.1328,0.0,2.622,5.75
BM-sheet_1-0153,beam,0.0941,0.0,1.845,4.02
BM-sheet_1-0154,beam,0.1513,0.0,2.947,6.379
BM-sheet_1-0155,beam,0.0247,0.0,0.478,1.029
BM-sheet_1-0156,beam,0.1704,0.0,3.276,7.0
BM-sheet_1-0157,beam,0.1574,0.0,3.007,6.384
BM-sheet_1-0158,beam,0.0462,0.0,0.877,1.85
BM-sheet_1-0159,beam,0.1876,0.0,3.539,7.419
BM-sheet_1-0160,beam,2.656,0.0,16.6,8.3
BM-sheet_1-0161,beam,0.1923,0.0,3.583,7.419
BM-sheet_1-0162,beam,2.656,0.0,16.6,8.3
BM-sheet_1-0163,beam,0.0492,0.0,0.905,1.85
BM-sheet_1-0164,beam,0.0498,0.0,0.91,1.85
BM-sheet_1-0165,beam,0.1697,0.0,3.086,6.234
BM-sheet_1-0166,beam,0.1549,0.0,2.799,5.62
BM-sheet_1-0167,beam,0.2106,0.0,3.783,7.55
BM-sheet_1-0168,beam,2.656,0.0,16.6,8.3
BM-sheet_1-0169,beam,0.1605,0.0,2.849,5.62
BM-sheet_1-0170,beam,2.656,0.0,16.6,8.3
BM-sheet_1-0171,beam,0.237,0.0,4.158,8.106
BM-sheet_1-0172,beam,0.214,0.0,3.732,7.233
BM-sheet_1-0173,beam,0.1435,0.0,2.488,4.795
BM-sheet_1-0174,beam,1.3093,0.0,8.183,4.092
BM-sheet_1-0175,beam,2.656,0.0,16.6,8.3
BM-sheet_1-0176,beam,2.56,0.0,16.0,8.0
BM-sheet_1-0177,beam,0.0665,0.0,1.127,2.122
BM-sheet_1-0178,beam,0.1711,0.0,2.884,5.4
BM-sheet_1-0179,beam,2.1679,0.0,13.549,6.775
BM-sheet_1-0180,beam,0.093,0.0,1.55,2.871
BM-sheet_1-0181,beam,2.1703,0.0,13.565,6.782
BM-sheet_1-0182,beam,2.512,0.0,15.7,7.85
BM-sheet_1-0183,beam,0.0944,0.0,1.548,2.82
BM-sheet_1-0184,beam,2.432,0.0,15.2,7.6
BM-sheet_1-0185,beam,2.624,0.0,16.4,8.2
BM-sheet_1-0186,beam,0.0924,0.0,1.49,2.67
BM-sheet_1-0187,beam,2.432,0.0,15.2,7.6
BM-sheet_1-0188,beam,2.464,0.0,15.4,7.7
BM-sheet_1-0189,beam,0.2751,0.0,4.366,7.7
BM-sheet_1-0190,beam,0.2671,0.0,4.218,7.4
BM-sheet_1-0191,beam,0.2265,0.0,3.557,6.208
BM-sheet_1-0192,beam,0.2728,0.0,4.262,7.4
BM-sheet_1-0193,beam,0.0781,0.0,1.213,2.096
BM-sheet_1-0194,beam,0.277,0.0,4.284,7.36
BM-sheet_1-0195,beam,0.2799,0.0,4.306,7.36
BM-sheet_1-0196,beam,0.1014,0.0,1.552,2.639
BM-sheet_1-0197,beam,0.2872,0.0,4.373,7.4
BM-sheet_1-0198,beam,3.1392,0.0,19.62,9.81
BM-sheet_1-0199,beam,0.0998,0.0,1.504,2.52
BM-sheet_1-0200,beam,3.1392,0.0,19.62,9.81
BM-sheet_1-0201,beam,0.1955,0.0,2.918,4.839
BM-sheet_1-0202,beam,0.1028,0.0,1.527,2.52
BM-sheet_1-0203,beam,2.496,0.0,15.6,7.8
BM-sheet_1-0204,beam,2.432,0.0,15.2,7.6
BM-sheet_1-0205,beam,3.1392,0.0,19.62,9.81
BM-sheet_1-0206,beam,2.4435,0.0,15.272,7.636
BM-sheet_1-0207,beam,0.2485,0.0,3.602,5.8
BM-sheet_1-0208,beam,0.1069,0.0,1.541,2.47
BM-sheet_1-0209,beam,0.1079,0.0,1.549,2.47
BM-sheet_1-0210,beam,0.2781,0.0,3.973,6.306
BM-sheet_1-0211,beam,2.368,0.0,14.8,7.4
BM-sheet_1-0212,beam,2.496,0.0,15.6,7.8
BM-sheet_1-0213,beam,0.1404,0.0,1.977,3.094
BM-sheet_1-0214,beam,0.1841,0.0,2.581,4.02
BM-sheet_1-0215,beam,0.1858,0.0,2.593,4.02
BM-sheet_1-0216,beam,2.4717,0.0,15.448,7.724
BM-sheet_1-0217,beam,1.952,0.0,12.2,6.1
BM-sheet_1-0218,beam,0.0772,0.0,1.063,1.625
BM-sheet_1-0219,beam,0.896,0.0,5.6,2.8
BM-sheet_1-0220,beam,0.2372,0.0,3.234,4.9
BM-sheet_1-0221,beam,2.4008,0.0,15.005,7.503
BM-sheet_1-0222,beam,0.3819,0.0,5.161,7.749
BM-sheet_1-0223,beam,1.6693,0.0,10.433,5.217
BM-sheet_1-0224,beam,0.3989,0.0,5.342,7.949
BM-sheet_1-0225,beam,1.695,0.0,10.594,5.297
BM-sheet_1-0226,beam,0.2824,0.0,3.749,5.529
BM-sheet_1-0227,beam,0.2785,0.0,3.681,5.405
BM-sheet_1-0228,beam,2.4681,0.0,15.425,7.713
BM-sheet_1-0229,beam,0.4064,0.0,5.324,7.75
BM-sheet_1-0230,beam,0.1637,0.0,2.135,3.094
BM-sheet_1-0231,beam,2.576,0.0,16.1,8.05
BM-sheet_1-0232,beam,0.4364,0.0,5.644,8.108
BM-sheet_1-0233,beam,2.4067,0.0,15.042,7.521
BM-sheet_1-0234,beam,0.3249,0.0,2.031,1.015
BM-sheet_1-0235,beam,2.576,0.0,16.1,8.05
BM-sheet_1-0236,beam,0.2002,0.0,2.545,3.594
BM-sheet_1-0237,beam,2.576,0.0,16.1,8.05
BM-sheet_1-0238,beam,2.464,0.0,15.4,7.7
BM-sheet_1-0239,beam,0.2051,0.0,2.574,3.591
BM-sheet_1-0240,beam,2.576,0.0,16.1,8.05
BM-sheet_1-0241,beam,0.3832,0.0,4.77,6.597
BM-sheet_1-0242,beam,0.4122,0.0,5.11,7.039
BM-sheet_1-0243,beam,0.4077,0.0,5.033,6.904
BM-sheet_1-0244,beam,0.2437,0.0,2.996,4.093
BM-sheet_1-0245,beam,2.496,0.0,15.6,7.8
BM-sheet_1-0246,beam,0.2477,0.0,3.02,4.093
BM-sheet_1-0247,beam,0.2191,0.0,2.661,3.591
BM-sheet_1-0248,beam,2.416,0.0,15.1,7.55
BM-sheet_1-0249,beam,0.4774,0.0,5.752,7.7
BM-sheet_1-0250,beam,1.5522,0.0,9.701,4.851
BM-sheet_1-0251,beam,0.2263,0.0,2.704,3.591
BM-sheet_1-0252,beam,2.496,0.0,15.6,7.8
BM-sheet_1-0253,beam,2.496,0.0,15.6,7.8
BM-sheet_1-0254,beam,0.5226,0.0,6.172,8.1
BM-sheet_1-0255,beam,0.2578,0.0,3.033,3.964
BM-sheet_1-0256,beam,0.1921,0.0,2.251,2.931
BM-sheet_1-0257,beam,0.1913,0.0,2.233,2.896
BM-sheet_1-0258,beam,0.2574,0.0,2.994,3.868
BM-sheet_1-0259,beam,0.3051,0.0,3.534,4.548
BM-sheet_1-0260,beam,0.2508,0.0,2.894,3.71
BM-sheet_1-0261,beam,2.368,0.0,14.8,7.4
BM-sheet_1-0262,beam,0.2547,0.0,2.916,3.71
BM-sheet_1-0263,beam,2.496,0.0,15.6,7.8
BM-sheet_1-0264,beam,0.3445,0.0,3.915,4.943
BM-sheet_1-0265,beam,0.4705,0.0,5.326,6.7
BM-sheet_1-0266,beam,2.496,0.0,15.6,7.8
BM-sheet_1-0267,beam,2.4,0.0,15.0,7.5
BM-sheet_1-0268,beam,0.553,0.0,6.191,7.7
BM-sheet_1-0269,beam,0.5572,0.0,6.214,7.7
BM-sheet_1-0270,beam,2.528,0.0,15.8,7.9
BM-sheet_1-0271,beam,0.5655,0.0,6.26,7.7
BM-sheet_1-0272,beam,0.3791,0.0,4.181,5.124
BM-sheet_1-0273,beam,0.5739,0.0,6.306,7.7
BM-sheet_1-0274,beam,0.2478,0.0,2.713,3.3
BM-sheet_1-0275,beam,0.2496,0.0,2.722,3.3
BM-sheet_1-0276,beam,0.259,0.0,2.815,3.4
BM-sheet_1-0277,beam,0.5908,0.0,6.399,7.7
BM-sheet_1-0278,beam,0.5874,0.0,6.338,7.6
BM-sheet_1-0279,beam,0.469,0.0,5.043,6.025
BM-sheet_1-0280,beam,0.4653,0.0,4.986,5.936
BM-sheet_1-0281,beam,0.4027,0.0,4.299,5.1
BM-sheet_1-0282,beam,0.4518,0.0,4.806,5.681
BM-sheet_1-0283,beam,0.0853,0.0,0.904,1.065
BM-sheet_1-0284,beam,0.5834,0.0,6.163,7.233
BM-sheet_1-0285,beam,0.0925,0.0,0.973,1.138
BM-sheet_1-0286,beam,0.6371,0.0,6.683,7.789
BM-sheet_1-0287,beam,2.56,0.0,16.0,8.0
BM-sheet_1-0288,beam,1.312,0.0,8.2,4.1
BM-sheet_1-0289,beam,0.677,0.0,7.028,8.106
BM-sheet_1-0290,beam,0.5382,0.0,5.568,6.4
BM-sheet_1-0291,beam,2.624,0.0,16.4,8.2
BM-sheet_1-0292,beam,0.6992,0.0,7.183,8.2
BM-sheet_1-0293,beam,0.704,0.0,7.208,8.2
BM-sheet_1-0294,beam,0.6569,0.0,6.703,7.6
BM-sheet_1-0295,beam,0.7401,0.0,7.526,8.504
BM-sheet_1-0296,beam,0.6659,0.0,6.749,7.6
BM-sheet_1-0297,beam,0.3791,0.0,3.829,4.297
BM-sheet_1-0298,beam,1.3093,0.0,8.183,4.092
BM-sheet_1-0299,beam,0.0916,0.0,0.919,1.025
BM-sheet_1-0300,beam,0.7733,0.0,7.733,8.592
BM-sheet_1-0301,beam,1.312,0.0,8.2,4.1
BM-sheet_1-0302,beam,1.312,0.0,8.2,4.1
BM-sheet_1-0303,beam,0.0941,0.0,0.931,1.025
BM-sheet_1-0304,beam,1.3093,0.0,8.183,4.092
BM-sheet_1-0305,beam,0.0957,0.0,0.941,1.029
BM-sheet_1-0306,beam,0.3135,0.0,3.074,3.348
BM-sheet_1-0307,beam,1.216,0.0,7.6,3.8
BM-sheet_1-0308,beam,0.3004,0.0,2.926,3.166
BM-sheet_1-0309,beam,1.216,0.0,7.6,3.8
BM-sheet_1-0310,beam,0.3844,0.0,3.72,4.0
BM-sheet_1-0311,beam,0.2154,0.0,2.078,2.227
BM-sheet_1-0312,beam,0.7495,0.0,7.207,7.7
BM-sheet_1-0313,beam,0.2004,0.0,1.92,2.045
BM-sheet_1-0314,beam,2.528,0.0,15.8,7.9
BM-sheet_1-0315,beam,0.3771,0.0,3.591,3.8
BM-sheet_1-0316,beam,0.7289,0.0,6.92,7.3
BM-sheet_1-0317,beam,2.4,0.0,15.0,7.5
BM-sheet_1-0318,beam,0.1456,0.0,1.374,1.44
BM-sheet_1-0319,beam,1.216,0.0,7.6,3.8
BM-sheet_1-0320,beam,0.1288,0.0,1.208,1.258
BM-sheet_1-0321,beam,1.216,0.0,7.6,3.8
BM-sheet_1-0322,beam,0.8398,0.0,7.825,8.1
BM-sheet_1-0323,beam,0.8451,0.0,7.849,8.1
BM-sheet_1-0324,beam,0.321,0.0,2.973,3.058
BM-sheet_1-0325,beam,0.8239,0.0,7.605,7.8
BM-sheet_1-0326,beam,0.829,0.0,7.628,7.8
BM-sheet_1-0327,beam,0.3264,0.0,2.994,3.052
BM-sheet_1-0328,beam,0.539,0.0,4.929,5.01
BM-sheet_1-0329,beam,0.5225,0.0,4.765,4.828
BM-sheet_1-0330,beam,2.496,0.0,15.6,7.8
BM-sheet_1-0331,beam,2.496,0.0,15.6,7.8
BM-sheet_1-0332,beam,0.8046,0.0,7.271,7.3
BM-sheet_1-0333,beam,0.6536,0.0,5.888,5.894
BM-sheet_1-0334,beam,0.9041,0.0,8.121,8.104
BM-sheet_1-0335,beam,0.9619,0.0,8.614,8.571
BM-sheet_1-0336,beam,0.5364,0.0,4.789,4.751
BM-sheet_1-0337,beam,0.8174,0.0,7.276,7.197
BM-sheet_1-0338,beam,0.706,0.0,6.266,6.18
BM-sheet_1-0339,beam,0.214,0.0,1.894,1.862
BM-sheet_1-0340,beam,0.9364,0.0,8.262,8.1
BM-sheet_1-0341,beam,2.496,0.0,15.6,7.8
BM-sheet_1-0342,beam,0.2073,0.0,1.818,1.772
BM-sheet_1-0343,beam,2.5934,0.0,16.209,8.104
BM-sheet_1-0344,beam,1.696,0.0,10.6,5.3
BM-sheet_1-0345,beam,1.696,0.0,10.6,5.3
BM-sheet_1-0346,beam,2.496,0.0,15.6,7.8
BM-sheet_1-0347,beam,0.3726,0.0,3.221,3.094
BM-sheet_1-0348,beam,0.7484,0.0,6.452,6.18
BM-sheet_1-0349,beam,2.432,0.0,15.2,7.6
BM-sheet_1-0350,beam,2.8892,0.0,18.058,9.029
BM-sheet_1-0351,beam,0.8978,0.0,5.611,2.805
BM-sheet_1-0352,beam,2.4461,0.0,15.288,7.644
BM-sheet_1-0353,beam,0.3738,0.0,3.177,3.0
BM-sheet_1-0354,beam,0.9649,0.0,8.177,7.7
BM-sheet_1-0355,beam,2.464,0.0,15.4,7.7
BM-sheet_1-0356,beam,0.9759,0.0,8.224,7.7
BM-sheet_1-0357,beam,1.0047,0.0,8.443,7.883
BM-sheet_1-0358,beam,0.7251,0.0,6.076,5.658
BM-sheet_1-0359,beam,0.3609,0.0,3.016,2.8
BM-sheet_1-0360,beam,1.958,0.0,12.237,6.119
BM-sheet_1-0361,beam,1.0052,0.0,8.354,7.714
BM-sheet_1-0362,beam,0.9566,0.0,7.928,7.3
BM-sheet_1-0363,beam,0.9883,0.0,8.167,7.5
BM-sheet_1-0364,beam,1.0104,0.0,8.327,7.626
BM-sheet_1-0365,beam,1.986,0.0,12.413,6.206
BM-sheet_1-0366,beam,1.4856,0.0,9.285,4.643
BM-sheet_1-0367,beam,0.4168,0.0,3.407,3.094
BM-sheet_1-0368,beam,1.5137,0.0,9.46,4.73
BM-sheet_1-0369,beam,0.4892,0.0,3.977,3.593
BM-sheet_1-0370,beam,0.4919,0.0,3.988,3.593
BM-sheet_1-0371,beam,0.5633,0.0,4.555,4.093
BM-sheet_1-0372,beam,0.5664,0.0,4.568,4.093
BM-sheet_1-0373,beam,1.0713,0.0,8.616,7.7
BM-sheet_1-0374,beam,2.4,0.0,15.0,7.5
BM-sheet_1-0375,beam,2.496,0.0,15.6,7.8
BM-sheet_1-0376,beam,0.9684,0.0,7.727,6.85
BM-sheet_1-0377,beam,0.7533,0.0,5.994,5.3
BM-sheet_1-0378,beam,2.576,0.0,16.1,8.05
BM-sheet_1-0379,beam,2.368,0.0,14.8,7.4
BM-sheet_1-0380,beam,2.544,0.0,15.9,7.95
BM-sheet_1-0381,beam,0.8299,0.0,6.535,5.717
BM-sheet_1-0382,beam,2.6784,0.0,16.74,8.37
BM-sheet_1-0383,beam,2.4419,0.0,15.262,7.631
BM-sheet_1-0384,beam,2.5273,0.0,15.796,7.898
BM-sheet_1-0385,beam,2.5668,0.0,16.042,8.021
BM-sheet_1-0386,beam,0.8406,0.0,6.533,5.642
BM-sheet_1-0387,beam,2.7271,0.0,17.044,8.522
BM-sheet_1-0388,beam,2.4702,0.0,15.438,7.719
BM-sheet_1-0389,beam,1.2844,0.0,8.027,4.014
BM-sheet_1-0390,beam,1.1331,0.0,8.716,7.45
BM-sheet_1-0391,beam,1.1168,0.0,6.98,3.49
BM-sheet_1-0392,beam,1.1858,0.0,7.411,3.706
BM-sheet_1-0393,beam,1.2047,0.0,9.196,7.8
BM-sheet_1-0394,beam,1.2419,0.0,9.456,8.0
BM-sheet_1-0395,beam,1.2794,0.0,9.717,8.2
BM-sheet_1-0396,beam,1.2232,0.0,9.266,7.8
BM-sheet_1-0397,beam,1.234,0.0,9.325,7.829
BM-sheet_1-0398,beam,1.2672,0.0,9.552,8.0
BM-sheet_1-0399,beam,1.2418,0.0,9.337,7.8
BM-sheet_1-0400,beam,1.312,0.0,9.84,8.2
BM-sheet_1-0401,beam,1.2542,0.0,9.383,7.8
BM-sheet_1-0402,beam,1.616,0.0,10.1,5.05
BM-sheet_1-0403,beam,1.2572,0.0,9.359,7.741
BM-sheet_1-0404,beam,2.56,0.0,16.0,8.0
BM-sheet_1-0405,beam,0.2913,0.0,1.82,0.91
BM-sheet_1-0406,beam,2.56,0.0,16.0,8.0
BM-sheet_1-0407,beam,0.2631,0.0,1.644,0.822
BM-sheet_1-0408,beam,1.2984,0.0,9.547,7.8
BM-sheet_1-0409,beam,1.3048,0.0,9.571,7.8
BM-sheet_1-0410,beam,1.3112,0.0,9.594,7.8
BM-sheet_1-0411,beam,1.3176,0.0,9.617,7.8
BM-sheet_1-0412,beam,1.2167,0.0,7.604,3.802
BM-sheet_1-0413,beam,2.5273,0.0,15.796,7.898
BM-sheet_1-0414,beam,0.5343,0.0,3.872,3.117
BM-sheet_1-0415,beam,0.7578,0.0,5.478,4.4
BM-sheet_1-0416,beam,1.2167,0.0,7.604,3.802
BM-sheet_1-0417,beam,2.5273,0.0,15.796,7.898
BM-sheet_1-0418,beam,1.4162,0.0,10.164,8.105
BM-sheet_1-0419,beam,1.3518,0.0,9.679,7.7
BM-sheet_1-0420,beam,0.0816,0.0,0.583,0.462
BM-sheet_1-0421,beam,1.3648,0.0,9.725,7.7
BM-sheet_1-0422,beam,0.0824,0.0,0.586,0.463
BM-sheet_1-0423,beam,1.3771,0.0,9.767,7.696
BM-sheet_1-0424,beam,0.1737,0.0,1.229,0.966
BM-sheet_1-0425,beam,0.1745,0.0,1.232,0.966
BM-sheet_1-0426,beam,1.3967,0.0,9.836,7.696
BM-sheet_1-0427,beam,1.1203,0.0,7.871,6.144
BM-sheet_1-0428,beam,1.6784,0.0,11.765,9.162
BM-sheet_1-0429,beam,1.1308,0.0,7.908,6.144
BM-sheet_1-0430,beam,1.6942,0.0,11.82,9.163
BM-sheet_1-0431,beam,1.4118,0.0,9.827,7.6
BM-sheet_1-0432,beam,1.4557,0.0,10.109,7.8
BM-sheet_1-0433,beam,0.6602,0.0,4.574,3.521
BM-sheet_1-0434,beam,1.2561,0.0,8.682,6.669
BM-sheet_1-0435,beam,0.6663,0.0,4.596,3.521
BM-sheet_1-0436,beam,1.4827,0.0,10.202,7.8
BM-sheet_1-0437,beam,1.1514,0.0,7.905,6.029
BM-sheet_1-0438,beam,1.1567,0.0,7.923,6.029
BM-sheet_1-0439,beam,1.484,0.0,10.141,7.7
BM-sheet_1-0440,beam,1.4823,0.0,10.107,7.657
BM-sheet_1-0441,beam,1.4537,0.0,9.889,7.475
BM-sheet_1-0442,beam,1.5629,0.0,10.608,8.0
BM-sheet_1-0443,beam,1.5111,0.0,10.233,7.7
BM-sheet_1-0444,beam,1.5179,0.0,10.256,7.7
BM-sheet_1-0445,beam,1.5248,0.0,10.279,7.7
BM-sheet_1-0446,beam,1.5317,0.0,10.303,7.7
BM-sheet_1-0447,beam,1.019,0.0,6.839,5.1
BM-sheet_1-0448,beam,1.6056,0.0,10.752,8.0
BM-sheet_1-0449,beam,1.5523,0.0,10.372,7.7
BM-sheet_1-0450,beam,1.5592,0.0,10.395,7.7
BM-sheet_1-0451,beam,1.5662,0.0,10.418,7.7
BM-sheet_1-0452,beam,1.5731,0.0,10.441,7.7
BM-sheet_1-0453,beam,1.5801,0.0,10.464,7.7
BM-sheet_1-0454,beam,1.5665,0.0,10.351,7.6
BM-sheet_1-0455,beam,1.0558,0.0,6.961,5.1
BM-sheet_1-0456,beam,1.6219,0.0,10.67,7.8
BM-sheet_1-0457,beam,1.7264,0.0,11.333,8.266
BM-sheet_1-0458,beam,1.3423,0.0,8.792,6.399
BM-sheet_1-0459,beam,1.0795,0.0,7.055,5.124
BM-sheet_1-0460,beam,1.3542,0.0,8.832,6.4
BM-sheet_1-0461,beam,1.7143,0.0,11.156,8.067
BM-sheet_1-0462,beam,1.6425,0.0,10.665,7.695
BM-sheet_1-0463,beam,1.7292,0.0,11.204,8.067
BM-sheet_1-0464,beam,1.6578,0.0,10.718,7.7
BM-sheet_1-0465,beam,0.8967,0.0,5.785,4.147
BM-sheet_1-0466,beam,0.933,0.0,6.006,4.296
BM-sheet_1-0467,beam,0.9043,0.0,5.809,4.146
BM-sheet_1-0468,beam,1.8105,0.0,11.606,8.266
BM-sheet_1-0469,beam,1.8183,0.0,11.631,8.266
BM-sheet_1-0470,beam,1.4137,0.0,9.023,6.4
BM-sheet_1-0471,beam,1.0646,0.0,6.781,4.799
BM-sheet_1-0472,beam,0.6408,0.0,4.073,2.876
BM-sheet_1-0473,beam,1.1677,0.0,7.406,5.219
BM-sheet_1-0474,beam,1.6499,0.0,10.312,5.156
BM-sheet_1-0475,beam,1.6893,0.0,10.558,5.279
BM-sheet_1-0476,beam,2.9591,0.0,18.495,9.247
BM-sheet_1-0477,beam,1.713,0.0,10.774,7.529
BM-sheet_1-0478,beam,1.7202,0.0,10.796,7.529
BM-sheet_1-0479,beam,0.5307,0.0,3.324,2.313
BM-sheet_1-0480,beam,0.6625,0.0,4.14,2.875
BM-sheet_1-0481,beam,0.5455,0.0,3.402,2.358
BM-sheet_1-0482,beam,0.6705,0.0,4.173,2.886
BM-sheet_1-0483,beam,0.7256,0.0,4.507,3.11
BM-sheet_1-0484,beam,0.7286,0.0,4.516,3.11
BM-sheet_1-0485,beam,2.5535,0.0,15.795,10.856
BM-sheet_1-0486,beam,1.5751,0.0,9.723,6.669
BM-sheet_1-0487,beam,2.464,0.0,15.4,7.7
BM-sheet_1-0488,beam,1.7861,0.0,10.98,7.5
BM-sheet_1-0489,beam,2.528,0.0,15.8,7.9
BM-sheet_1-0490,beam,1.7527,0.0,10.731,7.3
BM-sheet_1-0491,beam,1.9929,0.0,12.176,8.266
BM-sheet_1-0492,beam,2.48,0.0,15.5,7.75
BM-sheet_1-0493,beam,2.5088,0.0,15.68,7.84
BM-sheet_1-0494,beam,2.5088,0.0,15.68,7.84
BM-sheet_1-0495,beam,1.8867,0.0,11.434,7.7
BM-sheet_1-0496,beam,1.8931,0.0,11.45,7.695
BM-sheet_1-0497,beam,0.6948,0.0,4.343,2.171
BM-sheet_1-0498,beam,1.9592,0.0,11.803,7.9
BM-sheet_1-0499,beam,1.992,0.0,11.976,8.0
BM-sheet_1-0500,beam,1.9744,0.0,11.847,7.898
BM-sheet_1-0501,beam,0.9544,0.0,5.715,3.802
BM-sheet_1-0502,beam,2.496,0.0,15.6,7.8
BM-sheet_1-0503,beam,0.7465,0.0,4.666,2.333
BM-sheet_1-0504,beam,1.9421,0.0,11.56,7.646
BM-sheet_1-0505,beam,2.0165,0.0,11.979,7.907
BM-sheet_1-0506,beam,2.0227,0.0,11.992,7.9
BM-sheet_1-0507,beam,1.131,0.0,6.692,4.4
BM-sheet_1-0508,beam,2.0387,0.0,12.04,7.9
BM-sheet_1-0509,beam,0.9851,0.0,5.806,3.802
BM-sheet_1-0510,beam,2.0542,0.0,12.084,7.898
BM-sheet_1-0511,beam,0.9928,0.0,5.829,3.802
BM-sheet_1-0512,beam,2.496,0.0,15.6,7.8
BM-sheet_1-0513,beam,2.0121,0.0,11.766,7.646
BM-sheet_1-0514,beam,2.0866,0.0,12.178,7.898
BM-sheet_1-0515,beam,2.1218,0.0,12.36,8.0
BM-sheet_1-0516,beam,2.0357,0.0,11.835,7.646
BM-sheet_1-0517,beam,1.1761,0.0,6.824,4.4
BM-sheet_1-0518,beam,2.0515,0.0,11.881,7.646
BM-sheet_1-0519,beam,2.1274,0.0,12.297,7.898
BM-sheet_1-0520,beam,1.3539,0.0,7.811,5.007
BM-sheet_1-0521,beam,1.0321,0.0,5.943,3.802
BM-sheet_1-0522,beam,2.1539,0.0,12.379,7.905
BM-sheet_1-0523,beam,1.3454,0.0,7.718,4.919
BM-sheet_1-0524,beam,2.1966,0.0,12.576,8.0
BM-sheet_1-0525,beam,1.512,0.0,8.64,5.486
BM-sheet_1-0526,beam,1.4934,0.0,8.517,5.398
BM-sheet_1-0527,beam,2.2252,0.0,12.667,8.012
BM-sheet_1-0528,beam,1.3573,0.0,7.712,4.868
BM-sheet_1-0529,beam,2.2381,0.0,12.692,7.998
BM-sheet_1-0530,beam,1.3746,0.0,7.781,4.894
BM-sheet_1-0531,beam,2.2557,0.0,12.744,8.0
BM-sheet_1-0532,beam,2.2359,0.0,12.608,7.9
BM-sheet_1-0533,beam,2.256,0.0,14.1,7.05
BM-sheet_1-0534,beam,1.4239,0.0,8.899,4.45
BM-sheet_1-0535,beam,1.4884,0.0,8.346,5.2
BM-sheet_1-0536,beam,0.3826,0.0,2.142,1.332
BM-sheet_1-0537,beam,2.3854,0.0,13.327,8.272
BM-sheet_1-0538,beam,1.6813,0.0,9.375,5.809
BM-sheet_1-0539,beam,1.52,0.0,9.5,4.75
BM-sheet_1-0540,beam,2.496,0.0,15.6,7.8
BM-sheet_1-0541,beam,2.3414,0.0,12.984,8.0
BM-sheet_1-0542,beam,1.696,0.0,10.6,5.3
BM-sheet_1-0543,beam,1.632,0.0,10.2,5.1
BM-sheet_1-0544,beam,0.2945,0.0,1.624,0.995
BM-sheet_1-0545,beam,0.2186,0.0,1.203,0.736
BM-sheet_1-0546,beam,1.3117,0.0,7.207,4.4
BM-sheet_1-0547,beam,2.0945,0.0,11.487,7.0
BM-sheet_1-0548,beam,0.1104,0.0,0.604,0.368
BM-sheet_1-0549,beam,2.496,0.0,15.6,7.8
BM-sheet_1-0550,beam,1.696,0.0,10.6,5.3
BM-sheet_1-0551,beam,1.5787,0.0,8.596,5.2
BM-sheet_1-0552,beam,2.1329,0.0,11.592,7.0
BM-sheet_1-0553,beam,2.352,0.0,14.7,7.35
BM-sheet_1-0554,beam,1.6193,0.0,10.121,5.06
BM-sheet_1-0555,beam,1.5709,0.0,8.491,5.1
BM-sheet_1-0556,beam,2.4731,0.0,13.344,8.0
BM-sheet_1-0557,beam,1.52,0.0,9.5,4.75
BM-sheet_1-0558,beam,1.588,0.0,8.537,5.1
BM-sheet_1-0559,beam,2.416,0.0,15.1,7.55
BM-sheet_1-0560,beam,2.352,0.0,14.7,7.35
BM-sheet_1-0561,beam,1.408,0.0,8.8,4.4
BM-sheet_1-0562,beam,2.3846,0.0,12.729,7.55
BM-sheet_1-0563,beam,1.632,0.0,10.2,5.1
BM-sheet_1-0564,beam,1.344,0.0,8.4,4.2
BM-sheet_1-0565,beam,1.3407,0.0,7.119,4.2
BM-sheet_1-0566,beam,1.6398,0.0,10.249,5.124
BM-sheet_1-0567,beam,2.4272,0.0,12.843,7.55
BM-sheet_1-0568,beam,2.56,0.0,16.0,8.0
BM-sheet_1-0569,beam,1.6335,0.0,10.209,5.105
BM-sheet_1-0570,beam,2.3349,0.0,12.289,7.187
BM-sheet_1-0571,beam,1.4346,0.0,7.537,4.4
BM-sheet_1-0572,beam,2.3856,0.0,14.91,7.455
BM-sheet_1-0573,beam,2.9385,0.0,15.385,8.95
BM-sheet_1-0574,beam,0.972,0.0,5.08,2.95
BM-sheet_1-0575,beam,2.032,0.0,12.7,6.35
BM-sheet_1-0576,beam,2.0847,0.0,13.029,6.515
BM-sheet_1-0577,beam,0.1916,0.0,0.996,0.576
BM-sheet_1-0578,beam,2.2384,0.0,11.618,6.7
BM-sheet_1-0579,beam,1.424,0.0,8.9,4.45
BM-sheet_1-0580,beam,2.3253,0.0,12.027,6.912
BM-sheet_1-0581,beam,1.2842,0.0,6.631,3.804
BM-sheet_1-0582,beam,1.9656,0.0,10.132,5.803
BM-sheet_1-0583,beam,2.1806,0.0,11.221,6.416
BM-sheet_1-0584,beam,2.8638,0.0,14.711,8.397
BM-sheet_1-0585,beam,2.048,0.0,12.8,6.4
BM-sheet_1-0586,beam,1.4505,0.0,7.426,4.224
BM-sheet_1-0587,beam,2.496,0.0,15.6,7.8
BM-sheet_1-0588,beam,1.6193,0.0,10.121,5.06
BM-sheet_1-0589,beam,1.0234,0.0,5.213,2.95
BM-sheet_1-0590,beam,2.0486,0.0,10.417,5.885
BM-sheet_1-0591,beam,1.467,0.0,7.447,4.2
BM-sheet_1-0592,beam,2.3876,0.0,12.1,6.813
BM-sheet_1-0593,beam,1.696,0.0,10.6,5.3
BM-sheet_1-0594,beam,2.56,0.0,16.0,8.0
BM-sheet_1-0595,beam,1.0444,0.0,5.266,2.95
BM-sheet_1-0596,beam,2.5931,0.0,13.052,7.3
BM-sheet_1-0597,beam,1.0514,0.0,5.283,2.95
BM-sheet_1-0598,beam,1.0549,0.0,5.292,2.95
BM-sheet_1-0599,beam,1.696,0.0,10.6,5.3
BM-sheet_1-0600,beam,0.3852,0.0,1.926,1.07
BM-sheet_1-0601,beam,1.3726,0.0,6.851,3.8
BM-sheet_1-0602,beam,2.24,0.0,14.0,7.0
BM-sheet_1-0603,beam,2.0946,0.0,10.421,5.761
BM-sheet_1-0604,beam,2.24,0.0,14.0,7.0
BM-sheet_1-0605,beam,0.3916,0.0,1.942,1.07
BM-sheet_1-0606,beam,2.336,0.0,14.6,7.3
BM-sheet_1-0607,beam,1.696,0.0,10.6,5.3
BM-sheet_1-0608,beam,2.336,0.0,14.6,7.3
BM-sheet_1-0609,beam,2.496,0.0,15.6,7.8
BM-sheet_1-0610,beam,2.3408,0.0,11.512,6.291
BM-sheet_1-0611,beam,0.7728,0.0,3.794,2.07
BM-sheet_1-0612,beam,0.6892,0.0,3.378,1.84
BM-sheet_1-0613,beam,0.7778,0.0,3.807,2.07
BM-sheet_1-0614,beam,2.336,0.0,14.6,7.3
BM-sheet_1-0615,beam,3.0258,0.0,14.76,8.0
BM-sheet_1-0616,beam,2.5424,0.0,12.382,6.7
BM-sheet_1-0617,beam,3.0074,0.0,14.623,7.9
BM-sheet_1-0618,beam,1.7922,0.0,8.7,4.693
BM-sheet_1-0619,beam,1.696,0.0,10.6,5.3
BM-sheet_1-0620,beam,2.528,0.0,15.8,7.9
BM-sheet_1-0621,beam,1.696,0.0,10.6,5.3
BM-sheet_1-0622,beam,2.496,0.0,15.6,7.8
BM-sheet_1-0623,beam,1.632,0.0,10.2,5.1
BM-sheet_1-0624,beam,2.496,0.0,15.6,7.8
BM-sheet_1-0625,beam,2.24,0.0,14.0,7.0
BM-sheet_1-0626,beam,3.0174,0.0,14.461,7.7
BM-sheet_1-0627,beam,3.145,0.0,15.048,8.0
BM-sheet_1-0628,beam,0.7897,0.0,3.772,2.002
BM-sheet_1-0629,beam,2.0573,0.0,9.812,5.2
BM-sheet_1-0630,beam,1.408,0.0,8.8,4.4
BM-sheet_1-0631,beam,2.5273,0.0,15.796,7.898
BM-sheet_1-0632,beam,2.9358,0.0,13.936,7.35
BM-sheet_1-0633,beam,3.2456,0.0,15.382,8.1
BM-sheet_1-0634,beam,2.592,0.0,16.2,8.1
BM-sheet_1-0635,beam,2.0968,0.0,9.906,5.2
BM-sheet_1-0636,beam,2.48,0.0,15.5,7.75
BM-sheet_1-0637,beam,2.528,0.0,15.8,7.9
BM-sheet_1-0638,beam,2.528,0.0,15.8,7.9
BM-sheet_1-0639,beam,3.0267,0.0,14.21,7.412
BM-sheet_1-0640,beam,2.528,0.0,15.8,7.9
BM-sheet_1-0641,beam,3.3331,0.0,15.599,8.112
BM-sheet_1-0642,beam,2.32,0.0,14.5,7.25
BM-sheet_1-0643,beam,3.3489,0.0,15.625,8.1
BM-sheet_1-0644,beam,0.3704,0.0,2.315,1.158
BM-sheet_1-0645,beam,2.528,0.0,15.8,7.9
BM-sheet_1-0646,beam,3.0464,0.0,14.147,7.3
BM-sheet_1-0647,beam,0.4103,0.0,2.564,1.282
BM-sheet_1-0648,beam,1.8247,0.0,11.404,5.702
BM-sheet_1-0649,beam,2.4996,0.0,15.622,7.811
BM-sheet_1-0650,beam,1.8644,0.0,11.653,5.826
BM-sheet_1-0651,beam,2.4598,0.0,15.374,7.687
BM-sheet_1-0652,beam,3.1428,0.0,14.461,7.393
BM-sheet_1-0653,beam,3.1557,0.0,14.498,7.401
BM-sheet_1-0654,beam,0.7408,0.0,4.63,2.315
BM-sheet_1-0655,beam,0.8277,0.0,5.173,2.587
BM-sheet_1-0656,beam,0.8617,0.0,3.94,2.002
BM-sheet_1-0657,beam,2.4516,0.0,15.322,7.661
BM-sheet_1-0658,beam,2.4126,0.0,15.079,7.539
BM-sheet_1-0659,beam,0.8642,0.0,3.934,1.99
BM-sheet_1-0660,beam,2.2651,0.0,10.296,5.2
BM-sheet_1-0661,beam,0.8762,0.0,3.977,2.005
BM-sheet_1-0662,beam,3.3017,0.0,14.962,7.534
BM-sheet_1-0663,beam,2.2858,0.0,10.343,5.2
BM-sheet_1-0664,beam,3.7997,0.0,17.167,8.618
BM-sheet_1-0665,beam,0.8869,0.0,4.001,2.005
BM-sheet_1-0666,beam,1.632,0.0,10.2,5.1
BM-sheet_1-0667,beam,4.2386,0.0,19.064,9.527
BM-sheet_1-0668,beam,4.2357,0.0,19.022,9.492
BM-sheet_1-0669,beam,1.632,0.0,10.2,5.1
BM-sheet_1-0670,beam,2.256,0.0,14.1,7.05
BM-sheet_1-0671,beam,1.632,0.0,10.2,5.1
BM-sheet_1-0672,beam,2.288,0.0,14.3,7.15
BM-sheet_1-0673,beam,3.3064,0.0,14.739,7.3
BM-sheet_1-0674,beam,0.209,0.0,0.93,0.46
BM-sheet_1-0675,beam,1.632,0.0,10.2,5.1
BM-sheet_1-0676,beam,0.1852,0.0,0.822,0.405
BM-sheet_1-0677,beam,2.336,0.0,14.6,7.3
BM-sheet_1-0678,beam,2.3904,0.0,10.577,5.2
BM-sheet_1-0679,beam,3.55,0.0,15.685,7.7
BM-sheet_1-0680,beam,2.4045,0.0,10.608,5.2
BM-sheet_1-0681,beam,1.632,0.0,10.2,5.1
BM-sheet_1-0682,beam,2.336,0.0,14.6,7.3
BM-sheet_1-0683,beam,3.592,0.0,15.777,7.7
BM-sheet_1-0684,beam,0.3534,0.0,1.55,0.755
BM-sheet_1-0685,beam,3.4488,0.0,15.104,7.35
BM-sheet_1-0686,beam,3.6236,0.0,15.847,7.7
BM-sheet_1-0687,beam,3.6342,0.0,15.87,7.7
BM-sheet_1-0688,beam,1.616,0.0,10.1,5.05
BM-sheet_1-0689,beam,2.592,0.0,16.2,8.1
BM-sheet_1-0690,beam,1.28,0.0,8.0,4.0
BM-sheet_1-0691,beam,2.496,0.0,15.6,7.8
BM-sheet_1-0692,beam,1.2734,0.0,7.959,3.979
BM-sheet_1-0693,beam,4.4231,0.0,19.148,9.21
BM-sheet_1-0694,beam,4.4359,0.0,19.175,9.21
BM-sheet_1-0695,beam,3.84,0.0,16.576,7.95
BM-sheet_1-0696,beam,4.4615,0.0,19.23,9.21
BM-sheet_1-0697,beam,1.616,0.0,10.1,5.05
BM-sheet_1-0698,beam,3.084,0.0,13.255,6.33
BM-sheet_1-0699,beam,0.3071,0.0,1.318,0.629
BM-sheet_1-0700,beam,0.6579,0.0,2.82,1.343
BM-sheet_1-0701,beam,3.9312,0.0,16.824,8.0
BM-sheet_1-0702,beam,2.352,0.0,14.7,7.35
BM-sheet_1-0703,beam,3.9537,0.0,16.872,8.0
BM-sheet_1-0704,beam,2.0366,0.0,8.678,4.109
BM-sheet_1-0705,beam,0.8339,0.0,3.549,1.678
BM-sheet_1-0706,beam,0.6135,0.0,2.607,1.231
BM-sheet_1-0707,beam,4.672,0.0,19.825,9.347
BM-sheet_1-0708,beam,1.9595,0.0,8.303,3.909
BM-sheet_1-0709,beam,1.9913,0.0,8.426,3.961
BM-sheet_1-0710,beam,2.1223,0.0,8.967,4.21
BM-sheet_1-0711,beam,2.2914,0.0,9.668,4.533
BM-sheet_1-0712,beam,2.352,0.0,14.7,7.35
BM-sheet_1-0713,beam,1.52,0.0,9.5,4.75
BM-sheet_1-0714,beam,3.9458,0.0,16.579,7.74
BM-sheet_1-0715,beam,2.6584,0.0,11.154,5.2
BM-sheet_1-0716,beam,2.6658,0.0,11.17,5.2
BM-sheet_1-0717,beam,3.9585,0.0,16.563,7.7
BM-sheet_1-0718,beam,3.9695,0.0,16.586,7.7
BM-sheet_1-0719,beam,3.7997,0.0,15.854,7.35
BM-sheet_1-0720,beam,2.32,0.0,14.5,7.25
BM-sheet_1-0721,beam,1.6,0.0,10.0,5.0
BM-sheet_1-0722,beam,1.616,0.0,10.1,5.05
BM-sheet_1-0723,beam,3.7898,0.0,15.725,7.25
BM-sheet_1-0724,beam,2.32,0.0,14.5,7.25
BM-sheet_1-0725,beam,3.8689,0.0,16.009,7.361
BM-sheet_1-0726,beam,2.32,0.0,14.5,7.25
BM-sheet_1-0727,beam,1.664,0.0,10.4,5.2
BM-sheet_1-0728,beam,0.3923,0.0,1.617,0.74
BM-sheet_1-0729,beam,2.48,0.0,15.5,7.75
BM-sheet_1-0730,beam,2.8777,0.0,11.826,5.4
BM-sheet_1-0731,beam,1.568,0.0,9.8,4.9
BM-sheet_1-0732,beam,3.3918,0.0,13.901,6.33
BM-sheet_1-0733,beam,3.401,0.0,13.92,6.33
BM-sheet_1-0734,beam,5.0374,0.0,20.589,9.35
BM-sheet_1-0735,beam,5.0511,0.0,20.617,9.35
BM-sheet_1-0736,beam,1.472,0.0,9.2,4.6
BM-sheet_1-0737,beam,5.0823,0.0,20.688,9.357
BM-sheet_1-0738,beam,1.616,0.0,10.1,5.05
BM-sheet_1-0739,beam,1.52,0.0,9.5,4.75
BM-sheet_1-0740,beam,1.92,0.0,12.0,6.0
BM-sheet_1-0741,beam,1.616,0.0,10.1,5.05
BM-sheet_1-0742,beam,3.9916,0.0,16.138,7.25
BM-sheet_1-0743,beam,1.616,0.0,10.1,5.05
BM-sheet_1-0744,beam,1.52,0.0,9.5,4.75
BM-sheet_1-0745,beam,4.0239,0.0,16.204,7.25
BM-sheet_1-0746,beam,2.48,0.0,15.5,7.75
BM-sheet_1-0747,beam,2.32,0.0,14.5,7.25
BM-sheet_1-0748,beam,3.0213,0.0,12.118,5.4
BM-sheet_1-0749,beam,1.616,0.0,10.1,5.05
BM-sheet_1-0750,beam,2.8125,0.0,11.25,5.0
BM-sheet_1-0751,beam,1.616,0.0,10.1,5.05
BM-sheet_1-0752,beam,4.3827,0.0,17.484,7.75
BM-sheet_1-0753,beam,2.432,0.0,15.2,7.6
BM-sheet_1-0754,beam,2.1434,0.0,13.396,6.698
BM-sheet_1-0755,beam,2.24,0.0,14.0,7.0
BM-sheet_1-0756,beam,1.616,0.0,10.1,5.05
BM-sheet_1-0757,beam,4.1546,0.0,16.465,7.25
BM-sheet_1-0758,beam,1.616,0.0,10.1,5.05
BM-sheet_1-0759,beam,4.6086,0.0,18.216,8.0
BM-sheet_1-0760,beam,4.6497,0.0,18.354,8.05
BM-sheet_1-0761,beam,4.4882,0.0,17.693,7.75
BM-sheet_1-0762,beam,3.7161,0.0,14.63,6.4
BM-sheet_1-0763,beam,1.568,0.0,9.8,4.9
BM-sheet_1-0764,beam,1.616,0.0,10.1,5.05
BM-sheet_1-0765,beam,2.32,0.0,14.5,7.25
BM-sheet_1-0766,beam,13.6127,0.0,53.314,23.2
BM-sheet_1-0767,beam,2.496,0.0,15.6,7.8
BM-sheet_1-0768,beam,2.496,0.0,15.6,7.8
BM-sheet_1-0769,beam,3.0159,0.0,11.766,5.1
BM-sheet_1-0770,beam,4.5653,0.0,17.787,7.7
BM-sheet_1-0771,beam,1.584,0.0,9.9,4.95
BM-sheet_1-0772,beam,1.632,0.0,10.2,5.1
BM-sheet_1-0773,beam,1.584,0.0,9.9,4.95
BM-sheet_1-0774,beam,1.664,0.0,10.4,5.2
BM-sheet_1-0775,beam,1.92,0.0,12.0,6.0
BM-sheet_1-0776,beam,2.9206,0.0,11.291,4.85
BM-sheet_1-0777,beam,4.7091,0.0,18.182,7.8
BM-sheet_1-0778,beam,1.52,0.0,9.5,4.75
BM-sheet_1-0779,beam,4.8547,0.0,18.696,8.0
BM-sheet_1-0780,beam,2.528,0.0,15.8,7.9
BM-sheet_1-0781,beam,2.048,0.0,12.8,6.4
BM-sheet_1-0782,beam,4.8922,0.0,18.768,8.0
BM-sheet_1-0783,beam,4.9047,0.0,18.792,8.0
BM-sheet_1-0784,beam,2.9811,0.0,11.407,4.85
BM-sheet_1-0785,beam,5.053,0.0,19.311,8.2
BM-sheet_1-0786,beam,2.48,0.0,15.5,7.75
BM-sheet_1-0787,beam,10.2505,0.0,39.074,16.55
BM-sheet_1-0788,beam,2.496,0.0,15.6,7.8
BM-sheet_1-0789,beam,2.496,0.0,15.6,7.8
BM-sheet_1-0790,beam,1.504,0.0,9.4,4.7
BM-sheet_1-0791,beam,2.496,0.0,15.6,7.8
BM-sheet_1-0792,beam,2.496,0.0,15.6,7.8
BM-sheet_1-0793,beam,2.496,0.0,15.6,7.8
BM-sheet_1-0794,beam,4.7913,0.0,18.103,7.6
BM-sheet_1-0795,beam,2.48,0.0,15.5,7.75
BM-sheet_1-0796,beam,1.552,0.0,9.7,4.85
BM-sheet_1-0797,beam,1.504,0.0,9.4,4.7
BM-sheet_1-0798,beam,2.448,0.0,15.3,7.65
BM-sheet_1-0799,beam,1.1529,0.0,4.329,1.806
BM-sheet_1-0800,beam,4.886,0.0,18.322,7.634
BM-sheet_1-0801,beam,2.4196,0.0,15.122,7.561
BM-sheet_1-0802,beam,1.4794,0.0,5.534,2.3
BM-sheet_1-0803,beam,4.9328,0.0,18.429,7.65
BM-sheet_1-0804,beam,3.7896,0.0,14.14,5.863
BM-sheet_1-0805,beam,3.9925,0.0,14.879,6.161
BM-sheet_1-0806,beam,3.1507,0.0,11.727,4.85
BM-sheet_1-0807,beam,2.688,0.0,16.8,8.4
BM-sheet_1-0808,beam,5.0923,0.0,18.907,7.8
BM-sheet_1-0809,beam,2.688,0.0,16.8,8.4
BM-sheet_1-0810,beam,5.1176,0.0,18.954,7.8
BM-sheet_1-0811,beam,1.52,0.0,9.5,4.75
BM-sheet_1-0812,beam,2.48,0.0,15.5,7.75
BM-sheet_1-0813,beam,1.52,0.0,9.5,4.75
BM-sheet_1-0814,beam,1.568,0.0,9.8,4.9
BM-sheet_1-0815,beam,0.4626,0.0,1.703,0.696
BM-sheet_1-0816,beam,3.1628,0.0,11.628,4.75
BM-sheet_1-0817,beam,5.1397,0.0,18.873,7.7
BM-sheet_1-0818,beam,2.592,0.0,16.2,8.1
BM-sheet_1-0819,beam,3.1861,0.0,11.671,4.75
BM-sheet_1-0820,beam,3.0493,0.0,11.156,4.535
BM-sheet_1-0821,beam,5.1901,0.0,18.965,7.7
BM-sheet_1-0822,beam,5.2028,0.0,18.988,7.7
BM-sheet_1-0823,beam,5.2493,0.0,19.135,7.75
BM-sheet_1-0824,beam,5.2621,0.0,19.158,7.75
BM-sheet_1-0825,beam,3.6754,0.0,13.365,5.4
BM-sheet_1-0826,beam,5.2535,0.0,19.081,7.7
BM-sheet_1-0827,beam,0.5199,0.0,1.886,0.76
BM-sheet_1-0828,beam,2.456,0.0,15.35,7.675
BM-sheet_1-0829,beam,2.44,0.0,15.25,7.625
BM-sheet_1-0830,beam,0.4378,0.0,1.582,0.635
BM-sheet_1-0831,beam,2.288,0.0,14.3,7.15
BM-sheet_1-0832,beam,5.3301,0.0,19.219,7.7
BM-sheet_1-0833,beam,2.456,0.0,15.35,7.675
BM-sheet_1-0834,beam,2.432,0.0,15.2,7.6
BM-sheet_1-0835,beam,5.4384,0.0,19.539,7.8
BM-sheet_1-0836,beam,5.4514,0.0,19.562,7.8
BM-sheet_1-0837,beam,2.48,0.0,15.5,7.75
BM-sheet_1-0838,beam,3.7454,0.0,13.408,5.333
BM-sheet_1-0839,beam,5.4202,0.0,19.381,7.7
BM-sheet_1-0840,beam,2.496,0.0,15.6,7.8
BM-sheet_1-0841,beam,2.496,0.0,15.6,7.8
BM-sheet_1-0842,beam,2.688,0.0,16.8,8.4
BM-sheet_1-0843,beam,3.6243,0.0,12.898,5.1
BM-sheet_1-0844,beam,5.5135,0.0,19.598,7.74
BM-sheet_1-0845,beam,2.496,0.0,15.6,7.8
BM-sheet_1-0846,beam,3.9364,0.0,13.959,5.5
BM-sheet_1-0847,beam,3.6941,0.0,13.084,5.149
BM-sheet_1-0848,beam,2.496,0.0,15.6,7.8
BM-sheet_1-0849,beam,2.688,0.0,16.8,8.4
BM-sheet_1-0850,beam,3.6847,0.0,13.005,5.1
BM-sheet_1-0851,beam,3.9831,0.0,14.041,5.5
BM-sheet_1-0852,beam,2.3217,0.0,14.51,7.255
BM-sheet_1-0853,beam,2.496,0.0,15.6,7.8
BM-sheet_1-0854,beam,2.281,0.0,14.256,7.128
BM-sheet_1-0855,beam,3.8013,0.0,13.338,5.2
BM-sheet_1-0856,beam,5.7153,0.0,20.03,7.8
BM-sheet_1-0857,beam,5.2513,0.0,18.383,7.15
BM-sheet_1-0858,beam,1.4523,0.0,9.077,4.538
BM-sheet_1-0859,beam,5.7555,0.0,20.101,7.8
BM-sheet_1-0860,beam,5.7689,0.0,20.124,7.8
BM-sheet_1-0861,beam,2.496,0.0,15.6,7.8
BM-sheet_1-0862,beam,5.87,0.0,20.429,7.9
BM-sheet_1-0863,beam,4.7144,0.0,16.388,6.33
BM-sheet_1-0864,beam,2.496,0.0,15.6,7.8
BM-sheet_1-0865,beam,4.1003,0.0,14.221,5.48
BM-sheet_1-0866,beam,3.337,0.0,11.56,4.45
BM-sheet_1-0867,beam,2.48,0.0,15.5,7.75
BM-sheet_1-0868,beam,3.9178,0.0,13.541,5.2
BM-sheet_1-0869,beam,5.3239,0.0,18.379,7.05
BM-sheet_1-0870,beam,5.9038,0.0,20.358,7.8
BM-sheet_1-0871,beam,3.9449,0.0,13.588,5.2
BM-sheet_1-0872,beam,5.931,0.0,20.405,7.8
BM-sheet_1-0873,beam,5.9446,0.0,20.428,7.8
BM-sheet_1-0874,beam,2.496,0.0,15.6,7.8
BM-sheet_1-0875,beam,2.496,0.0,15.6,7.8
BM-sheet_1-0876,beam,2.496,0.0,15.6,7.8
BM-sheet_1-0877,beam,4.5153,0.0,15.446,5.871
BM-sheet_1-0878,beam,0.9117,0.0,3.115,1.183
BM-sheet_1-0879,beam,2.32,0.0,14.5,7.25
BM-sheet_1-0880,beam,6.0403,0.0,20.592,7.8
BM-sheet_1-0881,beam,4.1913,0.0,14.272,5.4
BM-sheet_1-0882,beam,0.7088,0.0,2.411,0.911
BM-sheet_1-0883,beam,6.0816,0.0,20.662,7.8
BM-sheet_1-0884,beam,6.0954,0.0,20.686,7.8
BM-sheet_1-0885,beam,0.7136,0.0,2.419,0.911
BM-sheet_1-0886,beam,6.123,0.0,20.732,7.8
BM-sheet_1-0887,beam,6.1368,0.0,20.756,7.8
BM-sheet_1-0888,beam,4.3773,0.0,14.788,5.551
BM-sheet_1-0889,beam,4.6437,0.0,15.671,5.876
BM-sheet_1-0890,beam,2.5347,0.0,8.544,3.2
BM-sheet_1-0891,beam,2.5404,0.0,8.554,3.2
BM-sheet_1-0892,beam,5.6094,0.0,18.866,7.05
BM-sheet_1-0893,beam,4.9696,0.0,16.695,6.232
BM-sheet_1-0894,beam,2.5484,0.0,8.552,3.188
BM-sheet_1-0895,beam,2.5541,0.0,8.561,3.188
BM-sheet_1-0896,beam,3.5633,0.0,11.931,4.438
BM-sheet_1-0897,beam,3.5712,0.0,11.944,4.438
BM-sheet_1-0898,beam,3.5792,0.0,11.957,4.438
BM-sheet_1-0899,beam,3.5872,0.0,11.971,4.438
BM-sheet_1-0900,beam,3.5952,0.0,11.984,4.438
BM-sheet_1-0901,beam,3.6032,0.0,11.997,4.438
BM-sheet_1-0902,beam,6.3461,0.0,21.107,7.8
BM-sheet_1-0903,beam,1.4523,0.0,9.077,4.538
BM-sheet_1-0904,beam,1.1441,0.0,3.797,1.4
BM-sheet_1-0905,beam,1.4523,0.0,9.077,4.538
BM-sheet_1-0906,beam,1.1492,0.0,3.805,1.4
BM-sheet_1-0907,beam,1.4523,0.0,9.077,4.538
BM-sheet_1-0908,beam,1.1542,0.0,3.814,1.4
BM-sheet_1-0909,beam,1.1568,0.0,3.818,1.4
BM-sheet_1-0910,beam,1.1593,0.0,3.822,1.4
BM-sheet_1-0911,beam,1.4523,0.0,9.077,4.538
BM-sheet_1-0912,beam,1.1644,0.0,3.83,1.4
BM-sheet_1-0913,beam,1.4523,0.0,9.077,4.538
BM-sheet_1-0914,beam,1.4523,0.0,9.077,4.538
BM-sheet_1-0915,beam,3.8764,0.0,12.709,4.63
BM-sheet_1-0916,beam,3.8247,0.0,12.526,4.558
BM-sheet_1-0917,beam,1.2345,0.0,4.039,1.468
BM-sheet_1-0918,beam,1.2448,0.0,4.068,1.477
BM-sheet_1-0919,beam,3.955,0.0,12.911,4.683
BM-sheet_1-0920,beam,2.2039,0.0,7.187,2.604
BM-sheet_1-0921,beam,2.3144,0.0,7.539,2.728
BM-sheet_1-0922,beam,6.6307,0.0,21.575,7.8
BM-sheet_1-0923,beam,3.9224,0.0,12.749,4.604
BM-sheet_1-0924,beam,3.5785,0.0,11.619,4.191
BM-sheet_1-0925,beam,2.2236,0.0,7.212,2.599
BM-sheet_1-0926,beam,3.4871,0.0,11.297,4.067
BM-sheet_1-0927,beam,5.113,0.0,16.547,5.95
BM-sheet_1-0928,beam,4.4782,0.0,14.477,5.2
BM-sheet_1-0929,beam,4.2423,0.0,13.7,4.916
BM-sheet_1-0930,beam,4.1991,0.0,13.546,4.855
BM-sheet_1-0931,beam,2.48,0.0,15.5,7.75
BM-sheet_1-0932,beam,4.4734,0.0,14.399,5.15
BM-sheet_1-0933,beam,5.9254,0.0,19.053,6.807
BM-sheet_1-0934,beam,4.4927,0.0,14.43,5.15
BM-sheet_1-0935,beam,4.0214,0.0,12.903,4.6
BM-sheet_1-0936,beam,4.512,0.0,14.462,5.15
BM-sheet_1-0937,beam,1.115,0.0,3.57,1.27
BM-sheet_1-0938,beam,4.5313,0.0,14.492,5.15
BM-sheet_1-0939,beam,1.4239,0.0,8.899,4.45
BM-sheet_1-0940,beam,4.5505,0.0,14.523,5.15
BM-sheet_1-0941,beam,4.5603,0.0,14.539,5.15
BM-sheet_1-0942,beam,4.5699,0.0,14.554,5.15
BM-sheet_1-0943,beam,4.7917,0.0,15.244,5.388
BM-sheet_1-0944,beam,0.6575,0.0,2.089,0.738
BM-sheet_1-0945,beam,1.4239,0.0,8.899,4.45
BM-sheet_1-0946,beam,6.9356,0.0,21.994,7.75
BM-sheet_1-0947,beam,4.5262,0.0,14.338,5.047
BM-sheet_1-0948,beam,4.7631,0.0,15.073,5.3
BM-sheet_1-0949,beam,7.0247,0.0,22.207,7.8
BM-sheet_1-0950,beam,7.0395,0.0,22.23,7.8
BM-sheet_1-0951,beam,4.7029,0.0,14.836,5.2
BM-sheet_1-0952,beam,6.3895,0.0,20.135,7.05
BM-sheet_1-0953,beam,4.0414,0.0,12.722,4.45
BM-sheet_1-0954,beam,7.0989,0.0,22.324,7.8
BM-sheet_1-0955,beam,4.7425,0.0,14.898,5.2
BM-sheet_1-0956,beam,7.1287,0.0,22.37,7.8
BM-sheet_1-0957,beam,4.1671,0.0,13.063,4.55
BM-sheet_1-0958,beam,1.917,0.0,6.003,2.089
BM-sheet_1-0959,beam,2.759,0.0,8.631,3.0
BM-sheet_1-0960,beam,7.0042,0.0,21.888,7.6
BM-sheet_1-0961,beam,7.2035,0.0,22.487,7.8
BM-sheet_1-0962,beam,7.2185,0.0,22.511,7.8
BM-sheet_1-0963,beam,1.3687,0.0,4.264,1.476
BM-sheet_1-0964,beam,7.2485,0.0,22.558,7.8
BM-sheet_1-0965,beam,1.4239,0.0,8.899,4.45
BM-sheet_1-0966,beam,2.048,0.0,12.8,6.4
BM-sheet_1-0967,beam,0.8229,0.0,2.553,0.88
BM-sheet_1-0968,beam,4.9662,0.0,15.391,5.3
BM-sheet_1-0969,beam,2.2789,0.0,7.055,2.427
BM-sheet_1-0970,beam,2.2836,0.0,7.063,2.427
BM-sheet_1-0971,beam,0.8297,0.0,2.563,0.88
BM-sheet_1-0972,beam,3.7319,0.0,11.518,3.95
BM-sheet_1-0973,beam,3.7396,0.0,11.53,3.95
BM-sheet_1-0974,beam,3.7473,0.0,11.542,3.95
BM-sheet_1-0975,beam,1.696,0.0,10.6,5.3
BM-sheet_1-0976,beam,3.7627,0.0,11.566,3.95
BM-sheet_1-0977,beam,4.4195,0.0,13.571,4.63
BM-sheet_1-0978,beam,2.5825,0.0,7.922,2.7
BM-sheet_1-0979,beam,4.5565,0.0,13.963,4.754
BM-sheet_1-0980,beam,7.4911,0.0,22.932,7.8
BM-sheet_1-0981,beam,2.3097,0.0,7.063,2.4
BM-sheet_1-0982,beam,2.308,0.0,7.051,2.393
BM-sheet_1-0983,beam,4.5899,0.0,14.008,4.75
BM-sheet_1-0984,beam,2.496,0.0,15.6,7.8
BM-sheet_1-0985,beam,1.2107,0.0,3.687,1.248
BM-sheet_1-0986,beam,3.1316,0.0,9.528,3.221
BM-sheet_1-0987,beam,3.1379,0.0,9.538,3.221
BM-sheet_1-0988,beam,2.464,0.0,15.4,7.7
BM-sheet_1-0989,beam,5.5023,0.0,16.69,5.625
BM-sheet_1-0990,beam,0.735,0.0,2.227,0.75
BM-sheet_1-0991,beam,4.5176,0.0,13.676,4.6
BM-sheet_1-0992,beam,1.2497,0.0,3.779,1.27
BM-sheet_1-0993,beam,4.4372,0.0,13.406,4.5
BM-sheet_1-0994,beam,1.2016,0.0,7.51,3.755
BM-sheet_1-0995,beam,2.416,0.0,15.1,7.55
BM-sheet_1-0996,beam,5.1585,0.0,15.538,5.2
BM-sheet_1-0997,beam,4.473,0.0,13.46,4.5
BM-sheet_1-0998,beam,4.5427,0.0,13.655,4.561
BM-sheet_1-0999,beam,7.6846,0.0,23.077,7.7
BM-sheet_1-1000,beam,1.696,0.0,10.6,5.3
BM-sheet_1-1001,beam,1.12,0.0,7.0,3.5
BM-sheet_1-1002,beam,5.2208,0.0,15.631,5.2
BM-sheet_1-1003,beam,2.496,0.0,15.6,7.8
BM-sheet_1-1004,beam,2.464,0.0,15.4,7.7
BM-sheet_1-1005,beam,4.4228,0.0,13.202,4.379
BM-sheet_1-1006,beam,7.8939,0.0,23.54,7.8
BM-sheet_1-1007,beam,1.696,0.0,10.6,5.3
BM-sheet_1-1008,beam,7.9253,0.0,23.587,7.8
BM-sheet_1-1009,beam,7.941,0.0,23.611,7.8
BM-sheet_1-1010,beam,2.1308,0.0,6.329,2.089
BM-sheet_1-1011,beam,1.488,0.0,9.3,4.65
BM-sheet_1-1012,beam,1.696,0.0,10.6,5.3
BM-sheet_1-1013,beam,1.488,0.0,9.3,4.65
BM-sheet_1-1014,beam,1.469,0.0,9.181,4.591
BM-sheet_1-1015,beam,3.3688,0.0,9.957,3.27
BM-sheet_1-1016,beam,8.0516,0.0,23.774,7.8
BM-sheet_1-1017,beam,3.3821,0.0,9.977,3.27
BM-sheet_1-1018,beam,8.0315,0.0,23.668,7.75
BM-sheet_1-1019,beam,8.0992,0.0,23.845,7.8
BM-sheet_1-1020,beam,1.8359,0.0,5.4,1.765
BM-sheet_1-1021,beam,8.131,0.0,23.891,7.8
BM-sheet_1-1022,beam,2.464,0.0,15.4,7.7
BM-sheet_1-1023,beam,8.1629,0.0,23.938,7.8
BM-sheet_1-1024,beam,8.1265,0.0,23.808,7.75
BM-sheet_1-1025,beam,3.4355,0.0,10.055,3.27
BM-sheet_1-1026,beam,2.464,0.0,15.4,7.7
BM-sheet_1-1027,beam,1.488,0.0,9.3,4.65
BM-sheet_1-1028,beam,1.9234,0.0,5.613,1.82
BM-sheet_1-1029,beam,8.1531,0.0,23.77,7.7
BM-sheet_1-1030,beam,0.8275,0.0,2.41,0.78
BM-sheet_1-1031,beam,4.9428,0.0,14.382,4.65
BM-sheet_1-1032,beam,1.488,0.0,9.3,4.65
BM-sheet_1-1033,beam,2.8918,0.0,8.398,2.71
BM-sheet_1-1034,beam,0.6415,0.0,1.861,0.6
BM-sheet_1-1035,beam,8.2484,0.0,23.908,7.7
BM-sheet_1-1036,beam,1.488,0.0,9.3,4.65
BM-sheet_1-1037,beam,8.2803,0.0,23.955,7.7
BM-sheet_1-1038,beam,1.488,0.0,9.3,4.65
BM-sheet_1-1039,beam,0.6477,0.0,1.87,0.6
BM-sheet_1-1040,beam,8.3283,0.0,24.024,7.7
BM-sheet_1-1041,beam,2.464,0.0,15.4,7.7
BM-sheet_1-1042,beam,1.472,0.0,9.2,4.6
BM-sheet_1-1043,beam,2.592,0.0,16.2,8.1
BM-sheet_1-1044,beam,1.488,0.0,9.3,4.65
BM-sheet_1-1045,beam,2.512,0.0,15.7,7.85
BM-sheet_1-1046,beam,2.512,0.0,15.7,7.85
BM-sheet_1-1047,beam,0.8235,0.0,2.359,0.751
BM-sheet_1-1048,beam,2.5764,0.0,16.102,8.051
BM-sheet_1-1049,beam,4.8418,0.0,13.847,4.4
BM-sheet_1-1050,beam,4.851,0.0,13.86,4.4
BM-sheet_1-1051,beam,2.332,0.0,6.657,2.111
BM-sheet_1-1052,beam,8.6323,0.0,24.617,7.8
BM-sheet_1-1053,beam,8.3715,0.0,23.85,7.55
BM-sheet_1-1054,beam,8.3874,0.0,23.873,7.55
BM-sheet_1-1055,beam,2.592,0.0,16.2,8.1
BM-sheet_1-1056,beam,2.336,0.0,14.6,7.3
BM-sheet_1-1057,beam,1.4239,0.0,8.899,4.45
BM-sheet_1-1058,beam,0.8409,0.0,2.384,0.751
BM-sheet_1-1059,beam,2.496,0.0,15.6,7.8
BM-sheet_1-1060,beam,8.7641,0.0,24.804,7.8
BM-sheet_1-1061,beam,8.7806,0.0,24.827,7.8
BM-sheet_1-1062,beam,2.496,0.0,15.6,7.8
BM-sheet_1-1063,beam,8.8138,0.0,24.874,7.8
BM-sheet_1-1064,beam,0.5511,0.0,1.554,0.487
BM-sheet_1-1065,beam,8.847,0.0,24.921,7.8
BM-sheet_1-1066,beam,1.696,0.0,10.6,5.3
BM-sheet_1-1067,beam,2.496,0.0,15.6,7.8
BM-sheet_1-1068,beam,2.496,0.0,15.6,7.8
BM-sheet_1-1069,beam,8.9135,0.0,25.015,7.8
BM-sheet_1-1070,beam,4.967,0.0,13.926,4.338
BM-sheet_1-1071,beam,5.8252,0.0,16.317,5.078
BM-sheet_1-1072,beam,9.3791,0.0,26.247,8.162
BM-sheet_1-1073,beam,5.8469,0.0,16.347,5.078
BM-sheet_1-1074,beam,8.7905,0.0,24.554,7.621
BM-sheet_1-1075,beam,4.6918,0.0,13.093,4.06
BM-sheet_1-1076,beam,3.1376,0.0,8.748,2.71
BM-sheet_1-1077,beam,3.4798,0.0,9.693,3.0
BM-sheet_1-1078,beam,2.464,0.0,15.4,7.7
BM-sheet_1-1079,beam,9.3139,0.0,25.896,8.0
BM-sheet_1-1080,beam,9.3312,0.0,25.92,8.0
BM-sheet_1-1081,beam,9.1148,0.0,25.295,7.8
BM-sheet_1-1082,beam,1.3142,0.0,3.644,1.123
BM-sheet_1-1083,beam,3.8354,0.0,10.624,3.27
BM-sheet_1-1084,beam,0.96,0.0,6.0,3.0
BM-sheet_1-1085,beam,2.416,0.0,15.1,7.55
BM-sheet_1-1086,beam,5.1363,0.0,14.189,4.355
BM-sheet_1-1087,beam,0.9728,0.0,6.08,3.04
BM-sheet_1-1088,beam,2.464,0.0,15.4,7.7
BM-sheet_1-1089,beam,2.272,0.0,14.2,7.1
BM-sheet_1-1090,beam,2.3356,0.0,14.598,7.299
BM-sheet_1-1091,beam,6.3085,0.0,17.347,5.3
BM-sheet_1-1092,beam,4.7795,0.0,13.13,4.008
BM-sheet_1-1093,beam,9.3183,0.0,25.576,7.8
BM-sheet_1-1094,beam,0.5639,0.0,1.546,0.471
BM-sheet_1-1095,beam,2.496,0.0,15.6,7.8
BM-sheet_1-1096,beam,9.2494,0.0,25.318,7.7
BM-sheet_1-1097,beam,3.0326,0.0,8.293,2.52
BM-sheet_1-1098,beam,9.4037,0.0,25.693,7.8
BM-sheet_1-1099,beam,9.4208,0.0,25.717,7.8
BM-sheet_1-1100,beam,5.3845,0.0,14.685,4.45
BM-sheet_1-1101,beam,9.3332,0.0,25.431,7.699
BM-sheet_1-1102,beam,9.4724,0.0,25.787,7.8
BM-sheet_1-1103,beam,2.48,0.0,15.5,7.75
BM-sheet_1-1104,beam,6.0331,0.0,16.394,4.95
BM-sheet_1-1105,beam,5.3115,0.0,14.42,4.35
BM-sheet_1-1106,beam,9.3578,0.0,25.383,7.65
BM-sheet_1-1107,beam,6.3723,0.0,17.269,5.2
BM-sheet_1-1108,beam,9.5758,0.0,25.927,7.8
BM-sheet_1-1109,beam,2.57,0.0,16.063,8.031
BM-sheet_1-1110,beam,1.6633,0.0,4.496,1.35
BM-sheet_1-1111,beam,2.6256,0.0,16.41,8.205
BM-sheet_1-1112,beam,2.496,0.0,15.6,7.8
BM-sheet_1-1113,beam,2.57,0.0,16.063,8.031
BM-sheet_1-1114,beam,0.96,0.0,6.0,3.0
BM-sheet_1-1115,beam,9.6972,0.0,26.091,7.8
BM-sheet_1-1116,beam,6.6009,0.0,17.744,5.3
BM-sheet_1-1117,beam,2.416,0.0,15.1,7.55
BM-sheet_1-1118,beam,1.696,0.0,10.6,5.3
BM-sheet_1-1119,beam,6.386,0.0,17.121,5.1
BM-sheet_1-1120,beam,2.416,0.0,15.1,7.55
BM-sheet_1-1121,beam,1.392,0.0,8.7,4.35
BM-sheet_1-1122,beam,2.416,0.0,15.1,7.55
BM-sheet_1-1123,beam,2.2556,0.0,14.098,7.049
BM-sheet_1-1124,beam,1.12,0.0,7.0,3.5
BM-sheet_1-1125,beam,2.4004,0.0,15.002,7.501
BM-sheet_1-1126,beam,1.36,0.0,8.5,4.25
BM-sheet_1-1127,beam,2.5276,0.0,15.798,7.899
BM-sheet_1-1128,beam,2.3356,0.0,14.598,7.299
BM-sheet_1-1129,beam,1.344,0.0,8.4,4.2
BM-sheet_1-1130,beam,1.36,0.0,8.5,4.25
BM-sheet_1-1131,beam,4.9518,0.0,13.135,3.871
BM-sheet_1-1132,beam,2.4324,0.0,15.202,7.601
BM-sheet_1-1133,beam,6.5468,0.0,17.335,5.1
BM-sheet_1-1134,beam,10.1576,0.0,26.872,7.899
BM-sheet_1-1135,beam,4.9869,0.0,13.181,3.871
BM-sheet_1-1136,beam,10.0659,0.0,26.582,7.8
BM-sheet_1-1137,beam,1.7452,0.0,4.605,1.35
BM-sheet_1-1138,beam,7.6408,0.0,20.143,5.9
BM-sheet_1-1139,beam,2.464,0.0,15.4,7.7
BM-sheet_1-1140,beam,10.1369,0.0,26.676,7.8
BM-sheet_1-1141,beam,1.8877,0.0,4.963,1.45
BM-sheet_1-1142,beam,1.891,0.0,4.968,1.45
BM-sheet_1-1143,beam,5.8137,0.0,15.259,4.45
BM-sheet_1-1144,beam,1.9484,0.0,5.11,1.489
BM-sheet_1-1145,beam,1.696,0.0,10.6,5.3
BM-sheet_1-1146,beam,4.1737,0.0,10.926,3.178
BM-sheet_1-1147,beam,2.6746,0.0,6.995,2.033
BM-sheet_1-1148,beam,10.2797,0.0,26.863,7.8
BM-sheet_1-1149,beam,3.1996,0.0,8.354,2.424
BM-sheet_1-1150,beam,2.7921,0.0,7.284,2.111
BM-sheet_1-1151,beam,3.5918,0.0,9.362,2.711
BM-sheet_1-1152,beam,4.9103,0.0,12.787,3.7
BM-sheet_1-1153,beam,1.424,0.0,8.9,4.45
BM-sheet_1-1154,beam,2.6695,0.0,6.94,2.005
BM-sheet_1-1155,beam,12.0735,0.0,31.36,9.05
BM-sheet_1-1156,beam,7.6171,0.0,19.768,5.7
BM-sheet_1-1157,beam,10.4415,0.0,27.074,7.8
BM-sheet_1-1158,beam,0.6319,0.0,1.637,0.471
BM-sheet_1-1159,beam,11.1722,0.0,28.919,8.317
BM-sheet_1-1160,beam,3.3907,0.0,8.769,2.52
BM-sheet_1-1161,beam,10.5022,0.0,27.138,7.791
BM-sheet_1-1162,beam,10.6669,0.0,27.539,7.9
BM-sheet_1-1163,beam,7.7096,0.0,19.887,5.7
BM-sheet_1-1164,beam,3.6583,0.0,9.429,2.7
BM-sheet_1-1165,beam,10.5747,0.0,27.231,7.791
BM-sheet_1-1166,beam,11.2955,0.0,29.062,8.308
BM-sheet_1-1167,beam,5.9242,0.0,15.229,4.35
BM-sheet_1-1168,beam,10.4363,0.0,26.806,7.65
BM-sheet_1-1169,beam,7.1061,0.0,18.236,5.2
BM-sheet_1-1170,beam,10.6774,0.0,27.378,7.8
BM-sheet_1-1171,beam,10.7642,0.0,27.577,7.85
BM-sheet_1-1172,beam,2.496,0.0,15.6,7.8
BM-sheet_1-1173,beam,11.4316,0.0,29.237,8.308
BM-sheet_1-1174,beam,1.696,0.0,10.6,5.3
BM-sheet_1-1175,beam,8.5307,0.0,21.781,6.179
BM-sheet_1-1176,beam,6.1542,0.0,15.7,4.45
BM-sheet_1-1177,beam,2.496,0.0,15.6,7.8
BM-sheet_1-1178,beam,10.548,0.0,26.862,7.601
BM-sheet_1-1179,beam,10.8439,0.0,27.593,7.801
BM-sheet_1-1180,beam,7.2405,0.0,18.408,5.2
BM-sheet_1-1181,beam,8.0199,0.0,20.372,5.75
BM-sheet_1-1182,beam,10.6198,0.0,26.954,7.601
BM-sheet_1-1183,beam,8.2575,0.0,20.94,5.9
BM-sheet_1-1184,beam,11.0747,0.0,28.061,7.9
BM-sheet_1-1185,beam,1.36,0.0,8.5,4.25
BM-sheet_1-1186,beam,0.8043,0.0,2.034,0.572
BM-sheet_1-1187,beam,2.2935,0.0,5.797,1.628
BM-sheet_1-1188,beam,11.46,0.0,28.939,8.12
BM-sheet_1-1189,beam,6.2872,0.0,15.863,4.447
BM-sheet_1-1190,beam,1.3381,0.0,3.373,0.945
BM-sheet_1-1191,beam,1.424,0.0,8.9,4.45
BM-sheet_1-1192,beam,1.392,0.0,8.7,4.35
BM-sheet_1-1193,beam,1.9215,0.0,4.832,1.35
BM-sheet_1-1194,beam,1.36,0.0,8.5,4.25
BM-sheet_1-1195,beam,3.9272,0.0,9.859,2.75
BM-sheet_1-1196,beam,10.9428,0.0,27.449,7.65
BM-sheet_1-1197,beam,11.1759,0.0,28.01,7.8
BM-sheet_1-1198,beam,1.36,0.0,8.5,4.25
BM-sheet_1-1199,beam,1.36,0.0,8.5,4.25
BM-sheet_1-1200,beam,1.36,0.0,8.5,4.25
BM-sheet_1-1201,beam,3.8963,0.0,9.733,2.701
BM-sheet_1-1202,beam,10.4026,0.0,25.963,7.2
BM-sheet_1-1203,beam,3.9092,0.0,9.749,2.701
BM-sheet_1-1204,beam,11.0171,0.0,27.451,7.6
BM-sheet_1-1205,beam,11.3258,0.0,28.197,7.8
BM-sheet_1-1206,beam,5.1632,0.0,12.844,3.55
BM-sheet_1-1207,beam,3.6446,0.0,9.059,2.502
BM-sheet_1-1208,beam,11.5282,0.0,28.63,7.9
BM-sheet_1-1209,beam,3.7098,0.0,9.205,2.538
BM-sheet_1-1210,beam,10.958,0.0,27.169,7.484
BM-sheet_1-1211,beam,6.0861,0.0,15.077,4.15
BM-sheet_1-1212,beam,7.4916,0.0,18.544,5.1
BM-sheet_1-1213,beam,11.0106,0.0,27.231,7.483
BM-sheet_1-1214,beam,11.4956,0.0,28.408,7.8
BM-sheet_1-1215,beam,5.9006,0.0,14.569,3.997
BM-sheet_1-1216,beam,11.5335,0.0,28.454,7.8
BM-sheet_1-1217,beam,1.552,0.0,9.7,4.85
BM-sheet_1-1218,beam,2.464,0.0,15.4,7.7
BM-sheet_1-1219,beam,11.5905,0.0,28.525,7.8
BM-sheet_1-1220,beam,5.6669,0.0,13.935,3.807
BM-sheet_1-1221,beam,11.6286,0.0,28.571,7.8
BM-sheet_1-1222,beam,2.2232,0.0,5.458,1.489
BM-sheet_1-1223,beam,5.0855,0.0,12.475,3.4
BM-sheet_1-1224,beam,7.1163,0.0,17.442,4.75
BM-sheet_1-1225,beam,11.8549,0.0,29.032,7.9
BM-sheet_1-1226,beam,2.512,0.0,15.7,7.85
BM-sheet_1-1227,beam,7.9041,0.0,19.325,5.25
BM-sheet_1-1228,beam,4.3942,0.0,10.735,2.914
BM-sheet_1-1229,beam,1.8469,0.0,4.508,1.223
BM-sheet_1-1230,beam,2.416,0.0,15.1,7.55
BM-sheet_1-1231,beam,1.6905,0.0,4.12,1.116
BM-sheet_1-1232,beam,3.3696,0.0,8.205,2.22
BM-sheet_1-1233,beam,2.496,0.0,15.6,7.8
BM-sheet_1-1234,beam,4.6057,0.0,11.197,3.025
BM-sheet_1-1235,beam,7.7786,0.0,18.895,5.1
BM-sheet_1-1236,beam,14.3223,0.0,34.763,9.375
BM-sheet_1-1237,beam,6.5032,0.0,15.772,4.25
BM-sheet_1-1238,beam,7.8165,0.0,18.941,5.1
BM-sheet_1-1239,beam,11.9739,0.0,28.993,7.8
BM-sheet_1-1240,beam,11.7627,0.0,28.458,7.65
BM-sheet_1-1241,beam,4.1755,0.0,10.094,2.711
BM-sheet_1-1242,beam,5.7075,0.0,13.786,3.7
BM-sheet_1-1243,beam,1.6347,0.0,3.945,1.058
BM-sheet_1-1244,beam,8.2019,0.0,19.78,5.3
BM-sheet_1-1245,beam,12.3768,0.0,29.824,7.985
BM-sheet_1-1246,beam,11.9233,0.0,28.708,7.68
BM-sheet_1-1247,beam,11.9425,0.0,28.731,7.68
BM-sheet_1-1248,beam,12.1485,0.0,29.203,7.8
BM-sheet_1-1249,beam,11.934,0.0,28.665,7.65
BM-sheet_1-1250,beam,2.528,0.0,15.8,7.9
BM-sheet_1-1251,beam,12.207,0.0,29.273,7.8
BM-sheet_1-1252,beam,12.5163,0.0,29.991,7.985
BM-sheet_1-1253,beam,5.0059,0.0,11.985,3.188
BM-sheet_1-1254,beam,9.2778,0.0,22.196,5.9
BM-sheet_1-1255,beam,12.2852,0.0,29.367,7.8
BM-sheet_1-1256,beam,2.1168,0.0,5.056,1.342
BM-sheet_1-1257,beam,12.1389,0.0,28.971,7.683
BM-sheet_1-1258,beam,5.4048,0.0,12.889,3.415
BM-sheet_1-1259,beam,9.1579,0.0,21.822,5.778
BM-sheet_1-1260,beam,6.9058,0.0,16.442,4.35
BM-sheet_1-1261,beam,3.8086,0.0,9.061,2.395
BM-sheet_1-1262,beam,12.4226,0.0,29.531,7.8
BM-sheet_1-1263,beam,12.4423,0.0,29.554,7.8
BM-sheet_1-1264,beam,7.6308,0.0,18.111,4.776
BM-sheet_1-1265,beam,10.7496,0.0,25.493,6.718
BM-sheet_1-1266,beam,1.4906,0.0,3.532,0.93
BM-sheet_1-1267,beam,7.4627,0.0,17.67,4.649
BM-sheet_1-1268,beam,3.5694,0.0,8.445,2.22
BM-sheet_1-1269,beam,6.683,0.0,15.799,4.15
BM-sheet_1-1270,beam,2.512,0.0,15.7,7.85
BM-sheet_1-1271,beam,1.3773,0.0,8.608,4.304
BM-sheet_1-1272,beam,2.512,0.0,15.7,7.85
BM-sheet_1-1273,beam,12.6401,0.0,29.788,7.8
BM-sheet_1-1274,beam,2.496,0.0,15.6,7.8
BM-sheet_1-1275,beam,12.6802,0.0,29.836,7.8
BM-sheet_1-1276,beam,13.6767,0.0,32.155,8.4
BM-sheet_1-1277,beam,9.6213,0.0,22.603,5.9
BM-sheet_1-1278,beam,2.5014,0.0,15.634,7.817
BM-sheet_1-1279,beam,12.596,0.0,29.545,7.7
BM-sheet_1-1280,beam,1.632,0.0,10.2,5.1
BM-sheet_1-1281,beam,1.36,0.0,8.5,4.25
BM-sheet_1-1282,beam,1.696,0.0,10.6,5.3
BM-sheet_1-1283,beam,1.664,0.0,10.4,5.2
BM-sheet_1-1284,beam,12.443,0.0,29.072,7.547
BM-sheet_1-1285,beam,1.588,0.0,9.925,4.962
BM-sheet_1-1286,beam,12.8169,0.0,29.899,7.75
BM-sheet_1-1287,beam,13.5822,0.0,31.66,8.2
BM-sheet_1-1288,beam,13.1057,0.0,30.526,7.9
BM-sheet_1-1289,beam,13.5606,0.0,31.561,8.162
BM-sheet_1-1290,beam,13.1464,0.0,30.573,7.9
BM-sheet_1-1291,beam,1.696,0.0,10.6,5.3
BM-sheet_1-1292,beam,7.4333,0.0,17.26,4.453
BM-sheet_1-1293,beam,13.3748,0.0,31.032,8.0
BM-sheet_1-1294,beam,2.4352,0.0,15.22,7.61
BM-sheet_1-1295,beam,2.4352,0.0,15.22,7.61
BM-sheet_1-1296,beam,6.1418,0.0,14.217,3.657
BM-sheet_1-1297,beam,13.2895,0.0,30.739,7.9
BM-sheet_1-1298,beam,2.4917,0.0,15.573,7.786
BM-sheet_1-1299,beam,13.1617,0.0,30.397,7.8
BM-sheet_1-1300,beam,2.496,0.0,15.6,7.8
BM-sheet_1-1301,beam,7.5321,0.0,17.368,4.45
BM-sheet_1-1302,beam,8.0522,0.0,18.553,4.75
BM-sheet_1-1303,beam,2.4324,0.0,15.202,7.601
BM-sheet_1-1304,beam,10.5659,0.0,24.308,6.214
BM-sheet_1-1305,beam,1.616,0.0,10.1,5.05
BM-sheet_1-1306,beam,0.8535,0.0,1.961,0.5
BM-sheet_1-1307,beam,1.696,0.0,10.6,5.3
BM-sheet_1-1308,beam,2.496,0.0,15.6,7.8
BM-sheet_1-1309,beam,9.0814,0.0,20.813,5.3
BM-sheet_1-1310,beam,11.7024,0.0,26.799,6.819
BM-sheet_1-1311,beam,1.616,0.0,10.1,5.05
BM-sheet_1-1312,beam,1.696,0.0,10.6,5.3
BM-sheet_1-1313,beam,1.664,0.0,10.4,5.2
BM-sheet_1-1314,beam,1.696,0.0,10.6,5.3
BM-sheet_1-1315,beam,10.6847,0.0,24.376,6.179
BM-sheet_1-1316,beam,4.676,0.0,10.66,2.7
BM-sheet_1-1317,beam,2.4352,0.0,15.22,7.61
BM-sheet_1-1318,beam,13.2327,0.0,30.12,7.618
BM-sheet_1-1319,beam,11.0475,0.0,25.127,6.35
BM-sheet_1-1320,beam,13.2729,0.0,30.166,7.618
BM-sheet_1-1321,beam,13.9603,0.0,31.704,8.0
BM-sheet_1-1322,beam,27.8756,0.0,63.258,15.95
BM-sheet_1-1323,beam,15.3772,0.0,34.869,8.785
BM-sheet_1-1324,beam,16.4041,0.0,37.169,9.358
BM-sheet_1-1325,beam,2.496,0.0,15.6,7.8
BM-sheet_1-1326,beam,2.4,0.0,15.0,7.5
BM-sheet_1-1327,beam,14.2635,0.0,32.246,8.1
BM-sheet_1-1328,beam,2.496,0.0,15.6,7.8
BM-sheet_1-1329,beam,8.3896,0.0,18.938,4.75
BM-sheet_1-1330,beam,2.2073,0.0,4.979,1.248
BM-sheet_1-1331,beam,2.496,0.0,15.6,7.8
BM-sheet_1-1332,beam,2.496,0.0,15.6,7.8
BM-sheet_1-1333,beam,8.4402,0.0,18.995,4.75
BM-sheet_1-1334,beam,1.7011,0.0,10.632,5.316
BM-sheet_1-1335,beam,2.496,0.0,15.6,7.8
BM-sheet_1-1336,beam,14.1007,0.0,31.663,7.9
BM-sheet_1-1337,beam,1.7011,0.0,10.632,5.316
BM-sheet_1-1338,beam,14.322,0.0,32.112,8.0
BM-sheet_1-1339,beam,8.9646,0.0,20.085,5.0
BM-sheet_1-1340,beam,8.5291,0.0,19.095,4.75
BM-sheet_1-1341,beam,14.3862,0.0,32.184,8.0
BM-sheet_1-1342,beam,6.8437,0.0,15.299,3.8
BM-sheet_1-1343,beam,13.1666,0.0,29.412,7.3
BM-sheet_1-1344,beam,6.8641,0.0,15.322,3.8
BM-sheet_1-1345,beam,13.9597,0.0,31.137,7.717
BM-sheet_1-1346,beam,14.4937,0.0,32.304,8.0
BM-sheet_1-1347,beam,14.3338,0.0,31.924,7.9
BM-sheet_1-1348,beam,14.3551,0.0,31.948,7.9
BM-sheet_1-1349,beam,14.0125,0.0,31.162,7.7
BM-sheet_1-1350,beam,13.3042,0.0,29.565,7.3
BM-sheet_1-1351,beam,8.0309,0.0,17.833,4.4
BM-sheet_1-1352,beam,14.4364,0.0,32.033,7.898
BM-sheet_1-1353,beam,14.4618,0.0,32.066,7.9
BM-sheet_1-1354,beam,14.2999,0.0,31.684,7.8
BM-sheet_1-1355,beam,14.5046,0.0,32.114,7.9
BM-sheet_1-1356,beam,12.5142,0.0,27.686,6.806
BM-sheet_1-1357,beam,9.0563,0.0,20.021,4.918
BM-sheet_1-1358,beam,7.0119,0.0,15.49,3.802
BM-sheet_1-1359,beam,14.4057,0.0,31.801,7.8
BM-sheet_1-1360,beam,14.2419,0.0,31.416,7.7
BM-sheet_1-1361,beam,14.6293,0.0,32.247,7.898
BM-sheet_1-1362,beam,13.5855,0.0,29.924,7.324
BM-sheet_1-1363,beam,15.0916,0.0,33.217,8.124
BM-sheet_1-1364,beam,14.5119,0.0,31.918,7.8
BM-sheet_1-1365,beam,13.3714,0.0,29.388,7.176
BM-sheet_1-1366,beam,10.0762,0.0,22.129,5.4
BM-sheet_1-1367,beam,15.5101,0.0,34.038,8.3
BM-sheet_1-1368,beam,14.5035,0.0,31.806,7.75
BM-sheet_1-1369,beam,14.431,0.0,31.624,7.7
BM-sheet_1-1370,beam,14.971,0.0,32.783,7.976
BM-sheet_1-1371,beam,15.601,0.0,34.138,8.3
BM-sheet_1-1372,beam,13.3306,0.0,29.148,7.082
BM-sheet_1-1373,beam,14.8925,0.0,32.54,7.9
BM-sheet_1-1374,beam,14.1615,0.0,30.92,7.501
BM-sheet_1-1375,beam,12.0055,0.0,26.194,6.35
BM-sheet_1-1376,beam,12.6752,0.0,27.635,6.695
BM-sheet_1-1377,beam,12.6685,0.0,27.6,6.681
BM-sheet_1-1378,beam,11.7797,0.0,25.645,6.203
BM-sheet_1-1379,beam,14.6426,0.0,31.855,7.7
BM-sheet_1-1380,beam,1.552,0.0,9.7,4.85
BM-sheet_1-1381,beam,2.464,0.0,15.4,7.7
BM-sheet_1-1382,beam,11.61,0.0,25.203,6.079
BM-sheet_1-1383,beam,14.1539,0.0,30.703,7.4
BM-sheet_1-1384,beam,14.5673,0.0,31.576,7.605
BM-sheet_1-1385,beam,13.0317,0.0,28.227,6.794
BM-sheet_1-1386,beam,14.8489,0.0,32.14,7.73
BM-sheet_1-1387,beam,15.3902,0.0,33.288,8.0
BM-sheet_1-1388,beam,12.2335,0.0,26.441,6.35
BM-sheet_1-1389,beam,13.6505,0.0,29.483,7.075
BM-sheet_1-1390,beam,12.2688,0.0,26.479,6.35
BM-sheet_1-1391,beam,15.2856,0.0,32.967,7.9
BM-sheet_1-1392,beam,14.5503,0.0,31.358,7.509
BM-sheet_1-1393,beam,17.9912,0.0,38.746,9.272
BM-sheet_1-1394,beam,7.7729,0.0,16.728,4.0
BM-sheet_1-1395,beam,15.7635,0.0,33.9,8.1
BM-sheet_1-1396,beam,18.2368,0.0,39.191,9.358
BM-sheet_1-1397,beam,9.758,0.0,20.955,5.0
BM-sheet_1-1398,beam,18.1205,0.0,38.885,9.272
BM-sheet_1-1399,beam,18.3048,0.0,39.253,9.353
BM-sheet_1-1400,beam,15.092,0.0,32.34,7.7
BM-sheet_1-1401,beam,14.8192,0.0,31.733,7.55
BM-sheet_1-1402,beam,18.3833,0.0,39.337,9.353
BM-sheet_1-1403,beam,10.9982,0.0,23.517,5.587
BM-sheet_1-1404,beam,14.8828,0.0,31.801,7.55
BM-sheet_1-1405,beam,2.576,0.0,16.1,8.05
BM-sheet_1-1406,beam,10.6889,0.0,22.807,5.407
BM-sheet_1-1407,beam,8.7366,0.0,18.628,4.413
BM-sheet_1-1408,beam,11.1916,0.0,23.846,5.645
BM-sheet_1-1409,beam,15.0572,0.0,32.059,7.584
BM-sheet_1-1410,beam,10.7381,0.0,22.847,5.401
BM-sheet_1-1411,beam,7.9135,0.0,16.825,3.975
BM-sheet_1-1412,beam,2.496,0.0,15.6,7.8
BM-sheet_1-1413,beam,2.496,0.0,15.6,7.8
BM-sheet_1-1414,beam,15.3953,0.0,32.663,7.7
BM-sheet_1-1415,beam,18.1007,0.0,38.376,9.04
BM-sheet_1-1416,beam,16.241,0.0,34.409,8.1
BM-sheet_1-1417,beam,15.4607,0.0,32.733,7.7
BM-sheet_1-1418,beam,15.3821,0.0,32.543,7.65
BM-sheet_1-1419,beam,6.6735,0.0,14.109,3.314
BM-sheet_1-1420,beam,15.627,0.0,33.015,7.75
BM-sheet_1-1421,beam,15.5482,0.0,32.825,7.7
BM-sheet_1-1422,beam,5.2704,0.0,11.119,2.606
BM-sheet_1-1423,beam,2.8479,0.0,6.004,1.406
BM-sheet_1-1424,beam,16.0194,0.0,33.749,7.9
BM-sheet_1-1425,beam,16.4481,0.0,34.628,8.1
BM-sheet_1-1426,beam,6.4262,0.0,13.519,3.16
BM-sheet_1-1427,beam,6.4631,0.0,13.587,3.174
BM-sheet_1-1428,beam,2.432,0.0,15.2,7.6
BM-sheet_1-1429,beam,10.9002,0.0,22.883,5.338
BM-sheet_1-1430,beam,15.9502,0.0,33.462,7.8
BM-sheet_1-1431,beam,9.8293,0.0,20.606,4.8
BM-sheet_1-1432,beam,15.8923,0.0,33.294,7.75
BM-sheet_1-1433,beam,11.0888,0.0,23.215,5.4
BM-sheet_1-1434,beam,10.8987,0.0,22.801,5.3
BM-sheet_1-1435,beam,2.4352,0.0,15.22,7.61
BM-sheet_1-1436,beam,15.8781,0.0,33.172,7.7
BM-sheet_1-1437,beam,9.9241,0.0,20.718,4.806
BM-sheet_1-1438,beam,16.7495,0.0,34.943,8.1
BM-sheet_1-1439,beam,13.191,0.0,27.5,6.37
BM-sheet_1-1440,beam,12.9946,0.0,27.072,6.267
BM-sheet_1-1441,beam,15.9889,0.0,33.287,7.7
BM-sheet_1-1442,beam,19.8643,0.0,41.327,9.553
BM-sheet_1-1443,beam,16.8662,0.0,35.065,8.1
BM-sheet_1-1444,beam,16.2641,0.0,33.79,7.8
BM-sheet_1-1445,beam,10.4401,0.0,21.675,5.0
BM-sheet_1-1446,beam,12.9954,0.0,26.962,6.215
BM-sheet_1-1447,beam,16.1223,0.0,33.426,7.7
BM-sheet_1-1448,beam,16.564,0.0,34.318,7.9
BM-sheet_1-1449,beam,16.2718,0.0,33.689,7.75
BM-sheet_1-1450,beam,16.0842,0.0,33.278,7.65
BM-sheet_1-1451,beam,15.7738,0.0,32.613,7.492
BM-sheet_1-1452,beam,16.1286,0.0,33.324,7.65
BM-sheet_1-1453,beam,2.336,0.0,14.6,7.3
BM-sheet_1-1454,beam,5.1714,0.0,10.67,2.446
BM-sheet_1-1455,beam,16.8303,0.0,34.702,7.95
BM-sheet_1-1456,beam,15.8827,0.0,32.725,7.492
BM-sheet_1-1457,beam,0.9728,0.0,6.08,3.04
BM-sheet_1-1458,beam,16.2621,0.0,33.461,7.65
BM-sheet_1-1459,beam,16.4972,0.0,33.922,7.75
BM-sheet_1-1460,beam,18.5239,0.0,38.063,8.69
BM-sheet_1-1461,beam,18.2712,0.0,37.518,8.56
BM-sheet_1-1462,beam,10.6872,0.0,21.93,5.0
BM-sheet_1-1463,beam,17.7651,0.0,36.429,8.3
BM-sheet_1-1464,beam,10.9308,0.0,22.399,5.1
BM-sheet_1-1465,beam,2.56,0.0,16.0,8.0
BM-sheet_1-1466,beam,15.9819,0.0,32.705,7.436
BM-sheet_1-1467,beam,17.0725,0.0,34.913,7.933
BM-sheet_1-1468,beam,2.56,0.0,16.0,8.0
BM-sheet_1-1469,beam,16.3305,0.0,33.35,7.568
BM-sheet_1-1470,beam,16.6389,0.0,33.957,7.7
BM-sheet_1-1471,beam,10.4948,0.0,21.403,4.85
BM-sheet_1-1472,beam,10.591,0.0,21.585,4.888
BM-sheet_1-1473,beam,16.7069,0.0,34.026,7.7
BM-sheet_1-1474,beam,18.2238,0.0,37.091,8.388
BM-sheet_1-1475,beam,18.5146,0.0,37.657,8.51
BM-sheet_1-1476,beam,10.5662,0.0,21.476,4.85
BM-sheet_1-1477,beam,16.7978,0.0,34.119,7.7
BM-sheet_1-1478,beam,5.5049,0.0,11.174,2.52
BM-sheet_1-1479,beam,16.3146,0.0,33.093,7.458
BM-sheet_1-1480,beam,20.5854,0.0,41.727,9.398
BM-sheet_1-1481,beam,16.8889,0.0,34.211,7.7
BM-sheet_1-1482,beam,16.9117,0.0,34.234,7.7
BM-sheet_1-1483,beam,16.7213,0.0,33.826,7.603
BM-sheet_1-1484,beam,16.9574,0.0,34.28,7.7
BM-sheet_1-1485,beam,17.2007,0.0,34.749,7.8
BM-sheet_1-1486,beam,6.3645,0.0,12.849,2.882
BM-sheet_1-1487,beam,14.1323,0.0,28.512,6.391
BM-sheet_1-1488,beam,16.8548,0.0,33.981,7.612
BM-sheet_1-1489,beam,11.2837,0.0,22.734,5.089
BM-sheet_1-1490,beam,17.0948,0.0,34.419,7.7
BM-sheet_1-1491,beam,17.1177,0.0,34.442,7.7
BM-sheet_1-1492,beam,16.7159,0.0,33.611,7.509
BM-sheet_1-1493,beam,18.5392,0.0,37.252,8.317
BM-sheet_1-1494,beam,17.0751,0.0,34.287,7.65
BM-sheet_1-1495,beam,17.4332,0.0,34.983,7.8
BM-sheet_1-1496,beam,18.4636,0.0,37.026,8.25
BM-sheet_1-1497,beam,17.704,0.0,35.479,7.9
BM-sheet_1-1498,beam,9.2623,0.0,18.549,4.128
BM-sheet_1-1499,beam,18.3004,0.0,36.625,8.144
BM-sheet_1-1500,beam,17.775,0.0,35.55,7.9
BM-sheet_1-1501,beam,17.3481,0.0,34.673,7.7
BM-sheet_1-1502,beam,15.1164,0.0,30.192,6.701
BM-sheet_1-1503,beam,17.137,0.0,34.206,7.586
BM-sheet_1-1504,beam,13.3459,0.0,26.621,5.9
BM-sheet_1-1505,beam,17.4407,0.0,34.766,7.7
BM-sheet_1-1506,beam,9.3034,0.0,18.533,4.102
BM-sheet_1-1507,beam,17.4871,0.0,34.812,7.7
BM-sheet_1-1508,beam,6.9132,0.0,13.753,3.04
BM-sheet_1-1509,beam,11.7949,0.0,23.449,5.18
BM-sheet_1-1510,beam,17.5568,0.0,34.881,7.7
BM-sheet_1-1511,beam,6.3287,0.0,12.565,2.772
BM-sheet_1-1512,beam,17.0397,0.0,33.809,7.453
BM-sheet_1-1513,beam,17.0917,0.0,33.89,7.466
BM-sheet_1-1514,beam,11.8818,0.0,23.544,5.184
BM-sheet_1-1515,beam,17.6732,0.0,34.997,7.7
BM-sheet_1-1516,beam,17.9264,0.0,35.474,7.8
BM-sheet_1-1517,beam,17.7199,0.0,35.043,7.7
BM-sheet_1-1518,beam,2.496,0.0,15.6,7.8
BM-sheet_1-1519,beam,9.39,0.0,18.545,4.07
BM-sheet_1-1520,beam,2.496,0.0,15.6,7.8
BM-sheet_1-1521,beam,10.6418,0.0,20.99,4.6
BM-sheet_1-1522,beam,18.4624,0.0,36.391,7.97
BM-sheet_1-1523,beam,11.8296,0.0,23.302,5.1
BM-sheet_1-1524,beam,18.3484,0.0,36.119,7.9
BM-sheet_1-1525,beam,14.5721,0.0,28.666,6.266
BM-sheet_1-1526,beam,10.7119,0.0,21.059,4.6
BM-sheet_1-1527,beam,17.9543,0.0,35.274,7.7
BM-sheet_1-1528,beam,9.6894,0.0,19.024,4.15
BM-sheet_1-1529,beam,18.2352,0.0,35.779,7.8
BM-sheet_1-1530,beam,18.0249,0.0,35.343,7.7
BM-sheet_1-1531,beam,17.9313,0.0,35.136,7.65
BM-sheet_1-1532,beam,18.5415,0.0,36.308,7.9
BM-sheet_1-1533,beam,10.9279,0.0,21.385,4.65
BM-sheet_1-1534,beam,18.1193,0.0,35.435,7.7
BM-sheet_1-1535,beam,10.9495,0.0,21.4,4.647
BM-sheet_1-1536,beam,18.1666,0.0,35.482,7.7
BM-sheet_1-1537,beam,17.5595,0.0,34.274,7.433
BM-sheet_1-1538,beam,8.9955,0.0,17.547,3.803
BM-sheet_1-1539,beam,18.8674,0.0,36.779,7.966
BM-sheet_1-1540,beam,18.2613,0.0,35.574,7.7
BM-sheet_1-1541,beam,17.7291,0.0,34.515,7.466
BM-sheet_1-1542,beam,18.3088,0.0,35.62,7.7
BM-sheet_1-1543,beam,17.4245,0.0,33.878,7.319
BM-sheet_1-1544,beam,18.2371,0.0,35.435,7.65
BM-sheet_1-1545,beam,18.2607,0.0,35.458,7.65
BM-sheet_1-1546,beam,10.5401,0.0,20.453,4.41
BM-sheet_1-1547,beam,18.4277,0.0,35.736,7.7
BM-sheet_1-1548,beam,19.7695,0.0,38.313,8.25
BM-sheet_1-1549,beam,12.7168,0.0,24.629,5.3
BM-sheet_1-1550,beam,15.5072,0.0,30.014,6.455
BM-sheet_1-1551,beam,11.4454,0.0,22.138,4.758
BM-sheet_1-1552,beam,18.4266,0.0,35.618,7.65
BM-sheet_1-1553,beam,18.8121,0.0,36.34,7.8
BM-sheet_1-1554,beam,19.7771,0.0,38.18,8.19
BM-sheet_1-1555,beam,19.9487,0.0,38.486,8.25
BM-sheet_1-1556,beam,19.127,0.0,36.877,7.9
BM-sheet_1-1557,beam,12.3637,0.0,23.822,5.1
BM-sheet_1-1558,beam,11.0272,0.0,21.233,4.543
BM-sheet_1-1559,beam,14.3398,0.0,27.594,5.9
BM-sheet_1-1560,beam,20.1989,0.0,38.844,8.3
BM-sheet_1-1561,beam,8.936,0.0,17.174,3.667
BM-sheet_1-1562,beam,18.7868,0.0,36.082,7.7
BM-sheet_1-1563,beam,5.0428,0.0,9.679,2.064
BM-sheet_1-1564,beam,2.496,0.0,15.6,7.8
BM-sheet_1-1565,beam,2.496,0.0,15.6,7.8
BM-sheet_1-1566,beam,2.496,0.0,15.6,7.8
BM-sheet_1-1567,beam,20.3806,0.0,39.018,8.3
BM-sheet_1-1568,beam,19.4231,0.0,37.162,7.9
BM-sheet_1-1569,beam,18.9555,0.0,36.244,7.7
BM-sheet_1-1570,beam,20.4587,0.0,39.093,8.3
BM-sheet_1-1571,beam,18.8203,0.0,35.939,7.626
BM-sheet_1-1572,beam,18.5965,0.0,35.489,7.525
BM-sheet_1-1573,beam,20.2895,0.0,38.696,8.2
BM-sheet_1-1574,beam,10.5246,0.0,20.06,4.248
BM-sheet_1-1575,beam,19.1008,0.0,36.383,7.7
BM-sheet_1-1576,beam,19.1251,0.0,36.406,7.7
BM-sheet_1-1577,beam,19.398,0.0,36.902,7.8
BM-sheet_1-1578,beam,9.4678,0.0,18.0,3.802
BM-sheet_1-1579,beam,19.6966,0.0,37.422,7.9
BM-sheet_1-1580,beam,19.4719,0.0,36.972,7.8
BM-sheet_1-1581,beam,19.2466,0.0,36.521,7.7
BM-sheet_1-1582,beam,19.1458,0.0,36.307,7.65
BM-sheet_1-1583,beam,6.9462,0.0,13.164,2.772
BM-sheet_1-1584,beam,19.5706,0.0,37.066,7.8
BM-sheet_1-1585,beam,2.2108,0.0,4.184,0.88
BM-sheet_1-1586,beam,11.6966,0.0,22.125,4.65
BM-sheet_1-1587,beam,19.3222,0.0,36.526,7.672
BM-sheet_1-1588,beam,19.4174,0.0,36.683,7.7
BM-sheet_1-1589,beam,19.4419,0.0,36.706,7.7
BM-sheet_1-1590,beam,19.7192,0.0,37.206,7.8
BM-sheet_1-1591,beam,19.4909,0.0,36.752,7.7
BM-sheet_1-1592,beam,19.7688,0.0,37.253,7.8
BM-sheet_1-1593,beam,19.5399,0.0,36.798,7.7
BM-sheet_1-1594,beam,19.8185,0.0,37.3,7.8
BM-sheet_1-1595,beam,17.9354,0.0,33.734,7.05
BM-sheet_1-1596,beam,11.5348,0.0,21.682,4.528
BM-sheet_1-1597,beam,11.8594,0.0,22.278,4.65
BM-sheet_1-1598,beam,11.8743,0.0,22.292,4.65
BM-sheet_1-1599,beam,11.8891,0.0,22.306,4.65
BM-sheet_1-1600,beam,19.712,0.0,36.96,7.7
BM-sheet_1-1601,beam,11.9159,0.0,22.328,4.649
BM-sheet_1-1602,beam,20.018,0.0,37.487,7.8
BM-sheet_1-1603,beam,11.8202,0.0,22.121,4.6
BM-sheet_1-1604,beam,20.068,0.0,37.534,7.8
BM-sheet_1-1605,beam,2.416,0.0,15.1,7.55
BM-sheet_1-1606,beam,13.6924,0.0,25.577,5.309
BM-sheet_1-1607,beam,20.4013,0.0,38.086,7.9
BM-sheet_1-1608,beam,21.2024,0.0,39.557,8.2
BM-sheet_1-1609,beam,19.0301,0.0,35.482,7.351
BM-sheet_1-1610,beam,20.4776,0.0,38.157,7.9
BM-sheet_1-1611,beam,2.528,0.0,15.8,7.9
BM-sheet_1-1612,beam,2.48,0.0,15.5,7.75
BM-sheet_1-1613,beam,2.48,0.0,15.5,7.75
BM-sheet_1-1614,beam,12.9584,0.0,24.086,4.974
BM-sheet_1-1615,beam,1.664,0.0,10.4,5.2
BM-sheet_1-1616,beam,11.621,0.0,21.574,4.45
BM-sheet_1-1617,beam,2.432,0.0,15.2,7.6
BM-sheet_1-1618,beam,17.5695,0.0,32.576,6.711
BM-sheet_1-1619,beam,11.1399,0.0,20.642,4.25
BM-sheet_1-1620,beam,21.6019,0.0,40.004,8.231
BM-sheet_1-1621,beam,14.1125,0.0,26.118,5.371
BM-sheet_1-1622,beam,18.109,0.0,33.494,6.883
BM-sheet_1-1623,beam,20.0119,0.0,36.991,7.597
BM-sheet_1-1624,beam,11.454,0.0,21.159,4.343
BM-sheet_1-1625,beam,2.432,0.0,15.2,7.6
BM-sheet_1-1626,beam,11.2365,0.0,20.731,4.25
BM-sheet_1-1627,beam,9.6356,0.0,17.767,3.64
BM-sheet_1-1628,beam,21.3056,0.0,39.261,8.039
BM-sheet_1-1629,beam,22.0252,0.0,40.562,8.3
BM-sheet_1-1630,beam,20.4581,0.0,37.653,7.7
BM-sheet_1-1631,beam,2.3409,0.0,4.306,0.88
BM-sheet_1-1632,beam,2.7433,0.0,5.043,1.03
BM-sheet_1-1633,beam,2.528,0.0,15.8,7.9
BM-sheet_1-1634,beam,19.8912,0.0,36.52,7.45
BM-sheet_1-1635,beam,11.8959,0.0,21.827,4.45
BM-sheet_1-1636,beam,20.4275,0.0,37.459,7.632
BM-sheet_1-1637,beam,21.4382,0.0,39.288,8.0
BM-sheet_1-1638,beam,2.5273,0.0,15.796,7.898
BM-sheet_1-1639,beam,21.2219,0.0,38.844,7.9
BM-sheet_1-1640,beam,13.9859,0.0,25.584,5.2
BM-sheet_1-1641,beam,1.664,0.0,10.4,5.2
BM-sheet_1-1642,beam,10.2513,0.0,18.73,3.802
BM-sheet_1-1643,beam,9.826,0.0,17.942,3.64
BM-sheet_1-1644,beam,1.408,0.0,8.8,4.4
BM-sheet_1-1645,beam,21.3776,0.0,38.987,7.9
BM-sheet_1-1646,beam,2.6026,0.0,4.743,0.961
BM-sheet_1-1647,beam,2.5266,0.0,15.791,7.896
BM-sheet_1-1648,beam,1.408,0.0,8.8,4.4
BM-sheet_1-1649,beam,20.9379,0.0,38.092,7.7
BM-sheet_1-1650,beam,2.8553,0.0,5.191,1.049
BM-sheet_1-1651,beam,7.9397,0.0,14.427,2.913
BM-sheet_1-1652,beam,21.0141,0.0,38.161,7.7
BM-sheet_1-1653,beam,8.9077,0.0,16.166,3.26
BM-sheet_1-1654,beam,21.3386,0.0,38.704,7.8
BM-sheet_1-1655,beam,19.1914,0.0,34.788,7.007
BM-sheet_1-1656,beam,1.328,0.0,8.3,4.15
BM-sheet_1-1657,beam,1.664,0.0,10.4,5.2
BM-sheet_1-1658,beam,14.1572,0.0,25.616,5.15
BM-sheet_1-1659,beam,1.328,0.0,8.3,4.15
BM-sheet_1-1660,beam,1.664,0.0,10.4,5.2
BM-sheet_1-1661,beam,21.7923,0.0,39.36,7.899
BM-sheet_1-1662,beam,1.664,0.0,10.4,5.2
BM-sheet_1-1663,beam,1.328,0.0,8.3,4.15
BM-sheet_1-1664,beam,1.328,0.0,8.3,4.15
BM-sheet_1-1665,beam,1.664,0.0,10.4,5.2
BM-sheet_1-1666,beam,21.233,0.0,38.235,7.65
BM-sheet_1-1667,beam,1.328,0.0,8.3,4.15
BM-sheet_1-1668,beam,12.3809,0.0,22.268,4.45
BM-sheet_1-1669,beam,14.4849,0.0,26.036,5.2
BM-sheet_1-1670,beam,23.566,0.0,42.334,8.45
BM-sheet_1-1671,beam,21.3607,0.0,38.349,7.65
BM-sheet_1-1672,beam,10.1759,0.0,18.258,3.64
BM-sheet_1-1673,beam,2.464,0.0,15.4,7.7
BM-sheet_1-1674,beam,7.0617,0.0,12.655,2.52
BM-sheet_1-1675,beam,2.464,0.0,15.4,7.7
BM-sheet_1-1676,beam,13.0617,0.0,23.38,4.65
BM-sheet_1-1677,beam,0.9728,0.0,6.08,3.04
BM-sheet_1-1678,beam,23.3702,0.0,41.782,8.3
BM-sheet_1-1679,beam,10.2613,0.0,18.335,3.64
BM-sheet_1-1680,beam,10.4209,0.0,18.609,3.692
BM-sheet_1-1681,beam,10.4333,0.0,18.62,3.692
BM-sheet_1-1682,beam,10.298,0.0,18.367,3.64
BM-sheet_1-1683,beam,10.9583,0.0,19.534,3.869
BM-sheet_1-1684,beam,7.1464,0.0,12.731,2.52
BM-sheet_1-1685,beam,21.862,0.0,38.924,7.7
BM-sheet_1-1686,beam,24.0197,0.0,42.74,8.45
BM-sheet_1-1687,beam,8.6517,0.0,15.385,3.04
BM-sheet_1-1688,beam,21.9399,0.0,38.993,7.7
BM-sheet_1-1689,beam,22.5365,0.0,40.029,7.9
BM-sheet_1-1690,beam,11.5958,0.0,20.584,4.06
BM-sheet_1-1691,beam,12.4673,0.0,22.118,4.36
BM-sheet_1-1692,beam,12.4821,0.0,22.131,4.36
BM-sheet_1-1693,beam,11.637,0.0,20.621,4.06
BM-sheet_1-1694,beam,21.9527,0.0,38.877,7.65
BM-sheet_1-1695,beam,12.5264,0.0,22.171,4.36
BM-sheet_1-1696,beam,16.1809,0.0,28.622,5.625
BM-sheet_1-1697,beam,22.0305,0.0,38.946,7.65
BM-sheet_1-1698,beam,22.0565,0.0,38.969,7.65
BM-sheet_1-1699,beam,12.701,0.0,22.427,4.4
BM-sheet_1-1700,beam,23.987,0.0,42.33,8.3
BM-sheet_1-1701,beam,22.1345,0.0,39.038,7.65
BM-sheet_1-1702,beam,24.4778,0.0,43.145,8.45
BM-sheet_1-1703,beam,24.3618,0.0,42.916,8.4
BM-sheet_1-1704,beam,24.5353,0.0,43.196,8.45
BM-sheet_1-1705,beam,4.3531,0.0,7.659,1.497
BM-sheet_1-1706,beam,24.593,0.0,43.247,8.45
BM-sheet_1-1707,beam,24.6218,0.0,43.272,8.45
BM-sheet_1-1708,beam,22.4629,0.0,39.455,7.7
BM-sheet_1-1709,beam,17.978,0.0,31.559,6.155
BM-sheet_1-1710,beam,17.3998,0.0,30.526,5.95
BM-sheet_1-1711,beam,19.2307,0.0,33.718,6.569
BM-sheet_1-1712,beam,23.1545,0.0,40.574,7.9
BM-sheet_1-1713,beam,22.5946,0.0,39.57,7.7
BM-sheet_1-1714,beam,22.621,0.0,39.593,7.7
BM-sheet_1-1715,beam,23.4692,0.0,41.054,7.979
BM-sheet_1-1716,beam,23.2628,0.0,40.669,7.9
BM-sheet_1-1717,beam,23.8795,0.0,41.723,8.1
BM-sheet_1-1718,beam,8.3009,0.0,14.495,2.812
BM-sheet_1-1719,beam,23.9352,0.0,41.772,8.1
BM-sheet_1-1720,beam,3.0471,0.0,5.315,1.03
BM-sheet_1-1721,beam,22.8062,0.0,39.755,7.7
BM-sheet_1-1722,beam,22.8327,0.0,39.778,7.7
BM-sheet_1-1723,beam,23.453,0.0,40.835,7.9
BM-sheet_1-1724,beam,21.9941,0.0,38.273,7.4
BM-sheet_1-1725,beam,24.1026,0.0,41.918,8.1
BM-sheet_1-1726,beam,13.2569,0.0,23.042,4.45
BM-sheet_1-1727,beam,20.8545,0.0,36.227,6.992
BM-sheet_1-1728,beam,8.7701,0.0,15.226,2.937
BM-sheet_1-1729,beam,22.5036,0.0,39.046,7.528
BM-sheet_1-1730,beam,16.0695,0.0,27.866,5.369
BM-sheet_1-1731,beam,21.498,0.0,37.258,7.175
BM-sheet_1-1732,beam,24.2986,0.0,42.088,8.1
BM-sheet_1-1733,beam,21.7377,0.0,37.63,7.238
BM-sheet_1-1734,beam,25.1425,0.0,43.499,8.362
BM-sheet_1-1735,beam,24.3828,0.0,42.16,8.1
BM-sheet_1-1736,beam,22.9485,0.0,39.657,7.615
BM-sheet_1-1737,beam,23.0445,0.0,39.8,7.638
BM-sheet_1-1738,beam,23.043,0.0,39.775,7.628
BM-sheet_1-1739,beam,18.4564,0.0,31.84,6.103
BM-sheet_1-1740,beam,27.0053,0.0,46.561,8.92
BM-sheet_1-1741,beam,2.44,0.0,15.25,7.625
BM-sheet_1-1742,beam,2.48,0.0,15.5,7.75
BM-sheet_1-1743,beam,24.0006,0.0,41.309,7.9
BM-sheet_1-1744,beam,24.6364,0.0,42.379,8.1
BM-sheet_1-1745,beam,23.4467,0.0,40.309,7.7
BM-sheet_1-1746,beam,23.3213,0.0,40.071,7.65
BM-sheet_1-1747,beam,24.1109,0.0,41.404,7.9
BM-sheet_1-1748,beam,2.048,0.0,12.8,6.4
BM-sheet_1-1749,beam,25.3897,0.0,43.55,8.3
BM-sheet_1-1750,beam,18.891,0.0,32.385,6.169
BM-sheet_1-1751,beam,13.9201,0.0,23.849,4.54
BM-sheet_1-1752,beam,21.5237,0.0,36.856,7.012
BM-sheet_1-1753,beam,23.5301,0.0,40.268,7.657
BM-sheet_1-1754,beam,24.9198,0.0,42.622,8.1
BM-sheet_1-1755,beam,23.7162,0.0,40.541,7.7
BM-sheet_1-1756,beam,12.3341,0.0,21.072,4.0
BM-sheet_1-1757,beam,14.8444,0.0,25.346,4.809
BM-sheet_1-1758,beam,21.6462,0.0,36.939,7.004
BM-sheet_1-1759,beam,24.6848,0.0,42.1,7.978
BM-sheet_1-1760,beam,23.8515,0.0,40.656,7.7
BM-sheet_1-1761,beam,24.8757,0.0,42.378,8.022
BM-sheet_1-1762,beam,21.4711,0.0,36.557,6.916
BM-sheet_1-1763,beam,23.7775,0.0,40.461,7.65
BM-sheet_1-1764,beam,24.9605,0.0,42.45,8.022
BM-sheet_1-1765,beam,1.1578,0.0,7.236,3.618
BM-sheet_1-1766,beam,21.4499,0.0,36.438,6.878
BM-sheet_1-1767,beam,1.1374,0.0,7.109,3.554
BM-sheet_1-1768,beam,19.9726,0.0,33.89,6.39
BM-sheet_1-1769,beam,21.723,0.0,36.839,6.942
BM-sheet_1-1770,beam,1.312,0.0,8.2,4.1
BM-sheet_1-1771,beam,1.312,0.0,8.2,4.1
BM-sheet_1-1772,beam,15.6828,0.0,26.551,4.995
BM-sheet_1-1773,beam,1.312,0.0,8.2,4.1
BM-sheet_1-1774,beam,15.9432,0.0,26.961,5.066
BM-sheet_1-1775,beam,22.9768,0.0,38.834,7.293
BM-sheet_1-1776,beam,20.6732,0.0,34.921,6.554
BM-sheet_1-1777,beam,21.8121,0.0,36.824,6.908
BM-sheet_1-1778,beam,16.081,0.0,27.133,5.087
BM-sheet_1-1779,beam,21.0276,0.0,35.46,6.644
BM-sheet_1-1780,beam,26.7727,0.0,45.123,8.45
BM-sheet_1-1781,beam,19.0318,0.0,32.058,6.0
BM-sheet_1-1782,beam,24.2657,0.0,40.851,7.641
BM-sheet_1-1783,beam,6.1683,0.0,10.378,1.94
BM-sheet_1-1784,beam,10.4164,0.0,17.516,3.273
BM-sheet_1-1785,beam,26.1345,0.0,43.924,8.202
BM-sheet_1-1786,beam,24.3124,0.0,40.838,7.622
BM-sheet_1-1787,beam,23.8115,0.0,39.974,7.457
BM-sheet_1-1788,beam,16.6029,0.0,27.857,5.193
BM-sheet_1-1789,beam,9.0529,0.0,15.181,2.829
BM-sheet_1-1790,beam,26.9955,0.0,45.244,8.425
BM-sheet_1-1791,beam,24.5388,0.0,41.103,7.65
BM-sheet_1-1792,beam,14.868,0.0,24.891,4.63
BM-sheet_1-1793,beam,14.6638,0.0,24.535,4.561
BM-sheet_1-1794,beam,16.0746,0.0,26.881,4.995
BM-sheet_1-1795,beam,26.5817,0.0,44.426,8.25
BM-sheet_1-1796,beam,24.676,0.0,41.218,7.65
BM-sheet_1-1797,beam,24.7034,0.0,41.241,7.65
BM-sheet_1-1798,beam,15.381,0.0,25.664,4.758
BM-sheet_1-1799,beam,27.5556,0.0,45.952,8.514
BM-sheet_1-1800,beam,24.8284,0.0,41.381,7.663
BM-sheet_1-1801,beam,19.5264,0.0,32.526,6.02
BM-sheet_1-1802,beam,16.5607,0.0,27.571,5.1
BM-sheet_1-1803,beam,22.9182,0.0,38.133,7.05
BM-sheet_1-1804,beam,15.133,0.0,25.166,4.65
BM-sheet_1-1805,beam,15.1498,0.0,25.18,4.65
BM-sheet_1-1806,beam,25.1146,0.0,41.719,7.7
BM-sheet_1-1807,beam,25.4689,0.0,42.284,7.8
BM-sheet_1-1808,beam,13.6941,0.0,22.723,4.189
BM-sheet_1-1809,beam,24.9282,0.0,41.34,7.618
BM-sheet_1-1810,beam,15.0701,0.0,24.978,4.6
BM-sheet_1-1811,beam,14.7614,0.0,24.453,4.501
BM-sheet_1-1812,beam,14.6109,0.0,24.19,4.45
BM-sheet_1-1813,beam,27.8156,0.0,46.027,8.462
BM-sheet_1-1814,beam,13.985,0.0,23.128,4.25
BM-sheet_1-1815,beam,26.8742,0.0,44.42,8.158
BM-sheet_1-1816,beam,17.6085,0.0,29.089,5.339
BM-sheet_1-1817,beam,23.0389,0.0,38.039,6.978
BM-sheet_1-1818,beam,25.3574,0.0,41.844,7.672
BM-sheet_1-1819,beam,15.6036,0.0,25.734,4.716
BM-sheet_1-1820,beam,28.345,0.0,46.723,8.557
BM-sheet_1-1821,beam,2.432,0.0,15.2,7.6
BM-sheet_1-1822,beam,8.5073,0.0,14.008,2.563
BM-sheet_1-1823,beam,24.5926,0.0,40.471,7.4
BM-sheet_1-1824,beam,25.6177,0.0,42.134,7.7
BM-sheet_1-1825,beam,1.328,0.0,8.3,4.15
BM-sheet_1-1826,beam,24.8404,0.0,40.811,7.45
BM-sheet_1-1827,beam,28.2052,0.0,46.314,8.45
BM-sheet_1-1828,beam,27.0668,0.0,44.42,8.1
BM-sheet_1-1829,beam,12.9421,0.0,21.228,3.869
BM-sheet_1-1830,beam,28.298,0.0,46.39,8.45
BM-sheet_1-1831,beam,26.15,0.0,42.845,7.8
BM-sheet_1-1832,beam,27.8567,0.0,45.617,8.3
BM-sheet_1-1833,beam,2.2166,0.0,13.854,6.927
BM-sheet_1-1834,beam,26.5721,0.0,43.466,7.9
BM-sheet_1-1835,beam,28.4528,0.0,46.517,8.45
BM-sheet_1-1836,beam,25.9662,0.0,42.428,7.703
BM-sheet_1-1837,beam,2.48,0.0,15.5,7.75
BM-sheet_1-1838,beam,25.6816,0.0,41.918,7.602
BM-sheet_1-1839,beam,1.3091,0.0,8.182,4.091
BM-sheet_1-1840,beam,26.8917,0.0,43.845,7.943
BM-sheet_1-1841,beam,20.9071,0.0,34.069,6.169
BM-sheet_1-1842,beam,27.483,0.0,44.761,8.1
BM-sheet_1-1843,beam,16.5366,0.0,26.918,4.868
BM-sheet_1-1844,beam,1.312,0.0,8.2,4.1
BM-sheet_1-1845,beam,21.7502,0.0,35.366,6.39
BM-sheet_1-1846,beam,24.9227,0.0,40.503,7.314
BM-sheet_1-1847,beam,6.4997,0.0,10.557,1.905
BM-sheet_1-1848,beam,13.1128,0.0,21.287,3.84
BM-sheet_1-1849,beam,28.3632,0.0,46.019,8.296
BM-sheet_1-1850,beam,28.0353,0.0,45.463,8.191
BM-sheet_1-1851,beam,17.4119,0.0,28.22,5.082
BM-sheet_1-1852,beam,16.9389,0.0,27.439,4.939
BM-sheet_1-1853,beam,28.886,0.0,46.766,8.413
BM-sheet_1-1854,beam,28.8445,0.0,46.674,8.392
BM-sheet_1-1855,beam,0.3454,0.0,2.159,1.08
BM-sheet_1-1856,beam,8.3321,0.0,13.468,2.419
BM-sheet_1-1857,beam,23.0346,0.0,37.213,6.68
BM-sheet_1-1858,beam,32.153,0.0,51.916,9.314
BM-sheet_1-1859,beam,26.116,0.0,42.145,7.557
BM-sheet_1-1860,beam,30.4782,0.0,49.158,8.81
BM-sheet_1-1861,beam,22.1193,0.0,35.657,6.387
BM-sheet_1-1862,beam,33.3695,0.0,53.764,9.625
BM-sheet_1-1863,beam,25.8267,0.0,41.589,7.441
BM-sheet_1-1864,beam,31.0117,0.0,49.911,8.926
BM-sheet_1-1865,beam,16.878,0.0,27.15,4.852
BM-sheet_1-1866,beam,29.8894,0.0,48.054,8.584
BM-sheet_1-1867,beam,17.6669,0.0,28.388,5.068
BM-sheet_1-1868,beam,29.6351,0.0,47.594,8.493
BM-sheet_1-1869,beam,5.6911,0.0,9.135,1.629
BM-sheet_1-1870,beam,26.9261,0.0,43.197,7.7
BM-sheet_1-1871,beam,28.1801,0.0,45.185,8.05
BM-sheet_1-1872,beam,5.2726,0.0,8.45,1.505
BM-sheet_1-1873,beam,27.0126,0.0,43.266,7.7
BM-sheet_1-1874,beam,28.2706,0.0,45.257,8.05
BM-sheet_1-1875,beam,29.3714,0.0,46.994,8.355
BM-sheet_1-1876,beam,28.9714,0.0,46.33,8.232
BM-sheet_1-1877,beam,2.7339,0.0,17.087,8.543
BM-sheet_1-1878,beam,2.694,0.0,16.837,8.419
BM-sheet_1-1879,beam,23.979,0.0,38.285,6.792
BM-sheet_1-1880,beam,23.5639,0.0,37.602,6.667
BM-sheet_1-1881,beam,16.8063,0.0,26.804,4.75
BM-sheet_1-1882,beam,26.0331,0.0,41.498,7.35
BM-sheet_1-1883,beam,25.7061,0.0,40.955,7.25
BM-sheet_1-1884,beam,25.9112,0.0,41.26,7.3
BM-sheet_1-1885,beam,33.2936,0.0,52.987,9.37
BM-sheet_1-1886,beam,24.5433,0.0,39.04,6.9
BM-sheet_1-1887,beam,24.5693,0.0,39.061,6.9
BM-sheet_1-1888,beam,20.1397,0.0,32.002,5.65
BM-sheet_1-1889,beam,13.9878,0.0,22.215,3.92
BM-sheet_1-1890,beam,27.4337,0.0,43.546,7.68
BM-sheet_1-1891,beam,16.9855,0.0,26.947,4.75
BM-sheet_1-1892,beam,26.3104,0.0,41.718,7.35
BM-sheet_1-1893,beam,25.9799,0.0,41.173,7.25
BM-sheet_1-1894,beam,26.187,0.0,41.479,7.3
BM-sheet_1-1895,beam,33.6478,0.0,53.268,9.37
BM-sheet_1-1896,beam,24.8042,0.0,39.247,6.9
BM-sheet_1-1897,beam,24.8304,0.0,39.268,6.9
BM-sheet_1-1898,beam,20.3536,0.0,32.171,5.65
BM-sheet_1-1899,beam,14.1363,0.0,22.332,3.92
BM-sheet_1-1900,beam,27.7248,0.0,43.776,7.68
BM-sheet_1-1901,beam,28.1193,0.0,44.376,7.781
BM-sheet_1-1902,beam,31.0277,0.0,48.94,8.577
BM-sheet_1-1903,beam,1.392,0.0,8.7,4.35
BM-sheet_1-1904,beam,27.7329,0.0,43.697,7.65
BM-sheet_1-1905,beam,18.8709,0.0,29.718,5.2
BM-sheet_1-1906,beam,1.392,0.0,8.7,4.35
BM-sheet_1-1907,beam,27.8204,0.0,43.766,7.65
BM-sheet_1-1908,beam,18.9304,0.0,29.765,5.2
BM-sheet_1-1909,beam,11.7345,0.0,18.441,3.22
BM-sheet_1-1910,beam,29.951,0.0,47.044,8.21
BM-sheet_1-1911,beam,2.528,0.0,15.8,7.9
BM-sheet_1-1912,beam,11.7714,0.0,18.47,3.22
BM-sheet_1-1913,beam,30.0452,0.0,47.117,8.21
BM-sheet_1-1914,beam,2.528,0.0,15.8,7.9
BM-sheet_1-1915,beam,30.108,0.0,47.167,8.21
BM-sheet_1-1916,beam,2.528,0.0,15.8,7.9
BM-sheet_1-1917,beam,30.1709,0.0,47.216,8.21
BM-sheet_1-1918,beam,2.528,0.0,15.8,7.9
BM-sheet_1-1919,beam,9.501,0.0,14.853,2.58
BM-sheet_1-1920,beam,30.5971,0.0,47.808,8.3
BM-sheet_1-1921,beam,2.56,0.0,16.0,8.0
BM-sheet_1-1922,beam,28.9616,0.0,45.205,7.84
BM-sheet_1-1923,beam,9.5407,0.0,14.884,2.58
BM-sheet_1-1924,beam,30.7247,0.0,47.908,8.3
BM-sheet_1-1925,beam,2.56,0.0,16.0,8.0
BM-sheet_1-1926,beam,29.0823,0.0,45.299,7.84
BM-sheet_1-1927,beam,16.153,0.0,25.147,4.35
BM-sheet_1-1928,beam,8.9911,0.0,13.99,2.419
BM-sheet_1-1929,beam,16.1865,0.0,25.173,4.35
BM-sheet_1-1930,beam,27.564,0.0,42.846,7.4
BM-sheet_1-1931,beam,29.3568,0.0,45.609,7.873
BM-sheet_1-1932,beam,29.3872,0.0,45.632,7.873
BM-sheet_1-1933,beam,29.7378,0.0,46.153,7.959
BM-sheet_1-1934,beam,29.7686,0.0,46.177,7.959
BM-sheet_1-1935,beam,29.1675,0.0,45.221,7.79
BM-sheet_1-1936,beam,29.6099,0.0,45.883,7.9
BM-sheet_1-1937,beam,30.8037,0.0,47.708,8.21
BM-sheet_1-1938,beam,9.4648,0.0,14.651,2.52
BM-sheet_1-1939,beam,15.9788,0.0,24.722,4.25
BM-sheet_1-1940,beam,28.6034,0.0,44.232,7.6
BM-sheet_1-1941,beam,19.2142,0.0,29.697,5.1
BM-sheet_1-1942,beam,16.0283,0.0,24.76,4.25
BM-sheet_1-1943,beam,28.6919,0.0,44.3,7.6
BM-sheet_1-1944,beam,19.2736,0.0,29.743,5.1
BM-sheet_1-1945,beam,16.0779,0.0,24.799,4.25
BM-sheet_1-1946,beam,28.7806,0.0,44.369,7.6
BM-sheet_1-1947,beam,19.3331,0.0,29.789,5.1
BM-sheet_1-1948,beam,16.1275,0.0,24.837,4.25
BM-sheet_1-1949,beam,28.8694,0.0,44.437,7.6
BM-sheet_1-1950,beam,19.3927,0.0,29.835,5.1
BM-sheet_1-1951,beam,29.3093,0.0,45.068,7.7
BM-sheet_1-1952,beam,29.3394,0.0,45.091,7.7
BM-sheet_1-1953,beam,0.9728,0.0,6.08,3.04
BM-sheet_1-1954,beam,30.1631,0.0,46.31,7.9
BM-sheet_1-1955,beam,29.4296,0.0,45.16,7.7
BM-sheet_1-1956,beam,29.4597,0.0,45.184,7.7
BM-sheet_1-1957,beam,11.6427,0.0,17.848,3.04
BM-sheet_1-1958,beam,30.2867,0.0,46.405,7.9
BM-sheet_1-1959,beam,28.5905,0.0,43.783,7.45
BM-sheet_1-1960,beam,28.6197,0.0,43.806,7.45
BM-sheet_1-1961,beam,26.1878,0.0,40.063,6.81
BM-sheet_1-1962,beam,26.2145,0.0,40.083,6.81
BM-sheet_1-1963,beam,28.5147,0.0,43.578,7.4
BM-sheet_1-1964,beam,21.678,0.0,33.113,5.62
BM-sheet_1-1965,beam,21.7001,0.0,33.13,5.62
BM-sheet_1-1966,beam,29.5688,0.0,45.12,7.65
BM-sheet_1-1967,beam,31.7265,0.0,48.388,8.2
BM-sheet_1-1968,beam,31.6099,0.0,48.186,8.162
BM-sheet_1-1969,beam,29.6591,0.0,45.189,7.65
BM-sheet_1-1970,beam,31.8234,0.0,48.462,8.2
BM-sheet_1-1971,beam,31.7063,0.0,48.259,8.162
BM-sheet_1-1972,beam,0.9533,0.0,5.958,2.979
BM-sheet_1-1973,beam,2.6318,0.0,16.449,8.224
BM-sheet_1-1974,beam,1.8911,0.0,11.819,5.91
BM-sheet_1-1975,beam,0.9533,0.0,5.958,2.979
BM-sheet_1-1976,beam,2.6779,0.0,16.737,8.368
BM-sheet_1-1977,beam,1.8529,0.0,11.58,5.79
BM-sheet_1-1978,beam,31.8349,0.0,48.283,8.137
BM-sheet_1-1979,beam,70.2803,0.0,106.539,17.945
BM-sheet_1-1980,beam,0.543,0.0,3.394,1.697
BM-sheet_1-1981,beam,1.298,0.0,8.113,4.056
BM-sheet_1-1982,beam,1.2544,0.0,7.84,3.92
BM-sheet_1-1983,beam,25.2287,0.0,38.167,6.416
BM-sheet_1-1984,beam,27.5639,0.0,41.679,7.003
BM-sheet_1-1985,beam,10.899,0.0,16.472,2.766
BM-sheet_1-1986,beam,29.6406,0.0,44.774,7.515
BM-sheet_1-1987,beam,9.7961,0.0,14.79,2.481
BM-sheet_1-1988,beam,11.0442,0.0,16.666,2.794
BM-sheet_1-1989,beam,30.0902,0.0,45.385,7.606
BM-sheet_1-1990,beam,17.2944,0.0,26.072,4.367
BM-sheet_1-1991,beam,10.3541,0.0,15.601,2.612
BM-sheet_1-1992,beam,30.4487,0.0,45.856,7.673
BM-sheet_1-1993,beam,10.316,0.0,15.528,2.597
BM-sheet_1-1994,beam,30.0142,0.0,45.157,7.549
BM-sheet_1-1995,beam,30.6462,0.0,46.085,7.7
BM-sheet_1-1996,beam,31.471,0.0,47.301,7.899
BM-sheet_1-1997,beam,17.6242,0.0,26.476,4.419
BM-sheet_1-1998,beam,30.7384,0.0,46.154,7.7
BM-sheet_1-1999,beam,31.5657,0.0,47.372,7.899
BM-sheet_1-2000,beam,18.1759,0.0,27.264,4.544
BM-sheet_1-2001,beam,14.3185,0.0,21.467,3.576
BM-sheet_1-2002,beam,14.3328,0.0,21.478,3.576
BM-sheet_1-2003,beam,19.4385,0.0,29.114,4.845
BM-sheet_1-2004,beam,19.4491,0.0,29.115,4.843
BM-sheet_1-2005,beam,37.2283,0.0,55.703,9.261
BM-sheet_1-2006,beam,36.4447,0.0,54.503,9.057
BM-sheet_1-2007,beam,26.9551,0.0,40.292,6.692
BM-sheet_1-2008,beam,39.0083,0.0,58.279,9.675
BM-sheet_1-2009,beam,26.5416,0.0,39.634,6.576
BM-sheet_1-2010,beam,34.0037,0.0,50.752,8.417
BM-sheet_1-2011,beam,4.554,0.0,6.794,1.126
BM-sheet_1-2012,beam,2.8673,0.0,4.275,0.708
BM-sheet_1-2013,beam,2.8701,0.0,4.277,0.708
BM-sheet_1-2014,beam,5.4067,0.0,8.054,1.333
BM-sheet_1-2015,beam,31.6698,0.0,47.151,7.8
BM-sheet_1-2016,beam,39.4639,0.0,58.726,9.71
BM-sheet_1-2017,beam,31.7327,0.0,47.198,7.8
BM-sheet_1-2018,beam,32.7822,0.0,48.735,8.05
BM-sheet_1-2019,beam,16.387,0.0,24.349,4.02
BM-sheet_1-2020,beam,39.6207,0.0,58.843,9.71
BM-sheet_1-2021,beam,16.4194,0.0,24.373,4.02
BM-sheet_1-2022,beam,39.6992,0.0,58.901,9.71
BM-sheet_1-2023,beam,39.7385,0.0,58.93,9.71
BM-sheet_1-2024,beam,39.7778,0.0,58.959,9.71
BM-sheet_1-2025,beam,39.8171,0.0,58.988,9.71
BM-sheet_1-2026,beam,33.0426,0.0,48.928,8.05
BM-sheet_1-2027,beam,25.3917,0.0,37.58,6.18
BM-sheet_1-2028,beam,25.4168,0.0,37.599,6.18
BM-sheet_1-2029,beam,2.4352,0.0,15.22,7.61
BM-sheet_1-2030,beam,2.4352,0.0,15.22,7.61
BM-sheet_1-2031,beam,40.29,0.0,59.512,9.767
BM-sheet_1-2032,beam,14.9058,0.0,22.007,3.61
BM-sheet_1-2033,beam,4.9646,0.0,7.326,1.201
BM-sheet_1-2034,beam,4.9695,0.0,7.33,1.201
BM-sheet_1-2035,beam,31.5597,0.0,46.525,7.621
BM-sheet_1-2036,beam,32.3333,0.0,47.642,7.8
BM-sheet_1-2037,beam,32.3651,0.0,47.666,7.8
BM-sheet_1-2038,beam,32.3969,0.0,47.689,7.8
BM-sheet_1-2039,beam,32.4287,0.0,47.713,7.8
BM-sheet_1-2040,beam,32.4605,0.0,47.736,7.8
BM-sheet_1-2041,beam,32.4923,0.0,47.759,7.8
BM-sheet_1-2042,beam,32.5242,0.0,47.783,7.8
BM-sheet_1-2043,beam,32.556,0.0,47.806,7.8
BM-sheet_1-2044,beam,32.5879,0.0,47.83,7.8
BM-sheet_1-2045,beam,32.6198,0.0,47.853,7.8
BM-sheet_1-2046,beam,32.6517,0.0,47.876,7.8
BM-sheet_1-2047,beam,32.6836,0.0,47.9,7.8
BM-sheet_1-2048,beam,32.7156,0.0,47.923,7.8
BM-sheet_1-2049,beam,32.7475,0.0,47.947,7.8
BM-sheet_1-2050,beam,32.7795,0.0,47.97,7.8
BM-sheet_1-2051,beam,32.8115,0.0,47.993,7.8
BM-sheet_1-2052,beam,32.8435,0.0,48.017,7.8
BM-sheet_1-2053,beam,32.8755,0.0,48.04,7.8
BM-sheet_1-2054,beam,32.9075,0.0,48.064,7.8
BM-sheet_1-2055,beam,32.9396,0.0,48.087,7.8
BM-sheet_1-2056,beam,32.9717,0.0,48.11,7.8
BM-sheet_1-2057,beam,33.0037,0.0,48.134,7.8
BM-sheet_1-2058,beam,33.0358,0.0,48.157,7.8
BM-sheet_1-2059,beam,33.068,0.0,48.181,7.8
BM-sheet_1-2060,beam,17.1369,0.0,24.957,4.038
BM-sheet_1-2061,beam,17.1536,0.0,24.969,4.038
BM-sheet_1-2062,beam,21.7694,0.0,31.672,5.12
BM-sheet_1-2063,beam,34.8627,0.0,50.697,8.191
BM-sheet_1-2064,beam,34.3635,0.0,49.947,8.066
BM-sheet_1-2065,beam,34.5222,0.0,50.153,8.096
BM-sheet_1-2066,beam,34.4302,0.0,49.995,8.066
BM-sheet_1-2067,beam,34.5891,0.0,50.202,8.096
BM-sheet_1-2068,beam,33.4286,0.0,48.494,7.817
BM-sheet_1-2069,beam,33.6411,0.0,48.779,7.859
BM-sheet_1-2070,beam,32.0411,0.0,46.436,7.478
BM-sheet_1-2071,beam,32.0115,0.0,46.371,7.464
BM-sheet_1-2072,beam,32.4135,0.0,46.931,7.55
BM-sheet_1-2073,beam,31.7971,0.0,46.016,7.399
BM-sheet_1-2074,beam,35.6861,0.0,51.619,8.296
BM-sheet_1-2075,beam,30.191,0.0,43.65,7.012
BM-sheet_1-2076,beam,30.8382,0.0,44.564,7.155
BM-sheet_1-2077,beam,13.9913,0.0,20.209,3.243
BM-sheet_1-2078,beam,14.2121,0.0,20.518,3.291
BM-sheet_1-2079,beam,31.9305,0.0,46.076,7.387
BM-sheet_1-2080,beam,32.1452,0.0,46.363,7.43
BM-sheet_1-2081,beam,24.5543,0.0,35.398,5.67
BM-sheet_1-2082,beam,24.5779,0.0,35.415,5.67
BM-sheet_1-2083,beam,35.8662,0.0,51.656,8.266
BM-sheet_1-2084,beam,35.9006,0.0,51.68,8.266
BM-sheet_1-2085,beam,35.3572,0.0,50.874,8.133
BM-sheet_1-2086,beam,20.0228,0.0,28.796,4.601
BM-sheet_1-2087,beam,17.9216,0.0,25.762,4.115
BM-sheet_1-2088,beam,33.352,0.0,47.92,7.65
BM-sheet_1-2089,beam,34.0386,0.0,48.883,7.8
BM-sheet_1-2090,beam,36.0368,0.0,51.727,8.25
BM-sheet_1-2091,beam,43.1759,0.0,61.945,9.875
BM-sheet_1-2092,beam,9.351,0.0,13.41,2.137
BM-sheet_1-2093,beam,35.4989,0.0,50.882,8.104
BM-sheet_1-2094,beam,35.5301,0.0,50.903,8.103
BM-sheet_1-2095,beam,34.4045,0.0,49.267,7.839
BM-sheet_1-2096,beam,23.8274,0.0,34.104,5.424
BM-sheet_1-2097,beam,34.7395,0.0,49.699,7.9
BM-sheet_1-2098,beam,32.7919,0.0,46.89,7.45
BM-sheet_1-2099,beam,35.2464,0.0,50.376,8.0
BM-sheet_1-2100,beam,16.7677,0.0,23.954,3.802
BM-sheet_1-2101,beam,15.3173,0.0,21.871,3.47
BM-sheet_1-2102,beam,12.727,0.0,18.164,2.88
BM-sheet_1-2103,beam,25.561,0.0,36.464,5.78
BM-sheet_1-2104,beam,15.3609,0.0,21.902,3.47
BM-sheet_1-2105,beam,16.5055,0.0,23.523,3.725
BM-sheet_1-2106,beam,17.4527,0.0,24.861,3.935
BM-sheet_1-2107,beam,12.6526,0.0,18.015,2.85
BM-sheet_1-2108,beam,11.3312,0.0,16.126,2.55
BM-sheet_1-2109,beam,21.9281,0.0,31.192,4.93
BM-sheet_1-2110,beam,9.0824,0.0,12.913,2.04
BM-sheet_1-2111,beam,8.0435,0.0,11.431,1.805
BM-sheet_1-2112,beam,11.2853,0.0,16.03,2.53
BM-sheet_1-2113,beam,8.8868,0.0,12.617,1.99
BM-sheet_1-2114,beam,17.7418,0.0,25.178,3.97
BM-sheet_1-2115,beam,15.1216,0.0,21.449,3.38
BM-sheet_1-2116,beam,28.1166,0.0,39.863,6.28
BM-sheet_1-2117,beam,17.7923,0.0,25.213,3.97
BM-sheet_1-2118,beam,19.7381,0.0,27.958,4.4
BM-sheet_1-2119,beam,30.7129,0.0,43.482,6.84
BM-sheet_1-2120,beam,17.4385,0.0,24.677,3.88
BM-sheet_1-2121,beam,17.8491,0.0,25.246,3.968
BM-sheet_1-2122,beam,19.9949,0.0,28.268,4.44
BM-sheet_1-2123,beam,23.5255,0.0,33.244,5.22
BM-sheet_1-2124,beam,17.9107,0.0,25.298,3.97
BM-sheet_1-2125,beam,19.9589,0.0,28.177,4.42
BM-sheet_1-2126,beam,12.3394,0.0,17.412,2.73
BM-sheet_1-2127,beam,36.1703,0.0,51.016,7.995
BM-sheet_1-2128,beam,36.2043,0.0,51.04,7.995
BM-sheet_1-2129,beam,12.3741,0.0,17.437,2.73
BM-sheet_1-2130,beam,17.7845,0.0,25.049,3.92
BM-sheet_1-2131,beam,18.0284,0.0,25.38,3.97
BM-sheet_1-2132,beam,17.911,0.0,25.203,3.94
BM-sheet_1-2133,beam,21.4728,0.0,30.201,4.72
BM-sheet_1-2134,beam,18.0691,0.0,25.402,3.968
BM-sheet_1-2135,beam,15.4069,0.0,21.649,3.38
BM-sheet_1-2136,beam,31.13,0.0,43.722,6.823
BM-sheet_1-2137,beam,20.0938,0.0,28.208,4.4
BM-sheet_1-2138,beam,9.0983,0.0,12.767,1.99
BM-sheet_1-2139,beam,9.7435,0.0,13.665,2.13
BM-sheet_1-2140,beam,11.5865,0.0,16.243,2.53
BM-sheet_1-2141,beam,8.2738,0.0,11.593,1.805
BM-sheet_1-2142,beam,9.36,0.0,13.109,2.04
BM-sheet_1-2143,beam,11.7106,0.0,16.394,2.55
BM-sheet_1-2144,beam,22.6619,0.0,31.71,4.93
BM-sheet_1-2145,beam,13.1131,0.0,18.34,2.85
BM-sheet_1-2146,beam,17.1547,0.0,23.981,3.725
BM-sheet_1-2147,beam,18.1388,0.0,25.345,3.935
BM-sheet_1-2148,beam,9.8256,0.0,13.723,2.13
BM-sheet_1-2149,beam,7.8508,0.0,10.96,1.7
BM-sheet_1-2150,beam,24.2912,0.0,33.895,5.255
BM-sheet_1-2151,beam,7.8654,0.0,10.97,1.7
BM-sheet_1-2152,beam,17.2275,0.0,24.016,3.72
BM-sheet_1-2153,beam,48.0231,0.0,66.916,10.36
BM-sheet_1-2154,beam,17.2598,0.0,24.039,3.72
BM-sheet_1-2155,beam,13.9785,0.0,19.46,3.01
BM-sheet_1-2156,beam,16.0832,0.0,22.379,3.46
BM-sheet_1-2157,beam,35.5928,0.0,49.503,7.65
BM-sheet_1-2158,beam,14.5297,0.0,20.199,3.12
BM-sheet_1-2159,beam,18.2724,0.0,25.39,3.92
BM-sheet_1-2160,beam,5.7389,0.0,7.971,1.23
BM-sheet_1-2161,beam,7.2851,0.0,10.113,1.56
BM-sheet_1-2162,beam,5.8428,0.0,8.108,1.25
BM-sheet_1-2163,beam,6.3161,0.0,8.76,1.35
BM-sheet_1-2164,beam,16.4857,0.0,22.854,3.52
BM-sheet_1-2165,beam,19.7332,0.0,27.344,4.21
BM-sheet_1-2166,beam,21.5806,0.0,29.89,4.6
BM-sheet_1-2167,beam,8.312,0.0,11.507,1.77
BM-sheet_1-2168,beam,9.6665,0.0,13.376,2.057
BM-sheet_1-2169,beam,32.085,0.0,44.378,6.82
BM-sheet_1-2170,beam,6.4041,0.0,8.854,1.36
BM-sheet_1-2171,beam,37.7059,0.0,52.104,8.0
BM-sheet_1-2172,beam,14.9405,0.0,20.636,3.167
BM-sheet_1-2173,beam,3.5416,0.0,4.889,0.75
BM-sheet_1-2174,beam,7.373,0.0,10.174,1.56
BM-sheet_1-2175,beam,4.8725,0.0,6.721,1.03
BM-sheet_1-2176,beam,2.3675,0.0,3.264,0.5
BM-sheet_1-2177,beam,2.3697,0.0,3.265,0.5
BM-sheet_1-2178,beam,15.8914,0.0,21.889,3.35
BM-sheet_1-2179,beam,5.4606,0.0,7.518,1.15
BM-sheet_1-2180,beam,22.6214,0.0,31.13,4.76
BM-sheet_1-2181,beam,6.6594,0.0,9.16,1.4
BM-sheet_1-2182,beam,21.4251,0.0,29.457,4.5
BM-sheet_1-2183,beam,20.7061,0.0,28.455,4.345
BM-sheet_1-2184,beam,18.1732,0.0,24.963,3.81
BM-sheet_1-2185,beam,17.6545,0.0,24.24,3.698
BM-sheet_1-2186,beam,29.2998,0.0,40.21,6.131
BM-sheet_1-2187,beam,16.6689,0.0,22.865,3.485
BM-sheet_1-2188,beam,5.7446,0.0,7.876,1.2
BM-sheet_1-2189,beam,17.8252,0.0,24.429,3.72
BM-sheet_1-2190,beam,44.8918,0.0,61.496,9.36
BM-sheet_1-2191,beam,17.8578,0.0,24.452,3.72
BM-sheet_1-2192,beam,5.7658,0.0,7.891,1.2
BM-sheet_1-2193,beam,3.3665,0.0,4.605,0.7
BM-sheet_1-2194,beam,37.402,0.0,51.142,7.77
BM-sheet_1-2195,beam,28.4263,0.0,38.851,5.9
BM-sheet_1-2196,beam,13.744,0.0,18.776,2.85
BM-sheet_1-2197,beam,18.9208,0.0,25.836,3.92
BM-sheet_1-2198,beam,28.8906,0.0,39.432,5.98
BM-sheet_1-2199,beam,26.499,0.0,36.151,5.48
BM-sheet_1-2200,beam,16.9402,0.0,23.1,3.5
BM-sheet_1-2201,beam,16.3254,0.0,22.252,3.37
BM-sheet_1-2202,beam,5.999,0.0,8.173,1.237
BM-sheet_1-2203,beam,13.9285,0.0,18.968,2.87
BM-sheet_1-2204,beam,25.5996,0.0,34.845,5.27
BM-sheet_1-2205,beam,50.3706,0.0,68.531,10.36
BM-sheet_1-2206,beam,6.5697,0.0,8.934,1.35
BM-sheet_1-2207,beam,6.0886,0.0,8.276,1.25
BM-sheet_1-2208,beam,7.6054,0.0,10.333,1.56
BM-sheet_1-2209,beam,3.5622,0.0,4.838,0.73
BM-sheet_1-2210,beam,6.0074,0.0,8.155,1.23
BM-sheet_1-2211,beam,7.6261,0.0,10.348,1.56
BM-sheet_1-2212,beam,6.1162,0.0,8.295,1.25
BM-sheet_1-2213,beam,6.6114,0.0,8.963,1.35
BM-sheet_1-2214,beam,7.3404,0.0,9.946,1.498
BM-sheet_1-2215,beam,14.0807,0.0,19.071,2.87
BM-sheet_1-2216,beam,25.8792,0.0,35.035,5.27
BM-sheet_1-2217,beam,48.4628,0.0,65.579,9.86
BM-sheet_1-2218,beam,14.0208,0.0,18.964,2.85
BM-sheet_1-2219,beam,19.3017,0.0,26.095,3.92
BM-sheet_1-2220,beam,29.4718,0.0,39.827,5.98
BM-sheet_1-2221,beam,27.0318,0.0,36.513,5.48
BM-sheet_1-2222,beam,17.2807,0.0,23.331,3.5
BM-sheet_1-2223,beam,16.6534,0.0,22.474,3.37
BM-sheet_1-2224,beam,1.8131,0.0,2.446,0.367
BM-sheet_1-2225,beam,29.2087,0.0,39.382,5.9
BM-sheet_1-2226,beam,2.3524,0.0,3.17,0.475
BM-sheet_1-2227,beam,30.2295,0.0,40.722,6.095
BM-sheet_1-2228,beam,3.4748,0.0,4.679,0.7
BM-sheet_1-2229,beam,10.9305,0.0,14.711,2.2
BM-sheet_1-2230,beam,18.4994,0.0,24.887,3.72
BM-sheet_1-2231,beam,51.5658,0.0,69.34,10.36
BM-sheet_1-2232,beam,18.5324,0.0,24.909,3.72
BM-sheet_1-2233,beam,8.4765,0.0,11.388,1.7
BM-sheet_1-2234,beam,31.8448,0.0,42.764,6.381
BM-sheet_1-2235,beam,17.4086,0.0,23.367,3.485
BM-sheet_1-2236,beam,17.2348,0.0,23.124,3.447
BM-sheet_1-2237,beam,24.0701,0.0,32.28,4.81
BM-sheet_1-2238,beam,21.7626,0.0,29.172,4.345
BM-sheet_1-2239,beam,22.559,0.0,30.226,4.5
BM-sheet_1-2240,beam,7.0246,0.0,9.408,1.4
BM-sheet_1-2241,beam,28.9272,0.0,38.725,5.76
BM-sheet_1-2242,beam,5.7809,0.0,7.735,1.15
BM-sheet_1-2243,beam,19.3696,0.0,25.907,3.85
BM-sheet_1-2244,beam,17.7793,0.0,23.769,3.531
BM-sheet_1-2245,beam,41.3106,0.0,55.204,8.197
BM-sheet_1-2246,beam,15.6507,0.0,20.905,3.103
BM-sheet_1-2247,beam,27.2141,0.0,36.334,5.39
BM-sheet_1-2248,beam,57.8631,0.0,77.219,11.45
BM-sheet_1-2249,beam,15.5281,0.0,20.713,3.07
BM-sheet_1-2250,beam,30.0787,0.0,40.105,5.941
BM-sheet_1-2251,beam,82.5921,0.0,110.074,16.3
BM-sheet_1-2252,beam,6.9405,0.0,9.246,1.369
BM-sheet_1-2253,beam,2.5382,0.0,3.38,0.5
BM-sheet_1-2254,beam,17.2736,0.0,22.991,3.4
BM-sheet_1-2255,beam,28.9338,0.0,38.493,5.69
BM-sheet_1-2256,beam,36.0137,0.0,47.891,7.076
BM-sheet_1-2257,beam,33.6717,0.0,44.756,6.61
BM-sheet_1-2258,beam,13.819,0.0,18.36,2.71
BM-sheet_1-2259,beam,34.6771,0.0,46.052,6.795
BM-sheet_1-2260,beam,18.6429,0.0,24.747,3.65
BM-sheet_1-2261,beam,12.2178,0.0,16.211,2.39
BM-sheet_1-2262,beam,30.1369,0.0,39.969,5.89
BM-sheet_1-2263,beam,13.4687,0.0,17.855,2.63
BM-sheet_1-2264,beam,20.5029,0.0,27.168,4.0
BM-sheet_1-2265,beam,1.5391,0.0,2.039,0.3
BM-sheet_1-2266,beam,13.5044,0.0,17.879,2.63
BM-sheet_1-2267,beam,16.5012,0.0,21.837,3.211
BM-sheet_1-2268,beam,44.3967,0.0,58.726,8.631
BM-sheet_1-2269,beam,5.0563,0.0,6.685,0.982
BM-sheet_1-2270,beam,8.6071,0.0,11.375,1.67
BM-sheet_1-2271,beam,2.6207,0.0,3.462,0.508
BM-sheet_1-2272,beam,41.5161,0.0,54.819,8.043
BM-sheet_1-2273,beam,8.1134,0.0,10.708,1.57
BM-sheet_1-2274,beam,40.5304,0.0,53.47,7.838
BM-sheet_1-2275,beam,24.7393,0.0,32.623,4.78
BM-sheet_1-2276,beam,36.2612,0.0,47.796,7.0
BM-sheet_1-2277,beam,13.7136,0.0,18.068,2.645
BM-sheet_1-2278,beam,14.7895,0.0,19.477,2.85
BM-sheet_1-2279,beam,2.6351,0.0,3.469,0.507
BM-sheet_1-2280,beam,40.0277,0.0,52.668,7.7
BM-sheet_1-2281,beam,40.0628,0.0,52.691,7.7
BM-sheet_1-2282,beam,20.4131,0.0,26.836,3.92
BM-sheet_1-2283,beam,18.6593,0.0,24.519,3.58
BM-sheet_1-2284,beam,6.26,0.0,8.222,1.2
BM-sheet_1-2285,beam,19.423,0.0,25.501,3.72
BM-sheet_1-2286,beam,40.2125,0.0,52.772,7.695
BM-sheet_1-2287,beam,14.8019,0.0,19.417,2.83
BM-sheet_1-2288,beam,25.7559,0.0,33.771,4.92
BM-sheet_1-2289,beam,20.8009,0.0,27.262,3.97
BM-sheet_1-2290,beam,54.3292,0.0,71.174,10.36
BM-sheet_1-2291,beam,20.8373,0.0,27.286,3.97
BM-sheet_1-2292,beam,25.8457,0.0,33.829,4.92
BM-sheet_1-2293,beam,18.8231,0.0,24.627,3.58
BM-sheet_1-2294,beam,39.3051,0.0,51.402,7.469
BM-sheet_1-2295,beam,7.7968,0.0,10.192,1.48
BM-sheet_1-2296,beam,3.6901,0.0,4.822,0.7
BM-sheet_1-2297,beam,11.6077,0.0,15.16,2.2
BM-sheet_1-2298,beam,17.0048,0.0,22.199,3.22
BM-sheet_1-2299,beam,49.4711,0.0,64.556,9.36
BM-sheet_1-2300,beam,19.6665,0.0,25.652,3.718
BM-sheet_1-2301,beam,6.3535,0.0,8.284,1.2
BM-sheet_1-2302,beam,11.6582,0.0,15.193,2.2
BM-sheet_1-2303,beam,3.7127,0.0,4.836,0.7
BM-sheet_1-2304,beam,42.5735,0.0,55.434,8.02
BM-sheet_1-2305,beam,2.6565,0.0,3.458,0.5
BM-sheet_1-2306,beam,39.191,0.0,50.986,7.37
BM-sheet_1-2307,beam,3.7256,0.0,4.845,0.7
BM-sheet_1-2308,beam,19.8159,0.0,25.757,3.72
BM-sheet_1-2309,beam,55.2341,0.0,71.764,10.36
BM-sheet_1-2310,beam,19.8503,0.0,25.78,3.72
BM-sheet_1-2311,beam,45.3961,0.0,58.93,8.5
BM-sheet_1-2312,beam,39.3952,0.0,51.118,7.37
BM-sheet_1-2313,beam,3.745,0.0,4.857,0.7
BM-sheet_1-2314,beam,11.7801,0.0,15.272,2.2
BM-sheet_1-2315,beam,42.0699,0.0,54.518,7.85
BM-sheet_1-2316,beam,28.2139,0.0,36.546,5.26
BM-sheet_1-2317,beam,21.6887,0.0,28.082,4.04
BM-sheet_1-2318,beam,1.6122,0.0,2.087,0.3
BM-sheet_1-2319,beam,18.2841,0.0,23.653,3.4
BM-sheet_1-2320,beam,5.49,0.0,7.099,1.02
BM-sheet_1-2321,beam,27.6894,0.0,35.79,5.14
BM-sheet_1-2322,beam,16.4446,0.0,21.246,3.05
BM-sheet_1-2323,beam,104.613,0.0,135.101,19.386
BM-sheet_1-2324,beam,137.202,0.0,177.111,25.403
BM-sheet_1-2325,beam,2.7028,0.0,3.487,0.5
BM-sheet_1-2326,beam,32.4617,0.0,41.868,6.0
BM-sheet_1-2327,beam,15.5228,0.0,20.012,2.867
BM-sheet_1-2328,beam,19.0484,0.0,24.547,3.515
BM-sheet_1-2329,beam,7.6581,0.0,9.865,1.412
BM-sheet_1-2330,beam,22.8023,0.0,29.359,4.2
BM-sheet_1-2331,beam,35.2912,0.0,45.42,6.495
BM-sheet_1-2332,beam,29.8826,0.0,38.443,5.495
BM-sheet_1-2333,beam,12.6318,0.0,16.243,2.321
BM-sheet_1-2334,beam,15.4194,0.0,19.819,2.831
BM-sheet_1-2335,beam,7.465,0.0,9.591,1.369
BM-sheet_1-2336,beam,6.0496,0.0,7.769,1.109
BM-sheet_1-2337,beam,18.1051,0.0,23.241,3.315
BM-sheet_1-2338,beam,3.8264,0.0,4.91,0.7
BM-sheet_1-2339,beam,17.0694,0.0,21.893,3.12
BM-sheet_1-2340,beam,47.4732,0.0,60.863,8.67
BM-sheet_1-2341,beam,52.0627,0.0,66.718,9.5
BM-sheet_1-2342,beam,34.9391,0.0,44.755,6.37
BM-sheet_1-2343,beam,18.1158,0.0,23.196,3.3
BM-sheet_1-2344,beam,5.4943,0.0,7.032,1.0
BM-sheet_1-2345,beam,16.6071,0.0,21.246,3.02
BM-sheet_1-2346,beam,21.0791,0.0,26.955,3.83
BM-sheet_1-2347,beam,35.6395,0.0,45.555,6.47
BM-sheet_1-2348,beam,13.6173,0.0,17.399,2.47
BM-sheet_1-2349,beam,36.6932,0.0,46.862,6.65
BM-sheet_1-2350,beam,16.678,0.0,21.291,3.02
BM-sheet_1-2351,beam,10.8081,0.0,13.792,1.955
BM-sheet_1-2352,beam,42.6212,0.0,54.364,7.705
BM-sheet_1-2353,beam,20.5962,0.0,26.259,3.72
BM-sheet_1-2354,beam,37.6257,0.0,47.951,6.79
BM-sheet_1-2355,beam,17.5809,0.0,22.396,3.17
BM-sheet_1-2356,beam,9.9912,0.0,12.722,1.8
BM-sheet_1-2357,beam,12.2196,0.0,15.553,2.2
BM-sheet_1-2358,beam,12.2321,0.0,15.562,2.2
BM-sheet_1-2359,beam,3.8954,0.0,4.954,0.7
BM-sheet_1-2360,beam,30.3136,0.0,38.534,5.443
BM-sheet_1-2361,beam,35.7873,0.0,45.473,6.42
BM-sheet_1-2362,beam,29.3594,0.0,37.29,5.262
BM-sheet_1-2363,beam,11.8376,0.0,15.029,2.12
BM-sheet_1-2364,beam,20.0627,0.0,25.46,3.59
BM-sheet_1-2365,beam,19.9139,0.0,25.261,3.56
BM-sheet_1-2366,beam,9.425,0.0,11.951,1.684
BM-sheet_1-2367,beam,22.971,0.0,29.114,4.1
BM-sheet_1-2368,beam,57.0279,0.0,72.248,10.17
BM-sheet_1-2369,beam,20.1477,0.0,25.514,3.59
BM-sheet_1-2370,beam,19.9962,0.0,25.312,3.56
BM-sheet_1-2371,beam,13.4918,0.0,17.071,2.4
BM-sheet_1-2372,beam,178.829,0.0,226.175,31.784
BM-sheet_1-2373,beam,2.8156,0.0,3.56,0.5
BM-sheet_1-2374,beam,25.3613,0.0,32.049,4.5
BM-sheet_1-2375,beam,20.983,0.0,26.505,3.72
BM-sheet_1-2376,beam,52.8407,0.0,66.718,9.36
BM-sheet_1-2377,beam,21.0183,0.0,26.527,3.72
BM-sheet_1-2378,beam,6.5032,0.0,8.204,1.15
BM-sheet_1-2379,beam,32.5995,0.0,41.109,5.76
BM-sheet_1-2380,beam,7.9302,0.0,9.996,1.4
BM-sheet_1-2381,beam,25.5112,0.0,32.143,4.5
BM-sheet_1-2382,beam,24.6527,0.0,31.049,4.345
BM-sheet_1-2383,beam,27.3148,0.0,34.387,4.81
BM-sheet_1-2384,beam,20.7183,0.0,26.072,3.645
BM-sheet_1-2385,beam,46.6013,0.0,58.618,8.193
BM-sheet_1-2386,beam,3.9851,0.0,5.011,0.7
BM-sheet_1-2387,beam,12.5352,0.0,15.754,2.2
BM-sheet_1-2388,beam,19.184,0.0,24.1,3.364
BM-sheet_1-2389,beam,58.6214,0.0,73.614,10.271
BM-sheet_1-2390,beam,21.2489,0.0,26.672,3.72
BM-sheet_1-2391,beam,12.5772,0.0,15.781,2.2
BM-sheet_1-2392,beam,4.0052,0.0,5.023,0.7
BM-sheet_1-2393,beam,20.0997,0.0,25.198,3.51
BM-sheet_1-2394,beam,17.5374,0.0,21.977,3.06
BM-sheet_1-2395,beam,22.0836,0.0,27.662,3.85
BM-sheet_1-2396,beam,2.8704,0.0,3.594,0.5
BM-sheet_1-2397,beam,166.2795,0.0,208.109,28.94
BM-sheet_1-2398,beam,42.5528,0.0,53.235,7.4
BM-sheet_1-2399,beam,8.1172,0.0,10.151,1.41
BM-sheet_1-2400,beam,8.9856,0.0,11.232,1.56
BM-sheet_1-2401,beam,7.206,0.0,9.004,1.25
BM-sheet_1-2402,beam,42.3491,0.0,52.892,7.34
BM-sheet_1-2403,beam,29.2185,0.0,36.478,5.06
BM-sheet_1-2404,beam,16.1818,0.0,20.194,2.8
BM-sheet_1-2405,beam,18.3352,0.0,22.871,3.17
BM-sheet_1-2406,beam,7.6413,0.0,9.528,1.32
BM-sheet_1-2407,beam,2.8968,0.0,3.611,0.5
BM-sheet_1-2408,beam,4.058,0.0,5.056,0.7
BM-sheet_1-2409,beam,22.2266,0.0,27.679,3.83
BM-sheet_1-2410,beam,22.7677,0.0,28.342,3.92
BM-sheet_1-2411,beam,23.0773,0.0,28.715,3.97
BM-sheet_1-2412,beam,54.4545,0.0,67.729,9.36
BM-sheet_1-2413,beam,19.0398,0.0,23.672,3.27
BM-sheet_1-2414,beam,17.5115,0.0,21.762,3.005
BM-sheet_1-2415,beam,7.2903,0.0,9.056,1.25
BM-sheet_1-2416,beam,22.3568,0.0,27.761,3.83
BM-sheet_1-2417,beam,22.9002,0.0,28.424,3.92
BM-sheet_1-2418,beam,23.2115,0.0,28.798,3.97
BM-sheet_1-2419,beam,54.771,0.0,67.926,9.36
BM-sheet_1-2420,beam,23.2499,0.0,28.822,3.97
BM-sheet_1-2421,beam,22.9757,0.0,28.47,3.92
BM-sheet_1-2422,beam,20.414,0.0,25.286,3.48
BM-sheet_1-2423,beam,11.7419,0.0,14.538,2.0
BM-sheet_1-2424,beam,22.5042,0.0,27.852,3.83
BM-sheet_1-2425,beam,23.052,0.0,28.518,3.92
BM-sheet_1-2426,beam,20.4225,0.0,25.254,3.47
BM-sheet_1-2427,beam,42.4105,0.0,52.423,7.2
BM-sheet_1-2428,beam,8.6072,0.0,10.635,1.46
BM-sheet_1-2429,beam,23.4232,0.0,28.929,3.97
BM-sheet_1-2430,beam,23.1473,0.0,28.577,3.92
BM-sheet_1-2431,beam,22.6344,0.0,27.932,3.83
BM-sheet_1-2432,beam,51.4277,0.0,63.439,8.695
BM-sheet_1-2433,beam,151.0062,0.0,186.198,25.51
BM-sheet_1-2434,beam,11.8487,0.0,14.604,2.0
BM-sheet_1-2435,beam,40.549,0.0,49.958,6.839
BM-sheet_1-2436,beam,45.6926,0.0,56.272,7.7
BM-sheet_1-2437,beam,45.7301,0.0,56.295,7.7
BM-sheet_1-2438,beam,10.2303,0.0,12.589,1.721
BM-sheet_1-2439,beam,18.4412,0.0,22.683,3.1
BM-sheet_1-2440,beam,129.2526,0.0,158.917,21.71
BM-sheet_1-2441,beam,51.809,0.0,63.673,8.695
BM-sheet_1-2442,beam,16.8763,0.0,20.733,2.83
BM-sheet_1-2443,beam,45.9257,0.0,56.397,7.695
BM-sheet_1-2444,beam,29.3878,0.0,36.073,4.92
BM-sheet_1-2445,beam,23.7328,0.0,29.12,3.97
BM-sheet_1-2446,beam,18.5472,0.0,22.748,3.1
BM-sheet_1-2447,beam,127.0014,0.0,155.703,21.21
BM-sheet_1-2448,beam,37.9867,0.0,46.552,6.339
BM-sheet_1-2449,beam,46.1815,0.0,56.572,7.7
BM-sheet_1-2450,beam,46.2193,0.0,56.595,7.7
BM-sheet_1-2451,beam,10.3397,0.0,12.656,1.721
BM-sheet_1-2452,beam,62.288,0.0,76.209,10.36
BM-sheet_1-2453,beam,22.6849,0.0,27.743,3.77
BM-sheet_1-2454,beam,24.6606,0.0,30.147,4.095
BM-sheet_1-2455,beam,16.9058,0.0,20.659,2.805
BM-sheet_1-2456,beam,7.5399,0.0,9.21,1.25
BM-sheet_1-2457,beam,17.0829,0.0,20.858,2.83
BM-sheet_1-2458,beam,29.7278,0.0,36.283,4.92
BM-sheet_1-2459,beam,24.0053,0.0,29.287,3.97
BM-sheet_1-2460,beam,62.695,0.0,76.457,10.36
BM-sheet_1-2461,beam,24.0444,0.0,29.311,3.97
BM-sheet_1-2462,beam,29.8219,0.0,36.339,4.92
BM-sheet_1-2463,beam,21.111,0.0,25.714,3.48
BM-sheet_1-2464,beam,12.1426,0.0,14.784,2.0
BM-sheet_1-2465,beam,17.1957,0.0,20.928,2.83
BM-sheet_1-2466,beam,29.9192,0.0,36.398,4.92
BM-sheet_1-2467,beam,12.1722,0.0,14.802,2.0
BM-sheet_1-2468,beam,155.3821,0.0,188.876,25.51
BM-sheet_1-2469,beam,46.9084,0.0,56.997,7.695
BM-sheet_1-2470,beam,17.2655,0.0,20.97,2.83
BM-sheet_1-2471,beam,30.0408,0.0,36.472,4.92
BM-sheet_1-2472,beam,24.2598,0.0,29.442,3.97
BM-sheet_1-2473,beam,44.3389,0.0,53.788,7.25
BM-sheet_1-2474,beam,11.6908,0.0,14.176,1.91
BM-sheet_1-2475,beam,18.4993,0.0,22.423,3.02
BM-sheet_1-2476,beam,62.0961,0.0,75.238,10.129
BM-sheet_1-2477,beam,22.8242,0.0,27.643,3.72
BM-sheet_1-2478,beam,4.2983,0.0,5.204,0.7
BM-sheet_1-2479,beam,25.565,0.0,30.938,4.16
BM-sheet_1-2480,beam,101.1743,0.0,122.388,16.45
BM-sheet_1-2481,beam,3.0777,0.0,3.722,0.5
BM-sheet_1-2482,beam,1.8481,0.0,2.234,0.3
BM-sheet_1-2483,beam,27.4356,0.0,33.148,4.45
BM-sheet_1-2484,beam,10.1809,0.0,12.296,1.65
BM-sheet_1-2485,beam,5.8662,0.0,7.082,0.95
BM-sheet_1-2486,beam,9.6411,0.0,11.634,1.56
BM-sheet_1-2487,beam,4.5152,0.0,5.447,0.73
BM-sheet_1-2488,beam,22.0369,0.0,26.572,3.56
BM-sheet_1-2489,beam,7.6201,0.0,9.184,1.23
BM-sheet_1-2490,beam,34.8446,0.0,41.981,5.62
BM-sheet_1-2491,beam,20.7871,0.0,25.035,3.35
BM-sheet_1-2492,beam,7.1416,0.0,8.597,1.15
BM-sheet_1-2493,beam,35.7987,0.0,43.079,5.76
BM-sheet_1-2494,beam,28.0522,0.0,33.744,4.51
BM-sheet_1-2495,beam,19.4844,0.0,23.428,3.13
BM-sheet_1-2496,beam,14.6717,0.0,17.634,2.355
BM-sheet_1-2497,beam,50.0048,0.0,60.078,8.02
BM-sheet_1-2498,beam,13.7276,0.0,16.486,2.2
BM-sheet_1-2499,beam,4.3715,0.0,5.248,0.7
BM-sheet_1-2500,beam,23.2498,0.0,27.9,3.72
BM-sheet_1-2501,beam,64.8022,0.0,77.732,10.36
BM-sheet_1-2502,beam,23.2872,0.0,27.922,3.72
BM-sheet_1-2503,beam,13.7831,0.0,16.52,2.2
BM-sheet_1-2504,beam,4.389,0.0,5.258,0.7
BM-sheet_1-2505,beam,46.2469,0.0,55.386,7.37
BM-sheet_1-2506,beam,7.85,0.0,9.397,1.25
BM-sheet_1-2507,beam,50.4061,0.0,60.318,8.02
BM-sheet_1-2508,beam,4.403,0.0,5.267,0.7
BM-sheet_1-2509,beam,13.8488,0.0,16.559,2.2
BM-sheet_1-2510,beam,23.4364,0.0,28.012,3.72
BM-sheet_1-2511,beam,67.0166,0.0,80.068,10.629
BM-sheet_1-2512,beam,18.7411,0.0,22.382,2.97
BM-sheet_1-2513,beam,16.4194,0.0,19.601,2.6
BM-sheet_1-2514,beam,11.0603,0.0,13.199,1.75
BM-sheet_1-2515,beam,28.9695,0.0,34.556,4.58
BM-sheet_1-2516,beam,21.333,0.0,25.437,3.37
BM-sheet_1-2517,beam,14.5708,0.0,17.367,2.3
BM-sheet_1-2518,beam,33.7305,0.0,40.187,5.32
BM-sheet_1-2519,beam,24.577,0.0,29.27,3.873
BM-sheet_1-2520,beam,26.153,0.0,31.134,4.118
BM-sheet_1-2521,beam,2.1181,0.0,2.521,0.333
BM-sheet_1-2522,beam,18.5726,0.0,22.093,2.92
BM-sheet_1-2523,beam,24.4751,0.0,29.102,3.845
BM-sheet_1-2524,beam,28.6676,0.0,34.074,4.5
BM-sheet_1-2525,beam,8.9263,0.0,10.606,1.4
BM-sheet_1-2526,beam,30.372,0.0,36.071,4.76
BM-sheet_1-2527,beam,7.3436,0.0,8.718,1.15
BM-sheet_1-2528,beam,21.4092,0.0,25.406,3.35
BM-sheet_1-2529,beam,24.624,0.0,29.21,3.85
BM-sheet_1-2530,beam,7.361,0.0,8.728,1.15
BM-sheet_1-2531,beam,36.8983,0.0,43.736,5.76
BM-sheet_1-2532,beam,8.9759,0.0,10.635,1.4
BM-sheet_1-2533,beam,28.8724,0.0,34.196,4.5
BM-sheet_1-2534,beam,27.8995,0.0,33.03,4.345
BM-sheet_1-2535,beam,20.6925,0.0,24.488,3.22
BM-sheet_1-2536,beam,5.4689,0.0,6.469,0.85
BM-sheet_1-2537,beam,25.1468,0.0,29.736,3.907
BM-sheet_1-2538,beam,26.8086,0.0,31.689,4.162
BM-sheet_1-2539,beam,34.2955,0.0,40.522,5.32
BM-sheet_1-2540,beam,18.0643,0.0,21.336,2.8
BM-sheet_1-2541,beam,21.759,0.0,25.69,3.37
BM-sheet_1-2542,beam,29.5953,0.0,34.928,4.58
BM-sheet_1-2543,beam,11.317,0.0,13.351,1.75
BM-sheet_1-2544,beam,23.299,0.0,27.475,3.6
BM-sheet_1-2545,beam,19.2368,0.0,22.676,2.97
BM-sheet_1-2546,beam,22.7522,0.0,26.809,3.51
BM-sheet_1-2547,beam,6.7467,0.0,7.947,1.04
BM-sheet_1-2548,beam,21.1,0.0,24.843,3.25
BM-sheet_1-2549,beam,39.2443,0.0,46.188,6.04
BM-sheet_1-2550,beam,11.0542,0.0,13.005,1.7
BM-sheet_1-2551,beam,35.141,0.0,41.326,5.4
BM-sheet_1-2552,beam,12.83,0.0,15.082,1.97
BM-sheet_1-2553,beam,2.6073,0.0,3.064,0.4
BM-sheet_1-2554,beam,25.1132,0.0,29.499,3.85
BM-sheet_1-2555,beam,35.1863,0.0,41.315,5.39
BM-sheet_1-2556,beam,52.2651,0.0,61.344,8.0
BM-sheet_1-2557,beam,35.6335,0.0,41.807,5.45
BM-sheet_1-2558,beam,12.3271,0.0,14.457,1.884
BM-sheet_1-2559,beam,23.993,0.0,28.128,3.664
BM-sheet_1-2560,beam,19.7916,0.0,23.193,3.02
BM-sheet_1-2561,beam,12.265,0.0,14.367,1.87
BM-sheet_1-2562,beam,17.6565,0.0,20.675,2.69
BM-sheet_1-2563,beam,42.501,0.0,49.748,6.47
BM-sheet_1-2564,beam,8.875,0.0,10.384,1.35
BM-sheet_1-2565,beam,8.224,0.0,9.619,1.25
BM-sheet_1-2566,beam,10.2715,0.0,12.009,1.56
BM-sheet_1-2567,beam,8.105,0.0,9.472,1.23
BM-sheet_1-2568,beam,3.2973,0.0,3.852,0.5
BM-sheet_1-2569,beam,24.5511,0.0,28.67,3.72
BM-sheet_1-2570,beam,49.5367,0.0,57.825,7.5
BM-sheet_1-2571,beam,3.496,0.0,4.079,0.529
BM-sheet_1-2572,beam,24.6085,0.0,28.704,3.72
BM-sheet_1-2573,beam,13.1081,0.0,15.283,1.98
BM-sheet_1-2574,beam,17.2261,0.0,20.077,2.6
BM-sheet_1-2575,beam,9.5483,0.0,11.124,1.44
BM-sheet_1-2576,beam,22.0308,0.0,25.657,3.32
BM-sheet_1-2577,beam,26.5559,0.0,30.915,3.999
BM-sheet_1-2578,beam,30.9041,0.0,35.963,4.65
BM-sheet_1-2579,beam,27.9352,0.0,32.495,4.2
BM-sheet_1-2580,beam,34.9461,0.0,40.635,5.25
BM-sheet_1-2581,beam,19.9847,0.0,23.229,3.0
BM-sheet_1-2582,beam,9.6003,0.0,11.154,1.44
BM-sheet_1-2583,beam,22.1507,0.0,25.727,3.32
BM-sheet_1-2584,beam,20.6988,0.0,24.031,3.1
BM-sheet_1-2585,beam,13.2306,0.0,15.355,1.98
BM-sheet_1-2586,beam,52.6302,0.0,61.056,7.87
BM-sheet_1-2587,beam,4.6848,0.0,5.433,0.7
BM-sheet_1-2588,beam,14.7346,0.0,17.08,2.2
BM-sheet_1-2589,beam,24.9349,0.0,28.893,3.72
BM-sheet_1-2590,beam,2.8924,0.0,3.35,0.431
BM-sheet_1-2591,beam,50.3496,0.0,58.298,7.5
BM-sheet_1-2592,beam,6.2409,0.0,7.223,0.929
BM-sheet_1-2593,beam,25.012,0.0,28.938,3.72
BM-sheet_1-2594,beam,14.8035,0.0,17.12,2.2
BM-sheet_1-2595,beam,4.7138,0.0,5.45,0.7
BM-sheet_1-2596,beam,17.9857,0.0,20.785,2.669
BM-sheet_1-2597,beam,8.2957,0.0,9.583,1.23
BM-sheet_1-2598,beam,14.5791,0.0,16.835,2.16
BM-sheet_1-2599,beam,24.3173,0.0,28.069,3.6
BM-sheet_1-2600,beam,8.4502,0.0,9.75,1.25
BM-sheet_1-2601,beam,30.4434,0.0,35.114,4.5
BM-sheet_1-2602,beam,27.9616,0.0,32.239,4.13
BM-sheet_1-2603,beam,14.9405,0.0,17.219,2.205
BM-sheet_1-2604,beam,4.7466,0.0,5.468,0.7
BM-sheet_1-2605,beam,41.361,0.0,47.633,6.095
BM-sheet_1-2606,beam,3.3956,0.0,3.909,0.5
BM-sheet_1-2607,beam,35.9564,0.0,41.377,5.29
BM-sheet_1-2608,beam,32.7161,0.0,37.634,4.81
BM-sheet_1-2609,beam,29.5759,0.0,34.008,4.345
BM-sheet_1-2610,beam,10.765,0.0,12.374,1.58
BM-sheet_1-2611,beam,16.6532,0.0,19.134,2.443
BM-sheet_1-2612,beam,7.5072,0.0,8.622,1.1
BM-sheet_1-2613,beam,36.1776,0.0,41.536,5.299
BM-sheet_1-2614,beam,12.6754,0.0,14.547,1.855
BM-sheet_1-2615,beam,26.6693,0.0,30.596,3.9
BM-sheet_1-2616,beam,13.4816,0.0,15.461,1.97
BM-sheet_1-2617,beam,9.5882,0.0,10.991,1.4
BM-sheet_1-2618,beam,31.1856,0.0,35.736,4.55
BM-sheet_1-2619,beam,34.9132,0.0,39.992,5.09
BM-sheet_1-2620,beam,40.0197,0.0,45.824,5.83
BM-sheet_1-2621,beam,40.8744,0.0,46.785,5.95
BM-sheet_1-2622,beam,9.0746,0.0,10.383,1.32
BM-sheet_1-2623,beam,47.7481,0.0,54.611,6.94
BM-sheet_1-2624,beam,32.0859,0.0,36.684,4.66
BM-sheet_1-2625,beam,51.473,0.0,58.826,7.47
BM-sheet_1-2626,beam,9.1026,0.0,10.399,1.32
BM-sheet_1-2627,beam,8.6264,0.0,9.851,1.25
BM-sheet_1-2628,beam,10.774,0.0,12.299,1.56
BM-sheet_1-2629,beam,7.6711,0.0,8.754,1.11
BM-sheet_1-2630,beam,11.1354,0.0,12.702,1.61
BM-sheet_1-2631,beam,10.7986,0.0,12.313,1.56
BM-sheet_1-2632,beam,8.6593,0.0,9.87,1.25
BM-sheet_1-2633,beam,9.1511,0.0,10.427,1.32
BM-sheet_1-2634,beam,49.8413,0.0,56.767,7.184
BM-sheet_1-2635,beam,32.3554,0.0,36.837,4.66
BM-sheet_1-2636,beam,48.431,0.0,55.119,6.97
BM-sheet_1-2637,beam,40.5407,0.0,46.121,5.83
BM-sheet_1-2638,beam,41.4063,0.0,47.088,5.95
BM-sheet_1-2639,beam,10.891,0.0,12.381,1.564
BM-sheet_1-2640,beam,28.2271,0.0,32.076,4.05
BM-sheet_1-2641,beam,35.502,0.0,40.328,5.09
BM-sheet_1-2642,beam,9.7722,0.0,11.096,1.4
BM-sheet_1-2643,beam,13.7613,0.0,15.62,1.97
BM-sheet_1-2644,beam,31.808,0.0,36.091,4.55
BM-sheet_1-2645,beam,11.894,0.0,13.49,1.7
BM-sheet_1-2646,beam,3.5006,0.0,3.969,0.5
BM-sheet_1-2647,beam,63.0593,0.0,71.469,9.0
BM-sheet_1-2648,beam,21.807,0.0,24.706,3.11
BM-sheet_1-2649,beam,24.2795,0.0,27.497,3.46
BM-sheet_1-2650,beam,15.4495,0.0,17.49,2.2
BM-sheet_1-2651,beam,26.1432,0.0,29.585,3.72
BM-sheet_1-2652,beam,35.7364,0.0,40.426,5.081
BM-sheet_1-2653,beam,32.2276,0.0,36.443,4.579
BM-sheet_1-2654,beam,26.2026,0.0,29.619,3.72
BM-sheet_1-2655,beam,15.5079,0.0,17.523,2.2
BM-sheet_1-2656,beam,4.938,0.0,5.578,0.7
BM-sheet_1-2657,beam,55.5591,0.0,62.731,7.87
BM-sheet_1-2658,beam,3.5325,0.0,3.987,0.5
BM-sheet_1-2659,beam,32.3902,0.0,36.544,4.581
BM-sheet_1-2660,beam,28.8601,0.0,32.549,4.079
BM-sheet_1-2661,beam,35.4046,0.0,39.915,5.0
BM-sheet_1-2662,beam,53.8555,0.0,60.694,7.6
BM-sheet_1-2663,beam,53.8959,0.0,60.716,7.6
BM-sheet_1-2664,beam,53.9364,0.0,60.739,7.6
BM-sheet_1-2665,beam,49.7156,0.0,55.965,7.0
BM-sheet_1-2666,beam,42.6453,0.0,47.988,6.0
BM-sheet_1-2667,beam,29.5185,0.0,33.204,4.15
BM-sheet_1-2668,beam,32.7438,0.0,36.818,4.6
BM-sheet_1-2669,beam,29.919,0.0,33.629,4.2
BM-sheet_1-2670,beam,35.6445,0.0,40.05,5.0
BM-sheet_1-2671,beam,35.3146,0.0,39.665,4.95
BM-sheet_1-2672,beam,63.5066,0.0,71.302,8.895
BM-sheet_1-2673,beam,33.867,0.0,38.01,4.74
BM-sheet_1-2674,beam,31.4612,0.0,35.297,4.4
BM-sheet_1-2675,beam,32.9159,0.0,36.915,4.6
BM-sheet_1-2676,beam,29.36,0.0,32.915,4.1
BM-sheet_1-2677,beam,50.1643,0.0,56.217,7.0
BM-sheet_1-2678,beam,43.0301,0.0,48.204,6.0
BM-sheet_1-2679,beam,35.8852,0.0,40.185,5.0
BM-sheet_1-2680,beam,35.553,0.0,39.798,4.95
BM-sheet_1-2681,beam,30.1886,0.0,33.781,4.2
BM-sheet_1-2682,beam,32.3691,0.0,36.207,4.5
BM-sheet_1-2683,beam,30.9535,0.0,34.611,4.3
BM-sheet_1-2684,beam,2.6867,0.0,3.003,0.373
BM-sheet_1-2685,beam,29.5702,0.0,33.039,4.102
BM-sheet_1-2686,beam,32.1765,0.0,35.938,4.46
BM-sheet_1-2687,beam,19.4217,0.0,21.684,2.69
BM-sheet_1-2688,beam,10.6937,0.0,11.935,1.48
BM-sheet_1-2689,beam,36.1536,0.0,40.335,5.0
BM-sheet_1-2690,beam,35.0452,0.0,39.084,4.843
BM-sheet_1-2691,beam,30.2694,0.0,33.745,4.18
BM-sheet_1-2692,beam,21.7406,0.0,24.228,3.0
BM-sheet_1-2693,beam,33.0796,0.0,36.851,4.561
BM-sheet_1-2694,beam,30.6388,0.0,34.119,4.222
BM-sheet_1-2695,beam,50.8412,0.0,56.595,7.0
BM-sheet_1-2696,beam,35.9788,0.0,40.036,4.95
BM-sheet_1-2697,beam,55.2809,0.0,61.492,7.6
BM-sheet_1-2698,beam,55.322,0.0,61.514,7.6
BM-sheet_1-2699,beam,50.9922,0.0,56.679,7.0
BM-sheet_1-2700,beam,22.599,0.0,25.11,3.1
BM-sheet_1-2701,beam,36.846,0.0,40.925,5.051
BM-sheet_1-2702,beam,43.8048,0.0,48.636,6.0
BM-sheet_1-2703,beam,36.1659,0.0,40.14,4.95
BM-sheet_1-2704,beam,24.8275,0.0,27.545,3.396
BM-sheet_1-2705,beam,39.6792,0.0,44.006,5.423
BM-sheet_1-2706,beam,32.6575,0.0,36.206,4.46
BM-sheet_1-2707,beam,36.7629,0.0,40.742,5.017
BM-sheet_1-2708,beam,33.8207,0.0,37.468,4.612
BM-sheet_1-2709,beam,37.7496,0.0,41.805,5.144
BM-sheet_1-2710,beam,19.7555,0.0,21.87,2.69
BM-sheet_1-2711,beam,10.1425,0.0,11.224,1.38
BM-sheet_1-2712,beam,30.8168,0.0,34.089,4.19
BM-sheet_1-2713,beam,36.8018,0.0,40.695,5.0
BM-sheet_1-2714,beam,36.829,0.0,40.71,5.0
BM-sheet_1-2715,beam,37.229,0.0,41.137,5.051
BM-sheet_1-2716,beam,31.1413,0.0,34.398,4.222
BM-sheet_1-2717,beam,21.039,0.0,23.23,2.85
BM-sheet_1-2718,beam,2.8627,0.0,3.16,0.387
BM-sheet_1-2719,beam,22.1789,0.0,24.471,3.0
BM-sheet_1-2720,beam,29.5936,0.0,32.64,4.0
BM-sheet_1-2721,beam,44.423,0.0,48.978,6.0
BM-sheet_1-2722,beam,22.9688,0.0,25.315,3.1
BM-sheet_1-2723,beam,51.9031,0.0,57.183,7.0
BM-sheet_1-2724,beam,52.6832,0.0,58.021,7.1
BM-sheet_1-2725,beam,52.7219,0.0,58.043,7.1
BM-sheet_1-2726,beam,19.3208,0.0,21.263,2.6
BM-sheet_1-2727,beam,19.335,0.0,21.271,2.6
BM-sheet_1-2728,beam,46.438,0.0,51.068,6.24
BM-sheet_1-2729,beam,46.4722,0.0,51.087,6.24
BM-sheet_1-2730,beam,57.8347,0.0,63.555,7.76
BM-sheet_1-2731,beam,46.5404,0.0,51.125,6.24
BM-sheet_1-2732,beam,57.9195,0.0,63.601,7.76
BM-sheet_1-2733,beam,46.6084,0.0,51.162,6.24
BM-sheet_1-2734,beam,29.1845,0.0,32.024,3.904
BM-sheet_1-2735,beam,52.3616,0.0,57.435,7.0
BM-sheet_1-2736,beam,29.2272,0.0,32.047,3.904
BM-sheet_1-2737,beam,51.764,0.0,56.738,6.91
BM-sheet_1-2738,beam,52.4765,0.0,57.498,7.0
BM-sheet_1-2739,beam,92.8764,0.0,101.727,12.38
BM-sheet_1-2740,beam,29.9931,0.0,32.839,3.995
BM-sheet_1-2741,beam,36.2882,0.0,39.717,4.83
BM-sheet_1-2742,beam,22.8562,0.0,25.007,3.04
BM-sheet_1-2743,beam,18.0577,0.0,19.75,2.4
BM-sheet_1-2744,beam,23.6428,0.0,25.848,3.14
BM-sheet_1-2745,beam,18.0841,0.0,19.764,2.4
BM-sheet_1-2746,beam,23.6772,0.0,25.867,3.14
BM-sheet_1-2747,beam,35.8804,0.0,39.185,4.755
BM-sheet_1-2748,beam,25.3701,0.0,27.697,3.36
BM-sheet_1-2749,beam,12.8473,0.0,14.02,1.7
BM-sheet_1-2750,beam,38.1908,0.0,41.663,5.05
BM-sheet_1-2751,beam,4.919,0.0,5.364,0.65
BM-sheet_1-2752,beam,16.6617,0.0,18.163,2.2
BM-sheet_1-2753,beam,53.0532,0.0,57.813,7.0
BM-sheet_1-2754,beam,16.6859,0.0,18.176,2.2
BM-sheet_1-2755,beam,53.1303,0.0,57.855,7.0
BM-sheet_1-2756,beam,47.3961,0.0,51.592,6.24
BM-sheet_1-2757,beam,58.9843,0.0,64.183,7.76
BM-sheet_1-2758,beam,59.0271,0.0,64.206,7.76
BM-sheet_1-2759,beam,47.4994,0.0,51.648,6.24
BM-sheet_1-2760,beam,3.8088,0.0,4.14,0.5
BM-sheet_1-2761,beam,3.8116,0.0,4.142,0.5
BM-sheet_1-2762,beam,24.1738,0.0,26.257,3.169
BM-sheet_1-2763,beam,5.3439,0.0,5.802,0.7
BM-sheet_1-2764,beam,9.1676,0.0,9.95,1.2
BM-sheet_1-2765,beam,9.1738,0.0,9.953,1.2
BM-sheet_1-2766,beam,5.3555,0.0,5.809,0.7
BM-sheet_1-2767,beam,60.2555,0.0,65.329,7.87
BM-sheet_1-2768,beam,15.0935,0.0,16.359,1.97
BM-sheet_1-2769,beam,50.9878,0.0,55.241,6.65
BM-sheet_1-2770,beam,4.0666,0.0,4.404,0.53
BM-sheet_1-2771,beam,11.9784,0.0,12.968,1.56
BM-sheet_1-2772,beam,9.605,0.0,10.395,1.25
BM-sheet_1-2773,beam,52.4426,0.0,56.736,6.82
BM-sheet_1-2774,beam,10.4653,0.0,11.318,1.36
BM-sheet_1-2775,beam,61.605,0.0,66.6,8.0
BM-sheet_1-2776,beam,23.0031,0.0,24.859,2.985
BM-sheet_1-2777,beam,12.914,0.0,13.951,1.675
BM-sheet_1-2778,beam,10.4183,0.0,11.251,1.35
BM-sheet_1-2779,beam,9.6536,0.0,10.421,1.25
BM-sheet_1-2780,beam,27.0494,0.0,29.19,3.5
BM-sheet_1-2781,beam,32.56,0.0,35.124,4.21
BM-sheet_1-2782,beam,35.6018,0.0,38.392,4.6
BM-sheet_1-2783,beam,17.581,0.0,18.952,2.27
BM-sheet_1-2784,beam,12.091,0.0,13.029,1.56
BM-sheet_1-2785,beam,5.6624,0.0,6.1,0.73
BM-sheet_1-2786,beam,33.0607,0.0,35.6,4.259
BM-sheet_1-2787,beam,22.5254,0.0,24.247,2.9
BM-sheet_1-2788,beam,44.228,0.0,47.591,5.69
BM-sheet_1-2789,beam,49.9454,0.0,53.724,6.421
BM-sheet_1-2790,beam,3.8921,0.0,4.185,0.5
BM-sheet_1-2791,beam,50.1769,0.0,53.934,6.441
BM-sheet_1-2792,beam,143.1872,0.0,153.854,18.368
BM-sheet_1-2793,beam,23.9486,0.0,25.724,3.07
BM-sheet_1-2794,beam,89.3844,0.0,95.975,11.45
BM-sheet_1-2795,beam,42.1067,0.0,45.195,5.39
BM-sheet_1-2796,beam,28.1631,0.0,30.218,3.603
BM-sheet_1-2797,beam,68.0346,0.0,72.972,8.697
BM-sheet_1-2798,beam,28.5754,0.0,30.638,3.65
BM-sheet_1-2799,beam,17.944,0.0,19.233,2.29
BM-sheet_1-2800,beam,42.2573,0.0,45.276,5.39
BM-sheet_1-2801,beam,20.6339,0.0,22.1,2.63
BM-sheet_1-2802,beam,27.4794,0.0,29.421,3.5
BM-sheet_1-2803,beam,20.6634,0.0,22.116,2.63
BM-sheet_1-2804,beam,39.6273,0.0,42.397,5.04
BM-sheet_1-2805,beam,55.0758,0.0,58.905,7.0
BM-sheet_1-2806,beam,7.7248,0.0,8.259,0.981
BM-sheet_1-2807,beam,8.4341,0.0,9.014,1.07
BM-sheet_1-2808,beam,55.194,0.0,58.968,7.0
BM-sheet_1-2809,beam,37.7187,0.0,40.283,4.78
BM-sheet_1-2810,beam,62.0723,0.0,66.269,7.861
BM-sheet_1-2811,beam,68.7055,0.0,73.325,8.695
BM-sheet_1-2812,beam,30.2851,0.0,32.31,3.83
BM-sheet_1-2813,beam,31.0188,0.0,33.081,3.92
BM-sheet_1-2814,beam,31.4368,0.0,33.515,3.97
BM-sheet_1-2815,beam,74.1713,0.0,79.046,9.36
BM-sheet_1-2816,beam,31.4815,0.0,33.539,3.97
BM-sheet_1-2817,beam,11.1086,0.0,11.83,1.4
BM-sheet_1-2818,beam,66.6145,0.0,70.917,8.389
BM-sheet_1-2819,beam,5.5627,0.0,5.92,0.7
BM-sheet_1-2820,beam,74.4345,0.0,79.186,9.36
BM-sheet_1-2821,beam,29.5864,0.0,31.464,3.718
BM-sheet_1-2822,beam,5.5746,0.0,5.926,0.7
BM-sheet_1-2823,beam,63.914,0.0,67.921,8.02
BM-sheet_1-2824,beam,3.9875,0.0,4.236,0.5
BM-sheet_1-2825,beam,66.7978,0.0,70.936,8.37
BM-sheet_1-2826,beam,5.5904,0.0,5.935,0.7
BM-sheet_1-2827,beam,9.5903,0.0,10.177,1.2
BM-sheet_1-2828,beam,17.5947,0.0,18.665,2.2
BM-sheet_1-2829,beam,29.7721,0.0,31.572,3.72
BM-sheet_1-2830,beam,74.9633,0.0,79.466,9.36
BM-sheet_1-2831,beam,29.8142,0.0,31.594,3.72
BM-sheet_1-2832,beam,9.6243,0.0,10.195,1.2
BM-sheet_1-2833,beam,5.6181,0.0,5.949,0.7
BM-sheet_1-2834,beam,67.2242,0.0,71.162,8.37
BM-sheet_1-2835,beam,72.335,0.0,76.545,9.0
BM-sheet_1-2836,beam,61.9303,0.0,65.512,7.7
BM-sheet_1-2837,beam,156.3812,0.0,165.366,19.43
BM-sheet_1-2838,beam,24.5654,0.0,25.968,3.05
BM-sheet_1-2839,beam,41.428,0.0,43.777,5.14
BM-sheet_1-2840,beam,12.2597,0.0,12.95,1.52
BM-sheet_1-2841,beam,4.0356,0.0,4.262,0.5
BM-sheet_1-2842,beam,30.6925,0.0,32.399,3.8
BM-sheet_1-2843,beam,32.6539,0.0,34.457,4.04
BM-sheet_1-2844,beam,42.5446,0.0,44.878,5.26
BM-sheet_1-2845,beam,63.5381,0.0,67.0,7.85
BM-sheet_1-2846,beam,42.1185,0.0,44.398,5.2
BM-sheet_1-2847,beam,42.1481,0.0,44.413,5.2
BM-sheet_1-2848,beam,5.9987,0.0,6.319,0.74
BM-sheet_1-2849,beam,21.4688,0.0,22.607,2.645
BM-sheet_1-2850,beam,23.1491,0.0,24.367,2.85
BM-sheet_1-2851,beam,30.0738,0.0,31.646,3.7
BM-sheet_1-2852,beam,27.1646,0.0,28.574,3.34
BM-sheet_1-2853,beam,19.3034,0.0,20.298,2.372
BM-sheet_1-2854,beam,7.2144,0.0,7.583,0.886
BM-sheet_1-2855,beam,28.657,0.0,30.112,3.516
BM-sheet_1-2856,beam,21.2891,0.0,22.362,2.61
BM-sheet_1-2857,beam,39.9956,0.0,41.998,4.9
BM-sheet_1-2858,beam,21.3189,0.0,22.378,2.61
BM-sheet_1-2859,beam,11.1919,0.0,11.744,1.369
BM-sheet_1-2860,beam,14.7204,0.0,15.441,1.8
BM-sheet_1-2861,beam,27.7393,0.0,29.087,3.389
BM-sheet_1-2862,beam,38.9484,0.0,40.826,4.755
BM-sheet_1-2863,beam,25.9838,0.0,27.227,3.17
BM-sheet_1-2864,beam,14.7643,0.0,15.465,1.8
BM-sheet_1-2865,beam,55.734,0.0,58.36,6.79
BM-sheet_1-2866,beam,9.6921,0.0,10.145,1.18
BM-sheet_1-2867,beam,30.4128,0.0,31.824,3.7
BM-sheet_1-2868,beam,76.9905,0.0,80.534,9.36
BM-sheet_1-2869,beam,28.1506,0.0,29.436,3.42
BM-sheet_1-2870,beam,31.5473,0.0,32.976,3.83
BM-sheet_1-2871,beam,58.2759,0.0,60.894,7.07
BM-sheet_1-2872,beam,10.7229,0.0,11.201,1.3
BM-sheet_1-2873,beam,22.7817,0.0,23.789,2.76
BM-sheet_1-2874,beam,26.9275,0.0,28.108,3.26
BM-sheet_1-2875,beam,21.9039,0.0,22.856,2.65
BM-sheet_1-2876,beam,19.0242,0.0,19.844,2.3
BM-sheet_1-2877,beam,52.7251,0.0,54.979,6.37
BM-sheet_1-2878,beam,9.939,0.0,10.36,1.2
BM-sheet_1-2879,beam,5.802,0.0,6.046,0.7
BM-sheet_1-2880,beam,74.6496,0.0,77.76,9.0
BM-sheet_1-2881,beam,4.1496,0.0,4.321,0.5
BM-sheet_1-2882,beam,9.9671,0.0,10.375,1.2
BM-sheet_1-2883,beam,30.9195,0.0,32.174,3.72
BM-sheet_1-2884,beam,77.8519,0.0,80.983,9.36
BM-sheet_1-2885,beam,30.9621,0.0,32.196,3.72
BM-sheet_1-2886,beam,9.9943,0.0,10.389,1.2
BM-sheet_1-2887,beam,43.7992,0.0,45.514,5.255
BM-sheet_1-2888,beam,65.8901,0.0,68.445,7.9
BM-sheet_1-2889,beam,27.209,0.0,28.254,3.26
BM-sheet_1-2890,beam,29.3161,0.0,30.432,3.51
BM-sheet_1-2891,beam,16.3982,0.0,17.017,1.962
BM-sheet_1-2892,beam,30.5657,0.0,31.707,3.655
BM-sheet_1-2893,beam,30.6322,0.0,31.765,3.66
BM-sheet_1-2894,beam,21.9431,0.0,22.747,2.62
BM-sheet_1-2895,beam,52.7166,0.0,54.629,6.29
BM-sheet_1-2896,beam,44.9533,0.0,46.568,5.36
BM-sheet_1-2897,beam,51.7827,0.0,53.624,6.17
BM-sheet_1-2898,beam,34.4335,0.0,35.645,4.1
BM-sheet_1-2899,beam,85.4713,0.0,88.449,10.17
BM-sheet_1-2900,beam,64.757,0.0,66.99,7.7
BM-sheet_1-2901,beam,64.8017,0.0,67.013,7.7
BM-sheet_1-2902,beam,41.6869,0.0,43.095,4.95
BM-sheet_1-2903,beam,48.0362,0.0,49.641,5.7
BM-sheet_1-2904,beam,24.3053,0.0,25.109,2.882
BM-sheet_1-2905,beam,21.5079,0.0,22.211,2.549
BM-sheet_1-2906,beam,30.0636,0.0,31.036,3.56
BM-sheet_1-2907,beam,30.3379,0.0,31.308,3.59
BM-sheet_1-2908,beam,36.7427,0.0,37.905,4.345
BM-sheet_1-2909,beam,32.2413,0.0,33.25,3.81
BM-sheet_1-2910,beam,32.509,0.0,33.514,3.839
BM-sheet_1-2911,beam,71.0643,0.0,73.237,8.386
BM-sheet_1-2912,beam,5.9358,0.0,6.115,0.7
BM-sheet_1-2913,beam,10.1827,0.0,10.487,1.2
BM-sheet_1-2914,beam,10.1897,0.0,10.49,1.2
BM-sheet_1-2915,beam,5.9481,0.0,6.122,0.7
BM-sheet_1-2916,beam,34.0971,0.0,35.079,4.01
BM-sheet_1-2917,beam,26.4852,0.0,27.239,3.113
BM-sheet_1-2918,beam,67.2661,0.0,69.156,7.9
BM-sheet_1-2919,beam,9.7987,0.0,10.071,1.15
BM-sheet_1-2920,beam,40.5857,0.0,41.698,4.76
BM-sheet_1-2921,beam,11.9451,0.0,12.268,1.4
BM-sheet_1-2922,beam,28.6025,0.0,29.366,3.35
BM-sheet_1-2923,beam,35.937,0.0,36.884,4.206
BM-sheet_1-2924,beam,66.2183,0.0,67.939,7.745
BM-sheet_1-2925,beam,65.8783,0.0,67.567,7.7
BM-sheet_1-2926,beam,65.9234,0.0,67.591,7.7
BM-sheet_1-2927,beam,3.095,0.0,3.172,0.361
BM-sheet_1-2928,beam,3.1892,0.0,3.268,0.372
BM-sheet_1-2929,beam,58.6809,0.0,60.103,6.84
BM-sheet_1-2930,beam,43.4396,0.0,44.477,5.06
BM-sheet_1-2931,beam,24.0541,0.0,24.62,2.8
BM-sheet_1-2932,beam,31.5493,0.0,32.281,3.67
BM-sheet_1-2933,beam,11.3553,0.0,11.615,1.32
BM-sheet_1-2934,beam,10.7604,0.0,11.002,1.25
BM-sheet_1-2935,beam,13.4382,0.0,13.736,1.56
BM-sheet_1-2936,beam,7.8479,0.0,8.019,0.91
BM-sheet_1-2937,beam,10.3507,0.0,10.573,1.2
BM-sheet_1-2938,beam,69.2275,0.0,70.688,8.02
BM-sheet_1-2939,beam,72.2977,0.0,73.798,8.37
BM-sheet_1-2940,beam,10.8045,0.0,11.025,1.25
BM-sheet_1-2941,beam,6.0546,0.0,6.176,0.7
BM-sheet_1-2942,beam,10.3864,0.0,10.591,1.2
BM-sheet_1-2943,beam,32.2198,0.0,32.844,3.72
BM-sheet_1-2944,beam,81.1249,0.0,82.668,9.36
BM-sheet_1-2945,beam,32.2634,0.0,32.866,3.72
BM-sheet_1-2946,beam,10.4141,0.0,10.605,1.2
BM-sheet_1-2947,beam,6.0794,0.0,6.189,0.7
BM-sheet_1-2948,beam,69.6995,0.0,70.929,8.02
BM-sheet_1-2949,beam,20.4805,0.0,20.835,2.355
BM-sheet_1-2950,beam,17.7534,0.0,18.054,2.04
BM-sheet_1-2951,beam,12.9753,0.0,13.191,1.49
BM-sheet_1-2952,beam,29.716,0.0,30.199,3.41
BM-sheet_1-2953,beam,27.8611,0.0,28.304,3.195
BM-sheet_1-2954,beam,39.267,0.0,39.878,4.5
BM-sheet_1-2955,beam,12.2251,0.0,12.411,1.4
BM-sheet_1-2956,beam,41.5926,0.0,42.212,4.76
BM-sheet_1-2957,beam,10.0554,0.0,10.202,1.15
BM-sheet_1-2958,beam,12.2499,0.0,12.424,1.4
BM-sheet_1-2959,beam,39.3999,0.0,39.946,4.5
BM-sheet_1-2960,beam,32.3741,0.0,32.812,3.695
BM-sheet_1-2961,beam,29.3713,0.0,29.758,3.35
BM-sheet_1-2962,beam,49.3068,0.0,49.939,5.62
BM-sheet_1-2963,beam,10.7987,0.0,10.934,1.23
BM-sheet_1-2964,beam,40.061,0.0,40.548,4.56
BM-sheet_1-2965,beam,6.4176,0.0,6.493,0.73
BM-sheet_1-2966,beam,13.7236,0.0,13.881,1.56
BM-sheet_1-2967,beam,8.3629,0.0,8.456,0.95
BM-sheet_1-2968,beam,14.5349,0.0,14.692,1.65
BM-sheet_1-2969,beam,33.2322,0.0,33.579,3.77
BM-sheet_1-2970,beam,141.1344,0.0,142.56,16.0
BM-sheet_1-2971,beam,32.3062,0.0,32.622,3.66
BM-sheet_1-2972,beam,53.35,0.0,53.853,6.04
BM-sheet_1-2973,beam,15.0258,0.0,15.162,1.7
BM-sheet_1-2974,beam,56.6059,0.0,57.101,6.4
BM-sheet_1-2975,beam,37.6152,0.0,37.931,4.25
BM-sheet_1-2976,beam,9.2108,0.0,9.285,1.04
BM-sheet_1-2977,beam,22.2449,0.0,22.417,2.51
BM-sheet_1-2978,beam,17.4709,0.0,17.6,1.97
BM-sheet_1-2979,beam,34.1665,0.0,34.407,3.85
BM-sheet_1-2980,beam,47.8656,0.0,48.187,5.39
BM-sheet_1-2981,beam,71.0909,0.0,71.544,8.0
BM-sheet_1-2982,beam,48.4632,0.0,48.756,5.45
BM-sheet_1-2983,beam,14.5935,0.0,14.677,1.64
BM-sheet_1-2984,beam,30.4529,0.0,30.616,3.42
BM-sheet_1-2985,beam,26.9085,0.0,27.044,3.02
BM-sheet_1-2986,beam,16.6736,0.0,16.752,1.87
BM-sheet_1-2987,beam,24.0003,0.0,24.105,2.69
BM-sheet_1-2988,beam,62.2289,0.0,62.479,6.97
BM-sheet_1-2989,beam,12.0611,0.0,12.105,1.35
BM-sheet_1-2990,beam,11.1751,0.0,11.213,1.25
BM-sheet_1-2991,beam,13.9558,0.0,13.998,1.56
BM-sheet_1-2992,beam,6.535,0.0,6.552,0.73
BM-sheet_1-2993,beam,26.8741,0.0,26.937,3.0
BM-sheet_1-2994,beam,47.0612,0.0,47.155,5.25
BM-sheet_1-2995,beam,37.6741,0.0,37.737,4.2
BM-sheet_1-2996,beam,35.8934,0.0,35.941,3.999
BM-sheet_1-2997,beam,41.7662,0.0,41.808,4.65
BM-sheet_1-2998,beam,54.7819,0.0,54.818,6.095
BM-sheet_1-2999,beam,8.7694,0.0,8.772,0.975
BM-sheet_1-3000,beam,6.3,0.0,6.3,0.7
BM-sheet_1-3001,beam,37.1945,0.0,37.182,4.13
BM-sheet_1-3002,beam,40.554,0.0,40.527,4.5
BM-sheet_1-3003,beam,16.9539,0.0,16.937,1.88
BM-sheet_1-3004,beam,30.6819,0.0,30.641,3.4
BM-sheet_1-3005,beam,42.9829,0.0,42.911,4.76
BM-sheet_1-3006,beam,12.6504,0.0,12.625,1.4
BM-sheet_1-3007,beam,40.6892,0.0,40.594,4.5
BM-sheet_1-3008,beam,39.3132,0.0,39.209,4.345
BM-sheet_1-3009,beam,34.4962,0.0,34.393,3.81
BM-sheet_1-3010,beam,46.2197,0.0,46.066,5.101
BM-sheet_1-3011,beam,11.3329,0.0,11.291,1.25
BM-sheet_1-3012,beam,23.5876,0.0,23.494,2.6
BM-sheet_1-3013,beam,20.5166,0.0,20.428,2.26
BM-sheet_1-3014,beam,31.4313,0.0,31.285,3.46
BM-sheet_1-3015,beam,28.2706,0.0,28.13,3.11
BM-sheet_1-3016,beam,43.662,0.0,43.43,4.8
BM-sheet_1-3017,beam,76.1857,0.0,75.756,8.37
BM-sheet_1-3018,beam,30.9681,0.0,30.783,3.4
BM-sheet_1-3019,beam,33.9054,0.0,33.692,3.72
BM-sheet_1-3020,beam,6.3843,0.0,6.342,0.7
BM-sheet_1-3021,beam,10.9517,0.0,10.876,1.2
BM-sheet_1-3022,beam,33.9726,0.0,33.725,3.72
BM-sheet_1-3023,beam,10.9663,0.0,10.883,1.2
BM-sheet_1-3024,beam,16.4597,0.0,16.329,1.8
BM-sheet_1-3025,beam,64.0546,0.0,63.525,7.0
BM-sheet_1-3026,beam,20.1447,0.0,19.972,2.2
BM-sheet_1-3027,beam,64.1393,0.0,63.567,7.0
BM-sheet_1-3028,beam,20.1713,0.0,19.985,2.2
BM-sheet_1-3029,beam,26.2365,0.0,25.985,2.86
BM-sheet_1-3030,beam,13.4037,0.0,13.271,1.46
BM-sheet_1-3031,beam,49.1502,0.0,48.648,5.35
BM-sheet_1-3032,beam,18.0184,0.0,17.828,1.96
BM-sheet_1-3033,beam,48.2954,0.0,47.77,5.25
BM-sheet_1-3034,beam,9.3006,0.0,9.196,1.01
BM-sheet_1-3035,beam,9.3067,0.0,9.199,1.01
BM-sheet_1-3036,beam,64.5206,0.0,63.756,7.0
BM-sheet_1-3037,beam,64.5636,0.0,63.777,7.0
BM-sheet_1-3038,beam,2.812,0.0,2.777,0.305
BM-sheet_1-3039,beam,64.6486,0.0,63.819,7.0
BM-sheet_1-3040,beam,36.9664,0.0,36.48,4.0
BM-sheet_1-3041,beam,22.1944,0.0,21.895,2.4
BM-sheet_1-3042,beam,22.209,0.0,21.902,2.4
BM-sheet_1-3043,beam,24.8144,0.0,24.464,2.68
BM-sheet_1-3044,beam,23.1195,0.0,22.785,2.495
BM-sheet_1-3045,beam,25.0475,0.0,24.677,2.701
BM-sheet_1-3046,beam,4.6397,0.0,4.57,0.5
BM-sheet_1-3047,beam,66.846,0.0,65.815,7.2
BM-sheet_1-3048,beam,46.847,0.0,46.109,5.043
BM-sheet_1-3049,beam,4.6482,0.0,4.574,0.5
BM-sheet_1-3050,beam,38.0937,0.0,37.469,4.095
BM-sheet_1-3051,beam,21.4103,0.0,21.052,2.3
BM-sheet_1-3052,beam,21.4243,0.0,21.059,2.3
BM-sheet_1-3053,beam,33.3115,0.0,32.733,3.574
BM-sheet_1-3054,beam,33.3333,0.0,32.744,3.574
BM-sheet_1-3055,beam,33.5329,0.0,32.929,3.593
BM-sheet_1-3056,beam,33.5548,0.0,32.94,3.593
BM-sheet_1-3057,beam,87.4299,0.0,85.8,9.356
BM-sheet_1-3058,beam,87.4866,0.0,85.827,9.355
BM-sheet_1-3059,beam,49.6975,0.0,48.739,5.311
BM-sheet_1-3060,beam,49.7299,0.0,48.755,5.311
BM-sheet_1-3061,beam,20.7072,0.0,20.295,2.21
BM-sheet_1-3062,beam,22.427,0.0,21.973,2.392
BM-sheet_1-3063,beam,27.6075,0.0,27.04,2.943
BM-sheet_1-3064,beam,27.6255,0.0,27.048,2.943
BM-sheet_1-3065,beam,20.3145,0.0,19.884,2.162
BM-sheet_1-3066,beam,17.8859,0.0,17.501,1.903
BM-sheet_1-3067,beam,35.0962,0.0,34.329,3.731
BM-sheet_1-3068,beam,36.0639,0.0,35.265,3.831
BM-sheet_1-3069,beam,34.3784,0.0,33.606,3.65
BM-sheet_1-3070,beam,34.4008,0.0,33.616,3.65
BM-sheet_1-3071,beam,44.4868,0.0,43.458,4.717
BM-sheet_1-3072,beam,36.2496,0.0,35.4,3.841
BM-sheet_1-3073,beam,30.1093,0.0,29.394,3.188
BM-sheet_1-3074,beam,30.1289,0.0,29.404,3.188
BM-sheet_1-3075,beam,32.6212,0.0,31.826,3.45
BM-sheet_1-3076,beam,32.6425,0.0,31.836,3.45
BM-sheet_1-3077,beam,25.5634,0.0,24.924,2.7
BM-sheet_1-3078,beam,25.58,0.0,24.932,2.7
BM-sheet_1-3079,beam,33.8555,0.0,32.987,3.571
BM-sheet_1-3080,beam,34.6254,0.0,33.726,3.65
BM-sheet_1-3081,beam,40.3434,0.0,39.283,4.25
BM-sheet_1-3082,beam,40.3696,0.0,39.295,4.25
BM-sheet_1-3083,beam,28.3246,0.0,27.562,2.98
BM-sheet_1-3084,beam,41.42,0.0,40.292,4.355
BM-sheet_1-3085,beam,41.4468,0.0,40.305,4.355
BM-sheet_1-3086,beam,65.521,0.0,63.695,6.88
BM-sheet_1-3087,beam,43.6454,0.0,42.415,4.58
BM-sheet_1-3088,beam,11.9197,0.0,11.58,1.25
BM-sheet_1-3089,beam,5.5343,0.0,5.375,0.58
BM-sheet_1-3090,beam,10.9803,0.0,10.66,1.15
BM-sheet_1-3091,beam,8.5989,0.0,8.346,0.9
BM-sheet_1-3092,beam,7.9352,0.0,7.699,0.83
BM-sheet_1-3093,beam,5.5487,0.0,5.382,0.58
BM-sheet_1-3094,beam,10.0515,0.0,9.746,1.05
BM-sheet_1-3095,beam,10.5369,0.0,10.213,1.1
BM-sheet_1-3096,beam,5.9428,0.0,5.759,0.62
BM-sheet_1-3097,beam,10.5506,0.0,10.22,1.1
BM-sheet_1-3098,beam,8.6378,0.0,8.365,0.9
BM-sheet_1-3099,beam,4.0336,0.0,3.905,0.42
BM-sheet_1-3100,beam,14.2228,0.0,13.764,1.48
BM-sheet_1-3101,beam,14.232,0.0,13.768,1.48
BM-sheet_1-3102,beam,48.6894,0.0,47.088,5.06
BM-sheet_1-3103,beam,25.0344,0.0,24.203,2.6
BM-sheet_1-3104,beam,46.8252,0.0,45.256,4.86
BM-sheet_1-3105,beam,38.1785,0.0,36.887,3.96
BM-sheet_1-3106,beam,8.6825,0.0,8.386,0.9
BM-sheet_1-3107,beam,33.0148,0.0,31.878,3.42
BM-sheet_1-3108,beam,16.4736,0.0,15.901,1.705
BM-sheet_1-3109,beam,26.1424,0.0,25.226,2.705
BM-sheet_1-3110,beam,7.0123,0.0,6.764,0.725
BM-sheet_1-3111,beam,7.0168,0.0,6.766,0.725
BM-sheet_1-3112,beam,9.4424,0.0,9.103,0.975
BM-sheet_1-3113,beam,7.0258,0.0,6.771,0.725
BM-sheet_1-3114,beam,28.994,0.0,27.933,2.99
BM-sheet_1-3115,beam,22.3174,0.0,21.494,2.3
BM-sheet_1-3116,beam,24.2736,0.0,23.37,2.5
BM-sheet_1-3117,beam,22.3461,0.0,21.507,2.3
BM-sheet_1-3118,beam,5.0554,0.0,4.864,0.52
BM-sheet_1-3119,beam,35.7024,0.0,34.34,3.67
BM-sheet_1-3120,beam,23.8493,0.0,22.932,2.45
BM-sheet_1-3121,beam,4.0911,0.0,3.932,0.42
BM-sheet_1-3122,beam,4.0937,0.0,3.934,0.42
BM-sheet_1-3123,beam,14.4346,0.0,13.866,1.48
BM-sheet_1-3124,beam,14.4439,0.0,13.871,1.48
BM-sheet_1-3125,beam,49.4141,0.0,47.437,5.06
BM-sheet_1-3126,beam,25.4069,0.0,24.383,2.6
BM-sheet_1-3127,beam,47.5217,0.0,45.592,4.86
BM-sheet_1-3128,beam,38.7462,0.0,37.161,3.96
BM-sheet_1-3129,beam,8.8116,0.0,8.448,0.9
BM-sheet_1-3130,beam,35.4648,0.0,33.992,3.62
BM-sheet_1-3131,beam,7.1073,0.0,6.81,0.725
BM-sheet_1-3132,beam,9.5642,0.0,9.161,0.975
BM-sheet_1-3133,beam,7.1164,0.0,6.814,0.725
BM-sheet_1-3134,beam,24.5549,0.0,23.505,2.5
BM-sheet_1-3135,beam,22.6049,0.0,21.632,2.3
BM-sheet_1-3136,beam,5.1139,0.0,4.892,0.52
BM-sheet_1-3137,beam,40.79,0.0,39.009,4.145
BM-sheet_1-3138,beam,29.6396,0.0,28.336,3.01
BM-sheet_1-3139,beam,20.1012,0.0,19.211,2.04
BM-sheet_1-3140,beam,33.2761,0.0,31.792,3.375
BM-sheet_1-3141,beam,25.6513,0.0,24.5,2.6
BM-sheet_1-3142,beam,26.6548,0.0,25.45,2.7
BM-sheet_1-3143,beam,22.7204,0.0,21.687,2.3
BM-sheet_1-3144,beam,7.1664,0.0,6.838,0.725
BM-sheet_1-3145,beam,33.3822,0.0,31.843,3.375
BM-sheet_1-3146,beam,9.155,0.0,8.73,0.925
BM-sheet_1-3147,beam,4.1595,0.0,3.965,0.42
BM-sheet_1-3148,beam,13.8739,0.0,13.222,1.4
BM-sheet_1-3149,beam,10.9078,0.0,10.392,1.1
BM-sheet_1-3150,beam,17.5628,0.0,16.726,1.77
BM-sheet_1-3151,beam,15.0918,0.0,14.369,1.52
BM-sheet_1-3152,beam,5.6133,0.0,5.343,0.565
BM-sheet_1-3153,beam,53.6836,0.0,51.079,5.4
BM-sheet_1-3154,beam,24.4714,0.0,23.277,2.46
BM-sheet_1-3155,beam,22.8943,0.0,21.769,2.3
BM-sheet_1-3156,beam,7.3208,0.0,6.959,0.735
BM-sheet_1-3157,beam,22.9233,0.0,21.783,2.3
BM-sheet_1-3158,beam,9.8234,0.0,9.332,0.985
BM-sheet_1-3159,beam,4.4907,0.0,4.265,0.45
BM-sheet_1-3160,beam,7.5449,0.0,7.163,0.756
BM-sheet_1-3161,beam,7.2441,0.0,6.875,0.725
BM-sheet_1-3162,beam,61.193,0.0,58.058,6.12
BM-sheet_1-3163,beam,5.2947,0.0,5.022,0.529
BM-sheet_1-3164,beam,19.7215,0.0,18.699,1.97
BM-sheet_1-3165,beam,3.2055,0.0,3.038,0.32
BM-sheet_1-3166,beam,3.408,0.0,3.229,0.34
BM-sheet_1-3167,beam,5.9176,0.0,5.606,0.59
BM-sheet_1-3168,beam,10.4879,0.0,9.932,1.045
BM-sheet_1-3169,beam,23.0979,0.0,21.866,2.3
BM-sheet_1-3170,beam,27.6345,0.0,26.153,2.75
BM-sheet_1-3171,beam,23.1271,0.0,21.88,2.3
BM-sheet_1-3172,beam,32.7001,0.0,30.927,3.25
BM-sheet_1-3173,beam,24.8678,0.0,23.512,2.47
BM-sheet_1-3174,beam,22.0627,0.0,20.853,2.19
BM-sheet_1-3175,beam,25.504,0.0,24.098,2.53
BM-sheet_1-3176,beam,7.3131,0.0,6.908,0.725
BM-sheet_1-3177,beam,10.0429,0.0,9.483,0.995
BM-sheet_1-3178,beam,7.5243,0.0,7.103,0.745
BM-sheet_1-3179,beam,9.3481,0.0,8.822,0.925
BM-sheet_1-3180,beam,34.281,0.0,32.341,3.39
BM-sheet_1-3181,beam,37.8442,0.0,35.691,3.74
BM-sheet_1-3182,beam,26.4266,0.0,24.915,2.61
BM-sheet_1-3183,beam,20.7189,0.0,19.528,2.045
BM-sheet_1-3184,beam,49.27,0.0,46.423,4.86
BM-sheet_1-3185,beam,23.5346,0.0,22.168,2.32
BM-sheet_1-3186,beam,26.087,0.0,24.564,2.57
BM-sheet_1-3187,beam,40.0185,0.0,37.67,3.94
BM-sheet_1-3188,beam,28.559,0.0,26.875,2.81
BM-sheet_1-3189,beam,10.5257,0.0,9.902,1.035
BM-sheet_1-3190,beam,5.4442,0.0,5.12,0.535
BM-sheet_1-3191,beam,12.6772,0.0,11.918,1.245
BM-sheet_1-3192,beam,41.3668,0.0,38.879,4.06
BM-sheet_1-3193,beam,10.3992,0.0,9.771,1.02
BM-sheet_1-3194,beam,19.3831,0.0,18.206,1.9
BM-sheet_1-3195,beam,40.7811,0.0,38.292,3.995
BM-sheet_1-3196,beam,157.4042,0.0,147.751,15.41
BM-sheet_1-3197,beam,70.4725,0.0,66.13,6.895
BM-sheet_1-3198,beam,10.7386,0.0,10.074,1.05
BM-sheet_1-3199,beam,24.7643,0.0,23.224,2.42
BM-sheet_1-3200,beam,35.9936,0.0,33.744,3.515
BM-sheet_1-3201,beam,5.1232,0.0,4.802,0.5
BM-sheet_1-3202,beam,81.4585,0.0,76.32,7.945
BM-sheet_1-3203,beam,10.4644,0.0,9.801,1.02
BM-sheet_1-3204,beam,23.2516,0.0,21.771,2.265
BM-sheet_1-3205,beam,37.8011,0.0,35.383,3.68
BM-sheet_1-3206,beam,3.2891,0.0,3.078,0.32
BM-sheet_1-3207,beam,14.3988,0.0,13.469,1.4
BM-sheet_1-3208,beam,12.0408,0.0,11.26,1.17
BM-sheet_1-3209,beam,16.1674,0.0,15.114,1.57
BM-sheet_1-3210,beam,16.4866,0.0,15.408,1.6
BM-sheet_1-3211,beam,12.5788,0.0,11.752,1.22
BM-sheet_1-3212,beam,23.3679,0.0,21.826,2.265
BM-sheet_1-3213,beam,65.0372,0.0,60.726,6.3
BM-sheet_1-3214,beam,3.3055,0.0,3.085,0.32
BM-sheet_1-3215,beam,12.0934,0.0,11.285,1.17
BM-sheet_1-3216,beam,9.0859,0.0,8.476,0.878
BM-sheet_1-3217,beam,7.8653,0.0,7.335,0.76
BM-sheet_1-3218,beam,18.3293,0.0,17.088,1.77
BM-sheet_1-3219,beam,16.5791,0.0,15.451,1.6
BM-sheet_1-3220,beam,16.5894,0.0,15.456,1.6
BM-sheet_1-3221,beam,80.405,0.0,74.888,7.75
BM-sheet_1-3222,beam,12.6652,0.0,11.793,1.22
BM-sheet_1-3223,beam,23.5282,0.0,21.9,2.265
BM-sheet_1-3224,beam,38.2506,0.0,35.593,3.68
BM-sheet_1-3225,beam,65.5239,0.0,60.953,6.3
BM-sheet_1-3226,beam,3.3303,0.0,3.097,0.32
BM-sheet_1-3227,beam,14.5789,0.0,13.553,1.4
BM-sheet_1-3228,beam,5.9398,0.0,5.52,0.57
BM-sheet_1-3229,beam,14.8055,0.0,13.756,1.42
BM-sheet_1-3230,beam,21.9091,0.0,20.349,2.1
BM-sheet_1-3231,beam,83.4627,0.0,77.496,7.995
BM-sheet_1-3232,beam,12.7439,0.0,11.829,1.22
BM-sheet_1-3233,beam,23.6744,0.0,21.968,2.265
BM-sheet_1-3234,beam,3.3468,0.0,3.105,0.32
BM-sheet_1-3235,beam,12.2443,0.0,11.355,1.17
BM-sheet_1-3236,beam,8.9009,0.0,8.252,0.85
BM-sheet_1-3237,beam,25.9859,0.0,24.083,2.48
BM-sheet_1-3238,beam,22.0178,0.0,20.399,2.1
BM-sheet_1-3239,beam,3.3572,0.0,3.109,0.32
BM-sheet_1-3240,beam,12.8071,0.0,11.858,1.22
BM-sheet_1-3241,beam,23.7917,0.0,22.023,2.265
BM-sheet_1-3242,beam,3.3634,0.0,3.112,0.32
BM-sheet_1-3243,beam,12.3049,0.0,11.383,1.17
BM-sheet_1-3244,beam,3.3675,0.0,3.114,0.32
BM-sheet_1-3245,beam,51.1759,0.0,47.312,4.86
BM-sheet_1-3246,beam,7.0595,0.0,6.524,0.67
BM-sheet_1-3247,beam,53.3476,0.0,49.289,5.06
BM-sheet_1-3248,beam,10.7605,0.0,9.939,1.02
BM-sheet_1-3249,beam,40.535,0.0,37.428,3.84
BM-sheet_1-3250,beam,15.6325,0.0,14.43,1.48
BM-sheet_1-3251,beam,10.3048,0.0,9.509,0.975
BM-sheet_1-3252,beam,7.6672,0.0,7.073,0.725
BM-sheet_1-3253,beam,8.1481,0.0,7.514,0.77
BM-sheet_1-3254,beam,24.3536,0.0,22.453,2.3
BM-sheet_1-3255,beam,19.071,0.0,17.577,1.8
BM-sheet_1-3256,beam,24.3835,0.0,22.466,2.3
BM-sheet_1-3257,beam,15.0602,0.0,13.872,1.42
BM-sheet_1-3258,beam,26.0057,0.0,23.946,2.45
BM-sheet_1-3259,beam,27.6148,0.0,25.42,2.6
BM-sheet_1-3260,beam,7.705,0.0,7.09,0.725
BM-sheet_1-3261,beam,7.7097,0.0,7.093,0.725
BM-sheet_1-3262,beam,15.7482,0.0,14.483,1.48
BM-sheet_1-3263,beam,7.1336,0.0,6.559,0.67
BM-sheet_1-3264,beam,7.138,0.0,6.561,0.67
BM-sheet_1-3265,beam,10.8734,0.0,9.991,1.02
BM-sheet_1-3266,beam,24.1602,0.0,22.192,2.265
BM-sheet_1-3267,beam,39.2777,0.0,36.068,3.68
BM-sheet_1-3268,beam,3.4175,0.0,3.137,0.32
BM-sheet_1-3269,beam,15.1746,0.0,13.926,1.42
BM-sheet_1-3270,beam,14.9701,0.0,13.734,1.4
BM-sheet_1-3271,beam,6.1895,0.0,5.677,0.578
BM-sheet_1-3272,beam,9.1001,0.0,8.344,0.85
BM-sheet_1-3273,beam,8.1415,0.0,7.462,0.76
BM-sheet_1-3274,beam,3.4301,0.0,3.143,0.32
BM-sheet_1-3275,beam,52.1265,0.0,47.749,4.86
BM-sheet_1-3276,beam,7.1906,0.0,6.585,0.67
BM-sheet_1-3277,beam,54.338,0.0,49.745,5.06
BM-sheet_1-3278,beam,10.9602,0.0,10.031,1.02
BM-sheet_1-3279,beam,41.2871,0.0,37.774,3.84
BM-sheet_1-3280,beam,15.9224,0.0,14.563,1.48
BM-sheet_1-3281,beam,10.4958,0.0,9.597,0.975
BM-sheet_1-3282,beam,7.8094,0.0,7.138,0.725
BM-sheet_1-3283,beam,8.2991,0.0,7.584,0.77
BM-sheet_1-3284,beam,24.8047,0.0,22.66,2.3
BM-sheet_1-3285,beam,19.4242,0.0,17.739,1.8
BM-sheet_1-3286,beam,24.8349,0.0,22.673,2.3
BM-sheet_1-3287,beam,26.4707,0.0,24.159,2.45
BM-sheet_1-3288,beam,28.1085,0.0,25.646,2.6
BM-sheet_1-3289,beam,7.8427,0.0,7.154,0.725
BM-sheet_1-3290,beam,7.8475,0.0,7.156,0.725
BM-sheet_1-3291,beam,16.0294,0.0,14.612,1.48
BM-sheet_1-3292,beam,81.2253,0.0,74.021,7.495
BM-sheet_1-3293,beam,7.2654,0.0,6.619,0.67
BM-sheet_1-3294,beam,7.2698,0.0,6.621,0.67
BM-sheet_1-3295,beam,52.7651,0.0,48.041,4.86
BM-sheet_1-3296,beam,7.2786,0.0,6.625,0.67
BM-sheet_1-3297,beam,55.0033,0.0,50.048,5.06
BM-sheet_1-3298,beam,11.0943,0.0,10.092,1.02
BM-sheet_1-3299,beam,41.7923,0.0,38.004,3.84
BM-sheet_1-3300,beam,16.1172,0.0,14.652,1.48
BM-sheet_1-3301,beam,10.6242,0.0,9.655,0.975
BM-sheet_1-3302,beam,7.9048,0.0,7.182,0.725
BM-sheet_1-3303,beam,8.4006,0.0,7.63,0.77
BM-sheet_1-3304,beam,25.1078,0.0,22.798,2.3
BM-sheet_1-3305,beam,19.6614,0.0,17.847,1.8
BM-sheet_1-3306,beam,25.1382,0.0,22.811,2.3
BM-sheet_1-3307,beam,26.7938,0.0,24.306,2.45
BM-sheet_1-3308,beam,28.4514,0.0,25.802,2.6
BM-sheet_1-3309,beam,7.9384,0.0,7.197,0.725
BM-sheet_1-3310,beam,7.9432,0.0,7.199,0.725
BM-sheet_1-3311,beam,16.2248,0.0,14.701,1.48
BM-sheet_1-3312,beam,74.5367,0.0,67.515,6.795
BM-sheet_1-3313,beam,7.3539,0.0,6.659,0.67
BM-sheet_1-3314,beam,7.3583,0.0,6.661,0.67
BM-sheet_1-3315,beam,3.4616,0.0,3.133,0.315
BM-sheet_1-3316,beam,3.4637,0.0,3.134,0.315
BM-sheet_1-3317,beam,3.4658,0.0,3.135,0.315
BM-sheet_1-3318,beam,3.4679,0.0,3.136,0.315
BM-sheet_1-3319,beam,3.47,0.0,3.136,0.315
BM-sheet_1-3320,beam,3.4721,0.0,3.137,0.315
BM-sheet_1-3321,beam,71.8748,0.0,64.928,6.517
BM-sheet_1-3322,beam,635.1262,0.0,573.564,57.552
BM-sheet_1-3323,beam,105.6749,0.0,95.403,9.57
BM-sheet_1-3324,beam,10.1652,0.0,9.174,0.92
BM-sheet_1-3325,beam,33.2731,0.0,30.021,3.01
BM-sheet_1-3326,beam,70.7471,0.0,63.813,6.395
BM-sheet_1-3327,beam,11.5117,0.0,10.38,1.04
BM-sheet_1-3328,beam,22.9265,0.0,20.667,2.07
BM-sheet_1-3329,beam,24.2701,0.0,21.872,2.19
BM-sheet_1-3330,beam,25.2827,0.0,22.777,2.28
BM-sheet_1-3331,beam,7.2121,0.0,6.495,0.65
BM-sheet_1-3332,beam,27.4225,0.0,24.69,2.47
BM-sheet_1-3333,beam,25.5504,0.0,22.998,2.3
BM-sheet_1-3334,beam,8.8369,0.0,7.952,0.795
BM-sheet_1-3335,beam,20.5205,0.0,18.459,1.845
BM-sheet_1-3336,beam,8.291,0.0,7.456,0.745
BM-sheet_1-3337,beam,8.0733,0.0,7.258,0.725
BM-sheet_1-3338,beam,25.6272,0.0,23.032,2.3
BM-sheet_1-3339,beam,8.3059,0.0,7.463,0.745
BM-sheet_1-3340,beam,10.8767,0.0,9.769,0.975
BM-sheet_1-3341,beam,44.984,0.0,40.393,4.03
BM-sheet_1-3342,beam,54.2812,0.0,48.726,4.86
BM-sheet_1-3343,beam,29.1684,0.0,26.176,2.61
BM-sheet_1-3344,beam,54.3462,0.0,48.756,4.86
BM-sheet_1-3345,beam,42.3505,0.0,37.982,3.785
BM-sheet_1-3346,beam,15.562,0.0,13.953,1.39
BM-sheet_1-3347,beam,40.8329,0.0,36.6,3.645
BM-sheet_1-3348,beam,26.5095,0.0,23.754,2.365
BM-sheet_1-3349,beam,20.4128,0.0,18.286,1.82
BM-sheet_1-3350,beam,28.3929,0.0,25.427,2.53
BM-sheet_1-3351,beam,27.7361,0.0,24.831,2.47
BM-sheet_1-3352,beam,11.6854,0.0,10.458,1.04
BM-sheet_1-3353,beam,49.1302,0.0,43.958,4.37
BM-sheet_1-3354,beam,15.6366,0.0,13.986,1.39
BM-sheet_1-3355,beam,24.4256,0.0,21.841,2.17
BM-sheet_1-3356,beam,3.6041,0.0,3.222,0.32
BM-sheet_1-3357,beam,18.2565,0.0,16.315,1.62
BM-sheet_1-3358,beam,54.8022,0.0,48.96,4.86
BM-sheet_1-3359,beam,29.4483,0.0,26.301,2.61
BM-sheet_1-3360,beam,21.6196,0.0,19.303,1.915
BM-sheet_1-3361,beam,29.4834,0.0,26.317,2.61
BM-sheet_1-3362,beam,29.5009,0.0,26.324,2.61
BM-sheet_1-3363,beam,31.7805,0.0,28.35,2.81
BM-sheet_1-3364,beam,29.5361,0.0,26.34,2.61
BM-sheet_1-3365,beam,41.2165,0.0,36.746,3.64
BM-sheet_1-3366,beam,41.241,0.0,36.757,3.64
BM-sheet_1-3367,beam,28.0016,0.0,24.949,2.47
BM-sheet_1-3368,beam,3.5466,0.0,3.159,0.313
BM-sheet_1-3369,beam,8.2289,0.0,7.328,0.725
BM-sheet_1-3370,beam,10.7323,0.0,9.554,0.945
BM-sheet_1-3371,beam,8.4659,0.0,7.534,0.745
BM-sheet_1-3372,beam,11.6546,0.0,10.369,1.025
BM-sheet_1-3373,beam,32.4817,0.0,28.89,2.855
BM-sheet_1-3374,beam,14.4575,0.0,12.855,1.27
BM-sheet_1-3375,beam,13.0634,0.0,11.612,1.147
BM-sheet_1-3376,beam,51.0153,0.0,45.333,4.476
BM-sheet_1-3377,beam,34.7826,0.0,30.9,3.05
BM-sheet_1-3378,beam,3.6515,0.0,3.243,0.32
BM-sheet_1-3379,beam,3.9962,0.0,3.548,0.35
BM-sheet_1-3380,beam,30.9816,0.0,27.498,2.712
BM-sheet_1-3381,beam,20.7169,0.0,18.382,1.812
BM-sheet_1-3382,beam,70.1335,0.0,62.212,6.132
BM-sheet_1-3383,beam,25.0639,0.0,22.226,2.19
BM-sheet_1-3384,beam,42.0985,0.0,37.321,3.676
BM-sheet_1-3385,beam,14.3339,0.0,12.704,1.251
BM-sheet_1-3386,beam,31.9054,0.0,28.268,2.783
BM-sheet_1-3387,beam,30.9738,0.0,27.435,2.7
BM-sheet_1-3388,beam,4.0175,0.0,3.557,0.35
BM-sheet_1-3389,beam,4.1347,0.0,3.66,0.36
BM-sheet_1-3390,beam,5.7461,0.0,5.085,0.5
BM-sheet_1-3391,beam,4.7145,0.0,4.171,0.41
BM-sheet_1-3392,beam,94.9217,0.0,83.952,8.25
BM-sheet_1-3393,beam,5.9289,0.0,5.242,0.515
BM-sheet_1-3394,beam,16.7029,0.0,14.764,1.45
BM-sheet_1-3395,beam,14.0618,0.0,12.426,1.22
BM-sheet_1-3396,beam,33.2722,0.0,29.392,2.885
BM-sheet_1-3397,beam,42.4658,0.0,37.503,3.68
BM-sheet_1-3398,beam,3.6371,0.0,3.211,0.315
BM-sheet_1-3399,beam,16.1745,0.0,14.276,1.4
BM-sheet_1-3400,beam,13.5252,0.0,11.934,1.17
BM-sheet_1-3401,beam,9.8318,0.0,8.673,0.85
BM-sheet_1-3402,beam,8.7959,0.0,7.757,0.76
BM-sheet_1-3403,beam,5.2964,0.0,4.669,0.457
BM-sheet_1-3404,beam,9.4163,0.0,8.299,0.813
BM-sheet_1-3405,beam,18.5504,0.0,16.344,1.6
BM-sheet_1-3406,beam,6.3805,0.0,5.62,0.55
BM-sheet_1-3407,beam,6.094,0.0,5.366,0.525
BM-sheet_1-3408,beam,10.3369,0.0,9.099,0.89
BM-sheet_1-3409,beam,5.985,0.0,5.267,0.515
BM-sheet_1-3410,beam,16.8607,0.0,14.834,1.45
BM-sheet_1-3411,beam,14.1946,0.0,12.484,1.22
BM-sheet_1-3412,beam,23.4581,0.0,20.626,2.015
BM-sheet_1-3413,beam,3.7275,0.0,3.276,0.32
BM-sheet_1-3414,beam,13.6368,0.0,11.983,1.17
BM-sheet_1-3415,beam,9.9129,0.0,8.708,0.85
BM-sheet_1-3416,beam,8.8685,0.0,7.788,0.76
BM-sheet_1-3417,beam,21.6812,0.0,19.035,1.857
BM-sheet_1-3418,beam,4.6731,0.0,4.102,0.4
BM-sheet_1-3419,beam,6.137,0.0,5.385,0.525
BM-sheet_1-3420,beam,10.4098,0.0,9.131,0.89
BM-sheet_1-3421,beam,5.8516,0.0,5.131,0.5
BM-sheet_1-3422,beam,22.4834,0.0,19.711,1.92
BM-sheet_1-3423,beam,8.2019,0.0,7.188,0.7
BM-sheet_1-3424,beam,22.3924,0.0,19.62,1.91
BM-sheet_1-3425,beam,10.5576,0.0,9.247,0.9
BM-sheet_1-3426,beam,14.4371,0.0,12.642,1.23
BM-sheet_1-3427,beam,22.1968,0.0,19.431,1.89
BM-sheet_1-3428,beam,18.5081,0.0,16.197,1.575
BM-sheet_1-3429,beam,52.4409,0.0,45.88,4.46
BM-sheet_1-3430,beam,16.4709,0.0,14.406,1.4
BM-sheet_1-3431,beam,15.5387,0.0,13.587,1.32
BM-sheet_1-3432,beam,15.5478,0.0,13.591,1.32
BM-sheet_1-3433,beam,11.9033,0.0,10.402,1.01
BM-sheet_1-3434,beam,20.8725,0.0,18.235,1.77
BM-sheet_1-3435,beam,8.2595,0.0,7.214,0.7
BM-sheet_1-3436,beam,22.5496,0.0,19.688,1.91
BM-sheet_1-3437,beam,12.9943,0.0,11.342,1.1
BM-sheet_1-3438,beam,14.5384,0.0,12.686,1.23
BM-sheet_1-3439,beam,22.3525,0.0,19.499,1.89
BM-sheet_1-3440,beam,18.6379,0.0,16.254,1.575
BM-sheet_1-3441,beam,8.5251,0.0,7.433,0.72
BM-sheet_1-3442,beam,13.8614,0.0,12.081,1.17
BM-sheet_1-3443,beam,22.7602,0.0,19.832,1.92
BM-sheet_1-3444,beam,8.3028,0.0,7.232,0.7
BM-sheet_1-3445,beam,22.6679,0.0,19.74,1.91
BM-sheet_1-3446,beam,10.6874,0.0,9.304,0.9
BM-sheet_1-3447,beam,14.6146,0.0,12.719,1.23
BM-sheet_1-3448,beam,22.4697,0.0,19.55,1.89
BM-sheet_1-3449,beam,18.7356,0.0,16.297,1.575
BM-sheet_1-3450,beam,25.8284,0.0,22.459,2.17
BM-sheet_1-3451,beam,25.7839,0.0,22.414,2.165
BM-sheet_1-3452,beam,8.9372,0.0,7.767,0.75
BM-sheet_1-3453,beam,103.6723,0.0,90.072,8.695
BM-sheet_1-3454,beam,4.5161,0.0,3.922,0.379
BM-sheet_1-3455,beam,88.5188,0.0,76.861,7.415
BM-sheet_1-3456,beam,21.4954,0.0,18.659,1.8
BM-sheet_1-3457,beam,89.8514,0.0,77.973,7.518
BM-sheet_1-3458,beam,16.7392,0.0,14.522,1.4
BM-sheet_1-3459,beam,8.3753,0.0,7.264,0.7
BM-sheet_1-3460,beam,25.8587,0.0,22.421,2.16
BM-sheet_1-3461,beam,13.1764,0.0,11.421,1.1
BM-sheet_1-3462,beam,14.7421,0.0,12.775,1.23
BM-sheet_1-3463,beam,20.9866,0.0,18.181,1.75
BM-sheet_1-3464,beam,17.219,0.0,14.913,1.435
BM-sheet_1-3465,beam,27.3742,0.0,23.701,2.28
BM-sheet_1-3466,beam,5.0455,0.0,4.367,0.42
BM-sheet_1-3467,beam,17.7897,0.0,15.393,1.48
BM-sheet_1-3468,beam,17.8,0.0,15.398,1.48
BM-sheet_1-3469,beam,60.8918,0.0,52.659,5.06
BM-sheet_1-3470,beam,31.3063,0.0,27.066,2.6
BM-sheet_1-3471,beam,58.5525,0.0,50.607,4.86
BM-sheet_1-3472,beam,47.7369,0.0,41.247,3.96
BM-sheet_1-3473,beam,10.8556,0.0,9.377,0.9
BM-sheet_1-3474,beam,8.7498,0.0,7.556,0.725
BM-sheet_1-3475,beam,8.7548,0.0,7.558,0.725
BM-sheet_1-3476,beam,11.7805,0.0,10.167,0.975
BM-sheet_1-3477,beam,8.7649,0.0,7.562,0.725
BM-sheet_1-3478,beam,27.8219,0.0,23.998,2.3
BM-sheet_1-3479,beam,21.7862,0.0,18.787,1.8
BM-sheet_1-3480,beam,27.8539,0.0,24.012,2.3
BM-sheet_1-3481,beam,6.301,0.0,5.43,0.52
BM-sheet_1-3482,beam,29.7046,0.0,25.593,2.45
BM-sheet_1-3483,beam,4.3673,0.0,3.762,0.36
BM-sheet_1-3484,beam,94.6784,0.0,81.526,7.8
BM-sheet_1-3485,beam,5.101,0.0,4.391,0.42
BM-sheet_1-3486,beam,5.1039,0.0,4.392,0.42
BM-sheet_1-3487,beam,59.0936,0.0,50.84,4.86
BM-sheet_1-3488,beam,8.1513,0.0,7.011,0.67
BM-sheet_1-3489,beam,61.596,0.0,52.963,5.06
BM-sheet_1-3490,beam,12.4237,0.0,10.679,1.02
BM-sheet_1-3491,beam,46.7984,0.0,40.216,3.84
BM-sheet_1-3492,beam,18.0472,0.0,15.504,1.48
BM-sheet_1-3493,beam,11.896,0.0,10.217,0.975
BM-sheet_1-3494,beam,8.8508,0.0,7.599,0.725
BM-sheet_1-3495,beam,9.4056,0.0,8.073,0.77
BM-sheet_1-3496,beam,30.555,0.0,26.22,2.5
BM-sheet_1-3497,beam,28.1267,0.0,24.129,2.3
BM-sheet_1-3498,beam,22.0248,0.0,18.889,1.8
BM-sheet_1-3499,beam,28.1589,0.0,24.143,2.3
BM-sheet_1-3500,beam,30.0125,0.0,25.725,2.45
BM-sheet_1-3501,beam,31.8682,0.0,27.308,2.6
BM-sheet_1-3502,beam,8.8914,0.0,7.617,0.725
BM-sheet_1-3503,beam,8.8965,0.0,7.619,0.725
BM-sheet_1-3504,beam,18.1715,0.0,15.558,1.48
BM-sheet_1-3505,beam,8.231,0.0,7.045,0.67
BM-sheet_1-3506,beam,5.1627,0.0,4.418,0.42
BM-sheet_1-3507,beam,18.2026,0.0,15.571,1.48
BM-sheet_1-3508,beam,18.213,0.0,15.576,1.48
BM-sheet_1-3509,beam,62.3042,0.0,53.267,5.06
BM-sheet_1-3510,beam,32.0323,0.0,27.378,2.6
BM-sheet_1-3511,beam,59.9098,0.0,51.19,4.86
BM-sheet_1-3512,beam,22.2015,0.0,18.965,1.8
BM-sheet_1-3513,beam,48.871,0.0,41.734,3.96
BM-sheet_1-3514,beam,11.1134,0.0,9.488,0.9
BM-sheet_1-3515,beam,8.9575,0.0,7.645,0.725
BM-sheet_1-3516,beam,8.9626,0.0,7.647,0.725
BM-sheet_1-3517,beam,12.0601,0.0,10.287,0.975
BM-sheet_1-3518,beam,8.9728,0.0,7.652,0.725
BM-sheet_1-3519,beam,14.0073,0.0,11.941,1.131
BM-sheet_1-3520,beam,28.4979,0.0,24.288,2.3
BM-sheet_1-3521,beam,28.5141,0.0,24.295,2.3
BM-sheet_1-3522,beam,6.4503,0.0,5.494,0.52
BM-sheet_1-3523,beam,30.4082,0.0,25.894,2.45
BM-sheet_1-3524,beam,5.2158,0.0,4.44,0.42
BM-sheet_1-3525,beam,5.2188,0.0,4.442,0.42
BM-sheet_1-3526,beam,8.7029,0.0,7.405,0.7
BM-sheet_1-3527,beam,28.9846,0.0,24.654,2.33
BM-sheet_1-3528,beam,11.2021,0.0,9.526,0.9
BM-sheet_1-3529,beam,5.7768,0.0,4.911,0.464
BM-sheet_1-3530,beam,23.5511,0.0,20.015,1.89
BM-sheet_1-3531,beam,19.637,0.0,16.684,1.575
BM-sheet_1-3532,beam,55.6386,0.0,47.258,4.46
BM-sheet_1-3533,beam,1155.7406,0.0,981.382,92.592
BM-sheet_1-3534,beam,23.8543,0.0,20.25,1.91
BM-sheet_1-3535,beam,13.7458,0.0,11.665,1.1
BM-sheet_1-3536,beam,5.2514,0.0,4.455,0.42
BM-sheet_1-3537,beam,18.5153,0.0,15.704,1.48
BM-sheet_1-3538,beam,18.5258,0.0,15.709,1.48
BM-sheet_1-3539,beam,63.3741,0.0,53.722,5.06
BM-sheet_1-3540,beam,32.5822,0.0,27.612,2.6
BM-sheet_1-3541,beam,60.938,0.0,51.628,4.86
BM-sheet_1-3542,beam,49.6812,0.0,42.079,3.96
BM-sheet_1-3543,beam,11.2976,0.0,9.566,0.9
BM-sheet_1-3544,beam,9.106,0.0,7.708,0.725
BM-sheet_1-3545,beam,9.1111,0.0,7.71,0.725
BM-sheet_1-3546,beam,12.2598,0.0,10.372,0.975
BM-sheet_1-3547,beam,9.1214,0.0,7.715,0.725
BM-sheet_1-3548,beam,28.9531,0.0,24.481,2.3
BM-sheet_1-3549,beam,22.6717,0.0,19.165,1.8
BM-sheet_1-3550,beam,31.5063,0.0,26.625,2.5
BM-sheet_1-3551,beam,29.0021,0.0,24.502,2.3
BM-sheet_1-3552,beam,6.5607,0.0,5.541,0.52
BM-sheet_1-3553,beam,30.9283,0.0,26.115,2.45
BM-sheet_1-3554,beam,5.305,0.0,4.478,0.42
BM-sheet_1-3555,beam,109.9508,0.0,92.786,8.7
BM-sheet_1-3556,beam,8.8516,0.0,7.468,0.7
BM-sheet_1-3557,beam,29.4797,0.0,24.863,2.33
BM-sheet_1-3558,beam,11.3934,0.0,9.607,0.9
BM-sheet_1-3559,beam,65.8803,0.0,55.533,5.201
BM-sheet_1-3560,beam,19.9609,0.0,16.821,1.575
BM-sheet_1-3561,beam,56.556,0.0,47.646,4.46
BM-sheet_1-3562,beam,38.3807,0.0,32.325,3.025
BM-sheet_1-3563,beam,37.6406,0.0,31.693,2.965
BM-sheet_1-3564,beam,8.8915,0.0,7.484,0.7
BM-sheet_1-3565,beam,16.7762,0.0,14.117,1.32
BM-sheet_1-3566,beam,16.7856,0.0,14.121,1.32
BM-sheet_1-3567,beam,67.4491,0.0,56.728,5.301
BM-sheet_1-3568,beam,8.9114,0.0,7.493,0.7
BM-sheet_1-3569,beam,24.3291,0.0,20.45,1.91
BM-sheet_1-3570,beam,14.0194,0.0,11.781,1.1
BM-sheet_1-3571,beam,31.8801,0.0,26.782,2.5
BM-sheet_1-3572,beam,15.6938,0.0,13.181,1.23
BM-sheet_1-3573,beam,24.1284,0.0,20.259,1.89
BM-sheet_1-3574,beam,20.1182,0.0,16.887,1.575
BM-sheet_1-3575,beam,127.8063,0.0,107.25,10.0
BM-sheet_1-3576,beam,31.5858,0.0,26.498,2.47
BM-sheet_1-3577,beam,64.7423,0.0,54.299,5.06
BM-sheet_1-3578,beam,9.8576,0.0,8.265,0.77
BM-sheet_1-3579,beam,5.3799,0.0,4.51,0.42
BM-sheet_1-3580,beam,18.9683,0.0,15.895,1.48
BM-sheet_1-3581,beam,18.9789,0.0,15.9,1.48
BM-sheet_1-3582,beam,64.9235,0.0,54.375,5.06
BM-sheet_1-3583,beam,33.3785,0.0,27.947,2.6
BM-sheet_1-3584,beam,62.427,0.0,52.255,4.86
BM-sheet_1-3585,beam,50.8948,0.0,42.59,3.96
BM-sheet_1-3586,beam,11.5735,0.0,9.682,0.9
BM-sheet_1-3587,beam,9.3283,0.0,7.802,0.725
BM-sheet_1-3588,beam,9.3335,0.0,7.804,0.725
BM-sheet_1-3589,beam,12.5589,0.0,10.498,0.975
BM-sheet_1-3590,beam,9.3439,0.0,7.808,0.725
BM-sheet_1-3591,beam,10.0435,0.0,8.391,0.779
BM-sheet_1-3592,beam,96.7685,0.0,80.82,7.5
BM-sheet_1-3593,beam,29.6922,0.0,24.792,2.3
BM-sheet_1-3594,beam,23.2503,0.0,19.408,1.8
BM-sheet_1-3595,beam,32.3101,0.0,26.963,2.5
BM-sheet_1-3596,beam,29.7418,0.0,24.812,2.3
BM-sheet_1-3597,beam,6.728,0.0,5.611,0.52
BM-sheet_1-3598,beam,31.7167,0.0,26.445,2.45
BM-sheet_1-3599,beam,5.4402,0.0,4.535,0.42
BM-sheet_1-3600,beam,11.34,0.0,9.45,0.875
BM-sheet_1-3601,beam,31.7696,0.0,26.467,2.45
BM-sheet_1-3602,beam,29.8411,0.0,24.854,2.3
BM-sheet_1-3603,beam,9.4117,0.0,7.837,0.725
BM-sheet_1-3604,beam,29.8743,0.0,24.868,2.3
BM-sheet_1-3605,beam,9.4221,0.0,7.841,0.725
BM-sheet_1-3606,beam,12.028,0.0,10.007,0.925
BM-sheet_1-3607,beam,19.2555,0.0,16.015,1.48
BM-sheet_1-3608,beam,19.2661,0.0,16.02,1.48
BM-sheet_1-3609,beam,33.8647,0.0,28.15,2.6
BM-sheet_1-3610,beam,33.8835,0.0,28.158,2.6
BM-sheet_1-3611,beam,114.4852,0.0,95.114,8.78
BM-sheet_1-3612,beam,5.2186,0.0,4.334,0.4
BM-sheet_1-3613,beam,39.814,0.0,33.059,3.05
BM-sheet_1-3614,beam,30.4321,0.0,25.262,2.33
BM-sheet_1-3615,beam,58.2843,0.0,48.369,4.46
BM-sheet_1-3616,beam,385.726,0.0,320.016,29.5
BM-sheet_1-3617,beam,9.1579,0.0,7.596,0.7
BM-sheet_1-3618,beam,25.0018,0.0,20.731,1.91
BM-sheet_1-3619,beam,25.0156,0.0,20.737,1.91
BM-sheet_1-3620,beam,15.0701,0.0,12.489,1.15
BM-sheet_1-3621,beam,14.4228,0.0,11.949,1.1
BM-sheet_1-3622,beam,16.1362,0.0,13.365,1.23
BM-sheet_1-3623,beam,24.8084,0.0,20.542,1.89
BM-sheet_1-3624,beam,20.6851,0.0,17.123,1.575
BM-sheet_1-3625,beam,9.1984,0.0,7.613,0.7
BM-sheet_1-3626,beam,30.6346,0.0,25.346,2.33
BM-sheet_1-3627,beam,11.8396,0.0,9.793,0.9
BM-sheet_1-3628,beam,16.1897,0.0,13.387,1.23
BM-sheet_1-3629,beam,24.8906,0.0,20.576,1.89
BM-sheet_1-3630,beam,20.7536,0.0,17.152,1.575
BM-sheet_1-3631,beam,58.8014,0.0,48.583,4.46
BM-sheet_1-3632,beam,424.779,0.0,350.864,32.201
BM-sheet_1-3633,beam,9.2391,0.0,7.629,0.7
BM-sheet_1-3634,beam,25.2234,0.0,20.823,1.91
BM-sheet_1-3635,beam,14.5345,0.0,11.995,1.1
BM-sheet_1-3636,beam,16.2612,0.0,13.417,1.23
BM-sheet_1-3637,beam,25.0005,0.0,20.622,1.89
BM-sheet_1-3638,beam,20.8452,0.0,17.19,1.575
BM-sheet_1-3639,beam,6.8198,0.0,5.622,0.515
BM-sheet_1-3640,beam,17.622,0.0,14.524,1.33
BM-sheet_1-3641,beam,29.364,0.0,24.194,2.215
BM-sheet_1-3642,beam,23.0796,0.0,19.011,1.74
BM-sheet_1-3643,beam,83.6101,0.0,68.853,6.3
BM-sheet_1-3644,beam,4.1828,0.0,3.444,0.315
BM-sheet_1-3645,beam,30.0264,0.0,24.713,2.26
BM-sheet_1-3646,beam,15.5532,0.0,12.797,1.17
BM-sheet_1-3647,beam,11.3055,0.0,9.3,0.85
BM-sheet_1-3648,beam,10.114,0.0,8.317,0.76
BM-sheet_1-3649,beam,18.9076,0.0,15.545,1.42
BM-sheet_1-3650,beam,21.316,0.0,17.52,1.6
BM-sheet_1-3651,beam,7.3314,0.0,6.024,0.55
BM-sheet_1-3652,beam,111.6316,0.0,91.702,8.37
BM-sheet_1-3653,beam,133.4441,0.0,109.59,10.0
BM-sheet_1-3654,beam,4.8066,0.0,3.946,0.36
BM-sheet_1-3655,beam,16.6988,0.0,13.706,1.25
BM-sheet_1-3656,beam,4.2772,0.0,3.51,0.32
BM-sheet_1-3657,beam,19.793,0.0,16.237,1.48
BM-sheet_1-3658,beam,19.8038,0.0,16.242,1.48
BM-sheet_1-3659,beam,67.7447,0.0,55.544,5.06
BM-sheet_1-3660,beam,34.8286,0.0,28.548,2.6
BM-sheet_1-3661,beam,53.0756,0.0,43.493,3.96
BM-sheet_1-3662,beam,9.7224,0.0,7.965,0.725
BM-sheet_1-3663,beam,9.7277,0.0,7.967,0.725
BM-sheet_1-3664,beam,13.0893,0.0,10.717,0.975
BM-sheet_1-3665,beam,9.7384,0.0,7.971,0.725
BM-sheet_1-3666,beam,30.911,0.0,25.295,2.3
BM-sheet_1-3667,beam,24.2044,0.0,19.802,1.8
BM-sheet_1-3668,beam,33.6356,0.0,27.51,2.5
BM-sheet_1-3669,beam,30.9616,0.0,25.316,2.3
BM-sheet_1-3670,beam,7.0038,0.0,5.725,0.52
BM-sheet_1-3671,beam,65.4945,0.0,53.523,4.86
BM-sheet_1-3672,beam,33.0348,0.0,26.989,2.45
BM-sheet_1-3673,beam,5.6662,0.0,4.628,0.42
BM-sheet_1-3674,beam,19.9774,0.0,16.313,1.48
BM-sheet_1-3675,beam,19.9883,0.0,16.317,1.48
BM-sheet_1-3676,beam,68.3757,0.0,55.802,5.06
BM-sheet_1-3677,beam,35.1529,0.0,28.681,2.6
BM-sheet_1-3678,beam,65.7445,0.0,53.625,4.86
BM-sheet_1-3679,beam,53.5988,0.0,43.707,3.96
BM-sheet_1-3680,beam,12.1882,0.0,9.936,0.9
BM-sheet_1-3681,beam,133.6006,0.0,108.884,9.86
BM-sheet_1-3682,beam,9.8289,0.0,8.008,0.725
BM-sheet_1-3683,beam,9.8343,0.0,8.011,0.725
BM-sheet_1-3684,beam,13.2326,0.0,10.776,0.975
BM-sheet_1-3685,beam,9.8449,0.0,8.015,0.725
BM-sheet_1-3686,beam,31.2492,0.0,25.433,2.3
BM-sheet_1-3687,beam,24.4691,0.0,19.91,1.8
BM-sheet_1-3688,beam,34.0034,0.0,27.66,2.5
BM-sheet_1-3689,beam,31.3001,0.0,25.454,2.3
BM-sheet_1-3690,beam,7.0804,0.0,5.756,0.52
BM-sheet_1-3691,beam,33.3775,0.0,27.129,2.45
BM-sheet_1-3692,beam,5.725,0.0,4.652,0.42
BM-sheet_1-3693,beam,54.1438,0.0,43.984,3.97
BM-sheet_1-3694,beam,59.9043,0.0,48.65,4.39
BM-sheet_1-3695,beam,71.6784,0.0,58.196,5.25
BM-sheet_1-3696,beam,17.0755,0.0,13.86,1.25
BM-sheet_1-3697,beam,4.3054,0.0,3.494,0.315
BM-sheet_1-3698,beam,9.9829,0.0,8.099,0.73
BM-sheet_1-3699,beam,8.4832,0.0,6.88,0.62
BM-sheet_1-3700,beam,16.8387,0.0,13.653,1.23
BM-sheet_1-3701,beam,8.7663,0.0,7.106,0.64
BM-sheet_1-3702,beam,31.384,0.0,25.433,2.29
BM-sheet_1-3703,beam,51.695,0.0,41.881,3.77
BM-sheet_1-3704,beam,6.7912,0.0,5.5,0.495
BM-sheet_1-3705,beam,4.9417,0.0,4.001,0.36
BM-sheet_1-3706,beam,19.7776,0.0,16.01,1.44
BM-sheet_1-3707,beam,15.7344,0.0,12.734,1.145
BM-sheet_1-3708,beam,15.9491,0.0,12.904,1.16
BM-sheet_1-3709,beam,87.6301,0.0,70.879,6.37
BM-sheet_1-3710,beam,14.5899,0.0,11.798,1.06
BM-sheet_1-3711,beam,20.1064,0.0,16.254,1.46
BM-sheet_1-3712,beam,20.3928,0.0,16.481,1.48
BM-sheet_1-3713,beam,24.8155,0.0,20.05,1.8
BM-sheet_1-3714,beam,31.7257,0.0,25.627,2.3
BM-sheet_1-3715,beam,68.4541,0.0,55.279,4.96
BM-sheet_1-3716,beam,35.9025,0.0,28.985,2.6
BM-sheet_1-3717,beam,65.7646,0.0,53.079,4.76
BM-sheet_1-3718,beam,15.8279,0.0,12.771,1.145
BM-sheet_1-3719,beam,33.8859,0.0,27.335,2.45
BM-sheet_1-3720,beam,10.0328,0.0,8.091,0.725
BM-sheet_1-3721,beam,10.0382,0.0,8.093,0.725
BM-sheet_1-3722,beam,10.0436,0.0,8.095,0.725
BM-sheet_1-3723,beam,13.5142,0.0,10.89,0.975
BM-sheet_1-3724,beam,31.8968,0.0,25.696,2.3
BM-sheet_1-3725,beam,31.8446,0.0,25.647,2.295
BM-sheet_1-3726,beam,10.4123,0.0,8.384,0.75
BM-sheet_1-3727,beam,32.7122,0.0,26.331,2.355
BM-sheet_1-3728,beam,84.6387,0.0,68.111,6.09
BM-sheet_1-3729,beam,45.3317,0.0,36.47,3.26
BM-sheet_1-3730,beam,48.0154,0.0,38.618,3.451
BM-sheet_1-3731,beam,121.0375,0.0,97.323,8.695
BM-sheet_1-3732,beam,70.4748,0.0,56.652,5.06
BM-sheet_1-3733,beam,53.5115,0.0,43.004,3.84
BM-sheet_1-3734,beam,20.6353,0.0,16.579,1.48
BM-sheet_1-3735,beam,13.6015,0.0,10.925,0.975
BM-sheet_1-3736,beam,10.1193,0.0,8.126,0.725
BM-sheet_1-3737,beam,34.9129,0.0,28.027,2.5
BM-sheet_1-3738,beam,32.1371,0.0,25.792,2.3
BM-sheet_1-3739,beam,10.1356,0.0,8.132,0.725
BM-sheet_1-3740,beam,10.141,0.0,8.134,0.725
BM-sheet_1-3741,beam,20.7127,0.0,16.61,1.48
BM-sheet_1-3742,beam,103.6192,0.0,83.073,7.4
BM-sheet_1-3743,beam,23.2567,0.0,18.64,1.66
BM-sheet_1-3744,beam,14.2979,0.0,11.457,1.02
BM-sheet_1-3745,beam,36.9559,0.0,29.604,2.635
BM-sheet_1-3746,beam,51.6397,0.0,41.356,3.68
BM-sheet_1-3747,beam,6.318,0.0,5.058,0.45
BM-sheet_1-3748,beam,19.6665,0.0,15.742,1.4
BM-sheet_1-3749,beam,14.4605,0.0,11.571,1.029
BM-sheet_1-3750,beam,20.8125,0.0,16.65,1.48
BM-sheet_1-3751,beam,9.1455,0.0,7.314,0.65
BM-sheet_1-3752,beam,11.5436,0.0,9.23,0.82
BM-sheet_1-3753,beam,31.1983,0.0,24.939,2.215
BM-sheet_1-3754,beam,4.4391,0.0,3.548,0.315
BM-sheet_1-3755,beam,16.497,0.0,13.18,1.17
BM-sheet_1-3756,beam,11.9914,0.0,9.578,0.85
BM-sheet_1-3757,beam,7.7633,0.0,6.199,0.55
BM-sheet_1-3758,beam,40.7436,0.0,32.525,2.885
BM-sheet_1-3759,beam,51.9987,0.0,41.499,3.68
BM-sheet_1-3760,beam,4.4533,0.0,3.553,0.315
BM-sheet_1-3761,beam,19.8032,0.0,15.796,1.4
BM-sheet_1-3762,beam,16.5586,0.0,13.205,1.17
BM-sheet_1-3763,beam,12.0361,0.0,9.596,0.85
BM-sheet_1-3764,beam,10.7674,0.0,8.582,0.76
BM-sheet_1-3765,beam,10.7732,0.0,8.584,0.76
BM-sheet_1-3766,beam,19.4304,0.0,15.478,1.37
BM-sheet_1-3767,beam,22.7045,0.0,18.082,1.6
BM-sheet_1-3768,beam,7.8088,0.0,6.217,0.55
BM-sheet_1-3769,beam,14.4895,0.0,11.533,1.02
BM-sheet_1-3770,beam,17.3397,0.0,13.798,1.22
BM-sheet_1-3771,beam,28.6542,0.0,22.796,2.015
BM-sheet_1-3772,beam,4.553,0.0,3.621,0.32
BM-sheet_1-3773,beam,16.6556,0.0,13.243,1.17
BM-sheet_1-3774,beam,9.7017,0.0,7.712,0.681
BM-sheet_1-3775,beam,10.8305,0.0,8.607,0.76
BM-sheet_1-3776,beam,25.237,0.0,20.051,1.77
BM-sheet_1-3777,beam,5.7063,0.0,4.532,0.4
BM-sheet_1-3778,beam,13.8451,0.0,10.994,0.97
BM-sheet_1-3779,beam,38.3441,0.0,30.44,2.685
BM-sheet_1-3780,beam,52.5813,0.0,41.731,3.68
BM-sheet_1-3781,beam,4.5747,0.0,3.63,0.32
BM-sheet_1-3782,beam,20.0249,0.0,15.884,1.4
BM-sheet_1-3783,beam,16.744,0.0,13.278,1.17
BM-sheet_1-3784,beam,12.1709,0.0,9.649,0.85
BM-sheet_1-3785,beam,10.8879,0.0,8.63,0.76
BM-sheet_1-3786,beam,20.354,0.0,16.128,1.42
BM-sheet_1-3787,beam,5.7365,0.0,4.544,0.4
BM-sheet_1-3788,beam,54.9565,0.0,43.524,3.83
BM-sheet_1-3789,beam,17.9457,0.0,14.209,1.25
BM-sheet_1-3790,beam,84.6764,0.0,67.026,5.895
BM-sheet_1-3791,beam,92.6255,0.0,73.299,6.445
BM-sheet_1-3792,beam,28.7585,0.0,22.752,2.0
BM-sheet_1-3793,beam,72.7975,0.0,57.578,5.06
BM-sheet_1-3794,beam,14.6823,0.0,11.61,1.02
BM-sheet_1-3795,beam,55.3038,0.0,43.718,3.84
BM-sheet_1-3796,beam,21.3262,0.0,16.854,1.48
BM-sheet_1-3797,beam,14.0568,0.0,11.106,0.975
BM-sheet_1-3798,beam,10.458,0.0,8.261,0.725
BM-sheet_1-3799,beam,47.194,0.0,37.268,3.27
BM-sheet_1-3800,beam,55.8828,0.0,44.118,3.87
BM-sheet_1-3801,beam,36.119,0.0,28.508,2.5
BM-sheet_1-3802,beam,33.247,0.0,26.234,2.3
BM-sheet_1-3803,beam,10.4855,0.0,8.272,0.725
BM-sheet_1-3804,beam,10.4911,0.0,8.274,0.725
BM-sheet_1-3805,beam,21.4275,0.0,16.894,1.48
BM-sheet_1-3806,beam,9.7054,0.0,7.65,0.67
BM-sheet_1-3807,beam,73.3358,0.0,57.79,5.06
BM-sheet_1-3808,beam,14.7909,0.0,11.652,1.02
BM-sheet_1-3809,beam,55.7126,0.0,43.88,3.84
BM-sheet_1-3810,beam,21.4838,0.0,16.916,1.48
BM-sheet_1-3811,beam,14.1606,0.0,11.147,0.975
BM-sheet_1-3812,beam,10.5352,0.0,8.291,0.725
BM-sheet_1-3813,beam,36.3474,0.0,28.598,2.5
BM-sheet_1-3814,beam,33.4572,0.0,26.317,2.3
BM-sheet_1-3815,beam,10.5518,0.0,8.298,0.725
BM-sheet_1-3816,beam,10.5573,0.0,8.3,0.725
BM-sheet_1-3817,beam,21.5628,0.0,16.947,1.48
BM-sheet_1-3818,beam,9.7667,0.0,7.674,0.67
BM-sheet_1-3819,beam,55.8596,0.0,43.88,3.83
BM-sheet_1-3820,beam,17.8027,0.0,13.981,1.22
BM-sheet_1-3821,beam,32.3391,0.0,25.391,2.215
BM-sheet_1-3822,beam,4.6014,0.0,3.612,0.315
BM-sheet_1-3823,beam,25.8691,0.0,20.3,1.77
BM-sheet_1-3824,beam,17.1089,0.0,13.422,1.17
BM-sheet_1-3825,beam,12.436,0.0,9.754,0.85
BM-sheet_1-3826,beam,11.1251,0.0,8.723,0.76
BM-sheet_1-3827,beam,23.4335,0.0,18.37,1.6
BM-sheet_1-3828,beam,8.0595,0.0,6.316,0.55
BM-sheet_1-3829,beam,375.4011,0.0,294.125,25.605
BM-sheet_1-3830,beam,19.5096,0.0,15.282,1.33
BM-sheet_1-3831,beam,32.5086,0.0,25.457,2.215
BM-sheet_1-3832,beam,25.5505,0.0,20.003,1.74
BM-sheet_1-3833,beam,88.8859,0.0,69.569,6.05
BM-sheet_1-3834,beam,4.6304,0.0,3.623,0.315
BM-sheet_1-3835,beam,14.7072,0.0,11.505,1.0
BM-sheet_1-3836,beam,17.6579,0.0,13.81,1.2
BM-sheet_1-3837,beam,8.0974,0.0,6.331,0.55
BM-sheet_1-3838,beam,19.5912,0.0,15.314,1.33
BM-sheet_1-3839,beam,32.6445,0.0,25.51,2.215
BM-sheet_1-3840,beam,25.6573,0.0,20.045,1.74
BM-sheet_1-3841,beam,67.1274,0.0,52.43,4.55
BM-sheet_1-3842,beam,4.6497,0.0,3.631,0.315
BM-sheet_1-3843,beam,5.6121,0.0,4.381,0.38
BM-sheet_1-3844,beam,5.615,0.0,4.382,0.38
BM-sheet_1-3845,beam,19.2193,0.0,14.996,1.3
BM-sheet_1-3846,beam,8.1354,0.0,6.346,0.55
BM-sheet_1-3847,beam,8.2137,0.0,6.405,0.555
BM-sheet_1-3848,beam,23.0991,0.0,18.009,1.56
BM-sheet_1-3849,beam,9.6296,0.0,7.506,0.65
BM-sheet_1-3850,beam,20.0104,0.0,15.593,1.35
BM-sheet_1-3851,beam,18.5378,0.0,14.441,1.25
BM-sheet_1-3852,beam,4.6739,0.0,3.64,0.315
BM-sheet_1-3853,beam,4.8991,0.0,3.814,0.33
BM-sheet_1-3854,beam,37.5789,0.0,29.252,2.53
BM-sheet_1-3855,beam,30.3165,0.0,23.593,2.04
BM-sheet_1-3856,beam,25.4255,0.0,19.781,1.71
BM-sheet_1-3857,beam,30.1992,0.0,23.489,2.03
BM-sheet_1-3858,beam,18.1587,0.0,14.12,1.22
BM-sheet_1-3859,beam,37.6765,0.0,29.29,2.53
BM-sheet_1-3860,beam,29.6502,0.0,23.044,1.99
BM-sheet_1-3861,beam,5.5157,0.0,4.286,0.37
BM-sheet_1-3862,beam,8.2778,0.0,6.43,0.555
BM-sheet_1-3863,beam,18.8027,0.0,14.602,1.26
BM-sheet_1-3864,beam,19.8576,0.0,15.417,1.33
BM-sheet_1-3865,beam,33.0882,0.0,25.683,2.215
BM-sheet_1-3866,beam,25.2587,0.0,19.601,1.69
BM-sheet_1-3867,beam,4.7104,0.0,3.654,0.315
BM-sheet_1-3868,beam,51.5359,0.0,39.971,3.445
BM-sheet_1-3869,beam,17.5139,0.0,13.58,1.17
BM-sheet_1-3870,beam,95.0284,0.0,73.665,6.345
BM-sheet_1-3871,beam,8.2416,0.0,6.387,0.55
BM-sheet_1-3872,beam,5.2473,0.0,4.066,0.35
BM-sheet_1-3873,beam,18.7502,0.0,14.524,1.25
BM-sheet_1-3874,beam,4.7275,0.0,3.661,0.315
BM-sheet_1-3875,beam,4.9552,0.0,3.836,0.33
BM-sheet_1-3876,beam,39.0608,0.0,30.233,2.6
BM-sheet_1-3877,beam,34.4213,0.0,26.635,2.29
BM-sheet_1-3878,beam,7.4442,0.0,5.759,0.495
BM-sheet_1-3879,beam,23.4728,0.0,18.154,1.56
BM-sheet_1-3880,beam,22.2805,0.0,17.227,1.48
BM-sheet_1-3881,beam,34.643,0.0,26.779,2.3
BM-sheet_1-3882,beam,74.7468,0.0,57.764,4.96
BM-sheet_1-3883,beam,36.6388,0.0,28.307,2.43
BM-sheet_1-3884,beam,71.8068,0.0,55.464,4.76
BM-sheet_1-3885,beam,27.1678,0.0,20.979,1.8
BM-sheet_1-3886,beam,17.2906,0.0,13.348,1.145
BM-sheet_1-3887,beam,37.0165,0.0,28.569,2.45
BM-sheet_1-3888,beam,10.9595,0.0,8.456,0.725
BM-sheet_1-3889,beam,10.9651,0.0,8.459,0.725
BM-sheet_1-3890,beam,10.9708,0.0,8.461,0.725
BM-sheet_1-3891,beam,14.7614,0.0,11.381,0.975
BM-sheet_1-3892,beam,34.8396,0.0,26.855,2.3
BM-sheet_1-3893,beam,37.8886,0.0,29.198,2.5
BM-sheet_1-3894,beam,34.7996,0.0,26.81,2.295
BM-sheet_1-3895,beam,95.5016,0.0,73.557,6.295
BM-sheet_1-3896,beam,19.7325,0.0,15.194,1.3
BM-sheet_1-3897,beam,33.6383,0.0,25.896,2.215
BM-sheet_1-3898,beam,44.5196,0.0,34.263,2.93
BM-sheet_1-3899,beam,35.1931,0.0,27.079,2.315
BM-sheet_1-3900,beam,38.6407,0.0,29.724,2.54
BM-sheet_1-3901,beam,22.5223,0.0,17.32,1.48
BM-sheet_1-3902,beam,35.0189,0.0,26.924,2.3
BM-sheet_1-3903,beam,39.6069,0.0,30.443,2.6
BM-sheet_1-3904,beam,27.4342,0.0,21.082,1.8
BM-sheet_1-3905,beam,17.4601,0.0,13.414,1.145
BM-sheet_1-3906,beam,37.3792,0.0,28.709,2.45
BM-sheet_1-3907,beam,11.0669,0.0,8.498,0.725
BM-sheet_1-3908,beam,11.0725,0.0,8.5,0.725
BM-sheet_1-3909,beam,11.0782,0.0,8.502,0.725
BM-sheet_1-3910,beam,14.9059,0.0,11.437,0.975
BM-sheet_1-3911,beam,35.1806,0.0,26.986,2.3
BM-sheet_1-3912,beam,132.3009,0.0,101.458,8.645
BM-sheet_1-3913,beam,72.8831,0.0,55.878,4.76
BM-sheet_1-3914,beam,75.9842,0.0,58.24,4.96
BM-sheet_1-3915,beam,22.6843,0.0,17.383,1.48
BM-sheet_1-3916,beam,27.6031,0.0,21.146,1.8
BM-sheet_1-3917,beam,35.2886,0.0,27.027,2.3
BM-sheet_1-3918,beam,76.1396,0.0,58.3,4.96
BM-sheet_1-3919,beam,39.9323,0.0,30.568,2.6
BM-sheet_1-3920,beam,48.4042,0.0,37.044,3.15
BM-sheet_1-3921,beam,73.1814,0.0,55.992,4.76
BM-sheet_1-3922,beam,17.6125,0.0,13.472,1.145
BM-sheet_1-3923,beam,37.7053,0.0,28.834,2.45
BM-sheet_1-3924,beam,11.1634,0.0,8.535,0.725
BM-sheet_1-3925,beam,11.1691,0.0,8.537,0.725
BM-sheet_1-3926,beam,11.1748,0.0,8.539,0.725
BM-sheet_1-3927,beam,15.0358,0.0,11.486,0.975
BM-sheet_1-3928,beam,35.4871,0.0,27.103,2.3
BM-sheet_1-3929,beam,35.428,0.0,27.051,2.295
BM-sheet_1-3930,beam,44.018,0.0,33.601,2.85
BM-sheet_1-3931,beam,24.7244,0.0,18.869,1.6
BM-sheet_1-3932,beam,29.6844,0.0,22.648,1.92
BM-sheet_1-3933,beam,10.8279,0.0,8.259,0.7
BM-sheet_1-3934,beam,33.4289,0.0,25.492,2.16
BM-sheet_1-3935,beam,13.9358,0.0,10.624,0.9
BM-sheet_1-3936,beam,38.7302,0.0,29.52,2.5
BM-sheet_1-3937,beam,24.4125,0.0,18.602,1.575
BM-sheet_1-3938,beam,70.4056,0.0,53.636,4.54
BM-sheet_1-3939,beam,46.9351,0.0,35.746,3.025
BM-sheet_1-3940,beam,36.7133,0.0,27.954,2.365
BM-sheet_1-3941,beam,25.9376,0.0,19.744,1.67
BM-sheet_1-3942,beam,10.8776,0.0,8.278,0.7
BM-sheet_1-3943,beam,29.6952,0.0,22.593,1.91
BM-sheet_1-3944,beam,17.1106,0.0,13.015,1.1
BM-sheet_1-3945,beam,38.9076,0.0,29.587,2.5
BM-sheet_1-3946,beam,19.1522,0.0,14.561,1.23
BM-sheet_1-3947,beam,8.0231,0.0,6.098,0.515
BM-sheet_1-3948,beam,22.6007,0.0,17.174,1.45
BM-sheet_1-3949,beam,20.7408,0.0,15.757,1.33
BM-sheet_1-3950,beam,34.5595,0.0,26.248,2.215
BM-sheet_1-3951,beam,27.1621,0.0,20.624,1.74
BM-sheet_1-3952,beam,94.4907,0.0,71.729,6.05
BM-sheet_1-3953,beam,4.9223,0.0,3.736,0.315
BM-sheet_1-3954,beam,25.0146,0.0,18.979,1.6
BM-sheet_1-3955,beam,8.6031,0.0,6.526,0.55
BM-sheet_1-3956,beam,8.2162,0.0,6.231,0.525
BM-sheet_1-3957,beam,13.9355,0.0,10.565,0.89
BM-sheet_1-3958,beam,7.8329,0.0,5.937,0.5
BM-sheet_1-3959,beam,19.5921,0.0,14.846,1.25
BM-sheet_1-3960,beam,8.7033,0.0,6.593,0.555
BM-sheet_1-3961,beam,19.7688,0.0,14.973,1.26
BM-sheet_1-3962,beam,13.0289,0.0,9.865,0.83
BM-sheet_1-3963,beam,32.039,0.0,24.254,2.04
BM-sheet_1-3964,beam,8.7209,0.0,6.6,0.555
BM-sheet_1-3965,beam,33.0146,0.0,24.979,2.1
BM-sheet_1-3966,beam,24.5375,0.0,18.561,1.56
BM-sheet_1-3967,beam,149.5158,0.0,113.07,9.501
BM-sheet_1-3968,beam,49.7543,0.0,37.617,3.16
BM-sheet_1-3969,beam,11.3421,0.0,8.573,0.72
BM-sheet_1-3970,beam,10.2446,0.0,7.742,0.65
BM-sheet_1-3971,beam,21.2879,0.0,16.083,1.35
BM-sheet_1-3972,beam,19.721,0.0,14.895,1.25
BM-sheet_1-3973,beam,4.9722,0.0,3.754,0.315
BM-sheet_1-3974,beam,5.2116,0.0,3.934,0.33
BM-sheet_1-3975,beam,39.9756,0.0,30.17,2.53
BM-sheet_1-3976,beam,32.2495,0.0,24.333,2.04
BM-sheet_1-3977,beam,123.3689,0.0,93.062,7.8
BM-sheet_1-3978,beam,5.6968,0.0,4.296,0.36
BM-sheet_1-3979,beam,25.2879,0.0,19.066,1.597
BM-sheet_1-3980,beam,44.4562,0.0,33.51,2.807
BM-sheet_1-3981,beam,123.0911,0.0,92.759,7.767
BM-sheet_1-3982,beam,35.8281,0.0,26.993,2.26
BM-sheet_1-3983,beam,87.9863,0.0,66.271,5.546
BM-sheet_1-3984,beam,48.8927,0.0,36.817,3.08
BM-sheet_1-3985,beam,83.2795,0.0,62.695,5.244
BM-sheet_1-3986,beam,7.4084,0.0,5.576,0.466
BM-sheet_1-3987,beam,23.5263,0.0,17.702,1.48
BM-sheet_1-3988,beam,28.6275,0.0,21.535,1.8
BM-sheet_1-3989,beam,36.5979,0.0,27.524,2.3
BM-sheet_1-3990,beam,78.9637,0.0,59.371,4.96
BM-sheet_1-3991,beam,41.413,0.0,31.13,2.6
BM-sheet_1-3992,beam,75.8557,0.0,57.006,4.76
BM-sheet_1-3993,beam,18.2559,0.0,13.716,1.145
BM-sheet_1-3994,beam,39.0825,0.0,29.356,2.45
BM-sheet_1-3995,beam,11.571,0.0,8.689,0.725
BM-sheet_1-3996,beam,11.5768,0.0,8.691,0.725
BM-sheet_1-3997,beam,11.5826,0.0,8.693,0.725
BM-sheet_1-3998,beam,15.5844,0.0,11.694,0.975
BM-sheet_1-3999,beam,36.7816,0.0,27.593,2.3
BM-sheet_1-4000,beam,36.72,0.0,27.54,2.295
BM-sheet_1-4001,beam,21.2906,0.0,15.964,1.33
BM-sheet_1-4002,beam,35.4754,0.0,26.593,2.215
BM-sheet_1-4003,beam,27.8818,0.0,20.896,1.74
BM-sheet_1-4004,beam,101.0017,0.0,75.676,6.3
BM-sheet_1-4005,beam,5.0526,0.0,3.785,0.315
BM-sheet_1-4006,beam,36.2686,0.0,27.161,2.26
BM-sheet_1-4007,beam,33.7177,0.0,25.244,2.1
BM-sheet_1-4008,beam,8.8352,0.0,6.613,0.55
BM-sheet_1-4009,beam,23.7867,0.0,17.8,1.48
BM-sheet_1-4010,beam,36.9842,0.0,27.669,2.3
BM-sheet_1-4011,beam,41.8291,0.0,31.286,2.6
BM-sheet_1-4012,beam,28.9731,0.0,21.665,1.8
BM-sheet_1-4013,beam,18.4393,0.0,13.785,1.145
BM-sheet_1-4014,beam,39.4749,0.0,29.503,2.45
BM-sheet_1-4015,beam,11.6872,0.0,8.733,0.725
BM-sheet_1-4016,beam,11.693,0.0,8.735,0.725
BM-sheet_1-4017,beam,11.6988,0.0,8.737,0.725
BM-sheet_1-4018,beam,15.7407,0.0,11.753,0.975
BM-sheet_1-4019,beam,37.1504,0.0,27.731,2.3
BM-sheet_1-4020,beam,37.0881,0.0,27.678,2.295
BM-sheet_1-4021,beam,76.9618,0.0,57.42,4.76
BM-sheet_1-4022,beam,80.2354,0.0,59.847,4.96
BM-sheet_1-4023,beam,6.7975,0.0,5.069,0.42
BM-sheet_1-4024,beam,23.965,0.0,17.867,1.48
BM-sheet_1-4025,beam,23.9769,0.0,17.871,1.48
BM-sheet_1-4026,beam,82.0159,0.0,61.115,5.06
BM-sheet_1-4027,beam,42.1635,0.0,31.411,2.6
BM-sheet_1-4028,beam,78.8525,0.0,58.728,4.86
BM-sheet_1-4029,beam,64.2821,0.0,47.865,3.96
BM-sheet_1-4030,beam,14.6168,0.0,10.881,0.9
BM-sheet_1-4031,beam,58.1712,0.0,43.293,3.58
BM-sheet_1-4032,beam,89.0886,0.0,66.286,5.48
BM-sheet_1-4033,beam,11.7922,0.0,8.772,0.725
BM-sheet_1-4034,beam,11.798,0.0,8.774,0.725
BM-sheet_1-4035,beam,15.8742,0.0,11.802,0.975
BM-sheet_1-4036,beam,11.8097,0.0,8.778,0.725
BM-sheet_1-4037,beam,37.4839,0.0,27.855,2.3
BM-sheet_1-4038,beam,37.5025,0.0,27.862,2.3
BM-sheet_1-4039,beam,29.3643,0.0,21.811,1.8
BM-sheet_1-4040,beam,8.4872,0.0,6.302,0.52
BM-sheet_1-4041,beam,40.0077,0.0,29.701,2.45
BM-sheet_1-4042,beam,6.8619,0.0,5.093,0.42
BM-sheet_1-4043,beam,6.8653,0.0,5.094,0.42
BM-sheet_1-4044,beam,87.1195,0.0,64.629,5.327
BM-sheet_1-4045,beam,24.543,0.0,18.203,1.5
BM-sheet_1-4046,beam,11.4591,0.0,8.497,0.7
BM-sheet_1-4047,beam,38.1612,0.0,28.289,2.33
BM-sheet_1-4048,beam,18.0249,0.0,13.358,1.1
BM-sheet_1-4049,beam,43.937,0.0,32.554,2.68
BM-sheet_1-4050,beam,21.5693,0.0,15.977,1.315
BM-sheet_1-4051,beam,25.8467,0.0,19.141,1.575
BM-sheet_1-4052,beam,73.0632,0.0,54.094,4.45
BM-sheet_1-4053,beam,58.808,0.0,43.529,3.58
BM-sheet_1-4054,beam,23.0089,0.0,17.027,1.4
BM-sheet_1-4055,beam,21.7048,0.0,16.058,1.32
BM-sheet_1-4056,beam,21.7155,0.0,16.062,1.32
BM-sheet_1-4057,beam,6.7672,0.0,5.004,0.411
BM-sheet_1-4058,beam,8.7481,0.0,6.467,0.531
BM-sheet_1-4059,beam,11.5328,0.0,8.524,0.7
BM-sheet_1-4060,beam,31.4837,0.0,23.264,1.91
BM-sheet_1-4061,beam,31.4992,0.0,23.27,1.91
BM-sheet_1-4062,beam,18.9748,0.0,14.014,1.15
BM-sheet_1-4063,beam,18.1588,0.0,13.408,1.1
BM-sheet_1-4064,beam,34.6838,0.0,25.603,2.1
BM-sheet_1-4065,beam,31.396,0.0,23.171,1.9
BM-sheet_1-4066,beam,20.3348,0.0,15.004,1.23
BM-sheet_1-4067,beam,31.2615,0.0,23.06,1.89
BM-sheet_1-4068,beam,26.0641,0.0,19.221,1.575
BM-sheet_1-4069,beam,59.2732,0.0,43.701,3.58
BM-sheet_1-4070,beam,21.8657,0.0,16.117,1.32
BM-sheet_1-4071,beam,7.3112,0.0,5.388,0.441
BM-sheet_1-4072,beam,6.2818,0.0,4.628,0.379
BM-sheet_1-4073,beam,16.7552,0.0,12.341,1.01
BM-sheet_1-4074,beam,23.6705,0.0,17.43,1.426
BM-sheet_1-4075,beam,10.7937,0.0,7.946,0.65
BM-sheet_1-4076,beam,21.9302,0.0,16.141,1.32
BM-sheet_1-4077,beam,20.7774,0.0,15.289,1.25
BM-sheet_1-4078,beam,5.2385,0.0,3.854,0.315
BM-sheet_1-4079,beam,8.4918,0.0,6.245,0.51
BM-sheet_1-4080,beam,20.3086,0.0,14.933,1.22
BM-sheet_1-4081,beam,42.136,0.0,30.975,2.53
BM-sheet_1-4082,beam,33.992,0.0,24.982,2.04
BM-sheet_1-4083,beam,9.2523,0.0,6.798,0.555
BM-sheet_1-4084,beam,26.0193,0.0,19.113,1.56
BM-sheet_1-4085,beam,8.5939,0.0,6.311,0.515
BM-sheet_1-4086,beam,24.2083,0.0,17.774,1.45
BM-sheet_1-4087,beam,22.2157,0.0,16.307,1.33
BM-sheet_1-4088,beam,37.0165,0.0,27.165,2.215
BM-sheet_1-4089,beam,29.0927,0.0,21.345,1.74
BM-sheet_1-4090,beam,101.205,0.0,74.234,6.05
BM-sheet_1-4091,beam,5.2719,0.0,3.866,0.315
BM-sheet_1-4092,beam,26.7911,0.0,19.642,1.6
BM-sheet_1-4093,beam,9.214,0.0,6.753,0.55
BM-sheet_1-4094,beam,8.7994,0.0,6.448,0.525
BM-sheet_1-4095,beam,12.7239,0.0,9.322,0.759
BM-sheet_1-4096,beam,26.723,0.0,19.573,1.593
BM-sheet_1-4097,beam,9.3159,0.0,6.822,0.555
BM-sheet_1-4098,beam,21.1599,0.0,15.49,1.26
BM-sheet_1-4099,beam,13.9455,0.0,10.207,0.83
BM-sheet_1-4100,beam,32.7795,0.0,23.985,1.95
BM-sheet_1-4101,beam,42.55,0.0,31.127,2.53
BM-sheet_1-4102,beam,34.3259,0.0,25.104,2.04
BM-sheet_1-4103,beam,6.0605,0.0,4.431,0.36
BM-sheet_1-4104,beam,168.4282,0.0,123.12,10.0
BM-sheet_1-4105,beam,35.7242,0.0,26.108,2.12
BM-sheet_1-4106,beam,22.4228,0.0,16.383,1.33
BM-sheet_1-4107,beam,37.3614,0.0,27.291,2.215
BM-sheet_1-4108,beam,29.3637,0.0,21.444,1.74
BM-sheet_1-4109,beam,107.2126,0.0,78.276,6.35
BM-sheet_1-4110,beam,5.0676,0.0,3.699,0.3
BM-sheet_1-4111,beam,23.9985,0.0,17.513,1.42
BM-sheet_1-4112,beam,12.8505,0.0,9.375,0.76
BM-sheet_1-4113,beam,27.0668,0.0,19.742,1.6
BM-sheet_1-4114,beam,9.3087,0.0,6.788,0.55
BM-sheet_1-4115,beam,25.0612,0.0,18.271,1.48
BM-sheet_1-4116,beam,38.9653,0.0,28.4,2.3
BM-sheet_1-4117,beam,44.0692,0.0,32.113,2.6
BM-sheet_1-4118,beam,30.5243,0.0,22.237,1.8
BM-sheet_1-4119,beam,19.4263,0.0,14.149,1.145
BM-sheet_1-4120,beam,41.5873,0.0,30.282,2.45
BM-sheet_1-4121,beam,12.3124,0.0,8.963,0.725
BM-sheet_1-4122,beam,12.3184,0.0,8.965,0.725
BM-sheet_1-4123,beam,12.3244,0.0,8.968,0.725
BM-sheet_1-4124,beam,16.5822,0.0,12.063,0.975
BM-sheet_1-4125,beam,39.1359,0.0,28.463,2.3
BM-sheet_1-4126,beam,39.0698,0.0,28.408,2.295
BM-sheet_1-4127,beam,81.0729,0.0,58.934,4.76
BM-sheet_1-4128,beam,84.5203,0.0,61.425,4.96
BM-sheet_1-4129,beam,7.1604,0.0,5.203,0.42
BM-sheet_1-4130,beam,25.2442,0.0,18.337,1.48
BM-sheet_1-4131,beam,25.2564,0.0,18.342,1.48
BM-sheet_1-4132,beam,86.3915,0.0,62.724,5.06
BM-sheet_1-4133,beam,44.4124,0.0,32.237,2.6
BM-sheet_1-4134,beam,83.0572,0.0,60.274,4.86
BM-sheet_1-4135,beam,67.709,0.0,49.124,3.96
BM-sheet_1-4136,beam,15.3958,0.0,11.167,0.9
BM-sheet_1-4137,beam,56.4016,0.0,40.9,3.295
BM-sheet_1-4138,beam,106.3867,0.0,77.129,6.213
BM-sheet_1-4139,beam,12.4202,0.0,9.002,0.725
BM-sheet_1-4140,beam,12.4262,0.0,9.004,0.725
BM-sheet_1-4141,beam,16.7192,0.0,12.112,0.975
BM-sheet_1-4142,beam,12.4382,0.0,9.009,0.725
BM-sheet_1-4143,beam,39.4782,0.0,28.587,2.3
BM-sheet_1-4144,beam,30.9109,0.0,22.378,1.8
BM-sheet_1-4145,beam,42.9526,0.0,31.088,2.5
BM-sheet_1-4146,beam,39.5354,0.0,28.607,2.3
BM-sheet_1-4147,beam,8.9428,0.0,6.469,0.52
BM-sheet_1-4148,beam,58.8442,0.0,42.558,3.42
BM-sheet_1-4149,beam,42.1748,0.0,30.495,2.45
BM-sheet_1-4150,beam,7.2335,0.0,5.229,0.42
BM-sheet_1-4151,beam,131.7102,0.0,95.189,7.644
BM-sheet_1-4152,beam,67.0182,0.0,48.424,3.888
BM-sheet_1-4153,beam,78.0794,0.0,56.402,4.527
BM-sheet_1-4154,beam,8.9584,0.0,6.47,0.519
BM-sheet_1-4155,beam,6.2371,0.0,4.503,0.361
BM-sheet_1-4156,beam,137.2287,0.0,99.058,7.945
BM-sheet_1-4157,beam,6.4285,0.0,4.639,0.372
BM-sheet_1-4158,beam,6.3663,0.0,4.593,0.368
BM-sheet_1-4159,beam,25.6,0.0,18.466,1.48
BM-sheet_1-4160,beam,31.1501,0.0,22.464,1.8
BM-sheet_1-4161,beam,39.822,0.0,28.711,2.3
BM-sheet_1-4162,beam,85.9183,0.0,61.931,4.96
BM-sheet_1-4163,beam,45.0595,0.0,32.471,2.6
BM-sheet_1-4164,beam,82.5331,0.0,59.462,4.76
BM-sheet_1-4165,beam,19.8626,0.0,14.307,1.145
BM-sheet_1-4166,beam,42.5211,0.0,30.62,2.45
BM-sheet_1-4167,beam,12.5888,0.0,9.063,0.725
BM-sheet_1-4168,beam,12.5949,0.0,9.065,0.725
BM-sheet_1-4169,beam,12.6009,0.0,9.068,0.725
BM-sheet_1-4170,beam,16.9542,0.0,12.197,0.975
BM-sheet_1-4171,beam,40.0137,0.0,28.78,2.3
BM-sheet_1-4172,beam,39.9458,0.0,28.724,2.295
BM-sheet_1-4173,beam,9.7394,0.0,7.002,0.559
BM-sheet_1-4174,beam,33.2765,0.0,23.917,1.91
BM-sheet_1-4175,beam,15.6876,0.0,11.272,0.9
BM-sheet_1-4176,beam,36.6218,0.0,26.309,2.1
BM-sheet_1-4177,beam,33.1499,0.0,23.809,1.9
BM-sheet_1-4178,beam,77.8524,0.0,55.902,4.46
BM-sheet_1-4179,beam,53.44,0.0,38.363,3.06
BM-sheet_1-4180,beam,63.4248,0.0,45.52,3.63
BM-sheet_1-4181,beam,33.5631,0.0,24.083,1.92
BM-sheet_1-4182,beam,455.7666,0.0,326.949,26.06
BM-sheet_1-4183,beam,23.9716,0.0,17.192,1.37
BM-sheet_1-4184,beam,33.4362,0.0,23.974,1.91
BM-sheet_1-4185,beam,19.2656,0.0,13.81,1.1
BM-sheet_1-4186,beam,35.9213,0.0,25.744,2.05
BM-sheet_1-4187,beam,33.3088,0.0,23.866,1.9
BM-sheet_1-4188,beam,97.168,0.0,69.605,5.54
BM-sheet_1-4189,beam,43.8693,0.0,31.417,2.5
BM-sheet_1-4190,beam,57.584,0.0,41.23,3.28
BM-sheet_1-4191,beam,24.5903,0.0,17.602,1.4
BM-sheet_1-4192,beam,19.373,0.0,13.864,1.102
BM-sheet_1-4193,beam,15.1199,0.0,10.818,0.86
BM-sheet_1-4194,beam,35.707,0.0,25.541,2.03
BM-sheet_1-4195,beam,32.9083,0.0,23.534,1.87
BM-sheet_1-4196,beam,142.612,0.0,101.963,8.1
BM-sheet_1-4197,beam,12.7707,0.0,9.128,0.725
BM-sheet_1-4198,beam,12.7768,0.0,9.131,0.725
BM-sheet_1-4199,beam,43.1974,0.0,30.863,2.45
BM-sheet_1-4200,beam,40.572,0.0,28.98,2.3
BM-sheet_1-4201,beam,17.2072,0.0,12.288,0.975
BM-sheet_1-4202,beam,17.4802,0.0,12.48,0.99
BM-sheet_1-4203,beam,40.63,0.0,29.001,2.3
BM-sheet_1-4204,beam,12.8134,0.0,9.144,0.725
BM-sheet_1-4205,beam,74.9718,0.0,53.488,4.24
BM-sheet_1-4206,beam,45.9951,0.0,32.807,2.6
BM-sheet_1-4207,beam,94.8658,0.0,67.649,5.36
BM-sheet_1-4208,beam,7.4371,0.0,5.302,0.42
BM-sheet_1-4209,beam,26.2192,0.0,18.688,1.48
BM-sheet_1-4210,beam,26.2317,0.0,18.692,1.48
BM-sheet_1-4211,beam,89.7266,0.0,63.923,5.06
BM-sheet_1-4212,beam,46.1265,0.0,32.854,2.6
BM-sheet_1-4213,beam,86.2619,0.0,61.426,4.86
BM-sheet_1-4214,beam,70.3209,0.0,50.062,3.96
BM-sheet_1-4215,beam,15.9896,0.0,11.38,0.9
BM-sheet_1-4216,beam,175.2581,0.0,124.709,9.86
BM-sheet_1-4217,beam,12.8927,0.0,9.172,0.725
BM-sheet_1-4218,beam,12.8989,0.0,9.174,0.725
BM-sheet_1-4219,beam,17.355,0.0,12.341,0.975
BM-sheet_1-4220,beam,12.9111,0.0,9.178,0.725
BM-sheet_1-4221,beam,40.9787,0.0,29.125,2.3
BM-sheet_1-4222,beam,32.0855,0.0,22.799,1.8
BM-sheet_1-4223,beam,41.0176,0.0,29.139,2.3
BM-sheet_1-4224,beam,9.2779,0.0,6.589,0.52
BM-sheet_1-4225,beam,43.734,0.0,31.054,2.45
BM-sheet_1-4226,beam,7.5008,0.0,5.325,0.42
BM-sheet_1-4227,beam,7.5044,0.0,5.326,0.42
BM-sheet_1-4228,beam,38.6121,0.0,27.397,2.16
BM-sheet_1-4229,beam,21.4613,0.0,15.224,1.2
BM-sheet_1-4230,beam,37.5751,0.0,26.649,2.1
BM-sheet_1-4231,beam,47.9756,0.0,34.017,2.68
BM-sheet_1-4232,beam,34.0287,0.0,24.122,1.9
BM-sheet_1-4233,beam,36.0158,0.0,25.525,2.01
BM-sheet_1-4234,beam,54.8559,0.0,38.868,3.06
BM-sheet_1-4235,beam,65.1049,0.0,46.119,3.63
BM-sheet_1-4236,beam,12.5606,0.0,8.896,0.7
BM-sheet_1-4237,beam,23.6969,0.0,16.779,1.32
BM-sheet_1-4238,beam,15.0869,0.0,10.68,0.84
BM-sheet_1-4239,beam,166.2458,0.0,117.654,9.252
BM-sheet_1-4240,beam,51.3822,0.0,36.355,2.858
BM-sheet_1-4241,beam,172.6664,0.0,122.141,9.6
BM-sheet_1-4242,beam,44.9864,0.0,31.815,2.5
BM-sheet_1-4243,beam,26.1044,0.0,18.457,1.45
BM-sheet_1-4244,beam,33.5015,0.0,23.682,1.86
BM-sheet_1-4245,beam,25.228,0.0,17.829,1.4
BM-sheet_1-4246,beam,22.5356,0.0,15.923,1.25
BM-sheet_1-4247,beam,17.1352,0.0,12.104,0.95
BM-sheet_1-4248,beam,30.6774,0.0,21.665,1.7
BM-sheet_1-4249,beam,5.5065,0.0,3.888,0.305
BM-sheet_1-4250,beam,19.2366,0.0,13.579,1.065
BM-sheet_1-4251,beam,29.8172,0.0,21.042,1.65
BM-sheet_1-4252,beam,86.0584,0.0,60.719,4.76
BM-sheet_1-4253,beam,14.38,0.0,10.143,0.795
BM-sheet_1-4254,beam,15.2916,0.0,10.784,0.845
BM-sheet_1-4255,beam,18.8292,0.0,13.276,1.04
BM-sheet_1-4256,beam,76.9825,0.0,54.264,4.25
BM-sheet_1-4257,beam,18.6657,0.0,13.154,1.03
BM-sheet_1-4258,beam,62.5504,0.0,44.07,3.45
BM-sheet_1-4259,beam,15.1461,0.0,10.669,0.835
BM-sheet_1-4260,beam,46.0633,0.0,32.439,2.538
BM-sheet_1-4261,beam,12.7093,0.0,8.948,0.7
BM-sheet_1-4262,beam,34.6945,0.0,24.421,1.91
BM-sheet_1-4263,beam,20.8991,0.0,14.707,1.15
BM-sheet_1-4264,beam,38.1816,0.0,26.863,2.1
BM-sheet_1-4265,beam,38.1995,0.0,26.869,2.1
BM-sheet_1-4266,beam,34.5776,0.0,24.316,1.9
BM-sheet_1-4267,beam,34.5938,0.0,24.322,1.9
BM-sheet_1-4268,beam,13.2976,0.0,9.347,0.73
BM-sheet_1-4269,beam,6.0139,0.0,4.226,0.33
BM-sheet_1-4270,beam,37.9245,0.0,26.645,2.08
BM-sheet_1-4271,beam,55.1804,0.0,38.759,3.025
BM-sheet_1-4272,beam,43.1612,0.0,30.31,2.365
BM-sheet_1-4273,beam,10.1335,0.0,7.115,0.555
BM-sheet_1-4274,beam,21.1898,0.0,14.874,1.16
BM-sheet_1-4275,beam,13.1585,0.0,9.234,0.72
BM-sheet_1-4276,beam,11.8847,0.0,8.338,0.65
BM-sheet_1-4277,beam,24.6952,0.0,17.322,1.35
BM-sheet_1-4278,beam,22.8766,0.0,16.042,1.25
BM-sheet_1-4279,beam,5.7676,0.0,4.044,0.315
BM-sheet_1-4280,beam,6.0451,0.0,4.237,0.33
BM-sheet_1-4281,beam,35.7376,0.0,25.044,1.95
BM-sheet_1-4282,beam,46.3889,0.0,32.5,2.53
BM-sheet_1-4283,beam,37.4219,0.0,26.212,2.04
BM-sheet_1-4284,beam,9.4516,0.0,6.619,0.515
BM-sheet_1-4285,beam,18.9121,0.0,13.241,1.03
BM-sheet_1-4286,beam,37.0151,0.0,25.909,2.015
BM-sheet_1-4287,beam,31.9784,0.0,22.378,1.74
BM-sheet_1-4288,beam,111.241,0.0,77.827,6.05
BM-sheet_1-4289,beam,5.8866,0.0,4.117,0.32
BM-sheet_1-4290,beam,7.3616,0.0,5.148,0.4
BM-sheet_1-4291,beam,9.6667,0.0,6.758,0.525
BM-sheet_1-4292,beam,7.1843,0.0,5.022,0.39
BM-sheet_1-4293,beam,9.215,0.0,6.44,0.5
BM-sheet_1-4294,beam,21.2042,0.0,14.814,1.15
BM-sheet_1-4295,beam,8.7623,0.0,6.12,0.475
BM-sheet_1-4296,beam,23.2542,0.0,16.239,1.26
BM-sheet_1-4297,beam,102.1717,0.0,71.332,5.533
BM-sheet_1-4298,beam,15.3324,0.0,10.702,0.83
BM-sheet_1-4299,beam,48.0516,0.0,33.532,2.6
BM-sheet_1-4300,beam,46.7797,0.0,32.637,2.53
BM-sheet_1-4301,beam,41.4369,0.0,28.903,2.24
BM-sheet_1-4302,beam,27.3907,0.0,19.101,1.48
BM-sheet_1-4303,beam,33.3285,0.0,23.236,1.8
BM-sheet_1-4304,beam,42.6062,0.0,29.698,2.3
BM-sheet_1-4305,beam,91.9238,0.0,64.058,4.96
BM-sheet_1-4306,beam,88.2582,0.0,61.49,4.76
BM-sheet_1-4307,beam,21.24,0.0,14.795,1.145
BM-sheet_1-4308,beam,45.4692,0.0,31.664,2.45
BM-sheet_1-4309,beam,13.4614,0.0,9.372,0.725
BM-sheet_1-4310,beam,13.4677,0.0,9.374,0.725
BM-sheet_1-4311,beam,13.4739,0.0,9.376,0.725
BM-sheet_1-4312,beam,18.1285,0.0,12.613,0.975
BM-sheet_1-4313,beam,42.7845,0.0,29.76,2.3
BM-sheet_1-4314,beam,42.7113,0.0,29.702,2.295
BM-sheet_1-4315,beam,13.4989,0.0,9.385,0.725
BM-sheet_1-4316,beam,13.5052,0.0,9.387,0.725
BM-sheet_1-4317,beam,45.6594,0.0,31.73,2.45
BM-sheet_1-4318,beam,17.2467,0.0,11.982,0.925
BM-sheet_1-4319,beam,42.9037,0.0,29.801,2.3
BM-sheet_1-4320,beam,35.0853,0.0,24.365,1.88
BM-sheet_1-4321,beam,35.2883,0.0,24.5,1.89
BM-sheet_1-4322,beam,67.994,0.0,47.196,3.64
BM-sheet_1-4323,beam,52.3273,0.0,36.313,2.8
BM-sheet_1-4324,beam,48.6121,0.0,33.727,2.6
BM-sheet_1-4325,beam,52.3757,0.0,36.33,2.8
BM-sheet_1-4326,beam,13.5679,0.0,9.409,0.725
BM-sheet_1-4327,beam,26.5866,0.0,18.433,1.42
BM-sheet_1-4328,beam,58.0679,0.0,40.25,3.1
BM-sheet_1-4329,beam,43.1026,0.0,29.87,2.3
BM-sheet_1-4330,beam,46.8723,0.0,32.475,2.5
BM-sheet_1-4331,beam,43.7052,0.0,30.274,2.33
BM-sheet_1-4332,beam,129.5488,0.0,89.715,6.903
BM-sheet_1-4333,beam,149.1665,0.0,103.277,7.945
BM-sheet_1-4334,beam,12.1776,0.0,8.429,0.648
BM-sheet_1-4335,beam,52.9519,0.0,36.645,2.818
BM-sheet_1-4336,beam,92.5831,0.0,64.057,4.924
BM-sheet_1-4337,beam,37.4322,0.0,25.893,1.99
BM-sheet_1-4338,beam,6.2197,0.0,4.301,0.331
BM-sheet_1-4339,beam,27.8638,0.0,19.265,1.48
BM-sheet_1-4340,beam,43.3219,0.0,29.946,2.3
BM-sheet_1-4341,beam,48.9951,0.0,33.86,2.6
BM-sheet_1-4342,beam,33.9353,0.0,23.447,1.8
BM-sheet_1-4343,beam,21.5966,0.0,14.918,1.145
BM-sheet_1-4344,beam,46.2323,0.0,31.928,2.45
BM-sheet_1-4345,beam,13.6873,0.0,9.45,0.725
BM-sheet_1-4346,beam,13.6936,0.0,9.453,0.725
BM-sheet_1-4347,beam,13.6999,0.0,9.455,0.725
BM-sheet_1-4348,beam,18.4325,0.0,12.718,0.975
BM-sheet_1-4349,beam,43.5017,0.0,30.008,2.3
BM-sheet_1-4350,beam,43.4271,0.0,29.95,2.295
BM-sheet_1-4351,beam,90.1125,0.0,62.132,4.76
BM-sheet_1-4352,beam,93.9419,0.0,64.758,4.96
BM-sheet_1-4353,beam,25.2016,0.0,17.368,1.33
BM-sheet_1-4354,beam,41.9905,0.0,28.932,2.215
BM-sheet_1-4355,beam,33.0009,0.0,22.733,1.74
BM-sheet_1-4356,beam,120.4896,0.0,82.982,6.35
BM-sheet_1-4357,beam,5.9798,0.0,4.117,0.315
BM-sheet_1-4358,beam,26.9689,0.0,18.565,1.42
BM-sheet_1-4359,beam,14.4407,0.0,9.939,0.76
BM-sheet_1-4360,beam,30.4154,0.0,20.928,1.6
BM-sheet_1-4361,beam,10.4601,0.0,7.196,0.55
BM-sheet_1-4362,beam,18.0456,0.0,12.411,0.948
BM-sheet_1-4363,beam,41.1173,0.0,28.272,2.16
BM-sheet_1-4364,beam,36.375,0.0,25.006,1.91
BM-sheet_1-4365,beam,20.387,0.0,14.012,1.07
BM-sheet_1-4366,beam,40.0301,0.0,27.506,2.1
BM-sheet_1-4367,beam,40.0484,0.0,27.512,2.1
BM-sheet_1-4368,beam,36.2509,0.0,24.898,1.9
BM-sheet_1-4369,beam,36.2675,0.0,24.903,1.9
BM-sheet_1-4370,beam,21.0066,0.0,14.421,1.1
BM-sheet_1-4371,beam,41.2682,0.0,28.324,2.16
BM-sheet_1-4372,beam,48.5505,0.0,33.315,2.54
BM-sheet_1-4373,beam,35.4734,0.0,24.336,1.855
BM-sheet_1-4374,beam,49.0733,0.0,33.658,2.565
BM-sheet_1-4375,beam,24.3085,0.0,16.669,1.27
BM-sheet_1-4376,beam,64.9164,0.0,44.504,3.39
BM-sheet_1-4377,beam,8.6212,0.0,5.909,0.45
BM-sheet_1-4378,beam,13.9918,0.0,9.588,0.73
BM-sheet_1-4379,beam,15.724,0.0,10.772,0.82
BM-sheet_1-4380,beam,23.405,0.0,16.031,1.22
BM-sheet_1-4381,beam,19.3851,0.0,13.274,1.01
BM-sheet_1-4382,beam,34.7554,0.0,23.794,1.81
BM-sheet_1-4383,beam,7.3002,0.0,4.997,0.38
BM-sheet_1-4384,beam,18.2585,0.0,12.494,0.95
BM-sheet_1-4385,beam,26.9195,0.0,18.417,1.4
BM-sheet_1-4386,beam,36.5503,0.0,25.0,1.9
BM-sheet_1-4387,beam,16.0702,0.0,10.989,0.835
BM-sheet_1-4388,beam,21.18,0.0,14.48,1.1
BM-sheet_1-4389,beam,32.7476,0.0,22.384,1.7
BM-sheet_1-4390,beam,18.1158,0.0,12.38,0.94
BM-sheet_1-4391,beam,27.3789,0.0,18.706,1.42
BM-sheet_1-4392,beam,5.7869,0.0,3.953,0.3
BM-sheet_1-4393,beam,25.6669,0.0,17.528,1.33
BM-sheet_1-4394,beam,42.7655,0.0,29.198,2.215
BM-sheet_1-4395,beam,32.6441,0.0,22.283,1.69
BM-sheet_1-4396,beam,6.0873,0.0,4.154,0.315
BM-sheet_1-4397,beam,14.6935,0.0,10.025,0.76
BM-sheet_1-4398,beam,29.7873,0.0,20.319,1.54
BM-sheet_1-4399,beam,30.9619,0.0,21.115,1.6
BM-sheet_1-4400,beam,9.68,0.0,6.6,0.5
BM-sheet_1-4401,beam,30.2153,0.0,20.597,1.56
BM-sheet_1-4402,beam,13.9519,0.0,9.508,0.72
BM-sheet_1-4403,beam,12.6012,0.0,8.586,0.65
BM-sheet_1-4404,beam,25.6017,0.0,17.44,1.32
BM-sheet_1-4405,beam,21.9079,0.0,14.92,1.129
BM-sheet_1-4406,beam,13.7801,0.0,9.383,0.71
BM-sheet_1-4407,beam,9.6451,0.0,6.566,0.497
BM-sheet_1-4408,beam,23.7052,0.0,16.133,1.22
BM-sheet_1-4409,beam,49.1814,0.0,33.464,2.53
BM-sheet_1-4410,beam,40.6465,0.0,27.651,2.09
BM-sheet_1-4411,beam,10.7986,0.0,7.344,0.555
BM-sheet_1-4412,beam,29.3933,0.0,19.986,1.51
BM-sheet_1-4413,beam,23.759,0.0,16.152,1.22
BM-sheet_1-4414,beam,49.293,0.0,33.502,2.53
BM-sheet_1-4415,beam,39.7641,0.0,27.02,2.04
BM-sheet_1-4416,beam,10.8231,0.0,7.353,0.555
BM-sheet_1-4417,beam,24.5825,0.0,16.696,1.26
BM-sheet_1-4418,beam,31.8155,0.0,21.604,1.63
BM-sheet_1-4419,beam,9.7638,0.0,6.629,0.5
BM-sheet_1-4420,beam,18.5596,0.0,12.597,0.95
BM-sheet_1-4421,beam,10.2613,0.0,6.963,0.525
BM-sheet_1-4422,beam,25.6159,0.0,17.378,1.31
BM-sheet_1-4423,beam,26.0187,0.0,17.648,1.33
BM-sheet_1-4424,beam,43.3515,0.0,29.397,2.215
BM-sheet_1-4425,beam,34.0703,0.0,23.099,1.74
BM-sheet_1-4426,beam,118.5163,0.0,80.332,6.05
BM-sheet_1-4427,beam,31.3573,0.0,21.25,1.6
BM-sheet_1-4428,beam,10.7839,0.0,7.306,0.55
BM-sheet_1-4429,beam,29.0317,0.0,19.665,1.48
BM-sheet_1-4430,beam,35.3248,0.0,23.922,1.8
BM-sheet_1-4431,beam,45.1577,0.0,30.574,2.3
BM-sheet_1-4432,beam,51.0708,0.0,34.57,2.6
BM-sheet_1-4433,beam,22.501,0.0,15.227,1.145
BM-sheet_1-4434,beam,48.1679,0.0,32.59,2.45
BM-sheet_1-4435,beam,14.2602,0.0,9.646,0.725
BM-sheet_1-4436,beam,14.2666,0.0,9.648,0.725
BM-sheet_1-4437,beam,14.2731,0.0,9.65,0.725
BM-sheet_1-4438,beam,19.2034,0.0,12.981,0.975
BM-sheet_1-4439,beam,45.3209,0.0,30.629,2.3
BM-sheet_1-4440,beam,45.2427,0.0,30.569,2.295
BM-sheet_1-4441,beam,93.879,0.0,63.417,4.76
BM-sheet_1-4442,beam,97.8676,0.0,66.097,4.96
BM-sheet_1-4443,beam,49.3506,0.0,33.322,2.5
BM-sheet_1-4444,beam,14.3181,0.0,9.666,0.725
BM-sheet_1-4445,beam,14.3246,0.0,9.668,0.725
BM-sheet_1-4446,beam,48.4289,0.0,32.678,2.45
BM-sheet_1-4447,beam,45.4844,0.0,30.684,2.3
BM-sheet_1-4448,beam,19.2901,0.0,13.01,0.975
BM-sheet_1-4449,beam,45.5253,0.0,30.698,2.3
BM-sheet_1-4450,beam,14.3568,0.0,9.679,0.725
BM-sheet_1-4451,beam,35.6605,0.0,24.035,1.8
BM-sheet_1-4452,beam,49.3526,0.0,33.256,2.49
BM-sheet_1-4453,beam,55.5218,0.0,37.405,2.8
BM-sheet_1-4454,beam,74.1946,0.0,49.974,3.74
BM-sheet_1-4455,beam,96.4565,0.0,64.954,4.86
BM-sheet_1-4456,beam,55.5966,0.0,37.43,2.8
BM-sheet_1-4457,beam,18.4743,0.0,12.435,0.93
BM-sheet_1-4458,beam,23.2523,0.0,15.648,1.17
BM-sheet_1-4459,beam,28.2334,0.0,18.995,1.42
BM-sheet_1-4460,beam,45.3528,0.0,30.506,2.28
BM-sheet_1-4461,beam,51.7414,0.0,34.796,2.6
BM-sheet_1-4462,beam,61.7193,0.0,41.497,3.1
BM-sheet_1-4463,beam,158.2514,0.0,106.376,7.945
BM-sheet_1-4464,beam,29.3222,0.0,19.706,1.471
BM-sheet_1-4465,beam,59.4636,0.0,39.953,2.983
BM-sheet_1-4466,beam,115.4062,0.0,77.523,5.786
BM-sheet_1-4467,beam,10.0516,0.0,6.751,0.504
BM-sheet_1-4468,beam,7.1867,0.0,4.825,0.36
BM-sheet_1-4469,beam,29.5585,0.0,19.842,1.48
BM-sheet_1-4470,beam,35.9656,0.0,24.138,1.8
BM-sheet_1-4471,beam,45.9766,0.0,30.85,2.3
BM-sheet_1-4472,beam,99.194,0.0,66.543,4.96
BM-sheet_1-4473,beam,52.0201,0.0,34.889,2.6
BM-sheet_1-4474,beam,22.9191,0.0,15.368,1.145
BM-sheet_1-4475,beam,49.0628,0.0,32.891,2.45
BM-sheet_1-4476,beam,14.5251,0.0,9.735,0.725
BM-sheet_1-4477,beam,14.5316,0.0,9.737,0.725
BM-sheet_1-4478,beam,14.5381,0.0,9.74,0.725
BM-sheet_1-4479,beam,19.5599,0.0,13.101,0.975
BM-sheet_1-4480,beam,46.1619,0.0,30.912,2.3
BM-sheet_1-4481,beam,95.5778,0.0,63.989,4.76
BM-sheet_1-4482,beam,173.6636,0.0,116.241,8.645
BM-sheet_1-4483,beam,104.7942,0.0,70.128,5.214
BM-sheet_1-4484,beam,65.7475,0.0,43.988,3.27
BM-sheet_1-4485,beam,7.6438,0.0,5.113,0.38
BM-sheet_1-4486,beam,45.1788,0.0,30.213,2.245
BM-sheet_1-4487,beam,26.1731,0.0,17.499,1.3
BM-sheet_1-4488,beam,97.8908,0.0,65.435,4.86
BM-sheet_1-4489,beam,13.5013,0.0,9.023,0.67
BM-sheet_1-4490,beam,102.0101,0.0,68.158,5.06
BM-sheet_1-4491,beam,20.5725,0.0,13.742,1.02
BM-sheet_1-4492,beam,77.4838,0.0,51.748,3.84
BM-sheet_1-4493,beam,29.8768,0.0,19.949,1.48
BM-sheet_1-4494,beam,19.6911,0.0,13.145,0.975
BM-sheet_1-4495,beam,14.6486,0.0,9.777,0.725
BM-sheet_1-4496,beam,15.5648,0.0,10.386,0.77
BM-sheet_1-4497,beam,74.2184,0.0,49.512,3.67
BM-sheet_1-4498,beam,50.58,0.0,33.735,2.5
BM-sheet_1-4499,beam,46.5543,0.0,31.043,2.3
BM-sheet_1-4500,beam,46.575,0.0,31.05,2.3
BM-sheet_1-4501,beam,49.6346,0.0,33.082,2.45
BM-sheet_1-4502,beam,52.6968,0.0,35.116,2.6
BM-sheet_1-4503,beam,14.7008,0.0,9.794,0.725
BM-sheet_1-4504,beam,14.7074,0.0,9.796,0.725
BM-sheet_1-4505,beam,30.0366,0.0,20.002,1.48
BM-sheet_1-4506,beam,60.7091,0.0,40.419,2.99
BM-sheet_1-4507,beam,85.1201,0.0,56.659,4.19
BM-sheet_1-4508,beam,12.3881,0.0,8.244,0.61
BM-sheet_1-4509,beam,20.7377,0.0,13.798,1.02
BM-sheet_1-4510,beam,165.5684,0.0,110.134,8.14
BM-sheet_1-4511,beam,13.6339,0.0,9.067,0.67
BM-sheet_1-4512,beam,13.64,0.0,9.069,0.67
BM-sheet_1-4513,beam,13.646,0.0,9.071,0.67
BM-sheet_1-4514,beam,103.1036,0.0,68.523,5.06
BM-sheet_1-4515,beam,20.7929,0.0,13.816,1.02
BM-sheet_1-4516,beam,78.3139,0.0,52.024,3.84
BM-sheet_1-4517,beam,30.1969,0.0,20.055,1.48
BM-sheet_1-4518,beam,19.902,0.0,13.215,0.975
BM-sheet_1-4519,beam,14.8055,0.0,9.829,0.725
BM-sheet_1-4520,beam,15.7314,0.0,10.441,0.77
BM-sheet_1-4521,beam,51.0986,0.0,33.907,2.5
BM-sheet_1-4522,beam,47.0315,0.0,31.202,2.3
BM-sheet_1-4523,beam,47.0523,0.0,31.209,2.3
BM-sheet_1-4524,beam,50.1431,0.0,33.251,2.45
BM-sheet_1-4525,beam,53.2366,0.0,35.295,2.6
BM-sheet_1-4526,beam,14.8514,0.0,9.844,0.725
BM-sheet_1-4527,beam,14.858,0.0,9.846,0.725
BM-sheet_1-4528,beam,30.3441,0.0,20.104,1.48
BM-sheet_1-4529,beam,62.356,0.0,41.304,3.04
BM-sheet_1-4530,beam,99.7316,0.0,66.047,4.86
BM-sheet_1-4531,beam,64.2673,0.0,42.552,3.13
BM-sheet_1-4532,beam,34.2917,0.0,22.7,1.67
BM-sheet_1-4533,beam,142.1928,0.0,94.105,6.92
BM-sheet_1-4534,beam,13.7733,0.0,9.113,0.67
BM-sheet_1-4535,beam,44.423,0.0,29.387,2.16
BM-sheet_1-4536,beam,28.8054,0.0,19.051,1.4
BM-sheet_1-4537,beam,108.6855,0.0,71.866,5.28
BM-sheet_1-4538,beam,24.6092,0.0,16.269,1.195
BM-sheet_1-4539,beam,86.0155,0.0,56.851,4.175
BM-sheet_1-4540,beam,74.8201,0.0,49.441,3.63
BM-sheet_1-4541,beam,18.3524,0.0,12.124,0.89
BM-sheet_1-4542,beam,26.3029,0.0,17.373,1.275
BM-sheet_1-4543,beam,83.5873,0.0,55.197,4.05
BM-sheet_1-4544,beam,12.8017,0.0,8.452,0.62
BM-sheet_1-4545,beam,26.3377,0.0,17.385,1.275
BM-sheet_1-4546,beam,54.0419,0.0,35.663,2.615
BM-sheet_1-4547,beam,57.4771,0.0,37.922,2.78
BM-sheet_1-4548,beam,50.6765,0.0,33.428,2.45
BM-sheet_1-4549,beam,30.2124,0.0,19.925,1.46
BM-sheet_1-4550,beam,56.2073,0.0,37.06,2.715
BM-sheet_1-4551,beam,51.9861,0.0,34.269,2.51
BM-sheet_1-4552,beam,21.1351,0.0,13.929,1.02
BM-sheet_1-4553,beam,29.3327,0.0,19.327,1.415
BM-sheet_1-4554,beam,22.1906,0.0,14.618,1.07
BM-sheet_1-4555,beam,36.1016,0.0,23.777,1.74
BM-sheet_1-4556,beam,6.6423,0.0,4.374,0.32
BM-sheet_1-4557,beam,33.6413,0.0,22.147,1.62
BM-sheet_1-4558,beam,11.842,0.0,7.794,0.57
BM-sheet_1-4559,beam,210.7546,0.0,138.685,10.14
BM-sheet_1-4560,beam,208.7677,0.0,137.347,10.04
BM-sheet_1-4561,beam,322.3382,0.0,212.018,15.495
BM-sheet_1-4562,beam,199.7937,0.0,131.386,9.6
BM-sheet_1-4563,beam,255.0498,0.0,167.686,12.25
BM-sheet_1-4564,beam,162.4747,0.0,106.798,7.8
BM-sheet_1-4565,beam,175.0495,0.0,115.038,8.4
BM-sheet_1-4566,beam,208.2696,0.0,136.839,9.99
BM-sheet_1-4567,beam,162.6884,0.0,106.868,7.8
BM-sheet_1-4568,beam,125.2091,0.0,82.23,6.0
BM-sheet_1-4569,beam,62.6273,0.0,41.121,3.0
BM-sheet_1-4570,beam,162.9023,0.0,106.938,7.8
BM-sheet_1-4571,beam,163.1148,0.0,107.054,7.807
BM-sheet_1-4572,beam,66.8902,0.0,43.891,3.2
BM-sheet_1-4573,beam,175.6634,0.0,115.239,8.4
BM-sheet_1-4574,beam,178.7045,0.0,117.209,8.542
BM-sheet_1-4575,beam,228.7947,0.0,150.029,10.931
BM-sheet_1-4576,beam,173.8001,0.0,113.942,8.3
BM-sheet_1-4577,beam,73.3213,0.0,48.059,3.5
BM-sheet_1-4578,beam,159.2814,0.0,104.378,7.6
BM-sheet_1-4579,beam,161.4478,0.0,105.775,7.7
BM-sheet_1-4580,beam,153.1277,0.0,100.302,7.3
BM-sheet_1-4581,beam,73.4495,0.0,48.101,3.5
BM-sheet_1-4582,beam,159.5599,0.0,104.47,7.6
BM-sheet_1-4583,beam,161.7299,0.0,105.867,7.7
BM-sheet_1-4584,beam,153.3028,0.0,100.329,7.296
BM-sheet_1-4585,beam,73.6241,0.0,48.173,3.502
BM-sheet_1-4586,beam,175.6122,0.0,114.879,8.35
BM-sheet_1-4587,beam,162.0124,0.0,105.96,7.7
BM-sheet_1-4588,beam,178.9228,0.0,116.994,8.5
BM-sheet_1-4589,beam,73.7526,0.0,48.215,3.502
BM-sheet_1-4590,beam,160.1176,0.0,104.652,7.6
BM-sheet_1-4591,beam,162.2951,0.0,106.052,7.7
BM-sheet_1-4592,beam,162.3658,0.0,106.075,7.7
BM-sheet_1-4593,beam,126.573,0.0,82.673,6.0
BM-sheet_1-4594,beam,63.3145,0.0,41.346,3.0
BM-sheet_1-4595,beam,130.7926,0.0,85.392,6.195
BM-sheet_1-4596,beam,63.3696,0.0,41.364,3.0
BM-sheet_1-4597,beam,164.8328,0.0,107.57,7.8
BM-sheet_1-4598,beam,63.4248,0.0,41.382,3.0
BM-sheet_1-4599,beam,164.9762,0.0,107.617,7.8
BM-sheet_1-4600,beam,67.712,0.0,44.16,3.2
BM-sheet_1-4601,beam,165.1198,0.0,107.663,7.8
BM-sheet_1-4602,beam,213.9137,0.0,139.448,10.101
BM-sheet_1-4603,beam,222.3639,0.0,144.925,10.495
BM-sheet_1-4604,beam,545.1821,0.0,355.245,25.72
BM-sheet_1-4605,beam,602.6752,0.0,392.622,28.42
BM-sheet_1-4606,beam,112.4409,0.0,73.235,5.3
BM-sheet_1-4607,beam,165.5507,0.0,107.804,7.8
BM-sheet_1-4608,beam,165.6226,0.0,107.827,7.8
BM-sheet_1-4609,beam,165.6945,0.0,107.851,7.8
BM-sheet_1-4610,beam,112.6361,0.0,73.299,5.3
BM-sheet_1-4611,beam,165.8383,0.0,107.897,7.8
BM-sheet_1-4612,beam,165.9102,0.0,107.921,7.8
BM-sheet_1-4613,beam,205.8717,0.0,133.886,9.675
BM-sheet_1-4614,beam,133.1663,0.0,86.584,6.255
BM-sheet_1-4615,beam,650.4893,0.0,422.853,30.542
BM-sheet_1-4616,beam,26.4628,0.0,17.199,1.242
BM-sheet_1-4617,beam,112.9784,0.0,73.41,5.3
BM-sheet_1-4618,beam,166.3421,0.0,108.061,7.8
BM-sheet_1-4619,beam,162.143,0.0,105.31,7.6
BM-sheet_1-4620,beam,149.4065,0.0,97.017,7.0
BM-sheet_1-4621,beam,102.6306,0.0,66.629,4.806
BM-sheet_1-4622,beam,143.037,0.0,92.841,6.696
BM-sheet_1-4623,beam,149.4741,0.0,96.998,6.994
BM-sheet_1-4624,beam,140.3941,0.0,91.086,6.566
BM-sheet_1-4625,beam,88.9159,0.0,57.675,4.157
BM-sheet_1-4626,beam,597.4845,0.0,387.474,27.92
BM-sheet_1-4627,beam,775.0105,0.0,502.492,36.2
BM-sheet_1-4628,beam,794.6221,0.0,515.096,37.1
BM-sheet_1-4629,beam,764.5382,0.0,495.488,35.68
BM-sheet_1-4630,beam,755.222,0.0,489.345,35.23
BM-sheet_1-4631,beam,861.516,0.0,558.097,40.171
BM-sheet_1-4632,beam,180.2256,0.0,116.726,8.4
BM-sheet_1-4633,beam,180.3034,0.0,116.752,8.4
BM-sheet_1-4634,beam,7.5371,0.0,4.879,0.351
BM-sheet_1-4635,beam,356.6215,0.0,230.823,16.6
BM-sheet_1-4636,beam,150.4475,0.0,97.356,7.0
BM-sheet_1-4637,beam,520.3428,0.0,336.646,24.2
BM-sheet_1-4638,beam,163.4839,0.0,105.746,7.6
BM-sheet_1-4639,beam,34.4327,0.0,22.267,1.6
BM-sheet_1-4640,beam,163.625,0.0,105.792,7.6
BM-sheet_1-4641,beam,163.6955,0.0,105.815,7.6
BM-sheet_1-4642,beam,103.431,0.0,66.845,4.8
BM-sheet_1-4643,beam,163.8366,0.0,105.86,7.6
BM-sheet_1-4644,beam,163.9072,0.0,105.883,7.6
BM-sheet_1-4645,beam,125.1409,0.0,80.823,5.8
BM-sheet_1-4646,beam,99.2925,0.0,64.115,4.6
BM-sheet_1-4647,beam,107.973,0.0,69.705,5.0
BM-sheet_1-4648,beam,164.1897,0.0,105.974,7.6
BM-sheet_1-4649,beam,164.2603,0.0,105.997,7.6
BM-sheet_1-4650,beam,125.4105,0.0,80.91,5.8
BM-sheet_1-4651,beam,99.5063,0.0,64.184,4.6
BM-sheet_1-4652,beam,86.9204,0.0,56.054,4.016
BM-sheet_1-4653,beam,103.922,0.0,67.003,4.8
BM-sheet_1-4654,beam,103.9666,0.0,67.018,4.8
BM-sheet_1-4655,beam,34.671,0.0,22.344,1.6
BM-sheet_1-4656,beam,125.7343,0.0,81.014,5.8
BM-sheet_1-4657,beam,60.7254,0.0,39.119,2.8
BM-sheet_1-4658,beam,60.7515,0.0,39.127,2.8
BM-sheet_1-4659,beam,16.9935,0.0,10.942,0.783
BM-sheet_1-4660,beam,33.1326,0.0,21.33,1.526
BM-sheet_1-4661,beam,47.795,0.0,30.763,2.2
BM-sheet_1-4662,beam,73.8963,0.0,47.552,3.4
BM-sheet_1-4663,beam,34.7909,0.0,22.383,1.6
BM-sheet_1-4664,beam,39.1552,0.0,25.186,1.8
BM-sheet_1-4665,beam,60.9342,0.0,39.186,2.8
BM-sheet_1-4666,beam,60.9603,0.0,39.194,2.8
BM-sheet_1-4667,beam,87.1236,0.0,56.004,4.0
BM-sheet_1-4668,beam,61.0126,0.0,39.211,2.8
BM-sheet_1-4669,beam,152.5969,0.0,98.049,7.0
BM-sheet_1-4670,beam,39.256,0.0,25.218,1.8
BM-sheet_1-4671,beam,39.2728,0.0,25.223,1.8
BM-sheet_1-4672,beam,39.2897,0.0,25.229,1.8
BM-sheet_1-4673,beam,39.3065,0.0,25.234,1.8
BM-sheet_1-4674,beam,39.3233,0.0,25.24,1.8
BM-sheet_1-4675,beam,43.7113,0.0,28.05,2.0
BM-sheet_1-4676,beam,131.1897,0.0,84.168,6.0
BM-sheet_1-4677,beam,21.4368,0.0,13.75,0.98
BM-sheet_1-4678,beam,862.3266,0.0,553.01,39.405
BM-sheet_1-4679,beam,181.0213,0.0,116.064,8.268
BM-sheet_1-4680,beam,148.1755,0.0,94.984,6.765
BM-sheet_1-4681,beam,99.9176,0.0,64.036,4.56
BM-sheet_1-4682,beam,219.2112,0.0,140.46,10.0
BM-sheet_1-4683,beam,21.1214,0.0,13.531,0.963
BM-sheet_1-4684,beam,20.8769,0.0,13.371,0.952
BM-sheet_1-4685,beam,12.5111,0.0,8.011,0.57
BM-sheet_1-4686,beam,7.6855,0.0,4.92,0.35
BM-sheet_1-4687,beam,43.9359,0.0,28.122,2.0
BM-sheet_1-4688,beam,131.8641,0.0,84.384,6.0
BM-sheet_1-4689,beam,65.6315,0.0,41.991,2.985
BM-sheet_1-4690,beam,81.3856,0.0,52.059,3.7
BM-sheet_1-4691,beam,57.8744,0.0,37.012,2.63
BM-sheet_1-4692,beam,35.6641,0.0,22.803,1.62
BM-sheet_1-4693,beam,19.6016,0.0,12.53,0.89
BM-sheet_1-4694,beam,8.538,0.0,5.457,0.387
BM-sheet_1-4695,beam,62.8226,0.0,40.142,2.85
BM-sheet_1-4696,beam,97.0306,0.0,61.987,4.4
BM-sheet_1-4697,beam,92.6596,0.0,59.182,4.2
BM-sheet_1-4698,beam,101.5275,0.0,64.832,4.6
BM-sheet_1-4699,beam,94.9466,0.0,60.617,4.3
BM-sheet_1-4700,beam,302.3017,0.0,192.959,13.685
BM-sheet_1-4701,beam,101.8782,0.0,65.015,4.61
BM-sheet_1-4702,beam,92.857,0.0,59.245,4.2
BM-sheet_1-4703,beam,91.7906,0.0,58.552,4.15
BM-sheet_1-4704,beam,163.9657,0.0,104.57,7.41
BM-sheet_1-4705,beam,9.1092,0.0,5.808,0.411
BM-sheet_1-4706,beam,61.5474,0.0,39.236,2.779
BM-sheet_1-4707,beam,62.1054,0.0,39.583,2.803
BM-sheet_1-4708,beam,55.3048,0.0,35.241,2.495
BM-sheet_1-4709,beam,103.9993,0.0,66.256,4.69
BM-sheet_1-4710,beam,84.9651,0.0,54.118,3.83
BM-sheet_1-4711,beam,34.6185,0.0,22.045,1.56
BM-sheet_1-4712,beam,34.6332,0.0,22.05,1.56
BM-sheet_1-4713,beam,108.8406,0.0,69.281,4.9
BM-sheet_1-4714,beam,108.8868,0.0,69.296,4.9
BM-sheet_1-4715,beam,73.363,0.0,46.679,3.3
BM-sheet_1-4716,beam,70.0581,0.0,44.566,3.15
BM-sheet_1-4717,beam,27.9653,0.0,17.786,1.257
BM-sheet_1-4718,beam,34.7843,0.0,22.118,1.563
BM-sheet_1-4719,beam,461.2954,0.0,293.258,20.715
BM-sheet_1-4720,beam,281.3762,0.0,178.841,12.63
BM-sheet_1-4721,beam,154.2319,0.0,98.008,6.92
BM-sheet_1-4722,beam,29.4324,0.0,18.699,1.32
BM-sheet_1-4723,beam,29.4449,0.0,18.703,1.32
BM-sheet_1-4724,beam,27.8952,0.0,17.715,1.25
BM-sheet_1-4725,beam,16.7442,0.0,10.631,0.75
BM-sheet_1-4726,beam,34.8427,0.0,22.118,1.56
BM-sheet_1-4727,beam,34.8575,0.0,22.122,1.56
BM-sheet_1-4728,beam,20.3422,0.0,12.908,0.91
BM-sheet_1-4729,beam,20.3508,0.0,12.91,0.91
BM-sheet_1-4730,beam,80.095,0.0,50.8,3.58
BM-sheet_1-4731,beam,102.5112,0.0,65.004,4.58
BM-sheet_1-4732,beam,30.453,0.0,19.307,1.36
BM-sheet_1-4733,beam,30.4659,0.0,19.311,1.36
BM-sheet_1-4734,beam,115.9757,0.0,73.495,5.175
BM-sheet_1-4735,beam,46.1284,0.0,29.226,2.057
BM-sheet_1-4736,beam,85.4573,0.0,54.133,3.81
BM-sheet_1-4737,beam,27.6002,0.0,17.48,1.23
BM-sheet_1-4738,beam,27.6118,0.0,17.483,1.23
BM-sheet_1-4739,beam,126.2145,0.0,79.899,5.62
BM-sheet_1-4740,beam,126.2678,0.0,79.916,5.62
BM-sheet_1-4741,beam,69.679,0.0,44.091,3.1
BM-sheet_1-4742,beam,73.0813,0.0,46.234,3.25
BM-sheet_1-4743,beam,283.0003,0.0,179.001,12.58
BM-sheet_1-4744,beam,155.7384,0.0,98.486,6.92
BM-sheet_1-4745,beam,463.1094,0.0,292.798,20.569
BM-sheet_1-4746,beam,22.7949,0.0,14.409,1.012
BM-sheet_1-4747,beam,30.4208,0.0,19.225,1.35
BM-sheet_1-4748,beam,30.4336,0.0,19.229,1.35
BM-sheet_1-4749,beam,16.9149,0.0,10.685,0.75
BM-sheet_1-4750,beam,28.2031,0.0,17.812,1.25
BM-sheet_1-4751,beam,35.2123,0.0,22.235,1.56
BM-sheet_1-4752,beam,35.2271,0.0,22.239,1.56
BM-sheet_1-4753,beam,16.4913,0.0,10.409,0.73
BM-sheet_1-4754,beam,16.4983,0.0,10.411,0.73
BM-sheet_1-4755,beam,80.4917,0.0,50.783,3.56
BM-sheet_1-4756,beam,103.1451,0.0,65.062,4.56
BM-sheet_1-4757,beam,27.8337,0.0,17.553,1.23
BM-sheet_1-4758,beam,27.8454,0.0,17.557,1.23
BM-sheet_1-4759,beam,132.9443,0.0,83.806,5.87
BM-sheet_1-4760,beam,86.7786,0.0,54.692,3.83
BM-sheet_1-4761,beam,30.8359,0.0,19.43,1.36
BM-sheet_1-4762,beam,30.8488,0.0,19.434,1.36
BM-sheet_1-4763,beam,111.1622,0.0,70.016,4.9
BM-sheet_1-4764,beam,111.2089,0.0,70.031,4.9
BM-sheet_1-4765,beam,71.5215,0.0,45.029,3.15
BM-sheet_1-4766,beam,74.9587,0.0,47.183,3.3
BM-sheet_1-4767,beam,14.3504,0.0,9.031,0.632
BM-sheet_1-4768,beam,285.9915,0.0,179.944,12.58
BM-sheet_1-4769,beam,157.3841,0.0,99.004,6.92
BM-sheet_1-4770,beam,469.8859,0.0,295.526,20.652
BM-sheet_1-4771,beam,30.7293,0.0,19.323,1.35
BM-sheet_1-4772,beam,30.7422,0.0,19.327,1.35
BM-sheet_1-4773,beam,17.0861,0.0,10.739,0.75
BM-sheet_1-4774,beam,28.4888,0.0,17.903,1.25
BM-sheet_1-4775,beam,35.569,0.0,22.347,1.56
BM-sheet_1-4776,beam,35.5839,0.0,22.352,1.56
BM-sheet_1-4777,beam,16.6584,0.0,10.462,0.73
BM-sheet_1-4778,beam,81.2723,0.0,51.029,3.56
BM-sheet_1-4779,beam,16.6724,0.0,10.466,0.73
BM-sheet_1-4780,beam,104.1887,0.0,65.39,4.56
BM-sheet_1-4781,beam,28.1153,0.0,17.642,1.23
BM-sheet_1-4782,beam,134.2324,0.0,84.211,5.87
BM-sheet_1-4783,beam,117.5814,0.0,73.75,5.14
BM-sheet_1-4784,beam,28.1506,0.0,17.653,1.23
BM-sheet_1-4785,beam,186.2575,0.0,116.776,8.135
BM-sheet_1-4786,beam,164.7035,0.0,103.241,7.19
BM-sheet_1-4787,beam,31.3941,0.0,19.675,1.37
BM-sheet_1-4788,beam,31.4072,0.0,19.679,1.37
BM-sheet_1-4789,beam,33.2551,0.0,20.832,1.45
BM-sheet_1-4790,beam,44.7443,0.0,28.024,1.95
BM-sheet_1-4791,beam,124.868,0.0,78.189,5.44
BM-sheet_1-4792,beam,147.8834,0.0,92.581,6.44
BM-sheet_1-4793,beam,38.5944,0.0,24.157,1.68
BM-sheet_1-4794,beam,111.235,0.0,69.609,4.84
BM-sheet_1-4795,beam,38.6266,0.0,24.167,1.68
BM-sheet_1-4796,beam,111.3278,0.0,69.638,4.84
BM-sheet_1-4797,beam,19.3294,0.0,12.088,0.84
BM-sheet_1-4798,beam,19.3375,0.0,12.091,0.84
BM-sheet_1-4799,beam,79.2246,0.0,49.526,3.44
BM-sheet_1-4800,beam,241.8258,0.0,151.141,10.496
BM-sheet_1-4801,beam,87.819,0.0,54.875,3.81
BM-sheet_1-4802,beam,177.3757,0.0,110.814,7.692
BM-sheet_1-4803,beam,28.3746,0.0,17.723,1.23
BM-sheet_1-4804,beam,28.3865,0.0,17.727,1.23
BM-sheet_1-4805,beam,129.7547,0.0,81.012,5.62
BM-sheet_1-4806,beam,129.8087,0.0,81.029,5.62
BM-sheet_1-4807,beam,71.6325,0.0,44.705,3.1
BM-sheet_1-4808,beam,75.1298,0.0,46.878,3.25
BM-sheet_1-4809,beam,290.9311,0.0,181.492,12.58
BM-sheet_1-4810,beam,160.1018,0.0,99.856,6.92
BM-sheet_1-4811,beam,474.9502,0.0,296.165,20.52
BM-sheet_1-4812,beam,39.2234,0.0,24.454,1.694
BM-sheet_1-4813,beam,31.2727,0.0,19.493,1.35
BM-sheet_1-4814,beam,31.2857,0.0,19.497,1.35
BM-sheet_1-4815,beam,17.3882,0.0,10.834,0.75
BM-sheet_1-4816,beam,28.9923,0.0,18.06,1.25
BM-sheet_1-4817,beam,36.1974,0.0,22.544,1.56
BM-sheet_1-4818,beam,36.2125,0.0,22.548,1.56
BM-sheet_1-4819,beam,16.9526,0.0,10.554,0.73
BM-sheet_1-4820,beam,16.9597,0.0,10.556,0.73
BM-sheet_1-4821,beam,82.7417,0.0,51.488,3.56
BM-sheet_1-4822,beam,28.5996,0.0,17.793,1.23
BM-sheet_1-4823,beam,136.544,0.0,84.933,5.87
BM-sheet_1-4824,beam,227.6342,0.0,141.564,9.782
BM-sheet_1-4825,beam,28.6352,0.0,17.804,1.23
BM-sheet_1-4826,beam,103.0978,0.0,64.089,4.427
BM-sheet_1-4827,beam,88.7727,0.0,55.173,3.81
BM-sheet_1-4828,beam,288.007,0.0,178.96,12.356
BM-sheet_1-4829,beam,185.1856,0.0,115.046,7.941
BM-sheet_1-4830,beam,28.6945,0.0,17.823,1.23
BM-sheet_1-4831,beam,131.1627,0.0,81.451,5.62
BM-sheet_1-4832,beam,28.7183,0.0,17.83,1.23
BM-sheet_1-4833,beam,131.2713,0.0,81.484,5.62
BM-sheet_1-4834,beam,72.4394,0.0,44.956,3.1
BM-sheet_1-4835,beam,75.976,0.0,47.141,3.25
BM-sheet_1-4836,beam,33.853,0.0,21.001,1.448
BM-sheet_1-4837,beam,29.2746,0.0,18.157,1.251
BM-sheet_1-4838,beam,294.4505,0.0,182.586,12.58
BM-sheet_1-4839,beam,162.0382,0.0,100.458,6.92
BM-sheet_1-4840,beam,479.7465,0.0,297.364,20.48
BM-sheet_1-4841,beam,30.9346,0.0,19.17,1.32
BM-sheet_1-4842,beam,30.9474,0.0,19.174,1.32
BM-sheet_1-4843,beam,17.591,0.0,10.897,0.75
BM-sheet_1-4844,beam,29.3304,0.0,18.165,1.25
BM-sheet_1-4845,beam,36.6195,0.0,22.675,1.56
BM-sheet_1-4846,beam,21.3702,0.0,13.23,0.91
BM-sheet_1-4847,beam,36.6497,0.0,22.684,1.56
BM-sheet_1-4848,beam,21.3878,0.0,13.235,0.91
BM-sheet_1-4849,beam,84.1758,0.0,52.078,3.58
BM-sheet_1-4850,beam,31.9906,0.0,19.788,1.36
BM-sheet_1-4851,beam,32.0038,0.0,19.792,1.36
BM-sheet_1-4852,beam,121.2408,0.0,74.963,5.15
BM-sheet_1-4853,beam,32.5012,0.0,20.091,1.38
BM-sheet_1-4854,beam,73.0401,0.0,45.142,3.1
BM-sheet_1-4855,beam,76.6058,0.0,47.336,3.25
BM-sheet_1-4856,beam,132.5237,0.0,81.872,5.62
BM-sheet_1-4857,beam,132.5783,0.0,81.889,5.62
BM-sheet_1-4858,beam,29.0282,0.0,17.926,1.23
BM-sheet_1-4859,beam,29.0402,0.0,17.93,1.23
BM-sheet_1-4860,beam,91.1717,0.0,56.279,3.86
BM-sheet_1-4861,beam,122.1635,0.0,75.394,5.17
BM-sheet_1-4862,beam,23.8752,0.0,14.732,1.01
BM-sheet_1-4863,beam,260.3447,0.0,160.607,11.009
BM-sheet_1-4864,beam,89.1925,0.0,55.012,3.77
BM-sheet_1-4865,beam,183.4287,0.0,113.111,7.75
BM-sheet_1-4866,beam,11.839,0.0,7.299,0.5
BM-sheet_1-4867,beam,175.2889,0.0,108.047,7.4
BM-sheet_1-4868,beam,89.3393,0.0,55.057,3.77
BM-sheet_1-4869,beam,245.6062,0.0,151.329,10.36
BM-sheet_1-4870,beam,89.4127,0.0,55.08,3.77
BM-sheet_1-4871,beam,11.8633,0.0,7.307,0.5
BM-sheet_1-4872,beam,89.4862,0.0,55.102,3.77
BM-sheet_1-4873,beam,246.0099,0.0,151.453,10.36
BM-sheet_1-4874,beam,89.5597,0.0,55.125,3.77
BM-sheet_1-4875,beam,139.2984,0.0,85.722,5.861
BM-sheet_1-4876,beam,8.7724,0.0,5.397,0.369
BM-sheet_1-4877,beam,112.5037,0.0,69.205,4.73
BM-sheet_1-4878,beam,72.3364,0.0,44.487,3.04
BM-sheet_1-4879,beam,119.2617,0.0,73.332,5.01
BM-sheet_1-4880,beam,154.6769,0.0,95.088,6.495
BM-sheet_1-4881,beam,199.0891,0.0,122.366,8.357
BM-sheet_1-4882,beam,163.024,0.0,100.179,6.84
BM-sheet_1-4883,beam,130.1867,0.0,79.984,5.46
BM-sheet_1-4884,beam,54.2668,0.0,33.333,2.275
BM-sheet_1-4885,beam,85.7881,0.0,52.685,3.595
BM-sheet_1-4886,beam,98.8341,0.0,60.684,4.14
BM-sheet_1-4887,beam,81.6791,0.0,50.141,3.42
BM-sheet_1-4888,beam,152.9123,0.0,93.85,6.4
BM-sheet_1-4889,beam,113.6555,0.0,69.742,4.755
BM-sheet_1-4890,beam,102.822,0.0,63.081,4.3
BM-sheet_1-4891,beam,226.807,0.0,139.117,9.481
BM-sheet_1-4892,beam,226.8997,0.0,139.145,9.481
BM-sheet_1-4893,beam,26.3356,0.0,16.147,1.1
BM-sheet_1-4894,beam,9.5805,0.0,5.873,0.4
BM-sheet_1-4895,beam,178.9889,0.0,109.697,7.47
BM-sheet_1-4896,beam,215.7373,0.0,132.192,9.0
BM-sheet_1-4897,beam,338.7261,0.0,207.51,14.125
BM-sheet_1-4898,beam,341.2635,0.0,209.022,14.225
BM-sheet_1-4899,beam,30.0003,0.0,18.371,1.25
BM-sheet_1-4900,beam,30.0125,0.0,18.375,1.25
BM-sheet_1-4901,beam,345.2846,0.0,211.356,14.375
BM-sheet_1-4902,beam,342.4219,0.0,209.56,14.25
BM-sheet_1-4903,beam,125.0326,0.0,76.504,5.201
BM-sheet_1-4904,beam,127.4885,0.0,77.991,5.301
BM-sheet_1-4905,beam,43.3338,0.0,26.504,1.801
BM-sheet_1-4906,beam,45.7584,0.0,27.981,1.901
BM-sheet_1-4907,beam,219.1157,0.0,133.961,9.1
BM-sheet_1-4908,beam,216.8693,0.0,132.561,9.003
BM-sheet_1-4909,beam,142.1799,0.0,86.889,5.9
BM-sheet_1-4910,beam,190.454,0.0,116.367,7.9
BM-sheet_1-4911,beam,138.678,0.0,84.715,5.75
BM-sheet_1-4912,beam,125.4643,0.0,76.627,5.2
BM-sheet_1-4913,beam,123.1016,0.0,75.169,5.1
BM-sheet_1-4914,beam,188.3497,0.0,114.988,7.8
BM-sheet_1-4915,beam,128.0333,0.0,78.148,5.3
BM-sheet_1-4916,beam,188.531,0.0,115.051,7.801
BM-sheet_1-4917,beam,24.206,0.0,14.769,1.001
BM-sheet_1-4918,beam,28.2376,0.0,17.225,1.167
BM-sheet_1-4919,beam,12.0983,0.0,7.379,0.5
BM-sheet_1-4920,beam,194.8615,0.0,118.818,8.05
BM-sheet_1-4921,beam,187.6759,0.0,114.413,7.75
BM-sheet_1-4922,beam,187.7522,0.0,114.437,7.75
BM-sheet_1-4923,beam,12.118,0.0,7.385,0.5
BM-sheet_1-4924,beam,179.4187,0.0,109.313,7.4
BM-sheet_1-4925,beam,194.045,0.0,118.2,8.0
BM-sheet_1-4926,beam,333.2104,0.0,202.93,13.732
BM-sheet_1-4927,beam,195.4164,0.0,118.987,8.05
BM-sheet_1-4928,beam,178.2533,0.0,108.515,7.34
BM-sheet_1-4929,beam,192.2952,0.0,117.039,7.915
BM-sheet_1-4930,beam,174.7522,0.0,106.34,7.19
BM-sheet_1-4931,beam,193.0592,0.0,117.456,7.94
BM-sheet_1-4932,beam,175.3396,0.0,106.654,7.208
BM-sheet_1-4933,beam,193.2158,0.0,117.504,7.94
BM-sheet_1-4934,beam,177.9572,0.0,108.203,7.31
BM-sheet_1-4935,beam,192.1548,0.0,116.811,7.89
BM-sheet_1-4936,beam,200.3466,0.0,121.767,8.223
BM-sheet_1-4937,beam,192.3106,0.0,116.859,7.89
BM-sheet_1-4938,beam,201.4463,0.0,122.385,8.261
BM-sheet_1-4939,beam,193.6861,0.0,117.647,7.94
BM-sheet_1-4940,beam,48.3191,0.0,29.344,1.98
BM-sheet_1-4941,beam,145.5043,0.0,88.345,5.96
BM-sheet_1-4942,beam,34.1927,0.0,20.756,1.4
BM-sheet_1-4943,beam,109.9496,0.0,66.73,4.5
BM-sheet_1-4944,beam,103.7611,0.0,62.962,4.245
BM-sheet_1-4945,beam,30.5663,0.0,18.544,1.25
BM-sheet_1-4946,beam,145.799,0.0,88.434,5.96
BM-sheet_1-4947,beam,34.2619,0.0,20.777,1.4
BM-sheet_1-4948,beam,110.1722,0.0,66.798,4.5
BM-sheet_1-4949,beam,103.9711,0.0,63.026,4.245
BM-sheet_1-4950,beam,48.5149,0.0,29.403,1.98
BM-sheet_1-4951,beam,146.0939,0.0,88.524,5.96
BM-sheet_1-4952,beam,34.3312,0.0,20.798,1.4
BM-sheet_1-4953,beam,110.3949,0.0,66.866,4.5
BM-sheet_1-4954,beam,104.1813,0.0,63.089,4.245
BM-sheet_1-4955,beam,30.69,0.0,18.581,1.25
BM-sheet_1-4956,beam,146.3891,0.0,88.613,5.96
BM-sheet_1-4957,beam,34.4006,0.0,20.819,1.4
BM-sheet_1-4958,beam,110.6179,0.0,66.933,4.5
BM-sheet_1-4959,beam,104.3917,0.0,63.153,4.245
BM-sheet_1-4960,beam,30.752,0.0,18.6,1.25
BM-sheet_1-4961,beam,146.6847,0.0,88.703,5.96
BM-sheet_1-4962,beam,34.47,0.0,20.84,1.4
BM-sheet_1-4963,beam,110.8412,0.0,67.001,4.5
BM-sheet_1-4964,beam,104.6023,0.0,63.217,4.245
BM-sheet_1-4965,beam,85.5397,0.0,51.686,3.47
BM-sheet_1-4966,beam,104.0701,0.0,62.87,4.22
BM-sheet_1-4967,beam,179.8522,0.0,108.628,7.29
BM-sheet_1-4968,beam,228.5463,0.0,138.011,9.26
BM-sheet_1-4969,beam,34.5673,0.0,20.87,1.4
BM-sheet_1-4970,beam,111.1541,0.0,67.095,4.5
BM-sheet_1-4971,beam,104.8975,0.0,63.306,4.245
BM-sheet_1-4972,beam,104.9397,0.0,63.318,4.245
BM-sheet_1-4973,beam,111.2883,0.0,67.136,4.5
BM-sheet_1-4974,beam,34.6369,0.0,20.891,1.4
BM-sheet_1-4975,beam,147.5137,0.0,88.953,5.96
BM-sheet_1-4976,beam,30.9507,0.0,18.66,1.25
BM-sheet_1-4977,beam,196.8019,0.0,118.627,7.945
BM-sheet_1-4978,beam,67.4029,0.0,40.62,2.72
BM-sheet_1-4979,beam,223.114,0.0,134.433,9.0
BM-sheet_1-4980,beam,350.3056,0.0,211.027,14.125
BM-sheet_1-4981,beam,356.6488,0.0,214.806,14.375
BM-sheet_1-4982,beam,9.9281,0.0,5.978,0.4
BM-sheet_1-4983,beam,70.2697,0.0,42.306,2.83
BM-sheet_1-4984,beam,24.8403,0.0,14.952,1.0
BM-sheet_1-4985,beam,21.3674,0.0,12.859,0.86
BM-sheet_1-4986,beam,11.8086,0.0,7.105,0.475
BM-sheet_1-4987,beam,42.528,0.0,25.583,1.71
BM-sheet_1-4988,beam,42.545,0.0,25.588,1.71
BM-sheet_1-4989,beam,17.9209,0.0,10.776,0.72
BM-sheet_1-4990,beam,52.2902,0.0,31.437,2.1
BM-sheet_1-4991,beam,52.3112,0.0,31.443,2.1
BM-sheet_1-4992,beam,78.7474,0.0,47.324,3.16
BM-sheet_1-4993,beam,78.779,0.0,47.334,3.16
BM-sheet_1-4994,beam,36.4125,0.0,21.874,1.46
BM-sheet_1-4995,beam,121.0076,0.0,72.677,4.85
BM-sheet_1-4996,beam,37.1904,0.0,22.332,1.49
BM-sheet_1-4997,beam,57.3062,0.0,34.404,2.295
BM-sheet_1-4998,beam,52.2082,0.0,31.337,2.09
BM-sheet_1-4999,beam,26.9892,0.0,16.197,1.08
BM-sheet_1-5000,beam,42.875,0.0,25.725,1.715
BM-sheet_1-5001,beam,7.503,0.0,4.501,0.3
BM-sheet_1-5002,beam,7.8813,0.0,4.727,0.315
BM-sheet_1-5003,beam,40.7989,0.0,24.465,1.63
BM-sheet_1-5004,beam,34.5552,0.0,20.717,1.38
BM-sheet_1-5005,beam,40.08,0.0,24.024,1.6
BM-sheet_1-5006,beam,62.1489,0.0,37.245,2.48
BM-sheet_1-5007,beam,62.1737,0.0,37.252,2.48
BM-sheet_1-5008,beam,52.6681,0.0,31.55,2.1
BM-sheet_1-5009,beam,52.6892,0.0,31.557,2.1
BM-sheet_1-5010,beam,19.0761,0.0,11.423,0.76
BM-sheet_1-5011,beam,38.7951,0.0,23.226,1.545
BM-sheet_1-5012,beam,58.3792,0.0,34.944,2.324
BM-sheet_1-5013,beam,121.684,0.0,72.821,4.842
BM-sheet_1-5014,beam,199.7389,0.0,119.509,7.945
BM-sheet_1-5015,beam,26.9106,0.0,16.098,1.07
BM-sheet_1-5016,beam,207.5721,0.0,124.146,8.25
BM-sheet_1-5017,beam,62.9257,0.0,37.627,2.5
BM-sheet_1-5018,beam,62.9508,0.0,37.635,2.5
BM-sheet_1-5019,beam,67.5102,0.0,40.353,2.68
BM-sheet_1-5020,beam,67.5371,0.0,40.361,2.68
BM-sheet_1-5021,beam,18.9078,0.0,11.297,0.75
BM-sheet_1-5022,beam,17.6543,0.0,10.546,0.7
BM-sheet_1-5023,beam,11.3537,0.0,6.781,0.45
BM-sheet_1-5024,beam,7.9508,0.0,4.748,0.315
BM-sheet_1-5025,beam,54.7939,0.0,32.713,2.17
BM-sheet_1-5026,beam,48.5005,0.0,28.95,1.92
BM-sheet_1-5027,beam,17.6895,0.0,10.557,0.7
BM-sheet_1-5028,beam,63.202,0.0,37.71,2.5
BM-sheet_1-5029,beam,14.7951,0.0,8.826,0.585
BM-sheet_1-5030,beam,10.1203,0.0,6.036,0.4
BM-sheet_1-5031,beam,13.9211,0.0,8.301,0.55
BM-sheet_1-5032,beam,35.9559,0.0,21.436,1.42
BM-sheet_1-5033,beam,17.4785,0.0,10.418,0.69
BM-sheet_1-5034,beam,43.08,0.0,25.673,1.7
BM-sheet_1-5035,beam,13.9432,0.0,8.308,0.55
BM-sheet_1-5036,beam,18.5137,0.0,11.029,0.73
BM-sheet_1-5037,beam,43.3846,0.0,25.84,1.71
BM-sheet_1-5038,beam,99.2414,0.0,59.096,3.91
BM-sheet_1-5039,beam,30.9777,0.0,18.443,1.22
BM-sheet_1-5040,beam,27.1797,0.0,16.178,1.07
BM-sheet_1-5041,beam,95.802,0.0,57.014,3.77
BM-sheet_1-5042,beam,112.3642,0.0,66.857,4.42
BM-sheet_1-5043,beam,45.2687,0.0,26.93,1.78
BM-sheet_1-5044,beam,45.2866,0.0,26.935,1.78
BM-sheet_1-5045,beam,69.2295,0.0,41.167,2.72
BM-sheet_1-5046,beam,69.257,0.0,41.175,2.72
BM-sheet_1-5047,beam,36.8966,0.0,21.932,1.449
BM-sheet_1-5048,beam,198.4695,0.0,117.949,7.789
BM-sheet_1-5049,beam,14.0208,0.0,8.331,0.55
BM-sheet_1-5050,beam,13.3888,0.0,7.954,0.525
BM-sheet_1-5051,beam,19.1345,0.0,11.365,0.75
BM-sheet_1-5052,beam,63.2963,0.0,37.587,2.48
BM-sheet_1-5053,beam,63.3214,0.0,37.594,2.48
BM-sheet_1-5054,beam,53.6401,0.0,31.84,2.1
BM-sheet_1-5055,beam,53.6614,0.0,31.846,2.1
BM-sheet_1-5056,beam,33.4877,0.0,19.87,1.31
BM-sheet_1-5057,beam,36.0583,0.0,21.391,1.41
BM-sheet_1-5058,beam,43.8755,0.0,26.023,1.715
BM-sheet_1-5059,beam,35.319,0.0,20.944,1.38
BM-sheet_1-5060,beam,40.9658,0.0,24.288,1.6
BM-sheet_1-5061,beam,38.1644,0.0,22.623,1.49
BM-sheet_1-5062,beam,213.831,0.0,126.727,8.345
BM-sheet_1-5063,beam,52.2933,0.0,30.986,2.04
BM-sheet_1-5064,beam,9.4883,0.0,5.621,0.37
BM-sheet_1-5065,beam,14.2381,0.0,8.433,0.555
BM-sheet_1-5066,beam,53.8951,0.0,31.916,2.1
BM-sheet_1-5067,beam,53.9164,0.0,31.922,2.1
BM-sheet_1-5068,beam,81.1634,0.0,48.045,3.16
BM-sheet_1-5069,beam,81.1954,0.0,48.054,3.16
BM-sheet_1-5070,beam,43.9554,0.0,26.009,1.71
BM-sheet_1-5071,beam,43.9727,0.0,26.014,1.71
BM-sheet_1-5072,beam,99.8137,0.0,59.038,3.88
BM-sheet_1-5073,beam,115.809,0.0,68.486,4.5
BM-sheet_1-5074,beam,30.8946,0.0,18.266,1.2
BM-sheet_1-5075,beam,47.9055,0.0,28.318,1.86
BM-sheet_1-5076,beam,105.5109,0.0,62.359,4.095
BM-sheet_1-5077,beam,115.9917,0.0,68.539,4.5
BM-sheet_1-5078,beam,36.1005,0.0,21.328,1.4
BM-sheet_1-5079,beam,135.6882,0.0,80.147,5.26
BM-sheet_1-5080,beam,41.4193,0.0,24.46,1.605
BM-sheet_1-5081,beam,81.3222,0.0,48.015,3.15
BM-sheet_1-5082,beam,83.9369,0.0,49.55,3.25
BM-sheet_1-5083,beam,25.8369,0.0,15.249,1.0
BM-sheet_1-5084,beam,39.0291,0.0,23.031,1.51
BM-sheet_1-5085,beam,10.3429,0.0,6.102,0.4
BM-sheet_1-5086,beam,73.9808,0.0,43.638,2.86
BM-sheet_1-5087,beam,12.4212,0.0,7.325,0.48
BM-sheet_1-5088,beam,12.2967,0.0,7.25,0.475
BM-sheet_1-5089,beam,44.2854,0.0,26.107,1.71
BM-sheet_1-5090,beam,44.3029,0.0,26.112,1.71
BM-sheet_1-5091,beam,54.4284,0.0,32.073,2.1
BM-sheet_1-5092,beam,54.4498,0.0,32.08,2.1
BM-sheet_1-5093,beam,18.6758,0.0,11.001,0.72
BM-sheet_1-5094,beam,24.9109,0.0,14.671,0.96
BM-sheet_1-5095,beam,82.0305,0.0,48.301,3.16
BM-sheet_1-5096,beam,82.0627,0.0,48.31,3.16
BM-sheet_1-5097,beam,44.165,0.0,25.995,1.7
BM-sheet_1-5098,beam,65.7537,0.0,38.694,2.53
BM-sheet_1-5099,beam,53.0396,0.0,31.206,2.04
BM-sheet_1-5100,beam,14.4355,0.0,8.491,0.555
BM-sheet_1-5101,beam,9.6275,0.0,5.662,0.37
BM-sheet_1-5102,beam,178.1781,0.0,104.77,6.845
BM-sheet_1-5103,beam,28.1239,0.0,16.534,1.08
BM-sheet_1-5104,beam,44.6771,0.0,26.26,1.715
BM-sheet_1-5105,beam,8.2092,0.0,4.824,0.315
BM-sheet_1-5106,beam,7.8214,0.0,4.595,0.3
BM-sheet_1-5107,beam,38.8614,0.0,22.828,1.49
BM-sheet_1-5108,beam,36.0065,0.0,21.147,1.38
BM-sheet_1-5109,beam,42.5461,0.0,24.983,1.63
BM-sheet_1-5110,beam,41.7794,0.0,24.528,1.6
BM-sheet_1-5111,beam,64.7834,0.0,38.026,2.48
BM-sheet_1-5112,beam,64.8087,0.0,38.033,2.48
BM-sheet_1-5113,beam,54.8998,0.0,32.212,2.1
BM-sheet_1-5114,beam,54.9213,0.0,32.218,2.1
BM-sheet_1-5115,beam,41.0763,0.0,24.092,1.57
BM-sheet_1-5116,beam,76.0685,0.0,44.606,2.906
BM-sheet_1-5117,beam,132.1454,0.0,77.474,5.047
BM-sheet_1-5118,beam,39.4284,0.0,23.112,1.505
BM-sheet_1-5119,beam,208.3231,0.0,122.088,7.95
BM-sheet_1-5120,beam,8.2574,0.0,4.838,0.315
BM-sheet_1-5121,beam,70.282,0.0,41.173,2.68
BM-sheet_1-5122,beam,70.3095,0.0,41.181,2.68
BM-sheet_1-5123,beam,65.6129,0.0,38.423,2.5
BM-sheet_1-5124,beam,65.6384,0.0,38.43,2.5
BM-sheet_1-5125,beam,44.6516,0.0,26.138,1.7
BM-sheet_1-5126,beam,120.3435,0.0,70.431,4.58
BM-sheet_1-5127,beam,80.6984,0.0,47.22,3.07
BM-sheet_1-5128,beam,30.2408,0.0,17.692,1.15
BM-sheet_1-5129,beam,51.561,0.0,30.159,1.96
BM-sheet_1-5130,beam,97.3725,0.0,56.943,3.7
BM-sheet_1-5131,beam,111.1006,0.0,64.958,4.22
BM-sheet_1-5132,beam,46.3539,0.0,27.097,1.76
BM-sheet_1-5133,beam,46.3719,0.0,27.102,1.76
BM-sheet_1-5134,beam,65.8949,0.0,38.505,2.5
BM-sheet_1-5135,beam,29.005,0.0,16.945,1.1
BM-sheet_1-5136,beam,15.4314,0.0,9.014,0.585
BM-sheet_1-5137,beam,42.4859,0.0,24.812,1.61
BM-sheet_1-5138,beam,38.2786,0.0,22.35,1.45
BM-sheet_1-5139,beam,18.4865,0.0,10.792,0.7
BM-sheet_1-5140,beam,44.9133,0.0,26.214,1.7
BM-sheet_1-5141,beam,14.6686,0.0,8.56,0.555
BM-sheet_1-5142,beam,70.8596,0.0,41.342,2.68
BM-sheet_1-5143,beam,70.8872,0.0,41.35,2.68
BM-sheet_1-5144,beam,47.3647,0.0,27.623,1.79
BM-sheet_1-5145,beam,47.3831,0.0,27.629,1.79
BM-sheet_1-5146,beam,28.2026,0.0,16.441,1.065
BM-sheet_1-5147,beam,20.6635,0.0,12.044,0.78
BM-sheet_1-5148,beam,99.3821,0.0,57.915,3.75
BM-sheet_1-5149,beam,27.5727,0.0,16.065,1.04
BM-sheet_1-5150,beam,29.0421,0.0,16.918,1.095
BM-sheet_1-5151,beam,21.0936,0.0,12.285,0.795
BM-sheet_1-5152,beam,103.2527,0.0,60.124,3.89
BM-sheet_1-5153,beam,12.4801,0.0,7.266,0.47
BM-sheet_1-5154,beam,70.9251,0.0,41.284,2.67
BM-sheet_1-5155,beam,211.1306,0.0,122.869,7.945
BM-sheet_1-5156,beam,13.2923,0.0,7.734,0.5
BM-sheet_1-5157,beam,13.9622,0.0,8.122,0.525
BM-sheet_1-5158,beam,14.3664,0.0,8.356,0.54
BM-sheet_1-5159,beam,66.0059,0.0,38.383,2.48
BM-sheet_1-5160,beam,66.0315,0.0,38.39,2.48
BM-sheet_1-5161,beam,55.9354,0.0,32.514,2.1
BM-sheet_1-5162,beam,55.9571,0.0,32.521,2.1
BM-sheet_1-5163,beam,42.6505,0.0,24.782,1.6
BM-sheet_1-5164,beam,42.667,0.0,24.787,1.6
BM-sheet_1-5165,beam,43.217,0.0,25.102,1.62
BM-sheet_1-5166,beam,43.2339,0.0,25.107,1.62
BM-sheet_1-5167,beam,18.1546,0.0,10.541,0.68
BM-sheet_1-5168,beam,53.8171,0.0,31.241,2.015
BM-sheet_1-5169,beam,9.3515,0.0,5.427,0.35
BM-sheet_1-5170,beam,17.3738,0.0,10.082,0.65
BM-sheet_1-5171,beam,8.5566,0.0,4.964,0.32
BM-sheet_1-5172,beam,39.8569,0.0,23.119,1.49
BM-sheet_1-5173,beam,223.3116,0.0,129.506,8.345
BM-sheet_1-5174,beam,53.2728,0.0,30.889,1.99
BM-sheet_1-5175,beam,54.9003,0.0,31.826,2.05
BM-sheet_1-5176,beam,54.9215,0.0,31.832,2.05
BM-sheet_1-5177,beam,83.3521,0.0,48.301,3.11
BM-sheet_1-5178,beam,83.3843,0.0,48.311,3.11
BM-sheet_1-5179,beam,33.7959,0.0,19.577,1.26
BM-sheet_1-5180,beam,45.8834,0.0,26.573,1.71
BM-sheet_1-5181,beam,45.9011,0.0,26.579,1.71
BM-sheet_1-5182,beam,28.1958,0.0,16.323,1.05
BM-sheet_1-5183,beam,22.2967,0.0,12.906,0.83
BM-sheet_1-5184,beam,12.7651,0.0,7.387,0.475
BM-sheet_1-5185,beam,120.979,0.0,69.998,4.5
BM-sheet_1-5186,beam,37.6524,0.0,21.781,1.4
BM-sheet_1-5187,beam,141.5201,0.0,81.851,5.26
BM-sheet_1-5188,beam,24.2238,0.0,14.008,0.9
BM-sheet_1-5189,beam,52.5052,0.0,30.356,1.95
BM-sheet_1-5190,beam,142.7613,0.0,82.521,5.3
BM-sheet_1-5191,beam,210.1826,0.0,121.469,7.8
BM-sheet_1-5192,beam,210.2635,0.0,121.493,7.8
BM-sheet_1-5193,beam,210.3445,0.0,121.516,7.8
BM-sheet_1-5194,beam,142.9816,0.0,82.585,5.3
BM-sheet_1-5195,beam,210.5066,0.0,121.563,7.8
BM-sheet_1-5196,beam,210.5876,0.0,121.586,7.8
BM-sheet_1-5197,beam,210.6687,0.0,121.61,7.8
BM-sheet_1-5198,beam,27.0192,0.0,15.594,1.0
BM-sheet_1-5199,beam,76.4938,0.0,44.14,2.83
BM-sheet_1-5200,beam,10.816,0.0,6.24,0.4
BM-sheet_1-5201,beam,12.8489,0.0,7.411,0.475
BM-sheet_1-5202,beam,17.8704,0.0,10.306,0.66
BM-sheet_1-5203,beam,46.2918,0.0,26.691,1.71
BM-sheet_1-5204,beam,46.3096,0.0,26.697,1.71
BM-sheet_1-5205,beam,53.6422,0.0,30.918,1.98
BM-sheet_1-5206,beam,53.6628,0.0,30.924,1.98
BM-sheet_1-5207,beam,85.6766,0.0,49.362,3.16
BM-sheet_1-5208,beam,85.7095,0.0,49.372,3.16
BM-sheet_1-5209,beam,26.3197,0.0,15.158,0.97
BM-sheet_1-5210,beam,68.6746,0.0,39.544,2.53
BM-sheet_1-5211,beam,55.3952,0.0,31.891,2.04
BM-sheet_1-5212,beam,10.051,0.0,5.785,0.37
BM-sheet_1-5213,beam,15.0823,0.0,8.68,0.555
BM-sheet_1-5214,beam,191.5239,0.0,110.198,7.045
BM-sheet_1-5215,beam,40.5224,0.0,23.311,1.49
BM-sheet_1-5216,beam,8.162,0.0,4.694,0.3
BM-sheet_1-5217,beam,8.9816,0.0,5.165,0.33
BM-sheet_1-5218,beam,44.3809,0.0,25.516,1.63
BM-sheet_1-5219,beam,37.5884,0.0,21.607,1.38
BM-sheet_1-5220,beam,43.5974,0.0,25.056,1.6
BM-sheet_1-5221,beam,46.7489,0.0,26.862,1.715
BM-sheet_1-5222,beam,29.4508,0.0,16.919,1.08
BM-sheet_1-5223,beam,67.6537,0.0,38.859,2.48
BM-sheet_1-5224,beam,67.6796,0.0,38.867,2.48
BM-sheet_1-5225,beam,57.3313,0.0,32.918,2.1
BM-sheet_1-5226,beam,57.3533,0.0,32.924,2.1
BM-sheet_1-5227,beam,42.8948,0.0,24.619,1.57
BM-sheet_1-5228,beam,91.9673,0.0,52.774,3.365
BM-sheet_1-5229,beam,114.5795,0.0,65.737,4.191
BM-sheet_1-5230,beam,217.7291,0.0,124.892,7.96
BM-sheet_1-5231,beam,259.9519,0.0,149.084,9.5
BM-sheet_1-5232,beam,51.1891,0.0,29.352,1.87
BM-sheet_1-5233,beam,27.6581,0.0,15.856,1.01
BM-sheet_1-5234,beam,36.1611,0.0,20.727,1.32
BM-sheet_1-5235,beam,36.1749,0.0,20.731,1.32
BM-sheet_1-5236,beam,16.4494,0.0,9.425,0.6
BM-sheet_1-5237,beam,15.0844,0.0,8.641,0.55
BM-sheet_1-5238,beam,36.2164,0.0,20.742,1.32
BM-sheet_1-5239,beam,36.2302,0.0,20.746,1.32
BM-sheet_1-5240,beam,27.7322,0.0,15.877,1.01
BM-sheet_1-5241,beam,51.3653,0.0,29.402,1.87
BM-sheet_1-5242,beam,210.211,0.0,120.304,7.65
BM-sheet_1-5243,beam,68.7226,0.0,39.322,2.5
BM-sheet_1-5244,beam,68.7488,0.0,39.33,2.5
BM-sheet_1-5245,beam,73.7269,0.0,42.17,2.68
BM-sheet_1-5246,beam,33.4374,0.0,19.122,1.215
BM-sheet_1-5247,beam,36.4786,0.0,20.857,1.325
BM-sheet_1-5248,beam,19.2791,0.0,11.021,0.7
BM-sheet_1-5249,beam,11.8474,0.0,6.771,0.43
BM-sheet_1-5250,beam,50.1638,0.0,28.665,1.82
BM-sheet_1-5251,beam,50.1829,0.0,28.67,1.82
BM-sheet_1-5252,beam,94.3356,0.0,53.886,3.42
BM-sheet_1-5253,beam,31.7331,0.0,18.123,1.15
BM-sheet_1-5254,beam,52.7246,0.0,30.105,1.91
BM-sheet_1-5255,beam,11.8745,0.0,6.779,0.43
BM-sheet_1-5256,beam,58.8424,0.0,33.586,2.13
BM-sheet_1-5257,beam,52.5085,0.0,29.965,1.9
BM-sheet_1-5258,beam,52.5285,0.0,29.971,1.9
BM-sheet_1-5259,beam,56.697,0.0,32.343,2.05
BM-sheet_1-5260,beam,56.7186,0.0,32.349,2.05
BM-sheet_1-5261,beam,57.2937,0.0,32.671,2.07
BM-sheet_1-5262,beam,9.4141,0.0,5.367,0.34
BM-sheet_1-5263,beam,84.7595,0.0,48.314,3.06
BM-sheet_1-5264,beam,84.7917,0.0,48.324,3.06
BM-sheet_1-5265,beam,58.2125,0.0,33.169,2.1
BM-sheet_1-5266,beam,52.6884,0.0,30.016,1.9
BM-sheet_1-5267,beam,12.4836,0.0,7.11,0.45
BM-sheet_1-5268,beam,8.7418,0.0,4.978,0.315
BM-sheet_1-5269,beam,36.7851,0.0,20.944,1.325
BM-sheet_1-5270,beam,52.4908,0.0,29.881,1.89
BM-sheet_1-5271,beam,34.1736,0.0,19.45,1.23
BM-sheet_1-5272,beam,69.485,0.0,39.54,2.5
BM-sheet_1-5273,beam,69.5113,0.0,39.547,2.5
BM-sheet_1-5274,beam,74.5444,0.0,42.403,2.68
BM-sheet_1-5275,beam,74.5727,0.0,42.411,2.68
BM-sheet_1-5276,beam,53.4455,0.0,30.39,1.92
BM-sheet_1-5277,beam,60.4274,0.0,34.353,2.17
BM-sheet_1-5278,beam,13.9286,0.0,7.917,0.5
BM-sheet_1-5279,beam,14.6306,0.0,8.314,0.525
BM-sheet_1-5280,beam,24.8118,0.0,14.098,0.89
BM-sheet_1-5281,beam,31.3751,0.0,17.823,1.125
BM-sheet_1-5282,beam,69.1908,0.0,39.298,2.48
BM-sheet_1-5283,beam,69.217,0.0,39.306,2.48
BM-sheet_1-5284,beam,58.6334,0.0,33.289,2.1
BM-sheet_1-5285,beam,58.6556,0.0,33.295,2.1
BM-sheet_1-5286,beam,44.7069,0.0,25.373,1.6
BM-sheet_1-5287,beam,40.5309,0.0,22.998,1.45
BM-sheet_1-5288,beam,39.4278,0.0,22.368,1.41
BM-sheet_1-5289,beam,47.9746,0.0,27.212,1.715
BM-sheet_1-5290,beam,8.815,0.0,4.999,0.315
BM-sheet_1-5291,beam,8.3984,0.0,4.762,0.3
BM-sheet_1-5292,beam,38.6473,0.0,21.909,1.38
BM-sheet_1-5293,beam,45.6658,0.0,25.883,1.63
BM-sheet_1-5294,beam,41.7594,0.0,23.664,1.49
BM-sheet_1-5295,beam,233.969,0.0,132.56,8.345
BM-sheet_1-5296,beam,57.2171,0.0,32.412,2.04
BM-sheet_1-5297,beam,10.3815,0.0,5.88,0.37
BM-sheet_1-5298,beam,15.5782,0.0,8.821,0.555
BM-sheet_1-5299,beam,114.9851,0.0,65.098,4.095
BM-sheet_1-5300,beam,126.405,0.0,71.55,4.5
BM-sheet_1-5301,beam,39.3408,0.0,22.264,1.4
BM-sheet_1-5302,beam,147.8649,0.0,83.666,5.26
BM-sheet_1-5303,beam,25.3096,0.0,14.318,0.9
BM-sheet_1-5304,beam,54.8582,0.0,31.028,1.95
BM-sheet_1-5305,beam,71.2019,0.0,40.265,2.53
BM-sheet_1-5306,beam,88.9655,0.0,50.301,3.16
BM-sheet_1-5307,beam,88.999,0.0,50.31,3.16
BM-sheet_1-5308,beam,59.1672,0.0,33.44,2.1
BM-sheet_1-5309,beam,59.1895,0.0,33.447,2.1
BM-sheet_1-5310,beam,48.2153,0.0,27.24,1.71
BM-sheet_1-5311,beam,48.2335,0.0,27.245,1.71
BM-sheet_1-5312,beam,23.4204,0.0,13.227,0.83
BM-sheet_1-5313,beam,32.4622,0.0,18.33,1.15
BM-sheet_1-5314,beam,223.0849,0.0,125.942,7.9
BM-sheet_1-5315,beam,139.8337,0.0,78.928,4.95
BM-sheet_1-5316,beam,217.6009,0.0,122.8,7.7
BM-sheet_1-5317,beam,217.6828,0.0,122.823,7.7
BM-sheet_1-5318,beam,87.9546,0.0,49.617,3.11
BM-sheet_1-5319,beam,41.5885,0.0,23.457,1.47
BM-sheet_1-5320,beam,81.5728,0.0,46.0,2.882
BM-sheet_1-5321,beam,70.054,0.0,39.497,2.474
BM-sheet_1-5322,beam,84.7068,0.0,47.749,2.991
BM-sheet_1-5323,beam,70.8358,0.0,39.922,2.5
BM-sheet_1-5324,beam,70.8624,0.0,39.93,2.5
BM-sheet_1-5325,beam,75.9931,0.0,42.813,2.68
BM-sheet_1-5326,beam,76.0216,0.0,42.821,2.68
BM-sheet_1-5327,beam,47.3895,0.0,26.688,1.67
BM-sheet_1-5328,beam,47.4073,0.0,26.693,1.67
BM-sheet_1-5329,beam,53.9567,0.0,30.375,1.9
BM-sheet_1-5330,beam,59.6587,0.0,33.579,2.1
BM-sheet_1-5331,beam,32.6825,0.0,18.392,1.15
BM-sheet_1-5332,beam,54.3017,0.0,30.552,1.91
BM-sheet_1-5333,beam,97.2678,0.0,54.717,3.42
BM-sheet_1-5334,beam,97.3043,0.0,54.727,3.42
BM-sheet_1-5335,beam,32.7316,0.0,18.406,1.15
BM-sheet_1-5336,beam,54.3832,0.0,30.575,1.91
BM-sheet_1-5337,beam,12.2479,0.0,6.885,0.43
BM-sheet_1-5338,beam,60.6927,0.0,34.11,2.13
BM-sheet_1-5339,beam,59.2902,0.0,33.315,2.08
BM-sheet_1-5340,beam,9.4101,0.0,5.287,0.33
BM-sheet_1-5341,beam,87.2904,0.0,49.03,3.06
BM-sheet_1-5342,beam,104.1599,0.0,58.495,3.65
BM-sheet_1-5343,beam,39.1103,0.0,21.96,1.37
BM-sheet_1-5344,beam,58.5446,0.0,32.866,2.05
BM-sheet_1-5345,beam,54.2811,0.0,30.467,1.9
BM-sheet_1-5346,beam,71.4493,0.0,40.095,2.5
BM-sheet_1-5347,beam,71.476,0.0,40.102,2.5
BM-sheet_1-5348,beam,68.0706,0.0,38.185,2.38
BM-sheet_1-5349,beam,68.0961,0.0,38.192,2.38
BM-sheet_1-5350,beam,153.7072,0.0,86.191,5.37
BM-sheet_1-5351,beam,81.1186,0.0,45.479,2.833
BM-sheet_1-5352,beam,149.5863,0.0,83.849,5.222
BM-sheet_1-5353,beam,42.6726,0.0,23.915,1.489
BM-sheet_1-5354,beam,76.823,0.0,43.046,2.68
BM-sheet_1-5355,beam,71.6901,0.0,40.162,2.5
BM-sheet_1-5356,beam,71.7168,0.0,40.17,2.5
BM-sheet_1-5357,beam,41.6113,0.0,23.303,1.45
BM-sheet_1-5358,beam,41.6268,0.0,23.307,1.45
BM-sheet_1-5359,beam,24.1239,0.0,13.505,0.84
BM-sheet_1-5360,beam,37.9231,0.0,21.226,1.32
BM-sheet_1-5361,beam,17.2442,0.0,9.65,0.6
BM-sheet_1-5362,beam,54.627,0.0,30.563,1.9
BM-sheet_1-5363,beam,60.3997,0.0,33.787,2.1
BM-sheet_1-5364,beam,198.2425,0.0,110.874,6.89
BM-sheet_1-5365,beam,33.1007,0.0,18.509,1.15
BM-sheet_1-5366,beam,62.1949,0.0,34.772,2.16
BM-sheet_1-5367,beam,58.9056,0.0,32.927,2.045
BM-sheet_1-5368,beam,72.0386,0.0,40.26,2.5
BM-sheet_1-5369,beam,94.5498,0.0,52.831,3.28
BM-sheet_1-5370,beam,56.232,0.0,31.415,1.95
BM-sheet_1-5371,beam,56.2529,0.0,31.42,1.95
BM-sheet_1-5372,beam,53.9652,0.0,30.137,1.87
BM-sheet_1-5373,beam,138.5718,0.0,77.371,4.8
BM-sheet_1-5374,beam,22.4256,0.0,12.519,0.777
BM-sheet_1-5375,beam,109.0423,0.0,60.861,3.774
BM-sheet_1-5376,beam,111.9731,0.0,62.485,3.874
BM-sheet_1-5377,beam,191.8757,0.0,107.054,6.637
BM-sheet_1-5378,beam,189.1557,0.0,105.516,6.54
BM-sheet_1-5379,beam,55.2633,0.0,30.822,1.91
BM-sheet_1-5380,beam,33.2861,0.0,18.561,1.15
BM-sheet_1-5381,beam,11.5821,0.0,6.457,0.4
BM-sheet_1-5382,beam,82.8425,0.0,46.178,2.86
BM-sheet_1-5383,beam,28.9767,0.0,16.149,1.0
BM-sheet_1-5384,beam,13.769,0.0,7.672,0.475
BM-sheet_1-5385,beam,13.9191,0.0,7.754,0.48
BM-sheet_1-5386,beam,49.6054,0.0,27.63,1.71
BM-sheet_1-5387,beam,49.6238,0.0,27.635,1.71
BM-sheet_1-5388,beam,20.902,0.0,11.638,0.72
BM-sheet_1-5389,beam,40.9483,0.0,22.795,1.41
BM-sheet_1-5390,beam,17.4313,0.0,9.702,0.6
BM-sheet_1-5391,beam,61.0321,0.0,33.963,2.1
BM-sheet_1-5392,beam,91.8728,0.0,51.116,3.16
BM-sheet_1-5393,beam,249.9808,0.0,139.059,8.595
BM-sheet_1-5394,beam,49.4619,0.0,27.509,1.7
BM-sheet_1-5395,beam,73.6382,0.0,40.948,2.53
BM-sheet_1-5396,beam,16.1598,0.0,8.984,0.555
BM-sheet_1-5397,beam,10.7772,0.0,5.991,0.37
BM-sheet_1-5398,beam,59.4423,0.0,33.036,2.04
BM-sheet_1-5399,beam,16.615,0.0,9.232,0.57
BM-sheet_1-5400,beam,43.4484,0.0,24.138,1.49
BM-sheet_1-5401,beam,8.7512,0.0,4.861,0.3
BM-sheet_1-5402,beam,9.1922,0.0,5.105,0.315
BM-sheet_1-5403,beam,50.065,0.0,27.798,1.715
BM-sheet_1-5404,beam,31.5395,0.0,17.509,1.08
BM-sheet_1-5405,beam,40.3153,0.0,22.377,1.38
BM-sheet_1-5406,beam,47.6365,0.0,26.435,1.63
BM-sheet_1-5407,beam,46.777,0.0,25.954,1.6
BM-sheet_1-5408,beam,46.7943,0.0,25.958,1.6
BM-sheet_1-5409,beam,72.5581,0.0,40.243,2.48
BM-sheet_1-5410,beam,72.5849,0.0,40.25,2.48
BM-sheet_1-5411,beam,61.4857,0.0,34.089,2.1
BM-sheet_1-5412,beam,193.1659,0.0,107.076,6.595
BM-sheet_1-5413,beam,40.0645,0.0,22.205,1.367
BM-sheet_1-5414,beam,250.6124,0.0,138.869,8.55
BM-sheet_1-5415,beam,36.0663,0.0,19.981,1.23
BM-sheet_1-5416,beam,73.3326,0.0,40.62,2.5
BM-sheet_1-5417,beam,78.6416,0.0,43.553,2.68
BM-sheet_1-5418,beam,78.6707,0.0,43.561,2.68
BM-sheet_1-5419,beam,49.0405,0.0,27.149,1.67
BM-sheet_1-5420,beam,33.7829,0.0,18.699,1.15
BM-sheet_1-5421,beam,56.1296,0.0,31.062,1.91
BM-sheet_1-5422,beam,100.5414,0.0,55.63,3.42
BM-sheet_1-5423,beam,12.6458,0.0,6.996,0.43
BM-sheet_1-5424,beam,62.6641,0.0,34.659,2.13
BM-sheet_1-5425,beam,69.6034,0.0,38.49,2.365
BM-sheet_1-5426,beam,89.0605,0.0,49.241,3.025
BM-sheet_1-5427,beam,55.9594,0.0,30.934,1.9
BM-sheet_1-5428,beam,55.98,0.0,30.94,1.9
BM-sheet_1-5429,beam,60.4218,0.0,33.388,2.05
BM-sheet_1-5430,beam,60.444,0.0,33.394,2.05
BM-sheet_1-5431,beam,61.9411,0.0,34.215,2.1
BM-sheet_1-5432,beam,61.9639,0.0,34.222,2.1
BM-sheet_1-5433,beam,56.0832,0.0,30.968,1.9
BM-sheet_1-5434,beam,56.1039,0.0,30.974,1.9
BM-sheet_1-5435,beam,63.8047,0.0,35.219,2.16
BM-sheet_1-5436,beam,174.3456,0.0,96.217,5.9
BM-sheet_1-5437,beam,79.2234,0.0,43.713,2.68
BM-sheet_1-5438,beam,79.2525,0.0,43.722,2.68
BM-sheet_1-5439,beam,73.9568,0.0,40.792,2.5
BM-sheet_1-5440,beam,21.4474,0.0,11.828,0.725
BM-sheet_1-5441,beam,13.322,0.0,7.345,0.45
BM-sheet_1-5442,beam,10.3654,0.0,5.714,0.35
BM-sheet_1-5443,beam,64.289,0.0,35.434,2.17
BM-sheet_1-5444,beam,101.359,0.0,55.855,3.42
BM-sheet_1-5445,beam,34.0952,0.0,18.785,1.15
BM-sheet_1-5446,beam,56.6485,0.0,31.206,1.91
BM-sheet_1-5447,beam,75.9174,0.0,41.812,2.559
BM-sheet_1-5448,beam,235.8132,0.0,129.853,7.945
BM-sheet_1-5449,beam,14.8458,0.0,8.174,0.5
BM-sheet_1-5450,beam,15.5938,0.0,8.584,0.525
BM-sheet_1-5451,beam,33.8733,0.0,18.642,1.14
BM-sheet_1-5452,beam,73.7163,0.0,40.563,2.48
BM-sheet_1-5453,beam,73.7433,0.0,40.57,2.48
BM-sheet_1-5454,beam,62.4668,0.0,34.36,2.1
BM-sheet_1-5455,beam,62.4898,0.0,34.367,2.1
BM-sheet_1-5456,beam,43.1635,0.0,23.734,1.45
BM-sheet_1-5457,beam,41.9882,0.0,23.083,1.41
BM-sheet_1-5458,beam,47.6636,0.0,26.198,1.6
BM-sheet_1-5459,beam,51.1082,0.0,28.087,1.715
BM-sheet_1-5460,beam,9.3907,0.0,5.16,0.315
BM-sheet_1-5461,beam,41.1551,0.0,22.609,1.38
BM-sheet_1-5462,beam,48.6285,0.0,26.709,1.63
BM-sheet_1-5463,beam,8.9533,0.0,4.917,0.3
BM-sheet_1-5464,beam,44.4844,0.0,24.424,1.49
BM-sheet_1-5465,beam,249.2336,0.0,136.816,8.345
BM-sheet_1-5466,beam,60.9494,0.0,33.452,2.04
BM-sheet_1-5467,beam,16.5879,0.0,9.103,0.555
BM-sheet_1-5468,beam,11.0626,0.0,6.069,0.37
BM-sheet_1-5469,beam,75.6722,0.0,41.51,2.53
BM-sheet_1-5470,beam,94.55,0.0,51.856,3.16
BM-sheet_1-5471,beam,94.5846,0.0,51.865,3.16
BM-sheet_1-5472,beam,62.8798,0.0,34.474,2.1
BM-sheet_1-5473,beam,62.9028,0.0,34.48,2.1
BM-sheet_1-5474,beam,51.2396,0.0,28.082,1.71
BM-sheet_1-5475,beam,51.2583,0.0,28.087,1.71
BM-sheet_1-5476,beam,37.7831,0.0,20.699,1.26
BM-sheet_1-5477,beam,122.8399,0.0,67.285,4.095
BM-sheet_1-5478,beam,135.0382,0.0,73.953,4.5
BM-sheet_1-5479,beam,42.0272,0.0,23.012,1.4
BM-sheet_1-5480,beam,157.9599,0.0,86.474,5.26
BM-sheet_1-5481,beam,27.0372,0.0,14.799,0.9
BM-sheet_1-5482,beam,58.602,0.0,32.07,1.95
BM-sheet_1-5483,beam,12.0253,0.0,6.58,0.4
BM-sheet_1-5484,beam,86.0124,0.0,47.053,2.86
BM-sheet_1-5485,beam,30.0852,0.0,16.455,1.0
BM-sheet_1-5486,beam,14.2957,0.0,7.818,0.475
BM-sheet_1-5487,beam,14.4514,0.0,7.901,0.48
BM-sheet_1-5488,beam,63.2481,0.0,34.574,2.1
BM-sheet_1-5489,beam,63.2712,0.0,34.581,2.1
BM-sheet_1-5490,beam,95.2427,0.0,52.045,3.16
BM-sheet_1-5491,beam,95.2774,0.0,52.055,3.16
BM-sheet_1-5492,beam,51.5771,0.0,28.174,1.71
BM-sheet_1-5493,beam,51.5959,0.0,28.179,1.71
BM-sheet_1-5494,beam,134.319,0.0,73.345,4.45
BM-sheet_1-5495,beam,69.2978,0.0,37.833,2.295
BM-sheet_1-5496,beam,43.4967,0.0,23.743,1.44
BM-sheet_1-5497,beam,51.3689,0.0,28.035,1.7
BM-sheet_1-5498,beam,76.4769,0.0,41.73,2.53
BM-sheet_1-5499,beam,16.7826,0.0,9.156,0.555
BM-sheet_1-5500,beam,11.1925,0.0,6.105,0.37
BM-sheet_1-5501,beam,63.2455,0.0,34.491,2.09
BM-sheet_1-5502,beam,9.0816,0.0,4.952,0.3
BM-sheet_1-5503,beam,9.5391,0.0,5.2,0.315
BM-sheet_1-5504,beam,51.9542,0.0,28.318,1.715
BM-sheet_1-5505,beam,32.7294,0.0,17.836,1.08
BM-sheet_1-5506,beam,35.4698,0.0,19.326,1.17
BM-sheet_1-5507,beam,48.5233,0.0,26.434,1.6
BM-sheet_1-5508,beam,48.5409,0.0,26.438,1.6
BM-sheet_1-5509,beam,41.8817,0.0,22.807,1.38
BM-sheet_1-5510,beam,49.487,0.0,26.944,1.63
BM-sheet_1-5511,beam,203.3347,0.0,110.688,6.695
BM-sheet_1-5512,beam,10.6338,0.0,5.788,0.35
BM-sheet_1-5513,beam,60.7863,0.0,33.078,2.0
BM-sheet_1-5514,beam,46.2144,0.0,25.144,1.52
BM-sheet_1-5515,beam,39.7236,0.0,21.608,1.306
BM-sheet_1-5516,beam,52.1987,0.0,28.389,1.716
BM-sheet_1-5517,beam,60.7945,0.0,33.058,1.997
BM-sheet_1-5518,beam,174.2034,0.0,94.71,5.721
BM-sheet_1-5519,beam,47.8212,0.0,25.994,1.57
BM-sheet_1-5520,beam,83.1842,0.0,45.209,2.73
BM-sheet_1-5521,beam,39.6259,0.0,21.532,1.3
BM-sheet_1-5522,beam,64.4916,0.0,35.037,2.115
BM-sheet_1-5523,beam,72.5984,0.0,39.434,2.38
BM-sheet_1-5524,beam,36.6175,0.0,19.886,1.2
BM-sheet_1-5525,beam,30.5256,0.0,16.575,1.0
BM-sheet_1-5526,beam,61.5314,0.0,33.405,2.015
BM-sheet_1-5527,beam,32.9915,0.0,17.907,1.08
BM-sheet_1-5528,beam,52.4083,0.0,28.442,1.715
BM-sheet_1-5529,beam,48.9117,0.0,26.539,1.6
BM-sheet_1-5530,beam,45.5655,0.0,24.719,1.49
BM-sheet_1-5531,beam,42.2169,0.0,22.898,1.38
BM-sheet_1-5532,beam,49.8829,0.0,27.051,1.63
BM-sheet_1-5533,beam,9.6434,0.0,5.229,0.315
BM-sheet_1-5534,beam,9.1875,0.0,4.981,0.3
BM-sheet_1-5535,beam,255.6593,0.0,138.569,8.345
BM-sheet_1-5536,beam,60.9881,0.0,33.05,1.99
BM-sheet_1-5537,beam,17.0154,0.0,9.219,0.555
BM-sheet_1-5538,beam,96.9154,0.0,52.5,3.16
BM-sheet_1-5539,beam,96.9504,0.0,52.51,3.16
BM-sheet_1-5540,beam,64.4524,0.0,34.902,2.1
BM-sheet_1-5541,beam,64.4756,0.0,34.908,2.1
BM-sheet_1-5542,beam,38.6993,0.0,20.949,1.26
BM-sheet_1-5543,beam,52.5395,0.0,28.436,1.71
BM-sheet_1-5544,beam,62.394,0.0,33.763,2.03
BM-sheet_1-5545,beam,79.3274,0.0,42.918,2.58
BM-sheet_1-5546,beam,33.2188,0.0,17.969,1.08
BM-sheet_1-5547,beam,52.7692,0.0,28.539,1.715
BM-sheet_1-5548,beam,9.6958,0.0,5.243,0.315
BM-sheet_1-5549,beam,9.2374,0.0,4.994,0.3
BM-sheet_1-5550,beam,45.8957,0.0,24.808,1.49
BM-sheet_1-5551,beam,45.6041,0.0,24.646,1.48
BM-sheet_1-5552,beam,53.3267,0.0,28.815,1.73
BM-sheet_1-5553,beam,49.3373,0.0,26.654,1.6
BM-sheet_1-5554,beam,49.3551,0.0,26.659,1.6
BM-sheet_1-5555,beam,211.2232,0.0,114.072,6.845
BM-sheet_1-5556,beam,62.973,0.0,34.003,2.04
BM-sheet_1-5557,beam,15.2857,0.0,8.252,0.495
BM-sheet_1-5558,beam,78.1552,0.0,42.185,2.53
BM-sheet_1-5559,beam,52.5342,0.0,28.351,1.7
BM-sheet_1-5560,beam,68.6282,0.0,37.03,2.22
BM-sheet_1-5561,beam,68.6529,0.0,37.036,2.22
BM-sheet_1-5562,beam,97.7573,0.0,52.728,3.16
BM-sheet_1-5563,beam,97.7924,0.0,52.737,3.16
BM-sheet_1-5564,beam,65.012,0.0,35.053,2.1
BM-sheet_1-5565,beam,65.0354,0.0,35.059,2.1
BM-sheet_1-5566,beam,34.3882,0.0,18.535,1.11
BM-sheet_1-5567,beam,14.8759,0.0,8.016,0.48
BM-sheet_1-5568,beam,14.7262,0.0,7.934,0.475
BM-sheet_1-5569,beam,31.0138,0.0,16.707,1.0
BM-sheet_1-5570,beam,105.4847,0.0,56.814,3.4
BM-sheet_1-5571,beam,136.5585,0.0,73.537,4.4
BM-sheet_1-5572,beam,77.618,0.0,41.79,2.5
BM-sheet_1-5573,beam,77.6458,0.0,41.797,2.5
BM-sheet_1-5574,beam,83.2662,0.0,44.815,2.68
BM-sheet_1-5575,beam,83.2961,0.0,44.823,2.68
BM-sheet_1-5576,beam,56.587,0.0,30.445,1.82
BM-sheet_1-5577,beam,56.6073,0.0,30.45,1.82
BM-sheet_1-5578,beam,59.1168,0.0,31.795,1.9
BM-sheet_1-5579,beam,59.138,0.0,31.8,1.9
BM-sheet_1-5580,beam,64.608,0.0,34.736,2.075
BM-sheet_1-5581,beam,64.6312,0.0,34.742,2.075
BM-sheet_1-5582,beam,37.3905,0.0,20.095,1.2
BM-sheet_1-5583,beam,108.1595,0.0,58.119,3.47
BM-sheet_1-5584,beam,134.9783,0.0,72.517,4.329
BM-sheet_1-5585,beam,150.6942,0.0,80.946,4.831
BM-sheet_1-5586,beam,108.2758,0.0,58.15,3.47
BM-sheet_1-5587,beam,59.6198,0.0,32.014,1.91
BM-sheet_1-5588,beam,13.4271,0.0,7.209,0.43
BM-sheet_1-5589,beam,67.3156,0.0,36.133,2.155
BM-sheet_1-5590,beam,94.5255,0.0,50.729,3.025
BM-sheet_1-5591,beam,94.5593,0.0,50.738,3.025
BM-sheet_1-5592,beam,108.3522,0.0,58.129,3.465
BM-sheet_1-5593,beam,108.3909,0.0,58.139,3.465
BM-sheet_1-5594,beam,64.3068,0.0,34.487,2.055
BM-sheet_1-5595,beam,10.3303,0.0,5.539,0.33
BM-sheet_1-5596,beam,64.9791,0.0,34.835,2.075
BM-sheet_1-5597,beam,65.0023,0.0,34.841,2.075
BM-sheet_1-5598,beam,59.5414,0.0,31.909,1.9
BM-sheet_1-5599,beam,59.5627,0.0,31.914,1.9
BM-sheet_1-5600,beam,59.8976,0.0,32.088,1.91
BM-sheet_1-5601,beam,36.0769,0.0,19.323,1.15
BM-sheet_1-5602,beam,78.456,0.0,42.015,2.5
BM-sheet_1-5603,beam,78.484,0.0,42.022,2.5
BM-sheet_1-5604,beam,84.1649,0.0,45.056,2.68
BM-sheet_1-5605,beam,84.1949,0.0,45.064,2.68
BM-sheet_1-5606,beam,14.5777,0.0,7.801,0.464
BM-sheet_1-5607,beam,59.4187,0.0,31.792,1.89
BM-sheet_1-5608,beam,41.6708,0.0,22.292,1.325
BM-sheet_1-5609,beam,14.1574,0.0,7.572,0.45
BM-sheet_1-5610,beam,9.9137,0.0,5.301,0.315
BM-sheet_1-5611,beam,60.448,0.0,32.319,1.92
BM-sheet_1-5612,beam,68.3432,0.0,36.534,2.17
BM-sheet_1-5613,beam,78.7644,0.0,42.097,2.5
BM-sheet_1-5614,beam,78.7925,0.0,42.105,2.5
BM-sheet_1-5615,beam,84.4956,0.0,45.145,2.68
BM-sheet_1-5616,beam,84.5257,0.0,45.153,2.68
BM-sheet_1-5617,beam,41.6469,0.0,22.243,1.32
BM-sheet_1-5618,beam,41.6617,0.0,22.247,1.32
BM-sheet_1-5619,beam,18.9439,0.0,10.114,0.6
BM-sheet_1-5620,beam,41.8493,0.0,22.339,1.325
BM-sheet_1-5621,beam,22.1169,0.0,11.804,0.7
BM-sheet_1-5622,beam,13.591,0.0,7.252,0.43
BM-sheet_1-5623,beam,36.3608,0.0,19.399,1.15
BM-sheet_1-5624,beam,108.1725,0.0,57.702,3.42
BM-sheet_1-5625,beam,57.5859,0.0,30.712,1.82
BM-sheet_1-5626,beam,57.6064,0.0,30.718,1.82
BM-sheet_1-5627,beam,60.1599,0.0,32.074,1.9
BM-sheet_1-5628,beam,60.1813,0.0,32.08,1.9
BM-sheet_1-5629,beam,66.5398,0.0,35.463,2.1
BM-sheet_1-5630,beam,66.5635,0.0,35.469,2.1
BM-sheet_1-5631,beam,60.5626,0.0,32.266,1.91
BM-sheet_1-5632,beam,13.6394,0.0,7.265,0.43
BM-sheet_1-5633,beam,69.1729,0.0,36.84,2.18
BM-sheet_1-5634,beam,68.7213,0.0,36.593,2.165
BM-sheet_1-5635,beam,96.0535,0.0,51.138,3.025
BM-sheet_1-5636,beam,64.4819,0.0,34.323,2.03
BM-sheet_1-5637,beam,10.486,0.0,5.581,0.33
BM-sheet_1-5638,beam,65.1634,0.0,34.674,2.05
BM-sheet_1-5639,beam,65.1866,0.0,34.68,2.05
BM-sheet_1-5640,beam,60.4382,0.0,32.148,1.9
BM-sheet_1-5641,beam,60.4597,0.0,32.154,1.9
BM-sheet_1-5642,beam,36.607,0.0,19.465,1.15
BM-sheet_1-5643,beam,60.821,0.0,32.334,1.91
BM-sheet_1-5644,beam,108.9432,0.0,57.907,3.42
BM-sheet_1-5645,beam,10.0378,0.0,5.335,0.315
BM-sheet_1-5646,beam,61.2044,0.0,32.521,1.92
BM-sheet_1-5647,beam,69.1982,0.0,36.762,2.17
BM-sheet_1-5648,beam,14.355,0.0,7.625,0.45
BM-sheet_1-5649,beam,42.2823,0.0,22.455,1.325
BM-sheet_1-5650,beam,60.3335,0.0,32.036,1.89
BM-sheet_1-5651,beam,39.2786,0.0,20.852,1.23
BM-sheet_1-5652,beam,79.8628,0.0,42.39,2.5
BM-sheet_1-5653,beam,106.0953,0.0,56.304,3.32
BM-sheet_1-5654,beam,46.0336,0.0,24.425,1.44
BM-sheet_1-5655,beam,191.2346,0.0,101.451,5.98
BM-sheet_1-5656,beam,55.3433,0.0,29.355,1.73
BM-sheet_1-5657,beam,94.4049,0.0,50.064,2.95
BM-sheet_1-5658,beam,50.2604,0.0,26.649,1.57
BM-sheet_1-5659,beam,85.8251,0.0,45.498,2.68
BM-sheet_1-5660,beam,85.8554,0.0,45.506,2.68
BM-sheet_1-5661,beam,85.8857,0.0,45.514,2.68
BM-sheet_1-5662,beam,85.9161,0.0,45.522,2.68
BM-sheet_1-5663,beam,80.1739,0.0,42.472,2.5
BM-sheet_1-5664,beam,80.2022,0.0,42.48,2.5
BM-sheet_1-5665,beam,58.4078,0.0,30.931,1.82
BM-sheet_1-5666,beam,58.4285,0.0,30.936,1.82
BM-sheet_1-5667,beam,61.0183,0.0,32.302,1.9
BM-sheet_1-5668,beam,61.0398,0.0,32.308,1.9
BM-sheet_1-5669,beam,66.6854,0.0,35.29,2.075
BM-sheet_1-5670,beam,66.709,0.0,35.296,2.075
BM-sheet_1-5671,beam,10.2913,0.0,5.444,0.32
BM-sheet_1-5672,beam,63.0563,0.0,33.351,1.96
BM-sheet_1-5673,beam,27.3555,0.0,14.466,0.85
BM-sheet_1-5674,beam,27.3651,0.0,14.469,0.85
BM-sheet_1-5675,beam,13.8484,0.0,7.321,0.43
BM-sheet_1-5676,beam,69.4276,0.0,36.695,2.155
BM-sheet_1-5677,beam,108.4483,0.0,57.309,3.365
BM-sheet_1-5678,beam,108.4865,0.0,57.319,3.365
BM-sheet_1-5679,beam,97.5594,0.0,51.537,3.025
BM-sheet_1-5680,beam,97.5938,0.0,51.546,3.025
BM-sheet_1-5681,beam,66.9681,0.0,35.364,2.075
BM-sheet_1-5682,beam,66.9916,0.0,35.37,2.075
BM-sheet_1-5683,beam,61.3633,0.0,32.393,1.9
BM-sheet_1-5684,beam,61.3849,0.0,32.399,1.9
BM-sheet_1-5685,beam,66.416,0.0,35.048,2.055
BM-sheet_1-5686,beam,80.8265,0.0,42.645,2.5
BM-sheet_1-5687,beam,80.8549,0.0,42.652,2.5
BM-sheet_1-5688,beam,86.707,0.0,45.732,2.68
BM-sheet_1-5689,beam,86.7375,0.0,45.74,2.68
BM-sheet_1-5690,beam,62.1621,0.0,32.774,1.92
BM-sheet_1-5691,beam,70.2808,0.0,37.048,2.17
BM-sheet_1-5692,beam,10.6916,0.0,5.635,0.33
BM-sheet_1-5693,beam,112.4636,0.0,59.264,3.47
BM-sheet_1-5694,beam,323.5308,0.0,170.459,9.979
BM-sheet_1-5695,beam,10.2164,0.0,5.382,0.315
BM-sheet_1-5696,beam,14.6,0.0,7.69,0.45
BM-sheet_1-5697,beam,43.0039,0.0,22.646,1.325
BM-sheet_1-5698,beam,61.363,0.0,32.308,1.89
BM-sheet_1-5699,beam,39.9487,0.0,21.029,1.23
BM-sheet_1-5700,beam,259.92,0.0,136.8,8.0
BM-sheet_1-5701,beam,268.1366,0.0,141.1,8.25
BM-sheet_1-5702,beam,32.5128,0.0,17.106,1.0
BM-sheet_1-5703,beam,40.0048,0.0,21.044,1.23
BM-sheet_1-5704,beam,61.4923,0.0,32.342,1.89
BM-sheet_1-5705,beam,87.226,0.0,45.868,2.68
BM-sheet_1-5706,beam,87.2566,0.0,45.876,2.68
BM-sheet_1-5707,beam,81.4246,0.0,42.802,2.5
BM-sheet_1-5708,beam,81.4532,0.0,42.81,2.5
BM-sheet_1-5709,beam,59.3187,0.0,31.171,1.82
BM-sheet_1-5710,beam,59.3395,0.0,31.177,1.82
BM-sheet_1-5711,beam,43.7048,0.0,22.958,1.34
BM-sheet_1-5712,beam,22.8389,0.0,11.995,0.7
BM-sheet_1-5713,beam,13.5449,0.0,7.113,0.415
BM-sheet_1-5714,beam,62.0346,0.0,32.57,1.9
BM-sheet_1-5715,beam,62.0563,0.0,32.575,1.9
BM-sheet_1-5716,beam,111.7405,0.0,58.646,3.42
BM-sheet_1-5717,beam,37.5867,0.0,19.724,1.15
BM-sheet_1-5718,beam,62.4485,0.0,32.764,1.91
BM-sheet_1-5719,beam,14.064,0.0,7.378,0.43
BM-sheet_1-5720,beam,70.5082,0.0,36.98,2.155
BM-sheet_1-5721,beam,99.0078,0.0,51.918,3.025
BM-sheet_1-5722,beam,67.9382,0.0,35.619,2.075
BM-sheet_1-5723,beam,67.9619,0.0,35.626,2.075
BM-sheet_1-5724,beam,110.2515,0.0,57.784,3.365
BM-sheet_1-5725,beam,110.29,0.0,57.794,3.365
BM-sheet_1-5726,beam,99.1809,0.0,51.963,3.025
BM-sheet_1-5727,beam,67.401,0.0,35.307,2.055
BM-sheet_1-5728,beam,68.0807,0.0,35.657,2.075
BM-sheet_1-5729,beam,68.1045,0.0,35.663,2.075
BM-sheet_1-5730,beam,62.3825,0.0,32.661,1.9
BM-sheet_1-5731,beam,62.4043,0.0,32.667,1.9
BM-sheet_1-5732,beam,10.8424,0.0,5.675,0.33
BM-sheet_1-5733,beam,37.7974,0.0,19.779,1.15
BM-sheet_1-5734,beam,62.7984,0.0,32.856,1.91
BM-sheet_1-5735,beam,112.4846,0.0,58.841,3.42
BM-sheet_1-5736,beam,82.2542,0.0,43.02,2.5
BM-sheet_1-5737,beam,82.2829,0.0,43.027,2.5
BM-sheet_1-5738,beam,10.3713,0.0,5.422,0.315
BM-sheet_1-5739,beam,14.8213,0.0,7.748,0.45
BM-sheet_1-5740,beam,43.6556,0.0,22.816,1.325
BM-sheet_1-5741,beam,63.2814,0.0,33.068,1.92
BM-sheet_1-5742,beam,71.5461,0.0,37.38,2.17
BM-sheet_1-5743,beam,62.3361,0.0,32.563,1.89
BM-sheet_1-5744,beam,40.582,0.0,21.195,1.23
BM-sheet_1-5745,beam,88.4535,0.0,46.19,2.68
BM-sheet_1-5746,beam,88.4843,0.0,46.198,2.68
BM-sheet_1-5747,beam,305.5091,0.0,159.479,9.25
BM-sheet_1-5748,beam,46.9161,0.0,24.486,1.42
BM-sheet_1-5749,beam,69.5724,0.0,36.305,2.105
BM-sheet_1-5750,beam,16.5312,0.0,8.625,0.5
BM-sheet_1-5751,beam,37.7044,0.0,19.668,1.14
BM-sheet_1-5752,beam,82.052,0.0,42.795,2.48
BM-sheet_1-5753,beam,82.0806,0.0,42.802,2.48
BM-sheet_1-5754,beam,69.5279,0.0,36.25,2.1
BM-sheet_1-5755,beam,69.5521,0.0,36.257,2.1
BM-sheet_1-5756,beam,25.18,0.0,13.124,0.76
BM-sheet_1-5757,beam,28.1716,0.0,14.68,0.85
BM-sheet_1-5758,beam,38.7908,0.0,20.211,1.17
BM-sheet_1-5759,beam,114.2571,0.0,59.519,3.445
BM-sheet_1-5760,beam,149.2992,0.0,77.76,4.5
BM-sheet_1-5761,beam,46.4648,0.0,24.196,1.4
BM-sheet_1-5762,beam,174.6354,0.0,90.924,5.26
BM-sheet_1-5763,beam,29.891,0.0,15.56,0.9
BM-sheet_1-5764,beam,52.4931,0.0,27.321,1.58
BM-sheet_1-5765,beam,56.9984,0.0,29.661,1.715
BM-sheet_1-5766,beam,10.4727,0.0,5.449,0.315
BM-sheet_1-5767,beam,9.9775,0.0,5.19,0.3
BM-sheet_1-5768,beam,45.9124,0.0,23.88,1.38
BM-sheet_1-5769,beam,54.2486,0.0,28.21,1.63
BM-sheet_1-5770,beam,53.2686,0.0,27.696,1.6
BM-sheet_1-5771,beam,19.9827,0.0,10.388,0.6
BM-sheet_1-5772,beam,49.6408,0.0,25.801,1.49
BM-sheet_1-5773,beam,286.4501,0.0,148.857,8.595
BM-sheet_1-5774,beam,47.0081,0.0,24.424,1.41
BM-sheet_1-5775,beam,253.7983,0.0,131.843,7.61
BM-sheet_1-5776,beam,68.0588,0.0,35.349,2.04
BM-sheet_1-5777,beam,16.52,0.0,8.579,0.495
BM-sheet_1-5778,beam,84.4648,0.0,43.855,2.53
BM-sheet_1-5779,beam,65.1238,0.0,33.807,1.95
BM-sheet_1-5780,beam,21.3814,0.0,11.098,0.64
BM-sheet_1-5781,beam,40.4382,0.0,20.985,1.21
BM-sheet_1-5782,beam,30.4227,0.0,15.785,0.91
BM-sheet_1-5783,beam,38.2923,0.0,19.865,1.145
BM-sheet_1-5784,beam,134.4877,0.0,69.755,4.02
BM-sheet_1-5785,beam,174.0244,0.0,90.246,5.2
BM-sheet_1-5786,beam,31.8039,0.0,16.49,0.95
BM-sheet_1-5787,beam,15.9075,0.0,8.246,0.475
BM-sheet_1-5788,beam,24.4557,0.0,12.676,0.73
BM-sheet_1-5789,beam,12.3996,0.0,6.426,0.37
BM-sheet_1-5790,beam,12.0687,0.0,6.253,0.36
BM-sheet_1-5791,beam,39.9075,0.0,20.674,1.19
BM-sheet_1-5792,beam,41.2631,0.0,21.372,1.23
BM-sheet_1-5793,beam,17.6184,0.0,9.124,0.525
BM-sheet_1-5794,beam,113.4681,0.0,58.751,3.38
BM-sheet_1-5795,beam,110.149,0.0,57.023,3.28
BM-sheet_1-5796,beam,57.6131,0.0,29.82,1.715
BM-sheet_1-5797,beam,11.7618,0.0,6.087,0.35
BM-sheet_1-5798,beam,13.4467,0.0,6.958,0.4
BM-sheet_1-5799,beam,58.1771,0.0,30.097,1.73
BM-sheet_1-5800,beam,49.2826,0.0,25.491,1.465
BM-sheet_1-5801,beam,83.456,0.0,43.159,2.48
BM-sheet_1-5802,beam,83.4847,0.0,43.167,2.48
BM-sheet_1-5803,beam,70.7171,0.0,36.559,2.1
BM-sheet_1-5804,beam,70.7415,0.0,36.565,2.1
BM-sheet_1-5805,beam,34.6702,0.0,17.917,1.029
BM-sheet_1-5806,beam,53.9354,0.0,27.869,1.6
BM-sheet_1-5807,beam,53.954,0.0,27.874,1.6
BM-sheet_1-5808,beam,19.3964,0.0,10.019,0.575
BM-sheet_1-5809,beam,19.4031,0.0,10.021,0.575
BM-sheet_1-5810,beam,212.6634,0.0,109.809,6.3
BM-sheet_1-5811,beam,212.7366,0.0,109.828,6.3
BM-sheet_1-5812,beam,49.4867,0.0,25.544,1.465
BM-sheet_1-5813,beam,39.5354,0.0,20.404,1.17
BM-sheet_1-5814,beam,28.7322,0.0,14.826,0.85
BM-sheet_1-5815,beam,10.1443,0.0,5.234,0.3
BM-sheet_1-5816,beam,10.6551,0.0,5.496,0.315
BM-sheet_1-5817,beam,19.2874,0.0,9.947,0.57
BM-sheet_1-5818,beam,58.0512,0.0,29.934,1.715
BM-sheet_1-5819,beam,50.1139,0.0,25.836,1.48
BM-sheet_1-5820,beam,58.5993,0.0,30.206,1.73
BM-sheet_1-5821,beam,46.4211,0.0,23.924,1.37
BM-sheet_1-5822,beam,112.8726,0.0,58.162,3.33
BM-sheet_1-5823,beam,191.2373,0.0,98.525,5.64
BM-sheet_1-5824,beam,244.047,0.0,125.711,7.195
BM-sheet_1-5825,beam,28.841,0.0,14.854,0.85
BM-sheet_1-5826,beam,26.5141,0.0,13.653,0.781
BM-sheet_1-5827,beam,58.231,0.0,29.98,1.715
BM-sheet_1-5828,beam,10.6992,0.0,5.507,0.315
BM-sheet_1-5829,beam,55.3829,0.0,28.504,1.63
BM-sheet_1-5830,beam,46.9047,0.0,24.136,1.38
BM-sheet_1-5831,beam,54.4009,0.0,27.989,1.6
BM-sheet_1-5832,beam,19.557,0.0,10.06,0.575
BM-sheet_1-5833,beam,10.2072,0.0,5.25,0.3
BM-sheet_1-5834,beam,49.8621,0.0,25.64,1.465
BM-sheet_1-5835,beam,214.4975,0.0,110.281,6.3
BM-sheet_1-5836,beam,214.571,0.0,110.3,6.3
BM-sheet_1-5837,beam,19.5906,0.0,10.069,0.575
BM-sheet_1-5838,beam,49.9305,0.0,25.658,1.465
BM-sheet_1-5839,beam,10.9101,0.0,5.605,0.32
BM-sheet_1-5840,beam,22.1686,0.0,11.388,0.65
BM-sheet_1-5841,beam,11.941,0.0,6.133,0.35
BM-sheet_1-5842,beam,68.7699,0.0,35.315,2.015
BM-sheet_1-5843,beam,54.625,0.0,28.046,1.6
BM-sheet_1-5844,beam,54.6437,0.0,28.051,1.6
BM-sheet_1-5845,beam,39.9719,0.0,20.516,1.17
BM-sheet_1-5846,beam,23.2789,0.0,11.946,0.681
BM-sheet_1-5847,beam,25.9824,0.0,13.331,0.76
BM-sheet_1-5848,beam,51.9826,0.0,26.667,1.52
BM-sheet_1-5849,beam,55.4215,0.0,28.426,1.62
BM-sheet_1-5850,beam,55.4404,0.0,28.431,1.62
BM-sheet_1-5851,beam,71.8918,0.0,36.861,2.1
BM-sheet_1-5852,beam,71.9164,0.0,36.868,2.1
BM-sheet_1-5853,beam,84.9589,0.0,43.546,2.48
BM-sheet_1-5854,beam,84.9879,0.0,43.554,2.48
BM-sheet_1-5855,beam,193.345,0.0,99.067,5.64
BM-sheet_1-5856,beam,119.3387,0.0,61.137,3.48
BM-sheet_1-5857,beam,281.125,0.0,143.994,8.195
BM-sheet_1-5858,beam,48.729,0.0,24.955,1.42
BM-sheet_1-5859,beam,26.0892,0.0,13.359,0.76
BM-sheet_1-5860,beam,193.6753,0.0,99.151,5.64
BM-sheet_1-5861,beam,85.1913,0.0,43.606,2.48
BM-sheet_1-5862,beam,85.2203,0.0,43.613,2.48
BM-sheet_1-5863,beam,72.187,0.0,36.937,2.1
BM-sheet_1-5864,beam,72.2116,0.0,36.943,2.1
BM-sheet_1-5865,beam,29.2385,0.0,14.956,0.85
BM-sheet_1-5866,beam,40.2596,0.0,20.59,1.17
BM-sheet_1-5867,beam,19.7925,0.0,10.121,0.575
BM-sheet_1-5868,beam,55.0935,0.0,28.166,1.6
BM-sheet_1-5869,beam,55.1123,0.0,28.171,1.6
BM-sheet_1-5870,beam,55.8202,0.0,28.528,1.62
BM-sheet_1-5871,beam,55.8392,0.0,28.533,1.62
BM-sheet_1-5872,beam,69.478,0.0,35.496,2.015
BM-sheet_1-5873,beam,21.3851,0.0,10.924,0.62
BM-sheet_1-5874,beam,33.4688,0.0,17.093,0.97
BM-sheet_1-5875,beam,12.0805,0.0,6.169,0.35
BM-sheet_1-5876,beam,22.4428,0.0,11.458,0.65
BM-sheet_1-5877,beam,11.0525,0.0,5.642,0.32
BM-sheet_1-5878,beam,50.617,0.0,25.834,1.465
BM-sheet_1-5879,beam,217.7446,0.0,111.113,6.3
BM-sheet_1-5880,beam,217.8187,0.0,111.132,6.3
BM-sheet_1-5881,beam,19.887,0.0,10.145,0.575
BM-sheet_1-5882,beam,40.4796,0.0,20.646,1.17
BM-sheet_1-5883,beam,29.4182,0.0,15.002,0.85
BM-sheet_1-5884,beam,50.7204,0.0,25.86,1.465
BM-sheet_1-5885,beam,10.9095,0.0,5.561,0.315
BM-sheet_1-5886,beam,10.3935,0.0,5.297,0.3
BM-sheet_1-5887,beam,55.4508,0.0,28.258,1.6
BM-sheet_1-5888,beam,47.8426,0.0,24.376,1.38
BM-sheet_1-5889,beam,56.5289,0.0,28.797,1.63
BM-sheet_1-5890,beam,59.497,0.0,30.304,1.715
BM-sheet_1-5891,beam,195.7299,0.0,99.676,5.64
BM-sheet_1-5892,beam,115.6032,0.0,58.861,3.33
BM-sheet_1-5893,beam,284.5914,0.0,144.879,8.195
BM-sheet_1-5894,beam,26.4018,0.0,13.438,0.76
BM-sheet_1-5895,beam,52.8216,0.0,26.881,1.52
BM-sheet_1-5896,beam,86.2118,0.0,43.866,2.48
BM-sheet_1-5897,beam,86.241,0.0,43.874,2.48
BM-sheet_1-5898,beam,73.0514,0.0,37.157,2.1
BM-sheet_1-5899,beam,73.0762,0.0,37.164,2.1
BM-sheet_1-5900,beam,220.6794,0.0,112.21,6.34
BM-sheet_1-5901,beam,28.2977,0.0,14.386,0.813
BM-sheet_1-5902,beam,40.2488,0.0,20.459,1.155
BM-sheet_1-5903,beam,17.4227,0.0,8.854,0.5
BM-sheet_1-5904,beam,18.3,0.0,9.299,0.525
BM-sheet_1-5905,beam,39.7507,0.0,20.195,1.14
BM-sheet_1-5906,beam,26.5094,0.0,13.466,0.76
BM-sheet_1-5907,beam,73.2746,0.0,37.214,2.1
BM-sheet_1-5908,beam,73.2994,0.0,37.22,2.1
BM-sheet_1-5909,beam,86.5924,0.0,43.963,2.48
BM-sheet_1-5910,beam,86.6217,0.0,43.97,2.48
BM-sheet_1-5911,beam,50.6629,0.0,25.713,1.45
BM-sheet_1-5912,beam,49.282,0.0,25.008,1.41
BM-sheet_1-5913,beam,59.9625,0.0,30.422,1.715
BM-sheet_1-5914,beam,11.0172,0.0,5.589,0.315
BM-sheet_1-5915,beam,10.4962,0.0,5.324,0.3
BM-sheet_1-5916,beam,48.2987,0.0,24.492,1.38
BM-sheet_1-5917,beam,57.0677,0.0,28.934,1.63
BM-sheet_1-5918,beam,56.0364,0.0,28.406,1.6
BM-sheet_1-5919,beam,29.7794,0.0,15.093,0.85
BM-sheet_1-5920,beam,41.0043,0.0,20.779,1.17
BM-sheet_1-5921,beam,20.1585,0.0,10.214,0.575
BM-sheet_1-5922,beam,51.3777,0.0,26.027,1.465
BM-sheet_1-5923,beam,221.0162,0.0,111.945,6.3
BM-sheet_1-5924,beam,221.0908,0.0,111.964,6.3
BM-sheet_1-5925,beam,20.1857,0.0,10.221,0.575
BM-sheet_1-5926,beam,51.4471,0.0,26.045,1.465
BM-sheet_1-5927,beam,11.2414,0.0,5.69,0.32
BM-sheet_1-5928,beam,22.8418,0.0,11.56,0.65
BM-sheet_1-5929,beam,12.3036,0.0,6.225,0.35
BM-sheet_1-5930,beam,70.8573,0.0,35.847,2.015
BM-sheet_1-5931,beam,56.9864,0.0,28.825,1.62
BM-sheet_1-5932,beam,57.0056,0.0,28.83,1.62
BM-sheet_1-5933,beam,56.3208,0.0,28.478,1.6
BM-sheet_1-5934,beam,56.3398,0.0,28.483,1.6
BM-sheet_1-5935,beam,41.2123,0.0,20.832,1.17
BM-sheet_1-5936,beam,29.9507,0.0,15.137,0.85
BM-sheet_1-5937,beam,26.7885,0.0,13.536,0.76
BM-sheet_1-5938,beam,53.595,0.0,27.077,1.52
BM-sheet_1-5939,beam,74.0706,0.0,37.416,2.1
BM-sheet_1-5940,beam,74.0956,0.0,37.422,2.1
BM-sheet_1-5941,beam,87.5328,0.0,44.201,2.48
BM-sheet_1-5942,beam,87.5623,0.0,44.208,2.48
BM-sheet_1-5943,beam,49.8001,0.0,25.139,1.41
BM-sheet_1-5944,beam,51.2301,0.0,25.856,1.45
BM-sheet_1-5945,beam,40.291,0.0,20.332,1.14
BM-sheet_1-5946,beam,18.5613,0.0,9.365,0.525
BM-sheet_1-5947,beam,17.6834,0.0,8.921,0.5
BM-sheet_1-5948,beam,289.9285,0.0,146.232,8.195
BM-sheet_1-5949,beam,50.1775,0.0,25.304,1.418
BM-sheet_1-5950,beam,66.2027,0.0,33.379,1.87
BM-sheet_1-5951,beam,336.4368,0.0,169.604,9.5
BM-sheet_1-5952,beam,28.9261,0.0,14.58,0.817
BM-sheet_1-5953,beam,66.9782,0.0,33.754,1.89
BM-sheet_1-5954,beam,46.9714,0.0,23.667,1.325
BM-sheet_1-5955,beam,15.9579,0.0,8.039,0.45
BM-sheet_1-5956,beam,35.8287,0.0,18.047,1.01
BM-sheet_1-5957,beam,88.7146,0.0,44.677,2.5
BM-sheet_1-5958,beam,88.7444,0.0,44.685,2.5
BM-sheet_1-5959,beam,95.1659,0.0,47.91,2.68
BM-sheet_1-5960,beam,95.1979,0.0,47.918,2.68
BM-sheet_1-5961,beam,33.0462,0.0,16.631,0.93
BM-sheet_1-5962,beam,46.92,0.0,23.61,1.32
BM-sheet_1-5963,beam,12.9784,0.0,6.529,0.365
BM-sheet_1-5964,beam,77.1854,0.0,38.826,2.17
BM-sheet_1-5965,beam,12.4534,0.0,6.263,0.35
BM-sheet_1-5966,beam,40.9321,0.0,20.583,1.15
BM-sheet_1-5967,beam,68.0057,0.0,34.191,1.91
BM-sheet_1-5968,beam,11.7536,0.0,5.908,0.33
BM-sheet_1-5969,beam,73.2175,0.0,36.799,2.055
BM-sheet_1-5970,beam,107.8137,0.0,54.178,3.025
BM-sheet_1-5971,beam,107.8498,0.0,54.187,3.025
BM-sheet_1-5972,beam,128.9282,0.0,64.766,3.615
BM-sheet_1-5973,beam,128.9714,0.0,64.777,3.615
BM-sheet_1-5974,beam,67.8085,0.0,34.052,1.9
BM-sheet_1-5975,beam,67.8312,0.0,34.058,1.9
BM-sheet_1-5976,beam,74.1036,0.0,37.201,2.075
BM-sheet_1-5977,beam,74.1284,0.0,37.207,2.075
BM-sheet_1-5978,beam,20.5485,0.0,10.312,0.575
BM-sheet_1-5979,beam,25.7389,0.0,12.915,0.72
BM-sheet_1-5980,beam,74.2028,0.0,37.226,2.075
BM-sheet_1-5981,beam,74.2276,0.0,37.232,2.075
BM-sheet_1-5982,beam,67.9902,0.0,34.097,1.9
BM-sheet_1-5983,beam,68.0129,0.0,34.103,1.9
BM-sheet_1-5984,beam,77.1668,0.0,38.687,2.155
BM-sheet_1-5985,beam,15.4027,0.0,7.721,0.43
BM-sheet_1-5986,beam,68.4395,0.0,34.3,1.91
BM-sheet_1-5987,beam,41.2208,0.0,20.655,1.15
BM-sheet_1-5988,beam,124.4208,0.0,62.335,3.47
BM-sheet_1-5989,beam,15.4233,0.0,7.726,0.43
BM-sheet_1-5990,beam,25.1161,0.0,12.579,0.7
BM-sheet_1-5991,beam,47.557,0.0,23.814,1.325
BM-sheet_1-5992,beam,67.8587,0.0,33.975,1.89
BM-sheet_1-5993,beam,44.1767,0.0,22.114,1.23
BM-sheet_1-5994,beam,65.389,0.0,32.727,1.82
BM-sheet_1-5995,beam,65.4108,0.0,32.733,1.82
BM-sheet_1-5996,beam,47.4567,0.0,23.744,1.32
BM-sheet_1-5997,beam,17.982,0.0,8.996,0.5
BM-sheet_1-5998,beam,287.808,0.0,143.952,8.0
BM-sheet_1-5999,beam,11.3362,0.0,5.669,0.315
BM-sheet_1-6000,beam,96.48,0.0,48.24,2.68
BM-sheet_1-6001,beam,96.5122,0.0,48.248,2.68
BM-sheet_1-6002,beam,90.06,0.0,45.015,2.5
BM-sheet_1-6003,beam,90.09,0.0,45.022,2.5
BM-sheet_1-6004,beam,44.3391,0.0,22.155,1.23
BM-sheet_1-6005,beam,68.1534,0.0,34.048,1.89
BM-sheet_1-6006,beam,96.6731,0.0,48.288,2.68
BM-sheet_1-6007,beam,96.7053,0.0,48.296,2.68
BM-sheet_1-6008,beam,90.2402,0.0,45.06,2.5
BM-sheet_1-6009,beam,90.2702,0.0,45.067,2.5
BM-sheet_1-6010,beam,48.4009,0.0,24.16,1.34
BM-sheet_1-6011,beam,16.8014,0.0,8.385,0.465
BM-sheet_1-6012,beam,78.4328,0.0,39.138,2.17
BM-sheet_1-6013,beam,12.6547,0.0,6.314,0.35
BM-sheet_1-6014,beam,41.5934,0.0,20.748,1.15
BM-sheet_1-6015,beam,69.1042,0.0,34.466,1.91
BM-sheet_1-6016,beam,12.3054,0.0,6.136,0.34
BM-sheet_1-6017,beam,74.9429,0.0,37.366,2.07
BM-sheet_1-6018,beam,68.811,0.0,34.303,1.9
BM-sheet_1-6019,beam,68.8339,0.0,34.308,1.9
BM-sheet_1-6020,beam,76.1048,0.0,37.926,2.1
BM-sheet_1-6021,beam,76.1301,0.0,37.932,2.1
BM-sheet_1-6022,beam,109.7001,0.0,54.65,3.025
BM-sheet_1-6023,beam,78.5387,0.0,39.119,2.165
BM-sheet_1-6024,beam,109.7729,0.0,54.668,3.025
BM-sheet_1-6025,beam,77.3203,0.0,38.5,2.13
BM-sheet_1-6026,beam,69.3572,0.0,34.529,1.91
BM-sheet_1-6027,beam,74.4657,0.0,37.066,2.05
BM-sheet_1-6028,beam,74.4904,0.0,37.072,2.05
BM-sheet_1-6029,beam,69.0628,0.0,34.365,1.9
BM-sheet_1-6030,beam,69.0857,0.0,34.371,1.9
BM-sheet_1-6031,beam,41.8289,0.0,20.807,1.15
BM-sheet_1-6032,beam,126.256,0.0,62.793,3.47
BM-sheet_1-6033,beam,358.8753,0.0,178.456,9.86
BM-sheet_1-6034,beam,126.3398,0.0,62.814,3.47
BM-sheet_1-6035,beam,16.3896,0.0,8.147,0.45
BM-sheet_1-6036,beam,11.4765,0.0,5.704,0.315
BM-sheet_1-6037,beam,43.1878,0.0,21.462,1.185
BM-sheet_1-6038,beam,72.9149,0.0,36.228,2.0
BM-sheet_1-6039,beam,82.0564,0.0,40.763,2.25
BM-sheet_1-6040,beam,63.8428,0.0,31.71,1.75
BM-sheet_1-6041,beam,44.8872,0.0,22.291,1.23
BM-sheet_1-6042,beam,97.8354,0.0,48.578,2.68
BM-sheet_1-6043,beam,97.8678,0.0,48.586,2.68
BM-sheet_1-6044,beam,91.3248,0.0,45.33,2.5
BM-sheet_1-6045,beam,91.3551,0.0,45.338,2.5
BM-sheet_1-6046,beam,275.9836,0.0,136.942,7.55
BM-sheet_1-6047,beam,126.8847,0.0,62.949,3.47
BM-sheet_1-6048,beam,50.2844,0.0,24.943,1.375
BM-sheet_1-6049,beam,64.5821,0.0,32.029,1.765
BM-sheet_1-6050,beam,52.3416,0.0,25.954,1.43
BM-sheet_1-6051,beam,61.5125,0.0,30.497,1.68
BM-sheet_1-6052,beam,11.7205,0.0,5.81,0.32
BM-sheet_1-6053,beam,20.8841,0.0,10.351,0.57
BM-sheet_1-6054,beam,11.545,0.0,5.721,0.315
BM-sheet_1-6055,beam,52.7948,0.0,26.158,1.44
BM-sheet_1-6056,beam,42.9099,0.0,21.257,1.17
BM-sheet_1-6057,beam,20.178,0.0,9.994,0.55
BM-sheet_1-6058,beam,22.0196,0.0,10.904,0.6
BM-sheet_1-6059,beam,20.9269,0.0,10.362,0.57
BM-sheet_1-6060,beam,231.3587,0.0,114.534,6.3
BM-sheet_1-6061,beam,54.7362,0.0,27.093,1.49
BM-sheet_1-6062,beam,11.7593,0.0,5.82,0.32
BM-sheet_1-6063,beam,20.218,0.0,10.004,0.55
BM-sheet_1-6064,beam,11.5832,0.0,5.73,0.315
BM-sheet_1-6065,beam,35.6807,0.0,17.649,0.97
BM-sheet_1-6066,beam,64.9456,0.0,32.119,1.765
BM-sheet_1-6067,beam,61.8383,0.0,30.578,1.68
BM-sheet_1-6068,beam,52.6535,0.0,26.032,1.43
BM-sheet_1-6069,beam,58.9324,0.0,29.131,1.6
BM-sheet_1-6070,beam,58.9518,0.0,29.136,1.6
BM-sheet_1-6071,beam,91.4055,0.0,45.168,2.48
BM-sheet_1-6072,beam,91.4356,0.0,45.176,2.48
BM-sheet_1-6073,beam,77.4508,0.0,38.26,2.1
BM-sheet_1-6074,beam,50.5441,0.0,24.964,1.37
BM-sheet_1-6075,beam,274.7624,0.0,135.685,7.445
BM-sheet_1-6076,beam,57.9609,0.0,28.618,1.57
BM-sheet_1-6077,beam,91.5862,0.0,45.213,2.48
BM-sheet_1-6078,beam,91.6164,0.0,45.22,2.48
BM-sheet_1-6079,beam,77.6039,0.0,38.298,2.1
BM-sheet_1-6080,beam,77.6294,0.0,38.304,2.1
BM-sheet_1-6081,beam,28.1037,0.0,13.865,0.76
BM-sheet_1-6082,beam,32.4958,0.0,16.029,0.878
BM-sheet_1-6083,beam,43.2934,0.0,21.351,1.17
BM-sheet_1-6084,beam,65.3316,0.0,32.215,1.765
BM-sheet_1-6085,beam,35.9164,0.0,17.707,0.97
BM-sheet_1-6086,beam,11.6674,0.0,5.751,0.315
BM-sheet_1-6087,beam,20.3784,0.0,10.044,0.55
BM-sheet_1-6088,beam,62.2671,0.0,30.684,1.68
BM-sheet_1-6089,beam,53.0186,0.0,26.122,1.43
BM-sheet_1-6090,beam,22.2529,0.0,10.962,0.6
BM-sheet_1-6091,beam,11.8721,0.0,5.847,0.32
BM-sheet_1-6092,beam,55.2976,0.0,27.231,1.49
BM-sheet_1-6093,beam,233.8853,0.0,115.158,6.3
BM-sheet_1-6094,beam,53.477,0.0,26.326,1.44
BM-sheet_1-6095,beam,20.432,0.0,10.057,0.55
BM-sheet_1-6096,beam,36.0464,0.0,17.739,0.97
BM-sheet_1-6097,beam,65.6111,0.0,32.284,1.765
BM-sheet_1-6098,beam,11.8994,0.0,5.854,0.32
BM-sheet_1-6099,beam,21.2027,0.0,10.429,0.57
BM-sheet_1-6100,beam,11.7211,0.0,5.764,0.315
BM-sheet_1-6101,beam,53.2277,0.0,26.173,1.43
BM-sheet_1-6102,beam,62.5538,0.0,30.754,1.68
BM-sheet_1-6103,beam,59.5946,0.0,29.294,1.6
BM-sheet_1-6104,beam,59.6141,0.0,29.299,1.6
BM-sheet_1-6105,beam,21.5607,0.0,10.595,0.578
BM-sheet_1-6106,beam,31.6908,0.0,15.57,0.85
BM-sheet_1-6107,beam,28.3445,0.0,13.924,0.76
BM-sheet_1-6108,beam,51.055,0.0,25.076,1.368
BM-sheet_1-6109,beam,92.5533,0.0,45.451,2.48
BM-sheet_1-6110,beam,92.5836,0.0,45.458,2.48
BM-sheet_1-6111,beam,78.4231,0.0,38.499,2.1
BM-sheet_1-6112,beam,78.4487,0.0,38.506,2.1
BM-sheet_1-6113,beam,253.9208,0.0,124.614,6.795
BM-sheet_1-6114,beam,78.5001,0.0,38.518,2.1
BM-sheet_1-6115,beam,92.7352,0.0,45.496,2.48
BM-sheet_1-6116,beam,31.7946,0.0,15.596,0.85
BM-sheet_1-6117,beam,43.7787,0.0,21.471,1.17
BM-sheet_1-6118,beam,21.5222,0.0,10.554,0.575
BM-sheet_1-6119,beam,59.9075,0.0,29.371,1.6
BM-sheet_1-6120,beam,59.927,0.0,29.376,1.6
BM-sheet_1-6121,beam,36.3426,0.0,17.812,0.97
BM-sheet_1-6122,beam,66.1502,0.0,32.416,1.765
BM-sheet_1-6123,beam,11.8097,0.0,5.786,0.315
BM-sheet_1-6124,beam,54.9424,0.0,26.915,1.465
BM-sheet_1-6125,beam,12.005,0.0,5.88,0.32
BM-sheet_1-6126,beam,21.3909,0.0,10.475,0.57
BM-sheet_1-6127,beam,53.6824,0.0,26.285,1.43
BM-sheet_1-6128,beam,63.088,0.0,30.885,1.68
BM-sheet_1-6129,beam,55.0322,0.0,26.937,1.465
BM-sheet_1-6130,beam,12.0246,0.0,5.885,0.32
BM-sheet_1-6131,beam,20.674,0.0,10.116,0.55
BM-sheet_1-6132,beam,36.4734,0.0,17.844,0.97
BM-sheet_1-6133,beam,66.3882,0.0,32.474,1.765
BM-sheet_1-6134,beam,11.8522,0.0,5.797,0.315
BM-sheet_1-6135,beam,49.6825,0.0,24.295,1.32
BM-sheet_1-6136,beam,59.1113,0.0,28.901,1.57
BM-sheet_1-6137,beam,11.2988,0.0,5.523,0.3
BM-sheet_1-6138,beam,237.3528,0.0,116.008,6.3
BM-sheet_1-6139,beam,237.4301,0.0,116.027,6.3
BM-sheet_1-6140,beam,21.6773,0.0,10.591,0.575
BM-sheet_1-6141,beam,21.4964,0.0,10.501,0.57
BM-sheet_1-6142,beam,60.3587,0.0,29.482,1.6
BM-sheet_1-6143,beam,93.5864,0.0,45.704,2.48
BM-sheet_1-6144,beam,93.6169,0.0,45.711,2.48
BM-sheet_1-6145,beam,79.2982,0.0,38.713,2.1
BM-sheet_1-6146,beam,79.324,0.0,38.72,2.1
BM-sheet_1-6147,beam,319.0995,0.0,155.734,8.445
BM-sheet_1-6148,beam,68.7922,0.0,33.568,1.82
BM-sheet_1-6149,beam,103.1064,0.0,50.304,2.727
BM-sheet_1-6150,beam,90.774,0.0,44.28,2.4
BM-sheet_1-6151,beam,85.885,0.0,41.888,2.27
BM-sheet_1-6152,beam,85.9129,0.0,41.895,2.27
BM-sheet_1-6153,beam,146.5159,0.0,71.436,3.87
BM-sheet_1-6154,beam,145.8061,0.0,71.079,3.85
BM-sheet_1-6155,beam,39.3996,0.0,19.204,1.04
BM-sheet_1-6156,beam,95.8777,0.0,46.724,2.53
BM-sheet_1-6157,beam,103.6802,0.0,50.518,2.735
BM-sheet_1-6158,beam,178.987,0.0,87.197,4.72
BM-sheet_1-6159,beam,95.9712,0.0,46.747,2.53
BM-sheet_1-6160,beam,86.516,0.0,42.134,2.28
BM-sheet_1-6161,beam,69.0834,0.0,33.639,1.82
BM-sheet_1-6162,beam,337.7453,0.0,164.433,8.895
BM-sheet_1-6163,beam,118.1258,0.0,57.501,3.11
BM-sheet_1-6164,beam,107.3356,0.0,52.24,2.825
BM-sheet_1-6165,beam,84.9461,0.0,41.336,2.235
BM-sheet_1-6166,beam,73.948,0.0,35.979,1.945
BM-sheet_1-6167,beam,64.4641,0.0,31.359,1.695
BM-sheet_1-6168,beam,12.1742,0.0,5.921,0.32
BM-sheet_1-6169,beam,12.1781,0.0,5.922,0.32
BM-sheet_1-6170,beam,60.7199,0.0,29.523,1.595
BM-sheet_1-6171,beam,79.7802,0.0,38.785,2.095
BM-sheet_1-6172,beam,47.2361,0.0,22.96,1.24
BM-sheet_1-6173,beam,87.2625,0.0,42.408,2.29
BM-sheet_1-6174,beam,148.6613,0.0,72.236,3.9
BM-sheet_1-6175,beam,148.7094,0.0,72.247,3.9
BM-sheet_1-6176,beam,60.838,0.0,29.552,1.595
BM-sheet_1-6177,beam,26.7087,0.0,12.972,0.7
BM-sheet_1-6178,beam,180.5331,0.0,87.666,4.73
BM-sheet_1-6179,beam,171.8102,0.0,83.416,4.5
BM-sheet_1-6180,beam,100.446,0.0,48.76,2.63
BM-sheet_1-6181,beam,58.0712,0.0,28.185,1.52
BM-sheet_1-6182,beam,58.09,0.0,28.19,1.52
BM-sheet_1-6183,beam,113.1591,0.0,54.905,2.96
BM-sheet_1-6184,beam,38.8155,0.0,18.83,1.015
BM-sheet_1-6185,beam,68.8576,0.0,33.399,1.8
BM-sheet_1-6186,beam,12.2453,0.0,5.939,0.32
BM-sheet_1-6187,beam,63.9259,0.0,30.997,1.67
BM-sheet_1-6188,beam,114.108,0.0,55.321,2.98
BM-sheet_1-6189,beam,129.6581,0.0,62.849,3.385
BM-sheet_1-6190,beam,83.9123,0.0,40.668,2.19
BM-sheet_1-6191,beam,342.3946,0.0,165.916,8.933
BM-sheet_1-6192,beam,230.0452,0.0,111.456,6.0
BM-sheet_1-6193,beam,83.0372,0.0,40.225,2.165
BM-sheet_1-6194,beam,65.9889,0.0,31.961,1.72
BM-sheet_1-6195,beam,108.8017,0.0,52.688,2.835
BM-sheet_1-6196,beam,12.2849,0.0,5.948,0.32
BM-sheet_1-6197,beam,23.0417,0.0,11.155,0.6
BM-sheet_1-6198,beam,76.0621,0.0,36.816,1.98
BM-sheet_1-6199,beam,74.9338,0.0,36.264,1.95
BM-sheet_1-6200,beam,117.6264,0.0,56.916,3.06
BM-sheet_1-6201,beam,74.8428,0.0,36.208,1.946
BM-sheet_1-6202,beam,246.4887,0.0,119.23,6.408
BM-sheet_1-6203,beam,108.0886,0.0,52.276,2.809
BM-sheet_1-6204,beam,75.8245,0.0,36.666,1.97
BM-sheet_1-6205,beam,12.3206,0.0,5.957,0.32
BM-sheet_1-6206,beam,72.022,0.0,34.816,1.87
BM-sheet_1-6207,beam,43.6976,0.0,21.12,1.134
BM-sheet_1-6208,beam,141.0537,0.0,68.164,3.66
BM-sheet_1-6209,beam,335.2069,0.0,161.962,8.695
BM-sheet_1-6210,beam,20.6318,0.0,9.967,0.535
BM-sheet_1-6211,beam,48.0278,0.0,23.198,1.245
BM-sheet_1-6212,beam,156.6711,0.0,75.662,4.06
BM-sheet_1-6213,beam,58.6741,0.0,28.331,1.52
BM-sheet_1-6214,beam,32.9293,0.0,15.898,0.853
BM-sheet_1-6215,beam,54.5081,0.0,26.311,1.411
BM-sheet_1-6216,beam,79.0161,0.0,38.135,2.045
BM-sheet_1-6217,beam,86.1145,0.0,41.554,2.228
BM-sheet_1-6218,beam,19.3318,0.0,9.327,0.5
BM-sheet_1-6219,beam,195.3136,0.0,94.218,5.05
BM-sheet_1-6220,beam,177.9666,0.0,85.836,4.6
BM-sheet_1-6221,beam,162.9305,0.0,78.571,4.21
BM-sheet_1-6222,beam,84.7821,0.0,40.879,2.19
BM-sheet_1-6223,beam,116.1772,0.0,56.007,3.0
BM-sheet_1-6224,beam,79.5781,0.0,38.357,2.054
BM-sheet_1-6225,beam,18.8191,0.0,9.069,0.486
BM-sheet_1-6226,beam,143.2296,0.0,69.015,3.695
BM-sheet_1-6227,beam,73.6735,0.0,35.494,1.9
BM-sheet_1-6228,beam,128.5822,0.0,61.937,3.315
BM-sheet_1-6229,beam,35.8904,0.0,17.285,0.925
BM-sheet_1-6230,beam,63.8472,0.0,30.745,1.645
BM-sheet_1-6231,beam,131.618,0.0,63.369,3.39
BM-sheet_1-6232,beam,30.4877,0.0,14.676,0.785
BM-sheet_1-6233,beam,38.052,0.0,18.315,0.979
BM-sheet_1-6234,beam,39.7773,0.0,19.142,1.024
BM-sheet_1-6235,beam,17.507,0.0,8.424,0.45
BM-sheet_1-6236,beam,19.2268,0.0,9.25,0.494
BM-sheet_1-6237,beam,70.0203,0.0,33.68,1.8
BM-sheet_1-6238,beam,143.7822,0.0,69.148,3.695
BM-sheet_1-6239,beam,106.2658,0.0,51.098,2.73
BM-sheet_1-6240,beam,178.3342,0.0,85.738,4.58
BM-sheet_1-6241,beam,42.6503,0.0,20.502,1.095
BM-sheet_1-6242,beam,158.7724,0.0,76.308,4.075
BM-sheet_1-6243,beam,76.0013,0.0,36.522,1.95
BM-sheet_1-6244,beam,31.19,0.0,14.986,0.8
BM-sheet_1-6245,beam,143.1301,0.0,68.757,3.67
BM-sheet_1-6246,beam,132.8376,0.0,63.803,3.405
BM-sheet_1-6247,beam,77.6598,0.0,37.295,1.99
BM-sheet_1-6248,beam,67.9253,0.0,32.615,1.74
BM-sheet_1-6249,beam,129.2555,0.0,62.053,3.31
BM-sheet_1-6250,beam,12.6953,0.0,6.094,0.325
BM-sheet_1-6251,beam,14.6531,0.0,7.032,0.375
BM-sheet_1-6252,beam,24.4297,0.0,11.722,0.625
BM-sheet_1-6253,beam,12.512,0.0,6.003,0.32
BM-sheet_1-6254,beam,12.516,0.0,6.004,0.32
BM-sheet_1-6255,beam,68.0775,0.0,32.651,1.74
BM-sheet_1-6256,beam,58.3149,0.0,27.964,1.49
BM-sheet_1-6257,beam,92.6759,0.0,44.435,2.367
BM-sheet_1-6258,beam,168.2032,0.0,80.634,4.295
BM-sheet_1-6259,beam,158.4632,0.0,75.953,4.045
BM-sheet_1-6260,beam,187.1208,0.0,89.675,4.775
BM-sheet_1-6261,beam,187.1806,0.0,89.689,4.775
BM-sheet_1-6262,beam,177.6333,0.0,85.101,4.53
BM-sheet_1-6263,beam,116.3026,0.0,55.709,2.965
BM-sheet_1-6264,beam,112.2198,0.0,53.745,2.86
BM-sheet_1-6265,beam,116.3769,0.0,55.727,2.965
BM-sheet_1-6266,beam,55.7531,0.0,26.693,1.42
BM-sheet_1-6267,beam,69.7136,0.0,33.372,1.775
BM-sheet_1-6268,beam,214.5115,0.0,102.67,5.46
BM-sheet_1-6269,beam,105.3249,0.0,50.403,2.68
BM-sheet_1-6270,beam,75.2843,0.0,36.021,1.915
BM-sheet_1-6271,beam,13.7639,0.0,6.585,0.35
BM-sheet_1-6272,beam,71.7918,0.0,34.339,1.825
BM-sheet_1-6273,beam,14.7564,0.0,7.057,0.375
BM-sheet_1-6274,beam,265.5039,0.0,126.954,6.745
BM-sheet_1-6275,beam,265.5886,0.0,126.975,6.745
BM-sheet_1-6276,beam,16.1492,0.0,7.719,0.41
BM-sheet_1-6277,beam,45.0273,0.0,21.52,1.143
BM-sheet_1-6278,beam,43.268,0.0,20.676,1.098
BM-sheet_1-6279,beam,37.4545,0.0,17.895,0.95
BM-sheet_1-6280,beam,37.4665,0.0,17.898,0.95
BM-sheet_1-6281,beam,60.1627,0.0,28.736,1.525
BM-sheet_1-6282,beam,60.1819,0.0,28.74,1.525
BM-sheet_1-6283,beam,13.8166,0.0,6.597,0.35
BM-sheet_1-6284,beam,13.821,0.0,6.598,0.35
BM-sheet_1-6285,beam,79.3975,0.0,37.899,2.01
BM-sheet_1-6286,beam,154.8941,0.0,73.923,3.92
BM-sheet_1-6287,beam,30.4353,0.0,14.523,0.77
BM-sheet_1-6288,beam,46.0629,0.0,21.977,1.165
BM-sheet_1-6289,beam,83.8492,0.0,39.998,2.12
BM-sheet_1-6290,beam,12.6605,0.0,6.038,0.32
BM-sheet_1-6291,beam,58.9693,0.0,28.121,1.49
BM-sheet_1-6292,beam,273.9577,0.0,130.622,6.92
BM-sheet_1-6293,beam,48.3143,0.0,23.032,1.22
BM-sheet_1-6294,beam,48.3296,0.0,23.036,1.22
BM-sheet_1-6295,beam,84.3892,0.0,40.217,2.13
BM-sheet_1-6296,beam,78.8992,0.0,37.595,1.99
BM-sheet_1-6297,beam,145.5236,0.0,69.33,3.67
BM-sheet_1-6298,beam,32.1285,0.0,15.304,0.81
BM-sheet_1-6299,beam,32.1387,0.0,15.307,0.81
BM-sheet_1-6300,beam,32.9427,0.0,15.687,0.83
BM-sheet_1-6301,beam,45.658,0.0,21.738,1.15
BM-sheet_1-6302,beam,211.6491,0.0,100.753,5.329
BM-sheet_1-6303,beam,204.61,0.0,97.387,5.15
BM-sheet_1-6304,beam,274.6511,0.0,130.703,6.911
BM-sheet_1-6305,beam,267.7159,0.0,127.383,6.734
BM-sheet_1-6306,beam,120.6052,0.0,57.376,3.033
BM-sheet_1-6307,beam,177.5878,0.0,84.472,4.464
BM-sheet_1-6308,beam,170.6549,0.0,81.161,4.289
BM-sheet_1-6309,beam,21.3406,0.0,10.148,0.536
BM-sheet_1-6310,beam,153.2045,0.0,72.839,3.848
BM-sheet_1-6311,beam,149.0036,0.0,70.83,3.741
BM-sheet_1-6312,beam,283.2551,0.0,134.627,7.11
BM-sheet_1-6313,beam,275.6082,0.0,130.972,6.915
BM-sheet_1-6314,beam,209.6023,0.0,99.589,5.258
BM-sheet_1-6315,beam,201.303,0.0,95.631,5.048
BM-sheet_1-6316,beam,99.7296,0.0,47.37,2.5
BM-sheet_1-6317,beam,99.7612,0.0,47.377,2.5
BM-sheet_1-6318,beam,45.9047,0.0,21.797,1.15
BM-sheet_1-6319,beam,50.3115,0.0,23.886,1.26
BM-sheet_1-6320,beam,49.7283,0.0,23.605,1.245
BM-sheet_1-6321,beam,101.0863,0.0,47.976,2.53
BM-sheet_1-6322,beam,215.6257,0.0,102.322,5.395
BM-sheet_1-6323,beam,103.1492,0.0,48.94,2.58
BM-sheet_1-6324,beam,99.9824,0.0,47.43,2.5
BM-sheet_1-6325,beam,97.2137,0.0,46.109,2.43
BM-sheet_1-6326,beam,38.8177,0.0,18.409,0.97
BM-sheet_1-6327,beam,101.2783,0.0,48.022,2.53
BM-sheet_1-6328,beam,22.2242,0.0,10.536,0.555
BM-sheet_1-6329,beam,14.8208,0.0,7.025,0.37
BM-sheet_1-6330,beam,97.3674,0.0,46.146,2.43
BM-sheet_1-6331,beam,100.2039,0.0,47.483,2.5
BM-sheet_1-6332,beam,97.429,0.0,46.16,2.43
BM-sheet_1-6333,beam,100.2672,0.0,47.498,2.5
BM-sheet_1-6334,beam,66.9997,0.0,31.733,1.67
BM-sheet_1-6335,beam,67.0208,0.0,31.738,1.67
BM-sheet_1-6336,beam,100.3622,0.0,47.52,2.5
BM-sheet_1-6337,beam,95.575,0.0,45.246,2.38
BM-sheet_1-6338,beam,97.6137,0.0,46.204,2.43
BM-sheet_1-6339,beam,100.4573,0.0,47.543,2.5
BM-sheet_1-6340,beam,30.5487,0.0,14.455,0.76
BM-sheet_1-6341,beam,100.5207,0.0,47.558,2.5
BM-sheet_1-6342,beam,97.7369,0.0,46.233,2.43
BM-sheet_1-6343,beam,50.6944,0.0,23.977,1.26
BM-sheet_1-6344,beam,98.6035,0.0,46.628,2.45
BM-sheet_1-6345,beam,61.9989,0.0,29.314,1.54
BM-sheet_1-6346,beam,19.7331,0.0,9.329,0.49
BM-sheet_1-6347,beam,15.7109,0.0,7.426,0.39
BM-sheet_1-6348,beam,34.6555,0.0,16.378,0.86
BM-sheet_1-6349,beam,97.9528,0.0,46.284,2.43
BM-sheet_1-6350,beam,100.8063,0.0,47.625,2.5
BM-sheet_1-6351,beam,100.838,0.0,47.633,2.5
BM-sheet_1-6352,beam,98.0454,0.0,46.306,2.43
BM-sheet_1-6353,beam,98.0763,0.0,46.313,2.43
BM-sheet_1-6354,beam,100.9333,0.0,47.655,2.5
BM-sheet_1-6355,beam,96.1187,0.0,45.375,2.38
BM-sheet_1-6356,beam,100.9968,0.0,47.67,2.5
BM-sheet_1-6357,beam,98.1998,0.0,46.343,2.43
BM-sheet_1-6358,beam,101.0604,0.0,47.685,2.5
BM-sheet_1-6359,beam,101.0922,0.0,47.692,2.5
BM-sheet_1-6360,beam,101.124,0.0,47.7,2.5
BM-sheet_1-6361,beam,101.1558,0.0,47.707,2.5
BM-sheet_1-6362,beam,150.5808,0.0,71.006,3.72
BM-sheet_1-6363,beam,294.7048,0.0,138.946,7.279
BM-sheet_1-6364,beam,101.2512,0.0,47.73,2.5
BM-sheet_1-6365,beam,150.7092,0.0,71.033,3.72
BM-sheet_1-6366,beam,399.5859,0.0,188.306,9.86
BM-sheet_1-6367,beam,150.8039,0.0,71.056,3.72
BM-sheet_1-6368,beam,101.3786,0.0,47.76,2.5
BM-sheet_1-6369,beam,101.4104,0.0,47.768,2.5
BM-sheet_1-6370,beam,101.4423,0.0,47.775,2.5
BM-sheet_1-6371,beam,112.4333,0.0,52.943,2.77
BM-sheet_1-6372,beam,100.2879,0.0,47.217,2.47
BM-sheet_1-6373,beam,121.2362,0.0,57.07,2.985
BM-sheet_1-6374,beam,56.4727,0.0,26.58,1.39
BM-sheet_1-6375,beam,338.8104,0.0,159.44,8.337
BM-sheet_1-6376,beam,38.2522,0.0,17.998,0.941
BM-sheet_1-6377,beam,65.8791,0.0,30.992,1.62
BM-sheet_1-6378,beam,47.1875,0.0,22.195,1.16
BM-sheet_1-6379,beam,44.3539,0.0,20.859,1.09
BM-sheet_1-6380,beam,18.1135,0.0,8.517,0.445
BM-sheet_1-6381,beam,111.9722,0.0,52.643,2.75
BM-sheet_1-6382,beam,44.8029,0.0,21.061,1.1
BM-sheet_1-6383,beam,301.4959,0.0,141.703,7.4
BM-sheet_1-6384,beam,445.8262,0.0,209.505,10.939
BM-sheet_1-6385,beam,115.7818,0.0,54.4,2.84
BM-sheet_1-6386,beam,301.7794,0.0,141.769,7.4
BM-sheet_1-6387,beam,115.8543,0.0,54.417,2.84
BM-sheet_1-6388,beam,301.9684,0.0,141.814,7.4
BM-sheet_1-6389,beam,169.1961,0.0,79.447,4.145
BM-sheet_1-6390,beam,89.8306,0.0,42.174,2.2
BM-sheet_1-6391,beam,79.6475,0.0,37.387,1.95
BM-sheet_1-6392,beam,186.3109,0.0,87.443,4.56
BM-sheet_1-6393,beam,186.3692,0.0,87.456,4.56
BM-sheet_1-6394,beam,17.5798,0.0,8.248,0.43
BM-sheet_1-6395,beam,24.5399,0.0,11.512,0.6
BM-sheet_1-6396,beam,53.9996,0.0,25.328,1.32
BM-sheet_1-6397,beam,54.0165,0.0,25.332,1.32
BM-sheet_1-6398,beam,125.6686,0.0,58.926,3.07
BM-sheet_1-6399,beam,160.513,0.0,75.252,3.92
BM-sheet_1-6400,beam,74.9568,0.0,35.136,1.83
BM-sheet_1-6401,beam,42.202,0.0,19.779,1.03
BM-sheet_1-6402,beam,123.3674,0.0,57.81,3.01
BM-sheet_1-6403,beam,24.599,0.0,11.525,0.6
BM-sheet_1-6404,beam,61.5168,0.0,28.818,1.5
BM-sheet_1-6405,beam,130.0462,0.0,60.912,3.17
BM-sheet_1-6406,beam,125.9831,0.0,58.999,3.07
BM-sheet_1-6407,beam,58.2905,0.0,27.294,1.42
BM-sheet_1-6408,beam,24.6375,0.0,11.534,0.6
BM-sheet_1-6409,beam,21.9753,0.0,10.286,0.535
BM-sheet_1-6410,beam,23.2148,0.0,10.865,0.565
BM-sheet_1-6411,beam,23.222,0.0,10.867,0.565
BM-sheet_1-6412,beam,134.4419,0.0,62.902,3.27
BM-sheet_1-6413,beam,233.1876,0.0,109.085,5.67
BM-sheet_1-6414,beam,230.1749,0.0,107.659,5.595
BM-sheet_1-6415,beam,290.5347,0.0,135.87,7.06
BM-sheet_1-6416,beam,117.7321,0.0,55.049,2.86
BM-sheet_1-6417,beam,3.7205,0.0,23.253,11.627
BM-sheet_1-6418,beam,584.7022,0.0,273.31,14.195
BM-sheet_1-6419,beam,363.3302,0.0,169.807,8.818
BM-sheet_1-6420,beam,113.9633,0.0,53.254,2.765
BM-sheet_1-6421,beam,180.3695,0.0,84.272,4.375
BM-sheet_1-6422,beam,337.7727,0.0,157.789,8.19
BM-sheet_1-6423,beam,298.2812,0.0,139.319,7.23
BM-sheet_1-6424,beam,122.5654,0.0,57.238,2.97
BM-sheet_1-6425,beam,151.4999,0.0,70.739,3.67
BM-sheet_1-6426,beam,386.5069,0.0,180.442,9.36
BM-sheet_1-6427,beam,153.6595,0.0,71.725,3.72
BM-sheet_1-6428,beam,153.7074,0.0,71.736,3.72
BM-sheet_1-6429,beam,40.9187,0.0,19.094,0.99
BM-sheet_1-6430,beam,85.1705,0.0,39.737,2.06
BM-sheet_1-6431,beam,150.1287,0.0,70.034,3.63
BM-sheet_1-6432,beam,51.2996,0.0,23.927,1.24
BM-sheet_1-6433,beam,202.5722,0.0,94.469,4.895
BM-sheet_1-6434,beam,115.7028,0.0,53.949,2.795
BM-sheet_1-6435,beam,174.7469,0.0,81.467,4.22
BM-sheet_1-6436,beam,158.6466,0.0,73.95,3.83
BM-sheet_1-6437,beam,174.8556,0.0,81.492,4.22
BM-sheet_1-6438,beam,144.2385,0.0,67.213,3.48
BM-sheet_1-6439,beam,174.9642,0.0,81.518,4.22
BM-sheet_1-6440,beam,51.842,0.0,24.15,1.25
BM-sheet_1-6441,beam,41.4865,0.0,19.323,1.0
BM-sheet_1-6442,beam,138.1929,0.0,64.356,3.33
BM-sheet_1-6443,beam,83.0245,0.0,38.658,2.0
BM-sheet_1-6444,beam,83.0503,0.0,38.664,2.0
BM-sheet_1-6445,beam,152.4446,0.0,70.959,3.67
BM-sheet_1-6446,beam,388.9166,0.0,181.004,9.36
BM-sheet_1-6447,beam,27.8478,0.0,12.958,0.67
BM-sheet_1-6448,beam,108.0994,0.0,50.294,2.6
BM-sheet_1-6449,beam,407.994,0.0,189.794,9.81
BM-sheet_1-6450,beam,152.6812,0.0,71.014,3.67
BM-sheet_1-6451,beam,152.7285,0.0,71.026,3.67
BM-sheet_1-6452,beam,389.6409,0.0,181.172,9.36
BM-sheet_1-6453,beam,154.9053,0.0,72.015,3.72
BM-sheet_1-6454,beam,154.9533,0.0,72.027,3.72
BM-sheet_1-6455,beam,406.6702,0.0,189.002,9.76
BM-sheet_1-6456,beam,138.7942,0.0,64.495,3.33
BM-sheet_1-6457,beam,194.7056,0.0,90.463,4.67
BM-sheet_1-6458,beam,175.9983,0.0,81.758,4.22
BM-sheet_1-6459,beam,34.6265,0.0,16.083,0.83
BM-sheet_1-6460,beam,24.2043,0.0,11.24,0.58
BM-sheet_1-6461,beam,105.6136,0.0,49.039,2.53
BM-sheet_1-6462,beam,116.0857,0.0,53.893,2.78
BM-sheet_1-6463,beam,174.1824,0.0,80.852,4.17
BM-sheet_1-6464,beam,58.4966,0.0,27.149,1.4
BM-sheet_1-6465,beam,16.7185,0.0,7.758,0.4
BM-sheet_1-6466,beam,55.1881,0.0,25.605,1.32
BM-sheet_1-6467,beam,55.2052,0.0,25.609,1.32
BM-sheet_1-6468,beam,66.936,0.0,31.046,1.6
BM-sheet_1-6469,beam,41.848,0.0,19.407,1.0
BM-sheet_1-6470,beam,42.2795,0.0,19.604,1.01
BM-sheet_1-6471,beam,42.2926,0.0,19.607,1.01
BM-sheet_1-6472,beam,25.1321,0.0,11.65,0.6
BM-sheet_1-6473,beam,25.1398,0.0,11.651,0.6
BM-sheet_1-6474,beam,34.7875,0.0,16.12,0.83
BM-sheet_1-6475,beam,24.3169,0.0,11.266,0.58
BM-sheet_1-6476,beam,33.5509,0.0,15.542,0.8
BM-sheet_1-6477,beam,54.537,0.0,25.26,1.3
BM-sheet_1-6478,beam,174.9919,0.0,81.04,4.17
BM-sheet_1-6479,beam,16.791,0.0,7.775,0.4
BM-sheet_1-6480,beam,55.4273,0.0,25.661,1.32
BM-sheet_1-6481,beam,55.4444,0.0,25.665,1.32
BM-sheet_1-6482,beam,42.4365,0.0,19.64,1.01
BM-sheet_1-6483,beam,42.4496,0.0,19.643,1.01
BM-sheet_1-6484,beam,34.8951,0.0,16.145,0.83
BM-sheet_1-6485,beam,80.3255,0.0,37.159,1.91
BM-sheet_1-6486,beam,89.6053,0.0,41.446,2.13
BM-sheet_1-6487,beam,46.2893,0.0,21.407,1.1
BM-sheet_1-6488,beam,25.2611,0.0,11.681,0.6
BM-sheet_1-6489,beam,55.5814,0.0,25.696,1.32
BM-sheet_1-6490,beam,55.5985,0.0,25.7,1.32
BM-sheet_1-6491,beam,72.4689,0.0,33.494,1.72
BM-sheet_1-6492,beam,47.2036,0.0,21.813,1.12
BM-sheet_1-6493,beam,42.5806,0.0,19.674,1.01
BM-sheet_1-6494,beam,42.5938,0.0,19.677,1.01
BM-sheet_1-6495,beam,74.6675,0.0,34.488,1.77
BM-sheet_1-6496,beam,19.6221,0.0,9.062,0.465
BM-sheet_1-6497,beam,52.7638,0.0,24.364,1.25
BM-sheet_1-6498,beam,135.9613,0.0,62.771,3.22
BM-sheet_1-6499,beam,24.4975,0.0,11.308,0.58
BM-sheet_1-6500,beam,62.53,0.0,28.86,1.48
BM-sheet_1-6501,beam,62.5492,0.0,28.864,1.48
BM-sheet_1-6502,beam,136.1287,0.0,62.809,3.22
BM-sheet_1-6503,beam,155.2007,0.0,71.598,3.67
BM-sheet_1-6504,beam,175.3419,0.0,80.877,4.145
BM-sheet_1-6505,beam,86.3245,0.0,39.811,2.04
BM-sheet_1-6506,beam,103.7037,0.0,47.819,2.45
BM-sheet_1-6507,beam,120.672,0.0,55.635,2.85
BM-sheet_1-6508,beam,199.0641,0.0,91.763,4.7
BM-sheet_1-6509,beam,84.7342,0.0,39.054,2.0
BM-sheet_1-6510,beam,97.4742,0.0,44.919,2.3
BM-sheet_1-6511,beam,30.735,0.0,14.161,0.725
BM-sheet_1-6512,beam,29.6843,0.0,13.675,0.7
BM-sheet_1-6513,beam,14.8467,0.0,6.839,0.35
BM-sheet_1-6514,beam,19.0945,0.0,8.794,0.45
BM-sheet_1-6515,beam,81.0704,0.0,37.331,1.91
BM-sheet_1-6516,beam,78.9724,0.0,36.359,1.86
BM-sheet_1-6517,beam,48.842,0.0,22.484,1.15
BM-sheet_1-6518,beam,46.7328,0.0,21.509,1.1
BM-sheet_1-6519,beam,158.5152,0.0,72.948,3.73
BM-sheet_1-6520,beam,169.1914,0.0,77.849,3.98
BM-sheet_1-6521,beam,197.734,0.0,90.968,4.65
BM-sheet_1-6522,beam,187.1605,0.0,86.09,4.4
BM-sheet_1-6523,beam,199.5573,0.0,91.779,4.69
BM-sheet_1-6524,beam,17.4507,0.0,8.025,0.41
BM-sheet_1-6525,beam,210.3236,0.0,96.7,4.94
BM-sheet_1-6526,beam,53.6617,0.0,24.668,1.26
BM-sheet_1-6527,beam,43.0277,0.0,19.777,1.01
BM-sheet_1-6528,beam,25.5689,0.0,11.75,0.6
BM-sheet_1-6529,beam,272.3296,0.0,125.132,6.389
BM-sheet_1-6530,beam,81.8705,0.0,37.613,1.92
BM-sheet_1-6531,beam,418.0088,0.0,192.011,9.8
BM-sheet_1-6532,beam,405.3367,0.0,186.162,9.5
BM-sheet_1-6533,beam,34.9977,0.0,16.071,0.82
BM-sheet_1-6534,beam,156.6839,0.0,71.939,3.67
BM-sheet_1-6535,beam,102.0679,0.0,46.856,2.39
BM-sheet_1-6536,beam,295.6175,0.0,135.687,6.92
BM-sheet_1-6537,beam,205.97,0.0,94.525,4.82
BM-sheet_1-6538,beam,91.0301,0.0,41.77,2.13
BM-sheet_1-6539,beam,85.1071,0.0,39.046,1.99
BM-sheet_1-6540,beam,82.5492,0.0,37.867,1.93
BM-sheet_1-6541,beam,172.2081,0.0,78.982,4.025
BM-sheet_1-6542,beam,261.7083,0.0,120.013,6.115
BM-sheet_1-6543,beam,538.1324,0.0,246.737,12.57
BM-sheet_1-6544,beam,115.1964,0.0,52.81,2.69
BM-sheet_1-6545,beam,120.1579,0.0,55.076,2.805
BM-sheet_1-6546,beam,120.1946,0.0,55.085,2.805
BM-sheet_1-6547,beam,25.7179,0.0,11.785,0.6
BM-sheet_1-6548,beam,25.7258,0.0,11.786,0.6
BM-sheet_1-6549,beam,567.9053,0.0,260.149,13.241
BM-sheet_1-6550,beam,317.4785,0.0,145.41,7.4
BM-sheet_1-6551,beam,218.8696,0.0,100.23,5.1
BM-sheet_1-6552,beam,450.5367,0.0,206.29,10.495
BM-sheet_1-6553,beam,31.1328,0.0,14.253,0.725
BM-sheet_1-6554,beam,113.8305,0.0,52.104,2.65
BM-sheet_1-6555,beam,31.1518,0.0,14.257,0.725
BM-sheet_1-6556,beam,39.7576,0.0,18.193,0.925
BM-sheet_1-6557,beam,98.8868,0.0,45.243,2.3
BM-sheet_1-6558,beam,116.1199,0.0,53.12,2.7
BM-sheet_1-6559,beam,122.6084,0.0,56.079,2.85
BM-sheet_1-6560,beam,72.2964,0.0,33.062,1.68
BM-sheet_1-6561,beam,72.3185,0.0,33.067,1.68
BM-sheet_1-6562,beam,68.4652,0.0,31.301,1.59
BM-sheet_1-6563,beam,68.486,0.0,31.306,1.59
BM-sheet_1-6564,beam,172.7359,0.0,78.947,4.009
BM-sheet_1-6565,beam,122.6914,0.0,56.066,2.847
BM-sheet_1-6566,beam,469.4571,0.0,214.495,10.889
BM-sheet_1-6567,beam,1109.1876,0.0,506.71,25.72
BM-sheet_1-6568,beam,43.1386,0.0,19.704,1.0
BM-sheet_1-6569,beam,66.0222,0.0,30.152,1.53
BM-sheet_1-6570,beam,43.1649,0.0,19.71,1.0
BM-sheet_1-6571,beam,66.0624,0.0,30.161,1.53
BM-sheet_1-6572,beam,25.9147,0.0,11.83,0.6
BM-sheet_1-6573,beam,64.8065,0.0,29.579,1.5
BM-sheet_1-6574,beam,25.9305,0.0,11.833,0.6
BM-sheet_1-6575,beam,64.8459,0.0,29.588,1.5
BM-sheet_1-6576,beam,25.9463,0.0,11.837,0.6
BM-sheet_1-6577,beam,86.5139,0.0,39.462,2.0
BM-sheet_1-6578,beam,25.9621,0.0,11.84,0.6
BM-sheet_1-6579,beam,86.5665,0.0,39.474,2.0
BM-sheet_1-6580,beam,25.9778,0.0,11.844,0.6
BM-sheet_1-6581,beam,43.3096,0.0,19.743,1.0
BM-sheet_1-6582,beam,25.9936,0.0,11.848,0.6
BM-sheet_1-6583,beam,43.3359,0.0,19.749,1.0
BM-sheet_1-6584,beam,26.0094,0.0,11.851,0.6
BM-sheet_1-6585,beam,43.3622,0.0,19.755,1.0
BM-sheet_1-6586,beam,26.0252,0.0,11.855,0.6
BM-sheet_1-6587,beam,43.3886,0.0,19.761,1.0
BM-sheet_1-6588,beam,26.041,0.0,11.858,0.6
BM-sheet_1-6589,beam,43.4149,0.0,19.767,1.0
BM-sheet_1-6590,beam,26.0569,0.0,11.862,0.6
BM-sheet_1-6591,beam,43.4413,0.0,19.773,1.0
BM-sheet_1-6592,beam,26.0727,0.0,11.866,0.6
BM-sheet_1-6593,beam,47.8144,0.0,21.757,1.1
BM-sheet_1-6594,beam,26.0885,0.0,11.869,0.6
BM-sheet_1-6595,beam,47.8434,0.0,21.764,1.1
BM-sheet_1-6596,beam,26.1043,0.0,11.873,0.6
BM-sheet_1-6597,beam,43.5204,0.0,19.791,1.0
BM-sheet_1-6598,beam,26.1202,0.0,11.876,0.6
BM-sheet_1-6599,beam,43.5468,0.0,19.797,1.0
BM-sheet_1-6600,beam,26.136,0.0,11.88,0.6
BM-sheet_1-6601,beam,65.3598,0.0,29.705,1.5
BM-sheet_1-6602,beam,26.1518,0.0,11.884,0.6
BM-sheet_1-6603,beam,65.3994,0.0,29.713,1.5
BM-sheet_1-6604,beam,26.1677,0.0,11.887,0.6
BM-sheet_1-6605,beam,43.626,0.0,19.815,1.0
BM-sheet_1-6606,beam,26.1835,0.0,11.891,0.6
BM-sheet_1-6607,beam,43.6524,0.0,19.821,1.0
BM-sheet_1-6608,beam,43.6657,0.0,19.824,1.0
BM-sheet_1-6609,beam,30.5752,0.0,13.879,0.7
BM-sheet_1-6610,beam,43.6921,0.0,19.83,1.0
BM-sheet_1-6611,beam,30.5937,0.0,13.883,0.7
BM-sheet_1-6612,beam,43.7185,0.0,19.836,1.0
BM-sheet_1-6613,beam,30.6122,0.0,13.887,0.7
BM-sheet_1-6614,beam,43.745,0.0,19.842,1.0
BM-sheet_1-6615,beam,30.6308,0.0,13.891,0.7
BM-sheet_1-6616,beam,52.5257,0.0,23.818,1.2
BM-sheet_1-6617,beam,43.7847,0.0,19.851,1.0
BM-sheet_1-6618,beam,52.5575,0.0,23.825,1.2
BM-sheet_1-6619,beam,43.8112,0.0,19.857,1.0
BM-sheet_1-6620,beam,30.6771,0.0,13.902,0.7
BM-sheet_1-6621,beam,48.2214,0.0,21.849,1.1
BM-sheet_1-6622,beam,30.6956,0.0,13.906,0.7
BM-sheet_1-6623,beam,48.2505,0.0,21.856,1.1
BM-sheet_1-6624,beam,30.7142,0.0,13.91,0.7
BM-sheet_1-6625,beam,43.8906,0.0,19.875,1.0
BM-sheet_1-6626,beam,30.7327,0.0,13.915,0.7
BM-sheet_1-6627,beam,43.9171,0.0,19.881,1.0
BM-sheet_1-6628,beam,26.3582,0.0,11.93,0.6
BM-sheet_1-6629,beam,43.9436,0.0,19.887,1.0
BM-sheet_1-6630,beam,26.3741,0.0,11.934,0.6
BM-sheet_1-6631,beam,43.9702,0.0,19.893,1.0
BM-sheet_1-6632,beam,26.3901,0.0,11.938,0.6
BM-sheet_1-6633,beam,48.3964,0.0,21.889,1.1
BM-sheet_1-6634,beam,26.406,0.0,11.941,0.6
BM-sheet_1-6635,beam,48.4255,0.0,21.896,1.1
BM-sheet_1-6636,beam,26.4219,0.0,11.945,0.6
BM-sheet_1-6637,beam,44.0498,0.0,19.911,1.0
BM-sheet_1-6638,beam,26.4378,0.0,11.948,0.6
BM-sheet_1-6639,beam,44.0763,0.0,19.917,1.0
BM-sheet_1-6640,beam,44.0896,0.0,19.92,1.0
BM-sheet_1-6641,beam,30.872,0.0,13.946,0.7
BM-sheet_1-6642,beam,44.1162,0.0,19.926,1.0
BM-sheet_1-6643,beam,30.8906,0.0,13.95,0.7
BM-sheet_1-6644,beam,35.3142,0.0,15.946,0.8
BM-sheet_1-6645,beam,52.9872,0.0,23.922,1.2
BM-sheet_1-6646,beam,35.3355,0.0,15.95,0.8
BM-sheet_1-6647,beam,53.0191,0.0,23.929,1.2
BM-sheet_1-6648,beam,30.9371,0.0,13.961,0.7
BM-sheet_1-6649,beam,75.1556,0.0,33.91,1.7
BM-sheet_1-6650,beam,30.9558,0.0,13.965,0.7
BM-sheet_1-6651,beam,75.2009,0.0,33.92,1.7
BM-sheet_1-6652,beam,26.5495,0.0,11.974,0.6
BM-sheet_1-6653,beam,53.1149,0.0,23.951,1.2
BM-sheet_1-6654,beam,26.5654,0.0,11.977,0.6
BM-sheet_1-6655,beam,53.1468,0.0,23.958,1.2
BM-sheet_1-6656,beam,26.5814,0.0,11.981,0.6
BM-sheet_1-6657,beam,44.3156,0.0,19.971,1.0
BM-sheet_1-6658,beam,26.5974,0.0,11.984,0.6
BM-sheet_1-6659,beam,44.3423,0.0,19.977,1.0
BM-sheet_1-6660,beam,26.6134,0.0,11.988,0.6
BM-sheet_1-6661,beam,44.3689,0.0,19.983,1.0
BM-sheet_1-6662,beam,26.6293,0.0,11.992,0.6
BM-sheet_1-6663,beam,44.3956,0.0,19.989,1.0
BM-sheet_1-6664,beam,26.6453,0.0,11.995,0.6
BM-sheet_1-6665,beam,79.96,0.0,35.991,1.8
BM-sheet_1-6666,beam,26.6613,0.0,11.999,0.6
BM-sheet_1-6667,beam,80.008,0.0,36.002,1.8
BM-sheet_1-6668,beam,26.6773,0.0,12.002,0.6
BM-sheet_1-6669,beam,62.2658,0.0,28.01,1.4
BM-sheet_1-6670,beam,26.6933,0.0,12.006,0.6
BM-sheet_1-6671,beam,62.3031,0.0,28.018,1.4
BM-sheet_1-6672,beam,26.7094,0.0,12.01,0.6
BM-sheet_1-6673,beam,44.5289,0.0,20.019,1.0
BM-sheet_1-6674,beam,26.7254,0.0,12.013,0.6
BM-sheet_1-6675,beam,44.5556,0.0,20.025,1.0
BM-sheet_1-6676,beam,26.7414,0.0,12.017,0.6
BM-sheet_1-6677,beam,53.4988,0.0,24.037,1.2
BM-sheet_1-6678,beam,26.7574,0.0,12.02,0.6
BM-sheet_1-6679,beam,53.5308,0.0,24.044,1.2
BM-sheet_1-6680,beam,26.7734,0.0,12.024,0.6
BM-sheet_1-6681,beam,44.6358,0.0,20.043,1.0
BM-sheet_1-6682,beam,26.7895,0.0,12.028,0.6
BM-sheet_1-6683,beam,44.6625,0.0,20.049,1.0
BM-sheet_1-6684,beam,17.8703,0.0,8.021,0.4
BM-sheet_1-6685,beam,35.7514,0.0,16.044,0.8
BM-sheet_1-6686,beam,17.881,0.0,8.023,0.4
BM-sheet_1-6687,beam,35.7728,0.0,16.049,0.8
BM-sheet_1-6688,beam,17.8917,0.0,8.026,0.4
BM-sheet_1-6689,beam,35.7942,0.0,16.054,0.8
BM-sheet_1-6690,beam,17.9024,0.0,8.028,0.4
BM-sheet_1-6691,beam,35.8156,0.0,16.058,0.8
BM-sheet_1-6692,beam,17.9131,0.0,8.03,0.4
BM-sheet_1-6693,beam,35.837,0.0,16.063,0.8
BM-sheet_1-6694,beam,17.9239,0.0,8.033,0.4
BM-sheet_1-6695,beam,35.8584,0.0,16.068,0.8
BM-sheet_1-6696,beam,17.9346,0.0,8.035,0.4
BM-sheet_1-6697,beam,35.8798,0.0,16.073,0.8
BM-sheet_1-6698,beam,17.9453,0.0,8.038,0.4
BM-sheet_1-6699,beam,35.9013,0.0,16.078,0.8
BM-sheet_1-6700,beam,22.445,0.0,10.05,0.5
BM-sheet_1-6701,beam,31.4324,0.0,14.072,0.7
BM-sheet_1-6702,beam,22.4584,0.0,10.053,0.5
BM-sheet_1-6703,beam,31.4511,0.0,14.076,0.7
BM-sheet_1-6704,beam,22.4718,0.0,10.056,0.5
BM-sheet_1-6705,beam,31.4699,0.0,14.081,0.7
BM-sheet_1-6706,beam,22.4852,0.0,10.059,0.5
BM-sheet_1-6707,beam,31.4887,0.0,14.085,0.7
BM-sheet_1-6708,beam,17.9989,0.0,8.05,0.4
BM-sheet_1-6709,beam,36.0085,0.0,16.102,0.8
BM-sheet_1-6710,beam,18.0096,0.0,8.052,0.4
BM-sheet_1-6711,beam,36.03,0.0,16.106,0.8
BM-sheet_1-6712,beam,18.0204,0.0,8.054,0.4
BM-sheet_1-6713,beam,36.0515,0.0,16.111,0.8
BM-sheet_1-6714,beam,18.0311,0.0,8.057,0.4
BM-sheet_1-6715,beam,36.073,0.0,16.116,0.8
BM-sheet_1-6716,beam,18.0419,0.0,8.059,0.4
BM-sheet_1-6717,beam,36.0945,0.0,16.121,0.8
BM-sheet_1-6718,beam,18.0526,0.0,8.062,0.4
BM-sheet_1-6719,beam,36.116,0.0,16.126,0.8
BM-sheet_1-6720,beam,18.0634,0.0,8.064,0.4
BM-sheet_1-6721,beam,36.1375,0.0,16.13,0.8
BM-sheet_1-6722,beam,18.0741,0.0,8.066,0.4
BM-sheet_1-6723,beam,36.159,0.0,16.135,0.8
BM-sheet_1-6724,beam,18.0849,0.0,8.069,0.4
BM-sheet_1-6725,beam,36.1805,0.0,16.14,0.8
BM-sheet_1-6726,beam,18.0956,0.0,8.071,0.4
BM-sheet_1-6727,beam,36.202,0.0,16.145,0.8
BM-sheet_1-6728,beam,18.1064,0.0,8.074,0.4
BM-sheet_1-6729,beam,36.2236,0.0,16.15,0.8
BM-sheet_1-6730,beam,18.1172,0.0,8.076,0.4
BM-sheet_1-6731,beam,36.2451,0.0,16.154,0.8
BM-sheet_1-6732,beam,18.1279,0.0,8.078,0.4
BM-sheet_1-6733,beam,36.2666,0.0,16.159,0.8
BM-sheet_1-6734,beam,18.1387,0.0,8.081,0.4
BM-sheet_1-6735,beam,36.2882,0.0,16.164,0.8
BM-sheet_1-6736,beam,18.1495,0.0,8.083,0.4
BM-sheet_1-6737,beam,36.3097,0.0,16.169,0.8
BM-sheet_1-6738,beam,18.1603,0.0,8.086,0.4
BM-sheet_1-6739,beam,36.3313,0.0,16.174,0.8
BM-sheet_1-6740,beam,18.171,0.0,8.088,0.4
BM-sheet_1-6741,beam,36.3529,0.0,16.178,0.8
BM-sheet_1-6742,beam,18.1818,0.0,8.09,0.4
BM-sheet_1-6743,beam,36.3744,0.0,16.183,0.8
BM-sheet_1-6744,beam,18.1926,0.0,8.093,0.4
BM-sheet_1-6745,beam,36.396,0.0,16.188,0.8
BM-sheet_1-6746,beam,18.2034,0.0,8.095,0.4
BM-sheet_1-6747,beam,36.4176,0.0,16.193,0.8
BM-sheet_1-6748,beam,18.2142,0.0,8.098,0.4
BM-sheet_1-6749,beam,36.4392,0.0,16.198,0.8
BM-sheet_1-6750,beam,18.225,0.0,8.1,0.4
BM-sheet_1-6751,beam,36.4608,0.0,16.202,0.8
BM-sheet_1-6752,beam,18.2358,0.0,8.102,0.4
BM-sheet_1-6753,beam,36.4824,0.0,16.207,0.8
BM-sheet_1-6754,beam,18.2466,0.0,8.105,0.4
BM-sheet_1-6755,beam,36.504,0.0,16.212,0.8
BM-sheet_1-6756,beam,18.2574,0.0,8.107,0.4
BM-sheet_1-6757,beam,36.5256,0.0,16.217,0.8
BM-sheet_1-6758,beam,18.2682,0.0,8.11,0.4
BM-sheet_1-6759,beam,36.5473,0.0,16.222,0.8
BM-sheet_1-6760,beam,18.279,0.0,8.112,0.4
BM-sheet_1-6761,beam,36.5689,0.0,16.226,0.8
BM-sheet_1-6762,beam,18.2899,0.0,8.114,0.4
BM-sheet_1-6763,beam,36.5905,0.0,16.231,0.8
BM-sheet_1-6764,beam,18.3007,0.0,8.117,0.4
BM-sheet_1-6765,beam,36.6122,0.0,16.236,0.8
BM-sheet_1-6766,beam,18.3115,0.0,8.119,0.4
BM-sheet_1-6767,beam,36.6338,0.0,16.241,0.8
BM-sheet_1-6768,beam,18.3223,0.0,8.122,0.4
BM-sheet_1-6769,beam,36.6555,0.0,16.246,0.8
BM-sheet_1-6770,beam,18.3332,0.0,8.124,0.4
BM-sheet_1-6771,beam,36.6772,0.0,16.25,0.8
BM-sheet_1-6772,beam,18.344,0.0,8.126,0.4
BM-sheet_1-6773,beam,36.6988,0.0,16.255,0.8
BM-sheet_1-6774,beam,18.3548,0.0,8.129,0.4
BM-sheet_1-6775,beam,36.7205,0.0,16.26,0.8
BM-sheet_1-6776,beam,18.3657,0.0,8.131,0.4
BM-sheet_1-6777,beam,36.7422,0.0,16.265,0.8
BM-sheet_1-6778,beam,18.3765,0.0,8.134,0.4
BM-sheet_1-6779,beam,36.7639,0.0,16.27,0.8
BM-sheet_1-6780,beam,18.3874,0.0,8.136,0.4
BM-sheet_1-6781,beam,36.7856,0.0,16.274,0.8
BM-sheet_1-6782,beam,18.3982,0.0,8.138,0.4
BM-sheet_1-6783,beam,36.8073,0.0,16.279,0.8
BM-sheet_1-6784,beam,23.0113,0.0,10.176,0.5
BM-sheet_1-6785,beam,23.0181,0.0,10.178,0.5
BM-sheet_1-6786,beam,23.0249,0.0,10.179,0.5
BM-sheet_1-6787,beam,23.0317,0.0,10.181,0.5
BM-sheet_1-6788,beam,23.0385,0.0,10.182,0.5
BM-sheet_1-6789,beam,23.0453,0.0,10.183,0.5
BM-sheet_1-6790,beam,23.0521,0.0,10.185,0.5
BM-sheet_1-6791,beam,23.0588,0.0,10.187,0.5
BM-sheet_1-6792,beam,32.2919,0.0,14.263,0.7
BM-sheet_1-6793,beam,23.0724,0.0,10.19,0.5
BM-sheet_1-6794,beam,32.3109,0.0,14.267,0.7
BM-sheet_1-6795,beam,32.3204,0.0,14.269,0.7
BM-sheet_1-6796,beam,60.0413,0.0,26.504,1.3
BM-sheet_1-6797,beam,32.3394,0.0,14.274,0.7
BM-sheet_1-6798,beam,60.0766,0.0,26.512,1.3
BM-sheet_1-6799,beam,32.3585,0.0,14.278,0.7
BM-sheet_1-6800,beam,50.864,0.0,22.44,1.1
BM-sheet_1-6801,beam,32.3775,0.0,14.282,0.7
BM-sheet_1-6802,beam,50.8939,0.0,22.447,1.1
BM-sheet_1-6803,beam,32.3966,0.0,14.286,0.7
BM-sheet_1-6804,beam,74.0711,0.0,32.659,1.6
BM-sheet_1-6805,beam,32.4156,0.0,14.29,0.7
BM-sheet_1-6806,beam,74.1146,0.0,32.669,1.6
BM-sheet_1-6807,beam,32.4347,0.0,14.295,0.7
BM-sheet_1-6808,beam,60.2535,0.0,26.551,1.3
BM-sheet_1-6809,beam,32.4537,0.0,14.299,0.7
BM-sheet_1-6810,beam,60.2889,0.0,26.559,1.3
BM-sheet_1-6811,beam,32.4728,0.0,14.303,0.7
BM-sheet_1-6812,beam,60.3243,0.0,26.567,1.3
BM-sheet_1-6813,beam,32.4919,0.0,14.307,0.7
BM-sheet_1-6814,beam,60.3598,0.0,26.575,1.3
BM-sheet_1-6815,beam,32.511,0.0,14.311,0.7
BM-sheet_1-6816,beam,74.3326,0.0,32.717,1.6
BM-sheet_1-6817,beam,32.53,0.0,14.316,0.7
BM-sheet_1-6818,beam,74.3762,0.0,32.726,1.6
BM-sheet_1-6819,beam,32.5491,0.0,14.32,0.7
BM-sheet_1-6820,beam,55.8149,0.0,24.552,1.2
BM-sheet_1-6821,beam,32.5682,0.0,14.324,0.7
BM-sheet_1-6822,beam,55.8476,0.0,24.559,1.2
BM-sheet_1-6823,beam,32.5873,0.0,14.328,0.7
BM-sheet_1-6824,beam,55.8804,0.0,24.566,1.2
BM-sheet_1-6825,beam,32.6064,0.0,14.332,0.7
BM-sheet_1-6826,beam,55.9131,0.0,24.574,1.2
BM-sheet_1-6827,beam,32.6256,0.0,14.337,0.7
BM-sheet_1-6828,beam,83.9189,0.0,36.871,1.8
BM-sheet_1-6829,beam,32.6447,0.0,14.341,0.7
BM-sheet_1-6830,beam,83.968,0.0,36.882,1.8
BM-sheet_1-6831,beam,27.9975,0.0,12.296,0.6
BM-sheet_1-6832,beam,46.6762,0.0,20.496,1.0
BM-sheet_1-6833,beam,28.0139,0.0,12.299,0.6
BM-sheet_1-6834,beam,46.7036,0.0,20.502,1.0
BM-sheet_1-6835,beam,32.7021,0.0,14.353,0.7
BM-sheet_1-6836,beam,98.1349,0.0,43.067,2.1
BM-sheet_1-6837,beam,32.7212,0.0,14.358,0.7
BM-sheet_1-6838,beam,98.1923,0.0,43.079,2.1
BM-sheet_1-6839,beam,255.8424,0.0,112.228,5.47
BM-sheet_1-6840,beam,367.267,0.0,161.082,7.85
BM-sheet_1-6841,beam,98.2785,0.0,43.098,2.1
BM-sheet_1-6842,beam,98.3072,0.0,43.105,2.1
BM-sheet_1-6843,beam,116.1301,0.0,50.912,2.48
BM-sheet_1-6844,beam,116.164,0.0,50.919,2.48
BM-sheet_1-6845,beam,98.3935,0.0,43.123,2.1
BM-sheet_1-6846,beam,324.3246,0.0,142.123,6.92
BM-sheet_1-6847,beam,134.0808,0.0,58.747,2.86
BM-sheet_1-6848,beam,148.6575,0.0,65.124,3.17
BM-sheet_1-6849,beam,18.7635,0.0,8.219,0.4
BM-sheet_1-6850,beam,37.538,0.0,16.44,0.8
BM-sheet_1-6851,beam,18.7745,0.0,8.221,0.4
BM-sheet_1-6852,beam,37.5599,0.0,16.445,0.8
BM-sheet_1-6853,beam,18.7854,0.0,8.224,0.4
BM-sheet_1-6854,beam,37.5819,0.0,16.45,0.8
BM-sheet_1-6855,beam,18.7964,0.0,8.226,0.4
BM-sheet_1-6856,beam,37.6038,0.0,16.454,0.8
BM-sheet_1-6857,beam,23.5092,0.0,10.286,0.5
BM-sheet_1-6858,beam,32.9225,0.0,14.402,0.7
BM-sheet_1-6859,beam,23.5229,0.0,10.288,0.5
BM-sheet_1-6860,beam,32.9417,0.0,14.406,0.7
BM-sheet_1-6861,beam,18.8293,0.0,8.233,0.4
BM-sheet_1-6862,beam,37.6696,0.0,16.469,0.8
BM-sheet_1-6863,beam,18.8403,0.0,8.236,0.4
BM-sheet_1-6864,beam,37.6916,0.0,16.474,0.8
BM-sheet_1-6865,beam,18.8513,0.0,8.238,0.4
BM-sheet_1-6866,beam,37.7136,0.0,16.478,0.8
BM-sheet_1-6867,beam,18.8623,0.0,8.24,0.4
BM-sheet_1-6868,beam,37.7355,0.0,16.483,0.8
BM-sheet_1-6869,beam,18.8733,0.0,8.243,0.4
BM-sheet_1-6870,beam,37.7575,0.0,16.488,0.8
BM-sheet_1-6871,beam,18.8843,0.0,8.245,0.4
BM-sheet_1-6872,beam,37.7795,0.0,16.493,0.8
BM-sheet_1-6873,beam,0.128,0.0,0.8,0.4
BM-sheet_1-6874,beam,37.8015,0.0,16.498,0.8
BM-sheet_1-6875,beam,18.9062,0.0,8.25,0.4
BM-sheet_1-6876,beam,37.8235,0.0,16.502,0.8
BM-sheet_1-6877,beam,18.9173,0.0,8.252,0.4
BM-sheet_1-6878,beam,37.8455,0.0,16.507,0.8
BM-sheet_1-6879,beam,18.9283,0.0,8.255,0.4
BM-sheet_1-6880,beam,37.8675,0.0,16.512,0.8
BM-sheet_1-6881,beam,18.9393,0.0,8.257,0.4
BM-sheet_1-6882,beam,37.8895,0.0,16.517,0.8
BM-sheet_1-6883,beam,18.9503,0.0,8.26,0.4
BM-sheet_1-6884,beam,37.9116,0.0,16.522,0.8
BM-sheet_1-6885,beam,230.3797,0.0,100.383,4.86
BM-sheet_1-6886,beam,874.8436,0.0,381.14,18.45
BM-sheet_1-6887,beam,475.2563,0.0,207.023,10.02
BM-sheet_1-6888,beam,456.4165,0.0,198.788,9.62
BM-sheet_1-6889,beam,844.7581,0.0,367.873,17.8
BM-sheet_1-6890,beam,18.9888,0.0,8.268,0.4
BM-sheet_1-6891,beam,142.9333,0.0,62.226,3.01
BM-sheet_1-6892,beam,456.4718,0.0,198.696,9.61
BM-sheet_1-6893,beam,404.3395,0.0,175.978,8.51
BM-sheet_1-6894,beam,75.3677,0.0,32.797,1.586
BM-sheet_1-6895,beam,167.8198,0.0,73.018,3.53
BM-sheet_1-6896,beam,124.1181,0.0,53.996,2.61
BM-sheet_1-6897,beam,233.0862,0.0,101.386,4.9
BM-sheet_1-6898,beam,124.1901,0.0,54.011,2.61
BM-sheet_1-6899,beam,129.9376,0.0,56.503,2.73
BM-sheet_1-6900,beam,371.8963,0.0,161.694,7.811
BM-sheet_1-6901,beam,268.5352,0.0,116.738,5.639
BM-sheet_1-6902,beam,242.4209,0.0,105.37,5.089
BM-sheet_1-6903,beam,168.362,0.0,73.169,3.533
BM-sheet_1-6904,beam,418.9023,0.0,182.026,8.788
BM-sheet_1-6905,beam,511.8629,0.0,222.388,10.736
BM-sheet_1-6906,beam,230.042,0.0,99.931,4.823
BM-sheet_1-6907,beam,75.037,0.0,32.592,1.573
BM-sheet_1-6908,beam,120.8491,0.0,52.482,2.532
BM-sheet_1-6909,beam,114.4156,0.0,49.681,2.397
BM-sheet_1-6910,beam,105.7756,0.0,45.923,2.215
BM-sheet_1-6911,beam,108.1984,0.0,46.968,2.265
BM-sheet_1-6912,beam,104.8577,0.0,45.511,2.195
BM-sheet_1-6913,beam,34.8963,0.0,15.144,0.73
BM-sheet_1-6914,beam,178.3043,0.0,77.367,3.73
BM-sheet_1-6915,beam,212.7997,0.0,92.321,4.45
BM-sheet_1-6916,beam,39.2608,0.0,17.03,0.821
BM-sheet_1-6917,beam,164.8968,0.0,71.518,3.446
BM-sheet_1-6918,beam,218.3088,0.0,94.67,4.562
BM-sheet_1-6919,beam,130.6921,0.0,56.667,2.73
BM-sheet_1-6920,beam,19.1546,0.0,8.304,0.4
BM-sheet_1-6921,beam,38.3202,0.0,16.61,0.8
BM-sheet_1-6922,beam,19.1656,0.0,8.306,0.4
BM-sheet_1-6923,beam,38.3423,0.0,16.615,0.8
BM-sheet_1-6924,beam,23.9709,0.0,10.386,0.5
BM-sheet_1-6925,beam,23.9778,0.0,10.387,0.5
BM-sheet_1-6926,beam,23.9847,0.0,10.389,0.5
BM-sheet_1-6927,beam,23.9917,0.0,10.39,0.5
BM-sheet_1-6928,beam,23.9986,0.0,10.392,0.5
BM-sheet_1-6929,beam,33.6077,0.0,14.551,0.7
BM-sheet_1-6930,beam,24.0125,0.0,10.395,0.5
BM-sheet_1-6931,beam,33.6271,0.0,14.555,0.7
BM-sheet_1-6932,beam,19.221,0.0,8.318,0.4
BM-sheet_1-6933,beam,38.4532,0.0,16.639,0.8
BM-sheet_1-6934,beam,19.2321,0.0,8.321,0.4
BM-sheet_1-6935,beam,38.4754,0.0,16.644,0.8
BM-sheet_1-6936,beam,24.054,0.0,10.404,0.5
BM-sheet_1-6937,beam,33.6854,0.0,14.568,0.7
BM-sheet_1-6938,beam,24.0679,0.0,10.407,0.5
BM-sheet_1-6939,beam,33.7048,0.0,14.572,0.7
BM-sheet_1-6940,beam,19.2654,0.0,8.328,0.4
BM-sheet_1-6941,beam,38.542,0.0,16.658,0.8
BM-sheet_1-6942,beam,19.2765,0.0,8.33,0.4
BM-sheet_1-6943,beam,38.5642,0.0,16.663,0.8
BM-sheet_1-6944,beam,19.2877,0.0,8.333,0.4
BM-sheet_1-6945,beam,38.5864,0.0,16.668,0.8
BM-sheet_1-6946,beam,19.2988,0.0,8.335,0.4
BM-sheet_1-6947,beam,38.6086,0.0,16.673,0.8
BM-sheet_1-6948,beam,19.3099,0.0,8.338,0.4
BM-sheet_1-6949,beam,38.6309,0.0,16.678,0.8
BM-sheet_1-6950,beam,19.321,0.0,8.34,0.4
BM-sheet_1-6951,beam,38.6531,0.0,16.682,0.8
BM-sheet_1-6952,beam,19.3321,0.0,8.342,0.4
BM-sheet_1-6953,beam,38.6754,0.0,16.687,0.8
BM-sheet_1-6954,beam,19.3432,0.0,8.345,0.4
BM-sheet_1-6955,beam,38.6976,0.0,16.692,0.8
BM-sheet_1-6956,beam,19.3544,0.0,8.347,0.4
BM-sheet_1-6957,beam,38.7199,0.0,16.697,0.8
BM-sheet_1-6958,beam,19.3655,0.0,8.35,0.4
BM-sheet_1-6959,beam,38.7421,0.0,16.702,0.8
BM-sheet_1-6960,beam,19.3766,0.0,8.352,0.4
BM-sheet_1-6961,beam,38.7644,0.0,16.706,0.8
BM-sheet_1-6962,beam,19.3878,0.0,8.354,0.4
BM-sheet_1-6963,beam,38.7867,0.0,16.711,0.8
BM-sheet_1-6964,beam,19.3989,0.0,8.357,0.4
BM-sheet_1-6965,beam,38.809,0.0,16.716,0.8
BM-sheet_1-6966,beam,19.4101,0.0,8.359,0.4
BM-sheet_1-6967,beam,38.8313,0.0,16.721,0.8
BM-sheet_1-6968,beam,19.4212,0.0,8.362,0.4
BM-sheet_1-6969,beam,38.8536,0.0,16.726,0.8
BM-sheet_1-6970,beam,19.4324,0.0,8.364,0.4
BM-sheet_1-6971,beam,38.8759,0.0,16.73,0.8
BM-sheet_1-6972,beam,19.4435,0.0,8.366,0.4
BM-sheet_1-6973,beam,38.8982,0.0,16.735,0.8
BM-sheet_1-6974,beam,19.4547,0.0,8.369,0.4
BM-sheet_1-6975,beam,38.9205,0.0,16.74,0.8
BM-sheet_1-6976,beam,19.4658,0.0,8.371,0.4
BM-sheet_1-6977,beam,38.9428,0.0,16.745,0.8
BM-sheet_1-6978,beam,19.477,0.0,8.374,0.4
BM-sheet_1-6979,beam,38.9652,0.0,16.75,0.8
BM-sheet_1-6980,beam,19.4882,0.0,8.376,0.4
BM-sheet_1-6981,beam,38.9875,0.0,16.754,0.8
BM-sheet_1-6982,beam,19.4993,0.0,8.378,0.4
BM-sheet_1-6983,beam,39.0098,0.0,16.759,0.8
BM-sheet_1-6984,beam,19.5105,0.0,8.381,0.4
BM-sheet_1-6985,beam,39.0322,0.0,16.764,0.8
BM-sheet_1-6986,beam,19.5217,0.0,8.383,0.4
BM-sheet_1-6987,beam,39.0545,0.0,16.769,0.8
BM-sheet_1-6988,beam,19.5329,0.0,8.386,0.4
BM-sheet_1-6989,beam,39.0769,0.0,16.774,0.8
BM-sheet_1-6990,beam,19.544,0.0,8.388,0.4
BM-sheet_1-6991,beam,39.0993,0.0,16.778,0.8
BM-sheet_1-6992,beam,19.5552,0.0,8.39,0.4
BM-sheet_1-6993,beam,39.1216,0.0,16.783,0.8
BM-sheet_1-6994,beam,19.5664,0.0,8.393,0.4
BM-sheet_1-6995,beam,39.144,0.0,16.788,0.8
BM-sheet_1-6996,beam,19.5776,0.0,8.395,0.4
BM-sheet_1-6997,beam,39.1664,0.0,16.793,0.8
BM-sheet_1-6998,beam,19.5888,0.0,8.398,0.4
BM-sheet_1-6999,beam,39.1888,0.0,16.798,0.8
BM-sheet_1-7000,beam,19.6,0.0,8.4,0.4
BM-sheet_1-7001,beam,39.2112,0.0,16.802,0.8
BM-sheet_1-7002,beam,19.6112,0.0,8.402,0.4
BM-sheet_1-7003,beam,39.2336,0.0,16.807,0.8
BM-sheet_1-7004,beam,19.6224,0.0,8.405,0.4
BM-sheet_1-7005,beam,39.256,0.0,16.812,0.8
BM-sheet_1-7006,beam,19.6336,0.0,8.407,0.4
BM-sheet_1-7007,beam,39.2784,0.0,16.817,0.8
BM-sheet_1-7008,beam,19.6448,0.0,8.41,0.4
BM-sheet_1-7009,beam,39.3009,0.0,16.822,0.8
BM-sheet_1-7010,beam,19.656,0.0,8.412,0.4
BM-sheet_1-7011,beam,39.3233,0.0,16.826,0.8
BM-sheet_1-7012,beam,19.6673,0.0,8.414,0.4
BM-sheet_1-7013,beam,39.3457,0.0,16.831,0.8
BM-sheet_1-7014,beam,19.6785,0.0,8.417,0.4
BM-sheet_1-7015,beam,39.3682,0.0,16.836,0.8
BM-sheet_1-7016,beam,19.6897,0.0,8.419,0.4
BM-sheet_1-7017,beam,39.3906,0.0,16.841,0.8
BM-sheet_1-7018,beam,19.7009,0.0,8.422,0.4
BM-sheet_1-7019,beam,39.4131,0.0,16.846,0.8
BM-sheet_1-7020,beam,19.7122,0.0,8.424,0.4
BM-sheet_1-7021,beam,39.4356,0.0,16.85,0.8
BM-sheet_1-7022,beam,19.7234,0.0,8.426,0.4
BM-sheet_1-7023,beam,39.458,0.0,16.855,0.8
BM-sheet_1-7024,beam,19.7346,0.0,8.429,0.4
BM-sheet_1-7025,beam,39.4805,0.0,16.86,0.8
BM-sheet_1-7026,beam,19.7459,0.0,8.431,0.4
BM-sheet_1-7027,beam,39.503,0.0,16.865,0.8
BM-sheet_1-7028,beam,19.7571,0.0,8.434,0.4
BM-sheet_1-7029,beam,39.5255,0.0,16.87,0.8
BM-sheet_1-7030,beam,19.7684,0.0,8.436,0.4
BM-sheet_1-7031,beam,39.548,0.0,16.874,0.8
BM-sheet_1-7032,beam,19.7796,0.0,8.438,0.4
BM-sheet_1-7033,beam,39.5705,0.0,16.879,0.8
BM-sheet_1-7034,beam,19.7909,0.0,8.441,0.4
BM-sheet_1-7035,beam,39.593,0.0,16.884,0.8
BM-sheet_1-7036,beam,19.8021,0.0,8.443,0.4
BM-sheet_1-7037,beam,39.6155,0.0,16.889,0.8
BM-sheet_1-7038,beam,19.8134,0.0,8.446,0.4
BM-sheet_1-7039,beam,39.638,0.0,16.894,0.8
BM-sheet_1-7040,beam,19.8246,0.0,8.448,0.4
BM-sheet_1-7041,beam,39.6605,0.0,16.898,0.8
BM-sheet_1-7042,beam,19.8359,0.0,8.45,0.4
BM-sheet_1-7043,beam,39.6831,0.0,16.903,0.8
BM-sheet_1-7044,beam,19.8472,0.0,8.453,0.4
BM-sheet_1-7045,beam,39.7056,0.0,16.908,0.8
BM-sheet_1-7046,beam,19.8584,0.0,8.455,0.4
BM-sheet_1-7047,beam,39.7282,0.0,16.913,0.8
BM-sheet_1-7048,beam,19.8697,0.0,8.458,0.4
BM-sheet_1-7049,beam,39.7507,0.0,16.918,0.8
BM-sheet_1-7050,beam,19.881,0.0,8.46,0.4
BM-sheet_1-7051,beam,39.7733,0.0,16.922,0.8
BM-sheet_1-7052,beam,19.8923,0.0,8.462,0.4
BM-sheet_1-7053,beam,39.7958,0.0,16.927,0.8
BM-sheet_1-7054,beam,19.9036,0.0,8.465,0.4
BM-sheet_1-7055,beam,39.8184,0.0,16.932,0.8
BM-sheet_1-7056,beam,19.9149,0.0,8.467,0.4
BM-sheet_1-7057,beam,39.841,0.0,16.937,0.8
BM-sheet_1-7058,beam,19.9261,0.0,8.47,0.4
BM-sheet_1-7059,beam,39.8636,0.0,16.942,0.8
BM-sheet_1-7060,beam,19.9374,0.0,8.472,0.4
BM-sheet_1-7061,beam,39.8862,0.0,16.946,0.8
BM-sheet_1-7062,beam,19.9487,0.0,8.474,0.4
BM-sheet_1-7063,beam,39.9088,0.0,16.951,0.8
BM-sheet_1-7064,beam,0.128,0.0,0.8,0.4
BM-sheet_1-7065,beam,39.9314,0.0,16.956,0.8
BM-sheet_1-7066,beam,0.128,0.0,0.8,0.4
BM-sheet_1-7067,beam,0.256,0.0,1.6,0.8
BM-sheet_1-7068,beam,19.9826,0.0,8.482,0.4
BM-sheet_1-7069,beam,39.9766,0.0,16.966,0.8
BM-sheet_1-7070,beam,0.128,0.0,0.8,0.4
BM-sheet_1-7071,beam,39.9992,0.0,16.97,0.8
BM-sheet_1-7072,beam,20.0053,0.0,8.486,0.4
BM-sheet_1-7073,beam,40.0219,0.0,16.975,0.8
BM-sheet_1-7074,beam,20.0166,0.0,8.489,0.4
BM-sheet_1-7075,beam,40.0445,0.0,16.98,0.8
BM-sheet_1-7076,beam,20.0279,0.0,8.491,0.4
BM-sheet_1-7077,beam,40.0671,0.0,16.985,0.8
BM-sheet_1-7078,beam,20.0392,0.0,8.494,0.4
BM-sheet_1-7079,beam,40.0898,0.0,16.99,0.8
BM-sheet_1-7080,beam,20.0506,0.0,8.496,0.4
BM-sheet_1-7081,beam,40.1124,0.0,16.994,0.8
BM-sheet_1-7082,beam,20.0619,0.0,8.498,0.4
BM-sheet_1-7083,beam,40.1351,0.0,16.999,0.8
BM-sheet_1-7084,beam,20.0732,0.0,8.501,0.4
BM-sheet_1-7085,beam,40.1578,0.0,17.004,0.8
BM-sheet_1-7086,beam,20.0846,0.0,8.503,0.4
BM-sheet_1-7087,beam,40.1805,0.0,17.009,0.8
BM-sheet_1-7088,beam,20.0959,0.0,8.506,0.4
BM-sheet_1-7089,beam,40.2031,0.0,17.014,0.8
BM-sheet_1-7090,beam,20.1072,0.0,8.508,0.4
BM-sheet_1-7091,beam,40.2258,0.0,17.018,0.8
BM-sheet_1-7092,beam,20.1186,0.0,8.51,0.4
BM-sheet_1-7093,beam,40.2485,0.0,17.023,0.8
BM-sheet_1-7094,beam,20.1299,0.0,8.513,0.4
BM-sheet_1-7095,beam,40.2712,0.0,17.028,0.8
BM-sheet_1-7096,beam,20.1413,0.0,8.515,0.4
BM-sheet_1-7097,beam,40.2939,0.0,17.033,0.8
BM-sheet_1-7098,beam,20.1526,0.0,8.518,0.4
BM-sheet_1-7099,beam,40.3166,0.0,17.038,0.8
BM-sheet_1-7100,beam,20.164,0.0,8.52,0.4
BM-sheet_1-7101,beam,40.3394,0.0,17.042,0.8
BM-sheet_1-7102,beam,20.1754,0.0,8.522,0.4
BM-sheet_1-7103,beam,40.3621,0.0,17.047,0.8
BM-sheet_1-7104,beam,20.1867,0.0,8.525,0.4
BM-sheet_1-7105,beam,40.3848,0.0,17.052,0.8
BM-sheet_1-7106,beam,20.1981,0.0,8.527,0.4
BM-sheet_1-7107,beam,40.4076,0.0,17.057,0.8
BM-sheet_1-7108,beam,20.2095,0.0,8.53,0.4
BM-sheet_1-7109,beam,40.4303,0.0,17.062,0.8
BM-sheet_1-7110,beam,20.2208,0.0,8.532,0.4
BM-sheet_1-7111,beam,40.4531,0.0,17.066,0.8
BM-sheet_1-7112,beam,20.2322,0.0,8.534,0.4
BM-sheet_1-7113,beam,40.4758,0.0,17.071,0.8
BM-sheet_1-7114,beam,20.2436,0.0,8.537,0.4
BM-sheet_1-7115,beam,40.4986,0.0,17.076,0.8
BM-sheet_1-7116,beam,20.255,0.0,8.539,0.4
BM-sheet_1-7117,beam,40.5214,0.0,17.081,0.8
BM-sheet_1-7118,beam,20.2664,0.0,8.542,0.4
BM-sheet_1-7119,beam,40.5441,0.0,17.086,0.8
BM-sheet_1-7120,beam,20.2778,0.0,8.544,0.4
BM-sheet_1-7121,beam,40.5669,0.0,17.09,0.8
BM-sheet_1-7122,beam,20.2892,0.0,8.546,0.4
BM-sheet_1-7123,beam,40.5897,0.0,17.095,0.8
BM-sheet_1-7124,beam,20.3006,0.0,8.549,0.4
BM-sheet_1-7125,beam,40.6125,0.0,17.1,0.8
BM-sheet_1-7126,beam,20.312,0.0,8.551,0.4
BM-sheet_1-7127,beam,40.6353,0.0,17.105,0.8
BM-sheet_1-7128,beam,20.3234,0.0,8.554,0.4
BM-sheet_1-7129,beam,40.6581,0.0,17.11,0.8
BM-sheet_1-7130,beam,20.3348,0.0,8.556,0.4
BM-sheet_1-7131,beam,40.6809,0.0,17.114,0.8
BM-sheet_1-7132,beam,20.3462,0.0,8.558,0.4
BM-sheet_1-7133,beam,40.7038,0.0,17.119,0.8
BM-sheet_1-7134,beam,20.3576,0.0,8.561,0.4
BM-sheet_1-7135,beam,40.7266,0.0,17.124,0.8
BM-sheet_1-7136,beam,20.369,0.0,8.563,0.4
BM-sheet_1-7137,beam,40.7494,0.0,17.129,0.8
BM-sheet_1-7138,beam,20.3804,0.0,8.566,0.4
BM-sheet_1-7139,beam,40.7723,0.0,17.134,0.8
BM-sheet_1-7140,beam,20.3918,0.0,8.568,0.4
BM-sheet_1-7141,beam,40.7951,0.0,17.138,0.8
BM-sheet_1-7142,beam,20.4033,0.0,8.57,0.4
BM-sheet_1-7143,beam,40.818,0.0,17.143,0.8
BM-sheet_1-7144,beam,20.4147,0.0,8.573,0.4
BM-sheet_1-7145,beam,40.8408,0.0,17.148,0.8
BM-sheet_1-7146,beam,20.4261,0.0,8.575,0.4
BM-sheet_1-7147,beam,40.8637,0.0,17.153,0.8
BM-sheet_1-7148,beam,20.4376,0.0,8.578,0.4
BM-sheet_1-7149,beam,40.8866,0.0,17.158,0.8
BM-sheet_1-7150,beam,20.449,0.0,8.58,0.4
BM-sheet_1-7151,beam,40.9094,0.0,17.162,0.8
BM-sheet_1-7152,beam,20.4604,0.0,8.582,0.4
BM-sheet_1-7153,beam,40.9323,0.0,17.167,0.8
BM-sheet_1-7154,beam,20.4719,0.0,8.585,0.4
BM-sheet_1-7155,beam,40.9552,0.0,17.172,0.8
BM-sheet_1-7156,beam,20.4833,0.0,8.587,0.4
BM-sheet_1-7157,beam,40.9781,0.0,17.177,0.8
BM-sheet_1-7158,beam,20.4948,0.0,8.59,0.4
BM-sheet_1-7159,beam,41.001,0.0,17.182,0.8
BM-sheet_1-7160,beam,25.6328,0.0,10.74,0.5
BM-sheet_1-7161,beam,35.8959,0.0,15.038,0.7
BM-sheet_1-7162,beam,25.6471,0.0,10.743,0.5
BM-sheet_1-7163,beam,35.916,0.0,15.042,0.7
BM-sheet_1-7164,beam,0.128,0.0,0.8,0.4
BM-sheet_1-7165,beam,0.256,0.0,1.6,0.8
BM-sheet_1-7166,beam,0.128,0.0,0.8,0.4
BM-sheet_1-7167,beam,0.256,0.0,1.6,0.8
BM-sheet_1-7168,beam,20.5521,0.0,8.602,0.4
BM-sheet_1-7169,beam,41.1156,0.0,17.206,0.8
BM-sheet_1-7170,beam,20.5636,0.0,8.604,0.4
BM-sheet_1-7171,beam,41.1386,0.0,17.21,0.8
BM-sheet_1-7172,beam,20.575,0.0,8.606,0.4
BM-sheet_1-7173,beam,41.1615,0.0,17.215,0.8
BM-sheet_1-7174,beam,20.5865,0.0,8.609,0.4
BM-sheet_1-7175,beam,41.1845,0.0,17.22,0.8
BM-sheet_1-7176,beam,20.598,0.0,8.611,0.4
BM-sheet_1-7177,beam,41.2075,0.0,17.225,0.8
BM-sheet_1-7178,beam,20.6095,0.0,8.614,0.4
BM-sheet_1-7179,beam,41.2304,0.0,17.23,0.8
BM-sheet_1-7180,beam,20.621,0.0,8.616,0.4
BM-sheet_1-7181,beam,41.2534,0.0,17.234,0.8
BM-sheet_1-7182,beam,20.6324,0.0,8.618,0.4
BM-sheet_1-7183,beam,41.2764,0.0,17.239,0.8
BM-sheet_1-7184,beam,20.6439,0.0,8.621,0.4
BM-sheet_1-7185,beam,41.2994,0.0,17.244,0.8
BM-sheet_1-7186,beam,20.6554,0.0,8.623,0.4
BM-sheet_1-7187,beam,41.3224,0.0,17.249,0.8
BM-sheet_1-7188,beam,20.6669,0.0,8.626,0.4
BM-sheet_1-7189,beam,41.3454,0.0,17.254,0.8
BM-sheet_1-7190,beam,20.6784,0.0,8.628,0.4
BM-sheet_1-7191,beam,41.3684,0.0,17.258,0.8
BM-sheet_1-7192,beam,20.6899,0.0,8.63,0.4
BM-sheet_1-7193,beam,41.3914,0.0,17.263,0.8
BM-sheet_1-7194,beam,20.7015,0.0,8.633,0.4
BM-sheet_1-7195,beam,41.4144,0.0,17.268,0.8
BM-sheet_1-7196,beam,20.713,0.0,8.635,0.4
BM-sheet_1-7197,beam,41.4374,0.0,17.273,0.8
BM-sheet_1-7198,beam,20.7245,0.0,8.638,0.4
BM-sheet_1-7199,beam,41.4605,0.0,17.278,0.8
BM-sheet_1-7200,beam,20.736,0.0,8.64,0.4
BM-sheet_1-7201,beam,41.4835,0.0,17.282,0.8
BM-sheet_1-7202,beam,20.7475,0.0,8.642,0.4
BM-sheet_1-7203,beam,41.5066,0.0,17.287,0.8
BM-sheet_1-7204,beam,20.759,0.0,8.645,0.4
BM-sheet_1-7205,beam,41.5296,0.0,17.292,0.8
BM-sheet_1-7206,beam,20.7706,0.0,8.647,0.4
BM-sheet_1-7207,beam,41.5527,0.0,17.297,0.8
BM-sheet_1-7208,beam,20.7821,0.0,8.65,0.4
BM-sheet_1-7209,beam,41.5757,0.0,17.302,0.8
BM-sheet_1-7210,beam,20.7936,0.0,8.652,0.4
BM-sheet_1-7211,beam,41.5988,0.0,17.306,0.8
BM-sheet_1-7212,beam,20.8052,0.0,8.654,0.4
BM-sheet_1-7213,beam,41.6219,0.0,17.311,0.8
BM-sheet_1-7214,beam,20.8167,0.0,8.657,0.4
BM-sheet_1-7215,beam,41.645,0.0,17.316,0.8
BM-sheet_1-7216,beam,20.8283,0.0,8.659,0.4
BM-sheet_1-7217,beam,41.6681,0.0,17.321,0.8
BM-sheet_1-7218,beam,20.8398,0.0,8.662,0.4
BM-sheet_1-7219,beam,41.6912,0.0,17.326,0.8
BM-sheet_1-7220,beam,20.8514,0.0,8.664,0.4
BM-sheet_1-7221,beam,41.7143,0.0,17.33,0.8
BM-sheet_1-7222,beam,20.8629,0.0,8.666,0.4
BM-sheet_1-7223,beam,41.7374,0.0,17.335,0.8
BM-sheet_1-7224,beam,20.8745,0.0,8.669,0.4
BM-sheet_1-7225,beam,41.7605,0.0,17.34,0.8
BM-sheet_1-7226,beam,20.886,0.0,8.671,0.4
BM-sheet_1-7227,beam,41.7836,0.0,17.345,0.8
BM-sheet_1-7228,beam,20.8976,0.0,8.674,0.4
BM-sheet_1-7229,beam,41.8068,0.0,17.35,0.8
BM-sheet_1-7230,beam,20.9092,0.0,8.676,0.4
BM-sheet_1-7231,beam,41.8299,0.0,17.354,0.8
BM-sheet_1-7232,beam,0.128,0.0,0.8,0.4
BM-sheet_1-7233,beam,41.853,0.0,17.359,0.8
BM-sheet_1-7234,beam,20.9323,0.0,8.681,0.4
BM-sheet_1-7235,beam,41.8762,0.0,17.364,0.8
BM-sheet_1-7236,beam,20.9439,0.0,8.683,0.4
BM-sheet_1-7237,beam,41.8993,0.0,17.369,0.8
BM-sheet_1-7238,beam,20.9555,0.0,8.686,0.4
BM-sheet_1-7239,beam,41.9225,0.0,17.374,0.8
BM-sheet_1-7240,beam,20.967,0.0,8.688,0.4
BM-sheet_1-7241,beam,41.9457,0.0,17.378,0.8
BM-sheet_1-7242,beam,20.9786,0.0,8.69,0.4
BM-sheet_1-7243,beam,41.9688,0.0,17.383,0.8
BM-sheet_1-7244,beam,20.9902,0.0,8.693,0.4
BM-sheet_1-7245,beam,41.992,0.0,17.388,0.8
BM-sheet_1-7246,beam,0.128,0.0,0.8,0.4
BM-sheet_1-7247,beam,42.0152,0.0,17.393,0.8
BM-sheet_1-7248,beam,21.0134,0.0,8.698,0.4
BM-sheet_1-7249,beam,42.0384,0.0,17.398,0.8
BM-sheet_1-7250,beam,0.128,0.0,0.8,0.4
BM-sheet_1-7251,beam,0.256,0.0,1.6,0.8
BM-sheet_1-7252,beam,21.0366,0.0,8.702,0.4
BM-sheet_1-7253,beam,42.0848,0.0,17.407,0.8
BM-sheet_1-7254,beam,0.128,0.0,0.8,0.4
BM-sheet_1-7255,beam,0.256,0.0,1.6,0.8
BM-sheet_1-7256,beam,21.0598,0.0,8.707,0.4
BM-sheet_1-7257,beam,42.1312,0.0,17.417,0.8
BM-sheet_1-7258,beam,0.128,0.0,0.8,0.4
BM-sheet_1-7259,beam,0.256,0.0,1.6,0.8
BM-sheet_1-7260,beam,21.083,0.0,8.712,0.4
BM-sheet_1-7261,beam,42.1777,0.0,17.426,0.8
BM-sheet_1-7262,beam,0.128,0.0,0.8,0.4
BM-sheet_1-7263,beam,0.256,0.0,1.6,0.8
BM-sheet_1-7264,beam,21.1063,0.0,8.717,0.4
BM-sheet_1-7265,beam,42.2242,0.0,17.436,0.8
BM-sheet_1-7266,beam,0.128,0.0,0.8,0.4
BM-sheet_1-7267,beam,0.256,0.0,1.6,0.8
BM-sheet_1-7268,beam,21.1295,0.0,8.722,0.4
BM-sheet_1-7269,beam,42.2707,0.0,17.446,0.8
BM-sheet_1-7270,beam,21.1412,0.0,8.724,0.4
BM-sheet_1-7271,beam,42.294,0.0,17.45,0.8
BM-sheet_1-7272,beam,21.1528,0.0,8.726,0.4
BM-sheet_1-7273,beam,42.3172,0.0,17.455,0.8
BM-sheet_1-7274,beam,21.1644,0.0,8.729,0.4
BM-sheet_1-7275,beam,42.3405,0.0,17.46,0.8
BM-sheet_1-7276,beam,21.1761,0.0,8.731,0.4
BM-sheet_1-7277,beam,0.256,0.0,1.6,0.8
BM-sheet_1-7278,beam,0.128,0.0,0.8,0.4
BM-sheet_1-7279,beam,0.256,0.0,1.6,0.8
BM-sheet_1-7280,beam,21.1994,0.0,8.736,0.4
BM-sheet_1-7281,beam,42.4104,0.0,17.474,0.8
BM-sheet_1-7282,beam,21.211,0.0,8.738,0.4
BM-sheet_1-7283,beam,42.4337,0.0,17.479,0.8
BM-sheet_1-7284,beam,21.2227,0.0,8.741,0.4
BM-sheet_1-7285,beam,42.457,0.0,17.484,0.8
BM-sheet_1-7286,beam,21.2343,0.0,8.743,0.4
BM-sheet_1-7287,beam,42.4803,0.0,17.489,0.8
BM-sheet_1-7288,beam,21.246,0.0,8.746,0.4
BM-sheet_1-7289,beam,42.5036,0.0,17.494,0.8
BM-sheet_1-7290,beam,21.2576,0.0,8.748,0.4
BM-sheet_1-7291,beam,42.5269,0.0,17.498,0.8
BM-sheet_1-7292,beam,21.2693,0.0,8.75,0.4
BM-sheet_1-7293,beam,42.5503,0.0,17.503,0.8
BM-sheet_1-7294,beam,21.281,0.0,8.753,0.4
BM-sheet_1-7295,beam,42.5736,0.0,17.508,0.8
BM-sheet_1-7296,beam,21.2926,0.0,8.755,0.4
BM-sheet_1-7297,beam,42.597,0.0,17.513,0.8
BM-sheet_1-7298,beam,21.3043,0.0,8.758,0.4
BM-sheet_1-7299,beam,42.6203,0.0,17.518,0.8
BM-sheet_1-7300,beam,21.316,0.0,8.76,0.4
BM-sheet_1-7301,beam,42.6437,0.0,17.522,0.8
BM-sheet_1-7302,beam,21.3277,0.0,8.762,0.4
BM-sheet_1-7303,beam,42.667,0.0,17.527,0.8
BM-sheet_1-7304,beam,21.3394,0.0,8.765,0.4
BM-sheet_1-7305,beam,42.6904,0.0,17.532,0.8
BM-sheet_1-7306,beam,21.3511,0.0,8.767,0.4
BM-sheet_1-7307,beam,42.7138,0.0,17.537,0.8
BM-sheet_1-7308,beam,21.3627,0.0,8.77,0.4
BM-sheet_1-7309,beam,42.7372,0.0,17.542,0.8
BM-sheet_1-7310,beam,21.3744,0.0,8.772,0.4
BM-sheet_1-7311,beam,42.7606,0.0,17.546,0.8
BM-sheet_1-7312,beam,21.3861,0.0,8.774,0.4
BM-sheet_1-7313,beam,42.784,0.0,17.551,0.8
BM-sheet_1-7314,beam,21.3978,0.0,8.777,0.4
BM-sheet_1-7315,beam,42.8074,0.0,17.556,0.8
BM-sheet_1-7316,beam,21.4095,0.0,8.779,0.4
BM-sheet_1-7317,beam,42.8308,0.0,17.561,0.8
BM-sheet_1-7318,beam,21.4212,0.0,8.782,0.4
BM-sheet_1-7319,beam,42.8542,0.0,17.566,0.8
BM-sheet_1-7320,beam,21.433,0.0,8.784,0.4
BM-sheet_1-7321,beam,42.8776,0.0,17.57,0.8
BM-sheet_1-7322,beam,21.4447,0.0,8.786,0.4
BM-sheet_1-7323,beam,42.9011,0.0,17.575,0.8
BM-sheet_1-7324,beam,21.4564,0.0,8.789,0.4
BM-sheet_1-7325,beam,42.9245,0.0,17.58,0.8
BM-sheet_1-7326,beam,21.4681,0.0,8.791,0.4
BM-sheet_1-7327,beam,42.9479,0.0,17.585,0.8
BM-sheet_1-7328,beam,21.4798,0.0,8.794,0.4
BM-sheet_1-7329,beam,42.9714,0.0,17.59,0.8
BM-sheet_1-7330,beam,21.4916,0.0,8.796,0.4
BM-sheet_1-7331,beam,42.9948,0.0,17.594,0.8
BM-sheet_1-7332,beam,21.5033,0.0,8.798,0.4
BM-sheet_1-7333,beam,43.0183,0.0,17.599,0.8
BM-sheet_1-7334,beam,21.515,0.0,8.801,0.4
BM-sheet_1-7335,beam,43.0418,0.0,17.604,0.8
BM-sheet_1-7336,beam,21.5268,0.0,8.803,0.4
BM-sheet_1-7337,beam,43.0653,0.0,17.609,0.8
BM-sheet_1-7338,beam,21.5385,0.0,8.806,0.4
BM-sheet_1-7339,beam,43.0887,0.0,17.614,0.8
BM-sheet_1-7340,beam,21.5502,0.0,8.808,0.4
BM-sheet_1-7341,beam,43.1122,0.0,17.618,0.8
BM-sheet_1-7342,beam,21.562,0.0,8.81,0.4
BM-sheet_1-7343,beam,43.1357,0.0,17.623,0.8
BM-sheet_1-7344,beam,21.5737,0.0,8.813,0.4
BM-sheet_1-7345,beam,43.1592,0.0,17.628,0.8
BM-sheet_1-7346,beam,21.5855,0.0,8.815,0.4
BM-sheet_1-7347,beam,43.1827,0.0,17.633,0.8
BM-sheet_1-7348,beam,21.5972,0.0,8.818,0.4
BM-sheet_1-7349,beam,43.2062,0.0,17.638,0.8
BM-sheet_1-7350,beam,21.609,0.0,8.82,0.4
BM-sheet_1-7351,beam,43.2298,0.0,17.642,0.8
BM-sheet_1-7352,beam,21.6208,0.0,8.822,0.4
BM-sheet_1-7353,beam,43.2533,0.0,17.647,0.8
BM-sheet_1-7354,beam,21.6325,0.0,8.825,0.4
BM-sheet_1-7355,beam,43.2768,0.0,17.652,0.8
BM-sheet_1-7356,beam,21.6443,0.0,8.827,0.4
BM-sheet_1-7357,beam,43.3004,0.0,17.657,0.8
BM-sheet_1-7358,beam,21.6561,0.0,8.83,0.4
BM-sheet_1-7359,beam,43.3239,0.0,17.662,0.8
BM-sheet_1-7360,beam,21.6678,0.0,8.832,0.4
BM-sheet_1-7361,beam,43.3475,0.0,17.666,0.8
BM-sheet_1-7362,beam,21.6796,0.0,8.834,0.4
BM-sheet_1-7363,beam,43.371,0.0,17.671,0.8
BM-sheet_1-7364,beam,21.6914,0.0,8.837,0.4
BM-sheet_1-7365,beam,43.3946,0.0,17.676,0.8
BM-sheet_1-7366,beam,21.7032,0.0,8.839,0.4
BM-sheet_1-7367,beam,43.4182,0.0,17.681,0.8
BM-sheet_1-7368,beam,21.715,0.0,8.842,0.4
BM-sheet_1-7369,beam,43.4417,0.0,17.686,0.8
BM-sheet_1-7370,beam,21.7268,0.0,8.844,0.4
BM-sheet_1-7371,beam,43.4653,0.0,17.69,0.8
BM-sheet_1-7372,beam,21.7386,0.0,8.846,0.4
BM-sheet_1-7373,beam,43.4889,0.0,17.695,0.8
BM-sheet_1-7374,beam,21.7504,0.0,8.849,0.4
BM-sheet_1-7375,beam,43.5125,0.0,17.7,0.8
BM-sheet_1-7376,beam,21.7622,0.0,8.851,0.4
BM-sheet_1-7377,beam,43.5361,0.0,17.705,0.8
BM-sheet_1-7378,beam,21.774,0.0,8.854,0.4
BM-sheet_1-7379,beam,43.5597,0.0,17.71,0.8
BM-sheet_1-7380,beam,21.7858,0.0,8.856,0.4
BM-sheet_1-7381,beam,43.5833,0.0,17.714,0.8
BM-sheet_1-7382,beam,21.7976,0.0,8.858,0.4
BM-sheet_1-7383,beam,43.607,0.0,17.719,0.8
BM-sheet_1-7384,beam,21.8094,0.0,8.861,0.4
BM-sheet_1-7385,beam,43.6306,0.0,17.724,0.8
BM-sheet_1-7386,beam,21.8212,0.0,8.863,0.4
BM-sheet_1-7387,beam,43.6542,0.0,17.729,0.8
BM-sheet_1-7388,beam,21.833,0.0,8.866,0.4
BM-sheet_1-7389,beam,43.6779,0.0,17.734,0.8
BM-sheet_1-7390,beam,21.8448,0.0,8.868,0.4
BM-sheet_1-7391,beam,43.7015,0.0,17.738,0.8
BM-sheet_1-7392,beam,21.8567,0.0,8.87,0.4
BM-sheet_1-7393,beam,43.7252,0.0,17.743,0.8
BM-sheet_1-7394,beam,21.8685,0.0,8.873,0.4
BM-sheet_1-7395,beam,43.7488,0.0,17.748,0.8
BM-sheet_1-7396,beam,21.8803,0.0,8.875,0.4
BM-sheet_1-7397,beam,43.7725,0.0,17.753,0.8
BM-sheet_1-7398,beam,21.8922,0.0,8.878,0.4
BM-sheet_1-7399,beam,43.7962,0.0,17.758,0.8
BM-sheet_1-7400,beam,21.904,0.0,8.88,0.4
BM-sheet_1-7401,beam,43.8198,0.0,17.762,0.8
BM-sheet_1-7402,beam,21.9158,0.0,8.882,0.4
BM-sheet_1-7403,beam,43.8435,0.0,17.767,0.8
BM-sheet_1-7404,beam,21.9277,0.0,8.885,0.4
BM-sheet_1-7405,beam,43.8672,0.0,17.772,0.8
BM-sheet_1-7406,beam,21.9395,0.0,8.887,0.4
BM-sheet_1-7407,beam,43.8909,0.0,17.777,0.8
BM-sheet_1-7408,beam,21.9514,0.0,8.89,0.4
BM-sheet_1-7409,beam,43.9146,0.0,17.782,0.8
BM-sheet_1-7410,beam,21.9632,0.0,8.892,0.4
BM-sheet_1-7411,beam,43.9383,0.0,17.786,0.8
BM-sheet_1-7412,beam,21.9751,0.0,8.894,0.4
BM-sheet_1-7413,beam,43.9621,0.0,17.791,0.8
BM-sheet_1-7414,beam,21.987,0.0,8.897,0.4
BM-sheet_1-7415,beam,43.9858,0.0,17.796,0.8
BM-sheet_1-7416,beam,30.2484,0.0,12.236,0.55
BM-sheet_1-7417,beam,44.0095,0.0,17.801,0.8
BM-sheet_1-7418,beam,30.2647,0.0,12.24,0.55
BM-sheet_1-7419,beam,44.0332,0.0,17.806,0.8
BM-sheet_1-7420,beam,27.5282,0.0,11.13,0.5
BM-sheet_1-7421,beam,38.5499,0.0,15.584,0.7
BM-sheet_1-7422,beam,27.543,0.0,11.133,0.5
BM-sheet_1-7423,beam,38.5707,0.0,15.588,0.7
BM-sheet_1-7424,beam,27.5579,0.0,11.136,0.5
BM-sheet_1-7425,beam,38.5914,0.0,15.592,0.7
BM-sheet_1-7426,beam,27.5727,0.0,11.139,0.5
BM-sheet_1-7427,beam,38.6122,0.0,15.597,0.7
BM-sheet_1-7428,beam,27.5876,0.0,11.142,0.5
BM-sheet_1-7429,beam,38.633,0.0,15.601,0.7
BM-sheet_1-7430,beam,27.6024,0.0,11.145,0.5
BM-sheet_1-7431,beam,38.6538,0.0,15.605,0.7
BM-sheet_1-7432,beam,27.6173,0.0,11.148,0.5
BM-sheet_1-7433,beam,38.6746,0.0,15.609,0.7
BM-sheet_1-7434,beam,27.6322,0.0,11.151,0.5
BM-sheet_1-7435,beam,38.6955,0.0,15.613,0.7
BM-sheet_1-7436,beam,27.647,0.0,11.154,0.5
BM-sheet_1-7437,beam,38.7163,0.0,15.618,0.7
BM-sheet_1-7438,beam,27.6619,0.0,11.157,0.5
BM-sheet_1-7439,beam,38.7371,0.0,15.622,0.7
BM-sheet_1-7440,beam,27.6768,0.0,11.16,0.5
BM-sheet_1-7441,beam,38.7579,0.0,15.626,0.7
BM-sheet_1-7442,beam,27.6917,0.0,11.163,0.5
BM-sheet_1-7443,beam,38.7788,0.0,15.63,0.7
BM-sheet_1-7444,beam,27.7066,0.0,11.166,0.5
BM-sheet_1-7445,beam,38.7996,0.0,15.634,0.7
BM-sheet_1-7446,beam,27.7215,0.0,11.169,0.5
BM-sheet_1-7447,beam,38.8205,0.0,15.639,0.7
BM-sheet_1-7448,beam,27.7364,0.0,11.172,0.5
BM-sheet_1-7449,beam,38.8413,0.0,15.643,0.7
BM-sheet_1-7450,beam,27.7513,0.0,11.175,0.5
BM-sheet_1-7451,beam,38.8622,0.0,15.647,0.7
BM-sheet_1-7452,beam,27.7662,0.0,11.178,0.5
BM-sheet_1-7453,beam,38.883,0.0,15.651,0.7
BM-sheet_1-7454,beam,27.7811,0.0,11.181,0.5
BM-sheet_1-7455,beam,38.9039,0.0,15.655,0.7
BM-sheet_1-7456,beam,27.796,0.0,11.184,0.5
BM-sheet_1-7457,beam,38.9248,0.0,15.66,0.7
BM-sheet_1-7458,beam,27.8109,0.0,11.187,0.5
BM-sheet_1-7459,beam,38.9457,0.0,15.664,0.7
BM-sheet_1-7460,beam,27.8258,0.0,11.19,0.5
BM-sheet_1-7461,beam,38.9666,0.0,15.668,0.7
BM-sheet_1-7462,beam,27.8407,0.0,11.193,0.5
BM-sheet_1-7463,beam,38.9875,0.0,15.672,0.7
BM-sheet_1-7464,beam,27.8556,0.0,11.196,0.5
BM-sheet_1-7465,beam,39.0084,0.0,15.676,0.7
BM-sheet_1-7466,beam,27.8706,0.0,11.199,0.5
BM-sheet_1-7467,beam,39.0293,0.0,15.681,0.7
BM-sheet_1-7468,beam,27.8855,0.0,11.202,0.5
BM-sheet_1-7469,beam,39.0502,0.0,15.685,0.7
BM-sheet_1-7470,beam,27.9004,0.0,11.205,0.5
BM-sheet_1-7471,beam,39.0711,0.0,15.689,0.7
BM-sheet_1-7472,beam,27.9154,0.0,11.208,0.5
BM-sheet_1-7473,beam,39.092,0.0,15.693,0.7
BM-sheet_1-7474,beam,27.9303,0.0,11.211,0.5
BM-sheet_1-7475,beam,39.1129,0.0,15.698,0.7
BM-sheet_1-7476,beam,27.9453,0.0,11.214,0.5
BM-sheet_1-7477,beam,39.1339,0.0,15.702,0.7
BM-sheet_1-7478,beam,27.9602,0.0,11.217,0.5
BM-sheet_1-7479,beam,39.1548,0.0,15.706,0.7
BM-sheet_1-7480,beam,27.9752,0.0,11.22,0.5
BM-sheet_1-7481,beam,39.1758,0.0,15.71,0.7
BM-sheet_1-7482,beam,27.9902,0.0,11.223,0.5
BM-sheet_1-7483,beam,39.1967,0.0,15.714,0.7
BM-sheet_1-7484,beam,22.4041,0.0,8.981,0.4
BM-sheet_1-7485,beam,44.8202,0.0,17.964,0.8
BM-sheet_1-7486,beam,22.4161,0.0,8.983,0.4
BM-sheet_1-7487,beam,44.8441,0.0,17.969,0.8
BM-sheet_1-7488,beam,22.4281,0.0,8.986,0.4
BM-sheet_1-7489,beam,44.8681,0.0,17.974,0.8
BM-sheet_1-7490,beam,22.44,0.0,8.988,0.4
BM-sheet_1-7491,beam,44.8921,0.0,17.978,0.8
BM-sheet_1-7492,beam,22.452,0.0,8.99,0.4
BM-sheet_1-7493,beam,44.916,0.0,17.983,0.8
BM-sheet_1-7494,beam,22.464,0.0,8.993,0.4
BM-sheet_1-7495,beam,44.94,0.0,17.988,0.8
BM-sheet_1-7496,beam,22.476,0.0,8.995,0.4
BM-sheet_1-7497,beam,44.964,0.0,17.993,0.8
BM-sheet_1-7498,beam,22.488,0.0,8.998,0.4
BM-sheet_1-7499,beam,44.988,0.0,17.998,0.8
BM-sheet_1-7500,beam,22.5,0.0,9.0,0.4
BM-sheet_1-7501,beam,45.012,0.0,18.002,0.8
BM-sheet_1-7502,beam,22.512,0.0,9.002,0.4
BM-sheet_1-7503,beam,45.036,0.0,18.007,0.8
BM-sheet_1-7504,beam,22.524,0.0,9.005,0.4
BM-sheet_1-7505,beam,45.06,0.0,18.012,0.8
BM-sheet_1-7506,beam,22.536,0.0,9.007,0.4
BM-sheet_1-7507,beam,45.084,0.0,18.017,0.8
BM-sheet_1-7508,beam,22.548,0.0,9.01,0.4
BM-sheet_1-7509,beam,45.1081,0.0,18.022,0.8
BM-sheet_1-7510,beam,22.56,0.0,9.012,0.4
BM-sheet_1-7511,beam,45.1321,0.0,18.026,0.8
BM-sheet_1-7512,beam,22.5721,0.0,9.014,0.4
BM-sheet_1-7513,beam,45.1561,0.0,18.031,0.8
BM-sheet_1-7514,beam,22.5841,0.0,9.017,0.4
BM-sheet_1-7515,beam,45.1802,0.0,18.036,0.8
BM-sheet_1-7516,beam,22.5961,0.0,9.019,0.4
BM-sheet_1-7517,beam,45.2042,0.0,18.041,0.8
BM-sheet_1-7518,beam,22.6081,0.0,9.022,0.4
BM-sheet_1-7519,beam,45.2283,0.0,18.046,0.8
BM-sheet_1-7520,beam,22.6202,0.0,9.024,0.4
BM-sheet_1-7521,beam,45.2524,0.0,18.05,0.8
BM-sheet_1-7522,beam,22.6322,0.0,9.026,0.4
BM-sheet_1-7523,beam,45.2764,0.0,18.055,0.8
BM-sheet_1-7524,beam,22.6442,0.0,9.029,0.4
BM-sheet_1-7525,beam,45.3005,0.0,18.06,0.8
BM-sheet_1-7526,beam,22.6563,0.0,9.031,0.4
BM-sheet_1-7527,beam,45.3246,0.0,18.065,0.8
BM-sheet_1-7528,beam,22.6683,0.0,9.034,0.4
BM-sheet_1-7529,beam,45.3487,0.0,18.07,0.8
BM-sheet_1-7530,beam,22.6804,0.0,9.036,0.4
BM-sheet_1-7531,beam,45.3728,0.0,18.074,0.8
BM-sheet_1-7532,beam,22.6924,0.0,9.038,0.4
BM-sheet_1-7533,beam,45.3969,0.0,18.079,0.8
BM-sheet_1-7534,beam,22.7045,0.0,9.041,0.4
BM-sheet_1-7535,beam,45.421,0.0,18.084,0.8
BM-sheet_1-7536,beam,22.7165,0.0,9.043,0.4
BM-sheet_1-7537,beam,45.4451,0.0,18.089,0.8
BM-sheet_1-7538,beam,22.7286,0.0,9.046,0.4
BM-sheet_1-7539,beam,45.4692,0.0,18.094,0.8
BM-sheet_1-7540,beam,22.7406,0.0,9.048,0.4
BM-sheet_1-7541,beam,45.4933,0.0,18.098,0.8
BM-sheet_1-7542,beam,22.7527,0.0,9.05,0.4
BM-sheet_1-7543,beam,45.5175,0.0,18.103,0.8
BM-sheet_1-7544,beam,22.7648,0.0,9.053,0.4
BM-sheet_1-7545,beam,45.5416,0.0,18.108,0.8
BM-sheet_1-7546,beam,22.7768,0.0,9.055,0.4
BM-sheet_1-7547,beam,45.5658,0.0,18.113,0.8
BM-sheet_1-7548,beam,22.7889,0.0,9.058,0.4
BM-sheet_1-7549,beam,45.5899,0.0,18.118,0.8
BM-sheet_1-7550,beam,22.801,0.0,9.06,0.4
BM-sheet_1-7551,beam,45.6141,0.0,18.122,0.8
BM-sheet_1-7552,beam,22.8131,0.0,9.062,0.4
BM-sheet_1-7553,beam,45.6382,0.0,18.127,0.8
BM-sheet_1-7554,beam,22.8252,0.0,9.065,0.4
BM-sheet_1-7555,beam,45.6624,0.0,18.132,0.8
BM-sheet_1-7556,beam,22.8373,0.0,9.067,0.4
BM-sheet_1-7557,beam,45.6866,0.0,18.137,0.8
BM-sheet_1-7558,beam,22.8493,0.0,9.07,0.4
BM-sheet_1-7559,beam,45.7108,0.0,18.142,0.8
BM-sheet_1-7560,beam,22.8614,0.0,9.072,0.4
BM-sheet_1-7561,beam,45.735,0.0,18.146,0.8
BM-sheet_1-7562,beam,22.8735,0.0,9.074,0.4
BM-sheet_1-7563,beam,45.7592,0.0,18.151,0.8
BM-sheet_1-7564,beam,22.8856,0.0,9.077,0.4
BM-sheet_1-7565,beam,45.7834,0.0,18.156,0.8
BM-sheet_1-7566,beam,22.8977,0.0,9.079,0.4
BM-sheet_1-7567,beam,45.8076,0.0,18.161,0.8
BM-sheet_1-7568,beam,22.9098,0.0,9.082,0.4
BM-sheet_1-7569,beam,45.8318,0.0,18.166,0.8
BM-sheet_1-7570,beam,22.922,0.0,9.084,0.4
BM-sheet_1-7571,beam,45.856,0.0,18.17,0.8
BM-sheet_1-7572,beam,22.9341,0.0,9.086,0.4
BM-sheet_1-7573,beam,45.8803,0.0,18.175,0.8
BM-sheet_1-7574,beam,22.9462,0.0,9.089,0.4
BM-sheet_1-7575,beam,45.9045,0.0,18.18,0.8
BM-sheet_1-7576,beam,22.9583,0.0,9.091,0.4
BM-sheet_1-7577,beam,45.9287,0.0,18.185,0.8
BM-sheet_1-7578,beam,22.9704,0.0,9.094,0.4
BM-sheet_1-7579,beam,45.953,0.0,18.19,0.8
BM-sheet_1-7580,beam,22.9826,0.0,9.096,0.4
BM-sheet_1-7581,beam,45.9772,0.0,18.194,0.8
BM-sheet_1-7582,beam,22.9947,0.0,9.098,0.4
BM-sheet_1-7583,beam,46.0015,0.0,18.199,0.8
BM-sheet_1-7584,beam,23.0068,0.0,9.101,0.4
BM-sheet_1-7585,beam,46.0258,0.0,18.204,0.8
BM-sheet_1-7586,beam,23.019,0.0,9.103,0.4
BM-sheet_1-7587,beam,46.0501,0.0,18.209,0.8
BM-sheet_1-7588,beam,23.0311,0.0,9.106,0.4
BM-sheet_1-7589,beam,46.0743,0.0,18.214,0.8
BM-sheet_1-7590,beam,23.0432,0.0,9.108,0.4
BM-sheet_1-7591,beam,46.0986,0.0,18.218,0.8
BM-sheet_1-7592,beam,23.0554,0.0,9.11,0.4
BM-sheet_1-7593,beam,46.1229,0.0,18.223,0.8
BM-sheet_1-7594,beam,23.0675,0.0,9.113,0.4
BM-sheet_1-7595,beam,46.1472,0.0,18.228,0.8
BM-sheet_1-7596,beam,23.0797,0.0,9.115,0.4
BM-sheet_1-7597,beam,46.1715,0.0,18.233,0.8
BM-sheet_1-7598,beam,23.0918,0.0,9.118,0.4
BM-sheet_1-7599,beam,46.1958,0.0,18.238,0.8
BM-sheet_1-7600,beam,23.104,0.0,9.12,0.4
BM-sheet_1-7601,beam,46.2202,0.0,18.242,0.8
BM-sheet_1-7602,beam,23.1162,0.0,9.122,0.4
BM-sheet_1-7603,beam,46.2445,0.0,18.247,0.8
BM-sheet_1-7604,beam,23.1283,0.0,9.125,0.4
BM-sheet_1-7605,beam,46.2688,0.0,18.252,0.8
BM-sheet_1-7606,beam,23.1405,0.0,9.127,0.4
BM-sheet_1-7607,beam,46.2932,0.0,18.257,0.8
BM-sheet_1-7608,beam,28.9408,0.0,11.412,0.5
BM-sheet_1-7609,beam,40.5278,0.0,15.979,0.7
BM-sheet_1-7610,beam,28.9561,0.0,11.415,0.5
BM-sheet_1-7611,beam,40.5491,0.0,15.983,0.7
BM-sheet_1-7612,beam,23.177,0.0,9.134,0.4
BM-sheet_1-7613,beam,46.3662,0.0,18.271,0.8
BM-sheet_1-7614,beam,23.1892,0.0,9.137,0.4
BM-sheet_1-7615,beam,46.3906,0.0,18.276,0.8
BM-sheet_1-7616,beam,23.2014,0.0,9.139,0.4
BM-sheet_1-7617,beam,46.415,0.0,18.281,0.8
BM-sheet_1-7618,beam,23.2136,0.0,9.142,0.4
BM-sheet_1-7619,beam,46.4393,0.0,18.286,0.8
BM-sheet_1-7620,beam,23.2258,0.0,9.144,0.4
BM-sheet_1-7621,beam,46.4637,0.0,18.29,0.8
BM-sheet_1-7622,beam,23.238,0.0,9.146,0.4
BM-sheet_1-7623,beam,46.4881,0.0,18.295,0.8
BM-sheet_1-7624,beam,0.128,0.0,0.8,0.4
BM-sheet_1-7625,beam,46.5125,0.0,18.3,0.8
BM-sheet_1-7626,beam,23.2624,0.0,9.151,0.4
BM-sheet_1-7627,beam,46.5369,0.0,18.305,0.8
BM-sheet_1-7628,beam,23.2746,0.0,9.154,0.4
BM-sheet_1-7629,beam,46.5613,0.0,18.31,0.8
BM-sheet_1-7630,beam,23.2868,0.0,9.156,0.4
BM-sheet_1-7631,beam,46.5857,0.0,18.314,0.8
BM-sheet_1-7632,beam,23.299,0.0,9.158,0.4
BM-sheet_1-7633,beam,46.6102,0.0,18.319,0.8
BM-sheet_1-7634,beam,23.3112,0.0,9.161,0.4
BM-sheet_1-7635,beam,46.6346,0.0,18.324,0.8
BM-sheet_1-7636,beam,23.3234,0.0,9.163,0.4
BM-sheet_1-7637,beam,46.659,0.0,18.329,0.8
BM-sheet_1-7638,beam,23.3356,0.0,9.166,0.4
BM-sheet_1-7639,beam,46.6835,0.0,18.334,0.8
BM-sheet_1-7640,beam,23.3478,0.0,9.168,0.4
BM-sheet_1-7641,beam,46.7079,0.0,18.338,0.8
BM-sheet_1-7642,beam,23.3601,0.0,9.17,0.4
BM-sheet_1-7643,beam,46.7324,0.0,18.343,0.8
BM-sheet_1-7644,beam,23.3723,0.0,9.173,0.4
BM-sheet_1-7645,beam,46.7568,0.0,18.348,0.8
BM-sheet_1-7646,beam,23.3845,0.0,9.175,0.4
BM-sheet_1-7647,beam,46.7813,0.0,18.353,0.8
BM-sheet_1-7648,beam,23.3968,0.0,9.178,0.4
BM-sheet_1-7649,beam,46.8058,0.0,18.358,0.8
BM-sheet_1-7650,beam,23.409,0.0,9.18,0.4
BM-sheet_1-7651,beam,46.8302,0.0,18.362,0.8
BM-sheet_1-7652,beam,23.4212,0.0,9.182,0.4
BM-sheet_1-7653,beam,46.8547,0.0,18.367,0.8
BM-sheet_1-7654,beam,23.4335,0.0,9.185,0.4
BM-sheet_1-7655,beam,46.8792,0.0,18.372,0.8
BM-sheet_1-7656,beam,23.4457,0.0,9.187,0.4
BM-sheet_1-7657,beam,46.9037,0.0,18.377,0.8
BM-sheet_1-7658,beam,23.458,0.0,9.19,0.4
BM-sheet_1-7659,beam,46.9282,0.0,18.382,0.8
BM-sheet_1-7660,beam,23.4702,0.0,9.192,0.4
BM-sheet_1-7661,beam,46.9527,0.0,18.386,0.8
BM-sheet_1-7662,beam,23.4825,0.0,9.194,0.4
BM-sheet_1-7663,beam,46.9773,0.0,18.391,0.8
BM-sheet_1-7664,beam,23.4948,0.0,9.197,0.4
BM-sheet_1-7665,beam,47.0018,0.0,18.396,0.8
BM-sheet_1-7666,beam,23.507,0.0,9.199,0.4
BM-sheet_1-7667,beam,47.0263,0.0,18.401,0.8
BM-sheet_1-7668,beam,29.3991,0.0,11.502,0.5
BM-sheet_1-7669,beam,41.1695,0.0,16.105,0.7
BM-sheet_1-7670,beam,29.4144,0.0,11.505,0.5
BM-sheet_1-7671,beam,41.191,0.0,16.109,0.7
BM-sheet_1-7672,beam,29.4298,0.0,11.508,0.5
BM-sheet_1-7673,beam,41.2125,0.0,16.113,0.7
BM-sheet_1-7674,beam,29.4451,0.0,11.511,0.5
BM-sheet_1-7675,beam,41.2339,0.0,16.117,0.7
BM-sheet_1-7676,beam,29.4605,0.0,11.514,0.5
BM-sheet_1-7677,beam,41.2554,0.0,16.122,0.7
BM-sheet_1-7678,beam,29.4758,0.0,11.517,0.5
BM-sheet_1-7679,beam,41.2769,0.0,16.126,0.7
BM-sheet_1-7680,beam,23.593,0.0,9.216,0.4
BM-sheet_1-7681,beam,47.1982,0.0,18.434,0.8
BM-sheet_1-7682,beam,23.6052,0.0,9.218,0.4
BM-sheet_1-7683,beam,47.2228,0.0,18.439,0.8
BM-sheet_1-7684,beam,23.6175,0.0,9.221,0.4
BM-sheet_1-7685,beam,47.2474,0.0,18.444,0.8
BM-sheet_1-7686,beam,23.6298,0.0,9.223,0.4
BM-sheet_1-7687,beam,47.272,0.0,18.449,0.8
BM-sheet_1-7688,beam,23.6421,0.0,9.226,0.4
BM-sheet_1-7689,beam,0.256,0.0,1.6,0.8
BM-sheet_1-7690,beam,23.6544,0.0,9.228,0.4
BM-sheet_1-7691,beam,47.3212,0.0,18.458,0.8
BM-sheet_1-7692,beam,23.6667,0.0,9.23,0.4
BM-sheet_1-7693,beam,0.256,0.0,1.6,0.8
BM-sheet_1-7694,beam,23.6791,0.0,9.233,0.4
BM-sheet_1-7695,beam,47.3704,0.0,18.468,0.8
BM-sheet_1-7696,beam,23.6914,0.0,9.235,0.4
BM-sheet_1-7697,beam,0.256,0.0,1.6,0.8
BM-sheet_1-7698,beam,23.7037,0.0,9.238,0.4
BM-sheet_1-7699,beam,47.4197,0.0,18.478,0.8
BM-sheet_1-7700,beam,23.716,0.0,9.24,0.4
BM-sheet_1-7701,beam,47.4443,0.0,18.482,0.8
BM-sheet_1-7702,beam,23.7283,0.0,9.242,0.4
BM-sheet_1-7703,beam,47.469,0.0,18.487,0.8
BM-sheet_1-7704,beam,23.7406,0.0,9.245,0.4
BM-sheet_1-7705,beam,53.4303,0.0,20.803,0.9
BM-sheet_1-7706,beam,23.753,0.0,9.247,0.4
BM-sheet_1-7707,beam,53.4581,0.0,20.809,0.9
BM-sheet_1-7708,beam,0.128,0.0,0.8,0.4
BM-sheet_1-7709,beam,0.256,0.0,1.6,0.8
BM-sheet_1-7710,beam,23.7776,0.0,9.252,0.4
BM-sheet_1-7711,beam,0.256,0.0,1.6,0.8
BM-sheet_1-7712,beam,23.79,0.0,9.254,0.4
BM-sheet_1-7713,beam,47.5923,0.0,18.511,0.8
BM-sheet_1-7714,beam,23.8023,0.0,9.257,0.4
BM-sheet_1-7715,beam,47.617,0.0,18.516,0.8
BM-sheet_1-7716,beam,29.7683,0.0,11.574,0.5
BM-sheet_1-7717,beam,41.6865,0.0,16.206,0.7
BM-sheet_1-7718,beam,29.7838,0.0,11.577,0.5
BM-sheet_1-7719,beam,41.7081,0.0,16.21,0.7
BM-sheet_1-7720,beam,23.8394,0.0,9.264,0.4
BM-sheet_1-7721,beam,47.6911,0.0,18.53,0.8
BM-sheet_1-7722,beam,23.8517,0.0,9.266,0.4
BM-sheet_1-7723,beam,47.7158,0.0,18.535,0.8
BM-sheet_1-7724,beam,23.8641,0.0,9.269,0.4
BM-sheet_1-7725,beam,47.7405,0.0,18.54,0.8
BM-sheet_1-7726,beam,23.8764,0.0,9.271,0.4
BM-sheet_1-7727,beam,47.7652,0.0,18.545,0.8
BM-sheet_1-7728,beam,23.8888,0.0,9.274,0.4
BM-sheet_1-7729,beam,47.79,0.0,18.55,0.8
BM-sheet_1-7730,beam,23.9012,0.0,9.276,0.4
BM-sheet_1-7731,beam,47.8147,0.0,18.554,0.8
BM-sheet_1-7732,beam,23.9135,0.0,9.278,0.4
BM-sheet_1-7733,beam,47.8394,0.0,18.559,0.8
BM-sheet_1-7734,beam,23.9259,0.0,9.281,0.4
BM-sheet_1-7735,beam,47.8642,0.0,18.564,0.8
BM-sheet_1-7736,beam,23.9383,0.0,9.283,0.4
BM-sheet_1-7737,beam,47.8889,0.0,18.569,0.8
BM-sheet_1-7738,beam,23.9507,0.0,9.286,0.4
BM-sheet_1-7739,beam,47.9137,0.0,18.574,0.8
BM-sheet_1-7740,beam,23.963,0.0,9.288,0.4
BM-sheet_1-7741,beam,47.9385,0.0,18.578,0.8
BM-sheet_1-7742,beam,23.9754,0.0,9.29,0.4
BM-sheet_1-7743,beam,47.9632,0.0,18.583,0.8
BM-sheet_1-7744,beam,23.9878,0.0,9.293,0.4
BM-sheet_1-7745,beam,47.988,0.0,18.588,0.8
BM-sheet_1-7746,beam,24.0002,0.0,9.295,0.4
BM-sheet_1-7747,beam,48.0128,0.0,18.593,0.8
BM-sheet_1-7748,beam,24.0126,0.0,9.298,0.4
BM-sheet_1-7749,beam,48.0376,0.0,18.598,0.8
BM-sheet_1-7750,beam,24.025,0.0,9.3,0.4
BM-sheet_1-7751,beam,48.0624,0.0,18.602,0.8
BM-sheet_1-7752,beam,24.0374,0.0,9.302,0.4
BM-sheet_1-7753,beam,48.0872,0.0,18.607,0.8
BM-sheet_1-7754,beam,24.0498,0.0,9.305,0.4
BM-sheet_1-7755,beam,48.112,0.0,18.612,0.8
BM-sheet_1-7756,beam,24.0622,0.0,9.307,0.4
BM-sheet_1-7757,beam,48.1368,0.0,18.617,0.8
BM-sheet_1-7758,beam,24.0746,0.0,9.31,0.4
BM-sheet_1-7759,beam,48.1617,0.0,18.622,0.8
BM-sheet_1-7760,beam,24.087,0.0,9.312,0.4
BM-sheet_1-7761,beam,48.1865,0.0,18.626,0.8
BM-sheet_1-7762,beam,24.0995,0.0,9.314,0.4
BM-sheet_1-7763,beam,48.2113,0.0,18.631,0.8
BM-sheet_1-7764,beam,24.1119,0.0,9.317,0.4
BM-sheet_1-7765,beam,48.2362,0.0,18.636,0.8
BM-sheet_1-7766,beam,24.1243,0.0,9.319,0.4
BM-sheet_1-7767,beam,48.261,0.0,18.641,0.8
BM-sheet_1-7768,beam,24.1367,0.0,9.322,0.4
BM-sheet_1-7769,beam,48.2859,0.0,18.646,0.8
BM-sheet_1-7770,beam,24.1492,0.0,9.324,0.4
BM-sheet_1-7771,beam,48.3108,0.0,18.65,0.8
BM-sheet_1-7772,beam,24.1616,0.0,9.326,0.4
BM-sheet_1-7773,beam,48.3356,0.0,18.655,0.8
BM-sheet_1-7774,beam,24.174,0.0,9.329,0.4
BM-sheet_1-7775,beam,48.3605,0.0,18.66,0.8
BM-sheet_1-7776,beam,24.1865,0.0,9.331,0.4
BM-sheet_1-7777,beam,48.3854,0.0,18.665,0.8
BM-sheet_1-7778,beam,24.1989,0.0,9.334,0.4
BM-sheet_1-7779,beam,48.4103,0.0,18.67,0.8
BM-sheet_1-7780,beam,24.2114,0.0,9.336,0.4
BM-sheet_1-7781,beam,48.4352,0.0,18.674,0.8
BM-sheet_1-7782,beam,24.2238,0.0,9.338,0.4
BM-sheet_1-7783,beam,48.4601,0.0,18.679,0.8
BM-sheet_1-7784,beam,24.2363,0.0,9.341,0.4
BM-sheet_1-7785,beam,48.485,0.0,18.684,0.8
BM-sheet_1-7786,beam,24.2487,0.0,9.343,0.4
BM-sheet_1-7787,beam,48.5099,0.0,18.689,0.8
BM-sheet_1-7788,beam,24.2612,0.0,9.346,0.4
BM-sheet_1-7789,beam,48.5348,0.0,18.694,0.8
BM-sheet_1-7790,beam,24.2736,0.0,9.348,0.4
BM-sheet_1-7791,beam,48.5597,0.0,18.698,0.8
BM-sheet_1-7792,beam,24.2861,0.0,9.35,0.4
BM-sheet_1-7793,beam,54.6578,0.0,21.041,0.9
BM-sheet_1-7794,beam,24.2986,0.0,9.353,0.4
BM-sheet_1-7795,beam,54.6858,0.0,21.046,0.9
BM-sheet_1-7796,beam,30.3888,0.0,11.694,0.5
BM-sheet_1-7797,beam,42.5552,0.0,16.374,0.7
BM-sheet_1-7798,beam,30.4044,0.0,11.697,0.5
BM-sheet_1-7799,beam,42.5771,0.0,16.378,0.7
BM-sheet_1-7800,beam,30.42,0.0,11.7,0.5
BM-sheet_1-7801,beam,30.4278,0.0,11.701,0.5
BM-sheet_1-7802,beam,30.4356,0.0,11.703,0.5
BM-sheet_1-7803,beam,30.4434,0.0,11.704,0.5
BM-sheet_1-7804,beam,30.4512,0.0,11.706,0.5
BM-sheet_1-7805,beam,30.459,0.0,11.707,0.5
BM-sheet_1-7806,beam,30.4668,0.0,11.709,0.5
BM-sheet_1-7807,beam,30.4746,0.0,11.71,0.5
BM-sheet_1-7808,beam,30.4824,0.0,11.712,0.5
BM-sheet_1-7809,beam,30.4902,0.0,11.713,0.5
BM-sheet_1-7810,beam,30.498,0.0,11.715,0.5
BM-sheet_1-7811,beam,30.5059,0.0,11.716,0.5
BM-sheet_1-7812,beam,42.7191,0.0,16.405,0.7
BM-sheet_1-7813,beam,30.5215,0.0,11.72,0.5
BM-sheet_1-7814,beam,42.741,0.0,16.409,0.7
BM-sheet_1-7815,beam,30.5371,0.0,11.723,0.5
BM-sheet_1-7816,beam,42.7629,0.0,16.414,0.7
BM-sheet_1-7817,beam,30.5527,0.0,11.726,0.5
BM-sheet_1-7818,beam,42.7848,0.0,16.418,0.7
BM-sheet_1-7819,beam,30.5684,0.0,11.729,0.5
BM-sheet_1-7820,beam,42.8067,0.0,16.422,0.7
BM-sheet_1-7821,beam,30.584,0.0,11.732,0.5
BM-sheet_1-7822,beam,42.8286,0.0,16.426,0.7
BM-sheet_1-7823,beam,30.5997,0.0,11.735,0.5
BM-sheet_1-7824,beam,42.8505,0.0,16.43,0.7
BM-sheet_1-7825,beam,30.6153,0.0,11.737,0.5
BM-sheet_1-7826,beam,42.8724,0.0,16.435,0.7
BM-sheet_1-7827,beam,30.631,0.0,11.741,0.5
BM-sheet_1-7828,beam,42.8943,0.0,16.439,0.7
BM-sheet_1-7829,beam,30.6466,0.0,11.743,0.5
BM-sheet_1-7830,beam,42.9162,0.0,16.443,0.7
BM-sheet_1-7831,beam,30.6623,0.0,11.747,0.5
BM-sheet_1-7832,beam,42.9382,0.0,16.447,0.7
BM-sheet_1-7833,beam,30.6779,0.0,11.75,0.5
BM-sheet_1-7834,beam,42.9601,0.0,16.451,0.7
BM-sheet_1-7835,beam,30.6936,0.0,11.752,0.5
BM-sheet_1-7836,beam,42.982,0.0,16.456,0.7
BM-sheet_1-7837,beam,30.7093,0.0,11.755,0.5
BM-sheet_1-7838,beam,43.004,0.0,16.46,0.7
BM-sheet_1-7839,beam,30.725,0.0,11.759,0.5
BM-sheet_1-7840,beam,43.0259,0.0,16.464,0.7
BM-sheet_1-7841,beam,30.7406,0.0,11.761,0.5
BM-sheet_1-7842,beam,43.0479,0.0,16.468,0.7
BM-sheet_1-7843,beam,24.6051,0.0,9.412,0.4
BM-sheet_1-7844,beam,49.2227,0.0,18.826,0.8
BM-sheet_1-7845,beam,0.128,0.0,0.8,0.4
BM-sheet_1-7846,beam,0.256,0.0,1.6,0.8
BM-sheet_1-7847,beam,24.6302,0.0,9.416,0.4
BM-sheet_1-7848,beam,49.2729,0.0,18.835,0.8
BM-sheet_1-7849,beam,0.128,0.0,0.8,0.4
BM-sheet_1-7850,beam,0.256,0.0,1.6,0.8
BM-sheet_1-7851,beam,24.6553,0.0,9.421,0.4
BM-sheet_1-7852,beam,49.3231,0.0,18.845,0.8
BM-sheet_1-7853,beam,0.128,0.0,0.8,0.4
BM-sheet_1-7854,beam,49.3483,0.0,18.85,0.8
BM-sheet_1-7855,beam,30.8505,0.0,11.782,0.5
BM-sheet_1-7856,beam,43.2017,0.0,16.498,0.7
BM-sheet_1-7857,beam,30.8662,0.0,11.785,0.5
BM-sheet_1-7858,beam,43.2237,0.0,16.502,0.7
BM-sheet_1-7859,beam,30.8819,0.0,11.789,0.5
BM-sheet_1-7860,beam,43.2457,0.0,16.506,0.7
BM-sheet_1-7861,beam,30.8977,0.0,11.791,0.5
BM-sheet_1-7862,beam,43.2677,0.0,16.51,0.7
BM-sheet_1-7863,beam,30.9134,0.0,11.794,0.5
BM-sheet_1-7864,beam,43.2897,0.0,16.514,0.7
BM-sheet_1-7865,beam,30.9291,0.0,11.798,0.5
BM-sheet_1-7866,beam,43.3118,0.0,16.519,0.7
BM-sheet_1-7867,beam,24.7559,0.0,9.44,0.4
BM-sheet_1-7868,beam,49.5243,0.0,18.883,0.8
BM-sheet_1-7869,beam,24.7685,0.0,9.443,0.4
BM-sheet_1-7870,beam,49.5495,0.0,18.888,0.8
BM-sheet_1-7871,beam,24.7811,0.0,9.445,0.4
BM-sheet_1-7872,beam,49.5747,0.0,18.893,0.8
BM-sheet_1-7873,beam,24.7937,0.0,9.448,0.4
BM-sheet_1-7874,beam,49.5999,0.0,18.898,0.8
BM-sheet_1-7875,beam,24.8063,0.0,9.45,0.4
BM-sheet_1-7876,beam,49.6251,0.0,18.902,0.8
BM-sheet_1-7877,beam,24.8189,0.0,9.452,0.4
BM-sheet_1-7878,beam,49.6503,0.0,18.907,0.8
BM-sheet_1-7879,beam,24.8315,0.0,9.455,0.4
BM-sheet_1-7880,beam,49.6755,0.0,18.912,0.8
BM-sheet_1-7881,beam,24.8441,0.0,9.457,0.4
BM-sheet_1-7882,beam,49.7007,0.0,18.917,0.8
BM-sheet_1-7883,beam,24.8567,0.0,9.46,0.4
BM-sheet_1-7884,beam,49.726,0.0,18.922,0.8
BM-sheet_1-7885,beam,24.8693,0.0,9.462,0.4
BM-sheet_1-7886,beam,49.7512,0.0,18.926,0.8
BM-sheet_1-7887,beam,24.8819,0.0,9.464,0.4
BM-sheet_1-7888,beam,49.7764,0.0,18.931,0.8
BM-sheet_1-7889,beam,24.8945,0.0,9.467,0.4
BM-sheet_1-7890,beam,49.8017,0.0,18.936,0.8
BM-sheet_1-7891,beam,0.128,0.0,0.8,0.4
BM-sheet_1-7892,beam,49.8269,0.0,18.941,0.8
BM-sheet_1-7893,beam,24.9198,0.0,9.472,0.4
BM-sheet_1-7894,beam,49.8522,0.0,18.946,0.8
BM-sheet_1-7895,beam,0.128,0.0,0.8,0.4
BM-sheet_1-7896,beam,49.8775,0.0,18.95,0.8
BM-sheet_1-7897,beam,24.945,0.0,9.476,0.4
BM-sheet_1-7898,beam,49.9027,0.0,18.955,0.8
BM-sheet_1-7899,beam,24.9577,0.0,9.479,0.4
BM-sheet_1-7900,beam,49.928,0.0,18.96,0.8
BM-sheet_1-7901,beam,24.9703,0.0,9.481,0.4
BM-sheet_1-7902,beam,49.9533,0.0,18.965,0.8
BM-sheet_1-7903,beam,24.983,0.0,9.484,0.4
BM-sheet_1-7904,beam,49.9786,0.0,18.97,0.8
BM-sheet_1-7905,beam,24.9956,0.0,9.486,0.4
BM-sheet_1-7906,beam,50.0039,0.0,18.974,0.8
BM-sheet_1-7907,beam,25.0083,0.0,9.488,0.4
BM-sheet_1-7908,beam,50.0292,0.0,18.979,0.8
BM-sheet_1-7909,beam,25.0209,0.0,9.491,0.4
BM-sheet_1-7910,beam,50.0545,0.0,18.984,0.8
BM-sheet_1-7911,beam,31.292,0.0,11.867,0.5
BM-sheet_1-7912,beam,43.8198,0.0,16.615,0.7
BM-sheet_1-7913,beam,31.3078,0.0,11.869,0.5
BM-sheet_1-7914,beam,43.842,0.0,16.619,0.7
BM-sheet_1-7915,beam,31.3236,0.0,11.872,0.5
BM-sheet_1-7916,beam,43.8641,0.0,16.624,0.7
BM-sheet_1-7917,beam,31.3394,0.0,11.875,0.5
BM-sheet_1-7918,beam,43.8863,0.0,16.628,0.7
BM-sheet_1-7919,beam,31.3553,0.0,11.879,0.5
BM-sheet_1-7920,beam,43.9085,0.0,16.632,0.7
BM-sheet_1-7921,beam,31.3711,0.0,11.881,0.5
BM-sheet_1-7922,beam,43.9307,0.0,16.636,0.7
BM-sheet_1-7923,beam,25.1096,0.0,9.508,0.4
BM-sheet_1-7924,beam,50.2318,0.0,19.018,0.8
BM-sheet_1-7925,beam,25.1222,0.0,9.51,0.4
BM-sheet_1-7926,beam,0.256,0.0,1.6,0.8
BM-sheet_1-7927,beam,25.1349,0.0,9.512,0.4
BM-sheet_1-7928,beam,50.2825,0.0,19.027,0.8
BM-sheet_1-7929,beam,25.1476,0.0,9.515,0.4
BM-sheet_1-7930,beam,50.3079,0.0,19.032,0.8
BM-sheet_1-7931,beam,25.1603,0.0,9.517,0.4
BM-sheet_1-7932,beam,50.3333,0.0,19.037,0.8
BM-sheet_1-7933,beam,25.173,0.0,9.52,0.4
BM-sheet_1-7934,beam,50.3587,0.0,19.042,0.8
BM-sheet_1-7935,beam,0.128,0.0,0.8,0.4
BM-sheet_1-7936,beam,50.3841,0.0,19.046,0.8
BM-sheet_1-7937,beam,25.1984,0.0,9.524,0.4
BM-sheet_1-7938,beam,0.256,0.0,1.6,0.8
BM-sheet_1-7939,beam,25.2111,0.0,9.527,0.4
BM-sheet_1-7940,beam,50.4349,0.0,19.056,0.8
BM-sheet_1-7941,beam,0.128,0.0,0.8,0.4
BM-sheet_1-7942,beam,50.4603,0.0,19.061,0.8
BM-sheet_1-7943,beam,25.2365,0.0,9.532,0.4
BM-sheet_1-7944,beam,50.4857,0.0,19.066,0.8
BM-sheet_1-7945,beam,25.2492,0.0,9.534,0.4
BM-sheet_1-7946,beam,50.5111,0.0,19.07,0.8
BM-sheet_1-7947,beam,25.2619,0.0,9.536,0.4
BM-sheet_1-7948,beam,56.8536,0.0,21.46,0.9
BM-sheet_1-7949,beam,25.2746,0.0,9.539,0.4
BM-sheet_1-7950,beam,56.8823,0.0,21.465,0.9
BM-sheet_1-7951,beam,31.6092,0.0,11.926,0.5
BM-sheet_1-7952,beam,50.5874,0.0,19.085,0.8
BM-sheet_1-7953,beam,31.6251,0.0,11.93,0.5
BM-sheet_1-7954,beam,50.6129,0.0,19.09,0.8
BM-sheet_1-7955,beam,25.3128,0.0,9.546,0.4
BM-sheet_1-7956,beam,50.6383,0.0,19.094,0.8
BM-sheet_1-7957,beam,25.3255,0.0,9.548,0.4
BM-sheet_1-7958,beam,50.6638,0.0,19.099,0.8
BM-sheet_1-7959,beam,25.3383,0.0,9.551,0.4
BM-sheet_1-7960,beam,50.6893,0.0,19.104,0.8
BM-sheet_1-7961,beam,25.351,0.0,9.553,0.4
BM-sheet_1-7962,beam,50.7148,0.0,19.109,0.8
BM-sheet_1-7963,beam,25.3637,0.0,9.556,0.4
BM-sheet_1-7964,beam,50.7402,0.0,19.114,0.8
BM-sheet_1-7965,beam,25.3765,0.0,9.558,0.4
BM-sheet_1-7966,beam,50.7657,0.0,19.118,0.8
BM-sheet_1-7967,beam,25.3892,0.0,9.56,0.4
BM-sheet_1-7968,beam,50.7912,0.0,19.123,0.8
BM-sheet_1-7969,beam,25.402,0.0,9.563,0.4
BM-sheet_1-7970,beam,50.8167,0.0,19.128,0.8
BM-sheet_1-7971,beam,25.4147,0.0,9.565,0.4
BM-sheet_1-7972,beam,50.8422,0.0,19.133,0.8
BM-sheet_1-7973,beam,25.4275,0.0,9.568,0.4
BM-sheet_1-7974,beam,50.8677,0.0,19.138,0.8
BM-sheet_1-7975,beam,25.4402,0.0,9.57,0.4
BM-sheet_1-7976,beam,50.8933,0.0,19.142,0.8
BM-sheet_1-7977,beam,25.453,0.0,9.572,0.4
BM-sheet_1-7978,beam,50.9188,0.0,19.147,0.8
BM-sheet_1-7979,beam,25.4658,0.0,9.575,0.4
BM-sheet_1-7980,beam,50.9443,0.0,19.152,0.8
BM-sheet_1-7981,beam,25.4785,0.0,9.577,0.4
BM-sheet_1-7982,beam,50.9699,0.0,19.157,0.8
BM-sheet_1-7983,beam,25.4913,0.0,9.58,0.4
BM-sheet_1-7984,beam,50.9954,0.0,19.162,0.8
BM-sheet_1-7985,beam,25.5041,0.0,9.582,0.4
BM-sheet_1-7986,beam,51.021,0.0,19.166,0.8
BM-sheet_1-7987,beam,25.5169,0.0,9.584,0.4
BM-sheet_1-7988,beam,51.0465,0.0,19.171,0.8
BM-sheet_1-7989,beam,25.5296,0.0,9.587,0.4
BM-sheet_1-7990,beam,51.0721,0.0,19.176,0.8
BM-sheet_1-7991,beam,25.5424,0.0,9.589,0.4
BM-sheet_1-7992,beam,51.0977,0.0,19.181,0.8
BM-sheet_1-7993,beam,25.5552,0.0,9.592,0.4
BM-sheet_1-7994,beam,51.1232,0.0,19.186,0.8
BM-sheet_1-7995,beam,25.568,0.0,9.594,0.4
BM-sheet_1-7996,beam,51.1488,0.0,19.19,0.8
BM-sheet_1-7997,beam,25.5808,0.0,9.596,0.4
BM-sheet_1-7998,beam,51.1744,0.0,19.195,0.8
BM-sheet_1-7999,beam,25.5936,0.0,9.599,0.4
BM-sheet_1-8000,beam,51.2,0.0,19.2,0.8
BM-sheet_1-8001,beam,25.6064,0.0,9.601,0.4
BM-sheet_1-8002,beam,51.2256,0.0,19.205,0.8
BM-sheet_1-8003,beam,25.6192,0.0,9.604,0.4
BM-sheet_1-8004,beam,51.2512,0.0,19.21,0.8
BM-sheet_1-8005,beam,25.632,0.0,9.606,0.4
BM-sheet_1-8006,beam,51.2768,0.0,19.214,0.8
BM-sheet_1-8007,beam,25.6448,0.0,9.608,0.4
BM-sheet_1-8008,beam,51.3025,0.0,19.219,0.8
BM-sheet_1-8009,beam,25.6576,0.0,9.611,0.4
BM-sheet_1-8010,beam,51.3281,0.0,19.224,0.8
BM-sheet_1-8011,beam,25.6704,0.0,9.613,0.4
BM-sheet_1-8012,beam,51.3537,0.0,19.229,0.8
BM-sheet_1-8013,beam,25.6833,0.0,9.616,0.4
BM-sheet_1-8014,beam,51.3794,0.0,19.234,0.8
BM-sheet_1-8015,beam,0.128,0.0,0.8,0.4
BM-sheet_1-8016,beam,0.256,0.0,1.6,0.8
BM-sheet_1-8017,beam,25.7089,0.0,9.62,0.4
BM-sheet_1-8018,beam,0.256,0.0,1.6,0.8
BM-sheet_1-8019,beam,25.7217,0.0,9.623,0.4
BM-sheet_1-8020,beam,51.4563,0.0,19.248,0.8
BM-sheet_1-8021,beam,25.7346,0.0,9.625,0.4
BM-sheet_1-8022,beam,51.482,0.0,19.253,0.8
BM-sheet_1-8023,beam,25.7474,0.0,9.628,0.4
BM-sheet_1-8024,beam,51.5077,0.0,19.258,0.8
BM-sheet_1-8025,beam,25.7602,0.0,9.63,0.4
BM-sheet_1-8026,beam,51.5333,0.0,19.262,0.8
BM-sheet_1-8027,beam,25.7731,0.0,9.632,0.4
BM-sheet_1-8028,beam,51.559,0.0,19.267,0.8
BM-sheet_1-8029,beam,25.7859,0.0,9.635,0.4
BM-sheet_1-8030,beam,51.5847,0.0,19.272,0.8
BM-sheet_1-8031,beam,25.7988,0.0,9.637,0.4
BM-sheet_1-8032,beam,51.6104,0.0,19.277,0.8
BM-sheet_1-8033,beam,25.8116,0.0,9.64,0.4
BM-sheet_1-8034,beam,51.6361,0.0,19.282,0.8
BM-sheet_1-8035,beam,25.8245,0.0,9.642,0.4
BM-sheet_1-8036,beam,51.6618,0.0,19.286,0.8
BM-sheet_1-8037,beam,25.8373,0.0,9.644,0.4
BM-sheet_1-8038,beam,51.6876,0.0,19.291,0.8
BM-sheet_1-8039,beam,25.8502,0.0,9.647,0.4
BM-sheet_1-8040,beam,51.7133,0.0,19.296,0.8
BM-sheet_1-8041,beam,25.8631,0.0,9.649,0.4
BM-sheet_1-8042,beam,51.739,0.0,19.301,0.8
BM-sheet_1-8043,beam,25.8759,0.0,9.652,0.4
BM-sheet_1-8044,beam,51.7647,0.0,19.306,0.8
BM-sheet_1-8045,beam,0.128,0.0,0.8,0.4
BM-sheet_1-8046,beam,51.7905,0.0,19.31,0.8
BM-sheet_1-8047,beam,25.9017,0.0,9.656,0.4
BM-sheet_1-8048,beam,51.8162,0.0,19.315,0.8
BM-sheet_1-8049,beam,25.9146,0.0,9.659,0.4
BM-sheet_1-8050,beam,51.842,0.0,19.32,0.8
BM-sheet_1-8051,beam,25.9274,0.0,9.661,0.4
BM-sheet_1-8052,beam,51.8678,0.0,19.325,0.8
BM-sheet_1-8053,beam,25.9403,0.0,9.664,0.4
BM-sheet_1-8054,beam,51.8935,0.0,19.33,0.8
BM-sheet_1-8055,beam,0.128,0.0,0.8,0.4
BM-sheet_1-8056,beam,0.256,0.0,1.6,0.8
BM-sheet_1-8057,beam,25.9661,0.0,9.668,0.4
BM-sheet_1-8058,beam,51.9451,0.0,19.339,0.8
BM-sheet_1-8059,beam,25.979,0.0,9.671,0.4
BM-sheet_1-8060,beam,51.9709,0.0,19.344,0.8
BM-sheet_1-8061,beam,25.9919,0.0,9.673,0.4
BM-sheet_1-8062,beam,51.9967,0.0,19.349,0.8
BM-sheet_1-8063,beam,26.0048,0.0,9.676,0.4
BM-sheet_1-8064,beam,52.0225,0.0,19.354,0.8
BM-sheet_1-8065,beam,26.0177,0.0,9.678,0.4
BM-sheet_1-8066,beam,52.0483,0.0,19.358,0.8
BM-sheet_1-8067,beam,39.0459,0.0,14.521,0.6
BM-sheet_1-8068,beam,65.0926,0.0,24.204,1.0
BM-sheet_1-8069,beam,39.0653,0.0,14.524,0.6
BM-sheet_1-8070,beam,65.1249,0.0,24.21,1.0
BM-sheet_1-8071,beam,26.0564,0.0,9.685,0.4
BM-sheet_1-8072,beam,52.1257,0.0,19.373,0.8
BM-sheet_1-8073,beam,26.0693,0.0,9.688,0.4
BM-sheet_1-8074,beam,52.1516,0.0,19.378,0.8
BM-sheet_1-8075,beam,32.6028,0.0,12.112,0.5
BM-sheet_1-8076,beam,45.6552,0.0,16.96,0.7
BM-sheet_1-8077,beam,32.619,0.0,12.115,0.5
BM-sheet_1-8078,beam,45.6779,0.0,16.964,0.7
BM-sheet_1-8079,beam,32.6351,0.0,12.119,0.5
BM-sheet_1-8080,beam,58.7578,0.0,21.816,0.9
BM-sheet_1-8081,beam,32.6513,0.0,12.122,0.5
BM-sheet_1-8082,beam,58.7869,0.0,21.821,0.9
BM-sheet_1-8083,beam,26.134,0.0,9.7,0.4
BM-sheet_1-8084,beam,52.2808,0.0,19.402,0.8
BM-sheet_1-8085,beam,26.1469,0.0,9.702,0.4
BM-sheet_1-8086,beam,52.3067,0.0,19.406,0.8
BM-sheet_1-8087,beam,26.1598,0.0,9.704,0.4
BM-sheet_1-8088,beam,52.3326,0.0,19.411,0.8
BM-sheet_1-8089,beam,26.1728,0.0,9.707,0.4
BM-sheet_1-8090,beam,52.3585,0.0,19.416,0.8
BM-sheet_1-8091,beam,26.1857,0.0,9.709,0.4
BM-sheet_1-8092,beam,52.3844,0.0,19.421,0.8
BM-sheet_1-8093,beam,26.1987,0.0,9.712,0.4
BM-sheet_1-8094,beam,52.4103,0.0,19.426,0.8
BM-sheet_1-8095,beam,26.2116,0.0,9.714,0.4
BM-sheet_1-8096,beam,52.4362,0.0,19.43,0.8
BM-sheet_1-8097,beam,26.2246,0.0,9.716,0.4
BM-sheet_1-8098,beam,52.4621,0.0,19.435,0.8
BM-sheet_1-8099,beam,26.2375,0.0,9.719,0.4
BM-sheet_1-8100,beam,52.488,0.0,19.44,0.8
BM-sheet_1-8101,beam,26.2505,0.0,9.721,0.4
BM-sheet_1-8102,beam,52.5139,0.0,19.445,0.8
BM-sheet_1-8103,beam,26.2634,0.0,9.724,0.4
BM-sheet_1-8104,beam,52.5399,0.0,19.45,0.8
BM-sheet_1-8105,beam,26.2764,0.0,9.726,0.4
BM-sheet_1-8106,beam,52.5658,0.0,19.454,0.8
BM-sheet_1-8107,beam,26.2894,0.0,9.728,0.4
BM-sheet_1-8108,beam,52.5917,0.0,19.459,0.8
BM-sheet_1-8109,beam,26.3024,0.0,9.731,0.4
BM-sheet_1-8110,beam,52.6177,0.0,19.464,0.8
BM-sheet_1-8111,beam,26.3153,0.0,9.733,0.4
BM-sheet_1-8112,beam,52.6436,0.0,19.469,0.8
BM-sheet_1-8113,beam,26.3283,0.0,9.736,0.4
BM-sheet_1-8114,beam,52.6696,0.0,19.474,0.8
BM-sheet_1-8115,beam,26.3413,0.0,9.738,0.4
BM-sheet_1-8116,beam,52.6956,0.0,19.478,0.8
BM-sheet_1-8117,beam,26.3543,0.0,9.74,0.4
BM-sheet_1-8118,beam,52.7215,0.0,19.483,0.8
BM-sheet_1-8119,beam,26.3673,0.0,9.743,0.4
BM-sheet_1-8120,beam,52.7475,0.0,19.488,0.8
BM-sheet_1-8121,beam,26.3803,0.0,9.745,0.4
BM-sheet_1-8122,beam,52.7735,0.0,19.493,0.8
BM-sheet_1-8123,beam,26.3933,0.0,9.748,0.4
BM-sheet_1-8124,beam,52.7995,0.0,19.498,0.8
BM-sheet_1-8125,beam,26.4062,0.0,9.75,0.4
BM-sheet_1-8126,beam,52.8255,0.0,19.502,0.8
BM-sheet_1-8127,beam,26.4193,0.0,9.752,0.4
BM-sheet_1-8128,beam,52.8515,0.0,19.507,0.8
BM-sheet_1-8129,beam,26.4323,0.0,9.755,0.4
BM-sheet_1-8130,beam,52.8775,0.0,19.512,0.8
BM-sheet_1-8131,beam,26.4453,0.0,9.757,0.4
BM-sheet_1-8132,beam,52.9035,0.0,19.517,0.8
BM-sheet_1-8133,beam,26.4583,0.0,9.76,0.4
BM-sheet_1-8134,beam,52.9296,0.0,19.522,0.8
BM-sheet_1-8135,beam,26.4713,0.0,9.762,0.4
BM-sheet_1-8136,beam,52.9556,0.0,19.526,0.8
BM-sheet_1-8137,beam,26.4843,0.0,9.764,0.4
BM-sheet_1-8138,beam,52.9816,0.0,19.531,0.8
BM-sheet_1-8139,beam,26.4973,0.0,9.767,0.4
BM-sheet_1-8140,beam,53.0077,0.0,19.536,0.8
BM-sheet_1-8141,beam,26.5104,0.0,9.769,0.4
BM-sheet_1-8142,beam,53.0337,0.0,19.541,0.8
BM-sheet_1-8143,beam,26.5234,0.0,9.772,0.4
BM-sheet_1-8144,beam,53.0598,0.0,19.546,0.8
BM-sheet_1-8145,beam,26.5364,0.0,9.774,0.4
BM-sheet_1-8146,beam,53.0859,0.0,19.55,0.8
BM-sheet_1-8147,beam,26.5494,0.0,9.776,0.4
BM-sheet_1-8148,beam,53.1119,0.0,19.555,0.8
BM-sheet_1-8149,beam,26.5625,0.0,9.779,0.4
BM-sheet_1-8150,beam,53.138,0.0,19.56,0.8
BM-sheet_1-8151,beam,26.5755,0.0,9.781,0.4
BM-sheet_1-8152,beam,53.1641,0.0,19.565,0.8
BM-sheet_1-8153,beam,26.5886,0.0,9.784,0.4
BM-sheet_1-8154,beam,53.1902,0.0,19.57,0.8
BM-sheet_1-8155,beam,26.6016,0.0,9.786,0.4
BM-sheet_1-8156,beam,53.2163,0.0,19.574,0.8
BM-sheet_1-8157,beam,26.6147,0.0,9.788,0.4
BM-sheet_1-8158,beam,53.2424,0.0,19.579,0.8
BM-sheet_1-8159,beam,26.6277,0.0,9.791,0.4
BM-sheet_1-8160,beam,53.2685,0.0,19.584,0.8
BM-sheet_1-8161,beam,26.6408,0.0,9.793,0.4
BM-sheet_1-8162,beam,53.2946,0.0,19.589,0.8
BM-sheet_1-8163,beam,26.6538,0.0,9.796,0.4
BM-sheet_1-8164,beam,53.3207,0.0,19.594,0.8
BM-sheet_1-8165,beam,26.6669,0.0,9.798,0.4
BM-sheet_1-8166,beam,53.3468,0.0,19.598,0.8
BM-sheet_1-8167,beam,26.68,0.0,9.8,0.4
BM-sheet_1-8168,beam,53.373,0.0,19.603,0.8
BM-sheet_1-8169,beam,26.693,0.0,9.803,0.4
BM-sheet_1-8170,beam,53.3991,0.0,19.608,0.8
BM-sheet_1-8171,beam,26.7061,0.0,9.805,0.4
BM-sheet_1-8172,beam,53.4253,0.0,19.613,0.8
BM-sheet_1-8173,beam,26.7192,0.0,9.808,0.4
BM-sheet_1-8174,beam,53.4514,0.0,19.618,0.8
BM-sheet_1-8175,beam,26.7323,0.0,9.81,0.4
BM-sheet_1-8176,beam,53.4776,0.0,19.622,0.8
BM-sheet_1-8177,beam,26.7453,0.0,9.812,0.4
BM-sheet_1-8178,beam,53.5037,0.0,19.627,0.8
BM-sheet_1-8179,beam,26.7584,0.0,9.815,0.4
BM-sheet_1-8180,beam,53.5299,0.0,19.632,0.8
BM-sheet_1-8181,beam,26.7715,0.0,9.817,0.4
BM-sheet_1-8182,beam,53.5561,0.0,19.637,0.8
BM-sheet_1-8183,beam,26.7846,0.0,9.82,0.4
BM-sheet_1-8184,beam,53.5823,0.0,19.642,0.8
BM-sheet_1-8185,beam,26.7977,0.0,9.822,0.4
BM-sheet_1-8186,beam,53.6085,0.0,19.646,0.8
BM-sheet_1-8187,beam,26.8108,0.0,9.824,0.4
BM-sheet_1-8188,beam,53.6347,0.0,19.651,0.8
BM-sheet_1-8189,beam,26.8239,0.0,9.827,0.4
BM-sheet_1-8190,beam,53.6609,0.0,19.656,0.8
BM-sheet_1-8191,beam,26.837,0.0,9.829,0.4
BM-sheet_1-8192,beam,53.6871,0.0,19.661,0.8
BM-sheet_1-8193,beam,26.8501,0.0,9.832,0.4
BM-sheet_1-8194,beam,53.7133,0.0,19.666,0.8
BM-sheet_1-8195,beam,26.8632,0.0,9.834,0.4
BM-sheet_1-8196,beam,53.7395,0.0,19.67,0.8
BM-sheet_1-8197,beam,26.8763,0.0,9.836,0.4
BM-sheet_1-8198,beam,53.7658,0.0,19.675,0.8
BM-sheet_1-8199,beam,26.8894,0.0,9.839,0.4
BM-sheet_1-8200,beam,53.792,0.0,19.68,0.8
BM-sheet_1-8201,beam,26.9026,0.0,9.841,0.4
BM-sheet_1-8202,beam,53.8182,0.0,19.685,0.8
BM-sheet_1-8203,beam,26.9157,0.0,9.844,0.4
BM-sheet_1-8204,beam,53.8445,0.0,19.69,0.8
BM-sheet_1-8205,beam,26.9288,0.0,9.846,0.4
BM-sheet_1-8206,beam,53.8707,0.0,19.694,0.8
BM-sheet_1-8207,beam,26.9419,0.0,9.848,0.4
BM-sheet_1-8208,beam,53.897,0.0,19.699,0.8
BM-sheet_1-8209,beam,26.9551,0.0,9.851,0.4
BM-sheet_1-8210,beam,53.9233,0.0,19.704,0.8
BM-sheet_1-8211,beam,26.9682,0.0,9.853,0.4
BM-sheet_1-8212,beam,53.9496,0.0,19.709,0.8
BM-sheet_1-8213,beam,26.9813,0.0,9.856,0.4
BM-sheet_1-8214,beam,53.9758,0.0,19.714,0.8
BM-sheet_1-8215,beam,26.9945,0.0,9.858,0.4
BM-sheet_1-8216,beam,54.0021,0.0,19.718,0.8
BM-sheet_1-8217,beam,27.0076,0.0,9.86,0.4
BM-sheet_1-8218,beam,54.0284,0.0,19.723,0.8
BM-sheet_1-8219,beam,27.0208,0.0,9.863,0.4
BM-sheet_1-8220,beam,54.0547,0.0,19.728,0.8
BM-sheet_1-8221,beam,27.0339,0.0,9.865,0.4
BM-sheet_1-8222,beam,54.081,0.0,19.733,0.8
BM-sheet_1-8223,beam,27.0471,0.0,9.868,0.4
BM-sheet_1-8224,beam,54.1073,0.0,19.738,0.8
BM-sheet_1-8225,beam,27.0602,0.0,9.87,0.4
BM-sheet_1-8226,beam,54.1337,0.0,19.742,0.8
BM-sheet_1-8227,beam,27.0734,0.0,9.872,0.4
BM-sheet_1-8228,beam,54.16,0.0,19.747,0.8
BM-sheet_1-8229,beam,27.0866,0.0,9.875,0.4
BM-sheet_1-8230,beam,54.1863,0.0,19.752,0.8
BM-sheet_1-8231,beam,27.0997,0.0,9.877,0.4
BM-sheet_1-8232,beam,54.2127,0.0,19.757,0.8
BM-sheet_1-8233,beam,27.1129,0.0,9.88,0.4
BM-sheet_1-8234,beam,54.239,0.0,19.762,0.8
BM-sheet_1-8235,beam,27.1261,0.0,9.882,0.4
BM-sheet_1-8236,beam,54.2654,0.0,19.766,0.8
BM-sheet_1-8237,beam,27.1393,0.0,9.884,0.4
BM-sheet_1-8238,beam,54.2917,0.0,19.771,0.8
BM-sheet_1-8239,beam,27.1524,0.0,9.887,0.4
BM-sheet_1-8240,beam,54.3181,0.0,19.776,0.8
BM-sheet_1-8241,beam,27.1656,0.0,9.889,0.4
BM-sheet_1-8242,beam,54.3445,0.0,19.781,0.8
BM-sheet_1-8243,beam,27.1788,0.0,9.892,0.4
BM-sheet_1-8244,beam,54.3708,0.0,19.786,0.8
BM-sheet_1-8245,beam,27.192,0.0,9.894,0.4
BM-sheet_1-8246,beam,54.3972,0.0,19.79,0.8
BM-sheet_1-8247,beam,27.2052,0.0,9.896,0.4
BM-sheet_1-8248,beam,54.4236,0.0,19.795,0.8
BM-sheet_1-8249,beam,27.2184,0.0,9.899,0.4
BM-sheet_1-8250,beam,54.45,0.0,19.8,0.8
BM-sheet_1-8251,beam,27.2316,0.0,9.901,0.4
BM-sheet_1-8252,beam,54.4764,0.0,19.805,0.8
BM-sheet_1-8253,beam,27.2448,0.0,9.904,0.4
BM-sheet_1-8254,beam,54.5028,0.0,19.81,0.8
BM-sheet_1-8255,beam,27.258,0.0,9.906,0.4
BM-sheet_1-8256,beam,54.5292,0.0,19.814,0.8
BM-sheet_1-8257,beam,27.2712,0.0,9.908,0.4
BM-sheet_1-8258,beam,54.5557,0.0,19.819,0.8
BM-sheet_1-8259,beam,27.2844,0.0,9.911,0.4
BM-sheet_1-8260,beam,54.5821,0.0,19.824,0.8
BM-sheet_1-8261,beam,27.2976,0.0,9.913,0.4
BM-sheet_1-8262,beam,54.6085,0.0,19.829,0.8
BM-sheet_1-8263,beam,27.3109,0.0,9.916,0.4
BM-sheet_1-8264,beam,54.635,0.0,19.834,0.8
BM-sheet_1-8265,beam,27.3241,0.0,9.918,0.4
BM-sheet_1-8266,beam,54.6614,0.0,19.838,0.8
BM-sheet_1-8267,beam,27.3373,0.0,9.92,0.4
BM-sheet_1-8268,beam,54.6879,0.0,19.843,0.8
BM-sheet_1-8269,beam,27.3505,0.0,9.923,0.4
BM-sheet_1-8270,beam,54.7143,0.0,19.848,0.8
BM-sheet_1-8271,beam,27.3638,0.0,9.925,0.4
BM-sheet_1-8272,beam,54.7408,0.0,19.853,0.8
BM-sheet_1-8273,beam,27.377,0.0,9.928,0.4
BM-sheet_1-8274,beam,54.7673,0.0,19.858,0.8
BM-sheet_1-8275,beam,27.3902,0.0,9.93,0.4
BM-sheet_1-8276,beam,54.7937,0.0,19.862,0.8
BM-sheet_1-8277,beam,27.4035,0.0,9.932,0.4
BM-sheet_1-8278,beam,54.8202,0.0,19.867,0.8
BM-sheet_1-8279,beam,27.4167,0.0,9.935,0.4
BM-sheet_1-8280,beam,54.8467,0.0,19.872,0.8
BM-sheet_1-8281,beam,27.43,0.0,9.937,0.4
BM-sheet_1-8282,beam,54.8732,0.0,19.877,0.8
BM-sheet_1-8283,beam,27.4432,0.0,9.94,0.4
BM-sheet_1-8284,beam,54.8997,0.0,19.882,0.8
BM-sheet_1-8285,beam,27.4565,0.0,9.942,0.4
BM-sheet_1-8286,beam,54.9262,0.0,19.886,0.8
BM-sheet_1-8287,beam,27.4697,0.0,9.944,0.4
BM-sheet_1-8288,beam,54.9528,0.0,19.891,0.8
BM-sheet_1-8289,beam,27.483,0.0,9.947,0.4
BM-sheet_1-8290,beam,54.9793,0.0,19.896,0.8
BM-sheet_1-8291,beam,27.4963,0.0,9.949,0.4
BM-sheet_1-8292,beam,55.0058,0.0,19.901,0.8
BM-sheet_1-8293,beam,27.5095,0.0,9.952,0.4
BM-sheet_1-8294,beam,55.0323,0.0,19.906,0.8
BM-sheet_1-8295,beam,27.5228,0.0,9.954,0.4
BM-sheet_1-8296,beam,55.0589,0.0,19.91,0.8
BM-sheet_1-8297,beam,27.5361,0.0,9.956,0.4
BM-sheet_1-8298,beam,55.0854,0.0,19.915,0.8
BM-sheet_1-8299,beam,27.5494,0.0,9.959,0.4
BM-sheet_1-8300,beam,55.112,0.0,19.92,0.8
BM-sheet_1-8301,beam,27.5626,0.0,9.961,0.4
BM-sheet_1-8302,beam,55.1386,0.0,19.925,0.8
BM-sheet_1-8303,beam,27.5759,0.0,9.964,0.4
BM-sheet_1-8304,beam,55.1651,0.0,19.93,0.8
BM-sheet_1-8305,beam,27.5892,0.0,9.966,0.4
BM-sheet_1-8306,beam,55.1917,0.0,19.934,0.8
BM-sheet_1-8307,beam,27.6025,0.0,9.968,0.4
BM-sheet_1-8308,beam,55.2183,0.0,19.939,0.8
BM-sheet_1-8309,beam,27.6158,0.0,9.971,0.4
BM-sheet_1-8310,beam,55.2449,0.0,19.944,0.8
BM-sheet_1-8311,beam,27.6291,0.0,9.973,0.4
BM-sheet_1-8312,beam,55.2715,0.0,19.949,0.8
BM-sheet_1-8313,beam,27.6424,0.0,9.976,0.4
BM-sheet_1-8314,beam,55.2981,0.0,19.954,0.8
BM-sheet_1-8315,beam,27.6557,0.0,9.978,0.4
BM-sheet_1-8316,beam,55.3247,0.0,19.958,0.8
BM-sheet_1-8317,beam,27.669,0.0,9.98,0.4
BM-sheet_1-8318,beam,55.3513,0.0,19.963,0.8
BM-sheet_1-8319,beam,27.6823,0.0,9.983,0.4
BM-sheet_1-8320,beam,55.3779,0.0,19.968,0.8
BM-sheet_1-8321,beam,27.6956,0.0,9.985,0.4
BM-sheet_1-8322,beam,55.4045,0.0,19.973,0.8
BM-sheet_1-8323,beam,27.7089,0.0,9.988,0.4
BM-sheet_1-8324,beam,55.4312,0.0,19.978,0.8
BM-sheet_1-8325,beam,27.7222,0.0,9.99,0.4
BM-sheet_1-8326,beam,55.4578,0.0,19.982,0.8
BM-sheet_1-8327,beam,27.7356,0.0,9.992,0.4
BM-sheet_1-8328,beam,55.4845,0.0,19.987,0.8
BM-sheet_1-8329,beam,27.7489,0.0,9.995,0.4
BM-sheet_1-8330,beam,55.5111,0.0,19.992,0.8
BM-sheet_1-8331,beam,27.7622,0.0,9.997,0.4
BM-sheet_1-8332,beam,55.5378,0.0,19.997,0.8
BM-sheet_1-8333,beam,27.7756,0.0,10.0,0.4
BM-sheet_1-8334,beam,55.5644,0.0,20.002,0.8
BM-sheet_1-8335,beam,27.7889,0.0,10.002,0.4
BM-sheet_1-8336,beam,55.5911,0.0,20.006,0.8
BM-sheet_1-8337,beam,27.8022,0.0,10.004,0.4
BM-sheet_1-8338,beam,55.6178,0.0,20.011,0.8
BM-sheet_1-8339,beam,27.8156,0.0,10.007,0.4
BM-sheet_1-8340,beam,55.6445,0.0,20.016,0.8
BM-sheet_1-8341,beam,27.8289,0.0,10.009,0.4
BM-sheet_1-8342,beam,55.6712,0.0,20.021,0.8
BM-sheet_1-8343,beam,27.8423,0.0,10.012,0.4
BM-sheet_1-8344,beam,55.6979,0.0,20.026,0.8
BM-sheet_1-8345,beam,27.8556,0.0,10.014,0.4
BM-sheet_1-8346,beam,55.7246,0.0,20.03,0.8
BM-sheet_1-8347,beam,27.869,0.0,10.016,0.4
BM-sheet_1-8348,beam,55.7513,0.0,20.035,0.8
BM-sheet_1-8349,beam,27.8823,0.0,10.019,0.4
BM-sheet_1-8350,beam,55.778,0.0,20.04,0.8
BM-sheet_1-8351,beam,27.8957,0.0,10.021,0.4
BM-sheet_1-8352,beam,55.8047,0.0,20.045,0.8
BM-sheet_1-8353,beam,27.909,0.0,10.024,0.4
BM-sheet_1-8354,beam,55.8315,0.0,20.05,0.8
BM-sheet_1-8355,beam,27.9224,0.0,10.026,0.4
BM-sheet_1-8356,beam,55.8582,0.0,20.054,0.8
BM-sheet_1-8357,beam,27.9358,0.0,10.028,0.4
BM-sheet_1-8358,beam,55.8849,0.0,20.059,0.8
BM-sheet_1-8359,beam,27.9492,0.0,10.031,0.4
BM-sheet_1-8360,beam,55.9117,0.0,20.064,0.8
BM-sheet_1-8361,beam,27.9625,0.0,10.033,0.4
BM-sheet_1-8362,beam,55.9384,0.0,20.069,0.8
BM-sheet_1-8363,beam,27.9759,0.0,10.036,0.4
BM-sheet_1-8364,beam,55.9652,0.0,20.074,0.8
BM-sheet_1-8365,beam,27.9893,0.0,10.038,0.4
BM-sheet_1-8366,beam,55.992,0.0,20.078,0.8
BM-sheet_1-8367,beam,28.0027,0.0,10.04,0.4
BM-sheet_1-8368,beam,56.0187,0.0,20.083,0.8
BM-sheet_1-8369,beam,28.0161,0.0,10.043,0.4
BM-sheet_1-8370,beam,56.0455,0.0,20.088,0.8
BM-sheet_1-8371,beam,28.0295,0.0,10.045,0.4
BM-sheet_1-8372,beam,56.0723,0.0,20.093,0.8
BM-sheet_1-8373,beam,28.0429,0.0,10.048,0.4
BM-sheet_1-8374,beam,56.0991,0.0,20.098,0.8
BM-sheet_1-8375,beam,28.0563,0.0,10.05,0.4
BM-sheet_1-8376,beam,56.1259,0.0,20.102,0.8
BM-sheet_1-8377,beam,28.0697,0.0,10.052,0.4
BM-sheet_1-8378,beam,56.1527,0.0,20.107,0.8
BM-sheet_1-8379,beam,28.0831,0.0,10.055,0.4
BM-sheet_1-8380,beam,56.1795,0.0,20.112,0.8
BM-sheet_1-8381,beam,28.0965,0.0,10.057,0.4
BM-sheet_1-8382,beam,56.2063,0.0,20.117,0.8
BM-sheet_1-8383,beam,28.1099,0.0,10.06,0.4
BM-sheet_1-8384,beam,56.2332,0.0,20.122,0.8
BM-sheet_1-8385,beam,28.1233,0.0,10.062,0.4
BM-sheet_1-8386,beam,56.26,0.0,20.126,0.8
BM-sheet_1-8387,beam,28.1367,0.0,10.064,0.4
BM-sheet_1-8388,beam,56.2868,0.0,20.131,0.8
BM-sheet_1-8389,beam,28.1501,0.0,10.067,0.4
BM-sheet_1-8390,beam,56.3137,0.0,20.136,0.8
BM-sheet_1-8391,beam,28.1636,0.0,10.069,0.4
BM-sheet_1-8392,beam,56.3405,0.0,20.141,0.8
BM-sheet_1-8393,beam,28.177,0.0,10.072,0.4
BM-sheet_1-8394,beam,56.3674,0.0,20.146,0.8
BM-sheet_1-8395,beam,28.1904,0.0,10.074,0.4
BM-sheet_1-8396,beam,56.3943,0.0,20.15,0.8
BM-sheet_1-8397,beam,28.2038,0.0,10.076,0.4
BM-sheet_1-8398,beam,56.4211,0.0,20.155,0.8
BM-sheet_1-8399,beam,28.2173,0.0,10.079,0.4
BM-sheet_1-8400,beam,56.448,0.0,20.16,0.8
BM-sheet_1-8401,beam,28.2307,0.0,10.081,0.4
BM-sheet_1-8402,beam,56.4749,0.0,20.165,0.8
BM-sheet_1-8403,beam,28.2442,0.0,10.084,0.4
BM-sheet_1-8404,beam,56.5018,0.0,20.17,0.8
BM-sheet_1-8405,beam,28.2576,0.0,10.086,0.4
BM-sheet_1-8406,beam,56.5287,0.0,20.174,0.8
BM-sheet_1-8407,beam,28.2711,0.0,10.088,0.4
BM-sheet_1-8408,beam,56.5556,0.0,20.179,0.8
BM-sheet_1-8409,beam,28.2845,0.0,10.091,0.4
BM-sheet_1-8410,beam,56.5825,0.0,20.184,0.8
BM-sheet_1-8411,beam,28.298,0.0,10.093,0.4
BM-sheet_1-8412,beam,56.6094,0.0,20.189,0.8
BM-sheet_1-8413,beam,28.3114,0.0,10.096,0.4
BM-sheet_1-8414,beam,56.6363,0.0,20.194,0.8
BM-sheet_1-8415,beam,28.3249,0.0,10.098,0.4
BM-sheet_1-8416,beam,56.6632,0.0,20.198,0.8
BM-sheet_1-8417,beam,28.3384,0.0,10.1,0.4
BM-sheet_1-8418,beam,56.6902,0.0,20.203,0.8
BM-sheet_1-8419,beam,28.3518,0.0,10.103,0.4
BM-sheet_1-8420,beam,56.7171,0.0,20.208,0.8
BM-sheet_1-8421,beam,28.3653,0.0,10.105,0.4
BM-sheet_1-8422,beam,56.7441,0.0,20.213,0.8
BM-sheet_1-8423,beam,28.3788,0.0,10.108,0.4
BM-sheet_1-8424,beam,56.771,0.0,20.218,0.8
BM-sheet_1-8425,beam,28.3923,0.0,10.11,0.4
BM-sheet_1-8426,beam,56.798,0.0,20.222,0.8
BM-sheet_1-8427,beam,28.4057,0.0,10.112,0.4
BM-sheet_1-8428,beam,56.8249,0.0,20.227,0.8
BM-sheet_1-8429,beam,28.4192,0.0,10.115,0.4
BM-sheet_1-8430,beam,56.8519,0.0,20.232,0.8
BM-sheet_1-8431,beam,28.4327,0.0,10.117,0.4
BM-sheet_1-8432,beam,56.8789,0.0,20.237,0.8
BM-sheet_1-8433,beam,28.4462,0.0,10.12,0.4
BM-sheet_1-8434,beam,56.9059,0.0,20.242,0.8
BM-sheet_1-8435,beam,28.4597,0.0,10.122,0.4
BM-sheet_1-8436,beam,56.9329,0.0,20.246,0.8
BM-sheet_1-8437,beam,28.4732,0.0,10.124,0.4
BM-sheet_1-8438,beam,56.9599,0.0,20.251,0.8
BM-sheet_1-8439,beam,28.4867,0.0,10.127,0.4
BM-sheet_1-8440,beam,56.9869,0.0,20.256,0.8
BM-sheet_1-8441,beam,28.5002,0.0,10.129,0.4
BM-sheet_1-8442,beam,57.0139,0.0,20.261,0.8
BM-sheet_1-8443,beam,28.5137,0.0,10.132,0.4
BM-sheet_1-8444,beam,57.0409,0.0,20.266,0.8
BM-sheet_1-8445,beam,28.5272,0.0,10.134,0.4
BM-sheet_1-8446,beam,57.0679,0.0,20.27,0.8
BM-sheet_1-8447,beam,28.5407,0.0,10.136,0.4
BM-sheet_1-8448,beam,57.095,0.0,20.275,0.8
BM-sheet_1-8449,beam,28.5542,0.0,10.139,0.4
BM-sheet_1-8450,beam,57.122,0.0,20.28,0.8
BM-sheet_1-8451,beam,28.5678,0.0,10.141,0.4
BM-sheet_1-8452,beam,57.149,0.0,20.285,0.8
BM-sheet_1-8453,beam,28.5813,0.0,10.144,0.4
BM-sheet_1-8454,beam,57.1761,0.0,20.29,0.8
BM-sheet_1-8455,beam,28.5948,0.0,10.146,0.4
BM-sheet_1-8456,beam,57.2031,0.0,20.294,0.8
BM-sheet_1-8457,beam,28.6083,0.0,10.148,0.4
BM-sheet_1-8458,beam,57.2302,0.0,20.299,0.8
BM-sheet_1-8459,beam,28.6219,0.0,10.151,0.4
BM-sheet_1-8460,beam,0.256,0.0,1.6,0.8
BM-sheet_1-8461,beam,0.128,0.0,0.8,0.4
BM-sheet_1-8462,beam,57.2844,0.0,20.309,0.8
BM-sheet_1-8463,beam,28.6489,0.0,10.156,0.4
BM-sheet_1-8464,beam,57.3114,0.0,20.314,0.8
BM-sheet_1-8465,beam,28.6625,0.0,10.158,0.4
BM-sheet_1-8466,beam,57.3385,0.0,20.318,0.8
BM-sheet_1-8467,beam,28.676,0.0,10.16,0.4
BM-sheet_1-8468,beam,57.3656,0.0,20.323,0.8
BM-sheet_1-8469,beam,28.6896,0.0,10.163,0.4
BM-sheet_1-8470,beam,57.3927,0.0,20.328,0.8
BM-sheet_1-8471,beam,28.7031,0.0,10.165,0.4
BM-sheet_1-8472,beam,57.4198,0.0,20.333,0.8
BM-sheet_1-8473,beam,28.7167,0.0,10.168,0.4
BM-sheet_1-8474,beam,57.4469,0.0,20.338,0.8
BM-sheet_1-8475,beam,28.7303,0.0,10.17,0.4
BM-sheet_1-8476,beam,57.4741,0.0,20.342,0.8
BM-sheet_1-8477,beam,28.7438,0.0,10.172,0.4
BM-sheet_1-8478,beam,57.5012,0.0,20.347,0.8
BM-sheet_1-8479,beam,28.7574,0.0,10.175,0.4
BM-sheet_1-8480,beam,57.5283,0.0,20.352,0.8
BM-sheet_1-8481,beam,28.7709,0.0,10.177,0.4
BM-sheet_1-8482,beam,57.5555,0.0,20.357,0.8
BM-sheet_1-8483,beam,28.7845,0.0,10.18,0.4
BM-sheet_1-8484,beam,57.5826,0.0,20.362,0.8
BM-sheet_1-8485,beam,28.7981,0.0,10.182,0.4
BM-sheet_1-8486,beam,57.6098,0.0,20.366,0.8
BM-sheet_1-8487,beam,28.8117,0.0,10.184,0.4
BM-sheet_1-8488,beam,57.6369,0.0,20.371,0.8
BM-sheet_1-8489,beam,28.8252,0.0,10.187,0.4
BM-sheet_1-8490,beam,57.6641,0.0,20.376,0.8
BM-sheet_1-8491,beam,28.8388,0.0,10.189,0.4
BM-sheet_1-8492,beam,57.6913,0.0,20.381,0.8
BM-sheet_1-8493,beam,28.8524,0.0,10.192,0.4
BM-sheet_1-8494,beam,57.7184,0.0,20.386,0.8
BM-sheet_1-8495,beam,28.866,0.0,10.194,0.4
BM-sheet_1-8496,beam,57.7456,0.0,20.39,0.8
BM-sheet_1-8497,beam,28.8796,0.0,10.196,0.4
BM-sheet_1-8498,beam,57.7728,0.0,20.395,0.8
BM-sheet_1-8499,beam,28.8932,0.0,10.199,0.4
BM-sheet_1-8500,beam,57.8,0.0,20.4,0.8
BM-sheet_1-8501,beam,28.9068,0.0,10.201,0.4
BM-sheet_1-8502,beam,57.8272,0.0,20.405,0.8
BM-sheet_1-8503,beam,28.9204,0.0,10.204,0.4
BM-sheet_1-8504,beam,57.8544,0.0,20.41,0.8
BM-sheet_1-8505,beam,28.934,0.0,10.206,0.4
BM-sheet_1-8506,beam,57.8816,0.0,20.414,0.8
BM-sheet_1-8507,beam,28.9476,0.0,10.208,0.4
BM-sheet_1-8508,beam,57.9089,0.0,20.419,0.8
BM-sheet_1-8509,beam,28.9612,0.0,10.211,0.4
BM-sheet_1-8510,beam,57.9361,0.0,20.424,0.8
BM-sheet_1-8511,beam,28.9748,0.0,10.213,0.4
BM-sheet_1-8512,beam,57.9633,0.0,20.429,0.8
BM-sheet_1-8513,beam,28.9885,0.0,10.216,0.4
BM-sheet_1-8514,beam,57.9906,0.0,20.434,0.8
BM-sheet_1-8515,beam,0.128,0.0,0.8,0.4
BM-sheet_1-8516,beam,0.256,0.0,1.6,0.8
BM-sheet_1-8517,beam,0.128,0.0,0.8,0.4
BM-sheet_1-8518,beam,0.256,0.0,1.6,0.8
BM-sheet_1-8519,beam,0.128,0.0,0.8,0.4
BM-sheet_1-8520,beam,0.256,0.0,1.6,0.8
BM-sheet_1-8521,beam,0.128,0.0,0.8,0.4
BM-sheet_1-8522,beam,0.256,0.0,1.6,0.8
BM-sheet_1-8523,beam,29.0566,0.0,10.228,0.4
BM-sheet_1-8524,beam,58.1269,0.0,20.458,0.8
BM-sheet_1-8525,beam,29.0703,0.0,10.23,0.4
BM-sheet_1-8526,beam,58.1541,0.0,20.462,0.8
BM-sheet_1-8527,beam,0.128,0.0,0.8,0.4
BM-sheet_1-8528,beam,58.1814,0.0,20.467,0.8
BM-sheet_1-8529,beam,29.0975,0.0,10.235,0.4
BM-sheet_1-8530,beam,58.2087,0.0,20.472,0.8
BM-sheet_1-8531,beam,29.1112,0.0,10.237,0.4
BM-sheet_1-8532,beam,58.236,0.0,20.477,0.8
BM-sheet_1-8533,beam,29.1248,0.0,10.24,0.4
BM-sheet_1-8534,beam,58.2633,0.0,20.482,0.8
BM-sheet_1-8535,beam,0.128,0.0,0.8,0.4
BM-sheet_1-8536,beam,0.256,0.0,1.6,0.8
BM-sheet_1-8537,beam,0.128,0.0,0.8,0.4
BM-sheet_1-8538,beam,0.256,0.0,1.6,0.8
BM-sheet_1-8539,beam,29.1658,0.0,10.247,0.4
BM-sheet_1-8540,beam,58.3453,0.0,20.496,0.8
BM-sheet_1-8541,beam,29.1795,0.0,10.249,0.4
BM-sheet_1-8542,beam,58.3726,0.0,20.501,0.8
BM-sheet_1-8543,beam,29.1931,0.0,10.252,0.4
BM-sheet_1-8544,beam,58.3999,0.0,20.506,0.8
BM-sheet_1-8545,beam,29.2068,0.0,10.254,0.4
BM-sheet_1-8546,beam,58.4273,0.0,20.51,0.8
BM-sheet_1-8547,beam,29.2205,0.0,10.256,0.4
BM-sheet_1-8548,beam,58.4546,0.0,20.515,0.8
BM-sheet_1-8549,beam,29.2342,0.0,10.259,0.4
BM-sheet_1-8550,beam,58.482,0.0,20.52,0.8
BM-sheet_1-8551,beam,29.2478,0.0,10.261,0.4
BM-sheet_1-8552,beam,58.5094,0.0,20.525,0.8
BM-sheet_1-8553,beam,29.2615,0.0,10.264,0.4
BM-sheet_1-8554,beam,58.5367,0.0,20.53,0.8
BM-sheet_1-8555,beam,29.2752,0.0,10.266,0.4
BM-sheet_1-8556,beam,58.5641,0.0,20.534,0.8
BM-sheet_1-8557,beam,29.2889,0.0,10.268,0.4
BM-sheet_1-8558,beam,58.5915,0.0,20.539,0.8
BM-sheet_1-8559,beam,29.3026,0.0,10.271,0.4
BM-sheet_1-8560,beam,58.6189,0.0,20.544,0.8
BM-sheet_1-8561,beam,29.3163,0.0,10.273,0.4
BM-sheet_1-8562,beam,58.6463,0.0,20.549,0.8
BM-sheet_1-8563,beam,29.33,0.0,10.276,0.4
BM-sheet_1-8564,beam,58.6737,0.0,20.554,0.8
BM-sheet_1-8565,beam,29.3437,0.0,10.278,0.4
BM-sheet_1-8566,beam,58.7011,0.0,20.558,0.8
BM-sheet_1-8567,beam,29.3574,0.0,10.28,0.4
BM-sheet_1-8568,beam,58.7285,0.0,20.563,0.8
BM-sheet_1-8569,beam,29.3711,0.0,10.283,0.4
BM-sheet_1-8570,beam,58.7559,0.0,20.568,0.8
BM-sheet_1-8571,beam,29.3848,0.0,10.285,0.4
BM-sheet_1-8572,beam,58.7833,0.0,20.573,0.8
BM-sheet_1-8573,beam,29.3985,0.0,10.288,0.4
BM-sheet_1-8574,beam,58.8108,0.0,20.578,0.8
BM-sheet_1-8575,beam,29.4122,0.0,10.29,0.4
BM-sheet_1-8576,beam,58.8382,0.0,20.582,0.8
BM-sheet_1-8577,beam,29.426,0.0,10.292,0.4
BM-sheet_1-8578,beam,58.8657,0.0,20.587,0.8
BM-sheet_1-8579,beam,29.4397,0.0,10.295,0.4
BM-sheet_1-8580,beam,58.8931,0.0,20.592,0.8
BM-sheet_1-8581,beam,29.4534,0.0,10.297,0.4
BM-sheet_1-8582,beam,58.9206,0.0,20.597,0.8
BM-sheet_1-8583,beam,29.4672,0.0,10.3,0.4
BM-sheet_1-8584,beam,58.948,0.0,20.602,0.8
BM-sheet_1-8585,beam,29.4809,0.0,10.302,0.4
BM-sheet_1-8586,beam,58.9755,0.0,20.606,0.8
BM-sheet_1-8587,beam,29.4946,0.0,10.304,0.4
BM-sheet_1-8588,beam,59.003,0.0,20.611,0.8
BM-sheet_1-8589,beam,29.5084,0.0,10.307,0.4
BM-sheet_1-8590,beam,59.0305,0.0,20.616,0.8
BM-sheet_1-8591,beam,29.5221,0.0,10.309,0.4
BM-sheet_1-8592,beam,59.058,0.0,20.621,0.8
BM-sheet_1-8593,beam,29.5359,0.0,10.312,0.4
BM-sheet_1-8594,beam,59.0855,0.0,20.626,0.8
BM-sheet_1-8595,beam,29.5496,0.0,10.314,0.4
BM-sheet_1-8596,beam,59.113,0.0,20.63,0.8
BM-sheet_1-8597,beam,29.5634,0.0,10.316,0.4
BM-sheet_1-8598,beam,59.1405,0.0,20.635,0.8
BM-sheet_1-8599,beam,29.5771,0.0,10.319,0.4
BM-sheet_1-8600,beam,59.168,0.0,20.64,0.8
BM-sheet_1-8601,beam,29.5909,0.0,10.321,0.4
BM-sheet_1-8602,beam,59.1955,0.0,20.645,0.8
BM-sheet_1-8603,beam,29.6046,0.0,10.324,0.4
BM-sheet_1-8604,beam,59.2231,0.0,20.65,0.8
BM-sheet_1-8605,beam,29.6184,0.0,10.326,0.4
BM-sheet_1-8606,beam,59.2506,0.0,20.654,0.8
BM-sheet_1-8607,beam,29.6322,0.0,10.328,0.4
BM-sheet_1-8608,beam,59.2781,0.0,20.659,0.8
BM-sheet_1-8609,beam,29.646,0.0,10.331,0.4
BM-sheet_1-8610,beam,59.3057,0.0,20.664,0.8
BM-sheet_1-8611,beam,29.6597,0.0,10.333,0.4
BM-sheet_1-8612,beam,59.3332,0.0,20.669,0.8
BM-sheet_1-8613,beam,29.6735,0.0,10.336,0.4
BM-sheet_1-8614,beam,59.3608,0.0,20.674,0.8
BM-sheet_1-8615,beam,29.6873,0.0,10.338,0.4
BM-sheet_1-8616,beam,59.3884,0.0,20.678,0.8
BM-sheet_1-8617,beam,29.7011,0.0,10.34,0.4
BM-sheet_1-8618,beam,59.4159,0.0,20.683,0.8
BM-sheet_1-8619,beam,29.7149,0.0,10.343,0.4
BM-sheet_1-8620,beam,59.4435,0.0,20.688,0.8
BM-sheet_1-8621,beam,29.7287,0.0,10.345,0.4
BM-sheet_1-8622,beam,59.4711,0.0,20.693,0.8
BM-sheet_1-8623,beam,29.7425,0.0,10.348,0.4
BM-sheet_1-8624,beam,59.4987,0.0,20.698,0.8
BM-sheet_1-8625,beam,29.7563,0.0,10.35,0.4
BM-sheet_1-8626,beam,59.5263,0.0,20.702,0.8
BM-sheet_1-8627,beam,29.7701,0.0,10.352,0.4
BM-sheet_1-8628,beam,59.5539,0.0,20.707,0.8
BM-sheet_1-8629,beam,29.7839,0.0,10.355,0.4
BM-sheet_1-8630,beam,59.5815,0.0,20.712,0.8
BM-sheet_1-8631,beam,29.7977,0.0,10.357,0.4
BM-sheet_1-8632,beam,59.6091,0.0,20.717,0.8
BM-sheet_1-8633,beam,29.8115,0.0,10.36,0.4
BM-sheet_1-8634,beam,59.6368,0.0,20.722,0.8
BM-sheet_1-8635,beam,29.8253,0.0,10.362,0.4
BM-sheet_1-8636,beam,59.6644,0.0,20.726,0.8
BM-sheet_1-8637,beam,29.8391,0.0,10.364,0.4
BM-sheet_1-8638,beam,59.692,0.0,20.731,0.8
BM-sheet_1-8639,beam,29.8529,0.0,10.367,0.4
BM-sheet_1-8640,beam,59.7197,0.0,20.736,0.8
BM-sheet_1-8641,beam,29.8668,0.0,10.369,0.4
BM-sheet_1-8642,beam,59.7473,0.0,20.741,0.8
BM-sheet_1-8643,beam,29.8806,0.0,10.372,0.4
BM-sheet_1-8644,beam,59.775,0.0,20.746,0.8
BM-sheet_1-8645,beam,29.8944,0.0,10.374,0.4
BM-sheet_1-8646,beam,59.8027,0.0,20.75,0.8
BM-sheet_1-8647,beam,29.9082,0.0,10.376,0.4
BM-sheet_1-8648,beam,59.8303,0.0,20.755,0.8
BM-sheet_1-8649,beam,29.9221,0.0,10.379,0.4
BM-sheet_1-8650,beam,59.858,0.0,20.76,0.8
BM-sheet_1-8651,beam,29.9359,0.0,10.381,0.4
BM-sheet_1-8652,beam,59.8857,0.0,20.765,0.8
BM-sheet_1-8653,beam,29.9498,0.0,10.384,0.4
BM-sheet_1-8654,beam,59.9134,0.0,20.77,0.8
BM-sheet_1-8655,beam,29.9636,0.0,10.386,0.4
BM-sheet_1-8656,beam,59.9411,0.0,20.774,0.8
BM-sheet_1-8657,beam,29.9775,0.0,10.388,0.4
BM-sheet_1-8658,beam,59.9688,0.0,20.779,0.8
BM-sheet_1-8659,beam,29.9913,0.0,10.391,0.4
BM-sheet_1-8660,beam,59.9965,0.0,20.784,0.8
BM-sheet_1-8661,beam,30.0052,0.0,10.393,0.4
BM-sheet_1-8662,beam,60.0242,0.0,20.789,0.8
BM-sheet_1-8663,beam,30.019,0.0,10.396,0.4
BM-sheet_1-8664,beam,60.0519,0.0,20.794,0.8
BM-sheet_1-8665,beam,30.0329,0.0,10.398,0.4
BM-sheet_1-8666,beam,60.0796,0.0,20.798,0.8
BM-sheet_1-8667,beam,30.0468,0.0,10.4,0.4
BM-sheet_1-8668,beam,60.1074,0.0,20.803,0.8
BM-sheet_1-8669,beam,30.0606,0.0,10.403,0.4
BM-sheet_1-8670,beam,60.1351,0.0,20.808,0.8
BM-sheet_1-8671,beam,30.0745,0.0,10.405,0.4
BM-sheet_1-8672,beam,60.1629,0.0,20.813,0.8
BM-sheet_1-8673,beam,30.0884,0.0,10.408,0.4
BM-sheet_1-8674,beam,60.1906,0.0,20.818,0.8
BM-sheet_1-8675,beam,30.1023,0.0,10.41,0.4
BM-sheet_1-8676,beam,60.2184,0.0,20.822,0.8
BM-sheet_1-8677,beam,30.1161,0.0,10.412,0.4
BM-sheet_1-8678,beam,60.2461,0.0,20.827,0.8
BM-sheet_1-8679,beam,30.13,0.0,10.415,0.4
BM-sheet_1-8680,beam,60.2739,0.0,20.832,0.8
BM-sheet_1-8681,beam,30.1439,0.0,10.417,0.4
BM-sheet_1-8682,beam,60.3017,0.0,20.837,0.8
BM-sheet_1-8683,beam,30.1578,0.0,10.42,0.4
BM-sheet_1-8684,beam,60.3295,0.0,20.842,0.8
BM-sheet_1-8685,beam,30.1717,0.0,10.422,0.4
BM-sheet_1-8686,beam,60.3573,0.0,20.846,0.8
BM-sheet_1-8687,beam,30.1856,0.0,10.424,0.4
BM-sheet_1-8688,beam,60.3851,0.0,20.851,0.8
BM-sheet_1-8689,beam,30.1995,0.0,10.427,0.4
BM-sheet_1-8690,beam,60.4129,0.0,20.856,0.8
BM-sheet_1-8691,beam,30.2134,0.0,10.429,0.4
BM-sheet_1-8692,beam,60.4407,0.0,20.861,0.8
BM-sheet_1-8693,beam,30.2273,0.0,10.432,0.4
BM-sheet_1-8694,beam,60.4685,0.0,20.866,0.8
BM-sheet_1-8695,beam,30.2412,0.0,10.434,0.4
BM-sheet_1-8696,beam,60.4963,0.0,20.87,0.8
BM-sheet_1-8697,beam,30.2551,0.0,10.436,0.4
BM-sheet_1-8698,beam,60.5242,0.0,20.875,0.8
BM-sheet_1-8699,beam,30.269,0.0,10.439,0.4
BM-sheet_1-8700,beam,60.552,0.0,20.88,0.8
BM-sheet_1-8701,beam,30.283,0.0,10.441,0.4
BM-sheet_1-8702,beam,60.5798,0.0,20.885,0.8
BM-sheet_1-8703,beam,30.2969,0.0,10.444,0.4
BM-sheet_1-8704,beam,60.6077,0.0,20.89,0.8
BM-sheet_1-8705,beam,30.3108,0.0,10.446,0.4
BM-sheet_1-8706,beam,60.6355,0.0,20.894,0.8
BM-sheet_1-8707,beam,30.3247,0.0,10.448,0.4
BM-sheet_1-8708,beam,60.6634,0.0,20.899,0.8
BM-sheet_1-8709,beam,30.3387,0.0,10.451,0.4
BM-sheet_1-8710,beam,60.6913,0.0,20.904,0.8
BM-sheet_1-8711,beam,30.3526,0.0,10.453,0.4
BM-sheet_1-8712,beam,60.7192,0.0,20.909,0.8
BM-sheet_1-8713,beam,30.3665,0.0,10.456,0.4
BM-sheet_1-8714,beam,60.747,0.0,20.914,0.8
BM-sheet_1-8715,beam,30.3805,0.0,10.458,0.4
BM-sheet_1-8716,beam,60.7749,0.0,20.918,0.8
BM-sheet_1-8717,beam,30.3944,0.0,10.46,0.4
BM-sheet_1-8718,beam,60.8028,0.0,20.923,0.8
BM-sheet_1-8719,beam,30.4084,0.0,10.463,0.4
BM-sheet_1-8720,beam,60.8307,0.0,20.928,0.8
BM-sheet_1-8721,beam,30.4223,0.0,10.465,0.4
BM-sheet_1-8722,beam,60.8586,0.0,20.933,0.8
BM-sheet_1-8723,beam,30.4363,0.0,10.468,0.4
BM-sheet_1-8724,beam,60.8865,0.0,20.938,0.8
BM-sheet_1-8725,beam,30.4503,0.0,10.47,0.4
BM-sheet_1-8726,beam,60.9145,0.0,20.942,0.8
BM-sheet_1-8727,beam,30.4642,0.0,10.472,0.4
BM-sheet_1-8728,beam,60.9424,0.0,20.947,0.8
BM-sheet_1-8729,beam,30.4782,0.0,10.475,0.4
BM-sheet_1-8730,beam,60.9703,0.0,20.952,0.8
BM-sheet_1-8731,beam,30.4921,0.0,10.477,0.4
BM-sheet_1-8732,beam,60.9983,0.0,20.957,0.8
BM-sheet_1-8733,beam,30.5061,0.0,10.48,0.4
BM-sheet_1-8734,beam,61.0262,0.0,20.962,0.8
BM-sheet_1-8735,beam,30.5201,0.0,10.482,0.4
BM-sheet_1-8736,beam,61.0542,0.0,20.966,0.8
BM-sheet_1-8737,beam,30.5341,0.0,10.484,0.4
BM-sheet_1-8738,beam,61.0821,0.0,20.971,0.8
BM-sheet_1-8739,beam,30.548,0.0,10.487,0.4
BM-sheet_1-8740,beam,61.1101,0.0,20.976,0.8
BM-sheet_1-8741,beam,30.562,0.0,10.489,0.4
BM-sheet_1-8742,beam,61.1381,0.0,20.981,0.8
BM-sheet_1-8743,beam,30.576,0.0,10.492,0.4
BM-sheet_1-8744,beam,61.166,0.0,20.986,0.8
BM-sheet_1-8745,beam,30.59,0.0,10.494,0.4
BM-sheet_1-8746,beam,61.194,0.0,20.99,0.8
BM-sheet_1-8747,beam,30.604,0.0,10.496,0.4
BM-sheet_1-8748,beam,61.222,0.0,20.995,0.8
BM-sheet_1-8749,beam,30.618,0.0,10.499,0.4
BM-sheet_1-8750,beam,61.25,0.0,21.0,0.8
BM-sheet_1-8751,beam,30.632,0.0,10.501,0.4
BM-sheet_1-8752,beam,61.278,0.0,21.005,0.8
BM-sheet_1-8753,beam,30.646,0.0,10.504,0.4
BM-sheet_1-8754,beam,61.306,0.0,21.01,0.8
BM-sheet_1-8755,beam,30.66,0.0,10.506,0.4
BM-sheet_1-8756,beam,61.334,0.0,21.014,0.8
BM-sheet_1-8757,beam,30.674,0.0,10.508,0.4
BM-sheet_1-8758,beam,61.3621,0.0,21.019,0.8
BM-sheet_1-8759,beam,30.688,0.0,10.511,0.4
BM-sheet_1-8760,beam,61.3901,0.0,21.024,0.8
BM-sheet_1-8761,beam,30.702,0.0,10.513,0.4
BM-sheet_1-8762,beam,61.4181,0.0,21.029,0.8
BM-sheet_1-8763,beam,30.7161,0.0,10.516,0.4
BM-sheet_1-8764,beam,61.4462,0.0,21.034,0.8
BM-sheet_1-8765,beam,30.7301,0.0,10.518,0.4
BM-sheet_1-8766,beam,61.4742,0.0,21.038,0.8
BM-sheet_1-8767,beam,30.7441,0.0,10.52,0.4
BM-sheet_1-8768,beam,61.5023,0.0,21.043,0.8
BM-sheet_1-8769,beam,30.7581,0.0,10.523,0.4
BM-sheet_1-8770,beam,61.5303,0.0,21.048,0.8
BM-sheet_1-8771,beam,30.7722,0.0,10.525,0.4
BM-sheet_1-8772,beam,61.5584,0.0,21.053,0.8
BM-sheet_1-8773,beam,30.7862,0.0,10.528,0.4
BM-sheet_1-8774,beam,61.5865,0.0,21.058,0.8
BM-sheet_1-8775,beam,30.8003,0.0,10.53,0.4
BM-sheet_1-8776,beam,61.6145,0.0,21.062,0.8
BM-sheet_1-8777,beam,30.8143,0.0,10.532,0.4
BM-sheet_1-8778,beam,61.6426,0.0,21.067,0.8
BM-sheet_1-8779,beam,30.8283,0.0,10.535,0.4
BM-sheet_1-8780,beam,61.6707,0.0,21.072,0.8
BM-sheet_1-8781,beam,30.8424,0.0,10.537,0.4
BM-sheet_1-8782,beam,61.6988,0.0,21.077,0.8
BM-sheet_1-8783,beam,30.8564,0.0,10.54,0.4
BM-sheet_1-8784,beam,61.7269,0.0,21.082,0.8
BM-sheet_1-8785,beam,30.8705,0.0,10.542,0.4
BM-sheet_1-8786,beam,61.755,0.0,21.086,0.8
BM-sheet_1-8787,beam,30.8845,0.0,10.544,0.4
BM-sheet_1-8788,beam,61.7832,0.0,21.091,0.8
BM-sheet_1-8789,beam,30.8986,0.0,10.547,0.4
BM-sheet_1-8790,beam,61.8113,0.0,21.096,0.8
BM-sheet_1-8791,beam,30.9127,0.0,10.549,0.4
BM-sheet_1-8792,beam,61.8394,0.0,21.101,0.8
BM-sheet_1-8793,beam,30.9267,0.0,10.552,0.4
BM-sheet_1-8794,beam,61.8675,0.0,21.106,0.8
BM-sheet_1-8795,beam,30.9408,0.0,10.554,0.4
BM-sheet_1-8796,beam,61.8957,0.0,21.11,0.8
BM-sheet_1-8797,beam,30.9549,0.0,10.556,0.4
BM-sheet_1-8798,beam,61.9238,0.0,21.115,0.8
BM-sheet_1-8799,beam,30.969,0.0,10.559,0.4
BM-sheet_1-8800,beam,61.952,0.0,21.12,0.8
BM-sheet_1-8801,beam,30.983,0.0,10.561,0.4
BM-sheet_1-8802,beam,61.9802,0.0,21.125,0.8
BM-sheet_1-8803,beam,30.9971,0.0,10.564,0.4
BM-sheet_1-8804,beam,62.0083,0.0,21.13,0.8
BM-sheet_1-8805,beam,31.0112,0.0,10.566,0.4
BM-sheet_1-8806,beam,62.0365,0.0,21.134,0.8
BM-sheet_1-8807,beam,31.0253,0.0,10.568,0.4
BM-sheet_1-8808,beam,62.0647,0.0,21.139,0.8
BM-sheet_1-8809,beam,31.0394,0.0,10.571,0.4
BM-sheet_1-8810,beam,62.0929,0.0,21.144,0.8
BM-sheet_1-8811,beam,31.0535,0.0,10.573,0.4
BM-sheet_1-8812,beam,62.1211,0.0,21.149,0.8
BM-sheet_1-8813,beam,31.0676,0.0,10.576,0.4
BM-sheet_1-8814,beam,62.1493,0.0,21.154,0.8
BM-sheet_1-8815,beam,31.0817,0.0,10.578,0.4
BM-sheet_1-8816,beam,62.1775,0.0,21.158,0.8
BM-sheet_1-8817,beam,31.0958,0.0,10.58,0.4
BM-sheet_1-8818,beam,62.2057,0.0,21.163,0.8
BM-sheet_1-8819,beam,31.1099,0.0,10.583,0.4
BM-sheet_1-8820,beam,62.2339,0.0,21.168,0.8
BM-sheet_1-8821,beam,31.124,0.0,10.585,0.4
BM-sheet_1-8822,beam,62.2621,0.0,21.173,0.8
BM-sheet_1-8823,beam,31.1381,0.0,10.588,0.4
BM-sheet_1-8824,beam,62.2904,0.0,21.178,0.8
BM-sheet_1-8825,beam,31.1522,0.0,10.59,0.4
BM-sheet_1-8826,beam,62.3186,0.0,21.182,0.8
BM-sheet_1-8827,beam,31.1664,0.0,10.592,0.4
BM-sheet_1-8828,beam,62.3469,0.0,21.187,0.8
BM-sheet_1-8829,beam,31.1805,0.0,10.595,0.4
BM-sheet_1-8830,beam,62.3751,0.0,21.192,0.8
BM-sheet_1-8831,beam,31.1946,0.0,10.597,0.4
BM-sheet_1-8832,beam,62.4034,0.0,21.197,0.8
BM-sheet_1-8833,beam,31.2088,0.0,10.6,0.4
BM-sheet_1-8834,beam,62.4316,0.0,21.202,0.8
BM-sheet_1-8835,beam,31.2229,0.0,10.602,0.4
BM-sheet_1-8836,beam,62.4599,0.0,21.206,0.8
BM-sheet_1-8837,beam,31.237,0.0,10.604,0.4
BM-sheet_1-8838,beam,62.4882,0.0,21.211,0.8
BM-sheet_1-8839,beam,31.2512,0.0,10.607,0.4
BM-sheet_1-8840,beam,62.5165,0.0,21.216,0.8
BM-sheet_1-8841,beam,31.2653,0.0,10.609,0.4
BM-sheet_1-8842,beam,62.5448,0.0,21.221,0.8
BM-sheet_1-8843,beam,31.2795,0.0,10.612,0.4
BM-sheet_1-8844,beam,62.5731,0.0,21.226,0.8
BM-sheet_1-8845,beam,31.2936,0.0,10.614,0.4
BM-sheet_1-8846,beam,62.6014,0.0,21.23,0.8
BM-sheet_1-8847,beam,31.3078,0.0,10.616,0.4
BM-sheet_1-8848,beam,62.6297,0.0,21.235,0.8
BM-sheet_1-8849,beam,31.3219,0.0,10.619,0.4
BM-sheet_1-8850,beam,62.658,0.0,21.24,0.8
BM-sheet_1-8851,beam,31.3361,0.0,10.621,0.4
BM-sheet_1-8852,beam,62.6863,0.0,21.245,0.8
BM-sheet_1-8853,beam,31.3502,0.0,10.624,0.4
BM-sheet_1-8854,beam,62.7147,0.0,21.25,0.8
BM-sheet_1-8855,beam,31.3644,0.0,10.626,0.4
BM-sheet_1-8856,beam,62.743,0.0,21.254,0.8
BM-sheet_1-8857,beam,31.3786,0.0,10.628,0.4
BM-sheet_1-8858,beam,62.7713,0.0,21.259,0.8
BM-sheet_1-8859,beam,31.3928,0.0,10.631,0.4
BM-sheet_1-8860,beam,62.7997,0.0,21.264,0.8
BM-sheet_1-8861,beam,31.4069,0.0,10.633,0.4
BM-sheet_1-8862,beam,62.828,0.0,21.269,0.8
BM-sheet_1-8863,beam,31.4211,0.0,10.636,0.4
BM-sheet_1-8864,beam,62.8564,0.0,21.274,0.8
BM-sheet_1-8865,beam,31.4353,0.0,10.638,0.4
BM-sheet_1-8866,beam,62.8848,0.0,21.278,0.8
BM-sheet_1-8867,beam,31.4495,0.0,10.64,0.4
BM-sheet_1-8868,beam,62.9131,0.0,21.283,0.8
BM-sheet_1-8869,beam,31.4637,0.0,10.643,0.4
BM-sheet_1-8870,beam,62.9415,0.0,21.288,0.8
BM-sheet_1-8871,beam,31.4779,0.0,10.645,0.4
BM-sheet_1-8872,beam,62.9699,0.0,21.293,0.8
BM-sheet_1-8873,beam,31.4921,0.0,10.648,0.4
BM-sheet_1-8874,beam,62.9983,0.0,21.298,0.8
BM-sheet_1-8875,beam,31.5063,0.0,10.65,0.4
BM-sheet_1-8876,beam,63.0267,0.0,21.302,0.8
BM-sheet_1-8877,beam,31.5205,0.0,10.652,0.4
BM-sheet_1-8878,beam,63.0551,0.0,21.307,0.8
BM-sheet_1-8879,beam,31.5347,0.0,10.655,0.4
BM-sheet_1-8880,beam,63.0835,0.0,21.312,0.8
BM-sheet_1-8881,beam,31.5489,0.0,10.657,0.4
BM-sheet_1-8882,beam,63.1119,0.0,21.317,0.8
BM-sheet_1-8883,beam,31.5631,0.0,10.66,0.4
BM-sheet_1-8884,beam,63.1404,0.0,21.322,0.8
BM-sheet_1-8885,beam,31.5773,0.0,10.662,0.4
BM-sheet_1-8886,beam,63.1688,0.0,21.326,0.8
BM-sheet_1-8887,beam,31.5915,0.0,10.664,0.4
BM-sheet_1-8888,beam,63.1972,0.0,21.331,0.8
BM-sheet_1-8889,beam,31.6057,0.0,10.667,0.4
BM-sheet_1-8890,beam,63.2257,0.0,21.336,0.8
BM-sheet_1-8891,beam,31.62,0.0,10.669,0.4
BM-sheet_1-8892,beam,63.2541,0.0,21.341,0.8
BM-sheet_1-8893,beam,31.6342,0.0,10.672,0.4
BM-sheet_1-8894,beam,63.2826,0.0,21.346,0.8
BM-sheet_1-8895,beam,31.6484,0.0,10.674,0.4
BM-sheet_1-8896,beam,63.3111,0.0,21.35,0.8
BM-sheet_1-8897,beam,31.6626,0.0,10.676,0.4
BM-sheet_1-8898,beam,63.3395,0.0,21.355,0.8
BM-sheet_1-8899,beam,31.6769,0.0,10.679,0.4
BM-sheet_1-8900,beam,63.368,0.0,21.36,0.8
BM-sheet_1-8901,beam,31.6911,0.0,10.681,0.4
BM-sheet_1-8902,beam,63.3965,0.0,21.365,0.8
BM-sheet_1-8903,beam,31.7054,0.0,10.684,0.4
BM-sheet_1-8904,beam,63.425,0.0,21.37,0.8
BM-sheet_1-8905,beam,31.7196,0.0,10.686,0.4
BM-sheet_1-8906,beam,63.4535,0.0,21.374,0.8
BM-sheet_1-8907,beam,31.7339,0.0,10.688,0.4
BM-sheet_1-8908,beam,63.482,0.0,21.379,0.8
BM-sheet_1-8909,beam,31.7481,0.0,10.691,0.4
BM-sheet_1-8910,beam,63.5105,0.0,21.384,0.8
BM-sheet_1-8911,beam,31.7624,0.0,10.693,0.4
BM-sheet_1-8912,beam,63.539,0.0,21.389,0.8
BM-sheet_1-8913,beam,31.7766,0.0,10.696,0.4
BM-sheet_1-8914,beam,63.5675,0.0,21.394,0.8
BM-sheet_1-8915,beam,31.7909,0.0,10.698,0.4
BM-sheet_1-8916,beam,63.596,0.0,21.398,0.8
BM-sheet_1-8917,beam,31.8052,0.0,10.7,0.4
BM-sheet_1-8918,beam,63.6246,0.0,21.403,0.8
BM-sheet_1-8919,beam,31.8194,0.0,10.703,0.4
BM-sheet_1-8920,beam,63.6531,0.0,21.408,0.8
BM-sheet_1-8921,beam,31.8337,0.0,10.705,0.4
BM-sheet_1-8922,beam,63.6817,0.0,21.413,0.8
BM-sheet_1-8923,beam,31.848,0.0,10.708,0.4
BM-sheet_1-8924,beam,63.7102,0.0,21.418,0.8
BM-sheet_1-8925,beam,31.8623,0.0,10.71,0.4
BM-sheet_1-8926,beam,63.7388,0.0,21.422,0.8
BM-sheet_1-8927,beam,0.128,0.0,0.8,0.4
BM-sheet_1-8928,beam,63.7673,0.0,21.427,0.8
BM-sheet_1-8929,beam,31.8908,0.0,10.715,0.4
BM-sheet_1-8930,beam,63.7959,0.0,21.432,0.8
BM-sheet_1-8931,beam,31.9051,0.0,10.717,0.4
BM-sheet_1-8932,beam,63.8245,0.0,21.437,0.8
BM-sheet_1-8933,beam,31.9194,0.0,10.72,0.4
BM-sheet_1-8934,beam,63.8531,0.0,21.442,0.8
BM-sheet_1-8935,beam,31.9337,0.0,10.722,0.4
BM-sheet_1-8936,beam,63.8817,0.0,21.446,0.8
BM-sheet_1-8937,beam,31.948,0.0,10.724,0.4
BM-sheet_1-8938,beam,63.9103,0.0,21.451,0.8
BM-sheet_1-8939,beam,31.9623,0.0,10.727,0.4
BM-sheet_1-8940,beam,63.9389,0.0,21.456,0.8
BM-sheet_1-8941,beam,31.9766,0.0,10.729,0.4
BM-sheet_1-8942,beam,63.9675,0.0,21.461,0.8
BM-sheet_1-8943,beam,31.9909,0.0,10.732,0.4
BM-sheet_1-8944,beam,63.9961,0.0,21.466,0.8
BM-sheet_1-8945,beam,32.0052,0.0,10.734,0.4
BM-sheet_1-8946,beam,64.0247,0.0,21.47,0.8
BM-sheet_1-8947,beam,32.0195,0.0,10.736,0.4
BM-sheet_1-8948,beam,64.0534,0.0,21.475,0.8
BM-sheet_1-8949,beam,32.0338,0.0,10.739,0.4
BM-sheet_1-8950,beam,64.082,0.0,21.48,0.8
BM-sheet_1-8951,beam,32.0482,0.0,10.741,0.4
BM-sheet_1-8952,beam,64.1106,0.0,21.485,0.8
BM-sheet_1-8953,beam,32.0625,0.0,10.744,0.4
BM-sheet_1-8954,beam,64.1393,0.0,21.49,0.8
BM-sheet_1-8955,beam,32.0768,0.0,10.746,0.4
BM-sheet_1-8956,beam,64.1679,0.0,21.494,0.8
BM-sheet_1-8957,beam,32.0911,0.0,10.748,0.4
BM-sheet_1-8958,beam,64.1966,0.0,21.499,0.8
BM-sheet_1-8959,beam,32.1055,0.0,10.751,0.4
BM-sheet_1-8960,beam,64.2253,0.0,21.504,0.8
BM-sheet_1-8961,beam,32.1198,0.0,10.753,0.4
BM-sheet_1-8962,beam,64.254,0.0,21.509,0.8
BM-sheet_1-8963,beam,32.1341,0.0,10.756,0.4
BM-sheet_1-8964,beam,64.2826,0.0,21.514,0.8
BM-sheet_1-8965,beam,32.1485,0.0,10.758,0.4
BM-sheet_1-8966,beam,64.3113,0.0,21.518,0.8
BM-sheet_1-8967,beam,32.1628,0.0,10.76,0.4
BM-sheet_1-8968,beam,64.34,0.0,21.523,0.8
BM-sheet_1-8969,beam,32.1772,0.0,10.763,0.4
BM-sheet_1-8970,beam,64.3687,0.0,21.528,0.8
BM-sheet_1-8971,beam,32.1915,0.0,10.765,0.4
BM-sheet_1-8972,beam,64.3974,0.0,21.533,0.8
BM-sheet_1-8973,beam,32.2059,0.0,10.768,0.4
BM-sheet_1-8974,beam,64.4261,0.0,21.538,0.8
BM-sheet_1-8975,beam,32.2203,0.0,10.77,0.4
BM-sheet_1-8976,beam,64.4549,0.0,21.542,0.8
BM-sheet_1-8977,beam,32.2346,0.0,10.772,0.4
BM-sheet_1-8978,beam,64.4836,0.0,21.547,0.8
BM-sheet_1-8979,beam,32.249,0.0,10.775,0.4
BM-sheet_1-8980,beam,64.5123,0.0,21.552,0.8
BM-sheet_1-8981,beam,32.2633,0.0,10.777,0.4
BM-sheet_1-8982,beam,64.5411,0.0,21.557,0.8
BM-sheet_1-8983,beam,32.2777,0.0,10.78,0.4
BM-sheet_1-8984,beam,64.5698,0.0,21.562,0.8
BM-sheet_1-8985,beam,32.2921,0.0,10.782,0.4
BM-sheet_1-8986,beam,64.5986,0.0,21.566,0.8
BM-sheet_1-8987,beam,32.3065,0.0,10.784,0.4
BM-sheet_1-8988,beam,64.6273,0.0,21.571,0.8
BM-sheet_1-8989,beam,32.3208,0.0,10.787,0.4
BM-sheet_1-8990,beam,64.6561,0.0,21.576,0.8
BM-sheet_1-8991,beam,32.3352,0.0,10.789,0.4
BM-sheet_1-8992,beam,64.6849,0.0,21.581,0.8
BM-sheet_1-8993,beam,32.3496,0.0,10.792,0.4
BM-sheet_1-8994,beam,64.7136,0.0,21.586,0.8
BM-sheet_1-8995,beam,32.364,0.0,10.794,0.4
BM-sheet_1-8996,beam,64.7424,0.0,21.59,0.8
BM-sheet_1-8997,beam,32.3784,0.0,10.796,0.4
BM-sheet_1-8998,beam,64.7712,0.0,21.595,0.8
BM-sheet_1-8999,beam,32.3928,0.0,10.799,0.4
BM-sheet_1-9000,beam,64.8,0.0,21.6,0.8
BM-sheet_1-9001,beam,32.4072,0.0,10.801,0.4
BM-sheet_1-9002,beam,64.8288,0.0,21.605,0.8
BM-sheet_1-9003,beam,32.4216,0.0,10.804,0.4
BM-sheet_1-9004,beam,64.8576,0.0,21.61,0.8
BM-sheet_1-9005,beam,32.436,0.0,10.806,0.4
BM-sheet_1-9006,beam,64.8864,0.0,21.614,0.8
BM-sheet_1-9007,beam,32.4504,0.0,10.808,0.4
BM-sheet_1-9008,beam,64.9153,0.0,21.619,0.8
BM-sheet_1-9009,beam,32.4648,0.0,10.811,0.4
BM-sheet_1-9010,beam,64.9441,0.0,21.624,0.8
BM-sheet_1-9011,beam,32.4792,0.0,10.813,0.4
BM-sheet_1-9012,beam,64.9729,0.0,21.629,0.8
BM-sheet_1-9013,beam,32.4937,0.0,10.816,0.4
BM-sheet_1-9014,beam,65.0018,0.0,21.634,0.8
BM-sheet_1-9015,beam,0.128,0.0,0.8,0.4
BM-sheet_1-9016,beam,0.256,0.0,1.6,0.8
BM-sheet_1-9017,beam,0.128,0.0,0.8,0.4
BM-sheet_1-9018,beam,0.256,0.0,1.6,0.8
BM-sheet_1-9019,beam,32.5369,0.0,10.823,0.4
BM-sheet_1-9020,beam,65.0883,0.0,21.648,0.8
BM-sheet_1-9021,beam,32.5514,0.0,10.825,0.4
BM-sheet_1-9022,beam,65.1172,0.0,21.653,0.8
BM-sheet_1-9023,beam,32.5658,0.0,10.828,0.4
BM-sheet_1-9024,beam,65.1461,0.0,21.658,0.8
BM-sheet_1-9025,beam,32.5803,0.0,10.83,0.4
BM-sheet_1-9026,beam,65.1749,0.0,21.662,0.8
BM-sheet_1-9027,beam,32.5947,0.0,10.832,0.4
BM-sheet_1-9028,beam,65.2038,0.0,21.667,0.8
BM-sheet_1-9029,beam,32.6091,0.0,10.835,0.4
BM-sheet_1-9030,beam,65.2327,0.0,21.672,0.8
BM-sheet_1-9031,beam,32.6236,0.0,10.837,0.4
BM-sheet_1-9032,beam,65.2616,0.0,21.677,0.8
BM-sheet_1-9033,beam,32.638,0.0,10.84,0.4
BM-sheet_1-9034,beam,65.2905,0.0,21.682,0.8
BM-sheet_1-9035,beam,32.6525,0.0,10.842,0.4
BM-sheet_1-9036,beam,65.3194,0.0,21.686,0.8
BM-sheet_1-9037,beam,32.6669,0.0,10.844,0.4
BM-sheet_1-9038,beam,65.3484,0.0,21.691,0.8
BM-sheet_1-9039,beam,32.6814,0.0,10.847,0.4
BM-sheet_1-9040,beam,65.3773,0.0,21.696,0.8
BM-sheet_1-9041,beam,32.6959,0.0,10.849,0.4
BM-sheet_1-9042,beam,65.4062,0.0,21.701,0.8
BM-sheet_1-9043,beam,32.7103,0.0,10.852,0.4
BM-sheet_1-9044,beam,65.4351,0.0,21.706,0.8
BM-sheet_1-9045,beam,32.7248,0.0,10.854,0.4
BM-sheet_1-9046,beam,65.4641,0.0,21.71,0.8
BM-sheet_1-9047,beam,32.7393,0.0,10.856,0.4
BM-sheet_1-9048,beam,65.493,0.0,21.715,0.8
BM-sheet_1-9049,beam,32.7538,0.0,10.859,0.4
BM-sheet_1-9050,beam,65.522,0.0,21.72,0.8
BM-sheet_1-9051,beam,32.7682,0.0,10.861,0.4
BM-sheet_1-9052,beam,65.551,0.0,21.725,0.8
BM-sheet_1-9053,beam,32.7827,0.0,10.864,0.4
BM-sheet_1-9054,beam,65.5799,0.0,21.73,0.8
BM-sheet_1-9055,beam,32.7972,0.0,10.866,0.4
BM-sheet_1-9056,beam,65.6089,0.0,21.734,0.8
BM-sheet_1-9057,beam,32.8117,0.0,10.868,0.4
BM-sheet_1-9058,beam,65.6379,0.0,21.739,0.8
BM-sheet_1-9059,beam,32.8262,0.0,10.871,0.4
BM-sheet_1-9060,beam,65.6669,0.0,21.744,0.8
BM-sheet_1-9061,beam,32.8407,0.0,10.873,0.4
BM-sheet_1-9062,beam,65.6959,0.0,21.749,0.8
BM-sheet_1-9063,beam,32.8552,0.0,10.876,0.4
BM-sheet_1-9064,beam,65.7249,0.0,21.754,0.8
BM-sheet_1-9065,beam,32.8697,0.0,10.878,0.4
BM-sheet_1-9066,beam,65.7539,0.0,21.758,0.8
BM-sheet_1-9067,beam,32.8842,0.0,10.88,0.4
BM-sheet_1-9068,beam,65.7829,0.0,21.763,0.8
BM-sheet_1-9069,beam,32.8987,0.0,10.883,0.4
BM-sheet_1-9070,beam,65.8119,0.0,21.768,0.8
BM-sheet_1-9071,beam,32.9132,0.0,10.885,0.4
BM-sheet_1-9072,beam,65.8409,0.0,21.773,0.8
BM-sheet_1-9073,beam,32.9277,0.0,10.888,0.4
BM-sheet_1-9074,beam,65.87,0.0,21.778,0.8
BM-sheet_1-9075,beam,32.9422,0.0,10.89,0.4
BM-sheet_1-9076,beam,65.899,0.0,21.782,0.8
BM-sheet_1-9077,beam,32.9568,0.0,10.892,0.4
BM-sheet_1-9078,beam,65.9281,0.0,21.787,0.8
BM-sheet_1-9079,beam,32.9713,0.0,10.895,0.4
BM-sheet_1-9080,beam,65.9571,0.0,21.792,0.8
BM-sheet_1-9081,beam,32.9858,0.0,10.897,0.4
BM-sheet_1-9082,beam,65.9862,0.0,21.797,0.8
BM-sheet_1-9083,beam,0.128,0.0,0.8,0.4
BM-sheet_1-9084,beam,0.256,0.0,1.6,0.8
BM-sheet_1-9085,beam,0.128,0.0,0.8,0.4
BM-sheet_1-9086,beam,0.256,0.0,1.6,0.8
BM-sheet_1-9087,beam,33.0294,0.0,10.904,0.4
BM-sheet_1-9088,beam,66.0734,0.0,21.811,0.8
BM-sheet_1-9089,beam,0.128,0.0,0.8,0.4
BM-sheet_1-9090,beam,66.1025,0.0,21.816,0.8
BM-sheet_1-9091,beam,33.0585,0.0,10.909,0.4
BM-sheet_1-9092,beam,66.1316,0.0,21.821,0.8
BM-sheet_1-9093,beam,0.128,0.0,0.8,0.4
BM-sheet_1-9094,beam,66.1607,0.0,21.826,0.8
BM-sheet_1-9095,beam,33.0876,0.0,10.914,0.4
BM-sheet_1-9096,beam,66.1898,0.0,21.83,0.8
BM-sheet_1-9097,beam,0.128,0.0,0.8,0.4
BM-sheet_1-9098,beam,66.2189,0.0,21.835,0.8
BM-sheet_1-9099,beam,33.1167,0.0,10.919,0.4
BM-sheet_1-9100,beam,66.248,0.0,21.84,0.8
BM-sheet_1-9101,beam,0.128,0.0,0.8,0.4
BM-sheet_1-9102,beam,66.2771,0.0,21.845,0.8
BM-sheet_1-9103,beam,33.1458,0.0,10.924,0.4
BM-sheet_1-9104,beam,66.3063,0.0,21.85,0.8
BM-sheet_1-9105,beam,33.1604,0.0,10.926,0.4
BM-sheet_1-9106,beam,66.3354,0.0,21.854,0.8
BM-sheet_1-9107,beam,33.175,0.0,10.928,0.4
BM-sheet_1-9108,beam,66.3645,0.0,21.859,0.8
BM-sheet_1-9109,beam,33.1896,0.0,10.931,0.4
BM-sheet_1-9110,beam,66.3937,0.0,21.864,0.8
BM-sheet_1-9111,beam,33.2041,0.0,10.933,0.4
BM-sheet_1-9112,beam,66.4228,0.0,21.869,0.8
BM-sheet_1-9113,beam,33.2187,0.0,10.936,0.4
BM-sheet_1-9114,beam,66.452,0.0,21.874,0.8
BM-sheet_1-9115,beam,33.2333,0.0,10.938,0.4
BM-sheet_1-9116,beam,66.4812,0.0,21.878,0.8
BM-sheet_1-9117,beam,33.2479,0.0,10.94,0.4
BM-sheet_1-9118,beam,66.5103,0.0,21.883,0.8
BM-sheet_1-9119,beam,33.2625,0.0,10.943,0.4
BM-sheet_1-9120,beam,66.5395,0.0,21.888,0.8
BM-sheet_1-9121,beam,33.2771,0.0,10.945,0.4
BM-sheet_1-9122,beam,66.5687,0.0,21.893,0.8
BM-sheet_1-9123,beam,33.2917,0.0,10.948,0.4
BM-sheet_1-9124,beam,66.5979,0.0,21.898,0.8
BM-sheet_1-9125,beam,33.3063,0.0,10.95,0.4
BM-sheet_1-9126,beam,66.6271,0.0,21.902,0.8
BM-sheet_1-9127,beam,33.3209,0.0,10.952,0.4
BM-sheet_1-9128,beam,66.6563,0.0,21.907,0.8
BM-sheet_1-9129,beam,33.3355,0.0,10.955,0.4
BM-sheet_1-9130,beam,66.6855,0.0,21.912,0.8
BM-sheet_1-9131,beam,33.3501,0.0,10.957,0.4
BM-sheet_1-9132,beam,66.7147,0.0,21.917,0.8
BM-sheet_1-9133,beam,33.3647,0.0,10.96,0.4
BM-sheet_1-9134,beam,66.744,0.0,21.922,0.8
BM-sheet_1-9135,beam,33.3793,0.0,10.962,0.4
BM-sheet_1-9136,beam,66.7732,0.0,21.926,0.8
BM-sheet_1-9137,beam,33.3939,0.0,10.964,0.4
BM-sheet_1-9138,beam,66.8024,0.0,21.931,0.8
BM-sheet_1-9139,beam,33.4085,0.0,10.967,0.4
BM-sheet_1-9140,beam,66.8317,0.0,21.936,0.8
BM-sheet_1-9141,beam,33.4232,0.0,10.969,0.4
BM-sheet_1-9142,beam,66.8609,0.0,21.941,0.8
BM-sheet_1-9143,beam,33.4378,0.0,10.972,0.4
BM-sheet_1-9144,beam,66.8902,0.0,21.946,0.8
BM-sheet_1-9145,beam,33.4524,0.0,10.974,0.4
BM-sheet_1-9146,beam,66.9195,0.0,21.95,0.8
BM-sheet_1-9147,beam,33.467,0.0,10.976,0.4
BM-sheet_1-9148,beam,66.9487,0.0,21.955,0.8
BM-sheet_1-9149,beam,33.4817,0.0,10.979,0.4
BM-sheet_1-9150,beam,66.978,0.0,21.96,0.8
BM-sheet_1-9151,beam,33.4963,0.0,10.981,0.4
BM-sheet_1-9152,beam,67.0073,0.0,21.965,0.8
BM-sheet_1-9153,beam,33.511,0.0,10.984,0.4
BM-sheet_1-9154,beam,67.0366,0.0,21.97,0.8
BM-sheet_1-9155,beam,33.5256,0.0,10.986,0.4
BM-sheet_1-9156,beam,67.0659,0.0,21.974,0.8
BM-sheet_1-9157,beam,33.5403,0.0,10.988,0.4
BM-sheet_1-9158,beam,67.0952,0.0,21.979,0.8
BM-sheet_1-9159,beam,33.5549,0.0,10.991,0.4
BM-sheet_1-9160,beam,67.1245,0.0,21.984,0.8
BM-sheet_1-9161,beam,33.5696,0.0,10.993,0.4
BM-sheet_1-9162,beam,67.1538,0.0,21.989,0.8
BM-sheet_1-9163,beam,33.5842,0.0,10.996,0.4
BM-sheet_1-9164,beam,67.1831,0.0,21.994,0.8
BM-sheet_1-9165,beam,33.5989,0.0,10.998,0.4
BM-sheet_1-9166,beam,67.2124,0.0,21.998,0.8
BM-sheet_1-9167,beam,33.6136,0.0,11.0,0.4
BM-sheet_1-9168,beam,67.2418,0.0,22.003,0.8
BM-sheet_1-9169,beam,33.6282,0.0,11.003,0.4
BM-sheet_1-9170,beam,67.2711,0.0,22.008,0.8
BM-sheet_1-9171,beam,33.6429,0.0,11.005,0.4
BM-sheet_1-9172,beam,67.3005,0.0,22.013,0.8
BM-sheet_1-9173,beam,33.6576,0.0,11.008,0.4
BM-sheet_1-9174,beam,67.3298,0.0,22.018,0.8
BM-sheet_1-9175,beam,33.6723,0.0,11.01,0.4
BM-sheet_1-9176,beam,67.3592,0.0,22.022,0.8
BM-sheet_1-9177,beam,33.6869,0.0,11.012,0.4
BM-sheet_1-9178,beam,67.3885,0.0,22.027,0.8
BM-sheet_1-9179,beam,33.7016,0.0,11.015,0.4
BM-sheet_1-9180,beam,67.4179,0.0,22.032,0.8
BM-sheet_1-9181,beam,33.7163,0.0,11.017,0.4
BM-sheet_1-9182,beam,67.4473,0.0,22.037,0.8
BM-sheet_1-9183,beam,33.731,0.0,11.02,0.4
BM-sheet_1-9184,beam,67.4767,0.0,22.042,0.8
BM-sheet_1-9185,beam,33.7457,0.0,11.022,0.4
BM-sheet_1-9186,beam,67.5061,0.0,22.046,0.8
BM-sheet_1-9187,beam,33.7604,0.0,11.024,0.4
BM-sheet_1-9188,beam,67.5355,0.0,22.051,0.8
BM-sheet_1-9189,beam,33.7751,0.0,11.027,0.4
BM-sheet_1-9190,beam,67.5649,0.0,22.056,0.8
BM-sheet_1-9191,beam,33.7898,0.0,11.029,0.4
BM-sheet_1-9192,beam,67.5943,0.0,22.061,0.8
BM-sheet_1-9193,beam,33.8045,0.0,11.032,0.4
BM-sheet_1-9194,beam,67.6237,0.0,22.066,0.8
BM-sheet_1-9195,beam,33.8192,0.0,11.034,0.4
BM-sheet_1-9196,beam,67.6531,0.0,22.07,0.8
BM-sheet_1-9197,beam,33.8339,0.0,11.036,0.4
BM-sheet_1-9198,beam,67.6826,0.0,22.075,0.8
BM-sheet_1-9199,beam,33.8486,0.0,11.039,0.4
BM-sheet_1-9200,beam,67.712,0.0,22.08,0.8
BM-sheet_1-9201,beam,33.8634,0.0,11.041,0.4
BM-sheet_1-9202,beam,67.7414,0.0,22.085,0.8
BM-sheet_1-9203,beam,33.8781,0.0,11.044,0.4
BM-sheet_1-9204,beam,67.7709,0.0,22.09,0.8
BM-sheet_1-9205,beam,33.8928,0.0,11.046,0.4
BM-sheet_1-9206,beam,67.8003,0.0,22.094,0.8
BM-sheet_1-9207,beam,33.9075,0.0,11.048,0.4
BM-sheet_1-9208,beam,67.8298,0.0,22.099,0.8
BM-sheet_1-9209,beam,33.9223,0.0,11.051,0.4
BM-sheet_1-9210,beam,67.8593,0.0,22.104,0.8
BM-sheet_1-9211,beam,33.937,0.0,11.053,0.4
BM-sheet_1-9212,beam,67.8888,0.0,22.109,0.8
BM-sheet_1-9213,beam,33.9517,0.0,11.056,0.4
BM-sheet_1-9214,beam,67.9182,0.0,22.114,0.8
BM-sheet_1-9215,beam,33.9665,0.0,11.058,0.4
BM-sheet_1-9216,beam,67.9477,0.0,22.118,0.8
BM-sheet_1-9217,beam,33.9812,0.0,11.06,0.4
BM-sheet_1-9218,beam,67.9772,0.0,22.123,0.8
BM-sheet_1-9219,beam,33.996,0.0,11.063,0.4
BM-sheet_1-9220,beam,68.0067,0.0,22.128,0.8
BM-sheet_1-9221,beam,34.0107,0.0,11.065,0.4
BM-sheet_1-9222,beam,68.0362,0.0,22.133,0.8
BM-sheet_1-9223,beam,34.0255,0.0,11.068,0.4
BM-sheet_1-9224,beam,68.0657,0.0,22.138,0.8
BM-sheet_1-9225,beam,34.0402,0.0,11.07,0.4
BM-sheet_1-9226,beam,68.0953,0.0,22.142,0.8
BM-sheet_1-9227,beam,34.055,0.0,11.072,0.4
BM-sheet_1-9228,beam,68.1248,0.0,22.147,0.8
BM-sheet_1-9229,beam,34.0698,0.0,11.075,0.4
BM-sheet_1-9230,beam,68.1543,0.0,22.152,0.8
BM-sheet_1-9231,beam,34.0845,0.0,11.077,0.4
BM-sheet_1-9232,beam,68.1839,0.0,22.157,0.8
BM-sheet_1-9233,beam,34.0993,0.0,11.08,0.4
BM-sheet_1-9234,beam,68.2134,0.0,22.162,0.8
BM-sheet_1-9235,beam,34.1141,0.0,11.082,0.4
BM-sheet_1-9236,beam,68.243,0.0,22.166,0.8
BM-sheet_1-9237,beam,34.1289,0.0,11.084,0.4
BM-sheet_1-9238,beam,68.2725,0.0,22.171,0.8
BM-sheet_1-9239,beam,34.1436,0.0,11.087,0.4
BM-sheet_1-9240,beam,68.3021,0.0,22.176,0.8
BM-sheet_1-9241,beam,34.1584,0.0,11.089,0.4
BM-sheet_1-9242,beam,68.3317,0.0,22.181,0.8
BM-sheet_1-9243,beam,34.1732,0.0,11.092,0.4
BM-sheet_1-9244,beam,68.3612,0.0,22.186,0.8
BM-sheet_1-9245,beam,34.188,0.0,11.094,0.4
BM-sheet_1-9246,beam,68.3908,0.0,22.19,0.8
BM-sheet_1-9247,beam,0.128,0.0,0.8,0.4
BM-sheet_1-9248,beam,68.4204,0.0,22.195,0.8
BM-sheet_1-9249,beam,34.2176,0.0,11.099,0.4
BM-sheet_1-9250,beam,68.45,0.0,22.2,0.8
BM-sheet_1-9251,beam,34.2324,0.0,11.101,0.4
BM-sheet_1-9252,beam,68.4796,0.0,22.205,0.8
BM-sheet_1-9253,beam,34.2472,0.0,11.104,0.4
BM-sheet_1-9254,beam,68.5092,0.0,22.21,0.8
BM-sheet_1-9255,beam,34.262,0.0,11.106,0.4
BM-sheet_1-9256,beam,68.5388,0.0,22.214,0.8
BM-sheet_1-9257,beam,34.2768,0.0,11.108,0.4
BM-sheet_1-9258,beam,68.5685,0.0,22.219,0.8
BM-sheet_1-9259,beam,34.2916,0.0,11.111,0.4
BM-sheet_1-9260,beam,68.5981,0.0,22.224,0.8
BM-sheet_1-9261,beam,34.3064,0.0,11.113,0.4
BM-sheet_1-9262,beam,68.6277,0.0,22.229,0.8
BM-sheet_1-9263,beam,34.3213,0.0,11.116,0.4
BM-sheet_1-9264,beam,68.6574,0.0,22.234,0.8
BM-sheet_1-9265,beam,34.3361,0.0,11.118,0.4
BM-sheet_1-9266,beam,68.687,0.0,22.238,0.8
BM-sheet_1-9267,beam,34.3509,0.0,11.12,0.4
BM-sheet_1-9268,beam,68.7167,0.0,22.243,0.8
BM-sheet_1-9269,beam,34.3657,0.0,11.123,0.4
BM-sheet_1-9270,beam,68.7463,0.0,22.248,0.8
BM-sheet_1-9271,beam,34.3806,0.0,11.125,0.4
BM-sheet_1-9272,beam,68.776,0.0,22.253,0.8
BM-sheet_1-9273,beam,34.3954,0.0,11.128,0.4
BM-sheet_1-9274,beam,68.8057,0.0,22.258,0.8
BM-sheet_1-9275,beam,34.4103,0.0,11.13,0.4
BM-sheet_1-9276,beam,68.8353,0.0,22.262,0.8
BM-sheet_1-9277,beam,34.4251,0.0,11.132,0.4
BM-sheet_1-9278,beam,68.865,0.0,22.267,0.8
BM-sheet_1-9279,beam,34.4399,0.0,11.135,0.4
BM-sheet_1-9280,beam,68.8947,0.0,22.272,0.8
BM-sheet_1-9281,beam,34.4548,0.0,11.137,0.4
BM-sheet_1-9282,beam,68.9244,0.0,22.277,0.8
BM-sheet_1-9283,beam,34.4696,0.0,11.14,0.4
BM-sheet_1-9284,beam,68.9541,0.0,22.282,0.8
BM-sheet_1-9285,beam,34.4845,0.0,11.142,0.4
BM-sheet_1-9286,beam,68.9838,0.0,22.286,0.8
BM-sheet_1-9287,beam,34.4993,0.0,11.144,0.4
BM-sheet_1-9288,beam,69.0136,0.0,22.291,0.8
BM-sheet_1-9289,beam,34.5142,0.0,11.147,0.4
BM-sheet_1-9290,beam,69.0433,0.0,22.296,0.8
BM-sheet_1-9291,beam,34.5291,0.0,11.149,0.4
BM-sheet_1-9292,beam,69.073,0.0,22.301,0.8
BM-sheet_1-9293,beam,34.5439,0.0,11.152,0.4
BM-sheet_1-9294,beam,69.1027,0.0,22.306,0.8
BM-sheet_1-9295,beam,34.5588,0.0,11.154,0.4
BM-sheet_1-9296,beam,69.1325,0.0,22.31,0.8
BM-sheet_1-9297,beam,34.5737,0.0,11.156,0.4
BM-sheet_1-9298,beam,69.1622,0.0,22.315,0.8
BM-sheet_1-9299,beam,34.5886,0.0,11.159,0.4
BM-sheet_1-9300,beam,69.192,0.0,22.32,0.8
BM-sheet_1-9301,beam,34.6034,0.0,11.161,0.4
BM-sheet_1-9302,beam,69.2218,0.0,22.325,0.8
BM-sheet_1-9303,beam,34.6183,0.0,11.164,0.4
BM-sheet_1-9304,beam,69.2515,0.0,22.33,0.8
BM-sheet_1-9305,beam,34.6332,0.0,11.166,0.4
BM-sheet_1-9306,beam,69.2813,0.0,22.334,0.8
BM-sheet_1-9307,beam,34.6481,0.0,11.168,0.4
BM-sheet_1-9308,beam,69.3111,0.0,22.339,0.8
BM-sheet_1-9309,beam,34.663,0.0,11.171,0.4
BM-sheet_1-9310,beam,69.3409,0.0,22.344,0.8
BM-sheet_1-9311,beam,34.6779,0.0,11.173,0.4
BM-sheet_1-9312,beam,69.3707,0.0,22.349,0.8
BM-sheet_1-9313,beam,34.6928,0.0,11.176,0.4
BM-sheet_1-9314,beam,69.4005,0.0,22.354,0.8
BM-sheet_1-9315,beam,34.7077,0.0,11.178,0.4
BM-sheet_1-9316,beam,69.4303,0.0,22.358,0.8
BM-sheet_1-9317,beam,34.7226,0.0,11.18,0.4
BM-sheet_1-9318,beam,69.4601,0.0,22.363,0.8
BM-sheet_1-9319,beam,34.7375,0.0,11.183,0.4
BM-sheet_1-9320,beam,69.4899,0.0,22.368,0.8
BM-sheet_1-9321,beam,34.7524,0.0,11.185,0.4
BM-sheet_1-9322,beam,69.5197,0.0,22.373,0.8
BM-sheet_1-9323,beam,34.7673,0.0,11.188,0.4
BM-sheet_1-9324,beam,69.5496,0.0,22.378,0.8
BM-sheet_1-9325,beam,34.7822,0.0,11.19,0.4
BM-sheet_1-9326,beam,69.5794,0.0,22.382,0.8
BM-sheet_1-9327,beam,52.1958,0.0,16.789,0.6
BM-sheet_1-9328,beam,87.0116,0.0,27.984,1.0
BM-sheet_1-9329,beam,52.2181,0.0,16.792,0.6
BM-sheet_1-9330,beam,87.0489,0.0,27.99,1.0
BM-sheet_1-9331,beam,52.2405,0.0,16.796,0.6
BM-sheet_1-9332,beam,87.0862,0.0,27.996,1.0
BM-sheet_1-9333,beam,52.2629,0.0,16.799,0.6
BM-sheet_1-9334,beam,87.1236,0.0,28.002,1.0
BM-sheet_1-9335,beam,52.2853,0.0,16.803,0.6
BM-sheet_1-9336,beam,87.1609,0.0,28.008,1.0
BM-sheet_1-9337,beam,52.3077,0.0,16.807,0.6
BM-sheet_1-9338,beam,87.1982,0.0,28.014,1.0
BM-sheet_1-9339,beam,52.3302,0.0,16.81,0.6
BM-sheet_1-9340,beam,87.2356,0.0,28.02,1.0
BM-sheet_1-9341,beam,52.3526,0.0,16.814,0.6
BM-sheet_1-9342,beam,87.273,0.0,28.026,1.0
BM-sheet_1-9343,beam,52.375,0.0,16.817,0.6
BM-sheet_1-9344,beam,87.3103,0.0,28.032,1.0
BM-sheet_1-9345,beam,52.3974,0.0,16.821,0.6
BM-sheet_1-9346,beam,87.3477,0.0,28.038,1.0
BM-sheet_1-9347,beam,52.4198,0.0,16.825,0.6
BM-sheet_1-9348,beam,87.3851,0.0,28.044,1.0
BM-sheet_1-9349,beam,52.4423,0.0,16.828,0.6
BM-sheet_1-9350,beam,87.4225,0.0,28.05,1.0
BM-sheet_1-9351,beam,52.4647,0.0,16.832,0.6
BM-sheet_1-9352,beam,87.4599,0.0,28.056,1.0
BM-sheet_1-9353,beam,52.4872,0.0,16.835,0.6
BM-sheet_1-9354,beam,87.4973,0.0,28.062,1.0
BM-sheet_1-9355,beam,52.5096,0.0,16.839,0.6
BM-sheet_1-9356,beam,87.5347,0.0,28.068,1.0
BM-sheet_1-9357,beam,52.5321,0.0,16.843,0.6
BM-sheet_1-9358,beam,87.5722,0.0,28.074,1.0
BM-sheet_1-9359,beam,52.5545,0.0,16.846,0.6
BM-sheet_1-9360,beam,87.6096,0.0,28.08,1.0
BM-sheet_1-9361,beam,52.577,0.0,16.85,0.6
BM-sheet_1-9362,beam,87.647,0.0,28.086,1.0
BM-sheet_1-9363,beam,52.5995,0.0,16.853,0.6
BM-sheet_1-9364,beam,87.6845,0.0,28.092,1.0
BM-sheet_1-9365,beam,52.6219,0.0,16.857,0.6
BM-sheet_1-9366,beam,87.722,0.0,28.098,1.0
BM-sheet_1-9367,beam,52.6444,0.0,16.861,0.6
BM-sheet_1-9368,beam,87.7594,0.0,28.104,1.0
BM-sheet_1-9369,beam,52.6669,0.0,16.864,0.6
BM-sheet_1-9370,beam,87.7969,0.0,28.11,1.0
BM-sheet_1-9371,beam,52.6894,0.0,16.868,0.6
BM-sheet_1-9372,beam,87.8344,0.0,28.116,1.0
BM-sheet_1-9373,beam,52.7119,0.0,16.871,0.6
BM-sheet_1-9374,beam,87.8719,0.0,28.122,1.0
BM-sheet_1-9375,beam,52.7344,0.0,16.875,0.6
BM-sheet_1-9376,beam,87.9094,0.0,28.128,1.0
BM-sheet_1-9377,beam,52.7569,0.0,16.879,0.6
BM-sheet_1-9378,beam,87.9469,0.0,28.134,1.0
BM-sheet_1-9379,beam,52.7794,0.0,16.882,0.6
BM-sheet_1-9380,beam,87.9844,0.0,28.14,1.0
BM-sheet_1-9381,beam,52.8019,0.0,16.886,0.6
BM-sheet_1-9382,beam,88.0219,0.0,28.146,1.0
BM-sheet_1-9383,beam,52.8244,0.0,16.889,0.6
BM-sheet_1-9384,beam,88.0595,0.0,28.152,1.0
BM-sheet_1-9385,beam,52.8469,0.0,16.893,0.6
BM-sheet_1-9386,beam,88.097,0.0,28.158,1.0
BM-sheet_1-9387,beam,52.8695,0.0,16.897,0.6
BM-sheet_1-9388,beam,88.1345,0.0,28.164,1.0
BM-sheet_1-9389,beam,52.892,0.0,16.9,0.6
BM-sheet_1-9390,beam,88.1721,0.0,28.17,1.0
BM-sheet_1-9391,beam,52.9145,0.0,16.904,0.6
BM-sheet_1-9392,beam,88.2097,0.0,28.176,1.0
BM-sheet_1-9393,beam,52.9371,0.0,16.907,0.6
BM-sheet_1-9394,beam,88.2472,0.0,28.182,1.0
BM-sheet_1-9395,beam,52.9596,0.0,16.911,0.6
BM-sheet_1-9396,beam,88.2848,0.0,28.188,1.0
BM-sheet_1-9397,beam,52.9822,0.0,16.915,0.6
BM-sheet_1-9398,beam,88.3224,0.0,28.194,1.0
BM-sheet_1-9399,beam,53.0047,0.0,16.918,0.6
BM-sheet_1-9400,beam,88.36,0.0,28.2,1.0
BM-sheet_1-9401,beam,53.0273,0.0,16.922,0.6
BM-sheet_1-9402,beam,88.3976,0.0,28.206,1.0
BM-sheet_1-9403,beam,53.0498,0.0,16.925,0.6
BM-sheet_1-9404,beam,88.4352,0.0,28.212,1.0
BM-sheet_1-9405,beam,53.0724,0.0,16.929,0.6
BM-sheet_1-9406,beam,88.4728,0.0,28.218,1.0
BM-sheet_1-9407,beam,53.095,0.0,16.933,0.6
BM-sheet_1-9408,beam,88.5105,0.0,28.224,1.0
BM-sheet_1-9409,beam,53.1176,0.0,16.936,0.6
BM-sheet_1-9410,beam,88.5481,0.0,28.23,1.0
BM-sheet_1-9411,beam,53.1402,0.0,16.94,0.6
BM-sheet_1-9412,beam,88.5857,0.0,28.236,1.0
BM-sheet_1-9413,beam,53.1627,0.0,16.943,0.6
BM-sheet_1-9414,beam,88.6234,0.0,28.242,1.0
BM-sheet_1-9415,beam,53.1853,0.0,16.947,0.6
BM-sheet_1-9416,beam,88.6611,0.0,28.248,1.0
BM-sheet_1-9417,beam,53.2079,0.0,16.951,0.6
BM-sheet_1-9418,beam,88.6987,0.0,28.254,1.0
BM-sheet_1-9419,beam,53.2305,0.0,16.954,0.6
BM-sheet_1-9420,beam,88.7364,0.0,28.26,1.0
BM-sheet_1-9421,beam,53.2531,0.0,16.958,0.6
BM-sheet_1-9422,beam,88.7741,0.0,28.266,1.0
BM-sheet_1-9423,beam,53.2758,0.0,16.961,0.6
BM-sheet_1-9424,beam,88.8118,0.0,28.272,1.0
BM-sheet_1-9425,beam,53.2984,0.0,16.965,0.6
BM-sheet_1-9426,beam,88.8495,0.0,28.278,1.0
BM-sheet_1-9427,beam,53.321,0.0,16.969,0.6
BM-sheet_1-9428,beam,88.8872,0.0,28.284,1.0
BM-sheet_1-9429,beam,53.3436,0.0,16.972,0.6
BM-sheet_1-9430,beam,88.9249,0.0,28.29,1.0
BM-sheet_1-9431,beam,53.3663,0.0,16.976,0.6
BM-sheet_1-9432,beam,88.9626,0.0,28.296,1.0
BM-sheet_1-9433,beam,53.3889,0.0,16.979,0.6
BM-sheet_1-9434,beam,89.0004,0.0,28.302,1.0
BM-sheet_1-9435,beam,53.4115,0.0,16.983,0.6
BM-sheet_1-9436,beam,89.0381,0.0,28.308,1.0
BM-sheet_1-9437,beam,53.4342,0.0,16.987,0.6
BM-sheet_1-9438,beam,89.0758,0.0,28.314,1.0
BM-sheet_1-9439,beam,53.4568,0.0,16.99,0.6
BM-sheet_1-9440,beam,89.1136,0.0,28.32,1.0
BM-sheet_1-9441,beam,53.4795,0.0,16.994,0.6
BM-sheet_1-9442,beam,89.1514,0.0,28.326,1.0
BM-sheet_1-9443,beam,53.5021,0.0,16.997,0.6
BM-sheet_1-9444,beam,89.1891,0.0,28.332,1.0
BM-sheet_1-9445,beam,53.5248,0.0,17.001,0.6
BM-sheet_1-9446,beam,89.2269,0.0,28.338,1.0
BM-sheet_1-9447,beam,53.5475,0.0,17.005,0.6
BM-sheet_1-9448,beam,89.2647,0.0,28.344,1.0
BM-sheet_1-9449,beam,53.5702,0.0,17.008,0.6
BM-sheet_1-9450,beam,89.3025,0.0,28.35,1.0
BM-sheet_1-9451,beam,53.5928,0.0,17.012,0.6
BM-sheet_1-9452,beam,89.3403,0.0,28.356,1.0
BM-sheet_1-9453,beam,53.6155,0.0,17.015,0.6
BM-sheet_1-9454,beam,89.3781,0.0,28.362,1.0
BM-sheet_1-9455,beam,53.6382,0.0,17.019,0.6
BM-sheet_1-9456,beam,89.4159,0.0,28.368,1.0
BM-sheet_1-9457,beam,53.6609,0.0,17.023,0.6
BM-sheet_1-9458,beam,89.4538,0.0,28.374,1.0
BM-sheet_1-9459,beam,53.6836,0.0,17.026,0.6
BM-sheet_1-9460,beam,89.4916,0.0,28.38,1.0
BM-sheet_1-9461,beam,53.7063,0.0,17.03,0.6
BM-sheet_1-9462,beam,89.5294,0.0,28.386,1.0
BM-sheet_1-9463,beam,53.729,0.0,17.033,0.6
BM-sheet_1-9464,beam,89.5673,0.0,28.392,1.0
BM-sheet_1-9465,beam,53.7517,0.0,17.037,0.6
BM-sheet_1-9466,beam,89.6052,0.0,28.398,1.0
BM-sheet_1-9467,beam,53.7745,0.0,17.041,0.6
BM-sheet_1-9468,beam,89.643,0.0,28.404,1.0
BM-sheet_1-9469,beam,53.7972,0.0,17.044,0.6
BM-sheet_1-9470,beam,89.6809,0.0,28.41,1.0
BM-sheet_1-9471,beam,53.8199,0.0,17.048,0.6
BM-sheet_1-9472,beam,89.7188,0.0,28.416,1.0
BM-sheet_1-9473,beam,53.8426,0.0,17.051,0.6
BM-sheet_1-9474,beam,89.7567,0.0,28.422,1.0
BM-sheet_1-9475,beam,53.8654,0.0,17.055,0.6
BM-sheet_1-9476,beam,89.7946,0.0,28.428,1.0
BM-sheet_1-9477,beam,53.8881,0.0,17.059,0.6
BM-sheet_1-9478,beam,89.8325,0.0,28.434,1.0
BM-sheet_1-9479,beam,53.9109,0.0,17.062,0.6
BM-sheet_1-9480,beam,89.8704,0.0,28.44,1.0
BM-sheet_1-9481,beam,53.9336,0.0,17.066,0.6
BM-sheet_1-9482,beam,89.9083,0.0,28.446,1.0
BM-sheet_1-9483,beam,53.9564,0.0,17.069,0.6
BM-sheet_1-9484,beam,89.9463,0.0,28.452,1.0
BM-sheet_1-9485,beam,53.9791,0.0,17.073,0.6
BM-sheet_1-9486,beam,89.9842,0.0,28.458,1.0
BM-sheet_1-9487,beam,54.0019,0.0,17.077,0.6
BM-sheet_1-9488,beam,90.0221,0.0,28.464,1.0
BM-sheet_1-9489,beam,54.0247,0.0,17.08,0.6
BM-sheet_1-9490,beam,90.0601,0.0,28.47,1.0
BM-sheet_1-9491,beam,54.0474,0.0,17.084,0.6
BM-sheet_1-9492,beam,90.0981,0.0,28.476,1.0
BM-sheet_1-9493,beam,54.0702,0.0,17.087,0.6
BM-sheet_1-9494,beam,90.136,0.0,28.482,1.0
BM-sheet_1-9495,beam,54.093,0.0,17.091,0.6
BM-sheet_1-9496,beam,90.174,0.0,28.488,1.0
BM-sheet_1-9497,beam,54.1158,0.0,17.095,0.6
BM-sheet_1-9498,beam,90.212,0.0,28.494,1.0
BM-sheet_1-9499,beam,54.1386,0.0,17.098,0.6
BM-sheet_1-9500,beam,90.25,0.0,28.5,1.0
BM-sheet_1-9501,beam,54.1614,0.0,17.102,0.6
BM-sheet_1-9502,beam,90.288,0.0,28.506,1.0
BM-sheet_1-9503,beam,54.1842,0.0,17.105,0.6
BM-sheet_1-9504,beam,90.326,0.0,28.512,1.0
BM-sheet_1-9505,beam,54.207,0.0,17.109,0.6
BM-sheet_1-9506,beam,90.364,0.0,28.518,1.0
BM-sheet_1-9507,beam,54.2298,0.0,17.113,0.6
BM-sheet_1-9508,beam,90.4021,0.0,28.524,1.0
BM-sheet_1-9509,beam,54.2526,0.0,17.116,0.6
BM-sheet_1-9510,beam,90.4401,0.0,28.53,1.0
BM-sheet_1-9511,beam,54.2755,0.0,17.12,0.6
BM-sheet_1-9512,beam,90.4781,0.0,28.536,1.0
BM-sheet_1-9513,beam,54.2983,0.0,17.123,0.6
BM-sheet_1-9514,beam,90.5162,0.0,28.542,1.0
BM-sheet_1-9515,beam,54.3211,0.0,17.127,0.6
BM-sheet_1-9516,beam,90.5543,0.0,28.548,1.0
BM-sheet_1-9517,beam,54.344,0.0,17.131,0.6
BM-sheet_1-9518,beam,90.5923,0.0,28.554,1.0
BM-sheet_1-9519,beam,54.3668,0.0,17.134,0.6
BM-sheet_1-9520,beam,90.6304,0.0,28.56,1.0
BM-sheet_1-9521,beam,54.3897,0.0,17.138,0.6
BM-sheet_1-9522,beam,90.6685,0.0,28.566,1.0
BM-sheet_1-9523,beam,54.4125,0.0,17.141,0.6
BM-sheet_1-9524,beam,90.7066,0.0,28.572,1.0
BM-sheet_1-9525,beam,54.4354,0.0,17.145,0.6
BM-sheet_1-9526,beam,90.7447,0.0,28.578,1.0
BM-sheet_1-9527,beam,54.4582,0.0,17.149,0.6
BM-sheet_1-9528,beam,90.7828,0.0,28.584,1.0
BM-sheet_1-9529,beam,54.4811,0.0,17.152,0.6
BM-sheet_1-9530,beam,90.8209,0.0,28.59,1.0
BM-sheet_1-9531,beam,54.504,0.0,17.156,0.6
BM-sheet_1-9532,beam,90.859,0.0,28.596,1.0
BM-sheet_1-9533,beam,54.5269,0.0,17.159,0.6
BM-sheet_1-9534,beam,90.8972,0.0,28.602,1.0
BM-sheet_1-9535,beam,54.5497,0.0,17.163,0.6
BM-sheet_1-9536,beam,90.9353,0.0,28.608,1.0
BM-sheet_1-9537,beam,54.5726,0.0,17.167,0.6
BM-sheet_1-9538,beam,90.9734,0.0,28.614,1.0
BM-sheet_1-9539,beam,54.5955,0.0,17.17,0.6
BM-sheet_1-9540,beam,91.0116,0.0,28.62,1.0
BM-sheet_1-9541,beam,54.6184,0.0,17.174,0.6
BM-sheet_1-9542,beam,91.0498,0.0,28.626,1.0
BM-sheet_1-9543,beam,54.6413,0.0,17.177,0.6
BM-sheet_1-9544,beam,91.0879,0.0,28.632,1.0
BM-sheet_1-9545,beam,54.6642,0.0,17.181,0.6
BM-sheet_1-9546,beam,91.1261,0.0,28.638,1.0
BM-sheet_1-9547,beam,54.6871,0.0,17.185,0.6
BM-sheet_1-9548,beam,91.1643,0.0,28.644,1.0
BM-sheet_1-9549,beam,54.71,0.0,17.188,0.6
BM-sheet_1-9550,beam,91.2025,0.0,28.65,1.0
BM-sheet_1-9551,beam,54.733,0.0,17.192,0.6
BM-sheet_1-9552,beam,91.2407,0.0,28.656,1.0
BM-sheet_1-9553,beam,54.7559,0.0,17.195,0.6
BM-sheet_1-9554,beam,91.2789,0.0,28.662,1.0
BM-sheet_1-9555,beam,54.7788,0.0,17.199,0.6
BM-sheet_1-9556,beam,91.3171,0.0,28.668,1.0
BM-sheet_1-9557,beam,54.8017,0.0,17.203,0.6
BM-sheet_1-9558,beam,91.3554,0.0,28.674,1.0
BM-sheet_1-9559,beam,54.8247,0.0,17.206,0.6
BM-sheet_1-9560,beam,91.3936,0.0,28.68,1.0
BM-sheet_1-9561,beam,54.8476,0.0,17.21,0.6
BM-sheet_1-9562,beam,91.4318,0.0,28.686,1.0
BM-sheet_1-9563,beam,54.8706,0.0,17.213,0.6
BM-sheet_1-9564,beam,91.4701,0.0,28.692,1.0
BM-sheet_1-9565,beam,54.8935,0.0,17.217,0.6
BM-sheet_1-9566,beam,91.5084,0.0,28.698,1.0
BM-sheet_1-9567,beam,54.9165,0.0,17.221,0.6
BM-sheet_1-9568,beam,91.5466,0.0,28.704,1.0
BM-sheet_1-9569,beam,54.9395,0.0,17.224,0.6
BM-sheet_1-9570,beam,91.5849,0.0,28.71,1.0
BM-sheet_1-9571,beam,54.9624,0.0,17.228,0.6
BM-sheet_1-9572,beam,91.6232,0.0,28.716,1.0
BM-sheet_1-9573,beam,54.9854,0.0,17.231,0.6
BM-sheet_1-9574,beam,91.6615,0.0,28.722,1.0
BM-sheet_1-9575,beam,55.0084,0.0,17.235,0.6
BM-sheet_1-9576,beam,91.6998,0.0,28.728,1.0
BM-sheet_1-9577,beam,55.0314,0.0,17.239,0.6
BM-sheet_1-9578,beam,91.7381,0.0,28.734,1.0
BM-sheet_1-9579,beam,55.0543,0.0,17.242,0.6
BM-sheet_1-9580,beam,91.7764,0.0,28.74,1.0
BM-sheet_1-9581,beam,55.0773,0.0,17.246,0.6
BM-sheet_1-9582,beam,91.8147,0.0,28.746,1.0
BM-sheet_1-9583,beam,55.1003,0.0,17.249,0.6
BM-sheet_1-9584,beam,91.8531,0.0,28.752,1.0
BM-sheet_1-9585,beam,55.1233,0.0,17.253,0.6
BM-sheet_1-9586,beam,91.8914,0.0,28.758,1.0
BM-sheet_1-9587,beam,55.1463,0.0,17.257,0.6
BM-sheet_1-9588,beam,91.9297,0.0,28.764,1.0
BM-sheet_1-9589,beam,55.1694,0.0,17.26,0.6
BM-sheet_1-9590,beam,91.9681,0.0,28.77,1.0
BM-sheet_1-9591,beam,55.1924,0.0,17.264,0.6
BM-sheet_1-9592,beam,92.0065,0.0,28.776,1.0
BM-sheet_1-9593,beam,55.2154,0.0,17.267,0.6
BM-sheet_1-9594,beam,92.0448,0.0,28.782,1.0
BM-sheet_1-9595,beam,55.2384,0.0,17.271,0.6
BM-sheet_1-9596,beam,92.0832,0.0,28.788,1.0
BM-sheet_1-9597,beam,55.2614,0.0,17.275,0.6
BM-sheet_1-9598,beam,92.1216,0.0,28.794,1.0
BM-sheet_1-9599,beam,55.2845,0.0,17.278,0.6
BM-sheet_1-9600,beam,92.16,0.0,28.8,1.0
BM-sheet_1-9601,beam,55.3075,0.0,17.282,0.6
BM-sheet_1-9602,beam,92.1984,0.0,28.806,1.0
BM-sheet_1-9603,beam,55.3306,0.0,17.285,0.6
BM-sheet_1-9604,beam,92.2368,0.0,28.812,1.0
BM-sheet_1-9605,beam,55.3536,0.0,17.289,0.6
BM-sheet_1-9606,beam,92.2752,0.0,28.818,1.0
BM-sheet_1-9607,beam,55.3767,0.0,17.293,0.6
BM-sheet_1-9608,beam,92.3137,0.0,28.824,1.0
BM-sheet_1-9609,beam,55.3997,0.0,17.296,0.6
BM-sheet_1-9610,beam,92.3521,0.0,28.83,1.0
BM-sheet_1-9611,beam,55.4228,0.0,17.3,0.6
BM-sheet_1-9612,beam,92.3905,0.0,28.836,1.0
BM-sheet_1-9613,beam,55.4459,0.0,17.303,0.6
BM-sheet_1-9614,beam,92.429,0.0,28.842,1.0
BM-sheet_1-9615,beam,55.4689,0.0,17.307,0.6
BM-sheet_1-9616,beam,92.4675,0.0,28.848,1.0
BM-sheet_1-9617,beam,55.492,0.0,17.311,0.6
BM-sheet_1-9618,beam,92.5059,0.0,28.854,1.0
BM-sheet_1-9619,beam,55.5151,0.0,17.314,0.6
BM-sheet_1-9620,beam,92.5444,0.0,28.86,1.0
BM-sheet_1-9621,beam,55.5382,0.0,17.318,0.6
BM-sheet_1-9622,beam,92.5829,0.0,28.866,1.0
BM-sheet_1-9623,beam,55.5613,0.0,17.321,0.6
BM-sheet_1-9624,beam,92.6214,0.0,28.872,1.0
BM-sheet_1-9625,beam,55.5844,0.0,17.325,0.6
BM-sheet_1-9626,beam,92.6599,0.0,28.878,1.0
BM-sheet_1-9627,beam,55.6075,0.0,17.329,0.6
BM-sheet_1-9628,beam,92.6984,0.0,28.884,1.0
BM-sheet_1-9629,beam,55.6306,0.0,17.332,0.6
BM-sheet_1-9630,beam,92.7369,0.0,28.89,1.0
BM-sheet_1-9631,beam,55.6537,0.0,17.336,0.6
BM-sheet_1-9632,beam,92.7754,0.0,28.896,1.0
BM-sheet_1-9633,beam,55.6768,0.0,17.339,0.6
BM-sheet_1-9634,beam,92.814,0.0,28.902,1.0
BM-sheet_1-9635,beam,55.6999,0.0,17.343,0.6
BM-sheet_1-9636,beam,92.8525,0.0,28.908,1.0
BM-sheet_1-9637,beam,55.7231,0.0,17.347,0.6
BM-sheet_1-9638,beam,92.891,0.0,28.914,1.0
BM-sheet_1-9639,beam,55.7462,0.0,17.35,0.6
BM-sheet_1-9640,beam,92.9296,0.0,28.92,1.0
BM-sheet_1-9641,beam,55.7693,0.0,17.354,0.6
BM-sheet_1-9642,beam,92.9682,0.0,28.926,1.0
BM-sheet_1-9643,beam,55.7925,0.0,17.357,0.6
BM-sheet_1-9644,beam,93.0067,0.0,28.932,1.0
BM-sheet_1-9645,beam,55.8156,0.0,17.361,0.6
BM-sheet_1-9646,beam,93.0453,0.0,28.938,1.0
BM-sheet_1-9647,beam,55.8388,0.0,17.365,0.6
BM-sheet_1-9648,beam,93.0839,0.0,28.944,1.0
BM-sheet_1-9649,beam,55.8619,0.0,17.368,0.6
BM-sheet_1-9650,beam,93.1225,0.0,28.95,1.0
BM-sheet_1-9651,beam,55.8851,0.0,17.372,0.6
BM-sheet_1-9652,beam,93.1611,0.0,28.956,1.0
BM-sheet_1-9653,beam,55.9082,0.0,17.375,0.6
BM-sheet_1-9654,beam,93.1997,0.0,28.962,1.0
BM-sheet_1-9655,beam,55.9314,0.0,17.379,0.6
BM-sheet_1-9656,beam,93.2383,0.0,28.968,1.0
BM-sheet_1-9657,beam,55.9546,0.0,17.383,0.6
BM-sheet_1-9658,beam,93.277,0.0,28.974,1.0
BM-sheet_1-9659,beam,55.9778,0.0,17.386,0.6
BM-sheet_1-9660,beam,93.3156,0.0,28.98,1.0
BM-sheet_1-9661,beam,56.001,0.0,17.39,0.6
BM-sheet_1-9662,beam,93.3542,0.0,28.986,1.0
BM-sheet_1-9663,beam,56.0241,0.0,17.393,0.6
BM-sheet_1-9664,beam,93.3929,0.0,28.992,1.0
BM-sheet_1-9665,beam,56.0473,0.0,17.397,0.6
BM-sheet_1-9666,beam,93.4316,0.0,28.998,1.0
BM-sheet_1-9667,beam,56.0705,0.0,17.401,0.6
BM-sheet_1-9668,beam,93.4702,0.0,29.004,1.0
BM-sheet_1-9669,beam,56.0937,0.0,17.404,0.6
BM-sheet_1-9670,beam,93.5089,0.0,29.01,1.0
BM-sheet_1-9671,beam,56.1169,0.0,17.408,0.6
BM-sheet_1-9672,beam,93.5476,0.0,29.016,1.0
BM-sheet_1-9673,beam,56.1402,0.0,17.411,0.6
BM-sheet_1-9674,beam,93.5863,0.0,29.022,1.0
BM-sheet_1-9675,beam,56.1634,0.0,17.415,0.6
BM-sheet_1-9676,beam,93.625,0.0,29.028,1.0
BM-sheet_1-9677,beam,56.1866,0.0,17.419,0.6
BM-sheet_1-9678,beam,93.6637,0.0,29.034,1.0
BM-sheet_1-9679,beam,56.2098,0.0,17.422,0.6
BM-sheet_1-9680,beam,93.7024,0.0,29.04,1.0
BM-sheet_1-9681,beam,56.2331,0.0,17.426,0.6
BM-sheet_1-9682,beam,93.7411,0.0,29.046,1.0
BM-sheet_1-9683,beam,56.2563,0.0,17.429,0.6
BM-sheet_1-9684,beam,93.7799,0.0,29.052,1.0
BM-sheet_1-9685,beam,56.2795,0.0,17.433,0.6
BM-sheet_1-9686,beam,93.8186,0.0,29.058,1.0
BM-sheet_1-9687,beam,56.3028,0.0,17.437,0.6
BM-sheet_1-9688,beam,93.8573,0.0,29.064,1.0
BM-sheet_1-9689,beam,56.326,0.0,17.44,0.6
BM-sheet_1-9690,beam,93.8961,0.0,29.07,1.0
BM-sheet_1-9691,beam,56.3493,0.0,17.444,0.6
BM-sheet_1-9692,beam,93.9349,0.0,29.076,1.0
BM-sheet_1-9693,beam,56.3725,0.0,17.447,0.6
BM-sheet_1-9694,beam,93.9736,0.0,29.082,1.0
BM-sheet_1-9695,beam,56.3958,0.0,17.451,0.6
BM-sheet_1-9696,beam,94.0124,0.0,29.088,1.0
BM-sheet_1-9697,beam,56.4191,0.0,17.455,0.6
BM-sheet_1-9698,beam,94.0512,0.0,29.094,1.0
BM-sheet_1-9699,beam,75.2565,0.0,23.278,0.8
BM-sheet_1-9700,beam,206.998,0.0,64.02,2.2
BM-sheet_1-9701,beam,75.2875,0.0,23.282,0.8
BM-sheet_1-9702,beam,207.0834,0.0,64.033,2.2
BM-sheet_1-9703,beam,56.4889,0.0,17.465,0.6
BM-sheet_1-9704,beam,94.1676,0.0,29.112,1.0
BM-sheet_1-9705,beam,56.5122,0.0,17.469,0.6
BM-sheet_1-9706,beam,94.2064,0.0,29.118,1.0
BM-sheet_1-9707,beam,56.5355,0.0,17.473,0.6
BM-sheet_1-9708,beam,94.2453,0.0,29.124,1.0
BM-sheet_1-9709,beam,56.5588,0.0,17.476,0.6
BM-sheet_1-9710,beam,94.2841,0.0,29.13,1.0
BM-sheet_1-9711,beam,56.5821,0.0,17.48,0.6
BM-sheet_1-9712,beam,141.4844,0.0,43.704,1.5
BM-sheet_1-9713,beam,56.6054,0.0,17.483,0.6
BM-sheet_1-9714,beam,141.5427,0.0,43.713,1.5
BM-sheet_1-9715,beam,56.6287,0.0,17.487,0.6
BM-sheet_1-9716,beam,141.601,0.0,43.722,1.5
BM-sheet_1-9717,beam,56.6521,0.0,17.491,0.6
BM-sheet_1-9718,beam,141.6593,0.0,43.731,1.5
BM-sheet_1-9719,beam,56.6754,0.0,17.494,0.6
BM-sheet_1-9720,beam,141.7176,0.0,43.74,1.5
BM-sheet_1-9721,beam,56.6987,0.0,17.498,0.6
BM-sheet_1-9722,beam,141.7759,0.0,43.749,1.5
BM-sheet_1-9723,beam,56.722,0.0,17.501,0.6
BM-sheet_1-9724,beam,141.8343,0.0,43.758,1.5
BM-sheet_1-9725,beam,56.7454,0.0,17.505,0.6
BM-sheet_1-9726,beam,141.8926,0.0,43.767,1.5
BM-sheet_1-9727,beam,56.7687,0.0,17.509,0.6
BM-sheet_1-9728,beam,160.8778,0.0,49.613,1.7
BM-sheet_1-9729,beam,56.7921,0.0,17.512,0.6
BM-sheet_1-9730,beam,160.9439,0.0,49.623,1.7
BM-sheet_1-9731,beam,56.8154,0.0,17.516,0.6
BM-sheet_1-9732,beam,142.0677,0.0,43.794,1.5
BM-sheet_1-9733,beam,56.8388,0.0,17.519,0.6
BM-sheet_1-9734,beam,142.1261,0.0,43.803,1.5
BM-sheet_1-9735,beam,56.8621,0.0,17.523,0.6
BM-sheet_1-9736,beam,94.7897,0.0,29.208,1.0
BM-sheet_1-9737,beam,56.8855,0.0,17.527,0.6
BM-sheet_1-9738,beam,94.8286,0.0,29.214,1.0
BM-sheet_1-9739,beam,56.9089,0.0,17.53,0.6
BM-sheet_1-9740,beam,94.8676,0.0,29.22,1.0
BM-sheet_1-9741,beam,56.9322,0.0,17.534,0.6
BM-sheet_1-9742,beam,94.9066,0.0,29.226,1.0
BM-sheet_1-9743,beam,56.9556,0.0,17.537,0.6
BM-sheet_1-9744,beam,94.9455,0.0,29.232,1.0
BM-sheet_1-9745,beam,56.979,0.0,17.541,0.6
BM-sheet_1-9746,beam,94.9845,0.0,29.238,1.0
BM-sheet_1-9747,beam,57.0024,0.0,17.545,0.6
BM-sheet_1-9748,beam,95.0235,0.0,29.244,1.0
BM-sheet_1-9749,beam,57.0258,0.0,17.548,0.6
BM-sheet_1-9750,beam,95.0625,0.0,29.25,1.0
BM-sheet_1-9751,beam,57.0492,0.0,17.552,0.6
BM-sheet_1-9752,beam,95.1015,0.0,29.256,1.0
BM-sheet_1-9753,beam,57.0726,0.0,17.555,0.6
BM-sheet_1-9754,beam,95.1405,0.0,29.262,1.0
BM-sheet_1-9755,beam,57.096,0.0,17.559,0.6
BM-sheet_1-9756,beam,95.1795,0.0,29.268,1.0
BM-sheet_1-9757,beam,57.1194,0.0,17.563,0.6
BM-sheet_1-9758,beam,95.2186,0.0,29.274,1.0
BM-sheet_1-9759,beam,57.1428,0.0,17.566,0.6
BM-sheet_1-9760,beam,95.2576,0.0,29.28,1.0
BM-sheet_1-9761,beam,57.1663,0.0,17.57,0.6
BM-sheet_1-9762,beam,95.2966,0.0,29.286,1.0
BM-sheet_1-9763,beam,47.6581,0.0,14.645,0.5
BM-sheet_1-9764,beam,66.735,0.0,20.504,0.7
BM-sheet_1-9765,beam,47.6776,0.0,14.648,0.5
BM-sheet_1-9766,beam,66.7623,0.0,20.509,0.7
BM-sheet_1-9767,beam,57.2366,0.0,17.581,0.6
BM-sheet_1-9768,beam,95.4138,0.0,29.304,1.0
BM-sheet_1-9769,beam,57.26,0.0,17.584,0.6
BM-sheet_1-9770,beam,95.4529,0.0,29.31,1.0
BM-sheet_1-9771,beam,57.2835,0.0,17.588,0.6
BM-sheet_1-9772,beam,95.492,0.0,29.316,1.0
BM-sheet_1-9773,beam,57.3069,0.0,17.591,0.6
BM-sheet_1-9774,beam,95.5311,0.0,29.322,1.0
BM-sheet_1-9775,beam,57.3304,0.0,17.595,0.6
BM-sheet_1-9776,beam,95.5702,0.0,29.328,1.0
BM-sheet_1-9777,beam,57.3538,0.0,17.599,0.6
BM-sheet_1-9778,beam,95.6093,0.0,29.334,1.0
BM-sheet_1-9779,beam,57.3773,0.0,17.602,0.6
BM-sheet_1-9780,beam,133.9078,0.0,41.076,1.4
BM-sheet_1-9781,beam,57.4008,0.0,17.606,0.6
BM-sheet_1-9782,beam,133.9625,0.0,41.084,1.4
BM-sheet_1-9783,beam,57.4243,0.0,17.609,0.6
BM-sheet_1-9784,beam,95.7267,0.0,29.352,1.0
BM-sheet_1-9785,beam,57.4477,0.0,17.613,0.6
BM-sheet_1-9786,beam,95.7658,0.0,29.358,1.0
BM-sheet_1-9787,beam,57.4712,0.0,17.617,0.6
BM-sheet_1-9788,beam,95.8049,0.0,29.364,1.0
BM-sheet_1-9789,beam,57.4947,0.0,17.62,0.6
BM-sheet_1-9790,beam,95.8441,0.0,29.37,1.0
BM-sheet_1-9791,beam,57.5182,0.0,17.624,0.6
BM-sheet_1-9792,beam,115.0599,0.0,35.251,1.2
BM-sheet_1-9793,beam,57.5417,0.0,17.627,0.6
BM-sheet_1-9794,beam,115.1069,0.0,35.258,1.2
BM-sheet_1-9795,beam,57.5652,0.0,17.631,0.6
BM-sheet_1-9796,beam,172.7309,0.0,52.898,1.8
BM-sheet_1-9797,beam,57.5887,0.0,17.635,0.6
BM-sheet_1-9798,beam,172.8014,0.0,52.909,1.8
BM-sheet_1-9799,beam,57.6122,0.0,17.638,0.6
BM-sheet_1-9800,beam,115.248,0.0,35.28,1.2
BM-sheet_1-9801,beam,57.6358,0.0,17.642,0.6
BM-sheet_1-9802,beam,115.295,0.0,35.287,1.2
BM-sheet_1-9803,beam,57.6593,0.0,17.645,0.6
BM-sheet_1-9804,beam,115.3421,0.0,35.294,1.2
BM-sheet_1-9805,beam,57.6828,0.0,17.649,0.6
BM-sheet_1-9806,beam,115.3892,0.0,35.302,1.2
BM-sheet_1-9807,beam,57.7063,0.0,17.653,0.6
BM-sheet_1-9808,beam,153.915,0.0,47.078,1.6
BM-sheet_1-9809,beam,57.7299,0.0,17.656,0.6
BM-sheet_1-9810,beam,153.9778,0.0,47.088,1.6
BM-sheet_1-9811,beam,57.7534,0.0,17.66,0.6
BM-sheet_1-9812,beam,96.2753,0.0,29.436,1.0
BM-sheet_1-9813,beam,57.777,0.0,17.663,0.6
BM-sheet_1-9814,beam,96.3146,0.0,29.442,1.0
BM-sheet_1-9815,beam,57.8005,0.0,17.667,0.6
BM-sheet_1-9816,beam,96.3539,0.0,29.448,1.0
BM-sheet_1-9817,beam,57.8241,0.0,17.671,0.6
BM-sheet_1-9818,beam,96.3931,0.0,29.454,1.0
BM-sheet_1-9819,beam,57.8477,0.0,17.674,0.6
BM-sheet_1-9820,beam,115.7189,0.0,35.352,1.2
BM-sheet_1-9821,beam,57.8712,0.0,17.678,0.6
BM-sheet_1-9822,beam,115.766,0.0,35.359,1.2
BM-sheet_1-9823,beam,57.8948,0.0,17.681,0.6
BM-sheet_1-9824,beam,96.511,0.0,29.472,1.0
BM-sheet_1-9825,beam,57.9184,0.0,17.685,0.6
BM-sheet_1-9826,beam,96.5503,0.0,29.478,1.0
BM-sheet_1-9827,beam,57.942,0.0,17.689,0.6
BM-sheet_1-9828,beam,144.8844,0.0,44.226,1.5
BM-sheet_1-9829,beam,57.9655,0.0,17.692,0.6
BM-sheet_1-9830,beam,144.9434,0.0,44.235,1.5
BM-sheet_1-9831,beam,57.9891,0.0,17.696,0.6
BM-sheet_1-9832,beam,116.0019,0.0,35.395,1.2
BM-sheet_1-9833,beam,58.0127,0.0,17.699,0.6
BM-sheet_1-9834,beam,116.0491,0.0,35.402,1.2
BM-sheet_1-9835,beam,58.0363,0.0,17.703,0.6
BM-sheet_1-9836,beam,256.3793,0.0,78.196,2.65
BM-sheet_1-9837,beam,58.0599,0.0,17.707,0.6
BM-sheet_1-9838,beam,256.4835,0.0,78.212,2.65
BM-sheet_1-9839,beam,58.0836,0.0,17.71,0.6
BM-sheet_1-9840,beam,125.8733,0.0,38.376,1.3
BM-sheet_1-9841,beam,58.1072,0.0,17.714,0.6
BM-sheet_1-9842,beam,125.9245,0.0,38.384,1.3
BM-sheet_1-9843,beam,77.5077,0.0,23.623,0.8
BM-sheet_1-9844,beam,145.3565,0.0,44.298,1.5
BM-sheet_1-9845,beam,77.5392,0.0,23.628,0.8
BM-sheet_1-9846,beam,145.4156,0.0,44.307,1.5
BM-sheet_1-9847,beam,67.8744,0.0,20.679,0.7
BM-sheet_1-9848,beam,145.4747,0.0,44.316,1.5
BM-sheet_1-9849,beam,67.902,0.0,20.683,0.7
BM-sheet_1-9850,beam,145.5337,0.0,44.325,1.5
BM-sheet_1-9851,beam,58.2253,0.0,17.732,0.6
BM-sheet_1-9852,beam,135.8867,0.0,41.378,1.4
BM-sheet_1-9853,beam,58.249,0.0,17.735,0.6
BM-sheet_1-9854,beam,135.9418,0.0,41.387,1.4
BM-sheet_1-9855,beam,58.2726,0.0,17.739,0.6
BM-sheet_1-9856,beam,165.1393,0.0,50.266,1.7
BM-sheet_1-9857,beam,58.2963,0.0,17.743,0.6
BM-sheet_1-9858,beam,165.2063,0.0,50.276,1.7
BM-sheet_1-9859,beam,58.3199,0.0,17.746,0.6
BM-sheet_1-9860,beam,145.8294,0.0,44.37,1.5
BM-sheet_1-9861,beam,58.3436,0.0,17.75,0.6
BM-sheet_1-9862,beam,145.8886,0.0,44.379,1.5
BM-sheet_1-9863,beam,58.3673,0.0,17.753,0.6
BM-sheet_1-9864,beam,277.3007,0.0,84.337,2.85
BM-sheet_1-9865,beam,58.3909,0.0,17.757,0.6
BM-sheet_1-9866,beam,277.4132,0.0,84.354,2.85
BM-sheet_1-9867,beam,58.4146,0.0,17.761,0.6
BM-sheet_1-9868,beam,116.8529,0.0,35.525,1.2
BM-sheet_1-9869,beam,58.4383,0.0,17.764,0.6
BM-sheet_1-9870,beam,116.9003,0.0,35.532,1.2
BM-sheet_1-9871,beam,58.462,0.0,17.768,0.6
BM-sheet_1-9872,beam,155.9302,0.0,47.386,1.6
BM-sheet_1-9873,beam,58.4857,0.0,17.771,0.6
BM-sheet_1-9874,beam,155.9934,0.0,47.395,1.6
BM-sheet_1-9875,beam,58.5094,0.0,17.775,0.6
BM-sheet_1-9876,beam,175.5637,0.0,53.33,1.8
BM-sheet_1-9877,beam,58.5331,0.0,17.779,0.6
BM-sheet_1-9878,beam,175.6348,0.0,53.341,1.8
BM-sheet_1-9879,beam,58.5568,0.0,17.782,0.6
BM-sheet_1-9880,beam,136.6602,0.0,41.496,1.4
BM-sheet_1-9881,beam,58.5805,0.0,17.786,0.6
BM-sheet_1-9882,beam,136.7155,0.0,41.504,1.4
BM-sheet_1-9883,beam,68.3716,0.0,20.754,0.7
BM-sheet_1-9884,beam,195.3869,0.0,59.304,2.0
BM-sheet_1-9885,beam,68.3993,0.0,20.759,0.7
BM-sheet_1-9886,beam,195.466,0.0,59.316,2.0
BM-sheet_1-9887,beam,58.6517,0.0,17.797,0.6
BM-sheet_1-9888,beam,127.1043,0.0,38.563,1.3
BM-sheet_1-9889,beam,58.6754,0.0,17.8,0.6
BM-sheet_1-9890,beam,127.1557,0.0,38.571,1.3
BM-sheet_1-9891,beam,68.4823,0.0,20.771,0.7
BM-sheet_1-9892,beam,185.9182,0.0,56.384,1.9
BM-sheet_1-9893,beam,68.51,0.0,20.775,0.7
BM-sheet_1-9894,beam,185.9933,0.0,56.396,1.9
BM-sheet_1-9895,beam,58.7466,0.0,17.811,0.6
BM-sheet_1-9896,beam,117.517,0.0,35.626,1.2
BM-sheet_1-9897,beam,58.7704,0.0,17.815,0.6
BM-sheet_1-9898,beam,117.5645,0.0,35.633,1.2
BM-sheet_1-9899,beam,58.7941,0.0,17.818,0.6
BM-sheet_1-9900,beam,147.015,0.0,44.55,1.5
BM-sheet_1-9901,beam,58.8179,0.0,17.822,0.6
BM-sheet_1-9902,beam,147.0744,0.0,44.559,1.5
BM-sheet_1-9903,beam,58.8416,0.0,17.825,0.6
BM-sheet_1-9904,beam,156.9427,0.0,47.539,1.6
BM-sheet_1-9905,beam,58.8654,0.0,17.829,0.6
BM-sheet_1-9906,beam,157.0061,0.0,47.549,1.6
BM-sheet_1-9907,beam,58.8892,0.0,17.833,0.6
BM-sheet_1-9908,beam,147.2527,0.0,44.586,1.5
BM-sheet_1-9909,beam,58.913,0.0,17.836,0.6
BM-sheet_1-9910,beam,147.3121,0.0,44.595,1.5
BM-sheet_1-9911,beam,58.9368,0.0,17.84,0.6
BM-sheet_1-9912,beam,127.7221,0.0,38.657,1.3
BM-sheet_1-9913,beam,58.9605,0.0,17.843,0.6
BM-sheet_1-9914,beam,127.7736,0.0,38.665,1.3
BM-sheet_1-9915,beam,68.8151,0.0,20.821,0.7
BM-sheet_1-9916,beam,147.4906,0.0,44.622,1.5
BM-sheet_1-9917,beam,68.8428,0.0,20.826,0.7
BM-sheet_1-9918,beam,147.5501,0.0,44.631,1.5
BM-sheet_1-9919,beam,59.0319,0.0,17.854,0.6
BM-sheet_1-9920,beam,118.0877,0.0,35.712,1.2
BM-sheet_1-9921,beam,59.0557,0.0,17.858,0.6
BM-sheet_1-9922,beam,118.1353,0.0,35.719,1.2
BM-sheet_1-9923,beam,59.0796,0.0,17.861,0.6
BM-sheet_1-9924,beam,118.1829,0.0,35.726,1.2
BM-sheet_1-9925,beam,59.1034,0.0,17.865,0.6
BM-sheet_1-9926,beam,118.2306,0.0,35.734,1.2
BM-sheet_1-9927,beam,59.1272,0.0,17.869,0.6
BM-sheet_1-9928,beam,147.8478,0.0,44.676,1.5
BM-sheet_1-9929,beam,59.151,0.0,17.872,0.6
BM-sheet_1-9930,beam,147.9073,0.0,44.685,1.5
BM-sheet_1-9931,beam,59.1749,0.0,17.876,0.6
BM-sheet_1-9932,beam,147.9669,0.0,44.694,1.5
BM-sheet_1-9933,beam,59.1987,0.0,17.879,0.6
BM-sheet_1-9934,beam,148.0265,0.0,44.703,1.5
BM-sheet_1-9935,beam,59.2225,0.0,17.883,0.6
BM-sheet_1-9936,beam,118.4689,0.0,35.77,1.2
BM-sheet_1-9937,beam,59.2464,0.0,17.887,0.6
BM-sheet_1-9938,beam,118.5166,0.0,35.777,1.2
BM-sheet_1-9939,beam,59.2702,0.0,17.89,0.6
BM-sheet_1-9940,beam,118.5643,0.0,35.784,1.2
BM-sheet_1-9941,beam,59.2941,0.0,17.894,0.6
BM-sheet_1-9942,beam,118.612,0.0,35.791,1.2
BM-sheet_1-9943,beam,59.3179,0.0,17.897,0.6
BM-sheet_1-9944,beam,177.9896,0.0,53.698,1.8
BM-sheet_1-9945,beam,59.3418,0.0,17.901,0.6
BM-sheet_1-9946,beam,178.0612,0.0,53.708,1.8
BM-sheet_1-9947,beam,59.3657,0.0,17.905,0.6
BM-sheet_1-9948,beam,178.1329,0.0,53.719,1.8
BM-sheet_1-9949,beam,59.3896,0.0,17.908,0.6
BM-sheet_1-9950,beam,178.2045,0.0,53.73,1.8
BM-sheet_1-9951,beam,59.4134,0.0,17.912,0.6
BM-sheet_1-9952,beam,148.5635,0.0,44.784,1.5
BM-sheet_1-9953,beam,59.4373,0.0,17.915,0.6
BM-sheet_1-9954,beam,148.6232,0.0,44.793,1.5
BM-sheet_1-9955,beam,59.4612,0.0,17.919,0.6
BM-sheet_1-9956,beam,148.6829,0.0,44.802,1.5
BM-sheet_1-9957,beam,59.4851,0.0,17.923,0.6
BM-sheet_1-9958,beam,148.7426,0.0,44.811,1.5
BM-sheet_1-9959,beam,69.4272,0.0,20.914,0.7
BM-sheet_1-9960,beam,208.3234,0.0,62.748,2.1
BM-sheet_1-9961,beam,69.4551,0.0,20.918,0.7
BM-sheet_1-9962,beam,208.407,0.0,62.761,2.1
BM-sheet_1-9963,beam,59.5568,0.0,17.933,0.6
BM-sheet_1-9964,beam,119.1376,0.0,35.87,1.2
BM-sheet_1-9965,beam,59.5807,0.0,17.937,0.6
BM-sheet_1-9966,beam,119.1854,0.0,35.878,1.2
BM-sheet_1-9967,beam,59.6047,0.0,17.941,0.6
BM-sheet_1-9968,beam,149.0415,0.0,44.856,1.5
BM-sheet_1-9969,beam,59.6286,0.0,17.944,0.6
BM-sheet_1-9970,beam,149.1014,0.0,44.865,1.5
BM-sheet_1-9971,beam,59.6525,0.0,17.948,0.6
BM-sheet_1-9972,beam,149.1612,0.0,44.874,1.5
BM-sheet_1-9973,beam,59.6764,0.0,17.951,0.6
BM-sheet_1-9974,beam,149.221,0.0,44.883,1.5
BM-sheet_1-9975,beam,59.7004,0.0,17.955,0.6
BM-sheet_1-9976,beam,149.2809,0.0,44.892,1.5
BM-sheet_1-9977,beam,59.7243,0.0,17.959,0.6
BM-sheet_1-9978,beam,149.3407,0.0,44.901,1.5
BM-sheet_1-9979,beam,59.7483,0.0,17.962,0.6
BM-sheet_1-9980,beam,149.4006,0.0,44.91,1.5
BM-sheet_1-9981,beam,59.7722,0.0,17.966,0.6
BM-sheet_1-9982,beam,149.4605,0.0,44.919,1.5
BM-sheet_1-9983,beam,59.7962,0.0,17.969,0.6
BM-sheet_1-9984,beam,149.5204,0.0,44.928,1.5
BM-sheet_1-9985,beam,59.8201,0.0,17.973,0.6
BM-sheet_1-9986,beam,149.5803,0.0,44.937,1.5
BM-sheet_1-9987,beam,69.8181,0.0,20.973,0.7
BM-sheet_1-9988,beam,219.4723,0.0,65.921,2.2
BM-sheet_1-9989,beam,69.8461,0.0,20.977,0.7
BM-sheet_1-9990,beam,219.5602,0.0,65.934,2.2
BM-sheet_1-9991,beam,69.8741,0.0,20.981,0.7
BM-sheet_1-9992,beam,189.6961,0.0,56.954,1.9
BM-sheet_1-9993,beam,69.902,0.0,20.985,0.7
BM-sheet_1-9994,beam,189.7721,0.0,56.966,1.9
BM-sheet_1-9995,beam,59.94,0.0,17.991,0.6
BM-sheet_1-9996,beam,149.88,0.0,44.982,1.5
BM-sheet_1-9997,beam,59.964,0.0,17.995,0.6
BM-sheet_1-9998,beam,149.94,0.0,44.991,1.5
BM-sheet_1-9999,beam,59.988,0.0,17.998,0.6
BM-sheet_1-10000,beam,150.0,0.0,45.0,1.5
BM-sheet_1-10001,beam,60.012,0.0,18.002,0.6
BM-sheet_1-10002,beam,150.06,0.0,45.009,1.5
BM-sheet_1-10003,beam,60.036,0.0,18.005,0.6
BM-sheet_1-10004,beam,120.096,0.0,36.014,1.2
BM-sheet_1-10005,beam,60.06,0.0,18.009,0.6
BM-sheet_1-10006,beam,120.144,0.0,36.022,1.2
BM-sheet_1-10007,beam,60.084,0.0,18.013,0.6
BM-sheet_1-10008,beam,120.1921,0.0,36.029,1.2
BM-sheet_1-10009,beam,60.108,0.0,18.016,0.6
BM-sheet_1-10010,beam,120.2401,0.0,36.036,1.2
BM-sheet_1-10011,beam,60.1321,0.0,18.02,0.6
BM-sheet_1-10012,beam,120.2882,0.0,36.043,1.2
BM-sheet_1-10013,beam,60.1561,0.0,18.023,0.6
BM-sheet_1-10014,beam,120.3362,0.0,36.05,1.2
BM-sheet_1-10015,beam,80.2402,0.0,24.036,0.8
BM-sheet_1-10016,beam,160.5124,0.0,48.077,1.6
BM-sheet_1-10017,beam,80.2722,0.0,24.041,0.8
BM-sheet_1-10018,beam,160.5765,0.0,48.086,1.6
BM-sheet_1-10019,beam,60.2282,0.0,18.034,0.6
BM-sheet_1-10020,beam,200.8008,0.0,60.12,2.0
BM-sheet_1-10021,beam,60.2523,0.0,18.038,0.6
BM-sheet_1-10022,beam,200.881,0.0,60.132,2.0
BM-sheet_1-10023,beam,70.3224,0.0,21.048,0.7
BM-sheet_1-10024,beam,200.9612,0.0,60.144,2.0
BM-sheet_1-10025,beam,70.3504,0.0,21.053,0.7
BM-sheet_1-10026,beam,201.0414,0.0,60.156,2.0
BM-sheet_1-10027,beam,70.3785,0.0,21.057,0.7
BM-sheet_1-10028,beam,201.1216,0.0,60.168,2.0
BM-sheet_1-10029,beam,70.4066,0.0,21.061,0.7
BM-sheet_1-10030,beam,201.2018,0.0,60.18,2.0
BM-sheet_1-10031,beam,60.3726,0.0,18.056,0.6
BM-sheet_1-10032,beam,201.282,0.0,60.192,2.0
BM-sheet_1-10033,beam,60.3967,0.0,18.059,0.6
BM-sheet_1-10034,beam,201.3623,0.0,60.204,2.0
BM-sheet_1-10035,beam,151.0518,0.0,45.157,1.5
BM-sheet_1-10036,beam,80.577,0.0,24.086,0.8
BM-sheet_1-10037,beam,151.1121,0.0,45.167,1.5
BM-sheet_1-10038,beam,80.6092,0.0,24.091,0.8
BM-sheet_1-10039,beam,151.1723,0.0,45.175,1.5
BM-sheet_1-10040,beam,80.6413,0.0,24.096,0.8
BM-sheet_1-10041,beam,151.2325,0.0,45.184,1.5
BM-sheet_1-10042,beam,80.6734,0.0,24.101,0.8
BM-sheet_1-10043,beam,151.2928,0.0,45.194,1.5
BM-sheet_1-10044,beam,80.7055,0.0,24.106,0.8
BM-sheet_1-10045,beam,151.353,0.0,45.203,1.5
BM-sheet_1-10046,beam,80.7377,0.0,24.11,0.8
BM-sheet_1-10047,beam,161.5075,0.0,48.226,1.6
BM-sheet_1-10048,beam,80.7698,0.0,24.115,0.8
BM-sheet_1-10049,beam,161.5718,0.0,48.235,1.6
BM-sheet_1-10050,beam,80.802,0.0,24.12,0.8
BM-sheet_1-10051,beam,151.5339,0.0,45.229,1.5
BM-sheet_1-10052,beam,80.8342,0.0,24.125,0.8
BM-sheet_1-10053,beam,151.5942,0.0,45.239,1.5
BM-sheet_1-10054,beam,80.8663,0.0,24.13,0.8
BM-sheet_1-10055,beam,151.6545,0.0,45.247,1.5
BM-sheet_1-10056,beam,80.8985,0.0,24.134,0.8
BM-sheet_1-10057,beam,151.7149,0.0,45.257,1.5
BM-sheet_1-10058,beam,80.9307,0.0,24.139,0.8
BM-sheet_1-10059,beam,151.7752,0.0,45.265,1.5
BM-sheet_1-10060,beam,80.9629,0.0,24.144,0.8
BM-sheet_1-10061,beam,151.8356,0.0,45.274,1.5
BM-sheet_1-10062,beam,80.9951,0.0,24.149,0.8
BM-sheet_1-10063,beam,151.896,0.0,45.283,1.5
BM-sheet_1-10064,beam,81.0273,0.0,24.154,0.8
BM-sheet_1-10065,beam,151.9563,0.0,45.292,1.5
BM-sheet_1-10066,beam,81.0595,0.0,24.158,0.8
BM-sheet_1-10067,beam,60.8067,0.0,18.121,0.6
BM-sheet_1-10068,beam,152.0469,0.0,45.306,1.5
BM-sheet_1-10069,beam,60.8309,0.0,18.124,0.6
BM-sheet_1-10070,beam,152.1073,0.0,45.315,1.5
BM-sheet_1-10071,beam,81.14,0.0,24.17,0.8
BM-sheet_1-10072,beam,213.0349,0.0,63.454,2.1
BM-sheet_1-10073,beam,81.1723,0.0,24.175,0.8
BM-sheet_1-10074,beam,213.1195,0.0,63.466,2.1
BM-sheet_1-10075,beam,60.9034,0.0,18.135,0.6
BM-sheet_1-10076,beam,152.2887,0.0,45.342,1.5
BM-sheet_1-10077,beam,60.9276,0.0,18.139,0.6
BM-sheet_1-10078,beam,152.3491,0.0,45.351,1.5
BM-sheet_1-10079,beam,60.9517,0.0,18.142,0.6
BM-sheet_1-10080,beam,152.4096,0.0,45.36,1.5
BM-sheet_1-10081,beam,60.9759,0.0,18.146,0.6
BM-sheet_1-10082,beam,152.4701,0.0,45.369,1.5
BM-sheet_1-10083,beam,61.0001,0.0,18.149,0.6
BM-sheet_1-10084,beam,101.6871,0.0,30.252,1.0
BM-sheet_1-10085,beam,61.0243,0.0,18.153,0.6
BM-sheet_1-10086,beam,101.7274,0.0,30.258,1.0
BM-sheet_1-10087,beam,61.0485,0.0,18.157,0.6
BM-sheet_1-10088,beam,101.7677,0.0,30.264,1.0
BM-sheet_1-10089,beam,61.0728,0.0,18.16,0.6
BM-sheet_1-10090,beam,101.8081,0.0,30.27,1.0
BM-sheet_1-10091,beam,61.097,0.0,18.164,0.6
BM-sheet_1-10092,beam,101.8485,0.0,30.276,1.0
BM-sheet_1-10093,beam,61.1212,0.0,18.167,0.6
BM-sheet_1-10094,beam,101.8888,0.0,30.282,1.0
BM-sheet_1-10095,beam,61.1454,0.0,18.171,0.6
BM-sheet_1-10096,beam,122.3151,0.0,36.346,1.2
BM-sheet_1-10097,beam,61.1696,0.0,18.175,0.6
BM-sheet_1-10098,beam,122.3635,0.0,36.353,1.2
BM-sheet_1-10099,beam,61.1939,0.0,18.178,0.6
BM-sheet_1-10100,beam,122.412,0.0,36.36,1.2
BM-sheet_1-10101,beam,61.2181,0.0,18.182,0.6
BM-sheet_1-10102,beam,122.4605,0.0,36.367,1.2
BM-sheet_1-10103,beam,61.2424,0.0,18.185,0.6
BM-sheet_1-10104,beam,91.8817,0.0,27.281,0.9
BM-sheet_1-10105,beam,61.2666,0.0,18.189,0.6
BM-sheet_1-10106,beam,91.9181,0.0,27.286,0.9
BM-sheet_1-10107,beam,61.2909,0.0,18.193,0.6
BM-sheet_1-10108,beam,91.9545,0.0,27.292,0.9
BM-sheet_1-10109,beam,61.3151,0.0,18.196,0.6
BM-sheet_1-10110,beam,91.9909,0.0,27.297,0.9
BM-sheet_1-10111,beam,61.3394,0.0,18.2,0.6
BM-sheet_1-10112,beam,122.7031,0.0,36.403,1.2
BM-sheet_1-10113,beam,61.3637,0.0,18.203,0.6
BM-sheet_1-10114,beam,122.7516,0.0,36.41,1.2
BM-sheet_1-10115,beam,61.3879,0.0,18.207,0.6
BM-sheet_1-10116,beam,184.2002,0.0,54.626,1.8
BM-sheet_1-10117,beam,61.4122,0.0,18.211,0.6
BM-sheet_1-10118,beam,184.2731,0.0,54.637,1.8
BM-sheet_1-10119,beam,61.4365,0.0,18.214,0.6
BM-sheet_1-10120,beam,143.3802,0.0,42.504,1.4
BM-sheet_1-10121,beam,61.4608,0.0,18.218,0.6
BM-sheet_1-10122,beam,143.4368,0.0,42.512,1.4
BM-sheet_1-10123,beam,61.4851,0.0,18.221,0.6
BM-sheet_1-10124,beam,102.4954,0.0,30.372,1.0
BM-sheet_1-10125,beam,61.5094,0.0,18.225,0.6
BM-sheet_1-10126,beam,102.5359,0.0,30.378,1.0
BM-sheet_1-10127,beam,61.5337,0.0,18.229,0.6
BM-sheet_1-10128,beam,123.0917,0.0,36.461,1.2
BM-sheet_1-10129,beam,61.558,0.0,18.232,0.6
BM-sheet_1-10130,beam,123.1403,0.0,36.468,1.2
BM-sheet_1-10131,beam,61.5823,0.0,18.236,0.6
BM-sheet_1-10132,beam,102.6574,0.0,30.396,1.0
BM-sheet_1-10133,beam,61.6066,0.0,18.239,0.6
BM-sheet_1-10134,beam,102.698,0.0,30.402,1.0
BM-sheet_1-10135,beam,61.6309,0.0,18.243,0.6
BM-sheet_1-10136,beam,102.7385,0.0,30.408,1.0
BM-sheet_1-10137,beam,61.6553,0.0,18.247,0.6
BM-sheet_1-10138,beam,102.779,0.0,30.414,1.0
BM-sheet_1-10139,beam,71.9595,0.0,21.292,0.7
BM-sheet_1-10140,beam,113.1016,0.0,33.462,1.1
BM-sheet_1-10141,beam,71.9879,0.0,21.296,0.7
BM-sheet_1-10142,beam,113.1462,0.0,33.469,1.1
BM-sheet_1-10143,beam,61.7283,0.0,18.257,0.6
BM-sheet_1-10144,beam,102.9007,0.0,30.432,1.0
BM-sheet_1-10145,beam,61.7526,0.0,18.261,0.6
BM-sheet_1-10146,beam,102.9413,0.0,30.438,1.0
BM-sheet_1-10147,beam,72.0731,0.0,21.309,0.7
BM-sheet_1-10148,beam,113.2801,0.0,33.488,1.1
BM-sheet_1-10149,beam,72.1015,0.0,21.313,0.7
BM-sheet_1-10150,beam,113.3248,0.0,33.495,1.1
BM-sheet_1-10151,beam,72.13,0.0,21.317,0.7
BM-sheet_1-10152,beam,123.6757,0.0,36.547,1.2
BM-sheet_1-10153,beam,72.1584,0.0,21.321,0.7
BM-sheet_1-10154,beam,123.7245,0.0,36.554,1.2
BM-sheet_1-10155,beam,61.8744,0.0,18.279,0.6
BM-sheet_1-10156,beam,123.7732,0.0,36.562,1.2
BM-sheet_1-10157,beam,61.8988,0.0,18.283,0.6
BM-sheet_1-10158,beam,123.822,0.0,36.569,1.2
BM-sheet_1-10159,beam,72.2437,0.0,21.334,0.7
BM-sheet_1-10160,beam,113.5482,0.0,33.528,1.1
BM-sheet_1-10161,beam,72.2721,0.0,21.338,0.7
BM-sheet_1-10162,beam,113.5929,0.0,33.535,1.1
BM-sheet_1-10163,beam,72.3006,0.0,21.342,0.7
BM-sheet_1-10164,beam,113.6376,0.0,33.541,1.1
BM-sheet_1-10165,beam,72.3291,0.0,21.346,0.7
BM-sheet_1-10166,beam,113.6823,0.0,33.548,1.1
BM-sheet_1-10167,beam,72.3575,0.0,21.351,0.7
BM-sheet_1-10168,beam,124.0659,0.0,36.605,1.2
BM-sheet_1-10169,beam,72.386,0.0,21.355,0.7
BM-sheet_1-10170,beam,124.1147,0.0,36.612,1.2
BM-sheet_1-10171,beam,72.4145,0.0,21.359,0.7
BM-sheet_1-10172,beam,113.8165,0.0,33.568,1.1
BM-sheet_1-10173,beam,72.443,0.0,21.363,0.7
BM-sheet_1-10174,beam,113.8613,0.0,33.574,1.1
BM-sheet_1-10175,beam,72.4714,0.0,21.367,0.7
BM-sheet_1-10176,beam,134.6163,0.0,39.686,1.3
BM-sheet_1-10177,beam,72.4999,0.0,21.372,0.7
BM-sheet_1-10178,beam,134.6692,0.0,39.694,1.3
BM-sheet_1-10179,beam,72.5284,0.0,21.376,0.7
BM-sheet_1-10180,beam,113.9956,0.0,33.594,1.1
BM-sheet_1-10181,beam,72.5569,0.0,21.38,0.7
BM-sheet_1-10182,beam,114.0404,0.0,33.601,1.1
BM-sheet_1-10183,beam,72.5854,0.0,21.384,0.7
BM-sheet_1-10184,beam,165.9422,0.0,48.883,1.6
BM-sheet_1-10185,beam,72.614,0.0,21.388,0.7
BM-sheet_1-10186,beam,166.0074,0.0,48.893,1.6
BM-sheet_1-10187,beam,72.6425,0.0,21.393,0.7
BM-sheet_1-10188,beam,134.9339,0.0,39.733,1.3
BM-sheet_1-10189,beam,72.671,0.0,21.397,0.7
BM-sheet_1-10190,beam,134.9869,0.0,39.741,1.3
BM-sheet_1-10191,beam,72.6995,0.0,21.401,0.7
BM-sheet_1-10192,beam,135.0399,0.0,39.749,1.3
BM-sheet_1-10193,beam,72.7281,0.0,21.405,0.7
BM-sheet_1-10194,beam,135.0929,0.0,39.757,1.3
BM-sheet_1-10195,beam,72.7566,0.0,21.409,0.7
BM-sheet_1-10196,beam,166.3335,0.0,48.941,1.6
BM-sheet_1-10197,beam,72.7852,0.0,21.414,0.7
BM-sheet_1-10198,beam,166.3987,0.0,48.95,1.6
BM-sheet_1-10199,beam,72.8137,0.0,21.418,0.7
BM-sheet_1-10200,beam,124.848,0.0,36.72,1.2
BM-sheet_1-10201,beam,72.8423,0.0,21.422,0.7
BM-sheet_1-10202,beam,124.897,0.0,36.727,1.2
BM-sheet_1-10203,beam,72.8708,0.0,21.426,0.7
BM-sheet_1-10204,beam,124.9459,0.0,36.734,1.2
BM-sheet_1-10205,beam,72.8994,0.0,21.43,0.7
BM-sheet_1-10206,beam,124.9949,0.0,36.742,1.2
BM-sheet_1-10207,beam,72.928,0.0,21.435,0.7
BM-sheet_1-10208,beam,187.5659,0.0,55.123,1.8
BM-sheet_1-10209,beam,72.9566,0.0,21.439,0.7
BM-sheet_1-10210,beam,187.6394,0.0,55.134,1.8
BM-sheet_1-10211,beam,62.5587,0.0,18.38,0.6
BM-sheet_1-10212,beam,104.2849,0.0,30.636,1.0
BM-sheet_1-10213,beam,62.5832,0.0,18.383,0.6
BM-sheet_1-10214,beam,104.3258,0.0,30.642,1.0
BM-sheet_1-10215,beam,73.0424,0.0,21.451,0.7
BM-sheet_1-10216,beam,219.17,0.0,64.361,2.1
BM-sheet_1-10217,beam,73.071,0.0,21.456,0.7
BM-sheet_1-10218,beam,219.2558,0.0,64.373,2.1
BM-sheet_1-10219,beam,62.6568,0.0,18.394,0.6
BM-sheet_1-10220,beam,177.5623,0.0,52.122,1.7
BM-sheet_1-10221,beam,62.6813,0.0,18.398,0.6
BM-sheet_1-10222,beam,177.6318,0.0,52.132,1.7
BM-sheet_1-10223,beam,62.7058,0.0,18.401,0.6
BM-sheet_1-10224,beam,125.4362,0.0,36.806,1.2
BM-sheet_1-10225,beam,62.7304,0.0,18.405,0.6
BM-sheet_1-10226,beam,125.4853,0.0,36.814,1.2
BM-sheet_1-10227,beam,62.7549,0.0,18.409,0.6
BM-sheet_1-10228,beam,125.5344,0.0,36.821,1.2
BM-sheet_1-10229,beam,62.7795,0.0,18.412,0.6
BM-sheet_1-10230,beam,125.5835,0.0,36.828,1.2
BM-sheet_1-10231,beam,62.804,0.0,18.416,0.6
BM-sheet_1-10232,beam,188.4489,0.0,55.253,1.8
BM-sheet_1-10233,beam,62.8286,0.0,18.419,0.6
BM-sheet_1-10234,beam,188.5226,0.0,55.264,1.8
BM-sheet_1-10235,beam,62.8531,0.0,18.423,0.6
BM-sheet_1-10236,beam,230.5065,0.0,67.558,2.2
BM-sheet_1-10237,beam,62.8777,0.0,18.427,0.6
BM-sheet_1-10238,beam,230.5966,0.0,67.571,2.2
BM-sheet_1-10239,beam,157.2557,0.0,46.076,1.5
BM-sheet_1-10240,beam,104.8576,0.0,30.72,1.0
BM-sheet_1-10241,beam,157.3171,0.0,46.084,1.5
BM-sheet_1-10242,beam,104.8986,0.0,30.726,1.0
BM-sheet_1-10243,beam,157.3786,0.0,46.093,1.5
BM-sheet_1-10244,beam,104.9395,0.0,30.732,1.0
BM-sheet_1-10245,beam,157.44,0.0,46.102,1.5
BM-sheet_1-10246,beam,104.9805,0.0,30.738,1.0
BM-sheet_1-10247,beam,63.0006,0.0,18.445,0.6
BM-sheet_1-10248,beam,147.0301,0.0,43.042,1.4
BM-sheet_1-10249,beam,63.0252,0.0,18.448,0.6
BM-sheet_1-10250,beam,147.0875,0.0,43.05,1.4
BM-sheet_1-10251,beam,157.6245,0.0,46.13,1.5
BM-sheet_1-10252,beam,105.1035,0.0,30.756,1.0
BM-sheet_1-10253,beam,157.686,0.0,46.139,1.5
BM-sheet_1-10254,beam,105.1445,0.0,30.762,1.0
BM-sheet_1-10255,beam,157.7475,0.0,46.148,1.5
BM-sheet_1-10256,beam,105.1855,0.0,30.768,1.0
BM-sheet_1-10257,beam,157.8091,0.0,46.157,1.5
BM-sheet_1-10258,beam,105.2266,0.0,30.774,1.0
BM-sheet_1-10259,beam,115.7718,0.0,33.855,1.1
BM-sheet_1-10260,beam,94.7408,0.0,27.702,0.9
BM-sheet_1-10261,beam,115.8169,0.0,33.861,1.1
BM-sheet_1-10262,beam,94.7778,0.0,27.707,0.9
BM-sheet_1-10263,beam,136.9279,0.0,40.026,1.3
BM-sheet_1-10264,beam,136.9546,0.0,40.03,1.3
BM-sheet_1-10265,beam,136.9813,0.0,40.034,1.3
BM-sheet_1-10266,beam,137.008,0.0,40.037,1.3
BM-sheet_1-10267,beam,137.0347,0.0,40.041,1.3
BM-sheet_1-10268,beam,137.0614,0.0,40.045,1.3
BM-sheet_1-10269,beam,137.0881,0.0,40.049,1.3
BM-sheet_1-10270,beam,137.1148,0.0,40.053,1.3
BM-sheet_1-10271,beam,63.2961,0.0,18.488,0.6
BM-sheet_1-10272,beam,189.9252,0.0,55.469,1.8
BM-sheet_1-10273,beam,63.3207,0.0,18.491,0.6
BM-sheet_1-10274,beam,189.9991,0.0,55.48,1.8
BM-sheet_1-10275,beam,105.5756,0.0,30.825,1.0
BM-sheet_1-10276,beam,161.5621,0.0,47.167,1.53
BM-sheet_1-10277,beam,105.6167,0.0,30.831,1.0
BM-sheet_1-10278,beam,161.625,0.0,47.176,1.53
BM-sheet_1-10279,beam,63.3947,0.0,18.502,0.6
BM-sheet_1-10280,beam,158.5176,0.0,46.26,1.5
BM-sheet_1-10281,beam,63.4194,0.0,18.506,0.6
BM-sheet_1-10282,beam,158.5793,0.0,46.269,1.5
BM-sheet_1-10283,beam,63.4441,0.0,18.509,0.6
BM-sheet_1-10284,beam,211.5213,0.0,61.704,2.0
BM-sheet_1-10285,beam,63.4687,0.0,18.513,0.6
BM-sheet_1-10286,beam,211.6036,0.0,61.716,2.0
BM-sheet_1-10287,beam,63.4934,0.0,18.517,0.6
BM-sheet_1-10288,beam,105.8429,0.0,30.864,1.0
BM-sheet_1-10289,beam,63.5181,0.0,18.52,0.6
BM-sheet_1-10290,beam,105.8841,0.0,30.87,1.0
BM-sheet_1-10291,beam,63.5428,0.0,18.524,0.6
BM-sheet_1-10292,beam,105.9253,0.0,30.876,1.0
BM-sheet_1-10293,beam,63.5675,0.0,18.527,0.6
BM-sheet_1-10294,beam,105.9664,0.0,30.882,1.0
BM-sheet_1-10295,beam,63.5922,0.0,18.531,0.6
BM-sheet_1-10296,beam,106.0076,0.0,30.888,1.0
BM-sheet_1-10297,beam,63.6169,0.0,18.535,0.6
BM-sheet_1-10298,beam,106.0488,0.0,30.894,1.0
BM-sheet_1-10299,beam,63.6416,0.0,18.538,0.6
BM-sheet_1-10300,beam,116.699,0.0,33.99,1.1
BM-sheet_1-10301,beam,63.6664,0.0,18.542,0.6
BM-sheet_1-10302,beam,116.7443,0.0,33.997,1.1
BM-sheet_1-10303,beam,63.6911,0.0,18.545,0.6
BM-sheet_1-10304,beam,106.1724,0.0,30.912,1.0
BM-sheet_1-10305,beam,63.7158,0.0,18.549,0.6
BM-sheet_1-10306,beam,106.2136,0.0,30.918,1.0
BM-sheet_1-10307,beam,63.7405,0.0,18.553,0.6
BM-sheet_1-10308,beam,159.3823,0.0,46.386,1.5
BM-sheet_1-10309,beam,63.7653,0.0,18.556,0.6
BM-sheet_1-10310,beam,159.4442,0.0,46.395,1.5
BM-sheet_1-10311,beam,63.79,0.0,18.56,0.6
BM-sheet_1-10312,beam,106.3373,0.0,30.936,1.0
BM-sheet_1-10313,beam,63.8148,0.0,18.563,0.6
BM-sheet_1-10314,beam,106.3786,0.0,30.942,1.0
BM-sheet_1-10315,beam,106.3992,0.0,30.945,1.0
BM-sheet_1-10316,beam,74.4939,0.0,21.664,0.7
BM-sheet_1-10317,beam,106.4405,0.0,30.951,1.0
BM-sheet_1-10318,beam,74.5228,0.0,21.668,0.7
BM-sheet_1-10319,beam,106.4818,0.0,30.957,1.0
BM-sheet_1-10320,beam,74.5517,0.0,21.672,0.7
BM-sheet_1-10321,beam,106.523,0.0,30.963,1.0
BM-sheet_1-10322,beam,74.5806,0.0,21.676,0.7
BM-sheet_1-10323,beam,127.8772,0.0,37.163,1.2
BM-sheet_1-10324,beam,106.585,0.0,30.972,1.0
BM-sheet_1-10325,beam,127.9267,0.0,37.17,1.2
BM-sheet_1-10326,beam,106.6263,0.0,30.978,1.0
BM-sheet_1-10327,beam,74.6529,0.0,21.687,0.7
BM-sheet_1-10328,beam,117.3343,0.0,34.082,1.1
BM-sheet_1-10329,beam,74.6818,0.0,21.691,0.7
BM-sheet_1-10330,beam,117.3798,0.0,34.089,1.1
BM-sheet_1-10331,beam,74.7107,0.0,21.695,0.7
BM-sheet_1-10332,beam,106.7502,0.0,30.996,1.0
BM-sheet_1-10333,beam,74.7396,0.0,21.699,0.7
BM-sheet_1-10334,beam,106.7916,0.0,31.002,1.0
BM-sheet_1-10335,beam,64.0873,0.0,18.603,0.6
BM-sheet_1-10336,beam,106.8329,0.0,31.008,1.0
BM-sheet_1-10337,beam,64.1121,0.0,18.607,0.6
BM-sheet_1-10338,beam,106.8742,0.0,31.014,1.0
BM-sheet_1-10339,beam,64.137,0.0,18.61,0.6
BM-sheet_1-10340,beam,117.6072,0.0,34.122,1.1
BM-sheet_1-10341,beam,64.1618,0.0,18.614,0.6
BM-sheet_1-10342,beam,117.6527,0.0,34.129,1.1
BM-sheet_1-10343,beam,64.1866,0.0,18.617,0.6
BM-sheet_1-10344,beam,106.9983,0.0,31.032,1.0
BM-sheet_1-10345,beam,64.2114,0.0,18.621,0.6
BM-sheet_1-10346,beam,107.0397,0.0,31.038,1.0
BM-sheet_1-10347,beam,107.0604,0.0,31.041,1.0
BM-sheet_1-10348,beam,74.9568,0.0,21.731,0.7
BM-sheet_1-10349,beam,107.1018,0.0,31.047,1.0
BM-sheet_1-10350,beam,74.9857,0.0,21.735,0.7
BM-sheet_1-10351,beam,85.7146,0.0,24.842,0.8
BM-sheet_1-10352,beam,128.5967,0.0,37.267,1.2
BM-sheet_1-10353,beam,85.7477,0.0,24.847,0.8
BM-sheet_1-10354,beam,128.6464,0.0,37.274,1.2
BM-sheet_1-10355,beam,75.0582,0.0,21.745,0.7
BM-sheet_1-10356,beam,182.3195,0.0,52.816,1.7
BM-sheet_1-10357,beam,75.0872,0.0,21.75,0.7
BM-sheet_1-10358,beam,182.3899,0.0,52.826,1.7
BM-sheet_1-10359,beam,64.3853,0.0,18.646,0.6
BM-sheet_1-10360,beam,128.7955,0.0,37.296,1.2
BM-sheet_1-10361,beam,64.4102,0.0,18.65,0.6
BM-sheet_1-10362,beam,128.8453,0.0,37.303,1.2
BM-sheet_1-10363,beam,64.4351,0.0,18.653,0.6
BM-sheet_1-10364,beam,107.4125,0.0,31.092,1.0
BM-sheet_1-10365,beam,64.4599,0.0,18.657,0.6
BM-sheet_1-10366,beam,107.454,0.0,31.098,1.0
BM-sheet_1-10367,beam,64.4848,0.0,18.661,0.6
BM-sheet_1-10368,beam,107.4954,0.0,31.104,1.0
BM-sheet_1-10369,beam,64.5097,0.0,18.664,0.6
BM-sheet_1-10370,beam,107.5369,0.0,31.11,1.0
BM-sheet_1-10371,beam,64.5346,0.0,18.668,0.6
BM-sheet_1-10372,beam,129.0941,0.0,37.339,1.2
BM-sheet_1-10373,beam,64.5595,0.0,18.671,0.6
BM-sheet_1-10374,beam,129.1439,0.0,37.346,1.2
BM-sheet_1-10375,beam,64.5844,0.0,18.675,0.6
BM-sheet_1-10376,beam,193.7905,0.0,56.03,1.8
BM-sheet_1-10377,beam,64.6093,0.0,18.679,0.6
BM-sheet_1-10378,beam,193.8652,0.0,56.041,1.8
BM-sheet_1-10379,beam,64.6342,0.0,18.682,0.6
BM-sheet_1-10380,beam,150.8422,0.0,43.596,1.4
BM-sheet_1-10381,beam,64.6591,0.0,18.686,0.6
BM-sheet_1-10382,beam,150.9003,0.0,43.604,1.4
BM-sheet_1-10383,beam,64.684,0.0,18.689,0.6
BM-sheet_1-10384,beam,107.8275,0.0,31.152,1.0
BM-sheet_1-10385,beam,64.7089,0.0,18.693,0.6
BM-sheet_1-10386,beam,107.869,0.0,31.158,1.0
BM-sheet_1-10387,beam,64.7339,0.0,18.697,0.6
BM-sheet_1-10388,beam,129.4927,0.0,37.397,1.2
BM-sheet_1-10389,beam,64.7588,0.0,18.7,0.6
BM-sheet_1-10390,beam,129.5425,0.0,37.404,1.2
BM-sheet_1-10391,beam,64.7837,0.0,18.704,0.6
BM-sheet_1-10392,beam,107.9937,0.0,31.176,1.0
BM-sheet_1-10393,beam,64.8087,0.0,18.707,0.6
BM-sheet_1-10394,beam,108.0352,0.0,31.182,1.0
BM-sheet_1-10395,beam,64.8336,0.0,18.711,0.6
BM-sheet_1-10396,beam,108.0768,0.0,31.188,1.0
BM-sheet_1-10397,beam,64.8586,0.0,18.715,0.6
BM-sheet_1-10398,beam,108.1184,0.0,31.194,1.0
BM-sheet_1-10399,beam,563.213,0.0,162.481,5.208
BM-sheet_1-10400,beam,75.712,0.0,21.84,0.7
BM-sheet_1-10401,beam,402.4327,0.0,116.075,3.72
BM-sheet_1-10402,beam,331.095,0.0,95.49,3.06
BM-sheet_1-10403,beam,443.712,0.0,127.957,4.1
BM-sheet_1-10404,beam,1100.8413,0.0,317.428,10.17
BM-sheet_1-10405,beam,151.5702,0.0,43.701,1.4
BM-sheet_1-10406,beam,238.2272,0.0,68.68,2.2
BM-sheet_1-10407,beam,359.5778,0.0,103.655,3.32
BM-sheet_1-10408,beam,124.583,0.0,35.91,1.15
BM-sheet_1-10409,beam,54.1736,0.0,15.614,0.5
BM-sheet_1-10410,beam,124.6241,0.0,35.915,1.15
BM-sheet_1-10411,beam,845.4336,0.0,243.617,7.8
BM-sheet_1-10412,beam,471.0336,0.0,135.718,4.345
BM-sheet_1-10413,beam,741.5383,0.0,213.638,6.839
BM-sheet_1-10414,beam,835.0758,0.0,240.563,7.7
BM-sheet_1-10415,beam,835.2362,0.0,240.587,7.7
BM-sheet_1-10416,beam,186.733,0.0,53.783,1.721
BM-sheet_1-10417,beam,130.2167,0.0,37.501,1.2
BM-sheet_1-10418,beam,184.5078,0.0,53.131,1.7
BM-sheet_1-10419,beam,403.8269,0.0,116.276,3.72
BM-sheet_1-10420,beam,1016.2818,0.0,292.596,9.36
BM-sheet_1-10421,beam,403.9772,0.0,116.297,3.72
BM-sheet_1-10422,beam,130.335,0.0,37.517,1.2
BM-sheet_1-10423,beam,543.7366,0.0,156.501,5.005
BM-sheet_1-10424,beam,543.8409,0.0,156.516,5.005
BM-sheet_1-10425,beam,184.7517,0.0,53.166,1.7
BM-sheet_1-10426,beam,404.3648,0.0,116.353,3.72
BM-sheet_1-10427,beam,1126.37,0.0,324.073,10.36
BM-sheet_1-10428,beam,404.5251,0.0,116.377,3.72
BM-sheet_1-10429,beam,837.4831,0.0,240.91,7.7
BM-sheet_1-10430,beam,837.6437,0.0,240.933,7.7
BM-sheet_1-10431,beam,859.5631,0.0,247.214,7.9
BM-sheet_1-10432,beam,354.7748,0.0,102.025,3.26
BM-sheet_1-10433,beam,392.9394,0.0,112.989,3.61
BM-sheet_1-10434,beam,327.6938,0.0,94.219,3.01
BM-sheet_1-10435,beam,376.7567,0.0,108.315,3.46
BM-sheet_1-10436,beam,833.1596,0.0,239.505,7.65
BM-sheet_1-10437,beam,539.2084,0.0,154.989,4.95
BM-sheet_1-10438,beam,79.5297,0.0,22.858,0.73
BM-sheet_1-10439,beam,169.9974,0.0,48.855,1.56
BM-sheet_1-10440,beam,136.242,0.0,39.15,1.25
BM-sheet_1-10441,beam,147.1695,0.0,42.286,1.35
BM-sheet_1-10442,beam,2373.1603,0.0,681.812,21.765
BM-sheet_1-10443,beam,182.6242,0.0,52.463,1.675
BM-sheet_1-10444,beam,147.2541,0.0,42.298,1.35
BM-sheet_1-10445,beam,136.3725,0.0,39.169,1.25
BM-sheet_1-10446,beam,1816.83,0.0,521.778,16.65
BM-sheet_1-10447,beam,420.1883,0.0,120.663,3.85
BM-sheet_1-10448,beam,853.6375,0.0,245.11,7.82
BM-sheet_1-10449,beam,170.3233,0.0,48.901,1.56
BM-sheet_1-10450,beam,79.719,0.0,22.886,0.73
BM-sheet_1-10451,beam,134.3482,0.0,38.565,1.23
BM-sheet_1-10452,beam,170.4211,0.0,48.915,1.56
BM-sheet_1-10453,beam,136.5815,0.0,39.199,1.25
BM-sheet_1-10454,beam,147.5363,0.0,42.339,1.35
BM-sheet_1-10455,beam,384.8042,0.0,110.417,3.52
BM-sheet_1-10456,beam,460.2703,0.0,132.059,4.21
BM-sheet_1-10457,beam,503.0047,0.0,144.307,4.6
BM-sheet_1-10458,beam,193.5886,0.0,55.533,1.77
BM-sheet_1-10459,beam,203.0917,0.0,58.254,1.857
BM-sheet_1-10460,beam,746.1871,0.0,214.012,6.82
BM-sheet_1-10461,beam,148.8282,0.0,42.681,1.36
BM-sheet_1-10462,beam,875.6247,0.0,251.087,8.0
BM-sheet_1-10463,beam,346.7074,0.0,99.41,3.167
BM-sheet_1-10464,beam,147.8186,0.0,42.379,1.35
BM-sheet_1-10465,beam,147.8489,0.0,42.384,1.35
BM-sheet_1-10466,beam,170.878,0.0,48.981,1.56
BM-sheet_1-10467,beam,134.7513,0.0,38.622,1.23
BM-sheet_1-10468,beam,367.0962,0.0,105.205,3.35
BM-sheet_1-10469,beam,153.4392,0.0,43.97,1.4
BM-sheet_1-10470,beam,521.7961,0.0,149.512,4.76
BM-sheet_1-10471,beam,134.8603,0.0,38.638,1.23
BM-sheet_1-10472,beam,493.4826,0.0,141.372,4.5
BM-sheet_1-10473,beam,476.5773,0.0,136.516,4.345
BM-sheet_1-10474,beam,417.9748,0.0,119.718,3.81
BM-sheet_1-10475,beam,405.7527,0.0,116.206,3.698
BM-sheet_1-10476,beam,1121.2276,0.0,321.085,10.217
BM-sheet_1-10477,beam,131.7159,0.0,37.716,1.2
BM-sheet_1-10478,beam,408.4134,0.0,116.935,3.72
BM-sheet_1-10479,beam,1027.8231,0.0,294.252,9.36
BM-sheet_1-10480,beam,408.5695,0.0,116.957,3.72
BM-sheet_1-10481,beam,131.8208,0.0,37.731,1.2
BM-sheet_1-10482,beam,76.9106,0.0,22.012,0.7
BM-sheet_1-10483,beam,853.8717,0.0,244.359,7.77
BM-sheet_1-10484,beam,780.3941,0.0,223.31,7.1
BM-sheet_1-10485,beam,821.2161,0.0,234.969,7.47
BM-sheet_1-10486,beam,657.5381,0.0,188.119,5.98
BM-sheet_1-10487,beam,602.6736,0.0,172.406,5.48
BM-sheet_1-10488,beam,384.9948,0.0,110.124,3.5
BM-sheet_1-10489,beam,370.7631,0.0,106.043,3.37
BM-sheet_1-10490,beam,136.1435,0.0,38.935,1.237
BM-sheet_1-10491,beam,337.8875,0.0,96.622,3.07
BM-sheet_1-10492,beam,580.1325,0.0,165.879,5.27
BM-sheet_1-10493,beam,1140.6682,0.0,326.123,10.36
BM-sheet_1-10494,beam,148.6674,0.0,42.501,1.35
BM-sheet_1-10495,beam,137.6813,0.0,39.356,1.25
BM-sheet_1-10496,beam,171.8595,0.0,49.121,1.56
BM-sheet_1-10497,beam,80.4365,0.0,22.988,0.73
BM-sheet_1-10498,beam,135.5558,0.0,38.738,1.23
BM-sheet_1-10499,beam,171.9578,0.0,49.135,1.56
BM-sheet_1-10500,beam,137.8125,0.0,39.375,1.25
BM-sheet_1-10501,beam,148.8659,0.0,42.529,1.35
BM-sheet_1-10502,beam,165.1624,0.0,47.18,1.498
BM-sheet_1-10503,beam,316.5952,0.0,90.43,2.87
BM-sheet_1-10504,beam,581.4603,0.0,166.068,5.27
BM-sheet_1-10505,beam,1088.1012,0.0,310.738,9.86
BM-sheet_1-10506,beam,314.5718,0.0,89.826,2.85
BM-sheet_1-10507,beam,432.7551,0.0,123.562,3.92
BM-sheet_1-10508,beam,660.3,0.0,188.514,5.98
BM-sheet_1-10509,beam,605.2049,0.0,172.768,5.48
BM-sheet_1-10510,beam,386.6116,0.0,110.355,3.5
BM-sheet_1-10511,beam,372.3201,0.0,106.266,3.37
BM-sheet_1-10512,beam,40.5063,0.0,11.56,0.367
BM-sheet_1-10513,beam,652.0867,0.0,186.08,5.9
BM-sheet_1-10514,beam,52.4797,0.0,14.974,0.475
BM-sheet_1-10515,beam,684.9812,0.0,195.43,6.195
BM-sheet_1-10516,beam,77.4104,0.0,22.084,0.7
BM-sheet_1-10517,beam,243.3353,0.0,69.412,2.2
BM-sheet_1-10518,beam,411.5426,0.0,117.382,3.72
BM-sheet_1-10519,beam,1146.3343,0.0,326.932,10.36
BM-sheet_1-10520,beam,411.6943,0.0,117.403,3.72
BM-sheet_1-10521,beam,188.1707,0.0,53.656,1.7
BM-sheet_1-10522,beam,706.4308,0.0,201.415,6.381
BM-sheet_1-10523,beam,385.9105,0.0,110.019,3.485
BM-sheet_1-10524,beam,381.7896,0.0,108.834,3.447
BM-sheet_1-10525,beam,532.8316,0.0,151.876,4.81
BM-sheet_1-10526,beam,481.4131,0.0,137.207,4.345
BM-sheet_1-10527,beam,498.6797,0.0,142.114,4.5
BM-sheet_1-10528,beam,155.1735,0.0,44.217,1.4
BM-sheet_1-10529,beam,638.5534,0.0,181.941,5.76
BM-sheet_1-10530,beam,127.5209,0.0,36.331,1.15
BM-sheet_1-10531,beam,426.9791,0.0,121.635,3.85
BM-sheet_1-10532,beam,256.4579,0.0,73.051,2.312
BM-sheet_1-10533,beam,405.4549,0.0,115.481,3.655
BM-sheet_1-10534,beam,406.1325,0.0,115.663,3.66
BM-sheet_1-10535,beam,290.7763,0.0,82.803,2.62
BM-sheet_1-10536,beam,698.2359,0.0,198.814,6.29
BM-sheet_1-10537,beam,595.1121,0.0,169.435,5.36
BM-sheet_1-10538,beam,712.9404,0.0,202.963,6.42
BM-sheet_1-10539,beam,33.3219,0.0,9.485,0.3
BM-sheet_1-10540,beam,604.7519,0.0,172.131,5.444
BM-sheet_1-10541,beam,713.3463,0.0,203.02,6.42
BM-sheet_1-10542,beam,584.8363,0.0,166.43,5.262
BM-sheet_1-10543,beam,235.6406,0.0,67.051,2.12
BM-sheet_1-10544,beam,399.1293,0.0,113.561,3.59
BM-sheet_1-10545,beam,395.8578,0.0,112.62,3.56
BM-sheet_1-10546,beam,226.18,0.0,64.341,2.034
BM-sheet_1-10547,beam,634.0635,0.0,180.354,5.7
BM-sheet_1-10548,beam,320.667,0.0,91.202,2.882
BM-sheet_1-10549,beam,283.6102,0.0,80.655,2.549
BM-sheet_1-10550,beam,396.2369,0.0,112.674,3.56
BM-sheet_1-10551,beam,399.6512,0.0,113.634,3.59
BM-sheet_1-10552,beam,456.5134,0.0,129.79,4.1
BM-sheet_1-10553,beam,1132.5983,0.0,321.974,10.17
BM-sheet_1-10554,beam,399.8785,0.0,113.666,3.59
BM-sheet_1-10555,beam,396.6126,0.0,112.727,3.56
BM-sheet_1-10556,beam,267.4167,0.0,75.999,2.4
BM-sheet_1-10557,beam,3542.3424,0.0,1006.633,31.784
BM-sheet_1-10558,beam,55.7357,0.0,15.837,0.5
BM-sheet_1-10559,beam,373.5027,0.0,106.119,3.35
BM-sheet_1-10560,beam,128.2414,0.0,36.432,1.15
BM-sheet_1-10561,beam,530.9053,0.0,150.811,4.76
BM-sheet_1-10562,beam,156.1778,0.0,44.36,1.4
BM-sheet_1-10563,beam,502.0941,0.0,142.6,4.5
BM-sheet_1-10564,beam,484.8855,0.0,137.699,4.345
BM-sheet_1-10565,beam,425.2689,0.0,120.758,3.81
BM-sheet_1-10566,beam,428.5869,0.0,121.689,3.839
BM-sheet_1-10567,beam,936.4198,0.0,265.852,8.386
BM-sheet_1-10568,beam,78.1778,0.0,22.193,0.7
BM-sheet_1-10569,beam,134.0454,0.0,38.049,1.2
BM-sheet_1-10570,beam,415.6139,0.0,117.96,3.72
BM-sheet_1-10571,beam,1045.9429,0.0,296.834,9.36
BM-sheet_1-10572,beam,415.7712,0.0,117.983,3.72
BM-sheet_1-10573,beam,78.2518,0.0,22.203,0.7
BM-sheet_1-10574,beam,134.1714,0.0,38.066,1.2
BM-sheet_1-10575,beam,459.6247,0.0,130.39,4.11
BM-sheet_1-10576,beam,644.2658,0.0,182.753,5.76
BM-sheet_1-10577,beam,591.8078,0.0,167.857,5.29
BM-sheet_1-10578,beam,503.5227,0.0,142.803,4.5
BM-sheet_1-10579,beam,486.2626,0.0,137.895,4.345
BM-sheet_1-10580,beam,538.4193,0.0,152.671,4.81
BM-sheet_1-10581,beam,408.1259,0.0,115.715,3.645
BM-sheet_1-10582,beam,917.3966,0.0,260.082,8.193
BM-sheet_1-10583,beam,78.3999,0.0,22.224,0.7
BM-sheet_1-10584,beam,246.4478,0.0,69.855,2.2
BM-sheet_1-10585,beam,416.7944,0.0,118.128,3.72
BM-sheet_1-10586,beam,416.8731,0.0,118.139,3.72
BM-sheet_1-10587,beam,674.1624,0.0,191.035,6.015
BM-sheet_1-10588,beam,394.6956,0.0,111.833,3.521
BM-sheet_1-10589,beam,78.4888,0.0,22.237,0.7
BM-sheet_1-10590,beam,431.773,0.0,122.315,3.85
BM-sheet_1-10591,beam,393.7124,0.0,111.523,3.51
BM-sheet_1-10592,beam,343.3008,0.0,97.234,3.06
BM-sheet_1-10593,beam,56.1066,0.0,15.89,0.5
BM-sheet_1-10594,beam,886.6368,0.0,251.077,7.9
BM-sheet_1-10595,beam,472.1571,0.0,133.692,4.206
BM-sheet_1-10596,beam,3249.2751,0.0,919.953,28.94
BM-sheet_1-10597,beam,830.9909,0.0,235.253,7.4
BM-sheet_1-10598,beam,876.0773,0.0,247.993,7.8
BM-sheet_1-10599,beam,876.2426,0.0,248.017,7.8
BM-sheet_1-10600,beam,2266.3012,0.0,641.406,20.17
BM-sheet_1-10601,beam,45.6589,0.0,12.921,0.406
BM-sheet_1-10602,beam,41.8137,0.0,11.832,0.372
BM-sheet_1-10603,beam,404.725,0.0,114.512,3.6
BM-sheet_1-10604,beam,148.4272,0.0,41.992,1.32
BM-sheet_1-10605,beam,140.582,0.0,39.769,1.25
BM-sheet_1-10606,beam,175.4801,0.0,49.636,1.56
BM-sheet_1-10607,beam,102.4285,0.0,28.97,0.91
BM-sheet_1-10608,beam,158.7126,0.0,44.885,1.41
BM-sheet_1-10609,beam,175.5794,0.0,49.65,1.56
BM-sheet_1-10610,beam,140.7146,0.0,39.787,1.25
BM-sheet_1-10611,beam,2271.0073,0.0,642.072,20.17
BM-sheet_1-10612,beam,148.6512,0.0,42.024,1.32
BM-sheet_1-10613,beam,56.3179,0.0,15.919,0.5
BM-sheet_1-10614,beam,78.8415,0.0,22.284,0.7
BM-sheet_1-10615,beam,56.3391,0.0,15.922,0.5
BM-sheet_1-10616,beam,431.6389,0.0,121.978,3.83
BM-sheet_1-10617,beam,980.1064,0.0,276.944,8.695
BM-sheet_1-10618,beam,2876.0473,0.0,812.596,25.51
BM-sheet_1-10619,beam,225.5263,0.0,63.714,2.0
BM-sheet_1-10620,beam,222.1853,0.0,62.764,1.97
BM-sheet_1-10621,beam,355.3378,0.0,100.368,3.15
BM-sheet_1-10622,beam,1402.3033,0.0,396.056,12.429
BM-sheet_1-10623,beam,349.8312,0.0,98.794,3.1
BM-sheet_1-10624,beam,1402.8314,0.0,396.131,12.429
BM-sheet_1-10625,beam,715.5945,0.0,202.05,6.339
BM-sheet_1-10626,beam,869.4215,0.0,245.461,7.7
BM-sheet_1-10627,beam,869.5851,0.0,245.484,7.7
BM-sheet_1-10628,beam,194.4117,0.0,54.877,1.721
BM-sheet_1-10629,beam,225.9513,0.0,63.774,2.0
BM-sheet_1-10630,beam,2882.5518,0.0,813.514,25.51
BM-sheet_1-10631,beam,869.6748,0.0,245.417,7.695
BM-sheet_1-10632,beam,376.4213,0.0,106.214,3.33
BM-sheet_1-10633,beam,1145.1825,0.0,323.102,10.129
BM-sheet_1-10634,beam,420.6649,0.0,118.675,3.72
BM-sheet_1-10635,beam,79.1723,0.0,22.334,0.7
BM-sheet_1-10636,beam,135.7431,0.0,38.288,1.2
BM-sheet_1-10637,beam,141.4322,0.0,39.889,1.25
BM-sheet_1-10638,beam,969.8416,0.0,273.503,8.57
BM-sheet_1-10639,beam,79.2318,0.0,22.342,0.7
BM-sheet_1-10640,beam,135.8515,0.0,38.304,1.2
BM-sheet_1-10641,beam,421.2189,0.0,118.754,3.72
BM-sheet_1-10642,beam,1060.0474,0.0,298.829,9.36
BM-sheet_1-10643,beam,421.3742,0.0,118.775,3.72
BM-sheet_1-10644,beam,135.9465,0.0,38.316,1.2
BM-sheet_1-10645,beam,79.3212,0.0,22.354,0.7
BM-sheet_1-10646,beam,266.9068,0.0,75.213,2.355
BM-sheet_1-10647,beam,886.4693,0.0,249.78,7.82
BM-sheet_1-10648,beam,362.2483,0.0,102.061,3.195
BM-sheet_1-10649,beam,379.8949,0.0,107.023,3.35
BM-sheet_1-10650,beam,637.4345,0.0,179.559,5.62
BM-sheet_1-10651,beam,517.3037,0.0,145.706,4.56
BM-sheet_1-10652,beam,82.8295,0.0,23.328,0.73
BM-sheet_1-10653,beam,141.853,0.0,39.947,1.25
BM-sheet_1-10654,beam,54.4826,0.0,15.341,0.48
BM-sheet_1-10655,beam,404.1633,0.0,113.795,3.56
BM-sheet_1-10656,beam,139.6679,0.0,39.321,1.23
BM-sheet_1-10657,beam,638.2727,0.0,179.677,5.62
BM-sheet_1-10658,beam,380.5372,0.0,107.113,3.35
BM-sheet_1-10659,beam,130.6564,0.0,36.774,1.15
BM-sheet_1-10660,beam,654.5411,0.0,184.205,5.76
BM-sheet_1-10661,beam,159.1228,0.0,44.777,1.4
BM-sheet_1-10662,beam,511.5439,0.0,143.935,4.5
BM-sheet_1-10663,beam,420.1194,0.0,118.199,3.695
BM-sheet_1-10664,beam,891.565,0.0,250.815,7.84
BM-sheet_1-10665,beam,267.8629,0.0,75.348,2.355
BM-sheet_1-10666,beam,889.6352,0.0,250.226,7.82
BM-sheet_1-10667,beam,250.3195,0.0,70.4,2.2
BM-sheet_1-10668,beam,79.6643,0.0,22.403,0.7
BM-sheet_1-10669,beam,423.4353,0.0,119.065,3.72
BM-sheet_1-10670,beam,1179.4818,0.0,331.626,10.36
BM-sheet_1-10671,beam,250.5152,0.0,70.429,2.2
BM-sheet_1-10672,beam,79.7241,0.0,22.411,0.7
BM-sheet_1-10673,beam,862.3203,0.0,242.384,7.57
BM-sheet_1-10674,beam,142.4178,0.0,40.027,1.25
BM-sheet_1-10675,beam,891.133,0.0,250.436,7.82
BM-sheet_1-10676,beam,79.7839,0.0,22.42,0.7
BM-sheet_1-10677,beam,250.79,0.0,70.466,2.2
BM-sheet_1-10678,beam,424.1532,0.0,119.166,3.72
BM-sheet_1-10679,beam,1212.1329,0.0,340.519,10.629
BM-sheet_1-10680,beam,688.9369,0.0,193.522,6.04
BM-sheet_1-10681,beam,193.9424,0.0,54.473,1.7
BM-sheet_1-10682,beam,730.2728,0.0,205.094,6.4
BM-sheet_1-10683,beam,224.8292,0.0,63.137,1.97
BM-sheet_1-10684,beam,450.8813,0.0,126.605,3.95
BM-sheet_1-10685,beam,603.9552,0.0,169.571,5.29
BM-sheet_1-10686,beam,913.5248,0.0,256.464,8.0
BM-sheet_1-10687,beam,622.4552,0.0,174.732,5.45
BM-sheet_1-10688,beam,187.3485,0.0,52.587,1.64
BM-sheet_1-10689,beam,390.7539,0.0,109.67,3.42
BM-sheet_1-10690,beam,615.9476,0.0,172.857,5.39
BM-sheet_1-10691,beam,307.4575,0.0,86.276,2.69
BM-sheet_1-10692,beam,796.7997,0.0,223.569,6.97
BM-sheet_1-10693,beam,154.3593,0.0,43.307,1.35
BM-sheet_1-10694,beam,178.4035,0.0,50.048,1.56
BM-sheet_1-10695,beam,142.9788,0.0,40.106,1.25
BM-sheet_1-10696,beam,83.5147,0.0,23.424,0.73
BM-sheet_1-10697,beam,486.3106,0.0,136.387,4.25
BM-sheet_1-10698,beam,119.0251,0.0,33.378,1.04
BM-sheet_1-10699,beam,287.3153,0.0,80.563,2.51
BM-sheet_1-10700,beam,340.0353,0.0,95.337,2.97
BM-sheet_1-10701,beam,297.7296,0.0,83.468,2.6
BM-sheet_1-10702,beam,200.4324,0.0,56.186,1.75
BM-sheet_1-10703,beam,524.6583,0.0,147.059,4.58
BM-sheet_1-10704,beam,380.3911,0.0,106.612,3.32
BM-sheet_1-10705,beam,263.5666,0.0,73.863,2.3
BM-sheet_1-10706,beam,609.7701,0.0,170.868,5.32
BM-sheet_1-10707,beam,444.0272,0.0,124.412,3.873
BM-sheet_1-10708,beam,472.2115,0.0,132.297,4.118
BM-sheet_1-10709,beam,440.9479,0.0,123.526,3.845
BM-sheet_1-10710,beam,334.9355,0.0,93.819,2.92
BM-sheet_1-10711,beam,516.2653,0.0,144.599,4.5
BM-sheet_1-10712,beam,546.1955,0.0,152.967,4.76
BM-sheet_1-10713,beam,160.6836,0.0,44.997,1.4
BM-sheet_1-10714,beam,132.0083,0.0,36.963,1.15
BM-sheet_1-10715,beam,384.618,0.0,107.686,3.35
BM-sheet_1-10716,beam,442.1062,0.0,123.77,3.85
BM-sheet_1-10717,beam,132.0822,0.0,36.974,1.15
BM-sheet_1-10718,beam,124.2378,0.0,34.775,1.081
BM-sheet_1-10719,beam,90.7673,0.0,25.404,0.79
BM-sheet_1-10720,beam,517.1333,0.0,144.72,4.5
BM-sheet_1-10721,beam,370.1064,0.0,103.565,3.22
BM-sheet_1-10722,beam,449.1529,0.0,125.672,3.907
BM-sheet_1-10723,beam,478.5479,0.0,133.885,4.162
BM-sheet_1-10724,beam,611.8222,0.0,171.155,5.32
BM-sheet_1-10725,beam,322.068,0.0,90.089,2.8
BM-sheet_1-10726,beam,381.9563,0.0,106.831,3.32
BM-sheet_1-10727,beam,201.3699,0.0,56.317,1.75
BM-sheet_1-10728,beam,527.1194,0.0,147.405,4.58
BM-sheet_1-10729,beam,414.4012,0.0,115.873,3.6
BM-sheet_1-10730,beam,341.9447,0.0,95.604,2.97
BM-sheet_1-10731,beam,404.1909,0.0,112.997,3.51
BM-sheet_1-10732,beam,119.7829,0.0,33.484,1.04
BM-sheet_1-10733,beam,695.7916,0.0,194.482,6.04
BM-sheet_1-10734,beam,374.4618,0.0,104.657,3.25
BM-sheet_1-10735,beam,195.9083,0.0,54.748,1.7
BM-sheet_1-10736,beam,622.4132,0.0,173.923,5.4
BM-sheet_1-10737,beam,227.1079,0.0,63.456,1.97
BM-sheet_1-10738,beam,46.1245,0.0,12.886,0.4
BM-sheet_1-10739,beam,444.0049,0.0,124.035,3.85
BM-sheet_1-10740,beam,922.7808,0.0,257.76,8.0
BM-sheet_1-10741,beam,628.7615,0.0,175.615,5.45
BM-sheet_1-10742,beam,217.3863,0.0,60.711,1.884
BM-sheet_1-10743,beam,422.8571,0.0,118.084,3.664
BM-sheet_1-10744,beam,622.1862,0.0,173.73,5.39
BM-sheet_1-10745,beam,310.5713,0.0,86.711,2.69
BM-sheet_1-10746,beam,747.1308,0.0,208.579,6.47
BM-sheet_1-10747,beam,155.922,0.0,43.525,1.35
BM-sheet_1-10748,beam,144.3994,0.0,40.305,1.25
BM-sheet_1-10749,beam,180.2426,0.0,50.305,1.56
BM-sheet_1-10750,beam,142.1413,0.0,39.667,1.23
BM-sheet_1-10751,beam,57.792,0.0,16.126,0.5
BM-sheet_1-10752,beam,393.0664,0.0,109.673,3.4
BM-sheet_1-10753,beam,214.4906,0.0,59.841,1.855
BM-sheet_1-10754,beam,550.4869,0.0,153.567,4.76
BM-sheet_1-10755,beam,161.9374,0.0,45.171,1.4
BM-sheet_1-10756,beam,520.6119,0.0,145.206,4.5
BM-sheet_1-10757,beam,502.7653,0.0,140.215,4.345
BM-sheet_1-10758,beam,440.9501,0.0,122.964,3.81
BM-sheet_1-10759,beam,590.525,0.0,164.66,5.101
BM-sheet_1-10760,beam,890.9087,0.0,248.395,7.695
BM-sheet_1-10761,beam,139.5409,0.0,38.902,1.205
BM-sheet_1-10762,beam,478.3361,0.0,133.34,4.13
BM-sheet_1-10763,beam,521.2898,0.0,145.301,4.5
BM-sheet_1-10764,beam,144.8328,0.0,40.366,1.25
BM-sheet_1-10765,beam,301.3016,0.0,83.967,2.6
BM-sheet_1-10766,beam,250.3582,0.0,69.764,2.16
BM-sheet_1-10767,beam,250.4077,0.0,69.771,2.16
BM-sheet_1-10768,beam,144.9404,0.0,40.381,1.25
BM-sheet_1-10769,beam,521.8711,0.0,145.382,4.5
BM-sheet_1-10770,beam,479.0475,0.0,133.439,4.13
BM-sheet_1-10771,beam,255.8154,0.0,71.251,2.205
BM-sheet_1-10772,beam,81.2252,0.0,22.621,0.7
BM-sheet_1-10773,beam,707.3727,0.0,196.985,6.095
BM-sheet_1-10774,beam,58.0389,0.0,16.161,0.5
BM-sheet_1-10775,beam,614.2259,0.0,171.014,5.29
BM-sheet_1-10776,beam,558.549,0.0,155.498,4.81
BM-sheet_1-10777,beam,504.6446,0.0,140.478,4.345
BM-sheet_1-10778,beam,183.5715,0.0,51.096,1.58
BM-sheet_1-10779,beam,283.819,0.0,78.992,2.443
BM-sheet_1-10780,beam,127.8715,0.0,35.586,1.1
BM-sheet_1-10781,beam,615.8576,0.0,171.373,5.299
BM-sheet_1-10782,beam,215.6491,0.0,60.003,1.855
BM-sheet_1-10783,beam,453.4729,0.0,126.163,3.9
BM-sheet_1-10784,beam,197.7129,0.0,55.002,1.7
BM-sheet_1-10785,beam,587.3998,0.0,163.394,5.05
BM-sheet_1-10786,beam,75.6167,0.0,21.032,0.65
BM-sheet_1-10787,beam,229.228,0.0,63.751,1.97
BM-sheet_1-10788,beam,162.9333,0.0,45.31,1.4
BM-sheet_1-10789,beam,529.6335,0.0,147.27,4.55
BM-sheet_1-10790,beam,604.2398,0.0,168.0,5.19
BM-sheet_1-10791,beam,678.8803,0.0,188.735,5.83
BM-sheet_1-10792,beam,692.9802,0.0,192.637,5.95
BM-sheet_1-10793,beam,153.7625,0.0,42.739,1.32
BM-sheet_1-10794,beam,808.5824,0.0,224.731,6.94
BM-sheet_1-10795,beam,543.0392,0.0,150.914,4.66
BM-sheet_1-10796,beam,870.6555,0.0,241.938,7.47
BM-sheet_1-10797,beam,153.8793,0.0,42.756,1.32
BM-sheet_1-10798,beam,145.746,0.0,40.493,1.25
BM-sheet_1-10799,beam,181.9247,0.0,50.539,1.56
BM-sheet_1-10800,beam,129.4554,0.0,35.96,1.11
BM-sheet_1-10801,beam,187.8102,0.0,52.165,1.61
BM-sheet_1-10802,beam,182.0258,0.0,50.553,1.56
BM-sheet_1-10803,beam,145.8808,0.0,40.511,1.25
BM-sheet_1-10804,beam,154.0789,0.0,42.784,1.32
BM-sheet_1-10805,beam,838.7022,0.0,232.865,7.184
BM-sheet_1-10806,beam,544.1465,0.0,151.068,4.66
BM-sheet_1-10807,beam,814.0352,0.0,225.974,6.97
BM-sheet_1-10808,beam,681.0211,0.0,189.033,5.83
BM-sheet_1-10809,beam,695.1652,0.0,192.941,5.95
BM-sheet_1-10810,beam,182.7445,0.0,50.715,1.564
BM-sheet_1-10811,beam,473.3568,0.0,131.354,4.05
BM-sheet_1-10812,beam,595.0184,0.0,165.099,5.09
BM-sheet_1-10813,beam,163.6894,0.0,45.415,1.4
BM-sheet_1-10814,beam,198.8144,0.0,55.155,1.7
BM-sheet_1-10815,beam,532.1901,0.0,147.626,4.55
BM-sheet_1-10816,beam,58.4922,0.0,16.224,0.5
BM-sheet_1-10817,beam,561.6358,0.0,155.765,4.8
BM-sheet_1-10818,beam,1053.2594,0.0,292.085,9.0
BM-sheet_1-10819,beam,831.0604,0.0,230.445,7.1
BM-sheet_1-10820,beam,831.214,0.0,230.466,7.1
BM-sheet_1-10821,beam,304.4445,0.0,84.404,2.6
BM-sheet_1-10822,beam,257.6545,0.0,71.425,2.2
BM-sheet_1-10823,beam,491.9768,0.0,136.37,4.2
BM-sheet_1-10824,beam,831.8287,0.0,230.551,7.1
BM-sheet_1-10825,beam,820.2674,0.0,227.326,7.0
BM-sheet_1-10826,beam,731.3453,0.0,202.664,6.24
BM-sheet_1-10827,beam,731.4804,0.0,202.682,6.24
BM-sheet_1-10828,beam,257.9403,0.0,71.465,2.2
BM-sheet_1-10829,beam,820.8737,0.0,227.41,7.0
BM-sheet_1-10830,beam,258.0356,0.0,71.478,2.2
BM-sheet_1-10831,beam,821.177,0.0,227.452,7.0
BM-sheet_1-10832,beam,732.1531,0.0,202.775,6.24
BM-sheet_1-10833,beam,910.6693,0.0,252.193,7.76
BM-sheet_1-10834,beam,305.1765,0.0,84.505,2.6
BM-sheet_1-10835,beam,770.1289,0.0,213.234,6.56
BM-sheet_1-10836,beam,911.1737,0.0,252.263,7.76
BM-sheet_1-10837,beam,911.3419,0.0,252.286,7.76
BM-sheet_1-10838,beam,732.9644,0.0,202.887,6.24
BM-sheet_1-10839,beam,733.0997,0.0,202.906,6.24
BM-sheet_1-10840,beam,733.2349,0.0,202.925,6.24
BM-sheet_1-10841,beam,770.9821,0.0,213.352,6.56
BM-sheet_1-10842,beam,912.1831,0.0,252.403,7.76
BM-sheet_1-10843,beam,82.299,0.0,22.77,0.7
BM-sheet_1-10844,beam,164.6325,0.0,45.546,1.4
BM-sheet_1-10845,beam,529.2556,0.0,146.405,4.5
BM-sheet_1-10846,beam,559.946,0.0,154.881,4.76
BM-sheet_1-10847,beam,135.306,0.0,37.422,1.15
BM-sheet_1-10848,beam,58.8396,0.0,16.272,0.5
BM-sheet_1-10849,beam,58.8504,0.0,16.273,0.5
BM-sheet_1-10850,beam,58.8613,0.0,16.275,0.5
BM-sheet_1-10851,beam,618.1603,0.0,170.904,5.25
BM-sheet_1-10852,beam,618.2741,0.0,170.92,5.25
BM-sheet_1-10853,beam,230.8595,0.0,63.814,1.96
BM-sheet_1-10854,beam,119.0308,0.0,32.9,1.01
BM-sheet_1-10855,beam,119.0527,0.0,32.903,1.01
BM-sheet_1-10856,beam,337.0127,0.0,93.132,2.86
BM-sheet_1-10857,beam,396.012,0.0,109.426,3.36
BM-sheet_1-10858,beam,172.1242,0.0,47.557,1.46
BM-sheet_1-10859,beam,264.1349,0.0,72.972,2.24
BM-sheet_1-10860,beam,577.9041,0.0,159.642,4.9
BM-sheet_1-10861,beam,1092.3218,0.0,301.719,9.26
BM-sheet_1-10862,beam,165.1763,0.0,45.62,1.4
BM-sheet_1-10863,beam,531.0215,0.0,146.651,4.5
BM-sheet_1-10864,beam,175.8595,0.0,48.562,1.49
BM-sheet_1-10865,beam,985.1124,0.0,272.005,8.345
BM-sheet_1-10866,beam,234.9592,0.0,64.87,1.99
BM-sheet_1-10867,beam,65.5409,0.0,18.094,0.555
BM-sheet_1-10868,beam,373.2384,0.0,103.029,3.16
BM-sheet_1-10869,beam,373.3071,0.0,103.038,3.16
BM-sheet_1-10870,beam,248.1295,0.0,68.481,2.1
BM-sheet_1-10871,beam,248.1751,0.0,68.487,2.1
BM-sheet_1-10872,beam,148.9325,0.0,41.096,1.26
BM-sheet_1-10873,beam,202.1598,0.0,55.778,1.71
BM-sheet_1-10874,beam,240.0351,0.0,66.223,2.03
BM-sheet_1-10875,beam,305.1258,0.0,84.173,2.58
BM-sheet_1-10876,beam,281.524,0.0,77.655,2.38
BM-sheet_1-10877,beam,295.7728,0.0,81.578,2.5
BM-sheet_1-10878,beam,814.1165,0.0,224.522,6.88
BM-sheet_1-10879,beam,542.0551,0.0,149.477,4.58
BM-sheet_1-10880,beam,205.9715,0.0,56.794,1.74
BM-sheet_1-10881,beam,716.2968,0.0,197.49,6.05
BM-sheet_1-10882,beam,65.1299,0.0,17.955,0.55
BM-sheet_1-10883,beam,202.5319,0.0,55.83,1.71
BM-sheet_1-10884,beam,240.4768,0.0,66.284,2.03
BM-sheet_1-10885,beam,144.5495,0.0,39.839,1.22
BM-sheet_1-10886,beam,299.8176,0.0,82.625,2.53
BM-sheet_1-10887,beam,235.8683,0.0,64.995,1.99
BM-sheet_1-10888,beam,43.863,0.0,12.086,0.37
BM-sheet_1-10889,beam,65.8065,0.0,18.13,0.555
BM-sheet_1-10890,beam,149.426,0.0,41.164,1.26
BM-sheet_1-10891,beam,175.5485,0.0,48.356,1.48
BM-sheet_1-10892,beam,213.5442,0.0,58.817,1.8
BM-sheet_1-10893,beam,272.9121,0.0,75.162,2.3
BM-sheet_1-10894,beam,588.649,0.0,162.103,4.96
BM-sheet_1-10895,beam,308.6227,0.0,84.981,2.6
BM-sheet_1-10896,beam,373.9769,0.0,102.967,3.15
BM-sheet_1-10897,beam,565.2243,0.0,155.609,4.76
BM-sheet_1-10898,beam,86.1056,0.0,23.703,0.725
BM-sheet_1-10899,beam,86.1214,0.0,23.705,0.725
BM-sheet_1-10900,beam,86.1372,0.0,23.707,0.725
BM-sheet_1-10901,beam,115.861,0.0,31.885,0.975
BM-sheet_1-10902,beam,273.3633,0.0,75.224,2.3
BM-sheet_1-10903,beam,272.8191,0.0,75.067,2.295
BM-sheet_1-10904,beam,338.8571,0.0,93.229,2.85
BM-sheet_1-10905,beam,822.9197,0.0,226.388,6.92
BM-sheet_1-10906,beam,2435.8585,0.0,670.051,20.48
BM-sheet_1-10907,beam,157.0307,0.0,43.192,1.32
BM-sheet_1-10908,beam,157.0595,0.0,43.196,1.32
BM-sheet_1-10909,beam,89.2547,0.0,24.545,0.75
BM-sheet_1-10910,beam,148.7851,0.0,40.913,1.25
BM-sheet_1-10911,beam,185.7179,0.0,51.063,1.56
BM-sheet_1-10912,beam,108.3553,0.0,29.79,0.91
BM-sheet_1-10913,beam,185.786,0.0,51.073,1.56
BM-sheet_1-10914,beam,108.395,0.0,29.795,0.91
BM-sheet_1-10915,beam,426.5113,0.0,117.227,3.58
BM-sheet_1-10916,beam,162.0563,0.0,44.537,1.36
BM-sheet_1-10917,beam,162.086,0.0,44.541,1.36
BM-sheet_1-10918,beam,613.894,0.0,168.683,5.15
BM-sheet_1-10919,beam,164.5299,0.0,45.205,1.38
BM-sheet_1-10920,beam,313.4815,0.0,86.121,2.629
BM-sheet_1-10921,beam,834.8777,0.0,229.341,7.0
BM-sheet_1-10922,beam,620.3084,0.0,170.383,5.2
BM-sheet_1-10923,beam,632.3532,0.0,173.676,5.3
BM-sheet_1-10924,beam,930.8035,0.0,255.622,7.8
BM-sheet_1-10925,beam,954.845,0.0,262.2,8.0
BM-sheet_1-10926,beam,504.2355,0.0,138.45,4.224
BM-sheet_1-10927,beam,608.9366,0.0,167.183,5.1
BM-sheet_1-10928,beam,143.6184,0.0,39.427,1.203
BM-sheet_1-10929,beam,165.6332,0.0,45.466,1.387
BM-sheet_1-10930,beam,901.96,0.0,247.564,7.55
BM-sheet_1-10931,beam,525.7432,0.0,144.29,4.4
BM-sheet_1-10932,beam,515.1305,0.0,141.364,4.31
BM-sheet_1-10933,beam,1069.7929,0.0,293.55,8.95
BM-sheet_1-10934,beam,815.1665,0.0,223.66,6.818
BM-sheet_1-10935,beam,837.0196,0.0,229.635,7.0
BM-sheet_1-10936,beam,352.8075,0.0,96.783,2.95
BM-sheet_1-10937,beam,933.0202,0.0,255.926,7.8
BM-sheet_1-10938,beam,634.0912,0.0,173.914,5.3
BM-sheet_1-10939,beam,963.2763,0.0,264.177,8.05
BM-sheet_1-10940,beam,622.3547,0.0,170.664,5.2
BM-sheet_1-10941,beam,957.6438,0.0,262.584,8.0
BM-sheet_1-10942,beam,610.6096,0.0,167.413,5.1
BM-sheet_1-10943,beam,610.7212,0.0,167.428,5.1
BM-sheet_1-10944,beam,990.7715,0.0,271.593,8.272
BM-sheet_1-10945,beam,215.4474,0.0,59.054,1.798
BM-sheet_1-10946,beam,904.6026,0.0,247.927,7.55
BM-sheet_1-10947,beam,527.282,0.0,144.5,4.4
BM-sheet_1-10948,beam,894.2585,0.0,245.047,7.461
BM-sheet_1-10949,beam,611.3911,0.0,167.52,5.1
BM-sheet_1-10950,beam,516.8281,0.0,141.597,4.31
BM-sheet_1-10951,beam,829.7407,0.0,227.305,6.919
BM-sheet_1-10952,beam,905.5946,0.0,248.063,7.55
BM-sheet_1-10953,beam,527.8601,0.0,144.58,4.4
BM-sheet_1-10954,beam,353.9698,0.0,96.943,2.95
BM-sheet_1-10955,beam,888.0863,0.0,243.2,7.4
BM-sheet_1-10956,beam,354.0991,0.0,96.96,2.95
BM-sheet_1-10957,beam,762.3597,0.0,208.732,6.35
BM-sheet_1-10958,beam,782.2713,0.0,214.164,6.515
BM-sheet_1-10959,beam,116.156,0.0,31.797,0.967
BM-sheet_1-10960,beam,696.8637,0.0,190.747,5.801
BM-sheet_1-10961,beam,456.8098,0.0,125.028,3.802
BM-sheet_1-10962,beam,570.7859,0.0,156.208,4.75
BM-sheet_1-10963,beam,457.2318,0.0,125.12,3.804
BM-sheet_1-10964,beam,570.9941,0.0,156.237,4.75
BM-sheet_1-10965,beam,697.7046,0.0,190.89,5.803
BM-sheet_1-10966,beam,1009.7501,0.0,276.24,8.397
BM-sheet_1-10967,beam,769.7656,0.0,210.568,6.4
BM-sheet_1-10968,beam,769.906,0.0,210.587,6.4
BM-sheet_1-10969,beam,354.9399,0.0,97.075,2.95
BM-sheet_1-10970,beam,571.6193,0.0,156.322,4.75
BM-sheet_1-10971,beam,518.8125,0.0,141.868,4.31
BM-sheet_1-10972,beam,939.0021,0.0,256.745,7.8
BM-sheet_1-10973,beam,44.2539,0.0,12.099,0.368
BM-sheet_1-10974,beam,820.458,0.0,224.291,6.813
BM-sheet_1-10975,beam,609.5287,0.0,166.614,5.06
BM-sheet_1-10976,beam,638.5047,0.0,174.518,5.3
BM-sheet_1-10977,beam,494.0276,0.0,135.017,4.1
BM-sheet_1-10978,beam,899.1021,0.0,245.701,7.46
BM-sheet_1-10979,beam,964.3075,0.0,263.496,8.0
BM-sheet_1-10980,beam,548.5498,0.0,149.877,4.55
BM-sheet_1-10981,beam,610.1936,0.0,166.704,5.06
BM-sheet_1-10982,beam,639.2029,0.0,174.614,5.3
BM-sheet_1-10983,beam,639.3193,0.0,174.63,5.3
BM-sheet_1-10984,beam,965.186,0.0,263.616,8.0
BM-sheet_1-10985,beam,355.9761,0.0,97.217,2.95
BM-sheet_1-10986,beam,917.2613,0.0,250.481,7.6
BM-sheet_1-10987,beam,953.3762,0.0,260.319,7.898
BM-sheet_1-10988,beam,573.4967,0.0,156.579,4.75
BM-sheet_1-10989,beam,356.2354,0.0,97.252,2.95
BM-sheet_1-10990,beam,954.1628,0.0,260.463,7.9
BM-sheet_1-10991,beam,966.4166,0.0,263.784,8.0
BM-sheet_1-10992,beam,930.3453,0.0,253.915,7.7
BM-sheet_1-10993,beam,954.6838,0.0,260.534,7.9
BM-sheet_1-10994,beam,966.9443,0.0,263.856,8.0
BM-sheet_1-10995,beam,882.4972,0.0,240.79,7.3
BM-sheet_1-10996,beam,240.6151,0.0,65.646,1.99
BM-sheet_1-10997,beam,574.4365,0.0,156.707,4.75
BM-sheet_1-10998,beam,129.4206,0.0,35.303,1.07
BM-sheet_1-10999,beam,711.9789,0.0,194.194,5.885
BM-sheet_1-11000,beam,129.4677,0.0,35.309,1.07
BM-sheet_1-11001,beam,697.1507,0.0,190.115,5.761
BM-sheet_1-11002,beam,250.5559,0.0,68.321,2.07
BM-sheet_1-11003,beam,811.1423,0.0,221.16,6.7
BM-sheet_1-11004,beam,883.9424,0.0,240.988,7.3
BM-sheet_1-11005,beam,761.8891,0.0,207.694,6.291
BM-sheet_1-11006,beam,250.7383,0.0,68.346,2.07
BM-sheet_1-11007,beam,811.7321,0.0,221.241,6.7
BM-sheet_1-11008,beam,884.5851,0.0,241.075,7.3
BM-sheet_1-11009,beam,811.7849,0.0,221.215,6.698
BM-sheet_1-11010,beam,937.4278,0.0,255.43,7.733
BM-sheet_1-11011,beam,945.6885,0.0,257.657,7.8
BM-sheet_1-11012,beam,569.0454,0.0,155.025,4.693
BM-sheet_1-11013,beam,642.8167,0.0,175.107,5.3
BM-sheet_1-11014,beam,618.6718,0.0,168.514,5.1
BM-sheet_1-11015,beam,946.3758,0.0,257.751,7.8
BM-sheet_1-11016,beam,849.4658,0.0,231.336,7.0
BM-sheet_1-11017,beam,643.2837,0.0,175.17,5.3
BM-sheet_1-11018,beam,849.7743,0.0,231.378,7.0
BM-sheet_1-11019,beam,886.354,0.0,241.316,7.3
BM-sheet_1-11020,beam,947.2359,0.0,257.868,7.8
BM-sheet_1-11021,beam,959.5533,0.0,261.198,7.9
BM-sheet_1-11022,beam,971.8759,0.0,264.528,8.0
BM-sheet_1-11023,beam,1119.0749,0.0,304.565,9.21
BM-sheet_1-11024,beam,935.77,0.0,254.654,7.7
BM-sheet_1-11025,beam,461.8924,0.0,125.685,3.8
BM-sheet_1-11026,beam,893.5592,0.0,243.123,7.35
BM-sheet_1-11027,beam,960.5984,0.0,261.34,7.9
BM-sheet_1-11028,beam,851.3175,0.0,231.588,7.0
BM-sheet_1-11029,beam,887.9635,0.0,241.535,7.3
BM-sheet_1-11030,beam,632.6367,0.0,172.068,5.2
BM-sheet_1-11031,beam,259.6291,0.0,70.609,2.134
BM-sheet_1-11032,beam,91.9241,0.0,24.997,0.755
BM-sheet_1-11033,beam,485.441,0.0,131.997,3.988
BM-sheet_1-11034,beam,500.2834,0.0,136.021,4.109
BM-sheet_1-11035,beam,204.3144,0.0,55.545,1.678
BM-sheet_1-11036,beam,149.9019,0.0,40.749,1.231
BM-sheet_1-11037,beam,986.7045,0.0,268.199,8.1
BM-sheet_1-11038,beam,986.8833,0.0,268.223,8.1
BM-sheet_1-11039,beam,222.3949,0.0,60.439,1.825
BM-sheet_1-11040,beam,962.8646,0.0,261.648,7.9
BM-sheet_1-11041,beam,2.496,0.0,15.6,7.8
BM-sheet_1-11042,beam,987.5987,0.0,268.321,8.1
BM-sheet_1-11043,beam,989.2476,0.0,268.744,8.112
BM-sheet_1-11044,beam,963.5625,0.0,261.743,7.9
BM-sheet_1-11045,beam,963.737,0.0,261.767,7.9
BM-sheet_1-11046,beam,141.2353,0.0,38.358,1.158
BM-sheet_1-11047,beam,156.4744,0.0,42.493,1.282
BM-sheet_1-11048,beam,695.9946,0.0,188.992,5.702
BM-sheet_1-11049,beam,711.2854,0.0,193.127,5.826
BM-sheet_1-11050,beam,953.7714,0.0,258.942,7.811
BM-sheet_1-11051,beam,938.7737,0.0,254.848,7.687
BM-sheet_1-11052,beam,903.9754,0.0,245.379,7.401
BM-sheet_1-11053,beam,244.6161,0.0,66.394,2.002
BM-sheet_1-11054,beam,244.6603,0.0,66.4,2.002
BM-sheet_1-11055,beam,921.3975,0.0,250.04,7.539
BM-sheet_1-11056,beam,936.4625,0.0,254.105,7.661
BM-sheet_1-11057,beam,224.9536,0.0,61.035,1.84
BM-sheet_1-11058,beam,941.5511,0.0,255.44,7.7
BM-sheet_1-11059,beam,912.8605,0.0,247.634,7.464
BM-sheet_1-11060,beam,245.3185,0.0,66.542,2.005
BM-sheet_1-11061,beam,245.3628,0.0,66.548,2.005
BM-sheet_1-11062,beam,624.076,0.0,169.249,5.1
BM-sheet_1-11063,beam,893.4423,0.0,242.278,7.3
BM-sheet_1-11064,beam,875.2465,0.0,237.323,7.15
BM-sheet_1-11065,beam,624.4145,0.0,169.295,5.1
BM-sheet_1-11066,beam,893.9269,0.0,242.344,7.3
BM-sheet_1-11067,beam,636.8881,0.0,172.645,5.2
BM-sheet_1-11068,beam,624.7532,0.0,169.34,5.1
BM-sheet_1-11069,beam,56.3602,0.0,15.275,0.46
BM-sheet_1-11070,beam,624.979,0.0,169.371,5.1
BM-sheet_1-11071,beam,894.7394,0.0,242.455,7.3
BM-sheet_1-11072,beam,637.4638,0.0,172.723,5.2
BM-sheet_1-11073,beam,49.6819,0.0,13.46,0.405
BM-sheet_1-11074,beam,637.6941,0.0,172.754,5.2
BM-sheet_1-11075,beam,944.4483,0.0,255.833,7.7
BM-sheet_1-11076,beam,625.6567,0.0,169.463,5.1
BM-sheet_1-11077,beam,638.0396,0.0,172.801,5.2
BM-sheet_1-11078,beam,944.96,0.0,255.902,7.7
BM-sheet_1-11079,beam,945.1307,0.0,255.925,7.7
BM-sheet_1-11080,beam,890.0564,0.0,240.99,7.25
BM-sheet_1-11081,beam,994.5873,0.0,269.268,8.1
BM-sheet_1-11082,beam,994.7669,0.0,269.293,8.1
BM-sheet_1-11083,beam,488.8022,0.0,132.311,3.979
BM-sheet_1-11084,beam,958.2694,0.0,259.366,7.8
BM-sheet_1-11085,beam,1131.6986,0.0,306.278,9.21
BM-sheet_1-11086,beam,257.6672,0.0,69.728,2.097
BM-sheet_1-11087,beam,1132.1074,0.0,306.334,9.21
BM-sheet_1-11088,beam,620.8659,0.0,167.983,5.05
BM-sheet_1-11089,beam,778.3755,0.0,210.58,6.33
BM-sheet_1-11090,beam,77.3139,0.0,20.914,0.629
BM-sheet_1-11091,beam,984.0822,0.0,266.184,8.0
BM-sheet_1-11092,beam,165.196,0.0,44.68,1.343
BM-sheet_1-11093,beam,984.4372,0.0,266.232,8.0
BM-sheet_1-11094,beam,904.6147,0.0,244.623,7.35
BM-sheet_1-11095,beam,892.4667,0.0,241.316,7.25
BM-sheet_1-11096,beam,493.6179,0.0,133.458,4.009
BM-sheet_1-11097,beam,487.8214,0.0,131.879,3.961
BM-sheet_1-11098,beam,892.9494,0.0,241.381,7.25
BM-sheet_1-11099,beam,905.4303,0.0,244.733,7.35
BM-sheet_1-11100,beam,518.6072,0.0,140.164,4.209
BM-sheet_1-11101,beam,610.0,0.0,164.85,4.95
BM-sheet_1-11102,beam,949.0589,0.0,256.456,7.7
BM-sheet_1-11103,beam,893.7554,0.0,241.49,7.25
BM-sheet_1-11104,beam,986.3905,0.0,266.496,8.0
BM-sheet_1-11105,beam,641.2693,0.0,173.238,5.2
BM-sheet_1-11106,beam,622.8909,0.0,168.258,5.05
BM-sheet_1-11107,beam,962.2505,0.0,259.904,7.8
BM-sheet_1-11108,beam,906.8993,0.0,244.931,7.35
BM-sheet_1-11109,beam,567.684,0.0,153.304,4.6
BM-sheet_1-11110,beam,641.8469,0.0,173.316,5.2
BM-sheet_1-11111,beam,623.4449,0.0,168.332,5.05
BM-sheet_1-11112,beam,950.7694,0.0,256.687,7.7
BM-sheet_1-11113,beam,950.9405,0.0,256.71,7.7
BM-sheet_1-11114,beam,623.7886,0.0,168.379,5.05
BM-sheet_1-11115,beam,895.6809,0.0,241.749,7.25
BM-sheet_1-11116,beam,624.0045,0.0,168.407,5.05
BM-sheet_1-11117,beam,909.6696,0.0,245.481,7.361
BM-sheet_1-11118,beam,964.1574,0.0,260.161,7.8
BM-sheet_1-11119,beam,896.3341,0.0,241.839,7.25
BM-sheet_1-11120,beam,600.3444,0.0,161.963,4.855
BM-sheet_1-11121,beam,599.8278,0.0,161.809,4.85
BM-sheet_1-11122,beam,562.8299,0.0,151.815,4.55
BM-sheet_1-11123,beam,643.3499,0.0,173.519,5.2
BM-sheet_1-11124,beam,977.5727,0.0,263.639,7.9
BM-sheet_1-11125,beam,783.4376,0.0,211.264,6.33
BM-sheet_1-11126,beam,959.356,0.0,258.679,7.75
BM-sheet_1-11127,beam,783.7193,0.0,211.302,6.33
BM-sheet_1-11128,beam,783.8602,0.0,211.321,6.33
BM-sheet_1-11129,beam,1139.4625,0.0,307.16,9.2
BM-sheet_1-11130,beam,1158.2493,0.0,312.197,9.35
BM-sheet_1-11131,beam,1159.2849,0.0,312.448,9.357
BM-sheet_1-11132,beam,1158.2809,0.0,312.149,9.347
BM-sheet_1-11133,beam,625.9156,0.0,168.665,5.05
BM-sheet_1-11134,beam,948.3396,0.0,255.525,7.65
BM-sheet_1-11135,beam,743.9294,0.0,200.43,6.0
BM-sheet_1-11136,beam,899.0761,0.0,242.208,7.25
BM-sheet_1-11137,beam,275.5058,0.0,74.214,2.221
BM-sheet_1-11138,beam,626.478,0.0,168.741,5.05
BM-sheet_1-11139,beam,967.8031,0.0,260.653,7.8
BM-sheet_1-11140,beam,626.703,0.0,168.771,5.05
BM-sheet_1-11141,beam,917.6447,0.0,247.099,7.393
BM-sheet_1-11142,beam,900.0452,0.0,242.338,7.25
BM-sheet_1-11143,beam,670.4988,0.0,180.517,5.4
BM-sheet_1-11144,beam,620.9437,0.0,167.16,5.0
BM-sheet_1-11145,beam,93.4891,0.0,25.165,0.753
BM-sheet_1-11146,beam,627.3782,0.0,168.862,5.05
BM-sheet_1-11147,beam,627.4908,0.0,168.877,5.05
BM-sheet_1-11148,beam,901.0148,0.0,242.469,7.25
BM-sheet_1-11149,beam,944.6815,0.0,254.197,7.6
BM-sheet_1-11150,beam,901.3305,0.0,242.51,7.25
BM-sheet_1-11151,beam,627.9488,0.0,168.94,5.05
BM-sheet_1-11152,beam,872.9316,0.0,234.827,7.019
BM-sheet_1-11153,beam,2885.8351,0.0,776.249,23.2
BM-sheet_1-11154,beam,1045.0584,0.0,281.081,8.4
BM-sheet_1-11155,beam,958.142,0.0,257.68,7.7
BM-sheet_1-11156,beam,628.5034,0.0,169.013,5.05
BM-sheet_1-11157,beam,653.788,0.0,175.797,5.252
BM-sheet_1-11158,beam,902.634,0.0,242.687,7.25
BM-sheet_1-11159,beam,635.0695,0.0,170.733,5.1
BM-sheet_1-11160,beam,902.9567,0.0,242.73,7.25
BM-sheet_1-11161,beam,971.6298,0.0,261.167,7.8
BM-sheet_1-11162,beam,1558.9145,0.0,418.988,12.512
BM-sheet_1-11163,beam,655.5055,0.0,176.164,5.26
BM-sheet_1-11164,beam,592.0158,0.0,159.087,4.75
BM-sheet_1-11165,beam,610.8165,0.0,164.124,4.9
BM-sheet_1-11166,beam,972.5005,0.0,261.284,7.8
BM-sheet_1-11167,beam,966.4396,0.0,259.633,7.75
BM-sheet_1-11168,beam,636.0924,0.0,170.87,5.1
BM-sheet_1-11169,beam,618.7991,0.0,166.21,4.96
BM-sheet_1-11170,beam,966.959,0.0,259.703,7.75
BM-sheet_1-11171,beam,619.0128,0.0,166.237,4.96
BM-sheet_1-11172,beam,631.8335,0.0,169.665,5.062
BM-sheet_1-11173,beam,619.2437,0.0,166.27,4.96
BM-sheet_1-11174,beam,998.8662,0.0,268.176,8.0
BM-sheet_1-11175,beam,917.8726,0.0,246.409,7.35
BM-sheet_1-11176,beam,999.2238,0.0,268.224,8.0
BM-sheet_1-11177,beam,612.1302,0.0,164.301,4.9
BM-sheet_1-11178,beam,974.5919,0.0,261.565,7.8
BM-sheet_1-11179,beam,999.7603,0.0,268.296,8.0
BM-sheet_1-11180,beam,657.5099,0.0,176.434,5.26
BM-sheet_1-11181,beam,650.0768,0.0,174.424,5.2
BM-sheet_1-11182,beam,750.2227,0.0,201.276,6.0
BM-sheet_1-11183,beam,987.97,0.0,265.037,7.9
BM-sheet_1-11184,beam,687.9502,0.0,184.536,5.5
BM-sheet_1-11185,beam,1044.6203,0.0,280.184,8.35
BM-sheet_1-11186,beam,975.9874,0.0,261.752,7.8
BM-sheet_1-11187,beam,976.162,0.0,261.776,7.8
BM-sheet_1-11188,beam,976.3365,0.0,261.799,7.8
BM-sheet_1-11189,beam,588.4065,0.0,157.764,4.7
BM-sheet_1-11190,beam,970.4248,0.0,260.168,7.75
BM-sheet_1-11191,beam,976.8602,0.0,261.869,7.8
BM-sheet_1-11192,beam,582.4618,0.0,156.128,4.65
BM-sheet_1-11193,beam,676.5295,0.0,181.327,5.4
BM-sheet_1-11194,beam,977.384,0.0,261.94,7.8
BM-sheet_1-11195,beam,977.5586,0.0,261.963,7.8
BM-sheet_1-11196,beam,952.6632,0.0,255.269,7.6
BM-sheet_1-11197,beam,977.9079,0.0,262.01,7.8
BM-sheet_1-11198,beam,652.0551,0.0,174.689,5.2
BM-sheet_1-11199,beam,971.9864,0.0,260.377,7.75
BM-sheet_1-11200,beam,978.432,0.0,262.08,7.8
BM-sheet_1-11201,beam,978.6067,0.0,262.103,7.8
BM-sheet_1-11202,beam,1244.03,0.0,333.163,9.914
BM-sheet_1-11203,beam,608.706,0.0,163.003,4.85
BM-sheet_1-11204,beam,979.131,0.0,262.174,7.8
BM-sheet_1-11205,beam,960.473,0.0,257.155,7.65
BM-sheet_1-11206,beam,590.1959,0.0,158.004,4.7
BM-sheet_1-11207,beam,958.8534,0.0,256.675,7.634
BM-sheet_1-11208,beam,942.1439,0.0,252.18,7.5
BM-sheet_1-11209,beam,961.1589,0.0,257.247,7.65
BM-sheet_1-11210,beam,736.7113,0.0,197.157,5.863
BM-sheet_1-11211,beam,774.36,0.0,207.214,6.161
BM-sheet_1-11212,beam,1055.9551,0.0,282.542,8.4
BM-sheet_1-11213,beam,653.8031,0.0,174.923,5.2
BM-sheet_1-11214,beam,1056.3319,0.0,282.593,8.4
BM-sheet_1-11215,beam,597.4362,0.0,159.814,4.75
BM-sheet_1-11216,beam,974.9396,0.0,260.772,7.75
BM-sheet_1-11217,beam,597.6494,0.0,159.842,4.75
BM-sheet_1-11218,beam,975.2873,0.0,260.818,7.75
BM-sheet_1-11219,beam,616.7392,0.0,164.918,4.9
BM-sheet_1-11220,beam,1038.5793,0.0,277.695,8.25
BM-sheet_1-11221,beam,558.8539,0.0,149.413,4.438
BM-sheet_1-11222,beam,558.9535,0.0,149.426,4.438
BM-sheet_1-11223,beam,982.4547,0.0,262.618,7.8
BM-sheet_1-11224,beam,509.6666,0.0,136.226,4.046
BM-sheet_1-11225,beam,87.7572,0.0,23.454,0.696
BM-sheet_1-11226,beam,970.3777,0.0,259.321,7.7
BM-sheet_1-11227,beam,598.7114,0.0,159.983,4.75
BM-sheet_1-11228,beam,72.088,0.0,19.261,0.572
BM-sheet_1-11229,beam,970.8964,0.0,259.39,7.7
BM-sheet_1-11230,beam,599.0314,0.0,160.026,4.75
BM-sheet_1-11231,beam,561.9575,0.0,150.109,4.455
BM-sheet_1-11232,beam,971.4152,0.0,259.459,7.7
BM-sheet_1-11233,beam,176.6513,0.0,47.178,1.4
BM-sheet_1-11234,beam,638.5147,0.0,170.513,5.059
BM-sheet_1-11235,beam,536.4572,0.0,143.246,4.25
BM-sheet_1-11236,beam,978.4196,0.0,261.237,7.75
BM-sheet_1-11237,beam,176.7772,0.0,47.195,1.4
BM-sheet_1-11238,beam,536.7437,0.0,143.284,4.25
BM-sheet_1-11239,beam,96.0188,0.0,25.63,0.76
BM-sheet_1-11240,beam,80.2861,0.0,21.429,0.635
BM-sheet_1-11241,beam,972.9726,0.0,259.667,7.7
BM-sheet_1-11242,beam,537.1259,0.0,143.336,4.25
BM-sheet_1-11243,beam,973.3189,0.0,259.713,7.7
BM-sheet_1-11244,beam,176.9975,0.0,47.225,1.4
BM-sheet_1-11245,beam,537.4126,0.0,143.374,4.25
BM-sheet_1-11246,beam,663.9801,0.0,177.124,5.25
BM-sheet_1-11247,beam,961.3621,0.0,256.432,7.6
BM-sheet_1-11248,beam,986.8365,0.0,263.203,7.8
BM-sheet_1-11249,beam,664.3344,0.0,177.172,5.25
BM-sheet_1-11250,beam,980.8594,0.0,261.563,7.75
BM-sheet_1-11251,beam,987.363,0.0,263.273,7.8
BM-sheet_1-11252,beam,329.0282,0.0,87.725,2.599
BM-sheet_1-11253,beam,680.8736,0.0,181.518,5.377
BM-sheet_1-11254,beam,987.8896,0.0,263.344,7.8
BM-sheet_1-11255,beam,646.0426,0.0,172.201,5.1
BM-sheet_1-11256,beam,988.2408,0.0,263.39,7.8
BM-sheet_1-11257,beam,696.9603,0.0,185.741,5.5
BM-sheet_1-11258,beam,988.592,0.0,263.437,7.8
BM-sheet_1-11259,beam,659.1784,0.0,175.64,5.2
BM-sheet_1-11260,beam,1065.0158,0.0,283.752,8.4
BM-sheet_1-11261,beam,933.2949,0.0,248.636,7.36
BM-sheet_1-11262,beam,646.8465,0.0,172.309,5.1
BM-sheet_1-11263,beam,989.4703,0.0,263.554,7.8
BM-sheet_1-11264,beam,917.6985,0.0,244.415,7.233
BM-sheet_1-11265,beam,989.8218,0.0,263.601,7.8
BM-sheet_1-11266,beam,590.1875,0.0,157.16,4.65
BM-sheet_1-11267,beam,590.2965,0.0,157.175,4.65
BM-sheet_1-11268,beam,990.349,0.0,263.671,7.8
BM-sheet_1-11269,beam,603.2042,0.0,160.583,4.75
BM-sheet_1-11270,beam,908.1422,0.0,241.741,7.15
BM-sheet_1-11271,beam,990.8764,0.0,263.741,7.8
BM-sheet_1-11272,beam,991.0523,0.0,263.765,7.8
BM-sheet_1-11273,beam,991.2281,0.0,263.788,7.8
BM-sheet_1-11274,beam,1042.2448,0.0,277.34,8.2
BM-sheet_1-11275,beam,991.5799,0.0,263.835,7.8
BM-sheet_1-11276,beam,991.7558,0.0,263.858,7.8
BM-sheet_1-11277,beam,991.9317,0.0,263.882,7.8
BM-sheet_1-11278,beam,697.0191,0.0,185.41,5.48
BM-sheet_1-11279,beam,896.8729,0.0,238.551,7.05
BM-sheet_1-11280,beam,661.6397,0.0,175.968,5.2
BM-sheet_1-11281,beam,992.6355,0.0,263.975,7.8
BM-sheet_1-11282,beam,992.8115,0.0,263.999,7.8
BM-sheet_1-11283,beam,992.9875,0.0,264.022,7.8
BM-sheet_1-11284,beam,993.1635,0.0,264.046,7.8
BM-sheet_1-11285,beam,747.6334,0.0,198.751,5.871
BM-sheet_1-11286,beam,912.0406,0.0,242.435,7.16
BM-sheet_1-11287,beam,503.2165,0.0,133.751,3.95
BM-sheet_1-11288,beam,688.0623,0.0,182.866,5.4
BM-sheet_1-11289,beam,150.7204,0.0,40.053,1.183
BM-sheet_1-11290,beam,924.1147,0.0,245.558,7.25
BM-sheet_1-11291,beam,134.8818,0.0,35.838,1.058
BM-sheet_1-11292,beam,116.1788,0.0,30.866,0.911
BM-sheet_1-11293,beam,994.7489,0.0,264.256,7.8
BM-sheet_1-11294,beam,994.9238,0.0,264.279,7.8
BM-sheet_1-11295,beam,116.2405,0.0,30.874,0.911
BM-sheet_1-11296,beam,995.2778,0.0,264.327,7.8
BM-sheet_1-11297,beam,504.1086,0.0,133.87,3.95
BM-sheet_1-11298,beam,995.6287,0.0,264.373,7.8
BM-sheet_1-11299,beam,995.8084,0.0,264.397,7.8
BM-sheet_1-11300,beam,723.0354,0.0,191.956,5.662
BM-sheet_1-11301,beam,750.4076,0.0,199.206,5.876
BM-sheet_1-11302,beam,408.7563,0.0,108.5,3.2
BM-sheet_1-11303,beam,408.8264,0.0,108.509,3.2
BM-sheet_1-11304,beam,407.4265,0.0,108.128,3.188
BM-sheet_1-11305,beam,407.4986,0.0,108.138,3.188
BM-sheet_1-11306,beam,567.3527,0.0,150.545,4.438
BM-sheet_1-11307,beam,567.4531,0.0,150.558,4.438
BM-sheet_1-11308,beam,592.0457,0.0,157.069,4.63
BM-sheet_1-11309,beam,567.6538,0.0,150.585,4.438
BM-sheet_1-11310,beam,567.7542,0.0,150.598,4.438
BM-sheet_1-11311,beam,345.4354,0.0,91.619,2.7
BM-sheet_1-11312,beam,580.7523,0.0,154.018,4.538
BM-sheet_1-11313,beam,580.8549,0.0,154.032,4.538
BM-sheet_1-11314,beam,179.2081,0.0,47.519,1.4
BM-sheet_1-11315,beam,307.2706,0.0,81.468,2.4
BM-sheet_1-11316,beam,581.1631,0.0,154.073,4.538
BM-sheet_1-11317,beam,179.3032,0.0,47.531,1.4
BM-sheet_1-11318,beam,159.8438,0.0,42.369,1.248
BM-sheet_1-11319,beam,581.4712,0.0,154.114,4.538
BM-sheet_1-11320,beam,581.574,0.0,154.127,4.538
BM-sheet_1-11321,beam,609.3037,0.0,161.462,4.754
BM-sheet_1-11322,beam,564.5295,0.0,149.584,4.404
BM-sheet_1-11323,beam,695.7198,0.0,184.329,5.426
BM-sheet_1-11324,beam,581.9851,0.0,154.182,4.538
BM-sheet_1-11325,beam,179.5568,0.0,47.565,1.4
BM-sheet_1-11326,beam,590.0801,0.0,156.299,4.6
BM-sheet_1-11327,beam,582.2935,0.0,154.223,4.538
BM-sheet_1-11328,beam,188.3838,0.0,49.89,1.468
BM-sheet_1-11329,beam,189.5864,0.0,50.204,1.477
BM-sheet_1-11330,beam,350.2541,0.0,92.742,2.728
BM-sheet_1-11331,beam,615.4231,0.0,162.94,4.793
BM-sheet_1-11332,beam,995.2102,0.0,263.469,7.75
BM-sheet_1-11333,beam,334.4282,0.0,88.528,2.604
BM-sheet_1-11334,beam,1001.9837,0.0,265.215,7.8
BM-sheet_1-11335,beam,591.5573,0.0,156.566,4.604
BM-sheet_1-11336,beam,514.6604,0.0,136.202,4.005
BM-sheet_1-11337,beam,586.2021,0.0,155.121,4.561
BM-sheet_1-11338,beam,538.8086,0.0,142.567,4.191
BM-sheet_1-11339,beam,765.0089,0.0,202.401,5.95
BM-sheet_1-11340,beam,522.9675,0.0,138.351,4.067
BM-sheet_1-11341,beam,632.228,0.0,167.241,4.916
BM-sheet_1-11342,beam,801.6671,0.0,212.044,6.232
BM-sheet_1-11343,beam,681.9173,0.0,180.354,5.3
BM-sheet_1-11344,beam,875.9682,0.0,231.656,6.807
BM-sheet_1-11345,beam,669.2869,0.0,176.982,5.2
BM-sheet_1-11346,beam,675.8409,0.0,178.699,5.25
BM-sheet_1-11347,beam,598.708,0.0,158.291,4.65
BM-sheet_1-11348,beam,676.0792,0.0,178.731,5.25
BM-sheet_1-11349,beam,1004.6376,0.0,265.566,7.8
BM-sheet_1-11350,beam,676.3175,0.0,178.762,5.25
BM-sheet_1-11351,beam,694.2815,0.0,183.494,5.388
BM-sheet_1-11352,beam,676.5559,0.0,178.794,5.25
BM-sheet_1-11353,beam,676.6753,0.0,178.81,5.25
BM-sheet_1-11354,beam,599.4478,0.0,158.389,4.65
BM-sheet_1-11355,beam,1005.701,0.0,265.707,7.8
BM-sheet_1-11356,beam,1005.8781,0.0,265.73,7.8
BM-sheet_1-11357,beam,599.7596,0.0,158.429,4.65
BM-sheet_1-11358,beam,993.3321,0.0,262.37,7.7
BM-sheet_1-11359,beam,1024.9895,0.0,270.708,7.944
BM-sheet_1-11360,beam,600.0806,0.0,158.472,4.65
BM-sheet_1-11361,beam,1006.7641,0.0,265.847,7.8
BM-sheet_1-11362,beam,100.6948,0.0,26.587,0.78
BM-sheet_1-11363,beam,1007.1186,0.0,265.894,7.8
BM-sheet_1-11364,beam,671.5306,0.0,177.278,5.2
BM-sheet_1-11365,beam,994.5568,0.0,262.531,7.7
BM-sheet_1-11366,beam,1007.6505,0.0,265.964,7.8
BM-sheet_1-11367,beam,910.9225,0.0,240.412,7.05
BM-sheet_1-11368,beam,600.9244,0.0,158.583,4.65
BM-sheet_1-11369,beam,672.1216,0.0,177.356,5.2
BM-sheet_1-11370,beam,1008.3606,0.0,266.058,7.8
BM-sheet_1-11371,beam,911.562,0.0,240.497,7.05
BM-sheet_1-11372,beam,1008.7146,0.0,266.105,7.8
BM-sheet_1-11373,beam,970.0877,0.0,255.892,7.5
BM-sheet_1-11374,beam,970.2598,0.0,255.915,7.5
BM-sheet_1-11375,beam,588.7273,0.0,155.269,4.55
BM-sheet_1-11376,beam,990.0136,0.0,261.08,7.65
BM-sheet_1-11377,beam,601.878,0.0,158.709,4.65
BM-sheet_1-11378,beam,970.9409,0.0,256.005,7.5
BM-sheet_1-11379,beam,1009.9568,0.0,266.269,7.8
BM-sheet_1-11380,beam,97.2821,0.0,25.646,0.751
BM-sheet_1-11381,beam,602.3008,0.0,158.765,4.65
BM-sheet_1-11382,beam,388.6471,0.0,102.437,3.0
BM-sheet_1-11383,beam,314.4813,0.0,82.882,2.427
BM-sheet_1-11384,beam,314.5366,0.0,82.889,2.427
BM-sheet_1-11385,beam,114.0648,0.0,30.057,0.88
BM-sheet_1-11386,beam,114.0849,0.0,30.059,0.88
BM-sheet_1-11387,beam,512.1728,0.0,134.936,3.95
BM-sheet_1-11388,beam,600.4522,0.0,158.18,4.63
BM-sheet_1-11389,beam,310.4467,0.0,81.775,2.393
BM-sheet_1-11390,beam,1011.9104,0.0,266.526,7.8
BM-sheet_1-11391,beam,616.3365,0.0,162.322,4.75
BM-sheet_1-11392,beam,1012.2658,0.0,266.573,7.8
BM-sheet_1-11393,beam,63.1866,0.0,16.638,0.487
BM-sheet_1-11394,beam,635.8515,0.0,167.417,4.898
BM-sheet_1-11395,beam,629.1086,0.0,165.628,4.845
BM-sheet_1-11396,beam,162.0546,0.0,42.661,1.248
BM-sheet_1-11397,beam,352.0058,0.0,92.657,2.71
BM-sheet_1-11398,beam,418.4706,0.0,110.143,3.221
BM-sheet_1-11399,beam,418.544,0.0,110.153,3.221
BM-sheet_1-11400,beam,705.2124,0.0,185.582,5.426
BM-sheet_1-11401,beam,1013.8658,0.0,266.783,7.8
BM-sheet_1-11402,beam,97.4998,0.0,25.653,0.75
BM-sheet_1-11403,beam,95.9368,0.0,25.24,0.738
BM-sheet_1-11404,beam,607.1574,0.0,159.722,4.669
BM-sheet_1-11405,beam,165.1892,0.0,43.452,1.27
BM-sheet_1-11406,beam,165.2181,0.0,43.456,1.27
BM-sheet_1-11407,beam,507.4666,0.0,133.462,3.9
BM-sheet_1-11408,beam,995.5886,0.0,261.813,7.65
BM-sheet_1-11409,beam,996.1965,0.0,261.95,7.653
BM-sheet_1-11410,beam,582.6616,0.0,153.198,4.476
BM-sheet_1-11411,beam,271.9852,0.0,71.506,2.089
BM-sheet_1-11412,beam,272.0328,0.0,71.512,2.089
BM-sheet_1-11413,beam,690.3598,0.0,181.467,5.3
BM-sheet_1-11414,beam,605.7992,0.0,159.225,4.65
BM-sheet_1-11415,beam,990.2969,0.0,260.262,7.6
BM-sheet_1-11416,beam,625.5603,0.0,164.39,4.8
BM-sheet_1-11417,beam,690.8432,0.0,181.53,5.3
BM-sheet_1-11418,beam,1016.8923,0.0,267.181,7.8
BM-sheet_1-11419,beam,1017.0698,0.0,267.205,7.8
BM-sheet_1-11420,beam,230.136,0.0,60.456,1.765
BM-sheet_1-11421,beam,691.3274,0.0,181.594,5.3
BM-sheet_1-11422,beam,1017.6043,0.0,267.275,7.8
BM-sheet_1-11423,beam,1017.7824,0.0,267.298,7.8
BM-sheet_1-11424,beam,1017.9607,0.0,267.322,7.8
BM-sheet_1-11425,beam,1011.6123,0.0,265.631,7.75
BM-sheet_1-11426,beam,192.6903,0.0,50.593,1.476
BM-sheet_1-11427,beam,237.6496,0.0,62.392,1.82
BM-sheet_1-11428,beam,1005.6137,0.0,263.987,7.7
BM-sheet_1-11429,beam,607.3925,0.0,159.435,4.65
BM-sheet_1-11430,beam,953.7038,0.0,250.316,7.3
BM-sheet_1-11431,beam,607.6051,0.0,159.462,4.65
BM-sheet_1-11432,beam,78.4155,0.0,20.578,0.6
BM-sheet_1-11433,beam,1085.9147,0.0,284.942,8.308
BM-sheet_1-11434,beam,1006.6699,0.0,264.125,7.7
BM-sheet_1-11435,beam,1006.846,0.0,264.148,7.7
BM-sheet_1-11436,beam,1020.1003,0.0,267.602,7.8
BM-sheet_1-11437,beam,392.4149,0.0,102.933,3.0
BM-sheet_1-11438,beam,1000.8317,0.0,262.502,7.65
BM-sheet_1-11439,beam,915.955,0.0,240.219,7.0
BM-sheet_1-11440,beam,1027.3578,0.0,269.412,7.85
BM-sheet_1-11441,beam,1001.3581,0.0,262.571,7.65
BM-sheet_1-11442,beam,392.7576,0.0,102.978,3.0
BM-sheet_1-11443,beam,1034.2929,0.0,271.16,7.899
BM-sheet_1-11444,beam,1034.4737,0.0,271.183,7.899
BM-sheet_1-11445,beam,1008.6078,0.0,264.379,7.7
BM-sheet_1-11446,beam,609.2008,0.0,159.672,4.65
BM-sheet_1-11447,beam,1022.0637,0.0,267.86,7.8
BM-sheet_1-11448,beam,1041.9008,0.0,273.035,7.95
BM-sheet_1-11449,beam,576.7502,0.0,151.127,4.4
BM-sheet_1-11450,beam,276.783,0.0,72.52,2.111
BM-sheet_1-11451,beam,1022.779,0.0,267.954,7.8
BM-sheet_1-11452,beam,276.8797,0.0,72.532,2.111
BM-sheet_1-11453,beam,577.1533,0.0,151.18,4.4
BM-sheet_1-11454,beam,1023.3149,0.0,268.024,7.8
BM-sheet_1-11455,beam,1003.809,0.0,262.892,7.65
BM-sheet_1-11456,beam,98.5857,0.0,25.817,0.751
BM-sheet_1-11457,beam,1004.1595,0.0,262.938,7.65
BM-sheet_1-11458,beam,1010.9004,0.0,264.68,7.7
BM-sheet_1-11459,beam,399.1784,0.0,104.506,3.04
BM-sheet_1-11460,beam,1023.2593,0.0,267.869,7.791
BM-sheet_1-11461,beam,696.1783,0.0,182.23,5.3
BM-sheet_1-11462,beam,1037.8818,0.0,271.649,7.9
BM-sheet_1-11463,beam,1024.9229,0.0,268.234,7.8
BM-sheet_1-11464,beam,775.3974,0.0,202.913,5.9
BM-sheet_1-11465,beam,1025.2806,0.0,268.281,7.8
BM-sheet_1-11466,beam,354.9676,0.0,92.875,2.7
BM-sheet_1-11467,beam,696.9081,0.0,182.325,5.3
BM-sheet_1-11468,beam,697.029,0.0,182.341,5.3
BM-sheet_1-11469,beam,1025.9961,0.0,268.375,7.8
BM-sheet_1-11470,beam,1026.175,0.0,268.398,7.8
BM-sheet_1-11471,beam,1026.354,0.0,268.421,7.8
BM-sheet_1-11472,beam,1026.5329,0.0,268.445,7.8
BM-sheet_1-11473,beam,1013.5489,0.0,265.026,7.7
BM-sheet_1-11474,beam,1013.7256,0.0,265.049,7.7
BM-sheet_1-11475,beam,668.7061,0.0,174.825,5.078
BM-sheet_1-11476,beam,668.8227,0.0,174.84,5.078
BM-sheet_1-11477,beam,1017.1271,0.0,265.869,7.722
BM-sheet_1-11478,beam,1014.4325,0.0,265.142,7.7
BM-sheet_1-11479,beam,1030.0581,0.0,269.202,7.817
BM-sheet_1-11480,beam,357.1515,0.0,93.332,2.71
BM-sheet_1-11481,beam,777.6988,0.0,203.214,5.9
BM-sheet_1-11482,beam,431.1054,0.0,112.639,3.27
BM-sheet_1-11483,beam,1028.5025,0.0,268.702,7.8
BM-sheet_1-11484,beam,431.2556,0.0,112.658,3.27
BM-sheet_1-11485,beam,431.3307,0.0,112.668,3.27
BM-sheet_1-11486,beam,431.4059,0.0,112.678,3.27
BM-sheet_1-11487,beam,1068.8045,0.0,279.134,8.1
BM-sheet_1-11488,beam,613.6798,0.0,160.258,4.65
BM-sheet_1-11489,beam,1055.977,0.0,275.736,8.0
BM-sheet_1-11490,beam,148.2034,0.0,38.695,1.123
BM-sheet_1-11491,beam,575.0509,0.0,150.131,4.355
BM-sheet_1-11492,beam,1069.7351,0.0,279.256,8.1
BM-sheet_1-11493,beam,1056.7124,0.0,275.832,8.0
BM-sheet_1-11494,beam,614.321,0.0,160.341,4.65
BM-sheet_1-11495,beam,215.0883,0.0,56.134,1.628
BM-sheet_1-11496,beam,529.6967,0.0,138.23,4.008
BM-sheet_1-11497,beam,760.0408,0.0,198.323,5.75
BM-sheet_1-11498,beam,667.6262,0.0,174.194,5.05
BM-sheet_1-11499,beam,482.632,0.0,125.915,3.65
BM-sheet_1-11500,beam,575.2873,0.0,150.075,4.35
BM-sheet_1-11501,beam,687.8196,0.0,179.416,5.2
BM-sheet_1-11502,beam,1031.9088,0.0,269.147,7.8
BM-sheet_1-11503,beam,588.8196,0.0,153.565,4.45
BM-sheet_1-11504,beam,1019.0327,0.0,265.742,7.7
BM-sheet_1-11505,beam,549.3183,0.0,143.238,4.15
BM-sheet_1-11506,beam,191.9626,0.0,50.051,1.45
BM-sheet_1-11507,beam,1032.8062,0.0,269.264,7.8
BM-sheet_1-11508,beam,1026.364,0.0,267.561,7.75
BM-sheet_1-11509,beam,655.6626,0.0,170.909,4.95
BM-sheet_1-11510,beam,1027.4891,0.0,267.808,7.756
BM-sheet_1-11511,beam,528.8606,0.0,137.832,3.991
BM-sheet_1-11512,beam,589.7414,0.0,153.685,4.45
BM-sheet_1-11513,beam,1027.2561,0.0,267.677,7.75
BM-sheet_1-11514,beam,581.6936,0.0,151.562,4.388
BM-sheet_1-11515,beam,79.5583,0.0,20.727,0.6
BM-sheet_1-11516,beam,1082.3642,0.0,281.964,8.162
BM-sheet_1-11517,beam,1061.1303,0.0,276.408,8.0
BM-sheet_1-11518,beam,1065.4731,0.0,277.515,8.031
BM-sheet_1-11519,beam,1065.6582,0.0,277.539,8.031
BM-sheet_1-11520,beam,1082.0875,0.0,281.794,8.154
BM-sheet_1-11521,beam,1035.3208,0.0,269.591,7.8
BM-sheet_1-11522,beam,371.7186,0.0,96.785,2.8
BM-sheet_1-11523,beam,969.2866,0.0,252.353,7.3
BM-sheet_1-11524,beam,337.059,0.0,87.745,2.538
BM-sheet_1-11525,beam,1036.0399,0.0,269.685,7.8
BM-sheet_1-11526,beam,398.546,0.0,103.734,3.0
BM-sheet_1-11527,beam,1036.3995,0.0,269.732,7.8
BM-sheet_1-11528,beam,1016.6451,0.0,264.568,7.65
BM-sheet_1-11529,beam,1016.8243,0.0,264.591,7.65
BM-sheet_1-11530,beam,943.8804,0.0,245.589,7.1
BM-sheet_1-11531,beam,578.393,0.0,150.479,4.35
BM-sheet_1-11532,beam,1017.3507,0.0,264.659,7.65
BM-sheet_1-11533,beam,1037.4787,0.0,269.872,7.8
BM-sheet_1-11534,beam,1048.1517,0.0,272.625,7.879
BM-sheet_1-11535,beam,758.4205,0.0,197.249,5.7
BM-sheet_1-11536,beam,558.933,0.0,145.354,4.2
BM-sheet_1-11537,beam,1011.7313,0.0,263.083,7.601
BM-sheet_1-11538,beam,971.6589,0.0,252.641,7.299
BM-sheet_1-11539,beam,971.8274,0.0,252.663,7.299
BM-sheet_1-11540,beam,1012.2576,0.0,263.152,7.601
BM-sheet_1-11541,beam,1038.7651,0.0,270.02,7.799
BM-sheet_1-11542,beam,1052.2669,0.0,273.506,7.899
BM-sheet_1-11543,beam,706.1765,0.0,183.534,5.3
BM-sheet_1-11544,beam,823.4213,0.0,213.987,6.179
BM-sheet_1-11545,beam,361.3667,0.0,93.902,2.711
BM-sheet_1-11546,beam,493.2488,0.0,128.161,3.7
BM-sheet_1-11547,beam,109.3337,0.0,28.406,0.82
BM-sheet_1-11548,beam,186.6997,0.0,48.502,1.4
BM-sheet_1-11549,beam,474.8307,0.0,123.343,3.56
BM-sheet_1-11550,beam,1027.1993,0.0,266.805,7.7
BM-sheet_1-11551,beam,1040.7197,0.0,270.293,7.8
BM-sheet_1-11552,beam,361.8066,0.0,93.959,2.711
BM-sheet_1-11553,beam,543.7282,0.0,141.191,4.074
BM-sheet_1-11554,beam,1083.9703,0.0,281.453,8.12
BM-sheet_1-11555,beam,198.7814,0.0,51.609,1.489
BM-sheet_1-11556,beam,271.4809,0.0,70.478,2.033
BM-sheet_1-11557,beam,1025.7741,0.0,266.273,7.68
BM-sheet_1-11558,beam,708.013,0.0,183.772,5.3
BM-sheet_1-11559,beam,1022.1206,0.0,265.279,7.65
BM-sheet_1-11560,beam,320.0749,0.0,83.064,2.395
BM-sheet_1-11561,beam,267.9182,0.0,69.523,2.005
BM-sheet_1-11562,beam,1042.7028,0.0,270.551,7.8
BM-sheet_1-11563,beam,1226.0039,0.0,318.085,9.17
BM-sheet_1-11564,beam,1067.787,0.0,277.011,7.985
BM-sheet_1-11565,beam,1112.4051,0.0,288.562,8.317
BM-sheet_1-11566,beam,1032.2835,0.0,267.755,7.717
BM-sheet_1-11567,beam,478.9879,0.0,124.23,3.58
BM-sheet_1-11568,beam,1042.6369,0.0,270.393,7.791
BM-sheet_1-11569,beam,1043.9657,0.0,270.715,7.8
BM-sheet_1-11570,beam,1044.1462,0.0,270.738,7.8
BM-sheet_1-11571,beam,1028.6065,0.0,266.686,7.683
BM-sheet_1-11572,beam,1112.5675,0.0,288.429,8.308
BM-sheet_1-11573,beam,1044.6878,0.0,270.808,7.8
BM-sheet_1-11574,beam,1112.9521,0.0,288.479,8.308
BM-sheet_1-11575,beam,596.2138,0.0,154.526,4.45
BM-sheet_1-11576,beam,596.3168,0.0,154.54,4.45
BM-sheet_1-11577,beam,1058.8127,0.0,274.375,7.9
BM-sheet_1-11578,beam,683.6554,0.0,177.143,5.1
BM-sheet_1-11579,beam,1045.7713,0.0,270.949,7.8
BM-sheet_1-11580,beam,1045.9519,0.0,270.972,7.8
BM-sheet_1-11581,beam,1046.1326,0.0,270.995,7.8
BM-sheet_1-11582,beam,1046.4667,0.0,271.059,7.801
BM-sheet_1-11583,beam,711.0792,0.0,184.17,5.3
BM-sheet_1-11584,beam,684.3642,0.0,177.235,5.1
BM-sheet_1-11585,beam,791.8521,0.0,205.055,5.9
BM-sheet_1-11586,beam,1047.0361,0.0,271.112,7.8
BM-sheet_1-11587,beam,1060.6427,0.0,274.612,7.9
BM-sheet_1-11588,beam,597.1876,0.0,154.605,4.447
BM-sheet_1-11589,beam,792.4469,0.0,205.138,5.9
BM-sheet_1-11590,beam,584.327,0.0,151.249,4.35
BM-sheet_1-11591,beam,685.1915,0.0,177.342,5.1
BM-sheet_1-11592,beam,584.5287,0.0,151.276,4.35
BM-sheet_1-11593,beam,126.996,0.0,32.864,0.945
BM-sheet_1-11594,beam,383.0993,0.0,99.129,2.85
BM-sheet_1-11595,beam,584.8313,0.0,151.315,4.35
BM-sheet_1-11596,beam,194.9774,0.0,50.443,1.45
BM-sheet_1-11597,beam,661.4307,0.0,171.104,4.918
BM-sheet_1-11598,beam,638.786,0.0,165.232,4.749
BM-sheet_1-11599,beam,585.2349,0.0,151.367,4.35
BM-sheet_1-11600,beam,585.3358,0.0,151.38,4.35
BM-sheet_1-11601,beam,585.4367,0.0,151.393,4.35
BM-sheet_1-11602,beam,377.062,0.0,97.499,2.801
BM-sheet_1-11603,beam,1050.111,0.0,271.51,7.8
BM-sheet_1-11604,beam,572.275,0.0,147.951,4.25
BM-sheet_1-11605,beam,585.8405,0.0,151.445,4.35
BM-sheet_1-11606,beam,585.9414,0.0,151.458,4.35
BM-sheet_1-11607,beam,599.5149,0.0,154.953,4.45
BM-sheet_1-11608,beam,377.4526,0.0,97.55,2.801
BM-sheet_1-11609,beam,149.593,0.0,38.658,1.11
BM-sheet_1-11610,beam,1024.42,0.0,264.708,7.6
BM-sheet_1-11611,beam,997.6334,0.0,257.764,7.4
BM-sheet_1-11612,beam,667.4438,0.0,172.436,4.95
BM-sheet_1-11613,beam,1038.4356,0.0,268.26,7.7
BM-sheet_1-11614,beam,337.4388,0.0,87.163,2.502
BM-sheet_1-11615,beam,1059.0296,0.0,273.533,7.85
BM-sheet_1-11616,beam,1052.4654,0.0,271.814,7.8
BM-sheet_1-11617,beam,600.5484,0.0,155.087,4.45
BM-sheet_1-11618,beam,428.962,0.0,110.767,3.178
BM-sheet_1-11619,beam,1063.6573,0.0,274.634,7.879
BM-sheet_1-11620,beam,4617.8369,0.0,1192.213,34.2
BM-sheet_1-11621,beam,688.743,0.0,177.801,5.1
BM-sheet_1-11622,beam,1134.5954,0.0,292.874,8.4
BM-sheet_1-11623,beam,482.2854,0.0,124.482,3.57
BM-sheet_1-11624,beam,716.1221,0.0,184.822,5.3
BM-sheet_1-11625,beam,195.9544,0.0,50.569,1.45
BM-sheet_1-11626,beam,716.3685,0.0,184.853,5.3
BM-sheet_1-11627,beam,196.0213,0.0,50.577,1.45
BM-sheet_1-11628,beam,716.615,0.0,184.885,5.3
BM-sheet_1-11629,beam,2.48,0.0,15.5,7.75
BM-sheet_1-11630,beam,770.9643,0.0,198.873,5.7
BM-sheet_1-11631,beam,1055.1853,0.0,272.165,7.8
BM-sheet_1-11632,beam,201.4395,0.0,51.953,1.489
BM-sheet_1-11633,beam,394.3404,0.0,101.695,2.914
BM-sheet_1-11634,beam,717.3548,0.0,184.981,5.3
BM-sheet_1-11635,beam,836.4543,0.0,215.674,6.179
BM-sheet_1-11636,beam,1056.0927,0.0,272.282,7.8
BM-sheet_1-11637,beam,165.5828,0.0,42.687,1.223
BM-sheet_1-11638,beam,1029.5231,0.0,265.387,7.601
BM-sheet_1-11639,beam,1056.6373,0.0,272.353,7.8
BM-sheet_1-11640,beam,1056.8189,0.0,272.376,7.8
BM-sheet_1-11641,beam,691.1157,0.0,178.107,5.1
BM-sheet_1-11642,beam,1063.9589,0.0,274.169,7.85
BM-sheet_1-11643,beam,1037.0368,0.0,267.209,7.65
BM-sheet_1-11644,beam,300.993,0.0,77.549,2.22
BM-sheet_1-11645,beam,1030.762,0.0,265.546,7.601
BM-sheet_1-11646,beam,1057.9087,0.0,272.516,7.8
BM-sheet_1-11647,beam,691.8283,0.0,178.199,5.1
BM-sheet_1-11648,beam,1071.8396,0.0,276.058,7.9
BM-sheet_1-11649,beam,1058.4538,0.0,272.587,7.8
BM-sheet_1-11650,beam,590.3803,0.0,152.029,4.35
BM-sheet_1-11651,beam,502.2593,0.0,129.326,3.7
BM-sheet_1-11652,beam,1015.9922,0.0,261.584,7.483
BM-sheet_1-11653,beam,1289.2557,0.0,331.912,9.494
BM-sheet_1-11654,beam,1043.0654,0.0,268.508,7.68
BM-sheet_1-11655,beam,1016.679,0.0,261.693,7.484
BM-sheet_1-11656,beam,1039.3473,0.0,267.505,7.65
BM-sheet_1-11657,beam,131.9402,0.0,33.956,0.971
BM-sheet_1-11658,beam,462.0903,0.0,118.912,3.4
BM-sheet_1-11659,beam,1085.4031,0.0,279.287,7.985
BM-sheet_1-11660,beam,517.6335,0.0,133.182,3.807
BM-sheet_1-11661,beam,577.911,0.0,148.678,4.25
BM-sheet_1-11662,beam,858.0986,0.0,220.742,6.309
BM-sheet_1-11663,beam,1074.602,0.0,276.413,7.9
BM-sheet_1-11664,beam,464.6387,0.0,119.506,3.415
BM-sheet_1-11665,beam,1061.3634,0.0,272.961,7.8
BM-sheet_1-11666,beam,411.6333,0.0,105.855,3.025
BM-sheet_1-11667,beam,1061.7273,0.0,273.008,7.8
BM-sheet_1-11668,beam,722.7373,0.0,185.825,5.309
BM-sheet_1-11669,beam,1055.2818,0.0,271.304,7.75
BM-sheet_1-11670,beam,646.7389,0.0,166.257,4.749
BM-sheet_1-11671,beam,565.2821,0.0,145.304,4.15
BM-sheet_1-11672,beam,579.0012,0.0,148.818,4.25
BM-sheet_1-11673,beam,1049.1938,0.0,269.646,7.7
BM-sheet_1-11674,beam,676.2783,0.0,173.791,4.962
BM-sheet_1-11675,beam,1049.5533,0.0,269.693,7.7
BM-sheet_1-11676,beam,182.9468,0.0,47.006,1.342
BM-sheet_1-11677,beam,695.3969,0.0,178.658,5.1
BM-sheet_1-11678,beam,1050.0928,0.0,269.762,7.7
BM-sheet_1-11679,beam,1043.4575,0.0,268.034,7.65
BM-sheet_1-11680,beam,1029.6258,0.0,264.459,7.547
BM-sheet_1-11681,beam,435.0539,0.0,111.734,3.188
BM-sheet_1-11682,beam,1119.0468,0.0,287.377,8.2
BM-sheet_1-11683,beam,126.9389,0.0,32.596,0.93
BM-sheet_1-11684,beam,1139.9081,0.0,292.684,8.35
BM-sheet_1-11685,beam,917.2091,0.0,235.484,6.718
BM-sheet_1-11686,beam,96.7281,0.0,24.832,0.708
BM-sheet_1-11687,beam,96.7434,0.0,24.834,0.708
BM-sheet_1-11688,beam,567.3465,0.0,145.623,4.153
BM-sheet_1-11689,beam,499.6201,0.0,128.228,3.657
BM-sheet_1-11690,beam,1037.7321,0.0,266.313,7.594
BM-sheet_1-11691,beam,539.8849,0.0,138.539,3.95
BM-sheet_1-11692,beam,628.8332,0.0,161.35,4.6
BM-sheet_1-11693,beam,488.112,0.0,125.232,3.57
BM-sheet_1-11694,beam,629.0483,0.0,161.377,4.6
BM-sheet_1-11695,beam,331.4805,0.0,85.031,2.424
BM-sheet_1-11696,beam,1067.012,0.0,273.686,7.8
BM-sheet_1-11697,beam,303.7393,0.0,77.902,2.22
BM-sheet_1-11698,beam,1116.8517,0.0,286.421,8.162
BM-sheet_1-11699,beam,1052.5037,0.0,269.896,7.69
BM-sheet_1-11700,beam,1095.12,0.0,280.8,8.0
BM-sheet_1-11701,beam,1102.1529,0.0,282.579,8.05
BM-sheet_1-11702,beam,1066.2495,0.0,273.351,7.786
BM-sheet_1-11703,beam,1066.4317,0.0,273.374,7.786
BM-sheet_1-11704,beam,547.9381,0.0,140.449,4.0
BM-sheet_1-11705,beam,548.0317,0.0,140.461,4.0
BM-sheet_1-11706,beam,1068.8374,0.0,273.92,7.8
BM-sheet_1-11707,beam,548.219,0.0,140.485,4.0
BM-sheet_1-11708,beam,1069.2027,0.0,273.967,7.8
BM-sheet_1-11709,beam,1089.9504,0.0,279.26,7.95
BM-sheet_1-11710,beam,1090.1366,0.0,279.284,7.95
BM-sheet_1-11711,beam,1069.7507,0.0,274.037,7.8
BM-sheet_1-11712,beam,422.1439,0.0,108.131,3.078
BM-sheet_1-11713,beam,315.5254,0.0,80.814,2.3
BM-sheet_1-11714,beam,68.662,0.0,17.585,0.5
BM-sheet_1-11715,beam,704.9404,0.0,180.523,5.137
BM-sheet_1-11716,beam,697.2523,0.0,178.538,5.08
BM-sheet_1-11717,beam,1070.8471,0.0,274.178,7.8
BM-sheet_1-11718,beam,727.7475,0.0,186.315,5.3
BM-sheet_1-11719,beam,714.1418,0.0,182.816,5.2
BM-sheet_1-11720,beam,1071.3955,0.0,274.248,7.8
BM-sheet_1-11721,beam,728.1202,0.0,186.363,5.3
BM-sheet_1-11722,beam,714.5075,0.0,182.863,5.2
BM-sheet_1-11723,beam,1071.9715,0.0,274.325,7.8
BM-sheet_1-11724,beam,728.493,0.0,186.411,5.3
BM-sheet_1-11725,beam,714.8732,0.0,182.91,5.2
BM-sheet_1-11726,beam,1072.5203,0.0,274.395,7.8
BM-sheet_1-11727,beam,728.8658,0.0,186.458,5.3
BM-sheet_1-11728,beam,715.2391,0.0,182.957,5.2
BM-sheet_1-11729,beam,1046.9041,0.0,267.773,7.61
BM-sheet_1-11730,beam,1047.0827,0.0,267.796,7.61
BM-sheet_1-11731,beam,550.4691,0.0,140.773,4.0
BM-sheet_1-11732,beam,1128.9704,0.0,288.69,8.202
BM-sheet_1-11733,beam,1135.7221,0.0,290.392,8.25
BM-sheet_1-11734,beam,1047.7969,0.0,267.887,7.61
BM-sheet_1-11735,beam,537.0699,0.0,137.3,3.9
BM-sheet_1-11736,beam,1053.6641,0.0,269.342,7.65
BM-sheet_1-11737,beam,1048.3327,0.0,267.956,7.61
BM-sheet_1-11738,beam,1047.2916,0.0,267.667,7.601
BM-sheet_1-11739,beam,1061.0917,0.0,271.171,7.7
BM-sheet_1-11740,beam,1049.9126,0.0,268.291,7.618
BM-sheet_1-11741,beam,1061.4533,0.0,271.217,7.7
BM-sheet_1-11742,beam,1050.2703,0.0,268.337,7.618
BM-sheet_1-11743,beam,1034.2361,0.0,264.218,7.5
BM-sheet_1-11744,beam,375.1466,0.0,95.831,2.72
BM-sheet_1-11745,beam,1006.9987,0.0,257.215,7.3
BM-sheet_1-11746,beam,1076.1544,0.0,274.856,7.8
BM-sheet_1-11747,beam,1069.4376,0.0,273.118,7.75
BM-sheet_1-11748,beam,1076.5209,0.0,274.903,7.8
BM-sheet_1-11749,beam,1090.5081,0.0,278.451,7.9
BM-sheet_1-11750,beam,1076.8875,0.0,274.95,7.8
BM-sheet_1-11751,beam,1077.0708,0.0,274.973,7.8
BM-sheet_1-11752,beam,1063.4432,0.0,271.471,7.7
BM-sheet_1-11753,beam,1091.2508,0.0,278.546,7.9
BM-sheet_1-11754,beam,1063.8052,0.0,271.517,7.7
BM-sheet_1-11755,beam,1105.4402,0.0,282.12,8.0
BM-sheet_1-11756,beam,1077.9876,0.0,275.09,7.8
BM-sheet_1-11757,beam,1091.9937,0.0,278.641,7.9
BM-sheet_1-11758,beam,886.9531,0.0,226.302,6.416
BM-sheet_1-11759,beam,1009.4008,0.0,257.522,7.3
BM-sheet_1-11760,beam,1064.8915,0.0,271.656,7.7
BM-sheet_1-11761,beam,629.3611,0.0,160.538,4.55
BM-sheet_1-11762,beam,1092.9227,0.0,278.759,7.9
BM-sheet_1-11763,beam,1065.4349,0.0,271.725,7.7
BM-sheet_1-11764,beam,156.7021,0.0,39.961,1.132
BM-sheet_1-11765,beam,1013.688,0.0,258.484,7.324
BM-sheet_1-11766,beam,1104.2527,0.0,281.553,7.976
BM-sheet_1-11767,beam,1093.8521,0.0,278.878,7.9
BM-sheet_1-11768,beam,879.3908,0.0,224.182,6.35
BM-sheet_1-11769,beam,1216.8455,0.0,310.182,8.785
BM-sheet_1-11770,beam,1108.2632,0.0,282.48,8.0
BM-sheet_1-11771,beam,981.2152,0.0,250.076,7.082
BM-sheet_1-11772,beam,658.2549,0.0,167.751,4.75
BM-sheet_1-11773,beam,658.3668,0.0,167.765,4.75
BM-sheet_1-11774,beam,1067.4285,0.0,271.979,7.7
BM-sheet_1-11775,beam,842.8295,0.0,214.734,6.079
BM-sheet_1-11776,beam,1095.526,0.0,279.091,7.9
BM-sheet_1-11777,beam,945.8043,0.0,240.928,6.819
BM-sheet_1-11778,beam,737.4442,0.0,187.836,5.316
BM-sheet_1-11779,beam,854.0304,0.0,217.513,6.155
BM-sheet_1-11780,beam,1019.9484,0.0,259.749,7.35
BM-sheet_1-11781,beam,1110.3357,0.0,282.744,8.0
BM-sheet_1-11782,beam,527.499,0.0,134.315,3.8
BM-sheet_1-11783,beam,881.634,0.0,224.468,6.35
BM-sheet_1-11784,beam,861.4296,0.0,219.305,6.203
BM-sheet_1-11785,beam,659.7096,0.0,167.936,4.75
BM-sheet_1-11786,beam,1014.0415,0.0,258.113,7.3
BM-sheet_1-11787,beam,659.9335,0.0,167.965,4.75
BM-sheet_1-11788,beam,1111.6556,0.0,282.912,8.0
BM-sheet_1-11789,beam,1111.8442,0.0,282.936,8.0
BM-sheet_1-11790,beam,1081.4221,0.0,275.171,7.78
BM-sheet_1-11791,beam,946.2074,0.0,240.745,6.806
BM-sheet_1-11792,beam,632.6833,0.0,160.961,4.55
BM-sheet_1-11793,beam,1098.3852,0.0,279.416,7.898
BM-sheet_1-11794,beam,1123.8922,0.0,285.881,8.08
BM-sheet_1-11795,beam,1098.7578,0.0,279.464,7.898
BM-sheet_1-11796,beam,998.5744,0.0,253.961,7.176
BM-sheet_1-11797,beam,864.7602,0.0,219.91,6.214
BM-sheet_1-11798,beam,1130.7368,0.0,287.524,8.124
BM-sheet_1-11799,beam,884.03,0.0,224.772,6.35
BM-sheet_1-11800,beam,835.5049,0.0,212.417,6.0
BM-sheet_1-11801,beam,1291.2028,0.0,328.244,9.272
BM-sheet_1-11802,beam,1303.4315,0.0,331.325,9.358
BM-sheet_1-11803,beam,1302.9068,0.0,331.163,9.353
BM-sheet_1-11804,beam,932.776,0.0,237.066,6.695
BM-sheet_1-11805,beam,931.0828,0.0,236.616,6.681
BM-sheet_1-11806,beam,1066.9834,0.0,271.129,7.655
BM-sheet_1-11807,beam,1087.3609,0.0,276.284,7.8
BM-sheet_1-11808,beam,529.8297,0.0,134.611,3.8
BM-sheet_1-11809,beam,1024.9764,0.0,260.389,7.35
BM-sheet_1-11810,beam,885.6791,0.0,224.982,6.35
BM-sheet_1-11811,beam,1115.9978,0.0,283.464,8.0
BM-sheet_1-11812,beam,1130.187,0.0,287.044,8.1
BM-sheet_1-11813,beam,1047.8825,0.0,266.118,7.509
BM-sheet_1-11814,beam,1048.0599,0.0,266.14,7.509
BM-sheet_1-11815,beam,1306.3046,0.0,331.69,9.358
BM-sheet_1-11816,beam,1294.4874,0.0,328.661,9.272
BM-sheet_1-11817,beam,1305.9995,0.0,331.556,9.353
BM-sheet_1-11818,beam,788.4497,0.0,200.148,5.645
BM-sheet_1-11819,beam,745.641,0.0,189.265,5.338
BM-sheet_1-11820,beam,1131.6704,0.0,287.226,8.1
BM-sheet_1-11821,beam,1020.0731,0.0,258.88,7.3
BM-sheet_1-11822,beam,616.7861,0.0,156.518,4.413
BM-sheet_1-11823,beam,1132.245,0.0,287.299,8.1
BM-sheet_1-11824,beam,1104.4751,0.0,280.229,7.9
BM-sheet_1-11825,beam,756.072,0.0,191.815,5.407
BM-sheet_1-11826,beam,755.3814,0.0,191.624,5.401
BM-sheet_1-11827,beam,1105.0356,0.0,280.3,7.9
BM-sheet_1-11828,beam,1070.2521,0.0,271.454,7.65
BM-sheet_1-11829,beam,751.2858,0.0,190.537,5.369
BM-sheet_1-11830,beam,741.7292,0.0,188.097,5.3
BM-sheet_1-11831,beam,755.8518,0.0,191.662,5.4
BM-sheet_1-11832,beam,1056.9766,0.0,267.996,7.55
BM-sheet_1-11833,beam,1078.1531,0.0,273.342,7.7
BM-sheet_1-11834,beam,1078.3354,0.0,273.365,7.7
BM-sheet_1-11835,beam,756.363,0.0,191.727,5.4
BM-sheet_1-11836,beam,1106.7181,0.0,280.513,7.9
BM-sheet_1-11837,beam,1051.0345,0.0,266.377,7.501
BM-sheet_1-11838,beam,783.0,0.0,198.429,5.587
BM-sheet_1-11839,beam,1086.2499,0.0,275.255,7.75
BM-sheet_1-11840,beam,1086.4334,0.0,275.279,7.75
BM-sheet_1-11841,beam,1063.6383,0.0,269.48,7.586
BM-sheet_1-11842,beam,1135.887,0.0,287.761,8.1
BM-sheet_1-11843,beam,1063.7654,0.0,269.467,7.584
BM-sheet_1-11844,beam,1059.1217,0.0,268.268,7.55
BM-sheet_1-11845,beam,1136.4626,0.0,287.834,8.1
BM-sheet_1-11846,beam,557.7727,0.0,141.256,3.975
BM-sheet_1-11847,beam,1268.8144,0.0,321.3,9.04
BM-sheet_1-11848,beam,1080.8883,0.0,273.689,7.7
BM-sheet_1-11849,beam,1081.0708,0.0,273.712,7.7
BM-sheet_1-11850,beam,1252.5295,0.0,317.096,8.92
BM-sheet_1-11851,beam,1081.4357,0.0,273.758,7.7
BM-sheet_1-11852,beam,1165.9002,0.0,295.115,8.3
BM-sheet_1-11853,beam,637.8609,0.0,161.443,4.54
BM-sheet_1-11854,beam,702.5866,0.0,177.81,5.0
BM-sheet_1-11855,beam,1082.1659,0.0,273.851,7.7
BM-sheet_1-11856,beam,1082.3485,0.0,273.874,7.7
BM-sheet_1-11857,beam,1075.5066,0.0,272.119,7.65
BM-sheet_1-11858,beam,1053.4773,0.0,266.523,7.492
BM-sheet_1-11859,beam,1082.8963,0.0,273.943,7.7
BM-sheet_1-11860,beam,562.6384,0.0,142.32,4.0
BM-sheet_1-11861,beam,703.4166,0.0,177.915,5.0
BM-sheet_1-11862,beam,1076.4139,0.0,272.234,7.65
BM-sheet_1-11863,beam,1139.9192,0.0,288.271,8.1
BM-sheet_1-11864,beam,1076.7769,0.0,272.28,7.65
BM-sheet_1-11865,beam,1168.4593,0.0,295.439,8.3
BM-sheet_1-11866,beam,1168.6562,0.0,295.463,8.3
BM-sheet_1-11867,beam,563.3028,0.0,142.404,4.0
BM-sheet_1-11868,beam,1140.8803,0.0,288.392,8.1
BM-sheet_1-11869,beam,621.2309,0.0,157.022,4.41
BM-sheet_1-11870,beam,1091.946,0.0,275.976,7.75
BM-sheet_1-11871,beam,1055.7885,0.0,266.815,7.492
BM-sheet_1-11872,beam,1224.8264,0.0,309.508,8.69
BM-sheet_1-11873,beam,1051.386,0.0,265.658,7.458
BM-sheet_1-11874,beam,1170.2326,0.0,295.663,8.3
BM-sheet_1-11875,beam,1092.8661,0.0,276.092,7.75
BM-sheet_1-11876,beam,1207.2771,0.0,304.971,8.56
BM-sheet_1-11877,beam,705.3156,0.0,178.155,5.0
BM-sheet_1-11878,beam,884.1445,0.0,223.306,6.267
BM-sheet_1-11879,beam,901.8847,0.0,227.768,6.391
BM-sheet_1-11880,beam,1086.7349,0.0,274.428,7.7
BM-sheet_1-11881,beam,1082.9481,0.0,273.449,7.672
BM-sheet_1-11882,beam,684.7413,0.0,172.885,4.85
BM-sheet_1-11883,beam,1087.2838,0.0,274.497,7.7
BM-sheet_1-11884,beam,1150.2228,0.0,290.363,8.144
BM-sheet_1-11885,beam,1087.6498,0.0,274.544,7.7
BM-sheet_1-11886,beam,1144.3434,0.0,288.83,8.1
BM-sheet_1-11887,beam,639.8633,0.0,161.486,4.528
BM-sheet_1-11888,beam,679.1966,0.0,171.399,4.806
BM-sheet_1-11889,beam,387.5156,0.0,97.783,2.742
BM-sheet_1-11890,beam,1088.5661,0.0,274.659,7.7
BM-sheet_1-11891,beam,509.0288,0.0,128.424,3.6
BM-sheet_1-11892,beam,1838.4556,0.0,463.788,13.0
BM-sheet_1-11893,beam,770.7521,0.0,194.422,5.449
BM-sheet_1-11894,beam,879.2463,0.0,221.771,6.215
BM-sheet_1-11895,beam,407.8097,0.0,102.852,2.882
BM-sheet_1-11896,beam,691.7093,0.0,174.439,4.888
BM-sheet_1-11897,beam,1146.4625,0.0,289.097,8.1
BM-sheet_1-11898,beam,961.7182,0.0,242.491,6.794
BM-sheet_1-11899,beam,1118.531,0.0,282.006,7.9
BM-sheet_1-11900,beam,1082.1094,0.0,272.801,7.641
BM-sheet_1-11901,beam,1353.0378,0.0,341.073,9.553
BM-sheet_1-11902,beam,1090.7636,0.0,274.936,7.7
BM-sheet_1-11903,beam,810.5487,0.0,204.289,5.721
BM-sheet_1-11904,beam,1105.3007,0.0,278.554,7.8
BM-sheet_1-11905,beam,1072.5409,0.0,270.275,7.568
BM-sheet_1-11906,beam,1091.4959,0.0,275.028,7.7
BM-sheet_1-11907,beam,448.0428,0.0,112.886,3.16
BM-sheet_1-11908,beam,979.4899,0.0,246.764,6.908
BM-sheet_1-11909,beam,1130.3412,0.0,284.745,7.97
BM-sheet_1-11910,beam,687.9723,0.0,173.293,4.85
BM-sheet_1-11911,beam,1055.0069,0.0,265.722,7.436
BM-sheet_1-11912,beam,1067.8126,0.0,268.925,7.525
BM-sheet_1-11913,beam,1092.7798,0.0,275.19,7.7
BM-sheet_1-11914,beam,347.2117,0.0,87.429,2.446
BM-sheet_1-11915,beam,1093.1485,0.0,275.237,7.7
BM-sheet_1-11916,beam,1126.4168,0.0,283.589,7.933
BM-sheet_1-11917,beam,1058.5012,0.0,266.468,7.453
BM-sheet_1-11918,beam,1122.1059,0.0,282.457,7.9
BM-sheet_1-11919,beam,1093.8817,0.0,275.329,7.7
BM-sheet_1-11920,beam,1094.0653,0.0,275.352,7.7
BM-sheet_1-11921,beam,723.2491,0.0,182.011,5.089
BM-sheet_1-11922,beam,1094.4324,0.0,275.398,7.7
BM-sheet_1-11923,beam,1336.001,0.0,336.157,9.398
BM-sheet_1-11924,beam,1094.7997,0.0,275.444,7.7
BM-sheet_1-11925,beam,1094.9833,0.0,275.468,7.7
BM-sheet_1-11926,beam,1088.0555,0.0,273.702,7.65
BM-sheet_1-11927,beam,1095.3506,0.0,275.514,7.7
BM-sheet_1-11928,beam,465.6552,0.0,117.116,3.273
BM-sheet_1-11929,beam,1095.718,0.0,275.56,7.7
BM-sheet_1-11930,beam,1095.9017,0.0,275.583,7.7
BM-sheet_1-11931,beam,1096.0855,0.0,275.606,7.7
BM-sheet_1-11932,beam,884.8735,0.0,222.479,6.215
BM-sheet_1-11933,beam,1096.453,0.0,275.652,7.7
BM-sheet_1-11934,beam,649.619,0.0,163.303,4.561
BM-sheet_1-11935,beam,1125.3094,0.0,282.86,7.9
BM-sheet_1-11936,beam,655.3532,0.0,164.717,4.6
BM-sheet_1-11937,beam,738.0828,0.0,185.495,5.18
BM-sheet_1-11938,beam,1111.6236,0.0,279.349,7.8
BM-sheet_1-11939,beam,726.9526,0.0,182.667,5.1
BM-sheet_1-11940,beam,1090.6115,0.0,274.023,7.65
BM-sheet_1-11941,beam,1063.2081,0.0,267.115,7.457
BM-sheet_1-11942,beam,740.634,0.0,186.058,5.193
BM-sheet_1-11943,beam,727.4398,0.0,182.728,5.1
BM-sheet_1-11944,beam,1065.1379,0.0,267.533,7.466
BM-sheet_1-11945,beam,739.6104,0.0,185.754,5.184
BM-sheet_1-11946,beam,1113.1139,0.0,279.536,7.8
BM-sheet_1-11947,beam,1197.189,0.0,300.625,8.388
BM-sheet_1-11948,beam,660.9468,0.0,165.956,4.63
BM-sheet_1-11949,beam,1113.6731,0.0,279.607,7.8
BM-sheet_1-11950,beam,1215.2569,0.0,305.085,8.51
BM-sheet_1-11951,beam,1092.622,0.0,274.275,7.65
BM-sheet_1-11952,beam,1092.8048,0.0,274.298,7.65
BM-sheet_1-11953,beam,1100.1314,0.0,276.114,7.7
BM-sheet_1-11954,beam,1100.3155,0.0,276.137,7.7
BM-sheet_1-11955,beam,1114.7918,0.0,279.747,7.8
BM-sheet_1-11956,beam,1093.5364,0.0,274.39,7.65
BM-sheet_1-11957,beam,1129.4618,0.0,283.381,7.9
BM-sheet_1-11958,beam,1179.6986,0.0,295.96,8.25
BM-sheet_1-11959,beam,1129.8397,0.0,283.428,7.9
BM-sheet_1-11960,beam,1094.2682,0.0,274.482,7.65
BM-sheet_1-11961,beam,658.1014,0.0,165.062,4.6
BM-sheet_1-11962,beam,1094.6342,0.0,274.528,7.65
BM-sheet_1-11963,beam,1101.9729,0.0,276.345,7.7
BM-sheet_1-11964,beam,435.1374,0.0,109.112,3.04
BM-sheet_1-11965,beam,1102.3414,0.0,276.391,7.7
BM-sheet_1-11966,beam,1069.007,0.0,268.011,7.466
BM-sheet_1-11967,beam,1151.2121,0.0,288.597,8.039
BM-sheet_1-11968,beam,730.4884,0.0,183.11,5.1
BM-sheet_1-11969,beam,591.3058,0.0,148.209,4.128
BM-sheet_1-11970,beam,435.5739,0.0,109.166,3.04
BM-sheet_1-11971,beam,1103.4473,0.0,276.53,7.7
BM-sheet_1-11972,beam,1117.9645,0.0,280.145,7.8
BM-sheet_1-11973,beam,1173.9983,0.0,294.161,8.19
BM-sheet_1-11974,beam,925.4435,0.0,231.863,6.455
BM-sheet_1-11975,beam,1104.1848,0.0,276.623,7.7
BM-sheet_1-11976,beam,1142.5061,0.0,286.199,7.966
BM-sheet_1-11977,beam,1118.8985,0.0,280.262,7.8
BM-sheet_1-11978,beam,1119.0854,0.0,280.285,7.8
BM-sheet_1-11979,beam,846.629,0.0,212.028,5.9
BM-sheet_1-11980,beam,1119.4591,0.0,280.332,7.8
BM-sheet_1-11981,beam,1184.241,0.0,296.53,8.25
BM-sheet_1-11982,beam,1105.4761,0.0,276.784,7.7
BM-sheet_1-11983,beam,546.0649,0.0,136.71,3.803
BM-sheet_1-11984,beam,1120.2068,0.0,280.426,7.8
BM-sheet_1-11985,beam,1098.7376,0.0,275.028,7.649
BM-sheet_1-11986,beam,864.8566,0.0,216.467,6.02
BM-sheet_1-11987,beam,1223.4015,0.0,306.182,8.514
BM-sheet_1-11988,beam,1185.6252,0.0,296.703,8.25
BM-sheet_1-11989,beam,1106.7681,0.0,276.946,7.7
BM-sheet_1-11990,beam,1121.3288,0.0,280.566,7.8
BM-sheet_1-11991,beam,684.0951,0.0,171.152,4.758
BM-sheet_1-11992,beam,1100.1317,0.0,275.216,7.65
BM-sheet_1-11993,beam,517.7991,0.0,129.525,3.6
BM-sheet_1-11994,beam,1122.0771,0.0,280.66,7.8
BM-sheet_1-11995,beam,1136.6522,0.0,284.281,7.9
BM-sheet_1-11996,beam,398.8947,0.0,99.757,2.772
BM-sheet_1-11997,beam,1108.2457,0.0,277.131,7.7
BM-sheet_1-11998,beam,901.985,0.0,225.534,6.266
BM-sheet_1-11999,beam,528.8849,0.0,132.232,3.673
BM-sheet_1-12000,beam,301.3787,0.0,75.345,2.093
BM-sheet_1-12001,beam,669.7116,0.0,167.414,4.65
BM-sheet_1-12002,beam,734.6448,0.0,183.631,5.1
BM-sheet_1-12003,beam,850.0249,0.0,212.453,5.9
BM-sheet_1-12004,beam,1138.3585,0.0,284.495,7.9
BM-sheet_1-12005,beam,965.6765,0.0,241.319,6.701
BM-sheet_1-12006,beam,1076.9466,0.0,269.102,7.471
BM-sheet_1-12007,beam,1110.094,0.0,277.362,7.7
BM-sheet_1-12008,beam,1016.5553,0.0,253.97,7.05
BM-sheet_1-12009,beam,591.0405,0.0,147.649,4.098
BM-sheet_1-12010,beam,686.2647,0.0,171.423,4.758
BM-sheet_1-12011,beam,1125.2601,0.0,281.057,7.8
BM-sheet_1-12012,beam,592.7581,0.0,148.041,4.108
BM-sheet_1-12013,beam,1125.6349,0.0,281.104,7.8
BM-sheet_1-12014,beam,1205.2079,0.0,300.951,8.35
BM-sheet_1-12015,beam,1126.0098,0.0,281.151,7.8
BM-sheet_1-12016,beam,1111.7588,0.0,277.57,7.7
BM-sheet_1-12017,beam,1111.9438,0.0,277.593,7.7
BM-sheet_1-12018,beam,767.8042,0.0,191.664,5.316
BM-sheet_1-12019,beam,1126.7596,0.0,281.245,7.8
BM-sheet_1-12020,beam,1112.4991,0.0,277.662,7.7
BM-sheet_1-12021,beam,1127.1346,0.0,281.291,7.8
BM-sheet_1-12022,beam,1127.3222,0.0,281.315,7.8
BM-sheet_1-12023,beam,672.1693,0.0,167.721,4.65
BM-sheet_1-12024,beam,672.2811,0.0,167.735,4.65
BM-sheet_1-12025,beam,672.3929,0.0,167.749,4.65
BM-sheet_1-12026,beam,1091.9125,0.0,272.388,7.55
BM-sheet_1-12027,beam,400.959,0.0,100.015,2.772
BM-sheet_1-12028,beam,1142.915,0.0,285.064,7.9
BM-sheet_1-12029,beam,672.8403,0.0,167.805,4.65
BM-sheet_1-12030,beam,1092.639,0.0,272.479,7.55
BM-sheet_1-12031,beam,673.0641,0.0,167.832,4.65
BM-sheet_1-12032,beam,1143.6753,0.0,285.158,7.9
BM-sheet_1-12033,beam,1020.7925,0.0,254.498,7.05
BM-sheet_1-12034,beam,1115.0921,0.0,277.985,7.7
BM-sheet_1-12035,beam,673.5117,0.0,167.888,4.65
BM-sheet_1-12036,beam,1129.9493,0.0,281.642,7.8
BM-sheet_1-12037,beam,666.4911,0.0,166.111,4.6
BM-sheet_1-12038,beam,666.6018,0.0,166.124,4.6
BM-sheet_1-12039,beam,1130.5127,0.0,281.713,7.8
BM-sheet_1-12040,beam,652.4458,0.0,162.57,4.501
BM-sheet_1-12041,beam,1130.8883,0.0,281.759,7.8
BM-sheet_1-12042,beam,952.5605,0.0,237.31,6.569
BM-sheet_1-12043,beam,1115.3098,0.0,277.832,7.69
BM-sheet_1-12044,beam,607.6862,0.0,151.367,4.189
BM-sheet_1-12045,beam,1115.6803,0.0,277.878,7.69
BM-sheet_1-12046,beam,616.4273,0.0,153.518,4.248
BM-sheet_1-12047,beam,645.8294,0.0,160.827,4.45
BM-sheet_1-12048,beam,645.9367,0.0,160.841,4.45
BM-sheet_1-12049,beam,1062.5059,0.0,264.546,7.319
BM-sheet_1-12050,beam,1067.343,0.0,265.729,7.351
BM-sheet_1-12051,beam,1118.2448,0.0,278.378,7.7
BM-sheet_1-12052,beam,1118.4304,0.0,278.401,7.7
BM-sheet_1-12053,beam,1229.3715,0.0,305.991,8.462
BM-sheet_1-12054,beam,1103.8609,0.0,274.729,7.597
BM-sheet_1-12055,beam,1118.9873,0.0,278.47,7.7
BM-sheet_1-12056,beam,660.2955,0.0,164.307,4.543
BM-sheet_1-12057,beam,127.9265,0.0,31.83,0.88
BM-sheet_1-12058,beam,149.757,0.0,37.259,1.03
BM-sheet_1-12059,beam,127.9689,0.0,31.836,0.88
BM-sheet_1-12060,beam,631.6563,0.0,157.128,4.343
BM-sheet_1-12061,beam,675.9985,0.0,168.145,4.647
BM-sheet_1-12062,beam,1108.2876,0.0,275.648,7.618
BM-sheet_1-12063,beam,976.5893,0.0,242.872,6.711
BM-sheet_1-12064,beam,676.7614,0.0,168.293,4.65
BM-sheet_1-12065,beam,1110.0158,0.0,276.009,7.626
BM-sheet_1-12066,beam,1121.0303,0.0,278.725,7.7
BM-sheet_1-12067,beam,686.6858,0.0,170.718,4.716
BM-sheet_1-12068,beam,1117.345,0.0,277.762,7.672
BM-sheet_1-12069,beam,1121.5879,0.0,278.794,7.7
BM-sheet_1-12070,beam,1121.7737,0.0,278.817,7.7
BM-sheet_1-12071,beam,1083.0579,0.0,269.172,7.433
BM-sheet_1-12072,beam,150.1049,0.0,37.302,1.03
BM-sheet_1-12073,beam,1122.3314,0.0,278.886,7.7
BM-sheet_1-12074,beam,1247.4865,0.0,309.96,8.557
BM-sheet_1-12075,beam,1122.7033,0.0,278.933,7.7
BM-sheet_1-12076,beam,1122.8893,0.0,278.956,7.7
BM-sheet_1-12077,beam,649.05,0.0,161.228,4.45
BM-sheet_1-12078,beam,958.3988,0.0,238.052,6.57
BM-sheet_1-12079,beam,649.265,0.0,161.255,4.45
BM-sheet_1-12080,beam,1052.1049,0.0,261.284,7.21
BM-sheet_1-12081,beam,729.7528,0.0,181.215,5.0
BM-sheet_1-12082,beam,1218.8897,0.0,302.654,8.35
BM-sheet_1-12083,beam,726.2623,0.0,180.318,4.974
BM-sheet_1-12084,beam,406.3384,0.0,100.878,2.783
BM-sheet_1-12085,beam,847.0739,0.0,210.279,5.8
BM-sheet_1-12086,beam,759.5707,0.0,188.541,5.2
BM-sheet_1-12087,beam,847.3543,0.0,210.314,5.8
BM-sheet_1-12088,beam,759.8221,0.0,188.573,5.2
BM-sheet_1-12089,beam,4744.5901,0.0,1177.415,32.465
BM-sheet_1-12090,beam,457.6388,0.0,113.558,3.131
BM-sheet_1-12091,beam,1146.1429,0.0,284.379,7.84
BM-sheet_1-12092,beam,1146.3363,0.0,284.404,7.84
BM-sheet_1-12093,beam,439.635,0.0,109.064,3.006
BM-sheet_1-12094,beam,1126.2392,0.0,279.371,7.7
BM-sheet_1-12095,beam,356.9348,0.0,88.533,2.44
BM-sheet_1-12096,beam,1420.7013,0.0,352.356,9.71
BM-sheet_1-12097,beam,441.9394,0.0,109.599,3.02
BM-sheet_1-12098,beam,357.1119,0.0,88.555,2.44
BM-sheet_1-12099,beam,1392.129,0.0,345.184,9.51
BM-sheet_1-12100,beam,1392.3591,0.0,345.213,9.51
BM-sheet_1-12101,beam,297.6342,0.0,73.787,2.033
BM-sheet_1-12102,beam,1066.6569,0.0,264.417,7.283
BM-sheet_1-12103,beam,1107.4098,0.0,274.496,7.56
BM-sheet_1-12104,beam,405.828,0.0,100.585,2.77
BM-sheet_1-12105,beam,967.1048,0.0,239.679,6.6
BM-sheet_1-12106,beam,388.3711,0.0,96.243,2.65
BM-sheet_1-12107,beam,1429.1455,0.0,354.129,9.75
BM-sheet_1-12108,beam,789.0871,0.0,195.512,5.382
BM-sheet_1-12109,beam,604.8117,0.0,149.842,4.125
BM-sheet_1-12110,beam,1467.5855,0.0,363.564,10.007
BM-sheet_1-12111,beam,457.634,0.0,113.36,3.12
BM-sheet_1-12112,beam,369.6895,0.0,91.568,2.52
BM-sheet_1-12113,beam,457.7852,0.0,113.379,3.12
BM-sheet_1-12114,beam,457.8607,0.0,113.388,3.12
BM-sheet_1-12115,beam,938.9401,0.0,232.507,6.397
BM-sheet_1-12116,beam,920.7947,0.0,227.995,6.273
BM-sheet_1-12117,beam,670.9797,0.0,166.125,4.57
BM-sheet_1-12118,beam,763.4284,0.0,188.999,5.199
BM-sheet_1-12119,beam,1123.5645,0.0,278.133,7.65
BM-sheet_1-12120,beam,1204.5341,0.0,298.152,8.2
BM-sheet_1-12121,beam,1199.0828,0.0,296.778,8.162
BM-sheet_1-12122,beam,1124.1208,0.0,278.202,7.65
BM-sheet_1-12123,beam,1205.1305,0.0,298.226,8.2
BM-sheet_1-12124,beam,1199.6764,0.0,296.852,8.162
BM-sheet_1-12125,beam,943.2183,0.0,233.374,6.416
BM-sheet_1-12126,beam,1029.6581,0.0,254.74,7.003
BM-sheet_1-12127,beam,1147.1009,0.0,283.772,7.8
BM-sheet_1-12128,beam,1147.2901,0.0,283.795,7.8
BM-sheet_1-12129,beam,1147.4786,0.0,283.819,7.8
BM-sheet_1-12130,beam,508.7892,0.0,125.834,3.458
BM-sheet_1-12131,beam,1147.8509,0.0,283.864,7.8
BM-sheet_1-12132,beam,1148.0402,0.0,283.887,7.8
BM-sheet_1-12133,beam,1136.7236,0.0,281.066,7.722
BM-sheet_1-12134,beam,1120.4511,0.0,277.019,7.61
BM-sheet_1-12135,beam,1120.6358,0.0,277.042,7.61
BM-sheet_1-12136,beam,1197.8888,0.0,296.116,8.133
BM-sheet_1-12137,beam,677.8227,0.0,167.543,4.601
BM-sheet_1-12138,beam,756.5722,0.0,186.993,5.135
BM-sheet_1-12139,beam,756.695,0.0,187.008,5.135
BM-sheet_1-12140,beam,1284.8708,0.0,317.513,8.718
BM-sheet_1-12141,beam,668.1523,0.0,165.098,4.533
BM-sheet_1-12142,beam,1172.0526,0.0,289.586,7.95
BM-sheet_1-12143,beam,1172.2462,0.0,289.61,7.95
BM-sheet_1-12144,beam,1156.0342,0.0,285.582,7.839
BM-sheet_1-12145,beam,799.9969,0.0,197.611,5.424
BM-sheet_1-12146,beam,311.5358,0.0,76.948,2.112
BM-sheet_1-12147,beam,1150.8851,0.0,284.239,7.8
BM-sheet_1-12148,beam,339.42,0.0,83.821,2.3
BM-sheet_1-12149,beam,44.2795,0.0,10.934,0.3
BM-sheet_1-12150,beam,131.384,0.0,32.441,0.89
BM-sheet_1-12151,beam,60.5352,0.0,14.946,0.41
BM-sheet_1-12152,beam,465.164,0.0,114.836,3.15
BM-sheet_1-12153,beam,345.6073,0.0,85.314,2.34
BM-sheet_1-12154,beam,218.6252,0.0,53.964,1.48
BM-sheet_1-12155,beam,218.6612,0.0,53.968,1.48
BM-sheet_1-12156,beam,747.7043,0.0,184.527,5.06
BM-sheet_1-12157,beam,107.1704,0.0,26.447,0.725
BM-sheet_1-12158,beam,498.8615,0.0,123.095,3.375
BM-sheet_1-12159,beam,136.7739,0.0,33.746,0.925
BM-sheet_1-12160,beam,107.1818,0.0,26.443,0.725
BM-sheet_1-12161,beam,384.5138,0.0,94.856,2.6
BM-sheet_1-12162,beam,369.7891,0.0,91.216,2.5
BM-sheet_1-12163,beam,526.6613,0.0,129.901,3.56
BM-sheet_1-12164,beam,1305.3901,0.0,321.948,8.822
BM-sheet_1-12165,beam,526.8345,0.0,129.922,3.56
BM-sheet_1-12166,beam,617.0315,0.0,152.153,4.169
BM-sheet_1-12167,beam,358.987,0.0,88.515,2.425
BM-sheet_1-12168,beam,995.705,0.0,245.489,6.725
BM-sheet_1-12169,beam,359.1051,0.0,88.529,2.425
BM-sheet_1-12170,beam,996.0324,0.0,245.53,6.725
BM-sheet_1-12171,beam,1422.0791,0.0,350.525,9.6
BM-sheet_1-12172,beam,527.441,0.0,129.997,3.56
BM-sheet_1-12173,beam,868.3461,0.0,214.001,5.86
BM-sheet_1-12174,beam,340.8744,0.0,84.001,2.3
BM-sheet_1-12175,beam,589.9718,0.0,145.373,3.98
BM-sheet_1-12176,beam,590.0409,0.0,145.378,3.98
BM-sheet_1-12177,beam,222.419,0.0,54.796,1.5
BM-sheet_1-12178,beam,60.8045,0.0,14.979,0.41
BM-sheet_1-12179,beam,467.2333,0.0,115.092,3.15
BM-sheet_1-12180,beam,750.6631,0.0,184.892,5.06
BM-sheet_1-12181,beam,400.6173,0.0,98.666,2.7
BM-sheet_1-12182,beam,507.5318,0.0,124.987,3.42
BM-sheet_1-12183,beam,107.6085,0.0,26.498,0.725
BM-sheet_1-12184,beam,137.3161,0.0,33.811,0.925
BM-sheet_1-12185,beam,114.3252,0.0,28.147,0.77
BM-sheet_1-12186,beam,501.1828,0.0,123.383,3.375
BM-sheet_1-12187,beam,107.6792,0.0,26.507,0.725
BM-sheet_1-12188,beam,341.6589,0.0,84.097,2.3
BM-sheet_1-12189,beam,96.5716,0.0,23.769,0.65
BM-sheet_1-12190,beam,374.4622,0.0,92.156,2.52
BM-sheet_1-12191,beam,404.2477,0.0,99.479,2.72
BM-sheet_1-12192,beam,425.1243,0.0,104.607,2.86
BM-sheet_1-12193,beam,237.8708,0.0,58.526,1.6
BM-sheet_1-12194,beam,1094.3852,0.0,269.244,7.36
BM-sheet_1-12195,beam,447.6413,0.0,110.121,3.01
BM-sheet_1-12196,beam,309.3842,0.0,76.103,2.08
BM-sheet_1-12197,beam,1124.6771,0.0,276.628,7.56
BM-sheet_1-12198,beam,501.4269,0.0,123.322,3.37
BM-sheet_1-12199,beam,386.9206,0.0,95.152,2.6
BM-sheet_1-12200,beam,47.6288,0.0,11.712,0.32
BM-sheet_1-12201,beam,1414.2118,0.0,347.728,9.5
BM-sheet_1-12202,beam,1073.4688,0.0,263.924,7.21
BM-sheet_1-12203,beam,279.642,0.0,68.748,1.878
BM-sheet_1-12204,beam,694.0493,0.0,170.612,4.66
BM-sheet_1-12205,beam,738.8516,0.0,181.61,4.96
BM-sheet_1-12206,beam,2651.9586,0.0,651.8,17.8
BM-sheet_1-12207,beam,2197.3705,0.0,540.027,14.746
BM-sheet_1-12208,beam,4894.3964,0.0,1202.751,32.841
BM-sheet_1-12209,beam,59.6239,0.0,14.651,0.4
BM-sheet_1-12210,beam,231.074,0.0,56.775,1.55
BM-sheet_1-12211,beam,964.7385,0.0,237.017,6.47
BM-sheet_1-12212,beam,696.4572,0.0,171.092,4.67
BM-sheet_1-12213,beam,134.2416,0.0,32.975,0.9
BM-sheet_1-12214,beam,96.9682,0.0,23.817,0.65
BM-sheet_1-12215,beam,2123.2046,0.0,521.458,14.23
BM-sheet_1-12216,beam,2063.86,0.0,506.842,13.83
BM-sheet_1-12217,beam,1208.9662,0.0,296.873,8.1
BM-sheet_1-12218,beam,2279.4983,0.0,559.707,15.27
BM-sheet_1-12219,beam,1413.9085,0.0,347.142,9.47
BM-sheet_1-12220,beam,89.597,0.0,21.996,0.6
BM-sheet_1-12221,beam,757.2253,0.0,185.883,5.07
BM-sheet_1-12222,beam,1168.0498,0.0,286.708,7.819
BM-sheet_1-12223,beam,236.8015,0.0,58.12,1.585
BM-sheet_1-12224,beam,423.623,0.0,103.965,2.835
BM-sheet_1-12225,beam,762.1982,0.0,187.042,5.1
BM-sheet_1-12226,beam,6366.9802,0.0,1562.321,42.596
BM-sheet_1-12227,beam,3.3071,0.0,20.669,10.335
BM-sheet_1-12228,beam,6167.1408,0.0,1513.037,41.245
BM-sheet_1-12229,beam,11.2147,0.0,70.092,35.046
BM-sheet_1-12230,beam,311.9698,0.0,76.526,2.086
BM-sheet_1-12231,beam,762.9465,0.0,187.134,5.1
BM-sheet_1-12232,beam,94.4003,0.0,23.152,0.631
BM-sheet_1-12233,beam,703.3376,0.0,172.485,4.7
BM-sheet_1-12234,beam,703.4526,0.0,172.499,4.7
BM-sheet_1-12235,beam,11.5645,0.0,72.278,36.139
BM-sheet_1-12236,beam,757.3763,0.0,185.692,5.059
BM-sheet_1-12237,beam,750.033,0.0,183.877,5.009
BM-sheet_1-12238,beam,584.3395,0.0,143.244,3.902
BM-sheet_1-12239,beam,1048.9695,0.0,257.121,7.003
BM-sheet_1-12240,beam,584.5305,0.0,143.267,3.902
BM-sheet_1-12241,beam,1049.3123,0.0,257.163,7.003
BM-sheet_1-12242,beam,1093.3662,0.0,267.938,7.296
BM-sheet_1-12243,beam,216.8834,0.0,53.145,1.447
BM-sheet_1-12244,beam,524.7044,0.0,128.562,3.5
BM-sheet_1-12245,beam,1139.5442,0.0,279.186,7.6
BM-sheet_1-12246,beam,1154.7268,0.0,282.883,7.7
BM-sheet_1-12247,beam,1139.9165,0.0,279.232,7.6
BM-sheet_1-12248,beam,615.0554,0.0,150.65,4.1
BM-sheet_1-12249,beam,636.9113,0.0,155.991,4.245
BM-sheet_1-12250,beam,187.5781,0.0,45.938,1.25
BM-sheet_1-12251,beam,894.5185,0.0,219.048,5.96
BM-sheet_1-12252,beam,210.1561,0.0,51.458,1.4
BM-sheet_1-12253,beam,675.612,0.0,165.416,4.5
BM-sheet_1-12254,beam,637.4314,0.0,156.055,4.245
BM-sheet_1-12255,beam,297.3663,0.0,72.795,1.98
BM-sheet_1-12256,beam,895.2488,0.0,219.137,5.96
BM-sheet_1-12257,beam,210.3277,0.0,51.479,1.4
BM-sheet_1-12258,beam,676.1635,0.0,165.483,4.5
BM-sheet_1-12259,beam,637.9517,0.0,156.118,4.245
BM-sheet_1-12260,beam,187.8845,0.0,45.975,1.25
BM-sheet_1-12261,beam,895.9794,0.0,219.227,5.96
BM-sheet_1-12262,beam,210.4993,0.0,51.5,1.4
BM-sheet_1-12263,beam,676.7153,0.0,165.55,4.5
BM-sheet_1-12264,beam,638.4722,0.0,156.182,4.245
BM-sheet_1-12265,beam,188.0378,0.0,45.994,1.25
BM-sheet_1-12266,beam,896.7103,0.0,219.316,5.96
BM-sheet_1-12267,beam,210.671,0.0,51.521,1.4
BM-sheet_1-12268,beam,677.2672,0.0,165.618,4.5
BM-sheet_1-12269,beam,638.9929,0.0,156.246,4.245
BM-sheet_1-12270,beam,522.4186,0.0,127.731,3.47
BM-sheet_1-12271,beam,635.4368,0.0,155.351,4.22
BM-sheet_1-12272,beam,1097.8885,0.0,268.389,7.29
BM-sheet_1-12273,beam,639.4096,0.0,156.297,4.245
BM-sheet_1-12274,beam,639.5138,0.0,156.309,4.245
BM-sheet_1-12275,beam,678.0403,0.0,165.713,4.5
BM-sheet_1-12276,beam,210.9802,0.0,51.559,1.4
BM-sheet_1-12277,beam,898.3194,0.0,219.513,5.96
BM-sheet_1-12278,beam,188.4366,0.0,46.042,1.25
BM-sheet_1-12279,beam,1167.7434,0.0,285.303,7.745
BM-sheet_1-12280,beam,606.2096,0.0,148.097,4.02
BM-sheet_1-12281,beam,60.3292,0.0,14.737,0.4
BM-sheet_1-12282,beam,426.8985,0.0,104.274,2.83
BM-sheet_1-12283,beam,150.8721,0.0,36.849,1.0
BM-sheet_1-12284,beam,129.7481,0.0,31.687,0.86
BM-sheet_1-12285,beam,71.6876,0.0,17.506,0.475
BM-sheet_1-12286,beam,258.1173,0.0,63.027,1.71
BM-sheet_1-12287,beam,258.1593,0.0,63.032,1.71
BM-sheet_1-12288,beam,108.7164,0.0,26.542,0.72
BM-sheet_1-12289,beam,317.141,0.0,77.421,2.1
BM-sheet_1-12290,beam,317.1926,0.0,77.427,2.1
BM-sheet_1-12291,beam,477.377,0.0,116.519,3.16
BM-sheet_1-12292,beam,477.4547,0.0,116.528,3.16
BM-sheet_1-12293,beam,220.6321,0.0,53.843,1.46
BM-sheet_1-12294,beam,733.0408,0.0,178.878,4.85
BM-sheet_1-12295,beam,225.2389,0.0,54.959,1.49
BM-sheet_1-12296,beam,346.9848,0.0,84.658,2.295
BM-sheet_1-12297,beam,316.0419,0.0,77.102,2.09
BM-sheet_1-12298,beam,163.3401,0.0,39.846,1.08
BM-sheet_1-12299,beam,259.4202,0.0,63.278,1.715
BM-sheet_1-12300,beam,45.387,0.0,11.07,0.3
BM-sheet_1-12301,beam,47.6641,0.0,11.624,0.315
BM-sheet_1-12302,beam,246.6829,0.0,60.157,1.63
BM-sheet_1-12303,beam,208.8821,0.0,50.934,1.38
BM-sheet_1-12304,beam,242.2215,0.0,59.059,1.6
BM-sheet_1-12305,beam,375.5043,0.0,91.549,2.48
BM-sheet_1-12306,beam,375.5653,0.0,91.557,2.48
BM-sheet_1-12307,beam,318.0707,0.0,77.534,2.1
BM-sheet_1-12308,beam,318.1224,0.0,77.54,2.1
BM-sheet_1-12309,beam,115.1487,0.0,28.065,0.76
BM-sheet_1-12310,beam,234.1233,0.0,57.057,1.545
BM-sheet_1-12311,beam,352.2271,0.0,85.832,2.324
BM-sheet_1-12312,beam,733.9987,0.0,178.85,4.842
BM-sheet_1-12313,beam,1204.5412,0.0,293.48,7.945
BM-sheet_1-12314,beam,162.2481,0.0,39.528,1.07
BM-sheet_1-12315,beam,1251.1886,0.0,304.796,8.25
BM-sheet_1-12316,beam,379.2096,0.0,92.37,2.5
BM-sheet_1-12317,beam,379.2712,0.0,92.377,2.5
BM-sheet_1-12318,beam,406.6448,0.0,99.037,2.68
BM-sheet_1-12319,beam,406.7108,0.0,99.045,2.68
BM-sheet_1-12320,beam,113.8368,0.0,27.72,0.75
BM-sheet_1-12321,beam,106.2649,0.0,25.874,0.7
BM-sheet_1-12322,beam,68.3243,0.0,16.635,0.45
BM-sheet_1-12323,beam,47.8347,0.0,11.645,0.315
BM-sheet_1-12324,beam,329.5817,0.0,80.229,2.17
BM-sheet_1-12325,beam,291.6588,0.0,70.992,1.92
BM-sheet_1-12326,beam,106.3512,0.0,25.885,0.7
BM-sheet_1-12327,beam,379.8873,0.0,92.453,2.5
BM-sheet_1-12328,beam,88.9081,0.0,21.636,0.585
BM-sheet_1-12329,beam,60.8014,0.0,14.795,0.4
BM-sheet_1-12330,beam,83.6161,0.0,20.345,0.55
BM-sheet_1-12331,beam,215.9161,0.0,52.53,1.42
BM-sheet_1-12332,beam,104.934,0.0,25.527,0.69
BM-sheet_1-12333,beam,258.5749,0.0,62.898,1.7
BM-sheet_1-12334,beam,83.6702,0.0,20.351,0.55
BM-sheet_1-12335,beam,111.0709,0.0,27.014,0.73
BM-sheet_1-12336,beam,260.2198,0.0,63.283,1.71
BM-sheet_1-12337,beam,595.1081,0.0,144.713,3.91
BM-sheet_1-12338,beam,185.716,0.0,45.157,1.22
BM-sheet_1-12339,beam,162.9085,0.0,39.608,1.07
BM-sheet_1-12340,beam,574.079,0.0,139.565,3.77
BM-sheet_1-12341,beam,673.1672,0.0,163.642,4.42
BM-sheet_1-12342,beam,271.1384,0.0,65.906,1.78
BM-sheet_1-12343,beam,271.1824,0.0,65.912,1.78
BM-sheet_1-12344,beam,414.4582,0.0,100.727,2.72
BM-sheet_1-12345,beam,414.5253,0.0,100.735,2.72
BM-sheet_1-12346,beam,220.7863,0.0,53.65,1.449
BM-sheet_1-12347,beam,1187.3476,0.0,288.495,7.789
BM-sheet_1-12348,beam,83.8602,0.0,20.374,0.55
BM-sheet_1-12349,beam,80.0613,0.0,19.45,0.525
BM-sheet_1-12350,beam,114.3919,0.0,27.788,0.75
BM-sheet_1-12351,beam,378.3171,0.0,91.891,2.48
BM-sheet_1-12352,beam,378.3783,0.0,91.899,2.48
BM-sheet_1-12353,beam,320.4529,0.0,77.824,2.1
BM-sheet_1-12354,beam,320.5048,0.0,77.83,2.1
BM-sheet_1-12355,beam,199.9663,0.0,48.555,1.31
BM-sheet_1-12356,beam,215.2657,0.0,52.266,1.41
BM-sheet_1-12357,beam,261.8727,0.0,63.577,1.715
BM-sheet_1-12358,beam,210.7538,0.0,51.162,1.38
BM-sheet_1-12359,beam,244.3918,0.0,59.323,1.6
BM-sheet_1-12360,beam,227.6267,0.0,55.249,1.49
BM-sheet_1-12361,beam,1275.0686,0.0,309.458,8.345
BM-sheet_1-12362,beam,311.7508,0.0,75.655,2.04
BM-sheet_1-12363,beam,56.5522,0.0,13.723,0.37
BM-sheet_1-12364,beam,84.842,0.0,20.586,0.555
BM-sheet_1-12365,beam,321.0758,0.0,77.9,2.1
BM-sheet_1-12366,beam,321.1277,0.0,77.906,2.1
BM-sheet_1-12367,beam,483.2989,0.0,117.239,3.16
BM-sheet_1-12368,beam,483.3771,0.0,117.249,3.16
BM-sheet_1-12369,beam,261.6166,0.0,63.453,1.71
BM-sheet_1-12370,beam,261.6589,0.0,63.458,1.71
BM-sheet_1-12371,beam,593.8016,0.0,143.998,3.88
BM-sheet_1-12372,beam,688.7987,0.0,167.022,4.5
BM-sheet_1-12373,beam,183.7094,0.0,44.543,1.2
BM-sheet_1-12374,beam,284.7955,0.0,69.047,1.86
BM-sheet_1-12375,beam,627.1109,0.0,152.027,4.095
BM-sheet_1-12376,beam,689.2442,0.0,167.076,4.5
BM-sheet_1-12377,beam,214.4662,0.0,51.983,1.4
BM-sheet_1-12378,beam,805.9103,0.0,195.325,5.26
BM-sheet_1-12379,beam,245.9496,0.0,59.605,1.605
BM-sheet_1-12380,beam,482.7829,0.0,116.991,3.15
BM-sheet_1-12381,beam,498.1898,0.0,120.715,3.25
BM-sheet_1-12382,beam,153.3139,0.0,37.146,1.0
BM-sheet_1-12383,beam,231.5414,0.0,56.095,1.51
BM-sheet_1-12384,beam,61.3454,0.0,14.861,0.4
BM-sheet_1-12385,beam,438.6903,0.0,106.263,2.86
BM-sheet_1-12386,beam,73.6382,0.0,17.836,0.48
BM-sheet_1-12387,beam,72.8829,0.0,17.651,0.475
BM-sheet_1-12388,beam,262.421,0.0,63.55,1.71
BM-sheet_1-12389,beam,262.4633,0.0,63.556,1.71
BM-sheet_1-12390,beam,322.3754,0.0,78.057,2.1
BM-sheet_1-12391,beam,322.4275,0.0,78.063,2.1
BM-sheet_1-12392,beam,110.5644,0.0,26.767,0.72
BM-sheet_1-12393,beam,147.4433,0.0,35.692,0.96
BM-sheet_1-12394,beam,485.4115,0.0,117.495,3.16
BM-sheet_1-12395,beam,485.4898,0.0,117.505,3.16
BM-sheet_1-12396,beam,261.2234,0.0,63.22,1.7
BM-sheet_1-12397,beam,388.8246,0.0,94.093,2.53
BM-sheet_1-12398,beam,313.5692,0.0,75.876,2.04
BM-sheet_1-12399,beam,85.323,0.0,20.644,0.555
BM-sheet_1-12400,beam,56.8912,0.0,13.764,0.37
BM-sheet_1-12401,beam,1052.6567,0.0,254.654,6.845
BM-sheet_1-12402,beam,166.1144,0.0,40.182,1.08
BM-sheet_1-12403,beam,263.826,0.0,63.813,1.715
BM-sheet_1-12404,beam,48.4657,0.0,11.722,0.315
BM-sheet_1-12405,beam,46.1652,0.0,11.165,0.3
BM-sheet_1-12406,beam,229.3242,0.0,55.455,1.49
BM-sheet_1-12407,beam,212.4284,0.0,51.365,1.38
BM-sheet_1-12408,beam,250.9523,0.0,60.675,1.63
BM-sheet_1-12409,beam,246.3732,0.0,59.563,1.6
BM-sheet_1-12410,beam,381.9401,0.0,92.33,2.48
BM-sheet_1-12411,beam,382.0016,0.0,92.338,2.48
BM-sheet_1-12412,beam,323.5213,0.0,78.196,2.1
BM-sheet_1-12413,beam,323.5734,0.0,78.202,2.1
BM-sheet_1-12414,beam,241.9486,0.0,58.47,1.57
BM-sheet_1-12415,beam,447.9578,0.0,108.246,2.906
BM-sheet_1-12416,beam,778.0089,0.0,187.985,5.047
BM-sheet_1-12417,beam,232.0824,0.0,56.072,1.505
BM-sheet_1-12418,beam,1225.9435,0.0,296.169,7.95
BM-sheet_1-12419,beam,48.582,0.0,11.736,0.315
BM-sheet_1-12420,beam,413.4072,0.0,99.857,2.68
BM-sheet_1-12421,beam,413.4737,0.0,99.865,2.68
BM-sheet_1-12422,beam,385.7655,0.0,93.165,2.5
BM-sheet_1-12423,beam,385.8273,0.0,93.172,2.5
BM-sheet_1-12424,beam,262.4048,0.0,63.362,1.7
BM-sheet_1-12425,beam,707.0633,0.0,170.72,4.58
BM-sheet_1-12426,beam,474.0248,0.0,114.443,3.07
BM-sheet_1-12427,beam,177.5949,0.0,42.873,1.15
BM-sheet_1-12428,beam,302.7322,0.0,73.077,1.96
BM-sheet_1-12429,beam,571.5762,0.0,137.962,3.7
BM-sheet_1-12430,beam,652.0104,0.0,157.364,4.22
BM-sheet_1-12431,beam,271.9724,0.0,65.636,1.76
BM-sheet_1-12432,beam,272.0161,0.0,65.641,1.76
BM-sheet_1-12433,beam,386.4487,0.0,93.248,2.5
BM-sheet_1-12434,beam,170.0648,0.0,41.032,1.1
BM-sheet_1-12435,beam,90.4581,0.0,21.823,0.585
BM-sheet_1-12436,beam,248.9931,0.0,60.066,1.61
BM-sheet_1-12437,beam,224.2845,0.0,54.101,1.45
BM-sheet_1-12438,beam,108.2927,0.0,26.12,0.7
BM-sheet_1-12439,beam,263.0388,0.0,63.439,1.7
BM-sheet_1-12440,beam,85.8882,0.0,20.713,0.555
BM-sheet_1-12441,beam,414.8063,0.0,100.026,2.68
BM-sheet_1-12442,beam,414.873,0.0,100.034,2.68
BM-sheet_1-12443,beam,277.1426,0.0,66.819,1.79
BM-sheet_1-12444,beam,277.1871,0.0,66.824,1.79
BM-sheet_1-12445,beam,164.9451,0.0,39.762,1.065
BM-sheet_1-12446,beam,120.8243,0.0,29.124,0.78
BM-sheet_1-12447,beam,580.9793,0.0,140.029,3.75
BM-sheet_1-12448,beam,161.1508,0.0,38.838,1.04
BM-sheet_1-12449,beam,169.7005,0.0,40.895,1.095
BM-sheet_1-12450,beam,123.227,0.0,29.693,0.795
BM-sheet_1-12451,beam,603.0566,0.0,145.303,3.89
BM-sheet_1-12452,beam,72.8746,0.0,17.557,0.47
BM-sheet_1-12453,beam,414.0561,0.0,99.749,2.67
BM-sheet_1-12454,beam,1232.2863,0.0,296.841,7.945
BM-sheet_1-12455,beam,77.5642,0.0,18.683,0.5
BM-sheet_1-12456,beam,81.4548,0.0,19.618,0.525
BM-sheet_1-12457,beam,83.7936,0.0,20.18,0.54
BM-sheet_1-12458,beam,384.9004,0.0,92.688,2.48
BM-sheet_1-12459,beam,384.9622,0.0,92.695,2.48
BM-sheet_1-12460,beam,326.0284,0.0,78.498,2.1
BM-sheet_1-12461,beam,326.0807,0.0,78.504,2.1
BM-sheet_1-12462,beam,248.4823,0.0,59.818,1.6
BM-sheet_1-12463,beam,248.5222,0.0,59.822,1.6
BM-sheet_1-12464,beam,251.6682,0.0,60.575,1.62
BM-sheet_1-12465,beam,251.7096,0.0,60.58,1.62
BM-sheet_1-12466,beam,105.673,0.0,25.431,0.68
BM-sheet_1-12467,beam,313.1836,0.0,75.363,2.015
BM-sheet_1-12468,beam,54.4079,0.0,13.091,0.35
BM-sheet_1-12469,beam,101.0594,0.0,24.315,0.65
BM-sheet_1-12470,beam,49.7603,0.0,11.971,0.32
BM-sheet_1-12471,beam,231.7335,0.0,55.745,1.49
BM-sheet_1-12472,beam,1298.0713,0.0,312.237,8.345
BM-sheet_1-12473,beam,309.5957,0.0,74.464,1.99
BM-sheet_1-12474,beam,318.9814,0.0,76.715,2.05
BM-sheet_1-12475,beam,319.0325,0.0,76.721,2.05
BM-sheet_1-12476,beam,484.0733,0.0,116.401,3.11
BM-sheet_1-12477,beam,484.1509,0.0,116.41,3.11
BM-sheet_1-12478,beam,196.1833,0.0,47.167,1.26
BM-sheet_1-12479,beam,266.2905,0.0,64.017,1.71
BM-sheet_1-12480,beam,266.3332,0.0,64.022,1.71
BM-sheet_1-12481,beam,163.5641,0.0,39.315,1.05
BM-sheet_1-12482,beam,129.3143,0.0,31.08,0.83
BM-sheet_1-12483,beam,74.017,0.0,17.788,0.475
BM-sheet_1-12484,beam,701.3262,0.0,168.534,4.5
BM-sheet_1-12485,beam,218.2253,0.0,52.437,1.4
BM-sheet_1-12486,beam,820.035,0.0,197.029,5.26
BM-sheet_1-12487,beam,140.3327,0.0,33.715,0.9
BM-sheet_1-12488,beam,304.1028,0.0,73.055,1.95
BM-sheet_1-12489,beam,826.6681,0.0,198.575,5.3
BM-sheet_1-12490,beam,1216.8008,0.0,292.266,7.8
BM-sheet_1-12491,beam,1216.9956,0.0,292.289,7.8
BM-sheet_1-12492,beam,1217.1905,0.0,292.313,7.8
BM-sheet_1-12493,beam,827.1985,0.0,198.639,5.3
BM-sheet_1-12494,beam,1217.5803,0.0,292.36,7.8
BM-sheet_1-12495,beam,1217.7752,0.0,292.383,7.8
BM-sheet_1-12496,beam,1217.9701,0.0,292.406,7.8
BM-sheet_1-12497,beam,156.175,0.0,37.491,1.0
BM-sheet_1-12498,beam,442.046,0.0,106.108,2.83
BM-sheet_1-12499,beam,62.49,0.0,14.999,0.4
BM-sheet_1-12500,beam,74.2188,0.0,17.813,0.475
BM-sheet_1-12501,beam,103.2006,0.0,24.766,0.66
BM-sheet_1-12502,beam,267.273,0.0,64.135,1.71
BM-sheet_1-12503,beam,267.3158,0.0,64.14,1.71
BM-sheet_1-12504,beam,309.573,0.0,74.274,1.98
BM-sheet_1-12505,beam,309.6225,0.0,74.28,1.98
BM-sheet_1-12506,beam,494.2241,0.0,118.557,3.16
BM-sheet_1-12507,beam,494.3032,0.0,118.566,3.16
BM-sheet_1-12508,beam,151.7566,0.0,36.398,0.97
BM-sheet_1-12509,beam,395.882,0.0,94.943,2.53
BM-sheet_1-12510,beam,319.2602,0.0,76.561,2.04
BM-sheet_1-12511,beam,57.9143,0.0,13.887,0.37
BM-sheet_1-12512,beam,86.8853,0.0,20.832,0.555
BM-sheet_1-12513,beam,1103.0721,0.0,264.462,7.045
BM-sheet_1-12514,beam,233.3343,0.0,55.938,1.49
BM-sheet_1-12515,beam,46.9876,0.0,11.264,0.3
BM-sheet_1-12516,beam,51.6946,0.0,12.391,0.33
BM-sheet_1-12517,beam,255.3807,0.0,61.208,1.63
BM-sheet_1-12518,beam,216.2464,0.0,51.825,1.38
BM-sheet_1-12519,beam,250.7606,0.0,60.091,1.6
BM-sheet_1-12520,beam,268.8269,0.0,64.415,1.715
BM-sheet_1-12521,beam,169.3175,0.0,40.568,1.08
BM-sheet_1-12522,beam,388.8652,0.0,93.164,2.48
BM-sheet_1-12523,beam,388.9273,0.0,93.171,2.48
BM-sheet_1-12524,beam,329.3862,0.0,78.901,2.1
BM-sheet_1-12525,beam,329.4388,0.0,78.907,2.1
BM-sheet_1-12526,beam,246.3341,0.0,58.997,1.57
BM-sheet_1-12527,beam,528.0276,0.0,126.453,3.365
BM-sheet_1-12528,beam,657.7078,0.0,157.497,4.191
BM-sheet_1-12529,beam,1249.5277,0.0,299.193,7.96
BM-sheet_1-12530,beam,1491.5086,0.0,357.105,9.5
BM-sheet_1-12531,beam,293.6385,0.0,70.299,1.87
BM-sheet_1-12532,beam,158.6215,0.0,37.972,1.01
BM-sheet_1-12533,beam,207.3404,0.0,49.631,1.32
BM-sheet_1-12534,beam,207.3735,0.0,49.635,1.32
BM-sheet_1-12535,beam,94.2757,0.0,22.563,0.6
BM-sheet_1-12536,beam,86.4332,0.0,20.684,0.55
BM-sheet_1-12537,beam,207.4728,0.0,49.647,1.32
BM-sheet_1-12538,beam,207.5059,0.0,49.65,1.32
BM-sheet_1-12539,beam,158.7988,0.0,37.993,1.01
BM-sheet_1-12540,beam,294.0605,0.0,70.349,1.87
BM-sheet_1-12541,beam,1203.1666,0.0,287.816,7.65
BM-sheet_1-12542,beam,393.2544,0.0,94.065,2.5
BM-sheet_1-12543,beam,393.3171,0.0,94.072,2.5
BM-sheet_1-12544,beam,421.7032,0.0,100.854,2.68
BM-sheet_1-12545,beam,191.2131,0.0,45.727,1.215
BM-sheet_1-12546,beam,208.5578,0.0,49.87,1.325
BM-sheet_1-12547,beam,110.199,0.0,26.349,0.7
BM-sheet_1-12548,beam,67.7045,0.0,16.187,0.43
BM-sheet_1-12549,beam,286.6089,0.0,68.518,1.82
BM-sheet_1-12550,beam,286.6545,0.0,68.523,1.82
BM-sheet_1-12551,beam,538.7444,0.0,128.773,3.42
BM-sheet_1-12552,beam,181.1856,0.0,43.304,1.15
BM-sheet_1-12553,beam,300.9736,0.0,71.929,1.91
BM-sheet_1-12554,beam,67.7693,0.0,16.195,0.43
BM-sheet_1-12555,beam,335.7477,0.0,80.226,2.13
BM-sheet_1-12556,beam,299.541,0.0,71.569,1.9
BM-sheet_1-12557,beam,299.5887,0.0,71.575,1.9
BM-sheet_1-12558,beam,323.2919,0.0,77.232,2.05
BM-sheet_1-12559,beam,323.3434,0.0,77.238,2.05
BM-sheet_1-12560,beam,326.55,0.0,77.998,2.07
BM-sheet_1-12561,beam,53.6448,0.0,12.812,0.34
BM-sheet_1-12562,beam,482.8798,0.0,115.319,3.06
BM-sheet_1-12563,beam,482.9566,0.0,115.328,3.06
BM-sheet_1-12564,beam,331.4936,0.0,79.153,2.1
BM-sheet_1-12565,beam,299.9705,0.0,71.62,1.9
BM-sheet_1-12566,beam,71.057,0.0,16.964,0.45
BM-sheet_1-12567,beam,49.7478,0.0,11.876,0.315
BM-sheet_1-12568,beam,209.2899,0.0,49.958,1.325
BM-sheet_1-12569,beam,298.5817,0.0,71.266,1.89
BM-sheet_1-12570,beam,194.346,0.0,46.383,1.23
BM-sheet_1-12571,beam,395.0751,0.0,94.282,2.5
BM-sheet_1-12572,beam,395.138,0.0,94.29,2.5
BM-sheet_1-12573,beam,423.6553,0.0,101.087,2.68
BM-sheet_1-12574,beam,423.7227,0.0,101.095,2.68
BM-sheet_1-12575,beam,303.6108,0.0,72.432,1.92
BM-sheet_1-12576,beam,343.198,0.0,81.87,2.17
BM-sheet_1-12577,beam,79.0905,0.0,18.865,0.5
BM-sheet_1-12578,beam,83.0582,0.0,19.81,0.525
BM-sheet_1-12579,beam,140.8258,0.0,33.586,0.89
BM-sheet_1-12580,beam,178.0385,0.0,42.458,1.125
BM-sheet_1-12581,beam,392.5383,0.0,93.603,2.48
BM-sheet_1-12582,beam,392.6007,0.0,93.61,2.48
BM-sheet_1-12583,beam,332.497,0.0,79.273,2.1
BM-sheet_1-12584,beam,332.5498,0.0,79.279,2.1
BM-sheet_1-12585,beam,253.4116,0.0,60.408,1.6
BM-sheet_1-12586,beam,229.6907,0.0,54.749,1.45
BM-sheet_1-12587,beam,223.3899,0.0,53.243,1.41
BM-sheet_1-12588,beam,271.755,0.0,64.765,1.715
BM-sheet_1-12589,beam,49.9221,0.0,11.897,0.315
BM-sheet_1-12590,beam,47.5524,0.0,11.331,0.3
BM-sheet_1-12591,beam,218.7759,0.0,52.127,1.38
BM-sheet_1-12592,beam,258.4503,0.0,61.575,1.63
BM-sheet_1-12593,beam,236.2896,0.0,56.291,1.49
BM-sheet_1-12594,beam,1323.5907,0.0,315.291,8.345
BM-sheet_1-12595,beam,323.6134,0.0,77.081,2.04
BM-sheet_1-12596,beam,58.7039,0.0,13.982,0.37
BM-sheet_1-12597,beam,88.0698,0.0,20.974,0.555
BM-sheet_1-12598,beam,649.9158,0.0,154.766,4.095
BM-sheet_1-12599,beam,714.3066,0.0,170.087,4.5
BM-sheet_1-12600,beam,222.264,0.0,52.92,1.4
BM-sheet_1-12601,beam,835.2102,0.0,198.844,5.26
BM-sheet_1-12602,beam,142.9294,0.0,34.025,0.9
BM-sheet_1-12603,beam,309.7294,0.0,73.728,1.95
BM-sheet_1-12604,beam,401.9179,0.0,95.664,2.53
BM-sheet_1-12605,beam,502.0798,0.0,119.495,3.16
BM-sheet_1-12606,beam,502.1595,0.0,119.505,3.16
BM-sheet_1-12607,beam,333.7665,0.0,79.424,2.1
BM-sheet_1-12608,beam,333.8195,0.0,79.43,2.1
BM-sheet_1-12609,beam,271.8676,0.0,64.684,1.71
BM-sheet_1-12610,beam,271.9107,0.0,64.689,1.71
BM-sheet_1-12611,beam,132.001,0.0,31.401,0.83
BM-sheet_1-12612,beam,182.9219,0.0,43.511,1.15
BM-sheet_1-12613,beam,1256.7934,0.0,298.928,7.9
BM-sheet_1-12614,beam,787.6094,0.0,187.318,4.95
BM-sheet_1-12615,beam,1225.3643,0.0,291.407,7.7
BM-sheet_1-12616,beam,1225.5586,0.0,291.43,7.7
BM-sheet_1-12617,beam,495.0788,0.0,117.717,3.11
BM-sheet_1-12618,beam,234.0422,0.0,55.645,1.47
BM-sheet_1-12619,beam,458.9568,0.0,109.111,2.882
BM-sheet_1-12620,beam,394.0627,0.0,93.676,2.474
BM-sheet_1-12621,beam,476.3828,0.0,113.236,2.991
BM-sheet_1-12622,beam,398.2872,0.0,94.665,2.5
BM-sheet_1-12623,beam,398.3503,0.0,94.672,2.5
BM-sheet_1-12624,beam,427.0992,0.0,101.497,2.68
BM-sheet_1-12625,beam,427.1669,0.0,101.505,2.68
BM-sheet_1-12626,beam,266.2245,0.0,63.256,1.67
BM-sheet_1-12627,beam,266.2667,0.0,63.261,1.67
BM-sheet_1-12628,beam,302.9861,0.0,71.98,1.9
BM-sheet_1-12629,beam,334.9324,0.0,79.563,2.1
BM-sheet_1-12630,beam,183.4444,0.0,43.573,1.15
BM-sheet_1-12631,beam,304.7255,0.0,72.376,1.91
BM-sheet_1-12632,beam,545.7206,0.0,129.604,3.42
BM-sheet_1-12633,beam,545.807,0.0,129.615,3.42
BM-sheet_1-12634,beam,183.5606,0.0,43.587,1.15
BM-sheet_1-12635,beam,304.9186,0.0,72.399,1.91
BM-sheet_1-12636,beam,68.6575,0.0,16.3,0.43
BM-sheet_1-12637,beam,340.1477,0.0,80.75,2.13
BM-sheet_1-12638,beam,332.2156,0.0,78.861,2.08
BM-sheet_1-12639,beam,52.7156,0.0,12.513,0.33
BM-sheet_1-12640,beam,488.895,0.0,116.035,3.06
BM-sheet_1-12641,beam,583.2513,0.0,138.419,3.65
BM-sheet_1-12642,beam,218.9536,0.0,51.959,1.37
BM-sheet_1-12643,beam,327.6832,0.0,77.754,2.05
BM-sheet_1-12644,beam,303.7544,0.0,72.071,1.9
BM-sheet_1-12645,beam,399.7401,0.0,94.837,2.5
BM-sheet_1-12646,beam,399.8033,0.0,94.845,2.5
BM-sheet_1-12647,beam,380.6729,0.0,90.3,2.38
BM-sheet_1-12648,beam,380.7331,0.0,90.307,2.38
BM-sheet_1-12649,beam,859.2096,0.0,203.781,5.37
BM-sheet_1-12650,beam,453.348,0.0,107.513,2.833
BM-sheet_1-12651,beam,835.8132,0.0,198.201,5.222
BM-sheet_1-12652,beam,238.3815,0.0,56.524,1.489
BM-sheet_1-12653,beam,429.0637,0.0,101.73,2.68
BM-sheet_1-12654,beam,400.3093,0.0,94.905,2.5
BM-sheet_1-12655,beam,400.3726,0.0,94.912,2.5
BM-sheet_1-12656,beam,232.2528,0.0,55.054,1.45
BM-sheet_1-12657,beam,232.2895,0.0,55.058,1.45
BM-sheet_1-12658,beam,134.589,0.0,31.898,0.84
BM-sheet_1-12659,beam,211.5304,0.0,50.13,1.32
BM-sheet_1-12660,beam,96.1654,0.0,22.788,0.6
BM-sheet_1-12661,beam,304.5717,0.0,72.168,1.9
BM-sheet_1-12662,beam,336.6851,0.0,79.771,2.1
BM-sheet_1-12663,beam,1104.8223,0.0,261.744,6.89
BM-sheet_1-12664,beam,184.4334,0.0,43.691,1.15
BM-sheet_1-12665,beam,346.4688,0.0,82.069,2.16
BM-sheet_1-12666,beam,328.0744,0.0,77.706,2.045
BM-sheet_1-12667,beam,401.1322,0.0,95.003,2.5
BM-sheet_1-12668,beam,526.3686,0.0,124.653,3.28
BM-sheet_1-12669,beam,312.9819,0.0,74.114,1.95
BM-sheet_1-12670,beam,313.0314,0.0,74.12,1.95
BM-sheet_1-12671,beam,300.2364,0.0,71.084,1.87
BM-sheet_1-12672,beam,770.782,0.0,182.477,4.8
BM-sheet_1-12673,beam,124.712,0.0,29.522,0.777
BM-sheet_1-12674,beam,606.2694,0.0,143.507,3.774
BM-sheet_1-12675,beam,622.4306,0.0,147.321,3.874
BM-sheet_1-12676,beam,1066.3616,0.0,252.373,6.637
BM-sheet_1-12677,beam,1051.0194,0.0,248.723,6.54
BM-sheet_1-12678,beam,306.9975,0.0,72.645,1.91
BM-sheet_1-12679,beam,184.8706,0.0,43.743,1.15
BM-sheet_1-12680,beam,64.313,0.0,15.216,0.4
BM-sheet_1-12681,beam,459.9102,0.0,108.803,2.86
BM-sheet_1-12682,beam,160.8331,0.0,38.046,1.0
BM-sheet_1-12683,beam,76.4078,0.0,18.073,0.475
BM-sheet_1-12684,beam,77.2243,0.0,18.265,0.48
BM-sheet_1-12685,beam,275.1548,0.0,65.074,1.71
BM-sheet_1-12686,beam,275.1982,0.0,65.079,1.71
BM-sheet_1-12687,beam,115.8912,0.0,27.404,0.72
BM-sheet_1-12688,beam,226.9893,0.0,53.67,1.41
BM-sheet_1-12689,beam,96.6064,0.0,22.84,0.6
BM-sheet_1-12690,beam,338.1758,0.0,79.947,2.1
BM-sheet_1-12691,beam,508.9543,0.0,120.311,3.16
BM-sheet_1-12692,beam,1384.5416,0.0,327.263,8.595
BM-sheet_1-12693,beam,273.8908,0.0,64.734,1.7
BM-sheet_1-12694,beam,407.6782,0.0,96.347,2.53
BM-sheet_1-12695,beam,89.4455,0.0,21.137,0.555
BM-sheet_1-12696,beam,59.6397,0.0,14.093,0.37
BM-sheet_1-12697,beam,328.8762,0.0,77.706,2.04
BM-sheet_1-12698,beam,91.9063,0.0,21.714,0.57
BM-sheet_1-12699,beam,240.2843,0.0,56.765,1.49
BM-sheet_1-12700,beam,48.387,0.0,11.43,0.3
BM-sheet_1-12701,beam,50.8144,0.0,12.002,0.315
BM-sheet_1-12702,beam,276.6995,0.0,65.352,1.715
BM-sheet_1-12703,beam,174.2755,0.0,41.158,1.08
BM-sheet_1-12704,beam,222.7203,0.0,52.595,1.38
BM-sheet_1-12705,beam,263.1098,0.0,62.127,1.63
BM-sheet_1-12706,beam,258.3079,0.0,60.989,1.6
BM-sheet_1-12707,beam,258.3486,0.0,60.994,1.6
BM-sheet_1-12708,beam,400.5033,0.0,94.548,2.48
BM-sheet_1-12709,beam,400.5663,0.0,94.555,2.48
BM-sheet_1-12710,beam,339.2426,0.0,80.073,2.1
BM-sheet_1-12711,beam,1065.551,0.0,251.487,6.595
BM-sheet_1-12712,beam,220.9587,0.0,52.146,1.367
BM-sheet_1-12713,beam,1381.8542,0.0,326.088,8.55
BM-sheet_1-12714,beam,198.8243,0.0,46.915,1.23
BM-sheet_1-12715,beam,404.1781,0.0,95.362,2.5
BM-sheet_1-12716,beam,433.347,0.0,102.237,2.68
BM-sheet_1-12717,beam,433.4152,0.0,102.245,2.68
BM-sheet_1-12718,beam,270.1184,0.0,63.717,1.67
BM-sheet_1-12719,beam,186.0389,0.0,43.881,1.15
BM-sheet_1-12720,beam,309.0349,0.0,72.886,1.91
BM-sheet_1-12721,beam,553.4375,0.0,130.517,3.42
BM-sheet_1-12722,beam,69.5952,0.0,16.411,0.43
BM-sheet_1-12723,beam,344.7932,0.0,81.3,2.13
BM-sheet_1-12724,beam,382.8939,0.0,90.277,2.365
BM-sheet_1-12725,beam,489.825,0.0,115.479,3.025
BM-sheet_1-12726,beam,307.707,0.0,72.538,1.9
BM-sheet_1-12727,beam,307.7554,0.0,72.544,1.9
BM-sheet_1-12728,beam,332.1041,0.0,78.277,2.05
BM-sheet_1-12729,beam,332.1563,0.0,78.283,2.05
BM-sheet_1-12730,beam,340.3111,0.0,80.199,2.1
BM-sheet_1-12731,beam,340.3646,0.0,80.205,2.1
BM-sheet_1-12732,beam,307.9973,0.0,72.572,1.9
BM-sheet_1-12733,beam,308.0456,0.0,72.578,1.9
BM-sheet_1-12734,beam,350.2543,0.0,82.516,2.16
BM-sheet_1-12735,beam,956.8633,0.0,225.409,5.9
BM-sheet_1-12736,beam,434.7113,0.0,102.397,2.68
BM-sheet_1-12737,beam,434.7795,0.0,102.405,2.68
BM-sheet_1-12738,beam,405.6416,0.0,95.535,2.5
BM-sheet_1-12739,beam,117.611,0.0,27.697,0.725
BM-sheet_1-12740,beam,73.0384,0.0,17.199,0.45
BM-sheet_1-12741,beam,56.8166,0.0,13.378,0.35
BM-sheet_1-12742,beam,352.3181,0.0,82.95,2.17
BM-sheet_1-12743,beam,555.3534,0.0,130.743,3.42
BM-sheet_1-12744,beam,186.771,0.0,43.967,1.15
BM-sheet_1-12745,beam,310.2509,0.0,73.029,1.91
BM-sheet_1-12746,beam,415.6948,0.0,97.841,2.559
BM-sheet_1-12747,beam,1290.9513,0.0,303.825,7.945
BM-sheet_1-12748,beam,81.2558,0.0,19.122,0.5
BM-sheet_1-12749,beam,85.3319,0.0,20.08,0.525
BM-sheet_1-12750,beam,185.3212,0.0,43.605,1.14
BM-sheet_1-12751,beam,403.2182,0.0,94.867,2.48
BM-sheet_1-12752,beam,403.2815,0.0,94.875,2.48
BM-sheet_1-12753,beam,341.5419,0.0,80.344,2.1
BM-sheet_1-12754,beam,341.5955,0.0,80.35,2.1
BM-sheet_1-12755,beam,235.9005,0.0,55.484,1.45
BM-sheet_1-12756,beam,229.4289,0.0,53.958,1.41
BM-sheet_1-12757,beam,260.3857,0.0,61.234,1.6
BM-sheet_1-12758,beam,279.1447,0.0,65.64,1.715
BM-sheet_1-12759,beam,51.2795,0.0,12.057,0.315
BM-sheet_1-12760,beam,224.6883,0.0,52.826,1.38
BM-sheet_1-12761,beam,265.4343,0.0,62.401,1.63
BM-sheet_1-12762,beam,48.8606,0.0,11.486,0.3
BM-sheet_1-12763,beam,242.7123,0.0,57.051,1.49
BM-sheet_1-12764,beam,1359.5649,0.0,319.547,8.345
BM-sheet_1-12765,beam,332.4083,0.0,78.122,2.04
BM-sheet_1-12766,beam,90.4488,0.0,21.255,0.555
BM-sheet_1-12767,beam,60.3086,0.0,14.171,0.37
BM-sheet_1-12768,beam,412.4452,0.0,96.909,2.53
BM-sheet_1-12769,beam,515.2297,0.0,121.05,3.16
BM-sheet_1-12770,beam,515.3104,0.0,121.06,3.16
BM-sheet_1-12771,beam,342.5067,0.0,80.457,2.1
BM-sheet_1-12772,beam,342.5604,0.0,80.464,2.1
BM-sheet_1-12773,beam,278.9857,0.0,65.525,1.71
BM-sheet_1-12774,beam,279.0294,0.0,65.531,1.71
BM-sheet_1-12775,beam,205.6328,0.0,48.289,1.26
BM-sheet_1-12776,beam,668.4112,0.0,156.953,4.095
BM-sheet_1-12777,beam,734.6328,0.0,172.489,4.5
BM-sheet_1-12778,beam,228.5882,0.0,53.668,1.4
BM-sheet_1-12779,beam,858.9729,0.0,201.653,5.26
BM-sheet_1-12780,beam,146.9956,0.0,34.506,0.9
BM-sheet_1-12781,beam,318.5402,0.0,74.769,1.95
BM-sheet_1-12782,beam,65.3518,0.0,15.338,0.4
BM-sheet_1-12783,beam,467.3386,0.0,109.678,2.86
BM-sheet_1-12784,beam,163.4307,0.0,38.352,1.0
BM-sheet_1-12785,beam,77.6417,0.0,18.219,0.475
BM-sheet_1-12786,beam,78.4713,0.0,18.412,0.48
BM-sheet_1-12787,beam,343.3655,0.0,80.558,2.1
BM-sheet_1-12788,beam,343.4192,0.0,80.564,2.1
BM-sheet_1-12789,beam,516.8449,0.0,121.24,3.16
BM-sheet_1-12790,beam,516.9258,0.0,121.249,3.16
BM-sheet_1-12791,beam,279.7726,0.0,65.618,1.71
BM-sheet_1-12792,beam,279.8163,0.0,65.623,1.71
BM-sheet_1-12793,beam,728.2908,0.0,170.787,4.45
BM-sheet_1-12794,beam,375.6618,0.0,88.087,2.295
BM-sheet_1-12795,beam,235.7453,0.0,55.274,1.44
BM-sheet_1-12796,beam,278.3539,0.0,65.26,1.7
BM-sheet_1-12797,beam,414.3209,0.0,97.129,2.53
BM-sheet_1-12798,beam,90.9028,0.0,21.309,0.555
BM-sheet_1-12799,beam,60.6113,0.0,14.207,0.37
BM-sheet_1-12800,beam,342.4256,0.0,80.256,2.09
BM-sheet_1-12801,beam,49.1597,0.0,11.521,0.3
BM-sheet_1-12802,beam,51.6257,0.0,12.098,0.315
BM-sheet_1-12803,beam,281.1173,0.0,65.871,1.715
BM-sheet_1-12804,beam,177.0578,0.0,41.485,1.08
BM-sheet_1-12805,beam,191.8426,0.0,44.946,1.17
BM-sheet_1-12806,beam,262.3898,0.0,61.469,1.6
BM-sheet_1-12807,beam,262.4308,0.0,61.474,1.6
BM-sheet_1-12808,beam,226.3819,0.0,53.025,1.38
BM-sheet_1-12809,beam,267.4349,0.0,62.636,1.63
BM-sheet_1-12810,beam,1098.6234,0.0,257.289,6.695
BM-sheet_1-12811,beam,57.4426,0.0,13.452,0.35
BM-sheet_1-12812,beam,328.2947,0.0,76.872,2.0
BM-sheet_1-12813,beam,249.5429,0.0,58.427,1.52
BM-sheet_1-12814,beam,214.4506,0.0,50.207,1.306
BM-sheet_1-12815,beam,281.7398,0.0,65.955,1.716
BM-sheet_1-12816,beam,328.0674,0.0,76.795,1.997
BM-sheet_1-12817,beam,939.8661,0.0,219.989,5.721
BM-sheet_1-12818,beam,257.9528,0.0,60.373,1.57
BM-sheet_1-12819,beam,448.6123,0.0,104.988,2.73
BM-sheet_1-12820,beam,213.6584,0.0,49.998,1.3
BM-sheet_1-12821,beam,347.6593,0.0,81.349,2.115
BM-sheet_1-12822,beam,391.2808,0.0,91.549,2.38
BM-sheet_1-12823,beam,197.3152,0.0,46.163,1.2
BM-sheet_1-12824,beam,164.455,0.0,38.472,1.0
BM-sheet_1-12825,beam,331.4285,0.0,77.527,2.015
BM-sheet_1-12826,beam,177.6668,0.0,41.556,1.08
BM-sheet_1-12827,beam,282.1723,0.0,65.995,1.715
BM-sheet_1-12828,beam,263.2921,0.0,61.574,1.6
BM-sheet_1-12829,beam,227.1249,0.0,53.112,1.38
BM-sheet_1-12830,beam,268.3125,0.0,62.739,1.63
BM-sheet_1-12831,beam,51.8599,0.0,12.125,0.315
BM-sheet_1-12832,beam,49.3981,0.0,11.549,0.3
BM-sheet_1-12833,beam,177.8608,0.0,41.579,1.08
BM-sheet_1-12834,beam,282.4803,0.0,66.031,1.715
BM-sheet_1-12835,beam,51.8922,0.0,12.129,0.315
BM-sheet_1-12836,beam,49.4289,0.0,11.552,0.3
BM-sheet_1-12837,beam,245.535,0.0,57.381,1.49
BM-sheet_1-12838,beam,243.9251,0.0,57.001,1.48
BM-sheet_1-12839,beam,285.1731,0.0,66.634,1.73
BM-sheet_1-12840,beam,263.785,0.0,61.632,1.6
BM-sheet_1-12841,beam,263.826,0.0,61.637,1.6
BM-sheet_1-12842,beam,1128.8566,0.0,263.71,6.845
BM-sheet_1-12843,beam,336.483,0.0,78.599,2.04
BM-sheet_1-12844,beam,81.6593,0.0,19.073,0.495
BM-sheet_1-12845,beam,417.4349,0.0,97.494,2.53
BM-sheet_1-12846,beam,280.5335,0.0,65.515,1.7
BM-sheet_1-12847,beam,366.4008,0.0,85.561,2.22
BM-sheet_1-12848,beam,366.4579,0.0,85.568,2.22
BM-sheet_1-12849,beam,521.7059,0.0,121.809,3.16
BM-sheet_1-12850,beam,521.7871,0.0,121.818,3.16
BM-sheet_1-12851,beam,346.8112,0.0,80.961,2.1
BM-sheet_1-12852,beam,346.8652,0.0,80.968,2.1
BM-sheet_1-12853,beam,183.3716,0.0,42.8,1.11
BM-sheet_1-12854,beam,79.3082,0.0,18.51,0.48
BM-sheet_1-12855,beam,78.4942,0.0,18.318,0.475
BM-sheet_1-12856,beam,165.2767,0.0,38.568,1.0
BM-sheet_1-12857,beam,2046.4449,0.0,477.509,12.38
BM-sheet_1-12858,beam,82.4737,0.0,19.243,0.499
BM-sheet_1-12859,beam,1289.7603,0.0,300.901,7.8
BM-sheet_1-12860,beam,777.0947,0.0,181.282,4.699
BM-sheet_1-12861,beam,181.7553,0.0,42.397,1.099
BM-sheet_1-12862,beam,496.2931,0.0,115.758,3.0
BM-sheet_1-12863,beam,777.4573,0.0,181.324,4.699
BM-sheet_1-12864,beam,549.4019,0.0,128.125,3.32
BM-sheet_1-12865,beam,238.3321,0.0,55.577,1.44
BM-sheet_1-12866,beam,1585.8153,0.0,369.769,9.58
BM-sheet_1-12867,beam,488.4011,0.0,113.873,2.95
BM-sheet_1-12868,beam,259.9691,0.0,60.608,1.57
BM-sheet_1-12869,beam,6389.2786,0.0,1489.458,38.58
BM-sheet_1-12870,beam,6454.8705,0.0,1504.632,38.97
BM-sheet_1-12871,beam,53.012,0.0,12.356,0.32
BM-sheet_1-12872,beam,62.9616,0.0,14.674,0.38
BM-sheet_1-12873,beam,140.857,0.0,32.826,0.85
BM-sheet_1-12874,beam,140.8789,0.0,32.829,0.85
BM-sheet_1-12875,beam,459.1708,0.0,106.991,2.77
BM-sheet_1-12876,beam,1654.408,0.0,385.463,9.979
BM-sheet_1-12877,beam,116.072,0.0,27.042,0.7
BM-sheet_1-12878,beam,1578.8243,0.0,367.796,9.52
BM-sheet_1-12879,beam,207.3358,0.0,48.296,1.25
BM-sheet_1-12880,beam,1371.9467,0.0,319.553,8.27
BM-sheet_1-12881,beam,451.3028,0.0,105.109,2.72
BM-sheet_1-12882,beam,182.5405,0.0,42.511,1.1
BM-sheet_1-12883,beam,63.0692,0.0,14.687,0.38
BM-sheet_1-12884,beam,1520.5367,0.0,354.052,9.16
BM-sheet_1-12885,beam,63.0888,0.0,14.689,0.38
BM-sheet_1-12886,beam,567.8876,0.0,132.21,3.42
BM-sheet_1-12887,beam,116.2523,0.0,27.063,0.7
BM-sheet_1-12888,beam,1332.1264,0.0,310.085,8.02
BM-sheet_1-12889,beam,572.3052,0.0,133.208,3.445
BM-sheet_1-12890,beam,747.6845,0.0,174.015,4.5
BM-sheet_1-12891,beam,232.649,0.0,54.142,1.4
BM-sheet_1-12892,beam,874.2313,0.0,203.436,5.26
BM-sheet_1-12893,beam,149.6065,0.0,34.811,0.9
BM-sheet_1-12894,beam,137.99,0.0,32.106,0.83
BM-sheet_1-12895,beam,281.8463,0.0,65.571,1.695
BM-sheet_1-12896,beam,600.3676,0.0,139.664,3.61
BM-sheet_1-12897,beam,1429.6288,0.0,332.549,8.595
BM-sheet_1-12898,beam,1265.9875,0.0,294.461,7.61
BM-sheet_1-12899,beam,339.4238,0.0,78.942,2.04
BM-sheet_1-12900,beam,82.373,0.0,19.157,0.495
BM-sheet_1-12901,beam,421.0826,0.0,97.919,2.53
BM-sheet_1-12902,beam,324.6001,0.0,75.477,1.95
BM-sheet_1-12903,beam,106.5519,0.0,24.774,0.64
BM-sheet_1-12904,beam,201.481,0.0,46.842,1.21
BM-sheet_1-12905,beam,151.5505,0.0,35.231,0.91
BM-sheet_1-12906,beam,190.7167,0.0,44.332,1.145
BM-sheet_1-12907,beam,669.6944,0.0,155.658,4.02
BM-sheet_1-12908,beam,866.4056,0.0,201.365,5.2
BM-sheet_1-12909,beam,158.3102,0.0,36.791,0.95
BM-sheet_1-12910,beam,79.1673,0.0,18.397,0.475
BM-sheet_1-12911,beam,121.6866,0.0,28.275,0.73
BM-sheet_1-12912,beam,61.6863,0.0,14.332,0.37
BM-sheet_1-12913,beam,60.0284,0.0,13.946,0.36
BM-sheet_1-12914,beam,198.458,0.0,46.103,1.19
BM-sheet_1-12915,beam,205.1606,0.0,47.656,1.23
BM-sheet_1-12916,beam,87.5821,0.0,20.343,0.525
BM-sheet_1-12917,beam,1504.977,0.0,349.534,9.02
BM-sheet_1-12918,beam,612.43,0.0,142.227,3.67
BM-sheet_1-12919,beam,286.2345,0.0,66.468,1.715
BM-sheet_1-12920,beam,58.4242,0.0,13.566,0.35
BM-sheet_1-12921,beam,66.7809,0.0,15.505,0.4
BM-sheet_1-12922,beam,288.8721,0.0,67.065,1.73
BM-sheet_1-12923,beam,244.6608,0.0,56.797,1.465
BM-sheet_1-12924,beam,414.2338,0.0,96.155,2.48
BM-sheet_1-12925,beam,414.298,0.0,96.162,2.48
BM-sheet_1-12926,beam,350.8711,0.0,81.434,2.1
BM-sheet_1-12927,beam,350.9254,0.0,81.44,2.1
BM-sheet_1-12928,beam,171.9547,0.0,39.903,1.029
BM-sheet_1-12929,beam,267.4545,0.0,62.059,1.6
BM-sheet_1-12930,beam,267.4958,0.0,62.064,1.6
BM-sheet_1-12931,beam,96.1462,0.0,22.306,0.575
BM-sheet_1-12932,beam,96.1611,0.0,22.308,0.575
BM-sheet_1-12933,beam,1053.7537,0.0,244.434,6.3
BM-sheet_1-12934,beam,1053.9166,0.0,244.453,6.3
BM-sheet_1-12935,beam,245.1153,0.0,56.849,1.465
BM-sheet_1-12936,beam,195.7879,0.0,45.405,1.17
BM-sheet_1-12937,beam,142.2611,0.0,32.989,0.85
BM-sheet_1-12938,beam,50.2176,0.0,11.644,0.3
BM-sheet_1-12939,beam,52.7366,0.0,12.227,0.315
BM-sheet_1-12940,beam,95.4429,0.0,22.127,0.57
BM-sheet_1-12941,beam,287.2102,0.0,66.581,1.715
BM-sheet_1-12942,beam,247.8931,0.0,57.462,1.48
BM-sheet_1-12943,beam,289.8118,0.0,67.174,1.73
BM-sheet_1-12944,beam,351.849,0.0,81.547,2.1
BM-sheet_1-12945,beam,229.575,0.0,53.204,1.37
BM-sheet_1-12946,beam,1478.2224,0.0,342.551,8.82
BM-sheet_1-12947,beam,415.7095,0.0,96.326,2.48
BM-sheet_1-12948,beam,415.7737,0.0,96.333,2.48
BM-sheet_1-12949,beam,352.1209,0.0,81.579,2.1
BM-sheet_1-12950,beam,352.1753,0.0,81.585,2.1
BM-sheet_1-12951,beam,142.5691,0.0,33.025,0.85
BM-sheet_1-12952,beam,131.0416,0.0,30.352,0.781
BM-sheet_1-12953,beam,287.7431,0.0,66.643,1.715
BM-sheet_1-12954,beam,52.8589,0.0,12.242,0.315
BM-sheet_1-12955,beam,273.5662,0.0,63.35,1.63
BM-sheet_1-12956,beam,231.644,0.0,53.638,1.38
BM-sheet_1-12957,beam,268.6142,0.0,62.194,1.6
BM-sheet_1-12958,beam,96.5481,0.0,22.353,0.575
BM-sheet_1-12959,beam,50.3807,0.0,11.663,0.3
BM-sheet_1-12960,beam,246.0637,0.0,56.959,1.465
BM-sheet_1-12961,beam,1058.3214,0.0,244.963,6.3
BM-sheet_1-12962,beam,1058.4847,0.0,244.982,6.3
BM-sheet_1-12963,beam,96.6226,0.0,22.361,0.575
BM-sheet_1-12964,beam,246.2157,0.0,56.977,1.465
BM-sheet_1-12965,beam,53.7892,0.0,12.446,0.32
BM-sheet_1-12966,beam,109.2762,0.0,25.284,0.65
BM-sheet_1-12967,beam,58.8501,0.0,13.615,0.35
BM-sheet_1-12968,beam,338.8606,0.0,78.392,2.015
BM-sheet_1-12969,beam,269.1119,0.0,62.251,1.6
BM-sheet_1-12970,beam,269.1534,0.0,62.256,1.6
BM-sheet_1-12971,beam,196.8488,0.0,45.528,1.17
BM-sheet_1-12972,beam,114.6193,0.0,26.508,0.681
BM-sheet_1-12973,beam,127.907,0.0,29.578,0.76
BM-sheet_1-12974,beam,255.8535,0.0,59.161,1.52
BM-sheet_1-12975,beam,272.728,0.0,63.059,1.62
BM-sheet_1-12976,beam,272.7701,0.0,63.063,1.62
BM-sheet_1-12977,beam,353.6453,0.0,81.755,2.1
BM-sheet_1-12978,beam,353.6998,0.0,81.761,2.1
BM-sheet_1-12979,beam,417.767,0.0,96.564,2.48
BM-sheet_1-12980,beam,417.8314,0.0,96.571,2.48
BM-sheet_1-12981,beam,1511.5021,0.0,349.319,8.97
BM-sheet_1-12982,beam,1347.4159,0.0,311.373,7.995
BM-sheet_1-12983,beam,239.3528,0.0,55.308,1.42
BM-sheet_1-12984,beam,128.124,0.0,29.604,0.76
BM-sheet_1-12985,beam,536.1805,0.0,123.877,3.18
BM-sheet_1-12986,beam,951.1081,0.0,219.723,5.64
BM-sheet_1-12987,beam,418.2822,0.0,96.623,2.48
BM-sheet_1-12988,beam,418.3466,0.0,96.631,2.48
BM-sheet_1-12989,beam,354.2997,0.0,81.831,2.1
BM-sheet_1-12990,beam,354.3542,0.0,81.837,2.1
BM-sheet_1-12991,beam,143.4512,0.0,33.127,0.85
BM-sheet_1-12992,beam,197.4867,0.0,45.602,1.17
BM-sheet_1-12993,beam,97.0704,0.0,22.413,0.575
BM-sheet_1-12994,beam,270.1505,0.0,62.371,1.6
BM-sheet_1-12995,beam,270.192,0.0,62.376,1.6
BM-sheet_1-12996,beam,273.6115,0.0,63.161,1.62
BM-sheet_1-12997,beam,273.6537,0.0,63.165,1.62
BM-sheet_1-12998,beam,340.4302,0.0,78.573,2.015
BM-sheet_1-12999,beam,104.7639,0.0,24.178,0.62
BM-sheet_1-13000,beam,163.93,0.0,37.83,0.97
BM-sheet_1-13001,beam,59.1591,0.0,13.651,0.35
BM-sheet_1-13002,beam,109.8838,0.0,25.354,0.65
BM-sheet_1-13003,beam,54.105,0.0,12.483,0.32
BM-sheet_1-13004,beam,247.7374,0.0,57.153,1.465
BM-sheet_1-13005,beam,1065.5192,0.0,245.794,6.3
BM-sheet_1-13006,beam,1065.683,0.0,245.813,6.3
BM-sheet_1-13007,beam,97.2797,0.0,22.437,0.575
BM-sheet_1-13008,beam,197.9734,0.0,45.658,1.17
BM-sheet_1-13009,beam,143.849,0.0,33.173,0.85
BM-sheet_1-13010,beam,247.966,0.0,57.179,1.465
BM-sheet_1-13011,beam,53.3251,0.0,12.295,0.315
BM-sheet_1-13012,beam,50.7936,0.0,11.711,0.3
BM-sheet_1-13013,beam,270.9411,0.0,62.462,1.6
BM-sheet_1-13014,beam,233.7226,0.0,53.878,1.38
BM-sheet_1-13015,beam,276.1061,0.0,63.643,1.63
BM-sheet_1-13016,beam,290.5489,0.0,66.967,1.715
BM-sheet_1-13017,beam,1519.8973,0.0,350.287,8.97
BM-sheet_1-13018,beam,1354.8993,0.0,312.237,7.995
BM-sheet_1-13019,beam,128.8157,0.0,29.683,0.76
BM-sheet_1-13020,beam,257.671,0.0,59.371,1.52
BM-sheet_1-13021,beam,420.4752,0.0,96.876,2.48
BM-sheet_1-13022,beam,420.5398,0.0,96.884,2.48
BM-sheet_1-13023,beam,356.1569,0.0,82.045,2.1
BM-sheet_1-13024,beam,356.2116,0.0,82.051,2.1
BM-sheet_1-13025,beam,140.81,0.0,32.432,0.83
BM-sheet_1-13026,beam,195.1282,0.0,44.94,1.15
BM-sheet_1-13027,beam,904.3746,0.0,208.269,5.329
BM-sheet_1-13028,beam,874.1537,0.0,201.294,5.15
BM-sheet_1-13029,beam,1173.1972,0.0,270.135,6.911
BM-sheet_1-13030,beam,1143.3859,0.0,263.251,6.734
BM-sheet_1-13031,beam,515.0076,0.0,118.565,3.033
BM-sheet_1-13032,beam,758.2102,0.0,174.542,4.464
BM-sheet_1-13033,beam,728.4909,0.0,167.688,4.289
BM-sheet_1-13034,beam,91.0836,0.0,20.964,0.536
BM-sheet_1-13035,beam,653.7849,0.0,150.468,3.848
BM-sheet_1-13036,beam,635.7539,0.0,146.307,3.741
BM-sheet_1-13037,beam,1208.3678,0.0,278.063,7.11
BM-sheet_1-13038,beam,1175.5539,0.0,270.491,6.915
BM-sheet_1-13039,beam,893.8721,0.0,205.661,5.258
BM-sheet_1-13040,beam,858.3388,0.0,197.471,5.048
BM-sheet_1-13041,beam,425.1692,0.0,97.808,2.5
BM-sheet_1-13042,beam,425.2344,0.0,97.815,2.5
BM-sheet_1-13043,beam,195.6378,0.0,44.998,1.15
BM-sheet_1-13044,beam,214.3839,0.0,49.306,1.26
BM-sheet_1-13045,beam,211.8642,0.0,48.723,1.245
BM-sheet_1-13046,beam,430.6012,0.0,99.019,2.53
BM-sheet_1-13047,beam,918.36,0.0,211.166,5.395
BM-sheet_1-13048,beam,439.2458,0.0,100.992,2.58
BM-sheet_1-13049,beam,425.691,0.0,97.868,2.5
BM-sheet_1-13050,beam,413.8351,0.0,95.135,2.43
BM-sheet_1-13051,beam,165.2187,0.0,37.978,0.97
BM-sheet_1-13052,beam,430.9974,0.0,99.065,2.53
BM-sheet_1-13053,beam,94.5613,0.0,21.733,0.555
BM-sheet_1-13054,beam,63.0506,0.0,14.49,0.37
BM-sheet_1-13055,beam,414.1523,0.0,95.171,2.43
BM-sheet_1-13056,beam,426.1478,0.0,97.92,2.5
BM-sheet_1-13057,beam,414.2792,0.0,95.186,2.43
BM-sheet_1-13058,beam,426.2784,0.0,97.935,2.5
BM-sheet_1-13059,beam,284.7976,0.0,65.426,1.67
BM-sheet_1-13060,beam,284.8412,0.0,65.431,1.67
BM-sheet_1-13061,beam,426.4743,0.0,97.958,2.5
BM-sheet_1-13062,beam,406.0657,0.0,93.263,2.38
BM-sheet_1-13063,beam,414.66,0.0,95.229,2.43
BM-sheet_1-13064,beam,426.6702,0.0,97.98,2.5
BM-sheet_1-13065,beam,129.7276,0.0,29.788,0.76
BM-sheet_1-13066,beam,426.8009,0.0,97.995,2.5
BM-sheet_1-13067,beam,414.914,0.0,95.258,2.43
BM-sheet_1-13068,beam,215.1735,0.0,49.397,1.26
BM-sheet_1-13069,beam,418.457,0.0,96.057,2.45
BM-sheet_1-13070,beam,263.0703,0.0,60.383,1.54
BM-sheet_1-13071,beam,83.717,0.0,19.214,0.49
BM-sheet_1-13072,beam,66.6421,0.0,15.294,0.39
BM-sheet_1-13073,beam,146.9769,0.0,33.728,0.86
BM-sheet_1-13074,beam,415.3586,0.0,95.309,2.43
BM-sheet_1-13075,beam,427.3891,0.0,98.063,2.5
BM-sheet_1-13076,beam,427.4544,0.0,98.07,2.5
BM-sheet_1-13077,beam,415.5493,0.0,95.331,2.43
BM-sheet_1-13078,beam,415.6128,0.0,95.339,2.43
BM-sheet_1-13079,beam,427.6506,0.0,98.093,2.5
BM-sheet_1-13080,beam,415.74,0.0,95.353,2.43
BM-sheet_1-13081,beam,427.7814,0.0,98.108,2.5
BM-sheet_1-13082,beam,427.8468,0.0,98.115,2.5
BM-sheet_1-13083,beam,427.9122,0.0,98.122,2.5
BM-sheet_1-13084,beam,681.3404,0.0,156.223,3.98
BM-sheet_1-13085,beam,681.4446,0.0,156.235,3.98
BM-sheet_1-13086,beam,68.4974,0.0,15.703,0.4
BM-sheet_1-13087,beam,54.806,0.0,12.563,0.32
BM-sheet_1-13088,beam,253.5177,0.0,58.111,1.48
BM-sheet_1-13089,beam,253.5564,0.0,58.115,1.48
BM-sheet_1-13090,beam,867.0214,0.0,198.706,5.06
BM-sheet_1-13091,beam,445.5731,0.0,102.11,2.6
BM-sheet_1-13092,beam,833.0063,0.0,190.881,4.86
BM-sheet_1-13093,beam,867.4188,0.0,198.752,5.06
BM-sheet_1-13094,beam,577.7961,0.0,132.38,3.37
BM-sheet_1-13095,beam,124.3223,0.0,28.482,0.725
BM-sheet_1-13096,beam,167.2176,0.0,38.306,0.975
BM-sheet_1-13097,beam,124.3603,0.0,28.486,0.725
BM-sheet_1-13098,beam,428.894,0.0,98.235,2.5
BM-sheet_1-13099,beam,394.6427,0.0,90.383,2.3
BM-sheet_1-13100,beam,123.5592,0.0,28.296,0.72
BM-sheet_1-13101,beam,745.759,0.0,170.771,4.345
BM-sheet_1-13102,beam,516.7038,0.0,118.311,3.01
BM-sheet_1-13103,beam,350.2521,0.0,80.192,2.04
BM-sheet_1-13104,beam,579.5375,0.0,132.678,3.375
BM-sheet_1-13105,beam,446.5267,0.0,102.219,2.6
BM-sheet_1-13106,beam,463.7715,0.0,106.159,2.7
BM-sheet_1-13107,beam,395.1249,0.0,90.438,2.3
BM-sheet_1-13108,beam,124.5693,0.0,28.51,0.725
BM-sheet_1-13109,beam,579.9798,0.0,132.729,3.375
BM-sheet_1-13110,beam,158.9817,0.0,36.38,0.925
BM-sheet_1-13111,beam,51.5698,0.0,11.8,0.3
BM-sheet_1-13112,beam,11018.9761,0.0,2521.12,64.092
BM-sheet_1-13113,beam,1495.972,0.0,342.249,8.7
BM-sheet_1-13114,beam,1392.8145,0.0,318.625,8.099
BM-sheet_1-13115,beam,868.4182,0.0,198.647,5.049
BM-sheet_1-13116,beam,631.3481,0.0,144.407,3.67
BM-sheet_1-13117,beam,447.3448,0.0,102.313,2.6
BM-sheet_1-13118,beam,421.6007,0.0,96.417,2.45
BM-sheet_1-13119,beam,395.8488,0.0,90.521,2.3
BM-sheet_1-13120,beam,421.7293,0.0,96.432,2.45
BM-sheet_1-13121,beam,395.9695,0.0,90.535,2.3
BM-sheet_1-13122,beam,447.6859,0.0,102.352,2.6
BM-sheet_1-13123,beam,447.7541,0.0,102.359,2.6
BM-sheet_1-13124,beam,447.8224,0.0,102.367,2.6
BM-sheet_1-13125,beam,447.8906,0.0,102.375,2.6
BM-sheet_1-13126,beam,835.6156,0.0,190.983,4.85
BM-sheet_1-13127,beam,120.6227,0.0,27.567,0.7
BM-sheet_1-13128,beam,65.4909,0.0,14.966,0.38
BM-sheet_1-13129,beam,1578.9151,0.0,360.785,9.16
BM-sheet_1-13130,beam,189.6366,0.0,43.329,1.1
BM-sheet_1-13131,beam,1598.3627,0.0,365.173,9.27
BM-sheet_1-13132,beam,65.5308,0.0,14.97,0.38
BM-sheet_1-13133,beam,137.9806,0.0,31.519,0.8
BM-sheet_1-13134,beam,155.2518,0.0,35.462,0.9
BM-sheet_1-13135,beam,1728.7328,0.0,394.838,10.02
BM-sheet_1-13136,beam,1235.4902,0.0,282.161,7.16
BM-sheet_1-13137,beam,120.8065,0.0,27.588,0.7
BM-sheet_1-13138,beam,483.2997,0.0,110.359,2.8
BM-sheet_1-13139,beam,120.8433,0.0,27.592,0.7
BM-sheet_1-13140,beam,250.3564,0.0,57.159,1.45
BM-sheet_1-13141,beam,65.6206,0.0,14.981,0.38
BM-sheet_1-13142,beam,189.9834,0.0,43.369,1.1
BM-sheet_1-13143,beam,1385.3624,0.0,316.221,8.02
BM-sheet_1-13144,beam,846.5472,0.0,193.217,4.9
BM-sheet_1-13145,beam,229.8121,0.0,52.449,1.33
BM-sheet_1-13146,beam,292.9254,0.0,66.847,1.695
BM-sheet_1-13147,beam,580.7545,0.0,132.522,3.36
BM-sheet_1-13148,beam,216.0874,0.0,49.305,1.25
BM-sheet_1-13149,beam,55.3268,0.0,12.623,0.32
BM-sheet_1-13150,beam,255.9253,0.0,58.386,1.48
BM-sheet_1-13151,beam,255.9642,0.0,58.39,1.48
BM-sheet_1-13152,beam,875.254,0.0,199.647,5.06
BM-sheet_1-13153,beam,449.8037,0.0,102.593,2.6
BM-sheet_1-13154,beam,685.1898,0.0,156.27,3.96
BM-sheet_1-13155,beam,125.4642,0.0,28.612,0.725
BM-sheet_1-13156,beam,125.4832,0.0,28.614,0.725
BM-sheet_1-13157,beam,168.779,0.0,38.484,0.975
BM-sheet_1-13158,beam,125.5214,0.0,28.619,0.725
BM-sheet_1-13159,beam,398.2663,0.0,90.797,2.3
BM-sheet_1-13160,beam,311.7341,0.0,71.064,1.8
BM-sheet_1-13161,beam,433.0298,0.0,98.708,2.5
BM-sheet_1-13162,beam,398.448,0.0,90.818,2.3
BM-sheet_1-13163,beam,90.0976,0.0,20.534,0.52
BM-sheet_1-13164,beam,842.1938,0.0,191.931,4.86
BM-sheet_1-13165,beam,424.6272,0.0,96.763,2.45
BM-sheet_1-13166,beam,138.6748,0.0,31.598,0.8
BM-sheet_1-13167,beam,72.8154,0.0,16.59,0.42
BM-sheet_1-13168,beam,256.6264,0.0,58.466,1.48
BM-sheet_1-13169,beam,256.6654,0.0,58.47,1.48
BM-sheet_1-13170,beam,877.6514,0.0,199.921,5.06
BM-sheet_1-13171,beam,451.0356,0.0,102.734,2.6
BM-sheet_1-13172,beam,843.2177,0.0,192.048,4.86
BM-sheet_1-13173,beam,687.1706,0.0,156.495,3.96
BM-sheet_1-13174,beam,156.1988,0.0,35.57,0.9
BM-sheet_1-13175,beam,1711.505,0.0,389.717,9.86
BM-sheet_1-13176,beam,125.8651,0.0,28.658,0.725
BM-sheet_1-13177,beam,125.8842,0.0,28.66,0.725
BM-sheet_1-13178,beam,169.3182,0.0,38.546,0.975
BM-sheet_1-13179,beam,125.9224,0.0,28.664,0.725
BM-sheet_1-13180,beam,399.5385,0.0,90.942,2.3
BM-sheet_1-13181,beam,312.7298,0.0,71.177,1.8
BM-sheet_1-13182,beam,434.4128,0.0,98.865,2.5
BM-sheet_1-13183,beam,399.7204,0.0,90.963,2.3
BM-sheet_1-13184,beam,90.3853,0.0,20.567,0.52
BM-sheet_1-13185,beam,425.9184,0.0,96.91,2.45
BM-sheet_1-13186,beam,73.0257,0.0,16.614,0.42
BM-sheet_1-13187,beam,1020.9744,0.0,232.268,5.871
BM-sheet_1-13188,beam,1725.5188,0.0,392.52,9.921
BM-sheet_1-13189,beam,913.236,0.0,207.727,5.25
BM-sheet_1-13190,beam,217.4701,0.0,49.462,1.25
BM-sheet_1-13191,beam,54.8108,0.0,12.465,0.315
BM-sheet_1-13192,beam,127.0411,0.0,28.89,0.73
BM-sheet_1-13193,beam,107.9143,0.0,24.539,0.62
BM-sheet_1-13194,beam,214.1204,0.0,48.686,1.23
BM-sheet_1-13195,beam,111.4291,0.0,25.334,0.64
BM-sheet_1-13196,beam,398.7678,0.0,90.657,2.29
BM-sheet_1-13197,beam,656.5862,0.0,149.258,3.77
BM-sheet_1-13198,beam,86.2227,0.0,19.599,0.495
BM-sheet_1-13199,beam,62.7169,0.0,14.255,0.36
BM-sheet_1-13200,beam,250.9056,0.0,57.024,1.44
BM-sheet_1-13201,beam,199.535,0.0,45.345,1.145
BM-sheet_1-13202,beam,202.1797,0.0,45.943,1.16
BM-sheet_1-13203,beam,1110.4134,0.0,252.309,6.37
BM-sheet_1-13204,beam,184.8064,0.0,41.989,1.06
BM-sheet_1-13205,beam,254.5832,0.0,57.838,1.46
BM-sheet_1-13206,beam,258.1097,0.0,58.635,1.48
BM-sheet_1-13207,beam,313.9647,0.0,71.318,1.8
BM-sheet_1-13208,beam,401.2379,0.0,91.135,2.3
BM-sheet_1-13209,beam,865.4093,0.0,196.55,4.96
BM-sheet_1-13210,beam,453.7107,0.0,103.038,2.6
BM-sheet_1-13211,beam,830.7653,0.0,188.653,4.76
BM-sheet_1-13212,beam,199.8677,0.0,45.383,1.145
BM-sheet_1-13213,beam,427.7293,0.0,97.116,2.45
BM-sheet_1-13214,beam,126.5921,0.0,28.74,0.725
BM-sheet_1-13215,beam,126.6113,0.0,28.743,0.725
BM-sheet_1-13216,beam,126.6304,0.0,28.745,0.725
BM-sheet_1-13217,beam,170.3219,0.0,38.66,0.975
BM-sheet_1-13218,beam,401.8457,0.0,91.204,2.3
BM-sheet_1-13219,beam,401.0328,0.0,91.013,2.295
BM-sheet_1-13220,beam,356.5275,0.0,80.906,2.04
BM-sheet_1-13221,beam,411.6419,0.0,93.406,2.355
BM-sheet_1-13222,beam,411.7041,0.0,93.413,2.355
BM-sheet_1-13223,beam,1520.301,0.0,344.922,8.695
BM-sheet_1-13224,beam,849.8885,0.0,192.806,4.86
BM-sheet_1-13225,beam,659.3754,0.0,149.575,3.77
BM-sheet_1-13226,beam,108.4548,0.0,24.6,0.62
BM-sheet_1-13227,beam,885.2649,0.0,200.786,5.06
BM-sheet_1-13228,beam,671.9231,0.0,152.387,3.84
BM-sheet_1-13229,beam,259.0095,0.0,58.737,1.48
BM-sheet_1-13230,beam,170.6571,0.0,38.698,0.975
BM-sheet_1-13231,beam,126.918,0.0,28.777,0.725
BM-sheet_1-13232,beam,134.8161,0.0,30.566,0.77
BM-sheet_1-13233,beam,660.1733,0.0,149.665,3.77
BM-sheet_1-13234,beam,437.8469,0.0,99.255,2.5
BM-sheet_1-13235,beam,402.88,0.0,91.321,2.3
BM-sheet_1-13236,beam,315.3451,0.0,71.474,1.8
BM-sheet_1-13237,beam,403.0018,0.0,91.335,2.3
BM-sheet_1-13238,beam,429.3494,0.0,97.299,2.45
BM-sheet_1-13239,beam,455.7049,0.0,103.264,2.6
BM-sheet_1-13240,beam,127.0908,0.0,28.797,0.725
BM-sheet_1-13241,beam,127.11,0.0,28.799,0.725
BM-sheet_1-13242,beam,259.5188,0.0,58.794,1.48
BM-sheet_1-13243,beam,1799.3685,0.0,407.62,10.26
BM-sheet_1-13244,beam,178.9116,0.0,40.527,1.02
BM-sheet_1-13245,beam,462.2581,0.0,104.702,2.635
BM-sheet_1-13246,beam,645.68,0.0,146.236,3.68
BM-sheet_1-13247,beam,78.9674,0.0,17.883,0.45
BM-sheet_1-13248,beam,245.7133,0.0,55.642,1.4
BM-sheet_1-13249,beam,180.5999,0.0,40.894,1.029
BM-sheet_1-13250,beam,259.8325,0.0,58.83,1.48
BM-sheet_1-13251,beam,114.1329,0.0,25.839,0.65
BM-sheet_1-13252,beam,1413.7048,0.0,320.036,8.05
BM-sheet_1-13253,beam,144.0264,0.0,32.602,0.82
BM-sheet_1-13254,beam,389.1058,0.0,88.073,2.215
BM-sheet_1-13255,beam,55.3439,0.0,12.526,0.315
BM-sheet_1-13256,beam,205.5942,0.0,46.529,1.17
BM-sheet_1-13257,beam,149.3858,0.0,33.805,0.85
BM-sheet_1-13258,beam,369.1266,0.0,83.525,2.1
BM-sheet_1-13259,beam,96.6906,0.0,21.877,0.55
BM-sheet_1-13260,beam,507.2626,0.0,114.765,2.885
BM-sheet_1-13261,beam,647.1432,0.0,146.401,3.68
BM-sheet_1-13262,beam,55.4024,0.0,12.533,0.315
BM-sheet_1-13263,beam,246.27,0.0,55.705,1.4
BM-sheet_1-13264,beam,205.8424,0.0,46.557,1.17
BM-sheet_1-13265,beam,149.5662,0.0,33.826,0.85
BM-sheet_1-13266,beam,133.7499,0.0,30.246,0.76
BM-sheet_1-13267,beam,133.7701,0.0,30.249,0.76
BM-sheet_1-13268,beam,241.1746,0.0,54.531,1.37
BM-sheet_1-13269,beam,281.7062,0.0,63.691,1.6
BM-sheet_1-13270,beam,96.8511,0.0,21.896,0.55
BM-sheet_1-13271,beam,179.6418,0.0,40.609,1.02
BM-sheet_1-13272,beam,1391.5533,0.0,314.546,7.9
BM-sheet_1-13273,beam,1321.294,0.0,298.643,7.5
BM-sheet_1-13274,beam,214.9629,0.0,48.583,1.22
BM-sheet_1-13275,beam,355.0946,0.0,80.247,2.015
BM-sheet_1-13276,beam,56.4007,0.0,12.745,0.32
BM-sheet_1-13277,beam,206.2461,0.0,46.602,1.17
BM-sheet_1-13278,beam,120.0907,0.0,27.133,0.681
BM-sheet_1-13279,beam,134.0122,0.0,30.276,0.76
BM-sheet_1-13280,beam,312.1544,0.0,70.517,1.77
BM-sheet_1-13281,beam,70.554,0.0,15.937,0.4
BM-sheet_1-13282,beam,171.1192,0.0,38.651,0.97
BM-sheet_1-13283,beam,473.7363,0.0,106.995,2.685
BM-sheet_1-13284,beam,649.3899,0.0,146.655,3.68
BM-sheet_1-13285,beam,56.4772,0.0,12.754,0.32
BM-sheet_1-13286,beam,247.1249,0.0,55.801,1.4
BM-sheet_1-13287,beam,206.5569,0.0,46.637,1.17
BM-sheet_1-13288,beam,150.0853,0.0,33.884,0.85
BM-sheet_1-13289,beam,134.2141,0.0,30.299,0.76
BM-sheet_1-13290,beam,250.8062,0.0,56.615,1.42
BM-sheet_1-13291,beam,70.6603,0.0,15.949,0.4
BM-sheet_1-13292,beam,1369.2488,0.0,309.039,7.75
BM-sheet_1-13293,beam,1041.6692,0.0,235.087,5.895
BM-sheet_1-13294,beam,220.913,0.0,49.853,1.25
BM-sheet_1-13295,beam,1059.6584,0.0,239.111,5.995
BM-sheet_1-13296,beam,353.5672,0.0,79.776,2.0
BM-sheet_1-13297,beam,353.6204,0.0,79.782,2.0
BM-sheet_1-13298,beam,859.4269,0.0,193.885,4.86
BM-sheet_1-13299,beam,118.4985,0.0,26.731,0.67
BM-sheet_1-13300,beam,895.0634,0.0,201.894,5.06
BM-sheet_1-13301,beam,180.4549,0.0,40.701,1.02
BM-sheet_1-13302,beam,679.4619,0.0,153.239,3.84
BM-sheet_1-13303,beam,261.9153,0.0,59.065,1.48
BM-sheet_1-13304,beam,172.5715,0.0,38.914,0.975
BM-sheet_1-13305,beam,128.3417,0.0,28.938,0.725
BM-sheet_1-13306,beam,100.9183,0.0,22.753,0.57
BM-sheet_1-13307,beam,649.8695,0.0,146.51,3.67
BM-sheet_1-13308,beam,442.7572,0.0,99.81,2.5
BM-sheet_1-13309,beam,407.3978,0.0,91.832,2.3
BM-sheet_1-13310,beam,407.459,0.0,91.839,2.3
BM-sheet_1-13311,beam,434.0977,0.0,97.836,2.45
BM-sheet_1-13312,beam,460.7443,0.0,103.834,2.6
BM-sheet_1-13313,beam,128.4961,0.0,28.956,0.725
BM-sheet_1-13314,beam,128.5154,0.0,28.958,0.725
BM-sheet_1-13315,beam,262.3881,0.0,59.119,1.48
BM-sheet_1-13316,beam,319.1685,0.0,71.906,1.8
BM-sheet_1-13317,beam,1801.7997,0.0,405.902,10.16
BM-sheet_1-13318,beam,118.8373,0.0,26.769,0.67
BM-sheet_1-13319,beam,1802.3409,0.0,405.963,10.16
BM-sheet_1-13320,beam,651.1399,0.0,146.653,3.67
BM-sheet_1-13321,beam,118.8909,0.0,26.775,0.67
BM-sheet_1-13322,beam,898.027,0.0,202.228,5.06
BM-sheet_1-13323,beam,181.0524,0.0,40.768,1.02
BM-sheet_1-13324,beam,681.7113,0.0,153.492,3.84
BM-sheet_1-13325,beam,262.7823,0.0,59.163,1.48
BM-sheet_1-13326,beam,173.1427,0.0,38.979,0.975
BM-sheet_1-13327,beam,128.7665,0.0,28.986,0.725
BM-sheet_1-13328,beam,136.7794,0.0,30.788,0.77
BM-sheet_1-13329,beam,652.0201,0.0,146.752,3.67
BM-sheet_1-13330,beam,444.2223,0.0,99.975,2.5
BM-sheet_1-13331,beam,408.7458,0.0,91.984,2.3
BM-sheet_1-13332,beam,408.8071,0.0,91.991,2.3
BM-sheet_1-13333,beam,435.5338,0.0,97.998,2.45
BM-sheet_1-13334,beam,462.2684,0.0,104.005,2.6
BM-sheet_1-13335,beam,128.9211,0.0,29.004,0.725
BM-sheet_1-13336,beam,128.9404,0.0,29.006,0.725
BM-sheet_1-13337,beam,263.2558,0.0,59.216,1.48
BM-sheet_1-13338,beam,320.224,0.0,72.025,1.8
BM-sheet_1-13339,beam,864.7346,0.0,194.483,4.86
BM-sheet_1-13340,beam,119.2303,0.0,26.813,0.67
BM-sheet_1-13341,beam,1066.2588,0.0,239.77,5.991
BM-sheet_1-13342,beam,217.1709,0.0,48.832,1.22
BM-sheet_1-13343,beam,394.349,0.0,88.664,2.215
BM-sheet_1-13344,beam,56.0896,0.0,12.61,0.315
BM-sheet_1-13345,beam,315.2176,0.0,70.862,1.77
BM-sheet_1-13346,beam,208.3954,0.0,46.844,1.17
BM-sheet_1-13347,beam,151.421,0.0,34.035,0.85
BM-sheet_1-13348,beam,135.4085,0.0,30.433,0.76
BM-sheet_1-13349,beam,285.1133,0.0,64.075,1.6
BM-sheet_1-13350,beam,98.0224,0.0,22.028,0.55
BM-sheet_1-13351,beam,1549.8768,0.0,348.261,8.695
BM-sheet_1-13352,beam,237.107,0.0,53.274,1.33
BM-sheet_1-13353,beam,394.9403,0.0,88.731,2.215
BM-sheet_1-13354,beam,56.1737,0.0,12.62,0.315
BM-sheet_1-13355,beam,178.356,0.0,40.065,1.0
BM-sheet_1-13356,beam,214.0593,0.0,48.082,1.2
BM-sheet_1-13357,beam,237.2846,0.0,53.294,1.33
BM-sheet_1-13358,beam,395.2361,0.0,88.764,2.215
BM-sheet_1-13359,beam,310.5254,0.0,69.734,1.74
BM-sheet_1-13360,beam,812.1277,0.0,182.364,4.55
BM-sheet_1-13361,beam,56.2326,0.0,12.626,0.315
BM-sheet_1-13362,beam,67.8461,0.0,15.233,0.38
BM-sheet_1-13363,beam,67.8562,0.0,15.234,0.38
BM-sheet_1-13364,beam,375.0529,0.0,84.193,2.1
BM-sheet_1-13365,beam,98.2428,0.0,22.052,0.55
BM-sheet_1-13366,beam,99.1507,0.0,22.254,0.555
BM-sheet_1-13367,beam,278.7356,0.0,62.558,1.56
BM-sheet_1-13368,beam,116.1572,0.0,26.068,0.65
BM-sheet_1-13369,beam,241.2857,0.0,54.144,1.35
BM-sheet_1-13370,beam,223.4461,0.0,50.138,1.25
BM-sheet_1-13371,beam,56.3168,0.0,12.636,0.315
BM-sheet_1-13372,beam,59.0074,0.0,13.238,0.33
BM-sheet_1-13373,beam,452.4579,0.0,101.501,2.53
BM-sheet_1-13374,beam,364.8823,0.0,81.849,2.04
BM-sheet_1-13375,beam,237.9245,0.0,53.366,1.33
BM-sheet_1-13376,beam,396.302,0.0,88.884,2.215
BM-sheet_1-13377,beam,302.4156,0.0,67.821,1.69
BM-sheet_1-13378,beam,56.3758,0.0,12.642,0.315
BM-sheet_1-13379,beam,616.573,0.0,138.255,3.445
BM-sheet_1-13380,beam,209.4585,0.0,46.964,1.17
BM-sheet_1-13381,beam,1136.0796,0.0,254.707,6.345
BM-sheet_1-13382,beam,98.4929,0.0,22.08,0.55
BM-sheet_1-13383,beam,223.8809,0.0,50.186,1.25
BM-sheet_1-13384,beam,56.4264,0.0,12.648,0.315
BM-sheet_1-13385,beam,59.1222,0.0,13.251,0.33
BM-sheet_1-13386,beam,465.881,0.0,104.411,2.6
BM-sheet_1-13387,beam,410.395,0.0,91.969,2.29
BM-sheet_1-13388,beam,88.7231,0.0,19.881,0.495
BM-sheet_1-13389,beam,265.3127,0.0,59.447,1.48
BM-sheet_1-13390,beam,412.3718,0.0,92.391,2.3
BM-sheet_1-13391,beam,889.4216,0.0,199.258,4.96
BM-sheet_1-13392,beam,435.81,0.0,97.628,2.43
BM-sheet_1-13393,beam,853.8129,0.0,191.252,4.76
BM-sheet_1-13394,beam,322.9186,0.0,72.328,1.8
BM-sheet_1-13395,beam,205.4428,0.0,46.012,1.145
BM-sheet_1-13396,beam,439.6594,0.0,98.461,2.45
BM-sheet_1-13397,beam,130.1227,0.0,29.138,0.725
BM-sheet_1-13398,beam,130.1421,0.0,29.141,0.725
BM-sheet_1-13399,beam,130.1616,0.0,29.143,0.725
BM-sheet_1-13400,beam,175.071,0.0,39.195,0.975
BM-sheet_1-13401,beam,413.0496,0.0,92.467,2.3
BM-sheet_1-13402,beam,449.034,0.0,100.515,2.5
BM-sheet_1-13403,beam,412.2747,0.0,92.28,2.295
BM-sheet_1-13404,beam,1131.0051,0.0,253.135,6.295
BM-sheet_1-13405,beam,233.6022,0.0,52.279,1.3
BM-sheet_1-13406,beam,526.5823,0.0,117.839,2.93
BM-sheet_1-13407,beam,416.1158,0.0,93.112,2.315
BM-sheet_1-13408,beam,456.7133,0.0,102.188,2.54
BM-sheet_1-13409,beam,266.1059,0.0,59.536,1.48
BM-sheet_1-13410,beam,413.6046,0.0,92.529,2.3
BM-sheet_1-13411,beam,467.6228,0.0,104.606,2.6
BM-sheet_1-13412,beam,323.7871,0.0,72.425,1.8
BM-sheet_1-13413,beam,205.9953,0.0,46.074,1.145
BM-sheet_1-13414,beam,440.8417,0.0,98.593,2.45
BM-sheet_1-13415,beam,130.4726,0.0,29.178,0.725
BM-sheet_1-13416,beam,130.4921,0.0,29.18,0.725
BM-sheet_1-13417,beam,130.5115,0.0,29.182,0.725
BM-sheet_1-13418,beam,175.5417,0.0,39.248,0.975
BM-sheet_1-13419,beam,414.16,0.0,92.591,2.3
BM-sheet_1-13420,beam,1556.9334,0.0,348.048,8.645
BM-sheet_1-13421,beam,857.3866,0.0,191.652,4.76
BM-sheet_1-13422,beam,893.5444,0.0,199.719,4.96
BM-sheet_1-13423,beam,206.3026,0.0,46.108,1.145
BM-sheet_1-13424,beam,441.4993,0.0,98.666,2.45
BM-sheet_1-13425,beam,288.369,0.0,64.44,1.6
BM-sheet_1-13426,beam,346.0944,0.0,77.334,1.92
BM-sheet_1-13427,beam,126.199,0.0,28.197,0.7
BM-sheet_1-13428,beam,389.4722,0.0,87.013,2.16
BM-sheet_1-13429,beam,162.3042,0.0,36.258,0.9
BM-sheet_1-13430,beam,450.9122,0.0,100.725,2.5
BM-sheet_1-13431,beam,284.117,0.0,63.461,1.575
BM-sheet_1-13432,beam,819.1006,0.0,182.944,4.54
BM-sheet_1-13433,beam,545.8476,0.0,121.904,3.025
BM-sheet_1-13434,beam,426.8171,0.0,95.314,2.365
BM-sheet_1-13435,beam,301.4337,0.0,67.309,1.67
BM-sheet_1-13436,beam,534.6292,0.0,119.372,2.962
BM-sheet_1-13437,beam,126.3871,0.0,28.218,0.7
BM-sheet_1-13438,beam,344.9075,0.0,77.0,1.91
BM-sheet_1-13439,beam,198.6674,0.0,44.349,1.1
BM-sheet_1-13440,beam,451.584,0.0,100.8,2.5
BM-sheet_1-13441,beam,222.2124,0.0,49.597,1.23
BM-sheet_1-13442,beam,93.054,0.0,20.768,0.515
BM-sheet_1-13443,beam,262.0357,0.0,58.477,1.45
BM-sheet_1-13444,beam,240.3857,0.0,53.642,1.33
BM-sheet_1-13445,beam,400.4012,0.0,89.342,2.215
BM-sheet_1-13446,beam,314.5832,0.0,70.188,1.74
BM-sheet_1-13447,beam,1093.9719,0.0,244.063,6.05
BM-sheet_1-13448,beam,56.9673,0.0,12.708,0.315
BM-sheet_1-13449,beam,289.401,0.0,64.555,1.6
BM-sheet_1-13450,beam,99.4964,0.0,22.193,0.55
BM-sheet_1-13451,beam,94.9879,0.0,21.185,0.525
BM-sheet_1-13452,beam,161.0511,0.0,35.917,0.89
BM-sheet_1-13453,beam,90.4916,0.0,20.18,0.5
BM-sheet_1-13454,beam,226.2626,0.0,50.452,1.25
BM-sheet_1-13455,beam,100.4755,0.0,22.403,0.555
BM-sheet_1-13456,beam,228.1406,0.0,50.864,1.26
BM-sheet_1-13457,beam,150.3054,0.0,33.508,0.83
BM-sheet_1-13458,beam,369.4802,0.0,82.363,2.04
BM-sheet_1-13459,beam,100.5353,0.0,22.409,0.555
BM-sheet_1-13460,beam,380.4604,0.0,84.798,2.1
BM-sheet_1-13461,beam,282.6697,0.0,62.997,1.56
BM-sheet_1-13462,beam,1721.7963,0.0,383.701,9.501
BM-sheet_1-13463,beam,572.7575,0.0,127.629,3.16
BM-sheet_1-13464,beam,130.5211,0.0,29.082,0.72
BM-sheet_1-13465,beam,117.849,0.0,26.257,0.65
BM-sheet_1-13466,beam,244.7998,0.0,54.537,1.35
BM-sheet_1-13467,beam,226.7001,0.0,50.501,1.25
BM-sheet_1-13468,beam,57.1369,0.0,12.727,0.315
BM-sheet_1-13469,beam,59.8666,0.0,13.334,0.33
BM-sheet_1-13470,beam,459.0455,0.0,102.237,2.53
BM-sheet_1-13471,beam,370.1944,0.0,82.443,2.04
BM-sheet_1-13472,beam,1415.6593,0.0,315.245,7.8
BM-sheet_1-13473,beam,65.3478,0.0,14.551,0.36
BM-sheet_1-13474,beam,289.9731,0.0,64.563,1.597
BM-sheet_1-13475,beam,1410.2621,0.0,313.973,7.767
BM-sheet_1-13476,beam,410.3397,0.0,91.349,2.26
BM-sheet_1-13477,beam,1007.3517,0.0,224.238,5.546
BM-sheet_1-13478,beam,559.5723,0.0,124.552,3.08
BM-sheet_1-13479,beam,952.7895,0.0,212.061,5.244
BM-sheet_1-13480,beam,84.728,0.0,18.856,0.466
BM-sheet_1-13481,beam,268.9713,0.0,59.856,1.48
BM-sheet_1-13482,beam,327.1758,0.0,72.803,1.8
BM-sheet_1-13483,beam,418.12,0.0,93.033,2.3
BM-sheet_1-13484,beam,901.8185,0.0,200.642,4.96
BM-sheet_1-13485,beam,472.7976,0.0,105.183,2.6
BM-sheet_1-13486,beam,865.7117,0.0,192.58,4.76
BM-sheet_1-13487,beam,208.2745,0.0,46.328,1.145
BM-sheet_1-13488,beam,445.7191,0.0,99.137,2.45
BM-sheet_1-13489,beam,131.916,0.0,29.339,0.725
BM-sheet_1-13490,beam,131.9356,0.0,29.341,0.725
BM-sheet_1-13491,beam,131.9551,0.0,29.343,0.725
BM-sheet_1-13492,beam,177.4832,0.0,39.464,0.975
BM-sheet_1-13493,beam,418.7404,0.0,93.102,2.3
BM-sheet_1-13494,beam,417.892,0.0,92.906,2.295
BM-sheet_1-13495,beam,242.213,0.0,53.845,1.33
BM-sheet_1-13496,beam,403.4446,0.0,89.681,2.215
BM-sheet_1-13497,beam,316.9741,0.0,70.454,1.74
BM-sheet_1-13498,beam,1147.8348,0.0,255.112,6.3
BM-sheet_1-13499,beam,57.4002,0.0,12.757,0.315
BM-sheet_1-13500,beam,411.885,0.0,91.53,2.26
BM-sheet_1-13501,beam,382.7817,0.0,85.056,2.1
BM-sheet_1-13502,beam,100.2672,0.0,22.278,0.55
BM-sheet_1-13503,beam,269.8499,0.0,59.953,1.48
BM-sheet_1-13504,beam,419.4234,0.0,93.178,2.3
BM-sheet_1-13505,beam,474.2011,0.0,105.339,2.6
BM-sheet_1-13506,beam,328.3417,0.0,72.932,1.8
BM-sheet_1-13507,beam,208.8927,0.0,46.397,1.145
BM-sheet_1-13508,beam,447.0419,0.0,99.284,2.45
BM-sheet_1-13509,beam,132.3075,0.0,29.382,0.725
BM-sheet_1-13510,beam,132.3271,0.0,29.384,0.725
BM-sheet_1-13511,beam,132.3467,0.0,29.386,0.725
BM-sheet_1-13512,beam,178.0098,0.0,39.523,0.975
BM-sheet_1-13513,beam,419.9827,0.0,93.24,2.3
BM-sheet_1-13514,beam,419.1317,0.0,93.044,2.295
BM-sheet_1-13515,beam,869.4389,0.0,192.994,4.76
BM-sheet_1-13516,beam,906.104,0.0,201.118,4.96
BM-sheet_1-13517,beam,76.7379,0.0,17.031,0.42
BM-sheet_1-13518,beam,270.4498,0.0,60.02,1.48
BM-sheet_1-13519,beam,270.4898,0.0,60.024,1.48
BM-sheet_1-13520,beam,924.9194,0.0,205.234,5.06
BM-sheet_1-13521,beam,475.3253,0.0,105.464,2.6
BM-sheet_1-13522,beam,888.6242,0.0,197.151,4.86
BM-sheet_1-13523,beam,724.1713,0.0,160.653,3.96
BM-sheet_1-13524,beam,164.6087,0.0,36.515,0.9
BM-sheet_1-13525,beam,654.8725,0.0,145.258,3.58
BM-sheet_1-13526,beam,1002.5819,0.0,222.368,5.48
BM-sheet_1-13527,beam,132.6603,0.0,29.421,0.725
BM-sheet_1-13528,beam,132.6799,0.0,29.423,0.725
BM-sheet_1-13529,beam,178.458,0.0,39.572,0.975
BM-sheet_1-13530,beam,132.7192,0.0,29.428,0.725
BM-sheet_1-13531,beam,421.1023,0.0,93.364,2.3
BM-sheet_1-13532,beam,421.1646,0.0,93.371,2.3
BM-sheet_1-13533,beam,329.6558,0.0,73.078,1.8
BM-sheet_1-13534,beam,95.248,0.0,21.113,0.52
BM-sheet_1-13535,beam,448.8308,0.0,99.482,2.45
BM-sheet_1-13536,beam,76.9538,0.0,17.055,0.42
BM-sheet_1-13537,beam,76.9652,0.0,17.057,0.42
BM-sheet_1-13538,beam,976.3425,0.0,216.356,5.327
BM-sheet_1-13539,beam,274.9568,0.0,60.926,1.5
BM-sheet_1-13540,beam,128.3321,0.0,28.434,0.7
BM-sheet_1-13541,beam,427.2257,0.0,94.652,2.33
BM-sheet_1-13542,beam,201.7243,0.0,44.689,1.1
BM-sheet_1-13543,beam,491.5464,0.0,108.886,2.68
BM-sheet_1-13544,beam,241.2235,0.0,53.431,1.315
BM-sheet_1-13545,beam,288.9606,0.0,64.0,1.575
BM-sheet_1-13546,beam,816.5488,0.0,180.839,4.45
BM-sheet_1-13547,beam,657.0059,0.0,145.495,3.58
BM-sheet_1-13548,beam,256.9676,0.0,56.902,1.4
BM-sheet_1-13549,beam,242.3195,0.0,53.654,1.32
BM-sheet_1-13550,beam,242.3553,0.0,53.658,1.32
BM-sheet_1-13551,beam,75.4996,0.0,16.715,0.411
BM-sheet_1-13552,beam,325.0724,0.0,71.961,1.77
BM-sheet_1-13553,beam,97.6592,0.0,21.617,0.532
BM-sheet_1-13554,beam,128.5976,0.0,28.463,0.7
BM-sheet_1-13555,beam,350.9396,0.0,77.67,1.91
BM-sheet_1-13556,beam,350.9914,0.0,77.676,1.91
BM-sheet_1-13557,beam,211.3611,0.0,46.772,1.15
BM-sheet_1-13558,beam,202.2013,0.0,44.741,1.1
BM-sheet_1-13559,beam,386.0776,0.0,85.422,2.1
BM-sheet_1-13560,beam,349.3598,0.0,77.292,1.9
BM-sheet_1-13561,beam,226.1979,0.0,50.04,1.23
BM-sheet_1-13562,beam,347.6236,0.0,76.897,1.89
BM-sheet_1-13563,beam,289.7291,0.0,64.085,1.575
BM-sheet_1-13564,beam,658.6559,0.0,145.677,3.58
BM-sheet_1-13565,beam,242.8922,0.0,53.717,1.32
BM-sheet_1-13566,beam,81.188,0.0,17.954,0.441
BM-sheet_1-13567,beam,69.7321,0.0,15.42,0.379
BM-sheet_1-13568,beam,185.9315,0.0,41.111,1.01
BM-sheet_1-13569,beam,262.5793,0.0,58.054,1.426
BM-sheet_1-13570,beam,119.6942,0.0,26.462,0.65
BM-sheet_1-13571,beam,243.1071,0.0,53.741,1.32
BM-sheet_1-13572,beam,230.249,0.0,50.895,1.25
BM-sheet_1-13573,beam,58.0313,0.0,12.826,0.315
BM-sheet_1-13574,beam,94.0389,0.0,20.784,0.51
BM-sheet_1-13575,beam,224.8224,0.0,49.684,1.22
BM-sheet_1-13576,beam,466.2987,0.0,103.042,2.53
BM-sheet_1-13577,beam,376.0433,0.0,83.091,2.04
BM-sheet_1-13578,beam,102.321,0.0,22.607,0.555
BM-sheet_1-13579,beam,287.6472,0.0,63.55,1.56
BM-sheet_1-13580,beam,94.9744,0.0,20.981,0.515
BM-sheet_1-13581,beam,267.4432,0.0,59.077,1.45
BM-sheet_1-13582,beam,245.3461,0.0,54.192,1.33
BM-sheet_1-13583,beam,408.6628,0.0,90.259,2.215
BM-sheet_1-13584,beam,321.0736,0.0,70.908,1.74
BM-sheet_1-13585,beam,1116.541,0.0,246.568,6.05
BM-sheet_1-13586,beam,58.1425,0.0,12.839,0.315
BM-sheet_1-13587,beam,295.3705,0.0,65.218,1.6
BM-sheet_1-13588,beam,101.5486,0.0,22.42,0.55
BM-sheet_1-13589,beam,96.947,0.0,21.403,0.525
BM-sheet_1-13590,beam,140.137,0.0,30.935,0.759
BM-sheet_1-13591,beam,294.2177,0.0,64.944,1.593
BM-sheet_1-13592,beam,102.5321,0.0,22.631,0.555
BM-sheet_1-13593,beam,232.8098,0.0,51.382,1.26
BM-sheet_1-13594,beam,153.3814,0.0,33.849,0.83
BM-sheet_1-13595,beam,360.4068,0.0,79.531,1.95
BM-sheet_1-13596,beam,467.6736,0.0,103.194,2.53
BM-sheet_1-13597,beam,377.152,0.0,83.214,2.04
BM-sheet_1-13598,beam,66.566,0.0,14.686,0.36
BM-sheet_1-13599,beam,1849.328,0.0,407.97,10.0
BM-sheet_1-13600,beam,66.5856,0.0,14.688,0.36
BM-sheet_1-13601,beam,246.033,0.0,54.268,1.33
BM-sheet_1-13602,beam,409.8069,0.0,90.385,2.215
BM-sheet_1-13603,beam,321.9724,0.0,71.008,1.74
BM-sheet_1-13604,beam,1175.187,0.0,259.156,6.35
BM-sheet_1-13605,beam,55.5288,0.0,12.245,0.3
BM-sheet_1-13606,beam,262.875,0.0,57.962,1.42
BM-sheet_1-13607,beam,140.7143,0.0,31.024,0.76
BM-sheet_1-13608,beam,296.2843,0.0,65.318,1.6
BM-sheet_1-13609,beam,101.8627,0.0,22.455,0.55
BM-sheet_1-13610,beam,274.1435,0.0,60.428,1.48
BM-sheet_1-13611,beam,426.0964,0.0,93.916,2.3
BM-sheet_1-13612,beam,481.745,0.0,106.174,2.6
BM-sheet_1-13613,beam,333.5648,0.0,73.51,1.8
BM-sheet_1-13614,beam,212.2154,0.0,46.764,1.145
BM-sheet_1-13615,beam,454.1522,0.0,100.07,2.45
BM-sheet_1-13616,beam,134.4117,0.0,29.615,0.725
BM-sheet_1-13617,beam,134.4314,0.0,29.617,0.725
BM-sheet_1-13618,beam,134.4512,0.0,29.619,0.725
BM-sheet_1-13619,beam,180.8402,0.0,39.836,0.975
BM-sheet_1-13620,beam,426.6601,0.0,93.978,2.3
BM-sheet_1-13621,beam,425.7951,0.0,93.781,2.295
BM-sheet_1-13622,beam,883.2603,0.0,194.522,4.76
BM-sheet_1-13623,beam,920.5072,0.0,202.71,4.96
BM-sheet_1-13624,beam,77.9576,0.0,17.166,0.42
BM-sheet_1-13625,beam,274.7481,0.0,60.495,1.48
BM-sheet_1-13626,beam,274.7885,0.0,60.499,1.48
BM-sheet_1-13627,beam,939.6174,0.0,206.858,5.06
BM-sheet_1-13628,beam,482.8782,0.0,106.298,2.6
BM-sheet_1-13629,beam,902.7433,0.0,198.711,4.86
BM-sheet_1-13630,beam,735.6765,0.0,161.924,3.96
BM-sheet_1-13631,beam,167.2237,0.0,36.804,0.9
BM-sheet_1-13632,beam,612.4058,0.0,134.772,3.295
BM-sheet_1-13633,beam,1154.7533,0.0,254.108,6.213
BM-sheet_1-13634,beam,134.7673,0.0,29.654,0.725
BM-sheet_1-13635,beam,134.7871,0.0,29.656,0.725
BM-sheet_1-13636,beam,181.292,0.0,39.885,0.975
BM-sheet_1-13637,beam,134.8266,0.0,29.66,0.725
BM-sheet_1-13638,beam,427.7886,0.0,94.102,2.3
BM-sheet_1-13639,beam,334.8402,0.0,73.651,1.8
BM-sheet_1-13640,beam,465.124,0.0,102.3,2.5
BM-sheet_1-13641,beam,427.9768,0.0,94.123,2.3
BM-sheet_1-13642,beam,96.7742,0.0,21.282,0.52
BM-sheet_1-13643,beam,636.5696,0.0,139.977,3.42
BM-sheet_1-13644,beam,456.0889,0.0,100.283,2.45
BM-sheet_1-13645,beam,78.1981,0.0,17.193,0.42
BM-sheet_1-13646,beam,1423.393,0.0,312.925,7.644
BM-sheet_1-13647,beam,724.0232,0.0,159.161,3.888
BM-sheet_1-13648,beam,843.2392,0.0,185.354,4.527
BM-sheet_1-13649,beam,96.7166,0.0,21.258,0.519
BM-sheet_1-13650,beam,67.3137,0.0,14.794,0.361
BM-sheet_1-13651,beam,1480.5492,0.0,325.372,7.945
BM-sheet_1-13652,beam,69.3334,0.0,15.236,0.372
BM-sheet_1-13653,beam,68.639,0.0,15.082,0.368
BM-sheet_1-13654,beam,275.9189,0.0,60.624,1.48
BM-sheet_1-13655,beam,335.6262,0.0,73.737,1.8
BM-sheet_1-13656,beam,428.9186,0.0,94.226,2.3
BM-sheet_1-13657,beam,925.1077,0.0,203.216,4.96
BM-sheet_1-13658,beam,485.0065,0.0,106.532,2.6
BM-sheet_1-13659,beam,888.065,0.0,195.051,4.76
BM-sheet_1-13660,beam,213.652,0.0,46.922,1.145
BM-sheet_1-13661,beam,457.2262,0.0,100.408,2.45
BM-sheet_1-13662,beam,135.3214,0.0,29.715,0.725
BM-sheet_1-13663,beam,135.3412,0.0,29.717,0.725
BM-sheet_1-13664,beam,135.361,0.0,29.719,0.725
BM-sheet_1-13665,beam,182.0639,0.0,39.97,0.975
BM-sheet_1-13666,beam,429.547,0.0,94.295,2.3
BM-sheet_1-13667,beam,428.6759,0.0,94.097,2.295
BM-sheet_1-13668,beam,104.4834,0.0,22.933,0.559
BM-sheet_1-13669,beam,356.8674,0.0,78.323,1.91
BM-sheet_1-13670,beam,168.182,0.0,36.909,0.9
BM-sheet_1-13671,beam,392.4821,0.0,86.127,2.1
BM-sheet_1-13672,beam,355.1548,0.0,77.93,1.9
BM-sheet_1-13673,beam,833.8011,0.0,182.945,4.46
BM-sheet_1-13674,beam,572.1535,0.0,125.527,3.06
BM-sheet_1-13675,beam,678.8304,0.0,148.921,3.63
BM-sheet_1-13676,beam,5442.6596,0.0,1193.915,29.1
BM-sheet_1-13677,beam,256.2727,0.0,56.212,1.37
BM-sheet_1-13678,beam,357.3375,0.0,78.375,1.91
BM-sheet_1-13679,beam,205.8265,0.0,45.141,1.1
BM-sheet_1-13680,beam,383.6419,0.0,84.132,2.05
BM-sheet_1-13681,beam,355.6225,0.0,77.982,1.9
BM-sheet_1-13682,beam,1037.0721,0.0,227.395,5.54
BM-sheet_1-13683,beam,468.0612,0.0,102.623,2.5
BM-sheet_1-13684,beam,614.1861,0.0,134.651,3.28
BM-sheet_1-13685,beam,262.1909,0.0,57.477,1.4
BM-sheet_1-13686,beam,206.4942,0.0,45.264,1.102
BM-sheet_1-13687,beam,161.1072,0.0,35.312,0.86
BM-sheet_1-13688,beam,380.3435,0.0,83.36,2.03
BM-sheet_1-13689,beam,350.4169,0.0,76.795,1.87
BM-sheet_1-13690,beam,1518.0704,0.0,332.667,8.1
BM-sheet_1-13691,beam,135.8965,0.0,29.778,0.725
BM-sheet_1-13692,beam,135.9164,0.0,29.78,0.725
BM-sheet_1-13693,beam,459.3707,0.0,100.644,2.45
BM-sheet_1-13694,beam,431.309,0.0,94.489,2.3
BM-sheet_1-13695,beam,182.8642,0.0,40.058,0.975
BM-sheet_1-13696,beam,185.7046,0.0,40.677,0.99
BM-sheet_1-13697,beam,431.498,0.0,94.509,2.3
BM-sheet_1-13698,beam,136.0355,0.0,29.793,0.725
BM-sheet_1-13699,beam,795.6894,0.0,174.251,4.24
BM-sheet_1-13700,beam,487.994,0.0,106.86,2.6
BM-sheet_1-13701,beam,1006.1653,0.0,220.312,5.36
BM-sheet_1-13702,beam,78.8528,0.0,17.265,0.42
BM-sheet_1-13703,beam,277.9029,0.0,60.841,1.48
BM-sheet_1-13704,beam,277.9434,0.0,60.846,1.48
BM-sheet_1-13705,beam,950.4047,0.0,208.042,5.06
BM-sheet_1-13706,beam,488.4215,0.0,106.907,2.6
BM-sheet_1-13707,beam,913.1058,0.0,199.848,4.86
BM-sheet_1-13708,beam,744.1207,0.0,162.851,3.96
BM-sheet_1-13709,beam,169.143,0.0,37.014,0.9
BM-sheet_1-13710,beam,1853.326,0.0,405.542,9.86
BM-sheet_1-13711,beam,136.2939,0.0,29.821,0.725
BM-sheet_1-13712,beam,136.3137,0.0,29.824,0.725
BM-sheet_1-13713,beam,183.3452,0.0,40.111,0.975
BM-sheet_1-13714,beam,136.3535,0.0,29.828,0.725
BM-sheet_1-13715,beam,432.6328,0.0,94.634,2.3
BM-sheet_1-13716,beam,338.6316,0.0,74.066,1.8
BM-sheet_1-13717,beam,432.759,0.0,94.647,2.3
BM-sheet_1-13718,beam,97.8554,0.0,21.4,0.52
BM-sheet_1-13719,beam,461.1169,0.0,100.835,2.45
BM-sheet_1-13720,beam,79.0601,0.0,17.287,0.42
BM-sheet_1-13721,beam,79.0717,0.0,17.288,0.42
BM-sheet_1-13722,beam,406.7135,0.0,88.919,2.16
BM-sheet_1-13723,beam,225.9849,0.0,49.403,1.2
BM-sheet_1-13724,beam,395.5312,0.0,86.461,2.1
BM-sheet_1-13725,beam,504.8467,0.0,110.349,2.68
BM-sheet_1-13726,beam,357.9658,0.0,78.238,1.9
BM-sheet_1-13727,beam,378.7454,0.0,82.774,2.01
BM-sheet_1-13728,beam,576.6814,0.0,126.023,3.06
BM-sheet_1-13729,beam,684.2022,0.0,149.509,3.63
BM-sheet_1-13730,beam,131.959,0.0,28.833,0.7
BM-sheet_1-13731,beam,248.8733,0.0,54.375,1.32
BM-sheet_1-13732,beam,158.397,0.0,34.605,0.84
BM-sheet_1-13733,beam,1744.8361,0.0,381.163,9.252
BM-sheet_1-13734,beam,539.1076,0.0,117.761,2.858
BM-sheet_1-13735,beam,1811.0422,0.0,395.568,9.6
BM-sheet_1-13736,beam,471.6942,0.0,103.02,2.5
BM-sheet_1-13737,beam,273.6225,0.0,59.756,1.45
BM-sheet_1-13738,beam,351.0427,0.0,76.658,1.86
BM-sheet_1-13739,beam,264.2642,0.0,57.704,1.4
BM-sheet_1-13740,beam,235.9845,0.0,51.525,1.25
BM-sheet_1-13741,beam,179.3743,0.0,39.162,0.95
BM-sheet_1-13742,beam,321.0324,0.0,70.084,1.7
BM-sheet_1-13743,beam,57.6054,0.0,12.575,0.305
BM-sheet_1-13744,beam,201.1759,0.0,43.912,1.065
BM-sheet_1-13745,beam,311.7263,0.0,68.038,1.65
BM-sheet_1-13746,beam,899.414,0.0,196.293,4.76
BM-sheet_1-13747,beam,150.2391,0.0,32.787,0.795
BM-sheet_1-13748,beam,159.7113,0.0,34.851,0.845
BM-sheet_1-13749,beam,196.5964,0.0,42.897,1.04
BM-sheet_1-13750,beam,803.5156,0.0,175.312,4.25
BM-sheet_1-13751,beam,194.7627,0.0,42.491,1.03
BM-sheet_1-13752,beam,652.4554,0.0,142.333,3.45
BM-sheet_1-13753,beam,157.9361,0.0,34.451,0.835
BM-sheet_1-13754,beam,480.1692,0.0,104.734,2.538
BM-sheet_1-13755,beam,132.44,0.0,28.886,0.7
BM-sheet_1-13756,beam,361.4246,0.0,78.822,1.91
BM-sheet_1-13757,beam,217.6433,0.0,47.462,1.15
BM-sheet_1-13758,beam,397.4934,0.0,86.675,2.1
BM-sheet_1-13759,beam,397.5512,0.0,86.682,2.1
BM-sheet_1-13760,beam,359.7414,0.0,78.432,1.9
BM-sheet_1-13761,beam,359.7937,0.0,78.438,1.9
BM-sheet_1-13762,beam,138.2566,0.0,30.139,0.73
BM-sheet_1-13763,beam,62.5075,0.0,13.625,0.33
BM-sheet_1-13764,beam,394.0524,0.0,85.888,2.08
BM-sheet_1-13765,beam,573.1626,0.0,124.917,3.025
BM-sheet_1-13766,beam,448.1737,0.0,97.67,2.365
BM-sheet_1-13767,beam,105.1893,0.0,22.922,0.555
BM-sheet_1-13768,beam,219.8871,0.0,47.913,1.16
BM-sheet_1-13769,beam,136.5015,0.0,29.741,0.72
BM-sheet_1-13770,beam,123.2484,0.0,26.852,0.65
BM-sheet_1-13771,beam,256.0146,0.0,55.773,1.35
BM-sheet_1-13772,beam,237.085,0.0,51.645,1.25
BM-sheet_1-13773,beam,59.7541,0.0,13.015,0.315
BM-sheet_1-13774,beam,62.6086,0.0,13.636,0.33
BM-sheet_1-13775,beam,370.0137,0.0,80.584,1.95
BM-sheet_1-13776,beam,480.1388,0.0,104.56,2.53
BM-sheet_1-13777,beam,387.2037,0.0,84.315,2.04
BM-sheet_1-13778,beam,97.7641,0.0,21.287,0.515
BM-sheet_1-13779,beam,195.5567,0.0,42.577,1.03
BM-sheet_1-13780,beam,382.6251,0.0,83.3,2.015
BM-sheet_1-13781,beam,330.4538,0.0,71.937,1.74
BM-sheet_1-13782,beam,1149.1583,0.0,250.143,6.05
BM-sheet_1-13783,beam,60.7907,0.0,13.232,0.32
BM-sheet_1-13784,beam,75.9995,0.0,16.541,0.4
BM-sheet_1-13785,beam,99.7638,0.0,21.711,0.525
BM-sheet_1-13786,beam,74.121,0.0,16.13,0.39
BM-sheet_1-13787,beam,95.0416,0.0,20.681,0.5
BM-sheet_1-13788,beam,218.6253,0.0,47.569,1.15
BM-sheet_1-13789,beam,90.3148,0.0,19.649,0.475
BM-sheet_1-13790,beam,239.6077,0.0,52.126,1.26
BM-sheet_1-13791,beam,1052.4255,0.0,228.937,5.533
BM-sheet_1-13792,beam,157.882,0.0,34.342,0.83
BM-sheet_1-13793,beam,494.6418,0.0,107.585,2.6
BM-sheet_1-13794,beam,481.3943,0.0,104.696,2.53
BM-sheet_1-13795,beam,426.2765,0.0,92.702,2.24
BM-sheet_1-13796,beam,281.6878,0.0,61.254,1.48
BM-sheet_1-13797,beam,342.643,0.0,74.504,1.8
BM-sheet_1-13798,beam,437.885,0.0,95.206,2.3
BM-sheet_1-13799,beam,944.4455,0.0,205.329,4.96
BM-sheet_1-13800,beam,906.4944,0.0,197.064,4.76
BM-sheet_1-13801,beam,218.0854,0.0,47.406,1.145
BM-sheet_1-13802,beam,466.7132,0.0,101.445,2.45
BM-sheet_1-13803,beam,138.129,0.0,30.022,0.725
BM-sheet_1-13804,beam,138.1491,0.0,30.024,0.725
BM-sheet_1-13805,beam,138.1691,0.0,30.026,0.725
BM-sheet_1-13806,beam,185.8405,0.0,40.383,0.975
BM-sheet_1-13807,beam,438.4565,0.0,95.268,2.3
BM-sheet_1-13808,beam,437.5667,0.0,95.068,2.295
BM-sheet_1-13809,beam,138.2491,0.0,30.035,0.725
BM-sheet_1-13810,beam,138.2692,0.0,30.037,0.725
BM-sheet_1-13811,beam,467.3221,0.0,101.511,2.45
BM-sheet_1-13812,beam,176.4635,0.0,38.328,0.925
BM-sheet_1-13813,beam,438.8376,0.0,95.31,2.3
BM-sheet_1-13814,beam,358.754,0.0,77.911,1.88
BM-sheet_1-13815,beam,360.7145,0.0,78.331,1.89
BM-sheet_1-13816,beam,694.81,0.0,150.871,3.64
BM-sheet_1-13817,beam,534.5466,0.0,116.063,2.8
BM-sheet_1-13818,beam,496.4365,0.0,107.78,2.6
BM-sheet_1-13819,beam,534.7013,0.0,116.08,2.8
BM-sheet_1-13820,beam,138.4695,0.0,30.058,0.725
BM-sheet_1-13821,beam,271.2485,0.0,58.877,1.42
BM-sheet_1-13822,beam,592.2478,0.0,128.545,3.1
BM-sheet_1-13823,beam,439.4733,0.0,95.379,2.3
BM-sheet_1-13824,beam,477.7574,0.0,103.68,2.5
BM-sheet_1-13825,beam,445.3356,0.0,96.637,2.33
BM-sheet_1-13826,beam,1319.6218,0.0,286.335,6.903
BM-sheet_1-13827,beam,1518.9722,0.0,329.567,7.945
BM-sheet_1-13828,beam,123.9664,0.0,26.895,0.648
BM-sheet_1-13829,beam,538.8715,0.0,116.9,2.818
BM-sheet_1-13830,beam,941.8838,0.0,204.313,4.924
BM-sheet_1-13831,beam,380.6918,0.0,82.574,1.99
BM-sheet_1-13832,beam,63.2353,0.0,13.715,0.331
BM-sheet_1-13833,beam,283.2008,0.0,61.419,1.48
BM-sheet_1-13834,beam,440.173,0.0,95.455,2.3
BM-sheet_1-13835,beam,497.6588,0.0,107.913,2.6
BM-sheet_1-13836,beam,344.5828,0.0,74.714,1.8
BM-sheet_1-13837,beam,219.2246,0.0,47.53,1.145
BM-sheet_1-13838,beam,469.1511,0.0,101.709,2.45
BM-sheet_1-13839,beam,138.8505,0.0,30.1,0.725
BM-sheet_1-13840,beam,138.8706,0.0,30.102,0.725
BM-sheet_1-13841,beam,138.8906,0.0,30.104,0.725
BM-sheet_1-13842,beam,186.8109,0.0,40.488,0.975
BM-sheet_1-13843,beam,440.7459,0.0,95.517,2.3
BM-sheet_1-13844,beam,439.8513,0.0,95.316,2.295
BM-sheet_1-13845,beam,912.416,0.0,197.707,4.76
BM-sheet_1-13846,beam,950.8901,0.0,206.028,4.96
BM-sheet_1-13847,beam,255.0134,0.0,55.25,1.33
BM-sheet_1-13848,beam,424.7641,0.0,92.02,2.215
BM-sheet_1-13849,beam,333.723,0.0,72.292,1.74
BM-sheet_1-13850,beam,1218.0729,0.0,263.842,6.35
BM-sheet_1-13851,beam,60.4328,0.0,13.089,0.315
BM-sheet_1-13852,beam,272.4666,0.0,59.01,1.42
BM-sheet_1-13853,beam,145.8483,0.0,31.585,0.76
BM-sheet_1-13854,beam,307.0933,0.0,66.499,1.6
BM-sheet_1-13855,beam,105.5786,0.0,22.861,0.55
BM-sheet_1-13856,beam,182.0852,0.0,39.424,0.948
BM-sheet_1-13857,beam,414.7555,0.0,89.793,2.16
BM-sheet_1-13858,beam,366.8044,0.0,79.406,1.91
BM-sheet_1-13859,beam,205.5169,0.0,44.487,1.07
BM-sheet_1-13860,beam,403.4092,0.0,87.318,2.1
BM-sheet_1-13861,beam,403.4674,0.0,87.324,2.1
BM-sheet_1-13862,beam,365.0946,0.0,79.013,1.9
BM-sheet_1-13863,beam,365.1473,0.0,79.019,1.9
BM-sheet_1-13864,beam,211.4315,0.0,45.751,1.1
BM-sheet_1-13865,beam,415.2346,0.0,89.845,2.16
BM-sheet_1-13866,beam,488.3555,0.0,105.659,2.54
BM-sheet_1-13867,beam,356.7048,0.0,77.17,1.855
BM-sheet_1-13868,beam,493.3045,0.0,106.714,2.565
BM-sheet_1-13869,beam,186.5775,0.0,40.359,0.97
BM-sheet_1-13870,beam,652.1577,0.0,141.058,3.39
BM-sheet_1-13871,beam,86.5821,0.0,18.726,0.45
BM-sheet_1-13872,beam,275.178,0.0,59.511,1.43
BM-sheet_1-13873,beam,157.8173,0.0,34.128,0.82
BM-sheet_1-13874,beam,234.8352,0.0,50.779,1.22
BM-sheet_1-13875,beam,194.4408,0.0,42.041,1.01
BM-sheet_1-13876,beam,348.5023,0.0,75.346,1.81
BM-sheet_1-13877,beam,182.9426,0.0,39.549,0.95
BM-sheet_1-13878,beam,269.6384,0.0,58.288,1.4
BM-sheet_1-13879,beam,365.9906,0.0,79.11,1.9
BM-sheet_1-13880,beam,160.8664,0.0,34.769,0.835
BM-sheet_1-13881,beam,211.9504,0.0,45.807,1.1
BM-sheet_1-13882,beam,327.6069,0.0,70.798,1.7
BM-sheet_1-13883,beam,181.1734,0.0,39.15,0.94
BM-sheet_1-13884,beam,273.7269,0.0,59.146,1.42
BM-sheet_1-13885,beam,57.838,0.0,12.496,0.3
BM-sheet_1-13886,beam,256.4519,0.0,55.405,1.33
BM-sheet_1-13887,beam,427.16,0.0,92.279,2.215
BM-sheet_1-13888,beam,325.9614,0.0,70.412,1.69
BM-sheet_1-13889,beam,60.7649,0.0,13.125,0.315
BM-sheet_1-13890,beam,146.6284,0.0,31.669,0.76
BM-sheet_1-13891,beam,297.1582,0.0,64.176,1.54
BM-sheet_1-13892,beam,308.7803,0.0,66.682,1.6
BM-sheet_1-13893,beam,96.5077,0.0,20.84,0.5
BM-sheet_1-13894,beam,301.1474,0.0,65.024,1.56
BM-sheet_1-13895,beam,139.0111,0.0,30.013,0.72
BM-sheet_1-13896,beam,125.5142,0.0,27.097,0.65
BM-sheet_1-13897,beam,254.9271,0.0,55.032,1.32
BM-sheet_1-13898,beam,218.0789,0.0,47.074,1.129
BM-sheet_1-13899,beam,137.1299,0.0,29.599,0.71
BM-sheet_1-13900,beam,95.9509,0.0,20.709,0.497
BM-sheet_1-13901,beam,235.7501,0.0,50.878,1.22
BM-sheet_1-13902,beam,488.962,0.0,105.516,2.53
BM-sheet_1-13903,beam,403.9832,0.0,87.172,2.09
BM-sheet_1-13904,beam,107.2933,0.0,23.15,0.555
BM-sheet_1-13905,beam,291.957,0.0,62.99,1.51
BM-sheet_1-13906,beam,235.9197,0.0,50.896,1.22
BM-sheet_1-13907,beam,489.3138,0.0,105.554,2.53
BM-sheet_1-13908,beam,394.6022,0.0,85.117,2.04
BM-sheet_1-13909,beam,107.3705,0.0,23.158,0.555
BM-sheet_1-13910,beam,243.795,0.0,52.58,1.26
BM-sheet_1-13911,beam,315.431,0.0,68.025,1.63
BM-sheet_1-13912,beam,96.7719,0.0,20.868,0.5
BM-sheet_1-13913,beam,183.893,0.0,39.652,0.95
BM-sheet_1-13914,beam,101.6397,0.0,21.915,0.525
BM-sheet_1-13915,beam,253.6517,0.0,54.686,1.31
BM-sheet_1-13916,beam,257.5612,0.0,55.525,1.33
BM-sheet_1-13917,beam,429.0076,0.0,92.478,2.215
BM-sheet_1-13918,beam,337.0567,0.0,72.652,1.74
BM-sheet_1-13919,beam,1172.1183,0.0,252.63,6.05
BM-sheet_1-13920,beam,310.0262,0.0,66.816,1.6
BM-sheet_1-13921,beam,106.5862,0.0,22.97,0.55
BM-sheet_1-13922,beam,286.8567,0.0,61.814,1.48
BM-sheet_1-13923,beam,348.9299,0.0,75.184,1.8
BM-sheet_1-13924,beam,445.9189,0.0,96.076,2.3
BM-sheet_1-13925,beam,504.1546,0.0,108.615,2.6
BM-sheet_1-13926,beam,222.0538,0.0,47.836,1.145
BM-sheet_1-13927,beam,475.2053,0.0,102.363,2.45
BM-sheet_1-13928,beam,140.6422,0.0,30.293,0.725
BM-sheet_1-13929,beam,140.6624,0.0,30.296,0.725
BM-sheet_1-13930,beam,140.6826,0.0,30.298,0.725
BM-sheet_1-13931,beam,189.2209,0.0,40.748,0.975
BM-sheet_1-13932,beam,446.4314,0.0,96.131,2.3
BM-sheet_1-13933,beam,445.5249,0.0,95.929,2.295
BM-sheet_1-13934,beam,924.1843,0.0,198.978,4.76
BM-sheet_1-13935,beam,963.1538,0.0,207.353,4.96
BM-sheet_1-13936,beam,485.5302,0.0,104.52,2.5
BM-sheet_1-13937,beam,140.824,0.0,30.313,0.725
BM-sheet_1-13938,beam,140.8442,0.0,30.315,0.725
BM-sheet_1-13939,beam,476.0245,0.0,102.452,2.45
BM-sheet_1-13940,beam,446.9443,0.0,96.186,2.3
BM-sheet_1-13941,beam,189.4927,0.0,40.777,0.975
BM-sheet_1-13942,beam,447.0725,0.0,96.2,2.3
BM-sheet_1-13943,beam,140.9453,0.0,30.326,0.725
BM-sheet_1-13944,beam,349.9832,0.0,75.298,1.8
BM-sheet_1-13945,beam,484.2129,0.0,104.169,2.49
BM-sheet_1-13946,beam,544.5746,0.0,117.146,2.8
BM-sheet_1-13947,beam,727.5003,0.0,156.485,3.74
BM-sheet_1-13948,beam,945.497,0.0,203.362,4.86
BM-sheet_1-13949,beam,544.8089,0.0,117.172,2.8
BM-sheet_1-13950,beam,180.9803,0.0,38.92,0.93
BM-sheet_1-13951,beam,227.7176,0.0,48.968,1.17
BM-sheet_1-13952,beam,276.4148,0.0,59.436,1.42
BM-sheet_1-13953,beam,443.8846,0.0,95.439,2.28
BM-sheet_1-13954,beam,506.2567,0.0,108.841,2.6
BM-sheet_1-13955,beam,603.7003,0.0,129.782,3.1
BM-sheet_1-13956,beam,1547.4471,0.0,332.641,7.945
BM-sheet_1-13957,beam,286.6373,0.0,61.612,1.471
BM-sheet_1-13958,beam,639.4249,0.0,137.432,3.282
BM-sheet_1-13959,beam,1127.4579,0.0,242.308,5.786
BM-sheet_1-13960,beam,98.1692,0.0,21.097,0.504
BM-sheet_1-13961,beam,70.1674,0.0,15.078,0.36
BM-sheet_1-13962,beam,288.5074,0.0,61.991,1.48
BM-sheet_1-13963,beam,350.9377,0.0,75.4,1.8
BM-sheet_1-13964,beam,448.4846,0.0,96.352,2.3
BM-sheet_1-13965,beam,967.3053,0.0,207.799,4.96
BM-sheet_1-13966,beam,507.1278,0.0,108.935,2.6
BM-sheet_1-13967,beam,223.3633,0.0,47.977,1.145
BM-sheet_1-13968,beam,478.0073,0.0,102.665,2.45
BM-sheet_1-13969,beam,141.4714,0.0,30.383,0.725
BM-sheet_1-13970,beam,141.4917,0.0,30.385,0.725
BM-sheet_1-13971,beam,141.5119,0.0,30.387,0.725
BM-sheet_1-13972,beam,190.3364,0.0,40.868,0.975
BM-sheet_1-13973,beam,449.0629,0.0,96.414,2.3
BM-sheet_1-13974,beam,929.4979,0.0,199.549,4.76
BM-sheet_1-13975,beam,1688.3739,0.0,362.442,8.645
BM-sheet_1-13976,beam,1018.5107,0.0,218.627,5.214
BM-sheet_1-13977,beam,2418.5145,0.0,519.106,12.38
BM-sheet_1-13978,beam,2393.3933,0.0,513.677,12.25
BM-sheet_1-13979,beam,1524.217,0.0,327.109,7.8
BM-sheet_1-13980,beam,1641.6994,0.0,352.296,8.4
BM-sheet_1-13981,beam,1952.6777,0.0,419.0,9.99
BM-sheet_1-13982,beam,1524.8713,0.0,327.179,7.8
BM-sheet_1-13983,beam,1173.2332,0.0,251.713,6.0
BM-sheet_1-13984,beam,625.7672,0.0,134.246,3.2
BM-sheet_1-13985,beam,1525.5266,0.0,327.249,7.8
BM-sheet_1-13986,beam,1527.0664,0.0,327.556,7.807
BM-sheet_1-13987,beam,626.0357,0.0,134.275,3.2
BM-sheet_1-13988,beam,1643.5772,0.0,352.497,8.4
BM-sheet_1-13989,beam,1671.5389,0.0,358.469,8.542
BM-sheet_1-13990,beam,2139.4354,0.0,458.778,10.931
BM-sheet_1-13991,beam,1624.7083,0.0,348.376,8.3
BM-sheet_1-13992,beam,465.9472,0.0,99.903,2.38
BM-sheet_1-13993,beam,1634.9638,0.0,350.525,8.35
BM-sheet_1-13994,beam,1507.9067,0.0,323.261,7.7
BM-sheet_1-13995,beam,1664.8102,0.0,356.872,8.5
BM-sheet_1-13996,beam,466.2136,0.0,99.931,2.38
BM-sheet_1-13997,beam,1488.9617,0.0,319.132,7.6
BM-sheet_1-13998,beam,1508.7688,0.0,323.354,7.7
BM-sheet_1-13999,beam,1508.9844,0.0,323.377,7.7
BM-sheet_1-14000,beam,1175.9918,0.0,251.998,6.0
BM-sheet_1-14001,beam,588.084,0.0,126.009,3.0
BM-sheet_1-14002,beam,1214.4855,0.0,260.21,6.195
BM-sheet_1-14003,beam,588.252,0.0,126.027,3.0
BM-sheet_1-14004,beam,1529.6737,0.0,327.694,7.8
BM-sheet_1-14005,beam,1529.8922,0.0,327.717,7.8
BM-sheet_1-14006,beam,1530.1107,0.0,327.74,7.8
BM-sheet_1-14007,beam,1981.6897,0.0,424.436,10.101
BM-sheet_1-14008,beam,5305.898,0.0,1136.329,27.04
BM-sheet_1-14009,beam,1040.1369,0.0,222.743,5.3
BM-sheet_1-14010,beam,1530.9848,0.0,327.834,7.8
BM-sheet_1-14011,beam,1531.2033,0.0,327.857,7.8
BM-sheet_1-14012,beam,1531.4219,0.0,327.881,7.8
BM-sheet_1-14013,beam,1040.7301,0.0,222.807,5.3
BM-sheet_1-14014,beam,1531.8591,0.0,327.928,7.8
BM-sheet_1-14015,beam,1532.0778,0.0,327.951,7.8
BM-sheet_1-14016,beam,1900.5437,0.0,406.794,9.675
BM-sheet_1-14017,beam,1228.9924,0.0,263.036,6.255
BM-sheet_1-14018,beam,3014.7987,0.0,645.199,15.342
BM-sheet_1-14019,beam,244.0833,0.0,52.233,1.242
BM-sheet_1-14020,beam,1041.7698,0.0,222.918,5.3
BM-sheet_1-14021,beam,1533.389,0.0,328.091,7.8
BM-sheet_1-14022,beam,1375.1125,0.0,294.205,6.994
BM-sheet_1-14023,beam,1291.2042,0.0,276.233,6.566
BM-sheet_1-14024,beam,817.5227,0.0,174.884,4.157
BM-sheet_1-14025,beam,5043.4034,0.0,1078.803,25.64
BM-sheet_1-14026,beam,7019.2788,0.0,1501.343,35.68
BM-sheet_1-14027,beam,6931.7392,0.0,1482.514,35.23
BM-sheet_1-14028,beam,7905.0626,0.0,1690.561,40.171
BM-sheet_1-14029,beam,1653.2279,0.0,353.531,8.4
BM-sheet_1-14030,beam,1653.4636,0.0,353.556,8.4
BM-sheet_1-14031,beam,69.0987,0.0,14.774,0.351
BM-sheet_1-14032,beam,2756.5538,0.0,589.343,14.0
BM-sheet_1-14033,beam,783.7631,0.0,167.554,3.98
BM-sheet_1-14034,beam,3580.6051,0.0,765.414,18.18
BM-sheet_1-14035,beam,1497.0573,0.0,319.998,7.6
BM-sheet_1-14036,beam,315.2162,0.0,67.373,1.6
BM-sheet_1-14037,beam,1497.484,0.0,320.044,7.6
BM-sheet_1-14038,beam,1497.6974,0.0,320.066,7.6
BM-sheet_1-14039,beam,946.0474,0.0,202.161,4.8
BM-sheet_1-14040,beam,1498.1242,0.0,320.112,7.6
BM-sheet_1-14041,beam,619.0487,0.0,132.266,3.14
BM-sheet_1-14042,beam,283.9373,0.0,60.662,1.44
BM-sheet_1-14043,beam,1143.7939,0.0,244.348,5.8
BM-sheet_1-14044,beam,907.2761,0.0,193.807,4.6
BM-sheet_1-14045,beam,986.3101,0.0,210.675,5.0
BM-sheet_1-14046,beam,1499.4049,0.0,320.249,7.6
BM-sheet_1-14047,beam,619.5779,0.0,132.322,3.14
BM-sheet_1-14048,beam,284.18,0.0,60.688,1.44
BM-sheet_1-14049,beam,1144.7715,0.0,244.453,5.8
BM-sheet_1-14050,beam,908.0515,0.0,193.89,4.6
BM-sheet_1-14051,beam,947.6669,0.0,202.334,4.8
BM-sheet_1-14052,beam,947.8018,0.0,202.349,4.8
BM-sheet_1-14053,beam,315.9843,0.0,67.456,1.6
BM-sheet_1-14054,beam,1145.5865,0.0,244.54,5.8
BM-sheet_1-14055,beam,553.1205,0.0,118.062,2.8
BM-sheet_1-14056,beam,553.1991,0.0,118.07,2.8
BM-sheet_1-14057,beam,154.697,0.0,33.015,0.783
BM-sheet_1-14058,beam,301.5299,0.0,64.347,1.526
BM-sheet_1-14059,beam,434.8433,0.0,92.79,2.2
BM-sheet_1-14060,beam,672.123,0.0,143.412,3.4
BM-sheet_1-14061,beam,316.3498,0.0,67.495,1.6
BM-sheet_1-14062,beam,355.9317,0.0,75.935,1.8
BM-sheet_1-14063,beam,553.7502,0.0,118.129,2.8
BM-sheet_1-14064,beam,553.829,0.0,118.138,2.8
BM-sheet_1-14065,beam,791.2969,0.0,168.78,4.0
BM-sheet_1-14066,beam,553.9866,0.0,118.154,2.8
BM-sheet_1-14067,beam,1385.1634,0.0,295.407,7.0
BM-sheet_1-14068,beam,356.2355,0.0,75.967,1.8
BM-sheet_1-14069,beam,356.2862,0.0,75.973,1.8
BM-sheet_1-14070,beam,356.3368,0.0,75.978,1.8
BM-sheet_1-14071,beam,356.3875,0.0,75.983,1.8
BM-sheet_1-14072,beam,356.4381,0.0,75.989,1.8
BM-sheet_1-14073,beam,396.0987,0.0,84.438,2.0
BM-sheet_1-14074,beam,1188.4632,0.0,253.332,6.0
BM-sheet_1-14075,beam,1340.2367,0.0,285.663,6.765
BM-sheet_1-14076,beam,903.49,0.0,192.56,4.56
BM-sheet_1-14077,beam,190.8514,0.0,40.673,0.963
BM-sheet_1-14078,beam,188.5878,0.0,40.188,0.952
BM-sheet_1-14079,beam,112.9844,0.0,24.075,0.57
BM-sheet_1-14080,beam,69.3862,0.0,14.784,0.35
BM-sheet_1-14081,beam,396.5491,0.0,84.486,2.0
BM-sheet_1-14082,beam,591.9439,0.0,126.106,2.985
BM-sheet_1-14083,beam,759.6073,0.0,161.814,3.83
BM-sheet_1-14084,beam,309.4098,0.0,65.907,1.56
BM-sheet_1-14085,beam,309.4538,0.0,65.911,1.56
BM-sheet_1-14086,beam,972.2354,0.0,207.064,4.9
BM-sheet_1-14087,beam,972.3735,0.0,207.079,4.9
BM-sheet_1-14088,beam,654.9568,0.0,139.471,3.3
BM-sheet_1-14089,beam,625.2748,0.0,133.141,3.15
BM-sheet_1-14090,beam,249.5221,0.0,53.127,1.257
BM-sheet_1-14091,beam,310.2779,0.0,66.059,1.563
BM-sheet_1-14092,beam,4113.6223,0.0,875.736,20.715
BM-sheet_1-14093,beam,2508.4778,0.0,533.984,12.63
BM-sheet_1-14094,beam,1374.5946,0.0,292.591,6.92
BM-sheet_1-14095,beam,262.2431,0.0,55.816,1.32
BM-sheet_1-14096,beam,262.2803,0.0,55.82,1.32
BM-sheet_1-14097,beam,248.4068,0.0,52.864,1.25
BM-sheet_1-14098,beam,149.0652,0.0,31.72,0.75
BM-sheet_1-14099,beam,310.0996,0.0,65.983,1.56
BM-sheet_1-14100,beam,310.1436,0.0,65.988,1.56
BM-sheet_1-14101,beam,180.9437,0.0,38.496,0.91
BM-sheet_1-14102,beam,180.9693,0.0,38.499,0.91
BM-sheet_1-14103,beam,712.0427,0.0,151.466,3.58
BM-sheet_1-14104,beam,911.0665,0.0,193.789,4.58
BM-sheet_1-14105,beam,270.5743,0.0,57.549,1.36
BM-sheet_1-14106,beam,270.6127,0.0,57.553,1.36
BM-sheet_1-14107,beam,1029.8635,0.0,219.011,5.175
BM-sheet_1-14108,beam,409.505,0.0,87.079,2.057
BM-sheet_1-14109,beam,758.4346,0.0,161.266,3.81
BM-sheet_1-14110,beam,244.8833,0.0,52.066,1.23
BM-sheet_1-14111,beam,244.918,0.0,52.07,1.23
BM-sheet_1-14112,beam,1119.2136,0.0,237.928,5.62
BM-sheet_1-14113,beam,1119.3722,0.0,237.945,5.62
BM-sheet_1-14114,beam,617.5355,0.0,131.26,3.1
BM-sheet_1-14115,beam,647.508,0.0,137.621,3.25
BM-sheet_1-14116,beam,2506.7091,0.0,532.738,12.58
BM-sheet_1-14117,beam,1379.0856,0.0,293.069,6.92
BM-sheet_1-14118,beam,4099.7517,0.0,871.175,20.569
BM-sheet_1-14119,beam,201.7389,0.0,42.865,1.012
BM-sheet_1-14120,beam,269.1545,0.0,57.186,1.35
BM-sheet_1-14121,beam,269.1926,0.0,57.19,1.35
BM-sheet_1-14122,beam,149.5741,0.0,31.775,0.75
BM-sheet_1-14123,beam,249.3239,0.0,52.961,1.25
BM-sheet_1-14124,beam,311.2003,0.0,66.1,1.56
BM-sheet_1-14125,beam,311.2444,0.0,66.105,1.56
BM-sheet_1-14126,beam,145.6661,0.0,30.936,0.73
BM-sheet_1-14127,beam,145.6867,0.0,30.938,0.73
BM-sheet_1-14128,beam,710.5774,0.0,150.887,3.56
BM-sheet_1-14129,beam,910.3066,0.0,193.285,4.56
BM-sheet_1-14130,beam,245.578,0.0,52.14,1.23
BM-sheet_1-14131,beam,245.6127,0.0,52.143,1.23
BM-sheet_1-14132,beam,1172.3187,0.0,248.865,5.87
BM-sheet_1-14133,beam,765.0107,0.0,162.388,3.83
BM-sheet_1-14134,beam,271.7627,0.0,57.683,1.36
BM-sheet_1-14135,beam,271.8011,0.0,57.687,1.36
BM-sheet_1-14136,beam,979.1498,0.0,207.799,4.9
BM-sheet_1-14137,beam,979.2884,0.0,207.814,4.9
BM-sheet_1-14138,beam,629.6316,0.0,133.604,3.15
BM-sheet_1-14139,beam,659.7074,0.0,139.976,3.3
BM-sheet_1-14140,beam,126.2624,0.0,26.788,0.632
BM-sheet_1-14141,beam,2515.5959,0.0,533.681,12.58
BM-sheet_1-14142,beam,1383.9735,0.0,293.588,6.92
BM-sheet_1-14143,beam,4130.8437,0.0,876.231,20.652
BM-sheet_1-14144,beam,270.0712,0.0,57.283,1.35
BM-sheet_1-14145,beam,270.1094,0.0,57.287,1.35
BM-sheet_1-14146,beam,150.082,0.0,31.829,0.75
BM-sheet_1-14147,beam,250.172,0.0,53.051,1.25
BM-sheet_1-14148,beam,312.2588,0.0,66.213,1.56
BM-sheet_1-14149,beam,312.303,0.0,66.217,1.56
BM-sheet_1-14150,beam,146.1624,0.0,30.988,0.73
BM-sheet_1-14151,beam,712.8929,0.0,151.133,3.56
BM-sheet_1-14152,beam,146.2037,0.0,30.993,0.73
BM-sheet_1-14153,beam,913.4018,0.0,193.613,4.56
BM-sheet_1-14154,beam,246.4129,0.0,52.228,1.23
BM-sheet_1-14155,beam,1176.1368,0.0,249.27,5.87
BM-sheet_1-14156,beam,1029.9571,0.0,218.273,5.14
BM-sheet_1-14157,beam,246.5174,0.0,52.239,1.23
BM-sheet_1-14158,beam,1630.6237,0.0,345.52,8.135
BM-sheet_1-14159,beam,1441.5263,0.0,305.43,7.19
BM-sheet_1-14160,beam,274.6927,0.0,58.198,1.37
BM-sheet_1-14161,beam,274.7315,0.0,58.202,1.37
BM-sheet_1-14162,beam,290.8153,0.0,61.605,1.45
BM-sheet_1-14163,beam,391.1803,0.0,82.86,1.95
BM-sheet_1-14164,beam,1091.3668,0.0,231.156,5.44
BM-sheet_1-14165,beam,1292.1681,0.0,273.668,6.44
BM-sheet_1-14166,beam,337.1349,0.0,71.397,1.68
BM-sheet_1-14167,beam,971.4068,0.0,205.705,4.84
BM-sheet_1-14168,beam,337.2301,0.0,71.407,1.68
BM-sheet_1-14169,beam,971.6811,0.0,205.734,4.84
BM-sheet_1-14170,beam,168.6627,0.0,35.708,0.84
BM-sheet_1-14171,beam,168.6865,0.0,35.711,0.84
BM-sheet_1-14172,beam,690.9088,0.0,146.255,3.44
BM-sheet_1-14173,beam,2108.3551,0.0,446.276,10.496
BM-sheet_1-14174,beam,765.4377,0.0,162.009,3.81
BM-sheet_1-14175,beam,1545.596,0.0,327.11,7.692
BM-sheet_1-14176,beam,247.1795,0.0,52.309,1.23
BM-sheet_1-14177,beam,247.2144,0.0,52.313,1.23
BM-sheet_1-14178,beam,1129.7081,0.0,239.041,5.62
BM-sheet_1-14179,beam,1129.8675,0.0,239.058,5.62
BM-sheet_1-14180,beam,623.3244,0.0,131.874,3.1
BM-sheet_1-14181,beam,653.5775,0.0,138.265,3.25
BM-sheet_1-14182,beam,2530.2044,0.0,535.229,12.58
BM-sheet_1-14183,beam,1392.0098,0.0,294.439,6.92
BM-sheet_1-14184,beam,4128.3338,0.0,873.167,20.52
BM-sheet_1-14185,beam,340.8419,0.0,72.085,1.694
BM-sheet_1-14186,beam,271.6775,0.0,57.453,1.35
BM-sheet_1-14187,beam,271.7158,0.0,57.457,1.35
BM-sheet_1-14188,beam,150.9745,0.0,31.923,0.75
BM-sheet_1-14189,beam,251.6596,0.0,53.209,1.25
BM-sheet_1-14190,beam,314.1155,0.0,66.409,1.56
BM-sheet_1-14191,beam,314.1598,0.0,66.414,1.56
BM-sheet_1-14192,beam,147.0314,0.0,31.08,0.73
BM-sheet_1-14193,beam,147.0521,0.0,31.083,0.73
BM-sheet_1-14194,beam,717.2319,0.0,151.592,3.56
BM-sheet_1-14195,beam,247.8426,0.0,52.38,1.23
BM-sheet_1-14196,beam,1182.9601,0.0,249.992,5.87
BM-sheet_1-14197,beam,1971.5875,0.0,416.621,9.782
BM-sheet_1-14198,beam,247.9473,0.0,52.391,1.23
BM-sheet_1-14199,beam,892.4634,0.0,188.562,4.427
BM-sheet_1-14200,beam,768.2484,0.0,162.306,3.81
BM-sheet_1-14201,beam,2491.7609,0.0,526.391,12.356
BM-sheet_1-14202,beam,1601.7391,0.0,338.348,7.941
BM-sheet_1-14203,beam,248.122,0.0,52.409,1.23
BM-sheet_1-14204,beam,1133.8553,0.0,239.479,5.62
BM-sheet_1-14205,beam,248.1919,0.0,52.416,1.23
BM-sheet_1-14206,beam,1134.1747,0.0,239.513,5.62
BM-sheet_1-14207,beam,625.7004,0.0,132.125,3.1
BM-sheet_1-14208,beam,656.0686,0.0,138.528,3.25
BM-sheet_1-14209,beam,292.2479,0.0,61.703,1.448
BM-sheet_1-14210,beam,252.6543,0.0,53.34,1.251
BM-sheet_1-14211,beam,2540.5627,0.0,536.323,12.58
BM-sheet_1-14212,beam,626.1409,0.0,132.172,3.1
BM-sheet_1-14213,beam,656.5304,0.0,138.577,3.25
BM-sheet_1-14214,beam,1135.4524,0.0,239.648,5.62
BM-sheet_1-14215,beam,1135.6122,0.0,239.665,5.62
BM-sheet_1-14216,beam,248.5764,0.0,52.457,1.23
BM-sheet_1-14217,beam,248.6114,0.0,52.461,1.23
BM-sheet_1-14218,beam,780.3049,0.0,164.644,3.86
BM-sheet_1-14219,beam,1045.2694,0.0,220.536,5.17
BM-sheet_1-14220,beam,204.2284,0.0,43.086,1.01
BM-sheet_1-14221,beam,1917.4382,0.0,404.494,9.481
BM-sheet_1-14222,beam,1917.7079,0.0,404.523,9.481
BM-sheet_1-14223,beam,1821.2577,0.0,384.151,9.003
BM-sheet_1-14224,beam,1193.7008,0.0,251.765,5.9
BM-sheet_1-14225,beam,1598.5699,0.0,337.133,7.9
BM-sheet_1-14226,beam,1163.6797,0.0,245.398,5.75
BM-sheet_1-14227,beam,1052.5192,0.0,221.941,5.2
BM-sheet_1-14228,beam,1032.4235,0.0,217.688,5.1
BM-sheet_1-14229,beam,1579.2226,0.0,332.959,7.8
BM-sheet_1-14230,beam,1073.2124,0.0,226.257,5.3
BM-sheet_1-14231,beam,1579.9012,0.0,333.055,7.801
BM-sheet_1-14232,beam,202.7934,0.0,42.747,1.001
BM-sheet_1-14233,beam,236.5071,0.0,49.85,1.167
BM-sheet_1-14234,beam,1487.1336,0.0,313.433,7.34
BM-sheet_1-14235,beam,1603.8578,0.0,338.01,7.915
BM-sheet_1-14236,beam,1457.1514,0.0,307.07,7.19
BM-sheet_1-14237,beam,1609.3758,0.0,339.125,7.94
BM-sheet_1-14238,beam,1461.2744,0.0,307.896,7.208
BM-sheet_1-14239,beam,1609.828,0.0,339.173,7.94
BM-sheet_1-14240,beam,1482.3043,0.0,312.283,7.31
BM-sheet_1-14241,beam,1600.14,0.0,337.084,7.89
BM-sheet_1-14242,beam,1667.9137,0.0,351.337,8.223
BM-sheet_1-14243,beam,1600.5895,0.0,337.132,7.89
BM-sheet_1-14244,beam,1676.1818,0.0,353.029,8.261
BM-sheet_1-14245,beam,1611.185,0.0,339.316,7.94
BM-sheet_1-14246,beam,401.8381,0.0,84.621,1.98
BM-sheet_1-14247,beam,1209.743,0.0,254.736,5.96
BM-sheet_1-14248,beam,284.2077,0.0,59.842,1.4
BM-sheet_1-14249,beam,913.653,0.0,192.362,4.5
BM-sheet_1-14250,beam,1218.375,0.0,256.5,6.0
BM-sheet_1-14251,beam,653.953,0.0,137.665,3.22
BM-sheet_1-14252,beam,1348.7158,0.0,283.9,6.64
BM-sheet_1-14253,beam,223.4628,0.0,47.035,1.1
BM-sheet_1-14254,beam,1454.7439,0.0,306.176,7.16
BM-sheet_1-14255,beam,101.6033,0.0,21.383,0.5
BM-sheet_1-14256,beam,101.6176,0.0,21.384,0.5
BM-sheet_1-14257,beam,1514.3023,0.0,318.644,7.45
BM-sheet_1-14258,beam,1524.6792,0.0,320.805,7.5
BM-sheet_1-14259,beam,416.8041,0.0,87.693,2.05
BM-sheet_1-14260,beam,972.0007,0.0,204.488,4.78
BM-sheet_1-14261,beam,931.4618,0.0,195.946,4.58
BM-sheet_1-14262,beam,467.8318,0.0,98.408,2.3
BM-sheet_1-14263,beam,508.584,0.0,106.973,2.5
BM-sheet_1-14264,beam,227.8774,0.0,47.927,1.12
BM-sheet_1-14265,beam,122.0941,0.0,25.677,0.6
BM-sheet_1-14266,beam,203.5188,0.0,42.798,1.0
BM-sheet_1-14267,beam,122.1284,0.0,25.681,0.6
BM-sheet_1-14268,beam,203.5758,0.0,42.804,1.0
BM-sheet_1-14269,beam,81.4417,0.0,17.123,0.4
BM-sheet_1-14270,beam,162.9063,0.0,34.248,0.8
BM-sheet_1-14271,beam,81.4646,0.0,17.125,0.4
BM-sheet_1-14272,beam,162.952,0.0,34.253,0.8
BM-sheet_1-14273,beam,81.4874,0.0,17.128,0.4
BM-sheet_1-14274,beam,162.9977,0.0,34.258,0.8
BM-sheet_1-14275,beam,81.5102,0.0,17.13,0.4
BM-sheet_1-14276,beam,163.0433,0.0,34.262,0.8
BM-sheet_1-14277,beam,81.5331,0.0,17.132,0.4
BM-sheet_1-14278,beam,163.089,0.0,34.267,0.8
BM-sheet_1-14279,beam,81.5559,0.0,17.135,0.4
BM-sheet_1-14280,beam,163.1347,0.0,34.272,0.8
BM-sheet_1-14281,beam,81.5788,0.0,17.137,0.4
BM-sheet_1-14282,beam,163.1804,0.0,34.277,0.8
BM-sheet_1-14283,beam,81.6016,0.0,17.14,0.4
BM-sheet_1-14284,beam,163.2261,0.0,34.282,0.8
BM-sheet_1-14285,beam,81.6245,0.0,17.142,0.4
BM-sheet_1-14286,beam,0.256,0.0,1.6,0.8
BM-sheet_1-14287,beam,0.128,0.0,0.8,0.4
BM-sheet_1-14288,beam,0.256,0.0,1.6,0.8
BM-sheet_1-14289,beam,81.6702,0.0,17.147,0.4
BM-sheet_1-14290,beam,163.3633,0.0,34.296,0.8
BM-sheet_1-14291,beam,81.6931,0.0,17.149,0.4
BM-sheet_1-14292,beam,163.409,0.0,34.301,0.8
BM-sheet_1-14293,beam,102.1449,0.0,21.44,0.5
BM-sheet_1-14294,beam,183.8866,0.0,38.594,0.9
BM-sheet_1-14295,beam,102.1735,0.0,21.443,0.5
BM-sheet_1-14296,beam,183.9381,0.0,38.599,0.9
BM-sheet_1-14297,beam,122.6425,0.0,25.735,0.6
BM-sheet_1-14298,beam,245.3194,0.0,51.473,1.2
BM-sheet_1-14299,beam,122.6768,0.0,25.738,0.6
BM-sheet_1-14300,beam,245.388,0.0,51.48,1.2
BM-sheet_1-14301,beam,122.7112,0.0,25.742,0.6
BM-sheet_1-14302,beam,245.4566,0.0,51.487,1.2
BM-sheet_1-14303,beam,122.7455,0.0,25.745,0.6
BM-sheet_1-14304,beam,245.5253,0.0,51.494,1.2
BM-sheet_1-14305,beam,470.6756,0.0,98.709,2.3
BM-sheet_1-14306,beam,470.741,0.0,98.715,2.3
BM-sheet_1-14307,beam,1914.9792,0.0,401.547,9.355
BM-sheet_1-14308,beam,1915.2348,0.0,401.573,9.355
BM-sheet_1-14309,beam,731.1904,0.0,153.3,3.571
BM-sheet_1-14310,beam,731.2926,0.0,153.311,3.571
BM-sheet_1-14311,beam,592.614,0.0,124.229,2.894
BM-sheet_1-14312,beam,461.6094,0.0,96.76,2.254
BM-sheet_1-14313,beam,536.3117,0.0,112.411,2.618
BM-sheet_1-14314,beam,573.7002,0.0,120.239,2.8
BM-sheet_1-14315,beam,573.7803,0.0,120.247,2.8
BM-sheet_1-14316,beam,707.0647,0.0,148.169,3.45
BM-sheet_1-14317,beam,707.1635,0.0,148.18,3.45
BM-sheet_1-14318,beam,1460.7215,0.0,306.06,7.125
BM-sheet_1-14319,beam,1599.2634,0.0,335.065,7.8
BM-sheet_1-14320,beam,1599.4867,0.0,335.088,7.8
BM-sheet_1-14321,beam,1599.7101,0.0,335.111,7.8
BM-sheet_1-14322,beam,497.7224,0.0,104.257,2.426
BM-sheet_1-14323,beam,521.3996,0.0,109.209,2.542
BM-sheet_1-14324,beam,98.0705,0.0,20.54,0.478
BM-sheet_1-14325,beam,964.4665,0.0,201.983,4.7
BM-sheet_1-14326,beam,1046.6948,0.0,219.188,5.1
BM-sheet_1-14327,beam,1518.9457,0.0,318.059,7.4
BM-sheet_1-14328,beam,1252.2787,0.0,262.202,6.1
BM-sheet_1-14329,beam,646.7584,0.0,135.409,3.15
BM-sheet_1-14330,beam,1552.4394,0.0,325.005,7.56
BM-sheet_1-14331,beam,457.992,0.0,95.874,2.23
BM-sheet_1-14332,beam,474.4866,0.0,99.32,2.31
BM-sheet_1-14333,beam,317.8984,0.0,66.538,1.547
BM-sheet_1-14334,beam,1187.0875,0.0,248.449,5.778
BM-sheet_1-14335,beam,733.6055,0.0,153.527,3.57
BM-sheet_1-14336,beam,733.7078,0.0,153.538,3.57
BM-sheet_1-14337,beam,1634.1191,0.0,341.937,7.95
BM-sheet_1-14338,beam,606.4541,0.0,126.891,2.95
BM-sheet_1-14339,beam,1644.8554,0.0,344.136,8.0
BM-sheet_1-14340,beam,1161.8411,0.0,243.063,5.65
BM-sheet_1-14341,beam,1048.8878,0.0,219.417,5.1
BM-sheet_1-14342,beam,1.824,0.0,11.4,5.7
BM-sheet_1-14343,beam,1956.4129,0.0,409.206,9.51
BM-sheet_1-14344,beam,1997.8361,0.0,417.841,9.71
BM-sheet_1-14345,beam,1.8621,0.0,11.638,5.819
BM-sheet_1-14346,beam,0.3365,0.0,2.103,1.052
BM-sheet_1-14347,beam,1.9027,0.0,11.892,5.946
BM-sheet_1-14348,beam,0.3365,0.0,2.103,1.052
BM-sheet_1-14349,beam,1585.3952,0.0,331.465,7.7
BM-sheet_1-14350,beam,2.336,0.0,14.6,7.3
BM-sheet_1-14351,beam,391.2932,0.0,81.798,1.9
BM-sheet_1-14352,beam,2.4,0.0,15.0,7.5
BM-sheet_1-14353,beam,350.2005,0.0,73.197,1.7
BM-sheet_1-14354,beam,1943.4756,0.0,406.188,9.433
BM-sheet_1-14355,beam,1943.7501,0.0,406.217,9.433
BM-sheet_1-14356,beam,1445.9639,0.0,302.166,7.016
BM-sheet_1-14357,beam,1446.1654,0.0,302.187,7.016
BM-sheet_1-14358,beam,103.0761,0.0,21.537,0.5
BM-sheet_1-14359,beam,589.8149,0.0,123.229,2.861
BM-sheet_1-14360,beam,570.6654,0.0,119.22,2.767
BM-sheet_1-14361,beam,344.2862,0.0,71.921,1.669
BM-sheet_1-14362,beam,309.1957,0.0,64.586,1.499
BM-sheet_1-14363,beam,742.6648,0.0,155.12,3.6
BM-sheet_1-14364,beam,742.7682,0.0,155.131,3.6
BM-sheet_1-14365,beam,877.0011,0.0,183.154,4.25
BM-sheet_1-14366,beam,877.1232,0.0,183.166,4.25
BM-sheet_1-14367,beam,615.104,0.0,128.441,2.98
BM-sheet_1-14368,beam,1225.7829,0.0,255.94,5.938
BM-sheet_1-14369,beam,1581.5482,0.0,330.2,7.66
BM-sheet_1-14370,beam,1581.7683,0.0,330.223,7.66
BM-sheet_1-14371,beam,1252.0412,0.0,261.368,6.062
BM-sheet_1-14372,beam,1648.2582,0.0,344.056,7.98
BM-sheet_1-14373,beam,2.3088,0.0,14.43,7.215
BM-sheet_1-14374,beam,1759.456,0.0,367.216,8.516
BM-sheet_1-14375,beam,1649.8976,0.0,344.326,7.984
BM-sheet_1-14376,beam,1774.9377,0.0,370.396,8.588
BM-sheet_1-14377,beam,2.3557,0.0,14.723,7.362
BM-sheet_1-14378,beam,732.3857,0.0,152.814,3.543
BM-sheet_1-14379,beam,732.4876,0.0,152.824,3.543
BM-sheet_1-14380,beam,1581.9007,0.0,330.021,7.65
BM-sheet_1-14381,beam,1582.1207,0.0,330.044,7.65
BM-sheet_1-14382,beam,1711.4537,0.0,356.999,8.274
BM-sheet_1-14383,beam,3.258,0.0,20.362,10.181
BM-sheet_1-14384,beam,1093.3899,0.0,228.043,5.285
BM-sheet_1-14385,beam,167.3888,0.0,34.909,0.809
BM-sheet_1-14386,beam,1614.2646,0.0,336.632,7.8
BM-sheet_1-14387,beam,341.8495,0.0,71.283,1.652
BM-sheet_1-14388,beam,844.7465,0.0,176.136,4.081
BM-sheet_1-14389,beam,672.7607,0.0,140.266,3.249
BM-sheet_1-14390,beam,686.7586,0.0,143.174,3.317
BM-sheet_1-14391,beam,394.6356,0.0,82.267,1.906
BM-sheet_1-14392,beam,635.1671,0.0,132.4,3.067
BM-sheet_1-14393,beam,354.2829,0.0,73.845,1.71
BM-sheet_1-14394,beam,664.6195,0.0,138.52,3.208
BM-sheet_1-14395,beam,1335.2425,0.0,278.272,6.444
BM-sheet_1-14396,beam,449.4387,0.0,93.659,2.169
BM-sheet_1-14397,beam,978.4135,0.0,203.879,4.72
BM-sheet_1-14398,beam,1467.1764,0.0,305.704,7.077
BM-sheet_1-14399,beam,663.4612,0.0,138.231,3.2
BM-sheet_1-14400,beam,663.5534,0.0,138.24,3.2
BM-sheet_1-14401,beam,2109.0684,0.0,439.359,10.17
BM-sheet_1-14402,beam,383.0758,0.0,79.796,1.847
BM-sheet_1-14403,beam,653.4562,0.0,136.108,3.15
BM-sheet_1-14404,beam,705.4157,0.0,146.921,3.4
BM-sheet_1-14405,beam,2490.0483,0.0,518.58,12.0
BM-sheet_1-14406,beam,767.8715,0.0,159.907,3.7
BM-sheet_1-14407,beam,819.8685,0.0,170.723,3.95
BM-sheet_1-14408,beam,2594.8808,0.0,540.3,12.5
BM-sheet_1-14409,beam,654.0007,0.0,136.165,3.15
BM-sheet_1-14410,beam,706.0035,0.0,146.982,3.4
BM-sheet_1-14411,beam,2492.1231,0.0,518.796,12.0
BM-sheet_1-14412,beam,768.5113,0.0,159.973,3.7
BM-sheet_1-14413,beam,820.5515,0.0,170.794,3.95
BM-sheet_1-14414,beam,2597.0424,0.0,540.525,12.5
BM-sheet_1-14415,beam,2493.5067,0.0,518.94,12.0
BM-sheet_1-14416,beam,654.6363,0.0,136.231,3.15
BM-sheet_1-14417,beam,821.0016,0.0,170.84,3.95
BM-sheet_1-14418,beam,821.1155,0.0,170.852,3.95
BM-sheet_1-14419,beam,821.2294,0.0,170.864,3.95
BM-sheet_1-14420,beam,748.5656,0.0,155.735,3.6
BM-sheet_1-14421,beam,1102.2094,0.0,229.293,5.3
BM-sheet_1-14422,beam,1622.3539,0.0,337.475,7.8
BM-sheet_1-14423,beam,759.2783,0.0,157.931,3.65
BM-sheet_1-14424,beam,1622.8039,0.0,337.522,7.8
BM-sheet_1-14425,beam,1623.0302,0.0,337.545,7.8
BM-sheet_1-14426,beam,815.7891,0.0,169.65,3.92
BM-sheet_1-14427,beam,711.8331,0.0,148.021,3.42
BM-sheet_1-14428,beam,1571.6622,0.0,326.794,7.55
BM-sheet_1-14429,beam,1571.8801,0.0,326.817,7.55
BM-sheet_1-14430,beam,1618.8926,0.0,336.568,7.775
BM-sheet_1-14431,beam,668.0393,0.0,138.876,3.208
BM-sheet_1-14432,beam,1455.2121,0.0,302.497,6.987
BM-sheet_1-14433,beam,9187.6873,0.0,1909.725,44.106
BM-sheet_1-14434,beam,384.7801,0.0,79.974,1.847
BM-sheet_1-14435,beam,2.496,0.0,15.6,7.8
BM-sheet_1-14436,beam,2467.4047,0.0,512.761,11.84
BM-sheet_1-14437,beam,234.3848,0.0,48.705,1.125
BM-sheet_1-14438,beam,908.2218,0.0,188.715,4.357
BM-sheet_1-14439,beam,918.0795,0.0,190.75,4.404
BM-sheet_1-14440,beam,2425.8355,0.0,503.982,11.634
BM-sheet_1-14441,beam,856.4636,0.0,177.923,4.107
BM-sheet_1-14442,beam,2.592,0.0,16.2,8.1
BM-sheet_1-14443,beam,2.592,0.0,16.2,8.1
BM-sheet_1-14444,beam,2.512,0.0,15.7,7.85
BM-sheet_1-14445,beam,1599.1853,0.0,332.126,7.664
BM-sheet_1-14446,beam,1603.9375,0.0,333.09,7.686
BM-sheet_1-14447,beam,2.512,0.0,15.7,7.85
BM-sheet_1-14448,beam,1205.3992,0.0,250.291,5.775
BM-sheet_1-14449,beam,1604.6037,0.0,333.159,7.686
BM-sheet_1-14450,beam,1600.2926,0.0,332.241,7.664
BM-sheet_1-14451,beam,1190.9245,0.0,247.234,5.703
BM-sheet_1-14452,beam,850.0572,0.0,176.458,4.07
BM-sheet_1-14453,beam,954.6193,0.0,198.15,4.57
BM-sheet_1-14454,beam,737.4849,0.0,153.069,3.53
BM-sheet_1-14455,beam,762.6566,0.0,158.282,3.65
BM-sheet_1-14456,beam,737.6891,0.0,153.09,3.53
BM-sheet_1-14457,beam,762.8677,0.0,158.304,3.65
BM-sheet_1-14458,beam,1646.944,0.0,341.737,7.879
BM-sheet_1-14459,beam,1647.1718,0.0,341.761,7.879
BM-sheet_1-14460,beam,1693.6328,0.0,351.376,8.1
BM-sheet_1-14461,beam,763.2899,0.0,158.348,3.65
BM-sheet_1-14462,beam,1694.1013,0.0,351.425,8.1
BM-sheet_1-14463,beam,763.501,0.0,158.37,3.65
BM-sheet_1-14464,beam,1579.5151,0.0,327.61,7.55
BM-sheet_1-14465,beam,1684.3515,0.0,349.33,8.05
BM-sheet_1-14466,beam,493.451,0.0,102.333,2.358
BM-sheet_1-14467,beam,753.4587,0.0,156.244,3.6
BM-sheet_1-14468,beam,753.5629,0.0,156.254,3.6
BM-sheet_1-14469,beam,598.8872,0.0,124.173,2.861
BM-sheet_1-14470,beam,579.4426,0.0,120.133,2.767
BM-sheet_1-14471,beam,1612.4558,0.0,334.28,7.7
BM-sheet_1-14472,beam,1612.6786,0.0,334.303,7.7
BM-sheet_1-14473,beam,1612.9015,0.0,334.326,7.7
BM-sheet_1-14474,beam,628.49,0.0,130.266,3.0
BM-sheet_1-14475,beam,1613.3473,0.0,334.372,7.7
BM-sheet_1-14476,beam,1.632,0.0,10.2,5.1
BM-sheet_1-14477,beam,628.7506,0.0,130.293,3.0
BM-sheet_1-14478,beam,628.8375,0.0,130.302,3.0
BM-sheet_1-14479,beam,628.9243,0.0,130.311,3.0
BM-sheet_1-14480,beam,1.632,0.0,10.2,5.1
BM-sheet_1-14481,beam,1611.5964,0.0,333.871,7.685
BM-sheet_1-14482,beam,588.1511,0.0,121.838,2.804
BM-sheet_1-14483,beam,1622.3238,0.0,336.047,7.734
BM-sheet_1-14484,beam,588.3136,0.0,121.855,2.804
BM-sheet_1-14485,beam,588.3948,0.0,121.863,2.804
BM-sheet_1-14486,beam,588.4761,0.0,121.871,2.804
BM-sheet_1-14487,beam,1551.5666,0.0,321.302,7.393
BM-sheet_1-14488,beam,1551.9562,0.0,321.36,7.394
BM-sheet_1-14489,beam,685.8694,0.0,142.012,3.267
BM-sheet_1-14490,beam,685.964,0.0,142.022,3.267
BM-sheet_1-14491,beam,1.728,0.0,10.8,5.4
BM-sheet_1-14492,beam,1.728,0.0,10.8,5.4
BM-sheet_1-14493,beam,1480.589,0.0,306.477,7.049
BM-sheet_1-14494,beam,1480.7935,0.0,306.498,7.049
BM-sheet_1-14495,beam,845.4965,0.0,174.991,4.024
BM-sheet_1-14496,beam,845.6132,0.0,175.003,4.024
BM-sheet_1-14497,beam,845.7299,0.0,175.015,4.024
BM-sheet_1-14498,beam,845.8466,0.0,175.027,4.024
BM-sheet_1-14499,beam,1702.7901,0.0,352.326,8.1
BM-sheet_1-14500,beam,1703.025,0.0,352.35,8.1
BM-sheet_1-14501,beam,1703.2507,0.0,352.372,8.1
BM-sheet_1-14502,beam,1703.4856,0.0,352.397,8.1
BM-sheet_1-14503,beam,1703.7205,0.0,352.421,8.1
BM-sheet_1-14504,beam,1703.9555,0.0,352.445,8.1
BM-sheet_1-14505,beam,1122.5251,0.0,232.167,5.335
BM-sheet_1-14506,beam,1100.9288,0.0,227.684,5.232
BM-sheet_1-14507,beam,6283.4985,0.0,1299.407,29.857
BM-sheet_1-14508,beam,2.432,0.0,15.2,7.6
BM-sheet_1-14509,beam,2.464,0.0,15.4,7.7
BM-sheet_1-14510,beam,2.464,0.0,15.4,7.7
BM-sheet_1-14511,beam,2.464,0.0,15.4,7.7
BM-sheet_1-14512,beam,2.464,0.0,15.4,7.7
BM-sheet_1-14513,beam,2.464,0.0,15.4,7.7
BM-sheet_1-14514,beam,2.464,0.0,15.4,7.7
BM-sheet_1-14515,beam,2.464,0.0,15.4,7.7
BM-sheet_1-14516,beam,2.464,0.0,15.4,7.7
BM-sheet_1-14517,beam,2.464,0.0,15.4,7.7
BM-sheet_1-14518,beam,2.464,0.0,15.4,7.7
BM-sheet_1-14519,beam,2.432,0.0,15.2,7.6
BM-sheet_1-14520,beam,2.5906,0.0,16.192,8.096
BM-sheet_1-14521,beam,2.5906,0.0,16.192,8.096
BM-sheet_1-14522,beam,2.5906,0.0,16.192,8.096
BM-sheet_1-14523,beam,2.5906,0.0,16.192,8.096
BM-sheet_1-14524,beam,2.5906,0.0,16.192,8.096
BM-sheet_1-14525,beam,2.5906,0.0,16.192,8.096
BM-sheet_1-14526,beam,2.5906,0.0,16.192,8.096
BM-sheet_1-14527,beam,2.5906,0.0,16.192,8.096
BM-sheet_1-14528,beam,2.5906,0.0,16.192,8.096
BM-sheet_1-14529,beam,2.5906,0.0,16.192,8.096
BM-sheet_1-14530,beam,1709.1882,0.0,352.895,8.096
BM-sheet_1-14531,beam,1680.1594,0.0,346.878,7.957
BM-sheet_1-14532,beam,1604.9606,0.0,331.33,7.6
BM-sheet_1-14533,beam,1605.1815,0.0,331.352,7.6
BM-sheet_1-14534,beam,1605.4024,0.0,331.375,7.6
BM-sheet_1-14535,beam,1605.6233,0.0,331.398,7.6
BM-sheet_1-14536,beam,1605.8442,0.0,331.421,7.6
BM-sheet_1-14537,beam,1606.0652,0.0,331.444,7.6
BM-sheet_1-14538,beam,1606.2862,0.0,331.466,7.6
BM-sheet_1-14539,beam,1606.5072,0.0,331.489,7.6
BM-sheet_1-14540,beam,1606.7282,0.0,331.512,7.6
BM-sheet_1-14541,beam,1606.9492,0.0,331.535,7.6
BM-sheet_1-14542,beam,1.664,0.0,10.4,5.2
BM-sheet_1-14543,beam,1.664,0.0,10.4,5.2
BM-sheet_1-14544,beam,1692.2359,0.0,349.059,8.0
BM-sheet_1-14545,beam,1692.4687,0.0,349.083,8.0
BM-sheet_1-14546,beam,1692.6889,0.0,349.104,8.0
BM-sheet_1-14547,beam,1692.9217,0.0,349.128,8.0
BM-sheet_1-14548,beam,1629.6611,0.0,336.059,7.7
BM-sheet_1-14549,beam,1629.8852,0.0,336.082,7.7
BM-sheet_1-14550,beam,1630.1092,0.0,336.105,7.7
BM-sheet_1-14551,beam,1630.3333,0.0,336.128,7.7
BM-sheet_1-14552,beam,2.496,0.0,15.6,7.8
BM-sheet_1-14553,beam,2.496,0.0,15.6,7.8
BM-sheet_1-14554,beam,1728.7692,0.0,356.349,8.162
BM-sheet_1-14555,beam,1729.0067,0.0,356.374,8.162
BM-sheet_1-14556,beam,1729.2506,0.0,356.4,8.162
BM-sheet_1-14557,beam,1729.4882,0.0,356.424,8.162
BM-sheet_1-14558,beam,921.8992,0.0,189.978,4.35
BM-sheet_1-14559,beam,922.0259,0.0,189.991,4.35
BM-sheet_1-14560,beam,922.1432,0.0,190.002,4.35
BM-sheet_1-14561,beam,922.2698,0.0,190.015,4.35
BM-sheet_1-14562,beam,964.8304,0.0,198.77,4.55
BM-sheet_1-14563,beam,1.4559,0.0,9.1,4.55
BM-sheet_1-14564,beam,1342.6554,0.0,276.57,6.33
BM-sheet_1-14565,beam,1342.8398,0.0,276.589,6.33
BM-sheet_1-14566,beam,1326.0522,0.0,273.112,6.25
BM-sheet_1-14567,beam,1333.6612,0.0,274.661,6.285
BM-sheet_1-14568,beam,1326.4164,0.0,273.15,6.25
BM-sheet_1-14569,beam,1156.7939,0.0,238.203,5.45
BM-sheet_1-14570,beam,1164.3827,0.0,239.749,5.485
BM-sheet_1-14571,beam,1157.1115,0.0,238.236,5.45
BM-sheet_1-14572,beam,875.9157,0.0,180.329,4.125
BM-sheet_1-14573,beam,896.2112,0.0,184.494,4.22
BM-sheet_1-14574,beam,2903.5282,0.0,597.68,13.67
BM-sheet_1-14575,beam,2818.9544,0.0,580.231,13.27
BM-sheet_1-14576,beam,811.5963,0.0,167.041,3.82
BM-sheet_1-14577,beam,2124.8898,0.0,437.31,10.0
BM-sheet_1-14578,beam,307.089,0.0,63.196,1.445
BM-sheet_1-14579,beam,858.6905,0.0,176.697,4.04
BM-sheet_1-14580,beam,222.1427,0.0,45.708,1.045
BM-sheet_1-14581,beam,773.8839,0.0,159.224,3.64
BM-sheet_1-14582,beam,440.1544,0.0,90.554,2.07
BM-sheet_1-14583,beam,1220.6909,0.0,251.119,5.74
BM-sheet_1-14584,beam,1127.2732,0.0,231.886,5.3
BM-sheet_1-14585,beam,1127.4278,0.0,231.901,5.3
BM-sheet_1-14586,beam,1.696,0.0,10.6,5.3
BM-sheet_1-14587,beam,1.696,0.0,10.6,5.3
BM-sheet_1-14588,beam,770.3767,0.0,158.427,3.62
BM-sheet_1-14589,beam,693.8616,0.0,142.682,3.26
BM-sheet_1-14590,beam,507.7087,0.0,104.395,2.385
BM-sheet_1-14591,beam,335.333,0.0,68.947,1.575
BM-sheet_1-14592,beam,266.157,0.0,54.72,1.25
BM-sheet_1-14593,beam,266.1946,0.0,54.724,1.25
BM-sheet_1-14594,beam,97.9715,0.0,20.139,0.46
BM-sheet_1-14595,beam,74.5549,0.0,15.325,0.35
BM-sheet_1-14596,beam,149.1302,0.0,30.652,0.7
BM-sheet_1-14597,beam,149.1507,0.0,30.654,0.7
BM-sheet_1-14598,beam,266.3745,0.0,54.742,1.25
BM-sheet_1-14599,beam,198.2131,0.0,40.732,0.93
BM-sheet_1-14600,beam,517.9788,0.0,106.434,2.43
BM-sheet_1-14601,beam,303.8144,0.0,62.423,1.425
BM-sheet_1-14602,beam,463.7302,0.0,95.274,2.175
BM-sheet_1-14603,beam,362.5196,0.0,74.475,1.7
BM-sheet_1-14604,beam,362.5657,0.0,74.479,1.7
BM-sheet_1-14605,beam,357.2678,0.0,73.386,1.675
BM-sheet_1-14606,beam,74.6673,0.0,15.336,0.35
BM-sheet_1-14607,beam,149.3551,0.0,30.675,0.7
BM-sheet_1-14608,beam,74.6878,0.0,15.338,0.35
BM-sheet_1-14609,beam,149.396,0.0,30.679,0.7
BM-sheet_1-14610,beam,325.5286,0.0,66.844,1.525
BM-sheet_1-14611,beam,325.5731,0.0,66.848,1.525
BM-sheet_1-14612,beam,373.6435,0.0,76.713,1.75
BM-sheet_1-14613,beam,411.0651,0.0,84.39,1.925
BM-sheet_1-14614,beam,304.337,0.0,62.475,1.425
BM-sheet_1-14615,beam,363.1171,0.0,74.537,1.7
BM-sheet_1-14616,beam,293.7434,0.0,60.292,1.375
BM-sheet_1-14617,beam,400.6051,0.0,82.22,1.875
BM-sheet_1-14618,beam,320.529,0.0,65.781,1.5
BM-sheet_1-14619,beam,2.4324,0.0,15.202,7.601
BM-sheet_1-14620,beam,1229.0303,0.0,252.195,5.75
BM-sheet_1-14621,beam,1229.1984,0.0,252.212,5.75
BM-sheet_1-14622,beam,1496.6164,0.0,307.061,7.0
BM-sheet_1-14623,beam,1496.8249,0.0,307.083,7.0
BM-sheet_1-14624,beam,1497.0296,0.0,307.104,7.0
BM-sheet_1-14625,beam,1497.2344,0.0,307.125,7.0
BM-sheet_1-14626,beam,1143.3973,0.0,234.527,5.345
BM-sheet_1-14627,beam,1143.5536,0.0,234.543,5.345
BM-sheet_1-14628,beam,860.1932,0.0,176.414,4.02
BM-sheet_1-14629,beam,860.3145,0.0,176.427,4.02
BM-sheet_1-14630,beam,1583.8693,0.0,324.785,7.4
BM-sheet_1-14631,beam,1584.0858,0.0,324.807,7.4
BM-sheet_1-14632,beam,680.8279,0.0,139.59,3.18
BM-sheet_1-14633,beam,680.921,0.0,139.6,3.18
BM-sheet_1-14634,beam,396.1799,0.0,81.218,1.85
BM-sheet_1-14635,beam,396.234,0.0,81.223,1.85
BM-sheet_1-14636,beam,396.2882,0.0,81.229,1.85
BM-sheet_1-14637,beam,396.3423,0.0,81.234,1.85
BM-sheet_1-14638,beam,621.3853,0.0,127.35,2.9
BM-sheet_1-14639,beam,640.8683,0.0,131.334,2.991
BM-sheet_1-14640,beam,432.4534,0.0,88.617,2.018
BM-sheet_1-14641,beam,475.9637,0.0,97.527,2.22
BM-sheet_1-14642,beam,796.7902,0.0,163.254,3.717
BM-sheet_1-14643,beam,661.3136,0.0,135.487,3.084
BM-sheet_1-14644,beam,604.3878,0.0,123.816,2.818
BM-sheet_1-14645,beam,689.4,0.0,141.222,3.214
BM-sheet_1-14646,beam,1651.6909,0.0,338.323,7.7
BM-sheet_1-14647,beam,1651.9037,0.0,338.343,7.7
BM-sheet_1-14648,beam,643.6917,0.0,131.832,3.0
BM-sheet_1-14649,beam,643.7796,0.0,131.841,3.0
BM-sheet_1-14650,beam,643.8675,0.0,131.85,3.0
BM-sheet_1-14651,beam,643.9554,0.0,131.859,3.0
BM-sheet_1-14652,beam,1588.6402,0.0,325.274,7.4
BM-sheet_1-14653,beam,1653.2701,0.0,338.484,7.7
BM-sheet_1-14654,beam,760.7733,0.0,155.747,3.543
BM-sheet_1-14655,beam,760.8771,0.0,155.758,3.543
BM-sheet_1-14656,beam,492.7084,0.0,100.855,2.294
BM-sheet_1-14657,beam,492.6564,0.0,100.837,2.293
BM-sheet_1-14658,beam,492.6856,0.0,100.836,2.293
BM-sheet_1-14659,beam,492.9482,0.0,100.883,2.294
BM-sheet_1-14660,beam,463.9214,0.0,94.936,2.159
BM-sheet_1-14661,beam,485.4214,0.0,99.329,2.258
BM-sheet_1-14662,beam,443.4585,0.0,90.736,2.063
BM-sheet_1-14663,beam,518.2789,0.0,106.038,2.411
BM-sheet_1-14664,beam,935.3638,0.0,191.359,4.35
BM-sheet_1-14665,beam,935.4913,0.0,191.372,4.35
BM-sheet_1-14666,beam,701.1985,0.0,143.433,3.26
BM-sheet_1-14667,beam,701.2941,0.0,143.443,3.26
BM-sheet_1-14668,beam,502.7863,0.0,102.833,2.337
BM-sheet_1-14669,beam,552.5485,0.0,113.003,2.568
BM-sheet_1-14670,beam,914.6377,0.0,187.042,4.25
BM-sheet_1-14671,beam,914.7624,0.0,187.055,4.25
BM-sheet_1-14672,beam,783.5755,0.0,160.219,3.64
BM-sheet_1-14673,beam,783.6823,0.0,160.229,3.64
BM-sheet_1-14674,beam,783.7891,0.0,160.24,3.64
BM-sheet_1-14675,beam,783.8959,0.0,160.251,3.64
BM-sheet_1-14676,beam,488.0232,0.0,99.759,2.266
BM-sheet_1-14677,beam,355.4061,0.0,72.646,1.65
BM-sheet_1-14678,beam,528.7105,0.0,108.062,2.454
BM-sheet_1-14679,beam,538.6945,0.0,110.095,2.5
BM-sheet_1-14680,beam,528.8546,0.0,108.077,2.454
BM-sheet_1-14681,beam,538.8413,0.0,110.11,2.5
BM-sheet_1-14682,beam,753.6488,0.0,153.994,3.496
BM-sheet_1-14683,beam,755.2643,0.0,154.314,3.503
BM-sheet_1-14684,beam,755.3672,0.0,154.325,3.503
BM-sheet_1-14685,beam,755.4701,0.0,154.335,3.503
BM-sheet_1-14686,beam,755.573,0.0,154.346,3.503
BM-sheet_1-14687,beam,755.6759,0.0,154.356,3.503
BM-sheet_1-14688,beam,1553.3089,0.0,317.261,7.2
BM-sheet_1-14689,beam,1553.5204,0.0,317.282,7.2
BM-sheet_1-14690,beam,1726.3688,0.0,352.56,8.0
BM-sheet_1-14691,beam,1726.6038,0.0,352.584,8.0
BM-sheet_1-14692,beam,1666.6296,0.0,340.314,7.721
BM-sheet_1-14693,beam,1666.8489,0.0,340.335,7.721
BM-sheet_1-14694,beam,2.56,0.0,16.0,8.0
BM-sheet_1-14695,beam,2.56,0.0,16.0,8.0
BM-sheet_1-14696,beam,1619.7931,0.0,330.66,7.5
BM-sheet_1-14697,beam,1620.0136,0.0,330.682,7.5
BM-sheet_1-14698,beam,1512.2184,0.0,308.658,7.0
BM-sheet_1-14699,beam,1512.4242,0.0,308.679,7.0
BM-sheet_1-14700,beam,1512.63,0.0,308.7,7.0
BM-sheet_1-14701,beam,1512.8358,0.0,308.721,7.0
BM-sheet_1-14702,beam,1469.8102,0.0,299.92,6.8
BM-sheet_1-14703,beam,1470.0103,0.0,299.941,6.8
BM-sheet_1-14704,beam,1470.2109,0.0,299.961,6.8
BM-sheet_1-14705,beam,1470.411,0.0,299.982,6.8
BM-sheet_1-14706,beam,1557.1183,0.0,317.65,7.2
BM-sheet_1-14707,beam,1557.3301,0.0,317.671,7.2
WL-sheet_1-0001,wall,1.7413,8.75,17.5,2.5
WL-sheet_1-0002,wall,0.0875,0.35,0.7,0.1
WL-sheet_1-0003,wall,0.6318,2.538,5.075,0.725
WL-sheet_1-0004,wall,2.7431,10.973,21.945,3.135
WL-sheet_1-0005,wall,7.1662,11.025,22.05,3.15
WL-sheet_1-0006,wall,1.036,5.18,10.36,1.48
WL-sheet_1-0007,wall,1.1717,1.89,3.78,0.54
WL-sheet_1-0008,wall,0.5776,2.888,5.776,0.825
WL-sheet_1-0009,wall,2.0912,10.456,20.912,2.987
WL-sheet_1-0010,wall,1.4278,7.175,14.35,2.05
WL-sheet_1-0011,wall,1.68,8.4,16.8,2.4
WL-sheet_1-0012,wall,2.492,12.46,24.92,3.56
WL-sheet_1-0013,wall,8.6677,21.669,43.338,6.191
WL-sheet_1-0014,wall,18.4187,18.419,36.837,5.262
WL-sheet_1-0015,wall,4.2088,21.044,42.088,6.013
WL-sheet_1-0016,wall,0.98,0.875,1.75,0.25
WL-sheet_1-0017,wall,33.6873,33.687,67.375,9.625
WL-sheet_1-0018,wall,12.9724,15.82,31.64,4.52
WL-sheet_1-0019,wall,2.3783,11.891,23.783,3.398
WL-sheet_1-0020,wall,0.9275,4.637,9.275,1.325
WL-sheet_1-0021,wall,0.5775,2.887,5.775,0.825
WL-sheet_1-0022,wall,1.245,6.256,12.512,1.787
WL-sheet_1-0023,wall,0.1393,0.7,1.4,0.2
WL-sheet_1-0024,wall,1.834,9.17,18.34,2.62
WL-sheet_1-0025,wall,2.5681,10.273,20.545,2.935
WL-sheet_1-0026,wall,1.61,6.44,12.88,1.84
WL-sheet_1-0027,wall,1.011,4.06,8.12,1.16
WL-sheet_1-0028,wall,0.175,0.7,1.4,0.2
WL-sheet_1-0029,wall,5.222,26.11,52.22,7.46
WL-sheet_1-0030,wall,2.6119,10.448,20.895,2.985
WL-sheet_1-0031,wall,1.3344,5.337,10.675,1.525
WL-sheet_1-0032,wall,5.8485,29.242,58.485,8.355
WL-sheet_1-0033,wall,1.771,8.855,17.71,2.53
WL-sheet_1-0034,wall,35.4484,88.621,177.242,25.32
WL-sheet_1-0035,wall,4.959,9.555,19.11,2.73
WL-sheet_1-0036,wall,19.2849,19.285,38.57,5.51
WL-sheet_1-0037,wall,6.8181,17.045,34.09,4.87
WL-sheet_1-0038,wall,12.1506,9.205,18.41,2.63
WL-sheet_1-0039,wall,1.155,0.875,1.75,0.25
WL-sheet_1-0040,wall,0.6781,2.713,5.425,0.775
WL-sheet_1-0041,wall,19.082,47.705,95.41,13.63
WL-sheet_1-0042,wall,59.5961,149.364,298.727,42.675
WL-sheet_1-0043,wall,3.5521,17.85,35.7,5.1
WL-sheet_1-0044,wall,12.6942,31.735,63.471,9.067
WL-sheet_1-0045,wall,49.705,124.574,249.148,35.593
WL-sheet_1-0046,wall,3.2736,16.45,32.9,4.7
WL-sheet_1-0047,wall,3.5236,17.618,35.236,5.034
WL-sheet_1-0048,wall,5.4486,13.656,27.311,3.902
WL-sheet_1-0049,wall,9.8039,24.51,49.02,7.003
WL-sheet_1-0050,wall,8.2033,18.23,36.459,5.208
WL-sheet_1-0051,wall,7.018,11.716,23.432,3.347
WL-sheet_1-0052,wall,4.0358,6.738,13.475,1.925
WL-sheet_1-0053,wall,11.256,18.76,37.52,5.36
WL-sheet_1-0054,wall,3.019,5.04,10.08,1.44
WL-sheet_1-0055,wall,7.1281,11.9,23.8,3.4
WL-sheet_1-0056,wall,7.0297,11.716,23.432,3.347
WL-sheet_1-0057,wall,4.809,8.015,16.03,2.29
WL-sheet_1-0058,wall,11.256,18.76,37.52,5.36
WL-sheet_1-0059,wall,3.019,5.04,10.08,1.44
WL-sheet_1-0060,wall,7.1281,11.9,23.8,3.4
WL-sheet_1-0061,wall,7.0297,11.716,23.432,3.347
WL-sheet_1-0062,wall,4.0358,6.737,13.475,1.925
WL-sheet_1-0063,wall,11.2372,18.76,37.52,5.36
WL-sheet_1-0064,wall,3.019,5.04,10.08,1.44
WL-sheet_1-0065,wall,7.1281,11.9,23.8,3.4
WL-sheet_1-0066,wall,7.0297,11.716,23.432,3.347
WL-sheet_1-0067,wall,4.0358,6.737,13.475,1.925
WL-sheet_1-0068,wall,11.2372,18.76,37.52,5.36
WL-sheet_1-0069,wall,3.019,5.04,10.08,1.44
WL-sheet_1-0070,wall,7.1281,11.9,23.8,3.4
WL-sheet_1-0071,wall,7.018,11.716,23.432,3.347
WL-sheet_1-0072,wall,11.2792,18.83,37.66,5.38
WL-sheet_1-0073,wall,13.0088,21.718,43.435,6.205
WL-sheet_1-0074,wall,3.024,5.04,10.08,1.44
WL-sheet_1-0075,wall,6.604,11.025,22.05,3.15
WL-sheet_1-0076,wall,7.0297,11.716,23.432,3.347
WL-sheet_1-0077,wall,7.0297,11.716,23.432,3.347
WL-sheet_1-0078,wall,7.14,11.9,23.8,3.4
WL-sheet_1-0079,wall,3.024,5.04,10.08,1.44
WL-sheet_1-0080,wall,11.256,18.76,37.52,5.36
WL-sheet_1-0081,wall,4.0425,6.737,13.475,1.925
WL-sheet_1-0082,wall,11.508,28.77,57.54,8.22
WL-sheet_1-0083,wall,6.9394,11.585,23.17,3.31
WL-sheet_1-0084,wall,0.4594,1.838,3.675,0.525
WL-sheet_1-0085,wall,1.8084,7.263,14.525,2.075
WL-sheet_1-0086,wall,0.9277,3.726,7.452,1.065
WL-sheet_1-0087,wall,0.0981,0.394,0.788,0.113
WL-sheet_1-0088,wall,0.6867,2.747,5.494,0.785
WL-sheet_1-0089,wall,1.6306,1.7,3.401,0.486
WL-sheet_1-0090,wall,1.4963,5.985,11.97,1.71
WL-sheet_1-0091,wall,0.63,2.52,5.04,0.72
WL-sheet_1-0092,wall,1.8375,7.35,14.7,2.1
WL-sheet_1-0093,wall,2.7539,11.06,22.12,3.16
WL-sheet_1-0094,wall,1.316,5.285,10.57,1.51
WL-sheet_1-0095,wall,5.8804,23.616,47.233,6.748
WL-sheet_1-0096,wall,1.3857,5.565,11.13,1.59
WL-sheet_1-0097,wall,1.8288,7.315,14.63,2.09
WL-sheet_1-0098,wall,8.7334,6.265,12.53,1.79
WL-sheet_1-0099,wall,1.7125,6.877,13.755,1.965
WL-sheet_1-0100,wall,0.3486,1.4,2.8,0.4
WL-sheet_1-0101,wall,1.3116,5.268,10.535,1.505
WL-sheet_1-0102,wall,1.4,5.6,11.2,1.6
WL-sheet_1-0103,wall,2.1613,8.68,17.36,2.48
WL-sheet_1-0104,wall,1.8302,7.35,14.7,2.1
WL-sheet_1-0105,wall,0.6623,2.66,5.32,0.76
WL-sheet_1-0106,wall,1.3443,5.399,10.797,1.542
WL-sheet_1-0107,wall,4.4927,17.971,35.941,5.134
WL-sheet_1-0108,wall,0.8925,3.57,7.14,1.02
WL-sheet_1-0109,wall,6.1408,24.563,49.127,7.018
WL-sheet_1-0110,wall,0.0,0.0,0.0,0.0
WL-sheet_1-0111,wall,0.0,0.0,0.0,0.0
WL-sheet_1-0112,wall,0.8094,3.238,6.475,0.925
WL-sheet_1-0113,wall,0.1094,0.437,0.875,0.125
WL-sheet_1-0114,wall,0.0588,0.236,0.472,0.067
WL-sheet_1-0115,wall,0.1094,0.437,0.875,0.125
WL-sheet_1-0116,wall,0.245,0.98,1.96,0.28
WL-sheet_1-0117,wall,0.7219,2.887,5.775,0.825
WL-sheet_1-0118,wall,1.7063,6.825,13.65,1.95
WL-sheet_1-0119,wall,0.1006,0.403,0.805,0.115
WL-sheet_1-0120,wall,0.6212,2.485,4.97,0.71
WL-sheet_1-0121,wall,1.0062,4.025,8.05,1.15
WL-sheet_1-0122,wall,1.2425,4.97,9.94,1.42
WL-sheet_1-0123,wall,0.7131,2.853,5.705,0.815
WL-sheet_1-0124,wall,1.4875,5.95,11.9,1.7
WL-sheet_1-0125,wall,0.3719,1.488,2.975,0.425
WL-sheet_1-0126,wall,0.0,0.0,0.0,0.0
WL-sheet_1-0127,wall,0.0438,0.175,0.35,0.05
WL-sheet_1-0128,wall,0.3094,1.242,2.485,0.355
WL-sheet_1-0129,wall,0.0,0.0,0.0,0.0
WL-sheet_1-0130,wall,0.1089,0.437,0.875,0.125
WL-sheet_1-0131,wall,0.1656,0.665,1.33,0.19
WL-sheet_1-0132,wall,2.7343,10.981,21.963,3.138
WL-sheet_1-0133,wall,0.0,0.0,0.0,0.0
WL-sheet_1-0134,wall,0.0,0.0,0.0,0.0
WL-sheet_1-0135,wall,1.2775,5.11,10.22,1.46
WL-sheet_1-0136,wall,6.8834,27.534,55.067,7.867
WL-sheet_1-0137,wall,0.4575,1.837,3.675,0.525
WL-sheet_1-0138,wall,0.4575,1.837,3.675,0.525
WL-sheet_1-0139,wall,0.7408,2.975,5.95,0.85
WL-sheet_1-0140,wall,2.17,8.68,17.36,2.48
WL-sheet_1-0141,wall,1.8302,7.35,14.7,2.1
WL-sheet_1-0142,wall,1.1417,4.585,9.17,1.31
WL-sheet_1-0143,wall,9.5384,6.843,13.685,1.955
WL-sheet_1-0144,wall,1.7194,6.878,13.755,1.965
WL-sheet_1-0145,wall,1.3116,5.267,10.535,1.505
WL-sheet_1-0146,wall,1.4,5.6,11.2,1.6
WL-sheet_1-0147,wall,0.3704,1.487,2.975,0.425
WL-sheet_1-0148,wall,16.4794,11.06,22.12,3.16
WL-sheet_1-0149,wall,1.4131,5.653,11.305,1.615
WL-sheet_1-0150,wall,1.7779,7.14,14.28,2.04
WL-sheet_1-0151,wall,0.2135,0.857,1.715,0.245
WL-sheet_1-0152,wall,0.4837,1.942,3.885,0.555
WL-sheet_1-0153,wall,1.8302,7.35,14.7,2.1
WL-sheet_1-0154,wall,2.7539,11.06,22.12,3.16
WL-sheet_1-0155,wall,1.4963,5.985,11.97,1.71
WL-sheet_1-0156,wall,2.7583,11.078,22.155,3.165
WL-sheet_1-0157,wall,0.9625,3.85,7.7,1.1
WL-sheet_1-0158,wall,2.1612,8.645,17.29,2.47
WL-sheet_1-0159,wall,2.94,11.76,23.52,3.36
WL-sheet_1-0160,wall,2.852,11.454,22.908,3.273
WL-sheet_1-0161,wall,2.7452,11.025,22.05,3.15
WL-sheet_1-0162,wall,1.26,5.04,10.08,1.44
WL-sheet_1-0163,wall,4.3838,17.535,35.07,5.01
WL-sheet_1-0164,wall,1.8397,7.359,14.717,2.102
WL-sheet_1-0165,wall,2.7888,11.2,22.4,3.2
WL-sheet_1-0166,wall,0.9804,3.938,7.875,1.125
WL-sheet_1-0167,wall,2.7535,2.756,5.513,0.788
WL-sheet_1-0168,wall,0.4594,1.838,3.675,0.525
WL-sheet_1-0169,wall,1.8345,7.368,14.735,2.105
WL-sheet_1-0170,wall,1.9086,1.277,2.555,0.365
WL-sheet_1-0171,wall,0.305,1.225,2.45,0.35
WL-sheet_1-0172,wall,1.4903,5.985,11.97,1.71
WL-sheet_1-0173,wall,1.8301,7.35,14.7,2.1
WL-sheet_1-0174,wall,1.1754,0.823,1.645,0.235
WL-sheet_1-0175,wall,0.9238,3.71,7.42,1.06
WL-sheet_1-0176,wall,2.7539,11.06,22.12,3.16
WL-sheet_1-0177,wall,1.5905,6.387,12.775,1.825
WL-sheet_1-0178,wall,2.2049,8.855,17.71,2.53
WL-sheet_1-0179,wall,1.7779,7.14,14.28,2.04
WL-sheet_1-0180,wall,0.4837,1.942,3.885,0.555
WL-sheet_1-0181,wall,0.2135,0.858,1.715,0.245
WL-sheet_1-0182,wall,5.7728,23.091,46.182,6.597
WL-sheet_1-0183,wall,8.7334,6.265,12.53,1.79
WL-sheet_1-0184,wall,1.7125,6.877,13.755,1.965
WL-sheet_1-0185,wall,0.3704,1.488,2.975,0.425
WL-sheet_1-0186,wall,0.5005,0.91,1.82,0.26
WL-sheet_1-0187,wall,1.4131,5.653,11.305,1.615
WL-sheet_1-0188,wall,1.3169,5.267,10.535,1.505
WL-sheet_1-0189,wall,1.4,5.6,11.2,1.6
WL-sheet_1-0190,wall,2.17,8.68,17.36,2.48
WL-sheet_1-0191,wall,1.8302,7.35,14.7,2.1
WL-sheet_1-0192,wall,0.4445,1.785,3.57,0.51
WL-sheet_1-0193,wall,1.3081,5.232,10.465,1.495
WL-sheet_1-0194,wall,4.7285,18.99,37.98,5.426
WL-sheet_1-0195,wall,1.5231,6.117,12.234,1.748
WL-sheet_1-0196,wall,4.7109,18.844,37.687,5.384
WL-sheet_1-0197,wall,1.2215,4.906,9.811,1.402
WL-sheet_1-0198,wall,0.4572,1.829,3.657,0.522
WL-sheet_1-0199,wall,0.0,0.0,0.0,0.0
WL-sheet_1-0200,wall,0.0,0.0,0.0,0.0
WL-sheet_1-0201,wall,2.3363,9.345,18.69,2.67
WL-sheet_1-0202,wall,2.998,12.04,24.08,3.44
WL-sheet_1-0203,wall,2.415,9.66,19.32,2.76
WL-sheet_1-0204,wall,0.0,0.0,0.0,0.0
WL-sheet_1-0205,wall,0.0219,0.088,0.175,0.025
WL-sheet_1-0206,wall,0.1089,0.438,0.875,0.125
WL-sheet_1-0207,wall,0.5207,2.091,4.182,0.597
WL-sheet_1-0208,wall,0.0,0.0,0.0,0.0
WL-sheet_1-0209,wall,0.0,0.0,0.0,0.0
WL-sheet_1-0210,wall,0.0654,0.263,0.525,0.075
WL-sheet_1-0211,wall,0.0787,0.315,0.63,0.09
WL-sheet_1-0212,wall,0.6213,2.485,4.97,0.71
WL-sheet_1-0213,wall,0.1094,0.437,0.875,0.125
WL-sheet_1-0214,wall,0.0,0.0,0.0,0.0
WL-sheet_1-0215,wall,0.1089,0.438,0.875,0.125
WL-sheet_1-0216,wall,0.0,0.0,0.0,0.0
WL-sheet_1-0217,wall,0.1089,0.437,0.875,0.125
WL-sheet_1-0218,wall,0.0,0.0,0.0,0.0
WL-sheet_1-0219,wall,0.0,0.0,0.0,0.0
WL-sheet_1-0220,wall,0.0,0.0,0.0,0.0
WL-sheet_1-0221,wall,0.1089,0.437,0.875,0.125
WL-sheet_1-0222,wall,3.5,14.0,28.0,4.0
WL-sheet_1-0223,wall,0.91,3.64,7.28,1.04
WL-sheet_1-0224,wall,0.8454,3.395,6.79,0.97
WL-sheet_1-0225,wall,0.6956,2.783,5.565,0.795
WL-sheet_1-0226,wall,2.4141,9.695,19.39,2.77
WL-sheet_1-0227,wall,0.1094,0.437,0.875,0.125
WL-sheet_1-0228,wall,0.9107,3.658,7.315,1.045
WL-sheet_1-0229,wall,6.4961,25.985,51.969,7.424
WL-sheet_1-0230,wall,0.4375,1.75,3.5,0.5
WL-sheet_1-0231,wall,0.4594,1.838,3.675,0.525
WL-sheet_1-0232,wall,0.3413,1.365,2.73,0.39
WL-sheet_1-0233,wall,1.471,1.382,2.765,0.395
WL-sheet_1-0234,wall,2.1613,8.68,17.36,2.48
WL-sheet_1-0235,wall,1.8301,7.35,14.7,2.1
WL-sheet_1-0236,wall,1.4,5.6,11.2,1.6
WL-sheet_1-0237,wall,1.4118,5.67,11.34,1.62
WL-sheet_1-0238,wall,7.7576,5.565,11.13,1.59
WL-sheet_1-0239,wall,7.867,5.915,11.83,1.69
WL-sheet_1-0240,wall,2.384,4.183,8.365,1.195
WL-sheet_1-0241,wall,16.5986,11.147,22.295,3.185
WL-sheet_1-0242,wall,1.8432,7.403,14.805,2.115
WL-sheet_1-0243,wall,1.7937,7.175,14.35,2.05
WL-sheet_1-0244,wall,2.7104,10.885,21.77,3.11
WL-sheet_1-0245,wall,1.1025,4.41,8.82,1.26
WL-sheet_1-0246,wall,1.4903,5.985,11.97,1.71
WL-sheet_1-0247,wall,0.9586,3.85,7.7,1.1
WL-sheet_1-0248,wall,0.7263,2.905,5.81,0.83
WL-sheet_1-0249,wall,0.414,1.663,3.325,0.475
WL-sheet_1-0250,wall,2.7452,11.025,22.05,3.15
WL-sheet_1-0251,wall,1.255,5.04,10.08,1.44
WL-sheet_1-0252,wall,4.3662,17.535,35.07,5.01
WL-sheet_1-0253,wall,1.5251,6.125,12.25,1.75
WL-sheet_1-0254,wall,4.6375,18.55,37.1,5.3
WL-sheet_1-0255,wall,6.825,27.3,54.6,7.8
WL-sheet_1-0256,wall,6.7977,27.3,54.6,7.8
WL-sheet_1-0257,wall,6.7977,27.3,54.6,7.8
WL-sheet_1-0258,wall,4.6375,18.55,37.1,5.3
WL-sheet_1-0259,wall,6.7977,27.3,54.6,7.8
WL-sheet_1-0260,wall,6.7977,27.3,54.6,7.8
WL-sheet_1-0261,wall,6.7977,27.3,54.6,7.8
WL-sheet_1-0262,wall,0.9844,3.937,7.875,1.125
WL-sheet_1-0263,wall,6.3328,5.066,10.133,1.448
WL-sheet_1-0264,wall,0.4575,1.837,3.675,0.525
WL-sheet_1-0265,wall,0.3062,1.225,2.45,0.35
WL-sheet_1-0266,wall,2.3818,1.593,3.186,0.455
WL-sheet_1-0267,wall,1.4962,5.985,11.97,1.71
WL-sheet_1-0268,wall,1.7256,6.93,13.86,1.98
WL-sheet_1-0269,wall,2.765,11.06,22.12,3.16
WL-sheet_1-0270,wall,0.9581,3.833,7.665,1.095
WL-sheet_1-0271,wall,2.2138,8.855,17.71,2.53
WL-sheet_1-0272,wall,1.7779,7.14,14.28,2.04
WL-sheet_1-0273,wall,0.2135,0.857,1.715,0.245
WL-sheet_1-0274,wall,0.4837,1.942,3.885,0.555
WL-sheet_1-0275,wall,5.8369,23.441,46.882,6.697
WL-sheet_1-0276,wall,1.4131,5.653,11.305,1.615
WL-sheet_1-0277,wall,0.5005,0.91,1.82,0.26
WL-sheet_1-0278,wall,0.3704,1.488,2.975,0.425
WL-sheet_1-0279,wall,1.4696,5.267,10.535,1.505
WL-sheet_1-0280,wall,1.4,5.6,11.2,1.6
WL-sheet_1-0281,wall,1.7125,6.878,13.755,1.965
WL-sheet_1-0282,wall,8.7334,6.265,12.53,1.79
WL-sheet_1-0283,wall,2.17,8.68,17.36,2.48
WL-sheet_1-0284,wall,1.8302,7.35,14.7,2.1
WL-sheet_1-0285,wall,1.3081,5.232,10.465,1.495
WL-sheet_1-0286,wall,1.9958,8.015,16.031,2.29
WL-sheet_1-0287,wall,6.8267,27.307,54.614,7.802
WL-sheet_1-0288,wall,5.8336,23.428,46.856,6.694
WL-sheet_1-0289,wall,1.4421,5.768,11.537,1.648
WL-sheet_1-0290,wall,0.8838,3.535,7.07,1.01
WL-sheet_1-0291,wall,0.7705,3.082,6.164,0.881
WL-sheet_1-0292,wall,1.155,4.62,9.24,1.32
WL-sheet_1-0293,wall,0.35,1.4,2.8,0.4
WL-sheet_1-0294,wall,1.155,4.62,9.24,1.32
WL-sheet_1-0295,wall,1.155,4.62,9.24,1.32
WL-sheet_1-0296,wall,0.6193,2.487,4.974,0.711
WL-sheet_1-0297,wall,1.5925,6.37,12.74,1.82
WL-sheet_1-0298,wall,7.691,30.887,61.775,8.825
WL-sheet_1-0299,wall,0.0,0.0,0.0,0.0
WL-sheet_1-0300,wall,0.0,0.0,0.0,0.0
WL-sheet_1-0301,wall,1.1069,4.427,8.855,1.265
WL-sheet_1-0302,wall,1.2688,5.075,10.15,1.45
WL-sheet_1-0303,wall,0.0,0.0,0.0,0.0
WL-sheet_1-0304,wall,0.1089,0.437,0.875,0.125
WL-sheet_1-0305,wall,0.0,0.0,0.0,0.0
WL-sheet_1-0306,wall,2.107,10.535,21.07,3.01
WL-sheet_1-0307,wall,0.0218,0.087,0.175,0.025
WL-sheet_1-0308,wall,0.0,0.0,0.0,0.0
WL-sheet_1-0309,wall,0.2669,1.067,2.135,0.305
WL-sheet_1-0310,wall,1.015,4.06,8.12,1.16
WL-sheet_1-0311,wall,0.0,0.0,0.0,0.0
WL-sheet_1-0312,wall,0.0,0.0,0.0,0.0
WL-sheet_1-0313,wall,2.6775,10.71,21.42,3.06
WL-sheet_1-0314,wall,0.0,0.0,0.0,0.0
WL-sheet_1-0315,wall,0.0,0.0,0.0,0.0
WL-sheet_1-0316,wall,0.1094,0.437,0.875,0.125
WL-sheet_1-0317,wall,0.0588,0.236,0.472,0.067
WL-sheet_1-0318,wall,1.2688,5.075,10.15,1.45
WL-sheet_1-0319,wall,1.6538,6.615,13.23,1.89
WL-sheet_1-0320,wall,1.0762,4.305,8.61,1.23
WL-sheet_1-0321,wall,0.3485,1.394,2.788,0.398
WL-sheet_1-0322,wall,0.0,0.0,0.0,0.0
WL-sheet_1-0323,wall,0.0,0.0,0.0,0.0
WL-sheet_1-0324,wall,0.1094,0.437,0.875,0.125
WL-sheet_1-0325,wall,0.5177,2.203,4.406,0.629
WL-sheet_1-0326,wall,0.4318,1.837,3.675,0.525
WL-sheet_1-0327,wall,0.3256,1.391,2.782,0.397
WL-sheet_1-0328,wall,0.9155,0.814,1.628,0.233
WL-sheet_1-0329,wall,0.878,3.526,7.053,1.008
WL-sheet_1-0330,wall,2.1613,8.68,17.36,2.48
WL-sheet_1-0331,wall,1.8375,7.35,14.7,2.1
WL-sheet_1-0332,wall,1.4,5.6,11.2,1.6
WL-sheet_1-0333,wall,1.2687,5.075,10.15,1.45
WL-sheet_1-0334,wall,9.5384,6.843,13.685,1.955
WL-sheet_1-0335,wall,1.7125,6.877,13.755,1.965
WL-sheet_1-0336,wall,0.3719,1.488,2.975,0.425
WL-sheet_1-0337,wall,1.3169,5.268,10.535,1.505
WL-sheet_1-0338,wall,16.4794,11.06,22.12,3.16
WL-sheet_1-0339,wall,1.4075,5.652,11.305,1.615
WL-sheet_1-0340,wall,1.7779,7.14,14.28,2.04
WL-sheet_1-0341,wall,0.2135,0.857,1.715,0.245
WL-sheet_1-0342,wall,0.4856,1.942,3.885,0.555
WL-sheet_1-0343,wall,2.8634,11.454,22.907,3.272
WL-sheet_1-0344,wall,2.7563,11.025,22.05,3.15
WL-sheet_1-0345,wall,1.255,5.04,10.08,1.44
WL-sheet_1-0346,wall,4.3662,17.535,35.07,5.01
WL-sheet_1-0347,wall,1.5312,6.125,12.25,1.75
WL-sheet_1-0348,wall,1.6994,6.825,13.65,1.95
WL-sheet_1-0349,wall,2.2138,8.855,17.71,2.53
WL-sheet_1-0350,wall,2.765,11.06,22.12,3.16
WL-sheet_1-0351,wall,1.8302,7.35,14.7,2.1
WL-sheet_1-0352,wall,1.4903,5.985,11.97,1.71
WL-sheet_1-0353,wall,0.7263,2.905,5.81,0.83
WL-sheet_1-0354,wall,1.2,4.8,9.6,1.371
WL-sheet_1-0355,wall,6.972,28.0,56.0,8.0
WL-sheet_1-0356,wall,13.5669,54.268,108.535,15.505
WL-sheet_1-0357,wall,1.4772,5.932,11.865,1.695
WL-sheet_1-0358,wall,0.0105,0.042,0.084,0.012
WL-sheet_1-0359,wall,2.3909,9.564,19.127,2.732
WL-sheet_1-0360,wall,0.0,0.0,0.0,0.0
WL-sheet_1-0361,wall,0.0,0.0,0.0,0.0
WL-sheet_1-0362,wall,0.0,0.0,0.0,0.0
WL-sheet_1-0363,wall,0.0,0.0,0.0,0.0
WL-sheet_1-0364,wall,0.0,0.0,0.0,0.0
WL-sheet_1-0365,wall,0.0,0.0,0.0,0.0
WL-sheet_1-0366,wall,0.1094,0.437,0.875,0.125
WL-sheet_1-0367,wall,0.0,0.0,0.0,0.0
WL-sheet_1-0368,wall,2.6337,10.535,21.07,3.01
WL-sheet_1-0369,wall,2.5579,10.272,20.545,2.935
WL-sheet_1-0370,wall,1.8191,2.362,4.725,0.675
WL-sheet_1-0371,wall,0.0,0.0,0.0,0.0
WL-sheet_1-0372,wall,0.2658,1.067,2.135,0.305
WL-sheet_1-0373,wall,2.8831,11.532,23.065,3.295
WL-sheet_1-0374,wall,2.6668,10.71,21.42,3.06
WL-sheet_1-0375,wall,3.1723,12.74,25.48,3.64
WL-sheet_1-0376,wall,0.0,0.0,0.0,0.0
WL-sheet_1-0377,wall,0.0,0.0,0.0,0.0
WL-sheet_1-0378,wall,0.0,0.0,0.0,0.0
WL-sheet_1-0379,wall,0.0,0.0,0.0,0.0
WL-sheet_1-0380,wall,0.0,0.0,0.0,0.0
WL-sheet_1-0381,wall,5.9877,25.588,51.177,7.311
WL-sheet_1-0382,wall,6.0697,25.939,51.878,7.411
WL-sheet_1-0383,wall,0.0,0.0,0.0,0.0
WL-sheet_1-0384,wall,0.0,0.0,0.0,0.0
WL-sheet_1-0385,wall,0.0,0.0,0.0,0.0
WL-sheet_1-0386,wall,0.6909,2.94,5.88,0.84
WL-sheet_1-0387,wall,1.0857,4.62,9.24,1.32
WL-sheet_1-0388,wall,0.5323,2.275,4.55,0.65
WL-sheet_1-0389,wall,0.0,0.0,0.0,0.0
WL-sheet_1-0390,wall,0.0,0.0,0.0,0.0
WL-sheet_1-0391,wall,0.6924,0.753,1.505,0.215
WL-sheet_1-0392,wall,1.5751,6.702,13.405,1.915
WL-sheet_1-0393,wall,1.0442,4.463,8.925,1.275
WL-sheet_1-0394,wall,0.0656,0.262,0.525,0.075
WL-sheet_1-0395,wall,1.7828,7.131,14.263,2.038
WL-sheet_1-0396,wall,0.0,0.0,0.0,0.0
WL-sheet_1-0397,wall,0.0,0.0,0.0,0.0
WL-sheet_1-0398,wall,0.0,0.0,0.0,0.0
WL-sheet_1-0399,wall,1.6297,6.545,13.09,1.87
WL-sheet_1-0400,wall,4.5057,18.095,36.19,5.17
WL-sheet_1-0401,wall,3.2432,12.973,25.946,3.707
WL-sheet_1-0402,wall,3.3463,13.385,26.77,3.824
WL-sheet_1-0403,wall,1.855,7.42,14.84,2.12
WL-sheet_1-0404,wall,0.1089,0.437,0.875,0.125
WL-sheet_1-0405,wall,0.0219,0.087,0.175,0.025
WL-sheet_1-0406,wall,0.4594,1.838,3.675,0.525
WL-sheet_1-0407,wall,1.926,7.735,15.47,2.21
WL-sheet_1-0408,wall,0.9804,3.937,7.875,1.125
WL-sheet_1-0409,wall,16.3887,16.74,33.48,4.783
WL-sheet_1-0410,wall,0.3063,1.225,2.45,0.35
WL-sheet_1-0411,wall,1.9086,1.277,2.555,0.365
WL-sheet_1-0412,wall,1.4903,5.985,11.97,1.71
WL-sheet_1-0413,wall,1.1762,0.822,1.645,0.235
WL-sheet_1-0414,wall,1.2942,5.198,10.395,1.485
WL-sheet_1-0415,wall,0.5687,2.275,4.55,0.65
WL-sheet_1-0416,wall,1.8375,7.35,14.7,2.1
WL-sheet_1-0417,wall,2.765,11.06,22.12,3.16
WL-sheet_1-0418,wall,6.4905,26.066,52.133,7.448
WL-sheet_1-0419,wall,2.2138,8.855,17.71,2.53
WL-sheet_1-0420,wall,0.4837,1.942,3.885,0.555
WL-sheet_1-0421,wall,0.2144,0.857,1.715,0.245
WL-sheet_1-0422,wall,1.785,7.14,14.28,2.04
WL-sheet_1-0423,wall,0.4968,1.995,3.99,0.57
WL-sheet_1-0424,wall,1.4131,5.652,11.305,1.615
WL-sheet_1-0425,wall,0.5005,0.91,1.82,0.26
WL-sheet_1-0426,wall,0.3704,1.488,2.975,0.425
WL-sheet_1-0427,wall,1.7194,6.878,13.755,1.965
WL-sheet_1-0428,wall,8.7334,6.265,12.53,1.79
WL-sheet_1-0429,wall,1.3169,5.267,10.535,1.505
WL-sheet_1-0430,wall,1.4,5.6,11.2,1.6
WL-sheet_1-0431,wall,2.17,8.68,17.36,2.48
WL-sheet_1-0432,wall,1.8302,7.35,14.7,2.1
WL-sheet_1-0433,wall,3.8584,15.495,30.991,4.427
WL-sheet_1-0434,wall,0.1002,0.402,0.805,0.115
WL-sheet_1-0435,wall,0.3062,1.23,2.459,0.351
WL-sheet_1-0436,wall,5.0679,20.353,40.706,5.815
WL-sheet_1-0437,wall,0.2309,0.927,1.855,0.265
WL-sheet_1-0438,wall,1.0762,4.305,8.61,1.23
WL-sheet_1-0439,wall,0.0,0.0,0.0,0.0
WL-sheet_1-0440,wall,0.0,0.0,0.0,0.0
WL-sheet_1-0441,wall,0.0,0.0,0.0,0.0
WL-sheet_1-0442,wall,0.0,0.0,0.0,0.0
WL-sheet_1-0443,wall,1.8191,2.362,4.725,0.675
WL-sheet_1-0444,wall,0.0,0.0,0.0,0.0
WL-sheet_1-0445,wall,2.5579,10.272,20.545,2.935
WL-sheet_1-0446,wall,0.2669,1.068,2.135,0.305
WL-sheet_1-0447,wall,2.9181,11.673,23.345,3.335
WL-sheet_1-0448,wall,2.0611,8.278,16.555,2.365
WL-sheet_1-0449,wall,2.6469,10.587,21.175,3.025
WL-sheet_1-0450,wall,0.0,0.0,0.0,0.0
WL-sheet_1-0451,wall,0.0,0.0,0.0,0.0
WL-sheet_1-0452,wall,0.0,0.0,0.0,0.0
WL-sheet_1-0453,wall,0.805,0.875,1.75,0.25
WL-sheet_1-0454,wall,0.0,0.0,0.0,0.0
WL-sheet_1-0455,wall,5.9937,23.975,47.95,6.85
WL-sheet_1-0456,wall,0.0,0.0,0.0,0.0
WL-sheet_1-0457,wall,0.0,0.0,0.0,0.0
WL-sheet_1-0458,wall,1.0061,4.025,8.049,1.15
WL-sheet_1-0459,wall,0.1094,0.437,0.875,0.125
WL-sheet_1-0460,wall,0.0741,0.297,0.595,0.085
WL-sheet_1-0461,wall,0.1006,0.438,0.875,0.125
WL-sheet_1-0462,wall,2.6232,10.535,21.07,3.01
WL-sheet_1-0463,wall,0.1089,0.437,0.875,0.125
WL-sheet_1-0464,wall,0.1094,0.437,0.875,0.125
WL-sheet_1-0465,wall,2.3379,9.389,18.778,2.683
WL-sheet_1-0466,wall,6.8739,27.496,54.991,7.856
WL-sheet_1-0467,wall,0.4358,1.75,3.5,0.5
WL-sheet_1-0468,wall,0.4575,1.838,3.675,0.525
WL-sheet_1-0469,wall,0.3413,1.365,2.73,0.39
WL-sheet_1-0470,wall,0.897,0.787,1.575,0.225
WL-sheet_1-0471,wall,0.8846,3.553,7.105,1.015
WL-sheet_1-0472,wall,2.17,8.68,17.36,2.48
WL-sheet_1-0473,wall,1.8302,7.35,14.7,2.1
WL-sheet_1-0474,wall,1.2637,5.075,10.15,1.45
WL-sheet_1-0475,wall,9.5384,6.843,13.685,1.955
WL-sheet_1-0476,wall,1.3944,5.6,11.2,1.6
WL-sheet_1-0477,wall,1.7194,6.877,13.755,1.965
WL-sheet_1-0478,wall,1.3116,5.268,10.535,1.505
WL-sheet_1-0479,wall,0.3719,1.488,2.975,0.425
WL-sheet_1-0480,wall,16.4794,11.06,22.12,3.16
WL-sheet_1-0481,wall,1.4075,5.652,11.305,1.615
WL-sheet_1-0482,wall,1.785,7.14,14.28,2.04
WL-sheet_1-0483,wall,0.4837,1.942,3.885,0.555
WL-sheet_1-0484,wall,0.2135,0.857,1.715,0.245
WL-sheet_1-0485,wall,3.2638,13.108,26.215,3.745
WL-sheet_1-0486,wall,2.7539,11.06,22.12,3.16
WL-sheet_1-0487,wall,1.8302,7.35,14.7,2.1
WL-sheet_1-0488,wall,1.4962,5.985,11.97,1.71
WL-sheet_1-0489,wall,1.1025,4.41,8.82,1.26
WL-sheet_1-0490,wall,2.852,11.454,22.907,3.272
WL-sheet_1-0491,wall,2.7562,11.025,22.05,3.15
WL-sheet_1-0492,wall,1.255,5.04,10.08,1.44
WL-sheet_1-0493,wall,4.3662,17.535,35.07,5.01
WL-sheet_1-0494,wall,1.5312,6.125,12.25,1.75
WL-sheet_1-0495,wall,0.4594,1.838,3.675,0.525
WL-sheet_1-0496,wall,1.9337,7.735,15.47,2.21
WL-sheet_1-0497,wall,0.9844,3.938,7.875,1.125
WL-sheet_1-0498,wall,0.1663,0.665,1.33,0.19
WL-sheet_1-0499,wall,0.3063,1.225,2.45,0.35
WL-sheet_1-0500,wall,1.9099,1.278,2.555,0.365
WL-sheet_1-0501,wall,1.8302,7.35,14.7,2.1
WL-sheet_1-0502,wall,2.7539,11.06,22.12,3.16
WL-sheet_1-0503,wall,1.4903,5.985,11.97,1.71
WL-sheet_1-0504,wall,5.7061,22.916,45.832,6.547
WL-sheet_1-0505,wall,1.3694,5.477,10.955,1.565
WL-sheet_1-0506,wall,2.2049,8.855,17.71,2.53
WL-sheet_1-0507,wall,0.4837,1.942,3.885,0.555
WL-sheet_1-0508,wall,0.2135,0.858,1.715,0.245
WL-sheet_1-0509,wall,1.7996,7.228,14.455,2.065
WL-sheet_1-0510,wall,0.5005,0.91,1.82,0.26
WL-sheet_1-0511,wall,0.3704,1.488,2.975,0.425
WL-sheet_1-0512,wall,1.7125,6.877,13.755,1.965
WL-sheet_1-0513,wall,8.7397,6.265,12.53,1.79
WL-sheet_1-0514,wall,1.0237,4.095,8.19,1.17
WL-sheet_1-0515,wall,1.4,5.6,11.2,1.6
WL-sheet_1-0516,wall,1.3116,5.267,10.535,1.505
WL-sheet_1-0517,wall,5.705,22.82,45.64,6.52
WL-sheet_1-0518,wall,0.305,1.225,2.45,0.35
WL-sheet_1-0519,wall,8.1217,6.247,12.495,1.785
WL-sheet_1-0520,wall,0.0,0.0,0.0,0.0
WL-sheet_1-0521,wall,0.641,2.564,5.128,0.733
WL-sheet_1-0522,wall,0.7564,3.026,6.052,0.865
WL-sheet_1-0523,wall,3.6134,14.512,29.023,4.146
WL-sheet_1-0524,wall,2.4763,9.905,19.81,2.83
WL-sheet_1-0525,wall,1.1375,4.55,9.1,1.3
WL-sheet_1-0526,wall,1.8944,7.577,15.155,2.165
WL-sheet_1-0527,wall,2.1527,8.611,17.222,2.46
WL-sheet_1-0528,wall,1.0458,4.2,8.4,1.2
WL-sheet_1-0529,wall,0.8715,3.5,7.0,1.0
WL-sheet_1-0530,wall,1.8944,7.577,15.155,2.165
WL-sheet_1-0531,wall,8.7334,6.265,12.53,1.79
WL-sheet_1-0532,wall,1.7125,6.877,13.755,1.965
WL-sheet_1-0533,wall,1.3944,5.6,11.2,1.6
WL-sheet_1-0534,wall,1.4075,5.652,11.305,1.615
WL-sheet_1-0535,wall,16.4794,11.06,22.12,3.16
WL-sheet_1-0536,wall,1.3116,5.268,10.535,1.505
WL-sheet_1-0537,wall,0.3719,1.488,2.975,0.425
WL-sheet_1-0538,wall,1.7413,6.965,13.93,1.99
WL-sheet_1-0539,wall,0.4837,1.942,3.885,0.555
WL-sheet_1-0540,wall,0.2144,0.857,1.715,0.245
WL-sheet_1-0541,wall,2.765,11.06,22.12,3.16
WL-sheet_1-0542,wall,1.8375,7.35,14.7,2.1
WL-sheet_1-0543,wall,1.1025,4.41,8.82,1.26
WL-sheet_1-0544,wall,1.4903,5.985,11.97,1.71
WL-sheet_1-0545,wall,1.7762,7.105,14.21,2.03
WL-sheet_1-0546,wall,2.2356,8.943,17.885,2.555
WL-sheet_1-0547,wall,1.0544,4.218,8.435,1.205
WL-sheet_1-0548,wall,1.7194,6.877,13.755,1.965
WL-sheet_1-0549,wall,0.3719,1.488,2.975,0.425
WL-sheet_1-0550,wall,1.4131,5.652,11.305,1.615
WL-sheet_1-0551,wall,12.5681,8.435,16.87,2.41
WL-sheet_1-0552,wall,1.3988,5.617,11.235,1.605
WL-sheet_1-0553,wall,1.4,5.6,11.2,1.6
WL-sheet_1-0554,wall,1.8944,7.578,15.155,2.165
WL-sheet_1-0555,wall,0.4314,1.732,3.465,0.495
WL-sheet_1-0556,wall,3.2638,13.108,26.215,3.745
WL-sheet_1-0557,wall,1.9425,7.77,15.54,2.22
WL-sheet_1-0558,wall,2.765,11.06,22.12,3.16
WL-sheet_1-0559,wall,1.8375,7.35,14.7,2.1
WL-sheet_1-0560,wall,3.4672,2.774,5.547,0.792
WL-sheet_1-0561,wall,1.9099,1.277,2.555,0.365
WL-sheet_1-0562,wall,0.9844,3.938,7.875,1.125
WL-sheet_1-0563,wall,0.1656,0.665,1.33,0.19
WL-sheet_1-0564,wall,36.89,36.89,73.78,10.54
WL-sheet_1-0565,wall,11.1292,27.823,55.646,7.949
WL-sheet_1-0566,wall,2.97,2.973,5.946,0.849
WL-sheet_1-0567,wall,6.8234,17.058,34.117,4.874
WL-sheet_1-0568,wall,5.726,14.315,28.63,4.09
WL-sheet_1-0569,wall,3.5681,8.943,17.885,2.555
WL-sheet_1-0570,wall,23.1643,23.188,46.375,6.625
WL-sheet_1-0571,wall,2.3625,9.45,18.9,2.7
WL-sheet_1-0572,wall,1.6931,6.772,13.545,1.935
WL-sheet_1-0573,wall,0.0,0.0,0.0,0.0
WL-sheet_1-0574,wall,0.0,0.0,0.0,0.0
WL-sheet_1-0575,wall,0.0,0.0,0.0,0.0
WL-sheet_1-0576,wall,2.2746,9.135,18.27,2.61
WL-sheet_1-0577,wall,6.466,25.968,51.936,7.419
WL-sheet_1-0578,wall,32.8825,32.883,65.765,9.395
WL-sheet_1-0579,wall,3.0625,3.063,6.125,0.875
WL-sheet_1-0580,wall,2.3275,9.31,18.62,2.66
WL-sheet_1-0581,wall,3.4965,3.5,7.0,1.0
WL-sheet_1-0582,wall,2.5681,10.272,20.545,2.935
WL-sheet_1-0583,wall,28.0419,28.07,56.14,8.02
WL-sheet_1-0584,wall,2.5791,10.316,20.632,2.947
WL-sheet_1-0585,wall,2.7563,11.025,22.05,3.15
WL-sheet_1-0586,wall,1.26,5.04,10.08,1.44
WL-sheet_1-0587,wall,4.3838,17.535,35.07,5.01
WL-sheet_1-0588,wall,1.5312,6.125,12.25,1.75
WL-sheet_1-0589,wall,3.7762,3.78,7.56,1.08
WL-sheet_1-0590,wall,5.9325,5.932,11.865,1.695
WL-sheet_1-0591,wall,12.1853,12.197,24.395,3.485
WL-sheet_1-0592,wall,25.5413,25.541,51.083,7.298
WL-sheet_1-0593,wall,5.627,24.465,48.93,6.99
WL-sheet_1-0594,wall,1.8944,7.578,15.155,2.165
WL-sheet_1-0595,wall,0.4331,1.732,3.465,0.495
WL-sheet_1-0596,wall,3.2638,13.107,26.215,3.745
WL-sheet_1-0597,wall,0.56,2.24,4.48,0.64
WL-sheet_1-0598,wall,1.1681,4.672,9.345,1.335
WL-sheet_1-0599,wall,0.9056,3.622,7.245,1.035
WL-sheet_1-0600,wall,1.0019,4.008,8.015,1.145
WL-sheet_1-0601,wall,3.1355,13.633,27.265,3.895
WL-sheet_1-0602,wall,4.5719,18.287,36.575,5.225
WL-sheet_1-0603,wall,16.7118,11.937,23.874,3.411
WL-sheet_1-0604,wall,0.1663,0.665,1.33,0.19
WL-sheet_1-0605,wall,1.8779,1.916,3.833,0.547
WL-sheet_1-0606,wall,2.5639,1.715,3.43,0.49
WL-sheet_1-0607,wall,0.315,1.26,2.52,0.36
WL-sheet_1-0608,wall,1.1506,4.603,9.205,1.315
WL-sheet_1-0609,wall,1.0762,4.305,8.61,1.23
WL-sheet_1-0610,wall,0.35,1.4,2.8,0.4
WL-sheet_1-0611,wall,13.4128,29.873,59.745,8.535
WL-sheet_1-0612,wall,4.389,10.972,21.945,3.135
WL-sheet_1-0613,wall,1.8955,7.612,15.225,2.175
WL-sheet_1-0614,wall,0.4594,1.838,3.675,0.525
WL-sheet_1-0615,wall,0.2406,0.962,1.925,0.275
WL-sheet_1-0616,wall,1.4044,5.617,11.235,1.605
WL-sheet_1-0617,wall,16.8438,11.498,22.995,3.285
WL-sheet_1-0618,wall,2.2509,9.004,18.007,2.572
WL-sheet_1-0619,wall,2.17,8.68,17.36,2.48
WL-sheet_1-0620,wall,1.8375,7.35,14.7,2.1
WL-sheet_1-0621,wall,0.9002,3.601,7.202,1.029
WL-sheet_1-0622,wall,1.4,5.6,11.2,1.6
WL-sheet_1-0623,wall,0.8641,3.456,6.912,0.987
WL-sheet_1-0624,wall,0.5005,0.91,1.82,0.26
WL-sheet_1-0625,wall,1.0237,4.095,8.19,1.17
WL-sheet_1-0626,wall,0.7438,2.975,5.95,0.85
WL-sheet_1-0627,wall,0.3719,1.488,2.975,0.425
WL-sheet_1-0628,wall,0.6081,2.432,4.865,0.695
WL-sheet_1-0629,wall,1.7194,6.877,13.755,1.965
WL-sheet_1-0630,wall,1.4044,5.617,11.235,1.605
WL-sheet_1-0631,wall,1.8375,7.35,14.7,2.1
WL-sheet_1-0632,wall,1.1988,4.795,9.59,1.37
WL-sheet_1-0633,wall,0.665,0.875,1.75,0.25
WL-sheet_1-0634,wall,13.167,29.26,58.52,8.36
WL-sheet_1-0635,wall,6.0769,24.307,48.615,6.945
WL-sheet_1-0636,wall,2.17,8.68,17.36,2.48
WL-sheet_1-0637,wall,1.8375,7.35,14.7,2.1
WL-sheet_1-0638,wall,0.7438,2.975,5.95,0.85
WL-sheet_1-0639,wall,0.8536,3.415,6.829,0.976
WL-sheet_1-0640,wall,2.0044,8.05,16.1,2.3
WL-sheet_1-0641,wall,1.3169,5.268,10.535,1.505
WL-sheet_1-0642,wall,1.4,5.6,11.2,1.6
WL-sheet_1-0643,wall,0.8641,3.456,6.912,0.987
WL-sheet_1-0644,wall,0.3719,1.488,2.975,0.425
WL-sheet_1-0645,wall,16.8438,11.498,22.995,3.285
WL-sheet_1-0646,wall,2.2509,9.004,18.007,2.572
WL-sheet_1-0647,wall,0.6484,0.997,1.995,0.285
WL-sheet_1-0648,wall,0.4594,1.838,3.675,0.525
WL-sheet_1-0649,wall,1.7631,7.052,14.105,2.015
WL-sheet_1-0650,wall,1.4,5.6,11.2,1.6
WL-sheet_1-0651,wall,1.0237,4.095,8.19,1.17
WL-sheet_1-0652,wall,0.596,2.384,4.768,0.681
WL-sheet_1-0653,wall,0.665,2.66,5.32,0.76
WL-sheet_1-0654,wall,1.4336,5.758,11.515,1.645
WL-sheet_1-0655,wall,1.4118,5.67,11.34,1.62
WL-sheet_1-0656,wall,1.8375,7.35,14.7,2.1
WL-sheet_1-0657,wall,2.17,8.68,17.36,2.48
WL-sheet_1-0658,wall,12.9701,28.823,57.645,8.235
WL-sheet_1-0659,wall,6.0961,24.483,48.965,6.995
WL-sheet_1-0660,wall,1.2425,4.97,9.94,1.42
WL-sheet_1-0661,wall,0.665,2.66,5.32,0.76
WL-sheet_1-0662,wall,7.6319,19.128,38.255,5.465
WL-sheet_1-0663,wall,2.17,8.68,17.36,2.48
WL-sheet_1-0664,wall,1.8375,7.35,14.7,2.1
WL-sheet_1-0665,wall,0.7438,2.975,5.95,0.85
WL-sheet_1-0666,wall,1.0237,4.095,8.19,1.17
WL-sheet_1-0667,wall,0.8641,3.456,6.913,0.988
WL-sheet_1-0668,wall,1.4,5.6,11.2,1.6
WL-sheet_1-0669,wall,1.4175,5.67,11.34,1.62
WL-sheet_1-0670,wall,2.0562,8.225,16.45,2.35
WL-sheet_1-0671,wall,11.2856,7.682,15.365,2.195
WL-sheet_1-0672,wall,2.6276,10.552,21.105,3.015
WL-sheet_1-0673,wall,4.3116,7.578,15.155,2.165
WL-sheet_1-0674,wall,16.972,11.585,23.17,3.31
WL-sheet_1-0675,wall,1.0197,4.095,8.19,1.17
WL-sheet_1-0676,wall,0.7438,2.975,5.95,0.85
WL-sheet_1-0677,wall,0.5005,0.91,1.82,0.26
WL-sheet_1-0678,wall,0.3704,1.488,2.975,0.425
WL-sheet_1-0679,wall,1.4,5.6,11.2,1.6
WL-sheet_1-0680,wall,1.3169,5.267,10.535,1.505
WL-sheet_1-0681,wall,1.7194,6.878,13.755,1.965
WL-sheet_1-0682,wall,7.2727,29.207,58.415,8.345
WL-sheet_1-0683,wall,0.665,2.66,5.32,0.76
WL-sheet_1-0684,wall,1.4394,5.757,11.515,1.645
WL-sheet_1-0685,wall,2.17,8.68,17.36,2.48
WL-sheet_1-0686,wall,1.8301,7.35,14.7,2.1
WL-sheet_1-0687,wall,0.7263,2.905,5.81,0.83
WL-sheet_1-0688,wall,1.0458,4.2,8.4,1.2
WL-sheet_1-0689,wall,3.2827,18.339,36.678,5.24
WL-sheet_1-0690,wall,4.2984,23.88,47.76,6.823
WL-sheet_1-0691,wall,2.742,15.318,30.636,4.377
WL-sheet_1-0692,wall,2.3905,13.281,26.561,3.794
WL-sheet_1-0693,wall,4.3933,24.544,49.088,7.013
WL-sheet_1-0694,wall,4.5086,18.034,36.069,5.153
WL-sheet_1-0695,wall,0.0,0.0,0.0,0.0
WL-sheet_1-0696,wall,0.0349,0.14,0.28,0.04
WL-sheet_1-0697,wall,1.1025,4.41,8.82,1.26
WL-sheet_1-0698,wall,1.0784,4.314,8.627,1.232
WL-sheet_1-0699,wall,2.2138,8.855,17.71,2.53
WL-sheet_1-0700,wall,2.2356,8.942,17.885,2.555
WL-sheet_1-0701,wall,3.2202,12.933,25.865,3.695
WL-sheet_1-0702,wall,0.9543,3.833,7.665,1.095
WL-sheet_1-0703,wall,2.2138,8.855,17.71,2.53
WL-sheet_1-0704,wall,0.4837,1.942,3.885,0.555
WL-sheet_1-0705,wall,0.2135,0.857,1.715,0.245
WL-sheet_1-0706,wall,3.2202,12.933,25.865,3.695
WL-sheet_1-0707,wall,3.2202,12.933,25.865,3.695
WL-sheet_1-0708,wall,0.0,0.0,0.0,0.0
WL-sheet_1-0709,wall,0.0,0.0,0.0,0.0
WL-sheet_1-0710,wall,3.1984,12.845,25.69,3.67
WL-sheet_1-0711,wall,3.2202,12.933,25.865,3.695
WL-sheet_1-0712,wall,0.6623,2.66,5.32,0.76
WL-sheet_1-0713,wall,3.2202,12.933,25.865,3.695
WL-sheet_1-0714,wall,1.0981,4.41,8.82,1.26
WL-sheet_1-0715,wall,2.0698,8.313,16.625,2.375
WL-sheet_1-0716,wall,1.1765,4.725,9.45,1.35
WL-sheet_1-0717,wall,0.1094,0.438,0.875,0.125
WL-sheet_1-0718,wall,0.7495,3.01,6.02,0.86
WL-sheet_1-0719,wall,3.2202,12.933,25.865,3.695
WL-sheet_1-0720,wall,3.2202,12.933,25.865,3.695
WL-sheet_1-0721,wall,3.1984,12.845,25.69,3.67
WL-sheet_1-0722,wall,2.1,8.4,16.8,2.4
WL-sheet_1-0723,wall,10.5052,21.052,42.105,6.015
WL-sheet_1-0724,wall,7.1257,14.28,28.56,4.08
WL-sheet_1-0725,wall,8.1648,11.34,22.68,3.24
WL-sheet_1-0726,wall,0.7,0.7,1.4,0.2
WL-sheet_1-0727,wall,1.0308,5.18,10.36,1.48
WL-sheet_1-0728,wall,1.1375,0.875,1.75,0.25
WL-sheet_1-0729,wall,3.4431,13.772,27.545,3.935
WL-sheet_1-0730,wall,0.592,2.975,5.95,0.85
WL-sheet_1-0731,wall,0.1838,0.735,1.47,0.21
WL-sheet_1-0732,wall,1.6789,1.12,2.24,0.32
WL-sheet_1-0733,wall,0.7,0.7,1.4,0.2
WL-sheet_1-0734,wall,0.5775,2.887,5.775,0.825
WL-sheet_1-0735,wall,1.7675,8.838,17.675,2.525
WL-sheet_1-0736,wall,2.275,9.1,18.2,2.6
WL-sheet_1-0737,wall,1.82,9.1,18.2,2.6
WL-sheet_1-0738,wall,28.56,28.56,57.12,8.16
WL-sheet_1-0739,wall,3.276,6.3,12.6,1.8
WL-sheet_1-0740,wall,2.3485,2.135,4.27,0.61
WL-sheet_1-0741,wall,4.5136,7.28,14.56,2.08
WL-sheet_1-0742,wall,7.4301,7.437,14.875,2.125
WL-sheet_1-0743,wall,3.2697,6.3,12.6,1.8
WL-sheet_1-0744,wall,20.195,20.195,40.39,5.77
WL-sheet_1-0745,wall,0.7,0.7,1.4,0.2
WL-sheet_1-0746,wall,1.036,5.18,10.36,1.48
WL-sheet_1-0747,wall,3.157,15.785,31.57,4.51
WL-sheet_1-0748,wall,0.592,2.975,5.95,0.85
WL-sheet_1-0749,wall,0.5075,2.537,5.075,0.725
WL-sheet_1-0750,wall,0.7,0.7,1.4,0.2
WL-sheet_1-0751,wall,1.036,5.18,10.36,1.48
WL-sheet_1-0752,wall,5.1262,25.76,51.52,7.36
WL-sheet_1-0753,wall,0.592,2.975,5.95,0.85
WL-sheet_1-0754,wall,0.5075,2.537,5.075,0.725
WL-sheet_1-0755,wall,10.3487,22.997,45.994,6.571
WL-sheet_1-0756,wall,1.0633,1.715,3.43,0.49
WL-sheet_1-0757,wall,0.315,0.875,1.75,0.25
WL-sheet_1-0758,wall,1.0019,0.875,1.75,0.25
WL-sheet_1-0759,wall,1.3125,0.875,1.75,0.25
WL-sheet_1-0760,wall,0.7,0.7,1.4,0.2
WL-sheet_1-0761,wall,0.5075,2.538,5.075,0.725
WL-sheet_1-0762,wall,0.595,2.975,5.95,0.85
WL-sheet_1-0763,wall,8.2425,8.242,16.485,2.355
WL-sheet_1-0764,wall,0.7,0.7,1.4,0.2
WL-sheet_1-0765,wall,13.23,26.46,52.92,7.56
WL-sheet_1-0766,wall,1.0308,5.18,10.36,1.48
WL-sheet_1-0767,wall,0.595,2.975,5.95,0.85
WL-sheet_1-0768,wall,3.1701,7.945,15.89,2.27
WL-sheet_1-0769,wall,2.1,8.4,16.8,2.4
WL-sheet_1-0770,wall,0.505,2.537,5.075,0.725
WL-sheet_1-0771,wall,9.2462,10.64,21.28,3.04
WL-sheet_1-0772,wall,1.2241,0.875,1.75,0.25
WL-sheet_1-0773,wall,19.0623,16.155,32.309,4.616
WL-sheet_1-0774,wall,0.805,0.875,1.75,0.25
WL-sheet_1-0775,wall,0.98,0.875,1.75,0.25
WL-sheet_1-0776,wall,1.0237,0.875,1.75,0.25
WL-sheet_1-0777,wall,0.7438,0.875,1.75,0.25
WL-sheet_1-0778,wall,1.2241,0.875,1.75,0.25
WL-sheet_1-0779,wall,0.5119,0.438,0.875,0.125
WL-sheet_1-0780,wall,0.7438,0.875,1.75,0.25
WL-sheet_1-0781,wall,0.665,2.66,5.32,0.76
WL-sheet_1-0782,wall,0.805,0.875,1.75,0.25
WL-sheet_1-0783,wall,9.2462,10.64,21.28,3.04
WL-sheet_1-0784,wall,1.7226,2.24,4.48,0.64
WL-sheet_1-0785,wall,1.0237,0.875,1.75,0.25
WL-sheet_1-0786,wall,0.665,0.875,1.75,0.25
WL-sheet_1-0787,wall,0.805,0.875,1.75,0.25
WL-sheet_1-0788,wall,1.225,0.875,1.75,0.25
WL-sheet_1-0789,wall,1.0237,0.875,1.75,0.25
WL-sheet_1-0790,wall,0.7438,0.875,1.75,0.25
WL-sheet_1-0791,wall,0.665,0.875,1.75,0.25
WL-sheet_1-0792,wall,0.805,0.875,1.75,0.25
WL-sheet_1-0793,wall,0.98,0.875,1.75,0.25
WL-sheet_1-0794,wall,2.8279,7.087,14.175,2.025
WL-sheet_1-0795,wall,0.7,0.7,1.4,0.2
WL-sheet_1-0796,wall,10.4877,26.285,52.57,7.51
WL-sheet_1-0797,wall,2.3919,2.345,4.69,0.67
WL-sheet_1-0798,wall,1.036,5.18,10.36,1.48
WL-sheet_1-0799,wall,0.592,2.975,5.95,0.85
WL-sheet_1-0800,wall,2.968,7.42,14.84,2.12
WL-sheet_1-0801,wall,2.1,8.4,16.8,2.4
WL-sheet_1-0802,wall,0.505,2.537,5.075,0.725
WL-sheet_1-0803,wall,0.7,0.7,1.4,0.2
WL-sheet_1-0804,wall,10.4877,26.285,52.57,7.51
WL-sheet_1-0805,wall,4.389,10.972,21.945,3.135
WL-sheet_1-0806,wall,2.3919,2.345,4.69,0.67
WL-sheet_1-0807,wall,1.036,5.18,10.36,1.48
WL-sheet_1-0808,wall,0.595,2.975,5.95,0.85
WL-sheet_1-0809,wall,3.1002,7.77,15.54,2.22
WL-sheet_1-0810,wall,0.5075,2.537,5.075,0.725
WL-sheet_1-0811,wall,1.0237,0.875,1.75,0.25
WL-sheet_1-0812,wall,0.7438,0.875,1.75,0.25
WL-sheet_1-0813,wall,0.665,0.875,1.75,0.25
WL-sheet_1-0814,wall,0.805,0.875,1.75,0.25
WL-sheet_1-0815,wall,8.8554,6.353,12.705,1.815
WL-sheet_1-0816,wall,26.4939,22.452,44.905,6.415
WL-sheet_1-0817,wall,14.4587,14.245,28.49,4.07
WL-sheet_1-0818,wall,0.3325,1.33,2.66,0.38
WL-sheet_1-0819,wall,14.5475,14.333,28.665,4.095
WL-sheet_1-0820,wall,0.9791,0.875,1.75,0.25
WL-sheet_1-0821,wall,0.805,0.875,1.75,0.25
WL-sheet_1-0822,wall,1.8172,2.8,5.6,0.8
WL-sheet_1-0823,wall,1.7735,7.122,14.245,2.035
WL-sheet_1-0824,wall,0.9791,0.875,1.75,0.25
WL-sheet_1-0825,wall,13.7736,11.673,23.345,3.335
WL-sheet_1-0826,wall,0.805,0.875,1.75,0.25
WL-sheet_1-0827,wall,8.8617,6.353,12.705,1.815
WL-sheet_1-0828,wall,1.0229,0.875,1.75,0.25
WL-sheet_1-0829,wall,3.9047,3.124,6.247,0.892
WL-sheet_1-0830,wall,0.805,0.875,1.75,0.25
WL-sheet_1-0831,wall,0.7,0.7,1.4,0.2
WL-sheet_1-0832,wall,0.505,2.537,5.075,0.725
WL-sheet_1-0833,wall,0.595,2.975,5.95,0.85
WL-sheet_1-0834,wall,2.1,8.4,16.8,2.4
WL-sheet_1-0835,wall,0.7,0.7,1.4,0.2
WL-sheet_1-0836,wall,0.505,2.537,5.075,0.725
WL-sheet_1-0837,wall,0.595,2.975,5.95,0.85
WL-sheet_1-0838,wall,0.7,0.7,1.4,0.2
WL-sheet_1-0839,wall,0.5075,2.538,5.075,0.725
WL-sheet_1-0840,wall,0.595,2.975,5.95,0.85
WL-sheet_1-0841,wall,1.0666,0.875,1.75,0.25
WL-sheet_1-0842,wall,0.0,0.0,0.0,0.0
WL-sheet_1-0843,wall,0.0,0.0,0.0,0.0
WL-sheet_1-0844,wall,1.0666,0.875,1.75,0.25
WL-sheet_1-0845,wall,0.9791,0.875,1.75,0.25
WL-sheet_1-0846,wall,4.5815,5.95,11.9,1.7
WL-sheet_1-0847,wall,0.0,0.0,0.0,0.0
WL-sheet_1-0848,wall,1.2679,0.875,1.75,0.25
WL-sheet_1-0849,wall,8.8554,6.353,12.705,1.815
WL-sheet_1-0850,wall,26.494,22.453,44.905,6.415
WL-sheet_1-0851,wall,0.8041,0.875,1.75,0.25
WL-sheet_1-0852,wall,0.8925,0.875,1.75,0.25
WL-sheet_1-0853,wall,0.8925,0.875,1.75,0.25
WL-sheet_1-0854,wall,0.98,0.875,1.75,0.25
WL-sheet_1-0855,wall,0.9791,0.875,1.75,0.25
WL-sheet_1-0856,wall,13.7736,11.673,23.345,3.335
WL-sheet_1-0857,wall,0.805,0.875,1.75,0.25
WL-sheet_1-0858,wall,0.98,0.875,1.75,0.25
WL-sheet_1-0859,wall,0.805,0.875,1.75,0.25
WL-sheet_1-0860,wall,0.6291,0.875,1.75,0.25
WL-sheet_1-0861,wall,1.8172,2.8,5.6,0.8
WL-sheet_1-0862,wall,3.2485,9.874,19.747,2.821
WL-sheet_1-0863,wall,0.7,0.7,1.4,0.2
WL-sheet_1-0864,wall,0.5075,2.537,5.075,0.725
WL-sheet_1-0865,wall,0.595,2.975,5.95,0.85
WL-sheet_1-0866,wall,8.8554,6.353,12.705,1.815
WL-sheet_1-0867,wall,0.8041,0.875,1.75,0.25
WL-sheet_1-0868,wall,14.4587,14.245,28.49,4.07
WL-sheet_1-0869,wall,0.6993,0.7,1.4,0.2
WL-sheet_1-0870,wall,0.505,2.538,5.075,0.725
WL-sheet_1-0871,wall,0.592,2.975,5.95,0.85
WL-sheet_1-0872,wall,0.7,0.7,1.4,0.2
WL-sheet_1-0873,wall,1.6155,1.47,2.94,0.42
WL-sheet_1-0874,wall,1.036,5.18,10.36,1.48
WL-sheet_1-0875,wall,3.1412,15.785,31.57,4.51
WL-sheet_1-0876,wall,2.9392,14.77,29.54,4.22
WL-sheet_1-0877,wall,1.113,5.565,11.13,1.59
WL-sheet_1-0878,wall,0.592,2.975,5.95,0.85
WL-sheet_1-0879,wall,0.505,2.537,5.075,0.725
WL-sheet_1-0880,wall,2.7947,5.589,11.179,1.597
WL-sheet_1-0881,wall,0.0,0.0,0.0,0.0
WL-sheet_1-0882,wall,1.0675,0.875,1.75,0.25
WL-sheet_1-0883,wall,0.98,0.875,1.75,0.25
WL-sheet_1-0884,wall,0.0,0.0,0.0,0.0
WL-sheet_1-0885,wall,0.0,0.0,0.0,0.0
WL-sheet_1-0886,wall,0.0,0.0,0.0,0.0
WL-sheet_1-0887,wall,1.2241,0.875,1.75,0.25
WL-sheet_1-0888,wall,0.0,0.0,0.0,0.0
WL-sheet_1-0889,wall,0.0,0.0,0.0,0.0
WL-sheet_1-0890,wall,3.1325,12.53,25.06,3.58
WL-sheet_1-0891,wall,0.0,0.0,0.0,0.0
WL-sheet_1-0892,wall,0.0,0.0,0.0,0.0
WL-sheet_1-0893,wall,1.0675,0.875,1.75,0.25
WL-sheet_1-0894,wall,0.0,0.0,0.0,0.0
WL-sheet_1-0895,wall,0.0218,0.088,0.175,0.025
WL-sheet_1-0896,wall,0.0,0.0,0.0,0.0
WL-sheet_1-0897,wall,0.0,0.0,0.0,0.0
WL-sheet_1-0898,wall,0.0,0.0,0.0,0.0
WL-sheet_1-0899,wall,0.0,0.0,0.0,0.0
WL-sheet_1-0900,wall,0.0,0.0,0.0,0.0
WL-sheet_1-0901,wall,1.7831,2.747,5.495,0.785
WL-sheet_1-0902,wall,4.1016,3.281,6.563,0.938
WL-sheet_1-0903,wall,0.9791,0.875,1.75,0.25
WL-sheet_1-0904,wall,0.805,0.875,1.75,0.25
WL-sheet_1-0905,wall,1.2679,0.875,1.75,0.25
WL-sheet_1-0906,wall,8.8554,6.353,12.705,1.815
WL-sheet_1-0907,wall,26.4939,22.452,44.905,6.415
WL-sheet_1-0908,wall,0.805,0.875,1.75,0.25
WL-sheet_1-0909,wall,0.839,0.823,1.645,0.235
WL-sheet_1-0910,wall,0.839,0.823,1.645,0.235
WL-sheet_1-0911,wall,0.9791,0.875,1.75,0.25
WL-sheet_1-0912,wall,0.98,0.875,1.75,0.25
WL-sheet_1-0913,wall,13.7736,11.673,23.345,3.335
WL-sheet_1-0914,wall,0.805,0.875,1.75,0.25
WL-sheet_1-0915,wall,8.8617,6.353,12.705,1.815
WL-sheet_1-0916,wall,0.665,0.875,1.75,0.25
WL-sheet_1-0917,wall,0.8041,0.875,1.75,0.25
WL-sheet_1-0918,wall,14.5332,14.332,28.665,4.095
WL-sheet_1-0919,wall,0.7,0.7,1.4,0.2
WL-sheet_1-0920,wall,0.505,2.537,5.075,0.725
WL-sheet_1-0921,wall,0.592,2.975,5.95,0.85
WL-sheet_1-0922,wall,0.7,0.7,1.4,0.2
WL-sheet_1-0923,wall,1.6155,1.47,2.94,0.42
WL-sheet_1-0924,wall,1.0308,5.18,10.36,1.48
WL-sheet_1-0925,wall,3.157,15.785,31.57,4.51
WL-sheet_1-0926,wall,2.8544,14.272,28.544,4.078
WL-sheet_1-0927,wall,1.3696,6.848,13.696,1.957
WL-sheet_1-0928,wall,0.592,2.975,5.95,0.85
WL-sheet_1-0929,wall,0.5075,2.537,5.075,0.725
WL-sheet_1-0930,wall,2.1,8.4,16.8,2.4
WL-sheet_1-0931,wall,1.379,6.895,13.79,1.97
WL-sheet_1-0932,wall,0.6993,0.7,1.4,0.2
WL-sheet_1-0933,wall,0.5075,2.537,5.075,0.725
WL-sheet_1-0934,wall,0.595,2.975,5.95,0.85
WL-sheet_1-0935,wall,1.0675,0.875,1.75,0.25
WL-sheet_1-0936,wall,0.0,0.0,0.0,0.0
WL-sheet_1-0937,wall,0.0,0.0,0.0,0.0
WL-sheet_1-0938,wall,0.96,0.787,1.575,0.225
WL-sheet_1-0939,wall,0.9791,0.875,1.75,0.25
WL-sheet_1-0940,wall,4.5815,5.95,11.9,1.7
WL-sheet_1-0941,wall,0.0,0.0,0.0,0.0
WL-sheet_1-0942,wall,16.2684,13.798,27.597,3.942
WL-sheet_1-0943,wall,0.8925,0.875,1.75,0.25
WL-sheet_1-0944,wall,0.9791,0.875,1.75,0.25
WL-sheet_1-0945,wall,0.7,0.7,1.4,0.2
WL-sheet_1-0946,wall,0.592,2.975,5.95,0.85
WL-sheet_1-0947,wall,0.505,2.537,5.075,0.725
WL-sheet_1-0948,wall,0.7,0.7,1.4,0.2
WL-sheet_1-0949,wall,1.6155,1.47,2.94,0.42
WL-sheet_1-0950,wall,1.0308,5.18,10.36,1.48
WL-sheet_1-0951,wall,3.1412,15.785,31.57,4.51
WL-sheet_1-0952,wall,5.152,25.76,51.52,7.36
WL-sheet_1-0953,wall,0.592,2.975,5.95,0.85
WL-sheet_1-0954,wall,0.505,2.537,5.075,0.725
WL-sheet_1-0955,wall,0.0,0.0,0.0,0.0
WL-sheet_1-0956,wall,0.0,0.0,0.0,0.0
WL-sheet_1-0957,wall,0.0,0.0,0.0,0.0
WL-sheet_1-0958,wall,1.1541,0.875,1.75,0.25
WL-sheet_1-0959,wall,0.8925,0.875,1.75,0.25
WL-sheet_1-0960,wall,0.0,0.0,0.0,0.0
WL-sheet_1-0961,wall,0.98,0.875,1.75,0.25
WL-sheet_1-0962,wall,0.805,0.875,1.75,0.25
WL-sheet_1-0963,wall,1.0675,0.875,1.75,0.25
WL-sheet_1-0964,wall,0.8916,0.875,1.75,0.25
WL-sheet_1-0965,wall,1.0675,0.875,1.75,0.25
WL-sheet_1-0966,wall,0.0,0.0,0.0,0.0
WL-sheet_1-0967,wall,0.0,0.0,0.0,0.0
WL-sheet_1-0968,wall,0.0,0.0,0.0,0.0
WL-sheet_1-0969,wall,0.1094,0.437,0.875,0.125
WL-sheet_1-0970,wall,0.98,0.875,1.75,0.25
WL-sheet_1-0971,wall,0.805,0.875,1.75,0.25
WL-sheet_1-0972,wall,0.6291,0.875,1.75,0.25
WL-sheet_1-0973,wall,14.3472,19.681,39.361,5.623
WL-sheet_1-0974,wall,8.1235,5.827,11.655,1.665
WL-sheet_1-0975,wall,26.4715,22.453,44.905,6.415
WL-sheet_1-0976,wall,0.8041,0.875,1.75,0.25
WL-sheet_1-0977,wall,0.9791,0.875,1.75,0.25
WL-sheet_1-0978,wall,0.4594,0.875,1.75,0.25
WL-sheet_1-0979,wall,0.4056,0.787,1.575,0.225
WL-sheet_1-0980,wall,1.0666,0.875,1.75,0.25
WL-sheet_1-0981,wall,13.7619,11.673,23.345,3.335
WL-sheet_1-0982,wall,9.9781,19.956,39.912,5.702
WL-sheet_1-0983,wall,0.7,0.7,1.4,0.2
WL-sheet_1-0984,wall,0.5075,2.537,5.075,0.725
WL-sheet_1-0985,wall,0.595,2.975,5.95,0.85
WL-sheet_1-0986,wall,0.7,0.7,1.4,0.2
WL-sheet_1-0987,wall,0.5075,2.538,5.075,0.725
WL-sheet_1-0988,wall,0.5775,2.888,5.775,0.825
WL-sheet_1-0989,wall,5.0915,4.55,9.1,1.3
WL-sheet_1-0990,wall,1.995,9.975,19.95,2.85
WL-sheet_1-0991,wall,1.6716,8.4,16.8,2.4
WL-sheet_1-0992,wall,0.6993,0.7,1.4,0.2
WL-sheet_1-0993,wall,0.505,2.538,5.075,0.725
WL-sheet_1-0994,wall,0.592,2.975,5.95,0.85
WL-sheet_1-0995,wall,8.8554,6.352,12.705,1.815
WL-sheet_1-0996,wall,0.5985,0.787,1.575,0.225
WL-sheet_1-0997,wall,0.8041,0.875,1.75,0.25
WL-sheet_1-0998,wall,14.5332,14.333,28.665,4.095
WL-sheet_1-0999,wall,1.7154,3.431,6.861,0.98
WL-sheet_1-1000,wall,1.155,0.875,1.75,0.25
WL-sheet_1-1001,wall,1.0675,0.875,1.75,0.25
WL-sheet_1-1002,wall,0.1094,0.437,0.875,0.125
WL-sheet_1-1003,wall,0.0,0.0,0.0,0.0
WL-sheet_1-1004,wall,0.0,0.0,0.0,0.0
WL-sheet_1-1005,wall,0.0,0.0,0.0,0.0
WL-sheet_1-1006,wall,0.1656,0.665,1.33,0.19
WL-sheet_1-1007,wall,0.1094,0.437,0.875,0.125
WL-sheet_1-1008,wall,0.098,0.088,0.175,0.025
WL-sheet_1-1009,wall,0.8925,0.875,1.75,0.25
WL-sheet_1-1010,wall,0.805,0.875,1.75,0.25
WL-sheet_1-1011,wall,8.8554,6.353,12.705,1.815
WL-sheet_1-1012,wall,0.455,0.91,1.82,0.26
WL-sheet_1-1013,wall,0.665,0.875,1.75,0.25
WL-sheet_1-1014,wall,0.8041,0.875,1.75,0.25
WL-sheet_1-1015,wall,14.4888,14.289,28.577,4.082
WL-sheet_1-1016,wall,0.6291,0.875,1.75,0.25
WL-sheet_1-1017,wall,0.8925,0.875,1.75,0.25
WL-sheet_1-1018,wall,3.7953,3.036,6.072,0.867
WL-sheet_1-1019,wall,0.9791,0.875,1.75,0.25
WL-sheet_1-1020,wall,0.8041,0.875,1.75,0.25
WL-sheet_1-1021,wall,0.9791,0.875,1.75,0.25
WL-sheet_1-1022,wall,13.7735,11.672,23.345,3.335
WL-sheet_1-1023,wall,0.8041,0.875,1.75,0.25
WL-sheet_1-1024,wall,0.8925,0.875,1.75,0.25
WL-sheet_1-1025,wall,1.3125,0.875,1.75,0.25
WL-sheet_1-1026,wall,0.3666,0.875,1.75,0.25
WL-sheet_1-1027,wall,8.8617,6.353,12.705,1.815
WL-sheet_1-1028,wall,26.5747,22.54,45.08,6.44
WL-sheet_1-1029,wall,0.8041,0.875,1.75,0.25
WL-sheet_1-1030,wall,0.6993,0.7,1.4,0.2
WL-sheet_1-1031,wall,0.505,2.538,5.075,0.725
WL-sheet_1-1032,wall,0.592,2.975,5.95,0.85
WL-sheet_1-1033,wall,2.1,8.4,16.8,2.4
WL-sheet_1-1034,wall,0.0,0.0,0.0,0.0
WL-sheet_1-1035,wall,0.595,2.975,5.95,0.85
WL-sheet_1-1036,wall,5.096,4.55,9.1,1.3
WL-sheet_1-1037,wall,0.7,0.7,1.4,0.2
WL-sheet_1-1038,wall,0.9065,4.533,9.065,1.295
WL-sheet_1-1039,wall,5.0325,4.305,8.61,1.23
WL-sheet_1-1040,wall,1.995,9.975,19.95,2.85
WL-sheet_1-1041,wall,3.019,5.04,10.08,1.44
WL-sheet_1-1042,wall,6.615,11.025,22.05,3.15
WL-sheet_1-1043,wall,4.809,8.015,16.03,2.29
WL-sheet_1-1044,wall,0.6993,0.7,1.4,0.2
WL-sheet_1-1045,wall,0.5075,2.537,5.075,0.725
WL-sheet_1-1046,wall,0.595,2.975,5.95,0.85
WL-sheet_1-1047,wall,11.256,18.76,37.52,5.36
WL-sheet_1-1048,wall,7.9138,15.828,31.655,4.522
WL-sheet_1-1049,wall,36.6028,91.736,183.473,26.21
WL-sheet_1-1050,wall,5.46,27.3,54.6,7.8
WL-sheet_1-1051,wall,4.8325,24.163,48.325,6.904
WL-sheet_1-1052,wall,2.24,11.2,22.4,3.2
WL-sheet_1-1053,wall,5.845,29.225,58.45,8.35
WL-sheet_1-1054,wall,8.8889,22.222,44.445,6.349
WL-sheet_1-1055,wall,1.666,8.33,16.66,2.38
WL-sheet_1-1056,wall,5.5546,27.913,55.825,7.975
WL-sheet_1-1057,wall,5.39,26.95,53.9,7.7
WL-sheet_1-1058,wall,5.67,28.35,56.7,8.1
WL-sheet_1-1059,wall,4.2467,21.34,42.681,6.097
WL-sheet_1-1060,wall,2.0895,10.5,21.0,3.0
WL-sheet_1-1061,wall,5.46,27.3,54.6,7.8
WL-sheet_1-1062,wall,13.808,34.606,69.213,9.888
WL-sheet_1-1063,wall,36.876,92.19,184.38,26.34
WL-sheet_1-1064,wall,9.2743,23.186,46.372,6.625
WL-sheet_1-1065,wall,14.4134,36.124,72.248,10.321
WL-sheet_1-1066,wall,49.5129,124.092,248.185,35.455
WL-sheet_1-1067,wall,5.88,29.4,58.8,8.4
WL-sheet_1-1068,wall,11.263,56.315,112.63,16.09
WL-sheet_1-1069,wall,5.2934,26.6,53.2,7.6
WL-sheet_1-1070,wall,3.2039,16.1,32.2,4.6
WL-sheet_1-1071,wall,3.43,17.15,34.3,4.9
WL-sheet_1-1072,wall,5.32,26.6,53.2,7.6
WL-sheet_1-1073,wall,2.187,10.99,21.98,3.14
WL-sheet_1-1074,wall,1.003,5.04,10.08,1.44
WL-sheet_1-1075,wall,4.06,20.3,40.6,5.8
WL-sheet_1-1076,wall,3.2039,16.1,32.2,4.6
WL-sheet_1-1077,wall,3.3432,16.8,33.6,4.8
WL-sheet_1-1078,wall,2.786,14.0,28.0,4.0
WL-sheet_1-1079,wall,1.1841,5.95,11.9,1.7
WL-sheet_1-1080,wall,3.0646,15.4,30.8,4.4
WL-sheet_1-1081,wall,3.8308,19.25,38.5,5.5
WL-sheet_1-1082,wall,1.2537,6.3,12.6,1.8
WL-sheet_1-1083,wall,1.2537,6.3,12.6,1.8
WL-sheet_1-1084,wall,1.3234,6.65,13.3,1.9
WL-sheet_1-1085,wall,10.4477,20.895,41.791,5.97
WL-sheet_1-1086,wall,7.0908,14.21,28.42,4.06
WL-sheet_1-1087,wall,5.0819,12.705,25.41,3.63
WL-sheet_1-1088,wall,5.1041,12.792,25.585,3.655
WL-sheet_1-1089,wall,0.8821,0.788,1.575,0.225
WL-sheet_1-1090,wall,0.8925,0.875,1.75,0.25
WL-sheet_1-1091,wall,0.98,0.875,1.75,0.25
WL-sheet_1-1092,wall,0.9791,0.875,1.75,0.25
WL-sheet_1-1093,wall,2.7297,5.459,10.919,1.56
WL-sheet_1-1094,wall,8.5578,17.15,34.3,4.9
WL-sheet_1-1095,wall,5.6325,11.288,22.575,3.225
WL-sheet_1-1096,wall,2.4671,4.934,9.868,1.41
WL-sheet_1-1097,wall,2.3054,4.62,9.24,1.32
WL-sheet_1-1098,wall,1.75,3.5,7.0,1.0
WL-sheet_1-1099,wall,2.73,5.46,10.92,1.56
WL-sheet_1-1100,wall,1.5925,3.185,6.37,0.91
WL-sheet_1-1101,wall,7.1257,14.28,28.56,4.08
WL-sheet_1-1102,wall,2.3752,4.76,9.52,1.36
WL-sheet_1-1103,wall,2.1482,4.305,8.61,1.23
WL-sheet_1-1104,wall,9.835,19.67,39.34,5.62
WL-sheet_1-1105,wall,5.5562,11.112,22.225,3.175
WL-sheet_1-1106,wall,2.3578,4.725,9.45,1.35
WL-sheet_1-1107,wall,1.7465,3.5,7.0,1.0
WL-sheet_1-1108,wall,2.73,5.46,10.92,1.56
WL-sheet_1-1109,wall,1.2749,2.555,5.11,0.73
WL-sheet_1-1110,wall,7.105,14.21,28.42,4.06
WL-sheet_1-1111,wall,2.1525,4.305,8.61,1.23
WL-sheet_1-1112,wall,2.3807,4.761,9.523,1.36
WL-sheet_1-1113,wall,8.5579,17.15,34.3,4.9
WL-sheet_1-1114,wall,5.6437,11.287,22.575,3.225
WL-sheet_1-1115,wall,2.3578,4.725,9.45,1.35
WL-sheet_1-1116,wall,1.75,3.5,7.0,1.0
WL-sheet_1-1117,wall,2.7245,5.46,10.92,1.56
WL-sheet_1-1118,wall,1.2775,2.555,5.11,0.73
WL-sheet_1-1119,wall,7.105,14.21,28.42,4.06
WL-sheet_1-1120,wall,2.1482,4.305,8.61,1.23
WL-sheet_1-1121,wall,9.6142,19.267,38.534,5.505
WL-sheet_1-1122,wall,2.3927,4.795,9.59,1.37
WL-sheet_1-1123,wall,2.9751,5.95,11.901,1.7
WL-sheet_1-1124,wall,10.3742,20.79,41.58,5.94
WL-sheet_1-1125,wall,2.94,5.88,11.76,1.68
WL-sheet_1-1126,wall,8.47,16.94,33.88,4.84
WL-sheet_1-1127,wall,1.4671,2.94,5.88,0.84
WL-sheet_1-1128,wall,12.1939,24.388,48.776,6.968
WL-sheet_1-1129,wall,2.1525,4.305,8.61,1.23
WL-sheet_1-1130,wall,9.835,19.67,39.34,5.62
WL-sheet_1-1131,wall,5.5451,11.112,22.225,3.175
WL-sheet_1-1132,wall,2.3625,4.725,9.45,1.35
WL-sheet_1-1133,wall,1.7465,3.5,7.0,1.0
WL-sheet_1-1134,wall,2.7245,5.46,10.92,1.56
WL-sheet_1-1135,wall,1.2775,2.555,5.11,0.73
WL-sheet_1-1136,wall,2.1482,4.305,8.61,1.23
WL-sheet_1-1137,wall,13.668,27.391,54.782,7.826
WL-sheet_1-1138,wall,14.1167,28.29,56.58,8.083
WL-sheet_1-1139,wall,2.1525,4.305,8.61,1.23
WL-sheet_1-1140,wall,9.8153,19.67,39.34,5.62
WL-sheet_1-1141,wall,5.5563,11.113,22.225,3.175
WL-sheet_1-1142,wall,2.3614,4.723,9.446,1.349
WL-sheet_1-1143,wall,2.31,4.62,9.24,1.32
WL-sheet_1-1144,wall,1.7465,3.5,7.0,1.0
WL-sheet_1-1145,wall,2.7245,5.46,10.92,1.56
WL-sheet_1-1146,wall,1.5925,3.185,6.37,0.91
WL-sheet_1-1147,wall,2.3752,4.76,9.52,1.36
WL-sheet_1-1148,wall,5.5562,11.112,22.225,3.175
WL-sheet_1-1149,wall,9.835,19.67,39.34,5.62
WL-sheet_1-1150,wall,2.1525,4.305,8.61,1.23
WL-sheet_1-1151,wall,7.9012,15.802,31.605,4.515
WL-sheet_1-1152,wall,1.5181,3.795,7.59,1.084
WL-sheet_1-1153,wall,0.35,1.75,3.5,0.5
WL-sheet_1-1154,wall,10.465,26.163,52.325,7.475
WL-sheet_1-1155,wall,3.276,16.38,32.76,4.68
WL-sheet_1-1156,wall,1.68,8.4,16.8,2.4
WL-sheet_1-1157,wall,0.0,0.0,0.0,0.0
WL-sheet_1-1158,wall,10.5052,21.052,42.105,6.015
WL-sheet_1-1159,wall,7.14,14.28,28.56,4.08
WL-sheet_1-1160,wall,1.4131,5.652,11.305,1.615
WL-sheet_1-1161,wall,6.2726,25.191,50.383,7.198
WL-sheet_1-1162,wall,0.3719,1.488,2.975,0.425
WL-sheet_1-1163,wall,6.4747,5.967,11.935,1.705
WL-sheet_1-1164,wall,1.4962,5.985,11.97,1.71
WL-sheet_1-1165,wall,2.7028,1.96,3.92,0.56
WL-sheet_1-1166,wall,1.7735,7.122,14.245,2.035
WL-sheet_1-1167,wall,2.2267,8.943,17.885,2.555
WL-sheet_1-1168,wall,1.7413,6.965,13.93,1.99
WL-sheet_1-1169,wall,0.2135,0.858,1.715,0.245
WL-sheet_1-1170,wall,0.9791,0.875,1.75,0.25
WL-sheet_1-1171,wall,0.4837,1.942,3.885,0.555
WL-sheet_1-1172,wall,13.7736,11.673,23.345,3.335
WL-sheet_1-1173,wall,0.805,0.875,1.75,0.25
WL-sheet_1-1174,wall,0.3938,0.525,1.05,0.15
WL-sheet_1-1175,wall,3.024,5.04,10.08,1.44
WL-sheet_1-1176,wall,6.615,11.025,22.05,3.15
WL-sheet_1-1177,wall,3.1984,12.845,25.69,3.67
WL-sheet_1-1178,wall,14.6965,24.535,49.07,7.01
WL-sheet_1-1179,wall,0.7,0.7,1.4,0.2
WL-sheet_1-1180,wall,0.505,2.537,5.075,0.725
WL-sheet_1-1181,wall,0.595,2.975,5.95,0.85
WL-sheet_1-1182,wall,2.0916,8.4,16.8,2.4
WL-sheet_1-1183,wall,6.6992,13.398,26.797,3.828
WL-sheet_1-1184,wall,28.8693,57.854,115.709,16.53
WL-sheet_1-1185,wall,2.3054,4.62,9.24,1.32
WL-sheet_1-1186,wall,1.7465,3.5,7.0,1.0
WL-sheet_1-1187,wall,1.5925,3.185,6.37,0.91
WL-sheet_1-1188,wall,0.7875,0.525,1.05,0.15
WL-sheet_1-1189,wall,2.3752,4.76,9.52,1.36
WL-sheet_1-1190,wall,0.5005,0.91,1.82,0.26
WL-sheet_1-1191,wall,1.8301,7.35,14.7,2.1
WL-sheet_1-1192,wall,6.3783,12.782,25.564,3.652
WL-sheet_1-1193,wall,5.002,10.024,20.048,2.864
WL-sheet_1-1194,wall,10.9317,21.907,43.814,6.259
WL-sheet_1-1195,wall,12.4093,24.819,49.637,7.091
WL-sheet_1-1196,wall,5.3372,3.815,7.63,1.09
WL-sheet_1-1197,wall,0.292,1.172,2.345,0.335
WL-sheet_1-1198,wall,0.1089,0.437,0.875,0.125
WL-sheet_1-1199,wall,1.0807,4.34,8.68,1.24
WL-sheet_1-1200,wall,2.646,1.89,3.78,0.54
WL-sheet_1-1201,wall,0.1094,0.438,0.875,0.125
WL-sheet_1-1202,wall,0.0218,0.087,0.175,0.025
WL-sheet_1-1203,wall,2.002,1.82,3.64,0.52
WL-sheet_1-1204,wall,0.0697,0.35,0.7,0.1
WL-sheet_1-1205,wall,0.7,0.7,1.4,0.2
WL-sheet_1-1206,wall,1.3125,5.25,10.5,1.5
WL-sheet_1-1207,wall,1.036,5.18,10.36,1.48
WL-sheet_1-1208,wall,3.157,15.785,31.57,4.51
WL-sheet_1-1209,wall,0.292,1.173,2.345,0.335
WL-sheet_1-1210,wall,0.924,0.7,1.4,0.2
WL-sheet_1-1211,wall,2.6476,13.238,26.476,3.782
WL-sheet_1-1212,wall,1.3785,3.29,6.58,0.94
WL-sheet_1-1213,wall,0.595,2.975,5.95,0.85
WL-sheet_1-1214,wall,0.5075,2.537,5.075,0.725
WL-sheet_1-1215,wall,1.8515,9.258,18.515,2.645
WL-sheet_1-1216,wall,2.1,8.4,16.8,2.4
WL-sheet_1-1217,wall,0.133,0.665,1.33,0.19
WL-sheet_1-1218,wall,1.4665,7.333,14.665,2.095
WL-sheet_1-1219,wall,4.4051,4.9,9.8,1.4
WL-sheet_1-1220,wall,0.7,0.7,1.4,0.2
WL-sheet_1-1221,wall,1.036,5.18,10.36,1.48
WL-sheet_1-1222,wall,3.157,15.785,31.57,4.51
WL-sheet_1-1223,wall,2.7212,10.885,21.77,3.11
WL-sheet_1-1224,wall,1.1375,0.875,1.75,0.25
WL-sheet_1-1225,wall,2.7545,13.772,27.545,3.935
WL-sheet_1-1226,wall,0.1467,0.35,0.7,0.1
WL-sheet_1-1227,wall,0.592,2.975,5.95,0.85
WL-sheet_1-1228,wall,1.435,7.175,14.35,2.05
WL-sheet_1-1229,wall,0.1838,0.735,1.47,0.21
WL-sheet_1-1230,wall,2.1,8.4,16.8,2.4
WL-sheet_1-1231,wall,1.0194,4.078,8.155,1.165
WL-sheet_1-1232,wall,1.6327,8.164,16.327,2.332
WL-sheet_1-1233,wall,0.7,0.7,1.4,0.2
WL-sheet_1-1234,wall,1.7675,8.838,17.675,2.525
WL-sheet_1-1235,wall,1.75,8.75,17.5,2.5
WL-sheet_1-1236,wall,0.5775,2.887,5.775,0.825
WL-sheet_1-1237,wall,2.632,13.16,26.32,3.76
WL-sheet_1-1238,wall,5.7266,6.37,12.74,1.82
WL-sheet_1-1239,wall,1.225,0.875,1.75,0.25
WL-sheet_1-1240,wall,0.1307,0.525,1.05,0.15
WL-sheet_1-1241,wall,0.1089,0.437,0.875,0.125
WL-sheet_1-1242,wall,0.7166,0.875,1.75,0.25
WL-sheet_1-1243,wall,3.5569,14.228,28.455,4.065
WL-sheet_1-1244,wall,3.605,18.025,36.05,5.15
WL-sheet_1-1245,wall,0.6993,0.7,1.4,0.2
WL-sheet_1-1246,wall,2.6775,10.71,21.42,3.06
WL-sheet_1-1247,wall,1.5137,6.055,12.11,1.73
WL-sheet_1-1248,wall,0.602,3.01,6.02,0.86
WL-sheet_1-1249,wall,1.4965,6.01,12.02,1.717
WL-sheet_1-1250,wall,3.5058,2.616,5.233,0.748
WL-sheet_1-1251,wall,0.5182,2.591,5.182,0.74
WL-sheet_1-1252,wall,0.1259,0.504,1.007,0.144
WL-sheet_1-1253,wall,1.4293,1.276,2.552,0.365
WL-sheet_1-1254,wall,1.7169,6.895,13.79,1.97
WL-sheet_1-1255,wall,0.4069,1.628,3.255,0.465
WL-sheet_1-1256,wall,0.7,0.7,1.4,0.2
WL-sheet_1-1257,wall,1.7675,8.838,17.675,2.525
WL-sheet_1-1258,wall,4.798,9.713,19.425,2.775
WL-sheet_1-1259,wall,1.9714,7.917,15.835,2.262
WL-sheet_1-1260,wall,1.9086,7.665,15.33,2.19
WL-sheet_1-1261,wall,11.7516,11.533,23.065,3.295
WL-sheet_1-1262,wall,0.5746,2.887,5.775,0.825
WL-sheet_1-1263,wall,0.609,3.045,6.09,0.87
WL-sheet_1-1264,wall,2.9544,11.865,23.73,3.39
WL-sheet_1-1265,wall,2.688,13.44,26.88,3.84
WL-sheet_1-1266,wall,1.897,9.485,18.97,2.71
WL-sheet_1-1267,wall,1.7822,7.158,14.315,2.045
WL-sheet_1-1268,wall,1.5291,6.116,12.232,1.747
WL-sheet_1-1269,wall,1.1541,0.875,1.75,0.25
WL-sheet_1-1270,wall,0.7962,3.185,6.37,0.91
WL-sheet_1-1271,wall,0.4663,1.873,3.745,0.535
WL-sheet_1-1272,wall,1.085,4.358,8.715,1.245
WL-sheet_1-1273,wall,1.1068,4.445,8.89,1.27
WL-sheet_1-1274,wall,1.6123,6.475,12.95,1.85
WL-sheet_1-1275,wall,3.3644,13.457,26.915,3.845
WL-sheet_1-1276,wall,8.9512,35.805,71.61,10.23
WL-sheet_1-1277,wall,4.6331,18.532,37.065,5.295
WL-sheet_1-1278,wall,0.6781,2.713,5.425,0.775
WL-sheet_1-1279,wall,2.0335,8.134,16.268,2.324
WL-sheet_1-1280,wall,2.9881,11.952,23.905,3.415
WL-sheet_1-1281,wall,2.9558,14.779,29.558,4.223
WL-sheet_1-1282,wall,9.2462,10.64,21.28,3.04
WL-sheet_1-1283,wall,1.7561,7.052,14.105,2.015
WL-sheet_1-1284,wall,0.9691,3.876,7.753,1.108
WL-sheet_1-1285,wall,1.225,0.875,1.75,0.25
WL-sheet_1-1286,wall,0.3595,1.444,2.888,0.413
WL-sheet_1-1287,wall,0.7613,3.045,6.09,0.87
WL-sheet_1-1288,wall,1.4772,5.933,11.865,1.695
WL-sheet_1-1289,wall,1.3944,5.6,11.2,1.6
WL-sheet_1-1290,wall,0.805,0.875,1.75,0.25
WL-sheet_1-1291,wall,14.7429,14.525,29.05,4.15
WL-sheet_1-1292,wall,1.9259,1.89,3.78,0.54
WL-sheet_1-1293,wall,1.7631,7.053,14.105,2.015
WL-sheet_1-1294,wall,5.5125,22.05,44.1,6.3
WL-sheet_1-1295,wall,1.225,0.875,1.75,0.25
WL-sheet_1-1296,wall,1.0229,0.875,1.75,0.25
WL-sheet_1-1297,wall,1.0197,4.095,8.19,1.17
WL-sheet_1-1298,wall,0.6641,0.875,1.75,0.25
WL-sheet_1-1299,wall,0.7656,3.075,6.149,0.878
WL-sheet_1-1300,wall,0.665,2.66,5.32,0.76
WL-sheet_1-1301,wall,1.4613,5.845,11.69,1.67
WL-sheet_1-1302,wall,1.008,5.6,11.2,1.6
WL-sheet_1-1303,wall,0.805,0.875,1.75,0.25
WL-sheet_1-1304,wall,14.7429,14.525,29.05,4.15
WL-sheet_1-1305,wall,0.3704,1.488,2.975,0.425
WL-sheet_1-1306,wall,13.5354,27.125,54.25,7.75
WL-sheet_1-1307,wall,9.5503,10.99,21.98,3.14
WL-sheet_1-1308,wall,1.7631,7.053,14.105,2.015
WL-sheet_1-1309,wall,0.98,3.92,7.84,1.12
WL-sheet_1-1310,wall,5.5125,22.05,44.1,6.3
WL-sheet_1-1311,wall,1.225,0.875,1.75,0.25
WL-sheet_1-1312,wall,0.3704,1.488,2.975,0.425
WL-sheet_1-1313,wall,0.4968,1.995,3.99,0.57
WL-sheet_1-1314,wall,1.2157,4.883,9.765,1.395
WL-sheet_1-1315,wall,0.8041,0.875,1.75,0.25
WL-sheet_1-1316,wall,1.8375,7.35,14.7,2.1
WL-sheet_1-1317,wall,0.3704,1.488,2.975,0.425
WL-sheet_1-1318,wall,3.3767,3.115,6.23,0.89
WL-sheet_1-1319,wall,7.1925,28.77,57.54,8.22
WL-sheet_1-1320,wall,4.3221,3.237,6.475,0.925
WL-sheet_1-1321,wall,1.9278,1.89,3.78,0.54
WL-sheet_1-1322,wall,1.7631,7.053,14.105,2.015
WL-sheet_1-1323,wall,1.0237,0.875,1.75,0.25
WL-sheet_1-1324,wall,0.7438,0.875,1.75,0.25
WL-sheet_1-1325,wall,1.0197,4.095,8.19,1.17
WL-sheet_1-1326,wall,0.7438,2.975,5.95,0.85
WL-sheet_1-1327,wall,2.17,8.68,17.36,2.48
WL-sheet_1-1328,wall,0.8041,0.875,1.75,0.25
WL-sheet_1-1329,wall,14.6396,14.438,28.875,4.125
WL-sheet_1-1330,wall,1.8302,7.35,14.7,2.1
WL-sheet_1-1331,wall,0.5686,0.998,1.995,0.285
WL-sheet_1-1332,wall,0.3878,1.558,3.115,0.445
WL-sheet_1-1333,wall,0.6818,2.738,5.476,0.782
WL-sheet_1-1334,wall,1.9259,1.89,3.78,0.54
WL-sheet_1-1335,wall,1.7631,7.053,14.105,2.015
WL-sheet_1-1336,wall,1.0229,0.875,1.75,0.25
WL-sheet_1-1337,wall,1.0197,4.095,8.19,1.17
WL-sheet_1-1338,wall,0.5686,0.997,1.995,0.285
WL-sheet_1-1339,wall,0.3878,1.558,3.115,0.445
WL-sheet_1-1340,wall,0.6993,0.7,1.4,0.2
WL-sheet_1-1341,wall,13.8574,27.77,55.541,7.934
WL-sheet_1-1342,wall,2.3919,2.345,4.69,0.67
WL-sheet_1-1343,wall,3.2004,3.483,6.965,0.995
WL-sheet_1-1344,wall,1.0308,5.18,10.36,1.48
WL-sheet_1-1345,wall,0.595,2.975,5.95,0.85
WL-sheet_1-1346,wall,1.855,7.42,14.84,2.12
WL-sheet_1-1347,wall,5.5737,11.147,22.295,3.185
WL-sheet_1-1348,wall,0.505,2.537,5.075,0.725
WL-sheet_1-1349,wall,3.5127,3.237,6.475,0.925
WL-sheet_1-1350,wall,9.2462,10.64,21.28,3.04
WL-sheet_1-1351,wall,1.7561,7.053,14.105,2.015
WL-sheet_1-1352,wall,0.9543,3.833,7.665,1.095
WL-sheet_1-1353,wall,1.22,4.88,9.76,1.394
WL-sheet_1-1354,wall,0.3486,1.4,2.8,0.4
WL-sheet_1-1355,wall,0.7437,0.875,1.75,0.25
WL-sheet_1-1356,wall,0.5062,2.025,4.049,0.578
WL-sheet_1-1357,wall,0.665,0.875,1.75,0.25
WL-sheet_1-1358,wall,0.7408,2.975,5.95,0.85
WL-sheet_1-1359,wall,0.665,2.66,5.32,0.76
WL-sheet_1-1360,wall,0.805,0.875,1.75,0.25
WL-sheet_1-1361,wall,14.196,14.0,28.0,4.0
WL-sheet_1-1362,wall,0.5686,0.997,1.995,0.285
WL-sheet_1-1363,wall,0.3878,1.558,3.115,0.445
WL-sheet_1-1364,wall,0.7,0.7,1.4,0.2
WL-sheet_1-1365,wall,13.3175,26.635,53.27,7.61
WL-sheet_1-1366,wall,2.3896,2.345,4.69,0.67
WL-sheet_1-1367,wall,3.2004,3.482,6.965,0.995
WL-sheet_1-1368,wall,1.036,5.18,10.36,1.48
WL-sheet_1-1369,wall,0.592,2.975,5.95,0.85
WL-sheet_1-1370,wall,3.9646,7.945,15.89,2.27
WL-sheet_1-1371,wall,5.5626,11.148,22.295,3.185
WL-sheet_1-1372,wall,0.505,2.537,5.075,0.725
WL-sheet_1-1373,wall,6.2269,25.007,50.015,7.145
WL-sheet_1-1374,wall,0.6993,0.7,1.4,0.2
WL-sheet_1-1375,wall,13.2909,26.635,53.27,7.61
WL-sheet_1-1376,wall,2.3896,2.345,4.69,0.67
WL-sheet_1-1377,wall,3.2004,3.482,6.965,0.995
WL-sheet_1-1378,wall,1.036,5.18,10.36,1.48
WL-sheet_1-1379,wall,0.592,2.975,5.95,0.85
WL-sheet_1-1380,wall,3.9725,7.945,15.89,2.27
WL-sheet_1-1381,wall,5.5626,11.147,22.295,3.185
WL-sheet_1-1382,wall,0.505,2.537,5.075,0.725
WL-sheet_1-1383,wall,0.5486,0.998,1.995,0.285
WL-sheet_1-1384,wall,0.5486,0.997,1.995,0.285
WL-sheet_1-1385,wall,0.5486,0.998,1.995,0.285
WL-sheet_1-1386,wall,9.806,19.612,39.224,5.603
WL-sheet_1-1387,wall,12.4875,25.025,50.05,7.15
WL-sheet_1-1388,wall,4.807,9.633,19.267,2.752
WL-sheet_1-1389,wall,8.0116,16.055,32.111,4.587
WL-sheet_1-1390,wall,0.91,3.64,7.28,1.04
WL-sheet_1-1391,wall,1.7019,6.808,13.615,1.945
WL-sheet_1-1392,wall,3.011,12.093,24.185,3.455
WL-sheet_1-1393,wall,0.7,0.7,1.4,0.2
WL-sheet_1-1394,wall,4.1842,8.645,17.29,2.47
WL-sheet_1-1395,wall,2.1635,8.689,17.378,2.483
WL-sheet_1-1396,wall,1.505,6.02,12.04,1.72
WL-sheet_1-1397,wall,0.5215,2.608,5.215,0.745
WL-sheet_1-1398,wall,0.595,2.975,5.95,0.85
WL-sheet_1-1399,wall,2.3122,9.249,18.498,2.643
WL-sheet_1-1400,wall,0.7582,3.045,6.09,0.87
WL-sheet_1-1401,wall,0.1575,0.787,1.575,0.225
WL-sheet_1-1402,wall,3.3487,13.449,26.898,3.843
WL-sheet_1-1403,wall,2.4925,10.01,20.02,2.86
WL-sheet_1-1404,wall,6.0178,24.071,48.143,6.878
WL-sheet_1-1405,wall,1.2114,4.865,9.73,1.39
WL-sheet_1-1406,wall,0.882,0.787,1.575,0.225
WL-sheet_1-1407,wall,1.0675,0.875,1.75,0.25
WL-sheet_1-1408,wall,7.5731,15.146,30.293,4.328
WL-sheet_1-1409,wall,1.9928,7.971,15.943,2.278
WL-sheet_1-1410,wall,2.2138,8.855,17.71,2.53
WL-sheet_1-1411,wall,1.0395,0.788,1.575,0.225
WL-sheet_1-1412,wall,3.2028,12.862,25.725,3.675
WL-sheet_1-1413,wall,1.6733,6.72,13.44,1.92
WL-sheet_1-1414,wall,1.4963,5.985,11.97,1.71
WL-sheet_1-1415,wall,0.7,0.7,1.4,0.2
WL-sheet_1-1416,wall,5.7736,23.094,46.189,6.598
WL-sheet_1-1417,wall,2.4271,9.747,19.495,2.785
WL-sheet_1-1418,wall,1.2767,5.127,10.255,1.465
WL-sheet_1-1419,wall,1.827,9.135,18.27,2.61
WL-sheet_1-1420,wall,1.8875,9.485,18.97,2.71
WL-sheet_1-1421,wall,2.548,12.74,25.48,3.64
WL-sheet_1-1422,wall,0.6125,3.062,6.125,0.875
WL-sheet_1-1423,wall,0.5885,2.958,5.915,0.845
WL-sheet_1-1424,wall,0.7833,0.7,1.4,0.2
WL-sheet_1-1425,wall,2.73,10.92,21.84,3.12
WL-sheet_1-1426,wall,1.2593,5.057,10.115,1.445
WL-sheet_1-1427,wall,0.9098,3.654,7.307,1.044
WL-sheet_1-1428,wall,2.9055,11.622,23.244,3.321
WL-sheet_1-1429,wall,2.5644,10.299,20.597,2.942
WL-sheet_1-1430,wall,0.5975,0.997,1.995,0.285
WL-sheet_1-1431,wall,0.414,1.662,3.325,0.475
WL-sheet_1-1432,wall,0.4725,1.688,3.375,0.482
WL-sheet_1-1433,wall,3.1154,12.461,24.923,3.56
WL-sheet_1-1434,wall,1.9086,7.665,15.33,2.19
WL-sheet_1-1435,wall,2.4009,9.642,19.284,2.755
WL-sheet_1-1436,wall,2.2312,8.925,17.85,2.55
WL-sheet_1-1437,wall,0.1837,0.367,0.735,0.105
WL-sheet_1-1438,wall,0.6746,1.313,2.625,0.375
WL-sheet_1-1439,wall,0.3965,1.593,3.185,0.455
WL-sheet_1-1440,wall,7.1094,28.437,56.875,8.125
WL-sheet_1-1441,wall,0.3268,1.313,2.625,0.375
WL-sheet_1-1442,wall,0.3412,1.365,2.73,0.39
WL-sheet_1-1443,wall,1.0675,0.875,1.75,0.25
WL-sheet_1-1444,wall,1.2688,5.075,10.15,1.45
WL-sheet_1-1445,wall,0.3675,0.875,1.75,0.25
WL-sheet_1-1446,wall,0.7,2.8,5.6,0.8
WL-sheet_1-1447,wall,9.5503,10.99,21.98,3.14
WL-sheet_1-1448,wall,2.0125,8.05,16.1,2.3
WL-sheet_1-1449,wall,2.2509,9.004,18.008,2.572
WL-sheet_1-1450,wall,1.225,0.875,1.75,0.25
WL-sheet_1-1451,wall,1.0237,0.875,1.75,0.25
WL-sheet_1-1452,wall,0.8606,3.456,6.913,0.988
WL-sheet_1-1453,wall,0.7438,0.875,1.75,0.25
WL-sheet_1-1454,wall,1.0237,4.095,8.19,1.17
WL-sheet_1-1455,wall,0.665,0.875,1.75,0.25
WL-sheet_1-1456,wall,0.7438,2.975,5.95,0.85
WL-sheet_1-1457,wall,0.665,2.66,5.32,0.76
WL-sheet_1-1458,wall,0.2908,1.163,2.327,0.332
WL-sheet_1-1459,wall,0.7111,2.844,5.688,0.813
WL-sheet_1-1460,wall,1.4,5.6,11.2,1.6
WL-sheet_1-1461,wall,0.805,0.875,1.75,0.25
WL-sheet_1-1462,wall,2.5906,2.432,4.865,0.695
WL-sheet_1-1463,wall,0.3719,1.488,2.975,0.425
WL-sheet_1-1464,wall,0.8925,0.875,1.75,0.25
WL-sheet_1-1465,wall,0.4594,1.838,3.675,0.525
WL-sheet_1-1466,wall,0.8925,0.875,1.75,0.25
WL-sheet_1-1467,wall,1.3033,2.896,5.793,0.828
WL-sheet_1-1468,wall,1.0675,0.875,1.75,0.25
WL-sheet_1-1469,wall,1.2688,5.075,10.15,1.45
WL-sheet_1-1470,wall,0.3675,0.875,1.75,0.25
WL-sheet_1-1471,wall,0.7,2.8,5.6,0.8
WL-sheet_1-1472,wall,1.7226,2.24,4.48,0.64
WL-sheet_1-1473,wall,1.7631,7.052,14.105,2.015
WL-sheet_1-1474,wall,0.1969,0.787,1.575,0.225
WL-sheet_1-1475,wall,1.0237,0.875,1.75,0.25
WL-sheet_1-1476,wall,0.7438,0.875,1.75,0.25
WL-sheet_1-1477,wall,1.0237,4.095,8.19,1.17
WL-sheet_1-1478,wall,0.665,0.875,1.75,0.25
WL-sheet_1-1479,wall,0.7438,2.975,5.95,0.85
WL-sheet_1-1480,wall,0.665,2.66,5.32,0.76
WL-sheet_1-1481,wall,1.4774,5.91,11.819,1.688
WL-sheet_1-1482,wall,0.805,0.875,1.75,0.25
WL-sheet_1-1483,wall,0.98,0.875,1.75,0.25
WL-sheet_1-1484,wall,0.4594,1.838,3.675,0.525
WL-sheet_1-1485,wall,3.5127,3.238,6.475,0.925
WL-sheet_1-1486,wall,0.8925,0.875,1.75,0.25
WL-sheet_1-1487,wall,0.4594,1.838,3.675,0.525
WL-sheet_1-1488,wall,0.8925,0.875,1.75,0.25
WL-sheet_1-1489,wall,0.4375,1.75,3.5,0.5
WL-sheet_1-1490,wall,0.1094,0.437,0.875,0.125
WL-sheet_1-1491,wall,0.2309,0.928,1.855,0.265
WL-sheet_1-1492,wall,0.8041,0.875,1.75,0.25
WL-sheet_1-1493,wall,0.0,0.0,0.0,0.0
WL-sheet_1-1494,wall,0.1094,0.437,0.875,0.125
WL-sheet_1-1495,wall,2.1376,3.054,6.108,0.873
WL-sheet_1-1496,wall,0.0741,0.297,0.595,0.085
WL-sheet_1-1497,wall,1.0675,0.875,1.75,0.25
WL-sheet_1-1498,wall,0.0,0.0,0.0,0.0
WL-sheet_1-1499,wall,0.4793,1.925,3.85,0.55
WL-sheet_1-1500,wall,4.5136,7.28,14.56,2.08
WL-sheet_1-1501,wall,3.1509,2.205,4.41,0.63
WL-sheet_1-1502,wall,0.0,0.0,0.0,0.0
WL-sheet_1-1503,wall,0.0,0.0,0.0,0.0
WL-sheet_1-1504,wall,0.0,0.0,0.0,0.0
WL-sheet_1-1505,wall,0.8918,3.581,7.163,1.023
WL-sheet_1-1506,wall,1.6471,6.615,13.23,1.89
WL-sheet_1-1507,wall,1.0522,4.209,8.417,1.202
WL-sheet_1-1508,wall,0.1787,0.718,1.435,0.205
WL-sheet_1-1509,wall,0.3595,1.444,2.887,0.412
WL-sheet_1-1510,wall,1.155,4.62,9.24,1.32
WL-sheet_1-1511,wall,0.9844,3.937,7.875,1.125
WL-sheet_1-1512,wall,1.5925,6.37,12.74,1.82
WL-sheet_1-1513,wall,2.4347,2.319,4.637,0.662
WL-sheet_1-1514,wall,0.2092,0.84,1.68,0.24
WL-sheet_1-1515,wall,0.0,0.0,0.0,0.0
WL-sheet_1-1516,wall,0.0,0.0,0.0,0.0
WL-sheet_1-1517,wall,10.5814,7.298,14.595,2.085
WL-sheet_1-1518,wall,0.1089,0.437,0.875,0.125
WL-sheet_1-1519,wall,1.0666,0.875,1.75,0.25
WL-sheet_1-1520,wall,0.0,0.0,0.0,0.0
WL-sheet_1-1521,wall,0.9791,0.875,1.75,0.25
WL-sheet_1-1522,wall,0.4812,1.925,3.85,0.55
WL-sheet_1-1523,wall,4.5815,5.95,11.9,1.7
WL-sheet_1-1524,wall,0.1154,0.087,0.175,0.025
WL-sheet_1-1525,wall,0.0,0.0,0.0,0.0
WL-sheet_1-1526,wall,1.0719,4.305,8.61,1.23
WL-sheet_1-1527,wall,1.6471,6.615,13.23,1.89
WL-sheet_1-1528,wall,0.2658,1.068,2.135,0.305
WL-sheet_1-1529,wall,0.63,2.52,5.04,0.72
WL-sheet_1-1530,wall,0.1094,0.437,0.875,0.125
WL-sheet_1-1531,wall,0.2309,0.927,1.855,0.265
WL-sheet_1-1532,wall,0.0,0.0,0.0,0.0
WL-sheet_1-1533,wall,0.032,0.026,0.052,0.007
WL-sheet_1-1534,wall,0.0966,0.411,0.822,0.117
WL-sheet_1-1535,wall,2.156,3.08,6.16,0.88
WL-sheet_1-1536,wall,0.0741,0.297,0.595,0.085
WL-sheet_1-1537,wall,1.0675,0.875,1.75,0.25
WL-sheet_1-1538,wall,0.0,0.0,0.0,0.0
WL-sheet_1-1539,wall,0.4793,1.925,3.85,0.55
WL-sheet_1-1540,wall,4.5063,7.28,14.56,2.08
WL-sheet_1-1541,wall,0.0,0.0,0.0,0.0
WL-sheet_1-1542,wall,1.0719,4.305,8.61,1.23
WL-sheet_1-1543,wall,1.6471,6.615,13.23,1.89
WL-sheet_1-1544,wall,1.1541,0.875,1.75,0.25
WL-sheet_1-1545,wall,0.0438,0.175,0.35,0.05
WL-sheet_1-1546,wall,0.1874,0.753,1.505,0.215
WL-sheet_1-1547,wall,1.8944,7.578,15.155,2.165
WL-sheet_1-1548,wall,0.5469,2.188,4.375,0.625
WL-sheet_1-1549,wall,6.5776,26.31,52.621,7.517
WL-sheet_1-1550,wall,7.3709,29.602,59.204,8.458
WL-sheet_1-1551,wall,1.4077,5.631,11.261,1.609
WL-sheet_1-1552,wall,6.8746,27.498,54.997,7.857
WL-sheet_1-1553,wall,0.2319,0.927,1.855,0.265
WL-sheet_1-1554,wall,0.0,0.0,0.0,0.0
WL-sheet_1-1555,wall,0.0,0.0,0.0,0.0
WL-sheet_1-1556,wall,10.5814,7.298,14.595,2.085
WL-sheet_1-1557,wall,1.9233,2.748,5.495,0.785
WL-sheet_1-1558,wall,0.0588,0.236,0.473,0.068
WL-sheet_1-1559,wall,0.1089,0.437,0.875,0.125
WL-sheet_1-1560,wall,0.4793,1.925,3.85,0.55
WL-sheet_1-1561,wall,4.5755,5.95,11.9,1.7
WL-sheet_1-1562,wall,0.0,0.0,0.0,0.0
WL-sheet_1-1563,wall,1.0763,4.305,8.61,1.23
WL-sheet_1-1564,wall,7.241,14.087,28.175,4.025
WL-sheet_1-1565,wall,1.5313,6.125,12.25,1.75
WL-sheet_1-1566,wall,0.0656,0.262,0.525,0.075
WL-sheet_1-1567,wall,1.0675,0.875,1.75,0.25
WL-sheet_1-1568,wall,0.6993,0.7,1.4,0.2
WL-sheet_1-1569,wall,1.617,1.47,2.94,0.42
WL-sheet_1-1570,wall,1.0308,5.18,10.36,1.48
WL-sheet_1-1571,wall,2.6556,10.622,21.245,3.035
WL-sheet_1-1572,wall,6.44,25.76,51.52,7.36
WL-sheet_1-1573,wall,0.592,2.975,5.95,0.85
WL-sheet_1-1574,wall,0.505,2.537,5.075,0.725
WL-sheet_1-1575,wall,0.2734,1.094,2.187,0.312
WL-sheet_1-1576,wall,0.7,0.7,1.4,0.2
WL-sheet_1-1577,wall,6.44,25.76,51.52,7.36
WL-sheet_1-1578,wall,2.3919,2.345,4.69,0.67
WL-sheet_1-1579,wall,1.036,5.18,10.36,1.48
WL-sheet_1-1580,wall,0.595,2.975,5.95,0.85
WL-sheet_1-1581,wall,1.9644,7.857,15.715,2.245
WL-sheet_1-1582,wall,2.9984,11.994,23.988,3.427
WL-sheet_1-1583,wall,2.765,11.06,22.12,3.16
WL-sheet_1-1584,wall,0.5075,2.537,5.075,0.725
WL-sheet_1-1585,wall,0.7,0.7,1.4,0.2
WL-sheet_1-1586,wall,1.6155,1.47,2.94,0.42
WL-sheet_1-1587,wall,1.0308,5.18,10.36,1.48
WL-sheet_1-1588,wall,2.7541,11.061,22.121,3.16
WL-sheet_1-1589,wall,1.0583,4.233,8.466,1.209
WL-sheet_1-1590,wall,0.592,2.975,5.95,0.85
WL-sheet_1-1591,wall,0.505,2.537,5.075,0.725
WL-sheet_1-1592,wall,1.5011,6.004,12.009,1.716
WL-sheet_1-1593,wall,0.5005,0.91,1.82,0.26
WL-sheet_1-1594,wall,1.1541,0.875,1.75,0.25
WL-sheet_1-1595,wall,0.805,0.875,1.75,0.25
WL-sheet_1-1596,wall,0.0,0.0,0.0,0.0
WL-sheet_1-1597,wall,7.0289,4.847,9.695,1.385
WL-sheet_1-1598,wall,2.156,3.08,6.16,0.88
WL-sheet_1-1599,wall,0.0588,0.236,0.473,0.068
WL-sheet_1-1600,wall,1.0675,0.875,1.75,0.25
WL-sheet_1-1601,wall,0.183,0.735,1.47,0.21
WL-sheet_1-1602,wall,0.4594,1.838,3.675,0.525
WL-sheet_1-1603,wall,4.5136,7.28,14.56,2.08
WL-sheet_1-1604,wall,32.1748,25.156,50.312,7.187
WL-sheet_1-1605,wall,0.0,0.0,0.0,0.0
WL-sheet_1-1606,wall,0.4059,1.623,3.247,0.464
WL-sheet_1-1607,wall,1.6538,6.615,13.23,1.89
WL-sheet_1-1608,wall,2.8941,11.576,23.152,3.308
WL-sheet_1-1609,wall,0.1794,0.717,1.435,0.205
WL-sheet_1-1610,wall,0.0,0.0,0.0,0.0
WL-sheet_1-1611,wall,1.0675,0.875,1.75,0.25
WL-sheet_1-1612,wall,0.0,0.0,0.0,0.0
WL-sheet_1-1613,wall,0.98,0.875,1.75,0.25
WL-sheet_1-1614,wall,0.5031,2.013,4.025,0.575
WL-sheet_1-1615,wall,3.276,6.3,12.6,1.8
WL-sheet_1-1616,wall,31.6153,24.719,49.437,7.062
WL-sheet_1-1617,wall,0.0,0.0,0.0,0.0
WL-sheet_1-1618,wall,0.2669,1.067,2.135,0.305
WL-sheet_1-1619,wall,0.7,0.7,1.4,0.2
WL-sheet_1-1620,wall,0.0,0.0,0.0,0.0
WL-sheet_1-1621,wall,1.036,5.18,10.36,1.48
WL-sheet_1-1622,wall,0.0126,0.05,0.101,0.014
WL-sheet_1-1623,wall,0.595,2.975,5.95,0.85
WL-sheet_1-1624,wall,0.5075,2.537,5.075,0.725
WL-sheet_1-1625,wall,2.9001,11.6,23.201,3.314
WL-sheet_1-1626,wall,1.7456,6.983,13.965,1.995
WL-sheet_1-1627,wall,5.2938,21.175,42.35,6.05
WL-sheet_1-1628,wall,0.0,0.0,0.0,0.0
WL-sheet_1-1629,wall,2.4347,2.319,4.638,0.662
WL-sheet_1-1630,wall,76.9336,64.488,128.975,18.425
WL-sheet_1-1631,wall,0.0,0.0,0.0,0.0
WL-sheet_1-1632,wall,0.1094,0.438,0.875,0.125
WL-sheet_1-1633,wall,1.0675,0.875,1.75,0.25
WL-sheet_1-1634,wall,0.183,0.735,1.47,0.21
WL-sheet_1-1635,wall,0.98,0.875,1.75,0.25
WL-sheet_1-1636,wall,0.4813,1.925,3.85,0.55
WL-sheet_1-1637,wall,4.5136,7.28,14.56,2.08
WL-sheet_1-1638,wall,0.0,0.0,0.0,0.0
WL-sheet_1-1639,wall,11.4534,9.715,19.429,2.776
WL-sheet_1-1640,wall,0.0,0.0,0.0,0.0
WL-sheet_1-1641,wall,0.0,0.0,0.0,0.0
WL-sheet_1-1642,wall,9.102,18.204,36.408,5.201
WL-sheet_1-1643,wall,0.9975,3.99,7.98,1.14
WL-sheet_1-1644,wall,0.2669,1.067,2.135,0.305
WL-sheet_1-1645,wall,2.6363,10.588,21.175,3.025
WL-sheet_1-1646,wall,2.2354,8.977,17.955,2.565
WL-sheet_1-1647,wall,0.5687,2.275,4.55,0.65
WL-sheet_1-1648,wall,1.155,4.62,9.24,1.32
WL-sheet_1-1649,wall,1.155,4.62,9.24,1.32
WL-sheet_1-1650,wall,0.0787,0.315,0.63,0.09
WL-sheet_1-1651,wall,0.0,0.0,0.0,0.0
WL-sheet_1-1652,wall,0.0,0.0,0.0,0.0
WL-sheet_1-1653,wall,10.4473,7.21,14.42,2.06
WL-sheet_1-1654,wall,2.0947,2.992,5.985,0.855
WL-sheet_1-1655,wall,0.0588,0.236,0.473,0.068
WL-sheet_1-1656,wall,1.0675,0.875,1.75,0.25
WL-sheet_1-1657,wall,0.0,0.0,0.0,0.0
WL-sheet_1-1658,wall,0.4813,1.925,3.85,0.55
WL-sheet_1-1659,wall,3.276,6.3,12.6,1.8
WL-sheet_1-1660,wall,0.0,0.0,0.0,0.0
WL-sheet_1-1661,wall,0.0,0.0,0.0,0.0
WL-sheet_1-1662,wall,0.0,0.0,0.0,0.0
WL-sheet_1-1663,wall,1.0762,4.305,8.61,1.23
WL-sheet_1-1664,wall,1.6538,6.615,13.23,1.89
WL-sheet_1-1665,wall,0.1794,0.717,1.435,0.205
WL-sheet_1-1666,wall,13.3,33.25,66.5,9.5
WL-sheet_1-1667,wall,3.6821,14.787,29.575,4.225
WL-sheet_1-1668,wall,0.5355,2.678,5.355,0.765
WL-sheet_1-1669,wall,0.7,0.7,1.4,0.2
WL-sheet_1-1670,wall,0.0,0.0,0.0,0.0
WL-sheet_1-1671,wall,1.036,5.18,10.36,1.48
WL-sheet_1-1672,wall,2.6337,10.535,21.07,3.01
WL-sheet_1-1673,wall,0.924,4.62,9.24,1.32
WL-sheet_1-1674,wall,0.592,2.975,5.95,0.85
WL-sheet_1-1675,wall,0.505,2.538,5.075,0.725
WL-sheet_1-1676,wall,1.0776,5.388,10.776,1.539
WL-sheet_1-1677,wall,0.7,0.7,1.4,0.2
WL-sheet_1-1678,wall,0.56,2.8,5.6,0.8
WL-sheet_1-1679,wall,2.3625,9.45,18.9,2.7
WL-sheet_1-1680,wall,1.6931,6.772,13.545,1.935
WL-sheet_1-1681,wall,0.5775,2.888,5.775,0.825
WL-sheet_1-1682,wall,1.295,5.18,10.36,1.48
WL-sheet_1-1683,wall,1.82,9.1,18.2,2.6
WL-sheet_1-1684,wall,8.47,21.175,42.35,6.05
WL-sheet_1-1685,wall,0.0,0.0,0.0,0.0
WL-sheet_1-1686,wall,0.8663,5.775,11.55,1.65
WL-sheet_1-1687,wall,4.466,4.06,8.12,1.16
WL-sheet_1-1688,wall,0.1612,0.647,1.295,0.185
WL-sheet_1-1689,wall,0.98,0.875,1.75,0.25
WL-sheet_1-1690,wall,29.8909,25.331,50.662,7.237
WL-sheet_1-1691,wall,0.0,0.0,0.0,0.0
WL-sheet_1-1692,wall,1.0084,4.034,8.067,1.152
WL-sheet_1-1693,wall,0.2669,1.067,2.135,0.305
WL-sheet_1-1694,wall,38.1719,76.344,152.688,21.813
WL-sheet_1-1695,wall,0.1991,0.796,1.593,0.228
WL-sheet_1-1696,wall,0.0,0.0,0.0,0.0
WL-sheet_1-1697,wall,0.0,0.0,0.0,0.0
WL-sheet_1-1698,wall,10.5741,7.297,14.595,2.085
WL-sheet_1-1699,wall,2.0947,2.992,5.985,0.855
WL-sheet_1-1700,wall,0.0591,0.236,0.472,0.067
WL-sheet_1-1701,wall,1.0675,0.875,1.75,0.25
WL-sheet_1-1702,wall,0.0,0.0,0.0,0.0
WL-sheet_1-1703,wall,0.0218,0.088,0.175,0.025
WL-sheet_1-1704,wall,0.1127,0.123,0.245,0.035
WL-sheet_1-1705,wall,1.0762,4.305,8.61,1.23
WL-sheet_1-1706,wall,8.0325,14.875,29.75,4.25
WL-sheet_1-1707,wall,1.6537,6.615,13.23,1.89
WL-sheet_1-1708,wall,0.1794,0.717,1.435,0.205
WL-sheet_1-1709,wall,2.4347,2.319,4.638,0.662
WL-sheet_1-1710,wall,0.3063,0.245,0.49,0.07
WL-sheet_1-1711,wall,0.0,0.0,0.0,0.0
WL-sheet_1-1712,wall,0.032,0.026,0.052,0.007
WL-sheet_1-1713,wall,0.0,0.0,0.0,0.0
WL-sheet_1-1714,wall,0.0966,0.411,0.823,0.117
WL-sheet_1-1715,wall,1.0355,0.849,1.697,0.242
WL-sheet_1-1716,wall,0.1837,0.735,1.47,0.21
WL-sheet_1-1717,wall,0.98,0.875,1.75,0.25
WL-sheet_1-1718,wall,0.4812,1.925,3.85,0.55
WL-sheet_1-1719,wall,4.5063,7.28,14.56,2.08
WL-sheet_1-1720,wall,29.9171,25.375,50.75,7.25
WL-sheet_1-1721,wall,0.0,0.0,0.0,0.0
WL-sheet_1-1722,wall,1.0762,4.305,8.61,1.23
WL-sheet_1-1723,wall,1.3493,2.625,5.25,0.75
WL-sheet_1-1724,wall,1.6537,6.615,13.23,1.89
WL-sheet_1-1725,wall,1.0084,4.034,8.067,1.152
WL-sheet_1-1726,wall,0.2669,1.067,2.135,0.305
WL-sheet_1-1727,wall,40.7541,81.508,163.017,23.288
WL-sheet_1-1728,wall,0.1881,0.753,1.505,0.215
WL-sheet_1-1729,wall,0.0,0.0,0.0,0.0
WL-sheet_1-1730,wall,0.0,0.0,0.0,0.0
WL-sheet_1-1731,wall,10.4473,7.21,14.42,2.06
WL-sheet_1-1732,wall,2.0947,2.992,5.985,0.855
WL-sheet_1-1733,wall,0.0588,0.236,0.472,0.067
WL-sheet_1-1734,wall,0.9607,0.787,1.575,0.225
WL-sheet_1-1735,wall,0.0,0.0,0.0,0.0
WL-sheet_1-1736,wall,0.4813,1.925,3.85,0.55
WL-sheet_1-1737,wall,3.2697,6.3,12.6,1.8
WL-sheet_1-1738,wall,0.0,0.0,0.0,0.0
WL-sheet_1-1739,wall,1.0762,4.305,8.61,1.23
WL-sheet_1-1740,wall,5.7139,11.095,22.19,3.17
WL-sheet_1-1741,wall,1.6537,6.615,13.23,1.89
WL-sheet_1-1742,wall,0.1794,0.717,1.435,0.205
WL-sheet_1-1743,wall,0.3412,1.365,2.73,0.39
WL-sheet_1-1744,wall,8.8554,6.353,12.705,1.815
WL-sheet_1-1745,wall,1.7194,6.877,13.755,1.965
WL-sheet_1-1746,wall,1.4131,5.652,11.305,1.615
WL-sheet_1-1747,wall,6.5166,26.066,52.133,7.447
WL-sheet_1-1748,wall,1.0237,0.875,1.75,0.25
WL-sheet_1-1749,wall,1.6056,6.423,12.845,1.835
WL-sheet_1-1750,wall,0.7438,0.875,1.75,0.25
WL-sheet_1-1751,wall,1.0237,4.095,8.19,1.17
WL-sheet_1-1752,wall,0.665,0.875,1.75,0.25
WL-sheet_1-1753,wall,0.7438,2.975,5.95,0.85
WL-sheet_1-1754,wall,0.665,2.66,5.32,0.76
WL-sheet_1-1755,wall,1.2425,4.97,9.94,1.42
WL-sheet_1-1756,wall,1.4,5.6,11.2,1.6
WL-sheet_1-1757,wall,0.805,0.875,1.75,0.25
WL-sheet_1-1758,wall,2.5906,2.432,4.865,0.695
WL-sheet_1-1759,wall,0.3719,1.488,2.975,0.425
WL-sheet_1-1760,wall,0.8925,0.875,1.75,0.25
WL-sheet_1-1761,wall,0.2411,0.965,1.929,0.276
WL-sheet_1-1762,wall,0.4056,0.788,1.575,0.225
WL-sheet_1-1763,wall,13.8323,27.72,55.44,7.92
WL-sheet_1-1764,wall,13.3,33.25,66.5,9.5
WL-sheet_1-1765,wall,0.2723,1.094,2.187,0.312
WL-sheet_1-1766,wall,0.7,0.7,1.4,0.2
WL-sheet_1-1767,wall,0.0,0.0,0.0,0.0
WL-sheet_1-1768,wall,1.036,5.18,10.36,1.48
WL-sheet_1-1769,wall,3.157,15.785,31.57,4.51
WL-sheet_1-1770,wall,0.592,2.975,5.95,0.85
WL-sheet_1-1771,wall,0.5075,2.537,5.075,0.725
WL-sheet_1-1772,wall,3.3595,13.438,26.876,3.839
WL-sheet_1-1773,wall,2.1,8.4,16.8,2.4
WL-sheet_1-1774,wall,0.7,0.7,1.4,0.2
WL-sheet_1-1775,wall,0.0,0.0,0.0,0.0
WL-sheet_1-1776,wall,1.036,5.18,10.36,1.48
WL-sheet_1-1777,wall,2.6337,10.535,21.07,3.01
WL-sheet_1-1778,wall,5.152,25.76,51.52,7.36
WL-sheet_1-1779,wall,0.592,2.975,5.95,0.85
WL-sheet_1-1780,wall,0.505,2.537,5.075,0.725
WL-sheet_1-1781,wall,2.926,14.63,29.26,4.18
WL-sheet_1-1782,wall,1.848,9.24,18.48,2.64
WL-sheet_1-1783,wall,0.9625,3.85,7.7,1.1
WL-sheet_1-1784,wall,0.8925,0.875,1.75,0.25
WL-sheet_1-1785,wall,1.0633,1.715,3.43,0.49
WL-sheet_1-1786,wall,1.8779,1.916,3.833,0.547
WL-sheet_1-1787,wall,1.0762,4.305,8.61,1.23
WL-sheet_1-1788,wall,0.35,1.4,2.8,0.4
WL-sheet_1-1789,wall,0.56,2.24,4.48,0.64
WL-sheet_1-1790,wall,11.3925,9.494,18.988,2.712
WL-sheet_1-1791,wall,1.8944,7.578,15.155,2.165
WL-sheet_1-1792,wall,3.1355,13.633,27.265,3.895
WL-sheet_1-1793,wall,6.7834,9.117,18.235,2.605
WL-sheet_1-1794,wall,0.4331,1.732,3.465,0.495
WL-sheet_1-1795,wall,0.315,0.875,1.75,0.25
WL-sheet_1-1796,wall,0.315,1.26,2.52,0.36
WL-sheet_1-1797,wall,1.1506,4.603,9.205,1.315
WL-sheet_1-1798,wall,1.0019,0.875,1.75,0.25
WL-sheet_1-1799,wall,3.4713,2.992,5.985,0.855
WL-sheet_1-1800,wall,1.0019,4.008,8.015,1.145
WL-sheet_1-1801,wall,0.9056,3.622,7.245,1.035
WL-sheet_1-1802,wall,5.627,24.465,48.93,6.99
WL-sheet_1-1803,wall,1.3125,0.875,1.75,0.25
WL-sheet_1-1804,wall,1.26,5.04,10.08,1.44
WL-sheet_1-1805,wall,2.7563,11.025,22.05,3.15
WL-sheet_1-1806,wall,1.9906,7.963,15.925,2.275
WL-sheet_1-1807,wall,4.3838,17.535,35.07,5.01
WL-sheet_1-1808,wall,2.0081,8.032,16.065,2.295
WL-sheet_1-1809,wall,6.3008,4.603,9.205,1.315
WL-sheet_1-1810,wall,0.7,0.7,1.4,0.2
WL-sheet_1-1811,wall,0.5075,2.538,5.075,0.725
WL-sheet_1-1812,wall,0.595,2.975,5.95,0.85
WL-sheet_1-1813,wall,0.5469,2.188,4.375,0.625
WL-sheet_1-1814,wall,1.9512,7.805,15.61,2.23
WL-sheet_1-1815,wall,5.4731,21.893,43.785,6.255
WL-sheet_1-1816,wall,1.155,0.875,1.75,0.25
WL-sheet_1-1817,wall,1.155,0.875,1.75,0.25
WL-sheet_1-1818,wall,0.5005,0.91,1.82,0.26
WL-sheet_1-1819,wall,7.3894,29.558,59.115,8.445
WL-sheet_1-1820,wall,0.7,0.7,1.4,0.2
WL-sheet_1-1821,wall,3.115,15.575,31.15,4.45
WL-sheet_1-1822,wall,1.036,5.18,10.36,1.48
WL-sheet_1-1823,wall,0.595,2.975,5.95,0.85
WL-sheet_1-1824,wall,2.1,8.4,16.8,2.4
WL-sheet_1-1825,wall,0.5075,2.537,5.075,0.725
WL-sheet_1-1826,wall,24.7604,16.73,33.46,4.78
WL-sheet_1-1827,wall,9.2462,10.64,21.28,3.04
WL-sheet_1-1828,wall,1.8955,7.612,15.225,2.175
WL-sheet_1-1829,wall,2.2509,9.004,18.007,2.572
WL-sheet_1-1830,wall,1.2241,0.875,1.75,0.25
WL-sheet_1-1831,wall,0.8641,3.456,6.912,0.987
WL-sheet_1-1832,wall,0.9002,3.601,7.202,1.029
WL-sheet_1-1833,wall,19.0623,16.155,32.309,4.616
WL-sheet_1-1834,wall,0.805,0.875,1.75,0.25
WL-sheet_1-1835,wall,2.777,2.607,5.215,0.745
WL-sheet_1-1836,wall,1.4044,5.617,11.235,1.605
WL-sheet_1-1837,wall,0.98,0.875,1.75,0.25
WL-sheet_1-1838,wall,0.4594,1.838,3.675,0.525
WL-sheet_1-1839,wall,3.5127,3.238,6.475,0.925
WL-sheet_1-1840,wall,2.2609,2.94,5.88,0.84
WL-sheet_1-1841,wall,1.7194,6.877,13.755,1.965
WL-sheet_1-1842,wall,1.0237,0.875,1.75,0.25
WL-sheet_1-1843,wall,0.7438,0.875,1.75,0.25
WL-sheet_1-1844,wall,1.0237,4.095,8.19,1.17
WL-sheet_1-1845,wall,0.7438,2.975,5.95,0.85
WL-sheet_1-1846,wall,0.5005,0.91,1.82,0.26
WL-sheet_1-1847,wall,0.3719,1.488,2.975,0.425
WL-sheet_1-1848,wall,2.0044,8.05,16.1,2.3
WL-sheet_1-1849,wall,2.2509,9.004,18.007,2.572
WL-sheet_1-1850,wall,1.2241,0.875,1.75,0.25
WL-sheet_1-1851,wall,0.5119,0.438,0.875,0.125
WL-sheet_1-1852,wall,0.8641,3.456,6.912,0.987
WL-sheet_1-1853,wall,0.7438,0.875,1.75,0.25
WL-sheet_1-1854,wall,0.8536,3.415,6.829,0.976
WL-sheet_1-1855,wall,0.7438,2.975,5.95,0.85
WL-sheet_1-1856,wall,0.665,0.875,1.75,0.25
WL-sheet_1-1857,wall,0.665,2.66,5.32,0.76
WL-sheet_1-1858,wall,1.1988,4.795,9.59,1.37
WL-sheet_1-1859,wall,1.4,5.6,11.2,1.6
WL-sheet_1-1860,wall,0.3719,1.488,2.975,0.425
WL-sheet_1-1861,wall,9.2462,10.64,21.28,3.04
WL-sheet_1-1862,wall,1.7226,2.24,4.48,0.64
WL-sheet_1-1863,wall,1.7631,7.052,14.105,2.015
WL-sheet_1-1864,wall,0.1969,0.787,1.575,0.225
WL-sheet_1-1865,wall,1.0237,0.875,1.75,0.25
WL-sheet_1-1866,wall,1.0237,4.095,8.19,1.17
WL-sheet_1-1867,wall,0.665,0.875,1.75,0.25
WL-sheet_1-1868,wall,0.596,2.384,4.768,0.681
WL-sheet_1-1869,wall,0.665,2.66,5.32,0.76
WL-sheet_1-1870,wall,1.4336,5.758,11.515,1.645
WL-sheet_1-1871,wall,0.805,0.875,1.75,0.25
WL-sheet_1-1872,wall,10.9775,10.307,20.615,2.945
WL-sheet_1-1873,wall,0.98,0.875,1.75,0.25
WL-sheet_1-1874,wall,0.4594,1.838,3.675,0.525
WL-sheet_1-1875,wall,3.5127,3.238,6.475,0.925
WL-sheet_1-1876,wall,2.8919,11.567,23.135,3.305
WL-sheet_1-1877,wall,2.0562,8.225,16.45,2.35
WL-sheet_1-1878,wall,2.2419,9.004,18.008,2.573
WL-sheet_1-1879,wall,0.1969,0.787,1.575,0.225
WL-sheet_1-1880,wall,1.225,0.875,1.75,0.25
WL-sheet_1-1881,wall,1.0237,0.875,1.75,0.25
WL-sheet_1-1882,wall,0.8641,3.456,6.913,0.988
WL-sheet_1-1883,wall,0.7438,0.875,1.75,0.25
WL-sheet_1-1884,wall,1.0237,4.095,8.19,1.17
WL-sheet_1-1885,wall,0.665,0.875,1.75,0.25
WL-sheet_1-1886,wall,0.7438,2.975,5.95,0.85
WL-sheet_1-1887,wall,0.665,2.66,5.32,0.76
WL-sheet_1-1888,wall,1.2425,4.97,9.94,1.42
WL-sheet_1-1889,wall,0.805,0.875,1.75,0.25
WL-sheet_1-1890,wall,0.98,0.875,1.75,0.25
WL-sheet_1-1891,wall,0.4594,1.838,3.675,0.525
WL-sheet_1-1892,wall,4.3221,3.238,6.475,0.925
WL-sheet_1-1893,wall,3.1325,12.53,25.06,3.58
WL-sheet_1-1894,wall,5.7269,22.908,45.815,6.545
WL-sheet_1-1895,wall,6.405,25.62,51.24,7.32
WL-sheet_1-1896,wall,0.7,0.7,1.4,0.2
WL-sheet_1-1897,wall,6.9155,7.525,15.05,2.15
WL-sheet_1-1898,wall,1.036,5.18,10.36,1.48
WL-sheet_1-1899,wall,0.595,2.975,5.95,0.85
WL-sheet_1-1900,wall,2.499,12.495,24.99,3.57
WL-sheet_1-1901,wall,0.5075,2.537,5.075,0.725
WL-sheet_1-1902,wall,24.7604,16.73,33.46,4.78
WL-sheet_1-1903,wall,9.6456,7.595,15.19,2.17
WL-sheet_1-1904,wall,0.7,0.7,1.4,0.2
WL-sheet_1-1905,wall,10.7109,11.655,23.31,3.33
WL-sheet_1-1906,wall,1.036,5.18,10.36,1.48
WL-sheet_1-1907,wall,0.595,2.975,5.95,0.85
WL-sheet_1-1908,wall,0.5075,2.537,5.075,0.725
WL-sheet_1-1909,wall,24.7604,16.73,33.46,4.78
WL-sheet_1-1910,wall,9.2659,7.595,15.19,2.17
WL-sheet_1-1911,wall,3.12,12.53,25.06,3.58
WL-sheet_1-1912,wall,3.0012,12.005,24.01,3.43
WL-sheet_1-1913,wall,1.7125,6.878,13.755,1.965
WL-sheet_1-1914,wall,1.4394,5.757,11.515,1.645
WL-sheet_1-1915,wall,1.0237,0.875,1.75,0.25
WL-sheet_1-1916,wall,0.7438,0.875,1.75,0.25
WL-sheet_1-1917,wall,1.0197,4.095,8.19,1.17
WL-sheet_1-1918,wall,0.665,0.875,1.75,0.25
WL-sheet_1-1919,wall,0.7438,2.975,5.95,0.85
WL-sheet_1-1920,wall,0.6623,2.66,5.32,0.76
WL-sheet_1-1921,wall,1.4,5.6,11.2,1.6
WL-sheet_1-1922,wall,0.8041,0.875,1.75,0.25
WL-sheet_1-1923,wall,9.1697,8.61,17.22,2.46
WL-sheet_1-1924,wall,0.3704,1.488,2.975,0.425
WL-sheet_1-1925,wall,23.485,58.713,117.425,16.775
WL-sheet_1-1926,wall,0.5005,0.91,1.82,0.26
WL-sheet_1-1927,wall,0.5005,0.91,1.82,0.26
WL-sheet_1-1928,wall,1.0544,4.218,8.435,1.205
WL-sheet_1-1929,wall,1.7125,6.877,13.755,1.965
WL-sheet_1-1930,wall,0.8715,3.5,7.0,1.0
WL-sheet_1-1931,wall,14.4587,14.245,28.49,4.07
WL-sheet_1-1932,wall,1.0458,4.2,8.4,1.2
WL-sheet_1-1933,wall,8.8554,6.353,12.705,1.815
WL-sheet_1-1934,wall,1.7194,6.877,13.755,1.965
WL-sheet_1-1935,wall,1.4131,5.652,11.305,1.615
WL-sheet_1-1936,wall,4.9853,19.941,39.882,5.697
WL-sheet_1-1937,wall,0.3325,1.33,2.66,0.38
WL-sheet_1-1938,wall,14.5475,14.333,28.665,4.095
WL-sheet_1-1939,wall,1.1375,4.55,9.1,1.3
WL-sheet_1-1940,wall,0.3719,1.488,2.975,0.425
WL-sheet_1-1941,wall,3.5127,3.238,6.475,0.925
WL-sheet_1-1942,wall,6.4688,5.967,11.935,1.705
WL-sheet_1-1943,wall,0.9791,0.875,1.75,0.25
WL-sheet_1-1944,wall,0.4856,1.942,3.885,0.555
WL-sheet_1-1945,wall,1.926,7.735,15.47,2.21
WL-sheet_1-1946,wall,0.805,0.875,1.75,0.25
WL-sheet_1-1947,wall,1.8172,2.8,5.6,0.8
WL-sheet_1-1948,wall,0.4594,1.837,3.675,0.525
WL-sheet_1-1949,wall,0.9844,3.938,7.875,1.125
WL-sheet_1-1950,wall,0.8916,0.875,1.75,0.25
WL-sheet_1-1951,wall,15.382,21.071,42.143,6.02
WL-sheet_1-1952,wall,0.353,1.418,2.835,0.405
WL-sheet_1-1953,wall,4.4562,13.504,27.007,3.858
WL-sheet_1-1954,wall,2.2049,8.855,17.71,2.53
WL-sheet_1-1955,wall,0.2135,0.858,1.715,0.245
WL-sheet_1-1956,wall,1.7996,7.228,14.455,2.065
WL-sheet_1-1957,wall,8.8617,6.353,12.705,1.815
WL-sheet_1-1958,wall,1.7125,6.877,13.755,1.965
WL-sheet_1-1959,wall,1.3639,5.477,10.955,1.565
WL-sheet_1-1960,wall,0.7564,3.026,6.052,0.865
WL-sheet_1-1961,wall,1.0229,0.875,1.75,0.25
WL-sheet_1-1962,wall,1.0237,4.095,8.19,1.17
WL-sheet_1-1963,wall,5.705,22.82,45.64,6.52
WL-sheet_1-1964,wall,0.3704,1.488,2.975,0.425
WL-sheet_1-1965,wall,0.9844,3.938,7.875,1.125
WL-sheet_1-1966,wall,0.8925,0.875,1.75,0.25
WL-sheet_1-1967,wall,4.1016,3.281,6.562,0.938
WL-sheet_1-1968,wall,0.3544,1.417,2.835,0.405
WL-sheet_1-1969,wall,6.3086,8.654,17.307,2.472
WL-sheet_1-1970,wall,1.8813,7.525,15.05,2.15
WL-sheet_1-1971,wall,1.8944,7.578,15.155,2.165
WL-sheet_1-1972,wall,7.9666,5.968,11.935,1.705
WL-sheet_1-1973,wall,6.7834,9.117,18.235,2.605
WL-sheet_1-1974,wall,0.4331,1.732,3.465,0.495
WL-sheet_1-1975,wall,0.805,0.875,1.75,0.25
WL-sheet_1-1976,wall,3.024,5.04,10.08,1.44
WL-sheet_1-1977,wall,7.14,11.9,23.8,3.4
WL-sheet_1-1978,wall,11.256,18.76,37.52,5.36
WL-sheet_1-1979,wall,5.6595,9.432,18.865,2.695
WL-sheet_1-1980,wall,0.7,0.7,1.4,0.2
WL-sheet_1-1981,wall,0.5075,2.537,5.075,0.725
WL-sheet_1-1982,wall,0.595,2.975,5.95,0.85
WL-sheet_1-1983,wall,8.7334,6.265,12.53,1.79
WL-sheet_1-1984,wall,5.2361,21.028,42.057,6.008
WL-sheet_1-1985,wall,1.8944,7.577,15.155,2.165
WL-sheet_1-1986,wall,2.4663,9.905,19.81,2.83
WL-sheet_1-1987,wall,1.8944,7.577,15.155,2.165
WL-sheet_1-1988,wall,2.1527,8.611,17.222,2.46
WL-sheet_1-1989,wall,3.024,5.04,10.08,1.44
WL-sheet_1-1990,wall,7.1281,11.9,23.8,3.4
WL-sheet_1-1991,wall,1.8812,7.525,15.05,2.15
WL-sheet_1-1992,wall,5.6501,9.432,18.865,2.695
WL-sheet_1-1993,wall,10.1046,9.03,18.06,2.58
WL-sheet_1-1994,wall,0.7,0.7,1.4,0.2
WL-sheet_1-1995,wall,0.505,2.537,5.075,0.725
WL-sheet_1-1996,wall,0.592,2.975,5.95,0.85
WL-sheet_1-1997,wall,5.7061,22.916,45.832,6.547
WL-sheet_1-1998,wall,11.2372,18.76,37.52,5.36
WL-sheet_1-1999,wall,5.6501,9.432,18.865,2.695
WL-sheet_1-2000,wall,0.5005,0.91,1.82,0.26
WL-sheet_1-2001,wall,0.5005,0.91,1.82,0.26
WL-sheet_1-2002,wall,3.9498,3.238,6.475,0.925
WL-sheet_1-2003,wall,0.1006,0.437,0.875,0.125
WL-sheet_1-2004,wall,0.1094,0.437,0.875,0.125
WL-sheet_1-2005,wall,2.1131,3.019,6.038,0.863
WL-sheet_1-2006,wall,0.0741,0.297,0.595,0.085
WL-sheet_1-2007,wall,1.0675,0.875,1.75,0.25
WL-sheet_1-2008,wall,0.1094,0.437,0.875,0.125
WL-sheet_1-2009,wall,0.4793,1.925,3.85,0.55
WL-sheet_1-2010,wall,4.5136,7.28,14.56,2.08
WL-sheet_1-2011,wall,0.0,0.0,0.0,0.0
WL-sheet_1-2012,wall,0.0,0.0,0.0,0.0
WL-sheet_1-2013,wall,0.0,0.0,0.0,0.0
WL-sheet_1-2014,wall,2.9181,11.673,23.345,3.335
WL-sheet_1-2015,wall,2.6363,10.587,21.175,3.025
WL-sheet_1-2016,wall,2.0611,8.278,16.555,2.365
WL-sheet_1-2017,wall,0.0,0.0,0.0,0.0
WL-sheet_1-2018,wall,0.2309,0.927,1.855,0.265
WL-sheet_1-2019,wall,0.0,0.0,0.0,0.0
WL-sheet_1-2020,wall,10.4545,7.21,14.42,2.06
WL-sheet_1-2021,wall,0.0,0.0,0.0,0.0
WL-sheet_1-2022,wall,1.0675,0.875,1.75,0.25
WL-sheet_1-2023,wall,0.0,0.0,0.0,0.0
WL-sheet_1-2024,wall,0.98,0.875,1.75,0.25
WL-sheet_1-2025,wall,0.4793,1.925,3.85,0.55
WL-sheet_1-2026,wall,4.5815,5.95,11.9,1.7
WL-sheet_1-2027,wall,0.0,0.0,0.0,0.0
WL-sheet_1-2028,wall,0.0,0.0,0.0,0.0
WL-sheet_1-2029,wall,1.0719,4.305,8.61,1.23
WL-sheet_1-2030,wall,0.2658,1.067,2.135,0.305
WL-sheet_1-2031,wall,0.3412,1.365,2.73,0.39
WL-sheet_1-2032,wall,1.0675,0.875,1.75,0.25
WL-sheet_1-2033,wall,1.2637,5.075,10.15,1.45
WL-sheet_1-2034,wall,0.3666,0.875,1.75,0.25
WL-sheet_1-2035,wall,0.6493,2.607,5.215,0.745
WL-sheet_1-2036,wall,8.8554,6.353,12.705,1.815
WL-sheet_1-2037,wall,1.7125,6.877,13.755,1.965
WL-sheet_1-2038,wall,1.4075,5.652,11.305,1.615
WL-sheet_1-2039,wall,6.2726,25.191,50.383,7.198
WL-sheet_1-2040,wall,1.3944,5.6,11.2,1.6
WL-sheet_1-2041,wall,26.494,22.453,44.905,6.415
WL-sheet_1-2042,wall,0.8041,0.875,1.75,0.25
WL-sheet_1-2043,wall,2.5882,2.432,4.865,0.695
WL-sheet_1-2044,wall,0.3719,1.487,2.975,0.425
WL-sheet_1-2045,wall,0.8925,0.875,1.75,0.25
WL-sheet_1-2046,wall,0.4575,1.837,3.675,0.525
WL-sheet_1-2047,wall,0.8925,0.875,1.75,0.25
WL-sheet_1-2048,wall,0.4358,1.75,3.5,0.5
WL-sheet_1-2049,wall,0.98,0.875,1.75,0.25
WL-sheet_1-2050,wall,1.05,4.2,8.4,1.2
WL-sheet_1-2051,wall,6.4688,5.967,11.935,1.705
WL-sheet_1-2052,wall,0.9791,0.875,1.75,0.25
WL-sheet_1-2053,wall,0.4837,1.942,3.885,0.555
WL-sheet_1-2054,wall,13.7736,11.673,23.345,3.335
WL-sheet_1-2055,wall,3.6963,4.935,9.87,1.41
WL-sheet_1-2056,wall,0.805,0.875,1.75,0.25
WL-sheet_1-2057,wall,0.7233,2.905,5.81,0.83
WL-sheet_1-2058,wall,0.2135,0.857,1.715,0.245
WL-sheet_1-2059,wall,1.785,7.14,14.28,2.04
WL-sheet_1-2060,wall,7.7577,5.967,11.935,1.705
WL-sheet_1-2061,wall,0.9791,0.875,1.75,0.25
WL-sheet_1-2062,wall,0.4837,1.942,3.885,0.555
WL-sheet_1-2063,wall,1.8301,7.35,14.7,2.1
WL-sheet_1-2064,wall,1.1754,0.822,1.645,0.235
WL-sheet_1-2065,wall,1.926,7.735,15.47,2.21
WL-sheet_1-2066,wall,10.3796,25.949,51.898,7.414
WL-sheet_1-2067,wall,0.805,0.875,1.75,0.25
WL-sheet_1-2068,wall,0.6291,0.875,1.75,0.25
WL-sheet_1-2069,wall,1.8172,2.8,5.6,0.8
WL-sheet_1-2070,wall,0.4594,1.838,3.675,0.525
WL-sheet_1-2071,wall,0.9804,3.937,7.875,1.125
WL-sheet_1-2072,wall,0.8916,0.875,1.75,0.25
WL-sheet_1-2073,wall,0.353,1.417,2.835,0.405
WL-sheet_1-2074,wall,0.305,1.225,2.45,0.35
WL-sheet_1-2075,wall,2.2049,8.855,17.71,2.53
WL-sheet_1-2076,wall,0.2135,0.858,1.715,0.245
WL-sheet_1-2077,wall,1.785,7.14,14.28,2.04
WL-sheet_1-2078,wall,5.9937,23.975,47.95,6.85
WL-sheet_1-2079,wall,0.1002,0.402,0.805,0.115
WL-sheet_1-2080,wall,2.3379,9.389,18.778,2.683
WL-sheet_1-2081,wall,6.8739,27.496,54.991,7.856
WL-sheet_1-2082,wall,3.8584,15.495,30.991,4.427
WL-sheet_1-2083,wall,5.0883,20.353,40.706,5.815
WL-sheet_1-2084,wall,1.255,5.04,10.08,1.44
WL-sheet_1-2085,wall,2.7563,11.025,22.05,3.15
WL-sheet_1-2086,wall,3.2638,13.108,26.215,3.745
WL-sheet_1-2087,wall,1.9906,7.963,15.925,2.275
WL-sheet_1-2088,wall,4.3662,17.535,35.07,5.01
WL-sheet_1-2089,wall,2.2833,9.17,18.34,2.62
WL-sheet_1-2090,wall,6.3008,4.603,9.205,1.315
WL-sheet_1-2091,wall,0.7,0.7,1.4,0.2
WL-sheet_1-2092,wall,0.5075,2.537,5.075,0.725
WL-sheet_1-2093,wall,0.595,2.975,5.95,0.85
WL-sheet_1-2094,wall,8.8554,6.353,12.705,1.815
WL-sheet_1-2095,wall,1.7194,6.878,13.755,1.965
WL-sheet_1-2096,wall,1.4131,5.652,11.305,1.615
WL-sheet_1-2097,wall,6.4905,26.066,52.132,7.447
WL-sheet_1-2098,wall,1.6056,6.423,12.845,1.835
WL-sheet_1-2099,wall,0.8041,0.875,1.75,0.25
WL-sheet_1-2100,wall,14.4587,14.245,28.49,4.07
WL-sheet_1-2101,wall,1.8302,7.35,14.7,2.1
WL-sheet_1-2102,wall,0.3704,1.488,2.975,0.425
WL-sheet_1-2103,wall,3.024,5.04,10.08,1.44
WL-sheet_1-2104,wall,7.1281,11.9,23.8,3.4
WL-sheet_1-2105,wall,1.8813,7.525,15.05,2.15
WL-sheet_1-2106,wall,5.6501,9.432,18.865,2.695
WL-sheet_1-2107,wall,10.1046,9.03,18.06,2.58
WL-sheet_1-2108,wall,0.7,0.7,1.4,0.2
WL-sheet_1-2109,wall,0.505,2.537,5.075,0.725
WL-sheet_1-2110,wall,0.595,2.975,5.95,0.85
WL-sheet_1-2111,wall,11.2372,18.76,37.52,5.36
WL-sheet_1-2112,wall,0.6993,0.7,1.4,0.2
WL-sheet_1-2113,wall,1.6155,1.47,2.94,0.42
WL-sheet_1-2114,wall,1.036,5.18,10.36,1.48
WL-sheet_1-2115,wall,2.6337,10.535,21.07,3.01
WL-sheet_1-2116,wall,2.954,14.77,29.54,4.22
WL-sheet_1-2117,wall,1.113,5.565,11.13,1.59
WL-sheet_1-2118,wall,0.592,2.975,5.95,0.85
WL-sheet_1-2119,wall,0.5075,2.537,5.075,0.725
WL-sheet_1-2120,wall,2.7891,5.589,11.179,1.597
WL-sheet_1-2121,wall,0.4996,0.91,1.82,0.26
WL-sheet_1-2122,wall,0.5005,0.91,1.82,0.26
WL-sheet_1-2123,wall,2.4347,2.319,4.637,0.662
WL-sheet_1-2124,wall,0.0,0.0,0.0,0.0
WL-sheet_1-2125,wall,0.0,0.0,0.0,0.0
WL-sheet_1-2126,wall,0.1089,0.438,0.875,0.125
WL-sheet_1-2127,wall,1.0675,0.875,1.75,0.25
WL-sheet_1-2128,wall,0.183,0.735,1.47,0.21
WL-sheet_1-2129,wall,0.98,0.875,1.75,0.25
WL-sheet_1-2130,wall,0.4594,1.837,3.675,0.525
WL-sheet_1-2131,wall,4.2966,6.93,13.86,1.98
WL-sheet_1-2132,wall,0.0,0.0,0.0,0.0
WL-sheet_1-2133,wall,0.0,0.0,0.0,0.0
WL-sheet_1-2134,wall,3.1509,2.205,4.41,0.63
WL-sheet_1-2135,wall,0.0,0.0,0.0,0.0
WL-sheet_1-2136,wall,1.225,0.875,1.75,0.25
WL-sheet_1-2137,wall,0.0,0.0,0.0,0.0
WL-sheet_1-2138,wall,0.0,0.0,0.0,0.0
WL-sheet_1-2139,wall,0.0,0.0,0.0,0.0
WL-sheet_1-2140,wall,1.1069,4.427,8.855,1.265
WL-sheet_1-2141,wall,1.015,4.06,8.12,1.16
WL-sheet_1-2142,wall,0.2669,1.067,2.135,0.305
WL-sheet_1-2143,wall,3.1325,12.53,25.06,3.58
WL-sheet_1-2144,wall,0.35,1.4,2.8,0.4
WL-sheet_1-2145,wall,1.155,4.62,9.24,1.32
WL-sheet_1-2146,wall,1.155,4.62,9.24,1.32
WL-sheet_1-2147,wall,0.347,1.393,2.787,0.398
WL-sheet_1-2148,wall,0.0,0.0,0.0,0.0
WL-sheet_1-2149,wall,0.0,0.0,0.0,0.0
WL-sheet_1-2150,wall,10.8078,7.21,14.42,2.06
WL-sheet_1-2151,wall,2.0947,2.992,5.985,0.855
WL-sheet_1-2152,wall,0.0588,0.236,0.473,0.068
WL-sheet_1-2153,wall,1.0675,0.875,1.75,0.25
WL-sheet_1-2154,wall,0.0,0.0,0.0,0.0
WL-sheet_1-2155,wall,0.0218,0.088,0.175,0.025
WL-sheet_1-2156,wall,0.0,0.0,0.0,0.0
WL-sheet_1-2157,wall,3.1509,2.205,4.41,0.63
WL-sheet_1-2158,wall,0.0,0.0,0.0,0.0
WL-sheet_1-2159,wall,0.0,0.0,0.0,0.0
WL-sheet_1-2160,wall,0.0,0.0,0.0,0.0
WL-sheet_1-2161,wall,0.0,0.0,0.0,0.0
WL-sheet_1-2162,wall,0.0,0.0,0.0,0.0
WL-sheet_1-2163,wall,1.0762,4.305,8.61,1.23
WL-sheet_1-2164,wall,1.6538,6.615,13.23,1.89
WL-sheet_1-2165,wall,0.0,0.0,0.0,0.0
WL-sheet_1-2166,wall,0.1881,0.752,1.505,0.215
WL-sheet_1-2167,wall,1.155,4.62,9.24,1.32
WL-sheet_1-2168,wall,0.7705,3.082,6.164,0.881
WL-sheet_1-2169,wall,1.4421,5.768,11.537,1.648
WL-sheet_1-2170,wall,6.4688,5.967,11.935,1.705
WL-sheet_1-2171,wall,1.7831,2.747,5.495,0.785
WL-sheet_1-2172,wall,0.4575,1.837,3.675,0.525
WL-sheet_1-2173,wall,0.9804,3.938,7.875,1.125
WL-sheet_1-2174,wall,0.8916,0.875,1.75,0.25
WL-sheet_1-2175,wall,4.0983,3.281,6.562,0.937
WL-sheet_1-2176,wall,0.5122,2.049,4.098,0.585
WL-sheet_1-2177,wall,13.9609,15.342,30.683,4.383
WL-sheet_1-2178,wall,0.9543,3.833,7.665,1.095
WL-sheet_1-2179,wall,2.2138,8.855,17.71,2.53
WL-sheet_1-2180,wall,0.2135,0.857,1.715,0.245
WL-sheet_1-2181,wall,1.785,7.14,14.28,2.04
WL-sheet_1-2182,wall,0.4856,1.942,3.885,0.555
WL-sheet_1-2183,wall,0.98,0.875,1.75,0.25
WL-sheet_1-2184,wall,0.8041,0.875,1.75,0.25
WL-sheet_1-2185,wall,0.3256,1.391,2.782,0.397
WL-sheet_1-2186,wall,1.0675,0.875,1.75,0.25
WL-sheet_1-2187,wall,1.2637,5.075,10.15,1.45
WL-sheet_1-2188,wall,0.3675,0.875,1.75,0.25
WL-sheet_1-2189,wall,0.6519,2.607,5.215,0.745
WL-sheet_1-2190,wall,8.8554,6.353,12.705,1.815
WL-sheet_1-2191,wall,1.7125,6.877,13.755,1.965
WL-sheet_1-2192,wall,1.4075,5.652,11.305,1.615
WL-sheet_1-2193,wall,6.2726,25.191,50.383,7.198
WL-sheet_1-2194,wall,1.4,5.6,11.2,1.6
WL-sheet_1-2195,wall,26.4939,22.452,44.905,6.415
WL-sheet_1-2196,wall,0.805,0.875,1.75,0.25
WL-sheet_1-2197,wall,2.5602,2.406,4.812,0.687
WL-sheet_1-2198,wall,0.3704,1.487,2.975,0.425
WL-sheet_1-2199,wall,0.8389,0.822,1.645,0.235
WL-sheet_1-2200,wall,0.4318,1.837,3.675,0.525
WL-sheet_1-2201,wall,0.839,0.823,1.645,0.235
WL-sheet_1-2202,wall,0.5155,2.203,4.406,0.629
WL-sheet_1-2203,wall,0.9791,0.875,1.75,0.25
WL-sheet_1-2204,wall,1.2,4.8,9.6,1.371
WL-sheet_1-2205,wall,7.9606,5.968,11.935,1.705
WL-sheet_1-2206,wall,0.9791,0.875,1.75,0.25
WL-sheet_1-2207,wall,0.4837,1.942,3.885,0.555
WL-sheet_1-2208,wall,13.7736,11.673,23.345,3.335
WL-sheet_1-2209,wall,3.6963,4.935,9.87,1.41
WL-sheet_1-2210,wall,0.8041,0.875,1.75,0.25
WL-sheet_1-2211,wall,0.7233,2.905,5.81,0.83
WL-sheet_1-2212,wall,1.6994,6.825,13.65,1.95
WL-sheet_1-2213,wall,2.2137,8.855,17.71,2.53
WL-sheet_1-2214,wall,0.2135,0.857,1.715,0.245
WL-sheet_1-2215,wall,1.7779,7.14,14.28,2.04
WL-sheet_1-2216,wall,7.7219,30.887,61.775,8.825
WL-sheet_1-2217,wall,0.1094,0.438,0.875,0.125
WL-sheet_1-2218,wall,8.8617,6.353,12.705,1.815
WL-sheet_1-2219,wall,1.7194,6.878,13.755,1.965
WL-sheet_1-2220,wall,1.4131,5.653,11.305,1.615
WL-sheet_1-2221,wall,5.8369,23.441,46.882,6.697
WL-sheet_1-2222,wall,1.3081,5.232,10.465,1.495
WL-sheet_1-2223,wall,0.665,0.875,1.75,0.25
WL-sheet_1-2224,wall,0.6623,2.66,5.32,0.76
WL-sheet_1-2225,wall,1.4,5.6,11.2,1.6
WL-sheet_1-2226,wall,0.8041,0.875,1.75,0.25
WL-sheet_1-2227,wall,14.5332,14.332,28.665,4.095
WL-sheet_1-2228,wall,0.3704,1.488,2.975,0.425
WL-sheet_1-2229,wall,3.024,5.04,10.08,1.44
WL-sheet_1-2230,wall,7.1281,11.9,23.8,3.4
WL-sheet_1-2231,wall,4.801,8.015,16.03,2.29
WL-sheet_1-2232,wall,5.6501,9.432,18.865,2.695
WL-sheet_1-2233,wall,10.1046,9.03,18.06,2.58
WL-sheet_1-2234,wall,0.7,0.7,1.4,0.2
WL-sheet_1-2235,wall,0.505,2.537,5.075,0.725
WL-sheet_1-2236,wall,0.592,2.975,5.95,0.85
WL-sheet_1-2237,wall,11.256,18.76,37.52,5.36
WL-sheet_1-2238,wall,0.7,0.7,1.4,0.2
WL-sheet_1-2239,wall,0.0,0.0,0.0,0.0
WL-sheet_1-2240,wall,1.036,5.18,10.36,1.48
WL-sheet_1-2241,wall,2.107,10.535,21.07,3.01
WL-sheet_1-2242,wall,2.8544,14.272,28.544,4.078
WL-sheet_1-2243,wall,1.3696,6.848,13.696,1.957
WL-sheet_1-2244,wall,0.592,2.975,5.95,0.85
WL-sheet_1-2245,wall,0.5075,2.537,5.075,0.725
WL-sheet_1-2246,wall,2.1,8.4,16.8,2.4
WL-sheet_1-2247,wall,6.8267,27.307,54.614,7.802
WL-sheet_1-2248,wall,5.8571,23.428,46.856,6.694
WL-sheet_1-2249,wall,1.9958,8.015,16.031,2.29
WL-sheet_1-2250,wall,1.255,5.04,10.08,1.44
WL-sheet_1-2251,wall,2.7563,11.025,22.05,3.15
WL-sheet_1-2252,wall,3.2202,12.933,25.865,3.695
WL-sheet_1-2253,wall,4.3662,17.535,35.07,5.01
WL-sheet_1-2254,wall,2.2925,9.17,18.34,2.62
WL-sheet_1-2255,wall,0.7,0.7,1.4,0.2
WL-sheet_1-2256,wall,0.5075,2.538,5.075,0.725
WL-sheet_1-2257,wall,0.595,2.975,5.95,0.85
WL-sheet_1-2258,wall,0.5005,0.91,1.82,0.26
WL-sheet_1-2259,wall,0.4996,0.91,1.82,0.26
WL-sheet_1-2260,wall,0.0,0.0,0.0,0.0
WL-sheet_1-2261,wall,1.0675,0.875,1.75,0.25
WL-sheet_1-2262,wall,0.0,0.0,0.0,0.0
WL-sheet_1-2263,wall,0.4793,1.925,3.85,0.55
WL-sheet_1-2264,wall,4.5136,7.28,14.56,2.08
WL-sheet_1-2265,wall,68.1429,46.042,92.085,13.155
WL-sheet_1-2266,wall,0.0,0.0,0.0,0.0
WL-sheet_1-2267,wall,0.0,0.0,0.0,0.0
WL-sheet_1-2268,wall,0.0,0.0,0.0,0.0
WL-sheet_1-2269,wall,2.8831,11.532,23.065,3.295
WL-sheet_1-2270,wall,0.1794,0.718,1.435,0.205
WL-sheet_1-2271,wall,2.6668,10.71,21.42,3.06
WL-sheet_1-2272,wall,3.1723,12.74,25.48,3.64
WL-sheet_1-2273,wall,1.4772,5.932,11.865,1.695
WL-sheet_1-2274,wall,0.0,0.0,0.0,0.0
WL-sheet_1-2275,wall,0.0,0.0,0.0,0.0
WL-sheet_1-2276,wall,0.9607,0.787,1.575,0.225
WL-sheet_1-2277,wall,0.0,0.0,0.0,0.0
WL-sheet_1-2278,wall,0.98,0.875,1.75,0.25
WL-sheet_1-2279,wall,0.4793,1.925,3.85,0.55
WL-sheet_1-2280,wall,4.5815,5.95,11.9,1.7
WL-sheet_1-2281,wall,0.0,0.0,0.0,0.0
WL-sheet_1-2282,wall,0.0,0.0,0.0,0.0
WL-sheet_1-2283,wall,0.0,0.0,0.0,0.0
WL-sheet_1-2284,wall,0.2658,1.067,2.135,0.305
WL-sheet_1-2285,wall,5.9335,5.303,10.605,1.515
WL-sheet_1-2286,wall,4.5238,18.095,36.19,5.17
WL-sheet_1-2287,wall,0.0,0.0,0.0,0.0
WL-sheet_1-2288,wall,16.2684,13.798,27.597,3.942
WL-sheet_1-2289,wall,0.8916,0.875,1.75,0.25
WL-sheet_1-2290,wall,1.0487,4.463,8.925,1.275
WL-sheet_1-2291,wall,15.9862,11.025,22.05,3.15
WL-sheet_1-2292,wall,0.9791,0.875,1.75,0.25
WL-sheet_1-2293,wall,0.1094,0.438,0.875,0.125
WL-sheet_1-2294,wall,1.6297,6.545,13.09,1.87
WL-sheet_1-2295,wall,6.972,28.0,56.0,8.0
WL-sheet_1-2296,wall,0.6993,0.7,1.4,0.2
WL-sheet_1-2297,wall,0.592,2.975,5.95,0.85
WL-sheet_1-2298,wall,0.505,2.537,5.075,0.725
WL-sheet_1-2299,wall,0.6234,3.132,6.265,0.895
WL-sheet_1-2300,wall,1.855,7.42,14.84,2.12
WL-sheet_1-2301,wall,2.0698,8.313,16.625,2.375
WL-sheet_1-2302,wall,5.2275,20.994,41.988,5.998
WL-sheet_1-2303,wall,0.6993,0.7,1.4,0.2
WL-sheet_1-2304,wall,1.6155,1.47,2.94,0.42
WL-sheet_1-2305,wall,1.036,5.18,10.36,1.48
WL-sheet_1-2306,wall,2.6337,10.535,21.07,3.01
WL-sheet_1-2307,wall,5.152,25.76,51.52,7.36
WL-sheet_1-2308,wall,0.592,2.975,5.95,0.85
WL-sheet_1-2309,wall,0.505,2.537,5.075,0.725
WL-sheet_1-2310,wall,1.7238,6.895,13.79,1.97
WL-sheet_1-2311,wall,0.1094,0.438,0.875,0.125
WL-sheet_1-2312,wall,0.0219,0.088,0.175,0.025
WL-sheet_1-2313,wall,0.0,0.0,0.0,0.0
WL-sheet_1-2314,wall,0.0,0.0,0.0,0.0
WL-sheet_1-2315,wall,0.0,0.0,0.0,0.0
WL-sheet_1-2316,wall,0.0,0.0,0.0,0.0
WL-sheet_1-2317,wall,0.0,0.0,0.0,0.0
WL-sheet_1-2318,wall,0.0,0.0,0.0,0.0
WL-sheet_1-2319,wall,0.0656,0.262,0.525,0.075
WL-sheet_1-2320,wall,1.5751,6.702,13.405,1.915
WL-sheet_1-2321,wall,0.5323,2.275,4.55,0.65
WL-sheet_1-2322,wall,1.0857,4.62,9.24,1.32
WL-sheet_1-2323,wall,0.6909,2.94,5.88,0.84
WL-sheet_1-2324,wall,5.9877,25.588,51.177,7.311
WL-sheet_1-2325,wall,0.0105,0.042,0.084,0.012
WL-sheet_1-2326,wall,6.0697,25.939,51.878,7.411
WL-sheet_1-2327,wall,1.1541,0.875,1.75,0.25
WL-sheet_1-2328,wall,2.1772,6.423,12.845,1.835
WL-sheet_1-2329,wall,0.0,0.0,0.0,0.0
WL-sheet_1-2330,wall,0.0,0.0,0.0,0.0
WL-sheet_1-2331,wall,0.1094,0.437,0.875,0.125
WL-sheet_1-2332,wall,2.3345,1.75,3.5,0.5
WL-sheet_1-2333,wall,0.1089,0.438,0.875,0.125
WL-sheet_1-2334,wall,0.0,0.0,0.0,0.0
WL-sheet_1-2335,wall,0.1089,0.437,0.875,0.125
WL-sheet_1-2336,wall,0.0,0.0,0.0,0.0
WL-sheet_1-2337,wall,0.0,0.0,0.0,0.0
WL-sheet_1-2338,wall,1.0973,3.325,6.65,0.95
WL-sheet_1-2339,wall,0.98,0.875,1.75,0.25
WL-sheet_1-2340,wall,3.7844,15.137,30.275,4.325
WL-sheet_1-2341,wall,0.6956,2.783,5.565,0.795
WL-sheet_1-2342,wall,0.8454,3.395,6.79,0.97
WL-sheet_1-2343,wall,0.91,3.64,7.28,1.04
WL-sheet_1-2344,wall,3.5,14.0,28.0,4.0
WL-sheet_1-2345,wall,0.1089,0.437,0.875,0.125
WL-sheet_1-2346,wall,0.1094,0.437,0.875,0.125
WL-sheet_1-2347,wall,0.0787,0.315,0.63,0.09
WL-sheet_1-2348,wall,0.805,0.875,1.75,0.25
WL-sheet_1-2349,wall,0.6213,2.485,4.97,0.71
WL-sheet_1-2350,wall,1.0675,0.875,1.75,0.25
WL-sheet_1-2351,wall,0.2155,0.866,1.731,0.247
WL-sheet_1-2352,wall,0.8916,0.875,1.75,0.25
WL-sheet_1-2353,wall,1.0675,0.875,1.75,0.25
WL-sheet_1-2354,wall,0.0,0.0,0.0,0.0
WL-sheet_1-2355,wall,0.0219,0.088,0.175,0.025
WL-sheet_1-2356,wall,0.0,0.0,0.0,0.0
WL-sheet_1-2357,wall,0.0,0.0,0.0,0.0
WL-sheet_1-2358,wall,0.0,0.0,0.0,0.0
WL-sheet_1-2359,wall,0.0,0.0,0.0,0.0
WL-sheet_1-2360,wall,0.4572,1.829,3.657,0.522
WL-sheet_1-2361,wall,0.1094,0.437,0.875,0.125
WL-sheet_1-2362,wall,0.6994,2.809,5.617,0.802
WL-sheet_1-2363,wall,0.8083,3.246,6.493,0.928
WL-sheet_1-2364,wall,6.4747,5.967,11.935,1.705
WL-sheet_1-2365,wall,0.98,0.875,1.75,0.25
WL-sheet_1-2366,wall,0.4837,1.942,3.885,0.555
WL-sheet_1-2367,wall,1.1762,0.822,1.645,0.235
WL-sheet_1-2368,wall,0.805,0.875,1.75,0.25
WL-sheet_1-2369,wall,0.9238,3.71,7.42,1.06
WL-sheet_1-2370,wall,0.63,0.875,1.75,0.25
WL-sheet_1-2371,wall,1.8172,2.8,5.6,0.8
WL-sheet_1-2372,wall,0.4594,1.838,3.675,0.525
WL-sheet_1-2373,wall,0.9804,3.937,7.875,1.125
WL-sheet_1-2374,wall,0.8916,0.875,1.75,0.25
WL-sheet_1-2375,wall,14.3472,19.681,39.361,5.623
WL-sheet_1-2376,wall,0.3544,1.417,2.835,0.405
WL-sheet_1-2377,wall,3.91,11.885,23.769,3.396
WL-sheet_1-2378,wall,1.5905,6.387,12.775,1.825
WL-sheet_1-2379,wall,2.2138,8.855,17.71,2.53
WL-sheet_1-2380,wall,0.2135,0.857,1.715,0.245
WL-sheet_1-2381,wall,1.785,7.14,14.28,2.04
WL-sheet_1-2382,wall,0.3399,1.365,2.73,0.39
WL-sheet_1-2383,wall,8.1235,5.827,11.655,1.665
WL-sheet_1-2384,wall,1.7561,7.053,14.105,2.015
WL-sheet_1-2385,wall,1.4131,5.653,11.305,1.615
WL-sheet_1-2386,wall,6.2978,25.191,50.382,7.197
WL-sheet_1-2387,wall,0.1961,0.788,1.575,0.225
WL-sheet_1-2388,wall,26.4715,22.453,44.905,6.415
WL-sheet_1-2389,wall,0.8041,0.875,1.75,0.25
WL-sheet_1-2390,wall,1.471,1.382,2.765,0.395
WL-sheet_1-2391,wall,0.9791,0.875,1.75,0.25
WL-sheet_1-2392,wall,0.4594,1.838,3.675,0.525
WL-sheet_1-2393,wall,4.3188,3.238,6.475,0.925
WL-sheet_1-2394,wall,0.4594,0.875,1.75,0.25
WL-sheet_1-2395,wall,0.4594,1.838,3.675,0.525
WL-sheet_1-2396,wall,0.4056,0.787,1.575,0.225
WL-sheet_1-2397,wall,0.4375,1.75,3.5,0.5
WL-sheet_1-2398,wall,4.4415,4.113,8.225,1.175
WL-sheet_1-2399,wall,0.9625,3.85,7.7,1.1
WL-sheet_1-2400,wall,6.3798,5.88,11.76,1.68
WL-sheet_1-2401,wall,0.414,1.663,3.325,0.475
WL-sheet_1-2402,wall,13.7619,11.673,23.345,3.335
WL-sheet_1-2403,wall,0.3937,0.525,1.05,0.15
WL-sheet_1-2404,wall,9.9581,19.956,39.912,5.702
WL-sheet_1-2405,wall,0.7263,2.905,5.81,0.83
WL-sheet_1-2406,wall,2.2356,8.943,17.885,2.555
WL-sheet_1-2407,wall,1.8506,7.403,14.805,2.115
WL-sheet_1-2408,wall,1.255,5.04,10.08,1.44
WL-sheet_1-2409,wall,2.7563,11.025,22.05,3.15
WL-sheet_1-2410,wall,3.1984,12.845,25.69,3.67
WL-sheet_1-2411,wall,4.3662,17.535,35.07,5.01
WL-sheet_1-2412,wall,2.8613,11.445,22.89,3.27
WL-sheet_1-2413,wall,0.6993,0.7,1.4,0.2
WL-sheet_1-2414,wall,0.5075,2.537,5.075,0.725
WL-sheet_1-2415,wall,0.595,2.975,5.95,0.85
WL-sheet_1-2416,wall,0.7,0.7,1.4,0.2
WL-sheet_1-2417,wall,0.5075,2.538,5.075,0.725
WL-sheet_1-2418,wall,0.5775,2.888,5.775,0.825
WL-sheet_1-2419,wall,2.415,9.66,19.32,2.76
WL-sheet_1-2420,wall,2.998,12.04,24.08,3.44
WL-sheet_1-2421,wall,0.6125,3.063,6.125,0.875
WL-sheet_1-2422,wall,5.0915,4.55,9.1,1.3
WL-sheet_1-2423,wall,1.995,9.975,19.95,2.85
WL-sheet_1-2424,wall,1.6716,8.4,16.8,2.4
WL-sheet_1-2425,wall,6.4961,25.985,51.969,7.424
WL-sheet_1-2426,wall,0.735,2.94,5.88,0.84
WL-sheet_1-2427,wall,4.7285,18.99,37.98,5.426
WL-sheet_1-2428,wall,4.6921,18.844,37.687,5.384
WL-sheet_1-2429,wall,1.5231,6.117,12.234,1.748
WL-sheet_1-2430,wall,3.024,5.04,10.08,1.44
WL-sheet_1-2431,wall,7.14,11.9,23.8,3.4
WL-sheet_1-2432,wall,5.039,3.789,7.577,1.082
WL-sheet_1-2433,wall,5.6595,9.432,18.865,2.695
WL-sheet_1-2434,wall,10.1046,9.03,18.06,2.58
WL-sheet_1-2435,wall,0.6993,0.7,1.4,0.2
WL-sheet_1-2436,wall,0.505,2.537,5.075,0.725
WL-sheet_1-2437,wall,0.592,2.975,5.95,0.85
WL-sheet_1-2438,wall,8.8554,6.352,12.705,1.815
WL-sheet_1-2439,wall,1.9827,7.962,15.925,2.275
WL-sheet_1-2440,wall,11.256,18.76,37.52,5.36
WL-sheet_1-2441,wall,1.4131,5.653,11.305,1.615
WL-sheet_1-2442,wall,0.5985,0.787,1.575,0.225
WL-sheet_1-2443,wall,0.4445,1.785,3.57,0.51
WL-sheet_1-2444,wall,1.4,5.6,11.2,1.6
WL-sheet_1-2445,wall,0.8041,0.875,1.75,0.25
WL-sheet_1-2446,wall,14.5332,14.333,28.665,4.095
WL-sheet_1-2447,wall,0.3704,1.488,2.975,0.425
WL-sheet_1-2448,wall,1.7119,3.431,6.861,0.98
WL-sheet_1-2449,wall,0.5005,0.91,1.82,0.26
WL-sheet_1-2450,wall,1.155,0.875,1.75,0.25
WL-sheet_1-2451,wall,1.5741,2.249,4.497,0.642
WL-sheet_1-2452,wall,0.0588,0.236,0.472,0.067
WL-sheet_1-2453,wall,1.0675,0.875,1.75,0.25
WL-sheet_1-2454,wall,0.1094,0.438,0.875,0.125
WL-sheet_1-2455,wall,0.4681,1.873,3.745,0.535
WL-sheet_1-2456,wall,5.8102,6.248,12.495,1.785
WL-sheet_1-2457,wall,0.0,0.0,0.0,0.0
WL-sheet_1-2458,wall,0.0,0.0,0.0,0.0
WL-sheet_1-2459,wall,0.0,0.0,0.0,0.0
WL-sheet_1-2460,wall,0.1656,0.665,1.33,0.19
WL-sheet_1-2461,wall,2.7343,10.981,21.963,3.138
WL-sheet_1-2462,wall,0.0,0.0,0.0,0.0
WL-sheet_1-2463,wall,1.0237,4.095,8.19,1.17
WL-sheet_1-2464,wall,1.8628,5.495,10.99,1.57
WL-sheet_1-2465,wall,0.693,0.787,1.575,0.225
WL-sheet_1-2466,wall,0.1094,0.437,0.875,0.125
WL-sheet_1-2467,wall,0.098,0.088,0.175,0.025
WL-sheet_1-2468,wall,0.0,0.0,0.0,0.0
WL-sheet_1-2469,wall,1.498,1.4,2.8,0.4
WL-sheet_1-2470,wall,0.1089,0.437,0.875,0.125
WL-sheet_1-2471,wall,0.0,0.0,0.0,0.0
WL-sheet_1-2472,wall,1.2637,5.075,10.15,1.45
WL-sheet_1-2473,wall,0.0438,0.175,0.35,0.05
WL-sheet_1-2474,wall,0.2888,1.155,2.31,0.33
WL-sheet_1-2475,wall,0.7219,2.887,5.775,0.825
WL-sheet_1-2476,wall,2.7431,2.887,5.775,0.825
WL-sheet_1-2477,wall,0.1006,0.403,0.805,0.115
WL-sheet_1-2478,wall,0.8925,0.875,1.75,0.25
WL-sheet_1-2479,wall,0.6212,2.485,4.97,0.71
WL-sheet_1-2480,wall,1.575,6.3,12.6,1.8
WL-sheet_1-2481,wall,0.805,0.875,1.75,0.25
WL-sheet_1-2482,wall,1.0675,0.875,1.75,0.25
WL-sheet_1-2483,wall,1.4875,5.95,11.9,1.7
WL-sheet_1-2484,wall,0.7131,2.853,5.705,0.815
WL-sheet_1-2485,wall,1.2425,4.97,9.94,1.42
WL-sheet_1-2486,wall,8.8554,6.353,12.705,1.815
WL-sheet_1-2487,wall,1.7125,6.877,13.755,1.965
WL-sheet_1-2488,wall,1.3857,5.565,11.13,1.59
WL-sheet_1-2489,wall,0.455,0.91,1.82,0.26
WL-sheet_1-2490,wall,0.665,0.875,1.75,0.25
WL-sheet_1-2491,wall,0.6623,2.66,5.32,0.76
WL-sheet_1-2492,wall,1.3497,5.399,10.797,1.542
WL-sheet_1-2493,wall,1.4,5.6,11.2,1.6
WL-sheet_1-2494,wall,0.8041,0.875,1.75,0.25
WL-sheet_1-2495,wall,14.4888,14.289,28.577,4.082
WL-sheet_1-2496,wall,0.35,1.4,2.8,0.4
WL-sheet_1-2497,wall,7.9606,5.968,11.935,1.705
WL-sheet_1-2498,wall,1.3213,5.285,10.57,1.51
WL-sheet_1-2499,wall,0.63,0.875,1.75,0.25
WL-sheet_1-2500,wall,0.63,2.52,5.04,0.72
WL-sheet_1-2501,wall,1.7831,2.748,5.495,0.785
WL-sheet_1-2502,wall,0.4594,1.838,3.675,0.525
WL-sheet_1-2503,wall,0.9277,3.726,7.452,1.065
WL-sheet_1-2504,wall,0.8916,0.875,1.75,0.25
WL-sheet_1-2505,wall,3.6506,2.923,5.846,0.835
WL-sheet_1-2506,wall,0.684,2.747,5.494,0.785
WL-sheet_1-2507,wall,0.8953,1.263,2.526,0.361
WL-sheet_1-2508,wall,0.9543,3.832,7.665,1.095
WL-sheet_1-2509,wall,2.2049,8.855,17.71,2.53
WL-sheet_1-2510,wall,0.2144,0.858,1.715,0.245
WL-sheet_1-2511,wall,1.8288,7.315,14.63,2.09
WL-sheet_1-2512,wall,0.4837,1.943,3.885,0.555
WL-sheet_1-2513,wall,0.98,0.875,1.75,0.25
WL-sheet_1-2514,wall,0.805,0.875,1.75,0.25
WL-sheet_1-2515,wall,6.4747,5.968,11.935,1.705
WL-sheet_1-2516,wall,1.0784,4.314,8.628,1.233
WL-sheet_1-2517,wall,2.2049,8.855,17.71,2.53
WL-sheet_1-2518,wall,0.2135,0.857,1.715,0.245
WL-sheet_1-2519,wall,1.7779,7.14,14.28,2.04
WL-sheet_1-2520,wall,0.4837,1.942,3.885,0.555
WL-sheet_1-2521,wall,0.98,0.875,1.75,0.25
WL-sheet_1-2522,wall,13.7735,11.672,23.345,3.335
WL-sheet_1-2523,wall,0.8041,0.875,1.75,0.25
WL-sheet_1-2524,wall,3.7013,4.935,9.87,1.41
WL-sheet_1-2525,wall,1.3116,5.267,10.535,1.505
WL-sheet_1-2526,wall,0.4575,1.837,3.675,0.525
WL-sheet_1-2527,wall,0.7437,2.975,5.95,0.85
WL-sheet_1-2528,wall,0.8925,0.875,1.75,0.25
WL-sheet_1-2529,wall,0.4575,1.837,3.675,0.525
WL-sheet_1-2530,wall,1.3116,0.875,1.75,0.25
WL-sheet_1-2531,wall,1.1417,4.585,9.17,1.31
WL-sheet_1-2532,wall,0.3666,0.875,1.75,0.25
WL-sheet_1-2533,wall,0.6493,2.607,5.215,0.745
WL-sheet_1-2534,wall,8.8617,6.353,12.705,1.815
WL-sheet_1-2535,wall,1.7194,6.878,13.755,1.965
WL-sheet_1-2536,wall,1.4131,5.653,11.305,1.615
WL-sheet_1-2537,wall,6.2978,25.191,50.383,7.198
WL-sheet_1-2538,wall,1.4,5.6,11.2,1.6
WL-sheet_1-2539,wall,26.5747,22.54,45.08,6.44
WL-sheet_1-2540,wall,0.8041,0.875,1.75,0.25
WL-sheet_1-2541,wall,0.4996,0.91,1.82,0.26
WL-sheet_1-2542,wall,0.3704,1.487,2.975,0.425
WL-sheet_1-2543,wall,1.26,5.04,10.08,1.44
WL-sheet_1-2544,wall,2.7452,11.025,22.05,3.15
WL-sheet_1-2545,wall,1.8397,7.359,14.717,2.102
WL-sheet_1-2546,wall,2.2833,9.17,18.34,2.62
WL-sheet_1-2547,wall,10.1046,9.03,18.06,2.58
WL-sheet_1-2548,wall,0.6993,0.7,1.4,0.2
WL-sheet_1-2549,wall,0.505,2.537,5.075,0.725
WL-sheet_1-2550,wall,0.592,2.975,5.95,0.85
WL-sheet_1-2551,wall,4.3838,17.535,35.07,5.01
WL-sheet_1-2552,wall,0.0,0.0,0.0,0.0
WL-sheet_1-2553,wall,0.595,2.975,5.95,0.85
WL-sheet_1-2554,wall,2.7694,11.078,22.155,3.165
WL-sheet_1-2555,wall,0.9625,3.85,7.7,1.1
WL-sheet_1-2556,wall,0.4375,2.187,4.375,0.625
WL-sheet_1-2557,wall,5.096,4.55,9.1,1.3
WL-sheet_1-2558,wall,2.94,11.76,23.52,3.36
WL-sheet_1-2559,wall,0.7,0.7,1.4,0.2
WL-sheet_1-2560,wall,0.9065,4.533,9.065,1.295
WL-sheet_1-2561,wall,5.0325,4.305,8.61,1.23
WL-sheet_1-2562,wall,1.995,9.975,19.95,2.85
WL-sheet_1-2563,wall,6.8559,27.534,55.067,7.867
WL-sheet_1-2564,wall,1.2775,5.11,10.22,1.46
WL-sheet_1-2565,wall,4.9143,19.657,39.314,5.616
WL-sheet_1-2566,wall,3.024,5.04,10.08,1.44
WL-sheet_1-2567,wall,6.615,11.025,22.05,3.15
WL-sheet_1-2568,wall,3.2202,12.933,25.865,3.695
WL-sheet_1-2569,wall,4.801,8.015,16.03,2.29
WL-sheet_1-2570,wall,5.6501,9.432,18.865,2.695
WL-sheet_1-2571,wall,0.7,0.7,1.4,0.2
WL-sheet_1-2572,wall,0.5075,2.538,5.075,0.725
WL-sheet_1-2573,wall,0.595,2.975,5.95,0.85
WL-sheet_1-2574,wall,11.2372,18.76,37.52,5.36
WL-sheet_1-2575,wall,5.8804,23.616,47.233,6.748
WL-sheet_1-2576,wall,7.9138,15.828,31.655,4.522
WL-sheet_1-2577,wall,3.8041,15.277,30.555,4.365
WL-sheet_1-2578,wall,0.1277,0.087,0.175,0.025
WL-sheet_1-2579,wall,0.9647,3.859,7.718,1.103
WL-sheet_1-2580,wall,0.4489,0.787,1.575,0.225
WL-sheet_1-2581,wall,1.4822,5.929,11.857,1.694
WL-sheet_1-2582,wall,1.049,4.196,8.392,1.199
WL-sheet_1-2583,wall,0.7,0.7,1.4,0.2
WL-sheet_1-2584,wall,3.1676,15.838,31.676,4.525
WL-sheet_1-2585,wall,2.3919,2.345,4.69,0.67
WL-sheet_1-2586,wall,3.115,15.575,31.15,4.45
WL-sheet_1-2587,wall,2.3919,3.57,7.14,1.02
WL-sheet_1-2588,wall,1.036,5.18,10.36,1.48
WL-sheet_1-2589,wall,0.595,2.975,5.95,0.85
WL-sheet_1-2590,wall,1.554,7.77,15.54,2.22
WL-sheet_1-2591,wall,2.1,8.4,16.8,2.4
WL-sheet_1-2592,wall,0.2799,1.399,2.799,0.4
WL-sheet_1-2593,wall,1.8515,9.258,18.515,2.645
WL-sheet_1-2594,wall,2.7431,10.973,21.945,3.135
WL-sheet_1-2595,wall,0.5075,2.537,5.075,0.725
WL-sheet_1-2596,wall,0.924,0.7,1.4,0.2
WL-sheet_1-2597,wall,2.1131,8.453,16.905,2.415
WL-sheet_1-2598,wall,0.7,0.7,1.4,0.2
WL-sheet_1-2599,wall,2.3919,2.345,4.69,0.67
WL-sheet_1-2600,wall,3.115,15.575,31.15,4.45
WL-sheet_1-2601,wall,2.3883,3.57,7.14,1.02
WL-sheet_1-2602,wall,1.036,5.18,10.36,1.48
WL-sheet_1-2603,wall,0.595,2.975,5.95,0.85
WL-sheet_1-2604,wall,1.9425,7.77,15.54,2.22
WL-sheet_1-2605,wall,2.1,8.4,16.8,2.4
WL-sheet_1-2606,wall,0.6509,3.254,6.509,0.93
WL-sheet_1-2607,wall,1.869,9.345,18.69,2.67
WL-sheet_1-2608,wall,2.142,10.71,21.42,3.06
WL-sheet_1-2609,wall,2.8525,11.41,22.82,3.26
WL-sheet_1-2610,wall,0.5075,2.537,5.075,0.725
WL-sheet_1-2611,wall,0.9233,0.7,1.4,0.2
WL-sheet_1-2612,wall,2.7966,13.983,27.966,3.995
WL-sheet_1-2613,wall,6.055,24.22,48.44,6.92
WL-sheet_1-2614,wall,0.0,0.0,0.0,0.0
WL-sheet_1-2615,wall,2.4347,9.739,19.478,2.783
WL-sheet_1-2616,wall,1.4656,5.863,11.725,1.675
WL-sheet_1-2617,wall,4.3138,17.255,34.51,4.93
WL-sheet_1-2618,wall,1.0019,4.008,8.015,1.145
WL-sheet_1-2619,wall,3.6094,14.437,28.875,4.125
WL-sheet_1-2620,wall,2.7825,11.13,22.26,3.18
WL-sheet_1-2621,wall,0.7394,2.958,5.915,0.845
WL-sheet_1-2622,wall,96.7549,66.728,133.455,19.065
WL-sheet_1-2623,wall,1.8966,1.488,2.975,0.425
WL-sheet_1-2624,wall,9.8026,11.532,23.065,3.295
WL-sheet_1-2625,wall,2.7036,10.814,21.629,3.09
WL-sheet_1-2626,wall,1.1421,4.568,9.136,1.305
WL-sheet_1-2627,wall,1.225,4.9,9.8,1.4
WL-sheet_1-2628,wall,1.8951,1.488,2.975,0.425
WL-sheet_1-2629,wall,1.9739,7.928,15.855,2.265
WL-sheet_1-2630,wall,2.3887,9.555,19.11,2.73
WL-sheet_1-2631,wall,0.98,0.875,1.75,0.25
WL-sheet_1-2632,wall,2.2235,8.894,17.788,2.541
WL-sheet_1-2633,wall,1.0666,0.875,1.75,0.25
WL-sheet_1-2634,wall,1.9775,7.91,15.82,2.26
WL-sheet_1-2635,wall,1.1288,4.515,9.03,1.29
WL-sheet_1-2636,wall,0.805,0.875,1.75,0.25
WL-sheet_1-2637,wall,1.4131,5.652,11.305,1.615
WL-sheet_1-2638,wall,1.6363,6.545,13.09,1.87
WL-sheet_1-2639,wall,0.427,1.715,3.43,0.49
WL-sheet_1-2640,wall,0.98,0.875,1.75,0.25
WL-sheet_1-2641,wall,4.8878,24.439,48.878,6.983
WL-sheet_1-2642,wall,6.3678,31.999,63.997,9.142
WL-sheet_1-2643,wall,22.6958,45.482,90.965,12.995
WL-sheet_1-2644,wall,6.125,24.5,49.0,7.0
WL-sheet_1-2645,wall,36.6028,91.736,183.473,26.21
WL-sheet_1-2646,wall,5.46,27.3,54.6,7.8
WL-sheet_1-2647,wall,4.8325,24.163,48.325,6.904
WL-sheet_1-2648,wall,2.17,10.85,21.7,3.1
WL-sheet_1-2649,wall,5.845,29.225,58.45,8.35
WL-sheet_1-2650,wall,2.45,12.25,24.5,3.5
WL-sheet_1-2651,wall,5.32,26.6,53.2,7.6
WL-sheet_1-2652,wall,5.39,26.95,53.9,7.7
WL-sheet_1-2653,wall,5.1085,25.542,51.085,7.298
WL-sheet_1-2654,wall,2.4393,12.258,24.515,3.502
WL-sheet_1-2655,wall,5.5825,27.913,55.825,7.975
WL-sheet_1-2656,wall,5.39,26.95,53.9,7.7
WL-sheet_1-2657,wall,5.67,28.35,56.7,8.1
WL-sheet_1-2658,wall,4.2467,21.34,42.681,6.097
WL-sheet_1-2659,wall,2.0895,10.5,21.0,3.0
WL-sheet_1-2660,wall,5.4327,27.3,54.6,7.8
WL-sheet_1-2661,wall,2.17,10.85,21.7,3.1
WL-sheet_1-2662,wall,6.825,27.3,54.6,7.8
WL-sheet_1-2663,wall,13.808,34.606,69.213,9.888
WL-sheet_1-2664,wall,0.0,0.0,0.0,0.0
WL-sheet_1-2665,wall,39.3394,98.595,197.19,28.17
WL-sheet_1-2666,wall,4.619,18.55,37.1,5.3
WL-sheet_1-2667,wall,6.7977,27.3,54.6,7.8
WL-sheet_1-2668,wall,6.7977,27.3,54.6,7.8
WL-sheet_1-2669,wall,6.7977,27.3,54.6,7.8
WL-sheet_1-2670,wall,4.6375,18.55,37.1,5.3
WL-sheet_1-2671,wall,6.7977,27.3,54.6,7.8
WL-sheet_1-2672,wall,6.7977,27.3,54.6,7.8
WL-sheet_1-2673,wall,9.2743,23.186,46.372,6.625
WL-sheet_1-2674,wall,11.5188,23.084,46.167,6.595
WL-sheet_1-2675,wall,49.5129,124.092,248.185,35.455
WL-sheet_1-2676,wall,5.8506,29.4,58.8,8.4
WL-sheet_1-2677,wall,14.28,71.4,142.8,20.4
WL-sheet_1-2678,wall,5.32,26.6,53.2,7.6
WL-sheet_1-2679,wall,3.2039,16.1,32.2,4.6
WL-sheet_1-2680,wall,3.43,17.15,34.3,4.9
WL-sheet_1-2681,wall,5.32,26.6,53.2,7.6
WL-sheet_1-2682,wall,5.32,26.6,53.2,7.6
WL-sheet_1-2683,wall,4.06,20.3,40.6,5.8
WL-sheet_1-2684,wall,3.2039,16.1,32.2,4.6
WL-sheet_1-2685,wall,5.0603,20.241,40.483,5.783
WL-sheet_1-2686,wall,3.3432,16.8,33.6,4.8
WL-sheet_1-2687,wall,2.786,14.0,28.0,4.0
WL-sheet_1-2688,wall,1.1841,5.95,11.9,1.7
WL-sheet_1-2689,wall,3.0646,15.4,30.8,4.4
WL-sheet_1-2690,wall,3.8308,19.25,38.5,5.5
WL-sheet_1-2691,wall,1.26,6.3,12.6,1.8
WL-sheet_1-2692,wall,1.2537,6.3,12.6,1.8
WL-sheet_1-2693,wall,1.3234,6.65,13.3,1.9
WL-sheet_1-2694,wall,14.5469,29.094,58.188,8.313
WL-sheet_1-2695,wall,10.4477,20.895,41.791,5.97
WL-sheet_1-2696,wall,7.0908,14.21,28.42,4.06
WL-sheet_1-2697,wall,16.7125,33.425,66.85,9.55
WL-sheet_1-2698,wall,5.0819,12.705,25.41,3.63
WL-sheet_1-2699,wall,5.1041,12.792,25.585,3.655
WL-sheet_1-2700,wall,0.8813,0.788,1.575,0.225
WL-sheet_1-2701,wall,0.8925,0.875,1.75,0.25
WL-sheet_1-2702,wall,0.98,0.875,1.75,0.25
WL-sheet_1-2703,wall,0.4968,1.995,3.99,0.57
WL-sheet_1-2704,wall,0.0,0.0,0.0,0.0
WL-sheet_1-2705,wall,0.305,1.225,2.45,0.35
WL-sheet_1-2706,wall,1.75,7.0,14.0,2.0
WL-sheet_1-2707,wall,5.25,21.0,42.0,6.0
WL-sheet_1-2708,wall,0.2611,1.312,2.624,0.375
WL-sheet_1-2709,wall,0.805,0.875,1.75,0.25
WL-sheet_1-2710,wall,0.9791,0.875,1.75,0.25
WL-sheet_1-2711,wall,0.641,2.564,5.128,0.733
WL-sheet_1-2712,wall,3.5875,14.35,28.7,4.1
WL-sheet_1-2713,wall,2.3013,9.205,18.41,2.63
WL-sheet_1-2714,wall,4.6458,3.237,6.475,0.925
WL-sheet_1-2715,wall,2.7996,2.362,4.725,0.675
WL-sheet_1-2716,wall,1.5269,6.107,12.215,1.745
WL-sheet_1-2717,wall,0.897,0.787,1.575,0.225
WL-sheet_1-2718,wall,2.7297,5.459,10.919,1.56
WL-sheet_1-2719,wall,8.5578,17.15,34.3,4.9
WL-sheet_1-2720,wall,5.6438,11.288,22.575,3.225
WL-sheet_1-2721,wall,2.4622,4.934,9.868,1.41
WL-sheet_1-2722,wall,2.31,4.62,9.24,1.32
WL-sheet_1-2723,wall,1.7465,3.5,7.0,1.0
WL-sheet_1-2724,wall,7.4025,4.935,9.87,1.41
WL-sheet_1-2725,wall,1.5893,3.185,6.37,0.91
WL-sheet_1-2726,wall,7.14,14.28,28.56,4.08
WL-sheet_1-2727,wall,2.3752,4.76,9.52,1.36
WL-sheet_1-2728,wall,2.1525,4.305,8.61,1.23
WL-sheet_1-2729,wall,9.8153,19.67,39.34,5.62
WL-sheet_1-2730,wall,5.5562,11.112,22.225,3.175
WL-sheet_1-2731,wall,2.3625,4.725,9.45,1.35
WL-sheet_1-2732,wall,1.75,3.5,7.0,1.0
WL-sheet_1-2733,wall,0.7875,0.525,1.05,0.15
WL-sheet_1-2734,wall,1.2775,2.555,5.11,0.73
WL-sheet_1-2735,wall,7.0908,14.21,28.42,4.06
WL-sheet_1-2736,wall,2.1482,4.305,8.61,1.23
WL-sheet_1-2737,wall,2.3759,4.761,9.523,1.36
WL-sheet_1-2738,wall,8.575,17.15,34.3,4.9
WL-sheet_1-2739,wall,5.6325,11.287,22.575,3.225
WL-sheet_1-2740,wall,2.3578,4.725,9.45,1.35
WL-sheet_1-2741,wall,1.75,3.5,7.0,1.0
WL-sheet_1-2742,wall,7.3976,4.935,9.87,1.41
WL-sheet_1-2743,wall,1.2775,2.555,5.11,0.73
WL-sheet_1-2744,wall,7.0908,14.21,28.42,4.06
WL-sheet_1-2745,wall,2.1482,4.305,8.61,1.23
WL-sheet_1-2746,wall,9.6142,19.267,38.534,5.505
WL-sheet_1-2747,wall,2.3927,4.795,9.59,1.37
WL-sheet_1-2748,wall,2.9692,5.95,11.901,1.7
WL-sheet_1-2749,wall,2.94,5.88,11.76,1.68
WL-sheet_1-2750,wall,8.4531,16.94,33.88,4.84
WL-sheet_1-2751,wall,1.4671,2.94,5.88,0.84
WL-sheet_1-2752,wall,12.1939,24.388,48.776,6.968
WL-sheet_1-2753,wall,2.1482,4.305,8.61,1.23
WL-sheet_1-2754,wall,9.8153,19.67,39.34,5.62
WL-sheet_1-2755,wall,5.5451,11.112,22.225,3.175
WL-sheet_1-2756,wall,2.3625,4.725,9.45,1.35
WL-sheet_1-2757,wall,1.75,3.5,7.0,1.0
WL-sheet_1-2758,wall,7.3976,4.935,9.87,1.41
WL-sheet_1-2759,wall,1.2775,2.555,5.11,0.73
WL-sheet_1-2760,wall,2.1482,4.305,8.61,1.23
WL-sheet_1-2761,wall,13.668,27.391,54.782,7.826
WL-sheet_1-2762,wall,2.1482,4.305,8.61,1.23
WL-sheet_1-2763,wall,9.8153,19.67,39.34,5.62
WL-sheet_1-2764,wall,5.5563,11.113,22.225,3.175
WL-sheet_1-2765,wall,2.3567,4.723,9.446,1.349
WL-sheet_1-2766,wall,5.5451,11.112,22.225,3.175
WL-sheet_1-2767,wall,9.835,19.67,39.34,5.62
WL-sheet_1-2768,wall,2.1525,4.305,8.61,1.23
WL-sheet_1-2769,wall,10.2864,34.288,68.576,9.797
WL-sheet_1-2770,wall,2.1875,4.375,8.75,1.25
WL-sheet_1-2771,wall,3.2395,6.479,12.958,1.851
WL-sheet_1-2772,wall,11.2792,18.83,37.66,5.38
WL-sheet_1-2773,wall,1.4962,5.985,11.97,1.71
WL-sheet_1-2774,wall,1.8302,7.35,14.7,2.1
WL-sheet_1-2775,wall,8.7334,6.265,12.53,1.79
WL-sheet_1-2776,wall,1.3116,5.268,10.535,1.505
WL-sheet_1-2777,wall,2.17,8.68,17.36,2.48
WL-sheet_1-2778,wall,1.8375,7.35,14.7,2.1
WL-sheet_1-2779,wall,4.4927,17.971,35.941,5.134
WL-sheet_1-2780,wall,0.0,0.0,0.0,0.0
WL-sheet_1-2781,wall,0.0,0.0,0.0,0.0
WL-sheet_1-2782,wall,0.1094,0.437,0.875,0.125
WL-sheet_1-2783,wall,0.1094,0.437,0.875,0.125
WL-sheet_1-2784,wall,0.0,0.0,0.0,0.0
WL-sheet_1-2785,wall,0.0,0.0,0.0,0.0
WL-sheet_1-2786,wall,2.17,8.68,17.36,2.48
WL-sheet_1-2787,wall,1.8302,7.35,14.7,2.1
WL-sheet_1-2788,wall,1.8375,7.35,14.7,2.1
WL-sheet_1-2789,wall,1.4903,5.985,11.97,1.71
WL-sheet_1-2790,wall,2.7888,11.2,22.4,3.2
WL-sheet_1-2791,wall,2.7535,2.756,5.512,0.787
WL-sheet_1-2792,wall,1.4962,5.985,11.97,1.71
WL-sheet_1-2793,wall,1.8375,7.35,14.7,2.1
WL-sheet_1-2794,wall,8.7334,6.265,12.53,1.79
WL-sheet_1-2795,wall,1.3169,5.267,10.535,1.505
WL-sheet_1-2796,wall,2.17,8.68,17.36,2.48
WL-sheet_1-2797,wall,1.8302,7.35,14.7,2.1
WL-sheet_1-2798,wall,0.0,0.0,0.0,0.0
WL-sheet_1-2799,wall,0.0,0.0,0.0,0.0
WL-sheet_1-2800,wall,0.0,0.0,0.0,0.0
WL-sheet_1-2801,wall,0.0,0.0,0.0,0.0
WL-sheet_1-2802,wall,0.0,0.0,0.0,0.0
WL-sheet_1-2803,wall,2.17,8.68,17.36,2.48
WL-sheet_1-2804,wall,1.8301,7.35,14.7,2.1
WL-sheet_1-2805,wall,1.4118,5.67,11.34,1.62
WL-sheet_1-2806,wall,7.7576,5.565,11.13,1.59
WL-sheet_1-2807,wall,1.7937,7.175,14.35,2.05
WL-sheet_1-2808,wall,1.4903,5.985,11.97,1.71
WL-sheet_1-2809,wall,6.3328,5.066,10.133,1.448
WL-sheet_1-2810,wall,1.4903,5.985,11.97,1.71
WL-sheet_1-2811,wall,1.7256,6.93,13.86,1.98
WL-sheet_1-2812,wall,1.4696,5.267,10.535,1.505
WL-sheet_1-2813,wall,8.7334,6.265,12.53,1.79
WL-sheet_1-2814,wall,2.17,8.68,17.36,2.48
WL-sheet_1-2815,wall,1.8301,7.35,14.7,2.1
WL-sheet_1-2816,wall,0.0,0.0,0.0,0.0
WL-sheet_1-2817,wall,0.0,0.0,0.0,0.0
WL-sheet_1-2818,wall,0.0,0.0,0.0,0.0
WL-sheet_1-2819,wall,0.0,0.0,0.0,0.0
WL-sheet_1-2820,wall,2.6775,10.71,21.42,3.06
WL-sheet_1-2821,wall,0.0,0.0,0.0,0.0
WL-sheet_1-2822,wall,0.0,0.0,0.0,0.0
WL-sheet_1-2823,wall,0.1094,0.437,0.875,0.125
WL-sheet_1-2824,wall,2.1613,8.68,17.36,2.48
WL-sheet_1-2825,wall,1.8301,7.35,14.7,2.1
WL-sheet_1-2826,wall,1.3116,5.267,10.535,1.505
WL-sheet_1-2827,wall,1.8375,7.35,14.7,2.1
WL-sheet_1-2828,wall,1.4903,5.985,11.97,1.71
WL-sheet_1-2829,wall,2.3909,9.564,19.127,2.732
WL-sheet_1-2830,wall,0.0,0.0,0.0,0.0
WL-sheet_1-2831,wall,0.0,0.0,0.0,0.0
WL-sheet_1-2832,wall,0.0,0.0,0.0,0.0
WL-sheet_1-2833,wall,0.0,0.0,0.0,0.0
WL-sheet_1-2834,wall,0.0,0.0,0.0,0.0
WL-sheet_1-2835,wall,0.0,0.0,0.0,0.0
WL-sheet_1-2836,wall,0.0,0.0,0.0,0.0
WL-sheet_1-2837,wall,0.6924,0.753,1.505,0.215
WL-sheet_1-2838,wall,0.0,0.0,0.0,0.0
WL-sheet_1-2839,wall,3.3463,13.385,26.77,3.824
WL-sheet_1-2840,wall,1.4903,5.985,11.97,1.71
WL-sheet_1-2841,wall,8.7334,6.265,12.53,1.79
WL-sheet_1-2842,wall,1.3116,5.267,10.535,1.505
WL-sheet_1-2843,wall,2.17,8.68,17.36,2.48
WL-sheet_1-2844,wall,0.0,0.0,0.0,0.0
WL-sheet_1-2845,wall,0.0,0.0,0.0,0.0
WL-sheet_1-2846,wall,0.0,0.0,0.0,0.0
WL-sheet_1-2847,wall,0.0,0.0,0.0,0.0
WL-sheet_1-2848,wall,0.805,0.875,1.75,0.25
WL-sheet_1-2849,wall,0.0,0.0,0.0,0.0
WL-sheet_1-2850,wall,0.0,0.0,0.0,0.0
WL-sheet_1-2851,wall,2.1613,8.68,17.36,2.48
WL-sheet_1-2852,wall,1.8375,7.35,14.7,2.1
WL-sheet_1-2853,wall,1.3116,5.268,10.535,1.505
WL-sheet_1-2854,wall,1.8375,7.35,14.7,2.1
WL-sheet_1-2855,wall,1.4963,5.985,11.97,1.71
WL-sheet_1-2856,wall,1.8301,7.35,14.7,2.1
WL-sheet_1-2857,wall,1.4963,5.985,11.97,1.71
WL-sheet_1-2858,wall,8.7397,6.265,12.53,1.79
WL-sheet_1-2859,wall,1.3116,5.267,10.535,1.505
WL-sheet_1-2860,wall,1.3116,5.268,10.535,1.505
WL-sheet_1-2861,wall,1.4044,5.617,11.235,1.605
WL-sheet_1-2862,wall,1.9425,7.77,15.54,2.22
WL-sheet_1-2863,wall,1.8375,7.35,14.7,2.1
WL-sheet_1-2864,wall,3.4672,2.774,5.547,0.792
WL-sheet_1-2865,wall,0.0,0.0,0.0,0.0
WL-sheet_1-2866,wall,0.0,0.0,0.0,0.0
WL-sheet_1-2867,wall,0.0,0.0,0.0,0.0
WL-sheet_1-2868,wall,0.0,0.0,0.0,0.0
WL-sheet_1-2869,wall,0.0,0.0,0.0,0.0
WL-sheet_1-2870,wall,2.6469,10.587,21.175,3.025
WL-sheet_1-2871,wall,3.0319,12.127,24.255,3.465
WL-sheet_1-2872,wall,0.0,0.0,0.0,0.0
WL-sheet_1-2873,wall,0.0,0.0,0.0,0.0
WL-sheet_1-2874,wall,0.0,0.0,0.0,0.0
WL-sheet_1-2875,wall,0.0,0.0,0.0,0.0
WL-sheet_1-2876,wall,0.1094,0.437,0.875,0.125
WL-sheet_1-2877,wall,0.0,0.0,0.0,0.0
WL-sheet_1-2878,wall,0.0,0.0,0.0,0.0
WL-sheet_1-2879,wall,0.0,0.0,0.0,0.0
WL-sheet_1-2880,wall,0.0,0.0,0.0,0.0
WL-sheet_1-2881,wall,0.0,0.0,0.0,0.0
WL-sheet_1-2882,wall,0.0,0.0,0.0,0.0
WL-sheet_1-2883,wall,0.0,0.0,0.0,0.0
WL-sheet_1-2884,wall,0.1094,0.437,0.875,0.125
WL-sheet_1-2885,wall,0.0,0.0,0.0,0.0
WL-sheet_1-2886,wall,0.0,0.0,0.0,0.0
WL-sheet_1-2887,wall,0.0,0.0,0.0,0.0
WL-sheet_1-2888,wall,0.0,0.0,0.0,0.0
WL-sheet_1-2889,wall,0.0,0.0,0.0,0.0
WL-sheet_1-2890,wall,0.0,0.0,0.0,0.0
WL-sheet_1-2891,wall,0.0,0.0,0.0,0.0
WL-sheet_1-2892,wall,2.9326,11.777,23.555,3.365
WL-sheet_1-2893,wall,2.6363,10.587,21.175,3.025
WL-sheet_1-2894,wall,0.0,0.0,0.0,0.0
WL-sheet_1-2895,wall,0.0,0.0,0.0,0.0
WL-sheet_1-2896,wall,0.0,0.0,0.0,0.0
WL-sheet_1-2897,wall,0.0,0.0,0.0,0.0
WL-sheet_1-2898,wall,0.1094,0.437,0.875,0.125
WL-sheet_1-2899,wall,0.0,0.0,0.0,0.0
WL-sheet_1-2900,wall,0.0,0.0,0.0,0.0
WL-sheet_1-2901,wall,0.0,0.0,0.0,0.0
WL-sheet_1-2902,wall,0.0,0.0,0.0,0.0
WL-sheet_1-2903,wall,2.6363,10.587,21.175,3.025
WL-sheet_1-2904,wall,0.0,0.0,0.0,0.0
WL-sheet_1-2905,wall,2.9326,11.777,23.555,3.365
WL-sheet_1-2906,wall,0.0,0.0,0.0,0.0
WL-sheet_1-2907,wall,0.0,0.0,0.0,0.0
WL-sheet_1-2908,wall,0.0,0.0,0.0,0.0
WL-sheet_1-2909,wall,0.1094,0.437,0.875,0.125
WL-sheet_1-2910,wall,0.0,0.0,0.0,0.0
WL-sheet_1-2911,wall,2.17,8.68,17.36,2.48
WL-sheet_1-2912,wall,1.8375,7.35,14.7,2.1
WL-sheet_1-2913,wall,9.9531,7.14,14.28,2.04
WL-sheet_1-2914,wall,1.3169,5.268,10.535,1.505
WL-sheet_1-2915,wall,3.0669,12.268,24.535,3.505
WL-sheet_1-2916,wall,16.8438,11.498,22.995,3.285
WL-sheet_1-2917,wall,2.17,8.68,17.36,2.48
WL-sheet_1-2918,wall,1.8375,7.35,14.7,2.1
WL-sheet_1-2919,wall,1.4044,5.617,11.235,1.605
WL-sheet_1-2920,wall,3.1325,12.53,25.06,3.58
WL-sheet_1-2921,wall,1.3169,5.268,10.535,1.505
WL-sheet_1-2922,wall,5.4905,22.05,44.1,6.3
WL-sheet_1-2923,wall,1.4175,5.67,11.34,1.62
WL-sheet_1-2924,wall,1.8375,7.35,14.7,2.1
WL-sheet_1-2925,wall,2.17,8.68,17.36,2.48
WL-sheet_1-2926,wall,3.045,12.18,24.36,3.48
WL-sheet_1-2927,wall,2.17,8.68,17.36,2.48
WL-sheet_1-2928,wall,1.8375,7.35,14.7,2.1
WL-sheet_1-2929,wall,1.4175,5.67,11.34,1.62
WL-sheet_1-2930,wall,7.3505,6.283,12.565,1.795
WL-sheet_1-2931,wall,16.972,11.585,23.17,3.31
WL-sheet_1-2932,wall,1.3169,5.267,10.535,1.505
WL-sheet_1-2933,wall,2.17,8.68,17.36,2.48
WL-sheet_1-2934,wall,1.8302,7.35,14.7,2.1
WL-sheet_1-2935,wall,1.8375,7.35,14.7,2.1
WL-sheet_1-2936,wall,2.17,8.68,17.36,2.48
WL-sheet_1-2937,wall,1.3169,5.268,10.535,1.505
WL-sheet_1-2938,wall,5.5125,22.05,44.1,6.3
WL-sheet_1-2939,wall,1.4175,5.67,11.34,1.62
WL-sheet_1-2940,wall,1.8375,7.35,14.7,2.1
WL-sheet_1-2941,wall,2.17,8.68,17.36,2.48
WL-sheet_1-2942,wall,0.0,0.0,0.0,0.0
WL-sheet_1-2943,wall,0.0,0.0,0.0,0.0
WL-sheet_1-2944,wall,2.6469,10.587,21.175,3.025
WL-sheet_1-2945,wall,3.1505,12.652,25.305,3.615
WL-sheet_1-2946,wall,0.0,0.0,0.0,0.0
WL-sheet_1-2947,wall,0.0,0.0,0.0,0.0
WL-sheet_1-2948,wall,0.0,0.0,0.0,0.0
WL-sheet_1-2949,wall,0.0,0.0,0.0,0.0
WL-sheet_1-2950,wall,0.0,0.0,0.0,0.0
WL-sheet_1-2951,wall,0.0,0.0,0.0,0.0
WL-sheet_1-2952,wall,0.0,0.0,0.0,0.0
WL-sheet_1-2953,wall,0.0,0.0,0.0,0.0
WL-sheet_1-2954,wall,0.0,0.0,0.0,0.0
WL-sheet_1-2955,wall,0.0,0.0,0.0,0.0
WL-sheet_1-2956,wall,0.0,0.0,0.0,0.0
WL-sheet_1-2957,wall,0.0,0.0,0.0,0.0
WL-sheet_1-2958,wall,2.6469,10.587,21.175,3.025
WL-sheet_1-2959,wall,0.0,0.0,0.0,0.0
WL-sheet_1-2960,wall,0.0,0.0,0.0,0.0
WL-sheet_1-2961,wall,0.1094,0.437,0.875,0.125
WL-sheet_1-2962,wall,0.0,0.0,0.0,0.0
WL-sheet_1-2963,wall,0.0,0.0,0.0,0.0
WL-sheet_1-2964,wall,1.3552,5.442,10.885,1.555
WL-sheet_1-2965,wall,1.3606,5.442,10.885,1.555
WL-sheet_1-2966,wall,4.3221,3.237,6.475,0.925
WL-sheet_1-2967,wall,2.17,8.68,17.36,2.48
WL-sheet_1-2968,wall,2.17,8.68,17.36,2.48
WL-sheet_1-2969,wall,1.8375,7.35,14.7,2.1
WL-sheet_1-2970,wall,2.7284,2.678,5.355,0.765
WL-sheet_1-2971,wall,1.3552,5.443,10.885,1.555
WL-sheet_1-2972,wall,1.3606,5.442,10.885,1.555
WL-sheet_1-2973,wall,2.17,8.68,17.36,2.48
WL-sheet_1-2974,wall,1.8301,7.35,14.7,2.1
WL-sheet_1-2975,wall,2.7284,2.678,5.355,0.765
WL-sheet_1-2976,wall,1.3552,5.442,10.885,1.555
WL-sheet_1-2977,wall,0.3719,1.488,2.975,0.425
WL-sheet_1-2978,wall,1.2644,5.058,10.115,1.445
WL-sheet_1-2979,wall,5.5125,22.05,44.1,6.3
WL-sheet_1-2980,wall,2.17,8.68,17.36,2.48
WL-sheet_1-2981,wall,1.8301,7.35,14.7,2.1
WL-sheet_1-2982,wall,1.9862,7.945,15.89,2.27
WL-sheet_1-2983,wall,3.364,13.51,27.02,3.86
WL-sheet_1-2984,wall,2.1044,8.418,16.835,2.405
WL-sheet_1-2985,wall,1.5861,6.37,12.74,1.82
WL-sheet_1-2986,wall,1.6079,6.458,12.915,1.845
WL-sheet_1-2987,wall,3.4125,13.65,27.3,3.9
WL-sheet_1-2988,wall,1.33,5.32,10.64,1.52
WL-sheet_1-2989,wall,0.0131,0.052,0.105,0.015
WL-sheet_1-2990,wall,2.4806,9.923,19.845,2.835
WL-sheet_1-2991,wall,2.3959,9.584,19.167,2.738
WL-sheet_1-2992,wall,2.3709,9.484,18.967,2.71
WL-sheet_1-2993,wall,4.9709,10.062,20.125,2.875
WL-sheet_1-2994,wall,0.8763,3.505,7.01,1.001
WL-sheet_1-2995,wall,0.4133,1.653,3.307,0.472
WL-sheet_1-2996,wall,1.6319,6.527,13.055,1.865
WL-sheet_1-2997,wall,0.175,0.7,1.4,0.2
WL-sheet_1-2998,wall,0.4375,1.75,3.5,0.5
WL-sheet_1-2999,wall,8.2919,5.565,11.13,1.59
WL-sheet_1-3000,wall,1.4131,5.652,11.305,1.615
WL-sheet_1-3001,wall,3.6487,14.595,29.19,4.17
WL-sheet_1-3002,wall,0.0,0.0,0.0,0.0
WL-sheet_1-3003,wall,2.6031,10.412,20.825,2.975
WL-sheet_1-3004,wall,2.5944,10.377,20.755,2.965
WL-sheet_1-3005,wall,5.9019,23.608,47.215,6.745
WL-sheet_1-3006,wall,0.0,0.0,0.0,0.0
WL-sheet_1-3007,wall,0.7088,2.835,5.67,0.81
WL-sheet_1-3008,wall,3.2827,18.339,36.678,5.24
WL-sheet_1-3009,wall,4.2984,23.88,47.76,6.823
WL-sheet_1-3010,wall,2.742,15.318,30.636,4.377
WL-sheet_1-3011,wall,2.3772,13.281,26.561,3.794
WL-sheet_1-3012,wall,4.4179,24.544,49.088,7.013
WL-sheet_1-3013,wall,4.5086,18.034,36.069,5.153
WL-sheet_1-3014,wall,0.0,0.0,0.0,0.0
WL-sheet_1-3015,wall,0.0,0.0,0.0,0.0
WL-sheet_1-3016,wall,4.4383,9.17,18.34,2.62
WL-sheet_1-3017,wall,7.9664,19.966,39.932,5.705
WL-sheet_1-3018,wall,7.6399,38.199,76.399,10.914
WL-sheet_1-3019,wall,0.1225,0.612,1.225,0.175
WL-sheet_1-3020,wall,1.988,9.94,19.88,2.84
WL-sheet_1-3021,wall,5.18,25.9,51.8,7.4
WL-sheet_1-3022,wall,9.6432,8.61,17.22,2.46
WL-sheet_1-3023,wall,1.6704,7.262,14.525,2.075
WL-sheet_1-3024,wall,0.2047,0.455,0.91,0.13
WL-sheet_1-3025,wall,3.192,15.96,31.92,4.56
WL-sheet_1-3026,wall,0.2135,1.067,2.135,0.305
WL-sheet_1-3027,wall,0.784,0.7,1.4,0.2
WL-sheet_1-3028,wall,0.784,0.7,1.4,0.2
WL-sheet_1-3029,wall,0.126,0.63,1.26,0.18
WL-sheet_1-3030,wall,0.0,0.0,0.0,0.0
WL-sheet_1-3031,wall,1.2241,0.875,1.75,0.25
WL-sheet_1-3032,wall,0.523,2.1,4.201,0.6
WL-sheet_1-3033,wall,0.0,0.0,0.0,0.0
WL-sheet_1-3034,wall,1.155,4.62,9.24,1.32
WL-sheet_1-3035,wall,3.0581,12.233,24.465,3.495
WL-sheet_1-3036,wall,2.1175,8.47,16.94,2.42
WL-sheet_1-3037,wall,1.7604,7.07,14.14,2.02
WL-sheet_1-3038,wall,1.701,8.505,17.01,2.43
WL-sheet_1-3039,wall,0.8356,3.342,6.685,0.955
WL-sheet_1-3040,wall,1.2031,4.812,9.625,1.375
WL-sheet_1-3041,wall,2.73,10.92,21.84,3.12
WL-sheet_1-3042,wall,1.39,5.583,11.165,1.595
WL-sheet_1-3043,wall,0.7237,0.787,1.575,0.225
WL-sheet_1-3044,wall,0.3587,1.435,2.87,0.41
WL-sheet_1-3045,wall,0.8925,0.875,1.75,0.25
WL-sheet_1-3046,wall,0.4944,1.978,3.955,0.565
WL-sheet_1-3047,wall,1.5233,1.837,3.675,0.525
WL-sheet_1-3048,wall,3.852,15.47,30.94,4.42
WL-sheet_1-3049,wall,4.5901,21.858,43.715,6.245
WL-sheet_1-3050,wall,14.4451,17.115,34.23,4.89
WL-sheet_1-3051,wall,7.1556,35.778,71.556,10.222
WL-sheet_1-3052,wall,9.9365,49.682,99.365,14.195
WL-sheet_1-3053,wall,3.7672,18.836,37.672,5.382
WL-sheet_1-3054,wall,5.3971,26.985,53.971,7.71
WL-sheet_1-3055,wall,1.1016,0.875,1.75,0.25
WL-sheet_1-3056,wall,2.5865,12.932,25.865,3.695
WL-sheet_1-3057,wall,0.9765,0.787,1.575,0.225
WL-sheet_1-3058,wall,2.4224,13.458,26.915,3.845
WL-sheet_1-3059,wall,0.805,0.875,1.75,0.25
WL-sheet_1-3060,wall,0.9844,3.938,7.875,1.125
WL-sheet_1-3061,wall,1.75,7.0,14.0,2.0
WL-sheet_1-3062,wall,2.5865,12.932,25.865,3.695
WL-sheet_1-3063,wall,0.0,0.0,0.0,0.0
WL-sheet_1-3064,wall,1.225,0.875,1.75,0.25
WL-sheet_1-3065,wall,0.0,0.0,0.0,0.0
WL-sheet_1-3066,wall,3.6342,14.595,29.19,4.17
WL-sheet_1-3067,wall,1.155,4.62,9.24,1.32
WL-sheet_1-3068,wall,1.133,4.55,9.1,1.3
WL-sheet_1-3069,wall,0.8838,3.535,7.07,1.01
WL-sheet_1-3070,wall,0.525,2.1,4.2,0.6
WL-sheet_1-3071,wall,0.1094,0.437,0.875,0.125
WL-sheet_1-3072,wall,0.0,0.0,0.0,0.0
WL-sheet_1-3073,wall,0.0,0.0,0.0,0.0
WL-sheet_1-3074,wall,1.155,4.62,9.24,1.32
WL-sheet_1-3075,wall,0.8838,3.535,7.07,1.01
WL-sheet_1-3076,wall,0.6169,2.467,4.935,0.705
WL-sheet_1-3077,wall,0.0,0.0,0.0,0.0
WL-sheet_1-3078,wall,0.0,0.0,0.0,0.0
WL-sheet_1-3079,wall,0.1221,0.49,0.98,0.14
WL-sheet_1-3080,wall,1.155,4.62,9.24,1.32
WL-sheet_1-3081,wall,1.2425,4.97,9.94,1.42
WL-sheet_1-3082,wall,0.8837,3.535,7.07,1.01
WL-sheet_1-3083,wall,1.036,5.18,10.36,1.48
WL-sheet_1-3084,wall,1.0194,4.078,8.155,1.165
WL-sheet_1-3085,wall,0.7,0.7,1.4,0.2
WL-sheet_1-3086,wall,1.925,9.625,19.25,2.75
WL-sheet_1-3087,wall,2.345,11.725,23.45,3.35
WL-sheet_1-3088,wall,0.14,0.7,1.4,0.2
WL-sheet_1-3089,wall,0.5075,2.537,5.075,0.725
WL-sheet_1-3090,wall,0.0744,0.298,0.595,0.085
WL-sheet_1-3091,wall,0.0219,0.087,0.175,0.025
WL-sheet_1-3092,wall,0.0218,0.088,0.175,0.025
WL-sheet_1-3093,wall,0.1006,0.437,0.875,0.125
WL-sheet_1-3094,wall,0.1006,0.437,0.875,0.125
WL-sheet_1-3095,wall,0.7044,2.817,5.635,0.805
WL-sheet_1-3096,wall,8.4438,33.775,67.55,9.65
WL-sheet_1-3097,wall,3.0404,12.162,24.324,3.475
WL-sheet_1-3098,wall,1.9635,9.818,19.635,2.805
WL-sheet_1-3099,wall,0.42,2.1,4.2,0.6
WL-sheet_1-3100,wall,7.2244,36.122,72.244,10.321
WL-sheet_1-3101,wall,1.4641,5.88,11.76,1.68
WL-sheet_1-3102,wall,1.3912,5.565,11.13,1.59
WL-sheet_1-3103,wall,0.0,0.0,0.0,0.0
WL-sheet_1-3104,wall,0.0438,0.175,0.35,0.05
WL-sheet_1-3105,wall,1.8375,7.35,14.7,2.1
WL-sheet_1-3106,wall,2.17,8.68,17.36,2.48
WL-sheet_1-3107,wall,14.4451,17.115,34.23,4.89
WL-sheet_1-3108,wall,25.375,63.438,126.875,18.125
WL-sheet_1-3109,wall,13.748,34.37,68.74,9.82
WL-sheet_1-3110,wall,0.7096,14.193,28.385,4.055
WL-sheet_1-3111,wall,4.7775,9.555,19.11,2.73
WL-sheet_1-3112,wall,11.0554,22.111,44.222,6.317
WL-sheet_1-3113,wall,7.1497,14.299,28.599,4.086
WL-sheet_1-3114,wall,0.483,3.22,6.44,0.92
WL-sheet_1-3115,wall,11.2343,28.086,56.171,8.024
WL-sheet_1-3116,wall,9.3722,23.431,46.861,6.694
WL-sheet_1-3117,wall,4.9784,9.686,19.371,2.767
WL-sheet_1-3118,wall,5.177,20.791,41.582,5.94
WL-sheet_1-3119,wall,0.0855,0.342,0.684,0.098
WL-sheet_1-3120,wall,2.7926,11.17,22.341,3.192
WL-sheet_1-3121,wall,1.5756,6.328,12.655,1.808
WL-sheet_1-3122,wall,5.8526,23.411,46.821,6.689
WL-sheet_1-3123,wall,6.2197,24.879,49.758,7.108
WL-sheet_1-3124,wall,2.8656,11.462,22.925,3.275
WL-sheet_1-3125,wall,10.6759,42.875,85.75,12.25
WL-sheet_1-3126,wall,3.3469,13.387,26.775,3.825
WL-sheet_1-3127,wall,2.8656,11.462,22.925,3.275
WL-sheet_1-3128,wall,10.6759,42.875,85.75,12.25
WL-sheet_1-3129,wall,3.3469,13.387,26.775,3.825
WL-sheet_1-3130,wall,0.1094,0.437,0.875,0.125
WL-sheet_1-3131,wall,6.7156,26.863,53.725,7.675
WL-sheet_1-3132,wall,0.2188,0.875,1.75,0.25
WL-sheet_1-3133,wall,0.1094,0.437,0.875,0.125
WL-sheet_1-3134,wall,6.7156,26.863,53.725,7.675
WL-sheet_1-3135,wall,0.2188,0.875,1.75,0.25
WL-sheet_1-3136,wall,10.2698,41.079,82.158,11.737
WL-sheet_1-3137,wall,3.7029,14.812,29.623,4.232
WL-sheet_1-3138,wall,4.7476,23.857,47.715,6.816
WL-sheet_1-3139,wall,8.1695,20.475,40.95,5.85
WL-sheet_1-3140,wall,8.239,20.597,41.195,5.885
WL-sheet_1-3141,wall,8.1695,20.475,40.95,5.85
WL-sheet_1-3142,wall,0.28,0.7,1.4,0.2
WL-sheet_1-3143,wall,0.2793,0.7,1.4,0.2
WL-sheet_1-3144,wall,1.743,4.358,8.715,1.245
WL-sheet_1-3145,wall,5.376,13.44,26.88,3.84
WL-sheet_1-3146,wall,1.7326,6.93,13.861,1.98
WL-sheet_1-3147,wall,1.0894,4.375,8.75,1.25
WL-sheet_1-3148,wall,0.7631,1.662,3.325,0.475
WL-sheet_1-3149,wall,1.288,6.44,12.88,1.84
WL-sheet_1-3150,wall,1.4876,5.95,11.901,1.7
WL-sheet_1-3151,wall,0.0,0.0,0.0,0.0
WL-sheet_1-3152,wall,0.0,0.0,0.0,0.0
SL-sheet_1-0001,slab,3.7841,25.227,25.227,0.0
SL-sheet_1-0002,slab,28.4336,189.557,189.557,0.0
SL-sheet_1-0003,slab,39.6132,264.088,264.088,0.0
SL-sheet_1-0004,slab,115.1829,767.886,767.886,0.0
SL-sheet_1-0005,slab,46.0226,306.818,306.818,0.0
SL-sheet_1-0006,slab,47.9171,319.447,319.447,0.0
SL-sheet_1-0007,slab,75.5079,503.386,503.386,0.0
SL-sheet_1-0008,slab,131.5603,877.069,877.069,0.0
SL-sheet_1-0009,slab,132.2854,881.903,881.903,0.0
SL-sheet_1-0010,slab,129.2676,861.784,861.784,0.0
SL-sheet_1-0011,slab,99.9907,666.605,666.605,0.0
SL-sheet_1-0012,slab,132.6985,884.657,884.657,0.0
SL-sheet_1-0013,slab,124.7487,831.658,831.658,0.0
SL-sheet_1-0014,slab,4.9437,32.958,32.958,0.0
SL-sheet_1-0015,slab,1.0432,6.955,6.955,0.0
SL-sheet_1-0016,slab,0.191,1.273,1.273,0.0
SL-sheet_1-0017,slab,4.9437,32.958,32.958,0.0
SL-sheet_1-0018,slab,0.4198,2.799,2.799,0.0
SL-sheet_1-0019,slab,76.4792,509.862,509.862,0.0
SL-sheet_1-0020,slab,79.4186,529.458,529.458,0.0
SL-sheet_1-0021,slab,0.5417,3.611,3.611,0.0
SL-sheet_1-0022,slab,117.7695,785.13,785.13,0.0
SL-sheet_1-0023,slab,117.5947,783.965,783.965,0.0
SL-sheet_1-0024,slab,134.9129,899.419,899.419,0.0
SL-sheet_1-0025,slab,1.0432,6.955,6.955,0.0
SL-sheet_1-0026,slab,0.5417,3.611,3.611,0.0
SL-sheet_1-0027,slab,0.191,1.273,1.273,0.0
SL-sheet_1-0028,slab,0.8108,5.405,5.405,0.0
SL-sheet_1-0029,slab,0.0994,0.663,0.663,0.0
SL-sheet_1-0030,slab,0.7656,5.104,5.104,0.0
SL-sheet_1-0031,slab,0.0865,0.577,0.577,0.0
SL-sheet_1-0032,slab,0.0482,0.322,0.322,0.0
SL-sheet_1-0033,slab,88.736,591.574,591.574,0.0
SL-sheet_1-0034,slab,74.3383,495.588,495.588,0.0
SL-sheet_1-0035,slab,0.794,5.293,5.293,0.0
SL-sheet_1-0036,slab,0.7645,5.097,5.097,0.0
SL-sheet_1-0037,slab,0.1959,1.306,1.306,0.0
SL-sheet_1-0038,slab,0.1959,1.306,1.306,0.0
SL-sheet_1-0039,slab,0.1959,1.306,1.306,0.0
SL-sheet_1-0040,slab,0.1586,1.058,1.058,0.0
SL-sheet_1-0041,slab,0.1959,1.306,1.306,0.0
SL-sheet_1-0042,slab,0.1959,1.306,1.306,0.0
SL-sheet_1-0043,slab,0.1959,1.306,1.306,0.0
SL-sheet_1-0044,slab,0.1959,1.306,1.306,0.0
SL-sheet_1-0045,slab,0.1959,1.306,1.306,0.0
SL-sheet_1-0046,slab,0.1959,1.306,1.306,0.0
SL-sheet_1-0047,slab,0.1959,1.306,1.306,0.0
SL-sheet_1-0048,slab,0.1959,1.306,1.306,0.0
SL-sheet_1-0049,slab,0.1959,1.306,1.306,0.0
SL-sheet_1-0050,slab,0.1959,1.306,1.306,0.0
SL-sheet_1-0051,slab,0.1959,1.306,1.306,0.0
SL-sheet_1-0052,slab,0.1959,1.306,1.306,0.0
SL-sheet_1-0053,slab,0.1959,1.306,1.306,0.0
SL-sheet_1-0054,slab,0.1959,1.306,1.306,0.0
SL-sheet_1-0055,slab,0.1959,1.306,1.306,0.0
SL-sheet_1-0056,slab,0.1959,1.306,1.306,0.0
SL-sheet_1-0057,slab,0.1959,1.306,1.306,0.0
SL-sheet_1-0058,slab,0.1959,1.306,1.306,0.0
SL-sheet_1-0059,slab,0.1959,1.306,1.306,0.0
SL-sheet_1-0060,slab,0.1959,1.306,1.306,0.0
SL-sheet_1-0061,slab,0.1959,1.306,1.306,0.0
SL-sheet_1-0062,slab,0.1959,1.306,1.306,0.0
SL-sheet_1-0063,slab,0.1959,1.306,1.306,0.0
SL-sheet_1-0064,slab,0.1959,1.306,1.306,0.0
SL-sheet_1-0065,slab,0.1959,1.306,1.306,0.0
SL-sheet_1-0066,slab,0.1959,1.306,1.306,0.0
SL-sheet_1-0067,slab,0.1959,1.306,1.306,0.0
SL-sheet_1-0068,slab,0.1959,1.306,1.306,0.0
SL-sheet_1-0069,slab,0.1959,1.306,1.306,0.0
SL-sheet_1-0070,slab,0.1959,1.306,1.306,0.0
SL-sheet_1-0071,slab,0.1959,1.306,1.306,0.0
SL-sheet_1-0072,slab,0.1959,1.306,1.306,0.0
SL-sheet_1-0073,slab,0.1959,1.306,1.306,0.0
SL-sheet_1-0074,slab,0.1959,1.306,1.306,0.0
SL-sheet_1-0075,slab,0.1959,1.306,1.306,0.0
SL-sheet_1-0076,slab,0.1959,1.306,1.306,0.0
SL-sheet_1-0077,slab,0.1959,1.306,1.306,0.0
SL-sheet_1-0078,slab,0.1959,1.306,1.306,0.0
SL-sheet_1-0079,slab,0.1959,1.306,1.306,0.0
SL-sheet_1-0080,slab,0.1959,1.306,1.306,0.0
SL-sheet_1-0081,slab,0.1959,1.306,1.306,0.0
SL-sheet_1-0082,slab,0.1959,1.306,1.306,0.0
SL-sheet_1-0083,slab,0.1959,1.306,1.306,0.0
SL-sheet_1-0084,slab,0.1959,1.306,1.306,0.0
SL-sheet_1-0085,slab,0.1959,1.306,1.306,0.0
SL-sheet_1-0086,slab,0.1959,1.306,1.306,0.0
SL-sheet_1-0087,slab,0.1959,1.306,1.306,0.0
SL-sheet_1-0088,slab,0.1959,1.306,1.306,0.0
SL-sheet_1-0089,slab,0.1959,1.306,1.306,0.0
SL-sheet_1-0090,slab,0.1959,1.306,1.306,0.0
SL-sheet_1-0091,slab,0.1959,1.306,1.306,0.0
SL-sheet_1-0092,slab,0.3664,2.443,2.443,0.0
SL-sheet_1-0093,slab,0.3742,2.495,2.495,0.0
SL-sheet_1-0094,slab,0.3664,2.443,2.443,0.0
SL-sheet_1-0095,slab,0.3742,2.495,2.495,0.0
SL-sheet_1-0096,slab,0.1379,0.92,0.92,0.0
SL-sheet_1-0097,slab,0.196,1.307,1.307,0.0
SL-sheet_1-0098,slab,0.2337,1.558,1.558,0.0
SL-sheet_1-0099,slab,0.2403,1.602,1.602,0.0
SL-sheet_1-0100,slab,0.4248,2.832,2.832,0.0
SL-sheet_1-0101,slab,0.4321,2.881,2.881,0.0
SL-sheet_1-0102,slab,0.2773,1.849,1.849,0.0
SL-sheet_1-0103,slab,0.3003,2.002,2.002,0.0
SL-sheet_1-0104,slab,0.2226,1.484,1.484,0.0
SL-sheet_1-0105,slab,0.2369,1.579,1.579,0.0
SL-sheet_1-0106,slab,0.5708,3.805,3.805,0.0
SL-sheet_1-0107,slab,0.5708,3.805,3.805,0.0
SL-sheet_1-0108,slab,0.0907,0.604,0.604,0.0
SL-sheet_1-0109,slab,0.3766,2.511,2.511,0.0
SL-sheet_1-0110,slab,0.0904,0.603,0.603,0.0
SL-sheet_1-0111,slab,0.1088,0.726,0.726,0.0
SL-sheet_1-0112,slab,0.449,2.993,2.993,0.0
SL-sheet_1-0113,slab,0.443,2.953,2.953,0.0
SL-sheet_1-0114,slab,0.0947,0.632,0.632,0.0
SL-sheet_1-0115,slab,0.3641,2.427,2.427,0.0
SL-sheet_1-0116,slab,0.2307,1.538,1.538,0.0
SL-sheet_1-0117,slab,0.4121,2.747,2.747,0.0
SL-sheet_1-0118,slab,0.4126,2.751,2.751,0.0
SL-sheet_1-0119,slab,0.7113,4.742,4.742,0.0
SL-sheet_1-0120,slab,0.582,3.88,3.88,0.0
SL-sheet_1-0121,slab,0.2834,1.889,1.889,0.0
SL-sheet_1-0122,slab,0.2806,1.87,1.87,0.0
SL-sheet_1-0123,slab,0.4857,3.238,3.238,0.0
SL-sheet_1-0124,slab,0.4883,3.255,3.255,0.0
SL-sheet_1-0125,slab,0.2216,1.477,1.477,0.0
SL-sheet_1-0126,slab,0.2245,1.497,1.497,0.0
SL-sheet_1-0127,slab,0.4934,3.289,3.289,0.0
SL-sheet_1-0128,slab,0.5035,3.357,3.357,0.0
SL-sheet_1-0129,slab,0.7485,4.99,4.99,0.0
SL-sheet_1-0130,slab,0.7545,5.03,5.03,0.0
SL-sheet_1-0131,slab,0.2307,1.538,1.538,0.0
SL-sheet_1-0132,slab,0.2379,1.586,1.586,0.0
SL-sheet_1-0133,slab,0.3701,2.467,2.467,0.0
SL-sheet_1-0134,slab,0.3584,2.39,2.39,0.0
SL-sheet_1-0135,slab,0.2307,1.538,1.538,0.0
SL-sheet_1-0136,slab,0.2253,1.502,1.502,0.0
SL-sheet_1-0137,slab,0.3618,2.412,2.412,0.0
SL-sheet_1-0138,slab,0.1305,0.87,0.87,0.0
SL-sheet_1-0139,slab,0.3206,2.138,2.138,0.0
SL-sheet_1-0140,slab,0.3245,2.164,2.164,0.0
SL-sheet_1-0141,slab,0.0357,0.238,0.238,0.0
SL-sheet_1-0142,slab,0.085,0.567,0.567,0.0
SL-sheet_1-0143,slab,0.4907,3.271,3.271,0.0
SL-sheet_1-0144,slab,0.4905,3.27,3.27,0.0
SL-sheet_1-0145,slab,0.3492,2.328,2.328,0.0
SL-sheet_1-0146,slab,0.3555,2.37,2.37,0.0
SL-sheet_1-0147,slab,0.2361,1.574,1.574,0.0
SL-sheet_1-0148,slab,0.2198,1.466,1.466,0.0
SL-sheet_1-0149,slab,0.2226,1.484,1.484,0.0
SL-sheet_1-0150,slab,0.0976,0.651,0.651,0.0
SL-sheet_1-0151,slab,0.2226,1.484,1.484,0.0
SL-sheet_1-0152,slab,0.2369,1.579,1.579,0.0
SL-sheet_1-0153,slab,0.2226,1.484,1.484,0.0
SL-sheet_1-0154,slab,0.2369,1.579,1.579,0.0
SL-sheet_1-0155,slab,0.2226,1.484,1.484,0.0
SL-sheet_1-0156,slab,0.2369,1.579,1.579,0.0
SL-sheet_1-0157,slab,0.449,2.993,2.993,0.0
SL-sheet_1-0158,slab,0.443,2.953,2.953,0.0
SL-sheet_1-0159,slab,0.449,2.993,2.993,0.0
SL-sheet_1-0160,slab,0.443,2.953,2.953,0.0
SL-sheet_1-0161,slab,0.3663,2.442,2.442,0.0
SL-sheet_1-0162,slab,0.3641,2.427,2.427,0.0
SL-sheet_1-0163,slab,0.3663,2.442,2.442,0.0
SL-sheet_1-0164,slab,0.3641,2.427,2.427,0.0
SL-sheet_1-0165,slab,0.3663,2.442,2.442,0.0
SL-sheet_1-0166,slab,0.3641,2.427,2.427,0.0
SL-sheet_1-0167,slab,0.4857,3.238,3.238,0.0
SL-sheet_1-0168,slab,0.4883,3.255,3.255,0.0
SL-sheet_1-0169,slab,0.4857,3.238,3.238,0.0
SL-sheet_1-0170,slab,0.4883,3.255,3.255,0.0
SL-sheet_1-0171,slab,0.4907,3.271,3.271,0.0
SL-sheet_1-0172,slab,0.4905,3.27,3.27,0.0
SL-sheet_1-0173,slab,0.4907,3.271,3.271,0.0
SL-sheet_1-0174,slab,0.4905,3.27,3.27,0.0
SL-sheet_1-0175,slab,0.4907,3.271,3.271,0.0
SL-sheet_1-0176,slab,0.3701,2.467,2.467,0.0
SL-sheet_1-0177,slab,0.3584,2.39,2.39,0.0
SL-sheet_1-0178,slab,0.2307,1.538,1.538,0.0
SL-sheet_1-0179,slab,0.1106,0.737,0.737,0.0
SL-sheet_1-0180,slab,0.2307,1.538,1.538,0.0
SL-sheet_1-0181,slab,0.2253,1.502,1.502,0.0
SL-sheet_1-0182,slab,0.2307,1.538,1.538,0.0
SL-sheet_1-0183,slab,0.2253,1.502,1.502,0.0
SL-sheet_1-0184,slab,0.3618,2.412,2.412,0.0
SL-sheet_1-0185,slab,0.1012,0.675,0.675,0.0
SL-sheet_1-0186,slab,0.3618,2.412,2.412,0.0
SL-sheet_1-0187,slab,0.3604,2.403,2.403,0.0
SL-sheet_1-0188,slab,0.3618,2.412,2.412,0.0
SL-sheet_1-0189,slab,0.3604,2.403,2.403,0.0
SL-sheet_1-0190,slab,0.3618,2.412,2.412,0.0
SL-sheet_1-0191,slab,0.3604,2.403,2.403,0.0
SL-sheet_1-0192,slab,0.2307,1.538,1.538,0.0
SL-sheet_1-0193,slab,0.4905,3.27,3.27,0.0
SL-sheet_1-0194,slab,0.034,0.227,0.227,0.0
SL-sheet_1-0195,slab,0.034,0.227,0.227,0.0
SL-sheet_1-0196,slab,0.6853,4.568,4.568,0.0
SL-sheet_1-0197,slab,0.069,0.46,0.46,0.0
SL-sheet_1-0198,slab,0.0873,0.582,0.582,0.0
SL-sheet_1-0199,slab,0.0527,0.351,0.351,0.0
SL-sheet_1-0200,slab,0.0614,0.409,0.409,0.0
SL-sheet_1-0201,slab,0.0473,0.315,0.315,0.0
SL-sheet_1-0202,slab,0.2173,1.449,1.449,0.0
SL-sheet_1-0203,slab,0.108,0.72,0.72,0.0
SL-sheet_1-0204,slab,0.7645,5.097,5.097,0.0
SL-sheet_1-0205,slab,0.8108,5.405,5.405,0.0
SL-sheet_1-0206,slab,0.7463,4.975,4.975,0.0
SL-sheet_1-0207,slab,1.0432,6.955,6.955,0.0
SL-sheet_1-0208,slab,117.9834,786.556,786.556,0.0
SL-sheet_1-0209,slab,0.034,0.227,0.227,0.0
SL-sheet_1-0210,slab,0.034,0.227,0.227,0.0
SL-sheet_1-0211,slab,0.3795,2.53,2.53,0.0
SL-sheet_1-0212,slab,0.1959,1.306,1.306,0.0
SL-sheet_1-0213,slab,0.1959,1.306,1.306,0.0
SL-sheet_1-0214,slab,0.1959,1.306,1.306,0.0
SL-sheet_1-0215,slab,0.1959,1.306,1.306,0.0
SL-sheet_1-0216,slab,0.1959,1.306,1.306,0.0
SL-sheet_1-0217,slab,0.1959,1.306,1.306,0.0
SL-sheet_1-0218,slab,0.1959,1.306,1.306,0.0
SL-sheet_1-0219,slab,0.1959,1.306,1.306,0.0
SL-sheet_1-0220,slab,0.1959,1.306,1.306,0.0
SL-sheet_1-0221,slab,0.1959,1.306,1.306,0.0
SL-sheet_1-0222,slab,0.1959,1.306,1.306,0.0
SL-sheet_1-0223,slab,0.1959,1.306,1.306,0.0
SL-sheet_1-0224,slab,0.1959,1.306,1.306,0.0
SL-sheet_1-0225,slab,0.1959,1.306,1.306,0.0
SL-sheet_1-0226,slab,0.1959,1.306,1.306,0.0
SL-sheet_1-0227,slab,0.1959,1.306,1.306,0.0
SL-sheet_1-0228,slab,0.1959,1.306,1.306,0.0
SL-sheet_1-0229,slab,0.1959,1.306,1.306,0.0
SL-sheet_1-0230,slab,0.1959,1.306,1.306,0.0
SL-sheet_1-0231,slab,0.1959,1.306,1.306,0.0
SL-sheet_1-0232,slab,0.1959,1.306,1.306,0.0
SL-sheet_1-0233,slab,0.1959,1.306,1.306,0.0
SL-sheet_1-0234,slab,0.1959,1.306,1.306,0.0
SL-sheet_1-0235,slab,0.1959,1.306,1.306,0.0
SL-sheet_1-0236,slab,0.1959,1.306,1.306,0.0
SL-sheet_1-0237,slab,0.1959,1.306,1.306,0.0
SL-sheet_1-0238,slab,0.1959,1.306,1.306,0.0
SL-sheet_1-0239,slab,0.1959,1.306,1.306,0.0
SL-sheet_1-0240,slab,0.1959,1.306,1.306,0.0
SL-sheet_1-0241,slab,0.1959,1.306,1.306,0.0
SL-sheet_1-0242,slab,0.1959,1.306,1.306,0.0
SL-sheet_1-0243,slab,0.1959,1.306,1.306,0.0
SL-sheet_1-0244,slab,0.5708,3.805,3.805,0.0
SL-sheet_1-0245,slab,0.5708,3.805,3.805,0.0
SL-sheet_1-0246,slab,0.2361,1.574,1.574,0.0
SL-sheet_1-0247,slab,0.2228,1.485,1.485,0.0
SL-sheet_1-0248,slab,0.449,2.993,2.993,0.0
SL-sheet_1-0249,slab,0.443,2.953,2.953,0.0
SL-sheet_1-0250,slab,0.0947,0.632,0.632,0.0
SL-sheet_1-0251,slab,0.3641,2.427,2.427,0.0
SL-sheet_1-0252,slab,0.2307,1.538,1.538,0.0
SL-sheet_1-0253,slab,0.2379,1.586,1.586,0.0
SL-sheet_1-0254,slab,0.7113,4.742,4.742,0.0
SL-sheet_1-0255,slab,0.7167,4.778,4.778,0.0
SL-sheet_1-0256,slab,0.2834,1.889,1.889,0.0
SL-sheet_1-0257,slab,0.2806,1.87,1.87,0.0
SL-sheet_1-0258,slab,0.0843,0.562,0.562,0.0
SL-sheet_1-0259,slab,0.0884,0.59,0.59,0.0
SL-sheet_1-0260,slab,0.4857,3.238,3.238,0.0
SL-sheet_1-0261,slab,0.4883,3.255,3.255,0.0
SL-sheet_1-0262,slab,0.2216,1.477,1.477,0.0
SL-sheet_1-0263,slab,0.2245,1.497,1.497,0.0
SL-sheet_1-0264,slab,0.1485,0.99,0.99,0.0
SL-sheet_1-0265,slab,0.0282,0.188,0.188,0.0
SL-sheet_1-0266,slab,0.4934,3.289,3.289,0.0
SL-sheet_1-0267,slab,0.5035,3.357,3.357,0.0
SL-sheet_1-0268,slab,0.7485,4.99,4.99,0.0
SL-sheet_1-0269,slab,0.7545,5.03,5.03,0.0
SL-sheet_1-0270,slab,0.3618,2.412,2.412,0.0
SL-sheet_1-0271,slab,0.1305,0.87,0.87,0.0
SL-sheet_1-0272,slab,0.3206,2.138,2.138,0.0
SL-sheet_1-0273,slab,0.3245,2.164,2.164,0.0
SL-sheet_1-0274,slab,0.1909,1.273,1.273,0.0
SL-sheet_1-0275,slab,0.1896,1.264,1.264,0.0
SL-sheet_1-0276,slab,0.0709,0.473,0.473,0.0
SL-sheet_1-0277,slab,0.2567,1.711,1.711,0.0
SL-sheet_1-0278,slab,0.2361,1.574,1.574,0.0
SL-sheet_1-0279,slab,0.2182,1.455,1.455,0.0
SL-sheet_1-0280,slab,0.449,2.993,2.993,0.0
SL-sheet_1-0281,slab,0.443,2.953,2.953,0.0
SL-sheet_1-0282,slab,0.449,2.993,2.993,0.0
SL-sheet_1-0283,slab,0.443,2.953,2.953,0.0
SL-sheet_1-0284,slab,0.3663,2.442,2.442,0.0
SL-sheet_1-0285,slab,0.3641,2.427,2.427,0.0
SL-sheet_1-0286,slab,0.3663,2.442,2.442,0.0
SL-sheet_1-0287,slab,0.3663,2.442,2.442,0.0
SL-sheet_1-0288,slab,0.3641,2.427,2.427,0.0
SL-sheet_1-0289,slab,0.4857,3.238,3.238,0.0
SL-sheet_1-0290,slab,0.4883,3.255,3.255,0.0
SL-sheet_1-0291,slab,0.4857,3.238,3.238,0.0
SL-sheet_1-0292,slab,0.4883,3.255,3.255,0.0
SL-sheet_1-0293,slab,0.3618,2.412,2.412,0.0
SL-sheet_1-0294,slab,0.1012,0.675,0.675,0.0
SL-sheet_1-0295,slab,0.3618,2.412,2.412,0.0
SL-sheet_1-0296,slab,0.3604,2.403,2.403,0.0
SL-sheet_1-0297,slab,0.3618,2.412,2.412,0.0
SL-sheet_1-0298,slab,0.3604,2.403,2.403,0.0
SL-sheet_1-0299,slab,0.3618,2.412,2.412,0.0
SL-sheet_1-0300,slab,0.3604,2.403,2.403,0.0
SL-sheet_1-0301,slab,14.9837,99.891,99.891,0.0
SL-sheet_1-0302,slab,5.261,35.073,35.073,0.0
SL-sheet_1-0303,slab,17.2619,115.08,115.08,0.0
SL-sheet_1-0304,slab,15.0434,100.289,100.289,0.0
SL-sheet_1-0305,slab,14.7936,98.624,98.624,0.0
SL-sheet_1-0306,slab,0.0998,0.666,0.666,0.0
SL-sheet_1-0307,slab,0.1239,0.826,0.826,0.0
SL-sheet_1-0308,slab,0.1959,1.306,1.306,0.0
SL-sheet_1-0309,slab,0.1959,1.306,1.306,0.0
SL-sheet_1-0310,slab,0.0709,0.473,0.473,0.0
SL-sheet_1-0311,slab,0.1056,0.704,0.704,0.0
SL-sheet_1-0312,slab,0.1959,1.306,1.306,0.0
SL-sheet_1-0313,slab,0.0907,0.604,0.604,0.0
SL-sheet_1-0314,slab,0.3818,2.545,2.545,0.0
SL-sheet_1-0315,slab,0.1959,1.306,1.306,0.0
SL-sheet_1-0316,slab,0.0709,0.473,0.473,0.0
SL-sheet_1-0317,slab,0.1056,0.704,0.704,0.0
SL-sheet_1-0318,slab,0.1959,1.306,1.306,0.0
SL-sheet_1-0319,slab,0.1066,0.711,0.711,0.0
SL-sheet_1-0320,slab,0.2161,1.441,1.441,0.0
SL-sheet_1-0321,slab,0.2307,1.538,1.538,0.0
SL-sheet_1-0322,slab,0.2379,1.586,1.586,0.0
SL-sheet_1-0323,slab,0.1959,1.306,1.306,0.0
SL-sheet_1-0324,slab,0.2307,1.538,1.538,0.0
SL-sheet_1-0325,slab,0.2296,1.531,1.531,0.0
SL-sheet_1-0326,slab,0.1959,1.306,1.306,0.0
SL-sheet_1-0327,slab,0.4568,3.046,3.046,0.0
SL-sheet_1-0328,slab,0.1772,1.181,1.181,0.0
SL-sheet_1-0329,slab,1.3723,9.149,9.149,0.0
SL-sheet_1-0330,slab,0.1959,1.306,1.306,0.0
SL-sheet_1-0331,slab,0.092,0.613,0.613,0.0
SL-sheet_1-0332,slab,0.3662,2.441,2.441,0.0
SL-sheet_1-0333,slab,0.1959,1.306,1.306,0.0
SL-sheet_1-0334,slab,0.1959,1.306,1.306,0.0
SL-sheet_1-0335,slab,0.1959,1.306,1.306,0.0
SL-sheet_1-0336,slab,0.0709,0.473,0.473,0.0
SL-sheet_1-0337,slab,0.2567,1.711,1.711,0.0
SL-sheet_1-0338,slab,0.1959,1.306,1.306,0.0
SL-sheet_1-0339,slab,0.092,0.613,0.613,0.0
SL-sheet_1-0340,slab,0.3662,2.441,2.441,0.0
