부재ID,유형,체적(m³),면적(m²),거푸집(m²),길이(m)
COL-B2F-0001,column,4.337,0.0,16.864,0.0
COL-B2F-0002,column,4.337,0.0,16.864,0.0
COL-B2F-0003,column,4.337,0.0,16.864,0.0
COL-B2F-0004,column,4.337,0.0,16.864,0.0
COL-B2F-0005,column,4.337,0.0,16.864,0.0
COL-B2F-0006,column,4.337,0.0,16.864,0.0
COL-B2F-0007,column,7.3162,0.0,20.224,0.0
COL-B2F-0008,column,6.6554,0.0,19.279,0.0
COL-B2F-0009,column,6.6554,0.0,19.279,0.0
COL-B2F-0010,column,7.3162,0.0,20.224,0.0
COL-B2F-0011,column,3.9894,0.0,14.883,0.0
COL-B2F-0012,column,15.9269,0.0,29.967,0.0
COL-B2F-0013,column,6.6554,0.0,19.279,0.0
COL-B2F-0014,column,7.3162,0.0,20.224,0.0
COL-B2F-0015,column,3.9215,0.0,14.718,0.0
COL-B2F-0016,column,4.9613,0.0,16.56,0.0
COL-B2F-0017,column,5.0129,0.0,16.657,0.0
COL-B2F-0018,column,6.9005,0.0,19.555,0.0
COL-B2F-0019,column,7.6015,0.0,20.528,0.0
COL-B2F-0020,column,3.9894,0.0,14.883,0.0
COL-B2F-0021,column,15.9269,0.0,29.967,0.0
COL-B2F-0022,column,6.6554,0.0,19.279,0.0
COL-B2F-0023,column,7.3162,0.0,20.224,0.0
COL-B2F-0024,column,7.3162,0.0,20.224,0.0
COL-B2F-0025,column,6.6554,0.0,19.279,0.0
COL-B2F-0026,column,6.6554,0.0,19.279,0.0
COL-B2F-0027,column,7.3162,0.0,20.224,0.0
COL-B2F-0028,column,3.9215,0.0,14.718,0.0
COL-B2F-0029,column,4.9613,0.0,16.56,0.0
COL-B2F-0030,column,5.0129,0.0,16.657,0.0
COL-B2F-0031,column,7.6015,0.0,20.528,0.0
COL-B2F-0032,column,6.9005,0.0,19.555,0.0
COL-B2F-0033,column,4.337,0.0,16.864,0.0
COL-B2F-0034,column,2.2947,0.0,12.675,0.0
COL-B2F-0035,column,2.2947,0.0,12.675,0.0
COL-B2F-0036,column,2.2947,0.0,12.675,0.0
COL-B2F-0037,column,2.2947,0.0,12.675,0.0
COL-B2F-0038,column,6.9831,0.0,21.728,0.0
COL-B2F-0039,column,16.2373,0.0,30.063,0.0
COL-B2F-0040,column,16.8109,0.0,30.505,0.0
COL-B2F-0041,column,6.9831,0.0,21.728,0.0
COL-B2F-0042,column,16.8109,0.0,30.505,0.0
COL-B2F-0043,column,16.2373,0.0,30.063,0.0
COL-B2F-0044,column,6.9831,0.0,21.728,0.0
COL-B2F-0045,column,6.9831,0.0,21.728,0.0
COL-B2F-0046,column,6.9831,0.0,21.728,0.0
COL-B2F-0047,column,16.2373,0.0,30.063,0.0
COL-B2F-0048,column,16.2373,0.0,30.063,0.0
COL-B2F-0049,column,16.2373,0.0,30.063,0.0
COL-B2F-0050,column,16.8109,0.0,30.505,0.0
COL-B2F-0051,column,16.8109,0.0,30.505,0.0
COL-B2F-0052,column,16.8109,0.0,30.505,0.0
COL-B2F-0053,column,16.8109,0.0,30.505,0.0
COL-B2F-0054,column,16.2373,0.0,30.063,0.0
COL-B2F-0055,column,6.9831,0.0,21.728,0.0
COL-B2F-0056,column,16.8109,0.0,30.505,0.0
COL-B2F-0057,column,16.2373,0.0,30.063,0.0
COL-B2F-0058,column,6.9831,0.0,21.728,0.0
COL-B2F-0059,column,6.9831,0.0,21.728,0.0
COL-B2F-0060,column,16.8109,0.0,30.505,0.0
COL-B2F-0061,column,16.2373,0.0,30.063,0.0
COL-B2F-0062,column,6.9831,0.0,21.728,0.0
COL-B2F-0063,column,16.8109,0.0,30.505,0.0
COL-B2F-0064,column,16.2373,0.0,30.063,0.0
COL-B2F-0065,column,6.9831,0.0,21.728,0.0
COL-B2F-0066,column,4.337,0.0,16.864,0.0
COL-B2F-0067,column,6.9831,0.0,21.728,0.0
COL-B2F-0068,column,16.8109,0.0,30.505,0.0
COL-B2F-0069,column,16.2373,0.0,30.063,0.0
COL-B2F-0070,column,6.9831,0.0,21.728,0.0
COL-B2F-0071,column,16.8109,0.0,30.505,0.0
COL-B2F-0072,column,16.2373,0.0,30.063,0.0
COL-B2F-0073,column,6.9831,0.0,21.728,0.0
COL-B2F-0074,column,16.8109,0.0,30.505,0.0
COL-B2F-0075,column,16.2373,0.0,30.063,0.0
COL-B2F-0076,column,0.289,0.0,4.782,0.0
COL-B2F-0077,column,14.7885,0.0,28.614,0.0
COL-B2F-0078,column,0.289,0.0,4.782,0.0
COL-B2F-0079,column,0.289,0.0,4.782,0.0
COL-B2F-0080,column,0.289,0.0,4.782,0.0
COL-B2F-0081,column,0.289,0.0,4.782,0.0
COL-B2F-0082,column,0.289,0.0,4.782,0.0
COL-B2F-0083,column,0.289,0.0,4.782,0.0
COL-B2F-0084,column,0.289,0.0,4.782,0.0
COL-B2F-0085,column,0.289,0.0,4.782,0.0
COL-B2F-0086,column,0.289,0.0,4.782,0.0
COL-B2F-0087,column,0.289,0.0,4.782,0.0
COL-B2F-0088,column,0.289,0.0,4.782,0.0
COL-B2F-0089,column,0.289,0.0,4.782,0.0
COL-B2F-0090,column,0.289,0.0,4.782,0.0
COL-B2F-0091,column,20.2714,0.0,33.451,0.0
COL-B2F-0092,column,0.289,0.0,4.782,0.0
COL-B2F-0093,column,0.3881,0.0,6.21,0.0
COL-B2F-0094,column,0.3881,0.0,6.21,0.0
COL-B2F-0095,column,1.4376,0.0,9.405,0.0
COL-B2F-0096,column,0.3881,0.0,6.21,0.0
COL-B2F-0097,column,0.3881,0.0,6.21,0.0
COL-B2F-0098,column,1.4376,0.0,9.405,0.0
COL-B2F-0099,column,0.3881,0.0,6.21,0.0
COL-B2F-0100,column,0.3881,0.0,6.21,0.0
COL-B2F-0101,column,1.4376,0.0,9.405,0.0
COL-B2F-0102,column,0.3881,0.0,6.21,0.0
COL-B2F-0103,column,0.3881,0.0,6.21,0.0
COL-B2F-0104,column,0.3881,0.0,6.21,0.0
COL-B2F-0105,column,0.3881,0.0,6.21,0.0
COL-B2F-0106,column,0.3881,0.0,6.21,0.0
COL-B2F-0107,column,0.3881,0.0,6.21,0.0
COL-B2F-0108,column,5.76,0.0,18.264,0.0
COL-B2F-0109,column,0.3881,0.0,6.21,0.0
COL-B2F-0110,column,4.242,0.0,15.394,0.0
COL-B2F-0111,column,1.4934,0.0,9.08,0.0
COL-B2F-0112,column,1.0005,0.0,7.452,0.0
COL-B2F-0113,column,0.6624,0.0,6.072,0.0
COL-B2F-0114,column,0.3814,0.0,4.616,0.0
COL-B2F-0115,column,0.1339,0.0,2.719,0.0
COL-B2F-0116,column,4.242,0.0,15.394,0.0
COL-B2F-0117,column,1.4934,0.0,9.08,0.0
COL-B2F-0118,column,0.3881,0.0,6.21,0.0
COL-B2F-0119,column,0.3881,0.0,6.21,0.0
COL-B2F-0120,column,1.4376,0.0,9.405,0.0
COL-B2F-0121,column,0.3881,0.0,6.21,0.0
COL-B2F-0122,column,0.3881,0.0,6.21,0.0
COL-B2F-0123,column,1.4376,0.0,9.405,0.0
COL-B2F-0124,column,0.3881,0.0,6.21,0.0
COL-B2F-0125,column,0.3881,0.0,6.21,0.0
COL-B2F-0126,column,1.4376,0.0,9.405,0.0
COL-B2F-0127,column,0.3881,0.0,6.21,0.0
COL-B2F-0128,column,0.3881,0.0,6.21,0.0
COL-B2F-0129,column,5.76,0.0,18.264,0.0
COL-B2F-0130,column,0.3881,0.0,6.21,0.0
COL-B2F-0131,column,0.3881,0.0,6.21,0.0
COL-B2F-0132,column,0.3881,0.0,6.21,0.0
COL-B2F-0133,column,0.3881,0.0,6.21,0.0
COL-B2F-0134,column,0.3881,0.0,6.21,0.0
COL-B2F-0135,column,4.242,0.0,15.394,0.0
COL-B2F-0136,column,1.4934,0.0,9.08,0.0
COL-B2F-0137,column,1.0005,0.0,7.452,0.0
COL-B2F-0138,column,0.6624,0.0,6.072,0.0
COL-B2F-0139,column,0.3814,0.0,4.616,0.0
COL-B2F-0140,column,0.1339,0.0,2.719,0.0
COL-B2F-0141,column,4.242,0.0,15.394,0.0
COL-B2F-0142,column,1.4934,0.0,9.08,0.0
COL-B2F-0143,column,0.3105,0.0,5.175,0.0
COL-B2F-0144,column,0.3105,0.0,5.175,0.0
COL-B2F-0145,column,0.3881,0.0,6.21,0.0
COL-B2F-0146,column,0.3881,0.0,6.21,0.0
COL-B2F-0147,column,5.76,0.0,18.264,0.0
COL-B2F-0148,column,0.3881,0.0,6.21,0.0
COL-B2F-0149,column,0.3881,0.0,6.21,0.0
COL-B2F-0150,column,0.3881,0.0,6.21,0.0
COL-B2F-0151,column,5.76,0.0,18.264,0.0
COL-B2F-0152,column,0.3881,0.0,6.21,0.0
COL-B2F-0153,column,0.3881,0.0,6.21,0.0
COL-B2F-0154,column,0.3881,0.0,6.21,0.0
COL-B2F-0155,column,0.3881,0.0,6.21,0.0
COL-B2F-0156,column,0.3881,0.0,6.21,0.0
COL-B2F-0157,column,0.3881,0.0,6.21,0.0
COL-B2F-0158,column,0.3881,0.0,6.21,0.0
COL-B2F-0159,column,1.4376,0.0,9.405,0.0
COL-B2F-0160,column,0.3881,0.0,6.21,0.0
COL-B2F-0161,column,0.3881,0.0,6.21,0.0
COL-B2F-0162,column,0.3881,0.0,6.21,0.0
COL-B2F-0163,column,0.3881,0.0,6.21,0.0
COL-B2F-0164,column,0.3881,0.0,6.21,0.0
COL-B2F-0165,column,0.3881,0.0,6.21,0.0
COL-B2F-0166,column,1.4376,0.0,9.405,0.0
COL-B2F-0167,column,0.3881,0.0,6.21,0.0
COL-B2F-0168,column,0.3881,0.0,6.21,0.0
COL-B2F-0169,column,4.242,0.0,15.394,0.0
COL-B2F-0170,column,1.4934,0.0,9.08,0.0
COL-B2F-0171,column,1.0005,0.0,7.452,0.0
COL-B2F-0172,column,0.6624,0.0,6.072,0.0
COL-B2F-0173,column,0.3814,0.0,4.616,0.0
COL-B2F-0174,column,0.1339,0.0,2.719,0.0
COL-B2F-0175,column,4.242,0.0,15.394,0.0
COL-B2F-0176,column,1.4934,0.0,9.08,0.0
COL-B2F-0177,column,0.3881,0.0,6.21,0.0
COL-B2F-0178,column,0.3881,0.0,6.21,0.0
COL-B2F-0179,column,0.3881,0.0,6.21,0.0
COL-B2F-0180,column,0.3881,0.0,6.21,0.0
COL-B2F-0181,column,0.3881,0.0,6.21,0.0
COL-B2F-0182,column,0.3881,0.0,6.21,0.0
COL-B2F-0183,column,1.4376,0.0,9.405,0.0
COL-B2F-0184,column,0.3881,0.0,6.21,0.0
COL-B2F-0185,column,0.3881,0.0,6.21,0.0
COL-B2F-0186,column,1.4376,0.0,9.405,0.0
COL-B2F-0187,column,0.3881,0.0,6.21,0.0
COL-B2F-0188,column,0.3881,0.0,6.21,0.0
COL-B2F-0189,column,0.3881,0.0,6.21,0.0
COL-B2F-0190,column,0.3881,0.0,6.21,0.0
COL-B2F-0191,column,1.4376,0.0,9.405,0.0
COL-B2F-0192,column,0.3881,0.0,6.21,0.0
COL-B2F-0193,column,0.3881,0.0,6.21,0.0
COL-B2F-0194,column,0.3881,0.0,6.21,0.0
COL-B2F-0195,column,0.3881,0.0,6.21,0.0
COL-B2F-0196,column,0.3881,0.0,6.21,0.0
COL-B2F-0197,column,0.3881,0.0,6.21,0.0
COL-B2F-0198,column,1.4376,0.0,9.405,0.0
COL-B2F-0199,column,0.3881,0.0,6.21,0.0
COL-B2F-0200,column,0.3881,0.0,6.21,0.0
COL-B2F-0201,column,0.3881,0.0,6.21,0.0
COL-B2F-0202,column,0.3881,0.0,6.21,0.0
COL-B2F-0203,column,1.4376,0.0,9.405,0.0
COL-B2F-0204,column,0.3881,0.0,6.21,0.0
COL-B2F-0205,column,0.3881,0.0,6.21,0.0
COL-B2F-0206,column,1.4376,0.0,9.405,0.0
COL-B2F-0207,column,0.3881,0.0,6.21,0.0
COL-B2F-0208,column,0.3881,0.0,6.21,0.0
COL-B2F-0209,column,0.3881,0.0,6.21,0.0
COL-B2F-0210,column,0.3881,0.0,6.21,0.0
COL-B2F-0211,column,1.4376,0.0,9.405,0.0
COL-B2F-0212,column,0.3881,0.0,6.21,0.0
COL-B2F-0213,column,0.3881,0.0,6.21,0.0
COL-B2F-0214,column,0.3881,0.0,6.21,0.0
COL-B2F-0215,column,0.3881,0.0,6.21,0.0
COL-B2F-0216,column,1.4376,0.0,9.405,0.0
COL-B2F-0217,column,0.3881,0.0,6.21,0.0
COL-B2F-0218,column,0.3881,0.0,6.21,0.0
COL-B2F-0219,column,1.4376,0.0,9.405,0.0
COL-B2F-0220,column,0.3881,0.0,6.21,0.0
COL-B2F-0221,column,0.3881,0.0,6.21,0.0
COL-B2F-0222,column,1.4376,0.0,9.405,0.0
COL-B2F-0223,column,0.3881,0.0,6.21,0.0
COL-B2F-0224,column,0.3881,0.0,6.21,0.0
COL-B2F-0225,column,1.4376,0.0,9.405,0.0
COL-B2F-0226,column,0.3881,0.0,6.21,0.0
COL-B2F-0227,column,0.3881,0.0,6.21,0.0
COL-B2F-0228,column,0.3881,0.0,6.21,0.0
COL-B2F-0229,column,0.3881,0.0,6.21,0.0
COL-B2F-0230,column,0.3881,0.0,6.21,0.0
COL-B2F-0231,column,0.3881,0.0,6.21,0.0
COL-B2F-0232,column,0.3881,0.0,6.21,0.0
COL-B2F-0233,column,0.3881,0.0,6.21,0.0
COL-B2F-0234,column,5.76,0.0,18.264,0.0
COL-B2F-0235,column,0.3881,0.0,6.21,0.0
COL-B2F-0236,column,4.242,0.0,15.394,0.0
COL-B2F-0237,column,1.4934,0.0,9.08,0.0
COL-B2F-0238,column,1.0005,0.0,7.452,0.0
COL-B2F-0239,column,0.6624,0.0,6.072,0.0
COL-B2F-0240,column,0.3814,0.0,4.616,0.0
COL-B2F-0241,column,0.1339,0.0,2.719,0.0
COL-B2F-0242,column,4.242,0.0,15.394,0.0
COL-B2F-0243,column,1.4934,0.0,9.08,0.0
COL-B2F-0244,column,0.3881,0.0,6.21,0.0
COL-B2F-0245,column,0.3881,0.0,6.21,0.0
COL-B2F-0246,column,1.4376,0.0,9.405,0.0
COL-B2F-0247,column,0.3881,0.0,6.21,0.0
COL-B2F-0248,column,0.3881,0.0,6.21,0.0
COL-B2F-0249,column,1.4376,0.0,9.405,0.0
COL-B2F-0250,column,0.3881,0.0,6.21,0.0
COL-B2F-0251,column,0.3881,0.0,6.21,0.0
COL-B2F-0252,column,1.4376,0.0,9.405,0.0
COL-B2F-0253,column,0.3881,0.0,6.21,0.0
COL-B2F-0254,column,0.3881,0.0,6.21,0.0
COL-B2F-0255,column,1.4376,0.0,9.405,0.0
COL-B2F-0256,column,0.3881,0.0,6.21,0.0
COL-B2F-0257,column,0.3881,0.0,6.21,0.0
COL-B2F-0258,column,1.4376,0.0,9.405,0.0
COL-B2F-0259,column,4.242,0.0,15.394,0.0
COL-B2F-0260,column,1.4934,0.0,9.08,0.0
COL-B2F-0261,column,1.0005,0.0,7.452,0.0
COL-B2F-0262,column,0.6624,0.0,6.072,0.0
COL-B2F-0263,column,0.3814,0.0,4.616,0.0
COL-B2F-0264,column,0.1339,0.0,2.719,0.0
COL-B2F-0265,column,4.242,0.0,15.394,0.0
COL-B2F-0266,column,1.4934,0.0,9.08,0.0
COL-B2F-0267,column,0.3881,0.0,6.21,0.0
COL-B2F-0268,column,0.3881,0.0,6.21,0.0
COL-B2F-0269,column,0.3881,0.0,6.21,0.0
COL-B2F-0270,column,0.3881,0.0,6.21,0.0
COL-B2F-0271,column,0.3881,0.0,6.21,0.0
COL-B2F-0272,column,0.3881,0.0,6.21,0.0
COL-B2F-0273,column,1.4376,0.0,9.405,0.0
COL-B2F-0274,column,0.3881,0.0,6.21,0.0
COL-B2F-0275,column,0.3881,0.0,6.21,0.0
COL-B2F-0276,column,0.3881,0.0,6.21,0.0
COL-B2F-0277,column,0.3881,0.0,6.21,0.0
COL-B2F-0278,column,0.3881,0.0,6.21,0.0
COL-B2F-0279,column,0.3881,0.0,6.21,0.0
COL-B2F-0280,column,0.3881,0.0,6.21,0.0
COL-B2F-0281,column,0.3881,0.0,6.21,0.0
COL-B2F-0282,column,0.3881,0.0,6.21,0.0
COL-B2F-0283,column,0.3881,0.0,6.21,0.0
COL-B2F-0284,column,0.3881,0.0,6.21,0.0
COL-B2F-0285,column,0.3881,0.0,6.21,0.0
COL-B2F-0286,column,1.4376,0.0,9.405,0.0
COL-B2F-0287,column,0.3881,0.0,6.21,0.0
COL-B2F-0288,column,0.3881,0.0,6.21,0.0
COL-B2F-0289,column,0.3881,0.0,6.21,0.0
COL-B2F-0290,column,0.3881,0.0,6.21,0.0
COL-B2F-0291,column,0.3881,0.0,6.21,0.0
COL-B2F-0292,column,0.3881,0.0,6.21,0.0
COL-B2F-0293,column,1.4376,0.0,9.405,0.0
COL-B2F-0294,column,0.3881,0.0,6.21,0.0
COL-B2F-0295,column,0.3881,0.0,6.21,0.0
COL-B2F-0296,column,1.4376,0.0,9.405,0.0
COL-B2F-0297,column,0.3881,0.0,6.21,0.0
COL-B2F-0298,column,0.3881,0.0,6.21,0.0
COL-B2F-0299,column,0.3881,0.0,6.21,0.0
COL-B2F-0300,column,0.3881,0.0,6.21,0.0
COL-B2F-0301,column,1.4376,0.0,9.405,0.0
COL-B2F-0302,column,0.3881,0.0,6.21,0.0
COL-B2F-0303,column,0.3881,0.0,6.21,0.0
COL-B2F-0304,column,0.3881,0.0,6.21,0.0
COL-B2F-0305,column,0.3881,0.0,6.21,0.0
COL-B2F-0306,column,0.3881,0.0,6.21,0.0
COL-B2F-0307,column,0.3881,0.0,6.21,0.0
COL-B2F-0308,column,1.4376,0.0,9.405,0.0
COL-B2F-0309,column,0.3881,0.0,6.21,0.0
COL-B2F-0310,column,0.3881,0.0,6.21,0.0
COL-B2F-0311,column,1.4376,0.0,9.405,0.0
COL-B2F-0312,column,0.3881,0.0,6.21,0.0
COL-B2F-0313,column,0.3881,0.0,6.21,0.0
COL-B2F-0314,column,1.4376,0.0,9.405,0.0
COL-B2F-0315,column,0.3881,0.0,6.21,0.0
COL-B2F-0316,column,0.3881,0.0,6.21,0.0
COL-B2F-0317,column,0.3881,0.0,6.21,0.0
COL-B2F-0318,column,0.3881,0.0,6.21,0.0
COL-B2F-0319,column,0.3881,0.0,6.21,0.0
COL-B2F-0320,column,0.3881,0.0,6.21,0.0
COL-B2F-0321,column,1.4376,0.0,9.405,0.0
COL-B2F-0322,column,0.3881,0.0,6.21,0.0
COL-B2F-0323,column,0.3881,0.0,6.21,0.0
COL-B2F-0324,column,0.3881,0.0,6.21,0.0
COL-B2F-0325,column,0.3881,0.0,6.21,0.0
COL-B2F-0326,column,0.3881,0.0,6.21,0.0
COL-B2F-0327,column,0.3881,0.0,6.21,0.0
COL-B2F-0328,column,1.4376,0.0,9.405,0.0
COL-B2F-0329,column,0.3881,0.0,6.21,0.0
COL-B2F-0330,column,0.3881,0.0,6.21,0.0
COL-B2F-0331,column,0.3881,0.0,6.21,0.0
COL-B2F-0332,column,0.3881,0.0,6.21,0.0
COL-B2F-0333,column,0.3881,0.0,6.21,0.0
COL-B2F-0334,column,0.3881,0.0,6.21,0.0
COL-B2F-0335,column,1.4376,0.0,9.405,0.0
COL-B2F-0336,column,0.3881,0.0,6.21,0.0
COL-B2F-0337,column,0.3881,0.0,6.21,0.0
COL-B2F-0338,column,0.3881,0.0,6.21,0.0
COL-B2F-0339,column,0.3881,0.0,6.21,0.0
COL-B2F-0340,column,0.3881,0.0,6.21,0.0
COL-B2F-0341,column,0.3881,0.0,6.21,0.0
COL-B2F-0342,column,1.4376,0.0,9.405,0.0
COL-B2F-0343,column,0.3881,0.0,6.21,0.0
COL-B2F-0344,column,0.3881,0.0,6.21,0.0
COL-B2F-0345,column,0.3881,0.0,6.21,0.0
COL-B2F-0346,column,0.3881,0.0,6.21,0.0
COL-B2F-0347,column,0.3881,0.0,6.21,0.0
COL-B2F-0348,column,0.3881,0.0,6.21,0.0
COL-B2F-0349,column,1.4376,0.0,9.405,0.0
COL-B2F-0350,column,0.3881,0.0,6.21,0.0
COL-B2F-0351,column,0.3881,0.0,6.21,0.0
COL-B2F-0352,column,0.3881,0.0,6.21,0.0
COL-B2F-0353,column,0.3881,0.0,6.21,0.0
COL-B2F-0354,column,0.3881,0.0,6.21,0.0
COL-B2F-0355,column,0.3881,0.0,6.21,0.0
COL-B2F-0356,column,1.4376,0.0,9.405,0.0
COL-B2F-0357,column,0.3881,0.0,6.21,0.0
COL-B2F-0358,column,0.3881,0.0,6.21,0.0
COL-B2F-0359,column,0.3881,0.0,6.21,0.0
COL-B2F-0360,column,0.3881,0.0,6.21,0.0
COL-B2F-0361,column,0.3881,0.0,6.21,0.0
COL-B2F-0362,column,0.3881,0.0,6.21,0.0
COL-B2F-0363,column,1.4376,0.0,9.405,0.0
COL-B2F-0364,column,0.3881,0.0,6.21,0.0
COL-B2F-0365,column,0.3881,0.0,6.21,0.0
COL-B2F-0366,column,0.3881,0.0,6.21,0.0
COL-B2F-0367,column,0.3881,0.0,6.21,0.0
COL-B2F-0368,column,0.3881,0.0,6.21,0.0
COL-B2F-0369,column,0.3881,0.0,6.21,0.0
COL-B2F-0370,column,1.4376,0.0,9.405,0.0
COL-B2F-0371,column,0.3881,0.0,6.21,0.0
COL-B2F-0372,column,0.3881,0.0,6.21,0.0
COL-B2F-0373,column,0.3881,0.0,6.21,0.0
COL-B2F-0374,column,0.3881,0.0,6.21,0.0
COL-B2F-0375,column,0.3881,0.0,6.21,0.0
COL-B2F-0376,column,0.3881,0.0,6.21,0.0
COL-B2F-0377,column,1.4376,0.0,9.405,0.0
COL-B2F-0378,column,0.3881,0.0,6.21,0.0
COL-B2F-0379,column,0.3881,0.0,6.21,0.0
COL-B2F-0380,column,0.3881,0.0,6.21,0.0
COL-B2F-0381,column,0.3881,0.0,6.21,0.0
COL-B2F-0382,column,0.3881,0.0,6.21,0.0
COL-B2F-0383,column,0.3881,0.0,6.21,0.0
COL-B2F-0384,column,1.4376,0.0,9.405,0.0
COL-B2F-0385,column,0.3881,0.0,6.21,0.0
COL-B2F-0386,column,0.3881,0.0,6.21,0.0
COL-B2F-0387,column,0.3881,0.0,6.21,0.0
COL-B2F-0388,column,0.3881,0.0,6.21,0.0
COL-B2F-0389,column,0.3881,0.0,6.21,0.0
COL-B2F-0390,column,0.3881,0.0,6.21,0.0
COL-B2F-0391,column,1.4376,0.0,9.405,0.0
COL-B2F-0392,column,0.3881,0.0,6.21,0.0
COL-B2F-0393,column,0.3881,0.0,6.21,0.0
COL-B2F-0394,column,0.3881,0.0,6.21,0.0
COL-B2F-0395,column,0.3881,0.0,6.21,0.0
COL-B2F-0396,column,0.3881,0.0,6.21,0.0
COL-B2F-0397,column,0.3881,0.0,6.21,0.0
COL-B2F-0398,column,1.4376,0.0,9.405,0.0
COL-B2F-0399,column,0.3881,0.0,6.21,0.0
COL-B2F-0400,column,0.3881,0.0,6.21,0.0
COL-B2F-0401,column,0.3881,0.0,6.21,0.0
COL-B2F-0402,column,0.3881,0.0,6.21,0.0
COL-B2F-0403,column,0.3881,0.0,6.21,0.0
COL-B2F-0404,column,0.3881,0.0,6.21,0.0
COL-B2F-0405,column,1.4376,0.0,9.405,0.0
COL-B2F-0406,column,0.3881,0.0,6.21,0.0
COL-B2F-0407,column,0.3881,0.0,6.21,0.0
COL-B2F-0408,column,0.3881,0.0,6.21,0.0
COL-B2F-0409,column,0.3881,0.0,6.21,0.0
COL-B2F-0410,column,0.3881,0.0,6.21,0.0
COL-B2F-0411,column,0.3881,0.0,6.21,0.0
COL-B2F-0412,column,1.4376,0.0,9.405,0.0
COL-B2F-0413,column,0.3881,0.0,6.21,0.0
COL-B2F-0414,column,0.3881,0.0,6.21,0.0
COL-B2F-0415,column,0.3881,0.0,6.21,0.0
COL-B2F-0416,column,0.3881,0.0,6.21,0.0
COL-B2F-0417,column,0.3881,0.0,6.21,0.0
COL-B2F-0418,column,0.3881,0.0,6.21,0.0
COL-B2F-0419,column,1.4376,0.0,9.405,0.0
COL-B2F-0420,column,0.3881,0.0,6.21,0.0
COL-B2F-0421,column,0.3881,0.0,6.21,0.0
COL-B2F-0422,column,0.3881,0.0,6.21,0.0
COL-B2F-0423,column,0.3881,0.0,6.21,0.0
COL-B2F-0424,column,0.3881,0.0,6.21,0.0
COL-B2F-0425,column,0.3881,0.0,6.21,0.0
COL-B2F-0426,column,0.3881,0.0,6.21,0.0
COL-B2F-0427,column,0.3881,0.0,6.21,0.0
COL-B2F-0428,column,1.4376,0.0,9.405,0.0
COL-B2F-0429,column,0.3881,0.0,6.21,0.0
COL-B2F-0430,column,0.3881,0.0,6.21,0.0
COL-B2F-0431,column,0.3881,0.0,6.21,0.0
COL-B2F-0432,column,0.3881,0.0,6.21,0.0
COL-B2F-0433,column,0.3881,0.0,6.21,0.0
COL-B2F-0434,column,0.3881,0.0,6.21,0.0
COL-B2F-0435,column,1.4376,0.0,9.405,0.0
COL-B2F-0436,column,0.3881,0.0,6.21,0.0
COL-B2F-0437,column,0.3881,0.0,6.21,0.0
COL-B2F-0438,column,0.3881,0.0,6.21,0.0
COL-B2F-0439,column,0.3881,0.0,6.21,0.0
COL-B2F-0440,column,0.3881,0.0,6.21,0.0
COL-B2F-0441,column,0.3881,0.0,6.21,0.0
COL-B2F-0442,column,1.4376,0.0,9.405,0.0
COL-B2F-0443,column,0.3881,0.0,6.21,0.0
COL-B2F-0444,column,0.3881,0.0,6.21,0.0
COL-B2F-0445,column,1.4376,0.0,9.405,0.0
COL-B2F-0446,column,0.3881,0.0,6.21,0.0
COL-B2F-0447,column,0.3881,0.0,6.21,0.0
COL-B2F-0448,column,1.4376,0.0,9.405,0.0
COL-B2F-0449,column,4.242,0.0,15.394,0.0
COL-B2F-0450,column,1.4934,0.0,9.08,0.0
COL-B2F-0451,column,1.0005,0.0,7.452,0.0
COL-B2F-0452,column,0.6624,0.0,6.072,0.0
COL-B2F-0453,column,0.3814,0.0,4.616,0.0
COL-B2F-0454,column,0.1339,0.0,2.719,0.0
COL-B2F-0455,column,4.242,0.0,15.394,0.0
COL-B2F-0456,column,1.4934,0.0,9.08,0.0
COL-B2F-0457,column,0.3881,0.0,6.21,0.0
COL-B2F-0458,column,0.3881,0.0,6.21,0.0
COL-B2F-0459,column,1.4376,0.0,9.405,0.0
COL-B2F-0460,column,0.3881,0.0,6.21,0.0
COL-B2F-0461,column,0.3881,0.0,6.21,0.0
COL-B2F-0462,column,4.242,0.0,15.394,0.0
COL-B2F-0463,column,1.4934,0.0,9.08,0.0
COL-B2F-0464,column,1.0005,0.0,7.452,0.0
COL-B2F-0465,column,0.6624,0.0,6.072,0.0
COL-B2F-0466,column,0.3814,0.0,4.616,0.0
COL-B2F-0467,column,0.1339,0.0,2.719,0.0
COL-B2F-0468,column,4.242,0.0,15.394,0.0
COL-B2F-0469,column,1.4934,0.0,9.08,0.0
COL-B2F-0470,column,4.242,0.0,15.394,0.0
COL-B2F-0471,column,1.4934,0.0,9.08,0.0
COL-B2F-0472,column,1.0005,0.0,7.452,0.0
COL-B2F-0473,column,0.6624,0.0,6.072,0.0
COL-B2F-0474,column,0.3814,0.0,4.616,0.0
COL-B2F-0475,column,0.1339,0.0,2.719,0.0
COL-B2F-0476,column,4.242,0.0,15.394,0.0
COL-B2F-0477,column,1.4934,0.0,9.08,0.0
COL-B2F-0478,column,4.242,0.0,15.394,0.0
COL-B2F-0479,column,1.4934,0.0,9.08,0.0
COL-B2F-0480,column,1.0005,0.0,7.452,0.0
COL-B2F-0481,column,0.6624,0.0,6.072,0.0
COL-B2F-0482,column,0.3814,0.0,4.616,0.0
COL-B2F-0483,column,0.1339,0.0,2.719,0.0
COL-B2F-0484,column,4.242,0.0,15.394,0.0
COL-B2F-0485,column,1.4934,0.0,9.08,0.0
COL-B2F-0486,column,4.242,0.0,15.394,0.0
COL-B2F-0487,column,1.4934,0.0,9.08,0.0
COL-B2F-0488,column,1.0005,0.0,7.452,0.0
COL-B2F-0489,column,0.6624,0.0,6.072,0.0
COL-B2F-0490,column,0.3814,0.0,4.616,0.0
COL-B2F-0491,column,0.1339,0.0,2.719,0.0
COL-B2F-0492,column,4.242,0.0,15.394,0.0
COL-B2F-0493,column,1.4934,0.0,9.08,0.0
COL-B2F-0494,column,0.3881,0.0,6.21,0.0
COL-B2F-0495,column,0.3881,0.0,6.21,0.0
COL-B2F-0496,column,0.3105,0.0,5.175,0.0
COL-B2F-0497,column,0.3105,0.0,5.175,0.0
COL-B2F-0498,column,0.3881,0.0,6.21,0.0
COL-B2F-0499,column,0.3881,0.0,6.21,0.0
COL-B2F-0500,column,1.4376,0.0,9.405,0.0
COL-B2F-0501,column,0.3881,0.0,6.21,0.0
COL-B2F-0502,column,0.3881,0.0,6.21,0.0
COL-B2F-0503,column,1.4376,0.0,9.405,0.0
COL-B2F-0504,column,0.3881,0.0,6.21,0.0
COL-B2F-0505,column,0.3881,0.0,6.21,0.0
COL-B2F-0506,column,4.242,0.0,15.394,0.0
COL-B2F-0507,column,1.4934,0.0,9.08,0.0
COL-B2F-0508,column,1.0005,0.0,7.452,0.0
COL-B2F-0509,column,0.6624,0.0,6.072,0.0
COL-B2F-0510,column,0.3814,0.0,4.616,0.0
COL-B2F-0511,column,0.1339,0.0,2.719,0.0
COL-B2F-0512,column,4.242,0.0,15.394,0.0
COL-B2F-0513,column,1.4934,0.0,9.08,0.0
COL-B2F-0514,column,4.242,0.0,15.394,0.0
COL-B2F-0515,column,1.4934,0.0,9.08,0.0
COL-B2F-0516,column,1.0005,0.0,7.452,0.0
COL-B2F-0517,column,0.6624,0.0,6.072,0.0
COL-B2F-0518,column,0.3814,0.0,4.616,0.0
COL-B2F-0519,column,0.1339,0.0,2.719,0.0
COL-B2F-0520,column,4.242,0.0,15.394,0.0
COL-B2F-0521,column,1.4934,0.0,9.08,0.0
COL-B2F-0522,column,0.3881,0.0,6.21,0.0
COL-B2F-0523,column,0.3881,0.0,6.21,0.0
COL-B2F-0524,column,0.3881,0.0,6.21,0.0
COL-B2F-0525,column,0.3881,0.0,6.21,0.0
COL-B2F-0526,column,0.3881,0.0,6.21,0.0
COL-B2F-0527,column,0.3881,0.0,6.21,0.0
COL-B2F-0528,column,1.4376,0.0,9.405,0.0
COL-B2F-0529,column,0.3881,0.0,6.21,0.0
COL-B2F-0530,column,0.3881,0.0,6.21,0.0
COL-B2F-0531,column,0.3881,0.0,6.21,0.0
COL-B2F-0532,column,0.3881,0.0,6.21,0.0
COL-B2F-0533,column,0.3881,0.0,6.21,0.0
COL-B2F-0534,column,0.3881,0.0,6.21,0.0
COL-B2F-0535,column,1.4376,0.0,9.405,0.0
COL-B2F-0536,column,0.3881,0.0,6.21,0.0
COL-B2F-0537,column,0.3881,0.0,6.21,0.0
COL-B2F-0538,column,0.3881,0.0,6.21,0.0
COL-B2F-0539,column,0.3881,0.0,6.21,0.0
COL-B2F-0540,column,0.3881,0.0,6.21,0.0
COL-B2F-0541,column,0.3881,0.0,6.21,0.0
COL-B2F-0542,column,1.4376,0.0,9.405,0.0
COL-B2F-0543,column,0.3881,0.0,6.21,0.0
COL-B2F-0544,column,0.3881,0.0,6.21,0.0
COL-B2F-0545,column,1.4376,0.0,9.405,0.0
COL-B2F-0546,column,0.3881,0.0,6.21,0.0
COL-B2F-0547,column,0.3881,0.0,6.21,0.0
COL-B2F-0548,column,1.4376,0.0,9.405,0.0
COL-B2F-0549,column,0.3881,0.0,6.21,0.0
COL-B2F-0550,column,0.3881,0.0,6.21,0.0
COL-B2F-0551,column,1.4376,0.0,9.405,0.0
COL-B2F-0552,column,0.3105,0.0,5.175,0.0
COL-B2F-0553,column,0.3105,0.0,5.175,0.0
COL-B2F-0554,column,0.3105,0.0,5.175,0.0
COL-B2F-0555,column,0.3105,0.0,5.175,0.0
COL-B2F-0556,column,0.3881,0.0,6.21,0.0
COL-B2F-0557,column,0.3881,0.0,6.21,0.0
COL-B2F-0558,column,0.3881,0.0,6.21,0.0
COL-B2F-0559,column,0.3881,0.0,6.21,0.0
COL-B2F-0560,column,0.3881,0.0,6.21,0.0
COL-B2F-0561,column,0.3881,0.0,6.21,0.0
COL-B2F-0562,column,0.3881,0.0,6.21,0.0
COL-B2F-0563,column,0.3881,0.0,6.21,0.0
COL-B2F-0564,column,0.3881,0.0,6.21,0.0
COL-B2F-0565,column,0.3881,0.0,6.21,0.0
COL-B2F-0566,column,4.242,0.0,15.394,0.0
COL-B2F-0567,column,1.4934,0.0,9.08,0.0
COL-B2F-0568,column,1.0005,0.0,7.452,0.0
COL-B2F-0569,column,0.6624,0.0,6.072,0.0
COL-B2F-0570,column,0.3814,0.0,4.616,0.0
COL-B2F-0571,column,0.1339,0.0,2.719,0.0
COL-B2F-0572,column,4.242,0.0,15.394,0.0
COL-B2F-0573,column,1.4934,0.0,9.08,0.0
COL-B2F-0574,column,0.3881,0.0,6.21,0.0
COL-B2F-0575,column,0.3881,0.0,6.21,0.0
COL-B2F-0576,column,0.3881,0.0,6.21,0.0
COL-B2F-0577,column,0.3881,0.0,6.21,0.0
COL-B2F-0578,column,5.76,0.0,18.264,0.0
COL-B2F-0579,column,0.3881,0.0,6.21,0.0
COL-B2F-0580,column,0.3881,0.0,6.21,0.0
COL-B2F-0581,column,0.3881,0.0,6.21,0.0
COL-B2F-0582,column,5.76,0.0,18.264,0.0
COL-B2F-0583,column,0.3881,0.0,6.21,0.0
COL-B2F-0584,column,0.3881,0.0,6.21,0.0
COL-B2F-0585,column,0.3881,0.0,6.21,0.0
COL-B2F-0586,column,5.76,0.0,18.264,0.0
COL-B2F-0587,column,0.3881,0.0,6.21,0.0
COL-B2F-0588,column,0.3881,0.0,6.21,0.0
COL-B2F-0589,column,0.3881,0.0,6.21,0.0
COL-B2F-0590,column,5.76,0.0,18.264,0.0
COL-B2F-0591,column,0.3881,0.0,6.21,0.0
COL-B2F-0592,column,0.3881,0.0,6.21,0.0
COL-B2F-0593,column,0.3881,0.0,6.21,0.0
COL-B2F-0594,column,5.76,0.0,18.264,0.0
COL-B2F-0595,column,0.3881,0.0,6.21,0.0
COL-B2F-0596,column,0.3881,0.0,6.21,0.0
COL-B2F-0597,column,0.3881,0.0,6.21,0.0
COL-B2F-0598,column,5.76,0.0,18.264,0.0
COL-B2F-0599,column,0.3881,0.0,6.21,0.0
COL-B2F-0600,column,0.3881,0.0,6.21,0.0
COL-B2F-0601,column,0.3881,0.0,6.21,0.0
COL-B2F-0602,column,5.76,0.0,18.264,0.0
COL-B2F-0603,column,0.3881,0.0,6.21,0.0
COL-B2F-0604,column,0.3881,0.0,6.21,0.0
COL-B2F-0605,column,0.3881,0.0,6.21,0.0
COL-B2F-0606,column,5.76,0.0,18.264,0.0
COL-B2F-0607,column,0.3881,0.0,6.21,0.0
COL-B2F-0608,column,0.3881,0.0,6.21,0.0
COL-B2F-0609,column,0.3881,0.0,6.21,0.0
COL-B2F-0610,column,5.76,0.0,18.264,0.0
COL-B2F-0611,column,0.3881,0.0,6.21,0.0
COL-B2F-0612,column,4.242,0.0,15.394,0.0
COL-B2F-0613,column,1.4934,0.0,9.08,0.0
COL-B2F-0614,column,1.0005,0.0,7.452,0.0
COL-B2F-0615,column,0.6624,0.0,6.072,0.0
COL-B2F-0616,column,0.3814,0.0,4.616,0.0
COL-B2F-0617,column,0.1339,0.0,2.719,0.0
COL-B2F-0618,column,4.242,0.0,15.394,0.0
COL-B2F-0619,column,1.4934,0.0,9.08,0.0
COL-B2F-0620,column,0.3881,0.0,6.21,0.0
COL-B2F-0621,column,0.3881,0.0,6.21,0.0
COL-B2F-0622,column,0.3881,0.0,6.21,0.0
COL-B2F-0623,column,0.3881,0.0,6.21,0.0
COL-B2F-0624,column,0.3105,0.0,5.175,0.0
COL-B2F-0625,column,0.3105,0.0,5.175,0.0
COL-B2F-0626,column,0.3881,0.0,6.21,0.0
COL-B2F-0627,column,0.3881,0.0,6.21,0.0
COL-B2F-0628,column,1.4376,0.0,9.405,0.0
COL-B2F-0629,column,0.3881,0.0,6.21,0.0
COL-B2F-0630,column,0.3881,0.0,6.21,0.0
COL-B2F-0631,column,1.4376,0.0,9.405,0.0
COL-B2F-0632,column,0.3881,0.0,6.21,0.0
COL-B2F-0633,column,0.3881,0.0,6.21,0.0
COL-B2F-0634,column,1.4376,0.0,9.405,0.0
COL-B2F-0635,column,0.3881,0.0,6.21,0.0
COL-B2F-0636,column,0.3881,0.0,6.21,0.0
COL-B2F-0637,column,1.4376,0.0,9.405,0.0
COL-B2F-0638,column,0.3881,0.0,6.21,0.0
COL-B2F-0639,column,0.3881,0.0,6.21,0.0
COL-B2F-0640,column,0.3881,0.0,6.21,0.0
COL-B2F-0641,column,0.3881,0.0,6.21,0.0
COL-B2F-0642,column,1.4376,0.0,9.405,0.0
COL-B2F-0643,column,0.3881,0.0,6.21,0.0
COL-B2F-0644,column,0.3881,0.0,6.21,0.0
COL-B2F-0645,column,0.3881,0.0,6.21,0.0
COL-B2F-0646,column,0.3881,0.0,6.21,0.0
COL-B2F-0647,column,1.4376,0.0,9.405,0.0
COL-B2F-0648,column,0.3881,0.0,6.21,0.0
COL-B2F-0649,column,0.3881,0.0,6.21,0.0
COL-B2F-0650,column,0.3881,0.0,6.21,0.0
COL-B2F-0651,column,0.3881,0.0,6.21,0.0
COL-B2F-0652,column,0.3881,0.0,6.21,0.0
COL-B2F-0653,column,0.3881,0.0,6.21,0.0
COL-B2F-0654,column,1.4376,0.0,9.405,0.0
COL-B2F-0655,column,0.3881,0.0,6.21,0.0
COL-B2F-0656,column,0.3881,0.0,6.21,0.0
COL-B2F-0657,column,1.4376,0.0,9.405,0.0
COL-B2F-0658,column,0.3881,0.0,6.21,0.0
COL-B2F-0659,column,0.3881,0.0,6.21,0.0
COL-B2F-0660,column,5.76,0.0,18.264,0.0
COL-B2F-0661,column,0.3881,0.0,6.21,0.0
COL-B2F-0662,column,0.3881,0.0,6.21,0.0
COL-B2F-0663,column,0.3881,0.0,6.21,0.0
COL-B2F-0664,column,5.76,0.0,18.264,0.0
COL-B2F-0665,column,0.3881,0.0,6.21,0.0
COL-B2F-0666,column,0.3881,0.0,6.21,0.0
COL-B2F-0667,column,0.3881,0.0,6.21,0.0
COL-B2F-0668,column,4.242,0.0,15.394,0.0
COL-B2F-0669,column,1.4934,0.0,9.08,0.0
COL-B2F-0670,column,1.0005,0.0,7.452,0.0
COL-B2F-0671,column,0.6624,0.0,6.072,0.0
COL-B2F-0672,column,0.3814,0.0,4.616,0.0
COL-B2F-0673,column,0.1339,0.0,2.719,0.0
COL-B2F-0674,column,4.242,0.0,15.394,0.0
COL-B2F-0675,column,1.4934,0.0,9.08,0.0
COL-B2F-0676,column,4.242,0.0,15.394,0.0
COL-B2F-0677,column,1.4934,0.0,9.08,0.0
COL-B2F-0678,column,1.0005,0.0,7.452,0.0
COL-B2F-0679,column,0.6624,0.0,6.072,0.0
COL-B2F-0680,column,0.3814,0.0,4.616,0.0
COL-B2F-0681,column,0.1339,0.0,2.719,0.0
COL-B2F-0682,column,4.242,0.0,15.394,0.0
COL-B2F-0683,column,1.4934,0.0,9.08,0.0
COL-B2F-0684,column,4.242,0.0,15.394,0.0
COL-B2F-0685,column,1.4934,0.0,9.08,0.0
COL-B2F-0686,column,1.0005,0.0,7.452,0.0
COL-B2F-0687,column,0.6624,0.0,6.072,0.0
COL-B2F-0688,column,0.3814,0.0,4.616,0.0
COL-B2F-0689,column,0.1339,0.0,2.719,0.0
COL-B2F-0690,column,4.242,0.0,15.394,0.0
COL-B2F-0691,column,1.4934,0.0,9.08,0.0
COL-B2F-0692,column,4.242,0.0,15.394,0.0
COL-B2F-0693,column,1.4934,0.0,9.08,0.0
COL-B2F-0694,column,1.0005,0.0,7.452,0.0
COL-B2F-0695,column,0.6624,0.0,6.072,0.0
COL-B2F-0696,column,0.3814,0.0,4.616,0.0
COL-B2F-0697,column,0.1339,0.0,2.719,0.0
COL-B2F-0698,column,4.242,0.0,15.394,0.0
COL-B2F-0699,column,1.4934,0.0,9.08,0.0
COL-B2F-0700,column,4.242,0.0,15.394,0.0
COL-B2F-0701,column,1.4934,0.0,9.08,0.0
COL-B2F-0702,column,1.0005,0.0,7.452,0.0
COL-B2F-0703,column,0.6624,0.0,6.072,0.0
COL-B2F-0704,column,0.3814,0.0,4.616,0.0
COL-B2F-0705,column,0.1339,0.0,2.719,0.0
COL-B2F-0706,column,4.242,0.0,15.394,0.0
COL-B2F-0707,column,1.4934,0.0,9.08,0.0
COL-B2F-0708,column,4.242,0.0,15.394,0.0
COL-B2F-0709,column,1.4934,0.0,9.08,0.0
COL-B2F-0710,column,1.0005,0.0,7.452,0.0
COL-B2F-0711,column,0.6624,0.0,6.072,0.0
COL-B2F-0712,column,0.3814,0.0,4.616,0.0
COL-B2F-0713,column,0.1339,0.0,2.719,0.0
COL-B2F-0714,column,4.242,0.0,15.394,0.0
COL-B2F-0715,column,1.4934,0.0,9.08,0.0
COL-B2F-0716,column,0.3881,0.0,6.21,0.0
COL-B2F-0717,column,0.3881,0.0,6.21,0.0
COL-B2F-0718,column,1.4376,0.0,9.405,0.0
COL-B2F-0719,column,4.242,0.0,15.394,0.0
COL-B2F-0720,column,1.4934,0.0,9.08,0.0
COL-B2F-0721,column,1.0005,0.0,7.452,0.0
COL-B2F-0722,column,0.6624,0.0,6.072,0.0
COL-B2F-0723,column,0.3814,0.0,4.616,0.0
COL-B2F-0724,column,0.1339,0.0,2.719,0.0
COL-B2F-0725,column,4.242,0.0,15.394,0.0
COL-B2F-0726,column,1.4934,0.0,9.08,0.0
COL-B2F-0727,column,0.3881,0.0,6.21,0.0
COL-B2F-0728,column,0.3881,0.0,6.21,0.0
COL-B2F-0729,column,4.242,0.0,15.394,0.0
COL-B2F-0730,column,1.4934,0.0,9.08,0.0
COL-B2F-0731,column,1.0005,0.0,7.452,0.0
COL-B2F-0732,column,0.6624,0.0,6.072,0.0
COL-B2F-0733,column,0.3814,0.0,4.616,0.0
COL-B2F-0734,column,0.1339,0.0,2.719,0.0
COL-B2F-0735,column,4.242,0.0,15.394,0.0
COL-B2F-0736,column,1.4934,0.0,9.08,0.0
COL-B2F-0737,column,0.3881,0.0,6.21,0.0
COL-B2F-0738,column,0.3881,0.0,6.21,0.0
COL-B2F-0739,column,0.3881,0.0,6.21,0.0
COL-B2F-0740,column,0.3881,0.0,6.21,0.0
COL-B2F-0741,column,0.3105,0.0,5.175,0.0
COL-B2F-0742,column,0.3105,0.0,5.175,0.0
COL-B2F-0743,column,0.3881,0.0,6.21,0.0
COL-B2F-0744,column,0.3881,0.0,6.21,0.0
COL-B2F-0745,column,1.4376,0.0,9.405,0.0
COL-B2F-0746,column,0.3881,0.0,6.21,0.0
COL-B2F-0747,column,0.3881,0.0,6.21,0.0
COL-B2F-0748,column,0.3881,0.0,6.21,0.0
COL-B2F-0749,column,0.3881,0.0,6.21,0.0
COL-B2F-0750,column,1.4376,0.0,9.405,0.0
COL-B2F-0751,column,0.3881,0.0,6.21,0.0
COL-B2F-0752,column,0.3881,0.0,6.21,0.0
COL-B2F-0753,column,1.4376,0.0,9.405,0.0
COL-B2F-0754,column,0.3881,0.0,6.21,0.0
COL-B2F-0755,column,0.3881,0.0,6.21,0.0
COL-B2F-0756,column,0.3881,0.0,6.21,0.0
COL-B2F-0757,column,0.3881,0.0,6.21,0.0
COL-B2F-0758,column,0.3881,0.0,6.21,0.0
COL-B2F-0759,column,0.3881,0.0,6.21,0.0
COL-B2F-0760,column,1.4376,0.0,9.405,0.0
COL-B2F-0761,column,0.3881,0.0,6.21,0.0
COL-B2F-0762,column,0.3881,0.0,6.21,0.0
COL-B2F-0763,column,1.4376,0.0,9.405,0.0
COL-B2F-0764,column,0.3881,0.0,6.21,0.0
COL-B2F-0765,column,0.3881,0.0,6.21,0.0
COL-B2F-0766,column,1.4376,0.0,9.405,0.0
COL-B2F-0767,column,0.3881,0.0,6.21,0.0
COL-B2F-0768,column,0.3881,0.0,6.21,0.0
COL-B2F-0769,column,1.4376,0.0,9.405,0.0
COL-B2F-0770,column,0.3881,0.0,6.21,0.0
COL-B2F-0771,column,0.3881,0.0,6.21,0.0
COL-B2F-0772,column,1.4376,0.0,9.405,0.0
COL-B2F-0773,column,0.3881,0.0,6.21,0.0
COL-B2F-0774,column,0.3881,0.0,6.21,0.0
COL-B2F-0775,column,1.4376,0.0,9.405,0.0
COL-B2F-0776,column,0.3881,0.0,6.21,0.0
COL-B2F-0777,column,0.3881,0.0,6.21,0.0
COL-B2F-0778,column,1.4376,0.0,9.405,0.0
COL-B2F-0779,column,0.3881,0.0,6.21,0.0
COL-B2F-0780,column,0.3881,0.0,6.21,0.0
COL-B2F-0781,column,1.4376,0.0,9.405,0.0
COL-B2F-0782,column,0.3881,0.0,6.21,0.0
COL-B2F-0783,column,0.3881,0.0,6.21,0.0
COL-B2F-0784,column,0.3881,0.0,6.21,0.0
COL-B2F-0785,column,0.3881,0.0,6.21,0.0
COL-B2F-0786,column,4.242,0.0,15.394,0.0
COL-B2F-0787,column,1.4934,0.0,9.08,0.0
COL-B2F-0788,column,1.0005,0.0,7.452,0.0
COL-B2F-0789,column,0.6624,0.0,6.072,0.0
COL-B2F-0790,column,0.3814,0.0,4.616,0.0
COL-B2F-0791,column,0.1339,0.0,2.719,0.0
COL-B2F-0792,column,4.242,0.0,15.394,0.0
COL-B2F-0793,column,1.4934,0.0,9.08,0.0
COL-B2F-0794,column,0.3881,0.0,6.21,0.0
COL-B2F-0795,column,0.3881,0.0,6.21,0.0
COL-B2F-0796,column,1.4376,0.0,9.405,0.0
COL-B2F-0797,column,0.3881,0.0,6.21,0.0
COL-B2F-0798,column,0.3881,0.0,6.21,0.0
COL-B2F-0799,column,0.3881,0.0,6.21,0.0
COL-B2F-0800,column,0.3881,0.0,6.21,0.0
COL-B2F-0801,column,1.4376,0.0,9.405,0.0
COL-B2F-0802,column,4.242,0.0,15.394,0.0
COL-B2F-0803,column,1.4934,0.0,9.08,0.0
COL-B2F-0804,column,1.0005,0.0,7.452,0.0
COL-B2F-0805,column,0.6624,0.0,6.072,0.0
COL-B2F-0806,column,0.3814,0.0,4.616,0.0
COL-B2F-0807,column,0.1339,0.0,2.719,0.0
COL-B2F-0808,column,4.242,0.0,15.394,0.0
COL-B2F-0809,column,1.4934,0.0,9.08,0.0
COL-B2F-0810,column,0.3881,0.0,6.21,0.0
COL-B2F-0811,column,0.3881,0.0,6.21,0.0
COL-B2F-0812,column,0.3881,0.0,6.21,0.0
COL-B2F-0813,column,0.3881,0.0,6.21,0.0
COL-B2F-0814,column,5.76,0.0,18.264,0.0
COL-B2F-0815,column,0.3881,0.0,6.21,0.0
COL-B2F-0816,column,0.3881,0.0,6.21,0.0
COL-B2F-0817,column,0.3881,0.0,6.21,0.0
COL-B2F-0818,column,5.76,0.0,18.264,0.0
COL-B2F-0819,column,0.3881,0.0,6.21,0.0
COL-B2F-0820,column,0.3881,0.0,6.21,0.0
COL-B2F-0821,column,0.3881,0.0,6.21,0.0
COL-B2F-0822,column,5.76,0.0,18.264,0.0
COL-B2F-0823,column,0.3881,0.0,6.21,0.0
COL-B2F-0824,column,0.3881,0.0,6.21,0.0
COL-B2F-0825,column,0.3881,0.0,6.21,0.0
COL-B2F-0826,column,5.76,0.0,18.264,0.0
COL-B2F-0827,column,0.3881,0.0,6.21,0.0
COL-B2F-0828,column,0.3881,0.0,6.21,0.0
COL-B2F-0829,column,0.3881,0.0,6.21,0.0
COL-B2F-0830,column,5.76,0.0,18.264,0.0
COL-B2F-0831,column,0.3881,0.0,6.21,0.0
COL-B2F-0832,column,0.3881,0.0,6.21,0.0
COL-B2F-0833,column,0.3881,0.0,6.21,0.0
COL-B2F-0834,column,5.76,0.0,18.264,0.0
COL-B2F-0835,column,0.3881,0.0,6.21,0.0
COL-B2F-0836,column,0.3881,0.0,6.21,0.0
COL-B2F-0837,column,0.3881,0.0,6.21,0.0
COL-B2F-0838,column,5.76,0.0,18.264,0.0
COL-B2F-0839,column,0.3881,0.0,6.21,0.0
COL-B2F-0840,column,0.3881,0.0,6.21,0.0
COL-B2F-0841,column,0.3881,0.0,6.21,0.0
COL-B2F-0842,column,5.76,0.0,18.264,0.0
COL-B2F-0843,column,0.3881,0.0,6.21,0.0
COL-B2F-0844,column,0.3881,0.0,6.21,0.0
COL-B2F-0845,column,0.3881,0.0,6.21,0.0
COL-B2F-0846,column,5.76,0.0,18.264,0.0
COL-B2F-0847,column,0.3881,0.0,6.21,0.0
COL-B2F-0848,column,0.3881,0.0,6.21,0.0
COL-B2F-0849,column,0.3881,0.0,6.21,0.0
COL-B2F-0850,column,1.4376,0.0,9.405,0.0
COL-B2F-0851,column,0.3881,0.0,6.21,0.0
COL-B2F-0852,column,0.3881,0.0,6.21,0.0
COL-B2F-0853,column,1.4376,0.0,9.405,0.0
COL-B2F-0854,column,0.3881,0.0,6.21,0.0
COL-B2F-0855,column,0.3881,0.0,6.21,0.0
COL-B2F-0856,column,0.3881,0.0,6.21,0.0
COL-B2F-0857,column,0.3881,0.0,6.21,0.0
COL-B2F-0858,column,0.3881,0.0,6.21,0.0
COL-B2F-0859,column,0.3881,0.0,6.21,0.0
COL-B2F-0860,column,1.4376,0.0,9.405,0.0
COL-B2F-0861,column,0.3881,0.0,6.21,0.0
COL-B2F-0862,column,0.3881,0.0,6.21,0.0
COL-B2F-0863,column,0.3881,0.0,6.21,0.0
COL-B2F-0864,column,0.3881,0.0,6.21,0.0
COL-B2F-0865,column,1.4376,0.0,9.405,0.0
COL-B2F-0866,column,0.3881,0.0,6.21,0.0
COL-B2F-0867,column,0.3881,0.0,6.21,0.0
COL-B2F-0868,column,1.4376,0.0,9.405,0.0
COL-B2F-0869,column,0.3881,0.0,6.21,0.0
COL-B2F-0870,column,0.3881,0.0,6.21,0.0
COL-B2F-0871,column,0.3881,0.0,6.21,0.0
COL-B2F-0872,column,0.3881,0.0,6.21,0.0
COL-B2F-0873,column,0.3881,0.0,6.21,0.0
COL-B2F-0874,column,0.3881,0.0,6.21,0.0
COL-B2F-0875,column,0.3881,0.0,6.21,0.0
COL-B2F-0876,column,0.3881,0.0,6.21,0.0
COL-B2F-0877,column,0.3881,0.0,6.21,0.0
COL-B2F-0878,column,0.3881,0.0,6.21,0.0
COL-B2F-0879,column,0.3881,0.0,6.21,0.0
COL-B2F-0880,column,0.3881,0.0,6.21,0.0
COL-B2F-0881,column,5.76,0.0,18.264,0.0
COL-B2F-0882,column,0.3881,0.0,6.21,0.0
COL-B2F-0883,column,0.3881,0.0,6.21,0.0
COL-B2F-0884,column,0.3881,0.0,6.21,0.0
COL-B2F-0885,column,5.76,0.0,18.264,0.0
COL-B2F-0886,column,0.3881,0.0,6.21,0.0
COL-B2F-0887,column,0.3881,0.0,6.21,0.0
COL-B2F-0888,column,0.3881,0.0,6.21,0.0
COL-B2F-0889,column,1.4376,0.0,9.405,0.0
COL-B2F-0890,column,0.3881,0.0,6.21,0.0
COL-B2F-0891,column,0.3881,0.0,6.21,0.0
COL-B2F-0892,column,1.4376,0.0,9.405,0.0
COL-B2F-0893,column,0.3881,0.0,6.21,0.0
COL-B2F-0894,column,0.3881,0.0,6.21,0.0
COL-B2F-0895,column,0.3881,0.0,6.21,0.0
COL-B2F-0896,column,0.3881,0.0,6.21,0.0
COL-B2F-0897,column,1.4376,0.0,9.405,0.0
COL-B2F-0898,column,0.3881,0.0,6.21,0.0
COL-B2F-0899,column,0.3881,0.0,6.21,0.0
COL-B2F-0900,column,0.3881,0.0,6.21,0.0
COL-B2F-0901,column,0.3881,0.0,6.21,0.0
COL-B2F-0902,column,0.3881,0.0,6.21,0.0
COL-B2F-0903,column,0.3881,0.0,6.21,0.0
COL-B2F-0904,column,1.4376,0.0,9.405,0.0
COL-B2F-0905,column,0.3881,0.0,6.21,0.0
COL-B2F-0906,column,0.3881,0.0,6.21,0.0
COL-B2F-0907,column,0.3881,0.0,6.21,0.0
COL-B2F-0908,column,0.3881,0.0,6.21,0.0
COL-B2F-0909,column,1.4376,0.0,9.405,0.0
COL-B2F-0910,column,0.3881,0.0,6.21,0.0
COL-B2F-0911,column,0.3881,0.0,6.21,0.0
COL-B2F-0912,column,0.3881,0.0,6.21,0.0
COL-B2F-0913,column,0.3881,0.0,6.21,0.0
COL-B2F-0914,column,0.3881,0.0,6.21,0.0
COL-B2F-0915,column,0.3881,0.0,6.21,0.0
COL-B2F-0916,column,1.4376,0.0,9.405,0.0
COL-B2F-0917,column,0.3881,0.0,6.21,0.0
COL-B2F-0918,column,0.3881,0.0,6.21,0.0
COL-B2F-0919,column,1.4376,0.0,9.405,0.0
COL-B2F-0920,column,0.3881,0.0,6.21,0.0
COL-B2F-0921,column,0.3881,0.0,6.21,0.0
COL-B2F-0922,column,0.3881,0.0,6.21,0.0
COL-B2F-0923,column,0.3881,0.0,6.21,0.0
COL-B2F-0924,column,0.3881,0.0,6.21,0.0
COL-B2F-0925,column,0.3881,0.0,6.21,0.0
COL-B2F-0926,column,1.4376,0.0,9.405,0.0
COL-B2F-0927,column,0.3881,0.0,6.21,0.0
COL-B2F-0928,column,0.3881,0.0,6.21,0.0
COL-B2F-0929,column,1.4376,0.0,9.405,0.0
COL-B2F-0930,column,0.3881,0.0,6.21,0.0
COL-B2F-0931,column,0.3881,0.0,6.21,0.0
COL-B2F-0932,column,1.4376,0.0,9.405,0.0
COL-B2F-0933,column,0.3105,0.0,5.175,0.0
COL-B2F-0934,column,0.3105,0.0,5.175,0.0
COL-B2F-0935,column,0.3881,0.0,6.21,0.0
COL-B2F-0936,column,0.3881,0.0,6.21,0.0
COL-B2F-0937,column,1.4376,0.0,9.405,0.0
COL-B2F-0938,column,0.3881,0.0,6.21,0.0
COL-B2F-0939,column,0.3881,0.0,6.21,0.0
COL-B2F-0940,column,0.3881,0.0,6.21,0.0
COL-B2F-0941,column,0.3881,0.0,6.21,0.0
COL-B2F-0942,column,0.3881,0.0,6.21,0.0
COL-B2F-0943,column,0.3881,0.0,6.21,0.0
COL-B2F-0944,column,1.4376,0.0,9.405,0.0
COL-B2F-0945,column,0.3881,0.0,6.21,0.0
COL-B2F-0946,column,0.3881,0.0,6.21,0.0
COL-B2F-0947,column,0.3881,0.0,6.21,0.0
COL-B2F-0948,column,0.3881,0.0,6.21,0.0
COL-B2F-0949,column,0.3881,0.0,6.21,0.0
COL-B2F-0950,column,0.3881,0.0,6.21,0.0
COL-B2F-0951,column,1.4376,0.0,9.405,0.0
COL-B2F-0952,column,0.3881,0.0,6.21,0.0
COL-B2F-0953,column,0.3881,0.0,6.21,0.0
COL-B2F-0954,column,0.3881,0.0,6.21,0.0
COL-B2F-0955,column,0.3881,0.0,6.21,0.0
COL-B2F-0956,column,0.3881,0.0,6.21,0.0
COL-B2F-0957,column,0.3881,0.0,6.21,0.0
COL-B2F-0958,column,1.4376,0.0,9.405,0.0
COL-B2F-0959,column,0.3881,0.0,6.21,0.0
COL-B2F-0960,column,0.3881,0.0,6.21,0.0
COL-B2F-0961,column,1.4376,0.0,9.405,0.0
COL-B2F-0962,column,0.3881,0.0,6.21,0.0
COL-B2F-0963,column,0.3881,0.0,6.21,0.0
COL-B2F-0964,column,5.76,0.0,18.264,0.0
COL-B2F-0965,column,0.3881,0.0,6.21,0.0
COL-B2F-0966,column,0.3881,0.0,6.21,0.0
COL-B2F-0967,column,0.3881,0.0,6.21,0.0
COL-B2F-0968,column,5.76,0.0,18.264,0.0
COL-B2F-0969,column,0.3881,0.0,6.21,0.0
COL-B2F-0970,column,0.3881,0.0,6.21,0.0
COL-B2F-0971,column,0.3881,0.0,6.21,0.0
COL-B2F-0972,column,5.76,0.0,18.264,0.0
COL-B2F-0973,column,0.3881,0.0,6.21,0.0
COL-B2F-0974,column,0.3881,0.0,6.21,0.0
COL-B2F-0975,column,0.3881,0.0,6.21,0.0
COL-B2F-0976,column,5.76,0.0,18.264,0.0
COL-B2F-0977,column,0.3881,0.0,6.21,0.0
COL-B2F-0978,column,0.3881,0.0,6.21,0.0
COL-B2F-0979,column,0.3881,0.0,6.21,0.0
COL-B2F-0980,column,5.76,0.0,18.264,0.0
COL-B2F-0981,column,0.3881,0.0,6.21,0.0
COL-B2F-0982,column,0.3881,0.0,6.21,0.0
COL-B2F-0983,column,0.3881,0.0,6.21,0.0
COL-B2F-0984,column,5.76,0.0,18.264,0.0
COL-B2F-0985,column,0.3881,0.0,6.21,0.0
COL-B2F-0986,column,0.3881,0.0,6.21,0.0
COL-B2F-0987,column,0.3881,0.0,6.21,0.0
COL-B2F-0988,column,5.76,0.0,18.264,0.0
COL-B2F-0989,column,0.3881,0.0,6.21,0.0
COL-B2F-0990,column,0.3881,0.0,6.21,0.0
COL-B2F-0991,column,0.3881,0.0,6.21,0.0
COL-B2F-0992,column,5.76,0.0,18.264,0.0
COL-B2F-0993,column,0.3881,0.0,6.21,0.0
COL-B2F-0994,column,0.3881,0.0,6.21,0.0
COL-B2F-0995,column,0.3881,0.0,6.21,0.0
COL-B2F-0996,column,5.76,0.0,18.264,0.0
COL-B2F-0997,column,0.3881,0.0,6.21,0.0
COL-B2F-0998,column,0.3881,0.0,6.21,0.0
COL-B2F-0999,column,0.3881,0.0,6.21,0.0
COL-B2F-1000,column,1.4376,0.0,9.405,0.0
COL-B2F-1001,column,0.3881,0.0,6.21,0.0
COL-B2F-1002,column,0.3881,0.0,6.21,0.0
COL-B2F-1003,column,0.3881,0.0,6.21,0.0
COL-B2F-1004,column,0.3881,0.0,6.21,0.0
COL-B2F-1005,column,1.4376,0.0,9.405,0.0
COL-B2F-1006,column,0.3881,0.0,6.21,0.0
COL-B2F-1007,column,0.3881,0.0,6.21,0.0
COL-B2F-1008,column,0.3881,0.0,6.21,0.0
COL-B2F-1009,column,0.3881,0.0,6.21,0.0
COL-B2F-1010,column,1.4376,0.0,9.405,0.0
COL-B2F-1011,column,0.3881,0.0,6.21,0.0
COL-B2F-1012,column,0.3881,0.0,6.21,0.0
COL-B2F-1013,column,1.4376,0.0,9.405,0.0
COL-B2F-1014,column,0.3881,0.0,6.21,0.0
COL-B2F-1015,column,0.3881,0.0,6.21,0.0
COL-B2F-1016,column,1.4376,0.0,9.405,0.0
COL-B2F-1017,column,0.3881,0.0,6.21,0.0
COL-B2F-1018,column,0.3881,0.0,6.21,0.0
COL-B2F-1019,column,1.4376,0.0,9.405,0.0
COL-B2F-1020,column,0.3881,0.0,6.21,0.0
COL-B2F-1021,column,0.3881,0.0,6.21,0.0
COL-B2F-1022,column,0.3881,0.0,6.21,0.0
COL-B2F-1023,column,0.3881,0.0,6.21,0.0
COL-B2F-1024,column,1.4376,0.0,9.405,0.0
COL-B2F-1025,column,0.3881,0.0,6.21,0.0
COL-B2F-1026,column,0.3881,0.0,6.21,0.0
COL-B2F-1027,column,0.3881,0.0,6.21,0.0
COL-B2F-1028,column,0.3881,0.0,6.21,0.0
COL-B2F-1029,column,0.3881,0.0,6.21,0.0
COL-B2F-1030,column,0.3881,0.0,6.21,0.0
COL-B2F-1031,column,0.3881,0.0,6.21,0.0
COL-B2F-1032,column,0.3881,0.0,6.21,0.0
COL-B2F-1033,column,0.3881,0.0,6.21,0.0
COL-B2F-1034,column,0.3881,0.0,6.21,0.0
COL-B2F-1035,column,0.3881,0.0,6.21,0.0
COL-B2F-1036,column,0.3881,0.0,6.21,0.0
COL-B2F-1037,column,0.3881,0.0,6.21,0.0
COL-B2F-1038,column,0.3881,0.0,6.21,0.0
COL-B2F-1039,column,1.4376,0.0,9.405,0.0
COL-B2F-1040,column,0.3881,0.0,6.21,0.0
COL-B2F-1041,column,0.3881,0.0,6.21,0.0
COL-B2F-1042,column,0.3881,0.0,6.21,0.0
COL-B2F-1043,column,0.3881,0.0,6.21,0.0
COL-B2F-1044,column,0.3881,0.0,6.21,0.0
COL-B2F-1045,column,0.3881,0.0,6.21,0.0
COL-B2F-1046,column,1.4376,0.0,9.405,0.0
COL-B2F-1047,column,0.3881,0.0,6.21,0.0
COL-B2F-1048,column,0.3881,0.0,6.21,0.0
COL-B2F-1049,column,0.3881,0.0,6.21,0.0
COL-B2F-1050,column,0.3881,0.0,6.21,0.0
COL-B2F-1051,column,1.4376,0.0,9.405,0.0
COL-B2F-1052,column,0.3881,0.0,6.21,0.0
COL-B2F-1053,column,0.3881,0.0,6.21,0.0
COL-B2F-1054,column,1.4376,0.0,9.405,0.0
COL-B2F-1055,column,0.3881,0.0,6.21,0.0
COL-B2F-1056,column,0.3881,0.0,6.21,0.0
COL-B2F-1057,column,0.3881,0.0,6.21,0.0
COL-B2F-1058,column,0.3881,0.0,6.21,0.0
COL-B2F-1059,column,1.4376,0.0,9.405,0.0
COL-B2F-1060,column,0.3881,0.0,6.21,0.0
COL-B2F-1061,column,0.3881,0.0,6.21,0.0
COL-B2F-1062,column,0.3881,0.0,6.21,0.0
COL-B2F-1063,column,0.3881,0.0,6.21,0.0
COL-B2F-1064,column,0.3881,0.0,6.21,0.0
COL-B2F-1065,column,0.3881,0.0,6.21,0.0
COL-B2F-1066,column,1.4376,0.0,9.405,0.0
COL-B2F-1067,column,0.3881,0.0,6.21,0.0
COL-B2F-1068,column,0.3881,0.0,6.21,0.0
COL-B2F-1069,column,0.3881,0.0,6.21,0.0
COL-B2F-1070,column,0.3881,0.0,6.21,0.0
COL-B2F-1071,column,1.4376,0.0,9.405,0.0
COL-B2F-1072,column,0.3881,0.0,6.21,0.0
COL-B2F-1073,column,0.3881,0.0,6.21,0.0
COL-B2F-1074,column,1.4376,0.0,9.405,0.0
COL-B2F-1075,column,0.3881,0.0,6.21,0.0
COL-B2F-1076,column,0.3881,0.0,6.21,0.0
COL-B2F-1077,column,1.4376,0.0,9.405,0.0
COL-B2F-1078,column,0.3881,0.0,6.21,0.0
COL-B2F-1079,column,0.3881,0.0,6.21,0.0
COL-B2F-1080,column,1.4376,0.0,9.405,0.0
COL-B2F-1081,column,0.3881,0.0,6.21,0.0
COL-B2F-1082,column,0.3881,0.0,6.21,0.0
COL-B2F-1083,column,1.4376,0.0,9.405,0.0
COL-B2F-1084,column,0.3881,0.0,6.21,0.0
COL-B2F-1085,column,0.3881,0.0,6.21,0.0
COL-B2F-1086,column,1.4376,0.0,9.405,0.0
COL-B2F-1087,column,0.3881,0.0,6.21,0.0
COL-B2F-1088,column,0.3881,0.0,6.21,0.0
COL-B2F-1089,column,1.4376,0.0,9.405,0.0
COL-B2F-1090,column,0.3881,0.0,6.21,0.0
COL-B2F-1091,column,0.3881,0.0,6.21,0.0
COL-B2F-1092,column,0.3881,0.0,6.21,0.0
COL-B2F-1093,column,0.3881,0.0,6.21,0.0
COL-B2F-1094,column,0.3881,0.0,6.21,0.0
COL-B2F-1095,column,0.3881,0.0,6.21,0.0
COL-B2F-1096,column,1.4376,0.0,9.405,0.0
COL-B2F-1097,column,0.3881,0.0,6.21,0.0
COL-B2F-1098,column,0.3881,0.0,6.21,0.0
COL-B2F-1099,column,1.4376,0.0,9.405,0.0
COL-B2F-1100,column,0.3881,0.0,6.21,0.0
COL-B2F-1101,column,0.3881,0.0,6.21,0.0
COL-B2F-1102,column,1.4376,0.0,9.405,0.0
COL-B2F-1103,column,0.3881,0.0,6.21,0.0
COL-B2F-1104,column,0.3881,0.0,6.21,0.0
COL-B2F-1105,column,1.4376,0.0,9.405,0.0
COL-B2F-1106,column,0.3881,0.0,6.21,0.0
COL-B2F-1107,column,0.3881,0.0,6.21,0.0
COL-B2F-1108,column,1.4376,0.0,9.405,0.0
COL-B2F-1109,column,0.3881,0.0,6.21,0.0
COL-B2F-1110,column,0.3881,0.0,6.21,0.0
COL-B2F-1111,column,1.4376,0.0,9.405,0.0
COL-B2F-1112,column,0.3881,0.0,6.21,0.0
COL-B2F-1113,column,0.3881,0.0,6.21,0.0
COL-B2F-1114,column,1.4376,0.0,9.405,0.0
COL-B2F-1115,column,0.3881,0.0,6.21,0.0
COL-B2F-1116,column,0.3881,0.0,6.21,0.0
COL-B2F-1117,column,5.76,0.0,18.264,0.0
COL-B2F-1118,column,0.3881,0.0,6.21,0.0
COL-B2F-1119,column,0.3881,0.0,6.21,0.0
COL-B2F-1120,column,0.3881,0.0,6.21,0.0
COL-B2F-1121,column,5.76,0.0,18.264,0.0
COL-B2F-1122,column,0.3881,0.0,6.21,0.0
COL-B2F-1123,column,0.3881,0.0,6.21,0.0
COL-B2F-1124,column,0.3881,0.0,6.21,0.0
COL-B2F-1125,column,5.76,0.0,18.264,0.0
COL-B2F-1126,column,0.3881,0.0,6.21,0.0
COL-B2F-1127,column,0.3881,0.0,6.21,0.0
COL-B2F-1128,column,0.3881,0.0,6.21,0.0
COL-B2F-1129,column,1.4376,0.0,9.405,0.0
COL-B2F-1130,column,0.3881,0.0,6.21,0.0
COL-B2F-1131,column,0.3881,0.0,6.21,0.0
COL-B2F-1132,column,1.4376,0.0,9.405,0.0
COL-B2F-1133,column,0.3105,0.0,5.175,0.0
COL-B2F-1134,column,0.3105,0.0,5.175,0.0
COL-B2F-1135,column,0.3105,0.0,5.175,0.0
COL-B2F-1136,column,0.3105,0.0,5.175,0.0
COL-B2F-1137,column,0.3881,0.0,6.21,0.0
COL-B2F-1138,column,0.3881,0.0,6.21,0.0
COL-B2F-1139,column,1.4376,0.0,9.405,0.0
COL-B2F-1140,column,0.3881,0.0,6.21,0.0
COL-B2F-1141,column,0.3881,0.0,6.21,0.0
COL-B2F-1142,column,5.76,0.0,18.264,0.0
COL-B2F-1143,column,0.3881,0.0,6.21,0.0
COL-B2F-1144,column,0.3881,0.0,6.21,0.0
COL-B2F-1145,column,0.3881,0.0,6.21,0.0
COL-B2F-1146,column,5.76,0.0,18.264,0.0
COL-B2F-1147,column,0.3881,0.0,6.21,0.0
COL-B2F-1148,column,0.3881,0.0,6.21,0.0
COL-B2F-1149,column,0.3881,0.0,6.21,0.0
COL-B2F-1150,column,5.76,0.0,18.264,0.0
COL-B2F-1151,column,0.3881,0.0,6.21,0.0
COL-B2F-1152,column,0.3881,0.0,6.21,0.0
COL-B2F-1153,column,0.3881,0.0,6.21,0.0
COL-B2F-1154,column,5.76,0.0,18.264,0.0
COL-B2F-1155,column,0.3881,0.0,6.21,0.0
COL-B2F-1156,column,0.3881,0.0,6.21,0.0
COL-B2F-1157,column,0.3881,0.0,6.21,0.0
COL-B2F-1158,column,5.76,0.0,18.264,0.0
COL-B2F-1159,column,0.3881,0.0,6.21,0.0
COL-B2F-1160,column,0.3881,0.0,6.21,0.0
COL-B2F-1161,column,0.3881,0.0,6.21,0.0
COL-B2F-1162,column,5.76,0.0,18.264,0.0
COL-B2F-1163,column,0.3881,0.0,6.21,0.0
COL-B2F-1164,column,0.3881,0.0,6.21,0.0
COL-B2F-1165,column,0.3881,0.0,6.21,0.0
COL-B2F-1166,column,5.76,0.0,18.264,0.0
COL-B2F-1167,column,0.3881,0.0,6.21,0.0
COL-B2F-1168,column,0.3881,0.0,6.21,0.0
COL-B2F-1169,column,0.3881,0.0,6.21,0.0
COL-B2F-1170,column,5.76,0.0,18.264,0.0
COL-B2F-1171,column,0.3881,0.0,6.21,0.0
COL-B2F-1172,column,0.3881,0.0,6.21,0.0
COL-B2F-1173,column,0.3881,0.0,6.21,0.0
COL-B2F-1174,column,1.4376,0.0,9.405,0.0
COL-B2F-1175,column,0.3881,0.0,6.21,0.0
COL-B2F-1176,column,0.3881,0.0,6.21,0.0
COL-B2F-1177,column,0.3881,0.0,6.21,0.0
COL-B2F-1178,column,0.3881,0.0,6.21,0.0
COL-B2F-1179,column,1.4376,0.0,9.405,0.0
COL-B2F-1180,column,0.3105,0.0,5.175,0.0
COL-B2F-1181,column,0.3105,0.0,5.175,0.0
COL-B2F-1182,column,0.3881,0.0,6.21,0.0
COL-B2F-1183,column,0.3881,0.0,6.21,0.0
COL-B2F-1184,column,0.3881,0.0,6.21,0.0
COL-B2F-1185,column,0.3881,0.0,6.21,0.0
COL-B2F-1186,column,1.4376,0.0,9.405,0.0
COL-B2F-1187,column,0.3881,0.0,6.21,0.0
COL-B2F-1188,column,0.3881,0.0,6.21,0.0
COL-B2F-1189,column,0.3881,0.0,6.21,0.0
COL-B2F-1190,column,0.3881,0.0,6.21,0.0
COL-B2F-1191,column,0.3881,0.0,6.21,0.0
COL-B2F-1192,column,0.3881,0.0,6.21,0.0
COL-B2F-1193,column,0.3105,0.0,5.175,0.0
COL-B2F-1194,column,0.3105,0.0,5.175,0.0
COL-B2F-1195,column,0.3105,0.0,5.175,0.0
COL-B2F-1196,column,0.3105,0.0,5.175,0.0
COL-B2F-1197,column,0.3105,0.0,5.175,0.0
COL-B2F-1198,column,0.3105,0.0,5.175,0.0
COL-B2F-1199,column,0.3105,0.0,5.175,0.0
COL-B2F-1200,column,0.3105,0.0,5.175,0.0
COL-B2F-1201,column,0.3105,0.0,5.175,0.0
COL-B2F-1202,column,0.3105,0.0,5.175,0.0
COL-B2F-1203,column,0.3881,0.0,6.21,0.0
COL-B2F-1204,column,0.3881,0.0,6.21,0.0
COL-B2F-1205,column,5.76,0.0,18.264,0.0
COL-B2F-1206,column,0.3881,0.0,6.21,0.0
COL-B2F-1207,column,0.3881,0.0,6.21,0.0
COL-B2F-1208,column,0.3881,0.0,6.21,0.0
COL-B2F-1209,column,5.76,0.0,18.264,0.0
COL-B2F-1210,column,0.3881,0.0,6.21,0.0
COL-B2F-1211,column,0.3881,0.0,6.21,0.0
COL-B2F-1212,column,0.3881,0.0,6.21,0.0
COL-B2F-1213,column,1.4376,0.0,9.405,0.0
COL-B2F-1214,column,0.3881,0.0,6.21,0.0
COL-B2F-1215,column,0.3881,0.0,6.21,0.0
COL-B2F-1216,column,1.4376,0.0,9.405,0.0
COL-B2F-1217,column,0.3881,0.0,6.21,0.0
COL-B2F-1218,column,0.3881,0.0,6.21,0.0
COL-B2F-1219,column,1.4376,0.0,9.405,0.0
COL-B2F-1220,column,0.3881,0.0,6.21,0.0
COL-B2F-1221,column,0.3881,0.0,6.21,0.0
COL-B2F-1222,column,0.3881,0.0,6.21,0.0
COL-B2F-1223,column,0.3881,0.0,6.21,0.0
COL-B2F-1224,column,0.3881,0.0,6.21,0.0
COL-B2F-1225,column,0.3881,0.0,6.21,0.0
COL-B2F-1226,column,1.4376,0.0,9.405,0.0
COL-B2F-1227,column,0.3881,0.0,6.21,0.0
COL-B2F-1228,column,0.3881,0.0,6.21,0.0
COL-B2F-1229,column,0.3881,0.0,6.21,0.0
COL-B2F-1230,column,0.3881,0.0,6.21,0.0
COL-B2F-1231,column,0.3881,0.0,6.21,0.0
COL-B2F-1232,column,0.3881,0.0,6.21,0.0
COL-B2F-1233,column,1.4376,0.0,9.405,0.0
COL-B2F-1234,column,0.3881,0.0,6.21,0.0
COL-B2F-1235,column,0.3881,0.0,6.21,0.0
COL-B2F-1236,column,0.3881,0.0,6.21,0.0
COL-B2F-1237,column,0.3881,0.0,6.21,0.0
COL-B2F-1238,column,0.3881,0.0,6.21,0.0
COL-B2F-1239,column,0.3881,0.0,6.21,0.0
COL-B2F-1240,column,1.4376,0.0,9.405,0.0
COL-B2F-1241,column,0.3881,0.0,6.21,0.0
COL-B2F-1242,column,0.3881,0.0,6.21,0.0
COL-B2F-1243,column,0.3881,0.0,6.21,0.0
COL-B2F-1244,column,0.3881,0.0,6.21,0.0
COL-B2F-1245,column,1.4376,0.0,9.405,0.0
COL-B2F-1246,column,0.3881,0.0,6.21,0.0
COL-B2F-1247,column,0.3881,0.0,6.21,0.0
COL-B2F-1248,column,1.4376,0.0,9.405,0.0
COL-B2F-1249,column,0.3881,0.0,6.21,0.0
COL-B2F-1250,column,0.3881,0.0,6.21,0.0
COL-B2F-1251,column,1.4376,0.0,9.405,0.0
COL-B2F-1252,column,0.3881,0.0,6.21,0.0
COL-B2F-1253,column,0.3881,0.0,6.21,0.0
COL-B2F-1254,column,0.3881,0.0,6.21,0.0
COL-B2F-1255,column,0.3881,0.0,6.21,0.0
COL-B2F-1256,column,0.3881,0.0,6.21,0.0
COL-B2F-1257,column,0.3881,0.0,6.21,0.0
COL-B2F-1258,column,0.3881,0.0,6.21,0.0
COL-B2F-1259,column,0.3881,0.0,6.21,0.0
COL-B2F-1260,column,1.4376,0.0,9.405,0.0
COL-B2F-1261,column,0.3881,0.0,6.21,0.0
COL-B2F-1262,column,0.3881,0.0,6.21,0.0
COL-B2F-1263,column,1.4376,0.0,9.405,0.0
COL-B2F-1264,column,0.3881,0.0,6.21,0.0
COL-B2F-1265,column,0.3881,0.0,6.21,0.0
COL-B2F-1266,column,1.4376,0.0,9.405,0.0
COL-B2F-1267,column,0.3881,0.0,6.21,0.0
COL-B2F-1268,column,0.3881,0.0,6.21,0.0
COL-B2F-1269,column,1.4376,0.0,9.405,0.0
COL-B2F-1270,column,0.3881,0.0,6.21,0.0
COL-B2F-1271,column,0.3881,0.0,6.21,0.0
COL-B2F-1272,column,0.3881,0.0,6.21,0.0
COL-B2F-1273,column,0.3881,0.0,6.21,0.0
COL-B2F-1274,column,0.3881,0.0,6.21,0.0
COL-B2F-1275,column,0.3881,0.0,6.21,0.0
COL-B2F-1276,column,1.4376,0.0,9.405,0.0
COL-B2F-1277,column,0.3881,0.0,6.21,0.0
COL-B2F-1278,column,0.3881,0.0,6.21,0.0
COL-B2F-1279,column,1.4376,0.0,9.405,0.0
COL-B2F-1280,column,0.3881,0.0,6.21,0.0
COL-B2F-1281,column,0.3881,0.0,6.21,0.0
COL-B2F-1282,column,1.4376,0.0,9.405,0.0
COL-B2F-1283,column,0.3881,0.0,6.21,0.0
COL-B2F-1284,column,0.3881,0.0,6.21,0.0
COL-B2F-1285,column,1.4376,0.0,9.405,0.0
COL-B2F-1286,column,0.3881,0.0,6.21,0.0
COL-B2F-1287,column,0.3881,0.0,6.21,0.0
COL-B2F-1288,column,1.4376,0.0,9.405,0.0
COL-B2F-1289,column,0.3881,0.0,6.21,0.0
COL-B2F-1290,column,0.3881,0.0,6.21,0.0
COL-B2F-1291,column,0.3881,0.0,6.21,0.0
COL-B2F-1292,column,0.3881,0.0,6.21,0.0
COL-B2F-1293,column,0.3105,0.0,5.175,0.0
COL-B2F-1294,column,0.3105,0.0,5.175,0.0
COL-B2F-1295,column,0.3881,0.0,6.21,0.0
COL-B2F-1296,column,0.3881,0.0,6.21,0.0
COL-B2F-1297,column,0.3881,0.0,6.21,0.0
COL-B2F-1298,column,0.3881,0.0,6.21,0.0
COL-B2F-1299,column,0.3881,0.0,6.21,0.0
COL-B2F-1300,column,0.3881,0.0,6.21,0.0
COL-B2F-1301,column,1.4376,0.0,9.405,0.0
COL-B2F-1302,column,0.3881,0.0,6.21,0.0
COL-B2F-1303,column,0.3881,0.0,6.21,0.0
COL-B2F-1304,column,1.4376,0.0,9.405,0.0
COL-B2F-1305,column,0.3881,0.0,6.21,0.0
COL-B2F-1306,column,0.3881,0.0,6.21,0.0
COL-B2F-1307,column,1.4376,0.0,9.405,0.0
COL-B2F-1308,column,0.3881,0.0,6.21,0.0
COL-B2F-1309,column,0.3881,0.0,6.21,0.0
COL-B2F-1310,column,1.4376,0.0,9.405,0.0
COL-B2F-1311,column,0.3105,0.0,5.175,0.0
COL-B2F-1312,column,0.3105,0.0,5.175,0.0
COL-B2F-1313,column,4.242,0.0,15.394,0.0
COL-B2F-1314,column,1.4934,0.0,9.08,0.0
COL-B2F-1315,column,1.0005,0.0,7.452,0.0
COL-B2F-1316,column,0.6624,0.0,6.072,0.0
COL-B2F-1317,column,0.3814,0.0,4.616,0.0
COL-B2F-1318,column,0.1339,0.0,2.719,0.0
COL-B2F-1319,column,4.242,0.0,15.394,0.0
COL-B2F-1320,column,1.4934,0.0,9.08,0.0
COL-B2F-1321,column,0.3881,0.0,6.21,0.0
COL-B2F-1322,column,0.3881,0.0,6.21,0.0
COL-B2F-1323,column,1.4376,0.0,9.405,0.0
COL-B2F-1324,column,0.3105,0.0,5.175,0.0
COL-B2F-1325,column,0.3105,0.0,5.175,0.0
COL-B2F-1326,column,0.3881,0.0,6.21,0.0
COL-B2F-1327,column,0.3881,0.0,6.21,0.0
COL-B2F-1328,column,1.4376,0.0,9.405,0.0
COL-B2F-1329,column,0.3881,0.0,6.21,0.0
COL-B2F-1330,column,0.3881,0.0,6.21,0.0
COL-B2F-1331,column,1.4376,0.0,9.405,0.0
COL-B2F-1332,column,0.3881,0.0,6.21,0.0
COL-B2F-1333,column,0.3881,0.0,6.21,0.0
COL-B2F-1334,column,1.4376,0.0,9.405,0.0
COL-B2F-1335,column,0.3881,0.0,6.21,0.0
COL-B2F-1336,column,0.3881,0.0,6.21,0.0
COL-B2F-1337,column,1.4376,0.0,9.405,0.0
COL-B2F-1338,column,0.3881,0.0,6.21,0.0
COL-B2F-1339,column,0.3881,0.0,6.21,0.0
COL-B2F-1340,column,1.4376,0.0,9.405,0.0
COL-B2F-1341,column,0.3881,0.0,6.21,0.0
COL-B2F-1342,column,0.3881,0.0,6.21,0.0
COL-B2F-1343,column,0.3881,0.0,6.21,0.0
COL-B2F-1344,column,0.3881,0.0,6.21,0.0
COL-B2F-1345,column,0.3881,0.0,6.21,0.0
COL-B2F-1346,column,0.3881,0.0,6.21,0.0
COL-B2F-1347,column,1.4376,0.0,9.405,0.0
COL-B2F-1348,column,0.3105,0.0,5.175,0.0
COL-B2F-1349,column,0.3105,0.0,5.175,0.0
COL-B2F-1350,column,0.3881,0.0,6.21,0.0
COL-B2F-1351,column,0.3881,0.0,6.21,0.0
COL-B2F-1352,column,1.4376,0.0,9.405,0.0
COL-B2F-1353,column,0.3105,0.0,5.175,0.0
COL-B2F-1354,column,0.3105,0.0,5.175,0.0
COL-B2F-1355,column,0.3881,0.0,6.21,0.0
COL-B2F-1356,column,0.3881,0.0,6.21,0.0
COL-B2F-1357,column,1.4376,0.0,9.405,0.0
COL-B2F-1358,column,0.3881,0.0,6.21,0.0
COL-B2F-1359,column,0.3881,0.0,6.21,0.0
COL-B2F-1360,column,0.3881,0.0,6.21,0.0
COL-B2F-1361,column,0.3881,0.0,6.21,0.0
COL-B2F-1362,column,1.4376,0.0,9.405,0.0
COL-B2F-1363,column,0.3881,0.0,6.21,0.0
COL-B2F-1364,column,0.3881,0.0,6.21,0.0
COL-B2F-1365,column,0.3881,0.0,6.21,0.0
COL-B2F-1366,column,0.3881,0.0,6.21,0.0
COL-B2F-1367,column,1.4376,0.0,9.405,0.0
COL-B2F-1368,column,0.3881,0.0,6.21,0.0
COL-B2F-1369,column,0.3881,0.0,6.21,0.0
COL-B2F-1370,column,0.3881,0.0,6.21,0.0
COL-B2F-1371,column,0.3881,0.0,6.21,0.0
COL-B2F-1372,column,0.3881,0.0,6.21,0.0
COL-B2F-1373,column,0.3881,0.0,6.21,0.0
COL-B2F-1374,column,1.4376,0.0,9.405,0.0
COL-B2F-1375,column,0.3881,0.0,6.21,0.0
COL-B2F-1376,column,0.3881,0.0,6.21,0.0
COL-B2F-1377,column,1.4376,0.0,9.405,0.0
COL-B2F-1378,column,0.3881,0.0,6.21,0.0
COL-B2F-1379,column,0.3881,0.0,6.21,0.0
COL-B2F-1380,column,1.4376,0.0,9.405,0.0
COL-B2F-1381,column,0.3881,0.0,6.21,0.0
COL-B2F-1382,column,0.3881,0.0,6.21,0.0
COL-B2F-1383,column,1.4376,0.0,9.405,0.0
COL-B2F-1384,column,0.3881,0.0,6.21,0.0
COL-B2F-1385,column,0.3881,0.0,6.21,0.0
COL-B2F-1386,column,0.3881,0.0,6.21,0.0
COL-B2F-1387,column,0.3881,0.0,6.21,0.0
COL-B2F-1388,column,0.3105,0.0,5.175,0.0
COL-B2F-1389,column,0.3105,0.0,5.175,0.0
COL-B2F-1390,column,0.3105,0.0,5.175,0.0
COL-B2F-1391,column,0.3105,0.0,5.175,0.0
COL-B2F-1392,column,0.3881,0.0,6.21,0.0
COL-B2F-1393,column,0.3881,0.0,6.21,0.0
COL-B2F-1394,column,1.4376,0.0,9.405,0.0
COL-B2F-1395,column,0.3881,0.0,6.21,0.0
COL-B2F-1396,column,0.3881,0.0,6.21,0.0
COL-B2F-1397,column,0.3105,0.0,5.175,0.0
COL-B2F-1398,column,0.3105,0.0,5.175,0.0
COL-B2F-1399,column,0.3881,0.0,6.21,0.0
COL-B2F-1400,column,0.3881,0.0,6.21,0.0
COL-B2F-1401,column,1.4376,0.0,9.405,0.0
COL-B2F-1402,column,0.3881,0.0,6.21,0.0
COL-B2F-1403,column,0.3881,0.0,6.21,0.0
COL-B2F-1404,column,1.4376,0.0,9.405,0.0
COL-B2F-1405,column,0.3881,0.0,6.21,0.0
COL-B2F-1406,column,0.3881,0.0,6.21,0.0
COL-B2F-1407,column,1.4376,0.0,9.405,0.0
COL-B2F-1408,column,0.3881,0.0,6.21,0.0
COL-B2F-1409,column,0.3881,0.0,6.21,0.0
COL-B2F-1410,column,1.4376,0.0,9.405,0.0
COL-B2F-1411,column,0.3881,0.0,6.21,0.0
COL-B2F-1412,column,0.3881,0.0,6.21,0.0
COL-B2F-1413,column,1.4376,0.0,9.405,0.0
COL-B2F-1414,column,0.3881,0.0,6.21,0.0
COL-B2F-1415,column,0.3881,0.0,6.21,0.0
COL-B2F-1416,column,1.4376,0.0,9.405,0.0
COL-B2F-1417,column,0.3881,0.0,6.21,0.0
COL-B2F-1418,column,0.3881,0.0,6.21,0.0
COL-B2F-1419,column,1.4376,0.0,9.405,0.0
COL-B2F-1420,column,0.3881,0.0,6.21,0.0
COL-B2F-1421,column,0.3881,0.0,6.21,0.0
COL-B2F-1422,column,0.3881,0.0,6.21,0.0
COL-B2F-1423,column,0.3881,0.0,6.21,0.0
COL-B2F-1424,column,0.3881,0.0,6.21,0.0
COL-B2F-1425,column,0.3881,0.0,6.21,0.0
COL-B2F-1426,column,0.3881,0.0,6.21,0.0
COL-B2F-1427,column,0.3881,0.0,6.21,0.0
COL-B2F-1428,column,0.3881,0.0,6.21,0.0
COL-B2F-1429,column,0.3881,0.0,6.21,0.0
COL-B2F-1430,column,0.3881,0.0,6.21,0.0
COL-B2F-1431,column,0.3881,0.0,6.21,0.0
COL-B2F-1432,column,1.4376,0.0,9.405,0.0
COL-B2F-1433,column,0.3881,0.0,6.21,0.0
COL-B2F-1434,column,0.3881,0.0,6.21,0.0
COL-B2F-1435,column,0.3881,0.0,6.21,0.0
COL-B2F-1436,column,0.3881,0.0,6.21,0.0
COL-B2F-1437,column,1.4376,0.0,9.405,0.0
COL-B2F-1438,column,0.3881,0.0,6.21,0.0
COL-B2F-1439,column,0.3881,0.0,6.21,0.0
COL-B2F-1440,column,5.76,0.0,18.264,0.0
COL-B2F-1441,column,0.3881,0.0,6.21,0.0
COL-B2F-1442,column,0.3881,0.0,6.21,0.0
COL-B2F-1443,column,0.3881,0.0,6.21,0.0
COL-B2F-1444,column,5.76,0.0,18.264,0.0
COL-B2F-1445,column,0.3881,0.0,6.21,0.0
COL-B2F-1446,column,0.3881,0.0,6.21,0.0
COL-B2F-1447,column,0.3881,0.0,6.21,0.0
COL-B2F-1448,column,5.76,0.0,18.264,0.0
COL-B2F-1449,column,0.3881,0.0,6.21,0.0
COL-B2F-1450,column,0.3881,0.0,6.21,0.0
COL-B2F-1451,column,0.3881,0.0,6.21,0.0
COL-B2F-1452,column,5.76,0.0,18.264,0.0
COL-B2F-1453,column,0.3881,0.0,6.21,0.0
COL-B2F-1454,column,0.3881,0.0,6.21,0.0
COL-B2F-1455,column,0.3881,0.0,6.21,0.0
COL-B2F-1456,column,5.76,0.0,18.264,0.0
COL-B2F-1457,column,0.3881,0.0,6.21,0.0
COL-B2F-1458,column,0.3881,0.0,6.21,0.0
COL-B2F-1459,column,0.3881,0.0,6.21,0.0
COL-B2F-1460,column,5.76,0.0,18.264,0.0
COL-B2F-1461,column,0.3881,0.0,6.21,0.0
COL-B2F-1462,column,0.3881,0.0,6.21,0.0
COL-B2F-1463,column,0.3881,0.0,6.21,0.0
COL-B2F-1464,column,1.4376,0.0,9.405,0.0
COL-B2F-1465,column,0.3881,0.0,6.21,0.0
COL-B2F-1466,column,0.3881,0.0,6.21,0.0
COL-B2F-1467,column,1.4376,0.0,9.405,0.0
COL-B2F-1468,column,0.3881,0.0,6.21,0.0
COL-B2F-1469,column,0.3881,0.0,6.21,0.0
COL-B2F-1470,column,5.76,0.0,18.264,0.0
COL-B2F-1471,column,0.3881,0.0,6.21,0.0
COL-B2F-1472,column,0.3881,0.0,6.21,0.0
COL-B2F-1473,column,0.3881,0.0,6.21,0.0
COL-B2F-1474,column,5.76,0.0,18.264,0.0
COL-B2F-1475,column,0.3881,0.0,6.21,0.0
COL-B2F-1476,column,0.3881,0.0,6.21,0.0
COL-B2F-1477,column,0.3881,0.0,6.21,0.0
COL-B2F-1478,column,5.76,0.0,18.264,0.0
COL-B2F-1479,column,0.3881,0.0,6.21,0.0
COL-B2F-1480,column,0.3881,0.0,6.21,0.0
COL-B2F-1481,column,0.3881,0.0,6.21,0.0
COL-B2F-1482,column,5.76,0.0,18.264,0.0
COL-B2F-1483,column,0.3881,0.0,6.21,0.0
COL-B2F-1484,column,0.3881,0.0,6.21,0.0
COL-B2F-1485,column,0.3881,0.0,6.21,0.0
COL-B2F-1486,column,5.76,0.0,18.264,0.0
COL-B2F-1487,column,0.3881,0.0,6.21,0.0
COL-B2F-1488,column,0.3881,0.0,6.21,0.0
COL-B2F-1489,column,0.3881,0.0,6.21,0.0
COL-B2F-1490,column,5.76,0.0,18.264,0.0
COL-B2F-1491,column,0.3881,0.0,6.21,0.0
COL-B2F-1492,column,0.3881,0.0,6.21,0.0
COL-B2F-1493,column,0.3881,0.0,6.21,0.0
COL-B2F-1494,column,5.76,0.0,18.264,0.0
COL-B2F-1495,column,0.3881,0.0,6.21,0.0
COL-B2F-1496,column,0.3881,0.0,6.21,0.0
COL-B2F-1497,column,0.3881,0.0,6.21,0.0
COL-B2F-1498,column,5.76,0.0,18.264,0.0
COL-B2F-1499,column,0.3881,0.0,6.21,0.0
COL-B2F-1500,column,0.3881,0.0,6.21,0.0
COL-B2F-1501,column,0.3881,0.0,6.21,0.0
COL-B2F-1502,column,5.76,0.0,18.264,0.0
COL-B2F-1503,column,0.3881,0.0,6.21,0.0
COL-B2F-1504,column,0.3881,0.0,6.21,0.0
COL-B2F-1505,column,0.3881,0.0,6.21,0.0
COL-B2F-1506,column,5.76,0.0,18.264,0.0
COL-B2F-1507,column,0.3881,0.0,6.21,0.0
COL-B2F-1508,column,0.3881,0.0,6.21,0.0
COL-B2F-1509,column,0.3881,0.0,6.21,0.0
COL-B2F-1510,column,1.4376,0.0,9.405,0.0
COL-B2F-1511,column,0.3881,0.0,6.21,0.0
COL-B2F-1512,column,0.3881,0.0,6.21,0.0
COL-B2F-1513,column,1.4376,0.0,9.405,0.0
COL-B2F-1514,column,0.3881,0.0,6.21,0.0
COL-B2F-1515,column,0.3881,0.0,6.21,0.0
COL-B2F-1516,column,1.4376,0.0,9.405,0.0
COL-B2F-1517,column,0.3105,0.0,5.175,0.0
COL-B2F-1518,column,0.3105,0.0,5.175,0.0
COL-B2F-1519,column,0.3105,0.0,5.175,0.0
COL-B2F-1520,column,0.3105,0.0,5.175,0.0
COL-B2F-1521,column,0.3881,0.0,6.21,0.0
COL-B2F-1522,column,0.3881,0.0,6.21,0.0
COL-B2F-1523,column,1.4376,0.0,9.405,0.0
COL-B2F-1524,column,0.3881,0.0,6.21,0.0
COL-B2F-1525,column,0.3881,0.0,6.21,0.0
COL-B2F-1526,column,1.4376,0.0,9.405,0.0
COL-B2F-1527,column,0.3881,0.0,6.21,0.0
COL-B2F-1528,column,0.3881,0.0,6.21,0.0
COL-B2F-1529,column,1.4376,0.0,9.405,0.0
COL-B2F-1530,column,0.3881,0.0,6.21,0.0
COL-B2F-1531,column,0.3881,0.0,6.21,0.0
COL-B2F-1532,column,1.4376,0.0,9.405,0.0
COL-B2F-1533,column,0.3881,0.0,6.21,0.0
COL-B2F-1534,column,0.3881,0.0,6.21,0.0
COL-B2F-1535,column,1.4376,0.0,9.405,0.0
COL-B2F-1536,column,0.3881,0.0,6.21,0.0
COL-B2F-1537,column,0.3881,0.0,6.21,0.0
COL-B2F-1538,column,1.4376,0.0,9.405,0.0
COL-B2F-1539,column,0.3881,0.0,6.21,0.0
COL-B2F-1540,column,0.3881,0.0,6.21,0.0
COL-B2F-1541,column,5.76,0.0,18.264,0.0
COL-B2F-1542,column,0.3881,0.0,6.21,0.0
COL-B2F-1543,column,0.3881,0.0,6.21,0.0
COL-B2F-1544,column,0.3881,0.0,6.21,0.0
COL-B2F-1545,column,5.76,0.0,18.264,0.0
COL-B2F-1546,column,0.3881,0.0,6.21,0.0
COL-B2F-1547,column,0.3881,0.0,6.21,0.0
COL-B2F-1548,column,0.3881,0.0,6.21,0.0
COL-B2F-1549,column,5.76,0.0,18.264,0.0
COL-B2F-1550,column,0.3881,0.0,6.21,0.0
COL-B2F-1551,column,0.3881,0.0,6.21,0.0
COL-B2F-1552,column,0.3881,0.0,6.21,0.0
COL-B2F-1553,column,5.76,0.0,18.264,0.0
COL-B2F-1554,column,0.3881,0.0,6.21,0.0
COL-B2F-1555,column,0.3881,0.0,6.21,0.0
COL-B2F-1556,column,0.3881,0.0,6.21,0.0
COL-B2F-1557,column,5.76,0.0,18.264,0.0
COL-B2F-1558,column,0.3881,0.0,6.21,0.0
COL-B2F-1559,column,0.3881,0.0,6.21,0.0
COL-B2F-1560,column,0.3881,0.0,6.21,0.0
COL-B2F-1561,column,1.4376,0.0,9.405,0.0
COL-B2F-1562,column,0.3881,0.0,6.21,0.0
COL-B2F-1563,column,0.3881,0.0,6.21,0.0
COL-B2F-1564,column,5.76,0.0,18.264,0.0
COL-B2F-1565,column,0.3881,0.0,6.21,0.0
COL-B2F-1566,column,0.3881,0.0,6.21,0.0
COL-B2F-1567,column,0.3881,0.0,6.21,0.0
COL-B2F-1568,column,5.76,0.0,18.264,0.0
COL-B2F-1569,column,0.3881,0.0,6.21,0.0
COL-B2F-1570,column,0.3881,0.0,6.21,0.0
COL-B2F-1571,column,0.3881,0.0,6.21,0.0
COL-B2F-1572,column,5.76,0.0,18.264,0.0
COL-B2F-1573,column,0.3881,0.0,6.21,0.0
COL-B2F-1574,column,4.242,0.0,15.394,0.0
COL-B2F-1575,column,1.4934,0.0,9.08,0.0
COL-B2F-1576,column,1.0005,0.0,7.452,0.0
COL-B2F-1577,column,0.6624,0.0,6.072,0.0
COL-B2F-1578,column,0.3814,0.0,4.616,0.0
COL-B2F-1579,column,0.1339,0.0,2.719,0.0
COL-B2F-1580,column,4.242,0.0,15.394,0.0
COL-B2F-1581,column,1.4934,0.0,9.08,0.0
COL-B2F-1582,column,0.3881,0.0,6.21,0.0
COL-B2F-1583,column,0.3881,0.0,6.21,0.0
COL-B2F-1584,column,1.4376,0.0,9.405,0.0
COL-B2F-1585,column,0.3105,0.0,5.175,0.0
COL-B2F-1586,column,0.3105,0.0,5.175,0.0
COL-B2F-1587,column,0.3105,0.0,5.175,0.0
COL-B2F-1588,column,0.3105,0.0,5.175,0.0
COL-B2F-1589,column,0.3881,0.0,6.21,0.0
COL-B2F-1590,column,0.3881,0.0,6.21,0.0
COL-B2F-1591,column,1.4376,0.0,9.405,0.0
COL-B2F-1592,column,0.3881,0.0,6.21,0.0
COL-B2F-1593,column,0.3881,0.0,6.21,0.0
COL-B2F-1594,column,0.3881,0.0,6.21,0.0
COL-B2F-1595,column,0.3881,0.0,6.21,0.0
COL-B2F-1596,column,0.3881,0.0,6.21,0.0
COL-B2F-1597,column,0.3881,0.0,6.21,0.0
COL-B2F-1598,column,0.3881,0.0,6.21,0.0
COL-B2F-1599,column,0.3881,0.0,6.21,0.0
COL-B2F-1600,column,1.4376,0.0,9.405,0.0
COL-B2F-1601,column,0.3881,0.0,6.21,0.0
COL-B2F-1602,column,0.3881,0.0,6.21,0.0
COL-B2F-1603,column,1.4376,0.0,9.405,0.0
COL-B2F-1604,column,0.3881,0.0,6.21,0.0
COL-B2F-1605,column,0.3881,0.0,6.21,0.0
COL-B2F-1606,column,1.4376,0.0,9.405,0.0
COL-B2F-1607,column,0.3881,0.0,6.21,0.0
COL-B2F-1608,column,0.3881,0.0,6.21,0.0
COL-B2F-1609,column,1.4376,0.0,9.405,0.0
COL-B2F-1610,column,0.3881,0.0,6.21,0.0
COL-B2F-1611,column,0.3881,0.0,6.21,0.0
COL-B2F-1612,column,0.3105,0.0,5.175,0.0
COL-B2F-1613,column,0.3105,0.0,5.175,0.0
COL-B2F-1614,column,0.3881,0.0,6.21,0.0
COL-B2F-1615,column,0.3881,0.0,6.21,0.0
COL-B2F-1616,column,1.4376,0.0,9.405,0.0
COL-B2F-1617,column,0.3881,0.0,6.21,0.0
COL-B2F-1618,column,0.3881,0.0,6.21,0.0
COL-B2F-1619,column,4.242,0.0,15.394,0.0
COL-B2F-1620,column,1.4934,0.0,9.08,0.0
COL-B2F-1621,column,1.0005,0.0,7.452,0.0
COL-B2F-1622,column,0.6624,0.0,6.072,0.0
COL-B2F-1623,column,0.3814,0.0,4.616,0.0
COL-B2F-1624,column,0.1339,0.0,2.719,0.0
COL-B2F-1625,column,4.242,0.0,15.394,0.0
COL-B2F-1626,column,1.4934,0.0,9.08,0.0
COL-B2F-1627,column,0.3881,0.0,6.21,0.0
COL-B2F-1628,column,0.3881,0.0,6.21,0.0
COL-B2F-1629,column,1.4376,0.0,9.405,0.0
COL-B2F-1630,column,0.3881,0.0,6.21,0.0
COL-B2F-1631,column,0.3881,0.0,6.21,0.0
COL-B2F-1632,column,1.4376,0.0,9.405,0.0
COL-B2F-1633,column,0.3881,0.0,6.21,0.0
COL-B2F-1634,column,0.3881,0.0,6.21,0.0
COL-B2F-1635,column,1.4376,0.0,9.405,0.0
COL-B2F-1636,column,0.3881,0.0,6.21,0.0
COL-B2F-1637,column,0.3881,0.0,6.21,0.0
COL-B2F-1638,column,1.4376,0.0,9.405,0.0
COL-B2F-1639,column,0.3881,0.0,6.21,0.0
COL-B2F-1640,column,0.3881,0.0,6.21,0.0
COL-B2F-1641,column,1.4376,0.0,9.405,0.0
COL-B2F-1642,column,0.3881,0.0,6.21,0.0
COL-B2F-1643,column,0.3881,0.0,6.21,0.0
COL-B2F-1644,column,1.4376,0.0,9.405,0.0
COL-B2F-1645,column,0.3881,0.0,6.21,0.0
COL-B2F-1646,column,0.3881,0.0,6.21,0.0
COL-B2F-1647,column,1.4376,0.0,9.405,0.0
COL-B2F-1648,column,0.3881,0.0,6.21,0.0
COL-B2F-1649,column,0.3881,0.0,6.21,0.0
COL-B2F-1650,column,1.4376,0.0,9.405,0.0
COL-B2F-1651,column,0.3881,0.0,6.21,0.0
COL-B2F-1652,column,0.3881,0.0,6.21,0.0
COL-B2F-1653,column,1.4376,0.0,9.405,0.0
COL-B2F-1654,column,0.3881,0.0,6.21,0.0
COL-B2F-1655,column,0.3881,0.0,6.21,0.0
COL-B2F-1656,column,5.76,0.0,18.264,0.0
COL-B2F-1657,column,0.3881,0.0,6.21,0.0
COL-B2F-1658,column,0.3881,0.0,6.21,0.0
COL-B2F-1659,column,0.3881,0.0,6.21,0.0
COL-B2F-1660,column,5.76,0.0,18.264,0.0
COL-B2F-1661,column,0.3881,0.0,6.21,0.0
COL-B2F-1662,column,0.3881,0.0,6.21,0.0
COL-B2F-1663,column,0.3881,0.0,6.21,0.0
COL-B2F-1664,column,0.3881,0.0,6.21,0.0
COL-B2F-1665,column,0.3881,0.0,6.21,0.0
COL-B2F-1666,column,4.242,0.0,15.394,0.0
COL-B2F-1667,column,1.4934,0.0,9.08,0.0
COL-B2F-1668,column,1.0005,0.0,7.452,0.0
COL-B2F-1669,column,0.6624,0.0,6.072,0.0
COL-B2F-1670,column,0.3814,0.0,4.616,0.0
COL-B2F-1671,column,0.1339,0.0,2.719,0.0
COL-B2F-1672,column,4.242,0.0,15.394,0.0
COL-B2F-1673,column,1.4934,0.0,9.08,0.0
COL-B2F-1674,column,0.3881,0.0,6.21,0.0
COL-B2F-1675,column,0.3881,0.0,6.21,0.0
COL-B2F-1676,column,0.3881,0.0,6.21,0.0
COL-B2F-1677,column,0.3881,0.0,6.21,0.0
COL-B2F-1678,column,0.3881,0.0,6.21,0.0
COL-B2F-1679,column,0.3881,0.0,6.21,0.0
COL-B2F-1680,column,1.4376,0.0,9.405,0.0
COL-B2F-1681,column,0.3105,0.0,5.175,0.0
COL-B2F-1682,column,0.3105,0.0,5.175,0.0
COL-B2F-1683,column,0.3105,0.0,5.175,0.0
COL-B2F-1684,column,0.3105,0.0,5.175,0.0
COL-B2F-1685,column,0.3881,0.0,6.21,0.0
COL-B2F-1686,column,0.3881,0.0,6.21,0.0
COL-B2F-1687,column,1.4376,0.0,9.405,0.0
COL-B2F-1688,column,0.3105,0.0,5.175,0.0
COL-B2F-1689,column,0.3105,0.0,5.175,0.0
COL-B2F-1690,column,0.3105,0.0,5.175,0.0
COL-B2F-1691,column,0.3105,0.0,5.175,0.0
COL-B2F-1692,column,0.3881,0.0,6.21,0.0
COL-B2F-1693,column,0.3881,0.0,6.21,0.0
COL-B2F-1694,column,1.4376,0.0,9.405,0.0
COL-B2F-1695,column,0.3881,0.0,6.21,0.0
COL-B2F-1696,column,0.3881,0.0,6.21,0.0
COL-B2F-1697,column,0.3881,0.0,6.21,0.0
COL-B2F-1698,column,0.3881,0.0,6.21,0.0
COL-B2F-1699,column,0.3881,0.0,6.21,0.0
COL-B2F-1700,column,0.3881,0.0,6.21,0.0
COL-B2F-1701,column,1.4376,0.0,9.405,0.0
COL-B2F-1702,column,0.3881,0.0,6.21,0.0
COL-B2F-1703,column,0.3881,0.0,6.21,0.0
COL-B2F-1704,column,0.3881,0.0,6.21,0.0
COL-B2F-1705,column,0.3881,0.0,6.21,0.0
COL-B2F-1706,column,0.3881,0.0,6.21,0.0
COL-B2F-1707,column,0.3881,0.0,6.21,0.0
COL-B2F-1708,column,0.3881,0.0,6.21,0.0
COL-B2F-1709,column,0.3881,0.0,6.21,0.0
COL-B2F-1710,column,0.3881,0.0,6.21,0.0
COL-B2F-1711,column,0.3881,0.0,6.21,0.0
COL-B2F-1712,column,0.3881,0.0,6.21,0.0
COL-B2F-1713,column,0.3881,0.0,6.21,0.0
COL-B2F-1714,column,0.3881,0.0,6.21,0.0
COL-B2F-1715,column,0.3881,0.0,6.21,0.0
COL-B2F-1716,column,0.3881,0.0,6.21,0.0
COL-B2F-1717,column,0.3881,0.0,6.21,0.0
COL-B2F-1718,column,0.3881,0.0,6.21,0.0
COL-B2F-1719,column,0.3881,0.0,6.21,0.0
COL-B2F-1720,column,0.3881,0.0,6.21,0.0
COL-B2F-1721,column,0.3881,0.0,6.21,0.0
COL-B2F-1722,column,0.3881,0.0,6.21,0.0
COL-B2F-1723,column,0.3881,0.0,6.21,0.0
COL-B2F-1724,column,0.3881,0.0,6.21,0.0
COL-B2F-1725,column,0.3881,0.0,6.21,0.0
COL-B2F-1726,column,0.3105,0.0,5.175,0.0
COL-B2F-1727,column,0.3105,0.0,5.175,0.0
COL-B2F-1728,column,0.3881,0.0,6.21,0.0
COL-B2F-1729,column,0.3881,0.0,6.21,0.0
COL-B2F-1730,column,0.3881,0.0,6.21,0.0
COL-B2F-1731,column,0.3881,0.0,6.21,0.0
COL-B2F-1732,column,0.3105,0.0,5.175,0.0
COL-B2F-1733,column,0.3105,0.0,5.175,0.0
COL-B2F-1734,column,0.3105,0.0,5.175,0.0
COL-B2F-1735,column,0.3105,0.0,5.175,0.0
COL-B2F-1736,column,0.3105,0.0,5.175,0.0
COL-B2F-1737,column,0.3105,0.0,5.175,0.0
COL-B2F-1738,column,0.3881,0.0,6.21,0.0
COL-B2F-1739,column,0.3881,0.0,6.21,0.0
COL-B2F-1740,column,1.4376,0.0,9.405,0.0
COL-B2F-1741,column,0.3881,0.0,6.21,0.0
COL-B2F-1742,column,0.3881,0.0,6.21,0.0
COL-B2F-1743,column,0.3881,0.0,6.21,0.0
COL-B2F-1744,column,0.3881,0.0,6.21,0.0
COL-B2F-1745,column,0.3881,0.0,6.21,0.0
COL-B2F-1746,column,0.3881,0.0,6.21,0.0
COL-B2F-1747,column,0.3105,0.0,5.175,0.0
COL-B2F-1748,column,0.3105,0.0,5.175,0.0
COL-B2F-1749,column,0.3881,0.0,6.21,0.0
COL-B2F-1750,column,0.3881,0.0,6.21,0.0
COL-B2F-1751,column,1.4376,0.0,9.405,0.0
COL-B2F-1752,column,0.3881,0.0,6.21,0.0
COL-B2F-1753,column,0.3881,0.0,6.21,0.0
COL-B2F-1754,column,1.4376,0.0,9.405,0.0
COL-B2F-1755,column,0.3881,0.0,6.21,0.0
COL-B2F-1756,column,0.3881,0.0,6.21,0.0
COL-B2F-1757,column,0.3881,0.0,6.21,0.0
COL-B2F-1758,column,0.3881,0.0,6.21,0.0
COL-B2F-1759,column,1.4376,0.0,9.405,0.0
COL-B2F-1760,column,0.3881,0.0,6.21,0.0
COL-B2F-1761,column,0.3881,0.0,6.21,0.0
COL-B2F-1762,column,1.4376,0.0,9.405,0.0
COL-B2F-1763,column,4.242,0.0,15.394,0.0
COL-B2F-1764,column,1.4934,0.0,9.08,0.0
COL-B2F-1765,column,1.0005,0.0,7.452,0.0
COL-B2F-1766,column,0.6624,0.0,6.072,0.0
COL-B2F-1767,column,0.3814,0.0,4.616,0.0
COL-B2F-1768,column,0.1339,0.0,2.719,0.0
COL-B2F-1769,column,4.242,0.0,15.394,0.0
COL-B2F-1770,column,1.4934,0.0,9.08,0.0
COL-B2F-1771,column,4.242,0.0,15.394,0.0
COL-B2F-1772,column,1.4934,0.0,9.08,0.0
COL-B2F-1773,column,1.0005,0.0,7.452,0.0
COL-B2F-1774,column,0.6624,0.0,6.072,0.0
COL-B2F-1775,column,0.3814,0.0,4.616,0.0
COL-B2F-1776,column,0.1339,0.0,2.719,0.0
COL-B2F-1777,column,4.242,0.0,15.394,0.0
COL-B2F-1778,column,1.4934,0.0,9.08,0.0
COL-B2F-1779,column,4.242,0.0,15.394,0.0
COL-B2F-1780,column,1.4934,0.0,9.08,0.0
COL-B2F-1781,column,1.0005,0.0,7.452,0.0
COL-B2F-1782,column,0.6624,0.0,6.072,0.0
COL-B2F-1783,column,0.3814,0.0,4.616,0.0
COL-B2F-1784,column,0.1339,0.0,2.719,0.0
COL-B2F-1785,column,4.242,0.0,15.394,0.0
COL-B2F-1786,column,1.4934,0.0,9.08,0.0
COL-B2F-1787,column,4.242,0.0,15.394,0.0
COL-B2F-1788,column,1.4934,0.0,9.08,0.0
COL-B2F-1789,column,1.0005,0.0,7.452,0.0
COL-B2F-1790,column,0.6624,0.0,6.072,0.0
COL-B2F-1791,column,0.3814,0.0,4.616,0.0
COL-B2F-1792,column,0.1339,0.0,2.719,0.0
COL-B2F-1793,column,4.242,0.0,15.394,0.0
COL-B2F-1794,column,1.4934,0.0,9.08,0.0
COL-B2F-1795,column,4.242,0.0,15.394,0.0
COL-B2F-1796,column,1.4934,0.0,9.08,0.0
COL-B2F-1797,column,1.0005,0.0,7.452,0.0
COL-B2F-1798,column,0.6624,0.0,6.072,0.0
COL-B2F-1799,column,0.3814,0.0,4.616,0.0
COL-B2F-1800,column,0.1339,0.0,2.719,0.0
COL-B2F-1801,column,4.242,0.0,15.394,0.0
COL-B2F-1802,column,1.4934,0.0,9.08,0.0
COL-B2F-1803,column,4.242,0.0,15.394,0.0
COL-B2F-1804,column,1.4934,0.0,9.08,0.0
COL-B2F-1805,column,1.0005,0.0,7.452,0.0
COL-B2F-1806,column,0.6624,0.0,6.072,0.0
COL-B2F-1807,column,0.3814,0.0,4.616,0.0
COL-B2F-1808,column,0.1339,0.0,2.719,0.0
COL-B2F-1809,column,4.242,0.0,15.394,0.0
COL-B2F-1810,column,1.4934,0.0,9.08,0.0
COL-B2F-1811,column,4.242,0.0,15.394,0.0
COL-B2F-1812,column,1.4934,0.0,9.08,0.0
COL-B2F-1813,column,1.0005,0.0,7.452,0.0
COL-B2F-1814,column,0.6624,0.0,6.072,0.0
COL-B2F-1815,column,0.3814,0.0,4.616,0.0
COL-B2F-1816,column,0.1339,0.0,2.719,0.0
COL-B2F-1817,column,4.242,0.0,15.394,0.0
COL-B2F-1818,column,1.4934,0.0,9.08,0.0
COL-B2F-1819,column,4.242,0.0,15.394,0.0
COL-B2F-1820,column,1.4934,0.0,9.08,0.0
COL-B2F-1821,column,1.0005,0.0,7.452,0.0
COL-B2F-1822,column,0.6624,0.0,6.072,0.0
COL-B2F-1823,column,0.3814,0.0,4.616,0.0
COL-B2F-1824,column,0.1339,0.0,2.719,0.0
COL-B2F-1825,column,4.242,0.0,15.394,0.0
COL-B2F-1826,column,1.4934,0.0,9.08,0.0
COL-B2F-1827,column,4.242,0.0,15.394,0.0
COL-B2F-1828,column,1.4934,0.0,9.08,0.0
COL-B2F-1829,column,1.0005,0.0,7.452,0.0
COL-B2F-1830,column,0.6624,0.0,6.072,0.0
COL-B2F-1831,column,0.3814,0.0,4.616,0.0
COL-B2F-1832,column,0.1339,0.0,2.719,0.0
COL-B2F-1833,column,4.242,0.0,15.394,0.0
COL-B2F-1834,column,1.4934,0.0,9.08,0.0
COL-B2F-1835,column,4.242,0.0,15.394,0.0
COL-B2F-1836,column,1.4934,0.0,9.08,0.0
COL-B2F-1837,column,1.0005,0.0,7.452,0.0
COL-B2F-1838,column,0.6624,0.0,6.072,0.0
COL-B2F-1839,column,0.3814,0.0,4.616,0.0
COL-B2F-1840,column,0.1339,0.0,2.719,0.0
COL-B2F-1841,column,4.242,0.0,15.394,0.0
COL-B2F-1842,column,1.4934,0.0,9.08,0.0
COL-B2F-1843,column,4.242,0.0,15.394,0.0
COL-B2F-1844,column,1.4934,0.0,9.08,0.0
COL-B2F-1845,column,1.0005,0.0,7.452,0.0
COL-B2F-1846,column,0.6624,0.0,6.072,0.0
COL-B2F-1847,column,0.3814,0.0,4.616,0.0
COL-B2F-1848,column,0.1339,0.0,2.719,0.0
COL-B2F-1849,column,4.242,0.0,15.394,0.0
COL-B2F-1850,column,1.4934,0.0,9.08,0.0
COL-B2F-1851,column,4.242,0.0,15.394,0.0
COL-B2F-1852,column,1.4934,0.0,9.08,0.0
COL-B2F-1853,column,1.0005,0.0,7.452,0.0
COL-B2F-1854,column,0.6624,0.0,6.072,0.0
COL-B2F-1855,column,0.3814,0.0,4.616,0.0
COL-B2F-1856,column,0.1339,0.0,2.719,0.0
COL-B2F-1857,column,4.242,0.0,15.394,0.0
COL-B2F-1858,column,1.4934,0.0,9.08,0.0
COL-B2F-1859,column,0.3881,0.0,6.21,0.0
COL-B2F-1860,column,0.3881,0.0,6.21,0.0
COL-B2F-1861,column,1.4376,0.0,9.405,0.0
COL-B2F-1862,column,0.289,0.0,4.782,0.0
COL-B2F-1863,column,0.3105,0.0,5.175,0.0
COL-B2F-1864,column,0.3105,0.0,5.175,0.0
COL-B2F-1865,column,0.3881,0.0,6.21,0.0
COL-B2F-1866,column,0.3881,0.0,6.21,0.0
COL-B2F-1867,column,0.3881,0.0,6.21,0.0
COL-B2F-1868,column,0.3881,0.0,6.21,0.0
COL-B2F-1869,column,0.3881,0.0,6.21,0.0
COL-B2F-1870,column,0.3881,0.0,6.21,0.0
COL-B2F-1871,column,1.4376,0.0,9.405,0.0
COL-B2F-1872,column,0.3881,0.0,6.21,0.0
COL-B2F-1873,column,0.3881,0.0,6.21,0.0
COL-B2F-1874,column,1.4376,0.0,9.405,0.0
COL-B2F-1875,column,0.3881,0.0,6.21,0.0
COL-B2F-1876,column,0.3881,0.0,6.21,0.0
COL-B2F-1877,column,0.289,0.0,4.782,0.0
COL-B2F-1878,column,0.289,0.0,4.782,0.0
COL-B2F-1879,column,0.4293,0.0,4.94,0.0
COL-B2F-1880,column,0.3264,0.0,4.271,0.0
COL-B2F-1881,column,0.4293,0.0,4.94,0.0
COL-B2F-1882,column,0.3264,0.0,4.271,0.0
COL-B2F-1883,column,0.4293,0.0,4.94,0.0
COL-B2F-1884,column,0.3264,0.0,4.271,0.0
COL-B2F-1885,column,0.4293,0.0,4.94,0.0
COL-B2F-1886,column,0.3264,0.0,4.271,0.0
COL-B2F-1887,column,0.4293,0.0,4.94,0.0
COL-B2F-1888,column,0.3264,0.0,4.271,0.0
COL-B2F-1889,column,0.4293,0.0,4.94,0.0
COL-B2F-1890,column,0.3264,0.0,4.271,0.0
COL-B2F-1891,column,0.4293,0.0,4.94,0.0
COL-B2F-1892,column,0.3264,0.0,4.271,0.0
COL-B2F-1893,column,0.4293,0.0,4.94,0.0
COL-B2F-1894,column,0.3264,0.0,4.271,0.0
COL-B2F-1895,column,0.4293,0.0,4.94,0.0
COL-B2F-1896,column,0.3264,0.0,4.271,0.0
COL-B2F-1897,column,0.4293,0.0,4.94,0.0
COL-B2F-1898,column,0.3264,0.0,4.271,0.0
COL-B2F-1899,column,14.7885,0.0,28.614,0.0
COL-B2F-1900,column,12.5918,0.0,26.42,0.0
COL-B2F-1901,column,20.2714,0.0,33.451,0.0
COL-B2F-1902,column,0.3881,0.0,6.21,0.0
COL-B2F-1903,column,0.3881,0.0,6.21,0.0
COL-B2F-1904,column,1.4376,0.0,9.405,0.0
COL-B2F-1905,column,0.3881,0.0,6.21,0.0
COL-B2F-1906,column,0.3881,0.0,6.21,0.0
COL-B2F-1907,column,1.4376,0.0,9.405,0.0
COL-B2F-1908,column,0.3881,0.0,6.21,0.0
COL-B2F-1909,column,0.3881,0.0,6.21,0.0
COL-B2F-1910,column,1.4376,0.0,9.405,0.0
COL-B2F-1911,column,0.3881,0.0,6.21,0.0
COL-B2F-1912,column,0.3881,0.0,6.21,0.0
COL-B2F-1913,column,0.3881,0.0,6.21,0.0
COL-B2F-1914,column,0.3881,0.0,6.21,0.0
COL-B2F-1915,column,0.3881,0.0,6.21,0.0
COL-B2F-1916,column,0.3881,0.0,6.21,0.0
COL-B2F-1917,column,5.76,0.0,18.264,0.0
COL-B2F-1918,column,0.3881,0.0,6.21,0.0
COL-B2F-1919,column,0.3881,0.0,6.21,0.0
COL-B2F-1920,column,0.3881,0.0,6.21,0.0
COL-B2F-1921,column,0.3881,0.0,6.21,0.0
COL-B2F-1922,column,0.3881,0.0,6.21,0.0
COL-B2F-1923,column,0.3881,0.0,6.21,0.0
COL-B2F-1924,column,0.3881,0.0,6.21,0.0
COL-B2F-1925,column,4.242,0.0,15.394,0.0
COL-B2F-1926,column,1.4934,0.0,9.08,0.0
COL-B2F-1927,column,1.0005,0.0,7.452,0.0
COL-B2F-1928,column,0.6624,0.0,6.072,0.0
COL-B2F-1929,column,0.3814,0.0,4.616,0.0
COL-B2F-1930,column,0.1339,0.0,2.719,0.0
COL-B2F-1931,column,4.242,0.0,15.394,0.0
COL-B2F-1932,column,1.4934,0.0,9.08,0.0
COL-B2F-1933,column,0.3881,0.0,6.21,0.0
COL-B2F-1934,column,0.3881,0.0,6.21,0.0
COL-B2F-1935,column,0.3881,0.0,6.21,0.0
COL-B2F-1936,column,0.3881,0.0,6.21,0.0
COL-B2F-1937,column,0.3881,0.0,6.21,0.0
COL-B2F-1938,column,0.3881,0.0,6.21,0.0
COL-B2F-1939,column,1.4376,0.0,9.405,0.0
COL-B2F-1940,column,0.3881,0.0,6.21,0.0
COL-B2F-1941,column,0.3881,0.0,6.21,0.0
COL-B2F-1942,column,1.4376,0.0,9.405,0.0
COL-B2F-1943,column,0.3881,0.0,6.21,0.0
COL-B2F-1944,column,0.3881,0.0,6.21,0.0
COL-B2F-1945,column,1.4376,0.0,9.405,0.0
COL-B2F-1946,column,0.3881,0.0,6.21,0.0
COL-B2F-1947,column,0.3881,0.0,6.21,0.0
COL-B2F-1948,column,5.76,0.0,18.264,0.0
COL-B2F-1949,column,0.3881,0.0,6.21,0.0
COL-B2F-1950,column,0.3881,0.0,6.21,0.0
COL-B2F-1951,column,0.3881,0.0,6.21,0.0
COL-B2F-1952,column,0.3881,0.0,6.21,0.0
COL-B2F-1953,column,0.3881,0.0,6.21,0.0
COL-B2F-1954,column,4.242,0.0,15.394,0.0
COL-B2F-1955,column,1.4934,0.0,9.08,0.0
COL-B2F-1956,column,1.0005,0.0,7.452,0.0
COL-B2F-1957,column,0.6624,0.0,6.072,0.0
COL-B2F-1958,column,0.3814,0.0,4.616,0.0
COL-B2F-1959,column,0.1339,0.0,2.719,0.0
COL-B2F-1960,column,4.242,0.0,15.394,0.0
COL-B2F-1961,column,1.4934,0.0,9.08,0.0
COL-B2F-1962,column,0.3105,0.0,5.175,0.0
COL-B2F-1963,column,0.3105,0.0,5.175,0.0
COL-B2F-1964,column,0.3881,0.0,6.21,0.0
COL-B2F-1965,column,0.3881,0.0,6.21,0.0
COL-B2F-1966,column,5.76,0.0,18.264,0.0
COL-B2F-1967,column,0.3881,0.0,6.21,0.0
COL-B2F-1968,column,0.3881,0.0,6.21,0.0
COL-B2F-1969,column,0.3881,0.0,6.21,0.0
COL-B2F-1970,column,5.76,0.0,18.264,0.0
COL-B2F-1971,column,0.3881,0.0,6.21,0.0
COL-B2F-1972,column,0.3881,0.0,6.21,0.0
COL-B2F-1973,column,0.3881,0.0,6.21,0.0
COL-B2F-1974,column,0.3881,0.0,6.21,0.0
COL-B2F-1975,column,0.3881,0.0,6.21,0.0
COL-B2F-1976,column,0.3881,0.0,6.21,0.0
COL-B2F-1977,column,0.3881,0.0,6.21,0.0
COL-B2F-1978,column,1.4376,0.0,9.405,0.0
COL-B2F-1979,column,0.3881,0.0,6.21,0.0
COL-B2F-1980,column,0.3881,0.0,6.21,0.0
COL-B2F-1981,column,0.3881,0.0,6.21,0.0
COL-B2F-1982,column,0.3881,0.0,6.21,0.0
COL-B2F-1983,column,0.3881,0.0,6.21,0.0
COL-B2F-1984,column,0.3881,0.0,6.21,0.0
COL-B2F-1985,column,1.4376,0.0,9.405,0.0
COL-B2F-1986,column,0.3881,0.0,6.21,0.0
COL-B2F-1987,column,0.3881,0.0,6.21,0.0
COL-B2F-1988,column,4.242,0.0,15.394,0.0
COL-B2F-1989,column,1.4934,0.0,9.08,0.0
COL-B2F-1990,column,1.0005,0.0,7.452,0.0
COL-B2F-1991,column,0.6624,0.0,6.072,0.0
COL-B2F-1992,column,0.3814,0.0,4.616,0.0
COL-B2F-1993,column,0.1339,0.0,2.719,0.0
COL-B2F-1994,column,4.242,0.0,15.394,0.0
COL-B2F-1995,column,1.4934,0.0,9.08,0.0
COL-B2F-1996,column,0.3881,0.0,6.21,0.0
COL-B2F-1997,column,0.3881,0.0,6.21,0.0
COL-B2F-1998,column,0.3881,0.0,6.21,0.0
COL-B2F-1999,column,0.3881,0.0,6.21,0.0
COL-B2F-2000,column,0.3881,0.0,6.21,0.0
COL-B2F-2001,column,0.3881,0.0,6.21,0.0
COL-B2F-2002,column,1.4376,0.0,9.405,0.0
COL-B2F-2003,column,0.3881,0.0,6.21,0.0
COL-B2F-2004,column,0.3881,0.0,6.21,0.0
COL-B2F-2005,column,1.4376,0.0,9.405,0.0
COL-B2F-2006,column,0.3881,0.0,6.21,0.0
COL-B2F-2007,column,0.3881,0.0,6.21,0.0
COL-B2F-2008,column,0.3881,0.0,6.21,0.0
COL-B2F-2009,column,0.3881,0.0,6.21,0.0
COL-B2F-2010,column,1.4376,0.0,9.405,0.0
COL-B2F-2011,column,0.3881,0.0,6.21,0.0
COL-B2F-2012,column,0.3881,0.0,6.21,0.0
COL-B2F-2013,column,0.3881,0.0,6.21,0.0
COL-B2F-2014,column,0.3881,0.0,6.21,0.0
COL-B2F-2015,column,0.3881,0.0,6.21,0.0
COL-B2F-2016,column,0.3881,0.0,6.21,0.0
COL-B2F-2017,column,1.4376,0.0,9.405,0.0
COL-B2F-2018,column,0.3881,0.0,6.21,0.0
COL-B2F-2019,column,0.3881,0.0,6.21,0.0
COL-B2F-2020,column,0.3881,0.0,6.21,0.0
COL-B2F-2021,column,0.3881,0.0,6.21,0.0
COL-B2F-2022,column,1.4376,0.0,9.405,0.0
COL-B2F-2023,column,0.3881,0.0,6.21,0.0
COL-B2F-2024,column,0.3881,0.0,6.21,0.0
COL-B2F-2025,column,1.4376,0.0,9.405,0.0
COL-B2F-2026,column,0.3881,0.0,6.21,0.0
COL-B2F-2027,column,0.3881,0.0,6.21,0.0
COL-B2F-2028,column,0.3881,0.0,6.21,0.0
COL-B2F-2029,column,0.3881,0.0,6.21,0.0
COL-B2F-2030,column,1.4376,0.0,9.405,0.0
COL-B2F-2031,column,0.3881,0.0,6.21,0.0
COL-B2F-2032,column,0.3881,0.0,6.21,0.0
COL-B2F-2033,column,0.3881,0.0,6.21,0.0
COL-B2F-2034,column,0.3881,0.0,6.21,0.0
COL-B2F-2035,column,1.4376,0.0,9.405,0.0
COL-B2F-2036,column,0.3881,0.0,6.21,0.0
COL-B2F-2037,column,0.3881,0.0,6.21,0.0
COL-B2F-2038,column,1.4376,0.0,9.405,0.0
COL-B2F-2039,column,0.3881,0.0,6.21,0.0
COL-B2F-2040,column,0.3881,0.0,6.21,0.0
COL-B2F-2041,column,1.4376,0.0,9.405,0.0
COL-B2F-2042,column,0.3881,0.0,6.21,0.0
COL-B2F-2043,column,0.3881,0.0,6.21,0.0
COL-B2F-2044,column,1.4376,0.0,9.405,0.0
COL-B2F-2045,column,0.3881,0.0,6.21,0.0
COL-B2F-2046,column,0.3881,0.0,6.21,0.0
COL-B2F-2047,column,0.3881,0.0,6.21,0.0
COL-B2F-2048,column,0.3881,0.0,6.21,0.0
COL-B2F-2049,column,0.3881,0.0,6.21,0.0
COL-B2F-2050,column,0.3881,0.0,6.21,0.0
COL-B2F-2051,column,0.3881,0.0,6.21,0.0
COL-B2F-2052,column,0.3881,0.0,6.21,0.0
COL-B2F-2053,column,0.3881,0.0,6.21,0.0
COL-B2F-2054,column,0.3881,0.0,6.21,0.0
COL-B2F-2055,column,0.3881,0.0,6.21,0.0
COL-B2F-2056,column,0.3881,0.0,6.21,0.0
COL-B2F-2057,column,0.3881,0.0,6.21,0.0
COL-B2F-2058,column,0.3881,0.0,6.21,0.0
COL-B2F-2059,column,0.3881,0.0,6.21,0.0
COL-B2F-2060,column,0.3881,0.0,6.21,0.0
COL-B2F-2061,column,5.76,0.0,18.264,0.0
COL-B2F-2062,column,0.3881,0.0,6.21,0.0
COL-B2F-2063,column,0.3881,0.0,6.21,0.0
COL-B2F-2064,column,0.3881,0.0,6.21,0.0
COL-B2F-2065,column,0.3881,0.0,6.21,0.0
COL-B2F-2066,column,0.3881,0.0,6.21,0.0
COL-B2F-2067,column,0.3881,0.0,6.21,0.0
COL-B2F-2068,column,0.3881,0.0,6.21,0.0
COL-B2F-2069,column,0.3881,0.0,6.21,0.0
COL-B2F-2070,column,0.3881,0.0,6.21,0.0
COL-B2F-2071,column,0.3881,0.0,6.21,0.0
COL-B2F-2072,column,0.3881,0.0,6.21,0.0
COL-B2F-2073,column,0.3881,0.0,6.21,0.0
COL-B2F-2074,column,0.3881,0.0,6.21,0.0
COL-B2F-2075,column,0.3881,0.0,6.21,0.0
COL-B2F-2076,column,0.3881,0.0,6.21,0.0
COL-B2F-2077,column,0.3881,0.0,6.21,0.0
COL-B2F-2078,column,0.3881,0.0,6.21,0.0
COL-B2F-2079,column,0.3881,0.0,6.21,0.0
COL-B2F-2080,column,0.3881,0.0,6.21,0.0
COL-B2F-2081,column,0.3881,0.0,6.21,0.0
COL-B2F-2082,column,0.3881,0.0,6.21,0.0
COL-B2F-2083,column,0.3881,0.0,6.21,0.0
COL-B2F-2084,column,0.3881,0.0,6.21,0.0
COL-B2F-2085,column,0.3881,0.0,6.21,0.0
COL-B2F-2086,column,0.3881,0.0,6.21,0.0
COL-B2F-2087,column,0.3881,0.0,6.21,0.0
COL-B2F-2088,column,0.3881,0.0,6.21,0.0
COL-B2F-2089,column,0.3881,0.0,6.21,0.0
COL-B2F-2090,column,0.3881,0.0,6.21,0.0
COL-B2F-2091,column,0.3881,0.0,6.21,0.0
COL-B2F-2092,column,0.3881,0.0,6.21,0.0
COL-B2F-2093,column,0.3881,0.0,6.21,0.0
COL-B2F-2094,column,0.3881,0.0,6.21,0.0
COL-B2F-2095,column,0.3881,0.0,6.21,0.0
COL-B2F-2096,column,0.3881,0.0,6.21,0.0
COL-B2F-2097,column,0.3881,0.0,6.21,0.0
COL-B2F-2098,column,0.3881,0.0,6.21,0.0
COL-B2F-2099,column,0.3881,0.0,6.21,0.0
COL-B2F-2100,column,0.3881,0.0,6.21,0.0
COL-B2F-2101,column,0.3881,0.0,6.21,0.0
COL-B2F-2102,column,0.3881,0.0,6.21,0.0
COL-B2F-2103,column,0.3881,0.0,6.21,0.0
COL-B2F-2104,column,0.3881,0.0,6.21,0.0
COL-B2F-2105,column,0.3881,0.0,6.21,0.0
COL-B2F-2106,column,0.3881,0.0,6.21,0.0
COL-B2F-2107,column,0.3881,0.0,6.21,0.0
COL-B2F-2108,column,0.3881,0.0,6.21,0.0
COL-B2F-2109,column,0.3881,0.0,6.21,0.0
COL-B2F-2110,column,0.3881,0.0,6.21,0.0
COL-B2F-2111,column,0.3881,0.0,6.21,0.0
COL-B2F-2112,column,0.3881,0.0,6.21,0.0
COL-B2F-2113,column,0.3881,0.0,6.21,0.0
COL-B2F-2114,column,0.3881,0.0,6.21,0.0
COL-B2F-2115,column,0.3881,0.0,6.21,0.0
COL-B2F-2116,column,0.3881,0.0,6.21,0.0
COL-B2F-2117,column,0.3881,0.0,6.21,0.0
COL-B2F-2118,column,0.3881,0.0,6.21,0.0
COL-B2F-2119,column,0.3881,0.0,6.21,0.0
COL-B2F-2120,column,0.3881,0.0,6.21,0.0
COL-B2F-2121,column,0.3881,0.0,6.21,0.0
COL-B2F-2122,column,0.3881,0.0,6.21,0.0
COL-B2F-2123,column,0.3881,0.0,6.21,0.0
COL-B2F-2124,column,0.3881,0.0,6.21,0.0
COL-B2F-2125,column,0.3881,0.0,6.21,0.0
COL-B2F-2126,column,0.3881,0.0,6.21,0.0
COL-B2F-2127,column,0.3881,0.0,6.21,0.0
COL-B2F-2128,column,0.3881,0.0,6.21,0.0
COL-B2F-2129,column,0.3881,0.0,6.21,0.0
COL-B2F-2130,column,0.3881,0.0,6.21,0.0
COL-B2F-2131,column,0.3881,0.0,6.21,0.0
COL-B2F-2132,column,0.3881,0.0,6.21,0.0
COL-B2F-2133,column,0.3881,0.0,6.21,0.0
COL-B2F-2134,column,0.3881,0.0,6.21,0.0
COL-B2F-2135,column,0.3881,0.0,6.21,0.0
COL-B2F-2136,column,0.3881,0.0,6.21,0.0
COL-B2F-2137,column,0.3881,0.0,6.21,0.0
COL-B2F-2138,column,0.3881,0.0,6.21,0.0
COL-B2F-2139,column,0.3881,0.0,6.21,0.0
COL-B2F-2140,column,0.3881,0.0,6.21,0.0
COL-B2F-2141,column,0.3881,0.0,6.21,0.0
COL-B2F-2142,column,0.3881,0.0,6.21,0.0
COL-B2F-2143,column,4.242,0.0,15.394,0.0
COL-B2F-2144,column,1.4934,0.0,9.08,0.0
COL-B2F-2145,column,1.0005,0.0,7.452,0.0
COL-B2F-2146,column,0.6624,0.0,6.072,0.0
COL-B2F-2147,column,0.3814,0.0,4.616,0.0
COL-B2F-2148,column,0.1339,0.0,2.719,0.0
COL-B2F-2149,column,4.242,0.0,15.394,0.0
COL-B2F-2150,column,1.4934,0.0,9.08,0.0
COL-B2F-2151,column,0.3881,0.0,6.21,0.0
COL-B2F-2152,column,0.3881,0.0,6.21,0.0
COL-B2F-2153,column,0.3881,0.0,6.21,0.0
COL-B2F-2154,column,0.3881,0.0,6.21,0.0
COL-B2F-2155,column,1.4376,0.0,9.405,0.0
COL-B2F-2156,column,0.3881,0.0,6.21,0.0
COL-B2F-2157,column,0.3881,0.0,6.21,0.0
COL-B2F-2158,column,1.4376,0.0,9.405,0.0
COL-B2F-2159,column,0.3881,0.0,6.21,0.0
COL-B2F-2160,column,0.3881,0.0,6.21,0.0
COL-B2F-2161,column,1.4376,0.0,9.405,0.0
COL-B2F-2162,column,0.3881,0.0,6.21,0.0
COL-B2F-2163,column,0.3881,0.0,6.21,0.0
COL-B2F-2164,column,1.4376,0.0,9.405,0.0
COL-B2F-2165,column,0.3881,0.0,6.21,0.0
COL-B2F-2166,column,0.3881,0.0,6.21,0.0
COL-B2F-2167,column,1.4376,0.0,9.405,0.0
COL-B2F-2168,column,4.242,0.0,15.394,0.0
COL-B2F-2169,column,1.4934,0.0,9.08,0.0
COL-B2F-2170,column,1.0005,0.0,7.452,0.0
COL-B2F-2171,column,0.6624,0.0,6.072,0.0
COL-B2F-2172,column,0.3814,0.0,4.616,0.0
COL-B2F-2173,column,0.1339,0.0,2.719,0.0
COL-B2F-2174,column,4.242,0.0,15.394,0.0
COL-B2F-2175,column,1.4934,0.0,9.08,0.0
COL-B2F-2176,column,0.3881,0.0,6.21,0.0
COL-B2F-2177,column,0.3881,0.0,6.21,0.0
COL-B2F-2178,column,0.3881,0.0,6.21,0.0
COL-B2F-2179,column,0.3881,0.0,6.21,0.0
COL-B2F-2180,column,0.3881,0.0,6.21,0.0
COL-B2F-2181,column,0.3881,0.0,6.21,0.0
COL-B2F-2182,column,1.4376,0.0,9.405,0.0
COL-B2F-2183,column,0.3881,0.0,6.21,0.0
COL-B2F-2184,column,0.3881,0.0,6.21,0.0
COL-B2F-2185,column,0.3881,0.0,6.21,0.0
COL-B2F-2186,column,0.3881,0.0,6.21,0.0
COL-B2F-2187,column,0.3881,0.0,6.21,0.0
COL-B2F-2188,column,0.3881,0.0,6.21,0.0
COL-B2F-2189,column,0.3881,0.0,6.21,0.0
COL-B2F-2190,column,0.3881,0.0,6.21,0.0
COL-B2F-2191,column,0.3881,0.0,6.21,0.0
COL-B2F-2192,column,0.3881,0.0,6.21,0.0
COL-B2F-2193,column,0.3881,0.0,6.21,0.0
COL-B2F-2194,column,0.3881,0.0,6.21,0.0
COL-B2F-2195,column,1.4376,0.0,9.405,0.0
COL-B2F-2196,column,0.3881,0.0,6.21,0.0
COL-B2F-2197,column,0.3881,0.0,6.21,0.0
COL-B2F-2198,column,0.3881,0.0,6.21,0.0
COL-B2F-2199,column,0.3881,0.0,6.21,0.0
COL-B2F-2200,column,0.3881,0.0,6.21,0.0
COL-B2F-2201,column,0.3881,0.0,6.21,0.0
COL-B2F-2202,column,1.4376,0.0,9.405,0.0
COL-B2F-2203,column,0.3881,0.0,6.21,0.0
COL-B2F-2204,column,0.3881,0.0,6.21,0.0
COL-B2F-2205,column,1.4376,0.0,9.405,0.0
COL-B2F-2206,column,0.3881,0.0,6.21,0.0
COL-B2F-2207,column,0.3881,0.0,6.21,0.0
COL-B2F-2208,column,0.3881,0.0,6.21,0.0
COL-B2F-2209,column,0.3881,0.0,6.21,0.0
COL-B2F-2210,column,1.4376,0.0,9.405,0.0
COL-B2F-2211,column,0.3881,0.0,6.21,0.0
COL-B2F-2212,column,0.3881,0.0,6.21,0.0
COL-B2F-2213,column,0.3881,0.0,6.21,0.0
COL-B2F-2214,column,0.3881,0.0,6.21,0.0
COL-B2F-2215,column,0.3881,0.0,6.21,0.0
COL-B2F-2216,column,0.3881,0.0,6.21,0.0
COL-B2F-2217,column,1.4376,0.0,9.405,0.0
COL-B2F-2218,column,0.3881,0.0,6.21,0.0
COL-B2F-2219,column,0.3881,0.0,6.21,0.0
COL-B2F-2220,column,1.4376,0.0,9.405,0.0
COL-B2F-2221,column,0.3881,0.0,6.21,0.0
COL-B2F-2222,column,0.3881,0.0,6.21,0.0
COL-B2F-2223,column,1.4376,0.0,9.405,0.0
COL-B2F-2224,column,0.3881,0.0,6.21,0.0
COL-B2F-2225,column,0.3881,0.0,6.21,0.0
COL-B2F-2226,column,0.3881,0.0,6.21,0.0
COL-B2F-2227,column,0.3881,0.0,6.21,0.0
COL-B2F-2228,column,0.3881,0.0,6.21,0.0
COL-B2F-2229,column,0.3881,0.0,6.21,0.0
COL-B2F-2230,column,1.4376,0.0,9.405,0.0
COL-B2F-2231,column,0.3881,0.0,6.21,0.0
COL-B2F-2232,column,0.3881,0.0,6.21,0.0
COL-B2F-2233,column,0.3881,0.0,6.21,0.0
COL-B2F-2234,column,0.3881,0.0,6.21,0.0
COL-B2F-2235,column,0.3881,0.0,6.21,0.0
COL-B2F-2236,column,0.3881,0.0,6.21,0.0
COL-B2F-2237,column,1.4376,0.0,9.405,0.0
COL-B2F-2238,column,0.3881,0.0,6.21,0.0
COL-B2F-2239,column,0.3881,0.0,6.21,0.0
COL-B2F-2240,column,0.3881,0.0,6.21,0.0
COL-B2F-2241,column,0.3881,0.0,6.21,0.0
COL-B2F-2242,column,0.3881,0.0,6.21,0.0
COL-B2F-2243,column,0.3881,0.0,6.21,0.0
COL-B2F-2244,column,1.4376,0.0,9.405,0.0
COL-B2F-2245,column,0.3881,0.0,6.21,0.0
COL-B2F-2246,column,0.3881,0.0,6.21,0.0
COL-B2F-2247,column,0.3881,0.0,6.21,0.0
COL-B2F-2248,column,0.3881,0.0,6.21,0.0
COL-B2F-2249,column,0.3881,0.0,6.21,0.0
COL-B2F-2250,column,0.3881,0.0,6.21,0.0
COL-B2F-2251,column,1.4376,0.0,9.405,0.0
COL-B2F-2252,column,0.3881,0.0,6.21,0.0
COL-B2F-2253,column,0.3881,0.0,6.21,0.0
COL-B2F-2254,column,0.3881,0.0,6.21,0.0
COL-B2F-2255,column,0.3881,0.0,6.21,0.0
COL-B2F-2256,column,0.3881,0.0,6.21,0.0
COL-B2F-2257,column,0.3881,0.0,6.21,0.0
COL-B2F-2258,column,1.4376,0.0,9.405,0.0
COL-B2F-2259,column,0.3881,0.0,6.21,0.0
COL-B2F-2260,column,0.3881,0.0,6.21,0.0
COL-B2F-2261,column,0.3881,0.0,6.21,0.0
COL-B2F-2262,column,0.3881,0.0,6.21,0.0
COL-B2F-2263,column,0.3881,0.0,6.21,0.0
COL-B2F-2264,column,0.3881,0.0,6.21,0.0
COL-B2F-2265,column,1.4376,0.0,9.405,0.0
COL-B2F-2266,column,0.3881,0.0,6.21,0.0
COL-B2F-2267,column,0.3881,0.0,6.21,0.0
COL-B2F-2268,column,0.3881,0.0,6.21,0.0
COL-B2F-2269,column,0.3881,0.0,6.21,0.0
COL-B2F-2270,column,0.3881,0.0,6.21,0.0
COL-B2F-2271,column,0.3881,0.0,6.21,0.0
COL-B2F-2272,column,1.4376,0.0,9.405,0.0
COL-B2F-2273,column,0.3881,0.0,6.21,0.0
COL-B2F-2274,column,0.3881,0.0,6.21,0.0
COL-B2F-2275,column,0.3881,0.0,6.21,0.0
COL-B2F-2276,column,0.3881,0.0,6.21,0.0
COL-B2F-2277,column,0.3881,0.0,6.21,0.0
COL-B2F-2278,column,0.3881,0.0,6.21,0.0
COL-B2F-2279,column,1.4376,0.0,9.405,0.0
COL-B2F-2280,column,0.3881,0.0,6.21,0.0
COL-B2F-2281,column,0.3881,0.0,6.21,0.0
COL-B2F-2282,column,0.3881,0.0,6.21,0.0
COL-B2F-2283,column,0.3881,0.0,6.21,0.0
COL-B2F-2284,column,0.3881,0.0,6.21,0.0
COL-B2F-2285,column,0.3881,0.0,6.21,0.0
COL-B2F-2286,column,1.4376,0.0,9.405,0.0
COL-B2F-2287,column,0.3881,0.0,6.21,0.0
COL-B2F-2288,column,0.3881,0.0,6.21,0.0
COL-B2F-2289,column,0.3881,0.0,6.21,0.0
COL-B2F-2290,column,0.3881,0.0,6.21,0.0
COL-B2F-2291,column,0.3881,0.0,6.21,0.0
COL-B2F-2292,column,0.3881,0.0,6.21,0.0
COL-B2F-2293,column,1.4376,0.0,9.405,0.0
COL-B2F-2294,column,0.3881,0.0,6.21,0.0
COL-B2F-2295,column,0.3881,0.0,6.21,0.0
COL-B2F-2296,column,0.3881,0.0,6.21,0.0
COL-B2F-2297,column,0.3881,0.0,6.21,0.0
COL-B2F-2298,column,0.3881,0.0,6.21,0.0
COL-B2F-2299,column,0.3881,0.0,6.21,0.0
COL-B2F-2300,column,1.4376,0.0,9.405,0.0
COL-B2F-2301,column,0.3881,0.0,6.21,0.0
COL-B2F-2302,column,0.3881,0.0,6.21,0.0
COL-B2F-2303,column,0.3881,0.0,6.21,0.0
COL-B2F-2304,column,0.3881,0.0,6.21,0.0
COL-B2F-2305,column,0.3881,0.0,6.21,0.0
COL-B2F-2306,column,0.3881,0.0,6.21,0.0
COL-B2F-2307,column,1.4376,0.0,9.405,0.0
COL-B2F-2308,column,0.3881,0.0,6.21,0.0
COL-B2F-2309,column,0.3881,0.0,6.21,0.0
COL-B2F-2310,column,0.3881,0.0,6.21,0.0
COL-B2F-2311,column,0.3881,0.0,6.21,0.0
COL-B2F-2312,column,0.3881,0.0,6.21,0.0
COL-B2F-2313,column,0.3881,0.0,6.21,0.0
COL-B2F-2314,column,1.4376,0.0,9.405,0.0
COL-B2F-2315,column,0.3881,0.0,6.21,0.0
COL-B2F-2316,column,0.3881,0.0,6.21,0.0
COL-B2F-2317,column,0.3881,0.0,6.21,0.0
COL-B2F-2318,column,0.3881,0.0,6.21,0.0
COL-B2F-2319,column,0.3881,0.0,6.21,0.0
COL-B2F-2320,column,0.3881,0.0,6.21,0.0
COL-B2F-2321,column,1.4376,0.0,9.405,0.0
COL-B2F-2322,column,0.3881,0.0,6.21,0.0
COL-B2F-2323,column,0.3881,0.0,6.21,0.0
COL-B2F-2324,column,0.3881,0.0,6.21,0.0
COL-B2F-2325,column,0.3881,0.0,6.21,0.0
COL-B2F-2326,column,0.3881,0.0,6.21,0.0
COL-B2F-2327,column,0.3881,0.0,6.21,0.0
COL-B2F-2328,column,1.4376,0.0,9.405,0.0
COL-B2F-2329,column,0.3881,0.0,6.21,0.0
COL-B2F-2330,column,0.3881,0.0,6.21,0.0
COL-B2F-2331,column,0.3881,0.0,6.21,0.0
COL-B2F-2332,column,0.3881,0.0,6.21,0.0
COL-B2F-2333,column,0.3881,0.0,6.21,0.0
COL-B2F-2334,column,0.3881,0.0,6.21,0.0
COL-B2F-2335,column,0.3881,0.0,6.21,0.0
COL-B2F-2336,column,0.3881,0.0,6.21,0.0
COL-B2F-2337,column,1.4376,0.0,9.405,0.0
COL-B2F-2338,column,0.3881,0.0,6.21,0.0
COL-B2F-2339,column,0.3881,0.0,6.21,0.0
COL-B2F-2340,column,0.3881,0.0,6.21,0.0
COL-B2F-2341,column,0.3881,0.0,6.21,0.0
COL-B2F-2342,column,0.3881,0.0,6.21,0.0
COL-B2F-2343,column,0.3881,0.0,6.21,0.0
COL-B2F-2344,column,1.4376,0.0,9.405,0.0
COL-B2F-2345,column,0.3881,0.0,6.21,0.0
COL-B2F-2346,column,0.3881,0.0,6.21,0.0
COL-B2F-2347,column,0.3881,0.0,6.21,0.0
COL-B2F-2348,column,0.3881,0.0,6.21,0.0
COL-B2F-2349,column,0.3881,0.0,6.21,0.0
COL-B2F-2350,column,0.3881,0.0,6.21,0.0
COL-B2F-2351,column,1.4376,0.0,9.405,0.0
COL-B2F-2352,column,0.3881,0.0,6.21,0.0
COL-B2F-2353,column,0.3881,0.0,6.21,0.0
COL-B2F-2354,column,1.4376,0.0,9.405,0.0
COL-B2F-2355,column,0.3881,0.0,6.21,0.0
COL-B2F-2356,column,0.3881,0.0,6.21,0.0
COL-B2F-2357,column,1.4376,0.0,9.405,0.0
COL-B2F-2358,column,4.242,0.0,15.394,0.0
COL-B2F-2359,column,1.4934,0.0,9.08,0.0
COL-B2F-2360,column,1.0005,0.0,7.452,0.0
COL-B2F-2361,column,0.6624,0.0,6.072,0.0
COL-B2F-2362,column,0.3814,0.0,4.616,0.0
COL-B2F-2363,column,0.1339,0.0,2.719,0.0
COL-B2F-2364,column,4.242,0.0,15.394,0.0
COL-B2F-2365,column,1.4934,0.0,9.08,0.0
COL-B2F-2366,column,0.3881,0.0,6.21,0.0
COL-B2F-2367,column,0.3881,0.0,6.21,0.0
COL-B2F-2368,column,1.4376,0.0,9.405,0.0
COL-B2F-2369,column,0.3881,0.0,6.21,0.0
COL-B2F-2370,column,0.3881,0.0,6.21,0.0
COL-B2F-2371,column,4.242,0.0,15.394,0.0
COL-B2F-2372,column,1.4934,0.0,9.08,0.0
COL-B2F-2373,column,1.0005,0.0,7.452,0.0
COL-B2F-2374,column,0.6624,0.0,6.072,0.0
COL-B2F-2375,column,0.3814,0.0,4.616,0.0
COL-B2F-2376,column,0.1339,0.0,2.719,0.0
COL-B2F-2377,column,4.242,0.0,15.394,0.0
COL-B2F-2378,column,1.4934,0.0,9.08,0.0
COL-B2F-2379,column,4.242,0.0,15.394,0.0
COL-B2F-2380,column,1.4934,0.0,9.08,0.0
COL-B2F-2381,column,1.0005,0.0,7.452,0.0
COL-B2F-2382,column,0.6624,0.0,6.072,0.0
COL-B2F-2383,column,0.3814,0.0,4.616,0.0
COL-B2F-2384,column,0.1339,0.0,2.719,0.0
COL-B2F-2385,column,4.242,0.0,15.394,0.0
COL-B2F-2386,column,1.4934,0.0,9.08,0.0
COL-B2F-2387,column,4.242,0.0,15.394,0.0
COL-B2F-2388,column,1.4934,0.0,9.08,0.0
COL-B2F-2389,column,1.0005,0.0,7.452,0.0
COL-B2F-2390,column,0.6624,0.0,6.072,0.0
COL-B2F-2391,column,0.3814,0.0,4.616,0.0
COL-B2F-2392,column,0.1339,0.0,2.719,0.0
COL-B2F-2393,column,4.242,0.0,15.394,0.0
COL-B2F-2394,column,1.4934,0.0,9.08,0.0
COL-B2F-2395,column,4.242,0.0,15.394,0.0
COL-B2F-2396,column,1.4934,0.0,9.08,0.0
COL-B2F-2397,column,1.0005,0.0,7.452,0.0
COL-B2F-2398,column,0.6624,0.0,6.072,0.0
COL-B2F-2399,column,0.3814,0.0,4.616,0.0
COL-B2F-2400,column,0.1339,0.0,2.719,0.0
COL-B2F-2401,column,4.242,0.0,15.394,0.0
COL-B2F-2402,column,1.4934,0.0,9.08,0.0
COL-B2F-2403,column,0.3881,0.0,6.21,0.0
COL-B2F-2404,column,0.3881,0.0,6.21,0.0
COL-B2F-2405,column,0.3881,0.0,6.21,0.0
COL-B2F-2406,column,0.3881,0.0,6.21,0.0
COL-B2F-2407,column,0.3881,0.0,6.21,0.0
COL-B2F-2408,column,0.3881,0.0,6.21,0.0
COL-B2F-2409,column,0.3105,0.0,5.175,0.0
COL-B2F-2410,column,0.3105,0.0,5.175,0.0
COL-B2F-2411,column,0.3881,0.0,6.21,0.0
COL-B2F-2412,column,0.3881,0.0,6.21,0.0
COL-B2F-2413,column,1.4376,0.0,9.405,0.0
COL-B2F-2414,column,0.3881,0.0,6.21,0.0
COL-B2F-2415,column,0.3881,0.0,6.21,0.0
COL-B2F-2416,column,1.4376,0.0,9.405,0.0
COL-B2F-2417,column,0.3881,0.0,6.21,0.0
COL-B2F-2418,column,0.3881,0.0,6.21,0.0
COL-B2F-2419,column,4.242,0.0,15.394,0.0
COL-B2F-2420,column,1.4934,0.0,9.08,0.0
COL-B2F-2421,column,1.0005,0.0,7.452,0.0
COL-B2F-2422,column,0.6624,0.0,6.072,0.0
COL-B2F-2423,column,0.3814,0.0,4.616,0.0
COL-B2F-2424,column,0.1339,0.0,2.719,0.0
COL-B2F-2425,column,4.242,0.0,15.394,0.0
COL-B2F-2426,column,1.4934,0.0,9.08,0.0
COL-B2F-2427,column,4.242,0.0,15.394,0.0
COL-B2F-2428,column,1.4934,0.0,9.08,0.0
COL-B2F-2429,column,1.0005,0.0,7.452,0.0
COL-B2F-2430,column,0.6624,0.0,6.072,0.0
COL-B2F-2431,column,0.3814,0.0,4.616,0.0
COL-B2F-2432,column,0.1339,0.0,2.719,0.0
COL-B2F-2433,column,4.242,0.0,15.394,0.0
COL-B2F-2434,column,1.4934,0.0,9.08,0.0
COL-B2F-2435,column,0.3881,0.0,6.21,0.0
COL-B2F-2436,column,0.3881,0.0,6.21,0.0
COL-B2F-2437,column,0.3881,0.0,6.21,0.0
COL-B2F-2438,column,0.3881,0.0,6.21,0.0
COL-B2F-2439,column,0.3881,0.0,6.21,0.0
COL-B2F-2440,column,0.3881,0.0,6.21,0.0
COL-B2F-2441,column,0.3881,0.0,6.21,0.0
COL-B2F-2442,column,0.3881,0.0,6.21,0.0
COL-B2F-2443,column,0.3881,0.0,6.21,0.0
COL-B2F-2444,column,0.3881,0.0,6.21,0.0
COL-B2F-2445,column,1.4376,0.0,9.405,0.0
COL-B2F-2446,column,0.3881,0.0,6.21,0.0
COL-B2F-2447,column,0.3881,0.0,6.21,0.0
COL-B2F-2448,column,0.3881,0.0,6.21,0.0
COL-B2F-2449,column,0.3881,0.0,6.21,0.0
COL-B2F-2450,column,0.3881,0.0,6.21,0.0
COL-B2F-2451,column,0.3881,0.0,6.21,0.0
COL-B2F-2452,column,1.4376,0.0,9.405,0.0
COL-B2F-2453,column,0.3881,0.0,6.21,0.0
COL-B2F-2454,column,0.3881,0.0,6.21,0.0
COL-B2F-2455,column,0.3881,0.0,6.21,0.0
COL-B2F-2456,column,0.3881,0.0,6.21,0.0
COL-B2F-2457,column,0.3881,0.0,6.21,0.0
COL-B2F-2458,column,0.3881,0.0,6.21,0.0
COL-B2F-2459,column,1.4376,0.0,9.405,0.0
COL-B2F-2460,column,0.3881,0.0,6.21,0.0
COL-B2F-2461,column,0.3881,0.0,6.21,0.0
COL-B2F-2462,column,1.4376,0.0,9.405,0.0
COL-B2F-2463,column,0.3881,0.0,6.21,0.0
COL-B2F-2464,column,0.3881,0.0,6.21,0.0
COL-B2F-2465,column,1.4376,0.0,9.405,0.0
COL-B2F-2466,column,0.3881,0.0,6.21,0.0
COL-B2F-2467,column,0.3881,0.0,6.21,0.0
COL-B2F-2468,column,1.4376,0.0,9.405,0.0
COL-B2F-2469,column,0.3105,0.0,5.175,0.0
COL-B2F-2470,column,0.3105,0.0,5.175,0.0
COL-B2F-2471,column,0.3105,0.0,5.175,0.0
COL-B2F-2472,column,0.3105,0.0,5.175,0.0
COL-B2F-2473,column,0.3881,0.0,6.21,0.0
COL-B2F-2474,column,0.3881,0.0,6.21,0.0
COL-B2F-2475,column,0.3881,0.0,6.21,0.0
COL-B2F-2476,column,0.3881,0.0,6.21,0.0
COL-B2F-2477,column,0.3881,0.0,6.21,0.0
COL-B2F-2478,column,0.3881,0.0,6.21,0.0
COL-B2F-2479,column,0.3881,0.0,6.21,0.0
COL-B2F-2480,column,0.3881,0.0,6.21,0.0
COL-B2F-2481,column,0.3881,0.0,6.21,0.0
COL-B2F-2482,column,0.3881,0.0,6.21,0.0
COL-B2F-2483,column,0.3881,0.0,6.21,0.0
COL-B2F-2484,column,0.3881,0.0,6.21,0.0
COL-B2F-2485,column,0.3881,0.0,6.21,0.0
COL-B2F-2486,column,0.3881,0.0,6.21,0.0
COL-B2F-2487,column,0.3881,0.0,6.21,0.0
COL-B2F-2488,column,0.3881,0.0,6.21,0.0
COL-B2F-2489,column,0.3881,0.0,6.21,0.0
COL-B2F-2490,column,0.3881,0.0,6.21,0.0
COL-B2F-2491,column,0.3881,0.0,6.21,0.0
COL-B2F-2492,column,0.3881,0.0,6.21,0.0
COL-B2F-2493,column,0.3881,0.0,6.21,0.0
COL-B2F-2494,column,0.3881,0.0,6.21,0.0
COL-B2F-2495,column,0.3881,0.0,6.21,0.0
COL-B2F-2496,column,0.3881,0.0,6.21,0.0
COL-B2F-2497,column,4.242,0.0,15.394,0.0
COL-B2F-2498,column,1.4934,0.0,9.08,0.0
COL-B2F-2499,column,1.0005,0.0,7.452,0.0
COL-B2F-2500,column,0.6624,0.0,6.072,0.0
COL-B2F-2501,column,0.3814,0.0,4.616,0.0
COL-B2F-2502,column,0.1339,0.0,2.719,0.0
COL-B2F-2503,column,4.242,0.0,15.394,0.0
COL-B2F-2504,column,1.4934,0.0,9.08,0.0
COL-B2F-2505,column,0.3881,0.0,6.21,0.0
COL-B2F-2506,column,0.3881,0.0,6.21,0.0
COL-B2F-2507,column,0.3881,0.0,6.21,0.0
COL-B2F-2508,column,0.3881,0.0,6.21,0.0
COL-B2F-2509,column,5.76,0.0,18.264,0.0
COL-B2F-2510,column,0.3881,0.0,6.21,0.0
COL-B2F-2511,column,0.3881,0.0,6.21,0.0
COL-B2F-2512,column,0.3881,0.0,6.21,0.0
COL-B2F-2513,column,5.76,0.0,18.264,0.0
COL-B2F-2514,column,0.3881,0.0,6.21,0.0
COL-B2F-2515,column,0.3881,0.0,6.21,0.0
COL-B2F-2516,column,0.3881,0.0,6.21,0.0
COL-B2F-2517,column,5.76,0.0,18.264,0.0
COL-B2F-2518,column,0.3881,0.0,6.21,0.0
COL-B2F-2519,column,0.3881,0.0,6.21,0.0
COL-B2F-2520,column,0.3881,0.0,6.21,0.0
COL-B2F-2521,column,5.76,0.0,18.264,0.0
COL-B2F-2522,column,0.3881,0.0,6.21,0.0
COL-B2F-2523,column,0.3881,0.0,6.21,0.0
COL-B2F-2524,column,0.3881,0.0,6.21,0.0
COL-B2F-2525,column,5.76,0.0,18.264,0.0
COL-B2F-2526,column,0.3881,0.0,6.21,0.0
COL-B2F-2527,column,0.3881,0.0,6.21,0.0
COL-B2F-2528,column,0.3881,0.0,6.21,0.0
COL-B2F-2529,column,5.76,0.0,18.264,0.0
COL-B2F-2530,column,0.3881,0.0,6.21,0.0
COL-B2F-2531,column,0.3881,0.0,6.21,0.0
COL-B2F-2532,column,0.3881,0.0,6.21,0.0
COL-B2F-2533,column,5.76,0.0,18.264,0.0
COL-B2F-2534,column,0.3881,0.0,6.21,0.0
COL-B2F-2535,column,0.3881,0.0,6.21,0.0
COL-B2F-2536,column,0.3881,0.0,6.21,0.0
COL-B2F-2537,column,5.76,0.0,18.264,0.0
COL-B2F-2538,column,0.3881,0.0,6.21,0.0
COL-B2F-2539,column,0.3881,0.0,6.21,0.0
COL-B2F-2540,column,0.3881,0.0,6.21,0.0
COL-B2F-2541,column,5.76,0.0,18.264,0.0
COL-B2F-2542,column,0.3881,0.0,6.21,0.0
COL-B2F-2543,column,4.242,0.0,15.394,0.0
COL-B2F-2544,column,1.4934,0.0,9.08,0.0
COL-B2F-2545,column,1.0005,0.0,7.452,0.0
COL-B2F-2546,column,0.6624,0.0,6.072,0.0
COL-B2F-2547,column,0.3814,0.0,4.616,0.0
COL-B2F-2548,column,0.1339,0.0,2.719,0.0
COL-B2F-2549,column,4.242,0.0,15.394,0.0
COL-B2F-2550,column,1.4934,0.0,9.08,0.0
COL-B2F-2551,column,0.3881,0.0,6.21,0.0
COL-B2F-2552,column,0.3881,0.0,6.21,0.0
COL-B2F-2553,column,0.3881,0.0,6.21,0.0
COL-B2F-2554,column,0.3881,0.0,6.21,0.0
COL-B2F-2555,column,0.3105,0.0,5.175,0.0
COL-B2F-2556,column,0.3105,0.0,5.175,0.0
COL-B2F-2557,column,0.3881,0.0,6.21,0.0
COL-B2F-2558,column,0.3881,0.0,6.21,0.0
COL-B2F-2559,column,1.4376,0.0,9.405,0.0
COL-B2F-2560,column,0.3881,0.0,6.21,0.0
COL-B2F-2561,column,0.3881,0.0,6.21,0.0
COL-B2F-2562,column,1.4376,0.0,9.405,0.0
COL-B2F-2563,column,0.3881,0.0,6.21,0.0
COL-B2F-2564,column,0.3881,0.0,6.21,0.0
COL-B2F-2565,column,1.4376,0.0,9.405,0.0
COL-B2F-2566,column,0.3881,0.0,6.21,0.0
COL-B2F-2567,column,0.3881,0.0,6.21,0.0
COL-B2F-2568,column,1.4376,0.0,9.405,0.0
COL-B2F-2569,column,0.3881,0.0,6.21,0.0
COL-B2F-2570,column,0.3881,0.0,6.21,0.0
COL-B2F-2571,column,0.3881,0.0,6.21,0.0
COL-B2F-2572,column,0.3881,0.0,6.21,0.0
COL-B2F-2573,column,1.4376,0.0,9.405,0.0
COL-B2F-2574,column,0.3881,0.0,6.21,0.0
COL-B2F-2575,column,0.3881,0.0,6.21,0.0
COL-B2F-2576,column,0.3881,0.0,6.21,0.0
COL-B2F-2577,column,0.3881,0.0,6.21,0.0
COL-B2F-2578,column,1.4376,0.0,9.405,0.0
COL-B2F-2579,column,0.3881,0.0,6.21,0.0
COL-B2F-2580,column,0.3881,0.0,6.21,0.0
COL-B2F-2581,column,0.3881,0.0,6.21,0.0
COL-B2F-2582,column,0.3881,0.0,6.21,0.0
COL-B2F-2583,column,0.3881,0.0,6.21,0.0
COL-B2F-2584,column,0.3881,0.0,6.21,0.0
COL-B2F-2585,column,1.4376,0.0,9.405,0.0
COL-B2F-2586,column,0.3881,0.0,6.21,0.0
COL-B2F-2587,column,0.3881,0.0,6.21,0.0
COL-B2F-2588,column,1.4376,0.0,9.405,0.0
COL-B2F-2589,column,0.3881,0.0,6.21,0.0
COL-B2F-2590,column,0.3881,0.0,6.21,0.0
COL-B2F-2591,column,5.76,0.0,18.264,0.0
COL-B2F-2592,column,0.3881,0.0,6.21,0.0
COL-B2F-2593,column,0.3881,0.0,6.21,0.0
COL-B2F-2594,column,0.3881,0.0,6.21,0.0
COL-B2F-2595,column,5.76,0.0,18.264,0.0
COL-B2F-2596,column,0.3881,0.0,6.21,0.0
COL-B2F-2597,column,0.3881,0.0,6.21,0.0
COL-B2F-2598,column,0.3881,0.0,6.21,0.0
COL-B2F-2599,column,4.242,0.0,15.394,0.0
COL-B2F-2600,column,1.4934,0.0,9.08,0.0
COL-B2F-2601,column,1.0005,0.0,7.452,0.0
COL-B2F-2602,column,0.6624,0.0,6.072,0.0
COL-B2F-2603,column,0.3814,0.0,4.616,0.0
COL-B2F-2604,column,0.1339,0.0,2.719,0.0
COL-B2F-2605,column,4.242,0.0,15.394,0.0
COL-B2F-2606,column,1.4934,0.0,9.08,0.0
COL-B2F-2607,column,4.242,0.0,15.394,0.0
COL-B2F-2608,column,1.4934,0.0,9.08,0.0
COL-B2F-2609,column,1.0005,0.0,7.452,0.0
COL-B2F-2610,column,0.6624,0.0,6.072,0.0
COL-B2F-2611,column,0.3814,0.0,4.616,0.0
COL-B2F-2612,column,0.1339,0.0,2.719,0.0
COL-B2F-2613,column,4.242,0.0,15.394,0.0
COL-B2F-2614,column,1.4934,0.0,9.08,0.0
COL-B2F-2615,column,4.242,0.0,15.394,0.0
COL-B2F-2616,column,1.4934,0.0,9.08,0.0
COL-B2F-2617,column,1.0005,0.0,7.452,0.0
COL-B2F-2618,column,0.6624,0.0,6.072,0.0
COL-B2F-2619,column,0.3814,0.0,4.616,0.0
COL-B2F-2620,column,0.1339,0.0,2.719,0.0
COL-B2F-2621,column,4.242,0.0,15.394,0.0
COL-B2F-2622,column,1.4934,0.0,9.08,0.0
COL-B2F-2623,column,4.242,0.0,15.394,0.0
COL-B2F-2624,column,1.4934,0.0,9.08,0.0
COL-B2F-2625,column,1.0005,0.0,7.452,0.0
COL-B2F-2626,column,0.6624,0.0,6.072,0.0
COL-B2F-2627,column,0.3814,0.0,4.616,0.0
COL-B2F-2628,column,0.1339,0.0,2.719,0.0
COL-B2F-2629,column,4.242,0.0,15.394,0.0
COL-B2F-2630,column,1.4934,0.0,9.08,0.0
COL-B2F-2631,column,4.242,0.0,15.394,0.0
COL-B2F-2632,column,1.4934,0.0,9.08,0.0
COL-B2F-2633,column,1.0005,0.0,7.452,0.0
COL-B2F-2634,column,0.6624,0.0,6.072,0.0
COL-B2F-2635,column,0.3814,0.0,4.616,0.0
COL-B2F-2636,column,0.1339,0.0,2.719,0.0
COL-B2F-2637,column,4.242,0.0,15.394,0.0
COL-B2F-2638,column,1.4934,0.0,9.08,0.0
COL-B2F-2639,column,4.242,0.0,15.394,0.0
COL-B2F-2640,column,1.4934,0.0,9.08,0.0
COL-B2F-2641,column,1.0005,0.0,7.452,0.0
COL-B2F-2642,column,0.6624,0.0,6.072,0.0
COL-B2F-2643,column,0.3814,0.0,4.616,0.0
COL-B2F-2644,column,0.1339,0.0,2.719,0.0
COL-B2F-2645,column,4.242,0.0,15.394,0.0
COL-B2F-2646,column,1.4934,0.0,9.08,0.0
COL-B2F-2647,column,0.3881,0.0,6.21,0.0
COL-B2F-2648,column,0.3881,0.0,6.21,0.0
COL-B2F-2649,column,1.4376,0.0,9.405,0.0
COL-B2F-2650,column,4.242,0.0,15.394,0.0
COL-B2F-2651,column,1.4934,0.0,9.08,0.0
COL-B2F-2652,column,1.0005,0.0,7.452,0.0
COL-B2F-2653,column,0.6624,0.0,6.072,0.0
COL-B2F-2654,column,0.3814,0.0,4.616,0.0
COL-B2F-2655,column,0.1339,0.0,2.719,0.0
COL-B2F-2656,column,4.242,0.0,15.394,0.0
COL-B2F-2657,column,1.4934,0.0,9.08,0.0
COL-B2F-2658,column,0.3881,0.0,6.21,0.0
COL-B2F-2659,column,0.3881,0.0,6.21,0.0
COL-B2F-2660,column,4.242,0.0,15.394,0.0
COL-B2F-2661,column,1.4934,0.0,9.08,0.0
COL-B2F-2662,column,1.0005,0.0,7.452,0.0
COL-B2F-2663,column,0.6624,0.0,6.072,0.0
COL-B2F-2664,column,0.3814,0.0,4.616,0.0
COL-B2F-2665,column,0.1339,0.0,2.719,0.0
COL-B2F-2666,column,4.242,0.0,15.394,0.0
COL-B2F-2667,column,1.4934,0.0,9.08,0.0
COL-B2F-2668,column,0.3881,0.0,6.21,0.0
COL-B2F-2669,column,0.3881,0.0,6.21,0.0
COL-B2F-2670,column,0.3881,0.0,6.21,0.0
COL-B2F-2671,column,0.3881,0.0,6.21,0.0
COL-B2F-2672,column,0.3881,0.0,6.21,0.0
COL-B2F-2673,column,0.3881,0.0,6.21,0.0
COL-B2F-2674,column,0.3105,0.0,5.175,0.0
COL-B2F-2675,column,0.3105,0.0,5.175,0.0
COL-B2F-2676,column,0.3881,0.0,6.21,0.0
COL-B2F-2677,column,0.3881,0.0,6.21,0.0
COL-B2F-2678,column,1.4376,0.0,9.405,0.0
COL-B2F-2679,column,0.3881,0.0,6.21,0.0
COL-B2F-2680,column,0.3881,0.0,6.21,0.0
COL-B2F-2681,column,0.3881,0.0,6.21,0.0
COL-B2F-2682,column,0.3881,0.0,6.21,0.0
COL-B2F-2683,column,1.4376,0.0,9.405,0.0
COL-B2F-2684,column,0.3881,0.0,6.21,0.0
COL-B2F-2685,column,0.3881,0.0,6.21,0.0
COL-B2F-2686,column,1.4376,0.0,9.405,0.0
COL-B2F-2687,column,0.3881,0.0,6.21,0.0
COL-B2F-2688,column,0.3881,0.0,6.21,0.0
COL-B2F-2689,column,0.3881,0.0,6.21,0.0
COL-B2F-2690,column,0.3881,0.0,6.21,0.0
COL-B2F-2691,column,0.3881,0.0,6.21,0.0
COL-B2F-2692,column,0.3881,0.0,6.21,0.0
COL-B2F-2693,column,1.4376,0.0,9.405,0.0
COL-B2F-2694,column,0.3881,0.0,6.21,0.0
COL-B2F-2695,column,0.3881,0.0,6.21,0.0
COL-B2F-2696,column,0.3881,0.0,6.21,0.0
COL-B2F-2697,column,0.3881,0.0,6.21,0.0
COL-B2F-2698,column,1.4376,0.0,9.405,0.0
COL-B2F-2699,column,0.3881,0.0,6.21,0.0
COL-B2F-2700,column,0.3881,0.0,6.21,0.0
COL-B2F-2701,column,1.4376,0.0,9.405,0.0
COL-B2F-2702,column,0.3881,0.0,6.21,0.0
COL-B2F-2703,column,0.3881,0.0,6.21,0.0
COL-B2F-2704,column,1.4376,0.0,9.405,0.0
COL-B2F-2705,column,0.3881,0.0,6.21,0.0
COL-B2F-2706,column,0.3881,0.0,6.21,0.0
COL-B2F-2707,column,1.4376,0.0,9.405,0.0
COL-B2F-2708,column,0.3881,0.0,6.21,0.0
COL-B2F-2709,column,0.3881,0.0,6.21,0.0
COL-B2F-2710,column,1.4376,0.0,9.405,0.0
COL-B2F-2711,column,0.3881,0.0,6.21,0.0
COL-B2F-2712,column,0.3881,0.0,6.21,0.0
COL-B2F-2713,column,1.4376,0.0,9.405,0.0
COL-B2F-2714,column,0.3881,0.0,6.21,0.0
COL-B2F-2715,column,0.3881,0.0,6.21,0.0
COL-B2F-2716,column,1.4376,0.0,9.405,0.0
COL-B2F-2717,column,0.3881,0.0,6.21,0.0
COL-B2F-2718,column,0.3881,0.0,6.21,0.0
COL-B2F-2719,column,0.3881,0.0,6.21,0.0
COL-B2F-2720,column,0.3881,0.0,6.21,0.0
COL-B2F-2721,column,4.242,0.0,15.394,0.0
COL-B2F-2722,column,1.4934,0.0,9.08,0.0
COL-B2F-2723,column,1.0005,0.0,7.452,0.0
COL-B2F-2724,column,0.6624,0.0,6.072,0.0
COL-B2F-2725,column,0.3814,0.0,4.616,0.0
COL-B2F-2726,column,0.1339,0.0,2.719,0.0
COL-B2F-2727,column,4.242,0.0,15.394,0.0
COL-B2F-2728,column,1.4934,0.0,9.08,0.0
COL-B2F-2729,column,0.3881,0.0,6.21,0.0
COL-B2F-2730,column,0.3881,0.0,6.21,0.0
COL-B2F-2731,column,1.4376,0.0,9.405,0.0
COL-B2F-2732,column,0.3881,0.0,6.21,0.0
COL-B2F-2733,column,0.3881,0.0,6.21,0.0
COL-B2F-2734,column,0.3881,0.0,6.21,0.0
COL-B2F-2735,column,0.3881,0.0,6.21,0.0
COL-B2F-2736,column,1.4376,0.0,9.405,0.0
COL-B2F-2737,column,4.242,0.0,15.394,0.0
COL-B2F-2738,column,1.4934,0.0,9.08,0.0
COL-B2F-2739,column,1.0005,0.0,7.452,0.0
COL-B2F-2740,column,0.6624,0.0,6.072,0.0
COL-B2F-2741,column,0.3814,0.0,4.616,0.0
COL-B2F-2742,column,0.1339,0.0,2.719,0.0
COL-B2F-2743,column,4.242,0.0,15.394,0.0
COL-B2F-2744,column,1.4934,0.0,9.08,0.0
COL-B2F-2745,column,0.3881,0.0,6.21,0.0
COL-B2F-2746,column,0.3881,0.0,6.21,0.0
COL-B2F-2747,column,0.3881,0.0,6.21,0.0
COL-B2F-2748,column,0.3881,0.0,6.21,0.0
COL-B2F-2749,column,5.76,0.0,18.264,0.0
COL-B2F-2750,column,0.3881,0.0,6.21,0.0
COL-B2F-2751,column,0.3881,0.0,6.21,0.0
COL-B2F-2752,column,0.3881,0.0,6.21,0.0
COL-B2F-2753,column,5.76,0.0,18.264,0.0
COL-B2F-2754,column,0.3881,0.0,6.21,0.0
COL-B2F-2755,column,0.3881,0.0,6.21,0.0
COL-B2F-2756,column,0.3881,0.0,6.21,0.0
COL-B2F-2757,column,5.76,0.0,18.264,0.0
COL-B2F-2758,column,0.3881,0.0,6.21,0.0
COL-B2F-2759,column,0.3881,0.0,6.21,0.0
COL-B2F-2760,column,0.3881,0.0,6.21,0.0
COL-B2F-2761,column,5.76,0.0,18.264,0.0
COL-B2F-2762,column,0.3881,0.0,6.21,0.0
COL-B2F-2763,column,0.3881,0.0,6.21,0.0
COL-B2F-2764,column,0.3881,0.0,6.21,0.0
COL-B2F-2765,column,5.76,0.0,18.264,0.0
COL-B2F-2766,column,0.3881,0.0,6.21,0.0
COL-B2F-2767,column,0.3881,0.0,6.21,0.0
COL-B2F-2768,column,0.3881,0.0,6.21,0.0
COL-B2F-2769,column,5.76,0.0,18.264,0.0
COL-B2F-2770,column,0.3881,0.0,6.21,0.0
COL-B2F-2771,column,0.3881,0.0,6.21,0.0
COL-B2F-2772,column,0.3881,0.0,6.21,0.0
COL-B2F-2773,column,5.76,0.0,18.264,0.0
COL-B2F-2774,column,0.3881,0.0,6.21,0.0
COL-B2F-2775,column,0.3881,0.0,6.21,0.0
COL-B2F-2776,column,0.3881,0.0,6.21,0.0
COL-B2F-2777,column,5.76,0.0,18.264,0.0
COL-B2F-2778,column,0.3881,0.0,6.21,0.0
COL-B2F-2779,column,0.3881,0.0,6.21,0.0
COL-B2F-2780,column,0.3881,0.0,6.21,0.0
COL-B2F-2781,column,5.76,0.0,18.264,0.0
COL-B2F-2782,column,0.3881,0.0,6.21,0.0
COL-B2F-2783,column,0.3881,0.0,6.21,0.0
COL-B2F-2784,column,0.3881,0.0,6.21,0.0
COL-B2F-2785,column,1.4376,0.0,9.405,0.0
COL-B2F-2786,column,0.3881,0.0,6.21,0.0
COL-B2F-2787,column,0.3881,0.0,6.21,0.0
COL-B2F-2788,column,1.4376,0.0,9.405,0.0
COL-B2F-2789,column,0.3881,0.0,6.21,0.0
COL-B2F-2790,column,0.3881,0.0,6.21,0.0
COL-B2F-2791,column,0.3881,0.0,6.21,0.0
COL-B2F-2792,column,0.3881,0.0,6.21,0.0
COL-B2F-2793,column,0.3881,0.0,6.21,0.0
COL-B2F-2794,column,0.3881,0.0,6.21,0.0
COL-B2F-2795,column,1.4376,0.0,9.405,0.0
COL-B2F-2796,column,0.3881,0.0,6.21,0.0
COL-B2F-2797,column,0.3881,0.0,6.21,0.0
COL-B2F-2798,column,0.3881,0.0,6.21,0.0
COL-B2F-2799,column,0.3881,0.0,6.21,0.0
COL-B2F-2800,column,1.4376,0.0,9.405,0.0
COL-B2F-2801,column,0.3881,0.0,6.21,0.0
COL-B2F-2802,column,0.3881,0.0,6.21,0.0
COL-B2F-2803,column,1.4376,0.0,9.405,0.0
COL-B2F-2804,column,0.3881,0.0,6.21,0.0
COL-B2F-2805,column,0.3881,0.0,6.21,0.0
COL-B2F-2806,column,0.3881,0.0,6.21,0.0
COL-B2F-2807,column,0.3881,0.0,6.21,0.0
COL-B2F-2808,column,0.3881,0.0,6.21,0.0
COL-B2F-2809,column,0.3881,0.0,6.21,0.0
COL-B2F-2810,column,0.3881,0.0,6.21,0.0
COL-B2F-2811,column,0.3881,0.0,6.21,0.0
COL-B2F-2812,column,0.3881,0.0,6.21,0.0
COL-B2F-2813,column,0.3881,0.0,6.21,0.0
COL-B2F-2814,column,0.3881,0.0,6.21,0.0
COL-B2F-2815,column,0.3881,0.0,6.21,0.0
COL-B2F-2816,column,5.76,0.0,18.264,0.0
COL-B2F-2817,column,0.3881,0.0,6.21,0.0
COL-B2F-2818,column,0.3881,0.0,6.21,0.0
COL-B2F-2819,column,0.3881,0.0,6.21,0.0
COL-B2F-2820,column,5.76,0.0,18.264,0.0
COL-B2F-2821,column,0.3881,0.0,6.21,0.0
COL-B2F-2822,column,0.3881,0.0,6.21,0.0
COL-B2F-2823,column,0.3881,0.0,6.21,0.0
COL-B2F-2824,column,1.4376,0.0,9.405,0.0
COL-B2F-2825,column,0.3881,0.0,6.21,0.0
COL-B2F-2826,column,0.3881,0.0,6.21,0.0
COL-B2F-2827,column,1.4376,0.0,9.405,0.0
COL-B2F-2828,column,0.3881,0.0,6.21,0.0
COL-B2F-2829,column,0.3881,0.0,6.21,0.0
COL-B2F-2830,column,0.3881,0.0,6.21,0.0
COL-B2F-2831,column,0.3881,0.0,6.21,0.0
COL-B2F-2832,column,1.4376,0.0,9.405,0.0
COL-B2F-2833,column,0.3881,0.0,6.21,0.0
COL-B2F-2834,column,0.3881,0.0,6.21,0.0
COL-B2F-2835,column,0.3881,0.0,6.21,0.0
COL-B2F-2836,column,0.3881,0.0,6.21,0.0
COL-B2F-2837,column,0.3881,0.0,6.21,0.0
COL-B2F-2838,column,0.3881,0.0,6.21,0.0
COL-B2F-2839,column,1.4376,0.0,9.405,0.0
COL-B2F-2840,column,0.3881,0.0,6.21,0.0
COL-B2F-2841,column,0.3881,0.0,6.21,0.0
COL-B2F-2842,column,0.3881,0.0,6.21,0.0
COL-B2F-2843,column,0.3881,0.0,6.21,0.0
COL-B2F-2844,column,1.4376,0.0,9.405,0.0
COL-B2F-2845,column,0.3881,0.0,6.21,0.0
COL-B2F-2846,column,0.3881,0.0,6.21,0.0
COL-B2F-2847,column,0.3881,0.0,6.21,0.0
COL-B2F-2848,column,0.3881,0.0,6.21,0.0
COL-B2F-2849,column,0.3881,0.0,6.21,0.0
COL-B2F-2850,column,0.3881,0.0,6.21,0.0
COL-B2F-2851,column,1.4376,0.0,9.405,0.0
COL-B2F-2852,column,0.3881,0.0,6.21,0.0
COL-B2F-2853,column,0.3881,0.0,6.21,0.0
COL-B2F-2854,column,0.3881,0.0,6.21,0.0
COL-B2F-2855,column,0.3881,0.0,6.21,0.0
COL-B2F-2856,column,0.3881,0.0,6.21,0.0
COL-B2F-2857,column,0.3881,0.0,6.21,0.0
COL-B2F-2858,column,0.3881,0.0,6.21,0.0
COL-B2F-2859,column,0.3881,0.0,6.21,0.0
COL-B2F-2860,column,0.3881,0.0,6.21,0.0
COL-B2F-2861,column,0.3881,0.0,6.21,0.0
COL-B2F-2862,column,0.3881,0.0,6.21,0.0
COL-B2F-2863,column,0.3881,0.0,6.21,0.0
COL-B2F-2864,column,0.3881,0.0,6.21,0.0
COL-B2F-2865,column,0.3881,0.0,6.21,0.0
COL-B2F-2866,column,0.3881,0.0,6.21,0.0
COL-B2F-2867,column,0.3881,0.0,6.21,0.0
COL-B2F-2868,column,0.3881,0.0,6.21,0.0
COL-B2F-2869,column,0.3881,0.0,6.21,0.0
COL-B2F-2870,column,1.4376,0.0,9.405,0.0
COL-B2F-2871,column,0.3881,0.0,6.21,0.0
COL-B2F-2872,column,0.3881,0.0,6.21,0.0
COL-B2F-2873,column,0.3881,0.0,6.21,0.0
COL-B2F-2874,column,0.3881,0.0,6.21,0.0
COL-B2F-2875,column,0.3881,0.0,6.21,0.0
COL-B2F-2876,column,0.3881,0.0,6.21,0.0
COL-B2F-2877,column,0.3881,0.0,6.21,0.0
COL-B2F-2878,column,0.3881,0.0,6.21,0.0
COL-B2F-2879,column,0.3881,0.0,6.21,0.0
COL-B2F-2880,column,0.3881,0.0,6.21,0.0
COL-B2F-2881,column,1.4376,0.0,9.405,0.0
COL-B2F-2882,column,0.3881,0.0,6.21,0.0
COL-B2F-2883,column,0.3881,0.0,6.21,0.0
COL-B2F-2884,column,1.4376,0.0,9.405,0.0
COL-B2F-2885,column,0.3881,0.0,6.21,0.0
COL-B2F-2886,column,0.3881,0.0,6.21,0.0
COL-B2F-2887,column,0.3881,0.0,6.21,0.0
COL-B2F-2888,column,0.3881,0.0,6.21,0.0
COL-B2F-2889,column,0.3881,0.0,6.21,0.0
COL-B2F-2890,column,0.3881,0.0,6.21,0.0
COL-B2F-2891,column,0.3881,0.0,6.21,0.0
COL-B2F-2892,column,0.3881,0.0,6.21,0.0
COL-B2F-2893,column,0.3881,0.0,6.21,0.0
COL-B2F-2894,column,0.3881,0.0,6.21,0.0
COL-B2F-2895,column,0.3881,0.0,6.21,0.0
COL-B2F-2896,column,0.3881,0.0,6.21,0.0
COL-B2F-2897,column,0.3881,0.0,6.21,0.0
COL-B2F-2898,column,0.3881,0.0,6.21,0.0
COL-B2F-2899,column,1.4376,0.0,9.405,0.0
COL-B2F-2900,column,0.3105,0.0,5.175,0.0
COL-B2F-2901,column,0.3105,0.0,5.175,0.0
COL-B2F-2902,column,0.3881,0.0,6.21,0.0
COL-B2F-2903,column,0.3881,0.0,6.21,0.0
COL-B2F-2904,column,1.4376,0.0,9.405,0.0
COL-B2F-2905,column,0.3881,0.0,6.21,0.0
COL-B2F-2906,column,0.3881,0.0,6.21,0.0
COL-B2F-2907,column,0.3881,0.0,6.21,0.0
COL-B2F-2908,column,0.3881,0.0,6.21,0.0
COL-B2F-2909,column,0.3881,0.0,6.21,0.0
COL-B2F-2910,column,0.3881,0.0,6.21,0.0
COL-B2F-2911,column,0.3881,0.0,6.21,0.0
COL-B2F-2912,column,0.3881,0.0,6.21,0.0
COL-B2F-2913,column,0.3881,0.0,6.21,0.0
COL-B2F-2914,column,0.3881,0.0,6.21,0.0
COL-B2F-2915,column,0.3881,0.0,6.21,0.0
COL-B2F-2916,column,0.3881,0.0,6.21,0.0
COL-B2F-2917,column,0.3881,0.0,6.21,0.0
COL-B2F-2918,column,0.3881,0.0,6.21,0.0
COL-B2F-2919,column,0.3881,0.0,6.21,0.0
COL-B2F-2920,column,0.3881,0.0,6.21,0.0
COL-B2F-2921,column,0.3881,0.0,6.21,0.0
COL-B2F-2922,column,0.3881,0.0,6.21,0.0
COL-B2F-2923,column,0.3881,0.0,6.21,0.0
COL-B2F-2924,column,0.3881,0.0,6.21,0.0
COL-B2F-2925,column,0.3881,0.0,6.21,0.0
COL-B2F-2926,column,0.3881,0.0,6.21,0.0
COL-B2F-2927,column,0.3881,0.0,6.21,0.0
COL-B2F-2928,column,0.3881,0.0,6.21,0.0
COL-B2F-2929,column,0.3881,0.0,6.21,0.0
COL-B2F-2930,column,0.3881,0.0,6.21,0.0
COL-B2F-2931,column,0.3881,0.0,6.21,0.0
COL-B2F-2932,column,0.3881,0.0,6.21,0.0
COL-B2F-2933,column,0.3881,0.0,6.21,0.0
COL-B2F-2934,column,0.3881,0.0,6.21,0.0
COL-B2F-2935,column,0.3881,0.0,6.21,0.0
COL-B2F-2936,column,0.3881,0.0,6.21,0.0
COL-B2F-2937,column,0.3881,0.0,6.21,0.0
COL-B2F-2938,column,0.3881,0.0,6.21,0.0
COL-B2F-2939,column,0.3881,0.0,6.21,0.0
COL-B2F-2940,column,0.3881,0.0,6.21,0.0
COL-B2F-2941,column,0.3881,0.0,6.21,0.0
COL-B2F-2942,column,0.3881,0.0,6.21,0.0
COL-B2F-2943,column,0.3881,0.0,6.21,0.0
COL-B2F-2944,column,0.3881,0.0,6.21,0.0
COL-B2F-2945,column,0.3881,0.0,6.21,0.0
COL-B2F-2946,column,0.3881,0.0,6.21,0.0
COL-B2F-2947,column,0.3881,0.0,6.21,0.0
COL-B2F-2948,column,0.3881,0.0,6.21,0.0
COL-B2F-2949,column,0.3881,0.0,6.21,0.0
COL-B2F-2950,column,0.3881,0.0,6.21,0.0
COL-B2F-2951,column,0.3881,0.0,6.21,0.0
COL-B2F-2952,column,0.3881,0.0,6.21,0.0
COL-B2F-2953,column,0.3881,0.0,6.21,0.0
COL-B2F-2954,column,0.3881,0.0,6.21,0.0
COL-B2F-2955,column,0.3881,0.0,6.21,0.0
COL-B2F-2956,column,0.3881,0.0,6.21,0.0
COL-B2F-2957,column,0.3881,0.0,6.21,0.0
COL-B2F-2958,column,0.3881,0.0,6.21,0.0
COL-B2F-2959,column,0.3881,0.0,6.21,0.0
COL-B2F-2960,column,0.3881,0.0,6.21,0.0
COL-B2F-2961,column,0.3881,0.0,6.21,0.0
COL-B2F-2962,column,0.3881,0.0,6.21,0.0
COL-B2F-2963,column,0.3881,0.0,6.21,0.0
COL-B2F-2964,column,0.3881,0.0,6.21,0.0
COL-B2F-2965,column,0.3881,0.0,6.21,0.0
COL-B2F-2966,column,0.3881,0.0,6.21,0.0
COL-B2F-2967,column,0.3881,0.0,6.21,0.0
COL-B2F-2968,column,0.3881,0.0,6.21,0.0
COL-B2F-2969,column,0.3881,0.0,6.21,0.0
COL-B2F-2970,column,0.3881,0.0,6.21,0.0
COL-B2F-2971,column,0.3881,0.0,6.21,0.0
COL-B2F-2972,column,0.3881,0.0,6.21,0.0
COL-B2F-2973,column,0.3881,0.0,6.21,0.0
COL-B2F-2974,column,0.3881,0.0,6.21,0.0
COL-B2F-2975,column,0.3881,0.0,6.21,0.0
COL-B2F-2976,column,0.3881,0.0,6.21,0.0
COL-B2F-2977,column,1.4376,0.0,9.405,0.0
COL-B2F-2978,column,0.3881,0.0,6.21,0.0
COL-B2F-2979,column,0.3881,0.0,6.21,0.0
COL-B2F-2980,column,0.3881,0.0,6.21,0.0
COL-B2F-2981,column,0.3881,0.0,6.21,0.0
COL-B2F-2982,column,0.3881,0.0,6.21,0.0
COL-B2F-2983,column,0.3881,0.0,6.21,0.0
COL-B2F-2984,column,1.4376,0.0,9.405,0.0
COL-B2F-2985,column,0.3881,0.0,6.21,0.0
COL-B2F-2986,column,0.3881,0.0,6.21,0.0
COL-B2F-2987,column,0.3881,0.0,6.21,0.0
COL-B2F-2988,column,0.3881,0.0,6.21,0.0
COL-B2F-2989,column,0.3881,0.0,6.21,0.0
COL-B2F-2990,column,0.3881,0.0,6.21,0.0
COL-B2F-2991,column,1.4376,0.0,9.405,0.0
COL-B2F-2992,column,0.3881,0.0,6.21,0.0
COL-B2F-2993,column,0.3881,0.0,6.21,0.0
COL-B2F-2994,column,1.4376,0.0,9.405,0.0
COL-B2F-2995,column,0.3881,0.0,6.21,0.0
COL-B2F-2996,column,0.3881,0.0,6.21,0.0
COL-B2F-2997,column,5.76,0.0,18.264,0.0
COL-B2F-2998,column,0.3881,0.0,6.21,0.0
COL-B2F-2999,column,0.3881,0.0,6.21,0.0
COL-B2F-3000,column,0.3881,0.0,6.21,0.0
COL-B2F-3001,column,5.76,0.0,18.264,0.0
COL-B2F-3002,column,0.3881,0.0,6.21,0.0
COL-B2F-3003,column,0.3881,0.0,6.21,0.0
COL-B2F-3004,column,0.3881,0.0,6.21,0.0
COL-B2F-3005,column,5.76,0.0,18.264,0.0
COL-B2F-3006,column,0.3881,0.0,6.21,0.0
COL-B2F-3007,column,0.3881,0.0,6.21,0.0
COL-B2F-3008,column,0.3881,0.0,6.21,0.0
COL-B2F-3009,column,5.76,0.0,18.264,0.0
COL-B2F-3010,column,0.3881,0.0,6.21,0.0
COL-B2F-3011,column,0.3881,0.0,6.21,0.0
COL-B2F-3012,column,0.3881,0.0,6.21,0.0
COL-B2F-3013,column,5.76,0.0,18.264,0.0
COL-B2F-3014,column,0.3881,0.0,6.21,0.0
COL-B2F-3015,column,0.3881,0.0,6.21,0.0
COL-B2F-3016,column,0.3881,0.0,6.21,0.0
COL-B2F-3017,column,5.76,0.0,18.264,0.0
COL-B2F-3018,column,0.3881,0.0,6.21,0.0
COL-B2F-3019,column,0.3881,0.0,6.21,0.0
COL-B2F-3020,column,0.3881,0.0,6.21,0.0
COL-B2F-3021,column,5.76,0.0,18.264,0.0
COL-B2F-3022,column,0.3881,0.0,6.21,0.0
COL-B2F-3023,column,0.3881,0.0,6.21,0.0
COL-B2F-3024,column,0.3881,0.0,6.21,0.0
COL-B2F-3025,column,5.76,0.0,18.264,0.0
COL-B2F-3026,column,0.3881,0.0,6.21,0.0
COL-B2F-3027,column,0.3881,0.0,6.21,0.0
COL-B2F-3028,column,0.3881,0.0,6.21,0.0
COL-B2F-3029,column,5.76,0.0,18.264,0.0
COL-B2F-3030,column,0.3881,0.0,6.21,0.0
COL-B2F-3031,column,0.3881,0.0,6.21,0.0
COL-B2F-3032,column,0.3881,0.0,6.21,0.0
COL-B2F-3033,column,1.4376,0.0,9.405,0.0
COL-B2F-3034,column,0.3881,0.0,6.21,0.0
COL-B2F-3035,column,0.3881,0.0,6.21,0.0
COL-B2F-3036,column,0.3881,0.0,6.21,0.0
COL-B2F-3037,column,0.3881,0.0,6.21,0.0
COL-B2F-3038,column,1.4376,0.0,9.405,0.0
COL-B2F-3039,column,0.3881,0.0,6.21,0.0
COL-B2F-3040,column,0.3881,0.0,6.21,0.0
COL-B2F-3041,column,0.3881,0.0,6.21,0.0
COL-B2F-3042,column,0.3881,0.0,6.21,0.0
COL-B2F-3043,column,1.4376,0.0,9.405,0.0
COL-B2F-3044,column,0.3881,0.0,6.21,0.0
COL-B2F-3045,column,0.3881,0.0,6.21,0.0
COL-B2F-3046,column,1.4376,0.0,9.405,0.0
COL-B2F-3047,column,0.3881,0.0,6.21,0.0
COL-B2F-3048,column,0.3881,0.0,6.21,0.0
COL-B2F-3049,column,1.4376,0.0,9.405,0.0
COL-B2F-3050,column,0.3881,0.0,6.21,0.0
COL-B2F-3051,column,0.3881,0.0,6.21,0.0
COL-B2F-3052,column,1.4376,0.0,9.405,0.0
COL-B2F-3053,column,0.3881,0.0,6.21,0.0
COL-B2F-3054,column,0.3881,0.0,6.21,0.0
COL-B2F-3055,column,0.3881,0.0,6.21,0.0
COL-B2F-3056,column,0.3881,0.0,6.21,0.0
COL-B2F-3057,column,1.4376,0.0,9.405,0.0
COL-B2F-3058,column,0.3881,0.0,6.21,0.0
COL-B2F-3059,column,0.3881,0.0,6.21,0.0
COL-B2F-3060,column,0.3881,0.0,6.21,0.0
COL-B2F-3061,column,0.3881,0.0,6.21,0.0
COL-B2F-3062,column,0.3881,0.0,6.21,0.0
COL-B2F-3063,column,0.3881,0.0,6.21,0.0
COL-B2F-3064,column,0.3881,0.0,6.21,0.0
COL-B2F-3065,column,0.3881,0.0,6.21,0.0
COL-B2F-3066,column,0.3881,0.0,6.21,0.0
COL-B2F-3067,column,0.3881,0.0,6.21,0.0
COL-B2F-3068,column,0.3881,0.0,6.21,0.0
COL-B2F-3069,column,0.3881,0.0,6.21,0.0
COL-B2F-3070,column,0.3881,0.0,6.21,0.0
COL-B2F-3071,column,0.3881,0.0,6.21,0.0
COL-B2F-3072,column,1.4376,0.0,9.405,0.0
COL-B2F-3073,column,0.3881,0.0,6.21,0.0
COL-B2F-3074,column,0.3881,0.0,6.21,0.0
COL-B2F-3075,column,0.3881,0.0,6.21,0.0
COL-B2F-3076,column,0.3881,0.0,6.21,0.0
COL-B2F-3077,column,0.3881,0.0,6.21,0.0
COL-B2F-3078,column,0.3881,0.0,6.21,0.0
COL-B2F-3079,column,1.4376,0.0,9.405,0.0
COL-B2F-3080,column,0.3881,0.0,6.21,0.0
COL-B2F-3081,column,0.3881,0.0,6.21,0.0
COL-B2F-3082,column,0.3881,0.0,6.21,0.0
COL-B2F-3083,column,0.3881,0.0,6.21,0.0
COL-B2F-3084,column,1.4376,0.0,9.405,0.0
COL-B2F-3085,column,0.3881,0.0,6.21,0.0
COL-B2F-3086,column,0.3881,0.0,6.21,0.0
COL-B2F-3087,column,1.4376,0.0,9.405,0.0
COL-B2F-3088,column,0.3881,0.0,6.21,0.0
COL-B2F-3089,column,0.3881,0.0,6.21,0.0
COL-B2F-3090,column,0.3881,0.0,6.21,0.0
COL-B2F-3091,column,0.3881,0.0,6.21,0.0
COL-B2F-3092,column,1.4376,0.0,9.405,0.0
COL-B2F-3093,column,0.3881,0.0,6.21,0.0
COL-B2F-3094,column,0.3881,0.0,6.21,0.0
COL-B2F-3095,column,0.3881,0.0,6.21,0.0
COL-B2F-3096,column,0.3881,0.0,6.21,0.0
COL-B2F-3097,column,0.3881,0.0,6.21,0.0
COL-B2F-3098,column,0.3881,0.0,6.21,0.0
COL-B2F-3099,column,1.4376,0.0,9.405,0.0
COL-B2F-3100,column,0.3881,0.0,6.21,0.0
COL-B2F-3101,column,0.3881,0.0,6.21,0.0
COL-B2F-3102,column,0.3881,0.0,6.21,0.0
COL-B2F-3103,column,0.3881,0.0,6.21,0.0
COL-B2F-3104,column,1.4376,0.0,9.405,0.0
COL-B2F-3105,column,0.3881,0.0,6.21,0.0
COL-B2F-3106,column,0.3881,0.0,6.21,0.0
COL-B2F-3107,column,1.4376,0.0,9.405,0.0
COL-B2F-3108,column,0.3881,0.0,6.21,0.0
COL-B2F-3109,column,0.3881,0.0,6.21,0.0
COL-B2F-3110,column,1.4376,0.0,9.405,0.0
COL-B2F-3111,column,0.3881,0.0,6.21,0.0
COL-B2F-3112,column,0.3881,0.0,6.21,0.0
COL-B2F-3113,column,1.4376,0.0,9.405,0.0
COL-B2F-3114,column,0.3881,0.0,6.21,0.0
COL-B2F-3115,column,0.3881,0.0,6.21,0.0
COL-B2F-3116,column,1.4376,0.0,9.405,0.0
COL-B2F-3117,column,0.3881,0.0,6.21,0.0
COL-B2F-3118,column,0.3881,0.0,6.21,0.0
COL-B2F-3119,column,1.4376,0.0,9.405,0.0
COL-B2F-3120,column,0.3881,0.0,6.21,0.0
COL-B2F-3121,column,0.3881,0.0,6.21,0.0
COL-B2F-3122,column,1.4376,0.0,9.405,0.0
COL-B2F-3123,column,0.3881,0.0,6.21,0.0
COL-B2F-3124,column,0.3881,0.0,6.21,0.0
COL-B2F-3125,column,0.3881,0.0,6.21,0.0
COL-B2F-3126,column,0.3881,0.0,6.21,0.0
COL-B2F-3127,column,0.3881,0.0,6.21,0.0
COL-B2F-3128,column,0.3881,0.0,6.21,0.0
COL-B2F-3129,column,1.4376,0.0,9.405,0.0
COL-B2F-3130,column,0.3881,0.0,6.21,0.0
COL-B2F-3131,column,0.3881,0.0,6.21,0.0
COL-B2F-3132,column,1.4376,0.0,9.405,0.0
COL-B2F-3133,column,0.3881,0.0,6.21,0.0
COL-B2F-3134,column,0.3881,0.0,6.21,0.0
COL-B2F-3135,column,1.4376,0.0,9.405,0.0
COL-B2F-3136,column,0.3881,0.0,6.21,0.0
COL-B2F-3137,column,0.3881,0.0,6.21,0.0
COL-B2F-3138,column,1.4376,0.0,9.405,0.0
COL-B2F-3139,column,0.3881,0.0,6.21,0.0
COL-B2F-3140,column,0.3881,0.0,6.21,0.0
COL-B2F-3141,column,1.4376,0.0,9.405,0.0
COL-B2F-3142,column,0.3881,0.0,6.21,0.0
COL-B2F-3143,column,0.3881,0.0,6.21,0.0
COL-B2F-3144,column,1.4376,0.0,9.405,0.0
COL-B2F-3145,column,0.3881,0.0,6.21,0.0
COL-B2F-3146,column,0.3881,0.0,6.21,0.0
COL-B2F-3147,column,1.4376,0.0,9.405,0.0
COL-B2F-3148,column,0.3881,0.0,6.21,0.0
COL-B2F-3149,column,0.3881,0.0,6.21,0.0
COL-B2F-3150,column,5.76,0.0,18.264,0.0
COL-B2F-3151,column,0.3881,0.0,6.21,0.0
COL-B2F-3152,column,0.3881,0.0,6.21,0.0
COL-B2F-3153,column,0.3881,0.0,6.21,0.0
COL-B2F-3154,column,5.76,0.0,18.264,0.0
COL-B2F-3155,column,0.3881,0.0,6.21,0.0
COL-B2F-3156,column,0.3881,0.0,6.21,0.0
COL-B2F-3157,column,0.3881,0.0,6.21,0.0
COL-B2F-3158,column,5.76,0.0,18.264,0.0
COL-B2F-3159,column,0.3881,0.0,6.21,0.0
COL-B2F-3160,column,0.3881,0.0,6.21,0.0
COL-B2F-3161,column,0.3881,0.0,6.21,0.0
COL-B2F-3162,column,1.4376,0.0,9.405,0.0
COL-B2F-3163,column,0.3881,0.0,6.21,0.0
COL-B2F-3164,column,0.3881,0.0,6.21,0.0
COL-B2F-3165,column,1.4376,0.0,9.405,0.0
COL-B2F-3166,column,0.3105,0.0,5.175,0.0
COL-B2F-3167,column,0.3105,0.0,5.175,0.0
COL-B2F-3168,column,0.3105,0.0,5.175,0.0
COL-B2F-3169,column,0.3105,0.0,5.175,0.0
COL-B2F-3170,column,0.3881,0.0,6.21,0.0
COL-B2F-3171,column,0.3881,0.0,6.21,0.0
COL-B2F-3172,column,1.4376,0.0,9.405,0.0
COL-B2F-3173,column,0.3881,0.0,6.21,0.0
COL-B2F-3174,column,0.3881,0.0,6.21,0.0
COL-B2F-3175,column,5.76,0.0,18.264,0.0
COL-B2F-3176,column,0.3881,0.0,6.21,0.0
COL-B2F-3177,column,0.3881,0.0,6.21,0.0
COL-B2F-3178,column,0.3881,0.0,6.21,0.0
COL-B2F-3179,column,5.76,0.0,18.264,0.0
COL-B2F-3180,column,0.3881,0.0,6.21,0.0
COL-B2F-3181,column,0.3881,0.0,6.21,0.0
COL-B2F-3182,column,0.3881,0.0,6.21,0.0
COL-B2F-3183,column,5.76,0.0,18.264,0.0
COL-B2F-3184,column,0.3881,0.0,6.21,0.0
COL-B2F-3185,column,0.3881,0.0,6.21,0.0
COL-B2F-3186,column,0.3881,0.0,6.21,0.0
COL-B2F-3187,column,5.76,0.0,18.264,0.0
COL-B2F-3188,column,0.3881,0.0,6.21,0.0
COL-B2F-3189,column,0.3881,0.0,6.21,0.0
COL-B2F-3190,column,0.3881,0.0,6.21,0.0
COL-B2F-3191,column,5.76,0.0,18.264,0.0
COL-B2F-3192,column,0.3881,0.0,6.21,0.0
COL-B2F-3193,column,0.3881,0.0,6.21,0.0
COL-B2F-3194,column,0.3881,0.0,6.21,0.0
COL-B2F-3195,column,5.76,0.0,18.264,0.0
COL-B2F-3196,column,0.3881,0.0,6.21,0.0
COL-B2F-3197,column,0.3881,0.0,6.21,0.0
COL-B2F-3198,column,0.3881,0.0,6.21,0.0
COL-B2F-3199,column,5.76,0.0,18.264,0.0
COL-B2F-3200,column,0.3881,0.0,6.21,0.0
COL-B2F-3201,column,0.3881,0.0,6.21,0.0
COL-B2F-3202,column,0.3881,0.0,6.21,0.0
COL-B2F-3203,column,5.76,0.0,18.264,0.0
COL-B2F-3204,column,0.3881,0.0,6.21,0.0
COL-B2F-3205,column,0.3881,0.0,6.21,0.0
COL-B2F-3206,column,0.3881,0.0,6.21,0.0
COL-B2F-3207,column,1.4376,0.0,9.405,0.0
COL-B2F-3208,column,0.3881,0.0,6.21,0.0
COL-B2F-3209,column,0.3881,0.0,6.21,0.0
COL-B2F-3210,column,0.3881,0.0,6.21,0.0
COL-B2F-3211,column,0.3881,0.0,6.21,0.0
COL-B2F-3212,column,1.4376,0.0,9.405,0.0
COL-B2F-3213,column,0.3105,0.0,5.175,0.0
COL-B2F-3214,column,0.3105,0.0,5.175,0.0
COL-B2F-3215,column,0.3881,0.0,6.21,0.0
COL-B2F-3216,column,0.3881,0.0,6.21,0.0
COL-B2F-3217,column,0.3881,0.0,6.21,0.0
COL-B2F-3218,column,0.3881,0.0,6.21,0.0
COL-B2F-3219,column,1.4376,0.0,9.405,0.0
COL-B2F-3220,column,0.3881,0.0,6.21,0.0
COL-B2F-3221,column,0.3881,0.0,6.21,0.0
COL-B2F-3222,column,0.3881,0.0,6.21,0.0
COL-B2F-3223,column,0.3881,0.0,6.21,0.0
COL-B2F-3224,column,0.3881,0.0,6.21,0.0
COL-B2F-3225,column,0.3881,0.0,6.21,0.0
COL-B2F-3226,column,0.3105,0.0,5.175,0.0
COL-B2F-3227,column,0.3105,0.0,5.175,0.0
COL-B2F-3228,column,0.3105,0.0,5.175,0.0
COL-B2F-3229,column,0.3105,0.0,5.175,0.0
COL-B2F-3230,column,0.3105,0.0,5.175,0.0
COL-B2F-3231,column,0.3105,0.0,5.175,0.0
COL-B2F-3232,column,0.3105,0.0,5.175,0.0
COL-B2F-3233,column,0.3105,0.0,5.175,0.0
COL-B2F-3234,column,0.3105,0.0,5.175,0.0
COL-B2F-3235,column,0.3105,0.0,5.175,0.0
COL-B2F-3236,column,0.3881,0.0,6.21,0.0
COL-B2F-3237,column,0.3881,0.0,6.21,0.0
COL-B2F-3238,column,5.76,0.0,18.264,0.0
COL-B2F-3239,column,0.3881,0.0,6.21,0.0
COL-B2F-3240,column,0.3881,0.0,6.21,0.0
COL-B2F-3241,column,0.3881,0.0,6.21,0.0
COL-B2F-3242,column,5.76,0.0,18.264,0.0
COL-B2F-3243,column,0.3881,0.0,6.21,0.0
COL-B2F-3244,column,0.3881,0.0,6.21,0.0
COL-B2F-3245,column,0.3881,0.0,6.21,0.0
COL-B2F-3246,column,1.4376,0.0,9.405,0.0
COL-B2F-3247,column,0.3881,0.0,6.21,0.0
COL-B2F-3248,column,0.3881,0.0,6.21,0.0
COL-B2F-3249,column,1.4376,0.0,9.405,0.0
COL-B2F-3250,column,0.3881,0.0,6.21,0.0
COL-B2F-3251,column,0.3881,0.0,6.21,0.0
COL-B2F-3252,column,1.4376,0.0,9.405,0.0
COL-B2F-3253,column,0.3881,0.0,6.21,0.0
COL-B2F-3254,column,0.3881,0.0,6.21,0.0
COL-B2F-3255,column,0.3881,0.0,6.21,0.0
COL-B2F-3256,column,0.3881,0.0,6.21,0.0
COL-B2F-3257,column,0.3881,0.0,6.21,0.0
COL-B2F-3258,column,0.3881,0.0,6.21,0.0
COL-B2F-3259,column,0.3881,0.0,6.21,0.0
COL-B2F-3260,column,0.3881,0.0,6.21,0.0
COL-B2F-3261,column,0.3881,0.0,6.21,0.0
COL-B2F-3262,column,0.3881,0.0,6.21,0.0
COL-B2F-3263,column,0.3881,0.0,6.21,0.0
COL-B2F-3264,column,0.3881,0.0,6.21,0.0
COL-B2F-3265,column,0.3881,0.0,6.21,0.0
COL-B2F-3266,column,0.3881,0.0,6.21,0.0
COL-B2F-3267,column,0.3881,0.0,6.21,0.0
COL-B2F-3268,column,0.3881,0.0,6.21,0.0
COL-B2F-3269,column,0.3881,0.0,6.21,0.0
COL-B2F-3270,column,0.3881,0.0,6.21,0.0
COL-B2F-3271,column,0.3881,0.0,6.21,0.0
COL-B2F-3272,column,0.3881,0.0,6.21,0.0
COL-B2F-3273,column,0.3881,0.0,6.21,0.0
COL-B2F-3274,column,0.3881,0.0,6.21,0.0
COL-B2F-3275,column,0.3881,0.0,6.21,0.0
COL-B2F-3276,column,0.3881,0.0,6.21,0.0
COL-B2F-3277,column,0.3881,0.0,6.21,0.0
COL-B2F-3278,column,0.3881,0.0,6.21,0.0
COL-B2F-3279,column,0.3881,0.0,6.21,0.0
COL-B2F-3280,column,0.3881,0.0,6.21,0.0
COL-B2F-3281,column,0.3881,0.0,6.21,0.0
COL-B2F-3282,column,0.3881,0.0,6.21,0.0
COL-B2F-3283,column,0.3881,0.0,6.21,0.0
COL-B2F-3284,column,0.3881,0.0,6.21,0.0
COL-B2F-3285,column,0.3881,0.0,6.21,0.0
COL-B2F-3286,column,0.3881,0.0,6.21,0.0
COL-B2F-3287,column,0.3881,0.0,6.21,0.0
COL-B2F-3288,column,0.3881,0.0,6.21,0.0
COL-B2F-3289,column,0.3881,0.0,6.21,0.0
COL-B2F-3290,column,0.3881,0.0,6.21,0.0
COL-B2F-3291,column,1.4376,0.0,9.405,0.0
COL-B2F-3292,column,0.3881,0.0,6.21,0.0
COL-B2F-3293,column,0.3881,0.0,6.21,0.0
COL-B2F-3294,column,0.3881,0.0,6.21,0.0
COL-B2F-3295,column,0.3881,0.0,6.21,0.0
COL-B2F-3296,column,0.3881,0.0,6.21,0.0
COL-B2F-3297,column,0.3881,0.0,6.21,0.0
COL-B2F-3298,column,1.4376,0.0,9.405,0.0
COL-B2F-3299,column,0.3881,0.0,6.21,0.0
COL-B2F-3300,column,0.3881,0.0,6.21,0.0
COL-B2F-3301,column,0.3881,0.0,6.21,0.0
COL-B2F-3302,column,0.3881,0.0,6.21,0.0
COL-B2F-3303,column,0.3881,0.0,6.21,0.0
COL-B2F-3304,column,0.3881,0.0,6.21,0.0
COL-B2F-3305,column,1.4376,0.0,9.405,0.0
COL-B2F-3306,column,0.3881,0.0,6.21,0.0
COL-B2F-3307,column,0.3881,0.0,6.21,0.0
COL-B2F-3308,column,1.4376,0.0,9.405,0.0
COL-B2F-3309,column,0.3881,0.0,6.21,0.0
COL-B2F-3310,column,0.3881,0.0,6.21,0.0
COL-B2F-3311,column,1.4376,0.0,9.405,0.0
COL-B2F-3312,column,0.3881,0.0,6.21,0.0
COL-B2F-3313,column,0.3881,0.0,6.21,0.0
COL-B2F-3314,column,1.4376,0.0,9.405,0.0
COL-B2F-3315,column,0.3881,0.0,6.21,0.0
COL-B2F-3316,column,0.3881,0.0,6.21,0.0
COL-B2F-3317,column,0.3881,0.0,6.21,0.0
COL-B2F-3318,column,0.3881,0.0,6.21,0.0
COL-B2F-3319,column,0.3881,0.0,6.21,0.0
COL-B2F-3320,column,0.3881,0.0,6.21,0.0
COL-B2F-3321,column,0.3881,0.0,6.21,0.0
COL-B2F-3322,column,0.3881,0.0,6.21,0.0
COL-B2F-3323,column,1.4376,0.0,9.405,0.0
COL-B2F-3324,column,0.3881,0.0,6.21,0.0
COL-B2F-3325,column,0.3881,0.0,6.21,0.0
COL-B2F-3326,column,0.3881,0.0,6.21,0.0
COL-B2F-3327,column,0.3881,0.0,6.21,0.0
COL-B2F-3328,column,0.3881,0.0,6.21,0.0
COL-B2F-3329,column,0.3881,0.0,6.21,0.0
COL-B2F-3330,column,0.3881,0.0,6.21,0.0
COL-B2F-3331,column,0.3881,0.0,6.21,0.0
COL-B2F-3332,column,0.3881,0.0,6.21,0.0
COL-B2F-3333,column,0.3881,0.0,6.21,0.0
COL-B2F-3334,column,0.3881,0.0,6.21,0.0
COL-B2F-3335,column,0.3881,0.0,6.21,0.0
COL-B2F-3336,column,0.3881,0.0,6.21,0.0
COL-B2F-3337,column,0.3881,0.0,6.21,0.0
COL-B2F-3338,column,0.3881,0.0,6.21,0.0
COL-B2F-3339,column,0.3881,0.0,6.21,0.0
COL-B2F-3340,column,0.3881,0.0,6.21,0.0
COL-B2F-3341,column,0.3881,0.0,6.21,0.0
COL-B2F-3342,column,0.3881,0.0,6.21,0.0
COL-B2F-3343,column,0.3881,0.0,6.21,0.0
COL-B2F-3344,column,0.3881,0.0,6.21,0.0
COL-B2F-3345,column,0.3881,0.0,6.21,0.0
COL-B2F-3346,column,0.3881,0.0,6.21,0.0
COL-B2F-3347,column,0.3881,0.0,6.21,0.0
COL-B2F-3348,column,0.3881,0.0,6.21,0.0
COL-B2F-3349,column,0.3881,0.0,6.21,0.0
COL-B2F-3350,column,0.3881,0.0,6.21,0.0
COL-B2F-3351,column,0.3881,0.0,6.21,0.0
COL-B2F-3352,column,0.3881,0.0,6.21,0.0
COL-B2F-3353,column,0.3881,0.0,6.21,0.0
COL-B2F-3354,column,0.3881,0.0,6.21,0.0
COL-B2F-3355,column,0.3881,0.0,6.21,0.0
COL-B2F-3356,column,0.3881,0.0,6.21,0.0
COL-B2F-3357,column,0.3881,0.0,6.21,0.0
COL-B2F-3358,column,0.3881,0.0,6.21,0.0
COL-B2F-3359,column,0.3881,0.0,6.21,0.0
COL-B2F-3360,column,0.3881,0.0,6.21,0.0
COL-B2F-3361,column,0.3881,0.0,6.21,0.0
COL-B2F-3362,column,0.3881,0.0,6.21,0.0
COL-B2F-3363,column,0.3881,0.0,6.21,0.0
COL-B2F-3364,column,0.3881,0.0,6.21,0.0
COL-B2F-3365,column,0.3881,0.0,6.21,0.0
COL-B2F-3366,column,0.3881,0.0,6.21,0.0
COL-B2F-3367,column,0.3881,0.0,6.21,0.0
COL-B2F-3368,column,0.3881,0.0,6.21,0.0
COL-B2F-3369,column,0.3881,0.0,6.21,0.0
COL-B2F-3370,column,0.3881,0.0,6.21,0.0
COL-B2F-3371,column,0.3881,0.0,6.21,0.0
COL-B2F-3372,column,0.3881,0.0,6.21,0.0
COL-B2F-3373,column,0.3881,0.0,6.21,0.0
COL-B2F-3374,column,0.3881,0.0,6.21,0.0
COL-B2F-3375,column,0.3881,0.0,6.21,0.0
COL-B2F-3376,column,0.3881,0.0,6.21,0.0
COL-B2F-3377,column,0.3881,0.0,6.21,0.0
COL-B2F-3378,column,0.3881,0.0,6.21,0.0
COL-B2F-3379,column,0.3881,0.0,6.21,0.0
COL-B2F-3380,column,0.3881,0.0,6.21,0.0
COL-B2F-3381,column,0.3881,0.0,6.21,0.0
COL-B2F-3382,column,0.3881,0.0,6.21,0.0
COL-B2F-3383,column,0.3881,0.0,6.21,0.0
COL-B2F-3384,column,0.3881,0.0,6.21,0.0
COL-B2F-3385,column,0.3881,0.0,6.21,0.0
COL-B2F-3386,column,0.3881,0.0,6.21,0.0
COL-B2F-3387,column,0.3881,0.0,6.21,0.0
COL-B2F-3388,column,0.3881,0.0,6.21,0.0
COL-B2F-3389,column,0.3881,0.0,6.21,0.0
COL-B2F-3390,column,0.3881,0.0,6.21,0.0
COL-B2F-3391,column,0.3881,0.0,6.21,0.0
COL-B2F-3392,column,0.3881,0.0,6.21,0.0
COL-B2F-3393,column,0.3881,0.0,6.21,0.0
COL-B2F-3394,column,0.3881,0.0,6.21,0.0
COL-B2F-3395,column,0.3881,0.0,6.21,0.0
COL-B2F-3396,column,0.3881,0.0,6.21,0.0
COL-B2F-3397,column,0.3881,0.0,6.21,0.0
COL-B2F-3398,column,0.3881,0.0,6.21,0.0
COL-B2F-3399,column,0.3881,0.0,6.21,0.0
COL-B2F-3400,column,0.3881,0.0,6.21,0.0
COL-B2F-3401,column,0.3881,0.0,6.21,0.0
COL-B2F-3402,column,0.3881,0.0,6.21,0.0
COL-B2F-3403,column,0.3881,0.0,6.21,0.0
COL-B2F-3404,column,1.4376,0.0,9.405,0.0
COL-B2F-3405,column,0.3881,0.0,6.21,0.0
COL-B2F-3406,column,0.3881,0.0,6.21,0.0
COL-B2F-3407,column,1.4376,0.0,9.405,0.0
COL-B2F-3408,column,0.3881,0.0,6.21,0.0
COL-B2F-3409,column,0.3881,0.0,6.21,0.0
COL-B2F-3410,column,1.4376,0.0,9.405,0.0
COL-B2F-3411,column,0.3881,0.0,6.21,0.0
COL-B2F-3412,column,0.3881,0.0,6.21,0.0
COL-B2F-3413,column,0.3881,0.0,6.21,0.0
COL-B2F-3414,column,0.3881,0.0,6.21,0.0
COL-B2F-3415,column,0.3881,0.0,6.21,0.0
COL-B2F-3416,column,0.3881,0.0,6.21,0.0
COL-B2F-3417,column,1.4376,0.0,9.405,0.0
COL-B2F-3418,column,0.3881,0.0,6.21,0.0
COL-B2F-3419,column,0.3881,0.0,6.21,0.0
COL-B2F-3420,column,1.4376,0.0,9.405,0.0
COL-B2F-3421,column,0.3881,0.0,6.21,0.0
COL-B2F-3422,column,0.3881,0.0,6.21,0.0
COL-B2F-3423,column,1.4376,0.0,9.405,0.0
COL-B2F-3424,column,0.3881,0.0,6.21,0.0
COL-B2F-3425,column,0.3881,0.0,6.21,0.0
COL-B2F-3426,column,1.4376,0.0,9.405,0.0
COL-B2F-3427,column,0.3881,0.0,6.21,0.0
COL-B2F-3428,column,0.3881,0.0,6.21,0.0
COL-B2F-3429,column,1.4376,0.0,9.405,0.0
COL-B2F-3430,column,0.3881,0.0,6.21,0.0
COL-B2F-3431,column,0.3881,0.0,6.21,0.0
COL-B2F-3432,column,0.3881,0.0,6.21,0.0
COL-B2F-3433,column,0.3881,0.0,6.21,0.0
COL-B2F-3434,column,0.3881,0.0,6.21,0.0
COL-B2F-3435,column,0.3881,0.0,6.21,0.0
COL-B2F-3436,column,0.3881,0.0,6.21,0.0
COL-B2F-3437,column,0.3881,0.0,6.21,0.0
COL-B2F-3438,column,0.3881,0.0,6.21,0.0
COL-B2F-3439,column,0.3881,0.0,6.21,0.0
COL-B2F-3440,column,0.3105,0.0,5.175,0.0
COL-B2F-3441,column,0.3105,0.0,5.175,0.0
COL-B2F-3442,column,0.3881,0.0,6.21,0.0
COL-B2F-3443,column,0.3881,0.0,6.21,0.0
COL-B2F-3444,column,0.3881,0.0,6.21,0.0
COL-B2F-3445,column,0.3881,0.0,6.21,0.0
COL-B2F-3446,column,0.3881,0.0,6.21,0.0
COL-B2F-3447,column,0.3881,0.0,6.21,0.0
COL-B2F-3448,column,1.4376,0.0,9.405,0.0
COL-B2F-3449,column,0.3881,0.0,6.21,0.0
COL-B2F-3450,column,0.3881,0.0,6.21,0.0
COL-B2F-3451,column,0.3881,0.0,6.21,0.0
COL-B2F-3452,column,0.3881,0.0,6.21,0.0
COL-B2F-3453,column,0.3881,0.0,6.21,0.0
COL-B2F-3454,column,0.3881,0.0,6.21,0.0
COL-B2F-3455,column,0.3881,0.0,6.21,0.0
COL-B2F-3456,column,0.3881,0.0,6.21,0.0
COL-B2F-3457,column,0.3881,0.0,6.21,0.0
COL-B2F-3458,column,0.3881,0.0,6.21,0.0
COL-B2F-3459,column,0.3881,0.0,6.21,0.0
COL-B2F-3460,column,0.3881,0.0,6.21,0.0
COL-B2F-3461,column,0.3881,0.0,6.21,0.0
COL-B2F-3462,column,0.3881,0.0,6.21,0.0
COL-B2F-3463,column,1.4376,0.0,9.405,0.0
COL-B2F-3464,column,0.3881,0.0,6.21,0.0
COL-B2F-3465,column,0.3881,0.0,6.21,0.0
COL-B2F-3466,column,1.4376,0.0,9.405,0.0
COL-B2F-3467,column,0.3881,0.0,6.21,0.0
COL-B2F-3468,column,0.3881,0.0,6.21,0.0
COL-B2F-3469,column,1.4376,0.0,9.405,0.0
COL-B2F-3470,column,0.3105,0.0,5.175,0.0
COL-B2F-3471,column,0.3105,0.0,5.175,0.0
COL-B2F-3472,column,4.242,0.0,15.394,0.0
COL-B2F-3473,column,1.4934,0.0,9.08,0.0
COL-B2F-3474,column,1.0005,0.0,7.452,0.0
COL-B2F-3475,column,0.6624,0.0,6.072,0.0
COL-B2F-3476,column,0.3814,0.0,4.616,0.0
COL-B2F-3477,column,0.1339,0.0,2.719,0.0
COL-B2F-3478,column,4.242,0.0,15.394,0.0
COL-B2F-3479,column,1.4934,0.0,9.08,0.0
COL-B2F-3480,column,0.3881,0.0,6.21,0.0
COL-B2F-3481,column,0.3881,0.0,6.21,0.0
COL-B2F-3482,column,1.4376,0.0,9.405,0.0
COL-B2F-3483,column,0.3105,0.0,5.175,0.0
COL-B2F-3484,column,0.3105,0.0,5.175,0.0
COL-B2F-3485,column,0.3881,0.0,6.21,0.0
COL-B2F-3486,column,0.3881,0.0,6.21,0.0
COL-B2F-3487,column,1.4376,0.0,9.405,0.0
COL-B2F-3488,column,0.3881,0.0,6.21,0.0
COL-B2F-3489,column,0.3881,0.0,6.21,0.0
COL-B2F-3490,column,1.4376,0.0,9.405,0.0
COL-B2F-3491,column,0.3881,0.0,6.21,0.0
COL-B2F-3492,column,0.3881,0.0,6.21,0.0
COL-B2F-3493,column,1.4376,0.0,9.405,0.0
COL-B2F-3494,column,0.3881,0.0,6.21,0.0
COL-B2F-3495,column,0.3881,0.0,6.21,0.0
COL-B2F-3496,column,0.3881,0.0,6.21,0.0
COL-B2F-3497,column,0.3881,0.0,6.21,0.0
COL-B2F-3498,column,1.4376,0.0,9.405,0.0
COL-B2F-3499,column,0.3881,0.0,6.21,0.0
COL-B2F-3500,column,0.3881,0.0,6.21,0.0
COL-B2F-3501,column,1.4376,0.0,9.405,0.0
COL-B2F-3502,column,0.3881,0.0,6.21,0.0
COL-B2F-3503,column,0.3881,0.0,6.21,0.0
COL-B2F-3504,column,0.3881,0.0,6.21,0.0
COL-B2F-3505,column,0.3881,0.0,6.21,0.0
COL-B2F-3506,column,0.3881,0.0,6.21,0.0
COL-B2F-3507,column,0.3881,0.0,6.21,0.0
COL-B2F-3508,column,1.4376,0.0,9.405,0.0
COL-B2F-3509,column,0.3105,0.0,5.175,0.0
COL-B2F-3510,column,0.3105,0.0,5.175,0.0
COL-B2F-3511,column,0.3105,0.0,5.175,0.0
COL-B2F-3512,column,0.3105,0.0,5.175,0.0
COL-B2F-3513,column,0.3881,0.0,6.21,0.0
COL-B2F-3514,column,0.3881,0.0,6.21,0.0
COL-B2F-3515,column,1.4376,0.0,9.405,0.0
COL-B2F-3516,column,0.3881,0.0,6.21,0.0
COL-B2F-3517,column,0.3881,0.0,6.21,0.0
COL-B2F-3518,column,0.3881,0.0,6.21,0.0
COL-B2F-3519,column,0.3881,0.0,6.21,0.0
COL-B2F-3520,column,1.4376,0.0,9.405,0.0
COL-B2F-3521,column,0.3881,0.0,6.21,0.0
COL-B2F-3522,column,0.3881,0.0,6.21,0.0
COL-B2F-3523,column,0.3881,0.0,6.21,0.0
COL-B2F-3524,column,0.3881,0.0,6.21,0.0
COL-B2F-3525,column,1.4376,0.0,9.405,0.0
COL-B2F-3526,column,0.3881,0.0,6.21,0.0
COL-B2F-3527,column,0.3881,0.0,6.21,0.0
COL-B2F-3528,column,0.3881,0.0,6.21,0.0
COL-B2F-3529,column,0.3881,0.0,6.21,0.0
COL-B2F-3530,column,0.3881,0.0,6.21,0.0
COL-B2F-3531,column,0.3881,0.0,6.21,0.0
COL-B2F-3532,column,1.4376,0.0,9.405,0.0
COL-B2F-3533,column,0.3881,0.0,6.21,0.0
COL-B2F-3534,column,0.3881,0.0,6.21,0.0
COL-B2F-3535,column,1.4376,0.0,9.405,0.0
COL-B2F-3536,column,0.3881,0.0,6.21,0.0
COL-B2F-3537,column,0.3881,0.0,6.21,0.0
COL-B2F-3538,column,1.4376,0.0,9.405,0.0
COL-B2F-3539,column,0.3881,0.0,6.21,0.0
COL-B2F-3540,column,0.3881,0.0,6.21,0.0
COL-B2F-3541,column,1.4376,0.0,9.405,0.0
COL-B2F-3542,column,0.3881,0.0,6.21,0.0
COL-B2F-3543,column,0.3881,0.0,6.21,0.0
COL-B2F-3544,column,0.3881,0.0,6.21,0.0
COL-B2F-3545,column,0.3881,0.0,6.21,0.0
COL-B2F-3546,column,0.3105,0.0,5.175,0.0
COL-B2F-3547,column,0.3105,0.0,5.175,0.0
COL-B2F-3548,column,0.3105,0.0,5.175,0.0
COL-B2F-3549,column,0.3105,0.0,5.175,0.0
COL-B2F-3550,column,0.3881,0.0,6.21,0.0
COL-B2F-3551,column,0.3881,0.0,6.21,0.0
COL-B2F-3552,column,1.4376,0.0,9.405,0.0
COL-B2F-3553,column,0.3881,0.0,6.21,0.0
COL-B2F-3554,column,0.3881,0.0,6.21,0.0
COL-B2F-3555,column,0.3881,0.0,6.21,0.0
COL-B2F-3556,column,0.3881,0.0,6.21,0.0
COL-B2F-3557,column,0.3881,0.0,6.21,0.0
COL-B2F-3558,column,0.3881,0.0,6.21,0.0
COL-B2F-3559,column,0.3881,0.0,6.21,0.0
COL-B2F-3560,column,0.3881,0.0,6.21,0.0
COL-B2F-3561,column,0.3881,0.0,6.21,0.0
COL-B2F-3562,column,0.3881,0.0,6.21,0.0
COL-B2F-3563,column,0.3881,0.0,6.21,0.0
COL-B2F-3564,column,0.3881,0.0,6.21,0.0
COL-B2F-3565,column,0.3105,0.0,5.175,0.0
COL-B2F-3566,column,0.3105,0.0,5.175,0.0
COL-B2F-3567,column,0.3881,0.0,6.21,0.0
COL-B2F-3568,column,0.3881,0.0,6.21,0.0
COL-B2F-3569,column,1.4376,0.0,9.405,0.0
COL-B2F-3570,column,0.3881,0.0,6.21,0.0
COL-B2F-3571,column,0.3881,0.0,6.21,0.0
COL-B2F-3572,column,1.4376,0.0,9.405,0.0
COL-B2F-3573,column,0.3881,0.0,6.21,0.0
COL-B2F-3574,column,0.3881,0.0,6.21,0.0
COL-B2F-3575,column,1.4376,0.0,9.405,0.0
COL-B2F-3576,column,0.3881,0.0,6.21,0.0
COL-B2F-3577,column,0.3881,0.0,6.21,0.0
COL-B2F-3578,column,1.4376,0.0,9.405,0.0
COL-B2F-3579,column,0.3881,0.0,6.21,0.0
COL-B2F-3580,column,0.3881,0.0,6.21,0.0
COL-B2F-3581,column,1.4376,0.0,9.405,0.0
COL-B2F-3582,column,0.3881,0.0,6.21,0.0
COL-B2F-3583,column,0.3881,0.0,6.21,0.0
COL-B2F-3584,column,1.4376,0.0,9.405,0.0
COL-B2F-3585,column,0.3881,0.0,6.21,0.0
COL-B2F-3586,column,0.3881,0.0,6.21,0.0
COL-B2F-3587,column,1.4376,0.0,9.405,0.0
COL-B2F-3588,column,0.3881,0.0,6.21,0.0
COL-B2F-3589,column,0.3881,0.0,6.21,0.0
COL-B2F-3590,column,0.3881,0.0,6.21,0.0
COL-B2F-3591,column,0.3881,0.0,6.21,0.0
COL-B2F-3592,column,0.3881,0.0,6.21,0.0
COL-B2F-3593,column,0.3881,0.0,6.21,0.0
COL-B2F-3594,column,0.3881,0.0,6.21,0.0
COL-B2F-3595,column,0.3881,0.0,6.21,0.0
COL-B2F-3596,column,0.3881,0.0,6.21,0.0
COL-B2F-3597,column,0.3881,0.0,6.21,0.0
COL-B2F-3598,column,0.3881,0.0,6.21,0.0
COL-B2F-3599,column,0.3881,0.0,6.21,0.0
COL-B2F-3600,column,1.4376,0.0,9.405,0.0
COL-B2F-3601,column,0.3881,0.0,6.21,0.0
COL-B2F-3602,column,0.3881,0.0,6.21,0.0
COL-B2F-3603,column,0.3881,0.0,6.21,0.0
COL-B2F-3604,column,0.3881,0.0,6.21,0.0
COL-B2F-3605,column,1.4376,0.0,9.405,0.0
COL-B2F-3606,column,0.3881,0.0,6.21,0.0
COL-B2F-3607,column,0.3881,0.0,6.21,0.0
COL-B2F-3608,column,5.76,0.0,18.264,0.0
COL-B2F-3609,column,0.3881,0.0,6.21,0.0
COL-B2F-3610,column,0.3881,0.0,6.21,0.0
COL-B2F-3611,column,0.3881,0.0,6.21,0.0
COL-B2F-3612,column,5.76,0.0,18.264,0.0
COL-B2F-3613,column,0.3881,0.0,6.21,0.0
COL-B2F-3614,column,0.3881,0.0,6.21,0.0
COL-B2F-3615,column,0.3881,0.0,6.21,0.0
COL-B2F-3616,column,5.76,0.0,18.264,0.0
COL-B2F-3617,column,0.3881,0.0,6.21,0.0
COL-B2F-3618,column,0.3881,0.0,6.21,0.0
COL-B2F-3619,column,0.3881,0.0,6.21,0.0
COL-B2F-3620,column,5.76,0.0,18.264,0.0
COL-B2F-3621,column,0.3881,0.0,6.21,0.0
COL-B2F-3622,column,0.3881,0.0,6.21,0.0
COL-B2F-3623,column,0.3881,0.0,6.21,0.0
COL-B2F-3624,column,5.76,0.0,18.264,0.0
COL-B2F-3625,column,0.3881,0.0,6.21,0.0
COL-B2F-3626,column,0.3881,0.0,6.21,0.0
COL-B2F-3627,column,0.3881,0.0,6.21,0.0
COL-B2F-3628,column,5.76,0.0,18.264,0.0
COL-B2F-3629,column,0.3881,0.0,6.21,0.0
COL-B2F-3630,column,0.3881,0.0,6.21,0.0
COL-B2F-3631,column,0.3881,0.0,6.21,0.0
COL-B2F-3632,column,1.4376,0.0,9.405,0.0
COL-B2F-3633,column,0.3881,0.0,6.21,0.0
COL-B2F-3634,column,0.3881,0.0,6.21,0.0
COL-B2F-3635,column,1.4376,0.0,9.405,0.0
COL-B2F-3636,column,0.3881,0.0,6.21,0.0
COL-B2F-3637,column,0.3881,0.0,6.21,0.0
COL-B2F-3638,column,5.76,0.0,18.264,0.0
COL-B2F-3639,column,0.3881,0.0,6.21,0.0
COL-B2F-3640,column,0.3881,0.0,6.21,0.0
COL-B2F-3641,column,0.3881,0.0,6.21,0.0
COL-B2F-3642,column,5.76,0.0,18.264,0.0
COL-B2F-3643,column,0.3881,0.0,6.21,0.0
COL-B2F-3644,column,0.3881,0.0,6.21,0.0
COL-B2F-3645,column,0.3881,0.0,6.21,0.0
COL-B2F-3646,column,5.76,0.0,18.264,0.0
COL-B2F-3647,column,0.3881,0.0,6.21,0.0
COL-B2F-3648,column,0.3881,0.0,6.21,0.0
COL-B2F-3649,column,0.3881,0.0,6.21,0.0
COL-B2F-3650,column,5.76,0.0,18.264,0.0
COL-B2F-3651,column,0.3881,0.0,6.21,0.0
COL-B2F-3652,column,0.3881,0.0,6.21,0.0
COL-B2F-3653,column,0.3881,0.0,6.21,0.0
COL-B2F-3654,column,5.76,0.0,18.264,0.0
COL-B2F-3655,column,0.3881,0.0,6.21,0.0
COL-B2F-3656,column,0.3881,0.0,6.21,0.0
COL-B2F-3657,column,0.3881,0.0,6.21,0.0
COL-B2F-3658,column,5.76,0.0,18.264,0.0
COL-B2F-3659,column,0.3881,0.0,6.21,0.0
COL-B2F-3660,column,0.3881,0.0,6.21,0.0
COL-B2F-3661,column,0.3881,0.0,6.21,0.0
COL-B2F-3662,column,5.76,0.0,18.264,0.0
COL-B2F-3663,column,0.3881,0.0,6.21,0.0
COL-B2F-3664,column,0.3881,0.0,6.21,0.0
COL-B2F-3665,column,0.3881,0.0,6.21,0.0
COL-B2F-3666,column,5.76,0.0,18.264,0.0
COL-B2F-3667,column,0.3881,0.0,6.21,0.0
COL-B2F-3668,column,0.3881,0.0,6.21,0.0
COL-B2F-3669,column,0.3881,0.0,6.21,0.0
COL-B2F-3670,column,5.76,0.0,18.264,0.0
COL-B2F-3671,column,0.3881,0.0,6.21,0.0
COL-B2F-3672,column,0.3881,0.0,6.21,0.0
COL-B2F-3673,column,0.3881,0.0,6.21,0.0
COL-B2F-3674,column,5.76,0.0,18.264,0.0
COL-B2F-3675,column,0.3881,0.0,6.21,0.0
COL-B2F-3676,column,0.3881,0.0,6.21,0.0
COL-B2F-3677,column,0.3881,0.0,6.21,0.0
COL-B2F-3678,column,0.3881,0.0,6.21,0.0
COL-B2F-3679,column,0.3881,0.0,6.21,0.0
COL-B2F-3680,column,1.4376,0.0,9.405,0.0
COL-B2F-3681,column,0.3881,0.0,6.21,0.0
COL-B2F-3682,column,0.3881,0.0,6.21,0.0
COL-B2F-3683,column,1.4376,0.0,9.405,0.0
COL-B2F-3684,column,0.3881,0.0,6.21,0.0
COL-B2F-3685,column,0.3881,0.0,6.21,0.0
COL-B2F-3686,column,1.4376,0.0,9.405,0.0
COL-B2F-3687,column,0.3105,0.0,5.175,0.0
COL-B2F-3688,column,0.3105,0.0,5.175,0.0
COL-B2F-3689,column,0.3105,0.0,5.175,0.0
COL-B2F-3690,column,0.3105,0.0,5.175,0.0
COL-B2F-3691,column,0.3881,0.0,6.21,0.0
COL-B2F-3692,column,0.3881,0.0,6.21,0.0
COL-B2F-3693,column,0.3881,0.0,6.21,0.0
COL-B2F-3694,column,0.3881,0.0,6.21,0.0
COL-B2F-3695,column,0.3881,0.0,6.21,0.0
COL-B2F-3696,column,0.3881,0.0,6.21,0.0
COL-B2F-3697,column,0.3881,0.0,6.21,0.0
COL-B2F-3698,column,0.3881,0.0,6.21,0.0
COL-B2F-3699,column,1.4376,0.0,9.405,0.0
COL-B2F-3700,column,0.3881,0.0,6.21,0.0
COL-B2F-3701,column,0.3881,0.0,6.21,0.0
COL-B2F-3702,column,1.4376,0.0,9.405,0.0
COL-B2F-3703,column,0.3881,0.0,6.21,0.0
COL-B2F-3704,column,0.3881,0.0,6.21,0.0
COL-B2F-3705,column,1.4376,0.0,9.405,0.0
COL-B2F-3706,column,0.3881,0.0,6.21,0.0
COL-B2F-3707,column,0.3881,0.0,6.21,0.0
COL-B2F-3708,column,1.4376,0.0,9.405,0.0
COL-B2F-3709,column,0.3881,0.0,6.21,0.0
COL-B2F-3710,column,0.3881,0.0,6.21,0.0
COL-B2F-3711,column,1.4376,0.0,9.405,0.0
COL-B2F-3712,column,0.3881,0.0,6.21,0.0
COL-B2F-3713,column,0.3881,0.0,6.21,0.0
COL-B2F-3714,column,1.4376,0.0,9.405,0.0
COL-B2F-3715,column,0.3881,0.0,6.21,0.0
COL-B2F-3716,column,0.3881,0.0,6.21,0.0
COL-B2F-3717,column,5.76,0.0,18.264,0.0
COL-B2F-3718,column,0.3881,0.0,6.21,0.0
COL-B2F-3719,column,0.3881,0.0,6.21,0.0
COL-B2F-3720,column,0.3881,0.0,6.21,0.0
COL-B2F-3721,column,5.76,0.0,18.264,0.0
COL-B2F-3722,column,0.3881,0.0,6.21,0.0
COL-B2F-3723,column,0.3881,0.0,6.21,0.0
COL-B2F-3724,column,0.3881,0.0,6.21,0.0
COL-B2F-3725,column,5.76,0.0,18.264,0.0
COL-B2F-3726,column,0.3881,0.0,6.21,0.0
COL-B2F-3727,column,0.3881,0.0,6.21,0.0
COL-B2F-3728,column,0.3881,0.0,6.21,0.0
COL-B2F-3729,column,5.76,0.0,18.264,0.0
COL-B2F-3730,column,0.3881,0.0,6.21,0.0
COL-B2F-3731,column,0.3881,0.0,6.21,0.0
COL-B2F-3732,column,0.3881,0.0,6.21,0.0
COL-B2F-3733,column,5.76,0.0,18.264,0.0
COL-B2F-3734,column,0.3881,0.0,6.21,0.0
COL-B2F-3735,column,0.3881,0.0,6.21,0.0
COL-B2F-3736,column,0.3881,0.0,6.21,0.0
COL-B2F-3737,column,1.4376,0.0,9.405,0.0
COL-B2F-3738,column,0.3881,0.0,6.21,0.0
COL-B2F-3739,column,0.3881,0.0,6.21,0.0
COL-B2F-3740,column,5.76,0.0,18.264,0.0
COL-B2F-3741,column,0.3881,0.0,6.21,0.0
COL-B2F-3742,column,0.3881,0.0,6.21,0.0
COL-B2F-3743,column,0.3881,0.0,6.21,0.0
COL-B2F-3744,column,5.76,0.0,18.264,0.0
COL-B2F-3745,column,0.3881,0.0,6.21,0.0
COL-B2F-3746,column,0.3881,0.0,6.21,0.0
COL-B2F-3747,column,0.3881,0.0,6.21,0.0
COL-B2F-3748,column,5.76,0.0,18.264,0.0
COL-B2F-3749,column,0.3881,0.0,6.21,0.0
COL-B2F-3750,column,4.242,0.0,15.394,0.0
COL-B2F-3751,column,1.4934,0.0,9.08,0.0
COL-B2F-3752,column,1.0005,0.0,7.452,0.0
COL-B2F-3753,column,0.6624,0.0,6.072,0.0
COL-B2F-3754,column,0.3814,0.0,4.616,0.0
COL-B2F-3755,column,0.1339,0.0,2.719,0.0
COL-B2F-3756,column,4.242,0.0,15.394,0.0
COL-B2F-3757,column,1.4934,0.0,9.08,0.0
COL-B2F-3758,column,0.3881,0.0,6.21,0.0
COL-B2F-3759,column,0.3881,0.0,6.21,0.0
COL-B2F-3760,column,1.4376,0.0,9.405,0.0
COL-B2F-3761,column,0.3105,0.0,5.175,0.0
COL-B2F-3762,column,0.3105,0.0,5.175,0.0
COL-B2F-3763,column,0.3105,0.0,5.175,0.0
COL-B2F-3764,column,0.3105,0.0,5.175,0.0
COL-B2F-3765,column,0.3881,0.0,6.21,0.0
COL-B2F-3766,column,0.3881,0.0,6.21,0.0
COL-B2F-3767,column,1.4376,0.0,9.405,0.0
COL-B2F-3768,column,0.3881,0.0,6.21,0.0
COL-B2F-3769,column,0.3881,0.0,6.21,0.0
COL-B2F-3770,column,0.3881,0.0,6.21,0.0
COL-B2F-3771,column,0.3881,0.0,6.21,0.0
COL-B2F-3772,column,0.3881,0.0,6.21,0.0
COL-B2F-3773,column,0.3881,0.0,6.21,0.0
COL-B2F-3774,column,0.3881,0.0,6.21,0.0
COL-B2F-3775,column,0.3881,0.0,6.21,0.0
COL-B2F-3776,column,1.4376,0.0,9.405,0.0
COL-B2F-3777,column,0.3881,0.0,6.21,0.0
COL-B2F-3778,column,0.3881,0.0,6.21,0.0
COL-B2F-3779,column,1.4376,0.0,9.405,0.0
COL-B2F-3780,column,0.3881,0.0,6.21,0.0
COL-B2F-3781,column,0.3881,0.0,6.21,0.0
COL-B2F-3782,column,1.4376,0.0,9.405,0.0
COL-B2F-3783,column,0.3881,0.0,6.21,0.0
COL-B2F-3784,column,0.3881,0.0,6.21,0.0
COL-B2F-3785,column,0.3881,0.0,6.21,0.0
COL-B2F-3786,column,0.3881,0.0,6.21,0.0
COL-B2F-3787,column,0.3881,0.0,6.21,0.0
COL-B2F-3788,column,0.3881,0.0,6.21,0.0
COL-B2F-3789,column,0.3881,0.0,6.21,0.0
COL-B2F-3790,column,0.3881,0.0,6.21,0.0
COL-B2F-3791,column,1.4376,0.0,9.405,0.0
COL-B2F-3792,column,0.3881,0.0,6.21,0.0
COL-B2F-3793,column,0.3881,0.0,6.21,0.0
COL-B2F-3794,column,0.3105,0.0,5.175,0.0
COL-B2F-3795,column,0.3105,0.0,5.175,0.0
COL-B2F-3796,column,0.3881,0.0,6.21,0.0
COL-B2F-3797,column,0.3881,0.0,6.21,0.0
COL-B2F-3798,column,0.3881,0.0,6.21,0.0
COL-B2F-3799,column,0.3881,0.0,6.21,0.0
COL-B2F-3800,column,0.3881,0.0,6.21,0.0
COL-B2F-3801,column,0.3881,0.0,6.21,0.0
COL-B2F-3802,column,0.3881,0.0,6.21,0.0
COL-B2F-3803,column,0.3881,0.0,6.21,0.0
COL-B2F-3804,column,0.3881,0.0,6.21,0.0
COL-B2F-3805,column,0.3881,0.0,6.21,0.0
COL-B2F-3806,column,0.3881,0.0,6.21,0.0
COL-B2F-3807,column,0.3881,0.0,6.21,0.0
COL-B2F-3808,column,0.3881,0.0,6.21,0.0
COL-B2F-3809,column,0.3881,0.0,6.21,0.0
COL-B2F-3810,column,0.3881,0.0,6.21,0.0
COL-B2F-3811,column,0.3881,0.0,6.21,0.0
COL-B2F-3812,column,4.242,0.0,15.394,0.0
COL-B2F-3813,column,1.4934,0.0,9.08,0.0
COL-B2F-3814,column,1.0005,0.0,7.452,0.0
COL-B2F-3815,column,0.6624,0.0,6.072,0.0
COL-B2F-3816,column,0.3814,0.0,4.616,0.0
COL-B2F-3817,column,0.1339,0.0,2.719,0.0
COL-B2F-3818,column,4.242,0.0,15.394,0.0
COL-B2F-3819,column,1.4934,0.0,9.08,0.0
COL-B2F-3820,column,0.3881,0.0,6.21,0.0
COL-B2F-3821,column,0.3881,0.0,6.21,0.0
COL-B2F-3822,column,1.4376,0.0,9.405,0.0
COL-B2F-3823,column,0.3881,0.0,6.21,0.0
COL-B2F-3824,column,0.3881,0.0,6.21,0.0
COL-B2F-3825,column,1.4376,0.0,9.405,0.0
COL-B2F-3826,column,0.3881,0.0,6.21,0.0
COL-B2F-3827,column,0.3881,0.0,6.21,0.0
COL-B2F-3828,column,1.4376,0.0,9.405,0.0
COL-B2F-3829,column,0.3881,0.0,6.21,0.0
COL-B2F-3830,column,0.3881,0.0,6.21,0.0
COL-B2F-3831,column,1.4376,0.0,9.405,0.0
COL-B2F-3832,column,0.3881,0.0,6.21,0.0
COL-B2F-3833,column,0.3881,0.0,6.21,0.0
COL-B2F-3834,column,1.4376,0.0,9.405,0.0
COL-B2F-3835,column,0.3881,0.0,6.21,0.0
COL-B2F-3836,column,0.3881,0.0,6.21,0.0
COL-B2F-3837,column,1.4376,0.0,9.405,0.0
COL-B2F-3838,column,0.3881,0.0,6.21,0.0
COL-B2F-3839,column,0.3881,0.0,6.21,0.0
COL-B2F-3840,column,1.4376,0.0,9.405,0.0
COL-B2F-3841,column,0.3881,0.0,6.21,0.0
COL-B2F-3842,column,0.3881,0.0,6.21,0.0
COL-B2F-3843,column,1.4376,0.0,9.405,0.0
COL-B2F-3844,column,0.3881,0.0,6.21,0.0
COL-B2F-3845,column,0.3881,0.0,6.21,0.0
COL-B2F-3846,column,0.3881,0.0,6.21,0.0
COL-B2F-3847,column,0.3881,0.0,6.21,0.0
COL-B2F-3848,column,0.3881,0.0,6.21,0.0
COL-B2F-3849,column,0.3881,0.0,6.21,0.0
COL-B2F-3850,column,0.3881,0.0,6.21,0.0
COL-B2F-3851,column,0.3881,0.0,6.21,0.0
COL-B2F-3852,column,0.3881,0.0,6.21,0.0
COL-B2F-3853,column,0.3881,0.0,6.21,0.0
COL-B2F-3854,column,0.3881,0.0,6.21,0.0
COL-B2F-3855,column,0.3881,0.0,6.21,0.0
COL-B2F-3856,column,0.3881,0.0,6.21,0.0
COL-B2F-3857,column,0.3881,0.0,6.21,0.0
COL-B2F-3858,column,0.3881,0.0,6.21,0.0
COL-B2F-3859,column,0.3881,0.0,6.21,0.0
COL-B2F-3860,column,0.3881,0.0,6.21,0.0
COL-B2F-3861,column,0.3881,0.0,6.21,0.0
COL-B2F-3862,column,0.3881,0.0,6.21,0.0
COL-B2F-3863,column,0.3881,0.0,6.21,0.0
COL-B2F-3864,column,0.3881,0.0,6.21,0.0
COL-B2F-3865,column,0.3881,0.0,6.21,0.0
COL-B2F-3866,column,0.3881,0.0,6.21,0.0
COL-B2F-3867,column,0.3881,0.0,6.21,0.0
COL-B2F-3868,column,5.76,0.0,18.264,0.0
COL-B2F-3869,column,0.3881,0.0,6.21,0.0
COL-B2F-3870,column,0.3881,0.0,6.21,0.0
COL-B2F-3871,column,0.3881,0.0,6.21,0.0
COL-B2F-3872,column,5.76,0.0,18.264,0.0
COL-B2F-3873,column,0.3881,0.0,6.21,0.0
COL-B2F-3874,column,0.3881,0.0,6.21,0.0
COL-B2F-3875,column,0.3881,0.0,6.21,0.0
COL-B2F-3876,column,0.3881,0.0,6.21,0.0
COL-B2F-3877,column,0.3881,0.0,6.21,0.0
COL-B2F-3878,column,4.242,0.0,15.394,0.0
COL-B2F-3879,column,1.4934,0.0,9.08,0.0
COL-B2F-3880,column,1.0005,0.0,7.452,0.0
COL-B2F-3881,column,0.6624,0.0,6.072,0.0
COL-B2F-3882,column,0.3814,0.0,4.616,0.0
COL-B2F-3883,column,0.1339,0.0,2.719,0.0
COL-B2F-3884,column,4.242,0.0,15.394,0.0
COL-B2F-3885,column,1.4934,0.0,9.08,0.0
COL-B2F-3886,column,0.3881,0.0,6.21,0.0
COL-B2F-3887,column,0.3881,0.0,6.21,0.0
COL-B2F-3888,column,0.3881,0.0,6.21,0.0
COL-B2F-3889,column,0.3881,0.0,6.21,0.0
COL-B2F-3890,column,0.3881,0.0,6.21,0.0
COL-B2F-3891,column,0.3881,0.0,6.21,0.0
COL-B2F-3892,column,1.4376,0.0,9.405,0.0
COL-B2F-3893,column,0.3105,0.0,5.175,0.0
COL-B2F-3894,column,0.3105,0.0,5.175,0.0
COL-B2F-3895,column,0.3105,0.0,5.175,0.0
COL-B2F-3896,column,0.3105,0.0,5.175,0.0
COL-B2F-3897,column,0.3881,0.0,6.21,0.0
COL-B2F-3898,column,0.3881,0.0,6.21,0.0
COL-B2F-3899,column,1.4376,0.0,9.405,0.0
COL-B2F-3900,column,0.3105,0.0,5.175,0.0
COL-B2F-3901,column,0.3105,0.0,5.175,0.0
COL-B2F-3902,column,0.3881,0.0,6.21,0.0
COL-B2F-3903,column,0.3881,0.0,6.21,0.0
COL-B2F-3904,column,1.4376,0.0,9.405,0.0
COL-B2F-3905,column,0.3881,0.0,6.21,0.0
COL-B2F-3906,column,0.3881,0.0,6.21,0.0
COL-B2F-3907,column,0.3881,0.0,6.21,0.0
COL-B2F-3908,column,0.3881,0.0,6.21,0.0
COL-B2F-3909,column,0.3881,0.0,6.21,0.0
COL-B2F-3910,column,0.3881,0.0,6.21,0.0
COL-B2F-3911,column,1.4376,0.0,9.405,0.0
COL-B2F-3912,column,0.3881,0.0,6.21,0.0
COL-B2F-3913,column,0.3881,0.0,6.21,0.0
COL-B2F-3914,column,0.3881,0.0,6.21,0.0
COL-B2F-3915,column,0.3881,0.0,6.21,0.0
COL-B2F-3916,column,0.3881,0.0,6.21,0.0
COL-B2F-3917,column,0.3881,0.0,6.21,0.0
COL-B2F-3918,column,0.3881,0.0,6.21,0.0
COL-B2F-3919,column,0.3881,0.0,6.21,0.0
COL-B2F-3920,column,0.3881,0.0,6.21,0.0
COL-B2F-3921,column,0.3881,0.0,6.21,0.0
COL-B2F-3922,column,0.3881,0.0,6.21,0.0
COL-B2F-3923,column,0.3881,0.0,6.21,0.0
COL-B2F-3924,column,0.3881,0.0,6.21,0.0
COL-B2F-3925,column,0.3881,0.0,6.21,0.0
COL-B2F-3926,column,0.3881,0.0,6.21,0.0
COL-B2F-3927,column,0.3881,0.0,6.21,0.0
COL-B2F-3928,column,0.3881,0.0,6.21,0.0
COL-B2F-3929,column,0.3881,0.0,6.21,0.0
COL-B2F-3930,column,0.3881,0.0,6.21,0.0
COL-B2F-3931,column,0.3881,0.0,6.21,0.0
COL-B2F-3932,column,0.3881,0.0,6.21,0.0
COL-B2F-3933,column,0.3881,0.0,6.21,0.0
COL-B2F-3934,column,0.3881,0.0,6.21,0.0
COL-B2F-3935,column,0.3881,0.0,6.21,0.0
COL-B2F-3936,column,0.3881,0.0,6.21,0.0
COL-B2F-3937,column,0.3881,0.0,6.21,0.0
COL-B2F-3938,column,0.3881,0.0,6.21,0.0
COL-B2F-3939,column,0.3881,0.0,6.21,0.0
COL-B2F-3940,column,0.3881,0.0,6.21,0.0
COL-B2F-3941,column,0.3881,0.0,6.21,0.0
COL-B2F-3942,column,0.3881,0.0,6.21,0.0
COL-B2F-3943,column,0.3881,0.0,6.21,0.0
COL-B2F-3944,column,0.3881,0.0,6.21,0.0
COL-B2F-3945,column,0.3881,0.0,6.21,0.0
COL-B2F-3946,column,0.3881,0.0,6.21,0.0
COL-B2F-3947,column,0.3881,0.0,6.21,0.0
COL-B2F-3948,column,0.3881,0.0,6.21,0.0
COL-B2F-3949,column,0.3881,0.0,6.21,0.0
COL-B2F-3950,column,0.3881,0.0,6.21,0.0
COL-B2F-3951,column,0.3881,0.0,6.21,0.0
COL-B2F-3952,column,0.3881,0.0,6.21,0.0
COL-B2F-3953,column,0.3881,0.0,6.21,0.0
COL-B2F-3954,column,0.3881,0.0,6.21,0.0
COL-B2F-3955,column,0.3881,0.0,6.21,0.0
COL-B2F-3956,column,0.3881,0.0,6.21,0.0
COL-B2F-3957,column,0.3881,0.0,6.21,0.0
COL-B2F-3958,column,0.3881,0.0,6.21,0.0
COL-B2F-3959,column,0.3881,0.0,6.21,0.0
COL-B2F-3960,column,0.3881,0.0,6.21,0.0
COL-B2F-3961,column,0.3881,0.0,6.21,0.0
COL-B2F-3962,column,0.3105,0.0,5.175,0.0
COL-B2F-3963,column,0.3105,0.0,5.175,0.0
COL-B2F-3964,column,0.3881,0.0,6.21,0.0
COL-B2F-3965,column,0.3881,0.0,6.21,0.0
COL-B2F-3966,column,0.3881,0.0,6.21,0.0
COL-B2F-3967,column,0.3881,0.0,6.21,0.0
COL-B2F-3968,column,0.3105,0.0,5.175,0.0
COL-B2F-3969,column,0.3105,0.0,5.175,0.0
COL-B2F-3970,column,0.3105,0.0,5.175,0.0
COL-B2F-3971,column,0.3105,0.0,5.175,0.0
COL-B2F-3972,column,0.3105,0.0,5.175,0.0
COL-B2F-3973,column,0.3105,0.0,5.175,0.0
COL-B2F-3974,column,0.3881,0.0,6.21,0.0
COL-B2F-3975,column,0.3881,0.0,6.21,0.0
COL-B2F-3976,column,1.4376,0.0,9.405,0.0
COL-B2F-3977,column,0.3881,0.0,6.21,0.0
COL-B2F-3978,column,0.3881,0.0,6.21,0.0
COL-B2F-3979,column,0.3881,0.0,6.21,0.0
COL-B2F-3980,column,0.3881,0.0,6.21,0.0
COL-B2F-3981,column,0.3881,0.0,6.21,0.0
COL-B2F-3982,column,0.3881,0.0,6.21,0.0
COL-B2F-3983,column,0.3105,0.0,5.175,0.0
COL-B2F-3984,column,0.3105,0.0,5.175,0.0
COL-B2F-3985,column,0.3881,0.0,6.21,0.0
COL-B2F-3986,column,0.3881,0.0,6.21,0.0
COL-B2F-3987,column,0.3881,0.0,6.21,0.0
COL-B2F-3988,column,0.3881,0.0,6.21,0.0
COL-B2F-3989,column,0.3881,0.0,6.21,0.0
COL-B2F-3990,column,0.3881,0.0,6.21,0.0
COL-B2F-3991,column,1.4376,0.0,9.405,0.0
COL-B2F-3992,column,0.3881,0.0,6.21,0.0
COL-B2F-3993,column,0.3881,0.0,6.21,0.0
COL-B2F-3994,column,1.4376,0.0,9.405,0.0
COL-B2F-3995,column,0.3881,0.0,6.21,0.0
COL-B2F-3996,column,0.3881,0.0,6.21,0.0
COL-B2F-3997,column,1.4376,0.0,9.405,0.0
COL-B2F-3998,column,0.3881,0.0,6.21,0.0
COL-B2F-3999,column,0.3881,0.0,6.21,0.0
COL-B2F-4000,column,0.3881,0.0,6.21,0.0
COL-B2F-4001,column,0.3881,0.0,6.21,0.0
COL-B2F-4002,column,1.4376,0.0,9.405,0.0
COL-B2F-4003,column,4.242,0.0,15.394,0.0
COL-B2F-4004,column,1.4934,0.0,9.08,0.0
COL-B2F-4005,column,1.0005,0.0,7.452,0.0
COL-B2F-4006,column,0.6624,0.0,6.072,0.0
COL-B2F-4007,column,0.3814,0.0,4.616,0.0
COL-B2F-4008,column,0.1339,0.0,2.719,0.0
COL-B2F-4009,column,4.242,0.0,15.394,0.0
COL-B2F-4010,column,1.4934,0.0,9.08,0.0
COL-B2F-4011,column,4.242,0.0,15.394,0.0
COL-B2F-4012,column,1.4934,0.0,9.08,0.0
COL-B2F-4013,column,1.0005,0.0,7.452,0.0
COL-B2F-4014,column,0.6624,0.0,6.072,0.0
COL-B2F-4015,column,0.3814,0.0,4.616,0.0
COL-B2F-4016,column,0.1339,0.0,2.719,0.0
COL-B2F-4017,column,4.242,0.0,15.394,0.0
COL-B2F-4018,column,1.4934,0.0,9.08,0.0
COL-B2F-4019,column,4.242,0.0,15.394,0.0
COL-B2F-4020,column,1.4934,0.0,9.08,0.0
COL-B2F-4021,column,1.0005,0.0,7.452,0.0
COL-B2F-4022,column,0.6624,0.0,6.072,0.0
COL-B2F-4023,column,0.3814,0.0,4.616,0.0
COL-B2F-4024,column,0.1339,0.0,2.719,0.0
COL-B2F-4025,column,4.242,0.0,15.394,0.0
COL-B2F-4026,column,1.4934,0.0,9.08,0.0
COL-B2F-4027,column,4.242,0.0,15.394,0.0
COL-B2F-4028,column,1.4934,0.0,9.08,0.0
COL-B2F-4029,column,1.0005,0.0,7.452,0.0
COL-B2F-4030,column,0.6624,0.0,6.072,0.0
COL-B2F-4031,column,0.3814,0.0,4.616,0.0
COL-B2F-4032,column,0.1339,0.0,2.719,0.0
COL-B2F-4033,column,4.242,0.0,15.394,0.0
COL-B2F-4034,column,1.4934,0.0,9.08,0.0
COL-B2F-4035,column,4.242,0.0,15.394,0.0
COL-B2F-4036,column,1.4934,0.0,9.08,0.0
COL-B2F-4037,column,1.0005,0.0,7.452,0.0
COL-B2F-4038,column,0.6624,0.0,6.072,0.0
COL-B2F-4039,column,0.3814,0.0,4.616,0.0
COL-B2F-4040,column,0.1339,0.0,2.719,0.0
COL-B2F-4041,column,4.242,0.0,15.394,0.0
COL-B2F-4042,column,1.4934,0.0,9.08,0.0
COL-B2F-4043,column,4.242,0.0,15.394,0.0
COL-B2F-4044,column,1.4934,0.0,9.08,0.0
COL-B2F-4045,column,1.0005,0.0,7.452,0.0
COL-B2F-4046,column,0.6624,0.0,6.072,0.0
COL-B2F-4047,column,0.3814,0.0,4.616,0.0
COL-B2F-4048,column,0.1339,0.0,2.719,0.0
COL-B2F-4049,column,4.242,0.0,15.394,0.0
COL-B2F-4050,column,1.4934,0.0,9.08,0.0
COL-B2F-4051,column,4.242,0.0,15.394,0.0
COL-B2F-4052,column,1.4934,0.0,9.08,0.0
COL-B2F-4053,column,1.0005,0.0,7.452,0.0
COL-B2F-4054,column,0.6624,0.0,6.072,0.0
COL-B2F-4055,column,0.3814,0.0,4.616,0.0
COL-B2F-4056,column,0.1339,0.0,2.719,0.0
COL-B2F-4057,column,4.242,0.0,15.394,0.0
COL-B2F-4058,column,1.4934,0.0,9.08,0.0
COL-B2F-4059,column,4.242,0.0,15.394,0.0
COL-B2F-4060,column,1.4934,0.0,9.08,0.0
COL-B2F-4061,column,1.0005,0.0,7.452,0.0
COL-B2F-4062,column,0.6624,0.0,6.072,0.0
COL-B2F-4063,column,0.3814,0.0,4.616,0.0
COL-B2F-4064,column,0.1339,0.0,2.719,0.0
COL-B2F-4065,column,4.242,0.0,15.394,0.0
COL-B2F-4066,column,1.4934,0.0,9.08,0.0
COL-B2F-4067,column,4.242,0.0,15.394,0.0
COL-B2F-4068,column,1.4934,0.0,9.08,0.0
COL-B2F-4069,column,1.0005,0.0,7.452,0.0
COL-B2F-4070,column,0.6624,0.0,6.072,0.0
COL-B2F-4071,column,0.3814,0.0,4.616,0.0
COL-B2F-4072,column,0.1339,0.0,2.719,0.0
COL-B2F-4073,column,4.242,0.0,15.394,0.0
COL-B2F-4074,column,1.4934,0.0,9.08,0.0
COL-B2F-4075,column,4.242,0.0,15.394,0.0
COL-B2F-4076,column,1.4934,0.0,9.08,0.0
COL-B2F-4077,column,1.0005,0.0,7.452,0.0
COL-B2F-4078,column,0.6624,0.0,6.072,0.0
COL-B2F-4079,column,0.3814,0.0,4.616,0.0
COL-B2F-4080,column,0.1339,0.0,2.719,0.0
COL-B2F-4081,column,4.242,0.0,15.394,0.0
COL-B2F-4082,column,1.4934,0.0,9.08,0.0
COL-B2F-4083,column,4.242,0.0,15.394,0.0
COL-B2F-4084,column,1.4934,0.0,9.08,0.0
COL-B2F-4085,column,1.0005,0.0,7.452,0.0
COL-B2F-4086,column,0.6624,0.0,6.072,0.0
COL-B2F-4087,column,0.3814,0.0,4.616,0.0
COL-B2F-4088,column,0.1339,0.0,2.719,0.0
COL-B2F-4089,column,4.242,0.0,15.394,0.0
COL-B2F-4090,column,1.4934,0.0,9.08,0.0
COL-B2F-4091,column,4.242,0.0,15.394,0.0
COL-B2F-4092,column,1.4934,0.0,9.08,0.0
COL-B2F-4093,column,1.0005,0.0,7.452,0.0
COL-B2F-4094,column,0.6624,0.0,6.072,0.0
COL-B2F-4095,column,0.3814,0.0,4.616,0.0
COL-B2F-4096,column,0.1339,0.0,2.719,0.0
COL-B2F-4097,column,4.242,0.0,15.394,0.0
COL-B2F-4098,column,1.4934,0.0,9.08,0.0
COL-B2F-4099,column,19.872,0.0,33.12,0.0
COL-B2F-4100,column,19.872,0.0,33.12,0.0
COL-B2F-4101,column,19.872,0.0,33.12,0.0
COL-B2F-4102,column,19.872,0.0,33.12,0.0
COL-B2F-4103,column,19.872,0.0,33.12,0.0
COL-B2F-4104,column,0.3881,0.0,6.21,0.0
COL-B2F-4105,column,0.3881,0.0,6.21,0.0
COL-B2F-4106,column,1.4376,0.0,9.405,0.0
COL-B2F-4107,column,0.3881,0.0,6.21,0.0
COL-B2F-4108,column,0.3881,0.0,6.21,0.0
COL-B2F-4109,column,0.3105,0.0,5.175,0.0
COL-B2F-4110,column,0.3105,0.0,5.175,0.0
COL-B2F-4111,column,0.3881,0.0,6.21,0.0
COL-B2F-4112,column,0.3881,0.0,6.21,0.0
COL-B2F-4113,column,0.3881,0.0,6.21,0.0
COL-B2F-4114,column,0.3881,0.0,6.21,0.0
COL-B2F-4115,column,0.3881,0.0,6.21,0.0
COL-B2F-4116,column,0.3881,0.0,6.21,0.0
COL-B2F-4117,column,1.4376,0.0,9.405,0.0
COL-B2F-4118,column,0.3881,0.0,6.21,0.0
COL-B2F-4119,column,0.3881,0.0,6.21,0.0
COL-B2F-4120,column,1.4376,0.0,9.405,0.0
COL-B2F-4121,column,0.0633,0.0,1.946,0.0
COL-B2F-4122,column,0.0633,0.0,1.946,0.0
COL-B2F-4123,column,1.104,0.0,8.28,0.0
COL-B2F-4124,column,1.104,0.0,8.28,0.0
COL-B2F-4125,column,1.104,0.0,8.28,0.0
COL-B2F-4126,column,1.7499,0.0,10.033,0.0
COL-B2F-4127,column,1.104,0.0,8.28,0.0
COL-B2F-4128,column,1.104,0.0,8.28,0.0
COL-B2F-4129,column,1.104,0.0,8.28,0.0
COL-B2F-4130,column,1.104,0.0,8.28,0.0
COL-B2F-4131,column,1.104,0.0,8.28,0.0
COL-B2F-4132,column,1.104,0.0,8.28,0.0
COL-B2F-4133,column,1.104,0.0,8.28,0.0
COL-B2F-4134,column,1.7499,0.0,10.033,0.0
COL-B2F-4135,column,1.7499,0.0,10.033,0.0
COL-B2F-4136,column,1.7499,0.0,10.033,0.0
COL-B2F-4137,column,1.7499,0.0,10.033,0.0
COL-B2F-4138,column,1.7499,0.0,10.033,0.0
COL-B2F-4139,column,1.104,0.0,8.28,0.0
COL-B2F-4140,column,1.104,0.0,8.28,0.0
COL-B2F-4141,column,1.104,0.0,8.28,0.0
COL-B2F-4142,column,1.104,0.0,8.28,0.0
COL-B2F-4143,column,1.104,0.0,8.28,0.0
COL-B2F-4144,column,1.104,0.0,8.28,0.0
COL-B2F-4145,column,1.104,0.0,8.28,0.0
COL-B2F-4146,column,1.104,0.0,8.28,0.0
COL-B2F-4147,column,1.104,0.0,8.28,0.0
COL-B2F-4148,column,1.104,0.0,8.28,0.0
COL-B2F-4149,column,1.104,0.0,8.28,0.0
COL-B2F-4150,column,1.104,0.0,8.28,0.0
COL-B2F-4151,column,1.104,0.0,8.28,0.0
COL-B2F-4152,column,1.104,0.0,8.28,0.0
COL-B2F-4153,column,1.104,0.0,8.28,0.0
COL-B2F-4154,column,1.104,0.0,8.28,0.0
COL-B2F-4155,column,1.104,0.0,8.28,0.0
COL-B2F-4156,column,1.104,0.0,8.28,0.0
COL-B2F-4157,column,1.104,0.0,8.28,0.0
COL-B2F-4158,column,1.104,0.0,8.28,0.0
COL-B2F-4159,column,1.104,0.0,8.28,0.0
COL-B2F-4160,column,1.104,0.0,8.28,0.0
COL-B2F-4161,column,1.104,0.0,8.28,0.0
COL-B2F-4162,column,1.104,0.0,8.28,0.0
COL-B2F-4163,column,1.104,0.0,8.28,0.0
COL-B2F-4164,column,1.104,0.0,8.28,0.0
COL-B2F-4165,column,1.104,0.0,8.28,0.0
COL-B2F-4166,column,1.104,0.0,8.28,0.0
COL-B2F-4167,column,1.104,0.0,8.28,0.0
COL-B2F-4168,column,1.104,0.0,8.28,0.0
COL-B2F-4169,column,1.104,0.0,8.28,0.0
COL-B2F-4170,column,1.104,0.0,8.28,0.0
COL-B2F-4171,column,1.104,0.0,8.28,0.0
COL-B2F-4172,column,1.104,0.0,8.28,0.0
COL-B2F-4173,column,1.104,0.0,8.28,0.0
COL-B2F-4174,column,1.104,0.0,8.28,0.0
COL-B2F-4175,column,1.104,0.0,8.28,0.0
COL-B2F-4176,column,1.104,0.0,8.28,0.0
COL-B2F-4177,column,1.104,0.0,8.28,0.0
COL-B2F-4178,column,1.104,0.0,8.28,0.0
COL-B2F-4179,column,1.104,0.0,8.28,0.0
COL-B2F-4180,column,1.104,0.0,8.28,0.0
COL-B2F-4181,column,1.104,0.0,8.28,0.0
COL-B2F-4182,column,1.104,0.0,8.28,0.0
COL-B2F-4183,column,1.104,0.0,8.28,0.0
COL-B2F-4184,column,1.104,0.0,8.28,0.0
COL-B2F-4185,column,1.104,0.0,8.28,0.0
COL-B2F-4186,column,1.104,0.0,8.28,0.0
COL-B2F-4187,column,1.104,0.0,8.28,0.0
COL-B2F-4188,column,1.104,0.0,8.28,0.0
COL-B2F-4189,column,1.104,0.0,8.28,0.0
COL-B2F-4190,column,1.104,0.0,8.28,0.0
COL-B2F-4191,column,1.104,0.0,8.28,0.0
COL-B2F-4192,column,1.104,0.0,8.28,0.0
COL-B2F-4193,column,1.104,0.0,8.28,0.0
COL-B2F-4194,column,1.104,0.0,8.28,0.0
COL-B2F-4195,column,1.104,0.0,8.28,0.0
COL-B2F-4196,column,1.104,0.0,8.28,0.0
COL-B2F-4197,column,1.104,0.0,8.28,0.0
COL-B2F-4198,column,1.104,0.0,8.28,0.0
COL-B2F-4199,column,1.104,0.0,8.28,0.0
COL-B2F-4200,column,1.104,0.0,8.28,0.0
COL-B2F-4201,column,1.104,0.0,8.28,0.0
COL-B2F-4202,column,1.104,0.0,8.28,0.0
COL-B2F-4203,column,1.104,0.0,8.28,0.0
COL-B2F-4204,column,1.104,0.0,8.28,0.0
COL-B2F-4205,column,1.104,0.0,8.28,0.0
COL-B2F-4206,column,1.104,0.0,8.28,0.0
COL-B2F-4207,column,1.104,0.0,8.28,0.0
COL-B2F-4208,column,1.104,0.0,8.28,0.0
COL-B2F-4209,column,1.104,0.0,8.28,0.0
COL-B2F-4210,column,1.104,0.0,8.28,0.0
COL-B2F-4211,column,1.104,0.0,8.28,0.0
COL-B2F-4212,column,1.104,0.0,8.28,0.0
COL-B2F-4213,column,1.104,0.0,8.28,0.0
COL-B2F-4214,column,1.104,0.0,8.28,0.0
COL-B2F-4215,column,1.104,0.0,8.28,0.0
COL-B2F-4216,column,1.104,0.0,8.28,0.0
COL-B2F-4217,column,1.104,0.0,8.28,0.0
COL-B2F-4218,column,1.104,0.0,8.28,0.0
COL-B2F-4219,column,1.104,0.0,8.28,0.0
COL-B2F-4220,column,1.104,0.0,8.28,0.0
COL-B2F-4221,column,1.104,0.0,8.28,0.0
COL-B2F-4222,column,1.104,0.0,8.28,0.0
COL-B2F-4223,column,1.104,0.0,8.28,0.0
COL-B2F-4224,column,1.104,0.0,8.28,0.0
COL-B2F-4225,column,1.104,0.0,8.28,0.0
COL-B2F-4226,column,1.104,0.0,8.28,0.0
COL-B2F-4227,column,1.104,0.0,8.28,0.0
COL-B2F-4228,column,1.104,0.0,8.28,0.0
COL-B2F-4229,column,1.104,0.0,8.28,0.0
COL-B2F-4230,column,1.104,0.0,8.28,0.0
COL-B2F-4231,column,1.104,0.0,8.28,0.0
COL-B2F-4232,column,1.104,0.0,8.28,0.0
COL-B2F-4233,column,1.104,0.0,8.28,0.0
COL-B2F-4234,column,1.104,0.0,8.28,0.0
COL-B2F-4235,column,1.104,0.0,8.28,0.0
COL-B2F-4236,column,1.104,0.0,8.28,0.0
COL-B2F-4237,column,1.104,0.0,8.28,0.0
COL-B2F-4238,column,1.104,0.0,8.28,0.0
COL-B2F-4239,column,1.104,0.0,8.28,0.0
COL-B2F-4240,column,1.104,0.0,8.28,0.0
COL-B2F-4241,column,1.104,0.0,8.28,0.0
COL-B2F-4242,column,1.104,0.0,8.28,0.0
COL-B2F-4243,column,1.104,0.0,8.28,0.0
COL-B2F-4244,column,1.104,0.0,8.28,0.0
COL-B2F-4245,column,1.104,0.0,8.28,0.0
COL-B2F-4246,column,1.104,0.0,8.28,0.0
COL-B2F-4247,column,1.104,0.0,8.28,0.0
COL-B2F-4248,column,1.104,0.0,8.28,0.0
COL-B2F-4249,column,1.104,0.0,8.28,0.0
COL-B2F-4250,column,1.104,0.0,8.28,0.0
COL-B2F-4251,column,1.104,0.0,8.28,0.0
COL-B2F-4252,column,1.104,0.0,8.28,0.0
COL-B2F-4253,column,1.104,0.0,8.28,0.0
COL-B2F-4254,column,1.104,0.0,8.28,0.0
COL-B2F-4255,column,1.104,0.0,8.28,0.0
COL-B2F-4256,column,1.104,0.0,8.28,0.0
COL-B2F-4257,column,1.104,0.0,8.28,0.0
COL-B2F-4258,column,1.104,0.0,8.28,0.0
COL-B2F-4259,column,1.104,0.0,8.28,0.0
COL-B2F-4260,column,1.104,0.0,8.28,0.0
COL-B2F-4261,column,1.104,0.0,8.28,0.0
COL-B2F-4262,column,1.104,0.0,8.28,0.0
COL-B2F-4263,column,1.104,0.0,8.28,0.0
COL-B2F-4264,column,1.104,0.0,8.28,0.0
COL-B2F-4265,column,1.104,0.0,8.28,0.0
COL-B2F-4266,column,1.104,0.0,8.28,0.0
COL-B2F-4267,column,1.104,0.0,8.28,0.0
COL-B2F-4268,column,1.104,0.0,8.28,0.0
COL-B2F-4269,column,1.104,0.0,8.28,0.0
COL-B2F-4270,column,1.104,0.0,8.28,0.0
COL-B2F-4271,column,1.104,0.0,8.28,0.0
COL-B2F-4272,column,1.104,0.0,8.28,0.0
COL-B2F-4273,column,1.104,0.0,8.28,0.0
COL-B2F-4274,column,1.104,0.0,8.28,0.0
COL-B2F-4275,column,1.104,0.0,8.28,0.0
COL-B2F-4276,column,1.104,0.0,8.28,0.0
COL-B2F-4277,column,1.104,0.0,8.28,0.0
COL-B2F-4278,column,1.104,0.0,8.28,0.0
COL-B2F-4279,column,1.104,0.0,8.28,0.0
COL-B2F-4280,column,1.104,0.0,8.28,0.0
COL-B2F-4281,column,1.104,0.0,8.28,0.0
COL-B2F-4282,column,1.104,0.0,8.28,0.0
COL-B2F-4283,column,1.104,0.0,8.28,0.0
COL-B2F-4284,column,1.104,0.0,8.28,0.0
COL-B2F-4285,column,1.104,0.0,8.28,0.0
COL-B2F-4286,column,1.104,0.0,8.28,0.0
COL-B2F-4287,column,1.104,0.0,8.28,0.0
COL-B2F-4288,column,1.104,0.0,8.28,0.0
COL-B2F-4289,column,1.104,0.0,8.28,0.0
COL-B2F-4290,column,1.104,0.0,8.28,0.0
COL-B2F-4291,column,1.104,0.0,8.28,0.0
COL-B2F-4292,column,1.104,0.0,8.28,0.0
COL-B2F-4293,column,1.104,0.0,8.28,0.0
COL-B2F-4294,column,1.104,0.0,8.28,0.0
COL-B2F-4295,column,1.104,0.0,8.28,0.0
COL-B2F-4296,column,1.104,0.0,8.28,0.0
COL-B2F-4297,column,1.104,0.0,8.28,0.0
COL-B2F-4298,column,1.104,0.0,8.28,0.0
COL-B2F-4299,column,1.104,0.0,8.28,0.0
COL-B2F-4300,column,1.104,0.0,8.28,0.0
COL-B2F-4301,column,1.104,0.0,8.28,0.0
COL-B2F-4302,column,1.104,0.0,8.28,0.0
COL-B2F-4303,column,1.104,0.0,8.28,0.0
COL-B2F-4304,column,1.104,0.0,8.28,0.0
COL-B2F-4305,column,1.104,0.0,8.28,0.0
COL-B2F-4306,column,1.104,0.0,8.28,0.0
COL-B2F-4307,column,1.104,0.0,8.28,0.0
COL-B2F-4308,column,1.104,0.0,8.28,0.0
COL-B2F-4309,column,1.104,0.0,8.28,0.0
COL-B2F-4310,column,1.104,0.0,8.28,0.0
COL-B2F-4311,column,1.104,0.0,8.28,0.0
COL-B2F-4312,column,1.104,0.0,8.28,0.0
COL-B2F-4313,column,1.104,0.0,8.28,0.0
COL-B2F-4314,column,1.104,0.0,8.28,0.0
COL-B2F-4315,column,1.104,0.0,8.28,0.0
COL-B2F-4316,column,1.104,0.0,8.28,0.0
COL-B2F-4317,column,1.104,0.0,8.28,0.0
COL-B2F-4318,column,1.104,0.0,8.28,0.0
COL-B2F-4319,column,1.104,0.0,8.28,0.0
COL-B2F-4320,column,1.104,0.0,8.28,0.0
COL-B2F-4321,column,1.104,0.0,8.28,0.0
COL-B2F-4322,column,1.104,0.0,8.28,0.0
COL-B2F-4323,column,1.104,0.0,8.28,0.0
COL-B2F-4324,column,1.104,0.0,8.28,0.0
COL-B2F-4325,column,1.104,0.0,8.28,0.0
COL-B2F-4326,column,1.104,0.0,8.28,0.0
COL-B2F-4327,column,1.104,0.0,8.28,0.0
COL-B2F-4328,column,1.104,0.0,8.28,0.0
COL-B2F-4329,column,1.104,0.0,8.28,0.0
COL-B2F-4330,column,1.104,0.0,8.28,0.0
COL-B2F-4331,column,1.104,0.0,8.28,0.0
COL-B2F-4332,column,1.104,0.0,8.28,0.0
COL-B2F-4333,column,1.104,0.0,8.28,0.0
COL-B2F-4334,column,1.104,0.0,8.28,0.0
COL-B2F-4335,column,1.104,0.0,8.28,0.0
COL-B2F-4336,column,1.104,0.0,8.28,0.0
COL-B2F-4337,column,1.104,0.0,8.28,0.0
COL-B2F-4338,column,1.104,0.0,8.28,0.0
COL-B2F-4339,column,1.104,0.0,8.28,0.0
COL-B2F-4340,column,1.104,0.0,8.28,0.0
COL-B2F-4341,column,1.104,0.0,8.28,0.0
COL-B2F-4342,column,1.104,0.0,8.28,0.0
COL-B2F-4343,column,1.104,0.0,8.28,0.0
COL-B2F-4344,column,1.104,0.0,8.28,0.0
COL-B2F-4345,column,1.104,0.0,8.28,0.0
COL-B2F-4346,column,1.104,0.0,8.28,0.0
COL-B2F-4347,column,1.104,0.0,8.28,0.0
COL-B2F-4348,column,1.104,0.0,8.28,0.0
COL-B2F-4349,column,1.104,0.0,8.28,0.0
COL-B2F-4350,column,1.104,0.0,8.28,0.0
COL-B2F-4351,column,1.104,0.0,8.28,0.0
COL-B2F-4352,column,1.104,0.0,8.28,0.0
COL-B2F-4353,column,1.104,0.0,8.28,0.0
COL-B2F-4354,column,1.104,0.0,8.28,0.0
COL-B2F-4355,column,1.104,0.0,8.28,0.0
COL-B2F-4356,column,1.104,0.0,8.28,0.0
COL-B2F-4357,column,1.104,0.0,8.28,0.0
COL-B2F-4358,column,1.104,0.0,8.28,0.0
COL-B2F-4359,column,1.104,0.0,8.28,0.0
COL-B2F-4360,column,1.104,0.0,8.28,0.0
COL-B2F-4361,column,1.104,0.0,8.28,0.0
COL-B2F-4362,column,1.104,0.0,8.28,0.0
COL-B2F-4363,column,1.104,0.0,8.28,0.0
COL-B2F-4364,column,1.104,0.0,8.28,0.0
COL-B2F-4365,column,1.104,0.0,8.28,0.0
COL-B2F-4366,column,1.104,0.0,8.28,0.0
COL-B2F-4367,column,1.104,0.0,8.28,0.0
COL-B2F-4368,column,1.104,0.0,8.28,0.0
COL-B2F-4369,column,1.104,0.0,8.28,0.0
COL-B2F-4370,column,1.104,0.0,8.28,0.0
COL-B2F-4371,column,1.104,0.0,8.28,0.0
COL-B2F-4372,column,1.104,0.0,8.28,0.0
COL-B2F-4373,column,1.104,0.0,8.28,0.0
COL-B2F-4374,column,1.104,0.0,8.28,0.0
COL-B2F-4375,column,1.104,0.0,8.28,0.0
COL-B2F-4376,column,1.104,0.0,8.28,0.0
COL-B2F-4377,column,1.104,0.0,8.28,0.0
COL-B2F-4378,column,1.104,0.0,8.28,0.0
COL-B2F-4379,column,1.104,0.0,8.28,0.0
COL-B2F-4380,column,1.104,0.0,8.28,0.0
COL-B2F-4381,column,1.104,0.0,8.28,0.0
COL-B2F-4382,column,1.104,0.0,8.28,0.0
COL-B2F-4383,column,1.104,0.0,8.28,0.0
COL-B2F-4384,column,1.104,0.0,8.28,0.0
COL-B2F-4385,column,1.104,0.0,8.28,0.0
COL-B2F-4386,column,1.104,0.0,8.28,0.0
COL-B2F-4387,column,1.104,0.0,8.28,0.0
COL-B2F-4388,column,1.104,0.0,8.28,0.0
COL-B2F-4389,column,1.104,0.0,8.28,0.0
COL-B2F-4390,column,1.104,0.0,8.28,0.0
COL-B2F-4391,column,1.104,0.0,8.28,0.0
COL-B2F-4392,column,1.104,0.0,8.28,0.0
COL-B2F-4393,column,1.104,0.0,8.28,0.0
COL-B2F-4394,column,1.104,0.0,8.28,0.0
COL-B2F-4395,column,1.104,0.0,8.28,0.0
COL-B2F-4396,column,1.104,0.0,8.28,0.0
COL-B2F-4397,column,1.104,0.0,8.28,0.0
COL-B2F-4398,column,1.104,0.0,8.28,0.0
COL-B2F-4399,column,1.104,0.0,8.28,0.0
COL-B2F-4400,column,1.104,0.0,8.28,0.0
COL-B2F-4401,column,1.104,0.0,8.28,0.0
COL-B2F-4402,column,1.104,0.0,8.28,0.0
COL-B2F-4403,column,1.104,0.0,8.28,0.0
COL-B2F-4404,column,1.104,0.0,8.28,0.0
COL-B2F-4405,column,1.104,0.0,8.28,0.0
COL-B2F-4406,column,1.104,0.0,8.28,0.0
COL-B2F-4407,column,1.104,0.0,8.28,0.0
COL-B2F-4408,column,1.104,0.0,8.28,0.0
COL-B2F-4409,column,1.104,0.0,8.28,0.0
COL-B2F-4410,column,1.104,0.0,8.28,0.0
COL-B2F-4411,column,1.104,0.0,8.28,0.0
COL-B2F-4412,column,1.104,0.0,8.28,0.0
COL-B2F-4413,column,1.104,0.0,8.28,0.0
COL-B2F-4414,column,1.104,0.0,8.28,0.0
COL-B2F-4415,column,1.104,0.0,8.28,0.0
COL-B2F-4416,column,1.104,0.0,8.28,0.0
COL-B2F-4417,column,1.104,0.0,8.28,0.0
COL-B2F-4418,column,1.104,0.0,8.28,0.0
COL-B2F-4419,column,1.104,0.0,8.28,0.0
COL-B2F-4420,column,1.104,0.0,8.28,0.0
COL-B2F-4421,column,1.104,0.0,8.28,0.0
COL-B2F-4422,column,1.104,0.0,8.28,0.0
COL-B2F-4423,column,1.104,0.0,8.28,0.0
COL-B2F-4424,column,1.104,0.0,8.28,0.0
COL-B2F-4425,column,1.104,0.0,8.28,0.0
COL-B2F-4426,column,1.104,0.0,8.28,0.0
COL-B2F-4427,column,1.104,0.0,8.28,0.0
COL-B2F-4428,column,1.104,0.0,8.28,0.0
COL-B2F-4429,column,1.104,0.0,8.28,0.0
COL-B2F-4430,column,1.104,0.0,8.28,0.0
COL-B2F-4431,column,1.104,0.0,8.28,0.0
COL-B2F-4432,column,1.104,0.0,8.28,0.0
COL-B2F-4433,column,1.104,0.0,8.28,0.0
COL-B2F-4434,column,1.104,0.0,8.28,0.0
COL-B2F-4435,column,1.104,0.0,8.28,0.0
COL-B2F-4436,column,1.104,0.0,8.28,0.0
COL-B2F-4437,column,1.104,0.0,8.28,0.0
COL-B2F-4438,column,1.242,0.0,8.97,0.0
COL-B2F-4439,column,1.104,0.0,8.28,0.0
COL-B2F-4440,column,1.104,0.0,8.28,0.0
COL-B2F-4441,column,1.104,0.0,8.28,0.0
COL-B2F-4442,column,1.104,0.0,8.28,0.0
COL-B2F-4443,column,1.104,0.0,8.28,0.0
COL-B2F-4444,column,1.104,0.0,8.28,0.0
COL-B2F-4445,column,1.104,0.0,8.28,0.0
COL-B2F-4446,column,1.104,0.0,8.28,0.0
COL-B2F-4447,column,1.104,0.0,8.28,0.0
COL-B2F-4448,column,1.104,0.0,8.28,0.0
COL-B2F-4449,column,1.104,0.0,8.28,0.0
COL-B2F-4450,column,1.104,0.0,8.28,0.0
COL-B2F-4451,column,1.104,0.0,8.28,0.0
COL-B2F-4452,column,1.104,0.0,8.28,0.0
COL-B2F-4453,column,1.104,0.0,8.28,0.0
COL-B2F-4454,column,1.104,0.0,8.28,0.0
COL-B2F-4455,column,1.104,0.0,8.28,0.0
COL-B2F-4456,column,1.104,0.0,8.28,0.0
COL-B2F-4457,column,1.104,0.0,8.28,0.0
COL-B2F-4458,column,1.104,0.0,8.28,0.0
COL-B2F-4459,column,1.104,0.0,8.28,0.0
COL-B2F-4460,column,1.104,0.0,8.28,0.0
COL-B2F-4461,column,1.104,0.0,8.28,0.0
COL-B2F-4462,column,1.104,0.0,8.28,0.0
COL-B2F-4463,column,1.104,0.0,8.28,0.0
COL-B2F-4464,column,1.104,0.0,8.28,0.0
COL-B2F-4465,column,1.104,0.0,8.28,0.0
COL-B2F-4466,column,1.104,0.0,8.28,0.0
COL-B2F-4467,column,1.104,0.0,8.28,0.0
COL-B2F-4468,column,1.104,0.0,8.28,0.0
COL-B2F-4469,column,1.104,0.0,8.28,0.0
COL-B2F-4470,column,1.104,0.0,8.28,0.0
COL-B2F-4471,column,1.104,0.0,8.28,0.0
COL-B2F-4472,column,1.104,0.0,8.28,0.0
COL-B2F-4473,column,1.104,0.0,8.28,0.0
COL-B2F-4474,column,1.104,0.0,8.28,0.0
COL-B2F-4475,column,1.104,0.0,8.28,0.0
COL-B2F-4476,column,1.104,0.0,8.28,0.0
COL-B2F-4477,column,1.104,0.0,8.28,0.0
COL-B2F-4478,column,1.104,0.0,8.28,0.0
COL-B2F-4479,column,1.104,0.0,8.28,0.0
COL-B2F-4480,column,1.104,0.0,8.28,0.0
COL-B2F-4481,column,1.104,0.0,8.28,0.0
COL-B2F-4482,column,1.104,0.0,8.28,0.0
COL-B2F-4483,column,1.104,0.0,8.28,0.0
COL-B2F-4484,column,1.104,0.0,8.28,0.0
COL-B2F-4485,column,1.104,0.0,8.28,0.0
COL-B2F-4486,column,1.104,0.0,8.28,0.0
COL-B2F-4487,column,1.104,0.0,8.28,0.0
COL-B2F-4488,column,1.104,0.0,8.28,0.0
COL-B2F-4489,column,1.104,0.0,8.28,0.0
COL-B2F-4490,column,1.104,0.0,8.28,0.0
COL-B2F-4491,column,1.104,0.0,8.28,0.0
COL-B2F-4492,column,1.104,0.0,8.28,0.0
COL-B2F-4493,column,1.104,0.0,8.28,0.0
COL-B2F-4494,column,1.104,0.0,8.28,0.0
COL-B2F-4495,column,1.104,0.0,8.28,0.0
COL-B2F-4496,column,1.104,0.0,8.28,0.0
COL-B2F-4497,column,1.104,0.0,8.28,0.0
COL-B2F-4498,column,1.104,0.0,8.28,0.0
COL-B2F-4499,column,1.104,0.0,8.28,0.0
COL-B2F-4500,column,1.104,0.0,8.28,0.0
COL-B2F-4501,column,1.104,0.0,8.28,0.0
COL-B2F-4502,column,1.104,0.0,8.28,0.0
COL-B2F-4503,column,1.104,0.0,8.28,0.0
COL-B2F-4504,column,1.104,0.0,8.28,0.0
COL-B2F-4505,column,1.104,0.0,8.28,0.0
COL-B2F-4506,column,1.104,0.0,8.28,0.0
COL-B2F-4507,column,1.104,0.0,8.28,0.0
COL-B2F-4508,column,1.104,0.0,8.28,0.0
COL-B2F-4509,column,1.104,0.0,8.28,0.0
COL-B2F-4510,column,1.104,0.0,8.28,0.0
COL-B2F-4511,column,1.104,0.0,8.28,0.0
COL-B2F-4512,column,1.104,0.0,8.28,0.0
COL-B2F-4513,column,1.104,0.0,8.28,0.0
COL-B2F-4514,column,1.104,0.0,8.28,0.0
COL-B2F-4515,column,1.104,0.0,8.28,0.0
COL-B2F-4516,column,1.104,0.0,8.28,0.0
COL-B2F-4517,column,1.104,0.0,8.28,0.0
COL-B2F-4518,column,1.104,0.0,8.28,0.0
COL-B2F-4519,column,1.104,0.0,8.28,0.0
COL-B2F-4520,column,1.104,0.0,8.28,0.0
COL-B2F-4521,column,1.104,0.0,8.28,0.0
COL-B2F-4522,column,1.104,0.0,8.28,0.0
COL-B2F-4523,column,1.104,0.0,8.28,0.0
COL-B2F-4524,column,1.104,0.0,8.28,0.0
COL-B2F-4525,column,1.104,0.0,8.28,0.0
COL-B2F-4526,column,1.104,0.0,8.28,0.0
COL-B2F-4527,column,1.104,0.0,8.28,0.0
COL-B2F-4528,column,1.104,0.0,8.28,0.0
COL-B2F-4529,column,1.104,0.0,8.28,0.0
COL-B2F-4530,column,1.104,0.0,8.28,0.0
COL-B2F-4531,column,1.104,0.0,8.28,0.0
COL-B2F-4532,column,1.104,0.0,8.28,0.0
COL-B2F-4533,column,1.104,0.0,8.28,0.0
COL-B2F-4534,column,1.104,0.0,8.28,0.0
COL-B2F-4535,column,1.104,0.0,8.28,0.0
COL-B2F-4536,column,1.104,0.0,8.28,0.0
COL-B2F-4537,column,1.104,0.0,8.28,0.0
COL-B2F-4538,column,1.104,0.0,8.28,0.0
COL-B2F-4539,column,1.104,0.0,8.28,0.0
COL-B2F-4540,column,1.104,0.0,8.28,0.0
COL-B2F-4541,column,1.104,0.0,8.28,0.0
COL-B2F-4542,column,1.104,0.0,8.28,0.0
COL-B2F-4543,column,1.104,0.0,8.28,0.0
COL-B2F-4544,column,1.104,0.0,8.28,0.0
COL-B2F-4545,column,1.104,0.0,8.28,0.0
COL-B2F-4546,column,1.104,0.0,8.28,0.0
COL-B2F-4547,column,1.104,0.0,8.28,0.0
COL-B2F-4548,column,1.104,0.0,8.28,0.0
COL-B2F-4549,column,1.104,0.0,8.28,0.0
COL-B2F-4550,column,1.104,0.0,8.28,0.0
COL-B2F-4551,column,1.242,0.0,8.97,0.0
COL-B2F-4552,column,1.518,0.0,9.315,0.0
COL-B2F-4553,column,1.104,0.0,8.28,0.0
COL-B2F-4554,column,1.104,0.0,8.28,0.0
COL-B2F-4555,column,1.104,0.0,8.28,0.0
COL-B2F-4556,column,1.104,0.0,8.28,0.0
COL-B2F-4557,column,1.104,0.0,8.28,0.0
COL-B2F-4558,column,1.104,0.0,8.28,0.0
COL-B2F-4559,column,1.104,0.0,8.28,0.0
COL-B2F-4560,column,1.104,0.0,8.28,0.0
COL-B2F-4561,column,1.104,0.0,8.28,0.0
COL-B2F-4562,column,1.104,0.0,8.28,0.0
COL-B2F-4563,column,1.104,0.0,8.28,0.0
COL-B2F-4564,column,1.104,0.0,8.28,0.0
COL-B2F-4565,column,1.104,0.0,8.28,0.0
COL-B2F-4566,column,1.104,0.0,8.28,0.0
COL-B2F-4567,column,1.104,0.0,8.28,0.0
COL-B2F-4568,column,1.104,0.0,8.28,0.0
COL-B2F-4569,column,1.104,0.0,8.28,0.0
COL-B2F-4570,column,1.104,0.0,8.28,0.0
COL-B2F-4571,column,1.104,0.0,8.28,0.0
COL-B2F-4572,column,1.104,0.0,8.28,0.0
COL-B2F-4573,column,1.104,0.0,8.28,0.0
COL-B2F-4574,column,1.104,0.0,8.28,0.0
COL-B2F-4575,column,1.104,0.0,8.28,0.0
COL-B2F-4576,column,1.104,0.0,8.28,0.0
COL-B2F-4577,column,1.104,0.0,8.28,0.0
COL-B2F-4578,column,1.104,0.0,8.28,0.0
COL-B2F-4579,column,1.104,0.0,8.28,0.0
COL-B2F-4580,column,1.104,0.0,8.28,0.0
COL-B2F-4581,column,1.104,0.0,8.28,0.0
COL-B2F-4582,column,1.104,0.0,8.28,0.0
COL-B2F-4583,column,1.104,0.0,8.28,0.0
COL-B2F-4584,column,1.104,0.0,8.28,0.0
COL-B2F-4585,column,1.104,0.0,8.28,0.0
COL-B2F-4586,column,1.104,0.0,8.28,0.0
COL-B2F-4587,column,1.104,0.0,8.28,0.0
COL-B2F-4588,column,1.104,0.0,8.28,0.0
COL-B2F-4589,column,1.104,0.0,8.28,0.0
COL-B2F-4590,column,1.104,0.0,8.28,0.0
COL-B2F-4591,column,1.104,0.0,8.28,0.0
COL-B2F-4592,column,1.104,0.0,8.28,0.0
COL-B2F-4593,column,1.104,0.0,8.28,0.0
COL-B2F-4594,column,1.104,0.0,8.28,0.0
COL-B2F-4595,column,1.104,0.0,8.28,0.0
COL-B2F-4596,column,1.104,0.0,8.28,0.0
COL-B2F-4597,column,1.104,0.0,8.28,0.0
COL-B2F-4598,column,1.104,0.0,8.28,0.0
COL-B2F-4599,column,1.104,0.0,8.28,0.0
COL-B2F-4600,column,1.104,0.0,8.28,0.0
COL-B2F-4601,column,1.104,0.0,8.28,0.0
COL-B2F-4602,column,1.104,0.0,8.28,0.0
COL-B2F-4603,column,1.242,0.0,8.97,0.0
COL-B2F-4604,column,1.104,0.0,8.28,0.0
COL-B2F-4605,column,1.104,0.0,8.28,0.0
COL-B2F-4606,column,1.104,0.0,8.28,0.0
COL-B2F-4607,column,1.104,0.0,8.28,0.0
COL-B2F-4608,column,1.104,0.0,8.28,0.0
COL-B2F-4609,column,1.104,0.0,8.28,0.0
COL-B2F-4610,column,1.104,0.0,8.28,0.0
COL-B2F-4611,column,1.104,0.0,8.28,0.0
COL-B2F-4612,column,1.104,0.0,8.28,0.0
COL-B2F-4613,column,1.104,0.0,8.28,0.0
COL-B2F-4614,column,1.104,0.0,8.28,0.0
COL-B2F-4615,column,1.104,0.0,8.28,0.0
COL-B2F-4616,column,1.104,0.0,8.28,0.0
COL-B2F-4617,column,1.104,0.0,8.28,0.0
COL-B2F-4618,column,1.104,0.0,8.28,0.0
COL-B2F-4619,column,1.104,0.0,8.28,0.0
COL-B2F-4620,column,1.104,0.0,8.28,0.0
COL-B2F-4621,column,1.104,0.0,8.28,0.0
COL-B2F-4622,column,1.104,0.0,8.28,0.0
COL-B2F-4623,column,1.104,0.0,8.28,0.0
COL-B2F-4624,column,1.104,0.0,8.28,0.0
COL-B2F-4625,column,1.104,0.0,8.28,0.0
COL-B2F-4626,column,1.104,0.0,8.28,0.0
COL-B2F-4627,column,1.104,0.0,8.28,0.0
COL-B2F-4628,column,1.104,0.0,8.28,0.0
COL-B2F-4629,column,1.104,0.0,8.28,0.0
COL-B2F-4630,column,1.104,0.0,8.28,0.0
COL-B2F-4631,column,1.104,0.0,8.28,0.0
COL-B2F-4632,column,1.104,0.0,8.28,0.0
COL-B2F-4633,column,1.104,0.0,8.28,0.0
COL-B2F-4634,column,1.104,0.0,8.28,0.0
COL-B2F-4635,column,1.104,0.0,8.28,0.0
COL-B2F-4636,column,1.104,0.0,8.28,0.0
COL-B2F-4637,column,1.104,0.0,8.28,0.0
COL-B2F-4638,column,1.104,0.0,8.28,0.0
COL-B2F-4639,column,1.104,0.0,8.28,0.0
COL-B2F-4640,column,1.104,0.0,8.28,0.0
COL-B2F-4641,column,1.104,0.0,8.28,0.0
COL-B2F-4642,column,1.242,0.0,8.97,0.0
COL-B2F-4643,column,1.38,0.0,8.97,0.0
COL-B2F-4644,column,1.104,0.0,8.28,0.0
COL-B2F-4645,column,1.104,0.0,8.28,0.0
COL-B2F-4646,column,1.104,0.0,8.28,0.0
COL-B2F-4647,column,1.104,0.0,8.28,0.0
COL-B2F-4648,column,1.104,0.0,8.28,0.0
COL-B2F-4649,column,1.104,0.0,8.28,0.0
COL-B2F-4650,column,1.104,0.0,8.28,0.0
COL-B2F-4651,column,1.104,0.0,8.28,0.0
COL-B2F-4652,column,1.104,0.0,8.28,0.0
COL-B2F-4653,column,1.104,0.0,8.28,0.0
COL-B2F-4654,column,1.104,0.0,8.28,0.0
COL-B2F-4655,column,1.104,0.0,8.28,0.0
COL-B2F-4656,column,1.104,0.0,8.28,0.0
COL-B2F-4657,column,1.104,0.0,8.28,0.0
COL-B2F-4658,column,1.104,0.0,8.28,0.0
COL-B2F-4659,column,1.242,0.0,8.97,0.0
COL-B2F-4660,column,1.104,0.0,8.28,0.0
COL-B2F-4661,column,1.104,0.0,8.28,0.0
COL-B2F-4662,column,1.104,0.0,8.28,0.0
COL-B2F-4663,column,1.104,0.0,8.28,0.0
COL-B2F-4664,column,1.104,0.0,8.28,0.0
COL-B2F-4665,column,1.104,0.0,8.28,0.0
COL-B2F-4666,column,1.104,0.0,8.28,0.0
COL-B2F-4667,column,1.104,0.0,8.28,0.0
COL-B2F-4668,column,1.104,0.0,8.28,0.0
COL-B2F-4669,column,0.3881,0.0,6.21,0.0
COL-B2F-4670,column,0.3881,0.0,6.21,0.0
COL-B2F-4671,column,0.3881,0.0,6.21,0.0
COL-B2F-4672,column,0.3881,0.0,6.21,0.0
COL-B2F-4673,column,0.3881,0.0,6.21,0.0
COL-B2F-4674,column,0.3881,0.0,6.21,0.0
COL-B2F-4675,column,0.3881,0.0,6.21,0.0
COL-B2F-4676,column,0.3881,0.0,6.21,0.0
COL-B2F-4677,column,0.3881,0.0,6.21,0.0
COL-B2F-4678,column,0.3881,0.0,6.21,0.0
COL-B2F-4679,column,0.3881,0.0,6.21,0.0
COL-B2F-4680,column,0.3881,0.0,6.21,0.0
COL-B2F-4681,column,0.3881,0.0,6.21,0.0
COL-B2F-4682,column,0.3881,0.0,6.21,0.0
COL-B2F-4683,column,0.3881,0.0,6.21,0.0
COL-B2F-4684,column,0.3881,0.0,6.21,0.0
COL-B2F-4685,column,0.3881,0.0,6.21,0.0
COL-B2F-4686,column,0.3881,0.0,6.21,0.0
COL-B2F-4687,column,0.3881,0.0,6.21,0.0
COL-B2F-4688,column,0.3881,0.0,6.21,0.0
COL-B2F-4689,column,0.3881,0.0,6.21,0.0
COL-B2F-4690,column,0.3881,0.0,6.21,0.0
COL-B2F-4691,column,0.3881,0.0,6.21,0.0
COL-B2F-4692,column,0.3881,0.0,6.21,0.0
COL-B2F-4693,column,0.3881,0.0,6.21,0.0
COL-B2F-4694,column,0.3881,0.0,6.21,0.0
COL-B2F-4695,column,0.3881,0.0,6.21,0.0
COL-B2F-4696,column,0.3881,0.0,6.21,0.0
COL-B2F-4697,column,0.3881,0.0,6.21,0.0
COL-B2F-4698,column,0.3881,0.0,6.21,0.0
COL-B2F-4699,column,0.3881,0.0,6.21,0.0
COL-B2F-4700,column,0.3881,0.0,6.21,0.0
COL-B2F-4701,column,0.3881,0.0,6.21,0.0
COL-B2F-4702,column,0.3881,0.0,6.21,0.0
COL-B2F-4703,column,0.3881,0.0,6.21,0.0
COL-B2F-4704,column,0.3881,0.0,6.21,0.0
COL-B2F-4705,column,0.3881,0.0,6.21,0.0
COL-B2F-4706,column,0.3881,0.0,6.21,0.0
COL-B2F-4707,column,0.3881,0.0,6.21,0.0
COL-B2F-4708,column,0.3881,0.0,6.21,0.0
COL-B2F-4709,column,1.4376,0.0,9.405,0.0
COL-B2F-4710,column,0.3881,0.0,6.21,0.0
COL-B2F-4711,column,0.3881,0.0,6.21,0.0
COL-B2F-4712,column,1.4376,0.0,9.405,0.0
COL-B2F-4713,column,0.3881,0.0,6.21,0.0
COL-B2F-4714,column,0.3881,0.0,6.21,0.0
COL-B2F-4715,column,1.2075,0.0,8.28,0.0
COL-B2F-4716,column,1.104,0.0,8.28,0.0
COL-B2F-4717,column,6.7746,0.0,19.361,0.0
COL-B2F-4718,column,3.6225,0.0,15.18,0.0
COL-B2F-4719,column,2.484,0.0,12.42,0.0
COL-B2F-4720,column,3.105,0.0,14.49,0.0
COL-B2F-4721,column,3.105,0.0,14.49,0.0
COL-B2F-4722,column,1.2075,0.0,8.28,0.0
COL-B2F-4723,column,1.2075,0.0,8.28,0.0
COL-B2F-4724,column,4.14,0.0,15.87,0.0
COL-B2F-4725,column,2.484,0.0,12.42,0.0
COL-B2F-4726,column,2.691,0.0,13.11,0.0
COL-B2F-4727,column,10.5993,0.0,24.212,0.0
COL-B2F-4728,column,2.362,0.0,11.447,0.0
COL-B2F-4729,column,3.0998,0.0,14.483,0.0
COL-B2F-4730,column,3.312,0.0,15.18,0.0
COL-B2F-4731,column,3.726,0.0,16.56,0.0
COL-B2F-4732,column,2.484,0.0,12.42,0.0
COL-B2F-4733,column,2.484,0.0,12.42,0.0
COL-B2F-4734,column,5.7471,0.0,17.899,0.0
COL-B2F-4735,column,5.1693,0.0,16.96,0.0
COL-B2F-4736,column,6.7746,0.0,19.361,0.0
COL-B2F-4737,column,6.7746,0.0,19.361,0.0
COL-B2F-4738,column,12.3327,0.0,26.137,0.0
COL-B2F-4739,column,3.105,0.0,14.49,0.0
COL-B2F-4740,column,9.7409,0.0,23.232,0.0
COL-B2F-4741,column,9.7409,0.0,23.232,0.0
COL-B2F-4742,column,4.5885,0.0,17.94,0.0
COL-B2F-4743,column,3.105,0.0,14.49,0.0
COL-B2F-4744,column,7.4699,0.0,20.334,0.0
COL-B2F-4745,column,1.2051,0.0,8.273,0.0
COL-B2F-4746,column,1.2075,0.0,8.28,0.0
COL-B2F-4747,column,1.2075,0.0,8.28,0.0
COL-B2F-4748,column,1.2075,0.0,8.28,0.0
COL-B2F-4749,column,1.7499,0.0,10.033,0.0
COL-B2F-4750,column,1.7499,0.0,10.033,0.0
COL-B2F-4751,column,0.3105,0.0,5.175,0.0
COL-B2F-4752,column,0.3105,0.0,5.175,0.0
COL-B2F-4753,column,0.3105,0.0,5.175,0.0
COL-B2F-4754,column,0.3105,0.0,5.175,0.0
COL-B2F-4755,column,0.3881,0.0,6.21,0.0
COL-B2F-4756,column,0.3881,0.0,6.21,0.0
COL-B2F-4757,column,1.4376,0.0,9.405,0.0
COL-B2F-4758,column,0.3881,0.0,6.21,0.0
COL-B2F-4759,column,0.3881,0.0,6.21,0.0
COL-B2F-4760,column,2.898,0.0,13.8,0.0
COL-B2F-4761,column,5.175,0.0,17.25,0.0
COL-B2F-4762,column,5.175,0.0,17.25,0.0
COL-B2F-4763,column,5.175,0.0,17.25,0.0
COL-B2F-4764,column,5.175,0.0,17.25,0.0
COL-B2F-4765,column,5.8305,0.0,17.94,0.0
COL-B2F-4766,column,5.8305,0.0,17.94,0.0
COL-B2F-4767,column,3.4155,0.0,13.8,0.0
COL-B2F-4768,column,3.105,0.0,14.49,0.0
COL-B2F-4769,column,2.484,0.0,12.42,0.0
COL-B2F-4770,column,2.484,0.0,12.42,0.0
COL-B2F-4771,column,3.726,0.0,16.56,0.0
COL-B2F-4772,column,4.554,0.0,19.32,0.0
COL-B2F-4773,column,3.726,0.0,16.56,0.0
COL-B2F-4774,column,1.2075,0.0,8.28,0.0
COL-B2F-4775,column,1.2075,0.0,8.28,0.0
COL-B2F-4776,column,1.2075,0.0,8.28,0.0
COL-B2F-4777,column,4.1055,0.0,16.56,0.0
COL-B2F-4778,column,2.484,0.0,12.42,0.0
COL-B2F-4779,column,2.4799,0.0,12.413,0.0
COL-B2F-4780,column,3.105,0.0,14.49,0.0
COL-B2F-4781,column,3.0998,0.0,14.483,0.0
COL-B2F-4782,column,7.9068,0.0,20.99,0.0
COL-B2F-4783,column,7.2135,0.0,20.038,0.0
COL-B2F-4784,column,7.2135,0.0,20.038,0.0
COL-B2F-4785,column,7.2135,0.0,20.038,0.0
COL-B2F-4786,column,7.2135,0.0,20.038,0.0
COL-B2F-4787,column,7.2135,0.0,20.038,0.0
COL-B2F-4788,column,1.2075,0.0,8.28,0.0
COL-B2F-4789,column,1.2075,0.0,8.28,0.0
COL-B2F-4790,column,1.2075,0.0,8.28,0.0
COL-B2F-4791,column,1.2075,0.0,8.28,0.0
COL-B2F-4792,column,2.3708,0.0,11.447,0.0
COL-B2F-4793,column,1.2075,0.0,8.28,0.0
COL-B2F-4794,column,7.327,0.0,20.169,0.0
COL-B2F-4795,column,8.8175,0.0,22.094,0.0
COL-B2F-4796,column,9.6001,0.0,23.06,0.0
COL-B2F-4797,column,4.1372,0.0,15.863,0.0
COL-B2F-4798,column,4.14,0.0,15.87,0.0
COL-B2F-4799,column,2.484,0.0,12.42,0.0
COL-B2F-4800,column,2.484,0.0,12.42,0.0
COL-B2F-4801,column,3.6225,0.0,15.18,0.0
COL-B2F-4802,column,3.105,0.0,14.49,0.0
COL-B2F-4803,column,4.0996,0.0,16.553,0.0
COL-B2F-4804,column,3.105,0.0,14.49,0.0
COL-B2F-4805,column,4.83,0.0,18.63,0.0
COL-B2F-4806,column,2.6865,0.0,13.103,0.0
COL-B2F-4807,column,2.484,0.0,12.42,0.0
COL-B2F-4808,column,1.104,0.0,8.28,0.0
COL-B2F-4809,column,4.83,0.0,18.63,0.0
COL-B2F-4810,column,4.83,0.0,18.63,0.0
COL-B2F-4811,column,4.14,0.0,17.94,0.0
COL-B2F-4812,column,4.1372,0.0,15.863,0.0
COL-B2F-4813,column,4.14,0.0,15.87,0.0
COL-B2F-4814,column,4.14,0.0,17.94,0.0
COL-B2F-4815,column,4.14,0.0,15.87,0.0
COL-B2F-4816,column,4.416,0.0,16.56,0.0
COL-B2F-4817,column,7.5309,0.0,20.403,0.0
COL-B2F-4818,column,7.5309,0.0,20.403,0.0
COL-B2F-4819,column,14.3636,0.0,28.18,0.0
COL-B2F-4820,column,7.5309,0.0,20.403,0.0
COL-B2F-4821,column,7.3392,0.0,20.334,0.0
COL-B2F-4822,column,7.3392,0.0,20.334,0.0
COL-B2F-4823,column,7.3392,0.0,20.334,0.0
COL-B2F-4824,column,7.3392,0.0,20.334,0.0
COL-B2F-4825,column,1.863,0.0,10.35,0.0
COL-B2F-4826,column,1.863,0.0,10.35,0.0
COL-B2F-4827,column,12.1576,0.0,26.006,0.0
COL-B2F-4828,column,2.484,0.0,12.42,0.0
COL-B2F-4829,column,2.898,0.0,13.8,0.0
COL-B2F-4830,column,2.0679,0.0,11.033,0.0
COL-B2F-4831,column,2.0679,0.0,11.033,0.0
COL-B2F-4832,column,2.484,0.0,12.42,0.0
COL-B2F-4833,column,3.3099,0.0,15.173,0.0
COL-B2F-4834,column,2.07,0.0,11.04,0.0
COL-B2F-4835,column,1.2075,0.0,8.28,0.0
COL-B2F-4836,column,1.2075,0.0,8.28,0.0
COL-B2F-4837,column,1.2075,0.0,8.28,0.0
COL-B2F-4838,column,1.2075,0.0,8.28,0.0
COL-B2F-4839,column,1.2075,0.0,8.28,0.0
COL-B2F-4840,column,5.2751,0.0,17.45,0.0
COL-B2F-4841,column,3.105,0.0,14.49,0.0
COL-B2F-4842,column,4.14,0.0,17.94,0.0
COL-B2F-4843,column,2.0679,0.0,11.033,0.0
COL-B2F-4844,column,2.07,0.0,11.04,0.0
COL-B2F-4845,column,2.07,0.0,11.04,0.0
COL-B2F-4846,column,2.277,0.0,11.73,0.0
COL-B2F-4847,column,2.07,0.0,11.04,0.0
COL-B2F-4848,column,3.105,0.0,14.49,0.0
COL-B2F-4849,column,2.0679,0.0,11.033,0.0
COL-B2F-4850,column,2.415,0.0,11.73,0.0
COL-B2F-4851,column,2.415,0.0,11.73,0.0
COL-B2F-4852,column,4.14,0.0,15.18,0.0
COL-B2F-4853,column,2.6565,0.0,12.42,0.0
COL-B2F-4854,column,2.415,0.0,11.73,0.0
COL-B2F-4855,column,2.07,0.0,11.04,0.0
COL-B2F-4856,column,2.277,0.0,11.73,0.0
COL-B2F-4857,column,2.07,0.0,11.04,0.0
COL-B2F-4858,column,2.415,0.0,11.73,0.0
COL-B2F-4859,column,2.6565,0.0,12.42,0.0
COL-B2F-4860,column,4.1055,0.0,16.56,0.0
COL-B2F-4861,column,2.484,0.0,12.42,0.0
COL-B2F-4862,column,2.07,0.0,11.04,0.0
COL-B2F-4863,column,2.07,0.0,11.04,0.0
COL-B2F-4864,column,1.2075,0.0,8.28,0.0
COL-B2F-4865,column,1.2075,0.0,8.28,0.0
COL-B2F-4866,column,2.8678,0.0,12.779,0.0
COL-B2F-4867,column,2.8678,0.0,12.779,0.0
COL-B2F-4868,column,4.6417,0.0,16.781,0.0
COL-B2F-4869,column,4.6417,0.0,16.781,0.0
COL-B2F-4870,column,4.6417,0.0,16.781,0.0
COL-B2F-4871,column,4.6417,0.0,16.781,0.0
COL-B2F-4872,column,4.6417,0.0,16.781,0.0
COL-B2F-4873,column,5.4348,0.0,18.382,0.0
COL-B2F-4874,column,8.2544,0.0,22.377,0.0
COL-B2F-4875,column,1.2075,0.0,8.28,0.0
COL-B2F-4876,column,1.2075,0.0,8.28,0.0
COL-B2F-4877,column,1.2075,0.0,8.28,0.0
COL-B2F-4878,column,1.2075,0.0,8.28,0.0
COL-B2F-4879,column,1.6411,0.0,9.584,0.0
COL-B2F-4880,column,1.6411,0.0,9.584,0.0
COL-B2F-4881,column,1.6411,0.0,9.584,0.0
COL-B2F-4882,column,1.6411,0.0,9.584,0.0
COL-B2F-4883,column,1.6411,0.0,9.584,0.0
COL-B2F-4884,column,1.2051,0.0,8.273,0.0
COL-B2F-4885,column,2.0665,0.0,11.033,0.0
COL-B2F-4886,column,2.07,0.0,11.04,0.0
COL-B2F-4887,column,2.277,0.0,11.73,0.0
COL-B2F-4888,column,2.898,0.0,13.8,0.0
COL-B2F-4889,column,2.07,0.0,11.04,0.0
COL-B2F-4890,column,2.0665,0.0,11.033,0.0
COL-B2F-4891,column,3.5422,0.0,14.38,0.0
COL-B2F-4892,column,5.8444,0.0,19.175,0.0
COL-B2F-4893,column,3.5422,0.0,14.38,0.0
COL-B2F-4894,column,3.5422,0.0,14.38,0.0
COL-B2F-4895,column,5.0279,0.0,17.574,0.0
COL-B2F-4896,column,2.8678,0.0,12.779,0.0
COL-B2F-4897,column,2.8678,0.0,12.779,0.0
COL-B2F-4898,column,3.5422,0.0,14.38,0.0
COL-B2F-4899,column,2.8678,0.0,12.779,0.0
COL-B2F-4900,column,1.2051,0.0,8.273,0.0
COL-B2F-4901,column,1.2051,0.0,8.273,0.0
COL-B2F-4902,column,1.2051,0.0,8.273,0.0
COL-B2F-4903,column,2.07,0.0,11.04,0.0
COL-B2F-4904,column,2.6541,0.0,12.413,0.0
COL-B2F-4905,column,2.6565,0.0,12.42,0.0
COL-B2F-4906,column,2.8956,0.0,13.103,0.0
COL-B2F-4907,column,2.484,0.0,12.42,0.0
COL-B2F-4908,column,2.6541,0.0,12.413,0.0
COL-B2F-4909,column,2.6565,0.0,12.42,0.0
COL-B2F-4910,column,2.8956,0.0,13.103,0.0
COL-B2F-4911,column,2.6565,0.0,12.42,0.0
COL-B2F-4912,column,3.1371,0.0,13.793,0.0
COL-B2F-4913,column,2.6565,0.0,12.42,0.0
COL-B2F-4914,column,3.8616,0.0,15.863,0.0
COL-B2F-4915,column,3.1395,0.0,13.8,0.0
COL-B2F-4916,column,3.1371,0.0,13.793,0.0
COL-B2F-4917,column,3.864,0.0,15.87,0.0
COL-B2F-4918,column,2.8956,0.0,13.103,0.0
COL-B2F-4919,column,2.898,0.0,13.11,0.0
COL-B2F-4920,column,3.8616,0.0,15.863,0.0
COL-B2F-4921,column,2.0679,0.0,11.033,0.0
COL-B2F-4922,column,3.864,0.0,15.87,0.0
COL-B2F-4923,column,0.8625,0.0,6.9,0.0
COL-B2F-4924,column,0.8608,0.0,6.893,0.0
COL-B2F-4925,column,0.8625,0.0,6.9,0.0
COL-B2F-4926,column,0.8625,0.0,6.9,0.0
COL-B2F-4927,column,1.2075,0.0,8.28,0.0
COL-B2F-4928,column,1.2058,0.0,8.273,0.0
COL-B2F-4929,column,1.2075,0.0,8.28,0.0
COL-B2F-4930,column,1.2075,0.0,8.28,0.0
COL-B2F-4931,column,2.691,0.0,13.11,0.0
COL-B2F-4932,column,2.277,0.0,11.73,0.0
COL-B2F-4933,column,2.484,0.0,12.42,0.0
COL-B2F-4934,column,2.277,0.0,11.73,0.0
COL-B2F-4935,column,2.07,0.0,11.04,0.0
COL-B2F-4936,column,2.691,0.0,13.11,0.0
COL-B2F-4937,column,2.07,0.0,11.04,0.0
COL-B2F-4938,column,4.347,0.0,18.63,0.0
COL-B2F-4939,column,2.277,0.0,11.73,0.0
COL-B2F-4940,column,2.898,0.0,13.8,0.0
COL-B2F-4941,column,2.07,0.0,11.04,0.0
COL-B2F-4942,column,2.484,0.0,12.42,0.0
COL-B2F-4943,column,2.07,0.0,11.04,0.0
COL-B2F-4944,column,2.484,0.0,12.42,0.0
COL-B2F-4945,column,2.484,0.0,12.42,0.0
COL-B2F-4946,column,2.4799,0.0,12.413,0.0
COL-B2F-4947,column,2.691,0.0,13.11,0.0
COL-B2F-4948,column,2.691,0.0,13.11,0.0
COL-B2F-4949,column,2.898,0.0,13.8,0.0
COL-B2F-4950,column,2.898,0.0,13.8,0.0
COL-B2F-4951,column,2.898,0.0,13.8,0.0
COL-B2F-4952,column,2.484,0.0,12.42,0.0
COL-B2F-4953,column,2.691,0.0,13.11,0.0
COL-B2F-4954,column,3.5719,0.0,14.138,0.0
COL-B2F-4955,column,3.5719,0.0,14.138,0.0
COL-B2F-4956,column,5.9915,0.0,18.561,0.0
COL-B2F-4957,column,3.5719,0.0,14.138,0.0
COL-B2F-4958,column,11.0196,0.0,25.64,0.0
COL-B2F-4959,column,3.5719,0.0,14.138,0.0
COL-B2F-4960,column,3.5719,0.0,14.138,0.0
COL-B2F-4961,column,3.5719,0.0,14.138,0.0
COL-B2F-4962,column,4.4759,0.0,15.911,0.0
COL-B2F-4963,column,3.5719,0.0,14.138,0.0
COL-B2F-4964,column,5.9915,0.0,18.561,0.0
COL-B2F-4965,column,4.0148,0.0,15.028,0.0
COL-B2F-4966,column,4.4759,0.0,15.911,0.0
COL-B2F-4967,column,5.4642,0.0,17.678,0.0
COL-B2F-4968,column,4.4759,0.0,15.911,0.0
COL-B2F-4969,column,3.5719,0.0,14.138,0.0
COL-B2F-4970,column,4.4759,0.0,15.911,0.0
COL-B2F-4971,column,2.277,0.0,11.73,0.0
COL-B2F-4972,column,11.746,0.0,26.524,0.0
COL-B2F-4973,column,4.968,0.0,20.7,0.0
COL-B2F-4974,column,5.175,0.0,21.39,0.0
COL-B2F-4975,column,2.277,0.0,11.73,0.0
COL-B2F-4976,column,3.4124,0.0,13.793,0.0
COL-B2F-4977,column,2.898,0.0,13.8,0.0
COL-B2F-4978,column,2.277,0.0,11.73,0.0
COL-B2F-4979,column,2.277,0.0,11.73,0.0
COL-B2F-4980,column,2.277,0.0,11.73,0.0
COL-B2F-4981,column,2.484,0.0,12.42,0.0
COL-B2F-4982,column,2.898,0.0,13.8,0.0
COL-B2F-4983,column,3.5719,0.0,14.138,0.0
COL-B2F-4984,column,2.484,0.0,12.42,0.0
COL-B2F-4985,column,2.277,0.0,11.73,0.0
COL-B2F-4986,column,2.277,0.0,11.73,0.0
COL-B2F-4987,column,2.277,0.0,11.73,0.0
COL-B2F-4988,column,2.07,0.0,11.04,0.0
COL-B2F-4989,column,2.07,0.0,11.04,0.0
COL-B2F-4990,column,2.484,0.0,12.42,0.0
COL-B2F-4991,column,2.07,0.0,11.04,0.0
COL-B2F-4992,column,3.312,0.0,15.18,0.0
COL-B2F-4993,column,2.277,0.0,11.73,0.0
COL-B2F-4994,column,3.312,0.0,15.18,0.0
COL-B2F-4995,column,2.898,0.0,13.8,0.0
COL-B2F-4996,column,2.691,0.0,13.11,0.0
COL-B2F-4997,column,2.691,0.0,13.11,0.0
COL-B2F-4998,column,2.484,0.0,12.42,0.0
COL-B2F-4999,column,2.898,0.0,13.8,0.0
COL-B2F-5000,column,2.691,0.0,13.11,0.0
COL-B2F-5001,column,2.691,0.0,13.11,0.0
COL-B2F-5002,column,2.6889,0.0,13.103,0.0
COL-B2F-5003,column,2.691,0.0,13.11,0.0
COL-B2F-5004,column,2.07,0.0,11.04,0.0
COL-B2F-5005,column,2.4819,0.0,12.413,0.0
COL-B2F-5006,column,2.07,0.0,11.04,0.0
COL-B2F-5007,column,2.6889,0.0,13.103,0.0
COL-B2F-5008,column,2.484,0.0,12.42,0.0
COL-B2F-5009,column,2.07,0.0,11.04,0.0
COL-B2F-5010,column,2.07,0.0,11.04,0.0
COL-B2F-5011,column,2.4819,0.0,12.413,0.0
COL-B2F-5012,column,2.691,0.0,13.11,0.0
COL-B2F-5013,column,3.312,0.0,15.18,0.0
COL-B2F-5014,column,2.07,0.0,11.04,0.0
COL-B2F-5015,column,3.519,0.0,15.87,0.0
COL-B2F-5016,column,3.5719,0.0,14.138,0.0
COL-B2F-5017,column,3.5719,0.0,14.138,0.0
COL-B2F-5018,column,4.0148,0.0,15.028,0.0
COL-B2F-5019,column,3.5719,0.0,14.138,0.0
COL-B2F-5020,column,4.4759,0.0,15.911,0.0
COL-B2F-5021,column,3.7912,0.0,14.483,0.0
COL-B2F-5022,column,3.1019,0.0,13.103,0.0
COL-B2F-5023,column,2.0253,0.0,10.605,0.0
COL-B2F-5024,column,5.582,0.0,17.554,0.0
COL-B2F-5025,column,2.4576,0.0,11.647,0.0
COL-B2F-5026,column,2.4576,0.0,11.647,0.0
COL-B2F-5027,column,2.4576,0.0,11.647,0.0
COL-B2F-5028,column,2.4576,0.0,11.647,0.0
COL-B2F-5029,column,5.582,0.0,17.554,0.0
COL-B2F-5030,column,2.4576,0.0,11.647,0.0
COL-B2F-5031,column,2.4576,0.0,11.647,0.0
COL-B2F-5032,column,2.4576,0.0,11.647,0.0
COL-B2F-5033,column,2.4576,0.0,11.647,0.0
COL-B2F-5034,column,5.582,0.0,17.554,0.0
COL-B2F-5035,column,2.4576,0.0,11.647,0.0
COL-B2F-5036,column,2.4576,0.0,11.647,0.0
COL-B2F-5037,column,2.4576,0.0,11.647,0.0
COL-B2F-5038,column,2.4576,0.0,11.647,0.0
COL-B2F-5039,column,5.582,0.0,17.554,0.0
COL-B2F-5040,column,2.4576,0.0,11.647,0.0
COL-B2F-5041,column,2.4576,0.0,11.647,0.0
COL-B2F-5042,column,2.4576,0.0,11.647,0.0
COL-B2F-5043,column,2.4576,0.0,11.647,0.0
COL-B2F-5044,column,1.104,0.0,8.28,0.0
COL-B2F-5045,column,0.4891,0.0,7.997,0.0
COL-B2F-5046,column,0.4891,0.0,7.997,0.0
COL-B2F-5047,column,1.2075,0.0,8.28,0.0
COL-B2F-5048,column,0.3881,0.0,6.21,0.0
COL-B2F-5049,column,0.3881,0.0,6.21,0.0
COL-B2F-5050,column,0.3881,0.0,6.21,0.0
COL-B2F-5051,column,0.3881,0.0,6.21,0.0
COL-B2F-5052,column,1.4376,0.0,9.405,0.0
COL-B2F-5053,column,0.3881,0.0,6.21,0.0
COL-B2F-5054,column,0.3881,0.0,6.21,0.0
COL-B2F-5055,column,1.4376,0.0,9.405,0.0
COL-B2F-5056,column,0.3881,0.0,6.21,0.0
COL-B2F-5057,column,0.3881,0.0,6.21,0.0
COL-B2F-5058,column,1.4376,0.0,9.405,0.0
COL-B2F-5059,column,0.3881,0.0,6.21,0.0
COL-B2F-5060,column,0.3881,0.0,6.21,0.0
COL-B2F-5061,column,1.4376,0.0,9.405,0.0
COL-B2F-5062,column,0.3881,0.0,6.21,0.0
COL-B2F-5063,column,0.3881,0.0,6.21,0.0
COL-B2F-5064,column,0.3881,0.0,6.21,0.0
COL-B2F-5065,column,0.3881,0.0,6.21,0.0
COL-B2F-5066,column,0.3881,0.0,6.21,0.0
COL-B2F-5067,column,0.3881,0.0,6.21,0.0
COL-B2F-5068,column,0.3881,0.0,6.21,0.0
COL-B2F-5069,column,0.3881,0.0,6.21,0.0
COL-B2F-5070,column,0.3881,0.0,6.21,0.0
COL-B2F-5071,column,0.3881,0.0,6.21,0.0
COL-B2F-5072,column,1.4376,0.0,9.405,0.0
COL-B2F-5073,column,0.3881,0.0,6.21,0.0
COL-B2F-5074,column,0.3881,0.0,6.21,0.0
COL-B2F-5075,column,1.4376,0.0,9.405,0.0
COL-B2F-5076,column,0.3881,0.0,6.21,0.0
COL-B2F-5077,column,0.3881,0.0,6.21,0.0
COL-B2F-5078,column,1.4376,0.0,9.405,0.0
COL-B2F-5079,column,0.3881,0.0,6.21,0.0
COL-B2F-5080,column,0.3881,0.0,6.21,0.0
COL-B2F-5081,column,1.4376,0.0,9.405,0.0
COL-B2F-5082,column,0.3881,0.0,6.21,0.0
COL-B2F-5083,column,0.3881,0.0,6.21,0.0
COL-B2F-5084,column,1.4376,0.0,9.405,0.0
COL-B2F-5085,column,0.3881,0.0,6.21,0.0
COL-B2F-5086,column,0.3881,0.0,6.21,0.0
COL-B2F-5087,column,1.4376,0.0,9.405,0.0
COL-B2F-5088,column,0.3881,0.0,6.21,0.0
COL-B2F-5089,column,0.3881,0.0,6.21,0.0
COL-B2F-5090,column,0.3881,0.0,6.21,0.0
COL-B2F-5091,column,0.3881,0.0,6.21,0.0
COL-B2F-5092,column,0.3881,0.0,6.21,0.0
COL-B2F-5093,column,0.3881,0.0,6.21,0.0
COL-B2F-5094,column,0.3881,0.0,6.21,0.0
COL-B2F-5095,column,0.3881,0.0,6.21,0.0
COL-B2F-5096,column,0.3881,0.0,6.21,0.0
COL-B2F-5097,column,0.3881,0.0,6.21,0.0
COL-B2F-5098,column,0.3881,0.0,6.21,0.0
COL-B2F-5099,column,0.3881,0.0,6.21,0.0
COL-B2F-5100,column,0.3881,0.0,6.21,0.0
COL-B2F-5101,column,0.3881,0.0,6.21,0.0
COL-B2F-5102,column,0.3881,0.0,6.21,0.0
COL-B2F-5103,column,0.3881,0.0,6.21,0.0
COL-B2F-5104,column,0.3881,0.0,6.21,0.0
COL-B2F-5105,column,0.3881,0.0,6.21,0.0
COL-B2F-5106,column,0.3881,0.0,6.21,0.0
COL-B2F-5107,column,0.3881,0.0,6.21,0.0
COL-B2F-5108,column,0.3881,0.0,6.21,0.0
COL-B2F-5109,column,0.3881,0.0,6.21,0.0
COL-B2F-5110,column,0.3881,0.0,6.21,0.0
COL-B2F-5111,column,0.3881,0.0,6.21,0.0
COL-B2F-5112,column,0.3881,0.0,6.21,0.0
COL-B2F-5113,column,0.3881,0.0,6.21,0.0
COL-B2F-5114,column,0.3881,0.0,6.21,0.0
COL-B2F-5115,column,0.3881,0.0,6.21,0.0
COL-B2F-5116,column,0.3881,0.0,6.21,0.0
COL-B2F-5117,column,0.3881,0.0,6.21,0.0
COL-B2F-5118,column,0.3881,0.0,6.21,0.0
COL-B2F-5119,column,0.3881,0.0,6.21,0.0
COL-B2F-5120,column,0.3881,0.0,6.21,0.0
COL-B2F-5121,column,0.3881,0.0,6.21,0.0
COL-B2F-5122,column,0.3881,0.0,6.21,0.0
COL-B2F-5123,column,0.3881,0.0,6.21,0.0
COL-B2F-5124,column,0.3881,0.0,6.21,0.0
COL-B2F-5125,column,0.3881,0.0,6.21,0.0
COL-B2F-5126,column,0.3881,0.0,6.21,0.0
COL-B2F-5127,column,0.3881,0.0,6.21,0.0
COL-B2F-5128,column,0.3881,0.0,6.21,0.0
COL-B2F-5129,column,0.3881,0.0,6.21,0.0
COL-B2F-5130,column,0.3881,0.0,6.21,0.0
COL-B2F-5131,column,0.3881,0.0,6.21,0.0
COL-B2F-5132,column,0.3881,0.0,6.21,0.0
COL-B2F-5133,column,0.3881,0.0,6.21,0.0
COL-B2F-5134,column,0.3881,0.0,6.21,0.0
COL-B2F-5135,column,0.3881,0.0,6.21,0.0
COL-B2F-5136,column,0.3881,0.0,6.21,0.0
COL-B2F-5137,column,0.3881,0.0,6.21,0.0
COL-B2F-5138,column,0.3881,0.0,6.21,0.0
COL-B2F-5139,column,0.3881,0.0,6.21,0.0
COL-B2F-5140,column,0.3881,0.0,6.21,0.0
COL-B2F-5141,column,0.3881,0.0,6.21,0.0
COL-B2F-5142,column,0.3881,0.0,6.21,0.0
COL-B2F-5143,column,0.3881,0.0,6.21,0.0
COL-B2F-5144,column,0.3881,0.0,6.21,0.0
COL-B2F-5145,column,0.3881,0.0,6.21,0.0
COL-B2F-5146,column,0.3881,0.0,6.21,0.0
COL-B2F-5147,column,0.3881,0.0,6.21,0.0
COL-B2F-5148,column,0.3881,0.0,6.21,0.0
COL-B2F-5149,column,0.3881,0.0,6.21,0.0
COL-B2F-5150,column,0.3881,0.0,6.21,0.0
COL-B2F-5151,column,0.3881,0.0,6.21,0.0
COL-B2F-5152,column,0.3881,0.0,6.21,0.0
COL-B2F-5153,column,0.3881,0.0,6.21,0.0
COL-B2F-5154,column,0.3881,0.0,6.21,0.0
COL-B2F-5155,column,0.3881,0.0,6.21,0.0
COL-B2F-5156,column,0.3881,0.0,6.21,0.0
COL-B2F-5157,column,0.3881,0.0,6.21,0.0
COL-B2F-5158,column,0.3881,0.0,6.21,0.0
COL-B2F-5159,column,0.3881,0.0,6.21,0.0
COL-B2F-5160,column,0.3881,0.0,6.21,0.0
COL-B2F-5161,column,0.3881,0.0,6.21,0.0
COL-B2F-5162,column,0.3881,0.0,6.21,0.0
COL-B2F-5163,column,0.3881,0.0,6.21,0.0
COL-B2F-5164,column,0.3881,0.0,6.21,0.0
COL-B2F-5165,column,0.3881,0.0,6.21,0.0
COL-B2F-5166,column,0.3881,0.0,6.21,0.0
COL-B2F-5167,column,0.3881,0.0,6.21,0.0
COL-B2F-5168,column,0.3881,0.0,6.21,0.0
COL-B2F-5169,column,0.3881,0.0,6.21,0.0
COL-B2F-5170,column,0.3881,0.0,6.21,0.0
COL-B2F-5171,column,0.3881,0.0,6.21,0.0
COL-B2F-5172,column,1.4376,0.0,9.405,0.0
COL-B2F-5173,column,0.3881,0.0,6.21,0.0
COL-B2F-5174,column,0.3881,0.0,6.21,0.0
COL-B2F-5175,column,1.4376,0.0,9.405,0.0
COL-B2F-5176,column,0.3881,0.0,6.21,0.0
COL-B2F-5177,column,0.3881,0.0,6.21,0.0
COL-B2F-5178,column,1.4376,0.0,9.405,0.0
COL-B2F-5179,column,0.3881,0.0,6.21,0.0
COL-B2F-5180,column,0.3881,0.0,6.21,0.0
COL-B2F-5181,column,1.4376,0.0,9.405,0.0
COL-B2F-5182,column,0.3881,0.0,6.21,0.0
COL-B2F-5183,column,0.3881,0.0,6.21,0.0
COL-B2F-5184,column,1.4376,0.0,9.405,0.0
COL-B2F-5185,column,0.3881,0.0,6.21,0.0
COL-B2F-5186,column,0.3881,0.0,6.21,0.0
COL-B2F-5187,column,0.3881,0.0,6.21,0.0
COL-B2F-5188,column,0.3881,0.0,6.21,0.0
COL-B2F-5189,column,0.3881,0.0,6.21,0.0
COL-B2F-5190,column,0.3881,0.0,6.21,0.0
COL-B2F-5191,column,1.4376,0.0,9.405,0.0
COL-B2F-5192,column,0.3881,0.0,6.21,0.0
COL-B2F-5193,column,0.3881,0.0,6.21,0.0
COL-B2F-5194,column,0.3881,0.0,6.21,0.0
COL-B2F-5195,column,0.3881,0.0,6.21,0.0
COL-B2F-5196,column,0.3881,0.0,6.21,0.0
COL-B2F-5197,column,0.3881,0.0,6.21,0.0
COL-B2F-5198,column,0.3881,0.0,6.21,0.0
COL-B2F-5199,column,0.3881,0.0,6.21,0.0
COL-B2F-5200,column,0.3881,0.0,6.21,0.0
COL-B2F-5201,column,0.3881,0.0,6.21,0.0
COL-B2F-5202,column,1.4376,0.0,9.405,0.0
COL-B2F-5203,column,0.3881,0.0,6.21,0.0
COL-B2F-5204,column,0.3881,0.0,6.21,0.0
COL-B2F-5205,column,0.3881,0.0,6.21,0.0
COL-B2F-5206,column,0.3881,0.0,6.21,0.0
COL-B2F-5207,column,0.3881,0.0,6.21,0.0
COL-B2F-5208,column,0.3881,0.0,6.21,0.0
COL-B2F-5209,column,1.4376,0.0,9.405,0.0
COL-B2F-5210,column,0.3881,0.0,6.21,0.0
COL-B2F-5211,column,0.3881,0.0,6.21,0.0
COL-B2F-5212,column,1.4376,0.0,9.405,0.0
COL-B2F-5213,column,0.3881,0.0,6.21,0.0
COL-B2F-5214,column,0.3881,0.0,6.21,0.0
COL-B2F-5215,column,0.3881,0.0,6.21,0.0
COL-B2F-5216,column,0.3881,0.0,6.21,0.0
COL-B2F-5217,column,1.4376,0.0,9.405,0.0
COL-B2F-5218,column,0.3881,0.0,6.21,0.0
COL-B2F-5219,column,0.3881,0.0,6.21,0.0
COL-B2F-5220,column,0.3881,0.0,6.21,0.0
COL-B2F-5221,column,0.3881,0.0,6.21,0.0
COL-B2F-5222,column,0.3881,0.0,6.21,0.0
COL-B2F-5223,column,0.3881,0.0,6.21,0.0
COL-B2F-5224,column,1.4376,0.0,9.405,0.0
COL-B2F-5225,column,0.3881,0.0,6.21,0.0
COL-B2F-5226,column,0.3881,0.0,6.21,0.0
COL-B2F-5227,column,1.4376,0.0,9.405,0.0
COL-B2F-5228,column,0.3881,0.0,6.21,0.0
COL-B2F-5229,column,0.3881,0.0,6.21,0.0
COL-B2F-5230,column,1.4376,0.0,9.405,0.0
COL-B2F-5231,column,0.3881,0.0,6.21,0.0
COL-B2F-5232,column,0.3881,0.0,6.21,0.0
COL-B2F-5233,column,0.3881,0.0,6.21,0.0
COL-B2F-5234,column,0.3881,0.0,6.21,0.0
COL-B2F-5235,column,0.3881,0.0,6.21,0.0
COL-B2F-5236,column,0.3881,0.0,6.21,0.0
COL-B2F-5237,column,1.4376,0.0,9.405,0.0
COL-B2F-5238,column,0.3881,0.0,6.21,0.0
COL-B2F-5239,column,0.3881,0.0,6.21,0.0
COL-B2F-5240,column,0.3881,0.0,6.21,0.0
COL-B2F-5241,column,0.3881,0.0,6.21,0.0
COL-B2F-5242,column,0.3881,0.0,6.21,0.0
COL-B2F-5243,column,0.3881,0.0,6.21,0.0
COL-B2F-5244,column,1.4376,0.0,9.405,0.0
COL-B2F-5245,column,0.3881,0.0,6.21,0.0
COL-B2F-5246,column,0.3881,0.0,6.21,0.0
COL-B2F-5247,column,0.3881,0.0,6.21,0.0
COL-B2F-5248,column,0.3881,0.0,6.21,0.0
COL-B2F-5249,column,0.3881,0.0,6.21,0.0
COL-B2F-5250,column,0.3881,0.0,6.21,0.0
COL-B2F-5251,column,1.4376,0.0,9.405,0.0
COL-B2F-5252,column,0.3881,0.0,6.21,0.0
COL-B2F-5253,column,0.3881,0.0,6.21,0.0
COL-B2F-5254,column,0.3881,0.0,6.21,0.0
COL-B2F-5255,column,0.3881,0.0,6.21,0.0
COL-B2F-5256,column,0.3881,0.0,6.21,0.0
COL-B2F-5257,column,0.3881,0.0,6.21,0.0
COL-B2F-5258,column,1.4376,0.0,9.405,0.0
COL-B2F-5259,column,0.3881,0.0,6.21,0.0
COL-B2F-5260,column,0.3881,0.0,6.21,0.0
COL-B2F-5261,column,0.3881,0.0,6.21,0.0
COL-B2F-5262,column,0.3881,0.0,6.21,0.0
COL-B2F-5263,column,0.3881,0.0,6.21,0.0
COL-B2F-5264,column,0.3881,0.0,6.21,0.0
COL-B2F-5265,column,1.4376,0.0,9.405,0.0
COL-B2F-5266,column,0.3881,0.0,6.21,0.0
COL-B2F-5267,column,0.3881,0.0,6.21,0.0
COL-B2F-5268,column,0.3881,0.0,6.21,0.0
COL-B2F-5269,column,0.3881,0.0,6.21,0.0
COL-B2F-5270,column,0.3881,0.0,6.21,0.0
COL-B2F-5271,column,0.3881,0.0,6.21,0.0
COL-B2F-5272,column,1.4376,0.0,9.405,0.0
COL-B2F-5273,column,0.3881,0.0,6.21,0.0
COL-B2F-5274,column,0.3881,0.0,6.21,0.0
COL-B2F-5275,column,0.3881,0.0,6.21,0.0
COL-B2F-5276,column,0.3881,0.0,6.21,0.0
COL-B2F-5277,column,0.3881,0.0,6.21,0.0
COL-B2F-5278,column,0.3881,0.0,6.21,0.0
COL-B2F-5279,column,1.4376,0.0,9.405,0.0
COL-B2F-5280,column,0.3881,0.0,6.21,0.0
COL-B2F-5281,column,0.3881,0.0,6.21,0.0
COL-B2F-5282,column,0.3881,0.0,6.21,0.0
COL-B2F-5283,column,0.3881,0.0,6.21,0.0
COL-B2F-5284,column,0.3881,0.0,6.21,0.0
COL-B2F-5285,column,0.3881,0.0,6.21,0.0
COL-B2F-5286,column,1.4376,0.0,9.405,0.0
COL-B2F-5287,column,0.3881,0.0,6.21,0.0
COL-B2F-5288,column,0.3881,0.0,6.21,0.0
COL-B2F-5289,column,0.3881,0.0,6.21,0.0
COL-B2F-5290,column,0.3881,0.0,6.21,0.0
COL-B2F-5291,column,0.3881,0.0,6.21,0.0
COL-B2F-5292,column,0.3881,0.0,6.21,0.0
COL-B2F-5293,column,1.4376,0.0,9.405,0.0
COL-B2F-5294,column,0.3881,0.0,6.21,0.0
COL-B2F-5295,column,0.3881,0.0,6.21,0.0
COL-B2F-5296,column,0.3881,0.0,6.21,0.0
COL-B2F-5297,column,0.3881,0.0,6.21,0.0
COL-B2F-5298,column,0.3881,0.0,6.21,0.0
COL-B2F-5299,column,0.3881,0.0,6.21,0.0
COL-B2F-5300,column,1.4376,0.0,9.405,0.0
COL-B2F-5301,column,0.3881,0.0,6.21,0.0
COL-B2F-5302,column,0.3881,0.0,6.21,0.0
COL-B2F-5303,column,0.3881,0.0,6.21,0.0
COL-B2F-5304,column,0.3881,0.0,6.21,0.0
COL-B2F-5305,column,0.3881,0.0,6.21,0.0
COL-B2F-5306,column,0.3881,0.0,6.21,0.0
COL-B2F-5307,column,1.4376,0.0,9.405,0.0
COL-B2F-5308,column,0.3881,0.0,6.21,0.0
COL-B2F-5309,column,0.3881,0.0,6.21,0.0
COL-B2F-5310,column,0.3881,0.0,6.21,0.0
COL-B2F-5311,column,0.3881,0.0,6.21,0.0
COL-B2F-5312,column,0.3881,0.0,6.21,0.0
COL-B2F-5313,column,0.3881,0.0,6.21,0.0
COL-B2F-5314,column,1.4376,0.0,9.405,0.0
COL-B2F-5315,column,0.3881,0.0,6.21,0.0
COL-B2F-5316,column,0.3881,0.0,6.21,0.0
COL-B2F-5317,column,0.3881,0.0,6.21,0.0
COL-B2F-5318,column,0.3881,0.0,6.21,0.0
COL-B2F-5319,column,0.3881,0.0,6.21,0.0
COL-B2F-5320,column,0.3881,0.0,6.21,0.0
COL-B2F-5321,column,1.4376,0.0,9.405,0.0
COL-B2F-5322,column,0.3881,0.0,6.21,0.0
COL-B2F-5323,column,0.3881,0.0,6.21,0.0
COL-B2F-5324,column,0.3881,0.0,6.21,0.0
COL-B2F-5325,column,0.3881,0.0,6.21,0.0
COL-B2F-5326,column,0.3881,0.0,6.21,0.0
COL-B2F-5327,column,0.3881,0.0,6.21,0.0
COL-B2F-5328,column,1.4376,0.0,9.405,0.0
COL-B2F-5329,column,0.3881,0.0,6.21,0.0
COL-B2F-5330,column,0.3881,0.0,6.21,0.0
COL-B2F-5331,column,0.3881,0.0,6.21,0.0
COL-B2F-5332,column,0.3881,0.0,6.21,0.0
COL-B2F-5333,column,0.3881,0.0,6.21,0.0
COL-B2F-5334,column,0.3881,0.0,6.21,0.0
COL-B2F-5335,column,1.4376,0.0,9.405,0.0
COL-B2F-5336,column,0.3881,0.0,6.21,0.0
COL-B2F-5337,column,0.3881,0.0,6.21,0.0
COL-B2F-5338,column,0.3881,0.0,6.21,0.0
COL-B2F-5339,column,0.3881,0.0,6.21,0.0
COL-B2F-5340,column,0.3881,0.0,6.21,0.0
COL-B2F-5341,column,0.3881,0.0,6.21,0.0
COL-B2F-5342,column,0.3881,0.0,6.21,0.0
COL-B2F-5343,column,0.3881,0.0,6.21,0.0
COL-B2F-5344,column,1.4376,0.0,9.405,0.0
COL-B2F-5345,column,0.3881,0.0,6.21,0.0
COL-B2F-5346,column,0.3881,0.0,6.21,0.0
COL-B2F-5347,column,0.3881,0.0,6.21,0.0
COL-B2F-5348,column,0.3881,0.0,6.21,0.0
COL-B2F-5349,column,0.3881,0.0,6.21,0.0
COL-B2F-5350,column,0.3881,0.0,6.21,0.0
COL-B2F-5351,column,1.4376,0.0,9.405,0.0
COL-B2F-5352,column,0.3881,0.0,6.21,0.0
COL-B2F-5353,column,0.3881,0.0,6.21,0.0
COL-B2F-5354,column,0.3881,0.0,6.21,0.0
COL-B2F-5355,column,0.3881,0.0,6.21,0.0
COL-B2F-5356,column,0.3881,0.0,6.21,0.0
COL-B2F-5357,column,0.3881,0.0,6.21,0.0
COL-B2F-5358,column,1.4376,0.0,9.405,0.0
COL-B2F-5359,column,0.3881,0.0,6.21,0.0
COL-B2F-5360,column,0.3881,0.0,6.21,0.0
COL-B2F-5361,column,1.4376,0.0,9.405,0.0
COL-B2F-5362,column,0.3881,0.0,6.21,0.0
COL-B2F-5363,column,0.3881,0.0,6.21,0.0
COL-B2F-5364,column,1.4376,0.0,9.405,0.0
COL-B2F-5365,column,0.3881,0.0,6.21,0.0
COL-B2F-5366,column,0.3881,0.0,6.21,0.0
COL-B2F-5367,column,1.4376,0.0,9.405,0.0
COL-B2F-5368,column,0.3881,0.0,6.21,0.0
COL-B2F-5369,column,0.3881,0.0,6.21,0.0
COL-B2F-5370,column,0.3881,0.0,6.21,0.0
COL-B2F-5371,column,0.3881,0.0,6.21,0.0
COL-B2F-5372,column,0.3881,0.0,6.21,0.0
COL-B2F-5373,column,0.3881,0.0,6.21,0.0
COL-B2F-5374,column,0.3881,0.0,6.21,0.0
COL-B2F-5375,column,0.3881,0.0,6.21,0.0
COL-B2F-5376,column,0.3105,0.0,5.175,0.0
COL-B2F-5377,column,0.3105,0.0,5.175,0.0
COL-B2F-5378,column,0.3881,0.0,6.21,0.0
COL-B2F-5379,column,0.3881,0.0,6.21,0.0
COL-B2F-5380,column,1.4376,0.0,9.405,0.0
COL-B2F-5381,column,0.3881,0.0,6.21,0.0
COL-B2F-5382,column,0.3881,0.0,6.21,0.0
COL-B2F-5383,column,1.4376,0.0,9.405,0.0
COL-B2F-5384,column,0.3881,0.0,6.21,0.0
COL-B2F-5385,column,0.3881,0.0,6.21,0.0
COL-B2F-5386,column,0.3881,0.0,6.21,0.0
COL-B2F-5387,column,0.3881,0.0,6.21,0.0
COL-B2F-5388,column,0.3881,0.0,6.21,0.0
COL-B2F-5389,column,0.3881,0.0,6.21,0.0
COL-B2F-5390,column,0.3881,0.0,6.21,0.0
COL-B2F-5391,column,0.3881,0.0,6.21,0.0
COL-B2F-5392,column,0.3881,0.0,6.21,0.0
COL-B2F-5393,column,0.3881,0.0,6.21,0.0
COL-B2F-5394,column,0.3881,0.0,6.21,0.0
COL-B2F-5395,column,0.3881,0.0,6.21,0.0
COL-B2F-5396,column,1.4376,0.0,9.405,0.0
COL-B2F-5397,column,0.3881,0.0,6.21,0.0
COL-B2F-5398,column,0.3881,0.0,6.21,0.0
COL-B2F-5399,column,0.3881,0.0,6.21,0.0
COL-B2F-5400,column,0.3881,0.0,6.21,0.0
COL-B2F-5401,column,0.3881,0.0,6.21,0.0
COL-B2F-5402,column,0.3881,0.0,6.21,0.0
COL-B2F-5403,column,1.4376,0.0,9.405,0.0
COL-B2F-5404,column,0.3881,0.0,6.21,0.0
COL-B2F-5405,column,0.3881,0.0,6.21,0.0
COL-B2F-5406,column,0.3881,0.0,6.21,0.0
COL-B2F-5407,column,0.3881,0.0,6.21,0.0
COL-B2F-5408,column,0.3881,0.0,6.21,0.0
COL-B2F-5409,column,0.3881,0.0,6.21,0.0
COL-B2F-5410,column,1.4376,0.0,9.405,0.0
COL-B2F-5411,column,0.3881,0.0,6.21,0.0
COL-B2F-5412,column,0.3881,0.0,6.21,0.0
COL-B2F-5413,column,0.3881,0.0,6.21,0.0
COL-B2F-5414,column,0.3881,0.0,6.21,0.0
COL-B2F-5415,column,1.4376,0.0,9.405,0.0
COL-B2F-5416,column,0.3881,0.0,6.21,0.0
COL-B2F-5417,column,0.3881,0.0,6.21,0.0
COL-B2F-5418,column,1.4376,0.0,9.405,0.0
COL-B2F-5419,column,0.3881,0.0,6.21,0.0
COL-B2F-5420,column,0.3881,0.0,6.21,0.0
COL-B2F-5421,column,1.4376,0.0,9.405,0.0
COL-B2F-5422,column,0.3105,0.0,5.175,0.0
COL-B2F-5423,column,0.3105,0.0,5.175,0.0
COL-B2F-5424,column,0.3105,0.0,5.175,0.0
COL-B2F-5425,column,0.3105,0.0,5.175,0.0
COL-B2F-5426,column,0.3881,0.0,6.21,0.0
COL-B2F-5427,column,0.3881,0.0,6.21,0.0
COL-B2F-5428,column,0.3881,0.0,6.21,0.0
COL-B2F-5429,column,0.3881,0.0,6.21,0.0
COL-B2F-5430,column,0.3881,0.0,6.21,0.0
COL-B2F-5431,column,0.3881,0.0,6.21,0.0
COL-B2F-5432,column,0.3881,0.0,6.21,0.0
COL-B2F-5433,column,0.3881,0.0,6.21,0.0
COL-B2F-5434,column,0.3881,0.0,6.21,0.0
COL-B2F-5435,column,0.3881,0.0,6.21,0.0
COL-B2F-5436,column,0.3881,0.0,6.21,0.0
COL-B2F-5437,column,0.3881,0.0,6.21,0.0
COL-B2F-5438,column,0.3881,0.0,6.21,0.0
COL-B2F-5439,column,0.3881,0.0,6.21,0.0
COL-B2F-5440,column,0.3881,0.0,6.21,0.0
COL-B2F-5441,column,0.3881,0.0,6.21,0.0
COL-B2F-5442,column,0.3881,0.0,6.21,0.0
COL-B2F-5443,column,0.3881,0.0,6.21,0.0
COL-B2F-5444,column,0.3881,0.0,6.21,0.0
COL-B2F-5445,column,0.3881,0.0,6.21,0.0
COL-B2F-5446,column,0.3881,0.0,6.21,0.0
COL-B2F-5447,column,0.3881,0.0,6.21,0.0
COL-B2F-5448,column,0.3881,0.0,6.21,0.0
COL-B2F-5449,column,0.3881,0.0,6.21,0.0
COL-B2F-5450,column,0.3881,0.0,6.21,0.0
COL-B2F-5451,column,0.3881,0.0,6.21,0.0
COL-B2F-5452,column,1.4376,0.0,9.405,0.0
COL-B2F-5453,column,0.3881,0.0,6.21,0.0
COL-B2F-5454,column,0.3881,0.0,6.21,0.0
COL-B2F-5455,column,0.3881,0.0,6.21,0.0
COL-B2F-5456,column,0.3881,0.0,6.21,0.0
COL-B2F-5457,column,1.4376,0.0,9.405,0.0
COL-B2F-5458,column,0.3881,0.0,6.21,0.0
COL-B2F-5459,column,0.3881,0.0,6.21,0.0
COL-B2F-5460,column,0.3881,0.0,6.21,0.0
COL-B2F-5461,column,0.3881,0.0,6.21,0.0
COL-B2F-5462,column,1.4376,0.0,9.405,0.0
COL-B2F-5463,column,0.3881,0.0,6.21,0.0
COL-B2F-5464,column,0.3881,0.0,6.21,0.0
COL-B2F-5465,column,0.3881,0.0,6.21,0.0
COL-B2F-5466,column,0.3881,0.0,6.21,0.0
COL-B2F-5467,column,0.3881,0.0,6.21,0.0
COL-B2F-5468,column,0.3881,0.0,6.21,0.0
COL-B2F-5469,column,1.4376,0.0,9.405,0.0
COL-B2F-5470,column,0.3881,0.0,6.21,0.0
COL-B2F-5471,column,0.3881,0.0,6.21,0.0
COL-B2F-5472,column,0.3881,0.0,6.21,0.0
COL-B2F-5473,column,0.3881,0.0,6.21,0.0
COL-B2F-5474,column,1.4376,0.0,9.405,0.0
COL-B2F-5475,column,0.3881,0.0,6.21,0.0
COL-B2F-5476,column,0.3881,0.0,6.21,0.0
COL-B2F-5477,column,1.4376,0.0,9.405,0.0
COL-B2F-5478,column,0.3881,0.0,6.21,0.0
COL-B2F-5479,column,0.3881,0.0,6.21,0.0
COL-B2F-5480,column,0.3881,0.0,6.21,0.0
COL-B2F-5481,column,0.3881,0.0,6.21,0.0
COL-B2F-5482,column,1.4376,0.0,9.405,0.0
COL-B2F-5483,column,0.3881,0.0,6.21,0.0
COL-B2F-5484,column,0.3881,0.0,6.21,0.0
COL-B2F-5485,column,0.3881,0.0,6.21,0.0
COL-B2F-5486,column,0.3881,0.0,6.21,0.0
COL-B2F-5487,column,1.4376,0.0,9.405,0.0
COL-B2F-5488,column,0.3881,0.0,6.21,0.0
COL-B2F-5489,column,0.3881,0.0,6.21,0.0
COL-B2F-5490,column,1.4376,0.0,9.405,0.0
COL-B2F-5491,column,0.3881,0.0,6.21,0.0
COL-B2F-5492,column,0.3881,0.0,6.21,0.0
COL-B2F-5493,column,1.4376,0.0,9.405,0.0
COL-B2F-5494,column,0.3881,0.0,6.21,0.0
COL-B2F-5495,column,0.3881,0.0,6.21,0.0
COL-B2F-5496,column,1.4376,0.0,9.405,0.0
COL-B2F-5497,column,0.3881,0.0,6.21,0.0
COL-B2F-5498,column,0.3881,0.0,6.21,0.0
COL-B2F-5499,column,0.3881,0.0,6.21,0.0
COL-B2F-5500,column,0.3881,0.0,6.21,0.0
COL-B2F-5501,column,0.3881,0.0,6.21,0.0
COL-B2F-5502,column,0.3881,0.0,6.21,0.0
COL-B2F-5503,column,1.4376,0.0,9.405,0.0
COL-B2F-5504,column,0.3881,0.0,6.21,0.0
COL-B2F-5505,column,0.3881,0.0,6.21,0.0
COL-B2F-5506,column,1.4376,0.0,9.405,0.0
COL-B2F-5507,column,0.3881,0.0,6.21,0.0
COL-B2F-5508,column,0.3881,0.0,6.21,0.0
COL-B2F-5509,column,0.3881,0.0,6.21,0.0
COL-B2F-5510,column,0.3881,0.0,6.21,0.0
COL-B2F-5511,column,0.3881,0.0,6.21,0.0
COL-B2F-5512,column,0.3881,0.0,6.21,0.0
COL-B2F-5513,column,0.3881,0.0,6.21,0.0
COL-B2F-5514,column,0.3881,0.0,6.21,0.0
COL-B2F-5515,column,0.3881,0.0,6.21,0.0
COL-B2F-5516,column,0.3881,0.0,6.21,0.0
COL-B2F-5517,column,0.3881,0.0,6.21,0.0
COL-B2F-5518,column,0.3881,0.0,6.21,0.0
COL-B2F-5519,column,0.3881,0.0,6.21,0.0
COL-B2F-5520,column,0.3881,0.0,6.21,0.0
COL-B2F-5521,column,1.4376,0.0,9.405,0.0
COL-B2F-5522,column,0.3105,0.0,5.175,0.0
COL-B2F-5523,column,0.3105,0.0,5.175,0.0
COL-B2F-5524,column,0.3881,0.0,6.21,0.0
COL-B2F-5525,column,0.3881,0.0,6.21,0.0
COL-B2F-5526,column,1.4376,0.0,9.405,0.0
COL-B2F-5527,column,0.3881,0.0,6.21,0.0
COL-B2F-5528,column,0.3881,0.0,6.21,0.0
COL-B2F-5529,column,0.3881,0.0,6.21,0.0
COL-B2F-5530,column,0.3881,0.0,6.21,0.0
COL-B2F-5531,column,0.3881,0.0,6.21,0.0
COL-B2F-5532,column,0.3881,0.0,6.21,0.0
COL-B2F-5533,column,0.3881,0.0,6.21,0.0
COL-B2F-5534,column,0.3881,0.0,6.21,0.0
COL-B2F-5535,column,0.3881,0.0,6.21,0.0
COL-B2F-5536,column,0.3881,0.0,6.21,0.0
COL-B2F-5537,column,0.3881,0.0,6.21,0.0
COL-B2F-5538,column,0.3881,0.0,6.21,0.0
COL-B2F-5539,column,0.3881,0.0,6.21,0.0
COL-B2F-5540,column,0.3881,0.0,6.21,0.0
COL-B2F-5541,column,0.3881,0.0,6.21,0.0
COL-B2F-5542,column,0.3881,0.0,6.21,0.0
COL-B2F-5543,column,0.3881,0.0,6.21,0.0
COL-B2F-5544,column,0.3881,0.0,6.21,0.0
COL-B2F-5545,column,0.3881,0.0,6.21,0.0
COL-B2F-5546,column,0.3881,0.0,6.21,0.0
COL-B2F-5547,column,0.3881,0.0,6.21,0.0
COL-B2F-5548,column,0.3881,0.0,6.21,0.0
COL-B2F-5549,column,0.3881,0.0,6.21,0.0
COL-B2F-5550,column,0.3881,0.0,6.21,0.0
COL-B2F-5551,column,0.3881,0.0,6.21,0.0
COL-B2F-5552,column,0.3881,0.0,6.21,0.0
COL-B2F-5553,column,0.3881,0.0,6.21,0.0
COL-B2F-5554,column,0.3881,0.0,6.21,0.0
COL-B2F-5555,column,0.3881,0.0,6.21,0.0
COL-B2F-5556,column,0.3881,0.0,6.21,0.0
COL-B2F-5557,column,0.3881,0.0,6.21,0.0
COL-B2F-5558,column,0.3881,0.0,6.21,0.0
COL-B2F-5559,column,0.3881,0.0,6.21,0.0
COL-B2F-5560,column,0.3881,0.0,6.21,0.0
COL-B2F-5561,column,0.3881,0.0,6.21,0.0
COL-B2F-5562,column,0.3881,0.0,6.21,0.0
COL-B2F-5563,column,0.3881,0.0,6.21,0.0
COL-B2F-5564,column,0.3881,0.0,6.21,0.0
COL-B2F-5565,column,0.3881,0.0,6.21,0.0
COL-B2F-5566,column,0.3881,0.0,6.21,0.0
COL-B2F-5567,column,0.3881,0.0,6.21,0.0
COL-B2F-5568,column,0.3881,0.0,6.21,0.0
COL-B2F-5569,column,0.3881,0.0,6.21,0.0
COL-B2F-5570,column,0.3881,0.0,6.21,0.0
COL-B2F-5571,column,0.3881,0.0,6.21,0.0
COL-B2F-5572,column,0.3881,0.0,6.21,0.0
COL-B2F-5573,column,0.3881,0.0,6.21,0.0
COL-B2F-5574,column,0.3881,0.0,6.21,0.0
COL-B2F-5575,column,0.3881,0.0,6.21,0.0
COL-B2F-5576,column,0.3881,0.0,6.21,0.0
COL-B2F-5577,column,0.3881,0.0,6.21,0.0
COL-B2F-5578,column,0.3881,0.0,6.21,0.0
COL-B2F-5579,column,0.3881,0.0,6.21,0.0
COL-B2F-5580,column,0.3881,0.0,6.21,0.0
COL-B2F-5581,column,0.3881,0.0,6.21,0.0
COL-B2F-5582,column,0.3881,0.0,6.21,0.0
COL-B2F-5583,column,0.3881,0.0,6.21,0.0
COL-B2F-5584,column,0.3881,0.0,6.21,0.0
COL-B2F-5585,column,0.3881,0.0,6.21,0.0
COL-B2F-5586,column,0.3881,0.0,6.21,0.0
COL-B2F-5587,column,0.3881,0.0,6.21,0.0
COL-B2F-5588,column,0.3881,0.0,6.21,0.0
COL-B2F-5589,column,0.3881,0.0,6.21,0.0
COL-B2F-5590,column,0.3881,0.0,6.21,0.0
COL-B2F-5591,column,0.3881,0.0,6.21,0.0
COL-B2F-5592,column,0.3881,0.0,6.21,0.0
COL-B2F-5593,column,0.3881,0.0,6.21,0.0
COL-B2F-5594,column,0.3881,0.0,6.21,0.0
COL-B2F-5595,column,1.4376,0.0,9.405,0.0
COL-B2F-5596,column,0.3881,0.0,6.21,0.0
COL-B2F-5597,column,0.3881,0.0,6.21,0.0
COL-B2F-5598,column,1.4376,0.0,9.405,0.0
COL-B2F-5599,column,0.3881,0.0,6.21,0.0
COL-B2F-5600,column,0.3881,0.0,6.21,0.0
COL-B2F-5601,column,1.4376,0.0,9.405,0.0
COL-B2F-5602,column,0.3881,0.0,6.21,0.0
COL-B2F-5603,column,0.3881,0.0,6.21,0.0
COL-B2F-5604,column,1.4376,0.0,9.405,0.0
COL-B2F-5605,column,0.3881,0.0,6.21,0.0
COL-B2F-5606,column,0.3881,0.0,6.21,0.0
COL-B2F-5607,column,1.4376,0.0,9.405,0.0
COL-B2F-5608,column,0.3105,0.0,5.175,0.0
COL-B2F-5609,column,0.3105,0.0,5.175,0.0
COL-B2F-5610,column,0.3105,0.0,5.175,0.0
COL-B2F-5611,column,0.3105,0.0,5.175,0.0
COL-B2F-5612,column,0.3881,0.0,6.21,0.0
COL-B2F-5613,column,0.3881,0.0,6.21,0.0
COL-B2F-5614,column,1.4376,0.0,9.405,0.0
COL-B2F-5615,column,0.3881,0.0,6.21,0.0
COL-B2F-5616,column,0.3881,0.0,6.21,0.0
COL-B2F-5617,column,0.3881,0.0,6.21,0.0
COL-B2F-5618,column,0.3881,0.0,6.21,0.0
COL-B2F-5619,column,1.4376,0.0,9.405,0.0
COL-B2F-5620,column,0.3105,0.0,5.175,0.0
COL-B2F-5621,column,0.3105,0.0,5.175,0.0
COL-B2F-5622,column,0.3881,0.0,6.21,0.0
COL-B2F-5623,column,0.3881,0.0,6.21,0.0
COL-B2F-5624,column,1.4376,0.0,9.405,0.0
COL-B2F-5625,column,0.3105,0.0,5.175,0.0
COL-B2F-5626,column,0.3105,0.0,5.175,0.0
COL-B2F-5627,column,0.3105,0.0,5.175,0.0
COL-B2F-5628,column,0.3105,0.0,5.175,0.0
COL-B2F-5629,column,0.3881,0.0,6.21,0.0
COL-B2F-5630,column,0.3881,0.0,6.21,0.0
COL-B2F-5631,column,1.4376,0.0,9.405,0.0
COL-B2F-5632,column,0.3881,0.0,6.21,0.0
COL-B2F-5633,column,0.3881,0.0,6.21,0.0
COL-B2F-5634,column,1.4376,0.0,9.405,0.0
COL-B2F-5635,column,0.3881,0.0,6.21,0.0
COL-B2F-5636,column,0.3881,0.0,6.21,0.0
COL-B2F-5637,column,1.4376,0.0,9.405,0.0
COL-B2F-5638,column,0.3881,0.0,6.21,0.0
COL-B2F-5639,column,0.3881,0.0,6.21,0.0
COL-B2F-5640,column,0.3881,0.0,6.21,0.0
COL-B2F-5641,column,0.3881,0.0,6.21,0.0
COL-B2F-5642,column,0.3881,0.0,6.21,0.0
COL-B2F-5643,column,0.3881,0.0,6.21,0.0
COL-B2F-5644,column,0.3881,0.0,6.21,0.0
COL-B2F-5645,column,0.3881,0.0,6.21,0.0
COL-B2F-5646,column,0.3881,0.0,6.21,0.0
COL-B2F-5647,column,0.3881,0.0,6.21,0.0
COL-B2F-5648,column,0.3881,0.0,6.21,0.0
COL-B2F-5649,column,0.3881,0.0,6.21,0.0
COL-B2F-5650,column,0.3881,0.0,6.21,0.0
COL-B2F-5651,column,0.3881,0.0,6.21,0.0
COL-B2F-5652,column,0.3881,0.0,6.21,0.0
COL-B2F-5653,column,0.3881,0.0,6.21,0.0
COL-B2F-5654,column,0.3881,0.0,6.21,0.0
COL-B2F-5655,column,0.3881,0.0,6.21,0.0
COL-B2F-5656,column,0.3881,0.0,6.21,0.0
COL-B2F-5657,column,0.3881,0.0,6.21,0.0
COL-B2F-5658,column,0.3881,0.0,6.21,0.0
COL-B2F-5659,column,0.3881,0.0,6.21,0.0
COL-B2F-5660,column,0.3881,0.0,6.21,0.0
COL-B2F-5661,column,0.3881,0.0,6.21,0.0
COL-B2F-5662,column,0.3881,0.0,6.21,0.0
COL-B2F-5663,column,0.3881,0.0,6.21,0.0
COL-B2F-5664,column,0.3881,0.0,6.21,0.0
COL-B2F-5665,column,0.3881,0.0,6.21,0.0
COL-B2F-5666,column,0.3881,0.0,6.21,0.0
COL-B2F-5667,column,0.3881,0.0,6.21,0.0
COL-B2F-5668,column,0.3881,0.0,6.21,0.0
COL-B2F-5669,column,0.3881,0.0,6.21,0.0
COL-B2F-5670,column,1.4376,0.0,9.405,0.0
COL-B2F-5671,column,0.3881,0.0,6.21,0.0
COL-B2F-5672,column,0.3881,0.0,6.21,0.0
COL-B2F-5673,column,1.4376,0.0,9.405,0.0
COL-B2F-5674,column,0.3881,0.0,6.21,0.0
COL-B2F-5675,column,0.3881,0.0,6.21,0.0
COL-B2F-5676,column,1.4376,0.0,9.405,0.0
COL-B2F-5677,column,0.3881,0.0,6.21,0.0
COL-B2F-5678,column,0.3881,0.0,6.21,0.0
COL-B2F-5679,column,1.4376,0.0,9.405,0.0
COL-B2F-5680,column,0.3881,0.0,6.21,0.0
COL-B2F-5681,column,0.3881,0.0,6.21,0.0
COL-B2F-5682,column,1.4376,0.0,9.405,0.0
COL-B2F-5683,column,0.3881,0.0,6.21,0.0
COL-B2F-5684,column,0.3881,0.0,6.21,0.0
COL-B2F-5685,column,1.4376,0.0,9.405,0.0
COL-B2F-5686,column,0.3881,0.0,6.21,0.0
COL-B2F-5687,column,0.3881,0.0,6.21,0.0
COL-B2F-5688,column,0.3881,0.0,6.21,0.0
COL-B2F-5689,column,0.3881,0.0,6.21,0.0
COL-B2F-5690,column,0.3881,0.0,6.21,0.0
COL-B2F-5691,column,0.3881,0.0,6.21,0.0
COL-B2F-5692,column,0.3881,0.0,6.21,0.0
COL-B2F-5693,column,0.3881,0.0,6.21,0.0
COL-B2F-5694,column,0.3881,0.0,6.21,0.0
COL-B2F-5695,column,0.3881,0.0,6.21,0.0
COL-B2F-5696,column,0.3105,0.0,5.175,0.0
COL-B2F-5697,column,0.3105,0.0,5.175,0.0
COL-B2F-5698,column,0.3881,0.0,6.21,0.0
COL-B2F-5699,column,0.3881,0.0,6.21,0.0
COL-B2F-5700,column,0.3881,0.0,6.21,0.0
COL-B2F-5701,column,0.3881,0.0,6.21,0.0
COL-B2F-5702,column,0.3881,0.0,6.21,0.0
COL-B2F-5703,column,0.3881,0.0,6.21,0.0
COL-B2F-5704,column,0.3881,0.0,6.21,0.0
COL-B2F-5705,column,0.3881,0.0,6.21,0.0
COL-B2F-5706,column,0.3881,0.0,6.21,0.0
COL-B2F-5707,column,0.3881,0.0,6.21,0.0
COL-B2F-5708,column,0.3881,0.0,6.21,0.0
COL-B2F-5709,column,0.3881,0.0,6.21,0.0
COL-B2F-5710,column,0.3881,0.0,6.21,0.0
COL-B2F-5711,column,0.3881,0.0,6.21,0.0
COL-B2F-5712,column,0.3881,0.0,6.21,0.0
COL-B2F-5713,column,0.3881,0.0,6.21,0.0
COL-B2F-5714,column,0.3881,0.0,6.21,0.0
COL-B2F-5715,column,0.3881,0.0,6.21,0.0
COL-B2F-5716,column,1.4376,0.0,9.405,0.0
COL-B2F-5717,column,0.3881,0.0,6.21,0.0
COL-B2F-5718,column,0.3881,0.0,6.21,0.0
COL-B2F-5719,column,1.4376,0.0,9.405,0.0
COL-B2F-5720,column,0.3881,0.0,6.21,0.0
COL-B2F-5721,column,0.3881,0.0,6.21,0.0
COL-B2F-5722,column,1.4376,0.0,9.405,0.0
COL-B2F-5723,column,0.3881,0.0,6.21,0.0
COL-B2F-5724,column,0.3881,0.0,6.21,0.0
COL-B2F-5725,column,1.4376,0.0,9.405,0.0
COL-B2F-5726,column,0.3881,0.0,6.21,0.0
COL-B2F-5727,column,0.3881,0.0,6.21,0.0
COL-B2F-5728,column,1.4376,0.0,9.405,0.0
COL-B2F-5729,column,0.3881,0.0,6.21,0.0
COL-B2F-5730,column,0.3881,0.0,6.21,0.0
COL-B2F-5731,column,0.3881,0.0,6.21,0.0
COL-B2F-5732,column,0.3881,0.0,6.21,0.0
COL-B2F-5733,column,0.3881,0.0,6.21,0.0
COL-B2F-5734,column,0.3881,0.0,6.21,0.0
COL-B2F-5735,column,1.4376,0.0,9.405,0.0
COL-B2F-5736,column,0.3105,0.0,5.175,0.0
COL-B2F-5737,column,0.3105,0.0,5.175,0.0
COL-B2F-5738,column,0.3881,0.0,6.21,0.0
COL-B2F-5739,column,0.3881,0.0,6.21,0.0
COL-B2F-5740,column,1.4376,0.0,9.405,0.0
COL-B2F-5741,column,0.3105,0.0,5.175,0.0
COL-B2F-5742,column,0.3105,0.0,5.175,0.0
COL-B2F-5743,column,0.3881,0.0,6.21,0.0
COL-B2F-5744,column,0.3881,0.0,6.21,0.0
COL-B2F-5745,column,1.4376,0.0,9.405,0.0
COL-B2F-5746,column,0.3881,0.0,6.21,0.0
COL-B2F-5747,column,0.3881,0.0,6.21,0.0
COL-B2F-5748,column,0.3881,0.0,6.21,0.0
COL-B2F-5749,column,0.3881,0.0,6.21,0.0
COL-B2F-5750,column,1.4376,0.0,9.405,0.0
COL-B2F-5751,column,0.3881,0.0,6.21,0.0
COL-B2F-5752,column,0.3881,0.0,6.21,0.0
COL-B2F-5753,column,0.3881,0.0,6.21,0.0
COL-B2F-5754,column,0.3881,0.0,6.21,0.0
COL-B2F-5755,column,1.4376,0.0,9.405,0.0
COL-B2F-5756,column,0.3881,0.0,6.21,0.0
COL-B2F-5757,column,0.3881,0.0,6.21,0.0
COL-B2F-5758,column,0.3881,0.0,6.21,0.0
COL-B2F-5759,column,0.3881,0.0,6.21,0.0
COL-B2F-5760,column,0.3881,0.0,6.21,0.0
COL-B2F-5761,column,0.3881,0.0,6.21,0.0
COL-B2F-5762,column,1.4376,0.0,9.405,0.0
COL-B2F-5763,column,0.3881,0.0,6.21,0.0
COL-B2F-5764,column,0.3881,0.0,6.21,0.0
COL-B2F-5765,column,1.4376,0.0,9.405,0.0
COL-B2F-5766,column,0.3881,0.0,6.21,0.0
COL-B2F-5767,column,0.3881,0.0,6.21,0.0
COL-B2F-5768,column,1.4376,0.0,9.405,0.0
COL-B2F-5769,column,0.3881,0.0,6.21,0.0
COL-B2F-5770,column,0.3881,0.0,6.21,0.0
COL-B2F-5771,column,1.4376,0.0,9.405,0.0
COL-B2F-5772,column,0.3881,0.0,6.21,0.0
COL-B2F-5773,column,0.3881,0.0,6.21,0.0
COL-B2F-5774,column,1.4376,0.0,9.405,0.0
COL-B2F-5775,column,0.3881,0.0,6.21,0.0
COL-B2F-5776,column,0.3881,0.0,6.21,0.0
COL-B2F-5777,column,0.3881,0.0,6.21,0.0
COL-B2F-5778,column,0.3881,0.0,6.21,0.0
COL-B2F-5779,column,0.3105,0.0,5.175,0.0
COL-B2F-5780,column,0.3105,0.0,5.175,0.0
COL-B2F-5781,column,0.3105,0.0,5.175,0.0
COL-B2F-5782,column,0.3105,0.0,5.175,0.0
COL-B2F-5783,column,0.3881,0.0,6.21,0.0
COL-B2F-5784,column,0.3881,0.0,6.21,0.0
COL-B2F-5785,column,1.4376,0.0,9.405,0.0
COL-B2F-5786,column,0.3881,0.0,6.21,0.0
COL-B2F-5787,column,0.3881,0.0,6.21,0.0
COL-B2F-5788,column,0.3881,0.0,6.21,0.0
COL-B2F-5789,column,0.3881,0.0,6.21,0.0
COL-B2F-5790,column,1.4376,0.0,9.405,0.0
COL-B2F-5791,column,0.3881,0.0,6.21,0.0
COL-B2F-5792,column,0.3881,0.0,6.21,0.0
COL-B2F-5793,column,1.4376,0.0,9.405,0.0
COL-B2F-5794,column,0.3881,0.0,6.21,0.0
COL-B2F-5795,column,0.3881,0.0,6.21,0.0
COL-B2F-5796,column,1.4376,0.0,9.405,0.0
COL-B2F-5797,column,0.3881,0.0,6.21,0.0
COL-B2F-5798,column,0.3881,0.0,6.21,0.0
COL-B2F-5799,column,1.4376,0.0,9.405,0.0
COL-B2F-5800,column,0.3881,0.0,6.21,0.0
COL-B2F-5801,column,0.3881,0.0,6.21,0.0
COL-B2F-5802,column,1.4376,0.0,9.405,0.0
COL-B2F-5803,column,0.3881,0.0,6.21,0.0
COL-B2F-5804,column,0.3881,0.0,6.21,0.0
COL-B2F-5805,column,1.4376,0.0,9.405,0.0
COL-B2F-5806,column,0.3881,0.0,6.21,0.0
COL-B2F-5807,column,0.3881,0.0,6.21,0.0
COL-B2F-5808,column,1.4376,0.0,9.405,0.0
COL-B2F-5809,column,0.3881,0.0,6.21,0.0
COL-B2F-5810,column,0.3881,0.0,6.21,0.0
COL-B2F-5811,column,0.3881,0.0,6.21,0.0
COL-B2F-5812,column,0.3881,0.0,6.21,0.0
COL-B2F-5813,column,0.3881,0.0,6.21,0.0
COL-B2F-5814,column,0.3881,0.0,6.21,0.0
COL-B2F-5815,column,0.3881,0.0,6.21,0.0
COL-B2F-5816,column,0.3881,0.0,6.21,0.0
COL-B2F-5817,column,0.3881,0.0,6.21,0.0
COL-B2F-5818,column,0.3881,0.0,6.21,0.0
COL-B2F-5819,column,0.3881,0.0,6.21,0.0
COL-B2F-5820,column,0.3881,0.0,6.21,0.0
COL-B2F-5821,column,1.4376,0.0,9.405,0.0
COL-B2F-5822,column,0.3881,0.0,6.21,0.0
COL-B2F-5823,column,0.3881,0.0,6.21,0.0
COL-B2F-5824,column,0.3881,0.0,6.21,0.0
COL-B2F-5825,column,0.3881,0.0,6.21,0.0
COL-B2F-5826,column,1.4376,0.0,9.405,0.0
COL-B2F-5827,column,0.3881,0.0,6.21,0.0
COL-B2F-5828,column,0.3881,0.0,6.21,0.0
COL-B2F-5829,column,1.4376,0.0,9.405,0.0
COL-B2F-5830,column,0.3881,0.0,6.21,0.0
COL-B2F-5831,column,0.3881,0.0,6.21,0.0
COL-B2F-5832,column,1.4376,0.0,9.405,0.0
COL-B2F-5833,column,0.3881,0.0,6.21,0.0
COL-B2F-5834,column,0.3881,0.0,6.21,0.0
COL-B2F-5835,column,0.3881,0.0,6.21,0.0
COL-B2F-5836,column,0.3881,0.0,6.21,0.0
COL-B2F-5837,column,1.4376,0.0,9.405,0.0
COL-B2F-5838,column,0.3881,0.0,6.21,0.0
COL-B2F-5839,column,0.3881,0.0,6.21,0.0
COL-B2F-5840,column,1.4376,0.0,9.405,0.0
COL-B2F-5841,column,0.3881,0.0,6.21,0.0
COL-B2F-5842,column,0.3881,0.0,6.21,0.0
COL-B2F-5843,column,1.4376,0.0,9.405,0.0
COL-B2F-5844,column,0.3881,0.0,6.21,0.0
COL-B2F-5845,column,0.3881,0.0,6.21,0.0
COL-B2F-5846,column,1.4376,0.0,9.405,0.0
COL-B2F-5847,column,0.3105,0.0,5.175,0.0
COL-B2F-5848,column,0.3105,0.0,5.175,0.0
COL-B2F-5849,column,0.3105,0.0,5.175,0.0
COL-B2F-5850,column,0.3105,0.0,5.175,0.0
COL-B2F-5851,column,0.3881,0.0,6.21,0.0
COL-B2F-5852,column,0.3881,0.0,6.21,0.0
COL-B2F-5853,column,0.3881,0.0,6.21,0.0
COL-B2F-5854,column,0.3881,0.0,6.21,0.0
COL-B2F-5855,column,0.3881,0.0,6.21,0.0
COL-B2F-5856,column,0.3881,0.0,6.21,0.0
COL-B2F-5857,column,0.3881,0.0,6.21,0.0
COL-B2F-5858,column,0.3881,0.0,6.21,0.0
COL-B2F-5859,column,1.4376,0.0,9.405,0.0
COL-B2F-5860,column,0.3881,0.0,6.21,0.0
COL-B2F-5861,column,0.3881,0.0,6.21,0.0
COL-B2F-5862,column,1.4376,0.0,9.405,0.0
COL-B2F-5863,column,0.3881,0.0,6.21,0.0
COL-B2F-5864,column,0.3881,0.0,6.21,0.0
COL-B2F-5865,column,1.4376,0.0,9.405,0.0
COL-B2F-5866,column,0.3881,0.0,6.21,0.0
COL-B2F-5867,column,0.3881,0.0,6.21,0.0
COL-B2F-5868,column,1.4376,0.0,9.405,0.0
COL-B2F-5869,column,0.3881,0.0,6.21,0.0
COL-B2F-5870,column,0.3881,0.0,6.21,0.0
COL-B2F-5871,column,1.4376,0.0,9.405,0.0
COL-B2F-5872,column,0.3881,0.0,6.21,0.0
COL-B2F-5873,column,0.3881,0.0,6.21,0.0
COL-B2F-5874,column,1.4376,0.0,9.405,0.0
COL-B2F-5875,column,0.3881,0.0,6.21,0.0
COL-B2F-5876,column,0.3881,0.0,6.21,0.0
COL-B2F-5877,column,1.4376,0.0,9.405,0.0
COL-B2F-5878,column,0.3881,0.0,6.21,0.0
COL-B2F-5879,column,0.3881,0.0,6.21,0.0
COL-B2F-5880,column,1.4376,0.0,9.405,0.0
COL-B2F-5881,column,0.3105,0.0,5.175,0.0
COL-B2F-5882,column,0.3105,0.0,5.175,0.0
COL-B2F-5883,column,0.3881,0.0,6.21,0.0
COL-B2F-5884,column,0.3881,0.0,6.21,0.0
COL-B2F-5885,column,1.4376,0.0,9.405,0.0
COL-B2F-5886,column,0.3881,0.0,6.21,0.0
COL-B2F-5887,column,0.3881,0.0,6.21,0.0
COL-B2F-5888,column,1.4376,0.0,9.405,0.0
COL-B2F-5889,column,0.3881,0.0,6.21,0.0
COL-B2F-5890,column,0.3881,0.0,6.21,0.0
COL-B2F-5891,column,1.4376,0.0,9.405,0.0
COL-B2F-5892,column,0.3881,0.0,6.21,0.0
COL-B2F-5893,column,0.3881,0.0,6.21,0.0
COL-B2F-5894,column,0.3881,0.0,6.21,0.0
COL-B2F-5895,column,0.3881,0.0,6.21,0.0
COL-B2F-5896,column,0.3881,0.0,6.21,0.0
COL-B2F-5897,column,0.3881,0.0,6.21,0.0
COL-B2F-5898,column,1.4376,0.0,9.405,0.0
COL-B2F-5899,column,0.3881,0.0,6.21,0.0
COL-B2F-5900,column,0.3881,0.0,6.21,0.0
COL-B2F-5901,column,1.4376,0.0,9.405,0.0
COL-B2F-5902,column,0.3881,0.0,6.21,0.0
COL-B2F-5903,column,0.3881,0.0,6.21,0.0
COL-B2F-5904,column,1.4376,0.0,9.405,0.0
COL-B2F-5905,column,0.3881,0.0,6.21,0.0
COL-B2F-5906,column,0.3881,0.0,6.21,0.0
COL-B2F-5907,column,1.4376,0.0,9.405,0.0
COL-B2F-5908,column,0.3881,0.0,6.21,0.0
COL-B2F-5909,column,0.3881,0.0,6.21,0.0
COL-B2F-5910,column,0.3881,0.0,6.21,0.0
COL-B2F-5911,column,0.3881,0.0,6.21,0.0
COL-B2F-5912,column,0.3881,0.0,6.21,0.0
COL-B2F-5913,column,0.3881,0.0,6.21,0.0
COL-B2F-5914,column,0.3881,0.0,6.21,0.0
COL-B2F-5915,column,0.3881,0.0,6.21,0.0
COL-B2F-5916,column,0.3881,0.0,6.21,0.0
COL-B2F-5917,column,0.3881,0.0,6.21,0.0
COL-B2F-5918,column,0.3881,0.0,6.21,0.0
COL-B2F-5919,column,0.3881,0.0,6.21,0.0
COL-B2F-5920,column,0.3881,0.0,6.21,0.0
COL-B2F-5921,column,0.3881,0.0,6.21,0.0
COL-B2F-5922,column,0.3881,0.0,6.21,0.0
COL-B2F-5923,column,0.3881,0.0,6.21,0.0
COL-B2F-5924,column,1.4376,0.0,9.405,0.0
COL-B2F-5925,column,0.3881,0.0,6.21,0.0
COL-B2F-5926,column,0.3881,0.0,6.21,0.0
COL-B2F-5927,column,1.4376,0.0,9.405,0.0
COL-B2F-5928,column,0.3881,0.0,6.21,0.0
COL-B2F-5929,column,0.3881,0.0,6.21,0.0
COL-B2F-5930,column,1.4376,0.0,9.405,0.0
COL-B2F-5931,column,0.3881,0.0,6.21,0.0
COL-B2F-5932,column,0.3881,0.0,6.21,0.0
COL-B2F-5933,column,1.4376,0.0,9.405,0.0
COL-B2F-5934,column,0.3881,0.0,6.21,0.0
COL-B2F-5935,column,0.3881,0.0,6.21,0.0
COL-B2F-5936,column,1.4376,0.0,9.405,0.0
COL-B2F-5937,column,0.3881,0.0,6.21,0.0
COL-B2F-5938,column,0.3881,0.0,6.21,0.0
COL-B2F-5939,column,1.4376,0.0,9.405,0.0
COL-B2F-5940,column,0.3881,0.0,6.21,0.0
COL-B2F-5941,column,0.3881,0.0,6.21,0.0
COL-B2F-5942,column,0.3881,0.0,6.21,0.0
COL-B2F-5943,column,0.3881,0.0,6.21,0.0
COL-B2F-5944,column,0.3881,0.0,6.21,0.0
COL-B2F-5945,column,0.3881,0.0,6.21,0.0
COL-B2F-5946,column,0.3881,0.0,6.21,0.0
COL-B2F-5947,column,0.3881,0.0,6.21,0.0
COL-B2F-5948,column,1.4376,0.0,9.405,0.0
COL-B2F-5949,column,0.3881,0.0,6.21,0.0
COL-B2F-5950,column,0.3881,0.0,6.21,0.0
COL-B2F-5951,column,1.4376,0.0,9.405,0.0
COL-B2F-5952,column,0.3881,0.0,6.21,0.0
COL-B2F-5953,column,0.3881,0.0,6.21,0.0
COL-B2F-5954,column,1.4376,0.0,9.405,0.0
COL-B2F-5955,column,0.3881,0.0,6.21,0.0
COL-B2F-5956,column,0.3881,0.0,6.21,0.0
COL-B2F-5957,column,1.4376,0.0,9.405,0.0
COL-B2F-5958,column,0.3881,0.0,6.21,0.0
COL-B2F-5959,column,0.3881,0.0,6.21,0.0
COL-B2F-5960,column,1.4376,0.0,9.405,0.0
COL-B2F-5961,column,0.3881,0.0,6.21,0.0
COL-B2F-5962,column,0.3881,0.0,6.21,0.0
COL-B2F-5963,column,1.4376,0.0,9.405,0.0
COL-B2F-5964,column,0.3881,0.0,6.21,0.0
COL-B2F-5965,column,0.3881,0.0,6.21,0.0
COL-B2F-5966,column,0.3881,0.0,6.21,0.0
COL-B2F-5967,column,0.3881,0.0,6.21,0.0
COL-B2F-5968,column,1.4376,0.0,9.405,0.0
COL-B2F-5969,column,0.3881,0.0,6.21,0.0
COL-B2F-5970,column,0.3881,0.0,6.21,0.0
COL-B2F-5971,column,0.3881,0.0,6.21,0.0
COL-B2F-5972,column,0.3881,0.0,6.21,0.0
COL-B2F-5973,column,0.3881,0.0,6.21,0.0
COL-B2F-5974,column,0.3881,0.0,6.21,0.0
COL-B2F-5975,column,1.4376,0.0,9.405,0.0
COL-B2F-5976,column,0.3881,0.0,6.21,0.0
COL-B2F-5977,column,0.3881,0.0,6.21,0.0
COL-B2F-5978,column,0.3881,0.0,6.21,0.0
COL-B2F-5979,column,0.3881,0.0,6.21,0.0
COL-B2F-5980,column,0.3881,0.0,6.21,0.0
COL-B2F-5981,column,0.3881,0.0,6.21,0.0
COL-B2F-5982,column,1.4376,0.0,9.405,0.0
COL-B2F-5983,column,0.3881,0.0,6.21,0.0
COL-B2F-5984,column,0.3881,0.0,6.21,0.0
COL-B2F-5985,column,0.3881,0.0,6.21,0.0
COL-B2F-5986,column,0.3881,0.0,6.21,0.0
COL-B2F-5987,column,0.3881,0.0,6.21,0.0
COL-B2F-5988,column,0.3881,0.0,6.21,0.0
COL-B2F-5989,column,1.4376,0.0,9.405,0.0
COL-B2F-5990,column,0.3881,0.0,6.21,0.0
COL-B2F-5991,column,0.3881,0.0,6.21,0.0
COL-B2F-5992,column,0.3881,0.0,6.21,0.0
COL-B2F-5993,column,0.3881,0.0,6.21,0.0
COL-B2F-5994,column,0.3881,0.0,6.21,0.0
COL-B2F-5995,column,0.3881,0.0,6.21,0.0
COL-B2F-5996,column,1.4376,0.0,9.405,0.0
COL-B2F-5997,column,0.3881,0.0,6.21,0.0
COL-B2F-5998,column,0.3881,0.0,6.21,0.0
COL-B2F-5999,column,0.3881,0.0,6.21,0.0
COL-B2F-6000,column,0.3881,0.0,6.21,0.0
COL-B2F-6001,column,1.4376,0.0,9.405,0.0
COL-B2F-6002,column,0.3881,0.0,6.21,0.0
COL-B2F-6003,column,0.3881,0.0,6.21,0.0
COL-B2F-6004,column,1.4376,0.0,9.405,0.0
COL-B2F-6005,column,0.3881,0.0,6.21,0.0
COL-B2F-6006,column,0.3881,0.0,6.21,0.0
COL-B2F-6007,column,0.3881,0.0,6.21,0.0
COL-B2F-6008,column,0.3881,0.0,6.21,0.0
COL-B2F-6009,column,0.3881,0.0,6.21,0.0
COL-B2F-6010,column,0.3881,0.0,6.21,0.0
COL-B2F-6011,column,1.4376,0.0,9.405,0.0
COL-B2F-6012,column,0.3881,0.0,6.21,0.0
COL-B2F-6013,column,0.3881,0.0,6.21,0.0
COL-B2F-6014,column,0.3881,0.0,6.21,0.0
COL-B2F-6015,column,0.3881,0.0,6.21,0.0
COL-B2F-6016,column,0.3881,0.0,6.21,0.0
COL-B2F-6017,column,0.3881,0.0,6.21,0.0
COL-B2F-6018,column,1.4376,0.0,9.405,0.0
COL-B2F-6019,column,0.3881,0.0,6.21,0.0
COL-B2F-6020,column,0.3881,0.0,6.21,0.0
COL-B2F-6021,column,0.3881,0.0,6.21,0.0
COL-B2F-6022,column,0.3881,0.0,6.21,0.0
COL-B2F-6023,column,0.3881,0.0,6.21,0.0
COL-B2F-6024,column,0.3881,0.0,6.21,0.0
COL-B2F-6025,column,0.3881,0.0,6.21,0.0
COL-B2F-6026,column,0.3881,0.0,6.21,0.0
COL-B2F-6027,column,0.3881,0.0,6.21,0.0
COL-B2F-6028,column,0.3881,0.0,6.21,0.0
COL-B2F-6029,column,0.3881,0.0,6.21,0.0
COL-B2F-6030,column,0.3881,0.0,6.21,0.0
COL-B2F-6031,column,1.4376,0.0,9.405,0.0
COL-B2F-6032,column,0.3881,0.0,6.21,0.0
COL-B2F-6033,column,0.3881,0.0,6.21,0.0
COL-B2F-6034,column,0.3881,0.0,6.21,0.0
COL-B2F-6035,column,0.3881,0.0,6.21,0.0
COL-B2F-6036,column,0.3881,0.0,6.21,0.0
COL-B2F-6037,column,0.3881,0.0,6.21,0.0
COL-B2F-6038,column,1.4376,0.0,9.405,0.0
COL-B2F-6039,column,0.3881,0.0,6.21,0.0
COL-B2F-6040,column,0.3881,0.0,6.21,0.0
COL-B2F-6041,column,1.4376,0.0,9.405,0.0
COL-B2F-6042,column,0.3881,0.0,6.21,0.0
COL-B2F-6043,column,0.3881,0.0,6.21,0.0
COL-B2F-6044,column,1.4376,0.0,9.405,0.0
COL-B2F-6045,column,0.3881,0.0,6.21,0.0
COL-B2F-6046,column,0.3881,0.0,6.21,0.0
COL-B2F-6047,column,0.3881,0.0,6.21,0.0
COL-B2F-6048,column,0.3881,0.0,6.21,0.0
COL-B2F-6049,column,1.4376,0.0,9.405,0.0
COL-B2F-6050,column,0.3881,0.0,6.21,0.0
COL-B2F-6051,column,0.3881,0.0,6.21,0.0
COL-B2F-6052,column,0.3881,0.0,6.21,0.0
COL-B2F-6053,column,0.3881,0.0,6.21,0.0
COL-B2F-6054,column,0.3881,0.0,6.21,0.0
COL-B2F-6055,column,0.3881,0.0,6.21,0.0
COL-B2F-6056,column,1.4376,0.0,9.405,0.0
COL-B2F-6057,column,0.3881,0.0,6.21,0.0
COL-B2F-6058,column,0.3881,0.0,6.21,0.0
COL-B2F-6059,column,0.3881,0.0,6.21,0.0
COL-B2F-6060,column,0.3881,0.0,6.21,0.0
COL-B2F-6061,column,1.4376,0.0,9.405,0.0
COL-B2F-6062,column,0.3881,0.0,6.21,0.0
COL-B2F-6063,column,0.3881,0.0,6.21,0.0
COL-B2F-6064,column,0.3881,0.0,6.21,0.0
COL-B2F-6065,column,0.3881,0.0,6.21,0.0
COL-B2F-6066,column,1.4376,0.0,9.405,0.0
COL-B2F-6067,column,0.3881,0.0,6.21,0.0
COL-B2F-6068,column,0.3881,0.0,6.21,0.0
COL-B2F-6069,column,0.3881,0.0,6.21,0.0
COL-B2F-6070,column,0.3881,0.0,6.21,0.0
COL-B2F-6071,column,0.3881,0.0,6.21,0.0
COL-B2F-6072,column,0.3881,0.0,6.21,0.0
COL-B2F-6073,column,0.3881,0.0,6.21,0.0
COL-B2F-6074,column,0.3881,0.0,6.21,0.0
COL-B2F-6075,column,1.4376,0.0,9.405,0.0
COL-B2F-6076,column,0.3881,0.0,6.21,0.0
COL-B2F-6077,column,0.3881,0.0,6.21,0.0
COL-B2F-6078,column,1.4376,0.0,9.405,0.0
COL-B2F-6079,column,0.3881,0.0,6.21,0.0
COL-B2F-6080,column,0.3881,0.0,6.21,0.0
COL-B2F-6081,column,1.4376,0.0,9.405,0.0
COL-B2F-6082,column,0.3881,0.0,6.21,0.0
COL-B2F-6083,column,0.3881,0.0,6.21,0.0
COL-B2F-6084,column,1.4376,0.0,9.405,0.0
COL-B2F-6085,column,0.3881,0.0,6.21,0.0
COL-B2F-6086,column,0.3881,0.0,6.21,0.0
COL-B2F-6087,column,1.4376,0.0,9.405,0.0
COL-B2F-6088,column,0.3881,0.0,6.21,0.0
COL-B2F-6089,column,0.3881,0.0,6.21,0.0
COL-B2F-6090,column,1.4376,0.0,9.405,0.0
COL-B2F-6091,column,0.3881,0.0,6.21,0.0
COL-B2F-6092,column,0.3881,0.0,6.21,0.0
COL-B2F-6093,column,0.3881,0.0,6.21,0.0
COL-B2F-6094,column,0.3881,0.0,6.21,0.0
COL-B2F-6095,column,1.4376,0.0,9.405,0.0
COL-B2F-6096,column,0.3881,0.0,6.21,0.0
COL-B2F-6097,column,0.3881,0.0,6.21,0.0
COL-B2F-6098,column,1.4376,0.0,9.405,0.0
COL-B2F-6099,column,0.3881,0.0,6.21,0.0
COL-B2F-6100,column,0.3881,0.0,6.21,0.0
COL-B2F-6101,column,1.4376,0.0,9.405,0.0
COL-B2F-6102,column,0.3881,0.0,6.21,0.0
COL-B2F-6103,column,0.3881,0.0,6.21,0.0
COL-B2F-6104,column,1.4376,0.0,9.405,0.0
COL-B2F-6105,column,0.3105,0.0,5.175,0.0
COL-B2F-6106,column,0.3105,0.0,5.175,0.0
COL-B2F-6107,column,0.3881,0.0,6.21,0.0
COL-B2F-6108,column,0.3881,0.0,6.21,0.0
COL-B2F-6109,column,0.3105,0.0,5.175,0.0
COL-B2F-6110,column,0.3105,0.0,5.175,0.0
COL-B2F-6111,column,0.3881,0.0,6.21,0.0
COL-B2F-6112,column,0.3881,0.0,6.21,0.0
COL-B2F-6113,column,0.3881,0.0,6.21,0.0
COL-B2F-6114,column,0.3881,0.0,6.21,0.0
COL-B2F-6115,column,0.3881,0.0,6.21,0.0
COL-B2F-6116,column,0.3881,0.0,6.21,0.0
COL-B2F-6117,column,0.3881,0.0,6.21,0.0
COL-B2F-6118,column,0.3881,0.0,6.21,0.0
COL-B2F-6119,column,0.3881,0.0,6.21,0.0
COL-B2F-6120,column,0.3881,0.0,6.21,0.0
COL-B2F-6121,column,0.3881,0.0,6.21,0.0
COL-B2F-6122,column,0.3881,0.0,6.21,0.0
COL-B2F-6123,column,0.3881,0.0,6.21,0.0
COL-B2F-6124,column,0.3881,0.0,6.21,0.0
COL-B2F-6125,column,0.3881,0.0,6.21,0.0
COL-B2F-6126,column,0.3881,0.0,6.21,0.0
COL-B2F-6127,column,0.3105,0.0,5.175,0.0
COL-B2F-6128,column,0.3105,0.0,5.175,0.0
COL-B2F-6129,column,0.3881,0.0,6.21,0.0
COL-B2F-6130,column,0.3881,0.0,6.21,0.0
COL-B2F-6131,column,1.4376,0.0,9.405,0.0
COL-B2F-6132,column,0.3105,0.0,5.175,0.0
COL-B2F-6133,column,0.3105,0.0,5.175,0.0
COL-B2F-6134,column,0.3881,0.0,6.21,0.0
COL-B2F-6135,column,0.3881,0.0,6.21,0.0
COL-B2F-6136,column,0.3881,0.0,6.21,0.0
COL-B2F-6137,column,0.3881,0.0,6.21,0.0
COL-B2F-6138,column,1.4376,0.0,9.405,0.0
COL-B2F-6139,column,0.3881,0.0,6.21,0.0
COL-B2F-6140,column,0.3881,0.0,6.21,0.0
COL-B2F-6141,column,0.3881,0.0,6.21,0.0
COL-B2F-6142,column,0.3881,0.0,6.21,0.0
COL-B2F-6143,column,1.4376,0.0,9.405,0.0
COL-B2F-6144,column,0.3881,0.0,6.21,0.0
COL-B2F-6145,column,0.3881,0.0,6.21,0.0
COL-B2F-6146,column,0.3881,0.0,6.21,0.0
COL-B2F-6147,column,0.3881,0.0,6.21,0.0
COL-B2F-6148,column,0.3105,0.0,5.175,0.0
COL-B2F-6149,column,0.3105,0.0,5.175,0.0
COL-B2F-6150,column,0.3881,0.0,6.21,0.0
COL-B2F-6151,column,0.3881,0.0,6.21,0.0
COL-B2F-6152,column,0.3881,0.0,6.21,0.0
COL-B2F-6153,column,0.3881,0.0,6.21,0.0
COL-B2F-6154,column,0.3105,0.0,5.175,0.0
COL-B2F-6155,column,0.3105,0.0,5.175,0.0
COL-B2F-6156,column,0.3881,0.0,6.21,0.0
COL-B2F-6157,column,0.3881,0.0,6.21,0.0
COL-B2F-6158,column,1.4376,0.0,9.405,0.0
COL-B2F-6159,column,0.3881,0.0,6.21,0.0
COL-B2F-6160,column,0.3881,0.0,6.21,0.0
COL-B2F-6161,column,1.4376,0.0,9.405,0.0
COL-B2F-6162,column,0.3105,0.0,5.175,0.0
COL-B2F-6163,column,0.3105,0.0,5.175,0.0
COL-B2F-6164,column,0.3881,0.0,6.21,0.0
COL-B2F-6165,column,0.3881,0.0,6.21,0.0
COL-B2F-6166,column,0.3881,0.0,6.21,0.0
COL-B2F-6167,column,0.3881,0.0,6.21,0.0
COL-B2F-6168,column,1.4376,0.0,9.405,0.0
COL-B2F-6169,column,0.3881,0.0,6.21,0.0
COL-B2F-6170,column,0.3881,0.0,6.21,0.0
COL-B2F-6171,column,0.3105,0.0,5.175,0.0
COL-B2F-6172,column,0.3105,0.0,5.175,0.0
COL-B2F-6173,column,0.3881,0.0,6.21,0.0
COL-B2F-6174,column,0.3881,0.0,6.21,0.0
COL-B2F-6175,column,0.3881,0.0,6.21,0.0
COL-B2F-6176,column,0.3881,0.0,6.21,0.0
COL-B2F-6177,column,1.4376,0.0,9.405,0.0
COL-B2F-6178,column,0.3881,0.0,6.21,0.0
COL-B2F-6179,column,0.3881,0.0,6.21,0.0
COL-B2F-6180,column,0.3881,0.0,6.21,0.0
COL-B2F-6181,column,0.3881,0.0,6.21,0.0
COL-B2F-6182,column,1.4376,0.0,9.405,0.0
COL-B2F-6183,column,0.3881,0.0,6.21,0.0
COL-B2F-6184,column,0.3881,0.0,6.21,0.0
COL-B2F-6185,column,1.4376,0.0,9.405,0.0
COL-B2F-6186,column,1.104,0.0,8.28,0.0
COL-B2F-6187,column,1.104,0.0,8.28,0.0
COL-B2F-6188,column,1.104,0.0,8.28,0.0
COL-B2F-6189,column,1.104,0.0,8.28,0.0
COL-B2F-6190,column,1.104,0.0,8.28,0.0
COL-B2F-6191,column,1.104,0.0,8.28,0.0
COL-B2F-6192,column,1.104,0.0,8.28,0.0
COL-B2F-6193,column,1.104,0.0,8.28,0.0
COL-B2F-6194,column,1.104,0.0,8.28,0.0
COL-B2F-6195,column,1.104,0.0,8.28,0.0
COL-B2F-6196,column,1.104,0.0,8.28,0.0
COL-B2F-6197,column,1.104,0.0,8.28,0.0
COL-B2F-6198,column,1.104,0.0,8.28,0.0
COL-B2F-6199,column,1.104,0.0,8.28,0.0
COL-B2F-6200,column,1.104,0.0,8.28,0.0
COL-B2F-6201,column,1.104,0.0,8.28,0.0
COL-B2F-6202,column,1.104,0.0,8.28,0.0
COL-B2F-6203,column,1.104,0.0,8.28,0.0
COL-B2F-6204,column,1.104,0.0,8.28,0.0
COL-B2F-6205,column,1.104,0.0,8.28,0.0
COL-B2F-6206,column,1.104,0.0,8.28,0.0
COL-B2F-6207,column,1.104,0.0,8.28,0.0
COL-B2F-6208,column,1.104,0.0,8.28,0.0
COL-B2F-6209,column,1.104,0.0,8.28,0.0
COL-B2F-6210,column,1.104,0.0,8.28,0.0
COL-B2F-6211,column,1.104,0.0,8.28,0.0
COL-B2F-6212,column,1.104,0.0,8.28,0.0
COL-B2F-6213,column,1.104,0.0,8.28,0.0
COL-B2F-6214,column,1.104,0.0,8.28,0.0
COL-B2F-6215,column,1.104,0.0,8.28,0.0
COL-B2F-6216,column,1.104,0.0,8.28,0.0
COL-B2F-6217,column,1.104,0.0,8.28,0.0
COL-B2F-6218,column,1.104,0.0,8.28,0.0
COL-B2F-6219,column,1.104,0.0,8.28,0.0
COL-B2F-6220,column,1.104,0.0,8.28,0.0
COL-B2F-6221,column,1.104,0.0,8.28,0.0
COL-B2F-6222,column,1.104,0.0,8.28,0.0
COL-B2F-6223,column,1.104,0.0,8.28,0.0
COL-B2F-6224,column,1.104,0.0,8.28,0.0
COL-B2F-6225,column,1.104,0.0,8.28,0.0
COL-B2F-6226,column,1.104,0.0,8.28,0.0
COL-B2F-6227,column,1.104,0.0,8.28,0.0
COL-B2F-6228,column,1.104,0.0,8.28,0.0
COL-B2F-6229,column,1.104,0.0,8.28,0.0
COL-B2F-6230,column,1.7499,0.0,10.033,0.0
COL-B2F-6231,column,1.7499,0.0,10.033,0.0
COL-B2F-6232,column,1.7499,0.0,10.033,0.0
COL-B2F-6233,column,1.104,0.0,8.28,0.0
COL-B2F-6234,column,1.104,0.0,8.28,0.0
COL-B2F-6235,column,1.104,0.0,8.28,0.0
COL-B2F-6236,column,1.104,0.0,8.28,0.0
COL-B2F-6237,column,1.104,0.0,8.28,0.0
COL-B2F-6238,column,1.104,0.0,8.28,0.0
COL-B2F-6239,column,1.104,0.0,8.28,0.0
COL-B2F-6240,column,1.104,0.0,8.28,0.0
COL-B2F-6241,column,1.104,0.0,8.28,0.0
COL-B2F-6242,column,1.104,0.0,8.28,0.0
COL-B2F-6243,column,1.104,0.0,8.28,0.0
COL-B2F-6244,column,1.104,0.0,8.28,0.0
COL-B2F-6245,column,1.104,0.0,8.28,0.0
COL-B2F-6246,column,1.104,0.0,8.28,0.0
COL-B2F-6247,column,1.104,0.0,8.28,0.0
COL-B2F-6248,column,1.104,0.0,8.28,0.0
COL-B2F-6249,column,1.104,0.0,8.28,0.0
COL-B2F-6250,column,1.104,0.0,8.28,0.0
COL-B2F-6251,column,1.104,0.0,8.28,0.0
COL-B2F-6252,column,1.104,0.0,8.28,0.0
COL-B2F-6253,column,1.104,0.0,8.28,0.0
COL-B2F-6254,column,1.104,0.0,8.28,0.0
COL-B2F-6255,column,1.104,0.0,8.28,0.0
COL-B2F-6256,column,1.104,0.0,8.28,0.0
COL-B2F-6257,column,1.104,0.0,8.28,0.0
COL-B2F-6258,column,1.104,0.0,8.28,0.0
COL-B2F-6259,column,1.104,0.0,8.28,0.0
COL-B2F-6260,column,1.104,0.0,8.28,0.0
COL-B2F-6261,column,1.104,0.0,8.28,0.0
COL-B2F-6262,column,1.104,0.0,8.28,0.0
COL-B2F-6263,column,1.104,0.0,8.28,0.0
COL-B2F-6264,column,1.104,0.0,8.28,0.0
COL-B2F-6265,column,1.104,0.0,8.28,0.0
COL-B2F-6266,column,1.104,0.0,8.28,0.0
COL-B2F-6267,column,1.104,0.0,8.28,0.0
COL-B2F-6268,column,1.104,0.0,8.28,0.0
COL-B2F-6269,column,1.104,0.0,8.28,0.0
COL-B2F-6270,column,1.104,0.0,8.28,0.0
COL-B2F-6271,column,1.104,0.0,8.28,0.0
COL-B2F-6272,column,1.104,0.0,8.28,0.0
COL-B2F-6273,column,1.104,0.0,8.28,0.0
COL-B2F-6274,column,1.104,0.0,8.28,0.0
COL-B2F-6275,column,1.104,0.0,8.28,0.0
COL-B2F-6276,column,1.104,0.0,8.28,0.0
COL-B2F-6277,column,1.104,0.0,8.28,0.0
COL-B2F-6278,column,1.104,0.0,8.28,0.0
COL-B2F-6279,column,1.104,0.0,8.28,0.0
COL-B2F-6280,column,1.104,0.0,8.28,0.0
COL-B2F-6281,column,1.104,0.0,8.28,0.0
COL-B2F-6282,column,1.104,0.0,8.28,0.0
COL-B2F-6283,column,1.104,0.0,8.28,0.0
COL-B2F-6284,column,1.104,0.0,8.28,0.0
COL-B2F-6285,column,1.104,0.0,8.28,0.0
COL-B2F-6286,column,1.104,0.0,8.28,0.0
COL-B2F-6287,column,1.104,0.0,8.28,0.0
COL-B2F-6288,column,1.104,0.0,8.28,0.0
COL-B2F-6289,column,1.104,0.0,8.28,0.0
COL-B2F-6290,column,1.104,0.0,8.28,0.0
COL-B2F-6291,column,1.104,0.0,8.28,0.0
COL-B2F-6292,column,1.242,0.0,8.97,0.0
COL-B2F-6293,column,1.518,0.0,9.315,0.0
COL-B2F-6294,column,1.104,0.0,8.28,0.0
COL-B2F-6295,column,1.104,0.0,8.28,0.0
COL-B2F-6296,column,1.104,0.0,8.28,0.0
COL-B2F-6297,column,1.104,0.0,8.28,0.0
COL-B2F-6298,column,1.104,0.0,8.28,0.0
COL-B2F-6299,column,1.104,0.0,8.28,0.0
COL-B2F-6300,column,1.104,0.0,8.28,0.0
COL-B2F-6301,column,1.104,0.0,8.28,0.0
COL-B2F-6302,column,1.104,0.0,8.28,0.0
COL-B2F-6303,column,1.104,0.0,8.28,0.0
COL-B2F-6304,column,1.104,0.0,8.28,0.0
COL-B2F-6305,column,1.104,0.0,8.28,0.0
COL-B2F-6306,column,1.104,0.0,8.28,0.0
COL-B2F-6307,column,1.104,0.0,8.28,0.0
COL-B2F-6308,column,1.104,0.0,8.28,0.0
COL-B2F-6309,column,1.104,0.0,8.28,0.0
COL-B2F-6310,column,1.104,0.0,8.28,0.0
COL-B2F-6311,column,1.104,0.0,8.28,0.0
COL-B2F-6312,column,1.104,0.0,8.28,0.0
COL-B2F-6313,column,1.104,0.0,8.28,0.0
COL-B2F-6314,column,1.104,0.0,8.28,0.0
COL-B2F-6315,column,1.104,0.0,8.28,0.0
COL-B2F-6316,column,1.104,0.0,8.28,0.0
COL-B2F-6317,column,1.104,0.0,8.28,0.0
COL-B2F-6318,column,1.104,0.0,8.28,0.0
COL-B2F-6319,column,1.104,0.0,8.28,0.0
COL-B2F-6320,column,1.104,0.0,8.28,0.0
COL-B2F-6321,column,1.104,0.0,8.28,0.0
COL-B2F-6322,column,1.104,0.0,8.28,0.0
COL-B2F-6323,column,1.104,0.0,8.28,0.0
COL-B2F-6324,column,1.104,0.0,8.28,0.0
COL-B2F-6325,column,1.104,0.0,8.28,0.0
COL-B2F-6326,column,1.104,0.0,8.28,0.0
COL-B2F-6327,column,1.104,0.0,8.28,0.0
COL-B2F-6328,column,1.104,0.0,8.28,0.0
COL-B2F-6329,column,1.104,0.0,8.28,0.0
COL-B2F-6330,column,1.104,0.0,8.28,0.0
COL-B2F-6331,column,1.104,0.0,8.28,0.0
COL-B2F-6332,column,1.104,0.0,8.28,0.0
COL-B2F-6333,column,1.104,0.0,8.28,0.0
COL-B2F-6334,column,1.104,0.0,8.28,0.0
COL-B2F-6335,column,1.104,0.0,8.28,0.0
COL-B2F-6336,column,1.104,0.0,8.28,0.0
COL-B2F-6337,column,1.104,0.0,8.28,0.0
COL-B2F-6338,column,1.104,0.0,8.28,0.0
COL-B2F-6339,column,1.104,0.0,8.28,0.0
COL-B2F-6340,column,1.104,0.0,8.28,0.0
COL-B2F-6341,column,1.104,0.0,8.28,0.0
COL-B2F-6342,column,1.104,0.0,8.28,0.0
COL-B2F-6343,column,1.104,0.0,8.28,0.0
COL-B2F-6344,column,1.104,0.0,8.28,0.0
COL-B2F-6345,column,1.104,0.0,8.28,0.0
COL-B2F-6346,column,1.104,0.0,8.28,0.0
COL-B2F-6347,column,1.104,0.0,8.28,0.0
COL-B2F-6348,column,1.104,0.0,8.28,0.0
COL-B2F-6349,column,1.104,0.0,8.28,0.0
COL-B2F-6350,column,1.104,0.0,8.28,0.0
COL-B2F-6351,column,1.104,0.0,8.28,0.0
COL-B2F-6352,column,1.104,0.0,8.28,0.0
COL-B2F-6353,column,1.104,0.0,8.28,0.0
COL-B2F-6354,column,1.104,0.0,8.28,0.0
COL-B2F-6355,column,1.104,0.0,8.28,0.0
COL-B2F-6356,column,1.104,0.0,8.28,0.0
COL-B2F-6357,column,1.104,0.0,8.28,0.0
COL-B2F-6358,column,1.104,0.0,8.28,0.0
COL-B2F-6359,column,1.104,0.0,8.28,0.0
COL-B2F-6360,column,1.104,0.0,8.28,0.0
COL-B2F-6361,column,1.104,0.0,8.28,0.0
COL-B2F-6362,column,1.104,0.0,8.28,0.0
COL-B2F-6363,column,1.104,0.0,8.28,0.0
COL-B2F-6364,column,1.104,0.0,8.28,0.0
COL-B2F-6365,column,1.104,0.0,8.28,0.0
COL-B2F-6366,column,1.104,0.0,8.28,0.0
COL-B2F-6367,column,1.104,0.0,8.28,0.0
COL-B2F-6368,column,1.104,0.0,8.28,0.0
COL-B2F-6369,column,1.104,0.0,8.28,0.0
COL-B2F-6370,column,1.104,0.0,8.28,0.0
COL-B2F-6371,column,1.104,0.0,8.28,0.0
COL-B2F-6372,column,1.104,0.0,8.28,0.0
COL-B2F-6373,column,1.104,0.0,8.28,0.0
COL-B2F-6374,column,1.104,0.0,8.28,0.0
COL-B2F-6375,column,1.104,0.0,8.28,0.0
COL-B2F-6376,column,1.104,0.0,8.28,0.0
COL-B2F-6377,column,1.104,0.0,8.28,0.0
COL-B2F-6378,column,1.104,0.0,8.28,0.0
COL-B2F-6379,column,1.104,0.0,8.28,0.0
COL-B2F-6380,column,1.104,0.0,8.28,0.0
COL-B2F-6381,column,1.104,0.0,8.28,0.0
COL-B2F-6382,column,1.104,0.0,8.28,0.0
COL-B2F-6383,column,1.104,0.0,8.28,0.0
COL-B2F-6384,column,1.104,0.0,8.28,0.0
COL-B2F-6385,column,1.104,0.0,8.28,0.0
COL-B2F-6386,column,1.104,0.0,8.28,0.0
COL-B2F-6387,column,1.104,0.0,8.28,0.0
COL-B2F-6388,column,1.104,0.0,8.28,0.0
COL-B2F-6389,column,1.104,0.0,8.28,0.0
COL-B2F-6390,column,1.104,0.0,8.28,0.0
COL-B2F-6391,column,1.104,0.0,8.28,0.0
COL-B2F-6392,column,1.104,0.0,8.28,0.0
COL-B2F-6393,column,1.104,0.0,8.28,0.0
COL-B2F-6394,column,1.104,0.0,8.28,0.0
COL-B2F-6395,column,1.104,0.0,8.28,0.0
COL-B2F-6396,column,1.104,0.0,8.28,0.0
COL-B2F-6397,column,1.104,0.0,8.28,0.0
COL-B2F-6398,column,1.104,0.0,8.28,0.0
COL-B2F-6399,column,1.104,0.0,8.28,0.0
COL-B2F-6400,column,1.104,0.0,8.28,0.0
COL-B2F-6401,column,1.104,0.0,8.28,0.0
COL-B2F-6402,column,1.104,0.0,8.28,0.0
COL-B2F-6403,column,1.104,0.0,8.28,0.0
COL-B2F-6404,column,1.104,0.0,8.28,0.0
COL-B2F-6405,column,1.104,0.0,8.28,0.0
COL-B2F-6406,column,1.104,0.0,8.28,0.0
COL-B2F-6407,column,1.104,0.0,8.28,0.0
COL-B2F-6408,column,1.104,0.0,8.28,0.0
COL-B2F-6409,column,1.104,0.0,8.28,0.0
COL-B2F-6410,column,1.104,0.0,8.28,0.0
COL-B2F-6411,column,1.104,0.0,8.28,0.0
COL-B2F-6412,column,1.104,0.0,8.28,0.0
COL-B2F-6413,column,1.104,0.0,8.28,0.0
COL-B2F-6414,column,1.104,0.0,8.28,0.0
COL-B2F-6415,column,1.104,0.0,8.28,0.0
COL-B2F-6416,column,1.104,0.0,8.28,0.0
COL-B2F-6417,column,1.104,0.0,8.28,0.0
COL-B2F-6418,column,1.104,0.0,8.28,0.0
COL-B2F-6419,column,1.104,0.0,8.28,0.0
COL-B2F-6420,column,1.104,0.0,8.28,0.0
COL-B2F-6421,column,1.104,0.0,8.28,0.0
COL-B2F-6422,column,1.104,0.0,8.28,0.0
COL-B2F-6423,column,1.104,0.0,8.28,0.0
COL-B2F-6424,column,1.104,0.0,8.28,0.0
COL-B2F-6425,column,1.104,0.0,8.28,0.0
COL-B2F-6426,column,1.104,0.0,8.28,0.0
COL-B2F-6427,column,1.104,0.0,8.28,0.0
COL-B2F-6428,column,1.104,0.0,8.28,0.0
COL-B2F-6429,column,1.104,0.0,8.28,0.0
COL-B2F-6430,column,1.104,0.0,8.28,0.0
COL-B2F-6431,column,1.104,0.0,8.28,0.0
COL-B2F-6432,column,1.104,0.0,8.28,0.0
COL-B2F-6433,column,1.104,0.0,8.28,0.0
COL-B2F-6434,column,1.104,0.0,8.28,0.0
COL-B2F-6435,column,1.104,0.0,8.28,0.0
COL-B2F-6436,column,1.104,0.0,8.28,0.0
COL-B2F-6437,column,1.104,0.0,8.28,0.0
COL-B2F-6438,column,1.104,0.0,8.28,0.0
COL-B2F-6439,column,1.104,0.0,8.28,0.0
COL-B2F-6440,column,1.104,0.0,8.28,0.0
COL-B2F-6441,column,1.104,0.0,8.28,0.0
COL-B2F-6442,column,1.104,0.0,8.28,0.0
COL-B2F-6443,column,1.104,0.0,8.28,0.0
COL-B2F-6444,column,1.104,0.0,8.28,0.0
COL-B2F-6445,column,1.104,0.0,8.28,0.0
COL-B2F-6446,column,1.104,0.0,8.28,0.0
COL-B2F-6447,column,1.104,0.0,8.28,0.0
COL-B2F-6448,column,1.104,0.0,8.28,0.0
COL-B2F-6449,column,1.104,0.0,8.28,0.0
COL-B2F-6450,column,1.104,0.0,8.28,0.0
COL-B2F-6451,column,1.104,0.0,8.28,0.0
COL-B2F-6452,column,1.104,0.0,8.28,0.0
COL-B2F-6453,column,1.104,0.0,8.28,0.0
COL-B2F-6454,column,1.104,0.0,8.28,0.0
COL-B2F-6455,column,1.104,0.0,8.28,0.0
COL-B2F-6456,column,1.104,0.0,8.28,0.0
COL-B2F-6457,column,1.104,0.0,8.28,0.0
COL-B2F-6458,column,1.104,0.0,8.28,0.0
COL-B2F-6459,column,1.104,0.0,8.28,0.0
COL-B2F-6460,column,1.104,0.0,8.28,0.0
COL-B2F-6461,column,1.104,0.0,8.28,0.0
COL-B2F-6462,column,1.104,0.0,8.28,0.0
COL-B2F-6463,column,1.104,0.0,8.28,0.0
COL-B2F-6464,column,1.104,0.0,8.28,0.0
COL-B2F-6465,column,1.104,0.0,8.28,0.0
COL-B2F-6466,column,1.104,0.0,8.28,0.0
COL-B2F-6467,column,1.104,0.0,8.28,0.0
COL-B2F-6468,column,1.104,0.0,8.28,0.0
COL-B2F-6469,column,1.104,0.0,8.28,0.0
COL-B2F-6470,column,1.104,0.0,8.28,0.0
COL-B2F-6471,column,1.104,0.0,8.28,0.0
COL-B2F-6472,column,1.104,0.0,8.28,0.0
COL-B2F-6473,column,1.104,0.0,8.28,0.0
COL-B2F-6474,column,1.104,0.0,8.28,0.0
COL-B2F-6475,column,1.104,0.0,8.28,0.0
COL-B2F-6476,column,1.104,0.0,8.28,0.0
COL-B2F-6477,column,1.104,0.0,8.28,0.0
COL-B2F-6478,column,1.104,0.0,8.28,0.0
COL-B2F-6479,column,1.104,0.0,8.28,0.0
COL-B2F-6480,column,1.104,0.0,8.28,0.0
COL-B2F-6481,column,1.104,0.0,8.28,0.0
COL-B2F-6482,column,1.104,0.0,8.28,0.0
COL-B2F-6483,column,1.104,0.0,8.28,0.0
COL-B2F-6484,column,1.104,0.0,8.28,0.0
COL-B2F-6485,column,1.104,0.0,8.28,0.0
COL-B2F-6486,column,1.104,0.0,8.28,0.0
COL-B2F-6487,column,1.104,0.0,8.28,0.0
COL-B2F-6488,column,1.104,0.0,8.28,0.0
COL-B2F-6489,column,1.104,0.0,8.28,0.0
COL-B2F-6490,column,1.104,0.0,8.28,0.0
COL-B2F-6491,column,1.104,0.0,8.28,0.0
COL-B2F-6492,column,1.104,0.0,8.28,0.0
COL-B2F-6493,column,1.104,0.0,8.28,0.0
COL-B2F-6494,column,1.104,0.0,8.28,0.0
COL-B2F-6495,column,1.104,0.0,8.28,0.0
COL-B2F-6496,column,1.104,0.0,8.28,0.0
COL-B2F-6497,column,1.104,0.0,8.28,0.0
COL-B2F-6498,column,1.104,0.0,8.28,0.0
COL-B2F-6499,column,1.104,0.0,8.28,0.0
COL-B2F-6500,column,1.104,0.0,8.28,0.0
COL-B2F-6501,column,1.104,0.0,8.28,0.0
COL-B2F-6502,column,1.104,0.0,8.28,0.0
COL-B2F-6503,column,1.104,0.0,8.28,0.0
COL-B2F-6504,column,1.104,0.0,8.28,0.0
COL-B2F-6505,column,1.104,0.0,8.28,0.0
COL-B2F-6506,column,1.104,0.0,8.28,0.0
COL-B2F-6507,column,1.104,0.0,8.28,0.0
COL-B2F-6508,column,1.104,0.0,8.28,0.0
COL-B2F-6509,column,1.104,0.0,8.28,0.0
COL-B2F-6510,column,1.104,0.0,8.28,0.0
COL-B2F-6511,column,1.104,0.0,8.28,0.0
COL-B2F-6512,column,1.104,0.0,8.28,0.0
COL-B2F-6513,column,1.104,0.0,8.28,0.0
COL-B2F-6514,column,1.104,0.0,8.28,0.0
COL-B2F-6515,column,1.104,0.0,8.28,0.0
COL-B2F-6516,column,1.104,0.0,8.28,0.0
COL-B2F-6517,column,1.104,0.0,8.28,0.0
COL-B2F-6518,column,1.104,0.0,8.28,0.0
COL-B2F-6519,column,1.104,0.0,8.28,0.0
COL-B2F-6520,column,1.104,0.0,8.28,0.0
COL-B2F-6521,column,1.104,0.0,8.28,0.0
COL-B2F-6522,column,1.242,0.0,8.97,0.0
COL-B2F-6523,column,1.104,0.0,8.28,0.0
COL-B2F-6524,column,1.1012,0.0,8.273,0.0
COL-B2F-6525,column,0.3881,0.0,6.21,0.0
COL-B2F-6526,column,0.3881,0.0,6.21,0.0
COL-B2F-6527,column,1.4376,0.0,9.405,0.0
COL-B2F-6528,column,0.3881,0.0,6.21,0.0
COL-B2F-6529,column,0.3881,0.0,6.21,0.0
COL-B2F-6530,column,1.4376,0.0,9.405,0.0
COL-B2F-6531,column,0.3881,0.0,6.21,0.0
COL-B2F-6532,column,0.3881,0.0,6.21,0.0
COL-B2F-6533,column,1.4376,0.0,9.405,0.0
COL-B2F-6534,column,0.3881,0.0,6.21,0.0
COL-B2F-6535,column,0.3881,0.0,6.21,0.0
COL-B2F-6536,column,0.3881,0.0,6.21,0.0
COL-B2F-6537,column,0.3881,0.0,6.21,0.0
COL-B2F-6538,column,0.3881,0.0,6.21,0.0
COL-B2F-6539,column,0.3881,0.0,6.21,0.0
COL-B2F-6540,column,0.3881,0.0,6.21,0.0
COL-B2F-6541,column,0.3881,0.0,6.21,0.0
COL-B2F-6542,column,0.3881,0.0,6.21,0.0
COL-B2F-6543,column,0.3881,0.0,6.21,0.0
COL-B2F-6544,column,0.3881,0.0,6.21,0.0
COL-B2F-6545,column,0.3881,0.0,6.21,0.0
COL-B2F-6546,column,0.3881,0.0,6.21,0.0
COL-B2F-6547,column,0.3881,0.0,6.21,0.0
COL-B2F-6548,column,0.3881,0.0,6.21,0.0
COL-B2F-6549,column,0.3881,0.0,6.21,0.0
COL-B2F-6550,column,0.3881,0.0,6.21,0.0
COL-B2F-6551,column,0.3881,0.0,6.21,0.0
COL-B2F-6552,column,0.3881,0.0,6.21,0.0
COL-B2F-6553,column,0.3881,0.0,6.21,0.0
COL-B2F-6554,column,0.3881,0.0,6.21,0.0
COL-B2F-6555,column,0.3881,0.0,6.21,0.0
COL-B2F-6556,column,0.3881,0.0,6.21,0.0
COL-B2F-6557,column,0.3881,0.0,6.21,0.0
COL-B2F-6558,column,0.3881,0.0,6.21,0.0
COL-B2F-6559,column,0.3881,0.0,6.21,0.0
COL-B2F-6560,column,0.3881,0.0,6.21,0.0
COL-B2F-6561,column,0.3881,0.0,6.21,0.0
COL-B2F-6562,column,0.3881,0.0,6.21,0.0
COL-B2F-6563,column,0.3881,0.0,6.21,0.0
COL-B2F-6564,column,0.3881,0.0,6.21,0.0
COL-B2F-6565,column,0.3881,0.0,6.21,0.0
COL-B2F-6566,column,0.3881,0.0,6.21,0.0
COL-B2F-6567,column,0.3881,0.0,6.21,0.0
COL-B2F-6568,column,0.3881,0.0,6.21,0.0
COL-B2F-6569,column,0.3881,0.0,6.21,0.0
COL-B2F-6570,column,4.14,0.0,15.87,0.0
COL-B2F-6571,column,4.83,0.0,18.63,0.0
COL-B2F-6572,column,4.1055,0.0,16.56,0.0
COL-B2F-6573,column,4.14,0.0,15.87,0.0
COL-B2F-6574,column,4.14,0.0,15.87,0.0
COL-B2F-6575,column,7.5552,0.0,20.431,0.0
COL-B2F-6576,column,2.484,0.0,12.42,0.0
COL-B2F-6577,column,2.07,0.0,11.04,0.0
COL-B2F-6578,column,2.07,0.0,11.04,0.0
COL-B2F-6579,column,3.105,0.0,14.49,0.0
COL-B2F-6580,column,2.484,0.0,12.42,0.0
COL-B2F-6581,column,2.691,0.0,13.11,0.0
COL-B2F-6582,column,4.14,0.0,15.87,0.0
COL-B2F-6583,column,3.6225,0.0,15.18,0.0
COL-B2F-6584,column,2.898,0.0,13.8,0.0
COL-B2F-6585,column,4.6861,0.0,17.243,0.0
COL-B2F-6586,column,3.105,0.0,14.49,0.0
COL-B2F-6587,column,2.484,0.0,12.42,0.0
COL-B2F-6588,column,3.312,0.0,15.18,0.0
COL-B2F-6589,column,3.726,0.0,16.56,0.0
COL-B2F-6590,column,2.898,0.0,13.8,0.0
COL-B2F-6591,column,4.83,0.0,18.63,0.0
COL-B2F-6592,column,2.691,0.0,13.11,0.0
COL-B2F-6593,column,4.1055,0.0,16.56,0.0
COL-B2F-6594,column,2.484,0.0,12.42,0.0
COL-B2F-6595,column,3.105,0.0,14.49,0.0
COL-B2F-6596,column,3.312,0.0,15.18,0.0
COL-B2F-6597,column,3.105,0.0,14.49,0.0
COL-B2F-6598,column,2.691,0.0,13.11,0.0
COL-B2F-6599,column,3.6225,0.0,15.18,0.0
COL-B2F-6600,column,2.484,0.0,12.42,0.0
COL-B2F-6601,column,3.105,0.0,14.49,0.0
COL-B2F-6602,column,3.105,0.0,14.49,0.0
COL-B2F-6603,column,2.484,0.0,12.42,0.0
COL-B2F-6604,column,2.484,0.0,12.42,0.0
COL-B2F-6605,column,3.726,0.0,16.56,0.0
COL-B2F-6606,column,3.726,0.0,16.56,0.0
COL-B2F-6607,column,3.105,0.0,14.49,0.0
COL-B2F-6608,column,3.105,0.0,14.49,0.0
COL-B2F-6609,column,4.5861,0.0,17.933,0.0
COL-B2F-6610,column,2.484,0.0,12.42,0.0
COL-B2F-6611,column,3.105,0.0,14.49,0.0
COL-B2F-6612,column,3.105,0.0,14.49,0.0
COL-B2F-6613,column,3.105,0.0,14.49,0.0
COL-B2F-6614,column,3.105,0.0,14.49,0.0
COL-B2F-6615,column,3.105,0.0,14.49,0.0
COL-B2F-6616,column,3.105,0.0,14.49,0.0
COL-B2F-6617,column,3.105,0.0,14.49,0.0
COL-B2F-6618,column,2.484,0.0,12.42,0.0
COL-B2F-6619,column,4.416,0.0,16.56,0.0
COL-B2F-6620,column,4.14,0.0,17.94,0.0
COL-B2F-6621,column,4.83,0.0,18.63,0.0
COL-B2F-6622,column,4.83,0.0,18.63,0.0
COL-B2F-6623,column,4.14,0.0,17.94,0.0
COL-B2F-6624,column,4.14,0.0,15.87,0.0
COL-B2F-6625,column,4.14,0.0,15.87,0.0
COL-B2F-6626,column,4.14,0.0,15.87,0.0
COL-B2F-6627,column,4.416,0.0,16.56,0.0
COL-B2F-6628,column,4.14,0.0,15.87,0.0
COL-B2F-6629,column,4.14,0.0,15.87,0.0
COL-B2F-6630,column,4.14,0.0,15.87,0.0
COL-B2F-6631,column,4.14,0.0,15.87,0.0
COL-B2F-6632,column,3.105,0.0,14.49,0.0
COL-B2F-6633,column,5.796,0.0,20.01,0.0
COL-B2F-6634,column,3.105,0.0,14.49,0.0
COL-B2F-6635,column,3.105,0.0,14.49,0.0
COL-B2F-6636,column,2.07,0.0,11.04,0.0
COL-B2F-6637,column,2.484,0.0,12.42,0.0
COL-B2F-6638,column,2.484,0.0,12.42,0.0
COL-B2F-6639,column,1.863,0.0,10.35,0.0
COL-B2F-6640,column,1.863,0.0,10.35,0.0
COL-B2F-6641,column,2.484,0.0,12.42,0.0
COL-B2F-6642,column,3.312,0.0,15.18,0.0
COL-B2F-6643,column,2.898,0.0,13.8,0.0
COL-B2F-6644,column,2.07,0.0,11.04,0.0
COL-B2F-6645,column,2.484,0.0,12.42,0.0
COL-B2F-6646,column,2.07,0.0,11.04,0.0
COL-B2F-6647,column,2.07,0.0,11.04,0.0
COL-B2F-6648,column,2.484,0.0,12.42,0.0
COL-B2F-6649,column,3.726,0.0,16.56,0.0
COL-B2F-6650,column,4.554,0.0,19.32,0.0
COL-B2F-6651,column,5.175,0.0,17.25,0.0
COL-B2F-6652,column,5.175,0.0,17.25,0.0
COL-B2F-6653,column,2.898,0.0,13.8,0.0
COL-B2F-6654,column,5.175,0.0,17.25,0.0
COL-B2F-6655,column,5.175,0.0,17.25,0.0
COL-B2F-6656,column,3.4155,0.0,13.8,0.0
COL-B2F-6657,column,5.8305,0.0,17.94,0.0
COL-B2F-6658,column,5.8305,0.0,17.94,0.0
COL-B2F-6659,column,3.726,0.0,16.56,0.0
COL-B2F-6660,column,4.14,0.0,15.18,0.0
COL-B2F-6661,column,2.07,0.0,11.04,0.0
COL-B2F-6662,column,2.415,0.0,11.73,0.0
COL-B2F-6663,column,2.484,0.0,12.42,0.0
COL-B2F-6664,column,6.7746,0.0,19.361,0.0
COL-B2F-6665,column,2.07,0.0,11.04,0.0
COL-B2F-6666,column,0.3105,0.0,5.175,0.0
COL-B2F-6667,column,0.3105,0.0,5.175,0.0
COL-B2F-6668,column,0.3881,0.0,6.21,0.0
COL-B2F-6669,column,0.3881,0.0,6.21,0.0
COL-B2F-6670,column,0.3881,0.0,6.21,0.0
COL-B2F-6671,column,0.3881,0.0,6.21,0.0
COL-B2F-6672,column,6.21,0.0,18.63,0.0
COL-B2F-6673,column,6.21,0.0,18.63,0.0
COL-B2F-6674,column,8.3827,0.0,21.576,0.0
COL-B2F-6675,column,1.1716,0.0,8.618,0.0
COL-B2F-6676,column,1.035,0.0,7.935,0.0
COL-B2F-6677,column,4.1366,0.0,15.173,0.0
COL-B2F-6678,column,4.83,0.0,18.63,0.0
COL-B2F-6679,column,4.83,0.0,18.63,0.0
COL-B2F-6680,column,4.14,0.0,17.94,0.0
COL-B2F-6681,column,4.1372,0.0,15.863,0.0
COL-B2F-6682,column,4.14,0.0,15.87,0.0
COL-B2F-6683,column,4.14,0.0,17.94,0.0
COL-B2F-6684,column,4.14,0.0,15.87,0.0
COL-B2F-6685,column,4.416,0.0,16.56,0.0
COL-B2F-6686,column,7.5309,0.0,20.403,0.0
COL-B2F-6687,column,7.5309,0.0,20.403,0.0
COL-B2F-6688,column,14.3636,0.0,28.18,0.0
COL-B2F-6689,column,7.5309,0.0,20.403,0.0
COL-B2F-6690,column,7.3392,0.0,20.334,0.0
COL-B2F-6691,column,7.3392,0.0,20.334,0.0
COL-B2F-6692,column,7.3392,0.0,20.334,0.0
COL-B2F-6693,column,7.3392,0.0,20.334,0.0
COL-B2F-6694,column,3.726,0.0,16.56,0.0
COL-B2F-6695,column,4.554,0.0,19.32,0.0
COL-B2F-6696,column,3.726,0.0,16.56,0.0
COL-B2F-6697,column,2.898,0.0,13.8,0.0
COL-B2F-6698,column,5.175,0.0,17.25,0.0
COL-B2F-6699,column,5.175,0.0,17.25,0.0
COL-B2F-6700,column,5.175,0.0,17.25,0.0
COL-B2F-6701,column,5.175,0.0,17.25,0.0
COL-B2F-6702,column,5.8305,0.0,17.94,0.0
COL-B2F-6703,column,5.8305,0.0,17.94,0.0
COL-B2F-6704,column,3.4155,0.0,13.8,0.0
COL-B2F-6705,column,2.484,0.0,12.42,0.0
COL-B2F-6706,column,1.863,0.0,10.35,0.0
COL-B2F-6707,column,1.863,0.0,10.35,0.0
COL-B2F-6708,column,2.484,0.0,12.42,0.0
COL-B2F-6709,column,2.898,0.0,13.8,0.0
COL-B2F-6710,column,2.07,0.0,11.04,0.0
COL-B2F-6711,column,2.07,0.0,11.04,0.0
COL-B2F-6712,column,2.484,0.0,12.42,0.0
COL-B2F-6713,column,3.3099,0.0,15.173,0.0
COL-B2F-6714,column,2.07,0.0,11.04,0.0
COL-B2F-6715,column,1.2075,0.0,8.28,0.0
COL-B2F-6716,column,1.2075,0.0,8.28,0.0
COL-B2F-6717,column,1.2075,0.0,8.28,0.0
COL-B2F-6718,column,1.2075,0.0,8.28,0.0
COL-B2F-6719,column,1.2075,0.0,8.28,0.0
COL-B2F-6720,column,4.968,0.0,16.56,0.0
COL-B2F-6721,column,2.484,0.0,12.42,0.0
COL-B2F-6722,column,2.07,0.0,11.04,0.0
COL-B2F-6723,column,2.07,0.0,11.04,0.0
COL-B2F-6724,column,6.762,0.0,19.32,0.0
COL-B2F-6725,column,4.968,0.0,16.56,0.0
COL-B2F-6726,column,4.968,0.0,16.56,0.0
COL-B2F-6727,column,4.968,0.0,16.56,0.0
COL-B2F-6728,column,1.104,0.0,8.28,0.0
COL-B2F-6729,column,1.104,0.0,8.28,0.0
COL-B2F-6730,column,1.104,0.0,8.28,0.0
COL-B2F-6731,column,1.2075,0.0,8.28,0.0
COL-B2F-6732,column,1.104,0.0,8.28,0.0
COL-B2F-6733,column,1.104,0.0,8.28,0.0
COL-B2F-6734,column,1.104,0.0,8.28,0.0
COL-B2F-6735,column,1.104,0.0,8.28,0.0
COL-B2F-6736,column,1.104,0.0,8.28,0.0
COL-B2F-6737,column,1.104,0.0,8.28,0.0
COL-B2F-6738,column,4.14,0.0,15.18,0.0
COL-B2F-6739,column,2.07,0.0,11.04,0.0
COL-B2F-6740,column,2.415,0.0,11.73,0.0
COL-B2F-6741,column,2.484,0.0,12.42,0.0
COL-B2F-6742,column,6.7746,0.0,19.361,0.0
COL-B2F-6743,column,3.6225,0.0,15.18,0.0
COL-B2F-6744,column,2.484,0.0,12.42,0.0
COL-B2F-6745,column,3.105,0.0,14.49,0.0
COL-B2F-6746,column,3.105,0.0,14.49,0.0
COL-B2F-6747,column,1.2075,0.0,8.28,0.0
COL-B2F-6748,column,1.2075,0.0,8.28,0.0
COL-B2F-6749,column,4.14,0.0,15.87,0.0
COL-B2F-6750,column,2.484,0.0,12.42,0.0
COL-B2F-6751,column,2.691,0.0,13.11,0.0
COL-B2F-6752,column,10.5993,0.0,24.212,0.0
COL-B2F-6753,column,2.362,0.0,11.447,0.0
COL-B2F-6754,column,3.0998,0.0,14.483,0.0
COL-B2F-6755,column,3.312,0.0,15.18,0.0
COL-B2F-6756,column,3.726,0.0,16.56,0.0
COL-B2F-6757,column,2.484,0.0,12.42,0.0
COL-B2F-6758,column,2.484,0.0,12.42,0.0
COL-B2F-6759,column,5.7471,0.0,17.899,0.0
COL-B2F-6760,column,5.1693,0.0,16.96,0.0
COL-B2F-6761,column,6.7746,0.0,19.361,0.0
COL-B2F-6762,column,6.7746,0.0,19.361,0.0
COL-B2F-6763,column,12.3327,0.0,26.137,0.0
COL-B2F-6764,column,3.105,0.0,14.49,0.0
COL-B2F-6765,column,4.1055,0.0,16.56,0.0
COL-B2F-6766,column,2.484,0.0,12.42,0.0
COL-B2F-6767,column,2.4799,0.0,12.413,0.0
COL-B2F-6768,column,3.105,0.0,14.49,0.0
COL-B2F-6769,column,3.0998,0.0,14.483,0.0
COL-B2F-6770,column,7.9068,0.0,20.99,0.0
COL-B2F-6771,column,7.2135,0.0,20.038,0.0
COL-B2F-6772,column,7.2135,0.0,20.038,0.0
COL-B2F-6773,column,7.2135,0.0,20.038,0.0
COL-B2F-6774,column,7.2135,0.0,20.038,0.0
COL-B2F-6775,column,7.2135,0.0,20.038,0.0
COL-B2F-6776,column,1.2075,0.0,8.28,0.0
COL-B2F-6777,column,1.2075,0.0,8.28,0.0
COL-B2F-6778,column,1.2075,0.0,8.28,0.0
COL-B2F-6779,column,1.2075,0.0,8.28,0.0
COL-B2F-6780,column,2.3708,0.0,11.447,0.0
COL-B2F-6781,column,1.2075,0.0,8.28,0.0
COL-B2F-6782,column,9.7409,0.0,23.232,0.0
COL-B2F-6783,column,9.7409,0.0,23.232,0.0
COL-B2F-6784,column,4.5885,0.0,17.94,0.0
COL-B2F-6785,column,3.105,0.0,14.49,0.0
COL-B2F-6786,column,7.4699,0.0,20.334,0.0
COL-B2F-6787,column,1.2051,0.0,8.273,0.0
COL-B2F-6788,column,1.2075,0.0,8.28,0.0
COL-B2F-6789,column,1.2075,0.0,8.28,0.0
COL-B2F-6790,column,1.2075,0.0,8.28,0.0
COL-B2F-6791,column,1.7499,0.0,10.033,0.0
COL-B2F-6792,column,1.7499,0.0,10.033,0.0
COL-B2F-6793,column,8.8175,0.0,22.094,0.0
COL-B2F-6794,column,9.6001,0.0,23.06,0.0
COL-B2F-6795,column,4.14,0.0,15.87,0.0
COL-B2F-6796,column,4.14,0.0,15.87,0.0
COL-B2F-6797,column,2.4799,0.0,12.413,0.0
COL-B2F-6798,column,2.484,0.0,12.42,0.0
COL-B2F-6799,column,3.6225,0.0,15.18,0.0
COL-B2F-6800,column,3.0998,0.0,14.483,0.0
COL-B2F-6801,column,4.0996,0.0,16.553,0.0
COL-B2F-6802,column,3.105,0.0,14.49,0.0
COL-B2F-6803,column,4.8276,0.0,18.623,0.0
COL-B2F-6804,column,2.6865,0.0,13.103,0.0
COL-B2F-6805,column,2.484,0.0,12.42,0.0
COL-B2F-6806,column,1.104,0.0,8.28,0.0
COL-B2F-6807,column,7.327,0.0,20.169,0.0
COL-B2F-6808,column,0.3105,0.0,5.175,0.0
COL-B2F-6809,column,0.3105,0.0,5.175,0.0
COL-B2F-6810,column,0.3881,0.0,6.21,0.0
COL-B2F-6811,column,0.3881,0.0,6.21,0.0
COL-B2F-6812,column,1.4376,0.0,9.405,0.0
COL-B2F-6813,column,0.3881,0.0,6.21,0.0
COL-B2F-6814,column,0.3881,0.0,6.21,0.0
COL-B2F-6815,column,1.4376,0.0,9.405,0.0
COL-B2F-6816,column,0.3881,0.0,6.21,0.0
COL-B2F-6817,column,0.3881,0.0,6.21,0.0
COL-B2F-6818,column,1.4376,0.0,9.405,0.0
COL-B2F-6819,column,0.3881,0.0,6.21,0.0
COL-B2F-6820,column,0.3881,0.0,6.21,0.0
COL-B2F-6821,column,1.4376,0.0,9.405,0.0
COL-B2F-6822,column,0.3881,0.0,6.21,0.0
COL-B2F-6823,column,0.3881,0.0,6.21,0.0
COL-B2F-6824,column,0.3881,0.0,6.21,0.0
COL-B2F-6825,column,0.3881,0.0,6.21,0.0
COL-B2F-6826,column,0.3881,0.0,6.21,0.0
COL-B2F-6827,column,0.3881,0.0,6.21,0.0
COL-B2F-6828,column,0.3881,0.0,6.21,0.0
COL-B2F-6829,column,0.3881,0.0,6.21,0.0
COL-B2F-6830,column,0.3881,0.0,6.21,0.0
COL-B2F-6831,column,0.3881,0.0,6.21,0.0
COL-B2F-6832,column,1.4376,0.0,9.405,0.0
COL-B2F-6833,column,0.3881,0.0,6.21,0.0
COL-B2F-6834,column,0.3881,0.0,6.21,0.0
COL-B2F-6835,column,1.4376,0.0,9.405,0.0
COL-B2F-6836,column,0.3881,0.0,6.21,0.0
COL-B2F-6837,column,0.3881,0.0,6.21,0.0
COL-B2F-6838,column,1.4376,0.0,9.405,0.0
COL-B2F-6839,column,0.3881,0.0,6.21,0.0
COL-B2F-6840,column,0.3881,0.0,6.21,0.0
COL-B2F-6841,column,1.4376,0.0,9.405,0.0
COL-B2F-6842,column,0.3881,0.0,6.21,0.0
COL-B2F-6843,column,0.3881,0.0,6.21,0.0
COL-B2F-6844,column,1.4376,0.0,9.405,0.0
COL-B2F-6845,column,0.3881,0.0,6.21,0.0
COL-B2F-6846,column,0.3881,0.0,6.21,0.0
COL-B2F-6847,column,1.4376,0.0,9.405,0.0
COL-B2F-6848,column,0.3881,0.0,6.21,0.0
COL-B2F-6849,column,0.3881,0.0,6.21,0.0
COL-B2F-6850,column,0.3881,0.0,6.21,0.0
COL-B2F-6851,column,0.3881,0.0,6.21,0.0
COL-B2F-6852,column,0.3881,0.0,6.21,0.0
COL-B2F-6853,column,0.3881,0.0,6.21,0.0
COL-B2F-6854,column,0.3881,0.0,6.21,0.0
COL-B2F-6855,column,0.3881,0.0,6.21,0.0
COL-B2F-6856,column,0.3881,0.0,6.21,0.0
COL-B2F-6857,column,0.3881,0.0,6.21,0.0
COL-B2F-6858,column,0.3881,0.0,6.21,0.0
COL-B2F-6859,column,0.3881,0.0,6.21,0.0
COL-B2F-6860,column,0.3881,0.0,6.21,0.0
COL-B2F-6861,column,0.3881,0.0,6.21,0.0
COL-B2F-6862,column,0.3881,0.0,6.21,0.0
COL-B2F-6863,column,0.3881,0.0,6.21,0.0
COL-B2F-6864,column,0.3881,0.0,6.21,0.0
COL-B2F-6865,column,0.3881,0.0,6.21,0.0
COL-B2F-6866,column,0.3881,0.0,6.21,0.0
COL-B2F-6867,column,0.3881,0.0,6.21,0.0
COL-B2F-6868,column,0.3881,0.0,6.21,0.0
COL-B2F-6869,column,0.3881,0.0,6.21,0.0
COL-B2F-6870,column,0.3881,0.0,6.21,0.0
COL-B2F-6871,column,0.3881,0.0,6.21,0.0
COL-B2F-6872,column,0.3881,0.0,6.21,0.0
COL-B2F-6873,column,0.3881,0.0,6.21,0.0
COL-B2F-6874,column,0.3881,0.0,6.21,0.0
COL-B2F-6875,column,0.3881,0.0,6.21,0.0
COL-B2F-6876,column,0.3881,0.0,6.21,0.0
COL-B2F-6877,column,0.3881,0.0,6.21,0.0
COL-B2F-6878,column,0.3881,0.0,6.21,0.0
COL-B2F-6879,column,0.3881,0.0,6.21,0.0
COL-B2F-6880,column,0.3881,0.0,6.21,0.0
COL-B2F-6881,column,0.3881,0.0,6.21,0.0
COL-B2F-6882,column,0.3881,0.0,6.21,0.0
COL-B2F-6883,column,0.3881,0.0,6.21,0.0
COL-B2F-6884,column,0.3881,0.0,6.21,0.0
COL-B2F-6885,column,0.3881,0.0,6.21,0.0
COL-B2F-6886,column,0.3881,0.0,6.21,0.0
COL-B2F-6887,column,0.3881,0.0,6.21,0.0
COL-B2F-6888,column,0.3881,0.0,6.21,0.0
COL-B2F-6889,column,0.3881,0.0,6.21,0.0
COL-B2F-6890,column,0.3881,0.0,6.21,0.0
COL-B2F-6891,column,0.3881,0.0,6.21,0.0
COL-B2F-6892,column,0.3881,0.0,6.21,0.0
COL-B2F-6893,column,0.3881,0.0,6.21,0.0
COL-B2F-6894,column,0.3881,0.0,6.21,0.0
COL-B2F-6895,column,0.3881,0.0,6.21,0.0
COL-B2F-6896,column,0.3881,0.0,6.21,0.0
COL-B2F-6897,column,0.3881,0.0,6.21,0.0
COL-B2F-6898,column,0.3881,0.0,6.21,0.0
COL-B2F-6899,column,0.3881,0.0,6.21,0.0
COL-B2F-6900,column,0.3881,0.0,6.21,0.0
COL-B2F-6901,column,0.3881,0.0,6.21,0.0
COL-B2F-6902,column,0.3881,0.0,6.21,0.0
COL-B2F-6903,column,0.3881,0.0,6.21,0.0
COL-B2F-6904,column,0.3881,0.0,6.21,0.0
COL-B2F-6905,column,0.3881,0.0,6.21,0.0
COL-B2F-6906,column,0.3881,0.0,6.21,0.0
COL-B2F-6907,column,0.3881,0.0,6.21,0.0
COL-B2F-6908,column,0.3881,0.0,6.21,0.0
COL-B2F-6909,column,0.3881,0.0,6.21,0.0
COL-B2F-6910,column,0.3881,0.0,6.21,0.0
COL-B2F-6911,column,0.3881,0.0,6.21,0.0
COL-B2F-6912,column,0.3881,0.0,6.21,0.0
COL-B2F-6913,column,0.3881,0.0,6.21,0.0
COL-B2F-6914,column,0.3881,0.0,6.21,0.0
COL-B2F-6915,column,0.3881,0.0,6.21,0.0
COL-B2F-6916,column,0.3881,0.0,6.21,0.0
COL-B2F-6917,column,0.3881,0.0,6.21,0.0
COL-B2F-6918,column,0.3881,0.0,6.21,0.0
COL-B2F-6919,column,0.3881,0.0,6.21,0.0
COL-B2F-6920,column,0.3881,0.0,6.21,0.0
COL-B2F-6921,column,0.3881,0.0,6.21,0.0
COL-B2F-6922,column,0.3881,0.0,6.21,0.0
COL-B2F-6923,column,0.3881,0.0,6.21,0.0
COL-B2F-6924,column,0.3881,0.0,6.21,0.0
COL-B2F-6925,column,0.3881,0.0,6.21,0.0
COL-B2F-6926,column,0.3881,0.0,6.21,0.0
COL-B2F-6927,column,0.3881,0.0,6.21,0.0
COL-B2F-6928,column,0.3881,0.0,6.21,0.0
COL-B2F-6929,column,0.3881,0.0,6.21,0.0
COL-B2F-6930,column,0.3881,0.0,6.21,0.0
COL-B2F-6931,column,0.3881,0.0,6.21,0.0
COL-B2F-6932,column,1.4376,0.0,9.405,0.0
COL-B2F-6933,column,0.3881,0.0,6.21,0.0
COL-B2F-6934,column,0.3881,0.0,6.21,0.0
COL-B2F-6935,column,1.4376,0.0,9.405,0.0
COL-B2F-6936,column,0.3881,0.0,6.21,0.0
COL-B2F-6937,column,0.3881,0.0,6.21,0.0
COL-B2F-6938,column,1.4376,0.0,9.405,0.0
COL-B2F-6939,column,0.3881,0.0,6.21,0.0
COL-B2F-6940,column,0.3881,0.0,6.21,0.0
COL-B2F-6941,column,1.4376,0.0,9.405,0.0
COL-B2F-6942,column,0.3881,0.0,6.21,0.0
COL-B2F-6943,column,0.3881,0.0,6.21,0.0
COL-B2F-6944,column,1.4376,0.0,9.405,0.0
COL-B2F-6945,column,0.3881,0.0,6.21,0.0
COL-B2F-6946,column,0.3881,0.0,6.21,0.0
COL-B2F-6947,column,0.3881,0.0,6.21,0.0
COL-B2F-6948,column,0.3881,0.0,6.21,0.0
COL-B2F-6949,column,0.3881,0.0,6.21,0.0
COL-B2F-6950,column,0.3881,0.0,6.21,0.0
COL-B2F-6951,column,1.4376,0.0,9.405,0.0
COL-B2F-6952,column,0.3881,0.0,6.21,0.0
COL-B2F-6953,column,0.3881,0.0,6.21,0.0
COL-B2F-6954,column,0.3881,0.0,6.21,0.0
COL-B2F-6955,column,0.3881,0.0,6.21,0.0
COL-B2F-6956,column,0.3881,0.0,6.21,0.0
COL-B2F-6957,column,0.3881,0.0,6.21,0.0
COL-B2F-6958,column,0.3881,0.0,6.21,0.0
COL-B2F-6959,column,0.3881,0.0,6.21,0.0
COL-B2F-6960,column,0.3881,0.0,6.21,0.0
COL-B2F-6961,column,0.3881,0.0,6.21,0.0
COL-B2F-6962,column,1.4376,0.0,9.405,0.0
COL-B2F-6963,column,0.3881,0.0,6.21,0.0
COL-B2F-6964,column,0.3881,0.0,6.21,0.0
COL-B2F-6965,column,0.3881,0.0,6.21,0.0
COL-B2F-6966,column,0.3881,0.0,6.21,0.0
COL-B2F-6967,column,0.3881,0.0,6.21,0.0
COL-B2F-6968,column,0.3881,0.0,6.21,0.0
COL-B2F-6969,column,1.4376,0.0,9.405,0.0
COL-B2F-6970,column,0.3881,0.0,6.21,0.0
COL-B2F-6971,column,0.3881,0.0,6.21,0.0
COL-B2F-6972,column,1.4376,0.0,9.405,0.0
COL-B2F-6973,column,0.3881,0.0,6.21,0.0
COL-B2F-6974,column,0.3881,0.0,6.21,0.0
COL-B2F-6975,column,0.3881,0.0,6.21,0.0
COL-B2F-6976,column,0.3881,0.0,6.21,0.0
COL-B2F-6977,column,1.4376,0.0,9.405,0.0
COL-B2F-6978,column,0.3881,0.0,6.21,0.0
COL-B2F-6979,column,0.3881,0.0,6.21,0.0
COL-B2F-6980,column,0.3881,0.0,6.21,0.0
COL-B2F-6981,column,0.3881,0.0,6.21,0.0
COL-B2F-6982,column,0.3881,0.0,6.21,0.0
COL-B2F-6983,column,0.3881,0.0,6.21,0.0
COL-B2F-6984,column,1.4376,0.0,9.405,0.0
COL-B2F-6985,column,0.3881,0.0,6.21,0.0
COL-B2F-6986,column,0.3881,0.0,6.21,0.0
COL-B2F-6987,column,1.4376,0.0,9.405,0.0
COL-B2F-6988,column,0.3881,0.0,6.21,0.0
COL-B2F-6989,column,0.3881,0.0,6.21,0.0
COL-B2F-6990,column,1.4376,0.0,9.405,0.0
COL-B2F-6991,column,0.3881,0.0,6.21,0.0
COL-B2F-6992,column,0.3881,0.0,6.21,0.0
COL-B2F-6993,column,0.3881,0.0,6.21,0.0
COL-B2F-6994,column,0.3881,0.0,6.21,0.0
COL-B2F-6995,column,0.3881,0.0,6.21,0.0
COL-B2F-6996,column,0.3881,0.0,6.21,0.0
COL-B2F-6997,column,1.4376,0.0,9.405,0.0
COL-B2F-6998,column,0.3881,0.0,6.21,0.0
COL-B2F-6999,column,0.3881,0.0,6.21,0.0
COL-B2F-7000,column,0.3881,0.0,6.21,0.0
COL-B2F-7001,column,0.3881,0.0,6.21,0.0
COL-B2F-7002,column,0.3881,0.0,6.21,0.0
COL-B2F-7003,column,0.3881,0.0,6.21,0.0
COL-B2F-7004,column,1.4376,0.0,9.405,0.0
COL-B2F-7005,column,0.3881,0.0,6.21,0.0
COL-B2F-7006,column,0.3881,0.0,6.21,0.0
COL-B2F-7007,column,0.3881,0.0,6.21,0.0
COL-B2F-7008,column,0.3881,0.0,6.21,0.0
COL-B2F-7009,column,0.3881,0.0,6.21,0.0
COL-B2F-7010,column,0.3881,0.0,6.21,0.0
COL-B2F-7011,column,1.4376,0.0,9.405,0.0
COL-B2F-7012,column,0.3881,0.0,6.21,0.0
COL-B2F-7013,column,0.3881,0.0,6.21,0.0
COL-B2F-7014,column,0.3881,0.0,6.21,0.0
COL-B2F-7015,column,0.3881,0.0,6.21,0.0
COL-B2F-7016,column,0.3881,0.0,6.21,0.0
COL-B2F-7017,column,0.3881,0.0,6.21,0.0
COL-B2F-7018,column,1.4376,0.0,9.405,0.0
COL-B2F-7019,column,0.3881,0.0,6.21,0.0
COL-B2F-7020,column,0.3881,0.0,6.21,0.0
COL-B2F-7021,column,0.3881,0.0,6.21,0.0
COL-B2F-7022,column,0.3881,0.0,6.21,0.0
COL-B2F-7023,column,0.3881,0.0,6.21,0.0
COL-B2F-7024,column,0.3881,0.0,6.21,0.0
COL-B2F-7025,column,1.4376,0.0,9.405,0.0
COL-B2F-7026,column,0.3881,0.0,6.21,0.0
COL-B2F-7027,column,0.3881,0.0,6.21,0.0
COL-B2F-7028,column,0.3881,0.0,6.21,0.0
COL-B2F-7029,column,0.3881,0.0,6.21,0.0
COL-B2F-7030,column,0.3881,0.0,6.21,0.0
COL-B2F-7031,column,0.3881,0.0,6.21,0.0
COL-B2F-7032,column,1.4376,0.0,9.405,0.0
COL-B2F-7033,column,0.3881,0.0,6.21,0.0
COL-B2F-7034,column,0.3881,0.0,6.21,0.0
COL-B2F-7035,column,0.3881,0.0,6.21,0.0
COL-B2F-7036,column,0.3881,0.0,6.21,0.0
COL-B2F-7037,column,0.3881,0.0,6.21,0.0
COL-B2F-7038,column,0.3881,0.0,6.21,0.0
COL-B2F-7039,column,1.4376,0.0,9.405,0.0
COL-B2F-7040,column,0.3881,0.0,6.21,0.0
COL-B2F-7041,column,0.3881,0.0,6.21,0.0
COL-B2F-7042,column,0.3881,0.0,6.21,0.0
COL-B2F-7043,column,0.3881,0.0,6.21,0.0
COL-B2F-7044,column,0.3881,0.0,6.21,0.0
COL-B2F-7045,column,0.3881,0.0,6.21,0.0
COL-B2F-7046,column,1.4376,0.0,9.405,0.0
COL-B2F-7047,column,0.3881,0.0,6.21,0.0
COL-B2F-7048,column,0.3881,0.0,6.21,0.0
COL-B2F-7049,column,0.3881,0.0,6.21,0.0
COL-B2F-7050,column,0.3881,0.0,6.21,0.0
COL-B2F-7051,column,0.3881,0.0,6.21,0.0
COL-B2F-7052,column,0.3881,0.0,6.21,0.0
COL-B2F-7053,column,1.4376,0.0,9.405,0.0
COL-B2F-7054,column,0.3881,0.0,6.21,0.0
COL-B2F-7055,column,0.3881,0.0,6.21,0.0
COL-B2F-7056,column,0.3881,0.0,6.21,0.0
COL-B2F-7057,column,0.3881,0.0,6.21,0.0
COL-B2F-7058,column,0.3881,0.0,6.21,0.0
COL-B2F-7059,column,0.3881,0.0,6.21,0.0
COL-B2F-7060,column,1.4376,0.0,9.405,0.0
COL-B2F-7061,column,0.3881,0.0,6.21,0.0
COL-B2F-7062,column,0.3881,0.0,6.21,0.0
COL-B2F-7063,column,0.3881,0.0,6.21,0.0
COL-B2F-7064,column,0.3881,0.0,6.21,0.0
COL-B2F-7065,column,0.3881,0.0,6.21,0.0
COL-B2F-7066,column,0.3881,0.0,6.21,0.0
COL-B2F-7067,column,1.4376,0.0,9.405,0.0
COL-B2F-7068,column,0.3881,0.0,6.21,0.0
COL-B2F-7069,column,0.3881,0.0,6.21,0.0
COL-B2F-7070,column,0.3881,0.0,6.21,0.0
COL-B2F-7071,column,0.3881,0.0,6.21,0.0
COL-B2F-7072,column,0.3881,0.0,6.21,0.0
COL-B2F-7073,column,0.3881,0.0,6.21,0.0
COL-B2F-7074,column,1.4376,0.0,9.405,0.0
COL-B2F-7075,column,0.3881,0.0,6.21,0.0
COL-B2F-7076,column,0.3881,0.0,6.21,0.0
COL-B2F-7077,column,0.3881,0.0,6.21,0.0
COL-B2F-7078,column,0.3881,0.0,6.21,0.0
COL-B2F-7079,column,0.3881,0.0,6.21,0.0
COL-B2F-7080,column,0.3881,0.0,6.21,0.0
COL-B2F-7081,column,1.4376,0.0,9.405,0.0
COL-B2F-7082,column,0.3881,0.0,6.21,0.0
COL-B2F-7083,column,0.3881,0.0,6.21,0.0
COL-B2F-7084,column,0.3881,0.0,6.21,0.0
COL-B2F-7085,column,0.3881,0.0,6.21,0.0
COL-B2F-7086,column,0.3881,0.0,6.21,0.0
COL-B2F-7087,column,0.3881,0.0,6.21,0.0
COL-B2F-7088,column,1.4376,0.0,9.405,0.0
COL-B2F-7089,column,0.3881,0.0,6.21,0.0
COL-B2F-7090,column,0.3881,0.0,6.21,0.0
COL-B2F-7091,column,0.3881,0.0,6.21,0.0
COL-B2F-7092,column,0.3881,0.0,6.21,0.0
COL-B2F-7093,column,0.3881,0.0,6.21,0.0
COL-B2F-7094,column,0.3881,0.0,6.21,0.0
COL-B2F-7095,column,1.4376,0.0,9.405,0.0
COL-B2F-7096,column,0.3881,0.0,6.21,0.0
COL-B2F-7097,column,0.3881,0.0,6.21,0.0
COL-B2F-7098,column,0.3881,0.0,6.21,0.0
COL-B2F-7099,column,0.3881,0.0,6.21,0.0
COL-B2F-7100,column,0.3881,0.0,6.21,0.0
COL-B2F-7101,column,0.3881,0.0,6.21,0.0
COL-B2F-7102,column,0.3881,0.0,6.21,0.0
COL-B2F-7103,column,0.3881,0.0,6.21,0.0
COL-B2F-7104,column,1.4376,0.0,9.405,0.0
COL-B2F-7105,column,0.3881,0.0,6.21,0.0
COL-B2F-7106,column,0.3881,0.0,6.21,0.0
COL-B2F-7107,column,0.3881,0.0,6.21,0.0
COL-B2F-7108,column,0.3881,0.0,6.21,0.0
COL-B2F-7109,column,0.3881,0.0,6.21,0.0
COL-B2F-7110,column,0.3881,0.0,6.21,0.0
COL-B2F-7111,column,1.4376,0.0,9.405,0.0
COL-B2F-7112,column,0.3881,0.0,6.21,0.0
COL-B2F-7113,column,0.3881,0.0,6.21,0.0
COL-B2F-7114,column,0.3881,0.0,6.21,0.0
COL-B2F-7115,column,0.3881,0.0,6.21,0.0
COL-B2F-7116,column,0.3881,0.0,6.21,0.0
COL-B2F-7117,column,0.3881,0.0,6.21,0.0
COL-B2F-7118,column,1.4376,0.0,9.405,0.0
COL-B2F-7119,column,0.3881,0.0,6.21,0.0
COL-B2F-7120,column,0.3881,0.0,6.21,0.0
COL-B2F-7121,column,1.4376,0.0,9.405,0.0
COL-B2F-7122,column,0.3881,0.0,6.21,0.0
COL-B2F-7123,column,0.3881,0.0,6.21,0.0
COL-B2F-7124,column,1.4376,0.0,9.405,0.0
COL-B2F-7125,column,0.3881,0.0,6.21,0.0
COL-B2F-7126,column,0.3881,0.0,6.21,0.0
COL-B2F-7127,column,1.4376,0.0,9.405,0.0
COL-B2F-7128,column,0.3881,0.0,6.21,0.0
COL-B2F-7129,column,0.3881,0.0,6.21,0.0
COL-B2F-7130,column,0.3881,0.0,6.21,0.0
COL-B2F-7131,column,0.3881,0.0,6.21,0.0
COL-B2F-7132,column,0.3881,0.0,6.21,0.0
COL-B2F-7133,column,0.3881,0.0,6.21,0.0
COL-B2F-7134,column,0.3881,0.0,6.21,0.0
COL-B2F-7135,column,0.3881,0.0,6.21,0.0
COL-B2F-7136,column,0.3105,0.0,5.175,0.0
COL-B2F-7137,column,0.3105,0.0,5.175,0.0
COL-B2F-7138,column,0.3881,0.0,6.21,0.0
COL-B2F-7139,column,0.3881,0.0,6.21,0.0
COL-B2F-7140,column,1.4376,0.0,9.405,0.0
COL-B2F-7141,column,0.3881,0.0,6.21,0.0
COL-B2F-7142,column,0.3881,0.0,6.21,0.0
COL-B2F-7143,column,1.4376,0.0,9.405,0.0
COL-B2F-7144,column,0.3881,0.0,6.21,0.0
COL-B2F-7145,column,0.3881,0.0,6.21,0.0
COL-B2F-7146,column,0.3881,0.0,6.21,0.0
COL-B2F-7147,column,0.3881,0.0,6.21,0.0
COL-B2F-7148,column,0.3881,0.0,6.21,0.0
COL-B2F-7149,column,0.3881,0.0,6.21,0.0
COL-B2F-7150,column,0.3881,0.0,6.21,0.0
COL-B2F-7151,column,0.3881,0.0,6.21,0.0
COL-B2F-7152,column,0.3881,0.0,6.21,0.0
COL-B2F-7153,column,0.3881,0.0,6.21,0.0
COL-B2F-7154,column,0.3881,0.0,6.21,0.0
COL-B2F-7155,column,0.3881,0.0,6.21,0.0
COL-B2F-7156,column,1.4376,0.0,9.405,0.0
COL-B2F-7157,column,0.3881,0.0,6.21,0.0
COL-B2F-7158,column,0.3881,0.0,6.21,0.0
COL-B2F-7159,column,0.3881,0.0,6.21,0.0
COL-B2F-7160,column,0.3881,0.0,6.21,0.0
COL-B2F-7161,column,0.3881,0.0,6.21,0.0
COL-B2F-7162,column,0.3881,0.0,6.21,0.0
COL-B2F-7163,column,1.4376,0.0,9.405,0.0
COL-B2F-7164,column,0.3881,0.0,6.21,0.0
COL-B2F-7165,column,0.3881,0.0,6.21,0.0
COL-B2F-7166,column,0.3881,0.0,6.21,0.0
COL-B2F-7167,column,0.3881,0.0,6.21,0.0
COL-B2F-7168,column,0.3881,0.0,6.21,0.0
COL-B2F-7169,column,0.3881,0.0,6.21,0.0
COL-B2F-7170,column,1.4376,0.0,9.405,0.0
COL-B2F-7171,column,0.3881,0.0,6.21,0.0
COL-B2F-7172,column,0.3881,0.0,6.21,0.0
COL-B2F-7173,column,0.3881,0.0,6.21,0.0
COL-B2F-7174,column,0.3881,0.0,6.21,0.0
COL-B2F-7175,column,1.4376,0.0,9.405,0.0
COL-B2F-7176,column,0.3881,0.0,6.21,0.0
COL-B2F-7177,column,0.3881,0.0,6.21,0.0
COL-B2F-7178,column,1.4376,0.0,9.405,0.0
COL-B2F-7179,column,0.3881,0.0,6.21,0.0
COL-B2F-7180,column,0.3881,0.0,6.21,0.0
COL-B2F-7181,column,1.4376,0.0,9.405,0.0
COL-B2F-7182,column,0.3105,0.0,5.175,0.0
COL-B2F-7183,column,0.3105,0.0,5.175,0.0
COL-B2F-7184,column,0.3105,0.0,5.175,0.0
COL-B2F-7185,column,0.3105,0.0,5.175,0.0
COL-B2F-7186,column,0.3881,0.0,6.21,0.0
COL-B2F-7187,column,0.3881,0.0,6.21,0.0
COL-B2F-7188,column,0.3881,0.0,6.21,0.0
COL-B2F-7189,column,0.3881,0.0,6.21,0.0
COL-B2F-7190,column,0.3881,0.0,6.21,0.0
COL-B2F-7191,column,0.3881,0.0,6.21,0.0
COL-B2F-7192,column,0.3881,0.0,6.21,0.0
COL-B2F-7193,column,0.3881,0.0,6.21,0.0
COL-B2F-7194,column,0.3881,0.0,6.21,0.0
COL-B2F-7195,column,0.3881,0.0,6.21,0.0
COL-B2F-7196,column,0.3881,0.0,6.21,0.0
COL-B2F-7197,column,0.3881,0.0,6.21,0.0
COL-B2F-7198,column,0.3881,0.0,6.21,0.0
COL-B2F-7199,column,0.3881,0.0,6.21,0.0
COL-B2F-7200,column,0.3881,0.0,6.21,0.0
COL-B2F-7201,column,0.3881,0.0,6.21,0.0
COL-B2F-7202,column,0.3881,0.0,6.21,0.0
COL-B2F-7203,column,0.3881,0.0,6.21,0.0
COL-B2F-7204,column,0.3881,0.0,6.21,0.0
COL-B2F-7205,column,0.3881,0.0,6.21,0.0
COL-B2F-7206,column,0.3881,0.0,6.21,0.0
COL-B2F-7207,column,0.3881,0.0,6.21,0.0
COL-B2F-7208,column,0.3881,0.0,6.21,0.0
COL-B2F-7209,column,0.3881,0.0,6.21,0.0
COL-B2F-7210,column,0.3881,0.0,6.21,0.0
COL-B2F-7211,column,0.3881,0.0,6.21,0.0
COL-B2F-7212,column,1.4376,0.0,9.405,0.0
COL-B2F-7213,column,0.3881,0.0,6.21,0.0
COL-B2F-7214,column,0.3881,0.0,6.21,0.0
COL-B2F-7215,column,0.3881,0.0,6.21,0.0
COL-B2F-7216,column,0.3881,0.0,6.21,0.0
COL-B2F-7217,column,1.4376,0.0,9.405,0.0
COL-B2F-7218,column,0.3881,0.0,6.21,0.0
COL-B2F-7219,column,0.3881,0.0,6.21,0.0
COL-B2F-7220,column,0.3881,0.0,6.21,0.0
COL-B2F-7221,column,0.3881,0.0,6.21,0.0
COL-B2F-7222,column,1.4376,0.0,9.405,0.0
COL-B2F-7223,column,0.3881,0.0,6.21,0.0
COL-B2F-7224,column,0.3881,0.0,6.21,0.0
COL-B2F-7225,column,0.3881,0.0,6.21,0.0
COL-B2F-7226,column,0.3881,0.0,6.21,0.0
COL-B2F-7227,column,0.3881,0.0,6.21,0.0
COL-B2F-7228,column,0.3881,0.0,6.21,0.0
COL-B2F-7229,column,1.4376,0.0,9.405,0.0
COL-B2F-7230,column,0.3881,0.0,6.21,0.0
COL-B2F-7231,column,0.3881,0.0,6.21,0.0
COL-B2F-7232,column,0.3881,0.0,6.21,0.0
COL-B2F-7233,column,0.3881,0.0,6.21,0.0
COL-B2F-7234,column,1.4376,0.0,9.405,0.0
COL-B2F-7235,column,0.3881,0.0,6.21,0.0
COL-B2F-7236,column,0.3881,0.0,6.21,0.0
COL-B2F-7237,column,1.4376,0.0,9.405,0.0
COL-B2F-7238,column,0.3881,0.0,6.21,0.0
COL-B2F-7239,column,0.3881,0.0,6.21,0.0
COL-B2F-7240,column,0.3881,0.0,6.21,0.0
COL-B2F-7241,column,0.3881,0.0,6.21,0.0
COL-B2F-7242,column,1.4376,0.0,9.405,0.0
COL-B2F-7243,column,0.3881,0.0,6.21,0.0
COL-B2F-7244,column,0.3881,0.0,6.21,0.0
COL-B2F-7245,column,0.3881,0.0,6.21,0.0
COL-B2F-7246,column,0.3881,0.0,6.21,0.0
COL-B2F-7247,column,1.4376,0.0,9.405,0.0
COL-B2F-7248,column,0.3881,0.0,6.21,0.0
COL-B2F-7249,column,0.3881,0.0,6.21,0.0
COL-B2F-7250,column,1.4376,0.0,9.405,0.0
COL-B2F-7251,column,0.3881,0.0,6.21,0.0
COL-B2F-7252,column,0.3881,0.0,6.21,0.0
COL-B2F-7253,column,1.4376,0.0,9.405,0.0
COL-B2F-7254,column,0.3881,0.0,6.21,0.0
COL-B2F-7255,column,0.3881,0.0,6.21,0.0
COL-B2F-7256,column,1.4376,0.0,9.405,0.0
COL-B2F-7257,column,0.3881,0.0,6.21,0.0
COL-B2F-7258,column,0.3881,0.0,6.21,0.0
COL-B2F-7259,column,0.3881,0.0,6.21,0.0
COL-B2F-7260,column,0.3881,0.0,6.21,0.0
COL-B2F-7261,column,0.3881,0.0,6.21,0.0
COL-B2F-7262,column,0.3881,0.0,6.21,0.0
COL-B2F-7263,column,1.4376,0.0,9.405,0.0
COL-B2F-7264,column,0.3881,0.0,6.21,0.0
COL-B2F-7265,column,0.3881,0.0,6.21,0.0
COL-B2F-7266,column,1.4376,0.0,9.405,0.0
COL-B2F-7267,column,0.3881,0.0,6.21,0.0
COL-B2F-7268,column,0.3881,0.0,6.21,0.0
COL-B2F-7269,column,0.3881,0.0,6.21,0.0
COL-B2F-7270,column,0.3881,0.0,6.21,0.0
COL-B2F-7271,column,0.3881,0.0,6.21,0.0
COL-B2F-7272,column,0.3881,0.0,6.21,0.0
COL-B2F-7273,column,0.3881,0.0,6.21,0.0
COL-B2F-7274,column,0.3881,0.0,6.21,0.0
COL-B2F-7275,column,0.3881,0.0,6.21,0.0
COL-B2F-7276,column,0.3881,0.0,6.21,0.0
COL-B2F-7277,column,0.3881,0.0,6.21,0.0
COL-B2F-7278,column,0.3881,0.0,6.21,0.0
COL-B2F-7279,column,0.3881,0.0,6.21,0.0
COL-B2F-7280,column,0.3881,0.0,6.21,0.0
COL-B2F-7281,column,1.4376,0.0,9.405,0.0
COL-B2F-7282,column,0.3105,0.0,5.175,0.0
COL-B2F-7283,column,0.3105,0.0,5.175,0.0
COL-B2F-7284,column,0.3881,0.0,6.21,0.0
COL-B2F-7285,column,0.3881,0.0,6.21,0.0
COL-B2F-7286,column,1.4376,0.0,9.405,0.0
COL-B2F-7287,column,0.3881,0.0,6.21,0.0
COL-B2F-7288,column,0.3881,0.0,6.21,0.0
COL-B2F-7289,column,0.3881,0.0,6.21,0.0
COL-B2F-7290,column,0.3881,0.0,6.21,0.0
COL-B2F-7291,column,0.3881,0.0,6.21,0.0
COL-B2F-7292,column,0.3881,0.0,6.21,0.0
COL-B2F-7293,column,0.3881,0.0,6.21,0.0
COL-B2F-7294,column,0.3881,0.0,6.21,0.0
COL-B2F-7295,column,0.3881,0.0,6.21,0.0
COL-B2F-7296,column,0.3881,0.0,6.21,0.0
COL-B2F-7297,column,0.3881,0.0,6.21,0.0
COL-B2F-7298,column,0.3881,0.0,6.21,0.0
COL-B2F-7299,column,0.3881,0.0,6.21,0.0
COL-B2F-7300,column,0.3881,0.0,6.21,0.0
COL-B2F-7301,column,0.3881,0.0,6.21,0.0
COL-B2F-7302,column,0.3881,0.0,6.21,0.0
COL-B2F-7303,column,0.3881,0.0,6.21,0.0
COL-B2F-7304,column,0.3881,0.0,6.21,0.0
COL-B2F-7305,column,0.3881,0.0,6.21,0.0
COL-B2F-7306,column,0.3881,0.0,6.21,0.0
COL-B2F-7307,column,0.3881,0.0,6.21,0.0
COL-B2F-7308,column,0.3881,0.0,6.21,0.0
COL-B2F-7309,column,0.3881,0.0,6.21,0.0
COL-B2F-7310,column,0.3881,0.0,6.21,0.0
COL-B2F-7311,column,0.3881,0.0,6.21,0.0
COL-B2F-7312,column,0.3881,0.0,6.21,0.0
COL-B2F-7313,column,0.3881,0.0,6.21,0.0
COL-B2F-7314,column,0.3881,0.0,6.21,0.0
COL-B2F-7315,column,0.3881,0.0,6.21,0.0
COL-B2F-7316,column,0.3881,0.0,6.21,0.0
COL-B2F-7317,column,0.3881,0.0,6.21,0.0
COL-B2F-7318,column,0.3881,0.0,6.21,0.0
COL-B2F-7319,column,0.3881,0.0,6.21,0.0
COL-B2F-7320,column,0.3881,0.0,6.21,0.0
COL-B2F-7321,column,0.3881,0.0,6.21,0.0
COL-B2F-7322,column,0.3881,0.0,6.21,0.0
COL-B2F-7323,column,0.3881,0.0,6.21,0.0
COL-B2F-7324,column,0.3881,0.0,6.21,0.0
COL-B2F-7325,column,0.3881,0.0,6.21,0.0
COL-B2F-7326,column,0.3881,0.0,6.21,0.0
COL-B2F-7327,column,0.3881,0.0,6.21,0.0
COL-B2F-7328,column,0.3881,0.0,6.21,0.0
COL-B2F-7329,column,0.3881,0.0,6.21,0.0
COL-B2F-7330,column,0.3881,0.0,6.21,0.0
COL-B2F-7331,column,0.3881,0.0,6.21,0.0
COL-B2F-7332,column,0.3881,0.0,6.21,0.0
COL-B2F-7333,column,0.3881,0.0,6.21,0.0
COL-B2F-7334,column,0.3881,0.0,6.21,0.0
COL-B2F-7335,column,0.3881,0.0,6.21,0.0
COL-B2F-7336,column,0.3881,0.0,6.21,0.0
COL-B2F-7337,column,0.3881,0.0,6.21,0.0
COL-B2F-7338,column,0.3881,0.0,6.21,0.0
COL-B2F-7339,column,0.3881,0.0,6.21,0.0
COL-B2F-7340,column,0.3881,0.0,6.21,0.0
COL-B2F-7341,column,0.3881,0.0,6.21,0.0
COL-B2F-7342,column,0.3881,0.0,6.21,0.0
COL-B2F-7343,column,0.3881,0.0,6.21,0.0
COL-B2F-7344,column,0.3881,0.0,6.21,0.0
COL-B2F-7345,column,0.3881,0.0,6.21,0.0
COL-B2F-7346,column,0.3881,0.0,6.21,0.0
COL-B2F-7347,column,0.3881,0.0,6.21,0.0
COL-B2F-7348,column,0.3881,0.0,6.21,0.0
COL-B2F-7349,column,0.3881,0.0,6.21,0.0
COL-B2F-7350,column,0.3881,0.0,6.21,0.0
COL-B2F-7351,column,0.3881,0.0,6.21,0.0
COL-B2F-7352,column,0.3881,0.0,6.21,0.0
COL-B2F-7353,column,0.3881,0.0,6.21,0.0
COL-B2F-7354,column,0.3881,0.0,6.21,0.0
COL-B2F-7355,column,1.4376,0.0,9.405,0.0
COL-B2F-7356,column,0.3881,0.0,6.21,0.0
COL-B2F-7357,column,0.3881,0.0,6.21,0.0
COL-B2F-7358,column,1.4376,0.0,9.405,0.0
COL-B2F-7359,column,0.3881,0.0,6.21,0.0
COL-B2F-7360,column,0.3881,0.0,6.21,0.0
COL-B2F-7361,column,1.4376,0.0,9.405,0.0
COL-B2F-7362,column,0.3881,0.0,6.21,0.0
COL-B2F-7363,column,0.3881,0.0,6.21,0.0
COL-B2F-7364,column,1.4376,0.0,9.405,0.0
COL-B2F-7365,column,0.3881,0.0,6.21,0.0
COL-B2F-7366,column,0.3881,0.0,6.21,0.0
COL-B2F-7367,column,1.4376,0.0,9.405,0.0
COL-B2F-7368,column,0.3105,0.0,5.175,0.0
COL-B2F-7369,column,0.3105,0.0,5.175,0.0
COL-B2F-7370,column,0.3105,0.0,5.175,0.0
COL-B2F-7371,column,0.3105,0.0,5.175,0.0
COL-B2F-7372,column,0.3881,0.0,6.21,0.0
COL-B2F-7373,column,0.3881,0.0,6.21,0.0
COL-B2F-7374,column,1.4376,0.0,9.405,0.0
COL-B2F-7375,column,0.3881,0.0,6.21,0.0
COL-B2F-7376,column,0.3881,0.0,6.21,0.0
COL-B2F-7377,column,0.3881,0.0,6.21,0.0
COL-B2F-7378,column,0.3881,0.0,6.21,0.0
COL-B2F-7379,column,1.4376,0.0,9.405,0.0
COL-B2F-7380,column,0.3105,0.0,5.175,0.0
COL-B2F-7381,column,0.3105,0.0,5.175,0.0
COL-B2F-7382,column,0.3881,0.0,6.21,0.0
COL-B2F-7383,column,0.3881,0.0,6.21,0.0
COL-B2F-7384,column,1.4376,0.0,9.405,0.0
COL-B2F-7385,column,0.3105,0.0,5.175,0.0
COL-B2F-7386,column,0.3105,0.0,5.175,0.0
COL-B2F-7387,column,0.3105,0.0,5.175,0.0
COL-B2F-7388,column,0.3105,0.0,5.175,0.0
COL-B2F-7389,column,0.3881,0.0,6.21,0.0
COL-B2F-7390,column,0.3881,0.0,6.21,0.0
COL-B2F-7391,column,1.4376,0.0,9.405,0.0
COL-B2F-7392,column,0.3881,0.0,6.21,0.0
COL-B2F-7393,column,0.3881,0.0,6.21,0.0
COL-B2F-7394,column,1.4376,0.0,9.405,0.0
COL-B2F-7395,column,0.3881,0.0,6.21,0.0
COL-B2F-7396,column,0.3881,0.0,6.21,0.0
COL-B2F-7397,column,1.4376,0.0,9.405,0.0
COL-B2F-7398,column,0.3881,0.0,6.21,0.0
COL-B2F-7399,column,0.3881,0.0,6.21,0.0
COL-B2F-7400,column,0.3881,0.0,6.21,0.0
COL-B2F-7401,column,0.3881,0.0,6.21,0.0
COL-B2F-7402,column,0.3881,0.0,6.21,0.0
COL-B2F-7403,column,0.3881,0.0,6.21,0.0
COL-B2F-7404,column,0.3881,0.0,6.21,0.0
COL-B2F-7405,column,0.3881,0.0,6.21,0.0
COL-B2F-7406,column,0.3881,0.0,6.21,0.0
COL-B2F-7407,column,0.3881,0.0,6.21,0.0
COL-B2F-7408,column,0.3881,0.0,6.21,0.0
COL-B2F-7409,column,0.3881,0.0,6.21,0.0
COL-B2F-7410,column,0.3881,0.0,6.21,0.0
COL-B2F-7411,column,0.3881,0.0,6.21,0.0
COL-B2F-7412,column,0.3881,0.0,6.21,0.0
COL-B2F-7413,column,0.3881,0.0,6.21,0.0
COL-B2F-7414,column,0.3881,0.0,6.21,0.0
COL-B2F-7415,column,0.3881,0.0,6.21,0.0
COL-B2F-7416,column,0.3881,0.0,6.21,0.0
COL-B2F-7417,column,0.3881,0.0,6.21,0.0
COL-B2F-7418,column,0.3881,0.0,6.21,0.0
COL-B2F-7419,column,0.3881,0.0,6.21,0.0
COL-B2F-7420,column,0.3881,0.0,6.21,0.0
COL-B2F-7421,column,0.3881,0.0,6.21,0.0
COL-B2F-7422,column,0.3881,0.0,6.21,0.0
COL-B2F-7423,column,0.3881,0.0,6.21,0.0
COL-B2F-7424,column,0.3881,0.0,6.21,0.0
COL-B2F-7425,column,0.3881,0.0,6.21,0.0
COL-B2F-7426,column,0.3881,0.0,6.21,0.0
COL-B2F-7427,column,0.3881,0.0,6.21,0.0
COL-B2F-7428,column,0.3881,0.0,6.21,0.0
COL-B2F-7429,column,0.3881,0.0,6.21,0.0
COL-B2F-7430,column,1.4376,0.0,9.405,0.0
COL-B2F-7431,column,0.3881,0.0,6.21,0.0
COL-B2F-7432,column,0.3881,0.0,6.21,0.0
COL-B2F-7433,column,1.4376,0.0,9.405,0.0
COL-B2F-7434,column,0.3881,0.0,6.21,0.0
COL-B2F-7435,column,0.3881,0.0,6.21,0.0
COL-B2F-7436,column,1.4376,0.0,9.405,0.0
COL-B2F-7437,column,0.3881,0.0,6.21,0.0
COL-B2F-7438,column,0.3881,0.0,6.21,0.0
COL-B2F-7439,column,1.4376,0.0,9.405,0.0
COL-B2F-7440,column,0.3881,0.0,6.21,0.0
COL-B2F-7441,column,0.3881,0.0,6.21,0.0
COL-B2F-7442,column,1.4376,0.0,9.405,0.0
COL-B2F-7443,column,0.3881,0.0,6.21,0.0
COL-B2F-7444,column,0.3881,0.0,6.21,0.0
COL-B2F-7445,column,1.4376,0.0,9.405,0.0
COL-B2F-7446,column,0.3881,0.0,6.21,0.0
COL-B2F-7447,column,0.3881,0.0,6.21,0.0
COL-B2F-7448,column,0.3881,0.0,6.21,0.0
COL-B2F-7449,column,0.3881,0.0,6.21,0.0
COL-B2F-7450,column,0.3881,0.0,6.21,0.0
COL-B2F-7451,column,0.3881,0.0,6.21,0.0
COL-B2F-7452,column,0.3881,0.0,6.21,0.0
COL-B2F-7453,column,0.3881,0.0,6.21,0.0
COL-B2F-7454,column,0.3881,0.0,6.21,0.0
COL-B2F-7455,column,0.3881,0.0,6.21,0.0
COL-B2F-7456,column,0.3105,0.0,5.175,0.0
COL-B2F-7457,column,0.3105,0.0,5.175,0.0
COL-B2F-7458,column,0.3881,0.0,6.21,0.0
COL-B2F-7459,column,0.3881,0.0,6.21,0.0
COL-B2F-7460,column,0.3881,0.0,6.21,0.0
COL-B2F-7461,column,0.3881,0.0,6.21,0.0
COL-B2F-7462,column,0.3881,0.0,6.21,0.0
COL-B2F-7463,column,0.3881,0.0,6.21,0.0
COL-B2F-7464,column,0.3881,0.0,6.21,0.0
COL-B2F-7465,column,0.3881,0.0,6.21,0.0
COL-B2F-7466,column,0.3881,0.0,6.21,0.0
COL-B2F-7467,column,0.3881,0.0,6.21,0.0
COL-B2F-7468,column,0.3881,0.0,6.21,0.0
COL-B2F-7469,column,0.3881,0.0,6.21,0.0
COL-B2F-7470,column,0.3881,0.0,6.21,0.0
COL-B2F-7471,column,0.3881,0.0,6.21,0.0
COL-B2F-7472,column,0.3881,0.0,6.21,0.0
COL-B2F-7473,column,0.3881,0.0,6.21,0.0
COL-B2F-7474,column,0.3881,0.0,6.21,0.0
COL-B2F-7475,column,0.3881,0.0,6.21,0.0
COL-B2F-7476,column,1.4376,0.0,9.405,0.0
COL-B2F-7477,column,0.3881,0.0,6.21,0.0
COL-B2F-7478,column,0.3881,0.0,6.21,0.0
COL-B2F-7479,column,1.4376,0.0,9.405,0.0
COL-B2F-7480,column,0.3881,0.0,6.21,0.0
COL-B2F-7481,column,0.3881,0.0,6.21,0.0
COL-B2F-7482,column,1.4376,0.0,9.405,0.0
COL-B2F-7483,column,0.3881,0.0,6.21,0.0
COL-B2F-7484,column,0.3881,0.0,6.21,0.0
COL-B2F-7485,column,1.4376,0.0,9.405,0.0
COL-B2F-7486,column,0.3881,0.0,6.21,0.0
COL-B2F-7487,column,0.3881,0.0,6.21,0.0
COL-B2F-7488,column,1.4376,0.0,9.405,0.0
COL-B2F-7489,column,0.3881,0.0,6.21,0.0
COL-B2F-7490,column,0.3881,0.0,6.21,0.0
COL-B2F-7491,column,0.3881,0.0,6.21,0.0
COL-B2F-7492,column,0.3881,0.0,6.21,0.0
COL-B2F-7493,column,0.3881,0.0,6.21,0.0
COL-B2F-7494,column,0.3881,0.0,6.21,0.0
COL-B2F-7495,column,1.4376,0.0,9.405,0.0
COL-B2F-7496,column,0.3105,0.0,5.175,0.0
COL-B2F-7497,column,0.3105,0.0,5.175,0.0
COL-B2F-7498,column,0.3881,0.0,6.21,0.0
COL-B2F-7499,column,0.3881,0.0,6.21,0.0
COL-B2F-7500,column,1.4376,0.0,9.405,0.0
COL-B2F-7501,column,0.3105,0.0,5.175,0.0
COL-B2F-7502,column,0.3105,0.0,5.175,0.0
COL-B2F-7503,column,0.3881,0.0,6.21,0.0
COL-B2F-7504,column,0.3881,0.0,6.21,0.0
COL-B2F-7505,column,1.4376,0.0,9.405,0.0
COL-B2F-7506,column,0.3881,0.0,6.21,0.0
COL-B2F-7507,column,0.3881,0.0,6.21,0.0
COL-B2F-7508,column,0.3881,0.0,6.21,0.0
COL-B2F-7509,column,0.3881,0.0,6.21,0.0
COL-B2F-7510,column,1.4376,0.0,9.405,0.0
COL-B2F-7511,column,0.3881,0.0,6.21,0.0
COL-B2F-7512,column,0.3881,0.0,6.21,0.0
COL-B2F-7513,column,0.3881,0.0,6.21,0.0
COL-B2F-7514,column,0.3881,0.0,6.21,0.0
COL-B2F-7515,column,1.4376,0.0,9.405,0.0
COL-B2F-7516,column,0.3881,0.0,6.21,0.0
COL-B2F-7517,column,0.3881,0.0,6.21,0.0
COL-B2F-7518,column,0.3881,0.0,6.21,0.0
COL-B2F-7519,column,0.3881,0.0,6.21,0.0
COL-B2F-7520,column,0.3881,0.0,6.21,0.0
COL-B2F-7521,column,0.3881,0.0,6.21,0.0
COL-B2F-7522,column,1.4376,0.0,9.405,0.0
COL-B2F-7523,column,0.3881,0.0,6.21,0.0
COL-B2F-7524,column,0.3881,0.0,6.21,0.0
COL-B2F-7525,column,1.4376,0.0,9.405,0.0
COL-B2F-7526,column,0.3881,0.0,6.21,0.0
COL-B2F-7527,column,0.3881,0.0,6.21,0.0
COL-B2F-7528,column,1.4376,0.0,9.405,0.0
COL-B2F-7529,column,0.3881,0.0,6.21,0.0
COL-B2F-7530,column,0.3881,0.0,6.21,0.0
COL-B2F-7531,column,1.4376,0.0,9.405,0.0
COL-B2F-7532,column,0.3881,0.0,6.21,0.0
COL-B2F-7533,column,0.3881,0.0,6.21,0.0
COL-B2F-7534,column,1.4376,0.0,9.405,0.0
COL-B2F-7535,column,0.3881,0.0,6.21,0.0
COL-B2F-7536,column,0.3881,0.0,6.21,0.0
COL-B2F-7537,column,0.3881,0.0,6.21,0.0
COL-B2F-7538,column,0.3881,0.0,6.21,0.0
COL-B2F-7539,column,0.3105,0.0,5.175,0.0
COL-B2F-7540,column,0.3105,0.0,5.175,0.0
COL-B2F-7541,column,0.3105,0.0,5.175,0.0
COL-B2F-7542,column,0.3105,0.0,5.175,0.0
COL-B2F-7543,column,0.3881,0.0,6.21,0.0
COL-B2F-7544,column,0.3881,0.0,6.21,0.0
COL-B2F-7545,column,1.4376,0.0,9.405,0.0
COL-B2F-7546,column,0.3881,0.0,6.21,0.0
COL-B2F-7547,column,0.3881,0.0,6.21,0.0
COL-B2F-7548,column,0.3881,0.0,6.21,0.0
COL-B2F-7549,column,0.3881,0.0,6.21,0.0
COL-B2F-7550,column,1.4376,0.0,9.405,0.0
COL-B2F-7551,column,0.3881,0.0,6.21,0.0
COL-B2F-7552,column,0.3881,0.0,6.21,0.0
COL-B2F-7553,column,1.4376,0.0,9.405,0.0
COL-B2F-7554,column,0.3881,0.0,6.21,0.0
COL-B2F-7555,column,0.3881,0.0,6.21,0.0
COL-B2F-7556,column,1.4376,0.0,9.405,0.0
COL-B2F-7557,column,0.3881,0.0,6.21,0.0
COL-B2F-7558,column,0.3881,0.0,6.21,0.0
COL-B2F-7559,column,1.4376,0.0,9.405,0.0
COL-B2F-7560,column,0.3881,0.0,6.21,0.0
COL-B2F-7561,column,0.3881,0.0,6.21,0.0
COL-B2F-7562,column,1.4376,0.0,9.405,0.0
COL-B2F-7563,column,0.3881,0.0,6.21,0.0
COL-B2F-7564,column,0.3881,0.0,6.21,0.0
COL-B2F-7565,column,1.4376,0.0,9.405,0.0
COL-B2F-7566,column,0.3881,0.0,6.21,0.0
COL-B2F-7567,column,0.3881,0.0,6.21,0.0
COL-B2F-7568,column,1.4376,0.0,9.405,0.0
COL-B2F-7569,column,0.3881,0.0,6.21,0.0
COL-B2F-7570,column,0.3881,0.0,6.21,0.0
COL-B2F-7571,column,0.3881,0.0,6.21,0.0
COL-B2F-7572,column,0.3881,0.0,6.21,0.0
COL-B2F-7573,column,0.3881,0.0,6.21,0.0
COL-B2F-7574,column,0.3881,0.0,6.21,0.0
COL-B2F-7575,column,0.3881,0.0,6.21,0.0
COL-B2F-7576,column,0.3881,0.0,6.21,0.0
COL-B2F-7577,column,0.3881,0.0,6.21,0.0
COL-B2F-7578,column,0.3881,0.0,6.21,0.0
COL-B2F-7579,column,0.3881,0.0,6.21,0.0
COL-B2F-7580,column,0.3881,0.0,6.21,0.0
COL-B2F-7581,column,1.4376,0.0,9.405,0.0
COL-B2F-7582,column,0.3881,0.0,6.21,0.0
COL-B2F-7583,column,0.3881,0.0,6.21,0.0
COL-B2F-7584,column,0.3881,0.0,6.21,0.0
COL-B2F-7585,column,0.3881,0.0,6.21,0.0
COL-B2F-7586,column,1.4376,0.0,9.405,0.0
COL-B2F-7587,column,0.3881,0.0,6.21,0.0
COL-B2F-7588,column,0.3881,0.0,6.21,0.0
COL-B2F-7589,column,1.4376,0.0,9.405,0.0
COL-B2F-7590,column,0.3881,0.0,6.21,0.0
COL-B2F-7591,column,0.3881,0.0,6.21,0.0
COL-B2F-7592,column,1.4376,0.0,9.405,0.0
COL-B2F-7593,column,0.3881,0.0,6.21,0.0
COL-B2F-7594,column,0.3881,0.0,6.21,0.0
COL-B2F-7595,column,0.3881,0.0,6.21,0.0
COL-B2F-7596,column,0.3881,0.0,6.21,0.0
COL-B2F-7597,column,1.4376,0.0,9.405,0.0
COL-B2F-7598,column,0.3881,0.0,6.21,0.0
COL-B2F-7599,column,0.3881,0.0,6.21,0.0
COL-B2F-7600,column,1.4376,0.0,9.405,0.0
COL-B2F-7601,column,0.3881,0.0,6.21,0.0
COL-B2F-7602,column,0.3881,0.0,6.21,0.0
COL-B2F-7603,column,1.4376,0.0,9.405,0.0
COL-B2F-7604,column,0.3881,0.0,6.21,0.0
COL-B2F-7605,column,0.3881,0.0,6.21,0.0
COL-B2F-7606,column,1.4376,0.0,9.405,0.0
COL-B2F-7607,column,0.3105,0.0,5.175,0.0
COL-B2F-7608,column,0.3105,0.0,5.175,0.0
COL-B2F-7609,column,0.3105,0.0,5.175,0.0
COL-B2F-7610,column,0.3105,0.0,5.175,0.0
COL-B2F-7611,column,0.3881,0.0,6.21,0.0
COL-B2F-7612,column,0.3881,0.0,6.21,0.0
COL-B2F-7613,column,0.3881,0.0,6.21,0.0
COL-B2F-7614,column,0.3881,0.0,6.21,0.0
COL-B2F-7615,column,0.3881,0.0,6.21,0.0
COL-B2F-7616,column,0.3881,0.0,6.21,0.0
COL-B2F-7617,column,0.3881,0.0,6.21,0.0
COL-B2F-7618,column,0.3881,0.0,6.21,0.0
COL-B2F-7619,column,1.4376,0.0,9.405,0.0
COL-B2F-7620,column,0.3881,0.0,6.21,0.0
COL-B2F-7621,column,0.3881,0.0,6.21,0.0
COL-B2F-7622,column,1.4376,0.0,9.405,0.0
COL-B2F-7623,column,0.3881,0.0,6.21,0.0
COL-B2F-7624,column,0.3881,0.0,6.21,0.0
COL-B2F-7625,column,1.4376,0.0,9.405,0.0
COL-B2F-7626,column,0.3881,0.0,6.21,0.0
COL-B2F-7627,column,0.3881,0.0,6.21,0.0
COL-B2F-7628,column,1.4376,0.0,9.405,0.0
COL-B2F-7629,column,0.3881,0.0,6.21,0.0
COL-B2F-7630,column,0.3881,0.0,6.21,0.0
COL-B2F-7631,column,1.4376,0.0,9.405,0.0
COL-B2F-7632,column,0.3881,0.0,6.21,0.0
COL-B2F-7633,column,0.3881,0.0,6.21,0.0
COL-B2F-7634,column,1.4376,0.0,9.405,0.0
COL-B2F-7635,column,0.3881,0.0,6.21,0.0
COL-B2F-7636,column,0.3881,0.0,6.21,0.0
COL-B2F-7637,column,1.4376,0.0,9.405,0.0
COL-B2F-7638,column,0.3881,0.0,6.21,0.0
COL-B2F-7639,column,0.3881,0.0,6.21,0.0
COL-B2F-7640,column,1.4376,0.0,9.405,0.0
COL-B2F-7641,column,0.3105,0.0,5.175,0.0
COL-B2F-7642,column,0.3105,0.0,5.175,0.0
COL-B2F-7643,column,0.3881,0.0,6.21,0.0
COL-B2F-7644,column,0.3881,0.0,6.21,0.0
COL-B2F-7645,column,1.4376,0.0,9.405,0.0
COL-B2F-7646,column,0.3881,0.0,6.21,0.0
COL-B2F-7647,column,0.3881,0.0,6.21,0.0
COL-B2F-7648,column,1.4376,0.0,9.405,0.0
COL-B2F-7649,column,0.3881,0.0,6.21,0.0
COL-B2F-7650,column,0.3881,0.0,6.21,0.0
COL-B2F-7651,column,1.4376,0.0,9.405,0.0
COL-B2F-7652,column,0.3881,0.0,6.21,0.0
COL-B2F-7653,column,0.3881,0.0,6.21,0.0
COL-B2F-7654,column,0.3881,0.0,6.21,0.0
COL-B2F-7655,column,0.3881,0.0,6.21,0.0
COL-B2F-7656,column,0.3881,0.0,6.21,0.0
COL-B2F-7657,column,0.3881,0.0,6.21,0.0
COL-B2F-7658,column,1.4376,0.0,9.405,0.0
COL-B2F-7659,column,0.3881,0.0,6.21,0.0
COL-B2F-7660,column,0.3881,0.0,6.21,0.0
COL-B2F-7661,column,1.4376,0.0,9.405,0.0
COL-B2F-7662,column,0.3881,0.0,6.21,0.0
COL-B2F-7663,column,0.3881,0.0,6.21,0.0
COL-B2F-7664,column,1.4376,0.0,9.405,0.0
COL-B2F-7665,column,0.3881,0.0,6.21,0.0
COL-B2F-7666,column,0.3881,0.0,6.21,0.0
COL-B2F-7667,column,1.4376,0.0,9.405,0.0
COL-B2F-7668,column,0.3881,0.0,6.21,0.0
COL-B2F-7669,column,0.3881,0.0,6.21,0.0
COL-B2F-7670,column,0.3881,0.0,6.21,0.0
COL-B2F-7671,column,0.3881,0.0,6.21,0.0
COL-B2F-7672,column,0.3881,0.0,6.21,0.0
COL-B2F-7673,column,0.3881,0.0,6.21,0.0
COL-B2F-7674,column,0.3881,0.0,6.21,0.0
COL-B2F-7675,column,0.3881,0.0,6.21,0.0
COL-B2F-7676,column,0.3881,0.0,6.21,0.0
COL-B2F-7677,column,0.3881,0.0,6.21,0.0
COL-B2F-7678,column,0.3881,0.0,6.21,0.0
COL-B2F-7679,column,0.3881,0.0,6.21,0.0
COL-B2F-7680,column,0.3881,0.0,6.21,0.0
COL-B2F-7681,column,0.3881,0.0,6.21,0.0
COL-B2F-7682,column,0.3881,0.0,6.21,0.0
COL-B2F-7683,column,0.3881,0.0,6.21,0.0
COL-B2F-7684,column,1.4376,0.0,9.405,0.0
COL-B2F-7685,column,0.3881,0.0,6.21,0.0
COL-B2F-7686,column,0.3881,0.0,6.21,0.0
COL-B2F-7687,column,1.4376,0.0,9.405,0.0
COL-B2F-7688,column,0.3881,0.0,6.21,0.0
COL-B2F-7689,column,0.3881,0.0,6.21,0.0
COL-B2F-7690,column,1.4376,0.0,9.405,0.0
COL-B2F-7691,column,0.3881,0.0,6.21,0.0
COL-B2F-7692,column,0.3881,0.0,6.21,0.0
COL-B2F-7693,column,1.4376,0.0,9.405,0.0
COL-B2F-7694,column,0.3881,0.0,6.21,0.0
COL-B2F-7695,column,0.3881,0.0,6.21,0.0
COL-B2F-7696,column,1.4376,0.0,9.405,0.0
COL-B2F-7697,column,0.3881,0.0,6.21,0.0
COL-B2F-7698,column,0.3881,0.0,6.21,0.0
COL-B2F-7699,column,1.4376,0.0,9.405,0.0
COL-B2F-7700,column,0.3881,0.0,6.21,0.0
COL-B2F-7701,column,0.3881,0.0,6.21,0.0
COL-B2F-7702,column,0.3881,0.0,6.21,0.0
COL-B2F-7703,column,0.3881,0.0,6.21,0.0
COL-B2F-7704,column,0.3881,0.0,6.21,0.0
COL-B2F-7705,column,0.3881,0.0,6.21,0.0
COL-B2F-7706,column,0.3881,0.0,6.21,0.0
COL-B2F-7707,column,0.3881,0.0,6.21,0.0
COL-B2F-7708,column,1.4376,0.0,9.405,0.0
COL-B2F-7709,column,0.3881,0.0,6.21,0.0
COL-B2F-7710,column,0.3881,0.0,6.21,0.0
COL-B2F-7711,column,1.4376,0.0,9.405,0.0
COL-B2F-7712,column,0.3881,0.0,6.21,0.0
COL-B2F-7713,column,0.3881,0.0,6.21,0.0
COL-B2F-7714,column,1.4376,0.0,9.405,0.0
COL-B2F-7715,column,0.3881,0.0,6.21,0.0
COL-B2F-7716,column,0.3881,0.0,6.21,0.0
COL-B2F-7717,column,1.4376,0.0,9.405,0.0
COL-B2F-7718,column,0.3881,0.0,6.21,0.0
COL-B2F-7719,column,0.3881,0.0,6.21,0.0
COL-B2F-7720,column,1.4376,0.0,9.405,0.0
COL-B2F-7721,column,0.3881,0.0,6.21,0.0
COL-B2F-7722,column,0.3881,0.0,6.21,0.0
COL-B2F-7723,column,1.4376,0.0,9.405,0.0
COL-B2F-7724,column,0.3881,0.0,6.21,0.0
COL-B2F-7725,column,0.3881,0.0,6.21,0.0
COL-B2F-7726,column,0.3881,0.0,6.21,0.0
COL-B2F-7727,column,0.3881,0.0,6.21,0.0
COL-B2F-7728,column,1.4376,0.0,9.405,0.0
COL-B2F-7729,column,0.3881,0.0,6.21,0.0
COL-B2F-7730,column,0.3881,0.0,6.21,0.0
COL-B2F-7731,column,0.3881,0.0,6.21,0.0
COL-B2F-7732,column,0.3881,0.0,6.21,0.0
COL-B2F-7733,column,0.3881,0.0,6.21,0.0
COL-B2F-7734,column,0.3881,0.0,6.21,0.0
COL-B2F-7735,column,1.4376,0.0,9.405,0.0
COL-B2F-7736,column,0.3881,0.0,6.21,0.0
COL-B2F-7737,column,0.3881,0.0,6.21,0.0
COL-B2F-7738,column,0.3881,0.0,6.21,0.0
COL-B2F-7739,column,0.3881,0.0,6.21,0.0
COL-B2F-7740,column,0.3881,0.0,6.21,0.0
COL-B2F-7741,column,0.3881,0.0,6.21,0.0
COL-B2F-7742,column,1.4376,0.0,9.405,0.0
COL-B2F-7743,column,0.3881,0.0,6.21,0.0
COL-B2F-7744,column,0.3881,0.0,6.21,0.0
COL-B2F-7745,column,0.3881,0.0,6.21,0.0
COL-B2F-7746,column,0.3881,0.0,6.21,0.0
COL-B2F-7747,column,0.3881,0.0,6.21,0.0
COL-B2F-7748,column,0.3881,0.0,6.21,0.0
COL-B2F-7749,column,1.4376,0.0,9.405,0.0
COL-B2F-7750,column,0.3881,0.0,6.21,0.0
COL-B2F-7751,column,0.3881,0.0,6.21,0.0
COL-B2F-7752,column,0.3881,0.0,6.21,0.0
COL-B2F-7753,column,0.3881,0.0,6.21,0.0
COL-B2F-7754,column,0.3881,0.0,6.21,0.0
COL-B2F-7755,column,0.3881,0.0,6.21,0.0
COL-B2F-7756,column,1.4376,0.0,9.405,0.0
COL-B2F-7757,column,0.3881,0.0,6.21,0.0
COL-B2F-7758,column,0.3881,0.0,6.21,0.0
COL-B2F-7759,column,0.3881,0.0,6.21,0.0
COL-B2F-7760,column,0.3881,0.0,6.21,0.0
COL-B2F-7761,column,1.4376,0.0,9.405,0.0
COL-B2F-7762,column,0.3881,0.0,6.21,0.0
COL-B2F-7763,column,0.3881,0.0,6.21,0.0
COL-B2F-7764,column,1.4376,0.0,9.405,0.0
COL-B2F-7765,column,0.3881,0.0,6.21,0.0
COL-B2F-7766,column,0.3881,0.0,6.21,0.0
COL-B2F-7767,column,0.3881,0.0,6.21,0.0
COL-B2F-7768,column,0.3881,0.0,6.21,0.0
COL-B2F-7769,column,0.3881,0.0,6.21,0.0
COL-B2F-7770,column,0.3881,0.0,6.21,0.0
COL-B2F-7771,column,1.4376,0.0,9.405,0.0
COL-B2F-7772,column,0.3881,0.0,6.21,0.0
COL-B2F-7773,column,0.3881,0.0,6.21,0.0
COL-B2F-7774,column,0.3881,0.0,6.21,0.0
COL-B2F-7775,column,0.3881,0.0,6.21,0.0
COL-B2F-7776,column,0.3881,0.0,6.21,0.0
COL-B2F-7777,column,0.3881,0.0,6.21,0.0
COL-B2F-7778,column,1.4376,0.0,9.405,0.0
COL-B2F-7779,column,0.3881,0.0,6.21,0.0
COL-B2F-7780,column,0.3881,0.0,6.21,0.0
COL-B2F-7781,column,0.3881,0.0,6.21,0.0
COL-B2F-7782,column,0.3881,0.0,6.21,0.0
COL-B2F-7783,column,0.3881,0.0,6.21,0.0
COL-B2F-7784,column,0.3881,0.0,6.21,0.0
COL-B2F-7785,column,0.3881,0.0,6.21,0.0
COL-B2F-7786,column,0.3881,0.0,6.21,0.0
COL-B2F-7787,column,0.3881,0.0,6.21,0.0
COL-B2F-7788,column,0.3881,0.0,6.21,0.0
COL-B2F-7789,column,0.3881,0.0,6.21,0.0
COL-B2F-7790,column,0.3881,0.0,6.21,0.0
COL-B2F-7791,column,1.4376,0.0,9.405,0.0
COL-B2F-7792,column,0.3881,0.0,6.21,0.0
COL-B2F-7793,column,0.3881,0.0,6.21,0.0
COL-B2F-7794,column,0.3881,0.0,6.21,0.0
COL-B2F-7795,column,0.3881,0.0,6.21,0.0
COL-B2F-7796,column,0.3881,0.0,6.21,0.0
COL-B2F-7797,column,0.3881,0.0,6.21,0.0
COL-B2F-7798,column,1.4376,0.0,9.405,0.0
COL-B2F-7799,column,0.3881,0.0,6.21,0.0
COL-B2F-7800,column,0.3881,0.0,6.21,0.0
COL-B2F-7801,column,1.4376,0.0,9.405,0.0
COL-B2F-7802,column,0.3881,0.0,6.21,0.0
COL-B2F-7803,column,0.3881,0.0,6.21,0.0
COL-B2F-7804,column,1.4376,0.0,9.405,0.0
COL-B2F-7805,column,0.3881,0.0,6.21,0.0
COL-B2F-7806,column,0.3881,0.0,6.21,0.0
COL-B2F-7807,column,0.3881,0.0,6.21,0.0
COL-B2F-7808,column,0.3881,0.0,6.21,0.0
COL-B2F-7809,column,1.4376,0.0,9.405,0.0
COL-B2F-7810,column,0.3881,0.0,6.21,0.0
COL-B2F-7811,column,0.3881,0.0,6.21,0.0
COL-B2F-7812,column,0.3881,0.0,6.21,0.0
COL-B2F-7813,column,0.3881,0.0,6.21,0.0
COL-B2F-7814,column,0.3881,0.0,6.21,0.0
COL-B2F-7815,column,0.3881,0.0,6.21,0.0
COL-B2F-7816,column,1.4376,0.0,9.405,0.0
COL-B2F-7817,column,0.3881,0.0,6.21,0.0
COL-B2F-7818,column,0.3881,0.0,6.21,0.0
COL-B2F-7819,column,0.3881,0.0,6.21,0.0
COL-B2F-7820,column,0.3881,0.0,6.21,0.0
COL-B2F-7821,column,1.4376,0.0,9.405,0.0
COL-B2F-7822,column,0.3881,0.0,6.21,0.0
COL-B2F-7823,column,0.3881,0.0,6.21,0.0
COL-B2F-7824,column,0.3881,0.0,6.21,0.0
COL-B2F-7825,column,0.3881,0.0,6.21,0.0
COL-B2F-7826,column,1.4376,0.0,9.405,0.0
COL-B2F-7827,column,0.3881,0.0,6.21,0.0
COL-B2F-7828,column,0.3881,0.0,6.21,0.0
COL-B2F-7829,column,0.3881,0.0,6.21,0.0
COL-B2F-7830,column,0.3881,0.0,6.21,0.0
COL-B2F-7831,column,0.3881,0.0,6.21,0.0
COL-B2F-7832,column,0.3881,0.0,6.21,0.0
COL-B2F-7833,column,0.3881,0.0,6.21,0.0
COL-B2F-7834,column,0.3881,0.0,6.21,0.0
COL-B2F-7835,column,1.4376,0.0,9.405,0.0
COL-B2F-7836,column,0.3881,0.0,6.21,0.0
COL-B2F-7837,column,0.3881,0.0,6.21,0.0
COL-B2F-7838,column,1.4376,0.0,9.405,0.0
COL-B2F-7839,column,0.3881,0.0,6.21,0.0
COL-B2F-7840,column,0.3881,0.0,6.21,0.0
COL-B2F-7841,column,1.4376,0.0,9.405,0.0
COL-B2F-7842,column,0.3881,0.0,6.21,0.0
COL-B2F-7843,column,0.3881,0.0,6.21,0.0
COL-B2F-7844,column,1.4376,0.0,9.405,0.0
COL-B2F-7845,column,0.3881,0.0,6.21,0.0
COL-B2F-7846,column,0.3881,0.0,6.21,0.0
COL-B2F-7847,column,1.4376,0.0,9.405,0.0
COL-B2F-7848,column,0.3881,0.0,6.21,0.0
COL-B2F-7849,column,0.3881,0.0,6.21,0.0
COL-B2F-7850,column,1.4376,0.0,9.405,0.0
COL-B2F-7851,column,0.3881,0.0,6.21,0.0
COL-B2F-7852,column,0.3881,0.0,6.21,0.0
COL-B2F-7853,column,0.3881,0.0,6.21,0.0
COL-B2F-7854,column,0.3881,0.0,6.21,0.0
COL-B2F-7855,column,1.4376,0.0,9.405,0.0
COL-B2F-7856,column,0.3881,0.0,6.21,0.0
COL-B2F-7857,column,0.3881,0.0,6.21,0.0
COL-B2F-7858,column,1.4376,0.0,9.405,0.0
COL-B2F-7859,column,0.3881,0.0,6.21,0.0
COL-B2F-7860,column,0.3881,0.0,6.21,0.0
COL-B2F-7861,column,1.4376,0.0,9.405,0.0
COL-B2F-7862,column,0.3881,0.0,6.21,0.0
COL-B2F-7863,column,0.3881,0.0,6.21,0.0
COL-B2F-7864,column,1.4376,0.0,9.405,0.0
COL-B2F-7865,column,0.3105,0.0,5.175,0.0
COL-B2F-7866,column,0.3105,0.0,5.175,0.0
COL-B2F-7867,column,0.3881,0.0,6.21,0.0
COL-B2F-7868,column,0.3881,0.0,6.21,0.0
COL-B2F-7869,column,0.3105,0.0,5.175,0.0
COL-B2F-7870,column,0.3105,0.0,5.175,0.0
COL-B2F-7871,column,0.3881,0.0,6.21,0.0
COL-B2F-7872,column,0.3881,0.0,6.21,0.0
COL-B2F-7873,column,0.3881,0.0,6.21,0.0
COL-B2F-7874,column,0.3881,0.0,6.21,0.0
COL-B2F-7875,column,0.3881,0.0,6.21,0.0
COL-B2F-7876,column,0.3881,0.0,6.21,0.0
COL-B2F-7877,column,0.3881,0.0,6.21,0.0
COL-B2F-7878,column,0.3881,0.0,6.21,0.0
COL-B2F-7879,column,0.3881,0.0,6.21,0.0
COL-B2F-7880,column,0.3881,0.0,6.21,0.0
COL-B2F-7881,column,0.3881,0.0,6.21,0.0
COL-B2F-7882,column,0.3881,0.0,6.21,0.0
COL-B2F-7883,column,0.3881,0.0,6.21,0.0
COL-B2F-7884,column,0.3881,0.0,6.21,0.0
COL-B2F-7885,column,0.3881,0.0,6.21,0.0
COL-B2F-7886,column,0.3881,0.0,6.21,0.0
COL-B2F-7887,column,0.3105,0.0,5.175,0.0
COL-B2F-7888,column,0.3105,0.0,5.175,0.0
COL-B2F-7889,column,0.3881,0.0,6.21,0.0
COL-B2F-7890,column,0.3881,0.0,6.21,0.0
COL-B2F-7891,column,1.4376,0.0,9.405,0.0
COL-B2F-7892,column,0.3105,0.0,5.175,0.0
COL-B2F-7893,column,0.3105,0.0,5.175,0.0
COL-B2F-7894,column,0.3881,0.0,6.21,0.0
COL-B2F-7895,column,0.3881,0.0,6.21,0.0
COL-B2F-7896,column,0.3881,0.0,6.21,0.0
COL-B2F-7897,column,0.3881,0.0,6.21,0.0
COL-B2F-7898,column,1.4376,0.0,9.405,0.0
COL-B2F-7899,column,0.3881,0.0,6.21,0.0
COL-B2F-7900,column,0.3881,0.0,6.21,0.0
COL-B2F-7901,column,0.3881,0.0,6.21,0.0
COL-B2F-7902,column,0.3881,0.0,6.21,0.0
COL-B2F-7903,column,1.4376,0.0,9.405,0.0
COL-B2F-7904,column,0.3881,0.0,6.21,0.0
COL-B2F-7905,column,0.3881,0.0,6.21,0.0
COL-B2F-7906,column,0.3881,0.0,6.21,0.0
COL-B2F-7907,column,0.3881,0.0,6.21,0.0
COL-B2F-7908,column,0.3105,0.0,5.175,0.0
COL-B2F-7909,column,0.3105,0.0,5.175,0.0
COL-B2F-7910,column,0.3881,0.0,6.21,0.0
COL-B2F-7911,column,0.3881,0.0,6.21,0.0
COL-B2F-7912,column,0.3881,0.0,6.21,0.0
COL-B2F-7913,column,0.3881,0.0,6.21,0.0
COL-B2F-7914,column,0.3105,0.0,5.175,0.0
COL-B2F-7915,column,0.3105,0.0,5.175,0.0
COL-B2F-7916,column,0.3881,0.0,6.21,0.0
COL-B2F-7917,column,0.3881,0.0,6.21,0.0
COL-B2F-7918,column,1.4376,0.0,9.405,0.0
COL-B2F-7919,column,0.3881,0.0,6.21,0.0
COL-B2F-7920,column,0.3881,0.0,6.21,0.0
COL-B2F-7921,column,1.4376,0.0,9.405,0.0
COL-B2F-7922,column,0.3105,0.0,5.175,0.0
COL-B2F-7923,column,0.3105,0.0,5.175,0.0
COL-B2F-7924,column,0.3881,0.0,6.21,0.0
COL-B2F-7925,column,0.3881,0.0,6.21,0.0
COL-B2F-7926,column,0.3881,0.0,6.21,0.0
COL-B2F-7927,column,0.3881,0.0,6.21,0.0
COL-B2F-7928,column,1.4376,0.0,9.405,0.0
COL-B2F-7929,column,0.3881,0.0,6.21,0.0
COL-B2F-7930,column,0.3881,0.0,6.21,0.0
COL-B2F-7931,column,0.3105,0.0,5.175,0.0
COL-B2F-7932,column,0.3105,0.0,5.175,0.0
COL-B2F-7933,column,0.3881,0.0,6.21,0.0
COL-B2F-7934,column,0.3881,0.0,6.21,0.0
COL-B2F-7935,column,0.3881,0.0,6.21,0.0
COL-B2F-7936,column,0.3881,0.0,6.21,0.0
COL-B2F-7937,column,1.4376,0.0,9.405,0.0
COL-B2F-7938,column,0.3881,0.0,6.21,0.0
COL-B2F-7939,column,0.3881,0.0,6.21,0.0
COL-B2F-7940,column,0.3881,0.0,6.21,0.0
COL-B2F-7941,column,0.3881,0.0,6.21,0.0
COL-B2F-7942,column,1.4376,0.0,9.405,0.0
COL-B2F-7943,column,0.3881,0.0,6.21,0.0
COL-B2F-7944,column,0.3881,0.0,6.21,0.0
COL-B2F-7945,column,1.4376,0.0,9.405,0.0
COL-B2F-7946,column,1.104,0.0,8.28,0.0
COL-B2F-7947,column,1.104,0.0,8.28,0.0
COL-B2F-7948,column,1.104,0.0,8.28,0.0
COL-B2F-7949,column,1.104,0.0,8.28,0.0
COL-B2F-7950,column,1.104,0.0,8.28,0.0
COL-B2F-7951,column,1.104,0.0,8.28,0.0
COL-B2F-7952,column,1.104,0.0,8.28,0.0
COL-B2F-7953,column,1.104,0.0,8.28,0.0
COL-B2F-7954,column,1.104,0.0,8.28,0.0
COL-B2F-7955,column,1.104,0.0,8.28,0.0
COL-B2F-7956,column,1.104,0.0,8.28,0.0
COL-B2F-7957,column,1.104,0.0,8.28,0.0
COL-B2F-7958,column,1.104,0.0,8.28,0.0
COL-B2F-7959,column,1.104,0.0,8.28,0.0
COL-B2F-7960,column,1.104,0.0,8.28,0.0
COL-B2F-7961,column,1.104,0.0,8.28,0.0
COL-B2F-7962,column,1.104,0.0,8.28,0.0
COL-B2F-7963,column,1.104,0.0,8.28,0.0
COL-B2F-7964,column,1.104,0.0,8.28,0.0
COL-B2F-7965,column,1.104,0.0,8.28,0.0
COL-B2F-7966,column,1.104,0.0,8.28,0.0
COL-B2F-7967,column,1.104,0.0,8.28,0.0
COL-B2F-7968,column,1.104,0.0,8.28,0.0
COL-B2F-7969,column,1.104,0.0,8.28,0.0
COL-B2F-7970,column,1.104,0.0,8.28,0.0
COL-B2F-7971,column,1.104,0.0,8.28,0.0
COL-B2F-7972,column,1.104,0.0,8.28,0.0
COL-B2F-7973,column,1.104,0.0,8.28,0.0
COL-B2F-7974,column,1.104,0.0,8.28,0.0
COL-B2F-7975,column,1.104,0.0,8.28,0.0
COL-B2F-7976,column,1.104,0.0,8.28,0.0
COL-B2F-7977,column,1.104,0.0,8.28,0.0
COL-B2F-7978,column,1.104,0.0,8.28,0.0
COL-B2F-7979,column,1.104,0.0,8.28,0.0
COL-B2F-7980,column,1.104,0.0,8.28,0.0
COL-B2F-7981,column,1.104,0.0,8.28,0.0
COL-B2F-7982,column,1.104,0.0,8.28,0.0
COL-B2F-7983,column,1.104,0.0,8.28,0.0
COL-B2F-7984,column,1.104,0.0,8.28,0.0
COL-B2F-7985,column,1.104,0.0,8.28,0.0
COL-B2F-7986,column,1.104,0.0,8.28,0.0
COL-B2F-7987,column,1.104,0.0,8.28,0.0
COL-B2F-7988,column,1.104,0.0,8.28,0.0
COL-B2F-7989,column,1.104,0.0,8.28,0.0
COL-B2F-7990,column,1.7499,0.0,10.033,0.0
COL-B2F-7991,column,1.7499,0.0,10.033,0.0
COL-B2F-7992,column,1.7499,0.0,10.033,0.0
COL-B2F-7993,column,1.104,0.0,8.28,0.0
COL-B2F-7994,column,1.104,0.0,8.28,0.0
COL-B2F-7995,column,1.104,0.0,8.28,0.0
COL-B2F-7996,column,1.104,0.0,8.28,0.0
COL-B2F-7997,column,1.104,0.0,8.28,0.0
COL-B2F-7998,column,1.104,0.0,8.28,0.0
COL-B2F-7999,column,1.104,0.0,8.28,0.0
COL-B2F-8000,column,1.104,0.0,8.28,0.0
COL-B2F-8001,column,1.104,0.0,8.28,0.0
COL-B2F-8002,column,1.104,0.0,8.28,0.0
COL-B2F-8003,column,1.104,0.0,8.28,0.0
COL-B2F-8004,column,1.104,0.0,8.28,0.0
COL-B2F-8005,column,1.104,0.0,8.28,0.0
COL-B2F-8006,column,1.104,0.0,8.28,0.0
COL-B2F-8007,column,1.104,0.0,8.28,0.0
COL-B2F-8008,column,1.104,0.0,8.28,0.0
COL-B2F-8009,column,1.104,0.0,8.28,0.0
COL-B2F-8010,column,1.104,0.0,8.28,0.0
COL-B2F-8011,column,1.104,0.0,8.28,0.0
COL-B2F-8012,column,1.104,0.0,8.28,0.0
COL-B2F-8013,column,1.104,0.0,8.28,0.0
COL-B2F-8014,column,1.104,0.0,8.28,0.0
COL-B2F-8015,column,1.104,0.0,8.28,0.0
COL-B2F-8016,column,1.104,0.0,8.28,0.0
COL-B2F-8017,column,1.104,0.0,8.28,0.0
COL-B2F-8018,column,1.104,0.0,8.28,0.0
COL-B2F-8019,column,1.104,0.0,8.28,0.0
COL-B2F-8020,column,1.104,0.0,8.28,0.0
COL-B2F-8021,column,1.104,0.0,8.28,0.0
COL-B2F-8022,column,1.104,0.0,8.28,0.0
COL-B2F-8023,column,1.104,0.0,8.28,0.0
COL-B2F-8024,column,1.104,0.0,8.28,0.0
COL-B2F-8025,column,1.104,0.0,8.28,0.0
COL-B2F-8026,column,1.104,0.0,8.28,0.0
COL-B2F-8027,column,1.104,0.0,8.28,0.0
COL-B2F-8028,column,1.104,0.0,8.28,0.0
COL-B2F-8029,column,1.104,0.0,8.28,0.0
COL-B2F-8030,column,1.104,0.0,8.28,0.0
COL-B2F-8031,column,1.104,0.0,8.28,0.0
COL-B2F-8032,column,1.104,0.0,8.28,0.0
COL-B2F-8033,column,1.104,0.0,8.28,0.0
COL-B2F-8034,column,1.104,0.0,8.28,0.0
COL-B2F-8035,column,1.104,0.0,8.28,0.0
COL-B2F-8036,column,1.104,0.0,8.28,0.0
COL-B2F-8037,column,1.104,0.0,8.28,0.0
COL-B2F-8038,column,1.104,0.0,8.28,0.0
COL-B2F-8039,column,1.104,0.0,8.28,0.0
COL-B2F-8040,column,1.104,0.0,8.28,0.0
COL-B2F-8041,column,1.104,0.0,8.28,0.0
COL-B2F-8042,column,1.104,0.0,8.28,0.0
COL-B2F-8043,column,1.104,0.0,8.28,0.0
COL-B2F-8044,column,1.104,0.0,8.28,0.0
COL-B2F-8045,column,1.104,0.0,8.28,0.0
COL-B2F-8046,column,1.104,0.0,8.28,0.0
COL-B2F-8047,column,1.104,0.0,8.28,0.0
COL-B2F-8048,column,1.104,0.0,8.28,0.0
COL-B2F-8049,column,1.104,0.0,8.28,0.0
COL-B2F-8050,column,1.104,0.0,8.28,0.0
COL-B2F-8051,column,1.104,0.0,8.28,0.0
COL-B2F-8052,column,1.242,0.0,8.97,0.0
COL-B2F-8053,column,1.518,0.0,9.315,0.0
COL-B2F-8054,column,1.104,0.0,8.28,0.0
COL-B2F-8055,column,1.104,0.0,8.28,0.0
COL-B2F-8056,column,1.104,0.0,8.28,0.0
COL-B2F-8057,column,1.104,0.0,8.28,0.0
COL-B2F-8058,column,1.104,0.0,8.28,0.0
COL-B2F-8059,column,1.104,0.0,8.28,0.0
COL-B2F-8060,column,1.104,0.0,8.28,0.0
COL-B2F-8061,column,1.104,0.0,8.28,0.0
COL-B2F-8062,column,1.104,0.0,8.28,0.0
COL-B2F-8063,column,1.104,0.0,8.28,0.0
COL-B2F-8064,column,1.104,0.0,8.28,0.0
COL-B2F-8065,column,1.104,0.0,8.28,0.0
COL-B2F-8066,column,1.104,0.0,8.28,0.0
COL-B2F-8067,column,1.104,0.0,8.28,0.0
COL-B2F-8068,column,1.104,0.0,8.28,0.0
COL-B2F-8069,column,1.104,0.0,8.28,0.0
COL-B2F-8070,column,1.104,0.0,8.28,0.0
COL-B2F-8071,column,1.104,0.0,8.28,0.0
COL-B2F-8072,column,1.104,0.0,8.28,0.0
COL-B2F-8073,column,1.104,0.0,8.28,0.0
COL-B2F-8074,column,1.104,0.0,8.28,0.0
COL-B2F-8075,column,1.104,0.0,8.28,0.0
COL-B2F-8076,column,1.104,0.0,8.28,0.0
COL-B2F-8077,column,1.104,0.0,8.28,0.0
COL-B2F-8078,column,1.104,0.0,8.28,0.0
COL-B2F-8079,column,1.104,0.0,8.28,0.0
COL-B2F-8080,column,1.104,0.0,8.28,0.0
COL-B2F-8081,column,1.104,0.0,8.28,0.0
COL-B2F-8082,column,1.104,0.0,8.28,0.0
COL-B2F-8083,column,1.104,0.0,8.28,0.0
COL-B2F-8084,column,1.104,0.0,8.28,0.0
COL-B2F-8085,column,1.104,0.0,8.28,0.0
COL-B2F-8086,column,1.104,0.0,8.28,0.0
COL-B2F-8087,column,1.104,0.0,8.28,0.0
COL-B2F-8088,column,1.104,0.0,8.28,0.0
COL-B2F-8089,column,1.104,0.0,8.28,0.0
COL-B2F-8090,column,1.104,0.0,8.28,0.0
COL-B2F-8091,column,1.104,0.0,8.28,0.0
COL-B2F-8092,column,1.104,0.0,8.28,0.0
COL-B2F-8093,column,1.104,0.0,8.28,0.0
COL-B2F-8094,column,1.104,0.0,8.28,0.0
COL-B2F-8095,column,1.104,0.0,8.28,0.0
COL-B2F-8096,column,1.104,0.0,8.28,0.0
COL-B2F-8097,column,1.104,0.0,8.28,0.0
COL-B2F-8098,column,1.104,0.0,8.28,0.0
COL-B2F-8099,column,1.104,0.0,8.28,0.0
COL-B2F-8100,column,1.104,0.0,8.28,0.0
COL-B2F-8101,column,1.104,0.0,8.28,0.0
COL-B2F-8102,column,1.104,0.0,8.28,0.0
COL-B2F-8103,column,1.104,0.0,8.28,0.0
COL-B2F-8104,column,1.104,0.0,8.28,0.0
COL-B2F-8105,column,1.104,0.0,8.28,0.0
COL-B2F-8106,column,1.104,0.0,8.28,0.0
COL-B2F-8107,column,1.104,0.0,8.28,0.0
COL-B2F-8108,column,1.104,0.0,8.28,0.0
COL-B2F-8109,column,1.104,0.0,8.28,0.0
COL-B2F-8110,column,1.104,0.0,8.28,0.0
COL-B2F-8111,column,1.104,0.0,8.28,0.0
COL-B2F-8112,column,1.104,0.0,8.28,0.0
COL-B2F-8113,column,1.104,0.0,8.28,0.0
COL-B2F-8114,column,1.104,0.0,8.28,0.0
COL-B2F-8115,column,1.104,0.0,8.28,0.0
COL-B2F-8116,column,1.104,0.0,8.28,0.0
COL-B2F-8117,column,1.104,0.0,8.28,0.0
COL-B2F-8118,column,1.104,0.0,8.28,0.0
COL-B2F-8119,column,1.104,0.0,8.28,0.0
COL-B2F-8120,column,1.104,0.0,8.28,0.0
COL-B2F-8121,column,1.104,0.0,8.28,0.0
COL-B2F-8122,column,1.104,0.0,8.28,0.0
COL-B2F-8123,column,1.104,0.0,8.28,0.0
COL-B2F-8124,column,1.104,0.0,8.28,0.0
COL-B2F-8125,column,1.104,0.0,8.28,0.0
COL-B2F-8126,column,1.104,0.0,8.28,0.0
COL-B2F-8127,column,1.104,0.0,8.28,0.0
COL-B2F-8128,column,1.104,0.0,8.28,0.0
COL-B2F-8129,column,1.104,0.0,8.28,0.0
COL-B2F-8130,column,1.104,0.0,8.28,0.0
COL-B2F-8131,column,1.104,0.0,8.28,0.0
COL-B2F-8132,column,1.104,0.0,8.28,0.0
COL-B2F-8133,column,1.104,0.0,8.28,0.0
COL-B2F-8134,column,1.104,0.0,8.28,0.0
COL-B2F-8135,column,1.104,0.0,8.28,0.0
COL-B2F-8136,column,1.104,0.0,8.28,0.0
COL-B2F-8137,column,1.104,0.0,8.28,0.0
COL-B2F-8138,column,1.104,0.0,8.28,0.0
COL-B2F-8139,column,1.104,0.0,8.28,0.0
COL-B2F-8140,column,1.104,0.0,8.28,0.0
COL-B2F-8141,column,1.104,0.0,8.28,0.0
COL-B2F-8142,column,1.104,0.0,8.28,0.0
COL-B2F-8143,column,1.104,0.0,8.28,0.0
COL-B2F-8144,column,1.104,0.0,8.28,0.0
COL-B2F-8145,column,1.104,0.0,8.28,0.0
COL-B2F-8146,column,1.104,0.0,8.28,0.0
COL-B2F-8147,column,1.104,0.0,8.28,0.0
COL-B2F-8148,column,1.104,0.0,8.28,0.0
COL-B2F-8149,column,1.104,0.0,8.28,0.0
COL-B2F-8150,column,1.104,0.0,8.28,0.0
COL-B2F-8151,column,1.104,0.0,8.28,0.0
COL-B2F-8152,column,1.104,0.0,8.28,0.0
COL-B2F-8153,column,1.104,0.0,8.28,0.0
COL-B2F-8154,column,1.104,0.0,8.28,0.0
COL-B2F-8155,column,1.104,0.0,8.28,0.0
COL-B2F-8156,column,1.104,0.0,8.28,0.0
COL-B2F-8157,column,1.104,0.0,8.28,0.0
COL-B2F-8158,column,1.104,0.0,8.28,0.0
COL-B2F-8159,column,1.104,0.0,8.28,0.0
COL-B2F-8160,column,1.104,0.0,8.28,0.0
COL-B2F-8161,column,1.104,0.0,8.28,0.0
COL-B2F-8162,column,1.104,0.0,8.28,0.0
COL-B2F-8163,column,1.104,0.0,8.28,0.0
COL-B2F-8164,column,1.104,0.0,8.28,0.0
COL-B2F-8165,column,1.104,0.0,8.28,0.0
COL-B2F-8166,column,1.104,0.0,8.28,0.0
COL-B2F-8167,column,1.104,0.0,8.28,0.0
COL-B2F-8168,column,1.104,0.0,8.28,0.0
COL-B2F-8169,column,1.104,0.0,8.28,0.0
COL-B2F-8170,column,1.104,0.0,8.28,0.0
COL-B2F-8171,column,1.104,0.0,8.28,0.0
COL-B2F-8172,column,1.104,0.0,8.28,0.0
COL-B2F-8173,column,1.104,0.0,8.28,0.0
COL-B2F-8174,column,1.104,0.0,8.28,0.0
COL-B2F-8175,column,1.104,0.0,8.28,0.0
COL-B2F-8176,column,1.104,0.0,8.28,0.0
COL-B2F-8177,column,1.104,0.0,8.28,0.0
COL-B2F-8178,column,1.104,0.0,8.28,0.0
COL-B2F-8179,column,1.104,0.0,8.28,0.0
COL-B2F-8180,column,1.104,0.0,8.28,0.0
COL-B2F-8181,column,1.104,0.0,8.28,0.0
COL-B2F-8182,column,1.104,0.0,8.28,0.0
COL-B2F-8183,column,1.104,0.0,8.28,0.0
COL-B2F-8184,column,1.104,0.0,8.28,0.0
COL-B2F-8185,column,1.104,0.0,8.28,0.0
COL-B2F-8186,column,1.104,0.0,8.28,0.0
COL-B2F-8187,column,1.104,0.0,8.28,0.0
COL-B2F-8188,column,1.104,0.0,8.28,0.0
COL-B2F-8189,column,1.104,0.0,8.28,0.0
COL-B2F-8190,column,1.104,0.0,8.28,0.0
COL-B2F-8191,column,1.104,0.0,8.28,0.0
COL-B2F-8192,column,1.104,0.0,8.28,0.0
COL-B2F-8193,column,1.104,0.0,8.28,0.0
COL-B2F-8194,column,1.104,0.0,8.28,0.0
COL-B2F-8195,column,1.104,0.0,8.28,0.0
COL-B2F-8196,column,1.104,0.0,8.28,0.0
COL-B2F-8197,column,1.104,0.0,8.28,0.0
COL-B2F-8198,column,1.104,0.0,8.28,0.0
COL-B2F-8199,column,1.104,0.0,8.28,0.0
COL-B2F-8200,column,1.104,0.0,8.28,0.0
COL-B2F-8201,column,1.104,0.0,8.28,0.0
COL-B2F-8202,column,1.104,0.0,8.28,0.0
COL-B2F-8203,column,1.104,0.0,8.28,0.0
COL-B2F-8204,column,1.104,0.0,8.28,0.0
COL-B2F-8205,column,1.104,0.0,8.28,0.0
COL-B2F-8206,column,1.104,0.0,8.28,0.0
COL-B2F-8207,column,1.104,0.0,8.28,0.0
COL-B2F-8208,column,1.104,0.0,8.28,0.0
COL-B2F-8209,column,1.104,0.0,8.28,0.0
COL-B2F-8210,column,1.104,0.0,8.28,0.0
COL-B2F-8211,column,1.104,0.0,8.28,0.0
COL-B2F-8212,column,1.104,0.0,8.28,0.0
COL-B2F-8213,column,1.104,0.0,8.28,0.0
COL-B2F-8214,column,1.104,0.0,8.28,0.0
COL-B2F-8215,column,1.104,0.0,8.28,0.0
COL-B2F-8216,column,1.104,0.0,8.28,0.0
COL-B2F-8217,column,1.104,0.0,8.28,0.0
COL-B2F-8218,column,1.104,0.0,8.28,0.0
COL-B2F-8219,column,1.104,0.0,8.28,0.0
COL-B2F-8220,column,1.104,0.0,8.28,0.0
COL-B2F-8221,column,1.104,0.0,8.28,0.0
COL-B2F-8222,column,1.104,0.0,8.28,0.0
COL-B2F-8223,column,1.104,0.0,8.28,0.0
COL-B2F-8224,column,1.104,0.0,8.28,0.0
COL-B2F-8225,column,1.104,0.0,8.28,0.0
COL-B2F-8226,column,1.104,0.0,8.28,0.0
COL-B2F-8227,column,1.104,0.0,8.28,0.0
COL-B2F-8228,column,1.104,0.0,8.28,0.0
COL-B2F-8229,column,1.104,0.0,8.28,0.0
COL-B2F-8230,column,1.104,0.0,8.28,0.0
COL-B2F-8231,column,1.104,0.0,8.28,0.0
COL-B2F-8232,column,1.104,0.0,8.28,0.0
COL-B2F-8233,column,1.104,0.0,8.28,0.0
COL-B2F-8234,column,1.104,0.0,8.28,0.0
COL-B2F-8235,column,1.104,0.0,8.28,0.0
COL-B2F-8236,column,1.104,0.0,8.28,0.0
COL-B2F-8237,column,1.104,0.0,8.28,0.0
COL-B2F-8238,column,1.104,0.0,8.28,0.0
COL-B2F-8239,column,1.104,0.0,8.28,0.0
COL-B2F-8240,column,1.104,0.0,8.28,0.0
COL-B2F-8241,column,1.104,0.0,8.28,0.0
COL-B2F-8242,column,1.104,0.0,8.28,0.0
COL-B2F-8243,column,1.104,0.0,8.28,0.0
COL-B2F-8244,column,1.104,0.0,8.28,0.0
COL-B2F-8245,column,1.104,0.0,8.28,0.0
COL-B2F-8246,column,1.104,0.0,8.28,0.0
COL-B2F-8247,column,1.104,0.0,8.28,0.0
COL-B2F-8248,column,1.104,0.0,8.28,0.0
COL-B2F-8249,column,1.104,0.0,8.28,0.0
COL-B2F-8250,column,1.104,0.0,8.28,0.0
COL-B2F-8251,column,1.104,0.0,8.28,0.0
COL-B2F-8252,column,1.104,0.0,8.28,0.0
COL-B2F-8253,column,1.104,0.0,8.28,0.0
COL-B2F-8254,column,1.104,0.0,8.28,0.0
COL-B2F-8255,column,1.104,0.0,8.28,0.0
COL-B2F-8256,column,1.104,0.0,8.28,0.0
COL-B2F-8257,column,1.104,0.0,8.28,0.0
COL-B2F-8258,column,1.104,0.0,8.28,0.0
COL-B2F-8259,column,1.104,0.0,8.28,0.0
COL-B2F-8260,column,1.104,0.0,8.28,0.0
COL-B2F-8261,column,1.104,0.0,8.28,0.0
COL-B2F-8262,column,1.104,0.0,8.28,0.0
COL-B2F-8263,column,1.104,0.0,8.28,0.0
COL-B2F-8264,column,1.104,0.0,8.28,0.0
COL-B2F-8265,column,1.104,0.0,8.28,0.0
COL-B2F-8266,column,1.104,0.0,8.28,0.0
COL-B2F-8267,column,1.104,0.0,8.28,0.0
COL-B2F-8268,column,1.104,0.0,8.28,0.0
COL-B2F-8269,column,1.104,0.0,8.28,0.0
COL-B2F-8270,column,1.104,0.0,8.28,0.0
COL-B2F-8271,column,1.104,0.0,8.28,0.0
COL-B2F-8272,column,1.104,0.0,8.28,0.0
COL-B2F-8273,column,1.104,0.0,8.28,0.0
COL-B2F-8274,column,1.104,0.0,8.28,0.0
COL-B2F-8275,column,1.104,0.0,8.28,0.0
COL-B2F-8276,column,1.104,0.0,8.28,0.0
COL-B2F-8277,column,1.104,0.0,8.28,0.0
COL-B2F-8278,column,1.104,0.0,8.28,0.0
COL-B2F-8279,column,1.104,0.0,8.28,0.0
COL-B2F-8280,column,1.104,0.0,8.28,0.0
COL-B2F-8281,column,1.104,0.0,8.28,0.0
COL-B2F-8282,column,1.242,0.0,8.97,0.0
COL-B2F-8283,column,1.104,0.0,8.28,0.0
COL-B2F-8284,column,1.1012,0.0,8.273,0.0
COL-B2F-8285,column,0.3881,0.0,6.21,0.0
COL-B2F-8286,column,0.3881,0.0,6.21,0.0
COL-B2F-8287,column,1.4376,0.0,9.405,0.0
COL-B2F-8288,column,0.3881,0.0,6.21,0.0
COL-B2F-8289,column,0.3881,0.0,6.21,0.0
COL-B2F-8290,column,1.4376,0.0,9.405,0.0
COL-B2F-8291,column,0.3881,0.0,6.21,0.0
COL-B2F-8292,column,0.3881,0.0,6.21,0.0
COL-B2F-8293,column,1.4376,0.0,9.405,0.0
COL-B2F-8294,column,0.3881,0.0,6.21,0.0
COL-B2F-8295,column,0.3881,0.0,6.21,0.0
COL-B2F-8296,column,0.3881,0.0,6.21,0.0
COL-B2F-8297,column,0.3881,0.0,6.21,0.0
COL-B2F-8298,column,0.3881,0.0,6.21,0.0
COL-B2F-8299,column,0.3881,0.0,6.21,0.0
COL-B2F-8300,column,0.3881,0.0,6.21,0.0
COL-B2F-8301,column,0.3881,0.0,6.21,0.0
COL-B2F-8302,column,0.3881,0.0,6.21,0.0
COL-B2F-8303,column,0.3881,0.0,6.21,0.0
COL-B2F-8304,column,0.3881,0.0,6.21,0.0
COL-B2F-8305,column,0.3881,0.0,6.21,0.0
COL-B2F-8306,column,0.3881,0.0,6.21,0.0
COL-B2F-8307,column,0.3881,0.0,6.21,0.0
COL-B2F-8308,column,0.3881,0.0,6.21,0.0
COL-B2F-8309,column,0.3881,0.0,6.21,0.0
COL-B2F-8310,column,0.3881,0.0,6.21,0.0
COL-B2F-8311,column,0.3881,0.0,6.21,0.0
COL-B2F-8312,column,0.3881,0.0,6.21,0.0
COL-B2F-8313,column,0.3881,0.0,6.21,0.0
COL-B2F-8314,column,0.3881,0.0,6.21,0.0
COL-B2F-8315,column,0.3881,0.0,6.21,0.0
COL-B2F-8316,column,0.3881,0.0,6.21,0.0
COL-B2F-8317,column,0.3881,0.0,6.21,0.0
COL-B2F-8318,column,0.3881,0.0,6.21,0.0
COL-B2F-8319,column,0.3881,0.0,6.21,0.0
COL-B2F-8320,column,0.3881,0.0,6.21,0.0
COL-B2F-8321,column,0.3881,0.0,6.21,0.0
COL-B2F-8322,column,0.3881,0.0,6.21,0.0
COL-B2F-8323,column,0.3881,0.0,6.21,0.0
COL-B2F-8324,column,0.3881,0.0,6.21,0.0
COL-B2F-8325,column,0.3881,0.0,6.21,0.0
COL-B2F-8326,column,0.3881,0.0,6.21,0.0
COL-B2F-8327,column,0.3881,0.0,6.21,0.0
COL-B2F-8328,column,0.3881,0.0,6.21,0.0
COL-B2F-8329,column,0.3881,0.0,6.21,0.0
COL-B2F-8330,column,4.14,0.0,15.87,0.0
COL-B2F-8331,column,4.83,0.0,18.63,0.0
COL-B2F-8332,column,4.1055,0.0,16.56,0.0
COL-B2F-8333,column,4.14,0.0,15.87,0.0
COL-B2F-8334,column,4.14,0.0,15.87,0.0
COL-B2F-8335,column,7.5552,0.0,20.431,0.0
COL-B2F-8336,column,2.484,0.0,12.42,0.0
COL-B2F-8337,column,2.07,0.0,11.04,0.0
COL-B2F-8338,column,2.07,0.0,11.04,0.0
COL-B2F-8339,column,3.105,0.0,14.49,0.0
COL-B2F-8340,column,2.484,0.0,12.42,0.0
COL-B2F-8341,column,2.691,0.0,13.11,0.0
COL-B2F-8342,column,4.14,0.0,15.87,0.0
COL-B2F-8343,column,3.6225,0.0,15.18,0.0
COL-B2F-8344,column,2.898,0.0,13.8,0.0
COL-B2F-8345,column,4.6861,0.0,17.243,0.0
COL-B2F-8346,column,3.105,0.0,14.49,0.0
COL-B2F-8347,column,2.484,0.0,12.42,0.0
COL-B2F-8348,column,3.312,0.0,15.18,0.0
COL-B2F-8349,column,3.726,0.0,16.56,0.0
COL-B2F-8350,column,2.898,0.0,13.8,0.0
COL-B2F-8351,column,4.83,0.0,18.63,0.0
COL-B2F-8352,column,2.691,0.0,13.11,0.0
COL-B2F-8353,column,4.1055,0.0,16.56,0.0
COL-B2F-8354,column,2.484,0.0,12.42,0.0
COL-B2F-8355,column,3.105,0.0,14.49,0.0
COL-B2F-8356,column,3.312,0.0,15.18,0.0
COL-B2F-8357,column,3.105,0.0,14.49,0.0
COL-B2F-8358,column,2.691,0.0,13.11,0.0
COL-B2F-8359,column,3.6225,0.0,15.18,0.0
COL-B2F-8360,column,2.484,0.0,12.42,0.0
COL-B2F-8361,column,3.105,0.0,14.49,0.0
COL-B2F-8362,column,3.105,0.0,14.49,0.0
COL-B2F-8363,column,2.484,0.0,12.42,0.0
COL-B2F-8364,column,2.484,0.0,12.42,0.0
COL-B2F-8365,column,3.726,0.0,16.56,0.0
COL-B2F-8366,column,3.726,0.0,16.56,0.0
COL-B2F-8367,column,3.105,0.0,14.49,0.0
COL-B2F-8368,column,3.105,0.0,14.49,0.0
COL-B2F-8369,column,4.5861,0.0,17.933,0.0
COL-B2F-8370,column,2.484,0.0,12.42,0.0
COL-B2F-8371,column,3.105,0.0,14.49,0.0
COL-B2F-8372,column,3.105,0.0,14.49,0.0
COL-B2F-8373,column,3.105,0.0,14.49,0.0
COL-B2F-8374,column,3.105,0.0,14.49,0.0
COL-B2F-8375,column,3.105,0.0,14.49,0.0
COL-B2F-8376,column,3.105,0.0,14.49,0.0
COL-B2F-8377,column,3.105,0.0,14.49,0.0
COL-B2F-8378,column,2.484,0.0,12.42,0.0
COL-B2F-8379,column,4.416,0.0,16.56,0.0
COL-B2F-8380,column,4.14,0.0,17.94,0.0
COL-B2F-8381,column,4.83,0.0,18.63,0.0
COL-B2F-8382,column,4.83,0.0,18.63,0.0
COL-B2F-8383,column,4.14,0.0,17.94,0.0
COL-B2F-8384,column,4.14,0.0,15.87,0.0
COL-B2F-8385,column,4.14,0.0,15.87,0.0
COL-B2F-8386,column,4.14,0.0,15.87,0.0
COL-B2F-8387,column,4.416,0.0,16.56,0.0
COL-B2F-8388,column,4.14,0.0,15.87,0.0
COL-B2F-8389,column,4.14,0.0,15.87,0.0
COL-B2F-8390,column,4.14,0.0,15.87,0.0
COL-B2F-8391,column,4.14,0.0,15.87,0.0
COL-B2F-8392,column,3.105,0.0,14.49,0.0
COL-B2F-8393,column,5.796,0.0,20.01,0.0
COL-B2F-8394,column,3.105,0.0,14.49,0.0
COL-B2F-8395,column,3.105,0.0,14.49,0.0
COL-B2F-8396,column,2.07,0.0,11.04,0.0
COL-B2F-8397,column,2.484,0.0,12.42,0.0
COL-B2F-8398,column,2.484,0.0,12.42,0.0
COL-B2F-8399,column,1.863,0.0,10.35,0.0
COL-B2F-8400,column,1.863,0.0,10.35,0.0
COL-B2F-8401,column,2.484,0.0,12.42,0.0
COL-B2F-8402,column,3.312,0.0,15.18,0.0
COL-B2F-8403,column,2.898,0.0,13.8,0.0
COL-B2F-8404,column,2.07,0.0,11.04,0.0
COL-B2F-8405,column,2.484,0.0,12.42,0.0
COL-B2F-8406,column,2.07,0.0,11.04,0.0
COL-B2F-8407,column,2.07,0.0,11.04,0.0
COL-B2F-8408,column,2.484,0.0,12.42,0.0
COL-B2F-8409,column,3.726,0.0,16.56,0.0
COL-B2F-8410,column,4.554,0.0,19.32,0.0
COL-B2F-8411,column,5.175,0.0,17.25,0.0
COL-B2F-8412,column,5.175,0.0,17.25,0.0
COL-B2F-8413,column,2.898,0.0,13.8,0.0
COL-B2F-8414,column,5.175,0.0,17.25,0.0
COL-B2F-8415,column,5.175,0.0,17.25,0.0
COL-B2F-8416,column,3.4155,0.0,13.8,0.0
COL-B2F-8417,column,5.8305,0.0,17.94,0.0
COL-B2F-8418,column,5.8305,0.0,17.94,0.0
COL-B2F-8419,column,3.726,0.0,16.56,0.0
COL-B2F-8420,column,4.14,0.0,15.18,0.0
COL-B2F-8421,column,2.07,0.0,11.04,0.0
COL-B2F-8422,column,2.415,0.0,11.73,0.0
COL-B2F-8423,column,2.484,0.0,12.42,0.0
COL-B2F-8424,column,6.7746,0.0,19.361,0.0
COL-B2F-8425,column,2.07,0.0,11.04,0.0
COL-B2F-8426,column,0.3105,0.0,5.175,0.0
COL-B2F-8427,column,0.3105,0.0,5.175,0.0
COL-B2F-8428,column,0.3881,0.0,6.21,0.0
COL-B2F-8429,column,0.3881,0.0,6.21,0.0
COL-B2F-8430,column,0.3881,0.0,6.21,0.0
COL-B2F-8431,column,0.3881,0.0,6.21,0.0
COL-B2F-8432,column,6.21,0.0,18.63,0.0
COL-B2F-8433,column,6.21,0.0,18.63,0.0
COL-B2F-8434,column,8.3827,0.0,21.576,0.0
COL-B2F-8435,column,1.1716,0.0,8.618,0.0
COL-B2F-8436,column,1.035,0.0,7.935,0.0
COL-B2F-8437,column,4.1366,0.0,15.173,0.0
COL-B2F-8438,column,4.83,0.0,18.63,0.0
COL-B2F-8439,column,4.83,0.0,18.63,0.0
COL-B2F-8440,column,4.14,0.0,17.94,0.0
COL-B2F-8441,column,4.1372,0.0,15.863,0.0
COL-B2F-8442,column,4.14,0.0,15.87,0.0
COL-B2F-8443,column,4.14,0.0,17.94,0.0
COL-B2F-8444,column,4.14,0.0,15.87,0.0
COL-B2F-8445,column,4.416,0.0,16.56,0.0
COL-B2F-8446,column,7.5309,0.0,20.403,0.0
COL-B2F-8447,column,7.5309,0.0,20.403,0.0
COL-B2F-8448,column,14.3636,0.0,28.18,0.0
COL-B2F-8449,column,7.5309,0.0,20.403,0.0
COL-B2F-8450,column,7.3392,0.0,20.334,0.0
COL-B2F-8451,column,7.3392,0.0,20.334,0.0
COL-B2F-8452,column,7.3392,0.0,20.334,0.0
COL-B2F-8453,column,7.3392,0.0,20.334,0.0
COL-B2F-8454,column,3.726,0.0,16.56,0.0
COL-B2F-8455,column,4.554,0.0,19.32,0.0
COL-B2F-8456,column,3.726,0.0,16.56,0.0
COL-B2F-8457,column,2.898,0.0,13.8,0.0
COL-B2F-8458,column,5.175,0.0,17.25,0.0
COL-B2F-8459,column,5.175,0.0,17.25,0.0
COL-B2F-8460,column,5.175,0.0,17.25,0.0
COL-B2F-8461,column,5.175,0.0,17.25,0.0
COL-B2F-8462,column,5.8305,0.0,17.94,0.0
COL-B2F-8463,column,5.8305,0.0,17.94,0.0
COL-B2F-8464,column,3.4155,0.0,13.8,0.0
COL-B2F-8465,column,2.484,0.0,12.42,0.0
COL-B2F-8466,column,1.863,0.0,10.35,0.0
COL-B2F-8467,column,1.863,0.0,10.35,0.0
COL-B2F-8468,column,2.484,0.0,12.42,0.0
COL-B2F-8469,column,2.898,0.0,13.8,0.0
COL-B2F-8470,column,2.07,0.0,11.04,0.0
COL-B2F-8471,column,2.07,0.0,11.04,0.0
COL-B2F-8472,column,2.484,0.0,12.42,0.0
COL-B2F-8473,column,3.3099,0.0,15.173,0.0
COL-B2F-8474,column,2.07,0.0,11.04,0.0
COL-B2F-8475,column,1.2075,0.0,8.28,0.0
COL-B2F-8476,column,1.2075,0.0,8.28,0.0
COL-B2F-8477,column,1.2075,0.0,8.28,0.0
COL-B2F-8478,column,1.2075,0.0,8.28,0.0
COL-B2F-8479,column,1.2075,0.0,8.28,0.0
COL-B2F-8480,column,4.968,0.0,16.56,0.0
COL-B2F-8481,column,2.484,0.0,12.42,0.0
COL-B2F-8482,column,2.07,0.0,11.04,0.0
COL-B2F-8483,column,2.07,0.0,11.04,0.0
COL-B2F-8484,column,6.762,0.0,19.32,0.0
COL-B2F-8485,column,4.968,0.0,16.56,0.0
COL-B2F-8486,column,4.968,0.0,16.56,0.0
COL-B2F-8487,column,4.968,0.0,16.56,0.0
COL-B2F-8488,column,1.104,0.0,8.28,0.0
COL-B2F-8489,column,1.104,0.0,8.28,0.0
COL-B2F-8490,column,1.104,0.0,8.28,0.0
COL-B2F-8491,column,1.2075,0.0,8.28,0.0
COL-B2F-8492,column,1.104,0.0,8.28,0.0
COL-B2F-8493,column,1.104,0.0,8.28,0.0
COL-B2F-8494,column,1.104,0.0,8.28,0.0
COL-B2F-8495,column,1.104,0.0,8.28,0.0
COL-B2F-8496,column,1.104,0.0,8.28,0.0
COL-B2F-8497,column,1.104,0.0,8.28,0.0
COL-B2F-8498,column,4.14,0.0,15.18,0.0
COL-B2F-8499,column,2.07,0.0,11.04,0.0
COL-B2F-8500,column,2.415,0.0,11.73,0.0
COL-B2F-8501,column,2.484,0.0,12.42,0.0
COL-B2F-8502,column,6.7746,0.0,19.361,0.0
COL-B2F-8503,column,3.6225,0.0,15.18,0.0
COL-B2F-8504,column,2.484,0.0,12.42,0.0
COL-B2F-8505,column,3.105,0.0,14.49,0.0
COL-B2F-8506,column,3.105,0.0,14.49,0.0
COL-B2F-8507,column,1.2075,0.0,8.28,0.0
COL-B2F-8508,column,1.2075,0.0,8.28,0.0
COL-B2F-8509,column,4.14,0.0,15.87,0.0
COL-B2F-8510,column,2.484,0.0,12.42,0.0
COL-B2F-8511,column,2.691,0.0,13.11,0.0
COL-B2F-8512,column,10.5993,0.0,24.212,0.0
COL-B2F-8513,column,2.362,0.0,11.447,0.0
COL-B2F-8514,column,3.0998,0.0,14.483,0.0
COL-B2F-8515,column,3.312,0.0,15.18,0.0
COL-B2F-8516,column,3.726,0.0,16.56,0.0
COL-B2F-8517,column,2.484,0.0,12.42,0.0
COL-B2F-8518,column,2.484,0.0,12.42,0.0
COL-B2F-8519,column,5.7471,0.0,17.899,0.0
COL-B2F-8520,column,5.1693,0.0,16.96,0.0
COL-B2F-8521,column,6.7746,0.0,19.361,0.0
COL-B2F-8522,column,6.7746,0.0,19.361,0.0
COL-B2F-8523,column,12.3327,0.0,26.137,0.0
COL-B2F-8524,column,3.105,0.0,14.49,0.0
COL-B2F-8525,column,4.1055,0.0,16.56,0.0
COL-B2F-8526,column,2.484,0.0,12.42,0.0
COL-B2F-8527,column,2.4799,0.0,12.413,0.0
COL-B2F-8528,column,3.105,0.0,14.49,0.0
COL-B2F-8529,column,3.0998,0.0,14.483,0.0
COL-B2F-8530,column,7.9068,0.0,20.99,0.0
COL-B2F-8531,column,7.2135,0.0,20.038,0.0
COL-B2F-8532,column,7.2135,0.0,20.038,0.0
COL-B2F-8533,column,7.2135,0.0,20.038,0.0
COL-B2F-8534,column,7.2135,0.0,20.038,0.0
COL-B2F-8535,column,7.2135,0.0,20.038,0.0
COL-B2F-8536,column,1.2075,0.0,8.28,0.0
COL-B2F-8537,column,1.2075,0.0,8.28,0.0
COL-B2F-8538,column,1.2075,0.0,8.28,0.0
COL-B2F-8539,column,1.2075,0.0,8.28,0.0
COL-B2F-8540,column,2.3708,0.0,11.447,0.0
COL-B2F-8541,column,1.2075,0.0,8.28,0.0
COL-B2F-8542,column,9.7409,0.0,23.232,0.0
COL-B2F-8543,column,9.7409,0.0,23.232,0.0
COL-B2F-8544,column,4.5885,0.0,17.94,0.0
COL-B2F-8545,column,3.105,0.0,14.49,0.0
COL-B2F-8546,column,7.4699,0.0,20.334,0.0
COL-B2F-8547,column,1.2051,0.0,8.273,0.0
COL-B2F-8548,column,1.2075,0.0,8.28,0.0
COL-B2F-8549,column,1.2075,0.0,8.28,0.0
COL-B2F-8550,column,1.2075,0.0,8.28,0.0
COL-B2F-8551,column,1.7499,0.0,10.033,0.0
COL-B2F-8552,column,1.7499,0.0,10.033,0.0
COL-B2F-8553,column,8.8175,0.0,22.094,0.0
COL-B2F-8554,column,9.6001,0.0,23.06,0.0
COL-B2F-8555,column,4.14,0.0,15.87,0.0
COL-B2F-8556,column,4.14,0.0,15.87,0.0
COL-B2F-8557,column,2.4799,0.0,12.413,0.0
COL-B2F-8558,column,2.484,0.0,12.42,0.0
COL-B2F-8559,column,3.6225,0.0,15.18,0.0
COL-B2F-8560,column,3.0998,0.0,14.483,0.0
COL-B2F-8561,column,4.0996,0.0,16.553,0.0
COL-B2F-8562,column,3.105,0.0,14.49,0.0
COL-B2F-8563,column,4.8276,0.0,18.623,0.0
COL-B2F-8564,column,2.6865,0.0,13.103,0.0
COL-B2F-8565,column,2.484,0.0,12.42,0.0
COL-B2F-8566,column,1.104,0.0,8.28,0.0
COL-B2F-8567,column,7.327,0.0,20.169,0.0
COL-B2F-8568,column,0.3105,0.0,5.175,0.0
COL-B2F-8569,column,0.3105,0.0,5.175,0.0
COL-B2F-8570,column,0.3881,0.0,6.21,0.0
COL-B2F-8571,column,0.3881,0.0,6.21,0.0
COL-B2F-8572,column,1.4376,0.0,9.405,0.0
COL-B2F-8573,column,0.3881,0.0,6.21,0.0
COL-B2F-8574,column,0.3881,0.0,6.21,0.0
COL-B2F-8575,column,1.4376,0.0,9.405,0.0
COL-B2F-8576,column,0.3881,0.0,6.21,0.0
COL-B2F-8577,column,0.3881,0.0,6.21,0.0
COL-B2F-8578,column,1.4376,0.0,9.405,0.0
COL-B2F-8579,column,0.3881,0.0,6.21,0.0
COL-B2F-8580,column,0.3881,0.0,6.21,0.0
COL-B2F-8581,column,1.4376,0.0,9.405,0.0
COL-B2F-8582,column,0.3881,0.0,6.21,0.0
COL-B2F-8583,column,0.3881,0.0,6.21,0.0
COL-B2F-8584,column,0.3881,0.0,6.21,0.0
COL-B2F-8585,column,0.3881,0.0,6.21,0.0
COL-B2F-8586,column,0.3881,0.0,6.21,0.0
COL-B2F-8587,column,0.3881,0.0,6.21,0.0
COL-B2F-8588,column,0.3881,0.0,6.21,0.0
COL-B2F-8589,column,0.3881,0.0,6.21,0.0
COL-B2F-8590,column,0.3881,0.0,6.21,0.0
COL-B2F-8591,column,0.3881,0.0,6.21,0.0
COL-B2F-8592,column,1.4376,0.0,9.405,0.0
COL-B2F-8593,column,0.3881,0.0,6.21,0.0
COL-B2F-8594,column,0.3881,0.0,6.21,0.0
COL-B2F-8595,column,1.4376,0.0,9.405,0.0
COL-B2F-8596,column,0.3881,0.0,6.21,0.0
COL-B2F-8597,column,0.3881,0.0,6.21,0.0
COL-B2F-8598,column,1.4376,0.0,9.405,0.0
COL-B2F-8599,column,0.3881,0.0,6.21,0.0
COL-B2F-8600,column,0.3881,0.0,6.21,0.0
COL-B2F-8601,column,1.4376,0.0,9.405,0.0
COL-B2F-8602,column,0.3881,0.0,6.21,0.0
COL-B2F-8603,column,0.3881,0.0,6.21,0.0
COL-B2F-8604,column,1.4376,0.0,9.405,0.0
COL-B2F-8605,column,0.3881,0.0,6.21,0.0
COL-B2F-8606,column,0.3881,0.0,6.21,0.0
COL-B2F-8607,column,1.4376,0.0,9.405,0.0
COL-B2F-8608,column,0.3881,0.0,6.21,0.0
COL-B2F-8609,column,0.3881,0.0,6.21,0.0
COL-B2F-8610,column,0.3881,0.0,6.21,0.0
COL-B2F-8611,column,0.3881,0.0,6.21,0.0
COL-B2F-8612,column,0.3881,0.0,6.21,0.0
COL-B2F-8613,column,0.3881,0.0,6.21,0.0
COL-B2F-8614,column,0.3881,0.0,6.21,0.0
COL-B2F-8615,column,0.3881,0.0,6.21,0.0
COL-B2F-8616,column,0.3881,0.0,6.21,0.0
COL-B2F-8617,column,0.3881,0.0,6.21,0.0
COL-B2F-8618,column,0.3881,0.0,6.21,0.0
COL-B2F-8619,column,0.3881,0.0,6.21,0.0
COL-B2F-8620,column,0.3881,0.0,6.21,0.0
COL-B2F-8621,column,0.3881,0.0,6.21,0.0
COL-B2F-8622,column,0.3881,0.0,6.21,0.0
COL-B2F-8623,column,0.3881,0.0,6.21,0.0
COL-B2F-8624,column,0.3881,0.0,6.21,0.0
COL-B2F-8625,column,0.3881,0.0,6.21,0.0
COL-B2F-8626,column,0.3881,0.0,6.21,0.0
COL-B2F-8627,column,0.3881,0.0,6.21,0.0
COL-B2F-8628,column,0.3881,0.0,6.21,0.0
COL-B2F-8629,column,0.3881,0.0,6.21,0.0
COL-B2F-8630,column,0.3881,0.0,6.21,0.0
COL-B2F-8631,column,0.3881,0.0,6.21,0.0
COL-B2F-8632,column,0.3881,0.0,6.21,0.0
COL-B2F-8633,column,0.3881,0.0,6.21,0.0
COL-B2F-8634,column,0.3881,0.0,6.21,0.0
COL-B2F-8635,column,0.3881,0.0,6.21,0.0
COL-B2F-8636,column,0.3881,0.0,6.21,0.0
COL-B2F-8637,column,0.3881,0.0,6.21,0.0
COL-B2F-8638,column,0.3881,0.0,6.21,0.0
COL-B2F-8639,column,0.3881,0.0,6.21,0.0
COL-B2F-8640,column,0.3881,0.0,6.21,0.0
COL-B2F-8641,column,0.3881,0.0,6.21,0.0
COL-B2F-8642,column,0.3881,0.0,6.21,0.0
COL-B2F-8643,column,0.3881,0.0,6.21,0.0
COL-B2F-8644,column,0.3881,0.0,6.21,0.0
COL-B2F-8645,column,0.3881,0.0,6.21,0.0
COL-B2F-8646,column,0.3881,0.0,6.21,0.0
COL-B2F-8647,column,0.3881,0.0,6.21,0.0
COL-B2F-8648,column,0.3881,0.0,6.21,0.0
COL-B2F-8649,column,0.3881,0.0,6.21,0.0
COL-B2F-8650,column,0.3881,0.0,6.21,0.0
COL-B2F-8651,column,0.3881,0.0,6.21,0.0
COL-B2F-8652,column,0.3881,0.0,6.21,0.0
COL-B2F-8653,column,0.3881,0.0,6.21,0.0
COL-B2F-8654,column,0.3881,0.0,6.21,0.0
COL-B2F-8655,column,0.3881,0.0,6.21,0.0
COL-B2F-8656,column,0.3881,0.0,6.21,0.0
COL-B2F-8657,column,0.3881,0.0,6.21,0.0
COL-B2F-8658,column,0.3881,0.0,6.21,0.0
COL-B2F-8659,column,0.3881,0.0,6.21,0.0
COL-B2F-8660,column,0.3881,0.0,6.21,0.0
COL-B2F-8661,column,0.3881,0.0,6.21,0.0
COL-B2F-8662,column,0.3881,0.0,6.21,0.0
COL-B2F-8663,column,0.3881,0.0,6.21,0.0
COL-B2F-8664,column,0.3881,0.0,6.21,0.0
COL-B2F-8665,column,0.3881,0.0,6.21,0.0
COL-B2F-8666,column,0.3881,0.0,6.21,0.0
COL-B2F-8667,column,0.3881,0.0,6.21,0.0
COL-B2F-8668,column,0.3881,0.0,6.21,0.0
COL-B2F-8669,column,0.3881,0.0,6.21,0.0
COL-B2F-8670,column,0.3881,0.0,6.21,0.0
COL-B2F-8671,column,0.3881,0.0,6.21,0.0
COL-B2F-8672,column,0.3881,0.0,6.21,0.0
COL-B2F-8673,column,0.3881,0.0,6.21,0.0
COL-B2F-8674,column,0.3881,0.0,6.21,0.0
COL-B2F-8675,column,0.3881,0.0,6.21,0.0
COL-B2F-8676,column,0.3881,0.0,6.21,0.0
COL-B2F-8677,column,0.3881,0.0,6.21,0.0
COL-B2F-8678,column,0.3881,0.0,6.21,0.0
COL-B2F-8679,column,0.3881,0.0,6.21,0.0
COL-B2F-8680,column,0.3881,0.0,6.21,0.0
COL-B2F-8681,column,0.3881,0.0,6.21,0.0
COL-B2F-8682,column,0.3881,0.0,6.21,0.0
COL-B2F-8683,column,0.3881,0.0,6.21,0.0
COL-B2F-8684,column,0.3881,0.0,6.21,0.0
COL-B2F-8685,column,0.3881,0.0,6.21,0.0
COL-B2F-8686,column,0.3881,0.0,6.21,0.0
COL-B2F-8687,column,0.3881,0.0,6.21,0.0
COL-B2F-8688,column,0.3881,0.0,6.21,0.0
COL-B2F-8689,column,0.3881,0.0,6.21,0.0
COL-B2F-8690,column,0.3881,0.0,6.21,0.0
COL-B2F-8691,column,0.3881,0.0,6.21,0.0
COL-B2F-8692,column,1.4376,0.0,9.405,0.0
COL-B2F-8693,column,0.3881,0.0,6.21,0.0
COL-B2F-8694,column,0.3881,0.0,6.21,0.0
COL-B2F-8695,column,1.4376,0.0,9.405,0.0
COL-B2F-8696,column,0.3881,0.0,6.21,0.0
COL-B2F-8697,column,0.3881,0.0,6.21,0.0
COL-B2F-8698,column,1.4376,0.0,9.405,0.0
COL-B2F-8699,column,0.3881,0.0,6.21,0.0
COL-B2F-8700,column,0.3881,0.0,6.21,0.0
COL-B2F-8701,column,1.4376,0.0,9.405,0.0
COL-B2F-8702,column,0.3881,0.0,6.21,0.0
COL-B2F-8703,column,0.3881,0.0,6.21,0.0
COL-B2F-8704,column,1.4376,0.0,9.405,0.0
COL-B2F-8705,column,0.3881,0.0,6.21,0.0
COL-B2F-8706,column,0.3881,0.0,6.21,0.0
COL-B2F-8707,column,0.3881,0.0,6.21,0.0
COL-B2F-8708,column,0.3881,0.0,6.21,0.0
COL-B2F-8709,column,0.3881,0.0,6.21,0.0
COL-B2F-8710,column,0.3881,0.0,6.21,0.0
COL-B2F-8711,column,1.4376,0.0,9.405,0.0
COL-B2F-8712,column,0.3881,0.0,6.21,0.0
COL-B2F-8713,column,0.3881,0.0,6.21,0.0
COL-B2F-8714,column,0.3881,0.0,6.21,0.0
COL-B2F-8715,column,0.3881,0.0,6.21,0.0
COL-B2F-8716,column,0.3881,0.0,6.21,0.0
COL-B2F-8717,column,0.3881,0.0,6.21,0.0
COL-B2F-8718,column,0.3881,0.0,6.21,0.0
COL-B2F-8719,column,0.3881,0.0,6.21,0.0
COL-B2F-8720,column,0.3881,0.0,6.21,0.0
COL-B2F-8721,column,0.3881,0.0,6.21,0.0
COL-B2F-8722,column,1.4376,0.0,9.405,0.0
COL-B2F-8723,column,0.3881,0.0,6.21,0.0
COL-B2F-8724,column,0.3881,0.0,6.21,0.0
COL-B2F-8725,column,0.3881,0.0,6.21,0.0
COL-B2F-8726,column,0.3881,0.0,6.21,0.0
COL-B2F-8727,column,0.3881,0.0,6.21,0.0
COL-B2F-8728,column,0.3881,0.0,6.21,0.0
COL-B2F-8729,column,1.4376,0.0,9.405,0.0
COL-B2F-8730,column,0.3881,0.0,6.21,0.0
COL-B2F-8731,column,0.3881,0.0,6.21,0.0
COL-B2F-8732,column,1.4376,0.0,9.405,0.0
COL-B2F-8733,column,0.3881,0.0,6.21,0.0
COL-B2F-8734,column,0.3881,0.0,6.21,0.0
COL-B2F-8735,column,0.3881,0.0,6.21,0.0
COL-B2F-8736,column,0.3881,0.0,6.21,0.0
COL-B2F-8737,column,1.4376,0.0,9.405,0.0
COL-B2F-8738,column,0.3881,0.0,6.21,0.0
COL-B2F-8739,column,0.3881,0.0,6.21,0.0
COL-B2F-8740,column,0.3881,0.0,6.21,0.0
COL-B2F-8741,column,0.3881,0.0,6.21,0.0
COL-B2F-8742,column,0.3881,0.0,6.21,0.0
COL-B2F-8743,column,0.3881,0.0,6.21,0.0
COL-B2F-8744,column,1.4376,0.0,9.405,0.0
COL-B2F-8745,column,0.3881,0.0,6.21,0.0
COL-B2F-8746,column,0.3881,0.0,6.21,0.0
COL-B2F-8747,column,1.4376,0.0,9.405,0.0
COL-B2F-8748,column,0.3881,0.0,6.21,0.0
COL-B2F-8749,column,0.3881,0.0,6.21,0.0
COL-B2F-8750,column,1.4376,0.0,9.405,0.0
COL-B2F-8751,column,0.3881,0.0,6.21,0.0
COL-B2F-8752,column,0.3881,0.0,6.21,0.0
COL-B2F-8753,column,0.3881,0.0,6.21,0.0
COL-B2F-8754,column,0.3881,0.0,6.21,0.0
COL-B2F-8755,column,0.3881,0.0,6.21,0.0
COL-B2F-8756,column,0.3881,0.0,6.21,0.0
COL-B2F-8757,column,1.4376,0.0,9.405,0.0
COL-B2F-8758,column,0.3881,0.0,6.21,0.0
COL-B2F-8759,column,0.3881,0.0,6.21,0.0
COL-B2F-8760,column,0.3881,0.0,6.21,0.0
COL-B2F-8761,column,0.3881,0.0,6.21,0.0
COL-B2F-8762,column,0.3881,0.0,6.21,0.0
COL-B2F-8763,column,0.3881,0.0,6.21,0.0
COL-B2F-8764,column,1.4376,0.0,9.405,0.0
COL-B2F-8765,column,0.3881,0.0,6.21,0.0
COL-B2F-8766,column,0.3881,0.0,6.21,0.0
COL-B2F-8767,column,0.3881,0.0,6.21,0.0
COL-B2F-8768,column,0.3881,0.0,6.21,0.0
COL-B2F-8769,column,0.3881,0.0,6.21,0.0
COL-B2F-8770,column,0.3881,0.0,6.21,0.0
COL-B2F-8771,column,1.4376,0.0,9.405,0.0
COL-B2F-8772,column,0.3881,0.0,6.21,0.0
COL-B2F-8773,column,0.3881,0.0,6.21,0.0
COL-B2F-8774,column,0.3881,0.0,6.21,0.0
COL-B2F-8775,column,0.3881,0.0,6.21,0.0
COL-B2F-8776,column,0.3881,0.0,6.21,0.0
COL-B2F-8777,column,0.3881,0.0,6.21,0.0
COL-B2F-8778,column,1.4376,0.0,9.405,0.0
COL-B2F-8779,column,0.3881,0.0,6.21,0.0
COL-B2F-8780,column,0.3881,0.0,6.21,0.0
COL-B2F-8781,column,0.3881,0.0,6.21,0.0
COL-B2F-8782,column,0.3881,0.0,6.21,0.0
COL-B2F-8783,column,0.3881,0.0,6.21,0.0
COL-B2F-8784,column,0.3881,0.0,6.21,0.0
COL-B2F-8785,column,1.4376,0.0,9.405,0.0
COL-B2F-8786,column,0.3881,0.0,6.21,0.0
COL-B2F-8787,column,0.3881,0.0,6.21,0.0
COL-B2F-8788,column,0.3881,0.0,6.21,0.0
COL-B2F-8789,column,0.3881,0.0,6.21,0.0
COL-B2F-8790,column,0.3881,0.0,6.21,0.0
COL-B2F-8791,column,0.3881,0.0,6.21,0.0
COL-B2F-8792,column,1.4376,0.0,9.405,0.0
COL-B2F-8793,column,0.3881,0.0,6.21,0.0
COL-B2F-8794,column,0.3881,0.0,6.21,0.0
COL-B2F-8795,column,0.3881,0.0,6.21,0.0
COL-B2F-8796,column,0.3881,0.0,6.21,0.0
COL-B2F-8797,column,0.3881,0.0,6.21,0.0
COL-B2F-8798,column,0.3881,0.0,6.21,0.0
COL-B2F-8799,column,1.4376,0.0,9.405,0.0
COL-B2F-8800,column,0.3881,0.0,6.21,0.0
COL-B2F-8801,column,0.3881,0.0,6.21,0.0
COL-B2F-8802,column,0.3881,0.0,6.21,0.0
COL-B2F-8803,column,0.3881,0.0,6.21,0.0
COL-B2F-8804,column,0.3881,0.0,6.21,0.0
COL-B2F-8805,column,0.3881,0.0,6.21,0.0
COL-B2F-8806,column,1.4376,0.0,9.405,0.0
COL-B2F-8807,column,0.3881,0.0,6.21,0.0
COL-B2F-8808,column,0.3881,0.0,6.21,0.0
COL-B2F-8809,column,0.3881,0.0,6.21,0.0
COL-B2F-8810,column,0.3881,0.0,6.21,0.0
COL-B2F-8811,column,0.3881,0.0,6.21,0.0
COL-B2F-8812,column,0.3881,0.0,6.21,0.0
COL-B2F-8813,column,1.4376,0.0,9.405,0.0
COL-B2F-8814,column,0.3881,0.0,6.21,0.0
COL-B2F-8815,column,0.3881,0.0,6.21,0.0
COL-B2F-8816,column,0.3881,0.0,6.21,0.0
COL-B2F-8817,column,0.3881,0.0,6.21,0.0
COL-B2F-8818,column,0.3881,0.0,6.21,0.0
COL-B2F-8819,column,0.3881,0.0,6.21,0.0
COL-B2F-8820,column,1.4376,0.0,9.405,0.0
COL-B2F-8821,column,0.3881,0.0,6.21,0.0
COL-B2F-8822,column,0.3881,0.0,6.21,0.0
COL-B2F-8823,column,0.3881,0.0,6.21,0.0
COL-B2F-8824,column,0.3881,0.0,6.21,0.0
COL-B2F-8825,column,0.3881,0.0,6.21,0.0
COL-B2F-8826,column,0.3881,0.0,6.21,0.0
COL-B2F-8827,column,1.4376,0.0,9.405,0.0
COL-B2F-8828,column,0.3881,0.0,6.21,0.0
COL-B2F-8829,column,0.3881,0.0,6.21,0.0
COL-B2F-8830,column,0.3881,0.0,6.21,0.0
COL-B2F-8831,column,0.3881,0.0,6.21,0.0
COL-B2F-8832,column,0.3881,0.0,6.21,0.0
COL-B2F-8833,column,0.3881,0.0,6.21,0.0
COL-B2F-8834,column,1.4376,0.0,9.405,0.0
COL-B2F-8835,column,0.3881,0.0,6.21,0.0
COL-B2F-8836,column,0.3881,0.0,6.21,0.0
COL-B2F-8837,column,0.3881,0.0,6.21,0.0
COL-B2F-8838,column,0.3881,0.0,6.21,0.0
COL-B2F-8839,column,0.3881,0.0,6.21,0.0
COL-B2F-8840,column,0.3881,0.0,6.21,0.0
COL-B2F-8841,column,1.4376,0.0,9.405,0.0
COL-B2F-8842,column,0.3881,0.0,6.21,0.0
COL-B2F-8843,column,0.3881,0.0,6.21,0.0
COL-B2F-8844,column,0.3881,0.0,6.21,0.0
COL-B2F-8845,column,0.3881,0.0,6.21,0.0
COL-B2F-8846,column,0.3881,0.0,6.21,0.0
COL-B2F-8847,column,0.3881,0.0,6.21,0.0
COL-B2F-8848,column,1.4376,0.0,9.405,0.0
COL-B2F-8849,column,0.3881,0.0,6.21,0.0
COL-B2F-8850,column,0.3881,0.0,6.21,0.0
COL-B2F-8851,column,0.3881,0.0,6.21,0.0
COL-B2F-8852,column,0.3881,0.0,6.21,0.0
COL-B2F-8853,column,0.3881,0.0,6.21,0.0
COL-B2F-8854,column,0.3881,0.0,6.21,0.0
COL-B2F-8855,column,1.4376,0.0,9.405,0.0
COL-B2F-8856,column,0.3881,0.0,6.21,0.0
COL-B2F-8857,column,0.3881,0.0,6.21,0.0
COL-B2F-8858,column,0.3881,0.0,6.21,0.0
COL-B2F-8859,column,0.3881,0.0,6.21,0.0
COL-B2F-8860,column,0.3881,0.0,6.21,0.0
COL-B2F-8861,column,0.3881,0.0,6.21,0.0
COL-B2F-8862,column,0.3881,0.0,6.21,0.0
COL-B2F-8863,column,0.3881,0.0,6.21,0.0
COL-B2F-8864,column,1.4376,0.0,9.405,0.0
COL-B2F-8865,column,0.3881,0.0,6.21,0.0
COL-B2F-8866,column,0.3881,0.0,6.21,0.0
COL-B2F-8867,column,0.3881,0.0,6.21,0.0
COL-B2F-8868,column,0.3881,0.0,6.21,0.0
COL-B2F-8869,column,0.3881,0.0,6.21,0.0
COL-B2F-8870,column,0.3881,0.0,6.21,0.0
COL-B2F-8871,column,1.4376,0.0,9.405,0.0
COL-B2F-8872,column,0.3881,0.0,6.21,0.0
COL-B2F-8873,column,0.3881,0.0,6.21,0.0
COL-B2F-8874,column,0.3881,0.0,6.21,0.0
COL-B2F-8875,column,0.3881,0.0,6.21,0.0
COL-B2F-8876,column,0.3881,0.0,6.21,0.0
COL-B2F-8877,column,0.3881,0.0,6.21,0.0
COL-B2F-8878,column,1.4376,0.0,9.405,0.0
COL-B2F-8879,column,0.3881,0.0,6.21,0.0
COL-B2F-8880,column,0.3881,0.0,6.21,0.0
COL-B2F-8881,column,1.4376,0.0,9.405,0.0
COL-B2F-8882,column,0.3881,0.0,6.21,0.0
COL-B2F-8883,column,0.3881,0.0,6.21,0.0
COL-B2F-8884,column,1.4376,0.0,9.405,0.0
COL-B2F-8885,column,0.3881,0.0,6.21,0.0
COL-B2F-8886,column,0.3881,0.0,6.21,0.0
COL-B2F-8887,column,1.4376,0.0,9.405,0.0
COL-B2F-8888,column,0.3881,0.0,6.21,0.0
COL-B2F-8889,column,0.3881,0.0,6.21,0.0
COL-B2F-8890,column,0.3881,0.0,6.21,0.0
COL-B2F-8891,column,0.3881,0.0,6.21,0.0
COL-B2F-8892,column,0.3881,0.0,6.21,0.0
COL-B2F-8893,column,0.3881,0.0,6.21,0.0
COL-B2F-8894,column,0.3881,0.0,6.21,0.0
COL-B2F-8895,column,0.3881,0.0,6.21,0.0
COL-B2F-8896,column,0.3105,0.0,5.175,0.0
COL-B2F-8897,column,0.3105,0.0,5.175,0.0
COL-B2F-8898,column,0.3881,0.0,6.21,0.0
COL-B2F-8899,column,0.3881,0.0,6.21,0.0
COL-B2F-8900,column,1.4376,0.0,9.405,0.0
COL-B2F-8901,column,0.3881,0.0,6.21,0.0
COL-B2F-8902,column,0.3881,0.0,6.21,0.0
COL-B2F-8903,column,1.4376,0.0,9.405,0.0
COL-B2F-8904,column,0.3881,0.0,6.21,0.0
COL-B2F-8905,column,0.3881,0.0,6.21,0.0
COL-B2F-8906,column,0.3881,0.0,6.21,0.0
COL-B2F-8907,column,0.3881,0.0,6.21,0.0
COL-B2F-8908,column,0.3881,0.0,6.21,0.0
COL-B2F-8909,column,0.3881,0.0,6.21,0.0
COL-B2F-8910,column,0.3881,0.0,6.21,0.0
COL-B2F-8911,column,0.3881,0.0,6.21,0.0
COL-B2F-8912,column,0.3881,0.0,6.21,0.0
COL-B2F-8913,column,0.3881,0.0,6.21,0.0
COL-B2F-8914,column,0.3881,0.0,6.21,0.0
COL-B2F-8915,column,0.3881,0.0,6.21,0.0
COL-B2F-8916,column,1.4376,0.0,9.405,0.0
COL-B2F-8917,column,0.3881,0.0,6.21,0.0
COL-B2F-8918,column,0.3881,0.0,6.21,0.0
COL-B2F-8919,column,0.3881,0.0,6.21,0.0
COL-B2F-8920,column,0.3881,0.0,6.21,0.0
COL-B2F-8921,column,0.3881,0.0,6.21,0.0
COL-B2F-8922,column,0.3881,0.0,6.21,0.0
COL-B2F-8923,column,1.4376,0.0,9.405,0.0
COL-B2F-8924,column,0.3881,0.0,6.21,0.0
COL-B2F-8925,column,0.3881,0.0,6.21,0.0
COL-B2F-8926,column,0.3881,0.0,6.21,0.0
COL-B2F-8927,column,0.3881,0.0,6.21,0.0
COL-B2F-8928,column,0.3881,0.0,6.21,0.0
COL-B2F-8929,column,0.3881,0.0,6.21,0.0
COL-B2F-8930,column,1.4376,0.0,9.405,0.0
COL-B2F-8931,column,0.3881,0.0,6.21,0.0
COL-B2F-8932,column,0.3881,0.0,6.21,0.0
COL-B2F-8933,column,0.3881,0.0,6.21,0.0
COL-B2F-8934,column,0.3881,0.0,6.21,0.0
COL-B2F-8935,column,1.4376,0.0,9.405,0.0
COL-B2F-8936,column,0.3881,0.0,6.21,0.0
COL-B2F-8937,column,0.3881,0.0,6.21,0.0
COL-B2F-8938,column,1.4376,0.0,9.405,0.0
COL-B2F-8939,column,0.3881,0.0,6.21,0.0
COL-B2F-8940,column,0.3881,0.0,6.21,0.0
COL-B2F-8941,column,1.4376,0.0,9.405,0.0
COL-B2F-8942,column,0.3105,0.0,5.175,0.0
COL-B2F-8943,column,0.3105,0.0,5.175,0.0
COL-B2F-8944,column,0.3105,0.0,5.175,0.0
COL-B2F-8945,column,0.3105,0.0,5.175,0.0
COL-B2F-8946,column,0.3881,0.0,6.21,0.0
COL-B2F-8947,column,0.3881,0.0,6.21,0.0
COL-B2F-8948,column,0.3881,0.0,6.21,0.0
COL-B2F-8949,column,0.3881,0.0,6.21,0.0
COL-B2F-8950,column,0.3881,0.0,6.21,0.0
COL-B2F-8951,column,0.3881,0.0,6.21,0.0
COL-B2F-8952,column,0.3881,0.0,6.21,0.0
COL-B2F-8953,column,0.3881,0.0,6.21,0.0
COL-B2F-8954,column,0.3881,0.0,6.21,0.0
COL-B2F-8955,column,0.3881,0.0,6.21,0.0
COL-B2F-8956,column,0.3881,0.0,6.21,0.0
COL-B2F-8957,column,0.3881,0.0,6.21,0.0
COL-B2F-8958,column,0.3881,0.0,6.21,0.0
COL-B2F-8959,column,0.3881,0.0,6.21,0.0
COL-B2F-8960,column,0.3881,0.0,6.21,0.0
COL-B2F-8961,column,0.3881,0.0,6.21,0.0
COL-B2F-8962,column,0.3881,0.0,6.21,0.0
COL-B2F-8963,column,0.3881,0.0,6.21,0.0
COL-B2F-8964,column,0.3881,0.0,6.21,0.0
COL-B2F-8965,column,0.3881,0.0,6.21,0.0
COL-B2F-8966,column,0.3881,0.0,6.21,0.0
COL-B2F-8967,column,0.3881,0.0,6.21,0.0
COL-B2F-8968,column,0.3881,0.0,6.21,0.0
COL-B2F-8969,column,0.3881,0.0,6.21,0.0
COL-B2F-8970,column,0.3881,0.0,6.21,0.0
COL-B2F-8971,column,0.3881,0.0,6.21,0.0
COL-B2F-8972,column,1.4376,0.0,9.405,0.0
COL-B2F-8973,column,0.3881,0.0,6.21,0.0
COL-B2F-8974,column,0.3881,0.0,6.21,0.0
COL-B2F-8975,column,0.3881,0.0,6.21,0.0
COL-B2F-8976,column,0.3881,0.0,6.21,0.0
COL-B2F-8977,column,1.4376,0.0,9.405,0.0
COL-B2F-8978,column,0.3881,0.0,6.21,0.0
COL-B2F-8979,column,0.3881,0.0,6.21,0.0
COL-B2F-8980,column,0.3881,0.0,6.21,0.0
COL-B2F-8981,column,0.3881,0.0,6.21,0.0
COL-B2F-8982,column,1.4376,0.0,9.405,0.0
COL-B2F-8983,column,0.3881,0.0,6.21,0.0
COL-B2F-8984,column,0.3881,0.0,6.21,0.0
COL-B2F-8985,column,0.3881,0.0,6.21,0.0
COL-B2F-8986,column,0.3881,0.0,6.21,0.0
COL-B2F-8987,column,0.3881,0.0,6.21,0.0
COL-B2F-8988,column,0.3881,0.0,6.21,0.0
COL-B2F-8989,column,1.4376,0.0,9.405,0.0
COL-B2F-8990,column,0.3881,0.0,6.21,0.0
COL-B2F-8991,column,0.3881,0.0,6.21,0.0
COL-B2F-8992,column,0.3881,0.0,6.21,0.0
COL-B2F-8993,column,0.3881,0.0,6.21,0.0
COL-B2F-8994,column,1.4376,0.0,9.405,0.0
COL-B2F-8995,column,0.3881,0.0,6.21,0.0
COL-B2F-8996,column,0.3881,0.0,6.21,0.0
COL-B2F-8997,column,1.4376,0.0,9.405,0.0
COL-B2F-8998,column,0.3881,0.0,6.21,0.0
COL-B2F-8999,column,0.3881,0.0,6.21,0.0
COL-B2F-9000,column,0.3881,0.0,6.21,0.0
COL-B2F-9001,column,0.3881,0.0,6.21,0.0
COL-B2F-9002,column,1.4376,0.0,9.405,0.0
COL-B2F-9003,column,0.3881,0.0,6.21,0.0
COL-B2F-9004,column,0.3881,0.0,6.21,0.0
COL-B2F-9005,column,0.3881,0.0,6.21,0.0
COL-B2F-9006,column,0.3881,0.0,6.21,0.0
COL-B2F-9007,column,1.4376,0.0,9.405,0.0
COL-B2F-9008,column,0.3881,0.0,6.21,0.0
COL-B2F-9009,column,0.3881,0.0,6.21,0.0
COL-B2F-9010,column,1.4376,0.0,9.405,0.0
COL-B2F-9011,column,0.3881,0.0,6.21,0.0
COL-B2F-9012,column,0.3881,0.0,6.21,0.0
COL-B2F-9013,column,1.4376,0.0,9.405,0.0
COL-B2F-9014,column,0.3881,0.0,6.21,0.0
COL-B2F-9015,column,0.3881,0.0,6.21,0.0
COL-B2F-9016,column,1.4376,0.0,9.405,0.0
COL-B2F-9017,column,0.3881,0.0,6.21,0.0
COL-B2F-9018,column,0.3881,0.0,6.21,0.0
COL-B2F-9019,column,0.3881,0.0,6.21,0.0
COL-B2F-9020,column,0.3881,0.0,6.21,0.0
COL-B2F-9021,column,0.3881,0.0,6.21,0.0
COL-B2F-9022,column,0.3881,0.0,6.21,0.0
COL-B2F-9023,column,1.4376,0.0,9.405,0.0
COL-B2F-9024,column,0.3881,0.0,6.21,0.0
COL-B2F-9025,column,0.3881,0.0,6.21,0.0
COL-B2F-9026,column,1.4376,0.0,9.405,0.0
COL-B2F-9027,column,0.3881,0.0,6.21,0.0
COL-B2F-9028,column,0.3881,0.0,6.21,0.0
COL-B2F-9029,column,0.3881,0.0,6.21,0.0
COL-B2F-9030,column,0.3881,0.0,6.21,0.0
COL-B2F-9031,column,0.3881,0.0,6.21,0.0
COL-B2F-9032,column,0.3881,0.0,6.21,0.0
COL-B2F-9033,column,0.3881,0.0,6.21,0.0
COL-B2F-9034,column,0.3881,0.0,6.21,0.0
COL-B2F-9035,column,0.3881,0.0,6.21,0.0
COL-B2F-9036,column,0.3881,0.0,6.21,0.0
COL-B2F-9037,column,0.3881,0.0,6.21,0.0
COL-B2F-9038,column,0.3881,0.0,6.21,0.0
COL-B2F-9039,column,0.3881,0.0,6.21,0.0
COL-B2F-9040,column,0.3881,0.0,6.21,0.0
COL-B2F-9041,column,1.4376,0.0,9.405,0.0
COL-B2F-9042,column,0.3105,0.0,5.175,0.0
COL-B2F-9043,column,0.3105,0.0,5.175,0.0
COL-B2F-9044,column,0.3881,0.0,6.21,0.0
COL-B2F-9045,column,0.3881,0.0,6.21,0.0
COL-B2F-9046,column,1.4376,0.0,9.405,0.0
COL-B2F-9047,column,0.3881,0.0,6.21,0.0
COL-B2F-9048,column,0.3881,0.0,6.21,0.0
COL-B2F-9049,column,0.3881,0.0,6.21,0.0
COL-B2F-9050,column,0.3881,0.0,6.21,0.0
COL-B2F-9051,column,0.3881,0.0,6.21,0.0
COL-B2F-9052,column,0.3881,0.0,6.21,0.0
COL-B2F-9053,column,0.3881,0.0,6.21,0.0
COL-B2F-9054,column,0.3881,0.0,6.21,0.0
COL-B2F-9055,column,0.3881,0.0,6.21,0.0
COL-B2F-9056,column,0.3881,0.0,6.21,0.0
COL-B2F-9057,column,0.3881,0.0,6.21,0.0
COL-B2F-9058,column,0.3881,0.0,6.21,0.0
COL-B2F-9059,column,0.3881,0.0,6.21,0.0
COL-B2F-9060,column,0.3881,0.0,6.21,0.0
COL-B2F-9061,column,0.3881,0.0,6.21,0.0
COL-B2F-9062,column,0.3881,0.0,6.21,0.0
COL-B2F-9063,column,0.3881,0.0,6.21,0.0
COL-B2F-9064,column,0.3881,0.0,6.21,0.0
COL-B2F-9065,column,0.3881,0.0,6.21,0.0
COL-B2F-9066,column,0.3881,0.0,6.21,0.0
COL-B2F-9067,column,0.3881,0.0,6.21,0.0
COL-B2F-9068,column,0.3881,0.0,6.21,0.0
COL-B2F-9069,column,0.3881,0.0,6.21,0.0
COL-B2F-9070,column,0.3881,0.0,6.21,0.0
COL-B2F-9071,column,0.3881,0.0,6.21,0.0
COL-B2F-9072,column,0.3881,0.0,6.21,0.0
COL-B2F-9073,column,0.3881,0.0,6.21,0.0
COL-B2F-9074,column,0.3881,0.0,6.21,0.0
COL-B2F-9075,column,0.3881,0.0,6.21,0.0
COL-B2F-9076,column,0.3881,0.0,6.21,0.0
COL-B2F-9077,column,0.3881,0.0,6.21,0.0
COL-B2F-9078,column,0.3881,0.0,6.21,0.0
COL-B2F-9079,column,0.3881,0.0,6.21,0.0
COL-B2F-9080,column,0.3881,0.0,6.21,0.0
COL-B2F-9081,column,0.3881,0.0,6.21,0.0
COL-B2F-9082,column,0.3881,0.0,6.21,0.0
COL-B2F-9083,column,0.3881,0.0,6.21,0.0
COL-B2F-9084,column,0.3881,0.0,6.21,0.0
COL-B2F-9085,column,0.3881,0.0,6.21,0.0
COL-B2F-9086,column,0.3881,0.0,6.21,0.0
COL-B2F-9087,column,0.3881,0.0,6.21,0.0
COL-B2F-9088,column,0.3881,0.0,6.21,0.0
COL-B2F-9089,column,0.3881,0.0,6.21,0.0
COL-B2F-9090,column,0.3881,0.0,6.21,0.0
COL-B2F-9091,column,0.3881,0.0,6.21,0.0
COL-B2F-9092,column,0.3881,0.0,6.21,0.0
COL-B2F-9093,column,0.3881,0.0,6.21,0.0
COL-B2F-9094,column,0.3881,0.0,6.21,0.0
COL-B2F-9095,column,0.3881,0.0,6.21,0.0
COL-B2F-9096,column,0.3881,0.0,6.21,0.0
COL-B2F-9097,column,0.3881,0.0,6.21,0.0
COL-B2F-9098,column,0.3881,0.0,6.21,0.0
COL-B2F-9099,column,0.3881,0.0,6.21,0.0
COL-B2F-9100,column,0.3881,0.0,6.21,0.0
COL-B2F-9101,column,0.3881,0.0,6.21,0.0
COL-B2F-9102,column,0.3881,0.0,6.21,0.0
COL-B2F-9103,column,0.3881,0.0,6.21,0.0
COL-B2F-9104,column,0.3881,0.0,6.21,0.0
COL-B2F-9105,column,0.3881,0.0,6.21,0.0
COL-B2F-9106,column,0.3881,0.0,6.21,0.0
COL-B2F-9107,column,0.3881,0.0,6.21,0.0
COL-B2F-9108,column,0.3881,0.0,6.21,0.0
COL-B2F-9109,column,0.3881,0.0,6.21,0.0
COL-B2F-9110,column,0.3881,0.0,6.21,0.0
COL-B2F-9111,column,0.3881,0.0,6.21,0.0
COL-B2F-9112,column,0.3881,0.0,6.21,0.0
COL-B2F-9113,column,0.3881,0.0,6.21,0.0
COL-B2F-9114,column,0.3881,0.0,6.21,0.0
COL-B2F-9115,column,1.4376,0.0,9.405,0.0
COL-B2F-9116,column,0.3881,0.0,6.21,0.0
COL-B2F-9117,column,0.3881,0.0,6.21,0.0
COL-B2F-9118,column,1.4376,0.0,9.405,0.0
COL-B2F-9119,column,0.3881,0.0,6.21,0.0
COL-B2F-9120,column,0.3881,0.0,6.21,0.0
COL-B2F-9121,column,1.4376,0.0,9.405,0.0
COL-B2F-9122,column,0.3881,0.0,6.21,0.0
COL-B2F-9123,column,0.3881,0.0,6.21,0.0
COL-B2F-9124,column,1.4376,0.0,9.405,0.0
COL-B2F-9125,column,0.3881,0.0,6.21,0.0
COL-B2F-9126,column,0.3881,0.0,6.21,0.0
COL-B2F-9127,column,1.4376,0.0,9.405,0.0
COL-B2F-9128,column,0.3105,0.0,5.175,0.0
COL-B2F-9129,column,0.3105,0.0,5.175,0.0
COL-B2F-9130,column,0.3105,0.0,5.175,0.0
COL-B2F-9131,column,0.3105,0.0,5.175,0.0
COL-B2F-9132,column,0.3881,0.0,6.21,0.0
COL-B2F-9133,column,0.3881,0.0,6.21,0.0
COL-B2F-9134,column,1.4376,0.0,9.405,0.0
COL-B2F-9135,column,0.3881,0.0,6.21,0.0
COL-B2F-9136,column,0.3881,0.0,6.21,0.0
COL-B2F-9137,column,0.3881,0.0,6.21,0.0
COL-B2F-9138,column,0.3881,0.0,6.21,0.0
COL-B2F-9139,column,1.4376,0.0,9.405,0.0
COL-B2F-9140,column,0.3105,0.0,5.175,0.0
COL-B2F-9141,column,0.3105,0.0,5.175,0.0
COL-B2F-9142,column,0.3881,0.0,6.21,0.0
COL-B2F-9143,column,0.3881,0.0,6.21,0.0
COL-B2F-9144,column,1.4376,0.0,9.405,0.0
COL-B2F-9145,column,0.3105,0.0,5.175,0.0
COL-B2F-9146,column,0.3105,0.0,5.175,0.0
COL-B2F-9147,column,0.3105,0.0,5.175,0.0
COL-B2F-9148,column,0.3105,0.0,5.175,0.0
COL-B2F-9149,column,0.3881,0.0,6.21,0.0
COL-B2F-9150,column,0.3881,0.0,6.21,0.0
COL-B2F-9151,column,1.4376,0.0,9.405,0.0
COL-B2F-9152,column,0.3881,0.0,6.21,0.0
COL-B2F-9153,column,0.3881,0.0,6.21,0.0
COL-B2F-9154,column,1.4376,0.0,9.405,0.0
COL-B2F-9155,column,0.3881,0.0,6.21,0.0
COL-B2F-9156,column,0.3881,0.0,6.21,0.0
COL-B2F-9157,column,1.4376,0.0,9.405,0.0
COL-B2F-9158,column,0.3881,0.0,6.21,0.0
COL-B2F-9159,column,0.3881,0.0,6.21,0.0
COL-B2F-9160,column,0.3881,0.0,6.21,0.0
COL-B2F-9161,column,0.3881,0.0,6.21,0.0
COL-B2F-9162,column,0.3881,0.0,6.21,0.0
COL-B2F-9163,column,0.3881,0.0,6.21,0.0
COL-B2F-9164,column,0.3881,0.0,6.21,0.0
COL-B2F-9165,column,0.3881,0.0,6.21,0.0
COL-B2F-9166,column,0.3881,0.0,6.21,0.0
COL-B2F-9167,column,0.3881,0.0,6.21,0.0
COL-B2F-9168,column,0.3881,0.0,6.21,0.0
COL-B2F-9169,column,0.3881,0.0,6.21,0.0
COL-B2F-9170,column,0.3881,0.0,6.21,0.0
COL-B2F-9171,column,0.3881,0.0,6.21,0.0
COL-B2F-9172,column,0.3881,0.0,6.21,0.0
COL-B2F-9173,column,0.3881,0.0,6.21,0.0
COL-B2F-9174,column,0.3881,0.0,6.21,0.0
COL-B2F-9175,column,0.3881,0.0,6.21,0.0
COL-B2F-9176,column,0.3881,0.0,6.21,0.0
COL-B2F-9177,column,0.3881,0.0,6.21,0.0
COL-B2F-9178,column,0.3881,0.0,6.21,0.0
COL-B2F-9179,column,0.3881,0.0,6.21,0.0
COL-B2F-9180,column,0.3881,0.0,6.21,0.0
COL-B2F-9181,column,0.3881,0.0,6.21,0.0
COL-B2F-9182,column,0.3881,0.0,6.21,0.0
COL-B2F-9183,column,0.3881,0.0,6.21,0.0
COL-B2F-9184,column,0.3881,0.0,6.21,0.0
COL-B2F-9185,column,0.3881,0.0,6.21,0.0
COL-B2F-9186,column,0.3881,0.0,6.21,0.0
COL-B2F-9187,column,0.3881,0.0,6.21,0.0
COL-B2F-9188,column,0.3881,0.0,6.21,0.0
COL-B2F-9189,column,0.3881,0.0,6.21,0.0
COL-B2F-9190,column,1.4376,0.0,9.405,0.0
COL-B2F-9191,column,0.3881,0.0,6.21,0.0
COL-B2F-9192,column,0.3881,0.0,6.21,0.0
COL-B2F-9193,column,1.4376,0.0,9.405,0.0
COL-B2F-9194,column,0.3881,0.0,6.21,0.0
COL-B2F-9195,column,0.3881,0.0,6.21,0.0
COL-B2F-9196,column,1.4376,0.0,9.405,0.0
COL-B2F-9197,column,0.3881,0.0,6.21,0.0
COL-B2F-9198,column,0.3881,0.0,6.21,0.0
COL-B2F-9199,column,1.4376,0.0,9.405,0.0
COL-B2F-9200,column,0.3881,0.0,6.21,0.0
COL-B2F-9201,column,0.3881,0.0,6.21,0.0
COL-B2F-9202,column,1.4376,0.0,9.405,0.0
COL-B2F-9203,column,0.3881,0.0,6.21,0.0
COL-B2F-9204,column,0.3881,0.0,6.21,0.0
COL-B2F-9205,column,1.4376,0.0,9.405,0.0
COL-B2F-9206,column,0.3881,0.0,6.21,0.0
COL-B2F-9207,column,0.3881,0.0,6.21,0.0
COL-B2F-9208,column,0.3881,0.0,6.21,0.0
COL-B2F-9209,column,0.3881,0.0,6.21,0.0
COL-B2F-9210,column,0.3881,0.0,6.21,0.0
COL-B2F-9211,column,0.3881,0.0,6.21,0.0
COL-B2F-9212,column,0.3881,0.0,6.21,0.0
COL-B2F-9213,column,0.3881,0.0,6.21,0.0
COL-B2F-9214,column,0.3881,0.0,6.21,0.0
COL-B2F-9215,column,0.3881,0.0,6.21,0.0
COL-B2F-9216,column,0.3105,0.0,5.175,0.0
COL-B2F-9217,column,0.3105,0.0,5.175,0.0
COL-B2F-9218,column,0.3881,0.0,6.21,0.0
COL-B2F-9219,column,0.3881,0.0,6.21,0.0
COL-B2F-9220,column,0.3881,0.0,6.21,0.0
COL-B2F-9221,column,0.3881,0.0,6.21,0.0
COL-B2F-9222,column,0.3881,0.0,6.21,0.0
COL-B2F-9223,column,0.3881,0.0,6.21,0.0
COL-B2F-9224,column,0.3881,0.0,6.21,0.0
COL-B2F-9225,column,0.3881,0.0,6.21,0.0
COL-B2F-9226,column,0.3881,0.0,6.21,0.0
COL-B2F-9227,column,0.3881,0.0,6.21,0.0
COL-B2F-9228,column,0.3881,0.0,6.21,0.0
COL-B2F-9229,column,0.3881,0.0,6.21,0.0
COL-B2F-9230,column,0.3881,0.0,6.21,0.0
COL-B2F-9231,column,0.3881,0.0,6.21,0.0
COL-B2F-9232,column,0.3881,0.0,6.21,0.0
COL-B2F-9233,column,0.3881,0.0,6.21,0.0
COL-B2F-9234,column,0.3881,0.0,6.21,0.0
COL-B2F-9235,column,0.3881,0.0,6.21,0.0
COL-B2F-9236,column,1.4376,0.0,9.405,0.0
COL-B2F-9237,column,0.3881,0.0,6.21,0.0
COL-B2F-9238,column,0.3881,0.0,6.21,0.0
COL-B2F-9239,column,1.4376,0.0,9.405,0.0
COL-B2F-9240,column,0.3881,0.0,6.21,0.0
COL-B2F-9241,column,0.3881,0.0,6.21,0.0
COL-B2F-9242,column,1.4376,0.0,9.405,0.0
COL-B2F-9243,column,0.3881,0.0,6.21,0.0
COL-B2F-9244,column,0.3881,0.0,6.21,0.0
COL-B2F-9245,column,1.4376,0.0,9.405,0.0
COL-B2F-9246,column,0.3881,0.0,6.21,0.0
COL-B2F-9247,column,0.3881,0.0,6.21,0.0
COL-B2F-9248,column,1.4376,0.0,9.405,0.0
COL-B2F-9249,column,0.3881,0.0,6.21,0.0
COL-B2F-9250,column,0.3881,0.0,6.21,0.0
COL-B2F-9251,column,0.3881,0.0,6.21,0.0
COL-B2F-9252,column,0.3881,0.0,6.21,0.0
COL-B2F-9253,column,0.3881,0.0,6.21,0.0
COL-B2F-9254,column,0.3881,0.0,6.21,0.0
COL-B2F-9255,column,1.4376,0.0,9.405,0.0
COL-B2F-9256,column,0.3105,0.0,5.175,0.0
COL-B2F-9257,column,0.3105,0.0,5.175,0.0
COL-B2F-9258,column,0.3881,0.0,6.21,0.0
COL-B2F-9259,column,0.3881,0.0,6.21,0.0
COL-B2F-9260,column,1.4376,0.0,9.405,0.0
COL-B2F-9261,column,0.3105,0.0,5.175,0.0
COL-B2F-9262,column,0.3105,0.0,5.175,0.0
COL-B2F-9263,column,0.3881,0.0,6.21,0.0
COL-B2F-9264,column,0.3881,0.0,6.21,0.0
COL-B2F-9265,column,1.4376,0.0,9.405,0.0
COL-B2F-9266,column,0.3881,0.0,6.21,0.0
COL-B2F-9267,column,0.3881,0.0,6.21,0.0
COL-B2F-9268,column,0.3881,0.0,6.21,0.0
COL-B2F-9269,column,0.3881,0.0,6.21,0.0
COL-B2F-9270,column,1.4376,0.0,9.405,0.0
COL-B2F-9271,column,0.3881,0.0,6.21,0.0
COL-B2F-9272,column,0.3881,0.0,6.21,0.0
COL-B2F-9273,column,0.3881,0.0,6.21,0.0
COL-B2F-9274,column,0.3881,0.0,6.21,0.0
COL-B2F-9275,column,1.4376,0.0,9.405,0.0
COL-B2F-9276,column,0.3881,0.0,6.21,0.0
COL-B2F-9277,column,0.3881,0.0,6.21,0.0
COL-B2F-9278,column,0.3881,0.0,6.21,0.0
COL-B2F-9279,column,0.3881,0.0,6.21,0.0
COL-B2F-9280,column,0.3881,0.0,6.21,0.0
COL-B2F-9281,column,0.3881,0.0,6.21,0.0
COL-B2F-9282,column,1.4376,0.0,9.405,0.0
COL-B2F-9283,column,0.3881,0.0,6.21,0.0
COL-B2F-9284,column,0.3881,0.0,6.21,0.0
COL-B2F-9285,column,1.4376,0.0,9.405,0.0
COL-B2F-9286,column,0.3881,0.0,6.21,0.0
COL-B2F-9287,column,0.3881,0.0,6.21,0.0
COL-B2F-9288,column,1.4376,0.0,9.405,0.0
COL-B2F-9289,column,0.3881,0.0,6.21,0.0
COL-B2F-9290,column,0.3881,0.0,6.21,0.0
COL-B2F-9291,column,1.4376,0.0,9.405,0.0
COL-B2F-9292,column,0.3881,0.0,6.21,0.0
COL-B2F-9293,column,0.3881,0.0,6.21,0.0
COL-B2F-9294,column,1.4376,0.0,9.405,0.0
COL-B2F-9295,column,0.3881,0.0,6.21,0.0
COL-B2F-9296,column,0.3881,0.0,6.21,0.0
COL-B2F-9297,column,0.3881,0.0,6.21,0.0
COL-B2F-9298,column,0.3881,0.0,6.21,0.0
COL-B2F-9299,column,0.3105,0.0,5.175,0.0
COL-B2F-9300,column,0.3105,0.0,5.175,0.0
COL-B2F-9301,column,0.3105,0.0,5.175,0.0
COL-B2F-9302,column,0.3105,0.0,5.175,0.0
COL-B2F-9303,column,0.3881,0.0,6.21,0.0
COL-B2F-9304,column,0.3881,0.0,6.21,0.0
COL-B2F-9305,column,1.4376,0.0,9.405,0.0
COL-B2F-9306,column,0.3881,0.0,6.21,0.0
COL-B2F-9307,column,0.3881,0.0,6.21,0.0
COL-B2F-9308,column,0.3881,0.0,6.21,0.0
COL-B2F-9309,column,0.3881,0.0,6.21,0.0
COL-B2F-9310,column,1.4376,0.0,9.405,0.0
COL-B2F-9311,column,0.3881,0.0,6.21,0.0
COL-B2F-9312,column,0.3881,0.0,6.21,0.0
COL-B2F-9313,column,1.4376,0.0,9.405,0.0
COL-B2F-9314,column,0.3881,0.0,6.21,0.0
COL-B2F-9315,column,0.3881,0.0,6.21,0.0
COL-B2F-9316,column,1.4376,0.0,9.405,0.0
COL-B2F-9317,column,0.3881,0.0,6.21,0.0
COL-B2F-9318,column,0.3881,0.0,6.21,0.0
COL-B2F-9319,column,1.4376,0.0,9.405,0.0
COL-B2F-9320,column,0.3881,0.0,6.21,0.0
COL-B2F-9321,column,0.3881,0.0,6.21,0.0
COL-B2F-9322,column,1.4376,0.0,9.405,0.0
COL-B2F-9323,column,0.3881,0.0,6.21,0.0
COL-B2F-9324,column,0.3881,0.0,6.21,0.0
COL-B2F-9325,column,1.4376,0.0,9.405,0.0
COL-B2F-9326,column,0.3881,0.0,6.21,0.0
COL-B2F-9327,column,0.3881,0.0,6.21,0.0
COL-B2F-9328,column,1.4376,0.0,9.405,0.0
COL-B2F-9329,column,0.3881,0.0,6.21,0.0
COL-B2F-9330,column,0.3881,0.0,6.21,0.0
COL-B2F-9331,column,0.3881,0.0,6.21,0.0
COL-B2F-9332,column,0.3881,0.0,6.21,0.0
COL-B2F-9333,column,0.3881,0.0,6.21,0.0
COL-B2F-9334,column,0.3881,0.0,6.21,0.0
COL-B2F-9335,column,0.3881,0.0,6.21,0.0
COL-B2F-9336,column,0.3881,0.0,6.21,0.0
COL-B2F-9337,column,0.3881,0.0,6.21,0.0
COL-B2F-9338,column,0.3881,0.0,6.21,0.0
COL-B2F-9339,column,0.3881,0.0,6.21,0.0
COL-B2F-9340,column,0.3881,0.0,6.21,0.0
COL-B2F-9341,column,1.4376,0.0,9.405,0.0
COL-B2F-9342,column,0.3881,0.0,6.21,0.0
COL-B2F-9343,column,0.3881,0.0,6.21,0.0
COL-B2F-9344,column,0.3881,0.0,6.21,0.0
COL-B2F-9345,column,0.3881,0.0,6.21,0.0
COL-B2F-9346,column,1.4376,0.0,9.405,0.0
COL-B2F-9347,column,0.3881,0.0,6.21,0.0
COL-B2F-9348,column,0.3881,0.0,6.21,0.0
COL-B2F-9349,column,1.4376,0.0,9.405,0.0
COL-B2F-9350,column,0.3881,0.0,6.21,0.0
COL-B2F-9351,column,0.3881,0.0,6.21,0.0
COL-B2F-9352,column,1.4376,0.0,9.405,0.0
COL-B2F-9353,column,0.3881,0.0,6.21,0.0
COL-B2F-9354,column,0.3881,0.0,6.21,0.0
COL-B2F-9355,column,0.3881,0.0,6.21,0.0
COL-B2F-9356,column,0.3881,0.0,6.21,0.0
COL-B2F-9357,column,1.4376,0.0,9.405,0.0
COL-B2F-9358,column,0.3881,0.0,6.21,0.0
COL-B2F-9359,column,0.3881,0.0,6.21,0.0
COL-B2F-9360,column,1.4376,0.0,9.405,0.0
COL-B2F-9361,column,0.3881,0.0,6.21,0.0
COL-B2F-9362,column,0.3881,0.0,6.21,0.0
COL-B2F-9363,column,1.4376,0.0,9.405,0.0
COL-B2F-9364,column,0.3881,0.0,6.21,0.0
COL-B2F-9365,column,0.3881,0.0,6.21,0.0
COL-B2F-9366,column,1.4376,0.0,9.405,0.0
COL-B2F-9367,column,0.3105,0.0,5.175,0.0
COL-B2F-9368,column,0.3105,0.0,5.175,0.0
COL-B2F-9369,column,0.3105,0.0,5.175,0.0
COL-B2F-9370,column,0.3105,0.0,5.175,0.0
COL-B2F-9371,column,0.3881,0.0,6.21,0.0
COL-B2F-9372,column,0.3881,0.0,6.21,0.0
COL-B2F-9373,column,0.3881,0.0,6.21,0.0
COL-B2F-9374,column,0.3881,0.0,6.21,0.0
COL-B2F-9375,column,0.3881,0.0,6.21,0.0
COL-B2F-9376,column,0.3881,0.0,6.21,0.0
COL-B2F-9377,column,0.3881,0.0,6.21,0.0
COL-B2F-9378,column,0.3881,0.0,6.21,0.0
COL-B2F-9379,column,1.4376,0.0,9.405,0.0
COL-B2F-9380,column,0.3881,0.0,6.21,0.0
COL-B2F-9381,column,0.3881,0.0,6.21,0.0
COL-B2F-9382,column,1.4376,0.0,9.405,0.0
COL-B2F-9383,column,0.3881,0.0,6.21,0.0
COL-B2F-9384,column,0.3881,0.0,6.21,0.0
COL-B2F-9385,column,1.4376,0.0,9.405,0.0
COL-B2F-9386,column,0.3881,0.0,6.21,0.0
COL-B2F-9387,column,0.3881,0.0,6.21,0.0
COL-B2F-9388,column,1.4376,0.0,9.405,0.0
COL-B2F-9389,column,0.3881,0.0,6.21,0.0
COL-B2F-9390,column,0.3881,0.0,6.21,0.0
COL-B2F-9391,column,1.4376,0.0,9.405,0.0
COL-B2F-9392,column,0.3881,0.0,6.21,0.0
COL-B2F-9393,column,0.3881,0.0,6.21,0.0
COL-B2F-9394,column,1.4376,0.0,9.405,0.0
COL-B2F-9395,column,0.3881,0.0,6.21,0.0
COL-B2F-9396,column,0.3881,0.0,6.21,0.0
COL-B2F-9397,column,1.4376,0.0,9.405,0.0
COL-B2F-9398,column,0.3881,0.0,6.21,0.0
COL-B2F-9399,column,0.3881,0.0,6.21,0.0
COL-B2F-9400,column,1.4376,0.0,9.405,0.0
COL-B2F-9401,column,0.3105,0.0,5.175,0.0
COL-B2F-9402,column,0.3105,0.0,5.175,0.0
COL-B2F-9403,column,0.3881,0.0,6.21,0.0
COL-B2F-9404,column,0.3881,0.0,6.21,0.0
COL-B2F-9405,column,1.4376,0.0,9.405,0.0
COL-B2F-9406,column,0.3881,0.0,6.21,0.0
COL-B2F-9407,column,0.3881,0.0,6.21,0.0
COL-B2F-9408,column,1.4376,0.0,9.405,0.0
COL-B2F-9409,column,0.3881,0.0,6.21,0.0
COL-B2F-9410,column,0.3881,0.0,6.21,0.0
COL-B2F-9411,column,1.4376,0.0,9.405,0.0
COL-B2F-9412,column,0.3881,0.0,6.21,0.0
COL-B2F-9413,column,0.3881,0.0,6.21,0.0
COL-B2F-9414,column,0.3881,0.0,6.21,0.0
COL-B2F-9415,column,0.3881,0.0,6.21,0.0
COL-B2F-9416,column,0.3881,0.0,6.21,0.0
COL-B2F-9417,column,0.3881,0.0,6.21,0.0
COL-B2F-9418,column,1.4376,0.0,9.405,0.0
COL-B2F-9419,column,0.3881,0.0,6.21,0.0
COL-B2F-9420,column,0.3881,0.0,6.21,0.0
COL-B2F-9421,column,1.4376,0.0,9.405,0.0
COL-B2F-9422,column,0.3881,0.0,6.21,0.0
COL-B2F-9423,column,0.3881,0.0,6.21,0.0
COL-B2F-9424,column,1.4376,0.0,9.405,0.0
COL-B2F-9425,column,0.3881,0.0,6.21,0.0
COL-B2F-9426,column,0.3881,0.0,6.21,0.0
COL-B2F-9427,column,1.4376,0.0,9.405,0.0
COL-B2F-9428,column,0.3881,0.0,6.21,0.0
COL-B2F-9429,column,0.3881,0.0,6.21,0.0
COL-B2F-9430,column,0.3881,0.0,6.21,0.0
COL-B2F-9431,column,0.3881,0.0,6.21,0.0
COL-B2F-9432,column,0.3881,0.0,6.21,0.0
COL-B2F-9433,column,0.3881,0.0,6.21,0.0
COL-B2F-9434,column,0.3881,0.0,6.21,0.0
COL-B2F-9435,column,0.3881,0.0,6.21,0.0
COL-B2F-9436,column,0.3881,0.0,6.21,0.0
COL-B2F-9437,column,0.3881,0.0,6.21,0.0
COL-B2F-9438,column,0.3881,0.0,6.21,0.0
COL-B2F-9439,column,0.3881,0.0,6.21,0.0
COL-B2F-9440,column,0.3881,0.0,6.21,0.0
COL-B2F-9441,column,0.3881,0.0,6.21,0.0
COL-B2F-9442,column,0.3881,0.0,6.21,0.0
COL-B2F-9443,column,0.3881,0.0,6.21,0.0
COL-B2F-9444,column,1.4376,0.0,9.405,0.0
COL-B2F-9445,column,0.3881,0.0,6.21,0.0
COL-B2F-9446,column,0.3881,0.0,6.21,0.0
COL-B2F-9447,column,1.4376,0.0,9.405,0.0
COL-B2F-9448,column,0.3881,0.0,6.21,0.0
COL-B2F-9449,column,0.3881,0.0,6.21,0.0
COL-B2F-9450,column,1.4376,0.0,9.405,0.0
COL-B2F-9451,column,0.3881,0.0,6.21,0.0
COL-B2F-9452,column,0.3881,0.0,6.21,0.0
COL-B2F-9453,column,1.4376,0.0,9.405,0.0
COL-B2F-9454,column,0.3881,0.0,6.21,0.0
COL-B2F-9455,column,0.3881,0.0,6.21,0.0
COL-B2F-9456,column,1.4376,0.0,9.405,0.0
COL-B2F-9457,column,0.3881,0.0,6.21,0.0
COL-B2F-9458,column,0.3881,0.0,6.21,0.0
COL-B2F-9459,column,1.4376,0.0,9.405,0.0
COL-B2F-9460,column,0.3881,0.0,6.21,0.0
COL-B2F-9461,column,0.3881,0.0,6.21,0.0
COL-B2F-9462,column,0.3881,0.0,6.21,0.0
COL-B2F-9463,column,0.3881,0.0,6.21,0.0
COL-B2F-9464,column,0.3881,0.0,6.21,0.0
COL-B2F-9465,column,0.3881,0.0,6.21,0.0
COL-B2F-9466,column,0.3881,0.0,6.21,0.0
COL-B2F-9467,column,0.3881,0.0,6.21,0.0
COL-B2F-9468,column,1.4376,0.0,9.405,0.0
COL-B2F-9469,column,0.3881,0.0,6.21,0.0
COL-B2F-9470,column,0.3881,0.0,6.21,0.0
COL-B2F-9471,column,1.4376,0.0,9.405,0.0
COL-B2F-9472,column,0.3881,0.0,6.21,0.0
COL-B2F-9473,column,0.3881,0.0,6.21,0.0
COL-B2F-9474,column,1.4376,0.0,9.405,0.0
COL-B2F-9475,column,0.3881,0.0,6.21,0.0
COL-B2F-9476,column,0.3881,0.0,6.21,0.0
COL-B2F-9477,column,1.4376,0.0,9.405,0.0
COL-B2F-9478,column,0.3881,0.0,6.21,0.0
COL-B2F-9479,column,0.3881,0.0,6.21,0.0
COL-B2F-9480,column,1.4376,0.0,9.405,0.0
COL-B2F-9481,column,0.3881,0.0,6.21,0.0
COL-B2F-9482,column,0.3881,0.0,6.21,0.0
COL-B2F-9483,column,1.4376,0.0,9.405,0.0
COL-B2F-9484,column,0.3881,0.0,6.21,0.0
COL-B2F-9485,column,0.3881,0.0,6.21,0.0
COL-B2F-9486,column,0.3881,0.0,6.21,0.0
COL-B2F-9487,column,0.3881,0.0,6.21,0.0
COL-B2F-9488,column,1.4376,0.0,9.405,0.0
COL-B2F-9489,column,0.3881,0.0,6.21,0.0
COL-B2F-9490,column,0.3881,0.0,6.21,0.0
COL-B2F-9491,column,0.3881,0.0,6.21,0.0
COL-B2F-9492,column,0.3881,0.0,6.21,0.0
COL-B2F-9493,column,0.3881,0.0,6.21,0.0
COL-B2F-9494,column,0.3881,0.0,6.21,0.0
COL-B2F-9495,column,1.4376,0.0,9.405,0.0
COL-B2F-9496,column,0.3881,0.0,6.21,0.0
COL-B2F-9497,column,0.3881,0.0,6.21,0.0
COL-B2F-9498,column,0.3881,0.0,6.21,0.0
COL-B2F-9499,column,0.3881,0.0,6.21,0.0
COL-B2F-9500,column,0.3881,0.0,6.21,0.0
COL-B2F-9501,column,0.3881,0.0,6.21,0.0
COL-B2F-9502,column,1.4376,0.0,9.405,0.0
COL-B2F-9503,column,0.3881,0.0,6.21,0.0
COL-B2F-9504,column,0.3881,0.0,6.21,0.0
COL-B2F-9505,column,0.3881,0.0,6.21,0.0
COL-B2F-9506,column,0.3881,0.0,6.21,0.0
COL-B2F-9507,column,0.3881,0.0,6.21,0.0
COL-B2F-9508,column,0.3881,0.0,6.21,0.0
COL-B2F-9509,column,1.4376,0.0,9.405,0.0
COL-B2F-9510,column,0.3881,0.0,6.21,0.0
COL-B2F-9511,column,0.3881,0.0,6.21,0.0
COL-B2F-9512,column,0.3881,0.0,6.21,0.0
COL-B2F-9513,column,0.3881,0.0,6.21,0.0
COL-B2F-9514,column,0.3881,0.0,6.21,0.0
COL-B2F-9515,column,0.3881,0.0,6.21,0.0
COL-B2F-9516,column,1.4376,0.0,9.405,0.0
COL-B2F-9517,column,0.3881,0.0,6.21,0.0
COL-B2F-9518,column,0.3881,0.0,6.21,0.0
COL-B2F-9519,column,0.3881,0.0,6.21,0.0
COL-B2F-9520,column,0.3881,0.0,6.21,0.0
COL-B2F-9521,column,1.4376,0.0,9.405,0.0
COL-B2F-9522,column,0.3881,0.0,6.21,0.0
COL-B2F-9523,column,0.3881,0.0,6.21,0.0
COL-B2F-9524,column,1.4376,0.0,9.405,0.0
COL-B2F-9525,column,0.3881,0.0,6.21,0.0
COL-B2F-9526,column,0.3881,0.0,6.21,0.0
COL-B2F-9527,column,0.3881,0.0,6.21,0.0
COL-B2F-9528,column,0.3881,0.0,6.21,0.0
COL-B2F-9529,column,0.3881,0.0,6.21,0.0
COL-B2F-9530,column,0.3881,0.0,6.21,0.0
COL-B2F-9531,column,1.4376,0.0,9.405,0.0
COL-B2F-9532,column,0.3881,0.0,6.21,0.0
COL-B2F-9533,column,0.3881,0.0,6.21,0.0
COL-B2F-9534,column,0.3881,0.0,6.21,0.0
COL-B2F-9535,column,0.3881,0.0,6.21,0.0
COL-B2F-9536,column,0.3881,0.0,6.21,0.0
COL-B2F-9537,column,0.3881,0.0,6.21,0.0
COL-B2F-9538,column,1.4376,0.0,9.405,0.0
COL-B2F-9539,column,0.3881,0.0,6.21,0.0
COL-B2F-9540,column,0.3881,0.0,6.21,0.0
COL-B2F-9541,column,0.3881,0.0,6.21,0.0
COL-B2F-9542,column,0.3881,0.0,6.21,0.0
COL-B2F-9543,column,0.3881,0.0,6.21,0.0
COL-B2F-9544,column,0.3881,0.0,6.21,0.0
COL-B2F-9545,column,0.3881,0.0,6.21,0.0
COL-B2F-9546,column,0.3881,0.0,6.21,0.0
COL-B2F-9547,column,0.3881,0.0,6.21,0.0
COL-B2F-9548,column,0.3881,0.0,6.21,0.0
COL-B2F-9549,column,0.3881,0.0,6.21,0.0
COL-B2F-9550,column,0.3881,0.0,6.21,0.0
COL-B2F-9551,column,1.4376,0.0,9.405,0.0
COL-B2F-9552,column,0.3881,0.0,6.21,0.0
COL-B2F-9553,column,0.3881,0.0,6.21,0.0
COL-B2F-9554,column,0.3881,0.0,6.21,0.0
COL-B2F-9555,column,0.3881,0.0,6.21,0.0
COL-B2F-9556,column,0.3881,0.0,6.21,0.0
COL-B2F-9557,column,0.3881,0.0,6.21,0.0
COL-B2F-9558,column,1.4376,0.0,9.405,0.0
COL-B2F-9559,column,0.3881,0.0,6.21,0.0
COL-B2F-9560,column,0.3881,0.0,6.21,0.0
COL-B2F-9561,column,1.4376,0.0,9.405,0.0
COL-B2F-9562,column,0.3881,0.0,6.21,0.0
COL-B2F-9563,column,0.3881,0.0,6.21,0.0
COL-B2F-9564,column,1.4376,0.0,9.405,0.0
COL-B2F-9565,column,0.3881,0.0,6.21,0.0
COL-B2F-9566,column,0.3881,0.0,6.21,0.0
COL-B2F-9567,column,0.3881,0.0,6.21,0.0
COL-B2F-9568,column,0.3881,0.0,6.21,0.0
COL-B2F-9569,column,1.4376,0.0,9.405,0.0
COL-B2F-9570,column,0.3881,0.0,6.21,0.0
COL-B2F-9571,column,0.3881,0.0,6.21,0.0
COL-B2F-9572,column,0.3881,0.0,6.21,0.0
COL-B2F-9573,column,0.3881,0.0,6.21,0.0
COL-B2F-9574,column,0.3881,0.0,6.21,0.0
COL-B2F-9575,column,0.3881,0.0,6.21,0.0
COL-B2F-9576,column,1.4376,0.0,9.405,0.0
COL-B2F-9577,column,0.3881,0.0,6.21,0.0
COL-B2F-9578,column,0.3881,0.0,6.21,0.0
COL-B2F-9579,column,0.3881,0.0,6.21,0.0
COL-B2F-9580,column,0.3881,0.0,6.21,0.0
COL-B2F-9581,column,1.4376,0.0,9.405,0.0
COL-B2F-9582,column,0.3881,0.0,6.21,0.0
COL-B2F-9583,column,0.3881,0.0,6.21,0.0
COL-B2F-9584,column,0.3881,0.0,6.21,0.0
COL-B2F-9585,column,0.3881,0.0,6.21,0.0
COL-B2F-9586,column,1.4376,0.0,9.405,0.0
COL-B2F-9587,column,0.3881,0.0,6.21,0.0
COL-B2F-9588,column,0.3881,0.0,6.21,0.0
COL-B2F-9589,column,0.3881,0.0,6.21,0.0
COL-B2F-9590,column,0.3881,0.0,6.21,0.0
COL-B2F-9591,column,0.3881,0.0,6.21,0.0
COL-B2F-9592,column,0.3881,0.0,6.21,0.0
COL-B2F-9593,column,0.3881,0.0,6.21,0.0
COL-B2F-9594,column,0.3881,0.0,6.21,0.0
COL-B2F-9595,column,1.4376,0.0,9.405,0.0
COL-B2F-9596,column,0.3881,0.0,6.21,0.0
COL-B2F-9597,column,0.3881,0.0,6.21,0.0
COL-B2F-9598,column,1.4376,0.0,9.405,0.0
COL-B2F-9599,column,0.3881,0.0,6.21,0.0
COL-B2F-9600,column,0.3881,0.0,6.21,0.0
COL-B2F-9601,column,1.4376,0.0,9.405,0.0
COL-B2F-9602,column,0.3881,0.0,6.21,0.0
COL-B2F-9603,column,0.3881,0.0,6.21,0.0
COL-B2F-9604,column,1.4376,0.0,9.405,0.0
COL-B2F-9605,column,0.3881,0.0,6.21,0.0
COL-B2F-9606,column,0.3881,0.0,6.21,0.0
COL-B2F-9607,column,1.4376,0.0,9.405,0.0
COL-B2F-9608,column,0.3881,0.0,6.21,0.0
COL-B2F-9609,column,0.3881,0.0,6.21,0.0
COL-B2F-9610,column,1.4376,0.0,9.405,0.0
COL-B2F-9611,column,0.3881,0.0,6.21,0.0
COL-B2F-9612,column,0.3881,0.0,6.21,0.0
COL-B2F-9613,column,0.3881,0.0,6.21,0.0
COL-B2F-9614,column,0.3881,0.0,6.21,0.0
COL-B2F-9615,column,1.4376,0.0,9.405,0.0
COL-B2F-9616,column,0.3881,0.0,6.21,0.0
COL-B2F-9617,column,0.3881,0.0,6.21,0.0
COL-B2F-9618,column,1.4376,0.0,9.405,0.0
COL-B2F-9619,column,0.3881,0.0,6.21,0.0
COL-B2F-9620,column,0.3881,0.0,6.21,0.0
COL-B2F-9621,column,1.4376,0.0,9.405,0.0
COL-B2F-9622,column,0.3881,0.0,6.21,0.0
COL-B2F-9623,column,0.3881,0.0,6.21,0.0
COL-B2F-9624,column,1.4376,0.0,9.405,0.0
COL-B2F-9625,column,0.3105,0.0,5.175,0.0
COL-B2F-9626,column,0.3105,0.0,5.175,0.0
COL-B2F-9627,column,0.3881,0.0,6.21,0.0
COL-B2F-9628,column,0.3881,0.0,6.21,0.0
COL-B2F-9629,column,0.3105,0.0,5.175,0.0
COL-B2F-9630,column,0.3105,0.0,5.175,0.0
COL-B2F-9631,column,0.3881,0.0,6.21,0.0
COL-B2F-9632,column,0.3881,0.0,6.21,0.0
COL-B2F-9633,column,0.3881,0.0,6.21,0.0
COL-B2F-9634,column,0.3881,0.0,6.21,0.0
COL-B2F-9635,column,0.3881,0.0,6.21,0.0
COL-B2F-9636,column,0.3881,0.0,6.21,0.0
COL-B2F-9637,column,0.3881,0.0,6.21,0.0
COL-B2F-9638,column,0.3881,0.0,6.21,0.0
COL-B2F-9639,column,0.3881,0.0,6.21,0.0
COL-B2F-9640,column,0.3881,0.0,6.21,0.0
COL-B2F-9641,column,0.3881,0.0,6.21,0.0
COL-B2F-9642,column,0.3881,0.0,6.21,0.0
COL-B2F-9643,column,0.3881,0.0,6.21,0.0
COL-B2F-9644,column,0.3881,0.0,6.21,0.0
COL-B2F-9645,column,0.3881,0.0,6.21,0.0
COL-B2F-9646,column,0.3881,0.0,6.21,0.0
COL-B2F-9647,column,0.3105,0.0,5.175,0.0
COL-B2F-9648,column,0.3105,0.0,5.175,0.0
COL-B2F-9649,column,0.3881,0.0,6.21,0.0
COL-B2F-9650,column,0.3881,0.0,6.21,0.0
COL-B2F-9651,column,1.4376,0.0,9.405,0.0
COL-B2F-9652,column,0.3105,0.0,5.175,0.0
COL-B2F-9653,column,0.3105,0.0,5.175,0.0
COL-B2F-9654,column,0.3881,0.0,6.21,0.0
COL-B2F-9655,column,0.3881,0.0,6.21,0.0
COL-B2F-9656,column,0.3881,0.0,6.21,0.0
COL-B2F-9657,column,0.3881,0.0,6.21,0.0
COL-B2F-9658,column,1.4376,0.0,9.405,0.0
COL-B2F-9659,column,0.3881,0.0,6.21,0.0
COL-B2F-9660,column,0.3881,0.0,6.21,0.0
COL-B2F-9661,column,0.3881,0.0,6.21,0.0
COL-B2F-9662,column,0.3881,0.0,6.21,0.0
COL-B2F-9663,column,1.4376,0.0,9.405,0.0
COL-B2F-9664,column,0.3881,0.0,6.21,0.0
COL-B2F-9665,column,0.3881,0.0,6.21,0.0
COL-B2F-9666,column,0.3881,0.0,6.21,0.0
COL-B2F-9667,column,0.3881,0.0,6.21,0.0
COL-B2F-9668,column,0.3105,0.0,5.175,0.0
COL-B2F-9669,column,0.3105,0.0,5.175,0.0
COL-B2F-9670,column,0.3881,0.0,6.21,0.0
COL-B2F-9671,column,0.3881,0.0,6.21,0.0
COL-B2F-9672,column,0.3881,0.0,6.21,0.0
COL-B2F-9673,column,0.3881,0.0,6.21,0.0
COL-B2F-9674,column,0.3105,0.0,5.175,0.0
COL-B2F-9675,column,0.3105,0.0,5.175,0.0
COL-B2F-9676,column,0.3881,0.0,6.21,0.0
COL-B2F-9677,column,0.3881,0.0,6.21,0.0
COL-B2F-9678,column,1.4376,0.0,9.405,0.0
COL-B2F-9679,column,0.3881,0.0,6.21,0.0
COL-B2F-9680,column,0.3881,0.0,6.21,0.0
COL-B2F-9681,column,1.4376,0.0,9.405,0.0
COL-B2F-9682,column,0.3105,0.0,5.175,0.0
COL-B2F-9683,column,0.3105,0.0,5.175,0.0
COL-B2F-9684,column,0.3881,0.0,6.21,0.0
COL-B2F-9685,column,0.3881,0.0,6.21,0.0
COL-B2F-9686,column,0.3881,0.0,6.21,0.0
COL-B2F-9687,column,0.3881,0.0,6.21,0.0
COL-B2F-9688,column,1.4376,0.0,9.405,0.0
COL-B2F-9689,column,0.3881,0.0,6.21,0.0
COL-B2F-9690,column,0.3881,0.0,6.21,0.0
COL-B2F-9691,column,0.3105,0.0,5.175,0.0
COL-B2F-9692,column,0.3105,0.0,5.175,0.0
COL-B2F-9693,column,0.3881,0.0,6.21,0.0
COL-B2F-9694,column,0.3881,0.0,6.21,0.0
COL-B2F-9695,column,0.3881,0.0,6.21,0.0
COL-B2F-9696,column,0.3881,0.0,6.21,0.0
COL-B2F-9697,column,1.4376,0.0,9.405,0.0
COL-B2F-9698,column,0.3881,0.0,6.21,0.0
COL-B2F-9699,column,0.3881,0.0,6.21,0.0
COL-B2F-9700,column,0.3881,0.0,6.21,0.0
COL-B2F-9701,column,0.3881,0.0,6.21,0.0
COL-B2F-9702,column,1.4376,0.0,9.405,0.0
COL-B2F-9703,column,0.3881,0.0,6.21,0.0
COL-B2F-9704,column,0.3881,0.0,6.21,0.0
COL-B2F-9705,column,1.4376,0.0,9.405,0.0
COL-B2F-9706,column,1.104,0.0,8.28,0.0
COL-B2F-9707,column,1.104,0.0,8.28,0.0
COL-B2F-9708,column,1.104,0.0,8.28,0.0
COL-B2F-9709,column,1.104,0.0,8.28,0.0
COL-B2F-9710,column,1.104,0.0,8.28,0.0
COL-B2F-9711,column,1.104,0.0,8.28,0.0
COL-B2F-9712,column,1.104,0.0,8.28,0.0
COL-B2F-9713,column,1.104,0.0,8.28,0.0
COL-B2F-9714,column,1.104,0.0,8.28,0.0
COL-B2F-9715,column,1.104,0.0,8.28,0.0
COL-B2F-9716,column,1.104,0.0,8.28,0.0
COL-B2F-9717,column,1.104,0.0,8.28,0.0
COL-B2F-9718,column,1.104,0.0,8.28,0.0
COL-B2F-9719,column,1.104,0.0,8.28,0.0
COL-B2F-9720,column,1.104,0.0,8.28,0.0
COL-B2F-9721,column,1.104,0.0,8.28,0.0
COL-B2F-9722,column,1.104,0.0,8.28,0.0
COL-B2F-9723,column,1.104,0.0,8.28,0.0
COL-B2F-9724,column,1.104,0.0,8.28,0.0
COL-B2F-9725,column,1.104,0.0,8.28,0.0
COL-B2F-9726,column,1.104,0.0,8.28,0.0
COL-B2F-9727,column,1.104,0.0,8.28,0.0
COL-B2F-9728,column,1.104,0.0,8.28,0.0
COL-B2F-9729,column,1.104,0.0,8.28,0.0
COL-B2F-9730,column,1.104,0.0,8.28,0.0
COL-B2F-9731,column,1.104,0.0,8.28,0.0
COL-B2F-9732,column,1.104,0.0,8.28,0.0
COL-B2F-9733,column,1.104,0.0,8.28,0.0
COL-B2F-9734,column,1.104,0.0,8.28,0.0
COL-B2F-9735,column,1.104,0.0,8.28,0.0
COL-B2F-9736,column,1.104,0.0,8.28,0.0
COL-B2F-9737,column,1.104,0.0,8.28,0.0
COL-B2F-9738,column,1.104,0.0,8.28,0.0
COL-B2F-9739,column,1.104,0.0,8.28,0.0
COL-B2F-9740,column,1.104,0.0,8.28,0.0
COL-B2F-9741,column,1.104,0.0,8.28,0.0
COL-B2F-9742,column,1.104,0.0,8.28,0.0
COL-B2F-9743,column,1.104,0.0,8.28,0.0
COL-B2F-9744,column,1.104,0.0,8.28,0.0
COL-B2F-9745,column,1.104,0.0,8.28,0.0
COL-B2F-9746,column,1.104,0.0,8.28,0.0
COL-B2F-9747,column,1.104,0.0,8.28,0.0
COL-B2F-9748,column,1.104,0.0,8.28,0.0
COL-B2F-9749,column,1.104,0.0,8.28,0.0
COL-B2F-9750,column,1.7499,0.0,10.033,0.0
COL-B2F-9751,column,1.7499,0.0,10.033,0.0
COL-B2F-9752,column,1.7499,0.0,10.033,0.0
COL-B2F-9753,column,1.104,0.0,8.28,0.0
COL-B2F-9754,column,1.104,0.0,8.28,0.0
COL-B2F-9755,column,1.104,0.0,8.28,0.0
COL-B2F-9756,column,1.104,0.0,8.28,0.0
COL-B2F-9757,column,1.104,0.0,8.28,0.0
COL-B2F-9758,column,1.104,0.0,8.28,0.0
COL-B2F-9759,column,1.104,0.0,8.28,0.0
COL-B2F-9760,column,1.104,0.0,8.28,0.0
COL-B2F-9761,column,1.104,0.0,8.28,0.0
COL-B2F-9762,column,1.104,0.0,8.28,0.0
COL-B2F-9763,column,1.104,0.0,8.28,0.0
COL-B2F-9764,column,1.104,0.0,8.28,0.0
COL-B2F-9765,column,1.104,0.0,8.28,0.0
COL-B2F-9766,column,1.104,0.0,8.28,0.0
COL-B2F-9767,column,1.104,0.0,8.28,0.0
COL-B2F-9768,column,1.104,0.0,8.28,0.0
COL-B2F-9769,column,1.104,0.0,8.28,0.0
COL-B2F-9770,column,1.104,0.0,8.28,0.0
COL-B2F-9771,column,1.104,0.0,8.28,0.0
COL-B2F-9772,column,1.104,0.0,8.28,0.0
COL-B2F-9773,column,1.104,0.0,8.28,0.0
COL-B2F-9774,column,1.104,0.0,8.28,0.0
COL-B2F-9775,column,1.104,0.0,8.28,0.0
COL-B2F-9776,column,1.104,0.0,8.28,0.0
COL-B2F-9777,column,1.104,0.0,8.28,0.0
COL-B2F-9778,column,1.104,0.0,8.28,0.0
COL-B2F-9779,column,1.104,0.0,8.28,0.0
COL-B2F-9780,column,1.104,0.0,8.28,0.0
COL-B2F-9781,column,1.104,0.0,8.28,0.0
COL-B2F-9782,column,1.104,0.0,8.28,0.0
COL-B2F-9783,column,1.104,0.0,8.28,0.0
COL-B2F-9784,column,1.104,0.0,8.28,0.0
COL-B2F-9785,column,1.104,0.0,8.28,0.0
COL-B2F-9786,column,1.104,0.0,8.28,0.0
COL-B2F-9787,column,1.104,0.0,8.28,0.0
COL-B2F-9788,column,1.104,0.0,8.28,0.0
COL-B2F-9789,column,1.104,0.0,8.28,0.0
COL-B2F-9790,column,1.104,0.0,8.28,0.0
COL-B2F-9791,column,1.104,0.0,8.28,0.0
COL-B2F-9792,column,1.104,0.0,8.28,0.0
COL-B2F-9793,column,1.104,0.0,8.28,0.0
COL-B2F-9794,column,1.104,0.0,8.28,0.0
COL-B2F-9795,column,1.104,0.0,8.28,0.0
COL-B2F-9796,column,1.104,0.0,8.28,0.0
COL-B2F-9797,column,1.104,0.0,8.28,0.0
COL-B2F-9798,column,1.104,0.0,8.28,0.0
COL-B2F-9799,column,1.104,0.0,8.28,0.0
COL-B2F-9800,column,1.104,0.0,8.28,0.0
COL-B2F-9801,column,1.104,0.0,8.28,0.0
COL-B2F-9802,column,1.104,0.0,8.28,0.0
COL-B2F-9803,column,1.104,0.0,8.28,0.0
COL-B2F-9804,column,1.104,0.0,8.28,0.0
COL-B2F-9805,column,1.104,0.0,8.28,0.0
COL-B2F-9806,column,1.104,0.0,8.28,0.0
COL-B2F-9807,column,1.104,0.0,8.28,0.0
COL-B2F-9808,column,1.104,0.0,8.28,0.0
COL-B2F-9809,column,1.104,0.0,8.28,0.0
COL-B2F-9810,column,1.104,0.0,8.28,0.0
COL-B2F-9811,column,1.104,0.0,8.28,0.0
COL-B2F-9812,column,1.242,0.0,8.97,0.0
COL-B2F-9813,column,1.518,0.0,9.315,0.0
COL-B2F-9814,column,1.104,0.0,8.28,0.0
COL-B2F-9815,column,1.104,0.0,8.28,0.0
COL-B2F-9816,column,1.104,0.0,8.28,0.0
COL-B2F-9817,column,1.104,0.0,8.28,0.0
COL-B2F-9818,column,1.104,0.0,8.28,0.0
COL-B2F-9819,column,1.104,0.0,8.28,0.0
COL-B2F-9820,column,1.104,0.0,8.28,0.0
COL-B2F-9821,column,1.104,0.0,8.28,0.0
COL-B2F-9822,column,1.104,0.0,8.28,0.0
COL-B2F-9823,column,1.104,0.0,8.28,0.0
COL-B2F-9824,column,1.104,0.0,8.28,0.0
COL-B2F-9825,column,1.104,0.0,8.28,0.0
COL-B2F-9826,column,1.104,0.0,8.28,0.0
COL-B2F-9827,column,1.104,0.0,8.28,0.0
COL-B2F-9828,column,1.104,0.0,8.28,0.0
COL-B2F-9829,column,1.104,0.0,8.28,0.0
COL-B2F-9830,column,1.104,0.0,8.28,0.0
COL-B2F-9831,column,1.104,0.0,8.28,0.0
COL-B2F-9832,column,1.104,0.0,8.28,0.0
COL-B2F-9833,column,1.104,0.0,8.28,0.0
COL-B2F-9834,column,1.104,0.0,8.28,0.0
COL-B2F-9835,column,1.104,0.0,8.28,0.0
COL-B2F-9836,column,1.104,0.0,8.28,0.0
COL-B2F-9837,column,1.104,0.0,8.28,0.0
COL-B2F-9838,column,1.104,0.0,8.28,0.0
COL-B2F-9839,column,1.104,0.0,8.28,0.0
COL-B2F-9840,column,1.104,0.0,8.28,0.0
COL-B2F-9841,column,1.104,0.0,8.28,0.0
COL-B2F-9842,column,1.104,0.0,8.28,0.0
COL-B2F-9843,column,1.104,0.0,8.28,0.0
COL-B2F-9844,column,1.104,0.0,8.28,0.0
COL-B2F-9845,column,1.104,0.0,8.28,0.0
COL-B2F-9846,column,1.104,0.0,8.28,0.0
COL-B2F-9847,column,1.104,0.0,8.28,0.0
COL-B2F-9848,column,1.104,0.0,8.28,0.0
COL-B2F-9849,column,1.104,0.0,8.28,0.0
COL-B2F-9850,column,1.104,0.0,8.28,0.0
COL-B2F-9851,column,1.104,0.0,8.28,0.0
COL-B2F-9852,column,1.104,0.0,8.28,0.0
COL-B2F-9853,column,1.104,0.0,8.28,0.0
COL-B2F-9854,column,1.104,0.0,8.28,0.0
COL-B2F-9855,column,1.104,0.0,8.28,0.0
COL-B2F-9856,column,1.104,0.0,8.28,0.0
COL-B2F-9857,column,1.104,0.0,8.28,0.0
COL-B2F-9858,column,1.104,0.0,8.28,0.0
COL-B2F-9859,column,1.104,0.0,8.28,0.0
COL-B2F-9860,column,1.104,0.0,8.28,0.0
COL-B2F-9861,column,1.104,0.0,8.28,0.0
COL-B2F-9862,column,1.104,0.0,8.28,0.0
COL-B2F-9863,column,1.104,0.0,8.28,0.0
COL-B2F-9864,column,1.104,0.0,8.28,0.0
COL-B2F-9865,column,1.104,0.0,8.28,0.0
COL-B2F-9866,column,1.104,0.0,8.28,0.0
COL-B2F-9867,column,1.104,0.0,8.28,0.0
COL-B2F-9868,column,1.104,0.0,8.28,0.0
COL-B2F-9869,column,1.104,0.0,8.28,0.0
COL-B2F-9870,column,1.104,0.0,8.28,0.0
COL-B2F-9871,column,1.104,0.0,8.28,0.0
COL-B2F-9872,column,1.104,0.0,8.28,0.0
COL-B2F-9873,column,1.104,0.0,8.28,0.0
COL-B2F-9874,column,1.104,0.0,8.28,0.0
COL-B2F-9875,column,1.104,0.0,8.28,0.0
COL-B2F-9876,column,1.104,0.0,8.28,0.0
COL-B2F-9877,column,1.104,0.0,8.28,0.0
COL-B2F-9878,column,1.104,0.0,8.28,0.0
COL-B2F-9879,column,1.104,0.0,8.28,0.0
COL-B2F-9880,column,1.104,0.0,8.28,0.0
COL-B2F-9881,column,1.104,0.0,8.28,0.0
COL-B2F-9882,column,1.104,0.0,8.28,0.0
COL-B2F-9883,column,1.104,0.0,8.28,0.0
COL-B2F-9884,column,1.104,0.0,8.28,0.0
COL-B2F-9885,column,1.104,0.0,8.28,0.0
COL-B2F-9886,column,1.104,0.0,8.28,0.0
COL-B2F-9887,column,1.104,0.0,8.28,0.0
COL-B2F-9888,column,1.104,0.0,8.28,0.0
COL-B2F-9889,column,1.104,0.0,8.28,0.0
COL-B2F-9890,column,1.104,0.0,8.28,0.0
COL-B2F-9891,column,1.104,0.0,8.28,0.0
COL-B2F-9892,column,1.104,0.0,8.28,0.0
COL-B2F-9893,column,1.104,0.0,8.28,0.0
COL-B2F-9894,column,1.104,0.0,8.28,0.0
COL-B2F-9895,column,1.104,0.0,8.28,0.0
COL-B2F-9896,column,1.104,0.0,8.28,0.0
COL-B2F-9897,column,1.104,0.0,8.28,0.0
COL-B2F-9898,column,1.104,0.0,8.28,0.0
COL-B2F-9899,column,1.104,0.0,8.28,0.0
COL-B2F-9900,column,1.104,0.0,8.28,0.0
COL-B2F-9901,column,1.104,0.0,8.28,0.0
COL-B2F-9902,column,1.104,0.0,8.28,0.0
COL-B2F-9903,column,1.104,0.0,8.28,0.0
COL-B2F-9904,column,1.104,0.0,8.28,0.0
COL-B2F-9905,column,1.104,0.0,8.28,0.0
COL-B2F-9906,column,1.104,0.0,8.28,0.0
COL-B2F-9907,column,1.104,0.0,8.28,0.0
COL-B2F-9908,column,1.104,0.0,8.28,0.0
COL-B2F-9909,column,1.104,0.0,8.28,0.0
COL-B2F-9910,column,1.104,0.0,8.28,0.0
COL-B2F-9911,column,1.104,0.0,8.28,0.0
COL-B2F-9912,column,1.104,0.0,8.28,0.0
COL-B2F-9913,column,1.104,0.0,8.28,0.0
COL-B2F-9914,column,1.104,0.0,8.28,0.0
COL-B2F-9915,column,1.104,0.0,8.28,0.0
COL-B2F-9916,column,1.104,0.0,8.28,0.0
COL-B2F-9917,column,1.104,0.0,8.28,0.0
COL-B2F-9918,column,1.104,0.0,8.28,0.0
COL-B2F-9919,column,1.104,0.0,8.28,0.0
COL-B2F-9920,column,1.104,0.0,8.28,0.0
COL-B2F-9921,column,1.104,0.0,8.28,0.0
COL-B2F-9922,column,1.104,0.0,8.28,0.0
COL-B2F-9923,column,1.104,0.0,8.28,0.0
COL-B2F-9924,column,1.104,0.0,8.28,0.0
COL-B2F-9925,column,1.104,0.0,8.28,0.0
COL-B2F-9926,column,1.104,0.0,8.28,0.0
COL-B2F-9927,column,1.104,0.0,8.28,0.0
COL-B2F-9928,column,1.104,0.0,8.28,0.0
COL-B2F-9929,column,1.104,0.0,8.28,0.0
COL-B2F-9930,column,1.104,0.0,8.28,0.0
COL-B2F-9931,column,1.104,0.0,8.28,0.0
COL-B2F-9932,column,1.104,0.0,8.28,0.0
COL-B2F-9933,column,1.104,0.0,8.28,0.0
COL-B2F-9934,column,1.104,0.0,8.28,0.0
COL-B2F-9935,column,1.104,0.0,8.28,0.0
COL-B2F-9936,column,1.104,0.0,8.28,0.0
COL-B2F-9937,column,1.104,0.0,8.28,0.0
COL-B2F-9938,column,1.104,0.0,8.28,0.0
COL-B2F-9939,column,1.104,0.0,8.28,0.0
COL-B2F-9940,column,1.104,0.0,8.28,0.0
COL-B2F-9941,column,1.104,0.0,8.28,0.0
COL-B2F-9942,column,1.104,0.0,8.28,0.0
COL-B2F-9943,column,1.104,0.0,8.28,0.0
COL-B2F-9944,column,1.104,0.0,8.28,0.0
COL-B2F-9945,column,1.104,0.0,8.28,0.0
COL-B2F-9946,column,1.104,0.0,8.28,0.0
COL-B2F-9947,column,1.104,0.0,8.28,0.0
COL-B2F-9948,column,1.104,0.0,8.28,0.0
COL-B2F-9949,column,1.104,0.0,8.28,0.0
COL-B2F-9950,column,1.104,0.0,8.28,0.0
COL-B2F-9951,column,1.104,0.0,8.28,0.0
COL-B2F-9952,column,1.104,0.0,8.28,0.0
COL-B2F-9953,column,1.104,0.0,8.28,0.0
COL-B2F-9954,column,1.104,0.0,8.28,0.0
COL-B2F-9955,column,1.104,0.0,8.28,0.0
COL-B2F-9956,column,1.104,0.0,8.28,0.0
COL-B2F-9957,column,1.104,0.0,8.28,0.0
COL-B2F-9958,column,1.104,0.0,8.28,0.0
COL-B2F-9959,column,1.104,0.0,8.28,0.0
COL-B2F-9960,column,1.104,0.0,8.28,0.0
COL-B2F-9961,column,1.104,0.0,8.28,0.0
COL-B2F-9962,column,1.104,0.0,8.28,0.0
COL-B2F-9963,column,1.104,0.0,8.28,0.0
COL-B2F-9964,column,1.104,0.0,8.28,0.0
COL-B2F-9965,column,1.104,0.0,8.28,0.0
COL-B2F-9966,column,1.104,0.0,8.28,0.0
COL-B2F-9967,column,1.104,0.0,8.28,0.0
COL-B2F-9968,column,1.104,0.0,8.28,0.0
COL-B2F-9969,column,1.104,0.0,8.28,0.0
COL-B2F-9970,column,1.104,0.0,8.28,0.0
COL-B2F-9971,column,1.104,0.0,8.28,0.0
COL-B2F-9972,column,1.104,0.0,8.28,0.0
COL-B2F-9973,column,1.104,0.0,8.28,0.0
COL-B2F-9974,column,1.104,0.0,8.28,0.0
COL-B2F-9975,column,1.104,0.0,8.28,0.0
COL-B2F-9976,column,1.104,0.0,8.28,0.0
COL-B2F-9977,column,1.104,0.0,8.28,0.0
COL-B2F-9978,column,1.104,0.0,8.28,0.0
COL-B2F-9979,column,1.104,0.0,8.28,0.0
COL-B2F-9980,column,1.104,0.0,8.28,0.0
COL-B2F-9981,column,1.104,0.0,8.28,0.0
COL-B2F-9982,column,1.104,0.0,8.28,0.0
COL-B2F-9983,column,1.104,0.0,8.28,0.0
COL-B2F-9984,column,1.104,0.0,8.28,0.0
COL-B2F-9985,column,1.104,0.0,8.28,0.0
COL-B2F-9986,column,1.104,0.0,8.28,0.0
COL-B2F-9987,column,1.104,0.0,8.28,0.0
COL-B2F-9988,column,1.104,0.0,8.28,0.0
COL-B2F-9989,column,1.104,0.0,8.28,0.0
COL-B2F-9990,column,1.104,0.0,8.28,0.0
COL-B2F-9991,column,1.104,0.0,8.28,0.0
COL-B2F-9992,column,1.104,0.0,8.28,0.0
COL-B2F-9993,column,1.104,0.0,8.28,0.0
COL-B2F-9994,column,1.104,0.0,8.28,0.0
COL-B2F-9995,column,1.104,0.0,8.28,0.0
COL-B2F-9996,column,1.104,0.0,8.28,0.0
COL-B2F-9997,column,1.104,0.0,8.28,0.0
COL-B2F-9998,column,1.104,0.0,8.28,0.0
COL-B2F-9999,column,1.104,0.0,8.28,0.0
COL-B2F-10000,column,1.104,0.0,8.28,0.0
COL-B2F-10001,column,1.104,0.0,8.28,0.0
COL-B2F-10002,column,1.104,0.0,8.28,0.0
COL-B2F-10003,column,1.104,0.0,8.28,0.0
COL-B2F-10004,column,1.104,0.0,8.28,0.0
COL-B2F-10005,column,1.104,0.0,8.28,0.0
COL-B2F-10006,column,1.104,0.0,8.28,0.0
COL-B2F-10007,column,1.104,0.0,8.28,0.0
COL-B2F-10008,column,1.104,0.0,8.28,0.0
COL-B2F-10009,column,1.104,0.0,8.28,0.0
COL-B2F-10010,column,1.104,0.0,8.28,0.0
COL-B2F-10011,column,1.104,0.0,8.28,0.0
COL-B2F-10012,column,1.104,0.0,8.28,0.0
COL-B2F-10013,column,1.104,0.0,8.28,0.0
COL-B2F-10014,column,1.104,0.0,8.28,0.0
COL-B2F-10015,column,1.104,0.0,8.28,0.0
COL-B2F-10016,column,1.104,0.0,8.28,0.0
COL-B2F-10017,column,1.104,0.0,8.28,0.0
COL-B2F-10018,column,1.104,0.0,8.28,0.0
COL-B2F-10019,column,1.104,0.0,8.28,0.0
COL-B2F-10020,column,1.104,0.0,8.28,0.0
COL-B2F-10021,column,1.104,0.0,8.28,0.0
COL-B2F-10022,column,1.104,0.0,8.28,0.0
COL-B2F-10023,column,1.104,0.0,8.28,0.0
COL-B2F-10024,column,1.104,0.0,8.28,0.0
COL-B2F-10025,column,1.104,0.0,8.28,0.0
COL-B2F-10026,column,1.104,0.0,8.28,0.0
COL-B2F-10027,column,1.104,0.0,8.28,0.0
COL-B2F-10028,column,1.104,0.0,8.28,0.0
COL-B2F-10029,column,1.104,0.0,8.28,0.0
COL-B2F-10030,column,1.104,0.0,8.28,0.0
COL-B2F-10031,column,1.104,0.0,8.28,0.0
COL-B2F-10032,column,1.104,0.0,8.28,0.0
COL-B2F-10033,column,1.104,0.0,8.28,0.0
COL-B2F-10034,column,1.104,0.0,8.28,0.0
COL-B2F-10035,column,1.104,0.0,8.28,0.0
COL-B2F-10036,column,1.104,0.0,8.28,0.0
COL-B2F-10037,column,1.104,0.0,8.28,0.0
COL-B2F-10038,column,1.104,0.0,8.28,0.0
COL-B2F-10039,column,1.104,0.0,8.28,0.0
COL-B2F-10040,column,1.104,0.0,8.28,0.0
COL-B2F-10041,column,1.104,0.0,8.28,0.0
COL-B2F-10042,column,1.242,0.0,8.97,0.0
COL-B2F-10043,column,1.104,0.0,8.28,0.0
COL-B2F-10044,column,1.1012,0.0,8.273,0.0
COL-B2F-10045,column,0.3881,0.0,6.21,0.0
COL-B2F-10046,column,0.3881,0.0,6.21,0.0
COL-B2F-10047,column,1.4376,0.0,9.405,0.0
COL-B2F-10048,column,0.3881,0.0,6.21,0.0
COL-B2F-10049,column,0.3881,0.0,6.21,0.0
COL-B2F-10050,column,1.4376,0.0,9.405,0.0
COL-B2F-10051,column,0.3881,0.0,6.21,0.0
COL-B2F-10052,column,0.3881,0.0,6.21,0.0
COL-B2F-10053,column,1.4376,0.0,9.405,0.0
COL-B2F-10054,column,0.3881,0.0,6.21,0.0
COL-B2F-10055,column,0.3881,0.0,6.21,0.0
COL-B2F-10056,column,0.3881,0.0,6.21,0.0
COL-B2F-10057,column,0.3881,0.0,6.21,0.0
COL-B2F-10058,column,0.3881,0.0,6.21,0.0
COL-B2F-10059,column,0.3881,0.0,6.21,0.0
COL-B2F-10060,column,0.3881,0.0,6.21,0.0
COL-B2F-10061,column,0.3881,0.0,6.21,0.0
COL-B2F-10062,column,0.3881,0.0,6.21,0.0
COL-B2F-10063,column,0.3881,0.0,6.21,0.0
COL-B2F-10064,column,0.3881,0.0,6.21,0.0
COL-B2F-10065,column,0.3881,0.0,6.21,0.0
COL-B2F-10066,column,0.3881,0.0,6.21,0.0
COL-B2F-10067,column,0.3881,0.0,6.21,0.0
COL-B2F-10068,column,0.3881,0.0,6.21,0.0
COL-B2F-10069,column,0.3881,0.0,6.21,0.0
COL-B2F-10070,column,0.3881,0.0,6.21,0.0
COL-B2F-10071,column,0.3881,0.0,6.21,0.0
COL-B2F-10072,column,0.3881,0.0,6.21,0.0
COL-B2F-10073,column,0.3881,0.0,6.21,0.0
COL-B2F-10074,column,0.3881,0.0,6.21,0.0
COL-B2F-10075,column,0.3881,0.0,6.21,0.0
COL-B2F-10076,column,0.3881,0.0,6.21,0.0
COL-B2F-10077,column,0.3881,0.0,6.21,0.0
COL-B2F-10078,column,0.3881,0.0,6.21,0.0
COL-B2F-10079,column,0.3881,0.0,6.21,0.0
COL-B2F-10080,column,0.3881,0.0,6.21,0.0
COL-B2F-10081,column,0.3881,0.0,6.21,0.0
COL-B2F-10082,column,0.3881,0.0,6.21,0.0
COL-B2F-10083,column,0.3881,0.0,6.21,0.0
COL-B2F-10084,column,0.3881,0.0,6.21,0.0
COL-B2F-10085,column,0.3881,0.0,6.21,0.0
COL-B2F-10086,column,0.3881,0.0,6.21,0.0
COL-B2F-10087,column,0.3881,0.0,6.21,0.0
COL-B2F-10088,column,0.3881,0.0,6.21,0.0
COL-B2F-10089,column,0.3881,0.0,6.21,0.0
COL-B2F-10090,column,4.14,0.0,15.87,0.0
COL-B2F-10091,column,4.83,0.0,18.63,0.0
COL-B2F-10092,column,4.1055,0.0,16.56,0.0
COL-B2F-10093,column,4.14,0.0,15.87,0.0
COL-B2F-10094,column,4.14,0.0,15.87,0.0
COL-B2F-10095,column,7.5552,0.0,20.431,0.0
COL-B2F-10096,column,2.484,0.0,12.42,0.0
COL-B2F-10097,column,2.07,0.0,11.04,0.0
COL-B2F-10098,column,2.07,0.0,11.04,0.0
COL-B2F-10099,column,3.105,0.0,14.49,0.0
COL-B2F-10100,column,2.484,0.0,12.42,0.0
COL-B2F-10101,column,2.691,0.0,13.11,0.0
COL-B2F-10102,column,4.14,0.0,15.87,0.0
COL-B2F-10103,column,3.6225,0.0,15.18,0.0
COL-B2F-10104,column,2.898,0.0,13.8,0.0
COL-B2F-10105,column,4.6861,0.0,17.243,0.0
COL-B2F-10106,column,3.105,0.0,14.49,0.0
COL-B2F-10107,column,2.484,0.0,12.42,0.0
COL-B2F-10108,column,3.312,0.0,15.18,0.0
COL-B2F-10109,column,3.726,0.0,16.56,0.0
COL-B2F-10110,column,2.898,0.0,13.8,0.0
COL-B2F-10111,column,4.83,0.0,18.63,0.0
COL-B2F-10112,column,2.691,0.0,13.11,0.0
COL-B2F-10113,column,4.1055,0.0,16.56,0.0
COL-B2F-10114,column,2.484,0.0,12.42,0.0
COL-B2F-10115,column,3.105,0.0,14.49,0.0
COL-B2F-10116,column,3.312,0.0,15.18,0.0
COL-B2F-10117,column,3.105,0.0,14.49,0.0
COL-B2F-10118,column,2.691,0.0,13.11,0.0
COL-B2F-10119,column,3.6225,0.0,15.18,0.0
COL-B2F-10120,column,2.484,0.0,12.42,0.0
COL-B2F-10121,column,3.105,0.0,14.49,0.0
COL-B2F-10122,column,3.105,0.0,14.49,0.0
COL-B2F-10123,column,2.484,0.0,12.42,0.0
COL-B2F-10124,column,2.484,0.0,12.42,0.0
COL-B2F-10125,column,3.726,0.0,16.56,0.0
COL-B2F-10126,column,3.726,0.0,16.56,0.0
COL-B2F-10127,column,3.105,0.0,14.49,0.0
COL-B2F-10128,column,3.105,0.0,14.49,0.0
COL-B2F-10129,column,4.5861,0.0,17.933,0.0
COL-B2F-10130,column,2.484,0.0,12.42,0.0
COL-B2F-10131,column,3.105,0.0,14.49,0.0
COL-B2F-10132,column,3.105,0.0,14.49,0.0
COL-B2F-10133,column,3.105,0.0,14.49,0.0
COL-B2F-10134,column,3.105,0.0,14.49,0.0
COL-B2F-10135,column,3.105,0.0,14.49,0.0
COL-B2F-10136,column,3.105,0.0,14.49,0.0
COL-B2F-10137,column,3.105,0.0,14.49,0.0
COL-B2F-10138,column,2.484,0.0,12.42,0.0
COL-B2F-10139,column,4.416,0.0,16.56,0.0
COL-B2F-10140,column,4.14,0.0,17.94,0.0
COL-B2F-10141,column,4.83,0.0,18.63,0.0
COL-B2F-10142,column,4.83,0.0,18.63,0.0
COL-B2F-10143,column,4.14,0.0,17.94,0.0
COL-B2F-10144,column,4.14,0.0,15.87,0.0
COL-B2F-10145,column,4.14,0.0,15.87,0.0
COL-B2F-10146,column,4.14,0.0,15.87,0.0
COL-B2F-10147,column,4.416,0.0,16.56,0.0
COL-B2F-10148,column,4.14,0.0,15.87,0.0
COL-B2F-10149,column,4.14,0.0,15.87,0.0
COL-B2F-10150,column,4.14,0.0,15.87,0.0
COL-B2F-10151,column,4.14,0.0,15.87,0.0
COL-B2F-10152,column,3.105,0.0,14.49,0.0
COL-B2F-10153,column,5.796,0.0,20.01,0.0
COL-B2F-10154,column,3.105,0.0,14.49,0.0
COL-B2F-10155,column,3.105,0.0,14.49,0.0
COL-B2F-10156,column,2.07,0.0,11.04,0.0
COL-B2F-10157,column,2.484,0.0,12.42,0.0
COL-B2F-10158,column,2.484,0.0,12.42,0.0
COL-B2F-10159,column,1.863,0.0,10.35,0.0
COL-B2F-10160,column,1.863,0.0,10.35,0.0
COL-B2F-10161,column,2.484,0.0,12.42,0.0
COL-B2F-10162,column,3.312,0.0,15.18,0.0
COL-B2F-10163,column,2.898,0.0,13.8,0.0
COL-B2F-10164,column,2.07,0.0,11.04,0.0
COL-B2F-10165,column,2.484,0.0,12.42,0.0
COL-B2F-10166,column,2.07,0.0,11.04,0.0
COL-B2F-10167,column,2.07,0.0,11.04,0.0
COL-B2F-10168,column,2.484,0.0,12.42,0.0
COL-B2F-10169,column,3.726,0.0,16.56,0.0
COL-B2F-10170,column,4.554,0.0,19.32,0.0
COL-B2F-10171,column,5.175,0.0,17.25,0.0
COL-B2F-10172,column,5.175,0.0,17.25,0.0
COL-B2F-10173,column,2.898,0.0,13.8,0.0
COL-B2F-10174,column,5.175,0.0,17.25,0.0
COL-B2F-10175,column,5.175,0.0,17.25,0.0
COL-B2F-10176,column,3.4155,0.0,13.8,0.0
COL-B2F-10177,column,5.8305,0.0,17.94,0.0
COL-B2F-10178,column,5.8305,0.0,17.94,0.0
COL-B2F-10179,column,3.726,0.0,16.56,0.0
COL-B2F-10180,column,4.14,0.0,15.18,0.0
COL-B2F-10181,column,2.07,0.0,11.04,0.0
COL-B2F-10182,column,2.415,0.0,11.73,0.0
COL-B2F-10183,column,2.484,0.0,12.42,0.0
COL-B2F-10184,column,6.7746,0.0,19.361,0.0
COL-B2F-10185,column,2.07,0.0,11.04,0.0
COL-B2F-10186,column,0.3105,0.0,5.175,0.0
COL-B2F-10187,column,0.3105,0.0,5.175,0.0
COL-B2F-10188,column,0.3881,0.0,6.21,0.0
COL-B2F-10189,column,0.3881,0.0,6.21,0.0
COL-B2F-10190,column,0.3881,0.0,6.21,0.0
COL-B2F-10191,column,0.3881,0.0,6.21,0.0
COL-B2F-10192,column,6.21,0.0,18.63,0.0
COL-B2F-10193,column,6.21,0.0,18.63,0.0
COL-B2F-10194,column,8.3827,0.0,21.576,0.0
COL-B2F-10195,column,1.1716,0.0,8.618,0.0
COL-B2F-10196,column,1.035,0.0,7.935,0.0
COL-B2F-10197,column,4.1366,0.0,15.173,0.0
COL-B2F-10198,column,4.83,0.0,18.63,0.0
COL-B2F-10199,column,4.83,0.0,18.63,0.0
COL-B2F-10200,column,4.14,0.0,17.94,0.0
COL-B2F-10201,column,4.1372,0.0,15.863,0.0
COL-B2F-10202,column,4.14,0.0,15.87,0.0
COL-B2F-10203,column,4.14,0.0,17.94,0.0
COL-B2F-10204,column,4.14,0.0,15.87,0.0
COL-B2F-10205,column,4.416,0.0,16.56,0.0
COL-B2F-10206,column,7.5309,0.0,20.403,0.0
COL-B2F-10207,column,7.5309,0.0,20.403,0.0
COL-B2F-10208,column,14.3636,0.0,28.18,0.0
COL-B2F-10209,column,7.5309,0.0,20.403,0.0
COL-B2F-10210,column,7.3392,0.0,20.334,0.0
COL-B2F-10211,column,7.3392,0.0,20.334,0.0
COL-B2F-10212,column,7.3392,0.0,20.334,0.0
COL-B2F-10213,column,7.3392,0.0,20.334,0.0
COL-B2F-10214,column,3.726,0.0,16.56,0.0
COL-B2F-10215,column,4.554,0.0,19.32,0.0
COL-B2F-10216,column,3.726,0.0,16.56,0.0
COL-B2F-10217,column,2.898,0.0,13.8,0.0
COL-B2F-10218,column,5.175,0.0,17.25,0.0
COL-B2F-10219,column,5.175,0.0,17.25,0.0
COL-B2F-10220,column,5.175,0.0,17.25,0.0
COL-B2F-10221,column,5.175,0.0,17.25,0.0
COL-B2F-10222,column,5.8305,0.0,17.94,0.0
COL-B2F-10223,column,5.8305,0.0,17.94,0.0
COL-B2F-10224,column,3.4155,0.0,13.8,0.0
COL-B2F-10225,column,2.484,0.0,12.42,0.0
COL-B2F-10226,column,1.863,0.0,10.35,0.0
COL-B2F-10227,column,1.863,0.0,10.35,0.0
COL-B2F-10228,column,2.484,0.0,12.42,0.0
COL-B2F-10229,column,2.898,0.0,13.8,0.0
COL-B2F-10230,column,2.07,0.0,11.04,0.0
COL-B2F-10231,column,2.07,0.0,11.04,0.0
COL-B2F-10232,column,2.484,0.0,12.42,0.0
COL-B2F-10233,column,3.3099,0.0,15.173,0.0
COL-B2F-10234,column,2.07,0.0,11.04,0.0
COL-B2F-10235,column,1.2075,0.0,8.28,0.0
COL-B2F-10236,column,1.2075,0.0,8.28,0.0
COL-B2F-10237,column,1.2075,0.0,8.28,0.0
COL-B2F-10238,column,1.2075,0.0,8.28,0.0
COL-B2F-10239,column,1.2075,0.0,8.28,0.0
COL-B2F-10240,column,4.968,0.0,16.56,0.0
COL-B2F-10241,column,2.484,0.0,12.42,0.0
COL-B2F-10242,column,2.07,0.0,11.04,0.0
COL-B2F-10243,column,2.07,0.0,11.04,0.0
COL-B2F-10244,column,6.762,0.0,19.32,0.0
COL-B2F-10245,column,4.968,0.0,16.56,0.0
COL-B2F-10246,column,4.968,0.0,16.56,0.0
COL-B2F-10247,column,4.968,0.0,16.56,0.0
COL-B2F-10248,column,1.104,0.0,8.28,0.0
COL-B2F-10249,column,1.104,0.0,8.28,0.0
COL-B2F-10250,column,1.104,0.0,8.28,0.0
COL-B2F-10251,column,1.2075,0.0,8.28,0.0
COL-B2F-10252,column,1.104,0.0,8.28,0.0
COL-B2F-10253,column,1.104,0.0,8.28,0.0
COL-B2F-10254,column,1.104,0.0,8.28,0.0
COL-B2F-10255,column,1.104,0.0,8.28,0.0
COL-B2F-10256,column,1.104,0.0,8.28,0.0
COL-B2F-10257,column,1.104,0.0,8.28,0.0
COL-B2F-10258,column,4.14,0.0,15.18,0.0
COL-B2F-10259,column,2.07,0.0,11.04,0.0
COL-B2F-10260,column,2.415,0.0,11.73,0.0
COL-B2F-10261,column,2.484,0.0,12.42,0.0
COL-B2F-10262,column,6.7746,0.0,19.361,0.0
COL-B2F-10263,column,3.6225,0.0,15.18,0.0
COL-B2F-10264,column,2.484,0.0,12.42,0.0
COL-B2F-10265,column,3.105,0.0,14.49,0.0
COL-B2F-10266,column,3.105,0.0,14.49,0.0
COL-B2F-10267,column,1.2075,0.0,8.28,0.0
COL-B2F-10268,column,1.2075,0.0,8.28,0.0
COL-B2F-10269,column,4.14,0.0,15.87,0.0
COL-B2F-10270,column,2.484,0.0,12.42,0.0
COL-B2F-10271,column,2.691,0.0,13.11,0.0
COL-B2F-10272,column,10.5993,0.0,24.212,0.0
COL-B2F-10273,column,2.362,0.0,11.447,0.0
COL-B2F-10274,column,3.0998,0.0,14.483,0.0
COL-B2F-10275,column,3.312,0.0,15.18,0.0
COL-B2F-10276,column,3.726,0.0,16.56,0.0
COL-B2F-10277,column,2.484,0.0,12.42,0.0
COL-B2F-10278,column,2.484,0.0,12.42,0.0
COL-B2F-10279,column,5.7471,0.0,17.899,0.0
COL-B2F-10280,column,5.1693,0.0,16.96,0.0
COL-B2F-10281,column,6.7746,0.0,19.361,0.0
COL-B2F-10282,column,6.7746,0.0,19.361,0.0
COL-B2F-10283,column,12.3327,0.0,26.137,0.0
COL-B2F-10284,column,3.105,0.0,14.49,0.0
COL-B2F-10285,column,4.1055,0.0,16.56,0.0
COL-B2F-10286,column,2.484,0.0,12.42,0.0
COL-B2F-10287,column,2.4799,0.0,12.413,0.0
COL-B2F-10288,column,3.105,0.0,14.49,0.0
COL-B2F-10289,column,3.0998,0.0,14.483,0.0
COL-B2F-10290,column,7.9068,0.0,20.99,0.0
COL-B2F-10291,column,7.2135,0.0,20.038,0.0
COL-B2F-10292,column,7.2135,0.0,20.038,0.0
COL-B2F-10293,column,7.2135,0.0,20.038,0.0
COL-B2F-10294,column,7.2135,0.0,20.038,0.0
COL-B2F-10295,column,7.2135,0.0,20.038,0.0
COL-B2F-10296,column,1.2075,0.0,8.28,0.0
COL-B2F-10297,column,1.2075,0.0,8.28,0.0
COL-B2F-10298,column,1.2075,0.0,8.28,0.0
COL-B2F-10299,column,1.2075,0.0,8.28,0.0
COL-B2F-10300,column,2.3708,0.0,11.447,0.0
COL-B2F-10301,column,1.2075,0.0,8.28,0.0
COL-B2F-10302,column,9.7409,0.0,23.232,0.0
COL-B2F-10303,column,9.7409,0.0,23.232,0.0
COL-B2F-10304,column,4.5885,0.0,17.94,0.0
COL-B2F-10305,column,3.105,0.0,14.49,0.0
COL-B2F-10306,column,7.4699,0.0,20.334,0.0
COL-B2F-10307,column,1.2051,0.0,8.273,0.0
COL-B2F-10308,column,1.2075,0.0,8.28,0.0
COL-B2F-10309,column,1.2075,0.0,8.28,0.0
COL-B2F-10310,column,1.2075,0.0,8.28,0.0
COL-B2F-10311,column,1.7499,0.0,10.033,0.0
COL-B2F-10312,column,1.7499,0.0,10.033,0.0
COL-B2F-10313,column,8.8175,0.0,22.094,0.0
COL-B2F-10314,column,9.6001,0.0,23.06,0.0
COL-B2F-10315,column,4.14,0.0,15.87,0.0
COL-B2F-10316,column,4.14,0.0,15.87,0.0
COL-B2F-10317,column,2.4799,0.0,12.413,0.0
COL-B2F-10318,column,2.484,0.0,12.42,0.0
COL-B2F-10319,column,3.6225,0.0,15.18,0.0
COL-B2F-10320,column,3.0998,0.0,14.483,0.0
COL-B2F-10321,column,4.0996,0.0,16.553,0.0
COL-B2F-10322,column,3.105,0.0,14.49,0.0
COL-B2F-10323,column,4.8276,0.0,18.623,0.0
COL-B2F-10324,column,2.6865,0.0,13.103,0.0
COL-B2F-10325,column,2.484,0.0,12.42,0.0
COL-B2F-10326,column,1.104,0.0,8.28,0.0
COL-B2F-10327,column,7.327,0.0,20.169,0.0
COL-B2F-10328,column,0.3105,0.0,5.175,0.0
COL-B2F-10329,column,0.3105,0.0,5.175,0.0
COL-B2F-10330,column,0.3881,0.0,6.21,0.0
COL-B2F-10331,column,0.3881,0.0,6.21,0.0
COL-B2F-10332,column,1.4376,0.0,9.405,0.0
COL-B2F-10333,column,0.3881,0.0,6.21,0.0
COL-B2F-10334,column,0.3881,0.0,6.21,0.0
COL-B2F-10335,column,1.4376,0.0,9.405,0.0
COL-B2F-10336,column,0.3881,0.0,6.21,0.0
COL-B2F-10337,column,0.3881,0.0,6.21,0.0
COL-B2F-10338,column,1.4376,0.0,9.405,0.0
COL-B2F-10339,column,0.3881,0.0,6.21,0.0
COL-B2F-10340,column,0.3881,0.0,6.21,0.0
COL-B2F-10341,column,1.4376,0.0,9.405,0.0
COL-B2F-10342,column,0.3881,0.0,6.21,0.0
COL-B2F-10343,column,0.3881,0.0,6.21,0.0
COL-B2F-10344,column,0.3881,0.0,6.21,0.0
COL-B2F-10345,column,0.3881,0.0,6.21,0.0
COL-B2F-10346,column,0.3881,0.0,6.21,0.0
COL-B2F-10347,column,0.3881,0.0,6.21,0.0
COL-B2F-10348,column,0.3881,0.0,6.21,0.0
COL-B2F-10349,column,0.3881,0.0,6.21,0.0
COL-B2F-10350,column,0.3881,0.0,6.21,0.0
COL-B2F-10351,column,0.3881,0.0,6.21,0.0
COL-B2F-10352,column,1.4376,0.0,9.405,0.0
COL-B2F-10353,column,0.3881,0.0,6.21,0.0
COL-B2F-10354,column,0.3881,0.0,6.21,0.0
COL-B2F-10355,column,1.4376,0.0,9.405,0.0
COL-B2F-10356,column,0.3881,0.0,6.21,0.0
COL-B2F-10357,column,0.3881,0.0,6.21,0.0
COL-B2F-10358,column,1.4376,0.0,9.405,0.0
COL-B2F-10359,column,0.3881,0.0,6.21,0.0
COL-B2F-10360,column,0.3881,0.0,6.21,0.0
COL-B2F-10361,column,1.4376,0.0,9.405,0.0
COL-B2F-10362,column,0.3881,0.0,6.21,0.0
COL-B2F-10363,column,0.3881,0.0,6.21,0.0
COL-B2F-10364,column,1.4376,0.0,9.405,0.0
COL-B2F-10365,column,0.3881,0.0,6.21,0.0
COL-B2F-10366,column,0.3881,0.0,6.21,0.0
COL-B2F-10367,column,1.4376,0.0,9.405,0.0
COL-B2F-10368,column,0.3881,0.0,6.21,0.0
COL-B2F-10369,column,0.3881,0.0,6.21,0.0
COL-B2F-10370,column,0.3881,0.0,6.21,0.0
COL-B2F-10371,column,0.3881,0.0,6.21,0.0
COL-B2F-10372,column,0.3881,0.0,6.21,0.0
COL-B2F-10373,column,0.3881,0.0,6.21,0.0
COL-B2F-10374,column,0.3881,0.0,6.21,0.0
COL-B2F-10375,column,0.3881,0.0,6.21,0.0
COL-B2F-10376,column,0.3881,0.0,6.21,0.0
COL-B2F-10377,column,0.3881,0.0,6.21,0.0
COL-B2F-10378,column,0.3881,0.0,6.21,0.0
COL-B2F-10379,column,0.3881,0.0,6.21,0.0
COL-B2F-10380,column,0.3881,0.0,6.21,0.0
COL-B2F-10381,column,0.3881,0.0,6.21,0.0
COL-B2F-10382,column,0.3881,0.0,6.21,0.0
COL-B2F-10383,column,0.3881,0.0,6.21,0.0
COL-B2F-10384,column,0.3881,0.0,6.21,0.0
COL-B2F-10385,column,0.3881,0.0,6.21,0.0
COL-B2F-10386,column,0.3881,0.0,6.21,0.0
COL-B2F-10387,column,0.3881,0.0,6.21,0.0
COL-B2F-10388,column,0.3881,0.0,6.21,0.0
COL-B2F-10389,column,0.3881,0.0,6.21,0.0
COL-B2F-10390,column,0.3881,0.0,6.21,0.0
COL-B2F-10391,column,0.3881,0.0,6.21,0.0
COL-B2F-10392,column,0.3881,0.0,6.21,0.0
COL-B2F-10393,column,0.3881,0.0,6.21,0.0
COL-B2F-10394,column,0.3881,0.0,6.21,0.0
COL-B2F-10395,column,0.3881,0.0,6.21,0.0
COL-B2F-10396,column,0.3881,0.0,6.21,0.0
COL-B2F-10397,column,0.3881,0.0,6.21,0.0
COL-B2F-10398,column,0.3881,0.0,6.21,0.0
COL-B2F-10399,column,0.3881,0.0,6.21,0.0
COL-B2F-10400,column,0.3881,0.0,6.21,0.0
COL-B2F-10401,column,0.3881,0.0,6.21,0.0
COL-B2F-10402,column,0.3881,0.0,6.21,0.0
COL-B2F-10403,column,0.3881,0.0,6.21,0.0
COL-B2F-10404,column,0.3881,0.0,6.21,0.0
COL-B2F-10405,column,0.3881,0.0,6.21,0.0
COL-B2F-10406,column,0.3881,0.0,6.21,0.0
COL-B2F-10407,column,0.3881,0.0,6.21,0.0
COL-B2F-10408,column,0.3881,0.0,6.21,0.0
COL-B2F-10409,column,0.3881,0.0,6.21,0.0
COL-B2F-10410,column,0.3881,0.0,6.21,0.0
COL-B2F-10411,column,0.3881,0.0,6.21,0.0
COL-B2F-10412,column,0.3881,0.0,6.21,0.0
COL-B2F-10413,column,0.3881,0.0,6.21,0.0
COL-B2F-10414,column,0.3881,0.0,6.21,0.0
COL-B2F-10415,column,0.3881,0.0,6.21,0.0
COL-B2F-10416,column,0.3881,0.0,6.21,0.0
COL-B2F-10417,column,0.3881,0.0,6.21,0.0
COL-B2F-10418,column,0.3881,0.0,6.21,0.0
COL-B2F-10419,column,0.3881,0.0,6.21,0.0
COL-B2F-10420,column,0.3881,0.0,6.21,0.0
COL-B2F-10421,column,0.3881,0.0,6.21,0.0
COL-B2F-10422,column,0.3881,0.0,6.21,0.0
COL-B2F-10423,column,0.3881,0.0,6.21,0.0
COL-B2F-10424,column,0.3881,0.0,6.21,0.0
COL-B2F-10425,column,0.3881,0.0,6.21,0.0
COL-B2F-10426,column,0.3881,0.0,6.21,0.0
COL-B2F-10427,column,0.3881,0.0,6.21,0.0
COL-B2F-10428,column,0.3881,0.0,6.21,0.0
COL-B2F-10429,column,0.3881,0.0,6.21,0.0
COL-B2F-10430,column,0.3881,0.0,6.21,0.0
COL-B2F-10431,column,0.3881,0.0,6.21,0.0
COL-B2F-10432,column,0.3881,0.0,6.21,0.0
COL-B2F-10433,column,0.3881,0.0,6.21,0.0
COL-B2F-10434,column,0.3881,0.0,6.21,0.0
COL-B2F-10435,column,0.3881,0.0,6.21,0.0
COL-B2F-10436,column,0.3881,0.0,6.21,0.0
COL-B2F-10437,column,0.3881,0.0,6.21,0.0
COL-B2F-10438,column,0.3881,0.0,6.21,0.0
COL-B2F-10439,column,0.3881,0.0,6.21,0.0
COL-B2F-10440,column,0.3881,0.0,6.21,0.0
COL-B2F-10441,column,0.3881,0.0,6.21,0.0
COL-B2F-10442,column,0.3881,0.0,6.21,0.0
COL-B2F-10443,column,0.3881,0.0,6.21,0.0
COL-B2F-10444,column,0.3881,0.0,6.21,0.0
COL-B2F-10445,column,0.3881,0.0,6.21,0.0
COL-B2F-10446,column,0.3881,0.0,6.21,0.0
COL-B2F-10447,column,0.3881,0.0,6.21,0.0
COL-B2F-10448,column,0.3881,0.0,6.21,0.0
COL-B2F-10449,column,0.3881,0.0,6.21,0.0
COL-B2F-10450,column,0.3881,0.0,6.21,0.0
COL-B2F-10451,column,0.3881,0.0,6.21,0.0
COL-B2F-10452,column,1.4376,0.0,9.405,0.0
COL-B2F-10453,column,0.3881,0.0,6.21,0.0
COL-B2F-10454,column,0.3881,0.0,6.21,0.0
COL-B2F-10455,column,1.4376,0.0,9.405,0.0
COL-B2F-10456,column,0.3881,0.0,6.21,0.0
COL-B2F-10457,column,0.3881,0.0,6.21,0.0
COL-B2F-10458,column,1.4376,0.0,9.405,0.0
COL-B2F-10459,column,0.3881,0.0,6.21,0.0
COL-B2F-10460,column,0.3881,0.0,6.21,0.0
COL-B2F-10461,column,1.4376,0.0,9.405,0.0
COL-B2F-10462,column,0.3881,0.0,6.21,0.0
COL-B2F-10463,column,0.3881,0.0,6.21,0.0
COL-B2F-10464,column,1.4376,0.0,9.405,0.0
COL-B2F-10465,column,0.3881,0.0,6.21,0.0
COL-B2F-10466,column,0.3881,0.0,6.21,0.0
COL-B2F-10467,column,0.3881,0.0,6.21,0.0
COL-B2F-10468,column,0.3881,0.0,6.21,0.0
COL-B2F-10469,column,0.3881,0.0,6.21,0.0
COL-B2F-10470,column,0.3881,0.0,6.21,0.0
COL-B2F-10471,column,1.4376,0.0,9.405,0.0
COL-B2F-10472,column,0.3881,0.0,6.21,0.0
COL-B2F-10473,column,0.3881,0.0,6.21,0.0
COL-B2F-10474,column,0.3881,0.0,6.21,0.0
COL-B2F-10475,column,0.3881,0.0,6.21,0.0
COL-B2F-10476,column,0.3881,0.0,6.21,0.0
COL-B2F-10477,column,0.3881,0.0,6.21,0.0
COL-B2F-10478,column,0.3881,0.0,6.21,0.0
COL-B2F-10479,column,0.3881,0.0,6.21,0.0
COL-B2F-10480,column,0.3881,0.0,6.21,0.0
COL-B2F-10481,column,0.3881,0.0,6.21,0.0
COL-B2F-10482,column,1.4376,0.0,9.405,0.0
COL-B2F-10483,column,0.3881,0.0,6.21,0.0
COL-B2F-10484,column,0.3881,0.0,6.21,0.0
COL-B2F-10485,column,0.3881,0.0,6.21,0.0
COL-B2F-10486,column,0.3881,0.0,6.21,0.0
COL-B2F-10487,column,0.3881,0.0,6.21,0.0
COL-B2F-10488,column,0.3881,0.0,6.21,0.0
COL-B2F-10489,column,1.4376,0.0,9.405,0.0
COL-B2F-10490,column,0.3881,0.0,6.21,0.0
COL-B2F-10491,column,0.3881,0.0,6.21,0.0
COL-B2F-10492,column,1.4376,0.0,9.405,0.0
COL-B2F-10493,column,0.3881,0.0,6.21,0.0
COL-B2F-10494,column,0.3881,0.0,6.21,0.0
COL-B2F-10495,column,0.3881,0.0,6.21,0.0
COL-B2F-10496,column,0.3881,0.0,6.21,0.0
COL-B2F-10497,column,1.4376,0.0,9.405,0.0
COL-B2F-10498,column,0.3881,0.0,6.21,0.0
COL-B2F-10499,column,0.3881,0.0,6.21,0.0
COL-B2F-10500,column,0.3881,0.0,6.21,0.0
COL-B2F-10501,column,0.3881,0.0,6.21,0.0
COL-B2F-10502,column,0.3881,0.0,6.21,0.0
COL-B2F-10503,column,0.3881,0.0,6.21,0.0
COL-B2F-10504,column,1.4376,0.0,9.405,0.0
COL-B2F-10505,column,0.3881,0.0,6.21,0.0
COL-B2F-10506,column,0.3881,0.0,6.21,0.0
COL-B2F-10507,column,1.4376,0.0,9.405,0.0
COL-B2F-10508,column,0.3881,0.0,6.21,0.0
COL-B2F-10509,column,0.3881,0.0,6.21,0.0
COL-B2F-10510,column,1.4376,0.0,9.405,0.0
COL-B2F-10511,column,0.3881,0.0,6.21,0.0
COL-B2F-10512,column,0.3881,0.0,6.21,0.0
COL-B2F-10513,column,0.3881,0.0,6.21,0.0
COL-B2F-10514,column,0.3881,0.0,6.21,0.0
COL-B2F-10515,column,0.3881,0.0,6.21,0.0
COL-B2F-10516,column,0.3881,0.0,6.21,0.0
COL-B2F-10517,column,1.4376,0.0,9.405,0.0
COL-B2F-10518,column,0.3881,0.0,6.21,0.0
COL-B2F-10519,column,0.3881,0.0,6.21,0.0
COL-B2F-10520,column,0.3881,0.0,6.21,0.0
COL-B2F-10521,column,0.3881,0.0,6.21,0.0
COL-B2F-10522,column,0.3881,0.0,6.21,0.0
COL-B2F-10523,column,0.3881,0.0,6.21,0.0
COL-B2F-10524,column,1.4376,0.0,9.405,0.0
COL-B2F-10525,column,0.3881,0.0,6.21,0.0
COL-B2F-10526,column,0.3881,0.0,6.21,0.0
COL-B2F-10527,column,0.3881,0.0,6.21,0.0
COL-B2F-10528,column,0.3881,0.0,6.21,0.0
COL-B2F-10529,column,0.3881,0.0,6.21,0.0
COL-B2F-10530,column,0.3881,0.0,6.21,0.0
COL-B2F-10531,column,1.4376,0.0,9.405,0.0
COL-B2F-10532,column,0.3881,0.0,6.21,0.0
COL-B2F-10533,column,0.3881,0.0,6.21,0.0
COL-B2F-10534,column,0.3881,0.0,6.21,0.0
COL-B2F-10535,column,0.3881,0.0,6.21,0.0
COL-B2F-10536,column,0.3881,0.0,6.21,0.0
COL-B2F-10537,column,0.3881,0.0,6.21,0.0
COL-B2F-10538,column,1.4376,0.0,9.405,0.0
COL-B2F-10539,column,0.3881,0.0,6.21,0.0
COL-B2F-10540,column,0.3881,0.0,6.21,0.0
COL-B2F-10541,column,0.3881,0.0,6.21,0.0
COL-B2F-10542,column,0.3881,0.0,6.21,0.0
COL-B2F-10543,column,0.3881,0.0,6.21,0.0
COL-B2F-10544,column,0.3881,0.0,6.21,0.0
COL-B2F-10545,column,1.4376,0.0,9.405,0.0
COL-B2F-10546,column,0.3881,0.0,6.21,0.0
COL-B2F-10547,column,0.3881,0.0,6.21,0.0
COL-B2F-10548,column,0.3881,0.0,6.21,0.0
COL-B2F-10549,column,0.3881,0.0,6.21,0.0
COL-B2F-10550,column,0.3881,0.0,6.21,0.0
COL-B2F-10551,column,0.3881,0.0,6.21,0.0
COL-B2F-10552,column,1.4376,0.0,9.405,0.0
COL-B2F-10553,column,0.3881,0.0,6.21,0.0
COL-B2F-10554,column,0.3881,0.0,6.21,0.0
COL-B2F-10555,column,0.3881,0.0,6.21,0.0
COL-B2F-10556,column,0.3881,0.0,6.21,0.0
COL-B2F-10557,column,0.3881,0.0,6.21,0.0
COL-B2F-10558,column,0.3881,0.0,6.21,0.0
COL-B2F-10559,column,1.4376,0.0,9.405,0.0
COL-B2F-10560,column,0.3881,0.0,6.21,0.0
COL-B2F-10561,column,0.3881,0.0,6.21,0.0
COL-B2F-10562,column,0.3881,0.0,6.21,0.0
COL-B2F-10563,column,0.3881,0.0,6.21,0.0
COL-B2F-10564,column,0.3881,0.0,6.21,0.0
COL-B2F-10565,column,0.3881,0.0,6.21,0.0
COL-B2F-10566,column,1.4376,0.0,9.405,0.0
COL-B2F-10567,column,0.3881,0.0,6.21,0.0
COL-B2F-10568,column,0.3881,0.0,6.21,0.0
COL-B2F-10569,column,0.3881,0.0,6.21,0.0
COL-B2F-10570,column,0.3881,0.0,6.21,0.0
COL-B2F-10571,column,0.3881,0.0,6.21,0.0
COL-B2F-10572,column,0.3881,0.0,6.21,0.0
COL-B2F-10573,column,1.4376,0.0,9.405,0.0
COL-B2F-10574,column,0.3881,0.0,6.21,0.0
COL-B2F-10575,column,0.3881,0.0,6.21,0.0
COL-B2F-10576,column,0.3881,0.0,6.21,0.0
COL-B2F-10577,column,0.3881,0.0,6.21,0.0
COL-B2F-10578,column,0.3881,0.0,6.21,0.0
COL-B2F-10579,column,0.3881,0.0,6.21,0.0
COL-B2F-10580,column,1.4376,0.0,9.405,0.0
COL-B2F-10581,column,0.3881,0.0,6.21,0.0
COL-B2F-10582,column,0.3881,0.0,6.21,0.0
COL-B2F-10583,column,0.3881,0.0,6.21,0.0
COL-B2F-10584,column,0.3881,0.0,6.21,0.0
COL-B2F-10585,column,0.3881,0.0,6.21,0.0
COL-B2F-10586,column,0.3881,0.0,6.21,0.0
COL-B2F-10587,column,1.4376,0.0,9.405,0.0
COL-B2F-10588,column,0.3881,0.0,6.21,0.0
COL-B2F-10589,column,0.3881,0.0,6.21,0.0
COL-B2F-10590,column,0.3881,0.0,6.21,0.0
COL-B2F-10591,column,0.3881,0.0,6.21,0.0
COL-B2F-10592,column,0.3881,0.0,6.21,0.0
COL-B2F-10593,column,0.3881,0.0,6.21,0.0
COL-B2F-10594,column,1.4376,0.0,9.405,0.0
COL-B2F-10595,column,0.3881,0.0,6.21,0.0
COL-B2F-10596,column,0.3881,0.0,6.21,0.0
COL-B2F-10597,column,0.3881,0.0,6.21,0.0
COL-B2F-10598,column,0.3881,0.0,6.21,0.0
COL-B2F-10599,column,0.3881,0.0,6.21,0.0
COL-B2F-10600,column,0.3881,0.0,6.21,0.0
COL-B2F-10601,column,1.4376,0.0,9.405,0.0
COL-B2F-10602,column,0.3881,0.0,6.21,0.0
COL-B2F-10603,column,0.3881,0.0,6.21,0.0
COL-B2F-10604,column,0.3881,0.0,6.21,0.0
COL-B2F-10605,column,0.3881,0.0,6.21,0.0
COL-B2F-10606,column,0.3881,0.0,6.21,0.0
COL-B2F-10607,column,0.3881,0.0,6.21,0.0
COL-B2F-10608,column,1.4376,0.0,9.405,0.0
COL-B2F-10609,column,0.3881,0.0,6.21,0.0
COL-B2F-10610,column,0.3881,0.0,6.21,0.0
COL-B2F-10611,column,0.3881,0.0,6.21,0.0
COL-B2F-10612,column,0.3881,0.0,6.21,0.0
COL-B2F-10613,column,0.3881,0.0,6.21,0.0
COL-B2F-10614,column,0.3881,0.0,6.21,0.0
COL-B2F-10615,column,1.4376,0.0,9.405,0.0
COL-B2F-10616,column,0.3881,0.0,6.21,0.0
COL-B2F-10617,column,0.3881,0.0,6.21,0.0
COL-B2F-10618,column,0.3881,0.0,6.21,0.0
COL-B2F-10619,column,0.3881,0.0,6.21,0.0
COL-B2F-10620,column,0.3881,0.0,6.21,0.0
COL-B2F-10621,column,0.3881,0.0,6.21,0.0
COL-B2F-10622,column,0.3881,0.0,6.21,0.0
COL-B2F-10623,column,0.3881,0.0,6.21,0.0
COL-B2F-10624,column,1.4376,0.0,9.405,0.0
COL-B2F-10625,column,0.3881,0.0,6.21,0.0
COL-B2F-10626,column,0.3881,0.0,6.21,0.0
COL-B2F-10627,column,0.3881,0.0,6.21,0.0
COL-B2F-10628,column,0.3881,0.0,6.21,0.0
COL-B2F-10629,column,0.3881,0.0,6.21,0.0
COL-B2F-10630,column,0.3881,0.0,6.21,0.0
COL-B2F-10631,column,1.4376,0.0,9.405,0.0
COL-B2F-10632,column,0.3881,0.0,6.21,0.0
COL-B2F-10633,column,0.3881,0.0,6.21,0.0
COL-B2F-10634,column,0.3881,0.0,6.21,0.0
COL-B2F-10635,column,0.3881,0.0,6.21,0.0
COL-B2F-10636,column,0.3881,0.0,6.21,0.0
COL-B2F-10637,column,0.3881,0.0,6.21,0.0
COL-B2F-10638,column,1.4376,0.0,9.405,0.0
COL-B2F-10639,column,0.3881,0.0,6.21,0.0
COL-B2F-10640,column,0.3881,0.0,6.21,0.0
COL-B2F-10641,column,1.4376,0.0,9.405,0.0
COL-B2F-10642,column,0.3881,0.0,6.21,0.0
COL-B2F-10643,column,0.3881,0.0,6.21,0.0
COL-B2F-10644,column,1.4376,0.0,9.405,0.0
COL-B2F-10645,column,0.3881,0.0,6.21,0.0
COL-B2F-10646,column,0.3881,0.0,6.21,0.0
COL-B2F-10647,column,1.4376,0.0,9.405,0.0
COL-B2F-10648,column,0.3881,0.0,6.21,0.0
COL-B2F-10649,column,0.3881,0.0,6.21,0.0
COL-B2F-10650,column,0.3881,0.0,6.21,0.0
COL-B2F-10651,column,0.3881,0.0,6.21,0.0
COL-B2F-10652,column,0.3881,0.0,6.21,0.0
COL-B2F-10653,column,0.3881,0.0,6.21,0.0
COL-B2F-10654,column,0.3881,0.0,6.21,0.0
COL-B2F-10655,column,0.3881,0.0,6.21,0.0
COL-B2F-10656,column,0.3105,0.0,5.175,0.0
COL-B2F-10657,column,0.3105,0.0,5.175,0.0
COL-B2F-10658,column,0.3881,0.0,6.21,0.0
COL-B2F-10659,column,0.3881,0.0,6.21,0.0
COL-B2F-10660,column,1.4376,0.0,9.405,0.0
COL-B2F-10661,column,0.3881,0.0,6.21,0.0
COL-B2F-10662,column,0.3881,0.0,6.21,0.0
COL-B2F-10663,column,1.4376,0.0,9.405,0.0
COL-B2F-10664,column,0.3881,0.0,6.21,0.0
COL-B2F-10665,column,0.3881,0.0,6.21,0.0
COL-B2F-10666,column,0.3881,0.0,6.21,0.0
COL-B2F-10667,column,0.3881,0.0,6.21,0.0
COL-B2F-10668,column,0.3881,0.0,6.21,0.0
COL-B2F-10669,column,0.3881,0.0,6.21,0.0
COL-B2F-10670,column,0.3881,0.0,6.21,0.0
COL-B2F-10671,column,0.3881,0.0,6.21,0.0
COL-B2F-10672,column,0.3881,0.0,6.21,0.0
COL-B2F-10673,column,0.3881,0.0,6.21,0.0
COL-B2F-10674,column,0.3881,0.0,6.21,0.0
COL-B2F-10675,column,0.3881,0.0,6.21,0.0
COL-B2F-10676,column,1.4376,0.0,9.405,0.0
COL-B2F-10677,column,0.3881,0.0,6.21,0.0
COL-B2F-10678,column,0.3881,0.0,6.21,0.0
COL-B2F-10679,column,0.3881,0.0,6.21,0.0
COL-B2F-10680,column,0.3881,0.0,6.21,0.0
COL-B2F-10681,column,0.3881,0.0,6.21,0.0
COL-B2F-10682,column,0.3881,0.0,6.21,0.0
COL-B2F-10683,column,1.4376,0.0,9.405,0.0
COL-B2F-10684,column,0.3881,0.0,6.21,0.0
COL-B2F-10685,column,0.3881,0.0,6.21,0.0
COL-B2F-10686,column,0.3881,0.0,6.21,0.0
COL-B2F-10687,column,0.3881,0.0,6.21,0.0
COL-B2F-10688,column,0.3881,0.0,6.21,0.0
COL-B2F-10689,column,0.3881,0.0,6.21,0.0
COL-B2F-10690,column,1.4376,0.0,9.405,0.0
COL-B2F-10691,column,0.3881,0.0,6.21,0.0
COL-B2F-10692,column,0.3881,0.0,6.21,0.0
COL-B2F-10693,column,0.3881,0.0,6.21,0.0
COL-B2F-10694,column,0.3881,0.0,6.21,0.0
COL-B2F-10695,column,1.4376,0.0,9.405,0.0
COL-B2F-10696,column,0.3881,0.0,6.21,0.0
COL-B2F-10697,column,0.3881,0.0,6.21,0.0
COL-B2F-10698,column,1.4376,0.0,9.405,0.0
COL-B2F-10699,column,0.3881,0.0,6.21,0.0
COL-B2F-10700,column,0.3881,0.0,6.21,0.0
COL-B2F-10701,column,1.4376,0.0,9.405,0.0
COL-B2F-10702,column,0.3105,0.0,5.175,0.0
COL-B2F-10703,column,0.3105,0.0,5.175,0.0
COL-B2F-10704,column,0.3105,0.0,5.175,0.0
COL-B2F-10705,column,0.3105,0.0,5.175,0.0
COL-B2F-10706,column,0.3881,0.0,6.21,0.0
COL-B2F-10707,column,0.3881,0.0,6.21,0.0
COL-B2F-10708,column,0.3881,0.0,6.21,0.0
COL-B2F-10709,column,0.3881,0.0,6.21,0.0
COL-B2F-10710,column,0.3881,0.0,6.21,0.0
COL-B2F-10711,column,0.3881,0.0,6.21,0.0
COL-B2F-10712,column,0.3881,0.0,6.21,0.0
COL-B2F-10713,column,0.3881,0.0,6.21,0.0
COL-B2F-10714,column,0.3881,0.0,6.21,0.0
COL-B2F-10715,column,0.3881,0.0,6.21,0.0
COL-B2F-10716,column,0.3881,0.0,6.21,0.0
COL-B2F-10717,column,0.3881,0.0,6.21,0.0
COL-B2F-10718,column,0.3881,0.0,6.21,0.0
COL-B2F-10719,column,0.3881,0.0,6.21,0.0
COL-B2F-10720,column,0.3881,0.0,6.21,0.0
COL-B2F-10721,column,0.3881,0.0,6.21,0.0
COL-B2F-10722,column,0.3881,0.0,6.21,0.0
COL-B2F-10723,column,0.3881,0.0,6.21,0.0
COL-B2F-10724,column,0.3881,0.0,6.21,0.0
COL-B2F-10725,column,0.3881,0.0,6.21,0.0
COL-B2F-10726,column,0.3881,0.0,6.21,0.0
COL-B2F-10727,column,0.3881,0.0,6.21,0.0
COL-B2F-10728,column,0.3881,0.0,6.21,0.0
COL-B2F-10729,column,0.3881,0.0,6.21,0.0
COL-B2F-10730,column,0.3881,0.0,6.21,0.0
COL-B2F-10731,column,0.3881,0.0,6.21,0.0
COL-B2F-10732,column,1.4376,0.0,9.405,0.0
COL-B2F-10733,column,0.3881,0.0,6.21,0.0
COL-B2F-10734,column,0.3881,0.0,6.21,0.0
COL-B2F-10735,column,0.3881,0.0,6.21,0.0
COL-B2F-10736,column,0.3881,0.0,6.21,0.0
COL-B2F-10737,column,1.4376,0.0,9.405,0.0
COL-B2F-10738,column,0.3881,0.0,6.21,0.0
COL-B2F-10739,column,0.3881,0.0,6.21,0.0
COL-B2F-10740,column,0.3881,0.0,6.21,0.0
COL-B2F-10741,column,0.3881,0.0,6.21,0.0
COL-B2F-10742,column,1.4376,0.0,9.405,0.0
COL-B2F-10743,column,0.3881,0.0,6.21,0.0
COL-B2F-10744,column,0.3881,0.0,6.21,0.0
COL-B2F-10745,column,0.3881,0.0,6.21,0.0
COL-B2F-10746,column,0.3881,0.0,6.21,0.0
COL-B2F-10747,column,0.3881,0.0,6.21,0.0
COL-B2F-10748,column,0.3881,0.0,6.21,0.0
COL-B2F-10749,column,1.4376,0.0,9.405,0.0
COL-B2F-10750,column,0.3881,0.0,6.21,0.0
COL-B2F-10751,column,0.3881,0.0,6.21,0.0
COL-B2F-10752,column,0.3881,0.0,6.21,0.0
COL-B2F-10753,column,0.3881,0.0,6.21,0.0
COL-B2F-10754,column,1.4376,0.0,9.405,0.0
COL-B2F-10755,column,0.3881,0.0,6.21,0.0
COL-B2F-10756,column,0.3881,0.0,6.21,0.0
COL-B2F-10757,column,1.4376,0.0,9.405,0.0
COL-B2F-10758,column,0.3881,0.0,6.21,0.0
COL-B2F-10759,column,0.3881,0.0,6.21,0.0
COL-B2F-10760,column,0.3881,0.0,6.21,0.0
COL-B2F-10761,column,0.3881,0.0,6.21,0.0
COL-B2F-10762,column,1.4376,0.0,9.405,0.0
COL-B2F-10763,column,0.3881,0.0,6.21,0.0
COL-B2F-10764,column,0.3881,0.0,6.21,0.0
COL-B2F-10765,column,0.3881,0.0,6.21,0.0
COL-B2F-10766,column,0.3881,0.0,6.21,0.0
COL-B2F-10767,column,1.4376,0.0,9.405,0.0
COL-B2F-10768,column,0.3881,0.0,6.21,0.0
COL-B2F-10769,column,0.3881,0.0,6.21,0.0
COL-B2F-10770,column,1.4376,0.0,9.405,0.0
COL-B2F-10771,column,0.3881,0.0,6.21,0.0
COL-B2F-10772,column,0.3881,0.0,6.21,0.0
COL-B2F-10773,column,1.4376,0.0,9.405,0.0
COL-B2F-10774,column,0.3881,0.0,6.21,0.0
COL-B2F-10775,column,0.3881,0.0,6.21,0.0
COL-B2F-10776,column,1.4376,0.0,9.405,0.0
COL-B2F-10777,column,0.3881,0.0,6.21,0.0
COL-B2F-10778,column,0.3881,0.0,6.21,0.0
COL-B2F-10779,column,0.3881,0.0,6.21,0.0
COL-B2F-10780,column,0.3881,0.0,6.21,0.0
COL-B2F-10781,column,0.3881,0.0,6.21,0.0
COL-B2F-10782,column,0.3881,0.0,6.21,0.0
COL-B2F-10783,column,1.4376,0.0,9.405,0.0
COL-B2F-10784,column,0.3881,0.0,6.21,0.0
COL-B2F-10785,column,0.3881,0.0,6.21,0.0
COL-B2F-10786,column,1.4376,0.0,9.405,0.0
COL-B2F-10787,column,0.3881,0.0,6.21,0.0
COL-B2F-10788,column,0.3881,0.0,6.21,0.0
COL-B2F-10789,column,0.3881,0.0,6.21,0.0
COL-B2F-10790,column,0.3881,0.0,6.21,0.0
COL-B2F-10791,column,0.3881,0.0,6.21,0.0
COL-B2F-10792,column,0.3881,0.0,6.21,0.0
COL-B2F-10793,column,0.3881,0.0,6.21,0.0
COL-B2F-10794,column,0.3881,0.0,6.21,0.0
COL-B2F-10795,column,0.3881,0.0,6.21,0.0
COL-B2F-10796,column,0.3881,0.0,6.21,0.0
COL-B2F-10797,column,0.3881,0.0,6.21,0.0
COL-B2F-10798,column,0.3881,0.0,6.21,0.0
COL-B2F-10799,column,0.3881,0.0,6.21,0.0
COL-B2F-10800,column,0.3881,0.0,6.21,0.0
COL-B2F-10801,column,1.4376,0.0,9.405,0.0
COL-B2F-10802,column,0.3105,0.0,5.175,0.0
COL-B2F-10803,column,0.3105,0.0,5.175,0.0
COL-B2F-10804,column,0.3881,0.0,6.21,0.0
COL-B2F-10805,column,0.3881,0.0,6.21,0.0
COL-B2F-10806,column,1.4376,0.0,9.405,0.0
COL-B2F-10807,column,0.3881,0.0,6.21,0.0
COL-B2F-10808,column,0.3881,0.0,6.21,0.0
COL-B2F-10809,column,0.3881,0.0,6.21,0.0
COL-B2F-10810,column,0.3881,0.0,6.21,0.0
COL-B2F-10811,column,0.3881,0.0,6.21,0.0
COL-B2F-10812,column,0.3881,0.0,6.21,0.0
COL-B2F-10813,column,0.3881,0.0,6.21,0.0
COL-B2F-10814,column,0.3881,0.0,6.21,0.0
COL-B2F-10815,column,0.3881,0.0,6.21,0.0
COL-B2F-10816,column,0.3881,0.0,6.21,0.0
COL-B2F-10817,column,0.3881,0.0,6.21,0.0
COL-B2F-10818,column,0.3881,0.0,6.21,0.0
COL-B2F-10819,column,0.3881,0.0,6.21,0.0
COL-B2F-10820,column,0.3881,0.0,6.21,0.0
COL-B2F-10821,column,0.3881,0.0,6.21,0.0
COL-B2F-10822,column,0.3881,0.0,6.21,0.0
COL-B2F-10823,column,0.3881,0.0,6.21,0.0
COL-B2F-10824,column,0.3881,0.0,6.21,0.0
COL-B2F-10825,column,0.3881,0.0,6.21,0.0
COL-B2F-10826,column,0.3881,0.0,6.21,0.0
COL-B2F-10827,column,0.3881,0.0,6.21,0.0
COL-B2F-10828,column,0.3881,0.0,6.21,0.0
COL-B2F-10829,column,0.3881,0.0,6.21,0.0
COL-B2F-10830,column,0.3881,0.0,6.21,0.0
COL-B2F-10831,column,0.3881,0.0,6.21,0.0
COL-B2F-10832,column,0.3881,0.0,6.21,0.0
COL-B2F-10833,column,0.3881,0.0,6.21,0.0
COL-B2F-10834,column,0.3881,0.0,6.21,0.0
COL-B2F-10835,column,0.3881,0.0,6.21,0.0
COL-B2F-10836,column,0.3881,0.0,6.21,0.0
COL-B2F-10837,column,0.3881,0.0,6.21,0.0
COL-B2F-10838,column,0.3881,0.0,6.21,0.0
COL-B2F-10839,column,0.3881,0.0,6.21,0.0
COL-B2F-10840,column,0.3881,0.0,6.21,0.0
COL-B2F-10841,column,0.3881,0.0,6.21,0.0
COL-B2F-10842,column,0.3881,0.0,6.21,0.0
COL-B2F-10843,column,0.3881,0.0,6.21,0.0
COL-B2F-10844,column,0.3881,0.0,6.21,0.0
COL-B2F-10845,column,0.3881,0.0,6.21,0.0
COL-B2F-10846,column,0.3881,0.0,6.21,0.0
COL-B2F-10847,column,0.3881,0.0,6.21,0.0
COL-B2F-10848,column,0.3881,0.0,6.21,0.0
COL-B2F-10849,column,0.3881,0.0,6.21,0.0
COL-B2F-10850,column,0.3881,0.0,6.21,0.0
COL-B2F-10851,column,0.3881,0.0,6.21,0.0
COL-B2F-10852,column,0.3881,0.0,6.21,0.0
COL-B2F-10853,column,0.3881,0.0,6.21,0.0
COL-B2F-10854,column,0.3881,0.0,6.21,0.0
COL-B2F-10855,column,0.3881,0.0,6.21,0.0
COL-B2F-10856,column,0.3881,0.0,6.21,0.0
COL-B2F-10857,column,0.3881,0.0,6.21,0.0
COL-B2F-10858,column,0.3881,0.0,6.21,0.0
COL-B2F-10859,column,0.3881,0.0,6.21,0.0
COL-B2F-10860,column,0.3881,0.0,6.21,0.0
COL-B2F-10861,column,0.3881,0.0,6.21,0.0
COL-B2F-10862,column,0.3881,0.0,6.21,0.0
COL-B2F-10863,column,0.3881,0.0,6.21,0.0
COL-B2F-10864,column,0.3881,0.0,6.21,0.0
COL-B2F-10865,column,0.3881,0.0,6.21,0.0
COL-B2F-10866,column,0.3881,0.0,6.21,0.0
COL-B2F-10867,column,0.3881,0.0,6.21,0.0
COL-B2F-10868,column,0.3881,0.0,6.21,0.0
COL-B2F-10869,column,0.3881,0.0,6.21,0.0
COL-B2F-10870,column,0.3881,0.0,6.21,0.0
COL-B2F-10871,column,0.3881,0.0,6.21,0.0
COL-B2F-10872,column,0.3881,0.0,6.21,0.0
COL-B2F-10873,column,0.3881,0.0,6.21,0.0
COL-B2F-10874,column,0.3881,0.0,6.21,0.0
COL-B2F-10875,column,1.4376,0.0,9.405,0.0
COL-B2F-10876,column,0.3881,0.0,6.21,0.0
COL-B2F-10877,column,0.3881,0.0,6.21,0.0
COL-B2F-10878,column,1.4376,0.0,9.405,0.0
COL-B2F-10879,column,0.3881,0.0,6.21,0.0
COL-B2F-10880,column,0.3881,0.0,6.21,0.0
COL-B2F-10881,column,1.4376,0.0,9.405,0.0
COL-B2F-10882,column,0.3881,0.0,6.21,0.0
COL-B2F-10883,column,0.3881,0.0,6.21,0.0
COL-B2F-10884,column,1.4376,0.0,9.405,0.0
COL-B2F-10885,column,0.3881,0.0,6.21,0.0
COL-B2F-10886,column,0.3881,0.0,6.21,0.0
COL-B2F-10887,column,1.4376,0.0,9.405,0.0
COL-B2F-10888,column,0.3105,0.0,5.175,0.0
COL-B2F-10889,column,0.3105,0.0,5.175,0.0
COL-B2F-10890,column,0.3105,0.0,5.175,0.0
COL-B2F-10891,column,0.3105,0.0,5.175,0.0
COL-B2F-10892,column,0.3881,0.0,6.21,0.0
COL-B2F-10893,column,0.3881,0.0,6.21,0.0
COL-B2F-10894,column,1.4376,0.0,9.405,0.0
COL-B2F-10895,column,0.3881,0.0,6.21,0.0
COL-B2F-10896,column,0.3881,0.0,6.21,0.0
COL-B2F-10897,column,0.3881,0.0,6.21,0.0
COL-B2F-10898,column,0.3881,0.0,6.21,0.0
COL-B2F-10899,column,1.4376,0.0,9.405,0.0
COL-B2F-10900,column,0.3105,0.0,5.175,0.0
COL-B2F-10901,column,0.3105,0.0,5.175,0.0
COL-B2F-10902,column,0.3881,0.0,6.21,0.0
COL-B2F-10903,column,0.3881,0.0,6.21,0.0
COL-B2F-10904,column,1.4376,0.0,9.405,0.0
COL-B2F-10905,column,0.3105,0.0,5.175,0.0
COL-B2F-10906,column,0.3105,0.0,5.175,0.0
COL-B2F-10907,column,0.3105,0.0,5.175,0.0
COL-B2F-10908,column,0.3105,0.0,5.175,0.0
COL-B2F-10909,column,0.3881,0.0,6.21,0.0
COL-B2F-10910,column,0.3881,0.0,6.21,0.0
COL-B2F-10911,column,1.4376,0.0,9.405,0.0
COL-B2F-10912,column,0.3881,0.0,6.21,0.0
COL-B2F-10913,column,0.3881,0.0,6.21,0.0
COL-B2F-10914,column,1.4376,0.0,9.405,0.0
COL-B2F-10915,column,0.3881,0.0,6.21,0.0
COL-B2F-10916,column,0.3881,0.0,6.21,0.0
COL-B2F-10917,column,1.4376,0.0,9.405,0.0
COL-B2F-10918,column,0.3881,0.0,6.21,0.0
COL-B2F-10919,column,0.3881,0.0,6.21,0.0
COL-B2F-10920,column,0.3881,0.0,6.21,0.0
COL-B2F-10921,column,0.3881,0.0,6.21,0.0
COL-B2F-10922,column,0.3881,0.0,6.21,0.0
COL-B2F-10923,column,0.3881,0.0,6.21,0.0
COL-B2F-10924,column,0.3881,0.0,6.21,0.0
COL-B2F-10925,column,0.3881,0.0,6.21,0.0
COL-B2F-10926,column,0.3881,0.0,6.21,0.0
COL-B2F-10927,column,0.3881,0.0,6.21,0.0
COL-B2F-10928,column,0.3881,0.0,6.21,0.0
COL-B2F-10929,column,0.3881,0.0,6.21,0.0
COL-B2F-10930,column,0.3881,0.0,6.21,0.0
COL-B2F-10931,column,0.3881,0.0,6.21,0.0
COL-B2F-10932,column,0.3881,0.0,6.21,0.0
COL-B2F-10933,column,0.3881,0.0,6.21,0.0
COL-B2F-10934,column,0.3881,0.0,6.21,0.0
COL-B2F-10935,column,0.3881,0.0,6.21,0.0
COL-B2F-10936,column,0.3881,0.0,6.21,0.0
COL-B2F-10937,column,0.3881,0.0,6.21,0.0
COL-B2F-10938,column,0.3881,0.0,6.21,0.0
COL-B2F-10939,column,0.3881,0.0,6.21,0.0
COL-B2F-10940,column,0.3881,0.0,6.21,0.0
COL-B2F-10941,column,0.3881,0.0,6.21,0.0
COL-B2F-10942,column,0.3881,0.0,6.21,0.0
COL-B2F-10943,column,0.3881,0.0,6.21,0.0
COL-B2F-10944,column,0.3881,0.0,6.21,0.0
COL-B2F-10945,column,0.3881,0.0,6.21,0.0
COL-B2F-10946,column,0.3881,0.0,6.21,0.0
COL-B2F-10947,column,0.3881,0.0,6.21,0.0
COL-B2F-10948,column,0.3881,0.0,6.21,0.0
COL-B2F-10949,column,0.3881,0.0,6.21,0.0
COL-B2F-10950,column,1.4376,0.0,9.405,0.0
COL-B2F-10951,column,0.3881,0.0,6.21,0.0
COL-B2F-10952,column,0.3881,0.0,6.21,0.0
COL-B2F-10953,column,1.4376,0.0,9.405,0.0
COL-B2F-10954,column,0.3881,0.0,6.21,0.0
COL-B2F-10955,column,0.3881,0.0,6.21,0.0
COL-B2F-10956,column,1.4376,0.0,9.405,0.0
COL-B2F-10957,column,0.3881,0.0,6.21,0.0
COL-B2F-10958,column,0.3881,0.0,6.21,0.0
COL-B2F-10959,column,1.4376,0.0,9.405,0.0
COL-B2F-10960,column,0.3881,0.0,6.21,0.0
COL-B2F-10961,column,0.3881,0.0,6.21,0.0
COL-B2F-10962,column,1.4376,0.0,9.405,0.0
COL-B2F-10963,column,0.3881,0.0,6.21,0.0
COL-B2F-10964,column,0.3881,0.0,6.21,0.0
COL-B2F-10965,column,1.4376,0.0,9.405,0.0
COL-B2F-10966,column,0.3881,0.0,6.21,0.0
COL-B2F-10967,column,0.3881,0.0,6.21,0.0
COL-B2F-10968,column,0.3881,0.0,6.21,0.0
COL-B2F-10969,column,0.3881,0.0,6.21,0.0
COL-B2F-10970,column,0.3881,0.0,6.21,0.0
COL-B2F-10971,column,0.3881,0.0,6.21,0.0
COL-B2F-10972,column,0.3881,0.0,6.21,0.0
COL-B2F-10973,column,0.3881,0.0,6.21,0.0
COL-B2F-10974,column,0.3881,0.0,6.21,0.0
COL-B2F-10975,column,0.3881,0.0,6.21,0.0
COL-B2F-10976,column,0.3105,0.0,5.175,0.0
COL-B2F-10977,column,0.3105,0.0,5.175,0.0
COL-B2F-10978,column,0.3881,0.0,6.21,0.0
COL-B2F-10979,column,0.3881,0.0,6.21,0.0
COL-B2F-10980,column,0.3881,0.0,6.21,0.0
COL-B2F-10981,column,0.3881,0.0,6.21,0.0
COL-B2F-10982,column,0.3881,0.0,6.21,0.0
COL-B2F-10983,column,0.3881,0.0,6.21,0.0
COL-B2F-10984,column,0.3881,0.0,6.21,0.0
COL-B2F-10985,column,0.3881,0.0,6.21,0.0
COL-B2F-10986,column,0.3881,0.0,6.21,0.0
COL-B2F-10987,column,0.3881,0.0,6.21,0.0
COL-B2F-10988,column,0.3881,0.0,6.21,0.0
COL-B2F-10989,column,0.3881,0.0,6.21,0.0
COL-B2F-10990,column,0.3881,0.0,6.21,0.0
COL-B2F-10991,column,0.3881,0.0,6.21,0.0
COL-B2F-10992,column,0.3881,0.0,6.21,0.0
COL-B2F-10993,column,0.3881,0.0,6.21,0.0
COL-B2F-10994,column,0.3881,0.0,6.21,0.0
COL-B2F-10995,column,0.3881,0.0,6.21,0.0
COL-B2F-10996,column,1.4376,0.0,9.405,0.0
COL-B2F-10997,column,0.3881,0.0,6.21,0.0
COL-B2F-10998,column,0.3881,0.0,6.21,0.0
COL-B2F-10999,column,1.4376,0.0,9.405,0.0
COL-B2F-11000,column,0.3881,0.0,6.21,0.0
COL-B2F-11001,column,0.3881,0.0,6.21,0.0
COL-B2F-11002,column,1.4376,0.0,9.405,0.0
COL-B2F-11003,column,0.3881,0.0,6.21,0.0
COL-B2F-11004,column,0.3881,0.0,6.21,0.0
COL-B2F-11005,column,1.4376,0.0,9.405,0.0
COL-B2F-11006,column,0.3881,0.0,6.21,0.0
COL-B2F-11007,column,0.3881,0.0,6.21,0.0
COL-B2F-11008,column,1.4376,0.0,9.405,0.0
COL-B2F-11009,column,0.3881,0.0,6.21,0.0
COL-B2F-11010,column,0.3881,0.0,6.21,0.0
COL-B2F-11011,column,0.3881,0.0,6.21,0.0
COL-B2F-11012,column,0.3881,0.0,6.21,0.0
COL-B2F-11013,column,0.3881,0.0,6.21,0.0
COL-B2F-11014,column,0.3881,0.0,6.21,0.0
COL-B2F-11015,column,1.4376,0.0,9.405,0.0
COL-B2F-11016,column,0.3105,0.0,5.175,0.0
COL-B2F-11017,column,0.3105,0.0,5.175,0.0
COL-B2F-11018,column,0.3881,0.0,6.21,0.0
COL-B2F-11019,column,0.3881,0.0,6.21,0.0
COL-B2F-11020,column,1.4376,0.0,9.405,0.0
COL-B2F-11021,column,0.3105,0.0,5.175,0.0
COL-B2F-11022,column,0.3105,0.0,5.175,0.0
COL-B2F-11023,column,0.3881,0.0,6.21,0.0
COL-B2F-11024,column,0.3881,0.0,6.21,0.0
COL-B2F-11025,column,1.4376,0.0,9.405,0.0
COL-B2F-11026,column,0.3881,0.0,6.21,0.0
COL-B2F-11027,column,0.3881,0.0,6.21,0.0
COL-B2F-11028,column,0.3881,0.0,6.21,0.0
COL-B2F-11029,column,0.3881,0.0,6.21,0.0
COL-B2F-11030,column,1.4376,0.0,9.405,0.0
COL-B2F-11031,column,0.3881,0.0,6.21,0.0
COL-B2F-11032,column,0.3881,0.0,6.21,0.0
COL-B2F-11033,column,0.3881,0.0,6.21,0.0
COL-B2F-11034,column,0.3881,0.0,6.21,0.0
COL-B2F-11035,column,1.4376,0.0,9.405,0.0
COL-B2F-11036,column,0.3881,0.0,6.21,0.0
COL-B2F-11037,column,0.3881,0.0,6.21,0.0
COL-B2F-11038,column,0.3881,0.0,6.21,0.0
COL-B2F-11039,column,0.3881,0.0,6.21,0.0
COL-B2F-11040,column,0.3881,0.0,6.21,0.0
COL-B2F-11041,column,0.3881,0.0,6.21,0.0
COL-B2F-11042,column,1.4376,0.0,9.405,0.0
COL-B2F-11043,column,0.3881,0.0,6.21,0.0
COL-B2F-11044,column,0.3881,0.0,6.21,0.0
COL-B2F-11045,column,1.4376,0.0,9.405,0.0
COL-B2F-11046,column,0.3881,0.0,6.21,0.0
COL-B2F-11047,column,0.3881,0.0,6.21,0.0
COL-B2F-11048,column,1.4376,0.0,9.405,0.0
COL-B2F-11049,column,0.3881,0.0,6.21,0.0
COL-B2F-11050,column,0.3881,0.0,6.21,0.0
COL-B2F-11051,column,1.4376,0.0,9.405,0.0
COL-B2F-11052,column,0.3881,0.0,6.21,0.0
COL-B2F-11053,column,0.3881,0.0,6.21,0.0
COL-B2F-11054,column,1.4376,0.0,9.405,0.0
COL-B2F-11055,column,0.3881,0.0,6.21,0.0
COL-B2F-11056,column,0.3881,0.0,6.21,0.0
COL-B2F-11057,column,0.3881,0.0,6.21,0.0
COL-B2F-11058,column,0.3881,0.0,6.21,0.0
COL-B2F-11059,column,0.3105,0.0,5.175,0.0
COL-B2F-11060,column,0.3105,0.0,5.175,0.0
COL-B2F-11061,column,0.3105,0.0,5.175,0.0
COL-B2F-11062,column,0.3105,0.0,5.175,0.0
COL-B2F-11063,column,0.3881,0.0,6.21,0.0
COL-B2F-11064,column,0.3881,0.0,6.21,0.0
COL-B2F-11065,column,1.4376,0.0,9.405,0.0
COL-B2F-11066,column,0.3881,0.0,6.21,0.0
COL-B2F-11067,column,0.3881,0.0,6.21,0.0
COL-B2F-11068,column,0.3881,0.0,6.21,0.0
COL-B2F-11069,column,0.3881,0.0,6.21,0.0
COL-B2F-11070,column,1.4376,0.0,9.405,0.0
COL-B2F-11071,column,0.3881,0.0,6.21,0.0
COL-B2F-11072,column,0.3881,0.0,6.21,0.0
COL-B2F-11073,column,1.4376,0.0,9.405,0.0
COL-B2F-11074,column,0.3881,0.0,6.21,0.0
COL-B2F-11075,column,0.3881,0.0,6.21,0.0
COL-B2F-11076,column,1.4376,0.0,9.405,0.0
COL-B2F-11077,column,0.3881,0.0,6.21,0.0
COL-B2F-11078,column,0.3881,0.0,6.21,0.0
COL-B2F-11079,column,1.4376,0.0,9.405,0.0
COL-B2F-11080,column,0.3881,0.0,6.21,0.0
COL-B2F-11081,column,0.3881,0.0,6.21,0.0
COL-B2F-11082,column,1.4376,0.0,9.405,0.0
COL-B2F-11083,column,0.3881,0.0,6.21,0.0
COL-B2F-11084,column,0.3881,0.0,6.21,0.0
COL-B2F-11085,column,1.4376,0.0,9.405,0.0
COL-B2F-11086,column,0.3881,0.0,6.21,0.0
COL-B2F-11087,column,0.3881,0.0,6.21,0.0
COL-B2F-11088,column,1.4376,0.0,9.405,0.0
COL-B2F-11089,column,0.3881,0.0,6.21,0.0
COL-B2F-11090,column,0.3881,0.0,6.21,0.0
COL-B2F-11091,column,0.3881,0.0,6.21,0.0
COL-B2F-11092,column,0.3881,0.0,6.21,0.0
COL-B2F-11093,column,0.3881,0.0,6.21,0.0
COL-B2F-11094,column,0.3881,0.0,6.21,0.0
COL-B2F-11095,column,0.3881,0.0,6.21,0.0
COL-B2F-11096,column,0.3881,0.0,6.21,0.0
COL-B2F-11097,column,0.3881,0.0,6.21,0.0
COL-B2F-11098,column,0.3881,0.0,6.21,0.0
COL-B2F-11099,column,0.3881,0.0,6.21,0.0
COL-B2F-11100,column,0.3881,0.0,6.21,0.0
COL-B2F-11101,column,1.4376,0.0,9.405,0.0
COL-B2F-11102,column,0.3881,0.0,6.21,0.0
COL-B2F-11103,column,0.3881,0.0,6.21,0.0
COL-B2F-11104,column,0.3881,0.0,6.21,0.0
COL-B2F-11105,column,0.3881,0.0,6.21,0.0
COL-B2F-11106,column,1.4376,0.0,9.405,0.0
COL-B2F-11107,column,0.3881,0.0,6.21,0.0
COL-B2F-11108,column,0.3881,0.0,6.21,0.0
COL-B2F-11109,column,1.4376,0.0,9.405,0.0
COL-B2F-11110,column,0.3881,0.0,6.21,0.0
COL-B2F-11111,column,0.3881,0.0,6.21,0.0
COL-B2F-11112,column,1.4376,0.0,9.405,0.0
COL-B2F-11113,column,0.3881,0.0,6.21,0.0
COL-B2F-11114,column,0.3881,0.0,6.21,0.0
COL-B2F-11115,column,0.3881,0.0,6.21,0.0
COL-B2F-11116,column,0.3881,0.0,6.21,0.0
COL-B2F-11117,column,1.4376,0.0,9.405,0.0
COL-B2F-11118,column,0.3881,0.0,6.21,0.0
COL-B2F-11119,column,0.3881,0.0,6.21,0.0
COL-B2F-11120,column,1.4376,0.0,9.405,0.0
COL-B2F-11121,column,0.3881,0.0,6.21,0.0
COL-B2F-11122,column,0.3881,0.0,6.21,0.0
COL-B2F-11123,column,1.4376,0.0,9.405,0.0
COL-B2F-11124,column,0.3881,0.0,6.21,0.0
COL-B2F-11125,column,0.3881,0.0,6.21,0.0
COL-B2F-11126,column,1.4376,0.0,9.405,0.0
COL-B2F-11127,column,0.3105,0.0,5.175,0.0
COL-B2F-11128,column,0.3105,0.0,5.175,0.0
COL-B2F-11129,column,0.3105,0.0,5.175,0.0
COL-B2F-11130,column,0.3105,0.0,5.175,0.0
COL-B2F-11131,column,0.3881,0.0,6.21,0.0
COL-B2F-11132,column,0.3881,0.0,6.21,0.0
COL-B2F-11133,column,0.3881,0.0,6.21,0.0
COL-B2F-11134,column,0.3881,0.0,6.21,0.0
COL-B2F-11135,column,0.3881,0.0,6.21,0.0
COL-B2F-11136,column,0.3881,0.0,6.21,0.0
COL-B2F-11137,column,0.3881,0.0,6.21,0.0
COL-B2F-11138,column,0.3881,0.0,6.21,0.0
COL-B2F-11139,column,1.4376,0.0,9.405,0.0
COL-B2F-11140,column,0.3881,0.0,6.21,0.0
COL-B2F-11141,column,0.3881,0.0,6.21,0.0
COL-B2F-11142,column,1.4376,0.0,9.405,0.0
COL-B2F-11143,column,0.3881,0.0,6.21,0.0
COL-B2F-11144,column,0.3881,0.0,6.21,0.0
COL-B2F-11145,column,1.4376,0.0,9.405,0.0
COL-B2F-11146,column,0.3881,0.0,6.21,0.0
COL-B2F-11147,column,0.3881,0.0,6.21,0.0
COL-B2F-11148,column,1.4376,0.0,9.405,0.0
COL-B2F-11149,column,0.3881,0.0,6.21,0.0
COL-B2F-11150,column,0.3881,0.0,6.21,0.0
COL-B2F-11151,column,1.4376,0.0,9.405,0.0
COL-B2F-11152,column,0.3881,0.0,6.21,0.0
COL-B2F-11153,column,0.3881,0.0,6.21,0.0
COL-B2F-11154,column,1.4376,0.0,9.405,0.0
COL-B2F-11155,column,0.3881,0.0,6.21,0.0
COL-B2F-11156,column,0.3881,0.0,6.21,0.0
COL-B2F-11157,column,1.4376,0.0,9.405,0.0
COL-B2F-11158,column,0.3881,0.0,6.21,0.0
COL-B2F-11159,column,0.3881,0.0,6.21,0.0
COL-B2F-11160,column,1.4376,0.0,9.405,0.0
COL-B2F-11161,column,0.3105,0.0,5.175,0.0
COL-B2F-11162,column,0.3105,0.0,5.175,0.0
COL-B2F-11163,column,0.3881,0.0,6.21,0.0
COL-B2F-11164,column,0.3881,0.0,6.21,0.0
COL-B2F-11165,column,1.4376,0.0,9.405,0.0
COL-B2F-11166,column,0.3881,0.0,6.21,0.0
COL-B2F-11167,column,0.3881,0.0,6.21,0.0
COL-B2F-11168,column,1.4376,0.0,9.405,0.0
COL-B2F-11169,column,0.3881,0.0,6.21,0.0
COL-B2F-11170,column,0.3881,0.0,6.21,0.0
COL-B2F-11171,column,1.4376,0.0,9.405,0.0
COL-B2F-11172,column,0.3881,0.0,6.21,0.0
COL-B2F-11173,column,0.3881,0.0,6.21,0.0
COL-B2F-11174,column,0.3881,0.0,6.21,0.0
COL-B2F-11175,column,0.3881,0.0,6.21,0.0
COL-B2F-11176,column,0.3881,0.0,6.21,0.0
COL-B2F-11177,column,0.3881,0.0,6.21,0.0
COL-B2F-11178,column,1.4376,0.0,9.405,0.0
COL-B2F-11179,column,0.3881,0.0,6.21,0.0
COL-B2F-11180,column,0.3881,0.0,6.21,0.0
COL-B2F-11181,column,1.4376,0.0,9.405,0.0
COL-B2F-11182,column,0.3881,0.0,6.21,0.0
COL-B2F-11183,column,0.3881,0.0,6.21,0.0
COL-B2F-11184,column,1.4376,0.0,9.405,0.0
COL-B2F-11185,column,0.3881,0.0,6.21,0.0
COL-B2F-11186,column,0.3881,0.0,6.21,0.0
COL-B2F-11187,column,1.4376,0.0,9.405,0.0
COL-B2F-11188,column,0.3881,0.0,6.21,0.0
COL-B2F-11189,column,0.3881,0.0,6.21,0.0
COL-B2F-11190,column,0.3881,0.0,6.21,0.0
COL-B2F-11191,column,0.3881,0.0,6.21,0.0
COL-B2F-11192,column,0.3881,0.0,6.21,0.0
COL-B2F-11193,column,0.3881,0.0,6.21,0.0
COL-B2F-11194,column,0.3881,0.0,6.21,0.0
COL-B2F-11195,column,0.3881,0.0,6.21,0.0
COL-B2F-11196,column,0.3881,0.0,6.21,0.0
COL-B2F-11197,column,0.3881,0.0,6.21,0.0
COL-B2F-11198,column,0.3881,0.0,6.21,0.0
COL-B2F-11199,column,0.3881,0.0,6.21,0.0
COL-B2F-11200,column,0.3881,0.0,6.21,0.0
COL-B2F-11201,column,0.3881,0.0,6.21,0.0
COL-B2F-11202,column,0.3881,0.0,6.21,0.0
COL-B2F-11203,column,0.3881,0.0,6.21,0.0
COL-B2F-11204,column,1.4376,0.0,9.405,0.0
COL-B2F-11205,column,0.3881,0.0,6.21,0.0
COL-B2F-11206,column,0.3881,0.0,6.21,0.0
COL-B2F-11207,column,1.4376,0.0,9.405,0.0
COL-B2F-11208,column,0.3881,0.0,6.21,0.0
COL-B2F-11209,column,0.3881,0.0,6.21,0.0
COL-B2F-11210,column,1.4376,0.0,9.405,0.0
COL-B2F-11211,column,0.3881,0.0,6.21,0.0
COL-B2F-11212,column,0.3881,0.0,6.21,0.0
COL-B2F-11213,column,1.4376,0.0,9.405,0.0
COL-B2F-11214,column,0.3881,0.0,6.21,0.0
COL-B2F-11215,column,0.3881,0.0,6.21,0.0
COL-B2F-11216,column,1.4376,0.0,9.405,0.0
COL-B2F-11217,column,0.3881,0.0,6.21,0.0
COL-B2F-11218,column,0.3881,0.0,6.21,0.0
COL-B2F-11219,column,1.4376,0.0,9.405,0.0
COL-B2F-11220,column,0.3881,0.0,6.21,0.0
COL-B2F-11221,column,0.3881,0.0,6.21,0.0
COL-B2F-11222,column,0.3881,0.0,6.21,0.0
COL-B2F-11223,column,0.3881,0.0,6.21,0.0
COL-B2F-11224,column,0.3881,0.0,6.21,0.0
COL-B2F-11225,column,0.3881,0.0,6.21,0.0
COL-B2F-11226,column,0.3881,0.0,6.21,0.0
COL-B2F-11227,column,0.3881,0.0,6.21,0.0
COL-B2F-11228,column,1.4376,0.0,9.405,0.0
COL-B2F-11229,column,0.3881,0.0,6.21,0.0
COL-B2F-11230,column,0.3881,0.0,6.21,0.0
COL-B2F-11231,column,1.4376,0.0,9.405,0.0
COL-B2F-11232,column,0.3881,0.0,6.21,0.0
COL-B2F-11233,column,0.3881,0.0,6.21,0.0
COL-B2F-11234,column,1.4376,0.0,9.405,0.0
COL-B2F-11235,column,0.3881,0.0,6.21,0.0
COL-B2F-11236,column,0.3881,0.0,6.21,0.0
COL-B2F-11237,column,1.4376,0.0,9.405,0.0
COL-B2F-11238,column,0.3881,0.0,6.21,0.0
COL-B2F-11239,column,0.3881,0.0,6.21,0.0
COL-B2F-11240,column,1.4376,0.0,9.405,0.0
COL-B2F-11241,column,0.3881,0.0,6.21,0.0
COL-B2F-11242,column,0.3881,0.0,6.21,0.0
COL-B2F-11243,column,1.4376,0.0,9.405,0.0
COL-B2F-11244,column,0.3881,0.0,6.21,0.0
COL-B2F-11245,column,0.3881,0.0,6.21,0.0
COL-B2F-11246,column,0.3881,0.0,6.21,0.0
COL-B2F-11247,column,0.3881,0.0,6.21,0.0
COL-B2F-11248,column,1.4376,0.0,9.405,0.0
COL-B2F-11249,column,0.3881,0.0,6.21,0.0
COL-B2F-11250,column,0.3881,0.0,6.21,0.0
COL-B2F-11251,column,0.3881,0.0,6.21,0.0
COL-B2F-11252,column,0.3881,0.0,6.21,0.0
COL-B2F-11253,column,0.3881,0.0,6.21,0.0
COL-B2F-11254,column,0.3881,0.0,6.21,0.0
COL-B2F-11255,column,1.4376,0.0,9.405,0.0
COL-B2F-11256,column,0.3881,0.0,6.21,0.0
COL-B2F-11257,column,0.3881,0.0,6.21,0.0
COL-B2F-11258,column,0.3881,0.0,6.21,0.0
COL-B2F-11259,column,0.3881,0.0,6.21,0.0
COL-B2F-11260,column,0.3881,0.0,6.21,0.0
COL-B2F-11261,column,0.3881,0.0,6.21,0.0
COL-B2F-11262,column,1.4376,0.0,9.405,0.0
COL-B2F-11263,column,0.3881,0.0,6.21,0.0
COL-B2F-11264,column,0.3881,0.0,6.21,0.0
COL-B2F-11265,column,0.3881,0.0,6.21,0.0
COL-B2F-11266,column,0.3881,0.0,6.21,0.0
COL-B2F-11267,column,0.3881,0.0,6.21,0.0
COL-B2F-11268,column,0.3881,0.0,6.21,0.0
COL-B2F-11269,column,1.4376,0.0,9.405,0.0
COL-B2F-11270,column,0.3881,0.0,6.21,0.0
COL-B2F-11271,column,0.3881,0.0,6.21,0.0
COL-B2F-11272,column,0.3881,0.0,6.21,0.0
COL-B2F-11273,column,0.3881,0.0,6.21,0.0
COL-B2F-11274,column,0.3881,0.0,6.21,0.0
COL-B2F-11275,column,0.3881,0.0,6.21,0.0
COL-B2F-11276,column,1.4376,0.0,9.405,0.0
COL-B2F-11277,column,0.3881,0.0,6.21,0.0
COL-B2F-11278,column,0.3881,0.0,6.21,0.0
COL-B2F-11279,column,0.3881,0.0,6.21,0.0
COL-B2F-11280,column,0.3881,0.0,6.21,0.0
COL-B2F-11281,column,1.4376,0.0,9.405,0.0
COL-B2F-11282,column,0.3881,0.0,6.21,0.0
COL-B2F-11283,column,0.3881,0.0,6.21,0.0
COL-B2F-11284,column,1.4376,0.0,9.405,0.0
COL-B2F-11285,column,0.3881,0.0,6.21,0.0
COL-B2F-11286,column,0.3881,0.0,6.21,0.0
COL-B2F-11287,column,0.3881,0.0,6.21,0.0
COL-B2F-11288,column,0.3881,0.0,6.21,0.0
COL-B2F-11289,column,0.3881,0.0,6.21,0.0
COL-B2F-11290,column,0.3881,0.0,6.21,0.0
COL-B2F-11291,column,1.4376,0.0,9.405,0.0
COL-B2F-11292,column,0.3881,0.0,6.21,0.0
COL-B2F-11293,column,0.3881,0.0,6.21,0.0
COL-B2F-11294,column,0.3881,0.0,6.21,0.0
COL-B2F-11295,column,0.3881,0.0,6.21,0.0
COL-B2F-11296,column,0.3881,0.0,6.21,0.0
COL-B2F-11297,column,0.3881,0.0,6.21,0.0
COL-B2F-11298,column,1.4376,0.0,9.405,0.0
COL-B2F-11299,column,0.3881,0.0,6.21,0.0
COL-B2F-11300,column,0.3881,0.0,6.21,0.0
COL-B2F-11301,column,0.3881,0.0,6.21,0.0
COL-B2F-11302,column,0.3881,0.0,6.21,0.0
COL-B2F-11303,column,0.3881,0.0,6.21,0.0
COL-B2F-11304,column,0.3881,0.0,6.21,0.0
COL-B2F-11305,column,0.3881,0.0,6.21,0.0
COL-B2F-11306,column,0.3881,0.0,6.21,0.0
COL-B2F-11307,column,0.3881,0.0,6.21,0.0
COL-B2F-11308,column,0.3881,0.0,6.21,0.0
COL-B2F-11309,column,0.3881,0.0,6.21,0.0
COL-B2F-11310,column,0.3881,0.0,6.21,0.0
COL-B2F-11311,column,1.4376,0.0,9.405,0.0
COL-B2F-11312,column,0.3881,0.0,6.21,0.0
COL-B2F-11313,column,0.3881,0.0,6.21,0.0
COL-B2F-11314,column,0.3881,0.0,6.21,0.0
COL-B2F-11315,column,0.3881,0.0,6.21,0.0
COL-B2F-11316,column,0.3881,0.0,6.21,0.0
COL-B2F-11317,column,0.3881,0.0,6.21,0.0
COL-B2F-11318,column,1.4376,0.0,9.405,0.0
COL-B2F-11319,column,0.3881,0.0,6.21,0.0
COL-B2F-11320,column,0.3881,0.0,6.21,0.0
COL-B2F-11321,column,1.4376,0.0,9.405,0.0
COL-B2F-11322,column,0.3881,0.0,6.21,0.0
COL-B2F-11323,column,0.3881,0.0,6.21,0.0
COL-B2F-11324,column,1.4376,0.0,9.405,0.0
COL-B2F-11325,column,0.3881,0.0,6.21,0.0
COL-B2F-11326,column,0.3881,0.0,6.21,0.0
COL-B2F-11327,column,0.3881,0.0,6.21,0.0
COL-B2F-11328,column,0.3881,0.0,6.21,0.0
COL-B2F-11329,column,1.4376,0.0,9.405,0.0
COL-B2F-11330,column,0.3881,0.0,6.21,0.0
COL-B2F-11331,column,0.3881,0.0,6.21,0.0
COL-B2F-11332,column,0.3881,0.0,6.21,0.0
COL-B2F-11333,column,0.3881,0.0,6.21,0.0
COL-B2F-11334,column,0.3881,0.0,6.21,0.0
COL-B2F-11335,column,0.3881,0.0,6.21,0.0
COL-B2F-11336,column,1.4376,0.0,9.405,0.0
COL-B2F-11337,column,0.3881,0.0,6.21,0.0
COL-B2F-11338,column,0.3881,0.0,6.21,0.0
COL-B2F-11339,column,0.3881,0.0,6.21,0.0
COL-B2F-11340,column,0.3881,0.0,6.21,0.0
COL-B2F-11341,column,1.4376,0.0,9.405,0.0
COL-B2F-11342,column,0.3881,0.0,6.21,0.0
COL-B2F-11343,column,0.3881,0.0,6.21,0.0
COL-B2F-11344,column,0.3881,0.0,6.21,0.0
COL-B2F-11345,column,0.3881,0.0,6.21,0.0
COL-B2F-11346,column,1.4376,0.0,9.405,0.0
COL-B2F-11347,column,0.3881,0.0,6.21,0.0
COL-B2F-11348,column,0.3881,0.0,6.21,0.0
COL-B2F-11349,column,0.3881,0.0,6.21,0.0
COL-B2F-11350,column,0.3881,0.0,6.21,0.0
COL-B2F-11351,column,0.3881,0.0,6.21,0.0
COL-B2F-11352,column,0.3881,0.0,6.21,0.0
COL-B2F-11353,column,0.3881,0.0,6.21,0.0
COL-B2F-11354,column,0.3881,0.0,6.21,0.0
COL-B2F-11355,column,1.4376,0.0,9.405,0.0
COL-B2F-11356,column,0.3881,0.0,6.21,0.0
COL-B2F-11357,column,0.3881,0.0,6.21,0.0
COL-B2F-11358,column,1.4376,0.0,9.405,0.0
COL-B2F-11359,column,0.3881,0.0,6.21,0.0
COL-B2F-11360,column,0.3881,0.0,6.21,0.0
COL-B2F-11361,column,1.4376,0.0,9.405,0.0
COL-B2F-11362,column,0.3881,0.0,6.21,0.0
COL-B2F-11363,column,0.3881,0.0,6.21,0.0
COL-B2F-11364,column,1.4376,0.0,9.405,0.0
COL-B2F-11365,column,0.3881,0.0,6.21,0.0
COL-B2F-11366,column,0.3881,0.0,6.21,0.0
COL-B2F-11367,column,1.4376,0.0,9.405,0.0
COL-B2F-11368,column,0.3881,0.0,6.21,0.0
COL-B2F-11369,column,0.3881,0.0,6.21,0.0
COL-B2F-11370,column,1.4376,0.0,9.405,0.0
COL-B2F-11371,column,0.3881,0.0,6.21,0.0
COL-B2F-11372,column,0.3881,0.0,6.21,0.0
COL-B2F-11373,column,0.3881,0.0,6.21,0.0
COL-B2F-11374,column,0.3881,0.0,6.21,0.0
COL-B2F-11375,column,1.4376,0.0,9.405,0.0
COL-B2F-11376,column,0.3881,0.0,6.21,0.0
COL-B2F-11377,column,0.3881,0.0,6.21,0.0
COL-B2F-11378,column,1.4376,0.0,9.405,0.0
COL-B2F-11379,column,0.3881,0.0,6.21,0.0
COL-B2F-11380,column,0.3881,0.0,6.21,0.0
COL-B2F-11381,column,1.4376,0.0,9.405,0.0
COL-B2F-11382,column,0.3881,0.0,6.21,0.0
COL-B2F-11383,column,0.3881,0.0,6.21,0.0
COL-B2F-11384,column,1.4376,0.0,9.405,0.0
COL-B2F-11385,column,0.3105,0.0,5.175,0.0
COL-B2F-11386,column,0.3105,0.0,5.175,0.0
COL-B2F-11387,column,0.3881,0.0,6.21,0.0
COL-B2F-11388,column,0.3881,0.0,6.21,0.0
COL-B2F-11389,column,0.3105,0.0,5.175,0.0
COL-B2F-11390,column,0.3105,0.0,5.175,0.0
COL-B2F-11391,column,0.3881,0.0,6.21,0.0
COL-B2F-11392,column,0.3881,0.0,6.21,0.0
COL-B2F-11393,column,0.3881,0.0,6.21,0.0
COL-B2F-11394,column,0.3881,0.0,6.21,0.0
COL-B2F-11395,column,0.3881,0.0,6.21,0.0
COL-B2F-11396,column,0.3881,0.0,6.21,0.0
COL-B2F-11397,column,0.3881,0.0,6.21,0.0
COL-B2F-11398,column,0.3881,0.0,6.21,0.0
COL-B2F-11399,column,0.3881,0.0,6.21,0.0
COL-B2F-11400,column,0.3881,0.0,6.21,0.0
COL-B2F-11401,column,0.3881,0.0,6.21,0.0
COL-B2F-11402,column,0.3881,0.0,6.21,0.0
COL-B2F-11403,column,0.3881,0.0,6.21,0.0
COL-B2F-11404,column,0.3881,0.0,6.21,0.0
COL-B2F-11405,column,0.3881,0.0,6.21,0.0
COL-B2F-11406,column,0.3881,0.0,6.21,0.0
COL-B2F-11407,column,0.3105,0.0,5.175,0.0
COL-B2F-11408,column,0.3105,0.0,5.175,0.0
COL-B2F-11409,column,0.3881,0.0,6.21,0.0
COL-B2F-11410,column,0.3881,0.0,6.21,0.0
COL-B2F-11411,column,1.4376,0.0,9.405,0.0
COL-B2F-11412,column,0.3105,0.0,5.175,0.0
COL-B2F-11413,column,0.3105,0.0,5.175,0.0
COL-B2F-11414,column,0.3881,0.0,6.21,0.0
COL-B2F-11415,column,0.3881,0.0,6.21,0.0
COL-B2F-11416,column,0.3881,0.0,6.21,0.0
COL-B2F-11417,column,0.3881,0.0,6.21,0.0
COL-B2F-11418,column,1.4376,0.0,9.405,0.0
COL-B2F-11419,column,0.3881,0.0,6.21,0.0
COL-B2F-11420,column,0.3881,0.0,6.21,0.0
COL-B2F-11421,column,0.3881,0.0,6.21,0.0
COL-B2F-11422,column,0.3881,0.0,6.21,0.0
COL-B2F-11423,column,1.4376,0.0,9.405,0.0
COL-B2F-11424,column,0.3881,0.0,6.21,0.0
COL-B2F-11425,column,0.3881,0.0,6.21,0.0
COL-B2F-11426,column,0.3881,0.0,6.21,0.0
COL-B2F-11427,column,0.3881,0.0,6.21,0.0
COL-B2F-11428,column,0.3105,0.0,5.175,0.0
COL-B2F-11429,column,0.3105,0.0,5.175,0.0
COL-B2F-11430,column,0.3881,0.0,6.21,0.0
COL-B2F-11431,column,0.3881,0.0,6.21,0.0
COL-B2F-11432,column,0.3881,0.0,6.21,0.0
COL-B2F-11433,column,0.3881,0.0,6.21,0.0
COL-B2F-11434,column,0.3105,0.0,5.175,0.0
COL-B2F-11435,column,0.3105,0.0,5.175,0.0
COL-B2F-11436,column,0.3881,0.0,6.21,0.0
COL-B2F-11437,column,0.3881,0.0,6.21,0.0
COL-B2F-11438,column,1.4376,0.0,9.405,0.0
COL-B2F-11439,column,0.3881,0.0,6.21,0.0
COL-B2F-11440,column,0.3881,0.0,6.21,0.0
COL-B2F-11441,column,1.4376,0.0,9.405,0.0
COL-B2F-11442,column,0.3105,0.0,5.175,0.0
COL-B2F-11443,column,0.3105,0.0,5.175,0.0
COL-B2F-11444,column,0.3881,0.0,6.21,0.0
COL-B2F-11445,column,0.3881,0.0,6.21,0.0
COL-B2F-11446,column,0.3881,0.0,6.21,0.0
COL-B2F-11447,column,0.3881,0.0,6.21,0.0
COL-B2F-11448,column,1.4376,0.0,9.405,0.0
COL-B2F-11449,column,0.3881,0.0,6.21,0.0
COL-B2F-11450,column,0.3881,0.0,6.21,0.0
COL-B2F-11451,column,0.3105,0.0,5.175,0.0
COL-B2F-11452,column,0.3105,0.0,5.175,0.0
COL-B2F-11453,column,0.3881,0.0,6.21,0.0
COL-B2F-11454,column,0.3881,0.0,6.21,0.0
COL-B2F-11455,column,0.3881,0.0,6.21,0.0
COL-B2F-11456,column,0.3881,0.0,6.21,0.0
COL-B2F-11457,column,1.4376,0.0,9.405,0.0
COL-B2F-11458,column,0.3881,0.0,6.21,0.0
COL-B2F-11459,column,0.3881,0.0,6.21,0.0
COL-B2F-11460,column,0.3881,0.0,6.21,0.0
COL-B2F-11461,column,0.3881,0.0,6.21,0.0
COL-B2F-11462,column,1.4376,0.0,9.405,0.0
COL-B2F-11463,column,0.3881,0.0,6.21,0.0
COL-B2F-11464,column,0.3881,0.0,6.21,0.0
COL-B2F-11465,column,1.4376,0.0,9.405,0.0
COL-B2F-11466,column,1.104,0.0,8.28,0.0
COL-B2F-11467,column,1.104,0.0,8.28,0.0
COL-B2F-11468,column,1.104,0.0,8.28,0.0
COL-B2F-11469,column,1.104,0.0,8.28,0.0
COL-B2F-11470,column,1.104,0.0,8.28,0.0
COL-B2F-11471,column,1.104,0.0,8.28,0.0
COL-B2F-11472,column,1.104,0.0,8.28,0.0
COL-B2F-11473,column,1.104,0.0,8.28,0.0
COL-B2F-11474,column,1.104,0.0,8.28,0.0
COL-B2F-11475,column,1.104,0.0,8.28,0.0
COL-B2F-11476,column,1.104,0.0,8.28,0.0
COL-B2F-11477,column,1.104,0.0,8.28,0.0
COL-B2F-11478,column,1.104,0.0,8.28,0.0
COL-B2F-11479,column,1.104,0.0,8.28,0.0
COL-B2F-11480,column,1.104,0.0,8.28,0.0
COL-B2F-11481,column,1.104,0.0,8.28,0.0
COL-B2F-11482,column,1.104,0.0,8.28,0.0
COL-B2F-11483,column,1.104,0.0,8.28,0.0
COL-B2F-11484,column,1.104,0.0,8.28,0.0
COL-B2F-11485,column,1.104,0.0,8.28,0.0
COL-B2F-11486,column,1.104,0.0,8.28,0.0
COL-B2F-11487,column,1.104,0.0,8.28,0.0
COL-B2F-11488,column,1.104,0.0,8.28,0.0
COL-B2F-11489,column,1.104,0.0,8.28,0.0
COL-B2F-11490,column,1.104,0.0,8.28,0.0
COL-B2F-11491,column,1.104,0.0,8.28,0.0
COL-B2F-11492,column,1.104,0.0,8.28,0.0
COL-B2F-11493,column,1.104,0.0,8.28,0.0
COL-B2F-11494,column,1.104,0.0,8.28,0.0
COL-B2F-11495,column,1.104,0.0,8.28,0.0
COL-B2F-11496,column,1.104,0.0,8.28,0.0
COL-B2F-11497,column,1.104,0.0,8.28,0.0
COL-B2F-11498,column,1.104,0.0,8.28,0.0
COL-B2F-11499,column,1.104,0.0,8.28,0.0
COL-B2F-11500,column,1.104,0.0,8.28,0.0
COL-B2F-11501,column,1.104,0.0,8.28,0.0
COL-B2F-11502,column,1.104,0.0,8.28,0.0
COL-B2F-11503,column,1.104,0.0,8.28,0.0
COL-B2F-11504,column,1.104,0.0,8.28,0.0
COL-B2F-11505,column,1.104,0.0,8.28,0.0
COL-B2F-11506,column,1.104,0.0,8.28,0.0
COL-B2F-11507,column,1.104,0.0,8.28,0.0
COL-B2F-11508,column,1.104,0.0,8.28,0.0
COL-B2F-11509,column,1.104,0.0,8.28,0.0
COL-B2F-11510,column,1.7499,0.0,10.033,0.0
COL-B2F-11511,column,1.7499,0.0,10.033,0.0
COL-B2F-11512,column,1.7499,0.0,10.033,0.0
COL-B2F-11513,column,1.104,0.0,8.28,0.0
COL-B2F-11514,column,1.104,0.0,8.28,0.0
COL-B2F-11515,column,1.104,0.0,8.28,0.0
COL-B2F-11516,column,1.104,0.0,8.28,0.0
COL-B2F-11517,column,1.104,0.0,8.28,0.0
COL-B2F-11518,column,1.104,0.0,8.28,0.0
COL-B2F-11519,column,1.104,0.0,8.28,0.0
COL-B2F-11520,column,1.104,0.0,8.28,0.0
COL-B2F-11521,column,1.104,0.0,8.28,0.0
COL-B2F-11522,column,1.104,0.0,8.28,0.0
COL-B2F-11523,column,1.104,0.0,8.28,0.0
COL-B2F-11524,column,1.104,0.0,8.28,0.0
COL-B2F-11525,column,1.104,0.0,8.28,0.0
COL-B2F-11526,column,1.104,0.0,8.28,0.0
COL-B2F-11527,column,1.104,0.0,8.28,0.0
COL-B2F-11528,column,1.104,0.0,8.28,0.0
COL-B2F-11529,column,1.104,0.0,8.28,0.0
COL-B2F-11530,column,1.104,0.0,8.28,0.0
COL-B2F-11531,column,1.104,0.0,8.28,0.0
COL-B2F-11532,column,1.104,0.0,8.28,0.0
COL-B2F-11533,column,1.104,0.0,8.28,0.0
COL-B2F-11534,column,1.104,0.0,8.28,0.0
COL-B2F-11535,column,1.104,0.0,8.28,0.0
COL-B2F-11536,column,1.104,0.0,8.28,0.0
COL-B2F-11537,column,1.104,0.0,8.28,0.0
COL-B2F-11538,column,1.104,0.0,8.28,0.0
COL-B2F-11539,column,1.104,0.0,8.28,0.0
COL-B2F-11540,column,1.104,0.0,8.28,0.0
COL-B2F-11541,column,1.104,0.0,8.28,0.0
COL-B2F-11542,column,1.104,0.0,8.28,0.0
COL-B2F-11543,column,1.104,0.0,8.28,0.0
COL-B2F-11544,column,1.104,0.0,8.28,0.0
COL-B2F-11545,column,1.104,0.0,8.28,0.0
COL-B2F-11546,column,1.104,0.0,8.28,0.0
COL-B2F-11547,column,1.104,0.0,8.28,0.0
COL-B2F-11548,column,1.104,0.0,8.28,0.0
COL-B2F-11549,column,1.104,0.0,8.28,0.0
COL-B2F-11550,column,1.104,0.0,8.28,0.0
COL-B2F-11551,column,1.104,0.0,8.28,0.0
COL-B2F-11552,column,1.104,0.0,8.28,0.0
COL-B2F-11553,column,1.104,0.0,8.28,0.0
COL-B2F-11554,column,1.104,0.0,8.28,0.0
COL-B2F-11555,column,1.104,0.0,8.28,0.0
COL-B2F-11556,column,1.104,0.0,8.28,0.0
COL-B2F-11557,column,1.104,0.0,8.28,0.0
COL-B2F-11558,column,1.104,0.0,8.28,0.0
COL-B2F-11559,column,1.104,0.0,8.28,0.0
COL-B2F-11560,column,1.104,0.0,8.28,0.0
COL-B2F-11561,column,1.104,0.0,8.28,0.0
COL-B2F-11562,column,1.104,0.0,8.28,0.0
COL-B2F-11563,column,1.104,0.0,8.28,0.0
COL-B2F-11564,column,1.104,0.0,8.28,0.0
COL-B2F-11565,column,1.104,0.0,8.28,0.0
COL-B2F-11566,column,1.104,0.0,8.28,0.0
COL-B2F-11567,column,1.104,0.0,8.28,0.0
COL-B2F-11568,column,1.104,0.0,8.28,0.0
COL-B2F-11569,column,1.104,0.0,8.28,0.0
COL-B2F-11570,column,1.104,0.0,8.28,0.0
COL-B2F-11571,column,1.104,0.0,8.28,0.0
COL-B2F-11572,column,1.242,0.0,8.97,0.0
COL-B2F-11573,column,1.518,0.0,9.315,0.0
COL-B2F-11574,column,1.104,0.0,8.28,0.0
COL-B2F-11575,column,1.104,0.0,8.28,0.0
COL-B2F-11576,column,1.104,0.0,8.28,0.0
COL-B2F-11577,column,1.104,0.0,8.28,0.0
COL-B2F-11578,column,1.104,0.0,8.28,0.0
COL-B2F-11579,column,1.104,0.0,8.28,0.0
COL-B2F-11580,column,1.104,0.0,8.28,0.0
COL-B2F-11581,column,1.104,0.0,8.28,0.0
COL-B2F-11582,column,1.104,0.0,8.28,0.0
COL-B2F-11583,column,1.104,0.0,8.28,0.0
COL-B2F-11584,column,1.104,0.0,8.28,0.0
COL-B2F-11585,column,1.104,0.0,8.28,0.0
COL-B2F-11586,column,1.104,0.0,8.28,0.0
COL-B2F-11587,column,1.104,0.0,8.28,0.0
COL-B2F-11588,column,1.104,0.0,8.28,0.0
COL-B2F-11589,column,1.104,0.0,8.28,0.0
COL-B2F-11590,column,1.104,0.0,8.28,0.0
COL-B2F-11591,column,1.104,0.0,8.28,0.0
COL-B2F-11592,column,1.104,0.0,8.28,0.0
COL-B2F-11593,column,1.104,0.0,8.28,0.0
COL-B2F-11594,column,1.104,0.0,8.28,0.0
COL-B2F-11595,column,1.104,0.0,8.28,0.0
COL-B2F-11596,column,1.104,0.0,8.28,0.0
COL-B2F-11597,column,1.104,0.0,8.28,0.0
COL-B2F-11598,column,1.104,0.0,8.28,0.0
COL-B2F-11599,column,1.104,0.0,8.28,0.0
COL-B2F-11600,column,1.104,0.0,8.28,0.0
COL-B2F-11601,column,1.104,0.0,8.28,0.0
COL-B2F-11602,column,1.104,0.0,8.28,0.0
COL-B2F-11603,column,1.104,0.0,8.28,0.0
COL-B2F-11604,column,1.104,0.0,8.28,0.0
COL-B2F-11605,column,1.104,0.0,8.28,0.0
COL-B2F-11606,column,1.104,0.0,8.28,0.0
COL-B2F-11607,column,1.104,0.0,8.28,0.0
COL-B2F-11608,column,1.104,0.0,8.28,0.0
COL-B2F-11609,column,1.104,0.0,8.28,0.0
COL-B2F-11610,column,1.104,0.0,8.28,0.0
COL-B2F-11611,column,1.104,0.0,8.28,0.0
COL-B2F-11612,column,1.104,0.0,8.28,0.0
COL-B2F-11613,column,1.104,0.0,8.28,0.0
COL-B2F-11614,column,1.104,0.0,8.28,0.0
COL-B2F-11615,column,1.104,0.0,8.28,0.0
COL-B2F-11616,column,1.104,0.0,8.28,0.0
COL-B2F-11617,column,1.104,0.0,8.28,0.0
COL-B2F-11618,column,1.104,0.0,8.28,0.0
COL-B2F-11619,column,1.104,0.0,8.28,0.0
COL-B2F-11620,column,1.104,0.0,8.28,0.0
COL-B2F-11621,column,1.104,0.0,8.28,0.0
COL-B2F-11622,column,1.104,0.0,8.28,0.0
COL-B2F-11623,column,1.104,0.0,8.28,0.0
COL-B2F-11624,column,1.104,0.0,8.28,0.0
COL-B2F-11625,column,1.104,0.0,8.28,0.0
COL-B2F-11626,column,1.104,0.0,8.28,0.0
COL-B2F-11627,column,1.104,0.0,8.28,0.0
COL-B2F-11628,column,1.104,0.0,8.28,0.0
COL-B2F-11629,column,1.104,0.0,8.28,0.0
COL-B2F-11630,column,1.104,0.0,8.28,0.0
COL-B2F-11631,column,1.104,0.0,8.28,0.0
COL-B2F-11632,column,1.104,0.0,8.28,0.0
COL-B2F-11633,column,1.104,0.0,8.28,0.0
COL-B2F-11634,column,1.104,0.0,8.28,0.0
COL-B2F-11635,column,1.104,0.0,8.28,0.0
COL-B2F-11636,column,1.104,0.0,8.28,0.0
COL-B2F-11637,column,1.104,0.0,8.28,0.0
COL-B2F-11638,column,1.104,0.0,8.28,0.0
COL-B2F-11639,column,1.104,0.0,8.28,0.0
COL-B2F-11640,column,1.104,0.0,8.28,0.0
COL-B2F-11641,column,1.104,0.0,8.28,0.0
COL-B2F-11642,column,1.104,0.0,8.28,0.0
COL-B2F-11643,column,1.104,0.0,8.28,0.0
COL-B2F-11644,column,1.104,0.0,8.28,0.0
COL-B2F-11645,column,1.104,0.0,8.28,0.0
COL-B2F-11646,column,1.104,0.0,8.28,0.0
COL-B2F-11647,column,1.104,0.0,8.28,0.0
COL-B2F-11648,column,1.104,0.0,8.28,0.0
COL-B2F-11649,column,1.104,0.0,8.28,0.0
COL-B2F-11650,column,1.104,0.0,8.28,0.0
COL-B2F-11651,column,1.104,0.0,8.28,0.0
COL-B2F-11652,column,1.104,0.0,8.28,0.0
COL-B2F-11653,column,1.104,0.0,8.28,0.0
COL-B2F-11654,column,1.104,0.0,8.28,0.0
COL-B2F-11655,column,1.104,0.0,8.28,0.0
COL-B2F-11656,column,1.104,0.0,8.28,0.0
COL-B2F-11657,column,1.104,0.0,8.28,0.0
COL-B2F-11658,column,1.104,0.0,8.28,0.0
COL-B2F-11659,column,1.104,0.0,8.28,0.0
COL-B2F-11660,column,1.104,0.0,8.28,0.0
COL-B2F-11661,column,1.104,0.0,8.28,0.0
COL-B2F-11662,column,1.104,0.0,8.28,0.0
COL-B2F-11663,column,1.104,0.0,8.28,0.0
COL-B2F-11664,column,1.104,0.0,8.28,0.0
COL-B2F-11665,column,1.104,0.0,8.28,0.0
COL-B2F-11666,column,1.104,0.0,8.28,0.0
COL-B2F-11667,column,1.104,0.0,8.28,0.0
COL-B2F-11668,column,1.104,0.0,8.28,0.0
COL-B2F-11669,column,1.104,0.0,8.28,0.0
COL-B2F-11670,column,1.104,0.0,8.28,0.0
COL-B2F-11671,column,1.104,0.0,8.28,0.0
COL-B2F-11672,column,1.104,0.0,8.28,0.0
COL-B2F-11673,column,1.104,0.0,8.28,0.0
COL-B2F-11674,column,1.104,0.0,8.28,0.0
COL-B2F-11675,column,1.104,0.0,8.28,0.0
COL-B2F-11676,column,1.104,0.0,8.28,0.0
COL-B2F-11677,column,1.104,0.0,8.28,0.0
COL-B2F-11678,column,1.104,0.0,8.28,0.0
COL-B2F-11679,column,1.104,0.0,8.28,0.0
COL-B2F-11680,column,1.104,0.0,8.28,0.0
COL-B2F-11681,column,1.104,0.0,8.28,0.0
COL-B2F-11682,column,1.104,0.0,8.28,0.0
COL-B2F-11683,column,1.104,0.0,8.28,0.0
COL-B2F-11684,column,1.104,0.0,8.28,0.0
COL-B2F-11685,column,1.104,0.0,8.28,0.0
COL-B2F-11686,column,1.104,0.0,8.28,0.0
COL-B2F-11687,column,1.104,0.0,8.28,0.0
COL-B2F-11688,column,1.104,0.0,8.28,0.0
COL-B2F-11689,column,1.104,0.0,8.28,0.0
COL-B2F-11690,column,1.104,0.0,8.28,0.0
COL-B2F-11691,column,1.104,0.0,8.28,0.0
COL-B2F-11692,column,1.104,0.0,8.28,0.0
COL-B2F-11693,column,1.104,0.0,8.28,0.0
COL-B2F-11694,column,1.104,0.0,8.28,0.0
COL-B2F-11695,column,1.104,0.0,8.28,0.0
COL-B2F-11696,column,1.104,0.0,8.28,0.0
COL-B2F-11697,column,1.104,0.0,8.28,0.0
COL-B2F-11698,column,1.104,0.0,8.28,0.0
COL-B2F-11699,column,1.104,0.0,8.28,0.0
COL-B2F-11700,column,1.104,0.0,8.28,0.0
COL-B2F-11701,column,1.104,0.0,8.28,0.0
COL-B2F-11702,column,1.104,0.0,8.28,0.0
COL-B2F-11703,column,1.104,0.0,8.28,0.0
COL-B2F-11704,column,1.104,0.0,8.28,0.0
COL-B2F-11705,column,1.104,0.0,8.28,0.0
COL-B2F-11706,column,1.104,0.0,8.28,0.0
COL-B2F-11707,column,1.104,0.0,8.28,0.0
COL-B2F-11708,column,1.104,0.0,8.28,0.0
COL-B2F-11709,column,1.104,0.0,8.28,0.0
COL-B2F-11710,column,1.104,0.0,8.28,0.0
COL-B2F-11711,column,1.104,0.0,8.28,0.0
COL-B2F-11712,column,1.104,0.0,8.28,0.0
COL-B2F-11713,column,1.104,0.0,8.28,0.0
COL-B2F-11714,column,1.104,0.0,8.28,0.0
COL-B2F-11715,column,1.104,0.0,8.28,0.0
COL-B2F-11716,column,1.104,0.0,8.28,0.0
COL-B2F-11717,column,1.104,0.0,8.28,0.0
COL-B2F-11718,column,1.104,0.0,8.28,0.0
COL-B2F-11719,column,1.104,0.0,8.28,0.0
COL-B2F-11720,column,1.104,0.0,8.28,0.0
COL-B2F-11721,column,1.104,0.0,8.28,0.0
COL-B2F-11722,column,1.104,0.0,8.28,0.0
COL-B2F-11723,column,1.104,0.0,8.28,0.0
COL-B2F-11724,column,1.104,0.0,8.28,0.0
COL-B2F-11725,column,1.104,0.0,8.28,0.0
COL-B2F-11726,column,1.104,0.0,8.28,0.0
COL-B2F-11727,column,1.104,0.0,8.28,0.0
COL-B2F-11728,column,1.104,0.0,8.28,0.0
COL-B2F-11729,column,1.104,0.0,8.28,0.0
COL-B2F-11730,column,1.104,0.0,8.28,0.0
COL-B2F-11731,column,1.104,0.0,8.28,0.0
COL-B2F-11732,column,1.104,0.0,8.28,0.0
COL-B2F-11733,column,1.104,0.0,8.28,0.0
COL-B2F-11734,column,1.104,0.0,8.28,0.0
COL-B2F-11735,column,1.104,0.0,8.28,0.0
COL-B2F-11736,column,1.104,0.0,8.28,0.0
COL-B2F-11737,column,1.104,0.0,8.28,0.0
COL-B2F-11738,column,1.104,0.0,8.28,0.0
COL-B2F-11739,column,1.104,0.0,8.28,0.0
COL-B2F-11740,column,1.104,0.0,8.28,0.0
COL-B2F-11741,column,1.104,0.0,8.28,0.0
COL-B2F-11742,column,1.104,0.0,8.28,0.0
COL-B2F-11743,column,1.104,0.0,8.28,0.0
COL-B2F-11744,column,1.104,0.0,8.28,0.0
COL-B2F-11745,column,1.104,0.0,8.28,0.0
COL-B2F-11746,column,1.104,0.0,8.28,0.0
COL-B2F-11747,column,1.104,0.0,8.28,0.0
COL-B2F-11748,column,1.104,0.0,8.28,0.0
COL-B2F-11749,column,1.104,0.0,8.28,0.0
COL-B2F-11750,column,1.104,0.0,8.28,0.0
COL-B2F-11751,column,1.104,0.0,8.28,0.0
COL-B2F-11752,column,1.104,0.0,8.28,0.0
COL-B2F-11753,column,1.104,0.0,8.28,0.0
COL-B2F-11754,column,1.104,0.0,8.28,0.0
COL-B2F-11755,column,1.104,0.0,8.28,0.0
COL-B2F-11756,column,1.104,0.0,8.28,0.0
COL-B2F-11757,column,1.104,0.0,8.28,0.0
COL-B2F-11758,column,1.104,0.0,8.28,0.0
COL-B2F-11759,column,1.104,0.0,8.28,0.0
COL-B2F-11760,column,1.104,0.0,8.28,0.0
COL-B2F-11761,column,1.104,0.0,8.28,0.0
COL-B2F-11762,column,1.104,0.0,8.28,0.0
COL-B2F-11763,column,1.104,0.0,8.28,0.0
COL-B2F-11764,column,1.104,0.0,8.28,0.0
COL-B2F-11765,column,1.104,0.0,8.28,0.0
COL-B2F-11766,column,1.104,0.0,8.28,0.0
COL-B2F-11767,column,1.104,0.0,8.28,0.0
COL-B2F-11768,column,1.104,0.0,8.28,0.0
COL-B2F-11769,column,1.104,0.0,8.28,0.0
COL-B2F-11770,column,1.104,0.0,8.28,0.0
COL-B2F-11771,column,1.104,0.0,8.28,0.0
COL-B2F-11772,column,1.104,0.0,8.28,0.0
COL-B2F-11773,column,1.104,0.0,8.28,0.0
COL-B2F-11774,column,1.104,0.0,8.28,0.0
COL-B2F-11775,column,1.104,0.0,8.28,0.0
COL-B2F-11776,column,1.104,0.0,8.28,0.0
COL-B2F-11777,column,1.104,0.0,8.28,0.0
COL-B2F-11778,column,1.104,0.0,8.28,0.0
COL-B2F-11779,column,1.104,0.0,8.28,0.0
COL-B2F-11780,column,1.104,0.0,8.28,0.0
COL-B2F-11781,column,1.104,0.0,8.28,0.0
COL-B2F-11782,column,1.104,0.0,8.28,0.0
COL-B2F-11783,column,1.104,0.0,8.28,0.0
COL-B2F-11784,column,1.104,0.0,8.28,0.0
COL-B2F-11785,column,1.104,0.0,8.28,0.0
COL-B2F-11786,column,1.104,0.0,8.28,0.0
COL-B2F-11787,column,1.104,0.0,8.28,0.0
COL-B2F-11788,column,1.104,0.0,8.28,0.0
COL-B2F-11789,column,1.104,0.0,8.28,0.0
COL-B2F-11790,column,1.104,0.0,8.28,0.0
COL-B2F-11791,column,1.104,0.0,8.28,0.0
COL-B2F-11792,column,1.104,0.0,8.28,0.0
COL-B2F-11793,column,1.104,0.0,8.28,0.0
COL-B2F-11794,column,1.104,0.0,8.28,0.0
COL-B2F-11795,column,1.104,0.0,8.28,0.0
COL-B2F-11796,column,1.104,0.0,8.28,0.0
COL-B2F-11797,column,1.104,0.0,8.28,0.0
COL-B2F-11798,column,1.104,0.0,8.28,0.0
COL-B2F-11799,column,1.104,0.0,8.28,0.0
COL-B2F-11800,column,1.104,0.0,8.28,0.0
COL-B2F-11801,column,1.104,0.0,8.28,0.0
COL-B2F-11802,column,1.242,0.0,8.97,0.0
COL-B2F-11803,column,1.104,0.0,8.28,0.0
COL-B2F-11804,column,1.1012,0.0,8.273,0.0
COL-B2F-11805,column,0.3881,0.0,6.21,0.0
COL-B2F-11806,column,0.3881,0.0,6.21,0.0
COL-B2F-11807,column,1.4376,0.0,9.405,0.0
COL-B2F-11808,column,0.3881,0.0,6.21,0.0
COL-B2F-11809,column,0.3881,0.0,6.21,0.0
COL-B2F-11810,column,1.4376,0.0,9.405,0.0
COL-B2F-11811,column,0.3881,0.0,6.21,0.0
COL-B2F-11812,column,0.3881,0.0,6.21,0.0
COL-B2F-11813,column,1.4376,0.0,9.405,0.0
COL-B2F-11814,column,0.3881,0.0,6.21,0.0
COL-B2F-11815,column,0.3881,0.0,6.21,0.0
COL-B2F-11816,column,0.3881,0.0,6.21,0.0
COL-B2F-11817,column,0.3881,0.0,6.21,0.0
COL-B2F-11818,column,0.3881,0.0,6.21,0.0
COL-B2F-11819,column,0.3881,0.0,6.21,0.0
COL-B2F-11820,column,0.3881,0.0,6.21,0.0
COL-B2F-11821,column,0.3881,0.0,6.21,0.0
COL-B2F-11822,column,0.3881,0.0,6.21,0.0
COL-B2F-11823,column,0.3881,0.0,6.21,0.0
COL-B2F-11824,column,0.3881,0.0,6.21,0.0
COL-B2F-11825,column,0.3881,0.0,6.21,0.0
COL-B2F-11826,column,0.3881,0.0,6.21,0.0
COL-B2F-11827,column,0.3881,0.0,6.21,0.0
COL-B2F-11828,column,0.3881,0.0,6.21,0.0
COL-B2F-11829,column,0.3881,0.0,6.21,0.0
COL-B2F-11830,column,0.3881,0.0,6.21,0.0
COL-B2F-11831,column,0.3881,0.0,6.21,0.0
COL-B2F-11832,column,0.3881,0.0,6.21,0.0
COL-B2F-11833,column,0.3881,0.0,6.21,0.0
COL-B2F-11834,column,0.3881,0.0,6.21,0.0
COL-B2F-11835,column,0.3881,0.0,6.21,0.0
COL-B2F-11836,column,0.3881,0.0,6.21,0.0
COL-B2F-11837,column,0.3881,0.0,6.21,0.0
COL-B2F-11838,column,0.3881,0.0,6.21,0.0
COL-B2F-11839,column,0.3881,0.0,6.21,0.0
COL-B2F-11840,column,0.3881,0.0,6.21,0.0
COL-B2F-11841,column,0.3881,0.0,6.21,0.0
COL-B2F-11842,column,0.3881,0.0,6.21,0.0
COL-B2F-11843,column,0.3881,0.0,6.21,0.0
COL-B2F-11844,column,0.3881,0.0,6.21,0.0
COL-B2F-11845,column,0.3881,0.0,6.21,0.0
COL-B2F-11846,column,0.3881,0.0,6.21,0.0
COL-B2F-11847,column,0.3881,0.0,6.21,0.0
COL-B2F-11848,column,0.3881,0.0,6.21,0.0
COL-B2F-11849,column,0.3881,0.0,6.21,0.0
COL-B2F-11850,column,4.14,0.0,15.87,0.0
COL-B2F-11851,column,4.83,0.0,18.63,0.0
COL-B2F-11852,column,4.1055,0.0,16.56,0.0
COL-B2F-11853,column,4.14,0.0,15.87,0.0
COL-B2F-11854,column,4.14,0.0,15.87,0.0
COL-B2F-11855,column,7.5552,0.0,20.431,0.0
COL-B2F-11856,column,2.484,0.0,12.42,0.0
COL-B2F-11857,column,2.07,0.0,11.04,0.0
COL-B2F-11858,column,2.07,0.0,11.04,0.0
COL-B2F-11859,column,3.105,0.0,14.49,0.0
COL-B2F-11860,column,2.484,0.0,12.42,0.0
COL-B2F-11861,column,2.691,0.0,13.11,0.0
COL-B2F-11862,column,4.14,0.0,15.87,0.0
COL-B2F-11863,column,3.6225,0.0,15.18,0.0
COL-B2F-11864,column,2.898,0.0,13.8,0.0
COL-B2F-11865,column,4.6861,0.0,17.243,0.0
COL-B2F-11866,column,3.105,0.0,14.49,0.0
COL-B2F-11867,column,2.484,0.0,12.42,0.0
COL-B2F-11868,column,3.312,0.0,15.18,0.0
COL-B2F-11869,column,3.726,0.0,16.56,0.0
COL-B2F-11870,column,2.898,0.0,13.8,0.0
COL-B2F-11871,column,4.83,0.0,18.63,0.0
COL-B2F-11872,column,2.691,0.0,13.11,0.0
COL-B2F-11873,column,4.1055,0.0,16.56,0.0
COL-B2F-11874,column,2.484,0.0,12.42,0.0
COL-B2F-11875,column,3.105,0.0,14.49,0.0
COL-B2F-11876,column,3.312,0.0,15.18,0.0
COL-B2F-11877,column,3.105,0.0,14.49,0.0
COL-B2F-11878,column,2.691,0.0,13.11,0.0
COL-B2F-11879,column,3.6225,0.0,15.18,0.0
COL-B2F-11880,column,2.484,0.0,12.42,0.0
COL-B2F-11881,column,3.105,0.0,14.49,0.0
COL-B2F-11882,column,3.105,0.0,14.49,0.0
COL-B2F-11883,column,2.484,0.0,12.42,0.0
COL-B2F-11884,column,2.484,0.0,12.42,0.0
COL-B2F-11885,column,3.726,0.0,16.56,0.0
COL-B2F-11886,column,3.726,0.0,16.56,0.0
COL-B2F-11887,column,3.105,0.0,14.49,0.0
COL-B2F-11888,column,3.105,0.0,14.49,0.0
COL-B2F-11889,column,4.5861,0.0,17.933,0.0
COL-B2F-11890,column,2.484,0.0,12.42,0.0
COL-B2F-11891,column,3.105,0.0,14.49,0.0
COL-B2F-11892,column,3.105,0.0,14.49,0.0
COL-B2F-11893,column,3.105,0.0,14.49,0.0
COL-B2F-11894,column,3.105,0.0,14.49,0.0
COL-B2F-11895,column,3.105,0.0,14.49,0.0
COL-B2F-11896,column,3.105,0.0,14.49,0.0
COL-B2F-11897,column,3.105,0.0,14.49,0.0
COL-B2F-11898,column,2.484,0.0,12.42,0.0
COL-B2F-11899,column,4.416,0.0,16.56,0.0
COL-B2F-11900,column,4.14,0.0,17.94,0.0
COL-B2F-11901,column,4.83,0.0,18.63,0.0
COL-B2F-11902,column,4.83,0.0,18.63,0.0
COL-B2F-11903,column,4.14,0.0,17.94,0.0
COL-B2F-11904,column,4.14,0.0,15.87,0.0
COL-B2F-11905,column,4.14,0.0,15.87,0.0
COL-B2F-11906,column,4.14,0.0,15.87,0.0
COL-B2F-11907,column,4.416,0.0,16.56,0.0
COL-B2F-11908,column,4.14,0.0,15.87,0.0
COL-B2F-11909,column,4.14,0.0,15.87,0.0
COL-B2F-11910,column,4.14,0.0,15.87,0.0
COL-B2F-11911,column,4.14,0.0,15.87,0.0
COL-B2F-11912,column,3.105,0.0,14.49,0.0
COL-B2F-11913,column,5.796,0.0,20.01,0.0
COL-B2F-11914,column,3.105,0.0,14.49,0.0
COL-B2F-11915,column,3.105,0.0,14.49,0.0
COL-B2F-11916,column,2.07,0.0,11.04,0.0
COL-B2F-11917,column,2.484,0.0,12.42,0.0
COL-B2F-11918,column,2.484,0.0,12.42,0.0
COL-B2F-11919,column,1.863,0.0,10.35,0.0
COL-B2F-11920,column,1.863,0.0,10.35,0.0
COL-B2F-11921,column,2.484,0.0,12.42,0.0
COL-B2F-11922,column,3.312,0.0,15.18,0.0
COL-B2F-11923,column,2.898,0.0,13.8,0.0
COL-B2F-11924,column,2.07,0.0,11.04,0.0
COL-B2F-11925,column,2.484,0.0,12.42,0.0
COL-B2F-11926,column,2.07,0.0,11.04,0.0
COL-B2F-11927,column,2.07,0.0,11.04,0.0
COL-B2F-11928,column,2.484,0.0,12.42,0.0
COL-B2F-11929,column,3.726,0.0,16.56,0.0
COL-B2F-11930,column,4.554,0.0,19.32,0.0
COL-B2F-11931,column,5.175,0.0,17.25,0.0
COL-B2F-11932,column,5.175,0.0,17.25,0.0
COL-B2F-11933,column,2.898,0.0,13.8,0.0
COL-B2F-11934,column,5.175,0.0,17.25,0.0
COL-B2F-11935,column,5.175,0.0,17.25,0.0
COL-B2F-11936,column,3.4155,0.0,13.8,0.0
COL-B2F-11937,column,5.8305,0.0,17.94,0.0
COL-B2F-11938,column,5.8305,0.0,17.94,0.0
COL-B2F-11939,column,3.726,0.0,16.56,0.0
COL-B2F-11940,column,4.14,0.0,15.18,0.0
COL-B2F-11941,column,2.07,0.0,11.04,0.0
COL-B2F-11942,column,2.415,0.0,11.73,0.0
COL-B2F-11943,column,2.484,0.0,12.42,0.0
COL-B2F-11944,column,6.7746,0.0,19.361,0.0
COL-B2F-11945,column,2.07,0.0,11.04,0.0
COL-B2F-11946,column,0.3105,0.0,5.175,0.0
COL-B2F-11947,column,0.3105,0.0,5.175,0.0
COL-B2F-11948,column,0.3881,0.0,6.21,0.0
COL-B2F-11949,column,0.3881,0.0,6.21,0.0
COL-B2F-11950,column,0.3881,0.0,6.21,0.0
COL-B2F-11951,column,0.3881,0.0,6.21,0.0
COL-B2F-11952,column,6.21,0.0,18.63,0.0
COL-B2F-11953,column,6.21,0.0,18.63,0.0
COL-B2F-11954,column,8.3827,0.0,21.576,0.0
COL-B2F-11955,column,1.1716,0.0,8.618,0.0
COL-B2F-11956,column,1.035,0.0,7.935,0.0
COL-B2F-11957,column,4.1366,0.0,15.173,0.0
COL-B2F-11958,column,4.83,0.0,18.63,0.0
COL-B2F-11959,column,4.83,0.0,18.63,0.0
COL-B2F-11960,column,4.14,0.0,17.94,0.0
COL-B2F-11961,column,4.1372,0.0,15.863,0.0
COL-B2F-11962,column,4.14,0.0,15.87,0.0
COL-B2F-11963,column,4.14,0.0,17.94,0.0
COL-B2F-11964,column,4.14,0.0,15.87,0.0
COL-B2F-11965,column,4.416,0.0,16.56,0.0
COL-B2F-11966,column,7.5309,0.0,20.403,0.0
COL-B2F-11967,column,7.5309,0.0,20.403,0.0
COL-B2F-11968,column,14.3636,0.0,28.18,0.0
COL-B2F-11969,column,7.5309,0.0,20.403,0.0
COL-B2F-11970,column,7.3392,0.0,20.334,0.0
COL-B2F-11971,column,7.3392,0.0,20.334,0.0
COL-B2F-11972,column,7.3392,0.0,20.334,0.0
COL-B2F-11973,column,7.3392,0.0,20.334,0.0
COL-B2F-11974,column,3.726,0.0,16.56,0.0
COL-B2F-11975,column,4.554,0.0,19.32,0.0
COL-B2F-11976,column,3.726,0.0,16.56,0.0
COL-B2F-11977,column,2.898,0.0,13.8,0.0
COL-B2F-11978,column,5.175,0.0,17.25,0.0
COL-B2F-11979,column,5.175,0.0,17.25,0.0
COL-B2F-11980,column,5.175,0.0,17.25,0.0
COL-B2F-11981,column,5.175,0.0,17.25,0.0
COL-B2F-11982,column,5.8305,0.0,17.94,0.0
COL-B2F-11983,column,5.8305,0.0,17.94,0.0
COL-B2F-11984,column,3.4155,0.0,13.8,0.0
COL-B2F-11985,column,2.484,0.0,12.42,0.0
COL-B2F-11986,column,1.863,0.0,10.35,0.0
COL-B2F-11987,column,1.863,0.0,10.35,0.0
COL-B2F-11988,column,2.484,0.0,12.42,0.0
COL-B2F-11989,column,2.898,0.0,13.8,0.0
COL-B2F-11990,column,2.07,0.0,11.04,0.0
COL-B2F-11991,column,2.07,0.0,11.04,0.0
COL-B2F-11992,column,2.484,0.0,12.42,0.0
COL-B2F-11993,column,3.3099,0.0,15.173,0.0
COL-B2F-11994,column,2.07,0.0,11.04,0.0
COL-B2F-11995,column,1.2075,0.0,8.28,0.0
COL-B2F-11996,column,1.2075,0.0,8.28,0.0
COL-B2F-11997,column,1.2075,0.0,8.28,0.0
COL-B2F-11998,column,1.2075,0.0,8.28,0.0
COL-B2F-11999,column,1.2075,0.0,8.28,0.0
COL-B2F-12000,column,4.968,0.0,16.56,0.0
COL-B2F-12001,column,2.484,0.0,12.42,0.0
COL-B2F-12002,column,2.07,0.0,11.04,0.0
COL-B2F-12003,column,2.07,0.0,11.04,0.0
COL-B2F-12004,column,6.762,0.0,19.32,0.0
COL-B2F-12005,column,4.968,0.0,16.56,0.0
COL-B2F-12006,column,4.968,0.0,16.56,0.0
COL-B2F-12007,column,4.968,0.0,16.56,0.0
COL-B2F-12008,column,1.104,0.0,8.28,0.0
COL-B2F-12009,column,1.104,0.0,8.28,0.0
COL-B2F-12010,column,1.104,0.0,8.28,0.0
COL-B2F-12011,column,1.2075,0.0,8.28,0.0
COL-B2F-12012,column,1.104,0.0,8.28,0.0
COL-B2F-12013,column,1.104,0.0,8.28,0.0
COL-B2F-12014,column,1.104,0.0,8.28,0.0
COL-B2F-12015,column,1.104,0.0,8.28,0.0
COL-B2F-12016,column,1.104,0.0,8.28,0.0
COL-B2F-12017,column,1.104,0.0,8.28,0.0
COL-B2F-12018,column,4.14,0.0,15.18,0.0
COL-B2F-12019,column,2.07,0.0,11.04,0.0
COL-B2F-12020,column,2.415,0.0,11.73,0.0
COL-B2F-12021,column,2.484,0.0,12.42,0.0
COL-B2F-12022,column,6.7746,0.0,19.361,0.0
COL-B2F-12023,column,3.6225,0.0,15.18,0.0
COL-B2F-12024,column,2.484,0.0,12.42,0.0
COL-B2F-12025,column,3.105,0.0,14.49,0.0
COL-B2F-12026,column,3.105,0.0,14.49,0.0
COL-B2F-12027,column,1.2075,0.0,8.28,0.0
COL-B2F-12028,column,1.2075,0.0,8.28,0.0
COL-B2F-12029,column,4.14,0.0,15.87,0.0
COL-B2F-12030,column,2.484,0.0,12.42,0.0
COL-B2F-12031,column,2.691,0.0,13.11,0.0
COL-B2F-12032,column,10.5993,0.0,24.212,0.0
COL-B2F-12033,column,2.362,0.0,11.447,0.0
COL-B2F-12034,column,3.0998,0.0,14.483,0.0
COL-B2F-12035,column,3.312,0.0,15.18,0.0
COL-B2F-12036,column,3.726,0.0,16.56,0.0
COL-B2F-12037,column,2.484,0.0,12.42,0.0
COL-B2F-12038,column,2.484,0.0,12.42,0.0
COL-B2F-12039,column,5.7471,0.0,17.899,0.0
COL-B2F-12040,column,5.1693,0.0,16.96,0.0
COL-B2F-12041,column,6.7746,0.0,19.361,0.0
COL-B2F-12042,column,6.7746,0.0,19.361,0.0
COL-B2F-12043,column,12.3327,0.0,26.137,0.0
COL-B2F-12044,column,3.105,0.0,14.49,0.0
COL-B2F-12045,column,4.1055,0.0,16.56,0.0
COL-B2F-12046,column,2.484,0.0,12.42,0.0
COL-B2F-12047,column,2.4799,0.0,12.413,0.0
COL-B2F-12048,column,3.105,0.0,14.49,0.0
COL-B2F-12049,column,3.0998,0.0,14.483,0.0
COL-B2F-12050,column,7.9068,0.0,20.99,0.0
COL-B2F-12051,column,7.2135,0.0,20.038,0.0
COL-B2F-12052,column,7.2135,0.0,20.038,0.0
COL-B2F-12053,column,7.2135,0.0,20.038,0.0
COL-B2F-12054,column,7.2135,0.0,20.038,0.0
COL-B2F-12055,column,7.2135,0.0,20.038,0.0
COL-B2F-12056,column,1.2075,0.0,8.28,0.0
COL-B2F-12057,column,1.2075,0.0,8.28,0.0
COL-B2F-12058,column,1.2075,0.0,8.28,0.0
COL-B2F-12059,column,1.2075,0.0,8.28,0.0
COL-B2F-12060,column,2.3708,0.0,11.447,0.0
COL-B2F-12061,column,1.2075,0.0,8.28,0.0
COL-B2F-12062,column,9.7409,0.0,23.232,0.0
COL-B2F-12063,column,9.7409,0.0,23.232,0.0
COL-B2F-12064,column,4.5885,0.0,17.94,0.0
COL-B2F-12065,column,3.105,0.0,14.49,0.0
COL-B2F-12066,column,7.4699,0.0,20.334,0.0
COL-B2F-12067,column,1.2051,0.0,8.273,0.0
COL-B2F-12068,column,1.2075,0.0,8.28,0.0
COL-B2F-12069,column,1.2075,0.0,8.28,0.0
COL-B2F-12070,column,1.2075,0.0,8.28,0.0
COL-B2F-12071,column,1.7499,0.0,10.033,0.0
COL-B2F-12072,column,1.7499,0.0,10.033,0.0
COL-B2F-12073,column,8.8175,0.0,22.094,0.0
COL-B2F-12074,column,9.6001,0.0,23.06,0.0
COL-B2F-12075,column,4.14,0.0,15.87,0.0
COL-B2F-12076,column,4.14,0.0,15.87,0.0
COL-B2F-12077,column,2.4799,0.0,12.413,0.0
COL-B2F-12078,column,2.484,0.0,12.42,0.0
COL-B2F-12079,column,3.6225,0.0,15.18,0.0
COL-B2F-12080,column,3.0998,0.0,14.483,0.0
COL-B2F-12081,column,4.0996,0.0,16.553,0.0
COL-B2F-12082,column,3.105,0.0,14.49,0.0
COL-B2F-12083,column,4.8276,0.0,18.623,0.0
COL-B2F-12084,column,2.6865,0.0,13.103,0.0
COL-B2F-12085,column,2.484,0.0,12.42,0.0
COL-B2F-12086,column,1.104,0.0,8.28,0.0
COL-B2F-12087,column,7.327,0.0,20.169,0.0
COL-B2F-12088,column,0.3105,0.0,5.175,0.0
COL-B2F-12089,column,0.3105,0.0,5.175,0.0
COL-B2F-12090,column,16.2373,0.0,30.063,0.0
COL-B2F-12091,column,16.8109,0.0,30.505,0.0
COL-B2F-12092,column,6.9831,0.0,21.728,0.0
COL-B2F-12093,column,6.9831,0.0,21.728,0.0
COL-B2F-12094,column,6.9831,0.0,21.728,0.0
COL-B2F-12095,column,6.9831,0.0,21.728,0.0
COL-B2F-12096,column,16.2373,0.0,30.063,0.0
COL-B2F-12097,column,16.2373,0.0,30.063,0.0
COL-B2F-12098,column,16.8109,0.0,30.505,0.0
COL-B2F-12099,column,16.8109,0.0,30.505,0.0
COL-B2F-12100,column,16.8109,0.0,30.505,0.0
COL-B2F-12101,column,6.9831,0.0,21.728,0.0
COL-B2F-12102,column,6.9831,0.0,21.728,0.0
COL-B2F-12103,column,6.9831,0.0,21.728,0.0
COL-B2F-12104,column,16.2373,0.0,30.063,0.0
COL-B2F-12105,column,16.2373,0.0,30.063,0.0
COL-B2F-12106,column,16.2373,0.0,30.063,0.0
COL-B2F-12107,column,16.8109,0.0,30.505,0.0
COL-B2F-12108,column,16.8109,0.0,30.505,0.0
COL-B2F-12109,column,16.8109,0.0,30.505,0.0
COL-B2F-12110,column,6.9831,0.0,21.728,0.0
COL-B2F-12111,column,6.9831,0.0,21.728,0.0
COL-B2F-12112,column,6.9831,0.0,21.728,0.0
COL-B2F-12113,column,16.2373,0.0,30.063,0.0
COL-B2F-12114,column,16.2373,0.0,30.063,0.0
COL-B2F-12115,column,16.2373,0.0,30.063,0.0
COL-B2F-12116,column,16.8109,0.0,30.505,0.0
COL-B2F-12117,column,16.8109,0.0,30.505,0.0
COL-B2F-12118,column,16.8109,0.0,30.505,0.0
COL-B2F-12119,column,16.2373,0.0,30.063,0.0
COL-B2F-12120,column,16.2373,0.0,30.063,0.0
COL-B2F-12121,column,16.2373,0.0,30.063,0.0
COL-B2F-12122,column,16.8109,0.0,30.505,0.0
COL-B2F-12123,column,16.8109,0.0,30.505,0.0
COL-B2F-12124,column,16.8109,0.0,30.505,0.0
COL-B2F-12125,column,2.2947,0.0,12.675,0.0
COL-B2F-12126,column,15.2788,0.0,29.049,0.0
COL-B2F-12127,column,15.2788,0.0,29.049,0.0
COL-B2F-12128,column,9.5729,0.0,23.032,0.0
BM-B2F-0001,beam,57.024,0.0,356.4,178.2
BM-B2F-0002,beam,57.024,0.0,356.4,178.2
BM-B2F-0003,beam,57.024,0.0,356.4,178.2
BM-B2F-0004,beam,57.024,0.0,356.4,178.2
BM-B2F-0005,beam,87.318,0.0,374.22,178.2
BM-B2F-0006,beam,403.2,0.0,2520.0,1260.0
BM-B2F-0007,beam,403.2,0.0,2520.0,1260.0
BM-B2F-0008,beam,57.024,0.0,356.4,178.2
BM-B2F-0009,beam,57.024,0.0,356.4,178.2
BM-B2F-0010,beam,57.024,0.0,356.4,178.2
BM-B2F-0011,beam,87.318,0.0,374.22,178.2
BM-B2F-0012,beam,1.0753,0.0,6.721,3.36
BM-B2F-0013,beam,1.0753,0.0,6.721,3.36
BM-B2F-0014,beam,1.0753,0.0,6.721,3.36
BM-B2F-0015,beam,1.0753,0.0,6.721,3.36
BM-B2F-0016,beam,1.0753,0.0,6.721,3.36
BM-B2F-0017,beam,1.0753,0.0,6.721,3.36
BM-B2F-0018,beam,1.0753,0.0,6.721,3.36
BM-B2F-0019,beam,1.0753,0.0,6.721,3.36
BM-B2F-0020,beam,1.0753,0.0,6.721,3.36
BM-B2F-0021,beam,1.0753,0.0,6.721,3.36
BM-B2F-0022,beam,1.0753,0.0,6.721,3.36
BM-B2F-0023,beam,1.0753,0.0,6.721,3.36
BM-B2F-0024,beam,1.0753,0.0,6.721,3.36
BM-B2F-0025,beam,1.0753,0.0,6.721,3.36
BM-B2F-0026,beam,1.0753,0.0,6.721,3.36
BM-B2F-0027,beam,1.0753,0.0,6.721,3.36
BM-B2F-0028,beam,1.0753,0.0,6.721,3.36
BM-B2F-0029,beam,1.0753,0.0,6.721,3.36
BM-B2F-0030,beam,1.0753,0.0,6.721,3.36
BM-B2F-0031,beam,1.0753,0.0,6.721,3.36
BM-B2F-0032,beam,1.0753,0.0,6.721,3.36
BM-B2F-0033,beam,1.0753,0.0,6.721,3.36
BM-B2F-0034,beam,1.0753,0.0,6.721,3.36
BM-B2F-0035,beam,1.0753,0.0,6.721,3.36
BM-B2F-0036,beam,1.0753,0.0,6.721,3.36
BM-B2F-0037,beam,1.0753,0.0,6.721,3.36
BM-B2F-0038,beam,1.0753,0.0,6.721,3.36
BM-B2F-0039,beam,1.0753,0.0,6.721,3.36
BM-B2F-0040,beam,1.0753,0.0,6.721,3.36
BM-B2F-0041,beam,1.0753,0.0,6.721,3.36
BM-B2F-0042,beam,1.0753,0.0,6.721,3.36
BM-B2F-0043,beam,1.0753,0.0,6.721,3.36
BM-B2F-0044,beam,1.0753,0.0,6.721,3.36
BM-B2F-0045,beam,1.0753,0.0,6.721,3.36
BM-B2F-0046,beam,0.7456,0.0,4.66,2.33
BM-B2F-0047,beam,0.7456,0.0,4.66,2.33
WL-B2F-0001,wall,0.0,0.0,0.0,0.0
WL-B2F-0002,wall,0.0248,0.207,0.414,0.06
WL-B2F-0003,wall,0.9212,4.606,9.212,1.335
WL-B2F-0004,wall,0.6997,5.83,11.661,1.69
WL-B2F-0005,wall,0.1373,0.69,1.38,0.2
WL-B2F-0006,wall,0.0,0.0,0.0,0.0
WL-B2F-0007,wall,0.0378,0.19,0.379,0.055
WL-B2F-0008,wall,0.069,0.345,0.69,0.1
WL-B2F-0009,wall,0.7038,3.519,7.038,1.02
WL-B2F-0010,wall,0.59,2.95,5.899,0.855
WL-B2F-0011,wall,1.3628,6.814,13.628,1.975
WL-B2F-0012,wall,0.0794,0.397,0.794,0.115
WL-B2F-0013,wall,1.242,6.21,12.42,1.8
WL-B2F-0014,wall,0.5071,2.536,5.072,0.735
WL-B2F-0015,wall,1.173,5.865,11.73,1.7
WL-B2F-0016,wall,0.5796,2.898,5.796,0.84
WL-B2F-0017,wall,0.9798,4.899,9.798,1.42
WL-B2F-0018,wall,0.276,1.38,2.76,0.4
WL-B2F-0019,wall,0.1828,0.914,1.828,0.265
WL-B2F-0020,wall,0.0,0.0,0.0,0.0
WL-B2F-0021,wall,0.0687,0.345,0.69,0.1
WL-B2F-0022,wall,0.0,0.0,0.0,0.0
WL-B2F-0023,wall,0.0535,0.535,1.07,0.155
WL-B2F-0024,wall,0.0687,0.345,0.69,0.1
WL-B2F-0025,wall,0.0,0.0,0.0,0.0
WL-B2F-0026,wall,0.0,0.0,0.0,0.0
WL-B2F-0027,wall,0.0,0.0,0.0,0.0
WL-B2F-0028,wall,0.0,0.0,0.0,0.0
WL-B2F-0029,wall,0.0,0.0,0.0,0.0
WL-B2F-0030,wall,0.8487,4.243,8.487,1.23
WL-B2F-0031,wall,1.3041,6.521,13.041,1.89
WL-B2F-0032,wall,1.0178,5.089,10.178,1.475
WL-B2F-0033,wall,0.0655,0.328,0.655,0.095
WL-B2F-0034,wall,0.5836,3.26,6.521,0.945
WL-B2F-0035,wall,3.2508,16.336,32.672,4.735
WL-B2F-0036,wall,0.4485,2.243,4.485,0.65
WL-B2F-0037,wall,0.897,4.485,8.97,1.3
WL-B2F-0038,wall,0.9246,4.623,9.246,1.34
WL-B2F-0039,wall,0.6969,3.485,6.969,1.01
WL-B2F-0040,wall,1.2213,6.107,12.213,1.77
WL-B2F-0041,wall,1.0004,5.589,11.178,1.62
WL-B2F-0042,wall,1.0945,3.648,7.297,1.057
WL-B2F-0043,wall,0.0324,0.328,0.656,0.095
WL-B2F-0044,wall,0.314,1.57,3.14,0.455
WL-B2F-0045,wall,0.3695,0.725,1.449,0.21
WL-B2F-0046,wall,0.3616,0.69,1.38,0.2
WL-B2F-0047,wall,0.3604,1.811,3.623,0.525
WL-B2F-0048,wall,0.3547,0.69,1.38,0.2
WL-B2F-0049,wall,0.6831,3.415,6.831,0.99
WL-B2F-0050,wall,0.3105,1.553,3.105,0.45
WL-B2F-0051,wall,0.2863,1.432,2.863,0.415
WL-B2F-0052,wall,1.0005,5.003,10.005,1.45
WL-B2F-0053,wall,0.2891,0.69,1.38,0.2
WL-B2F-0054,wall,1.071,5.382,10.764,1.56
WL-B2F-0055,wall,1.1603,5.83,11.661,1.69
WL-B2F-0056,wall,0.4463,2.243,4.485,0.65
WL-B2F-0057,wall,0.7895,3.967,7.935,1.15
WL-B2F-0058,wall,0.6003,3.002,6.003,0.87
WL-B2F-0059,wall,0.5244,2.622,5.244,0.76
WL-B2F-0060,wall,0.9798,4.899,9.798,1.42
WL-B2F-0061,wall,0.9936,5.52,11.04,1.6
WL-B2F-0062,wall,0.5879,4.899,9.798,1.42
WL-B2F-0063,wall,1.5401,8.556,17.112,2.48
WL-B2F-0064,wall,1.2969,7.245,14.49,2.1
WL-B2F-0065,wall,1.0619,5.899,11.799,1.71
WL-B2F-0066,wall,1.0367,5.21,10.419,1.51
WL-B2F-0067,wall,0.4943,2.484,4.968,0.72
WL-B2F-0068,wall,0.3795,1.898,3.795,0.55
WL-B2F-0069,wall,1.4418,7.245,14.49,2.1
WL-B2F-0070,wall,0.7935,3.967,7.935,1.15
WL-B2F-0071,wall,0.1476,0.742,1.483,0.215
WL-B2F-0072,wall,1.0924,2.57,5.14,0.745
WL-B2F-0073,wall,0.3864,1.932,3.864,0.56
WL-B2F-0074,wall,0.9384,4.692,9.384,1.36
WL-B2F-0075,wall,0.138,0.69,1.38,0.2
WL-B2F-0076,wall,2.553,12.765,25.53,3.7
WL-B2F-0077,wall,0.1932,0.966,1.932,0.28
WL-B2F-0078,wall,0.8418,4.209,8.418,1.22
WL-B2F-0079,wall,1.7457,8.728,17.457,2.53
WL-B2F-0080,wall,0.0359,0.362,0.724,0.105
WL-B2F-0081,wall,1.4076,7.038,14.076,2.04
WL-B2F-0082,wall,0.4531,2.277,4.554,0.66
WL-B2F-0083,wall,1.2969,7.245,14.49,2.1
WL-B2F-0084,wall,0.6044,5.037,10.074,1.46
WL-B2F-0085,wall,1.9624,10.902,21.804,3.16
WL-B2F-0086,wall,0.2339,0.69,1.38,0.2
WL-B2F-0087,wall,0.2334,1.173,2.346,0.34
WL-B2F-0088,wall,0.9246,4.623,9.246,1.34
WL-B2F-0089,wall,0.5589,2.795,5.589,0.81
WL-B2F-0090,wall,0.5836,2.933,5.865,0.85
WL-B2F-0091,wall,0.9763,4.882,9.763,1.415
WL-B2F-0092,wall,0.2001,1.0,2.001,0.29
WL-B2F-0093,wall,1.8251,9.125,18.251,2.645
WL-B2F-0094,wall,1.4421,7.211,14.421,2.09
WL-B2F-0095,wall,2.2296,11.204,22.408,3.247
WL-B2F-0096,wall,0.4497,2.26,4.52,0.655
WL-B2F-0097,wall,0.5209,2.605,5.209,0.755
WL-B2F-0098,wall,1.656,8.28,16.56,2.4
WL-B2F-0099,wall,0.276,1.38,2.76,0.4
WL-B2F-0100,wall,2.7186,13.593,27.186,3.94
WL-B2F-0101,wall,2.5368,12.748,25.496,3.695
WL-B2F-0102,wall,1.656,8.28,16.56,2.4
WL-B2F-0103,wall,0.0,0.0,0.0,0.0
WL-B2F-0104,wall,0.5209,2.605,5.209,0.755
WL-B2F-0105,wall,3.0483,15.318,30.636,4.44
WL-B2F-0106,wall,0.169,0.845,1.69,0.245
WL-B2F-0107,wall,2.1071,6.02,12.041,1.745
WL-B2F-0108,wall,0.1035,0.518,1.035,0.15
WL-B2F-0109,wall,1.932,9.66,19.32,2.8
WL-B2F-0110,wall,0.6831,3.416,6.831,0.99
WL-B2F-0111,wall,2.3068,11.592,23.184,3.36
WL-B2F-0112,wall,0.9028,4.537,9.074,1.315
WL-B2F-0113,wall,0.8625,4.313,8.625,1.25
WL-B2F-0114,wall,0.1785,0.897,1.794,0.26
WL-B2F-0115,wall,0.7521,3.761,7.521,1.09
WL-B2F-0116,wall,0.069,0.345,0.69,0.1
WL-B2F-0117,wall,0.659,3.295,6.59,0.955
WL-B2F-0118,wall,0.0,0.0,0.0,0.0
WL-B2F-0119,wall,0.1104,0.552,1.104,0.16
WL-B2F-0120,wall,0.2535,1.267,2.535,0.367
WL-B2F-0121,wall,5.5549,27.774,55.549,8.051
WL-B2F-0122,wall,0.1104,0.552,1.104,0.16
WL-B2F-0123,wall,0.1,0.5,1.0,0.145
WL-B2F-0124,wall,0.0657,0.552,1.104,0.16
WL-B2F-0125,wall,1.687,8.435,16.87,2.445
WL-B2F-0126,wall,4.0497,20.248,40.497,5.869
WL-B2F-0127,wall,1.0246,5.123,10.246,1.485
WL-B2F-0128,wall,3.866,19.33,38.66,5.603
WL-B2F-0129,wall,0.1634,0.821,1.642,0.238
WL-B2F-0130,wall,0.0,0.0,0.0,0.0
WL-B2F-0131,wall,0.1794,0.897,1.794,0.26
WL-B2F-0132,wall,3.6155,18.168,36.337,5.266
WL-B2F-0133,wall,0.8384,4.658,9.315,1.35
WL-B2F-0134,wall,1.3697,6.883,13.765,1.995
WL-B2F-0135,wall,0.5836,2.933,5.865,0.85
WL-B2F-0136,wall,0.3554,0.69,1.38,0.2
WL-B2F-0137,wall,0.2864,1.432,2.864,0.415
WL-B2F-0138,wall,0.9039,4.52,9.039,1.31
WL-B2F-0139,wall,0.2898,0.69,1.38,0.2
WL-B2F-0140,wall,1.071,5.382,10.764,1.56
WL-B2F-0141,wall,1.3903,6.952,13.903,2.015
WL-B2F-0142,wall,1.1661,5.83,11.661,1.69
WL-B2F-0143,wall,0.2197,1.104,2.208,0.32
WL-B2F-0144,wall,0.0069,0.034,0.069,0.01
WL-B2F-0145,wall,0.4463,2.243,4.485,0.65
WL-B2F-0146,wall,0.7895,3.967,7.935,1.15
WL-B2F-0147,wall,0.6003,3.002,6.003,0.87
WL-B2F-0148,wall,0.5244,2.622,5.244,0.76
WL-B2F-0149,wall,0.9749,4.899,9.798,1.42
WL-B2F-0150,wall,0.9936,5.52,11.04,1.6
WL-B2F-0151,wall,1.5401,8.556,17.112,2.48
WL-B2F-0152,wall,1.2969,7.245,14.49,2.1
WL-B2F-0153,wall,0.2884,1.449,2.898,0.42
WL-B2F-0154,wall,0.8788,4.416,8.832,1.28
WL-B2F-0155,wall,1.0333,5.192,10.385,1.505
WL-B2F-0156,wall,3.1049,15.603,31.205,4.523
WL-B2F-0157,wall,0.4806,2.415,4.83,0.7
WL-B2F-0158,wall,0.1442,0.725,1.449,0.21
WL-B2F-0159,wall,1.7561,8.78,17.561,2.545
WL-B2F-0160,wall,2.5368,12.748,25.495,3.695
WL-B2F-0161,wall,1.4421,7.211,14.421,2.09
WL-B2F-0162,wall,2.705,13.593,27.186,3.94
WL-B2F-0163,wall,0.452,2.26,4.52,0.655
WL-B2F-0164,wall,0.521,2.605,5.21,0.755
WL-B2F-0165,wall,1.656,8.28,16.56,2.4
WL-B2F-0166,wall,0.206,1.035,2.07,0.3
WL-B2F-0167,wall,1.056,5.899,11.799,1.71
WL-B2F-0168,wall,1.0419,5.21,10.419,1.51
WL-B2F-0169,wall,0.4943,2.484,4.968,0.72
WL-B2F-0170,wall,0.3795,1.898,3.795,0.55
WL-B2F-0171,wall,1.449,7.245,14.49,2.1
WL-B2F-0172,wall,0.7895,3.967,7.935,1.15
WL-B2F-0173,wall,0.1476,0.742,1.483,0.215
WL-B2F-0174,wall,1.0924,2.57,5.141,0.745
WL-B2F-0175,wall,0.3845,1.932,3.864,0.56
WL-B2F-0176,wall,0.9384,4.692,9.384,1.36
WL-B2F-0177,wall,0.1373,0.69,1.38,0.2
WL-B2F-0178,wall,2.553,12.765,25.53,3.7
WL-B2F-0179,wall,0.1932,0.966,1.932,0.28
WL-B2F-0180,wall,0.8418,4.209,8.418,1.22
WL-B2F-0181,wall,1.7457,8.728,17.457,2.53
WL-B2F-0182,wall,0.0359,0.362,0.725,0.105
WL-B2F-0183,wall,1.4006,7.038,14.076,2.04
WL-B2F-0184,wall,0.4531,2.277,4.554,0.66
WL-B2F-0185,wall,1.3041,7.245,14.49,2.1
WL-B2F-0186,wall,0.5994,5.037,10.074,1.46
WL-B2F-0187,wall,1.9515,10.902,21.804,3.16
WL-B2F-0188,wall,0.2346,0.69,1.38,0.2
WL-B2F-0189,wall,0.2334,1.173,2.346,0.34
WL-B2F-0190,wall,0.92,4.623,9.246,1.34
WL-B2F-0191,wall,0.5589,2.795,5.589,0.81
WL-B2F-0192,wall,0.5865,2.933,5.865,0.85
WL-B2F-0193,wall,0.6452,3.226,6.452,0.935
WL-B2F-0194,wall,0.1828,0.914,1.828,0.265
WL-B2F-0195,wall,0.0,0.0,0.0,0.0
WL-B2F-0196,wall,0.6348,0.69,1.38,0.2
WL-B2F-0197,wall,0.0,0.0,0.0,0.0
WL-B2F-0198,wall,0.0,0.0,0.0,0.0
WL-B2F-0199,wall,0.0687,0.345,0.69,0.1
WL-B2F-0200,wall,0.8418,0.69,1.38,0.2
WL-B2F-0201,wall,0.0,0.0,0.0,0.0
WL-B2F-0202,wall,0.3864,0.345,0.69,0.1
WL-B2F-0203,wall,0.0535,0.535,1.069,0.155
WL-B2F-0204,wall,2.6462,2.243,4.485,0.65
WL-B2F-0205,wall,0.3673,1.846,3.692,0.535
WL-B2F-0206,wall,0.0,0.0,0.0,0.0
WL-B2F-0207,wall,0.0,0.0,0.0,0.0
WL-B2F-0208,wall,7.6866,9.608,19.217,2.785
WL-B2F-0209,wall,0.0,0.0,0.0,0.0
WL-B2F-0210,wall,0.0,0.0,0.0,0.0
WL-B2F-0211,wall,0.0,0.0,0.0,0.0
WL-B2F-0212,wall,0.0,0.0,0.0,0.0
WL-B2F-0213,wall,0.0,0.0,0.0,0.0
WL-B2F-0214,wall,0.0,0.0,0.0,0.0
WL-B2F-0215,wall,0.8487,4.243,8.487,1.23
WL-B2F-0216,wall,0.7038,0.69,1.38,0.2
WL-B2F-0217,wall,1.2976,6.521,13.041,1.89
WL-B2F-0218,wall,1.0127,5.089,10.177,1.475
WL-B2F-0219,wall,0.1897,0.949,1.897,0.275
WL-B2F-0220,wall,0.0,0.0,0.0,0.0
WL-B2F-0221,wall,0.0655,0.328,0.655,0.095
WL-B2F-0222,wall,2.6295,13.214,26.427,3.83
WL-B2F-0223,wall,0.2182,0.19,0.379,0.055
WL-B2F-0224,wall,0.3622,1.811,3.622,0.525
WL-B2F-0225,wall,0.897,4.485,8.97,1.3
WL-B2F-0226,wall,0.9246,4.623,9.246,1.34
WL-B2F-0227,wall,0.6969,3.485,6.969,1.01
WL-B2F-0228,wall,1.2152,6.107,12.213,1.77
WL-B2F-0229,wall,0.3709,3.709,7.417,1.075
WL-B2F-0230,wall,0.0,0.0,0.0,0.0
WL-B2F-0231,wall,0.7038,0.69,1.38,0.2
WL-B2F-0232,wall,0.0248,0.207,0.414,0.06
WL-B2F-0233,wall,0.9212,4.606,9.212,1.335
WL-B2F-0234,wall,0.7031,0.69,1.38,0.2
WL-B2F-0235,wall,0.6997,5.83,11.661,1.69
WL-B2F-0236,wall,7.0013,5.623,11.247,1.63
WL-B2F-0237,wall,3.0601,15.301,30.601,4.435
WL-B2F-0238,wall,0.0,0.0,0.0,0.0
WL-B2F-0239,wall,0.0378,0.19,0.379,0.055
WL-B2F-0240,wall,0.0,0.0,0.0,0.0
WL-B2F-0241,wall,0.1247,1.259,2.518,0.365
WL-B2F-0242,wall,0.0,0.0,0.0,0.0
WL-B2F-0243,wall,1.0298,5.175,10.35,1.5
WL-B2F-0244,wall,0.0,0.0,0.0,0.0
WL-B2F-0245,wall,0.0,0.0,0.0,0.0
WL-B2F-0246,wall,0.7038,3.519,7.038,1.02
WL-B2F-0247,wall,0.5865,2.932,5.865,0.85
WL-B2F-0248,wall,2.622,2.76,5.52,0.8
WL-B2F-0249,wall,1.2701,6.383,12.765,1.85
WL-B2F-0250,wall,0.0794,0.397,0.794,0.115
WL-B2F-0251,wall,0.7038,0.69,1.38,0.2
WL-B2F-0252,wall,1.242,6.21,12.42,1.8
WL-B2F-0253,wall,0.5071,2.536,5.071,0.735
WL-B2F-0254,wall,0.6348,0.69,1.38,0.2
WL-B2F-0255,wall,0.8418,0.69,1.38,0.2
WL-B2F-0256,wall,1.173,5.865,11.73,1.7
WL-B2F-0257,wall,0.5767,2.898,5.796,0.84
WL-B2F-0258,wall,0.9798,4.899,9.798,1.42
WL-B2F-0259,wall,0.2746,1.38,2.76,0.4
WL-B2F-0260,wall,1.6387,3.277,6.555,0.95
WL-B2F-0261,wall,0.0,0.0,0.0,0.0
WL-B2F-0262,wall,0.5664,2.846,5.692,0.825
WL-B2F-0263,wall,1.8285,9.143,18.285,2.65
WL-B2F-0264,wall,6.8596,5.813,11.627,1.685
WL-B2F-0265,wall,0.238,1.19,2.381,0.345
WL-B2F-0266,wall,6.0548,5.175,10.35,1.5
WL-B2F-0267,wall,2.1043,10.574,21.149,3.065
WL-B2F-0268,wall,0.0,0.0,0.0,0.0
WL-B2F-0269,wall,0.8418,0.69,1.38,0.2
WL-B2F-0270,wall,1.6958,8.522,17.043,2.47
WL-B2F-0271,wall,0.7521,3.761,7.521,1.09
WL-B2F-0272,wall,0.4278,0.69,1.38,0.2
WL-B2F-0273,wall,1.9223,9.66,19.32,2.8
WL-B2F-0274,wall,2.3068,11.592,23.184,3.36
WL-B2F-0275,wall,0.0,0.0,0.0,0.0
WL-B2F-0276,wall,0.9062,4.554,9.108,1.32
WL-B2F-0277,wall,0.9074,4.537,9.074,1.315
WL-B2F-0278,wall,5.0298,4.123,8.245,1.195
WL-B2F-0279,wall,0.8582,4.313,8.625,1.25
WL-B2F-0280,wall,0.1785,0.897,1.794,0.26
WL-B2F-0281,wall,0.7521,3.761,7.521,1.09
WL-B2F-0282,wall,0.6181,3.09,6.181,0.896
WL-B2F-0283,wall,0.2522,1.267,2.535,0.367
WL-B2F-0284,wall,0.0657,0.552,1.104,0.16
WL-B2F-0285,wall,2.9691,14.845,29.691,4.303
WL-B2F-0286,wall,1.3621,6.81,13.621,1.974
WL-B2F-0287,wall,0.1104,0.552,1.104,0.16
WL-B2F-0288,wall,0.1,0.5,1.0,0.145
WL-B2F-0289,wall,0.0657,0.552,1.104,0.16
WL-B2F-0290,wall,1.6786,8.435,16.87,2.445
WL-B2F-0291,wall,2.3508,11.754,23.508,3.407
WL-B2F-0292,wall,1.1228,5.614,11.228,1.627
WL-B2F-0293,wall,1.0798,5.399,10.798,1.565
WL-B2F-0294,wall,3.0224,15.112,30.224,4.38
WL-B2F-0295,wall,2.8535,14.267,28.535,4.135
WL-B2F-0296,wall,1.2832,6.448,12.896,1.869
WL-B2F-0297,wall,0.1634,0.821,1.642,0.238
WL-B2F-0298,wall,0.6872,0.552,1.104,0.16
WL-B2F-0299,wall,0.1794,0.897,1.794,0.26
WL-B2F-0300,wall,0.0,0.0,0.0,0.0
WL-B2F-0301,wall,0.2864,1.432,2.864,0.415
WL-B2F-0302,wall,0.8418,0.69,1.38,0.2
WL-B2F-0303,wall,0.9955,5.002,10.005,1.45
WL-B2F-0304,wall,0.2891,0.69,1.38,0.2
WL-B2F-0305,wall,1.071,5.382,10.764,1.56
WL-B2F-0306,wall,1.3903,6.952,13.903,2.015
WL-B2F-0307,wall,1.1661,5.83,11.661,1.69
WL-B2F-0308,wall,4.7132,23.684,47.368,6.865
WL-B2F-0309,wall,0.2197,1.104,2.208,0.32
WL-B2F-0310,wall,0.0324,0.328,0.655,0.095
WL-B2F-0311,wall,0.7935,0.69,1.38,0.2
WL-B2F-0312,wall,0.4463,2.242,4.485,0.65
WL-B2F-0313,wall,0.5996,0.69,1.38,0.2
WL-B2F-0314,wall,0.7935,3.968,7.935,1.15
WL-B2F-0315,wall,0.5237,0.69,1.38,0.2
WL-B2F-0316,wall,0.6003,3.001,6.003,0.87
WL-B2F-0317,wall,0.5244,2.622,5.244,0.76
WL-B2F-0318,wall,0.9798,4.899,9.798,1.42
WL-B2F-0319,wall,0.9881,5.52,11.04,1.6
WL-B2F-0320,wall,0.583,4.899,9.798,1.42
WL-B2F-0321,wall,1.5401,8.556,17.112,2.48
WL-B2F-0322,wall,0.5707,0.621,1.242,0.18
WL-B2F-0323,wall,2.4405,2.191,4.381,0.635
WL-B2F-0324,wall,1.2969,7.245,14.49,2.1
WL-B2F-0325,wall,1.006,5.589,11.178,1.62
WL-B2F-0326,wall,0.3864,0.345,0.69,0.1
WL-B2F-0327,wall,0.4485,0.345,0.69,0.1
WL-B2F-0328,wall,0.3124,1.57,3.14,0.455
WL-B2F-0329,wall,0.0529,0.535,1.07,0.155
WL-B2F-0330,wall,3.9916,3.07,6.141,0.89
WL-B2F-0331,wall,0.7031,0.69,1.38,0.2
WL-B2F-0332,wall,0.3604,1.811,3.622,0.525
WL-B2F-0333,wall,0.7031,0.69,1.38,0.2
WL-B2F-0334,wall,0.3547,0.69,1.38,0.2
WL-B2F-0335,wall,0.7514,0.69,1.38,0.2
WL-B2F-0336,wall,0.6831,3.416,6.831,0.99
WL-B2F-0337,wall,0.3089,1.553,3.105,0.45
WL-B2F-0338,wall,6.4471,5.761,11.523,1.67
WL-B2F-0339,wall,1.056,5.899,11.799,1.71
WL-B2F-0340,wall,1.0367,5.21,10.419,1.51
WL-B2F-0341,wall,0.4968,0.69,1.38,0.2
WL-B2F-0342,wall,0.4943,2.484,4.968,0.72
WL-B2F-0343,wall,1.7043,2.622,5.244,0.76
WL-B2F-0344,wall,0.3795,1.898,3.795,0.55
WL-B2F-0345,wall,1.5241,7.659,15.318,2.22
WL-B2F-0346,wall,0.7895,3.968,7.935,1.15
WL-B2F-0347,wall,0.7038,0.69,1.38,0.2
WL-B2F-0348,wall,0.1476,0.742,1.483,0.215
WL-B2F-0349,wall,0.759,3.795,7.59,1.1
WL-B2F-0350,wall,0.3845,1.932,3.864,0.56
WL-B2F-0351,wall,0.9337,4.692,9.384,1.36
WL-B2F-0352,wall,0.138,0.69,1.38,0.2
WL-B2F-0353,wall,2.484,12.42,24.84,3.6
WL-B2F-0354,wall,0.1932,0.966,1.932,0.28
WL-B2F-0355,wall,0.8418,4.209,8.418,1.22
WL-B2F-0356,wall,1.737,8.729,17.457,2.53
WL-B2F-0357,wall,0.0359,0.362,0.724,0.105
WL-B2F-0358,wall,1.4006,7.038,14.076,2.04
WL-B2F-0359,wall,0.3864,1.932,3.864,0.56
WL-B2F-0360,wall,1.2969,7.245,14.49,2.1
WL-B2F-0361,wall,0.3864,0.345,0.69,0.1
WL-B2F-0362,wall,0.4482,0.345,0.69,0.1
WL-B2F-0363,wall,0.0879,0.888,1.777,0.258
WL-B2F-0364,wall,0.5994,5.037,10.074,1.46
WL-B2F-0365,wall,0.5713,0.621,1.242,0.18
WL-B2F-0366,wall,1.9515,10.902,21.804,3.16
WL-B2F-0367,wall,4.4521,5.123,10.246,1.485
WL-B2F-0368,wall,0.1397,1.57,3.14,0.455
WL-B2F-0369,wall,0.6348,0.69,1.38,0.2
WL-B2F-0370,wall,0.2334,1.173,2.346,0.34
WL-B2F-0371,wall,0.8418,0.69,1.38,0.2
WL-B2F-0372,wall,0.9246,4.623,9.246,1.34
WL-B2F-0373,wall,0.8073,2.691,5.382,0.78
WL-B2F-0374,wall,0.5589,0.69,1.38,0.2
WL-B2F-0375,wall,6.3911,6.728,13.455,1.95
WL-B2F-0376,wall,0.5561,2.795,5.589,0.81
WL-B2F-0377,wall,0.5836,2.933,5.865,0.85
WL-B2F-0378,wall,0.9715,4.882,9.764,1.415
WL-B2F-0379,wall,0.1991,1.001,2.001,0.29
WL-B2F-0380,wall,1.825,9.125,18.25,2.645
WL-B2F-0381,wall,2.5368,12.748,25.496,3.695
WL-B2F-0382,wall,1.4421,7.211,14.421,2.09
WL-B2F-0383,wall,2.7186,13.593,27.186,3.94
WL-B2F-0384,wall,2.2408,11.204,22.408,3.248
WL-B2F-0385,wall,10.4053,8.901,17.802,2.58
WL-B2F-0386,wall,0.4977,2.501,5.003,0.725
WL-B2F-0387,wall,0.5664,2.846,5.692,0.825
WL-B2F-0388,wall,1.656,8.28,16.56,2.4
WL-B2F-0389,wall,0.5037,2.519,5.037,0.73
WL-B2F-0390,wall,0.2746,1.38,2.76,0.4
WL-B2F-0391,wall,0.4271,0.69,1.38,0.2
WL-B2F-0392,wall,0.8418,0.69,1.38,0.2
WL-B2F-0393,wall,1.1259,5.658,11.316,1.64
WL-B2F-0394,wall,1.7988,9.039,18.078,2.62
WL-B2F-0395,wall,0.1138,0.569,1.138,0.165
WL-B2F-0396,wall,2.8886,2.32,4.64,0.673
WL-B2F-0397,wall,0.2849,1.432,2.863,0.415
WL-B2F-0398,wall,0.8418,0.69,1.38,0.2
WL-B2F-0399,wall,1.0005,5.002,10.005,1.45
WL-B2F-0400,wall,0.2891,0.69,1.38,0.2
WL-B2F-0401,wall,1.0764,5.382,10.764,1.56
WL-B2F-0402,wall,1.3834,6.952,13.903,2.015
WL-B2F-0403,wall,1.1259,5.658,11.316,1.64
WL-B2F-0404,wall,4.7132,23.684,47.368,6.865
WL-B2F-0405,wall,0.2208,1.104,2.208,0.32
WL-B2F-0406,wall,0.0324,0.328,0.655,0.095
WL-B2F-0407,wall,0.7928,0.69,1.38,0.2
WL-B2F-0408,wall,0.4485,2.243,4.485,0.65
WL-B2F-0409,wall,0.5996,0.69,1.38,0.2
WL-B2F-0410,wall,0.7895,3.967,7.935,1.15
WL-B2F-0411,wall,0.5244,0.69,1.38,0.2
WL-B2F-0412,wall,0.5973,3.001,6.003,0.87
WL-B2F-0413,wall,0.5218,2.622,5.244,0.76
WL-B2F-0414,wall,0.9798,4.899,9.798,1.42
WL-B2F-0415,wall,0.9936,5.52,11.04,1.6
WL-B2F-0416,wall,0.5879,4.899,9.798,1.42
WL-B2F-0417,wall,1.5315,8.556,17.112,2.48
WL-B2F-0418,wall,0.5707,0.621,1.242,0.18
WL-B2F-0419,wall,2.4427,2.191,4.381,0.635
WL-B2F-0420,wall,1.3041,7.245,14.49,2.1
WL-B2F-0421,wall,1.006,5.589,11.178,1.62
WL-B2F-0422,wall,0.3864,0.345,0.69,0.1
WL-B2F-0423,wall,0.4485,0.345,0.69,0.1
WL-B2F-0424,wall,0.3139,1.57,3.139,0.455
WL-B2F-0425,wall,0.0529,0.535,1.069,0.155
WL-B2F-0426,wall,3.9886,3.071,6.141,0.89
WL-B2F-0427,wall,0.7038,0.69,1.38,0.2
WL-B2F-0428,wall,0.3604,1.811,3.623,0.525
WL-B2F-0429,wall,0.7038,0.69,1.38,0.2
WL-B2F-0430,wall,0.3547,0.69,1.38,0.2
WL-B2F-0431,wall,0.7521,0.69,1.38,0.2
WL-B2F-0432,wall,0.6797,3.416,6.831,0.99
WL-B2F-0433,wall,0.3105,1.552,3.105,0.45
WL-B2F-0434,wall,6.4529,5.761,11.523,1.67
WL-B2F-0435,wall,1.056,5.9,11.799,1.71
WL-B2F-0436,wall,1.0367,5.21,10.419,1.51
WL-B2F-0437,wall,0.4968,0.69,1.38,0.2
WL-B2F-0438,wall,0.4943,2.484,4.968,0.72
WL-B2F-0439,wall,1.7017,2.622,5.244,0.76
WL-B2F-0440,wall,0.3776,1.898,3.795,0.55
WL-B2F-0441,wall,1.5318,7.659,15.318,2.22
WL-B2F-0442,wall,0.7895,3.967,7.935,1.15
WL-B2F-0443,wall,0.7031,0.69,1.38,0.2
WL-B2F-0444,wall,0.1484,0.742,1.484,0.215
WL-B2F-0445,wall,0.759,3.795,7.59,1.1
WL-B2F-0446,wall,0.3864,1.932,3.864,0.56
WL-B2F-0447,wall,0.9337,4.692,9.384,1.36
WL-B2F-0448,wall,0.1373,0.69,1.38,0.2
WL-B2F-0449,wall,2.484,12.42,24.84,3.6
WL-B2F-0450,wall,0.1932,0.966,1.932,0.28
WL-B2F-0451,wall,0.8376,4.209,8.418,1.22
WL-B2F-0452,wall,1.7457,8.728,17.457,2.53
WL-B2F-0453,wall,0.0359,0.362,0.725,0.105
WL-B2F-0454,wall,1.4076,7.038,14.076,2.04
WL-B2F-0455,wall,0.3845,1.932,3.864,0.56
WL-B2F-0456,wall,1.3041,7.245,14.49,2.1
WL-B2F-0457,wall,0.3861,0.345,0.69,0.1
WL-B2F-0458,wall,0.4485,0.345,0.69,0.1
WL-B2F-0459,wall,0.0879,0.888,1.777,0.258
WL-B2F-0460,wall,0.5994,5.037,10.074,1.46
WL-B2F-0461,wall,0.5713,0.621,1.242,0.18
WL-B2F-0462,wall,1.9624,10.902,21.804,3.16
WL-B2F-0463,wall,4.4572,5.123,10.247,1.485
WL-B2F-0464,wall,0.1413,1.57,3.139,0.455
WL-B2F-0465,wall,0.6341,0.69,1.38,0.2
WL-B2F-0466,wall,0.2334,1.173,2.346,0.34
WL-B2F-0467,wall,0.8418,0.69,1.38,0.2
WL-B2F-0468,wall,0.92,4.623,9.246,1.34
WL-B2F-0469,wall,0.8046,2.691,5.382,0.78
WL-B2F-0470,wall,0.5589,0.69,1.38,0.2
WL-B2F-0471,wall,6.3911,6.727,13.455,1.95
WL-B2F-0472,wall,0.5589,2.795,5.589,0.81
WL-B2F-0473,wall,0.5865,2.932,5.865,0.85
WL-B2F-0474,wall,0.9763,4.882,9.763,1.415
WL-B2F-0475,wall,0.1991,1.001,2.001,0.29
WL-B2F-0476,wall,1.8159,9.125,18.251,2.645
WL-B2F-0477,wall,2.5496,12.748,25.496,3.695
WL-B2F-0478,wall,2.7186,13.593,27.186,3.94
WL-B2F-0479,wall,1.1903,5.951,11.903,1.725
WL-B2F-0480,wall,2.2408,11.204,22.408,3.247
WL-B2F-0481,wall,10.4053,8.901,17.802,2.58
WL-B2F-0482,wall,0.4977,2.501,5.002,0.725
WL-B2F-0483,wall,0.5692,2.846,5.692,0.825
WL-B2F-0484,wall,1.656,8.28,16.56,2.4
WL-B2F-0485,wall,0.5037,2.519,5.037,0.73
WL-B2F-0486,wall,0.2746,1.38,2.76,0.4
WL-B2F-0487,wall,0.4271,0.69,1.38,0.2
WL-B2F-0488,wall,0.8411,0.69,1.38,0.2
WL-B2F-0489,wall,1.1316,5.658,11.316,1.64
WL-B2F-0490,wall,1.8078,9.039,18.078,2.62
WL-B2F-0491,wall,0.1138,0.569,1.138,0.165
WL-B2F-0492,wall,2.8886,2.32,4.64,0.673
WL-B2F-0493,wall,0.0,0.0,0.0,0.0
WL-B2F-0494,wall,1.7522,2.061,4.123,0.597
WL-B2F-0495,wall,0.0,0.0,0.0,0.0
WL-B2F-0496,wall,0.9467,6.762,13.524,1.96
WL-B2F-0497,wall,0.0687,0.345,0.69,0.1
WL-B2F-0498,wall,0.069,0.345,0.69,0.1
WL-B2F-0499,wall,6.3259,6.59,13.179,1.91
WL-B2F-0500,wall,0.0188,0.19,0.38,0.055
WL-B2F-0501,wall,0.0378,0.19,0.379,0.055
WL-B2F-0502,wall,0.0,0.0,0.0,0.0
WL-B2F-0503,wall,0.0,0.0,0.0,0.0
WL-B2F-0504,wall,0.038,0.19,0.38,0.055
WL-B2F-0505,wall,0.0,0.0,0.0,0.0
WL-B2F-0506,wall,0.9268,4.658,9.315,1.35
WL-B2F-0507,wall,2.6243,13.188,26.375,3.822
WL-B2F-0508,wall,1.7371,8.685,17.371,2.517
WL-B2F-0509,wall,2.6243,13.188,26.375,3.822
WL-B2F-0510,wall,1.7371,8.685,17.371,2.517
WL-B2F-0511,wall,0.69,0.69,1.38,0.2
WL-B2F-0512,wall,0.69,0.69,1.38,0.2
WL-B2F-0513,wall,0.69,0.69,1.38,0.2
WL-B2F-0514,wall,0.1304,0.655,1.311,0.19
WL-B2F-0515,wall,1.5629,7.814,15.629,2.265
WL-B2F-0516,wall,1.1469,5.734,11.469,1.662
WL-B2F-0517,wall,1.4277,7.139,14.277,2.069
WL-B2F-0518,wall,0.5492,2.76,5.52,0.8
WL-B2F-0519,wall,0.552,2.76,5.52,0.8
WL-B2F-0520,wall,0.0,0.0,0.0,0.0
WL-B2F-0521,wall,1.5503,7.752,15.503,2.247
WL-B2F-0522,wall,0.0,0.0,0.0,0.0
WL-B2F-0523,wall,1.5237,7.657,15.314,2.219
WL-B2F-0524,wall,0.1828,0.914,1.828,0.265
WL-B2F-0525,wall,0.0,0.0,0.0,0.0
WL-B2F-0526,wall,0.0,0.0,0.0,0.0
WL-B2F-0527,wall,0.0687,0.345,0.69,0.1
WL-B2F-0528,wall,0.8418,0.69,1.38,0.2
WL-B2F-0529,wall,0.0,0.0,0.0,0.0
WL-B2F-0530,wall,0.3864,0.345,0.69,0.1
WL-B2F-0531,wall,0.0,0.0,0.0,0.0
WL-B2F-0532,wall,0.0,0.0,0.0,0.0
WL-B2F-0533,wall,0.0,0.0,0.0,0.0
WL-B2F-0534,wall,0.0,0.0,0.0,0.0
WL-B2F-0535,wall,0.0,0.0,0.0,0.0
WL-B2F-0536,wall,0.0,0.0,0.0,0.0
WL-B2F-0537,wall,0.0,0.0,0.0,0.0
WL-B2F-0538,wall,0.0,0.0,0.0,0.0
WL-B2F-0539,wall,0.8487,4.243,8.487,1.23
WL-B2F-0540,wall,1.2976,6.521,13.041,1.89
WL-B2F-0541,wall,0.0,0.0,0.0,0.0
WL-B2F-0542,wall,0.3622,1.811,3.622,0.525
WL-B2F-0543,wall,0.897,4.485,8.97,1.3
WL-B2F-0544,wall,0.9246,4.623,9.246,1.34
WL-B2F-0545,wall,0.6969,3.485,6.969,1.01
WL-B2F-0546,wall,1.2152,6.107,12.213,1.77
WL-B2F-0547,wall,0.0,0.0,0.0,0.0
WL-B2F-0548,wall,0.7038,0.69,1.38,0.2
WL-B2F-0549,wall,0.0248,0.207,0.414,0.06
WL-B2F-0550,wall,0.9212,4.606,9.212,1.335
WL-B2F-0551,wall,0.7031,0.69,1.38,0.2
WL-B2F-0552,wall,0.0,0.0,0.0,0.0
WL-B2F-0553,wall,0.0,0.0,0.0,0.0
WL-B2F-0554,wall,0.0,0.0,0.0,0.0
WL-B2F-0555,wall,0.0,0.0,0.0,0.0
WL-B2F-0556,wall,0.0,0.0,0.0,0.0
WL-B2F-0557,wall,0.7038,3.519,7.038,1.02
WL-B2F-0558,wall,0.5865,2.932,5.865,0.85
WL-B2F-0559,wall,2.622,2.76,5.52,0.8
WL-B2F-0560,wall,1.2701,6.383,12.765,1.85
WL-B2F-0561,wall,0.0794,0.397,0.794,0.115
WL-B2F-0562,wall,0.7038,0.69,1.38,0.2
WL-B2F-0563,wall,1.242,6.21,12.42,1.8
WL-B2F-0564,wall,0.5071,2.536,5.071,0.735
WL-B2F-0565,wall,0.6348,0.69,1.38,0.2
WL-B2F-0566,wall,0.8418,0.69,1.38,0.2
WL-B2F-0567,wall,0.5767,2.898,5.796,0.84
WL-B2F-0568,wall,0.9798,4.899,9.798,1.42
WL-B2F-0569,wall,0.2746,1.38,2.76,0.4
WL-B2F-0570,wall,1.656,8.28,16.56,2.4
WL-B2F-0571,wall,0.0,0.0,0.0,0.0
WL-B2F-0572,wall,0.5664,2.846,5.692,0.825
WL-B2F-0573,wall,1.8285,9.143,18.285,2.65
WL-B2F-0574,wall,0.0,0.0,0.0,0.0
WL-B2F-0575,wall,0.8418,0.69,1.38,0.2
WL-B2F-0576,wall,0.7521,3.761,7.521,1.09
WL-B2F-0577,wall,0.4278,0.69,1.38,0.2
WL-B2F-0578,wall,0.0,0.0,0.0,0.0
WL-B2F-0579,wall,0.9062,4.554,9.108,1.32
WL-B2F-0580,wall,0.8582,4.313,8.625,1.25
WL-B2F-0581,wall,0.7521,3.761,7.521,1.09
WL-B2F-0582,wall,0.2277,1.139,2.277,0.33
WL-B2F-0583,wall,0.2522,1.267,2.535,0.367
WL-B2F-0584,wall,0.0657,0.552,1.104,0.16
WL-B2F-0585,wall,2.9691,14.845,29.691,4.303
WL-B2F-0586,wall,0.1104,0.552,1.104,0.16
WL-B2F-0587,wall,0.1,0.5,1.0,0.145
WL-B2F-0588,wall,0.0657,0.552,1.104,0.16
WL-B2F-0589,wall,1.6786,8.435,16.87,2.445
WL-B2F-0590,wall,2.3508,11.754,23.508,3.407
WL-B2F-0591,wall,0.1634,0.821,1.642,0.238
WL-B2F-0592,wall,0.2864,1.432,2.864,0.415
WL-B2F-0593,wall,0.9955,5.002,10.005,1.45
WL-B2F-0594,wall,0.2891,0.69,1.38,0.2
WL-B2F-0595,wall,1.071,5.382,10.764,1.56
WL-B2F-0596,wall,1.3903,6.952,13.903,2.015
WL-B2F-0597,wall,1.1661,5.83,11.661,1.69
WL-B2F-0598,wall,0.2197,1.104,2.208,0.32
WL-B2F-0599,wall,0.0324,0.328,0.655,0.095
WL-B2F-0600,wall,0.7935,0.69,1.38,0.2
WL-B2F-0601,wall,0.4463,2.242,4.485,0.65
WL-B2F-0602,wall,0.5996,0.69,1.38,0.2
WL-B2F-0603,wall,0.7935,3.968,7.935,1.15
WL-B2F-0604,wall,0.5237,0.69,1.38,0.2
WL-B2F-0605,wall,0.6003,3.001,6.003,0.87
WL-B2F-0606,wall,0.5244,2.622,5.244,0.76
WL-B2F-0607,wall,0.9798,4.899,9.798,1.42
WL-B2F-0608,wall,0.583,4.899,9.798,1.42
WL-B2F-0609,wall,1.5401,8.556,17.112,2.48
WL-B2F-0610,wall,0.5707,0.621,1.242,0.18
WL-B2F-0611,wall,1.2969,7.245,14.49,2.1
WL-B2F-0612,wall,1.006,5.589,11.178,1.62
WL-B2F-0613,wall,0.3864,0.345,0.69,0.1
WL-B2F-0614,wall,0.4485,0.345,0.69,0.1
WL-B2F-0615,wall,0.7031,0.69,1.38,0.2
WL-B2F-0616,wall,0.3604,1.811,3.622,0.525
WL-B2F-0617,wall,0.3089,1.553,3.105,0.45
WL-B2F-0618,wall,7.4842,5.761,11.523,1.67
WL-B2F-0619,wall,1.056,5.899,11.799,1.71
WL-B2F-0620,wall,0.4968,0.69,1.38,0.2
WL-B2F-0621,wall,0.4943,2.484,4.968,0.72
WL-B2F-0622,wall,1.7043,2.622,5.244,0.76
WL-B2F-0623,wall,0.3795,1.898,3.795,0.55
WL-B2F-0624,wall,0.7895,3.968,7.935,1.15
WL-B2F-0625,wall,0.7038,0.69,1.38,0.2
WL-B2F-0626,wall,0.1476,0.742,1.483,0.215
WL-B2F-0627,wall,0.3845,1.932,3.864,0.56
WL-B2F-0628,wall,0.138,0.69,1.38,0.2
WL-B2F-0629,wall,0.1932,0.966,1.932,0.28
WL-B2F-0630,wall,0.8418,4.209,8.418,1.22
WL-B2F-0631,wall,1.737,8.729,17.457,2.53
WL-B2F-0632,wall,0.0359,0.362,0.724,0.105
WL-B2F-0633,wall,1.4006,7.038,14.076,2.04
WL-B2F-0634,wall,1.2969,7.245,14.49,2.1
WL-B2F-0635,wall,0.3864,0.345,0.69,0.1
WL-B2F-0636,wall,0.4482,0.345,0.69,0.1
WL-B2F-0637,wall,0.5994,5.037,10.074,1.46
WL-B2F-0638,wall,0.5713,0.621,1.242,0.18
WL-B2F-0639,wall,0.6348,0.69,1.38,0.2
WL-B2F-0640,wall,0.2334,1.173,2.346,0.34
WL-B2F-0641,wall,0.8418,0.69,1.38,0.2
WL-B2F-0642,wall,0.9246,4.623,9.246,1.34
WL-B2F-0643,wall,0.5589,0.69,1.38,0.2
WL-B2F-0644,wall,0.5561,2.795,5.589,0.81
WL-B2F-0645,wall,0.5836,2.933,5.865,0.85
WL-B2F-0646,wall,0.1991,1.001,2.001,0.29
WL-B2F-0647,wall,1.4421,7.211,14.421,2.09
WL-B2F-0648,wall,2.7186,13.593,27.186,3.94
WL-B2F-0649,wall,0.4977,2.501,5.003,0.725
WL-B2F-0650,wall,0.5664,2.846,5.692,0.825
WL-B2F-0651,wall,1.656,8.28,16.56,2.4
WL-B2F-0652,wall,0.2746,1.38,2.76,0.4
WL-B2F-0653,wall,0.4271,0.69,1.38,0.2
WL-B2F-0654,wall,0.8418,0.69,1.38,0.2
WL-B2F-0655,wall,0.1138,0.569,1.138,0.165
WL-B2F-0656,wall,0.2849,1.432,2.863,0.415
WL-B2F-0657,wall,1.0005,5.002,10.005,1.45
WL-B2F-0658,wall,0.2891,0.69,1.38,0.2
WL-B2F-0659,wall,1.0764,5.382,10.764,1.56
WL-B2F-0660,wall,1.3834,6.952,13.903,2.015
WL-B2F-0661,wall,1.1259,5.658,11.316,1.64
WL-B2F-0662,wall,0.2208,1.104,2.208,0.32
WL-B2F-0663,wall,0.0324,0.328,0.655,0.095
WL-B2F-0664,wall,0.7928,0.69,1.38,0.2
WL-B2F-0665,wall,0.4485,2.243,4.485,0.65
WL-B2F-0666,wall,0.5996,0.69,1.38,0.2
WL-B2F-0667,wall,0.7895,3.967,7.935,1.15
WL-B2F-0668,wall,0.5244,0.69,1.38,0.2
WL-B2F-0669,wall,0.5973,3.001,6.003,0.87
WL-B2F-0670,wall,0.5218,2.622,5.244,0.76
WL-B2F-0671,wall,0.9798,4.899,9.798,1.42
WL-B2F-0672,wall,0.5879,4.899,9.798,1.42
WL-B2F-0673,wall,1.5315,8.556,17.112,2.48
WL-B2F-0674,wall,0.5707,0.621,1.242,0.18
WL-B2F-0675,wall,1.3041,7.245,14.49,2.1
WL-B2F-0676,wall,1.006,5.589,11.178,1.62
WL-B2F-0677,wall,0.3864,0.345,0.69,0.1
WL-B2F-0678,wall,0.4485,0.345,0.69,0.1
WL-B2F-0679,wall,0.7038,0.69,1.38,0.2
WL-B2F-0680,wall,0.3604,1.811,3.623,0.525
WL-B2F-0681,wall,7.4899,5.761,11.523,1.67
WL-B2F-0682,wall,1.056,5.9,11.799,1.71
WL-B2F-0683,wall,0.4968,0.69,1.38,0.2
WL-B2F-0684,wall,0.4943,2.484,4.968,0.72
WL-B2F-0685,wall,1.7017,2.622,5.244,0.76
WL-B2F-0686,wall,0.3776,1.898,3.795,0.55
WL-B2F-0687,wall,0.7895,3.967,7.935,1.15
WL-B2F-0688,wall,0.7031,0.69,1.38,0.2
WL-B2F-0689,wall,0.1484,0.742,1.484,0.215
WL-B2F-0690,wall,0.3864,1.932,3.864,0.56
WL-B2F-0691,wall,0.1373,0.69,1.38,0.2
WL-B2F-0692,wall,0.1932,0.966,1.932,0.28
WL-B2F-0693,wall,0.8376,4.209,8.418,1.22
WL-B2F-0694,wall,1.7457,8.728,17.457,2.53
WL-B2F-0695,wall,0.0359,0.362,0.725,0.105
WL-B2F-0696,wall,1.4076,7.038,14.076,2.04
WL-B2F-0697,wall,1.3041,7.245,14.49,2.1
WL-B2F-0698,wall,0.3861,0.345,0.69,0.1
WL-B2F-0699,wall,0.4485,0.345,0.69,0.1
WL-B2F-0700,wall,0.5994,5.037,10.074,1.46
WL-B2F-0701,wall,0.5713,0.621,1.242,0.18
WL-B2F-0702,wall,0.6341,0.69,1.38,0.2
WL-B2F-0703,wall,0.2334,1.173,2.346,0.34
WL-B2F-0704,wall,0.8418,0.69,1.38,0.2
WL-B2F-0705,wall,0.92,4.623,9.246,1.34
WL-B2F-0706,wall,0.5589,0.69,1.38,0.2
WL-B2F-0707,wall,0.5589,2.795,5.589,0.81
WL-B2F-0708,wall,0.5865,2.932,5.865,0.85
WL-B2F-0709,wall,0.1991,1.001,2.001,0.29
WL-B2F-0710,wall,2.7186,13.593,27.186,3.94
WL-B2F-0711,wall,0.4977,2.501,5.002,0.725
WL-B2F-0712,wall,0.5692,2.846,5.692,0.825
WL-B2F-0713,wall,1.656,8.28,16.56,2.4
WL-B2F-0714,wall,0.2746,1.38,2.76,0.4
WL-B2F-0715,wall,0.4271,0.69,1.38,0.2
WL-B2F-0716,wall,0.8411,0.69,1.38,0.2
WL-B2F-0717,wall,0.1138,0.569,1.138,0.165
WL-B2F-0718,wall,0.0,0.0,0.0,0.0
WL-B2F-0719,wall,0.0,0.0,0.0,0.0
WL-B2F-0720,wall,1.8947,5.589,11.178,1.62
WL-B2F-0721,wall,0.069,0.345,0.69,0.1
WL-B2F-0722,wall,0.0,0.0,0.0,0.0
WL-B2F-0723,wall,0.0,0.0,0.0,0.0
WL-B2F-0724,wall,0.038,0.19,0.38,0.055
WL-B2F-0725,wall,0.0,0.0,0.0,0.0
WL-B2F-0726,wall,0.69,0.69,1.38,0.2
WL-B2F-0727,wall,0.69,0.69,1.38,0.2
WL-B2F-0728,wall,0.69,0.69,1.38,0.2
WL-B2F-0729,wall,0.5492,2.76,5.52,0.8
WL-B2F-0730,wall,0.552,2.76,5.52,0.8
WL-B2F-0731,wall,0.0,0.0,0.0,0.0
WL-B2F-0732,wall,1.5503,7.752,15.503,2.247
WL-B2F-0733,wall,0.0,0.0,0.0,0.0
WL-B2F-0734,wall,1.5237,7.657,15.314,2.219
WL-B2F-0735,wall,0.6419,3.226,6.451,0.935
WL-B2F-0736,wall,0.6451,3.226,6.451,0.935
WL-B2F-0737,wall,0.5513,0.69,1.38,0.2
WL-B2F-0738,wall,0.552,0.69,1.38,0.2
WL-B2F-0739,wall,0.5513,0.69,1.38,0.2
WL-B2F-0740,wall,0.552,0.69,1.38,0.2
WL-B2F-0741,wall,6.4529,5.761,11.523,1.67
WL-B2F-0742,wall,1.0619,5.899,11.799,1.71
WL-B2F-0743,wall,1.0367,5.21,10.419,1.51
WL-B2F-0744,wall,0.4968,0.69,1.38,0.2
WL-B2F-0745,wall,0.4968,2.484,4.968,0.72
WL-B2F-0746,wall,1.7017,2.622,5.244,0.76
WL-B2F-0747,wall,0.3795,1.897,3.795,0.55
WL-B2F-0748,wall,1.5241,7.659,15.318,2.22
WL-B2F-0749,wall,0.7935,3.968,7.935,1.15
WL-B2F-0750,wall,0.7031,0.69,1.38,0.2
WL-B2F-0751,wall,0.1476,0.742,1.484,0.215
WL-B2F-0752,wall,0.759,3.795,7.59,1.1
WL-B2F-0753,wall,0.3864,1.932,3.864,0.56
WL-B2F-0754,wall,0.9384,4.692,9.384,1.36
WL-B2F-0755,wall,0.1373,0.69,1.38,0.2
WL-B2F-0756,wall,2.553,12.765,25.53,3.7
WL-B2F-0757,wall,0.1932,0.966,1.932,0.28
WL-B2F-0758,wall,0.8376,4.209,8.418,1.22
WL-B2F-0759,wall,1.737,8.728,17.457,2.53
WL-B2F-0760,wall,0.0359,0.362,0.725,0.105
WL-B2F-0761,wall,1.4076,7.038,14.076,2.04
WL-B2F-0762,wall,0.4531,2.277,4.554,0.66
WL-B2F-0763,wall,1.2969,7.245,14.49,2.1
WL-B2F-0764,wall,0.3864,0.345,0.69,0.1
WL-B2F-0765,wall,6.2409,8.729,17.457,2.53
WL-B2F-0766,wall,0.5994,5.037,10.074,1.46
WL-B2F-0767,wall,0.5713,0.621,1.242,0.18
WL-B2F-0768,wall,0.6341,0.69,1.38,0.2
WL-B2F-0769,wall,0.2334,1.173,2.346,0.34
WL-B2F-0770,wall,0.92,4.623,9.246,1.34
WL-B2F-0771,wall,0.5582,0.69,1.38,0.2
WL-B2F-0772,wall,0.5589,2.794,5.589,0.81
WL-B2F-0773,wall,0.5865,2.933,5.865,0.85
WL-B2F-0774,wall,0.9763,4.882,9.763,1.415
WL-B2F-0775,wall,0.1991,1.001,2.001,0.29
WL-B2F-0776,wall,1.8251,9.125,18.251,2.645
WL-B2F-0777,wall,2.7186,13.593,27.186,3.94
WL-B2F-0778,wall,2.2408,11.204,22.408,3.248
WL-B2F-0779,wall,0.6893,0.69,1.38,0.2
WL-B2F-0780,wall,0.4977,2.501,5.003,0.725
WL-B2F-0781,wall,0.5692,2.846,5.692,0.825
WL-B2F-0782,wall,1.656,8.28,16.56,2.4
WL-B2F-0783,wall,0.2746,1.38,2.76,0.4
WL-B2F-0784,wall,0.4278,0.69,1.38,0.2
WL-B2F-0785,wall,0.1139,0.569,1.139,0.165
WL-B2F-0786,wall,0.2864,1.432,2.864,0.415
WL-B2F-0787,wall,0.7514,0.69,1.38,0.2
WL-B2F-0788,wall,0.9955,5.003,10.005,1.45
WL-B2F-0789,wall,0.2891,0.69,1.38,0.2
WL-B2F-0790,wall,1.0764,5.382,10.764,1.56
WL-B2F-0791,wall,1.3834,6.952,13.903,2.015
WL-B2F-0792,wall,1.1661,5.831,11.661,1.69
WL-B2F-0793,wall,0.2197,1.104,2.208,0.32
WL-B2F-0794,wall,0.0328,0.328,0.655,0.095
WL-B2F-0795,wall,0.4463,2.243,4.485,0.65
WL-B2F-0796,wall,0.6003,0.69,1.38,0.2
WL-B2F-0797,wall,0.7895,3.968,7.935,1.15
WL-B2F-0798,wall,0.5237,0.69,1.38,0.2
WL-B2F-0799,wall,0.6003,3.002,6.003,0.87
WL-B2F-0800,wall,0.5244,2.622,5.244,0.76
WL-B2F-0801,wall,0.9749,4.899,9.798,1.42
WL-B2F-0802,wall,0.9936,5.52,11.04,1.6
WL-B2F-0803,wall,0.5879,4.899,9.798,1.42
WL-B2F-0804,wall,1.5315,8.556,17.112,2.48
WL-B2F-0805,wall,0.5713,0.621,1.242,0.18
WL-B2F-0806,wall,2.4405,2.191,4.381,0.635
WL-B2F-0807,wall,1.2969,7.245,14.49,2.1
WL-B2F-0808,wall,1.0004,5.589,11.178,1.62
WL-B2F-0809,wall,0.3861,0.345,0.69,0.1
WL-B2F-0810,wall,0.3124,1.57,3.14,0.455
WL-B2F-0811,wall,0.7031,0.69,1.38,0.2
WL-B2F-0812,wall,0.3623,1.811,3.623,0.525
WL-B2F-0813,wall,0.7031,0.69,1.38,0.2
WL-B2F-0814,wall,0.3105,1.552,3.105,0.45
WL-B2F-0815,wall,3.2521,18.168,36.337,5.266
WL-B2F-0816,wall,0.6181,3.09,6.181,0.896
WL-B2F-0817,wall,0.2522,1.267,2.535,0.367
WL-B2F-0818,wall,0.0657,0.552,1.104,0.16
WL-B2F-0819,wall,5.0839,25.42,50.839,7.368
WL-B2F-0820,wall,0.1098,0.552,1.104,0.16
WL-B2F-0821,wall,0.1,0.5,1.0,0.145
WL-B2F-0822,wall,0.0657,0.552,1.104,0.16
WL-B2F-0823,wall,1.6822,8.453,16.907,2.45
WL-B2F-0824,wall,4.0533,20.267,40.533,5.874
WL-B2F-0825,wall,4.4566,22.395,44.79,6.491
WL-B2F-0826,wall,0.2864,1.432,2.864,0.415
WL-B2F-0827,wall,0.7521,0.69,1.38,0.2
WL-B2F-0828,wall,0.9955,5.002,10.005,1.45
WL-B2F-0829,wall,0.2898,0.69,1.38,0.2
WL-B2F-0830,wall,1.0764,5.382,10.764,1.56
WL-B2F-0831,wall,1.3903,6.952,13.903,2.015
WL-B2F-0832,wall,1.1603,5.83,11.661,1.69
WL-B2F-0833,wall,0.2208,1.104,2.208,0.32
WL-B2F-0834,wall,0.0324,0.328,0.655,0.095
WL-B2F-0835,wall,0.4463,2.242,4.485,0.65
WL-B2F-0836,wall,0.6003,0.69,1.38,0.2
WL-B2F-0837,wall,0.7895,3.967,7.935,1.15
WL-B2F-0838,wall,0.5237,0.69,1.38,0.2
WL-B2F-0839,wall,0.6003,3.002,6.003,0.87
WL-B2F-0840,wall,0.5218,2.622,5.244,0.76
WL-B2F-0841,wall,0.9798,4.899,9.798,1.42
WL-B2F-0842,wall,0.9881,5.52,11.04,1.6
WL-B2F-0843,wall,0.583,4.899,9.798,1.42
WL-B2F-0844,wall,1.5401,8.556,17.112,2.48
WL-B2F-0845,wall,0.5707,0.621,1.242,0.18
WL-B2F-0846,wall,2.4405,2.191,4.382,0.635
WL-B2F-0847,wall,1.3041,7.245,14.49,2.1
WL-B2F-0848,wall,1.0004,5.589,11.178,1.62
WL-B2F-0849,wall,0.3861,0.345,0.69,0.1
WL-B2F-0850,wall,0.3124,1.57,3.14,0.455
WL-B2F-0851,wall,0.7031,0.69,1.38,0.2
WL-B2F-0852,wall,0.3604,1.811,3.623,0.525
WL-B2F-0853,wall,0.7031,0.69,1.38,0.2
WL-B2F-0854,wall,0.3105,1.552,3.105,0.45
WL-B2F-0855,wall,0.9763,4.882,9.763,1.415
WL-B2F-0856,wall,0.1991,1.001,2.001,0.29
WL-B2F-0857,wall,1.8159,9.125,18.251,2.645
WL-B2F-0858,wall,2.5368,12.748,25.496,3.695
WL-B2F-0859,wall,2.7186,13.593,27.186,3.94
WL-B2F-0860,wall,2.2296,11.204,22.408,3.248
WL-B2F-0861,wall,0.6893,0.69,1.38,0.2
WL-B2F-0862,wall,0.4977,2.501,5.003,0.725
WL-B2F-0863,wall,0.5664,2.846,5.692,0.825
WL-B2F-0864,wall,1.656,8.28,16.56,2.4
WL-B2F-0865,wall,0.2746,1.38,2.76,0.4
WL-B2F-0866,wall,0.4278,0.69,1.38,0.2
WL-B2F-0867,wall,0.1138,0.569,1.138,0.165
WL-B2F-0868,wall,0.2761,2.32,4.64,0.672
WL-B2F-0869,wall,6.4529,5.761,11.523,1.67
WL-B2F-0870,wall,1.056,5.899,11.799,1.71
WL-B2F-0871,wall,1.0419,5.21,10.419,1.51
WL-B2F-0872,wall,0.4968,0.69,1.38,0.2
WL-B2F-0873,wall,0.4968,2.484,4.968,0.72
WL-B2F-0874,wall,1.7043,2.622,5.244,0.76
WL-B2F-0875,wall,0.3776,1.898,3.795,0.55
WL-B2F-0876,wall,1.5318,7.659,15.318,2.22
WL-B2F-0877,wall,0.7935,3.967,7.935,1.15
WL-B2F-0878,wall,0.7038,0.69,1.38,0.2
WL-B2F-0879,wall,0.1484,0.742,1.484,0.215
WL-B2F-0880,wall,0.759,3.795,7.59,1.1
WL-B2F-0881,wall,0.3845,1.932,3.864,0.56
WL-B2F-0882,wall,0.9384,4.692,9.384,1.36
WL-B2F-0883,wall,0.1373,0.69,1.38,0.2
WL-B2F-0884,wall,2.553,12.765,25.53,3.7
WL-B2F-0885,wall,0.1932,0.966,1.932,0.28
WL-B2F-0886,wall,0.8376,4.209,8.418,1.22
WL-B2F-0887,wall,1.7457,8.728,17.457,2.53
WL-B2F-0888,wall,0.0359,0.362,0.725,0.105
WL-B2F-0889,wall,1.4006,7.038,14.076,2.04
WL-B2F-0890,wall,0.4531,2.277,4.554,0.66
WL-B2F-0891,wall,1.3041,7.245,14.49,2.1
WL-B2F-0892,wall,0.3861,0.345,0.69,0.1
WL-B2F-0893,wall,0.5713,0.621,1.242,0.18
WL-B2F-0894,wall,0.6348,0.69,1.38,0.2
WL-B2F-0895,wall,0.2346,1.173,2.346,0.34
WL-B2F-0896,wall,0.9246,4.623,9.246,1.34
WL-B2F-0897,wall,0.5589,0.69,1.38,0.2
WL-B2F-0898,wall,0.5589,2.795,5.589,0.81
WL-B2F-0899,wall,0.5865,2.932,5.865,0.85
WL-B2F-0900,wall,2.9831,14.99,29.981,4.345
WL-B2F-0901,wall,1.656,8.28,16.56,2.4
WL-B2F-0902,wall,1.932,9.66,19.32,2.8
WL-B2F-0903,wall,4.2607,21.304,42.607,6.175
WL-B2F-0904,wall,0.7521,3.761,7.521,1.09
WL-B2F-0905,wall,0.7521,3.761,7.521,1.09
WL-B2F-0906,wall,1.6958,8.521,17.043,2.47
WL-B2F-0907,wall,0.2001,1.001,2.001,0.29
WL-B2F-0908,wall,1.8251,9.125,18.251,2.645
WL-B2F-0909,wall,1.7595,8.798,17.595,2.55
WL-B2F-0910,wall,0.4278,0.69,1.38,0.2
WL-B2F-0911,wall,1.794,8.97,17.94,2.6
WL-B2F-0912,wall,2.4357,12.179,24.357,3.53
WL-B2F-0913,wall,4.416,22.08,44.16,6.4
WL-B2F-0914,wall,4.14,20.7,41.4,6.0
WL-B2F-0915,wall,3.4739,17.457,34.914,5.06
WL-B2F-0916,wall,1.9223,9.66,19.32,2.8
WL-B2F-0917,wall,2.7186,13.593,27.186,3.94
WL-B2F-0918,wall,0.276,1.38,2.76,0.4
WL-B2F-0919,wall,0.9764,4.882,9.764,1.415
WL-B2F-0920,wall,0.2001,1.001,2.001,0.29
WL-B2F-0921,wall,1.9841,9.97,19.941,2.89
WL-B2F-0922,wall,3.3641,16.905,33.81,4.9
WL-B2F-0923,wall,2.2982,11.549,23.098,3.348
WL-B2F-0924,wall,1.794,8.97,17.94,2.6
WL-B2F-0925,wall,3.9261,19.631,39.261,5.69
WL-B2F-0926,wall,3.4224,17.112,34.224,4.96
WL-B2F-0927,wall,2.7771,13.955,27.911,4.045
WL-B2F-0928,wall,2.705,13.593,27.186,3.94
WL-B2F-0929,wall,0.276,1.38,2.76,0.4
WL-B2F-0930,wall,0.9764,4.882,9.764,1.415
WL-B2F-0931,wall,0.2001,1.001,2.001,0.29
WL-B2F-0932,wall,1.8251,9.125,18.251,2.645
WL-B2F-0933,wall,1.7595,8.798,17.595,2.55
WL-B2F-0934,wall,1.656,8.28,16.56,2.4
WL-B2F-0935,wall,3.1223,15.611,31.223,4.525
WL-B2F-0936,wall,4.14,20.7,41.4,6.0
WL-B2F-0937,wall,3.4739,17.457,34.914,5.06
WL-B2F-0938,wall,1.9223,9.66,19.32,2.8
WL-B2F-0939,wall,2.705,13.593,27.186,3.94
WL-B2F-0940,wall,0.276,1.38,2.76,0.4
WL-B2F-0941,wall,0.9715,4.882,9.764,1.415
WL-B2F-0942,wall,0.2001,1.001,2.001,0.29
WL-B2F-0943,wall,1.8159,9.125,18.251,2.645
WL-B2F-0944,wall,1.7595,8.798,17.595,2.55
WL-B2F-0945,wall,1.656,8.28,16.56,2.4
WL-B2F-0946,wall,1.8743,9.419,18.837,2.73
WL-B2F-0947,wall,0.6866,3.45,6.9,1.0
WL-B2F-0948,wall,0.0,0.0,0.0,0.0
WL-B2F-0949,wall,1.7522,2.061,4.123,0.597
WL-B2F-0950,wall,0.1828,0.914,1.828,0.265
WL-B2F-0951,wall,0.0,0.0,0.0,0.0
WL-B2F-0952,wall,0.0,0.0,0.0,0.0
WL-B2F-0953,wall,0.0,0.0,0.0,0.0
WL-B2F-0954,wall,0.0687,0.345,0.69,0.1
WL-B2F-0955,wall,0.8418,0.69,1.38,0.2
WL-B2F-0956,wall,0.0,0.0,0.0,0.0
WL-B2F-0957,wall,0.3864,0.345,0.69,0.1
WL-B2F-0958,wall,0.0535,0.535,1.069,0.155
WL-B2F-0959,wall,0.0687,0.345,0.69,0.1
WL-B2F-0960,wall,0.0,0.0,0.0,0.0
WL-B2F-0961,wall,0.0,0.0,0.0,0.0
WL-B2F-0962,wall,7.677,9.608,19.217,2.785
WL-B2F-0963,wall,0.0,0.0,0.0,0.0
WL-B2F-0964,wall,0.0,0.0,0.0,0.0
WL-B2F-0965,wall,0.0,0.0,0.0,0.0
WL-B2F-0966,wall,0.0,0.0,0.0,0.0
WL-B2F-0967,wall,0.0,0.0,0.0,0.0
WL-B2F-0968,wall,0.0,0.0,0.0,0.0
WL-B2F-0969,wall,0.8487,4.243,8.487,1.23
WL-B2F-0970,wall,1.3041,6.521,13.041,1.89
WL-B2F-0971,wall,0.0,0.0,0.0,0.0
WL-B2F-0972,wall,0.0655,0.328,0.655,0.095
WL-B2F-0973,wall,0.4485,2.243,4.485,0.65
WL-B2F-0974,wall,0.897,4.485,8.97,1.3
WL-B2F-0975,wall,0.9246,4.623,9.246,1.34
WL-B2F-0976,wall,0.6969,3.485,6.969,1.01
WL-B2F-0977,wall,1.2213,6.107,12.213,1.77
WL-B2F-0978,wall,0.0,0.0,0.0,0.0
WL-B2F-0979,wall,2.0584,6.072,12.144,1.76
WL-B2F-0980,wall,0.0,0.0,0.0,0.0
WL-B2F-0981,wall,0.0687,0.345,0.69,0.1
WL-B2F-0982,wall,0.0,0.0,0.0,0.0
WL-B2F-0983,wall,0.069,0.345,0.69,0.1
WL-B2F-0984,wall,0.7031,0.69,1.38,0.2
WL-B2F-0985,wall,0.019,0.19,0.38,0.055
WL-B2F-0986,wall,2.526,6.331,12.661,1.835
WL-B2F-0987,wall,0.0,0.0,0.0,0.0
WL-B2F-0988,wall,0.0,0.0,0.0,0.0
WL-B2F-0989,wall,0.0,0.0,0.0,0.0
WL-B2F-0990,wall,0.0378,0.19,0.38,0.055
WL-B2F-0991,wall,0.7038,0.69,1.38,0.2
WL-B2F-0992,wall,0.0,0.0,0.0,0.0
WL-B2F-0993,wall,0.0248,0.207,0.414,0.06
WL-B2F-0994,wall,0.9212,4.606,9.212,1.335
WL-B2F-0995,wall,0.6997,5.831,11.661,1.69
WL-B2F-0996,wall,0.1373,0.69,1.38,0.2
WL-B2F-0997,wall,0.0,0.0,0.0,0.0
WL-B2F-0998,wall,0.0378,0.19,0.379,0.055
WL-B2F-0999,wall,0.069,0.345,0.69,0.1
WL-B2F-1000,wall,0.7038,3.519,7.038,1.02
WL-B2F-1001,wall,0.5865,2.933,5.865,0.85
WL-B2F-1002,wall,2.622,2.76,5.52,0.8
WL-B2F-1003,wall,1.2765,6.383,12.765,1.85
WL-B2F-1004,wall,0.0794,0.397,0.794,0.115
WL-B2F-1005,wall,0.7038,0.69,1.38,0.2
WL-B2F-1006,wall,1.242,6.21,12.42,1.8
WL-B2F-1007,wall,0.5071,2.536,5.072,0.735
WL-B2F-1008,wall,0.6348,0.69,1.38,0.2
WL-B2F-1009,wall,0.8418,0.69,1.38,0.2
WL-B2F-1010,wall,1.173,5.865,11.73,1.7
WL-B2F-1011,wall,0.5796,2.898,5.796,0.84
WL-B2F-1012,wall,0.9798,4.899,9.798,1.42
WL-B2F-1013,wall,0.276,1.38,2.76,0.4
WL-B2F-1014,wall,0.2849,1.432,2.863,0.415
WL-B2F-1015,wall,0.8418,0.69,1.38,0.2
WL-B2F-1016,wall,1.0005,5.002,10.005,1.45
WL-B2F-1017,wall,0.2891,0.69,1.38,0.2
WL-B2F-1018,wall,1.071,5.382,10.764,1.56
WL-B2F-1019,wall,1.3834,6.952,13.903,2.015
WL-B2F-1020,wall,1.1603,5.831,11.661,1.69
WL-B2F-1021,wall,4.7132,23.684,47.368,6.865
WL-B2F-1022,wall,0.2208,1.104,2.208,0.32
WL-B2F-1023,wall,0.0324,0.328,0.656,0.095
WL-B2F-1024,wall,0.7935,0.69,1.38,0.2
WL-B2F-1025,wall,0.4463,2.243,4.485,0.65
WL-B2F-1026,wall,0.5996,0.69,1.38,0.2
WL-B2F-1027,wall,0.7895,3.968,7.935,1.15
WL-B2F-1028,wall,0.5237,0.69,1.38,0.2
WL-B2F-1029,wall,0.6003,3.001,6.003,0.87
WL-B2F-1030,wall,0.5244,2.622,5.244,0.76
WL-B2F-1031,wall,0.9798,4.899,9.798,1.42
WL-B2F-1032,wall,0.9881,5.52,11.04,1.6
WL-B2F-1033,wall,0.583,4.899,9.798,1.42
WL-B2F-1034,wall,1.5401,8.556,17.112,2.48
WL-B2F-1035,wall,0.5707,0.621,1.242,0.18
WL-B2F-1036,wall,2.4405,2.191,4.381,0.635
WL-B2F-1037,wall,1.2969,7.245,14.49,2.1
WL-B2F-1038,wall,1.0004,5.589,11.178,1.62
WL-B2F-1039,wall,0.3864,0.345,0.69,0.1
WL-B2F-1040,wall,0.4485,0.345,0.69,0.1
WL-B2F-1041,wall,0.314,1.57,3.14,0.455
WL-B2F-1042,wall,0.7031,0.69,1.38,0.2
WL-B2F-1043,wall,0.3604,1.811,3.623,0.525
WL-B2F-1044,wall,0.7038,0.69,1.38,0.2
WL-B2F-1045,wall,0.3105,1.553,3.105,0.45
WL-B2F-1046,wall,6.4471,5.761,11.523,1.67
WL-B2F-1047,wall,1.056,5.899,11.799,1.71
WL-B2F-1048,wall,1.0367,5.21,10.419,1.51
WL-B2F-1049,wall,0.4968,0.69,1.38,0.2
WL-B2F-1050,wall,0.4943,2.484,4.968,0.72
WL-B2F-1051,wall,1.7017,2.622,5.244,0.76
WL-B2F-1052,wall,0.3776,1.898,3.795,0.55
WL-B2F-1053,wall,1.5318,7.659,15.318,2.22
WL-B2F-1054,wall,0.7895,3.967,7.935,1.15
WL-B2F-1055,wall,0.7038,0.69,1.38,0.2
WL-B2F-1056,wall,0.1476,0.742,1.483,0.215
WL-B2F-1057,wall,0.7552,3.795,7.59,1.1
WL-B2F-1058,wall,0.3845,1.932,3.864,0.56
WL-B2F-1059,wall,0.9384,4.692,9.384,1.36
WL-B2F-1060,wall,0.1373,0.69,1.38,0.2
WL-B2F-1061,wall,2.553,12.765,25.53,3.7
WL-B2F-1062,wall,0.1932,0.966,1.932,0.28
WL-B2F-1063,wall,0.8418,4.209,8.418,1.22
WL-B2F-1064,wall,1.7457,8.728,17.457,2.53
WL-B2F-1065,wall,0.0359,0.362,0.724,0.105
WL-B2F-1066,wall,1.4006,7.038,14.076,2.04
WL-B2F-1067,wall,0.4531,2.277,4.554,0.66
WL-B2F-1068,wall,1.2969,7.245,14.49,2.1
WL-B2F-1069,wall,0.3864,0.345,0.69,0.1
WL-B2F-1070,wall,0.4485,0.345,0.69,0.1
WL-B2F-1071,wall,0.6044,5.037,10.074,1.46
WL-B2F-1072,wall,0.5707,0.621,1.242,0.18
WL-B2F-1073,wall,0.6341,0.69,1.38,0.2
WL-B2F-1074,wall,0.2346,1.173,2.346,0.34
WL-B2F-1075,wall,0.8411,0.69,1.38,0.2
WL-B2F-1076,wall,0.92,4.623,9.246,1.34
WL-B2F-1077,wall,0.5589,0.69,1.38,0.2
WL-B2F-1078,wall,0.5561,2.795,5.589,0.81
WL-B2F-1079,wall,0.5836,2.932,5.865,0.85
WL-B2F-1080,wall,6.4471,5.761,11.523,1.67
WL-B2F-1081,wall,1.056,5.899,11.799,1.71
WL-B2F-1082,wall,1.0367,5.21,10.419,1.51
WL-B2F-1083,wall,0.4968,0.69,1.38,0.2
WL-B2F-1084,wall,0.4943,2.484,4.968,0.72
WL-B2F-1085,wall,1.7017,2.622,5.244,0.76
WL-B2F-1086,wall,0.3776,1.898,3.795,0.55
WL-B2F-1087,wall,1.5318,7.659,15.318,2.22
WL-B2F-1088,wall,0.7935,3.967,7.935,1.15
WL-B2F-1089,wall,0.7031,0.69,1.38,0.2
WL-B2F-1090,wall,0.1476,0.742,1.483,0.215
WL-B2F-1091,wall,0.7552,3.795,7.59,1.1
WL-B2F-1092,wall,0.3845,1.932,3.864,0.56
WL-B2F-1093,wall,0.9337,4.692,9.384,1.36
WL-B2F-1094,wall,0.1373,0.69,1.38,0.2
WL-B2F-1095,wall,2.553,12.765,25.53,3.7
WL-B2F-1096,wall,0.1932,0.966,1.932,0.28
WL-B2F-1097,wall,0.8418,4.209,8.418,1.22
WL-B2F-1098,wall,1.737,8.729,17.457,2.53
WL-B2F-1099,wall,0.0359,0.362,0.724,0.105
WL-B2F-1100,wall,1.4006,7.038,14.076,2.04
WL-B2F-1101,wall,0.4531,2.277,4.554,0.66
WL-B2F-1102,wall,1.2969,7.245,14.49,2.1
WL-B2F-1103,wall,0.3864,0.345,0.69,0.1
WL-B2F-1104,wall,0.4482,0.345,0.69,0.1
WL-B2F-1105,wall,0.6044,5.037,10.074,1.46
WL-B2F-1106,wall,0.5707,0.621,1.242,0.18
WL-B2F-1107,wall,0.6341,0.69,1.38,0.2
WL-B2F-1108,wall,0.2334,1.173,2.346,0.34
WL-B2F-1109,wall,0.8411,0.69,1.38,0.2
WL-B2F-1110,wall,0.92,4.623,9.246,1.34
WL-B2F-1111,wall,0.5582,0.69,1.38,0.2
WL-B2F-1112,wall,0.5589,2.794,5.589,0.81
WL-B2F-1113,wall,0.5836,2.933,5.865,0.85
WL-B2F-1114,wall,1.006,5.589,11.178,1.62
WL-B2F-1115,wall,3.9886,3.07,6.141,0.89
WL-B2F-1116,wall,0.3089,1.552,3.105,0.45
WL-B2F-1117,wall,0.6797,3.415,6.831,0.99
WL-B2F-1118,wall,0.7038,0.69,1.38,0.2
WL-B2F-1119,wall,0.7514,0.69,1.38,0.2
WL-B2F-1120,wall,0.2864,1.432,2.864,0.415
WL-B2F-1121,wall,0.9955,5.003,10.005,1.45
WL-B2F-1122,wall,0.2891,0.69,1.38,0.2
WL-B2F-1123,wall,1.0764,5.382,10.764,1.56
WL-B2F-1124,wall,1.3904,6.952,13.904,2.015
WL-B2F-1125,wall,1.1661,5.83,11.661,1.69
WL-B2F-1126,wall,4.7132,23.684,47.368,6.865
WL-B2F-1127,wall,0.2197,1.104,2.208,0.32
WL-B2F-1128,wall,0.7935,0.69,1.38,0.2
WL-B2F-1129,wall,0.4463,2.242,4.485,0.65
WL-B2F-1130,wall,0.5996,0.69,1.38,0.2
WL-B2F-1131,wall,0.7935,3.968,7.935,1.15
WL-B2F-1132,wall,0.5244,0.69,1.38,0.2
WL-B2F-1133,wall,0.6003,3.001,6.003,0.87
WL-B2F-1134,wall,0.5218,2.622,5.244,0.76
WL-B2F-1135,wall,0.9749,4.899,9.798,1.42
WL-B2F-1136,wall,1.5401,8.556,17.112,2.48
WL-B2F-1137,wall,0.5707,0.621,1.242,0.18
WL-B2F-1138,wall,1.2969,7.245,14.49,2.1
WL-B2F-1139,wall,0.3124,1.57,3.139,0.455
WL-B2F-1140,wall,0.9763,4.882,9.763,1.415
WL-B2F-1141,wall,0.2001,1.0,2.001,0.29
WL-B2F-1142,wall,1.825,9.125,18.25,2.645
WL-B2F-1143,wall,1.4421,7.211,14.421,2.09
WL-B2F-1144,wall,2.2296,11.204,22.408,3.248
WL-B2F-1145,wall,0.8418,0.69,1.38,0.2
WL-B2F-1146,wall,10.4053,8.901,17.802,2.58
WL-B2F-1147,wall,0.6893,0.69,1.38,0.2
WL-B2F-1148,wall,0.4977,2.501,5.003,0.725
WL-B2F-1149,wall,0.5664,2.846,5.692,0.825
WL-B2F-1150,wall,1.656,8.28,16.56,2.4
WL-B2F-1151,wall,0.4278,0.69,1.38,0.2
WL-B2F-1152,wall,0.276,1.38,2.76,0.4
WL-B2F-1153,wall,2.7186,13.593,27.186,3.94
WL-B2F-1154,wall,1.656,8.28,16.56,2.4
WL-B2F-1155,wall,0.0,0.0,0.0,0.0
WL-B2F-1156,wall,0.5692,2.846,5.692,0.825
WL-B2F-1157,wall,2.1558,10.833,21.666,3.14
WL-B2F-1158,wall,0.238,1.19,2.381,0.345
WL-B2F-1159,wall,0.0,0.0,0.0,0.0
WL-B2F-1160,wall,0.2001,1.001,2.001,0.29
WL-B2F-1161,wall,0.4313,2.156,4.312,0.625
WL-B2F-1162,wall,5.2474,4.485,8.97,1.3
WL-B2F-1163,wall,0.7521,3.761,7.521,1.09
WL-B2F-1164,wall,2.3068,11.592,23.184,3.36
WL-B2F-1165,wall,0.4278,0.69,1.38,0.2
WL-B2F-1166,wall,0.69,0.69,1.38,0.2
WL-B2F-1167,wall,0.9062,4.554,9.108,1.32
WL-B2F-1168,wall,0.8936,4.468,8.936,1.295
WL-B2F-1169,wall,0.8625,4.313,8.625,1.25
WL-B2F-1170,wall,0.1785,0.897,1.794,0.26
WL-B2F-1171,wall,0.7521,3.761,7.521,1.09
WL-B2F-1172,wall,0.1104,0.552,1.104,0.16
WL-B2F-1173,wall,0.2535,1.267,2.535,0.367
WL-B2F-1174,wall,5.0839,25.42,50.839,7.368
WL-B2F-1175,wall,0.1098,0.552,1.104,0.16
WL-B2F-1176,wall,0.0995,0.5,1.0,0.145
WL-B2F-1177,wall,0.0657,0.552,1.104,0.16
WL-B2F-1178,wall,1.687,8.435,16.87,2.445
WL-B2F-1179,wall,4.0497,20.248,40.497,5.869
WL-B2F-1180,wall,1.0246,5.123,10.246,1.485
WL-B2F-1181,wall,3.866,19.33,38.66,5.603
WL-B2F-1182,wall,0.1634,0.821,1.642,0.238
WL-B2F-1183,wall,0.6867,0.552,1.104,0.16
WL-B2F-1184,wall,0.9715,4.882,9.763,1.415
WL-B2F-1185,wall,0.1991,1.001,2.001,0.29
WL-B2F-1186,wall,1.8251,9.125,18.251,2.645
WL-B2F-1187,wall,2.5368,12.748,25.495,3.695
WL-B2F-1188,wall,1.4421,7.211,14.421,2.09
WL-B2F-1189,wall,2.705,13.593,27.186,3.94
WL-B2F-1190,wall,2.2296,11.204,22.408,3.248
WL-B2F-1191,wall,0.8418,0.69,1.38,0.2
WL-B2F-1192,wall,0.69,0.69,1.38,0.2
WL-B2F-1193,wall,0.5003,2.501,5.003,0.725
WL-B2F-1194,wall,0.5692,2.846,5.692,0.825
WL-B2F-1195,wall,1.656,8.28,16.56,2.4
WL-B2F-1196,wall,0.2746,1.38,2.76,0.4
WL-B2F-1197,wall,0.4271,0.69,1.38,0.2
WL-B2F-1198,wall,0.65,5.417,10.833,1.57
WL-B2F-1199,wall,0.7031,0.69,1.38,0.2
WL-B2F-1200,wall,0.3604,1.811,3.622,0.525
WL-B2F-1201,wall,0.0017,0.017,0.034,0.005
WL-B2F-1202,wall,0.3861,0.345,0.69,0.1
WL-B2F-1203,wall,0.4485,0.345,0.69,0.1
WL-B2F-1204,wall,0.552,0.69,1.38,0.2
WL-B2F-1205,wall,0.5513,0.69,1.38,0.2
WL-B2F-1206,wall,0.5513,0.69,1.38,0.2
WL-B2F-1207,wall,0.552,0.69,1.38,0.2
WL-B2F-1208,wall,3.6155,18.168,36.337,5.266
WL-B2F-1209,wall,0.0,0.0,0.0,0.0
WL-B2F-1210,wall,1.7522,2.061,4.123,0.597
WL-B2F-1211,wall,0.1828,0.914,1.828,0.265
WL-B2F-1212,wall,0.0,0.0,0.0,0.0
WL-B2F-1213,wall,0.0,0.0,0.0,0.0
WL-B2F-1214,wall,0.0,0.0,0.0,0.0
WL-B2F-1215,wall,0.0687,0.345,0.69,0.1
WL-B2F-1216,wall,0.8418,0.69,1.38,0.2
WL-B2F-1217,wall,0.0,0.0,0.0,0.0
WL-B2F-1218,wall,0.3864,0.345,0.69,0.1
WL-B2F-1219,wall,0.0535,0.535,1.07,0.155
WL-B2F-1220,wall,0.0687,0.345,0.69,0.1
WL-B2F-1221,wall,0.0,0.0,0.0,0.0
WL-B2F-1222,wall,0.0,0.0,0.0,0.0
WL-B2F-1223,wall,7.677,9.608,19.217,2.785
WL-B2F-1224,wall,0.0,0.0,0.0,0.0
WL-B2F-1225,wall,0.0,0.0,0.0,0.0
WL-B2F-1226,wall,0.0,0.0,0.0,0.0
WL-B2F-1227,wall,0.0,0.0,0.0,0.0
WL-B2F-1228,wall,0.0,0.0,0.0,0.0
WL-B2F-1229,wall,0.0,0.0,0.0,0.0
WL-B2F-1230,wall,0.8487,4.243,8.487,1.23
WL-B2F-1231,wall,1.3041,6.521,13.041,1.89
WL-B2F-1232,wall,0.0,0.0,0.0,0.0
WL-B2F-1233,wall,0.0655,0.328,0.655,0.095
WL-B2F-1234,wall,0.4485,2.243,4.485,0.65
WL-B2F-1235,wall,0.897,4.485,8.97,1.3
WL-B2F-1236,wall,0.9246,4.623,9.246,1.34
WL-B2F-1237,wall,0.6969,3.485,6.969,1.01
WL-B2F-1238,wall,1.2213,6.107,12.213,1.77
WL-B2F-1239,wall,0.0,0.0,0.0,0.0
WL-B2F-1240,wall,2.0584,6.072,12.144,1.76
WL-B2F-1241,wall,0.0,0.0,0.0,0.0
WL-B2F-1242,wall,0.0687,0.345,0.69,0.1
WL-B2F-1243,wall,0.0,0.0,0.0,0.0
WL-B2F-1244,wall,0.069,0.345,0.69,0.1
WL-B2F-1245,wall,0.7031,0.69,1.38,0.2
WL-B2F-1246,wall,0.019,0.19,0.38,0.055
WL-B2F-1247,wall,2.526,6.331,12.661,1.835
WL-B2F-1248,wall,0.0,0.0,0.0,0.0
WL-B2F-1249,wall,0.0,0.0,0.0,0.0
WL-B2F-1250,wall,0.0,0.0,0.0,0.0
WL-B2F-1251,wall,0.0378,0.19,0.38,0.055
WL-B2F-1252,wall,0.7038,0.69,1.38,0.2
WL-B2F-1253,wall,0.0,0.0,0.0,0.0
WL-B2F-1254,wall,0.0248,0.207,0.414,0.06
WL-B2F-1255,wall,0.9212,4.606,9.212,1.335
WL-B2F-1256,wall,0.6997,5.831,11.661,1.69
WL-B2F-1257,wall,0.1373,0.69,1.38,0.2
WL-B2F-1258,wall,0.0,0.0,0.0,0.0
WL-B2F-1259,wall,0.0378,0.19,0.379,0.055
WL-B2F-1260,wall,0.069,0.345,0.69,0.1
WL-B2F-1261,wall,0.7038,3.519,7.038,1.02
WL-B2F-1262,wall,0.5865,2.933,5.865,0.85
WL-B2F-1263,wall,2.622,2.76,5.52,0.8
WL-B2F-1264,wall,1.2765,6.383,12.765,1.85
WL-B2F-1265,wall,0.0794,0.397,0.794,0.115
WL-B2F-1266,wall,0.7038,0.69,1.38,0.2
WL-B2F-1267,wall,1.242,6.21,12.42,1.8
WL-B2F-1268,wall,0.5071,2.536,5.072,0.735
WL-B2F-1269,wall,0.6348,0.69,1.38,0.2
WL-B2F-1270,wall,0.8418,0.69,1.38,0.2
WL-B2F-1271,wall,1.173,5.865,11.73,1.7
WL-B2F-1272,wall,0.5796,2.898,5.796,0.84
WL-B2F-1273,wall,0.9798,4.899,9.798,1.42
WL-B2F-1274,wall,0.276,1.38,2.76,0.4
WL-B2F-1275,wall,1.656,8.28,16.56,2.4
WL-B2F-1276,wall,0.0,0.0,0.0,0.0
WL-B2F-1277,wall,0.5692,2.846,5.692,0.825
WL-B2F-1278,wall,1.8194,9.143,18.285,2.65
WL-B2F-1279,wall,0.238,1.19,2.381,0.345
WL-B2F-1280,wall,6.0548,5.175,10.35,1.5
WL-B2F-1281,wall,2.1149,10.574,21.149,3.065
WL-B2F-1282,wall,0.0,0.0,0.0,0.0
WL-B2F-1283,wall,0.8418,0.69,1.38,0.2
WL-B2F-1284,wall,0.7521,3.761,7.521,1.09
WL-B2F-1285,wall,2.3068,11.592,23.184,3.36
WL-B2F-1286,wall,0.4278,0.69,1.38,0.2
WL-B2F-1287,wall,0.0,0.0,0.0,0.0
WL-B2F-1288,wall,0.69,0.69,1.38,0.2
WL-B2F-1289,wall,0.9062,4.554,9.108,1.32
WL-B2F-1290,wall,0.8891,4.468,8.936,1.295
WL-B2F-1291,wall,0.8625,4.313,8.625,1.25
WL-B2F-1292,wall,0.1785,0.897,1.794,0.26
WL-B2F-1293,wall,0.7521,3.761,7.521,1.09
WL-B2F-1294,wall,0.6181,3.09,6.181,0.896
WL-B2F-1295,wall,0.2522,1.267,2.535,0.367
WL-B2F-1296,wall,0.0657,0.552,1.104,0.16
WL-B2F-1297,wall,5.0839,25.42,50.839,7.368
WL-B2F-1298,wall,0.1098,0.552,1.104,0.16
WL-B2F-1299,wall,0.1,0.5,1.0,0.145
WL-B2F-1300,wall,0.0657,0.552,1.104,0.16
WL-B2F-1301,wall,1.687,8.435,16.87,2.445
WL-B2F-1302,wall,4.0497,20.248,40.497,5.869
WL-B2F-1303,wall,3.866,19.33,38.66,5.603
WL-B2F-1304,wall,0.1634,0.821,1.642,0.238
WL-B2F-1305,wall,0.6867,0.552,1.104,0.16
WL-B2F-1306,wall,0.2863,1.432,2.863,0.415
WL-B2F-1307,wall,0.8418,0.69,1.38,0.2
WL-B2F-1308,wall,0.9955,5.003,10.005,1.45
WL-B2F-1309,wall,0.2898,0.69,1.38,0.2
WL-B2F-1310,wall,1.071,5.382,10.764,1.56
WL-B2F-1311,wall,1.3834,6.952,13.903,2.015
WL-B2F-1312,wall,1.1603,5.831,11.661,1.69
WL-B2F-1313,wall,4.7132,23.684,47.368,6.865
WL-B2F-1314,wall,0.2208,1.104,2.208,0.32
WL-B2F-1315,wall,0.0324,0.328,0.655,0.095
WL-B2F-1316,wall,0.7935,0.69,1.38,0.2
WL-B2F-1317,wall,0.4463,2.243,4.485,0.65
WL-B2F-1318,wall,0.5996,0.69,1.38,0.2
WL-B2F-1319,wall,0.7935,3.968,7.935,1.15
WL-B2F-1320,wall,0.5244,0.69,1.38,0.2
WL-B2F-1321,wall,0.6003,3.001,6.003,0.87
WL-B2F-1322,wall,0.5218,2.622,5.244,0.76
WL-B2F-1323,wall,0.9749,4.899,9.798,1.42
WL-B2F-1324,wall,0.9936,5.52,11.04,1.6
WL-B2F-1325,wall,0.583,4.899,9.798,1.42
WL-B2F-1326,wall,1.5315,8.556,17.112,2.48
WL-B2F-1327,wall,0.5713,0.621,1.242,0.18
WL-B2F-1328,wall,2.4405,2.191,4.381,0.635
WL-B2F-1329,wall,1.3041,7.245,14.49,2.1
WL-B2F-1330,wall,1.0004,5.589,11.178,1.62
WL-B2F-1331,wall,0.3861,0.345,0.69,0.1
WL-B2F-1332,wall,0.4485,0.345,0.69,0.1
WL-B2F-1333,wall,0.3139,1.57,3.139,0.455
WL-B2F-1334,wall,0.7031,0.69,1.38,0.2
WL-B2F-1335,wall,0.3623,1.811,3.623,0.525
WL-B2F-1336,wall,0.7038,0.69,1.38,0.2
WL-B2F-1337,wall,0.3105,1.552,3.105,0.45
WL-B2F-1338,wall,6.4529,5.761,11.523,1.67
WL-B2F-1339,wall,1.0619,5.9,11.799,1.71
WL-B2F-1340,wall,1.0419,5.21,10.419,1.51
WL-B2F-1341,wall,0.4961,0.69,1.38,0.2
WL-B2F-1342,wall,0.4943,2.484,4.968,0.72
WL-B2F-1343,wall,1.7017,2.622,5.244,0.76
WL-B2F-1344,wall,0.3776,1.898,3.795,0.55
WL-B2F-1345,wall,1.5241,7.659,15.318,2.22
WL-B2F-1346,wall,0.7935,3.968,7.935,1.15
WL-B2F-1347,wall,0.7031,0.69,1.38,0.2
WL-B2F-1348,wall,0.1476,0.742,1.484,0.215
WL-B2F-1349,wall,0.7552,3.795,7.59,1.1
WL-B2F-1350,wall,0.3845,1.932,3.864,0.56
WL-B2F-1351,wall,0.9337,4.692,9.384,1.36
WL-B2F-1352,wall,0.138,0.69,1.38,0.2
WL-B2F-1353,wall,2.553,12.765,25.53,3.7
WL-B2F-1354,wall,0.1932,0.966,1.932,0.28
WL-B2F-1355,wall,0.8376,4.209,8.418,1.22
WL-B2F-1356,wall,1.7457,8.728,17.457,2.53
WL-B2F-1357,wall,0.0359,0.362,0.724,0.105
WL-B2F-1358,wall,1.4006,7.038,14.076,2.04
WL-B2F-1359,wall,0.4531,2.277,4.554,0.66
WL-B2F-1360,wall,1.2969,7.245,14.49,2.1
WL-B2F-1361,wall,0.3864,0.345,0.69,0.1
WL-B2F-1362,wall,0.4485,0.345,0.69,0.1
WL-B2F-1363,wall,0.6044,5.037,10.074,1.46
WL-B2F-1364,wall,0.5713,0.621,1.242,0.18
WL-B2F-1365,wall,0.6348,0.69,1.38,0.2
WL-B2F-1366,wall,0.2346,1.173,2.346,0.34
WL-B2F-1367,wall,0.8411,0.69,1.38,0.2
WL-B2F-1368,wall,0.92,4.623,9.246,1.34
WL-B2F-1369,wall,0.5582,0.69,1.38,0.2
WL-B2F-1370,wall,0.5561,2.794,5.589,0.81
WL-B2F-1371,wall,0.5836,2.933,5.865,0.85
WL-B2F-1372,wall,0.9764,4.882,9.764,1.415
WL-B2F-1373,wall,0.1991,1.001,2.001,0.29
WL-B2F-1374,wall,1.825,9.125,18.25,2.645
WL-B2F-1375,wall,2.5368,12.748,25.495,3.695
WL-B2F-1376,wall,2.7186,13.593,27.186,3.94
WL-B2F-1377,wall,2.2408,11.204,22.408,3.248
WL-B2F-1378,wall,0.69,0.69,1.38,0.2
WL-B2F-1379,wall,0.5003,2.501,5.003,0.725
WL-B2F-1380,wall,0.5664,2.846,5.692,0.825
WL-B2F-1381,wall,1.656,8.28,16.56,2.4
WL-B2F-1382,wall,0.2746,1.38,2.76,0.4
WL-B2F-1383,wall,0.4278,0.69,1.38,0.2
WL-B2F-1384,wall,0.8418,0.69,1.38,0.2
WL-B2F-1385,wall,0.1133,0.569,1.139,0.165
WL-B2F-1386,wall,0.2864,1.432,2.864,0.415
WL-B2F-1387,wall,0.8418,0.69,1.38,0.2
WL-B2F-1388,wall,1.0005,5.003,10.005,1.45
WL-B2F-1389,wall,0.2898,0.69,1.38,0.2
WL-B2F-1390,wall,1.071,5.382,10.764,1.56
WL-B2F-1391,wall,1.3903,6.952,13.903,2.015
WL-B2F-1392,wall,1.1661,5.831,11.661,1.69
WL-B2F-1393,wall,4.7132,23.684,47.368,6.865
WL-B2F-1394,wall,0.2197,1.104,2.208,0.32
WL-B2F-1395,wall,0.0328,0.328,0.656,0.095
WL-B2F-1396,wall,0.7935,0.69,1.38,0.2
WL-B2F-1397,wall,0.4485,2.243,4.485,0.65
WL-B2F-1398,wall,0.5996,0.69,1.38,0.2
WL-B2F-1399,wall,0.7895,3.968,7.935,1.15
WL-B2F-1400,wall,0.5237,0.69,1.38,0.2
WL-B2F-1401,wall,0.5973,3.001,6.003,0.87
WL-B2F-1402,wall,0.5244,2.622,5.244,0.76
WL-B2F-1403,wall,0.9798,4.899,9.798,1.42
WL-B2F-1404,wall,0.9936,5.52,11.04,1.6
WL-B2F-1405,wall,0.583,4.899,9.798,1.42
WL-B2F-1406,wall,1.5401,8.556,17.112,2.48
WL-B2F-1407,wall,0.5707,0.621,1.242,0.18
WL-B2F-1408,wall,2.4405,2.191,4.382,0.635
WL-B2F-1409,wall,1.3041,7.245,14.49,2.1
WL-B2F-1410,wall,1.0004,5.589,11.178,1.62
WL-B2F-1411,wall,0.3861,0.345,0.69,0.1
WL-B2F-1412,wall,0.4485,0.345,0.69,0.1
WL-B2F-1413,wall,0.3124,1.57,3.14,0.455
WL-B2F-1414,wall,0.7031,0.69,1.38,0.2
WL-B2F-1415,wall,0.3604,1.811,3.623,0.525
WL-B2F-1416,wall,0.7038,0.69,1.38,0.2
WL-B2F-1417,wall,0.3105,1.553,3.105,0.45
WL-B2F-1418,wall,6.4471,5.762,11.523,1.67
WL-B2F-1419,wall,1.056,5.899,11.799,1.71
WL-B2F-1420,wall,1.0367,5.21,10.419,1.51
WL-B2F-1421,wall,0.4968,0.69,1.38,0.2
WL-B2F-1422,wall,0.4943,2.484,4.968,0.72
WL-B2F-1423,wall,1.7017,2.622,5.244,0.76
WL-B2F-1424,wall,0.3795,1.898,3.795,0.55
WL-B2F-1425,wall,1.5318,7.659,15.318,2.22
WL-B2F-1426,wall,0.7895,3.967,7.935,1.15
WL-B2F-1427,wall,0.7031,0.69,1.38,0.2
WL-B2F-1428,wall,0.1484,0.742,1.484,0.215
WL-B2F-1429,wall,0.7552,3.795,7.59,1.1
WL-B2F-1430,wall,0.3845,1.932,3.864,0.56
WL-B2F-1431,wall,0.9337,4.692,9.384,1.36
WL-B2F-1432,wall,0.1373,0.69,1.38,0.2
WL-B2F-1433,wall,2.5402,12.765,25.53,3.7
WL-B2F-1434,wall,0.1932,0.966,1.932,0.28
WL-B2F-1435,wall,0.8376,4.209,8.418,1.22
WL-B2F-1436,wall,1.737,8.728,17.457,2.53
WL-B2F-1437,wall,0.0359,0.362,0.724,0.105
WL-B2F-1438,wall,1.4076,7.038,14.076,2.04
WL-B2F-1439,wall,0.4531,2.277,4.554,0.66
WL-B2F-1440,wall,1.3041,7.245,14.49,2.1
WL-B2F-1441,wall,0.3864,0.345,0.69,0.1
WL-B2F-1442,wall,0.4482,0.345,0.69,0.1
WL-B2F-1443,wall,0.5994,5.037,10.074,1.46
WL-B2F-1444,wall,0.5713,0.621,1.242,0.18
WL-B2F-1445,wall,0.6341,0.69,1.38,0.2
WL-B2F-1446,wall,0.2334,1.173,2.346,0.34
WL-B2F-1447,wall,0.8411,0.69,1.38,0.2
WL-B2F-1448,wall,0.92,4.623,9.246,1.34
WL-B2F-1449,wall,0.5589,0.69,1.38,0.2
WL-B2F-1450,wall,0.5561,2.795,5.589,0.81
WL-B2F-1451,wall,0.5836,2.932,5.865,0.85
WL-B2F-1452,wall,0.9715,4.882,9.763,1.415
WL-B2F-1453,wall,0.1991,1.001,2.001,0.29
WL-B2F-1454,wall,1.8251,9.125,18.251,2.645
WL-B2F-1455,wall,2.5368,12.748,25.496,3.695
WL-B2F-1456,wall,2.705,13.593,27.186,3.94
WL-B2F-1457,wall,2.2408,11.204,22.408,3.248
WL-B2F-1458,wall,0.6893,0.69,1.38,0.2
WL-B2F-1459,wall,0.5003,2.501,5.003,0.725
WL-B2F-1460,wall,0.5664,2.846,5.692,0.825
WL-B2F-1461,wall,1.656,8.28,16.56,2.4
WL-B2F-1462,wall,0.2746,1.38,2.76,0.4
WL-B2F-1463,wall,0.4278,0.69,1.38,0.2
WL-B2F-1464,wall,0.8411,0.69,1.38,0.2
WL-B2F-1465,wall,0.1133,0.569,1.139,0.165
WL-B2F-1466,wall,0.552,0.69,1.38,0.2
WL-B2F-1467,wall,0.552,0.69,1.38,0.2
WL-B2F-1468,wall,0.552,0.69,1.38,0.2
WL-B2F-1469,wall,0.5513,0.69,1.38,0.2
WL-B2F-1470,wall,3.6155,18.168,36.337,5.266
WL-B2F-1471,wall,0.2864,1.432,2.864,0.415
WL-B2F-1472,wall,0.8418,0.69,1.38,0.2
WL-B2F-1473,wall,1.0005,5.003,10.005,1.45
WL-B2F-1474,wall,0.2898,0.69,1.38,0.2
WL-B2F-1475,wall,1.071,5.382,10.764,1.56
WL-B2F-1476,wall,1.3834,6.952,13.903,2.015
WL-B2F-1477,wall,1.1661,5.83,11.661,1.69
WL-B2F-1478,wall,4.7132,23.684,47.368,6.865
WL-B2F-1479,wall,0.2197,1.104,2.208,0.32
WL-B2F-1480,wall,0.0324,0.328,0.655,0.095
WL-B2F-1481,wall,0.7928,0.69,1.38,0.2
WL-B2F-1482,wall,0.4485,2.243,4.485,0.65
WL-B2F-1483,wall,0.6003,0.69,1.38,0.2
WL-B2F-1484,wall,0.7895,3.968,7.935,1.15
WL-B2F-1485,wall,0.5237,0.69,1.38,0.2
WL-B2F-1486,wall,0.5973,3.002,6.003,0.87
WL-B2F-1487,wall,0.5218,2.622,5.244,0.76
WL-B2F-1488,wall,0.9798,4.899,9.798,1.42
WL-B2F-1489,wall,0.9936,5.52,11.04,1.6
WL-B2F-1490,wall,0.583,4.899,9.798,1.42
WL-B2F-1491,wall,1.5401,8.556,17.112,2.48
WL-B2F-1492,wall,0.5713,0.621,1.242,0.18
WL-B2F-1493,wall,2.4405,2.191,4.381,0.635
WL-B2F-1494,wall,1.3041,7.245,14.49,2.1
WL-B2F-1495,wall,1.0004,5.589,11.178,1.62
WL-B2F-1496,wall,0.3864,0.345,0.69,0.1
WL-B2F-1497,wall,0.4485,0.345,0.69,0.1
WL-B2F-1498,wall,0.3124,1.57,3.14,0.455
WL-B2F-1499,wall,0.7031,0.69,1.38,0.2
WL-B2F-1500,wall,0.3604,1.811,3.622,0.525
WL-B2F-1501,wall,0.7038,0.69,1.38,0.2
WL-B2F-1502,wall,0.3089,1.553,3.105,0.45
WL-B2F-1503,wall,6.4529,5.762,11.523,1.67
WL-B2F-1504,wall,1.0619,5.899,11.799,1.71
WL-B2F-1505,wall,1.0367,5.21,10.419,1.51
WL-B2F-1506,wall,0.4968,0.69,1.38,0.2
WL-B2F-1507,wall,0.4943,2.484,4.968,0.72
WL-B2F-1508,wall,1.7017,2.622,5.244,0.76
WL-B2F-1509,wall,0.3776,1.898,3.795,0.55
WL-B2F-1510,wall,1.5241,7.659,15.318,2.22
WL-B2F-1511,wall,0.7935,3.968,7.935,1.15
WL-B2F-1512,wall,0.7031,0.69,1.38,0.2
WL-B2F-1513,wall,0.1483,0.742,1.483,0.215
WL-B2F-1514,wall,0.7552,3.795,7.59,1.1
WL-B2F-1515,wall,0.3864,1.932,3.864,0.56
WL-B2F-1516,wall,0.9384,4.692,9.384,1.36
WL-B2F-1517,wall,0.1373,0.69,1.38,0.2
WL-B2F-1518,wall,2.553,12.765,25.53,3.7
WL-B2F-1519,wall,0.1932,0.966,1.932,0.28
WL-B2F-1520,wall,0.8418,4.209,8.418,1.22
WL-B2F-1521,wall,1.7457,8.728,17.457,2.53
WL-B2F-1522,wall,0.0359,0.362,0.725,0.105
WL-B2F-1523,wall,1.4076,7.038,14.076,2.04
WL-B2F-1524,wall,0.4531,2.277,4.554,0.66
WL-B2F-1525,wall,1.2969,7.245,14.49,2.1
WL-B2F-1526,wall,0.3861,0.345,0.69,0.1
WL-B2F-1527,wall,0.4485,0.345,0.69,0.1
WL-B2F-1528,wall,0.5994,5.037,10.074,1.46
WL-B2F-1529,wall,0.5713,0.621,1.242,0.18
WL-B2F-1530,wall,0.6341,0.69,1.38,0.2
WL-B2F-1531,wall,0.2334,1.173,2.346,0.34
WL-B2F-1532,wall,0.8418,0.69,1.38,0.2
WL-B2F-1533,wall,0.92,4.623,9.246,1.34
WL-B2F-1534,wall,0.5589,0.69,1.38,0.2
WL-B2F-1535,wall,0.5589,2.794,5.589,0.81
WL-B2F-1536,wall,0.5836,2.932,5.865,0.85
WL-B2F-1537,wall,0.9764,4.882,9.764,1.415
WL-B2F-1538,wall,0.1991,1.001,2.001,0.29
WL-B2F-1539,wall,1.8159,9.125,18.25,2.645
WL-B2F-1540,wall,2.5496,12.748,25.496,3.695
WL-B2F-1541,wall,2.7186,13.593,27.186,3.94
WL-B2F-1542,wall,2.2296,11.204,22.408,3.247
WL-B2F-1543,wall,0.6893,0.69,1.38,0.2
WL-B2F-1544,wall,0.5003,2.501,5.003,0.725
WL-B2F-1545,wall,0.5664,2.846,5.692,0.825
WL-B2F-1546,wall,1.656,8.28,16.56,2.4
WL-B2F-1547,wall,0.2746,1.38,2.76,0.4
WL-B2F-1548,wall,0.4271,0.69,1.38,0.2
WL-B2F-1549,wall,0.8418,0.69,1.38,0.2
WL-B2F-1550,wall,0.1138,0.569,1.138,0.165
WL-B2F-1551,wall,0.2849,1.432,2.864,0.415
WL-B2F-1552,wall,0.8418,0.69,1.38,0.2
WL-B2F-1553,wall,0.9955,5.002,10.005,1.45
WL-B2F-1554,wall,0.2891,0.69,1.38,0.2
WL-B2F-1555,wall,1.0764,5.382,10.764,1.56
WL-B2F-1556,wall,1.3834,6.952,13.903,2.015
WL-B2F-1557,wall,1.1661,5.83,11.661,1.69
WL-B2F-1558,wall,4.7132,23.684,47.368,6.865
WL-B2F-1559,wall,0.2208,1.104,2.208,0.32
WL-B2F-1560,wall,0.0324,0.328,0.655,0.095
WL-B2F-1561,wall,0.7928,0.69,1.38,0.2
WL-B2F-1562,wall,0.4485,2.243,4.485,0.65
WL-B2F-1563,wall,0.5996,0.69,1.38,0.2
WL-B2F-1564,wall,0.7895,3.967,7.935,1.15
WL-B2F-1565,wall,0.5244,0.69,1.38,0.2
WL-B2F-1566,wall,0.6003,3.001,6.003,0.87
WL-B2F-1567,wall,0.5244,2.622,5.244,0.76
WL-B2F-1568,wall,0.9798,4.899,9.798,1.42
WL-B2F-1569,wall,0.9881,5.52,11.04,1.6
WL-B2F-1570,wall,0.583,4.899,9.798,1.42
WL-B2F-1571,wall,1.5315,8.556,17.112,2.48
WL-B2F-1572,wall,0.5707,0.621,1.242,0.18
WL-B2F-1573,wall,2.4427,2.191,4.381,0.635
WL-B2F-1574,wall,1.2969,7.245,14.49,2.1
WL-B2F-1575,wall,1.006,5.589,11.178,1.62
WL-B2F-1576,wall,0.3864,0.345,0.69,0.1
WL-B2F-1577,wall,0.4482,0.345,0.69,0.1
WL-B2F-1578,wall,0.3139,1.57,3.139,0.455
WL-B2F-1579,wall,0.7038,0.69,1.38,0.2
WL-B2F-1580,wall,0.3604,1.811,3.623,0.525
WL-B2F-1581,wall,0.7038,0.69,1.38,0.2
WL-B2F-1582,wall,0.3105,1.553,3.105,0.45
WL-B2F-1583,wall,6.4529,5.761,11.523,1.67
WL-B2F-1584,wall,1.056,5.9,11.799,1.71
WL-B2F-1585,wall,1.0419,5.21,10.419,1.51
WL-B2F-1586,wall,0.4968,0.69,1.38,0.2
WL-B2F-1587,wall,0.4968,2.484,4.968,0.72
WL-B2F-1588,wall,1.7017,2.622,5.244,0.76
WL-B2F-1589,wall,0.3795,1.897,3.795,0.55
WL-B2F-1590,wall,1.5241,7.659,15.318,2.22
WL-B2F-1591,wall,0.7935,3.968,7.935,1.15
WL-B2F-1592,wall,0.7038,0.69,1.38,0.2
WL-B2F-1593,wall,0.1476,0.742,1.483,0.215
WL-B2F-1594,wall,0.7552,3.795,7.59,1.1
WL-B2F-1595,wall,0.3845,1.932,3.864,0.56
WL-B2F-1596,wall,0.9384,4.692,9.384,1.36
WL-B2F-1597,wall,0.138,0.69,1.38,0.2
WL-B2F-1598,wall,2.553,12.765,25.53,3.7
WL-B2F-1599,wall,0.1932,0.966,1.932,0.28
WL-B2F-1600,wall,0.8418,4.209,8.418,1.22
WL-B2F-1601,wall,1.737,8.728,17.457,2.53
WL-B2F-1602,wall,0.0359,0.362,0.724,0.105
WL-B2F-1603,wall,1.4076,7.038,14.076,2.04
WL-B2F-1604,wall,0.4531,2.277,4.554,0.66
WL-B2F-1605,wall,1.2969,7.245,14.49,2.1
WL-B2F-1606,wall,0.3861,0.345,0.69,0.1
WL-B2F-1607,wall,0.4485,0.345,0.69,0.1
WL-B2F-1608,wall,0.6044,5.037,10.074,1.46
WL-B2F-1609,wall,0.5713,0.621,1.242,0.18
WL-B2F-1610,wall,0.6341,0.69,1.38,0.2
WL-B2F-1611,wall,0.2334,1.173,2.346,0.34
WL-B2F-1612,wall,0.8418,0.69,1.38,0.2
WL-B2F-1613,wall,0.9246,4.623,9.246,1.34
WL-B2F-1614,wall,0.5589,0.69,1.38,0.2
WL-B2F-1615,wall,0.5589,2.795,5.589,0.81
WL-B2F-1616,wall,0.5865,2.932,5.865,0.85
WL-B2F-1617,wall,0.9763,4.882,9.763,1.415
WL-B2F-1618,wall,0.1991,1.001,2.001,0.29
WL-B2F-1619,wall,1.8159,9.125,18.251,2.645
WL-B2F-1620,wall,2.5368,12.748,25.496,3.695
WL-B2F-1621,wall,2.7186,13.593,27.186,3.94
WL-B2F-1622,wall,2.2408,11.204,22.408,3.247
WL-B2F-1623,wall,0.69,0.69,1.38,0.2
WL-B2F-1624,wall,0.4977,2.501,5.002,0.725
WL-B2F-1625,wall,0.5664,2.846,5.692,0.825
WL-B2F-1626,wall,1.656,8.28,16.56,2.4
WL-B2F-1627,wall,0.2746,1.38,2.76,0.4
WL-B2F-1628,wall,0.4278,0.69,1.38,0.2
WL-B2F-1629,wall,0.8418,0.69,1.38,0.2
WL-B2F-1630,wall,0.1138,0.569,1.138,0.165
WL-B2F-1631,wall,2.9831,14.99,29.981,4.345
WL-B2F-1632,wall,1.656,8.28,16.56,2.4
WL-B2F-1633,wall,1.932,9.66,19.32,2.8
WL-B2F-1634,wall,4.2607,21.304,42.607,6.175
WL-B2F-1635,wall,0.7521,3.761,7.521,1.09
WL-B2F-1636,wall,0.7521,3.761,7.521,1.09
WL-B2F-1637,wall,1.6958,8.521,17.043,2.47
WL-B2F-1638,wall,0.2001,1.001,2.001,0.29
WL-B2F-1639,wall,1.8251,9.125,18.251,2.645
WL-B2F-1640,wall,1.7595,8.798,17.595,2.55
WL-B2F-1641,wall,0.8073,0.69,1.38,0.2
WL-B2F-1642,wall,0.8418,0.69,1.38,0.2
WL-B2F-1643,wall,0.4278,0.69,1.38,0.2
WL-B2F-1644,wall,1.794,8.97,17.94,2.6
WL-B2F-1645,wall,2.4357,12.179,24.357,3.53
WL-B2F-1646,wall,0.6181,3.09,6.181,0.896
WL-B2F-1647,wall,0.2535,1.267,2.535,0.367
WL-B2F-1648,wall,0.0657,0.552,1.104,0.16
WL-B2F-1649,wall,5.0585,25.42,50.839,7.368
WL-B2F-1650,wall,0.1104,0.552,1.104,0.16
WL-B2F-1651,wall,0.1,0.5,1.0,0.145
WL-B2F-1652,wall,0.0657,0.552,1.104,0.16
WL-B2F-1653,wall,1.687,8.435,16.87,2.445
WL-B2F-1654,wall,4.0497,20.248,40.497,5.869
WL-B2F-1655,wall,4.4525,22.375,44.749,6.485
WL-B2F-1656,wall,0.6866,3.45,6.9,1.0
WL-B2F-1657,wall,1.9086,9.591,19.182,2.78
WL-B2F-1658,wall,3.1223,15.611,31.223,4.525
WL-B2F-1659,wall,4.14,20.7,41.4,6.0
WL-B2F-1660,wall,3.4739,17.457,34.914,5.06
WL-B2F-1661,wall,1.9223,9.66,19.32,2.8
WL-B2F-1662,wall,2.705,13.593,27.186,3.94
WL-B2F-1663,wall,0.276,1.38,2.76,0.4
WL-B2F-1664,wall,0.9936,4.968,9.936,1.44
WL-B2F-1665,wall,0.2001,1.001,2.001,0.29
WL-B2F-1666,wall,1.8159,9.125,18.251,2.645
WL-B2F-1667,wall,1.7595,8.798,17.595,2.55
WL-B2F-1668,wall,0.7721,0.69,1.38,0.2
WL-B2F-1669,wall,0.8418,0.69,1.38,0.2
WL-B2F-1670,wall,0.4271,0.69,1.38,0.2
WL-B2F-1671,wall,1.656,8.28,16.56,2.4
WL-B2F-1672,wall,4.416,22.08,44.16,6.4
WL-B2F-1673,wall,4.14,20.7,41.4,6.0
WL-B2F-1674,wall,3.4914,17.457,34.914,5.06
WL-B2F-1675,wall,1.9223,9.66,19.32,2.8
WL-B2F-1676,wall,2.7186,13.593,27.186,3.94
WL-B2F-1677,wall,0.276,1.38,2.76,0.4
WL-B2F-1678,wall,0.9886,4.968,9.936,1.44
WL-B2F-1679,wall,0.2001,1.001,2.001,0.29
WL-B2F-1680,wall,1.9941,9.97,19.941,2.89
WL-B2F-1681,wall,0.8418,0.69,1.38,0.2
WL-B2F-1682,wall,0.4271,0.69,1.38,0.2
WL-B2F-1683,wall,3.3641,16.905,33.81,4.9
WL-B2F-1684,wall,2.3098,11.549,23.098,3.348
WL-B2F-1685,wall,1.785,8.97,17.94,2.6
WL-B2F-1686,wall,3.9606,19.803,39.606,5.74
WL-B2F-1687,wall,3.4224,17.112,34.224,4.96
WL-B2F-1688,wall,2.7911,13.955,27.911,4.045
WL-B2F-1689,wall,2.705,13.593,27.186,3.94
WL-B2F-1690,wall,0.276,1.38,2.76,0.4
WL-B2F-1691,wall,0.9886,4.968,9.936,1.44
WL-B2F-1692,wall,0.2001,1.001,2.001,0.29
WL-B2F-1693,wall,1.8159,9.125,18.251,2.645
WL-B2F-1694,wall,1.7595,8.798,17.595,2.55
WL-B2F-1695,wall,0.7721,0.69,1.38,0.2
WL-B2F-1696,wall,0.8411,0.69,1.38,0.2
WL-B2F-1697,wall,0.4278,0.69,1.38,0.2
WL-B2F-1698,wall,1.656,8.28,16.56,2.4
WL-B2F-1699,wall,0.5513,0.69,1.38,0.2
WL-B2F-1700,wall,0.552,0.69,1.38,0.2
WL-B2F-1701,wall,0.552,0.69,1.38,0.2
WL-B2F-1702,wall,0.552,0.69,1.38,0.2
WL-B2F-1703,wall,3.6155,18.168,36.337,5.266
WL-B2F-1704,wall,0.0,0.0,0.0,0.0
WL-B2F-1705,wall,1.7522,2.061,4.123,0.597
WL-B2F-1706,wall,0.1828,0.914,1.828,0.265
WL-B2F-1707,wall,0.0,0.0,0.0,0.0
WL-B2F-1708,wall,0.0,0.0,0.0,0.0
WL-B2F-1709,wall,0.0,0.0,0.0,0.0
WL-B2F-1710,wall,0.0687,0.345,0.69,0.1
WL-B2F-1711,wall,0.8418,0.69,1.38,0.2
WL-B2F-1712,wall,0.0,0.0,0.0,0.0
WL-B2F-1713,wall,0.3864,0.345,0.69,0.1
WL-B2F-1714,wall,0.0535,0.535,1.07,0.155
WL-B2F-1715,wall,0.0687,0.345,0.69,0.1
WL-B2F-1716,wall,0.0,0.0,0.0,0.0
WL-B2F-1717,wall,0.0,0.0,0.0,0.0
WL-B2F-1718,wall,7.677,9.608,19.217,2.785
WL-B2F-1719,wall,0.0,0.0,0.0,0.0
WL-B2F-1720,wall,0.0,0.0,0.0,0.0
WL-B2F-1721,wall,0.0,0.0,0.0,0.0
WL-B2F-1722,wall,0.0,0.0,0.0,0.0
WL-B2F-1723,wall,0.0,0.0,0.0,0.0
WL-B2F-1724,wall,0.0,0.0,0.0,0.0
WL-B2F-1725,wall,0.8487,4.243,8.487,1.23
WL-B2F-1726,wall,1.3041,6.521,13.041,1.89
WL-B2F-1727,wall,0.0,0.0,0.0,0.0
WL-B2F-1728,wall,0.0655,0.328,0.655,0.095
WL-B2F-1729,wall,0.5836,3.26,6.52,0.945
WL-B2F-1730,wall,0.4485,2.243,4.485,0.65
WL-B2F-1731,wall,0.897,4.485,8.97,1.3
WL-B2F-1732,wall,0.9246,4.623,9.246,1.34
WL-B2F-1733,wall,0.6969,3.485,6.969,1.01
WL-B2F-1734,wall,1.2213,6.107,12.213,1.77
WL-B2F-1735,wall,0.0,0.0,0.0,0.0
WL-B2F-1736,wall,2.0584,6.072,12.144,1.76
WL-B2F-1737,wall,0.0,0.0,0.0,0.0
WL-B2F-1738,wall,0.0687,0.345,0.69,0.1
WL-B2F-1739,wall,0.0,0.0,0.0,0.0
WL-B2F-1740,wall,0.069,0.345,0.69,0.1
WL-B2F-1741,wall,0.7031,0.69,1.38,0.2
WL-B2F-1742,wall,0.019,0.19,0.38,0.055
WL-B2F-1743,wall,2.526,6.331,12.661,1.835
WL-B2F-1744,wall,0.0,0.0,0.0,0.0
WL-B2F-1745,wall,0.0,0.0,0.0,0.0
WL-B2F-1746,wall,0.0,0.0,0.0,0.0
WL-B2F-1747,wall,0.038,0.19,0.38,0.055
WL-B2F-1748,wall,0.7038,0.69,1.38,0.2
WL-B2F-1749,wall,0.0,0.0,0.0,0.0
WL-B2F-1750,wall,0.0248,0.207,0.414,0.06
WL-B2F-1751,wall,0.9212,4.606,9.212,1.335
WL-B2F-1752,wall,0.6997,5.831,11.661,1.69
WL-B2F-1753,wall,0.1373,0.69,1.38,0.2
WL-B2F-1754,wall,0.0,0.0,0.0,0.0
WL-B2F-1755,wall,0.0378,0.19,0.379,0.055
WL-B2F-1756,wall,0.069,0.345,0.69,0.1
WL-B2F-1757,wall,0.7038,3.519,7.038,1.02
WL-B2F-1758,wall,0.59,2.95,5.899,0.855
WL-B2F-1759,wall,2.622,2.76,5.52,0.8
WL-B2F-1760,wall,1.2765,6.383,12.765,1.85
WL-B2F-1761,wall,0.0794,0.397,0.794,0.115
WL-B2F-1762,wall,0.7038,0.69,1.38,0.2
WL-B2F-1763,wall,1.242,6.21,12.42,1.8
WL-B2F-1764,wall,0.5071,2.536,5.072,0.735
WL-B2F-1765,wall,0.6348,0.69,1.38,0.2
WL-B2F-1766,wall,0.8418,0.69,1.38,0.2
WL-B2F-1767,wall,1.173,5.865,11.73,1.7
WL-B2F-1768,wall,0.5796,2.898,5.796,0.84
WL-B2F-1769,wall,0.9798,4.899,9.798,1.42
WL-B2F-1770,wall,0.276,1.38,2.76,0.4
WL-B2F-1771,wall,0.2849,1.432,2.863,0.415
WL-B2F-1772,wall,0.8411,0.69,1.38,0.2
WL-B2F-1773,wall,1.0005,5.003,10.005,1.45
WL-B2F-1774,wall,0.2891,0.69,1.38,0.2
WL-B2F-1775,wall,1.071,5.382,10.764,1.56
WL-B2F-1776,wall,1.3903,6.952,13.903,2.015
WL-B2F-1777,wall,1.1603,5.831,11.661,1.69
WL-B2F-1778,wall,4.7132,23.684,47.368,6.865
WL-B2F-1779,wall,0.2208,1.104,2.208,0.32
WL-B2F-1780,wall,0.0324,0.328,0.656,0.095
WL-B2F-1781,wall,0.7935,0.69,1.38,0.2
WL-B2F-1782,wall,0.4463,2.242,4.485,0.65
WL-B2F-1783,wall,0.5996,0.69,1.38,0.2
WL-B2F-1784,wall,0.7935,3.968,7.935,1.15
WL-B2F-1785,wall,0.5244,0.69,1.38,0.2
WL-B2F-1786,wall,0.6003,3.001,6.003,0.87
WL-B2F-1787,wall,0.5218,2.622,5.244,0.76
WL-B2F-1788,wall,0.9798,4.899,9.798,1.42
WL-B2F-1789,wall,0.9936,5.52,11.04,1.6
WL-B2F-1790,wall,0.583,4.899,9.798,1.42
WL-B2F-1791,wall,1.5401,8.556,17.112,2.48
WL-B2F-1792,wall,0.5707,0.621,1.242,0.18
WL-B2F-1793,wall,2.4405,2.191,4.381,0.635
WL-B2F-1794,wall,1.2969,7.245,14.49,2.1
WL-B2F-1795,wall,1.006,5.589,11.178,1.62
WL-B2F-1796,wall,0.3864,0.345,0.69,0.1
WL-B2F-1797,wall,0.4485,0.345,0.69,0.1
WL-B2F-1798,wall,0.314,1.57,3.14,0.455
WL-B2F-1799,wall,0.7031,0.69,1.38,0.2
WL-B2F-1800,wall,0.3623,1.811,3.623,0.525
WL-B2F-1801,wall,0.7031,0.69,1.38,0.2
WL-B2F-1802,wall,0.3105,1.553,3.105,0.45
WL-B2F-1803,wall,6.4471,5.761,11.523,1.67
WL-B2F-1804,wall,1.056,5.899,11.799,1.71
WL-B2F-1805,wall,1.0367,5.21,10.419,1.51
WL-B2F-1806,wall,0.4968,0.69,1.38,0.2
WL-B2F-1807,wall,0.4943,2.484,4.968,0.72
WL-B2F-1808,wall,1.7017,2.622,5.244,0.76
WL-B2F-1809,wall,0.3795,1.898,3.795,0.55
WL-B2F-1810,wall,1.5241,7.659,15.318,2.22
WL-B2F-1811,wall,0.7935,3.968,7.935,1.15
WL-B2F-1812,wall,0.7038,0.69,1.38,0.2
WL-B2F-1813,wall,0.1476,0.742,1.483,0.215
WL-B2F-1814,wall,0.759,3.795,7.59,1.1
WL-B2F-1815,wall,0.3845,1.932,3.864,0.56
WL-B2F-1816,wall,0.9337,4.692,9.384,1.36
WL-B2F-1817,wall,0.138,0.69,1.38,0.2
WL-B2F-1818,wall,2.553,12.765,25.53,3.7
WL-B2F-1819,wall,0.1932,0.966,1.932,0.28
WL-B2F-1820,wall,0.8418,4.209,8.418,1.22
WL-B2F-1821,wall,1.7457,8.728,17.457,2.53
WL-B2F-1822,wall,0.0359,0.362,0.725,0.105
WL-B2F-1823,wall,1.4006,7.038,14.076,2.04
WL-B2F-1824,wall,0.4531,2.277,4.554,0.66
WL-B2F-1825,wall,1.2969,7.245,14.49,2.1
WL-B2F-1826,wall,0.3864,0.345,0.69,0.1
WL-B2F-1827,wall,0.4482,0.345,0.69,0.1
WL-B2F-1828,wall,0.5994,5.037,10.074,1.46
WL-B2F-1829,wall,0.5713,0.621,1.242,0.18
WL-B2F-1830,wall,0.6341,0.69,1.38,0.2
WL-B2F-1831,wall,0.2334,1.173,2.346,0.34
WL-B2F-1832,wall,0.8418,0.69,1.38,0.2
WL-B2F-1833,wall,0.9246,4.623,9.246,1.34
WL-B2F-1834,wall,0.5582,0.69,1.38,0.2
WL-B2F-1835,wall,0.5589,2.794,5.589,0.81
WL-B2F-1836,wall,0.5836,2.933,5.865,0.85
WL-B2F-1837,wall,6.4471,5.761,11.523,1.67
WL-B2F-1838,wall,1.056,5.9,11.799,1.71
WL-B2F-1839,wall,1.0367,5.21,10.419,1.51
WL-B2F-1840,wall,0.4968,0.69,1.38,0.2
WL-B2F-1841,wall,0.4943,2.484,4.968,0.72
WL-B2F-1842,wall,1.7017,2.622,5.244,0.76
WL-B2F-1843,wall,0.3776,1.898,3.795,0.55
WL-B2F-1844,wall,1.5241,7.659,15.318,2.22
WL-B2F-1845,wall,0.7935,3.967,7.935,1.15
WL-B2F-1846,wall,0.7031,0.69,1.38,0.2
WL-B2F-1847,wall,0.1476,0.742,1.483,0.215
WL-B2F-1848,wall,0.759,3.795,7.59,1.1
WL-B2F-1849,wall,0.3845,1.932,3.864,0.56
WL-B2F-1850,wall,0.9337,4.692,9.384,1.36
WL-B2F-1851,wall,0.1373,0.69,1.38,0.2
WL-B2F-1852,wall,2.553,12.765,25.53,3.7
WL-B2F-1853,wall,0.1932,0.966,1.932,0.28
WL-B2F-1854,wall,0.8418,4.209,8.418,1.22
WL-B2F-1855,wall,1.7457,8.728,17.457,2.53
WL-B2F-1856,wall,0.0359,0.362,0.725,0.105
WL-B2F-1857,wall,1.4006,7.038,14.076,2.04
WL-B2F-1858,wall,0.4531,2.277,4.554,0.66
WL-B2F-1859,wall,1.2969,7.245,14.49,2.1
WL-B2F-1860,wall,0.3864,0.345,0.69,0.1
WL-B2F-1861,wall,0.4485,0.345,0.69,0.1
WL-B2F-1862,wall,0.6044,5.037,10.074,1.46
WL-B2F-1863,wall,0.5713,0.621,1.242,0.18
WL-B2F-1864,wall,0.6348,0.69,1.38,0.2
WL-B2F-1865,wall,0.2334,1.173,2.346,0.34
WL-B2F-1866,wall,0.8411,0.69,1.38,0.2
WL-B2F-1867,wall,0.92,4.623,9.246,1.34
WL-B2F-1868,wall,0.5589,0.69,1.38,0.2
WL-B2F-1869,wall,0.5561,2.795,5.589,0.81
WL-B2F-1870,wall,0.5836,2.932,5.865,0.85
WL-B2F-1871,wall,0.914,5.106,10.212,1.48
WL-B2F-1872,wall,3.8658,3.07,6.141,0.89
WL-B2F-1873,wall,1.3697,6.883,13.765,1.995
WL-B2F-1874,wall,0.5836,2.932,5.865,0.85
WL-B2F-1875,wall,0.7038,0.69,1.38,0.2
WL-B2F-1876,wall,0.6548,0.69,1.38,0.2
WL-B2F-1877,wall,0.2864,1.432,2.864,0.415
WL-B2F-1878,wall,0.9039,0.69,1.38,0.2
WL-B2F-1879,wall,0.8994,4.52,9.039,1.31
WL-B2F-1880,wall,1.0764,5.382,10.764,1.56
WL-B2F-1881,wall,1.4594,7.297,14.594,2.115
WL-B2F-1882,wall,1.1661,5.83,11.661,1.69
WL-B2F-1883,wall,4.7132,23.684,47.368,6.865
WL-B2F-1884,wall,0.2197,1.104,2.208,0.32
WL-B2F-1885,wall,0.7935,0.69,1.38,0.2
WL-B2F-1886,wall,0.4463,2.242,4.485,0.65
WL-B2F-1887,wall,0.5996,0.69,1.38,0.2
WL-B2F-1888,wall,0.7895,3.968,7.935,1.15
WL-B2F-1889,wall,0.5244,0.69,1.38,0.2
WL-B2F-1890,wall,0.6003,3.001,6.003,0.87
WL-B2F-1891,wall,0.5218,2.622,5.244,0.76
WL-B2F-1892,wall,0.9749,4.899,9.798,1.42
WL-B2F-1893,wall,1.5401,8.556,17.112,2.48
WL-B2F-1894,wall,0.5707,0.621,1.242,0.18
WL-B2F-1895,wall,1.2969,7.245,14.49,2.1
WL-B2F-1896,wall,0.2884,1.449,2.898,0.42
WL-B2F-1897,wall,0.9763,4.882,9.763,1.415
WL-B2F-1898,wall,0.2001,1.0,2.001,0.29
WL-B2F-1899,wall,1.8251,9.125,18.251,2.645
WL-B2F-1900,wall,1.4421,7.211,14.421,2.09
WL-B2F-1901,wall,2.2296,11.204,22.408,3.248
WL-B2F-1902,wall,0.8411,0.69,1.38,0.2
WL-B2F-1903,wall,10.4053,8.901,17.802,2.58
WL-B2F-1904,wall,0.69,0.69,1.38,0.2
WL-B2F-1905,wall,0.4977,2.501,5.003,0.725
WL-B2F-1906,wall,0.5692,2.846,5.692,0.825
WL-B2F-1907,wall,1.656,8.28,16.56,2.4
WL-B2F-1908,wall,0.4278,0.69,1.38,0.2
WL-B2F-1909,wall,0.276,1.38,2.76,0.4
WL-B2F-1910,wall,2.7186,13.593,27.186,3.94
WL-B2F-1911,wall,1.656,8.28,16.56,2.4
WL-B2F-1912,wall,0.0,0.0,0.0,0.0
WL-B2F-1913,wall,0.5692,2.846,5.692,0.825
WL-B2F-1914,wall,3.0483,15.318,30.636,4.44
WL-B2F-1915,wall,0.1691,0.845,1.691,0.245
WL-B2F-1916,wall,0.0,0.0,0.0,0.0
WL-B2F-1917,wall,0.1449,0.725,1.449,0.21
WL-B2F-1918,wall,0.4313,2.156,4.312,0.625
WL-B2F-1919,wall,5.2474,4.485,8.97,1.3
WL-B2F-1920,wall,0.6831,3.415,6.831,0.99
WL-B2F-1921,wall,2.3068,11.592,23.184,3.36
WL-B2F-1922,wall,0.4278,0.69,1.38,0.2
WL-B2F-1923,wall,0.69,0.69,1.38,0.2
WL-B2F-1924,wall,0.8936,4.468,8.936,1.295
WL-B2F-1925,wall,0.8625,4.313,8.625,1.25
WL-B2F-1926,wall,0.1785,0.897,1.794,0.26
WL-B2F-1927,wall,0.7521,3.761,7.521,1.09
WL-B2F-1928,wall,0.1104,0.552,1.104,0.16
WL-B2F-1929,wall,0.2535,1.267,2.535,0.367
WL-B2F-1930,wall,5.5549,27.774,55.549,8.051
WL-B2F-1931,wall,0.1098,0.552,1.104,0.16
WL-B2F-1932,wall,0.1,0.5,1.0,0.145
WL-B2F-1933,wall,0.0657,0.552,1.104,0.16
WL-B2F-1934,wall,1.687,8.435,16.87,2.445
WL-B2F-1935,wall,4.0497,20.248,40.497,5.869
WL-B2F-1936,wall,1.0246,5.123,10.246,1.485
WL-B2F-1937,wall,3.866,19.33,38.66,5.603
WL-B2F-1938,wall,0.1634,0.821,1.642,0.238
WL-B2F-1939,wall,0.6867,0.552,1.104,0.16
WL-B2F-1940,wall,1.0333,5.192,10.385,1.505
WL-B2F-1941,wall,0.1442,0.725,1.449,0.21
WL-B2F-1942,wall,1.7561,8.78,17.561,2.545
WL-B2F-1943,wall,2.5368,12.748,25.495,3.695
WL-B2F-1944,wall,1.4421,7.211,14.421,2.09
WL-B2F-1945,wall,2.705,13.593,27.186,3.94
WL-B2F-1946,wall,3.1221,15.689,31.378,4.548
WL-B2F-1947,wall,0.8963,0.69,1.38,0.2
WL-B2F-1948,wall,0.69,0.69,1.38,0.2
WL-B2F-1949,wall,0.5003,2.501,5.003,0.725
WL-B2F-1950,wall,0.5692,2.846,5.692,0.825
WL-B2F-1951,wall,1.656,8.28,16.56,2.4
WL-B2F-1952,wall,0.206,1.035,2.07,0.3
WL-B2F-1953,wall,0.4271,0.69,1.38,0.2
WL-B2F-1954,wall,0.4806,2.415,4.83,0.7
WL-B2F-1955,wall,0.069,0.345,0.69,0.1
WL-B2F-1956,wall,0.0,0.0,0.0,0.0
WL-B2F-1957,wall,0.0,0.0,0.0,0.0
WL-B2F-1958,wall,0.5513,0.69,1.38,0.2
WL-B2F-1959,wall,0.5513,0.69,1.38,0.2
WL-B2F-1960,wall,0.552,0.69,1.38,0.2
WL-B2F-1961,wall,0.552,0.69,1.38,0.2
WL-B2F-1962,wall,3.6155,18.168,36.337,5.266
WL-B2F-1963,wall,2.3241,4.657,9.315,1.35
WL-B2F-1964,wall,4.8596,4.864,9.729,1.41
WL-B2F-1965,wall,1.725,3.45,6.9,1.0
WL-B2F-1966,wall,1.7595,1.725,3.45,0.5
WL-B2F-1967,wall,1.2593,2.519,5.037,0.73
WL-B2F-1968,wall,2.1218,4.244,8.487,1.23
WL-B2F-1969,wall,0.713,2.864,5.727,0.83
WL-B2F-1970,wall,6.0758,4.865,9.729,1.41
WL-B2F-1971,wall,1.9543,7.849,15.698,2.275
WL-B2F-1972,wall,3.2516,13.007,26.013,3.77
WL-B2F-1973,wall,1.2156,4.882,9.763,1.415
WL-B2F-1974,wall,2.9325,11.73,23.46,3.4
WL-B2F-1975,wall,2.0657,8.263,16.526,2.395
WL-B2F-1976,wall,3.1527,12.662,25.323,3.67
WL-B2F-1977,wall,3.9244,15.698,31.395,4.55
WL-B2F-1978,wall,1.5033,6.038,12.075,1.75
WL-B2F-1979,wall,2.0096,8.039,16.077,2.33
WL-B2F-1980,wall,3.3832,13.533,27.065,3.922
WL-B2F-1981,wall,2.8204,11.281,22.563,3.27
WL-B2F-1982,wall,1.1204,0.863,1.725,0.25
WL-B2F-1983,wall,10.5151,8.987,17.975,2.605
WL-B2F-1984,wall,0.452,2.26,4.52,0.655
WL-B2F-1985,wall,0.5382,2.691,5.382,0.78
WL-B2F-1986,wall,2.07,8.28,16.56,2.4
WL-B2F-1987,wall,0.6271,2.519,5.037,0.73
WL-B2F-1988,wall,2.6651,10.661,21.321,3.09
WL-B2F-1989,wall,0.5339,0.863,1.725,0.25
WL-B2F-1990,wall,6.3777,25.613,51.227,7.424
WL-B2F-1991,wall,0.6607,2.654,5.307,0.769
WL-B2F-1992,wall,4.6835,18.734,37.468,5.43
WL-B2F-1993,wall,5.5441,22.265,44.531,6.454
WL-B2F-1994,wall,1.6875,3.382,6.763,0.98
WL-B2F-1995,wall,6.3236,10.557,21.114,3.06
WL-B2F-1996,wall,7.1399,11.92,23.839,3.455
WL-B2F-1997,wall,5.5786,9.298,18.595,2.695
WL-B2F-1998,wall,6.9293,11.549,23.098,3.347
WL-B2F-1999,wall,2.5233,2.07,4.14,0.6
WL-B2F-2000,wall,0.4497,2.26,4.52,0.655
WL-B2F-2001,wall,13.0496,26.099,52.199,7.565
WL-B2F-2002,wall,1.7578,1.725,3.45,0.5
WL-B2F-2003,wall,2.1821,1.725,3.45,0.5
WL-B2F-2004,wall,2.2597,1.725,3.45,0.5
WL-B2F-2005,wall,2.139,8.556,17.112,2.48
WL-B2F-2006,wall,0.7926,0.862,1.725,0.25
WL-B2F-2007,wall,14.3255,14.128,28.256,4.095
WL-B2F-2008,wall,0.7859,0.69,1.38,0.2
WL-B2F-2009,wall,0.7866,0.69,1.38,0.2
WL-B2F-2010,wall,0.4528,1.811,3.622,0.525
WL-B2F-2011,wall,9.9101,19.82,39.641,5.745
WL-B2F-2012,wall,0.966,0.862,1.725,0.25
WL-B2F-2013,wall,0.6891,0.863,1.725,0.25
WL-B2F-2014,wall,0.69,0.863,1.725,0.25
WL-B2F-2015,wall,0.6891,0.862,1.725,0.25
WL-B2F-2016,wall,0.69,0.862,1.725,0.25
WL-B2F-2017,wall,0.6891,0.862,1.725,0.25
WL-B2F-2018,wall,0.6891,0.862,1.725,0.25
WL-B2F-2019,wall,0.69,0.862,1.725,0.25
WL-B2F-2020,wall,0.0,0.0,0.0,0.0
WL-B2F-2021,wall,0.0,0.0,0.0,0.0
WL-B2F-2022,wall,1.0514,0.862,1.725,0.25
WL-B2F-2023,wall,0.0,0.0,0.0,0.0
WL-B2F-2024,wall,1.1376,0.863,1.725,0.25
WL-B2F-2025,wall,0.1289,0.517,1.035,0.15
WL-B2F-2026,wall,0.4744,1.897,3.795,0.55
WL-B2F-2027,wall,0.0,0.0,0.0,0.0
WL-B2F-2028,wall,0.0,0.0,0.0,0.0
WL-B2F-2029,wall,0.9056,1.294,2.588,0.375
WL-B2F-2030,wall,0.0,0.0,0.0,0.0
WL-B2F-2031,wall,0.0,0.0,0.0,0.0
WL-B2F-2032,wall,0.0,0.0,0.0,0.0
WL-B2F-2033,wall,0.0,0.0,0.0,0.0
WL-B2F-2034,wall,1.3489,1.466,2.932,0.425
WL-B2F-2035,wall,0.0,0.0,0.0,0.0
WL-B2F-2036,wall,1.0199,4.08,8.159,1.182
WL-B2F-2037,wall,0.1768,0.707,1.415,0.205
WL-B2F-2038,wall,2.6287,10.557,21.114,3.06
WL-B2F-2039,wall,3.0754,12.351,24.702,3.58
WL-B2F-2040,wall,9.6428,38.726,77.453,11.225
WL-B2F-2041,wall,8.1073,32.559,65.119,9.437
WL-B2F-2042,wall,0.0,0.0,0.0,0.0
WL-B2F-2043,wall,0.8608,1.725,3.45,0.5
WL-B2F-2044,wall,1.5853,1.725,3.45,0.5
WL-B2F-2045,wall,0.0,0.0,0.0,0.0
WL-B2F-2046,wall,0.0,0.0,0.0,0.0
WL-B2F-2047,wall,5.6972,5.227,10.453,1.515
WL-B2F-2048,wall,0.5103,0.586,1.173,0.17
WL-B2F-2049,wall,2.8649,11.506,23.012,3.335
WL-B2F-2050,wall,2.7428,10.971,21.942,3.18
WL-B2F-2051,wall,4.4483,17.793,35.587,5.158
WL-B2F-2052,wall,0.0,0.0,0.0,0.0
WL-B2F-2053,wall,16.0194,13.576,27.152,3.935
WL-B2F-2054,wall,0.8798,0.863,1.725,0.25
WL-B2F-2055,wall,1.7578,1.725,3.45,0.5
WL-B2F-2056,wall,0.0,0.0,0.0,0.0
WL-B2F-2057,wall,1.0997,4.399,8.798,1.275
WL-B2F-2058,wall,14.5676,29.135,58.271,8.445
WL-B2F-2059,wall,1.775,1.725,3.45,0.5
WL-B2F-2060,wall,3.0645,3.226,6.451,0.935
WL-B2F-2061,wall,0.7388,2.967,5.934,0.86
WL-B2F-2062,wall,1.8513,7.435,14.87,2.155
WL-B2F-2063,wall,5.7564,4.364,8.729,1.265
WL-B2F-2064,wall,2.5336,10.134,20.269,2.938
WL-B2F-2065,wall,1.6668,6.667,13.334,1.933
WL-B2F-2066,wall,1.6129,6.452,12.903,1.87
WL-B2F-2067,wall,21.6143,21.614,43.229,6.265
WL-B2F-2068,wall,2.1959,2.312,4.623,0.67
WL-B2F-2069,wall,5.7069,11.437,22.874,3.315
WL-B2F-2070,wall,2.1045,1.725,3.45,0.5
WL-B2F-2071,wall,1.7578,1.725,3.45,0.5
WL-B2F-2072,wall,8.3323,16.698,33.396,4.84
WL-B2F-2073,wall,0.0,0.0,0.0,0.0
WL-B2F-2074,wall,0.0,0.0,0.0,0.0
WL-B2F-2075,wall,0.0,0.0,0.0,0.0
WL-B2F-2076,wall,24.7338,61.834,123.669,17.923
WL-B2F-2077,wall,0.0,0.0,0.0,0.0
WL-B2F-2078,wall,0.0,0.0,0.0,0.0
WL-B2F-2079,wall,0.0,0.0,0.0,0.0
WL-B2F-2080,wall,0.0,0.0,0.0,0.0
WL-B2F-2081,wall,2.9051,5.822,11.644,1.687
WL-B2F-2082,wall,4.3246,3.761,7.521,1.09
WL-B2F-2083,wall,7.1301,28.635,57.27,8.3
WL-B2F-2084,wall,0.5355,2.691,5.382,0.78
WL-B2F-2085,wall,0.5382,2.691,5.382,0.78
WL-B2F-2086,wall,0.5973,3.002,6.003,0.87
WL-B2F-2087,wall,0.9315,4.658,9.315,1.35
WL-B2F-2088,wall,3.9416,15.766,31.533,4.57
WL-B2F-2089,wall,3.8122,15.249,30.498,4.42
WL-B2F-2090,wall,2.0617,8.28,16.56,2.4
WL-B2F-2091,wall,10.6473,9.108,18.216,2.64
WL-B2F-2092,wall,1.1954,1.992,3.985,0.577
WL-B2F-2093,wall,0.7866,0.69,1.38,0.2
WL-B2F-2094,wall,1.2886,5.175,10.35,1.5
WL-B2F-2095,wall,0.9867,4.933,9.867,1.43
WL-B2F-2096,wall,3.0963,15.56,31.119,4.51
WL-B2F-2097,wall,2.5961,10.385,20.769,3.01
WL-B2F-2098,wall,0.4278,0.69,1.38,0.2
WL-B2F-2099,wall,0.897,0.69,1.38,0.2
WL-B2F-2100,wall,9.8087,8.383,16.767,2.43
WL-B2F-2101,wall,0.5355,2.691,5.382,0.78
WL-B2F-2102,wall,0.4519,2.26,4.519,0.655
WL-B2F-2103,wall,1.725,8.625,17.25,2.5
WL-B2F-2104,wall,4.1742,20.976,41.952,6.08
WL-B2F-2105,wall,2.0617,8.28,16.56,2.4
WL-B2F-2106,wall,2.7668,13.904,27.807,4.03
WL-B2F-2107,wall,1.6991,6.797,13.593,1.97
WL-B2F-2108,wall,2.5213,10.126,20.251,2.935
WL-B2F-2109,wall,0.0,0.0,0.0,0.0
WL-B2F-2110,wall,0.0,0.0,0.0,0.0
WL-B2F-2111,wall,7.7359,5.865,11.73,1.7
WL-B2F-2112,wall,2.6285,2.156,4.312,0.625
WL-B2F-2113,wall,0.0,0.0,0.0,0.0
WL-B2F-2114,wall,0.5326,2.139,4.278,0.62
WL-B2F-2115,wall,0.0,0.0,0.0,0.0
WL-B2F-2116,wall,1.8522,2.156,4.312,0.625
WL-B2F-2117,wall,0.0,0.0,0.0,0.0
WL-B2F-2118,wall,0.0,0.0,0.0,0.0
WL-B2F-2119,wall,0.2625,1.466,2.933,0.425
WL-B2F-2120,wall,0.0,0.0,0.0,0.0
WL-B2F-2121,wall,0.9043,1.294,2.587,0.375
WL-B2F-2122,wall,0.0,0.0,0.0,0.0
WL-B2F-2123,wall,0.0,0.0,0.0,0.0
WL-B2F-2124,wall,0.0,0.0,0.0,0.0
WL-B2F-2125,wall,0.9091,1.466,2.932,0.425
WL-B2F-2126,wall,0.0,0.0,0.0,0.0
WL-B2F-2127,wall,0.0644,0.259,0.517,0.075
WL-B2F-2128,wall,1.4067,5.649,11.299,1.638
WL-B2F-2129,wall,0.5584,2.242,4.485,0.65
WL-B2F-2130,wall,1.1168,4.485,8.97,1.3
WL-B2F-2131,wall,0.7388,2.967,5.934,0.86
WL-B2F-2132,wall,6.2682,25.073,50.146,7.268
WL-B2F-2133,wall,8.8489,35.396,70.792,10.26
WL-B2F-2134,wall,5.1548,20.619,41.239,5.977
WL-B2F-2135,wall,5.2097,20.839,41.677,6.04
WL-B2F-2136,wall,3.5896,14.416,28.832,4.179
WL-B2F-2137,wall,2.0786,8.348,16.696,2.42
WL-B2F-2138,wall,0.7866,0.69,1.38,0.2
WL-B2F-2139,wall,0.0,0.0,0.0,0.0
WL-B2F-2140,wall,0.0,0.0,0.0,0.0
WL-B2F-2141,wall,1.0522,0.862,1.725,0.25
WL-B2F-2142,wall,0.0,0.0,0.0,0.0
WL-B2F-2143,wall,0.966,0.863,1.725,0.25
WL-B2F-2144,wall,0.0215,0.086,0.173,0.025
WL-B2F-2145,wall,0.4744,1.898,3.795,0.55
WL-B2F-2146,wall,0.8798,0.863,1.725,0.25
WL-B2F-2147,wall,0.0,0.0,0.0,0.0
WL-B2F-2148,wall,0.0,0.0,0.0,0.0
WL-B2F-2149,wall,0.0,0.0,0.0,0.0
WL-B2F-2150,wall,0.0,0.0,0.0,0.0
WL-B2F-2151,wall,0.0,0.0,0.0,0.0
WL-B2F-2152,wall,0.0,0.0,0.0,0.0
WL-B2F-2153,wall,0.966,0.863,1.725,0.25
WL-B2F-2154,wall,0.0,0.0,0.0,0.0
WL-B2F-2155,wall,0.2976,1.19,2.38,0.345
WL-B2F-2156,wall,0.0537,0.216,0.431,0.062
WL-B2F-2157,wall,9.5032,38.166,76.331,11.062
WL-B2F-2158,wall,8.6442,34.716,69.431,10.063
WL-B2F-2159,wall,0.4054,0.862,1.725,0.25
WL-B2F-2160,wall,0.9215,1.501,3.001,0.435
WL-B2F-2161,wall,0.0636,0.256,0.511,0.074
WL-B2F-2162,wall,0.9056,1.294,2.588,0.375
WL-B2F-2163,wall,1.2392,4.977,9.954,1.443
WL-B2F-2164,wall,0.1078,0.431,0.862,0.125
WL-B2F-2165,wall,0.0,0.0,0.0,0.0
WL-B2F-2166,wall,0.1078,0.431,0.863,0.125
WL-B2F-2167,wall,1.1333,2.518,5.037,0.73
WL-B2F-2168,wall,0.058,0.233,0.466,0.067
WL-B2F-2169,wall,1.0522,0.862,1.725,0.25
WL-B2F-2170,wall,1.343,2.863,5.727,0.83
WL-B2F-2171,wall,0.1289,0.517,1.035,0.15
WL-B2F-2172,wall,0.4528,1.811,3.622,0.525
WL-B2F-2173,wall,0.0,0.0,0.0,0.0
WL-B2F-2174,wall,2.1373,3.053,6.107,0.885
WL-B2F-2175,wall,0.0,0.0,0.0,0.0
WL-B2F-2176,wall,0.9177,1.311,2.622,0.38
WL-B2F-2177,wall,0.0,0.0,0.0,0.0
WL-B2F-2178,wall,2.0498,2.933,5.865,0.85
WL-B2F-2179,wall,0.0,0.0,0.0,0.0
WL-B2F-2180,wall,0.0,0.0,0.0,0.0
WL-B2F-2181,wall,0.0,0.0,0.0,0.0
WL-B2F-2182,wall,13.9585,13.973,27.945,4.05
WL-B2F-2183,wall,9.3098,15.516,31.033,4.497
WL-B2F-2184,wall,0.0,0.0,0.0,0.0
WL-B2F-2185,wall,0.0,0.0,0.0,0.0
WL-B2F-2186,wall,0.0,0.0,0.0,0.0
WL-B2F-2187,wall,0.0,0.0,0.0,0.0
WL-B2F-2188,wall,0.0,0.0,0.0,0.0
WL-B2F-2189,wall,0.0,0.0,0.0,0.0
WL-B2F-2190,wall,0.0,0.0,0.0,0.0
WL-B2F-2191,wall,0.0,0.0,0.0,0.0
WL-B2F-2192,wall,0.1902,0.604,1.208,0.175
WL-B2F-2193,wall,0.0,0.0,0.0,0.0
WL-B2F-2194,wall,0.0,0.0,0.0,0.0
WL-B2F-2195,wall,0.0,0.0,0.0,0.0
WL-B2F-2196,wall,1.9665,1.639,3.277,0.475
WL-B2F-2197,wall,0.0,0.0,0.0,0.0
WL-B2F-2198,wall,0.0,0.0,0.0,0.0
WL-B2F-2199,wall,0.0,0.0,0.0,0.0
WL-B2F-2200,wall,0.0,0.0,0.0,0.0
WL-B2F-2201,wall,0.0,0.0,0.0,0.0
WL-B2F-2202,wall,0.9091,1.466,2.933,0.425
WL-B2F-2203,wall,0.0,0.0,0.0,0.0
WL-B2F-2204,wall,0.2587,1.035,2.07,0.3
WL-B2F-2205,wall,1.2506,5.003,10.005,1.45
WL-B2F-2206,wall,0.1078,0.431,0.862,0.125
WL-B2F-2207,wall,1.0048,4.019,8.039,1.165
WL-B2F-2208,wall,2.6091,10.436,20.872,3.025
WL-B2F-2209,wall,3.1055,12.472,24.944,3.615
WL-B2F-2210,wall,0.8409,3.364,6.727,0.975
WL-B2F-2211,wall,1.4404,5.761,11.523,1.67
WL-B2F-2212,wall,1.1558,4.623,9.246,1.34
WL-B2F-2213,wall,0.4768,1.915,3.83,0.555
WL-B2F-2214,wall,0.3522,1.415,2.829,0.41
WL-B2F-2215,wall,1.7138,6.883,13.765,1.995
WL-B2F-2216,wall,0.966,0.863,1.725,0.25
WL-B2F-2217,wall,6.3822,5.882,11.764,1.705
WL-B2F-2218,wall,1.469,5.899,11.799,1.71
WL-B2F-2219,wall,1.7604,2.708,5.416,0.785
WL-B2F-2220,wall,0.451,1.811,3.623,0.525
WL-B2F-2221,wall,1.8641,7.487,14.973,2.17
WL-B2F-2222,wall,0.9664,3.881,7.762,1.125
WL-B2F-2223,wall,0.8797,0.862,1.725,0.25
WL-B2F-2224,wall,6.7133,7.377,14.755,2.138
WL-B2F-2225,wall,5.5347,7.283,14.565,2.111
WL-B2F-2226,wall,0.6744,2.708,5.416,0.785
WL-B2F-2227,wall,2.346,4.692,9.384,1.36
WL-B2F-2228,wall,5.5631,11.126,22.253,3.225
WL-B2F-2229,wall,0.3019,1.207,2.415,0.35
WL-B2F-2230,wall,1.5396,6.158,12.316,1.785
WL-B2F-2231,wall,3.2171,12.92,25.841,3.745
WL-B2F-2232,wall,0.2105,0.845,1.69,0.245
WL-B2F-2233,wall,0.0,0.0,0.0,0.0
WL-B2F-2234,wall,0.4768,1.915,3.829,0.555
WL-B2F-2235,wall,1.7009,6.831,13.662,1.98
WL-B2F-2236,wall,0.966,0.862,1.725,0.25
WL-B2F-2237,wall,0.7935,0.863,1.725,0.25
WL-B2F-2238,wall,2.7146,10.902,21.804,3.16
WL-B2F-2239,wall,1.5853,1.725,3.45,0.5
WL-B2F-2240,wall,2.1028,1.725,3.45,0.5
WL-B2F-2241,wall,7.2391,14.507,29.014,4.205
WL-B2F-2242,wall,1.9251,3.208,6.417,0.93
WL-B2F-2243,wall,1.3955,1.725,3.45,0.5
WL-B2F-2244,wall,6.2207,6.555,13.11,1.9
WL-B2F-2245,wall,8.4356,16.905,33.81,4.9
WL-B2F-2246,wall,1.1812,4.744,9.487,1.375
WL-B2F-2247,wall,5.6128,4.252,8.504,1.232
WL-B2F-2248,wall,0.3666,1.466,2.933,0.425
WL-B2F-2249,wall,0.8798,0.863,1.725,0.25
WL-B2F-2250,wall,0.451,1.811,3.622,0.525
WL-B2F-2251,wall,0.8797,0.862,1.725,0.25
WL-B2F-2252,wall,0.3998,0.776,1.552,0.225
WL-B2F-2253,wall,0.8841,0.776,1.553,0.225
WL-B2F-2254,wall,0.8719,3.502,7.003,1.015
WL-B2F-2255,wall,0.5428,2.171,4.343,0.629
WL-B2F-2256,wall,0.335,1.345,2.691,0.39
WL-B2F-2257,wall,1.0522,0.862,1.725,0.25
WL-B2F-2258,wall,1.2506,5.003,10.005,1.45
WL-B2F-2259,wall,0.3614,0.863,1.725,0.25
WL-B2F-2260,wall,1.1769,4.727,9.453,1.37
WL-B2F-2261,wall,0.64,2.57,5.14,0.745
WL-B2F-2262,wall,1.688,6.779,13.558,1.965
WL-B2F-2263,wall,1.3874,5.572,11.144,1.615
WL-B2F-2264,wall,6.183,24.831,49.663,7.197
WL-B2F-2265,wall,0.4934,0.897,1.794,0.26
WL-B2F-2266,wall,1.9837,1.725,3.45,0.5
WL-B2F-2267,wall,11.4311,22.908,45.816,6.64
WL-B2F-2268,wall,1.5007,1.725,3.45,0.5
WL-B2F-2269,wall,11.8421,23.684,47.368,6.865
WL-B2F-2270,wall,1.311,1.725,3.45,0.5
WL-B2F-2271,wall,11.5057,23.011,46.023,6.67
WL-B2F-2272,wall,23.733,47.561,95.122,13.786
WL-B2F-2273,wall,1.3745,5.52,11.04,1.6
WL-B2F-2274,wall,2.139,8.556,17.112,2.48
WL-B2F-2275,wall,0.7926,0.863,1.725,0.25
WL-B2F-2276,wall,2.5536,2.398,4.795,0.695
WL-B2F-2277,wall,1.804,7.245,14.49,2.1
WL-B2F-2278,wall,0.966,0.863,1.725,0.25
WL-B2F-2279,wall,1.2075,4.83,9.66,1.4
WL-B2F-2280,wall,6.3822,5.882,11.764,1.705
WL-B2F-2281,wall,1.469,5.9,11.799,1.71
WL-B2F-2282,wall,0.2105,0.845,1.691,0.245
WL-B2F-2283,wall,0.966,0.862,1.725,0.25
WL-B2F-2284,wall,0.4768,1.915,3.829,0.555
WL-B2F-2285,wall,1.804,7.245,14.49,2.1
WL-B2F-2286,wall,13.5653,11.506,23.012,3.335
WL-B2F-2287,wall,1.5383,2.122,4.243,0.615
WL-B2F-2288,wall,1.0824,4.347,8.694,1.26
WL-B2F-2289,wall,1.587,1.725,3.45,0.5
WL-B2F-2290,wall,2.1028,1.725,3.45,0.5
WL-B2F-2291,wall,2.3098,2.984,5.969,0.865
WL-B2F-2292,wall,1.9751,1.725,3.45,0.5
WL-B2F-2293,wall,4.3022,3.709,7.418,1.075
WL-B2F-2294,wall,0.7935,0.862,1.725,0.25
WL-B2F-2295,wall,2.7146,10.902,21.804,3.16
WL-B2F-2296,wall,7.314,14.628,29.256,4.24
WL-B2F-2297,wall,1.242,1.725,3.45,0.5
WL-B2F-2298,wall,2.0743,3.191,6.382,0.925
WL-B2F-2299,wall,2.3241,4.657,9.315,1.35
WL-B2F-2300,wall,1.7215,3.45,6.9,1.0
WL-B2F-2301,wall,0.9479,3.019,6.038,0.875
WL-B2F-2302,wall,1.5051,3.01,6.02,0.872
WL-B2F-2303,wall,1.2593,2.519,5.037,0.73
WL-B2F-2304,wall,7.0035,14.007,28.014,4.06
WL-B2F-2305,wall,2.1175,4.244,8.487,1.23
WL-B2F-2306,wall,9.9101,19.82,39.641,5.745
WL-B2F-2307,wall,0.713,2.864,5.727,0.83
WL-B2F-2308,wall,3.6484,4.865,9.729,1.41
WL-B2F-2309,wall,1.9543,7.849,15.697,2.275
WL-B2F-2310,wall,3.2301,12.92,25.841,3.745
WL-B2F-2311,wall,1.7525,7.038,14.076,2.04
WL-B2F-2312,wall,6.8434,27.484,54.967,7.966
WL-B2F-2313,wall,1.1082,4.45,8.901,1.29
WL-B2F-2314,wall,8.5245,17.083,34.166,4.952
WL-B2F-2315,wall,1.7595,1.725,3.45,0.5
WL-B2F-2316,wall,2.1821,1.725,3.45,0.5
WL-B2F-2317,wall,2.2597,1.725,3.45,0.5
WL-B2F-2318,wall,1.0352,4.157,8.314,1.205
WL-B2F-2319,wall,0.0,0.0,0.0,0.0
WL-B2F-2320,wall,0.0,0.0,0.0,0.0
WL-B2F-2321,wall,0.0,0.0,0.0,0.0
WL-B2F-2322,wall,0.0,0.0,0.0,0.0
WL-B2F-2323,wall,0.0,0.0,0.0,0.0
WL-B2F-2324,wall,0.0,0.0,0.0,0.0
WL-B2F-2325,wall,10.8468,27.117,54.234,7.86
WL-B2F-2326,wall,10.8468,27.117,54.234,7.86
WL-B2F-2327,wall,1.4986,5.994,11.989,1.737
WL-B2F-2328,wall,1.7035,6.814,13.628,1.975
WL-B2F-2329,wall,1.3094,1.639,3.278,0.475
WL-B2F-2330,wall,0.2346,1.173,2.346,0.34
WL-B2F-2331,wall,5.877,5.779,11.558,1.675
WL-B2F-2332,wall,1.7689,4.433,8.867,1.285
WL-B2F-2333,wall,1.8433,9.125,18.251,2.645
WL-B2F-2334,wall,13.5067,11.644,23.288,3.375
WL-B2F-2335,wall,33.7272,84.318,168.636,24.44
WL-B2F-2336,wall,2.1045,1.725,3.45,0.5
WL-B2F-2337,wall,2.5013,5.003,10.005,1.45
WL-B2F-2338,wall,0.8334,1.113,2.225,0.323
WL-B2F-2339,wall,1.0352,4.157,8.315,1.205
WL-B2F-2340,wall,1.6948,6.779,13.558,1.965
WL-B2F-2341,wall,0.4934,0.897,1.794,0.26
WL-B2F-2342,wall,1.3444,5.399,10.798,1.565
WL-B2F-2343,wall,5.1522,20.691,41.383,5.998
WL-B2F-2344,wall,0.6555,0.863,1.725,0.25
WL-B2F-2345,wall,0.6555,2.622,5.244,0.76
WL-B2F-2346,wall,1.3358,5.365,10.729,1.555
WL-B2F-2347,wall,0.6891,0.863,1.725,0.25
WL-B2F-2348,wall,1.38,5.52,11.04,1.6
WL-B2F-2349,wall,2.1304,8.556,17.112,2.48
WL-B2F-2350,wall,0.7926,0.863,1.725,0.25
WL-B2F-2351,wall,2.8948,2.855,5.71,0.828
WL-B2F-2352,wall,1.8113,7.245,14.49,2.1
WL-B2F-2353,wall,1.1812,4.744,9.487,1.375
WL-B2F-2354,wall,0.3651,1.466,2.933,0.425
WL-B2F-2355,wall,1.7595,1.725,3.45,0.5
WL-B2F-2356,wall,1.7595,1.725,3.45,0.5
WL-B2F-2357,wall,2.2382,4.476,8.953,1.298
WL-B2F-2358,wall,6.3822,5.882,11.764,1.705
WL-B2F-2359,wall,1.469,5.899,11.799,1.71
WL-B2F-2360,wall,1.018,4.088,8.177,1.185
WL-B2F-2361,wall,0.621,0.862,1.725,0.25
WL-B2F-2362,wall,0.6185,2.484,4.968,0.72
WL-B2F-2363,wall,1.7577,2.708,5.416,0.785
WL-B2F-2364,wall,0.451,1.811,3.623,0.525
WL-B2F-2365,wall,1.8641,7.487,14.973,2.17
WL-B2F-2366,wall,0.9703,3.881,7.762,1.125
WL-B2F-2367,wall,0.8798,0.863,1.725,0.25
WL-B2F-2368,wall,6.2373,4.994,9.988,1.447
WL-B2F-2369,wall,1.6053,2.432,4.864,0.705
WL-B2F-2370,wall,0.921,1.846,3.691,0.535
WL-B2F-2371,wall,2.3413,4.692,9.384,1.36
WL-B2F-2372,wall,0.6025,1.207,2.415,0.35
WL-B2F-2373,wall,5.5631,11.126,22.253,3.225
WL-B2F-2374,wall,0.3019,1.207,2.415,0.35
WL-B2F-2375,wall,4.7324,7.901,15.801,2.29
WL-B2F-2376,wall,1.5334,6.158,12.317,1.785
WL-B2F-2377,wall,3.2301,12.92,25.841,3.745
WL-B2F-2378,wall,0.2105,0.845,1.69,0.245
WL-B2F-2379,wall,1.7954,7.211,14.421,2.09
WL-B2F-2380,wall,0.4768,1.915,3.83,0.555
WL-B2F-2381,wall,1.8113,7.245,14.49,2.1
WL-B2F-2382,wall,0.966,0.862,1.725,0.25
WL-B2F-2383,wall,3.986,3.364,6.728,0.975
WL-B2F-2384,wall,0.7926,0.862,1.725,0.25
WL-B2F-2385,wall,2.7255,10.902,21.804,3.16
WL-B2F-2386,wall,0.5848,1.725,3.45,0.5
WL-B2F-2387,wall,2.1045,1.725,3.45,0.5
WL-B2F-2388,wall,4.1918,8.384,16.767,2.43
WL-B2F-2389,wall,1.9251,3.208,6.417,0.93
WL-B2F-2390,wall,1.3955,1.725,3.45,0.5
WL-B2F-2391,wall,6.2273,6.555,13.11,1.9
WL-B2F-2392,wall,4.0193,8.039,16.077,2.33
WL-B2F-2393,wall,1.2051,2.415,4.83,0.7
WL-B2F-2394,wall,6.3822,5.882,11.764,1.705
WL-B2F-2395,wall,1.469,5.899,11.799,1.71
WL-B2F-2396,wall,12.4726,24.995,49.99,7.245
WL-B2F-2397,wall,1.242,1.725,3.45,0.5
WL-B2F-2398,wall,2.0375,3.139,6.279,0.91
WL-B2F-2399,wall,2.2724,4.554,9.108,1.32
WL-B2F-2400,wall,1.0824,4.347,8.694,1.26
WL-B2F-2401,wall,2.1562,4.312,8.625,1.25
WL-B2F-2402,wall,1.7609,2.432,4.864,0.705
WL-B2F-2403,wall,1.6053,2.432,4.865,0.705
WL-B2F-2404,wall,2.3413,4.692,9.384,1.36
WL-B2F-2405,wall,4.5281,9.056,18.113,2.625
WL-B2F-2406,wall,2.9325,11.73,23.46,3.4
WL-B2F-2407,wall,2.691,5.382,10.764,1.56
WL-B2F-2408,wall,1.6474,6.589,13.179,1.91
WL-B2F-2409,wall,3.2171,12.92,25.841,3.745
WL-B2F-2410,wall,0.2105,0.845,1.69,0.245
WL-B2F-2411,wall,1.7595,7.038,14.076,2.04
WL-B2F-2412,wall,0.4768,1.915,3.829,0.555
WL-B2F-2413,wall,1.804,7.245,14.49,2.1
WL-B2F-2414,wall,0.966,0.862,1.725,0.25
WL-B2F-2415,wall,0.9567,0.811,1.622,0.235
WL-B2F-2416,wall,0.7935,0.863,1.725,0.25
WL-B2F-2417,wall,2.7146,10.902,21.804,3.16
WL-B2F-2418,wall,0.5865,1.725,3.45,0.5
WL-B2F-2419,wall,2.4274,4.865,9.729,1.41
WL-B2F-2420,wall,3.0988,6.21,12.42,1.8
WL-B2F-2421,wall,2.1045,1.725,3.45,0.5
WL-B2F-2422,wall,1.9251,3.209,6.417,0.93
WL-B2F-2423,wall,1.4818,1.725,3.45,0.5
WL-B2F-2424,wall,6.4429,7.159,14.318,2.075
WL-B2F-2425,wall,5.451,10.902,21.804,3.16
WL-B2F-2426,wall,1.2118,4.847,9.695,1.405
WL-B2F-2427,wall,4.2093,3.191,6.382,0.925
WL-B2F-2428,wall,1.7782,7.141,14.283,2.07
WL-B2F-2429,wall,0.7302,2.932,5.865,0.85
WL-B2F-2430,wall,0.8241,1.121,2.242,0.325
WL-B2F-2431,wall,0.4911,0.518,1.035,0.15
WL-B2F-2432,wall,2.1261,8.539,17.078,2.475
WL-B2F-2433,wall,7.5581,6.607,13.214,1.915
WL-B2F-2434,wall,1.6948,6.779,13.559,1.965
WL-B2F-2435,wall,1.3929,5.572,11.144,1.615
WL-B2F-2436,wall,6.183,24.831,49.663,7.197
WL-B2F-2437,wall,0.4933,0.897,1.794,0.26
WL-B2F-2438,wall,2.0165,1.725,3.45,0.5
WL-B2F-2439,wall,1.119,2.242,4.485,0.65
WL-B2F-2440,wall,1.4663,1.725,3.45,0.5
WL-B2F-2441,wall,2.0183,4.037,8.073,1.17
WL-B2F-2442,wall,1.311,1.725,3.45,0.5
WL-B2F-2443,wall,6.6796,13.386,26.772,3.88
WL-B2F-2444,wall,1.38,5.52,11.04,1.6
WL-B2F-2445,wall,2.139,8.556,17.112,2.48
WL-B2F-2446,wall,5.3488,4.537,9.073,1.315
WL-B2F-2447,wall,0.7926,0.863,1.725,0.25
WL-B2F-2448,wall,2.0177,1.811,3.623,0.525
WL-B2F-2449,wall,1.804,7.245,14.49,2.1
WL-B2F-2450,wall,0.3651,1.466,2.933,0.425
WL-B2F-2451,wall,3.0598,6.132,12.264,1.777
WL-B2F-2452,wall,0.6891,0.863,1.725,0.25
WL-B2F-2453,wall,1.2204,4.882,9.763,1.415
WL-B2F-2454,wall,0.207,0.828,1.656,0.24
WL-B2F-2455,wall,2.3029,9.212,18.423,2.67
WL-B2F-2456,wall,1.4303,5.744,11.489,1.665
WL-B2F-2457,wall,1.8169,7.297,14.593,2.115
WL-B2F-2458,wall,2.8112,11.29,22.58,3.273
WL-B2F-2459,wall,2.2598,9.039,18.078,2.62
WL-B2F-2460,wall,1.0523,0.863,1.725,0.25
WL-B2F-2461,wall,10.5061,8.987,17.975,2.605
WL-B2F-2462,wall,0.4497,2.26,4.52,0.655
WL-B2F-2463,wall,0.5355,2.691,5.382,0.78
WL-B2F-2464,wall,2.07,8.28,16.56,2.4
WL-B2F-2465,wall,0.6296,2.518,5.037,0.73
WL-B2F-2466,wall,0.5339,0.862,1.725,0.25
WL-B2F-2467,wall,0.8977,3.605,7.21,1.045
WL-B2F-2468,wall,3.4198,13.679,27.359,3.965
WL-B2F-2469,wall,3.1869,12.748,25.496,3.695
WL-B2F-2470,wall,2.07,8.28,16.56,2.4
WL-B2F-2471,wall,0.0,0.0,0.0,0.0
WL-B2F-2472,wall,0.5382,2.691,5.382,0.78
WL-B2F-2473,wall,2.7189,10.919,21.838,3.165
WL-B2F-2474,wall,2.9208,11.73,23.46,3.4
WL-B2F-2475,wall,0.0,0.0,0.0,0.0
WL-B2F-2476,wall,1.3369,5.348,10.695,1.55
WL-B2F-2477,wall,0.414,2.07,4.14,0.6
WL-B2F-2478,wall,5.243,4.485,8.97,1.3
WL-B2F-2479,wall,2.8649,11.506,23.011,3.335
WL-B2F-2480,wall,0.5348,0.863,1.725,0.25
WL-B2F-2481,wall,1.9223,9.66,19.32,2.8
WL-B2F-2482,wall,2.0743,8.297,16.594,2.405
WL-B2F-2483,wall,1.1125,4.468,8.935,1.295
WL-B2F-2484,wall,1.9881,7.952,15.904,2.305
WL-B2F-2485,wall,2.4581,9.833,19.665,2.85
WL-B2F-2486,wall,2.6953,10.824,21.649,3.137
WL-B2F-2487,wall,2.0873,8.349,16.698,2.42
WL-B2F-2488,wall,4.4785,17.986,35.972,5.213
WL-B2F-2489,wall,0.9686,3.89,7.78,1.127
WL-B2F-2490,wall,6.7851,27.14,54.281,7.867
WL-B2F-2491,wall,0.6112,1.225,2.45,0.355
WL-B2F-2492,wall,2.4318,4.864,9.727,1.41
WL-B2F-2493,wall,4.4163,17.665,35.33,5.12
WL-B2F-2494,wall,5.5086,22.034,44.069,6.387
WL-B2F-2495,wall,1.2924,5.17,10.34,1.498
WL-B2F-2496,wall,4.9552,19.821,39.642,5.745
WL-B2F-2497,wall,6.0351,24.14,48.281,6.997
WL-B2F-2498,wall,3.5441,5.917,11.833,1.715
WL-B2F-2499,wall,6.3032,10.505,21.011,3.045
WL-B2F-2500,wall,7.0263,11.73,23.46,3.4
WL-B2F-2501,wall,3.1742,12.748,25.496,3.695
WL-B2F-2502,wall,8.5555,14.283,28.566,4.14
WL-B2F-2503,wall,6.9293,11.549,23.098,3.347
WL-B2F-2504,wall,2.6806,2.415,4.83,0.7
WL-B2F-2505,wall,10.4053,8.901,17.802,2.58
WL-B2F-2506,wall,0.4519,2.26,4.519,0.655
WL-B2F-2507,wall,0.5382,2.691,5.382,0.78
WL-B2F-2508,wall,2.07,8.28,16.56,2.4
WL-B2F-2509,wall,0.5012,2.519,5.037,0.73
WL-B2F-2510,wall,1.2399,2.07,4.14,0.6
WL-B2F-2511,wall,1.2834,2.07,4.14,0.6
WL-B2F-2512,wall,0.0,0.0,0.0,0.0
WL-B2F-2513,wall,0.7023,1.466,2.933,0.425
WL-B2F-2514,wall,2.2011,2.501,5.003,0.725
WL-B2F-2515,wall,3.7455,15.042,30.084,4.36
WL-B2F-2516,wall,0.0,0.0,0.0,0.0
WL-B2F-2517,wall,0.1074,0.431,0.862,0.125
WL-B2F-2518,wall,0.0,0.0,0.0,0.0
WL-B2F-2519,wall,1.2456,5.002,10.005,1.45
WL-B2F-2520,wall,0.2587,1.035,2.07,0.3
WL-B2F-2521,wall,0.7116,2.846,5.692,0.825
WL-B2F-2522,wall,0.4982,2.001,4.002,0.58
WL-B2F-2523,wall,2.7039,2.846,5.692,0.825
WL-B2F-2524,wall,1.5525,6.21,12.42,1.8
WL-B2F-2525,wall,0.0992,0.397,0.794,0.115
WL-B2F-2526,wall,0.8798,0.863,1.725,0.25
WL-B2F-2527,wall,2.9325,11.73,23.46,3.4
WL-B2F-2528,wall,0.6124,2.45,4.899,0.71
WL-B2F-2529,wall,0.7935,0.863,1.725,0.25
WL-B2F-2530,wall,1.0523,0.863,1.725,0.25
WL-B2F-2531,wall,1.4663,5.865,11.73,1.7
WL-B2F-2532,wall,2.8563,11.471,22.943,3.325
WL-B2F-2533,wall,1.8501,3.364,6.728,0.975
WL-B2F-2534,wall,0.2156,0.863,1.725,0.25
WL-B2F-2535,wall,0.6676,1.484,2.967,0.43
WL-B2F-2536,wall,2.3598,2.484,4.968,0.72
WL-B2F-2537,wall,0.0,0.0,0.0,0.0
WL-B2F-2538,wall,0.0344,0.138,0.276,0.04
WL-B2F-2539,wall,0.4596,1.846,3.692,0.535
WL-B2F-2540,wall,0.0,0.0,0.0,0.0
WL-B2F-2541,wall,0.0,0.0,0.0,0.0
WL-B2F-2542,wall,0.0,0.0,0.0,0.0
WL-B2F-2543,wall,0.0,0.0,0.0,0.0
WL-B2F-2544,wall,0.0,0.0,0.0,0.0
WL-B2F-2545,wall,0.2019,0.811,1.621,0.235
WL-B2F-2546,wall,3.0002,12.049,24.098,3.492
WL-B2F-2547,wall,1.3702,5.503,11.006,1.595
WL-B2F-2548,wall,1.1385,0.863,1.725,0.25
WL-B2F-2549,wall,0.1078,0.431,0.862,0.125
WL-B2F-2550,wall,1.4766,1.38,2.76,0.4
WL-B2F-2551,wall,0.0,0.0,0.0,0.0
WL-B2F-2552,wall,0.9444,1.294,2.587,0.375
WL-B2F-2553,wall,4.396,3.76,7.521,1.09
WL-B2F-2554,wall,0.4381,1.759,3.519,0.51
WL-B2F-2555,wall,0.1078,0.431,0.862,0.125
WL-B2F-2556,wall,0.9621,3.864,7.728,1.12
WL-B2F-2557,wall,0.0,0.0,0.0,0.0
WL-B2F-2558,wall,2.0832,8.366,16.733,2.425
WL-B2F-2559,wall,0.7866,0.69,1.38,0.2
WL-B2F-2560,wall,0.7866,0.69,1.38,0.2
WL-B2F-2561,wall,2.5986,10.436,20.872,3.025
WL-B2F-2562,wall,0.7866,0.69,1.38,0.2
WL-B2F-2563,wall,0.0,0.0,0.0,0.0
WL-B2F-2564,wall,1.7216,3.45,6.9,1.0
WL-B2F-2565,wall,1.048,4.209,8.418,1.22
WL-B2F-2566,wall,7.2477,14.524,29.049,4.21
WL-B2F-2567,wall,2.6168,5.244,10.488,1.52
WL-B2F-2568,wall,0.7747,1.552,3.105,0.45
WL-B2F-2569,wall,0.5814,0.776,1.553,0.225
WL-B2F-2570,wall,1.756,3.519,7.038,1.02
WL-B2F-2571,wall,2.1003,4.209,8.418,1.22
WL-B2F-2572,wall,0.7456,1.57,3.14,0.455
WL-B2F-2573,wall,2.6168,5.244,10.488,1.52
WL-B2F-2574,wall,2.6168,5.244,10.488,1.52
WL-B2F-2575,wall,2.9266,5.865,11.73,1.7
WL-B2F-2576,wall,0.69,0.863,1.725,0.25
WL-B2F-2577,wall,0.69,0.862,1.725,0.25
WL-B2F-2578,wall,1.9303,1.725,3.45,0.5
WL-B2F-2579,wall,5.4769,10.954,21.908,3.175
WL-B2F-2580,wall,6.3764,5.882,11.764,1.705
WL-B2F-2581,wall,1.469,5.9,11.799,1.71
WL-B2F-2582,wall,0.9651,0.862,1.725,0.25
WL-B2F-2583,wall,0.4768,1.915,3.829,0.555
WL-B2F-2584,wall,1.804,7.245,14.49,2.1
WL-B2F-2585,wall,0.5969,1.259,2.519,0.365
WL-B2F-2586,wall,1.8846,7.538,15.076,2.185
WL-B2F-2587,wall,1.587,1.725,3.45,0.5
WL-B2F-2588,wall,2.1045,1.725,3.45,0.5
WL-B2F-2589,wall,7.2047,14.438,28.876,4.185
WL-B2F-2590,wall,2.3128,2.984,5.969,0.865
WL-B2F-2591,wall,1.9734,1.725,3.45,0.5
WL-B2F-2592,wall,7.4973,6.469,12.937,1.875
WL-B2F-2593,wall,9.6751,19.389,38.778,5.62
WL-B2F-2594,wall,0.7935,0.862,1.725,0.25
WL-B2F-2595,wall,2.7146,10.902,21.804,3.16
WL-B2F-2596,wall,0.621,0.862,1.725,0.25
WL-B2F-2597,wall,0.6185,2.484,4.968,0.72
WL-B2F-2598,wall,1.794,2.76,5.52,0.8
WL-B2F-2599,wall,0.4528,1.811,3.623,0.525
WL-B2F-2600,wall,0.9664,3.881,7.762,1.125
WL-B2F-2601,wall,0.8151,2.588,5.175,0.75
WL-B2F-2602,wall,8.4079,11.534,23.067,3.343
WL-B2F-2603,wall,6.6231,11.439,22.878,3.316
WL-B2F-2604,wall,0.5197,2.087,4.175,0.605
WL-B2F-2605,wall,2.1218,4.244,8.487,1.23
WL-B2F-2606,wall,0.3007,1.208,2.415,0.35
WL-B2F-2607,wall,1.847,7.417,14.835,2.15
WL-B2F-2608,wall,3.9847,6.641,13.282,1.925
WL-B2F-2609,wall,3.2301,12.92,25.841,3.745
WL-B2F-2610,wall,0.1074,0.431,0.863,0.125
WL-B2F-2611,wall,0.0,0.0,0.0,0.0
WL-B2F-2612,wall,0.452,2.26,4.52,0.655
WL-B2F-2613,wall,2.4021,9.608,19.217,2.785
WL-B2F-2614,wall,0.5183,2.605,5.21,0.755
WL-B2F-2615,wall,2.9551,11.868,23.736,3.44
WL-B2F-2616,wall,2.7747,11.144,22.287,3.23
WL-B2F-2617,wall,0.6007,3.019,6.038,0.875
WL-B2F-2618,wall,5.243,4.485,8.97,1.3
WL-B2F-2619,wall,1.9223,9.66,19.32,2.8
WL-B2F-2620,wall,2.2813,9.125,18.251,2.645
WL-B2F-2621,wall,0.8977,3.605,7.21,1.045
WL-B2F-2622,wall,1.1213,0.863,1.725,0.25
WL-B2F-2623,wall,0.6894,2.769,5.537,0.802
WL-B2F-2624,wall,1.9665,9.833,19.665,2.85
WL-B2F-2625,wall,0.0,0.0,0.0,0.0
WL-B2F-2626,wall,1.6477,8.28,16.56,2.4
WL-B2F-2627,wall,0.1078,0.431,0.862,0.125
WL-B2F-2628,wall,5.4023,21.696,43.392,6.289
WL-B2F-2629,wall,5.5131,22.052,44.105,6.392
WL-B2F-2630,wall,1.6152,6.461,12.921,1.873
WL-B2F-2631,wall,0.2133,0.853,1.707,0.247
WL-B2F-2632,wall,5.8246,23.392,46.784,6.78
WL-B2F-2633,wall,2.929,4.882,9.763,1.415
WL-B2F-2634,wall,3.099,2.872,5.744,0.832
WL-B2F-2635,wall,10.4053,8.901,17.802,2.58
WL-B2F-2636,wall,0.5355,2.691,5.382,0.78
WL-B2F-2637,wall,2.07,8.28,16.56,2.4
WL-B2F-2638,wall,0.5037,2.518,5.037,0.73
WL-B2F-2639,wall,1.2813,2.07,4.14,0.6
WL-B2F-2640,wall,0.828,3.312,6.624,0.96
WL-B2F-2641,wall,2.898,3.019,6.037,0.875
WL-B2F-2642,wall,1.3929,5.572,11.144,1.615
WL-B2F-2643,wall,1.9543,7.849,15.698,2.275
WL-B2F-2644,wall,6.4683,10.799,21.597,3.13
WL-B2F-2645,wall,3.1869,12.748,25.496,3.695
WL-B2F-2646,wall,1.1812,4.744,9.487,1.375
WL-B2F-2647,wall,1.0352,4.157,8.314,1.205
WL-B2F-2648,wall,1.6948,6.779,13.559,1.965
WL-B2F-2649,wall,4.9141,19.656,39.313,5.698
WL-B2F-2650,wall,0.4933,0.897,1.794,0.26
WL-B2F-2651,wall,1.6763,1.984,3.967,0.575
WL-B2F-2652,wall,0.2113,0.845,1.691,0.245
WL-B2F-2653,wall,1.3358,5.365,10.73,1.555
WL-B2F-2654,wall,1.38,5.52,11.04,1.6
WL-B2F-2655,wall,0.1691,0.604,1.208,0.175
WL-B2F-2656,wall,2.0445,8.211,16.422,2.38
WL-B2F-2657,wall,0.3651,1.466,2.933,0.425
WL-B2F-2658,wall,0.0,0.0,0.0,0.0
WL-B2F-2659,wall,0.0,0.0,0.0,0.0
WL-B2F-2660,wall,1.0522,0.862,1.725,0.25
WL-B2F-2661,wall,0.0945,0.38,0.759,0.11
WL-B2F-2662,wall,1.1385,0.863,1.725,0.25
WL-B2F-2663,wall,0.9919,3.967,7.935,1.15
WL-B2F-2664,wall,0.0,0.0,0.0,0.0
WL-B2F-2665,wall,0.0,0.0,0.0,0.0
WL-B2F-2666,wall,0.0,0.0,0.0,0.0
WL-B2F-2667,wall,0.0,0.0,0.0,0.0
WL-B2F-2668,wall,0.0,0.0,0.0,0.0
WL-B2F-2669,wall,1.2041,4.836,9.671,1.402
WL-B2F-2670,wall,0.5304,2.122,4.243,0.615
WL-B2F-2671,wall,0.8798,0.863,1.725,0.25
WL-B2F-2672,wall,0.1768,0.707,1.415,0.205
WL-B2F-2673,wall,4.0526,16.275,32.551,4.717
WL-B2F-2674,wall,0.0,0.0,0.0,0.0
WL-B2F-2675,wall,0.6443,2.587,5.175,0.75
WL-B2F-2676,wall,0.0,0.0,0.0,0.0
WL-B2F-2677,wall,0.1078,0.431,0.862,0.125
WL-B2F-2678,wall,0.8798,0.863,1.725,0.25
WL-B2F-2679,wall,0.0644,0.259,0.517,0.075
WL-B2F-2680,wall,0.1074,0.431,0.863,0.125
WL-B2F-2681,wall,0.0,0.0,0.0,0.0
WL-B2F-2682,wall,0.1074,0.431,0.862,0.125
WL-B2F-2683,wall,1.3732,2.501,5.002,0.725
WL-B2F-2684,wall,0.0,0.0,0.0,0.0
WL-B2F-2685,wall,0.0,0.0,0.0,0.0
WL-B2F-2686,wall,0.0,0.0,0.0,0.0
WL-B2F-2687,wall,0.966,0.862,1.725,0.25
WL-B2F-2688,wall,2.081,8.358,16.715,2.422
WL-B2F-2689,wall,0.6857,2.743,5.485,0.795
WL-B2F-2690,wall,0.8366,3.347,6.693,0.97
WL-B2F-2691,wall,0.897,3.588,7.176,1.04
WL-B2F-2692,wall,3.4362,13.8,27.6,4.0
WL-B2F-2693,wall,0.8999,3.614,7.228,1.047
WL-B2F-2694,wall,0.1074,0.431,0.862,0.125
WL-B2F-2695,wall,7.3744,7.762,15.525,2.25
WL-B2F-2696,wall,0.1078,0.431,0.862,0.125
WL-B2F-2697,wall,0.4703,1.889,3.778,0.547
WL-B2F-2698,wall,1.0115,4.062,8.125,1.178
WL-B2F-2699,wall,1.8328,1.466,2.932,0.425
WL-B2F-2700,wall,0.0776,0.31,0.621,0.09
WL-B2F-2701,wall,0.7935,0.863,1.725,0.25
WL-B2F-2702,wall,0.6124,2.45,4.899,0.71
WL-B2F-2703,wall,1.0523,0.863,1.725,0.25
WL-B2F-2704,wall,0.7859,0.69,1.38,0.2
WL-B2F-2705,wall,10.7667,17.975,35.949,5.21
WL-B2F-2706,wall,1.3412,5.365,10.729,1.555
WL-B2F-2707,wall,0.966,0.862,1.725,0.25
WL-B2F-2708,wall,0.451,1.811,3.623,0.525
WL-B2F-2709,wall,3.4625,3.191,6.383,0.925
WL-B2F-2710,wall,0.8797,0.862,1.725,0.25
WL-B2F-2711,wall,0.8798,0.863,1.725,0.25
WL-B2F-2712,wall,0.3998,0.776,1.553,0.225
WL-B2F-2713,wall,1.9665,1.725,3.45,0.5
WL-B2F-2714,wall,0.3579,1.432,2.864,0.415
WL-B2F-2715,wall,0.3364,1.345,2.691,0.39
WL-B2F-2716,wall,0.3666,1.466,2.932,0.425
WL-B2F-2717,wall,1.6236,6.52,13.041,1.89
WL-B2F-2718,wall,1.3874,5.572,11.144,1.615
WL-B2F-2719,wall,6.2078,24.831,49.663,7.197
WL-B2F-2720,wall,0.6391,0.983,1.967,0.285
WL-B2F-2721,wall,0.2212,0.888,1.777,0.257
WL-B2F-2722,wall,1.9838,1.725,3.45,0.5
WL-B2F-2723,wall,1.499,1.725,3.45,0.5
WL-B2F-2724,wall,1.311,1.725,3.45,0.5
WL-B2F-2725,wall,28.5337,57.182,114.364,16.574
WL-B2F-2726,wall,23.6618,47.418,94.837,13.744
WL-B2F-2727,wall,1.38,5.52,11.04,1.6
WL-B2F-2728,wall,2.1304,8.556,17.112,2.48
WL-B2F-2729,wall,26.0933,22.132,44.263,6.415
WL-B2F-2730,wall,0.7926,0.862,1.725,0.25
WL-B2F-2731,wall,1.4513,1.363,2.726,0.395
WL-B2F-2732,wall,1.804,7.245,14.49,2.1
WL-B2F-2733,wall,1.0514,0.863,1.725,0.25
WL-B2F-2734,wall,1.1213,4.485,8.97,1.3
WL-B2F-2735,wall,6.3764,5.882,11.765,1.705
WL-B2F-2736,wall,1.469,5.9,11.799,1.71
WL-B2F-2737,wall,5.6654,4.295,8.591,1.245
WL-B2F-2738,wall,0.408,1.639,3.278,0.475
WL-B2F-2739,wall,1.804,7.245,14.49,2.1
WL-B2F-2740,wall,13.5653,11.506,23.012,3.335
WL-B2F-2741,wall,1.5853,1.725,3.45,0.5
WL-B2F-2742,wall,2.1045,1.725,3.45,0.5
WL-B2F-2743,wall,6.9895,14.007,28.014,4.06
WL-B2F-2744,wall,2.3098,2.984,5.969,0.865
WL-B2F-2745,wall,1.9751,1.725,3.45,0.5
WL-B2F-2746,wall,4.1021,3.536,7.073,1.025
WL-B2F-2747,wall,0.7935,0.862,1.725,0.25
WL-B2F-2748,wall,2.7146,10.902,21.804,3.16
WL-B2F-2749,wall,1.242,1.725,3.45,0.5
WL-B2F-2750,wall,2.0711,3.191,6.382,0.925
WL-B2F-2751,wall,1.7379,6.952,13.903,2.015
WL-B2F-2752,wall,1.3929,5.572,11.144,1.615
WL-B2F-2753,wall,0.5408,0.983,1.966,0.285
WL-B2F-2754,wall,0.6555,0.863,1.725,0.25
WL-B2F-2755,wall,0.6555,2.622,5.244,0.76
WL-B2F-2756,wall,1.2199,4.899,9.798,1.42
WL-B2F-2757,wall,1.38,5.52,11.04,1.6
WL-B2F-2758,wall,2.139,8.556,17.112,2.48
WL-B2F-2759,wall,0.7926,0.863,1.725,0.25
WL-B2F-2760,wall,14.3255,14.128,28.255,4.095
WL-B2F-2761,wall,1.804,7.245,14.49,2.1
WL-B2F-2762,wall,0.3651,1.466,2.933,0.425
WL-B2F-2763,wall,2.9242,4.882,9.763,1.415
WL-B2F-2764,wall,1.1488,1.915,3.829,0.555
WL-B2F-2765,wall,5.8892,9.815,19.631,2.845
WL-B2F-2766,wall,3.8025,6.348,12.696,1.84
WL-B2F-2767,wall,4.7403,7.901,15.801,2.29
WL-B2F-2768,wall,6.9178,11.549,23.098,3.348
WL-B2F-2769,wall,0.5822,0.776,1.553,0.225
WL-B2F-2770,wall,5.5787,9.298,18.596,2.695
WL-B2F-2771,wall,2.5254,2.07,4.14,0.6
WL-B2F-2772,wall,10.4142,8.901,17.802,2.58
WL-B2F-2773,wall,0.4497,2.26,4.52,0.655
WL-B2F-2774,wall,0.5355,2.691,5.382,0.78
WL-B2F-2775,wall,2.07,8.28,16.56,2.4
WL-B2F-2776,wall,0.5012,2.518,5.037,0.73
WL-B2F-2777,wall,1.2813,2.07,4.14,0.6
WL-B2F-2778,wall,2.0484,8.194,16.387,2.375
WL-B2F-2779,wall,1.242,2.07,4.14,0.6
WL-B2F-2780,wall,8.5698,14.283,28.566,4.14
WL-B2F-2781,wall,3.1742,12.748,25.496,3.695
WL-B2F-2782,wall,0.9867,4.934,9.867,1.43
WL-B2F-2783,wall,3.0963,15.56,31.119,4.51
WL-B2F-2784,wall,2.0769,10.385,20.769,3.01
WL-B2F-2785,wall,0.4278,0.69,1.38,0.2
WL-B2F-2786,wall,0.8963,0.69,1.38,0.2
WL-B2F-2787,wall,2.8136,14.068,28.136,4.078
WL-B2F-2788,wall,1.3433,6.75,13.5,1.957
WL-B2F-2789,wall,9.8087,8.383,16.767,2.43
WL-B2F-2790,wall,0.5355,2.691,5.382,0.78
WL-B2F-2791,wall,0.4497,2.26,4.519,0.655
WL-B2F-2792,wall,2.0617,8.28,16.56,2.4
WL-B2F-2793,wall,2.7507,13.823,27.645,4.007
WL-B2F-2794,wall,1.3593,6.797,13.593,1.97
WL-B2F-2795,wall,2.015,10.126,20.252,2.935
WL-B2F-2796,wall,0.8237,3.295,6.589,0.955
WL-B2F-2797,wall,0.0,0.0,0.0,0.0
WL-B2F-2798,wall,6.7227,26.891,53.782,7.794
WL-B2F-2799,wall,1.9839,7.967,15.935,2.309
WL-B2F-2800,wall,1.6292,6.543,13.086,1.897
WL-B2F-2801,wall,2.7271,10.908,21.817,3.162
WL-B2F-2802,wall,6.0443,24.177,48.355,7.008
WL-B2F-2803,wall,0.3434,1.374,2.747,0.398
WL-B2F-2804,wall,0.073,0.293,0.586,0.085
WL-B2F-2805,wall,3.7748,15.099,30.199,4.377
WL-B2F-2806,wall,1.2156,4.882,9.763,1.415
WL-B2F-2807,wall,2.9325,11.73,23.46,3.4
WL-B2F-2808,wall,2.0657,8.263,16.526,2.395
WL-B2F-2809,wall,3.1869,12.748,25.496,3.695
WL-B2F-2810,wall,2.891,11.61,23.221,3.365
WL-B2F-2811,wall,1.5094,6.037,12.075,1.75
WL-B2F-2812,wall,2.1159,8.498,16.995,2.463
WL-B2F-2813,wall,2.8225,11.29,22.58,3.273
WL-B2F-2814,wall,2.2598,9.039,18.078,2.62
WL-B2F-2815,wall,1.1204,0.863,1.725,0.25
WL-B2F-2816,wall,10.4053,8.901,17.802,2.58
WL-B2F-2817,wall,0.4519,2.26,4.519,0.655
WL-B2F-2818,wall,0.5382,2.691,5.382,0.78
WL-B2F-2819,wall,2.07,8.28,16.56,2.4
WL-B2F-2820,wall,0.5012,2.519,5.037,0.73
WL-B2F-2821,wall,0.3651,1.466,2.933,0.425
WL-B2F-2822,wall,0.5339,0.862,1.725,0.25
WL-B2F-2823,wall,0.1078,0.431,0.862,0.125
WL-B2F-2824,wall,0.0,0.0,0.0,0.0
WL-B2F-2825,wall,0.7926,0.862,1.725,0.25
WL-B2F-2826,wall,0.0,0.0,0.0,0.0
WL-B2F-2827,wall,0.1074,0.431,0.863,0.125
WL-B2F-2828,wall,1.1333,2.518,5.037,0.73
WL-B2F-2829,wall,0.058,0.233,0.466,0.067
WL-B2F-2830,wall,1.0522,0.862,1.725,0.25
WL-B2F-2831,wall,0.0,0.0,0.0,0.0
WL-B2F-2832,wall,1.1385,0.863,1.725,0.25
WL-B2F-2833,wall,0.0215,0.086,0.173,0.025
WL-B2F-2834,wall,0.4528,1.811,3.623,0.525
WL-B2F-2835,wall,0.7452,0.776,1.553,0.225
WL-B2F-2836,wall,0.6823,0.776,1.553,0.225
WL-B2F-2837,wall,0.0,0.0,0.0,0.0
WL-B2F-2838,wall,0.0,0.0,0.0,0.0
WL-B2F-2839,wall,0.0,0.0,0.0,0.0
WL-B2F-2840,wall,0.0,0.0,0.0,0.0
WL-B2F-2841,wall,0.0,0.0,0.0,0.0
WL-B2F-2842,wall,0.0,0.0,0.0,0.0
WL-B2F-2843,wall,0.0,0.0,0.0,0.0
WL-B2F-2844,wall,1.0609,4.243,8.487,1.23
WL-B2F-2845,wall,0.8797,0.862,1.725,0.25
WL-B2F-2846,wall,1.6301,6.521,13.041,1.89
WL-B2F-2847,wall,1.2506,5.003,10.005,1.45
WL-B2F-2848,wall,2.7919,11.213,22.425,3.25
WL-B2F-2849,wall,0.1768,0.707,1.415,0.205
WL-B2F-2850,wall,0.345,1.38,2.76,0.4
WL-B2F-2851,wall,1.1212,4.485,8.97,1.3
WL-B2F-2852,wall,0.7763,3.105,6.21,0.9
WL-B2F-2853,wall,0.3264,1.311,2.622,0.38
WL-B2F-2854,wall,0.8711,3.485,6.969,1.01
WL-B2F-2855,wall,1.3917,5.589,11.178,1.62
WL-B2F-2856,wall,0.216,0.27,0.541,0.078
WL-B2F-2857,wall,0.7866,0.69,1.38,0.2
WL-B2F-2858,wall,0.7859,0.69,1.38,0.2
WL-B2F-2859,wall,0.7866,0.69,1.38,0.2
WL-B2F-2860,wall,2.5918,10.367,20.735,3.005
WL-B2F-2861,wall,0.5348,2.139,4.278,0.62
WL-B2F-2862,wall,2.5254,4.209,8.418,1.22
WL-B2F-2863,wall,1.2813,2.139,4.278,0.62
WL-B2F-2864,wall,13.0654,26.131,52.262,7.574
WL-B2F-2865,wall,0.6891,0.862,1.725,0.25
WL-B2F-2866,wall,0.69,0.863,1.725,0.25
WL-B2F-2867,wall,0.6891,0.863,1.725,0.25
WL-B2F-2868,wall,0.6891,0.863,1.725,0.25
WL-B2F-2869,wall,0.1078,0.431,0.862,0.125
WL-B2F-2870,wall,0.1078,0.431,0.863,0.125
WL-B2F-2871,wall,0.6947,1.544,3.088,0.447
WL-B2F-2872,wall,0.073,0.293,0.586,0.085
WL-B2F-2873,wall,1.0522,0.862,1.725,0.25
WL-B2F-2874,wall,0.0,0.0,0.0,0.0
WL-B2F-2875,wall,1.1376,0.863,1.725,0.25
WL-B2F-2876,wall,0.1294,0.517,1.035,0.15
WL-B2F-2877,wall,0.4725,1.898,3.795,0.55
WL-B2F-2878,wall,0.0,0.0,0.0,0.0
WL-B2F-2879,wall,0.0,0.0,0.0,0.0
WL-B2F-2880,wall,0.0,0.0,0.0,0.0
WL-B2F-2881,wall,0.0,0.0,0.0,0.0
WL-B2F-2882,wall,0.0,0.0,0.0,0.0
WL-B2F-2883,wall,0.7302,2.933,5.865,0.85
WL-B2F-2884,wall,0.1761,0.707,1.415,0.205
WL-B2F-2885,wall,1.0199,4.08,8.159,1.182
WL-B2F-2886,wall,2.6091,10.436,20.872,3.025
WL-B2F-2887,wall,2.0317,8.159,16.318,2.365
WL-B2F-2888,wall,1.1812,4.744,9.487,1.375
WL-B2F-2889,wall,1.1385,0.862,1.725,0.25
WL-B2F-2890,wall,0.2792,1.121,2.243,0.325
WL-B2F-2891,wall,0.8789,0.862,1.725,0.25
WL-B2F-2892,wall,0.451,1.811,3.623,0.525
WL-B2F-2893,wall,0.8797,0.862,1.725,0.25
WL-B2F-2894,wall,0.3998,0.776,1.552,0.225
WL-B2F-2895,wall,0.8849,0.776,1.553,0.225
WL-B2F-2896,wall,0.8754,3.502,7.003,1.015
WL-B2F-2897,wall,0.3651,1.466,2.932,0.425
WL-B2F-2898,wall,0.335,1.345,2.691,0.39
WL-B2F-2899,wall,1.0523,0.863,1.725,0.25
WL-B2F-2900,wall,1.2506,5.002,10.005,1.45
WL-B2F-2901,wall,0.3614,0.863,1.725,0.25
WL-B2F-2902,wall,1.3239,5.296,10.592,1.535
WL-B2F-2903,wall,1.5807,6.348,12.696,1.84
WL-B2F-2904,wall,1.3874,5.572,11.143,1.615
WL-B2F-2905,wall,6.183,24.831,49.663,7.197
WL-B2F-2906,wall,0.4036,0.897,1.794,0.26
WL-B2F-2907,wall,0.2221,0.888,1.777,0.258
WL-B2F-2908,wall,1.982,1.725,3.45,0.5
WL-B2F-2909,wall,1.119,2.242,4.485,0.65
WL-B2F-2910,wall,1.499,1.725,3.45,0.5
WL-B2F-2911,wall,1.311,1.725,3.45,0.5
WL-B2F-2912,wall,20.8566,41.797,83.593,12.115
WL-B2F-2913,wall,1.3745,5.52,11.04,1.6
WL-B2F-2914,wall,2.1304,8.556,17.112,2.48
WL-B2F-2915,wall,24.8731,21.097,42.194,6.115
WL-B2F-2916,wall,0.7935,0.863,1.725,0.25
WL-B2F-2917,wall,2.5536,2.398,4.795,0.695
WL-B2F-2918,wall,1.804,7.245,14.49,2.1
WL-B2F-2919,wall,0.966,0.863,1.725,0.25
WL-B2F-2920,wall,1.2027,4.83,9.66,1.4
WL-B2F-2921,wall,6.3764,5.882,11.764,1.705
WL-B2F-2922,wall,1.469,5.9,11.799,1.71
WL-B2F-2923,wall,0.2105,0.845,1.691,0.245
WL-B2F-2924,wall,0.9651,0.862,1.725,0.25
WL-B2F-2925,wall,0.4768,1.915,3.829,0.555
WL-B2F-2926,wall,1.804,7.245,14.49,2.1
WL-B2F-2927,wall,13.2715,11.247,22.494,3.26
WL-B2F-2928,wall,1.5383,2.122,4.244,0.615
WL-B2F-2929,wall,1.0867,4.347,8.694,1.26
WL-B2F-2930,wall,1.587,1.725,3.45,0.5
WL-B2F-2931,wall,2.1028,1.725,3.45,0.5
WL-B2F-2932,wall,6.8862,13.8,27.6,4.0
WL-B2F-2933,wall,2.3098,2.984,5.969,0.865
WL-B2F-2934,wall,1.9751,1.725,3.45,0.5
WL-B2F-2935,wall,4.3021,3.709,7.417,1.075
WL-B2F-2936,wall,1.7854,3.571,7.141,1.035
WL-B2F-2937,wall,0.7926,0.862,1.725,0.25
WL-B2F-2938,wall,2.7146,10.902,21.804,3.16
WL-B2F-2939,wall,11.8076,23.615,47.231,6.845
WL-B2F-2940,wall,1.242,1.725,3.45,0.5
WL-B2F-2941,wall,2.0711,3.191,6.382,0.925
WL-B2F-2942,wall,0.6886,1.38,2.76,0.4
WL-B2F-2943,wall,2.1519,4.312,8.625,1.25
WL-B2F-2944,wall,0.9479,3.019,6.038,0.875
WL-B2F-2945,wall,0.2717,0.543,1.087,0.158
WL-B2F-2946,wall,1.2593,2.519,5.037,0.73
WL-B2F-2947,wall,3.2577,2.587,5.175,0.75
WL-B2F-2948,wall,0.637,1.276,2.553,0.37
WL-B2F-2949,wall,2.1175,4.244,8.487,1.23
WL-B2F-2950,wall,8.1247,16.249,32.499,4.71
WL-B2F-2951,wall,0.7159,2.864,5.727,0.83
WL-B2F-2952,wall,0.8177,1.639,3.278,0.475
WL-B2F-2953,wall,1.9622,7.849,15.698,2.275
WL-B2F-2954,wall,3.2171,12.92,25.841,3.745
WL-B2F-2955,wall,1.7525,7.038,14.076,2.04
WL-B2F-2956,wall,1.932,1.725,3.45,0.5
WL-B2F-2957,wall,2.415,4.83,9.66,1.4
WL-B2F-2958,wall,6.3822,5.882,11.764,1.705
WL-B2F-2959,wall,1.469,5.899,11.799,1.71
WL-B2F-2960,wall,0.2105,0.845,1.691,0.245
WL-B2F-2961,wall,0.966,0.862,1.725,0.25
WL-B2F-2962,wall,0.4768,1.915,3.829,0.555
WL-B2F-2963,wall,1.804,7.245,14.49,2.1
WL-B2F-2964,wall,0.5969,1.259,2.519,0.365
WL-B2F-2965,wall,1.877,7.538,15.077,2.185
WL-B2F-2966,wall,1.587,1.725,3.45,0.5
WL-B2F-2967,wall,2.1028,1.725,3.45,0.5
WL-B2F-2968,wall,6.3652,12.73,25.461,3.69
WL-B2F-2969,wall,2.3128,2.984,5.969,0.865
WL-B2F-2970,wall,1.9734,1.725,3.45,0.5
WL-B2F-2971,wall,4.2984,3.709,7.417,1.075
WL-B2F-2972,wall,8.7713,17.578,35.156,5.095
WL-B2F-2973,wall,0.7926,0.862,1.725,0.25
WL-B2F-2974,wall,2.7146,10.902,21.804,3.16
WL-B2F-2975,wall,1.5827,6.331,12.662,1.835
WL-B2F-2976,wall,0.621,0.862,1.725,0.25
WL-B2F-2977,wall,0.6185,2.484,4.968,0.72
WL-B2F-2978,wall,1.794,2.76,5.52,0.8
WL-B2F-2979,wall,0.4528,1.811,3.622,0.525
WL-B2F-2980,wall,0.9664,3.881,7.763,1.125
WL-B2F-2981,wall,0.8151,2.588,5.175,0.75
WL-B2F-2982,wall,6.6094,9.066,18.133,2.628
WL-B2F-2983,wall,5.3855,9.301,18.603,2.696
WL-B2F-2984,wall,0.5197,2.087,4.175,0.605
WL-B2F-2985,wall,0.8522,1.708,3.415,0.495
WL-B2F-2986,wall,2.1218,4.244,8.487,1.23
WL-B2F-2987,wall,0.9038,1.811,3.622,0.525
WL-B2F-2988,wall,3.0619,6.124,12.247,1.775
WL-B2F-2989,wall,0.3019,1.207,2.415,0.35
WL-B2F-2990,wall,1.8544,7.417,14.835,2.15
WL-B2F-2991,wall,3.2171,12.92,25.84,3.745
WL-B2F-2992,wall,1.7525,7.038,14.076,2.04
WL-B2F-2993,wall,5.4338,21.735,43.47,6.3
WL-B2F-2994,wall,1.2156,4.882,9.763,1.415
WL-B2F-2995,wall,0.1374,0.552,1.104,0.16
WL-B2F-2996,wall,2.5573,10.229,20.459,2.965
WL-B2F-2997,wall,2.8635,11.454,22.908,3.32
WL-B2F-2998,wall,3.1869,12.748,25.495,3.695
WL-B2F-2999,wall,3.9387,15.818,31.637,4.585
WL-B2F-3000,wall,1.5094,6.037,12.075,1.75
WL-B2F-3001,wall,2.8225,11.29,22.58,3.273
WL-B2F-3002,wall,2.2598,9.039,18.078,2.62
WL-B2F-3003,wall,1.1204,0.863,1.725,0.25
WL-B2F-3004,wall,10.5061,8.987,17.975,2.605
WL-B2F-3005,wall,0.452,2.26,4.52,0.655
WL-B2F-3006,wall,0.5382,2.691,5.382,0.78
WL-B2F-3007,wall,2.07,8.28,16.56,2.4
WL-B2F-3008,wall,0.6271,2.518,5.037,0.73
WL-B2F-3009,wall,0.3651,1.466,2.933,0.425
WL-B2F-3010,wall,0.5339,0.862,1.725,0.25
WL-B2F-3011,wall,1.2585,5.054,10.109,1.465
WL-B2F-3012,wall,3.9061,3.191,6.382,0.925
WL-B2F-3013,wall,13.0838,26.22,52.44,7.6
WL-B2F-3014,wall,1.7595,1.725,3.45,0.5
WL-B2F-3015,wall,2.1821,1.725,3.45,0.5
WL-B2F-3016,wall,2.2597,1.725,3.45,0.5
WL-B2F-3017,wall,1.0393,4.157,8.315,1.205
WL-B2F-3018,wall,1.6948,6.779,13.558,1.965
WL-B2F-3019,wall,1.3929,5.572,11.143,1.615
WL-B2F-3020,wall,6.3978,25.694,51.388,7.447
WL-B2F-3021,wall,0.4933,0.897,1.794,0.26
WL-B2F-3022,wall,1.3024,2.156,4.313,0.625
WL-B2F-3023,wall,0.5606,2.243,4.485,0.65
WL-B2F-3024,wall,0.5197,2.087,4.174,0.605
WL-B2F-3025,wall,1.3745,5.52,11.04,1.6
WL-B2F-3026,wall,2.139,8.556,17.112,2.48
WL-B2F-3027,wall,0.1698,0.949,1.898,0.275
WL-B2F-3028,wall,0.7926,0.863,1.725,0.25
WL-B2F-3029,wall,14.2731,14.076,28.152,4.08
WL-B2F-3030,wall,1.9586,7.866,15.732,2.28
WL-B2F-3031,wall,0.3651,1.466,2.933,0.425
WL-B2F-3032,wall,0.3661,1.113,2.225,0.322
WL-B2F-3033,wall,2.929,4.882,9.763,1.415
WL-B2F-3034,wall,6.21,10.367,20.734,3.005
WL-B2F-3035,wall,7.0263,11.73,23.46,3.4
WL-B2F-3036,wall,3.9847,6.641,13.282,1.925
WL-B2F-3037,wall,0.5822,0.776,1.552,0.225
WL-B2F-3038,wall,6.9178,11.549,23.098,3.347
WL-B2F-3039,wall,2.5233,2.07,4.14,0.6
WL-B2F-3040,wall,10.4142,8.901,17.802,2.58
WL-B2F-3041,wall,0.4497,2.26,4.52,0.655
WL-B2F-3042,wall,0.5382,2.691,5.382,0.78
WL-B2F-3043,wall,2.07,8.28,16.56,2.4
WL-B2F-3044,wall,0.5012,2.518,5.037,0.73
WL-B2F-3045,wall,1.2813,2.07,4.14,0.6
WL-B2F-3046,wall,9.522,15.87,31.74,4.6
WL-B2F-3047,wall,2.5254,4.209,8.418,1.22
WL-B2F-3048,wall,3.1742,12.748,25.496,3.695
WL-B2F-3049,wall,0.9867,4.933,9.867,1.43
WL-B2F-3050,wall,3.1119,15.56,31.119,4.51
WL-B2F-3051,wall,2.5961,10.385,20.769,3.01
WL-B2F-3052,wall,0.4892,0.69,1.38,0.2
WL-B2F-3053,wall,0.897,0.69,1.38,0.2
WL-B2F-3054,wall,2.8083,14.042,28.083,4.07
WL-B2F-3055,wall,1.0916,5.486,10.971,1.59
WL-B2F-3056,wall,9.8003,8.383,16.767,2.43
WL-B2F-3057,wall,0.5382,2.691,5.382,0.78
WL-B2F-3058,wall,0.4497,2.26,4.519,0.655
WL-B2F-3059,wall,2.0459,10.229,20.459,2.965
WL-B2F-3060,wall,2.07,8.28,16.56,2.4
WL-B2F-3061,wall,0.3174,1.587,3.174,0.46
WL-B2F-3062,wall,1.6991,6.797,13.593,1.97
WL-B2F-3063,wall,0.3484,1.742,3.484,0.505
WL-B2F-3064,wall,2.5213,10.126,20.251,2.935
WL-B2F-3065,wall,0.0,0.0,0.0,0.0
WL-B2F-3066,wall,0.0,0.0,0.0,0.0
WL-B2F-3067,wall,0.0,0.0,0.0,0.0
WL-B2F-3068,wall,0.1737,0.695,1.39,0.201
WL-B2F-3069,wall,0.0,0.0,0.0,0.0
WL-B2F-3070,wall,0.0,0.0,0.0,0.0
WL-B2F-3071,wall,1.0514,0.862,1.725,0.25
WL-B2F-3072,wall,0.0,0.0,0.0,0.0
WL-B2F-3073,wall,0.9651,0.863,1.725,0.25
WL-B2F-3074,wall,0.0215,0.086,0.173,0.025
WL-B2F-3075,wall,0.4725,1.897,3.795,0.55
WL-B2F-3076,wall,0.0,0.0,0.0,0.0
WL-B2F-3077,wall,0.0,0.0,0.0,0.0
WL-B2F-3078,wall,0.0,0.0,0.0,0.0
WL-B2F-3079,wall,0.0,0.0,0.0,0.0
WL-B2F-3080,wall,0.5555,0.604,1.208,0.175
WL-B2F-3081,wall,0.0,0.0,0.0,0.0
WL-B2F-3082,wall,1.0566,4.243,8.487,1.23
WL-B2F-3083,wall,0.8797,0.862,1.725,0.25
WL-B2F-3084,wall,0.2976,1.19,2.38,0.345
WL-B2F-3085,wall,0.0539,0.216,0.431,0.062
WL-B2F-3086,wall,0.7859,0.69,1.38,0.2
WL-B2F-3087,wall,0.7866,0.69,1.38,0.2
WL-B2F-3088,wall,0.7866,0.69,1.38,0.2
WL-B2F-3089,wall,2.3241,4.657,9.315,1.35
WL-B2F-3090,wall,0.1478,0.591,1.182,0.171
WL-B2F-3091,wall,0.69,0.863,1.725,0.25
WL-B2F-3092,wall,0.69,0.863,1.725,0.25
WL-B2F-3093,wall,0.69,0.862,1.725,0.25
WL-B2F-3094,wall,0.69,0.863,1.725,0.25
WL-B2F-3095,wall,0.0292,0.117,0.234,0.034
WL-B2F-3096,wall,6.7757,27.103,54.206,7.856
WL-B2F-3097,wall,3.7902,15.222,30.444,4.412
WL-B2F-3098,wall,6.7103,13.421,26.841,3.89
WL-B2F-3099,wall,0.0559,0.224,0.449,0.065
WL-B2F-3100,wall,2.7548,5.51,11.019,1.597
WL-B2F-3101,wall,4.595,18.454,36.908,5.349
WL-B2F-3102,wall,4.8808,19.523,39.047,5.659
WL-B2F-3103,wall,5.6846,22.738,45.477,6.591
WL-B2F-3104,wall,1.096,4.384,8.768,1.271
WL-B2F-3105,wall,6.0302,24.121,48.241,6.991
WL-B2F-3106,wall,4.8085,19.311,38.623,5.597
WL-B2F-3107,wall,0.4933,0.897,1.794,0.26
WL-B2F-3108,wall,1.3874,5.572,11.144,1.615
WL-B2F-3109,wall,1.2248,4.899,9.798,1.42
WL-B2F-3110,wall,0.991,0.863,1.725,0.25
WL-B2F-3111,wall,0.9919,3.967,7.935,1.15
WL-B2F-3112,wall,1.38,5.52,11.04,1.6
WL-B2F-3113,wall,3.9093,3.191,6.382,0.925
WL-B2F-3114,wall,0.8616,0.863,1.725,0.25
WL-B2F-3115,wall,5.5795,22.408,44.815,6.495
WL-B2F-3116,wall,0.3651,1.466,2.933,0.425
WL-B2F-3117,wall,0.5363,1.63,3.26,0.473
WL-B2F-3118,wall,11.118,18.561,37.122,5.38
WL-B2F-3119,wall,2.9291,4.882,9.764,1.415
WL-B2F-3120,wall,7.038,11.73,23.46,3.4
WL-B2F-3121,wall,3.1742,12.748,25.496,3.695
WL-B2F-3122,wall,1.8544,7.418,14.835,2.15
WL-B2F-3123,wall,11.0767,18.492,36.984,5.36
WL-B2F-3124,wall,3.9848,6.641,13.283,1.925
WL-B2F-3125,wall,6.5096,10.868,21.735,3.15
WL-B2F-3126,wall,6.9293,11.549,23.098,3.347
WL-B2F-3127,wall,0.5814,0.776,1.553,0.225
WL-B2F-3128,wall,5.5786,9.298,18.595,2.695
WL-B2F-3129,wall,2.5254,2.07,4.14,0.6
WL-B2F-3130,wall,10.4053,8.901,17.802,2.58
WL-B2F-3131,wall,0.4497,2.26,4.519,0.655
WL-B2F-3132,wall,0.5382,2.691,5.382,0.78
WL-B2F-3133,wall,2.07,8.28,16.56,2.4
WL-B2F-3134,wall,0.5037,2.519,5.037,0.73
WL-B2F-3135,wall,1.2813,2.07,4.14,0.6
WL-B2F-3136,wall,3.4177,2.734,5.468,0.792
WL-B2F-3137,wall,0.9703,3.881,7.763,1.125
WL-B2F-3138,wall,0.8798,0.863,1.725,0.25
WL-B2F-3139,wall,6.0219,4.821,9.643,1.398
WL-B2F-3140,wall,0.1639,0.656,1.311,0.19
WL-B2F-3141,wall,0.5197,2.087,4.175,0.605
WL-B2F-3142,wall,1.6261,1.466,2.933,0.425
WL-B2F-3143,wall,7.2191,14.438,28.876,4.185
WL-B2F-3144,wall,2.1218,4.244,8.487,1.23
WL-B2F-3145,wall,9.6945,19.389,38.778,5.62
WL-B2F-3146,wall,0.4848,0.664,1.328,0.192
WL-B2F-3147,wall,3.2171,12.92,25.841,3.745
WL-B2F-3148,wall,1.8598,7.469,14.939,2.165
WL-B2F-3149,wall,6.3822,5.882,11.765,1.705
WL-B2F-3150,wall,1.9147,7.659,15.318,2.22
WL-B2F-3151,wall,5.696,4.382,8.763,1.27
WL-B2F-3152,wall,0.4252,1.708,3.415,0.495
WL-B2F-3153,wall,1.804,7.245,14.49,2.1
WL-B2F-3154,wall,1.587,1.725,3.45,0.5
WL-B2F-3155,wall,2.1045,1.725,3.45,0.5
WL-B2F-3156,wall,8.7043,7.504,15.008,2.175
WL-B2F-3157,wall,0.7935,0.862,1.725,0.25
WL-B2F-3158,wall,2.7255,10.902,21.804,3.16
WL-B2F-3159,wall,3.224,3.623,7.245,1.05
WL-B2F-3160,wall,5.9824,11.989,23.977,3.475
WL-B2F-3161,wall,1.3788,5.537,11.074,1.605
WL-B2F-3162,wall,5.6128,4.252,8.504,1.232
WL-B2F-3163,wall,0.3651,1.466,2.933,0.425
WL-B2F-3164,wall,3.4625,3.191,6.382,0.925
WL-B2F-3165,wall,1.7578,1.725,3.45,0.5
WL-B2F-3166,wall,1.7578,1.725,3.45,0.5
WL-B2F-3167,wall,13.9522,27.904,55.809,8.088
WL-B2F-3168,wall,2.1028,1.725,3.45,0.5
WL-B2F-3169,wall,0.3672,1.113,2.225,0.322
WL-B2F-3170,wall,1.0352,4.157,8.315,1.205
WL-B2F-3171,wall,1.6948,6.779,13.558,1.965
WL-B2F-3172,wall,1.3874,5.572,11.143,1.615
WL-B2F-3173,wall,5.7535,23.106,46.213,6.697
WL-B2F-3174,wall,0.4934,0.897,1.794,0.26
WL-B2F-3175,wall,0.8977,3.605,7.211,1.045
WL-B2F-3176,wall,1.3745,5.52,11.04,1.6
WL-B2F-3177,wall,0.6727,2.691,5.382,0.78
WL-B2F-3178,wall,2.801,2.156,4.312,0.625
WL-B2F-3179,wall,2.5422,2.156,4.312,0.625
WL-B2F-3180,wall,1.4604,5.865,11.73,1.7
WL-B2F-3181,wall,0.7866,0.69,1.38,0.2
WL-B2F-3182,wall,0.7859,0.69,1.38,0.2
WL-B2F-3183,wall,0.7866,0.69,1.38,0.2
WL-B2F-3184,wall,0.7373,2.949,5.899,0.855
WL-B2F-3185,wall,0.6891,0.863,1.725,0.25
WL-B2F-3186,wall,0.6891,0.862,1.725,0.25
WL-B2F-3187,wall,2.277,4.554,9.108,1.32
WL-B2F-3188,wall,13.8975,27.795,55.59,8.057
WL-B2F-3189,wall,5.6086,4.252,8.504,1.232
WL-B2F-3190,wall,0.4136,0.414,0.828,0.12
WL-B2F-3191,wall,9.9075,19.855,39.709,5.755
WL-B2F-3192,wall,2.4952,5.0,10.001,1.449
WL-B2F-3193,wall,1.725,6.9,13.8,2.0
WL-B2F-3194,wall,0.4097,1.639,3.277,0.475
WL-B2F-3195,wall,1.0617,0.949,1.898,0.275
WL-B2F-3196,wall,2.6996,10.798,21.597,3.13
WL-B2F-3197,wall,1.1859,4.744,9.487,1.375
WL-B2F-3198,wall,0.3651,1.466,2.933,0.425
WL-B2F-3199,wall,1.7595,1.725,3.45,0.5
WL-B2F-3200,wall,1.7595,1.725,3.45,0.5
WL-B2F-3201,wall,2.1045,1.725,3.45,0.5
WL-B2F-3202,wall,0.7228,1.725,3.45,0.5
WL-B2F-3203,wall,1.0393,4.157,8.315,1.205
WL-B2F-3204,wall,1.688,6.779,13.558,1.965
WL-B2F-3205,wall,1.3874,5.572,11.143,1.615
WL-B2F-3206,wall,6.183,24.831,49.663,7.197
WL-B2F-3207,wall,0.4933,0.897,1.794,0.26
WL-B2F-3208,wall,1.9837,1.725,3.45,0.5
WL-B2F-3209,wall,1.119,2.243,4.485,0.65
WL-B2F-3210,wall,1.5008,1.725,3.45,0.5
WL-B2F-3211,wall,1.311,1.725,3.45,0.5
WL-B2F-3212,wall,20.5381,41.158,82.317,11.93
WL-B2F-3213,wall,1.38,5.52,11.04,1.6
WL-B2F-3214,wall,1.2027,4.83,9.66,1.4
WL-B2F-3215,wall,3.6225,3.019,6.037,0.875
WL-B2F-3216,wall,2.1541,2.156,4.313,0.625
WL-B2F-3217,wall,1.3745,5.52,11.04,1.6
WL-B2F-3218,wall,1.9303,1.725,3.45,0.5
WL-B2F-3219,wall,4.761,9.522,19.044,2.76
WL-B2F-3220,wall,6.3822,5.882,11.764,1.705
WL-B2F-3221,wall,1.469,5.9,11.799,1.71
WL-B2F-3222,wall,0.2105,0.845,1.691,0.245
WL-B2F-3223,wall,0.9651,0.862,1.725,0.25
WL-B2F-3224,wall,0.4768,1.915,3.829,0.555
WL-B2F-3225,wall,1.804,7.245,14.49,2.1
WL-B2F-3226,wall,0.5981,1.259,2.519,0.365
WL-B2F-3227,wall,1.92,7.711,15.422,2.235
WL-B2F-3228,wall,1.587,1.725,3.45,0.5
WL-B2F-3229,wall,2.1028,1.725,3.45,0.5
WL-B2F-3230,wall,6.3525,12.73,25.461,3.69
WL-B2F-3231,wall,2.3128,2.984,5.969,0.865
WL-B2F-3232,wall,1.9751,1.725,3.45,0.5
WL-B2F-3233,wall,7.4973,6.469,12.938,1.875
WL-B2F-3234,wall,5.8478,11.696,23.391,3.39
WL-B2F-3235,wall,0.7926,0.862,1.725,0.25
WL-B2F-3236,wall,2.7255,10.902,21.804,3.16
WL-B2F-3237,wall,1.794,2.76,5.52,0.8
WL-B2F-3238,wall,0.4528,1.811,3.623,0.525
WL-B2F-3239,wall,0.9703,3.881,7.762,1.125
WL-B2F-3240,wall,0.8151,2.588,5.175,0.75
WL-B2F-3241,wall,9.4201,12.904,25.809,3.74
WL-B2F-3242,wall,7.8803,13.587,27.173,3.938
WL-B2F-3243,wall,0.5197,2.087,4.174,0.605
WL-B2F-3244,wall,0.8522,1.708,3.415,0.495
WL-B2F-3245,wall,2.1218,4.244,8.487,1.23
WL-B2F-3246,wall,8.1085,16.249,32.499,4.71
WL-B2F-3247,wall,3.512,7.038,14.076,2.04
WL-B2F-3248,wall,0.3019,1.207,2.415,0.35
WL-B2F-3249,wall,1.8544,7.418,14.835,2.15
WL-B2F-3250,wall,3.2171,12.92,25.84,3.745
WL-B2F-3251,wall,1.7525,7.038,14.076,2.04
WL-B2F-3252,wall,6.3822,5.882,11.764,1.705
WL-B2F-3253,wall,1.469,5.899,11.799,1.71
WL-B2F-3254,wall,11.8076,23.615,47.231,6.845
WL-B2F-3255,wall,1.242,1.725,3.45,0.5
WL-B2F-3256,wall,2.0375,3.139,6.279,0.91
WL-B2F-3257,wall,0.6886,1.38,2.76,0.4
WL-B2F-3258,wall,1.725,3.45,6.9,1.0
WL-B2F-3259,wall,1.7595,1.725,3.45,0.5
WL-B2F-3260,wall,5.5955,4.476,8.953,1.297
WL-B2F-3261,wall,1.5697,3.139,6.279,0.91
WL-B2F-3262,wall,4.9753,9.971,19.941,2.89
WL-B2F-3263,wall,2.346,4.692,9.384,1.36
WL-B2F-3264,wall,2.7169,10.868,21.735,3.15
WL-B2F-3265,wall,0.8194,1.639,3.277,0.475
WL-B2F-3266,wall,1.6474,6.59,13.179,1.91
WL-B2F-3267,wall,2.2253,8.901,17.802,2.58
WL-B2F-3268,wall,0.2105,0.845,1.69,0.245
WL-B2F-3269,wall,1.7095,6.866,13.731,1.99
WL-B2F-3270,wall,0.4768,1.915,3.829,0.555
WL-B2F-3271,wall,1.804,7.245,14.49,2.1
WL-B2F-3272,wall,0.966,0.862,1.725,0.25
WL-B2F-3273,wall,13.2715,11.247,22.494,3.26
WL-B2F-3274,wall,0.7926,0.863,1.725,0.25
WL-B2F-3275,wall,2.7146,10.902,21.804,3.16
WL-B2F-3276,wall,1.5853,1.725,3.45,0.5
WL-B2F-3277,wall,2.1028,1.725,3.45,0.5
WL-B2F-3278,wall,2.0486,4.106,8.211,1.19
WL-B2F-3279,wall,1.9251,3.209,6.417,0.93
WL-B2F-3280,wall,1.3973,1.725,3.45,0.5
WL-B2F-3281,wall,6.6326,13.265,26.53,3.845
WL-B2F-3282,wall,7.8331,15.698,31.395,4.55
WL-B2F-3283,wall,3.7099,7.435,14.869,2.155
WL-B2F-3284,wall,2.0746,8.332,16.663,2.415
WL-B2F-3285,wall,2.3807,9.523,19.046,2.76
WL-B2F-3286,wall,6.2013,12.403,24.805,3.595
WL-B2F-3287,wall,10.0399,20.08,40.159,5.82
WL-B2F-3288,wall,5.1613,20.728,41.456,6.008
WL-B2F-3289,wall,3.0158,12.112,24.223,3.511
WL-B2F-3290,wall,0.934,3.751,7.502,1.087
WL-B2F-3291,wall,1.6129,6.452,12.904,1.87
WL-B2F-3292,wall,2.0746,8.332,16.663,2.415
WL-B2F-3293,wall,1.8613,7.445,14.891,2.158
WL-B2F-3294,wall,3.4898,13.959,27.919,4.046
WL-B2F-3295,wall,6.2104,12.446,24.891,3.607
WL-B2F-3296,wall,2.929,4.882,9.763,1.415
WL-B2F-3297,wall,3.0068,5.02,10.039,1.455
WL-B2F-3298,wall,5.8892,9.815,19.631,2.845
WL-B2F-3299,wall,3.9847,6.641,13.282,1.925
WL-B2F-3300,wall,6.9178,11.549,23.098,3.348
WL-B2F-3301,wall,2.5254,2.07,4.14,0.6
WL-B2F-3302,wall,10.4053,8.901,17.802,2.58
WL-B2F-3303,wall,0.4497,2.26,4.52,0.655
WL-B2F-3304,wall,0.5355,2.691,5.382,0.78
WL-B2F-3305,wall,2.07,8.28,16.56,2.4
WL-B2F-3306,wall,0.5037,2.518,5.037,0.73
WL-B2F-3307,wall,1.2834,2.07,4.14,0.6
WL-B2F-3308,wall,1.2399,2.07,4.14,0.6
WL-B2F-3309,wall,9.8532,16.422,32.844,4.76
WL-B2F-3310,wall,3.1742,12.748,25.496,3.695
WL-B2F-3311,wall,2.9242,4.882,9.764,1.415
WL-B2F-3312,wall,1.4466,2.415,4.83,0.7
WL-B2F-3313,wall,7.038,11.73,23.46,3.4
WL-B2F-3314,wall,3.1527,12.661,25.323,3.67
WL-B2F-3315,wall,11.893,19.855,39.71,5.755
WL-B2F-3316,wall,13.2466,22.115,44.229,6.41
WL-B2F-3317,wall,1.7164,6.866,13.731,1.99
WL-B2F-3318,wall,6.9178,11.549,23.098,3.347
WL-B2F-3319,wall,1.221,1.63,3.26,0.472
WL-B2F-3320,wall,2.6889,2.07,4.14,0.6
WL-B2F-3321,wall,10.4053,8.901,17.802,2.58
WL-B2F-3322,wall,0.452,2.26,4.52,0.655
WL-B2F-3323,wall,0.5382,2.691,5.382,0.78
WL-B2F-3324,wall,2.07,8.28,16.56,2.4
WL-B2F-3325,wall,0.5037,2.519,5.037,0.73
WL-B2F-3326,wall,1.2399,2.07,4.14,0.6
WL-B2F-3327,wall,1.2813,2.07,4.14,0.6
WL-B2F-3328,wall,1.2585,5.054,10.108,1.465
WL-B2F-3329,wall,1.292,1.725,3.45,0.5
WL-B2F-3330,wall,2.2598,1.725,3.45,0.5
WL-B2F-3331,wall,1.0352,4.157,8.315,1.205
WL-B2F-3332,wall,1.6948,6.779,13.559,1.965
WL-B2F-3333,wall,0.6891,0.862,1.725,0.25
WL-B2F-3334,wall,1.1305,2.833,5.667,0.821
WL-B2F-3335,wall,2.7171,6.81,13.62,1.974
WL-B2F-3336,wall,0.0,0.0,0.0,0.0
WL-B2F-3337,wall,0.0,0.0,0.0,0.0
WL-B2F-3338,wall,3.4069,3.407,6.814,0.987
WL-B2F-3339,wall,2.0769,3.467,6.934,1.005
WL-B2F-3340,wall,2.9411,7.353,14.705,2.131
WL-B2F-3341,wall,2.2296,10.617,21.235,3.078
WL-B2F-3342,wall,2.5986,10.436,20.872,3.025
WL-B2F-3343,wall,1.9191,7.676,15.352,2.225
WL-B2F-3344,wall,0.0,0.0,0.0,0.0
WL-B2F-3345,wall,0.0,0.0,0.0,0.0
WL-B2F-3346,wall,0.0,0.0,0.0,0.0
WL-B2F-3347,wall,0.0,0.0,0.0,0.0
WL-B2F-3348,wall,0.0,0.0,0.0,0.0
WL-B2F-3349,wall,0.0,0.0,0.0,0.0
WL-B2F-3350,wall,0.1289,0.431,0.863,0.125
WL-B2F-3351,wall,0.0,0.0,0.0,0.0
WL-B2F-3352,wall,11.0711,13.856,27.712,4.016
WL-B2F-3353,wall,2.0992,1.811,3.623,0.525
WL-B2F-3354,wall,0.0,0.0,0.0,0.0
WL-B2F-3355,wall,0.0,0.0,0.0,0.0
WL-B2F-3356,wall,1.9622,7.849,15.698,2.275
WL-B2F-3357,wall,0.0,0.0,0.0,0.0
WL-B2F-3358,wall,2.5879,6.486,12.972,1.88
WL-B2F-3359,wall,0.0,0.0,0.0,0.0
WL-B2F-3360,wall,0.0,0.0,0.0,0.0
WL-B2F-3361,wall,0.0,0.0,0.0,0.0
WL-B2F-3362,wall,0.0,0.0,0.0,0.0
WL-B2F-3363,wall,0.0,0.0,0.0,0.0
WL-B2F-3364,wall,0.0,0.0,0.0,0.0
WL-B2F-3365,wall,0.0,0.0,0.0,0.0
WL-B2F-3366,wall,0.0,0.0,0.0,0.0
WL-B2F-3367,wall,0.0,0.0,0.0,0.0
WL-B2F-3368,wall,0.0,0.0,0.0,0.0
WL-B2F-3369,wall,0.0,0.0,0.0,0.0
WL-B2F-3370,wall,0.0,0.0,0.0,0.0
WL-B2F-3371,wall,0.0,0.0,0.0,0.0
WL-B2F-3372,wall,0.0,0.0,0.0,0.0
WL-B2F-3373,wall,0.0,0.0,0.0,0.0
WL-B2F-3374,wall,0.9193,0.949,1.898,0.275
WL-B2F-3375,wall,0.0,0.0,0.0,0.0
WL-B2F-3376,wall,1.2938,5.175,10.35,1.5
WL-B2F-3377,wall,2.706,10.867,21.735,3.15
WL-B2F-3378,wall,2.5986,10.436,20.872,3.025
WL-B2F-3379,wall,0.0,0.0,0.0,0.0
WL-B2F-3380,wall,0.0,0.0,0.0,0.0
WL-B2F-3381,wall,0.0,0.0,0.0,0.0
WL-B2F-3382,wall,0.0,0.0,0.0,0.0
WL-B2F-3383,wall,7.1976,28.79,57.581,8.345
WL-B2F-3384,wall,13.041,26.082,52.164,7.56
WL-B2F-3385,wall,5.6666,11.333,22.667,3.285
WL-B2F-3386,wall,2.0748,2.139,4.278,0.62
WL-B2F-3387,wall,3.0705,15.353,30.705,4.45
WL-B2F-3388,wall,9.9086,11.402,22.805,3.305
WL-B2F-3389,wall,0.9867,4.934,9.867,1.43
WL-B2F-3390,wall,0.5382,2.691,5.382,0.78
WL-B2F-3391,wall,3.1326,7.832,15.663,2.27
WL-B2F-3392,wall,2.07,8.28,16.56,2.4
WL-B2F-3393,wall,1.3079,6.572,13.144,1.905
WL-B2F-3394,wall,1.3594,6.831,13.662,1.98
WL-B2F-3395,wall,2.1114,10.557,21.114,3.06
WL-B2F-3396,wall,0.4519,2.26,4.519,0.655
WL-B2F-3397,wall,10.616,9.073,18.147,2.63
WL-B2F-3398,wall,2.1045,1.725,3.45,0.5
WL-B2F-3399,wall,1.0695,1.725,3.45,0.5
WL-B2F-3400,wall,1.3843,5.537,11.075,1.605
WL-B2F-3401,wall,0.966,0.862,1.725,0.25
WL-B2F-3402,wall,0.4528,1.811,3.623,0.525
WL-B2F-3403,wall,3.4625,3.191,6.383,0.925
WL-B2F-3404,wall,1.5836,1.553,3.105,0.45
WL-B2F-3405,wall,1.5836,1.553,3.105,0.45
WL-B2F-3406,wall,13.2211,29.446,58.892,8.535
WL-B2F-3407,wall,1.894,1.552,3.105,0.45
WL-B2F-3408,wall,0.6505,1.553,3.105,0.45
WL-B2F-3409,wall,9.0391,10.402,20.804,3.015
WL-B2F-3410,wall,1.8684,7.504,15.007,2.175
WL-B2F-3411,wall,2.2188,8.875,17.75,2.572
WL-B2F-3412,wall,5.412,21.735,43.47,6.3
WL-B2F-3413,wall,0.583,0.897,1.794,0.26
WL-B2F-3414,wall,0.2372,0.949,1.897,0.275
WL-B2F-3415,wall,0.991,0.862,1.725,0.25
WL-B2F-3416,wall,0.8483,3.407,6.814,0.987
WL-B2F-3417,wall,1.5008,1.725,3.45,0.5
WL-B2F-3418,wall,5.1801,20.804,41.607,6.03
WL-B2F-3419,wall,1.311,1.725,3.45,0.5
WL-B2F-3420,wall,16.5945,33.189,66.378,9.62
WL-B2F-3421,wall,1.3745,5.52,11.04,1.6
WL-B2F-3422,wall,2.139,8.556,17.112,2.48
WL-B2F-3423,wall,2.0559,1.742,3.484,0.505
WL-B2F-3424,wall,0.7926,0.863,1.725,0.25
WL-B2F-3425,wall,2.7347,2.57,5.14,0.745
WL-B2F-3426,wall,1.804,7.245,14.49,2.1
WL-B2F-3427,wall,1.1859,4.744,9.488,1.375
WL-B2F-3428,wall,1.9758,7.935,15.87,2.3
WL-B2F-3429,wall,0.3666,1.466,2.933,0.425
WL-B2F-3430,wall,1.5836,1.553,3.105,0.45
WL-B2F-3431,wall,1.5836,1.553,3.105,0.45
WL-B2F-3432,wall,5.2896,21.243,42.487,6.158
WL-B2F-3433,wall,5.1156,20.545,41.09,5.955
WL-B2F-3434,wall,1.894,1.552,3.105,0.45
WL-B2F-3435,wall,0.6505,1.553,3.105,0.45
WL-B2F-3436,wall,9.0391,10.402,20.804,3.015
WL-B2F-3437,wall,2.2188,8.875,17.75,2.572
WL-B2F-3438,wall,5.412,21.735,43.47,6.3
WL-B2F-3439,wall,0.4934,0.897,1.794,0.26
WL-B2F-3440,wall,0.8483,3.407,6.814,0.987
WL-B2F-3441,wall,0.7504,0.863,1.725,0.25
WL-B2F-3442,wall,0.6555,2.622,5.244,0.76
WL-B2F-3443,wall,0.6555,0.863,1.725,0.25
WL-B2F-3444,wall,0.7504,3.002,6.003,0.87
WL-B2F-3445,wall,0.6555,2.622,5.244,0.76
WL-B2F-3446,wall,1.5266,6.107,12.213,1.77
WL-B2F-3447,wall,1.38,5.52,11.04,1.6
WL-B2F-3448,wall,2.139,8.556,17.112,2.48
WL-B2F-3449,wall,0.7926,0.863,1.725,0.25
WL-B2F-3450,wall,2.5512,2.398,4.795,0.695
WL-B2F-3451,wall,1.804,7.245,14.49,2.1
WL-B2F-3452,wall,1.3788,5.537,11.075,1.605
WL-B2F-3453,wall,0.966,0.862,1.725,0.25
WL-B2F-3454,wall,0.4528,1.811,3.623,0.525
WL-B2F-3455,wall,3.4625,3.191,6.383,0.925
WL-B2F-3456,wall,1.4062,1.38,2.76,0.4
WL-B2F-3457,wall,1.4076,1.38,2.76,0.4
WL-B2F-3458,wall,0.9832,0.863,1.725,0.25
WL-B2F-3459,wall,7.5641,18.958,37.915,5.495
WL-B2F-3460,wall,1.4731,1.208,2.415,0.35
WL-B2F-3461,wall,0.6505,1.553,3.105,0.45
WL-B2F-3462,wall,2.0715,3.347,6.693,0.97
WL-B2F-3463,wall,1.8684,7.504,15.007,2.175
WL-B2F-3464,wall,2.2099,8.875,17.75,2.573
WL-B2F-3465,wall,5.4337,21.735,43.47,6.3
WL-B2F-3466,wall,0.583,0.897,1.794,0.26
WL-B2F-3467,wall,0.2221,0.888,1.777,0.257
WL-B2F-3468,wall,0.991,0.862,1.725,0.25
WL-B2F-3469,wall,0.8483,3.407,6.814,0.988
WL-B2F-3470,wall,0.7504,0.863,1.725,0.25
WL-B2F-3471,wall,0.9879,3.967,7.935,1.15
WL-B2F-3472,wall,0.6555,0.863,1.725,0.25
WL-B2F-3473,wall,0.7504,3.001,6.003,0.87
WL-B2F-3474,wall,0.6555,2.622,5.244,0.76
WL-B2F-3475,wall,1.2247,4.899,9.798,1.42
WL-B2F-3476,wall,1.3745,5.52,11.04,1.6
WL-B2F-3477,wall,2.139,8.556,17.112,2.48
WL-B2F-3478,wall,0.7926,0.863,1.725,0.25
WL-B2F-3479,wall,2.5512,2.398,4.795,0.695
WL-B2F-3480,wall,1.804,7.245,14.49,2.1
WL-B2F-3481,wall,11.3436,28.359,56.718,8.22
WL-B2F-3482,wall,0.9703,3.881,7.763,1.125
WL-B2F-3483,wall,3.6225,3.623,7.245,1.05
WL-B2F-3484,wall,2.0285,1.846,3.691,0.535
WL-B2F-3485,wall,0.0,0.0,0.0,0.0
WL-B2F-3486,wall,0.0,0.0,0.0,0.0
WL-B2F-3487,wall,0.0,0.0,0.0,0.0
WL-B2F-3488,wall,0.0,0.0,0.0,0.0
WL-B2F-3489,wall,0.0,0.0,0.0,0.0
WL-B2F-3490,wall,0.0,0.0,0.0,0.0
WL-B2F-3491,wall,0.0,0.0,0.0,0.0
WL-B2F-3492,wall,0.0,0.0,0.0,0.0
WL-B2F-3493,wall,0.0,0.0,0.0,0.0
WL-B2F-3494,wall,0.0,0.0,0.0,0.0
WL-B2F-3495,wall,9.0666,15.111,30.222,4.38
WL-B2F-3496,wall,0.414,2.07,4.14,0.6
WL-B2F-3497,wall,3.3685,5.624,11.247,1.63
WL-B2F-3498,wall,0.0,0.0,0.0,0.0
WL-B2F-3499,wall,0.0,0.0,0.0,0.0
WL-B2F-3500,wall,2.7875,6.986,13.972,2.025
WL-B2F-3501,wall,10.3638,25.91,51.819,7.51
WL-B2F-3502,wall,4.3263,10.816,21.631,3.135
WL-B2F-3503,wall,2.2422,2.312,4.623,0.67
WL-B2F-3504,wall,4.4388,4.83,9.66,1.4
WL-B2F-3505,wall,0.9867,4.934,9.867,1.43
WL-B2F-3506,wall,0.5382,2.691,5.382,0.78
WL-B2F-3507,wall,2.9256,7.314,14.628,2.12
WL-B2F-3508,wall,2.07,8.28,16.56,2.4
WL-B2F-3509,wall,2.0905,10.505,21.01,3.045
WL-B2F-3510,wall,2.2622,11.368,22.736,3.295
WL-B2F-3511,wall,2.0424,10.212,20.424,2.96
WL-B2F-3512,wall,0.4519,2.26,4.519,0.655
WL-B2F-3513,wall,10.616,9.073,18.147,2.63
WL-B2F-3514,wall,1.794,1.38,2.76,0.4
WL-B2F-3515,wall,0.8556,1.38,2.76,0.4
WL-B2F-3516,wall,3.0551,15.352,30.705,4.45
WL-B2F-3517,wall,10.3638,25.91,51.819,7.51
WL-B2F-3518,wall,4.3263,10.816,21.631,3.135
WL-B2F-3519,wall,2.2422,2.312,4.623,0.67
WL-B2F-3520,wall,3.773,4.105,8.211,1.19
WL-B2F-3521,wall,0.9867,4.934,9.867,1.43
WL-B2F-3522,wall,0.5382,2.691,5.382,0.78
WL-B2F-3523,wall,3.0636,7.659,15.318,2.22
WL-B2F-3524,wall,2.07,8.28,16.56,2.4
WL-B2F-3525,wall,2.0905,10.505,21.011,3.045
WL-B2F-3526,wall,2.2622,11.368,22.736,3.295
WL-B2F-3527,wall,2.1114,10.557,21.114,3.06
WL-B2F-3528,wall,0.4519,2.26,4.519,0.655
WL-B2F-3529,wall,10.616,9.073,18.147,2.63
WL-B2F-3530,wall,1.794,1.38,2.76,0.4
WL-B2F-3531,wall,0.8556,1.38,2.76,0.4
WL-B2F-3532,wall,3.0551,15.352,30.705,4.45
WL-B2F-3533,wall,7.0035,28.014,56.028,8.12
WL-B2F-3534,wall,5.3001,21.2,42.401,6.145
WL-B2F-3535,wall,1.3843,5.537,11.075,1.605
WL-B2F-3536,wall,0.966,0.862,1.725,0.25
WL-B2F-3537,wall,0.4528,1.811,3.623,0.525
WL-B2F-3538,wall,3.4625,3.191,6.383,0.925
WL-B2F-3539,wall,1.582,1.553,3.105,0.45
WL-B2F-3540,wall,1.5836,1.553,3.105,0.45
WL-B2F-3541,wall,1.894,1.552,3.105,0.45
WL-B2F-3542,wall,0.6505,1.553,3.105,0.45
WL-B2F-3543,wall,12.7848,28.411,56.822,8.235
WL-B2F-3544,wall,1.698,2.208,4.416,0.64
WL-B2F-3545,wall,1.587,6.348,12.696,1.84
WL-B2F-3546,wall,0.583,0.897,1.794,0.26
WL-B2F-3547,wall,1.4196,5.701,11.402,1.653
WL-B2F-3548,wall,0.2221,0.888,1.777,0.257
WL-B2F-3549,wall,0.991,0.862,1.725,0.25
WL-B2F-3550,wall,0.5498,2.199,4.399,0.637
WL-B2F-3551,wall,0.9879,3.967,7.935,1.15
WL-B2F-3552,wall,0.6555,0.863,1.725,0.25
WL-B2F-3553,wall,0.6038,2.415,4.83,0.7
WL-B2F-3554,wall,0.6555,2.622,5.244,0.76
WL-B2F-3555,wall,1.4188,5.675,11.351,1.645
WL-B2F-3556,wall,1.3745,5.52,11.04,1.6
WL-B2F-3557,wall,2.139,8.556,17.112,2.48
WL-B2F-3558,wall,0.7926,0.863,1.725,0.25
WL-B2F-3559,wall,2.5512,2.398,4.795,0.695
WL-B2F-3560,wall,1.804,7.245,14.49,2.1
WL-B2F-3561,wall,1.3843,5.537,11.075,1.605
WL-B2F-3562,wall,5.6128,4.252,8.504,1.232
WL-B2F-3563,wall,0.3666,1.466,2.933,0.425
WL-B2F-3564,wall,0.5994,2.398,4.795,0.695
WL-B2F-3565,wall,1.6948,6.779,13.558,1.965
WL-B2F-3566,wall,0.4933,0.897,1.794,0.26
WL-B2F-3567,wall,1.4196,5.701,11.402,1.653
WL-B2F-3568,wall,0.991,0.862,1.725,0.25
WL-B2F-3569,wall,0.5498,2.199,4.399,0.637
WL-B2F-3570,wall,0.7504,0.863,1.725,0.25
WL-B2F-3571,wall,0.9879,3.967,7.935,1.15
WL-B2F-3572,wall,0.7504,3.002,6.003,0.87
WL-B2F-3573,wall,0.7926,0.863,1.725,0.25
WL-B2F-3574,wall,4.7248,18.975,37.95,5.5
WL-B2F-3575,wall,1.1859,4.744,9.487,1.375
WL-B2F-3576,wall,1.582,1.553,3.105,0.45
WL-B2F-3577,wall,1.5275,1.207,2.415,0.35
WL-B2F-3578,wall,2.0322,1.553,3.105,0.45
WL-B2F-3579,wall,13.0275,29.014,58.029,8.41
WL-B2F-3580,wall,1.698,2.208,4.416,0.64
WL-B2F-3581,wall,1.6948,6.779,13.559,1.965
WL-B2F-3582,wall,0.4933,0.897,1.794,0.26
WL-B2F-3583,wall,1.4196,5.701,11.402,1.652
WL-B2F-3584,wall,0.991,0.862,1.725,0.25
WL-B2F-3585,wall,0.5498,2.199,4.399,0.638
WL-B2F-3586,wall,0.7504,0.863,1.725,0.25
WL-B2F-3587,wall,0.9879,3.967,7.935,1.15
WL-B2F-3588,wall,0.6555,0.863,1.725,0.25
WL-B2F-3589,wall,0.7504,3.002,6.003,0.87
WL-B2F-3590,wall,0.6555,2.622,5.244,0.76
WL-B2F-3591,wall,1.4188,5.675,11.351,1.645
WL-B2F-3592,wall,1.38,5.52,11.04,1.6
WL-B2F-3593,wall,2.139,8.556,17.112,2.48
WL-B2F-3594,wall,0.7926,0.862,1.725,0.25
WL-B2F-3595,wall,5.0521,4.744,9.487,1.375
WL-B2F-3596,wall,1.804,7.245,14.49,2.1
WL-B2F-3597,wall,0.3651,1.466,2.933,0.425
WL-B2F-3598,wall,0.2429,0.552,1.104,0.16
WL-B2F-3599,wall,0.7866,0.69,1.38,0.2
WL-B2F-3600,wall,0.7866,0.69,1.38,0.2
WL-B2F-3601,wall,1.3869,9.246,18.492,2.68
WL-B2F-3602,wall,1.1204,0.862,1.725,0.25
WL-B2F-3603,wall,1.2016,6.038,12.077,1.75
WL-B2F-3604,wall,1.2015,6.038,12.075,1.75
WL-B2F-3605,wall,1.2075,6.037,12.075,1.75
WL-B2F-3606,wall,3.3292,16.646,33.292,4.825
WL-B2F-3607,wall,3.5357,17.768,35.535,5.15
WL-B2F-3608,wall,3.0878,15.439,30.878,4.475
WL-B2F-3609,wall,3.2085,16.043,32.085,4.65
WL-B2F-3610,wall,1.2765,6.382,12.765,1.85
WL-B2F-3611,wall,0.1078,0.431,0.862,0.125
WL-B2F-3612,wall,7.2234,28.894,57.787,8.375
WL-B2F-3613,wall,4.0149,16.06,32.119,4.655
WL-B2F-3614,wall,2.8247,11.299,22.597,3.275
WL-B2F-3615,wall,54.7118,137.122,274.244,39.746
WL-B2F-3616,wall,5.2756,13.189,26.378,3.823
WL-B2F-3617,wall,1.1042,2.76,5.521,0.8
WL-B2F-3618,wall,5.6867,14.217,28.433,4.121
WL-B2F-3619,wall,1.475,3.697,7.393,1.072
WL-B2F-3620,wall,5.3708,13.461,26.921,3.902
WL-B2F-3621,wall,9.6638,24.16,48.319,7.003
WL-B2F-3622,wall,5.0088,25.17,50.34,7.296
WL-B2F-3623,wall,2.415,12.075,24.15,3.5
WL-B2F-3624,wall,5.244,26.22,52.44,7.6
WL-B2F-3625,wall,5.2864,26.565,53.13,7.7
WL-B2F-3626,wall,4.5713,18.285,36.57,5.3
WL-B2F-3627,wall,6.7275,26.91,53.82,7.8
WL-B2F-3628,wall,6.7006,26.91,53.82,7.8
WL-B2F-3629,wall,6.7006,26.91,53.82,7.8
WL-B2F-3630,wall,4.553,18.285,36.57,5.3
WL-B2F-3631,wall,6.7006,26.91,53.82,7.8
WL-B2F-3632,wall,5.6483,22.684,45.367,6.575
WL-B2F-3633,wall,4.2953,17.25,34.5,5.0
WL-B2F-3634,wall,5.7615,23.046,46.092,6.68
WL-B2F-3635,wall,10.4266,26.132,52.264,7.574
WL-B2F-3636,wall,0.0517,0.043,0.086,0.013
WL-B2F-3637,wall,6.7087,16.772,33.543,4.861
WL-B2F-3638,wall,0.0,0.0,0.0,0.0
WL-B2F-3639,wall,87.512,219.328,438.657,63.573
WL-B2F-3640,wall,5.2181,20.873,41.745,6.05
WL-B2F-3641,wall,2.3476,5.869,11.738,1.701
WL-B2F-3642,wall,7.2364,28.946,57.891,8.39
WL-B2F-3643,wall,36.0799,90.426,180.852,26.21
WL-B2F-3644,wall,33.0173,82.75,165.5,23.986
WL-B2F-3645,wall,33.5141,83.785,167.57,24.286
WL-B2F-3646,wall,6.7275,26.91,53.82,7.8
WL-B2F-3647,wall,5.9544,23.817,47.635,6.904
WL-B2F-3648,wall,2.76,11.04,22.08,3.2
WL-B2F-3649,wall,1.6422,8.211,16.422,2.38
WL-B2F-3650,wall,5.5028,27.514,55.028,7.975
WL-B2F-3651,wall,5.313,26.565,53.13,7.7
WL-B2F-3652,wall,9.7635,48.818,97.635,14.15
WL-B2F-3653,wall,5.175,20.7,41.4,6.0
WL-B2F-3654,wall,2.5557,10.264,20.527,2.975
WL-B2F-3655,wall,6.7275,26.91,53.82,7.8
WL-B2F-3656,wall,13.6107,34.112,68.224,9.888
WL-B2F-3657,wall,5.382,26.91,53.82,7.8
WL-B2F-3658,wall,9.1418,22.855,45.709,6.625
WL-B2F-3659,wall,14.2075,35.608,71.215,10.321
WL-B2F-3660,wall,21.8761,54.827,109.654,15.892
WL-B2F-3661,wall,26.4559,66.14,132.28,19.171
WL-B2F-3662,wall,48.8056,122.32,244.639,35.455
WL-B2F-3663,wall,7.245,28.98,57.96,8.4
WL-B2F-3664,wall,5.068,12.67,25.34,3.672
WL-B2F-3665,wall,13.7698,55.079,110.158,15.965
WL-B2F-3666,wall,0.8798,0.863,1.725,0.25
WL-B2F-3667,wall,8.6444,9.099,18.199,2.638
WL-B2F-3668,wall,0.6296,2.518,5.037,0.73
WL-B2F-3669,wall,0.4269,1.708,3.416,0.495
WL-B2F-3670,wall,1.0609,4.244,8.487,1.23
WL-B2F-3671,wall,0.6598,2.639,5.279,0.765
WL-B2F-3672,wall,2.6436,10.574,21.149,3.065
WL-B2F-3673,wall,0.3019,1.208,2.415,0.35
WL-B2F-3674,wall,1.9622,7.849,15.698,2.275
WL-B2F-3675,wall,3.2171,12.92,25.841,3.745
WL-B2F-3676,wall,1.8673,7.469,14.939,2.165
WL-B2F-3677,wall,15.172,13.559,27.117,3.93
WL-B2F-3678,wall,3.3594,13.438,26.876,3.895
WL-B2F-3679,wall,6.4046,9.418,18.837,2.73
WL-B2F-3680,wall,5.696,4.382,8.763,1.27
WL-B2F-3681,wall,0.4269,1.708,3.415,0.495
WL-B2F-3682,wall,0.7935,0.863,1.725,0.25
WL-B2F-3683,wall,0.3105,1.242,2.484,0.36
WL-B2F-3684,wall,1.0523,0.863,1.725,0.25
WL-B2F-3685,wall,1.1342,4.537,9.073,1.315
WL-B2F-3686,wall,3.4217,2.95,5.899,0.855
WL-B2F-3687,wall,0.8927,3.571,7.142,1.035
WL-B2F-3688,wall,0.7935,0.863,1.725,0.25
WL-B2F-3689,wall,6.003,24.012,48.024,6.96
WL-B2F-3690,wall,3.7197,14.939,29.877,4.33
WL-B2F-3691,wall,3.6078,4.054,8.108,1.175
WL-B2F-3692,wall,1.1468,4.606,9.212,1.335
WL-B2F-3693,wall,1.2204,4.882,9.764,1.415
WL-B2F-3694,wall,0.2276,0.914,1.829,0.265
WL-B2F-3695,wall,2.2937,9.212,18.423,2.67
WL-B2F-3696,wall,1.9543,7.849,15.697,2.275
WL-B2F-3697,wall,3.1742,12.748,25.495,3.695
WL-B2F-3698,wall,1.5094,6.038,12.075,1.75
WL-B2F-3699,wall,2.5422,10.169,20.338,2.947
WL-B2F-3700,wall,1.0523,0.863,1.725,0.25
WL-B2F-3701,wall,10.4053,8.901,17.802,2.58
WL-B2F-3702,wall,0.4519,2.26,4.519,0.655
WL-B2F-3703,wall,0.5382,2.691,5.382,0.78
WL-B2F-3704,wall,2.07,8.28,16.56,2.4
WL-B2F-3705,wall,0.5037,2.519,5.037,0.73
WL-B2F-3706,wall,4.3211,17.285,34.569,5.01
WL-B2F-3707,wall,0.0,0.0,0.0,0.0
WL-B2F-3708,wall,0.0,0.0,0.0,0.0
WL-B2F-3709,wall,0.0,0.0,0.0,0.0
WL-B2F-3710,wall,4.2056,3.45,6.9,1.0
WL-B2F-3711,wall,0.1639,0.655,1.311,0.19
WL-B2F-3712,wall,4.5026,7.262,14.525,2.105
WL-B2F-3713,wall,2.7712,3.881,7.763,1.125
WL-B2F-3714,wall,4.2228,4.14,8.28,1.2
WL-B2F-3715,wall,0.3493,0.517,1.035,0.15
WL-B2F-3716,wall,7.5581,6.607,13.214,1.915
WL-B2F-3717,wall,7.5652,7.573,15.145,2.195
WL-B2F-3718,wall,12.0233,12.023,24.047,3.485
WL-B2F-3719,wall,31.5502,31.55,63.1,9.145
WL-B2F-3720,wall,0.9867,4.934,9.867,1.43
WL-B2F-3721,wall,5.0405,8.401,16.802,2.435
WL-B2F-3722,wall,2.4645,7.849,15.697,2.275
WL-B2F-3723,wall,0.5348,0.863,1.725,0.25
WL-B2F-3724,wall,1.1213,0.863,1.725,0.25
WL-B2F-3725,wall,4.6273,18.509,37.019,5.365
WL-B2F-3726,wall,3.8743,15.56,31.119,4.51
WL-B2F-3727,wall,0.3178,1.276,2.553,0.37
WL-B2F-3728,wall,9.8087,8.383,16.767,2.43
WL-B2F-3729,wall,0.5355,2.691,5.382,0.78
WL-B2F-3730,wall,0.4497,2.26,4.519,0.655
WL-B2F-3731,wall,2.07,8.28,16.56,2.4
WL-B2F-3732,wall,4.4757,17.975,35.949,5.21
WL-B2F-3733,wall,4.51,18.113,36.225,5.25
WL-B2F-3734,wall,1.7207,6.883,13.766,1.995
WL-B2F-3735,wall,2.2511,9.004,18.009,2.61
WL-B2F-3736,wall,0.8452,3.381,6.762,0.98
WL-B2F-3737,wall,0.9867,4.934,9.867,1.43
WL-B2F-3738,wall,2.2942,9.177,18.354,2.66
WL-B2F-3739,wall,0.4278,0.69,1.38,0.2
WL-B2F-3740,wall,0.897,0.69,1.38,0.2
WL-B2F-3741,wall,3.5811,17.906,35.811,5.19
WL-B2F-3742,wall,15.3456,19.182,38.364,5.56
WL-B2F-3743,wall,0.254,1.276,2.553,0.37
WL-B2F-3744,wall,9.8087,8.383,16.767,2.43
WL-B2F-3745,wall,0.5355,2.691,5.382,0.78
WL-B2F-3746,wall,0.4497,2.26,4.519,0.655
WL-B2F-3747,wall,2.07,8.28,16.56,2.4
WL-B2F-3748,wall,3.4568,17.371,34.742,5.035
WL-B2F-3749,wall,3.4842,17.509,35.018,5.075
WL-B2F-3750,wall,1.6991,6.797,13.593,1.97
WL-B2F-3751,wall,2.5314,10.126,20.251,2.935
WL-B2F-3752,wall,2.308,3.45,6.9,1.0
WL-B2F-3753,wall,10.9296,27.324,54.648,7.92
WL-B2F-3754,wall,0.9936,1.38,2.76,0.4
WL-B2F-3755,wall,1.3786,1.38,2.76,0.4
WL-B2F-3756,wall,4.4936,17.974,35.949,5.21
WL-B2F-3757,wall,0.5339,0.862,1.725,0.25
WL-B2F-3758,wall,19.6857,16.405,32.81,4.755
WL-B2F-3759,wall,7.7798,7.78,15.56,2.255
WL-B2F-3760,wall,0.0,0.0,0.0,0.0
WL-B2F-3761,wall,0.0,0.0,0.0,0.0
WL-B2F-3762,wall,0.1078,0.431,0.862,0.125
WL-B2F-3763,wall,4.209,3.45,6.9,1.0
WL-B2F-3764,wall,0.6598,2.639,5.279,0.765
WL-B2F-3765,wall,7.3239,7.331,14.662,2.125
WL-B2F-3766,wall,3.223,6.21,12.42,1.8
WL-B2F-3767,wall,6.2986,12.23,24.46,3.545
WL-B2F-3768,wall,27.669,27.669,55.338,8.02
WL-B2F-3769,wall,0.6598,2.639,5.279,0.765
WL-B2F-3770,wall,0.7866,0.69,1.38,0.2
WL-B2F-3771,wall,0.7866,0.69,1.38,0.2
WL-B2F-3772,wall,14.9023,28.117,56.235,8.15
WL-B2F-3773,wall,3.223,6.21,12.42,1.8
WL-B2F-3774,wall,0.6572,2.639,5.278,0.765
WL-B2F-3775,wall,1.2099,1.449,2.898,0.42
WL-B2F-3776,wall,32.4128,32.413,64.826,9.395
WL-B2F-3777,wall,0.0,0.0,0.0,0.0
WL-B2F-3778,wall,0.0,0.0,0.0,0.0
WL-B2F-3779,wall,3.7454,3.881,7.763,1.125
WL-B2F-3780,wall,1.8204,2.104,4.209,0.61
WL-B2F-3781,wall,3.9463,3.95,7.901,1.145
WL-B2F-3782,wall,3.1326,3.485,6.969,1.01
WL-B2F-3783,wall,0.1296,0.648,1.296,0.188
WL-B2F-3784,wall,0.7535,0.69,1.38,0.2
WL-B2F-3785,wall,0.0,0.0,0.0,0.0
WL-B2F-3786,wall,0.0,0.0,0.0,0.0
WL-B2F-3787,wall,0.0,0.0,0.0,0.0
WL-B2F-3788,wall,0.0,0.0,0.0,0.0
WL-B2F-3789,wall,0.0,0.0,0.0,0.0
WL-B2F-3790,wall,0.0,0.0,0.0,0.0
WL-B2F-3791,wall,0.0,0.0,0.0,0.0
WL-B2F-3792,wall,0.0,0.0,0.0,0.0
WL-B2F-3793,wall,0.0,0.0,0.0,0.0
WL-B2F-3794,wall,0.0,0.0,0.0,0.0
WL-B2F-3795,wall,0.0,0.0,0.0,0.0
WL-B2F-3796,wall,0.0,0.0,0.0,0.0
WL-B2F-3797,wall,0.0,0.0,0.0,0.0
WL-B2F-3798,wall,0.0,0.0,0.0,0.0
WL-B2F-3799,wall,0.0,0.0,0.0,0.0
WL-B2F-3800,wall,0.0,0.0,0.0,0.0
WL-B2F-3801,wall,0.0,0.0,0.0,0.0
WL-B2F-3802,wall,0.0,0.0,0.0,0.0
WL-B2F-3803,wall,0.0,0.0,0.0,0.0
WL-B2F-3804,wall,0.0,0.0,0.0,0.0
WL-B2F-3805,wall,0.0,0.0,0.0,0.0
WL-B2F-3806,wall,0.0,0.0,0.0,0.0
WL-B2F-3807,wall,0.0,0.0,0.0,0.0
WL-B2F-3808,wall,0.0,0.0,0.0,0.0
WL-B2F-3809,wall,0.0,0.0,0.0,0.0
WL-B2F-3810,wall,0.0,0.0,0.0,0.0
WL-B2F-3811,wall,0.0,0.0,0.0,0.0
WL-B2F-3812,wall,0.0,0.0,0.0,0.0
WL-B2F-3813,wall,11.5704,46.282,92.564,13.415
WL-B2F-3814,wall,6.555,26.22,52.44,7.6
WL-B2F-3815,wall,3.9675,15.87,31.74,4.6
WL-B2F-3816,wall,0.3795,1.518,3.036,0.44
WL-B2F-3817,wall,1.242,4.968,9.936,1.44
WL-B2F-3818,wall,6.555,26.22,52.44,7.6
WL-B2F-3819,wall,6.5288,26.22,52.44,7.6
WL-B2F-3820,wall,5.0025,20.01,40.02,5.8
WL-B2F-3821,wall,3.9516,15.87,31.74,4.6
WL-B2F-3822,wall,4.1234,16.56,33.12,4.8
WL-B2F-3823,wall,4.0405,16.227,32.453,4.703
WL-B2F-3824,wall,3.608,14.49,28.98,4.2
WL-B2F-3825,wall,4.1184,16.474,32.947,4.775
WL-B2F-3826,wall,4.8516,19.406,38.813,5.625
WL-B2F-3827,wall,2.6631,10.695,21.39,3.1
WL-B2F-3828,wall,3.5221,14.145,28.29,4.1
WL-B2F-3829,wall,0.1323,0.332,0.663,0.096
WL-B2F-3830,wall,10.3228,25.872,51.743,7.499
WL-B2F-3831,wall,5.9113,14.815,29.63,4.294
WL-B2F-3832,wall,1.1178,2.794,5.589,0.81
WL-B2F-3833,wall,49.2976,123.244,246.488,35.723
WL-B2F-3834,wall,47.3805,118.451,236.902,34.334
WL-B2F-3835,wall,1.4964,3.741,7.482,1.084
WL-B2F-3836,wall,0.345,1.725,3.45,0.5
WL-B2F-3837,wall,2.0484,8.194,16.388,2.375
WL-B2F-3838,wall,1.8975,7.59,15.18,2.2
WL-B2F-3839,wall,2.9071,27.686,55.372,8.025
WL-B2F-3840,wall,4.9017,3.925,7.849,1.138
WL-B2F-3841,wall,0.7866,0.69,1.38,0.2
WL-B2F-3842,wall,0.828,0.69,1.38,0.2
WL-B2F-3843,wall,0.897,0.69,1.38,0.2
WL-B2F-3844,wall,0.759,3.795,7.59,1.1
WL-B2F-3845,wall,0.0988,0.397,0.794,0.115
WL-B2F-3846,wall,0.4312,1.725,3.45,0.5
WL-B2F-3847,wall,3.0852,8.815,17.629,2.555
WL-B2F-3848,wall,4.6334,23.167,46.334,6.715
WL-B2F-3849,wall,1.7164,8.625,17.25,2.5
WL-B2F-3850,wall,0.0863,0.345,0.69,0.1
WL-B2F-3851,wall,0.7087,2.846,5.692,0.825
WL-B2F-3852,wall,2.7902,11.161,22.322,3.235
WL-B2F-3853,wall,7.0639,10.867,21.735,3.15
WL-B2F-3854,wall,1.1848,2.079,4.157,0.602
WL-B2F-3855,wall,0.5383,2.691,5.383,0.78
WL-B2F-3856,wall,2.0372,10.186,20.372,2.952
WL-B2F-3857,wall,0.5183,2.605,5.209,0.755
WL-B2F-3858,wall,2.07,8.28,16.56,2.4
WL-B2F-3859,wall,2.4564,12.282,24.564,3.56
WL-B2F-3860,wall,5.8563,14.641,29.281,4.244
WL-B2F-3861,wall,4.1486,20.743,41.486,6.013
WL-B2F-3862,wall,1.1242,5.649,11.299,1.638
WL-B2F-3863,wall,1.0091,0.863,1.725,0.25
WL-B2F-3864,wall,47.6014,47.601,95.203,13.797
WL-B2F-3865,wall,0.0,0.0,0.0,0.0
WL-B2F-3866,wall,0.4623,1.156,2.311,0.335
WL-B2F-3867,wall,3.9438,15.775,31.55,4.572
WL-B2F-3868,wall,2.2382,11.247,22.494,3.26
WL-B2F-3869,wall,0.0,0.0,0.0,0.0
WL-B2F-3870,wall,0.5492,2.76,5.52,0.8
WL-B2F-3871,wall,0.9268,4.657,9.315,1.35
WL-B2F-3872,wall,0.1373,0.69,1.38,0.2
WL-B2F-3873,wall,1.8078,9.039,18.078,2.62
WL-B2F-3874,wall,2.4236,9.694,19.388,2.81
WL-B2F-3875,wall,1.5678,6.296,12.593,1.825
WL-B2F-3876,wall,0.1976,0.794,1.587,0.23
WL-B2F-3877,wall,5.3716,26.858,53.716,7.785
WL-B2F-3878,wall,2.5746,10.298,20.597,2.985
WL-B2F-3879,wall,1.4878,5.951,11.902,1.725
WL-B2F-3880,wall,5.5493,27.747,55.493,8.042
WL-B2F-3881,wall,1.1592,5.796,11.592,1.68
WL-B2F-3882,wall,1.7457,8.729,17.457,2.53
WL-B2F-3883,wall,1.7077,8.539,17.077,2.475
WL-B2F-3884,wall,34.942,87.355,174.71,25.32
WL-B2F-3885,wall,4.8882,9.418,18.837,2.73
WL-B2F-3886,wall,6.7207,16.802,33.603,4.87
WL-B2F-3887,wall,10.616,9.074,18.147,2.63
WL-B2F-3888,wall,1.1278,4.925,9.85,1.427
WL-B2F-3889,wall,0.6684,2.674,5.348,0.775
WL-B2F-3890,wall,3.7329,18.664,37.329,5.41
WL-B2F-3891,wall,12.4234,31.136,62.272,9.025
WL-B2F-3892,wall,5.865,29.325,58.65,8.5
WL-B2F-3893,wall,6.0588,30.446,60.892,8.825
WL-B2F-3894,wall,5.865,29.325,58.65,8.5
WL-B2F-3895,wall,7.7917,17.353,34.707,5.03
WL-B2F-3896,wall,2.0769,5.192,10.385,1.505
WL-B2F-3897,wall,0.3985,0.724,1.449,0.21
WL-B2F-3898,wall,0.8798,2.933,5.865,0.85
WL-B2F-3899,wall,3.2941,5.322,10.643,1.542
WL-B2F-3900,wall,3.1333,5.813,11.626,1.685
WL-B2F-3901,wall,0.7565,4.226,8.452,1.225
WL-B2F-3902,wall,0.7859,0.69,1.38,0.2
WL-B2F-3903,wall,3.5014,17.595,35.19,5.1
WL-B2F-3904,wall,3.2268,16.215,32.43,4.7
WL-B2F-3905,wall,3.4732,17.366,34.732,5.034
WL-B2F-3906,wall,8.6043,21.511,43.022,6.235
WL-B2F-3907,wall,13.524,33.81,67.62,9.8
WL-B2F-3908,wall,18.5421,46.472,92.943,13.47
WL-B2F-3909,wall,3.1144,7.806,15.611,2.263
WL-B2F-3910,wall,8.0528,20.182,40.365,5.85
WL-B2F-3911,wall,8.101,20.303,40.606,5.885
WL-B2F-3912,wall,8.073,20.182,40.365,5.85
WL-B2F-3913,wall,8.101,20.303,40.606,5.885
WL-B2F-3914,wall,2.8014,7.003,14.007,2.03
WL-B2F-3915,wall,2.8014,7.004,14.007,2.03
WL-B2F-3916,wall,6.555,16.388,32.775,4.75
WL-B2F-3917,wall,11.3429,28.357,56.714,8.219
WL-B2F-3918,wall,2.4571,6.158,12.316,1.785
WL-B2F-3919,wall,4.1883,10.471,20.941,3.035
WL-B2F-3920,wall,6.6197,26.479,52.958,7.675
WL-B2F-3921,wall,11.9837,48.127,96.255,13.95
WL-B2F-3922,wall,3.2991,13.196,26.393,3.825
WL-B2F-3923,wall,5.9425,14.856,29.712,4.306
WL-B2F-3924,wall,7.7339,19.335,38.67,5.604
WL-B2F-3925,wall,0.2148,0.863,1.725,0.25
WL-B2F-3926,wall,1.5442,1.38,2.76,0.4
WL-B2F-3927,wall,0.0265,0.106,0.212,0.031
WL-B2F-3928,wall,7.2727,29.091,58.182,8.432
WL-B2F-3929,wall,0.4278,0.69,1.38,0.2
WL-B2F-3930,wall,2.3288,9.315,18.63,2.7
WL-B2F-3931,wall,1.6689,6.676,13.352,1.935
WL-B2F-3932,wall,8.487,8.28,16.56,2.4
WL-B2F-3933,wall,1.7423,8.711,17.423,2.525
WL-B2F-3934,wall,2.2425,8.97,17.94,2.6
WL-B2F-3935,wall,4.5701,11.454,22.908,3.32
WL-B2F-3936,wall,1.996,5.003,10.005,1.45
WL-B2F-3937,wall,7.2052,6.158,12.316,1.785
WL-B2F-3938,wall,4.0633,16.319,32.637,4.73
WL-B2F-3939,wall,0.69,0.69,1.38,0.2
WL-B2F-3940,wall,1.035,4.14,8.28,1.2
WL-B2F-3941,wall,0.1966,1.639,3.277,0.475
WL-B2F-3942,wall,0.0,0.0,0.0,0.0
WL-B2F-3943,wall,0.0,0.0,0.0,0.0
WL-B2F-3944,wall,2.5986,10.436,20.872,3.025
WL-B2F-3945,wall,1.035,5.175,10.35,1.5
WL-B2F-3946,wall,5.0662,20.346,40.693,5.897
WL-B2F-3947,wall,0.0,0.0,0.0,0.0
WL-B2F-3948,wall,0.0,0.0,0.0,0.0
WL-B2F-3949,wall,0.0,0.0,0.0,0.0
WL-B2F-3950,wall,0.0,0.0,0.0,0.0
WL-B2F-3951,wall,0.0,0.0,0.0,0.0
WL-B2F-3952,wall,0.5434,1.294,2.588,0.375
WL-B2F-3953,wall,0.0,0.0,0.0,0.0
WL-B2F-3954,wall,11.3837,22.813,45.626,6.612
WL-B2F-3955,wall,0.0,0.0,0.0,0.0
WL-B2F-3956,wall,0.0,0.0,0.0,0.0
WL-B2F-3957,wall,0.0,0.0,0.0,0.0
WL-B2F-3958,wall,0.0,0.0,0.0,0.0
WL-B2F-3959,wall,0.0,0.0,0.0,0.0
WL-B2F-3960,wall,0.0,0.0,0.0,0.0
WL-B2F-3961,wall,0.0,0.0,0.0,0.0
WL-B2F-3962,wall,0.0,0.0,0.0,0.0
WL-B2F-3963,wall,0.0,0.0,0.0,0.0
WL-B2F-3964,wall,0.0,0.0,0.0,0.0
WL-B2F-3965,wall,0.0,0.0,0.0,0.0
WL-B2F-3966,wall,0.0,0.0,0.0,0.0
WL-B2F-3967,wall,0.0,0.0,0.0,0.0
WL-B2F-3968,wall,0.0,0.0,0.0,0.0
WL-B2F-3969,wall,0.0,0.0,0.0,0.0
WL-B2F-3970,wall,0.0,0.0,0.0,0.0
WL-B2F-3971,wall,0.0,0.0,0.0,0.0
WL-B2F-3972,wall,1.4736,1.466,2.932,0.425
WL-B2F-3973,wall,0.0,0.0,0.0,0.0
WL-B2F-3974,wall,2.5986,10.436,20.872,3.025
WL-B2F-3975,wall,0.1078,0.431,0.863,0.125
WL-B2F-3976,wall,0.0,0.0,0.0,0.0
WL-B2F-3977,wall,1.5042,1.38,2.76,0.4
WL-B2F-3978,wall,0.0,0.0,0.0,0.0
WL-B2F-3979,wall,0.1938,0.259,0.518,0.075
WL-B2F-3980,wall,0.0,0.0,0.0,0.0
WL-B2F-3981,wall,0.0,0.0,0.0,0.0
WL-B2F-3982,wall,0.0,0.0,0.0,0.0
WL-B2F-3983,wall,0.0,0.0,0.0,0.0
WL-B2F-3984,wall,0.0,0.0,0.0,0.0
WL-B2F-3985,wall,0.176,0.173,0.345,0.05
WL-B2F-3986,wall,0.0,0.0,0.0,0.0
WL-B2F-3987,wall,0.0,0.0,0.0,0.0
WL-B2F-3988,wall,0.0,0.0,0.0,0.0
WL-B2F-3989,wall,0.0,0.0,0.0,0.0
WL-B2F-3990,wall,0.7866,0.69,1.38,0.2
WL-B2F-3991,wall,25.0901,25.09,50.18,7.272
WL-B2F-3992,wall,1.2085,1.449,2.898,0.42
WL-B2F-3993,wall,5.3291,10.074,20.148,2.92
WL-B2F-3994,wall,0.0,0.0,0.0,0.0
WL-B2F-3995,wall,0.5115,0.854,1.708,0.247
WL-B2F-3996,wall,0.0,0.0,0.0,0.0
WL-B2F-3997,wall,2.7169,10.867,21.735,3.15
WL-B2F-3998,wall,5.2181,4.744,9.487,1.375
WL-B2F-3999,wall,2.139,8.556,17.112,2.48
WL-B2F-4000,wall,2.0541,1.742,3.484,0.505
WL-B2F-4001,wall,0.7926,0.863,1.725,0.25
WL-B2F-4002,wall,2.2045,2.07,4.14,0.6
WL-B2F-4003,wall,1.804,7.245,14.49,2.1
WL-B2F-4004,wall,5.6086,4.252,8.504,1.232
WL-B2F-4005,wall,0.3651,1.466,2.933,0.425
WL-B2F-4006,wall,3.0659,6.132,12.264,1.777
WL-B2F-4007,wall,0.69,0.862,1.725,0.25
WL-B2F-4008,wall,0.207,0.828,1.656,0.24
WL-B2F-4009,wall,1.4303,5.744,11.489,1.665
WL-B2F-4010,wall,1.2204,4.882,9.763,1.415
WL-B2F-4011,wall,1.8169,7.297,14.593,2.115
WL-B2F-4012,wall,2.2507,9.039,18.078,2.62
WL-B2F-4013,wall,1.0523,0.863,1.725,0.25
WL-B2F-4014,wall,0.4497,2.26,4.52,0.655
WL-B2F-4015,wall,0.5355,2.691,5.382,0.78
WL-B2F-4016,wall,2.07,8.28,16.56,2.4
WL-B2F-4017,wall,0.5339,0.862,1.725,0.25
WL-B2F-4018,wall,0.3651,1.466,2.932,0.425
WL-B2F-4019,wall,3.4061,13.679,27.359,3.965
WL-B2F-4020,wall,2.07,8.28,16.56,2.4
WL-B2F-4021,wall,0.0,0.0,0.0,0.0
WL-B2F-4022,wall,0.5382,2.691,5.382,0.78
WL-B2F-4023,wall,2.7189,10.919,21.838,3.165
WL-B2F-4024,wall,0.3191,1.276,2.553,0.37
WL-B2F-4025,wall,1.1812,4.744,9.488,1.375
WL-B2F-4026,wall,0.0,0.0,0.0,0.0
WL-B2F-4027,wall,0.1596,0.638,1.277,0.185
WL-B2F-4028,wall,0.414,2.07,4.14,0.6
WL-B2F-4029,wall,5.2474,4.485,8.97,1.3
WL-B2F-4030,wall,0.9617,3.847,7.694,1.115
WL-B2F-4031,wall,0.5348,0.863,1.725,0.25
WL-B2F-4032,wall,2.8649,11.506,23.011,3.335
WL-B2F-4033,wall,1.1125,4.468,8.935,1.295
WL-B2F-4034,wall,1.0652,4.261,8.522,1.235
WL-B2F-4035,wall,0.9617,3.847,7.694,1.115
WL-B2F-4036,wall,4.4785,17.986,35.972,5.213
WL-B2F-4037,wall,0.9686,3.89,7.78,1.127
WL-B2F-4038,wall,6.7851,27.14,54.281,7.867
WL-B2F-4039,wall,0.6112,1.225,2.45,0.355
WL-B2F-4040,wall,2.4318,4.864,9.727,1.41
WL-B2F-4041,wall,4.4163,17.665,35.33,5.12
WL-B2F-4042,wall,1.2924,5.17,10.34,1.498
WL-B2F-4043,wall,4.3083,17.233,34.467,4.995
WL-B2F-4044,wall,6.3032,10.505,21.011,3.045
WL-B2F-4045,wall,8.5555,14.283,28.566,4.14
WL-B2F-4046,wall,4.7324,7.901,15.801,2.29
WL-B2F-4047,wall,5.5694,9.298,18.595,2.695
WL-B2F-4048,wall,6.9178,11.549,23.098,3.347
WL-B2F-4049,wall,2.6806,2.415,4.83,0.7
WL-B2F-4050,wall,0.4519,2.26,4.519,0.655
WL-B2F-4051,wall,0.5382,2.691,5.382,0.78
WL-B2F-4052,wall,2.07,8.28,16.56,2.4
WL-B2F-4053,wall,0.5012,2.519,5.037,0.73
WL-B2F-4054,wall,1.2399,2.07,4.14,0.6
WL-B2F-4055,wall,1.2834,2.07,4.14,0.6
WL-B2F-4056,wall,0.0,0.0,0.0,0.0
WL-B2F-4057,wall,0.0,0.0,0.0,0.0
WL-B2F-4058,wall,0.1074,0.431,0.862,0.125
WL-B2F-4059,wall,0.0,0.0,0.0,0.0
WL-B2F-4060,wall,1.2456,5.002,10.005,1.45
WL-B2F-4061,wall,1.4749,5.9,11.799,1.71
WL-B2F-4062,wall,0.7116,2.846,5.692,0.825
WL-B2F-4063,wall,0.2415,0.966,1.932,0.28
WL-B2F-4064,wall,2.7039,2.846,5.692,0.825
WL-B2F-4065,wall,1.5525,6.21,12.42,1.8
WL-B2F-4066,wall,0.0992,0.397,0.794,0.115
WL-B2F-4067,wall,0.8798,0.863,1.725,0.25
WL-B2F-4068,wall,0.4528,1.811,3.623,0.525
WL-B2F-4069,wall,0.4744,1.898,3.795,0.55
WL-B2F-4070,wall,0.6124,2.45,4.899,0.71
WL-B2F-4071,wall,0.7935,0.863,1.725,0.25
WL-B2F-4072,wall,1.0523,0.863,1.725,0.25
WL-B2F-4073,wall,1.4663,5.865,11.73,1.7
WL-B2F-4074,wall,0.7029,2.812,5.623,0.815
WL-B2F-4075,wall,1.2248,4.899,9.798,1.42
WL-B2F-4076,wall,0.3666,1.466,2.933,0.425
WL-B2F-4077,wall,0.2156,0.863,1.725,0.25
WL-B2F-4078,wall,0.6676,1.484,2.967,0.43
WL-B2F-4079,wall,1.3766,1.449,2.898,0.42
WL-B2F-4080,wall,0.0,0.0,0.0,0.0
WL-B2F-4081,wall,0.4596,1.846,3.692,0.535
WL-B2F-4082,wall,5.7272,6.158,12.317,1.785
WL-B2F-4083,wall,0.0,0.0,0.0,0.0
WL-B2F-4084,wall,0.0,0.0,0.0,0.0
WL-B2F-4085,wall,0.0,0.0,0.0,0.0
WL-B2F-4086,wall,0.0,0.0,0.0,0.0
WL-B2F-4087,wall,0.0,0.0,0.0,0.0
WL-B2F-4088,wall,0.2027,0.811,1.621,0.235
WL-B2F-4089,wall,0.0431,0.172,0.345,0.05
WL-B2F-4090,wall,2.6953,10.824,21.649,3.137
WL-B2F-4091,wall,1.0307,4.123,8.246,1.195
WL-B2F-4092,wall,1.1385,0.863,1.725,0.25
WL-B2F-4093,wall,0.1078,0.431,0.862,0.125
WL-B2F-4094,wall,0.0,0.0,0.0,0.0
WL-B2F-4095,wall,0.0,0.0,0.0,0.0
WL-B2F-4096,wall,0.1078,0.431,0.862,0.125
WL-B2F-4097,wall,0.9621,3.864,7.728,1.12
WL-B2F-4098,wall,0.0,0.0,0.0,0.0
WL-B2F-4099,wall,2.0832,8.366,16.733,2.425
WL-B2F-4100,wall,0.7859,0.69,1.38,0.2
WL-B2F-4101,wall,0.7866,0.69,1.38,0.2
WL-B2F-4102,wall,2.5986,10.436,20.872,3.025
WL-B2F-4103,wall,0.7866,0.69,1.38,0.2
WL-B2F-4104,wall,0.0,0.0,0.0,0.0
WL-B2F-4105,wall,0.0,0.0,0.0,0.0
WL-B2F-4106,wall,0.5326,2.139,4.278,0.62
WL-B2F-4107,wall,0.0,0.0,0.0,0.0
WL-B2F-4108,wall,2.6168,5.244,10.488,1.52
WL-B2F-4109,wall,2.622,5.244,10.488,1.52
WL-B2F-4110,wall,2.1045,4.209,8.418,1.22
WL-B2F-4111,wall,1.5838,3.174,6.348,0.92
WL-B2F-4112,wall,3.4207,3.424,6.848,0.993
WL-B2F-4113,wall,1.5999,3.2,6.4,0.928
WL-B2F-4114,wall,5.1991,10.419,20.838,3.02
WL-B2F-4115,wall,2.7889,5.589,11.178,1.62
WL-B2F-4116,wall,1.048,4.209,8.418,1.22
WL-B2F-4117,wall,2.7945,5.589,11.178,1.62
WL-B2F-4118,wall,5.2095,10.419,20.838,3.02
WL-B2F-4119,wall,2.622,5.244,10.488,1.52
WL-B2F-4120,wall,2.6168,5.244,10.488,1.52
WL-B2F-4121,wall,0.7747,1.552,3.105,0.45
WL-B2F-4122,wall,3.099,2.872,5.744,0.833
WL-B2F-4123,wall,1.756,3.519,7.038,1.02
WL-B2F-4124,wall,1.7595,3.519,7.038,1.02
WL-B2F-4125,wall,2.1003,4.209,8.418,1.22
WL-B2F-4126,wall,0.6744,2.708,5.416,0.785
WL-B2F-4127,wall,2.622,5.244,10.488,1.52
WL-B2F-4128,wall,2.622,5.244,10.488,1.52
WL-B2F-4129,wall,1.5838,3.174,6.348,0.92
WL-B2F-4130,wall,2.1003,4.209,8.418,1.22
WL-B2F-4131,wall,1.0523,4.209,8.418,1.22
WL-B2F-4132,wall,0.7935,3.174,6.348,0.92
WL-B2F-4133,wall,0.0,0.0,0.0,0.0
WL-B2F-4134,wall,0.69,0.863,1.725,0.25
WL-B2F-4135,wall,0.69,0.862,1.725,0.25
WL-B2F-4136,wall,4.6715,18.686,37.372,5.416
WL-B2F-4137,wall,2.4939,3.243,6.486,0.94
WL-B2F-4138,wall,18.1968,36.467,72.933,10.57
WL-B2F-4139,wall,2.415,12.075,24.15,3.5
WL-B2F-4140,wall,5.244,26.22,52.44,7.6
WL-B2F-4141,wall,5.2864,26.565,53.13,7.7
WL-B2F-4142,wall,5.1562,25.781,51.562,7.473
WL-B2F-4143,wall,2.4044,12.083,24.165,3.502
WL-B2F-4144,wall,5.4752,27.514,55.028,7.975
WL-B2F-4145,wall,5.313,26.565,53.13,7.7
WL-B2F-4146,wall,5.589,27.945,55.89,8.1
WL-B2F-4147,wall,6.7275,26.91,53.82,7.8
WL-B2F-4148,wall,13.8099,34.611,69.222,10.032
WL-B2F-4149,wall,43.6413,87.457,174.915,25.35
WL-B2F-4150,wall,4.553,18.285,36.57,5.3
WL-B2F-4151,wall,6.7006,26.91,53.82,7.8
WL-B2F-4152,wall,6.7275,26.91,53.82,7.8
WL-B2F-4153,wall,4.5713,18.285,36.57,5.3
WL-B2F-4154,wall,6.7275,26.91,53.82,7.8
WL-B2F-4155,wall,6.7006,26.91,53.82,7.8
WL-B2F-4156,wall,5.382,26.91,53.82,7.8
WL-B2F-4157,wall,9.1418,22.855,45.709,6.625
WL-B2F-4158,wall,4.5368,9.074,18.147,2.63
WL-B2F-4159,wall,8.7398,21.904,43.809,6.349
WL-B2F-4160,wall,50.577,126.443,252.885,36.65
WL-B2F-4161,wall,48.8056,122.32,244.639,35.455
WL-B2F-4162,wall,11.6993,29.248,58.496,8.478
WL-B2F-4163,wall,3.8915,15.628,31.257,4.53
WL-B2F-4164,wall,5.1543,20.7,41.4,6.0
WL-B2F-4165,wall,5.175,20.7,41.4,6.0
WL-B2F-4166,wall,12.5089,25.018,50.036,7.252
WL-B2F-4167,wall,10.3487,25.872,51.743,7.499
WL-B2F-4168,wall,6.1251,20.485,40.971,5.938
WL-B2F-4169,wall,1.4927,3.741,7.482,1.084
WL-B2F-4170,wall,5.6709,22.684,45.367,6.575
WL-B2F-4171,wall,2.8118,11.247,22.494,3.26
WL-B2F-4172,wall,2.8247,11.299,22.597,3.275
WL-B2F-4173,wall,11.9837,48.127,96.255,13.95
WL-B2F-4174,wall,6.6197,26.479,52.957,7.675
WL-B2F-4175,wall,3.2732,13.093,26.186,3.795
WL-B2F-4176,wall,6.7275,26.91,53.82,7.8
WL-B2F-4177,wall,5.9544,23.817,47.635,6.904
WL-B2F-4178,wall,2.6737,10.695,21.39,3.1
WL-B2F-4179,wall,7.2234,28.894,57.787,8.375
WL-B2F-4180,wall,5.1543,20.7,41.4,6.0
WL-B2F-4181,wall,2.5557,10.264,20.527,2.975
WL-B2F-4182,wall,6.7275,26.91,53.82,7.8
WL-B2F-4183,wall,7.245,28.98,57.96,8.4
WL-B2F-4184,wall,12.5851,50.543,101.085,14.65
WL-B2F-4185,wall,6.555,26.22,52.44,7.6
WL-B2F-4186,wall,4.2262,16.905,33.81,4.9
WL-B2F-4187,wall,6.555,26.22,52.44,7.6
WL-B2F-4188,wall,6.5288,26.22,52.44,7.6
WL-B2F-4189,wall,5.0025,20.01,40.02,5.8
WL-B2F-4190,wall,3.9516,15.87,31.74,4.6
WL-B2F-4191,wall,4.14,16.56,33.12,4.8
WL-B2F-4192,wall,3.2096,16.129,32.257,4.675
WL-B2F-4193,wall,1.2701,6.382,12.765,1.85
WL-B2F-4194,wall,7.0849,17.712,35.425,5.134
WL-B2F-4195,wall,5.9261,14.815,29.63,4.294
WL-B2F-4196,wall,3.4322,3.402,6.803,0.986
WL-B2F-4197,wall,1.1178,2.794,5.589,0.81
WL-B2F-4198,wall,10.8314,27.146,54.293,7.869
WL-B2F-4199,wall,4.4866,11.216,22.433,3.251
WL-B2F-4200,wall,0.7421,2.98,5.96,0.864
WL-B2F-4201,wall,10.7268,42.907,85.815,12.437
WL-B2F-4202,wall,1.4323,5.752,11.505,1.667
WL-B2F-4203,wall,6.607,26.534,53.069,7.691
WL-B2F-4204,wall,1.9586,3.917,7.834,1.135
WL-B2F-4205,wall,3.0625,12.25,24.5,3.551
WL-B2F-4206,wall,1.4482,5.793,11.585,1.679
WL-B2F-4207,wall,0.4119,2.07,4.14,0.6
WL-B2F-4208,wall,2.5368,10.147,20.294,2.941
WL-B2F-4209,wall,2.7527,11.011,22.021,3.192
WL-B2F-4210,wall,2.5005,3.572,7.144,1.035
WL-B2F-4211,wall,8.656,34.624,69.248,10.036
WL-B2F-4212,wall,1.1305,2.833,5.667,0.821
WL-B2F-4213,wall,2.7171,6.81,13.62,1.974
WL-B2F-4214,wall,8.9044,22.317,44.634,6.469
WL-B2F-4215,wall,1.932,1.725,3.45,0.5
WL-B2F-4216,wall,5.4769,10.954,21.908,3.175
WL-B2F-4217,wall,6.3764,5.882,11.764,1.705
WL-B2F-4218,wall,1.469,5.9,11.799,1.71
WL-B2F-4219,wall,0.9651,0.862,1.725,0.25
WL-B2F-4220,wall,0.4768,1.915,3.829,0.555
WL-B2F-4221,wall,1.804,7.245,14.49,2.1
WL-B2F-4222,wall,1.8846,7.538,15.076,2.185
WL-B2F-4223,wall,1.587,1.725,3.45,0.5
WL-B2F-4224,wall,2.1045,1.725,3.45,0.5
WL-B2F-4225,wall,7.2047,14.438,28.876,4.185
WL-B2F-4226,wall,2.3128,2.984,5.969,0.865
WL-B2F-4227,wall,1.9734,1.725,3.45,0.5
WL-B2F-4228,wall,9.6751,19.389,38.778,5.62
WL-B2F-4229,wall,0.7935,0.862,1.725,0.25
WL-B2F-4230,wall,0.621,0.862,1.725,0.25
WL-B2F-4231,wall,0.6185,2.484,4.968,0.72
WL-B2F-4232,wall,1.794,2.76,5.52,0.8
WL-B2F-4233,wall,0.4528,1.811,3.623,0.525
WL-B2F-4234,wall,0.9703,3.881,7.762,1.125
WL-B2F-4235,wall,0.8798,0.863,1.725,0.25
WL-B2F-4236,wall,8.4079,11.534,23.067,3.343
WL-B2F-4237,wall,6.6231,11.439,22.878,3.316
WL-B2F-4238,wall,0.5197,2.087,4.175,0.605
WL-B2F-4239,wall,0.3007,1.208,2.415,0.35
WL-B2F-4240,wall,3.9781,6.641,13.282,1.925
WL-B2F-4241,wall,0.1074,0.431,0.863,0.125
WL-B2F-4242,wall,0.0,0.0,0.0,0.0
WL-B2F-4243,wall,0.452,2.26,4.52,0.655
WL-B2F-4244,wall,2.4021,9.608,19.217,2.785
WL-B2F-4245,wall,0.5183,2.605,5.21,0.755
WL-B2F-4246,wall,2.9551,11.868,23.736,3.44
WL-B2F-4247,wall,0.6007,3.019,6.038,0.875
WL-B2F-4248,wall,5.2474,4.485,8.97,1.3
WL-B2F-4249,wall,0.8977,3.605,7.21,1.045
WL-B2F-4250,wall,1.1213,0.863,1.725,0.25
WL-B2F-4251,wall,1.4346,5.762,11.523,1.67
WL-B2F-4252,wall,0.6894,2.769,5.537,0.802
WL-B2F-4253,wall,0.7968,3.2,6.4,0.928
WL-B2F-4254,wall,1.9665,9.833,19.665,2.85
WL-B2F-4255,wall,0.0,0.0,0.0,0.0
WL-B2F-4256,wall,1.656,8.28,16.56,2.4
WL-B2F-4257,wall,0.1078,0.431,0.862,0.125
WL-B2F-4258,wall,4.6291,18.591,37.182,5.389
WL-B2F-4259,wall,1.6152,6.461,12.921,1.873
WL-B2F-4260,wall,0.2133,0.853,1.707,0.247
WL-B2F-4261,wall,5.848,23.392,46.784,6.78
WL-B2F-4262,wall,3.1015,3.45,6.9,1.0
WL-B2F-4263,wall,0.5822,0.776,1.552,0.225
WL-B2F-4264,wall,2.5233,2.07,4.14,0.6
WL-B2F-4265,wall,0.5355,2.691,5.382,0.78
WL-B2F-4266,wall,2.07,8.28,16.56,2.4
WL-B2F-4267,wall,0.5037,2.518,5.037,0.73
WL-B2F-4268,wall,1.2813,2.07,4.14,0.6
WL-B2F-4269,wall,0.828,3.312,6.624,0.96
WL-B2F-4270,wall,1.3929,5.572,11.144,1.615
WL-B2F-4271,wall,1.9543,7.849,15.698,2.275
WL-B2F-4272,wall,6.4683,10.799,21.597,3.13
WL-B2F-4273,wall,1.1812,4.744,9.487,1.375
WL-B2F-4274,wall,1.0352,4.157,8.314,1.205
WL-B2F-4275,wall,1.688,6.779,13.559,1.965
WL-B2F-4276,wall,0.4933,0.897,1.794,0.26
WL-B2F-4277,wall,0.2113,0.845,1.691,0.245
WL-B2F-4278,wall,1.3358,5.365,10.73,1.555
WL-B2F-4279,wall,1.38,5.52,11.04,1.6
WL-B2F-4280,wall,2.0445,8.211,16.422,2.38
WL-B2F-4281,wall,0.3651,1.466,2.933,0.425
WL-B2F-4282,wall,0.0,0.0,0.0,0.0
WL-B2F-4283,wall,0.2717,1.087,2.173,0.315
WL-B2F-4284,wall,0.0,0.0,0.0,0.0
WL-B2F-4285,wall,1.0522,0.862,1.725,0.25
WL-B2F-4286,wall,0.0,0.0,0.0,0.0
WL-B2F-4287,wall,1.1385,0.863,1.725,0.25
WL-B2F-4288,wall,0.9919,3.967,7.935,1.15
WL-B2F-4289,wall,0.0,0.0,0.0,0.0
WL-B2F-4290,wall,0.0,0.0,0.0,0.0
WL-B2F-4291,wall,0.0,0.0,0.0,0.0
WL-B2F-4292,wall,0.0,0.0,0.0,0.0
WL-B2F-4293,wall,0.0,0.0,0.0,0.0
WL-B2F-4294,wall,0.8798,0.863,1.725,0.25
WL-B2F-4295,wall,0.1768,0.707,1.415,0.205
WL-B2F-4296,wall,0.0,0.0,0.0,0.0
WL-B2F-4297,wall,0.0,0.0,0.0,0.0
WL-B2F-4298,wall,0.0,0.0,0.0,0.0
WL-B2F-4299,wall,0.1078,0.431,0.862,0.125
WL-B2F-4300,wall,0.8798,0.863,1.725,0.25
WL-B2F-4301,wall,0.0644,0.259,0.517,0.075
WL-B2F-4302,wall,0.1074,0.431,0.863,0.125
WL-B2F-4303,wall,0.0,0.0,0.0,0.0
WL-B2F-4304,wall,0.1074,0.431,0.862,0.125
WL-B2F-4305,wall,0.0,0.0,0.0,0.0
WL-B2F-4306,wall,0.0,0.0,0.0,0.0
WL-B2F-4307,wall,0.0,0.0,0.0,0.0
WL-B2F-4308,wall,0.966,0.862,1.725,0.25
WL-B2F-4309,wall,0.6857,2.743,5.485,0.795
WL-B2F-4310,wall,0.8366,3.347,6.693,0.97
WL-B2F-4311,wall,0.897,3.588,7.176,1.04
WL-B2F-4312,wall,0.8999,3.614,7.228,1.047
WL-B2F-4313,wall,3.4306,13.722,27.445,3.977
WL-B2F-4314,wall,3.4362,13.8,27.6,4.0
WL-B2F-4315,wall,0.1074,0.431,0.862,0.125
WL-B2F-4316,wall,0.1078,0.431,0.862,0.125
WL-B2F-4317,wall,0.4703,1.889,3.778,0.547
WL-B2F-4318,wall,0.0776,0.31,0.621,0.09
WL-B2F-4319,wall,0.7935,0.863,1.725,0.25
WL-B2F-4320,wall,0.6124,2.45,4.899,0.71
WL-B2F-4321,wall,1.0523,0.863,1.725,0.25
WL-B2F-4322,wall,0.0,0.0,0.0,0.0
WL-B2F-4323,wall,0.7866,0.69,1.38,0.2
WL-B2F-4324,wall,0.7866,0.69,1.38,0.2
WL-B2F-4325,wall,3.5086,5.848,11.695,1.695
WL-B2F-4326,wall,1.3412,5.365,10.729,1.555
WL-B2F-4327,wall,2.2106,3.329,6.659,0.965
WL-B2F-4328,wall,0.4528,1.811,3.623,0.525
WL-B2F-4329,wall,3.4625,3.191,6.383,0.925
WL-B2F-4330,wall,0.8797,0.862,1.725,0.25
WL-B2F-4331,wall,0.4528,0.862,1.725,0.25
WL-B2F-4332,wall,0.3998,0.776,1.553,0.225
WL-B2F-4333,wall,0.3579,1.432,2.864,0.415
WL-B2F-4334,wall,0.3364,1.345,2.691,0.39
WL-B2F-4335,wall,0.6915,2.777,5.554,0.805
WL-B2F-4336,wall,1.6236,6.52,13.041,1.89
WL-B2F-4337,wall,1.3874,5.572,11.144,1.615
WL-B2F-4338,wall,6.2078,24.831,49.663,7.197
WL-B2F-4339,wall,0.6391,0.983,1.966,0.285
WL-B2F-4340,wall,0.2212,0.888,1.777,0.257
WL-B2F-4341,wall,1.9838,1.725,3.45,0.5
WL-B2F-4342,wall,1.499,1.725,3.45,0.5
WL-B2F-4343,wall,1.311,1.725,3.45,0.5
WL-B2F-4344,wall,2.139,8.556,17.112,2.48
WL-B2F-4345,wall,26.0933,22.132,44.263,6.415
WL-B2F-4346,wall,0.7926,0.863,1.725,0.25
WL-B2F-4347,wall,1.804,7.245,14.49,2.1
WL-B2F-4348,wall,1.0514,0.863,1.725,0.25
WL-B2F-4349,wall,1.1213,4.485,8.97,1.3
WL-B2F-4350,wall,6.3764,5.882,11.765,1.705
WL-B2F-4351,wall,1.469,5.9,11.799,1.71
WL-B2F-4352,wall,5.6654,4.295,8.591,1.245
WL-B2F-4353,wall,0.408,1.639,3.278,0.475
WL-B2F-4354,wall,1.804,7.245,14.49,2.1
WL-B2F-4355,wall,13.5653,11.506,23.012,3.335
WL-B2F-4356,wall,1.0867,4.347,8.694,1.26
WL-B2F-4357,wall,1.587,1.725,3.45,0.5
WL-B2F-4358,wall,2.1045,1.725,3.45,0.5
WL-B2F-4359,wall,7.0035,14.007,28.014,4.06
WL-B2F-4360,wall,2.3128,2.984,5.969,0.865
WL-B2F-4361,wall,1.9751,1.725,3.45,0.5
WL-B2F-4362,wall,9.9101,19.82,39.641,5.745
WL-B2F-4363,wall,0.7935,0.862,1.725,0.25
WL-B2F-4364,wall,1.242,1.725,3.45,0.5
WL-B2F-4365,wall,2.0743,3.191,6.382,0.925
WL-B2F-4366,wall,1.725,3.45,6.9,1.0
WL-B2F-4367,wall,1.7595,1.725,3.45,0.5
WL-B2F-4368,wall,1.2593,2.519,5.037,0.73
WL-B2F-4369,wall,0.713,2.864,5.727,0.83
WL-B2F-4370,wall,2.691,5.382,10.764,1.56
WL-B2F-4371,wall,1.9622,7.849,15.698,2.275
WL-B2F-4372,wall,3.9244,15.698,31.395,4.55
WL-B2F-4373,wall,1.2156,4.882,9.763,1.415
WL-B2F-4374,wall,2.8091,11.281,22.563,3.27
WL-B2F-4375,wall,1.1204,0.863,1.725,0.25
WL-B2F-4376,wall,0.452,2.26,4.52,0.655
WL-B2F-4377,wall,0.5382,2.691,5.382,0.78
WL-B2F-4378,wall,2.07,8.28,16.56,2.4
WL-B2F-4379,wall,0.5339,0.863,1.725,0.25
WL-B2F-4380,wall,6.3777,25.613,51.227,7.424
WL-B2F-4381,wall,0.6607,2.654,5.307,0.769
WL-B2F-4382,wall,4.6835,18.734,37.468,5.43
WL-B2F-4383,wall,1.6909,3.382,6.763,0.98
WL-B2F-4384,wall,5.5786,9.298,18.595,2.695
WL-B2F-4385,wall,0.4497,2.26,4.52,0.655
WL-B2F-4386,wall,13.0496,26.099,52.199,7.565
WL-B2F-4387,wall,1.7578,1.725,3.45,0.5
WL-B2F-4388,wall,2.2597,1.725,3.45,0.5
WL-B2F-4389,wall,2.139,8.556,17.112,2.48
WL-B2F-4390,wall,0.7926,0.862,1.725,0.25
WL-B2F-4391,wall,0.7866,0.69,1.38,0.2
WL-B2F-4392,wall,0.4528,1.811,3.622,0.525
WL-B2F-4393,wall,0.966,0.862,1.725,0.25
WL-B2F-4394,wall,0.6891,0.862,1.725,0.25
WL-B2F-4395,wall,0.6891,0.862,1.725,0.25
WL-B2F-4396,wall,0.6891,0.862,1.725,0.25
WL-B2F-4397,wall,0.69,0.862,1.725,0.25
WL-B2F-4398,wall,3.2859,13.196,26.393,3.825
WL-B2F-4399,wall,3.65,14.6,29.2,4.232
WL-B2F-4400,wall,0.3105,0.518,1.035,0.15
WL-B2F-4401,wall,0.69,0.863,1.725,0.25
WL-B2F-4402,wall,0.69,0.862,1.725,0.25
WL-B2F-4403,wall,0.69,0.863,1.725,0.25
WL-B2F-4404,wall,0.0292,0.117,0.234,0.034
WL-B2F-4405,wall,6.7757,27.103,54.206,7.856
WL-B2F-4406,wall,0.0559,0.224,0.449,0.065
WL-B2F-4407,wall,2.3045,9.255,18.51,2.683
WL-B2F-4408,wall,2.7493,5.51,11.019,1.597
WL-B2F-4409,wall,3.7902,15.222,30.444,4.412
WL-B2F-4410,wall,0.1478,0.591,1.182,0.171
WL-B2F-4411,wall,4.8808,19.523,39.047,5.659
WL-B2F-4412,wall,0.2286,0.914,1.828,0.265
WL-B2F-4413,wall,6.006,24.121,48.241,6.991
WL-B2F-4414,wall,0.1078,0.431,0.862,0.125
WL-B2F-4415,wall,0.1078,0.431,0.863,0.125
WL-B2F-4416,wall,1.3826,1.975,3.95,0.572
WL-B2F-4417,wall,0.073,0.293,0.586,0.085
WL-B2F-4418,wall,1.0522,0.862,1.725,0.25
WL-B2F-4419,wall,0.0,0.0,0.0,0.0
WL-B2F-4420,wall,1.1376,0.863,1.725,0.25
WL-B2F-4421,wall,0.4744,1.898,3.795,0.55
WL-B2F-4422,wall,0.0,0.0,0.0,0.0
WL-B2F-4423,wall,0.0,0.0,0.0,0.0
WL-B2F-4424,wall,0.0,0.0,0.0,0.0
WL-B2F-4425,wall,0.0,0.0,0.0,0.0
WL-B2F-4426,wall,0.0,0.0,0.0,0.0
WL-B2F-4427,wall,0.1768,0.707,1.415,0.205
WL-B2F-4428,wall,0.0539,0.216,0.431,0.062
WL-B2F-4429,wall,2.6091,10.436,20.872,3.025
WL-B2F-4430,wall,2.0317,8.159,16.318,2.365
WL-B2F-4431,wall,1.1812,4.744,9.487,1.375
WL-B2F-4432,wall,2.0044,3.019,6.037,0.875
WL-B2F-4433,wall,0.2803,1.121,2.243,0.325
WL-B2F-4434,wall,0.8797,0.862,1.725,0.25
WL-B2F-4435,wall,0.451,1.811,3.622,0.525
WL-B2F-4436,wall,0.4528,0.862,1.725,0.25
WL-B2F-4437,wall,0.399,0.776,1.552,0.225
WL-B2F-4438,wall,0.8849,0.776,1.553,0.225
WL-B2F-4439,wall,0.8719,3.502,7.003,1.015
WL-B2F-4440,wall,0.3651,1.466,2.932,0.425
WL-B2F-4441,wall,0.335,1.345,2.691,0.39
WL-B2F-4442,wall,1.2506,5.002,10.005,1.45
WL-B2F-4443,wall,0.3614,0.863,1.725,0.25
WL-B2F-4444,wall,1.3239,5.296,10.592,1.535
WL-B2F-4445,wall,1.587,6.348,12.696,1.84
WL-B2F-4446,wall,1.3874,5.572,11.143,1.615
WL-B2F-4447,wall,6.183,24.831,49.663,7.197
WL-B2F-4448,wall,0.4036,0.897,1.794,0.26
WL-B2F-4449,wall,0.2221,0.888,1.777,0.257
WL-B2F-4450,wall,1.982,1.725,3.45,0.5
WL-B2F-4451,wall,1.119,2.242,4.485,0.65
WL-B2F-4452,wall,1.499,1.725,3.45,0.5
WL-B2F-4453,wall,1.311,1.725,3.45,0.5
WL-B2F-4454,wall,20.8566,41.797,83.593,12.115
WL-B2F-4455,wall,1.3745,5.52,11.04,1.6
WL-B2F-4456,wall,2.139,8.556,17.112,2.48
WL-B2F-4457,wall,0.7935,0.863,1.725,0.25
WL-B2F-4458,wall,1.804,7.245,14.49,2.1
WL-B2F-4459,wall,0.9651,0.863,1.725,0.25
WL-B2F-4460,wall,1.2027,4.83,9.66,1.4
WL-B2F-4461,wall,6.3764,5.882,11.765,1.705
WL-B2F-4462,wall,1.469,5.9,11.799,1.71
WL-B2F-4463,wall,0.2105,0.845,1.691,0.245
WL-B2F-4464,wall,0.9651,0.863,1.725,0.25
WL-B2F-4465,wall,0.4768,1.915,3.829,0.555
WL-B2F-4466,wall,1.804,7.245,14.49,2.1
WL-B2F-4467,wall,13.2715,11.247,22.494,3.26
WL-B2F-4468,wall,1.0867,4.347,8.694,1.26
WL-B2F-4469,wall,1.5853,1.725,3.45,0.5
WL-B2F-4470,wall,2.1028,1.725,3.45,0.5
WL-B2F-4471,wall,6.3525,12.73,25.461,3.69
WL-B2F-4472,wall,2.3098,2.984,5.968,0.865
WL-B2F-4473,wall,1.9734,1.725,3.45,0.5
WL-B2F-4474,wall,1.7854,3.571,7.141,1.035
WL-B2F-4475,wall,0.7926,0.862,1.725,0.25
WL-B2F-4476,wall,1.242,1.725,3.45,0.5
WL-B2F-4477,wall,2.0711,3.191,6.382,0.925
WL-B2F-4478,wall,0.69,1.38,2.76,0.4
WL-B2F-4479,wall,1.7595,1.725,3.45,0.5
WL-B2F-4480,wall,0.2717,0.543,1.087,0.157
WL-B2F-4481,wall,1.2567,2.519,5.037,0.73
WL-B2F-4482,wall,3.2577,2.587,5.175,0.75
WL-B2F-4483,wall,0.637,1.276,2.553,0.37
WL-B2F-4484,wall,8.1247,16.249,32.499,4.71
WL-B2F-4485,wall,0.7159,2.864,5.727,0.83
WL-B2F-4486,wall,0.8177,1.639,3.277,0.475
WL-B2F-4487,wall,1.9622,7.849,15.698,2.275
WL-B2F-4488,wall,1.7525,7.038,14.076,2.04
WL-B2F-4489,wall,1.932,1.725,3.45,0.5
WL-B2F-4490,wall,2.415,4.83,9.66,1.4
WL-B2F-4491,wall,6.3822,5.882,11.764,1.705
WL-B2F-4492,wall,1.469,5.899,11.799,1.71
WL-B2F-4493,wall,0.2105,0.845,1.691,0.245
WL-B2F-4494,wall,0.966,0.862,1.725,0.25
WL-B2F-4495,wall,0.4768,1.915,3.829,0.555
WL-B2F-4496,wall,1.804,7.245,14.49,2.1
WL-B2F-4497,wall,1.877,7.538,15.077,2.185
WL-B2F-4498,wall,1.587,1.725,3.45,0.5
WL-B2F-4499,wall,2.1028,1.725,3.45,0.5
WL-B2F-4500,wall,6.3652,12.73,25.461,3.69
WL-B2F-4501,wall,2.3128,2.984,5.969,0.865
WL-B2F-4502,wall,1.9734,1.725,3.45,0.5
WL-B2F-4503,wall,8.7713,17.578,35.156,5.095
WL-B2F-4504,wall,0.7926,0.863,1.725,0.25
WL-B2F-4505,wall,1.2808,5.123,10.247,1.485
WL-B2F-4506,wall,0.621,0.862,1.725,0.25
WL-B2F-4507,wall,0.6185,2.484,4.968,0.72
WL-B2F-4508,wall,1.794,2.76,5.52,0.8
WL-B2F-4509,wall,0.4528,1.811,3.622,0.525
WL-B2F-4510,wall,0.9664,3.881,7.762,1.125
WL-B2F-4511,wall,0.8798,0.863,1.725,0.25
WL-B2F-4512,wall,6.6094,9.066,18.133,2.628
WL-B2F-4513,wall,5.3855,9.301,18.603,2.696
WL-B2F-4514,wall,0.5197,2.087,4.175,0.605
WL-B2F-4515,wall,0.8522,1.708,3.415,0.495
WL-B2F-4516,wall,0.9038,1.811,3.622,0.525
WL-B2F-4517,wall,3.0619,6.124,12.247,1.775
WL-B2F-4518,wall,0.3007,1.207,2.415,0.35
WL-B2F-4519,wall,1.8544,7.417,14.835,2.15
WL-B2F-4520,wall,1.7525,7.038,14.076,2.04
WL-B2F-4521,wall,5.4338,21.735,43.47,6.3
WL-B2F-4522,wall,0.1374,0.552,1.104,0.16
WL-B2F-4523,wall,2.5573,10.229,20.459,2.965
WL-B2F-4524,wall,3.9387,15.818,31.637,4.585
WL-B2F-4525,wall,1.2156,4.882,9.764,1.415
WL-B2F-4526,wall,2.2507,9.039,18.078,2.62
WL-B2F-4527,wall,1.1204,0.863,1.725,0.25
WL-B2F-4528,wall,0.452,2.26,4.52,0.655
WL-B2F-4529,wall,0.5382,2.691,5.382,0.78
WL-B2F-4530,wall,2.07,8.28,16.56,2.4
WL-B2F-4531,wall,0.3651,1.466,2.933,0.425
WL-B2F-4532,wall,0.5339,0.862,1.725,0.25
WL-B2F-4533,wall,1.2585,5.054,10.109,1.465
WL-B2F-4534,wall,3.9061,3.191,6.382,0.925
WL-B2F-4535,wall,1.7595,1.725,3.45,0.5
WL-B2F-4536,wall,2.2597,1.725,3.45,0.5
WL-B2F-4537,wall,1.0393,4.157,8.315,1.205
WL-B2F-4538,wall,1.6948,6.779,13.559,1.965
WL-B2F-4539,wall,1.3929,5.572,11.143,1.615
WL-B2F-4540,wall,6.3978,25.694,51.388,7.447
WL-B2F-4541,wall,0.4933,0.897,1.794,0.26
WL-B2F-4542,wall,0.5584,2.243,4.485,0.65
WL-B2F-4543,wall,0.5197,2.087,4.174,0.605
WL-B2F-4544,wall,2.139,8.556,17.112,2.48
WL-B2F-4545,wall,0.7926,0.862,1.725,0.25
WL-B2F-4546,wall,1.9586,7.866,15.732,2.28
WL-B2F-4547,wall,0.3651,1.466,2.933,0.425
WL-B2F-4548,wall,0.3661,1.113,2.225,0.322
WL-B2F-4549,wall,6.21,10.367,20.734,3.005
WL-B2F-4550,wall,3.105,3.45,6.9,1.0
WL-B2F-4551,wall,3.1019,2.872,5.744,0.832
WL-B2F-4552,wall,6.9178,11.549,23.098,3.347
WL-B2F-4553,wall,2.5233,2.07,4.14,0.6
WL-B2F-4554,wall,0.4497,2.26,4.52,0.655
WL-B2F-4555,wall,0.5382,2.691,5.382,0.78
WL-B2F-4556,wall,2.07,8.28,16.56,2.4
WL-B2F-4557,wall,0.5037,2.518,5.037,0.73
WL-B2F-4558,wall,1.2813,2.07,4.14,0.6
WL-B2F-4559,wall,8.5698,14.283,28.566,4.14
WL-B2F-4560,wall,2.5212,4.209,8.418,1.22
WL-B2F-4561,wall,1.5925,1.449,2.898,0.42
WL-B2F-4562,wall,0.9867,4.933,9.867,1.43
WL-B2F-4563,wall,2.5857,10.385,20.769,3.01
WL-B2F-4564,wall,0.4892,0.69,1.38,0.2
WL-B2F-4565,wall,3.0963,15.56,31.119,4.51
WL-B2F-4566,wall,2.8083,14.042,28.083,4.07
WL-B2F-4567,wall,0.5382,2.691,5.382,0.78
WL-B2F-4568,wall,0.4497,2.26,4.519,0.655
WL-B2F-4569,wall,2.2908,11.454,22.908,3.32
WL-B2F-4570,wall,2.07,8.28,16.56,2.4
WL-B2F-4571,wall,1.6991,6.797,13.593,1.97
WL-B2F-4572,wall,0.0,0.0,0.0,0.0
WL-B2F-4573,wall,0.0,0.0,0.0,0.0
WL-B2F-4574,wall,0.0,0.0,0.0,0.0
WL-B2F-4575,wall,0.0,0.0,0.0,0.0
WL-B2F-4576,wall,0.0,0.0,0.0,0.0
WL-B2F-4577,wall,1.0514,0.862,1.725,0.25
WL-B2F-4578,wall,0.0,0.0,0.0,0.0
WL-B2F-4579,wall,0.9651,0.863,1.725,0.25
WL-B2F-4580,wall,0.4725,1.897,3.795,0.55
WL-B2F-4581,wall,3.2292,6.21,12.42,1.8
WL-B2F-4582,wall,0.0,0.0,0.0,0.0
WL-B2F-4583,wall,0.0,0.0,0.0,0.0
WL-B2F-4584,wall,0.0,0.0,0.0,0.0
WL-B2F-4585,wall,0.0,0.0,0.0,0.0
WL-B2F-4586,wall,0.0,0.0,0.0,0.0
WL-B2F-4587,wall,1.0609,4.243,8.487,1.23
WL-B2F-4588,wall,0.2976,1.19,2.38,0.345
WL-B2F-4589,wall,0.0539,0.216,0.431,0.062
WL-B2F-4590,wall,0.7866,0.69,1.38,0.2
WL-B2F-4591,wall,0.7866,0.69,1.38,0.2
WL-B2F-4592,wall,0.7866,0.69,1.38,0.2
WL-B2F-4593,wall,0.69,0.863,1.725,0.25
WL-B2F-4594,wall,1.1812,4.744,9.487,1.375
WL-B2F-4595,wall,0.3651,1.466,2.933,0.425
WL-B2F-4596,wall,1.7595,1.725,3.45,0.5
WL-B2F-4597,wall,1.7595,1.725,3.45,0.5
WL-B2F-4598,wall,2.1045,1.725,3.45,0.5
WL-B2F-4599,wall,0.5363,1.63,3.26,0.472
WL-B2F-4600,wall,1.0393,4.157,8.315,1.205
WL-B2F-4601,wall,1.6948,6.779,13.558,1.965
WL-B2F-4602,wall,1.3874,5.572,11.143,1.615
WL-B2F-4603,wall,6.183,24.831,49.663,7.197
WL-B2F-4604,wall,0.4933,0.897,1.794,0.26
WL-B2F-4605,wall,1.9837,1.725,3.45,0.5
WL-B2F-4606,wall,1.119,2.242,4.485,0.65
WL-B2F-4607,wall,1.5008,1.725,3.45,0.5
WL-B2F-4608,wall,1.311,1.725,3.45,0.5
WL-B2F-4609,wall,20.5381,41.158,82.317,11.93
WL-B2F-4610,wall,1.38,5.52,11.04,1.6
WL-B2F-4611,wall,0.8625,3.45,6.9,1.0
WL-B2F-4612,wall,14.2521,14.041,28.083,4.07
WL-B2F-4613,wall,1.0309,4.14,8.28,1.2
WL-B2F-4614,wall,1.9303,1.725,3.45,0.5
WL-B2F-4615,wall,6.3822,5.882,11.765,1.705
WL-B2F-4616,wall,1.469,5.9,11.799,1.71
WL-B2F-4617,wall,0.2105,0.845,1.691,0.245
WL-B2F-4618,wall,0.9651,0.862,1.725,0.25
WL-B2F-4619,wall,0.4768,1.915,3.829,0.555
WL-B2F-4620,wall,1.804,7.245,14.49,2.1
WL-B2F-4621,wall,1.9277,7.711,15.422,2.235
WL-B2F-4622,wall,1.5853,1.725,3.45,0.5
WL-B2F-4623,wall,2.1028,1.725,3.45,0.5
WL-B2F-4624,wall,6.3525,12.73,25.461,3.69
WL-B2F-4625,wall,2.3098,2.984,5.969,0.865
WL-B2F-4626,wall,1.9751,1.725,3.45,0.5
WL-B2F-4627,wall,1.5698,3.14,6.279,0.91
WL-B2F-4628,wall,0.7926,0.863,1.725,0.25
WL-B2F-4629,wall,1.7912,2.76,5.52,0.8
WL-B2F-4630,wall,0.4528,1.811,3.623,0.525
WL-B2F-4631,wall,0.9664,3.881,7.762,1.125
WL-B2F-4632,wall,0.8789,0.863,1.725,0.25
WL-B2F-4633,wall,9.4072,12.904,25.809,3.74
WL-B2F-4634,wall,7.8667,13.587,27.173,3.938
WL-B2F-4635,wall,0.5197,2.087,4.175,0.605
WL-B2F-4636,wall,0.8522,1.708,3.416,0.495
WL-B2F-4637,wall,8.1247,16.249,32.499,4.71
WL-B2F-4638,wall,0.3007,1.208,2.415,0.35
WL-B2F-4639,wall,1.5741,6.296,12.592,1.825
WL-B2F-4640,wall,2.1821,8.729,17.457,2.53
WL-B2F-4641,wall,1.7525,7.038,14.076,2.04
WL-B2F-4642,wall,6.3822,5.882,11.764,1.705
WL-B2F-4643,wall,1.469,5.899,11.799,1.71
WL-B2F-4644,wall,11.8076,23.615,47.231,6.845
WL-B2F-4645,wall,1.242,1.725,3.45,0.5
WL-B2F-4646,wall,2.0375,3.14,6.279,0.91
WL-B2F-4647,wall,0.69,1.38,2.76,0.4
WL-B2F-4648,wall,1.725,3.45,6.9,1.0
WL-B2F-4649,wall,1.7595,1.725,3.45,0.5
WL-B2F-4650,wall,0.2717,0.543,1.087,0.157
WL-B2F-4651,wall,1.5697,3.139,6.279,0.91
WL-B2F-4652,wall,4.9753,9.971,19.941,2.89
WL-B2F-4653,wall,2.346,4.692,9.384,1.36
WL-B2F-4654,wall,2.7169,10.868,21.735,3.15
WL-B2F-4655,wall,7.2305,14.49,28.98,4.2
WL-B2F-4656,wall,0.8194,1.639,3.277,0.475
WL-B2F-4657,wall,1.0522,4.209,8.418,1.22
WL-B2F-4658,wall,2.2253,8.901,17.802,2.58
WL-B2F-4659,wall,1.8169,7.297,14.594,2.115
WL-B2F-4660,wall,0.408,1.639,3.277,0.475
WL-B2F-4661,wall,1.804,7.245,14.49,2.1
WL-B2F-4662,wall,3.5344,4.882,9.763,1.415
WL-B2F-4663,wall,0.7935,0.862,1.725,0.25
WL-B2F-4664,wall,1.0868,4.347,8.694,1.26
WL-B2F-4665,wall,1.5853,1.725,3.45,0.5
WL-B2F-4666,wall,2.1028,1.725,3.45,0.5
WL-B2F-4667,wall,2.0486,4.106,8.211,1.19
WL-B2F-4668,wall,1.3973,1.725,3.45,0.5
WL-B2F-4669,wall,1.3973,2.795,5.589,0.81
WL-B2F-4670,wall,3.1246,6.262,12.523,1.815
WL-B2F-4671,wall,1.731,6.952,13.903,2.015
WL-B2F-4672,wall,2.0357,8.143,16.286,2.36
WL-B2F-4673,wall,6.2013,12.403,24.805,3.595
WL-B2F-4674,wall,3.0158,12.112,24.223,3.511
WL-B2F-4675,wall,4.1454,3.191,6.383,0.925
WL-B2F-4676,wall,1.6129,6.452,12.904,1.87
WL-B2F-4677,wall,1.7379,6.952,13.903,2.015
WL-B2F-4678,wall,2.3546,9.418,18.837,2.73
WL-B2F-4679,wall,1.8539,7.445,14.891,2.158
WL-B2F-4680,wall,3.4759,13.959,27.919,4.046
WL-B2F-4681,wall,2.4952,5.0,10.001,1.449
WL-B2F-4682,wall,6.2104,12.446,24.891,3.607
WL-B2F-4683,wall,3.0068,5.02,10.039,1.455
WL-B2F-4684,wall,5.8892,9.815,19.631,2.845
WL-B2F-4685,wall,3.105,3.45,6.9,1.0
WL-B2F-4686,wall,3.9847,6.641,13.282,1.925
WL-B2F-4687,wall,6.9293,11.549,23.098,3.348
WL-B2F-4688,wall,1.221,1.63,3.26,0.473
WL-B2F-4689,wall,2.5254,2.07,4.14,0.6
WL-B2F-4690,wall,0.4497,2.26,4.52,0.655
WL-B2F-4691,wall,0.5355,2.691,5.382,0.78
WL-B2F-4692,wall,2.07,8.28,16.56,2.4
WL-B2F-4693,wall,0.5037,2.518,5.037,0.73
WL-B2F-4694,wall,1.2834,2.07,4.14,0.6
WL-B2F-4695,wall,1.9191,7.676,15.352,2.225
WL-B2F-4696,wall,1.2399,2.07,4.14,0.6
WL-B2F-4697,wall,9.8532,16.422,32.844,4.76
WL-B2F-4698,wall,1.4466,2.415,4.83,0.7
WL-B2F-4699,wall,7.038,11.73,23.46,3.4
WL-B2F-4700,wall,3.1527,12.661,25.323,3.67
WL-B2F-4701,wall,11.893,19.855,39.71,5.755
WL-B2F-4702,wall,3.105,3.45,6.9,1.0
WL-B2F-4703,wall,1.7164,6.866,13.731,1.99
WL-B2F-4704,wall,6.9178,11.549,23.098,3.347
WL-B2F-4705,wall,2.6889,2.07,4.14,0.6
WL-B2F-4706,wall,0.452,2.26,4.52,0.655
WL-B2F-4707,wall,0.5382,2.691,5.382,0.78
WL-B2F-4708,wall,2.07,8.28,16.56,2.4
WL-B2F-4709,wall,0.5037,2.519,5.037,0.73
WL-B2F-4710,wall,1.2399,2.07,4.14,0.6
WL-B2F-4711,wall,1.2813,2.07,4.14,0.6
WL-B2F-4712,wall,1.2585,5.054,10.108,1.465
WL-B2F-4713,wall,1.292,1.725,3.45,0.5
WL-B2F-4714,wall,2.2598,1.725,3.45,0.5
WL-B2F-4715,wall,1.0352,4.157,8.315,1.205
WL-B2F-4716,wall,1.6948,6.779,13.559,1.965
WL-B2F-4717,wall,1.3874,5.572,11.144,1.615
WL-B2F-4718,wall,0.4933,0.897,1.794,0.26
WL-B2F-4719,wall,1.2248,4.899,9.798,1.42
WL-B2F-4720,wall,0.991,0.863,1.725,0.25
WL-B2F-4721,wall,0.9919,3.967,7.935,1.15
WL-B2F-4722,wall,1.38,5.52,11.04,1.6
WL-B2F-4723,wall,0.8616,0.863,1.725,0.25
WL-B2F-4724,wall,5.5795,22.408,44.815,6.495
WL-B2F-4725,wall,0.3651,1.466,2.933,0.425
WL-B2F-4726,wall,0.5363,1.63,3.26,0.473
WL-B2F-4727,wall,11.118,18.561,37.122,5.38
WL-B2F-4728,wall,7.0263,11.73,23.46,3.4
WL-B2F-4729,wall,11.0952,18.492,36.984,5.36
WL-B2F-4730,wall,3.105,3.45,6.9,1.0
WL-B2F-4731,wall,0.5814,0.776,1.553,0.225
WL-B2F-4732,wall,6.9293,11.549,23.098,3.347
WL-B2F-4733,wall,2.5254,2.07,4.14,0.6
WL-B2F-4734,wall,0.4497,2.26,4.52,0.655
WL-B2F-4735,wall,0.5382,2.691,5.382,0.78
WL-B2F-4736,wall,2.07,8.28,16.56,2.4
WL-B2F-4737,wall,0.5012,2.519,5.037,0.73
WL-B2F-4738,wall,1.2834,2.07,4.14,0.6
WL-B2F-4739,wall,4.8944,19.656,39.313,5.697
WL-B2F-4740,wall,1.9622,7.849,15.697,2.275
WL-B2F-4741,wall,3.4177,2.734,5.468,0.792
WL-B2F-4742,wall,0.9703,3.881,7.763,1.125
WL-B2F-4743,wall,0.8798,0.863,1.725,0.25
WL-B2F-4744,wall,0.1639,0.656,1.311,0.19
WL-B2F-4745,wall,7.2191,14.438,28.876,4.185
WL-B2F-4746,wall,2.1175,4.244,8.487,1.23
WL-B2F-4747,wall,9.6945,19.389,38.778,5.62
WL-B2F-4748,wall,2.8786,2.303,4.606,0.667
WL-B2F-4749,wall,1.8673,7.469,14.939,2.165
WL-B2F-4750,wall,6.3822,5.882,11.765,1.705
WL-B2F-4751,wall,1.9147,7.659,15.318,2.22
WL-B2F-4752,wall,0.4252,1.708,3.415,0.495
WL-B2F-4753,wall,1.804,7.245,14.49,2.1
WL-B2F-4754,wall,0.5969,1.259,2.518,0.365
WL-B2F-4755,wall,1.587,1.725,3.45,0.5
WL-B2F-4756,wall,2.1028,1.725,3.45,0.5
WL-B2F-4757,wall,8.7044,7.504,15.008,2.175
WL-B2F-4758,wall,0.7926,0.862,1.725,0.25
WL-B2F-4759,wall,1.3788,5.537,11.074,1.605
WL-B2F-4760,wall,0.3651,1.466,2.933,0.425
WL-B2F-4761,wall,3.4625,3.191,6.382,0.925
WL-B2F-4762,wall,1.7578,1.725,3.45,0.5
WL-B2F-4763,wall,1.7578,1.725,3.45,0.5
WL-B2F-4764,wall,2.1028,1.725,3.45,0.5
WL-B2F-4765,wall,0.3672,1.113,2.225,0.322
WL-B2F-4766,wall,1.0352,4.157,8.315,1.205
WL-B2F-4767,wall,1.6948,6.779,13.558,1.965
WL-B2F-4768,wall,1.3929,5.572,11.143,1.615
WL-B2F-4769,wall,0.4934,0.897,1.794,0.26
WL-B2F-4770,wall,0.3277,1.311,2.622,0.38
WL-B2F-4771,wall,14.2959,14.085,28.169,4.083
WL-B2F-4772,wall,1.1168,4.485,8.97,1.3
WL-B2F-4773,wall,0.7866,0.69,1.38,0.2
WL-B2F-4774,wall,0.7859,0.69,1.38,0.2
WL-B2F-4775,wall,0.7866,0.69,1.38,0.2
WL-B2F-4776,wall,5.0048,20.019,40.039,5.803
WL-B2F-4777,wall,1.0341,0.863,1.725,0.25
WL-B2F-4778,wall,1.0341,0.863,1.725,0.25
WL-B2F-4779,wall,0.4097,1.639,3.277,0.475
WL-B2F-4780,wall,1.0626,0.949,1.898,0.275
WL-B2F-4781,wall,1.725,6.9,13.8,2.0
WL-B2F-4782,wall,1.0341,0.862,1.725,0.25
WL-B2F-4783,wall,0.0,0.0,0.0,0.0
WL-B2F-4784,wall,0.0,0.0,0.0,0.0
WL-B2F-4785,wall,1.587,1.725,3.45,0.5
WL-B2F-4786,wall,0.0,0.0,0.0,0.0
WL-B2F-4787,wall,5.2561,4.778,9.556,1.385
WL-B2F-4788,wall,0.1173,0.173,0.345,0.05
WL-B2F-4789,wall,0.7913,3.165,6.331,0.918
WL-B2F-4790,wall,12.8016,14.24,28.48,4.127
WL-B2F-4791,wall,1.3864,2.95,5.899,0.855
WL-B2F-4792,wall,0.0,0.0,0.0,0.0
WL-B2F-4793,wall,25.9408,22.002,44.005,6.378
WL-B2F-4794,wall,0.0,0.0,0.0,0.0
WL-B2F-4795,wall,0.0,0.0,0.0,0.0
WL-B2F-4796,wall,0.0,0.0,0.0,0.0
WL-B2F-4797,wall,0.0,0.0,0.0,0.0
WL-B2F-4798,wall,0.0,0.0,0.0,0.0
WL-B2F-4799,wall,0.0,0.0,0.0,0.0
WL-B2F-4800,wall,9.3098,18.113,36.225,5.25
WL-B2F-4801,wall,13.6347,27.324,54.648,7.92
WL-B2F-4802,wall,0.2976,1.19,2.381,0.345
WL-B2F-4803,wall,0.994,3.976,7.952,1.152
WL-B2F-4804,wall,2.5986,10.436,20.872,3.025
WL-B2F-4805,wall,2.8907,11.609,23.219,3.365
WL-B2F-4806,wall,0.966,0.863,1.725,0.25
WL-B2F-4807,wall,0.4229,1.415,2.829,0.41
WL-B2F-4808,wall,0.1078,0.431,0.862,0.125
WL-B2F-4809,wall,0.0,0.0,0.0,0.0
WL-B2F-4810,wall,0.7935,0.862,1.725,0.25
WL-B2F-4811,wall,0.0,0.0,0.0,0.0
WL-B2F-4812,wall,0.1078,0.431,0.863,0.125
WL-B2F-4813,wall,0.1074,0.431,0.863,0.125
WL-B2F-4814,wall,1.0522,0.862,1.725,0.25
WL-B2F-4815,wall,1.3458,2.863,5.727,0.83
WL-B2F-4816,wall,0.4725,1.898,3.795,0.55
WL-B2F-4817,wall,0.0,0.0,0.0,0.0
WL-B2F-4818,wall,0.0,0.0,0.0,0.0
WL-B2F-4819,wall,30.5575,25.918,51.836,7.512
WL-B2F-4820,wall,0.0,0.0,0.0,0.0
WL-B2F-4821,wall,0.0,0.0,0.0,0.0
WL-B2F-4822,wall,0.0,0.0,0.0,0.0
WL-B2F-4823,wall,0.0,0.0,0.0,0.0
WL-B2F-4824,wall,0.0,0.0,0.0,0.0
WL-B2F-4825,wall,0.0,0.0,0.0,0.0
WL-B2F-4826,wall,0.335,1.345,2.691,0.39
WL-B2F-4827,wall,1.0609,4.243,8.487,1.23
WL-B2F-4828,wall,1.33,2.588,5.175,0.75
WL-B2F-4829,wall,1.6301,6.521,13.041,1.89
WL-B2F-4830,wall,1.2506,5.003,10.005,1.45
WL-B2F-4831,wall,0.2976,1.19,2.381,0.345
WL-B2F-4832,wall,0.994,3.976,7.952,1.152
WL-B2F-4833,wall,2.5986,10.436,20.872,3.025
WL-B2F-4834,wall,2.8907,11.609,23.219,3.365
WL-B2F-4835,wall,0.9651,0.863,1.725,0.25
WL-B2F-4836,wall,1.1859,4.744,9.487,1.375
WL-B2F-4837,wall,5.6128,4.252,8.504,1.232
WL-B2F-4838,wall,0.3666,1.466,2.933,0.425
WL-B2F-4839,wall,0.8798,0.863,1.725,0.25
WL-B2F-4840,wall,0.2329,0.931,1.863,0.27
WL-B2F-4841,wall,0.399,0.776,1.553,0.225
WL-B2F-4842,wall,0.8841,0.776,1.553,0.225
WL-B2F-4843,wall,0.8754,3.502,7.003,1.015
WL-B2F-4844,wall,0.335,1.345,2.691,0.39
WL-B2F-4845,wall,1.0393,4.157,8.314,1.205
WL-B2F-4846,wall,1.688,6.779,13.558,1.965
WL-B2F-4847,wall,1.3874,5.572,11.143,1.615
WL-B2F-4848,wall,6.3978,25.694,51.388,7.447
WL-B2F-4849,wall,0.4933,0.897,1.794,0.26
WL-B2F-4850,wall,0.991,0.862,1.725,0.25
WL-B2F-4851,wall,1.5827,6.331,12.662,1.835
WL-B2F-4852,wall,1.2284,4.934,9.867,1.43
WL-B2F-4853,wall,0.7504,0.863,1.725,0.25
WL-B2F-4854,wall,0.9879,3.967,7.935,1.15
WL-B2F-4855,wall,0.6555,0.863,1.725,0.25
WL-B2F-4856,wall,0.7504,3.002,6.003,0.87
WL-B2F-4857,wall,0.6555,2.622,5.244,0.76
WL-B2F-4858,wall,1.2199,4.899,9.798,1.42
WL-B2F-4859,wall,1.38,5.52,11.04,1.6
WL-B2F-4860,wall,2.139,8.556,17.112,2.48
WL-B2F-4861,wall,0.7926,0.863,1.725,0.25
WL-B2F-4862,wall,2.5536,2.398,4.795,0.695
WL-B2F-4863,wall,1.804,7.245,14.49,2.1
WL-B2F-4864,wall,0.345,0.69,1.38,0.2
WL-B2F-4865,wall,13.11,32.775,65.55,9.5
WL-B2F-4866,wall,0.9703,3.881,7.763,1.125
WL-B2F-4867,wall,0.9867,4.934,9.867,1.43
WL-B2F-4868,wall,5.9719,9.953,19.906,2.885
WL-B2F-4869,wall,0.5348,0.863,1.725,0.25
WL-B2F-4870,wall,1.1213,0.863,1.725,0.25
WL-B2F-4871,wall,0.5355,2.691,5.382,0.78
WL-B2F-4872,wall,0.4497,2.26,4.519,0.655
WL-B2F-4873,wall,2.0214,1.984,3.968,0.575
WL-B2F-4874,wall,1.7207,6.883,13.766,1.995
WL-B2F-4875,wall,0.0,0.0,0.0,0.0
WL-B2F-4876,wall,3.4758,6.098,12.196,1.767
WL-B2F-4877,wall,1.2938,5.175,10.35,1.5
WL-B2F-4878,wall,0.9867,4.934,9.867,1.43
WL-B2F-4879,wall,2.5857,10.384,20.769,3.01
WL-B2F-4880,wall,0.4278,0.69,1.38,0.2
WL-B2F-4881,wall,0.897,0.69,1.38,0.2
WL-B2F-4882,wall,3.0963,15.56,31.119,4.51
WL-B2F-4883,wall,0.5355,2.691,5.382,0.78
WL-B2F-4884,wall,0.4497,2.26,4.519,0.655
WL-B2F-4885,wall,2.0214,1.984,3.968,0.575
WL-B2F-4886,wall,1.6991,6.797,13.593,1.97
WL-B2F-4887,wall,0.8237,3.295,6.589,0.955
WL-B2F-4888,wall,0.621,0.863,1.725,0.25
WL-B2F-4889,wall,0.621,2.484,4.968,0.72
WL-B2F-4890,wall,0.8616,0.862,1.725,0.25
WL-B2F-4891,wall,3.1654,12.662,25.323,3.67
WL-B2F-4892,wall,1.035,4.14,8.28,1.2
WL-B2F-4893,wall,0.8798,0.863,1.725,0.25
WL-B2F-4894,wall,10.9102,9.099,18.199,2.638
WL-B2F-4895,wall,0.6296,2.518,5.037,0.73
WL-B2F-4896,wall,0.4269,1.708,3.416,0.495
WL-B2F-4897,wall,1.0609,4.244,8.487,1.23
WL-B2F-4898,wall,0.552,2.208,4.416,0.64
WL-B2F-4899,wall,2.6436,10.574,21.149,3.065
WL-B2F-4900,wall,0.3019,1.208,2.415,0.35
WL-B2F-4901,wall,1.8598,7.469,14.939,2.165
WL-B2F-4902,wall,15.172,13.559,27.117,3.93
WL-B2F-4903,wall,3.3594,13.438,26.876,3.895
WL-B2F-4904,wall,0.4269,1.708,3.415,0.495
WL-B2F-4905,wall,0.7935,0.863,1.725,0.25
WL-B2F-4906,wall,0.3105,1.242,2.484,0.36
WL-B2F-4907,wall,1.0523,0.863,1.725,0.25
WL-B2F-4908,wall,1.1342,4.537,9.073,1.315
WL-B2F-4909,wall,3.4217,2.95,5.899,0.855
WL-B2F-4910,wall,0.8927,3.571,7.142,1.035
WL-B2F-4911,wall,0.7935,0.863,1.725,0.25
WL-B2F-4912,wall,0.2276,0.914,1.829,0.265
WL-B2F-4913,wall,2.4784,9.953,19.906,2.885
WL-B2F-4914,wall,3.9546,15.818,31.637,4.585
WL-B2F-4915,wall,1.2204,4.882,9.763,1.415
WL-B2F-4916,wall,2.5422,10.169,20.338,2.948
WL-B2F-4917,wall,1.0523,0.863,1.725,0.25
WL-B2F-4918,wall,0.452,2.26,4.52,0.655
WL-B2F-4919,wall,0.5382,2.691,5.382,0.78
WL-B2F-4920,wall,2.07,8.28,16.56,2.4
WL-B2F-4921,wall,0.3651,1.466,2.933,0.425
WL-B2F-4922,wall,0.5339,0.862,1.725,0.25
WL-B2F-4923,wall,0.5391,2.156,4.313,0.625
WL-B2F-4924,wall,1.9234,7.694,15.387,2.23
WL-B2F-4925,wall,5.5674,22.27,44.54,6.455
WL-B2F-4926,wall,0.2415,0.241,0.483,0.07
WL-B2F-4927,wall,0.1954,0.785,1.57,0.228
WL-B2F-4928,wall,7.0078,28.031,56.063,8.125
WL-B2F-4929,wall,2.1519,4.304,8.608,1.248
WL-B2F-4930,wall,0.1078,0.431,0.862,0.125
WL-B2F-4931,wall,0.3364,1.346,2.691,0.39
WL-B2F-4932,wall,0.0,0.0,0.0,0.0
WL-B2F-4933,wall,0.7935,0.862,1.725,0.25
WL-B2F-4934,wall,0.0,0.0,0.0,0.0
WL-B2F-4935,wall,0.1078,0.431,0.862,0.125
WL-B2F-4936,wall,1.1333,2.518,5.037,0.73
WL-B2F-4937,wall,0.058,0.233,0.466,0.067
WL-B2F-4938,wall,1.0522,0.862,1.725,0.25
WL-B2F-4939,wall,1.1385,0.863,1.725,0.25
WL-B2F-4940,wall,0.4725,1.898,3.795,0.55
WL-B2F-4941,wall,3.223,6.21,12.42,1.8
WL-B2F-4942,wall,0.0,0.0,0.0,0.0
WL-B2F-4943,wall,29.744,25.228,50.456,7.313
WL-B2F-4944,wall,0.0,0.0,0.0,0.0
WL-B2F-4945,wall,0.0,0.0,0.0,0.0
WL-B2F-4946,wall,0.0,0.0,0.0,0.0
WL-B2F-4947,wall,0.0,0.0,0.0,0.0
WL-B2F-4948,wall,0.0,0.0,0.0,0.0
WL-B2F-4949,wall,0.0,0.0,0.0,0.0
WL-B2F-4950,wall,1.0609,4.243,8.487,1.23
WL-B2F-4951,wall,5.6323,10.936,21.873,3.17
WL-B2F-4952,wall,1.6301,6.521,13.041,1.89
WL-B2F-4953,wall,1.2506,5.003,10.005,1.45
WL-B2F-4954,wall,0.1768,0.707,1.415,0.205
WL-B2F-4955,wall,12.3736,24.797,49.594,7.188
WL-B2F-4956,wall,0.9237,2.053,4.106,0.595
WL-B2F-4957,wall,0.1078,0.431,0.862,0.125
WL-B2F-4958,wall,0.0,0.0,0.0,0.0
WL-B2F-4959,wall,0.7935,0.862,1.725,0.25
WL-B2F-4960,wall,0.0,0.0,0.0,0.0
WL-B2F-4961,wall,0.1078,0.431,0.863,0.125
WL-B2F-4962,wall,0.058,0.233,0.466,0.067
WL-B2F-4963,wall,1.0522,0.862,1.725,0.25
WL-B2F-4964,wall,1.1385,0.863,1.725,0.25
WL-B2F-4965,wall,3.4983,6.727,13.455,1.95
WL-B2F-4966,wall,0.0,0.0,0.0,0.0
WL-B2F-4967,wall,29.2355,24.797,49.594,7.188
WL-B2F-4968,wall,0.0,0.0,0.0,0.0
WL-B2F-4969,wall,0.0,0.0,0.0,0.0
WL-B2F-4970,wall,0.0,0.0,0.0,0.0
WL-B2F-4971,wall,0.0,0.0,0.0,0.0
WL-B2F-4972,wall,0.0,0.0,0.0,0.0
WL-B2F-4973,wall,0.0,0.0,0.0,0.0
WL-B2F-4974,wall,1.0609,4.243,8.487,1.23
WL-B2F-4975,wall,7.9177,14.663,29.325,4.25
WL-B2F-4976,wall,1.6301,6.521,13.041,1.89
WL-B2F-4977,wall,1.2456,5.003,10.005,1.45
WL-B2F-4978,wall,0.1768,0.707,1.415,0.205
WL-B2F-4979,wall,12.804,25.659,51.319,7.438
WL-B2F-4980,wall,0.7866,0.69,1.38,0.2
WL-B2F-4981,wall,1.6991,6.796,13.593,1.97
WL-B2F-4982,wall,0.7866,0.69,1.38,0.2
WL-B2F-4983,wall,0.7866,0.69,1.38,0.2
WL-B2F-4984,wall,7.8526,19.681,39.361,5.705
WL-B2F-4985,wall,6.327,31.635,63.27,9.17
WL-B2F-4986,wall,0.1201,0.604,1.207,0.175
WL-B2F-4987,wall,1.9349,9.723,19.447,2.818
WL-B2F-4988,wall,5.0805,25.53,51.06,7.4
WL-B2F-4989,wall,3.5174,17.676,35.351,5.123
WL-B2F-4990,wall,4.7017,23.509,47.017,6.814
WL-B2F-4991,wall,1.1456,5.757,11.513,1.669
WL-B2F-4992,wall,3.0165,15.082,30.165,4.372
WL-B2F-4993,wall,0.2019,0.811,1.621,0.235
WL-B2F-4994,wall,0.3234,1.294,2.588,0.375
WL-B2F-4995,wall,1.1812,4.744,9.487,1.375
WL-B2F-4996,wall,1.1385,0.863,1.725,0.25
WL-B2F-4997,wall,0.3234,1.294,2.588,0.375
WL-B2F-4998,wall,0.8798,0.863,1.725,0.25
WL-B2F-4999,wall,0.451,1.811,3.622,0.525
WL-B2F-5000,wall,0.8798,0.863,1.725,0.25
WL-B2F-5001,wall,0.3998,0.776,1.553,0.225
WL-B2F-5002,wall,0.8841,0.776,1.552,0.225
WL-B2F-5003,wall,0.8719,3.502,7.003,1.015
WL-B2F-5004,wall,0.345,1.38,2.76,0.4
WL-B2F-5005,wall,0.3364,1.345,2.691,0.39
WL-B2F-5006,wall,1.0522,0.862,1.725,0.25
WL-B2F-5007,wall,1.2506,5.002,10.005,1.45
WL-B2F-5008,wall,0.3623,0.863,1.725,0.25
WL-B2F-5009,wall,1.0264,4.105,8.211,1.19
WL-B2F-5010,wall,0.69,2.76,5.52,0.8
WL-B2F-5011,wall,1.587,6.348,12.696,1.84
WL-B2F-5012,wall,1.4253,5.701,11.402,1.653
WL-B2F-5013,wall,5.412,21.735,43.47,6.3
WL-B2F-5014,wall,0.4485,0.897,1.794,0.26
WL-B2F-5015,wall,0.179,0.716,1.432,0.207
WL-B2F-5016,wall,0.991,0.862,1.725,0.25
WL-B2F-5017,wall,0.5476,2.199,4.399,0.638
WL-B2F-5018,wall,0.7504,0.863,1.725,0.25
WL-B2F-5019,wall,0.9879,3.967,7.935,1.15
WL-B2F-5020,wall,0.6555,0.863,1.725,0.25
WL-B2F-5021,wall,0.7504,3.002,6.003,0.87
WL-B2F-5022,wall,0.6555,2.622,5.244,0.76
WL-B2F-5023,wall,1.007,4.028,8.056,1.167
WL-B2F-5024,wall,1.38,5.52,11.04,1.6
WL-B2F-5025,wall,2.1304,8.556,17.112,2.48
WL-B2F-5026,wall,0.7926,0.862,1.725,0.25
WL-B2F-5027,wall,2.5536,2.398,4.795,0.695
WL-B2F-5028,wall,1.804,7.245,14.49,2.1
WL-B2F-5029,wall,0.1078,0.431,0.863,0.125
WL-B2F-5030,wall,1.0991,4.396,8.792,1.274
WL-B2F-5031,wall,0.7935,0.862,1.725,0.25
WL-B2F-5032,wall,0.0,0.0,0.0,0.0
WL-B2F-5033,wall,0.1074,0.431,0.863,0.125
WL-B2F-5034,wall,1.1605,2.579,5.158,0.747
WL-B2F-5035,wall,0.073,0.293,0.586,0.085
WL-B2F-5036,wall,1.0522,0.862,1.725,0.25
WL-B2F-5037,wall,0.0,0.0,0.0,0.0
WL-B2F-5038,wall,1.1385,0.863,1.725,0.25
WL-B2F-5039,wall,0.1294,0.517,1.035,0.15
WL-B2F-5040,wall,0.4744,1.898,3.795,0.55
WL-B2F-5041,wall,0.0,0.0,0.0,0.0
WL-B2F-5042,wall,0.0,0.0,0.0,0.0
WL-B2F-5043,wall,0.0,0.0,0.0,0.0
WL-B2F-5044,wall,0.0,0.0,0.0,0.0
WL-B2F-5045,wall,0.0,0.0,0.0,0.0
WL-B2F-5046,wall,0.0,0.0,0.0,0.0
WL-B2F-5047,wall,0.0,0.0,0.0,0.0
WL-B2F-5048,wall,0.8805,3.536,7.072,1.025
WL-B2F-5049,wall,3.462,13.904,27.807,4.03
WL-B2F-5050,wall,1.2506,5.003,10.005,1.45
WL-B2F-5051,wall,0.0539,0.216,0.431,0.062
WL-B2F-5052,wall,0.1768,0.707,1.414,0.205
WL-B2F-5053,wall,2.5986,10.436,20.872,3.025
WL-B2F-5054,wall,3.1055,12.472,24.943,3.615
WL-B2F-5055,wall,0.3672,1.475,2.95,0.428
WL-B2F-5056,wall,1.1212,4.485,8.97,1.3
WL-B2F-5057,wall,0.8194,3.278,6.555,0.95
WL-B2F-5058,wall,0.8676,3.485,6.969,1.01
WL-B2F-5059,wall,1.5205,6.107,12.213,1.77
WL-B2F-5060,wall,0.1078,0.431,0.862,0.125
WL-B2F-5061,wall,0.2169,0.871,1.742,0.252
WL-B2F-5062,wall,0.0,0.0,0.0,0.0
WL-B2F-5063,wall,0.7935,0.862,1.725,0.25
WL-B2F-5064,wall,0.0,0.0,0.0,0.0
WL-B2F-5065,wall,0.1074,0.431,0.863,0.125
WL-B2F-5066,wall,1.1605,2.579,5.158,0.747
WL-B2F-5067,wall,0.073,0.293,0.586,0.085
WL-B2F-5068,wall,1.0522,0.862,1.725,0.25
WL-B2F-5069,wall,0.0,0.0,0.0,0.0
WL-B2F-5070,wall,1.1376,0.863,1.725,0.25
WL-B2F-5071,wall,0.1294,0.517,1.035,0.15
WL-B2F-5072,wall,0.4725,1.898,3.795,0.55
WL-B2F-5073,wall,0.0,0.0,0.0,0.0
WL-B2F-5074,wall,0.0,0.0,0.0,0.0
WL-B2F-5075,wall,0.0,0.0,0.0,0.0
WL-B2F-5076,wall,0.0,0.0,0.0,0.0
WL-B2F-5077,wall,0.0,0.0,0.0,0.0
WL-B2F-5078,wall,1.0609,4.243,8.487,1.23
WL-B2F-5079,wall,0.665,1.294,2.588,0.375
WL-B2F-5080,wall,1.6301,6.521,13.041,1.89
WL-B2F-5081,wall,1.2506,5.002,10.005,1.45
WL-B2F-5082,wall,0.1761,0.707,1.414,0.205
WL-B2F-5083,wall,0.0431,0.172,0.345,0.05
WL-B2F-5084,wall,2.5986,10.436,20.872,3.025
WL-B2F-5085,wall,0.2027,0.811,1.621,0.235
WL-B2F-5086,wall,0.8517,3.407,6.814,0.987
WL-B2F-5087,wall,6.4515,25.91,51.819,7.51
WL-B2F-5088,wall,4.2543,17.017,34.034,4.932
WL-B2F-5089,wall,7.2656,29.179,58.358,8.458
WL-B2F-5090,wall,1.3876,5.55,11.1,1.609
WL-B2F-5091,wall,0.8203,3.294,6.588,0.955
WL-B2F-5092,wall,0.262,1.052,2.105,0.305
WL-B2F-5093,wall,0.376,1.504,3.008,0.436
WL-B2F-5094,wall,6.7764,27.106,54.211,7.857
WL-B2F-5095,wall,1.3101,5.261,10.522,1.525
WL-B2F-5096,wall,0.9867,4.933,9.867,1.43
WL-B2F-5097,wall,3.1119,15.559,31.119,4.51
WL-B2F-5098,wall,2.6177,10.471,20.941,3.035
WL-B2F-5099,wall,0.5339,0.862,1.725,0.25
WL-B2F-5100,wall,1.0523,0.863,1.725,0.25
WL-B2F-5101,wall,3.492,14.024,28.049,4.065
WL-B2F-5102,wall,9.8003,8.383,16.767,2.43
WL-B2F-5103,wall,0.5355,2.691,5.382,0.78
WL-B2F-5104,wall,0.4519,2.26,4.519,0.655
WL-B2F-5105,wall,2.3029,9.212,18.423,2.67
WL-B2F-5106,wall,1.4303,5.744,11.489,1.665
WL-B2F-5107,wall,2.0617,8.28,16.56,2.4
WL-B2F-5108,wall,1.7854,7.141,14.283,2.07
WL-B2F-5109,wall,1.7207,6.883,13.766,1.995
WL-B2F-5110,wall,2.5428,10.212,20.424,2.96
WL-B2F-5111,wall,1.5309,6.124,12.248,1.775
WL-B2F-5112,wall,0.2243,0.897,1.794,0.26
WL-B2F-5113,wall,6.765,27.169,54.338,7.875
WL-B2F-5114,wall,0.0,0.0,0.0,0.0
WL-B2F-5115,wall,0.0,0.0,0.0,0.0
WL-B2F-5116,wall,0.7866,0.69,1.38,0.2
WL-B2F-5117,wall,4.0408,16.163,32.327,4.685
WL-B2F-5118,wall,2.7255,10.902,21.804,3.16
WL-B2F-5119,wall,2.2422,2.312,4.623,0.67
WL-B2F-5120,wall,3.0705,15.352,30.705,4.45
WL-B2F-5121,wall,2.2388,3.347,6.693,0.97
WL-B2F-5122,wall,0.9867,4.934,9.867,1.43
WL-B2F-5123,wall,0.5382,2.691,5.382,0.78
WL-B2F-5124,wall,1.9363,7.745,15.491,2.245
WL-B2F-5125,wall,2.07,8.28,16.56,2.4
WL-B2F-5126,wall,0.3968,1.587,3.174,0.46
WL-B2F-5127,wall,2.8635,11.454,22.908,3.32
WL-B2F-5128,wall,2.6608,10.643,21.287,3.085
WL-B2F-5129,wall,0.4519,2.26,4.519,0.655
WL-B2F-5130,wall,10.616,9.073,18.147,2.63
WL-B2F-5131,wall,1.1213,0.863,1.725,0.25
WL-B2F-5132,wall,2.5471,10.229,20.458,2.965
WL-B2F-5133,wall,0.5348,0.863,1.725,0.25
WL-B2F-5134,wall,0.4338,1.742,3.484,0.505
WL-B2F-5135,wall,2.82,2.312,4.623,0.67
WL-B2F-5136,wall,1.2027,4.83,9.66,1.4
WL-B2F-5137,wall,0.9867,4.933,9.867,1.43
WL-B2F-5138,wall,3.1119,15.56,31.119,4.51
WL-B2F-5139,wall,2.4998,10.04,20.079,2.91
WL-B2F-5140,wall,0.5347,0.862,1.725,0.25
WL-B2F-5141,wall,1.1212,0.862,1.725,0.25
WL-B2F-5142,wall,3.1914,12.817,25.634,3.715
WL-B2F-5143,wall,9.8087,8.383,16.767,2.43
WL-B2F-5144,wall,0.5355,2.691,5.382,0.78
WL-B2F-5145,wall,0.4497,2.26,4.519,0.655
WL-B2F-5146,wall,1.4792,5.917,11.834,1.715
WL-B2F-5147,wall,1.5137,6.055,12.109,1.755
WL-B2F-5148,wall,0.6469,2.587,5.175,0.75
WL-B2F-5149,wall,2.0617,8.28,16.56,2.4
WL-B2F-5150,wall,1.7854,7.142,14.283,2.07
WL-B2F-5151,wall,1.7207,6.883,13.766,1.995
WL-B2F-5152,wall,1.5309,6.124,12.248,1.775
WL-B2F-5153,wall,2.5428,10.212,20.424,2.96
WL-B2F-5154,wall,0.0,0.0,0.0,0.0
WL-B2F-5155,wall,0.0,0.0,0.0,0.0
WL-B2F-5156,wall,0.1078,0.431,0.862,0.125
WL-B2F-5157,wall,0.207,0.828,1.656,0.24
WL-B2F-5158,wall,0.0,0.0,0.0,0.0
WL-B2F-5159,wall,0.7926,0.862,1.725,0.25
WL-B2F-5160,wall,0.1078,0.431,0.863,0.125
WL-B2F-5161,wall,1.0246,2.277,4.554,0.66
WL-B2F-5162,wall,0.058,0.233,0.466,0.067
WL-B2F-5163,wall,1.0514,0.862,1.725,0.25
WL-B2F-5164,wall,0.1078,0.431,0.862,0.125
WL-B2F-5165,wall,0.0215,0.086,0.173,0.025
WL-B2F-5166,wall,0.4744,1.898,3.795,0.55
WL-B2F-5167,wall,0.0,0.0,0.0,0.0
WL-B2F-5168,wall,0.0,0.0,0.0,0.0
WL-B2F-5169,wall,0.0,0.0,0.0,0.0
WL-B2F-5170,wall,0.0,0.0,0.0,0.0
WL-B2F-5171,wall,0.0,0.0,0.0,0.0
WL-B2F-5172,wall,1.9406,7.762,15.525,2.25
WL-B2F-5173,wall,7.3149,14.231,28.463,4.125
WL-B2F-5174,wall,1.5094,6.037,12.075,1.75
WL-B2F-5175,wall,1.1299,4.52,9.039,1.31
WL-B2F-5176,wall,0.0647,0.259,0.518,0.075
WL-B2F-5177,wall,1.8598,7.469,14.938,2.165
WL-B2F-5178,wall,4.2799,3.295,6.589,0.955
WL-B2F-5179,wall,0.1078,0.431,0.862,0.125
WL-B2F-5180,wall,0.2062,0.828,1.656,0.24
WL-B2F-5181,wall,0.0,0.0,0.0,0.0
WL-B2F-5182,wall,0.7935,0.862,1.725,0.25
WL-B2F-5183,wall,0.0,0.0,0.0,0.0
WL-B2F-5184,wall,0.1078,0.431,0.863,0.125
WL-B2F-5185,wall,1.1333,2.518,5.037,0.73
WL-B2F-5186,wall,0.058,0.233,0.466,0.067
WL-B2F-5187,wall,1.0522,0.862,1.725,0.25
WL-B2F-5188,wall,0.0,0.0,0.0,0.0
WL-B2F-5189,wall,0.9651,0.863,1.725,0.25
WL-B2F-5190,wall,0.0215,0.086,0.173,0.025
WL-B2F-5191,wall,0.4744,1.897,3.795,0.55
WL-B2F-5192,wall,0.0,0.0,0.0,0.0
WL-B2F-5193,wall,0.0,0.0,0.0,0.0
WL-B2F-5194,wall,0.0,0.0,0.0,0.0
WL-B2F-5195,wall,0.0,0.0,0.0,0.0
WL-B2F-5196,wall,0.0,0.0,0.0,0.0
WL-B2F-5197,wall,1.0609,4.243,8.487,1.23
WL-B2F-5198,wall,8.0407,14.231,28.462,4.125
WL-B2F-5199,wall,1.6301,6.521,13.041,1.89
WL-B2F-5200,wall,1.2456,5.002,10.005,1.45
WL-B2F-5201,wall,0.2976,1.19,2.381,0.345
WL-B2F-5202,wall,0.0539,0.216,0.431,0.063
WL-B2F-5203,wall,0.5498,2.199,4.399,0.638
WL-B2F-5204,wall,0.6185,2.484,4.968,0.72
WL-B2F-5205,wall,1.2413,4.985,9.971,1.445
WL-B2F-5206,wall,1.3843,5.537,11.074,1.605
WL-B2F-5207,wall,0.9651,0.863,1.725,0.25
WL-B2F-5208,wall,0.4528,1.811,3.623,0.525
WL-B2F-5209,wall,3.4625,3.191,6.383,0.925
WL-B2F-5210,wall,0.8789,0.863,1.725,0.25
WL-B2F-5211,wall,2.2035,8.849,17.699,2.565
WL-B2F-5212,wall,0.8798,0.863,1.725,0.25
WL-B2F-5213,wall,0.3998,0.776,1.553,0.225
WL-B2F-5214,wall,0.8849,0.776,1.553,0.225
WL-B2F-5215,wall,0.8754,3.502,7.004,1.015
WL-B2F-5216,wall,0.4295,1.725,3.45,0.5
WL-B2F-5217,wall,0.335,1.345,2.691,0.39
WL-B2F-5218,wall,1.0523,0.863,1.725,0.25
WL-B2F-5219,wall,2.3029,9.212,18.423,2.67
WL-B2F-5220,wall,0.3614,0.863,1.725,0.25
WL-B2F-5221,wall,1.6794,6.745,13.489,1.955
WL-B2F-5222,wall,1.5807,6.348,12.696,1.84
WL-B2F-5223,wall,1.4196,5.701,11.402,1.653
WL-B2F-5224,wall,0.583,0.897,1.794,0.26
WL-B2F-5225,wall,0.2221,0.888,1.777,0.258
WL-B2F-5226,wall,0.991,0.862,1.725,0.25
WL-B2F-5227,wall,0.5476,2.199,4.399,0.637
WL-B2F-5228,wall,0.7495,0.863,1.725,0.25
WL-B2F-5229,wall,0.9879,3.967,7.935,1.15
WL-B2F-5230,wall,0.6555,0.863,1.725,0.25
WL-B2F-5231,wall,0.7504,3.001,6.003,0.87
WL-B2F-5232,wall,0.6555,2.622,5.244,0.76
WL-B2F-5233,wall,0.7195,2.889,5.779,0.837
WL-B2F-5234,wall,0.8956,3.597,7.193,1.043
WL-B2F-5235,wall,1.38,5.52,11.04,1.6
WL-B2F-5236,wall,2.139,8.556,17.112,2.48
WL-B2F-5237,wall,0.7926,0.863,1.725,0.25
WL-B2F-5238,wall,2.5512,2.398,4.795,0.695
WL-B2F-5239,wall,1.804,7.245,14.49,2.1
WL-B2F-5240,wall,0.1811,0.362,0.724,0.105
WL-B2F-5241,wall,4.2953,17.25,34.5,5.0
WL-B2F-5242,wall,0.7859,0.69,1.38,0.2
WL-B2F-5243,wall,0.7859,0.69,1.38,0.2
WL-B2F-5244,wall,0.6142,2.467,4.934,0.715
WL-B2F-5245,wall,1.292,1.725,3.45,0.5
WL-B2F-5246,wall,1.3788,5.537,11.074,1.605
WL-B2F-5247,wall,0.966,0.862,1.725,0.25
WL-B2F-5248,wall,0.4528,1.811,3.623,0.525
WL-B2F-5249,wall,3.4625,3.191,6.382,0.925
WL-B2F-5250,wall,1.7578,1.725,3.45,0.5
WL-B2F-5251,wall,1.7578,1.725,3.45,0.5
WL-B2F-5252,wall,13.1531,26.306,52.612,7.625
WL-B2F-5253,wall,2.1045,1.725,3.45,0.5
WL-B2F-5254,wall,0.7228,1.725,3.45,0.5
WL-B2F-5255,wall,0.8366,3.347,6.693,0.97
WL-B2F-5256,wall,1.5807,6.348,12.696,1.84
WL-B2F-5257,wall,1.4253,5.701,11.402,1.652
WL-B2F-5258,wall,5.4337,21.735,43.47,6.3
WL-B2F-5259,wall,0.583,0.897,1.794,0.26
WL-B2F-5260,wall,0.2212,0.888,1.777,0.257
WL-B2F-5261,wall,0.5476,2.199,4.399,0.637
WL-B2F-5262,wall,0.7504,0.863,1.725,0.25
WL-B2F-5263,wall,0.4811,1.932,3.864,0.56
WL-B2F-5264,wall,0.6546,0.863,1.725,0.25
WL-B2F-5265,wall,0.7504,3.002,6.003,0.87
WL-B2F-5266,wall,0.6555,2.622,5.244,0.76
WL-B2F-5267,wall,1.1816,4.726,9.453,1.37
WL-B2F-5268,wall,1.38,5.52,11.04,1.6
WL-B2F-5269,wall,2.139,8.556,17.112,2.48
WL-B2F-5270,wall,0.7926,0.863,1.725,0.25
WL-B2F-5271,wall,13.9932,13.8,27.6,4.0
WL-B2F-5272,wall,1.8113,7.245,14.49,2.1
WL-B2F-5273,wall,1.3788,5.537,11.074,1.605
WL-B2F-5274,wall,1.1385,0.863,1.725,0.25
WL-B2F-5275,wall,0.3234,1.294,2.588,0.375
WL-B2F-5276,wall,3.4625,3.191,6.382,0.925
WL-B2F-5277,wall,0.9056,1.725,3.45,0.5
WL-B2F-5278,wall,7.1229,14.274,28.549,4.137
WL-B2F-5279,wall,1.7595,1.725,3.45,0.5
WL-B2F-5280,wall,13.1531,26.306,52.612,7.625
WL-B2F-5281,wall,2.1045,1.725,3.45,0.5
WL-B2F-5282,wall,0.7228,1.725,3.45,0.5
WL-B2F-5283,wall,0.8333,3.346,6.693,0.97
WL-B2F-5284,wall,1.5807,6.348,12.696,1.84
WL-B2F-5285,wall,1.4196,5.701,11.402,1.653
WL-B2F-5286,wall,5.4337,21.735,43.47,6.3
WL-B2F-5287,wall,0.4485,0.897,1.794,0.26
WL-B2F-5288,wall,0.179,0.716,1.432,0.207
WL-B2F-5289,wall,0.5498,2.199,4.399,0.638
WL-B2F-5290,wall,0.4744,1.897,3.795,0.55
WL-B2F-5291,wall,1.2247,4.899,9.798,1.42
WL-B2F-5292,wall,1.38,5.52,11.04,1.6
WL-B2F-5293,wall,2.139,8.556,17.112,2.48
WL-B2F-5294,wall,0.7926,0.862,1.725,0.25
WL-B2F-5295,wall,1.804,7.245,14.49,2.1
WL-B2F-5296,wall,7.2278,14.456,28.911,4.19
WL-B2F-5297,wall,5.4941,10.988,21.976,3.185
WL-B2F-5298,wall,0.6676,0.776,1.553,0.225
WL-B2F-5299,wall,2.2398,2.311,4.623,0.67
WL-B2F-5300,wall,3.0705,15.352,30.705,4.45
WL-B2F-5301,wall,3.0754,3.346,6.693,0.97
WL-B2F-5302,wall,0.9818,4.933,9.867,1.43
WL-B2F-5303,wall,0.5382,2.691,5.382,0.78
WL-B2F-5304,wall,1.8285,7.314,14.628,2.12
WL-B2F-5305,wall,2.07,8.28,16.56,2.4
WL-B2F-5306,wall,3.5707,7.141,14.283,2.07
WL-B2F-5307,wall,5.381,10.762,21.524,3.119
WL-B2F-5308,wall,4.6219,9.244,18.488,2.679
WL-B2F-5309,wall,2.5428,10.212,20.424,2.96
WL-B2F-5310,wall,0.4519,2.26,4.519,0.655
WL-B2F-5311,wall,10.616,9.073,18.147,2.63
WL-B2F-5312,wall,2.1028,1.725,3.45,0.5
WL-B2F-5313,wall,1.0678,1.725,3.45,0.5
WL-B2F-5314,wall,3.0619,6.124,12.247,1.775
WL-B2F-5315,wall,2.8177,2.311,4.623,0.67
WL-B2F-5316,wall,1.1812,4.744,9.488,1.375
WL-B2F-5317,wall,1.7578,1.725,3.45,0.5
WL-B2F-5318,wall,13.5844,27.169,54.337,7.875
WL-B2F-5319,wall,2.1821,1.725,3.45,0.5
WL-B2F-5320,wall,2.258,1.725,3.45,0.5
WL-B2F-5321,wall,0.8333,3.346,6.693,0.97
WL-B2F-5322,wall,1.6948,6.779,13.559,1.965
WL-B2F-5323,wall,1.4253,5.701,11.402,1.652
WL-B2F-5324,wall,5.4337,21.735,43.47,6.3
WL-B2F-5325,wall,0.5113,0.897,1.794,0.26
WL-B2F-5326,wall,0.5476,2.199,4.399,0.638
WL-B2F-5327,wall,0.4725,1.898,3.795,0.55
WL-B2F-5328,wall,1.1769,4.726,9.453,1.37
WL-B2F-5329,wall,1.38,5.52,11.04,1.6
WL-B2F-5330,wall,2.139,8.556,17.112,2.48
WL-B2F-5331,wall,0.7926,0.863,1.725,0.25
WL-B2F-5332,wall,14.4305,14.231,28.462,4.125
WL-B2F-5333,wall,1.804,7.245,14.49,2.1
WL-B2F-5334,wall,0.3823,1.535,3.071,0.445
WL-B2F-5335,wall,0.129,0.293,0.586,0.085
WL-B2F-5336,wall,7.176,28.704,57.408,8.32
WL-B2F-5337,wall,7.3658,14.732,29.463,4.27
WL-B2F-5338,wall,5.4941,10.988,21.976,3.185
WL-B2F-5339,wall,0.6676,0.776,1.553,0.225
WL-B2F-5340,wall,3.0551,15.353,30.705,4.45
WL-B2F-5341,wall,3.0754,3.346,6.693,0.97
WL-B2F-5342,wall,0.9867,4.933,9.867,1.43
WL-B2F-5343,wall,0.5382,2.691,5.382,0.78
WL-B2F-5344,wall,0.6668,0.776,1.552,0.225
WL-B2F-5345,wall,3.9079,7.832,15.663,2.27
WL-B2F-5346,wall,2.07,8.28,16.56,2.4
WL-B2F-5347,wall,2.8549,5.71,11.419,1.655
WL-B2F-5348,wall,5.1448,10.29,20.579,2.982
WL-B2F-5349,wall,5.354,10.73,21.459,3.11
WL-B2F-5350,wall,0.4497,2.26,4.519,0.655
WL-B2F-5351,wall,10.6069,9.073,18.147,2.63
WL-B2F-5352,wall,0.8108,1.725,3.45,0.5
WL-B2F-5353,wall,3.7346,7.469,14.938,2.165
WL-B2F-5354,wall,0.8108,1.725,3.45,0.5
WL-B2F-5355,wall,2.5952,5.201,10.402,1.507
WL-B2F-5356,wall,0.5779,2.312,4.623,0.67
WL-B2F-5357,wall,0.2372,0.949,1.897,0.275
WL-B2F-5358,wall,1.292,1.725,3.45,0.5
WL-B2F-5359,wall,7.351,14.732,29.463,4.27
WL-B2F-5360,wall,5.4831,10.988,21.976,3.185
WL-B2F-5361,wall,0.6668,0.776,1.552,0.225
WL-B2F-5362,wall,2.2422,2.311,4.623,0.67
WL-B2F-5363,wall,3.0551,15.352,30.705,4.45
WL-B2F-5364,wall,3.0754,3.346,6.693,0.97
WL-B2F-5365,wall,0.9867,4.934,9.867,1.43
WL-B2F-5366,wall,0.5382,2.691,5.382,0.78
WL-B2F-5367,wall,0.6676,0.776,1.552,0.225
WL-B2F-5368,wall,3.9079,7.832,15.663,2.27
WL-B2F-5369,wall,2.07,8.28,16.56,2.4
WL-B2F-5370,wall,2.8492,5.71,11.419,1.655
WL-B2F-5371,wall,5.1448,10.29,20.579,2.983
WL-B2F-5372,wall,5.3648,10.73,21.459,3.11
WL-B2F-5373,wall,0.4497,2.26,4.519,0.655
WL-B2F-5374,wall,10.6069,9.073,18.147,2.63
WL-B2F-5375,wall,0.8108,1.725,3.45,0.5
WL-B2F-5376,wall,3.7272,7.469,14.939,2.165
WL-B2F-5377,wall,0.8108,1.725,3.45,0.5
WL-B2F-5378,wall,2.5952,5.201,10.402,1.507
WL-B2F-5379,wall,6.6369,26.548,53.096,7.695
WL-B2F-5380,wall,3.6273,14.568,29.135,4.222
WL-B2F-5381,wall,0.6744,2.708,5.417,0.785
WL-B2F-5382,wall,2.82,2.311,4.623,0.67
WL-B2F-5383,wall,1.2636,5.054,10.109,1.465
WL-B2F-5384,wall,1.1145,4.476,8.952,1.297
WL-B2F-5385,wall,0.6748,2.699,5.398,0.782
WL-B2F-5386,wall,1.6948,6.779,13.559,1.965
WL-B2F-5387,wall,1.4253,5.701,11.402,1.652
WL-B2F-5388,wall,0.5113,0.897,1.794,0.26
WL-B2F-5389,wall,0.9919,0.862,1.725,0.25
WL-B2F-5390,wall,0.5476,2.199,4.399,0.637
WL-B2F-5391,wall,0.9879,3.968,7.935,1.15
WL-B2F-5392,wall,0.3823,1.535,3.071,0.445
WL-B2F-5393,wall,1.1726,4.709,9.418,1.365
WL-B2F-5394,wall,13.2559,26.565,53.13,7.7
WL-B2F-5395,wall,1.7595,1.725,3.45,0.5
WL-B2F-5396,wall,2.1804,1.725,3.45,0.5
WL-B2F-5397,wall,2.258,1.725,3.45,0.5
WL-B2F-5398,wall,0.9407,3.778,7.555,1.095
WL-B2F-5399,wall,1.6948,6.779,13.559,1.965
WL-B2F-5400,wall,1.4253,5.701,11.402,1.652
WL-B2F-5401,wall,0.5113,0.897,1.794,0.26
WL-B2F-5402,wall,0.9919,0.862,1.725,0.25
WL-B2F-5403,wall,0.5476,2.199,4.399,0.637
WL-B2F-5404,wall,0.9879,3.968,7.935,1.15
WL-B2F-5405,wall,0.6555,0.863,1.725,0.25
WL-B2F-5406,wall,0.7762,3.105,6.21,0.9
WL-B2F-5407,wall,0.6555,2.622,5.244,0.76
WL-B2F-5408,wall,1.2628,5.071,10.143,1.47
WL-B2F-5409,wall,1.3745,5.52,11.04,1.6
WL-B2F-5410,wall,2.139,8.556,17.112,2.48
WL-B2F-5411,wall,0.7926,0.863,1.725,0.25
WL-B2F-5412,wall,14.4305,14.231,28.463,4.125
WL-B2F-5413,wall,1.804,7.245,14.49,2.1
WL-B2F-5414,wall,0.3823,1.535,3.071,0.445
WL-B2F-5415,wall,0.2049,0.466,0.932,0.135
WL-B2F-5416,wall,1.3843,5.537,11.074,1.605
WL-B2F-5417,wall,0.9651,0.862,1.725,0.25
WL-B2F-5418,wall,0.4528,1.811,3.623,0.525
WL-B2F-5419,wall,3.4625,3.191,6.383,0.925
WL-B2F-5420,wall,1.7578,1.725,3.45,0.5
WL-B2F-5421,wall,1.7595,1.725,3.45,0.5
WL-B2F-5422,wall,13.2559,26.565,53.13,7.7
WL-B2F-5423,wall,2.1045,1.725,3.45,0.5
WL-B2F-5424,wall,0.2049,0.466,0.931,0.135
WL-B2F-5425,wall,0.9407,3.778,7.555,1.095
WL-B2F-5426,wall,1.5807,6.348,12.696,1.84
WL-B2F-5427,wall,1.4196,5.701,11.402,1.653
WL-B2F-5428,wall,0.583,0.897,1.794,0.26
WL-B2F-5429,wall,0.2212,0.888,1.777,0.258
WL-B2F-5430,wall,0.9919,0.862,1.725,0.25
WL-B2F-5431,wall,0.5476,2.199,4.399,0.638
WL-B2F-5432,wall,0.7504,0.863,1.725,0.25
WL-B2F-5433,wall,0.9879,3.968,7.935,1.15
WL-B2F-5434,wall,0.7504,3.002,6.003,0.87
WL-B2F-5435,wall,1.38,5.52,11.04,1.6
WL-B2F-5436,wall,2.139,8.556,17.112,2.48
WL-B2F-5437,wall,0.7926,0.863,1.725,0.25
WL-B2F-5438,wall,14.4447,14.231,28.463,4.125
WL-B2F-5439,wall,1.804,7.245,14.49,2.1
WL-B2F-5440,wall,6.4386,25.858,51.716,7.495
WL-B2F-5441,wall,0.7859,0.69,1.38,0.2
WL-B2F-5442,wall,0.7859,0.69,1.38,0.2
WL-B2F-5443,wall,0.7859,0.69,1.38,0.2
WL-B2F-5444,wall,12.6787,12.679,25.357,3.675
WL-B2F-5445,wall,1.5525,1.725,3.45,0.5
WL-B2F-5446,wall,12.6661,12.679,25.357,3.675
WL-B2F-5447,wall,1.5094,6.038,12.075,1.75
WL-B2F-5448,wall,7.9305,31.849,63.699,9.232
WL-B2F-5449,wall,0.5498,2.208,4.416,0.64
WL-B2F-5450,wall,5.1299,20.519,41.039,5.948
WL-B2F-5451,wall,2.3277,9.348,18.696,2.71
WL-B2F-5452,wall,1.5727,1.344,2.688,0.39
WL-B2F-5453,wall,2.1552,8.621,17.242,2.499
WL-B2F-5454,wall,2.3401,9.36,18.721,2.713
WL-B2F-5455,wall,2.4452,9.781,19.562,2.835
WL-B2F-5456,wall,3.4189,17.095,34.189,4.955
WL-B2F-5457,wall,0.1346,0.673,1.346,0.195
WL-B2F-5458,wall,2.6392,10.557,21.114,3.06
WL-B2F-5459,wall,1.4561,5.848,11.695,1.695
WL-B2F-5460,wall,0.5451,2.726,5.451,0.79
WL-B2F-5461,wall,1.4754,5.925,11.851,1.717
WL-B2F-5462,wall,1.4862,5.968,11.937,1.73
WL-B2F-5463,wall,1.6922,1.552,3.105,0.45
WL-B2F-5464,wall,0.4625,2.312,4.625,0.67
WL-B2F-5465,wall,3.0352,12.141,24.282,3.519
WL-B2F-5466,wall,1.0738,4.295,8.591,1.245
WL-B2F-5467,wall,1.5051,6.02,12.04,1.745
WL-B2F-5468,wall,0.7245,2.898,5.796,0.84
WL-B2F-5469,wall,0.3881,1.552,3.105,0.45
WL-B2F-5470,wall,0.8411,0.69,1.38,0.2
WL-B2F-5471,wall,1.7423,8.711,17.423,2.525
WL-B2F-5472,wall,6.802,9.143,18.285,2.65
WL-B2F-5473,wall,2.5254,10.35,20.7,3.0
WL-B2F-5474,wall,1.9511,7.804,15.609,2.262
WL-B2F-5475,wall,1.8889,7.556,15.111,2.19
WL-B2F-5476,wall,8.6131,8.453,16.905,2.45
WL-B2F-5477,wall,0.521,2.605,5.21,0.755
WL-B2F-5478,wall,0.5492,2.76,5.52,0.8
WL-B2F-5479,wall,2.9551,11.868,23.736,3.44
WL-B2F-5480,wall,2.6324,13.162,26.324,3.815
WL-B2F-5481,wall,2.3374,9.35,18.699,2.71
WL-B2F-5482,wall,1.7568,7.055,14.111,2.045
WL-B2F-5483,wall,5.4936,22.063,44.125,6.395
WL-B2F-5484,wall,4.4026,17.681,35.362,5.125
WL-B2F-5485,wall,7.3402,6.279,12.558,1.82
WL-B2F-5486,wall,1.518,6.072,12.144,1.76
WL-B2F-5487,wall,1.1385,0.862,1.725,0.25
WL-B2F-5488,wall,0.7388,2.967,5.934,0.86
WL-B2F-5489,wall,1.8069,7.228,14.455,2.095
WL-B2F-5490,wall,0.4596,1.846,3.692,0.535
WL-B2F-5491,wall,2.1176,8.504,17.008,2.465
WL-B2F-5492,wall,0.966,3.864,7.728,1.12
WL-B2F-5493,wall,1.3299,5.341,10.682,1.548
WL-B2F-5494,wall,0.4614,0.863,1.725,0.25
WL-B2F-5495,wall,0.7064,0.863,1.725,0.25
WL-B2F-5496,wall,2.7618,11.092,22.183,3.215
WL-B2F-5497,wall,0.86,3.44,6.88,0.997
WL-B2F-5498,wall,1.1046,4.418,8.837,1.281
WL-B2F-5499,wall,0.2311,0.924,1.849,0.268
WL-B2F-5500,wall,3.346,13.438,26.875,3.895
WL-B2F-5501,wall,0.6228,2.501,5.002,0.725
WL-B2F-5502,wall,2.7524,11.054,22.108,3.204
WL-B2F-5503,wall,7.5697,30.4,60.801,8.812
WL-B2F-5504,wall,4.0762,16.37,32.74,4.745
WL-B2F-5505,wall,0.5391,2.156,4.312,0.625
WL-B2F-5506,wall,2.002,8.008,16.016,2.321
WL-B2F-5507,wall,3.52,14.136,28.273,4.097
WL-B2F-5508,wall,0.7859,0.69,1.38,0.2
WL-B2F-5509,wall,0.7866,0.69,1.38,0.2
WL-B2F-5510,wall,2.8592,11.437,22.873,3.315
WL-B2F-5511,wall,7.1678,14.336,28.671,4.155
WL-B2F-5512,wall,0.0,0.0,0.0,0.0
WL-B2F-5513,wall,8.603,17.24,34.481,4.997
WL-B2F-5514,wall,5.5639,11.15,22.3,3.232
WL-B2F-5515,wall,37.4112,74.822,149.645,21.688
WL-B2F-5516,wall,1.4645,2.929,5.858,0.849
WL-B2F-5517,wall,72.3801,145.05,290.101,42.044
WL-B2F-5518,wall,3.0716,2.329,4.657,0.675
WL-B2F-5519,wall,0.9651,0.862,1.725,0.25
WL-B2F-5520,wall,0.5347,0.862,1.725,0.25
WL-B2F-5521,wall,1.38,6.9,13.8,2.0
WL-B2F-5522,wall,1.0523,5.261,10.523,1.525
WL-B2F-5523,wall,1.7578,1.725,3.45,0.5
WL-B2F-5524,wall,0.0,0.0,0.0,0.0
WL-B2F-5525,wall,0.0,0.0,0.0,0.0
WL-B2F-5526,wall,0.0,0.0,0.0,0.0
WL-B2F-5527,wall,0.0,0.0,0.0,0.0
WL-B2F-5528,wall,0.0,0.0,0.0,0.0
WL-B2F-5529,wall,0.0,0.0,0.0,0.0
WL-B2F-5530,wall,0.0,0.0,0.0,0.0
WL-B2F-5531,wall,0.0,0.0,0.0,0.0
WL-B2F-5532,wall,0.0,0.0,0.0,0.0
WL-B2F-5533,wall,0.0,0.0,0.0,0.0
WL-B2F-5534,wall,0.0862,0.862,1.725,0.25
WL-B2F-5535,wall,0.1078,0.431,0.862,0.125
WL-B2F-5536,wall,0.7935,0.862,1.725,0.25
WL-B2F-5537,wall,0.0,0.0,0.0,0.0
WL-B2F-5538,wall,0.1078,0.431,0.863,0.125
WL-B2F-5539,wall,1.1333,2.518,5.037,0.73
WL-B2F-5540,wall,0.058,0.233,0.466,0.067
WL-B2F-5541,wall,1.0522,0.862,1.725,0.25
WL-B2F-5542,wall,0.0,0.0,0.0,0.0
WL-B2F-5543,wall,1.1385,0.863,1.725,0.25
WL-B2F-5544,wall,0.1289,0.517,1.035,0.15
WL-B2F-5545,wall,0.4725,1.897,3.795,0.55
WL-B2F-5546,wall,0.0,0.0,0.0,0.0
WL-B2F-5547,wall,30.636,23.934,47.869,6.937
WL-B2F-5548,wall,0.0,0.0,0.0,0.0
WL-B2F-5549,wall,0.0,0.0,0.0,0.0
WL-B2F-5550,wall,0.0,0.0,0.0,0.0
WL-B2F-5551,wall,0.0,0.0,0.0,0.0
WL-B2F-5552,wall,3.9373,7.875,15.749,2.282
WL-B2F-5553,wall,1.3869,5.57,11.14,1.614
WL-B2F-5554,wall,1.6301,6.521,13.041,1.89
WL-B2F-5555,wall,1.2506,5.003,10.005,1.45
WL-B2F-5556,wall,0.0539,0.216,0.431,0.062
WL-B2F-5557,wall,0.1768,0.707,1.415,0.205
WL-B2F-5558,wall,2.6091,10.436,20.872,3.025
WL-B2F-5559,wall,2.9766,11.954,23.909,3.465
WL-B2F-5560,wall,0.7866,0.69,1.38,0.2
WL-B2F-5561,wall,1.3153,5.261,10.522,1.525
WL-B2F-5562,wall,0.9867,4.934,9.867,1.43
WL-B2F-5563,wall,3.1119,15.56,31.119,4.51
WL-B2F-5564,wall,2.6177,10.471,20.942,3.035
WL-B2F-5565,wall,0.5348,0.863,1.725,0.25
WL-B2F-5566,wall,1.6663,1.294,2.588,0.375
WL-B2F-5567,wall,3.5061,14.024,28.049,4.065
WL-B2F-5568,wall,0.0,0.0,0.0,0.0
WL-B2F-5569,wall,9.8087,8.383,16.767,2.43
WL-B2F-5570,wall,0.5355,2.691,5.382,0.78
WL-B2F-5571,wall,0.4497,2.26,4.519,0.655
WL-B2F-5572,wall,2.2937,9.212,18.423,2.67
WL-B2F-5573,wall,1.4303,5.744,11.489,1.665
WL-B2F-5574,wall,2.0617,8.28,16.56,2.4
WL-B2F-5575,wall,1.7207,6.883,13.766,1.995
WL-B2F-5576,wall,0.3443,0.69,1.38,0.2
WL-B2F-5577,wall,2.553,10.212,20.424,2.96
WL-B2F-5578,wall,0.138,0.552,1.104,0.16
WL-B2F-5579,wall,0.0,0.0,0.0,0.0
WL-B2F-5580,wall,16.4738,32.948,65.895,9.55
WL-B2F-5581,wall,30.2737,75.684,151.369,21.937
WL-B2F-5582,wall,0.0,0.0,0.0,0.0
WL-B2F-5583,wall,0.0,0.0,0.0,0.0
WL-B2F-5584,wall,1.0522,0.862,1.725,0.25
WL-B2F-5585,wall,0.0,0.0,0.0,0.0
WL-B2F-5586,wall,0.966,0.863,1.725,0.25
WL-B2F-5587,wall,0.0215,0.086,0.173,0.025
WL-B2F-5588,wall,0.4725,1.898,3.795,0.55
WL-B2F-5589,wall,0.0,0.0,0.0,0.0
WL-B2F-5590,wall,32.292,25.228,50.456,7.312
WL-B2F-5591,wall,0.0,0.0,0.0,0.0
WL-B2F-5592,wall,0.0,0.0,0.0,0.0
WL-B2F-5593,wall,0.0,0.0,0.0,0.0
WL-B2F-5594,wall,0.6762,0.604,1.208,0.175
WL-B2F-5595,wall,0.0,0.0,0.0,0.0
WL-B2F-5596,wall,0.2976,1.19,2.381,0.345
WL-B2F-5597,wall,0.0539,0.216,0.431,0.062
WL-B2F-5598,wall,5.3475,21.39,42.78,6.2
WL-B2F-5599,wall,0.9897,1.294,2.587,0.375
WL-B2F-5600,wall,0.5348,2.139,4.278,0.62
WL-B2F-5601,wall,1.1126,4.451,8.901,1.29
WL-B2F-5602,wall,0.0,0.0,0.0,0.0
WL-B2F-5603,wall,38.8746,97.187,194.373,28.17
WL-B2F-5604,wall,0.2243,0.897,1.794,0.26
WL-B2F-5605,wall,0.2243,0.897,1.794,0.26
WL-B2F-5606,wall,7.2838,29.135,58.271,8.445
WL-B2F-5607,wall,3.2154,16.077,32.154,4.66
WL-B2F-5608,wall,1.9217,9.608,19.217,2.785
WL-B2F-5609,wall,2.0748,2.139,4.278,0.62
WL-B2F-5610,wall,3.0551,15.353,30.705,4.45
WL-B2F-5611,wall,0.9867,4.934,9.867,1.43
WL-B2F-5612,wall,0.5382,2.691,5.382,0.78
WL-B2F-5613,wall,1.0297,0.811,1.621,0.235
WL-B2F-5614,wall,1.2083,6.072,12.144,1.76
WL-B2F-5615,wall,1.3594,6.831,13.662,1.98
WL-B2F-5616,wall,2.1114,10.557,21.114,3.06
WL-B2F-5617,wall,0.4519,2.26,4.519,0.655
WL-B2F-5618,wall,0.8418,0.69,1.38,0.2
WL-B2F-5619,wall,0.3174,1.587,3.174,0.46
WL-B2F-5620,wall,0.4278,0.69,1.38,0.2
WL-B2F-5621,wall,2.7126,2.225,4.451,0.645
WL-B2F-5622,wall,1.3843,5.537,11.075,1.605
WL-B2F-5623,wall,2.3874,3.416,6.831,0.99
WL-B2F-5624,wall,0.4528,1.811,3.623,0.525
WL-B2F-5625,wall,3.4625,3.191,6.382,0.925
WL-B2F-5626,wall,0.8798,0.863,1.725,0.25
WL-B2F-5627,wall,0.8798,0.863,1.725,0.25
WL-B2F-5628,wall,0.399,0.776,1.553,0.225
WL-B2F-5629,wall,0.8841,0.776,1.553,0.225
WL-B2F-5630,wall,0.9617,3.847,7.693,1.115
WL-B2F-5631,wall,2.6004,10.402,20.804,3.015
WL-B2F-5632,wall,0.3364,1.345,2.691,0.39
WL-B2F-5633,wall,0.966,0.863,1.725,0.25
WL-B2F-5634,wall,1.2506,5.002,10.005,1.45
WL-B2F-5635,wall,0.3614,0.863,1.725,0.25
WL-B2F-5636,wall,3.5198,5.261,10.522,1.525
WL-B2F-5637,wall,1.587,6.348,12.696,1.84
WL-B2F-5638,wall,1.4253,5.701,11.402,1.653
WL-B2F-5639,wall,5.412,21.735,43.47,6.3
WL-B2F-5640,wall,0.583,0.897,1.794,0.26
WL-B2F-5641,wall,0.2372,0.949,1.897,0.275
WL-B2F-5642,wall,0.991,0.863,1.725,0.25
WL-B2F-5643,wall,0.5498,2.199,4.399,0.637
WL-B2F-5644,wall,1.5008,1.725,3.45,0.5
WL-B2F-5645,wall,0.9919,3.967,7.935,1.15
WL-B2F-5646,wall,1.311,1.725,3.45,0.5
WL-B2F-5647,wall,1.5008,3.002,6.003,0.87
WL-B2F-5648,wall,8.832,17.664,35.328,5.12
WL-B2F-5649,wall,2.139,8.556,17.112,2.48
WL-B2F-5650,wall,2.0559,1.742,3.484,0.505
WL-B2F-5651,wall,0.7926,0.863,1.725,0.25
WL-B2F-5652,wall,1.804,7.245,14.49,2.1
WL-B2F-5653,wall,1.1859,4.744,9.488,1.375
WL-B2F-5654,wall,0.3666,1.466,2.933,0.425
WL-B2F-5655,wall,0.8798,0.863,1.725,0.25
WL-B2F-5656,wall,2.2123,8.849,17.699,2.565
WL-B2F-5657,wall,0.4528,0.863,1.725,0.25
WL-B2F-5658,wall,0.3998,0.776,1.553,0.225
WL-B2F-5659,wall,0.8841,0.776,1.553,0.225
WL-B2F-5660,wall,0.8754,3.502,7.003,1.015
WL-B2F-5661,wall,0.3881,1.553,3.105,0.45
WL-B2F-5662,wall,0.3364,1.345,2.691,0.39
WL-B2F-5663,wall,1.0523,0.863,1.725,0.25
WL-B2F-5664,wall,2.6651,10.661,21.321,3.09
WL-B2F-5665,wall,0.3614,0.863,1.725,0.25
WL-B2F-5666,wall,3.0351,4.537,9.074,1.315
WL-B2F-5667,wall,1.6948,6.779,13.558,1.965
WL-B2F-5668,wall,1.4253,5.701,11.402,1.653
WL-B2F-5669,wall,5.412,21.735,43.47,6.3
WL-B2F-5670,wall,0.4934,0.897,1.794,0.26
WL-B2F-5671,wall,0.5498,2.199,4.399,0.637
WL-B2F-5672,wall,0.7504,0.863,1.725,0.25
WL-B2F-5673,wall,0.6555,2.622,5.244,0.76
WL-B2F-5674,wall,0.6555,0.863,1.725,0.25
WL-B2F-5675,wall,0.7504,3.002,6.003,0.87
WL-B2F-5676,wall,0.6555,2.622,5.244,0.76
WL-B2F-5677,wall,1.5205,6.107,12.213,1.77
WL-B2F-5678,wall,1.38,5.52,11.04,1.6
WL-B2F-5679,wall,2.139,8.556,17.112,2.48
WL-B2F-5680,wall,0.7926,0.863,1.725,0.25
WL-B2F-5681,wall,1.804,7.245,14.49,2.1
WL-B2F-5682,wall,1.3788,5.537,11.075,1.605
WL-B2F-5683,wall,2.2679,3.416,6.831,0.99
WL-B2F-5684,wall,0.4528,1.811,3.623,0.525
WL-B2F-5685,wall,3.4625,3.191,6.383,0.925
WL-B2F-5686,wall,0.8789,0.863,1.725,0.25
WL-B2F-5687,wall,0.4528,1.811,3.623,0.525
WL-B2F-5688,wall,0.8798,0.863,1.725,0.25
WL-B2F-5689,wall,0.3998,0.776,1.553,0.225
WL-B2F-5690,wall,0.8849,0.776,1.553,0.225
WL-B2F-5691,wall,0.8754,3.502,7.003,1.015
WL-B2F-5692,wall,1.2679,5.072,10.143,1.47
WL-B2F-5693,wall,1.2161,4.864,9.729,1.41
WL-B2F-5694,wall,2.6651,10.66,21.321,3.09
WL-B2F-5695,wall,0.3614,0.863,1.725,0.25
WL-B2F-5696,wall,1.3239,5.296,10.592,1.535
WL-B2F-5697,wall,1.5807,6.348,12.696,1.84
WL-B2F-5698,wall,1.4253,5.701,11.402,1.653
WL-B2F-5699,wall,5.4337,21.735,43.47,6.3
WL-B2F-5700,wall,0.583,0.897,1.794,0.26
WL-B2F-5701,wall,0.2221,0.888,1.777,0.257
WL-B2F-5702,wall,0.991,0.863,1.725,0.25
WL-B2F-5703,wall,0.5498,2.199,4.399,0.637
WL-B2F-5704,wall,0.7504,0.863,1.725,0.25
WL-B2F-5705,wall,0.9919,3.967,7.935,1.15
WL-B2F-5706,wall,0.6555,0.863,1.725,0.25
WL-B2F-5707,wall,0.7504,3.001,6.003,0.87
WL-B2F-5708,wall,0.6555,2.622,5.244,0.76
WL-B2F-5709,wall,1.2247,4.899,9.798,1.42
WL-B2F-5710,wall,2.139,8.556,17.112,2.48
WL-B2F-5711,wall,0.7926,0.863,1.725,0.25
WL-B2F-5712,wall,1.804,7.245,14.49,2.1
WL-B2F-5713,wall,1.3908,5.563,11.126,1.613
WL-B2F-5714,wall,11.4816,28.704,57.408,8.32
WL-B2F-5715,wall,0.2027,0.811,1.621,0.235
WL-B2F-5716,wall,0.9703,3.881,7.762,1.125
WL-B2F-5717,wall,0.2027,0.811,1.621,0.235
WL-B2F-5718,wall,1.6107,6.469,12.937,1.875
WL-B2F-5719,wall,3.2327,16.163,32.327,4.685
WL-B2F-5720,wall,2.7039,10.816,21.631,3.135
WL-B2F-5721,wall,2.2422,2.312,4.623,0.67
WL-B2F-5722,wall,0.9867,4.934,9.867,1.43
WL-B2F-5723,wall,0.5382,2.691,5.382,0.78
WL-B2F-5724,wall,1.3938,6.969,13.938,2.02
WL-B2F-5725,wall,2.07,8.28,16.56,2.4
WL-B2F-5726,wall,0.3174,1.587,3.174,0.46
WL-B2F-5727,wall,0.4519,2.26,4.519,0.655
WL-B2F-5728,wall,0.897,0.69,1.38,0.2
WL-B2F-5729,wall,0.4278,0.69,1.38,0.2
WL-B2F-5730,wall,0.3467,1.742,3.485,0.505
WL-B2F-5731,wall,2.82,2.312,4.623,0.67
WL-B2F-5732,wall,2.7876,13.938,27.876,4.04
WL-B2F-5733,wall,2.1631,10.816,21.631,3.135
WL-B2F-5734,wall,2.2422,2.312,4.623,0.67
WL-B2F-5735,wall,0.9867,4.934,9.867,1.43
WL-B2F-5736,wall,0.5382,2.691,5.382,0.78
WL-B2F-5737,wall,1.5318,7.659,15.318,2.22
WL-B2F-5738,wall,1.9482,1.535,3.071,0.445
WL-B2F-5739,wall,0.5313,2.656,5.313,0.77
WL-B2F-5740,wall,0.4519,2.26,4.519,0.655
WL-B2F-5741,wall,0.897,0.69,1.38,0.2
WL-B2F-5742,wall,0.4278,0.69,1.38,0.2
WL-B2F-5743,wall,0.7724,3.881,7.763,1.125
WL-B2F-5744,wall,2.8177,2.312,4.623,0.67
WL-B2F-5745,wall,0.2243,0.897,1.794,0.26
WL-B2F-5746,wall,0.2243,0.897,1.794,0.26
WL-B2F-5747,wall,6.7167,26.867,53.734,7.787
WL-B2F-5748,wall,4.2651,17.06,34.121,4.945
WL-B2F-5749,wall,5.3001,21.2,42.401,6.145
WL-B2F-5750,wall,1.3843,5.537,11.075,1.605
WL-B2F-5751,wall,2.2679,3.416,6.831,0.99
WL-B2F-5752,wall,0.4528,1.811,3.623,0.525
WL-B2F-5753,wall,3.4625,3.191,6.382,0.925
WL-B2F-5754,wall,0.8789,0.863,1.725,0.25
WL-B2F-5755,wall,2.2123,8.849,17.699,2.565
WL-B2F-5756,wall,0.8798,0.863,1.725,0.25
WL-B2F-5757,wall,0.399,0.776,1.553,0.225
WL-B2F-5758,wall,0.8841,0.776,1.553,0.225
WL-B2F-5759,wall,0.8754,3.502,7.003,1.015
WL-B2F-5760,wall,0.3666,1.466,2.933,0.425
WL-B2F-5761,wall,0.3364,1.345,2.691,0.39
WL-B2F-5762,wall,1.0523,0.863,1.725,0.25
WL-B2F-5763,wall,2.6651,10.66,21.321,3.09
WL-B2F-5764,wall,0.3614,0.863,1.725,0.25
WL-B2F-5765,wall,1.1143,1.449,2.898,0.42
WL-B2F-5766,wall,1.587,6.348,12.696,1.84
WL-B2F-5767,wall,0.583,0.897,1.794,0.26
WL-B2F-5768,wall,1.4196,5.701,11.402,1.653
WL-B2F-5769,wall,0.2221,0.888,1.777,0.257
WL-B2F-5770,wall,0.991,0.863,1.725,0.25
WL-B2F-5771,wall,0.5498,2.199,4.399,0.637
WL-B2F-5772,wall,0.9919,3.967,7.935,1.15
WL-B2F-5773,wall,0.6555,0.863,1.725,0.25
WL-B2F-5774,wall,0.6038,2.415,4.83,0.7
WL-B2F-5775,wall,0.6555,2.622,5.244,0.76
WL-B2F-5776,wall,1.2032,4.813,9.625,1.395
WL-B2F-5777,wall,2.139,8.556,17.112,2.48
WL-B2F-5778,wall,0.7926,0.863,1.725,0.25
WL-B2F-5779,wall,1.804,7.245,14.49,2.1
WL-B2F-5780,wall,1.3843,5.537,11.075,1.605
WL-B2F-5781,wall,0.3666,1.466,2.933,0.425
WL-B2F-5782,wall,0.5994,2.398,4.795,0.695
WL-B2F-5783,wall,1.688,6.779,13.558,1.965
WL-B2F-5784,wall,0.4933,0.897,1.794,0.26
WL-B2F-5785,wall,1.4196,5.701,11.402,1.653
WL-B2F-5786,wall,0.991,0.863,1.725,0.25
WL-B2F-5787,wall,0.5498,2.199,4.399,0.637
WL-B2F-5788,wall,0.7504,0.863,1.725,0.25
WL-B2F-5789,wall,0.9919,3.967,7.935,1.15
WL-B2F-5790,wall,0.7504,3.002,6.003,0.87
WL-B2F-5791,wall,2.2292,8.953,17.905,2.595
WL-B2F-5792,wall,0.7926,0.863,1.725,0.25
WL-B2F-5793,wall,1.804,7.245,14.49,2.1
WL-B2F-5794,wall,1.1859,4.744,9.487,1.375
WL-B2F-5795,wall,2.5686,10.315,20.631,2.99
WL-B2F-5796,wall,0.8789,0.863,1.725,0.25
WL-B2F-5797,wall,0.7755,0.776,1.552,0.225
WL-B2F-5798,wall,2.0402,8.194,16.387,2.375
WL-B2F-5799,wall,0.3364,1.346,2.691,0.39
WL-B2F-5800,wall,1.129,0.863,1.725,0.25
WL-B2F-5801,wall,1.1299,4.52,9.039,1.31
WL-B2F-5802,wall,1.0695,4.295,8.591,1.245
WL-B2F-5803,wall,1.698,2.208,4.416,0.64
WL-B2F-5804,wall,1.6948,6.779,13.559,1.965
WL-B2F-5805,wall,0.4933,0.897,1.794,0.26
WL-B2F-5806,wall,1.4253,5.701,11.402,1.652
WL-B2F-5807,wall,0.991,0.862,1.725,0.25
WL-B2F-5808,wall,0.5476,2.199,4.399,0.638
WL-B2F-5809,wall,0.7504,0.863,1.725,0.25
WL-B2F-5810,wall,0.9879,3.967,7.935,1.15
WL-B2F-5811,wall,0.6555,0.862,1.725,0.25
WL-B2F-5812,wall,0.7504,3.002,6.003,0.87
WL-B2F-5813,wall,0.6529,2.622,5.244,0.76
WL-B2F-5814,wall,1.1984,4.813,9.625,1.395
WL-B2F-5815,wall,1.38,5.52,11.04,1.6
WL-B2F-5816,wall,2.139,8.556,17.112,2.48
WL-B2F-5817,wall,0.7926,0.862,1.725,0.25
WL-B2F-5818,wall,1.804,7.245,14.49,2.1
WL-B2F-5819,wall,0.3651,1.466,2.933,0.425
WL-B2F-5820,wall,0.3623,0.863,1.725,0.25
WL-B2F-5821,wall,0.7866,0.69,1.38,0.2
WL-B2F-5822,wall,0.7866,0.69,1.38,0.2
WL-B2F-5823,wall,1.3165,5.266,10.532,1.526
WL-B2F-5824,wall,2.9109,11.644,23.287,3.375
WL-B2F-5825,wall,0.4959,1.984,3.967,0.575
WL-B2F-5826,wall,0.2764,0.431,0.863,0.125
WL-B2F-5827,wall,0.0,0.0,0.0,0.0
WL-B2F-5828,wall,0.0,0.0,0.0,0.0
WL-B2F-5829,wall,0.0,0.0,0.0,0.0
WL-B2F-5830,wall,0.0,0.0,0.0,0.0
WL-B2F-5831,wall,0.0,0.0,0.0,0.0
WL-B2F-5832,wall,0.0,0.0,0.0,0.0
WL-B2F-5833,wall,0.0,0.0,0.0,0.0
WL-B2F-5834,wall,0.0,0.0,0.0,0.0
WL-B2F-5835,wall,0.0,0.0,0.0,0.0
WL-B2F-5836,wall,0.0,0.0,0.0,0.0
WL-B2F-5837,wall,0.0,0.0,0.0,0.0
WL-B2F-5838,wall,0.0,0.0,0.0,0.0
WL-B2F-5839,wall,0.0,0.0,0.0,0.0
WL-B2F-5840,wall,0.0,0.0,0.0,0.0
WL-B2F-5841,wall,0.0,0.0,0.0,0.0
WL-B2F-5842,wall,0.0,0.0,0.0,0.0
WL-B2F-5843,wall,0.0,0.0,0.0,0.0
WL-B2F-5844,wall,0.0,0.0,0.0,0.0
WL-B2F-5845,wall,0.0,0.0,0.0,0.0
WL-B2F-5846,wall,0.0,0.0,0.0,0.0
WL-B2F-5847,wall,0.0,0.0,0.0,0.0
WL-B2F-5848,wall,0.0,0.0,0.0,0.0
WL-B2F-5849,wall,0.0,0.0,0.0,0.0
WL-B2F-5850,wall,0.0,0.0,0.0,0.0
WL-B2F-5851,wall,0.0,0.0,0.0,0.0
WL-B2F-5852,wall,0.0,0.0,0.0,0.0
WL-B2F-5853,wall,0.0,0.0,0.0,0.0
WL-B2F-5854,wall,0.0,0.0,0.0,0.0
WL-B2F-5855,wall,0.0,0.0,0.0,0.0
WL-B2F-5856,wall,0.0,0.0,0.0,0.0
WL-B2F-5857,wall,0.0,0.0,0.0,0.0
WL-B2F-5858,wall,0.0,0.0,0.0,0.0
WL-B2F-5859,wall,0.0,0.0,0.0,0.0
WL-B2F-5860,wall,0.0,0.0,0.0,0.0
WL-B2F-5861,wall,0.0,0.0,0.0,0.0
WL-B2F-5862,wall,0.0,0.0,0.0,0.0
WL-B2F-5863,wall,0.0,0.0,0.0,0.0
WL-B2F-5864,wall,0.0,0.0,0.0,0.0
WL-B2F-5865,wall,0.0,0.0,0.0,0.0
WL-B2F-5866,wall,0.0,0.0,0.0,0.0
WL-B2F-5867,wall,0.0,0.0,0.0,0.0
WL-B2F-5868,wall,0.0,0.0,0.0,0.0
WL-B2F-5869,wall,0.0,0.0,0.0,0.0
WL-B2F-5870,wall,0.0,0.0,0.0,0.0
WL-B2F-5871,wall,0.0,0.0,0.0,0.0
WL-B2F-5872,wall,0.0,0.0,0.0,0.0
WL-B2F-5873,wall,0.0,0.0,0.0,0.0
WL-B2F-5874,wall,0.0,0.0,0.0,0.0
WL-B2F-5875,wall,0.0,0.0,0.0,0.0
WL-B2F-5876,wall,0.0,0.0,0.0,0.0
WL-B2F-5877,wall,0.0,0.0,0.0,0.0
WL-B2F-5878,wall,0.207,1.035,2.07,0.3
WL-B2F-5879,wall,7.0189,35.094,70.189,10.172
WL-B2F-5880,wall,9.7945,48.973,97.945,14.195
WL-B2F-5881,wall,0.276,1.38,2.76,0.4
WL-B2F-5882,wall,0.3061,1.531,3.061,0.444
WL-B2F-5883,wall,4.8961,24.481,48.961,7.096
WL-B2F-5884,wall,5.32,26.6,53.2,7.71
WL-B2F-5885,wall,7.9943,20.036,40.072,5.808
WL-B2F-5886,wall,17.2069,34.414,68.828,9.975
WL-B2F-5887,wall,44.367,88.734,177.468,25.72
WL-B2F-5888,wall,0.2346,1.173,2.346,0.34
WL-B2F-5889,wall,0.0,0.0,0.0,0.0
WL-B2F-5890,wall,0.414,2.07,4.14,0.6
WL-B2F-5891,wall,9.6742,48.371,96.742,14.021
WL-B2F-5892,wall,9.6258,48.371,96.742,14.021
WL-B2F-5893,wall,4.2085,21.148,42.297,6.13
WL-B2F-5894,wall,13.5671,27.134,54.268,7.865
WL-B2F-5895,wall,4.8818,9.764,19.527,2.83
WL-B2F-5896,wall,0.207,0.69,1.38,0.2
WL-B2F-5897,wall,0.276,0.69,1.38,0.2
WL-B2F-5898,wall,0.7728,0.69,1.38,0.2
WL-B2F-5899,wall,3.2322,12.929,25.858,3.748
WL-B2F-5900,wall,0.9651,0.862,1.725,0.25
WL-B2F-5901,wall,6.0186,24.171,48.342,7.006
WL-B2F-5902,wall,0.1078,0.431,0.862,0.125
WL-B2F-5903,wall,0.0,0.0,0.0,0.0
WL-B2F-5904,wall,1.587,1.725,3.45,0.5
WL-B2F-5905,wall,0.5261,0.431,0.862,0.125
WL-B2F-5906,wall,0.1078,0.431,0.863,0.125
WL-B2F-5907,wall,1.1333,2.518,5.037,0.73
WL-B2F-5908,wall,0.058,0.233,0.466,0.067
WL-B2F-5909,wall,1.0522,0.862,1.725,0.25
WL-B2F-5910,wall,0.0,0.0,0.0,0.0
WL-B2F-5911,wall,0.966,0.863,1.725,0.25
WL-B2F-5912,wall,0.1294,0.517,1.035,0.15
WL-B2F-5913,wall,0.4744,1.898,3.795,0.55
WL-B2F-5914,wall,0.0,0.0,0.0,0.0
WL-B2F-5915,wall,0.0,0.0,0.0,0.0
WL-B2F-5916,wall,2.5626,2.174,4.347,0.63
WL-B2F-5917,wall,0.0,0.0,0.0,0.0
WL-B2F-5918,wall,0.0,0.0,0.0,0.0
WL-B2F-5919,wall,0.0,0.0,0.0,0.0
WL-B2F-5920,wall,0.0,0.0,0.0,0.0
WL-B2F-5921,wall,0.0,0.0,0.0,0.0
WL-B2F-5922,wall,0.0,0.0,0.0,0.0
WL-B2F-5923,wall,0.5423,1.087,2.173,0.315
WL-B2F-5924,wall,2.1217,4.243,8.487,1.23
WL-B2F-5925,wall,9.3098,18.113,36.225,5.25
WL-B2F-5926,wall,3.2603,6.521,13.041,1.89
WL-B2F-5927,wall,1.2456,5.003,10.005,1.45
WL-B2F-5928,wall,0.2976,1.19,2.381,0.345
WL-B2F-5929,wall,0.0539,0.216,0.431,0.062
WL-B2F-5930,wall,2.5986,10.436,20.872,3.025
WL-B2F-5931,wall,0.4959,1.984,3.968,0.575
WL-B2F-5932,wall,1.1385,4.554,9.108,1.32
WL-B2F-5933,wall,1.1385,4.554,9.108,1.32
WL-B2F-5934,wall,1.7423,3.485,6.969,1.01
WL-B2F-5935,wall,2.8376,5.675,11.35,1.645
WL-B2F-5936,wall,13.11,32.775,65.55,9.5
WL-B2F-5937,wall,1.2938,5.175,10.35,1.5
WL-B2F-5938,wall,0.9867,4.934,9.867,1.43
WL-B2F-5939,wall,3.1119,15.56,31.119,4.51
WL-B2F-5940,wall,2.5857,10.384,20.769,3.01
WL-B2F-5941,wall,0.4278,0.69,1.38,0.2
WL-B2F-5942,wall,0.897,0.69,1.38,0.2
WL-B2F-5943,wall,2.5013,12.506,25.013,3.625
WL-B2F-5944,wall,0.0,0.0,0.0,0.0
WL-B2F-5945,wall,9.8087,8.383,16.767,2.43
WL-B2F-5946,wall,0.5355,2.691,5.382,0.78
WL-B2F-5947,wall,0.4497,2.26,4.519,0.655
WL-B2F-5948,wall,1.0626,5.313,10.626,1.54
WL-B2F-5949,wall,1.3317,6.659,13.317,1.93
WL-B2F-5950,wall,0.6351,3.191,6.383,0.925
WL-B2F-5951,wall,2.07,8.28,16.56,2.4
WL-B2F-5952,wall,0.3174,1.587,3.174,0.46
WL-B2F-5953,wall,1.6991,6.797,13.593,1.97
WL-B2F-5954,wall,0.3467,1.742,3.485,0.505
WL-B2F-5955,wall,2.5314,10.126,20.251,2.935
WL-B2F-5956,wall,0.0,0.0,0.0,0.0
WL-B2F-5957,wall,0.4278,0.69,1.38,0.2
WL-B2F-5958,wall,2.3287,9.315,18.63,2.7
WL-B2F-5959,wall,1.6689,6.676,13.352,1.935
WL-B2F-5960,wall,0.5037,2.519,5.037,0.73
WL-B2F-5961,wall,2.1691,8.711,17.422,2.525
WL-B2F-5962,wall,0.5382,2.691,5.382,0.78
WL-B2F-5963,wall,1.2334,4.933,9.867,1.43
WL-B2F-5964,wall,0.6831,3.416,6.831,0.99
WL-B2F-5965,wall,0.6831,3.415,6.831,0.99
WL-B2F-5966,wall,0.4011,1.604,3.209,0.465
WL-B2F-5967,wall,2.001,5.003,10.005,1.45
WL-B2F-5968,wall,0.829,3.329,6.659,0.965
WL-B2F-5969,wall,0.1078,0.431,0.862,0.125
WL-B2F-5970,wall,0.0,0.0,0.0,0.0
WL-B2F-5971,wall,0.7935,0.862,1.725,0.25
WL-B2F-5972,wall,0.0,0.0,0.0,0.0
WL-B2F-5973,wall,0.1074,0.431,0.863,0.125
WL-B2F-5974,wall,1.1333,2.518,5.037,0.73
WL-B2F-5975,wall,0.058,0.233,0.466,0.067
WL-B2F-5976,wall,1.0522,0.862,1.725,0.25
WL-B2F-5977,wall,0.0,0.0,0.0,0.0
WL-B2F-5978,wall,1.1385,0.863,1.725,0.25
WL-B2F-5979,wall,0.0215,0.086,0.173,0.025
WL-B2F-5980,wall,0.4744,1.897,3.795,0.55
WL-B2F-5981,wall,0.0,0.0,0.0,0.0
WL-B2F-5982,wall,0.0,0.0,0.0,0.0
WL-B2F-5983,wall,0.0,0.0,0.0,0.0
WL-B2F-5984,wall,0.0,0.0,0.0,0.0
WL-B2F-5985,wall,0.0,0.0,0.0,0.0
WL-B2F-5986,wall,0.6555,0.863,1.725,0.25
WL-B2F-5987,wall,0.6555,2.622,5.244,0.76
WL-B2F-5988,wall,1.2199,4.899,9.798,1.42
WL-B2F-5989,wall,1.38,5.52,11.04,1.6
WL-B2F-5990,wall,2.139,8.556,17.112,2.48
WL-B2F-5991,wall,0.7926,0.863,1.725,0.25
WL-B2F-5992,wall,1.804,7.245,14.49,2.1
WL-B2F-5993,wall,5.7223,4.338,8.677,1.257
WL-B2F-5994,wall,0.3651,1.466,2.933,0.425
WL-B2F-5995,wall,1.1488,1.915,3.829,0.555
WL-B2F-5996,wall,3.8088,6.348,12.696,1.84
WL-B2F-5997,wall,3.105,3.45,6.9,1.0
WL-B2F-5998,wall,4.7403,7.901,15.801,2.29
WL-B2F-5999,wall,3.1921,2.958,5.917,0.858
WL-B2F-6000,wall,5.5694,9.298,18.596,2.695
WL-B2F-6001,wall,2.5254,2.07,4.14,0.6
WL-B2F-6002,wall,0.4497,2.26,4.52,0.655
WL-B2F-6003,wall,0.5355,2.691,5.382,0.78
WL-B2F-6004,wall,2.07,8.28,16.56,2.4
WL-B2F-6005,wall,0.5037,2.518,5.037,0.73
WL-B2F-6006,wall,1.2834,2.07,4.14,0.6
WL-B2F-6007,wall,0.0,0.0,0.0,0.0
WL-B2F-6008,wall,5.0662,20.346,40.693,5.897
WL-B2F-6009,wall,1.242,2.07,4.14,0.6
WL-B2F-6010,wall,8.5698,14.283,28.566,4.14
WL-B2F-6011,wall,5.2134,4.744,9.487,1.375
WL-B2F-6012,wall,0.9867,4.934,9.867,1.43
WL-B2F-6013,wall,2.0769,10.385,20.769,3.01
WL-B2F-6014,wall,0.4278,0.69,1.38,0.2
WL-B2F-6015,wall,0.8963,0.69,1.38,0.2
WL-B2F-6016,wall,2.8136,14.068,28.136,4.078
WL-B2F-6017,wall,3.0963,15.56,31.119,4.51
WL-B2F-6018,wall,0.5355,2.691,5.382,0.78
WL-B2F-6019,wall,0.4497,2.26,4.519,0.655
WL-B2F-6020,wall,1.3433,6.75,13.5,1.957
WL-B2F-6021,wall,2.0617,8.28,16.56,2.4
WL-B2F-6022,wall,1.3593,6.797,13.593,1.97
WL-B2F-6023,wall,0.1078,0.431,0.862,0.125
WL-B2F-6024,wall,0.0,0.0,0.0,0.0
WL-B2F-6025,wall,2.308,3.45,6.9,1.0
WL-B2F-6026,wall,6.7227,26.891,53.782,7.794
WL-B2F-6027,wall,1.9839,7.967,15.935,2.309
WL-B2F-6028,wall,5.7455,23.074,46.148,6.688
WL-B2F-6029,wall,0.3434,1.374,2.747,0.398
WL-B2F-6030,wall,0.0733,0.293,0.586,0.085
WL-B2F-6031,wall,3.7748,15.099,30.199,4.377
WL-B2F-6032,wall,1.2156,4.882,9.763,1.415
WL-B2F-6033,wall,1.9543,7.849,15.697,2.275
WL-B2F-6034,wall,2.891,11.61,23.221,3.365
WL-B2F-6035,wall,2.2507,9.039,18.078,2.62
WL-B2F-6036,wall,1.1204,0.863,1.725,0.25
WL-B2F-6037,wall,0.452,2.26,4.52,0.655
WL-B2F-6038,wall,0.5382,2.691,5.382,0.78
WL-B2F-6039,wall,2.07,8.28,16.56,2.4
WL-B2F-6040,wall,0.3651,1.466,2.933,0.425
WL-B2F-6041,wall,0.5339,0.862,1.725,0.25
WL-B2F-6042,wall,2.5986,10.436,20.872,3.025
WL-B2F-6043,wall,0.1078,0.431,0.862,0.125
WL-B2F-6044,wall,0.7926,0.862,1.725,0.25
WL-B2F-6045,wall,0.0,0.0,0.0,0.0
WL-B2F-6046,wall,0.1074,0.431,0.863,0.125
WL-B2F-6047,wall,2.0648,2.95,5.899,0.855
WL-B2F-6048,wall,0.058,0.233,0.466,0.067
WL-B2F-6049,wall,1.0522,0.862,1.725,0.25
WL-B2F-6050,wall,0.0,0.0,0.0,0.0
WL-B2F-6051,wall,1.1385,0.863,1.725,0.25
WL-B2F-6052,wall,0.4528,1.811,3.623,0.525
WL-B2F-6053,wall,3.2292,6.21,12.42,1.8
WL-B2F-6054,wall,0.0,0.0,0.0,0.0
WL-B2F-6055,wall,0.0,0.0,0.0,0.0
WL-B2F-6056,wall,0.0,0.0,0.0,0.0
WL-B2F-6057,wall,0.0,0.0,0.0,0.0
WL-B2F-6058,wall,0.0,0.0,0.0,0.0
WL-B2F-6059,wall,0.0,0.0,0.0,0.0
WL-B2F-6060,wall,0.0,0.0,0.0,0.0
WL-B2F-6061,wall,1.0609,4.243,8.487,1.23
WL-B2F-6062,wall,0.8789,0.862,1.725,0.25
WL-B2F-6063,wall,1.6301,6.521,13.041,1.89
WL-B2F-6064,wall,2.8031,11.213,22.425,3.25
WL-B2F-6065,wall,0.1768,0.707,1.415,0.205
WL-B2F-6066,wall,2.6091,10.436,20.872,3.025
WL-B2F-6067,wall,3.1055,12.472,24.944,3.615
WL-B2F-6068,wall,0.345,1.38,2.76,0.4
WL-B2F-6069,wall,1.1212,4.485,8.97,1.3
WL-B2F-6070,wall,0.3968,1.587,3.174,0.46
WL-B2F-6071,wall,0.3264,1.311,2.622,0.38
WL-B2F-6072,wall,0.8711,3.485,6.969,1.01
WL-B2F-6073,wall,1.1816,4.727,9.453,1.37
WL-B2F-6074,wall,0.216,0.27,0.541,0.078
WL-B2F-6075,wall,0.7866,0.69,1.38,0.2
WL-B2F-6076,wall,0.7859,0.69,1.38,0.2
WL-B2F-6077,wall,0.7866,0.69,1.38,0.2
WL-B2F-6078,wall,0.5348,2.139,4.278,0.62
WL-B2F-6079,wall,1.2813,2.139,4.278,0.62
WL-B2F-6080,wall,6.8434,27.484,54.967,7.966
WL-B2F-6081,wall,0.69,0.862,1.725,0.25
WL-B2F-6082,wall,0.69,0.863,1.725,0.25
WL-B2F-6083,wall,0.6891,0.863,1.725,0.25
WL-B2F-6084,wall,0.69,0.863,1.725,0.25
WL-B2F-6085,wall,0.0863,0.345,0.69,0.1
WL-B2F-6086,wall,2.6287,10.557,21.114,3.06
WL-B2F-6087,wall,2.0617,8.28,16.56,2.4
WL-B2F-6088,wall,0.6417,3.209,6.417,0.93
WL-B2F-6089,wall,1.8423,9.211,18.423,2.67
WL-B2F-6090,wall,0.4519,2.26,4.519,0.655
WL-B2F-6091,wall,10.616,9.073,18.147,2.63
WL-B2F-6092,wall,0.9867,4.934,9.867,1.43
WL-B2F-6093,wall,0.9108,0.69,1.38,0.2
WL-B2F-6094,wall,1.1489,5.744,11.489,1.665
WL-B2F-6095,wall,2.7565,13.783,27.565,3.995
WL-B2F-6096,wall,0.5779,2.312,4.623,0.67
WL-B2F-6097,wall,2.5573,10.229,20.458,2.965
WL-B2F-6098,wall,0.0,0.0,0.0,0.0
WL-B2F-6099,wall,2.1114,10.557,21.114,3.06
WL-B2F-6100,wall,3.2472,13.041,26.082,3.78
WL-B2F-6101,wall,3.5822,14.386,28.773,4.17
WL-B2F-6102,wall,0.0,0.0,0.0,0.0
WL-B2F-6103,wall,0.4425,0.776,1.552,0.225
WL-B2F-6104,wall,0.9876,3.95,7.9,1.145
WL-B2F-6105,wall,0.6986,2.795,5.589,0.81
WL-B2F-6106,wall,0.9488,3.795,7.59,1.1
WL-B2F-6107,wall,0.0,0.0,0.0,0.0
WL-B2F-6108,wall,1.863,7.452,14.904,2.16
WL-B2F-6109,wall,1.3929,5.572,11.144,1.615
WL-B2F-6110,wall,2.5659,10.264,20.528,2.975
WL-B2F-6111,wall,3.1869,12.748,25.495,3.695
WL-B2F-6112,wall,1.932,1.725,3.45,0.5
WL-B2F-6113,wall,13.9941,27.988,55.976,8.112
WL-B2F-6114,wall,1.4447,5.779,11.557,1.675
WL-B2F-6115,wall,3.5006,14.059,28.117,4.075
WL-B2F-6116,wall,4.2521,17.009,34.017,4.93
WL-B2F-6117,wall,1.1554,4.64,9.28,1.345
WL-B2F-6118,wall,0.1718,0.69,1.38,0.2
WL-B2F-6119,wall,0.4312,1.725,3.45,0.5
WL-B2F-6120,wall,2.4526,9.85,19.699,2.855
WL-B2F-6121,wall,0.7288,2.915,5.83,0.845
WL-B2F-6122,wall,5.4639,10.928,21.856,3.167
WL-B2F-6123,wall,0.9121,3.648,7.297,1.058
WL-B2F-6124,wall,0.8194,3.277,6.555,0.95
WL-B2F-6125,wall,5.8176,23.27,46.541,6.745
WL-B2F-6126,wall,21.7604,43.608,87.216,12.64
WL-B2F-6127,wall,9.9774,8.314,16.629,2.41
WL-B2F-6128,wall,2.2292,8.953,17.906,2.595
WL-B2F-6129,wall,2.1778,8.711,17.422,2.525
WL-B2F-6130,wall,0.3536,1.415,2.829,0.41
WL-B2F-6131,wall,1.8781,7.512,15.025,2.178
WL-B2F-6132,wall,3.1613,12.696,25.392,3.68
WL-B2F-6133,wall,1.6086,6.434,12.869,1.865
WL-B2F-6134,wall,0.966,0.863,1.725,0.25
WL-B2F-6135,wall,2.4064,9.626,19.251,2.79
WL-B2F-6136,wall,0.4209,1.69,3.381,0.49
WL-B2F-6137,wall,1.7267,6.935,13.869,2.01
WL-B2F-6138,wall,0.0,0.0,0.0,0.0
WL-B2F-6139,wall,0.966,0.863,1.725,0.25
WL-B2F-6140,wall,0.2491,1.0,2.001,0.29
WL-B2F-6141,wall,0.5455,2.191,4.381,0.635
WL-B2F-6142,wall,0.7688,3.088,6.175,0.895
WL-B2F-6143,wall,3.1184,12.524,25.047,3.63
WL-B2F-6144,wall,0.0,0.0,0.0,0.0
WL-B2F-6145,wall,0.7762,0.862,1.725,0.25
WL-B2F-6146,wall,0.7926,0.862,1.725,0.25
WL-B2F-6147,wall,2.9584,11.834,23.667,3.43
WL-B2F-6148,wall,1.0309,4.14,8.28,1.2
WL-B2F-6149,wall,0.0,0.0,0.0,0.0
WL-B2F-6150,wall,4.8864,19.546,39.091,5.665
WL-B2F-6151,wall,0.0906,0.362,0.725,0.105
WL-B2F-6152,wall,1.0169,0.863,1.725,0.25
WL-B2F-6153,wall,1.6646,6.659,13.317,1.93
WL-B2F-6154,wall,0.9574,3.829,7.659,1.11
WL-B2F-6155,wall,0.966,0.863,1.725,0.25
WL-B2F-6156,wall,1.035,0.862,1.725,0.25
WL-B2F-6157,wall,1.7768,1.725,3.45,0.5
WL-B2F-6158,wall,0.5779,2.312,4.623,0.67
WL-B2F-6159,wall,0.7866,0.69,1.38,0.2
WL-B2F-6160,wall,0.7866,0.69,1.38,0.2
WL-B2F-6161,wall,6.1151,12.23,24.46,3.545
WL-B2F-6162,wall,6.0375,15.094,30.188,4.375
WL-B2F-6163,wall,1.222,1.587,3.174,0.46
WL-B2F-6164,wall,7.1415,14.283,28.566,4.14
WL-B2F-6165,wall,1.2075,4.83,9.66,1.4
WL-B2F-6166,wall,7.4812,7.883,15.766,2.285
WL-B2F-6167,wall,4.4595,5.253,10.505,1.522
WL-B2F-6168,wall,1.0717,3.062,6.124,0.887
WL-B2F-6169,wall,1.8695,1.466,2.933,0.425
WL-B2F-6170,wall,1.8695,1.466,2.933,0.425
WL-B2F-6171,wall,4.8257,19.303,38.605,5.595
WL-B2F-6172,wall,1.8665,9.332,18.665,2.705
WL-B2F-6173,wall,0.1207,0.604,1.208,0.175
WL-B2F-6174,wall,2.4668,9.867,19.734,2.86
WL-B2F-6175,wall,0.7728,0.69,1.38,0.2
WL-B2F-6176,wall,0.8797,0.862,1.725,0.25
WL-B2F-6177,wall,0.1078,0.431,0.862,0.125
WL-B2F-6178,wall,0.0,0.0,0.0,0.0
WL-B2F-6179,wall,0.1078,0.431,0.863,0.125
WL-B2F-6180,wall,2.0648,2.95,5.899,0.855
WL-B2F-6181,wall,0.058,0.233,0.466,0.067
WL-B2F-6182,wall,1.0522,0.862,1.725,0.25
WL-B2F-6183,wall,0.1804,0.724,1.449,0.21
WL-B2F-6184,wall,0.0,0.0,0.0,0.0
WL-B2F-6185,wall,0.0,0.0,0.0,0.0
WL-B2F-6186,wall,2.1045,1.725,3.45,0.5
WL-B2F-6187,wall,2.5013,5.003,10.005,1.45
WL-B2F-6188,wall,1.0352,4.157,8.315,1.205
WL-B2F-6189,wall,1.688,6.779,13.558,1.965
WL-B2F-6190,wall,0.4934,0.897,1.794,0.26
WL-B2F-6191,wall,1.3444,5.399,10.798,1.565
WL-B2F-6192,wall,0.6555,0.863,1.725,0.25
WL-B2F-6193,wall,0.6555,2.622,5.244,0.76
WL-B2F-6194,wall,1.3358,5.365,10.729,1.555
WL-B2F-6195,wall,0.6891,0.863,1.725,0.25
WL-B2F-6196,wall,1.38,5.52,11.04,1.6
WL-B2F-6197,wall,2.139,8.556,17.112,2.48
WL-B2F-6198,wall,0.7926,0.863,1.725,0.25
WL-B2F-6199,wall,2.8948,2.855,5.71,0.828
WL-B2F-6200,wall,1.8113,7.245,14.49,2.1
WL-B2F-6201,wall,1.1859,4.744,9.487,1.375
WL-B2F-6202,wall,0.3666,1.466,2.933,0.425
WL-B2F-6203,wall,1.7595,1.725,3.45,0.5
WL-B2F-6204,wall,0.9038,1.811,3.623,0.525
WL-B2F-6205,wall,1.7578,1.725,3.45,0.5
WL-B2F-6206,wall,2.4188,4.847,9.695,1.405
WL-B2F-6207,wall,6.3764,5.882,11.764,1.705
WL-B2F-6208,wall,1.469,5.899,11.799,1.71
WL-B2F-6209,wall,1.018,4.088,8.177,1.185
WL-B2F-6210,wall,0.621,0.862,1.725,0.25
WL-B2F-6211,wall,0.6185,2.484,4.968,0.72
WL-B2F-6212,wall,1.7577,2.708,5.416,0.785
WL-B2F-6213,wall,0.451,1.811,3.623,0.525
WL-B2F-6214,wall,0.9703,3.881,7.763,1.125
WL-B2F-6215,wall,0.747,2.379,4.758,0.69
WL-B2F-6216,wall,2.7142,2.717,5.434,0.787
WL-B2F-6217,wall,0.921,1.846,3.691,0.535
WL-B2F-6218,wall,2.3413,4.692,9.384,1.36
WL-B2F-6219,wall,0.6025,1.207,2.415,0.35
WL-B2F-6220,wall,5.5631,11.126,22.253,3.225
WL-B2F-6221,wall,0.3019,1.207,2.415,0.35
WL-B2F-6222,wall,0.2105,0.845,1.69,0.245
WL-B2F-6223,wall,1.7954,7.211,14.421,2.09
WL-B2F-6224,wall,0.4768,1.915,3.83,0.555
WL-B2F-6225,wall,1.8113,7.245,14.49,2.1
WL-B2F-6226,wall,0.966,0.862,1.725,0.25
WL-B2F-6227,wall,0.7935,0.863,1.725,0.25
WL-B2F-6228,wall,1.587,1.725,3.45,0.5
WL-B2F-6229,wall,0.5853,1.173,2.346,0.34
WL-B2F-6230,wall,2.1028,1.725,3.45,0.5
WL-B2F-6231,wall,2.0528,4.106,8.211,1.19
WL-B2F-6232,wall,1.3955,1.725,3.45,0.5
WL-B2F-6233,wall,1.3973,2.795,5.589,0.81
WL-B2F-6234,wall,1.2051,2.415,4.83,0.7
WL-B2F-6235,wall,6.3764,5.882,11.764,1.705
WL-B2F-6236,wall,1.469,5.899,11.799,1.71
WL-B2F-6237,wall,2.5565,5.123,10.246,1.485
WL-B2F-6238,wall,1.242,1.725,3.45,0.5
WL-B2F-6239,wall,1.2395,2.484,4.968,0.72
WL-B2F-6240,wall,2.0375,3.139,6.279,0.91
WL-B2F-6241,wall,0.69,1.38,2.76,0.4
WL-B2F-6242,wall,2.1562,4.312,8.625,1.25
WL-B2F-6243,wall,1.7609,2.432,4.864,0.705
WL-B2F-6244,wall,1.6053,2.432,4.864,0.705
WL-B2F-6245,wall,2.3413,4.692,9.384,1.36
WL-B2F-6246,wall,0.6025,1.208,2.415,0.35
WL-B2F-6247,wall,2.9325,11.73,23.46,3.4
WL-B2F-6248,wall,3.1995,2.562,5.123,0.743
WL-B2F-6249,wall,0.2105,0.845,1.69,0.245
WL-B2F-6250,wall,1.7595,7.038,14.076,2.04
WL-B2F-6251,wall,0.4768,1.915,3.829,0.555
WL-B2F-6252,wall,1.8113,7.245,14.49,2.1
WL-B2F-6253,wall,0.966,0.862,1.725,0.25
WL-B2F-6254,wall,0.7935,0.863,1.725,0.25
WL-B2F-6255,wall,1.587,1.725,3.45,0.5
WL-B2F-6256,wall,0.5853,1.173,2.346,0.34
WL-B2F-6257,wall,0.7073,1.415,2.829,0.41
WL-B2F-6258,wall,2.0486,4.106,8.211,1.19
WL-B2F-6259,wall,2.1028,1.725,3.45,0.5
WL-B2F-6260,wall,1.4835,1.725,3.45,0.5
WL-B2F-6261,wall,1.4835,2.967,5.934,0.86
WL-B2F-6262,wall,1.3342,2.674,5.348,0.775
WL-B2F-6263,wall,1.207,4.847,9.695,1.405
WL-B2F-6264,wall,0.4911,0.518,1.035,0.15
WL-B2F-6265,wall,0.7331,2.933,5.865,0.85
WL-B2F-6266,wall,2.1261,8.539,17.078,2.475
WL-B2F-6267,wall,1.92,7.711,15.421,2.235
WL-B2F-6268,wall,1.688,6.779,13.559,1.965
WL-B2F-6269,wall,1.3929,5.572,11.144,1.615
WL-B2F-6270,wall,0.4933,0.897,1.794,0.26
WL-B2F-6271,wall,2.0165,1.725,3.45,0.5
WL-B2F-6272,wall,1.1212,2.242,4.485,0.65
WL-B2F-6273,wall,1.4663,1.725,3.45,0.5
WL-B2F-6274,wall,2.0183,4.037,8.073,1.17
WL-B2F-6275,wall,1.311,1.725,3.45,0.5
WL-B2F-6276,wall,1.4662,2.932,5.865,0.85
WL-B2F-6277,wall,1.311,2.622,5.244,0.76
WL-B2F-6278,wall,0.0,0.0,0.0,0.0
WL-B2F-6279,wall,0.0,0.0,0.0,0.0
WL-B2F-6280,wall,0.0,0.0,0.0,0.0
WL-B2F-6281,wall,0.0,0.0,0.0,0.0
WL-B2F-6282,wall,0.0,0.0,0.0,0.0
WL-B2F-6283,wall,1.0479,4.192,8.383,1.215
WL-B2F-6284,wall,1.2247,4.899,9.798,1.42
WL-B2F-6285,wall,1.1558,4.623,9.246,1.34
WL-B2F-6286,wall,0.3536,1.415,2.829,0.41
WL-B2F-6287,wall,1.7138,6.883,13.765,1.995
WL-B2F-6288,wall,0.9651,0.863,1.725,0.25
WL-B2F-6289,wall,6.3822,5.882,11.764,1.705
WL-B2F-6290,wall,1.469,5.899,11.799,1.71
WL-B2F-6291,wall,1.7604,2.708,5.416,0.785
WL-B2F-6292,wall,0.451,1.811,3.623,0.525
WL-B2F-6293,wall,1.8641,7.487,14.973,2.17
WL-B2F-6294,wall,0.9664,3.881,7.762,1.125
WL-B2F-6295,wall,0.8797,0.862,1.725,0.25
WL-B2F-6296,wall,3.934,7.714,15.428,2.236
WL-B2F-6297,wall,17.2065,14.846,29.692,4.303
WL-B2F-6298,wall,0.6744,2.708,5.416,0.785
WL-B2F-6299,wall,2.346,4.692,9.384,1.36
WL-B2F-6300,wall,5.5631,11.126,22.253,3.225
WL-B2F-6301,wall,0.3019,1.207,2.415,0.35
WL-B2F-6302,wall,0.2105,0.845,1.69,0.245
WL-B2F-6303,wall,0.4768,1.915,3.829,0.555
WL-B2F-6304,wall,1.7009,6.831,13.662,1.98
WL-B2F-6305,wall,0.966,0.862,1.725,0.25
WL-B2F-6306,wall,0.7935,0.862,1.725,0.25
WL-B2F-6307,wall,1.5853,1.725,3.45,0.5
WL-B2F-6308,wall,2.1028,1.725,3.45,0.5
WL-B2F-6309,wall,7.2391,14.507,29.014,4.205
WL-B2F-6310,wall,1.3955,1.725,3.45,0.5
WL-B2F-6311,wall,8.4356,16.905,33.81,4.9
WL-B2F-6312,wall,1.1812,4.744,9.487,1.375
WL-B2F-6313,wall,0.3666,1.466,2.933,0.425
WL-B2F-6314,wall,0.8789,0.863,1.725,0.25
WL-B2F-6315,wall,0.451,1.811,3.622,0.525
WL-B2F-6316,wall,0.4519,0.862,1.725,0.25
WL-B2F-6317,wall,0.399,0.776,1.552,0.225
WL-B2F-6318,wall,0.8849,0.776,1.552,0.225
WL-B2F-6319,wall,0.8719,3.502,7.003,1.015
WL-B2F-6320,wall,0.5428,2.171,4.343,0.629
WL-B2F-6321,wall,0.335,1.345,2.691,0.39
WL-B2F-6322,wall,1.2506,5.003,10.005,1.45
WL-B2F-6323,wall,0.3614,0.863,1.725,0.25
WL-B2F-6324,wall,0.64,2.57,5.14,0.745
WL-B2F-6325,wall,7.5581,6.607,13.214,1.915
WL-B2F-6326,wall,1.688,6.779,13.558,1.965
WL-B2F-6327,wall,1.3874,5.572,11.143,1.615
WL-B2F-6328,wall,0.4934,0.897,1.794,0.26
WL-B2F-6329,wall,1.9837,1.725,3.45,0.5
WL-B2F-6330,wall,1.5007,1.725,3.45,0.5
WL-B2F-6331,wall,1.311,1.725,3.45,0.5
WL-B2F-6332,wall,1.3745,5.52,11.04,1.6
WL-B2F-6333,wall,2.139,8.556,17.112,2.48
WL-B2F-6334,wall,0.7926,0.863,1.725,0.25
WL-B2F-6335,wall,1.804,7.245,14.49,2.1
WL-B2F-6336,wall,0.966,0.863,1.725,0.25
WL-B2F-6337,wall,1.2075,4.83,9.66,1.4
WL-B2F-6338,wall,6.3764,5.882,11.765,1.705
WL-B2F-6339,wall,1.469,5.9,11.799,1.71
WL-B2F-6340,wall,0.2105,0.845,1.691,0.245
WL-B2F-6341,wall,0.966,0.862,1.725,0.25
WL-B2F-6342,wall,0.4768,1.915,3.829,0.555
WL-B2F-6343,wall,1.804,7.245,14.49,2.1
WL-B2F-6344,wall,1.587,1.725,3.45,0.5
WL-B2F-6345,wall,2.1028,1.725,3.45,0.5
WL-B2F-6346,wall,2.3098,2.984,5.969,0.865
WL-B2F-6347,wall,1.9751,1.725,3.45,0.5
WL-B2F-6348,wall,0.7935,0.862,1.725,0.25
WL-B2F-6349,wall,1.242,1.725,3.45,0.5
WL-B2F-6350,wall,2.0743,3.191,6.382,0.925
WL-B2F-6351,wall,4.8596,4.865,9.729,1.41
WL-B2F-6352,wall,1.7215,3.45,6.9,1.0
WL-B2F-6353,wall,1.7578,1.725,3.45,0.5
WL-B2F-6354,wall,1.5051,3.01,6.02,0.872
WL-B2F-6355,wall,1.2593,2.519,5.037,0.73
WL-B2F-6356,wall,7.0035,14.007,28.014,4.06
WL-B2F-6357,wall,9.9101,19.82,39.641,5.745
WL-B2F-6358,wall,0.713,2.864,5.727,0.83
WL-B2F-6359,wall,1.7525,7.038,14.076,2.04
WL-B2F-6360,wall,1.1082,4.45,8.901,1.29
WL-B2F-6361,wall,1.7595,1.725,3.45,0.5
WL-B2F-6362,wall,2.2598,1.725,3.45,0.5
WL-B2F-6363,wall,1.0352,4.157,8.314,1.205
WL-B2F-6364,wall,1.3929,5.572,11.144,1.615
WL-B2F-6365,wall,0.5408,0.983,1.966,0.285
WL-B2F-6366,wall,0.5321,2.674,5.348,0.775
WL-B2F-6367,wall,0.8066,0.69,1.38,0.2
WL-B2F-6368,wall,0.5554,2.777,5.554,0.805
WL-B2F-6369,wall,0.364,1.82,3.64,0.528
WL-B2F-6370,wall,1.0514,0.862,1.725,0.25
WL-B2F-6371,wall,1.3716,5.486,10.973,1.59
WL-B2F-6372,wall,2.6802,10.764,21.528,3.12
WL-B2F-6373,wall,3.157,12.679,25.358,3.675
WL-B2F-6374,wall,1.7568,7.055,14.11,2.045
WL-B2F-6375,wall,0.4934,0.759,1.518,0.22
WL-B2F-6376,wall,1.4749,5.899,11.799,1.71
WL-B2F-6377,wall,1.5096,6.063,12.126,1.757
WL-B2F-6378,wall,1.8889,7.555,15.111,2.19
WL-B2F-6379,wall,1.062,4.248,8.496,1.231
WL-B2F-6380,wall,2.6614,10.688,21.376,3.098
WL-B2F-6381,wall,2.5278,10.152,20.303,2.942
WL-B2F-6382,wall,0.589,0.983,1.966,0.285
WL-B2F-6383,wall,0.408,1.639,3.277,0.475
WL-B2F-6384,wall,2.7721,9.936,19.872,2.88
WL-B2F-6385,wall,1.2585,5.054,10.109,1.465
WL-B2F-6386,wall,2.864,11.456,22.912,3.321
WL-B2F-6387,wall,0.0129,0.052,0.104,0.015
WL-B2F-6388,wall,1.0307,4.123,8.245,1.195
WL-B2F-6389,wall,5.4319,21.728,43.455,6.298
WL-B2F-6390,wall,0.6717,2.399,4.798,0.695
WL-B2F-6391,wall,1.3058,5.244,10.488,1.52
WL-B2F-6392,wall,2.2684,9.074,18.147,2.63
WL-B2F-6393,wall,0.3975,1.596,3.193,0.463
WL-B2F-6394,wall,1.3455,5.382,10.764,1.56
WL-B2F-6395,wall,4.0969,16.388,32.775,4.75
WL-B2F-6396,wall,2.6674,10.712,21.424,3.105
WL-B2F-6397,wall,4.6432,18.647,37.294,5.405
WL-B2F-6398,wall,10.9077,43.631,87.262,12.647
WL-B2F-6399,wall,2.1828,3.829,7.659,1.11
WL-B2F-6400,wall,1.7439,7.004,14.007,2.03
WL-B2F-6401,wall,10.1658,20.372,40.745,5.905
WL-B2F-6402,wall,11.7065,23.46,46.92,6.8
WL-B2F-6403,wall,0.7866,0.69,1.38,0.2
WL-B2F-6404,wall,45.1709,90.523,181.046,26.239
WL-B2F-6405,wall,38.0474,76.247,152.495,22.101
WL-B2F-6406,wall,0.7866,0.69,1.38,0.2
WL-B2F-6407,wall,7.2994,14.628,29.256,4.24
WL-B2F-6408,wall,4.7478,9.496,18.991,2.752
WL-B2F-6409,wall,7.8971,15.826,31.652,4.587
WL-B2F-6410,wall,7.9178,15.867,31.735,4.599
WL-B2F-6411,wall,0.5899,0.655,1.311,0.19
WL-B2F-6412,wall,0.8934,3.588,7.176,1.04
WL-B2F-6413,wall,1.8641,7.487,14.973,2.17
WL-B2F-6414,wall,1.2016,6.038,12.076,1.75
WL-B2F-6415,wall,1.2075,6.038,12.075,1.75
WL-B2F-6416,wall,1.2075,6.037,12.075,1.75
WL-B2F-6417,wall,3.5014,17.595,35.19,5.1
WL-B2F-6418,wall,0.6135,0.983,1.966,0.285
WL-B2F-6419,wall,3.1223,15.611,31.223,4.525
WL-B2F-6420,wall,2.7039,10.816,21.631,3.135
WL-B2F-6421,wall,2.2976,2.312,4.623,0.67
WL-B2F-6422,wall,3.0619,15.309,30.619,4.438
WL-B2F-6423,wall,2.2999,3.433,6.865,0.995
WL-B2F-6424,wall,0.9867,4.934,9.867,1.43
WL-B2F-6425,wall,0.5382,2.691,5.382,0.78
WL-B2F-6426,wall,1.61,8.09,16.18,2.345
WL-B2F-6427,wall,1.1392,0.897,1.794,0.26
WL-B2F-6428,wall,0.276,1.38,2.76,0.4
WL-B2F-6429,wall,1.8251,9.125,18.251,2.645
WL-B2F-6430,wall,0.4519,2.26,4.519,0.655
WL-B2F-6431,wall,10.6069,9.073,18.147,2.63
WL-B2F-6432,wall,0.9108,0.69,1.38,0.2
WL-B2F-6433,wall,1.1316,5.658,11.316,1.64
WL-B2F-6434,wall,0.0,0.0,0.0,0.0
WL-B2F-6435,wall,0.3968,0.431,0.863,0.125
WL-B2F-6436,wall,2.6651,10.661,21.321,3.09
WL-B2F-6437,wall,1.0781,4.33,8.659,1.255
WL-B2F-6438,wall,0.5541,2.225,4.45,0.645
WL-B2F-6439,wall,0.897,3.588,7.176,1.04
WL-B2F-6440,wall,1.6129,6.452,12.903,1.87
WL-B2F-6441,wall,1.3929,5.572,11.143,1.615
WL-B2F-6442,wall,2.8005,11.247,22.494,3.26
WL-B2F-6443,wall,1.9794,7.918,15.836,2.295
WL-B2F-6444,wall,1.7195,2.57,5.14,0.745
WL-B2F-6445,wall,3.0705,15.352,30.705,4.45
WL-B2F-6446,wall,0.5382,2.691,5.382,0.78
WL-B2F-6447,wall,1.9071,7.659,15.318,2.22
WL-B2F-6448,wall,0.4614,1.846,3.691,0.535
WL-B2F-6449,wall,0.0863,0.431,0.863,0.125
WL-B2F-6450,wall,2.3068,11.592,23.184,3.36
WL-B2F-6451,wall,0.0863,0.345,0.69,0.1
WL-B2F-6452,wall,1.1212,4.485,8.97,1.3
WL-B2F-6453,wall,1.4663,5.865,11.73,1.7
WL-B2F-6454,wall,0.1207,0.483,0.966,0.14
WL-B2F-6455,wall,0.8676,3.485,6.969,1.01
WL-B2F-6456,wall,1.7423,6.969,13.938,2.02
WL-B2F-6457,wall,1.0522,0.862,1.725,0.25
WL-B2F-6458,wall,0.2243,0.897,1.794,0.26
WL-B2F-6459,wall,6.6939,33.638,67.275,9.75
WL-B2F-6460,wall,2.6479,10.591,21.183,3.07
WL-B2F-6461,wall,1.1812,4.744,9.488,1.375
WL-B2F-6462,wall,0.0322,0.129,0.259,0.037
WL-B2F-6463,wall,0.1078,0.431,0.862,0.125
WL-B2F-6464,wall,3.223,6.21,12.42,1.8
WL-B2F-6465,wall,0.0,0.0,0.0,0.0
WL-B2F-6466,wall,0.0,0.0,0.0,0.0
WL-B2F-6467,wall,0.4873,0.863,1.725,0.25
WL-B2F-6468,wall,3.5822,14.386,28.773,4.17
WL-B2F-6469,wall,0.345,1.38,2.76,0.4
WL-B2F-6470,wall,1.1212,4.485,8.97,1.3
WL-B2F-6471,wall,1.3886,5.555,11.109,1.61
WL-B2F-6472,wall,0.0517,0.207,0.414,0.06
WL-B2F-6473,wall,0.8711,3.485,6.969,1.01
WL-B2F-6474,wall,0.4873,1.949,3.898,0.565
WL-B2F-6475,wall,0.2027,0.811,1.621,0.235
WL-B2F-6476,wall,0.7866,0.69,1.38,0.2
WL-B2F-6477,wall,0.897,0.69,1.38,0.2
WL-B2F-6478,wall,0.7866,0.69,1.38,0.2
WL-B2F-6479,wall,2.7341,10.937,21.873,3.17
WL-B2F-6480,wall,0.345,1.38,2.76,0.4
WL-B2F-6481,wall,1.217,1.466,2.932,0.425
WL-B2F-6482,wall,1.1514,2.156,4.312,0.625
WL-B2F-6483,wall,1.2247,4.899,9.798,1.42
WL-B2F-6484,wall,0.1778,0.776,1.552,0.225
WL-B2F-6485,wall,2.8111,2.51,5.02,0.728
WL-B2F-6486,wall,0.7728,0.69,1.38,0.2
WL-B2F-6487,wall,0.5175,2.07,4.14,0.6
WL-B2F-6488,wall,0.0,0.0,0.0,0.0
WL-B2F-6489,wall,0.9488,0.863,1.725,0.25
WL-B2F-6490,wall,2.6479,10.591,21.183,3.07
WL-B2F-6491,wall,0.0,0.0,0.0,0.0
WL-B2F-6492,wall,0.849,1.466,2.933,0.425
WL-B2F-6493,wall,0.3105,0.517,1.035,0.15
WL-B2F-6494,wall,0.9833,3.933,7.866,1.14
WL-B2F-6495,wall,0.6891,0.863,1.725,0.25
WL-B2F-6496,wall,0.6891,0.862,1.725,0.25
WL-B2F-6497,wall,0.69,0.862,1.725,0.25
WL-B2F-6498,wall,0.0,0.0,0.0,0.0
WL-B2F-6499,wall,0.0,0.0,0.0,0.0
WL-B2F-6500,wall,1.0522,0.862,1.725,0.25
WL-B2F-6501,wall,0.0,0.0,0.0,0.0
WL-B2F-6502,wall,1.1376,0.863,1.725,0.25
WL-B2F-6503,wall,0.4725,1.897,3.795,0.55
WL-B2F-6504,wall,0.0,0.0,0.0,0.0
WL-B2F-6505,wall,0.0,0.0,0.0,0.0
WL-B2F-6506,wall,0.0,0.0,0.0,0.0
WL-B2F-6507,wall,0.0,0.0,0.0,0.0
WL-B2F-6508,wall,0.0,0.0,0.0,0.0
WL-B2F-6509,wall,0.0,0.0,0.0,0.0
WL-B2F-6510,wall,0.0,0.0,0.0,0.0
WL-B2F-6511,wall,0.0539,0.216,0.431,0.063
WL-B2F-6512,wall,0.1768,0.707,1.415,0.205
WL-B2F-6513,wall,2.6287,10.557,21.114,3.06
WL-B2F-6514,wall,3.0754,12.351,24.702,3.58
WL-B2F-6515,wall,0.0,0.0,0.0,0.0
WL-B2F-6516,wall,0.8608,1.725,3.45,0.5
WL-B2F-6517,wall,1.5853,1.725,3.45,0.5
WL-B2F-6518,wall,0.0,0.0,0.0,0.0
WL-B2F-6519,wall,0.0,0.0,0.0,0.0
WL-B2F-6520,wall,5.6972,5.227,10.453,1.515
WL-B2F-6521,wall,0.5103,0.586,1.173,0.17
WL-B2F-6522,wall,0.0,0.0,0.0,0.0
WL-B2F-6523,wall,16.0194,13.576,27.152,3.935
WL-B2F-6524,wall,0.8798,0.863,1.725,0.25
WL-B2F-6525,wall,9.7568,11.972,23.943,3.47
WL-B2F-6526,wall,1.0997,4.399,8.798,1.275
WL-B2F-6527,wall,1.7768,1.725,3.45,0.5
WL-B2F-6528,wall,3.0645,3.226,6.452,0.935
WL-B2F-6529,wall,0.7388,2.967,5.934,0.86
WL-B2F-6530,wall,5.7564,4.364,8.729,1.265
WL-B2F-6531,wall,1.6129,6.452,12.903,1.87
WL-B2F-6532,wall,2.1959,2.312,4.623,0.67
WL-B2F-6533,wall,5.7069,11.437,22.874,3.315
WL-B2F-6534,wall,2.3691,3.76,7.521,1.09
WL-B2F-6535,wall,1.7578,1.725,3.45,0.5
WL-B2F-6536,wall,8.3323,16.698,33.396,4.84
WL-B2F-6537,wall,2.9051,5.822,11.644,1.687
WL-B2F-6538,wall,4.3246,3.761,7.521,1.09
WL-B2F-6539,wall,6.9154,27.772,55.545,8.05
WL-B2F-6540,wall,0.5355,2.691,5.382,0.78
WL-B2F-6541,wall,0.5382,2.691,5.382,0.78
WL-B2F-6542,wall,0.5973,3.002,6.003,0.87
WL-B2F-6543,wall,3.9416,15.766,31.533,4.57
WL-B2F-6544,wall,2.07,8.28,16.56,2.4
WL-B2F-6545,wall,0.7866,0.69,1.38,0.2
WL-B2F-6546,wall,1.5925,1.449,2.898,0.42
WL-B2F-6547,wall,0.9867,4.933,9.867,1.43
WL-B2F-6548,wall,2.5857,10.384,20.769,3.01
WL-B2F-6549,wall,0.4278,0.69,1.38,0.2
WL-B2F-6550,wall,0.897,0.69,1.38,0.2
WL-B2F-6551,wall,3.0963,15.56,31.119,4.51
WL-B2F-6552,wall,0.5355,2.691,5.382,0.78
WL-B2F-6553,wall,0.4519,2.26,4.519,0.655
WL-B2F-6554,wall,2.0617,8.28,16.56,2.4
WL-B2F-6555,wall,1.6991,6.797,13.593,1.97
WL-B2F-6556,wall,0.0,0.0,0.0,0.0
WL-B2F-6557,wall,0.0,0.0,0.0,0.0
WL-B2F-6558,wall,7.7359,5.865,11.73,1.7
WL-B2F-6559,wall,0.0,0.0,0.0,0.0
WL-B2F-6560,wall,0.0,0.0,0.0,0.0
WL-B2F-6561,wall,0.0,0.0,0.0,0.0
WL-B2F-6562,wall,0.0,0.0,0.0,0.0
WL-B2F-6563,wall,0.0,0.0,0.0,0.0
WL-B2F-6564,wall,0.0,0.0,0.0,0.0
WL-B2F-6565,wall,0.0,0.0,0.0,0.0
WL-B2F-6566,wall,0.0,0.0,0.0,0.0
WL-B2F-6567,wall,0.0,0.0,0.0,0.0
WL-B2F-6568,wall,0.0644,0.259,0.517,0.075
WL-B2F-6569,wall,1.6668,6.667,13.334,1.933
WL-B2F-6570,wall,0.5606,2.242,4.485,0.65
WL-B2F-6571,wall,1.1168,4.485,8.97,1.3
WL-B2F-6572,wall,0.7417,2.967,5.934,0.86
WL-B2F-6573,wall,2.5103,10.081,20.163,2.922
WL-B2F-6574,wall,6.2682,25.073,50.146,7.268
WL-B2F-6575,wall,5.2097,20.839,41.677,6.04
WL-B2F-6576,wall,2.0786,8.348,16.696,2.42
WL-B2F-6577,wall,0.7866,0.69,1.38,0.2
WL-B2F-6578,wall,0.0,0.0,0.0,0.0
WL-B2F-6579,wall,0.0,0.0,0.0,0.0
WL-B2F-6580,wall,1.0522,0.862,1.725,0.25
WL-B2F-6581,wall,0.0,0.0,0.0,0.0
WL-B2F-6582,wall,0.966,0.863,1.725,0.25
WL-B2F-6583,wall,0.4744,1.898,3.795,0.55
WL-B2F-6584,wall,3.2292,6.21,12.42,1.8
WL-B2F-6585,wall,0.8797,0.862,1.725,0.25
WL-B2F-6586,wall,0.0,0.0,0.0,0.0
WL-B2F-6587,wall,0.0,0.0,0.0,0.0
WL-B2F-6588,wall,0.0,0.0,0.0,0.0
WL-B2F-6589,wall,0.0,0.0,0.0,0.0
WL-B2F-6590,wall,0.0,0.0,0.0,0.0
WL-B2F-6591,wall,0.0,0.0,0.0,0.0
WL-B2F-6592,wall,0.9651,0.863,1.725,0.25
WL-B2F-6593,wall,0.0,0.0,0.0,0.0
WL-B2F-6594,wall,0.2976,1.19,2.38,0.345
WL-B2F-6595,wall,0.0539,0.216,0.431,0.062
WL-B2F-6596,wall,0.4054,0.862,1.725,0.25
WL-B2F-6597,wall,0.9215,1.501,3.001,0.435
WL-B2F-6598,wall,0.0,0.0,0.0,0.0
WL-B2F-6599,wall,3.3659,13.464,26.927,3.903
WL-B2F-6600,wall,4.94,19.76,39.52,5.728
WL-B2F-6601,wall,0.4658,2.329,4.658,0.675
WL-B2F-6602,wall,0.5382,2.691,5.382,0.78
WL-B2F-6603,wall,2.2792,9.117,18.233,2.643
WL-B2F-6604,wall,3.3206,13.282,26.565,3.85
WL-B2F-6605,wall,0.7474,3.002,6.003,0.87
WL-B2F-6606,wall,1.1924,4.77,9.539,1.382
WL-B2F-6607,wall,3.069,12.325,24.65,3.573
WL-B2F-6608,wall,1.0091,0.863,1.725,0.25
WL-B2F-6609,wall,1.0523,0.863,1.725,0.25
WL-B2F-6610,wall,2.0743,8.297,16.595,2.405
WL-B2F-6611,wall,1.7854,7.141,14.283,2.07
WL-B2F-6612,wall,1.8813,7.556,15.111,2.19
WL-B2F-6613,wall,1.4162,5.687,11.375,1.649
WL-B2F-6614,wall,1.1511,4.623,9.246,1.34
WL-B2F-6615,wall,0.1941,0.776,1.552,0.225
WL-B2F-6616,wall,2.4569,9.867,19.734,2.86
WL-B2F-6617,wall,5.9081,23.727,47.455,6.878
WL-B2F-6618,wall,5.4464,21.873,43.746,6.34
WL-B2F-6619,wall,7.2191,14.438,28.876,4.185
WL-B2F-6620,wall,2.0722,8.289,16.577,2.402
WL-B2F-6621,wall,1.5635,6.279,12.558,1.82
WL-B2F-6622,wall,1.542,6.193,12.386,1.795
WL-B2F-6623,wall,6.3913,12.808,25.616,3.712
WL-B2F-6624,wall,3.3009,13.257,26.513,3.842
WL-B2F-6625,wall,2.1821,8.729,17.457,2.53
WL-B2F-6626,wall,2.1219,8.521,17.043,2.47
WL-B2F-6627,wall,1.3831,5.555,11.109,1.61
WL-B2F-6628,wall,2.0961,8.418,16.836,2.44
WL-B2F-6629,wall,1.9071,7.659,15.318,2.22
WL-B2F-6630,wall,2.9929,11.971,23.943,3.47
WL-B2F-6631,wall,4.2394,17.026,34.052,4.935
WL-B2F-6632,wall,2.3925,9.608,19.216,2.785
WL-B2F-6633,wall,1.8009,9.005,18.009,2.61
WL-B2F-6634,wall,1.8606,9.35,18.699,2.71
WL-B2F-6635,wall,2.4647,12.385,24.771,3.59
WL-B2F-6636,wall,0.0,0.0,0.0,0.0
WL-B2F-6637,wall,1.0307,4.123,8.245,1.195
WL-B2F-6638,wall,1.6301,6.521,13.041,1.89
WL-B2F-6639,wall,1.2456,5.003,10.005,1.45
WL-B2F-6640,wall,0.0539,0.216,0.431,0.062
WL-B2F-6641,wall,0.1768,0.707,1.415,0.205
WL-B2F-6642,wall,2.0398,8.159,16.318,2.365
WL-B2F-6643,wall,0.7866,0.69,1.38,0.2
WL-B2F-6644,wall,0.7866,0.69,1.38,0.2
WL-B2F-6645,wall,0.4278,2.139,4.278,0.62
WL-B2F-6646,wall,0.897,4.485,8.97,1.3
WL-B2F-6647,wall,1.7595,3.519,7.038,1.02
WL-B2F-6648,wall,1.587,3.174,6.348,0.92
WL-B2F-6649,wall,2.7945,5.589,11.178,1.62
WL-B2F-6650,wall,1.2938,2.588,5.175,0.75
WL-B2F-6651,wall,0.4278,2.139,4.278,0.62
WL-B2F-6652,wall,0.7866,0.69,1.38,0.2
WL-B2F-6653,wall,0.828,0.69,1.38,0.2
WL-B2F-6654,wall,0.897,0.69,1.38,0.2
WL-B2F-6655,wall,0.7724,3.881,7.762,1.125
WL-B2F-6656,wall,1.0729,5.365,10.729,1.555
WL-B2F-6657,wall,2.7255,10.902,21.804,3.16
WL-B2F-6658,wall,0.4304,0.863,1.725,0.25
WL-B2F-6659,wall,0.3234,1.294,2.588,0.375
WL-B2F-6660,wall,1.8152,2.933,5.865,0.85
WL-B2F-6661,wall,0.5355,2.691,5.382,0.78
WL-B2F-6662,wall,2.07,8.28,16.56,2.4
WL-B2F-6663,wall,1.3593,6.797,13.593,1.97
WL-B2F-6664,wall,0.0,0.0,0.0,0.0
WL-B2F-6665,wall,1.7164,8.625,17.25,2.5
WL-B2F-6666,wall,0.552,2.76,5.52,0.8
WL-B2F-6667,wall,0.3105,1.552,3.105,0.45
WL-B2F-6668,wall,0.0172,0.345,0.69,0.1
WL-B2F-6669,wall,0.0,0.0,0.0,0.0
WL-B2F-6670,wall,0.0,0.0,0.0,0.0
WL-B2F-6671,wall,1.0522,0.862,1.725,0.25
WL-B2F-6672,wall,0.1078,0.431,0.862,0.125
WL-B2F-6673,wall,0.4744,1.898,3.795,0.55
WL-B2F-6674,wall,4.4491,7.176,14.352,2.08
WL-B2F-6675,wall,0.0,0.0,0.0,0.0
WL-B2F-6676,wall,0.0,0.0,0.0,0.0
WL-B2F-6677,wall,1.1212,4.485,8.97,1.3
WL-B2F-6678,wall,0.897,3.588,7.176,1.04
WL-B2F-6679,wall,0.8711,3.485,6.969,1.01
WL-B2F-6680,wall,0.5175,2.07,4.14,0.6
WL-B2F-6681,wall,0.0,0.0,0.0,0.0
WL-B2F-6682,wall,0.0733,0.293,0.587,0.085
WL-B2F-6683,wall,0.8021,3.209,6.417,0.93
WL-B2F-6684,wall,0.7728,0.69,1.38,0.2
WL-B2F-6685,wall,0.0,0.0,0.0,0.0
WL-B2F-6686,wall,0.0,0.0,0.0,0.0
WL-B2F-6687,wall,0.0,0.0,0.0,0.0
WL-B2F-6688,wall,0.1518,0.759,1.518,0.22
WL-B2F-6689,wall,0.7728,3.864,7.728,1.12
WL-B2F-6690,wall,1.1212,4.485,8.97,1.3
WL-B2F-6691,wall,0.8711,3.485,6.969,1.01
WL-B2F-6692,wall,1.2938,5.175,10.35,1.5
WL-B2F-6693,wall,0.9867,4.934,9.867,1.43
WL-B2F-6694,wall,2.5961,10.384,20.769,3.01
WL-B2F-6695,wall,0.4278,0.69,1.38,0.2
WL-B2F-6696,wall,0.9108,0.69,1.38,0.2
WL-B2F-6697,wall,2.1614,10.807,21.614,3.133
WL-B2F-6698,wall,3.1119,15.56,31.119,4.51
WL-B2F-6699,wall,2.4029,12.015,24.029,3.483
WL-B2F-6700,wall,0.5355,2.691,5.382,0.78
WL-B2F-6701,wall,0.4497,2.26,4.519,0.655
WL-B2F-6702,wall,1.8251,9.125,18.251,2.645
WL-B2F-6703,wall,2.1972,2.156,4.313,0.625
WL-B2F-6704,wall,0.3036,1.518,3.036,0.44
WL-B2F-6705,wall,1.4456,7.228,14.456,2.095
WL-B2F-6706,wall,0.3416,1.708,3.416,0.495
WL-B2F-6707,wall,2.1008,10.557,21.114,3.06
WL-B2F-6708,wall,0.0,0.0,0.0,0.0
WL-B2F-6709,wall,3.7737,5.641,11.281,1.635
WL-B2F-6710,wall,0.1074,0.431,0.862,0.125
WL-B2F-6711,wall,0.2286,0.914,1.828,0.265
WL-B2F-6712,wall,0.0,0.0,0.0,0.0
WL-B2F-6713,wall,0.1078,0.431,0.863,0.125
WL-B2F-6714,wall,1.0022,1.432,2.863,0.415
WL-B2F-6715,wall,0.073,0.293,0.586,0.085
WL-B2F-6716,wall,0.0216,0.086,0.172,0.025
WL-B2F-6717,wall,0.0752,0.302,0.604,0.087
WL-B2F-6718,wall,0.3973,1.596,3.191,0.462
WL-B2F-6719,wall,0.1074,0.431,0.862,0.125
WL-B2F-6720,wall,0.0,0.0,0.0,0.0
WL-B2F-6721,wall,0.0,0.0,0.0,0.0
WL-B2F-6722,wall,0.1078,0.431,0.862,0.125
WL-B2F-6723,wall,2.7341,10.936,21.873,3.17
WL-B2F-6724,wall,0.8789,0.862,1.725,0.25
WL-B2F-6725,wall,1.0393,4.157,8.315,1.205
WL-B2F-6726,wall,2.139,8.556,17.112,2.48
WL-B2F-6727,wall,0.7926,0.863,1.725,0.25
WL-B2F-6728,wall,1.804,7.245,14.49,2.1
WL-B2F-6729,wall,0.3651,1.466,2.933,0.425
WL-B2F-6730,wall,3.0659,6.132,12.264,1.777
WL-B2F-6731,wall,0.69,0.863,1.725,0.25
WL-B2F-6732,wall,0.207,0.828,1.656,0.24
WL-B2F-6733,wall,1.0523,0.863,1.725,0.25
WL-B2F-6734,wall,0.4497,2.26,4.52,0.655
WL-B2F-6735,wall,0.5355,2.691,5.382,0.78
WL-B2F-6736,wall,0.5339,0.862,1.725,0.25
WL-B2F-6737,wall,0.3666,1.466,2.932,0.425
WL-B2F-6738,wall,3.4061,13.679,27.359,3.965
WL-B2F-6739,wall,0.0,0.0,0.0,0.0
WL-B2F-6740,wall,0.5382,2.691,5.382,0.78
WL-B2F-6741,wall,6.8596,5.813,11.627,1.685
WL-B2F-6742,wall,0.0,0.0,0.0,0.0
WL-B2F-6743,wall,0.1596,0.638,1.277,0.185
WL-B2F-6744,wall,0.9617,3.847,7.694,1.115
WL-B2F-6745,wall,0.5348,0.863,1.725,0.25
WL-B2F-6746,wall,1.1169,4.468,8.935,1.295
WL-B2F-6747,wall,0.9617,3.847,7.693,1.115
WL-B2F-6748,wall,4.4785,17.986,35.972,5.213
WL-B2F-6749,wall,6.7851,27.14,54.281,7.867
WL-B2F-6750,wall,2.4318,4.864,9.727,1.41
WL-B2F-6751,wall,1.2924,5.17,10.34,1.498
WL-B2F-6752,wall,8.5555,14.283,28.566,4.14
WL-B2F-6753,wall,0.4519,2.26,4.519,0.655
WL-B2F-6754,wall,0.5382,2.691,5.382,0.78
WL-B2F-6755,wall,2.07,8.28,16.56,2.4
WL-B2F-6756,wall,1.2399,2.07,4.14,0.6
WL-B2F-6757,wall,1.2813,2.07,4.14,0.6
WL-B2F-6758,wall,0.0,0.0,0.0,0.0
WL-B2F-6759,wall,0.0,0.0,0.0,0.0
WL-B2F-6760,wall,0.1074,0.431,0.862,0.125
WL-B2F-6761,wall,0.0,0.0,0.0,0.0
WL-B2F-6762,wall,1.4749,5.9,11.799,1.71
WL-B2F-6763,wall,0.7116,2.846,5.692,0.825
WL-B2F-6764,wall,0.2415,0.966,1.932,0.28
WL-B2F-6765,wall,2.7039,2.846,5.693,0.825
WL-B2F-6766,wall,1.5525,6.21,12.42,1.8
WL-B2F-6767,wall,0.0992,0.397,0.794,0.115
WL-B2F-6768,wall,0.8798,0.863,1.725,0.25
WL-B2F-6769,wall,0.4528,1.811,3.623,0.525
WL-B2F-6770,wall,0.4744,1.898,3.795,0.55
WL-B2F-6771,wall,0.6124,2.45,4.899,0.71
WL-B2F-6772,wall,0.7935,0.863,1.725,0.25
WL-B2F-6773,wall,1.0523,0.863,1.725,0.25
WL-B2F-6774,wall,0.7029,2.812,5.623,0.815
WL-B2F-6775,wall,1.2248,4.899,9.798,1.42
WL-B2F-6776,wall,0.2156,0.863,1.725,0.25
WL-B2F-6777,wall,0.6676,1.484,2.967,0.43
WL-B2F-6778,wall,1.3766,1.449,2.898,0.42
WL-B2F-6779,wall,0.0,0.0,0.0,0.0
WL-B2F-6780,wall,0.0,0.0,0.0,0.0
WL-B2F-6781,wall,0.0,0.0,0.0,0.0
WL-B2F-6782,wall,0.0,0.0,0.0,0.0
WL-B2F-6783,wall,0.0,0.0,0.0,0.0
WL-B2F-6784,wall,0.0,0.0,0.0,0.0
WL-B2F-6785,wall,0.2027,0.811,1.621,0.235
WL-B2F-6786,wall,0.0431,0.173,0.345,0.05
WL-B2F-6787,wall,1.0307,4.123,8.246,1.195
WL-B2F-6788,wall,1.1385,0.863,1.725,0.25
WL-B2F-6789,wall,0.1078,0.431,0.862,0.125
WL-B2F-6790,wall,0.0,0.0,0.0,0.0
WL-B2F-6791,wall,0.0,0.0,0.0,0.0
WL-B2F-6792,wall,0.1078,0.431,0.862,0.125
WL-B2F-6793,wall,0.0,0.0,0.0,0.0
WL-B2F-6794,wall,0.7859,0.69,1.38,0.2
WL-B2F-6795,wall,0.7866,0.69,1.38,0.2
WL-B2F-6796,wall,0.7866,0.69,1.38,0.2
WL-B2F-6797,wall,0.0,0.0,0.0,0.0
WL-B2F-6798,wall,0.0,0.0,0.0,0.0
WL-B2F-6799,wall,0.5326,2.139,4.278,0.62
WL-B2F-6800,wall,2.622,5.244,10.488,1.52
WL-B2F-6801,wall,2.1045,4.209,8.418,1.22
WL-B2F-6802,wall,3.4241,3.424,6.848,0.993
WL-B2F-6803,wall,1.5999,3.2,6.4,0.928
WL-B2F-6804,wall,5.1991,10.419,20.838,3.02
WL-B2F-6805,wall,2.7889,5.589,11.178,1.62
WL-B2F-6806,wall,1.048,4.209,8.418,1.22
WL-B2F-6807,wall,2.7945,5.589,11.178,1.62
WL-B2F-6808,wall,2.6168,5.244,10.488,1.52
WL-B2F-6809,wall,2.6168,5.244,10.488,1.52
WL-B2F-6810,wall,0.7747,1.552,3.105,0.45
WL-B2F-6811,wall,0.5814,0.776,1.553,0.225
WL-B2F-6812,wall,1.7595,3.519,7.038,1.02
WL-B2F-6813,wall,0.7441,1.57,3.14,0.455
WL-B2F-6814,wall,2.1003,4.209,8.418,1.22
WL-B2F-6815,wall,1.0523,4.209,8.418,1.22
WL-B2F-6816,wall,0.7935,3.174,6.348,0.92
WL-B2F-6817,wall,0.0,0.0,0.0,0.0
WL-B2F-6818,wall,0.69,0.863,1.725,0.25
WL-B2F-6819,wall,0.69,0.862,1.725,0.25
WL-B2F-6820,wall,4.6715,18.686,37.372,5.416
WL-B2F-6821,wall,2.9531,2.898,5.796,0.84
WL-B2F-6822,wall,2.4044,12.083,24.165,3.502
WL-B2F-6823,wall,5.4752,27.514,55.028,7.975
WL-B2F-6824,wall,5.313,26.565,53.13,7.7
WL-B2F-6825,wall,5.589,27.945,55.89,8.1
WL-B2F-6826,wall,6.7275,26.91,53.82,7.8
WL-B2F-6827,wall,13.8099,34.611,69.222,10.032
WL-B2F-6828,wall,0.4304,0.862,1.725,0.25
WL-B2F-6829,wall,43.6413,87.457,174.915,25.35
WL-B2F-6830,wall,4.553,18.285,36.57,5.3
WL-B2F-6831,wall,6.7006,26.91,53.82,7.8
WL-B2F-6832,wall,6.7275,26.91,53.82,7.8
WL-B2F-6833,wall,4.5713,18.285,36.57,5.3
WL-B2F-6834,wall,6.7275,26.91,53.82,7.8
WL-B2F-6835,wall,6.7006,26.91,53.82,7.8
WL-B2F-6836,wall,5.382,26.91,53.82,7.8
WL-B2F-6837,wall,4.5368,9.074,18.147,2.63
WL-B2F-6838,wall,50.577,126.443,252.885,36.65
WL-B2F-6839,wall,48.8056,122.32,244.639,35.455
WL-B2F-6840,wall,11.6993,29.248,58.496,8.478
WL-B2F-6841,wall,3.8915,15.628,31.257,4.53
WL-B2F-6842,wall,5.1543,20.7,41.4,6.0
WL-B2F-6843,wall,5.175,20.7,41.4,6.0
WL-B2F-6844,wall,12.5089,25.018,50.036,7.252
WL-B2F-6845,wall,10.3487,25.872,51.743,7.499
WL-B2F-6846,wall,6.1251,20.485,40.971,5.938
WL-B2F-6847,wall,1.4927,3.741,7.482,1.084
WL-B2F-6848,wall,2.8247,11.299,22.597,3.275
WL-B2F-6849,wall,11.9837,48.127,96.255,13.95
WL-B2F-6850,wall,6.6197,26.479,52.957,7.675
WL-B2F-6851,wall,3.2732,13.093,26.186,3.795
WL-B2F-6852,wall,6.7275,26.91,53.82,7.8
WL-B2F-6853,wall,2.6737,10.695,21.39,3.1
WL-B2F-6854,wall,7.2234,28.894,57.787,8.375
WL-B2F-6855,wall,5.1543,20.7,41.4,6.0
WL-B2F-6856,wall,2.5557,10.264,20.527,2.975
WL-B2F-6857,wall,6.7275,26.91,53.82,7.8
WL-B2F-6858,wall,7.245,28.98,57.96,8.4
WL-B2F-6859,wall,6.555,26.22,52.44,7.6
WL-B2F-6860,wall,4.2262,16.905,33.81,4.9
WL-B2F-6861,wall,6.555,26.22,52.44,7.6
WL-B2F-6862,wall,6.5288,26.22,52.44,7.6
WL-B2F-6863,wall,5.0025,20.01,40.02,5.8
WL-B2F-6864,wall,3.9516,15.87,31.74,4.6
WL-B2F-6865,wall,4.14,16.56,33.12,4.8
WL-B2F-6866,wall,1.2701,6.382,12.765,1.85
WL-B2F-6867,wall,5.9261,14.815,29.63,4.294
WL-B2F-6868,wall,3.4322,3.402,6.803,0.986
WL-B2F-6869,wall,4.4866,11.216,22.433,3.251
WL-B2F-6870,wall,0.7421,2.98,5.96,0.864
WL-B2F-6871,wall,10.7268,42.907,85.815,12.437
WL-B2F-6872,wall,1.4323,5.752,11.505,1.667
WL-B2F-6873,wall,6.607,26.534,53.069,7.691
WL-B2F-6874,wall,3.0625,12.25,24.5,3.551
WL-B2F-6875,wall,1.4482,5.793,11.585,1.679
WL-B2F-6876,wall,0.4119,2.07,4.14,0.6
WL-B2F-6877,wall,0.7689,3.864,7.728,1.12
WL-B2F-6878,wall,2.5368,10.147,20.294,2.941
WL-B2F-6879,wall,1.1305,2.833,5.667,0.821
WL-B2F-6880,wall,1.9303,1.725,3.45,0.5
WL-B2F-6881,wall,1.469,5.9,11.799,1.71
WL-B2F-6882,wall,0.9651,0.862,1.725,0.25
WL-B2F-6883,wall,0.4768,1.915,3.829,0.555
WL-B2F-6884,wall,1.804,7.245,14.49,2.1
WL-B2F-6885,wall,1.8846,7.538,15.076,2.185
WL-B2F-6886,wall,1.5853,1.725,3.45,0.5
WL-B2F-6887,wall,2.1045,1.725,3.45,0.5
WL-B2F-6888,wall,7.2191,14.438,28.876,4.185
WL-B2F-6889,wall,1.9734,1.725,3.45,0.5
WL-B2F-6890,wall,9.6751,19.389,38.778,5.62
WL-B2F-6891,wall,0.7935,0.863,1.725,0.25
WL-B2F-6892,wall,0.621,0.863,1.725,0.25
WL-B2F-6893,wall,0.621,2.484,4.968,0.72
WL-B2F-6894,wall,1.794,2.76,5.52,0.8
WL-B2F-6895,wall,0.4528,1.811,3.623,0.525
WL-B2F-6896,wall,0.8798,0.863,1.725,0.25
WL-B2F-6897,wall,0.3007,1.207,2.415,0.35
WL-B2F-6898,wall,0.1074,0.431,0.863,0.125
WL-B2F-6899,wall,0.0,0.0,0.0,0.0
WL-B2F-6900,wall,0.452,2.26,4.52,0.655
WL-B2F-6901,wall,0.5183,2.605,5.21,0.755
WL-B2F-6902,wall,1.1213,0.863,1.725,0.25
WL-B2F-6903,wall,0.6894,2.769,5.537,0.802
WL-B2F-6904,wall,0.7968,3.2,6.4,0.928
WL-B2F-6905,wall,1.9665,9.833,19.665,2.85
WL-B2F-6906,wall,0.0,0.0,0.0,0.0
WL-B2F-6907,wall,1.656,8.28,16.56,2.4
WL-B2F-6908,wall,0.1078,0.431,0.862,0.125
WL-B2F-6909,wall,1.6152,6.461,12.921,1.873
WL-B2F-6910,wall,5.848,23.392,46.784,6.78
WL-B2F-6911,wall,2.5233,2.07,4.14,0.6
WL-B2F-6912,wall,0.5355,2.691,5.382,0.78
WL-B2F-6913,wall,2.07,8.28,16.56,2.4
WL-B2F-6914,wall,0.8247,3.312,6.624,0.96
WL-B2F-6915,wall,1.3929,5.572,11.144,1.615
WL-B2F-6916,wall,1.1812,4.744,9.487,1.375
WL-B2F-6917,wall,1.0352,4.157,8.314,1.205
WL-B2F-6918,wall,0.4933,0.897,1.794,0.26
WL-B2F-6919,wall,0.2113,0.845,1.691,0.245
WL-B2F-6920,wall,1.3358,5.365,10.73,1.555
WL-B2F-6921,wall,1.38,5.52,11.04,1.6
WL-B2F-6922,wall,2.0445,8.211,16.422,2.38
WL-B2F-6923,wall,0.3651,1.466,2.933,0.425
WL-B2F-6924,wall,0.0,0.0,0.0,0.0
WL-B2F-6925,wall,0.2717,1.087,2.173,0.315
WL-B2F-6926,wall,0.0,0.0,0.0,0.0
WL-B2F-6927,wall,1.0522,0.862,1.725,0.25
WL-B2F-6928,wall,0.0,0.0,0.0,0.0
WL-B2F-6929,wall,1.1385,0.863,1.725,0.25
WL-B2F-6930,wall,0.9919,3.967,7.935,1.15
WL-B2F-6931,wall,0.0,0.0,0.0,0.0
WL-B2F-6932,wall,0.0,0.0,0.0,0.0
WL-B2F-6933,wall,0.0,0.0,0.0,0.0
WL-B2F-6934,wall,0.0,0.0,0.0,0.0
WL-B2F-6935,wall,0.0,0.0,0.0,0.0
WL-B2F-6936,wall,0.8798,0.863,1.725,0.25
WL-B2F-6937,wall,0.0,0.0,0.0,0.0
WL-B2F-6938,wall,0.0,0.0,0.0,0.0
WL-B2F-6939,wall,0.0,0.0,0.0,0.0
WL-B2F-6940,wall,0.1078,0.431,0.862,0.125
WL-B2F-6941,wall,0.8798,0.863,1.725,0.25
WL-B2F-6942,wall,0.0644,0.259,0.517,0.075
WL-B2F-6943,wall,0.1074,0.431,0.863,0.125
WL-B2F-6944,wall,0.0,0.0,0.0,0.0
WL-B2F-6945,wall,0.0,0.0,0.0,0.0
WL-B2F-6946,wall,0.0,0.0,0.0,0.0
WL-B2F-6947,wall,0.966,0.863,1.725,0.25
WL-B2F-6948,wall,0.6857,2.743,5.485,0.795
WL-B2F-6949,wall,0.8366,3.347,6.693,0.97
WL-B2F-6950,wall,0.897,3.588,7.176,1.04
WL-B2F-6951,wall,0.1074,0.431,0.862,0.125
WL-B2F-6952,wall,0.1078,0.431,0.862,0.125
WL-B2F-6953,wall,0.0776,0.31,0.621,0.09
WL-B2F-6954,wall,0.7935,0.863,1.725,0.25
WL-B2F-6955,wall,0.6124,2.45,4.899,0.71
WL-B2F-6956,wall,1.0523,0.863,1.725,0.25
WL-B2F-6957,wall,0.0,0.0,0.0,0.0
WL-B2F-6958,wall,0.7866,0.69,1.38,0.2
WL-B2F-6959,wall,0.7866,0.69,1.38,0.2
WL-B2F-6960,wall,0.451,1.811,3.623,0.525
WL-B2F-6961,wall,0.3364,1.345,2.691,0.39
WL-B2F-6962,wall,0.6915,2.777,5.554,0.805
WL-B2F-6963,wall,1.6236,6.52,13.041,1.89
WL-B2F-6964,wall,1.3874,5.572,11.144,1.615
WL-B2F-6965,wall,0.2212,0.888,1.777,0.257
WL-B2F-6966,wall,1.982,1.725,3.45,0.5
WL-B2F-6967,wall,1.499,1.725,3.45,0.5
WL-B2F-6968,wall,1.311,1.725,3.45,0.5
WL-B2F-6969,wall,2.139,8.556,17.112,2.48
WL-B2F-6970,wall,0.7926,0.863,1.725,0.25
WL-B2F-6971,wall,1.804,7.245,14.49,2.1
WL-B2F-6972,wall,1.0514,0.863,1.725,0.25
WL-B2F-6973,wall,1.469,5.9,11.799,1.71
WL-B2F-6974,wall,0.408,1.639,3.278,0.475
WL-B2F-6975,wall,1.804,7.245,14.49,2.1
WL-B2F-6976,wall,1.0867,4.347,8.694,1.26
WL-B2F-6977,wall,1.587,1.725,3.45,0.5
WL-B2F-6978,wall,2.1045,1.725,3.45,0.5
WL-B2F-6979,wall,7.0035,14.007,28.014,4.06
WL-B2F-6980,wall,1.9751,1.725,3.45,0.5
WL-B2F-6981,wall,9.9101,19.82,39.641,5.745
WL-B2F-6982,wall,0.7935,0.862,1.725,0.25
WL-B2F-6983,wall,1.242,1.725,3.45,0.5
WL-B2F-6984,wall,1.725,3.45,6.9,1.0
WL-B2F-6985,wall,1.7595,1.725,3.45,0.5
WL-B2F-6986,wall,1.2593,2.519,5.037,0.73
WL-B2F-6987,wall,0.7159,2.864,5.727,0.83
WL-B2F-6988,wall,2.691,5.382,10.764,1.56
WL-B2F-6989,wall,1.1204,0.863,1.725,0.25
WL-B2F-6990,wall,0.452,2.26,4.52,0.655
WL-B2F-6991,wall,0.5382,2.691,5.382,0.78
WL-B2F-6992,wall,2.07,8.28,16.56,2.4
WL-B2F-6993,wall,0.5339,0.863,1.725,0.25
WL-B2F-6994,wall,6.3777,25.613,51.227,7.424
WL-B2F-6995,wall,0.6607,2.654,5.307,0.769
WL-B2F-6996,wall,1.6875,3.382,6.763,0.98
WL-B2F-6997,wall,0.4497,2.26,4.52,0.655
WL-B2F-6998,wall,2.139,8.556,17.112,2.48
WL-B2F-6999,wall,0.7926,0.862,1.725,0.25
WL-B2F-7000,wall,0.7866,0.69,1.38,0.2
WL-B2F-7001,wall,0.451,1.811,3.622,0.525
WL-B2F-7002,wall,0.966,0.862,1.725,0.25
WL-B2F-7003,wall,0.6891,0.862,1.725,0.25
WL-B2F-7004,wall,0.6891,0.862,1.725,0.25
WL-B2F-7005,wall,0.6891,0.863,1.725,0.25
WL-B2F-7006,wall,3.2859,13.196,26.393,3.825
WL-B2F-7007,wall,3.65,14.6,29.2,4.232
WL-B2F-7008,wall,0.3105,0.518,1.035,0.15
WL-B2F-7009,wall,0.69,0.863,1.725,0.25
WL-B2F-7010,wall,0.6891,0.863,1.725,0.25
WL-B2F-7011,wall,0.0293,0.117,0.234,0.034
WL-B2F-7012,wall,6.7757,27.103,54.206,7.856
WL-B2F-7013,wall,0.0559,0.224,0.449,0.065
WL-B2F-7014,wall,2.7493,5.51,11.019,1.597
WL-B2F-7015,wall,0.1478,0.591,1.182,0.171
WL-B2F-7016,wall,0.2286,0.914,1.828,0.265
WL-B2F-7017,wall,6.006,24.121,48.241,6.991
WL-B2F-7018,wall,0.1074,0.431,0.862,0.125
WL-B2F-7019,wall,0.1078,0.431,0.863,0.125
WL-B2F-7020,wall,0.6947,1.544,3.088,0.447
WL-B2F-7021,wall,0.073,0.293,0.586,0.085
WL-B2F-7022,wall,1.0522,0.862,1.725,0.25
WL-B2F-7023,wall,0.0,0.0,0.0,0.0
WL-B2F-7024,wall,1.1376,0.863,1.725,0.25
WL-B2F-7025,wall,0.0,0.0,0.0,0.0
WL-B2F-7026,wall,0.0,0.0,0.0,0.0
WL-B2F-7027,wall,0.0,0.0,0.0,0.0
WL-B2F-7028,wall,0.0,0.0,0.0,0.0
WL-B2F-7029,wall,0.0,0.0,0.0,0.0
WL-B2F-7030,wall,0.0539,0.216,0.431,0.063
WL-B2F-7031,wall,2.6091,10.436,20.872,3.025
WL-B2F-7032,wall,2.0317,8.159,16.318,2.365
WL-B2F-7033,wall,0.2803,1.121,2.243,0.325
WL-B2F-7034,wall,0.451,1.811,3.623,0.525
WL-B2F-7035,wall,0.3651,1.466,2.932,0.425
WL-B2F-7036,wall,0.335,1.345,2.691,0.39
WL-B2F-7037,wall,1.2506,5.002,10.005,1.45
WL-B2F-7038,wall,0.3614,0.863,1.725,0.25
WL-B2F-7039,wall,1.3239,5.296,10.592,1.535
WL-B2F-7040,wall,1.587,6.348,12.696,1.84
WL-B2F-7041,wall,1.3874,5.572,11.143,1.615
WL-B2F-7042,wall,0.2212,0.888,1.777,0.257
WL-B2F-7043,wall,1.9838,1.725,3.45,0.5
WL-B2F-7044,wall,1.119,2.242,4.485,0.65
WL-B2F-7045,wall,1.499,1.725,3.45,0.5
WL-B2F-7046,wall,1.311,1.725,3.45,0.5
WL-B2F-7047,wall,1.3745,5.52,11.04,1.6
WL-B2F-7048,wall,2.1304,8.556,17.112,2.48
WL-B2F-7049,wall,0.7935,0.863,1.725,0.25
WL-B2F-7050,wall,1.804,7.245,14.49,2.1
WL-B2F-7051,wall,0.966,0.862,1.725,0.25
WL-B2F-7052,wall,1.469,5.9,11.799,1.71
WL-B2F-7053,wall,0.2105,0.845,1.691,0.245
WL-B2F-7054,wall,0.9651,0.863,1.725,0.25
WL-B2F-7055,wall,0.4768,1.915,3.829,0.555
WL-B2F-7056,wall,1.804,7.245,14.49,2.1
WL-B2F-7057,wall,1.0867,4.347,8.694,1.26
WL-B2F-7058,wall,1.587,1.725,3.45,0.5
WL-B2F-7059,wall,2.1028,1.725,3.45,0.5
WL-B2F-7060,wall,6.3525,12.73,25.461,3.69
WL-B2F-7061,wall,1.9734,1.725,3.45,0.5
WL-B2F-7062,wall,1.7854,3.571,7.141,1.035
WL-B2F-7063,wall,0.7926,0.862,1.725,0.25
WL-B2F-7064,wall,1.242,1.725,3.45,0.5
WL-B2F-7065,wall,0.9479,3.019,6.038,0.875
WL-B2F-7066,wall,0.2717,0.543,1.087,0.157
WL-B2F-7067,wall,8.1085,16.249,32.499,4.71
WL-B2F-7068,wall,0.713,2.864,5.727,0.83
WL-B2F-7069,wall,0.8177,1.639,3.277,0.475
WL-B2F-7070,wall,1.7595,7.038,14.076,2.04
WL-B2F-7071,wall,1.9303,1.725,3.45,0.5
WL-B2F-7072,wall,1.469,5.899,11.799,1.71
WL-B2F-7073,wall,0.2105,0.845,1.69,0.245
WL-B2F-7074,wall,0.966,0.862,1.725,0.25
WL-B2F-7075,wall,0.4768,1.915,3.829,0.555
WL-B2F-7076,wall,1.804,7.245,14.49,2.1
WL-B2F-7077,wall,1.877,7.538,15.077,2.185
WL-B2F-7078,wall,1.5853,1.725,3.45,0.5
WL-B2F-7079,wall,2.1045,1.725,3.45,0.5
WL-B2F-7080,wall,6.3653,12.731,25.461,3.69
WL-B2F-7081,wall,1.9734,1.725,3.45,0.5
WL-B2F-7082,wall,8.7713,17.578,35.156,5.095
WL-B2F-7083,wall,0.7935,0.862,1.725,0.25
WL-B2F-7084,wall,1.2808,5.123,10.247,1.485
WL-B2F-7085,wall,0.621,0.863,1.725,0.25
WL-B2F-7086,wall,0.621,2.484,4.968,0.72
WL-B2F-7087,wall,1.794,2.76,5.52,0.8
WL-B2F-7088,wall,0.4528,1.811,3.622,0.525
WL-B2F-7089,wall,0.8798,0.863,1.725,0.25
WL-B2F-7090,wall,0.8522,1.708,3.415,0.495
WL-B2F-7091,wall,0.9038,1.811,3.622,0.525
WL-B2F-7092,wall,3.0619,6.124,12.247,1.775
WL-B2F-7093,wall,0.3019,1.207,2.415,0.35
WL-B2F-7094,wall,1.7525,7.038,14.076,2.04
WL-B2F-7095,wall,5.4338,21.735,43.47,6.3
WL-B2F-7096,wall,0.1374,0.552,1.104,0.16
WL-B2F-7097,wall,3.9387,15.818,31.637,4.585
WL-B2F-7098,wall,1.1204,0.863,1.725,0.25
WL-B2F-7099,wall,0.452,2.26,4.52,0.655
WL-B2F-7100,wall,0.5382,2.691,5.382,0.78
WL-B2F-7101,wall,2.07,8.28,16.56,2.4
WL-B2F-7102,wall,0.3651,1.466,2.933,0.425
WL-B2F-7103,wall,0.5339,0.862,1.725,0.25
WL-B2F-7104,wall,1.2585,5.054,10.109,1.465
WL-B2F-7105,wall,1.0393,4.157,8.315,1.205
WL-B2F-7106,wall,1.3929,5.572,11.143,1.615
WL-B2F-7107,wall,0.4933,0.897,1.794,0.26
WL-B2F-7108,wall,0.5197,2.087,4.174,0.605
WL-B2F-7109,wall,2.139,8.556,17.112,2.48
WL-B2F-7110,wall,0.7926,0.862,1.725,0.25
WL-B2F-7111,wall,1.9586,7.866,15.732,2.28
WL-B2F-7112,wall,0.3651,1.466,2.933,0.425
WL-B2F-7113,wall,0.3661,1.113,2.225,0.322
WL-B2F-7114,wall,6.9178,11.549,23.098,3.347
WL-B2F-7115,wall,2.5233,2.07,4.14,0.6
WL-B2F-7116,wall,0.4497,2.26,4.52,0.655
WL-B2F-7117,wall,0.5382,2.691,5.382,0.78
WL-B2F-7118,wall,2.07,8.28,16.56,2.4
WL-B2F-7119,wall,8.5698,14.283,28.566,4.14
WL-B2F-7120,wall,0.9867,4.934,9.867,1.43
WL-B2F-7121,wall,0.5355,2.691,5.382,0.78
WL-B2F-7122,wall,0.4497,2.26,4.519,0.655
WL-B2F-7123,wall,4.516,5.865,11.73,1.7
WL-B2F-7124,wall,0.0,0.0,0.0,0.0
WL-B2F-7125,wall,0.0,0.0,0.0,0.0
WL-B2F-7126,wall,0.0,0.0,0.0,0.0
WL-B2F-7127,wall,1.0514,0.863,1.725,0.25
WL-B2F-7128,wall,0.0,0.0,0.0,0.0
WL-B2F-7129,wall,0.9651,0.863,1.725,0.25
WL-B2F-7130,wall,0.0,0.0,0.0,0.0
WL-B2F-7131,wall,0.0,0.0,0.0,0.0
WL-B2F-7132,wall,0.0,0.0,0.0,0.0
WL-B2F-7133,wall,0.0,0.0,0.0,0.0
WL-B2F-7134,wall,0.0,0.0,0.0,0.0
WL-B2F-7135,wall,1.0566,4.243,8.487,1.23
WL-B2F-7136,wall,0.2976,1.19,2.381,0.345
WL-B2F-7137,wall,0.7866,0.69,1.38,0.2
WL-B2F-7138,wall,0.7866,0.69,1.38,0.2
WL-B2F-7139,wall,0.7859,0.69,1.38,0.2
WL-B2F-7140,wall,0.69,0.863,1.725,0.25
WL-B2F-7141,wall,1.1859,4.744,9.487,1.375
WL-B2F-7142,wall,0.3666,1.466,2.933,0.425
WL-B2F-7143,wall,1.7595,1.725,3.45,0.5
WL-B2F-7144,wall,1.7595,1.725,3.45,0.5
WL-B2F-7145,wall,2.1045,1.725,3.45,0.5
WL-B2F-7146,wall,0.7245,1.725,3.45,0.5
WL-B2F-7147,wall,1.0352,4.157,8.315,1.205
WL-B2F-7148,wall,1.3874,5.572,11.143,1.615
WL-B2F-7149,wall,1.9838,1.725,3.45,0.5
WL-B2F-7150,wall,1.119,2.243,4.485,0.65
WL-B2F-7151,wall,1.5008,1.725,3.45,0.5
WL-B2F-7152,wall,1.311,1.725,3.45,0.5
WL-B2F-7153,wall,1.38,5.52,11.04,1.6
WL-B2F-7154,wall,0.8625,3.45,6.9,1.0
WL-B2F-7155,wall,14.2521,14.041,28.083,4.07
WL-B2F-7156,wall,1.0309,4.14,8.28,1.2
WL-B2F-7157,wall,1.932,1.725,3.45,0.5
WL-B2F-7158,wall,1.469,5.9,11.799,1.71
WL-B2F-7159,wall,0.2105,0.845,1.691,0.245
WL-B2F-7160,wall,0.9651,0.862,1.725,0.25
WL-B2F-7161,wall,0.4768,1.915,3.829,0.555
WL-B2F-7162,wall,1.8112,7.245,14.49,2.1
WL-B2F-7163,wall,1.92,7.711,15.422,2.235
WL-B2F-7164,wall,1.5853,1.725,3.45,0.5
WL-B2F-7165,wall,2.1028,1.725,3.45,0.5
WL-B2F-7166,wall,6.3525,12.73,25.461,3.69
WL-B2F-7167,wall,1.9751,1.725,3.45,0.5
WL-B2F-7168,wall,1.5666,3.14,6.279,0.91
WL-B2F-7169,wall,0.7935,0.862,1.725,0.25
WL-B2F-7170,wall,1.794,2.76,5.52,0.8
WL-B2F-7171,wall,0.451,1.811,3.623,0.525
WL-B2F-7172,wall,0.8789,0.863,1.725,0.25
WL-B2F-7173,wall,0.8522,1.708,3.416,0.495
WL-B2F-7174,wall,0.3007,1.207,2.415,0.35
WL-B2F-7175,wall,1.5678,6.296,12.592,1.825
WL-B2F-7176,wall,2.1821,8.729,17.457,2.53
WL-B2F-7177,wall,1.7525,7.038,14.076,2.04
WL-B2F-7178,wall,1.469,5.899,11.799,1.71
WL-B2F-7179,wall,1.242,1.725,3.45,0.5
WL-B2F-7180,wall,1.7215,3.45,6.9,1.0
WL-B2F-7181,wall,1.7595,1.725,3.45,0.5
WL-B2F-7182,wall,0.2717,0.543,1.087,0.157
WL-B2F-7183,wall,1.5666,3.139,6.279,0.91
WL-B2F-7184,wall,4.9753,9.971,19.941,2.89
WL-B2F-7185,wall,2.7169,10.868,21.735,3.15
WL-B2F-7186,wall,0.8194,1.639,3.278,0.475
WL-B2F-7187,wall,1.048,4.209,8.418,1.22
WL-B2F-7188,wall,1.8169,7.297,14.594,2.115
WL-B2F-7189,wall,0.408,1.639,3.277,0.475
WL-B2F-7190,wall,1.804,7.245,14.49,2.1
WL-B2F-7191,wall,0.7935,0.862,1.725,0.25
WL-B2F-7192,wall,1.0868,4.347,8.694,1.26
WL-B2F-7193,wall,1.5853,1.725,3.45,0.5
WL-B2F-7194,wall,2.1028,1.725,3.45,0.5
WL-B2F-7195,wall,2.0486,4.106,8.211,1.19
WL-B2F-7196,wall,1.3973,1.725,3.45,0.5
WL-B2F-7197,wall,1.3945,2.795,5.589,0.81
WL-B2F-7198,wall,1.731,6.952,13.903,2.015
WL-B2F-7199,wall,2.0357,8.143,16.286,2.36
WL-B2F-7200,wall,1.7379,6.952,13.903,2.015
WL-B2F-7201,wall,2.3546,9.418,18.837,2.73
WL-B2F-7202,wall,2.5002,5.0,10.001,1.449
WL-B2F-7203,wall,3.0068,5.02,10.039,1.455
WL-B2F-7204,wall,5.8892,9.815,19.631,2.845
WL-B2F-7205,wall,6.9293,11.549,23.098,3.348
WL-B2F-7206,wall,2.5254,2.07,4.14,0.6
WL-B2F-7207,wall,0.4497,2.26,4.52,0.655
WL-B2F-7208,wall,0.5355,2.691,5.382,0.78
WL-B2F-7209,wall,2.07,8.28,16.56,2.4
WL-B2F-7210,wall,1.242,2.07,4.14,0.6
WL-B2F-7211,wall,9.8532,16.422,32.844,4.76
WL-B2F-7212,wall,1.4466,2.415,4.83,0.7
WL-B2F-7213,wall,7.038,11.73,23.46,3.4
WL-B2F-7214,wall,6.9178,11.549,23.098,3.347
WL-B2F-7215,wall,2.6889,2.07,4.14,0.6
WL-B2F-7216,wall,0.452,2.26,4.52,0.655
WL-B2F-7217,wall,0.5382,2.691,5.382,0.78
WL-B2F-7218,wall,2.07,8.28,16.56,2.4
WL-B2F-7219,wall,1.2399,2.07,4.14,0.6
WL-B2F-7220,wall,1.2585,5.054,10.108,1.465
WL-B2F-7221,wall,1.292,1.725,3.45,0.5
WL-B2F-7222,wall,1.0352,4.157,8.315,1.205
WL-B2F-7223,wall,1.6948,6.779,13.559,1.965
WL-B2F-7224,wall,1.3874,5.572,11.144,1.615
WL-B2F-7225,wall,0.4933,0.897,1.794,0.26
WL-B2F-7226,wall,1.2248,4.899,9.798,1.42
WL-B2F-7227,wall,0.991,0.863,1.725,0.25
WL-B2F-7228,wall,0.9919,3.967,7.935,1.15
WL-B2F-7229,wall,0.8616,0.863,1.725,0.25
WL-B2F-7230,wall,5.5795,22.408,44.815,6.495
WL-B2F-7231,wall,0.3651,1.466,2.933,0.425
WL-B2F-7232,wall,11.0952,18.492,36.984,5.36
WL-B2F-7233,wall,0.5814,0.776,1.553,0.225
WL-B2F-7234,wall,2.5254,2.07,4.14,0.6
WL-B2F-7235,wall,0.452,2.26,4.52,0.655
WL-B2F-7236,wall,0.5382,2.691,5.382,0.78
WL-B2F-7237,wall,2.07,8.28,16.56,2.4
WL-B2F-7238,wall,4.8944,19.656,39.313,5.697
WL-B2F-7239,wall,3.4177,2.734,5.468,0.792
WL-B2F-7240,wall,0.9703,3.881,7.763,1.125
WL-B2F-7241,wall,7.2191,14.438,28.877,4.185
WL-B2F-7242,wall,2.1175,4.244,8.487,1.23
WL-B2F-7243,wall,9.6945,19.389,38.778,5.62
WL-B2F-7244,wall,2.8786,2.303,4.606,0.667
WL-B2F-7245,wall,1.9148,7.659,15.318,2.22
WL-B2F-7246,wall,0.4269,1.708,3.415,0.495
WL-B2F-7247,wall,1.8113,7.245,14.49,2.1
WL-B2F-7248,wall,1.587,1.725,3.45,0.5
WL-B2F-7249,wall,2.1045,1.725,3.45,0.5
WL-B2F-7250,wall,0.7935,0.863,1.725,0.25
WL-B2F-7251,wall,1.3788,5.537,11.074,1.605
WL-B2F-7252,wall,0.3651,1.466,2.933,0.425
WL-B2F-7253,wall,1.7578,1.725,3.45,0.5
WL-B2F-7254,wall,1.7578,1.725,3.45,0.5
WL-B2F-7255,wall,2.1045,1.725,3.45,0.5
WL-B2F-7256,wall,1.0352,4.157,8.315,1.205
WL-B2F-7257,wall,1.3929,5.572,11.143,1.615
WL-B2F-7258,wall,0.3277,1.311,2.622,0.38
WL-B2F-7259,wall,14.2959,14.085,28.169,4.083
WL-B2F-7260,wall,1.1168,4.485,8.97,1.3
WL-B2F-7261,wall,0.7866,0.69,1.38,0.2
WL-B2F-7262,wall,0.7859,0.69,1.38,0.2
WL-B2F-7263,wall,0.7866,0.69,1.38,0.2
WL-B2F-7264,wall,1.0341,0.863,1.725,0.25
WL-B2F-7265,wall,1.0626,0.949,1.898,0.275
WL-B2F-7266,wall,1.0341,0.862,1.725,0.25
WL-B2F-7267,wall,1.7595,1.725,3.45,0.5
WL-B2F-7268,wall,0.0,0.0,0.0,0.0
WL-B2F-7269,wall,0.1173,0.173,0.345,0.05
WL-B2F-7270,wall,0.1374,0.552,1.104,0.16
WL-B2F-7271,wall,0.0,0.0,0.0,0.0
WL-B2F-7272,wall,0.0,0.0,0.0,0.0
WL-B2F-7273,wall,0.0,0.0,0.0,0.0
WL-B2F-7274,wall,0.0,0.0,0.0,0.0
WL-B2F-7275,wall,0.0,0.0,0.0,0.0
WL-B2F-7276,wall,0.0,0.0,0.0,0.0
WL-B2F-7277,wall,0.0,0.0,0.0,0.0
WL-B2F-7278,wall,0.0,0.0,0.0,0.0
WL-B2F-7279,wall,0.2976,1.19,2.381,0.345
WL-B2F-7280,wall,2.5986,10.436,20.872,3.025
WL-B2F-7281,wall,2.8907,11.609,23.219,3.365
WL-B2F-7282,wall,0.4229,1.415,2.829,0.41
WL-B2F-7283,wall,0.8797,0.862,1.725,0.25
WL-B2F-7284,wall,0.0,0.0,0.0,0.0
WL-B2F-7285,wall,0.1078,0.431,0.863,0.125
WL-B2F-7286,wall,0.1074,0.431,0.863,0.125
WL-B2F-7287,wall,1.0522,0.862,1.725,0.25
WL-B2F-7288,wall,0.0,0.0,0.0,0.0
WL-B2F-7289,wall,0.0,0.0,0.0,0.0
WL-B2F-7290,wall,0.0,0.0,0.0,0.0
WL-B2F-7291,wall,0.0,0.0,0.0,0.0
WL-B2F-7292,wall,0.0,0.0,0.0,0.0
WL-B2F-7293,wall,0.0,0.0,0.0,0.0
WL-B2F-7294,wall,0.0,0.0,0.0,0.0
WL-B2F-7295,wall,0.0,0.0,0.0,0.0
WL-B2F-7296,wall,1.0609,4.243,8.487,1.23
WL-B2F-7297,wall,1.6301,6.521,13.041,1.89
WL-B2F-7298,wall,1.2506,5.003,10.005,1.45
WL-B2F-7299,wall,0.2976,1.19,2.381,0.345
WL-B2F-7300,wall,2.5986,10.436,20.872,3.025
WL-B2F-7301,wall,2.8907,11.609,23.219,3.365
WL-B2F-7302,wall,1.1859,4.744,9.488,1.375
WL-B2F-7303,wall,0.3666,1.466,2.933,0.425
WL-B2F-7304,wall,0.8789,0.863,1.725,0.25
WL-B2F-7305,wall,0.2329,0.932,1.863,0.27
WL-B2F-7306,wall,0.3998,0.776,1.553,0.225
WL-B2F-7307,wall,0.8849,0.776,1.553,0.225
WL-B2F-7308,wall,0.3364,1.346,2.691,0.39
WL-B2F-7309,wall,1.0393,4.157,8.315,1.205
WL-B2F-7310,wall,1.3929,5.572,11.144,1.615
WL-B2F-7311,wall,0.991,0.862,1.725,0.25
WL-B2F-7312,wall,0.7504,0.863,1.725,0.25
WL-B2F-7313,wall,0.9879,3.967,7.935,1.15
WL-B2F-7314,wall,0.6555,0.863,1.725,0.25
WL-B2F-7315,wall,0.7504,3.002,6.003,0.87
WL-B2F-7316,wall,0.6555,2.622,5.244,0.76
WL-B2F-7317,wall,1.2248,4.899,9.798,1.42
WL-B2F-7318,wall,1.38,5.52,11.04,1.6
WL-B2F-7319,wall,2.139,8.556,17.112,2.48
WL-B2F-7320,wall,0.7935,0.863,1.725,0.25
WL-B2F-7321,wall,1.8113,7.245,14.49,2.1
WL-B2F-7322,wall,0.345,0.69,1.38,0.2
WL-B2F-7323,wall,0.9867,4.934,9.867,1.43
WL-B2F-7324,wall,0.5348,0.863,1.725,0.25
WL-B2F-7325,wall,1.1213,0.863,1.725,0.25
WL-B2F-7326,wall,0.5355,2.691,5.382,0.78
WL-B2F-7327,wall,0.4497,2.26,4.519,0.655
WL-B2F-7328,wall,2.0214,1.984,3.968,0.575
WL-B2F-7329,wall,0.0,0.0,0.0,0.0
WL-B2F-7330,wall,0.0,0.0,0.0,0.0
WL-B2F-7331,wall,0.9867,4.934,9.867,1.43
WL-B2F-7332,wall,0.4278,0.69,1.38,0.2
WL-B2F-7333,wall,0.897,0.69,1.38,0.2
WL-B2F-7334,wall,0.5382,2.691,5.382,0.78
WL-B2F-7335,wall,0.4519,2.26,4.519,0.655
WL-B2F-7336,wall,4.5102,5.865,11.73,1.7
WL-B2F-7337,wall,0.621,0.863,1.725,0.25
WL-B2F-7338,wall,0.621,2.484,4.968,0.72
WL-B2F-7339,wall,0.8616,0.863,1.725,0.25
WL-B2F-7340,wall,3.1654,12.662,25.323,3.67
WL-B2F-7341,wall,1.035,4.14,8.28,1.2
WL-B2F-7342,wall,0.8798,0.863,1.725,0.25
WL-B2F-7343,wall,0.6296,2.518,5.037,0.73
WL-B2F-7344,wall,0.4269,1.708,3.416,0.495
WL-B2F-7345,wall,1.0609,4.244,8.487,1.23
WL-B2F-7346,wall,0.552,2.208,4.416,0.64
WL-B2F-7347,wall,2.6436,10.574,21.149,3.065
WL-B2F-7348,wall,0.3019,1.208,2.415,0.35
WL-B2F-7349,wall,3.3594,13.438,26.876,3.895
WL-B2F-7350,wall,0.4269,1.708,3.415,0.495
WL-B2F-7351,wall,0.7935,0.863,1.725,0.25
WL-B2F-7352,wall,0.3105,1.242,2.484,0.36
WL-B2F-7353,wall,1.0523,0.863,1.725,0.25
WL-B2F-7354,wall,1.1342,4.537,9.073,1.315
WL-B2F-7355,wall,0.8927,3.571,7.142,1.035
WL-B2F-7356,wall,0.7935,0.863,1.725,0.25
WL-B2F-7357,wall,0.2286,0.914,1.829,0.265
WL-B2F-7358,wall,3.9546,15.818,31.637,4.585
WL-B2F-7359,wall,1.0523,0.863,1.725,0.25
WL-B2F-7360,wall,0.4519,2.26,4.519,0.655
WL-B2F-7361,wall,0.5382,2.691,5.382,0.78
WL-B2F-7362,wall,0.3651,1.466,2.933,0.425
WL-B2F-7363,wall,0.5347,0.862,1.725,0.25
WL-B2F-7364,wall,0.5391,2.156,4.313,0.625
WL-B2F-7365,wall,1.9234,7.694,15.387,2.23
WL-B2F-7366,wall,5.5674,22.27,44.54,6.455
WL-B2F-7367,wall,0.1954,0.785,1.57,0.228
WL-B2F-7368,wall,2.1519,4.304,8.608,1.248
WL-B2F-7369,wall,0.335,1.346,2.691,0.39
WL-B2F-7370,wall,0.8797,0.862,1.725,0.25
WL-B2F-7371,wall,0.0,0.0,0.0,0.0
WL-B2F-7372,wall,2.0648,2.95,5.899,0.855
WL-B2F-7373,wall,0.058,0.233,0.466,0.067
WL-B2F-7374,wall,1.0522,0.862,1.725,0.25
WL-B2F-7375,wall,0.0,0.0,0.0,0.0
WL-B2F-7376,wall,1.1385,0.863,1.725,0.25
WL-B2F-7377,wall,0.0,0.0,0.0,0.0
WL-B2F-7378,wall,29.744,25.228,50.456,7.313
WL-B2F-7379,wall,0.0,0.0,0.0,0.0
WL-B2F-7380,wall,0.0,0.0,0.0,0.0
WL-B2F-7381,wall,0.0,0.0,0.0,0.0
WL-B2F-7382,wall,0.0,0.0,0.0,0.0
WL-B2F-7383,wall,0.0,0.0,0.0,0.0
WL-B2F-7384,wall,0.0,0.0,0.0,0.0
WL-B2F-7385,wall,1.0609,4.243,8.487,1.23
WL-B2F-7386,wall,1.6301,6.521,13.041,1.89
WL-B2F-7387,wall,1.7388,2.484,4.968,0.72
WL-B2F-7388,wall,0.8797,0.862,1.725,0.25
WL-B2F-7389,wall,0.0,0.0,0.0,0.0
WL-B2F-7390,wall,0.1078,0.431,0.863,0.125
WL-B2F-7391,wall,0.058,0.233,0.466,0.067
WL-B2F-7392,wall,1.0522,0.862,1.725,0.25
WL-B2F-7393,wall,1.1385,0.863,1.725,0.25
WL-B2F-7394,wall,0.0,0.0,0.0,0.0
WL-B2F-7395,wall,29.2355,24.797,49.594,7.188
WL-B2F-7396,wall,0.0,0.0,0.0,0.0
WL-B2F-7397,wall,0.0,0.0,0.0,0.0
WL-B2F-7398,wall,0.0,0.0,0.0,0.0
WL-B2F-7399,wall,0.0,0.0,0.0,0.0
WL-B2F-7400,wall,0.0,0.0,0.0,0.0
WL-B2F-7401,wall,0.0,0.0,0.0,0.0
WL-B2F-7402,wall,1.0609,4.243,8.487,1.23
WL-B2F-7403,wall,1.6301,6.521,13.041,1.89
WL-B2F-7404,wall,0.7866,0.69,1.38,0.2
WL-B2F-7405,wall,0.7866,0.69,1.38,0.2
WL-B2F-7406,wall,0.1201,0.604,1.207,0.175
WL-B2F-7407,wall,5.0805,25.53,51.06,7.4
WL-B2F-7408,wall,0.1617,0.647,1.294,0.187
WL-B2F-7409,wall,1.1859,4.744,9.487,1.375
WL-B2F-7410,wall,0.3234,1.294,2.588,0.375
WL-B2F-7411,wall,0.8798,0.863,1.725,0.25
WL-B2F-7412,wall,0.4528,1.811,3.622,0.525
WL-B2F-7413,wall,0.345,1.38,2.76,0.4
WL-B2F-7414,wall,0.335,1.346,2.691,0.39
WL-B2F-7415,wall,1.2506,5.003,10.005,1.45
WL-B2F-7416,wall,0.3623,0.863,1.725,0.25
WL-B2F-7417,wall,1.587,6.348,12.696,1.84
WL-B2F-7418,wall,1.4253,5.701,11.402,1.653
WL-B2F-7419,wall,5.412,21.735,43.47,6.3
WL-B2F-7420,wall,0.179,0.716,1.432,0.207
WL-B2F-7421,wall,0.991,0.863,1.725,0.25
WL-B2F-7422,wall,0.5498,2.199,4.399,0.637
WL-B2F-7423,wall,0.7504,0.863,1.725,0.25
WL-B2F-7424,wall,0.9919,3.967,7.935,1.15
WL-B2F-7425,wall,0.6555,0.863,1.725,0.25
WL-B2F-7426,wall,0.7504,3.002,6.003,0.87
WL-B2F-7427,wall,0.6555,2.622,5.244,0.76
WL-B2F-7428,wall,1.38,5.52,11.04,1.6
WL-B2F-7429,wall,2.139,8.556,17.112,2.48
WL-B2F-7430,wall,0.7926,0.862,1.725,0.25
WL-B2F-7431,wall,1.804,7.245,14.49,2.1
WL-B2F-7432,wall,0.1078,0.431,0.863,0.125
WL-B2F-7433,wall,1.0991,4.396,8.792,1.274
WL-B2F-7434,wall,0.7935,0.862,1.725,0.25
WL-B2F-7435,wall,0.0,0.0,0.0,0.0
WL-B2F-7436,wall,0.1074,0.431,0.863,0.125
WL-B2F-7437,wall,2.1071,3.01,6.02,0.872
WL-B2F-7438,wall,0.073,0.293,0.586,0.085
WL-B2F-7439,wall,1.0522,0.862,1.725,0.25
WL-B2F-7440,wall,0.0,0.0,0.0,0.0
WL-B2F-7441,wall,1.1385,0.863,1.725,0.25
WL-B2F-7442,wall,0.0,0.0,0.0,0.0
WL-B2F-7443,wall,0.0,0.0,0.0,0.0
WL-B2F-7444,wall,0.0,0.0,0.0,0.0
WL-B2F-7445,wall,0.0,0.0,0.0,0.0
WL-B2F-7446,wall,0.0,0.0,0.0,0.0
WL-B2F-7447,wall,0.0,0.0,0.0,0.0
WL-B2F-7448,wall,0.0,0.0,0.0,0.0
WL-B2F-7449,wall,0.8841,3.536,7.072,1.025
WL-B2F-7450,wall,3.462,13.904,27.807,4.03
WL-B2F-7451,wall,0.0539,0.216,0.431,0.062
WL-B2F-7452,wall,2.5986,10.436,20.872,3.025
WL-B2F-7453,wall,3.1055,12.472,24.943,3.615
WL-B2F-7454,wall,0.3672,1.475,2.95,0.428
WL-B2F-7455,wall,1.1168,4.485,8.97,1.3
WL-B2F-7456,wall,0.8194,3.278,6.555,0.95
WL-B2F-7457,wall,0.8676,3.485,6.969,1.01
WL-B2F-7458,wall,1.5266,6.107,12.213,1.77
WL-B2F-7459,wall,0.1078,0.431,0.862,0.125
WL-B2F-7460,wall,0.8797,0.862,1.725,0.25
WL-B2F-7461,wall,0.0,0.0,0.0,0.0
WL-B2F-7462,wall,0.1074,0.431,0.863,0.125
WL-B2F-7463,wall,2.1071,3.01,6.02,0.872
WL-B2F-7464,wall,0.073,0.293,0.586,0.085
WL-B2F-7465,wall,1.0514,0.862,1.725,0.25
WL-B2F-7466,wall,0.0,0.0,0.0,0.0
WL-B2F-7467,wall,1.1385,0.863,1.725,0.25
WL-B2F-7468,wall,0.0,0.0,0.0,0.0
WL-B2F-7469,wall,0.0,0.0,0.0,0.0
WL-B2F-7470,wall,0.0,0.0,0.0,0.0
WL-B2F-7471,wall,0.0,0.0,0.0,0.0
WL-B2F-7472,wall,0.0,0.0,0.0,0.0
WL-B2F-7473,wall,0.0388,0.155,0.31,0.045
WL-B2F-7474,wall,1.0609,4.243,8.487,1.23
WL-B2F-7475,wall,1.6301,6.521,13.041,1.89
WL-B2F-7476,wall,0.0431,0.172,0.345,0.05
WL-B2F-7477,wall,2.5986,10.436,20.872,3.025
WL-B2F-7478,wall,0.2027,0.811,1.621,0.235
WL-B2F-7479,wall,7.2656,29.179,58.358,8.458
WL-B2F-7480,wall,0.376,1.504,3.008,0.436
WL-B2F-7481,wall,6.7764,27.106,54.211,7.857
WL-B2F-7482,wall,1.5939,1.449,2.898,0.42
WL-B2F-7483,wall,0.9867,4.933,9.867,1.43
WL-B2F-7484,wall,0.5339,0.862,1.725,0.25
WL-B2F-7485,wall,1.0523,0.863,1.725,0.25
WL-B2F-7486,wall,3.492,14.024,28.049,4.065
WL-B2F-7487,wall,0.5355,2.691,5.382,0.78
WL-B2F-7488,wall,0.4497,2.26,4.519,0.655
WL-B2F-7489,wall,2.0617,8.28,16.56,2.4
WL-B2F-7490,wall,0.2243,0.897,1.794,0.26
WL-B2F-7491,wall,0.7866,0.69,1.38,0.2
WL-B2F-7492,wall,4.0408,16.163,32.326,4.685
WL-B2F-7493,wall,2.7255,10.902,21.804,3.16
WL-B2F-7494,wall,0.9867,4.934,9.867,1.43
WL-B2F-7495,wall,0.5382,2.691,5.382,0.78
WL-B2F-7496,wall,2.07,8.28,16.56,2.4
WL-B2F-7497,wall,0.4519,2.26,4.519,0.655
WL-B2F-7498,wall,1.1213,0.863,1.725,0.25
WL-B2F-7499,wall,0.5348,0.863,1.725,0.25
WL-B2F-7500,wall,0.5779,2.312,4.623,0.67
WL-B2F-7501,wall,1.5925,1.449,2.898,0.42
WL-B2F-7502,wall,0.9867,4.933,9.867,1.43
WL-B2F-7503,wall,0.5347,0.862,1.725,0.25
WL-B2F-7504,wall,1.1204,0.862,1.725,0.25
WL-B2F-7505,wall,3.1914,12.817,25.634,3.715
WL-B2F-7506,wall,0.5355,2.691,5.382,0.78
WL-B2F-7507,wall,0.4497,2.26,4.519,0.655
WL-B2F-7508,wall,2.0617,8.28,16.56,2.4
WL-B2F-7509,wall,0.1078,0.431,0.862,0.125
WL-B2F-7510,wall,0.2062,0.828,1.656,0.24
WL-B2F-7511,wall,0.8789,0.862,1.725,0.25
WL-B2F-7512,wall,0.1074,0.431,0.863,0.125
WL-B2F-7513,wall,1.8958,2.708,5.417,0.785
WL-B2F-7514,wall,0.058,0.233,0.466,0.067
WL-B2F-7515,wall,1.0522,0.862,1.725,0.25
WL-B2F-7516,wall,0.0,0.0,0.0,0.0
WL-B2F-7517,wall,0.0,0.0,0.0,0.0
WL-B2F-7518,wall,0.0,0.0,0.0,0.0
WL-B2F-7519,wall,0.0,0.0,0.0,0.0
WL-B2F-7520,wall,0.0,0.0,0.0,0.0
WL-B2F-7521,wall,1.5094,6.037,12.075,1.75
WL-B2F-7522,wall,0.0647,0.259,0.518,0.075
WL-B2F-7523,wall,1.8598,7.469,14.938,2.165
WL-B2F-7524,wall,0.1078,0.431,0.862,0.125
WL-B2F-7525,wall,0.2062,0.828,1.656,0.24
WL-B2F-7526,wall,0.8797,0.862,1.725,0.25
WL-B2F-7527,wall,0.0,0.0,0.0,0.0
WL-B2F-7528,wall,0.1078,0.431,0.863,0.125
WL-B2F-7529,wall,2.0648,2.95,5.899,0.855
WL-B2F-7530,wall,0.058,0.233,0.466,0.067
WL-B2F-7531,wall,1.0522,0.862,1.725,0.25
WL-B2F-7532,wall,0.0,0.0,0.0,0.0
WL-B2F-7533,wall,0.9651,0.863,1.725,0.25
WL-B2F-7534,wall,0.0,0.0,0.0,0.0
WL-B2F-7535,wall,0.0,0.0,0.0,0.0
WL-B2F-7536,wall,0.0,0.0,0.0,0.0
WL-B2F-7537,wall,0.0,0.0,0.0,0.0
WL-B2F-7538,wall,0.0,0.0,0.0,0.0
WL-B2F-7539,wall,1.0566,4.243,8.487,1.23
WL-B2F-7540,wall,1.6301,6.521,13.041,1.89
WL-B2F-7541,wall,0.2976,1.19,2.381,0.345
WL-B2F-7542,wall,0.0539,0.216,0.431,0.063
WL-B2F-7543,wall,0.5498,2.199,4.399,0.637
WL-B2F-7544,wall,0.6185,2.484,4.968,0.72
WL-B2F-7545,wall,1.2413,4.985,9.971,1.445
WL-B2F-7546,wall,1.3843,5.537,11.074,1.605
WL-B2F-7547,wall,0.4528,1.811,3.623,0.525
WL-B2F-7548,wall,0.8789,0.863,1.725,0.25
WL-B2F-7549,wall,2.2035,8.849,17.698,2.565
WL-B2F-7550,wall,0.335,1.346,2.691,0.39
WL-B2F-7551,wall,2.3029,9.212,18.423,2.67
WL-B2F-7552,wall,0.3614,0.863,1.725,0.25
WL-B2F-7553,wall,1.6794,6.745,13.489,1.955
WL-B2F-7554,wall,1.587,6.348,12.696,1.84
WL-B2F-7555,wall,1.4196,5.701,11.402,1.653
WL-B2F-7556,wall,0.2221,0.888,1.777,0.257
WL-B2F-7557,wall,0.9919,0.862,1.725,0.25
WL-B2F-7558,wall,0.5476,2.199,4.399,0.637
WL-B2F-7559,wall,0.7504,0.863,1.725,0.25
WL-B2F-7560,wall,0.9879,3.967,7.935,1.15
WL-B2F-7561,wall,0.6555,0.863,1.725,0.25
WL-B2F-7562,wall,0.7504,3.002,6.003,0.87
WL-B2F-7563,wall,0.6555,2.622,5.244,0.76
WL-B2F-7564,wall,2.139,8.556,17.112,2.48
WL-B2F-7565,wall,0.7935,0.863,1.725,0.25
WL-B2F-7566,wall,1.8112,7.245,14.49,2.1
WL-B2F-7567,wall,7.5167,30.187,60.375,8.75
WL-B2F-7568,wall,0.7859,0.69,1.38,0.2
WL-B2F-7569,wall,0.7866,0.69,1.38,0.2
WL-B2F-7570,wall,1.292,1.725,3.45,0.5
WL-B2F-7571,wall,1.3843,5.537,11.074,1.605
WL-B2F-7572,wall,0.4528,1.811,3.623,0.525
WL-B2F-7573,wall,0.9056,1.725,3.45,0.5
WL-B2F-7574,wall,2.1028,1.725,3.45,0.5
WL-B2F-7575,wall,2.2388,3.347,6.693,0.97
WL-B2F-7576,wall,1.587,6.348,12.696,1.84
WL-B2F-7577,wall,1.4196,5.701,11.402,1.653
WL-B2F-7578,wall,5.4337,21.735,43.47,6.3
WL-B2F-7579,wall,0.2212,0.888,1.777,0.257
WL-B2F-7580,wall,0.5476,2.199,4.399,0.637
WL-B2F-7581,wall,0.7504,0.863,1.725,0.25
WL-B2F-7582,wall,0.4811,1.932,3.864,0.56
WL-B2F-7583,wall,0.6546,0.862,1.725,0.25
WL-B2F-7584,wall,0.7504,3.002,6.003,0.87
WL-B2F-7585,wall,0.6529,2.622,5.244,0.76
WL-B2F-7586,wall,1.1816,4.726,9.453,1.37
WL-B2F-7587,wall,2.1304,8.556,17.112,2.48
WL-B2F-7588,wall,0.7926,0.862,1.725,0.25
WL-B2F-7589,wall,1.8113,7.245,14.49,2.1
WL-B2F-7590,wall,1.3788,5.537,11.074,1.605
WL-B2F-7591,wall,0.3221,1.294,2.588,0.375
WL-B2F-7592,wall,2.1045,1.725,3.45,0.5
WL-B2F-7593,wall,2.2388,3.346,6.693,0.97
WL-B2F-7594,wall,1.587,6.348,12.696,1.84
WL-B2F-7595,wall,1.4196,5.701,11.402,1.653
WL-B2F-7596,wall,5.4337,21.735,43.47,6.3
WL-B2F-7597,wall,0.179,0.716,1.432,0.207
WL-B2F-7598,wall,0.5498,2.199,4.399,0.637
WL-B2F-7599,wall,0.4725,1.898,3.795,0.55
WL-B2F-7600,wall,2.139,8.556,17.112,2.48
WL-B2F-7601,wall,0.7935,0.862,1.725,0.25
WL-B2F-7602,wall,1.804,7.245,14.49,2.1
WL-B2F-7603,wall,7.2133,14.456,28.911,4.19
WL-B2F-7604,wall,5.4831,10.988,21.976,3.185
WL-B2F-7605,wall,0.9867,4.934,9.867,1.43
WL-B2F-7606,wall,0.5382,2.691,5.382,0.78
WL-B2F-7607,wall,2.07,8.28,16.56,2.4
WL-B2F-7608,wall,0.4519,2.26,4.519,0.655
WL-B2F-7609,wall,2.1028,1.725,3.45,0.5
WL-B2F-7610,wall,1.0678,1.725,3.45,0.5
WL-B2F-7611,wall,0.5779,2.312,4.623,0.67
WL-B2F-7612,wall,1.1812,4.744,9.488,1.375
WL-B2F-7613,wall,2.2388,3.346,6.693,0.97
WL-B2F-7614,wall,1.6948,6.779,13.559,1.965
WL-B2F-7615,wall,1.4253,5.701,11.402,1.653
WL-B2F-7616,wall,5.4337,21.735,43.47,6.3
WL-B2F-7617,wall,0.5113,0.897,1.794,0.26
WL-B2F-7618,wall,0.5476,2.199,4.399,0.638
WL-B2F-7619,wall,0.4725,1.898,3.795,0.55
WL-B2F-7620,wall,1.1769,4.726,9.453,1.37
WL-B2F-7621,wall,1.38,5.52,11.04,1.6
WL-B2F-7622,wall,2.139,8.556,17.112,2.48
WL-B2F-7623,wall,0.7926,0.862,1.725,0.25
WL-B2F-7624,wall,1.804,7.245,14.49,2.1
WL-B2F-7625,wall,0.3823,1.535,3.071,0.445
WL-B2F-7626,wall,0.129,0.293,0.586,0.085
WL-B2F-7627,wall,7.176,28.704,57.408,8.32
WL-B2F-7628,wall,7.3657,14.731,29.463,4.27
WL-B2F-7629,wall,5.4941,10.988,21.976,3.185
WL-B2F-7630,wall,0.9818,4.933,9.867,1.43
WL-B2F-7631,wall,0.5382,2.691,5.382,0.78
WL-B2F-7632,wall,0.6668,0.776,1.552,0.225
WL-B2F-7633,wall,2.07,8.28,16.56,2.4
WL-B2F-7634,wall,0.4497,2.26,4.519,0.655
WL-B2F-7635,wall,0.8108,1.725,3.45,0.5
WL-B2F-7636,wall,0.809,1.725,3.45,0.5
WL-B2F-7637,wall,0.5779,2.312,4.623,0.67
WL-B2F-7638,wall,0.2372,0.949,1.898,0.275
WL-B2F-7639,wall,7.351,14.732,29.463,4.27
WL-B2F-7640,wall,5.4941,10.988,21.976,3.185
WL-B2F-7641,wall,0.9867,4.934,9.867,1.43
WL-B2F-7642,wall,0.5382,2.691,5.382,0.78
WL-B2F-7643,wall,4.5562,3.735,7.469,1.082
WL-B2F-7644,wall,2.0617,8.28,16.56,2.4
WL-B2F-7645,wall,0.4497,2.26,4.519,0.655
WL-B2F-7646,wall,0.809,1.725,3.45,0.5
WL-B2F-7647,wall,0.8108,1.725,3.45,0.5
WL-B2F-7648,wall,0.5756,2.311,4.623,0.67
WL-B2F-7649,wall,1.2585,5.054,10.109,1.465
WL-B2F-7650,wall,1.6948,6.779,13.558,1.965
WL-B2F-7651,wall,1.4253,5.701,11.402,1.652
WL-B2F-7652,wall,0.5113,0.897,1.794,0.26
WL-B2F-7653,wall,0.9919,0.862,1.725,0.25
WL-B2F-7654,wall,0.5476,2.199,4.399,0.638
WL-B2F-7655,wall,0.9879,3.968,7.935,1.15
WL-B2F-7656,wall,0.3823,1.535,3.071,0.445
WL-B2F-7657,wall,1.1726,4.709,9.418,1.365
WL-B2F-7658,wall,0.9407,3.778,7.555,1.095
WL-B2F-7659,wall,1.4253,5.701,11.402,1.652
WL-B2F-7660,wall,0.5113,0.897,1.794,0.26
WL-B2F-7661,wall,0.9919,0.862,1.725,0.25
WL-B2F-7662,wall,0.5476,2.199,4.399,0.637
WL-B2F-7663,wall,0.9879,3.968,7.935,1.15
WL-B2F-7664,wall,0.6555,0.862,1.725,0.25
WL-B2F-7665,wall,0.7762,3.105,6.21,0.9
WL-B2F-7666,wall,0.6529,2.622,5.244,0.76
WL-B2F-7667,wall,1.3745,5.52,11.04,1.6
WL-B2F-7668,wall,2.139,8.556,17.112,2.48
WL-B2F-7669,wall,0.7926,0.863,1.725,0.25
WL-B2F-7670,wall,1.804,7.245,14.49,2.1
WL-B2F-7671,wall,0.3823,1.535,3.071,0.445
WL-B2F-7672,wall,1.3843,5.537,11.074,1.605
WL-B2F-7673,wall,0.4528,1.811,3.623,0.525
WL-B2F-7674,wall,0.9056,1.725,3.45,0.5
WL-B2F-7675,wall,2.1045,1.725,3.45,0.5
WL-B2F-7676,wall,0.9407,3.778,7.555,1.095
WL-B2F-7677,wall,1.587,6.348,12.696,1.84
WL-B2F-7678,wall,1.4196,5.701,11.402,1.653
WL-B2F-7679,wall,0.2212,0.888,1.777,0.257
WL-B2F-7680,wall,0.9919,0.862,1.725,0.25
WL-B2F-7681,wall,0.5476,2.199,4.399,0.638
WL-B2F-7682,wall,0.7504,0.863,1.725,0.25
WL-B2F-7683,wall,0.9879,3.968,7.935,1.15
WL-B2F-7684,wall,0.7504,3.001,6.003,0.87
WL-B2F-7685,wall,2.139,8.556,17.112,2.48
WL-B2F-7686,wall,0.7926,0.863,1.725,0.25
WL-B2F-7687,wall,1.804,7.245,14.49,2.1
WL-B2F-7688,wall,6.4386,25.858,51.716,7.495
WL-B2F-7689,wall,0.7859,0.69,1.38,0.2
WL-B2F-7690,wall,0.7859,0.69,1.38,0.2
WL-B2F-7691,wall,0.7859,0.69,1.38,0.2
WL-B2F-7692,wall,1.5094,6.038,12.075,1.75
WL-B2F-7693,wall,0.5498,2.208,4.416,0.64
WL-B2F-7694,wall,2.3277,9.348,18.696,2.71
WL-B2F-7695,wall,1.5727,1.344,2.688,0.39
WL-B2F-7696,wall,2.4452,9.781,19.562,2.835
WL-B2F-7697,wall,3.4019,17.095,34.189,4.955
WL-B2F-7698,wall,2.6392,10.557,21.114,3.06
WL-B2F-7699,wall,0.5451,2.726,5.451,0.79
WL-B2F-7700,wall,1.4754,5.925,11.851,1.717
WL-B2F-7701,wall,1.6885,3.761,7.521,1.09
WL-B2F-7702,wall,0.4625,2.312,4.625,0.67
WL-B2F-7703,wall,1.0738,4.295,8.591,1.245
WL-B2F-7704,wall,1.5051,6.02,12.04,1.745
WL-B2F-7705,wall,0.8411,0.69,1.38,0.2
WL-B2F-7706,wall,1.7423,8.711,17.423,2.525
WL-B2F-7707,wall,6.802,9.143,18.285,2.65
WL-B2F-7708,wall,2.5254,10.35,20.7,3.0
WL-B2F-7709,wall,1.9511,7.804,15.609,2.262
WL-B2F-7710,wall,1.8889,7.556,15.111,2.19
WL-B2F-7711,wall,0.521,2.605,5.21,0.755
WL-B2F-7712,wall,0.5492,2.76,5.52,0.8
WL-B2F-7713,wall,2.6323,13.162,26.323,3.815
WL-B2F-7714,wall,2.3374,9.35,18.699,2.71
WL-B2F-7715,wall,1.7568,7.055,14.111,2.045
WL-B2F-7716,wall,1.1385,0.862,1.725,0.25
WL-B2F-7717,wall,0.7388,2.967,5.934,0.86
WL-B2F-7718,wall,0.4596,1.846,3.692,0.535
WL-B2F-7719,wall,2.1176,8.504,17.008,2.465
WL-B2F-7720,wall,0.966,3.864,7.728,1.12
WL-B2F-7721,wall,0.86,3.44,6.88,0.997
WL-B2F-7722,wall,1.1046,4.418,8.837,1.281
WL-B2F-7723,wall,0.2311,0.924,1.849,0.268
WL-B2F-7724,wall,3.346,13.438,26.875,3.895
WL-B2F-7725,wall,0.6228,2.501,5.002,0.725
WL-B2F-7726,wall,0.5391,2.156,4.312,0.625
WL-B2F-7727,wall,2.002,8.008,16.016,2.321
WL-B2F-7728,wall,0.7859,0.69,1.38,0.2
WL-B2F-7729,wall,0.7866,0.69,1.38,0.2
WL-B2F-7730,wall,2.8592,11.437,22.873,3.315
WL-B2F-7731,wall,7.1678,14.336,28.671,4.155
WL-B2F-7732,wall,0.0,0.0,0.0,0.0
WL-B2F-7733,wall,8.6202,17.24,34.481,4.997
WL-B2F-7734,wall,5.5639,11.15,22.3,3.232
WL-B2F-7735,wall,1.4645,2.929,5.858,0.849
WL-B2F-7736,wall,0.9651,0.862,1.725,0.25
WL-B2F-7737,wall,0.5347,0.862,1.725,0.25
WL-B2F-7738,wall,1.38,6.9,13.8,2.0
WL-B2F-7739,wall,1.0523,5.261,10.523,1.525
WL-B2F-7740,wall,0.0,0.0,0.0,0.0
WL-B2F-7741,wall,0.0,0.0,0.0,0.0
WL-B2F-7742,wall,9.3098,18.113,36.225,5.25
WL-B2F-7743,wall,0.0,0.0,0.0,0.0
WL-B2F-7744,wall,0.0,0.0,0.0,0.0
WL-B2F-7745,wall,0.0,0.0,0.0,0.0
WL-B2F-7746,wall,0.0,0.0,0.0,0.0
WL-B2F-7747,wall,0.0,0.0,0.0,0.0
WL-B2F-7748,wall,0.0,0.0,0.0,0.0
WL-B2F-7749,wall,0.0,0.0,0.0,0.0
WL-B2F-7750,wall,0.1078,0.431,0.862,0.125
WL-B2F-7751,wall,0.7935,0.862,1.725,0.25
WL-B2F-7752,wall,0.0,0.0,0.0,0.0
WL-B2F-7753,wall,0.1078,0.431,0.863,0.125
WL-B2F-7754,wall,2.0648,2.95,5.899,0.855
WL-B2F-7755,wall,0.058,0.233,0.466,0.067
WL-B2F-7756,wall,1.0522,0.862,1.725,0.25
WL-B2F-7757,wall,0.0,0.0,0.0,0.0
WL-B2F-7758,wall,1.1385,0.863,1.725,0.25
WL-B2F-7759,wall,0.0,0.0,0.0,0.0
WL-B2F-7760,wall,30.636,23.934,47.869,6.937
WL-B2F-7761,wall,0.0,0.0,0.0,0.0
WL-B2F-7762,wall,0.0,0.0,0.0,0.0
WL-B2F-7763,wall,0.0,0.0,0.0,0.0
WL-B2F-7764,wall,0.0,0.0,0.0,0.0
WL-B2F-7765,wall,1.6301,6.521,13.041,1.89
WL-B2F-7766,wall,0.0539,0.216,0.431,0.062
WL-B2F-7767,wall,2.6091,10.436,20.872,3.025
WL-B2F-7768,wall,2.9886,11.954,23.909,3.465
WL-B2F-7769,wall,0.7866,0.69,1.38,0.2
WL-B2F-7770,wall,1.5925,1.449,2.898,0.42
WL-B2F-7771,wall,0.9867,4.934,9.867,1.43
WL-B2F-7772,wall,0.9328,1.294,2.588,0.375
WL-B2F-7773,wall,3.5061,14.024,28.049,4.065
WL-B2F-7774,wall,0.5382,2.691,5.382,0.78
WL-B2F-7775,wall,0.4519,2.26,4.519,0.655
WL-B2F-7776,wall,2.07,8.28,16.56,2.4
WL-B2F-7777,wall,0.0,0.0,0.0,0.0
WL-B2F-7778,wall,0.0,0.0,0.0,0.0
WL-B2F-7779,wall,1.0522,0.862,1.725,0.25
WL-B2F-7780,wall,0.0,0.0,0.0,0.0
WL-B2F-7781,wall,0.966,0.863,1.725,0.25
WL-B2F-7782,wall,0.0,0.0,0.0,0.0
WL-B2F-7783,wall,0.0,0.0,0.0,0.0
WL-B2F-7784,wall,0.0,0.0,0.0,0.0
WL-B2F-7785,wall,0.0,0.0,0.0,0.0
WL-B2F-7786,wall,0.0,0.0,0.0,0.0
WL-B2F-7787,wall,0.2976,1.19,2.381,0.345
WL-B2F-7788,wall,0.0539,0.216,0.431,0.062
WL-B2F-7789,wall,5.7788,23.115,46.23,6.7
WL-B2F-7790,wall,0.5348,2.139,4.278,0.62
WL-B2F-7791,wall,1.1126,4.451,8.901,1.29
WL-B2F-7792,wall,0.0,0.0,0.0,0.0
WL-B2F-7793,wall,38.8746,97.187,194.373,28.17
WL-B2F-7794,wall,0.2243,0.897,1.794,0.26
WL-B2F-7795,wall,0.2243,0.897,1.794,0.26
WL-B2F-7796,wall,7.2838,29.135,58.271,8.445
WL-B2F-7797,wall,3.2154,16.077,32.154,4.66
WL-B2F-7798,wall,1.9217,9.608,19.217,2.785
WL-B2F-7799,wall,3.5677,4.106,8.211,1.19
WL-B2F-7800,wall,0.9867,4.934,9.867,1.43
WL-B2F-7801,wall,0.5382,2.691,5.382,0.78
WL-B2F-7802,wall,1.9003,1.863,3.726,0.54
WL-B2F-7803,wall,0.4519,2.26,4.519,0.655
WL-B2F-7804,wall,0.8418,0.69,1.38,0.2
WL-B2F-7805,wall,0.3174,1.587,3.174,0.46
WL-B2F-7806,wall,0.4278,0.69,1.38,0.2
WL-B2F-7807,wall,0.5563,2.225,4.451,0.645
WL-B2F-7808,wall,0.4528,1.811,3.623,0.525
WL-B2F-7809,wall,0.8798,0.863,1.725,0.25
WL-B2F-7810,wall,0.8849,0.776,1.553,0.225
WL-B2F-7811,wall,0.3364,1.345,2.691,0.39
WL-B2F-7812,wall,0.966,0.863,1.725,0.25
WL-B2F-7813,wall,1.2506,5.003,10.005,1.45
WL-B2F-7814,wall,0.3614,0.863,1.725,0.25
WL-B2F-7815,wall,1.6794,6.745,13.489,1.955
WL-B2F-7816,wall,1.587,6.348,12.696,1.84
WL-B2F-7817,wall,1.4253,5.701,11.402,1.653
WL-B2F-7818,wall,5.412,21.735,43.47,6.3
WL-B2F-7819,wall,0.2372,0.949,1.897,0.275
WL-B2F-7820,wall,0.9919,0.862,1.725,0.25
WL-B2F-7821,wall,0.5476,2.199,4.399,0.637
WL-B2F-7822,wall,1.5008,1.725,3.45,0.5
WL-B2F-7823,wall,0.9879,3.967,7.935,1.15
WL-B2F-7824,wall,1.311,1.725,3.45,0.5
WL-B2F-7825,wall,1.5008,3.002,6.003,0.87
WL-B2F-7826,wall,8.8143,17.664,35.328,5.12
WL-B2F-7827,wall,2.139,8.556,17.112,2.48
WL-B2F-7828,wall,0.7926,0.863,1.725,0.25
WL-B2F-7829,wall,1.804,7.245,14.49,2.1
WL-B2F-7830,wall,1.1859,4.744,9.488,1.375
WL-B2F-7831,wall,0.3666,1.466,2.933,0.425
WL-B2F-7832,wall,1.9406,2.587,5.175,0.75
WL-B2F-7833,wall,2.2123,8.849,17.698,2.565
WL-B2F-7834,wall,0.3881,1.553,3.105,0.45
WL-B2F-7835,wall,0.3364,1.346,2.691,0.39
WL-B2F-7836,wall,0.3623,0.863,1.725,0.25
WL-B2F-7837,wall,1.3239,5.296,10.591,1.535
WL-B2F-7838,wall,1.6948,6.779,13.558,1.965
WL-B2F-7839,wall,1.4253,5.701,11.402,1.653
WL-B2F-7840,wall,5.412,21.735,43.47,6.3
WL-B2F-7841,wall,0.4934,0.897,1.794,0.26
WL-B2F-7842,wall,0.5498,2.199,4.399,0.637
WL-B2F-7843,wall,0.7504,0.863,1.725,0.25
WL-B2F-7844,wall,0.6555,0.863,1.725,0.25
WL-B2F-7845,wall,0.7504,3.002,6.003,0.87
WL-B2F-7846,wall,0.6555,2.622,5.244,0.76
WL-B2F-7847,wall,1.38,5.52,11.04,1.6
WL-B2F-7848,wall,2.139,8.556,17.112,2.48
WL-B2F-7849,wall,0.7926,0.863,1.725,0.25
WL-B2F-7850,wall,1.8113,7.245,14.49,2.1
WL-B2F-7851,wall,0.4528,1.811,3.623,0.525
WL-B2F-7852,wall,0.8789,0.863,1.725,0.25
WL-B2F-7853,wall,0.4528,1.811,3.623,0.525
WL-B2F-7854,wall,1.2679,5.071,10.143,1.47
WL-B2F-7855,wall,1.2161,4.864,9.729,1.41
WL-B2F-7856,wall,2.6651,10.661,21.321,3.09
WL-B2F-7857,wall,0.3614,0.863,1.725,0.25
WL-B2F-7858,wall,1.587,6.348,12.696,1.84
WL-B2F-7859,wall,1.4253,5.701,11.402,1.653
WL-B2F-7860,wall,5.4337,21.735,43.47,6.3
WL-B2F-7861,wall,0.2221,0.888,1.777,0.257
WL-B2F-7862,wall,0.991,0.863,1.725,0.25
WL-B2F-7863,wall,0.5498,2.199,4.399,0.637
WL-B2F-7864,wall,0.7504,0.863,1.725,0.25
WL-B2F-7865,wall,0.9919,3.967,7.935,1.15
WL-B2F-7866,wall,0.6555,0.863,1.725,0.25
WL-B2F-7867,wall,0.7504,3.001,6.003,0.87
WL-B2F-7868,wall,0.6555,2.622,5.244,0.76
WL-B2F-7869,wall,1.2247,4.899,9.798,1.42
WL-B2F-7870,wall,2.139,8.556,17.112,2.48
WL-B2F-7871,wall,0.7926,0.863,1.725,0.25
WL-B2F-7872,wall,1.8113,7.245,14.49,2.1
WL-B2F-7873,wall,11.4816,28.704,57.408,8.32
WL-B2F-7874,wall,0.2027,0.811,1.621,0.235
WL-B2F-7875,wall,0.2027,0.811,1.621,0.235
WL-B2F-7876,wall,1.6172,6.469,12.937,1.875
WL-B2F-7877,wall,3.2327,16.163,32.326,4.685
WL-B2F-7878,wall,2.7039,10.816,21.631,3.135
WL-B2F-7879,wall,0.9867,4.934,9.867,1.43
WL-B2F-7880,wall,0.5382,2.691,5.382,0.78
WL-B2F-7881,wall,2.07,8.28,16.56,2.4
WL-B2F-7882,wall,0.4519,2.26,4.519,0.655
WL-B2F-7883,wall,0.897,0.69,1.38,0.2
WL-B2F-7884,wall,0.4278,0.69,1.38,0.2
WL-B2F-7885,wall,0.5779,2.312,4.623,0.67
WL-B2F-7886,wall,2.7876,13.938,27.876,4.04
WL-B2F-7887,wall,2.1631,10.816,21.631,3.135
WL-B2F-7888,wall,0.9867,4.934,9.867,1.43
WL-B2F-7889,wall,0.5382,2.691,5.382,0.78
WL-B2F-7890,wall,1.9482,1.535,3.071,0.445
WL-B2F-7891,wall,0.4519,2.26,4.519,0.655
WL-B2F-7892,wall,0.897,0.69,1.38,0.2
WL-B2F-7893,wall,0.4278,0.69,1.38,0.2
WL-B2F-7894,wall,0.5779,2.312,4.623,0.67
WL-B2F-7895,wall,0.2243,0.897,1.794,0.26
WL-B2F-7896,wall,0.2243,0.897,1.794,0.26
WL-B2F-7897,wall,0.4528,1.811,3.623,0.525
WL-B2F-7898,wall,0.8798,0.863,1.725,0.25
WL-B2F-7899,wall,2.2123,8.849,17.699,2.565
WL-B2F-7900,wall,0.3666,1.466,2.933,0.425
WL-B2F-7901,wall,0.3364,1.345,2.691,0.39
WL-B2F-7902,wall,2.6651,10.661,21.321,3.09
WL-B2F-7903,wall,0.3623,0.863,1.725,0.25
WL-B2F-7904,wall,1.587,6.348,12.696,1.84
WL-B2F-7905,wall,0.2221,0.888,1.777,0.258
WL-B2F-7906,wall,0.9919,0.863,1.725,0.25
WL-B2F-7907,wall,0.9919,3.967,7.935,1.15
WL-B2F-7908,wall,0.6555,0.863,1.725,0.25
WL-B2F-7909,wall,0.6555,2.622,5.244,0.76
WL-B2F-7910,wall,1.2032,4.813,9.625,1.395
WL-B2F-7911,wall,2.139,8.556,17.112,2.48
WL-B2F-7912,wall,0.7926,0.863,1.725,0.25
WL-B2F-7913,wall,1.804,7.245,14.49,2.1
WL-B2F-7914,wall,1.3843,5.537,11.075,1.605
WL-B2F-7915,wall,0.3666,1.466,2.933,0.425
WL-B2F-7916,wall,0.5994,2.398,4.795,0.695
WL-B2F-7917,wall,0.991,0.862,1.725,0.25
WL-B2F-7918,wall,0.7504,0.863,1.725,0.25
WL-B2F-7919,wall,0.9879,3.967,7.935,1.15
WL-B2F-7920,wall,0.7504,3.002,6.003,0.87
WL-B2F-7921,wall,2.2292,8.953,17.905,2.595
WL-B2F-7922,wall,0.7926,0.863,1.725,0.25
WL-B2F-7923,wall,1.8113,7.245,14.49,2.1
WL-B2F-7924,wall,1.1859,4.744,9.487,1.375
WL-B2F-7925,wall,2.5686,10.315,20.631,2.99
WL-B2F-7926,wall,0.7755,0.776,1.552,0.225
WL-B2F-7927,wall,0.3364,1.346,2.691,0.39
WL-B2F-7928,wall,1.1299,4.52,9.039,1.31
WL-B2F-7929,wall,1.6948,6.779,13.559,1.965
WL-B2F-7930,wall,0.4933,0.897,1.794,0.26
WL-B2F-7931,wall,0.991,0.862,1.725,0.25
WL-B2F-7932,wall,0.7504,0.863,1.725,0.25
WL-B2F-7933,wall,0.9879,3.967,7.935,1.15
WL-B2F-7934,wall,0.6555,0.863,1.725,0.25
WL-B2F-7935,wall,0.7504,3.002,6.003,0.87
WL-B2F-7936,wall,0.6555,2.622,5.244,0.76
WL-B2F-7937,wall,1.1984,4.813,9.625,1.395
WL-B2F-7938,wall,1.38,5.52,11.04,1.6
WL-B2F-7939,wall,2.139,8.556,17.112,2.48
WL-B2F-7940,wall,0.7935,0.863,1.725,0.25
WL-B2F-7941,wall,1.804,7.245,14.49,2.1
WL-B2F-7942,wall,0.3651,1.466,2.933,0.425
WL-B2F-7943,wall,0.7866,0.69,1.38,0.2
WL-B2F-7944,wall,0.7866,0.69,1.38,0.2
WL-B2F-7945,wall,1.3165,5.266,10.532,1.526
WL-B2F-7946,wall,2.9109,11.644,23.287,3.375
WL-B2F-7947,wall,0.4959,1.984,3.967,0.575
WL-B2F-7948,wall,0.0,0.0,0.0,0.0
WL-B2F-7949,wall,0.0,0.0,0.0,0.0
WL-B2F-7950,wall,0.0,0.0,0.0,0.0
WL-B2F-7951,wall,0.0,0.0,0.0,0.0
WL-B2F-7952,wall,0.0,0.0,0.0,0.0
WL-B2F-7953,wall,0.0,0.0,0.0,0.0
WL-B2F-7954,wall,0.0,0.0,0.0,0.0
WL-B2F-7955,wall,0.0,0.0,0.0,0.0
WL-B2F-7956,wall,0.0,0.0,0.0,0.0
WL-B2F-7957,wall,0.0,0.0,0.0,0.0
WL-B2F-7958,wall,0.0,0.0,0.0,0.0
WL-B2F-7959,wall,0.0,0.0,0.0,0.0
WL-B2F-7960,wall,0.0,0.0,0.0,0.0
WL-B2F-7961,wall,0.0,0.0,0.0,0.0
WL-B2F-7962,wall,0.0,0.0,0.0,0.0
WL-B2F-7963,wall,0.0,0.0,0.0,0.0
WL-B2F-7964,wall,0.0,0.0,0.0,0.0
WL-B2F-7965,wall,0.0,0.0,0.0,0.0
WL-B2F-7966,wall,0.0,0.0,0.0,0.0
WL-B2F-7967,wall,0.0,0.0,0.0,0.0
WL-B2F-7968,wall,0.0,0.0,0.0,0.0
WL-B2F-7969,wall,0.0,0.0,0.0,0.0
WL-B2F-7970,wall,0.0,0.0,0.0,0.0
WL-B2F-7971,wall,0.0,0.0,0.0,0.0
WL-B2F-7972,wall,0.0,0.0,0.0,0.0
WL-B2F-7973,wall,0.0,0.0,0.0,0.0
WL-B2F-7974,wall,0.0,0.0,0.0,0.0
WL-B2F-7975,wall,0.0,0.0,0.0,0.0
WL-B2F-7976,wall,0.0,0.0,0.0,0.0
WL-B2F-7977,wall,0.0,0.0,0.0,0.0
WL-B2F-7978,wall,0.0,0.0,0.0,0.0
WL-B2F-7979,wall,0.0,0.0,0.0,0.0
WL-B2F-7980,wall,0.0,0.0,0.0,0.0
WL-B2F-7981,wall,0.0,0.0,0.0,0.0
WL-B2F-7982,wall,0.0,0.0,0.0,0.0
WL-B2F-7983,wall,0.0,0.0,0.0,0.0
WL-B2F-7984,wall,0.0,0.0,0.0,0.0
WL-B2F-7985,wall,0.0,0.0,0.0,0.0
WL-B2F-7986,wall,0.0,0.0,0.0,0.0
WL-B2F-7987,wall,0.0,0.0,0.0,0.0
WL-B2F-7988,wall,0.0,0.0,0.0,0.0
WL-B2F-7989,wall,0.0,0.0,0.0,0.0
WL-B2F-7990,wall,0.0,0.0,0.0,0.0
WL-B2F-7991,wall,0.0,0.0,0.0,0.0
WL-B2F-7992,wall,0.0,0.0,0.0,0.0
WL-B2F-7993,wall,0.0,0.0,0.0,0.0
WL-B2F-7994,wall,0.0,0.0,0.0,0.0
WL-B2F-7995,wall,0.0,0.0,0.0,0.0
WL-B2F-7996,wall,0.0,0.0,0.0,0.0
WL-B2F-7997,wall,0.0,0.0,0.0,0.0
WL-B2F-7998,wall,0.207,1.035,2.07,0.3
WL-B2F-7999,wall,9.7945,48.973,97.945,14.195
WL-B2F-8000,wall,0.276,1.38,2.76,0.4
WL-B2F-8001,wall,0.3061,1.531,3.061,0.444
WL-B2F-8002,wall,5.32,26.6,53.2,7.71
WL-B2F-8003,wall,44.367,88.734,177.468,25.72
WL-B2F-8004,wall,0.2346,1.173,2.346,0.34
WL-B2F-8005,wall,0.0,0.0,0.0,0.0
WL-B2F-8006,wall,0.414,2.07,4.14,0.6
WL-B2F-8007,wall,0.207,0.69,1.38,0.2
WL-B2F-8008,wall,8.6206,34.621,69.241,10.035
WL-B2F-8009,wall,6.0186,24.171,48.342,7.006
WL-B2F-8010,wall,0.1078,0.431,0.862,0.125
WL-B2F-8011,wall,1.7595,1.725,3.45,0.5
WL-B2F-8012,wall,0.5261,0.431,0.862,0.125
WL-B2F-8013,wall,0.1078,0.431,0.863,0.125
WL-B2F-8014,wall,2.0648,2.95,5.899,0.855
WL-B2F-8015,wall,0.058,0.233,0.466,0.067
WL-B2F-8016,wall,1.0522,0.862,1.725,0.25
WL-B2F-8017,wall,0.0,0.0,0.0,0.0
WL-B2F-8018,wall,0.966,0.863,1.725,0.25
WL-B2F-8019,wall,0.0,0.0,0.0,0.0
WL-B2F-8020,wall,0.0,0.0,0.0,0.0
WL-B2F-8021,wall,0.0,0.0,0.0,0.0
WL-B2F-8022,wall,0.0,0.0,0.0,0.0
WL-B2F-8023,wall,0.0,0.0,0.0,0.0
WL-B2F-8024,wall,0.0,0.0,0.0,0.0
WL-B2F-8025,wall,0.0,0.0,0.0,0.0
WL-B2F-8026,wall,0.0,0.0,0.0,0.0
WL-B2F-8027,wall,2.1217,4.243,8.487,1.23
WL-B2F-8028,wall,3.2603,6.521,13.041,1.89
WL-B2F-8029,wall,0.2976,1.19,2.381,0.345
WL-B2F-8030,wall,0.0539,0.216,0.431,0.062
WL-B2F-8031,wall,2.5986,10.436,20.872,3.025
WL-B2F-8032,wall,0.4959,1.984,3.967,0.575
WL-B2F-8033,wall,1.1385,4.554,9.108,1.32
WL-B2F-8034,wall,1.1385,4.554,9.108,1.32
WL-B2F-8035,wall,2.8376,5.675,11.35,1.645
WL-B2F-8036,wall,1.5925,1.449,2.898,0.42
WL-B2F-8037,wall,0.9867,4.934,9.867,1.43
WL-B2F-8038,wall,0.4278,0.69,1.38,0.2
WL-B2F-8039,wall,0.897,0.69,1.38,0.2
WL-B2F-8040,wall,2.5013,12.506,25.013,3.625
WL-B2F-8041,wall,0.5382,2.691,5.382,0.78
WL-B2F-8042,wall,0.4519,2.26,4.519,0.655
WL-B2F-8043,wall,2.07,8.28,16.56,2.4
WL-B2F-8044,wall,0.4278,0.69,1.38,0.2
WL-B2F-8045,wall,2.3288,9.315,18.63,2.7
WL-B2F-8046,wall,1.6689,6.676,13.352,1.935
WL-B2F-8047,wall,0.5037,2.519,5.037,0.73
WL-B2F-8048,wall,0.5382,2.691,5.382,0.78
WL-B2F-8049,wall,1.2334,4.934,9.867,1.43
WL-B2F-8050,wall,0.6831,3.416,6.831,0.99
WL-B2F-8051,wall,0.6831,3.416,6.831,0.99
WL-B2F-8052,wall,0.1078,0.431,0.862,0.125
WL-B2F-8053,wall,0.0,0.0,0.0,0.0
WL-B2F-8054,wall,0.1074,0.431,0.863,0.125
WL-B2F-8055,wall,2.0648,2.95,5.899,0.855
WL-B2F-8056,wall,0.058,0.233,0.466,0.067
WL-B2F-8057,wall,1.0522,0.862,1.725,0.25
WL-B2F-8058,wall,0.0,0.0,0.0,0.0
WL-B2F-8059,wall,1.1385,0.863,1.725,0.25
WL-B2F-8060,wall,0.0,0.0,0.0,0.0
WL-B2F-8061,wall,0.0,0.0,0.0,0.0
WL-B2F-8062,wall,0.0,0.0,0.0,0.0
WL-B2F-8063,wall,0.0,0.0,0.0,0.0
WL-B2F-8064,wall,0.0,0.0,0.0,0.0
WL-B2F-8065,wall,0.6555,0.863,1.725,0.25
WL-B2F-8066,wall,0.6555,2.622,5.244,0.76
WL-B2F-8067,wall,1.2199,4.899,9.798,1.42
WL-B2F-8068,wall,1.38,5.52,11.04,1.6
WL-B2F-8069,wall,2.139,8.556,17.112,2.48
WL-B2F-8070,wall,0.7926,0.863,1.725,0.25
WL-B2F-8071,wall,1.804,7.245,14.49,2.1
WL-B2F-8072,wall,0.3651,1.466,2.933,0.425
WL-B2F-8073,wall,3.195,2.958,5.917,0.858
WL-B2F-8074,wall,2.5254,2.07,4.14,0.6
WL-B2F-8075,wall,0.4497,2.26,4.52,0.655
WL-B2F-8076,wall,0.5355,2.691,5.382,0.78
WL-B2F-8077,wall,2.07,8.28,16.56,2.4
WL-B2F-8078,wall,0.0,0.0,0.0,0.0
WL-B2F-8079,wall,1.242,2.07,4.14,0.6
WL-B2F-8080,wall,8.5698,14.283,28.566,4.14
WL-B2F-8081,wall,0.9867,4.934,9.867,1.43
WL-B2F-8082,wall,0.4278,0.69,1.38,0.2
WL-B2F-8083,wall,0.8963,0.69,1.38,0.2
WL-B2F-8084,wall,2.8136,14.068,28.136,4.078
WL-B2F-8085,wall,0.5382,2.691,5.382,0.78
WL-B2F-8086,wall,0.4497,2.26,4.519,0.655
WL-B2F-8087,wall,4.5102,5.865,11.73,1.7
WL-B2F-8088,wall,0.1078,0.431,0.862,0.125
WL-B2F-8089,wall,0.0,0.0,0.0,0.0
WL-B2F-8090,wall,6.7227,26.891,53.782,7.794
WL-B2F-8091,wall,0.3434,1.374,2.747,0.398
WL-B2F-8092,wall,3.7748,15.099,30.199,4.377
WL-B2F-8093,wall,1.1204,0.863,1.725,0.25
WL-B2F-8094,wall,0.4519,2.26,4.519,0.655
WL-B2F-8095,wall,0.5382,2.691,5.382,0.78
WL-B2F-8096,wall,0.3651,1.466,2.933,0.425
WL-B2F-8097,wall,0.5339,0.862,1.725,0.25
WL-B2F-8098,wall,0.1078,0.431,0.862,0.125
WL-B2F-8099,wall,0.0,0.0,0.0,0.0
WL-B2F-8100,wall,0.1078,0.431,0.863,0.125
WL-B2F-8101,wall,1.1333,2.518,5.037,0.73
WL-B2F-8102,wall,0.058,0.233,0.466,0.067
WL-B2F-8103,wall,1.0522,0.862,1.725,0.25
WL-B2F-8104,wall,0.0,0.0,0.0,0.0
WL-B2F-8105,wall,1.1385,0.863,1.725,0.25
WL-B2F-8106,wall,0.0,0.0,0.0,0.0
WL-B2F-8107,wall,0.0,0.0,0.0,0.0
WL-B2F-8108,wall,0.0,0.0,0.0,0.0
WL-B2F-8109,wall,0.0,0.0,0.0,0.0
WL-B2F-8110,wall,0.0,0.0,0.0,0.0
WL-B2F-8111,wall,0.0,0.0,0.0,0.0
WL-B2F-8112,wall,0.0,0.0,0.0,0.0
WL-B2F-8113,wall,1.0609,4.243,8.487,1.23
WL-B2F-8114,wall,1.6301,6.521,13.041,1.89
WL-B2F-8115,wall,2.6091,10.436,20.872,3.025
WL-B2F-8116,wall,3.1179,12.472,24.944,3.615
WL-B2F-8117,wall,1.1212,4.485,8.97,1.3
WL-B2F-8118,wall,0.3968,1.587,3.174,0.46
WL-B2F-8119,wall,0.8711,3.485,6.969,1.01
WL-B2F-8120,wall,1.1816,4.727,9.453,1.37
WL-B2F-8121,wall,0.7866,0.69,1.38,0.2
WL-B2F-8122,wall,0.7866,0.69,1.38,0.2
WL-B2F-8123,wall,0.7866,0.69,1.38,0.2
WL-B2F-8124,wall,0.5347,2.139,4.278,0.62
WL-B2F-8125,wall,1.2834,2.139,4.278,0.62
WL-B2F-8126,wall,6.8434,27.484,54.967,7.966
WL-B2F-8127,wall,0.69,0.862,1.725,0.25
WL-B2F-8128,wall,0.69,0.863,1.725,0.25
WL-B2F-8129,wall,0.69,0.863,1.725,0.25
WL-B2F-8130,wall,0.69,0.863,1.725,0.25
WL-B2F-8131,wall,0.0863,0.345,0.69,0.1
WL-B2F-8132,wall,0.6417,3.209,6.417,0.93
WL-B2F-8133,wall,0.4519,2.26,4.519,0.655
WL-B2F-8134,wall,0.9867,4.934,9.867,1.43
WL-B2F-8135,wall,0.9108,0.69,1.38,0.2
WL-B2F-8136,wall,2.7565,13.783,27.565,3.995
WL-B2F-8137,wall,0.5779,2.312,4.623,0.67
WL-B2F-8138,wall,2.5573,10.229,20.458,2.965
WL-B2F-8139,wall,0.0,0.0,0.0,0.0
WL-B2F-8140,wall,2.1114,10.557,21.114,3.06
WL-B2F-8141,wall,3.5966,14.386,28.773,4.17
WL-B2F-8142,wall,0.4425,0.776,1.552,0.225
WL-B2F-8143,wall,0.9876,3.95,7.9,1.145
WL-B2F-8144,wall,0.6986,2.795,5.589,0.81
WL-B2F-8145,wall,0.9488,3.795,7.59,1.1
WL-B2F-8146,wall,0.0,0.0,0.0,0.0
WL-B2F-8147,wall,1.863,7.452,14.904,2.16
WL-B2F-8148,wall,1.3929,5.572,11.144,1.615
WL-B2F-8149,wall,1.932,1.725,3.45,0.5
WL-B2F-8150,wall,1.4447,5.779,11.557,1.675
WL-B2F-8151,wall,3.5006,14.059,28.117,4.075
WL-B2F-8152,wall,4.2521,17.009,34.017,4.93
WL-B2F-8153,wall,1.1554,4.64,9.28,1.345
WL-B2F-8154,wall,0.4312,1.725,3.45,0.5
WL-B2F-8155,wall,2.4526,9.85,19.7,2.855
WL-B2F-8156,wall,0.7288,2.915,5.83,0.845
WL-B2F-8157,wall,5.8176,23.27,46.541,6.745
WL-B2F-8158,wall,2.2292,8.953,17.906,2.595
WL-B2F-8159,wall,2.1778,8.711,17.422,2.525
WL-B2F-8160,wall,0.3536,1.415,2.829,0.41
WL-B2F-8161,wall,1.6086,6.434,12.869,1.865
WL-B2F-8162,wall,2.4064,9.626,19.251,2.79
WL-B2F-8163,wall,0.4209,1.69,3.381,0.49
WL-B2F-8164,wall,1.7267,6.935,13.869,2.01
WL-B2F-8165,wall,0.966,0.863,1.725,0.25
WL-B2F-8166,wall,0.2491,1.0,2.001,0.29
WL-B2F-8167,wall,0.5455,2.191,4.381,0.635
WL-B2F-8168,wall,0.7688,3.088,6.175,0.895
WL-B2F-8169,wall,3.1184,12.524,25.047,3.63
WL-B2F-8170,wall,2.9584,11.834,23.667,3.43
WL-B2F-8171,wall,1.0309,4.14,8.28,1.2
WL-B2F-8172,wall,4.8864,19.546,39.091,5.665
WL-B2F-8173,wall,0.0906,0.362,0.725,0.105
WL-B2F-8174,wall,1.0169,0.863,1.725,0.25
WL-B2F-8175,wall,1.6646,6.659,13.317,1.93
WL-B2F-8176,wall,0.9574,3.829,7.659,1.11
WL-B2F-8177,wall,1.7768,1.725,3.45,0.5
WL-B2F-8178,wall,2.8778,2.312,4.623,0.67
WL-B2F-8179,wall,0.7866,0.69,1.38,0.2
WL-B2F-8180,wall,0.7866,0.69,1.38,0.2
WL-B2F-8181,wall,6.1151,12.23,24.46,3.545
WL-B2F-8182,wall,6.0375,15.094,30.188,4.375
WL-B2F-8183,wall,1.222,1.587,3.174,0.46
WL-B2F-8184,wall,7.1415,14.283,28.566,4.14
WL-B2F-8185,wall,1.2075,4.83,9.66,1.4
WL-B2F-8186,wall,4.8257,19.303,38.605,5.595
WL-B2F-8187,wall,1.8665,9.332,18.665,2.705
WL-B2F-8188,wall,0.1207,0.604,1.208,0.175
WL-B2F-8189,wall,2.4668,9.867,19.734,2.86
WL-B2F-8190,wall,0.7728,0.69,1.38,0.2
WL-B2F-8191,wall,0.8797,0.862,1.725,0.25
WL-B2F-8192,wall,0.1078,0.431,0.862,0.125
WL-B2F-8193,wall,0.0,0.0,0.0,0.0
WL-B2F-8194,wall,0.1078,0.431,0.863,0.125
WL-B2F-8195,wall,1.1333,2.518,5.037,0.73
WL-B2F-8196,wall,0.058,0.233,0.466,0.067
WL-B2F-8197,wall,1.0522,0.862,1.725,0.25
WL-B2F-8198,wall,0.0,0.0,0.0,0.0
WL-B2F-8199,wall,0.0,0.0,0.0,0.0
WL-B2F-8200,wall,2.1028,1.725,3.45,0.5
WL-B2F-8201,wall,2.4962,5.002,10.005,1.45
WL-B2F-8202,wall,1.0352,4.157,8.315,1.205
WL-B2F-8203,wall,0.4934,0.897,1.794,0.26
WL-B2F-8204,wall,1.3444,5.399,10.798,1.565
WL-B2F-8205,wall,0.6555,0.862,1.725,0.25
WL-B2F-8206,wall,0.6529,2.622,5.244,0.76
WL-B2F-8207,wall,1.3358,5.365,10.729,1.555
WL-B2F-8208,wall,0.6891,0.863,1.725,0.25
WL-B2F-8209,wall,1.38,5.52,11.04,1.6
WL-B2F-8210,wall,2.139,8.556,17.112,2.48
WL-B2F-8211,wall,0.7926,0.863,1.725,0.25
WL-B2F-8212,wall,1.804,7.245,14.49,2.1
WL-B2F-8213,wall,1.1859,4.744,9.487,1.375
WL-B2F-8214,wall,0.3651,1.466,2.933,0.425
WL-B2F-8215,wall,1.7578,1.725,3.45,0.5
WL-B2F-8216,wall,0.9038,1.811,3.623,0.525
WL-B2F-8217,wall,1.7578,1.725,3.45,0.5
WL-B2F-8218,wall,1.469,5.899,11.799,1.71
WL-B2F-8219,wall,1.018,4.088,8.177,1.185
WL-B2F-8220,wall,0.621,0.863,1.725,0.25
WL-B2F-8221,wall,0.6185,2.484,4.968,0.72
WL-B2F-8222,wall,1.7577,2.708,5.416,0.785
WL-B2F-8223,wall,0.451,1.811,3.623,0.525
WL-B2F-8224,wall,1.8641,7.487,14.973,2.17
WL-B2F-8225,wall,0.0967,0.388,0.777,0.113
WL-B2F-8226,wall,1.6053,2.432,4.864,0.705
WL-B2F-8227,wall,0.921,1.846,3.691,0.535
WL-B2F-8228,wall,0.6037,1.207,2.415,0.35
WL-B2F-8229,wall,0.3019,1.207,2.415,0.35
WL-B2F-8230,wall,0.2105,0.845,1.69,0.245
WL-B2F-8231,wall,1.8026,7.211,14.421,2.09
WL-B2F-8232,wall,0.4768,1.915,3.83,0.555
WL-B2F-8233,wall,1.8113,7.245,14.49,2.1
WL-B2F-8234,wall,0.966,0.862,1.725,0.25
WL-B2F-8235,wall,0.7926,0.863,1.725,0.25
WL-B2F-8236,wall,0.5853,1.173,2.346,0.34
WL-B2F-8237,wall,2.0486,4.106,8.211,1.19
WL-B2F-8238,wall,1.3955,1.725,3.45,0.5
WL-B2F-8239,wall,1.3972,2.794,5.589,0.81
WL-B2F-8240,wall,1.2051,2.415,4.83,0.7
WL-B2F-8241,wall,1.469,5.899,11.799,1.71
WL-B2F-8242,wall,2.5565,5.123,10.246,1.485
WL-B2F-8243,wall,1.242,1.725,3.45,0.5
WL-B2F-8244,wall,2.1562,4.312,8.625,1.25
WL-B2F-8245,wall,1.7609,2.432,4.864,0.705
WL-B2F-8246,wall,0.6025,1.208,2.415,0.35
WL-B2F-8247,wall,3.1995,2.562,5.123,0.743
WL-B2F-8248,wall,0.2105,0.845,1.691,0.245
WL-B2F-8249,wall,1.7525,7.038,14.076,2.04
WL-B2F-8250,wall,0.4768,1.915,3.829,0.555
WL-B2F-8251,wall,1.8113,7.245,14.49,2.1
WL-B2F-8252,wall,0.966,0.862,1.725,0.25
WL-B2F-8253,wall,0.7935,0.862,1.725,0.25
WL-B2F-8254,wall,0.5853,1.173,2.346,0.34
WL-B2F-8255,wall,2.0486,4.106,8.211,1.19
WL-B2F-8256,wall,1.4835,1.725,3.45,0.5
WL-B2F-8257,wall,1.4835,2.967,5.934,0.86
WL-B2F-8258,wall,1.3342,2.674,5.348,0.775
WL-B2F-8259,wall,1.207,4.847,9.694,1.405
WL-B2F-8260,wall,1.3929,5.572,11.144,1.615
WL-B2F-8261,wall,2.0165,1.725,3.45,0.5
WL-B2F-8262,wall,1.1212,2.242,4.485,0.65
WL-B2F-8263,wall,1.4663,1.725,3.45,0.5
WL-B2F-8264,wall,2.0142,4.037,8.073,1.17
WL-B2F-8265,wall,1.311,1.725,3.45,0.5
WL-B2F-8266,wall,1.4662,2.932,5.865,0.85
WL-B2F-8267,wall,0.0,0.0,0.0,0.0
WL-B2F-8268,wall,0.0,0.0,0.0,0.0
WL-B2F-8269,wall,0.0,0.0,0.0,0.0
WL-B2F-8270,wall,0.0,0.0,0.0,0.0
WL-B2F-8271,wall,0.0,0.0,0.0,0.0
WL-B2F-8272,wall,1.0479,4.192,8.383,1.215
WL-B2F-8273,wall,1.2248,4.899,9.798,1.42
WL-B2F-8274,wall,1.1558,4.623,9.246,1.34
WL-B2F-8275,wall,1.7207,6.883,13.765,1.995
WL-B2F-8276,wall,1.469,5.9,11.799,1.71
WL-B2F-8277,wall,1.7604,2.708,5.416,0.785
WL-B2F-8278,wall,0.451,1.811,3.623,0.525
WL-B2F-8279,wall,1.8641,7.487,14.973,2.17
WL-B2F-8280,wall,0.9664,3.881,7.763,1.125
WL-B2F-8281,wall,0.8797,0.862,1.725,0.25
WL-B2F-8282,wall,0.6744,2.708,5.416,0.785
WL-B2F-8283,wall,0.3019,1.208,2.415,0.35
WL-B2F-8284,wall,0.2105,0.845,1.69,0.245
WL-B2F-8285,wall,0.4768,1.915,3.829,0.555
WL-B2F-8286,wall,1.7077,6.831,13.662,1.98
WL-B2F-8287,wall,0.9651,0.862,1.725,0.25
WL-B2F-8288,wall,0.7935,0.863,1.725,0.25
WL-B2F-8289,wall,1.5853,1.725,3.45,0.5
WL-B2F-8290,wall,2.1045,1.725,3.45,0.5
WL-B2F-8291,wall,7.2391,14.507,29.015,4.205
WL-B2F-8292,wall,1.3973,1.725,3.45,0.5
WL-B2F-8293,wall,8.4356,16.905,33.81,4.9
WL-B2F-8294,wall,1.1859,4.744,9.487,1.375
WL-B2F-8295,wall,0.3666,1.466,2.933,0.425
WL-B2F-8296,wall,0.4528,1.811,3.622,0.525
WL-B2F-8297,wall,0.5428,2.171,4.343,0.629
WL-B2F-8298,wall,0.3364,1.345,2.691,0.39
WL-B2F-8299,wall,1.2506,5.002,10.005,1.45
WL-B2F-8300,wall,0.3623,0.863,1.725,0.25
WL-B2F-8301,wall,1.3874,5.572,11.143,1.615
WL-B2F-8302,wall,1.9837,1.725,3.45,0.5
WL-B2F-8303,wall,1.5007,1.725,3.45,0.5
WL-B2F-8304,wall,1.311,1.725,3.45,0.5
WL-B2F-8305,wall,1.3745,5.52,11.04,1.6
WL-B2F-8306,wall,2.139,8.556,17.112,2.48
WL-B2F-8307,wall,0.7926,0.862,1.725,0.25
WL-B2F-8308,wall,1.804,7.245,14.49,2.1
WL-B2F-8309,wall,0.966,0.862,1.725,0.25
WL-B2F-8310,wall,1.469,5.9,11.799,1.71
WL-B2F-8311,wall,0.2105,0.845,1.691,0.245
WL-B2F-8312,wall,0.966,0.862,1.725,0.25
WL-B2F-8313,wall,0.4768,1.915,3.829,0.555
WL-B2F-8314,wall,1.804,7.245,14.49,2.1
WL-B2F-8315,wall,1.0824,4.347,8.694,1.26
WL-B2F-8316,wall,1.587,1.725,3.45,0.5
WL-B2F-8317,wall,2.1028,1.725,3.45,0.5
WL-B2F-8318,wall,1.9751,1.725,3.45,0.5
WL-B2F-8319,wall,0.7935,0.862,1.725,0.25
WL-B2F-8320,wall,1.242,1.725,3.45,0.5
WL-B2F-8321,wall,1.7578,1.725,3.45,0.5
WL-B2F-8322,wall,1.5051,3.01,6.02,0.872
WL-B2F-8323,wall,7.0035,14.007,28.014,4.06
WL-B2F-8324,wall,9.9101,19.82,39.641,5.745
WL-B2F-8325,wall,0.713,2.864,5.727,0.83
WL-B2F-8326,wall,1.7525,7.038,14.076,2.04
WL-B2F-8327,wall,1.1126,4.451,8.901,1.29
WL-B2F-8328,wall,1.0393,4.157,8.314,1.205
WL-B2F-8329,wall,1.3929,5.572,11.144,1.615
WL-B2F-8330,wall,0.5321,2.674,5.348,0.775
WL-B2F-8331,wall,0.8066,0.69,1.38,0.2
WL-B2F-8332,wall,1.0514,0.862,1.725,0.25
WL-B2F-8333,wall,2.6802,10.764,21.528,3.12
WL-B2F-8334,wall,0.4934,0.759,1.518,0.22
WL-B2F-8335,wall,1.4749,5.899,11.799,1.71
WL-B2F-8336,wall,1.5096,6.063,12.126,1.757
WL-B2F-8337,wall,1.8889,7.555,15.111,2.19
WL-B2F-8338,wall,1.062,4.248,8.496,1.231
WL-B2F-8339,wall,2.5278,10.152,20.303,2.942
WL-B2F-8340,wall,0.589,0.983,1.966,0.285
WL-B2F-8341,wall,0.408,1.639,3.277,0.475
WL-B2F-8342,wall,1.2585,5.054,10.109,1.465
WL-B2F-8343,wall,0.0129,0.052,0.103,0.015
WL-B2F-8344,wall,1.0307,4.123,8.245,1.195
WL-B2F-8345,wall,5.4102,21.728,43.455,6.298
WL-B2F-8346,wall,0.6717,2.399,4.798,0.695
WL-B2F-8347,wall,1.3058,5.244,10.488,1.52
WL-B2F-8348,wall,2.2684,9.074,18.147,2.63
WL-B2F-8349,wall,0.3975,1.596,3.193,0.463
WL-B2F-8350,wall,1.3455,5.382,10.764,1.56
WL-B2F-8351,wall,4.0969,16.388,32.775,4.75
WL-B2F-8352,wall,2.6674,10.712,21.424,3.105
WL-B2F-8353,wall,4.6432,18.647,37.294,5.405
WL-B2F-8354,wall,1.7439,7.004,14.007,2.03
WL-B2F-8355,wall,0.7866,0.69,1.38,0.2
WL-B2F-8356,wall,0.7866,0.69,1.38,0.2
WL-B2F-8357,wall,7.2994,14.628,29.256,4.24
WL-B2F-8358,wall,4.7478,9.496,18.991,2.752
WL-B2F-8359,wall,0.5899,0.655,1.311,0.19
WL-B2F-8360,wall,0.8934,3.588,7.176,1.04
WL-B2F-8361,wall,1.8641,7.487,14.973,2.17
WL-B2F-8362,wall,1.2016,6.038,12.076,1.75
WL-B2F-8363,wall,1.2075,6.038,12.075,1.75
WL-B2F-8364,wall,1.2015,6.037,12.075,1.75
WL-B2F-8365,wall,3.1223,15.611,31.223,4.525
WL-B2F-8366,wall,2.7039,10.816,21.631,3.135
WL-B2F-8367,wall,10.5751,15.784,31.568,4.575
WL-B2F-8368,wall,0.9867,4.934,9.867,1.43
WL-B2F-8369,wall,0.5382,2.691,5.382,0.78
WL-B2F-8370,wall,1.618,8.09,16.18,2.345
WL-B2F-8371,wall,1.1392,0.897,1.794,0.26
WL-B2F-8372,wall,0.276,1.38,2.76,0.4
WL-B2F-8373,wall,0.4519,2.26,4.519,0.655
WL-B2F-8374,wall,0.9108,0.69,1.38,0.2
WL-B2F-8375,wall,0.1074,0.431,0.863,0.125
WL-B2F-8376,wall,2.6651,10.661,21.321,3.09
WL-B2F-8377,wall,1.0824,4.33,8.659,1.255
WL-B2F-8378,wall,2.7584,3.001,6.003,0.87
WL-B2F-8379,wall,0.897,3.588,7.176,1.04
WL-B2F-8380,wall,1.6129,6.452,12.903,1.87
WL-B2F-8381,wall,1.3929,5.572,11.143,1.615
WL-B2F-8382,wall,0.5382,2.691,5.382,0.78
WL-B2F-8383,wall,0.0863,0.431,0.863,0.125
WL-B2F-8384,wall,0.0863,0.345,0.69,0.1
WL-B2F-8385,wall,1.1213,4.485,8.97,1.3
WL-B2F-8386,wall,1.4663,5.865,11.73,1.7
WL-B2F-8387,wall,0.1208,0.483,0.966,0.14
WL-B2F-8388,wall,1.7423,6.969,13.938,2.02
WL-B2F-8389,wall,1.0522,0.862,1.725,0.25
WL-B2F-8390,wall,0.2243,0.897,1.794,0.26
WL-B2F-8391,wall,2.6479,10.591,21.183,3.07
WL-B2F-8392,wall,0.1078,0.431,0.862,0.125
WL-B2F-8393,wall,0.0,0.0,0.0,0.0
WL-B2F-8394,wall,0.0,0.0,0.0,0.0
WL-B2F-8395,wall,0.4873,0.863,1.725,0.25
WL-B2F-8396,wall,3.5822,14.386,28.773,4.17
WL-B2F-8397,wall,0.345,1.38,2.76,0.4
WL-B2F-8398,wall,1.1212,4.485,8.97,1.3
WL-B2F-8399,wall,1.3886,5.555,11.109,1.61
WL-B2F-8400,wall,0.0517,0.207,0.414,0.06
WL-B2F-8401,wall,0.8711,3.485,6.969,1.01
WL-B2F-8402,wall,0.4873,1.949,3.898,0.565
WL-B2F-8403,wall,0.7866,0.69,1.38,0.2
WL-B2F-8404,wall,0.897,0.69,1.38,0.2
WL-B2F-8405,wall,0.7866,0.69,1.38,0.2
WL-B2F-8406,wall,2.7341,10.937,21.873,3.17
WL-B2F-8407,wall,0.345,1.38,2.76,0.4
WL-B2F-8408,wall,1.2248,4.899,9.798,1.42
WL-B2F-8409,wall,0.7728,0.69,1.38,0.2
WL-B2F-8410,wall,0.5175,2.07,4.14,0.6
WL-B2F-8411,wall,0.0,0.0,0.0,0.0
WL-B2F-8412,wall,0.9488,0.863,1.725,0.25
WL-B2F-8413,wall,2.6479,10.591,21.183,3.07
WL-B2F-8414,wall,0.0,0.0,0.0,0.0
WL-B2F-8415,wall,0.0,0.0,0.0,0.0
WL-B2F-8416,wall,0.3105,0.517,1.035,0.15
WL-B2F-8417,wall,0.9833,3.933,7.866,1.14
WL-B2F-8418,wall,0.6891,0.863,1.725,0.25
WL-B2F-8419,wall,0.6891,0.862,1.725,0.25
WL-B2F-8420,wall,0.69,0.863,1.725,0.25
WL-B2F-8421,wall,0.0,0.0,0.0,0.0
WL-B2F-8422,wall,0.0,0.0,0.0,0.0
WL-B2F-8423,wall,1.0522,0.862,1.725,0.25
WL-B2F-8424,wall,0.0,0.0,0.0,0.0
WL-B2F-8425,wall,1.1376,0.863,1.725,0.25
WL-B2F-8426,wall,0.0,0.0,0.0,0.0
WL-B2F-8427,wall,0.0,0.0,0.0,0.0
WL-B2F-8428,wall,0.0,0.0,0.0,0.0
WL-B2F-8429,wall,0.0,0.0,0.0,0.0
WL-B2F-8430,wall,0.0,0.0,0.0,0.0
WL-B2F-8431,wall,0.0,0.0,0.0,0.0
WL-B2F-8432,wall,0.0,0.0,0.0,0.0
WL-B2F-8433,wall,0.0539,0.216,0.431,0.063
WL-B2F-8434,wall,2.6287,10.557,21.114,3.06
WL-B2F-8435,wall,3.0754,12.351,24.702,3.58
WL-B2F-8436,wall,0.0,0.0,0.0,0.0
WL-B2F-8437,wall,1.587,1.725,3.45,0.5
WL-B2F-8438,wall,0.0,0.0,0.0,0.0
WL-B2F-8439,wall,0.5103,0.586,1.173,0.17
WL-B2F-8440,wall,0.0,0.0,0.0,0.0
WL-B2F-8441,wall,0.8797,0.862,1.725,0.25
WL-B2F-8442,wall,1.0997,4.399,8.798,1.275
WL-B2F-8443,wall,1.775,1.725,3.45,0.5
WL-B2F-8444,wall,3.0645,3.226,6.452,0.935
WL-B2F-8445,wall,0.7388,2.967,5.934,0.86
WL-B2F-8446,wall,1.6129,6.452,12.903,1.87
WL-B2F-8447,wall,2.1959,2.312,4.623,0.67
WL-B2F-8448,wall,5.7069,11.437,22.874,3.315
WL-B2F-8449,wall,8.3323,16.698,33.396,4.84
WL-B2F-8450,wall,2.9051,5.822,11.644,1.688
WL-B2F-8451,wall,6.9154,27.772,55.545,8.05
WL-B2F-8452,wall,0.5355,2.691,5.382,0.78
WL-B2F-8453,wall,2.0617,8.28,16.56,2.4
WL-B2F-8454,wall,0.7866,0.69,1.38,0.2
WL-B2F-8455,wall,0.9867,4.934,9.867,1.43
WL-B2F-8456,wall,0.4278,0.69,1.38,0.2
WL-B2F-8457,wall,0.897,0.69,1.38,0.2
WL-B2F-8458,wall,0.5355,2.691,5.382,0.78
WL-B2F-8459,wall,0.4497,2.26,4.519,0.655
WL-B2F-8460,wall,4.5102,5.865,11.73,1.7
WL-B2F-8461,wall,0.0,0.0,0.0,0.0
WL-B2F-8462,wall,0.0,0.0,0.0,0.0
WL-B2F-8463,wall,0.0,0.0,0.0,0.0
WL-B2F-8464,wall,0.0,0.0,0.0,0.0
WL-B2F-8465,wall,0.0,0.0,0.0,0.0
WL-B2F-8466,wall,0.0,0.0,0.0,0.0
WL-B2F-8467,wall,0.0,0.0,0.0,0.0
WL-B2F-8468,wall,0.0,0.0,0.0,0.0
WL-B2F-8469,wall,0.0,0.0,0.0,0.0
WL-B2F-8470,wall,0.0644,0.259,0.517,0.075
WL-B2F-8471,wall,0.5584,2.242,4.485,0.65
WL-B2F-8472,wall,1.1168,4.485,8.97,1.3
WL-B2F-8473,wall,0.7388,2.967,5.934,0.86
WL-B2F-8474,wall,2.0786,8.348,16.696,2.42
WL-B2F-8475,wall,0.7866,0.69,1.38,0.2
WL-B2F-8476,wall,0.0,0.0,0.0,0.0
WL-B2F-8477,wall,0.0,0.0,0.0,0.0
WL-B2F-8478,wall,1.0514,0.862,1.725,0.25
WL-B2F-8479,wall,0.0,0.0,0.0,0.0
WL-B2F-8480,wall,0.966,0.863,1.725,0.25
WL-B2F-8481,wall,0.8798,0.863,1.725,0.25
WL-B2F-8482,wall,0.0,0.0,0.0,0.0
WL-B2F-8483,wall,0.0,0.0,0.0,0.0
WL-B2F-8484,wall,0.0,0.0,0.0,0.0
WL-B2F-8485,wall,0.0,0.0,0.0,0.0
WL-B2F-8486,wall,0.0,0.0,0.0,0.0
WL-B2F-8487,wall,0.0,0.0,0.0,0.0
WL-B2F-8488,wall,0.0,0.0,0.0,0.0
WL-B2F-8489,wall,0.2976,1.19,2.38,0.345
WL-B2F-8490,wall,0.4054,0.862,1.725,0.25
WL-B2F-8491,wall,0.0,0.0,0.0,0.0
WL-B2F-8492,wall,0.4658,2.329,4.658,0.675
WL-B2F-8493,wall,0.5382,2.691,5.382,0.78
WL-B2F-8494,wall,3.3206,13.282,26.565,3.85
WL-B2F-8495,wall,1.0083,0.863,1.725,0.25
WL-B2F-8496,wall,1.0523,0.863,1.725,0.25
WL-B2F-8497,wall,2.0743,8.297,16.595,2.405
WL-B2F-8498,wall,1.7854,7.141,14.283,2.07
WL-B2F-8499,wall,1.8813,7.556,15.111,2.19
WL-B2F-8500,wall,1.1511,4.623,9.246,1.34
WL-B2F-8501,wall,2.4569,9.867,19.734,2.86
WL-B2F-8502,wall,2.0722,8.289,16.577,2.402
WL-B2F-8503,wall,1.5635,6.279,12.558,1.82
WL-B2F-8504,wall,1.5482,6.193,12.386,1.795
WL-B2F-8505,wall,2.1821,8.729,17.457,2.53
WL-B2F-8506,wall,2.1219,8.521,17.043,2.47
WL-B2F-8507,wall,2.9929,11.971,23.943,3.47
WL-B2F-8508,wall,4.2394,17.026,34.052,4.935
WL-B2F-8509,wall,2.3925,9.608,19.216,2.785
WL-B2F-8510,wall,1.8009,9.005,18.009,2.61
WL-B2F-8511,wall,1.8606,9.35,18.699,2.71
WL-B2F-8512,wall,2.4647,12.385,24.771,3.59
WL-B2F-8513,wall,0.0,0.0,0.0,0.0
WL-B2F-8514,wall,1.0307,4.123,8.245,1.195
WL-B2F-8515,wall,1.6301,6.521,13.041,1.89
WL-B2F-8516,wall,0.0539,0.216,0.431,0.062
WL-B2F-8517,wall,2.0398,8.159,16.318,2.365
WL-B2F-8518,wall,0.7866,0.69,1.38,0.2
WL-B2F-8519,wall,0.7866,0.69,1.38,0.2
WL-B2F-8520,wall,0.4278,2.139,4.278,0.62
WL-B2F-8521,wall,0.897,4.485,8.97,1.3
WL-B2F-8522,wall,1.7595,3.519,7.038,1.02
WL-B2F-8523,wall,1.587,3.174,6.348,0.92
WL-B2F-8524,wall,2.7945,5.589,11.178,1.62
WL-B2F-8525,wall,1.2938,2.588,5.175,0.75
WL-B2F-8526,wall,0.4278,2.139,4.278,0.62
WL-B2F-8527,wall,0.7866,0.69,1.38,0.2
WL-B2F-8528,wall,0.897,0.69,1.38,0.2
WL-B2F-8529,wall,1.2446,1.276,2.553,0.37
WL-B2F-8530,wall,1.0729,5.365,10.729,1.555
WL-B2F-8531,wall,0.5347,0.862,1.725,0.25
WL-B2F-8532,wall,0.3234,1.294,2.588,0.375
WL-B2F-8533,wall,0.5355,2.691,5.382,0.78
WL-B2F-8534,wall,1.1937,5.968,11.937,1.73
WL-B2F-8535,wall,2.07,8.28,16.56,2.4
WL-B2F-8536,wall,0.552,2.76,5.52,0.8
WL-B2F-8537,wall,0.1587,0.794,1.587,0.23
WL-B2F-8538,wall,0.0,0.0,0.0,0.0
WL-B2F-8539,wall,1.0522,0.862,1.725,0.25
WL-B2F-8540,wall,0.1078,0.431,0.863,0.125
WL-B2F-8541,wall,0.0,0.0,0.0,0.0
WL-B2F-8542,wall,0.0,0.0,0.0,0.0
WL-B2F-8543,wall,0.0,0.0,0.0,0.0
WL-B2F-8544,wall,1.1212,4.485,8.97,1.3
WL-B2F-8545,wall,0.897,3.588,7.176,1.04
WL-B2F-8546,wall,0.8711,3.485,6.969,1.01
WL-B2F-8547,wall,0.5175,2.07,4.14,0.6
WL-B2F-8548,wall,0.0,0.0,0.0,0.0
WL-B2F-8549,wall,0.7728,0.69,1.38,0.2
WL-B2F-8550,wall,0.1074,0.431,0.863,0.125
WL-B2F-8551,wall,0.0,0.0,0.0,0.0
WL-B2F-8552,wall,0.0,0.0,0.0,0.0
WL-B2F-8553,wall,0.1518,0.759,1.518,0.22
WL-B2F-8554,wall,1.1212,4.485,8.97,1.3
WL-B2F-8555,wall,0.8711,3.485,6.969,1.01
WL-B2F-8556,wall,1.5925,1.449,2.898,0.42
WL-B2F-8557,wall,0.9867,4.934,9.867,1.43
WL-B2F-8558,wall,0.4278,0.69,1.38,0.2
WL-B2F-8559,wall,0.9108,0.69,1.38,0.2
WL-B2F-8560,wall,0.5355,2.691,5.382,0.78
WL-B2F-8561,wall,0.4519,2.26,4.519,0.655
WL-B2F-8562,wall,2.07,8.28,16.56,2.4
WL-B2F-8563,wall,0.2286,0.914,1.829,0.265
WL-B2F-8564,wall,0.1078,0.431,0.863,0.125
WL-B2F-8565,wall,0.073,0.293,0.586,0.085
WL-B2F-8566,wall,0.0216,0.086,0.172,0.025
WL-B2F-8567,wall,0.0,0.0,0.0,0.0
WL-B2F-8568,wall,0.0,0.0,0.0,0.0
WL-B2F-8569,wall,0.1078,0.431,0.862,0.125
WL-B2F-8570,wall,2.7341,10.936,21.873,3.17
WL-B2F-8571,wall,2.415,12.075,24.15,3.5
WL-B2F-8572,wall,5.2864,26.565,53.13,7.7
WL-B2F-8573,wall,5.1562,25.781,51.562,7.473
WL-B2F-8574,wall,2.4044,12.083,24.165,3.502
WL-B2F-8575,wall,5.4752,27.514,55.028,7.975
WL-B2F-8576,wall,5.313,26.565,53.13,7.7
WL-B2F-8577,wall,5.589,27.945,55.89,8.1
WL-B2F-8578,wall,5.382,26.91,53.82,7.8
WL-B2F-8579,wall,3.6387,18.285,36.57,5.3
WL-B2F-8580,wall,5.3551,26.91,53.82,7.8
WL-B2F-8581,wall,4.5141,22.684,45.367,6.575
WL-B2F-8582,wall,5.3551,26.91,53.82,7.8
WL-B2F-8583,wall,3.657,18.285,36.57,5.3
WL-B2F-8584,wall,5.382,26.91,53.82,7.8
WL-B2F-8585,wall,5.3551,26.91,53.82,7.8
WL-B2F-8586,wall,5.382,26.91,53.82,7.8
WL-B2F-8587,wall,5.244,26.22,52.44,7.6
WL-B2F-8588,wall,0.4119,2.07,4.14,0.6
WL-B2F-8589,wall,0.7689,3.864,7.728,1.12
WL-B2F-8590,wall,0.9867,4.934,9.867,1.43
WL-B2F-8591,wall,3.1119,15.56,31.119,4.51
WL-B2F-8592,wall,0.5355,2.691,5.382,0.78
WL-B2F-8593,wall,0.4497,2.26,4.519,0.655
WL-B2F-8594,wall,0.4497,2.26,4.52,0.655
WL-B2F-8595,wall,0.5355,2.691,5.382,0.78
WL-B2F-8596,wall,0.0,0.0,0.0,0.0
WL-B2F-8597,wall,0.5382,2.691,5.382,0.78
WL-B2F-8598,wall,0.414,2.07,4.14,0.6
WL-B2F-8599,wall,1.932,9.66,19.32,2.8
WL-B2F-8600,wall,0.4519,2.26,4.519,0.655
WL-B2F-8601,wall,0.5382,2.691,5.382,0.78
WL-B2F-8602,wall,0.3847,1.923,3.847,0.557
WL-B2F-8603,wall,0.0517,0.259,0.517,0.075
WL-B2F-8604,wall,0.452,2.26,4.52,0.655
WL-B2F-8605,wall,0.5382,2.691,5.382,0.78
WL-B2F-8606,wall,0.452,2.26,4.52,0.655
WL-B2F-8607,wall,0.5183,2.605,5.21,0.755
WL-B2F-8608,wall,0.6007,3.019,6.038,0.875
WL-B2F-8609,wall,1.932,9.66,19.32,2.8
WL-B2F-8610,wall,1.9665,9.833,19.665,2.85
WL-B2F-8611,wall,1.6477,8.28,16.56,2.4
WL-B2F-8612,wall,0.4497,2.26,4.52,0.655
WL-B2F-8613,wall,0.5355,2.691,5.382,0.78
WL-B2F-8614,wall,1.4145,7.072,14.145,2.05
WL-B2F-8615,wall,0.1725,0.863,1.725,0.25
WL-B2F-8616,wall,0.4497,2.26,4.52,0.655
WL-B2F-8617,wall,0.5355,2.691,5.382,0.78
WL-B2F-8618,wall,0.9867,4.934,9.867,1.43
WL-B2F-8619,wall,3.0963,15.56,31.119,4.51
WL-B2F-8620,wall,2.0769,10.385,20.769,3.01
WL-B2F-8621,wall,2.7996,14.068,28.136,4.078
WL-B2F-8622,wall,0.5355,2.691,5.382,0.78
WL-B2F-8623,wall,0.4497,2.26,4.519,0.655
WL-B2F-8624,wall,1.3433,6.75,13.5,1.957
WL-B2F-8625,wall,2.7668,13.904,27.807,4.03
WL-B2F-8626,wall,1.3593,6.797,13.593,1.97
WL-B2F-8627,wall,2.1114,10.557,21.114,3.06
WL-B2F-8628,wall,2.0288,10.195,20.389,2.955
WL-B2F-8629,wall,4.5122,22.561,45.122,6.539
WL-B2F-8630,wall,0.452,2.26,4.52,0.655
WL-B2F-8631,wall,0.5382,2.691,5.382,0.78
WL-B2F-8632,wall,0.9867,4.934,9.867,1.43
WL-B2F-8633,wall,3.1119,15.56,31.119,4.51
WL-B2F-8634,wall,2.5013,12.506,25.013,3.625
WL-B2F-8635,wall,0.5355,2.691,5.382,0.78
WL-B2F-8636,wall,0.4497,2.26,4.519,0.655
WL-B2F-8637,wall,1.0573,5.313,10.626,1.54
WL-B2F-8638,wall,0.6351,3.191,6.383,0.925
WL-B2F-8639,wall,0.3174,1.587,3.174,0.46
WL-B2F-8640,wall,0.5037,2.519,5.037,0.73
WL-B2F-8641,wall,0.5382,2.691,5.382,0.78
WL-B2F-8642,wall,0.6797,3.416,6.831,0.99
WL-B2F-8643,wall,0.6797,3.416,6.831,0.99
WL-B2F-8644,wall,0.4278,2.139,4.278,0.62
WL-B2F-8645,wall,0.897,4.485,8.97,1.3
WL-B2F-8646,wall,0.4278,2.139,4.278,0.62
WL-B2F-8647,wall,0.5355,2.691,5.382,0.78
WL-B2F-8648,wall,0.5382,2.691,5.382,0.78
WL-B2F-8649,wall,0.5973,3.002,6.003,0.87
WL-B2F-8650,wall,0.9867,4.934,9.867,1.43
WL-B2F-8651,wall,3.1119,15.56,31.119,4.51
WL-B2F-8652,wall,0.5355,2.691,5.382,0.78
WL-B2F-8653,wall,0.4519,2.26,4.519,0.655
WL-B2F-8654,wall,2.2908,11.454,22.908,3.32
WL-B2F-8655,wall,2.9118,14.559,29.118,4.22
WL-B2F-8656,wall,2.0288,10.195,20.389,2.955
WL-B2F-8657,wall,0.452,2.26,4.52,0.655
WL-B2F-8658,wall,0.5382,2.691,5.382,0.78
WL-B2F-8659,wall,0.4497,2.26,4.52,0.655
WL-B2F-8660,wall,0.5382,2.691,5.382,0.78
WL-B2F-8661,wall,0.9867,4.934,9.867,1.43
WL-B2F-8662,wall,2.1506,10.807,21.614,3.133
WL-B2F-8663,wall,0.5382,2.691,5.382,0.78
WL-B2F-8664,wall,0.4497,2.26,4.519,0.655
WL-B2F-8665,wall,1.8159,9.125,18.251,2.645
WL-B2F-8666,wall,0.3158,1.587,3.174,0.46
WL-B2F-8667,wall,0.3398,1.708,3.415,0.495
WL-B2F-8668,wall,1.7216,8.608,17.216,2.495
WL-B2F-8669,wall,0.4497,2.26,4.52,0.655
WL-B2F-8670,wall,0.452,2.26,4.52,0.655
WL-B2F-8671,wall,0.5382,2.691,5.382,0.78
WL-B2F-8672,wall,0.4497,2.26,4.519,0.655
WL-B2F-8673,wall,0.5382,2.691,5.382,0.78
WL-B2F-8674,wall,3.7714,18.857,37.714,5.466
WL-B2F-8675,wall,0.9867,4.934,9.867,1.43
WL-B2F-8676,wall,0.5355,2.691,5.382,0.78
WL-B2F-8677,wall,0.4497,2.26,4.519,0.655
WL-B2F-8678,wall,0.9867,4.934,9.867,1.43
WL-B2F-8679,wall,3.1119,15.56,31.119,4.51
WL-B2F-8680,wall,5.0784,25.392,50.784,7.36
WL-B2F-8681,wall,0.5355,2.691,5.382,0.78
WL-B2F-8682,wall,0.4497,2.26,4.519,0.655
WL-B2F-8683,wall,0.452,2.26,4.52,0.655
WL-B2F-8684,wall,0.5382,2.691,5.382,0.78
WL-B2F-8685,wall,3.2154,16.077,32.154,4.66
WL-B2F-8686,wall,1.9217,9.608,19.217,2.785
WL-B2F-8687,wall,1.1053,5.555,11.109,1.61
WL-B2F-8688,wall,3.0705,15.353,30.705,4.45
WL-B2F-8689,wall,0.9867,4.934,9.867,1.43
WL-B2F-8690,wall,0.5595,2.812,5.623,0.815
WL-B2F-8691,wall,0.5382,2.691,5.382,0.78
WL-B2F-8692,wall,1.1053,5.554,11.109,1.61
WL-B2F-8693,wall,2.451,12.316,24.633,3.57
WL-B2F-8694,wall,1.587,7.935,15.87,2.3
WL-B2F-8695,wall,1.2144,6.072,12.144,1.76
WL-B2F-8696,wall,1.3835,6.917,13.835,2.005
WL-B2F-8697,wall,0.4519,2.26,4.519,0.655
WL-B2F-8698,wall,0.3174,1.587,3.174,0.46
WL-B2F-8699,wall,0.1725,0.863,1.725,0.25
WL-B2F-8700,wall,0.1725,0.862,1.725,0.25
WL-B2F-8701,wall,0.1725,0.863,1.725,0.25
WL-B2F-8702,wall,0.1725,0.863,1.725,0.25
WL-B2F-8703,wall,0.1725,0.862,1.725,0.25
WL-B2F-8704,wall,0.1725,0.863,1.725,0.25
WL-B2F-8705,wall,0.138,0.69,1.38,0.2
WL-B2F-8706,wall,0.138,0.69,1.38,0.2
WL-B2F-8707,wall,3.0153,15.077,30.153,4.37
WL-B2F-8708,wall,0.4823,2.424,4.847,0.702
WL-B2F-8709,wall,0.4847,2.424,4.847,0.702
WL-B2F-8710,wall,0.1725,0.862,1.725,0.25
WL-B2F-8711,wall,0.1725,0.863,1.725,0.25
WL-B2F-8712,wall,0.1725,0.863,1.725,0.25
WL-B2F-8713,wall,0.1725,0.863,1.725,0.25
WL-B2F-8714,wall,1.3558,6.779,13.558,1.965
WL-B2F-8715,wall,1.1834,5.917,11.834,1.715
WL-B2F-8716,wall,4.347,21.735,43.47,6.3
WL-B2F-8717,wall,0.1863,0.931,1.863,0.27
WL-B2F-8718,wall,0.1863,0.932,1.863,0.27
WL-B2F-8719,wall,0.1725,0.863,1.725,0.25
WL-B2F-8720,wall,0.1725,0.862,1.725,0.25
WL-B2F-8721,wall,0.2588,1.294,2.588,0.375
WL-B2F-8722,wall,0.2588,1.294,2.588,0.375
WL-B2F-8723,wall,0.2588,1.294,2.588,0.375
WL-B2F-8724,wall,0.2588,1.294,2.588,0.375
WL-B2F-8725,wall,0.1725,0.863,1.725,0.25
WL-B2F-8726,wall,0.1725,0.863,1.725,0.25
WL-B2F-8727,wall,0.2587,1.294,2.587,0.375
WL-B2F-8728,wall,1.7112,8.556,17.112,2.48
WL-B2F-8729,wall,1.7112,8.556,17.112,2.48
WL-B2F-8730,wall,1.449,7.245,14.49,2.1
WL-B2F-8731,wall,1.449,7.245,14.49,2.1
WL-B2F-8732,wall,0.9418,4.709,9.418,1.365
WL-B2F-8733,wall,1.1143,5.572,11.143,1.615
WL-B2F-8734,wall,1.4421,7.21,14.421,2.09
WL-B2F-8735,wall,1.1833,5.917,11.833,1.715
WL-B2F-8736,wall,4.347,21.735,43.47,6.3
WL-B2F-8737,wall,0.1699,0.854,1.708,0.248
WL-B2F-8738,wall,0.0841,0.423,0.845,0.123
WL-B2F-8739,wall,1.7112,8.556,17.112,2.48
WL-B2F-8740,wall,1.7112,8.556,17.112,2.48
WL-B2F-8741,wall,1.449,7.245,14.49,2.1
WL-B2F-8742,wall,1.449,7.245,14.49,2.1
WL-B2F-8743,wall,4.3253,21.735,43.47,6.3
WL-B2F-8744,wall,0.6007,3.019,6.038,0.875
WL-B2F-8745,wall,3.2327,16.163,32.327,4.685
WL-B2F-8746,wall,2.5496,12.748,25.496,3.695
WL-B2F-8747,wall,0.4623,2.312,4.623,0.67
WL-B2F-8748,wall,3.0705,15.352,30.705,4.45
WL-B2F-8749,wall,2.0804,10.402,20.804,3.015
WL-B2F-8750,wall,0.9867,4.934,9.867,1.43
WL-B2F-8751,wall,0.138,0.69,1.38,0.2
WL-B2F-8752,wall,0.5382,2.691,5.382,0.78
WL-B2F-8753,wall,1.3938,6.969,13.938,2.02
WL-B2F-8754,wall,0.3174,1.587,3.174,0.46
WL-B2F-8755,wall,2.2735,11.368,22.735,3.295
WL-B2F-8756,wall,1.6905,8.453,16.905,2.45
WL-B2F-8757,wall,1.785,8.97,17.94,2.6
WL-B2F-8758,wall,0.4519,2.26,4.519,0.655
WL-B2F-8759,wall,0.1553,0.776,1.553,0.225
WL-B2F-8760,wall,0.1545,0.776,1.552,0.225
WL-B2F-8761,wall,1.5801,7.901,15.801,2.29
WL-B2F-8762,wall,0.1553,0.776,1.553,0.225
WL-B2F-8763,wall,0.1552,0.776,1.552,0.225
WL-B2F-8764,wall,0.3139,1.57,3.139,0.455
WL-B2F-8765,wall,0.4623,2.312,4.623,0.67
WL-B2F-8766,wall,0.4623,2.312,4.623,0.67
WL-B2F-8767,wall,2.7876,13.938,27.876,4.04
WL-B2F-8768,wall,2.1632,10.816,21.632,3.135
WL-B2F-8769,wall,1.1225,5.641,11.282,1.635
WL-B2F-8770,wall,3.0705,15.352,30.705,4.45
WL-B2F-8771,wall,0.9867,4.934,9.867,1.43
WL-B2F-8772,wall,0.5382,2.691,5.382,0.78
WL-B2F-8773,wall,1.5318,7.659,15.318,2.22
WL-B2F-8774,wall,0.5313,2.656,5.313,0.77
WL-B2F-8775,wall,2.2736,11.368,22.736,3.295
WL-B2F-8776,wall,1.682,8.452,16.905,2.45
WL-B2F-8777,wall,0.4519,2.26,4.519,0.655
WL-B2F-8778,wall,5.5405,27.842,55.683,8.07
WL-B2F-8779,wall,5.0891,25.573,51.146,7.413
WL-B2F-8780,wall,0.9337,4.692,9.384,1.36
WL-B2F-8781,wall,1.1053,5.555,11.109,1.61
WL-B2F-8782,wall,1.4349,7.21,14.421,2.09
WL-B2F-8783,wall,1.1774,5.917,11.834,1.715
WL-B2F-8784,wall,4.3253,21.735,43.47,6.3
WL-B2F-8785,wall,1.7026,8.556,17.112,2.48
WL-B2F-8786,wall,1.7026,8.556,17.112,2.48
WL-B2F-8787,wall,1.4418,7.245,14.49,2.1
WL-B2F-8788,wall,1.4418,7.245,14.49,2.1
WL-B2F-8789,wall,1.0212,5.106,10.212,1.48
WL-B2F-8790,wall,1.1937,5.968,11.937,1.73
WL-B2F-8791,wall,1.4421,7.21,14.421,2.09
WL-B2F-8792,wall,1.1834,5.917,11.834,1.715
WL-B2F-8793,wall,4.347,21.735,43.47,6.3
WL-B2F-8794,wall,0.1863,0.931,1.863,0.27
WL-B2F-8795,wall,0.1863,0.931,1.863,0.27
WL-B2F-8796,wall,0.1725,0.862,1.725,0.25
WL-B2F-8797,wall,0.1725,0.862,1.725,0.25
WL-B2F-8798,wall,0.1725,0.862,1.725,0.25
WL-B2F-8799,wall,0.1725,0.863,1.725,0.25
WL-B2F-8800,wall,0.1725,0.863,1.725,0.25
WL-B2F-8801,wall,4.3253,21.735,43.47,6.3
WL-B2F-8802,wall,0.7762,3.881,7.762,1.125
WL-B2F-8803,wall,1.0729,5.365,10.729,1.555
WL-B2F-8804,wall,0.5355,2.691,5.382,0.78
WL-B2F-8805,wall,1.1877,5.968,11.937,1.73
WL-B2F-8806,wall,1.3593,6.797,13.593,1.97
WL-B2F-8807,wall,1.725,8.625,17.25,2.5
WL-B2F-8808,wall,0.552,2.76,5.52,0.8
WL-B2F-8809,wall,0.3105,1.552,3.105,0.45
WL-B2F-8810,wall,0.9867,4.934,9.867,1.43
WL-B2F-8811,wall,0.5355,2.691,5.382,0.78
WL-B2F-8812,wall,0.4497,2.26,4.519,0.655
WL-B2F-8813,wall,6.7275,33.638,67.275,9.75
WL-B2F-8814,wall,3.5174,17.676,35.351,5.123
WL-B2F-8815,wall,6.327,31.635,63.27,9.17
WL-B2F-8816,wall,0.1207,0.604,1.207,0.175
WL-B2F-8817,wall,1.9447,9.723,19.447,2.818
WL-B2F-8818,wall,5.0805,25.53,51.06,7.4
WL-B2F-8819,wall,2.982,14.91,29.82,4.322
WL-B2F-8820,wall,0.9867,4.933,9.867,1.43
WL-B2F-8821,wall,3.1119,15.559,31.119,4.51
WL-B2F-8822,wall,0.5355,2.691,5.382,0.78
WL-B2F-8823,wall,0.4497,2.26,4.519,0.655
WL-B2F-8824,wall,3.0187,15.094,30.187,4.375
WL-B2F-8825,wall,2.0804,10.402,20.804,3.015
WL-B2F-8826,wall,0.9867,4.933,9.867,1.43
WL-B2F-8827,wall,0.5382,2.691,5.382,0.78
WL-B2F-8828,wall,1.61,8.09,16.18,2.345
WL-B2F-8829,wall,0.4519,2.26,4.519,0.655
WL-B2F-8830,wall,3.0705,15.352,30.705,4.45
WL-B2F-8831,wall,0.9867,4.934,9.867,1.43
WL-B2F-8832,wall,3.0963,15.56,31.119,4.51
WL-B2F-8833,wall,0.5355,2.691,5.382,0.78
WL-B2F-8834,wall,0.4497,2.26,4.519,0.655
WL-B2F-8835,wall,2.8601,14.3,28.601,4.145
WL-B2F-8836,wall,3.0705,15.353,30.705,4.45
WL-B2F-8837,wall,0.4519,2.26,4.519,0.655
WL-B2F-8838,wall,0.9867,4.933,9.867,1.43
WL-B2F-8839,wall,1.5241,7.659,15.318,2.22
WL-B2F-8840,wall,0.4497,2.26,4.519,0.655
WL-B2F-8841,wall,3.0551,15.352,30.705,4.45
WL-B2F-8842,wall,0.9867,4.933,9.867,1.43
WL-B2F-8843,wall,0.4497,2.26,4.519,0.655
WL-B2F-8844,wall,1.4847,7.461,14.921,2.162
WL-B2F-8845,wall,4.1365,20.786,41.573,6.025
WL-B2F-8846,wall,0.9867,4.934,9.867,1.43
WL-B2F-8847,wall,0.5382,2.691,5.382,0.78
WL-B2F-8848,wall,0.4519,2.26,4.519,0.655
WL-B2F-8849,wall,3.0705,15.352,30.705,4.45
WL-B2F-8850,wall,0.9867,4.934,9.867,1.43
WL-B2F-8851,wall,0.5382,2.691,5.382,0.78
WL-B2F-8852,wall,0.6417,3.209,6.417,0.93
WL-B2F-8853,wall,1.8423,9.211,18.423,2.67
WL-B2F-8854,wall,0.4519,2.26,4.519,0.655
WL-B2F-8855,wall,2.7565,13.783,27.565,3.995
WL-B2F-8856,wall,0.1991,1.0,2.001,0.29
WL-B2F-8857,wall,2.4922,12.524,25.047,3.63
WL-B2F-8858,wall,3.9091,19.546,39.091,5.665
WL-B2F-8859,wall,0.0725,0.362,0.725,0.105
WL-B2F-8860,wall,1.3317,6.659,13.317,1.93
WL-B2F-8861,wall,1.8571,9.332,18.665,2.705
WL-B2F-8862,wall,0.1201,0.604,1.208,0.175
WL-B2F-8863,wall,1.2076,6.038,12.076,1.75
WL-B2F-8864,wall,1.2015,6.038,12.075,1.75
WL-B2F-8865,wall,1.2075,6.037,12.075,1.75
WL-B2F-8866,wall,3.5014,17.595,35.19,5.1
WL-B2F-8867,wall,3.0723,15.439,30.878,4.475
WL-B2F-8868,wall,0.4658,2.329,4.658,0.675
WL-B2F-8869,wall,0.5382,2.691,5.382,0.78
WL-B2F-8870,wall,1.8009,9.005,18.009,2.61
WL-B2F-8871,wall,1.8606,9.35,18.699,2.71
WL-B2F-8872,wall,2.4647,12.385,24.771,3.59
WL-B2F-8873,wall,0.5555,2.777,5.555,0.805
WL-B2F-8874,wall,0.5321,2.674,5.348,0.775
WL-B2F-8875,wall,0.5451,2.726,5.451,0.79
WL-B2F-8876,wall,0.4625,2.312,4.625,0.67
WL-B2F-8877,wall,1.7423,8.711,17.423,2.525
WL-B2F-8878,wall,0.5209,2.605,5.209,0.755
WL-B2F-8879,wall,0.5492,2.76,5.52,0.8
WL-B2F-8880,wall,2.6324,13.162,26.324,3.815
WL-B2F-8881,wall,7.0189,35.094,70.189,10.172
WL-B2F-8882,wall,9.7945,48.973,97.945,14.195
WL-B2F-8883,wall,0.207,1.035,2.07,0.3
WL-B2F-8884,wall,0.276,1.38,2.76,0.4
WL-B2F-8885,wall,0.3061,1.531,3.061,0.444
WL-B2F-8886,wall,5.32,26.6,53.2,7.71
WL-B2F-8887,wall,0.2346,1.173,2.346,0.34
WL-B2F-8888,wall,0.414,2.07,4.14,0.6
WL-B2F-8889,wall,9.6742,48.371,96.742,14.021
WL-B2F-8890,wall,4.2085,21.148,42.297,6.13
WL-B2F-8891,wall,4.81,24.171,48.342,7.006
WL-B2F-8892,wall,1.38,6.9,13.8,2.0
WL-B2F-8893,wall,1.3973,9.315,18.63,2.7
WL-B2F-8894,wall,0.1207,1.208,2.415,0.35
WL-B2F-8895,wall,0.9143,9.143,18.285,2.65
WL-B2F-8896,wall,0.0345,0.345,0.69,0.1
WL-B2F-8897,wall,0.947,6.314,12.627,1.83
WL-B2F-8898,wall,0.7969,5.313,10.626,1.54
WL-B2F-8899,wall,2.8247,11.299,22.597,3.275
WL-B2F-8900,wall,3.5014,17.595,35.19,5.1
WL-B2F-8901,wall,15.8563,79.68,159.36,23.096
WL-B2F-8902,wall,12.6222,63.428,126.856,18.385
WL-B2F-8903,wall,3.2268,16.215,32.43,4.7
WL-B2F-8904,wall,3.4732,17.366,34.732,5.034
WL-B2F-8905,wall,3.657,18.285,36.57,5.3
WL-B2F-8906,wall,5.382,26.91,53.82,7.8
WL-B2F-8907,wall,5.3551,26.91,53.82,7.8
WL-B2F-8908,wall,5.3551,26.91,53.82,7.8
WL-B2F-8909,wall,3.6387,18.285,36.57,5.3
WL-B2F-8910,wall,5.3551,26.91,53.82,7.8
WL-B2F-8911,wall,4.5141,22.684,45.367,6.575
WL-B2F-8912,wall,4.6092,23.046,46.092,6.68
WL-B2F-8913,wall,6.7275,26.91,53.82,7.8
WL-B2F-8914,wall,5.9544,23.817,47.635,6.904
WL-B2F-8915,wall,2.76,11.04,22.08,3.2
WL-B2F-8916,wall,7.2234,28.894,57.787,8.375
WL-B2F-8917,wall,1.6422,8.211,16.422,2.38
WL-B2F-8918,wall,5.4752,27.514,55.028,7.975
WL-B2F-8919,wall,5.313,26.565,53.13,7.7
WL-B2F-8920,wall,9.7635,48.818,97.635,14.15
WL-B2F-8921,wall,5.175,20.7,41.4,6.0
WL-B2F-8922,wall,2.5557,10.264,20.527,2.975
WL-B2F-8923,wall,6.7275,26.91,53.82,7.8
WL-B2F-8924,wall,5.382,26.91,53.82,7.8
WL-B2F-8925,wall,7.245,28.98,57.96,8.4
WL-B2F-8926,wall,6.555,26.22,52.44,7.6
WL-B2F-8927,wall,4.8516,19.406,38.813,5.625
WL-B2F-8928,wall,0.3795,1.518,3.036,0.44
WL-B2F-8929,wall,6.555,26.22,52.44,7.6
WL-B2F-8930,wall,6.5288,26.22,52.44,7.6
WL-B2F-8931,wall,5.0025,20.01,40.02,5.8
WL-B2F-8932,wall,3.9516,15.87,31.74,4.6
WL-B2F-8933,wall,4.1234,16.56,33.12,4.8
WL-B2F-8934,wall,3.608,14.49,28.98,4.2
WL-B2F-8935,wall,0.345,1.725,3.45,0.5
WL-B2F-8936,wall,2.0484,8.194,16.388,2.375
WL-B2F-8937,wall,0.6255,2.502,5.004,0.725
WL-B2F-8938,wall,9.522,47.61,95.22,13.8
WL-B2F-8939,wall,8.5905,42.953,85.905,12.45
WL-B2F-8940,wall,4.0149,16.06,32.119,4.655
WL-B2F-8941,wall,1.237,4.968,9.936,1.44
WL-B2F-8942,wall,0.1078,0.431,0.862,0.125
WL-B2F-8943,wall,6.6197,26.479,52.958,7.675
WL-B2F-8944,wall,11.9837,48.127,96.255,13.95
WL-B2F-8945,wall,3.3422,13.369,26.738,3.875
WL-B2F-8946,wall,0.2148,0.863,1.725,0.25
WL-B2F-8947,wall,3.4328,17.25,34.5,5.0
WL-B2F-8948,wall,0.0265,0.106,0.212,0.031
WL-B2F-8949,wall,1.1812,4.744,9.487,1.375
WL-B2F-8950,wall,0.3651,1.466,2.933,0.425
WL-B2F-8951,wall,1.0393,4.157,8.315,1.205
WL-B2F-8952,wall,1.6948,6.779,13.558,1.965
WL-B2F-8953,wall,1.3874,5.572,11.143,1.615
WL-B2F-8954,wall,1.38,5.52,11.04,1.6
WL-B2F-8955,wall,0.8625,3.45,6.9,1.0
WL-B2F-8956,wall,1.0309,4.14,8.28,1.2
WL-B2F-8957,wall,1.469,5.9,11.799,1.71
WL-B2F-8958,wall,0.2105,0.845,1.691,0.245
WL-B2F-8959,wall,0.4768,1.915,3.829,0.555
WL-B2F-8960,wall,1.804,7.245,14.49,2.1
WL-B2F-8961,wall,0.5197,2.087,4.175,0.605
WL-B2F-8962,wall,1.92,7.711,15.422,2.235
WL-B2F-8963,wall,2.7146,10.902,21.804,3.16
WL-B2F-8964,wall,0.4528,1.811,3.623,0.525
WL-B2F-8965,wall,1.8298,7.349,14.697,2.13
WL-B2F-8966,wall,0.9664,3.881,7.762,1.125
WL-B2F-8967,wall,0.1639,0.656,1.311,0.19
WL-B2F-8968,wall,0.3019,1.207,2.415,0.35
WL-B2F-8969,wall,1.5741,6.296,12.592,1.825
WL-B2F-8970,wall,2.1821,8.729,17.457,2.53
WL-B2F-8971,wall,1.7525,7.038,14.076,2.04
WL-B2F-8972,wall,1.469,5.899,11.799,1.71
WL-B2F-8973,wall,2.7169,10.868,21.735,3.15
WL-B2F-8974,wall,1.0522,4.209,8.418,1.22
WL-B2F-8975,wall,2.2253,8.901,17.802,2.58
WL-B2F-8976,wall,0.2105,0.845,1.69,0.245
WL-B2F-8977,wall,1.7095,6.866,13.731,1.99
WL-B2F-8978,wall,0.4768,1.915,3.829,0.555
WL-B2F-8979,wall,1.804,7.245,14.49,2.1
WL-B2F-8980,wall,2.7255,10.902,21.804,3.16
WL-B2F-8981,wall,1.0868,4.347,8.694,1.26
WL-B2F-8982,wall,5.0048,20.019,40.039,5.803
WL-B2F-8983,wall,1.731,6.952,13.903,2.015
WL-B2F-8984,wall,2.0357,8.143,16.286,2.36
WL-B2F-8985,wall,5.1613,20.728,41.456,6.008
WL-B2F-8986,wall,3.0158,12.112,24.223,3.511
WL-B2F-8987,wall,0.934,3.751,7.502,1.087
WL-B2F-8988,wall,1.6129,6.452,12.904,1.87
WL-B2F-8989,wall,1.7379,6.952,13.903,2.015
WL-B2F-8990,wall,2.3546,9.418,18.837,2.73
WL-B2F-8991,wall,1.8539,7.445,14.891,2.158
WL-B2F-8992,wall,3.4759,13.959,27.919,4.046
WL-B2F-8993,wall,1.8544,7.418,14.835,2.15
WL-B2F-8994,wall,0.4497,2.26,4.52,0.655
WL-B2F-8995,wall,0.5355,2.691,5.382,0.78
WL-B2F-8996,wall,2.07,8.28,16.56,2.4
WL-B2F-8997,wall,0.5037,2.518,5.037,0.73
WL-B2F-8998,wall,3.1742,12.748,25.496,3.695
WL-B2F-8999,wall,3.1527,12.661,25.323,3.67
WL-B2F-9000,wall,1.7164,6.866,13.731,1.99
WL-B2F-9001,wall,0.452,2.26,4.52,0.655
WL-B2F-9002,wall,0.5382,2.691,5.382,0.78
WL-B2F-9003,wall,2.07,8.28,16.56,2.4
WL-B2F-9004,wall,0.5037,2.519,5.037,0.73
WL-B2F-9005,wall,1.2585,5.054,10.108,1.465
WL-B2F-9006,wall,1.0352,4.157,8.315,1.205
WL-B2F-9007,wall,1.6948,6.779,13.559,1.965
WL-B2F-9008,wall,1.3874,5.572,11.144,1.615
WL-B2F-9009,wall,4.8278,19.311,38.623,5.597
WL-B2F-9010,wall,1.2248,4.899,9.798,1.42
WL-B2F-9011,wall,0.9919,3.967,7.935,1.15
WL-B2F-9012,wall,1.38,5.52,11.04,1.6
WL-B2F-9013,wall,5.5795,22.408,44.815,6.495
WL-B2F-9014,wall,0.3651,1.466,2.933,0.425
WL-B2F-9015,wall,3.0032,10.764,21.528,3.12
WL-B2F-9016,wall,3.0231,17.888,35.776,5.185
WL-B2F-9017,wall,2.2108,12.351,24.702,3.58
WL-B2F-9018,wall,3.1742,12.748,25.496,3.695
WL-B2F-9019,wall,1.8544,7.418,14.835,2.15
WL-B2F-9020,wall,1.2199,7.176,14.352,2.08
WL-B2F-9021,wall,0.4684,2.139,4.278,0.62
WL-B2F-9022,wall,1.3766,6.555,13.11,1.9
WL-B2F-9023,wall,0.4497,2.26,4.519,0.655
WL-B2F-9024,wall,0.5382,2.691,5.382,0.78
WL-B2F-9025,wall,2.07,8.28,16.56,2.4
WL-B2F-9026,wall,0.5037,2.519,5.037,0.73
WL-B2F-9027,wall,1.1282,5.641,11.282,1.635
WL-B2F-9028,wall,0.9535,3.829,7.659,1.11
WL-B2F-9029,wall,0.9703,3.881,7.763,1.125
WL-B2F-9030,wall,0.4941,1.872,3.743,0.542
WL-B2F-9031,wall,0.1639,0.656,1.311,0.19
WL-B2F-9032,wall,0.5197,2.087,4.175,0.605
WL-B2F-9033,wall,2.682,10.316,20.631,2.99
WL-B2F-9034,wall,2.0737,8.677,17.353,2.515
WL-B2F-9035,wall,1.3208,5.304,10.609,1.537
WL-B2F-9036,wall,0.3007,1.207,2.415,0.35
WL-B2F-9037,wall,3.2171,12.92,25.841,3.745
WL-B2F-9038,wall,1.8598,7.469,14.939,2.165
WL-B2F-9039,wall,1.9147,7.659,15.318,2.22
WL-B2F-9040,wall,2.9736,12.929,25.858,3.747
WL-B2F-9041,wall,0.4252,1.708,3.415,0.495
WL-B2F-9042,wall,1.804,7.245,14.49,2.1
WL-B2F-9043,wall,0.2976,1.294,2.588,0.375
WL-B2F-9044,wall,0.2976,1.294,2.588,0.375
WL-B2F-9045,wall,2.7255,10.902,21.804,3.16
WL-B2F-9046,wall,1.3788,5.537,11.074,1.605
WL-B2F-9047,wall,0.1439,0.578,1.156,0.168
WL-B2F-9048,wall,0.3651,1.466,2.933,0.425
WL-B2F-9049,wall,0.7784,4.606,9.211,1.335
WL-B2F-9050,wall,1.0352,4.157,8.315,1.205
WL-B2F-9051,wall,1.6948,6.779,13.558,1.965
WL-B2F-9052,wall,1.3874,5.572,11.143,1.615
WL-B2F-9053,wall,0.9985,3.855,7.711,1.117
WL-B2F-9054,wall,0.0367,0.147,0.293,0.042
WL-B2F-9055,wall,2.6759,10.704,21.407,3.102
WL-B2F-9056,wall,1.38,5.52,11.04,1.6
WL-B2F-9057,wall,0.3277,1.311,2.622,0.38
WL-B2F-9058,wall,0.7209,3.433,6.866,0.995
WL-B2F-9059,wall,1.1168,4.485,8.97,1.3
WL-B2F-9060,wall,2.2991,8.211,16.422,2.38
WL-B2F-9061,wall,9.3903,34.146,68.293,9.897
WL-B2F-9062,wall,1.725,6.9,13.8,2.0
WL-B2F-9063,wall,0.4097,1.639,3.277,0.475
WL-B2F-9064,wall,2.3288,9.315,18.63,2.7
WL-B2F-9065,wall,1.6689,6.676,13.352,1.935
WL-B2F-9066,wall,0.552,2.76,5.52,0.8
WL-B2F-9067,wall,1.1903,5.951,11.903,1.725
WL-B2F-9068,wall,2.2425,8.97,17.94,2.6
WL-B2F-9069,wall,0.6831,3.416,6.831,0.99
WL-B2F-9070,wall,0.6831,3.416,6.831,0.99
WL-B2F-9071,wall,2.8635,11.454,22.908,3.32
WL-B2F-9072,wall,1.2506,5.003,10.005,1.45
WL-B2F-9073,wall,0.4278,2.139,4.278,0.62
WL-B2F-9074,wall,1.035,4.14,8.28,1.2
WL-B2F-9075,wall,0.1639,0.656,1.311,0.19
WL-B2F-9076,wall,0.6296,2.518,5.037,0.73
WL-B2F-9077,wall,0.4269,1.708,3.416,0.495
WL-B2F-9078,wall,1.0609,4.244,8.487,1.23
WL-B2F-9079,wall,0.6598,2.639,5.279,0.765
WL-B2F-9080,wall,2.6436,10.574,21.149,3.065
WL-B2F-9081,wall,0.3019,1.208,2.415,0.35
WL-B2F-9082,wall,1.9622,7.849,15.698,2.275
WL-B2F-9083,wall,3.2171,12.92,25.841,3.745
WL-B2F-9084,wall,1.8673,7.469,14.939,2.165
WL-B2F-9085,wall,3.3594,13.438,26.876,3.895
WL-B2F-9086,wall,0.4269,1.708,3.415,0.495
WL-B2F-9087,wall,4.4757,17.975,35.949,5.21
WL-B2F-9088,wall,0.3105,1.242,2.484,0.36
WL-B2F-9089,wall,1.1342,4.537,9.073,1.315
WL-B2F-9090,wall,0.8927,3.571,7.142,1.035
WL-B2F-9091,wall,6.003,24.012,48.024,6.96
WL-B2F-9092,wall,1.1514,4.606,9.212,1.335
WL-B2F-9093,wall,1.2204,4.882,9.764,1.415
WL-B2F-9094,wall,0.2276,0.914,1.829,0.265
WL-B2F-9095,wall,2.2937,9.212,18.423,2.67
WL-B2F-9096,wall,1.4303,5.744,11.489,1.665
WL-B2F-9097,wall,3.1869,12.748,25.495,3.695
WL-B2F-9098,wall,3.9387,15.818,31.637,4.585
WL-B2F-9099,wall,1.5094,6.038,12.075,1.75
WL-B2F-9100,wall,2.5422,10.169,20.338,2.947
WL-B2F-9101,wall,0.452,2.26,4.52,0.655
WL-B2F-9102,wall,0.5382,2.691,5.382,0.78
WL-B2F-9103,wall,2.07,8.28,16.56,2.4
WL-B2F-9104,wall,0.5037,2.519,5.037,0.73
WL-B2F-9105,wall,0.3651,1.466,2.933,0.425
WL-B2F-9106,wall,0.1854,0.742,1.483,0.215
WL-B2F-9107,wall,1.4886,8.09,16.18,2.345
WL-B2F-9108,wall,0.1639,0.655,1.311,0.19
WL-B2F-9109,wall,0.7603,3.536,7.072,1.025
WL-B2F-9110,wall,0.3586,1.992,3.985,0.578
WL-B2F-9111,wall,0.9867,4.934,9.867,1.43
WL-B2F-9112,wall,3.8899,15.56,31.119,4.51
WL-B2F-9113,wall,2.7039,10.816,21.631,3.135
WL-B2F-9114,wall,0.7452,4.658,9.315,1.35
WL-B2F-9115,wall,1.215,5.813,11.627,1.685
WL-B2F-9116,wall,0.5355,2.691,5.382,0.78
WL-B2F-9117,wall,0.4497,2.26,4.519,0.655
WL-B2F-9118,wall,0.3178,1.276,2.553,0.37
WL-B2F-9119,wall,2.07,8.28,16.56,2.4
WL-B2F-9120,wall,3.3293,16.646,33.293,4.825
WL-B2F-9121,wall,1.6991,6.797,13.593,1.97
WL-B2F-9122,wall,2.2511,9.004,18.009,2.61
WL-B2F-9123,wall,2.5487,10.195,20.389,2.955
WL-B2F-9124,wall,0.9867,4.934,9.867,1.43
WL-B2F-9125,wall,3.1119,15.56,31.119,4.51
WL-B2F-9126,wall,2.2942,9.177,18.354,2.66
WL-B2F-9127,wall,3.5811,17.906,35.811,5.19
WL-B2F-9128,wall,0.5355,2.691,5.382,0.78
WL-B2F-9129,wall,0.4497,2.26,4.519,0.655
WL-B2F-9130,wall,0.254,1.276,2.553,0.37
WL-B2F-9131,wall,2.07,8.28,16.56,2.4
WL-B2F-9132,wall,1.9769,9.884,19.769,2.865
WL-B2F-9133,wall,1.6991,6.797,13.593,1.97
WL-B2F-9134,wall,2.5314,10.126,20.251,2.935
WL-B2F-9135,wall,2.0389,10.195,20.389,2.955
WL-B2F-9136,wall,0.6572,2.639,5.279,0.765
WL-B2F-9137,wall,0.0215,0.086,0.173,0.025
WL-B2F-9138,wall,1.6991,6.796,13.593,1.97
WL-B2F-9139,wall,1.035,4.313,8.625,1.25
WL-B2F-9140,wall,2.2436,11.218,22.436,3.252
WL-B2F-9141,wall,0.6572,2.639,5.278,0.765
WL-B2F-9142,wall,3.9606,17.681,35.363,5.125
WL-B2F-9143,wall,1.1431,5.744,11.489,1.665
WL-B2F-9144,wall,4.2181,20.182,40.365,5.85
WL-B2F-9145,wall,3.7346,14.939,29.877,4.33
WL-B2F-9146,wall,1.0909,6.417,12.834,1.86
WL-B2F-9147,wall,0.5033,2.812,5.623,0.815
WL-B2F-9148,wall,1.4142,6.314,12.627,1.83
WL-B2F-9149,wall,1.4982,6.659,13.317,1.93
WL-B2F-9150,wall,0.2243,0.897,1.794,0.26
WL-B2F-9151,wall,7.1976,28.79,57.581,8.345
WL-B2F-9152,wall,0.4501,2.648,5.296,0.768
WL-B2F-9153,wall,2.59,10.402,20.804,3.015
WL-B2F-9154,wall,3.0705,15.353,30.705,4.45
WL-B2F-9155,wall,0.9867,4.934,9.867,1.43
WL-B2F-9156,wall,0.5382,2.691,5.382,0.78
WL-B2F-9157,wall,2.07,8.28,16.56,2.4
WL-B2F-9158,wall,0.4519,2.26,4.519,0.655
WL-B2F-9159,wall,1.5748,8.798,17.595,2.55
WL-B2F-9160,wall,0.5563,2.225,4.451,0.645
WL-B2F-9161,wall,1.3843,5.537,11.074,1.605
WL-B2F-9162,wall,0.7262,3.631,7.262,1.053
WL-B2F-9163,wall,0.4714,2.105,4.209,0.61
WL-B2F-9164,wall,1.2027,4.83,9.66,1.4
WL-B2F-9165,wall,1.587,6.348,12.696,1.84
WL-B2F-9166,wall,1.4196,5.701,11.402,1.653
WL-B2F-9167,wall,5.412,21.735,43.47,6.3
WL-B2F-9168,wall,1.1102,4.287,8.573,1.242
WL-B2F-9169,wall,0.0863,0.345,0.69,0.1
WL-B2F-9170,wall,0.2372,0.949,1.897,0.275
WL-B2F-9171,wall,0.1725,0.863,1.725,0.25
WL-B2F-9172,wall,0.5476,2.199,4.399,0.637
WL-B2F-9173,wall,0.0733,0.431,0.863,0.125
WL-B2F-9174,wall,0.9879,3.967,7.935,1.15
WL-B2F-9175,wall,5.6074,22.52,45.04,6.527
WL-B2F-9176,wall,5.63,22.52,45.04,6.527
WL-B2F-9177,wall,0.1509,0.604,1.207,0.175
WL-B2F-9178,wall,0.1503,0.604,1.207,0.175
WL-B2F-9179,wall,1.789,7.185,14.369,2.082
WL-B2F-9180,wall,1.9169,7.668,15.335,2.222
WL-B2F-9181,wall,1.38,5.52,11.04,1.6
WL-B2F-9182,wall,2.139,8.556,17.112,2.48
WL-B2F-9183,wall,1.804,7.245,14.49,2.1
WL-B2F-9184,wall,1.1859,4.744,9.487,1.375
WL-B2F-9185,wall,0.3651,1.466,2.933,0.425
WL-B2F-9186,wall,0.0945,0.345,0.69,0.1
WL-B2F-9187,wall,2.9981,12.041,24.081,3.49
WL-B2F-9188,wall,0.5872,2.303,4.606,0.668
WL-B2F-9189,wall,3.8447,17.164,34.328,4.975
WL-B2F-9190,wall,1.1541,5.949,11.898,1.724
WL-B2F-9191,wall,2.249,8.996,17.992,2.608
WL-B2F-9192,wall,1.6439,8.22,16.439,2.383
WL-B2F-9193,wall,1.627,6.38,12.761,1.849
WL-B2F-9194,wall,0.0837,0.431,0.862,0.125
WL-B2F-9195,wall,0.0,0.0,0.0,0.0
WL-B2F-9196,wall,2.4847,9.744,19.488,2.824
WL-B2F-9197,wall,1.8904,9.744,19.488,2.824
WL-B2F-9198,wall,1.0223,4.105,8.211,1.19
WL-B2F-9199,wall,1.587,6.348,12.696,1.84
WL-B2F-9200,wall,1.4196,5.701,11.402,1.653
WL-B2F-9201,wall,5.412,21.735,43.47,6.3
WL-B2F-9202,wall,0.5476,2.199,4.399,0.637
WL-B2F-9203,wall,0.6555,2.622,5.244,0.76
WL-B2F-9204,wall,0.7504,3.002,6.003,0.87
WL-B2F-9205,wall,3.2448,16.305,32.611,4.726
WL-B2F-9206,wall,0.6555,2.622,5.244,0.76
WL-B2F-9207,wall,1.5205,6.107,12.213,1.77
WL-B2F-9208,wall,1.38,5.52,11.04,1.6
WL-B2F-9209,wall,2.139,8.556,17.112,2.48
WL-B2F-9210,wall,0.0,0.0,0.0,0.0
WL-B2F-9211,wall,1.804,7.245,14.49,2.1
WL-B2F-9212,wall,1.3788,5.537,11.074,1.605
WL-B2F-9213,wall,0.4528,1.811,3.623,0.525
WL-B2F-9214,wall,2.8958,11.868,23.736,3.44
WL-B2F-9215,wall,2.075,8.504,17.009,2.465
WL-B2F-9216,wall,1.2088,4.494,8.987,1.303
WL-B2F-9217,wall,1.0223,4.105,8.211,1.19
WL-B2F-9218,wall,1.5807,6.348,12.696,1.84
WL-B2F-9219,wall,1.4196,5.701,11.402,1.653
WL-B2F-9220,wall,5.4337,21.735,43.47,6.3
WL-B2F-9221,wall,0.2221,0.888,1.777,0.257
WL-B2F-9222,wall,0.5476,2.199,4.399,0.637
WL-B2F-9223,wall,0.9879,3.967,7.935,1.15
WL-B2F-9224,wall,0.7504,3.001,6.003,0.87
WL-B2F-9225,wall,0.6555,2.622,5.244,0.76
WL-B2F-9226,wall,1.2199,4.899,9.798,1.42
WL-B2F-9227,wall,1.38,5.52,11.04,1.6
WL-B2F-9228,wall,2.139,8.556,17.112,2.48
WL-B2F-9229,wall,2.3992,13.403,26.807,3.885
WL-B2F-9230,wall,1.804,7.245,14.49,2.1
WL-B2F-9231,wall,0.9664,3.881,7.763,1.125
WL-B2F-9232,wall,0.621,3.105,6.21,0.9
WL-B2F-9233,wall,0.0658,0.414,0.828,0.12
WL-B2F-9234,wall,0.9606,4.468,8.935,1.295
WL-B2F-9235,wall,1.21,4.416,8.832,1.28
WL-B2F-9236,wall,2.0804,10.402,20.804,3.015
WL-B2F-9237,wall,0.9867,4.934,9.867,1.43
WL-B2F-9238,wall,0.5382,2.691,5.382,0.78
WL-B2F-9239,wall,2.07,8.28,16.56,2.4
WL-B2F-9240,wall,0.4519,2.26,4.519,0.655
WL-B2F-9241,wall,1.0816,4.916,9.833,1.425
WL-B2F-9242,wall,0.2343,0.871,1.742,0.252
WL-B2F-9243,wall,0.5779,2.312,4.623,0.67
WL-B2F-9244,wall,3.0705,15.352,30.705,4.45
WL-B2F-9245,wall,2.0804,10.402,20.804,3.015
WL-B2F-9246,wall,0.9867,4.934,9.867,1.43
WL-B2F-9247,wall,0.5382,2.691,5.382,0.78
WL-B2F-9248,wall,2.07,8.28,16.56,2.4
WL-B2F-9249,wall,0.4519,2.26,4.519,0.655
WL-B2F-9250,wall,1.3993,5.382,10.764,1.56
WL-B2F-9251,wall,0.5779,2.312,4.623,0.67
WL-B2F-9252,wall,0.2243,0.897,1.794,0.26
WL-B2F-9253,wall,7.0035,28.014,56.028,8.12
WL-B2F-9254,wall,5.3001,21.2,42.401,6.145
WL-B2F-9255,wall,1.3843,5.537,11.074,1.605
WL-B2F-9256,wall,0.4528,1.811,3.623,0.525
WL-B2F-9257,wall,3.1105,13.886,27.773,4.025
WL-B2F-9258,wall,1.1297,4.537,9.073,1.315
WL-B2F-9259,wall,2.7821,12.42,24.84,3.6
WL-B2F-9260,wall,1.587,6.348,12.696,1.84
WL-B2F-9261,wall,1.4196,5.701,11.402,1.653
WL-B2F-9262,wall,0.2221,0.888,1.777,0.257
WL-B2F-9263,wall,0.5476,2.199,4.399,0.637
WL-B2F-9264,wall,0.9879,3.967,7.935,1.15
WL-B2F-9265,wall,0.6038,2.415,4.83,0.7
WL-B2F-9266,wall,0.6555,2.622,5.244,0.76
WL-B2F-9267,wall,1.2628,5.071,10.143,1.47
WL-B2F-9268,wall,1.38,5.52,11.04,1.6
WL-B2F-9269,wall,2.139,8.556,17.112,2.48
WL-B2F-9270,wall,1.804,7.245,14.49,2.1
WL-B2F-9271,wall,1.3843,5.537,11.074,1.605
WL-B2F-9272,wall,0.3666,1.466,2.933,0.425
WL-B2F-9273,wall,0.597,2.398,4.795,0.695
WL-B2F-9274,wall,1.6948,6.779,13.558,1.965
WL-B2F-9275,wall,1.4196,5.701,11.402,1.653
WL-B2F-9276,wall,0.0,0.0,0.0,0.0
WL-B2F-9277,wall,0.5476,2.199,4.399,0.637
WL-B2F-9278,wall,0.9879,3.967,7.935,1.15
WL-B2F-9279,wall,0.7504,3.002,6.003,0.87
WL-B2F-9280,wall,2.9208,11.73,23.46,3.4
WL-B2F-9281,wall,2.0715,8.319,16.639,2.411
WL-B2F-9282,wall,1.804,7.245,14.49,2.1
WL-B2F-9283,wall,1.1859,4.744,9.487,1.375
WL-B2F-9284,wall,0.369,1.647,3.295,0.478
WL-B2F-9285,wall,2.532,12.351,24.702,3.58
WL-B2F-9286,wall,0.8275,3.536,7.073,1.025
WL-B2F-9287,wall,1.3101,5.261,10.522,1.525
WL-B2F-9288,wall,1.1706,5.002,10.005,1.45
WL-B2F-9289,wall,1.6948,6.779,13.559,1.965
WL-B2F-9290,wall,1.4253,5.701,11.402,1.652
WL-B2F-9291,wall,0.5476,2.199,4.399,0.638
WL-B2F-9292,wall,0.9879,3.967,7.935,1.15
WL-B2F-9293,wall,0.7504,3.002,6.003,0.87
WL-B2F-9294,wall,0.6555,2.622,5.244,0.76
WL-B2F-9295,wall,1.1984,4.813,9.625,1.395
WL-B2F-9296,wall,1.38,5.52,11.04,1.6
WL-B2F-9297,wall,2.139,8.556,17.112,2.48
WL-B2F-9298,wall,1.1704,5.089,10.178,1.475
WL-B2F-9299,wall,1.804,7.245,14.49,2.1
WL-B2F-9300,wall,0.3651,1.466,2.933,0.425
WL-B2F-9301,wall,0.5333,2.329,4.657,0.675
WL-B2F-9302,wall,1.035,4.313,8.625,1.25
WL-B2F-9303,wall,4.4548,17.819,35.639,5.165
WL-B2F-9304,wall,15.2394,61.202,122.405,17.74
WL-B2F-9305,wall,9.8725,39.649,79.298,11.492
WL-B2F-9306,wall,4.0405,16.227,32.453,4.703
WL-B2F-9307,wall,3.9675,15.87,31.74,4.6
WL-B2F-9308,wall,3.5221,14.145,28.29,4.1
WL-B2F-9309,wall,4.1184,16.474,32.947,4.775
WL-B2F-9310,wall,2.6631,10.695,21.39,3.1
WL-B2F-9311,wall,1.2016,6.038,12.077,1.75
WL-B2F-9312,wall,1.2015,6.038,12.075,1.75
WL-B2F-9313,wall,1.2075,6.037,12.075,1.75
WL-B2F-9314,wall,3.519,17.595,35.19,5.1
WL-B2F-9315,wall,3.3465,16.732,33.465,4.85
WL-B2F-9316,wall,3.1581,15.87,31.74,4.6
WL-B2F-9317,wall,3.2948,16.474,32.948,4.775
WL-B2F-9318,wall,1.2765,6.382,12.765,1.85
WL-B2F-9319,wall,0.1296,0.648,1.296,0.188
WL-B2F-9320,wall,0.6727,3.364,6.727,0.975
WL-B2F-9321,wall,0.1941,0.776,1.552,0.225
WL-B2F-9322,wall,1.7164,8.625,17.25,2.5
WL-B2F-9323,wall,0.0863,0.345,0.69,0.1
WL-B2F-9324,wall,0.7087,2.846,5.692,0.825
WL-B2F-9325,wall,2.7902,11.161,22.322,3.235
WL-B2F-9326,wall,3.9718,15.887,31.775,4.605
WL-B2F-9327,wall,4.3642,17.457,34.914,5.06
WL-B2F-9328,wall,0.5383,2.691,5.383,0.78
WL-B2F-9329,wall,1.7267,8.633,17.267,2.502
WL-B2F-9330,wall,1.3661,6.831,13.661,1.98
WL-B2F-9331,wall,1.3644,6.822,13.644,1.977
WL-B2F-9332,wall,2.07,8.28,16.56,2.4
WL-B2F-9333,wall,2.4564,12.282,24.564,3.56
WL-B2F-9334,wall,4.1486,20.743,41.486,6.013
WL-B2F-9335,wall,5.6321,28.161,56.321,8.162
WL-B2F-9336,wall,2.2494,11.247,22.494,3.26
WL-B2F-9337,wall,1.2248,6.124,12.248,1.775
WL-B2F-9338,wall,0.552,2.76,5.52,0.8
WL-B2F-9339,wall,1.4283,7.142,14.283,2.07
WL-B2F-9340,wall,1.725,8.625,17.25,2.5
WL-B2F-9341,wall,2.5444,12.722,25.444,3.687
WL-B2F-9342,wall,1.8078,9.039,18.078,2.62
WL-B2F-9343,wall,2.4236,9.694,19.388,2.81
WL-B2F-9344,wall,1.5741,6.297,12.593,1.825
WL-B2F-9345,wall,0.1976,0.794,1.587,0.23
WL-B2F-9346,wall,5.3716,26.858,53.716,7.785
WL-B2F-9347,wall,2.5746,10.298,20.597,2.985
WL-B2F-9348,wall,1.5698,6.279,12.558,1.82
WL-B2F-9349,wall,5.5493,27.747,55.493,8.042
WL-B2F-9350,wall,3.4942,17.471,34.942,5.064
WL-B2F-9351,wall,1.4248,7.124,14.248,2.065
WL-B2F-9352,wall,1.1592,5.796,11.592,1.68
WL-B2F-9353,wall,1.7457,8.729,17.457,2.53
WL-B2F-9354,wall,3.3189,16.595,33.189,4.81
WL-B2F-9355,wall,2.543,9.418,18.837,2.73
WL-B2F-9356,wall,0.6684,2.674,5.348,0.775
WL-B2F-9357,wall,1.9887,7.987,15.973,2.315
WL-B2F-9358,wall,0.9577,5.701,11.402,1.652
WL-B2F-9359,wall,1.3585,5.434,10.868,1.575
WL-B2F-9360,wall,0.3881,1.552,3.105,0.45
WL-B2F-9361,wall,0.8225,5.14,10.281,1.49
WL-B2F-9362,wall,1.0352,4.157,8.315,1.205
WL-B2F-9363,wall,1.6948,6.779,13.558,1.965
WL-B2F-9364,wall,1.3444,5.399,10.798,1.565
WL-B2F-9365,wall,5.1522,20.691,41.383,5.998
WL-B2F-9366,wall,0.6555,2.622,5.244,0.76
WL-B2F-9367,wall,1.3358,5.365,10.729,1.555
WL-B2F-9368,wall,1.38,5.52,11.04,1.6
WL-B2F-9369,wall,2.139,8.556,17.112,2.48
WL-B2F-9370,wall,1.804,7.245,14.49,2.1
WL-B2F-9371,wall,1.1812,4.744,9.487,1.375
WL-B2F-9372,wall,0.3666,1.466,2.933,0.425
WL-B2F-9373,wall,1.5114,6.6,13.2,1.913
WL-B2F-9374,wall,1.469,5.899,11.799,1.71
WL-B2F-9375,wall,1.018,4.088,8.177,1.185
WL-B2F-9376,wall,0.6185,2.484,4.968,0.72
WL-B2F-9377,wall,0.451,1.811,3.623,0.525
WL-B2F-9378,wall,1.7897,7.159,14.317,2.075
WL-B2F-9379,wall,0.5989,2.415,4.83,0.7
WL-B2F-9380,wall,0.5492,2.441,4.882,0.708
WL-B2F-9381,wall,0.6771,2.708,5.416,0.785
WL-B2F-9382,wall,0.3019,1.207,2.415,0.35
WL-B2F-9383,wall,1.5334,6.158,12.317,1.785
WL-B2F-9384,wall,3.2301,12.92,25.841,3.745
WL-B2F-9385,wall,0.2105,0.845,1.69,0.245
WL-B2F-9386,wall,1.7954,7.211,14.421,2.09
WL-B2F-9387,wall,0.4768,1.915,3.83,0.555
WL-B2F-9388,wall,1.8113,7.245,14.49,2.1
WL-B2F-9389,wall,0.7264,3.001,6.003,0.87
WL-B2F-9390,wall,2.7146,10.902,21.804,3.16
WL-B2F-9391,wall,1.8641,7.487,14.973,2.17
WL-B2F-9392,wall,1.469,5.899,11.799,1.71
WL-B2F-9393,wall,2.9325,11.73,23.46,3.4
WL-B2F-9394,wall,1.8169,7.297,14.593,2.115
WL-B2F-9395,wall,0.2105,0.845,1.69,0.245
WL-B2F-9396,wall,1.7595,7.038,14.076,2.04
WL-B2F-9397,wall,0.4768,1.915,3.829,0.555
WL-B2F-9398,wall,1.8113,7.245,14.49,2.1
WL-B2F-9399,wall,2.7146,10.902,21.804,3.16
WL-B2F-9400,wall,1.0824,4.347,8.694,1.26
WL-B2F-9401,wall,1.2118,4.847,9.695,1.405
WL-B2F-9402,wall,1.7782,7.141,14.283,2.07
WL-B2F-9403,wall,0.7302,2.932,5.865,0.85
WL-B2F-9404,wall,2.1261,8.539,17.078,2.475
WL-B2F-9405,wall,1.6948,6.779,13.559,1.965
WL-B2F-9406,wall,1.3929,5.572,11.144,1.615
WL-B2F-9407,wall,6.183,24.831,49.663,7.197
WL-B2F-9408,wall,1.38,5.52,11.04,1.6
WL-B2F-9409,wall,2.139,8.556,17.112,2.48
WL-B2F-9410,wall,1.804,7.245,14.49,2.1
WL-B2F-9411,wall,0.3651,1.466,2.933,0.425
WL-B2F-9412,wall,1.2204,4.882,9.763,1.415
WL-B2F-9413,wall,0.207,0.828,1.656,0.24
WL-B2F-9414,wall,1.4303,5.744,11.489,1.665
WL-B2F-9415,wall,2.3029,9.212,18.423,2.67
WL-B2F-9416,wall,2.8112,11.29,22.58,3.273
WL-B2F-9417,wall,2.2507,9.039,18.078,2.62
WL-B2F-9418,wall,0.4497,2.26,4.52,0.655
WL-B2F-9419,wall,0.5355,2.691,5.382,0.78
WL-B2F-9420,wall,2.07,8.28,16.56,2.4
WL-B2F-9421,wall,0.3651,1.466,2.933,0.425
WL-B2F-9422,wall,3.4198,13.679,27.359,3.965
WL-B2F-9423,wall,2.07,8.28,16.56,2.4
WL-B2F-9424,wall,0.0,0.0,0.0,0.0
WL-B2F-9425,wall,0.5382,2.691,5.382,0.78
WL-B2F-9426,wall,2.7189,10.919,21.838,3.165
WL-B2F-9427,wall,0.3191,1.276,2.553,0.37
WL-B2F-9428,wall,1.1812,4.744,9.488,1.375
WL-B2F-9429,wall,0.1589,0.638,1.277,0.185
WL-B2F-9430,wall,0.414,2.07,4.14,0.6
WL-B2F-9431,wall,0.9617,3.847,7.693,1.115
WL-B2F-9432,wall,1.5359,9.66,19.32,2.8
WL-B2F-9433,wall,2.8649,11.506,23.011,3.335
WL-B2F-9434,wall,2.0743,8.297,16.594,2.405
WL-B2F-9435,wall,1.1125,4.468,8.935,1.295
WL-B2F-9436,wall,1.0609,4.261,8.522,1.235
WL-B2F-9437,wall,0.9578,3.847,7.694,1.115
WL-B2F-9438,wall,3.0002,12.049,24.098,3.492
WL-B2F-9439,wall,2.0873,8.349,16.698,2.42
WL-B2F-9440,wall,0.9686,3.89,7.78,1.128
WL-B2F-9441,wall,6.7851,27.14,54.281,7.867
WL-B2F-9442,wall,1.2924,5.17,10.34,1.498
WL-B2F-9443,wall,4.3083,17.233,34.467,4.995
WL-B2F-9444,wall,5.9057,23.623,47.246,6.847
WL-B2F-9445,wall,0.3249,1.57,3.14,0.455
WL-B2F-9446,wall,1.7426,7.711,15.422,2.235
WL-B2F-9447,wall,0.7969,4.58,9.16,1.327
WL-B2F-9448,wall,0.8177,3.95,7.9,1.145
WL-B2F-9449,wall,1.705,8.358,16.715,2.423
WL-B2F-9450,wall,1.1038,4.658,9.315,1.35
WL-B2F-9451,wall,0.4519,2.26,4.519,0.655
WL-B2F-9452,wall,0.5382,2.691,5.382,0.78
WL-B2F-9453,wall,2.07,8.28,16.56,2.4
WL-B2F-9454,wall,0.5012,2.519,5.037,0.73
WL-B2F-9455,wall,0.2666,1.587,3.174,0.46
WL-B2F-9456,wall,1.5968,9.505,19.009,2.755
WL-B2F-9457,wall,0.0,0.0,0.0,0.0
WL-B2F-9458,wall,0.0,0.0,0.0,0.0
WL-B2F-9459,wall,0.0,0.0,0.0,0.0
WL-B2F-9460,wall,0.1074,0.431,0.862,0.125
WL-B2F-9461,wall,0.6299,3.088,6.176,0.895
WL-B2F-9462,wall,0.1225,0.535,1.069,0.155
WL-B2F-9463,wall,0.7116,2.846,5.692,0.825
WL-B2F-9464,wall,0.2415,0.966,1.932,0.28
WL-B2F-9465,wall,1.6819,6.728,13.455,1.95
WL-B2F-9466,wall,0.0992,0.397,0.794,0.115
WL-B2F-9467,wall,0.4528,1.811,3.622,0.525
WL-B2F-9468,wall,0.6124,2.45,4.899,0.71
WL-B2F-9469,wall,0.0517,0.259,0.517,0.075
WL-B2F-9470,wall,1.4663,5.865,11.73,1.7
WL-B2F-9471,wall,0.7029,2.812,5.623,0.815
WL-B2F-9472,wall,0.0129,0.052,0.103,0.015
WL-B2F-9473,wall,0.3666,1.466,2.933,0.425
WL-B2F-9474,wall,0.2156,0.863,1.725,0.25
WL-B2F-9475,wall,0.0,0.0,0.0,0.0
WL-B2F-9476,wall,0.5304,2.122,4.243,0.615
WL-B2F-9477,wall,0.0,0.0,0.0,0.0
WL-B2F-9478,wall,0.0,0.0,0.0,0.0
WL-B2F-9479,wall,2.2438,10.436,20.873,3.025
WL-B2F-9480,wall,0.0,0.0,0.0,0.0
WL-B2F-9481,wall,3.8594,16.853,33.707,4.885
WL-B2F-9482,wall,0.0,0.0,0.0,0.0
WL-B2F-9483,wall,0.7331,2.933,5.865,0.85
WL-B2F-9484,wall,0.2027,0.811,1.621,0.235
WL-B2F-9485,wall,0.0431,0.172,0.345,0.05
WL-B2F-9486,wall,1.0307,4.123,8.246,1.195
WL-B2F-9487,wall,3.1567,14.682,29.365,4.256
WL-B2F-9488,wall,0.1074,0.431,0.862,0.125
WL-B2F-9489,wall,0.0,0.0,0.0,0.0
WL-B2F-9490,wall,1.1322,5.054,10.108,1.465
WL-B2F-9491,wall,0.0,0.0,0.0,0.0
WL-B2F-9492,wall,0.1078,0.431,0.862,0.125
WL-B2F-9493,wall,0.9621,3.864,7.728,1.12
WL-B2F-9494,wall,0.0,0.0,0.0,0.0
WL-B2F-9495,wall,0.425,1.518,3.036,0.44
WL-B2F-9496,wall,0.9746,4.313,8.625,1.25
WL-B2F-9497,wall,1.2495,5.34,10.679,1.548
WL-B2F-9498,wall,2.5986,10.436,20.872,3.025
WL-B2F-9499,wall,0.0,0.0,0.0,0.0
WL-B2F-9500,wall,1.5157,9.022,18.043,2.615
WL-B2F-9501,wall,0.5332,3.174,6.348,0.92
WL-B2F-9502,wall,0.5326,2.139,4.278,0.62
WL-B2F-9503,wall,1.92,7.711,15.421,2.235
WL-B2F-9504,wall,2.4998,10.04,20.079,2.91
WL-B2F-9505,wall,0.0344,0.138,0.276,0.04
WL-B2F-9506,wall,0.0,0.0,0.0,0.0
WL-B2F-9507,wall,1.6408,6.589,13.179,1.91
WL-B2F-9508,wall,3.2171,12.92,25.841,3.745
WL-B2F-9509,wall,3.1869,12.748,25.496,3.695
WL-B2F-9510,wall,1.048,4.209,8.418,1.22
WL-B2F-9511,wall,1.4749,5.9,11.799,1.71
WL-B2F-9512,wall,0.4744,1.898,3.795,0.55
WL-B2F-9513,wall,1.0523,4.209,8.418,1.22
WL-B2F-9514,wall,0.7935,3.174,6.348,0.92
WL-B2F-9515,wall,0.0,0.0,0.0,0.0
WL-B2F-9516,wall,5.5086,22.034,44.069,6.387
WL-B2F-9517,wall,4.4163,17.665,35.33,5.12
WL-B2F-9518,wall,4.4785,17.986,35.972,5.213
WL-B2F-9519,wall,0.6296,2.518,5.037,0.73
WL-B2F-9520,wall,0.6086,3.622,7.245,1.05
WL-B2F-9521,wall,0.4768,1.915,3.829,0.555
WL-B2F-9522,wall,1.804,7.245,14.49,2.1
WL-B2F-9523,wall,0.5197,2.087,4.175,0.605
WL-B2F-9524,wall,1.8846,7.538,15.076,2.185
WL-B2F-9525,wall,0.6699,2.518,5.037,0.73
WL-B2F-9526,wall,2.7146,10.902,21.804,3.16
WL-B2F-9527,wall,0.6185,2.484,4.968,0.72
WL-B2F-9528,wall,0.4528,1.811,3.623,0.525
WL-B2F-9529,wall,0.9664,3.881,7.762,1.125
WL-B2F-9530,wall,0.1639,0.655,1.311,0.19
WL-B2F-9531,wall,0.3007,1.208,2.415,0.35
WL-B2F-9532,wall,1.847,7.417,14.835,2.15
WL-B2F-9533,wall,3.1869,12.748,25.496,3.695
WL-B2F-9534,wall,0.6534,3.053,6.106,0.885
WL-B2F-9535,wall,1.3412,5.365,10.729,1.555
WL-B2F-9536,wall,0.451,1.811,3.623,0.525
WL-B2F-9537,wall,0.4528,1.811,3.622,0.525
WL-B2F-9538,wall,0.3579,1.432,2.864,0.415
WL-B2F-9539,wall,0.3364,1.345,2.691,0.39
WL-B2F-9540,wall,1.6236,6.52,13.041,1.89
WL-B2F-9541,wall,1.3874,5.572,11.144,1.615
WL-B2F-9542,wall,0.2212,0.888,1.777,0.257
WL-B2F-9543,wall,1.38,5.52,11.04,1.6
WL-B2F-9544,wall,2.1304,8.556,17.112,2.48
WL-B2F-9545,wall,1.804,7.245,14.49,2.1
WL-B2F-9546,wall,1.1213,4.485,8.97,1.3
WL-B2F-9547,wall,0.408,1.639,3.278,0.475
WL-B2F-9548,wall,1.0867,4.347,8.694,1.26
WL-B2F-9549,wall,0.4725,1.898,3.795,0.55
WL-B2F-9550,wall,1.9543,7.849,15.698,2.275
WL-B2F-9551,wall,3.2516,13.007,26.013,3.77
WL-B2F-9552,wall,1.2156,4.882,9.763,1.415
WL-B2F-9553,wall,2.0657,8.263,16.526,2.395
WL-B2F-9554,wall,2.9325,11.73,23.46,3.4
WL-B2F-9555,wall,3.9244,15.698,31.395,4.55
WL-B2F-9556,wall,2.0096,8.039,16.077,2.33
WL-B2F-9557,wall,2.8091,11.281,22.563,3.27
WL-B2F-9558,wall,3.3832,13.533,27.065,3.922
WL-B2F-9559,wall,0.452,2.26,4.52,0.655
WL-B2F-9560,wall,0.5382,2.691,5.382,0.78
WL-B2F-9561,wall,2.07,8.28,16.56,2.4
WL-B2F-9562,wall,2.6651,10.661,21.321,3.09
WL-B2F-9563,wall,0.452,2.26,4.52,0.655
WL-B2F-9564,wall,0.5183,2.605,5.21,0.755
WL-B2F-9565,wall,2.9551,11.868,23.736,3.44
WL-B2F-9566,wall,2.7859,11.144,22.287,3.23
WL-B2F-9567,wall,2.2722,9.125,18.251,2.645
WL-B2F-9568,wall,1.5359,9.66,19.32,2.8
WL-B2F-9569,wall,1.3476,4.83,9.66,1.4
WL-B2F-9570,wall,1.4404,5.762,11.523,1.67
WL-B2F-9571,wall,0.6894,2.769,5.537,0.802
WL-B2F-9572,wall,0.7968,3.2,6.4,0.928
WL-B2F-9573,wall,1.9665,9.833,19.665,2.85
WL-B2F-9574,wall,1.3741,8.642,17.285,2.505
WL-B2F-9575,wall,1.6477,8.28,16.56,2.4
WL-B2F-9576,wall,0.1078,0.431,0.862,0.125
WL-B2F-9577,wall,6.3777,25.613,51.227,7.424
WL-B2F-9578,wall,4.6835,18.734,37.468,5.43
WL-B2F-9579,wall,0.6607,2.654,5.307,0.769
WL-B2F-9580,wall,4.758,19.108,38.217,5.539
WL-B2F-9581,wall,2.2897,12.444,24.888,3.607
WL-B2F-9582,wall,1.6152,6.461,12.921,1.873
WL-B2F-9583,wall,0.2133,0.853,1.707,0.247
WL-B2F-9584,wall,0.8305,3.158,6.315,0.915
WL-B2F-9585,wall,5.848,23.392,46.784,6.78
WL-B2F-9586,wall,0.6042,3.597,7.193,1.042
WL-B2F-9587,wall,1.1969,7.124,14.248,2.065
WL-B2F-9588,wall,0.4497,2.26,4.52,0.655
WL-B2F-9589,wall,0.5355,2.691,5.382,0.78
WL-B2F-9590,wall,0.5037,2.518,5.037,0.73
WL-B2F-9591,wall,0.0,0.0,0.0,0.0
WL-B2F-9592,wall,3.506,12.843,25.685,3.722
WL-B2F-9593,wall,0.8893,5.141,10.281,1.49
WL-B2F-9594,wall,1.0352,4.157,8.314,1.205
WL-B2F-9595,wall,1.6948,6.779,13.559,1.965
WL-B2F-9596,wall,0.5319,2.907,5.813,0.843
WL-B2F-9597,wall,0.2113,0.845,1.691,0.245
WL-B2F-9598,wall,1.38,5.52,11.04,1.6
WL-B2F-9599,wall,0.3651,1.466,2.933,0.425
WL-B2F-9600,wall,1.3358,5.365,10.73,1.555
WL-B2F-9601,wall,0.331,1.414,2.829,0.41
WL-B2F-9602,wall,0.2156,0.862,1.725,0.25
WL-B2F-9603,wall,0.0,0.0,0.0,0.0
WL-B2F-9604,wall,0.9919,3.967,7.935,1.15
WL-B2F-9605,wall,0.0,0.0,0.0,0.0
WL-B2F-9606,wall,0.0,0.0,0.0,0.0
WL-B2F-9607,wall,2.2438,10.436,20.873,3.025
WL-B2F-9608,wall,0.0,0.0,0.0,0.0
WL-B2F-9609,wall,3.8594,16.853,33.707,4.885
WL-B2F-9610,wall,0.0,0.0,0.0,0.0
WL-B2F-9611,wall,1.2041,4.836,9.671,1.402
WL-B2F-9612,wall,2.8048,13.682,27.364,3.966
WL-B2F-9613,wall,0.189,0.759,1.518,0.22
WL-B2F-9614,wall,0.0,0.0,0.0,0.0
WL-B2F-9615,wall,0.0,0.0,0.0,0.0
WL-B2F-9616,wall,1.2377,4.951,9.902,1.435
WL-B2F-9617,wall,0.1078,0.431,0.862,0.125
WL-B2F-9618,wall,0.0644,0.259,0.517,0.075
WL-B2F-9619,wall,0.1074,0.431,0.863,0.125
WL-B2F-9620,wall,0.0,0.0,0.0,0.0
WL-B2F-9621,wall,0.1074,0.431,0.862,0.125
WL-B2F-9622,wall,0.0,0.0,0.0,0.0
WL-B2F-9623,wall,0.0,0.0,0.0,0.0
WL-B2F-9624,wall,0.5712,3.088,6.176,0.895
WL-B2F-9625,wall,2.081,8.358,16.715,2.422
WL-B2F-9626,wall,0.8977,3.605,7.21,1.045
WL-B2F-9627,wall,0.6857,2.743,5.485,0.795
WL-B2F-9628,wall,0.897,3.588,7.176,1.04
WL-B2F-9629,wall,3.4362,13.8,27.6,4.0
WL-B2F-9630,wall,0.3928,2.182,4.364,0.632
WL-B2F-9631,wall,0.1074,0.431,0.862,0.125
WL-B2F-9632,wall,1.4145,7.072,14.145,2.05
WL-B2F-9633,wall,0.1078,0.431,0.862,0.125
WL-B2F-9634,wall,1.9072,7.064,14.128,2.048
WL-B2F-9635,wall,1.9264,7.737,15.473,2.242
WL-B2F-9636,wall,0.0776,0.31,0.621,0.09
WL-B2F-9637,wall,0.1164,0.431,0.863,0.125
WL-B2F-9638,wall,0.1164,0.431,0.863,0.125
WL-B2F-9639,wall,0.6124,2.45,4.899,0.71
WL-B2F-9640,wall,1.9706,8.211,16.422,2.38
WL-B2F-9641,wall,0.5419,2.398,4.795,0.695
WL-B2F-9642,wall,2.4912,10.005,20.01,2.9
WL-B2F-9643,wall,5.5441,22.265,44.531,6.454
WL-B2F-9644,wall,2.0445,8.211,16.422,2.38
WL-B2F-9645,wall,2.139,8.556,17.112,2.48
WL-B2F-9646,wall,1.1812,4.744,9.487,1.375
WL-B2F-9647,wall,2.07,8.28,16.56,2.4
WL-B2F-9648,wall,3.2301,12.92,25.841,3.745
WL-B2F-9649,wall,0.453,2.475,4.951,0.717
WL-B2F-9650,wall,1.3929,5.572,11.144,1.615
WL-B2F-9651,wall,1.469,5.9,11.799,1.71
WL-B2F-9652,wall,1.5033,6.038,12.075,1.75
WL-B2F-9653,wall,3.1527,12.662,25.323,3.67
WL-B2F-9654,wall,1.469,5.9,11.799,1.71
WL-B2F-9655,wall,2.7146,10.902,21.804,3.16
WL-B2F-9656,wall,1.804,7.245,14.49,2.1
WL-B2F-9657,wall,0.6915,2.777,5.554,0.805
WL-B2F-9658,wall,0.828,3.312,6.624,0.96
WL-B2F-9659,wall,0.2717,1.087,2.173,0.315
WL-B2F-9660,wall,0.8366,3.347,6.693,0.97
WL-B2F-9661,wall,0.6296,2.518,5.037,0.73
WL-B2F-9662,wall,1.2127,6.383,12.765,1.85
WL-B2F-9663,wall,0.0927,0.431,0.862,0.125
WL-B2F-9664,wall,0.0,0.0,0.0,0.0
WL-B2F-9665,wall,0.1074,0.431,0.863,0.125
WL-B2F-9666,wall,0.0,0.0,0.0,0.0
WL-B2F-9667,wall,0.0,0.0,0.0,0.0
WL-B2F-9668,wall,0.0,0.0,0.0,0.0
WL-B2F-9669,wall,0.0,0.0,0.0,0.0
WL-B2F-9670,wall,0.0539,0.216,0.431,0.063
WL-B2F-9671,wall,0.2362,0.949,1.897,0.275
WL-B2F-9672,wall,2.6287,10.557,21.114,3.06
WL-B2F-9673,wall,3.0754,12.351,24.702,3.58
WL-B2F-9674,wall,0.0,0.0,0.0,0.0
WL-B2F-9675,wall,2.8649,11.506,23.012,3.335
WL-B2F-9676,wall,2.7318,10.971,21.942,3.18
WL-B2F-9677,wall,4.4483,17.793,35.587,5.158
WL-B2F-9678,wall,0.0,0.0,0.0,0.0
WL-B2F-9679,wall,0.0,0.0,0.0,0.0
WL-B2F-9680,wall,1.0997,4.399,8.798,1.275
WL-B2F-9681,wall,1.8513,7.435,14.87,2.155
WL-B2F-9682,wall,2.5336,10.134,20.269,2.938
WL-B2F-9683,wall,1.6129,6.452,12.903,1.87
WL-B2F-9684,wall,6.9154,27.772,55.545,8.05
WL-B2F-9685,wall,0.5355,2.691,5.382,0.78
WL-B2F-9686,wall,0.5382,2.691,5.382,0.78
WL-B2F-9687,wall,0.5973,3.002,6.003,0.87
WL-B2F-9688,wall,0.9268,4.658,9.315,1.35
WL-B2F-9689,wall,3.9416,15.766,31.533,4.57
WL-B2F-9690,wall,3.8122,15.249,30.498,4.42
WL-B2F-9691,wall,2.0617,8.28,16.56,2.4
WL-B2F-9692,wall,1.0298,5.175,10.35,1.5
WL-B2F-9693,wall,0.3431,1.906,3.812,0.553
WL-B2F-9694,wall,0.9867,4.934,9.867,1.43
WL-B2F-9695,wall,0.7314,4.571,9.143,1.325
WL-B2F-9696,wall,1.1969,5.727,11.454,1.66
WL-B2F-9697,wall,3.1119,15.56,31.119,4.51
WL-B2F-9698,wall,0.5355,2.691,5.382,0.78
WL-B2F-9699,wall,0.4519,2.26,4.519,0.655
WL-B2F-9700,wall,2.2908,11.454,22.908,3.32
WL-B2F-9701,wall,2.0617,8.28,16.56,2.4
WL-B2F-9702,wall,2.7807,13.904,27.807,4.03
WL-B2F-9703,wall,1.3593,6.797,13.593,1.97
WL-B2F-9704,wall,2.9118,14.559,29.118,4.22
WL-B2F-9705,wall,2.5314,10.126,20.252,2.935
WL-B2F-9706,wall,0.0,0.0,0.0,0.0
WL-B2F-9707,wall,2.0389,10.195,20.389,2.955
WL-B2F-9708,wall,0.0,0.0,0.0,0.0
WL-B2F-9709,wall,0.5326,2.139,4.278,0.62
WL-B2F-9710,wall,0.0,0.0,0.0,0.0
WL-B2F-9711,wall,0.0,0.0,0.0,0.0
WL-B2F-9712,wall,0.0,0.0,0.0,0.0
WL-B2F-9713,wall,0.0,0.0,0.0,0.0
WL-B2F-9714,wall,0.0,0.0,0.0,0.0
WL-B2F-9715,wall,0.0644,0.259,0.517,0.075
WL-B2F-9716,wall,1.6668,6.667,13.334,1.933
WL-B2F-9717,wall,1.4123,5.649,11.299,1.638
WL-B2F-9718,wall,0.5584,2.242,4.485,0.65
WL-B2F-9719,wall,1.1168,4.485,8.97,1.3
WL-B2F-9720,wall,0.5111,2.053,4.105,0.595
WL-B2F-9721,wall,2.5103,10.081,20.163,2.922
WL-B2F-9722,wall,2.7492,13.477,26.953,3.906
WL-B2F-9723,wall,5.1342,20.619,41.239,5.977
WL-B2F-9724,wall,5.2097,20.839,41.677,6.04
WL-B2F-9725,wall,3.5896,14.416,28.832,4.179
WL-B2F-9726,wall,2.0786,8.348,16.696,2.42
WL-B2F-9727,wall,0.0,0.0,0.0,0.0
WL-B2F-9728,wall,0.0,0.0,0.0,0.0
WL-B2F-9729,wall,0.0,0.0,0.0,0.0
WL-B2F-9730,wall,0.4744,1.898,3.795,0.55
WL-B2F-9731,wall,0.0215,0.086,0.173,0.025
WL-B2F-9732,wall,0.0,0.0,0.0,0.0
WL-B2F-9733,wall,0.0,0.0,0.0,0.0
WL-B2F-9734,wall,0.1289,0.517,1.035,0.15
WL-B2F-9735,wall,0.0,0.0,0.0,0.0
WL-B2F-9736,wall,0.2976,1.19,2.38,0.345
WL-B2F-9737,wall,2.8182,11.273,22.546,3.268
WL-B2F-9738,wall,8.6789,34.716,69.431,10.063
WL-B2F-9739,wall,0.9312,4.252,8.504,1.232
WL-B2F-9740,wall,0.0636,0.256,0.511,0.074
WL-B2F-9741,wall,0.7388,2.967,5.934,0.86
WL-B2F-9742,wall,6.2208,24.883,49.766,7.212
WL-B2F-9743,wall,0.102,0.408,0.816,0.118
WL-B2F-9744,wall,1.0237,5.416,10.833,1.57
WL-B2F-9745,wall,0.2156,0.862,1.725,0.25
WL-B2F-9746,wall,0.6391,3.278,6.555,0.95
WL-B2F-9747,wall,0.374,2.337,4.675,0.677
WL-B2F-9748,wall,0.3726,2.07,4.14,0.6
WL-B2F-9749,wall,0.058,0.233,0.466,0.067
WL-B2F-9750,wall,0.1078,0.431,0.863,0.125
WL-B2F-9751,wall,0.0,0.0,0.0,0.0
WL-B2F-9752,wall,0.1289,0.517,1.035,0.15
WL-B2F-9753,wall,0.4528,1.811,3.622,0.525
WL-B2F-9754,wall,0.0733,0.431,0.863,0.125
WL-B2F-9755,wall,0.0,0.0,0.0,0.0
WL-B2F-9756,wall,0.1725,0.862,1.725,0.25
WL-B2F-9757,wall,0.0,0.0,0.0,0.0
WL-B2F-9758,wall,0.0,0.0,0.0,0.0
WL-B2F-9759,wall,0.0,0.0,0.0,0.0
WL-B2F-9760,wall,0.0,0.0,0.0,0.0
WL-B2F-9761,wall,1.0479,4.192,8.383,1.215
WL-B2F-9762,wall,1.2456,5.003,10.005,1.45
WL-B2F-9763,wall,0.0388,0.155,0.31,0.045
WL-B2F-9764,wall,2.6091,10.436,20.872,3.025
WL-B2F-9765,wall,3.1055,12.472,24.944,3.615
WL-B2F-9766,wall,0.8409,3.364,6.727,0.975
WL-B2F-9767,wall,1.2247,4.899,9.798,1.42
WL-B2F-9768,wall,1.1558,4.623,9.246,1.34
WL-B2F-9769,wall,0.0863,0.345,0.69,0.1
WL-B2F-9770,wall,1.7138,6.883,13.765,1.995
WL-B2F-9771,wall,1.469,5.899,11.799,1.71
WL-B2F-9772,wall,0.451,1.811,3.623,0.525
WL-B2F-9773,wall,1.7897,7.159,14.318,2.075
WL-B2F-9774,wall,0.9664,3.881,7.762,1.125
WL-B2F-9775,wall,0.1639,0.655,1.311,0.19
WL-B2F-9776,wall,0.6744,2.708,5.416,0.785
WL-B2F-9777,wall,0.3019,1.207,2.415,0.35
WL-B2F-9778,wall,3.2171,12.92,25.841,3.745
WL-B2F-9779,wall,0.2105,0.845,1.69,0.245
WL-B2F-9780,wall,0.4768,1.915,3.829,0.555
WL-B2F-9781,wall,1.7009,6.831,13.662,1.98
WL-B2F-9782,wall,1.4513,6.124,12.248,1.775
WL-B2F-9783,wall,2.7146,10.902,21.804,3.16
WL-B2F-9784,wall,1.8641,7.487,14.973,2.17
WL-B2F-9785,wall,1.1812,4.744,9.487,1.375
WL-B2F-9786,wall,0.3666,1.466,2.933,0.425
WL-B2F-9787,wall,0.451,1.811,3.622,0.525
WL-B2F-9788,wall,0.6339,2.536,5.072,0.735
WL-B2F-9789,wall,0.5428,2.171,4.343,0.629
WL-B2F-9790,wall,0.335,1.345,2.691,0.39
WL-B2F-9791,wall,1.2506,5.003,10.005,1.45
WL-B2F-9792,wall,1.1769,4.727,9.453,1.37
WL-B2F-9793,wall,0.64,2.57,5.14,0.745
WL-B2F-9794,wall,1.6948,6.779,13.558,1.965
WL-B2F-9795,wall,1.3874,5.572,11.143,1.615
WL-B2F-9796,wall,2.139,8.556,17.112,2.48
WL-B2F-9797,wall,1.804,7.245,14.49,2.1
WL-B2F-9798,wall,1.2075,4.83,9.66,1.4
WL-B2F-9799,wall,1.469,5.9,11.799,1.71
WL-B2F-9800,wall,0.2105,0.845,1.691,0.245
WL-B2F-9801,wall,0.4768,1.915,3.829,0.555
WL-B2F-9802,wall,1.804,7.245,14.49,2.1
WL-B2F-9803,wall,1.0824,4.347,8.694,1.26
WL-B2F-9804,wall,2.7146,10.902,21.804,3.16
WL-B2F-9805,wall,0.713,2.864,5.727,0.83
WL-B2F-9806,wall,1.9543,7.849,15.697,2.275
WL-B2F-9807,wall,3.2301,12.92,25.841,3.745
WL-B2F-9808,wall,1.7525,7.038,14.076,2.04
WL-B2F-9809,wall,6.8434,27.484,54.967,7.966
WL-B2F-9810,wall,1.0352,4.157,8.314,1.205
WL-B2F-9811,wall,1.7379,6.952,13.903,2.015
WL-B2F-9812,wall,1.3929,5.572,11.144,1.615
WL-B2F-9813,wall,0.6555,2.622,5.244,0.76
WL-B2F-9814,wall,1.2199,4.899,9.798,1.42
WL-B2F-9815,wall,1.38,5.52,11.04,1.6
WL-B2F-9816,wall,1.1478,4.537,9.074,1.315
WL-B2F-9817,wall,2.246,12.834,25.668,3.72
WL-B2F-9818,wall,1.804,7.245,14.49,2.1
WL-B2F-9819,wall,0.3651,1.466,2.933,0.425
WL-B2F-9820,wall,0.4497,2.26,4.52,0.655
WL-B2F-9821,wall,0.5355,2.691,5.382,0.78
WL-B2F-9822,wall,2.07,8.28,16.56,2.4
WL-B2F-9823,wall,0.5037,2.518,5.037,0.73
WL-B2F-9824,wall,3.1869,12.748,25.496,3.695
WL-B2F-9825,wall,0.3431,1.906,3.812,0.553
WL-B2F-9826,wall,0.9867,4.934,9.867,1.43
WL-B2F-9827,wall,2.5857,10.385,20.769,3.01
WL-B2F-9828,wall,0.7314,4.571,9.142,1.325
WL-B2F-9829,wall,1.1969,5.727,11.454,1.66
WL-B2F-9830,wall,2.2232,12.351,24.702,3.58
WL-B2F-9831,wall,1.8249,10.799,21.597,3.13
WL-B2F-9832,wall,0.5355,2.691,5.382,0.78
WL-B2F-9833,wall,0.4497,2.26,4.519,0.655
WL-B2F-9834,wall,0.3178,1.276,2.553,0.37
WL-B2F-9835,wall,2.0617,8.28,16.56,2.4
WL-B2F-9836,wall,2.7507,13.823,27.645,4.007
WL-B2F-9837,wall,1.6991,6.797,13.593,1.97
WL-B2F-9838,wall,2.2511,9.004,18.009,2.61
WL-B2F-9839,wall,0.1423,0.569,1.138,0.165
WL-B2F-9840,wall,2.0288,10.195,20.389,2.955
WL-B2F-9841,wall,6.7227,26.891,53.782,7.794
WL-B2F-9842,wall,1.6292,6.543,13.086,1.897
WL-B2F-9843,wall,5.2086,20.918,41.836,6.063
WL-B2F-9844,wall,6.0201,24.177,48.355,7.008
WL-B2F-9845,wall,0.3434,1.374,2.747,0.398
WL-B2F-9846,wall,0.0733,0.293,0.586,0.085
WL-B2F-9847,wall,1.2156,4.882,9.763,1.415
WL-B2F-9848,wall,2.9325,11.73,23.46,3.4
WL-B2F-9849,wall,2.0657,8.263,16.526,2.395
WL-B2F-9850,wall,2.891,11.61,23.221,3.365
WL-B2F-9851,wall,1.5033,6.037,12.075,1.75
WL-B2F-9852,wall,2.8225,11.29,22.58,3.273
WL-B2F-9853,wall,2.2507,9.039,18.078,2.62
WL-B2F-9854,wall,0.452,2.26,4.52,0.655
WL-B2F-9855,wall,0.5382,2.691,5.382,0.78
WL-B2F-9856,wall,2.07,8.28,16.56,2.4
WL-B2F-9857,wall,0.5012,2.519,5.037,0.73
WL-B2F-9858,wall,0.3651,1.466,2.933,0.425
WL-B2F-9859,wall,0.1078,0.431,0.862,0.125
WL-B2F-9860,wall,0.1074,0.431,0.863,0.125
WL-B2F-9861,wall,0.058,0.233,0.466,0.067
WL-B2F-9862,wall,0.0,0.0,0.0,0.0
WL-B2F-9863,wall,0.4528,1.811,3.623,0.525
WL-B2F-9864,wall,0.0215,0.086,0.173,0.025
WL-B2F-9865,wall,0.0,0.0,0.0,0.0
WL-B2F-9866,wall,0.0,0.0,0.0,0.0
WL-B2F-9867,wall,0.0,0.0,0.0,0.0
WL-B2F-9868,wall,0.0,0.0,0.0,0.0
WL-B2F-9869,wall,1.0566,4.243,8.487,1.23
WL-B2F-9870,wall,1.6301,6.521,13.041,1.89
WL-B2F-9871,wall,1.2506,5.003,10.005,1.45
WL-B2F-9872,wall,0.069,0.276,0.552,0.08
WL-B2F-9873,wall,0.2372,0.949,1.897,0.275
WL-B2F-9874,wall,3.5794,14.317,28.635,4.15
WL-B2F-9875,wall,1.1212,4.485,8.97,1.3
WL-B2F-9876,wall,0.3968,1.587,3.174,0.46
WL-B2F-9877,wall,0.8711,3.485,6.969,1.01
WL-B2F-9878,wall,1.1816,4.727,9.453,1.37
WL-B2F-9879,wall,2.017,8.004,16.008,2.32
WL-B2F-9880,wall,2.5918,10.367,20.735,3.005
WL-B2F-9881,wall,0.5348,2.139,4.278,0.62
WL-B2F-9882,wall,3.7748,15.099,30.199,4.377
WL-B2F-9883,wall,1.3745,5.52,11.04,1.6
WL-B2F-9884,wall,3.1869,12.748,25.496,3.695
WL-B2F-9885,wall,1.5396,6.158,12.316,1.785
WL-B2F-9886,wall,0.2191,0.862,1.725,0.25
WL-B2F-9887,wall,0.3522,1.415,2.829,0.41
WL-B2F-9888,wall,0.3277,1.311,2.622,0.38
WL-B2F-9889,wall,0.0541,0.217,0.435,0.063
WL-B2F-9890,wall,2.1159,8.498,16.995,2.463
WL-B2F-9891,wall,0.2191,0.863,1.725,0.25
WL-B2F-9892,wall,0.0293,0.117,0.234,0.034
WL-B2F-9893,wall,6.7757,27.103,54.206,7.856
WL-B2F-9894,wall,3.7902,15.222,30.444,4.412
WL-B2F-9895,wall,0.0559,0.224,0.449,0.065
WL-B2F-9896,wall,4.6135,18.454,36.908,5.349
WL-B2F-9897,wall,4.8808,19.523,39.047,5.659
WL-B2F-9898,wall,4.8763,24.381,48.763,7.067
WL-B2F-9899,wall,2.835,11.206,22.411,3.248
WL-B2F-9900,wall,6.006,24.121,48.241,6.991
WL-B2F-9901,wall,1.2127,6.383,12.765,1.85
WL-B2F-9902,wall,0.3836,2.398,4.795,0.695
WL-B2F-9903,wall,0.1074,0.431,0.863,0.125
WL-B2F-9904,wall,0.4424,1.923,3.847,0.557
WL-B2F-9905,wall,0.4744,1.898,3.795,0.55
WL-B2F-9906,wall,0.1078,0.431,0.863,0.125
WL-B2F-9907,wall,0.0,0.0,0.0,0.0
WL-B2F-9908,wall,0.0,0.0,0.0,0.0
WL-B2F-9909,wall,2.1055,10.074,20.148,2.92
WL-B2F-9910,wall,0.0,0.0,0.0,0.0
WL-B2F-9911,wall,0.7302,2.933,5.865,0.85
WL-B2F-9912,wall,0.0537,0.216,0.431,0.063
WL-B2F-9913,wall,2.6091,10.436,20.872,3.025
WL-B2F-9914,wall,2.0317,8.159,16.318,2.365
WL-B2F-9915,wall,1.1812,4.744,9.487,1.375
WL-B2F-9916,wall,0.2803,1.121,2.243,0.325
WL-B2F-9917,wall,0.451,1.811,3.623,0.525
WL-B2F-9918,wall,0.6339,2.536,5.072,0.735
WL-B2F-9919,wall,0.3651,1.466,2.932,0.425
WL-B2F-9920,wall,0.335,1.345,2.691,0.39
WL-B2F-9921,wall,1.2506,5.002,10.005,1.45
WL-B2F-9922,wall,1.3239,5.296,10.592,1.535
WL-B2F-9923,wall,1.5807,6.348,12.696,1.84
WL-B2F-9924,wall,1.3874,5.572,11.143,1.615
WL-B2F-9925,wall,0.2212,0.888,1.777,0.258
WL-B2F-9926,wall,1.3745,5.52,11.04,1.6
WL-B2F-9927,wall,2.139,8.556,17.112,2.48
WL-B2F-9928,wall,1.804,7.245,14.49,2.1
WL-B2F-9929,wall,1.2027,4.83,9.66,1.4
WL-B2F-9930,wall,1.469,5.9,11.799,1.71
WL-B2F-9931,wall,0.2105,0.845,1.691,0.245
WL-B2F-9932,wall,0.4768,1.915,3.829,0.555
WL-B2F-9933,wall,1.804,7.245,14.49,2.1
WL-B2F-9934,wall,1.0867,4.347,8.694,1.26
WL-B2F-9935,wall,2.7255,10.902,21.804,3.16
WL-B2F-9936,wall,0.7159,2.864,5.727,0.83
WL-B2F-9937,wall,1.9622,7.849,15.698,2.275
WL-B2F-9938,wall,3.2171,12.92,25.841,3.745
WL-B2F-9939,wall,1.7525,7.038,14.076,2.04
WL-B2F-9940,wall,1.469,5.899,11.799,1.71
WL-B2F-9941,wall,0.2105,0.845,1.691,0.245
WL-B2F-9942,wall,0.4768,1.915,3.829,0.555
WL-B2F-9943,wall,1.804,7.245,14.49,2.1
WL-B2F-9944,wall,0.5197,2.087,4.175,0.605
WL-B2F-9945,wall,1.877,7.538,15.077,2.185
WL-B2F-9946,wall,2.7146,10.902,21.804,3.16
WL-B2F-9947,wall,1.2808,5.123,10.247,1.485
WL-B2F-9948,wall,0.6185,2.484,4.968,0.72
WL-B2F-9949,wall,0.4528,1.811,3.622,0.525
WL-B2F-9950,wall,1.8156,7.262,14.525,2.105
WL-B2F-9951,wall,0.9664,3.881,7.762,1.125
WL-B2F-9952,wall,0.1639,0.656,1.311,0.19
WL-B2F-9953,wall,0.3007,1.207,2.415,0.35
WL-B2F-9954,wall,1.8544,7.417,14.835,2.15
WL-B2F-9955,wall,3.2171,12.92,25.84,3.745
WL-B2F-9956,wall,1.7525,7.038,14.076,2.04
WL-B2F-9957,wall,5.4338,21.735,43.47,6.3
WL-B2F-9958,wall,1.2156,4.882,9.763,1.415
WL-B2F-9959,wall,0.1374,0.552,1.104,0.16
WL-B2F-9960,wall,2.5573,10.229,20.459,2.965
WL-B2F-9961,wall,2.8635,11.454,22.908,3.32
WL-B2F-9962,wall,3.1742,12.748,25.495,3.695
WL-B2F-9963,wall,3.9387,15.818,31.637,4.585
WL-B2F-9964,wall,1.5033,6.037,12.075,1.75
WL-B2F-9965,wall,2.8225,11.29,22.58,3.273
WL-B2F-9966,wall,2.2507,9.039,18.078,2.62
WL-B2F-9967,wall,0.452,2.26,4.52,0.655
WL-B2F-9968,wall,0.5382,2.691,5.382,0.78
WL-B2F-9969,wall,2.07,8.28,16.56,2.4
WL-B2F-9970,wall,0.3651,1.466,2.933,0.425
WL-B2F-9971,wall,1.2585,5.054,10.109,1.465
WL-B2F-9972,wall,1.0393,4.157,8.315,1.205
WL-B2F-9973,wall,1.6948,6.779,13.559,1.965
WL-B2F-9974,wall,1.3929,5.572,11.143,1.615
WL-B2F-9975,wall,0.5584,2.243,4.485,0.65
WL-B2F-9976,wall,0.5197,2.087,4.174,0.605
WL-B2F-9977,wall,1.38,5.52,11.04,1.6
WL-B2F-9978,wall,2.139,8.556,17.112,2.48
WL-B2F-9979,wall,1.9586,7.866,15.732,2.28
WL-B2F-9980,wall,0.3651,1.466,2.933,0.425
WL-B2F-9981,wall,0.4497,2.26,4.52,0.655
WL-B2F-9982,wall,0.5382,2.691,5.382,0.78
WL-B2F-9983,wall,2.07,8.28,16.56,2.4
WL-B2F-9984,wall,0.5037,2.518,5.037,0.73
WL-B2F-9985,wall,3.1742,12.748,25.496,3.695
WL-B2F-9986,wall,0.9867,4.933,9.867,1.43
WL-B2F-9987,wall,0.3658,1.311,2.622,0.38
WL-B2F-9988,wall,4.4799,17.992,35.984,5.215
WL-B2F-9989,wall,3.0963,15.56,31.119,4.51
WL-B2F-9990,wall,0.5382,2.691,5.382,0.78
WL-B2F-9991,wall,0.4497,2.26,4.519,0.655
WL-B2F-9992,wall,2.2908,11.454,22.908,3.32
WL-B2F-9993,wall,3.9305,19.751,39.503,5.725
WL-B2F-9994,wall,2.0617,8.28,16.56,2.4
WL-B2F-9995,wall,0.3174,1.587,3.174,0.46
WL-B2F-9996,wall,1.3593,6.797,13.593,1.97
WL-B2F-9997,wall,0.3484,1.742,3.484,0.505
WL-B2F-9998,wall,2.5213,10.126,20.252,2.935
WL-B2F-9999,wall,0.0,0.0,0.0,0.0
WL-B2F-10000,wall,2.0288,10.195,20.389,2.955
WL-B2F-10001,wall,0.0,0.0,0.0,0.0
WL-B2F-10002,wall,0.2286,0.914,1.828,0.265
WL-B2F-10003,wall,0.0945,0.345,0.69,0.1
WL-B2F-10004,wall,0.0,0.0,0.0,0.0
WL-B2F-10005,wall,0.0,0.0,0.0,0.0
WL-B2F-10006,wall,0.4744,1.897,3.795,0.55
WL-B2F-10007,wall,0.0216,0.086,0.173,0.025
WL-B2F-10008,wall,0.0,0.0,0.0,0.0
WL-B2F-10009,wall,0.0,0.0,0.0,0.0
WL-B2F-10010,wall,0.0,0.0,0.0,0.0
WL-B2F-10011,wall,1.0566,4.243,8.487,1.23
WL-B2F-10012,wall,0.0537,0.216,0.431,0.063
WL-B2F-10013,wall,0.2976,1.19,2.38,0.345
WL-B2F-10014,wall,1.1984,4.793,9.587,1.389
WL-B2F-10015,wall,0.6296,2.518,5.037,0.73
WL-B2F-10016,wall,0.1294,0.517,1.035,0.15
WL-B2F-10017,wall,0.1078,0.431,0.862,0.125
WL-B2F-10018,wall,0.9312,4.252,8.504,1.232
WL-B2F-10019,wall,0.1768,0.707,1.415,0.205
WL-B2F-10020,wall,1.8251,9.125,18.251,2.645
WL-B2F-10021,wall,0.1984,0.793,1.587,0.23
WL-B2F-10022,wall,2.8247,11.299,22.597,3.275
WL-B2F-10023,wall,3.5014,17.595,35.19,5.1
WL-B2F-10024,wall,15.8563,79.68,159.36,23.096
WL-B2F-10025,wall,12.6222,63.428,126.856,18.385
WL-B2F-10026,wall,3.2268,16.215,32.43,4.7
WL-B2F-10027,wall,3.4732,17.366,34.732,5.034
WL-B2F-10028,wall,3.657,18.285,36.57,5.3
WL-B2F-10029,wall,5.382,26.91,53.82,7.8
WL-B2F-10030,wall,5.3551,26.91,53.82,7.8
WL-B2F-10031,wall,5.3551,26.91,53.82,7.8
WL-B2F-10032,wall,3.6387,18.285,36.57,5.3
WL-B2F-10033,wall,5.3551,26.91,53.82,7.8
WL-B2F-10034,wall,4.5141,22.684,45.367,6.575
WL-B2F-10035,wall,4.6092,23.046,46.092,6.68
WL-B2F-10036,wall,6.7275,26.91,53.82,7.8
WL-B2F-10037,wall,2.76,11.04,22.08,3.2
WL-B2F-10038,wall,7.2234,28.894,57.787,8.375
WL-B2F-10039,wall,1.6422,8.211,16.422,2.38
WL-B2F-10040,wall,5.4752,27.514,55.028,7.975
WL-B2F-10041,wall,5.313,26.565,53.13,7.7
WL-B2F-10042,wall,9.7635,48.818,97.635,14.15
WL-B2F-10043,wall,5.175,20.7,41.4,6.0
WL-B2F-10044,wall,2.5557,10.264,20.527,2.975
WL-B2F-10045,wall,6.7275,26.91,53.82,7.8
WL-B2F-10046,wall,5.382,26.91,53.82,7.8
WL-B2F-10047,wall,7.245,28.98,57.96,8.4
WL-B2F-10048,wall,6.555,26.22,52.44,7.6
WL-B2F-10049,wall,0.3795,1.518,3.036,0.44
WL-B2F-10050,wall,6.555,26.22,52.44,7.6
WL-B2F-10051,wall,6.5288,26.22,52.44,7.6
WL-B2F-10052,wall,5.0025,20.01,40.02,5.8
WL-B2F-10053,wall,3.9516,15.87,31.74,4.6
WL-B2F-10054,wall,4.1234,16.56,33.12,4.8
WL-B2F-10055,wall,0.345,1.725,3.45,0.5
WL-B2F-10056,wall,2.0484,8.194,16.388,2.375
WL-B2F-10057,wall,0.6255,2.502,5.004,0.725
WL-B2F-10058,wall,4.0149,16.06,32.119,4.655
WL-B2F-10059,wall,1.237,4.968,9.936,1.44
WL-B2F-10060,wall,0.1078,0.431,0.862,0.125
WL-B2F-10061,wall,6.6197,26.479,52.958,7.675
WL-B2F-10062,wall,11.9837,48.127,96.255,13.95
WL-B2F-10063,wall,3.3422,13.369,26.738,3.875
WL-B2F-10064,wall,0.2148,0.863,1.725,0.25
WL-B2F-10065,wall,3.4328,17.25,34.5,5.0
WL-B2F-10066,wall,0.0265,0.106,0.212,0.031
WL-B2F-10067,wall,1.1812,4.744,9.487,1.375
WL-B2F-10068,wall,0.3651,1.466,2.933,0.425
WL-B2F-10069,wall,1.0393,4.157,8.315,1.205
WL-B2F-10070,wall,1.6948,6.779,13.558,1.965
WL-B2F-10071,wall,1.3874,5.572,11.143,1.615
WL-B2F-10072,wall,1.38,5.52,11.04,1.6
WL-B2F-10073,wall,0.8625,3.45,6.9,1.0
WL-B2F-10074,wall,1.0309,4.14,8.28,1.2
WL-B2F-10075,wall,1.469,5.9,11.799,1.71
WL-B2F-10076,wall,0.2105,0.845,1.691,0.245
WL-B2F-10077,wall,0.4768,1.915,3.829,0.555
WL-B2F-10078,wall,1.804,7.245,14.49,2.1
WL-B2F-10079,wall,0.5197,2.087,4.175,0.605
WL-B2F-10080,wall,1.92,7.711,15.422,2.235
WL-B2F-10081,wall,2.7146,10.902,21.804,3.16
WL-B2F-10082,wall,0.4528,1.811,3.623,0.525
WL-B2F-10083,wall,1.8298,7.349,14.697,2.13
WL-B2F-10084,wall,0.9664,3.881,7.762,1.125
WL-B2F-10085,wall,0.1639,0.656,1.311,0.19
WL-B2F-10086,wall,0.3019,1.207,2.415,0.35
WL-B2F-10087,wall,1.5741,6.296,12.592,1.825
WL-B2F-10088,wall,2.1821,8.729,17.457,2.53
WL-B2F-10089,wall,1.7525,7.038,14.076,2.04
WL-B2F-10090,wall,1.469,5.899,11.799,1.71
WL-B2F-10091,wall,2.7169,10.868,21.735,3.15
WL-B2F-10092,wall,1.0522,4.209,8.418,1.22
WL-B2F-10093,wall,2.2253,8.901,17.802,2.58
WL-B2F-10094,wall,0.2105,0.845,1.69,0.245
WL-B2F-10095,wall,1.7095,6.866,13.731,1.99
WL-B2F-10096,wall,0.4768,1.915,3.829,0.555
WL-B2F-10097,wall,1.804,7.245,14.49,2.1
WL-B2F-10098,wall,2.7255,10.902,21.804,3.16
WL-B2F-10099,wall,1.0868,4.347,8.694,1.26
WL-B2F-10100,wall,5.0048,20.019,40.039,5.803
WL-B2F-10101,wall,1.731,6.952,13.903,2.015
WL-B2F-10102,wall,2.0357,8.143,16.286,2.36
WL-B2F-10103,wall,3.0158,12.112,24.223,3.511
WL-B2F-10104,wall,0.934,3.751,7.502,1.087
WL-B2F-10105,wall,1.6129,6.452,12.904,1.87
WL-B2F-10106,wall,1.7379,6.952,13.903,2.015
WL-B2F-10107,wall,2.3546,9.418,18.837,2.73
WL-B2F-10108,wall,1.8539,7.445,14.891,2.158
WL-B2F-10109,wall,3.4759,13.959,27.919,4.046
WL-B2F-10110,wall,1.8544,7.418,14.835,2.15
WL-B2F-10111,wall,0.4497,2.26,4.52,0.655
WL-B2F-10112,wall,0.5355,2.691,5.382,0.78
WL-B2F-10113,wall,2.07,8.28,16.56,2.4
WL-B2F-10114,wall,0.5037,2.518,5.037,0.73
WL-B2F-10115,wall,3.1742,12.748,25.496,3.695
WL-B2F-10116,wall,3.1527,12.661,25.323,3.67
WL-B2F-10117,wall,1.7164,6.866,13.731,1.99
WL-B2F-10118,wall,0.452,2.26,4.52,0.655
WL-B2F-10119,wall,0.5382,2.691,5.382,0.78
WL-B2F-10120,wall,2.07,8.28,16.56,2.4
WL-B2F-10121,wall,0.5037,2.519,5.037,0.73
WL-B2F-10122,wall,1.2585,5.054,10.108,1.465
WL-B2F-10123,wall,1.0352,4.157,8.315,1.205
WL-B2F-10124,wall,1.6948,6.779,13.559,1.965
WL-B2F-10125,wall,1.3874,5.572,11.144,1.615
WL-B2F-10126,wall,4.8278,19.311,38.623,5.597
WL-B2F-10127,wall,1.2248,4.899,9.798,1.42
WL-B2F-10128,wall,0.9919,3.967,7.935,1.15
WL-B2F-10129,wall,1.38,5.52,11.04,1.6
WL-B2F-10130,wall,5.5795,22.408,44.815,6.495
WL-B2F-10131,wall,0.3651,1.466,2.933,0.425
WL-B2F-10132,wall,2.9449,13.447,26.894,3.898
WL-B2F-10133,wall,3.1742,12.748,25.496,3.695
WL-B2F-10134,wall,1.8544,7.418,14.835,2.15
WL-B2F-10135,wall,1.2199,7.176,14.352,2.08
WL-B2F-10136,wall,1.8341,7.366,14.731,2.135
WL-B2F-10137,wall,1.3766,6.555,13.11,1.9
WL-B2F-10138,wall,0.4497,2.26,4.519,0.655
WL-B2F-10139,wall,0.5382,2.691,5.382,0.78
WL-B2F-10140,wall,0.5037,2.519,5.037,0.73
WL-B2F-10141,wall,1.1282,5.641,11.282,1.635
WL-B2F-10142,wall,0.9535,3.829,7.659,1.11
WL-B2F-10143,wall,0.9703,3.881,7.763,1.125
WL-B2F-10144,wall,0.4941,1.872,3.743,0.543
WL-B2F-10145,wall,0.1639,0.656,1.311,0.19
WL-B2F-10146,wall,0.5197,2.087,4.175,0.605
WL-B2F-10147,wall,1.3895,5.365,10.73,1.555
WL-B2F-10148,wall,2.1562,9.022,18.043,2.615
WL-B2F-10149,wall,1.3208,5.304,10.609,1.537
WL-B2F-10150,wall,0.3007,1.207,2.415,0.35
WL-B2F-10151,wall,3.2171,12.92,25.841,3.745
WL-B2F-10152,wall,1.8586,7.176,14.352,2.08
WL-B2F-10153,wall,1.9147,7.659,15.318,2.22
WL-B2F-10154,wall,2.9736,12.929,25.858,3.747
WL-B2F-10155,wall,0.4252,1.708,3.415,0.495
WL-B2F-10156,wall,1.804,7.245,14.49,2.1
WL-B2F-10157,wall,0.1739,0.828,1.656,0.24
WL-B2F-10158,wall,1.3788,5.537,11.074,1.605
WL-B2F-10159,wall,0.1439,0.578,1.156,0.168
WL-B2F-10160,wall,0.0644,0.259,0.517,0.075
WL-B2F-10161,wall,0.6326,3.743,7.487,1.085
WL-B2F-10162,wall,1.0352,4.157,8.315,1.205
WL-B2F-10163,wall,0.9985,3.855,7.711,1.117
WL-B2F-10164,wall,1.3874,5.572,11.143,1.615
WL-B2F-10165,wall,0.0367,0.147,0.293,0.042
WL-B2F-10166,wall,0.64,2.57,5.141,0.745
WL-B2F-10167,wall,1.38,5.52,11.04,1.6
WL-B2F-10168,wall,0.3277,1.311,2.622,0.38
WL-B2F-10169,wall,1.6917,8.056,16.112,2.335
WL-B2F-10170,wall,1.1168,4.485,8.97,1.3
WL-B2F-10171,wall,2.2991,8.211,16.422,2.38
WL-B2F-10172,wall,9.3903,34.146,68.293,9.897
WL-B2F-10173,wall,1.725,6.9,13.8,2.0
WL-B2F-10174,wall,0.4097,1.639,3.277,0.475
WL-B2F-10175,wall,2.3288,9.315,18.63,2.7
WL-B2F-10176,wall,1.6689,6.676,13.352,1.935
WL-B2F-10177,wall,0.552,2.76,5.52,0.8
WL-B2F-10178,wall,1.1903,5.951,11.903,1.725
WL-B2F-10179,wall,2.2425,8.97,17.94,2.6
WL-B2F-10180,wall,0.6831,3.416,6.831,0.99
WL-B2F-10181,wall,0.6831,3.416,6.831,0.99
WL-B2F-10182,wall,2.8635,11.454,22.908,3.32
WL-B2F-10183,wall,1.2506,5.003,10.005,1.45
WL-B2F-10184,wall,0.4278,2.139,4.278,0.62
WL-B2F-10185,wall,1.035,4.14,8.28,1.2
WL-B2F-10186,wall,0.1639,0.656,1.311,0.19
WL-B2F-10187,wall,0.6296,2.518,5.037,0.73
WL-B2F-10188,wall,0.4269,1.708,3.416,0.495
WL-B2F-10189,wall,1.0609,4.244,8.487,1.23
WL-B2F-10190,wall,0.6598,2.639,5.279,0.765
WL-B2F-10191,wall,2.6436,10.574,21.149,3.065
WL-B2F-10192,wall,0.3019,1.208,2.415,0.35
WL-B2F-10193,wall,1.9622,7.849,15.698,2.275
WL-B2F-10194,wall,3.2171,12.92,25.841,3.745
WL-B2F-10195,wall,1.8673,7.469,14.939,2.165
WL-B2F-10196,wall,0.4269,1.708,3.415,0.495
WL-B2F-10197,wall,4.4757,17.975,35.949,5.21
WL-B2F-10198,wall,0.3105,1.242,2.484,0.36
WL-B2F-10199,wall,1.1342,4.537,9.073,1.315
WL-B2F-10200,wall,0.8927,3.571,7.142,1.035
WL-B2F-10201,wall,6.003,24.012,48.024,6.96
WL-B2F-10202,wall,1.1514,4.606,9.212,1.335
WL-B2F-10203,wall,0.2276,0.914,1.829,0.265
WL-B2F-10204,wall,1.4303,5.744,11.489,1.665
WL-B2F-10205,wall,2.2937,9.212,18.423,2.67
WL-B2F-10206,wall,3.1869,12.748,25.495,3.695
WL-B2F-10207,wall,3.9387,15.818,31.637,4.585
WL-B2F-10208,wall,1.2204,4.882,9.764,1.415
WL-B2F-10209,wall,1.5094,6.038,12.075,1.75
WL-B2F-10210,wall,2.5422,10.169,20.338,2.947
WL-B2F-10211,wall,0.452,2.26,4.52,0.655
WL-B2F-10212,wall,0.5382,2.691,5.382,0.78
WL-B2F-10213,wall,2.07,8.28,16.56,2.4
WL-B2F-10214,wall,0.5037,2.519,5.037,0.73
WL-B2F-10215,wall,0.3651,1.466,2.933,0.425
WL-B2F-10216,wall,1.4886,8.09,16.18,2.345
WL-B2F-10217,wall,0.1639,0.655,1.311,0.19
WL-B2F-10218,wall,0.9867,4.934,9.867,1.43
WL-B2F-10219,wall,2.0769,10.385,20.769,3.01
WL-B2F-10220,wall,0.7452,4.658,9.315,1.35
WL-B2F-10221,wall,3.8899,15.56,31.119,4.51
WL-B2F-10222,wall,0.5355,2.691,5.382,0.78
WL-B2F-10223,wall,0.4497,2.26,4.519,0.655
WL-B2F-10224,wall,0.3178,1.276,2.553,0.37
WL-B2F-10225,wall,2.07,8.28,16.56,2.4
WL-B2F-10226,wall,2.622,10.488,20.976,3.04
WL-B2F-10227,wall,1.6991,6.797,13.593,1.97
WL-B2F-10228,wall,2.2511,9.004,18.009,2.61
WL-B2F-10229,wall,0.1854,0.742,1.483,0.215
WL-B2F-10230,wall,1.1954,5.434,10.868,1.575
WL-B2F-10231,wall,0.9867,4.934,9.867,1.43
WL-B2F-10232,wall,1.3834,6.952,13.904,2.015
WL-B2F-10233,wall,3.5811,17.906,35.811,5.19
WL-B2F-10234,wall,0.5842,2.864,5.727,0.83
WL-B2F-10235,wall,0.5355,2.691,5.382,0.78
WL-B2F-10236,wall,0.4497,2.26,4.519,0.655
WL-B2F-10237,wall,0.254,1.276,2.553,0.37
WL-B2F-10238,wall,2.07,8.28,16.56,2.4
WL-B2F-10239,wall,1.9769,9.884,19.769,2.865
WL-B2F-10240,wall,1.6991,6.797,13.593,1.97
WL-B2F-10241,wall,2.5314,10.126,20.251,2.935
WL-B2F-10242,wall,2.0389,10.195,20.389,2.955
WL-B2F-10243,wall,0.6598,2.639,5.279,0.765
WL-B2F-10244,wall,0.0215,0.086,0.173,0.025
WL-B2F-10245,wall,1.6991,6.796,13.593,1.97
WL-B2F-10246,wall,1.035,4.313,8.625,1.25
WL-B2F-10247,wall,2.2436,11.218,22.436,3.252
WL-B2F-10248,wall,0.6572,2.639,5.278,0.765
WL-B2F-10249,wall,1.1431,5.744,11.489,1.665
WL-B2F-10250,wall,4.2181,20.182,40.365,5.85
WL-B2F-10251,wall,1.2128,6.417,12.834,1.86
WL-B2F-10252,wall,0.5033,2.812,5.623,0.815
WL-B2F-10253,wall,0.2243,0.897,1.794,0.26
WL-B2F-10254,wall,7.1976,28.79,57.581,8.345
WL-B2F-10255,wall,0.4501,2.648,5.296,0.768
WL-B2F-10256,wall,0.9867,4.934,9.867,1.43
WL-B2F-10257,wall,0.5382,2.691,5.382,0.78
WL-B2F-10258,wall,2.07,8.28,16.56,2.4
WL-B2F-10259,wall,0.4519,2.26,4.519,0.655
WL-B2F-10260,wall,1.5748,8.798,17.595,2.55
WL-B2F-10261,wall,0.5563,2.225,4.451,0.645
WL-B2F-10262,wall,1.3843,5.537,11.074,1.605
WL-B2F-10263,wall,0.7262,3.631,7.262,1.053
WL-B2F-10264,wall,0.568,2.536,5.071,0.735
WL-B2F-10265,wall,1.2027,4.83,9.66,1.4
WL-B2F-10266,wall,1.587,6.348,12.696,1.84
WL-B2F-10267,wall,1.4196,5.701,11.402,1.653
WL-B2F-10268,wall,0.0863,0.345,0.69,0.1
WL-B2F-10269,wall,0.2372,0.949,1.897,0.275
WL-B2F-10270,wall,0.5476,2.199,4.399,0.637
WL-B2F-10271,wall,0.9879,3.967,7.935,1.15
WL-B2F-10272,wall,0.1509,0.604,1.207,0.175
WL-B2F-10273,wall,1.38,5.52,11.04,1.6
WL-B2F-10274,wall,2.139,8.556,17.112,2.48
WL-B2F-10275,wall,1.804,7.245,14.49,2.1
WL-B2F-10276,wall,1.1859,4.744,9.487,1.375
WL-B2F-10277,wall,0.3651,1.466,2.933,0.425
WL-B2F-10278,wall,0.4468,2.303,4.606,0.668
WL-B2F-10279,wall,0.5872,2.303,4.606,0.668
WL-B2F-10280,wall,3.8447,17.164,34.328,4.975
WL-B2F-10281,wall,2.2878,9.151,18.302,2.653
WL-B2F-10282,wall,0.0837,0.431,0.862,0.125
WL-B2F-10283,wall,0.0,0.0,0.0,0.0
WL-B2F-10284,wall,1.0223,4.105,8.211,1.19
WL-B2F-10285,wall,1.587,6.348,12.696,1.84
WL-B2F-10286,wall,1.4196,5.701,11.402,1.653
WL-B2F-10287,wall,0.5476,2.199,4.399,0.637
WL-B2F-10288,wall,0.6555,2.622,5.244,0.76
WL-B2F-10289,wall,0.7504,3.002,6.003,0.87
WL-B2F-10290,wall,3.2448,16.305,32.611,4.726
WL-B2F-10291,wall,0.6555,2.622,5.244,0.76
WL-B2F-10292,wall,1.5205,6.107,12.213,1.77
WL-B2F-10293,wall,1.38,5.52,11.04,1.6
WL-B2F-10294,wall,2.139,8.556,17.112,2.48
WL-B2F-10295,wall,0.0,0.0,0.0,0.0
WL-B2F-10296,wall,1.804,7.245,14.49,2.1
WL-B2F-10297,wall,1.3788,5.537,11.074,1.605
WL-B2F-10298,wall,0.4528,1.811,3.623,0.525
WL-B2F-10299,wall,2.8958,11.868,23.736,3.44
WL-B2F-10300,wall,1.0223,4.105,8.211,1.19
WL-B2F-10301,wall,1.5807,6.348,12.696,1.84
WL-B2F-10302,wall,1.4196,5.701,11.402,1.653
WL-B2F-10303,wall,5.4337,21.735,43.47,6.3
WL-B2F-10304,wall,0.2221,0.888,1.777,0.257
WL-B2F-10305,wall,0.5476,2.199,4.399,0.637
WL-B2F-10306,wall,0.9879,3.967,7.935,1.15
WL-B2F-10307,wall,0.7504,3.001,6.003,0.87
WL-B2F-10308,wall,0.6555,2.622,5.244,0.76
WL-B2F-10309,wall,1.2199,4.899,9.798,1.42
WL-B2F-10310,wall,1.38,5.52,11.04,1.6
WL-B2F-10311,wall,2.139,8.556,17.112,2.48
WL-B2F-10312,wall,2.3992,13.403,26.807,3.885
WL-B2F-10313,wall,1.804,7.245,14.49,2.1
WL-B2F-10314,wall,0.9664,3.881,7.763,1.125
WL-B2F-10315,wall,0.621,3.105,6.21,0.9
WL-B2F-10316,wall,0.0658,0.414,0.828,0.12
WL-B2F-10317,wall,0.8678,4.037,8.073,1.17
WL-B2F-10318,wall,2.0804,10.402,20.804,3.015
WL-B2F-10319,wall,0.9867,4.934,9.867,1.43
WL-B2F-10320,wall,2.07,8.28,16.56,2.4
WL-B2F-10321,wall,0.4519,2.26,4.519,0.655
WL-B2F-10322,wall,1.0816,4.916,9.833,1.425
WL-B2F-10323,wall,0.2343,0.871,1.742,0.252
WL-B2F-10324,wall,0.5779,2.312,4.623,0.67
WL-B2F-10325,wall,2.0804,10.402,20.804,3.015
WL-B2F-10326,wall,0.9867,4.934,9.867,1.43
WL-B2F-10327,wall,0.5382,2.691,5.382,0.78
WL-B2F-10328,wall,2.07,8.28,16.56,2.4
WL-B2F-10329,wall,0.4519,2.26,4.519,0.655
WL-B2F-10330,wall,1.3993,5.382,10.764,1.56
WL-B2F-10331,wall,0.5779,2.312,4.623,0.67
WL-B2F-10332,wall,3.0705,15.352,30.705,4.45
WL-B2F-10333,wall,0.2243,0.897,1.794,0.26
WL-B2F-10334,wall,7.0035,28.014,56.028,8.12
WL-B2F-10335,wall,5.3001,21.2,42.401,6.145
WL-B2F-10336,wall,1.3843,5.537,11.074,1.605
WL-B2F-10337,wall,0.4528,1.811,3.623,0.525
WL-B2F-10338,wall,3.1105,13.886,27.773,4.025
WL-B2F-10339,wall,1.1297,4.537,9.073,1.315
WL-B2F-10340,wall,1.587,6.348,12.696,1.84
WL-B2F-10341,wall,1.4196,5.701,11.402,1.653
WL-B2F-10342,wall,5.412,21.735,43.47,6.3
WL-B2F-10343,wall,0.2221,0.888,1.777,0.257
WL-B2F-10344,wall,0.5476,2.199,4.399,0.637
WL-B2F-10345,wall,0.9879,3.967,7.935,1.15
WL-B2F-10346,wall,0.6038,2.415,4.83,0.7
WL-B2F-10347,wall,0.6555,2.622,5.244,0.76
WL-B2F-10348,wall,1.2628,5.071,10.143,1.47
WL-B2F-10349,wall,1.38,5.52,11.04,1.6
WL-B2F-10350,wall,2.139,8.556,17.112,2.48
WL-B2F-10351,wall,1.804,7.245,14.49,2.1
WL-B2F-10352,wall,1.3843,5.537,11.074,1.605
WL-B2F-10353,wall,0.3666,1.466,2.933,0.425
WL-B2F-10354,wall,0.597,2.398,4.795,0.695
WL-B2F-10355,wall,1.6948,6.779,13.558,1.965
WL-B2F-10356,wall,1.4196,5.701,11.402,1.653
WL-B2F-10357,wall,5.412,21.735,43.47,6.3
WL-B2F-10358,wall,0.5476,2.199,4.399,0.637
WL-B2F-10359,wall,0.9879,3.967,7.935,1.15
WL-B2F-10360,wall,0.7504,3.002,6.003,0.87
WL-B2F-10361,wall,2.9208,11.73,23.46,3.4
WL-B2F-10362,wall,2.0715,8.319,16.639,2.411
WL-B2F-10363,wall,1.804,7.245,14.49,2.1
WL-B2F-10364,wall,1.1859,4.744,9.487,1.375
WL-B2F-10365,wall,0.7603,3.536,7.072,1.025
WL-B2F-10366,wall,1.3101,5.261,10.522,1.525
WL-B2F-10367,wall,1.6948,6.779,13.559,1.965
WL-B2F-10368,wall,1.4253,5.701,11.402,1.652
WL-B2F-10369,wall,0.5476,2.199,4.399,0.638
WL-B2F-10370,wall,0.9879,3.967,7.935,1.15
WL-B2F-10371,wall,0.7504,3.002,6.003,0.87
WL-B2F-10372,wall,0.6555,2.622,5.244,0.76
WL-B2F-10373,wall,1.1984,4.813,9.625,1.395
WL-B2F-10374,wall,1.38,5.52,11.04,1.6
WL-B2F-10375,wall,2.139,8.556,17.112,2.48
WL-B2F-10376,wall,1.1704,5.089,10.178,1.475
WL-B2F-10377,wall,1.804,7.245,14.49,2.1
WL-B2F-10378,wall,0.3651,1.466,2.933,0.425
WL-B2F-10379,wall,0.5333,2.329,4.657,0.675
WL-B2F-10380,wall,1.035,4.313,8.625,1.25
WL-B2F-10381,wall,4.4548,17.819,35.639,5.165
WL-B2F-10382,wall,15.2394,61.202,122.405,17.74
WL-B2F-10383,wall,9.8725,39.649,79.298,11.492
WL-B2F-10384,wall,5.9544,23.817,47.635,6.904
WL-B2F-10385,wall,4.0405,16.227,32.453,4.703
WL-B2F-10386,wall,3.9675,15.87,31.74,4.6
WL-B2F-10387,wall,3.608,14.49,28.98,4.2
WL-B2F-10388,wall,1.2016,6.038,12.077,1.75
WL-B2F-10389,wall,1.2015,6.038,12.075,1.75
WL-B2F-10390,wall,1.2075,6.037,12.075,1.75
WL-B2F-10391,wall,3.519,17.595,35.19,5.1
WL-B2F-10392,wall,3.3465,16.732,33.465,4.85
WL-B2F-10393,wall,3.1581,15.87,31.74,4.6
WL-B2F-10394,wall,3.2948,16.474,32.948,4.775
WL-B2F-10395,wall,1.2765,6.382,12.765,1.85
WL-B2F-10396,wall,0.1296,0.648,1.296,0.188
WL-B2F-10397,wall,0.1941,0.776,1.552,0.225
WL-B2F-10398,wall,1.7164,8.625,17.25,2.5
WL-B2F-10399,wall,0.0863,0.345,0.69,0.1
WL-B2F-10400,wall,0.7087,2.846,5.692,0.825
WL-B2F-10401,wall,2.7902,11.161,22.322,3.235
WL-B2F-10402,wall,3.9718,15.887,31.775,4.605
WL-B2F-10403,wall,0.6727,3.364,6.727,0.975
WL-B2F-10404,wall,0.5383,2.691,5.383,0.78
WL-B2F-10405,wall,2.07,8.28,16.56,2.4
WL-B2F-10406,wall,2.4564,12.282,24.564,3.56
WL-B2F-10407,wall,4.1486,20.743,41.486,6.013
WL-B2F-10408,wall,5.6321,28.161,56.321,8.162
WL-B2F-10409,wall,4.3642,17.457,34.914,5.06
WL-B2F-10410,wall,1.2248,6.124,12.248,1.775
WL-B2F-10411,wall,0.552,2.76,5.52,0.8
WL-B2F-10412,wall,1.4283,7.142,14.283,2.07
WL-B2F-10413,wall,1.725,8.625,17.25,2.5
WL-B2F-10414,wall,2.5444,12.722,25.444,3.687
WL-B2F-10415,wall,1.8078,9.039,18.078,2.62
WL-B2F-10416,wall,2.4236,9.694,19.388,2.81
WL-B2F-10417,wall,1.5741,6.297,12.593,1.825
WL-B2F-10418,wall,0.1976,0.794,1.587,0.23
WL-B2F-10419,wall,5.3716,26.858,53.716,7.785
WL-B2F-10420,wall,2.5746,10.298,20.597,2.985
WL-B2F-10421,wall,1.5698,6.279,12.558,1.82
WL-B2F-10422,wall,5.5493,27.747,55.493,8.042
WL-B2F-10423,wall,3.4942,17.471,34.942,5.064
WL-B2F-10424,wall,1.4248,7.124,14.248,2.065
WL-B2F-10425,wall,1.1592,5.796,11.592,1.68
WL-B2F-10426,wall,1.7457,8.729,17.457,2.53
WL-B2F-10427,wall,3.3189,16.595,33.189,4.81
WL-B2F-10428,wall,2.543,9.418,18.837,2.73
WL-B2F-10429,wall,0.6684,2.674,5.348,0.775
WL-B2F-10430,wall,1.9887,7.987,15.973,2.315
WL-B2F-10431,wall,1.3585,5.434,10.868,1.575
WL-B2F-10432,wall,0.3881,1.552,3.105,0.45
WL-B2F-10433,wall,0.8225,5.14,10.281,1.49
WL-B2F-10434,wall,1.0352,4.157,8.315,1.205
WL-B2F-10435,wall,1.6948,6.779,13.558,1.965
WL-B2F-10436,wall,1.3444,5.399,10.798,1.565
WL-B2F-10437,wall,5.1522,20.691,41.383,5.998
WL-B2F-10438,wall,0.6555,2.622,5.244,0.76
WL-B2F-10439,wall,1.3358,5.365,10.729,1.555
WL-B2F-10440,wall,1.38,5.52,11.04,1.6
WL-B2F-10441,wall,2.139,8.556,17.112,2.48
WL-B2F-10442,wall,1.804,7.245,14.49,2.1
WL-B2F-10443,wall,1.1812,4.744,9.487,1.375
WL-B2F-10444,wall,0.3666,1.466,2.933,0.425
WL-B2F-10445,wall,1.5114,6.6,13.2,1.913
WL-B2F-10446,wall,1.469,5.899,11.799,1.71
WL-B2F-10447,wall,1.018,4.088,8.177,1.185
WL-B2F-10448,wall,0.6185,2.484,4.968,0.72
WL-B2F-10449,wall,0.451,1.811,3.623,0.525
WL-B2F-10450,wall,1.7897,7.159,14.317,2.075
WL-B2F-10451,wall,0.5989,2.415,4.83,0.7
WL-B2F-10452,wall,0.5492,2.441,4.882,0.708
WL-B2F-10453,wall,0.6771,2.708,5.416,0.785
WL-B2F-10454,wall,0.3019,1.207,2.415,0.35
WL-B2F-10455,wall,1.5334,6.158,12.317,1.785
WL-B2F-10456,wall,3.2301,12.92,25.841,3.745
WL-B2F-10457,wall,0.2105,0.845,1.69,0.245
WL-B2F-10458,wall,1.7954,7.211,14.421,2.09
WL-B2F-10459,wall,0.4768,1.915,3.83,0.555
WL-B2F-10460,wall,1.8113,7.245,14.49,2.1
WL-B2F-10461,wall,0.7264,3.001,6.003,0.87
WL-B2F-10462,wall,2.7146,10.902,21.804,3.16
WL-B2F-10463,wall,1.8641,7.487,14.973,2.17
WL-B2F-10464,wall,1.469,5.899,11.799,1.71
WL-B2F-10465,wall,2.9325,11.73,23.46,3.4
WL-B2F-10466,wall,0.2105,0.845,1.69,0.245
WL-B2F-10467,wall,1.7595,7.038,14.076,2.04
WL-B2F-10468,wall,0.4768,1.915,3.829,0.555
WL-B2F-10469,wall,1.8113,7.245,14.49,2.1
WL-B2F-10470,wall,2.7146,10.902,21.804,3.16
WL-B2F-10471,wall,1.0824,4.347,8.694,1.26
WL-B2F-10472,wall,1.2118,4.847,9.695,1.405
WL-B2F-10473,wall,1.7782,7.141,14.283,2.07
WL-B2F-10474,wall,0.7302,2.932,5.865,0.85
WL-B2F-10475,wall,2.1261,8.539,17.078,2.475
WL-B2F-10476,wall,1.6948,6.779,13.559,1.965
WL-B2F-10477,wall,1.3929,5.572,11.144,1.615
WL-B2F-10478,wall,6.183,24.831,49.663,7.197
WL-B2F-10479,wall,1.38,5.52,11.04,1.6
WL-B2F-10480,wall,2.139,8.556,17.112,2.48
WL-B2F-10481,wall,1.804,7.245,14.49,2.1
WL-B2F-10482,wall,0.3651,1.466,2.933,0.425
WL-B2F-10483,wall,0.207,0.828,1.656,0.24
WL-B2F-10484,wall,1.4303,5.744,11.489,1.665
WL-B2F-10485,wall,2.3029,9.212,18.423,2.67
WL-B2F-10486,wall,1.2204,4.882,9.763,1.415
WL-B2F-10487,wall,1.8169,7.297,14.593,2.115
WL-B2F-10488,wall,2.2507,9.039,18.078,2.62
WL-B2F-10489,wall,2.8112,11.29,22.58,3.273
WL-B2F-10490,wall,0.4497,2.26,4.52,0.655
WL-B2F-10491,wall,0.5355,2.691,5.382,0.78
WL-B2F-10492,wall,2.07,8.28,16.56,2.4
WL-B2F-10493,wall,0.3651,1.466,2.933,0.425
WL-B2F-10494,wall,3.4198,13.679,27.359,3.965
WL-B2F-10495,wall,2.07,8.28,16.56,2.4
WL-B2F-10496,wall,0.0,0.0,0.0,0.0
WL-B2F-10497,wall,0.5382,2.691,5.382,0.78
WL-B2F-10498,wall,0.3191,1.276,2.553,0.37
WL-B2F-10499,wall,1.1812,4.744,9.488,1.375
WL-B2F-10500,wall,0.1589,0.638,1.277,0.185
WL-B2F-10501,wall,0.414,2.07,4.14,0.6
WL-B2F-10502,wall,0.9617,3.847,7.693,1.115
WL-B2F-10503,wall,1.932,9.66,19.32,2.8
WL-B2F-10504,wall,2.8649,11.506,23.011,3.335
WL-B2F-10505,wall,2.0743,8.297,16.594,2.405
WL-B2F-10506,wall,1.1125,4.468,8.935,1.295
WL-B2F-10507,wall,1.0609,4.261,8.522,1.235
WL-B2F-10508,wall,0.9578,3.847,7.694,1.115
WL-B2F-10509,wall,3.0002,12.049,24.098,3.492
WL-B2F-10510,wall,2.0873,8.349,16.698,2.42
WL-B2F-10511,wall,0.9686,3.89,7.78,1.128
WL-B2F-10512,wall,6.7851,27.14,54.281,7.867
WL-B2F-10513,wall,1.2924,5.17,10.34,1.498
WL-B2F-10514,wall,4.1789,16.716,33.432,4.845
WL-B2F-10515,wall,1.2537,5.597,11.193,1.622
WL-B2F-10516,wall,1.7426,7.711,15.422,2.235
WL-B2F-10517,wall,0.7969,4.58,9.16,1.327
WL-B2F-10518,wall,1.705,8.358,16.715,2.423
WL-B2F-10519,wall,0.4519,2.26,4.519,0.655
WL-B2F-10520,wall,0.5382,2.691,5.382,0.78
WL-B2F-10521,wall,2.07,8.28,16.56,2.4
WL-B2F-10522,wall,0.5012,2.519,5.037,0.73
WL-B2F-10523,wall,0.2666,1.587,3.174,0.46
WL-B2F-10524,wall,1.5968,9.505,19.009,2.755
WL-B2F-10525,wall,0.0,0.0,0.0,0.0
WL-B2F-10526,wall,0.0,0.0,0.0,0.0
WL-B2F-10527,wall,0.0,0.0,0.0,0.0
WL-B2F-10528,wall,0.1074,0.431,0.862,0.125
WL-B2F-10529,wall,0.6299,3.088,6.176,0.895
WL-B2F-10530,wall,0.1225,0.535,1.069,0.155
WL-B2F-10531,wall,0.7116,2.846,5.692,0.825
WL-B2F-10532,wall,0.2415,0.966,1.932,0.28
WL-B2F-10533,wall,1.6819,6.728,13.455,1.95
WL-B2F-10534,wall,0.0992,0.397,0.794,0.115
WL-B2F-10535,wall,0.4528,1.811,3.622,0.525
WL-B2F-10536,wall,0.6124,2.45,4.899,0.71
WL-B2F-10537,wall,2.9972,11.989,23.977,3.475
WL-B2F-10538,wall,0.2976,1.294,2.588,0.375
WL-B2F-10539,wall,0.2976,1.294,2.588,0.375
WL-B2F-10540,wall,1.4663,5.865,11.73,1.7
WL-B2F-10541,wall,0.7029,2.812,5.623,0.815
WL-B2F-10542,wall,0.0129,0.052,0.103,0.015
WL-B2F-10543,wall,0.3666,1.466,2.933,0.425
WL-B2F-10544,wall,0.2156,0.863,1.725,0.25
WL-B2F-10545,wall,0.0,0.0,0.0,0.0
WL-B2F-10546,wall,0.5304,2.122,4.243,0.615
WL-B2F-10547,wall,0.0,0.0,0.0,0.0
WL-B2F-10548,wall,0.0,0.0,0.0,0.0
WL-B2F-10549,wall,0.0,0.0,0.0,0.0
WL-B2F-10550,wall,3.8594,16.853,33.707,4.885
WL-B2F-10551,wall,0.0,0.0,0.0,0.0
WL-B2F-10552,wall,0.7331,2.933,5.865,0.85
WL-B2F-10553,wall,0.0431,0.172,0.345,0.05
WL-B2F-10554,wall,1.0307,4.123,8.246,1.195
WL-B2F-10555,wall,3.1567,14.682,29.365,4.256
WL-B2F-10556,wall,0.8479,4.873,9.746,1.412
WL-B2F-10557,wall,0.0,0.0,0.0,0.0
WL-B2F-10558,wall,1.3091,5.054,10.108,1.465
WL-B2F-10559,wall,0.0,0.0,0.0,0.0
WL-B2F-10560,wall,0.1078,0.431,0.862,0.125
WL-B2F-10561,wall,0.9621,3.864,7.728,1.12
WL-B2F-10562,wall,0.0,0.0,0.0,0.0
WL-B2F-10563,wall,2.0832,8.366,16.733,2.425
WL-B2F-10564,wall,0.9746,4.313,8.625,1.25
WL-B2F-10565,wall,1.3702,5.831,11.661,1.69
WL-B2F-10566,wall,2.5986,10.436,20.872,3.025
WL-B2F-10567,wall,0.0,0.0,0.0,0.0
WL-B2F-10568,wall,1.5157,9.022,18.043,2.615
WL-B2F-10569,wall,0.5332,3.174,6.348,0.92
WL-B2F-10570,wall,0.5326,2.139,4.278,0.62
WL-B2F-10571,wall,1.92,7.711,15.421,2.235
WL-B2F-10572,wall,0.2934,1.087,2.173,0.315
WL-B2F-10573,wall,0.0344,0.138,0.276,0.04
WL-B2F-10574,wall,0.0,0.0,0.0,0.0
WL-B2F-10575,wall,1.6408,6.589,13.179,1.91
WL-B2F-10576,wall,3.2171,12.92,25.841,3.745
WL-B2F-10577,wall,3.1869,12.748,25.496,3.695
WL-B2F-10578,wall,1.048,4.209,8.418,1.22
WL-B2F-10579,wall,1.4749,5.9,11.799,1.71
WL-B2F-10580,wall,0.4744,1.898,3.795,0.55
WL-B2F-10581,wall,1.0523,4.209,8.418,1.22
WL-B2F-10582,wall,0.7935,3.174,6.348,0.92
WL-B2F-10583,wall,0.0,0.0,0.0,0.0
WL-B2F-10584,wall,5.5086,22.034,44.069,6.387
WL-B2F-10585,wall,4.4163,17.665,35.33,5.12
WL-B2F-10586,wall,4.4785,17.986,35.972,5.213
WL-B2F-10587,wall,0.6296,2.518,5.037,0.73
WL-B2F-10588,wall,0.1898,0.759,1.518,0.22
WL-B2F-10589,wall,0.6086,3.622,7.245,1.05
WL-B2F-10590,wall,0.4768,1.915,3.829,0.555
WL-B2F-10591,wall,1.804,7.245,14.49,2.1
WL-B2F-10592,wall,0.5197,2.087,4.175,0.605
WL-B2F-10593,wall,1.8846,7.538,15.076,2.185
WL-B2F-10594,wall,0.6699,2.518,5.037,0.73
WL-B2F-10595,wall,2.7146,10.902,21.804,3.16
WL-B2F-10596,wall,0.6185,2.484,4.968,0.72
WL-B2F-10597,wall,0.4528,1.811,3.623,0.525
WL-B2F-10598,wall,0.9664,3.881,7.762,1.125
WL-B2F-10599,wall,0.1639,0.655,1.311,0.19
WL-B2F-10600,wall,0.3007,1.208,2.415,0.35
WL-B2F-10601,wall,1.847,7.417,14.835,2.15
WL-B2F-10602,wall,0.6534,3.053,6.106,0.885
WL-B2F-10603,wall,1.3412,5.365,10.729,1.555
WL-B2F-10604,wall,0.451,1.811,3.623,0.525
WL-B2F-10605,wall,0.4528,1.811,3.622,0.525
WL-B2F-10606,wall,0.3579,1.432,2.864,0.415
WL-B2F-10607,wall,0.3364,1.345,2.691,0.39
WL-B2F-10608,wall,1.6236,6.52,13.041,1.89
WL-B2F-10609,wall,1.3874,5.572,11.144,1.615
WL-B2F-10610,wall,0.2212,0.888,1.777,0.257
WL-B2F-10611,wall,1.38,5.52,11.04,1.6
WL-B2F-10612,wall,2.1304,8.556,17.112,2.48
WL-B2F-10613,wall,1.804,7.245,14.49,2.1
WL-B2F-10614,wall,1.1213,4.485,8.97,1.3
WL-B2F-10615,wall,0.408,1.639,3.278,0.475
WL-B2F-10616,wall,1.0867,4.347,8.694,1.26
WL-B2F-10617,wall,0.4725,1.898,3.795,0.55
WL-B2F-10618,wall,3.9244,15.698,31.395,4.55
WL-B2F-10619,wall,2.8091,11.281,22.563,3.27
WL-B2F-10620,wall,3.3832,13.533,27.065,3.922
WL-B2F-10621,wall,0.452,2.26,4.52,0.655
WL-B2F-10622,wall,0.5382,2.691,5.382,0.78
WL-B2F-10623,wall,2.07,8.28,16.56,2.4
WL-B2F-10624,wall,2.6651,10.661,21.321,3.09
WL-B2F-10625,wall,0.452,2.26,4.52,0.655
WL-B2F-10626,wall,0.5183,2.605,5.21,0.755
WL-B2F-10627,wall,2.9551,11.868,23.736,3.44
WL-B2F-10628,wall,2.7859,11.144,22.287,3.23
WL-B2F-10629,wall,2.2722,9.125,18.251,2.645
WL-B2F-10630,wall,1.932,9.66,19.32,2.8
WL-B2F-10631,wall,1.3476,4.83,9.66,1.4
WL-B2F-10632,wall,0.6894,2.769,5.537,0.802
WL-B2F-10633,wall,0.7968,3.2,6.4,0.928
WL-B2F-10634,wall,1.9665,9.833,19.665,2.85
WL-B2F-10635,wall,1.6477,8.28,16.56,2.4
WL-B2F-10636,wall,0.1078,0.431,0.862,0.125
WL-B2F-10637,wall,6.3777,25.613,51.227,7.424
WL-B2F-10638,wall,0.6607,2.654,5.307,0.769
WL-B2F-10639,wall,4.758,19.108,38.217,5.539
WL-B2F-10640,wall,2.3849,12.962,25.923,3.757
WL-B2F-10641,wall,1.6152,6.461,12.921,1.873
WL-B2F-10642,wall,0.2133,0.853,1.707,0.247
WL-B2F-10643,wall,0.8305,3.158,6.315,0.915
WL-B2F-10644,wall,5.848,23.392,46.784,6.78
WL-B2F-10645,wall,1.1969,7.124,14.248,2.065
WL-B2F-10646,wall,0.4497,2.26,4.52,0.655
WL-B2F-10647,wall,0.5355,2.691,5.382,0.78
WL-B2F-10648,wall,0.5037,2.518,5.037,0.73
WL-B2F-10649,wall,0.0,0.0,0.0,0.0
WL-B2F-10650,wall,3.506,12.843,25.685,3.722
WL-B2F-10651,wall,0.8893,5.141,10.281,1.49
WL-B2F-10652,wall,1.0352,4.157,8.314,1.205
WL-B2F-10653,wall,1.6948,6.779,13.559,1.965
WL-B2F-10654,wall,0.5319,2.907,5.813,0.843
WL-B2F-10655,wall,0.2113,0.845,1.691,0.245
WL-B2F-10656,wall,1.38,5.52,11.04,1.6
WL-B2F-10657,wall,0.3651,1.466,2.933,0.425
WL-B2F-10658,wall,1.3358,5.365,10.73,1.555
WL-B2F-10659,wall,0.331,1.414,2.829,0.41
WL-B2F-10660,wall,0.2156,0.862,1.725,0.25
WL-B2F-10661,wall,0.0,0.0,0.0,0.0
WL-B2F-10662,wall,0.9919,3.967,7.935,1.15
WL-B2F-10663,wall,0.0,0.0,0.0,0.0
WL-B2F-10664,wall,0.0,0.0,0.0,0.0
WL-B2F-10665,wall,0.0,0.0,0.0,0.0
WL-B2F-10666,wall,0.0,0.0,0.0,0.0
WL-B2F-10667,wall,1.2041,4.836,9.671,1.402
WL-B2F-10668,wall,0.189,0.759,1.518,0.22
WL-B2F-10669,wall,0.0,0.0,0.0,0.0
WL-B2F-10670,wall,0.0,0.0,0.0,0.0
WL-B2F-10671,wall,1.2377,4.951,9.902,1.435
WL-B2F-10672,wall,0.1078,0.431,0.862,0.125
WL-B2F-10673,wall,0.0644,0.259,0.517,0.075
WL-B2F-10674,wall,0.1074,0.431,0.863,0.125
WL-B2F-10675,wall,0.0,0.0,0.0,0.0
WL-B2F-10676,wall,0.1074,0.431,0.862,0.125
WL-B2F-10677,wall,0.0,0.0,0.0,0.0
WL-B2F-10678,wall,0.0,0.0,0.0,0.0
WL-B2F-10679,wall,3.4169,13.722,27.445,3.977
WL-B2F-10680,wall,0.6857,2.743,5.485,0.795
WL-B2F-10681,wall,0.897,3.588,7.176,1.04
WL-B2F-10682,wall,3.4362,13.8,27.6,4.0
WL-B2F-10683,wall,0.8999,3.614,7.228,1.047
WL-B2F-10684,wall,0.1074,0.431,0.862,0.125
WL-B2F-10685,wall,1.4145,7.072,14.145,2.05
WL-B2F-10686,wall,0.1078,0.431,0.862,0.125
WL-B2F-10687,wall,0.4703,1.889,3.778,0.547
WL-B2F-10688,wall,0.0776,0.31,0.621,0.09
WL-B2F-10689,wall,0.1164,0.431,0.863,0.125
WL-B2F-10690,wall,0.1164,0.431,0.863,0.125
WL-B2F-10691,wall,0.6124,2.45,4.899,0.71
WL-B2F-10692,wall,1.9706,8.211,16.422,2.38
WL-B2F-10693,wall,0.5419,2.398,4.795,0.695
WL-B2F-10694,wall,4.6835,18.734,37.468,5.43
WL-B2F-10695,wall,5.5441,22.265,44.531,6.454
WL-B2F-10696,wall,2.0445,8.211,16.422,2.38
WL-B2F-10697,wall,2.139,8.556,17.112,2.48
WL-B2F-10698,wall,1.1812,4.744,9.487,1.375
WL-B2F-10699,wall,2.07,8.28,16.56,2.4
WL-B2F-10700,wall,3.1869,12.748,25.496,3.695
WL-B2F-10701,wall,3.2301,12.92,25.841,3.745
WL-B2F-10702,wall,0.453,2.475,4.951,0.717
WL-B2F-10703,wall,1.3929,5.572,11.144,1.615
WL-B2F-10704,wall,1.469,5.9,11.799,1.71
WL-B2F-10705,wall,1.2156,4.882,9.763,1.415
WL-B2F-10706,wall,1.5033,6.038,12.075,1.75
WL-B2F-10707,wall,1.9622,7.849,15.698,2.275
WL-B2F-10708,wall,3.2516,13.007,26.013,3.77
WL-B2F-10709,wall,3.1527,12.662,25.323,3.67
WL-B2F-10710,wall,1.469,5.9,11.799,1.71
WL-B2F-10711,wall,2.7146,10.902,21.804,3.16
WL-B2F-10712,wall,1.804,7.245,14.49,2.1
WL-B2F-10713,wall,0.6915,2.777,5.554,0.805
WL-B2F-10714,wall,0.828,3.312,6.624,0.96
WL-B2F-10715,wall,0.2717,1.087,2.173,0.315
WL-B2F-10716,wall,0.8366,3.347,6.693,0.97
WL-B2F-10717,wall,0.6296,2.518,5.037,0.73
WL-B2F-10718,wall,0.1078,0.431,0.862,0.125
WL-B2F-10719,wall,0.0,0.0,0.0,0.0
WL-B2F-10720,wall,0.1289,0.517,1.035,0.15
WL-B2F-10721,wall,0.0733,0.431,0.863,0.125
WL-B2F-10722,wall,0.0,0.0,0.0,0.0
WL-B2F-10723,wall,0.1725,0.863,1.725,0.25
WL-B2F-10724,wall,0.0,0.0,0.0,0.0
WL-B2F-10725,wall,0.0,0.0,0.0,0.0
WL-B2F-10726,wall,0.0,0.0,0.0,0.0
WL-B2F-10727,wall,0.0,0.0,0.0,0.0
WL-B2F-10728,wall,0.0539,0.216,0.431,0.062
WL-B2F-10729,wall,0.2362,0.949,1.897,0.275
WL-B2F-10730,wall,2.6287,10.557,21.114,3.06
WL-B2F-10731,wall,3.0754,12.351,24.702,3.58
WL-B2F-10732,wall,0.0,0.0,0.0,0.0
WL-B2F-10733,wall,2.8649,11.506,23.012,3.335
WL-B2F-10734,wall,2.7318,10.971,21.942,3.18
WL-B2F-10735,wall,0.0,0.0,0.0,0.0
WL-B2F-10736,wall,0.0,0.0,0.0,0.0
WL-B2F-10737,wall,1.0997,4.399,8.798,1.275
WL-B2F-10738,wall,1.8513,7.435,14.87,2.155
WL-B2F-10739,wall,4.4483,17.793,35.587,5.158
WL-B2F-10740,wall,2.5336,10.134,20.269,2.938
WL-B2F-10741,wall,1.6129,6.452,12.903,1.87
WL-B2F-10742,wall,0.5355,2.691,5.382,0.78
WL-B2F-10743,wall,0.5382,2.691,5.382,0.78
WL-B2F-10744,wall,0.5973,3.002,6.003,0.87
WL-B2F-10745,wall,0.9268,4.658,9.315,1.35
WL-B2F-10746,wall,3.9416,15.766,31.533,4.57
WL-B2F-10747,wall,3.8122,15.249,30.498,4.42
WL-B2F-10748,wall,2.0617,8.28,16.56,2.4
WL-B2F-10749,wall,1.2886,5.175,10.35,1.5
WL-B2F-10750,wall,0.9867,4.934,9.867,1.43
WL-B2F-10751,wall,3.0963,15.56,31.119,4.51
WL-B2F-10752,wall,0.5382,2.691,5.382,0.78
WL-B2F-10753,wall,0.4519,2.26,4.519,0.655
WL-B2F-10754,wall,2.2908,11.454,22.908,3.32
WL-B2F-10755,wall,2.0617,8.28,16.56,2.4
WL-B2F-10756,wall,2.7807,13.904,27.807,4.03
WL-B2F-10757,wall,1.3593,6.797,13.593,1.97
WL-B2F-10758,wall,2.2232,12.351,24.702,3.58
WL-B2F-10759,wall,2.5314,10.126,20.252,2.935
WL-B2F-10760,wall,0.0,0.0,0.0,0.0
WL-B2F-10761,wall,2.0389,10.195,20.389,2.955
WL-B2F-10762,wall,0.0,0.0,0.0,0.0
WL-B2F-10763,wall,0.5326,2.139,4.278,0.62
WL-B2F-10764,wall,0.0,0.0,0.0,0.0
WL-B2F-10765,wall,0.0,0.0,0.0,0.0
WL-B2F-10766,wall,0.0,0.0,0.0,0.0
WL-B2F-10767,wall,0.0,0.0,0.0,0.0
WL-B2F-10768,wall,0.0,0.0,0.0,0.0
WL-B2F-10769,wall,0.0644,0.259,0.517,0.075
WL-B2F-10770,wall,1.6668,6.667,13.334,1.933
WL-B2F-10771,wall,1.4123,5.649,11.299,1.638
WL-B2F-10772,wall,0.5584,2.242,4.485,0.65
WL-B2F-10773,wall,1.1168,4.485,8.97,1.3
WL-B2F-10774,wall,0.5111,2.053,4.105,0.595
WL-B2F-10775,wall,2.5103,10.081,20.163,2.922
WL-B2F-10776,wall,2.6155,12.821,25.642,3.716
WL-B2F-10777,wall,5.2097,20.839,41.677,6.04
WL-B2F-10778,wall,3.5896,14.416,28.832,4.179
WL-B2F-10779,wall,2.0786,8.348,16.696,2.42
WL-B2F-10780,wall,0.0,0.0,0.0,0.0
WL-B2F-10781,wall,0.0,0.0,0.0,0.0
WL-B2F-10782,wall,0.0,0.0,0.0,0.0
WL-B2F-10783,wall,0.4744,1.898,3.795,0.55
WL-B2F-10784,wall,0.0215,0.086,0.173,0.025
WL-B2F-10785,wall,0.0,0.0,0.0,0.0
WL-B2F-10786,wall,0.0,0.0,0.0,0.0
WL-B2F-10787,wall,0.1289,0.517,1.035,0.15
WL-B2F-10788,wall,0.0,0.0,0.0,0.0
WL-B2F-10789,wall,0.0539,0.216,0.431,0.062
WL-B2F-10790,wall,0.2362,0.949,1.897,0.275
WL-B2F-10791,wall,0.0636,0.256,0.511,0.074
WL-B2F-10792,wall,0.7388,2.967,5.934,0.86
WL-B2F-10793,wall,6.8294,27.427,54.855,7.95
WL-B2F-10794,wall,6.2208,24.883,49.766,7.212
WL-B2F-10795,wall,8.6789,34.716,69.431,10.063
WL-B2F-10796,wall,0.102,0.408,0.816,0.118
WL-B2F-10797,wall,0.0927,0.431,0.862,0.125
WL-B2F-10798,wall,0.6391,3.278,6.555,0.95
WL-B2F-10799,wall,0.3726,2.07,4.14,0.6
WL-B2F-10800,wall,0.058,0.233,0.466,0.067
WL-B2F-10801,wall,0.0,0.0,0.0,0.0
WL-B2F-10802,wall,0.4313,1.725,3.45,0.5
WL-B2F-10803,wall,0.1294,0.517,1.035,0.15
WL-B2F-10804,wall,0.0733,0.431,0.863,0.125
WL-B2F-10805,wall,0.0,0.0,0.0,0.0
WL-B2F-10806,wall,0.1725,0.862,1.725,0.25
WL-B2F-10807,wall,0.0,0.0,0.0,0.0
WL-B2F-10808,wall,0.0,0.0,0.0,0.0
WL-B2F-10809,wall,1.7629,10.074,20.148,2.92
WL-B2F-10810,wall,0.0,0.0,0.0,0.0
WL-B2F-10811,wall,1.0479,4.192,8.383,1.215
WL-B2F-10812,wall,1.2456,5.003,10.005,1.45
WL-B2F-10813,wall,0.0388,0.155,0.311,0.045
WL-B2F-10814,wall,2.6091,10.436,20.872,3.025
WL-B2F-10815,wall,3.1055,12.472,24.944,3.615
WL-B2F-10816,wall,0.8409,3.364,6.727,0.975
WL-B2F-10817,wall,1.2247,4.899,9.798,1.42
WL-B2F-10818,wall,1.1558,4.623,9.246,1.34
WL-B2F-10819,wall,0.0863,0.345,0.69,0.1
WL-B2F-10820,wall,1.7138,6.883,13.765,1.995
WL-B2F-10821,wall,1.469,5.899,11.799,1.71
WL-B2F-10822,wall,0.451,1.811,3.623,0.525
WL-B2F-10823,wall,1.7897,7.159,14.318,2.075
WL-B2F-10824,wall,0.9664,3.881,7.762,1.125
WL-B2F-10825,wall,0.1639,0.655,1.311,0.19
WL-B2F-10826,wall,0.6744,2.708,5.416,0.785
WL-B2F-10827,wall,0.3019,1.207,2.415,0.35
WL-B2F-10828,wall,3.2171,12.92,25.841,3.745
WL-B2F-10829,wall,0.2105,0.845,1.69,0.245
WL-B2F-10830,wall,0.4768,1.915,3.829,0.555
WL-B2F-10831,wall,1.7009,6.831,13.662,1.98
WL-B2F-10832,wall,1.4513,6.124,12.248,1.775
WL-B2F-10833,wall,2.7146,10.902,21.804,3.16
WL-B2F-10834,wall,1.8641,7.487,14.973,2.17
WL-B2F-10835,wall,1.1812,4.744,9.487,1.375
WL-B2F-10836,wall,0.3666,1.466,2.933,0.425
WL-B2F-10837,wall,0.451,1.811,3.622,0.525
WL-B2F-10838,wall,0.6339,2.536,5.072,0.735
WL-B2F-10839,wall,0.5428,2.171,4.343,0.629
WL-B2F-10840,wall,0.335,1.345,2.691,0.39
WL-B2F-10841,wall,1.2506,5.003,10.005,1.45
WL-B2F-10842,wall,0.64,2.57,5.14,0.745
WL-B2F-10843,wall,1.6948,6.779,13.558,1.965
WL-B2F-10844,wall,1.3874,5.572,11.143,1.615
WL-B2F-10845,wall,2.139,8.556,17.112,2.48
WL-B2F-10846,wall,1.804,7.245,14.49,2.1
WL-B2F-10847,wall,1.2075,4.83,9.66,1.4
WL-B2F-10848,wall,1.469,5.9,11.799,1.71
WL-B2F-10849,wall,0.2105,0.845,1.691,0.245
WL-B2F-10850,wall,0.4768,1.915,3.829,0.555
WL-B2F-10851,wall,1.804,7.245,14.49,2.1
WL-B2F-10852,wall,1.0824,4.347,8.694,1.26
WL-B2F-10853,wall,2.7146,10.902,21.804,3.16
WL-B2F-10854,wall,0.713,2.864,5.727,0.83
WL-B2F-10855,wall,1.7525,7.038,14.076,2.04
WL-B2F-10856,wall,1.0352,4.157,8.314,1.205
WL-B2F-10857,wall,1.7379,6.952,13.903,2.015
WL-B2F-10858,wall,1.3929,5.572,11.144,1.615
WL-B2F-10859,wall,0.6555,2.622,5.244,0.76
WL-B2F-10860,wall,1.2199,4.899,9.798,1.42
WL-B2F-10861,wall,1.38,5.52,11.04,1.6
WL-B2F-10862,wall,1.1478,4.537,9.074,1.315
WL-B2F-10863,wall,2.246,12.834,25.668,3.72
WL-B2F-10864,wall,1.804,7.245,14.49,2.1
WL-B2F-10865,wall,0.3651,1.466,2.933,0.425
WL-B2F-10866,wall,0.4497,2.26,4.52,0.655
WL-B2F-10867,wall,0.5355,2.691,5.382,0.78
WL-B2F-10868,wall,0.5037,2.518,5.037,0.73
WL-B2F-10869,wall,3.1869,12.748,25.496,3.695
WL-B2F-10870,wall,0.9867,4.934,9.867,1.43
WL-B2F-10871,wall,0.3658,1.311,2.622,0.38
WL-B2F-10872,wall,2.7996,14.068,28.136,4.078
WL-B2F-10873,wall,3.0963,15.56,31.119,4.51
WL-B2F-10874,wall,0.5355,2.691,5.382,0.78
WL-B2F-10875,wall,0.4497,2.26,4.519,0.655
WL-B2F-10876,wall,0.3178,1.276,2.553,0.37
WL-B2F-10877,wall,2.0617,8.28,16.56,2.4
WL-B2F-10878,wall,2.7507,13.823,27.645,4.007
WL-B2F-10879,wall,1.6991,6.797,13.593,1.97
WL-B2F-10880,wall,2.2511,9.004,18.009,2.61
WL-B2F-10881,wall,0.1423,0.569,1.138,0.165
WL-B2F-10882,wall,2.0288,10.195,20.389,2.955
WL-B2F-10883,wall,6.7227,26.891,53.782,7.794
WL-B2F-10884,wall,1.6292,6.543,13.086,1.897
WL-B2F-10885,wall,5.2086,20.918,41.836,6.063
WL-B2F-10886,wall,6.0201,24.177,48.355,7.008
WL-B2F-10887,wall,0.3434,1.374,2.747,0.398
WL-B2F-10888,wall,0.0733,0.293,0.586,0.085
WL-B2F-10889,wall,2.0657,8.263,16.526,2.395
WL-B2F-10890,wall,1.2156,4.882,9.763,1.415
WL-B2F-10891,wall,1.9543,7.849,15.697,2.275
WL-B2F-10892,wall,1.5033,6.037,12.075,1.75
WL-B2F-10893,wall,2.891,11.61,23.221,3.365
WL-B2F-10894,wall,2.2507,9.039,18.078,2.62
WL-B2F-10895,wall,2.8225,11.29,22.58,3.273
WL-B2F-10896,wall,0.452,2.26,4.52,0.655
WL-B2F-10897,wall,0.5382,2.691,5.382,0.78
WL-B2F-10898,wall,2.07,8.28,16.56,2.4
WL-B2F-10899,wall,0.5012,2.519,5.037,0.73
WL-B2F-10900,wall,0.3651,1.466,2.933,0.425
WL-B2F-10901,wall,0.1078,0.431,0.862,0.125
WL-B2F-10902,wall,0.0945,0.345,0.69,0.1
WL-B2F-10903,wall,0.1074,0.431,0.863,0.125
WL-B2F-10904,wall,0.058,0.233,0.466,0.067
WL-B2F-10905,wall,0.0,0.0,0.0,0.0
WL-B2F-10906,wall,0.4528,1.811,3.623,0.525
WL-B2F-10907,wall,0.0215,0.086,0.173,0.025
WL-B2F-10908,wall,0.0668,0.31,0.621,0.09
WL-B2F-10909,wall,0.0,0.0,0.0,0.0
WL-B2F-10910,wall,0.1294,0.517,1.035,0.15
WL-B2F-10911,wall,0.0,0.0,0.0,0.0
WL-B2F-10912,wall,1.0566,4.243,8.487,1.23
WL-B2F-10913,wall,1.6301,6.521,13.041,1.89
WL-B2F-10914,wall,1.2506,5.003,10.005,1.45
WL-B2F-10915,wall,0.0687,0.276,0.552,0.08
WL-B2F-10916,wall,0.2372,0.949,1.897,0.275
WL-B2F-10917,wall,3.5794,14.317,28.635,4.15
WL-B2F-10918,wall,1.1212,4.485,8.97,1.3
WL-B2F-10919,wall,0.3968,1.587,3.174,0.46
WL-B2F-10920,wall,0.8711,3.485,6.969,1.01
WL-B2F-10921,wall,1.1816,4.727,9.453,1.37
WL-B2F-10922,wall,2.017,8.004,16.008,2.32
WL-B2F-10923,wall,0.5348,2.139,4.278,0.62
WL-B2F-10924,wall,3.7748,15.099,30.199,4.377
WL-B2F-10925,wall,1.1769,4.727,9.453,1.37
WL-B2F-10926,wall,1.3745,5.52,11.04,1.6
WL-B2F-10927,wall,3.2171,12.92,25.841,3.745
WL-B2F-10928,wall,3.1869,12.748,25.496,3.695
WL-B2F-10929,wall,6.1777,24.81,49.62,7.191
WL-B2F-10930,wall,1.5396,6.158,12.316,1.785
WL-B2F-10931,wall,0.2191,0.862,1.725,0.25
WL-B2F-10932,wall,0.3277,1.311,2.622,0.38
WL-B2F-10933,wall,0.0541,0.217,0.435,0.063
WL-B2F-10934,wall,2.1159,8.498,16.995,2.463
WL-B2F-10935,wall,0.2191,0.863,1.725,0.25
WL-B2F-10936,wall,0.0293,0.117,0.234,0.034
WL-B2F-10937,wall,6.7757,27.103,54.206,7.856
WL-B2F-10938,wall,0.0559,0.224,0.449,0.065
WL-B2F-10939,wall,3.7902,15.222,30.444,4.412
WL-B2F-10940,wall,4.6135,18.454,36.908,5.349
WL-B2F-10941,wall,4.8808,19.523,39.047,5.659
WL-B2F-10942,wall,2.835,11.206,22.411,3.248
WL-B2F-10943,wall,6.006,24.121,48.241,6.991
WL-B2F-10944,wall,0.0,0.0,0.0,0.0
WL-B2F-10945,wall,0.4744,1.898,3.795,0.55
WL-B2F-10946,wall,0.1078,0.431,0.863,0.125
WL-B2F-10947,wall,0.0,0.0,0.0,0.0
WL-B2F-10948,wall,0.0,0.0,0.0,0.0
WL-B2F-10949,wall,0.0,0.0,0.0,0.0
WL-B2F-10950,wall,0.0,0.0,0.0,0.0
WL-B2F-10951,wall,0.7302,2.933,5.865,0.85
WL-B2F-10952,wall,1.0199,4.08,8.159,1.183
WL-B2F-10953,wall,2.6091,10.436,20.872,3.025
WL-B2F-10954,wall,2.0317,8.159,16.318,2.365
WL-B2F-10955,wall,1.1812,4.744,9.487,1.375
WL-B2F-10956,wall,0.2803,1.121,2.243,0.325
WL-B2F-10957,wall,0.451,1.811,3.623,0.525
WL-B2F-10958,wall,0.6339,2.536,5.072,0.735
WL-B2F-10959,wall,0.3651,1.466,2.932,0.425
WL-B2F-10960,wall,0.335,1.345,2.691,0.39
WL-B2F-10961,wall,1.2506,5.002,10.005,1.45
WL-B2F-10962,wall,1.3239,5.296,10.592,1.535
WL-B2F-10963,wall,1.5807,6.348,12.696,1.84
WL-B2F-10964,wall,1.3874,5.572,11.143,1.615
WL-B2F-10965,wall,0.2212,0.888,1.777,0.258
WL-B2F-10966,wall,1.3745,5.52,11.04,1.6
WL-B2F-10967,wall,2.139,8.556,17.112,2.48
WL-B2F-10968,wall,1.804,7.245,14.49,2.1
WL-B2F-10969,wall,1.2027,4.83,9.66,1.4
WL-B2F-10970,wall,1.469,5.9,11.799,1.71
WL-B2F-10971,wall,0.2105,0.845,1.691,0.245
WL-B2F-10972,wall,0.4768,1.915,3.829,0.555
WL-B2F-10973,wall,1.804,7.245,14.49,2.1
WL-B2F-10974,wall,1.0867,4.347,8.694,1.26
WL-B2F-10975,wall,2.7255,10.902,21.804,3.16
WL-B2F-10976,wall,0.7159,2.864,5.727,0.83
WL-B2F-10977,wall,1.9622,7.849,15.698,2.275
WL-B2F-10978,wall,3.2171,12.92,25.841,3.745
WL-B2F-10979,wall,1.7525,7.038,14.076,2.04
WL-B2F-10980,wall,1.469,5.899,11.799,1.71
WL-B2F-10981,wall,0.2105,0.845,1.691,0.245
WL-B2F-10982,wall,0.4768,1.915,3.829,0.555
WL-B2F-10983,wall,1.804,7.245,14.49,2.1
WL-B2F-10984,wall,0.5197,2.087,4.175,0.605
WL-B2F-10985,wall,1.877,7.538,15.077,2.185
WL-B2F-10986,wall,2.7146,10.902,21.804,3.16
WL-B2F-10987,wall,1.2808,5.123,10.247,1.485
WL-B2F-10988,wall,0.6185,2.484,4.968,0.72
WL-B2F-10989,wall,0.4528,1.811,3.622,0.525
WL-B2F-10990,wall,1.8156,7.262,14.525,2.105
WL-B2F-10991,wall,0.9664,3.881,7.762,1.125
WL-B2F-10992,wall,0.1639,0.656,1.311,0.19
WL-B2F-10993,wall,0.3007,1.207,2.415,0.35
WL-B2F-10994,wall,1.8544,7.417,14.835,2.15
WL-B2F-10995,wall,3.2171,12.92,25.84,3.745
WL-B2F-10996,wall,1.7525,7.038,14.076,2.04
WL-B2F-10997,wall,6.1637,24.754,49.507,7.175
WL-B2F-10998,wall,0.1374,0.552,1.104,0.16
WL-B2F-10999,wall,2.5573,10.229,20.459,2.965
WL-B2F-11000,wall,2.8635,11.454,22.908,3.32
WL-B2F-11001,wall,3.1742,12.748,25.495,3.695
WL-B2F-11002,wall,3.9387,15.818,31.637,4.585
WL-B2F-11003,wall,1.2156,4.882,9.763,1.415
WL-B2F-11004,wall,1.5033,6.037,12.075,1.75
WL-B2F-11005,wall,2.2507,9.039,18.078,2.62
WL-B2F-11006,wall,2.8225,11.29,22.58,3.273
WL-B2F-11007,wall,0.452,2.26,4.52,0.655
WL-B2F-11008,wall,0.5382,2.691,5.382,0.78
WL-B2F-11009,wall,2.07,8.28,16.56,2.4
WL-B2F-11010,wall,0.3651,1.466,2.933,0.425
WL-B2F-11011,wall,1.2585,5.054,10.109,1.465
WL-B2F-11012,wall,1.0393,4.157,8.315,1.205
WL-B2F-11013,wall,1.6948,6.779,13.559,1.965
WL-B2F-11014,wall,1.3929,5.572,11.143,1.615
WL-B2F-11015,wall,0.5584,2.243,4.485,0.65
WL-B2F-11016,wall,0.5197,2.087,4.174,0.605
WL-B2F-11017,wall,1.38,5.52,11.04,1.6
WL-B2F-11018,wall,2.139,8.556,17.112,2.48
WL-B2F-11019,wall,1.9586,7.866,15.732,2.28
WL-B2F-11020,wall,0.3651,1.466,2.933,0.425
WL-B2F-11021,wall,0.4497,2.26,4.52,0.655
WL-B2F-11022,wall,0.5382,2.691,5.382,0.78
WL-B2F-11023,wall,2.07,8.28,16.56,2.4
WL-B2F-11024,wall,0.5037,2.518,5.037,0.73
WL-B2F-11025,wall,3.1742,12.748,25.496,3.695
WL-B2F-11026,wall,0.9867,4.933,9.867,1.43
WL-B2F-11027,wall,2.7039,10.816,21.631,3.135
WL-B2F-11028,wall,2.8083,14.042,28.083,4.07
WL-B2F-11029,wall,1.8249,10.799,21.597,3.13
WL-B2F-11030,wall,0.5382,2.691,5.382,0.78
WL-B2F-11031,wall,0.4497,2.26,4.519,0.655
WL-B2F-11032,wall,2.2908,11.454,22.908,3.32
WL-B2F-11033,wall,2.0617,8.28,16.56,2.4
WL-B2F-11034,wall,0.3174,1.587,3.174,0.46
WL-B2F-11035,wall,1.3593,6.797,13.593,1.97
WL-B2F-11036,wall,2.6502,10.643,21.286,3.085
WL-B2F-11037,wall,2.5213,10.126,20.252,2.935
WL-B2F-11038,wall,0.0,0.0,0.0,0.0
WL-B2F-11039,wall,2.0288,10.195,20.389,2.955
WL-B2F-11040,wall,0.0,0.0,0.0,0.0
WL-B2F-11041,wall,0.2286,0.914,1.828,0.265
WL-B2F-11042,wall,0.0945,0.345,0.69,0.1
WL-B2F-11043,wall,0.0,0.0,0.0,0.0
WL-B2F-11044,wall,0.0,0.0,0.0,0.0
WL-B2F-11045,wall,0.0,0.0,0.0,0.0
WL-B2F-11046,wall,0.0,0.0,0.0,0.0
WL-B2F-11047,wall,1.0566,4.243,8.487,1.23
WL-B2F-11048,wall,0.0539,0.216,0.431,0.062
WL-B2F-11049,wall,0.2976,1.19,2.38,0.345
WL-B2F-11050,wall,1.1984,4.793,9.587,1.389
WL-B2F-11051,wall,0.6296,2.518,5.037,0.73
WL-B2F-11052,wall,3.484,18.337,36.673,5.315
WL-B2F-11053,wall,0.0,0.0,0.0,0.0
WL-B2F-11054,wall,0.1078,0.431,0.862,0.125
WL-B2F-11055,wall,0.1768,0.707,1.415,0.205
WL-B2F-11056,wall,1.8251,9.125,18.251,2.645
WL-B2F-11057,wall,0.1984,0.793,1.587,0.23
WL-B2F-11058,wall,2.8247,11.299,22.597,3.275
WL-B2F-11059,wall,3.5014,17.595,35.19,5.1
WL-B2F-11060,wall,15.8563,79.68,159.36,23.096
WL-B2F-11061,wall,12.6222,63.428,126.856,18.385
WL-B2F-11062,wall,3.2268,16.215,32.43,4.7
WL-B2F-11063,wall,3.4732,17.366,34.732,5.034
WL-B2F-11064,wall,3.657,18.285,36.57,5.3
WL-B2F-11065,wall,5.382,26.91,53.82,7.8
WL-B2F-11066,wall,5.3551,26.91,53.82,7.8
WL-B2F-11067,wall,5.3551,26.91,53.82,7.8
WL-B2F-11068,wall,3.6387,18.285,36.57,5.3
WL-B2F-11069,wall,5.3551,26.91,53.82,7.8
WL-B2F-11070,wall,4.6092,23.046,46.092,6.68
WL-B2F-11071,wall,6.7275,26.91,53.82,7.8
WL-B2F-11072,wall,2.76,11.04,22.08,3.2
WL-B2F-11073,wall,7.2234,28.894,57.787,8.375
WL-B2F-11074,wall,1.6422,8.211,16.422,2.38
WL-B2F-11075,wall,5.4752,27.514,55.028,7.975
WL-B2F-11076,wall,5.313,26.565,53.13,7.7
WL-B2F-11077,wall,5.175,20.7,41.4,6.0
WL-B2F-11078,wall,2.5557,10.264,20.527,2.975
WL-B2F-11079,wall,6.7275,26.91,53.82,7.8
WL-B2F-11080,wall,5.382,26.91,53.82,7.8
WL-B2F-11081,wall,7.245,28.98,57.96,8.4
WL-B2F-11082,wall,6.555,26.22,52.44,7.6
WL-B2F-11083,wall,0.3795,1.518,3.036,0.44
WL-B2F-11084,wall,6.555,26.22,52.44,7.6
WL-B2F-11085,wall,6.5288,26.22,52.44,7.6
WL-B2F-11086,wall,5.0025,20.01,40.02,5.8
WL-B2F-11087,wall,3.9516,15.87,31.74,4.6
WL-B2F-11088,wall,4.1234,16.56,33.12,4.8
WL-B2F-11089,wall,0.345,1.725,3.45,0.5
WL-B2F-11090,wall,2.0484,8.194,16.388,2.375
WL-B2F-11091,wall,0.6255,2.502,5.004,0.725
WL-B2F-11092,wall,4.0149,16.06,32.119,4.655
WL-B2F-11093,wall,1.237,4.968,9.936,1.44
WL-B2F-11094,wall,0.1078,0.431,0.862,0.125
WL-B2F-11095,wall,6.6197,26.479,52.958,7.675
WL-B2F-11096,wall,11.9837,48.127,96.255,13.95
WL-B2F-11097,wall,3.3422,13.369,26.738,3.875
WL-B2F-11098,wall,0.2148,0.863,1.725,0.25
WL-B2F-11099,wall,0.0265,0.106,0.212,0.031
WL-B2F-11100,wall,1.1812,4.744,9.487,1.375
WL-B2F-11101,wall,0.3651,1.466,2.933,0.425
WL-B2F-11102,wall,1.0393,4.157,8.315,1.205
WL-B2F-11103,wall,1.6948,6.779,13.558,1.965
WL-B2F-11104,wall,1.3874,5.572,11.143,1.615
WL-B2F-11105,wall,1.38,5.52,11.04,1.6
WL-B2F-11106,wall,0.8625,3.45,6.9,1.0
WL-B2F-11107,wall,1.0309,4.14,8.28,1.2
WL-B2F-11108,wall,1.469,5.9,11.799,1.71
WL-B2F-11109,wall,0.2105,0.845,1.691,0.245
WL-B2F-11110,wall,0.4768,1.915,3.829,0.555
WL-B2F-11111,wall,1.804,7.245,14.49,2.1
WL-B2F-11112,wall,0.5197,2.087,4.175,0.605
WL-B2F-11113,wall,2.7146,10.902,21.804,3.16
WL-B2F-11114,wall,0.4528,1.811,3.623,0.525
WL-B2F-11115,wall,0.9664,3.881,7.762,1.125
WL-B2F-11116,wall,0.1639,0.656,1.311,0.19
WL-B2F-11117,wall,0.3019,1.207,2.415,0.35
WL-B2F-11118,wall,2.1821,8.729,17.457,2.53
WL-B2F-11119,wall,1.7525,7.038,14.076,2.04
WL-B2F-11120,wall,1.469,5.899,11.799,1.71
WL-B2F-11121,wall,2.7169,10.868,21.735,3.15
WL-B2F-11122,wall,1.0522,4.209,8.418,1.22
WL-B2F-11123,wall,2.2253,8.901,17.802,2.58
WL-B2F-11124,wall,0.2105,0.845,1.69,0.245
WL-B2F-11125,wall,1.7095,6.866,13.731,1.99
WL-B2F-11126,wall,0.4768,1.915,3.829,0.555
WL-B2F-11127,wall,1.804,7.245,14.49,2.1
WL-B2F-11128,wall,2.7255,10.902,21.804,3.16
WL-B2F-11129,wall,1.0868,4.347,8.694,1.26
WL-B2F-11130,wall,1.731,6.952,13.903,2.015
WL-B2F-11131,wall,2.0357,8.143,16.286,2.36
WL-B2F-11132,wall,3.0158,12.112,24.223,3.511
WL-B2F-11133,wall,1.7379,6.952,13.903,2.015
WL-B2F-11134,wall,2.3546,9.418,18.837,2.73
WL-B2F-11135,wall,1.8539,7.445,14.891,2.158
WL-B2F-11136,wall,3.4759,13.959,27.919,4.046
WL-B2F-11137,wall,0.4497,2.26,4.52,0.655
WL-B2F-11138,wall,0.5355,2.691,5.382,0.78
WL-B2F-11139,wall,2.07,8.28,16.56,2.4
WL-B2F-11140,wall,0.5037,2.518,5.037,0.73
WL-B2F-11141,wall,3.1742,12.748,25.496,3.695
WL-B2F-11142,wall,3.1527,12.661,25.323,3.67
WL-B2F-11143,wall,1.7164,6.866,13.731,1.99
WL-B2F-11144,wall,0.452,2.26,4.52,0.655
WL-B2F-11145,wall,0.5382,2.691,5.382,0.78
WL-B2F-11146,wall,2.07,8.28,16.56,2.4
WL-B2F-11147,wall,0.5037,2.519,5.037,0.73
WL-B2F-11148,wall,1.2585,5.054,10.108,1.465
WL-B2F-11149,wall,1.0352,4.157,8.315,1.205
WL-B2F-11150,wall,1.6948,6.779,13.559,1.965
WL-B2F-11151,wall,1.3874,5.572,11.144,1.615
WL-B2F-11152,wall,4.8278,19.311,38.623,5.597
WL-B2F-11153,wall,1.2248,4.899,9.798,1.42
WL-B2F-11154,wall,0.9919,3.967,7.935,1.15
WL-B2F-11155,wall,1.38,5.52,11.04,1.6
WL-B2F-11156,wall,5.5795,22.408,44.815,6.495
WL-B2F-11157,wall,0.3651,1.466,2.933,0.425
WL-B2F-11158,wall,2.9449,13.447,26.894,3.898
WL-B2F-11159,wall,1.8544,7.418,14.835,2.15
WL-B2F-11160,wall,1.7267,6.935,13.869,2.01
WL-B2F-11161,wall,1.3766,6.555,13.11,1.9
WL-B2F-11162,wall,0.4497,2.26,4.519,0.655
WL-B2F-11163,wall,0.5382,2.691,5.382,0.78
WL-B2F-11164,wall,1.21,4.416,8.832,1.28
WL-B2F-11165,wall,0.5037,2.519,5.037,0.73
WL-B2F-11166,wall,1.1282,5.641,11.282,1.635
WL-B2F-11167,wall,0.9535,3.829,7.659,1.11
WL-B2F-11168,wall,0.9703,3.881,7.763,1.125
WL-B2F-11169,wall,0.4941,1.872,3.743,0.542
WL-B2F-11170,wall,0.1639,0.656,1.311,0.19
WL-B2F-11171,wall,0.5197,2.087,4.175,0.605
WL-B2F-11172,wall,1.3895,5.365,10.73,1.555
WL-B2F-11173,wall,2.0737,8.677,17.353,2.515
WL-B2F-11174,wall,1.3208,5.304,10.609,1.537
WL-B2F-11175,wall,0.3007,1.207,2.415,0.35
WL-B2F-11176,wall,1.8586,7.176,14.352,2.08
WL-B2F-11177,wall,1.9147,7.659,15.318,2.22
WL-B2F-11178,wall,2.9736,12.929,25.858,3.747
WL-B2F-11179,wall,0.4252,1.708,3.415,0.495
WL-B2F-11180,wall,1.804,7.245,14.49,2.1
WL-B2F-11181,wall,0.1449,0.828,1.656,0.24
WL-B2F-11182,wall,1.3788,5.537,11.074,1.605
WL-B2F-11183,wall,0.1439,0.578,1.156,0.168
WL-B2F-11184,wall,0.3651,1.466,2.933,0.425
WL-B2F-11185,wall,0.6326,3.743,7.487,1.085
WL-B2F-11186,wall,1.0352,4.157,8.315,1.205
WL-B2F-11187,wall,0.0367,0.147,0.293,0.042
WL-B2F-11188,wall,2.6759,10.704,21.407,3.102
WL-B2F-11189,wall,1.38,5.52,11.04,1.6
WL-B2F-11190,wall,0.3277,1.311,2.622,0.38
WL-B2F-11191,wall,0.7209,3.433,6.866,0.995
WL-B2F-11192,wall,1.1168,4.485,8.97,1.3
WL-B2F-11193,wall,9.3903,34.146,68.293,9.897
WL-B2F-11194,wall,1.725,6.9,13.8,2.0
WL-B2F-11195,wall,0.4097,1.639,3.277,0.475
WL-B2F-11196,wall,2.3288,9.315,18.63,2.7
WL-B2F-11197,wall,1.6689,6.676,13.352,1.935
WL-B2F-11198,wall,0.552,2.76,5.52,0.8
WL-B2F-11199,wall,1.1903,5.951,11.903,1.725
WL-B2F-11200,wall,2.2425,8.97,17.94,2.6
WL-B2F-11201,wall,0.6831,3.416,6.831,0.99
WL-B2F-11202,wall,0.6831,3.416,6.831,0.99
WL-B2F-11203,wall,2.8635,11.454,22.908,3.32
WL-B2F-11204,wall,1.2506,5.003,10.005,1.45
WL-B2F-11205,wall,0.4278,2.139,4.278,0.62
WL-B2F-11206,wall,1.035,4.14,8.28,1.2
WL-B2F-11207,wall,0.1639,0.656,1.311,0.19
WL-B2F-11208,wall,0.6296,2.518,5.037,0.73
WL-B2F-11209,wall,0.4269,1.708,3.416,0.495
WL-B2F-11210,wall,1.0609,4.244,8.487,1.23
WL-B2F-11211,wall,0.6598,2.639,5.279,0.765
WL-B2F-11212,wall,2.6436,10.574,21.149,3.065
WL-B2F-11213,wall,0.3019,1.208,2.415,0.35
WL-B2F-11214,wall,1.8673,7.469,14.939,2.165
WL-B2F-11215,wall,0.4269,1.708,3.415,0.495
WL-B2F-11216,wall,4.4757,17.975,35.949,5.21
WL-B2F-11217,wall,0.3105,1.242,2.484,0.36
WL-B2F-11218,wall,1.1342,4.537,9.073,1.315
WL-B2F-11219,wall,0.8927,3.571,7.142,1.035
WL-B2F-11220,wall,1.1514,4.606,9.212,1.335
WL-B2F-11221,wall,0.2276,0.914,1.829,0.265
WL-B2F-11222,wall,3.9387,15.818,31.637,4.585
WL-B2F-11223,wall,0.452,2.26,4.52,0.655
WL-B2F-11224,wall,0.5382,2.691,5.382,0.78
WL-B2F-11225,wall,0.3651,1.466,2.933,0.425
WL-B2F-11226,wall,1.4886,8.09,16.18,2.345
WL-B2F-11227,wall,0.1639,0.655,1.311,0.19
WL-B2F-11228,wall,0.9867,4.934,9.867,1.43
WL-B2F-11229,wall,2.0769,10.385,20.769,3.01
WL-B2F-11230,wall,3.8899,15.56,31.119,4.51
WL-B2F-11231,wall,0.0809,0.509,1.018,0.147
WL-B2F-11232,wall,0.4497,2.26,4.519,0.655
WL-B2F-11233,wall,2.07,8.28,16.56,2.4
WL-B2F-11234,wall,0.3174,1.587,3.174,0.46
WL-B2F-11235,wall,2.5487,10.195,20.389,2.955
WL-B2F-11236,wall,0.9867,4.934,9.867,1.43
WL-B2F-11237,wall,2.2942,9.177,18.354,2.66
WL-B2F-11238,wall,3.1119,15.56,31.119,4.51
WL-B2F-11239,wall,0.5355,2.691,5.382,0.78
WL-B2F-11240,wall,0.4497,2.26,4.519,0.655
WL-B2F-11241,wall,2.07,8.28,16.56,2.4
WL-B2F-11242,wall,0.6572,2.639,5.279,0.765
WL-B2F-11243,wall,1.035,4.313,8.625,1.25
WL-B2F-11244,wall,0.6572,2.639,5.278,0.765
WL-B2F-11245,wall,1.0909,6.417,12.834,1.86
WL-B2F-11246,wall,0.2243,0.897,1.794,0.26
WL-B2F-11247,wall,7.1976,28.79,57.581,8.345
WL-B2F-11248,wall,0.9867,4.934,9.867,1.43
WL-B2F-11249,wall,0.5382,2.691,5.382,0.78
WL-B2F-11250,wall,2.07,8.28,16.56,2.4
WL-B2F-11251,wall,0.4519,2.26,4.519,0.655
WL-B2F-11252,wall,1.5748,8.798,17.595,2.55
WL-B2F-11253,wall,0.5563,2.225,4.451,0.645
WL-B2F-11254,wall,1.3843,5.537,11.074,1.605
WL-B2F-11255,wall,0.7262,3.631,7.262,1.053
WL-B2F-11256,wall,0.4714,2.105,4.209,0.61
WL-B2F-11257,wall,1.2027,4.83,9.66,1.4
WL-B2F-11258,wall,1.4196,5.701,11.402,1.653
WL-B2F-11259,wall,0.2372,0.949,1.897,0.275
WL-B2F-11260,wall,0.5476,2.199,4.399,0.637
WL-B2F-11261,wall,0.9879,3.967,7.935,1.15
WL-B2F-11262,wall,1.38,5.52,11.04,1.6
WL-B2F-11263,wall,2.139,8.556,17.112,2.48
WL-B2F-11264,wall,1.804,7.245,14.49,2.1
WL-B2F-11265,wall,0.3651,1.466,2.933,0.425
WL-B2F-11266,wall,0.4468,2.303,4.606,0.668
WL-B2F-11267,wall,1.0223,4.105,8.211,1.19
WL-B2F-11268,wall,1.587,6.348,12.696,1.84
WL-B2F-11269,wall,1.4196,5.701,11.402,1.653
WL-B2F-11270,wall,0.5476,2.199,4.399,0.637
WL-B2F-11271,wall,0.6555,2.622,5.244,0.76
WL-B2F-11272,wall,0.7504,3.002,6.003,0.87
WL-B2F-11273,wall,0.6555,2.622,5.244,0.76
WL-B2F-11274,wall,1.5205,6.107,12.213,1.77
WL-B2F-11275,wall,1.38,5.52,11.04,1.6
WL-B2F-11276,wall,2.139,8.556,17.112,2.48
WL-B2F-11277,wall,1.804,7.245,14.49,2.1
WL-B2F-11278,wall,1.3788,5.537,11.074,1.605
WL-B2F-11279,wall,0.4528,1.811,3.623,0.525
WL-B2F-11280,wall,1.0223,4.105,8.211,1.19
WL-B2F-11281,wall,1.5807,6.348,12.696,1.84
WL-B2F-11282,wall,1.4196,5.701,11.402,1.653
WL-B2F-11283,wall,5.4337,21.735,43.47,6.3
WL-B2F-11284,wall,0.2221,0.888,1.777,0.257
WL-B2F-11285,wall,0.5476,2.199,4.399,0.637
WL-B2F-11286,wall,0.9879,3.967,7.935,1.15
WL-B2F-11287,wall,0.7504,3.001,6.003,0.87
WL-B2F-11288,wall,0.6555,2.622,5.244,0.76
WL-B2F-11289,wall,1.2199,4.899,9.798,1.42
WL-B2F-11290,wall,1.38,5.52,11.04,1.6
WL-B2F-11291,wall,2.139,8.556,17.112,2.48
WL-B2F-11292,wall,2.3992,13.403,26.807,3.885
WL-B2F-11293,wall,1.804,7.245,14.49,2.1
WL-B2F-11294,wall,0.9606,4.468,8.935,1.295
WL-B2F-11295,wall,0.9867,4.934,9.867,1.43
WL-B2F-11296,wall,2.07,8.28,16.56,2.4
WL-B2F-11297,wall,0.4519,2.26,4.519,0.655
WL-B2F-11298,wall,1.0816,4.916,9.833,1.425
WL-B2F-11299,wall,0.5779,2.312,4.623,0.67
WL-B2F-11300,wall,0.9867,4.934,9.867,1.43
WL-B2F-11301,wall,0.5382,2.691,5.382,0.78
WL-B2F-11302,wall,2.07,8.28,16.56,2.4
WL-B2F-11303,wall,0.4519,2.26,4.519,0.655
WL-B2F-11304,wall,0.5779,2.312,4.623,0.67
WL-B2F-11305,wall,0.2243,0.897,1.794,0.26
WL-B2F-11306,wall,7.0035,28.014,56.028,8.12
WL-B2F-11307,wall,5.3001,21.2,42.401,6.145
WL-B2F-11308,wall,1.3843,5.537,11.074,1.605
WL-B2F-11309,wall,0.4528,1.811,3.623,0.525
WL-B2F-11310,wall,1.1297,4.537,9.073,1.315
WL-B2F-11311,wall,1.587,6.348,12.696,1.84
WL-B2F-11312,wall,1.4196,5.701,11.402,1.653
WL-B2F-11313,wall,0.2221,0.888,1.777,0.257
WL-B2F-11314,wall,0.5476,2.199,4.399,0.637
WL-B2F-11315,wall,0.9879,3.967,7.935,1.15
WL-B2F-11316,wall,0.6038,2.415,4.83,0.7
WL-B2F-11317,wall,0.6555,2.622,5.244,0.76
WL-B2F-11318,wall,1.2628,5.071,10.143,1.47
WL-B2F-11319,wall,1.38,5.52,11.04,1.6
WL-B2F-11320,wall,2.139,8.556,17.112,2.48
WL-B2F-11321,wall,1.804,7.245,14.49,2.1
WL-B2F-11322,wall,1.3843,5.537,11.074,1.605
WL-B2F-11323,wall,0.3666,1.466,2.933,0.425
WL-B2F-11324,wall,1.6948,6.779,13.558,1.965
WL-B2F-11325,wall,1.4196,5.701,11.402,1.653
WL-B2F-11326,wall,0.5476,2.199,4.399,0.637
WL-B2F-11327,wall,0.9879,3.967,7.935,1.15
WL-B2F-11328,wall,0.7504,3.002,6.003,0.87
WL-B2F-11329,wall,2.9208,11.73,23.46,3.4
WL-B2F-11330,wall,1.804,7.245,14.49,2.1
WL-B2F-11331,wall,1.1859,4.744,9.487,1.375
WL-B2F-11332,wall,1.3101,5.261,10.522,1.525
WL-B2F-11333,wall,1.6948,6.779,13.559,1.965
WL-B2F-11334,wall,1.4253,5.701,11.402,1.652
WL-B2F-11335,wall,0.5476,2.199,4.399,0.638
WL-B2F-11336,wall,0.9879,3.967,7.935,1.15
WL-B2F-11337,wall,0.7504,3.002,6.003,0.87
WL-B2F-11338,wall,0.6555,2.622,5.244,0.76
WL-B2F-11339,wall,1.1984,4.813,9.625,1.395
WL-B2F-11340,wall,1.38,5.52,11.04,1.6
WL-B2F-11341,wall,2.139,8.556,17.112,2.48
WL-B2F-11342,wall,1.1704,5.089,10.178,1.475
WL-B2F-11343,wall,1.804,7.245,14.49,2.1
WL-B2F-11344,wall,0.3651,1.466,2.933,0.425
WL-B2F-11345,wall,4.4548,17.819,35.639,5.165
WL-B2F-11346,wall,1.2016,6.038,12.077,1.75
WL-B2F-11347,wall,1.2015,6.038,12.075,1.75
WL-B2F-11348,wall,1.2075,6.037,12.075,1.75
WL-B2F-11349,wall,1.2765,6.382,12.765,1.85
WL-B2F-11350,wall,0.1296,0.648,1.296,0.188
WL-B2F-11351,wall,0.0863,0.345,0.69,0.1
WL-B2F-11352,wall,0.7087,2.846,5.692,0.825
WL-B2F-11353,wall,0.5383,2.691,5.383,0.78
WL-B2F-11354,wall,2.07,8.28,16.56,2.4
WL-B2F-11355,wall,2.4564,12.282,24.564,3.56
WL-B2F-11356,wall,1.2248,6.124,12.248,1.775
WL-B2F-11357,wall,0.552,2.76,5.52,0.8
WL-B2F-11358,wall,1.4283,7.142,14.283,2.07
WL-B2F-11359,wall,2.5444,12.722,25.444,3.687
WL-B2F-11360,wall,1.8078,9.039,18.078,2.62
WL-B2F-11361,wall,2.4236,9.694,19.388,2.81
WL-B2F-11362,wall,1.5741,6.297,12.593,1.825
WL-B2F-11363,wall,0.1976,0.794,1.587,0.23
WL-B2F-11364,wall,5.3716,26.858,53.716,7.785
WL-B2F-11365,wall,0.6684,2.674,5.348,0.775
WL-B2F-11366,wall,1.3585,5.434,10.868,1.575
WL-B2F-11367,wall,0.8225,5.14,10.281,1.49
WL-B2F-11368,wall,1.0352,4.157,8.315,1.205
WL-B2F-11369,wall,1.6948,6.779,13.558,1.965
WL-B2F-11370,wall,1.3444,5.399,10.798,1.565
WL-B2F-11371,wall,5.1522,20.691,41.383,5.998
WL-B2F-11372,wall,0.6555,2.622,5.244,0.76
WL-B2F-11373,wall,1.3358,5.365,10.729,1.555
WL-B2F-11374,wall,1.38,5.52,11.04,1.6
WL-B2F-11375,wall,2.139,8.556,17.112,2.48
WL-B2F-11376,wall,1.804,7.245,14.49,2.1
WL-B2F-11377,wall,1.1812,4.744,9.487,1.375
WL-B2F-11378,wall,0.3666,1.466,2.933,0.425
WL-B2F-11379,wall,1.5114,6.6,13.2,1.913
WL-B2F-11380,wall,1.018,4.088,8.177,1.185
WL-B2F-11381,wall,0.6185,2.484,4.968,0.72
WL-B2F-11382,wall,0.451,1.811,3.623,0.525
WL-B2F-11383,wall,0.5492,2.441,4.882,0.708
WL-B2F-11384,wall,0.6771,2.708,5.416,0.785
WL-B2F-11385,wall,0.3019,1.207,2.415,0.35
WL-B2F-11386,wall,1.5334,6.158,12.317,1.785
WL-B2F-11387,wall,3.2301,12.92,25.841,3.745
WL-B2F-11388,wall,0.2105,0.845,1.69,0.245
WL-B2F-11389,wall,1.7954,7.211,14.421,2.09
WL-B2F-11390,wall,0.4768,1.915,3.83,0.555
WL-B2F-11391,wall,1.8113,7.245,14.49,2.1
WL-B2F-11392,wall,2.7146,10.902,21.804,3.16
WL-B2F-11393,wall,1.469,5.899,11.799,1.71
WL-B2F-11394,wall,2.9325,11.73,23.46,3.4
WL-B2F-11395,wall,0.2105,0.845,1.69,0.245
WL-B2F-11396,wall,1.7595,7.038,14.076,2.04
WL-B2F-11397,wall,0.4768,1.915,3.829,0.555
WL-B2F-11398,wall,1.8113,7.245,14.49,2.1
WL-B2F-11399,wall,2.7146,10.902,21.804,3.16
WL-B2F-11400,wall,1.0824,4.347,8.694,1.26
WL-B2F-11401,wall,1.2118,4.847,9.695,1.405
WL-B2F-11402,wall,0.7302,2.932,5.865,0.85
WL-B2F-11403,wall,1.6948,6.779,13.559,1.965
WL-B2F-11404,wall,1.3929,5.572,11.144,1.615
WL-B2F-11405,wall,1.38,5.52,11.04,1.6
WL-B2F-11406,wall,2.139,8.556,17.112,2.48
WL-B2F-11407,wall,1.804,7.245,14.49,2.1
WL-B2F-11408,wall,0.3651,1.466,2.933,0.425
WL-B2F-11409,wall,0.207,0.828,1.656,0.24
WL-B2F-11410,wall,0.4497,2.26,4.52,0.655
WL-B2F-11411,wall,0.5355,2.691,5.382,0.78
WL-B2F-11412,wall,2.07,8.28,16.56,2.4
WL-B2F-11413,wall,0.3651,1.466,2.933,0.425
WL-B2F-11414,wall,3.4198,13.679,27.359,3.965
WL-B2F-11415,wall,2.07,8.28,16.56,2.4
WL-B2F-11416,wall,0.0,0.0,0.0,0.0
WL-B2F-11417,wall,0.1589,0.638,1.277,0.185
WL-B2F-11418,wall,0.9617,3.847,7.693,1.115
WL-B2F-11419,wall,1.5359,9.66,19.32,2.8
WL-B2F-11420,wall,2.0743,8.297,16.594,2.405
WL-B2F-11421,wall,1.1125,4.468,8.935,1.295
WL-B2F-11422,wall,1.0609,4.261,8.522,1.235
WL-B2F-11423,wall,0.9578,3.847,7.694,1.115
WL-B2F-11424,wall,3.0002,12.049,24.098,3.492
WL-B2F-11425,wall,6.7851,27.14,54.281,7.867
WL-B2F-11426,wall,1.2924,5.17,10.34,1.498
WL-B2F-11427,wall,4.3083,17.233,34.467,4.995
WL-B2F-11428,wall,1.2537,5.597,11.193,1.622
WL-B2F-11429,wall,1.7426,7.711,15.422,2.235
WL-B2F-11430,wall,1.705,8.358,16.715,2.423
WL-B2F-11431,wall,0.4519,2.26,4.519,0.655
WL-B2F-11432,wall,0.5382,2.691,5.382,0.78
WL-B2F-11433,wall,2.07,8.28,16.56,2.4
WL-B2F-11434,wall,0.5012,2.519,5.037,0.73
WL-B2F-11435,wall,0.0,0.0,0.0,0.0
WL-B2F-11436,wall,0.0,0.0,0.0,0.0
WL-B2F-11437,wall,0.1074,0.431,0.862,0.125
WL-B2F-11438,wall,0.7116,2.846,5.692,0.825
WL-B2F-11439,wall,0.2415,0.966,1.932,0.28
WL-B2F-11440,wall,1.6819,6.728,13.455,1.95
WL-B2F-11441,wall,0.0992,0.397,0.794,0.115
WL-B2F-11442,wall,0.4528,1.811,3.622,0.525
WL-B2F-11443,wall,0.6124,2.45,4.899,0.71
WL-B2F-11444,wall,2.8993,11.644,23.287,3.375
WL-B2F-11445,wall,1.4663,5.865,11.73,1.7
WL-B2F-11446,wall,0.7029,2.812,5.623,0.815
WL-B2F-11447,wall,0.3666,1.466,2.933,0.425
WL-B2F-11448,wall,0.2156,0.863,1.725,0.25
WL-B2F-11449,wall,0.0,0.0,0.0,0.0
WL-B2F-11450,wall,0.0,0.0,0.0,0.0
WL-B2F-11451,wall,0.0,0.0,0.0,0.0
WL-B2F-11452,wall,0.0,0.0,0.0,0.0
WL-B2F-11453,wall,0.0,0.0,0.0,0.0
WL-B2F-11454,wall,0.7331,2.933,5.865,0.85
WL-B2F-11455,wall,0.0431,0.172,0.345,0.05
WL-B2F-11456,wall,1.0307,4.123,8.246,1.195
WL-B2F-11457,wall,0.8479,4.873,9.746,1.412
WL-B2F-11458,wall,0.0,0.0,0.0,0.0
WL-B2F-11459,wall,1.1372,5.054,10.108,1.465
WL-B2F-11460,wall,0.0,0.0,0.0,0.0
WL-B2F-11461,wall,0.1078,0.431,0.862,0.125
WL-B2F-11462,wall,0.0,0.0,0.0,0.0
WL-B2F-11463,wall,0.425,1.518,3.036,0.44
WL-B2F-11464,wall,1.3702,5.831,11.661,1.69
WL-B2F-11465,wall,0.0,0.0,0.0,0.0
WL-B2F-11466,wall,0.5326,2.139,4.278,0.62
WL-B2F-11467,wall,0.0,0.0,0.0,0.0
WL-B2F-11468,wall,1.048,4.209,8.418,1.22
WL-B2F-11469,wall,1.4749,5.9,11.799,1.71
WL-B2F-11470,wall,0.4744,1.898,3.795,0.55
WL-B2F-11471,wall,0.7935,3.174,6.348,0.92
WL-B2F-11472,wall,0.0,0.0,0.0,0.0
WL-B2F-11473,wall,4.4785,17.986,35.972,5.213
WL-B2F-11474,wall,0.1898,0.759,1.518,0.22
WL-B2F-11475,wall,0.4768,1.915,3.829,0.555
WL-B2F-11476,wall,1.804,7.245,14.49,2.1
WL-B2F-11477,wall,0.5197,2.087,4.175,0.605
WL-B2F-11478,wall,1.8846,7.538,15.076,2.185
WL-B2F-11479,wall,2.7146,10.902,21.804,3.16
WL-B2F-11480,wall,0.6185,2.484,4.968,0.72
WL-B2F-11481,wall,0.9664,3.881,7.762,1.125
WL-B2F-11482,wall,0.1639,0.655,1.311,0.19
WL-B2F-11483,wall,0.3007,1.208,2.415,0.35
WL-B2F-11484,wall,1.847,7.417,14.835,2.15
WL-B2F-11485,wall,0.6534,3.053,6.106,0.885
WL-B2F-11486,wall,1.3412,5.365,10.729,1.555
WL-B2F-11487,wall,0.451,1.811,3.623,0.525
WL-B2F-11488,wall,0.4528,1.811,3.622,0.525
WL-B2F-11489,wall,0.3579,1.432,2.864,0.415
WL-B2F-11490,wall,0.3364,1.345,2.691,0.39
WL-B2F-11491,wall,1.6236,6.52,13.041,1.89
WL-B2F-11492,wall,1.3874,5.572,11.144,1.615
WL-B2F-11493,wall,0.2212,0.888,1.777,0.257
WL-B2F-11494,wall,1.38,5.52,11.04,1.6
WL-B2F-11495,wall,2.1304,8.556,17.112,2.48
WL-B2F-11496,wall,1.804,7.245,14.49,2.1
WL-B2F-11497,wall,1.1213,4.485,8.97,1.3
WL-B2F-11498,wall,0.408,1.639,3.278,0.475
WL-B2F-11499,wall,1.0867,4.347,8.694,1.26
WL-B2F-11500,wall,0.4725,1.898,3.795,0.55
WL-B2F-11501,wall,0.452,2.26,4.52,0.655
WL-B2F-11502,wall,0.5382,2.691,5.382,0.78
WL-B2F-11503,wall,2.07,8.28,16.56,2.4
WL-B2F-11504,wall,0.452,2.26,4.52,0.655
WL-B2F-11505,wall,0.5183,2.605,5.21,0.755
WL-B2F-11506,wall,2.2722,9.125,18.251,2.645
WL-B2F-11507,wall,1.3476,4.83,9.66,1.4
WL-B2F-11508,wall,0.6894,2.769,5.537,0.802
WL-B2F-11509,wall,0.7968,3.2,6.4,0.928
WL-B2F-11510,wall,1.9665,9.833,19.665,2.85
WL-B2F-11511,wall,1.6477,8.28,16.56,2.4
WL-B2F-11512,wall,0.1078,0.431,0.862,0.125
WL-B2F-11513,wall,6.3777,25.613,51.227,7.424
WL-B2F-11514,wall,0.6607,2.654,5.307,0.769
WL-B2F-11515,wall,4.6291,18.591,37.182,5.389
WL-B2F-11516,wall,2.3979,12.962,25.923,3.757
WL-B2F-11517,wall,1.6152,6.461,12.921,1.873
WL-B2F-11518,wall,5.848,23.392,46.784,6.78
WL-B2F-11519,wall,1.1969,7.124,14.248,2.065
WL-B2F-11520,wall,0.5355,2.691,5.382,0.78
WL-B2F-11521,wall,0.5037,2.518,5.037,0.73
WL-B2F-11522,wall,0.0,0.0,0.0,0.0
WL-B2F-11523,wall,0.8893,5.141,10.281,1.49
WL-B2F-11524,wall,1.0352,4.157,8.314,1.205
WL-B2F-11525,wall,1.6948,6.779,13.559,1.965
WL-B2F-11526,wall,0.2113,0.845,1.691,0.245
WL-B2F-11527,wall,1.38,5.52,11.04,1.6
WL-B2F-11528,wall,0.3651,1.466,2.933,0.425
WL-B2F-11529,wall,1.3358,5.365,10.73,1.555
WL-B2F-11530,wall,0.2156,0.862,1.725,0.25
WL-B2F-11531,wall,0.0,0.0,0.0,0.0
WL-B2F-11532,wall,0.0,0.0,0.0,0.0
WL-B2F-11533,wall,0.0,0.0,0.0,0.0
WL-B2F-11534,wall,0.0,0.0,0.0,0.0
WL-B2F-11535,wall,0.0,0.0,0.0,0.0
WL-B2F-11536,wall,0.189,0.759,1.518,0.22
WL-B2F-11537,wall,0.0,0.0,0.0,0.0
WL-B2F-11538,wall,0.0,0.0,0.0,0.0
WL-B2F-11539,wall,0.1078,0.431,0.862,0.125
WL-B2F-11540,wall,0.0644,0.259,0.517,0.075
WL-B2F-11541,wall,0.1074,0.431,0.863,0.125
WL-B2F-11542,wall,0.0,0.0,0.0,0.0
WL-B2F-11543,wall,0.1074,0.431,0.862,0.125
WL-B2F-11544,wall,0.0,0.0,0.0,0.0
WL-B2F-11545,wall,3.4169,13.722,27.445,3.977
WL-B2F-11546,wall,0.6857,2.743,5.485,0.795
WL-B2F-11547,wall,0.897,3.588,7.176,1.04
WL-B2F-11548,wall,3.4362,13.8,27.6,4.0
WL-B2F-11549,wall,0.1074,0.431,0.862,0.125
WL-B2F-11550,wall,1.4145,7.072,14.145,2.05
WL-B2F-11551,wall,0.1078,0.431,0.862,0.125
WL-B2F-11552,wall,0.0776,0.31,0.621,0.09
WL-B2F-11553,wall,0.5419,2.398,4.795,0.695
WL-B2F-11554,wall,2.139,8.556,17.112,2.48
WL-B2F-11555,wall,1.1812,4.744,9.487,1.375
WL-B2F-11556,wall,0.453,2.475,4.951,0.717
WL-B2F-11557,wall,1.3929,5.572,11.144,1.615
WL-B2F-11558,wall,1.469,5.9,11.799,1.71
WL-B2F-11559,wall,1.469,5.9,11.799,1.71
WL-B2F-11560,wall,2.7146,10.902,21.804,3.16
WL-B2F-11561,wall,1.804,7.245,14.49,2.1
WL-B2F-11562,wall,0.6915,2.777,5.554,0.805
WL-B2F-11563,wall,0.828,3.312,6.624,0.96
WL-B2F-11564,wall,0.2717,1.087,2.173,0.315
WL-B2F-11565,wall,0.8366,3.347,6.693,0.97
WL-B2F-11566,wall,0.0,0.0,0.0,0.0
WL-B2F-11567,wall,0.1289,0.517,1.035,0.15
WL-B2F-11568,wall,0.0,0.0,0.0,0.0
WL-B2F-11569,wall,0.0,0.0,0.0,0.0
WL-B2F-11570,wall,2.1155,10.074,20.148,2.92
WL-B2F-11571,wall,0.0,0.0,0.0,0.0
WL-B2F-11572,wall,0.0539,0.216,0.431,0.062
WL-B2F-11573,wall,0.2362,0.949,1.897,0.275
WL-B2F-11574,wall,2.6287,10.557,21.114,3.06
WL-B2F-11575,wall,3.0754,12.351,24.702,3.58
WL-B2F-11576,wall,0.0,0.0,0.0,0.0
WL-B2F-11577,wall,0.0,0.0,0.0,0.0
WL-B2F-11578,wall,0.0,0.0,0.0,0.0
WL-B2F-11579,wall,1.0997,4.399,8.798,1.275
WL-B2F-11580,wall,1.8513,7.435,14.87,2.155
WL-B2F-11581,wall,1.6129,6.452,12.903,1.87
WL-B2F-11582,wall,0.5355,2.691,5.382,0.78
WL-B2F-11583,wall,0.5382,2.691,5.382,0.78
WL-B2F-11584,wall,2.0617,8.28,16.56,2.4
WL-B2F-11585,wall,1.396,5.606,11.212,1.625
WL-B2F-11586,wall,0.9867,4.934,9.867,1.43
WL-B2F-11587,wall,3.1119,15.56,31.119,4.51
WL-B2F-11588,wall,0.5382,2.691,5.382,0.78
WL-B2F-11589,wall,0.4519,2.26,4.519,0.655
WL-B2F-11590,wall,2.0617,8.28,16.56,2.4
WL-B2F-11591,wall,2.2232,12.351,24.702,3.58
WL-B2F-11592,wall,0.0,0.0,0.0,0.0
WL-B2F-11593,wall,0.5326,2.139,4.278,0.62
WL-B2F-11594,wall,0.0,0.0,0.0,0.0
WL-B2F-11595,wall,0.0,0.0,0.0,0.0
WL-B2F-11596,wall,0.0,0.0,0.0,0.0
WL-B2F-11597,wall,0.0,0.0,0.0,0.0
WL-B2F-11598,wall,0.0,0.0,0.0,0.0
WL-B2F-11599,wall,0.0644,0.259,0.517,0.075
WL-B2F-11600,wall,0.5584,2.242,4.485,0.65
WL-B2F-11601,wall,1.1168,4.485,8.97,1.3
WL-B2F-11602,wall,0.5111,2.053,4.105,0.595
WL-B2F-11603,wall,2.0786,8.348,16.696,2.42
WL-B2F-11604,wall,0.0,0.0,0.0,0.0
WL-B2F-11605,wall,0.0,0.0,0.0,0.0
WL-B2F-11606,wall,0.0,0.0,0.0,0.0
WL-B2F-11607,wall,0.0,0.0,0.0,0.0
WL-B2F-11608,wall,0.0,0.0,0.0,0.0
WL-B2F-11609,wall,0.0,0.0,0.0,0.0
WL-B2F-11610,wall,2.8182,11.273,22.546,3.268
WL-B2F-11611,wall,0.2362,0.949,1.897,0.275
WL-B2F-11612,wall,0.0636,0.256,0.511,0.074
WL-B2F-11613,wall,0.7388,2.967,5.934,0.86
WL-B2F-11614,wall,6.1884,24.754,49.507,7.175
WL-B2F-11615,wall,0.058,0.233,0.466,0.067
WL-B2F-11616,wall,0.0,0.0,0.0,0.0
WL-B2F-11617,wall,0.4528,1.811,3.622,0.525
WL-B2F-11618,wall,0.0,0.0,0.0,0.0
WL-B2F-11619,wall,0.0,0.0,0.0,0.0
WL-B2F-11620,wall,0.0,0.0,0.0,0.0
WL-B2F-11621,wall,0.0,0.0,0.0,0.0
WL-B2F-11622,wall,1.0479,4.192,8.383,1.215
WL-B2F-11623,wall,1.2456,5.003,10.005,1.45
WL-B2F-11624,wall,0.0388,0.155,0.311,0.045
WL-B2F-11625,wall,2.6091,10.436,20.872,3.025
WL-B2F-11626,wall,3.1055,12.472,24.944,3.615
WL-B2F-11627,wall,0.8409,3.364,6.727,0.975
WL-B2F-11628,wall,1.2247,4.899,9.798,1.42
WL-B2F-11629,wall,1.1558,4.623,9.246,1.34
WL-B2F-11630,wall,0.0863,0.345,0.69,0.1
WL-B2F-11631,wall,1.7138,6.883,13.765,1.995
WL-B2F-11632,wall,1.469,5.899,11.799,1.71
WL-B2F-11633,wall,0.451,1.811,3.623,0.525
WL-B2F-11634,wall,0.9664,3.881,7.762,1.125
WL-B2F-11635,wall,0.1639,0.655,1.311,0.19
WL-B2F-11636,wall,0.6744,2.708,5.416,0.785
WL-B2F-11637,wall,0.3019,1.207,2.415,0.35
WL-B2F-11638,wall,0.2105,0.845,1.69,0.245
WL-B2F-11639,wall,0.4768,1.915,3.829,0.555
WL-B2F-11640,wall,1.7009,6.831,13.662,1.98
WL-B2F-11641,wall,1.4513,6.124,12.248,1.775
WL-B2F-11642,wall,2.7146,10.902,21.804,3.16
WL-B2F-11643,wall,1.1812,4.744,9.487,1.375
WL-B2F-11644,wall,0.3666,1.466,2.933,0.425
WL-B2F-11645,wall,0.451,1.811,3.622,0.525
WL-B2F-11646,wall,0.6339,2.536,5.072,0.735
WL-B2F-11647,wall,0.5428,2.171,4.343,0.629
WL-B2F-11648,wall,0.335,1.345,2.691,0.39
WL-B2F-11649,wall,1.2506,5.003,10.005,1.45
WL-B2F-11650,wall,1.6948,6.779,13.558,1.965
WL-B2F-11651,wall,1.3874,5.572,11.143,1.615
WL-B2F-11652,wall,2.139,8.556,17.112,2.48
WL-B2F-11653,wall,1.804,7.245,14.49,2.1
WL-B2F-11654,wall,1.2075,4.83,9.66,1.4
WL-B2F-11655,wall,1.469,5.9,11.799,1.71
WL-B2F-11656,wall,0.2105,0.845,1.691,0.245
WL-B2F-11657,wall,0.4768,1.915,3.829,0.555
WL-B2F-11658,wall,1.804,7.245,14.49,2.1
WL-B2F-11659,wall,1.0824,4.347,8.694,1.26
WL-B2F-11660,wall,2.7146,10.902,21.804,3.16
WL-B2F-11661,wall,0.713,2.864,5.727,0.83
WL-B2F-11662,wall,1.7525,7.038,14.076,2.04
WL-B2F-11663,wall,1.0352,4.157,8.314,1.205
WL-B2F-11664,wall,1.7379,6.952,13.903,2.015
WL-B2F-11665,wall,0.6555,2.622,5.244,0.76
WL-B2F-11666,wall,1.2199,4.899,9.798,1.42
WL-B2F-11667,wall,1.38,5.52,11.04,1.6
WL-B2F-11668,wall,2.246,12.834,25.668,3.72
WL-B2F-11669,wall,1.804,7.245,14.49,2.1
WL-B2F-11670,wall,0.3651,1.466,2.933,0.425
WL-B2F-11671,wall,0.4497,2.26,4.52,0.655
WL-B2F-11672,wall,0.5355,2.691,5.382,0.78
WL-B2F-11673,wall,0.5037,2.518,5.037,0.73
WL-B2F-11674,wall,0.9867,4.934,9.867,1.43
WL-B2F-11675,wall,0.3658,1.311,2.622,0.38
WL-B2F-11676,wall,0.5355,2.691,5.382,0.78
WL-B2F-11677,wall,0.4497,2.26,4.519,0.655
WL-B2F-11678,wall,2.0617,8.28,16.56,2.4
WL-B2F-11679,wall,6.7227,26.891,53.782,7.794
WL-B2F-11680,wall,0.0733,0.293,0.586,0.085
WL-B2F-11681,wall,0.452,2.26,4.52,0.655
WL-B2F-11682,wall,0.5382,2.691,5.382,0.78
WL-B2F-11683,wall,2.07,8.28,16.56,2.4
WL-B2F-11684,wall,0.3651,1.466,2.933,0.425
WL-B2F-11685,wall,0.1078,0.431,0.862,0.125
WL-B2F-11686,wall,0.1074,0.431,0.863,0.125
WL-B2F-11687,wall,0.058,0.233,0.466,0.067
WL-B2F-11688,wall,0.0668,0.31,0.621,0.09
WL-B2F-11689,wall,0.0,0.0,0.0,0.0
WL-B2F-11690,wall,0.0,0.0,0.0,0.0
WL-B2F-11691,wall,0.0,0.0,0.0,0.0
WL-B2F-11692,wall,1.6301,6.521,13.041,1.89
WL-B2F-11693,wall,1.2506,5.003,10.005,1.45
WL-B2F-11694,wall,0.069,0.276,0.552,0.08
WL-B2F-11695,wall,0.2372,0.949,1.897,0.275
WL-B2F-11696,wall,0.345,1.38,2.76,0.4
WL-B2F-11697,wall,1.1212,4.485,8.97,1.3
WL-B2F-11698,wall,0.3968,1.587,3.174,0.46
WL-B2F-11699,wall,0.8711,3.485,6.969,1.01
WL-B2F-11700,wall,1.1816,4.727,9.453,1.37
WL-B2F-11701,wall,2.017,8.004,16.008,2.32
WL-B2F-11702,wall,0.5348,2.139,4.278,0.62
WL-B2F-11703,wall,3.7748,15.099,30.199,4.377
WL-B2F-11704,wall,1.3745,5.52,11.04,1.6
WL-B2F-11705,wall,2.3978,9.63,19.26,2.791
WL-B2F-11706,wall,0.2191,0.862,1.725,0.25
WL-B2F-11707,wall,0.3277,1.311,2.622,0.38
WL-B2F-11708,wall,0.0293,0.117,0.234,0.034
WL-B2F-11709,wall,6.7757,27.103,54.206,7.856
WL-B2F-11710,wall,0.0559,0.224,0.449,0.065
WL-B2F-11711,wall,6.006,24.121,48.241,6.991
WL-B2F-11712,wall,0.0,0.0,0.0,0.0
WL-B2F-11713,wall,0.0,0.0,0.0,0.0
WL-B2F-11714,wall,0.0,0.0,0.0,0.0
WL-B2F-11715,wall,0.0,0.0,0.0,0.0
WL-B2F-11716,wall,0.0,0.0,0.0,0.0
WL-B2F-11717,wall,0.7302,2.933,5.865,0.85
WL-B2F-11718,wall,0.0539,0.216,0.431,0.062
WL-B2F-11719,wall,2.6091,10.436,20.872,3.025
WL-B2F-11720,wall,2.0317,8.159,16.318,2.365
WL-B2F-11721,wall,1.1812,4.744,9.487,1.375
WL-B2F-11722,wall,0.2803,1.121,2.243,0.325
WL-B2F-11723,wall,0.451,1.811,3.623,0.525
WL-B2F-11724,wall,0.6339,2.536,5.072,0.735
WL-B2F-11725,wall,0.3651,1.466,2.932,0.425
WL-B2F-11726,wall,0.335,1.345,2.691,0.39
WL-B2F-11727,wall,1.2506,5.002,10.005,1.45
WL-B2F-11728,wall,1.3239,5.296,10.592,1.535
WL-B2F-11729,wall,1.5807,6.348,12.696,1.84
WL-B2F-11730,wall,1.3874,5.572,11.143,1.615
WL-B2F-11731,wall,0.2212,0.888,1.777,0.258
WL-B2F-11732,wall,1.3745,5.52,11.04,1.6
WL-B2F-11733,wall,2.139,8.556,17.112,2.48
WL-B2F-11734,wall,1.804,7.245,14.49,2.1
WL-B2F-11735,wall,1.2027,4.83,9.66,1.4
WL-B2F-11736,wall,1.469,5.9,11.799,1.71
WL-B2F-11737,wall,0.2105,0.845,1.691,0.245
WL-B2F-11738,wall,0.4768,1.915,3.829,0.555
WL-B2F-11739,wall,1.804,7.245,14.49,2.1
WL-B2F-11740,wall,1.0867,4.347,8.694,1.26
WL-B2F-11741,wall,2.7255,10.902,21.804,3.16
WL-B2F-11742,wall,0.7159,2.864,5.727,0.83
WL-B2F-11743,wall,1.7525,7.038,14.076,2.04
WL-B2F-11744,wall,1.469,5.899,11.799,1.71
WL-B2F-11745,wall,0.2105,0.845,1.691,0.245
WL-B2F-11746,wall,0.4768,1.915,3.829,0.555
WL-B2F-11747,wall,1.804,7.245,14.49,2.1
WL-B2F-11748,wall,0.5197,2.087,4.175,0.605
WL-B2F-11749,wall,2.7146,10.902,21.804,3.16
WL-B2F-11750,wall,1.2808,5.123,10.247,1.485
WL-B2F-11751,wall,0.6185,2.484,4.968,0.72
WL-B2F-11752,wall,0.4528,1.811,3.622,0.525
WL-B2F-11753,wall,0.9664,3.881,7.762,1.125
WL-B2F-11754,wall,0.1639,0.656,1.311,0.19
WL-B2F-11755,wall,0.3007,1.207,2.415,0.35
WL-B2F-11756,wall,1.8544,7.417,14.835,2.15
WL-B2F-11757,wall,1.7525,7.038,14.076,2.04
WL-B2F-11758,wall,6.1637,24.754,49.507,7.175
WL-B2F-11759,wall,0.1374,0.552,1.104,0.16
WL-B2F-11760,wall,3.9387,15.818,31.637,4.585
WL-B2F-11761,wall,0.452,2.26,4.52,0.655
WL-B2F-11762,wall,0.5382,2.691,5.382,0.78
WL-B2F-11763,wall,2.07,8.28,16.56,2.4
WL-B2F-11764,wall,0.3651,1.466,2.933,0.425
WL-B2F-11765,wall,1.2585,5.054,10.109,1.465
WL-B2F-11766,wall,1.0393,4.157,8.315,1.205
WL-B2F-11767,wall,1.6948,6.779,13.559,1.965
WL-B2F-11768,wall,1.3929,5.572,11.143,1.615
WL-B2F-11769,wall,0.5584,2.243,4.485,0.65
WL-B2F-11770,wall,0.5197,2.087,4.174,0.605
WL-B2F-11771,wall,1.38,5.52,11.04,1.6
WL-B2F-11772,wall,2.139,8.556,17.112,2.48
WL-B2F-11773,wall,1.9586,7.866,15.732,2.28
WL-B2F-11774,wall,0.3651,1.466,2.933,0.425
WL-B2F-11775,wall,0.4497,2.26,4.52,0.655
WL-B2F-11776,wall,0.5382,2.691,5.382,0.78
WL-B2F-11777,wall,2.07,8.28,16.56,2.4
WL-B2F-11778,wall,0.5037,2.518,5.037,0.73
WL-B2F-11779,wall,0.9867,4.933,9.867,1.43
WL-B2F-11780,wall,2.0769,10.385,20.769,3.01
WL-B2F-11781,wall,0.5382,2.691,5.382,0.78
WL-B2F-11782,wall,0.4497,2.26,4.519,0.655
WL-B2F-11783,wall,2.0617,8.28,16.56,2.4
WL-B2F-11784,wall,0.0,0.0,0.0,0.0
WL-B2F-11785,wall,0.0,0.0,0.0,0.0
WL-B2F-11786,wall,0.0,0.0,0.0,0.0
WL-B2F-11787,wall,0.0,0.0,0.0,0.0
WL-B2F-11788,wall,0.2976,1.19,2.38,0.345
WL-B2F-11789,wall,0.0,0.0,0.0,0.0
WL-B2F-11790,wall,0.0,0.0,0.0,0.0
WL-B2F-11791,wall,0.1768,0.707,1.415,0.205
WL-B2F-11792,wall,1.8251,9.125,18.251,2.645
WL-B2F-11793,wall,0.1984,0.793,1.587,0.23
WL-B2F-11794,wall,2.8247,11.299,22.597,3.275
WL-B2F-11795,wall,3.5014,17.595,35.19,5.1
WL-B2F-11796,wall,12.6222,63.428,126.856,18.385
WL-B2F-11797,wall,3.2268,16.215,32.43,4.7
WL-B2F-11798,wall,3.4732,17.366,34.732,5.034
WL-B2F-11799,wall,3.657,18.285,36.57,5.3
WL-B2F-11800,wall,5.382,26.91,53.82,7.8
WL-B2F-11801,wall,5.3551,26.91,53.82,7.8
WL-B2F-11802,wall,5.3551,26.91,53.82,7.8
WL-B2F-11803,wall,3.6387,18.285,36.57,5.3
WL-B2F-11804,wall,5.3551,26.91,53.82,7.8
WL-B2F-11805,wall,4.6092,23.046,46.092,6.68
WL-B2F-11806,wall,6.7275,26.91,53.82,7.8
WL-B2F-11807,wall,2.76,11.04,22.08,3.2
WL-B2F-11808,wall,7.2234,28.894,57.787,8.375
WL-B2F-11809,wall,1.6422,8.211,16.422,2.38
WL-B2F-11810,wall,5.4752,27.514,55.028,7.975
WL-B2F-11811,wall,5.313,26.565,53.13,7.7
WL-B2F-11812,wall,5.175,20.7,41.4,6.0
WL-B2F-11813,wall,2.5557,10.264,20.527,2.975
WL-B2F-11814,wall,6.7275,26.91,53.82,7.8
WL-B2F-11815,wall,5.382,26.91,53.82,7.8
WL-B2F-11816,wall,7.245,28.98,57.96,8.4
WL-B2F-11817,wall,6.555,26.22,52.44,7.6
WL-B2F-11818,wall,0.3795,1.518,3.036,0.44
WL-B2F-11819,wall,6.555,26.22,52.44,7.6
WL-B2F-11820,wall,6.5288,26.22,52.44,7.6
WL-B2F-11821,wall,5.0025,20.01,40.02,5.8
WL-B2F-11822,wall,3.9516,15.87,31.74,4.6
WL-B2F-11823,wall,4.1234,16.56,33.12,4.8
WL-B2F-11824,wall,0.345,1.725,3.45,0.5
WL-B2F-11825,wall,2.0484,8.194,16.388,2.375
WL-B2F-11826,wall,0.6255,2.502,5.004,0.725
WL-B2F-11827,wall,4.0149,16.06,32.119,4.655
WL-B2F-11828,wall,1.237,4.968,9.936,1.44
WL-B2F-11829,wall,0.1078,0.431,0.862,0.125
WL-B2F-11830,wall,6.6197,26.479,52.958,7.675
WL-B2F-11831,wall,11.9837,48.127,96.255,13.95
WL-B2F-11832,wall,3.3422,13.369,26.738,3.875
WL-B2F-11833,wall,0.2148,0.863,1.725,0.25
WL-B2F-11834,wall,0.0265,0.106,0.212,0.031
WL-B2F-11835,wall,1.1812,4.744,9.487,1.375
WL-B2F-11836,wall,0.3651,1.466,2.933,0.425
WL-B2F-11837,wall,1.0393,4.157,8.315,1.205
WL-B2F-11838,wall,1.6948,6.779,13.558,1.965
WL-B2F-11839,wall,1.3874,5.572,11.143,1.615
WL-B2F-11840,wall,1.38,5.52,11.04,1.6
WL-B2F-11841,wall,0.8625,3.45,6.9,1.0
WL-B2F-11842,wall,1.0309,4.14,8.28,1.2
WL-B2F-11843,wall,1.469,5.9,11.799,1.71
WL-B2F-11844,wall,0.2105,0.845,1.691,0.245
WL-B2F-11845,wall,0.4768,1.915,3.829,0.555
WL-B2F-11846,wall,1.804,7.245,14.49,2.1
WL-B2F-11847,wall,0.5197,2.087,4.175,0.605
WL-B2F-11848,wall,2.7146,10.902,21.804,3.16
WL-B2F-11849,wall,0.4528,1.811,3.623,0.525
WL-B2F-11850,wall,0.9664,3.881,7.762,1.125
WL-B2F-11851,wall,0.3019,1.207,2.415,0.35
WL-B2F-11852,wall,2.1821,8.729,17.457,2.53
WL-B2F-11853,wall,1.7525,7.038,14.076,2.04
WL-B2F-11854,wall,1.469,5.899,11.799,1.71
WL-B2F-11855,wall,2.7169,10.868,21.735,3.15
WL-B2F-11856,wall,1.0522,4.209,8.418,1.22
WL-B2F-11857,wall,2.2253,8.901,17.802,2.58
WL-B2F-11858,wall,0.2105,0.845,1.69,0.245
WL-B2F-11859,wall,1.7095,6.866,13.731,1.99
WL-B2F-11860,wall,0.4768,1.915,3.829,0.555
WL-B2F-11861,wall,1.804,7.245,14.49,2.1
WL-B2F-11862,wall,2.7255,10.902,21.804,3.16
WL-B2F-11863,wall,1.0868,4.347,8.694,1.26
WL-B2F-11864,wall,1.731,6.952,13.903,2.015
WL-B2F-11865,wall,2.0357,8.143,16.286,2.36
WL-B2F-11866,wall,1.7379,6.952,13.903,2.015
WL-B2F-11867,wall,2.3546,9.418,18.837,2.73
WL-B2F-11868,wall,0.4497,2.26,4.52,0.655
WL-B2F-11869,wall,0.5355,2.691,5.382,0.78
WL-B2F-11870,wall,2.07,8.28,16.56,2.4
WL-B2F-11871,wall,3.1742,12.748,25.496,3.695
WL-B2F-11872,wall,3.1527,12.661,25.323,3.67
WL-B2F-11873,wall,1.7164,6.866,13.731,1.99
WL-B2F-11874,wall,0.452,2.26,4.52,0.655
WL-B2F-11875,wall,0.5382,2.691,5.382,0.78
WL-B2F-11876,wall,2.07,8.28,16.56,2.4
WL-B2F-11877,wall,1.2585,5.054,10.108,1.465
WL-B2F-11878,wall,1.0352,4.157,8.315,1.205
WL-B2F-11879,wall,1.6948,6.779,13.559,1.965
WL-B2F-11880,wall,1.3874,5.572,11.144,1.615
WL-B2F-11881,wall,4.8278,19.311,38.623,5.597
WL-B2F-11882,wall,1.2248,4.899,9.798,1.42
WL-B2F-11883,wall,0.9919,3.967,7.935,1.15
WL-B2F-11884,wall,1.38,5.52,11.04,1.6
WL-B2F-11885,wall,5.5795,22.408,44.815,6.495
WL-B2F-11886,wall,0.3651,1.466,2.933,0.425
WL-B2F-11887,wall,1.8544,7.418,14.835,2.15
WL-B2F-11888,wall,1.7267,6.935,13.869,2.01
WL-B2F-11889,wall,1.3766,6.555,13.11,1.9
WL-B2F-11890,wall,0.4497,2.26,4.519,0.655
WL-B2F-11891,wall,0.5382,2.691,5.382,0.78
WL-B2F-11892,wall,0.9535,3.829,7.659,1.11
WL-B2F-11893,wall,0.9703,3.881,7.763,1.125
WL-B2F-11894,wall,0.5197,2.087,4.175,0.605
WL-B2F-11895,wall,1.3208,5.304,10.609,1.537
WL-B2F-11896,wall,0.3007,1.207,2.415,0.35
WL-B2F-11897,wall,1.9147,7.659,15.318,2.22
WL-B2F-11898,wall,2.9736,12.929,25.858,3.747
WL-B2F-11899,wall,0.4252,1.708,3.415,0.495
WL-B2F-11900,wall,1.804,7.245,14.49,2.1
WL-B2F-11901,wall,0.1449,0.828,1.656,0.24
WL-B2F-11902,wall,1.3788,5.537,11.074,1.605
WL-B2F-11903,wall,0.1439,0.578,1.156,0.168
WL-B2F-11904,wall,0.6326,3.743,7.487,1.085
WL-B2F-11905,wall,1.0352,4.157,8.315,1.205
WL-B2F-11906,wall,0.0367,0.147,0.293,0.042
WL-B2F-11907,wall,1.38,5.52,11.04,1.6
WL-B2F-11908,wall,0.3277,1.311,2.622,0.38
WL-B2F-11909,wall,1.1168,4.485,8.97,1.3
WL-B2F-11910,wall,9.3903,34.146,68.293,9.897
WL-B2F-11911,wall,1.725,6.9,13.8,2.0
WL-B2F-11912,wall,0.4097,1.639,3.277,0.475
WL-B2F-11913,wall,2.3288,9.315,18.63,2.7
WL-B2F-11914,wall,1.6689,6.676,13.352,1.935
WL-B2F-11915,wall,0.552,2.76,5.52,0.8
WL-B2F-11916,wall,1.1903,5.951,11.903,1.725
WL-B2F-11917,wall,2.2425,8.97,17.94,2.6
WL-B2F-11918,wall,0.6831,3.416,6.831,0.99
WL-B2F-11919,wall,0.6831,3.416,6.831,0.99
WL-B2F-11920,wall,2.8635,11.454,22.908,3.32
WL-B2F-11921,wall,1.2506,5.003,10.005,1.45
WL-B2F-11922,wall,0.4278,2.139,4.278,0.62
WL-B2F-11923,wall,1.035,4.14,8.28,1.2
WL-B2F-11924,wall,0.6296,2.518,5.037,0.73
WL-B2F-11925,wall,0.4269,1.708,3.416,0.495
WL-B2F-11926,wall,1.0609,4.244,8.487,1.23
WL-B2F-11927,wall,0.6598,2.639,5.279,0.765
WL-B2F-11928,wall,2.6436,10.574,21.149,3.065
WL-B2F-11929,wall,0.3019,1.208,2.415,0.35
WL-B2F-11930,wall,1.8673,7.469,14.939,2.165
WL-B2F-11931,wall,0.4269,1.708,3.415,0.495
WL-B2F-11932,wall,4.4757,17.975,35.949,5.21
WL-B2F-11933,wall,0.3105,1.242,2.484,0.36
WL-B2F-11934,wall,1.1342,4.537,9.073,1.315
WL-B2F-11935,wall,0.8927,3.571,7.142,1.035
WL-B2F-11936,wall,1.1514,4.606,9.212,1.335
WL-B2F-11937,wall,0.2276,0.914,1.829,0.265
WL-B2F-11938,wall,3.9387,15.818,31.637,4.585
WL-B2F-11939,wall,0.452,2.26,4.52,0.655
WL-B2F-11940,wall,0.5382,2.691,5.382,0.78
WL-B2F-11941,wall,0.3651,1.466,2.933,0.425
WL-B2F-11942,wall,1.4886,8.09,16.18,2.345
WL-B2F-11943,wall,0.1639,0.655,1.311,0.19
WL-B2F-11944,wall,0.9867,4.934,9.867,1.43
WL-B2F-11945,wall,0.5355,2.691,5.382,0.78
WL-B2F-11946,wall,0.4497,2.26,4.519,0.655
WL-B2F-11947,wall,2.07,8.28,16.56,2.4
WL-B2F-11948,wall,0.9867,4.934,9.867,1.43
WL-B2F-11949,wall,0.5355,2.691,5.382,0.78
WL-B2F-11950,wall,0.4497,2.26,4.519,0.655
WL-B2F-11951,wall,2.07,8.28,16.56,2.4
WL-B2F-11952,wall,1.035,4.313,8.625,1.25
WL-B2F-11953,wall,0.2243,0.897,1.794,0.26
WL-B2F-11954,wall,7.1976,28.79,57.581,8.345
WL-B2F-11955,wall,0.9867,4.934,9.867,1.43
WL-B2F-11956,wall,0.5382,2.691,5.382,0.78
WL-B2F-11957,wall,2.07,8.28,16.56,2.4
WL-B2F-11958,wall,0.4519,2.26,4.519,0.655
WL-B2F-11959,wall,0.5563,2.225,4.451,0.645
WL-B2F-11960,wall,1.3843,5.537,11.074,1.605
WL-B2F-11961,wall,0.7262,3.631,7.262,1.053
WL-B2F-11962,wall,1.2027,4.83,9.66,1.4
WL-B2F-11963,wall,1.4196,5.701,11.402,1.653
WL-B2F-11964,wall,0.5476,2.199,4.399,0.637
WL-B2F-11965,wall,0.9879,3.967,7.935,1.15
WL-B2F-11966,wall,1.38,5.52,11.04,1.6
WL-B2F-11967,wall,2.139,8.556,17.112,2.48
WL-B2F-11968,wall,1.804,7.245,14.49,2.1
WL-B2F-11969,wall,0.3651,1.466,2.933,0.425
WL-B2F-11970,wall,1.0223,4.105,8.211,1.19
WL-B2F-11971,wall,1.587,6.348,12.696,1.84
WL-B2F-11972,wall,1.4196,5.701,11.402,1.653
WL-B2F-11973,wall,0.5476,2.199,4.399,0.637
WL-B2F-11974,wall,0.6555,2.622,5.244,0.76
WL-B2F-11975,wall,0.7504,3.002,6.003,0.87
WL-B2F-11976,wall,0.6555,2.622,5.244,0.76
WL-B2F-11977,wall,1.5205,6.107,12.213,1.77
WL-B2F-11978,wall,1.38,5.52,11.04,1.6
WL-B2F-11979,wall,1.3788,5.537,11.074,1.605
WL-B2F-11980,wall,0.4528,1.811,3.623,0.525
WL-B2F-11981,wall,1.0223,4.105,8.211,1.19
WL-B2F-11982,wall,1.5807,6.348,12.696,1.84
WL-B2F-11983,wall,1.4196,5.701,11.402,1.653
WL-B2F-11984,wall,5.4337,21.735,43.47,6.3
WL-B2F-11985,wall,0.2221,0.888,1.777,0.257
WL-B2F-11986,wall,0.5476,2.199,4.399,0.637
WL-B2F-11987,wall,0.9879,3.967,7.935,1.15
WL-B2F-11988,wall,0.7504,3.001,6.003,0.87
WL-B2F-11989,wall,0.6555,2.622,5.244,0.76
WL-B2F-11990,wall,1.2199,4.899,9.798,1.42
WL-B2F-11991,wall,1.38,5.52,11.04,1.6
WL-B2F-11992,wall,2.139,8.556,17.112,2.48
WL-B2F-11993,wall,1.804,7.245,14.49,2.1
WL-B2F-11994,wall,0.9867,4.934,9.867,1.43
WL-B2F-11995,wall,2.07,8.28,16.56,2.4
WL-B2F-11996,wall,0.4519,2.26,4.519,0.655
WL-B2F-11997,wall,0.5779,2.312,4.623,0.67
WL-B2F-11998,wall,0.5382,2.691,5.382,0.78
WL-B2F-11999,wall,0.4519,2.26,4.519,0.655
WL-B2F-12000,wall,0.5779,2.312,4.623,0.67
WL-B2F-12001,wall,0.2243,0.897,1.794,0.26
WL-B2F-12002,wall,7.0035,28.014,56.028,8.12
WL-B2F-12003,wall,5.3001,21.2,42.401,6.145
WL-B2F-12004,wall,1.3843,5.537,11.074,1.605
WL-B2F-12005,wall,0.4528,1.811,3.623,0.525
WL-B2F-12006,wall,1.1297,4.537,9.073,1.315
WL-B2F-12007,wall,1.587,6.348,12.696,1.84
WL-B2F-12008,wall,1.4196,5.701,11.402,1.653
WL-B2F-12009,wall,0.2221,0.888,1.777,0.257
WL-B2F-12010,wall,0.5476,2.199,4.399,0.637
WL-B2F-12011,wall,0.9879,3.967,7.935,1.15
WL-B2F-12012,wall,0.6038,2.415,4.83,0.7
WL-B2F-12013,wall,0.6555,2.622,5.244,0.76
WL-B2F-12014,wall,1.2628,5.071,10.143,1.47
WL-B2F-12015,wall,1.38,5.52,11.04,1.6
WL-B2F-12016,wall,2.139,8.556,17.112,2.48
WL-B2F-12017,wall,1.804,7.245,14.49,2.1
WL-B2F-12018,wall,1.3843,5.537,11.074,1.605
WL-B2F-12019,wall,0.3666,1.466,2.933,0.425
WL-B2F-12020,wall,1.6948,6.779,13.558,1.965
WL-B2F-12021,wall,1.4196,5.701,11.402,1.653
WL-B2F-12022,wall,0.5476,2.199,4.399,0.637
WL-B2F-12023,wall,0.9879,3.967,7.935,1.15
WL-B2F-12024,wall,0.7504,3.002,6.003,0.87
WL-B2F-12025,wall,2.9208,11.73,23.46,3.4
WL-B2F-12026,wall,1.804,7.245,14.49,2.1
WL-B2F-12027,wall,1.1859,4.744,9.487,1.375
WL-B2F-12028,wall,1.3101,5.261,10.522,1.525
WL-B2F-12029,wall,1.6948,6.779,13.559,1.965
WL-B2F-12030,wall,1.4253,5.701,11.402,1.652
WL-B2F-12031,wall,0.5476,2.199,4.399,0.638
WL-B2F-12032,wall,0.9879,3.967,7.935,1.15
WL-B2F-12033,wall,0.7504,3.002,6.003,0.87
WL-B2F-12034,wall,0.6555,2.622,5.244,0.76
WL-B2F-12035,wall,1.1984,4.813,9.625,1.395
WL-B2F-12036,wall,1.38,5.52,11.04,1.6
WL-B2F-12037,wall,2.139,8.556,17.112,2.48
WL-B2F-12038,wall,1.804,7.245,14.49,2.1
WL-B2F-12039,wall,0.3651,1.466,2.933,0.425
WL-B2F-12040,wall,4.4548,17.819,35.639,5.165
WL-B2F-12041,wall,1.2016,6.038,12.077,1.75
WL-B2F-12042,wall,1.2015,6.038,12.075,1.75
WL-B2F-12043,wall,1.2075,6.037,12.075,1.75
WL-B2F-12044,wall,1.2765,6.382,12.765,1.85
WL-B2F-12045,wall,0.1296,0.648,1.296,0.188
WL-B2F-12046,wall,0.0863,0.345,0.69,0.1
WL-B2F-12047,wall,0.7087,2.846,5.692,0.825
WL-B2F-12048,wall,0.5383,2.691,5.383,0.78
WL-B2F-12049,wall,2.07,8.28,16.56,2.4
WL-B2F-12050,wall,2.4564,12.282,24.564,3.56
WL-B2F-12051,wall,0.552,2.76,5.52,0.8
WL-B2F-12052,wall,1.8078,9.039,18.078,2.62
WL-B2F-12053,wall,2.4236,9.694,19.388,2.81
WL-B2F-12054,wall,1.5741,6.297,12.593,1.825
WL-B2F-12055,wall,0.1976,0.794,1.587,0.23
WL-B2F-12056,wall,5.3716,26.858,53.716,7.785
WL-B2F-12057,wall,0.6684,2.674,5.348,0.775
WL-B2F-12058,wall,1.3585,5.434,10.868,1.575
WL-B2F-12059,wall,0.8225,5.14,10.281,1.49
WL-B2F-12060,wall,1.0352,4.157,8.315,1.205
WL-B2F-12061,wall,1.6948,6.779,13.558,1.965
WL-B2F-12062,wall,1.3444,5.399,10.798,1.565
WL-B2F-12063,wall,0.6555,2.622,5.244,0.76
WL-B2F-12064,wall,1.3358,5.365,10.729,1.555
WL-B2F-12065,wall,1.38,5.52,11.04,1.6
WL-B2F-12066,wall,2.139,8.556,17.112,2.48
WL-B2F-12067,wall,1.804,7.245,14.49,2.1
WL-B2F-12068,wall,1.1812,4.744,9.487,1.375
WL-B2F-12069,wall,0.3666,1.466,2.933,0.425
WL-B2F-12070,wall,1.5114,6.6,13.2,1.913
WL-B2F-12071,wall,1.018,4.088,8.177,1.185
WL-B2F-12072,wall,0.6185,2.484,4.968,0.72
WL-B2F-12073,wall,0.451,1.811,3.623,0.525
WL-B2F-12074,wall,0.5492,2.441,4.882,0.708
WL-B2F-12075,wall,0.6771,2.708,5.416,0.785
WL-B2F-12076,wall,0.3019,1.207,2.415,0.35
WL-B2F-12077,wall,3.2301,12.92,25.841,3.745
WL-B2F-12078,wall,0.2105,0.845,1.69,0.245
WL-B2F-12079,wall,1.7954,7.211,14.421,2.09
WL-B2F-12080,wall,0.4768,1.915,3.83,0.555
WL-B2F-12081,wall,1.8113,7.245,14.49,2.1
WL-B2F-12082,wall,2.7146,10.902,21.804,3.16
WL-B2F-12083,wall,1.469,5.899,11.799,1.71
WL-B2F-12084,wall,2.9325,11.73,23.46,3.4
WL-B2F-12085,wall,0.2105,0.845,1.69,0.245
WL-B2F-12086,wall,1.7595,7.038,14.076,2.04
WL-B2F-12087,wall,0.4768,1.915,3.829,0.555
WL-B2F-12088,wall,1.8113,7.245,14.49,2.1
WL-B2F-12089,wall,2.7146,10.902,21.804,3.16
WL-B2F-12090,wall,1.0824,4.347,8.694,1.26
WL-B2F-12091,wall,1.2118,4.847,9.695,1.405
WL-B2F-12092,wall,0.7302,2.932,5.865,0.85
WL-B2F-12093,wall,1.6948,6.779,13.559,1.965
WL-B2F-12094,wall,1.3929,5.572,11.144,1.615
WL-B2F-12095,wall,1.38,5.52,11.04,1.6
WL-B2F-12096,wall,2.139,8.556,17.112,2.48
WL-B2F-12097,wall,1.804,7.245,14.49,2.1
WL-B2F-12098,wall,0.3651,1.466,2.933,0.425
WL-B2F-12099,wall,0.207,0.828,1.656,0.24
WL-B2F-12100,wall,0.4497,2.26,4.52,0.655
WL-B2F-12101,wall,0.5355,2.691,5.382,0.78
WL-B2F-12102,wall,2.07,8.28,16.56,2.4
WL-B2F-12103,wall,0.3651,1.466,2.933,0.425
WL-B2F-12104,wall,3.4198,13.679,27.359,3.965
WL-B2F-12105,wall,2.07,8.28,16.56,2.4
WL-B2F-12106,wall,0.0,0.0,0.0,0.0
WL-B2F-12107,wall,0.1589,0.638,1.277,0.185
WL-B2F-12108,wall,0.9617,3.847,7.693,1.115
WL-B2F-12109,wall,1.1125,4.468,8.935,1.295
WL-B2F-12110,wall,1.0609,4.261,8.522,1.235
WL-B2F-12111,wall,0.9578,3.847,7.694,1.115
WL-B2F-12112,wall,3.0002,12.049,24.098,3.492
WL-B2F-12113,wall,6.7851,27.14,54.281,7.867
WL-B2F-12114,wall,1.2924,5.17,10.34,1.498
WL-B2F-12115,wall,1.2537,5.597,11.193,1.622
WL-B2F-12116,wall,1.7426,7.711,15.422,2.235
WL-B2F-12117,wall,1.705,8.358,16.715,2.423
WL-B2F-12118,wall,0.4519,2.26,4.519,0.655
WL-B2F-12119,wall,0.5382,2.691,5.382,0.78
WL-B2F-12120,wall,2.07,8.28,16.56,2.4
WL-B2F-12121,wall,0.0,0.0,0.0,0.0
WL-B2F-12122,wall,0.0,0.0,0.0,0.0
WL-B2F-12123,wall,0.7116,2.846,5.692,0.825
WL-B2F-12124,wall,0.2415,0.966,1.932,0.28
WL-B2F-12125,wall,2.7704,11.126,22.252,3.225
WL-B2F-12126,wall,0.0992,0.397,0.794,0.115
WL-B2F-12127,wall,0.4528,1.811,3.622,0.525
WL-B2F-12128,wall,2.2425,8.97,17.94,2.6
WL-B2F-12129,wall,1.4663,5.865,11.73,1.7
WL-B2F-12130,wall,0.7029,2.812,5.623,0.815
WL-B2F-12131,wall,0.3666,1.466,2.933,0.425
WL-B2F-12132,wall,0.0,0.0,0.0,0.0
WL-B2F-12133,wall,0.0,0.0,0.0,0.0
WL-B2F-12134,wall,0.0,0.0,0.0,0.0
WL-B2F-12135,wall,0.0,0.0,0.0,0.0
WL-B2F-12136,wall,0.0,0.0,0.0,0.0
WL-B2F-12137,wall,0.7331,2.933,5.865,0.85
WL-B2F-12138,wall,0.0431,0.172,0.345,0.05
WL-B2F-12139,wall,1.0307,4.123,8.246,1.195
WL-B2F-12140,wall,0.8479,4.873,9.746,1.412
WL-B2F-12141,wall,0.0,0.0,0.0,0.0
WL-B2F-12142,wall,0.0,0.0,0.0,0.0
WL-B2F-12143,wall,0.1078,0.431,0.862,0.125
WL-B2F-12144,wall,0.0,0.0,0.0,0.0
WL-B2F-12145,wall,0.0,0.0,0.0,0.0
WL-B2F-12146,wall,0.5326,2.139,4.278,0.62
WL-B2F-12147,wall,0.0,0.0,0.0,0.0
WL-B2F-12148,wall,1.048,4.209,8.418,1.22
WL-B2F-12149,wall,1.4749,5.9,11.799,1.71
WL-B2F-12150,wall,0.4744,1.898,3.795,0.55
WL-B2F-12151,wall,0.7935,3.174,6.348,0.92
WL-B2F-12152,wall,0.0,0.0,0.0,0.0
WL-B2F-12153,wall,4.4785,17.986,35.972,5.213
WL-B2F-12154,wall,0.1898,0.759,1.518,0.22
WL-B2F-12155,wall,0.4768,1.915,3.829,0.555
WL-B2F-12156,wall,1.804,7.245,14.49,2.1
WL-B2F-12157,wall,0.5197,2.087,4.175,0.605
WL-B2F-12158,wall,1.8846,7.538,15.076,2.185
WL-B2F-12159,wall,2.7146,10.902,21.804,3.16
WL-B2F-12160,wall,0.6185,2.484,4.968,0.72
WL-B2F-12161,wall,0.9664,3.881,7.762,1.125
WL-B2F-12162,wall,0.3007,1.208,2.415,0.35
WL-B2F-12163,wall,1.847,7.417,14.835,2.15
WL-B2F-12164,wall,1.3412,5.365,10.729,1.555
WL-B2F-12165,wall,0.451,1.811,3.623,0.525
WL-B2F-12166,wall,0.4528,1.811,3.622,0.525
WL-B2F-12167,wall,0.3579,1.432,2.864,0.415
WL-B2F-12168,wall,0.3364,1.345,2.691,0.39
WL-B2F-12169,wall,1.6236,6.52,13.041,1.89
WL-B2F-12170,wall,1.3874,5.572,11.144,1.615
WL-B2F-12171,wall,0.2212,0.888,1.777,0.257
WL-B2F-12172,wall,1.38,5.52,11.04,1.6
WL-B2F-12173,wall,2.1304,8.556,17.112,2.48
WL-B2F-12174,wall,1.804,7.245,14.49,2.1
WL-B2F-12175,wall,1.1213,4.485,8.97,1.3
WL-B2F-12176,wall,0.408,1.639,3.278,0.475
WL-B2F-12177,wall,1.0867,4.347,8.694,1.26
WL-B2F-12178,wall,0.4725,1.898,3.795,0.55
WL-B2F-12179,wall,0.452,2.26,4.52,0.655
WL-B2F-12180,wall,0.5382,2.691,5.382,0.78
WL-B2F-12181,wall,2.07,8.28,16.56,2.4
WL-B2F-12182,wall,0.452,2.26,4.52,0.655
WL-B2F-12183,wall,0.5183,2.605,5.21,0.755
WL-B2F-12184,wall,2.2722,9.125,18.251,2.645
WL-B2F-12185,wall,1.3476,4.83,9.66,1.4
WL-B2F-12186,wall,0.7968,3.2,6.4,0.928
WL-B2F-12187,wall,1.9665,9.833,19.665,2.85
WL-B2F-12188,wall,1.6477,8.28,16.56,2.4
WL-B2F-12189,wall,0.1078,0.431,0.862,0.125
WL-B2F-12190,wall,6.3777,25.613,51.227,7.424
WL-B2F-12191,wall,0.6607,2.654,5.307,0.769
WL-B2F-12192,wall,1.6152,6.461,12.921,1.873
WL-B2F-12193,wall,5.848,23.392,46.784,6.78
WL-B2F-12194,wall,0.5355,2.691,5.382,0.78
WL-B2F-12195,wall,0.0,0.0,0.0,0.0
WL-B2F-12196,wall,0.8893,5.141,10.281,1.49
WL-B2F-12197,wall,1.0352,4.157,8.314,1.205
WL-B2F-12198,wall,1.6948,6.779,13.559,1.965
WL-B2F-12199,wall,0.2113,0.845,1.691,0.245
WL-B2F-12200,wall,1.38,5.52,11.04,1.6
WL-B2F-12201,wall,0.3651,1.466,2.933,0.425
WL-B2F-12202,wall,1.3358,5.365,10.73,1.555
WL-B2F-12203,wall,0.0,0.0,0.0,0.0
WL-B2F-12204,wall,0.0,0.0,0.0,0.0
WL-B2F-12205,wall,0.0,0.0,0.0,0.0
WL-B2F-12206,wall,0.0,0.0,0.0,0.0
WL-B2F-12207,wall,0.0,0.0,0.0,0.0
WL-B2F-12208,wall,0.0,0.0,0.0,0.0
WL-B2F-12209,wall,0.0,0.0,0.0,0.0
WL-B2F-12210,wall,0.1078,0.431,0.862,0.125
WL-B2F-12211,wall,0.1074,0.431,0.863,0.125
WL-B2F-12212,wall,0.0,0.0,0.0,0.0
WL-B2F-12213,wall,0.1074,0.431,0.862,0.125
WL-B2F-12214,wall,0.0,0.0,0.0,0.0
WL-B2F-12215,wall,3.4169,13.722,27.445,3.977
WL-B2F-12216,wall,0.6857,2.743,5.485,0.795
WL-B2F-12217,wall,0.897,3.588,7.176,1.04
WL-B2F-12218,wall,3.4362,13.8,27.6,4.0
WL-B2F-12219,wall,0.1074,0.431,0.862,0.125
WL-B2F-12220,wall,0.1078,0.431,0.862,0.125
WL-B2F-12221,wall,0.0776,0.31,0.621,0.09
WL-B2F-12222,wall,2.139,8.556,17.112,2.48
WL-B2F-12223,wall,1.1812,4.744,9.487,1.375
WL-B2F-12224,wall,0.453,2.475,4.951,0.717
WL-B2F-12225,wall,1.3929,5.572,11.144,1.615
WL-B2F-12226,wall,1.469,5.9,11.799,1.71
WL-B2F-12227,wall,1.469,5.9,11.799,1.71
WL-B2F-12228,wall,2.7146,10.902,21.804,3.16
WL-B2F-12229,wall,1.804,7.245,14.49,2.1
WL-B2F-12230,wall,0.6915,2.777,5.554,0.805
WL-B2F-12231,wall,0.828,3.312,6.624,0.96
WL-B2F-12232,wall,0.2717,1.087,2.173,0.315
WL-B2F-12233,wall,0.8366,3.347,6.693,0.97
WL-B2F-12234,wall,0.0,0.0,0.0,0.0
WL-B2F-12235,wall,0.0,0.0,0.0,0.0
WL-B2F-12236,wall,0.0,0.0,0.0,0.0
WL-B2F-12237,wall,0.2362,0.949,1.897,0.275
WL-B2F-12238,wall,2.6287,10.557,21.114,3.06
WL-B2F-12239,wall,3.0754,12.351,24.702,3.58
WL-B2F-12240,wall,0.0,0.0,0.0,0.0
WL-B2F-12241,wall,0.0,0.0,0.0,0.0
WL-B2F-12242,wall,0.0,0.0,0.0,0.0
WL-B2F-12243,wall,1.0997,4.399,8.798,1.275
WL-B2F-12244,wall,1.8513,7.435,14.87,2.155
WL-B2F-12245,wall,1.6129,6.452,12.903,1.87
WL-B2F-12246,wall,0.5355,2.691,5.382,0.78
WL-B2F-12247,wall,0.5382,2.691,5.382,0.78
WL-B2F-12248,wall,2.0617,8.28,16.56,2.4
WL-B2F-12249,wall,0.9867,4.934,9.867,1.43
WL-B2F-12250,wall,0.5382,2.691,5.382,0.78
WL-B2F-12251,wall,0.4519,2.26,4.519,0.655
WL-B2F-12252,wall,2.0617,8.28,16.56,2.4
WL-B2F-12253,wall,0.0,0.0,0.0,0.0
WL-B2F-12254,wall,0.5326,2.139,4.278,0.62
WL-B2F-12255,wall,0.0,0.0,0.0,0.0
WL-B2F-12256,wall,0.0,0.0,0.0,0.0
WL-B2F-12257,wall,0.0,0.0,0.0,0.0
WL-B2F-12258,wall,0.0,0.0,0.0,0.0
WL-B2F-12259,wall,0.0,0.0,0.0,0.0
WL-B2F-12260,wall,0.0644,0.259,0.517,0.075
WL-B2F-12261,wall,0.5584,2.242,4.485,0.65
WL-B2F-12262,wall,1.1168,4.485,8.97,1.3
WL-B2F-12263,wall,0.5111,2.053,4.105,0.595
WL-B2F-12264,wall,2.0786,8.348,16.696,2.42
WL-B2F-12265,wall,0.0,0.0,0.0,0.0
WL-B2F-12266,wall,0.0,0.0,0.0,0.0
WL-B2F-12267,wall,0.0,0.0,0.0,0.0
WL-B2F-12268,wall,0.0,0.0,0.0,0.0
WL-B2F-12269,wall,0.0,0.0,0.0,0.0
WL-B2F-12270,wall,0.2362,0.949,1.897,0.275
WL-B2F-12271,wall,0.0636,0.256,0.511,0.074
WL-B2F-12272,wall,0.7388,2.967,5.934,0.86
WL-B2F-12273,wall,0.058,0.233,0.466,0.067
WL-B2F-12274,wall,0.0,0.0,0.0,0.0
WL-B2F-12275,wall,0.0,0.0,0.0,0.0
WL-B2F-12276,wall,0.0,0.0,0.0,0.0
WL-B2F-12277,wall,1.0479,4.192,8.383,1.215
WL-B2F-12278,wall,1.2456,5.003,10.005,1.45
WL-B2F-12279,wall,2.6091,10.436,20.872,3.025
WL-B2F-12280,wall,3.1055,12.472,24.944,3.615
WL-B2F-12281,wall,1.2247,4.899,9.798,1.42
WL-B2F-12282,wall,1.1558,4.623,9.246,1.34
WL-B2F-12283,wall,0.0863,0.345,0.69,0.1
WL-B2F-12284,wall,1.7138,6.883,13.765,1.995
WL-B2F-12285,wall,1.469,5.899,11.799,1.71
WL-B2F-12286,wall,0.451,1.811,3.623,0.525
WL-B2F-12287,wall,0.9664,3.881,7.762,1.125
WL-B2F-12288,wall,0.6744,2.708,5.416,0.785
WL-B2F-12289,wall,0.3019,1.207,2.415,0.35
WL-B2F-12290,wall,0.2105,0.845,1.69,0.245
WL-B2F-12291,wall,0.4768,1.915,3.829,0.555
WL-B2F-12292,wall,1.7009,6.831,13.662,1.98
WL-B2F-12293,wall,2.7146,10.902,21.804,3.16
WL-B2F-12294,wall,1.1812,4.744,9.487,1.375
WL-B2F-12295,wall,0.3666,1.466,2.933,0.425
WL-B2F-12296,wall,0.451,1.811,3.622,0.525
WL-B2F-12297,wall,0.6339,2.536,5.072,0.735
WL-B2F-12298,wall,0.5428,2.171,4.343,0.629
WL-B2F-12299,wall,0.335,1.345,2.691,0.39
WL-B2F-12300,wall,1.2506,5.003,10.005,1.45
WL-B2F-12301,wall,1.6948,6.779,13.558,1.965
WL-B2F-12302,wall,1.3874,5.572,11.143,1.615
WL-B2F-12303,wall,2.139,8.556,17.112,2.48
WL-B2F-12304,wall,1.804,7.245,14.49,2.1
WL-B2F-12305,wall,1.2075,4.83,9.66,1.4
WL-B2F-12306,wall,1.469,5.9,11.799,1.71
WL-B2F-12307,wall,0.2105,0.845,1.691,0.245
WL-B2F-12308,wall,0.4768,1.915,3.829,0.555
WL-B2F-12309,wall,1.804,7.245,14.49,2.1
WL-B2F-12310,wall,1.0824,4.347,8.694,1.26
WL-B2F-12311,wall,2.7146,10.902,21.804,3.16
WL-B2F-12312,wall,0.713,2.864,5.727,0.83
WL-B2F-12313,wall,1.7525,7.038,14.076,2.04
WL-B2F-12314,wall,1.0352,4.157,8.314,1.205
WL-B2F-12315,wall,1.7379,6.952,13.903,2.015
WL-B2F-12316,wall,0.6555,2.622,5.244,0.76
WL-B2F-12317,wall,1.2199,4.899,9.798,1.42
WL-B2F-12318,wall,1.38,5.52,11.04,1.6
WL-B2F-12319,wall,1.804,7.245,14.49,2.1
WL-B2F-12320,wall,0.3651,1.466,2.933,0.425
WL-B2F-12321,wall,0.5355,2.691,5.382,0.78
WL-B2F-12322,wall,0.9867,4.934,9.867,1.43
WL-B2F-12323,wall,0.4497,2.26,4.519,0.655
WL-B2F-12324,wall,2.0617,8.28,16.56,2.4
WL-B2F-12325,wall,6.7227,26.891,53.782,7.794
WL-B2F-12326,wall,0.452,2.26,4.52,0.655
WL-B2F-12327,wall,0.5382,2.691,5.382,0.78
WL-B2F-12328,wall,2.07,8.28,16.56,2.4
WL-B2F-12329,wall,0.3651,1.466,2.933,0.425
WL-B2F-12330,wall,0.1078,0.431,0.862,0.125
WL-B2F-12331,wall,0.1074,0.431,0.863,0.125
WL-B2F-12332,wall,0.058,0.233,0.466,0.067
WL-B2F-12333,wall,0.0,0.0,0.0,0.0
WL-B2F-12334,wall,0.0,0.0,0.0,0.0
WL-B2F-12335,wall,1.6301,6.521,13.041,1.89
WL-B2F-12336,wall,1.2506,5.003,10.005,1.45
WL-B2F-12337,wall,0.2372,0.949,1.897,0.275
WL-B2F-12338,wall,1.1212,4.485,8.97,1.3
WL-B2F-12339,wall,0.3968,1.587,3.174,0.46
WL-B2F-12340,wall,0.8711,3.485,6.969,1.01
WL-B2F-12341,wall,1.1816,4.727,9.453,1.37
WL-B2F-12342,wall,0.5348,2.139,4.278,0.62
WL-B2F-12343,wall,3.7748,15.099,30.199,4.377
WL-B2F-12344,wall,1.3745,5.52,11.04,1.6
WL-B2F-12345,wall,0.2191,0.862,1.725,0.25
WL-B2F-12346,wall,0.3277,1.311,2.622,0.38
WL-B2F-12347,wall,0.0293,0.117,0.234,0.034
WL-B2F-12348,wall,6.7757,27.103,54.206,7.856
WL-B2F-12349,wall,0.0559,0.224,0.449,0.065
WL-B2F-12350,wall,6.006,24.121,48.241,6.991
WL-B2F-12351,wall,0.0,0.0,0.0,0.0
WL-B2F-12352,wall,0.0,0.0,0.0,0.0
WL-B2F-12353,wall,0.0,0.0,0.0,0.0
WL-B2F-12354,wall,0.7302,2.933,5.865,0.85
WL-B2F-12355,wall,2.6091,10.436,20.872,3.025
WL-B2F-12356,wall,2.0317,8.159,16.318,2.365
WL-B2F-12357,wall,1.1812,4.744,9.487,1.375
WL-B2F-12358,wall,0.2803,1.121,2.243,0.325
WL-B2F-12359,wall,0.451,1.811,3.623,0.525
WL-B2F-12360,wall,0.6339,2.536,5.072,0.735
WL-B2F-12361,wall,0.3651,1.466,2.932,0.425
WL-B2F-12362,wall,0.335,1.345,2.691,0.39
WL-B2F-12363,wall,1.2506,5.002,10.005,1.45
WL-B2F-12364,wall,1.3239,5.296,10.592,1.535
WL-B2F-12365,wall,1.5807,6.348,12.696,1.84
WL-B2F-12366,wall,1.3874,5.572,11.143,1.615
WL-B2F-12367,wall,0.2212,0.888,1.777,0.258
WL-B2F-12368,wall,1.3745,5.52,11.04,1.6
WL-B2F-12369,wall,2.139,8.556,17.112,2.48
WL-B2F-12370,wall,1.804,7.245,14.49,2.1
WL-B2F-12371,wall,1.2027,4.83,9.66,1.4
WL-B2F-12372,wall,1.469,5.9,11.799,1.71
WL-B2F-12373,wall,0.2105,0.845,1.691,0.245
WL-B2F-12374,wall,0.4768,1.915,3.829,0.555
WL-B2F-12375,wall,1.804,7.245,14.49,2.1
WL-B2F-12376,wall,1.0867,4.347,8.694,1.26
WL-B2F-12377,wall,2.7255,10.902,21.804,3.16
WL-B2F-12378,wall,0.7159,2.864,5.727,0.83
WL-B2F-12379,wall,1.7525,7.038,14.076,2.04
WL-B2F-12380,wall,1.469,5.899,11.799,1.71
WL-B2F-12381,wall,0.2105,0.845,1.691,0.245
WL-B2F-12382,wall,0.4768,1.915,3.829,0.555
WL-B2F-12383,wall,1.804,7.245,14.49,2.1
WL-B2F-12384,wall,0.5197,2.087,4.175,0.605
WL-B2F-12385,wall,2.7146,10.902,21.804,3.16
WL-B2F-12386,wall,1.2808,5.123,10.247,1.485
WL-B2F-12387,wall,0.6185,2.484,4.968,0.72
WL-B2F-12388,wall,0.4528,1.811,3.622,0.525
WL-B2F-12389,wall,0.9664,3.881,7.762,1.125
WL-B2F-12390,wall,0.3007,1.207,2.415,0.35
WL-B2F-12391,wall,1.8544,7.417,14.835,2.15
WL-B2F-12392,wall,1.7525,7.038,14.076,2.04
WL-B2F-12393,wall,0.1374,0.552,1.104,0.16
WL-B2F-12394,wall,3.9387,15.818,31.637,4.585
WL-B2F-12395,wall,0.452,2.26,4.52,0.655
WL-B2F-12396,wall,0.5382,2.691,5.382,0.78
WL-B2F-12397,wall,2.07,8.28,16.56,2.4
WL-B2F-12398,wall,0.3651,1.466,2.933,0.425
WL-B2F-12399,wall,1.2585,5.054,10.109,1.465
WL-B2F-12400,wall,1.0393,4.157,8.315,1.205
WL-B2F-12401,wall,1.6948,6.779,13.559,1.965
WL-B2F-12402,wall,1.3929,5.572,11.143,1.615
WL-B2F-12403,wall,0.5584,2.243,4.485,0.65
WL-B2F-12404,wall,0.5197,2.087,4.174,0.605
WL-B2F-12405,wall,1.38,5.52,11.04,1.6
WL-B2F-12406,wall,2.139,8.556,17.112,2.48
WL-B2F-12407,wall,1.9586,7.866,15.732,2.28
WL-B2F-12408,wall,0.3651,1.466,2.933,0.425
WL-B2F-12409,wall,0.4497,2.26,4.52,0.655
WL-B2F-12410,wall,0.5382,2.691,5.382,0.78
WL-B2F-12411,wall,2.07,8.28,16.56,2.4
WL-B2F-12412,wall,0.9867,4.933,9.867,1.43
WL-B2F-12413,wall,0.4497,2.26,4.519,0.655
WL-B2F-12414,wall,2.0617,8.28,16.56,2.4
WL-B2F-12415,wall,0.0,0.0,0.0,0.0
WL-B2F-12416,wall,0.0,0.0,0.0,0.0
WL-B2F-12417,wall,0.0,0.0,0.0,0.0
WL-B2F-12418,wall,0.0,0.0,0.0,0.0
WL-B2F-12419,wall,0.1984,0.793,1.587,0.23
SL-B2F-0001,slab,7.4641,49.761,49.761,0.0
SL-B2F-0002,slab,7.812,52.08,52.08,0.0
SL-B2F-0003,slab,8.2815,55.21,55.21,0.0
SL-B2F-0004,slab,8.052,53.68,53.68,0.0
SL-B2F-0005,slab,81.2548,541.699,541.699,0.0
SL-B2F-0006,slab,8.052,53.68,53.68,0.0
SL-B2F-0007,slab,7.2346,48.231,48.231,0.0
SL-B2F-0008,slab,16.5404,110.269,110.269,0.0
SL-B2F-0009,slab,55.3449,368.966,368.966,0.0
SL-B2F-0010,slab,130.2626,868.417,868.417,0.0
SL-B2F-0011,slab,81.296,541.974,541.974,0.0
SL-B2F-0012,slab,33.8391,225.594,225.594,0.0
SL-B2F-0013,slab,0.3276,2.184,2.184,0.0
SL-B2F-0014,slab,7.5825,50.55,50.55,0.0
SL-B2F-0015,slab,130.2626,868.417,868.417,0.0
SL-B2F-0016,slab,133.8491,892.327,892.327,0.0
SL-B2F-0017,slab,133.8491,892.327,892.327,0.0
SL-B2F-0018,slab,131.6347,877.564,877.564,0.0
SL-B2F-0019,slab,2.3585,15.723,15.723,0.0
SL-B2F-0020,slab,1.7955,11.97,11.97,0.0
SL-B2F-0021,slab,1.791,11.94,11.94,0.0
SL-B2F-0022,slab,0.1,0.667,0.667,0.0
SL-B2F-0023,slab,0.1,0.667,0.667,0.0
SL-B2F-0024,slab,0.1,0.667,0.667,0.0
SL-B2F-0025,slab,0.1,0.667,0.667,0.0
SL-B2F-0026,slab,0.1,0.667,0.667,0.0
SL-B2F-0027,slab,0.1,0.667,0.667,0.0
SL-B2F-0028,slab,0.1,0.667,0.667,0.0
SL-B2F-0029,slab,11.8173,78.782,78.782,0.0
SL-B2F-0030,slab,0.7484,4.99,4.99,0.0
SL-B2F-0031,slab,0.1,0.667,0.667,0.0
SL-B2F-0032,slab,0.1,0.667,0.667,0.0
SL-B2F-0033,slab,0.1,0.667,0.667,0.0
SL-B2F-0034,slab,0.1,0.667,0.667,0.0
SL-B2F-0035,slab,0.1,0.667,0.667,0.0
SL-B2F-0036,slab,0.1,0.667,0.667,0.0
SL-B2F-0037,slab,0.1,0.667,0.667,0.0
SL-B2F-0038,slab,0.1,0.667,0.667,0.0
SL-B2F-0039,slab,0.1,0.667,0.667,0.0
SL-B2F-0040,slab,0.1,0.667,0.667,0.0
SL-B2F-0041,slab,0.1,0.667,0.667,0.0
SL-B2F-0042,slab,0.1,0.667,0.667,0.0
SL-B2F-0043,slab,0.1,0.667,0.667,0.0
SL-B2F-0044,slab,0.1,0.667,0.667,0.0
SL-B2F-0045,slab,0.1,0.667,0.667,0.0
SL-B2F-0046,slab,177.3349,1182.233,1182.233,0.0
SL-B2F-0047,slab,0.1,0.667,0.667,0.0
SL-B2F-0048,slab,0.1,0.667,0.667,0.0
SL-B2F-0049,slab,0.1,0.667,0.667,0.0
SL-B2F-0050,slab,0.1,0.667,0.667,0.0
SL-B2F-0051,slab,0.1,0.667,0.667,0.0
SL-B2F-0052,slab,0.1,0.667,0.667,0.0
SL-B2F-0053,slab,0.1,0.667,0.667,0.0
SL-B2F-0054,slab,0.1,0.667,0.667,0.0
SL-B2F-0055,slab,0.1,0.667,0.667,0.0
SL-B2F-0056,slab,0.1,0.667,0.667,0.0
SL-B2F-0057,slab,0.1,0.667,0.667,0.0
SL-B2F-0058,slab,0.1,0.667,0.667,0.0
SL-B2F-0059,slab,0.1,0.667,0.667,0.0
FND-B2F-0001,foundation,56.925,0.0,58.65,0.0
FND-B2F-0002,foundation,95.1226,0.0,72.505,0.0
